{
    "CGLD-EUR": [
        {
            "time": "02.12.2020 23:42",
            "open": "1.5102",
            "high": "1.5102",
            "low": "1.5102",
            "close": "1.5119"
        },
        {
            "time": "03.12.2020 00:00",
            "open": "1.5119",
            "high": "1.5119",
            "low": "1.5119",
            "close": "1.5186"
        },
        {
            "time": "03.12.2020 00:02",
            "open": "1.5248",
            "high": "1.5248",
            "low": "1.5248",
            "close": "1.5201"
        },
        {
            "time": "03.12.2020 00:14",
            "open": "1.5201",
            "high": "1.5201",
            "low": "1.5201",
            "close": "1.52"
        },
        {
            "time": "03.12.2020 00:15",
            "open": "1.52",
            "high": "1.52",
            "low": "1.5193",
            "close": "1.5249"
        },
        {
            "time": "03.12.2020 00:16",
            "open": "1.5249",
            "high": "1.5273",
            "low": "1.5249",
            "close": "1.5175"
        },
        {
            "time": "03.12.2020 00:25",
            "open": "1.5175",
            "high": "1.5175",
            "low": "1.5175",
            "close": "1.506"
        },
        {
            "time": "03.12.2020 00:32",
            "open": "1.506",
            "high": "1.506",
            "low": "1.506",
            "close": "1.5118"
        },
        {
            "time": "03.12.2020 00:36",
            "open": "1.5118",
            "high": "1.5118",
            "low": "1.5118",
            "close": "1.5118"
        },
        {
            "time": "03.12.2020 00:37",
            "open": "1.5118",
            "high": "1.5118",
            "low": "1.5118",
            "close": "1.5065"
        },
        {
            "time": "03.12.2020 00:38",
            "open": "1.5065",
            "high": "1.5065",
            "low": "1.5064",
            "close": "1.5063"
        },
        {
            "time": "03.12.2020 00:40",
            "open": "1.5063",
            "high": "1.5063",
            "low": "1.5063",
            "close": "1.5119"
        },
        {
            "time": "03.12.2020 00:42",
            "open": "1.5119",
            "high": "1.5119",
            "low": "1.5119",
            "close": "1.5076"
        },
        {
            "time": "03.12.2020 00:45",
            "open": "1.5076",
            "high": "1.5076",
            "low": "1.5076",
            "close": "1.5076"
        },
        {
            "time": "03.12.2020 00:46",
            "open": "1.5076",
            "high": "1.5076",
            "low": "1.5076",
            "close": "1.5249"
        },
        {
            "time": "03.12.2020 01:02",
            "open": "1.5249",
            "high": "1.5289",
            "low": "1.5223",
            "close": "1.5231"
        },
        {
            "time": "03.12.2020 01:03",
            "open": "1.5231",
            "high": "1.5232",
            "low": "1.5229",
            "close": "1.5219"
        },
        {
            "time": "03.12.2020 01:04",
            "open": "1.5219",
            "high": "1.522",
            "low": "1.5219",
            "close": "1.522"
        },
        {
            "time": "03.12.2020 01:05",
            "open": "1.522",
            "high": "1.522",
            "low": "1.522",
            "close": "1.5243"
        },
        {
            "time": "03.12.2020 01:11",
            "open": "1.5243",
            "high": "1.5243",
            "low": "1.5243",
            "close": "1.5189"
        },
        {
            "time": "03.12.2020 01:19",
            "open": "1.5189",
            "high": "1.5189",
            "low": "1.5189",
            "close": "1.5175"
        },
        {
            "time": "03.12.2020 01:22",
            "open": "1.5175",
            "high": "1.5175",
            "low": "1.5175",
            "close": "1.5257"
        },
        {
            "time": "03.12.2020 01:26",
            "open": "1.5257",
            "high": "1.5257",
            "low": "1.5257",
            "close": "1.52"
        },
        {
            "time": "03.12.2020 01:40",
            "open": "1.52",
            "high": "1.52",
            "low": "1.52",
            "close": "1.5124"
        },
        {
            "time": "03.12.2020 01:42",
            "open": "1.5124",
            "high": "1.5124",
            "low": "1.5124",
            "close": "1.5081"
        },
        {
            "time": "03.12.2020 01:49",
            "open": "1.5081",
            "high": "1.514",
            "low": "1.5081",
            "close": "1.5066"
        },
        {
            "time": "03.12.2020 01:54",
            "open": "1.5066",
            "high": "1.5066",
            "low": "1.506",
            "close": "1.5015"
        },
        {
            "time": "03.12.2020 01:57",
            "open": "1.5015",
            "high": "1.5015",
            "low": "1.5015",
            "close": "1.5048"
        },
        {
            "time": "03.12.2020 01:58",
            "open": "1.5048",
            "high": "1.5048",
            "low": "1.5048",
            "close": "1.5019"
        },
        {
            "time": "03.12.2020 02:11",
            "open": "1.5019",
            "high": "1.5019",
            "low": "1.5019",
            "close": "1.5016"
        },
        {
            "time": "03.12.2020 02:29",
            "open": "1.5016",
            "high": "1.5016",
            "low": "1.5016",
            "close": "1.5016"
        },
        {
            "time": "03.12.2020 02:30",
            "open": "1.5016",
            "high": "1.5016",
            "low": "1.5016",
            "close": "1.5098"
        },
        {
            "time": "03.12.2020 02:33",
            "open": "1.5098",
            "high": "1.5108",
            "low": "1.5098",
            "close": "1.5109"
        },
        {
            "time": "03.12.2020 02:34",
            "open": "1.5109",
            "high": "1.5109",
            "low": "1.5109",
            "close": "1.5109"
        },
        {
            "time": "03.12.2020 02:39",
            "open": "1.5109",
            "high": "1.5109",
            "low": "1.5109",
            "close": "1.5023"
        },
        {
            "time": "03.12.2020 02:45",
            "open": "1.5023",
            "high": "1.5023",
            "low": "1.5023",
            "close": "1.503"
        },
        {
            "time": "03.12.2020 02:50",
            "open": "1.503",
            "high": "1.503",
            "low": "1.503",
            "close": "1.5074"
        },
        {
            "time": "03.12.2020 02:51",
            "open": "1.5074",
            "high": "1.5074",
            "low": "1.5074",
            "close": "1.5135"
        },
        {
            "time": "03.12.2020 03:17",
            "open": "1.5135",
            "high": "1.5135",
            "low": "1.5135",
            "close": "1.5085"
        },
        {
            "time": "03.12.2020 03:19",
            "open": "1.5085",
            "high": "1.5085",
            "low": "1.5085",
            "close": "1.5149"
        },
        {
            "time": "03.12.2020 03:31",
            "open": "1.5149",
            "high": "1.52",
            "low": "1.5149",
            "close": "1.52"
        },
        {
            "time": "03.12.2020 03:47",
            "open": "1.52",
            "high": "1.52",
            "low": "1.52",
            "close": "1.5248"
        },
        {
            "time": "03.12.2020 03:50",
            "open": "1.5248",
            "high": "1.5257",
            "low": "1.5248",
            "close": "1.5205"
        },
        {
            "time": "03.12.2020 03:51",
            "open": "1.5205",
            "high": "1.5205",
            "low": "1.5205",
            "close": "1.5179"
        },
        {
            "time": "03.12.2020 04:34",
            "open": "1.5179",
            "high": "1.5179",
            "low": "1.5179",
            "close": "1.5245"
        },
        {
            "time": "03.12.2020 05:08",
            "open": "1.5245",
            "high": "1.5245",
            "low": "1.5245",
            "close": "1.5245"
        },
        {
            "time": "03.12.2020 05:11",
            "open": "1.5245",
            "high": "1.5245",
            "low": "1.5245",
            "close": "1.5257"
        },
        {
            "time": "03.12.2020 05:23",
            "open": "1.5257",
            "high": "1.5257",
            "low": "1.5257",
            "close": "1.5209"
        },
        {
            "time": "03.12.2020 06:25",
            "open": "1.5209",
            "high": "1.5209",
            "low": "1.5209",
            "close": "1.5201"
        },
        {
            "time": "03.12.2020 06:36",
            "open": "1.5201",
            "high": "1.5201",
            "low": "1.5156",
            "close": "1.5175"
        },
        {
            "time": "03.12.2020 06:41",
            "open": "1.5175",
            "high": "1.5175",
            "low": "1.5175",
            "close": "1.5247"
        },
        {
            "time": "03.12.2020 07:09",
            "open": "1.5247",
            "high": "1.5257",
            "low": "1.5247",
            "close": "1.5145"
        },
        {
            "time": "03.12.2020 08:03",
            "open": "1.5145",
            "high": "1.5145",
            "low": "1.5145",
            "close": "1.5123"
        },
        {
            "time": "03.12.2020 08:10",
            "open": "1.5123",
            "high": "1.5123",
            "low": "1.5123",
            "close": "1.5075"
        },
        {
            "time": "03.12.2020 08:29",
            "open": "1.5075",
            "high": "1.5076",
            "low": "1.5075",
            "close": "1.507"
        },
        {
            "time": "03.12.2020 08:30",
            "open": "1.507",
            "high": "1.507",
            "low": "1.507",
            "close": "1.5129"
        },
        {
            "time": "03.12.2020 08:33",
            "open": "1.5129",
            "high": "1.5129",
            "low": "1.5129",
            "close": "1.506"
        },
        {
            "time": "03.12.2020 08:34",
            "open": "1.506",
            "high": "1.506",
            "low": "1.506",
            "close": "1.502"
        },
        {
            "time": "03.12.2020 08:35",
            "open": "1.502",
            "high": "1.502",
            "low": "1.502",
            "close": "1.5019"
        },
        {
            "time": "03.12.2020 08:37",
            "open": "1.5019",
            "high": "1.5019",
            "low": "1.5019",
            "close": "1.5038"
        },
        {
            "time": "03.12.2020 08:39",
            "open": "1.5038",
            "high": "1.5038",
            "low": "1.5038",
            "close": "1.5101"
        },
        {
            "time": "03.12.2020 08:48",
            "open": "1.5101",
            "high": "1.5108",
            "low": "1.5101",
            "close": "1.5138"
        },
        {
            "time": "03.12.2020 08:49",
            "open": "1.5138",
            "high": "1.5138",
            "low": "1.5138",
            "close": "1.512"
        },
        {
            "time": "03.12.2020 08:51",
            "open": "1.512",
            "high": "1.512",
            "low": "1.5118",
            "close": "1.5152"
        },
        {
            "time": "03.12.2020 08:53",
            "open": "1.5152",
            "high": "1.5152",
            "low": "1.5145",
            "close": "1.5183"
        },
        {
            "time": "03.12.2020 08:55",
            "open": "1.5183",
            "high": "1.5249",
            "low": "1.5183",
            "close": "1.5257"
        },
        {
            "time": "03.12.2020 08:57",
            "open": "1.5257",
            "high": "1.5264",
            "low": "1.5257",
            "close": "1.527"
        },
        {
            "time": "03.12.2020 09:00",
            "open": "1.527",
            "high": "1.527",
            "low": "1.527",
            "close": "1.5259"
        },
        {
            "time": "03.12.2020 09:01",
            "open": "1.5259",
            "high": "1.5259",
            "low": "1.5259",
            "close": "1.5259"
        },
        {
            "time": "03.12.2020 09:02",
            "open": "1.5259",
            "high": "1.5259",
            "low": "1.5259",
            "close": "1.527"
        },
        {
            "time": "03.12.2020 09:08",
            "open": "1.527",
            "high": "1.527",
            "low": "1.527",
            "close": "1.5259"
        },
        {
            "time": "03.12.2020 09:13",
            "open": "1.5259",
            "high": "1.5259",
            "low": "1.5259",
            "close": "1.5252"
        },
        {
            "time": "03.12.2020 09:16",
            "open": "1.5252",
            "high": "1.5252",
            "low": "1.5252",
            "close": "1.5268"
        },
        {
            "time": "03.12.2020 09:20",
            "open": "1.5268",
            "high": "1.5282",
            "low": "1.5268",
            "close": "1.53"
        },
        {
            "time": "03.12.2020 09:31",
            "open": "1.53",
            "high": "1.53",
            "low": "1.53",
            "close": "1.531"
        },
        {
            "time": "03.12.2020 09:34",
            "open": "1.531",
            "high": "1.531",
            "low": "1.531",
            "close": "1.5316"
        },
        {
            "time": "03.12.2020 09:35",
            "open": "1.5316",
            "high": "1.5316",
            "low": "1.5315",
            "close": "1.5337"
        },
        {
            "time": "03.12.2020 09:37",
            "open": "1.5337",
            "high": "1.5337",
            "low": "1.5337",
            "close": "1.534"
        },
        {
            "time": "03.12.2020 09:45",
            "open": "1.534",
            "high": "1.534",
            "low": "1.534",
            "close": "1.5383"
        },
        {
            "time": "03.12.2020 09:51",
            "open": "1.5383",
            "high": "1.5392",
            "low": "1.5383",
            "close": "1.5332"
        },
        {
            "time": "03.12.2020 09:58",
            "open": "1.5332",
            "high": "1.5332",
            "low": "1.5332",
            "close": "1.5336"
        },
        {
            "time": "03.12.2020 10:02",
            "open": "1.5336",
            "high": "1.5336",
            "low": "1.5336",
            "close": "1.5399"
        },
        {
            "time": "03.12.2020 10:13",
            "open": "1.5399",
            "high": "1.5399",
            "low": "1.5399",
            "close": "1.5317"
        },
        {
            "time": "03.12.2020 10:20",
            "open": "1.5317",
            "high": "1.5317",
            "low": "1.527",
            "close": "1.5347"
        },
        {
            "time": "03.12.2020 10:31",
            "open": "1.5347",
            "high": "1.5347",
            "low": "1.5347",
            "close": "1.5256"
        },
        {
            "time": "03.12.2020 10:38",
            "open": "1.5256",
            "high": "1.5256",
            "low": "1.5256",
            "close": "1.5249"
        },
        {
            "time": "03.12.2020 10:46",
            "open": "1.5249",
            "high": "1.5249",
            "low": "1.5249",
            "close": "1.5242"
        },
        {
            "time": "03.12.2020 10:49",
            "open": "1.5242",
            "high": "1.5242",
            "low": "1.5233",
            "close": "1.5233"
        },
        {
            "time": "03.12.2020 10:53",
            "open": "1.5233",
            "high": "1.5233",
            "low": "1.5232",
            "close": "1.5232"
        },
        {
            "time": "03.12.2020 10:54",
            "open": "1.5232",
            "high": "1.5232",
            "low": "1.5232",
            "close": "1.5371"
        },
        {
            "time": "03.12.2020 10:59",
            "open": "1.5371",
            "high": "1.5371",
            "low": "1.5371",
            "close": "1.537"
        },
        {
            "time": "03.12.2020 11:09",
            "open": "1.537",
            "high": "1.5377",
            "low": "1.537",
            "close": "1.5355"
        },
        {
            "time": "03.12.2020 11:13",
            "open": "1.5355",
            "high": "1.5355",
            "low": "1.5355",
            "close": "1.5324"
        },
        {
            "time": "03.12.2020 11:18",
            "open": "1.5324",
            "high": "1.5324",
            "low": "1.529",
            "close": "1.5372"
        },
        {
            "time": "03.12.2020 11:20",
            "open": "1.5372",
            "high": "1.5373",
            "low": "1.5372",
            "close": "1.5328"
        },
        {
            "time": "03.12.2020 11:24",
            "open": "1.5328",
            "high": "1.5329",
            "low": "1.5328",
            "close": "1.5381"
        },
        {
            "time": "03.12.2020 11:30",
            "open": "1.5381",
            "high": "1.5381",
            "low": "1.5381",
            "close": "1.538"
        },
        {
            "time": "03.12.2020 11:32",
            "open": "1.538",
            "high": "1.5408",
            "low": "1.538",
            "close": "1.5389"
        },
        {
            "time": "03.12.2020 11:35",
            "open": "1.5389",
            "high": "1.5389",
            "low": "1.5389",
            "close": "1.5335"
        },
        {
            "time": "03.12.2020 11:38",
            "open": "1.5335",
            "high": "1.5335",
            "low": "1.5334",
            "close": "1.5332"
        },
        {
            "time": "03.12.2020 11:43",
            "open": "1.5332",
            "high": "1.5332",
            "low": "1.5331",
            "close": "1.5325"
        },
        {
            "time": "03.12.2020 11:47",
            "open": "1.5325",
            "high": "1.5325",
            "low": "1.5325",
            "close": "1.5395"
        },
        {
            "time": "03.12.2020 11:50",
            "open": "1.5395",
            "high": "1.5395",
            "low": "1.5395",
            "close": "1.5317"
        },
        {
            "time": "03.12.2020 11:51",
            "open": "1.5317",
            "high": "1.5317",
            "low": "1.5304",
            "close": "1.5313"
        },
        {
            "time": "03.12.2020 11:53",
            "open": "1.5313",
            "high": "1.5313",
            "low": "1.5313",
            "close": "1.5378"
        },
        {
            "time": "03.12.2020 11:55",
            "open": "1.5378",
            "high": "1.5392",
            "low": "1.5378",
            "close": "1.5325"
        },
        {
            "time": "03.12.2020 11:57",
            "open": "1.5325",
            "high": "1.5325",
            "low": "1.5325",
            "close": "1.5264"
        },
        {
            "time": "03.12.2020 12:05",
            "open": "1.5264",
            "high": "1.5264",
            "low": "1.5264",
            "close": "1.5317"
        },
        {
            "time": "03.12.2020 12:07",
            "open": "1.5317",
            "high": "1.5317",
            "low": "1.5317",
            "close": "1.5368"
        },
        {
            "time": "03.12.2020 12:23",
            "open": "1.5368",
            "high": "1.5368",
            "low": "1.5368",
            "close": "1.5372"
        },
        {
            "time": "03.12.2020 12:27",
            "open": "1.5372",
            "high": "1.5372",
            "low": "1.5372",
            "close": "1.5293"
        },
        {
            "time": "03.12.2020 12:28",
            "open": "1.5293",
            "high": "1.5293",
            "low": "1.5293",
            "close": "1.5291"
        },
        {
            "time": "03.12.2020 12:34",
            "open": "1.5291",
            "high": "1.5291",
            "low": "1.5291",
            "close": "1.5359"
        },
        {
            "time": "03.12.2020 12:38",
            "open": "1.5359",
            "high": "1.5362",
            "low": "1.5359",
            "close": "1.5344"
        },
        {
            "time": "03.12.2020 12:43",
            "open": "1.5344",
            "high": "1.5348",
            "low": "1.5344",
            "close": "1.5343"
        },
        {
            "time": "03.12.2020 12:45",
            "open": "1.5282",
            "high": "1.5282",
            "low": "1.5282",
            "close": "1.536"
        },
        {
            "time": "03.12.2020 12:48",
            "open": "1.536",
            "high": "1.536",
            "low": "1.536",
            "close": "1.5295"
        },
        {
            "time": "03.12.2020 12:53",
            "open": "1.5295",
            "high": "1.5295",
            "low": "1.5294",
            "close": "1.5364"
        },
        {
            "time": "03.12.2020 12:58",
            "open": "1.5364",
            "high": "1.5364",
            "low": "1.5364",
            "close": "1.5332"
        },
        {
            "time": "03.12.2020 13:04",
            "open": "1.5332",
            "high": "1.5332",
            "low": "1.5332",
            "close": "1.5334"
        },
        {
            "time": "03.12.2020 13:05",
            "open": "1.5334",
            "high": "1.5334",
            "low": "1.5334",
            "close": "1.5406"
        },
        {
            "time": "03.12.2020 13:06",
            "open": "1.5406",
            "high": "1.5413",
            "low": "1.5406",
            "close": "1.5369"
        },
        {
            "time": "03.12.2020 13:12",
            "open": "1.5369",
            "high": "1.537",
            "low": "1.5369",
            "close": "1.5413"
        },
        {
            "time": "03.12.2020 13:21",
            "open": "1.5413",
            "high": "1.5413",
            "low": "1.5413",
            "close": "1.5432"
        },
        {
            "time": "03.12.2020 13:22",
            "open": "1.5432",
            "high": "1.5432",
            "low": "1.5432",
            "close": "1.5435"
        },
        {
            "time": "03.12.2020 13:23",
            "open": "1.5435",
            "high": "1.5435",
            "low": "1.5434",
            "close": "1.5408"
        },
        {
            "time": "03.12.2020 13:26",
            "open": "1.5408",
            "high": "1.5408",
            "low": "1.537",
            "close": "1.5467"
        },
        {
            "time": "03.12.2020 13:27",
            "open": "1.5467",
            "high": "1.5476",
            "low": "1.5467",
            "close": "1.5438"
        },
        {
            "time": "03.12.2020 13:31",
            "open": "1.5438",
            "high": "1.5438",
            "low": "1.5437",
            "close": "1.5477"
        },
        {
            "time": "03.12.2020 13:32",
            "open": "1.5477",
            "high": "1.5477",
            "low": "1.5477",
            "close": "1.5461"
        },
        {
            "time": "03.12.2020 13:46",
            "open": "1.5461",
            "high": "1.5461",
            "low": "1.5461",
            "close": "1.5462"
        },
        {
            "time": "03.12.2020 13:53",
            "open": "1.5462",
            "high": "1.5462",
            "low": "1.5462",
            "close": "1.5497"
        },
        {
            "time": "03.12.2020 13:54",
            "open": "1.5497",
            "high": "1.5497",
            "low": "1.5462",
            "close": "1.545"
        },
        {
            "time": "03.12.2020 13:56",
            "open": "1.545",
            "high": "1.545",
            "low": "1.545",
            "close": "1.5496"
        },
        {
            "time": "03.12.2020 13:58",
            "open": "1.5496",
            "high": "1.5496",
            "low": "1.5496",
            "close": "1.5443"
        },
        {
            "time": "03.12.2020 13:59",
            "open": "1.5443",
            "high": "1.5443",
            "low": "1.5443",
            "close": "1.5451"
        },
        {
            "time": "03.12.2020 14:09",
            "open": "1.5451",
            "high": "1.5451",
            "low": "1.545",
            "close": "1.5443"
        },
        {
            "time": "03.12.2020 14:11",
            "open": "1.5443",
            "high": "1.5443",
            "low": "1.5443",
            "close": "1.5434"
        },
        {
            "time": "03.12.2020 14:16",
            "open": "1.5434",
            "high": "1.5434",
            "low": "1.5434",
            "close": "1.5472"
        },
        {
            "time": "03.12.2020 14:17",
            "open": "1.5472",
            "high": "1.5472",
            "low": "1.542",
            "close": "1.5497"
        },
        {
            "time": "03.12.2020 14:18",
            "open": "1.5497",
            "high": "1.5497",
            "low": "1.5497",
            "close": "1.5444"
        },
        {
            "time": "03.12.2020 14:26",
            "open": "1.5444",
            "high": "1.5444",
            "low": "1.5444",
            "close": "1.5494"
        },
        {
            "time": "03.12.2020 14:36",
            "open": "1.5494",
            "high": "1.5497",
            "low": "1.5494",
            "close": "1.5471"
        },
        {
            "time": "03.12.2020 14:37",
            "open": "1.5471",
            "high": "1.5471",
            "low": "1.5471",
            "close": "1.5472"
        },
        {
            "time": "03.12.2020 14:42",
            "open": "1.5472",
            "high": "1.5472",
            "low": "1.5472",
            "close": "1.547"
        },
        {
            "time": "03.12.2020 14:43",
            "open": "1.547",
            "high": "1.5497",
            "low": "1.547",
            "close": "1.5497"
        },
        {
            "time": "03.12.2020 14:45",
            "open": "1.5497",
            "high": "1.55",
            "low": "1.5497",
            "close": "1.5479"
        },
        {
            "time": "03.12.2020 14:55",
            "open": "1.5479",
            "high": "1.5479",
            "low": "1.5473",
            "close": "1.5497"
        },
        {
            "time": "03.12.2020 14:56",
            "open": "1.5497",
            "high": "1.5497",
            "low": "1.548",
            "close": "1.5474"
        },
        {
            "time": "03.12.2020 15:03",
            "open": "1.5474",
            "high": "1.5474",
            "low": "1.5452",
            "close": "1.5381"
        },
        {
            "time": "03.12.2020 15:06",
            "open": "1.5381",
            "high": "1.5381",
            "low": "1.5381",
            "close": "1.5381"
        },
        {
            "time": "03.12.2020 15:19",
            "open": "1.5381",
            "high": "1.5381",
            "low": "1.5381",
            "close": "1.5479"
        },
        {
            "time": "03.12.2020 15:29",
            "open": "1.5479",
            "high": "1.5479",
            "low": "1.5479",
            "close": "1.5492"
        },
        {
            "time": "03.12.2020 15:30",
            "open": "1.5492",
            "high": "1.5492",
            "low": "1.5492",
            "close": "1.5527"
        },
        {
            "time": "03.12.2020 15:33",
            "open": "1.5527",
            "high": "1.5528",
            "low": "1.5527",
            "close": "1.5533"
        },
        {
            "time": "03.12.2020 15:34",
            "open": "1.5533",
            "high": "1.5533",
            "low": "1.5533",
            "close": "1.5532"
        },
        {
            "time": "03.12.2020 15:37",
            "open": "1.5532",
            "high": "1.5586",
            "low": "1.5463",
            "close": "1.5531"
        },
        {
            "time": "03.12.2020 15:40",
            "open": "1.5531",
            "high": "1.5531",
            "low": "1.553",
            "close": "1.5521"
        },
        {
            "time": "03.12.2020 15:41",
            "open": "1.5521",
            "high": "1.5521",
            "low": "1.552",
            "close": "1.5518"
        },
        {
            "time": "03.12.2020 15:53",
            "open": "1.5518",
            "high": "1.552",
            "low": "1.5518",
            "close": "1.5515"
        },
        {
            "time": "03.12.2020 15:54",
            "open": "1.5515",
            "high": "1.5515",
            "low": "1.5515",
            "close": "1.552"
        },
        {
            "time": "03.12.2020 15:55",
            "open": "1.552",
            "high": "1.552",
            "low": "1.552",
            "close": "1.5497"
        },
        {
            "time": "03.12.2020 16:17",
            "open": "1.5497",
            "high": "1.5542",
            "low": "1.5497",
            "close": "1.5446"
        },
        {
            "time": "03.12.2020 16:18",
            "open": "1.5446",
            "high": "1.5446",
            "low": "1.5446",
            "close": "1.544"
        },
        {
            "time": "03.12.2020 16:23",
            "open": "1.544",
            "high": "1.544",
            "low": "1.544",
            "close": "1.5482"
        },
        {
            "time": "03.12.2020 16:25",
            "open": "1.5482",
            "high": "1.5483",
            "low": "1.5482",
            "close": "1.5432"
        },
        {
            "time": "03.12.2020 16:30",
            "open": "1.5432",
            "high": "1.5432",
            "low": "1.5432",
            "close": "1.5415"
        },
        {
            "time": "03.12.2020 16:33",
            "open": "1.5415",
            "high": "1.5418",
            "low": "1.5415",
            "close": "1.5418"
        },
        {
            "time": "03.12.2020 16:35",
            "open": "1.5418",
            "high": "1.5418",
            "low": "1.5365",
            "close": "1.5336"
        },
        {
            "time": "03.12.2020 16:37",
            "open": "1.5336",
            "high": "1.5418",
            "low": "1.5336",
            "close": "1.5365"
        },
        {
            "time": "03.12.2020 16:43",
            "open": "1.5365",
            "high": "1.5365",
            "low": "1.5365",
            "close": "1.5404"
        },
        {
            "time": "03.12.2020 16:44",
            "open": "1.5404",
            "high": "1.5423",
            "low": "1.5404",
            "close": "1.5367"
        },
        {
            "time": "03.12.2020 16:47",
            "open": "1.5367",
            "high": "1.5367",
            "low": "1.5367",
            "close": "1.5373"
        },
        {
            "time": "03.12.2020 16:50",
            "open": "1.5373",
            "high": "1.5373",
            "low": "1.5373",
            "close": "1.5374"
        },
        {
            "time": "03.12.2020 16:54",
            "open": "1.5374",
            "high": "1.5374",
            "low": "1.5374",
            "close": "1.5436"
        },
        {
            "time": "03.12.2020 16:55",
            "open": "1.5436",
            "high": "1.5436",
            "low": "1.5436",
            "close": "1.5378"
        },
        {
            "time": "03.12.2020 17:01",
            "open": "1.5378",
            "high": "1.5378",
            "low": "1.5358",
            "close": "1.5509"
        },
        {
            "time": "03.12.2020 17:06",
            "open": "1.5509",
            "high": "1.5541",
            "low": "1.5509",
            "close": "1.5598"
        },
        {
            "time": "03.12.2020 17:08",
            "open": "1.5598",
            "high": "1.5598",
            "low": "1.5542",
            "close": "1.5576"
        },
        {
            "time": "03.12.2020 17:11",
            "open": "1.5576",
            "high": "1.56",
            "low": "1.5576",
            "close": "1.5596"
        },
        {
            "time": "03.12.2020 17:15",
            "open": "1.5596",
            "high": "1.5596",
            "low": "1.5594",
            "close": "1.5596"
        },
        {
            "time": "03.12.2020 17:16",
            "open": "1.5596",
            "high": "1.5596",
            "low": "1.5596",
            "close": "1.5626"
        },
        {
            "time": "03.12.2020 17:17",
            "open": "1.5626",
            "high": "1.5652",
            "low": "1.5626",
            "close": "1.5601"
        },
        {
            "time": "03.12.2020 17:18",
            "open": "1.5601",
            "high": "1.5655",
            "low": "1.5601",
            "close": "1.5613"
        },
        {
            "time": "03.12.2020 17:19",
            "open": "1.5613",
            "high": "1.5613",
            "low": "1.5613",
            "close": "1.5604"
        },
        {
            "time": "03.12.2020 17:20",
            "open": "1.5604",
            "high": "1.5604",
            "low": "1.5604",
            "close": "1.5505"
        },
        {
            "time": "03.12.2020 17:24",
            "open": "1.5505",
            "high": "1.5505",
            "low": "1.5505",
            "close": "1.5506"
        },
        {
            "time": "03.12.2020 17:26",
            "open": "1.5506",
            "high": "1.5506",
            "low": "1.5506",
            "close": "1.5495"
        },
        {
            "time": "03.12.2020 17:29",
            "open": "1.5495",
            "high": "1.5495",
            "low": "1.5495",
            "close": "1.5437"
        },
        {
            "time": "03.12.2020 17:42",
            "open": "1.5437",
            "high": "1.5437",
            "low": "1.5437",
            "close": "1.5387"
        },
        {
            "time": "03.12.2020 17:43",
            "open": "1.5387",
            "high": "1.5387",
            "low": "1.5387",
            "close": "1.5312"
        },
        {
            "time": "03.12.2020 17:44",
            "open": "1.5312",
            "high": "1.5312",
            "low": "1.5312",
            "close": "1.5275"
        },
        {
            "time": "03.12.2020 17:47",
            "open": "1.5275",
            "high": "1.5275",
            "low": "1.5275",
            "close": "1.5312"
        },
        {
            "time": "03.12.2020 17:54",
            "open": "1.5312",
            "high": "1.5312",
            "low": "1.5261",
            "close": "1.5312"
        },
        {
            "time": "03.12.2020 17:56",
            "open": "1.5312",
            "high": "1.5313",
            "low": "1.5312",
            "close": "1.5299"
        },
        {
            "time": "03.12.2020 17:59",
            "open": "1.5299",
            "high": "1.5299",
            "low": "1.5296",
            "close": "1.5252"
        },
        {
            "time": "03.12.2020 18:03",
            "open": "1.5252",
            "high": "1.5252",
            "low": "1.5252",
            "close": "1.5282"
        },
        {
            "time": "03.12.2020 18:09",
            "open": "1.5282",
            "high": "1.5282",
            "low": "1.5282",
            "close": "1.5249"
        },
        {
            "time": "03.12.2020 18:21",
            "open": "1.5249",
            "high": "1.5249",
            "low": "1.5249",
            "close": "1.5295"
        },
        {
            "time": "03.12.2020 18:22",
            "open": "1.5295",
            "high": "1.5296",
            "low": "1.5295",
            "close": "1.5252"
        },
        {
            "time": "03.12.2020 18:23",
            "open": "1.5252",
            "high": "1.5252",
            "low": "1.5252",
            "close": "1.5236"
        },
        {
            "time": "03.12.2020 18:24",
            "open": "1.5236",
            "high": "1.5236",
            "low": "1.5234",
            "close": "1.5234"
        },
        {
            "time": "03.12.2020 18:28",
            "open": "1.5234",
            "high": "1.5234",
            "low": "1.5233",
            "close": "1.5224"
        },
        {
            "time": "03.12.2020 18:35",
            "open": "1.5224",
            "high": "1.5224",
            "low": "1.5197",
            "close": "1.5162"
        },
        {
            "time": "03.12.2020 18:37",
            "open": "1.5162",
            "high": "1.5162",
            "low": "1.5162",
            "close": "1.5167"
        },
        {
            "time": "03.12.2020 18:39",
            "open": "1.5167",
            "high": "1.5167",
            "low": "1.5167",
            "close": "1.5173"
        },
        {
            "time": "03.12.2020 18:46",
            "open": "1.5173",
            "high": "1.5173",
            "low": "1.5172",
            "close": "1.5202"
        },
        {
            "time": "03.12.2020 18:52",
            "open": "1.5202",
            "high": "1.5202",
            "low": "1.5202",
            "close": "1.5208"
        },
        {
            "time": "03.12.2020 18:59",
            "open": "1.5208",
            "high": "1.5208",
            "low": "1.5208",
            "close": "1.5213"
        },
        {
            "time": "03.12.2020 19:10",
            "open": "1.5213",
            "high": "1.5213",
            "low": "1.5213",
            "close": "1.5204"
        },
        {
            "time": "03.12.2020 19:11",
            "open": "1.5204",
            "high": "1.5204",
            "low": "1.5204",
            "close": "1.5204"
        },
        {
            "time": "03.12.2020 19:12",
            "open": "1.5204",
            "high": "1.5205",
            "low": "1.5204",
            "close": "1.5233"
        },
        {
            "time": "03.12.2020 19:15",
            "open": "1.5233",
            "high": "1.5234",
            "low": "1.5233",
            "close": "1.5205"
        },
        {
            "time": "03.12.2020 19:20",
            "open": "1.5205",
            "high": "1.5205",
            "low": "1.5205",
            "close": "1.5239"
        },
        {
            "time": "03.12.2020 19:21",
            "open": "1.5239",
            "high": "1.526",
            "low": "1.5226",
            "close": "1.5238"
        },
        {
            "time": "03.12.2020 19:22",
            "open": "1.5238",
            "high": "1.5238",
            "low": "1.5238",
            "close": "1.5236"
        },
        {
            "time": "03.12.2020 19:23",
            "open": "1.5236",
            "high": "1.5237",
            "low": "1.5236",
            "close": "1.5237"
        },
        {
            "time": "03.12.2020 19:28",
            "open": "1.5237",
            "high": "1.5239",
            "low": "1.5237",
            "close": "1.5237"
        },
        {
            "time": "03.12.2020 19:29",
            "open": "1.5237",
            "high": "1.5237",
            "low": "1.5237",
            "close": "1.5192"
        },
        {
            "time": "03.12.2020 19:30",
            "open": "1.5192",
            "high": "1.5192",
            "low": "1.5192",
            "close": "1.5193"
        },
        {
            "time": "03.12.2020 19:40",
            "open": "1.5193",
            "high": "1.5193",
            "low": "1.519",
            "close": "1.5193"
        },
        {
            "time": "03.12.2020 19:44",
            "open": "1.5193",
            "high": "1.5193",
            "low": "1.5192",
            "close": "1.5193"
        },
        {
            "time": "03.12.2020 19:48",
            "open": "1.5193",
            "high": "1.5193",
            "low": "1.5192",
            "close": "1.5246"
        },
        {
            "time": "03.12.2020 19:50",
            "open": "1.5246",
            "high": "1.5246",
            "low": "1.5246",
            "close": "1.5232"
        },
        {
            "time": "03.12.2020 19:55",
            "open": "1.5232",
            "high": "1.5232",
            "low": "1.519",
            "close": "1.5237"
        },
        {
            "time": "03.12.2020 19:58",
            "open": "1.5237",
            "high": "1.5237",
            "low": "1.5237",
            "close": "1.5244"
        },
        {
            "time": "03.12.2020 19:59",
            "open": "1.5244",
            "high": "1.5245",
            "low": "1.5195",
            "close": "1.5193"
        },
        {
            "time": "03.12.2020 20:00",
            "open": "1.5193",
            "high": "1.5193",
            "low": "1.5192",
            "close": "1.522"
        },
        {
            "time": "03.12.2020 20:01",
            "open": "1.522",
            "high": "1.522",
            "low": "1.522",
            "close": "1.5221"
        },
        {
            "time": "03.12.2020 20:04",
            "open": "1.5221",
            "high": "1.5221",
            "low": "1.522",
            "close": "1.5221"
        },
        {
            "time": "03.12.2020 20:05",
            "open": "1.5221",
            "high": "1.5221",
            "low": "1.5221",
            "close": "1.5242"
        },
        {
            "time": "03.12.2020 20:06",
            "open": "1.5242",
            "high": "1.5242",
            "low": "1.5215",
            "close": "1.5215"
        },
        {
            "time": "03.12.2020 20:07",
            "open": "1.5215",
            "high": "1.5215",
            "low": "1.5215",
            "close": "1.5215"
        },
        {
            "time": "03.12.2020 20:10",
            "open": "1.5215",
            "high": "1.5215",
            "low": "1.5191",
            "close": "1.5191"
        },
        {
            "time": "03.12.2020 20:12",
            "open": "1.5191",
            "high": "1.523",
            "low": "1.5191",
            "close": "1.5191"
        },
        {
            "time": "03.12.2020 20:13",
            "open": "1.5191",
            "high": "1.5191",
            "low": "1.519",
            "close": "1.5164"
        },
        {
            "time": "03.12.2020 20:16",
            "open": "1.5164",
            "high": "1.5164",
            "low": "1.5164",
            "close": "1.5163"
        },
        {
            "time": "03.12.2020 20:17",
            "open": "1.5163",
            "high": "1.5163",
            "low": "1.5129",
            "close": "1.5155"
        },
        {
            "time": "03.12.2020 20:19",
            "open": "1.5155",
            "high": "1.5155",
            "low": "1.5155",
            "close": "1.5155"
        },
        {
            "time": "03.12.2020 20:25",
            "open": "1.5155",
            "high": "1.5156",
            "low": "1.5155",
            "close": "1.5158"
        },
        {
            "time": "03.12.2020 20:26",
            "open": "1.5158",
            "high": "1.5158",
            "low": "1.5155",
            "close": "1.518"
        },
        {
            "time": "03.12.2020 20:27",
            "open": "1.518",
            "high": "1.518",
            "low": "1.518",
            "close": "1.518"
        },
        {
            "time": "03.12.2020 20:28",
            "open": "1.518",
            "high": "1.518",
            "low": "1.518",
            "close": "1.5226"
        },
        {
            "time": "03.12.2020 20:33",
            "open": "1.5226",
            "high": "1.5226",
            "low": "1.5226",
            "close": "1.5222"
        },
        {
            "time": "03.12.2020 20:35",
            "open": "1.5222",
            "high": "1.5223",
            "low": "1.5222",
            "close": "1.5197"
        },
        {
            "time": "03.12.2020 20:36",
            "open": "1.5197",
            "high": "1.5218",
            "low": "1.5197",
            "close": "1.518"
        },
        {
            "time": "03.12.2020 20:40",
            "open": "1.518",
            "high": "1.518",
            "low": "1.518",
            "close": "1.5181"
        },
        {
            "time": "03.12.2020 20:42",
            "open": "1.5181",
            "high": "1.5181",
            "low": "1.518",
            "close": "1.518"
        },
        {
            "time": "03.12.2020 20:51",
            "open": "1.518",
            "high": "1.518",
            "low": "1.518",
            "close": "1.5193"
        },
        {
            "time": "03.12.2020 20:53",
            "open": "1.5193",
            "high": "1.52",
            "low": "1.518",
            "close": "1.5199"
        },
        {
            "time": "03.12.2020 20:54",
            "open": "1.5199",
            "high": "1.52",
            "low": "1.5199",
            "close": "1.518"
        },
        {
            "time": "03.12.2020 20:55",
            "open": "1.518",
            "high": "1.518",
            "low": "1.518",
            "close": "1.52"
        },
        {
            "time": "03.12.2020 20:57",
            "open": "1.52",
            "high": "1.52",
            "low": "1.52",
            "close": "1.518"
        },
        {
            "time": "03.12.2020 20:58",
            "open": "1.518",
            "high": "1.518",
            "low": "1.5156",
            "close": "1.5156"
        },
        {
            "time": "03.12.2020 20:59",
            "open": "1.5156",
            "high": "1.5156",
            "low": "1.5156",
            "close": "1.516"
        },
        {
            "time": "03.12.2020 21:00",
            "open": "1.516",
            "high": "1.516",
            "low": "1.516",
            "close": "1.5155"
        },
        {
            "time": "03.12.2020 21:01",
            "open": "1.5155",
            "high": "1.5155",
            "low": "1.5155",
            "close": "1.516"
        },
        {
            "time": "03.12.2020 21:02",
            "open": "1.516",
            "high": "1.516",
            "low": "1.5125",
            "close": "1.5126"
        },
        {
            "time": "03.12.2020 21:04",
            "open": "1.5126",
            "high": "1.5126",
            "low": "1.5125",
            "close": "1.5125"
        },
        {
            "time": "03.12.2020 21:05",
            "open": "1.5125",
            "high": "1.5125",
            "low": "1.5125",
            "close": "1.509"
        },
        {
            "time": "03.12.2020 21:06",
            "open": "1.509",
            "high": "1.509",
            "low": "1.509",
            "close": "1.5132"
        },
        {
            "time": "03.12.2020 21:07",
            "open": "1.5132",
            "high": "1.515",
            "low": "1.5132",
            "close": "1.5094"
        },
        {
            "time": "03.12.2020 21:08",
            "open": "1.5094",
            "high": "1.5094",
            "low": "1.5094",
            "close": "1.5075"
        },
        {
            "time": "03.12.2020 21:09",
            "open": "1.5075",
            "high": "1.5075",
            "low": "1.5055",
            "close": "1.508"
        },
        {
            "time": "03.12.2020 21:10",
            "open": "1.508",
            "high": "1.508",
            "low": "1.5044",
            "close": "1.507"
        },
        {
            "time": "03.12.2020 21:11",
            "open": "1.507",
            "high": "1.511",
            "low": "1.5022",
            "close": "1.502"
        },
        {
            "time": "03.12.2020 21:12",
            "open": "1.502",
            "high": "1.5047",
            "low": "1.502",
            "close": "1.5079"
        },
        {
            "time": "03.12.2020 21:13",
            "open": "1.5079",
            "high": "1.508",
            "low": "1.502",
            "close": "1.502"
        },
        {
            "time": "03.12.2020 21:14",
            "open": "1.502",
            "high": "1.502",
            "low": "1.502",
            "close": "1.502"
        },
        {
            "time": "03.12.2020 21:15",
            "open": "1.502",
            "high": "1.5021",
            "low": "1.502",
            "close": "1.5022"
        },
        {
            "time": "03.12.2020 21:16",
            "open": "1.5022",
            "high": "1.507",
            "low": "1.502",
            "close": "1.5022"
        },
        {
            "time": "03.12.2020 21:17",
            "open": "1.5022",
            "high": "1.5022",
            "low": "1.5022",
            "close": "1.5023"
        },
        {
            "time": "03.12.2020 21:19",
            "open": "1.5023",
            "high": "1.5023",
            "low": "1.5023",
            "close": "1.5023"
        },
        {
            "time": "03.12.2020 21:20",
            "open": "1.5023",
            "high": "1.5023",
            "low": "1.5023",
            "close": "1.5069"
        },
        {
            "time": "03.12.2020 21:22",
            "open": "1.5069",
            "high": "1.507",
            "low": "1.5069",
            "close": "1.5026"
        },
        {
            "time": "03.12.2020 21:23",
            "open": "1.5026",
            "high": "1.5028",
            "low": "1.5023",
            "close": "1.5026"
        },
        {
            "time": "03.12.2020 21:26",
            "open": "1.5026",
            "high": "1.5026",
            "low": "1.5026",
            "close": "1.5075"
        },
        {
            "time": "03.12.2020 21:27",
            "open": "1.5075",
            "high": "1.508",
            "low": "1.5075",
            "close": "1.5077"
        },
        {
            "time": "03.12.2020 21:28",
            "open": "1.5077",
            "high": "1.5112",
            "low": "1.5076",
            "close": "1.5099"
        },
        {
            "time": "03.12.2020 21:30",
            "open": "1.5099",
            "high": "1.5112",
            "low": "1.5099",
            "close": "1.51"
        },
        {
            "time": "03.12.2020 21:31",
            "open": "1.51",
            "high": "1.5149",
            "low": "1.5084",
            "close": "1.512"
        },
        {
            "time": "03.12.2020 21:32",
            "open": "1.512",
            "high": "1.512",
            "low": "1.5084",
            "close": "1.52"
        },
        {
            "time": "03.12.2020 21:33",
            "open": "1.52",
            "high": "1.5249",
            "low": "1.52",
            "close": "1.5264"
        },
        {
            "time": "03.12.2020 21:34",
            "open": "1.5264",
            "high": "1.5264",
            "low": "1.5242",
            "close": "1.53"
        },
        {
            "time": "03.12.2020 21:35",
            "open": "1.53",
            "high": "1.537",
            "low": "1.53",
            "close": "1.5298"
        },
        {
            "time": "03.12.2020 21:36",
            "open": "1.5298",
            "high": "1.537",
            "low": "1.5298",
            "close": "1.537"
        },
        {
            "time": "03.12.2020 21:37",
            "open": "1.537",
            "high": "1.555",
            "low": "1.537",
            "close": "1.5471"
        },
        {
            "time": "03.12.2020 21:38",
            "open": "1.5471",
            "high": "1.5646",
            "low": "1.5471",
            "close": "1.5513"
        },
        {
            "time": "03.12.2020 21:39",
            "open": "1.5513",
            "high": "1.5515",
            "low": "1.5502",
            "close": "1.5514"
        },
        {
            "time": "03.12.2020 21:40",
            "open": "1.5514",
            "high": "1.5522",
            "low": "1.5514",
            "close": "1.5513"
        },
        {
            "time": "03.12.2020 21:42",
            "open": "1.5513",
            "high": "1.5587",
            "low": "1.5511",
            "close": "1.5521"
        },
        {
            "time": "03.12.2020 21:43",
            "open": "1.5521",
            "high": "1.5521",
            "low": "1.5521",
            "close": "1.5521"
        },
        {
            "time": "03.12.2020 21:44",
            "open": "1.5521",
            "high": "1.5679",
            "low": "1.5516",
            "close": "1.5648"
        },
        {
            "time": "03.12.2020 21:45",
            "open": "1.5648",
            "high": "1.5649",
            "low": "1.5648",
            "close": "1.543"
        },
        {
            "time": "03.12.2020 21:46",
            "open": "1.543",
            "high": "1.543",
            "low": "1.5427",
            "close": "1.5404"
        },
        {
            "time": "03.12.2020 21:47",
            "open": "1.5404",
            "high": "1.5404",
            "low": "1.5404",
            "close": "1.532"
        },
        {
            "time": "03.12.2020 21:50",
            "open": "1.532",
            "high": "1.532",
            "low": "1.532",
            "close": "1.5271"
        },
        {
            "time": "03.12.2020 21:51",
            "open": "1.527",
            "high": "1.527",
            "low": "1.5201",
            "close": "1.5178"
        },
        {
            "time": "03.12.2020 21:52",
            "open": "1.5178",
            "high": "1.5181",
            "low": "1.5178",
            "close": "1.5178"
        },
        {
            "time": "03.12.2020 21:53",
            "open": "1.5178",
            "high": "1.5178",
            "low": "1.5178",
            "close": "1.5119"
        },
        {
            "time": "03.12.2020 21:55",
            "open": "1.5119",
            "high": "1.5119",
            "low": "1.5074",
            "close": "1.5105"
        },
        {
            "time": "03.12.2020 21:56",
            "open": "1.5105",
            "high": "1.517",
            "low": "1.5105",
            "close": "1.511"
        },
        {
            "time": "03.12.2020 21:57",
            "open": "1.511",
            "high": "1.511",
            "low": "1.5108",
            "close": "1.5074"
        },
        {
            "time": "03.12.2020 21:58",
            "open": "1.5074",
            "high": "1.5074",
            "low": "1.5074",
            "close": "1.5074"
        },
        {
            "time": "03.12.2020 21:59",
            "open": "1.5074",
            "high": "1.5074",
            "low": "1.5074",
            "close": "1.5075"
        },
        {
            "time": "03.12.2020 22:01",
            "open": "1.5075",
            "high": "1.5075",
            "low": "1.5074",
            "close": "1.5099"
        },
        {
            "time": "03.12.2020 22:02",
            "open": "1.5099",
            "high": "1.5112",
            "low": "1.5099",
            "close": "1.5081"
        },
        {
            "time": "03.12.2020 22:03",
            "open": "1.5081",
            "high": "1.5081",
            "low": "1.506",
            "close": "1.5063"
        },
        {
            "time": "03.12.2020 22:04",
            "open": "1.5063",
            "high": "1.5063",
            "low": "1.5063",
            "close": "1.507"
        },
        {
            "time": "03.12.2020 22:05",
            "open": "1.507",
            "high": "1.507",
            "low": "1.507",
            "close": "1.5069"
        },
        {
            "time": "03.12.2020 22:06",
            "open": "1.5069",
            "high": "1.5071",
            "low": "1.5069",
            "close": "1.5068"
        },
        {
            "time": "03.12.2020 22:07",
            "open": "1.5068",
            "high": "1.5079",
            "low": "1.5068",
            "close": "1.508"
        },
        {
            "time": "03.12.2020 22:10",
            "open": "1.508",
            "high": "1.508",
            "low": "1.5079",
            "close": "1.5068"
        },
        {
            "time": "03.12.2020 22:11",
            "open": "1.5068",
            "high": "1.5068",
            "low": "1.5068",
            "close": "1.5068"
        },
        {
            "time": "03.12.2020 22:12",
            "open": "1.5068",
            "high": "1.5068",
            "low": "1.5068",
            "close": "1.5068"
        },
        {
            "time": "03.12.2020 22:15",
            "open": "1.5068",
            "high": "1.5068",
            "low": "1.5043",
            "close": "1.5042"
        },
        {
            "time": "03.12.2020 22:16",
            "open": "1.5042",
            "high": "1.5077",
            "low": "1.5041",
            "close": "1.5044"
        },
        {
            "time": "03.12.2020 22:18",
            "open": "1.5044",
            "high": "1.5044",
            "low": "1.5044",
            "close": "1.5052"
        },
        {
            "time": "03.12.2020 22:19",
            "open": "1.5052",
            "high": "1.5052",
            "low": "1.5052",
            "close": "1.5117"
        },
        {
            "time": "03.12.2020 22:20",
            "open": "1.5117",
            "high": "1.5118",
            "low": "1.5117",
            "close": "1.51"
        },
        {
            "time": "03.12.2020 22:27",
            "open": "1.51",
            "high": "1.51",
            "low": "1.51",
            "close": "1.5094"
        },
        {
            "time": "03.12.2020 22:28",
            "open": "1.5094",
            "high": "1.5099",
            "low": "1.509",
            "close": "1.5078"
        },
        {
            "time": "03.12.2020 22:29",
            "open": "1.5078",
            "high": "1.51",
            "low": "1.5078",
            "close": "1.5099"
        },
        {
            "time": "03.12.2020 22:30",
            "open": "1.5099",
            "high": "1.514",
            "low": "1.5099",
            "close": "1.5063"
        },
        {
            "time": "03.12.2020 22:35",
            "open": "1.5063",
            "high": "1.5063",
            "low": "1.5062",
            "close": "1.5099"
        },
        {
            "time": "03.12.2020 22:38",
            "open": "1.5099",
            "high": "1.5099",
            "low": "1.5099",
            "close": "1.5063"
        },
        {
            "time": "03.12.2020 22:39",
            "open": "1.5063",
            "high": "1.5063",
            "low": "1.5062",
            "close": "1.506"
        },
        {
            "time": "03.12.2020 22:40",
            "open": "1.506",
            "high": "1.506",
            "low": "1.506",
            "close": "1.5063"
        },
        {
            "time": "03.12.2020 22:41",
            "open": "1.5063",
            "high": "1.5063",
            "low": "1.5062",
            "close": "1.5076"
        },
        {
            "time": "03.12.2020 22:44",
            "open": "1.5076",
            "high": "1.5076",
            "low": "1.5076",
            "close": "1.5091"
        },
        {
            "time": "03.12.2020 22:45",
            "open": "1.5091",
            "high": "1.5104",
            "low": "1.509",
            "close": "1.5076"
        },
        {
            "time": "03.12.2020 22:47",
            "open": "1.5076",
            "high": "1.5076",
            "low": "1.506",
            "close": "1.506"
        },
        {
            "time": "03.12.2020 22:49",
            "open": "1.506",
            "high": "1.506",
            "low": "1.506",
            "close": "1.5162"
        },
        {
            "time": "03.12.2020 22:50",
            "open": "1.5162",
            "high": "1.5162",
            "low": "1.5062",
            "close": "1.506"
        },
        {
            "time": "03.12.2020 22:51",
            "open": "1.506",
            "high": "1.506",
            "low": "1.506",
            "close": "1.5085"
        },
        {
            "time": "03.12.2020 22:52",
            "open": "1.5085",
            "high": "1.5085",
            "low": "1.506",
            "close": "1.506"
        },
        {
            "time": "03.12.2020 22:55",
            "open": "1.506",
            "high": "1.506",
            "low": "1.506",
            "close": "1.5103"
        },
        {
            "time": "03.12.2020 23:01",
            "open": "1.5103",
            "high": "1.512",
            "low": "1.5103",
            "close": "1.511"
        },
        {
            "time": "03.12.2020 23:04",
            "open": "1.511",
            "high": "1.511",
            "low": "1.511",
            "close": "1.5063"
        },
        {
            "time": "03.12.2020 23:05",
            "open": "1.5063",
            "high": "1.5063",
            "low": "1.5063",
            "close": "1.5062"
        },
        {
            "time": "03.12.2020 23:06",
            "open": "1.5062",
            "high": "1.5195",
            "low": "1.5062",
            "close": "1.5202"
        },
        {
            "time": "03.12.2020 23:07",
            "open": "1.5202",
            "high": "1.5258",
            "low": "1.5202",
            "close": "1.5182"
        },
        {
            "time": "03.12.2020 23:08",
            "open": "1.5182",
            "high": "1.5182",
            "low": "1.5182",
            "close": "1.5295"
        },
        {
            "time": "03.12.2020 23:10",
            "open": "1.5295",
            "high": "1.5295",
            "low": "1.5295",
            "close": "1.5387"
        },
        {
            "time": "03.12.2020 23:12",
            "open": "1.5387",
            "high": "1.5387",
            "low": "1.5387",
            "close": "1.5357"
        },
        {
            "time": "03.12.2020 23:13",
            "open": "1.5357",
            "high": "1.5357",
            "low": "1.5357",
            "close": "1.5372"
        },
        {
            "time": "03.12.2020 23:14",
            "open": "1.5372",
            "high": "1.5387",
            "low": "1.5368",
            "close": "1.5335"
        },
        {
            "time": "03.12.2020 23:16",
            "open": "1.5335",
            "high": "1.5335",
            "low": "1.5335",
            "close": "1.5234"
        },
        {
            "time": "03.12.2020 23:21",
            "open": "1.5234",
            "high": "1.5234",
            "low": "1.5234",
            "close": "1.5237"
        },
        {
            "time": "03.12.2020 23:27",
            "open": "1.5237",
            "high": "1.5237",
            "low": "1.5237",
            "close": "1.5233"
        },
        {
            "time": "03.12.2020 23:31",
            "open": "1.5233",
            "high": "1.5233",
            "low": "1.5202",
            "close": "1.5193"
        },
        {
            "time": "03.12.2020 23:33",
            "open": "1.5193",
            "high": "1.5193",
            "low": "1.5193",
            "close": "1.5225"
        },
        {
            "time": "03.12.2020 23:34",
            "open": "1.5225",
            "high": "1.5225",
            "low": "1.5225",
            "close": "1.52"
        },
        {
            "time": "03.12.2020 23:37",
            "open": "1.52",
            "high": "1.52",
            "low": "1.52",
            "close": "1.5201"
        },
        {
            "time": "03.12.2020 23:39",
            "open": "1.5201",
            "high": "1.5209",
            "low": "1.52",
            "close": "1.52"
        },
        {
            "time": "03.12.2020 23:40",
            "open": "1.52",
            "high": "1.52",
            "low": "1.52",
            "close": "1.5202"
        },
        {
            "time": "03.12.2020 23:41",
            "open": "1.5202",
            "high": "1.5202",
            "low": "1.52",
            "close": "1.52"
        },
        {
            "time": "03.12.2020 23:43",
            "open": "1.52",
            "high": "1.52",
            "low": "1.52",
            "close": "1.52"
        },
        {
            "time": "03.12.2020 23:44",
            "open": "1.52",
            "high": "1.52",
            "low": "1.52",
            "close": "1.52"
        },
        {
            "time": "03.12.2020 23:45",
            "open": "1.52",
            "high": "1.52",
            "low": "1.52",
            "close": "1.52"
        },
        {
            "time": "03.12.2020 23:46",
            "open": "1.52",
            "high": "1.5201",
            "low": "1.52",
            "close": "1.5207"
        },
        {
            "time": "03.12.2020 23:50",
            "open": "1.5207",
            "high": "1.5207",
            "low": "1.5207",
            "close": "1.5256"
        },
        {
            "time": "03.12.2020 23:52",
            "open": "1.5256",
            "high": "1.5256",
            "low": "1.5256",
            "close": "1.5202"
        },
        {
            "time": "03.12.2020 23:55",
            "open": "1.5202",
            "high": "1.5216",
            "low": "1.5202",
            "close": "1.52"
        }
    ]
}