{
    "CGLD-EUR": [
        {
            "time": "19.12.2020 23:59",
            "open": "1.3328",
            "high": "1.3356",
            "low": "1.3328",
            "close": "1.3356"
        },
        {
            "time": "20.12.2020 00:00",
            "open": "1.3356",
            "high": "1.3356",
            "low": "1.3356",
            "close": "1.3352"
        },
        {
            "time": "20.12.2020 00:01",
            "open": "1.3352",
            "high": "1.3352",
            "low": "1.3352",
            "close": "1.3339"
        },
        {
            "time": "20.12.2020 00:04",
            "open": "1.3339",
            "high": "1.3339",
            "low": "1.3339",
            "close": "1.3339"
        },
        {
            "time": "20.12.2020 00:07",
            "open": "1.3339",
            "high": "1.3339",
            "low": "1.3339",
            "close": "1.3339"
        },
        {
            "time": "20.12.2020 00:08",
            "open": "1.3339",
            "high": "1.3355",
            "low": "1.3339",
            "close": "1.3334"
        },
        {
            "time": "20.12.2020 00:14",
            "open": "1.3334",
            "high": "1.3345",
            "low": "1.3334",
            "close": "1.3326"
        },
        {
            "time": "20.12.2020 00:17",
            "open": "1.3326",
            "high": "1.335",
            "low": "1.3318",
            "close": "1.3353"
        },
        {
            "time": "20.12.2020 00:19",
            "open": "1.3353",
            "high": "1.3353",
            "low": "1.332",
            "close": "1.3327"
        },
        {
            "time": "20.12.2020 00:20",
            "open": "1.3327",
            "high": "1.3327",
            "low": "1.3321",
            "close": "1.3255"
        },
        {
            "time": "20.12.2020 00:24",
            "open": "1.3267",
            "high": "1.3267",
            "low": "1.3267",
            "close": "1.3307"
        },
        {
            "time": "20.12.2020 12:48",
            "open": "1.307",
            "high": "1.307",
            "low": "1.307",
            "close": "1.3039"
        },
        {
            "time": "20.12.2020 12:55",
            "open": "1.3039",
            "high": "1.3069",
            "low": "1.3039",
            "close": "1.3042"
        },
        {
            "time": "20.12.2020 12:58",
            "open": "1.3042",
            "high": "1.3042",
            "low": "1.3042",
            "close": "1.3043"
        },
        {
            "time": "20.12.2020 12:59",
            "open": "1.3043",
            "high": "1.3043",
            "low": "1.3043",
            "close": "1.3057"
        },
        {
            "time": "20.12.2020 13:00",
            "open": "1.3057",
            "high": "1.3057",
            "low": "1.3057",
            "close": "1.3039"
        },
        {
            "time": "20.12.2020 13:01",
            "open": "1.3039",
            "high": "1.3039",
            "low": "1.3039",
            "close": "1.3072"
        },
        {
            "time": "20.12.2020 13:04",
            "open": "1.3072",
            "high": "1.3072",
            "low": "1.3043",
            "close": "1.307"
        },
        {
            "time": "20.12.2020 13:06",
            "open": "1.307",
            "high": "1.307",
            "low": "1.307",
            "close": "1.3044"
        },
        {
            "time": "20.12.2020 13:07",
            "open": "1.3044",
            "high": "1.3044",
            "low": "1.3044",
            "close": "1.3046"
        },
        {
            "time": "20.12.2020 13:09",
            "open": "1.3046",
            "high": "1.3046",
            "low": "1.3046",
            "close": "1.3041"
        },
        {
            "time": "20.12.2020 13:11",
            "open": "1.3041",
            "high": "1.3046",
            "low": "1.3041",
            "close": "1.3047"
        },
        {
            "time": "20.12.2020 13:14",
            "open": "1.3047",
            "high": "1.3047",
            "low": "1.3047",
            "close": "1.3044"
        },
        {
            "time": "20.12.2020 13:16",
            "open": "1.3044",
            "high": "1.3044",
            "low": "1.3044",
            "close": "1.3044"
        },
        {
            "time": "20.12.2020 13:19",
            "open": "1.3044",
            "high": "1.3044",
            "low": "1.3044",
            "close": "1.3051"
        },
        {
            "time": "20.12.2020 13:27",
            "open": "1.3051",
            "high": "1.3051",
            "low": "1.3051",
            "close": "1.3055"
        },
        {
            "time": "20.12.2020 13:29",
            "open": "1.3055",
            "high": "1.3055",
            "low": "1.3055",
            "close": "1.3087"
        },
        {
            "time": "20.12.2020 13:32",
            "open": "1.3087",
            "high": "1.3094",
            "low": "1.3087",
            "close": "1.3053"
        },
        {
            "time": "20.12.2020 13:33",
            "open": "1.3053",
            "high": "1.3053",
            "low": "1.3053",
            "close": "1.3055"
        },
        {
            "time": "20.12.2020 13:40",
            "open": "1.3055",
            "high": "1.3055",
            "low": "1.3055",
            "close": "1.3084"
        },
        {
            "time": "20.12.2020 13:43",
            "open": "1.3084",
            "high": "1.3084",
            "low": "1.3084",
            "close": "1.309"
        },
        {
            "time": "20.12.2020 13:45",
            "open": "1.309",
            "high": "1.309",
            "low": "1.309",
            "close": "1.3065"
        },
        {
            "time": "20.12.2020 13:46",
            "open": "1.3065",
            "high": "1.3065",
            "low": "1.3065",
            "close": "1.3046"
        },
        {
            "time": "20.12.2020 13:47",
            "open": "1.3046",
            "high": "1.3046",
            "low": "1.3046",
            "close": "1.305"
        },
        {
            "time": "20.12.2020 13:50",
            "open": "1.305",
            "high": "1.305",
            "low": "1.3044",
            "close": "1.305"
        },
        {
            "time": "20.12.2020 13:51",
            "open": "1.305",
            "high": "1.305",
            "low": "1.304",
            "close": "1.3044"
        },
        {
            "time": "20.12.2020 13:52",
            "open": "1.3044",
            "high": "1.3088",
            "low": "1.3044",
            "close": "1.3052"
        },
        {
            "time": "20.12.2020 13:53",
            "open": "1.3052",
            "high": "1.3052",
            "low": "1.3045",
            "close": "1.3046"
        },
        {
            "time": "20.12.2020 13:54",
            "open": "1.3046",
            "high": "1.3046",
            "low": "1.3046",
            "close": "1.3055"
        },
        {
            "time": "20.12.2020 13:55",
            "open": "1.3055",
            "high": "1.3055",
            "low": "1.3047",
            "close": "1.3052"
        },
        {
            "time": "20.12.2020 13:56",
            "open": "1.3052",
            "high": "1.3052",
            "low": "1.3052",
            "close": "1.3052"
        },
        {
            "time": "20.12.2020 13:57",
            "open": "1.3043",
            "high": "1.3043",
            "low": "1.3043",
            "close": "1.3082"
        },
        {
            "time": "20.12.2020 13:59",
            "open": "1.3082",
            "high": "1.3083",
            "low": "1.3082",
            "close": "1.3056"
        },
        {
            "time": "20.12.2020 14:01",
            "open": "1.3056",
            "high": "1.3056",
            "low": "1.3046",
            "close": "1.3056"
        },
        {
            "time": "20.12.2020 14:02",
            "open": "1.3056",
            "high": "1.3056",
            "low": "1.3056",
            "close": "1.3067"
        },
        {
            "time": "20.12.2020 14:04",
            "open": "1.3067",
            "high": "1.3067",
            "low": "1.3045",
            "close": "1.3049"
        },
        {
            "time": "20.12.2020 14:05",
            "open": "1.3091",
            "high": "1.3091",
            "low": "1.3091",
            "close": "1.3043"
        },
        {
            "time": "20.12.2020 14:08",
            "open": "1.3043",
            "high": "1.3043",
            "low": "1.3043",
            "close": "1.3052"
        },
        {
            "time": "20.12.2020 14:10",
            "open": "1.3052",
            "high": "1.3052",
            "low": "1.3052",
            "close": "1.3046"
        },
        {
            "time": "20.12.2020 14:12",
            "open": "1.3046",
            "high": "1.3046",
            "low": "1.3046",
            "close": "1.3086"
        },
        {
            "time": "20.12.2020 14:14",
            "open": "1.3086",
            "high": "1.3093",
            "low": "1.3086",
            "close": "1.305"
        },
        {
            "time": "20.12.2020 14:18",
            "open": "1.305",
            "high": "1.305",
            "low": "1.305",
            "close": "1.3049"
        },
        {
            "time": "20.12.2020 14:19",
            "open": "1.3049",
            "high": "1.3049",
            "low": "1.3048",
            "close": "1.3043"
        },
        {
            "time": "20.12.2020 14:21",
            "open": "1.3043",
            "high": "1.3043",
            "low": "1.3035",
            "close": "1.3039"
        },
        {
            "time": "20.12.2020 14:23",
            "open": "1.3039",
            "high": "1.3039",
            "low": "1.3",
            "close": "1.3"
        },
        {
            "time": "20.12.2020 14:24",
            "open": "1.3",
            "high": "1.3",
            "low": "1.3",
            "close": "1.3"
        },
        {
            "time": "20.12.2020 14:25",
            "open": "1.3",
            "high": "1.3002",
            "low": "1.3",
            "close": "1.3"
        },
        {
            "time": "20.12.2020 14:26",
            "open": "1.3",
            "high": "1.3",
            "low": "1.2887",
            "close": "1.2894"
        },
        {
            "time": "20.12.2020 14:27",
            "open": "1.2894",
            "high": "1.2894",
            "low": "1.2874",
            "close": "1.2862"
        },
        {
            "time": "20.12.2020 14:28",
            "open": "1.2862",
            "high": "1.2862",
            "low": "1.275",
            "close": "1.2752"
        },
        {
            "time": "20.12.2020 14:29",
            "open": "1.2752",
            "high": "1.2752",
            "low": "1.2743",
            "close": "1.2792"
        },
        {
            "time": "20.12.2020 14:30",
            "open": "1.2792",
            "high": "1.2792",
            "low": "1.2752",
            "close": "1.2798"
        },
        {
            "time": "20.12.2020 14:35",
            "open": "1.2823",
            "high": "1.2825",
            "low": "1.2813",
            "close": "1.279"
        },
        {
            "time": "20.12.2020 14:36",
            "open": "1.279",
            "high": "1.28",
            "low": "1.2749",
            "close": "1.2802"
        },
        {
            "time": "20.12.2020 14:37",
            "open": "1.2802",
            "high": "1.2804",
            "low": "1.2802",
            "close": "1.2803"
        },
        {
            "time": "20.12.2020 14:38",
            "open": "1.2803",
            "high": "1.2804",
            "low": "1.2803",
            "close": "1.2796"
        },
        {
            "time": "20.12.2020 14:41",
            "open": "1.2796",
            "high": "1.2796",
            "low": "1.2796",
            "close": "1.2823"
        },
        {
            "time": "20.12.2020 14:42",
            "open": "1.2823",
            "high": "1.2823",
            "low": "1.2796",
            "close": "1.2826"
        },
        {
            "time": "20.12.2020 14:45",
            "open": "1.2826",
            "high": "1.2831",
            "low": "1.2826",
            "close": "1.2804"
        },
        {
            "time": "20.12.2020 14:46",
            "open": "1.2804",
            "high": "1.2804",
            "low": "1.2804",
            "close": "1.284"
        },
        {
            "time": "20.12.2020 14:48",
            "open": "1.284",
            "high": "1.2844",
            "low": "1.283",
            "close": "1.2808"
        },
        {
            "time": "20.12.2020 14:49",
            "open": "1.2808",
            "high": "1.2808",
            "low": "1.2808",
            "close": "1.282"
        },
        {
            "time": "20.12.2020 14:53",
            "open": "1.282",
            "high": "1.285",
            "low": "1.282",
            "close": "1.286"
        },
        {
            "time": "20.12.2020 14:54",
            "open": "1.286",
            "high": "1.286",
            "low": "1.286",
            "close": "1.287"
        },
        {
            "time": "20.12.2020 14:56",
            "open": "1.287",
            "high": "1.287",
            "low": "1.287",
            "close": "1.287"
        },
        {
            "time": "20.12.2020 14:58",
            "open": "1.287",
            "high": "1.287",
            "low": "1.287",
            "close": "1.2878"
        },
        {
            "time": "20.12.2020 15:00",
            "open": "1.2878",
            "high": "1.291",
            "low": "1.2878",
            "close": "1.292"
        },
        {
            "time": "20.12.2020 15:10",
            "open": "1.292",
            "high": "1.292",
            "low": "1.2918",
            "close": "1.291"
        },
        {
            "time": "20.12.2020 15:11",
            "open": "1.291",
            "high": "1.291",
            "low": "1.2904",
            "close": "1.2938"
        },
        {
            "time": "20.12.2020 15:12",
            "open": "1.2938",
            "high": "1.2938",
            "low": "1.2938",
            "close": "1.2938"
        },
        {
            "time": "20.12.2020 15:13",
            "open": "1.2938",
            "high": "1.2938",
            "low": "1.2938",
            "close": "1.2938"
        },
        {
            "time": "20.12.2020 15:15",
            "open": "1.2938",
            "high": "1.2938",
            "low": "1.2938",
            "close": "1.2938"
        },
        {
            "time": "20.12.2020 15:18",
            "open": "1.2938",
            "high": "1.2938",
            "low": "1.2938",
            "close": "1.2966"
        },
        {
            "time": "20.12.2020 15:23",
            "open": "1.2966",
            "high": "1.2966",
            "low": "1.2966",
            "close": "1.2967"
        },
        {
            "time": "20.12.2020 15:24",
            "open": "1.2967",
            "high": "1.2967",
            "low": "1.2967",
            "close": "1.2945"
        },
        {
            "time": "20.12.2020 15:26",
            "open": "1.2945",
            "high": "1.2945",
            "low": "1.2945",
            "close": "1.2981"
        },
        {
            "time": "20.12.2020 15:29",
            "open": "1.2981",
            "high": "1.2981",
            "low": "1.2981",
            "close": "1.2944"
        },
        {
            "time": "20.12.2020 15:30",
            "open": "1.2944",
            "high": "1.2944",
            "low": "1.2944",
            "close": "1.2949"
        },
        {
            "time": "20.12.2020 15:34",
            "open": "1.2949",
            "high": "1.295",
            "low": "1.2949",
            "close": "1.2965"
        },
        {
            "time": "20.12.2020 15:35",
            "open": "1.2965",
            "high": "1.2965",
            "low": "1.2965",
            "close": "1.2975"
        },
        {
            "time": "20.12.2020 15:37",
            "open": "1.2975",
            "high": "1.2975",
            "low": "1.296",
            "close": "1.2963"
        },
        {
            "time": "20.12.2020 15:39",
            "open": "1.2963",
            "high": "1.2963",
            "low": "1.296",
            "close": "1.2963"
        },
        {
            "time": "20.12.2020 15:42",
            "open": "1.2963",
            "high": "1.2963",
            "low": "1.2963",
            "close": "1.296"
        },
        {
            "time": "20.12.2020 15:43",
            "open": "1.296",
            "high": "1.296",
            "low": "1.296",
            "close": "1.2999"
        },
        {
            "time": "20.12.2020 15:47",
            "open": "1.2999",
            "high": "1.3006",
            "low": "1.2999",
            "close": "1.2966"
        },
        {
            "time": "20.12.2020 15:49",
            "open": "1.2966",
            "high": "1.2966",
            "low": "1.2966",
            "close": "1.2974"
        },
        {
            "time": "20.12.2020 15:50",
            "open": "1.2974",
            "high": "1.2974",
            "low": "1.2974",
            "close": "1.3006"
        },
        {
            "time": "20.12.2020 15:51",
            "open": "1.3006",
            "high": "1.3009",
            "low": "1.3006",
            "close": "1.2977"
        },
        {
            "time": "20.12.2020 15:52",
            "open": "1.2977",
            "high": "1.2977",
            "low": "1.2977",
            "close": "1.2972"
        },
        {
            "time": "20.12.2020 15:53",
            "open": "1.2972",
            "high": "1.2972",
            "low": "1.2972",
            "close": "1.2972"
        },
        {
            "time": "20.12.2020 15:54",
            "open": "1.2972",
            "high": "1.2972",
            "low": "1.2972",
            "close": "1.3013"
        },
        {
            "time": "20.12.2020 15:56",
            "open": "1.3013",
            "high": "1.3013",
            "low": "1.3013",
            "close": "1.3013"
        },
        {
            "time": "20.12.2020 15:57",
            "open": "1.3013",
            "high": "1.3013",
            "low": "1.3013",
            "close": "1.2976"
        },
        {
            "time": "20.12.2020 15:58",
            "open": "1.2976",
            "high": "1.2976",
            "low": "1.2976",
            "close": "1.2966"
        },
        {
            "time": "20.12.2020 15:59",
            "open": "1.2966",
            "high": "1.2966",
            "low": "1.2966",
            "close": "1.2968"
        },
        {
            "time": "20.12.2020 16:00",
            "open": "1.2968",
            "high": "1.3002",
            "low": "1.2968",
            "close": "1.3002"
        },
        {
            "time": "20.12.2020 16:01",
            "open": "1.3002",
            "high": "1.3002",
            "low": "1.3002",
            "close": "1.3021"
        },
        {
            "time": "20.12.2020 16:02",
            "open": "1.3021",
            "high": "1.3021",
            "low": "1.3021",
            "close": "1.3015"
        },
        {
            "time": "20.12.2020 16:05",
            "open": "1.3015",
            "high": "1.3016",
            "low": "1.3015",
            "close": "1.3002"
        },
        {
            "time": "20.12.2020 16:09",
            "open": "1.3002",
            "high": "1.3002",
            "low": "1.3002",
            "close": "1.3002"
        },
        {
            "time": "20.12.2020 16:11",
            "open": "1.3002",
            "high": "1.3002",
            "low": "1.3002",
            "close": "1.2996"
        },
        {
            "time": "20.12.2020 16:12",
            "open": "1.2996",
            "high": "1.2996",
            "low": "1.2996",
            "close": "1.2999"
        },
        {
            "time": "20.12.2020 16:13",
            "open": "1.2999",
            "high": "1.2999",
            "low": "1.2997",
            "close": "1.2987"
        },
        {
            "time": "20.12.2020 16:16",
            "open": "1.2987",
            "high": "1.2987",
            "low": "1.2987",
            "close": "1.296"
        },
        {
            "time": "20.12.2020 16:18",
            "open": "1.296",
            "high": "1.296",
            "low": "1.2955",
            "close": "1.2952"
        },
        {
            "time": "20.12.2020 16:20",
            "open": "1.2952",
            "high": "1.2952",
            "low": "1.2952",
            "close": "1.295"
        },
        {
            "time": "20.12.2020 16:21",
            "open": "1.295",
            "high": "1.295",
            "low": "1.295",
            "close": "1.295"
        },
        {
            "time": "20.12.2020 16:22",
            "open": "1.295",
            "high": "1.295",
            "low": "1.295",
            "close": "1.295"
        },
        {
            "time": "20.12.2020 16:23",
            "open": "1.295",
            "high": "1.295",
            "low": "1.295",
            "close": "1.295"
        },
        {
            "time": "20.12.2020 16:24",
            "open": "1.295",
            "high": "1.295",
            "low": "1.295",
            "close": "1.295"
        },
        {
            "time": "20.12.2020 16:25",
            "open": "1.295",
            "high": "1.295",
            "low": "1.295",
            "close": "1.295"
        },
        {
            "time": "20.12.2020 16:27",
            "open": "1.295",
            "high": "1.295",
            "low": "1.295",
            "close": "1.2952"
        },
        {
            "time": "20.12.2020 16:30",
            "open": "1.2952",
            "high": "1.2952",
            "low": "1.2926",
            "close": "1.2949"
        },
        {
            "time": "20.12.2020 16:32",
            "open": "1.2949",
            "high": "1.2949",
            "low": "1.2949",
            "close": "1.2913"
        },
        {
            "time": "20.12.2020 16:36",
            "open": "1.2913",
            "high": "1.2913",
            "low": "1.2913",
            "close": "1.2901"
        },
        {
            "time": "20.12.2020 16:38",
            "open": "1.2901",
            "high": "1.2923",
            "low": "1.2901",
            "close": "1.2915"
        },
        {
            "time": "20.12.2020 16:42",
            "open": "1.2915",
            "high": "1.2944",
            "low": "1.2915",
            "close": "1.2955"
        },
        {
            "time": "20.12.2020 16:43",
            "open": "1.2955",
            "high": "1.2955",
            "low": "1.2955",
            "close": "1.2903"
        },
        {
            "time": "20.12.2020 16:47",
            "open": "1.2903",
            "high": "1.2903",
            "low": "1.2895",
            "close": "1.2875"
        },
        {
            "time": "20.12.2020 16:48",
            "open": "1.2875",
            "high": "1.2875",
            "low": "1.2875",
            "close": "1.2901"
        },
        {
            "time": "20.12.2020 16:49",
            "open": "1.2901",
            "high": "1.2901",
            "low": "1.2901",
            "close": "1.2897"
        },
        {
            "time": "20.12.2020 16:50",
            "open": "1.2897",
            "high": "1.2909",
            "low": "1.2897",
            "close": "1.2877"
        },
        {
            "time": "20.12.2020 16:52",
            "open": "1.2877",
            "high": "1.2877",
            "low": "1.2877",
            "close": "1.287"
        },
        {
            "time": "20.12.2020 16:53",
            "open": "1.287",
            "high": "1.287",
            "low": "1.2864",
            "close": "1.2868"
        },
        {
            "time": "20.12.2020 16:54",
            "open": "1.2868",
            "high": "1.2869",
            "low": "1.2868",
            "close": "1.2907"
        },
        {
            "time": "20.12.2020 16:55",
            "open": "1.2907",
            "high": "1.2912",
            "low": "1.2907",
            "close": "1.2893"
        },
        {
            "time": "20.12.2020 16:59",
            "open": "1.2893",
            "high": "1.2893",
            "low": "1.2893",
            "close": "1.2884"
        },
        {
            "time": "20.12.2020 17:00",
            "open": "1.2884",
            "high": "1.2884",
            "low": "1.288",
            "close": "1.2929"
        },
        {
            "time": "20.12.2020 17:01",
            "open": "1.2929",
            "high": "1.2929",
            "low": "1.2929",
            "close": "1.288"
        },
        {
            "time": "20.12.2020 17:02",
            "open": "1.288",
            "high": "1.288",
            "low": "1.288",
            "close": "1.2882"
        },
        {
            "time": "20.12.2020 17:03",
            "open": "1.2882",
            "high": "1.2896",
            "low": "1.2882",
            "close": "1.2886"
        },
        {
            "time": "20.12.2020 17:07",
            "open": "1.2886",
            "high": "1.2911",
            "low": "1.2886",
            "close": "1.2883"
        },
        {
            "time": "20.12.2020 17:09",
            "open": "1.2883",
            "high": "1.2883",
            "low": "1.2883",
            "close": "1.2904"
        },
        {
            "time": "20.12.2020 17:10",
            "open": "1.2904",
            "high": "1.2904",
            "low": "1.2882",
            "close": "1.2882"
        },
        {
            "time": "20.12.2020 17:11",
            "open": "1.2882",
            "high": "1.2882",
            "low": "1.288",
            "close": "1.288"
        },
        {
            "time": "20.12.2020 17:14",
            "open": "1.288",
            "high": "1.288",
            "low": "1.288",
            "close": "1.2902"
        },
        {
            "time": "20.12.2020 17:15",
            "open": "1.2902",
            "high": "1.2902",
            "low": "1.2902",
            "close": "1.2902"
        },
        {
            "time": "20.12.2020 17:17",
            "open": "1.2902",
            "high": "1.2902",
            "low": "1.2901",
            "close": "1.29"
        },
        {
            "time": "20.12.2020 17:18",
            "open": "1.29",
            "high": "1.29",
            "low": "1.288",
            "close": "1.288"
        },
        {
            "time": "20.12.2020 17:19",
            "open": "1.288",
            "high": "1.288",
            "low": "1.2866",
            "close": "1.2868"
        },
        {
            "time": "20.12.2020 17:20",
            "open": "1.2868",
            "high": "1.289",
            "low": "1.2868",
            "close": "1.2869"
        },
        {
            "time": "20.12.2020 17:21",
            "open": "1.2869",
            "high": "1.2869",
            "low": "1.2869",
            "close": "1.2896"
        },
        {
            "time": "20.12.2020 17:22",
            "open": "1.2896",
            "high": "1.2896",
            "low": "1.288",
            "close": "1.2925"
        },
        {
            "time": "20.12.2020 17:23",
            "open": "1.2925",
            "high": "1.2925",
            "low": "1.2925",
            "close": "1.2899"
        },
        {
            "time": "20.12.2020 17:25",
            "open": "1.2899",
            "high": "1.2899",
            "low": "1.2899",
            "close": "1.291"
        },
        {
            "time": "20.12.2020 17:27",
            "open": "1.291",
            "high": "1.291",
            "low": "1.291",
            "close": "1.2902"
        },
        {
            "time": "20.12.2020 17:29",
            "open": "1.2902",
            "high": "1.2902",
            "low": "1.2902",
            "close": "1.2905"
        },
        {
            "time": "20.12.2020 17:30",
            "open": "1.2905",
            "high": "1.2905",
            "low": "1.2905",
            "close": "1.2901"
        },
        {
            "time": "20.12.2020 17:31",
            "open": "1.2901",
            "high": "1.2984",
            "low": "1.2901",
            "close": "1.2929"
        },
        {
            "time": "20.12.2020 17:32",
            "open": "1.2929",
            "high": "1.2941",
            "low": "1.2917",
            "close": "1.2923"
        },
        {
            "time": "20.12.2020 17:38",
            "open": "1.2923",
            "high": "1.2923",
            "low": "1.2923",
            "close": "1.2915"
        },
        {
            "time": "20.12.2020 17:40",
            "open": "1.2915",
            "high": "1.2915",
            "low": "1.2915",
            "close": "1.2914"
        },
        {
            "time": "20.12.2020 17:41",
            "open": "1.2914",
            "high": "1.2914",
            "low": "1.2914",
            "close": "1.2911"
        },
        {
            "time": "20.12.2020 17:43",
            "open": "1.2911",
            "high": "1.2911",
            "low": "1.2856",
            "close": "1.2858"
        },
        {
            "time": "20.12.2020 17:44",
            "open": "1.2858",
            "high": "1.2858",
            "low": "1.2856",
            "close": "1.2851"
        },
        {
            "time": "20.12.2020 17:45",
            "open": "1.2851",
            "high": "1.2869",
            "low": "1.2844",
            "close": "1.283"
        },
        {
            "time": "20.12.2020 17:46",
            "open": "1.283",
            "high": "1.287",
            "low": "1.283",
            "close": "1.2844"
        },
        {
            "time": "20.12.2020 17:47",
            "open": "1.2844",
            "high": "1.2844",
            "low": "1.283",
            "close": "1.2832"
        },
        {
            "time": "20.12.2020 17:48",
            "open": "1.2832",
            "high": "1.2832",
            "low": "1.2832",
            "close": "1.284"
        },
        {
            "time": "20.12.2020 17:49",
            "open": "1.284",
            "high": "1.284",
            "low": "1.284",
            "close": "1.2833"
        },
        {
            "time": "20.12.2020 17:50",
            "open": "1.2833",
            "high": "1.2872",
            "low": "1.2833",
            "close": "1.2837"
        },
        {
            "time": "20.12.2020 17:52",
            "open": "1.2837",
            "high": "1.2837",
            "low": "1.2837",
            "close": "1.2852"
        },
        {
            "time": "20.12.2020 17:53",
            "open": "1.2852",
            "high": "1.2852",
            "low": "1.2849",
            "close": "1.2882"
        },
        {
            "time": "20.12.2020 17:54",
            "open": "1.2882",
            "high": "1.2882",
            "low": "1.2882",
            "close": "1.2844"
        },
        {
            "time": "20.12.2020 17:56",
            "open": "1.2844",
            "high": "1.2844",
            "low": "1.2844",
            "close": "1.2871"
        },
        {
            "time": "20.12.2020 17:57",
            "open": "1.2871",
            "high": "1.2874",
            "low": "1.2871",
            "close": "1.2845"
        },
        {
            "time": "20.12.2020 17:59",
            "open": "1.2845",
            "high": "1.2845",
            "low": "1.2845",
            "close": "1.2851"
        },
        {
            "time": "20.12.2020 18:00",
            "open": "1.2851",
            "high": "1.2851",
            "low": "1.2851",
            "close": "1.2939"
        },
        {
            "time": "20.12.2020 18:02",
            "open": "1.2939",
            "high": "1.2939",
            "low": "1.2939",
            "close": "1.2913"
        },
        {
            "time": "20.12.2020 18:03",
            "open": "1.2913",
            "high": "1.2913",
            "low": "1.2913",
            "close": "1.2903"
        },
        {
            "time": "20.12.2020 18:05",
            "open": "1.2903",
            "high": "1.2903",
            "low": "1.2903",
            "close": "1.2908"
        },
        {
            "time": "20.12.2020 18:06",
            "open": "1.2908",
            "high": "1.2908",
            "low": "1.2908",
            "close": "1.2913"
        },
        {
            "time": "20.12.2020 18:08",
            "open": "1.2913",
            "high": "1.2913",
            "low": "1.2913",
            "close": "1.2913"
        },
        {
            "time": "20.12.2020 18:09",
            "open": "1.2913",
            "high": "1.2913",
            "low": "1.2913",
            "close": "1.2907"
        },
        {
            "time": "20.12.2020 18:10",
            "open": "1.2907",
            "high": "1.2907",
            "low": "1.2907",
            "close": "1.2891"
        },
        {
            "time": "20.12.2020 18:11",
            "open": "1.2891",
            "high": "1.2935",
            "low": "1.2891",
            "close": "1.2941"
        },
        {
            "time": "20.12.2020 18:12",
            "open": "1.2941",
            "high": "1.295",
            "low": "1.2941",
            "close": "1.2968"
        },
        {
            "time": "20.12.2020 18:13",
            "open": "1.2968",
            "high": "1.2968",
            "low": "1.2956",
            "close": "1.2968"
        },
        {
            "time": "20.12.2020 18:15",
            "open": "1.2968",
            "high": "1.2968",
            "low": "1.2968",
            "close": "1.2988"
        },
        {
            "time": "20.12.2020 18:16",
            "open": "1.2988",
            "high": "1.2988",
            "low": "1.2988",
            "close": "1.2941"
        },
        {
            "time": "20.12.2020 18:18",
            "open": "1.2941",
            "high": "1.2941",
            "low": "1.2941",
            "close": "1.2958"
        },
        {
            "time": "20.12.2020 18:24",
            "open": "1.2958",
            "high": "1.2958",
            "low": "1.2941",
            "close": "1.2941"
        },
        {
            "time": "20.12.2020 18:25",
            "open": "1.2941",
            "high": "1.2941",
            "low": "1.2882",
            "close": "1.2852"
        },
        {
            "time": "20.12.2020 18:26",
            "open": "1.2852",
            "high": "1.2852",
            "low": "1.2852",
            "close": "1.2907"
        },
        {
            "time": "20.12.2020 18:29",
            "open": "1.2907",
            "high": "1.2907",
            "low": "1.2878",
            "close": "1.2874"
        },
        {
            "time": "20.12.2020 18:33",
            "open": "1.2874",
            "high": "1.2874",
            "low": "1.2874",
            "close": "1.2865"
        },
        {
            "time": "20.12.2020 18:37",
            "open": "1.2865",
            "high": "1.2865",
            "low": "1.2865",
            "close": "1.2866"
        },
        {
            "time": "20.12.2020 18:38",
            "open": "1.2866",
            "high": "1.2866",
            "low": "1.2866",
            "close": "1.2866"
        },
        {
            "time": "20.12.2020 18:39",
            "open": "1.2866",
            "high": "1.2866",
            "low": "1.2866",
            "close": "1.289"
        },
        {
            "time": "20.12.2020 18:41",
            "open": "1.289",
            "high": "1.289",
            "low": "1.2859",
            "close": "1.2864"
        },
        {
            "time": "20.12.2020 18:43",
            "open": "1.2864",
            "high": "1.2864",
            "low": "1.2864",
            "close": "1.2894"
        },
        {
            "time": "20.12.2020 18:44",
            "open": "1.2894",
            "high": "1.2895",
            "low": "1.2894",
            "close": "1.2884"
        },
        {
            "time": "20.12.2020 18:45",
            "open": "1.2884",
            "high": "1.2885",
            "low": "1.2884",
            "close": "1.2928"
        },
        {
            "time": "20.12.2020 18:46",
            "open": "1.2928",
            "high": "1.2928",
            "low": "1.2928",
            "close": "1.2926"
        },
        {
            "time": "20.12.2020 18:53",
            "open": "1.2926",
            "high": "1.2926",
            "low": "1.2926",
            "close": "1.2887"
        },
        {
            "time": "20.12.2020 18:55",
            "open": "1.2887",
            "high": "1.2887",
            "low": "1.2887",
            "close": "1.2886"
        },
        {
            "time": "20.12.2020 18:56",
            "open": "1.2886",
            "high": "1.2886",
            "low": "1.2886",
            "close": "1.2904"
        },
        {
            "time": "20.12.2020 18:57",
            "open": "1.2904",
            "high": "1.2904",
            "low": "1.2904",
            "close": "1.291"
        },
        {
            "time": "20.12.2020 18:58",
            "open": "1.291",
            "high": "1.2915",
            "low": "1.2907",
            "close": "1.291"
        },
        {
            "time": "20.12.2020 19:01",
            "open": "1.291",
            "high": "1.2918",
            "low": "1.291",
            "close": "1.2923"
        },
        {
            "time": "20.12.2020 19:02",
            "open": "1.2923",
            "high": "1.2923",
            "low": "1.2923",
            "close": "1.2942"
        },
        {
            "time": "20.12.2020 19:03",
            "open": "1.2942",
            "high": "1.2949",
            "low": "1.2942",
            "close": "1.2956"
        },
        {
            "time": "20.12.2020 19:08",
            "open": "1.2956",
            "high": "1.2956",
            "low": "1.2956",
            "close": "1.2959"
        },
        {
            "time": "20.12.2020 19:09",
            "open": "1.2959",
            "high": "1.2959",
            "low": "1.2948",
            "close": "1.2955"
        },
        {
            "time": "20.12.2020 19:12",
            "open": "1.2955",
            "high": "1.2955",
            "low": "1.2937",
            "close": "1.2948"
        },
        {
            "time": "20.12.2020 19:13",
            "open": "1.2948",
            "high": "1.2948",
            "low": "1.292",
            "close": "1.2948"
        },
        {
            "time": "20.12.2020 19:14",
            "open": "1.2948",
            "high": "1.2948",
            "low": "1.2905",
            "close": "1.2922"
        },
        {
            "time": "20.12.2020 19:15",
            "open": "1.2922",
            "high": "1.2922",
            "low": "1.2922",
            "close": "1.2923"
        },
        {
            "time": "20.12.2020 19:17",
            "open": "1.2923",
            "high": "1.2923",
            "low": "1.2923",
            "close": "1.2981"
        },
        {
            "time": "20.12.2020 19:18",
            "open": "1.2981",
            "high": "1.2981",
            "low": "1.2981",
            "close": "1.2926"
        },
        {
            "time": "20.12.2020 19:19",
            "open": "1.2926",
            "high": "1.2926",
            "low": "1.2926",
            "close": "1.2968"
        },
        {
            "time": "20.12.2020 19:21",
            "open": "1.2968",
            "high": "1.2968",
            "low": "1.2968",
            "close": "1.2956"
        },
        {
            "time": "20.12.2020 19:22",
            "open": "1.2956",
            "high": "1.2956",
            "low": "1.2945",
            "close": "1.2945"
        },
        {
            "time": "20.12.2020 19:23",
            "open": "1.2945",
            "high": "1.2945",
            "low": "1.2945",
            "close": "1.2919"
        },
        {
            "time": "20.12.2020 19:24",
            "open": "1.2919",
            "high": "1.2919",
            "low": "1.2919",
            "close": "1.2954"
        },
        {
            "time": "20.12.2020 19:26",
            "open": "1.2954",
            "high": "1.2954",
            "low": "1.2954",
            "close": "1.2952"
        },
        {
            "time": "20.12.2020 19:27",
            "open": "1.2952",
            "high": "1.2952",
            "low": "1.2952",
            "close": "1.3007"
        },
        {
            "time": "20.12.2020 19:30",
            "open": "1.3007",
            "high": "1.3007",
            "low": "1.3007",
            "close": "1.3011"
        },
        {
            "time": "20.12.2020 19:31",
            "open": "1.3011",
            "high": "1.3013",
            "low": "1.2982",
            "close": "1.2983"
        },
        {
            "time": "20.12.2020 19:36",
            "open": "1.2983",
            "high": "1.2983",
            "low": "1.2941",
            "close": "1.2929"
        },
        {
            "time": "20.12.2020 19:37",
            "open": "1.2929",
            "high": "1.2929",
            "low": "1.2929",
            "close": "1.291"
        },
        {
            "time": "20.12.2020 19:38",
            "open": "1.291",
            "high": "1.291",
            "low": "1.291",
            "close": "1.2901"
        },
        {
            "time": "20.12.2020 19:39",
            "open": "1.2901",
            "high": "1.2901",
            "low": "1.2896",
            "close": "1.2907"
        },
        {
            "time": "20.12.2020 19:40",
            "open": "1.2907",
            "high": "1.2907",
            "low": "1.2904",
            "close": "1.2907"
        },
        {
            "time": "20.12.2020 19:41",
            "open": "1.2907",
            "high": "1.2934",
            "low": "1.2907",
            "close": "1.2937"
        },
        {
            "time": "20.12.2020 19:42",
            "open": "1.2937",
            "high": "1.2937",
            "low": "1.2937",
            "close": "1.2954"
        },
        {
            "time": "20.12.2020 19:45",
            "open": "1.2954",
            "high": "1.2954",
            "low": "1.2954",
            "close": "1.2986"
        },
        {
            "time": "20.12.2020 19:46",
            "open": "1.2986",
            "high": "1.2986",
            "low": "1.2953",
            "close": "1.2964"
        },
        {
            "time": "20.12.2020 19:47",
            "open": "1.2964",
            "high": "1.2964",
            "low": "1.2964",
            "close": "1.2965"
        },
        {
            "time": "20.12.2020 19:48",
            "open": "1.2965",
            "high": "1.2965",
            "low": "1.2965",
            "close": "1.2965"
        },
        {
            "time": "20.12.2020 19:49",
            "open": "1.2965",
            "high": "1.2965",
            "low": "1.2965",
            "close": "1.2966"
        },
        {
            "time": "20.12.2020 19:53",
            "open": "1.2966",
            "high": "1.2966",
            "low": "1.2965",
            "close": "1.2906"
        },
        {
            "time": "20.12.2020 20:00",
            "open": "1.2906",
            "high": "1.2906",
            "low": "1.2895",
            "close": "1.2878"
        },
        {
            "time": "20.12.2020 20:01",
            "open": "1.2878",
            "high": "1.2878",
            "low": "1.2878",
            "close": "1.2904"
        },
        {
            "time": "20.12.2020 20:02",
            "open": "1.2904",
            "high": "1.2904",
            "low": "1.2904",
            "close": "1.2887"
        },
        {
            "time": "20.12.2020 20:03",
            "open": "1.2887",
            "high": "1.2922",
            "low": "1.2887",
            "close": "1.2889"
        },
        {
            "time": "20.12.2020 20:04",
            "open": "1.2889",
            "high": "1.2892",
            "low": "1.2887",
            "close": "1.2892"
        },
        {
            "time": "20.12.2020 20:05",
            "open": "1.2892",
            "high": "1.2892",
            "low": "1.2863",
            "close": "1.2876"
        },
        {
            "time": "20.12.2020 20:06",
            "open": "1.2876",
            "high": "1.2881",
            "low": "1.2862",
            "close": "1.2906"
        },
        {
            "time": "20.12.2020 20:07",
            "open": "1.2906",
            "high": "1.2906",
            "low": "1.2838",
            "close": "1.2852"
        },
        {
            "time": "20.12.2020 20:10",
            "open": "1.2852",
            "high": "1.2852",
            "low": "1.2852",
            "close": "1.2849"
        },
        {
            "time": "20.12.2020 20:11",
            "open": "1.2849",
            "high": "1.2849",
            "low": "1.2849",
            "close": "1.285"
        },
        {
            "time": "20.12.2020 20:12",
            "open": "1.285",
            "high": "1.285",
            "low": "1.2849",
            "close": "1.285"
        },
        {
            "time": "20.12.2020 20:13",
            "open": "1.285",
            "high": "1.285",
            "low": "1.285",
            "close": "1.2851"
        },
        {
            "time": "20.12.2020 20:14",
            "open": "1.2851",
            "high": "1.2851",
            "low": "1.2851",
            "close": "1.2856"
        },
        {
            "time": "20.12.2020 20:17",
            "open": "1.2856",
            "high": "1.2856",
            "low": "1.2856",
            "close": "1.2835"
        },
        {
            "time": "20.12.2020 20:18",
            "open": "1.2835",
            "high": "1.2835",
            "low": "1.2829",
            "close": "1.2821"
        },
        {
            "time": "20.12.2020 20:20",
            "open": "1.2821",
            "high": "1.2821",
            "low": "1.2821",
            "close": "1.2827"
        },
        {
            "time": "20.12.2020 20:21",
            "open": "1.2827",
            "high": "1.2827",
            "low": "1.2821",
            "close": "1.2831"
        },
        {
            "time": "20.12.2020 20:22",
            "open": "1.2831",
            "high": "1.2831",
            "low": "1.2831",
            "close": "1.2808"
        },
        {
            "time": "20.12.2020 20:23",
            "open": "1.2808",
            "high": "1.283",
            "low": "1.2808",
            "close": "1.2808"
        },
        {
            "time": "20.12.2020 20:24",
            "open": "1.2808",
            "high": "1.2808",
            "low": "1.2808",
            "close": "1.2808"
        },
        {
            "time": "20.12.2020 20:25",
            "open": "1.2808",
            "high": "1.2808",
            "low": "1.2808",
            "close": "1.2808"
        },
        {
            "time": "20.12.2020 20:26",
            "open": "1.2808",
            "high": "1.2808",
            "low": "1.28",
            "close": "1.28"
        },
        {
            "time": "20.12.2020 20:27",
            "open": "1.28",
            "high": "1.28",
            "low": "1.2785",
            "close": "1.2809"
        },
        {
            "time": "20.12.2020 20:28",
            "open": "1.2809",
            "high": "1.2809",
            "low": "1.2774",
            "close": "1.2782"
        },
        {
            "time": "20.12.2020 20:29",
            "open": "1.2782",
            "high": "1.2806",
            "low": "1.2782",
            "close": "1.276"
        },
        {
            "time": "20.12.2020 20:31",
            "open": "1.276",
            "high": "1.2826",
            "low": "1.276",
            "close": "1.2762"
        },
        {
            "time": "20.12.2020 20:38",
            "open": "1.2762",
            "high": "1.2774",
            "low": "1.2762",
            "close": "1.276"
        },
        {
            "time": "20.12.2020 20:40",
            "open": "1.276",
            "high": "1.276",
            "low": "1.2753",
            "close": "1.2761"
        },
        {
            "time": "20.12.2020 20:45",
            "open": "1.2761",
            "high": "1.278",
            "low": "1.2761",
            "close": "1.2757"
        },
        {
            "time": "20.12.2020 20:46",
            "open": "1.2757",
            "high": "1.2757",
            "low": "1.2752",
            "close": "1.275"
        },
        {
            "time": "20.12.2020 20:48",
            "open": "1.275",
            "high": "1.275",
            "low": "1.275",
            "close": "1.2771"
        },
        {
            "time": "20.12.2020 20:50",
            "open": "1.2771",
            "high": "1.2771",
            "low": "1.2771",
            "close": "1.2751"
        },
        {
            "time": "20.12.2020 20:51",
            "open": "1.2751",
            "high": "1.2751",
            "low": "1.2751",
            "close": "1.275"
        },
        {
            "time": "20.12.2020 20:52",
            "open": "1.275",
            "high": "1.275",
            "low": "1.2738",
            "close": "1.2784"
        },
        {
            "time": "20.12.2020 20:53",
            "open": "1.2784",
            "high": "1.2786",
            "low": "1.2784",
            "close": "1.2747"
        },
        {
            "time": "20.12.2020 20:54",
            "open": "1.2747",
            "high": "1.2747",
            "low": "1.2736",
            "close": "1.2754"
        },
        {
            "time": "20.12.2020 20:57",
            "open": "1.2754",
            "high": "1.2754",
            "low": "1.2754",
            "close": "1.2761"
        },
        {
            "time": "20.12.2020 20:58",
            "open": "1.2761",
            "high": "1.2761",
            "low": "1.2761",
            "close": "1.2784"
        },
        {
            "time": "20.12.2020 20:59",
            "open": "1.2784",
            "high": "1.2786",
            "low": "1.2784",
            "close": "1.2775"
        },
        {
            "time": "20.12.2020 21:01",
            "open": "1.2775",
            "high": "1.2785",
            "low": "1.2775",
            "close": "1.273"
        },
        {
            "time": "20.12.2020 21:03",
            "open": "1.273",
            "high": "1.2761",
            "low": "1.273",
            "close": "1.273"
        },
        {
            "time": "20.12.2020 21:04",
            "open": "1.273",
            "high": "1.273",
            "low": "1.273",
            "close": "1.273"
        },
        {
            "time": "20.12.2020 21:05",
            "open": "1.273",
            "high": "1.273",
            "low": "1.273",
            "close": "1.273"
        },
        {
            "time": "20.12.2020 21:06",
            "open": "1.273",
            "high": "1.2758",
            "low": "1.2722",
            "close": "1.2715"
        },
        {
            "time": "20.12.2020 21:07",
            "open": "1.2715",
            "high": "1.2715",
            "low": "1.2715",
            "close": "1.2715"
        },
        {
            "time": "20.12.2020 21:08",
            "open": "1.2715",
            "high": "1.2715",
            "low": "1.2682",
            "close": "1.267"
        },
        {
            "time": "20.12.2020 21:09",
            "open": "1.267",
            "high": "1.267",
            "low": "1.2616",
            "close": "1.2622"
        },
        {
            "time": "20.12.2020 21:10",
            "open": "1.2622",
            "high": "1.2637",
            "low": "1.2611",
            "close": "1.2637"
        },
        {
            "time": "20.12.2020 21:12",
            "open": "1.2637",
            "high": "1.2637",
            "low": "1.2582",
            "close": "1.2582"
        },
        {
            "time": "20.12.2020 21:13",
            "open": "1.2582",
            "high": "1.26",
            "low": "1.2572",
            "close": "1.2592"
        },
        {
            "time": "20.12.2020 21:14",
            "open": "1.2592",
            "high": "1.2592",
            "low": "1.2588",
            "close": "1.2596"
        },
        {
            "time": "20.12.2020 21:15",
            "open": "1.2596",
            "high": "1.2596",
            "low": "1.2568",
            "close": "1.257"
        },
        {
            "time": "20.12.2020 21:16",
            "open": "1.257",
            "high": "1.257",
            "low": "1.25",
            "close": "1.2545"
        },
        {
            "time": "20.12.2020 21:17",
            "open": "1.2545",
            "high": "1.2562",
            "low": "1.25",
            "close": "1.25"
        },
        {
            "time": "20.12.2020 21:18",
            "open": "1.25",
            "high": "1.25",
            "low": "1.2466",
            "close": "1.2466"
        },
        {
            "time": "20.12.2020 21:19",
            "open": "1.2466",
            "high": "1.2466",
            "low": "1.2466",
            "close": "1.2465"
        },
        {
            "time": "20.12.2020 21:20",
            "open": "1.2465",
            "high": "1.2465",
            "low": "1.2454",
            "close": "1.248"
        },
        {
            "time": "20.12.2020 21:21",
            "open": "1.248",
            "high": "1.25",
            "low": "1.2479",
            "close": "1.2487"
        },
        {
            "time": "20.12.2020 21:23",
            "open": "1.2487",
            "high": "1.2487",
            "low": "1.2481",
            "close": "1.2484"
        },
        {
            "time": "20.12.2020 21:24",
            "open": "1.2484",
            "high": "1.2484",
            "low": "1.2484",
            "close": "1.2532"
        },
        {
            "time": "20.12.2020 21:27",
            "open": "1.2532",
            "high": "1.2538",
            "low": "1.25",
            "close": "1.2504"
        },
        {
            "time": "20.12.2020 21:28",
            "open": "1.2504",
            "high": "1.2539",
            "low": "1.2504",
            "close": "1.2512"
        },
        {
            "time": "20.12.2020 21:29",
            "open": "1.2512",
            "high": "1.2512",
            "low": "1.2511",
            "close": "1.2557"
        },
        {
            "time": "20.12.2020 21:30",
            "open": "1.2557",
            "high": "1.2559",
            "low": "1.2555",
            "close": "1.2655"
        },
        {
            "time": "20.12.2020 21:31",
            "open": "1.2655",
            "high": "1.2655",
            "low": "1.2655",
            "close": "1.2626"
        },
        {
            "time": "20.12.2020 21:32",
            "open": "1.2626",
            "high": "1.2626",
            "low": "1.2626",
            "close": "1.2668"
        },
        {
            "time": "20.12.2020 21:33",
            "open": "1.2668",
            "high": "1.2668",
            "low": "1.2668",
            "close": "1.2682"
        },
        {
            "time": "20.12.2020 21:34",
            "open": "1.2682",
            "high": "1.2682",
            "low": "1.2632",
            "close": "1.2609"
        },
        {
            "time": "20.12.2020 21:35",
            "open": "1.2609",
            "high": "1.2609",
            "low": "1.2609",
            "close": "1.2623"
        },
        {
            "time": "20.12.2020 21:36",
            "open": "1.2623",
            "high": "1.2623",
            "low": "1.2623",
            "close": "1.2604"
        },
        {
            "time": "20.12.2020 21:37",
            "open": "1.2604",
            "high": "1.2604",
            "low": "1.2604",
            "close": "1.2636"
        },
        {
            "time": "20.12.2020 21:38",
            "open": "1.2636",
            "high": "1.2636",
            "low": "1.263",
            "close": "1.2627"
        },
        {
            "time": "20.12.2020 21:39",
            "open": "1.2627",
            "high": "1.2651",
            "low": "1.2615",
            "close": "1.2619"
        },
        {
            "time": "20.12.2020 21:40",
            "open": "1.2619",
            "high": "1.2619",
            "low": "1.2615",
            "close": "1.2643"
        },
        {
            "time": "20.12.2020 21:43",
            "open": "1.2643",
            "high": "1.2653",
            "low": "1.2639",
            "close": "1.2625"
        },
        {
            "time": "20.12.2020 21:44",
            "open": "1.2625",
            "high": "1.2625",
            "low": "1.2594",
            "close": "1.2581"
        },
        {
            "time": "20.12.2020 21:45",
            "open": "1.2581",
            "high": "1.2606",
            "low": "1.2581",
            "close": "1.2662"
        },
        {
            "time": "20.12.2020 21:46",
            "open": "1.2662",
            "high": "1.2662",
            "low": "1.2654",
            "close": "1.2603"
        },
        {
            "time": "20.12.2020 21:49",
            "open": "1.2603",
            "high": "1.2603",
            "low": "1.2603",
            "close": "1.2603"
        },
        {
            "time": "20.12.2020 21:50",
            "open": "1.2603",
            "high": "1.2603",
            "low": "1.2603",
            "close": "1.26"
        },
        {
            "time": "20.12.2020 21:51",
            "open": "1.26",
            "high": "1.26",
            "low": "1.26",
            "close": "1.2609"
        },
        {
            "time": "20.12.2020 21:53",
            "open": "1.2609",
            "high": "1.2611",
            "low": "1.2602",
            "close": "1.2609"
        },
        {
            "time": "20.12.2020 21:55",
            "open": "1.2609",
            "high": "1.2631",
            "low": "1.2609",
            "close": "1.2634"
        },
        {
            "time": "20.12.2020 21:56",
            "open": "1.2634",
            "high": "1.2634",
            "low": "1.2632",
            "close": "1.2649"
        },
        {
            "time": "20.12.2020 21:57",
            "open": "1.2649",
            "high": "1.2651",
            "low": "1.2631",
            "close": "1.2662"
        },
        {
            "time": "20.12.2020 21:58",
            "open": "1.2662",
            "high": "1.3",
            "low": "1.2662",
            "close": "1.2664"
        },
        {
            "time": "20.12.2020 21:59",
            "open": "1.2664",
            "high": "1.2664",
            "low": "1.2659",
            "close": "1.2648"
        },
        {
            "time": "20.12.2020 22:02",
            "open": "1.2648",
            "high": "1.2689",
            "low": "1.2648",
            "close": "1.2661"
        },
        {
            "time": "20.12.2020 22:03",
            "open": "1.2661",
            "high": "1.2661",
            "low": "1.2661",
            "close": "1.2659"
        },
        {
            "time": "20.12.2020 22:04",
            "open": "1.2659",
            "high": "1.2744",
            "low": "1.2659",
            "close": "1.266"
        },
        {
            "time": "20.12.2020 22:05",
            "open": "1.266",
            "high": "1.266",
            "low": "1.266",
            "close": "1.2662"
        },
        {
            "time": "20.12.2020 22:07",
            "open": "1.2662",
            "high": "1.2662",
            "low": "1.2662",
            "close": "1.2703"
        },
        {
            "time": "20.12.2020 22:08",
            "open": "1.2703",
            "high": "1.2707",
            "low": "1.2661",
            "close": "1.2688"
        },
        {
            "time": "20.12.2020 22:09",
            "open": "1.2688",
            "high": "1.269",
            "low": "1.2679",
            "close": "1.2662"
        },
        {
            "time": "20.12.2020 22:10",
            "open": "1.2662",
            "high": "1.2676",
            "low": "1.2659",
            "close": "1.2662"
        },
        {
            "time": "20.12.2020 22:11",
            "open": "1.2662",
            "high": "1.2668",
            "low": "1.2659",
            "close": "1.2659"
        },
        {
            "time": "20.12.2020 22:12",
            "open": "1.2659",
            "high": "1.2662",
            "low": "1.2659",
            "close": "1.2607"
        },
        {
            "time": "20.12.2020 22:13",
            "open": "1.2607",
            "high": "1.2607",
            "low": "1.2607",
            "close": "1.26"
        },
        {
            "time": "20.12.2020 22:15",
            "open": "1.26",
            "high": "1.26",
            "low": "1.2554",
            "close": "1.259"
        },
        {
            "time": "20.12.2020 22:16",
            "open": "1.259",
            "high": "1.259",
            "low": "1.259",
            "close": "1.2705"
        },
        {
            "time": "20.12.2020 22:17",
            "open": "1.2705",
            "high": "1.2705",
            "low": "1.2705",
            "close": "1.2728"
        },
        {
            "time": "20.12.2020 22:18",
            "open": "1.2728",
            "high": "1.2728",
            "low": "1.2615",
            "close": "1.2625"
        },
        {
            "time": "20.12.2020 22:20",
            "open": "1.2625",
            "high": "1.2625",
            "low": "1.2625",
            "close": "1.2626"
        },
        {
            "time": "20.12.2020 22:21",
            "open": "1.2626",
            "high": "1.2626",
            "low": "1.2626",
            "close": "1.2662"
        },
        {
            "time": "20.12.2020 22:23",
            "open": "1.2662",
            "high": "1.2662",
            "low": "1.266",
            "close": "1.2686"
        },
        {
            "time": "20.12.2020 22:25",
            "open": "1.2686",
            "high": "1.2687",
            "low": "1.2686",
            "close": "1.2674"
        },
        {
            "time": "20.12.2020 22:26",
            "open": "1.2674",
            "high": "1.2674",
            "low": "1.2674",
            "close": "1.269"
        },
        {
            "time": "20.12.2020 22:29",
            "open": "1.269",
            "high": "1.269",
            "low": "1.269",
            "close": "1.2715"
        },
        {
            "time": "20.12.2020 22:32",
            "open": "1.2715",
            "high": "1.2715",
            "low": "1.2715",
            "close": "1.265"
        },
        {
            "time": "20.12.2020 22:33",
            "open": "1.265",
            "high": "1.27",
            "low": "1.265",
            "close": "1.2663"
        },
        {
            "time": "20.12.2020 22:34",
            "open": "1.2663",
            "high": "1.2663",
            "low": "1.2663",
            "close": "1.2663"
        },
        {
            "time": "20.12.2020 22:37",
            "open": "1.2663",
            "high": "1.2686",
            "low": "1.2663",
            "close": "1.2702"
        },
        {
            "time": "20.12.2020 22:40",
            "open": "1.2702",
            "high": "1.2702",
            "low": "1.2702",
            "close": "1.2713"
        },
        {
            "time": "20.12.2020 22:44",
            "open": "1.2713",
            "high": "1.2718",
            "low": "1.2679",
            "close": "1.2723"
        },
        {
            "time": "20.12.2020 22:46",
            "open": "1.2723",
            "high": "1.2729",
            "low": "1.2684",
            "close": "1.2731"
        },
        {
            "time": "20.12.2020 22:47",
            "open": "1.2731",
            "high": "1.2732",
            "low": "1.2731",
            "close": "1.2734"
        },
        {
            "time": "20.12.2020 22:50",
            "open": "1.2734",
            "high": "1.2735",
            "low": "1.2734",
            "close": "1.2731"
        },
        {
            "time": "20.12.2020 22:51",
            "open": "1.2731",
            "high": "1.2731",
            "low": "1.2731",
            "close": "1.2711"
        },
        {
            "time": "20.12.2020 22:55",
            "open": "1.2711",
            "high": "1.2711",
            "low": "1.2692",
            "close": "1.2707"
        },
        {
            "time": "20.12.2020 22:56",
            "open": "1.2707",
            "high": "1.2707",
            "low": "1.261",
            "close": "1.2673"
        },
        {
            "time": "20.12.2020 22:57",
            "open": "1.2673",
            "high": "1.2673",
            "low": "1.2673",
            "close": "1.2688"
        },
        {
            "time": "20.12.2020 22:58",
            "open": "1.2688",
            "high": "1.2688",
            "low": "1.2688",
            "close": "1.2731"
        },
        {
            "time": "20.12.2020 22:59",
            "open": "1.2731",
            "high": "1.275",
            "low": "1.2731",
            "close": "1.2736"
        },
        {
            "time": "20.12.2020 23:00",
            "open": "1.2736",
            "high": "1.2736",
            "low": "1.2601",
            "close": "1.2703"
        },
        {
            "time": "20.12.2020 23:02",
            "open": "1.2703",
            "high": "1.2703",
            "low": "1.2703",
            "close": "1.2663"
        },
        {
            "time": "20.12.2020 23:03",
            "open": "1.2663",
            "high": "1.2711",
            "low": "1.2634",
            "close": "1.2723"
        },
        {
            "time": "20.12.2020 23:05",
            "open": "1.2723",
            "high": "1.2778",
            "low": "1.2697",
            "close": "1.2669"
        },
        {
            "time": "20.12.2020 23:07",
            "open": "1.2669",
            "high": "1.2669",
            "low": "1.2669",
            "close": "1.2645"
        },
        {
            "time": "20.12.2020 23:08",
            "open": "1.2645",
            "high": "1.2645",
            "low": "1.2645",
            "close": "1.2674"
        },
        {
            "time": "20.12.2020 23:12",
            "open": "1.2674",
            "high": "1.2674",
            "low": "1.2674",
            "close": "1.2767"
        },
        {
            "time": "20.12.2020 23:14",
            "open": "1.2767",
            "high": "1.2767",
            "low": "1.2767",
            "close": "1.2749"
        },
        {
            "time": "20.12.2020 23:15",
            "open": "1.2749",
            "high": "1.2749",
            "low": "1.2685",
            "close": "1.2705"
        },
        {
            "time": "20.12.2020 23:16",
            "open": "1.2705",
            "high": "1.2705",
            "low": "1.2705",
            "close": "1.2748"
        },
        {
            "time": "20.12.2020 23:18",
            "open": "1.2748",
            "high": "1.2752",
            "low": "1.2665",
            "close": "1.2689"
        },
        {
            "time": "20.12.2020 23:19",
            "open": "1.2689",
            "high": "1.2714",
            "low": "1.2689",
            "close": "1.266"
        },
        {
            "time": "20.12.2020 23:21",
            "open": "1.266",
            "high": "1.266",
            "low": "1.2659",
            "close": "1.2677"
        },
        {
            "time": "20.12.2020 23:23",
            "open": "1.2677",
            "high": "1.2677",
            "low": "1.2677",
            "close": "1.2668"
        },
        {
            "time": "20.12.2020 23:24",
            "open": "1.2668",
            "high": "1.2668",
            "low": "1.2668",
            "close": "1.2682"
        },
        {
            "time": "20.12.2020 23:25",
            "open": "1.2682",
            "high": "1.2682",
            "low": "1.2682",
            "close": "1.2689"
        },
        {
            "time": "20.12.2020 23:26",
            "open": "1.2689",
            "high": "1.2689",
            "low": "1.2689",
            "close": "1.2689"
        },
        {
            "time": "20.12.2020 23:28",
            "open": "1.2689",
            "high": "1.2689",
            "low": "1.2689",
            "close": "1.2687"
        },
        {
            "time": "20.12.2020 23:29",
            "open": "1.2687",
            "high": "1.2687",
            "low": "1.2687",
            "close": "1.2777"
        },
        {
            "time": "20.12.2020 23:30",
            "open": "1.2777",
            "high": "1.2777",
            "low": "1.2777",
            "close": "1.2664"
        },
        {
            "time": "20.12.2020 23:31",
            "open": "1.2664",
            "high": "1.2783",
            "low": "1.2664",
            "close": "1.2717"
        },
        {
            "time": "20.12.2020 23:34",
            "open": "1.2717",
            "high": "1.2717",
            "low": "1.2717",
            "close": "1.2703"
        },
        {
            "time": "20.12.2020 23:35",
            "open": "1.2703",
            "high": "1.2703",
            "low": "1.2703",
            "close": "1.2695"
        },
        {
            "time": "20.12.2020 23:36",
            "open": "1.2695",
            "high": "1.2699",
            "low": "1.2695",
            "close": "1.2704"
        },
        {
            "time": "20.12.2020 23:37",
            "open": "1.2704",
            "high": "1.2704",
            "low": "1.2704",
            "close": "1.2748"
        },
        {
            "time": "20.12.2020 23:41",
            "open": "1.2748",
            "high": "1.2748",
            "low": "1.2678",
            "close": "1.2774"
        },
        {
            "time": "20.12.2020 23:44",
            "open": "1.2774",
            "high": "1.2779",
            "low": "1.2774",
            "close": "1.2779"
        },
        {
            "time": "20.12.2020 23:45",
            "open": "1.2779",
            "high": "1.2779",
            "low": "1.2733",
            "close": "1.2779"
        },
        {
            "time": "20.12.2020 23:47",
            "open": "1.2779",
            "high": "1.2779",
            "low": "1.2751",
            "close": "1.2751"
        },
        {
            "time": "20.12.2020 23:48",
            "open": "1.2751",
            "high": "1.2751",
            "low": "1.2751",
            "close": "1.275"
        },
        {
            "time": "20.12.2020 23:49",
            "open": "1.275",
            "high": "1.275",
            "low": "1.275",
            "close": "1.2779"
        },
        {
            "time": "20.12.2020 23:51",
            "open": "1.2779",
            "high": "1.282",
            "low": "1.2779",
            "close": "1.277"
        },
        {
            "time": "20.12.2020 23:52",
            "open": "1.277",
            "high": "1.277",
            "low": "1.277",
            "close": "1.2794"
        },
        {
            "time": "20.12.2020 23:53",
            "open": "1.2794",
            "high": "1.2794",
            "low": "1.2775",
            "close": "1.2831"
        },
        {
            "time": "20.12.2020 23:56",
            "open": "1.2831",
            "high": "1.2831",
            "low": "1.2737",
            "close": "1.2773"
        },
        {
            "time": "20.12.2020 23:57",
            "open": "1.2773",
            "high": "1.2773",
            "low": "1.2773",
            "close": "1.2767"
        },
        {
            "time": "20.12.2020 23:58",
            "open": "1.2767",
            "high": "1.2809",
            "low": "1.2767",
            "close": "1.2809"
        }
    ]
}