{
    "CGLD-EUR": [
        {
            "time": "28.11.2020 23:59",
            "open": "1.5301",
            "high": "1.5301",
            "low": "1.53",
            "close": "1.5301"
        },
        {
            "time": "29.11.2020 00:00",
            "open": "1.5301",
            "high": "1.5301",
            "low": "1.5301",
            "close": "1.5384"
        },
        {
            "time": "29.11.2020 00:05",
            "open": "1.5384",
            "high": "1.5387",
            "low": "1.5384",
            "close": "1.543"
        },
        {
            "time": "29.11.2020 00:07",
            "open": "1.543",
            "high": "1.55",
            "low": "1.543",
            "close": "1.552"
        },
        {
            "time": "29.11.2020 00:08",
            "open": "1.552",
            "high": "1.555",
            "low": "1.5486",
            "close": "1.5593"
        },
        {
            "time": "29.11.2020 00:10",
            "open": "1.5593",
            "high": "1.576",
            "low": "1.5584",
            "close": "1.5711"
        },
        {
            "time": "29.11.2020 00:11",
            "open": "1.5711",
            "high": "1.5711",
            "low": "1.5711",
            "close": "1.5633"
        },
        {
            "time": "29.11.2020 00:13",
            "open": "1.5633",
            "high": "1.5633",
            "low": "1.563",
            "close": "1.554"
        },
        {
            "time": "29.11.2020 00:16",
            "open": "1.554",
            "high": "1.554",
            "low": "1.5533",
            "close": "1.5533"
        },
        {
            "time": "29.11.2020 00:18",
            "open": "1.5533",
            "high": "1.5533",
            "low": "1.5533",
            "close": "1.5533"
        },
        {
            "time": "29.11.2020 00:19",
            "open": "1.5533",
            "high": "1.5533",
            "low": "1.5533",
            "close": "1.5533"
        },
        {
            "time": "29.11.2020 00:20",
            "open": "1.5533",
            "high": "1.5533",
            "low": "1.5437",
            "close": "1.5437"
        },
        {
            "time": "29.11.2020 00:22",
            "open": "1.5437",
            "high": "1.5437",
            "low": "1.5437",
            "close": "1.5441"
        },
        {
            "time": "29.11.2020 00:23",
            "open": "1.5441",
            "high": "1.5441",
            "low": "1.5441",
            "close": "1.55"
        },
        {
            "time": "29.11.2020 00:24",
            "open": "1.55",
            "high": "1.55",
            "low": "1.55",
            "close": "1.5489"
        },
        {
            "time": "29.11.2020 00:26",
            "open": "1.5489",
            "high": "1.5489",
            "low": "1.5489",
            "close": "1.542"
        },
        {
            "time": "29.11.2020 00:28",
            "open": "1.542",
            "high": "1.542",
            "low": "1.542",
            "close": "1.543"
        },
        {
            "time": "29.11.2020 00:29",
            "open": "1.543",
            "high": "1.543",
            "low": "1.543",
            "close": "1.5404"
        },
        {
            "time": "29.11.2020 00:32",
            "open": "1.5404",
            "high": "1.5404",
            "low": "1.5402",
            "close": "1.5402"
        },
        {
            "time": "29.11.2020 00:35",
            "open": "1.5402",
            "high": "1.5402",
            "low": "1.54",
            "close": "1.5402"
        },
        {
            "time": "29.11.2020 00:36",
            "open": "1.5402",
            "high": "1.5402",
            "low": "1.54",
            "close": "1.5402"
        },
        {
            "time": "29.11.2020 00:37",
            "open": "1.5402",
            "high": "1.5402",
            "low": "1.5402",
            "close": "1.54"
        },
        {
            "time": "29.11.2020 00:38",
            "open": "1.54",
            "high": "1.54",
            "low": "1.54",
            "close": "1.5403"
        },
        {
            "time": "29.11.2020 00:40",
            "open": "1.5403",
            "high": "1.5403",
            "low": "1.5403",
            "close": "1.5403"
        },
        {
            "time": "29.11.2020 00:41",
            "open": "1.5403",
            "high": "1.5403",
            "low": "1.54",
            "close": "1.54"
        },
        {
            "time": "29.11.2020 00:42",
            "open": "1.54",
            "high": "1.54",
            "low": "1.54",
            "close": "1.54"
        },
        {
            "time": "29.11.2020 00:43",
            "open": "1.54",
            "high": "1.54",
            "low": "1.54",
            "close": "1.54"
        },
        {
            "time": "29.11.2020 00:44",
            "open": "1.54",
            "high": "1.54",
            "low": "1.54",
            "close": "1.54"
        },
        {
            "time": "29.11.2020 00:45",
            "open": "1.54",
            "high": "1.54",
            "low": "1.54",
            "close": "1.5488"
        },
        {
            "time": "29.11.2020 00:48",
            "open": "1.5488",
            "high": "1.5488",
            "low": "1.5488",
            "close": "1.5491"
        },
        {
            "time": "29.11.2020 00:51",
            "open": "1.5491",
            "high": "1.5491",
            "low": "1.5491",
            "close": "1.55"
        },
        {
            "time": "29.11.2020 00:53",
            "open": "1.55",
            "high": "1.552",
            "low": "1.55",
            "close": "1.5541"
        },
        {
            "time": "29.11.2020 00:54",
            "open": "1.5541",
            "high": "1.5541",
            "low": "1.552",
            "close": "1.5536"
        },
        {
            "time": "29.11.2020 01:08",
            "open": "1.5536",
            "high": "1.5536",
            "low": "1.5536",
            "close": "1.5435"
        },
        {
            "time": "29.11.2020 01:10",
            "open": "1.5435",
            "high": "1.5435",
            "low": "1.5435",
            "close": "1.5453"
        },
        {
            "time": "29.11.2020 01:18",
            "open": "1.5453",
            "high": "1.5456",
            "low": "1.5453",
            "close": "1.5406"
        },
        {
            "time": "29.11.2020 01:23",
            "open": "1.5406",
            "high": "1.5406",
            "low": "1.5402",
            "close": "1.5402"
        },
        {
            "time": "29.11.2020 01:24",
            "open": "1.5402",
            "high": "1.5402",
            "low": "1.5292",
            "close": "1.5292"
        },
        {
            "time": "29.11.2020 01:25",
            "open": "1.5292",
            "high": "1.5294",
            "low": "1.5292",
            "close": "1.5294"
        },
        {
            "time": "29.11.2020 01:26",
            "open": "1.5294",
            "high": "1.5294",
            "low": "1.5292",
            "close": "1.5294"
        },
        {
            "time": "29.11.2020 01:27",
            "open": "1.5294",
            "high": "1.5294",
            "low": "1.5294",
            "close": "1.5292"
        },
        {
            "time": "29.11.2020 01:28",
            "open": "1.5292",
            "high": "1.5292",
            "low": "1.5292",
            "close": "1.5292"
        },
        {
            "time": "29.11.2020 01:29",
            "open": "1.5292",
            "high": "1.5292",
            "low": "1.5292",
            "close": "1.5292"
        },
        {
            "time": "29.11.2020 01:30",
            "open": "1.5292",
            "high": "1.5292",
            "low": "1.5292",
            "close": "1.5292"
        },
        {
            "time": "29.11.2020 01:31",
            "open": "1.5292",
            "high": "1.5292",
            "low": "1.5292",
            "close": "1.5292"
        },
        {
            "time": "29.11.2020 01:32",
            "open": "1.5292",
            "high": "1.5292",
            "low": "1.5292",
            "close": "1.5292"
        },
        {
            "time": "29.11.2020 01:33",
            "open": "1.5292",
            "high": "1.5292",
            "low": "1.5292",
            "close": "1.5292"
        },
        {
            "time": "29.11.2020 01:34",
            "open": "1.5292",
            "high": "1.5292",
            "low": "1.5292",
            "close": "1.5292"
        },
        {
            "time": "29.11.2020 01:35",
            "open": "1.5292",
            "high": "1.5292",
            "low": "1.5292",
            "close": "1.5292"
        },
        {
            "time": "29.11.2020 01:36",
            "open": "1.5292",
            "high": "1.5292",
            "low": "1.5292",
            "close": "1.5292"
        },
        {
            "time": "29.11.2020 01:37",
            "open": "1.5292",
            "high": "1.5292",
            "low": "1.5292",
            "close": "1.5292"
        },
        {
            "time": "29.11.2020 01:39",
            "open": "1.5292",
            "high": "1.5292",
            "low": "1.5292",
            "close": "1.5294"
        },
        {
            "time": "29.11.2020 01:40",
            "open": "1.5294",
            "high": "1.5294",
            "low": "1.5292",
            "close": "1.5292"
        },
        {
            "time": "29.11.2020 01:41",
            "open": "1.5292",
            "high": "1.5292",
            "low": "1.5292",
            "close": "1.5292"
        },
        {
            "time": "29.11.2020 01:42",
            "open": "1.5292",
            "high": "1.5292",
            "low": "1.5292",
            "close": "1.5292"
        },
        {
            "time": "29.11.2020 01:43",
            "open": "1.5292",
            "high": "1.5292",
            "low": "1.5292",
            "close": "1.5292"
        },
        {
            "time": "29.11.2020 01:44",
            "open": "1.5292",
            "high": "1.5292",
            "low": "1.5292",
            "close": "1.5292"
        },
        {
            "time": "29.11.2020 01:46",
            "open": "1.5292",
            "high": "1.5292",
            "low": "1.5292",
            "close": "1.5292"
        },
        {
            "time": "29.11.2020 01:47",
            "open": "1.5292",
            "high": "1.5292",
            "low": "1.5292",
            "close": "1.5292"
        },
        {
            "time": "29.11.2020 01:48",
            "open": "1.5292",
            "high": "1.5292",
            "low": "1.5233",
            "close": "1.5205"
        },
        {
            "time": "29.11.2020 01:49",
            "open": "1.5205",
            "high": "1.5205",
            "low": "1.5175",
            "close": "1.5166"
        },
        {
            "time": "29.11.2020 01:50",
            "open": "1.5166",
            "high": "1.5166",
            "low": "1.5166",
            "close": "1.5166"
        },
        {
            "time": "29.11.2020 01:53",
            "open": "1.5166",
            "high": "1.5166",
            "low": "1.5166",
            "close": "1.5167"
        },
        {
            "time": "29.11.2020 01:54",
            "open": "1.5167",
            "high": "1.5167",
            "low": "1.5167",
            "close": "1.5166"
        },
        {
            "time": "29.11.2020 01:57",
            "open": "1.5166",
            "high": "1.5166",
            "low": "1.5166",
            "close": "1.5166"
        },
        {
            "time": "29.11.2020 01:58",
            "open": "1.5166",
            "high": "1.5166",
            "low": "1.5166",
            "close": "1.5117"
        },
        {
            "time": "29.11.2020 02:00",
            "open": "1.5117",
            "high": "1.5117",
            "low": "1.5117",
            "close": "1.5074"
        },
        {
            "time": "29.11.2020 02:09",
            "open": "1.5074",
            "high": "1.5074",
            "low": "1.5",
            "close": "1.5002"
        },
        {
            "time": "29.11.2020 02:10",
            "open": "1.5002",
            "high": "1.5002",
            "low": "1.4992",
            "close": "1.493"
        },
        {
            "time": "29.11.2020 02:11",
            "open": "1.493",
            "high": "1.493",
            "low": "1.493",
            "close": "1.493"
        },
        {
            "time": "29.11.2020 02:14",
            "open": "1.493",
            "high": "1.4935",
            "low": "1.493",
            "close": "1.493"
        },
        {
            "time": "29.11.2020 02:15",
            "open": "1.493",
            "high": "1.493",
            "low": "1.493",
            "close": "1.4945"
        },
        {
            "time": "29.11.2020 02:18",
            "open": "1.4945",
            "high": "1.4948",
            "low": "1.4945",
            "close": "1.4988"
        },
        {
            "time": "29.11.2020 02:20",
            "open": "1.4988",
            "high": "1.5013",
            "low": "1.4988",
            "close": "1.5041"
        },
        {
            "time": "29.11.2020 02:24",
            "open": "1.5041",
            "high": "1.5041",
            "low": "1.5041",
            "close": "1.5076"
        },
        {
            "time": "29.11.2020 02:28",
            "open": "1.5076",
            "high": "1.5077",
            "low": "1.5076",
            "close": "1.5053"
        },
        {
            "time": "29.11.2020 02:29",
            "open": "1.505",
            "high": "1.505",
            "low": "1.505",
            "close": "1.4925"
        },
        {
            "time": "29.11.2020 02:47",
            "open": "1.4925",
            "high": "1.4925",
            "low": "1.4904",
            "close": "1.4946"
        },
        {
            "time": "29.11.2020 02:59",
            "open": "1.4946",
            "high": "1.4946",
            "low": "1.4946",
            "close": "1.4946"
        },
        {
            "time": "29.11.2020 03:02",
            "open": "1.4946",
            "high": "1.4946",
            "low": "1.4946",
            "close": "1.4946"
        },
        {
            "time": "29.11.2020 03:06",
            "open": "1.4946",
            "high": "1.4946",
            "low": "1.4946",
            "close": "1.5079"
        },
        {
            "time": "29.11.2020 03:47",
            "open": "1.5079",
            "high": "1.513",
            "low": "1.5079",
            "close": "1.5127"
        },
        {
            "time": "29.11.2020 03:52",
            "open": "1.5127",
            "high": "1.5127",
            "low": "1.5127",
            "close": "1.5064"
        },
        {
            "time": "29.11.2020 03:53",
            "open": "1.5064",
            "high": "1.5064",
            "low": "1.5064",
            "close": "1.5062"
        },
        {
            "time": "29.11.2020 03:57",
            "open": "1.5062",
            "high": "1.5062",
            "low": "1.5062",
            "close": "1.512"
        },
        {
            "time": "29.11.2020 04:00",
            "open": "1.512",
            "high": "1.512",
            "low": "1.512",
            "close": "1.5137"
        },
        {
            "time": "29.11.2020 04:10",
            "open": "1.5137",
            "high": "1.5137",
            "low": "1.5137",
            "close": "1.5129"
        },
        {
            "time": "29.11.2020 04:13",
            "open": "1.5129",
            "high": "1.513",
            "low": "1.5129",
            "close": "1.5169"
        },
        {
            "time": "29.11.2020 05:24",
            "open": "1.5169",
            "high": "1.517",
            "low": "1.5169",
            "close": "1.5169"
        },
        {
            "time": "29.11.2020 05:44",
            "open": "1.5169",
            "high": "1.5169",
            "low": "1.5169",
            "close": "1.5153"
        },
        {
            "time": "29.11.2020 06:11",
            "open": "1.5153",
            "high": "1.5153",
            "low": "1.5153",
            "close": "1.5226"
        },
        {
            "time": "29.11.2020 06:22",
            "open": "1.5226",
            "high": "1.5226",
            "low": "1.5226",
            "close": "1.5163"
        },
        {
            "time": "29.11.2020 06:25",
            "open": "1.5163",
            "high": "1.5163",
            "low": "1.5163",
            "close": "1.5163"
        },
        {
            "time": "29.11.2020 06:26",
            "open": "1.5163",
            "high": "1.5163",
            "low": "1.5163",
            "close": "1.5163"
        },
        {
            "time": "29.11.2020 06:33",
            "open": "1.5163",
            "high": "1.5163",
            "low": "1.5163",
            "close": "1.5163"
        },
        {
            "time": "29.11.2020 06:53",
            "open": "1.5163",
            "high": "1.5163",
            "low": "1.5163",
            "close": "1.5249"
        },
        {
            "time": "29.11.2020 06:59",
            "open": "1.5249",
            "high": "1.5249",
            "low": "1.5249",
            "close": "1.5292"
        },
        {
            "time": "29.11.2020 07:32",
            "open": "1.5292",
            "high": "1.5292",
            "low": "1.5262",
            "close": "1.5303"
        },
        {
            "time": "29.11.2020 07:35",
            "open": "1.5303",
            "high": "1.5303",
            "low": "1.5303",
            "close": "1.532"
        },
        {
            "time": "29.11.2020 07:45",
            "open": "1.532",
            "high": "1.532",
            "low": "1.532",
            "close": "1.5084"
        },
        {
            "time": "29.11.2020 08:36",
            "open": "1.5084",
            "high": "1.5084",
            "low": "1.5084",
            "close": "1.5092"
        },
        {
            "time": "29.11.2020 08:43",
            "open": "1.5092",
            "high": "1.5092",
            "low": "1.5092",
            "close": "1.5154"
        },
        {
            "time": "29.11.2020 08:44",
            "open": "1.5154",
            "high": "1.517",
            "low": "1.5154",
            "close": "1.5257"
        },
        {
            "time": "29.11.2020 08:50",
            "open": "1.5257",
            "high": "1.5257",
            "low": "1.5257",
            "close": "1.5238"
        },
        {
            "time": "29.11.2020 08:54",
            "open": "1.5238",
            "high": "1.5238",
            "low": "1.5238",
            "close": "1.531"
        },
        {
            "time": "29.11.2020 08:59",
            "open": "1.531",
            "high": "1.531",
            "low": "1.531",
            "close": "1.5253"
        },
        {
            "time": "29.11.2020 09:04",
            "open": "1.5253",
            "high": "1.5253",
            "low": "1.5253",
            "close": "1.5303"
        },
        {
            "time": "29.11.2020 09:05",
            "open": "1.5303",
            "high": "1.5304",
            "low": "1.5303",
            "close": "1.5333"
        },
        {
            "time": "29.11.2020 09:12",
            "open": "1.5333",
            "high": "1.5333",
            "low": "1.5333",
            "close": "1.5334"
        },
        {
            "time": "29.11.2020 09:13",
            "open": "1.5334",
            "high": "1.5334",
            "low": "1.5334",
            "close": "1.532"
        },
        {
            "time": "29.11.2020 09:15",
            "open": "1.532",
            "high": "1.5321",
            "low": "1.532",
            "close": "1.5354"
        },
        {
            "time": "29.11.2020 09:17",
            "open": "1.5354",
            "high": "1.542",
            "low": "1.5297",
            "close": "1.5299"
        },
        {
            "time": "29.11.2020 09:19",
            "open": "1.5299",
            "high": "1.5299",
            "low": "1.5296",
            "close": "1.5425"
        },
        {
            "time": "29.11.2020 09:23",
            "open": "1.5425",
            "high": "1.543",
            "low": "1.5304",
            "close": "1.5328"
        },
        {
            "time": "29.11.2020 09:31",
            "open": "1.5328",
            "high": "1.5328",
            "low": "1.5328",
            "close": "1.5385"
        },
        {
            "time": "29.11.2020 09:43",
            "open": "1.5385",
            "high": "1.5385",
            "low": "1.5385",
            "close": "1.5432"
        },
        {
            "time": "29.11.2020 09:44",
            "open": "1.5432",
            "high": "1.544",
            "low": "1.5432",
            "close": "1.5429"
        },
        {
            "time": "29.11.2020 09:55",
            "open": "1.5429",
            "high": "1.543",
            "low": "1.531",
            "close": "1.5366"
        },
        {
            "time": "29.11.2020 09:57",
            "open": "1.5366",
            "high": "1.5366",
            "low": "1.5366",
            "close": "1.543"
        },
        {
            "time": "29.11.2020 10:02",
            "open": "1.543",
            "high": "1.543",
            "low": "1.543",
            "close": "1.5486"
        },
        {
            "time": "29.11.2020 10:05",
            "open": "1.5486",
            "high": "1.549",
            "low": "1.5486",
            "close": "1.5472"
        },
        {
            "time": "29.11.2020 10:09",
            "open": "1.5472",
            "high": "1.5472",
            "low": "1.5472",
            "close": "1.5499"
        },
        {
            "time": "29.11.2020 10:20",
            "open": "1.5499",
            "high": "1.55",
            "low": "1.5499",
            "close": "1.5395"
        },
        {
            "time": "29.11.2020 10:27",
            "open": "1.5395",
            "high": "1.5395",
            "low": "1.5395",
            "close": "1.5384"
        },
        {
            "time": "29.11.2020 10:30",
            "open": "1.5384",
            "high": "1.5384",
            "low": "1.5269",
            "close": "1.5324"
        },
        {
            "time": "29.11.2020 10:34",
            "open": "1.5324",
            "high": "1.5325",
            "low": "1.5324",
            "close": "1.5275"
        },
        {
            "time": "29.11.2020 10:35",
            "open": "1.5275",
            "high": "1.535",
            "low": "1.5274",
            "close": "1.5233"
        },
        {
            "time": "29.11.2020 10:37",
            "open": "1.5233",
            "high": "1.5233",
            "low": "1.5184",
            "close": "1.5221"
        },
        {
            "time": "29.11.2020 10:41",
            "open": "1.5221",
            "high": "1.5224",
            "low": "1.5221",
            "close": "1.5259"
        },
        {
            "time": "29.11.2020 10:43",
            "open": "1.5259",
            "high": "1.5259",
            "low": "1.5259",
            "close": "1.5211"
        },
        {
            "time": "29.11.2020 10:45",
            "open": "1.5211",
            "high": "1.5211",
            "low": "1.5211",
            "close": "1.5211"
        },
        {
            "time": "29.11.2020 10:51",
            "open": "1.5211",
            "high": "1.5211",
            "low": "1.5211",
            "close": "1.5212"
        },
        {
            "time": "29.11.2020 10:59",
            "open": "1.5212",
            "high": "1.5212",
            "low": "1.5212",
            "close": "1.5212"
        },
        {
            "time": "29.11.2020 11:01",
            "open": "1.5212",
            "high": "1.5212",
            "low": "1.5212",
            "close": "1.5211"
        },
        {
            "time": "29.11.2020 11:08",
            "open": "1.5211",
            "high": "1.5211",
            "low": "1.5211",
            "close": "1.521"
        },
        {
            "time": "29.11.2020 11:11",
            "open": "1.521",
            "high": "1.521",
            "low": "1.521",
            "close": "1.521"
        },
        {
            "time": "29.11.2020 11:13",
            "open": "1.521",
            "high": "1.521",
            "low": "1.521",
            "close": "1.5211"
        },
        {
            "time": "29.11.2020 11:15",
            "open": "1.5211",
            "high": "1.5211",
            "low": "1.5211",
            "close": "1.521"
        },
        {
            "time": "29.11.2020 11:22",
            "open": "1.521",
            "high": "1.521",
            "low": "1.521",
            "close": "1.521"
        },
        {
            "time": "29.11.2020 11:36",
            "open": "1.521",
            "high": "1.521",
            "low": "1.521",
            "close": "1.521"
        },
        {
            "time": "29.11.2020 11:41",
            "open": "1.521",
            "high": "1.521",
            "low": "1.5162",
            "close": "1.5145"
        },
        {
            "time": "29.11.2020 11:54",
            "open": "1.5145",
            "high": "1.5145",
            "low": "1.5135",
            "close": "1.5185"
        },
        {
            "time": "29.11.2020 11:56",
            "open": "1.5185",
            "high": "1.52",
            "low": "1.5185",
            "close": "1.5173"
        },
        {
            "time": "29.11.2020 11:57",
            "open": "1.5173",
            "high": "1.5208",
            "low": "1.5173",
            "close": "1.5209"
        },
        {
            "time": "29.11.2020 11:58",
            "open": "1.5209",
            "high": "1.5209",
            "low": "1.5209",
            "close": "1.519"
        },
        {
            "time": "29.11.2020 12:00",
            "open": "1.519",
            "high": "1.5283",
            "low": "1.519",
            "close": "1.5205"
        },
        {
            "time": "29.11.2020 12:02",
            "open": "1.5205",
            "high": "1.5205",
            "low": "1.5205",
            "close": "1.5216"
        },
        {
            "time": "29.11.2020 12:03",
            "open": "1.5216",
            "high": "1.524",
            "low": "1.5216",
            "close": "1.5212"
        },
        {
            "time": "29.11.2020 12:06",
            "open": "1.5212",
            "high": "1.5212",
            "low": "1.5212",
            "close": "1.521"
        },
        {
            "time": "29.11.2020 12:10",
            "open": "1.521",
            "high": "1.5211",
            "low": "1.521",
            "close": "1.522"
        },
        {
            "time": "29.11.2020 12:15",
            "open": "1.522",
            "high": "1.522",
            "low": "1.522",
            "close": "1.5248"
        },
        {
            "time": "29.11.2020 12:20",
            "open": "1.5248",
            "high": "1.5248",
            "low": "1.5248",
            "close": "1.5248"
        },
        {
            "time": "29.11.2020 12:22",
            "open": "1.5248",
            "high": "1.5248",
            "low": "1.5248",
            "close": "1.5248"
        },
        {
            "time": "29.11.2020 12:25",
            "open": "1.5248",
            "high": "1.5252",
            "low": "1.5248",
            "close": "1.5248"
        },
        {
            "time": "29.11.2020 12:26",
            "open": "1.5248",
            "high": "1.5248",
            "low": "1.5248",
            "close": "1.5248"
        },
        {
            "time": "29.11.2020 12:27",
            "open": "1.5248",
            "high": "1.5248",
            "low": "1.5248",
            "close": "1.5248"
        },
        {
            "time": "29.11.2020 12:28",
            "open": "1.5248",
            "high": "1.5248",
            "low": "1.5248",
            "close": "1.5212"
        },
        {
            "time": "29.11.2020 12:29",
            "open": "1.5212",
            "high": "1.5212",
            "low": "1.5212",
            "close": "1.5208"
        },
        {
            "time": "29.11.2020 12:31",
            "open": "1.5208",
            "high": "1.5208",
            "low": "1.5208",
            "close": "1.5208"
        },
        {
            "time": "29.11.2020 12:35",
            "open": "1.5208",
            "high": "1.5208",
            "low": "1.5208",
            "close": "1.5209"
        },
        {
            "time": "29.11.2020 12:38",
            "open": "1.5209",
            "high": "1.5209",
            "low": "1.5209",
            "close": "1.5239"
        },
        {
            "time": "29.11.2020 12:41",
            "open": "1.5239",
            "high": "1.5241",
            "low": "1.5239",
            "close": "1.5209"
        },
        {
            "time": "29.11.2020 12:47",
            "open": "1.5209",
            "high": "1.5209",
            "low": "1.5209",
            "close": "1.5248"
        },
        {
            "time": "29.11.2020 12:52",
            "open": "1.5248",
            "high": "1.5248",
            "low": "1.5248",
            "close": "1.5209"
        },
        {
            "time": "29.11.2020 12:56",
            "open": "1.5209",
            "high": "1.5209",
            "low": "1.5209",
            "close": "1.5209"
        },
        {
            "time": "29.11.2020 13:06",
            "open": "1.5209",
            "high": "1.5209",
            "low": "1.5209",
            "close": "1.5209"
        },
        {
            "time": "29.11.2020 13:10",
            "open": "1.5209",
            "high": "1.5209",
            "low": "1.5208",
            "close": "1.5209"
        },
        {
            "time": "29.11.2020 13:11",
            "open": "1.5209",
            "high": "1.5209",
            "low": "1.5208",
            "close": "1.5208"
        },
        {
            "time": "29.11.2020 13:12",
            "open": "1.5208",
            "high": "1.5208",
            "low": "1.5208",
            "close": "1.5255"
        },
        {
            "time": "29.11.2020 13:13",
            "open": "1.5255",
            "high": "1.5258",
            "low": "1.5255",
            "close": "1.5211"
        },
        {
            "time": "29.11.2020 13:14",
            "open": "1.5211",
            "high": "1.5211",
            "low": "1.5211",
            "close": "1.5208"
        },
        {
            "time": "29.11.2020 13:24",
            "open": "1.5208",
            "high": "1.5208",
            "low": "1.5208",
            "close": "1.5208"
        },
        {
            "time": "29.11.2020 13:26",
            "open": "1.5208",
            "high": "1.5208",
            "low": "1.5208",
            "close": "1.5208"
        },
        {
            "time": "29.11.2020 13:27",
            "open": "1.5208",
            "high": "1.5208",
            "low": "1.51",
            "close": "1.5125"
        },
        {
            "time": "29.11.2020 13:33",
            "open": "1.5125",
            "high": "1.5125",
            "low": "1.5125",
            "close": "1.5186"
        },
        {
            "time": "29.11.2020 13:37",
            "open": "1.5186",
            "high": "1.5186",
            "low": "1.5186",
            "close": "1.5176"
        },
        {
            "time": "29.11.2020 13:41",
            "open": "1.5176",
            "high": "1.5176",
            "low": "1.5176",
            "close": "1.5203"
        },
        {
            "time": "29.11.2020 13:44",
            "open": "1.5203",
            "high": "1.5254",
            "low": "1.5203",
            "close": "1.5289"
        },
        {
            "time": "29.11.2020 13:53",
            "open": "1.5289",
            "high": "1.5289",
            "low": "1.5289",
            "close": "1.529"
        },
        {
            "time": "29.11.2020 13:54",
            "open": "1.529",
            "high": "1.529",
            "low": "1.529",
            "close": "1.5242"
        },
        {
            "time": "29.11.2020 14:08",
            "open": "1.5242",
            "high": "1.5242",
            "low": "1.5242",
            "close": "1.529"
        },
        {
            "time": "29.11.2020 14:10",
            "open": "1.529",
            "high": "1.53",
            "low": "1.529",
            "close": "1.5236"
        },
        {
            "time": "29.11.2020 14:16",
            "open": "1.5236",
            "high": "1.5236",
            "low": "1.5211",
            "close": "1.5208"
        },
        {
            "time": "29.11.2020 14:20",
            "open": "1.5208",
            "high": "1.5208",
            "low": "1.5208",
            "close": "1.5367"
        },
        {
            "time": "29.11.2020 14:26",
            "open": "1.5367",
            "high": "1.5367",
            "low": "1.5367",
            "close": "1.5304"
        },
        {
            "time": "29.11.2020 14:29",
            "open": "1.5304",
            "high": "1.5304",
            "low": "1.5304",
            "close": "1.5273"
        },
        {
            "time": "29.11.2020 14:55",
            "open": "1.5273",
            "high": "1.5273",
            "low": "1.5273",
            "close": "1.5304"
        },
        {
            "time": "29.11.2020 14:56",
            "open": "1.5304",
            "high": "1.5304",
            "low": "1.5304",
            "close": "1.5304"
        },
        {
            "time": "29.11.2020 14:59",
            "open": "1.5304",
            "high": "1.5304",
            "low": "1.5304",
            "close": "1.5284"
        },
        {
            "time": "29.11.2020 15:02",
            "open": "1.5284",
            "high": "1.5284",
            "low": "1.5284",
            "close": "1.5304"
        },
        {
            "time": "29.11.2020 15:04",
            "open": "1.5304",
            "high": "1.5304",
            "low": "1.5304",
            "close": "1.535"
        },
        {
            "time": "29.11.2020 15:13",
            "open": "1.535",
            "high": "1.535",
            "low": "1.535",
            "close": "1.535"
        },
        {
            "time": "29.11.2020 15:14",
            "open": "1.535",
            "high": "1.5378",
            "low": "1.535",
            "close": "1.5377"
        },
        {
            "time": "29.11.2020 15:15",
            "open": "1.5377",
            "high": "1.5378",
            "low": "1.5377",
            "close": "1.5325"
        },
        {
            "time": "29.11.2020 15:18",
            "open": "1.5325",
            "high": "1.5325",
            "low": "1.5325",
            "close": "1.5332"
        },
        {
            "time": "29.11.2020 15:20",
            "open": "1.5332",
            "high": "1.5332",
            "low": "1.5332",
            "close": "1.5339"
        },
        {
            "time": "29.11.2020 15:29",
            "open": "1.5339",
            "high": "1.534",
            "low": "1.5339",
            "close": "1.5254"
        },
        {
            "time": "29.11.2020 15:31",
            "open": "1.5254",
            "high": "1.5254",
            "low": "1.5254",
            "close": "1.5125"
        },
        {
            "time": "29.11.2020 15:35",
            "open": "1.5125",
            "high": "1.5125",
            "low": "1.5125",
            "close": "1.5124"
        },
        {
            "time": "29.11.2020 15:38",
            "open": "1.5124",
            "high": "1.5124",
            "low": "1.5124",
            "close": "1.5159"
        },
        {
            "time": "29.11.2020 15:43",
            "open": "1.5159",
            "high": "1.5159",
            "low": "1.5159",
            "close": "1.5139"
        },
        {
            "time": "29.11.2020 15:50",
            "open": "1.5139",
            "high": "1.5139",
            "low": "1.5139",
            "close": "1.5125"
        },
        {
            "time": "29.11.2020 15:51",
            "open": "1.5125",
            "high": "1.5125",
            "low": "1.5125",
            "close": "1.5178"
        },
        {
            "time": "29.11.2020 15:52",
            "open": "1.5178",
            "high": "1.5178",
            "low": "1.5178",
            "close": "1.5124"
        },
        {
            "time": "29.11.2020 16:09",
            "open": "1.5124",
            "high": "1.5124",
            "low": "1.5124",
            "close": "1.5124"
        },
        {
            "time": "29.11.2020 16:10",
            "open": "1.5124",
            "high": "1.514",
            "low": "1.5124",
            "close": "1.5074"
        },
        {
            "time": "29.11.2020 16:14",
            "open": "1.5074",
            "high": "1.5074",
            "low": "1.5063",
            "close": "1.5098"
        },
        {
            "time": "29.11.2020 16:17",
            "open": "1.5098",
            "high": "1.5099",
            "low": "1.5098",
            "close": "1.51"
        },
        {
            "time": "29.11.2020 16:21",
            "open": "1.51",
            "high": "1.5235",
            "low": "1.51",
            "close": "1.5076"
        },
        {
            "time": "29.11.2020 16:37",
            "open": "1.5076",
            "high": "1.5076",
            "low": "1.5076",
            "close": "1.5063"
        },
        {
            "time": "29.11.2020 16:38",
            "open": "1.5063",
            "high": "1.5063",
            "low": "1.506",
            "close": "1.506"
        },
        {
            "time": "29.11.2020 16:39",
            "open": "1.506",
            "high": "1.506",
            "low": "1.506",
            "close": "1.5001"
        },
        {
            "time": "29.11.2020 16:40",
            "open": "1.5001",
            "high": "1.5001",
            "low": "1.4994",
            "close": "1.5071"
        },
        {
            "time": "29.11.2020 16:42",
            "open": "1.5071",
            "high": "1.508",
            "low": "1.5012",
            "close": "1.5043"
        },
        {
            "time": "29.11.2020 16:44",
            "open": "1.5043",
            "high": "1.5044",
            "low": "1.5043",
            "close": "1.5055"
        },
        {
            "time": "29.11.2020 17:01",
            "open": "1.5055",
            "high": "1.5055",
            "low": "1.5055",
            "close": "1.5093"
        },
        {
            "time": "29.11.2020 17:03",
            "open": "1.5093",
            "high": "1.5093",
            "low": "1.5093",
            "close": "1.5004"
        },
        {
            "time": "29.11.2020 17:05",
            "open": "1.5004",
            "high": "1.5004",
            "low": "1.5004",
            "close": "1.5003"
        },
        {
            "time": "29.11.2020 17:07",
            "open": "1.5003",
            "high": "1.5003",
            "low": "1.5003",
            "close": "1.5106"
        },
        {
            "time": "29.11.2020 17:08",
            "open": "1.5106",
            "high": "1.5107",
            "low": "1.5106",
            "close": "1.5035"
        },
        {
            "time": "29.11.2020 17:09",
            "open": "1.5035",
            "high": "1.5035",
            "low": "1.5035",
            "close": "1.5075"
        },
        {
            "time": "29.11.2020 17:13",
            "open": "1.5075",
            "high": "1.5075",
            "low": "1.5074",
            "close": "1.5084"
        },
        {
            "time": "29.11.2020 17:15",
            "open": "1.5084",
            "high": "1.5084",
            "low": "1.5084",
            "close": "1.5081"
        },
        {
            "time": "29.11.2020 17:17",
            "open": "1.5081",
            "high": "1.5081",
            "low": "1.5081",
            "close": "1.5091"
        },
        {
            "time": "29.11.2020 17:18",
            "open": "1.5091",
            "high": "1.5091",
            "low": "1.509",
            "close": "1.5087"
        },
        {
            "time": "29.11.2020 17:20",
            "open": "1.5087",
            "high": "1.5087",
            "low": "1.5087",
            "close": "1.5087"
        },
        {
            "time": "29.11.2020 17:27",
            "open": "1.5087",
            "high": "1.5087",
            "low": "1.5087",
            "close": "1.4992"
        },
        {
            "time": "29.11.2020 17:30",
            "open": "1.4992",
            "high": "1.4992",
            "low": "1.4972",
            "close": "1.4966"
        },
        {
            "time": "29.11.2020 17:32",
            "open": "1.4966",
            "high": "1.4966",
            "low": "1.4966",
            "close": "1.4966"
        },
        {
            "time": "29.11.2020 17:35",
            "open": "1.4966",
            "high": "1.4966",
            "low": "1.4903",
            "close": "1.4962"
        },
        {
            "time": "29.11.2020 17:36",
            "open": "1.4962",
            "high": "1.4982",
            "low": "1.4962",
            "close": "1.497"
        },
        {
            "time": "29.11.2020 17:46",
            "open": "1.497",
            "high": "1.497",
            "low": "1.497",
            "close": "1.497"
        },
        {
            "time": "29.11.2020 17:47",
            "open": "1.497",
            "high": "1.497",
            "low": "1.497",
            "close": "1.497"
        },
        {
            "time": "29.11.2020 17:49",
            "open": "1.497",
            "high": "1.497",
            "low": "1.497",
            "close": "1.497"
        },
        {
            "time": "29.11.2020 17:52",
            "open": "1.497",
            "high": "1.497",
            "low": "1.497",
            "close": "1.497"
        },
        {
            "time": "29.11.2020 17:55",
            "open": "1.497",
            "high": "1.497",
            "low": "1.497",
            "close": "1.497"
        },
        {
            "time": "29.11.2020 17:56",
            "open": "1.497",
            "high": "1.497",
            "low": "1.497",
            "close": "1.5026"
        },
        {
            "time": "29.11.2020 17:57",
            "open": "1.5026",
            "high": "1.5038",
            "low": "1.5026",
            "close": "1.4971"
        },
        {
            "time": "29.11.2020 17:59",
            "open": "1.4971",
            "high": "1.4973",
            "low": "1.4971",
            "close": "1.5028"
        },
        {
            "time": "29.11.2020 18:00",
            "open": "1.5028",
            "high": "1.5029",
            "low": "1.5028",
            "close": "1.4971"
        },
        {
            "time": "29.11.2020 18:01",
            "open": "1.4971",
            "high": "1.4971",
            "low": "1.4971",
            "close": "1.4971"
        },
        {
            "time": "29.11.2020 18:02",
            "open": "1.4971",
            "high": "1.4971",
            "low": "1.4954",
            "close": "1.5027"
        },
        {
            "time": "29.11.2020 18:05",
            "open": "1.5027",
            "high": "1.5027",
            "low": "1.5027",
            "close": "1.4998"
        },
        {
            "time": "29.11.2020 18:11",
            "open": "1.4998",
            "high": "1.4998",
            "low": "1.4998",
            "close": "1.5027"
        },
        {
            "time": "29.11.2020 18:16",
            "open": "1.5027",
            "high": "1.5027",
            "low": "1.5027",
            "close": "1.5079"
        },
        {
            "time": "29.11.2020 18:18",
            "open": "1.5079",
            "high": "1.5079",
            "low": "1.5079",
            "close": "1.5217"
        },
        {
            "time": "29.11.2020 18:22",
            "open": "1.5217",
            "high": "1.5217",
            "low": "1.5217",
            "close": "1.5135"
        },
        {
            "time": "29.11.2020 18:27",
            "open": "1.5135",
            "high": "1.5135",
            "low": "1.5135",
            "close": "1.5135"
        },
        {
            "time": "29.11.2020 18:32",
            "open": "1.5135",
            "high": "1.5135",
            "low": "1.5135",
            "close": "1.5036"
        },
        {
            "time": "29.11.2020 18:44",
            "open": "1.5036",
            "high": "1.5036",
            "low": "1.5036",
            "close": "1.5017"
        },
        {
            "time": "29.11.2020 18:45",
            "open": "1.5017",
            "high": "1.5017",
            "low": "1.5017",
            "close": "1.508"
        },
        {
            "time": "29.11.2020 18:52",
            "open": "1.508",
            "high": "1.508",
            "low": "1.508",
            "close": "1.5015"
        },
        {
            "time": "29.11.2020 18:53",
            "open": "1.5015",
            "high": "1.5015",
            "low": "1.5015",
            "close": "1.5035"
        },
        {
            "time": "29.11.2020 18:59",
            "open": "1.5035",
            "high": "1.5035",
            "low": "1.5035",
            "close": "1.5025"
        },
        {
            "time": "29.11.2020 19:02",
            "open": "1.5025",
            "high": "1.5025",
            "low": "1.5025",
            "close": "1.5053"
        },
        {
            "time": "29.11.2020 19:10",
            "open": "1.5053",
            "high": "1.5053",
            "low": "1.5053",
            "close": "1.5053"
        },
        {
            "time": "29.11.2020 19:13",
            "open": "1.5053",
            "high": "1.5053",
            "low": "1.5042",
            "close": "1.5064"
        },
        {
            "time": "29.11.2020 19:18",
            "open": "1.5064",
            "high": "1.5064",
            "low": "1.5064",
            "close": "1.5094"
        },
        {
            "time": "29.11.2020 19:28",
            "open": "1.5094",
            "high": "1.5094",
            "low": "1.5094",
            "close": "1.5074"
        },
        {
            "time": "29.11.2020 19:39",
            "open": "1.5074",
            "high": "1.5074",
            "low": "1.5072",
            "close": "1.503"
        },
        {
            "time": "29.11.2020 19:40",
            "open": "1.503",
            "high": "1.503",
            "low": "1.503",
            "close": "1.503"
        },
        {
            "time": "29.11.2020 19:41",
            "open": "1.503",
            "high": "1.503",
            "low": "1.503",
            "close": "1.5096"
        },
        {
            "time": "29.11.2020 19:42",
            "open": "1.5096",
            "high": "1.5096",
            "low": "1.5096",
            "close": "1.5044"
        },
        {
            "time": "29.11.2020 19:47",
            "open": "1.5044",
            "high": "1.5044",
            "low": "1.5023",
            "close": "1.5092"
        },
        {
            "time": "29.11.2020 19:50",
            "open": "1.5092",
            "high": "1.516",
            "low": "1.5092",
            "close": "1.514"
        },
        {
            "time": "29.11.2020 19:54",
            "open": "1.514",
            "high": "1.514",
            "low": "1.514",
            "close": "1.5135"
        },
        {
            "time": "29.11.2020 19:55",
            "open": "1.5135",
            "high": "1.5135",
            "low": "1.5132",
            "close": "1.5157"
        },
        {
            "time": "29.11.2020 19:59",
            "open": "1.5157",
            "high": "1.5157",
            "low": "1.5156",
            "close": "1.5171"
        },
        {
            "time": "29.11.2020 20:19",
            "open": "1.5171",
            "high": "1.5171",
            "low": "1.5171",
            "close": "1.519"
        },
        {
            "time": "29.11.2020 20:27",
            "open": "1.519",
            "high": "1.519",
            "low": "1.519",
            "close": "1.5221"
        },
        {
            "time": "29.11.2020 20:40",
            "open": "1.5221",
            "high": "1.5221",
            "low": "1.522",
            "close": "1.521"
        },
        {
            "time": "29.11.2020 20:43",
            "open": "1.521",
            "high": "1.521",
            "low": "1.521",
            "close": "1.5249"
        },
        {
            "time": "29.11.2020 20:44",
            "open": "1.5249",
            "high": "1.5285",
            "low": "1.5249",
            "close": "1.519"
        },
        {
            "time": "29.11.2020 20:58",
            "open": "1.519",
            "high": "1.519",
            "low": "1.519",
            "close": "1.519"
        },
        {
            "time": "29.11.2020 21:04",
            "open": "1.519",
            "high": "1.519",
            "low": "1.519",
            "close": "1.506"
        },
        {
            "time": "29.11.2020 21:11",
            "open": "1.506",
            "high": "1.506",
            "low": "1.506",
            "close": "1.506"
        },
        {
            "time": "29.11.2020 21:12",
            "open": "1.506",
            "high": "1.506",
            "low": "1.5012",
            "close": "1.5012"
        },
        {
            "time": "29.11.2020 21:13",
            "open": "1.5012",
            "high": "1.5012",
            "low": "1.5012",
            "close": "1.4999"
        },
        {
            "time": "29.11.2020 21:18",
            "open": "1.4999",
            "high": "1.4999",
            "low": "1.4999",
            "close": "1.4999"
        },
        {
            "time": "29.11.2020 21:19",
            "open": "1.4999",
            "high": "1.4999",
            "low": "1.4999",
            "close": "1.4999"
        },
        {
            "time": "29.11.2020 21:20",
            "open": "1.4999",
            "high": "1.4999",
            "low": "1.4999",
            "close": "1.5042"
        },
        {
            "time": "29.11.2020 21:22",
            "open": "1.5042",
            "high": "1.505",
            "low": "1.5042",
            "close": "1.503"
        },
        {
            "time": "29.11.2020 21:23",
            "open": "1.503",
            "high": "1.504",
            "low": "1.503",
            "close": "1.4999"
        },
        {
            "time": "29.11.2020 21:24",
            "open": "1.4999",
            "high": "1.4999",
            "low": "1.4999",
            "close": "1.504"
        },
        {
            "time": "29.11.2020 21:27",
            "open": "1.504",
            "high": "1.5041",
            "low": "1.504",
            "close": "1.4999"
        },
        {
            "time": "29.11.2020 21:31",
            "open": "1.4999",
            "high": "1.4999",
            "low": "1.4999",
            "close": "1.5039"
        },
        {
            "time": "29.11.2020 21:36",
            "open": "1.5039",
            "high": "1.504",
            "low": "1.5039",
            "close": "1.5048"
        },
        {
            "time": "29.11.2020 21:38",
            "open": "1.5048",
            "high": "1.5048",
            "low": "1.5048",
            "close": "1.5049"
        },
        {
            "time": "29.11.2020 21:41",
            "open": "1.5049",
            "high": "1.5049",
            "low": "1.5049",
            "close": "1.5042"
        },
        {
            "time": "29.11.2020 21:42",
            "open": "1.5042",
            "high": "1.505",
            "low": "1.5042",
            "close": "1.504"
        },
        {
            "time": "29.11.2020 21:48",
            "open": "1.504",
            "high": "1.504",
            "low": "1.504",
            "close": "1.5078"
        },
        {
            "time": "29.11.2020 21:49",
            "open": "1.5078",
            "high": "1.508",
            "low": "1.5078",
            "close": "1.5051"
        },
        {
            "time": "29.11.2020 21:50",
            "open": "1.5051",
            "high": "1.5051",
            "low": "1.5044",
            "close": "1.5092"
        },
        {
            "time": "29.11.2020 21:54",
            "open": "1.5092",
            "high": "1.51",
            "low": "1.5092",
            "close": "1.509"
        },
        {
            "time": "29.11.2020 21:55",
            "open": "1.509",
            "high": "1.5091",
            "low": "1.509",
            "close": "1.5055"
        },
        {
            "time": "29.11.2020 22:09",
            "open": "1.5055",
            "high": "1.5055",
            "low": "1.5055",
            "close": "1.5066"
        },
        {
            "time": "29.11.2020 22:11",
            "open": "1.5066",
            "high": "1.5066",
            "low": "1.5066",
            "close": "1.5071"
        },
        {
            "time": "29.11.2020 22:14",
            "open": "1.5071",
            "high": "1.5071",
            "low": "1.5071",
            "close": "1.5074"
        },
        {
            "time": "29.11.2020 22:17",
            "open": "1.5074",
            "high": "1.5074",
            "low": "1.5066",
            "close": "1.5077"
        },
        {
            "time": "29.11.2020 22:20",
            "open": "1.5077",
            "high": "1.5079",
            "low": "1.5077",
            "close": "1.5067"
        },
        {
            "time": "29.11.2020 22:23",
            "open": "1.5067",
            "high": "1.5067",
            "low": "1.5067",
            "close": "1.51"
        },
        {
            "time": "29.11.2020 22:26",
            "open": "1.51",
            "high": "1.516",
            "low": "1.51",
            "close": "1.5139"
        },
        {
            "time": "29.11.2020 22:28",
            "open": "1.5139",
            "high": "1.5139",
            "low": "1.5139",
            "close": "1.5083"
        },
        {
            "time": "29.11.2020 22:30",
            "open": "1.5083",
            "high": "1.5083",
            "low": "1.5083",
            "close": "1.5139"
        },
        {
            "time": "29.11.2020 22:31",
            "open": "1.5139",
            "high": "1.515",
            "low": "1.5139",
            "close": "1.5147"
        },
        {
            "time": "29.11.2020 22:33",
            "open": "1.5147",
            "high": "1.515",
            "low": "1.5086",
            "close": "1.5149"
        },
        {
            "time": "29.11.2020 22:34",
            "open": "1.5149",
            "high": "1.515",
            "low": "1.5149",
            "close": "1.515"
        },
        {
            "time": "29.11.2020 22:35",
            "open": "1.515",
            "high": "1.515",
            "low": "1.5149",
            "close": "1.5095"
        },
        {
            "time": "29.11.2020 22:37",
            "open": "1.5095",
            "high": "1.5095",
            "low": "1.5095",
            "close": "1.5159"
        },
        {
            "time": "29.11.2020 22:43",
            "open": "1.5159",
            "high": "1.5159",
            "low": "1.5159",
            "close": "1.516"
        },
        {
            "time": "29.11.2020 22:44",
            "open": "1.516",
            "high": "1.516",
            "low": "1.516",
            "close": "1.5159"
        },
        {
            "time": "29.11.2020 22:50",
            "open": "1.5159",
            "high": "1.5159",
            "low": "1.5159",
            "close": "1.516"
        },
        {
            "time": "29.11.2020 22:52",
            "open": "1.516",
            "high": "1.517",
            "low": "1.516",
            "close": "1.518"
        },
        {
            "time": "29.11.2020 22:53",
            "open": "1.518",
            "high": "1.518",
            "low": "1.518",
            "close": "1.518"
        },
        {
            "time": "29.11.2020 23:00",
            "open": "1.518",
            "high": "1.518",
            "low": "1.518",
            "close": "1.52"
        },
        {
            "time": "29.11.2020 23:03",
            "open": "1.52",
            "high": "1.52",
            "low": "1.52",
            "close": "1.5199"
        },
        {
            "time": "29.11.2020 23:04",
            "open": "1.5199",
            "high": "1.5199",
            "low": "1.5145",
            "close": "1.5184"
        },
        {
            "time": "29.11.2020 23:05",
            "open": "1.5184",
            "high": "1.5184",
            "low": "1.5184",
            "close": "1.52"
        },
        {
            "time": "29.11.2020 23:07",
            "open": "1.52",
            "high": "1.52",
            "low": "1.52",
            "close": "1.521"
        },
        {
            "time": "29.11.2020 23:08",
            "open": "1.521",
            "high": "1.521",
            "low": "1.521",
            "close": "1.5207"
        },
        {
            "time": "29.11.2020 23:12",
            "open": "1.5207",
            "high": "1.5207",
            "low": "1.5207",
            "close": "1.5199"
        },
        {
            "time": "29.11.2020 23:14",
            "open": "1.5199",
            "high": "1.5199",
            "low": "1.5199",
            "close": "1.5209"
        },
        {
            "time": "29.11.2020 23:15",
            "open": "1.5209",
            "high": "1.5209",
            "low": "1.52",
            "close": "1.5206"
        },
        {
            "time": "29.11.2020 23:17",
            "open": "1.5206",
            "high": "1.5206",
            "low": "1.5206",
            "close": "1.5208"
        },
        {
            "time": "29.11.2020 23:18",
            "open": "1.5208",
            "high": "1.5208",
            "low": "1.5208",
            "close": "1.521"
        },
        {
            "time": "29.11.2020 23:19",
            "open": "1.521",
            "high": "1.525",
            "low": "1.521",
            "close": "1.5255"
        },
        {
            "time": "29.11.2020 23:20",
            "open": "1.5255",
            "high": "1.5255",
            "low": "1.5255",
            "close": "1.5292"
        },
        {
            "time": "29.11.2020 23:22",
            "open": "1.5292",
            "high": "1.5397",
            "low": "1.5292",
            "close": "1.539"
        },
        {
            "time": "29.11.2020 23:23",
            "open": "1.539",
            "high": "1.539",
            "low": "1.539",
            "close": "1.5295"
        },
        {
            "time": "29.11.2020 23:24",
            "open": "1.5295",
            "high": "1.5318",
            "low": "1.5295",
            "close": "1.5312"
        },
        {
            "time": "29.11.2020 23:26",
            "open": "1.5312",
            "high": "1.5312",
            "low": "1.529",
            "close": "1.5361"
        },
        {
            "time": "29.11.2020 23:27",
            "open": "1.5361",
            "high": "1.5361",
            "low": "1.5361",
            "close": "1.5308"
        },
        {
            "time": "29.11.2020 23:28",
            "open": "1.5308",
            "high": "1.5308",
            "low": "1.53",
            "close": "1.5311"
        },
        {
            "time": "29.11.2020 23:36",
            "open": "1.5311",
            "high": "1.565",
            "low": "1.5261",
            "close": "1.5357"
        },
        {
            "time": "29.11.2020 23:37",
            "open": "1.5357",
            "high": "1.5357",
            "low": "1.5357",
            "close": "1.5304"
        },
        {
            "time": "29.11.2020 23:38",
            "open": "1.5304",
            "high": "1.5304",
            "low": "1.5304",
            "close": "1.5292"
        },
        {
            "time": "29.11.2020 23:42",
            "open": "1.5292",
            "high": "1.5292",
            "low": "1.5292",
            "close": "1.5282"
        },
        {
            "time": "29.11.2020 23:45",
            "open": "1.5282",
            "high": "1.5282",
            "low": "1.5269",
            "close": "1.5233"
        },
        {
            "time": "29.11.2020 23:50",
            "open": "1.5233",
            "high": "1.5233",
            "low": "1.5183",
            "close": "1.5166"
        }
    ]
}