{
    "BNT-EUR": [
        {
            "time": "03.04.2021 23:55",
            "open": "6.3344",
            "high": "6.3459",
            "low": "6.3344",
            "close": "6.3152"
        },
        {
            "time": "04.04.2021 00:01",
            "open": "6.3152",
            "high": "6.3152",
            "low": "6.31",
            "close": "6.3005"
        },
        {
            "time": "04.04.2021 00:02",
            "open": "6.3005",
            "high": "6.3095",
            "low": "6.3",
            "close": "6.2779"
        },
        {
            "time": "04.04.2021 00:04",
            "open": "6.2779",
            "high": "6.2976",
            "low": "6.2727",
            "close": "6.2924"
        },
        {
            "time": "04.04.2021 00:06",
            "open": "6.2924",
            "high": "6.2924",
            "low": "6.2923",
            "close": "6.2989"
        },
        {
            "time": "04.04.2021 00:07",
            "open": "6.2989",
            "high": "6.3",
            "low": "6.2989",
            "close": "6.2954"
        },
        {
            "time": "04.04.2021 00:08",
            "open": "6.2954",
            "high": "6.2954",
            "low": "6.2954",
            "close": "6.3004"
        },
        {
            "time": "04.04.2021 00:11",
            "open": "6.3004",
            "high": "6.3004",
            "low": "6.3004",
            "close": "6.3111"
        },
        {
            "time": "04.04.2021 00:12",
            "open": "6.3111",
            "high": "6.3111",
            "low": "6.3111",
            "close": "6.3025"
        },
        {
            "time": "04.04.2021 00:15",
            "open": "6.3025",
            "high": "6.3025",
            "low": "6.3025",
            "close": "6.3098"
        },
        {
            "time": "04.04.2021 00:17",
            "open": "6.3098",
            "high": "6.3098",
            "low": "6.3098",
            "close": "6.3518"
        },
        {
            "time": "04.04.2021 00:19",
            "open": "6.3518",
            "high": "6.3518",
            "low": "6.3518",
            "close": "6.305"
        },
        {
            "time": "04.04.2021 00:26",
            "open": "6.305",
            "high": "6.305",
            "low": "6.305",
            "close": "6.26"
        },
        {
            "time": "04.04.2021 00:31",
            "open": "6.26",
            "high": "6.26",
            "low": "6.25",
            "close": "6.2427"
        },
        {
            "time": "04.04.2021 00:32",
            "open": "6.2427",
            "high": "6.2642",
            "low": "6.2427",
            "close": "6.2412"
        },
        {
            "time": "04.04.2021 00:33",
            "open": "6.2412",
            "high": "6.2558",
            "low": "6.2412",
            "close": "6.2659"
        },
        {
            "time": "04.04.2021 00:41",
            "open": "6.2659",
            "high": "6.2659",
            "low": "6.2659",
            "close": "6.2954"
        },
        {
            "time": "04.04.2021 00:43",
            "open": "6.2954",
            "high": "6.2954",
            "low": "6.2954",
            "close": "6.2992"
        },
        {
            "time": "04.04.2021 00:47",
            "open": "6.2992",
            "high": "6.2992",
            "low": "6.2992",
            "close": "6.3273"
        },
        {
            "time": "04.04.2021 00:52",
            "open": "6.3273",
            "high": "6.3273",
            "low": "6.3273",
            "close": "6.291"
        },
        {
            "time": "04.04.2021 01:00",
            "open": "6.291",
            "high": "6.291",
            "low": "6.291",
            "close": "6.291"
        },
        {
            "time": "04.04.2021 01:02",
            "open": "6.291",
            "high": "6.291",
            "low": "6.291",
            "close": "6.3326"
        },
        {
            "time": "04.04.2021 01:27",
            "open": "6.3326",
            "high": "6.3326",
            "low": "6.3273",
            "close": "6.3404"
        },
        {
            "time": "04.04.2021 01:28",
            "open": "6.3404",
            "high": "6.3404",
            "low": "6.3404",
            "close": "6.2923"
        },
        {
            "time": "04.04.2021 01:41",
            "open": "6.2923",
            "high": "6.2923",
            "low": "6.2923",
            "close": "6.2923"
        },
        {
            "time": "04.04.2021 01:44",
            "open": "6.2923",
            "high": "6.2923",
            "low": "6.2923",
            "close": "6.2588"
        },
        {
            "time": "04.04.2021 02:00",
            "open": "6.2588",
            "high": "6.2588",
            "low": "6.2588",
            "close": "6.2542"
        },
        {
            "time": "04.04.2021 02:01",
            "open": "6.2542",
            "high": "6.2542",
            "low": "6.2542",
            "close": "6.2267"
        },
        {
            "time": "04.04.2021 02:02",
            "open": "6.2267",
            "high": "6.2267",
            "low": "6.221",
            "close": "6.2086"
        },
        {
            "time": "04.04.2021 02:04",
            "open": "6.2086",
            "high": "6.2227",
            "low": "6.2086",
            "close": "6.2264"
        },
        {
            "time": "04.04.2021 02:05",
            "open": "6.2264",
            "high": "6.2334",
            "low": "6.2264",
            "close": "6.2459"
        },
        {
            "time": "04.04.2021 02:06",
            "open": "6.2459",
            "high": "6.2498",
            "low": "6.2459",
            "close": "6.2686"
        },
        {
            "time": "04.04.2021 02:07",
            "open": "6.2686",
            "high": "6.2686",
            "low": "6.2686",
            "close": "6.2756"
        },
        {
            "time": "04.04.2021 02:11",
            "open": "6.2756",
            "high": "6.2756",
            "low": "6.2756",
            "close": "6.277"
        },
        {
            "time": "04.04.2021 02:13",
            "open": "6.277",
            "high": "6.277",
            "low": "6.277",
            "close": "6.254"
        },
        {
            "time": "04.04.2021 02:16",
            "open": "6.254",
            "high": "6.254",
            "low": "6.2464",
            "close": "6.3026"
        },
        {
            "time": "04.04.2021 02:32",
            "open": "6.3026",
            "high": "6.3026",
            "low": "6.3026",
            "close": "6.3135"
        },
        {
            "time": "04.04.2021 02:45",
            "open": "6.3135",
            "high": "6.3135",
            "low": "6.3103",
            "close": "6.323"
        },
        {
            "time": "04.04.2021 02:46",
            "open": "6.323",
            "high": "6.3231",
            "low": "6.323",
            "close": "6.2863"
        },
        {
            "time": "04.04.2021 02:53",
            "open": "6.2863",
            "high": "6.2864",
            "low": "6.2585",
            "close": "6.2527"
        },
        {
            "time": "04.04.2021 02:55",
            "open": "6.2527",
            "high": "6.2527",
            "low": "6.2527",
            "close": "6.2594"
        },
        {
            "time": "04.04.2021 02:56",
            "open": "6.2594",
            "high": "6.2594",
            "low": "6.2594",
            "close": "6.271"
        },
        {
            "time": "04.04.2021 02:57",
            "open": "6.271",
            "high": "6.271",
            "low": "6.271",
            "close": "6.2777"
        },
        {
            "time": "04.04.2021 02:58",
            "open": "6.2777",
            "high": "6.2777",
            "low": "6.2777",
            "close": "6.2572"
        },
        {
            "time": "04.04.2021 03:22",
            "open": "6.2572",
            "high": "6.2572",
            "low": "6.2572",
            "close": "6.2903"
        },
        {
            "time": "04.04.2021 03:38",
            "open": "6.2903",
            "high": "6.2903",
            "low": "6.2903",
            "close": "6.2973"
        },
        {
            "time": "04.04.2021 03:46",
            "open": "6.2973",
            "high": "6.2973",
            "low": "6.2955",
            "close": "6.3028"
        },
        {
            "time": "04.04.2021 03:50",
            "open": "6.3028",
            "high": "6.3028",
            "low": "6.3028",
            "close": "6.2947"
        },
        {
            "time": "04.04.2021 03:57",
            "open": "6.2947",
            "high": "6.2947",
            "low": "6.2947",
            "close": "6.3241"
        },
        {
            "time": "04.04.2021 04:01",
            "open": "6.3241",
            "high": "6.3241",
            "low": "6.3241",
            "close": "6.3237"
        },
        {
            "time": "04.04.2021 04:02",
            "open": "6.3237",
            "high": "6.3237",
            "low": "6.3237",
            "close": "6.3183"
        },
        {
            "time": "04.04.2021 04:10",
            "open": "6.3183",
            "high": "6.3183",
            "low": "6.3183",
            "close": "6.3235"
        },
        {
            "time": "04.04.2021 04:12",
            "open": "6.3235",
            "high": "6.3235",
            "low": "6.3235",
            "close": "6.3435"
        },
        {
            "time": "04.04.2021 04:25",
            "open": "6.3435",
            "high": "6.3435",
            "low": "6.3338",
            "close": "6.3711"
        },
        {
            "time": "04.04.2021 04:53",
            "open": "6.3711",
            "high": "6.3711",
            "low": "6.3711",
            "close": "6.3605"
        },
        {
            "time": "04.04.2021 05:07",
            "open": "6.3605",
            "high": "6.3606",
            "low": "6.3605",
            "close": "6.3458"
        },
        {
            "time": "04.04.2021 05:09",
            "open": "6.3458",
            "high": "6.3458",
            "low": "6.3458",
            "close": "6.3509"
        },
        {
            "time": "04.04.2021 06:27",
            "open": "6.3509",
            "high": "6.3509",
            "low": "6.3509",
            "close": "6.3533"
        },
        {
            "time": "04.04.2021 07:04",
            "open": "6.3533",
            "high": "6.3533",
            "low": "6.3533",
            "close": "6.3509"
        },
        {
            "time": "04.04.2021 07:11",
            "open": "6.3509",
            "high": "6.3509",
            "low": "6.3509",
            "close": "6.3509"
        },
        {
            "time": "04.04.2021 07:21",
            "open": "6.3509",
            "high": "6.3509",
            "low": "6.3509",
            "close": "6.3509"
        },
        {
            "time": "04.04.2021 07:23",
            "open": "6.3509",
            "high": "6.3511",
            "low": "6.3509",
            "close": "6.3509"
        },
        {
            "time": "04.04.2021 07:25",
            "open": "6.3509",
            "high": "6.3509",
            "low": "6.3509",
            "close": "6.3477"
        },
        {
            "time": "04.04.2021 07:31",
            "open": "6.3477",
            "high": "6.3477",
            "low": "6.3477",
            "close": "6.3307"
        },
        {
            "time": "04.04.2021 07:55",
            "open": "6.3307",
            "high": "6.3307",
            "low": "6.3307",
            "close": "6.3489"
        },
        {
            "time": "04.04.2021 07:57",
            "open": "6.3489",
            "high": "6.4121",
            "low": "6.3489",
            "close": "6.3284"
        },
        {
            "time": "04.04.2021 07:58",
            "open": "6.3284",
            "high": "6.3406",
            "low": "6.3284",
            "close": "6.3576"
        },
        {
            "time": "04.04.2021 08:05",
            "open": "6.3576",
            "high": "6.3595",
            "low": "6.3576",
            "close": "6.3633"
        },
        {
            "time": "04.04.2021 08:06",
            "open": "6.3633",
            "high": "6.3688",
            "low": "6.3633",
            "close": "6.3374"
        },
        {
            "time": "04.04.2021 08:09",
            "open": "6.3374",
            "high": "6.3374",
            "low": "6.3374",
            "close": "6.3303"
        },
        {
            "time": "04.04.2021 08:12",
            "open": "6.3303",
            "high": "6.3304",
            "low": "6.3303",
            "close": "6.3269"
        },
        {
            "time": "04.04.2021 08:14",
            "open": "6.3269",
            "high": "6.3269",
            "low": "6.3241",
            "close": "6.3272"
        },
        {
            "time": "04.04.2021 08:27",
            "open": "6.3272",
            "high": "6.329",
            "low": "6.3272",
            "close": "6.329"
        },
        {
            "time": "04.04.2021 08:28",
            "open": "6.329",
            "high": "6.329",
            "low": "6.329",
            "close": "6.329"
        },
        {
            "time": "04.04.2021 08:29",
            "open": "6.329",
            "high": "6.3468",
            "low": "6.329",
            "close": "6.3468"
        },
        {
            "time": "04.04.2021 08:35",
            "open": "6.3468",
            "high": "6.3468",
            "low": "6.3468",
            "close": "6.3359"
        },
        {
            "time": "04.04.2021 08:36",
            "open": "6.3359",
            "high": "6.3372",
            "low": "6.3359",
            "close": "6.3602"
        },
        {
            "time": "04.04.2021 08:38",
            "open": "6.3602",
            "high": "6.3602",
            "low": "6.3602",
            "close": "6.3548"
        },
        {
            "time": "04.04.2021 08:44",
            "open": "6.3548",
            "high": "6.3548",
            "low": "6.3548",
            "close": "6.3443"
        },
        {
            "time": "04.04.2021 08:51",
            "open": "6.3443",
            "high": "6.3443",
            "low": "6.3414",
            "close": "6.3251"
        },
        {
            "time": "04.04.2021 08:52",
            "open": "6.3251",
            "high": "6.3251",
            "low": "6.325",
            "close": "6.349"
        },
        {
            "time": "04.04.2021 08:59",
            "open": "6.349",
            "high": "6.3628",
            "low": "6.349",
            "close": "6.3755"
        },
        {
            "time": "04.04.2021 09:07",
            "open": "6.3755",
            "high": "6.3755",
            "low": "6.3755",
            "close": "6.3755"
        },
        {
            "time": "04.04.2021 09:12",
            "open": "6.3755",
            "high": "6.3755",
            "low": "6.3755",
            "close": "6.3755"
        },
        {
            "time": "04.04.2021 09:17",
            "open": "6.3755",
            "high": "6.3755",
            "low": "6.366",
            "close": "6.3881"
        },
        {
            "time": "04.04.2021 09:28",
            "open": "6.3881",
            "high": "6.3881",
            "low": "6.3881",
            "close": "6.3881"
        },
        {
            "time": "04.04.2021 09:33",
            "open": "6.3881",
            "high": "6.3881",
            "low": "6.3881",
            "close": "6.3881"
        },
        {
            "time": "04.04.2021 09:34",
            "open": "6.3881",
            "high": "6.3881",
            "low": "6.3881",
            "close": "6.3802"
        },
        {
            "time": "04.04.2021 09:35",
            "open": "6.3802",
            "high": "6.3802",
            "low": "6.3802",
            "close": "6.3779"
        },
        {
            "time": "04.04.2021 09:40",
            "open": "6.3779",
            "high": "6.3779",
            "low": "6.3779",
            "close": "6.3742"
        },
        {
            "time": "04.04.2021 09:43",
            "open": "6.3742",
            "high": "6.3742",
            "low": "6.366",
            "close": "6.363"
        },
        {
            "time": "04.04.2021 09:48",
            "open": "6.363",
            "high": "6.363",
            "low": "6.363",
            "close": "6.3782"
        },
        {
            "time": "04.04.2021 09:56",
            "open": "6.3782",
            "high": "6.3782",
            "low": "6.3737",
            "close": "6.4008"
        },
        {
            "time": "04.04.2021 09:57",
            "open": "6.4008",
            "high": "6.4008",
            "low": "6.4008",
            "close": "6.3907"
        },
        {
            "time": "04.04.2021 10:01",
            "open": "6.3907",
            "high": "6.3907",
            "low": "6.3907",
            "close": "6.3994"
        },
        {
            "time": "04.04.2021 10:03",
            "open": "6.3994",
            "high": "6.3994",
            "low": "6.3994",
            "close": "6.3984"
        },
        {
            "time": "04.04.2021 10:05",
            "open": "6.3984",
            "high": "6.3984",
            "low": "6.3984",
            "close": "6.39"
        },
        {
            "time": "04.04.2021 10:10",
            "open": "6.39",
            "high": "6.39",
            "low": "6.39",
            "close": "6.39"
        },
        {
            "time": "04.04.2021 10:13",
            "open": "6.39",
            "high": "6.39",
            "low": "6.39",
            "close": "6.3994"
        },
        {
            "time": "04.04.2021 10:15",
            "open": "6.3994",
            "high": "6.3994",
            "low": "6.3994",
            "close": "6.3994"
        },
        {
            "time": "04.04.2021 10:16",
            "open": "6.3994",
            "high": "6.3994",
            "low": "6.3994",
            "close": "6.3901"
        },
        {
            "time": "04.04.2021 10:17",
            "open": "6.3901",
            "high": "6.3901",
            "low": "6.3901",
            "close": "6.4081"
        },
        {
            "time": "04.04.2021 10:20",
            "open": "6.4081",
            "high": "6.4159",
            "low": "6.4081",
            "close": "6.4159"
        },
        {
            "time": "04.04.2021 10:22",
            "open": "6.4159",
            "high": "6.4208",
            "low": "6.4159",
            "close": "6.4139"
        },
        {
            "time": "04.04.2021 10:23",
            "open": "6.4139",
            "high": "6.4139",
            "low": "6.4139",
            "close": "6.4139"
        },
        {
            "time": "04.04.2021 10:33",
            "open": "6.4139",
            "high": "6.4139",
            "low": "6.4139",
            "close": "6.4181"
        },
        {
            "time": "04.04.2021 10:37",
            "open": "6.4181",
            "high": "6.4181",
            "low": "6.4181",
            "close": "6.4181"
        },
        {
            "time": "04.04.2021 10:43",
            "open": "6.4181",
            "high": "6.4181",
            "low": "6.4181",
            "close": "6.4096"
        },
        {
            "time": "04.04.2021 10:52",
            "open": "6.4096",
            "high": "6.4096",
            "low": "6.4096",
            "close": "6.4071"
        },
        {
            "time": "04.04.2021 10:53",
            "open": "6.4071",
            "high": "6.4071",
            "low": "6.4071",
            "close": "6.4039"
        },
        {
            "time": "04.04.2021 10:58",
            "open": "6.4039",
            "high": "6.4074",
            "low": "6.4039",
            "close": "6.4074"
        },
        {
            "time": "04.04.2021 11:10",
            "open": "6.4074",
            "high": "6.4074",
            "low": "6.4074",
            "close": "6.4075"
        },
        {
            "time": "04.04.2021 11:13",
            "open": "6.4075",
            "high": "6.4075",
            "low": "6.4075",
            "close": "6.4198"
        },
        {
            "time": "04.04.2021 11:31",
            "open": "6.4198",
            "high": "6.4198",
            "low": "6.4198",
            "close": "6.4075"
        },
        {
            "time": "04.04.2021 11:34",
            "open": "6.4075",
            "high": "6.4075",
            "low": "6.4074",
            "close": "6.4053"
        },
        {
            "time": "04.04.2021 11:43",
            "open": "6.4053",
            "high": "6.4053",
            "low": "6.4053",
            "close": "6.4294"
        },
        {
            "time": "04.04.2021 11:48",
            "open": "6.4294",
            "high": "6.4294",
            "low": "6.4294",
            "close": "6.4173"
        },
        {
            "time": "04.04.2021 11:50",
            "open": "6.4173",
            "high": "6.4173",
            "low": "6.4173",
            "close": "6.4294"
        },
        {
            "time": "04.04.2021 11:58",
            "open": "6.4294",
            "high": "6.4426",
            "low": "6.4294",
            "close": "6.4299"
        },
        {
            "time": "04.04.2021 11:59",
            "open": "6.4299",
            "high": "6.4299",
            "low": "6.4299",
            "close": "6.418"
        },
        {
            "time": "04.04.2021 12:00",
            "open": "6.418",
            "high": "6.418",
            "low": "6.4173",
            "close": "6.4169"
        },
        {
            "time": "04.04.2021 12:02",
            "open": "6.4169",
            "high": "6.4169",
            "low": "6.4169",
            "close": "6.4169"
        },
        {
            "time": "04.04.2021 12:13",
            "open": "6.4169",
            "high": "6.4169",
            "low": "6.4169",
            "close": "6.4072"
        },
        {
            "time": "04.04.2021 12:27",
            "open": "6.4072",
            "high": "6.4072",
            "low": "6.4072",
            "close": "6.42"
        },
        {
            "time": "04.04.2021 12:32",
            "open": "6.42",
            "high": "6.42",
            "low": "6.42",
            "close": "6.4092"
        },
        {
            "time": "04.04.2021 12:33",
            "open": "6.4092",
            "high": "6.4092",
            "low": "6.4092",
            "close": "6.4115"
        },
        {
            "time": "04.04.2021 12:38",
            "open": "6.4115",
            "high": "6.4115",
            "low": "6.4115",
            "close": "6.4191"
        },
        {
            "time": "04.04.2021 12:46",
            "open": "6.4191",
            "high": "6.4191",
            "low": "6.4191",
            "close": "6.4216"
        },
        {
            "time": "04.04.2021 12:48",
            "open": "6.4216",
            "high": "6.4339",
            "low": "6.4216",
            "close": "6.4416"
        },
        {
            "time": "04.04.2021 12:50",
            "open": "6.4416",
            "high": "6.4416",
            "low": "6.4416",
            "close": "6.4239"
        },
        {
            "time": "04.04.2021 12:52",
            "open": "6.4239",
            "high": "6.4239",
            "low": "6.4202",
            "close": "6.4226"
        },
        {
            "time": "04.04.2021 12:53",
            "open": "6.4226",
            "high": "6.4246",
            "low": "6.4226",
            "close": "6.4268"
        },
        {
            "time": "04.04.2021 12:55",
            "open": "6.4268",
            "high": "6.4268",
            "low": "6.4268",
            "close": "6.4196"
        },
        {
            "time": "04.04.2021 12:57",
            "open": "6.4196",
            "high": "6.4196",
            "low": "6.4196",
            "close": "6.3894"
        },
        {
            "time": "04.04.2021 13:08",
            "open": "6.3894",
            "high": "6.3894",
            "low": "6.3799",
            "close": "6.3828"
        },
        {
            "time": "04.04.2021 13:09",
            "open": "6.3828",
            "high": "6.3828",
            "low": "6.3798",
            "close": "6.4289"
        },
        {
            "time": "04.04.2021 13:22",
            "open": "6.4289",
            "high": "6.4397",
            "low": "6.4289",
            "close": "6.4245"
        },
        {
            "time": "04.04.2021 13:27",
            "open": "6.4245",
            "high": "6.4245",
            "low": "6.4219",
            "close": "6.4164"
        },
        {
            "time": "04.04.2021 13:32",
            "open": "6.4164",
            "high": "6.4229",
            "low": "6.4164",
            "close": "6.414"
        },
        {
            "time": "04.04.2021 13:35",
            "open": "6.414",
            "high": "6.414",
            "low": "6.414",
            "close": "6.4094"
        },
        {
            "time": "04.04.2021 13:36",
            "open": "6.4094",
            "high": "6.4094",
            "low": "6.4094",
            "close": "6.4027"
        },
        {
            "time": "04.04.2021 13:38",
            "open": "6.4027",
            "high": "6.4027",
            "low": "6.4027",
            "close": "6.3818"
        },
        {
            "time": "04.04.2021 13:45",
            "open": "6.3818",
            "high": "6.3818",
            "low": "6.3818",
            "close": "6.3913"
        },
        {
            "time": "04.04.2021 13:47",
            "open": "6.3913",
            "high": "6.3991",
            "low": "6.3913",
            "close": "6.35"
        },
        {
            "time": "04.04.2021 14:02",
            "open": "6.35",
            "high": "6.35",
            "low": "6.35",
            "close": "6.35"
        },
        {
            "time": "04.04.2021 14:04",
            "open": "6.35",
            "high": "6.3575",
            "low": "6.35",
            "close": "6.3444"
        },
        {
            "time": "04.04.2021 14:09",
            "open": "6.3444",
            "high": "6.3444",
            "low": "6.3444",
            "close": "6.3575"
        },
        {
            "time": "04.04.2021 14:10",
            "open": "6.3575",
            "high": "6.3575",
            "low": "6.3575",
            "close": "6.3825"
        },
        {
            "time": "04.04.2021 14:13",
            "open": "6.3825",
            "high": "6.3825",
            "low": "6.3825",
            "close": "6.3859"
        },
        {
            "time": "04.04.2021 14:14",
            "open": "6.3859",
            "high": "6.3859",
            "low": "6.3764",
            "close": "6.4084"
        },
        {
            "time": "04.04.2021 14:17",
            "open": "6.4084",
            "high": "6.4084",
            "low": "6.4079",
            "close": "6.4114"
        },
        {
            "time": "04.04.2021 14:22",
            "open": "6.4114",
            "high": "6.4126",
            "low": "6.4112",
            "close": "6.4"
        },
        {
            "time": "04.04.2021 14:24",
            "open": "6.4",
            "high": "6.4",
            "low": "6.4",
            "close": "6.397"
        },
        {
            "time": "04.04.2021 14:25",
            "open": "6.397",
            "high": "6.397",
            "low": "6.397",
            "close": "6.4117"
        },
        {
            "time": "04.04.2021 14:32",
            "open": "6.4117",
            "high": "6.4117",
            "low": "6.4117",
            "close": "6.3955"
        },
        {
            "time": "04.04.2021 14:33",
            "open": "6.3955",
            "high": "6.3955",
            "low": "6.3955",
            "close": "6.4037"
        },
        {
            "time": "04.04.2021 14:35",
            "open": "6.4037",
            "high": "6.4037",
            "low": "6.4037",
            "close": "6.407"
        },
        {
            "time": "04.04.2021 14:40",
            "open": "6.407",
            "high": "6.407",
            "low": "6.407",
            "close": "6.4117"
        },
        {
            "time": "04.04.2021 14:44",
            "open": "6.4117",
            "high": "6.4117",
            "low": "6.4117",
            "close": "6.4149"
        },
        {
            "time": "04.04.2021 14:51",
            "open": "6.4149",
            "high": "6.4149",
            "low": "6.4149",
            "close": "6.4317"
        },
        {
            "time": "04.04.2021 15:04",
            "open": "6.4317",
            "high": "6.4381",
            "low": "6.4314",
            "close": "6.4451"
        },
        {
            "time": "04.04.2021 15:07",
            "open": "6.4451",
            "high": "6.4451",
            "low": "6.4451",
            "close": "6.4493"
        },
        {
            "time": "04.04.2021 15:15",
            "open": "6.4493",
            "high": "6.458",
            "low": "6.4493",
            "close": "6.4585"
        },
        {
            "time": "04.04.2021 15:16",
            "open": "6.4585",
            "high": "6.4585",
            "low": "6.4585",
            "close": "6.4554"
        },
        {
            "time": "04.04.2021 15:26",
            "open": "6.4554",
            "high": "6.4554",
            "low": "6.4554",
            "close": "6.4434"
        },
        {
            "time": "04.04.2021 15:35",
            "open": "6.4434",
            "high": "6.4534",
            "low": "6.4434",
            "close": "6.4409"
        },
        {
            "time": "04.04.2021 15:39",
            "open": "6.4409",
            "high": "6.4409",
            "low": "6.4409",
            "close": "6.4516"
        },
        {
            "time": "04.04.2021 15:40",
            "open": "6.4516",
            "high": "6.4516",
            "low": "6.4516",
            "close": "6.4383"
        },
        {
            "time": "04.04.2021 15:48",
            "open": "6.4383",
            "high": "6.4383",
            "low": "6.4383",
            "close": "6.4626"
        },
        {
            "time": "04.04.2021 15:56",
            "open": "6.4626",
            "high": "6.4626",
            "low": "6.4626",
            "close": "6.4697"
        },
        {
            "time": "04.04.2021 16:00",
            "open": "6.4697",
            "high": "6.4816",
            "low": "6.4628",
            "close": "6.4659"
        },
        {
            "time": "04.04.2021 16:02",
            "open": "6.4659",
            "high": "6.4659",
            "low": "6.4659",
            "close": "6.4764"
        },
        {
            "time": "04.04.2021 16:03",
            "open": "6.4764",
            "high": "6.4796",
            "low": "6.4764",
            "close": "6.456"
        },
        {
            "time": "04.04.2021 16:11",
            "open": "6.456",
            "high": "6.456",
            "low": "6.4553",
            "close": "6.4633"
        },
        {
            "time": "04.04.2021 16:12",
            "open": "6.4633",
            "high": "6.4633",
            "low": "6.4633",
            "close": "6.4682"
        },
        {
            "time": "04.04.2021 16:26",
            "open": "6.4682",
            "high": "6.4682",
            "low": "6.4682",
            "close": "6.4795"
        },
        {
            "time": "04.04.2021 16:30",
            "open": "6.4795",
            "high": "6.4795",
            "low": "6.4795",
            "close": "6.4776"
        },
        {
            "time": "04.04.2021 16:31",
            "open": "6.4776",
            "high": "6.4776",
            "low": "6.4631",
            "close": "6.473"
        },
        {
            "time": "04.04.2021 16:32",
            "open": "6.473",
            "high": "6.473",
            "low": "6.473",
            "close": "6.4689"
        },
        {
            "time": "04.04.2021 16:41",
            "open": "6.4689",
            "high": "6.4689",
            "low": "6.4689",
            "close": "6.4548"
        },
        {
            "time": "04.04.2021 16:45",
            "open": "6.4548",
            "high": "6.4548",
            "low": "6.4548",
            "close": "6.4527"
        },
        {
            "time": "04.04.2021 16:46",
            "open": "6.4527",
            "high": "6.4527",
            "low": "6.4448",
            "close": "6.4593"
        },
        {
            "time": "04.04.2021 16:48",
            "open": "6.4593",
            "high": "6.4593",
            "low": "6.4593",
            "close": "6.4471"
        },
        {
            "time": "04.04.2021 16:50",
            "open": "6.4471",
            "high": "6.4471",
            "low": "6.4471",
            "close": "6.4471"
        },
        {
            "time": "04.04.2021 17:06",
            "open": "6.4471",
            "high": "6.4471",
            "low": "6.4471",
            "close": "6.4755"
        },
        {
            "time": "04.04.2021 17:19",
            "open": "6.4755",
            "high": "6.4755",
            "low": "6.4755",
            "close": "6.4768"
        },
        {
            "time": "04.04.2021 17:20",
            "open": "6.4768",
            "high": "6.4768",
            "low": "6.4768",
            "close": "6.4732"
        },
        {
            "time": "04.04.2021 17:34",
            "open": "6.4732",
            "high": "6.4732",
            "low": "6.4732",
            "close": "6.47"
        },
        {
            "time": "04.04.2021 17:38",
            "open": "6.47",
            "high": "6.47",
            "low": "6.47",
            "close": "6.4493"
        },
        {
            "time": "04.04.2021 17:40",
            "open": "6.4493",
            "high": "6.4493",
            "low": "6.4493",
            "close": "6.4478"
        },
        {
            "time": "04.04.2021 17:41",
            "open": "6.4478",
            "high": "6.4478",
            "low": "6.4454",
            "close": "6.4388"
        },
        {
            "time": "04.04.2021 17:42",
            "open": "6.4388",
            "high": "6.4388",
            "low": "6.4388",
            "close": "6.431"
        },
        {
            "time": "04.04.2021 17:44",
            "open": "6.431",
            "high": "6.431",
            "low": "6.431",
            "close": "6.4835"
        },
        {
            "time": "04.04.2021 17:49",
            "open": "6.4835",
            "high": "6.4835",
            "low": "6.4835",
            "close": "6.4835"
        },
        {
            "time": "04.04.2021 17:52",
            "open": "6.4835",
            "high": "6.4835",
            "low": "6.4835",
            "close": "6.4709"
        },
        {
            "time": "04.04.2021 18:04",
            "open": "6.4709",
            "high": "6.4709",
            "low": "6.4709",
            "close": "6.4513"
        },
        {
            "time": "04.04.2021 18:08",
            "open": "6.4513",
            "high": "6.4513",
            "low": "6.4513",
            "close": "6.445"
        },
        {
            "time": "04.04.2021 18:19",
            "open": "6.445",
            "high": "6.445",
            "low": "6.445",
            "close": "6.447"
        },
        {
            "time": "04.04.2021 18:35",
            "open": "6.447",
            "high": "6.447",
            "low": "6.447",
            "close": "6.4415"
        },
        {
            "time": "04.04.2021 18:38",
            "open": "6.4415",
            "high": "6.4415",
            "low": "6.4415",
            "close": "6.4387"
        },
        {
            "time": "04.04.2021 18:56",
            "open": "6.4387",
            "high": "6.4387",
            "low": "6.4339",
            "close": "6.456"
        },
        {
            "time": "04.04.2021 19:05",
            "open": "6.456",
            "high": "6.456",
            "low": "6.456",
            "close": "6.4463"
        },
        {
            "time": "04.04.2021 19:06",
            "open": "6.4463",
            "high": "6.4463",
            "low": "6.437",
            "close": "6.4899"
        },
        {
            "time": "04.04.2021 19:28",
            "open": "6.4899",
            "high": "6.49",
            "low": "6.4899",
            "close": "6.4928"
        },
        {
            "time": "04.04.2021 19:30",
            "open": "6.4928",
            "high": "6.4928",
            "low": "6.4928",
            "close": "6.4928"
        },
        {
            "time": "04.04.2021 19:32",
            "open": "6.4928",
            "high": "6.4928",
            "low": "6.4928",
            "close": "6.4928"
        },
        {
            "time": "04.04.2021 19:36",
            "open": "6.4928",
            "high": "6.4928",
            "low": "6.4928",
            "close": "6.495"
        },
        {
            "time": "04.04.2021 19:37",
            "open": "6.495",
            "high": "6.495",
            "low": "6.495",
            "close": "6.4973"
        },
        {
            "time": "04.04.2021 19:40",
            "open": "6.4973",
            "high": "6.4973",
            "low": "6.4973",
            "close": "6.4971"
        },
        {
            "time": "04.04.2021 19:43",
            "open": "6.4971",
            "high": "6.4971",
            "low": "6.4971",
            "close": "6.4971"
        },
        {
            "time": "04.04.2021 19:44",
            "open": "6.4971",
            "high": "6.4971",
            "low": "6.4971",
            "close": "6.4871"
        },
        {
            "time": "04.04.2021 20:03",
            "open": "6.4871",
            "high": "6.4998",
            "low": "6.4871",
            "close": "6.504"
        },
        {
            "time": "04.04.2021 20:05",
            "open": "6.504",
            "high": "6.5086",
            "low": "6.504",
            "close": "6.4951"
        },
        {
            "time": "04.04.2021 20:06",
            "open": "6.4951",
            "high": "6.4951",
            "low": "6.4951",
            "close": "6.5013"
        },
        {
            "time": "04.04.2021 20:09",
            "open": "6.5013",
            "high": "6.5013",
            "low": "6.501",
            "close": "6.4921"
        },
        {
            "time": "04.04.2021 20:17",
            "open": "6.4921",
            "high": "6.4921",
            "low": "6.4921",
            "close": "6.4903"
        },
        {
            "time": "04.04.2021 20:22",
            "open": "6.4903",
            "high": "6.497",
            "low": "6.4771",
            "close": "6.4903"
        },
        {
            "time": "04.04.2021 20:23",
            "open": "6.4903",
            "high": "6.4904",
            "low": "6.4903",
            "close": "6.4931"
        },
        {
            "time": "04.04.2021 20:24",
            "open": "6.4931",
            "high": "6.4931",
            "low": "6.4931",
            "close": "6.4791"
        },
        {
            "time": "04.04.2021 20:26",
            "open": "6.4791",
            "high": "6.4791",
            "low": "6.4707",
            "close": "6.4772"
        },
        {
            "time": "04.04.2021 20:29",
            "open": "6.4772",
            "high": "6.481",
            "low": "6.4772",
            "close": "6.479"
        },
        {
            "time": "04.04.2021 20:32",
            "open": "6.479",
            "high": "6.479",
            "low": "6.479",
            "close": "6.4664"
        },
        {
            "time": "04.04.2021 20:36",
            "open": "6.4664",
            "high": "6.4664",
            "low": "6.4664",
            "close": "6.4759"
        },
        {
            "time": "04.04.2021 20:37",
            "open": "6.4759",
            "high": "6.4759",
            "low": "6.4759",
            "close": "6.4765"
        },
        {
            "time": "04.04.2021 20:40",
            "open": "6.4765",
            "high": "6.4765",
            "low": "6.4765",
            "close": "6.4656"
        },
        {
            "time": "04.04.2021 20:41",
            "open": "6.4656",
            "high": "6.4656",
            "low": "6.4656",
            "close": "6.4672"
        },
        {
            "time": "04.04.2021 20:42",
            "open": "6.4672",
            "high": "6.4672",
            "low": "6.4667",
            "close": "6.4596"
        },
        {
            "time": "04.04.2021 20:44",
            "open": "6.4596",
            "high": "6.4596",
            "low": "6.4596",
            "close": "6.4576"
        },
        {
            "time": "04.04.2021 20:45",
            "open": "6.4576",
            "high": "6.4576",
            "low": "6.4455",
            "close": "6.4574"
        },
        {
            "time": "04.04.2021 20:46",
            "open": "6.4574",
            "high": "6.4574",
            "low": "6.4455",
            "close": "6.4644"
        },
        {
            "time": "04.04.2021 20:54",
            "open": "6.4644",
            "high": "6.4644",
            "low": "6.4644",
            "close": "6.4579"
        },
        {
            "time": "04.04.2021 20:55",
            "open": "6.4579",
            "high": "6.4579",
            "low": "6.4579",
            "close": "6.4649"
        },
        {
            "time": "04.04.2021 21:05",
            "open": "6.4649",
            "high": "6.4649",
            "low": "6.4649",
            "close": "6.4622"
        },
        {
            "time": "04.04.2021 21:07",
            "open": "6.4622",
            "high": "6.4622",
            "low": "6.4622",
            "close": "6.4579"
        },
        {
            "time": "04.04.2021 21:08",
            "open": "6.4579",
            "high": "6.4579",
            "low": "6.4579",
            "close": "6.4441"
        },
        {
            "time": "04.04.2021 21:17",
            "open": "6.4441",
            "high": "6.4441",
            "low": "6.4441",
            "close": "6.4291"
        },
        {
            "time": "04.04.2021 21:22",
            "open": "6.4291",
            "high": "6.4291",
            "low": "6.4272",
            "close": "6.4191"
        },
        {
            "time": "04.04.2021 21:31",
            "open": "6.4191",
            "high": "6.4191",
            "low": "6.4191",
            "close": "6.4039"
        },
        {
            "time": "04.04.2021 21:36",
            "open": "6.4039",
            "high": "6.4039",
            "low": "6.4006",
            "close": "6.3979"
        },
        {
            "time": "04.04.2021 21:54",
            "open": "6.3979",
            "high": "6.4203",
            "low": "6.3979",
            "close": "6.4205"
        },
        {
            "time": "04.04.2021 21:57",
            "open": "6.4205",
            "high": "6.4205",
            "low": "6.4205",
            "close": "6.403"
        },
        {
            "time": "04.04.2021 22:01",
            "open": "6.403",
            "high": "6.403",
            "low": "6.403",
            "close": "6.4194"
        },
        {
            "time": "04.04.2021 22:06",
            "open": "6.4194",
            "high": "6.4194",
            "low": "6.4193",
            "close": "6.4187"
        },
        {
            "time": "04.04.2021 22:08",
            "open": "6.4187",
            "high": "6.4187",
            "low": "6.4187",
            "close": "6.4036"
        },
        {
            "time": "04.04.2021 22:15",
            "open": "6.4036",
            "high": "6.4036",
            "low": "6.4036",
            "close": "6.4211"
        },
        {
            "time": "04.04.2021 22:28",
            "open": "6.4211",
            "high": "6.4211",
            "low": "6.4154",
            "close": "6.3947"
        },
        {
            "time": "04.04.2021 22:33",
            "open": "6.3947",
            "high": "6.3947",
            "low": "6.3914",
            "close": "6.4036"
        },
        {
            "time": "04.04.2021 22:35",
            "open": "6.4036",
            "high": "6.4036",
            "low": "6.3962",
            "close": "6.3996"
        },
        {
            "time": "04.04.2021 22:40",
            "open": "6.3996",
            "high": "6.3996",
            "low": "6.3996",
            "close": "6.3997"
        },
        {
            "time": "04.04.2021 22:41",
            "open": "6.3997",
            "high": "6.3997",
            "low": "6.3996",
            "close": "6.3982"
        },
        {
            "time": "04.04.2021 22:42",
            "open": "6.3982",
            "high": "6.3999",
            "low": "6.3982",
            "close": "6.4023"
        },
        {
            "time": "04.04.2021 22:48",
            "open": "6.4023",
            "high": "6.4023",
            "low": "6.4023",
            "close": "6.4023"
        },
        {
            "time": "04.04.2021 22:53",
            "open": "6.4023",
            "high": "6.4023",
            "low": "6.4023",
            "close": "6.4172"
        },
        {
            "time": "04.04.2021 23:05",
            "open": "6.4172",
            "high": "6.4172",
            "low": "6.412",
            "close": "6.449"
        },
        {
            "time": "04.04.2021 23:20",
            "open": "6.449",
            "high": "6.449",
            "low": "6.449",
            "close": "6.449"
        },
        {
            "time": "04.04.2021 23:22",
            "open": "6.449",
            "high": "6.449",
            "low": "6.449",
            "close": "6.4186"
        },
        {
            "time": "04.04.2021 23:31",
            "open": "6.4186",
            "high": "6.4186",
            "low": "6.417",
            "close": "6.4148"
        },
        {
            "time": "04.04.2021 23:40",
            "open": "6.4148",
            "high": "6.4148",
            "low": "6.4148",
            "close": "6.4283"
        },
        {
            "time": "04.04.2021 23:42",
            "open": "6.4283",
            "high": "6.4283",
            "low": "6.4283",
            "close": "6.4172"
        },
        {
            "time": "04.04.2021 23:43",
            "open": "6.4172",
            "high": "6.4172",
            "low": "6.4172",
            "close": "6.4284"
        },
        {
            "time": "04.04.2021 23:46",
            "open": "6.4284",
            "high": "6.4288",
            "low": "6.4284",
            "close": "6.4466"
        },
        {
            "time": "04.04.2021 23:52",
            "open": "6.4466",
            "high": "6.4466",
            "low": "6.4466",
            "close": "6.4443"
        },
        {
            "time": "04.04.2021 23:54",
            "open": "6.4443",
            "high": "6.4443",
            "low": "6.4443",
            "close": "6.4457"
        },
        {
            "time": "04.04.2021 23:56",
            "open": "6.4457",
            "high": "6.45",
            "low": "6.4457",
            "close": "6.45"
        }
    ]
}