{
    "BNT-EUR": [
        {
            "time": "29.12.2020 23:57",
            "open": "1.0911",
            "high": "1.0911",
            "low": "1.0911",
            "close": "1.0865"
        },
        {
            "time": "30.12.2020 00:00",
            "open": "1.0865",
            "high": "1.0866",
            "low": "1.0865",
            "close": "1.0945"
        },
        {
            "time": "30.12.2020 00:03",
            "open": "1.0945",
            "high": "1.0959",
            "low": "1.0945",
            "close": "1.0943"
        },
        {
            "time": "30.12.2020 00:04",
            "open": "1.0943",
            "high": "1.0943",
            "low": "1.0934",
            "close": "1.0898"
        },
        {
            "time": "30.12.2020 00:05",
            "open": "1.0898",
            "high": "1.0898",
            "low": "1.0898",
            "close": "1.0889"
        },
        {
            "time": "30.12.2020 00:07",
            "open": "1.0889",
            "high": "1.0894",
            "low": "1.0889",
            "close": "1.0855"
        },
        {
            "time": "30.12.2020 00:08",
            "open": "1.0855",
            "high": "1.0855",
            "low": "1.0788",
            "close": "1.0817"
        },
        {
            "time": "30.12.2020 00:09",
            "open": "1.0817",
            "high": "1.0962",
            "low": "1.0817",
            "close": "1.0881"
        },
        {
            "time": "30.12.2020 00:10",
            "open": "1.0881",
            "high": "1.0881",
            "low": "1.0881",
            "close": "1.0873"
        },
        {
            "time": "30.12.2020 00:19",
            "open": "1.0873",
            "high": "1.0873",
            "low": "1.0873",
            "close": "1.0874"
        },
        {
            "time": "30.12.2020 00:28",
            "open": "1.0874",
            "high": "1.0874",
            "low": "1.0874",
            "close": "1.093"
        },
        {
            "time": "30.12.2020 00:32",
            "open": "1.093",
            "high": "1.093",
            "low": "1.093",
            "close": "1.0973"
        },
        {
            "time": "30.12.2020 00:34",
            "open": "1.0973",
            "high": "1.0973",
            "low": "1.0973",
            "close": "1.0907"
        },
        {
            "time": "30.12.2020 01:00",
            "open": "1.0907",
            "high": "1.0907",
            "low": "1.0884",
            "close": "1.0922"
        },
        {
            "time": "30.12.2020 01:02",
            "open": "1.0922",
            "high": "1.0923",
            "low": "1.0922",
            "close": "1.0907"
        },
        {
            "time": "30.12.2020 01:03",
            "open": "1.0907",
            "high": "1.0907",
            "low": "1.0906",
            "close": "1.0861"
        },
        {
            "time": "30.12.2020 01:04",
            "open": "1.0861",
            "high": "1.0892",
            "low": "1.0847",
            "close": "1.0856"
        },
        {
            "time": "30.12.2020 01:05",
            "open": "1.0856",
            "high": "1.0856",
            "low": "1.0856",
            "close": "1.0886"
        },
        {
            "time": "30.12.2020 01:10",
            "open": "1.0886",
            "high": "1.0907",
            "low": "1.0886",
            "close": "1.0866"
        },
        {
            "time": "30.12.2020 01:12",
            "open": "1.0866",
            "high": "1.0866",
            "low": "1.0865",
            "close": "1.0872"
        },
        {
            "time": "30.12.2020 01:15",
            "open": "1.0872",
            "high": "1.0901",
            "low": "1.0872",
            "close": "1.0935"
        },
        {
            "time": "30.12.2020 01:16",
            "open": "1.0935",
            "high": "1.1021",
            "low": "1.0935",
            "close": "1.097"
        },
        {
            "time": "30.12.2020 01:17",
            "open": "1.097",
            "high": "1.0986",
            "low": "1.0965",
            "close": "1.1004"
        },
        {
            "time": "30.12.2020 01:21",
            "open": "1.1004",
            "high": "1.1004",
            "low": "1.1004",
            "close": "1.0987"
        },
        {
            "time": "30.12.2020 01:23",
            "open": "1.0987",
            "high": "1.0987",
            "low": "1.0986",
            "close": "1.0964"
        },
        {
            "time": "30.12.2020 01:24",
            "open": "1.0964",
            "high": "1.0964",
            "low": "1.0964",
            "close": "1.0959"
        },
        {
            "time": "30.12.2020 01:27",
            "open": "1.0959",
            "high": "1.0959",
            "low": "1.0899",
            "close": "1.0902"
        },
        {
            "time": "30.12.2020 01:28",
            "open": "1.0902",
            "high": "1.0913",
            "low": "1.0902",
            "close": "1.0898"
        },
        {
            "time": "30.12.2020 01:29",
            "open": "1.0898",
            "high": "1.0898",
            "low": "1.0898",
            "close": "1.0902"
        },
        {
            "time": "30.12.2020 01:31",
            "open": "1.0902",
            "high": "1.0902",
            "low": "1.0901",
            "close": "1.0921"
        },
        {
            "time": "30.12.2020 01:34",
            "open": "1.0921",
            "high": "1.0921",
            "low": "1.0909",
            "close": "1.0919"
        },
        {
            "time": "30.12.2020 01:35",
            "open": "1.0919",
            "high": "1.092",
            "low": "1.0919",
            "close": "1.0907"
        },
        {
            "time": "30.12.2020 01:41",
            "open": "1.0907",
            "high": "1.0907",
            "low": "1.0906",
            "close": "1.0893"
        },
        {
            "time": "30.12.2020 01:42",
            "open": "1.0893",
            "high": "1.091",
            "low": "1.0893",
            "close": "1.0891"
        },
        {
            "time": "30.12.2020 01:44",
            "open": "1.0891",
            "high": "1.0891",
            "low": "1.0891",
            "close": "1.0986"
        },
        {
            "time": "30.12.2020 01:49",
            "open": "1.0986",
            "high": "1.0986",
            "low": "1.0986",
            "close": "1.098"
        },
        {
            "time": "30.12.2020 01:50",
            "open": "1.098",
            "high": "1.098",
            "low": "1.0977",
            "close": "1.0928"
        },
        {
            "time": "30.12.2020 01:51",
            "open": "1.0928",
            "high": "1.0947",
            "low": "1.0923",
            "close": "1.1012"
        },
        {
            "time": "30.12.2020 01:52",
            "open": "1.1012",
            "high": "1.1012",
            "low": "1.1012",
            "close": "1.0978"
        },
        {
            "time": "30.12.2020 01:53",
            "open": "1.0978",
            "high": "1.0978",
            "low": "1.0978",
            "close": "1.098"
        },
        {
            "time": "30.12.2020 01:54",
            "open": "1.098",
            "high": "1.098",
            "low": "1.098",
            "close": "1.0967"
        },
        {
            "time": "30.12.2020 01:55",
            "open": "1.0967",
            "high": "1.0967",
            "low": "1.0967",
            "close": "1.0992"
        },
        {
            "time": "30.12.2020 01:56",
            "open": "1.0992",
            "high": "1.0992",
            "low": "1.0992",
            "close": "1.0934"
        },
        {
            "time": "30.12.2020 02:01",
            "open": "1.0934",
            "high": "1.0934",
            "low": "1.0934",
            "close": "1.0945"
        },
        {
            "time": "30.12.2020 02:02",
            "open": "1.0945",
            "high": "1.0945",
            "low": "1.0945",
            "close": "1.0945"
        },
        {
            "time": "30.12.2020 02:23",
            "open": "1.0945",
            "high": "1.0945",
            "low": "1.0945",
            "close": "1.0938"
        },
        {
            "time": "30.12.2020 02:25",
            "open": "1.0938",
            "high": "1.0938",
            "low": "1.0937",
            "close": "1.092"
        },
        {
            "time": "30.12.2020 02:29",
            "open": "1.092",
            "high": "1.092",
            "low": "1.0919",
            "close": "1.0882"
        },
        {
            "time": "30.12.2020 02:30",
            "open": "1.0882",
            "high": "1.0886",
            "low": "1.0882",
            "close": "1.0894"
        },
        {
            "time": "30.12.2020 02:41",
            "open": "1.0894",
            "high": "1.0986",
            "low": "1.0894",
            "close": "1.0993"
        },
        {
            "time": "30.12.2020 02:42",
            "open": "1.0993",
            "high": "1.0993",
            "low": "1.0993",
            "close": "1.095"
        },
        {
            "time": "30.12.2020 02:43",
            "open": "1.095",
            "high": "1.095",
            "low": "1.0949",
            "close": "1.0907"
        },
        {
            "time": "30.12.2020 02:50",
            "open": "1.0907",
            "high": "1.0907",
            "low": "1.0907",
            "close": "1.0892"
        },
        {
            "time": "30.12.2020 03:00",
            "open": "1.0892",
            "high": "1.0892",
            "low": "1.0892",
            "close": "1.0848"
        },
        {
            "time": "30.12.2020 03:02",
            "open": "1.0848",
            "high": "1.0848",
            "low": "1.0841",
            "close": "1.0849"
        },
        {
            "time": "30.12.2020 03:03",
            "open": "1.0849",
            "high": "1.0849",
            "low": "1.08",
            "close": "1.079"
        },
        {
            "time": "30.12.2020 03:04",
            "open": "1.079",
            "high": "1.079",
            "low": "1.079",
            "close": "1.079"
        },
        {
            "time": "30.12.2020 03:07",
            "open": "1.079",
            "high": "1.0795",
            "low": "1.079",
            "close": "1.0787"
        },
        {
            "time": "30.12.2020 03:09",
            "open": "1.0787",
            "high": "1.0787",
            "low": "1.0787",
            "close": "1.0837"
        },
        {
            "time": "30.12.2020 03:17",
            "open": "1.0837",
            "high": "1.0837",
            "low": "1.0837",
            "close": "1.0857"
        },
        {
            "time": "30.12.2020 03:28",
            "open": "1.0857",
            "high": "1.0857",
            "low": "1.0857",
            "close": "1.0871"
        },
        {
            "time": "30.12.2020 03:29",
            "open": "1.0871",
            "high": "1.0871",
            "low": "1.0855",
            "close": "1.0858"
        },
        {
            "time": "30.12.2020 03:30",
            "open": "1.0858",
            "high": "1.0858",
            "low": "1.0858",
            "close": "1.078"
        },
        {
            "time": "30.12.2020 03:36",
            "open": "1.078",
            "high": "1.078",
            "low": "1.078",
            "close": "1.0865"
        },
        {
            "time": "30.12.2020 03:45",
            "open": "1.0865",
            "high": "1.0865",
            "low": "1.0865",
            "close": "1.0862"
        },
        {
            "time": "30.12.2020 03:46",
            "open": "1.0862",
            "high": "1.0862",
            "low": "1.0861",
            "close": "1.0832"
        },
        {
            "time": "30.12.2020 03:48",
            "open": "1.0832",
            "high": "1.0848",
            "low": "1.0832",
            "close": "1.0839"
        },
        {
            "time": "30.12.2020 03:49",
            "open": "1.0839",
            "high": "1.0839",
            "low": "1.081",
            "close": "1.0804"
        },
        {
            "time": "30.12.2020 04:05",
            "open": "1.0804",
            "high": "1.0804",
            "low": "1.0804",
            "close": "1.0845"
        },
        {
            "time": "30.12.2020 04:08",
            "open": "1.0845",
            "high": "1.0845",
            "low": "1.0845",
            "close": "1.0789"
        },
        {
            "time": "30.12.2020 04:11",
            "open": "1.0789",
            "high": "1.0789",
            "low": "1.0776",
            "close": "1.0805"
        },
        {
            "time": "30.12.2020 04:15",
            "open": "1.0805",
            "high": "1.0859",
            "low": "1.0805",
            "close": "1.0882"
        },
        {
            "time": "30.12.2020 04:16",
            "open": "1.0882",
            "high": "1.0882",
            "low": "1.0878",
            "close": "1.0857"
        },
        {
            "time": "30.12.2020 04:17",
            "open": "1.0857",
            "high": "1.0857",
            "low": "1.0857",
            "close": "1.0782"
        },
        {
            "time": "30.12.2020 04:56",
            "open": "1.0782",
            "high": "1.0782",
            "low": "1.0782",
            "close": "1.0815"
        },
        {
            "time": "30.12.2020 04:59",
            "open": "1.0815",
            "high": "1.0815",
            "low": "1.0815",
            "close": "1.0802"
        },
        {
            "time": "30.12.2020 05:08",
            "open": "1.0802",
            "high": "1.0802",
            "low": "1.0725",
            "close": "1.0722"
        },
        {
            "time": "30.12.2020 05:09",
            "open": "1.0722",
            "high": "1.0744",
            "low": "1.0722",
            "close": "1.07"
        },
        {
            "time": "30.12.2020 05:14",
            "open": "1.07",
            "high": "1.07",
            "low": "1.07",
            "close": "1.0668"
        },
        {
            "time": "30.12.2020 05:18",
            "open": "1.0668",
            "high": "1.0691",
            "low": "1.0668",
            "close": "1.0723"
        },
        {
            "time": "30.12.2020 05:27",
            "open": "1.0723",
            "high": "1.0723",
            "low": "1.0723",
            "close": "1.0612"
        },
        {
            "time": "30.12.2020 06:08",
            "open": "1.0612",
            "high": "1.0612",
            "low": "1.0612",
            "close": "1.0627"
        },
        {
            "time": "30.12.2020 06:10",
            "open": "1.0627",
            "high": "1.0922",
            "low": "1.0627",
            "close": "1.092"
        },
        {
            "time": "30.12.2020 06:11",
            "open": "1.092",
            "high": "1.092",
            "low": "1.0686",
            "close": "1.0793"
        },
        {
            "time": "30.12.2020 06:12",
            "open": "1.0793",
            "high": "1.0793",
            "low": "1.0793",
            "close": "1.0697"
        },
        {
            "time": "30.12.2020 06:24",
            "open": "1.0697",
            "high": "1.0697",
            "low": "1.0697",
            "close": "1.0681"
        },
        {
            "time": "30.12.2020 06:29",
            "open": "1.0681",
            "high": "1.0696",
            "low": "1.0681",
            "close": "1.0703"
        },
        {
            "time": "30.12.2020 06:31",
            "open": "1.0703",
            "high": "1.0748",
            "low": "1.0703",
            "close": "1.0697"
        },
        {
            "time": "30.12.2020 06:34",
            "open": "1.0697",
            "high": "1.0697",
            "low": "1.0667",
            "close": "1.0638"
        },
        {
            "time": "30.12.2020 06:38",
            "open": "1.0638",
            "high": "1.0638",
            "low": "1.0626",
            "close": "1.0617"
        },
        {
            "time": "30.12.2020 06:39",
            "open": "1.0617",
            "high": "1.0617",
            "low": "1.0617",
            "close": "1.066"
        },
        {
            "time": "30.12.2020 06:44",
            "open": "1.066",
            "high": "1.0767",
            "low": "1.066",
            "close": "1.0714"
        },
        {
            "time": "30.12.2020 06:45",
            "open": "1.0714",
            "high": "1.0715",
            "low": "1.0714",
            "close": "1.0729"
        },
        {
            "time": "30.12.2020 06:48",
            "open": "1.0729",
            "high": "1.0729",
            "low": "1.0729",
            "close": "1.072"
        },
        {
            "time": "30.12.2020 06:49",
            "open": "1.072",
            "high": "1.072",
            "low": "1.072",
            "close": "1.072"
        },
        {
            "time": "30.12.2020 07:00",
            "open": "1.072",
            "high": "1.072",
            "low": "1.072",
            "close": "1.0721"
        },
        {
            "time": "30.12.2020 07:06",
            "open": "1.0721",
            "high": "1.0721",
            "low": "1.072",
            "close": "1.0682"
        },
        {
            "time": "30.12.2020 07:09",
            "open": "1.0682",
            "high": "1.0682",
            "low": "1.0682",
            "close": "1.0712"
        },
        {
            "time": "30.12.2020 07:21",
            "open": "1.0712",
            "high": "1.0729",
            "low": "1.0712",
            "close": "1.0729"
        },
        {
            "time": "30.12.2020 07:26",
            "open": "1.0729",
            "high": "1.0729",
            "low": "1.0729",
            "close": "1.0788"
        },
        {
            "time": "30.12.2020 07:44",
            "open": "1.0788",
            "high": "1.0892",
            "low": "1.0788",
            "close": "1.084"
        },
        {
            "time": "30.12.2020 07:45",
            "open": "1.084",
            "high": "1.084",
            "low": "1.084",
            "close": "1.0768"
        },
        {
            "time": "30.12.2020 07:52",
            "open": "1.0768",
            "high": "1.0768",
            "low": "1.0768",
            "close": "1.0746"
        },
        {
            "time": "30.12.2020 07:53",
            "open": "1.0746",
            "high": "1.0746",
            "low": "1.0664",
            "close": "1.0674"
        },
        {
            "time": "30.12.2020 07:54",
            "open": "1.0674",
            "high": "1.0756",
            "low": "1.0674",
            "close": "1.0759"
        },
        {
            "time": "30.12.2020 07:55",
            "open": "1.0759",
            "high": "1.0759",
            "low": "1.074",
            "close": "1.0735"
        },
        {
            "time": "30.12.2020 07:57",
            "open": "1.0735",
            "high": "1.0735",
            "low": "1.0735",
            "close": "1.0736"
        },
        {
            "time": "30.12.2020 07:59",
            "open": "1.0736",
            "high": "1.0737",
            "low": "1.0736",
            "close": "1.0824"
        },
        {
            "time": "30.12.2020 08:00",
            "open": "1.0824",
            "high": "1.0847",
            "low": "1.0802",
            "close": "1.0787"
        },
        {
            "time": "30.12.2020 08:01",
            "open": "1.0787",
            "high": "1.0787",
            "low": "1.0767",
            "close": "1.074"
        },
        {
            "time": "30.12.2020 08:07",
            "open": "1.074",
            "high": "1.0773",
            "low": "1.074",
            "close": "1.0848"
        },
        {
            "time": "30.12.2020 08:08",
            "open": "1.0848",
            "high": "1.0848",
            "low": "1.0847",
            "close": "1.0808"
        },
        {
            "time": "30.12.2020 08:09",
            "open": "1.0808",
            "high": "1.0808",
            "low": "1.0808",
            "close": "1.0827"
        },
        {
            "time": "30.12.2020 08:11",
            "open": "1.0827",
            "high": "1.0827",
            "low": "1.0781",
            "close": "1.0793"
        },
        {
            "time": "30.12.2020 08:13",
            "open": "1.0793",
            "high": "1.08",
            "low": "1.0762",
            "close": "1.0742"
        },
        {
            "time": "30.12.2020 08:15",
            "open": "1.0742",
            "high": "1.0742",
            "low": "1.0741",
            "close": "1.0725"
        },
        {
            "time": "30.12.2020 08:18",
            "open": "1.0725",
            "high": "1.0725",
            "low": "1.0725",
            "close": "1.0724"
        },
        {
            "time": "30.12.2020 08:19",
            "open": "1.0724",
            "high": "1.0737",
            "low": "1.0724",
            "close": "1.0726"
        },
        {
            "time": "30.12.2020 08:20",
            "open": "1.0726",
            "high": "1.0726",
            "low": "1.0726",
            "close": "1.0723"
        },
        {
            "time": "30.12.2020 08:21",
            "open": "1.0723",
            "high": "1.0723",
            "low": "1.0721",
            "close": "1.0726"
        },
        {
            "time": "30.12.2020 08:23",
            "open": "1.0726",
            "high": "1.0911",
            "low": "1.0726",
            "close": "1.0761"
        },
        {
            "time": "30.12.2020 08:28",
            "open": "1.0761",
            "high": "1.0829",
            "low": "1.0761",
            "close": "1.0847"
        },
        {
            "time": "30.12.2020 08:30",
            "open": "1.0847",
            "high": "1.0847",
            "low": "1.0814",
            "close": "1.0755"
        },
        {
            "time": "30.12.2020 08:31",
            "open": "1.0755",
            "high": "1.0755",
            "low": "1.0755",
            "close": "1.0754"
        },
        {
            "time": "30.12.2020 08:32",
            "open": "1.0754",
            "high": "1.0754",
            "low": "1.0754",
            "close": "1.0783"
        },
        {
            "time": "30.12.2020 08:36",
            "open": "1.0783",
            "high": "1.0817",
            "low": "1.0783",
            "close": "1.084"
        },
        {
            "time": "30.12.2020 08:40",
            "open": "1.084",
            "high": "1.084",
            "low": "1.084",
            "close": "1.0812"
        },
        {
            "time": "30.12.2020 08:51",
            "open": "1.0812",
            "high": "1.0812",
            "low": "1.0812",
            "close": "1.0842"
        },
        {
            "time": "30.12.2020 09:09",
            "open": "1.0842",
            "high": "1.0842",
            "low": "1.0842",
            "close": "1.0871"
        },
        {
            "time": "30.12.2020 09:26",
            "open": "1.0871",
            "high": "1.0871",
            "low": "1.0786",
            "close": "1.0766"
        },
        {
            "time": "30.12.2020 09:27",
            "open": "1.0766",
            "high": "1.0766",
            "low": "1.0704",
            "close": "1.072"
        },
        {
            "time": "30.12.2020 09:29",
            "open": "1.072",
            "high": "1.0721",
            "low": "1.072",
            "close": "1.0748"
        },
        {
            "time": "30.12.2020 09:30",
            "open": "1.0748",
            "high": "1.075",
            "low": "1.0748",
            "close": "1.0762"
        },
        {
            "time": "30.12.2020 09:35",
            "open": "1.0762",
            "high": "1.078",
            "low": "1.0762",
            "close": "1.0825"
        },
        {
            "time": "30.12.2020 09:38",
            "open": "1.0825",
            "high": "1.0825",
            "low": "1.0825",
            "close": "1.0822"
        },
        {
            "time": "30.12.2020 09:40",
            "open": "1.0822",
            "high": "1.0823",
            "low": "1.0822",
            "close": "1.0788"
        },
        {
            "time": "30.12.2020 09:41",
            "open": "1.0788",
            "high": "1.0788",
            "low": "1.0788",
            "close": "1.0803"
        },
        {
            "time": "30.12.2020 09:48",
            "open": "1.0803",
            "high": "1.0806",
            "low": "1.0803",
            "close": "1.0793"
        },
        {
            "time": "30.12.2020 09:49",
            "open": "1.0793",
            "high": "1.0793",
            "low": "1.0793",
            "close": "1.0771"
        },
        {
            "time": "30.12.2020 09:50",
            "open": "1.0771",
            "high": "1.0775",
            "low": "1.0771",
            "close": "1.077"
        },
        {
            "time": "30.12.2020 09:51",
            "open": "1.077",
            "high": "1.077",
            "low": "1.0735",
            "close": "1.0776"
        },
        {
            "time": "30.12.2020 09:53",
            "open": "1.0776",
            "high": "1.0776",
            "low": "1.0776",
            "close": "1.0792"
        },
        {
            "time": "30.12.2020 09:54",
            "open": "1.0792",
            "high": "1.0792",
            "low": "1.0792",
            "close": "1.0806"
        },
        {
            "time": "30.12.2020 09:57",
            "open": "1.0806",
            "high": "1.0806",
            "low": "1.0806",
            "close": "1.0718"
        },
        {
            "time": "30.12.2020 10:01",
            "open": "1.0718",
            "high": "1.0718",
            "low": "1.0718",
            "close": "1.073"
        },
        {
            "time": "30.12.2020 10:03",
            "open": "1.073",
            "high": "1.073",
            "low": "1.0682",
            "close": "1.0706"
        },
        {
            "time": "30.12.2020 10:08",
            "open": "1.0706",
            "high": "1.0706",
            "low": "1.0706",
            "close": "1.0688"
        },
        {
            "time": "30.12.2020 10:16",
            "open": "1.0688",
            "high": "1.0688",
            "low": "1.0688",
            "close": "1.0695"
        },
        {
            "time": "30.12.2020 10:17",
            "open": "1.0695",
            "high": "1.0709",
            "low": "1.0695",
            "close": "1.0709"
        },
        {
            "time": "30.12.2020 10:23",
            "open": "1.0709",
            "high": "1.0709",
            "low": "1.0709",
            "close": "1.0706"
        },
        {
            "time": "30.12.2020 10:26",
            "open": "1.0706",
            "high": "1.0706",
            "low": "1.0706",
            "close": "1.0683"
        },
        {
            "time": "30.12.2020 10:32",
            "open": "1.0683",
            "high": "1.0683",
            "low": "1.0683",
            "close": "1.0679"
        },
        {
            "time": "30.12.2020 10:33",
            "open": "1.0679",
            "high": "1.0686",
            "low": "1.0679",
            "close": "1.068"
        },
        {
            "time": "30.12.2020 10:39",
            "open": "1.068",
            "high": "1.0689",
            "low": "1.068",
            "close": "1.0677"
        },
        {
            "time": "30.12.2020 10:43",
            "open": "1.0677",
            "high": "1.0677",
            "low": "1.0677",
            "close": "1.068"
        },
        {
            "time": "30.12.2020 10:48",
            "open": "1.068",
            "high": "1.068",
            "low": "1.068",
            "close": "1.0709"
        },
        {
            "time": "30.12.2020 10:49",
            "open": "1.0709",
            "high": "1.0709",
            "low": "1.0709",
            "close": "1.0684"
        },
        {
            "time": "30.12.2020 11:14",
            "open": "1.0684",
            "high": "1.0684",
            "low": "1.0684",
            "close": "1.0709"
        },
        {
            "time": "30.12.2020 11:22",
            "open": "1.0709",
            "high": "1.0709",
            "low": "1.0709",
            "close": "1.075"
        },
        {
            "time": "30.12.2020 11:26",
            "open": "1.075",
            "high": "1.075",
            "low": "1.075",
            "close": "1.0788"
        },
        {
            "time": "30.12.2020 11:33",
            "open": "1.0788",
            "high": "1.0788",
            "low": "1.0788",
            "close": "1.0788"
        },
        {
            "time": "30.12.2020 11:44",
            "open": "1.0788",
            "high": "1.0788",
            "low": "1.0788",
            "close": "1.0745"
        },
        {
            "time": "30.12.2020 11:52",
            "open": "1.0745",
            "high": "1.078",
            "low": "1.0745",
            "close": "1.0773"
        },
        {
            "time": "30.12.2020 11:55",
            "open": "1.0773",
            "high": "1.0782",
            "low": "1.0748",
            "close": "1.0728"
        },
        {
            "time": "30.12.2020 11:57",
            "open": "1.0728",
            "high": "1.0728",
            "low": "1.067",
            "close": "1.0677"
        },
        {
            "time": "30.12.2020 11:58",
            "open": "1.0677",
            "high": "1.0695",
            "low": "1.067",
            "close": "1.0745"
        },
        {
            "time": "30.12.2020 12:04",
            "open": "1.0745",
            "high": "1.0745",
            "low": "1.0745",
            "close": "1.0729"
        },
        {
            "time": "30.12.2020 12:15",
            "open": "1.0729",
            "high": "1.0729",
            "low": "1.0729",
            "close": "1.0731"
        },
        {
            "time": "30.12.2020 12:16",
            "open": "1.0731",
            "high": "1.0731",
            "low": "1.0731",
            "close": "1.0732"
        },
        {
            "time": "30.12.2020 12:22",
            "open": "1.0732",
            "high": "1.0732",
            "low": "1.0732",
            "close": "1.0718"
        },
        {
            "time": "30.12.2020 12:33",
            "open": "1.0718",
            "high": "1.0719",
            "low": "1.0718",
            "close": "1.0671"
        },
        {
            "time": "30.12.2020 12:36",
            "open": "1.0671",
            "high": "1.0672",
            "low": "1.067",
            "close": "1.0671"
        },
        {
            "time": "30.12.2020 12:38",
            "open": "1.0671",
            "high": "1.0671",
            "low": "1.0671",
            "close": "1.0674"
        },
        {
            "time": "30.12.2020 12:39",
            "open": "1.0674",
            "high": "1.0677",
            "low": "1.0646",
            "close": "1.0676"
        },
        {
            "time": "30.12.2020 12:48",
            "open": "1.0676",
            "high": "1.0676",
            "low": "1.0676",
            "close": "1.0678"
        },
        {
            "time": "30.12.2020 12:49",
            "open": "1.0678",
            "high": "1.0678",
            "low": "1.0678",
            "close": "1.0652"
        },
        {
            "time": "30.12.2020 12:50",
            "open": "1.0652",
            "high": "1.0652",
            "low": "1.0652",
            "close": "1.0681"
        },
        {
            "time": "30.12.2020 12:58",
            "open": "1.0681",
            "high": "1.0692",
            "low": "1.0681",
            "close": "1.0688"
        },
        {
            "time": "30.12.2020 13:01",
            "open": "1.0688",
            "high": "1.0688",
            "low": "1.0688",
            "close": "1.0715"
        },
        {
            "time": "30.12.2020 13:02",
            "open": "1.0715",
            "high": "1.0715",
            "low": "1.0715",
            "close": "1.0697"
        },
        {
            "time": "30.12.2020 13:06",
            "open": "1.0697",
            "high": "1.0697",
            "low": "1.0697",
            "close": "1.0638"
        },
        {
            "time": "30.12.2020 13:18",
            "open": "1.0638",
            "high": "1.0638",
            "low": "1.0638",
            "close": "1.0639"
        },
        {
            "time": "30.12.2020 13:19",
            "open": "1.0639",
            "high": "1.0639",
            "low": "1.0639",
            "close": "1.0638"
        },
        {
            "time": "30.12.2020 13:20",
            "open": "1.0638",
            "high": "1.0638",
            "low": "1.0638",
            "close": "1.0606"
        },
        {
            "time": "30.12.2020 13:21",
            "open": "1.0606",
            "high": "1.0606",
            "low": "1.0599",
            "close": "1.0591"
        },
        {
            "time": "30.12.2020 13:22",
            "open": "1.0591",
            "high": "1.0634",
            "low": "1.0591",
            "close": "1.0644"
        },
        {
            "time": "30.12.2020 13:23",
            "open": "1.0644",
            "high": "1.0644",
            "low": "1.0644",
            "close": "1.0621"
        },
        {
            "time": "30.12.2020 13:25",
            "open": "1.0621",
            "high": "1.0622",
            "low": "1.0621",
            "close": "1.0611"
        },
        {
            "time": "30.12.2020 13:28",
            "open": "1.0611",
            "high": "1.0611",
            "low": "1.0611",
            "close": "1.0586"
        },
        {
            "time": "30.12.2020 13:31",
            "open": "1.0586",
            "high": "1.0586",
            "low": "1.0586",
            "close": "1.062"
        },
        {
            "time": "30.12.2020 13:32",
            "open": "1.062",
            "high": "1.0778",
            "low": "1.062",
            "close": "1.074"
        },
        {
            "time": "30.12.2020 13:33",
            "open": "1.074",
            "high": "1.074",
            "low": "1.0665",
            "close": "1.0692"
        },
        {
            "time": "30.12.2020 13:34",
            "open": "1.0692",
            "high": "1.0692",
            "low": "1.0692",
            "close": "1.0682"
        },
        {
            "time": "30.12.2020 13:36",
            "open": "1.0682",
            "high": "1.0682",
            "low": "1.0682",
            "close": "1.0651"
        },
        {
            "time": "30.12.2020 13:38",
            "open": "1.0651",
            "high": "1.0651",
            "low": "1.0649",
            "close": "1.0689"
        },
        {
            "time": "30.12.2020 13:49",
            "open": "1.0689",
            "high": "1.0689",
            "low": "1.0689",
            "close": "1.0672"
        },
        {
            "time": "30.12.2020 13:53",
            "open": "1.0672",
            "high": "1.0672",
            "low": "1.0672",
            "close": "1.0647"
        },
        {
            "time": "30.12.2020 13:58",
            "open": "1.0647",
            "high": "1.0647",
            "low": "1.0647",
            "close": "1.0606"
        },
        {
            "time": "30.12.2020 14:01",
            "open": "1.0606",
            "high": "1.0606",
            "low": "1.0606",
            "close": "1.0616"
        },
        {
            "time": "30.12.2020 14:04",
            "open": "1.0616",
            "high": "1.0616",
            "low": "1.0604",
            "close": "1.062"
        },
        {
            "time": "30.12.2020 14:05",
            "open": "1.062",
            "high": "1.062",
            "low": "1.062",
            "close": "1.0592"
        },
        {
            "time": "30.12.2020 14:06",
            "open": "1.0592",
            "high": "1.0592",
            "low": "1.0581",
            "close": "1.0584"
        },
        {
            "time": "30.12.2020 14:10",
            "open": "1.0584",
            "high": "1.0604",
            "low": "1.0584",
            "close": "1.0633"
        },
        {
            "time": "30.12.2020 14:11",
            "open": "1.0633",
            "high": "1.0639",
            "low": "1.0633",
            "close": "1.0659"
        },
        {
            "time": "30.12.2020 14:12",
            "open": "1.0659",
            "high": "1.0659",
            "low": "1.0659",
            "close": "1.0667"
        },
        {
            "time": "30.12.2020 14:13",
            "open": "1.0667",
            "high": "1.0667",
            "low": "1.0666",
            "close": "1.0675"
        },
        {
            "time": "30.12.2020 14:26",
            "open": "1.0675",
            "high": "1.0691",
            "low": "1.0653",
            "close": "1.0687"
        },
        {
            "time": "30.12.2020 14:40",
            "open": "1.0687",
            "high": "1.0732",
            "low": "1.0687",
            "close": "1.0752"
        },
        {
            "time": "30.12.2020 14:44",
            "open": "1.0752",
            "high": "1.0752",
            "low": "1.0752",
            "close": "1.0765"
        },
        {
            "time": "30.12.2020 14:45",
            "open": "1.0765",
            "high": "1.0765",
            "low": "1.0765",
            "close": "1.0764"
        },
        {
            "time": "30.12.2020 14:49",
            "open": "1.0764",
            "high": "1.0764",
            "low": "1.0764",
            "close": "1.0763"
        },
        {
            "time": "30.12.2020 14:50",
            "open": "1.0763",
            "high": "1.0763",
            "low": "1.0763",
            "close": "1.075"
        },
        {
            "time": "30.12.2020 14:54",
            "open": "1.075",
            "high": "1.075",
            "low": "1.075",
            "close": "1.075"
        },
        {
            "time": "30.12.2020 14:55",
            "open": "1.075",
            "high": "1.075",
            "low": "1.075",
            "close": "1.07"
        },
        {
            "time": "30.12.2020 14:58",
            "open": "1.07",
            "high": "1.07",
            "low": "1.07",
            "close": "1.0676"
        },
        {
            "time": "30.12.2020 15:01",
            "open": "1.0676",
            "high": "1.0676",
            "low": "1.0676",
            "close": "1.0672"
        },
        {
            "time": "30.12.2020 15:06",
            "open": "1.0672",
            "high": "1.0672",
            "low": "1.0672",
            "close": "1.0682"
        },
        {
            "time": "30.12.2020 15:12",
            "open": "1.0682",
            "high": "1.0682",
            "low": "1.0682",
            "close": "1.0785"
        },
        {
            "time": "30.12.2020 15:29",
            "open": "1.0785",
            "high": "1.0786",
            "low": "1.0785",
            "close": "1.0776"
        },
        {
            "time": "30.12.2020 15:39",
            "open": "1.0776",
            "high": "1.0776",
            "low": "1.0776",
            "close": "1.078"
        },
        {
            "time": "30.12.2020 15:43",
            "open": "1.078",
            "high": "1.078",
            "low": "1.0774",
            "close": "1.0739"
        },
        {
            "time": "30.12.2020 15:52",
            "open": "1.0739",
            "high": "1.0739",
            "low": "1.0739",
            "close": "1.0734"
        },
        {
            "time": "30.12.2020 15:55",
            "open": "1.0734",
            "high": "1.0735",
            "low": "1.0734",
            "close": "1.0735"
        },
        {
            "time": "30.12.2020 16:04",
            "open": "1.0735",
            "high": "1.0735",
            "low": "1.0735",
            "close": "1.0706"
        },
        {
            "time": "30.12.2020 16:23",
            "open": "1.0706",
            "high": "1.0706",
            "low": "1.0695",
            "close": "1.0658"
        },
        {
            "time": "30.12.2020 16:24",
            "open": "1.0658",
            "high": "1.0658",
            "low": "1.0651",
            "close": "1.0647"
        },
        {
            "time": "30.12.2020 16:26",
            "open": "1.0647",
            "high": "1.0648",
            "low": "1.0647",
            "close": "1.0677"
        },
        {
            "time": "30.12.2020 16:31",
            "open": "1.0677",
            "high": "1.0677",
            "low": "1.0677",
            "close": "1.0666"
        },
        {
            "time": "30.12.2020 16:37",
            "open": "1.0666",
            "high": "1.0666",
            "low": "1.0666",
            "close": "1.0653"
        },
        {
            "time": "30.12.2020 16:40",
            "open": "1.0653",
            "high": "1.0653",
            "low": "1.0652",
            "close": "1.0676"
        },
        {
            "time": "30.12.2020 16:42",
            "open": "1.0676",
            "high": "1.0676",
            "low": "1.0676",
            "close": "1.0652"
        },
        {
            "time": "30.12.2020 16:46",
            "open": "1.0652",
            "high": "1.0652",
            "low": "1.063",
            "close": "1.0667"
        },
        {
            "time": "30.12.2020 16:47",
            "open": "1.0667",
            "high": "1.0692",
            "low": "1.0667",
            "close": "1.0706"
        },
        {
            "time": "30.12.2020 16:48",
            "open": "1.0706",
            "high": "1.0706",
            "low": "1.067",
            "close": "1.0647"
        },
        {
            "time": "30.12.2020 16:54",
            "open": "1.0647",
            "high": "1.0649",
            "low": "1.0647",
            "close": "1.0647"
        },
        {
            "time": "30.12.2020 16:55",
            "open": "1.0647",
            "high": "1.0647",
            "low": "1.0647",
            "close": "1.0623"
        },
        {
            "time": "30.12.2020 16:57",
            "open": "1.0623",
            "high": "1.0623",
            "low": "1.0623",
            "close": "1.0682"
        },
        {
            "time": "30.12.2020 17:06",
            "open": "1.0682",
            "high": "1.0682",
            "low": "1.0658",
            "close": "1.0657"
        },
        {
            "time": "30.12.2020 17:10",
            "open": "1.0657",
            "high": "1.0657",
            "low": "1.0657",
            "close": "1.0615"
        },
        {
            "time": "30.12.2020 17:13",
            "open": "1.0615",
            "high": "1.0615",
            "low": "1.0505",
            "close": "1.0548"
        },
        {
            "time": "30.12.2020 17:14",
            "open": "1.0548",
            "high": "1.0548",
            "low": "1.0548",
            "close": "1.0514"
        },
        {
            "time": "30.12.2020 17:17",
            "open": "1.0514",
            "high": "1.0542",
            "low": "1.0514",
            "close": "1.0544"
        },
        {
            "time": "30.12.2020 17:19",
            "open": "1.0544",
            "high": "1.0544",
            "low": "1.0544",
            "close": "1.0547"
        },
        {
            "time": "30.12.2020 17:25",
            "open": "1.0547",
            "high": "1.0547",
            "low": "1.0547",
            "close": "1.0552"
        },
        {
            "time": "30.12.2020 17:27",
            "open": "1.0552",
            "high": "1.0571",
            "low": "1.0552",
            "close": "1.0561"
        },
        {
            "time": "30.12.2020 17:31",
            "open": "1.0561",
            "high": "1.0561",
            "low": "1.0561",
            "close": "1.0588"
        },
        {
            "time": "30.12.2020 17:34",
            "open": "1.0588",
            "high": "1.0619",
            "low": "1.0588",
            "close": "1.0658"
        },
        {
            "time": "30.12.2020 17:36",
            "open": "1.0658",
            "high": "1.0663",
            "low": "1.0658",
            "close": "1.0706"
        },
        {
            "time": "30.12.2020 17:38",
            "open": "1.0706",
            "high": "1.0706",
            "low": "1.0706",
            "close": "1.0726"
        },
        {
            "time": "30.12.2020 17:40",
            "open": "1.0726",
            "high": "1.0726",
            "low": "1.0726",
            "close": "1.0697"
        },
        {
            "time": "30.12.2020 17:42",
            "open": "1.0697",
            "high": "1.0697",
            "low": "1.0657",
            "close": "1.0641"
        },
        {
            "time": "30.12.2020 17:43",
            "open": "1.0641",
            "high": "1.0651",
            "low": "1.0641",
            "close": "1.0612"
        },
        {
            "time": "30.12.2020 17:45",
            "open": "1.0612",
            "high": "1.0612",
            "low": "1.0612",
            "close": "1.0637"
        },
        {
            "time": "30.12.2020 17:48",
            "open": "1.0637",
            "high": "1.0637",
            "low": "1.0637",
            "close": "1.0603"
        },
        {
            "time": "30.12.2020 17:53",
            "open": "1.0603",
            "high": "1.0603",
            "low": "1.06",
            "close": "1.0592"
        },
        {
            "time": "30.12.2020 17:59",
            "open": "1.0592",
            "high": "1.0599",
            "low": "1.0592",
            "close": "1.0585"
        },
        {
            "time": "30.12.2020 18:00",
            "open": "1.0585",
            "high": "1.0585",
            "low": "1.0585",
            "close": "1.0628"
        },
        {
            "time": "30.12.2020 18:07",
            "open": "1.0628",
            "high": "1.0628",
            "low": "1.0628",
            "close": "1.0575"
        },
        {
            "time": "30.12.2020 18:09",
            "open": "1.0575",
            "high": "1.0593",
            "low": "1.0575",
            "close": "1.0615"
        },
        {
            "time": "30.12.2020 18:10",
            "open": "1.0615",
            "high": "1.0615",
            "low": "1.0615",
            "close": "1.0616"
        },
        {
            "time": "30.12.2020 18:14",
            "open": "1.0616",
            "high": "1.0617",
            "low": "1.0616",
            "close": "1.0596"
        },
        {
            "time": "30.12.2020 18:19",
            "open": "1.0596",
            "high": "1.0596",
            "low": "1.0596",
            "close": "1.0591"
        },
        {
            "time": "30.12.2020 18:21",
            "open": "1.0591",
            "high": "1.0591",
            "low": "1.0591",
            "close": "1.0615"
        },
        {
            "time": "30.12.2020 18:36",
            "open": "1.0615",
            "high": "1.0676",
            "low": "1.0615",
            "close": "1.0644"
        },
        {
            "time": "30.12.2020 18:38",
            "open": "1.0644",
            "high": "1.0644",
            "low": "1.0644",
            "close": "1.0646"
        },
        {
            "time": "30.12.2020 18:39",
            "open": "1.0646",
            "high": "1.0646",
            "low": "1.0646",
            "close": "1.0617"
        },
        {
            "time": "30.12.2020 19:10",
            "open": "1.0617",
            "high": "1.0617",
            "low": "1.0617",
            "close": "1.0585"
        },
        {
            "time": "30.12.2020 19:13",
            "open": "1.0585",
            "high": "1.0587",
            "low": "1.0537",
            "close": "1.0555"
        },
        {
            "time": "30.12.2020 19:14",
            "open": "1.0555",
            "high": "1.0559",
            "low": "1.0541",
            "close": "1.0549"
        },
        {
            "time": "30.12.2020 19:26",
            "open": "1.0549",
            "high": "1.0571",
            "low": "1.0549",
            "close": "1.0514"
        },
        {
            "time": "30.12.2020 19:33",
            "open": "1.0514",
            "high": "1.0514",
            "low": "1.0514",
            "close": "1.0512"
        },
        {
            "time": "30.12.2020 19:36",
            "open": "1.0512",
            "high": "1.0512",
            "low": "1.0494",
            "close": "1.0494"
        },
        {
            "time": "30.12.2020 19:38",
            "open": "1.0494",
            "high": "1.0509",
            "low": "1.0494",
            "close": "1.0536"
        },
        {
            "time": "30.12.2020 19:39",
            "open": "1.0536",
            "high": "1.0536",
            "low": "1.0536",
            "close": "1.0552"
        },
        {
            "time": "30.12.2020 19:41",
            "open": "1.0552",
            "high": "1.0552",
            "low": "1.0552",
            "close": "1.0569"
        },
        {
            "time": "30.12.2020 19:42",
            "open": "1.0569",
            "high": "1.0586",
            "low": "1.0569",
            "close": "1.0565"
        },
        {
            "time": "30.12.2020 19:56",
            "open": "1.0565",
            "high": "1.0565",
            "low": "1.0565",
            "close": "1.0541"
        },
        {
            "time": "30.12.2020 19:57",
            "open": "1.0541",
            "high": "1.0541",
            "low": "1.054",
            "close": "1.0528"
        },
        {
            "time": "30.12.2020 19:58",
            "open": "1.0528",
            "high": "1.0528",
            "low": "1.0528",
            "close": "1.0525"
        },
        {
            "time": "30.12.2020 20:01",
            "open": "1.0525",
            "high": "1.0599",
            "low": "1.0525",
            "close": "1.0621"
        },
        {
            "time": "30.12.2020 20:05",
            "open": "1.0621",
            "high": "1.0621",
            "low": "1.0621",
            "close": "1.0629"
        },
        {
            "time": "30.12.2020 20:10",
            "open": "1.0629",
            "high": "1.0629",
            "low": "1.0629",
            "close": "1.0673"
        },
        {
            "time": "30.12.2020 20:12",
            "open": "1.0673",
            "high": "1.0673",
            "low": "1.0673",
            "close": "1.0695"
        },
        {
            "time": "30.12.2020 20:13",
            "open": "1.0695",
            "high": "1.0734",
            "low": "1.0695",
            "close": "1.0717"
        },
        {
            "time": "30.12.2020 20:25",
            "open": "1.0717",
            "high": "1.075",
            "low": "1.0717",
            "close": "1.0707"
        },
        {
            "time": "30.12.2020 20:26",
            "open": "1.0707",
            "high": "1.0707",
            "low": "1.0707",
            "close": "1.0707"
        },
        {
            "time": "30.12.2020 20:28",
            "open": "1.0707",
            "high": "1.0707",
            "low": "1.0707",
            "close": "1.0636"
        },
        {
            "time": "30.12.2020 20:36",
            "open": "1.0636",
            "high": "1.0636",
            "low": "1.063",
            "close": "1.067"
        },
        {
            "time": "30.12.2020 20:45",
            "open": "1.067",
            "high": "1.0741",
            "low": "1.067",
            "close": "1.0657"
        },
        {
            "time": "30.12.2020 20:54",
            "open": "1.0657",
            "high": "1.0657",
            "low": "1.0657",
            "close": "1.0706"
        },
        {
            "time": "30.12.2020 20:59",
            "open": "1.0706",
            "high": "1.0706",
            "low": "1.0706",
            "close": "1.0718"
        },
        {
            "time": "30.12.2020 21:01",
            "open": "1.0718",
            "high": "1.0718",
            "low": "1.0718",
            "close": "1.0718"
        },
        {
            "time": "30.12.2020 21:03",
            "open": "1.0718",
            "high": "1.0739",
            "low": "1.0718",
            "close": "1.0737"
        },
        {
            "time": "30.12.2020 21:05",
            "open": "1.0737",
            "high": "1.0737",
            "low": "1.0737",
            "close": "1.0709"
        },
        {
            "time": "30.12.2020 21:15",
            "open": "1.0709",
            "high": "1.0714",
            "low": "1.0709",
            "close": "1.0697"
        },
        {
            "time": "30.12.2020 21:39",
            "open": "1.0697",
            "high": "1.0697",
            "low": "1.0697",
            "close": "1.0716"
        },
        {
            "time": "30.12.2020 21:49",
            "open": "1.0716",
            "high": "1.0716",
            "low": "1.0687",
            "close": "1.0724"
        },
        {
            "time": "30.12.2020 21:50",
            "open": "1.0724",
            "high": "1.0724",
            "low": "1.0724",
            "close": "1.0704"
        },
        {
            "time": "30.12.2020 22:47",
            "open": "1.0704",
            "high": "1.0704",
            "low": "1.0704",
            "close": "1.0628"
        },
        {
            "time": "30.12.2020 23:10",
            "open": "1.0628",
            "high": "1.0628",
            "low": "1.0628",
            "close": "1.0729"
        },
        {
            "time": "30.12.2020 23:25",
            "open": "1.0729",
            "high": "1.0729",
            "low": "1.0729",
            "close": "1.0719"
        },
        {
            "time": "30.12.2020 23:28",
            "open": "1.0719",
            "high": "1.072",
            "low": "1.0719",
            "close": "1.0706"
        },
        {
            "time": "30.12.2020 23:42",
            "open": "1.0706",
            "high": "1.0706",
            "low": "1.0706",
            "close": "1.0697"
        },
        {
            "time": "30.12.2020 23:46",
            "open": "1.0697",
            "high": "1.0699",
            "low": "1.0697",
            "close": "1.0605"
        },
        {
            "time": "30.12.2020 23:55",
            "open": "1.0605",
            "high": "1.0605",
            "low": "1.0559",
            "close": "1.0641"
        }
    ]
}