{
    "BNT-EUR": [
        {
            "time": "18.08.2021 23:48",
            "open": "3.4014",
            "high": "3.4014",
            "low": "3.4014",
            "close": "3.3937"
        },
        {
            "time": "19.08.2021 00:06",
            "open": "3.3937",
            "high": "3.4421",
            "low": "3.3936",
            "close": "3.4418"
        },
        {
            "time": "19.08.2021 00:07",
            "open": "3.4418",
            "high": "3.4721",
            "low": "3.4302",
            "close": "3.473"
        },
        {
            "time": "19.08.2021 00:08",
            "open": "3.473",
            "high": "3.508",
            "low": "3.4729",
            "close": "3.5152"
        },
        {
            "time": "19.08.2021 00:09",
            "open": "3.5152",
            "high": "3.5596",
            "low": "3.5143",
            "close": "3.5594"
        },
        {
            "time": "19.08.2021 00:10",
            "open": "3.5594",
            "high": "3.5613",
            "low": "3.4737",
            "close": "3.4848"
        },
        {
            "time": "19.08.2021 00:11",
            "open": "3.4848",
            "high": "3.4901",
            "low": "3.4755",
            "close": "3.484"
        },
        {
            "time": "19.08.2021 00:12",
            "open": "3.484",
            "high": "3.4949",
            "low": "3.484",
            "close": "3.4903"
        },
        {
            "time": "19.08.2021 00:13",
            "open": "3.4903",
            "high": "3.4999",
            "low": "3.4903",
            "close": "3.4839"
        },
        {
            "time": "19.08.2021 00:14",
            "open": "3.4839",
            "high": "3.4996",
            "low": "3.4838",
            "close": "3.497"
        },
        {
            "time": "19.08.2021 00:15",
            "open": "3.497",
            "high": "3.4987",
            "low": "3.497",
            "close": "3.5057"
        },
        {
            "time": "19.08.2021 00:16",
            "open": "3.5057",
            "high": "3.5057",
            "low": "3.5057",
            "close": "3.5014"
        },
        {
            "time": "19.08.2021 00:17",
            "open": "3.5014",
            "high": "3.5068",
            "low": "3.5014",
            "close": "3.497"
        },
        {
            "time": "19.08.2021 00:18",
            "open": "3.497",
            "high": "3.5137",
            "low": "3.4967",
            "close": "3.5137"
        },
        {
            "time": "19.08.2021 00:19",
            "open": "3.5137",
            "high": "3.5137",
            "low": "3.5033",
            "close": "3.5118"
        },
        {
            "time": "19.08.2021 00:21",
            "open": "3.5118",
            "high": "3.5162",
            "low": "3.5117",
            "close": "3.5186"
        },
        {
            "time": "19.08.2021 00:22",
            "open": "3.5186",
            "high": "3.5263",
            "low": "3.5186",
            "close": "3.5159"
        },
        {
            "time": "19.08.2021 00:23",
            "open": "3.5159",
            "high": "3.5272",
            "low": "3.5142",
            "close": "3.5475"
        },
        {
            "time": "19.08.2021 00:24",
            "open": "3.5475",
            "high": "3.5498",
            "low": "3.5343",
            "close": "3.537"
        },
        {
            "time": "19.08.2021 00:25",
            "open": "3.537",
            "high": "3.5387",
            "low": "3.5229",
            "close": "3.5229"
        },
        {
            "time": "19.08.2021 00:26",
            "open": "3.5229",
            "high": "3.5299",
            "low": "3.5204",
            "close": "3.5203"
        },
        {
            "time": "19.08.2021 00:27",
            "open": "3.5203",
            "high": "3.5216",
            "low": "3.5087",
            "close": "3.5142"
        },
        {
            "time": "19.08.2021 00:28",
            "open": "3.5142",
            "high": "3.5182",
            "low": "3.5142",
            "close": "3.5171"
        },
        {
            "time": "19.08.2021 00:29",
            "open": "3.5171",
            "high": "3.5254",
            "low": "3.5171",
            "close": "3.5276"
        },
        {
            "time": "19.08.2021 00:30",
            "open": "3.5271",
            "high": "3.5271",
            "low": "3.5271",
            "close": "3.5198"
        },
        {
            "time": "19.08.2021 00:32",
            "open": "3.5198",
            "high": "3.5354",
            "low": "3.5198",
            "close": "3.5212"
        },
        {
            "time": "19.08.2021 00:33",
            "open": "3.5212",
            "high": "3.5281",
            "low": "3.5212",
            "close": "3.5228"
        },
        {
            "time": "19.08.2021 00:34",
            "open": "3.5228",
            "high": "3.5277",
            "low": "3.5228",
            "close": "3.526"
        },
        {
            "time": "19.08.2021 00:35",
            "open": "3.526",
            "high": "3.5317",
            "low": "3.5228",
            "close": "3.5283"
        },
        {
            "time": "19.08.2021 00:36",
            "open": "3.5283",
            "high": "3.5325",
            "low": "3.5263",
            "close": "3.521"
        },
        {
            "time": "19.08.2021 00:37",
            "open": "3.521",
            "high": "3.521",
            "low": "3.521",
            "close": "3.5288"
        },
        {
            "time": "19.08.2021 00:39",
            "open": "3.5288",
            "high": "3.5288",
            "low": "3.5288",
            "close": "3.5217"
        },
        {
            "time": "19.08.2021 00:40",
            "open": "3.5217",
            "high": "3.5217",
            "low": "3.5198",
            "close": "3.528"
        },
        {
            "time": "19.08.2021 00:41",
            "open": "3.528",
            "high": "3.5383",
            "low": "3.5248",
            "close": "3.535"
        },
        {
            "time": "19.08.2021 00:42",
            "open": "3.535",
            "high": "3.535",
            "low": "3.5315",
            "close": "3.5495"
        },
        {
            "time": "19.08.2021 00:44",
            "open": "3.5495",
            "high": "3.5879",
            "low": "3.5451",
            "close": "3.5579"
        },
        {
            "time": "19.08.2021 00:45",
            "open": "3.5579",
            "high": "3.5815",
            "low": "3.5522",
            "close": "3.5807"
        },
        {
            "time": "19.08.2021 00:46",
            "open": "3.5807",
            "high": "3.6253",
            "low": "3.5561",
            "close": "3.6257"
        },
        {
            "time": "19.08.2021 00:47",
            "open": "3.6257",
            "high": "3.6984",
            "low": "3.6173",
            "close": "3.687"
        },
        {
            "time": "19.08.2021 00:48",
            "open": "3.687",
            "high": "3.7493",
            "low": "3.6217",
            "close": "3.6268"
        },
        {
            "time": "19.08.2021 00:49",
            "open": "3.6268",
            "high": "3.6452",
            "low": "3.5976",
            "close": "3.6143"
        },
        {
            "time": "19.08.2021 00:50",
            "open": "3.6143",
            "high": "3.6143",
            "low": "3.5977",
            "close": "3.5918"
        },
        {
            "time": "19.08.2021 00:51",
            "open": "3.5918",
            "high": "3.5951",
            "low": "3.5864",
            "close": "3.5853"
        },
        {
            "time": "19.08.2021 00:52",
            "open": "3.5853",
            "high": "3.5853",
            "low": "3.5853",
            "close": "3.5741"
        },
        {
            "time": "19.08.2021 00:53",
            "open": "3.5741",
            "high": "3.5741",
            "low": "3.5557",
            "close": "3.5513"
        },
        {
            "time": "19.08.2021 00:54",
            "open": "3.5513",
            "high": "3.5513",
            "low": "3.5497",
            "close": "3.536"
        },
        {
            "time": "19.08.2021 00:55",
            "open": "3.536",
            "high": "3.536",
            "low": "3.5285",
            "close": "3.5303"
        },
        {
            "time": "19.08.2021 00:56",
            "open": "3.5303",
            "high": "3.5348",
            "low": "3.5298",
            "close": "3.5002"
        },
        {
            "time": "19.08.2021 00:59",
            "open": "3.5002",
            "high": "3.5032",
            "low": "3.4975",
            "close": "3.4984"
        },
        {
            "time": "19.08.2021 01:00",
            "open": "3.4984",
            "high": "3.4993",
            "low": "3.498",
            "close": "3.4994"
        },
        {
            "time": "19.08.2021 01:01",
            "open": "3.4994",
            "high": "3.4994",
            "low": "3.4994",
            "close": "3.498"
        },
        {
            "time": "19.08.2021 01:02",
            "open": "3.498",
            "high": "3.4988",
            "low": "3.4956",
            "close": "3.4951"
        },
        {
            "time": "19.08.2021 01:03",
            "open": "3.4951",
            "high": "3.5234",
            "low": "3.4949",
            "close": "3.5082"
        },
        {
            "time": "19.08.2021 01:04",
            "open": "3.5082",
            "high": "3.5158",
            "low": "3.5082",
            "close": "3.518"
        },
        {
            "time": "19.08.2021 01:06",
            "open": "3.518",
            "high": "3.518",
            "low": "3.518",
            "close": "3.5171"
        },
        {
            "time": "19.08.2021 01:07",
            "open": "3.5171",
            "high": "3.5171",
            "low": "3.5171",
            "close": "3.5071"
        },
        {
            "time": "19.08.2021 01:08",
            "open": "3.5071",
            "high": "3.5071",
            "low": "3.5071",
            "close": "3.5098"
        },
        {
            "time": "19.08.2021 01:09",
            "open": "3.5098",
            "high": "3.5098",
            "low": "3.5098",
            "close": "3.5025"
        },
        {
            "time": "19.08.2021 01:13",
            "open": "3.5025",
            "high": "3.5025",
            "low": "3.5025",
            "close": "3.4828"
        },
        {
            "time": "19.08.2021 01:27",
            "open": "3.4828",
            "high": "3.4828",
            "low": "3.4792",
            "close": "3.4833"
        },
        {
            "time": "19.08.2021 01:28",
            "open": "3.4833",
            "high": "3.487",
            "low": "3.4833",
            "close": "3.4773"
        },
        {
            "time": "19.08.2021 01:30",
            "open": "3.4773",
            "high": "3.4773",
            "low": "3.4773",
            "close": "3.479"
        },
        {
            "time": "19.08.2021 01:32",
            "open": "3.479",
            "high": "3.479",
            "low": "3.479",
            "close": "3.4815"
        },
        {
            "time": "19.08.2021 01:33",
            "open": "3.4815",
            "high": "3.4815",
            "low": "3.4815",
            "close": "3.4815"
        },
        {
            "time": "19.08.2021 01:35",
            "open": "3.4815",
            "high": "3.4815",
            "low": "3.4815",
            "close": "3.4786"
        },
        {
            "time": "19.08.2021 01:37",
            "open": "3.4786",
            "high": "3.4786",
            "low": "3.4784",
            "close": "3.4678"
        },
        {
            "time": "19.08.2021 01:43",
            "open": "3.4678",
            "high": "3.4678",
            "low": "3.4648",
            "close": "3.4599"
        },
        {
            "time": "19.08.2021 01:46",
            "open": "3.4599",
            "high": "3.4599",
            "low": "3.4599",
            "close": "3.4607"
        },
        {
            "time": "19.08.2021 01:48",
            "open": "3.4607",
            "high": "3.4607",
            "low": "3.4607",
            "close": "3.4463"
        },
        {
            "time": "19.08.2021 01:52",
            "open": "3.4463",
            "high": "3.4463",
            "low": "3.4463",
            "close": "3.4384"
        },
        {
            "time": "19.08.2021 01:53",
            "open": "3.4384",
            "high": "3.4384",
            "low": "3.4334",
            "close": "3.4305"
        },
        {
            "time": "19.08.2021 01:54",
            "open": "3.4305",
            "high": "3.4305",
            "low": "3.4305",
            "close": "3.4378"
        },
        {
            "time": "19.08.2021 01:57",
            "open": "3.4378",
            "high": "3.4378",
            "low": "3.4378",
            "close": "3.4284"
        },
        {
            "time": "19.08.2021 02:00",
            "open": "3.4284",
            "high": "3.4284",
            "low": "3.4284",
            "close": "3.4284"
        },
        {
            "time": "19.08.2021 02:01",
            "open": "3.4284",
            "high": "3.4284",
            "low": "3.4284",
            "close": "3.4337"
        },
        {
            "time": "19.08.2021 02:03",
            "open": "3.4337",
            "high": "3.4476",
            "low": "3.4337",
            "close": "3.4505"
        },
        {
            "time": "19.08.2021 02:04",
            "open": "3.4505",
            "high": "3.4505",
            "low": "3.4443",
            "close": "3.4471"
        },
        {
            "time": "19.08.2021 02:05",
            "open": "3.4471",
            "high": "3.4506",
            "low": "3.4399",
            "close": "3.4497"
        },
        {
            "time": "19.08.2021 02:06",
            "open": "3.4497",
            "high": "3.4497",
            "low": "3.4493",
            "close": "3.4495"
        },
        {
            "time": "19.08.2021 02:09",
            "open": "3.4495",
            "high": "3.4495",
            "low": "3.4472",
            "close": "3.4502"
        },
        {
            "time": "19.08.2021 02:10",
            "open": "3.4502",
            "high": "3.4542",
            "low": "3.4502",
            "close": "3.4354"
        },
        {
            "time": "19.08.2021 02:33",
            "open": "3.4354",
            "high": "3.4354",
            "low": "3.4354",
            "close": "3.4479"
        },
        {
            "time": "19.08.2021 02:43",
            "open": "3.4479",
            "high": "3.4479",
            "low": "3.4479",
            "close": "3.4536"
        },
        {
            "time": "19.08.2021 02:47",
            "open": "3.4536",
            "high": "3.4536",
            "low": "3.4536",
            "close": "3.4524"
        },
        {
            "time": "19.08.2021 02:50",
            "open": "3.4524",
            "high": "3.4524",
            "low": "3.4524",
            "close": "3.4599"
        },
        {
            "time": "19.08.2021 02:54",
            "open": "3.4599",
            "high": "3.4647",
            "low": "3.4599",
            "close": "3.4697"
        },
        {
            "time": "19.08.2021 03:00",
            "open": "3.4697",
            "high": "3.4697",
            "low": "3.4697",
            "close": "3.4706"
        },
        {
            "time": "19.08.2021 03:03",
            "open": "3.4706",
            "high": "3.4739",
            "low": "3.4706",
            "close": "3.4678"
        },
        {
            "time": "19.08.2021 03:07",
            "open": "3.4678",
            "high": "3.4678",
            "low": "3.4678",
            "close": "3.4806"
        },
        {
            "time": "19.08.2021 03:35",
            "open": "3.4806",
            "high": "3.4806",
            "low": "3.4806",
            "close": "3.4813"
        },
        {
            "time": "19.08.2021 03:45",
            "open": "3.4813",
            "high": "3.4854",
            "low": "3.4798",
            "close": "3.4716"
        },
        {
            "time": "19.08.2021 03:53",
            "open": "3.4716",
            "high": "3.4734",
            "low": "3.4716",
            "close": "3.464"
        },
        {
            "time": "19.08.2021 03:56",
            "open": "3.464",
            "high": "3.464",
            "low": "3.464",
            "close": "3.4561"
        },
        {
            "time": "19.08.2021 04:00",
            "open": "3.4561",
            "high": "3.4561",
            "low": "3.4561",
            "close": "3.4371"
        },
        {
            "time": "19.08.2021 04:04",
            "open": "3.4317",
            "high": "3.4317",
            "low": "3.4317",
            "close": "3.4391"
        },
        {
            "time": "19.08.2021 04:56",
            "open": "3.4391",
            "high": "3.4391",
            "low": "3.4349",
            "close": "3.4252"
        },
        {
            "time": "19.08.2021 05:04",
            "open": "3.4252",
            "high": "3.4252",
            "low": "3.3966",
            "close": "3.4113"
        },
        {
            "time": "19.08.2021 05:05",
            "open": "3.4113",
            "high": "3.4113",
            "low": "3.4061",
            "close": "3.4047"
        },
        {
            "time": "19.08.2021 05:06",
            "open": "3.4047",
            "high": "3.4047",
            "low": "3.4047",
            "close": "3.3892"
        },
        {
            "time": "19.08.2021 05:07",
            "open": "3.3892",
            "high": "3.3929",
            "low": "3.3892",
            "close": "3.3801"
        },
        {
            "time": "19.08.2021 05:08",
            "open": "3.3801",
            "high": "3.3801",
            "low": "3.3801",
            "close": "3.3754"
        },
        {
            "time": "19.08.2021 05:09",
            "open": "3.3754",
            "high": "3.3754",
            "low": "3.3747",
            "close": "3.3743"
        },
        {
            "time": "19.08.2021 05:23",
            "open": "3.3743",
            "high": "3.3743",
            "low": "3.3743",
            "close": "3.3743"
        },
        {
            "time": "19.08.2021 05:32",
            "open": "3.3743",
            "high": "3.3743",
            "low": "3.3743",
            "close": "3.3753"
        },
        {
            "time": "19.08.2021 05:42",
            "open": "3.3753",
            "high": "3.3753",
            "low": "3.3704",
            "close": "3.3658"
        },
        {
            "time": "19.08.2021 06:03",
            "open": "3.3658",
            "high": "3.3658",
            "low": "3.3658",
            "close": "3.3717"
        },
        {
            "time": "19.08.2021 06:13",
            "open": "3.3717",
            "high": "3.3779",
            "low": "3.3717",
            "close": "3.3713"
        },
        {
            "time": "19.08.2021 06:16",
            "open": "3.3713",
            "high": "3.3713",
            "low": "3.3713",
            "close": "3.3658"
        },
        {
            "time": "19.08.2021 06:19",
            "open": "3.3658",
            "high": "3.3658",
            "low": "3.3658",
            "close": "3.3878"
        },
        {
            "time": "19.08.2021 07:06",
            "open": "3.3878",
            "high": "3.3929",
            "low": "3.3878",
            "close": "3.3855"
        },
        {
            "time": "19.08.2021 07:08",
            "open": "3.3855",
            "high": "3.3863",
            "low": "3.3855",
            "close": "3.3743"
        },
        {
            "time": "19.08.2021 07:11",
            "open": "3.3743",
            "high": "3.3743",
            "low": "3.3743",
            "close": "3.4"
        },
        {
            "time": "19.08.2021 07:29",
            "open": "3.4",
            "high": "3.4",
            "low": "3.4",
            "close": "3.4109"
        },
        {
            "time": "19.08.2021 07:32",
            "open": "3.4109",
            "high": "3.4109",
            "low": "3.4108",
            "close": "3.4084"
        },
        {
            "time": "19.08.2021 07:44",
            "open": "3.4084",
            "high": "3.4084",
            "low": "3.4067",
            "close": "3.4023"
        },
        {
            "time": "19.08.2021 07:57",
            "open": "3.4023",
            "high": "3.4023",
            "low": "3.4023",
            "close": "3.3869"
        },
        {
            "time": "19.08.2021 08:12",
            "open": "3.3869",
            "high": "3.3892",
            "low": "3.3869",
            "close": "3.3856"
        },
        {
            "time": "19.08.2021 09:58",
            "open": "3.3856",
            "high": "3.3886",
            "low": "3.3856",
            "close": "3.4101"
        },
        {
            "time": "19.08.2021 10:06",
            "open": "3.4101",
            "high": "3.4101",
            "low": "3.4101",
            "close": "3.3799"
        },
        {
            "time": "19.08.2021 10:18",
            "open": "3.3799",
            "high": "3.3799",
            "low": "3.3799",
            "close": "3.4167"
        },
        {
            "time": "19.08.2021 10:40",
            "open": "3.4167",
            "high": "3.4167",
            "low": "3.4167",
            "close": "3.4283"
        },
        {
            "time": "19.08.2021 11:10",
            "open": "3.4283",
            "high": "3.4283",
            "low": "3.4283",
            "close": "3.4086"
        },
        {
            "time": "19.08.2021 11:24",
            "open": "3.4086",
            "high": "3.4086",
            "low": "3.4034",
            "close": "3.3996"
        },
        {
            "time": "19.08.2021 11:27",
            "open": "3.3996",
            "high": "3.3996",
            "low": "3.3996",
            "close": "3.4067"
        },
        {
            "time": "19.08.2021 11:30",
            "open": "3.4067",
            "high": "3.4067",
            "low": "3.4067",
            "close": "3.4067"
        },
        {
            "time": "19.08.2021 12:02",
            "open": "3.4067",
            "high": "3.4067",
            "low": "3.4067",
            "close": "3.4149"
        },
        {
            "time": "19.08.2021 12:07",
            "open": "3.4149",
            "high": "3.4149",
            "low": "3.4149",
            "close": "3.4067"
        },
        {
            "time": "19.08.2021 12:18",
            "open": "3.4067",
            "high": "3.4067",
            "low": "3.4067",
            "close": "3.4067"
        },
        {
            "time": "19.08.2021 12:26",
            "open": "3.4067",
            "high": "3.4067",
            "low": "3.4067",
            "close": "3.3954"
        },
        {
            "time": "19.08.2021 12:41",
            "open": "3.3954",
            "high": "3.3954",
            "low": "3.3954",
            "close": "3.3864"
        },
        {
            "time": "19.08.2021 12:43",
            "open": "3.3864",
            "high": "3.3864",
            "low": "3.3864",
            "close": "3.3907"
        },
        {
            "time": "19.08.2021 12:44",
            "open": "3.3907",
            "high": "3.3907",
            "low": "3.3907",
            "close": "3.362"
        },
        {
            "time": "19.08.2021 13:07",
            "open": "3.362",
            "high": "3.362",
            "low": "3.362",
            "close": "3.362"
        },
        {
            "time": "19.08.2021 13:18",
            "open": "3.362",
            "high": "3.362",
            "low": "3.362",
            "close": "3.3693"
        },
        {
            "time": "19.08.2021 13:19",
            "open": "3.3693",
            "high": "3.3693",
            "low": "3.3649",
            "close": "3.3828"
        },
        {
            "time": "19.08.2021 13:35",
            "open": "3.3828",
            "high": "3.3828",
            "low": "3.3828",
            "close": "3.3826"
        },
        {
            "time": "19.08.2021 13:36",
            "open": "3.3826",
            "high": "3.3899",
            "low": "3.3826",
            "close": "3.3735"
        },
        {
            "time": "19.08.2021 13:57",
            "open": "3.3735",
            "high": "3.3735",
            "low": "3.372",
            "close": "3.3581"
        },
        {
            "time": "19.08.2021 13:58",
            "open": "3.3581",
            "high": "3.3581",
            "low": "3.3581",
            "close": "3.3488"
        },
        {
            "time": "19.08.2021 14:00",
            "open": "3.3488",
            "high": "3.3488",
            "low": "3.3487",
            "close": "3.3487"
        },
        {
            "time": "19.08.2021 14:02",
            "open": "3.3487",
            "high": "3.3487",
            "low": "3.3487",
            "close": "3.3346"
        },
        {
            "time": "19.08.2021 14:04",
            "open": "3.3346",
            "high": "3.3346",
            "low": "3.3346",
            "close": "3.3357"
        },
        {
            "time": "19.08.2021 14:05",
            "open": "3.3357",
            "high": "3.3382",
            "low": "3.3357",
            "close": "3.3437"
        },
        {
            "time": "19.08.2021 14:06",
            "open": "3.3437",
            "high": "3.3487",
            "low": "3.3437",
            "close": "3.3487"
        },
        {
            "time": "19.08.2021 14:13",
            "open": "3.3487",
            "high": "3.3487",
            "low": "3.3487",
            "close": "3.3728"
        },
        {
            "time": "19.08.2021 14:33",
            "open": "3.3728",
            "high": "3.3728",
            "low": "3.3728",
            "close": "3.3732"
        },
        {
            "time": "19.08.2021 14:36",
            "open": "3.3732",
            "high": "3.3732",
            "low": "3.3732",
            "close": "3.3852"
        },
        {
            "time": "19.08.2021 15:05",
            "open": "3.3852",
            "high": "3.3865",
            "low": "3.3852",
            "close": "3.3924"
        },
        {
            "time": "19.08.2021 15:22",
            "open": "3.3924",
            "high": "3.3924",
            "low": "3.3924",
            "close": "3.3924"
        },
        {
            "time": "19.08.2021 15:28",
            "open": "3.3924",
            "high": "3.3924",
            "low": "3.3924",
            "close": "3.4045"
        },
        {
            "time": "19.08.2021 16:00",
            "open": "3.4045",
            "high": "3.4045",
            "low": "3.4045",
            "close": "3.4455"
        },
        {
            "time": "19.08.2021 16:27",
            "open": "3.4455",
            "high": "3.4456",
            "low": "3.4455",
            "close": "3.4398"
        },
        {
            "time": "19.08.2021 16:28",
            "open": "3.4398",
            "high": "3.4398",
            "low": "3.4388",
            "close": "3.4453"
        },
        {
            "time": "19.08.2021 16:29",
            "open": "3.4453",
            "high": "3.4453",
            "low": "3.4453",
            "close": "3.4359"
        },
        {
            "time": "19.08.2021 16:30",
            "open": "3.4359",
            "high": "3.4359",
            "low": "3.4359",
            "close": "3.4473"
        },
        {
            "time": "19.08.2021 16:51",
            "open": "3.4473",
            "high": "3.4473",
            "low": "3.4473",
            "close": "3.4539"
        },
        {
            "time": "19.08.2021 16:55",
            "open": "3.4539",
            "high": "3.4539",
            "low": "3.4539",
            "close": "3.4515"
        },
        {
            "time": "19.08.2021 17:26",
            "open": "3.4515",
            "high": "3.4523",
            "low": "3.4515",
            "close": "3.4512"
        },
        {
            "time": "19.08.2021 17:27",
            "open": "3.4512",
            "high": "3.4512",
            "low": "3.4512",
            "close": "3.4521"
        },
        {
            "time": "19.08.2021 17:31",
            "open": "3.4521",
            "high": "3.4521",
            "low": "3.4521",
            "close": "3.4583"
        },
        {
            "time": "19.08.2021 17:50",
            "open": "3.4583",
            "high": "3.4852",
            "low": "3.4541",
            "close": "3.4747"
        },
        {
            "time": "19.08.2021 17:52",
            "open": "3.4747",
            "high": "3.4747",
            "low": "3.4723",
            "close": "3.4799"
        },
        {
            "time": "19.08.2021 17:58",
            "open": "3.4799",
            "high": "3.4799",
            "low": "3.4799",
            "close": "3.4899"
        },
        {
            "time": "19.08.2021 18:06",
            "open": "3.4899",
            "high": "3.4899",
            "low": "3.4899",
            "close": "3.486"
        },
        {
            "time": "19.08.2021 18:27",
            "open": "3.486",
            "high": "3.486",
            "low": "3.486",
            "close": "3.486"
        },
        {
            "time": "19.08.2021 18:28",
            "open": "3.486",
            "high": "3.486",
            "low": "3.4858",
            "close": "3.4899"
        },
        {
            "time": "19.08.2021 18:29",
            "open": "3.4899",
            "high": "3.4899",
            "low": "3.4899",
            "close": "3.49"
        },
        {
            "time": "19.08.2021 18:30",
            "open": "3.49",
            "high": "3.49",
            "low": "3.49",
            "close": "3.49"
        },
        {
            "time": "19.08.2021 18:37",
            "open": "3.49",
            "high": "3.49",
            "low": "3.49",
            "close": "3.49"
        },
        {
            "time": "19.08.2021 18:42",
            "open": "3.49",
            "high": "3.49",
            "low": "3.49",
            "close": "3.4891"
        },
        {
            "time": "19.08.2021 18:54",
            "open": "3.4891",
            "high": "3.4891",
            "low": "3.4891",
            "close": "3.4698"
        },
        {
            "time": "19.08.2021 19:10",
            "open": "3.4698",
            "high": "3.4698",
            "low": "3.4698",
            "close": "3.4775"
        },
        {
            "time": "19.08.2021 19:13",
            "open": "3.4775",
            "high": "3.4775",
            "low": "3.4775",
            "close": "3.4848"
        },
        {
            "time": "19.08.2021 19:26",
            "open": "3.4848",
            "high": "3.4848",
            "low": "3.4848",
            "close": "3.4848"
        },
        {
            "time": "19.08.2021 19:34",
            "open": "3.4848",
            "high": "3.4848",
            "low": "3.4848",
            "close": "3.4848"
        },
        {
            "time": "19.08.2021 19:36",
            "open": "3.4848",
            "high": "3.4848",
            "low": "3.4848",
            "close": "3.4848"
        },
        {
            "time": "19.08.2021 19:37",
            "open": "3.4848",
            "high": "3.4848",
            "low": "3.4848",
            "close": "3.4778"
        },
        {
            "time": "19.08.2021 19:54",
            "open": "3.4778",
            "high": "3.4778",
            "low": "3.476",
            "close": "3.4976"
        },
        {
            "time": "19.08.2021 20:19",
            "open": "3.4976",
            "high": "3.5241",
            "low": "3.4976",
            "close": "3.5305"
        },
        {
            "time": "19.08.2021 20:31",
            "open": "3.5305",
            "high": "3.5305",
            "low": "3.5305",
            "close": "3.5414"
        },
        {
            "time": "19.08.2021 20:36",
            "open": "3.5414",
            "high": "3.5422",
            "low": "3.5414",
            "close": "3.5398"
        },
        {
            "time": "19.08.2021 20:49",
            "open": "3.5398",
            "high": "3.5398",
            "low": "3.5398",
            "close": "3.5446"
        },
        {
            "time": "19.08.2021 20:57",
            "open": "3.5446",
            "high": "3.5446",
            "low": "3.5446",
            "close": "3.5524"
        },
        {
            "time": "19.08.2021 20:58",
            "open": "3.5524",
            "high": "3.5524",
            "low": "3.5524",
            "close": "3.5546"
        },
        {
            "time": "19.08.2021 21:01",
            "open": "3.5546",
            "high": "3.5546",
            "low": "3.5546",
            "close": "3.5676"
        },
        {
            "time": "19.08.2021 21:07",
            "open": "3.5676",
            "high": "3.5676",
            "low": "3.5676",
            "close": "3.5676"
        },
        {
            "time": "19.08.2021 21:08",
            "open": "3.5676",
            "high": "3.5676",
            "low": "3.5676",
            "close": "3.5697"
        },
        {
            "time": "19.08.2021 21:37",
            "open": "3.5697",
            "high": "3.5697",
            "low": "3.5697",
            "close": "3.57"
        },
        {
            "time": "19.08.2021 21:40",
            "open": "3.57",
            "high": "3.57",
            "low": "3.57",
            "close": "3.57"
        },
        {
            "time": "19.08.2021 21:41",
            "open": "3.57",
            "high": "3.576",
            "low": "3.57",
            "close": "3.576"
        },
        {
            "time": "19.08.2021 21:43",
            "open": "3.576",
            "high": "3.576",
            "low": "3.576",
            "close": "3.576"
        },
        {
            "time": "19.08.2021 21:44",
            "open": "3.576",
            "high": "3.5786",
            "low": "3.576",
            "close": "3.5771"
        },
        {
            "time": "19.08.2021 21:54",
            "open": "3.5771",
            "high": "3.5771",
            "low": "3.5771",
            "close": "3.5805"
        },
        {
            "time": "19.08.2021 21:58",
            "open": "3.5805",
            "high": "3.5805",
            "low": "3.5805",
            "close": "3.5879"
        },
        {
            "time": "19.08.2021 22:00",
            "open": "3.5879",
            "high": "3.5879",
            "low": "3.5879",
            "close": "3.5933"
        },
        {
            "time": "19.08.2021 22:05",
            "open": "3.5933",
            "high": "3.5933",
            "low": "3.5933",
            "close": "3.587"
        },
        {
            "time": "19.08.2021 22:13",
            "open": "3.587",
            "high": "3.587",
            "low": "3.587",
            "close": "3.5674"
        },
        {
            "time": "19.08.2021 22:18",
            "open": "3.5674",
            "high": "3.5674",
            "low": "3.5674",
            "close": "3.5674"
        },
        {
            "time": "19.08.2021 22:31",
            "open": "3.5674",
            "high": "3.5674",
            "low": "3.5674",
            "close": "3.5763"
        },
        {
            "time": "19.08.2021 22:36",
            "open": "3.5763",
            "high": "3.5763",
            "low": "3.5763",
            "close": "3.5858"
        },
        {
            "time": "19.08.2021 22:44",
            "open": "3.5858",
            "high": "3.5858",
            "low": "3.5858",
            "close": "3.5741"
        },
        {
            "time": "19.08.2021 22:52",
            "open": "3.5741",
            "high": "3.5741",
            "low": "3.5741",
            "close": "3.5806"
        },
        {
            "time": "19.08.2021 22:58",
            "open": "3.5806",
            "high": "3.5806",
            "low": "3.5806",
            "close": "3.5796"
        },
        {
            "time": "19.08.2021 23:06",
            "open": "3.5796",
            "high": "3.5796",
            "low": "3.5768",
            "close": "3.5732"
        },
        {
            "time": "19.08.2021 23:07",
            "open": "3.5732",
            "high": "3.5732",
            "low": "3.4253",
            "close": "3.4443"
        },
        {
            "time": "19.08.2021 23:08",
            "open": "3.4443",
            "high": "3.4799",
            "low": "3.4443",
            "close": "3.4531"
        },
        {
            "time": "19.08.2021 23:09",
            "open": "3.4531",
            "high": "3.4698",
            "low": "3.4491",
            "close": "3.4654"
        },
        {
            "time": "19.08.2021 23:10",
            "open": "3.4654",
            "high": "3.4877",
            "low": "3.4654",
            "close": "3.4768"
        },
        {
            "time": "19.08.2021 23:11",
            "open": "3.4768",
            "high": "3.4878",
            "low": "3.4768",
            "close": "3.499"
        },
        {
            "time": "19.08.2021 23:13",
            "open": "3.499",
            "high": "3.5008",
            "low": "3.499",
            "close": "3.5182"
        },
        {
            "time": "19.08.2021 23:16",
            "open": "3.5182",
            "high": "3.5221",
            "low": "3.511",
            "close": "3.5076"
        },
        {
            "time": "19.08.2021 23:17",
            "open": "3.5076",
            "high": "3.5076",
            "low": "3.4863",
            "close": "3.5035"
        },
        {
            "time": "19.08.2021 23:18",
            "open": "3.5035",
            "high": "3.5035",
            "low": "3.5004",
            "close": "3.5059"
        },
        {
            "time": "19.08.2021 23:19",
            "open": "3.5059",
            "high": "3.5059",
            "low": "3.5059",
            "close": "3.5212"
        },
        {
            "time": "19.08.2021 23:21",
            "open": "3.5212",
            "high": "3.5212",
            "low": "3.5144",
            "close": "3.5078"
        },
        {
            "time": "19.08.2021 23:23",
            "open": "3.5078",
            "high": "3.5078",
            "low": "3.5078",
            "close": "3.5185"
        },
        {
            "time": "19.08.2021 23:54",
            "open": "3.5185",
            "high": "3.5185",
            "low": "3.5185",
            "close": "3.5272"
        }
    ]
}