{
    "BNT-EUR": [
        {
            "time": "19.03.2021 23:52",
            "open": "6.8585",
            "high": "6.8585",
            "low": "6.8585",
            "close": "6.8612"
        },
        {
            "time": "20.03.2021 00:03",
            "open": "6.8612",
            "high": "6.8612",
            "low": "6.8468",
            "close": "6.831"
        },
        {
            "time": "20.03.2021 00:14",
            "open": "6.831",
            "high": "6.831",
            "low": "6.831",
            "close": "6.8304"
        },
        {
            "time": "20.03.2021 00:15",
            "open": "6.8304",
            "high": "6.8304",
            "low": "6.8304",
            "close": "6.8235"
        },
        {
            "time": "20.03.2021 00:16",
            "open": "6.8235",
            "high": "6.8235",
            "low": "6.8235",
            "close": "6.8244"
        },
        {
            "time": "20.03.2021 00:17",
            "open": "6.8244",
            "high": "6.8244",
            "low": "6.8244",
            "close": "6.8288"
        },
        {
            "time": "20.03.2021 00:18",
            "open": "6.8288",
            "high": "6.829",
            "low": "6.8244",
            "close": "6.8131"
        },
        {
            "time": "20.03.2021 00:19",
            "open": "6.8131",
            "high": "6.8244",
            "low": "6.8131",
            "close": "6.8465"
        },
        {
            "time": "20.03.2021 00:35",
            "open": "6.8465",
            "high": "6.8465",
            "low": "6.8433",
            "close": "6.85"
        },
        {
            "time": "20.03.2021 00:37",
            "open": "6.85",
            "high": "6.85",
            "low": "6.85",
            "close": "6.8456"
        },
        {
            "time": "20.03.2021 00:41",
            "open": "6.8456",
            "high": "6.8456",
            "low": "6.8288",
            "close": "6.8574"
        },
        {
            "time": "20.03.2021 00:47",
            "open": "6.8574",
            "high": "6.8574",
            "low": "6.8574",
            "close": "6.8788"
        },
        {
            "time": "20.03.2021 00:49",
            "open": "6.8788",
            "high": "6.8788",
            "low": "6.8788",
            "close": "6.8662"
        },
        {
            "time": "20.03.2021 00:51",
            "open": "6.8662",
            "high": "6.8662",
            "low": "6.8574",
            "close": "6.85"
        },
        {
            "time": "20.03.2021 00:57",
            "open": "6.85",
            "high": "6.85",
            "low": "6.85",
            "close": "6.8791"
        },
        {
            "time": "20.03.2021 01:04",
            "open": "6.8791",
            "high": "6.8791",
            "low": "6.8791",
            "close": "6.8703"
        },
        {
            "time": "20.03.2021 01:05",
            "open": "6.8703",
            "high": "6.8873",
            "low": "6.8703",
            "close": "6.8424"
        },
        {
            "time": "20.03.2021 01:06",
            "open": "6.8424",
            "high": "6.8424",
            "low": "6.8424",
            "close": "6.8324"
        },
        {
            "time": "20.03.2021 01:12",
            "open": "6.8324",
            "high": "6.8861",
            "low": "6.8324",
            "close": "6.8676"
        },
        {
            "time": "20.03.2021 01:13",
            "open": "6.8676",
            "high": "6.8676",
            "low": "6.8676",
            "close": "6.8676"
        },
        {
            "time": "20.03.2021 01:15",
            "open": "6.8676",
            "high": "6.8861",
            "low": "6.8676",
            "close": "6.8912"
        },
        {
            "time": "20.03.2021 01:16",
            "open": "6.8912",
            "high": "6.8924",
            "low": "6.8894",
            "close": "6.8745"
        },
        {
            "time": "20.03.2021 01:17",
            "open": "6.8745",
            "high": "6.8986",
            "low": "6.8745",
            "close": "6.91"
        },
        {
            "time": "20.03.2021 01:19",
            "open": "6.91",
            "high": "6.9121",
            "low": "6.9089",
            "close": "6.8942"
        },
        {
            "time": "20.03.2021 01:20",
            "open": "6.8942",
            "high": "6.8958",
            "low": "6.8942",
            "close": "6.9068"
        },
        {
            "time": "20.03.2021 01:21",
            "open": "6.9068",
            "high": "6.9068",
            "low": "6.9068",
            "close": "6.8943"
        },
        {
            "time": "20.03.2021 01:22",
            "open": "6.8943",
            "high": "6.898",
            "low": "6.8942",
            "close": "6.8989"
        },
        {
            "time": "20.03.2021 01:23",
            "open": "6.8989",
            "high": "6.8989",
            "low": "6.893",
            "close": "6.883"
        },
        {
            "time": "20.03.2021 01:25",
            "open": "6.883",
            "high": "6.883",
            "low": "6.883",
            "close": "6.883"
        },
        {
            "time": "20.03.2021 01:28",
            "open": "6.883",
            "high": "6.883",
            "low": "6.883",
            "close": "6.8878"
        },
        {
            "time": "20.03.2021 01:32",
            "open": "6.8878",
            "high": "6.9055",
            "low": "6.8878",
            "close": "6.9008"
        },
        {
            "time": "20.03.2021 01:43",
            "open": "6.9008",
            "high": "6.932",
            "low": "6.8917",
            "close": "6.8869"
        },
        {
            "time": "20.03.2021 01:44",
            "open": "6.8869",
            "high": "6.8869",
            "low": "6.8647",
            "close": "6.882"
        },
        {
            "time": "20.03.2021 01:56",
            "open": "6.882",
            "high": "6.882",
            "low": "6.882",
            "close": "6.9062"
        },
        {
            "time": "20.03.2021 02:03",
            "open": "6.9062",
            "high": "6.9062",
            "low": "6.9062",
            "close": "6.9173"
        },
        {
            "time": "20.03.2021 02:07",
            "open": "6.9173",
            "high": "6.9175",
            "low": "6.9173",
            "close": "6.9192"
        },
        {
            "time": "20.03.2021 02:18",
            "open": "6.9192",
            "high": "6.9192",
            "low": "6.9192",
            "close": "6.9314"
        },
        {
            "time": "20.03.2021 02:19",
            "open": "6.9314",
            "high": "6.9317",
            "low": "6.9314",
            "close": "6.932"
        },
        {
            "time": "20.03.2021 02:20",
            "open": "6.932",
            "high": "6.9438",
            "low": "6.9269",
            "close": "6.9272"
        },
        {
            "time": "20.03.2021 02:21",
            "open": "6.9272",
            "high": "6.9272",
            "low": "6.9272",
            "close": "6.9433"
        },
        {
            "time": "20.03.2021 02:22",
            "open": "6.9433",
            "high": "6.9442",
            "low": "6.9433",
            "close": "6.9458"
        },
        {
            "time": "20.03.2021 02:24",
            "open": "6.9458",
            "high": "6.9534",
            "low": "6.9458",
            "close": "6.9534"
        },
        {
            "time": "20.03.2021 02:25",
            "open": "6.9534",
            "high": "6.9584",
            "low": "6.9534",
            "close": "6.9621"
        },
        {
            "time": "20.03.2021 02:26",
            "open": "6.9621",
            "high": "6.9621",
            "low": "6.9551",
            "close": "6.9551"
        },
        {
            "time": "20.03.2021 02:27",
            "open": "6.9551",
            "high": "6.9551",
            "low": "6.9431",
            "close": "6.962"
        },
        {
            "time": "20.03.2021 02:29",
            "open": "6.962",
            "high": "6.962",
            "low": "6.962",
            "close": "6.962"
        },
        {
            "time": "20.03.2021 02:30",
            "open": "6.962",
            "high": "6.962",
            "low": "6.962",
            "close": "6.9499"
        },
        {
            "time": "20.03.2021 02:31",
            "open": "6.9499",
            "high": "6.9619",
            "low": "6.9431",
            "close": "6.9621"
        },
        {
            "time": "20.03.2021 02:32",
            "open": "6.9621",
            "high": "6.9621",
            "low": "6.9587",
            "close": "6.9616"
        },
        {
            "time": "20.03.2021 02:33",
            "open": "6.9616",
            "high": "6.9797",
            "low": "6.9616",
            "close": "6.9794"
        },
        {
            "time": "20.03.2021 02:34",
            "open": "6.9794",
            "high": "7",
            "low": "6.9794",
            "close": "7"
        },
        {
            "time": "20.03.2021 02:35",
            "open": "7",
            "high": "7",
            "low": "7",
            "close": "6.9834"
        },
        {
            "time": "20.03.2021 02:36",
            "open": "6.9834",
            "high": "6.9834",
            "low": "6.9834",
            "close": "6.9891"
        },
        {
            "time": "20.03.2021 02:37",
            "open": "6.9891",
            "high": "6.9892",
            "low": "6.9679",
            "close": "6.968"
        },
        {
            "time": "20.03.2021 02:38",
            "open": "6.968",
            "high": "6.9949",
            "low": "6.968",
            "close": "6.9902"
        },
        {
            "time": "20.03.2021 02:39",
            "open": "6.9902",
            "high": "6.9936",
            "low": "6.9895",
            "close": "6.9895"
        },
        {
            "time": "20.03.2021 02:40",
            "open": "6.9895",
            "high": "6.9936",
            "low": "6.9861",
            "close": "6.9936"
        },
        {
            "time": "20.03.2021 02:43",
            "open": "6.9936",
            "high": "6.9936",
            "low": "6.9776",
            "close": "6.9864"
        },
        {
            "time": "20.03.2021 02:44",
            "open": "6.9864",
            "high": "6.9864",
            "low": "6.9864",
            "close": "6.9864"
        },
        {
            "time": "20.03.2021 02:45",
            "open": "6.9864",
            "high": "7.0048",
            "low": "6.9798",
            "close": "7.0063"
        },
        {
            "time": "20.03.2021 02:46",
            "open": "7.0063",
            "high": "7.0063",
            "low": "7.0063",
            "close": "7.0078"
        },
        {
            "time": "20.03.2021 02:47",
            "open": "7.0078",
            "high": "7.0078",
            "low": "6.9827",
            "close": "6.9833"
        },
        {
            "time": "20.03.2021 02:48",
            "open": "6.9833",
            "high": "6.9833",
            "low": "6.9833",
            "close": "6.9976"
        },
        {
            "time": "20.03.2021 02:49",
            "open": "6.9976",
            "high": "6.9976",
            "low": "6.9976",
            "close": "7.0084"
        },
        {
            "time": "20.03.2021 02:50",
            "open": "7.0084",
            "high": "7.0084",
            "low": "7.0084",
            "close": "7.011"
        },
        {
            "time": "20.03.2021 02:52",
            "open": "7.011",
            "high": "7.0282",
            "low": "6.9827",
            "close": "6.999"
        },
        {
            "time": "20.03.2021 02:56",
            "open": "6.999",
            "high": "6.999",
            "low": "6.999",
            "close": "6.9933"
        },
        {
            "time": "20.03.2021 02:57",
            "open": "6.9933",
            "high": "6.9933",
            "low": "6.9933",
            "close": "6.9933"
        },
        {
            "time": "20.03.2021 03:02",
            "open": "6.9933",
            "high": "6.9933",
            "low": "6.9933",
            "close": "6.9819"
        },
        {
            "time": "20.03.2021 03:03",
            "open": "6.9819",
            "high": "6.982",
            "low": "6.9819",
            "close": "7.0158"
        },
        {
            "time": "20.03.2021 03:05",
            "open": "7.0158",
            "high": "7.0158",
            "low": "7.0158",
            "close": "6.9938"
        },
        {
            "time": "20.03.2021 03:06",
            "open": "6.9938",
            "high": "7.0111",
            "low": "6.9895",
            "close": "7.0154"
        },
        {
            "time": "20.03.2021 03:09",
            "open": "7.0154",
            "high": "7.0154",
            "low": "7.0073",
            "close": "7.014"
        },
        {
            "time": "20.03.2021 03:11",
            "open": "7.014",
            "high": "7.014",
            "low": "7.0113",
            "close": "7.0291"
        },
        {
            "time": "20.03.2021 03:13",
            "open": "7.0291",
            "high": "7.0293",
            "low": "7.0291",
            "close": "7.0311"
        },
        {
            "time": "20.03.2021 03:15",
            "open": "7.0311",
            "high": "7.0311",
            "low": "7.0236",
            "close": "7.0259"
        },
        {
            "time": "20.03.2021 03:17",
            "open": "7.0259",
            "high": "7.0259",
            "low": "6.9919",
            "close": "7.0004"
        },
        {
            "time": "20.03.2021 03:19",
            "open": "7.0004",
            "high": "7.0004",
            "low": "7.0004",
            "close": "7.0372"
        },
        {
            "time": "20.03.2021 03:33",
            "open": "7.0372",
            "high": "7.0372",
            "low": "7.0372",
            "close": "7.021"
        },
        {
            "time": "20.03.2021 03:41",
            "open": "7.021",
            "high": "7.021",
            "low": "7.021",
            "close": "7.0205"
        },
        {
            "time": "20.03.2021 03:43",
            "open": "7.0205",
            "high": "7.021",
            "low": "7.0205",
            "close": "7.0211"
        },
        {
            "time": "20.03.2021 03:44",
            "open": "7.0211",
            "high": "7.0218",
            "low": "7.0211",
            "close": "7.021"
        },
        {
            "time": "20.03.2021 03:45",
            "open": "7.021",
            "high": "7.021",
            "low": "7.021",
            "close": "7.0045"
        },
        {
            "time": "20.03.2021 03:49",
            "open": "7.0045",
            "high": "7.0045",
            "low": "7.0045",
            "close": "7.0062"
        },
        {
            "time": "20.03.2021 04:00",
            "open": "7.0062",
            "high": "7.0062",
            "low": "7.0062",
            "close": "7.0367"
        },
        {
            "time": "20.03.2021 04:09",
            "open": "7.0382",
            "high": "7.0382",
            "low": "7.0382",
            "close": "7.0411"
        },
        {
            "time": "20.03.2021 04:10",
            "open": "7.0411",
            "high": "7.05",
            "low": "7.0411",
            "close": "7.0463"
        },
        {
            "time": "20.03.2021 04:11",
            "open": "7.0463",
            "high": "7.0463",
            "low": "7.0062",
            "close": "7.0147"
        },
        {
            "time": "20.03.2021 04:12",
            "open": "7.0147",
            "high": "7.0193",
            "low": "7.0147",
            "close": "7.0155"
        },
        {
            "time": "20.03.2021 04:15",
            "open": "7.0155",
            "high": "7.0355",
            "low": "7.0143",
            "close": "7.0036"
        },
        {
            "time": "20.03.2021 04:16",
            "open": "7.0036",
            "high": "7.0036",
            "low": "6.9947",
            "close": "6.9725"
        },
        {
            "time": "20.03.2021 04:17",
            "open": "6.9725",
            "high": "6.9748",
            "low": "6.9713",
            "close": "6.9795"
        },
        {
            "time": "20.03.2021 04:18",
            "open": "6.9795",
            "high": "7.0004",
            "low": "6.9795",
            "close": "7.0089"
        },
        {
            "time": "20.03.2021 04:19",
            "open": "7.0089",
            "high": "7.0101",
            "low": "7.0077",
            "close": "6.9859"
        },
        {
            "time": "20.03.2021 04:21",
            "open": "6.9859",
            "high": "6.9867",
            "low": "6.9859",
            "close": "7.002"
        },
        {
            "time": "20.03.2021 04:23",
            "open": "7.002",
            "high": "7.002",
            "low": "7.002",
            "close": "7.0173"
        },
        {
            "time": "20.03.2021 04:24",
            "open": "7.0173",
            "high": "7.0559",
            "low": "7.0173",
            "close": "7.0558"
        },
        {
            "time": "20.03.2021 04:25",
            "open": "7.0558",
            "high": "7.056",
            "low": "7.0558",
            "close": "7.0558"
        },
        {
            "time": "20.03.2021 04:28",
            "open": "7.0558",
            "high": "7.0559",
            "low": "7.0558",
            "close": "7.0559"
        },
        {
            "time": "20.03.2021 04:31",
            "open": "7.0559",
            "high": "7.0832",
            "low": "7.0559",
            "close": "7.085"
        },
        {
            "time": "20.03.2021 04:35",
            "open": "7.085",
            "high": "7.085",
            "low": "7.085",
            "close": "7.09"
        },
        {
            "time": "20.03.2021 04:36",
            "open": "7.09",
            "high": "7.095",
            "low": "7.09",
            "close": "7.1"
        },
        {
            "time": "20.03.2021 04:37",
            "open": "7.1",
            "high": "7.1",
            "low": "7.1",
            "close": "7.1"
        },
        {
            "time": "20.03.2021 04:38",
            "open": "7.1",
            "high": "7.14",
            "low": "7.1",
            "close": "7.1399"
        },
        {
            "time": "20.03.2021 04:39",
            "open": "7.1399",
            "high": "7.1399",
            "low": "7.1399",
            "close": "7.0501"
        },
        {
            "time": "20.03.2021 04:42",
            "open": "7.0501",
            "high": "7.0503",
            "low": "7.0501",
            "close": "7.1015"
        },
        {
            "time": "20.03.2021 04:54",
            "open": "7.1015",
            "high": "7.1392",
            "low": "7.0847",
            "close": "7.0871"
        },
        {
            "time": "20.03.2021 04:55",
            "open": "7.0871",
            "high": "7.0871",
            "low": "7.0871",
            "close": "7.1005"
        },
        {
            "time": "20.03.2021 04:57",
            "open": "7.1005",
            "high": "7.18",
            "low": "7.1005",
            "close": "7.1895"
        },
        {
            "time": "20.03.2021 04:58",
            "open": "7.1895",
            "high": "7.2",
            "low": "7.1327",
            "close": "7.1982"
        },
        {
            "time": "20.03.2021 05:04",
            "open": "7.1982",
            "high": "7.2",
            "low": "7.1982",
            "close": "7.205"
        },
        {
            "time": "20.03.2021 05:05",
            "open": "7.205",
            "high": "7.205",
            "low": "7.205",
            "close": "7.205"
        },
        {
            "time": "20.03.2021 05:06",
            "open": "7.205",
            "high": "7.205",
            "low": "7.205",
            "close": "7.2089"
        },
        {
            "time": "20.03.2021 05:07",
            "open": "7.2089",
            "high": "7.2089",
            "low": "7.2089",
            "close": "7.209"
        },
        {
            "time": "20.03.2021 05:08",
            "open": "7.209",
            "high": "7.209",
            "low": "7.209",
            "close": "7.2089"
        },
        {
            "time": "20.03.2021 05:10",
            "open": "7.2089",
            "high": "7.2089",
            "low": "7.2089",
            "close": "7.2089"
        },
        {
            "time": "20.03.2021 05:11",
            "open": "7.2089",
            "high": "7.2089",
            "low": "7.1437",
            "close": "7.1501"
        },
        {
            "time": "20.03.2021 05:18",
            "open": "7.1501",
            "high": "7.1501",
            "low": "7.1501",
            "close": "7.1197"
        },
        {
            "time": "20.03.2021 05:22",
            "open": "7.1197",
            "high": "7.1197",
            "low": "7.1197",
            "close": "7.1195"
        },
        {
            "time": "20.03.2021 05:23",
            "open": "7.1195",
            "high": "7.1195",
            "low": "7.0832",
            "close": "7.0943"
        },
        {
            "time": "20.03.2021 05:24",
            "open": "7.0943",
            "high": "7.098",
            "low": "7.0834",
            "close": "7.1058"
        },
        {
            "time": "20.03.2021 05:26",
            "open": "7.1058",
            "high": "7.1093",
            "low": "7.1058",
            "close": "7.0849"
        },
        {
            "time": "20.03.2021 05:33",
            "open": "7.0849",
            "high": "7.0859",
            "low": "7.0849",
            "close": "7.0871"
        },
        {
            "time": "20.03.2021 05:37",
            "open": "7.0871",
            "high": "7.0871",
            "low": "7.0871",
            "close": "7.0897"
        },
        {
            "time": "20.03.2021 05:40",
            "open": "7.0897",
            "high": "7.0924",
            "low": "7.0897",
            "close": "7.0978"
        },
        {
            "time": "20.03.2021 05:41",
            "open": "7.0978",
            "high": "7.0978",
            "low": "7.0978",
            "close": "7.0826"
        },
        {
            "time": "20.03.2021 05:45",
            "open": "7.0826",
            "high": "7.0826",
            "low": "7.0826",
            "close": "7.0735"
        },
        {
            "time": "20.03.2021 05:52",
            "open": "7.0735",
            "high": "7.0735",
            "low": "7.0735",
            "close": "7.0742"
        },
        {
            "time": "20.03.2021 05:55",
            "open": "7.0742",
            "high": "7.0742",
            "low": "7.0742",
            "close": "7.078"
        },
        {
            "time": "20.03.2021 05:58",
            "open": "7.078",
            "high": "7.0976",
            "low": "7.078",
            "close": "7.0906"
        },
        {
            "time": "20.03.2021 05:59",
            "open": "7.0906",
            "high": "7.0956",
            "low": "7.0906",
            "close": "7.0342"
        },
        {
            "time": "20.03.2021 06:09",
            "open": "7.0342",
            "high": "7.0342",
            "low": "7.0342",
            "close": "7.0342"
        },
        {
            "time": "20.03.2021 06:13",
            "open": "7.0342",
            "high": "7.0342",
            "low": "7.0342",
            "close": "7.0335"
        },
        {
            "time": "20.03.2021 06:14",
            "open": "7.0335",
            "high": "7.0356",
            "low": "7.0335",
            "close": "7.0335"
        },
        {
            "time": "20.03.2021 06:15",
            "open": "7.0335",
            "high": "7.0335",
            "low": "7.0335",
            "close": "7.0013"
        },
        {
            "time": "20.03.2021 06:20",
            "open": "7.0013",
            "high": "7.0101",
            "low": "7.0003",
            "close": "7.0017"
        },
        {
            "time": "20.03.2021 06:22",
            "open": "7.0017",
            "high": "7.0017",
            "low": "7.0017",
            "close": "6.99"
        },
        {
            "time": "20.03.2021 06:23",
            "open": "6.99",
            "high": "6.9903",
            "low": "6.9877",
            "close": "6.9951"
        },
        {
            "time": "20.03.2021 06:26",
            "open": "6.9951",
            "high": "6.9992",
            "low": "6.9951",
            "close": "6.9933"
        },
        {
            "time": "20.03.2021 06:27",
            "open": "6.9933",
            "high": "6.9933",
            "low": "6.9917",
            "close": "6.99"
        },
        {
            "time": "20.03.2021 06:28",
            "open": "6.99",
            "high": "6.99",
            "low": "6.99",
            "close": "6.9996"
        },
        {
            "time": "20.03.2021 06:29",
            "open": "6.9996",
            "high": "6.9997",
            "low": "6.9996",
            "close": "6.9929"
        },
        {
            "time": "20.03.2021 06:30",
            "open": "6.9929",
            "high": "6.9929",
            "low": "6.9929",
            "close": "7.0051"
        },
        {
            "time": "20.03.2021 06:31",
            "open": "7.0051",
            "high": "7.0054",
            "low": "7.0051",
            "close": "7.0054"
        },
        {
            "time": "20.03.2021 06:34",
            "open": "7.0054",
            "high": "7.0054",
            "low": "7.0054",
            "close": "7.0232"
        },
        {
            "time": "20.03.2021 06:36",
            "open": "7.0232",
            "high": "7.0232",
            "low": "7.0211",
            "close": "7.0054"
        },
        {
            "time": "20.03.2021 06:40",
            "open": "7.0054",
            "high": "7.0054",
            "low": "7.0054",
            "close": "7"
        },
        {
            "time": "20.03.2021 06:41",
            "open": "7",
            "high": "7",
            "low": "6.9911",
            "close": "6.9787"
        },
        {
            "time": "20.03.2021 06:45",
            "open": "6.9787",
            "high": "6.9787",
            "low": "6.9737",
            "close": "6.9752"
        },
        {
            "time": "20.03.2021 06:49",
            "open": "6.9752",
            "high": "6.9774",
            "low": "6.9684",
            "close": "6.9898"
        },
        {
            "time": "20.03.2021 06:52",
            "open": "6.9898",
            "high": "6.9909",
            "low": "6.9898",
            "close": "6.9776"
        },
        {
            "time": "20.03.2021 06:53",
            "open": "6.9776",
            "high": "6.9776",
            "low": "6.9775",
            "close": "6.9779"
        },
        {
            "time": "20.03.2021 06:54",
            "open": "6.9779",
            "high": "6.9779",
            "low": "6.9779",
            "close": "6.9919"
        },
        {
            "time": "20.03.2021 06:58",
            "open": "6.9919",
            "high": "6.992",
            "low": "6.989",
            "close": "6.9956"
        },
        {
            "time": "20.03.2021 07:05",
            "open": "6.9956",
            "high": "6.9956",
            "low": "6.9956",
            "close": "6.9916"
        },
        {
            "time": "20.03.2021 07:10",
            "open": "6.9916",
            "high": "6.9916",
            "low": "6.9916",
            "close": "6.9953"
        },
        {
            "time": "20.03.2021 07:11",
            "open": "6.9953",
            "high": "6.9953",
            "low": "6.9953",
            "close": "6.9981"
        },
        {
            "time": "20.03.2021 07:18",
            "open": "6.9981",
            "high": "6.9981",
            "low": "6.9981",
            "close": "7.002"
        },
        {
            "time": "20.03.2021 07:21",
            "open": "7.002",
            "high": "7.002",
            "low": "7.002",
            "close": "6.9913"
        },
        {
            "time": "20.03.2021 07:22",
            "open": "6.9913",
            "high": "6.9913",
            "low": "6.9819",
            "close": "6.9806"
        },
        {
            "time": "20.03.2021 07:30",
            "open": "6.9806",
            "high": "6.9806",
            "low": "6.9806",
            "close": "6.9733"
        },
        {
            "time": "20.03.2021 07:31",
            "open": "6.9733",
            "high": "6.9733",
            "low": "6.9733",
            "close": "6.9796"
        },
        {
            "time": "20.03.2021 07:36",
            "open": "6.9796",
            "high": "6.991",
            "low": "6.9796",
            "close": "6.9893"
        },
        {
            "time": "20.03.2021 07:37",
            "open": "6.9893",
            "high": "6.9893",
            "low": "6.9893",
            "close": "6.9892"
        },
        {
            "time": "20.03.2021 07:41",
            "open": "6.9892",
            "high": "6.9892",
            "low": "6.9892",
            "close": "6.9886"
        },
        {
            "time": "20.03.2021 07:44",
            "open": "6.9886",
            "high": "6.9886",
            "low": "6.9886",
            "close": "6.9892"
        },
        {
            "time": "20.03.2021 07:45",
            "open": "6.9892",
            "high": "6.9892",
            "low": "6.9892",
            "close": "6.9892"
        },
        {
            "time": "20.03.2021 07:49",
            "open": "6.9892",
            "high": "6.9892",
            "low": "6.9878",
            "close": "6.9893"
        },
        {
            "time": "20.03.2021 07:50",
            "open": "6.9893",
            "high": "6.9893",
            "low": "6.9893",
            "close": "6.9893"
        },
        {
            "time": "20.03.2021 07:51",
            "open": "6.9893",
            "high": "6.9893",
            "low": "6.9893",
            "close": "7.0192"
        },
        {
            "time": "20.03.2021 08:05",
            "open": "7.0192",
            "high": "7.0192",
            "low": "7.0192",
            "close": "7.0008"
        },
        {
            "time": "20.03.2021 08:06",
            "open": "7.0008",
            "high": "7.0008",
            "low": "7.0008",
            "close": "7.0116"
        },
        {
            "time": "20.03.2021 08:07",
            "open": "7.0116",
            "high": "7.0116",
            "low": "7.0116",
            "close": "7.01"
        },
        {
            "time": "20.03.2021 08:11",
            "open": "7.01",
            "high": "7.01",
            "low": "7.01",
            "close": "6.9975"
        },
        {
            "time": "20.03.2021 08:15",
            "open": "6.9975",
            "high": "6.9975",
            "low": "6.9975",
            "close": "6.9975"
        },
        {
            "time": "20.03.2021 08:17",
            "open": "6.9975",
            "high": "6.9975",
            "low": "6.996",
            "close": "6.996"
        },
        {
            "time": "20.03.2021 08:19",
            "open": "6.996",
            "high": "6.996",
            "low": "6.996",
            "close": "7.0078"
        },
        {
            "time": "20.03.2021 08:24",
            "open": "7.0078",
            "high": "7.0078",
            "low": "7.0078",
            "close": "7.008"
        },
        {
            "time": "20.03.2021 08:25",
            "open": "7.008",
            "high": "7.008",
            "low": "7.008",
            "close": "7.008"
        },
        {
            "time": "20.03.2021 08:28",
            "open": "7.008",
            "high": "7.008",
            "low": "7.008",
            "close": "7.0131"
        },
        {
            "time": "20.03.2021 08:31",
            "open": "7.0131",
            "high": "7.0131",
            "low": "7.0002",
            "close": "7.0035"
        },
        {
            "time": "20.03.2021 08:35",
            "open": "7.0035",
            "high": "7.0148",
            "low": "7.0035",
            "close": "7.0148"
        },
        {
            "time": "20.03.2021 08:36",
            "open": "7.0148",
            "high": "7.0149",
            "low": "7.0148",
            "close": "7.01"
        },
        {
            "time": "20.03.2021 08:38",
            "open": "7.01",
            "high": "7.01",
            "low": "7.01",
            "close": "7.01"
        },
        {
            "time": "20.03.2021 08:39",
            "open": "7.01",
            "high": "7.01",
            "low": "7.01",
            "close": "7.01"
        },
        {
            "time": "20.03.2021 08:44",
            "open": "7.01",
            "high": "7.01",
            "low": "7.01",
            "close": "7.0193"
        },
        {
            "time": "20.03.2021 08:45",
            "open": "7.0193",
            "high": "7.027",
            "low": "7.0193",
            "close": "7.0251"
        },
        {
            "time": "20.03.2021 08:46",
            "open": "7.0251",
            "high": "7.0269",
            "low": "7.0251",
            "close": "7.0172"
        },
        {
            "time": "20.03.2021 08:49",
            "open": "7.0172",
            "high": "7.0172",
            "low": "7.0172",
            "close": "7.0333"
        },
        {
            "time": "20.03.2021 08:51",
            "open": "7.0333",
            "high": "7.047",
            "low": "7.0333",
            "close": "7.0445"
        },
        {
            "time": "20.03.2021 08:57",
            "open": "7.0445",
            "high": "7.0445",
            "low": "7.0445",
            "close": "7.0473"
        },
        {
            "time": "20.03.2021 09:00",
            "open": "7.0473",
            "high": "7.0473",
            "low": "7.0473",
            "close": "7.0473"
        },
        {
            "time": "20.03.2021 09:01",
            "open": "7.0473",
            "high": "7.0473",
            "low": "7.0473",
            "close": "7.0133"
        },
        {
            "time": "20.03.2021 09:06",
            "open": "7.0133",
            "high": "7.015",
            "low": "7.0133",
            "close": "7.0336"
        },
        {
            "time": "20.03.2021 09:09",
            "open": "7.0336",
            "high": "7.0336",
            "low": "7.0336",
            "close": "7.0168"
        },
        {
            "time": "20.03.2021 09:12",
            "open": "7.0168",
            "high": "7.0176",
            "low": "7.0168",
            "close": "7.0162"
        },
        {
            "time": "20.03.2021 09:17",
            "open": "7.0162",
            "high": "7.0162",
            "low": "7.0162",
            "close": "7.01"
        },
        {
            "time": "20.03.2021 09:19",
            "open": "7.01",
            "high": "7.01",
            "low": "7.01",
            "close": "7.01"
        },
        {
            "time": "20.03.2021 09:20",
            "open": "7.01",
            "high": "7.01",
            "low": "7.01",
            "close": "7.0125"
        },
        {
            "time": "20.03.2021 09:21",
            "open": "7.0125",
            "high": "7.013",
            "low": "7.0125",
            "close": "7.0426"
        },
        {
            "time": "20.03.2021 09:22",
            "open": "7.0426",
            "high": "7.0426",
            "low": "7.0426",
            "close": "7.0311"
        },
        {
            "time": "20.03.2021 09:24",
            "open": "7.0311",
            "high": "7.0311",
            "low": "7.0306",
            "close": "7.0373"
        },
        {
            "time": "20.03.2021 09:26",
            "open": "7.0373",
            "high": "7.0434",
            "low": "7.0373",
            "close": "7.0387"
        },
        {
            "time": "20.03.2021 09:27",
            "open": "7.0387",
            "high": "7.0387",
            "low": "7.0387",
            "close": "7.0237"
        },
        {
            "time": "20.03.2021 09:28",
            "open": "7.0237",
            "high": "7.0237",
            "low": "7.0237",
            "close": "7.0221"
        },
        {
            "time": "20.03.2021 09:29",
            "open": "7.0221",
            "high": "7.0431",
            "low": "7.0221",
            "close": "7.0325"
        },
        {
            "time": "20.03.2021 09:34",
            "open": "7.0325",
            "high": "7.0325",
            "low": "7.0325",
            "close": "7.0486"
        },
        {
            "time": "20.03.2021 09:36",
            "open": "7.0486",
            "high": "7.0486",
            "low": "7.0486",
            "close": "7.05"
        },
        {
            "time": "20.03.2021 09:39",
            "open": "7.05",
            "high": "7.0633",
            "low": "7.05",
            "close": "7.05"
        },
        {
            "time": "20.03.2021 09:40",
            "open": "7.05",
            "high": "7.0632",
            "low": "7.05",
            "close": "7.0502"
        },
        {
            "time": "20.03.2021 09:41",
            "open": "7.0502",
            "high": "7.0502",
            "low": "7.0502",
            "close": "7.067"
        },
        {
            "time": "20.03.2021 09:44",
            "open": "7.067",
            "high": "7.067",
            "low": "7.0589",
            "close": "7.066"
        },
        {
            "time": "20.03.2021 09:46",
            "open": "7.066",
            "high": "7.066",
            "low": "7.066",
            "close": "7.0653"
        },
        {
            "time": "20.03.2021 09:47",
            "open": "7.0653",
            "high": "7.0749",
            "low": "7.0653",
            "close": "7.0568"
        },
        {
            "time": "20.03.2021 09:49",
            "open": "7.0568",
            "high": "7.0568",
            "low": "7.0566",
            "close": "7.0683"
        },
        {
            "time": "20.03.2021 09:55",
            "open": "7.0683",
            "high": "7.0683",
            "low": "7.0683",
            "close": "7.0704"
        },
        {
            "time": "20.03.2021 09:56",
            "open": "7.0704",
            "high": "7.0704",
            "low": "7.0704",
            "close": "7.0733"
        },
        {
            "time": "20.03.2021 09:57",
            "open": "7.0733",
            "high": "7.0733",
            "low": "7.0733",
            "close": "7.0624"
        },
        {
            "time": "20.03.2021 10:00",
            "open": "7.0624",
            "high": "7.0746",
            "low": "7.0624",
            "close": "7.0795"
        },
        {
            "time": "20.03.2021 10:06",
            "open": "7.0795",
            "high": "7.0795",
            "low": "7.0795",
            "close": "7.0727"
        },
        {
            "time": "20.03.2021 10:09",
            "open": "7.0727",
            "high": "7.0892",
            "low": "7.0727",
            "close": "7.0892"
        },
        {
            "time": "20.03.2021 10:15",
            "open": "7.0892",
            "high": "7.1074",
            "low": "7.0892",
            "close": "7.1068"
        },
        {
            "time": "20.03.2021 10:16",
            "open": "7.1068",
            "high": "7.1073",
            "low": "7.1068",
            "close": "7.1133"
        },
        {
            "time": "20.03.2021 10:17",
            "open": "7.1133",
            "high": "7.1133",
            "low": "7.1133",
            "close": "7.113"
        },
        {
            "time": "20.03.2021 10:19",
            "open": "7.113",
            "high": "7.113",
            "low": "7.113",
            "close": "7.1084"
        },
        {
            "time": "20.03.2021 10:20",
            "open": "7.1084",
            "high": "7.1098",
            "low": "7.1048",
            "close": "7.1149"
        },
        {
            "time": "20.03.2021 10:21",
            "open": "7.1149",
            "high": "7.1154",
            "low": "7.1149",
            "close": "7.1142"
        },
        {
            "time": "20.03.2021 10:25",
            "open": "7.1142",
            "high": "7.1142",
            "low": "7.0898",
            "close": "7.1154"
        },
        {
            "time": "20.03.2021 10:27",
            "open": "7.1154",
            "high": "7.1181",
            "low": "7.1154",
            "close": "7.12"
        },
        {
            "time": "20.03.2021 10:28",
            "open": "7.12",
            "high": "7.12",
            "low": "7.12",
            "close": "7.12"
        },
        {
            "time": "20.03.2021 10:30",
            "open": "7.12",
            "high": "7.1207",
            "low": "7.12",
            "close": "7.1302"
        },
        {
            "time": "20.03.2021 10:33",
            "open": "7.1302",
            "high": "7.1327",
            "low": "7.1302",
            "close": "7.1212"
        },
        {
            "time": "20.03.2021 10:35",
            "open": "7.1212",
            "high": "7.1212",
            "low": "7.1212",
            "close": "7.1359"
        },
        {
            "time": "20.03.2021 10:36",
            "open": "7.1359",
            "high": "7.1442",
            "low": "7.1359",
            "close": "7.1248"
        },
        {
            "time": "20.03.2021 10:37",
            "open": "7.1248",
            "high": "7.1421",
            "low": "7.1248",
            "close": "7.1247"
        },
        {
            "time": "20.03.2021 10:39",
            "open": "7.1247",
            "high": "7.1256",
            "low": "7.12",
            "close": "7.129"
        },
        {
            "time": "20.03.2021 10:42",
            "open": "7.129",
            "high": "7.1311",
            "low": "7.129",
            "close": "7.134"
        },
        {
            "time": "20.03.2021 10:43",
            "open": "7.134",
            "high": "7.134",
            "low": "7.134",
            "close": "7.1253"
        },
        {
            "time": "20.03.2021 10:44",
            "open": "7.1253",
            "high": "7.1253",
            "low": "7.1253",
            "close": "7.1253"
        },
        {
            "time": "20.03.2021 10:45",
            "open": "7.1253",
            "high": "7.1253",
            "low": "7.1253",
            "close": "7.1233"
        },
        {
            "time": "20.03.2021 10:46",
            "open": "7.1233",
            "high": "7.1251",
            "low": "7.1233",
            "close": "7.1101"
        },
        {
            "time": "20.03.2021 10:47",
            "open": "7.1101",
            "high": "7.1101",
            "low": "7.1101",
            "close": "7.1136"
        },
        {
            "time": "20.03.2021 10:48",
            "open": "7.1136",
            "high": "7.1136",
            "low": "7.1136",
            "close": "7.1251"
        },
        {
            "time": "20.03.2021 10:49",
            "open": "7.1251",
            "high": "7.1251",
            "low": "7.1251",
            "close": "7.1251"
        },
        {
            "time": "20.03.2021 10:50",
            "open": "7.1251",
            "high": "7.1387",
            "low": "7.1251",
            "close": "7.1162"
        },
        {
            "time": "20.03.2021 10:51",
            "open": "7.1162",
            "high": "7.1162",
            "low": "7.1147",
            "close": "7.1251"
        },
        {
            "time": "20.03.2021 10:52",
            "open": "7.1251",
            "high": "7.1251",
            "low": "7.1251",
            "close": "7.1298"
        },
        {
            "time": "20.03.2021 10:53",
            "open": "7.1298",
            "high": "7.1298",
            "low": "7.1298",
            "close": "7.1269"
        },
        {
            "time": "20.03.2021 10:54",
            "open": "7.1269",
            "high": "7.1269",
            "low": "7.1269",
            "close": "7.1232"
        },
        {
            "time": "20.03.2021 10:55",
            "open": "7.1232",
            "high": "7.125",
            "low": "7.1232",
            "close": "7.1299"
        },
        {
            "time": "20.03.2021 10:59",
            "open": "7.1299",
            "high": "7.1299",
            "low": "7.1299",
            "close": "7.1374"
        },
        {
            "time": "20.03.2021 11:07",
            "open": "7.1374",
            "high": "7.1375",
            "low": "7.1374",
            "close": "7.1375"
        },
        {
            "time": "20.03.2021 11:15",
            "open": "7.1375",
            "high": "7.1495",
            "low": "7.1375",
            "close": "7.15"
        },
        {
            "time": "20.03.2021 11:16",
            "open": "7.15",
            "high": "7.15",
            "low": "7.15",
            "close": "7.15"
        },
        {
            "time": "20.03.2021 11:21",
            "open": "7.15",
            "high": "7.15",
            "low": "7.15",
            "close": "7.145"
        },
        {
            "time": "20.03.2021 11:22",
            "open": "7.145",
            "high": "7.145",
            "low": "7.145",
            "close": "7.1449"
        },
        {
            "time": "20.03.2021 11:24",
            "open": "7.1449",
            "high": "7.1449",
            "low": "7.1449",
            "close": "7.1441"
        },
        {
            "time": "20.03.2021 11:25",
            "open": "7.1441",
            "high": "7.1441",
            "low": "7.1441",
            "close": "7.1487"
        },
        {
            "time": "20.03.2021 11:26",
            "open": "7.1487",
            "high": "7.1487",
            "low": "7.1487",
            "close": "7.1342"
        },
        {
            "time": "20.03.2021 11:27",
            "open": "7.1342",
            "high": "7.1342",
            "low": "7.1342",
            "close": "7.1438"
        },
        {
            "time": "20.03.2021 11:31",
            "open": "7.1438",
            "high": "7.1438",
            "low": "7.1438",
            "close": "7.1324"
        },
        {
            "time": "20.03.2021 11:33",
            "open": "7.1324",
            "high": "7.1324",
            "low": "7.1324",
            "close": "7.12"
        },
        {
            "time": "20.03.2021 11:35",
            "open": "7.12",
            "high": "7.12",
            "low": "7.12",
            "close": "7.12"
        },
        {
            "time": "20.03.2021 11:37",
            "open": "7.12",
            "high": "7.12",
            "low": "7.12",
            "close": "7.12"
        },
        {
            "time": "20.03.2021 11:38",
            "open": "7.12",
            "high": "7.12",
            "low": "7.1198",
            "close": "7.1094"
        },
        {
            "time": "20.03.2021 11:39",
            "open": "7.1094",
            "high": "7.1094",
            "low": "7.1094",
            "close": "7.1123"
        },
        {
            "time": "20.03.2021 11:43",
            "open": "7.1123",
            "high": "7.1123",
            "low": "7.1094",
            "close": "7.1094"
        },
        {
            "time": "20.03.2021 11:45",
            "open": "7.1094",
            "high": "7.12",
            "low": "7.1094",
            "close": "7.12"
        },
        {
            "time": "20.03.2021 11:46",
            "open": "7.12",
            "high": "7.12",
            "low": "7.12",
            "close": "7.12"
        },
        {
            "time": "20.03.2021 11:47",
            "open": "7.12",
            "high": "7.1295",
            "low": "7.12",
            "close": "7.1377"
        },
        {
            "time": "20.03.2021 11:48",
            "open": "7.1377",
            "high": "7.1381",
            "low": "7.1377",
            "close": "7.1381"
        },
        {
            "time": "20.03.2021 11:51",
            "open": "7.1381",
            "high": "7.1381",
            "low": "7.1381",
            "close": "7.1327"
        },
        {
            "time": "20.03.2021 11:54",
            "open": "7.1327",
            "high": "7.1393",
            "low": "7.1327",
            "close": "7.124"
        },
        {
            "time": "20.03.2021 11:59",
            "open": "7.124",
            "high": "7.124",
            "low": "7.124",
            "close": "7.1392"
        },
        {
            "time": "20.03.2021 12:00",
            "open": "7.1392",
            "high": "7.1392",
            "low": "7.1392",
            "close": "7.1378"
        },
        {
            "time": "20.03.2021 12:09",
            "open": "7.1378",
            "high": "7.1436",
            "low": "7.1168",
            "close": "7.1431"
        },
        {
            "time": "20.03.2021 12:11",
            "open": "7.1431",
            "high": "7.1432",
            "low": "7.1431",
            "close": "7.1436"
        },
        {
            "time": "20.03.2021 12:15",
            "open": "7.1436",
            "high": "7.15",
            "low": "7.1436",
            "close": "7.1499"
        },
        {
            "time": "20.03.2021 12:16",
            "open": "7.1499",
            "high": "7.155",
            "low": "7.1499",
            "close": "7.1531"
        },
        {
            "time": "20.03.2021 12:18",
            "open": "7.1531",
            "high": "7.1544",
            "low": "7.1531",
            "close": "7.1357"
        },
        {
            "time": "20.03.2021 12:22",
            "open": "7.1357",
            "high": "7.1357",
            "low": "7.1357",
            "close": "7.1549"
        },
        {
            "time": "20.03.2021 12:24",
            "open": "7.1549",
            "high": "7.155",
            "low": "7.1549",
            "close": "7.155"
        },
        {
            "time": "20.03.2021 12:25",
            "open": "7.155",
            "high": "7.1622",
            "low": "7.155",
            "close": "7.1681"
        },
        {
            "time": "20.03.2021 12:26",
            "open": "7.1681",
            "high": "7.1754",
            "low": "7.1168",
            "close": "7.1604"
        },
        {
            "time": "20.03.2021 12:31",
            "open": "7.1604",
            "high": "7.1604",
            "low": "7.1604",
            "close": "7.1603"
        },
        {
            "time": "20.03.2021 12:33",
            "open": "7.1603",
            "high": "7.1647",
            "low": "7.1603",
            "close": "7.17"
        },
        {
            "time": "20.03.2021 12:35",
            "open": "7.17",
            "high": "7.1777",
            "low": "7.17",
            "close": "7.1753"
        },
        {
            "time": "20.03.2021 12:37",
            "open": "7.1753",
            "high": "7.1757",
            "low": "7.1753",
            "close": "7.1784"
        },
        {
            "time": "20.03.2021 12:39",
            "open": "7.1784",
            "high": "7.1785",
            "low": "7.1784",
            "close": "7.1647"
        },
        {
            "time": "20.03.2021 12:40",
            "open": "7.1647",
            "high": "7.1647",
            "low": "7.1634",
            "close": "7.1816"
        },
        {
            "time": "20.03.2021 12:42",
            "open": "7.1816",
            "high": "7.1816",
            "low": "7.1816",
            "close": "7.1776"
        },
        {
            "time": "20.03.2021 12:43",
            "open": "7.1776",
            "high": "7.1826",
            "low": "7.1776",
            "close": "7.1628"
        },
        {
            "time": "20.03.2021 12:44",
            "open": "7.1628",
            "high": "7.1628",
            "low": "7.1623",
            "close": "7.1788"
        },
        {
            "time": "20.03.2021 12:45",
            "open": "7.1788",
            "high": "7.1788",
            "low": "7.1788",
            "close": "7.1788"
        },
        {
            "time": "20.03.2021 12:46",
            "open": "7.1788",
            "high": "7.183",
            "low": "7.1788",
            "close": "7.168"
        },
        {
            "time": "20.03.2021 12:47",
            "open": "7.168",
            "high": "7.168",
            "low": "7.168",
            "close": "7.1686"
        },
        {
            "time": "20.03.2021 12:48",
            "open": "7.1686",
            "high": "7.1842",
            "low": "7.1686",
            "close": "7.1834"
        },
        {
            "time": "20.03.2021 12:51",
            "open": "7.1834",
            "high": "7.1835",
            "low": "7.1834",
            "close": "7.181"
        },
        {
            "time": "20.03.2021 12:53",
            "open": "7.181",
            "high": "7.181",
            "low": "7.1683",
            "close": "7.1782"
        },
        {
            "time": "20.03.2021 12:54",
            "open": "7.1782",
            "high": "7.1783",
            "low": "7.16",
            "close": "7.1818"
        },
        {
            "time": "20.03.2021 12:55",
            "open": "7.1818",
            "high": "7.1818",
            "low": "7.164",
            "close": "7.1797"
        },
        {
            "time": "20.03.2021 12:56",
            "open": "7.1797",
            "high": "7.1797",
            "low": "7.1641",
            "close": "7.1626"
        },
        {
            "time": "20.03.2021 12:57",
            "open": "7.1626",
            "high": "7.1626",
            "low": "7.1626",
            "close": "7.1799"
        },
        {
            "time": "20.03.2021 12:58",
            "open": "7.1799",
            "high": "7.1799",
            "low": "7.1799",
            "close": "7.1741"
        },
        {
            "time": "20.03.2021 12:59",
            "open": "7.1741",
            "high": "7.1741",
            "low": "7.1694",
            "close": "7.18"
        },
        {
            "time": "20.03.2021 13:02",
            "open": "7.18",
            "high": "7.2102",
            "low": "7.18",
            "close": "7.2079"
        },
        {
            "time": "20.03.2021 13:03",
            "open": "7.2079",
            "high": "7.2298",
            "low": "7.2079",
            "close": "7.2166"
        },
        {
            "time": "20.03.2021 13:04",
            "open": "7.2166",
            "high": "7.2166",
            "low": "7.1999",
            "close": "7.1997"
        },
        {
            "time": "20.03.2021 13:05",
            "open": "7.1997",
            "high": "7.1997",
            "low": "7.1497",
            "close": "7.1865"
        },
        {
            "time": "20.03.2021 13:06",
            "open": "7.1865",
            "high": "7.1882",
            "low": "7.1688",
            "close": "7.1699"
        },
        {
            "time": "20.03.2021 13:07",
            "open": "7.1699",
            "high": "7.1699",
            "low": "7.1699",
            "close": "7.1857"
        },
        {
            "time": "20.03.2021 13:09",
            "open": "7.1857",
            "high": "7.1857",
            "low": "7.1857",
            "close": "7.1819"
        },
        {
            "time": "20.03.2021 13:13",
            "open": "7.1819",
            "high": "7.1819",
            "low": "7.1733",
            "close": "7.1728"
        },
        {
            "time": "20.03.2021 13:15",
            "open": "7.1728",
            "high": "7.174",
            "low": "7.1728",
            "close": "7.1664"
        },
        {
            "time": "20.03.2021 13:18",
            "open": "7.1664",
            "high": "7.1664",
            "low": "7.1664",
            "close": "7.1705"
        },
        {
            "time": "20.03.2021 13:19",
            "open": "7.1705",
            "high": "7.1705",
            "low": "7.1705",
            "close": "7.1616"
        },
        {
            "time": "20.03.2021 13:20",
            "open": "7.1616",
            "high": "7.1616",
            "low": "7.1616",
            "close": "7.1714"
        },
        {
            "time": "20.03.2021 13:21",
            "open": "7.1714",
            "high": "7.1714",
            "low": "7.1714",
            "close": "7.1754"
        },
        {
            "time": "20.03.2021 13:23",
            "open": "7.1754",
            "high": "7.1757",
            "low": "7.1632",
            "close": "7.1601"
        },
        {
            "time": "20.03.2021 13:24",
            "open": "7.1601",
            "high": "7.1712",
            "low": "7.1601",
            "close": "7.1904"
        },
        {
            "time": "20.03.2021 13:25",
            "open": "7.1904",
            "high": "7.1904",
            "low": "7.1777",
            "close": "7.175"
        },
        {
            "time": "20.03.2021 13:28",
            "open": "7.175",
            "high": "7.175",
            "low": "7.175",
            "close": "7.1754"
        },
        {
            "time": "20.03.2021 13:29",
            "open": "7.1754",
            "high": "7.1779",
            "low": "7.1754",
            "close": "7.1734"
        },
        {
            "time": "20.03.2021 13:31",
            "open": "7.1734",
            "high": "7.1734",
            "low": "7.1734",
            "close": "7.1858"
        },
        {
            "time": "20.03.2021 13:38",
            "open": "7.1858",
            "high": "7.1858",
            "low": "7.1858",
            "close": "7.1873"
        },
        {
            "time": "20.03.2021 13:39",
            "open": "7.1873",
            "high": "7.1873",
            "low": "7.1873",
            "close": "7.175"
        },
        {
            "time": "20.03.2021 13:40",
            "open": "7.175",
            "high": "7.1865",
            "low": "7.175",
            "close": "7.1827"
        },
        {
            "time": "20.03.2021 13:42",
            "open": "7.1827",
            "high": "7.1831",
            "low": "7.1827",
            "close": "7.1814"
        },
        {
            "time": "20.03.2021 13:43",
            "open": "7.1814",
            "high": "7.1814",
            "low": "7.1814",
            "close": "7.1814"
        },
        {
            "time": "20.03.2021 13:46",
            "open": "7.1814",
            "high": "7.1895",
            "low": "7.1814",
            "close": "7.1942"
        },
        {
            "time": "20.03.2021 13:52",
            "open": "7.1942",
            "high": "7.1942",
            "low": "7.1942",
            "close": "7.1915"
        },
        {
            "time": "20.03.2021 13:53",
            "open": "7.1915",
            "high": "7.1915",
            "low": "7.1912",
            "close": "7.1814"
        },
        {
            "time": "20.03.2021 13:55",
            "open": "7.1814",
            "high": "7.1814",
            "low": "7.1814",
            "close": "7.1709"
        },
        {
            "time": "20.03.2021 13:56",
            "open": "7.1709",
            "high": "7.1709",
            "low": "7.1706",
            "close": "7.1611"
        },
        {
            "time": "20.03.2021 13:57",
            "open": "7.1611",
            "high": "7.1611",
            "low": "7.142",
            "close": "7.1579"
        },
        {
            "time": "20.03.2021 14:02",
            "open": "7.1579",
            "high": "7.1584",
            "low": "7.1579",
            "close": "7.167"
        },
        {
            "time": "20.03.2021 14:03",
            "open": "7.167",
            "high": "7.167",
            "low": "7.1664",
            "close": "7.1539"
        },
        {
            "time": "20.03.2021 14:06",
            "open": "7.1539",
            "high": "7.1539",
            "low": "7.1539",
            "close": "7.1722"
        },
        {
            "time": "20.03.2021 14:07",
            "open": "7.1722",
            "high": "7.1727",
            "low": "7.1722",
            "close": "7.1736"
        },
        {
            "time": "20.03.2021 14:08",
            "open": "7.1736",
            "high": "7.1736",
            "low": "7.1736",
            "close": "7.1736"
        },
        {
            "time": "20.03.2021 14:10",
            "open": "7.1736",
            "high": "7.1736",
            "low": "7.1736",
            "close": "7.1814"
        },
        {
            "time": "20.03.2021 14:13",
            "open": "7.1814",
            "high": "7.1826",
            "low": "7.1814",
            "close": "7.185"
        },
        {
            "time": "20.03.2021 14:14",
            "open": "7.185",
            "high": "7.185",
            "low": "7.185",
            "close": "7.173"
        },
        {
            "time": "20.03.2021 14:16",
            "open": "7.173",
            "high": "7.173",
            "low": "7.173",
            "close": "7.1755"
        },
        {
            "time": "20.03.2021 14:18",
            "open": "7.1755",
            "high": "7.1755",
            "low": "7.1742",
            "close": "7.1995"
        },
        {
            "time": "20.03.2021 14:19",
            "open": "7.1995",
            "high": "7.1995",
            "low": "7.1995",
            "close": "7.1784"
        },
        {
            "time": "20.03.2021 14:20",
            "open": "7.1784",
            "high": "7.1999",
            "low": "7.1784",
            "close": "7.1999"
        },
        {
            "time": "20.03.2021 14:21",
            "open": "7.1999",
            "high": "7.1999",
            "low": "7.1999",
            "close": "7.2"
        },
        {
            "time": "20.03.2021 14:23",
            "open": "7.2",
            "high": "7.2135",
            "low": "7.2",
            "close": "7.2043"
        },
        {
            "time": "20.03.2021 14:24",
            "open": "7.2043",
            "high": "7.2044",
            "low": "7.2043",
            "close": "7.1922"
        },
        {
            "time": "20.03.2021 14:25",
            "open": "7.1922",
            "high": "7.1951",
            "low": "7.1922",
            "close": "7.2045"
        },
        {
            "time": "20.03.2021 14:27",
            "open": "7.2045",
            "high": "7.2045",
            "low": "7.19",
            "close": "7.2106"
        },
        {
            "time": "20.03.2021 14:30",
            "open": "7.2106",
            "high": "7.2106",
            "low": "7.2106",
            "close": "7.1984"
        },
        {
            "time": "20.03.2021 14:34",
            "open": "7.1984",
            "high": "7.1984",
            "low": "7.1984",
            "close": "7.1948"
        },
        {
            "time": "20.03.2021 14:37",
            "open": "7.1948",
            "high": "7.1948",
            "low": "7.1948",
            "close": "7.2014"
        },
        {
            "time": "20.03.2021 14:38",
            "open": "7.2014",
            "high": "7.2016",
            "low": "7.2014",
            "close": "7.1997"
        },
        {
            "time": "20.03.2021 14:39",
            "open": "7.1997",
            "high": "7.1997",
            "low": "7.1997",
            "close": "7.198"
        },
        {
            "time": "20.03.2021 14:42",
            "open": "7.198",
            "high": "7.198",
            "low": "7.198",
            "close": "7.1853"
        },
        {
            "time": "20.03.2021 14:45",
            "open": "7.1853",
            "high": "7.1853",
            "low": "7.1853",
            "close": "7.1576"
        },
        {
            "time": "20.03.2021 14:48",
            "open": "7.1576",
            "high": "7.1576",
            "low": "7.1576",
            "close": "7.1421"
        },
        {
            "time": "20.03.2021 14:49",
            "open": "7.1421",
            "high": "7.1527",
            "low": "7.1402",
            "close": "7.1527"
        },
        {
            "time": "20.03.2021 14:51",
            "open": "7.1527",
            "high": "7.1527",
            "low": "7.1451",
            "close": "7.1527"
        },
        {
            "time": "20.03.2021 14:52",
            "open": "7.1527",
            "high": "7.1527",
            "low": "7.14",
            "close": "7.14"
        },
        {
            "time": "20.03.2021 14:53",
            "open": "7.14",
            "high": "7.14",
            "low": "7.13",
            "close": "7.13"
        },
        {
            "time": "20.03.2021 14:54",
            "open": "7.13",
            "high": "7.13",
            "low": "7.1117",
            "close": "7.1047"
        },
        {
            "time": "20.03.2021 14:55",
            "open": "7.1047",
            "high": "7.1047",
            "low": "7.1047",
            "close": "7.1078"
        },
        {
            "time": "20.03.2021 14:56",
            "open": "7.1078",
            "high": "7.1093",
            "low": "7.1078",
            "close": "7.1093"
        },
        {
            "time": "20.03.2021 14:57",
            "open": "7.1093",
            "high": "7.1093",
            "low": "7.1093",
            "close": "7.117"
        },
        {
            "time": "20.03.2021 14:59",
            "open": "7.117",
            "high": "7.117",
            "low": "7.117",
            "close": "7.1168"
        },
        {
            "time": "20.03.2021 15:05",
            "open": "7.1168",
            "high": "7.1168",
            "low": "7.1168",
            "close": "7.1168"
        },
        {
            "time": "20.03.2021 15:06",
            "open": "7.1168",
            "high": "7.1168",
            "low": "7.1168",
            "close": "7.0977"
        },
        {
            "time": "20.03.2021 15:08",
            "open": "7.0977",
            "high": "7.1",
            "low": "7.0976",
            "close": "7.0971"
        },
        {
            "time": "20.03.2021 15:10",
            "open": "7.0971",
            "high": "7.0971",
            "low": "7.0971",
            "close": "7.0949"
        },
        {
            "time": "20.03.2021 15:14",
            "open": "7.0949",
            "high": "7.0949",
            "low": "7.071",
            "close": "7.0758"
        },
        {
            "time": "20.03.2021 15:15",
            "open": "7.0758",
            "high": "7.0758",
            "low": "7.073",
            "close": "7.0835"
        },
        {
            "time": "20.03.2021 15:16",
            "open": "7.0835",
            "high": "7.0835",
            "low": "7.0835",
            "close": "7.0864"
        },
        {
            "time": "20.03.2021 15:17",
            "open": "7.0864",
            "high": "7.1023",
            "low": "7.0864",
            "close": "7.1041"
        },
        {
            "time": "20.03.2021 15:19",
            "open": "7.1041",
            "high": "7.1041",
            "low": "7.1041",
            "close": "7.1423"
        },
        {
            "time": "20.03.2021 15:24",
            "open": "7.1423",
            "high": "7.1423",
            "low": "7.1423",
            "close": "7.144"
        },
        {
            "time": "20.03.2021 15:25",
            "open": "7.144",
            "high": "7.144",
            "low": "7.144",
            "close": "7.1499"
        },
        {
            "time": "20.03.2021 15:26",
            "open": "7.1499",
            "high": "7.1499",
            "low": "7.1499",
            "close": "7.1415"
        },
        {
            "time": "20.03.2021 15:27",
            "open": "7.1415",
            "high": "7.1417",
            "low": "7.1415",
            "close": "7.1434"
        },
        {
            "time": "20.03.2021 15:30",
            "open": "7.1434",
            "high": "7.1437",
            "low": "7.1434",
            "close": "7.1514"
        },
        {
            "time": "20.03.2021 15:34",
            "open": "7.1514",
            "high": "7.1514",
            "low": "7.1514",
            "close": "7.1323"
        },
        {
            "time": "20.03.2021 15:37",
            "open": "7.1323",
            "high": "7.1323",
            "low": "7.125",
            "close": "7.125"
        },
        {
            "time": "20.03.2021 15:40",
            "open": "7.125",
            "high": "7.125",
            "low": "7.125",
            "close": "7.1353"
        },
        {
            "time": "20.03.2021 15:48",
            "open": "7.1353",
            "high": "7.1353",
            "low": "7.1331",
            "close": "7.1346"
        },
        {
            "time": "20.03.2021 15:51",
            "open": "7.1346",
            "high": "7.1346",
            "low": "7.1346",
            "close": "7.1195"
        },
        {
            "time": "20.03.2021 15:54",
            "open": "7.1195",
            "high": "7.1195",
            "low": "7.1112",
            "close": "7.1146"
        },
        {
            "time": "20.03.2021 15:56",
            "open": "7.1146",
            "high": "7.1146",
            "low": "7.1146",
            "close": "7.1136"
        },
        {
            "time": "20.03.2021 15:57",
            "open": "7.1136",
            "high": "7.1136",
            "low": "7.1012",
            "close": "7.1131"
        },
        {
            "time": "20.03.2021 15:58",
            "open": "7.1131",
            "high": "7.1184",
            "low": "7.1005",
            "close": "7.1457"
        },
        {
            "time": "20.03.2021 16:03",
            "open": "7.1457",
            "high": "7.1457",
            "low": "7.1457",
            "close": "7.1242"
        },
        {
            "time": "20.03.2021 16:07",
            "open": "7.1242",
            "high": "7.1242",
            "low": "7.1212",
            "close": "7.1409"
        },
        {
            "time": "20.03.2021 16:12",
            "open": "7.1409",
            "high": "7.1411",
            "low": "7.1409",
            "close": "7.1465"
        },
        {
            "time": "20.03.2021 16:13",
            "open": "7.1465",
            "high": "7.1466",
            "low": "7.1465",
            "close": "7.1557"
        },
        {
            "time": "20.03.2021 16:14",
            "open": "7.1557",
            "high": "7.1558",
            "low": "7.1557",
            "close": "7.1592"
        },
        {
            "time": "20.03.2021 16:15",
            "open": "7.1592",
            "high": "7.1605",
            "low": "7.1592",
            "close": "7.1706"
        },
        {
            "time": "20.03.2021 16:17",
            "open": "7.1706",
            "high": "7.1706",
            "low": "7.1706",
            "close": "7.169"
        },
        {
            "time": "20.03.2021 16:18",
            "open": "7.169",
            "high": "7.169",
            "low": "7.169",
            "close": "7.1511"
        },
        {
            "time": "20.03.2021 16:25",
            "open": "7.1511",
            "high": "7.1513",
            "low": "7.1511",
            "close": "7.1451"
        },
        {
            "time": "20.03.2021 16:27",
            "open": "7.1451",
            "high": "7.1451",
            "low": "7.1451",
            "close": "7.1452"
        },
        {
            "time": "20.03.2021 16:30",
            "open": "7.1452",
            "high": "7.1452",
            "low": "7.1399",
            "close": "7.1566"
        },
        {
            "time": "20.03.2021 16:32",
            "open": "7.1566",
            "high": "7.1567",
            "low": "7.1566",
            "close": "7.144"
        },
        {
            "time": "20.03.2021 16:33",
            "open": "7.144",
            "high": "7.1563",
            "low": "7.141",
            "close": "7.1691"
        },
        {
            "time": "20.03.2021 16:37",
            "open": "7.1691",
            "high": "7.1698",
            "low": "7.1691",
            "close": "7.1513"
        },
        {
            "time": "20.03.2021 16:38",
            "open": "7.1513",
            "high": "7.1691",
            "low": "7.1475",
            "close": "7.1692"
        },
        {
            "time": "20.03.2021 16:40",
            "open": "7.1692",
            "high": "7.1692",
            "low": "7.1692",
            "close": "7.1577"
        },
        {
            "time": "20.03.2021 16:41",
            "open": "7.1577",
            "high": "7.1577",
            "low": "7.1577",
            "close": "7.1614"
        },
        {
            "time": "20.03.2021 16:42",
            "open": "7.1614",
            "high": "7.1614",
            "low": "7.1614",
            "close": "7.1594"
        },
        {
            "time": "20.03.2021 16:45",
            "open": "7.1594",
            "high": "7.1594",
            "low": "7.1594",
            "close": "7.1601"
        },
        {
            "time": "20.03.2021 16:47",
            "open": "7.1601",
            "high": "7.1601",
            "low": "7.1601",
            "close": "7.1434"
        },
        {
            "time": "20.03.2021 16:49",
            "open": "7.1434",
            "high": "7.1434",
            "low": "7.1434",
            "close": "7.1551"
        },
        {
            "time": "20.03.2021 16:50",
            "open": "7.1551",
            "high": "7.1551",
            "low": "7.1551",
            "close": "7.1641"
        },
        {
            "time": "20.03.2021 16:53",
            "open": "7.1641",
            "high": "7.1641",
            "low": "7.1641",
            "close": "7.1582"
        },
        {
            "time": "20.03.2021 16:55",
            "open": "7.1582",
            "high": "7.1582",
            "low": "7.1582",
            "close": "7.1501"
        },
        {
            "time": "20.03.2021 16:57",
            "open": "7.1501",
            "high": "7.1501",
            "low": "7.1381",
            "close": "7.1381"
        },
        {
            "time": "20.03.2021 17:00",
            "open": "7.1381",
            "high": "7.1381",
            "low": "7.1381",
            "close": "7.1381"
        },
        {
            "time": "20.03.2021 17:06",
            "open": "7.1381",
            "high": "7.1381",
            "low": "7.1381",
            "close": "7.1026"
        },
        {
            "time": "20.03.2021 17:07",
            "open": "7.1026",
            "high": "7.1026",
            "low": "7.1",
            "close": "7.1298"
        },
        {
            "time": "20.03.2021 17:08",
            "open": "7.1298",
            "high": "7.1298",
            "low": "7.1298",
            "close": "7.13"
        },
        {
            "time": "20.03.2021 17:10",
            "open": "7.13",
            "high": "7.13",
            "low": "7.116",
            "close": "7.1347"
        },
        {
            "time": "20.03.2021 17:11",
            "open": "7.1347",
            "high": "7.1347",
            "low": "7.1347",
            "close": "7.1335"
        },
        {
            "time": "20.03.2021 17:12",
            "open": "7.1335",
            "high": "7.1335",
            "low": "7.1335",
            "close": "7.1323"
        },
        {
            "time": "20.03.2021 17:14",
            "open": "7.1323",
            "high": "7.1323",
            "low": "7.1323",
            "close": "7.1184"
        },
        {
            "time": "20.03.2021 17:15",
            "open": "7.1184",
            "high": "7.1184",
            "low": "7.1184",
            "close": "7.1152"
        },
        {
            "time": "20.03.2021 17:18",
            "open": "7.1152",
            "high": "7.1152",
            "low": "7.1152",
            "close": "7.1313"
        },
        {
            "time": "20.03.2021 17:20",
            "open": "7.1146",
            "high": "7.1146",
            "low": "7.1146",
            "close": "7.1282"
        },
        {
            "time": "20.03.2021 17:24",
            "open": "7.1282",
            "high": "7.1282",
            "low": "7.1277",
            "close": "7.1071"
        },
        {
            "time": "20.03.2021 17:26",
            "open": "7.1071",
            "high": "7.1071",
            "low": "7.1052",
            "close": "7.1201"
        },
        {
            "time": "20.03.2021 17:27",
            "open": "7.1201",
            "high": "7.1201",
            "low": "7.1201",
            "close": "7.1205"
        },
        {
            "time": "20.03.2021 17:28",
            "open": "7.1205",
            "high": "7.1301",
            "low": "7.1142",
            "close": "7.1132"
        },
        {
            "time": "20.03.2021 17:31",
            "open": "7.1132",
            "high": "7.1132",
            "low": "7.0991",
            "close": "7.1114"
        },
        {
            "time": "20.03.2021 17:32",
            "open": "7.1114",
            "high": "7.1114",
            "low": "7.1114",
            "close": "7.0884"
        },
        {
            "time": "20.03.2021 17:40",
            "open": "7.0884",
            "high": "7.0884",
            "low": "7.0884",
            "close": "7.1045"
        },
        {
            "time": "20.03.2021 17:41",
            "open": "7.1045",
            "high": "7.1045",
            "low": "7.1045",
            "close": "7.1021"
        },
        {
            "time": "20.03.2021 17:45",
            "open": "7.1021",
            "high": "7.1021",
            "low": "7.1021",
            "close": "7.113"
        },
        {
            "time": "20.03.2021 17:47",
            "open": "7.113",
            "high": "7.113",
            "low": "7.113",
            "close": "7.1137"
        },
        {
            "time": "20.03.2021 17:49",
            "open": "7.1137",
            "high": "7.1173",
            "low": "7.1137",
            "close": "7.0849"
        },
        {
            "time": "20.03.2021 17:55",
            "open": "7.0849",
            "high": "7.0849",
            "low": "7.0849",
            "close": "7.0857"
        },
        {
            "time": "20.03.2021 17:57",
            "open": "7.0857",
            "high": "7.0857",
            "low": "7.0833",
            "close": "7.0571"
        },
        {
            "time": "20.03.2021 18:00",
            "open": "7.0571",
            "high": "7.0571",
            "low": "7.04",
            "close": "7.057"
        },
        {
            "time": "20.03.2021 18:01",
            "open": "7.057",
            "high": "7.0718",
            "low": "7.0548",
            "close": "7.064"
        },
        {
            "time": "20.03.2021 18:07",
            "open": "7.064",
            "high": "7.0718",
            "low": "7.064",
            "close": "7.0631"
        },
        {
            "time": "20.03.2021 18:09",
            "open": "7.0631",
            "high": "7.0679",
            "low": "7.0631",
            "close": "7.0492"
        },
        {
            "time": "20.03.2021 18:20",
            "open": "7.0492",
            "high": "7.0492",
            "low": "7.0442",
            "close": "7.0442"
        },
        {
            "time": "20.03.2021 18:21",
            "open": "7.0442",
            "high": "7.0442",
            "low": "7.0441",
            "close": "7.0542"
        },
        {
            "time": "20.03.2021 18:23",
            "open": "7.0542",
            "high": "7.0542",
            "low": "7.0328",
            "close": "7.034"
        },
        {
            "time": "20.03.2021 18:24",
            "open": "7.034",
            "high": "7.034",
            "low": "7.034",
            "close": "7.0581"
        },
        {
            "time": "20.03.2021 18:27",
            "open": "7.0581",
            "high": "7.0581",
            "low": "7.0533",
            "close": "7.0559"
        },
        {
            "time": "20.03.2021 18:33",
            "open": "7.0559",
            "high": "7.0559",
            "low": "7.0559",
            "close": "7.0569"
        },
        {
            "time": "20.03.2021 18:36",
            "open": "7.0569",
            "high": "7.0569",
            "low": "7.0569",
            "close": "7.0547"
        },
        {
            "time": "20.03.2021 18:37",
            "open": "7.0547",
            "high": "7.0809",
            "low": "7.0547",
            "close": "7.0711"
        },
        {
            "time": "20.03.2021 18:39",
            "open": "7.0711",
            "high": "7.0711",
            "low": "7.0711",
            "close": "7.0902"
        },
        {
            "time": "20.03.2021 18:40",
            "open": "7.0902",
            "high": "7.0902",
            "low": "7.0902",
            "close": "7.0919"
        },
        {
            "time": "20.03.2021 18:42",
            "open": "7.0919",
            "high": "7.095",
            "low": "7.0902",
            "close": "7.0832"
        },
        {
            "time": "20.03.2021 18:43",
            "open": "7.0832",
            "high": "7.0932",
            "low": "7.0832",
            "close": "7.0847"
        },
        {
            "time": "20.03.2021 18:44",
            "open": "7.0847",
            "high": "7.0847",
            "low": "7.0838",
            "close": "7.0992"
        },
        {
            "time": "20.03.2021 18:49",
            "open": "7.0992",
            "high": "7.0992",
            "low": "7.0809",
            "close": "7.0961"
        },
        {
            "time": "20.03.2021 18:52",
            "open": "7.0961",
            "high": "7.0961",
            "low": "7.0961",
            "close": "7.082"
        },
        {
            "time": "20.03.2021 18:53",
            "open": "7.082",
            "high": "7.082",
            "low": "7.0817",
            "close": "7.0812"
        },
        {
            "time": "20.03.2021 18:54",
            "open": "7.0812",
            "high": "7.0817",
            "low": "7.081",
            "close": "7.0817"
        },
        {
            "time": "20.03.2021 18:56",
            "open": "7.0817",
            "high": "7.0817",
            "low": "7.0817",
            "close": "7.0656"
        },
        {
            "time": "20.03.2021 19:00",
            "open": "7.0656",
            "high": "7.0656",
            "low": "7.0656",
            "close": "7.0661"
        },
        {
            "time": "20.03.2021 19:01",
            "open": "7.0661",
            "high": "7.0661",
            "low": "7.0661",
            "close": "7.0862"
        },
        {
            "time": "20.03.2021 19:09",
            "open": "7.0862",
            "high": "7.0862",
            "low": "7.0862",
            "close": "7.0923"
        },
        {
            "time": "20.03.2021 19:10",
            "open": "7.0923",
            "high": "7.0923",
            "low": "7.0923",
            "close": "7.0894"
        },
        {
            "time": "20.03.2021 19:12",
            "open": "7.0894",
            "high": "7.0894",
            "low": "7.0894",
            "close": "7.0983"
        },
        {
            "time": "20.03.2021 19:14",
            "open": "7.0983",
            "high": "7.0983",
            "low": "7.0983",
            "close": "7.0734"
        },
        {
            "time": "20.03.2021 19:17",
            "open": "7.0734",
            "high": "7.0883",
            "low": "7.0732",
            "close": "7.0873"
        },
        {
            "time": "20.03.2021 19:19",
            "open": "7.0873",
            "high": "7.088",
            "low": "7.0873",
            "close": "7.0832"
        },
        {
            "time": "20.03.2021 19:20",
            "open": "7.0832",
            "high": "7.0832",
            "low": "7.0832",
            "close": "7.0665"
        },
        {
            "time": "20.03.2021 19:21",
            "open": "7.0665",
            "high": "7.0665",
            "low": "7.0665",
            "close": "7.0846"
        },
        {
            "time": "20.03.2021 19:22",
            "open": "7.0846",
            "high": "7.0846",
            "low": "7.0846",
            "close": "7.0741"
        },
        {
            "time": "20.03.2021 19:24",
            "open": "7.0741",
            "high": "7.0741",
            "low": "7.0741",
            "close": "7.0841"
        },
        {
            "time": "20.03.2021 19:27",
            "open": "7.0841",
            "high": "7.0841",
            "low": "7.0841",
            "close": "7.0646"
        },
        {
            "time": "20.03.2021 19:30",
            "open": "7.0646",
            "high": "7.0646",
            "low": "7.0646",
            "close": "7.0792"
        },
        {
            "time": "20.03.2021 19:33",
            "open": "7.0792",
            "high": "7.0792",
            "low": "7.0792",
            "close": "7.0873"
        },
        {
            "time": "20.03.2021 19:38",
            "open": "7.0873",
            "high": "7.0885",
            "low": "7.0781",
            "close": "7.0722"
        },
        {
            "time": "20.03.2021 19:40",
            "open": "7.0722",
            "high": "7.0722",
            "low": "7.0722",
            "close": "7.0803"
        },
        {
            "time": "20.03.2021 19:42",
            "open": "7.0803",
            "high": "7.0804",
            "low": "7.0803",
            "close": "7.0694"
        },
        {
            "time": "20.03.2021 19:43",
            "open": "7.0694",
            "high": "7.0694",
            "low": "7.0653",
            "close": "7.065"
        },
        {
            "time": "20.03.2021 19:47",
            "open": "7.065",
            "high": "7.065",
            "low": "7.065",
            "close": "7.0523"
        },
        {
            "time": "20.03.2021 19:49",
            "open": "7.0523",
            "high": "7.0523",
            "low": "7.0523",
            "close": "7.048"
        },
        {
            "time": "20.03.2021 19:59",
            "open": "7.048",
            "high": "7.048",
            "low": "7.048",
            "close": "7.0619"
        },
        {
            "time": "20.03.2021 20:03",
            "open": "7.0619",
            "high": "7.0619",
            "low": "7.0619",
            "close": "7.057"
        },
        {
            "time": "20.03.2021 20:09",
            "open": "7.057",
            "high": "7.057",
            "low": "7.057",
            "close": "7.057"
        },
        {
            "time": "20.03.2021 20:14",
            "open": "7.057",
            "high": "7.057",
            "low": "7.057",
            "close": "7.056"
        },
        {
            "time": "20.03.2021 20:17",
            "open": "7.056",
            "high": "7.056",
            "low": "7.056",
            "close": "7.0585"
        },
        {
            "time": "20.03.2021 20:18",
            "open": "7.0585",
            "high": "7.0585",
            "low": "7.0585",
            "close": "7.0529"
        },
        {
            "time": "20.03.2021 20:22",
            "open": "7.0529",
            "high": "7.0529",
            "low": "7.0529",
            "close": "7.058"
        },
        {
            "time": "20.03.2021 20:26",
            "open": "7.058",
            "high": "7.058",
            "low": "7.058",
            "close": "7.0459"
        },
        {
            "time": "20.03.2021 20:29",
            "open": "7.0459",
            "high": "7.0463",
            "low": "7.0457",
            "close": "7.0605"
        },
        {
            "time": "20.03.2021 20:30",
            "open": "7.0605",
            "high": "7.0605",
            "low": "7.0605",
            "close": "7.07"
        },
        {
            "time": "20.03.2021 20:33",
            "open": "7.07",
            "high": "7.07",
            "low": "7.07",
            "close": "7.0491"
        },
        {
            "time": "20.03.2021 20:35",
            "open": "7.0491",
            "high": "7.0491",
            "low": "7.0489",
            "close": "7.0294"
        },
        {
            "time": "20.03.2021 20:39",
            "open": "7.0294",
            "high": "7.0294",
            "low": "7.0293",
            "close": "7.042"
        },
        {
            "time": "20.03.2021 20:40",
            "open": "7.042",
            "high": "7.042",
            "low": "7.042",
            "close": "7.0344"
        },
        {
            "time": "20.03.2021 20:51",
            "open": "7.0344",
            "high": "7.07",
            "low": "7.0344",
            "close": "7.0626"
        },
        {
            "time": "20.03.2021 20:52",
            "open": "7.0626",
            "high": "7.0626",
            "low": "7.0626",
            "close": "7.059"
        },
        {
            "time": "20.03.2021 20:53",
            "open": "7.059",
            "high": "7.059",
            "low": "7.059",
            "close": "7.0566"
        },
        {
            "time": "20.03.2021 21:08",
            "open": "7.0566",
            "high": "7.0566",
            "low": "7.0566",
            "close": "7.0427"
        },
        {
            "time": "20.03.2021 21:10",
            "open": "7.0427",
            "high": "7.0427",
            "low": "7.0427",
            "close": "7.0459"
        },
        {
            "time": "20.03.2021 21:11",
            "open": "7.0459",
            "high": "7.0459",
            "low": "7.0458",
            "close": "7.0426"
        },
        {
            "time": "20.03.2021 21:13",
            "open": "7.0426",
            "high": "7.0426",
            "low": "7.0063",
            "close": "7.0658"
        },
        {
            "time": "20.03.2021 21:22",
            "open": "7.0658",
            "high": "7.0658",
            "low": "7.0658",
            "close": "7.0456"
        },
        {
            "time": "20.03.2021 21:23",
            "open": "7.0456",
            "high": "7.0456",
            "low": "7.027",
            "close": "7.0291"
        },
        {
            "time": "20.03.2021 21:25",
            "open": "7.0291",
            "high": "7.0291",
            "low": "7.0291",
            "close": "7.0025"
        },
        {
            "time": "20.03.2021 21:28",
            "open": "7.0025",
            "high": "7.0025",
            "low": "7.0025",
            "close": "7.0153"
        },
        {
            "time": "20.03.2021 21:31",
            "open": "7.0153",
            "high": "7.0158",
            "low": "7.0153",
            "close": "7.0225"
        },
        {
            "time": "20.03.2021 21:32",
            "open": "7.0225",
            "high": "7.0227",
            "low": "7.0225",
            "close": "7.0012"
        },
        {
            "time": "20.03.2021 21:34",
            "open": "7.0012",
            "high": "7.0012",
            "low": "7.0012",
            "close": "7.0011"
        },
        {
            "time": "20.03.2021 21:35",
            "open": "7.0011",
            "high": "7.0012",
            "low": "7.0011",
            "close": "7.0012"
        },
        {
            "time": "20.03.2021 21:36",
            "open": "7.0012",
            "high": "7.0012",
            "low": "7.0012",
            "close": "7.0219"
        },
        {
            "time": "20.03.2021 21:37",
            "open": "7.0219",
            "high": "7.0219",
            "low": "7.0219",
            "close": "6.9777"
        },
        {
            "time": "20.03.2021 21:40",
            "open": "6.9777",
            "high": "6.9777",
            "low": "6.9722",
            "close": "6.9803"
        },
        {
            "time": "20.03.2021 21:41",
            "open": "6.9803",
            "high": "6.9803",
            "low": "6.9803",
            "close": "6.9755"
        },
        {
            "time": "20.03.2021 21:42",
            "open": "6.9755",
            "high": "6.9755",
            "low": "6.9755",
            "close": "6.9867"
        },
        {
            "time": "20.03.2021 21:44",
            "open": "6.9867",
            "high": "6.9867",
            "low": "6.9867",
            "close": "6.969"
        },
        {
            "time": "20.03.2021 21:46",
            "open": "6.969",
            "high": "6.969",
            "low": "6.9403",
            "close": "6.9674"
        },
        {
            "time": "20.03.2021 21:48",
            "open": "6.9674",
            "high": "6.9682",
            "low": "6.9674",
            "close": "6.98"
        },
        {
            "time": "20.03.2021 21:50",
            "open": "6.98",
            "high": "7.0142",
            "low": "6.98",
            "close": "7.0132"
        },
        {
            "time": "20.03.2021 21:51",
            "open": "7.0132",
            "high": "7.0143",
            "low": "7.0132",
            "close": "7.0142"
        },
        {
            "time": "20.03.2021 21:54",
            "open": "7.0142",
            "high": "7.0143",
            "low": "7.0142",
            "close": "7.0142"
        },
        {
            "time": "20.03.2021 21:55",
            "open": "7.0142",
            "high": "7.0142",
            "low": "7.005",
            "close": "6.9818"
        },
        {
            "time": "20.03.2021 22:00",
            "open": "6.9818",
            "high": "6.9818",
            "low": "6.9817",
            "close": "6.9793"
        },
        {
            "time": "20.03.2021 22:01",
            "open": "6.9793",
            "high": "6.9793",
            "low": "6.9792",
            "close": "6.9792"
        },
        {
            "time": "20.03.2021 22:02",
            "open": "6.9792",
            "high": "6.9792",
            "low": "6.9792",
            "close": "6.9774"
        },
        {
            "time": "20.03.2021 22:04",
            "open": "6.9774",
            "high": "6.9774",
            "low": "6.9757",
            "close": "7.0005"
        },
        {
            "time": "20.03.2021 22:11",
            "open": "7.0005",
            "high": "7.0005",
            "low": "7.0005",
            "close": "7.004"
        },
        {
            "time": "20.03.2021 22:19",
            "open": "7.004",
            "high": "7.004",
            "low": "7.004",
            "close": "7.0143"
        },
        {
            "time": "20.03.2021 22:25",
            "open": "7.0143",
            "high": "7.0497",
            "low": "7.0143",
            "close": "7.0425"
        },
        {
            "time": "20.03.2021 22:28",
            "open": "7.0425",
            "high": "7.0425",
            "low": "7.0425",
            "close": "7.0386"
        },
        {
            "time": "20.03.2021 22:30",
            "open": "7.0386",
            "high": "7.0386",
            "low": "7.0386",
            "close": "7.031"
        },
        {
            "time": "20.03.2021 22:31",
            "open": "7.031",
            "high": "7.031",
            "low": "7.031",
            "close": "7.0288"
        },
        {
            "time": "20.03.2021 22:33",
            "open": "7.0288",
            "high": "7.0288",
            "low": "7.0288",
            "close": "7.0254"
        },
        {
            "time": "20.03.2021 22:42",
            "open": "7.0254",
            "high": "7.0261",
            "low": "7.0247",
            "close": "7.0074"
        },
        {
            "time": "20.03.2021 22:44",
            "open": "7.0074",
            "high": "7.0074",
            "low": "7.0074",
            "close": "6.9924"
        },
        {
            "time": "20.03.2021 22:47",
            "open": "6.9924",
            "high": "6.9924",
            "low": "6.9924",
            "close": "6.9889"
        },
        {
            "time": "20.03.2021 22:56",
            "open": "6.9889",
            "high": "6.9889",
            "low": "6.9889",
            "close": "6.9921"
        },
        {
            "time": "20.03.2021 22:57",
            "open": "6.9921",
            "high": "6.9921",
            "low": "6.9921",
            "close": "6.9979"
        },
        {
            "time": "20.03.2021 23:00",
            "open": "6.9979",
            "high": "6.998",
            "low": "6.9979",
            "close": "6.9896"
        },
        {
            "time": "20.03.2021 23:02",
            "open": "6.9896",
            "high": "6.9896",
            "low": "6.9867",
            "close": "7.0212"
        },
        {
            "time": "20.03.2021 23:06",
            "open": "7.0212",
            "high": "7.0304",
            "low": "7.0212",
            "close": "7.0604"
        },
        {
            "time": "20.03.2021 23:08",
            "open": "7.0604",
            "high": "7.0604",
            "low": "7.06",
            "close": "7.0343"
        },
        {
            "time": "20.03.2021 23:14",
            "open": "7.0343",
            "high": "7.0343",
            "low": "7.0343",
            "close": "7.033"
        },
        {
            "time": "20.03.2021 23:16",
            "open": "7.033",
            "high": "7.033",
            "low": "7.033",
            "close": "7.0216"
        },
        {
            "time": "20.03.2021 23:22",
            "open": "7.0216",
            "high": "7.0342",
            "low": "7.0216",
            "close": "7.0019"
        },
        {
            "time": "20.03.2021 23:32",
            "open": "7.0019",
            "high": "7.0019",
            "low": "7.0013",
            "close": "6.9949"
        },
        {
            "time": "20.03.2021 23:39",
            "open": "6.9949",
            "high": "6.9963",
            "low": "6.9949",
            "close": "6.9694"
        },
        {
            "time": "20.03.2021 23:49",
            "open": "6.9694",
            "high": "6.9844",
            "low": "6.9625",
            "close": "6.9597"
        },
        {
            "time": "20.03.2021 23:51",
            "open": "6.9597",
            "high": "6.9597",
            "low": "6.959",
            "close": "6.9588"
        },
        {
            "time": "20.03.2021 23:52",
            "open": "6.9588",
            "high": "6.9588",
            "low": "6.9588",
            "close": "6.9621"
        },
        {
            "time": "20.03.2021 23:53",
            "open": "6.9621",
            "high": "6.9621",
            "low": "6.959",
            "close": "6.9724"
        },
        {
            "time": "20.03.2021 23:54",
            "open": "6.9724",
            "high": "6.9975",
            "low": "6.9723",
            "close": "7.0079"
        },
        {
            "time": "20.03.2021 23:57",
            "open": "7.0079",
            "high": "7.0079",
            "low": "7.0079",
            "close": "6.9879"
        },
        {
            "time": "20.03.2021 23:58",
            "open": "6.9879",
            "high": "6.9879",
            "low": "6.9879",
            "close": "7.0004"
        }
    ]
}