{
    "BNT-EUR": [
        {
            "time": "26.06.2021 23:51",
            "open": "2.3382",
            "high": "2.3382",
            "low": "2.3382",
            "close": "2.3456"
        },
        {
            "time": "27.06.2021 00:03",
            "open": "2.3456",
            "high": "2.3456",
            "low": "2.3456",
            "close": "2.3506"
        },
        {
            "time": "27.06.2021 00:10",
            "open": "2.3506",
            "high": "2.3506",
            "low": "2.3506",
            "close": "2.3732"
        },
        {
            "time": "27.06.2021 01:10",
            "open": "2.3732",
            "high": "2.3732",
            "low": "2.3732",
            "close": "2.3795"
        },
        {
            "time": "27.06.2021 01:11",
            "open": "2.3795",
            "high": "2.3795",
            "low": "2.3769",
            "close": "2.3754"
        },
        {
            "time": "27.06.2021 01:12",
            "open": "2.3754",
            "high": "2.3754",
            "low": "2.3754",
            "close": "2.3652"
        },
        {
            "time": "27.06.2021 01:27",
            "open": "2.3652",
            "high": "2.3652",
            "low": "2.3614",
            "close": "2.3651"
        },
        {
            "time": "27.06.2021 01:30",
            "open": "2.3651",
            "high": "2.3651",
            "low": "2.3651",
            "close": "2.3651"
        },
        {
            "time": "27.06.2021 01:37",
            "open": "2.3651",
            "high": "2.3651",
            "low": "2.3651",
            "close": "2.3786"
        },
        {
            "time": "27.06.2021 01:46",
            "open": "2.3786",
            "high": "2.3787",
            "low": "2.3786",
            "close": "2.3771"
        },
        {
            "time": "27.06.2021 01:47",
            "open": "2.3771",
            "high": "2.379",
            "low": "2.3771",
            "close": "2.3765"
        },
        {
            "time": "27.06.2021 01:49",
            "open": "2.3765",
            "high": "2.3765",
            "low": "2.3765",
            "close": "2.3853"
        },
        {
            "time": "27.06.2021 01:52",
            "open": "2.3853",
            "high": "2.3886",
            "low": "2.3853",
            "close": "2.3972"
        },
        {
            "time": "27.06.2021 01:57",
            "open": "2.3972",
            "high": "2.4005",
            "low": "2.397",
            "close": "2.3954"
        },
        {
            "time": "27.06.2021 01:58",
            "open": "2.3954",
            "high": "2.3991",
            "low": "2.3954",
            "close": "2.4045"
        },
        {
            "time": "27.06.2021 01:59",
            "open": "2.4045",
            "high": "2.4045",
            "low": "2.4044",
            "close": "2.403"
        },
        {
            "time": "27.06.2021 02:00",
            "open": "2.403",
            "high": "2.403",
            "low": "2.4021",
            "close": "2.4021"
        },
        {
            "time": "27.06.2021 02:01",
            "open": "2.4021",
            "high": "2.4021",
            "low": "2.4017",
            "close": "2.3916"
        },
        {
            "time": "27.06.2021 02:03",
            "open": "2.3916",
            "high": "2.3923",
            "low": "2.3916",
            "close": "2.3882"
        },
        {
            "time": "27.06.2021 02:06",
            "open": "2.3882",
            "high": "2.3882",
            "low": "2.3865",
            "close": "2.3866"
        },
        {
            "time": "27.06.2021 02:07",
            "open": "2.3866",
            "high": "2.3866",
            "low": "2.3866",
            "close": "2.3945"
        },
        {
            "time": "27.06.2021 02:09",
            "open": "2.3945",
            "high": "2.3945",
            "low": "2.3945",
            "close": "2.3967"
        },
        {
            "time": "27.06.2021 02:10",
            "open": "2.3967",
            "high": "2.4108",
            "low": "2.3967",
            "close": "2.4108"
        },
        {
            "time": "27.06.2021 02:13",
            "open": "2.4108",
            "high": "2.415",
            "low": "2.4108",
            "close": "2.415"
        },
        {
            "time": "27.06.2021 02:15",
            "open": "2.415",
            "high": "2.415",
            "low": "2.415",
            "close": "2.4176"
        },
        {
            "time": "27.06.2021 02:16",
            "open": "2.4176",
            "high": "2.4176",
            "low": "2.4176",
            "close": "2.41"
        },
        {
            "time": "27.06.2021 02:18",
            "open": "2.41",
            "high": "2.41",
            "low": "2.41",
            "close": "2.4216"
        },
        {
            "time": "27.06.2021 02:35",
            "open": "2.4216",
            "high": "2.4216",
            "low": "2.4216",
            "close": "2.4193"
        },
        {
            "time": "27.06.2021 02:36",
            "open": "2.4193",
            "high": "2.4193",
            "low": "2.4193",
            "close": "2.4102"
        },
        {
            "time": "27.06.2021 02:45",
            "open": "2.4102",
            "high": "2.4102",
            "low": "2.4102",
            "close": "2.4062"
        },
        {
            "time": "27.06.2021 02:46",
            "open": "2.4062",
            "high": "2.4062",
            "low": "2.4059",
            "close": "2.405"
        },
        {
            "time": "27.06.2021 02:49",
            "open": "2.405",
            "high": "2.405",
            "low": "2.405",
            "close": "2.4041"
        },
        {
            "time": "27.06.2021 02:50",
            "open": "2.4041",
            "high": "2.4041",
            "low": "2.4041",
            "close": "2.4128"
        },
        {
            "time": "27.06.2021 03:01",
            "open": "2.4128",
            "high": "2.4128",
            "low": "2.4128",
            "close": "2.416"
        },
        {
            "time": "27.06.2021 03:05",
            "open": "2.416",
            "high": "2.416",
            "low": "2.414",
            "close": "2.424"
        },
        {
            "time": "27.06.2021 03:10",
            "open": "2.424",
            "high": "2.4251",
            "low": "2.4227",
            "close": "2.4251"
        },
        {
            "time": "27.06.2021 03:14",
            "open": "2.4251",
            "high": "2.4337",
            "low": "2.4251",
            "close": "2.4255"
        },
        {
            "time": "27.06.2021 03:19",
            "open": "2.4255",
            "high": "2.4356",
            "low": "2.4255",
            "close": "2.4325"
        },
        {
            "time": "27.06.2021 03:24",
            "open": "2.4325",
            "high": "2.4325",
            "low": "2.4318",
            "close": "2.4398"
        },
        {
            "time": "27.06.2021 03:30",
            "open": "2.4398",
            "high": "2.4398",
            "low": "2.4386",
            "close": "2.4386"
        },
        {
            "time": "27.06.2021 03:32",
            "open": "2.4386",
            "high": "2.4386",
            "low": "2.4386",
            "close": "2.4468"
        },
        {
            "time": "27.06.2021 03:38",
            "open": "2.4468",
            "high": "2.4468",
            "low": "2.4468",
            "close": "2.4528"
        },
        {
            "time": "27.06.2021 03:44",
            "open": "2.4528",
            "high": "2.4528",
            "low": "2.4528",
            "close": "2.4525"
        },
        {
            "time": "27.06.2021 03:45",
            "open": "2.4525",
            "high": "2.4525",
            "low": "2.4525",
            "close": "2.4435"
        },
        {
            "time": "27.06.2021 04:07",
            "open": "2.4435",
            "high": "2.4435",
            "low": "2.4435",
            "close": "2.4588"
        },
        {
            "time": "27.06.2021 04:22",
            "open": "2.4588",
            "high": "2.4622",
            "low": "2.4588",
            "close": "2.4659"
        },
        {
            "time": "27.06.2021 04:23",
            "open": "2.4659",
            "high": "2.4659",
            "low": "2.4646",
            "close": "2.46"
        },
        {
            "time": "27.06.2021 04:24",
            "open": "2.46",
            "high": "2.46",
            "low": "2.46",
            "close": "2.46"
        },
        {
            "time": "27.06.2021 04:31",
            "open": "2.46",
            "high": "2.46",
            "low": "2.46",
            "close": "2.4576"
        },
        {
            "time": "27.06.2021 04:32",
            "open": "2.4576",
            "high": "2.4576",
            "low": "2.4576",
            "close": "2.4622"
        },
        {
            "time": "27.06.2021 04:41",
            "open": "2.4622",
            "high": "2.4651",
            "low": "2.4622",
            "close": "2.4583"
        },
        {
            "time": "27.06.2021 04:49",
            "open": "2.4583",
            "high": "2.4621",
            "low": "2.4583",
            "close": "2.4609"
        },
        {
            "time": "27.06.2021 04:53",
            "open": "2.4609",
            "high": "2.4609",
            "low": "2.4609",
            "close": "2.4674"
        },
        {
            "time": "27.06.2021 05:00",
            "open": "2.4674",
            "high": "2.4674",
            "low": "2.4674",
            "close": "2.4656"
        },
        {
            "time": "27.06.2021 05:02",
            "open": "2.4656",
            "high": "2.4656",
            "low": "2.4656",
            "close": "2.4644"
        },
        {
            "time": "27.06.2021 05:05",
            "open": "2.4644",
            "high": "2.4644",
            "low": "2.4644",
            "close": "2.4578"
        },
        {
            "time": "27.06.2021 05:24",
            "open": "2.4578",
            "high": "2.4578",
            "low": "2.4566",
            "close": "2.4533"
        },
        {
            "time": "27.06.2021 05:27",
            "open": "2.4533",
            "high": "2.4533",
            "low": "2.4533",
            "close": "2.4491"
        },
        {
            "time": "27.06.2021 05:31",
            "open": "2.4491",
            "high": "2.4514",
            "low": "2.4491",
            "close": "2.4533"
        },
        {
            "time": "27.06.2021 05:38",
            "open": "2.4533",
            "high": "2.4533",
            "low": "2.4533",
            "close": "2.4625"
        },
        {
            "time": "27.06.2021 05:48",
            "open": "2.4625",
            "high": "2.4625",
            "low": "2.4625",
            "close": "2.4625"
        },
        {
            "time": "27.06.2021 05:50",
            "open": "2.4625",
            "high": "2.4668",
            "low": "2.4625",
            "close": "2.4628"
        },
        {
            "time": "27.06.2021 05:53",
            "open": "2.4628",
            "high": "2.4628",
            "low": "2.4628",
            "close": "2.4729"
        },
        {
            "time": "27.06.2021 06:04",
            "open": "2.4729",
            "high": "2.4749",
            "low": "2.4729",
            "close": "2.4642"
        },
        {
            "time": "27.06.2021 06:05",
            "open": "2.4642",
            "high": "2.4642",
            "low": "2.4637",
            "close": "2.4628"
        },
        {
            "time": "27.06.2021 06:09",
            "open": "2.4628",
            "high": "2.4628",
            "low": "2.4628",
            "close": "2.4565"
        },
        {
            "time": "27.06.2021 06:12",
            "open": "2.4565",
            "high": "2.4565",
            "low": "2.4565",
            "close": "2.4572"
        },
        {
            "time": "27.06.2021 06:25",
            "open": "2.4572",
            "high": "2.4572",
            "low": "2.4565",
            "close": "2.4565"
        },
        {
            "time": "27.06.2021 06:33",
            "open": "2.4565",
            "high": "2.4565",
            "low": "2.4565",
            "close": "2.4568"
        },
        {
            "time": "27.06.2021 06:41",
            "open": "2.4568",
            "high": "2.4568",
            "low": "2.4568",
            "close": "2.4633"
        },
        {
            "time": "27.06.2021 06:55",
            "open": "2.4633",
            "high": "2.4633",
            "low": "2.4597",
            "close": "2.46"
        },
        {
            "time": "27.06.2021 07:02",
            "open": "2.46",
            "high": "2.46",
            "low": "2.4582",
            "close": "2.456"
        },
        {
            "time": "27.06.2021 07:05",
            "open": "2.456",
            "high": "2.4597",
            "low": "2.456",
            "close": "2.4568"
        },
        {
            "time": "27.06.2021 07:20",
            "open": "2.4568",
            "high": "2.4568",
            "low": "2.4568",
            "close": "2.4634"
        },
        {
            "time": "27.06.2021 07:29",
            "open": "2.4634",
            "high": "2.4634",
            "low": "2.4634",
            "close": "2.4475"
        },
        {
            "time": "27.06.2021 08:07",
            "open": "2.4475",
            "high": "2.4475",
            "low": "2.4475",
            "close": "2.4475"
        },
        {
            "time": "27.06.2021 08:09",
            "open": "2.4475",
            "high": "2.4475",
            "low": "2.4475",
            "close": "2.4537"
        },
        {
            "time": "27.06.2021 08:10",
            "open": "2.4537",
            "high": "2.4537",
            "low": "2.4537",
            "close": "2.4531"
        },
        {
            "time": "27.06.2021 08:11",
            "open": "2.4531",
            "high": "2.4531",
            "low": "2.4531",
            "close": "2.4526"
        },
        {
            "time": "27.06.2021 08:15",
            "open": "2.4526",
            "high": "2.4526",
            "low": "2.4526",
            "close": "2.4389"
        },
        {
            "time": "27.06.2021 08:34",
            "open": "2.4389",
            "high": "2.4389",
            "low": "2.4389",
            "close": "2.4389"
        },
        {
            "time": "27.06.2021 08:35",
            "open": "2.4389",
            "high": "2.4389",
            "low": "2.4389",
            "close": "2.4293"
        },
        {
            "time": "27.06.2021 08:39",
            "open": "2.4293",
            "high": "2.4293",
            "low": "2.426",
            "close": "2.4351"
        },
        {
            "time": "27.06.2021 08:43",
            "open": "2.4351",
            "high": "2.4351",
            "low": "2.4351",
            "close": "2.4401"
        },
        {
            "time": "27.06.2021 09:01",
            "open": "2.4401",
            "high": "2.4401",
            "low": "2.4401",
            "close": "2.4398"
        },
        {
            "time": "27.06.2021 09:03",
            "open": "2.4398",
            "high": "2.4398",
            "low": "2.4398",
            "close": "2.4391"
        },
        {
            "time": "27.06.2021 09:09",
            "open": "2.4391",
            "high": "2.4391",
            "low": "2.4391",
            "close": "2.4387"
        },
        {
            "time": "27.06.2021 09:12",
            "open": "2.4387",
            "high": "2.4387",
            "low": "2.4387",
            "close": "2.4418"
        },
        {
            "time": "27.06.2021 09:14",
            "open": "2.4418",
            "high": "2.4418",
            "low": "2.4418",
            "close": "2.4373"
        },
        {
            "time": "27.06.2021 09:29",
            "open": "2.4373",
            "high": "2.4373",
            "low": "2.4373",
            "close": "2.4373"
        },
        {
            "time": "27.06.2021 09:30",
            "open": "2.4373",
            "high": "2.4373",
            "low": "2.4373",
            "close": "2.4476"
        },
        {
            "time": "27.06.2021 09:35",
            "open": "2.4476",
            "high": "2.4481",
            "low": "2.4476",
            "close": "2.4496"
        },
        {
            "time": "27.06.2021 10:04",
            "open": "2.4496",
            "high": "2.4496",
            "low": "2.4496",
            "close": "2.4602"
        },
        {
            "time": "27.06.2021 10:10",
            "open": "2.4602",
            "high": "2.4602",
            "low": "2.4602",
            "close": "2.4626"
        },
        {
            "time": "27.06.2021 10:12",
            "open": "2.4626",
            "high": "2.4626",
            "low": "2.4626",
            "close": "2.4481"
        },
        {
            "time": "27.06.2021 10:53",
            "open": "2.4481",
            "high": "2.4481",
            "low": "2.4481",
            "close": "2.4394"
        },
        {
            "time": "27.06.2021 11:00",
            "open": "2.4394",
            "high": "2.4394",
            "low": "2.4394",
            "close": "2.4421"
        },
        {
            "time": "27.06.2021 11:02",
            "open": "2.4421",
            "high": "2.4421",
            "low": "2.4421",
            "close": "2.4338"
        },
        {
            "time": "27.06.2021 11:18",
            "open": "2.4338",
            "high": "2.4338",
            "low": "2.4338",
            "close": "2.4354"
        },
        {
            "time": "27.06.2021 11:23",
            "open": "2.4354",
            "high": "2.4368",
            "low": "2.4354",
            "close": "2.4356"
        },
        {
            "time": "27.06.2021 11:25",
            "open": "2.4356",
            "high": "2.4421",
            "low": "2.4356",
            "close": "2.4407"
        },
        {
            "time": "27.06.2021 11:27",
            "open": "2.4407",
            "high": "2.4407",
            "low": "2.4376",
            "close": "2.4313"
        },
        {
            "time": "27.06.2021 11:32",
            "open": "2.4313",
            "high": "2.4313",
            "low": "2.4289",
            "close": "2.4293"
        },
        {
            "time": "27.06.2021 11:33",
            "open": "2.4293",
            "high": "2.4293",
            "low": "2.4293",
            "close": "2.4273"
        },
        {
            "time": "27.06.2021 11:34",
            "open": "2.4273",
            "high": "2.4273",
            "low": "2.4209",
            "close": "2.4147"
        },
        {
            "time": "27.06.2021 11:40",
            "open": "2.4147",
            "high": "2.4147",
            "low": "2.4139",
            "close": "2.4131"
        },
        {
            "time": "27.06.2021 11:55",
            "open": "2.4131",
            "high": "2.4131",
            "low": "2.4131",
            "close": "2.4101"
        },
        {
            "time": "27.06.2021 12:01",
            "open": "2.4101",
            "high": "2.4101",
            "low": "2.4101",
            "close": "2.3994"
        },
        {
            "time": "27.06.2021 12:42",
            "open": "2.3994",
            "high": "2.4",
            "low": "2.3994",
            "close": "2.4067"
        },
        {
            "time": "27.06.2021 12:46",
            "open": "2.4067",
            "high": "2.4067",
            "low": "2.4067",
            "close": "2.4073"
        },
        {
            "time": "27.06.2021 12:47",
            "open": "2.4073",
            "high": "2.4073",
            "low": "2.4073",
            "close": "2.4044"
        },
        {
            "time": "27.06.2021 12:52",
            "open": "2.4044",
            "high": "2.4066",
            "low": "2.4044",
            "close": "2.4053"
        },
        {
            "time": "27.06.2021 12:59",
            "open": "2.4053",
            "high": "2.4053",
            "low": "2.4053",
            "close": "2.4033"
        },
        {
            "time": "27.06.2021 13:02",
            "open": "2.4033",
            "high": "2.4033",
            "low": "2.4033",
            "close": "2.4082"
        },
        {
            "time": "27.06.2021 13:27",
            "open": "2.4082",
            "high": "2.4082",
            "low": "2.4082",
            "close": "2.4112"
        },
        {
            "time": "27.06.2021 13:28",
            "open": "2.4112",
            "high": "2.4127",
            "low": "2.4112",
            "close": "2.4171"
        },
        {
            "time": "27.06.2021 13:29",
            "open": "2.4171",
            "high": "2.4201",
            "low": "2.4171",
            "close": "2.4207"
        },
        {
            "time": "27.06.2021 13:30",
            "open": "2.4207",
            "high": "2.4269",
            "low": "2.4207",
            "close": "2.4269"
        },
        {
            "time": "27.06.2021 13:31",
            "open": "2.4269",
            "high": "2.4293",
            "low": "2.4262",
            "close": "2.4262"
        },
        {
            "time": "27.06.2021 13:32",
            "open": "2.4262",
            "high": "2.4262",
            "low": "2.4262",
            "close": "2.4243"
        },
        {
            "time": "27.06.2021 13:37",
            "open": "2.4243",
            "high": "2.4278",
            "low": "2.4243",
            "close": "2.4218"
        },
        {
            "time": "27.06.2021 13:41",
            "open": "2.4218",
            "high": "2.4218",
            "low": "2.4215",
            "close": "2.4156"
        },
        {
            "time": "27.06.2021 13:48",
            "open": "2.4156",
            "high": "2.4156",
            "low": "2.4156",
            "close": "2.426"
        },
        {
            "time": "27.06.2021 13:54",
            "open": "2.426",
            "high": "2.4283",
            "low": "2.426",
            "close": "2.4289"
        },
        {
            "time": "27.06.2021 13:55",
            "open": "2.4289",
            "high": "2.4313",
            "low": "2.4289",
            "close": "2.4288"
        },
        {
            "time": "27.06.2021 14:00",
            "open": "2.4288",
            "high": "2.4288",
            "low": "2.4288",
            "close": "2.4274"
        },
        {
            "time": "27.06.2021 14:24",
            "open": "2.4274",
            "high": "2.4274",
            "low": "2.4274",
            "close": "2.4327"
        },
        {
            "time": "27.06.2021 14:30",
            "open": "2.4327",
            "high": "2.4327",
            "low": "2.4327",
            "close": "2.4416"
        },
        {
            "time": "27.06.2021 14:32",
            "open": "2.4416",
            "high": "2.4416",
            "low": "2.4416",
            "close": "2.447"
        },
        {
            "time": "27.06.2021 14:33",
            "open": "2.447",
            "high": "2.447",
            "low": "2.447",
            "close": "2.4416"
        },
        {
            "time": "27.06.2021 14:35",
            "open": "2.4416",
            "high": "2.4416",
            "low": "2.4389",
            "close": "2.4372"
        },
        {
            "time": "27.06.2021 14:40",
            "open": "2.4372",
            "high": "2.4372",
            "low": "2.4352",
            "close": "2.4371"
        },
        {
            "time": "27.06.2021 14:43",
            "open": "2.4371",
            "high": "2.4371",
            "low": "2.4371",
            "close": "2.4315"
        },
        {
            "time": "27.06.2021 15:03",
            "open": "2.4315",
            "high": "2.4315",
            "low": "2.4315",
            "close": "2.4295"
        },
        {
            "time": "27.06.2021 15:12",
            "open": "2.4295",
            "high": "2.4345",
            "low": "2.4295",
            "close": "2.4347"
        },
        {
            "time": "27.06.2021 15:18",
            "open": "2.4347",
            "high": "2.4347",
            "low": "2.4347",
            "close": "2.4287"
        },
        {
            "time": "27.06.2021 15:32",
            "open": "2.4287",
            "high": "2.4287",
            "low": "2.4287",
            "close": "2.4264"
        },
        {
            "time": "27.06.2021 15:33",
            "open": "2.4264",
            "high": "2.4264",
            "low": "2.4264",
            "close": "2.423"
        },
        {
            "time": "27.06.2021 15:37",
            "open": "2.423",
            "high": "2.423",
            "low": "2.423",
            "close": "2.4212"
        },
        {
            "time": "27.06.2021 15:46",
            "open": "2.4212",
            "high": "2.4212",
            "low": "2.4171",
            "close": "2.4153"
        },
        {
            "time": "27.06.2021 15:50",
            "open": "2.4153",
            "high": "2.4153",
            "low": "2.4153",
            "close": "2.4"
        },
        {
            "time": "27.06.2021 16:13",
            "open": "2.4",
            "high": "2.4",
            "low": "2.4",
            "close": "2.4061"
        },
        {
            "time": "27.06.2021 16:21",
            "open": "2.4061",
            "high": "2.4061",
            "low": "2.4061",
            "close": "2.4132"
        },
        {
            "time": "27.06.2021 16:33",
            "open": "2.4132",
            "high": "2.414",
            "low": "2.4129",
            "close": "2.4103"
        },
        {
            "time": "27.06.2021 16:40",
            "open": "2.4103",
            "high": "2.4103",
            "low": "2.4103",
            "close": "2.4153"
        },
        {
            "time": "27.06.2021 16:43",
            "open": "2.4153",
            "high": "2.4153",
            "low": "2.4153",
            "close": "2.4178"
        },
        {
            "time": "27.06.2021 16:47",
            "open": "2.4178",
            "high": "2.4178",
            "low": "2.4178",
            "close": "2.4178"
        },
        {
            "time": "27.06.2021 17:01",
            "open": "2.4178",
            "high": "2.4178",
            "low": "2.4178",
            "close": "2.4105"
        },
        {
            "time": "27.06.2021 17:16",
            "open": "2.4105",
            "high": "2.4105",
            "low": "2.4105",
            "close": "2.4186"
        },
        {
            "time": "27.06.2021 17:27",
            "open": "2.4186",
            "high": "2.4186",
            "low": "2.4186",
            "close": "2.4234"
        },
        {
            "time": "27.06.2021 17:30",
            "open": "2.4234",
            "high": "2.4266",
            "low": "2.4234",
            "close": "2.4201"
        },
        {
            "time": "27.06.2021 17:32",
            "open": "2.4201",
            "high": "2.4201",
            "low": "2.4201",
            "close": "2.4118"
        },
        {
            "time": "27.06.2021 17:49",
            "open": "2.4118",
            "high": "2.4118",
            "low": "2.4118",
            "close": "2.4223"
        },
        {
            "time": "27.06.2021 17:54",
            "open": "2.4223",
            "high": "2.4308",
            "low": "2.4215",
            "close": "2.4213"
        },
        {
            "time": "27.06.2021 17:55",
            "open": "2.4213",
            "high": "2.422",
            "low": "2.4213",
            "close": "2.422"
        },
        {
            "time": "27.06.2021 17:56",
            "open": "2.422",
            "high": "2.422",
            "low": "2.422",
            "close": "2.4266"
        },
        {
            "time": "27.06.2021 18:03",
            "open": "2.4266",
            "high": "2.4266",
            "low": "2.4266",
            "close": "2.4262"
        },
        {
            "time": "27.06.2021 18:06",
            "open": "2.4262",
            "high": "2.4262",
            "low": "2.4262",
            "close": "2.421"
        },
        {
            "time": "27.06.2021 18:09",
            "open": "2.421",
            "high": "2.421",
            "low": "2.4196",
            "close": "2.4176"
        },
        {
            "time": "27.06.2021 18:20",
            "open": "2.4176",
            "high": "2.4256",
            "low": "2.4176",
            "close": "2.4233"
        },
        {
            "time": "27.06.2021 18:21",
            "open": "2.4233",
            "high": "2.4233",
            "low": "2.4233",
            "close": "2.4186"
        },
        {
            "time": "27.06.2021 18:23",
            "open": "2.4186",
            "high": "2.4186",
            "low": "2.4186",
            "close": "2.4128"
        },
        {
            "time": "27.06.2021 18:31",
            "open": "2.4128",
            "high": "2.4128",
            "low": "2.4118",
            "close": "2.4145"
        },
        {
            "time": "27.06.2021 18:37",
            "open": "2.4145",
            "high": "2.4145",
            "low": "2.4145",
            "close": "2.3981"
        },
        {
            "time": "27.06.2021 19:05",
            "open": "2.3981",
            "high": "2.3981",
            "low": "2.3981",
            "close": "2.4028"
        },
        {
            "time": "27.06.2021 19:08",
            "open": "2.4028",
            "high": "2.4028",
            "low": "2.4028",
            "close": "2.406"
        },
        {
            "time": "27.06.2021 19:22",
            "open": "2.406",
            "high": "2.406",
            "low": "2.406",
            "close": "2.4003"
        },
        {
            "time": "27.06.2021 19:33",
            "open": "2.4003",
            "high": "2.4003",
            "low": "2.4003",
            "close": "2.399"
        },
        {
            "time": "27.06.2021 19:40",
            "open": "2.399",
            "high": "2.399",
            "low": "2.399",
            "close": "2.4099"
        },
        {
            "time": "27.06.2021 19:45",
            "open": "2.4099",
            "high": "2.4099",
            "low": "2.4099",
            "close": "2.4034"
        },
        {
            "time": "27.06.2021 19:47",
            "open": "2.4034",
            "high": "2.4034",
            "low": "2.4034",
            "close": "2.4031"
        },
        {
            "time": "27.06.2021 20:02",
            "open": "2.4031",
            "high": "2.4043",
            "low": "2.4017",
            "close": "2.4014"
        },
        {
            "time": "27.06.2021 20:03",
            "open": "2.4014",
            "high": "2.4014",
            "low": "2.4014",
            "close": "2.3934"
        },
        {
            "time": "27.06.2021 20:07",
            "open": "2.3934",
            "high": "2.3934",
            "low": "2.3904",
            "close": "2.399"
        },
        {
            "time": "27.06.2021 20:08",
            "open": "2.399",
            "high": "2.399",
            "low": "2.399",
            "close": "2.4054"
        },
        {
            "time": "27.06.2021 20:11",
            "open": "2.4054",
            "high": "2.4054",
            "low": "2.4",
            "close": "2.4"
        },
        {
            "time": "27.06.2021 20:12",
            "open": "2.4",
            "high": "2.4",
            "low": "2.3976",
            "close": "2.3982"
        },
        {
            "time": "27.06.2021 20:13",
            "open": "2.3982",
            "high": "2.4206",
            "low": "2.3982",
            "close": "2.4126"
        },
        {
            "time": "27.06.2021 20:15",
            "open": "2.4126",
            "high": "2.4126",
            "low": "2.4125",
            "close": "2.4392"
        },
        {
            "time": "27.06.2021 20:17",
            "open": "2.4392",
            "high": "2.4392",
            "low": "2.4392",
            "close": "2.4816"
        },
        {
            "time": "27.06.2021 20:19",
            "open": "2.4816",
            "high": "2.4816",
            "low": "2.4816",
            "close": "2.4491"
        },
        {
            "time": "27.06.2021 20:21",
            "open": "2.4491",
            "high": "2.4491",
            "low": "2.4462",
            "close": "2.4409"
        },
        {
            "time": "27.06.2021 20:22",
            "open": "2.4409",
            "high": "2.4409",
            "low": "2.4397",
            "close": "2.4674"
        },
        {
            "time": "27.06.2021 20:28",
            "open": "2.4674",
            "high": "2.4674",
            "low": "2.4642",
            "close": "2.4405"
        },
        {
            "time": "27.06.2021 20:30",
            "open": "2.4405",
            "high": "2.4407",
            "low": "2.4276",
            "close": "2.4279"
        },
        {
            "time": "27.06.2021 20:31",
            "open": "2.4279",
            "high": "2.4517",
            "low": "2.4279",
            "close": "2.4277"
        },
        {
            "time": "27.06.2021 20:32",
            "open": "2.4277",
            "high": "2.4277",
            "low": "2.4277",
            "close": "2.4277"
        },
        {
            "time": "27.06.2021 20:33",
            "open": "2.4277",
            "high": "2.4406",
            "low": "2.4245",
            "close": "2.4398"
        },
        {
            "time": "27.06.2021 20:35",
            "open": "2.4398",
            "high": "2.4398",
            "low": "2.4398",
            "close": "2.4392"
        },
        {
            "time": "27.06.2021 20:37",
            "open": "2.4392",
            "high": "2.4392",
            "low": "2.438",
            "close": "2.4445"
        },
        {
            "time": "27.06.2021 20:38",
            "open": "2.4445",
            "high": "2.4456",
            "low": "2.4304",
            "close": "2.4267"
        },
        {
            "time": "27.06.2021 20:39",
            "open": "2.4267",
            "high": "2.428",
            "low": "2.4255",
            "close": "2.4426"
        },
        {
            "time": "27.06.2021 20:40",
            "open": "2.4426",
            "high": "2.4824",
            "low": "2.4425",
            "close": "2.4411"
        },
        {
            "time": "27.06.2021 20:41",
            "open": "2.4411",
            "high": "2.4728",
            "low": "2.4257",
            "close": "2.4218"
        },
        {
            "time": "27.06.2021 20:44",
            "open": "2.4218",
            "high": "2.4218",
            "low": "2.4148",
            "close": "2.4246"
        },
        {
            "time": "27.06.2021 20:45",
            "open": "2.4246",
            "high": "2.4341",
            "low": "2.4025",
            "close": "2.4245"
        },
        {
            "time": "27.06.2021 20:46",
            "open": "2.4245",
            "high": "2.4245",
            "low": "2.4203",
            "close": "2.4075"
        },
        {
            "time": "27.06.2021 20:48",
            "open": "2.4075",
            "high": "2.4075",
            "low": "2.4048",
            "close": "2.4049"
        },
        {
            "time": "27.06.2021 20:49",
            "open": "2.4049",
            "high": "2.4162",
            "low": "2.4049",
            "close": "2.4036"
        },
        {
            "time": "27.06.2021 20:50",
            "open": "2.4036",
            "high": "2.4046",
            "low": "2.4036",
            "close": "2.4083"
        },
        {
            "time": "27.06.2021 20:52",
            "open": "2.4083",
            "high": "2.4083",
            "low": "2.4051",
            "close": "2.4065"
        },
        {
            "time": "27.06.2021 20:53",
            "open": "2.4065",
            "high": "2.4077",
            "low": "2.4065",
            "close": "2.4065"
        },
        {
            "time": "27.06.2021 20:54",
            "open": "2.4065",
            "high": "2.4065",
            "low": "2.4053",
            "close": "2.3956"
        },
        {
            "time": "27.06.2021 21:00",
            "open": "2.3956",
            "high": "2.3956",
            "low": "2.3956",
            "close": "2.3956"
        },
        {
            "time": "27.06.2021 21:01",
            "open": "2.3956",
            "high": "2.3956",
            "low": "2.3956",
            "close": "2.3978"
        },
        {
            "time": "27.06.2021 21:02",
            "open": "2.3978",
            "high": "2.4008",
            "low": "2.3978",
            "close": "2.3994"
        },
        {
            "time": "27.06.2021 21:03",
            "open": "2.3994",
            "high": "2.4007",
            "low": "2.3985",
            "close": "2.4"
        },
        {
            "time": "27.06.2021 21:04",
            "open": "2.4",
            "high": "2.4",
            "low": "2.3997",
            "close": "2.4002"
        },
        {
            "time": "27.06.2021 21:06",
            "open": "2.4002",
            "high": "2.4002",
            "low": "2.4002",
            "close": "2.399"
        },
        {
            "time": "27.06.2021 21:08",
            "open": "2.399",
            "high": "2.399",
            "low": "2.3955",
            "close": "2.3996"
        },
        {
            "time": "27.06.2021 21:12",
            "open": "2.3996",
            "high": "2.3996",
            "low": "2.3996",
            "close": "2.4011"
        },
        {
            "time": "27.06.2021 21:13",
            "open": "2.4011",
            "high": "2.4011",
            "low": "2.4011",
            "close": "2.4012"
        },
        {
            "time": "27.06.2021 21:14",
            "open": "2.4012",
            "high": "2.4012",
            "low": "2.4012",
            "close": "2.4004"
        },
        {
            "time": "27.06.2021 21:15",
            "open": "2.4004",
            "high": "2.4004",
            "low": "2.4004",
            "close": "2.3965"
        },
        {
            "time": "27.06.2021 21:17",
            "open": "2.3965",
            "high": "2.3965",
            "low": "2.3947",
            "close": "2.3994"
        },
        {
            "time": "27.06.2021 21:18",
            "open": "2.3994",
            "high": "2.3994",
            "low": "2.3994",
            "close": "2.3977"
        },
        {
            "time": "27.06.2021 21:19",
            "open": "2.3977",
            "high": "2.3977",
            "low": "2.3971",
            "close": "2.3925"
        },
        {
            "time": "27.06.2021 21:21",
            "open": "2.3925",
            "high": "2.3925",
            "low": "2.392",
            "close": "2.3893"
        },
        {
            "time": "27.06.2021 21:26",
            "open": "2.3893",
            "high": "2.3893",
            "low": "2.3885",
            "close": "2.3903"
        },
        {
            "time": "27.06.2021 21:28",
            "open": "2.3903",
            "high": "2.3903",
            "low": "2.3903",
            "close": "2.3979"
        },
        {
            "time": "27.06.2021 21:46",
            "open": "2.3979",
            "high": "2.3994",
            "low": "2.3979",
            "close": "2.3998"
        },
        {
            "time": "27.06.2021 21:54",
            "open": "2.3998",
            "high": "2.3998",
            "low": "2.3998",
            "close": "2.4007"
        },
        {
            "time": "27.06.2021 21:55",
            "open": "2.4007",
            "high": "2.4007",
            "low": "2.3963",
            "close": "2.3996"
        },
        {
            "time": "27.06.2021 21:56",
            "open": "2.3996",
            "high": "2.3996",
            "low": "2.3996",
            "close": "2.3948"
        },
        {
            "time": "27.06.2021 21:59",
            "open": "2.3948",
            "high": "2.3948",
            "low": "2.3948",
            "close": "2.3982"
        },
        {
            "time": "27.06.2021 22:00",
            "open": "2.3982",
            "high": "2.3982",
            "low": "2.3982",
            "close": "2.3957"
        },
        {
            "time": "27.06.2021 22:16",
            "open": "2.3957",
            "high": "2.3957",
            "low": "2.3957",
            "close": "2.3979"
        },
        {
            "time": "27.06.2021 22:17",
            "open": "2.3979",
            "high": "2.3987",
            "low": "2.3979",
            "close": "2.3932"
        },
        {
            "time": "27.06.2021 22:28",
            "open": "2.3932",
            "high": "2.3941",
            "low": "2.3932",
            "close": "2.3946"
        },
        {
            "time": "27.06.2021 22:31",
            "open": "2.3946",
            "high": "2.3946",
            "low": "2.3946",
            "close": "2.3865"
        },
        {
            "time": "27.06.2021 22:51",
            "open": "2.3865",
            "high": "2.3865",
            "low": "2.3865",
            "close": "2.3822"
        },
        {
            "time": "27.06.2021 23:00",
            "open": "2.3822",
            "high": "2.3822",
            "low": "2.3822",
            "close": "2.3864"
        },
        {
            "time": "27.06.2021 23:03",
            "open": "2.3864",
            "high": "2.3864",
            "low": "2.3864",
            "close": "2.386"
        },
        {
            "time": "27.06.2021 23:04",
            "open": "2.386",
            "high": "2.3902",
            "low": "2.386",
            "close": "2.3895"
        },
        {
            "time": "27.06.2021 23:05",
            "open": "2.3895",
            "high": "2.3895",
            "low": "2.3865",
            "close": "2.3823"
        },
        {
            "time": "27.06.2021 23:30",
            "open": "2.3823",
            "high": "2.3823",
            "low": "2.3817",
            "close": "2.3926"
        },
        {
            "time": "27.06.2021 23:37",
            "open": "2.3926",
            "high": "2.393",
            "low": "2.3926",
            "close": "2.3961"
        },
        {
            "time": "27.06.2021 23:38",
            "open": "2.3961",
            "high": "2.4045",
            "low": "2.3961",
            "close": "2.3965"
        },
        {
            "time": "27.06.2021 23:39",
            "open": "2.3965",
            "high": "2.3972",
            "low": "2.3961",
            "close": "2.3915"
        },
        {
            "time": "27.06.2021 23:40",
            "open": "2.3915",
            "high": "2.3915",
            "low": "2.3915",
            "close": "2.3923"
        },
        {
            "time": "27.06.2021 23:41",
            "open": "2.3923",
            "high": "2.3923",
            "low": "2.3923",
            "close": "2.3913"
        },
        {
            "time": "27.06.2021 23:45",
            "open": "2.3913",
            "high": "2.394",
            "low": "2.3852",
            "close": "2.3883"
        }
    ]
}