{
    "BNT-EUR": [
        {
            "time": "07.04.2021 23:47",
            "open": "6.0248",
            "high": "6.0283",
            "low": "6.0248",
            "close": "6.0359"
        },
        {
            "time": "08.04.2021 00:03",
            "open": "6.0359",
            "high": "6.0361",
            "low": "6.0359",
            "close": "6.0477"
        },
        {
            "time": "08.04.2021 00:09",
            "open": "6.0477",
            "high": "6.0477",
            "low": "6.0477",
            "close": "6.0118"
        },
        {
            "time": "08.04.2021 00:13",
            "open": "6.0118",
            "high": "6.0118",
            "low": "6.0118",
            "close": "6.0142"
        },
        {
            "time": "08.04.2021 00:14",
            "open": "6.0142",
            "high": "6.0142",
            "low": "6.0142",
            "close": "6.0279"
        },
        {
            "time": "08.04.2021 00:15",
            "open": "6.0279",
            "high": "6.0279",
            "low": "6.0279",
            "close": "6.0279"
        },
        {
            "time": "08.04.2021 00:18",
            "open": "6.0279",
            "high": "6.0279",
            "low": "6.0279",
            "close": "6.0234"
        },
        {
            "time": "08.04.2021 00:22",
            "open": "6.0234",
            "high": "6.0234",
            "low": "6.0234",
            "close": "6.0569"
        },
        {
            "time": "08.04.2021 00:36",
            "open": "6.0569",
            "high": "6.0628",
            "low": "6.0569",
            "close": "6.0597"
        },
        {
            "time": "08.04.2021 00:38",
            "open": "6.0597",
            "high": "6.0597",
            "low": "6.0597",
            "close": "6.0548"
        },
        {
            "time": "08.04.2021 00:44",
            "open": "6.0548",
            "high": "6.0548",
            "low": "6.0548",
            "close": "6.0368"
        },
        {
            "time": "08.04.2021 00:52",
            "open": "6.0368",
            "high": "6.0368",
            "low": "6.0367",
            "close": "6.0483"
        },
        {
            "time": "08.04.2021 00:59",
            "open": "6.0483",
            "high": "6.0483",
            "low": "6.0483",
            "close": "6.0453"
        },
        {
            "time": "08.04.2021 01:00",
            "open": "6.0453",
            "high": "6.0453",
            "low": "6.0453",
            "close": "6.0509"
        },
        {
            "time": "08.04.2021 01:13",
            "open": "6.0509",
            "high": "6.0509",
            "low": "6.0509",
            "close": "6.04"
        },
        {
            "time": "08.04.2021 01:14",
            "open": "6.04",
            "high": "6.04",
            "low": "6.04",
            "close": "6.0301"
        },
        {
            "time": "08.04.2021 01:26",
            "open": "6.0301",
            "high": "6.0322",
            "low": "6.0128",
            "close": "6.0281"
        },
        {
            "time": "08.04.2021 01:45",
            "open": "6.0281",
            "high": "6.0281",
            "low": "6.0281",
            "close": "6.0413"
        },
        {
            "time": "08.04.2021 01:46",
            "open": "6.0413",
            "high": "6.0413",
            "low": "6.0413",
            "close": "6.0335"
        },
        {
            "time": "08.04.2021 01:50",
            "open": "6.0335",
            "high": "6.0335",
            "low": "6.0231",
            "close": "6.0001"
        },
        {
            "time": "08.04.2021 01:51",
            "open": "6.0001",
            "high": "6.0001",
            "low": "6",
            "close": "5.9867"
        },
        {
            "time": "08.04.2021 01:55",
            "open": "5.9867",
            "high": "5.9867",
            "low": "5.9867",
            "close": "5.9706"
        },
        {
            "time": "08.04.2021 01:58",
            "open": "5.9706",
            "high": "5.9706",
            "low": "5.9704",
            "close": "5.966"
        },
        {
            "time": "08.04.2021 02:00",
            "open": "5.966",
            "high": "5.966",
            "low": "5.966",
            "close": "5.9623"
        },
        {
            "time": "08.04.2021 02:05",
            "open": "5.9623",
            "high": "5.9623",
            "low": "5.9281",
            "close": "5.9153"
        },
        {
            "time": "08.04.2021 02:06",
            "open": "5.9153",
            "high": "5.9153",
            "low": "5.9153",
            "close": "5.9056"
        },
        {
            "time": "08.04.2021 02:07",
            "open": "5.9056",
            "high": "5.9144",
            "low": "5.9056",
            "close": "5.9316"
        },
        {
            "time": "08.04.2021 02:10",
            "open": "5.9316",
            "high": "5.9316",
            "low": "5.9316",
            "close": "5.9493"
        },
        {
            "time": "08.04.2021 02:11",
            "open": "5.9493",
            "high": "5.9496",
            "low": "5.9493",
            "close": "5.9566"
        },
        {
            "time": "08.04.2021 02:13",
            "open": "5.9566",
            "high": "5.9627",
            "low": "5.9566",
            "close": "5.9884"
        },
        {
            "time": "08.04.2021 02:21",
            "open": "5.9884",
            "high": "5.9884",
            "low": "5.9884",
            "close": "5.9801"
        },
        {
            "time": "08.04.2021 02:24",
            "open": "5.9801",
            "high": "5.9843",
            "low": "5.9801",
            "close": "5.9725"
        },
        {
            "time": "08.04.2021 02:25",
            "open": "5.9725",
            "high": "5.9725",
            "low": "5.9725",
            "close": "5.9685"
        },
        {
            "time": "08.04.2021 02:28",
            "open": "5.9685",
            "high": "5.9691",
            "low": "5.9685",
            "close": "5.9725"
        },
        {
            "time": "08.04.2021 02:29",
            "open": "5.9725",
            "high": "5.9725",
            "low": "5.9725",
            "close": "5.97"
        },
        {
            "time": "08.04.2021 02:30",
            "open": "5.97",
            "high": "5.97",
            "low": "5.97",
            "close": "5.96"
        },
        {
            "time": "08.04.2021 02:32",
            "open": "5.96",
            "high": "5.96",
            "low": "5.9599",
            "close": "6.0119"
        },
        {
            "time": "08.04.2021 02:44",
            "open": "6.0119",
            "high": "6.0119",
            "low": "6.0119",
            "close": "6.0097"
        },
        {
            "time": "08.04.2021 03:15",
            "open": "6.0097",
            "high": "6.0097",
            "low": "6.0097",
            "close": "6.0574"
        },
        {
            "time": "08.04.2021 03:45",
            "open": "6.0574",
            "high": "6.0574",
            "low": "6.0574",
            "close": "6.0111"
        },
        {
            "time": "08.04.2021 04:32",
            "open": "6.0111",
            "high": "6.0277",
            "low": "6.0111",
            "close": "6.014"
        },
        {
            "time": "08.04.2021 04:49",
            "open": "6.014",
            "high": "6.014",
            "low": "6.014",
            "close": "6.0377"
        },
        {
            "time": "08.04.2021 04:52",
            "open": "6.0377",
            "high": "6.0377",
            "low": "6.0377",
            "close": "6.0531"
        },
        {
            "time": "08.04.2021 06:04",
            "open": "6.0531",
            "high": "6.0531",
            "low": "6.0531",
            "close": "6.0516"
        },
        {
            "time": "08.04.2021 06:08",
            "open": "6.0516",
            "high": "6.0516",
            "low": "6.0407",
            "close": "6.07"
        },
        {
            "time": "08.04.2021 06:21",
            "open": "6.07",
            "high": "6.07",
            "low": "6.07",
            "close": "6.0762"
        },
        {
            "time": "08.04.2021 06:24",
            "open": "6.0762",
            "high": "6.0762",
            "low": "6.0762",
            "close": "6.0762"
        },
        {
            "time": "08.04.2021 06:29",
            "open": "6.0762",
            "high": "6.0762",
            "low": "6.0762",
            "close": "6.0803"
        },
        {
            "time": "08.04.2021 06:33",
            "open": "6.0803",
            "high": "6.0803",
            "low": "6.08",
            "close": "6.0795"
        },
        {
            "time": "08.04.2021 06:37",
            "open": "6.0795",
            "high": "6.0795",
            "low": "6.0795",
            "close": "6.0891"
        },
        {
            "time": "08.04.2021 06:42",
            "open": "6.0891",
            "high": "6.0891",
            "low": "6.0891",
            "close": "6.0777"
        },
        {
            "time": "08.04.2021 06:49",
            "open": "6.0777",
            "high": "6.0777",
            "low": "6.0777",
            "close": "6.087"
        },
        {
            "time": "08.04.2021 06:50",
            "open": "6.087",
            "high": "6.087",
            "low": "6.087",
            "close": "6.087"
        },
        {
            "time": "08.04.2021 06:56",
            "open": "6.087",
            "high": "6.087",
            "low": "6.087",
            "close": "6.0904"
        },
        {
            "time": "08.04.2021 07:02",
            "open": "6.0904",
            "high": "6.0904",
            "low": "6.0904",
            "close": "6.0984"
        },
        {
            "time": "08.04.2021 07:03",
            "open": "6.0984",
            "high": "6.0984",
            "low": "6.0984",
            "close": "6.1033"
        },
        {
            "time": "08.04.2021 07:11",
            "open": "6.1033",
            "high": "6.1049",
            "low": "6.1033",
            "close": "6.11"
        },
        {
            "time": "08.04.2021 07:12",
            "open": "6.11",
            "high": "6.11",
            "low": "6.11",
            "close": "6.1071"
        },
        {
            "time": "08.04.2021 07:15",
            "open": "6.1071",
            "high": "6.1071",
            "low": "6.1071",
            "close": "6.0722"
        },
        {
            "time": "08.04.2021 07:51",
            "open": "6.0722",
            "high": "6.0722",
            "low": "6.0708",
            "close": "6.0815"
        },
        {
            "time": "08.04.2021 07:52",
            "open": "6.0815",
            "high": "6.0815",
            "low": "6.0815",
            "close": "6.0614"
        },
        {
            "time": "08.04.2021 07:56",
            "open": "6.0614",
            "high": "6.0614",
            "low": "6.0529",
            "close": "6.0645"
        },
        {
            "time": "08.04.2021 07:59",
            "open": "6.0645",
            "high": "6.0645",
            "low": "6.0645",
            "close": "6.0829"
        },
        {
            "time": "08.04.2021 08:03",
            "open": "6.0829",
            "high": "6.0829",
            "low": "6.0829",
            "close": "6.1144"
        },
        {
            "time": "08.04.2021 08:15",
            "open": "6.1144",
            "high": "6.1144",
            "low": "6.1144",
            "close": "6.1185"
        },
        {
            "time": "08.04.2021 08:26",
            "open": "6.1185",
            "high": "6.1185",
            "low": "6.1185",
            "close": "6.1186"
        },
        {
            "time": "08.04.2021 08:29",
            "open": "6.1186",
            "high": "6.1186",
            "low": "6.1183",
            "close": "6.1196"
        },
        {
            "time": "08.04.2021 08:30",
            "open": "6.1196",
            "high": "6.1196",
            "low": "6.1196",
            "close": "6.1196"
        },
        {
            "time": "08.04.2021 08:32",
            "open": "6.1196",
            "high": "6.1343",
            "low": "6.1196",
            "close": "6.1402"
        },
        {
            "time": "08.04.2021 08:37",
            "open": "6.1402",
            "high": "6.1448",
            "low": "6.1401",
            "close": "6.1352"
        },
        {
            "time": "08.04.2021 08:42",
            "open": "6.1352",
            "high": "6.1378",
            "low": "6.1352",
            "close": "6.12"
        },
        {
            "time": "08.04.2021 08:51",
            "open": "6.12",
            "high": "6.12",
            "low": "6.12",
            "close": "6.1255"
        },
        {
            "time": "08.04.2021 08:52",
            "open": "6.1255",
            "high": "6.1255",
            "low": "6.1255",
            "close": "6.1099"
        },
        {
            "time": "08.04.2021 09:04",
            "open": "6.1099",
            "high": "6.1099",
            "low": "6.1099",
            "close": "6.1099"
        },
        {
            "time": "08.04.2021 09:05",
            "open": "6.1099",
            "high": "6.1261",
            "low": "6.1096",
            "close": "6.1281"
        },
        {
            "time": "08.04.2021 09:07",
            "open": "6.1281",
            "high": "6.1281",
            "low": "6.1281",
            "close": "6.1015"
        },
        {
            "time": "08.04.2021 09:14",
            "open": "6.1015",
            "high": "6.1015",
            "low": "6.1015",
            "close": "6.1015"
        },
        {
            "time": "08.04.2021 09:37",
            "open": "6.1015",
            "high": "6.1015",
            "low": "6.1015",
            "close": "6.1221"
        },
        {
            "time": "08.04.2021 09:39",
            "open": "6.1221",
            "high": "6.1221",
            "low": "6.1221",
            "close": "6.1234"
        },
        {
            "time": "08.04.2021 09:41",
            "open": "6.1234",
            "high": "6.1234",
            "low": "6.1234",
            "close": "6.1221"
        },
        {
            "time": "08.04.2021 09:50",
            "open": "6.1221",
            "high": "6.1221",
            "low": "6.1221",
            "close": "6.1221"
        },
        {
            "time": "08.04.2021 10:00",
            "open": "6.1221",
            "high": "6.1221",
            "low": "6.1221",
            "close": "6.1343"
        },
        {
            "time": "08.04.2021 10:02",
            "open": "6.1343",
            "high": "6.14",
            "low": "6.1343",
            "close": "6.1339"
        },
        {
            "time": "08.04.2021 10:05",
            "open": "6.1339",
            "high": "6.1339",
            "low": "6.1339",
            "close": "6.1447"
        },
        {
            "time": "08.04.2021 10:11",
            "open": "6.1447",
            "high": "6.1447",
            "low": "6.1447",
            "close": "6.1447"
        },
        {
            "time": "08.04.2021 10:18",
            "open": "6.1447",
            "high": "6.1447",
            "low": "6.1447",
            "close": "6.1413"
        },
        {
            "time": "08.04.2021 10:29",
            "open": "6.1413",
            "high": "6.1418",
            "low": "6.1413",
            "close": "6.1278"
        },
        {
            "time": "08.04.2021 10:39",
            "open": "6.1278",
            "high": "6.1278",
            "low": "6.1188",
            "close": "6.1273"
        },
        {
            "time": "08.04.2021 10:40",
            "open": "6.1273",
            "high": "6.1273",
            "low": "6.1273",
            "close": "6.1029"
        },
        {
            "time": "08.04.2021 10:43",
            "open": "6.1029",
            "high": "6.1029",
            "low": "6.0923",
            "close": "6.1093"
        },
        {
            "time": "08.04.2021 10:46",
            "open": "6.1093",
            "high": "6.1093",
            "low": "6.0977",
            "close": "6.1101"
        },
        {
            "time": "08.04.2021 10:47",
            "open": "6.1101",
            "high": "6.1101",
            "low": "6.0968",
            "close": "6.1019"
        },
        {
            "time": "08.04.2021 10:49",
            "open": "6.1019",
            "high": "6.1019",
            "low": "6.1019",
            "close": "6.1011"
        },
        {
            "time": "08.04.2021 10:50",
            "open": "6.1011",
            "high": "6.1011",
            "low": "6.1011",
            "close": "6.1195"
        },
        {
            "time": "08.04.2021 11:15",
            "open": "6.1195",
            "high": "6.1195",
            "low": "6.1195",
            "close": "6.0882"
        },
        {
            "time": "08.04.2021 11:17",
            "open": "6.0882",
            "high": "6.0882",
            "low": "6.0882",
            "close": "6.0829"
        },
        {
            "time": "08.04.2021 11:19",
            "open": "6.0829",
            "high": "6.0829",
            "low": "6.0727",
            "close": "6.0799"
        },
        {
            "time": "08.04.2021 11:33",
            "open": "6.0799",
            "high": "6.0799",
            "low": "6.0799",
            "close": "6.0747"
        },
        {
            "time": "08.04.2021 11:38",
            "open": "6.0747",
            "high": "6.0747",
            "low": "6.0747",
            "close": "6.0743"
        },
        {
            "time": "08.04.2021 11:45",
            "open": "6.0743",
            "high": "6.0745",
            "low": "6.0628",
            "close": "6.0464"
        },
        {
            "time": "08.04.2021 11:51",
            "open": "6.0464",
            "high": "6.0495",
            "low": "6.0464",
            "close": "6.0431"
        },
        {
            "time": "08.04.2021 11:54",
            "open": "6.0431",
            "high": "6.0431",
            "low": "6.0409",
            "close": "6.0486"
        },
        {
            "time": "08.04.2021 11:57",
            "open": "6.0486",
            "high": "6.0487",
            "low": "6.0486",
            "close": "6.0493"
        },
        {
            "time": "08.04.2021 12:00",
            "open": "6.0493",
            "high": "6.0493",
            "low": "6.0493",
            "close": "6.0398"
        },
        {
            "time": "08.04.2021 12:04",
            "open": "6.0398",
            "high": "6.0398",
            "low": "6.0398",
            "close": "6.0513"
        },
        {
            "time": "08.04.2021 12:06",
            "open": "6.0513",
            "high": "6.0606",
            "low": "6.0513",
            "close": "6.0142"
        },
        {
            "time": "08.04.2021 12:10",
            "open": "6.0142",
            "high": "6.0142",
            "low": "6.0142",
            "close": "6.0067"
        },
        {
            "time": "08.04.2021 12:16",
            "open": "6.0067",
            "high": "6.0067",
            "low": "6.0067",
            "close": "6.0384"
        },
        {
            "time": "08.04.2021 12:35",
            "open": "6.0384",
            "high": "6.0384",
            "low": "6.0384",
            "close": "6.0473"
        },
        {
            "time": "08.04.2021 12:39",
            "open": "6.0473",
            "high": "6.0473",
            "low": "6.0473",
            "close": "6.061"
        },
        {
            "time": "08.04.2021 12:49",
            "open": "6.061",
            "high": "6.0682",
            "low": "6.061",
            "close": "6.0591"
        },
        {
            "time": "08.04.2021 12:50",
            "open": "6.0591",
            "high": "6.0591",
            "low": "6.059",
            "close": "6.0545"
        },
        {
            "time": "08.04.2021 12:51",
            "open": "6.0545",
            "high": "6.0545",
            "low": "6.0545",
            "close": "6.0473"
        },
        {
            "time": "08.04.2021 12:52",
            "open": "6.0473",
            "high": "6.0473",
            "low": "6.0473",
            "close": "6.0589"
        },
        {
            "time": "08.04.2021 12:58",
            "open": "6.0589",
            "high": "6.0589",
            "low": "6.0589",
            "close": "6.0554"
        },
        {
            "time": "08.04.2021 13:00",
            "open": "6.0554",
            "high": "6.0554",
            "low": "6.0554",
            "close": "6.0473"
        },
        {
            "time": "08.04.2021 13:01",
            "open": "6.0473",
            "high": "6.0473",
            "low": "6.0473",
            "close": "6.0486"
        },
        {
            "time": "08.04.2021 13:07",
            "open": "6.0486",
            "high": "6.0486",
            "low": "6.0486",
            "close": "6.0473"
        },
        {
            "time": "08.04.2021 13:09",
            "open": "6.0473",
            "high": "6.0473",
            "low": "6.0473",
            "close": "6.06"
        },
        {
            "time": "08.04.2021 13:16",
            "open": "6.06",
            "high": "6.06",
            "low": "6.06",
            "close": "6.0655"
        },
        {
            "time": "08.04.2021 13:17",
            "open": "6.0655",
            "high": "6.0655",
            "low": "6.0655",
            "close": "6.0712"
        },
        {
            "time": "08.04.2021 13:20",
            "open": "6.0712",
            "high": "6.0712",
            "low": "6.0712",
            "close": "6.0331"
        },
        {
            "time": "08.04.2021 13:37",
            "open": "6.0331",
            "high": "6.0331",
            "low": "6.0331",
            "close": "6.0206"
        },
        {
            "time": "08.04.2021 13:38",
            "open": "6.0206",
            "high": "6.0331",
            "low": "6.018",
            "close": "6.0335"
        },
        {
            "time": "08.04.2021 13:39",
            "open": "6.0335",
            "high": "6.0335",
            "low": "6.0335",
            "close": "6.0468"
        },
        {
            "time": "08.04.2021 13:41",
            "open": "6.0468",
            "high": "6.0468",
            "low": "6.0468",
            "close": "6.0483"
        },
        {
            "time": "08.04.2021 13:42",
            "open": "6.0483",
            "high": "6.0537",
            "low": "6.0483",
            "close": "6.0601"
        },
        {
            "time": "08.04.2021 13:44",
            "open": "6.0601",
            "high": "6.0601",
            "low": "6.0601",
            "close": "6.0601"
        },
        {
            "time": "08.04.2021 13:51",
            "open": "6.0601",
            "high": "6.0601",
            "low": "6.047",
            "close": "6.0608"
        },
        {
            "time": "08.04.2021 14:15",
            "open": "6.0608",
            "high": "6.0608",
            "low": "6.0608",
            "close": "6.0662"
        },
        {
            "time": "08.04.2021 14:17",
            "open": "6.0662",
            "high": "6.0662",
            "low": "6.0662",
            "close": "6.0688"
        },
        {
            "time": "08.04.2021 14:18",
            "open": "6.0688",
            "high": "6.0688",
            "low": "6.0688",
            "close": "6.0778"
        },
        {
            "time": "08.04.2021 14:25",
            "open": "6.0778",
            "high": "6.0778",
            "low": "6.0778",
            "close": "6.0702"
        },
        {
            "time": "08.04.2021 14:26",
            "open": "6.0702",
            "high": "6.0702",
            "low": "6.0702",
            "close": "6.0881"
        },
        {
            "time": "08.04.2021 14:27",
            "open": "6.0881",
            "high": "6.0881",
            "low": "6.0881",
            "close": "6.09"
        },
        {
            "time": "08.04.2021 14:30",
            "open": "6.09",
            "high": "6.09",
            "low": "6.09",
            "close": "6.0955"
        },
        {
            "time": "08.04.2021 14:31",
            "open": "6.0955",
            "high": "6.0955",
            "low": "6.0955",
            "close": "6.0955"
        },
        {
            "time": "08.04.2021 14:37",
            "open": "6.0955",
            "high": "6.0961",
            "low": "6.0955",
            "close": "6.1077"
        },
        {
            "time": "08.04.2021 14:47",
            "open": "6.1077",
            "high": "6.1165",
            "low": "6.1077",
            "close": "6.1037"
        },
        {
            "time": "08.04.2021 14:58",
            "open": "6.1037",
            "high": "6.1037",
            "low": "6.0936",
            "close": "6.1127"
        },
        {
            "time": "08.04.2021 15:00",
            "open": "6.1127",
            "high": "6.1127",
            "low": "6.1127",
            "close": "6.1196"
        },
        {
            "time": "08.04.2021 15:07",
            "open": "6.1196",
            "high": "6.1196",
            "low": "6.1196",
            "close": "6.1198"
        },
        {
            "time": "08.04.2021 15:09",
            "open": "6.1198",
            "high": "6.1275",
            "low": "6.1198",
            "close": "6.1162"
        },
        {
            "time": "08.04.2021 15:11",
            "open": "6.1162",
            "high": "6.1162",
            "low": "6.1162",
            "close": "6.1164"
        },
        {
            "time": "08.04.2021 15:25",
            "open": "6.1164",
            "high": "6.1164",
            "low": "6.1164",
            "close": "6.1236"
        },
        {
            "time": "08.04.2021 15:35",
            "open": "6.1236",
            "high": "6.148",
            "low": "6.1236",
            "close": "6.1382"
        },
        {
            "time": "08.04.2021 15:36",
            "open": "6.1382",
            "high": "6.1382",
            "low": "6.1382",
            "close": "6.1409"
        },
        {
            "time": "08.04.2021 15:37",
            "open": "6.1409",
            "high": "6.1409",
            "low": "6.1409",
            "close": "6.0992"
        },
        {
            "time": "08.04.2021 15:41",
            "open": "6.0992",
            "high": "6.0992",
            "low": "6.0913",
            "close": "6.0991"
        },
        {
            "time": "08.04.2021 15:42",
            "open": "6.0991",
            "high": "6.0991",
            "low": "6.0991",
            "close": "6.0923"
        },
        {
            "time": "08.04.2021 15:47",
            "open": "6.0923",
            "high": "6.0923",
            "low": "6.079",
            "close": "6.1253"
        },
        {
            "time": "08.04.2021 15:59",
            "open": "6.1253",
            "high": "6.1253",
            "low": "6.1253",
            "close": "6.1457"
        },
        {
            "time": "08.04.2021 16:06",
            "open": "6.1457",
            "high": "6.1458",
            "low": "6.1457",
            "close": "6.1409"
        },
        {
            "time": "08.04.2021 16:07",
            "open": "6.1409",
            "high": "6.1409",
            "low": "6.1409",
            "close": "6.156"
        },
        {
            "time": "08.04.2021 16:12",
            "open": "6.156",
            "high": "6.1588",
            "low": "6.156",
            "close": "6.1526"
        },
        {
            "time": "08.04.2021 16:13",
            "open": "6.1526",
            "high": "6.1526",
            "low": "6.142",
            "close": "6.1491"
        },
        {
            "time": "08.04.2021 16:19",
            "open": "6.1491",
            "high": "6.1491",
            "low": "6.1491",
            "close": "6.1588"
        },
        {
            "time": "08.04.2021 16:23",
            "open": "6.1588",
            "high": "6.1608",
            "low": "6.1588",
            "close": "6.1608"
        },
        {
            "time": "08.04.2021 16:27",
            "open": "6.1608",
            "high": "6.169",
            "low": "6.1608",
            "close": "6.17"
        },
        {
            "time": "08.04.2021 16:30",
            "open": "6.17",
            "high": "6.1834",
            "low": "6.167",
            "close": "6.1894"
        },
        {
            "time": "08.04.2021 16:38",
            "open": "6.1894",
            "high": "6.19",
            "low": "6.1748",
            "close": "6.1809"
        },
        {
            "time": "08.04.2021 16:41",
            "open": "6.1809",
            "high": "6.1809",
            "low": "6.1731",
            "close": "6.19"
        },
        {
            "time": "08.04.2021 16:44",
            "open": "6.19",
            "high": "6.1997",
            "low": "6.19",
            "close": "6.1996"
        },
        {
            "time": "08.04.2021 16:46",
            "open": "6.1996",
            "high": "6.1996",
            "low": "6.1996",
            "close": "6.1997"
        },
        {
            "time": "08.04.2021 16:51",
            "open": "6.1997",
            "high": "6.1997",
            "low": "6.1997",
            "close": "6.1997"
        },
        {
            "time": "08.04.2021 16:52",
            "open": "6.1997",
            "high": "6.2088",
            "low": "6.1997",
            "close": "6.205"
        },
        {
            "time": "08.04.2021 16:55",
            "open": "6.205",
            "high": "6.205",
            "low": "6.193",
            "close": "6.2154"
        },
        {
            "time": "08.04.2021 17:00",
            "open": "6.2154",
            "high": "6.2154",
            "low": "6.2151",
            "close": "6.2055"
        },
        {
            "time": "08.04.2021 17:07",
            "open": "6.2055",
            "high": "6.2055",
            "low": "6.2055",
            "close": "6.2046"
        },
        {
            "time": "08.04.2021 17:10",
            "open": "6.2046",
            "high": "6.2046",
            "low": "6.2046",
            "close": "6.1881"
        },
        {
            "time": "08.04.2021 17:15",
            "open": "6.1881",
            "high": "6.1881",
            "low": "6.188",
            "close": "6.1876"
        },
        {
            "time": "08.04.2021 17:16",
            "open": "6.1876",
            "high": "6.1876",
            "low": "6.1859",
            "close": "6.1962"
        },
        {
            "time": "08.04.2021 17:24",
            "open": "6.1962",
            "high": "6.1962",
            "low": "6.1823",
            "close": "6.165"
        },
        {
            "time": "08.04.2021 17:34",
            "open": "6.165",
            "high": "6.1786",
            "low": "6.1531",
            "close": "6.2003"
        },
        {
            "time": "08.04.2021 17:39",
            "open": "6.2003",
            "high": "6.2003",
            "low": "6.2003",
            "close": "6.2004"
        },
        {
            "time": "08.04.2021 17:40",
            "open": "6.2004",
            "high": "6.2004",
            "low": "6.2004",
            "close": "6.1939"
        },
        {
            "time": "08.04.2021 17:44",
            "open": "6.1939",
            "high": "6.1939",
            "low": "6.1938",
            "close": "6.1938"
        },
        {
            "time": "08.04.2021 17:45",
            "open": "6.1938",
            "high": "6.1938",
            "low": "6.1938",
            "close": "6.2059"
        },
        {
            "time": "08.04.2021 17:50",
            "open": "6.2059",
            "high": "6.2065",
            "low": "6.2059",
            "close": "6.2084"
        },
        {
            "time": "08.04.2021 17:51",
            "open": "6.2084",
            "high": "6.2085",
            "low": "6.2084",
            "close": "6.2023"
        },
        {
            "time": "08.04.2021 17:58",
            "open": "6.2023",
            "high": "6.2023",
            "low": "6.191",
            "close": "6.2263"
        },
        {
            "time": "08.04.2021 18:02",
            "open": "6.2263",
            "high": "6.2372",
            "low": "6.2263",
            "close": "6.2224"
        },
        {
            "time": "08.04.2021 18:03",
            "open": "6.2224",
            "high": "6.2224",
            "low": "6.2224",
            "close": "6.2224"
        },
        {
            "time": "08.04.2021 18:09",
            "open": "6.2224",
            "high": "6.2224",
            "low": "6.2224",
            "close": "6.2102"
        },
        {
            "time": "08.04.2021 18:12",
            "open": "6.2102",
            "high": "6.2102",
            "low": "6.2102",
            "close": "6.2248"
        },
        {
            "time": "08.04.2021 18:14",
            "open": "6.2248",
            "high": "6.2248",
            "low": "6.2248",
            "close": "6.233"
        },
        {
            "time": "08.04.2021 18:21",
            "open": "6.233",
            "high": "6.2331",
            "low": "6.233",
            "close": "6.2189"
        },
        {
            "time": "08.04.2021 18:28",
            "open": "6.2189",
            "high": "6.2189",
            "low": "6.2081",
            "close": "6.2052"
        },
        {
            "time": "08.04.2021 18:31",
            "open": "6.2052",
            "high": "6.2052",
            "low": "6.1934",
            "close": "6.1817"
        },
        {
            "time": "08.04.2021 18:35",
            "open": "6.1817",
            "high": "6.1817",
            "low": "6.1817",
            "close": "6.1943"
        },
        {
            "time": "08.04.2021 18:37",
            "open": "6.1943",
            "high": "6.1943",
            "low": "6.1943",
            "close": "6.2122"
        },
        {
            "time": "08.04.2021 18:45",
            "open": "6.2122",
            "high": "6.2122",
            "low": "6.2122",
            "close": "6.2106"
        },
        {
            "time": "08.04.2021 18:46",
            "open": "6.2106",
            "high": "6.2106",
            "low": "6.2106",
            "close": "6.2046"
        },
        {
            "time": "08.04.2021 18:51",
            "open": "6.2046",
            "high": "6.2046",
            "low": "6.2046",
            "close": "6.1939"
        },
        {
            "time": "08.04.2021 18:58",
            "open": "6.1939",
            "high": "6.1939",
            "low": "6.1939",
            "close": "6.1817"
        },
        {
            "time": "08.04.2021 19:08",
            "open": "6.1817",
            "high": "6.1817",
            "low": "6.1817",
            "close": "6.1877"
        },
        {
            "time": "08.04.2021 19:11",
            "open": "6.1877",
            "high": "6.1877",
            "low": "6.1877",
            "close": "6.1827"
        },
        {
            "time": "08.04.2021 19:16",
            "open": "6.1827",
            "high": "6.1827",
            "low": "6.1827",
            "close": "6.1697"
        },
        {
            "time": "08.04.2021 19:17",
            "open": "6.1697",
            "high": "6.1697",
            "low": "6.1697",
            "close": "6.1732"
        },
        {
            "time": "08.04.2021 19:28",
            "open": "6.1732",
            "high": "6.1751",
            "low": "6.1732",
            "close": "6.1586"
        },
        {
            "time": "08.04.2021 19:37",
            "open": "6.1586",
            "high": "6.1586",
            "low": "6.1547",
            "close": "6.161"
        },
        {
            "time": "08.04.2021 19:38",
            "open": "6.161",
            "high": "6.161",
            "low": "6.161",
            "close": "6.1663"
        },
        {
            "time": "08.04.2021 19:41",
            "open": "6.1663",
            "high": "6.1663",
            "low": "6.1663",
            "close": "6.1607"
        },
        {
            "time": "08.04.2021 19:43",
            "open": "6.1607",
            "high": "6.1609",
            "low": "6.1607",
            "close": "6.1609"
        },
        {
            "time": "08.04.2021 19:50",
            "open": "6.1609",
            "high": "6.1609",
            "low": "6.1609",
            "close": "6.1803"
        },
        {
            "time": "08.04.2021 19:52",
            "open": "6.1803",
            "high": "6.1803",
            "low": "6.1803",
            "close": "6.1646"
        },
        {
            "time": "08.04.2021 19:54",
            "open": "6.1646",
            "high": "6.1646",
            "low": "6.1644",
            "close": "6.1665"
        },
        {
            "time": "08.04.2021 19:57",
            "open": "6.1665",
            "high": "6.1665",
            "low": "6.1665",
            "close": "6.1667"
        },
        {
            "time": "08.04.2021 19:59",
            "open": "6.1667",
            "high": "6.1667",
            "low": "6.1667",
            "close": "6.1801"
        },
        {
            "time": "08.04.2021 20:01",
            "open": "6.1801",
            "high": "6.1801",
            "low": "6.1801",
            "close": "6.1671"
        },
        {
            "time": "08.04.2021 20:02",
            "open": "6.1671",
            "high": "6.1671",
            "low": "6.1671",
            "close": "6.1781"
        },
        {
            "time": "08.04.2021 20:09",
            "open": "6.1781",
            "high": "6.1781",
            "low": "6.1781",
            "close": "6.178"
        },
        {
            "time": "08.04.2021 20:15",
            "open": "6.178",
            "high": "6.178",
            "low": "6.178",
            "close": "6.1859"
        },
        {
            "time": "08.04.2021 20:18",
            "open": "6.1859",
            "high": "6.1925",
            "low": "6.1859",
            "close": "6.2037"
        },
        {
            "time": "08.04.2021 20:25",
            "open": "6.2037",
            "high": "6.2038",
            "low": "6.2037",
            "close": "6.1926"
        },
        {
            "time": "08.04.2021 20:27",
            "open": "6.1926",
            "high": "6.1926",
            "low": "6.1925",
            "close": "6.1982"
        },
        {
            "time": "08.04.2021 20:28",
            "open": "6.1982",
            "high": "6.1982",
            "low": "6.1982",
            "close": "6.2005"
        },
        {
            "time": "08.04.2021 20:33",
            "open": "6.2005",
            "high": "6.2005",
            "low": "6.2005",
            "close": "6.199"
        },
        {
            "time": "08.04.2021 20:35",
            "open": "6.199",
            "high": "6.199",
            "low": "6.199",
            "close": "6.199"
        },
        {
            "time": "08.04.2021 20:36",
            "open": "6.199",
            "high": "6.199",
            "low": "6.1968",
            "close": "6.183"
        },
        {
            "time": "08.04.2021 20:40",
            "open": "6.183",
            "high": "6.183",
            "low": "6.1808",
            "close": "6.1841"
        },
        {
            "time": "08.04.2021 21:20",
            "open": "6.1841",
            "high": "6.1841",
            "low": "6.1841",
            "close": "6.1836"
        },
        {
            "time": "08.04.2021 21:26",
            "open": "6.1836",
            "high": "6.1837",
            "low": "6.1836",
            "close": "6.183"
        },
        {
            "time": "08.04.2021 21:27",
            "open": "6.183",
            "high": "6.183",
            "low": "6.183",
            "close": "6.1823"
        },
        {
            "time": "08.04.2021 21:28",
            "open": "6.1823",
            "high": "6.1823",
            "low": "6.1823",
            "close": "6.1774"
        },
        {
            "time": "08.04.2021 21:35",
            "open": "6.1774",
            "high": "6.1775",
            "low": "6.1774",
            "close": "6.1773"
        },
        {
            "time": "08.04.2021 21:48",
            "open": "6.1773",
            "high": "6.1773",
            "low": "6.1773",
            "close": "6.1665"
        },
        {
            "time": "08.04.2021 21:51",
            "open": "6.1665",
            "high": "6.1665",
            "low": "6.1665",
            "close": "6.1743"
        },
        {
            "time": "08.04.2021 21:52",
            "open": "6.1743",
            "high": "6.1743",
            "low": "6.1743",
            "close": "6.1603"
        },
        {
            "time": "08.04.2021 21:53",
            "open": "6.1603",
            "high": "6.1603",
            "low": "6.1603",
            "close": "6.15"
        },
        {
            "time": "08.04.2021 21:54",
            "open": "6.15",
            "high": "6.15",
            "low": "6.1422",
            "close": "6.142"
        },
        {
            "time": "08.04.2021 21:55",
            "open": "6.142",
            "high": "6.142",
            "low": "6.1265",
            "close": "6.1544"
        },
        {
            "time": "08.04.2021 22:07",
            "open": "6.1544",
            "high": "6.1544",
            "low": "6.1544",
            "close": "6.1629"
        },
        {
            "time": "08.04.2021 22:13",
            "open": "6.1629",
            "high": "6.1629",
            "low": "6.1629",
            "close": "6.1613"
        },
        {
            "time": "08.04.2021 22:28",
            "open": "6.1613",
            "high": "6.1613",
            "low": "6.1613",
            "close": "6.1052"
        },
        {
            "time": "08.04.2021 22:39",
            "open": "6.1052",
            "high": "6.1052",
            "low": "6.1002",
            "close": "6.115"
        },
        {
            "time": "08.04.2021 22:40",
            "open": "6.115",
            "high": "6.115",
            "low": "6.115",
            "close": "6.1283"
        },
        {
            "time": "08.04.2021 22:41",
            "open": "6.1283",
            "high": "6.1283",
            "low": "6.1283",
            "close": "6.1268"
        },
        {
            "time": "08.04.2021 22:42",
            "open": "6.1268",
            "high": "6.1268",
            "low": "6.1268",
            "close": "6.1269"
        },
        {
            "time": "08.04.2021 22:44",
            "open": "6.1269",
            "high": "6.1269",
            "low": "6.1269",
            "close": "6.1269"
        },
        {
            "time": "08.04.2021 22:53",
            "open": "6.1269",
            "high": "6.1269",
            "low": "6.1269",
            "close": "6.1269"
        },
        {
            "time": "08.04.2021 22:55",
            "open": "6.1269",
            "high": "6.1269",
            "low": "6.1269",
            "close": "6.111"
        },
        {
            "time": "08.04.2021 23:02",
            "open": "6.111",
            "high": "6.111",
            "low": "6.111",
            "close": "6.1023"
        },
        {
            "time": "08.04.2021 23:05",
            "open": "6.1023",
            "high": "6.1023",
            "low": "6.1023",
            "close": "6.0997"
        },
        {
            "time": "08.04.2021 23:09",
            "open": "6.0997",
            "high": "6.0997",
            "low": "6.0997",
            "close": "6.1012"
        },
        {
            "time": "08.04.2021 23:10",
            "open": "6.1012",
            "high": "6.1145",
            "low": "6.1012",
            "close": "6.1048"
        },
        {
            "time": "08.04.2021 23:12",
            "open": "6.1048",
            "high": "6.1048",
            "low": "6.1048",
            "close": "6.1228"
        },
        {
            "time": "08.04.2021 23:18",
            "open": "6.1228",
            "high": "6.1228",
            "low": "6.1228",
            "close": "6.1206"
        },
        {
            "time": "08.04.2021 23:25",
            "open": "6.1206",
            "high": "6.1208",
            "low": "6.1206",
            "close": "6.1221"
        },
        {
            "time": "08.04.2021 23:43",
            "open": "6.1221",
            "high": "6.1222",
            "low": "6.1221",
            "close": "6.1158"
        },
        {
            "time": "08.04.2021 23:45",
            "open": "6.1158",
            "high": "6.1158",
            "low": "6.1158",
            "close": "6.1183"
        },
        {
            "time": "08.04.2021 23:46",
            "open": "6.1183",
            "high": "6.1183",
            "low": "6.1077",
            "close": "6.1196"
        },
        {
            "time": "08.04.2021 23:49",
            "open": "6.1196",
            "high": "6.1196",
            "low": "6.1196",
            "close": "6.1434"
        },
        {
            "time": "08.04.2021 23:53",
            "open": "6.1434",
            "high": "6.1434",
            "low": "6.1434",
            "close": "6.1418"
        }
    ]
}