{
    "BNT-EUR": [
        {
            "time": "15.04.2021 23:56",
            "open": "6.7488",
            "high": "6.7489",
            "low": "6.7488",
            "close": "6.7735"
        },
        {
            "time": "16.04.2021 00:00",
            "open": "6.7735",
            "high": "6.7735",
            "low": "6.7723",
            "close": "6.7712"
        },
        {
            "time": "16.04.2021 00:01",
            "open": "6.7712",
            "high": "6.7755",
            "low": "6.7653",
            "close": "6.7562"
        },
        {
            "time": "16.04.2021 00:03",
            "open": "6.7562",
            "high": "6.7564",
            "low": "6.7562",
            "close": "6.7541"
        },
        {
            "time": "16.04.2021 00:04",
            "open": "6.7541",
            "high": "6.7541",
            "low": "6.754",
            "close": "6.755"
        },
        {
            "time": "16.04.2021 00:06",
            "open": "6.755",
            "high": "6.755",
            "low": "6.755",
            "close": "6.754"
        },
        {
            "time": "16.04.2021 00:08",
            "open": "6.754",
            "high": "6.754",
            "low": "6.754",
            "close": "6.755"
        },
        {
            "time": "16.04.2021 00:09",
            "open": "6.755",
            "high": "6.755",
            "low": "6.755",
            "close": "6.7787"
        },
        {
            "time": "16.04.2021 00:11",
            "open": "6.7787",
            "high": "6.7787",
            "low": "6.7787",
            "close": "6.7667"
        },
        {
            "time": "16.04.2021 00:12",
            "open": "6.7667",
            "high": "6.7667",
            "low": "6.7666",
            "close": "6.7845"
        },
        {
            "time": "16.04.2021 00:15",
            "open": "6.7845",
            "high": "6.82",
            "low": "6.7845",
            "close": "6.806"
        },
        {
            "time": "16.04.2021 00:16",
            "open": "6.806",
            "high": "6.806",
            "low": "6.7843",
            "close": "6.7961"
        },
        {
            "time": "16.04.2021 00:20",
            "open": "6.7961",
            "high": "6.7961",
            "low": "6.7886",
            "close": "6.7938"
        },
        {
            "time": "16.04.2021 00:21",
            "open": "6.7938",
            "high": "6.7938",
            "low": "6.7938",
            "close": "6.7961"
        },
        {
            "time": "16.04.2021 00:24",
            "open": "6.7961",
            "high": "6.7961",
            "low": "6.7961",
            "close": "6.7984"
        },
        {
            "time": "16.04.2021 00:26",
            "open": "6.7984",
            "high": "6.8076",
            "low": "6.7984",
            "close": "6.82"
        },
        {
            "time": "16.04.2021 00:32",
            "open": "6.82",
            "high": "6.8292",
            "low": "6.8139",
            "close": "6.8164"
        },
        {
            "time": "16.04.2021 00:33",
            "open": "6.8164",
            "high": "6.8164",
            "low": "6.8147",
            "close": "6.8081"
        },
        {
            "time": "16.04.2021 00:37",
            "open": "6.8081",
            "high": "6.8081",
            "low": "6.8007",
            "close": "6.8007"
        },
        {
            "time": "16.04.2021 00:41",
            "open": "6.8007",
            "high": "6.8007",
            "low": "6.8007",
            "close": "6.774"
        },
        {
            "time": "16.04.2021 00:45",
            "open": "6.774",
            "high": "6.774",
            "low": "6.774",
            "close": "6.7664"
        },
        {
            "time": "16.04.2021 00:48",
            "open": "6.7664",
            "high": "6.7664",
            "low": "6.7661",
            "close": "6.7846"
        },
        {
            "time": "16.04.2021 00:49",
            "open": "6.7846",
            "high": "6.7848",
            "low": "6.7846",
            "close": "6.7972"
        },
        {
            "time": "16.04.2021 00:55",
            "open": "6.7972",
            "high": "6.7972",
            "low": "6.7972",
            "close": "6.7991"
        },
        {
            "time": "16.04.2021 00:56",
            "open": "6.7991",
            "high": "6.7991",
            "low": "6.7991",
            "close": "6.7991"
        },
        {
            "time": "16.04.2021 00:59",
            "open": "6.7991",
            "high": "6.8003",
            "low": "6.7972",
            "close": "6.8"
        },
        {
            "time": "16.04.2021 01:00",
            "open": "6.8",
            "high": "6.8",
            "low": "6.8",
            "close": "6.7997"
        },
        {
            "time": "16.04.2021 01:06",
            "open": "6.7997",
            "high": "6.7997",
            "low": "6.7997",
            "close": "6.7562"
        },
        {
            "time": "16.04.2021 01:21",
            "open": "6.7562",
            "high": "6.7562",
            "low": "6.7262",
            "close": "6.7387"
        },
        {
            "time": "16.04.2021 01:22",
            "open": "6.7387",
            "high": "6.7387",
            "low": "6.7387",
            "close": "6.7241"
        },
        {
            "time": "16.04.2021 01:23",
            "open": "6.7241",
            "high": "6.7241",
            "low": "6.7241",
            "close": "6.7519"
        },
        {
            "time": "16.04.2021 01:26",
            "open": "6.7519",
            "high": "6.7519",
            "low": "6.7519",
            "close": "6.727"
        },
        {
            "time": "16.04.2021 01:34",
            "open": "6.727",
            "high": "6.727",
            "low": "6.7229",
            "close": "6.7357"
        },
        {
            "time": "16.04.2021 01:36",
            "open": "6.7357",
            "high": "6.7357",
            "low": "6.7357",
            "close": "6.7358"
        },
        {
            "time": "16.04.2021 01:37",
            "open": "6.7358",
            "high": "6.7358",
            "low": "6.7358",
            "close": "6.7362"
        },
        {
            "time": "16.04.2021 01:57",
            "open": "6.7362",
            "high": "6.7519",
            "low": "6.7362",
            "close": "6.7611"
        },
        {
            "time": "16.04.2021 01:59",
            "open": "6.7611",
            "high": "6.7611",
            "low": "6.7441",
            "close": "6.7771"
        },
        {
            "time": "16.04.2021 02:00",
            "open": "6.7771",
            "high": "6.8098",
            "low": "6.7609",
            "close": "6.7787"
        },
        {
            "time": "16.04.2021 02:01",
            "open": "6.7787",
            "high": "6.7787",
            "low": "6.7787",
            "close": "6.7652"
        },
        {
            "time": "16.04.2021 02:06",
            "open": "6.7652",
            "high": "6.7652",
            "low": "6.7652",
            "close": "6.7579"
        },
        {
            "time": "16.04.2021 02:13",
            "open": "6.7579",
            "high": "6.7579",
            "low": "6.7579",
            "close": "6.7875"
        },
        {
            "time": "16.04.2021 02:18",
            "open": "6.7875",
            "high": "6.7875",
            "low": "6.7875",
            "close": "6.7916"
        },
        {
            "time": "16.04.2021 02:21",
            "open": "6.7916",
            "high": "6.7916",
            "low": "6.7916",
            "close": "6.7807"
        },
        {
            "time": "16.04.2021 02:33",
            "open": "6.7807",
            "high": "6.7868",
            "low": "6.7745",
            "close": "6.7984"
        },
        {
            "time": "16.04.2021 02:53",
            "open": "6.7984",
            "high": "6.8027",
            "low": "6.7984",
            "close": "6.7722"
        },
        {
            "time": "16.04.2021 02:59",
            "open": "6.7722",
            "high": "6.7733",
            "low": "6.7722",
            "close": "6.7946"
        },
        {
            "time": "16.04.2021 03:01",
            "open": "6.7946",
            "high": "6.7946",
            "low": "6.7946",
            "close": "6.7738"
        },
        {
            "time": "16.04.2021 03:05",
            "open": "6.7738",
            "high": "6.7738",
            "low": "6.7623",
            "close": "6.7351"
        },
        {
            "time": "16.04.2021 03:07",
            "open": "6.7351",
            "high": "6.7351",
            "low": "6.7351",
            "close": "6.7351"
        },
        {
            "time": "16.04.2021 03:08",
            "open": "6.7351",
            "high": "6.7351",
            "low": "6.7351",
            "close": "6.7137"
        },
        {
            "time": "16.04.2021 03:12",
            "open": "6.7137",
            "high": "6.7257",
            "low": "6.7137",
            "close": "6.6993"
        },
        {
            "time": "16.04.2021 03:20",
            "open": "6.6933",
            "high": "6.6933",
            "low": "6.6933",
            "close": "6.6931"
        },
        {
            "time": "16.04.2021 03:21",
            "open": "6.6931",
            "high": "6.6931",
            "low": "6.69",
            "close": "6.69"
        },
        {
            "time": "16.04.2021 03:22",
            "open": "6.69",
            "high": "6.6948",
            "low": "6.69",
            "close": "6.6572"
        },
        {
            "time": "16.04.2021 03:30",
            "open": "6.6572",
            "high": "6.6572",
            "low": "6.6411",
            "close": "6.6539"
        },
        {
            "time": "16.04.2021 03:34",
            "open": "6.6539",
            "high": "6.6539",
            "low": "6.6505",
            "close": "6.6439"
        },
        {
            "time": "16.04.2021 03:36",
            "open": "6.6439",
            "high": "6.6475",
            "low": "6.6439",
            "close": "6.6314"
        },
        {
            "time": "16.04.2021 03:37",
            "open": "6.6314",
            "high": "6.6314",
            "low": "6.6211",
            "close": "6.6243"
        },
        {
            "time": "16.04.2021 03:38",
            "open": "6.6243",
            "high": "6.6425",
            "low": "6.6243",
            "close": "6.6107"
        },
        {
            "time": "16.04.2021 03:39",
            "open": "6.6107",
            "high": "6.6107",
            "low": "6.6107",
            "close": "6.6107"
        },
        {
            "time": "16.04.2021 03:40",
            "open": "6.6107",
            "high": "6.6107",
            "low": "6.6107",
            "close": "6.6235"
        },
        {
            "time": "16.04.2021 03:42",
            "open": "6.6235",
            "high": "6.6243",
            "low": "6.6235",
            "close": "6.6227"
        },
        {
            "time": "16.04.2021 03:45",
            "open": "6.6227",
            "high": "6.6227",
            "low": "6.6191",
            "close": "6.6107"
        },
        {
            "time": "16.04.2021 03:46",
            "open": "6.6107",
            "high": "6.6107",
            "low": "6.585",
            "close": "6.6"
        },
        {
            "time": "16.04.2021 03:47",
            "open": "6.6",
            "high": "6.604",
            "low": "6.6",
            "close": "6.6432"
        },
        {
            "time": "16.04.2021 03:49",
            "open": "6.6432",
            "high": "6.6432",
            "low": "6.6336",
            "close": "6.66"
        },
        {
            "time": "16.04.2021 03:52",
            "open": "6.66",
            "high": "6.66",
            "low": "6.66",
            "close": "6.6962"
        },
        {
            "time": "16.04.2021 03:58",
            "open": "6.6962",
            "high": "6.7132",
            "low": "6.6962",
            "close": "6.6977"
        },
        {
            "time": "16.04.2021 03:59",
            "open": "6.6977",
            "high": "6.6977",
            "low": "6.6977",
            "close": "6.6977"
        },
        {
            "time": "16.04.2021 04:05",
            "open": "6.6977",
            "high": "6.7204",
            "low": "6.6977",
            "close": "6.7107"
        },
        {
            "time": "16.04.2021 04:08",
            "open": "6.7107",
            "high": "6.7107",
            "low": "6.7107",
            "close": "6.7135"
        },
        {
            "time": "16.04.2021 04:12",
            "open": "6.7135",
            "high": "6.7135",
            "low": "6.6978",
            "close": "6.7157"
        },
        {
            "time": "16.04.2021 04:15",
            "open": "6.7157",
            "high": "6.7157",
            "low": "6.7157",
            "close": "6.6896"
        },
        {
            "time": "16.04.2021 04:22",
            "open": "6.6896",
            "high": "6.6896",
            "low": "6.6779",
            "close": "6.6711"
        },
        {
            "time": "16.04.2021 04:28",
            "open": "6.6711",
            "high": "6.6711",
            "low": "6.6711",
            "close": "6.6418"
        },
        {
            "time": "16.04.2021 04:32",
            "open": "6.6418",
            "high": "6.6469",
            "low": "6.6418",
            "close": "6.6717"
        },
        {
            "time": "16.04.2021 04:34",
            "open": "6.6717",
            "high": "6.672",
            "low": "6.6715",
            "close": "6.6678"
        },
        {
            "time": "16.04.2021 04:35",
            "open": "6.6678",
            "high": "6.6678",
            "low": "6.6564",
            "close": "6.6417"
        },
        {
            "time": "16.04.2021 04:48",
            "open": "6.6417",
            "high": "6.642",
            "low": "6.6417",
            "close": "6.6331"
        },
        {
            "time": "16.04.2021 04:57",
            "open": "6.6331",
            "high": "6.6331",
            "low": "6.6331",
            "close": "6.6134"
        },
        {
            "time": "16.04.2021 04:58",
            "open": "6.6134",
            "high": "6.6134",
            "low": "6.6134",
            "close": "6.6173"
        },
        {
            "time": "16.04.2021 04:59",
            "open": "6.6173",
            "high": "6.619",
            "low": "6.6173",
            "close": "6.6215"
        },
        {
            "time": "16.04.2021 05:02",
            "open": "6.6215",
            "high": "6.6245",
            "low": "6.6215",
            "close": "6.6265"
        },
        {
            "time": "16.04.2021 05:04",
            "open": "6.6265",
            "high": "6.6265",
            "low": "6.6265",
            "close": "6.6073"
        },
        {
            "time": "16.04.2021 05:05",
            "open": "6.6073",
            "high": "6.6109",
            "low": "6.6073",
            "close": "6.5998"
        },
        {
            "time": "16.04.2021 05:06",
            "open": "6.5998",
            "high": "6.6121",
            "low": "6.5997",
            "close": "6.6121"
        },
        {
            "time": "16.04.2021 05:07",
            "open": "6.6121",
            "high": "6.6241",
            "low": "6.6062",
            "close": "6.6096"
        },
        {
            "time": "16.04.2021 05:08",
            "open": "6.6096",
            "high": "6.6129",
            "low": "6.5935",
            "close": "6.6176"
        },
        {
            "time": "16.04.2021 05:09",
            "open": "6.6176",
            "high": "6.6176",
            "low": "6.6176",
            "close": "6.6221"
        },
        {
            "time": "16.04.2021 05:10",
            "open": "6.6221",
            "high": "6.625",
            "low": "6.6221",
            "close": "6.6268"
        },
        {
            "time": "16.04.2021 05:12",
            "open": "6.6268",
            "high": "6.6268",
            "low": "6.6268",
            "close": "6.6075"
        },
        {
            "time": "16.04.2021 05:16",
            "open": "6.6075",
            "high": "6.6075",
            "low": "6.5872",
            "close": "6.6188"
        },
        {
            "time": "16.04.2021 05:19",
            "open": "6.6188",
            "high": "6.6266",
            "low": "6.6188",
            "close": "6.6184"
        },
        {
            "time": "16.04.2021 05:20",
            "open": "6.6184",
            "high": "6.6184",
            "low": "6.6184",
            "close": "6.631"
        },
        {
            "time": "16.04.2021 05:24",
            "open": "6.631",
            "high": "6.631",
            "low": "6.6155",
            "close": "6.6297"
        },
        {
            "time": "16.04.2021 05:33",
            "open": "6.6297",
            "high": "6.6309",
            "low": "6.6297",
            "close": "6.6438"
        },
        {
            "time": "16.04.2021 05:35",
            "open": "6.6438",
            "high": "6.6438",
            "low": "6.6438",
            "close": "6.632"
        },
        {
            "time": "16.04.2021 05:38",
            "open": "6.632",
            "high": "6.632",
            "low": "6.632",
            "close": "6.6178"
        },
        {
            "time": "16.04.2021 05:42",
            "open": "6.6178",
            "high": "6.6178",
            "low": "6.6178",
            "close": "6.6513"
        },
        {
            "time": "16.04.2021 05:48",
            "open": "6.6513",
            "high": "6.6513",
            "low": "6.6513",
            "close": "6.6001"
        },
        {
            "time": "16.04.2021 06:12",
            "open": "6.6001",
            "high": "6.6001",
            "low": "6.6001",
            "close": "6.6109"
        },
        {
            "time": "16.04.2021 06:13",
            "open": "6.6109",
            "high": "6.6109",
            "low": "6.6109",
            "close": "6.6099"
        },
        {
            "time": "16.04.2021 06:15",
            "open": "6.6099",
            "high": "6.6099",
            "low": "6.6099",
            "close": "6.6121"
        },
        {
            "time": "16.04.2021 06:16",
            "open": "6.6121",
            "high": "6.6121",
            "low": "6.6121",
            "close": "6.622"
        },
        {
            "time": "16.04.2021 06:19",
            "open": "6.622",
            "high": "6.6246",
            "low": "6.622",
            "close": "6.62"
        },
        {
            "time": "16.04.2021 06:27",
            "open": "6.62",
            "high": "6.62",
            "low": "6.62",
            "close": "6.6192"
        },
        {
            "time": "16.04.2021 06:28",
            "open": "6.6192",
            "high": "6.6192",
            "low": "6.6192",
            "close": "6.6001"
        },
        {
            "time": "16.04.2021 06:31",
            "open": "6.6001",
            "high": "6.6001",
            "low": "6.6001",
            "close": "6.6001"
        },
        {
            "time": "16.04.2021 06:32",
            "open": "6.6001",
            "high": "6.6001",
            "low": "6.6001",
            "close": "6.5815"
        },
        {
            "time": "16.04.2021 06:34",
            "open": "6.5815",
            "high": "6.5815",
            "low": "6.5276",
            "close": "6.5348"
        },
        {
            "time": "16.04.2021 06:35",
            "open": "6.5348",
            "high": "6.554",
            "low": "6.5239",
            "close": "6.5046"
        },
        {
            "time": "16.04.2021 06:37",
            "open": "6.5046",
            "high": "6.5046",
            "low": "6.5045",
            "close": "6.5244"
        },
        {
            "time": "16.04.2021 06:45",
            "open": "6.5244",
            "high": "6.5244",
            "low": "6.5244",
            "close": "6.5148"
        },
        {
            "time": "16.04.2021 06:46",
            "open": "6.5148",
            "high": "6.5148",
            "low": "6.5046",
            "close": "6.5335"
        },
        {
            "time": "16.04.2021 06:51",
            "open": "6.5335",
            "high": "6.5335",
            "low": "6.5335",
            "close": "6.532"
        },
        {
            "time": "16.04.2021 06:54",
            "open": "6.532",
            "high": "6.532",
            "low": "6.532",
            "close": "6.5154"
        },
        {
            "time": "16.04.2021 06:56",
            "open": "6.5154",
            "high": "6.5154",
            "low": "6.5154",
            "close": "6.5044"
        },
        {
            "time": "16.04.2021 06:58",
            "open": "6.5044",
            "high": "6.5044",
            "low": "6.4721",
            "close": "6.4721"
        },
        {
            "time": "16.04.2021 06:59",
            "open": "6.4721",
            "high": "6.4721",
            "low": "6.4721",
            "close": "6.4721"
        },
        {
            "time": "16.04.2021 07:00",
            "open": "6.4721",
            "high": "6.4721",
            "low": "6.4538",
            "close": "6.4531"
        },
        {
            "time": "16.04.2021 07:01",
            "open": "6.4531",
            "high": "6.4531",
            "low": "6.4445",
            "close": "6.458"
        },
        {
            "time": "16.04.2021 07:02",
            "open": "6.458",
            "high": "6.5085",
            "low": "6.458",
            "close": "6.5397"
        },
        {
            "time": "16.04.2021 07:12",
            "open": "6.5397",
            "high": "6.5433",
            "low": "6.5236",
            "close": "6.55"
        },
        {
            "time": "16.04.2021 07:14",
            "open": "6.55",
            "high": "6.55",
            "low": "6.55",
            "close": "6.5497"
        },
        {
            "time": "16.04.2021 07:17",
            "open": "6.5497",
            "high": "6.5533",
            "low": "6.5427",
            "close": "6.554"
        },
        {
            "time": "16.04.2021 07:18",
            "open": "6.554",
            "high": "6.5731",
            "low": "6.554",
            "close": "6.5655"
        },
        {
            "time": "16.04.2021 07:22",
            "open": "6.5655",
            "high": "6.5655",
            "low": "6.5655",
            "close": "6.5504"
        },
        {
            "time": "16.04.2021 07:31",
            "open": "6.5504",
            "high": "6.5504",
            "low": "6.5504",
            "close": "6.5084"
        },
        {
            "time": "16.04.2021 07:34",
            "open": "6.5084",
            "high": "6.5084",
            "low": "6.5",
            "close": "6.5"
        },
        {
            "time": "16.04.2021 07:37",
            "open": "6.5",
            "high": "6.5",
            "low": "6.5",
            "close": "6.4857"
        },
        {
            "time": "16.04.2021 07:39",
            "open": "6.4857",
            "high": "6.4857",
            "low": "6.4855",
            "close": "6.4878"
        },
        {
            "time": "16.04.2021 07:44",
            "open": "6.4878",
            "high": "6.4878",
            "low": "6.4878",
            "close": "6.4815"
        },
        {
            "time": "16.04.2021 07:49",
            "open": "6.4815",
            "high": "6.4815",
            "low": "6.467",
            "close": "6.4757"
        },
        {
            "time": "16.04.2021 07:50",
            "open": "6.4757",
            "high": "6.4757",
            "low": "6.4756",
            "close": "6.4629"
        },
        {
            "time": "16.04.2021 07:52",
            "open": "6.4629",
            "high": "6.4629",
            "low": "6.4629",
            "close": "6.4629"
        },
        {
            "time": "16.04.2021 07:58",
            "open": "6.4629",
            "high": "6.463",
            "low": "6.4409",
            "close": "6.44"
        },
        {
            "time": "16.04.2021 08:03",
            "open": "6.44",
            "high": "6.44",
            "low": "6.4217",
            "close": "6.4217"
        },
        {
            "time": "16.04.2021 08:05",
            "open": "6.4217",
            "high": "6.4217",
            "low": "6.4005",
            "close": "6.4374"
        },
        {
            "time": "16.04.2021 08:09",
            "open": "6.4374",
            "high": "6.4374",
            "low": "6.4004",
            "close": "6.4338"
        },
        {
            "time": "16.04.2021 08:10",
            "open": "6.4338",
            "high": "6.4338",
            "low": "6.4338",
            "close": "6.4409"
        },
        {
            "time": "16.04.2021 08:13",
            "open": "6.4409",
            "high": "6.458",
            "low": "6.4409",
            "close": "6.4588"
        },
        {
            "time": "16.04.2021 08:14",
            "open": "6.4588",
            "high": "6.4588",
            "low": "6.4576",
            "close": "6.4679"
        },
        {
            "time": "16.04.2021 08:15",
            "open": "6.4679",
            "high": "6.4679",
            "low": "6.4679",
            "close": "6.4607"
        },
        {
            "time": "16.04.2021 08:16",
            "open": "6.4607",
            "high": "6.4607",
            "low": "6.4594",
            "close": "6.4478"
        },
        {
            "time": "16.04.2021 08:17",
            "open": "6.4478",
            "high": "6.4501",
            "low": "6.4478",
            "close": "6.4512"
        },
        {
            "time": "16.04.2021 08:18",
            "open": "6.4512",
            "high": "6.4512",
            "low": "6.4463",
            "close": "6.4295"
        },
        {
            "time": "16.04.2021 08:20",
            "open": "6.4295",
            "high": "6.4297",
            "low": "6.4295",
            "close": "6.45"
        },
        {
            "time": "16.04.2021 08:26",
            "open": "6.45",
            "high": "6.45",
            "low": "6.45",
            "close": "6.4178"
        },
        {
            "time": "16.04.2021 08:28",
            "open": "6.4178",
            "high": "6.4178",
            "low": "6.4115",
            "close": "6.423"
        },
        {
            "time": "16.04.2021 08:29",
            "open": "6.423",
            "high": "6.4231",
            "low": "6.423",
            "close": "6.4294"
        },
        {
            "time": "16.04.2021 08:33",
            "open": "6.4294",
            "high": "6.4469",
            "low": "6.4294",
            "close": "6.4509"
        },
        {
            "time": "16.04.2021 08:34",
            "open": "6.4509",
            "high": "6.4509",
            "low": "6.4509",
            "close": "6.4558"
        },
        {
            "time": "16.04.2021 08:36",
            "open": "6.4558",
            "high": "6.4703",
            "low": "6.4558",
            "close": "6.4767"
        },
        {
            "time": "16.04.2021 08:37",
            "open": "6.4767",
            "high": "6.4767",
            "low": "6.4767",
            "close": "6.4684"
        },
        {
            "time": "16.04.2021 08:39",
            "open": "6.4684",
            "high": "6.4735",
            "low": "6.4684",
            "close": "6.4796"
        },
        {
            "time": "16.04.2021 08:40",
            "open": "6.4796",
            "high": "6.4832",
            "low": "6.4788",
            "close": "6.4892"
        },
        {
            "time": "16.04.2021 08:41",
            "open": "6.4892",
            "high": "6.4892",
            "low": "6.4892",
            "close": "6.4961"
        },
        {
            "time": "16.04.2021 08:42",
            "open": "6.4961",
            "high": "6.4964",
            "low": "6.4961",
            "close": "6.5215"
        },
        {
            "time": "16.04.2021 08:48",
            "open": "6.5215",
            "high": "6.5217",
            "low": "6.5215",
            "close": "6.5072"
        },
        {
            "time": "16.04.2021 08:50",
            "open": "6.5072",
            "high": "6.5159",
            "low": "6.5072",
            "close": "6.5159"
        },
        {
            "time": "16.04.2021 08:53",
            "open": "6.5159",
            "high": "6.5159",
            "low": "6.5159",
            "close": "6.5334"
        },
        {
            "time": "16.04.2021 08:54",
            "open": "6.5334",
            "high": "6.5334",
            "low": "6.5334",
            "close": "6.5388"
        },
        {
            "time": "16.04.2021 08:55",
            "open": "6.5388",
            "high": "6.5388",
            "low": "6.5383",
            "close": "6.5094"
        },
        {
            "time": "16.04.2021 09:01",
            "open": "6.5094",
            "high": "6.5297",
            "low": "6.5094",
            "close": "6.516"
        },
        {
            "time": "16.04.2021 09:02",
            "open": "6.516",
            "high": "6.5161",
            "low": "6.516",
            "close": "6.51"
        },
        {
            "time": "16.04.2021 09:04",
            "open": "6.51",
            "high": "6.5101",
            "low": "6.51",
            "close": "6.4972"
        },
        {
            "time": "16.04.2021 09:06",
            "open": "6.4972",
            "high": "6.4972",
            "low": "6.4824",
            "close": "6.5036"
        },
        {
            "time": "16.04.2021 09:08",
            "open": "6.5036",
            "high": "6.5036",
            "low": "6.5036",
            "close": "6.4969"
        },
        {
            "time": "16.04.2021 09:12",
            "open": "6.4969",
            "high": "6.4969",
            "low": "6.4969",
            "close": "6.4824"
        },
        {
            "time": "16.04.2021 09:13",
            "open": "6.4824",
            "high": "6.4824",
            "low": "6.4824",
            "close": "6.4968"
        },
        {
            "time": "16.04.2021 09:14",
            "open": "6.4968",
            "high": "6.4968",
            "low": "6.4968",
            "close": "6.47"
        },
        {
            "time": "16.04.2021 09:16",
            "open": "6.47",
            "high": "6.47",
            "low": "6.47",
            "close": "6.4689"
        },
        {
            "time": "16.04.2021 09:21",
            "open": "6.4689",
            "high": "6.4689",
            "low": "6.4689",
            "close": "6.47"
        },
        {
            "time": "16.04.2021 09:23",
            "open": "6.47",
            "high": "6.47",
            "low": "6.47",
            "close": "6.4849"
        },
        {
            "time": "16.04.2021 09:25",
            "open": "6.4849",
            "high": "6.4959",
            "low": "6.4849",
            "close": "6.5024"
        },
        {
            "time": "16.04.2021 09:27",
            "open": "6.5024",
            "high": "6.5024",
            "low": "6.4986",
            "close": "6.509"
        },
        {
            "time": "16.04.2021 09:31",
            "open": "6.509",
            "high": "6.509",
            "low": "6.509",
            "close": "6.515"
        },
        {
            "time": "16.04.2021 09:35",
            "open": "6.515",
            "high": "6.515",
            "low": "6.515",
            "close": "6.5445"
        },
        {
            "time": "16.04.2021 09:40",
            "open": "6.5445",
            "high": "6.5445",
            "low": "6.5445",
            "close": "6.5445"
        },
        {
            "time": "16.04.2021 09:41",
            "open": "6.5445",
            "high": "6.5445",
            "low": "6.5445",
            "close": "6.5639"
        },
        {
            "time": "16.04.2021 09:42",
            "open": "6.5639",
            "high": "6.5696",
            "low": "6.5639",
            "close": "6.5585"
        },
        {
            "time": "16.04.2021 09:46",
            "open": "6.5585",
            "high": "6.5585",
            "low": "6.5585",
            "close": "6.55"
        },
        {
            "time": "16.04.2021 09:50",
            "open": "6.55",
            "high": "6.55",
            "low": "6.55",
            "close": "6.5434"
        },
        {
            "time": "16.04.2021 09:53",
            "open": "6.5434",
            "high": "6.5434",
            "low": "6.5434",
            "close": "6.5446"
        },
        {
            "time": "16.04.2021 09:55",
            "open": "6.5446",
            "high": "6.5446",
            "low": "6.5434",
            "close": "6.5433"
        },
        {
            "time": "16.04.2021 10:00",
            "open": "6.5433",
            "high": "6.5562",
            "low": "6.5433",
            "close": "6.529"
        },
        {
            "time": "16.04.2021 10:07",
            "open": "6.529",
            "high": "6.529",
            "low": "6.529",
            "close": "6.534"
        },
        {
            "time": "16.04.2021 10:08",
            "open": "6.534",
            "high": "6.5436",
            "low": "6.534",
            "close": "6.5565"
        },
        {
            "time": "16.04.2021 10:10",
            "open": "6.5565",
            "high": "6.5565",
            "low": "6.5565",
            "close": "6.5679"
        },
        {
            "time": "16.04.2021 10:13",
            "open": "6.5679",
            "high": "6.5679",
            "low": "6.5679",
            "close": "6.5679"
        },
        {
            "time": "16.04.2021 10:17",
            "open": "6.5679",
            "high": "6.5814",
            "low": "6.5679",
            "close": "6.5788"
        },
        {
            "time": "16.04.2021 10:22",
            "open": "6.5788",
            "high": "6.5788",
            "low": "6.5788",
            "close": "6.5732"
        },
        {
            "time": "16.04.2021 10:27",
            "open": "6.5732",
            "high": "6.5733",
            "low": "6.5732",
            "close": "6.5733"
        },
        {
            "time": "16.04.2021 10:29",
            "open": "6.5733",
            "high": "6.5733",
            "low": "6.5733",
            "close": "6.5465"
        },
        {
            "time": "16.04.2021 10:30",
            "open": "6.5465",
            "high": "6.561",
            "low": "6.5353",
            "close": "6.5388"
        },
        {
            "time": "16.04.2021 10:36",
            "open": "6.5388",
            "high": "6.5388",
            "low": "6.5388",
            "close": "6.5261"
        },
        {
            "time": "16.04.2021 10:39",
            "open": "6.5261",
            "high": "6.5271",
            "low": "6.5059",
            "close": "6.5251"
        },
        {
            "time": "16.04.2021 10:40",
            "open": "6.5251",
            "high": "6.5251",
            "low": "6.5251",
            "close": "6.5279"
        },
        {
            "time": "16.04.2021 10:44",
            "open": "6.5279",
            "high": "6.5279",
            "low": "6.5265",
            "close": "6.5198"
        },
        {
            "time": "16.04.2021 10:47",
            "open": "6.5198",
            "high": "6.5198",
            "low": "6.5198",
            "close": "6.5195"
        },
        {
            "time": "16.04.2021 10:48",
            "open": "6.5195",
            "high": "6.5195",
            "low": "6.5195",
            "close": "6.5064"
        },
        {
            "time": "16.04.2021 10:54",
            "open": "6.5064",
            "high": "6.5064",
            "low": "6.5064",
            "close": "6.5011"
        },
        {
            "time": "16.04.2021 10:59",
            "open": "6.5011",
            "high": "6.5074",
            "low": "6.5011",
            "close": "6.4836"
        },
        {
            "time": "16.04.2021 11:09",
            "open": "6.4836",
            "high": "6.4836",
            "low": "6.4836",
            "close": "6.4573"
        },
        {
            "time": "16.04.2021 11:13",
            "open": "6.4573",
            "high": "6.4573",
            "low": "6.4573",
            "close": "6.4706"
        },
        {
            "time": "16.04.2021 11:18",
            "open": "6.4706",
            "high": "6.4706",
            "low": "6.4706",
            "close": "6.4572"
        },
        {
            "time": "16.04.2021 11:19",
            "open": "6.4572",
            "high": "6.4572",
            "low": "6.4572",
            "close": "6.4496"
        },
        {
            "time": "16.04.2021 11:26",
            "open": "6.4496",
            "high": "6.4496",
            "low": "6.4468",
            "close": "6.4"
        },
        {
            "time": "16.04.2021 11:35",
            "open": "6.4",
            "high": "6.4",
            "low": "6.3696",
            "close": "6.3688"
        },
        {
            "time": "16.04.2021 11:36",
            "open": "6.3688",
            "high": "6.398",
            "low": "6.3374",
            "close": "6.3746"
        },
        {
            "time": "16.04.2021 11:37",
            "open": "6.3746",
            "high": "6.398",
            "low": "6.3746",
            "close": "6.41"
        },
        {
            "time": "16.04.2021 11:38",
            "open": "6.41",
            "high": "6.41",
            "low": "6.41",
            "close": "6.4167"
        },
        {
            "time": "16.04.2021 11:40",
            "open": "6.4167",
            "high": "6.4168",
            "low": "6.4167",
            "close": "6.3809"
        },
        {
            "time": "16.04.2021 11:44",
            "open": "6.3809",
            "high": "6.3809",
            "low": "6.379",
            "close": "6.3785"
        },
        {
            "time": "16.04.2021 11:45",
            "open": "6.3785",
            "high": "6.3854",
            "low": "6.3785",
            "close": "6.3935"
        },
        {
            "time": "16.04.2021 11:46",
            "open": "6.3935",
            "high": "6.3935",
            "low": "6.3935",
            "close": "6.4035"
        },
        {
            "time": "16.04.2021 11:48",
            "open": "6.4035",
            "high": "6.4035",
            "low": "6.395",
            "close": "6.4036"
        },
        {
            "time": "16.04.2021 11:50",
            "open": "6.4036",
            "high": "6.4036",
            "low": "6.4036",
            "close": "6.3888"
        },
        {
            "time": "16.04.2021 11:52",
            "open": "6.3888",
            "high": "6.3888",
            "low": "6.3888",
            "close": "6.4013"
        },
        {
            "time": "16.04.2021 11:55",
            "open": "6.4013",
            "high": "6.4053",
            "low": "6.4013",
            "close": "6.4111"
        },
        {
            "time": "16.04.2021 11:57",
            "open": "6.4111",
            "high": "6.4111",
            "low": "6.4111",
            "close": "6.4132"
        },
        {
            "time": "16.04.2021 11:58",
            "open": "6.4132",
            "high": "6.4132",
            "low": "6.4132",
            "close": "6.4119"
        },
        {
            "time": "16.04.2021 11:59",
            "open": "6.4119",
            "high": "6.4119",
            "low": "6.4119",
            "close": "6.38"
        },
        {
            "time": "16.04.2021 12:01",
            "open": "6.38",
            "high": "6.38",
            "low": "6.38",
            "close": "6.4114"
        },
        {
            "time": "16.04.2021 12:03",
            "open": "6.4114",
            "high": "6.4114",
            "low": "6.4114",
            "close": "6.3927"
        },
        {
            "time": "16.04.2021 12:04",
            "open": "6.3927",
            "high": "6.3952",
            "low": "6.3927",
            "close": "6.4234"
        },
        {
            "time": "16.04.2021 12:06",
            "open": "6.4234",
            "high": "6.4234",
            "low": "6.4234",
            "close": "6.425"
        },
        {
            "time": "16.04.2021 12:08",
            "open": "6.425",
            "high": "6.425",
            "low": "6.425",
            "close": "6.4174"
        },
        {
            "time": "16.04.2021 12:13",
            "open": "6.4174",
            "high": "6.4325",
            "low": "6.4174",
            "close": "6.4413"
        },
        {
            "time": "16.04.2021 12:14",
            "open": "6.4413",
            "high": "6.4413",
            "low": "6.4413",
            "close": "6.4385"
        },
        {
            "time": "16.04.2021 12:15",
            "open": "6.4385",
            "high": "6.4397",
            "low": "6.4385",
            "close": "6.4385"
        },
        {
            "time": "16.04.2021 12:17",
            "open": "6.4385",
            "high": "6.4385",
            "low": "6.4385",
            "close": "6.4255"
        },
        {
            "time": "16.04.2021 12:20",
            "open": "6.4255",
            "high": "6.4255",
            "low": "6.4255",
            "close": "6.4376"
        },
        {
            "time": "16.04.2021 12:24",
            "open": "6.4376",
            "high": "6.4376",
            "low": "6.4376",
            "close": "6.4255"
        },
        {
            "time": "16.04.2021 12:25",
            "open": "6.4255",
            "high": "6.4255",
            "low": "6.4255",
            "close": "6.4303"
        },
        {
            "time": "16.04.2021 12:27",
            "open": "6.4303",
            "high": "6.4475",
            "low": "6.4303",
            "close": "6.4093"
        },
        {
            "time": "16.04.2021 12:31",
            "open": "6.4093",
            "high": "6.4093",
            "low": "6.4093",
            "close": "6.4"
        },
        {
            "time": "16.04.2021 12:33",
            "open": "6.4",
            "high": "6.4",
            "low": "6.4",
            "close": "6.38"
        },
        {
            "time": "16.04.2021 12:39",
            "open": "6.38",
            "high": "6.38",
            "low": "6.3674",
            "close": "6.378"
        },
        {
            "time": "16.04.2021 12:40",
            "open": "6.378",
            "high": "6.378",
            "low": "6.378",
            "close": "6.3452"
        },
        {
            "time": "16.04.2021 12:42",
            "open": "6.3452",
            "high": "6.3452",
            "low": "6.3449",
            "close": "6.3423"
        },
        {
            "time": "16.04.2021 12:45",
            "open": "6.3423",
            "high": "6.3423",
            "low": "6.3423",
            "close": "6.3423"
        },
        {
            "time": "16.04.2021 12:46",
            "open": "6.3423",
            "high": "6.3423",
            "low": "6.3423",
            "close": "6.334"
        },
        {
            "time": "16.04.2021 12:47",
            "open": "6.334",
            "high": "6.3422",
            "low": "6.3331",
            "close": "6.3558"
        },
        {
            "time": "16.04.2021 12:48",
            "open": "6.3558",
            "high": "6.3558",
            "low": "6.3558",
            "close": "6.3431"
        },
        {
            "time": "16.04.2021 12:55",
            "open": "6.3431",
            "high": "6.3431",
            "low": "6.3431",
            "close": "6.3227"
        },
        {
            "time": "16.04.2021 12:57",
            "open": "6.3227",
            "high": "6.3227",
            "low": "6.3124",
            "close": "6.3121"
        },
        {
            "time": "16.04.2021 12:58",
            "open": "6.3121",
            "high": "6.3121",
            "low": "6.2904",
            "close": "6.3126"
        },
        {
            "time": "16.04.2021 12:59",
            "open": "6.3126",
            "high": "6.3126",
            "low": "6.3126",
            "close": "6.3208"
        },
        {
            "time": "16.04.2021 13:00",
            "open": "6.3208",
            "high": "6.3266",
            "low": "6.3208",
            "close": "6.31"
        },
        {
            "time": "16.04.2021 13:12",
            "open": "6.31",
            "high": "6.31",
            "low": "6.31",
            "close": "6.29"
        },
        {
            "time": "16.04.2021 13:17",
            "open": "6.29",
            "high": "6.2952",
            "low": "6.29",
            "close": "6.29"
        },
        {
            "time": "16.04.2021 13:18",
            "open": "6.29",
            "high": "6.29",
            "low": "6.2821",
            "close": "6.2777"
        },
        {
            "time": "16.04.2021 13:19",
            "open": "6.2777",
            "high": "6.2777",
            "low": "6.2777",
            "close": "6.2676"
        },
        {
            "time": "16.04.2021 13:20",
            "open": "6.2676",
            "high": "6.2676",
            "low": "6.2332",
            "close": "6.2383"
        },
        {
            "time": "16.04.2021 13:21",
            "open": "6.2383",
            "high": "6.2383",
            "low": "6.2382",
            "close": "6.2321"
        },
        {
            "time": "16.04.2021 13:22",
            "open": "6.2321",
            "high": "6.2321",
            "low": "6.2321",
            "close": "6.2647"
        },
        {
            "time": "16.04.2021 13:23",
            "open": "6.2647",
            "high": "6.2647",
            "low": "6.2647",
            "close": "6.2653"
        },
        {
            "time": "16.04.2021 13:25",
            "open": "6.2653",
            "high": "6.2712",
            "low": "6.2653",
            "close": "6.2851"
        },
        {
            "time": "16.04.2021 13:28",
            "open": "6.2851",
            "high": "6.3316",
            "low": "6.2851",
            "close": "6.3411"
        },
        {
            "time": "16.04.2021 13:30",
            "open": "6.3411",
            "high": "6.3411",
            "low": "6.333",
            "close": "6.3279"
        },
        {
            "time": "16.04.2021 13:31",
            "open": "6.3279",
            "high": "6.3362",
            "low": "6.3279",
            "close": "6.3144"
        },
        {
            "time": "16.04.2021 13:34",
            "open": "6.3144",
            "high": "6.3144",
            "low": "6.3144",
            "close": "6.327"
        },
        {
            "time": "16.04.2021 13:35",
            "open": "6.327",
            "high": "6.3469",
            "low": "6.327",
            "close": "6.3504"
        },
        {
            "time": "16.04.2021 13:36",
            "open": "6.3504",
            "high": "6.3504",
            "low": "6.3503",
            "close": "6.352"
        },
        {
            "time": "16.04.2021 13:38",
            "open": "6.352",
            "high": "6.3525",
            "low": "6.3501",
            "close": "6.3441"
        },
        {
            "time": "16.04.2021 13:40",
            "open": "6.3441",
            "high": "6.3441",
            "low": "6.3441",
            "close": "6.3615"
        },
        {
            "time": "16.04.2021 13:42",
            "open": "6.3615",
            "high": "6.3615",
            "low": "6.3615",
            "close": "6.3638"
        },
        {
            "time": "16.04.2021 13:44",
            "open": "6.3638",
            "high": "6.3684",
            "low": "6.3638",
            "close": "6.3653"
        },
        {
            "time": "16.04.2021 13:49",
            "open": "6.3653",
            "high": "6.3653",
            "low": "6.3653",
            "close": "6.3677"
        },
        {
            "time": "16.04.2021 13:51",
            "open": "6.3677",
            "high": "6.3728",
            "low": "6.3677",
            "close": "6.3713"
        },
        {
            "time": "16.04.2021 13:54",
            "open": "6.3713",
            "high": "6.3713",
            "low": "6.3713",
            "close": "6.3609"
        },
        {
            "time": "16.04.2021 14:00",
            "open": "6.3609",
            "high": "6.3609",
            "low": "6.3609",
            "close": "6.3552"
        },
        {
            "time": "16.04.2021 14:02",
            "open": "6.3552",
            "high": "6.3552",
            "low": "6.3552",
            "close": "6.3615"
        },
        {
            "time": "16.04.2021 14:04",
            "open": "6.3615",
            "high": "6.3615",
            "low": "6.3494",
            "close": "6.3619"
        },
        {
            "time": "16.04.2021 14:05",
            "open": "6.3619",
            "high": "6.3619",
            "low": "6.3619",
            "close": "6.3488"
        },
        {
            "time": "16.04.2021 14:06",
            "open": "6.3488",
            "high": "6.3488",
            "low": "6.3488",
            "close": "6.3523"
        },
        {
            "time": "16.04.2021 14:08",
            "open": "6.3523",
            "high": "6.3523",
            "low": "6.3523",
            "close": "6.3499"
        },
        {
            "time": "16.04.2021 14:11",
            "open": "6.3499",
            "high": "6.3707",
            "low": "6.3499",
            "close": "6.373"
        },
        {
            "time": "16.04.2021 14:12",
            "open": "6.373",
            "high": "6.3817",
            "low": "6.373",
            "close": "6.3816"
        },
        {
            "time": "16.04.2021 14:14",
            "open": "6.3816",
            "high": "6.3816",
            "low": "6.3816",
            "close": "6.368"
        },
        {
            "time": "16.04.2021 14:19",
            "open": "6.368",
            "high": "6.368",
            "low": "6.3535",
            "close": "6.3335"
        },
        {
            "time": "16.04.2021 14:24",
            "open": "6.3335",
            "high": "6.3335",
            "low": "6.3309",
            "close": "6.4116"
        },
        {
            "time": "16.04.2021 14:42",
            "open": "6.4116",
            "high": "6.4116",
            "low": "6.4116",
            "close": "6.3947"
        },
        {
            "time": "16.04.2021 14:48",
            "open": "6.3947",
            "high": "6.3947",
            "low": "6.3947",
            "close": "6.401"
        },
        {
            "time": "16.04.2021 14:52",
            "open": "6.401",
            "high": "6.4039",
            "low": "6.401",
            "close": "6.3309"
        },
        {
            "time": "16.04.2021 15:00",
            "open": "6.3309",
            "high": "6.3309",
            "low": "6.3298",
            "close": "6.33"
        },
        {
            "time": "16.04.2021 15:02",
            "open": "6.33",
            "high": "6.3301",
            "low": "6.33",
            "close": "6.357"
        },
        {
            "time": "16.04.2021 15:03",
            "open": "6.357",
            "high": "6.357",
            "low": "6.357",
            "close": "6.3313"
        },
        {
            "time": "16.04.2021 15:06",
            "open": "6.3313",
            "high": "6.3314",
            "low": "6.3255",
            "close": "6.3167"
        },
        {
            "time": "16.04.2021 15:07",
            "open": "6.3167",
            "high": "6.3184",
            "low": "6.291",
            "close": "6.306"
        },
        {
            "time": "16.04.2021 15:08",
            "open": "6.306",
            "high": "6.306",
            "low": "6.306",
            "close": "6.3282"
        },
        {
            "time": "16.04.2021 15:09",
            "open": "6.3282",
            "high": "6.3282",
            "low": "6.3282",
            "close": "6.3414"
        },
        {
            "time": "16.04.2021 15:22",
            "open": "6.3414",
            "high": "6.3574",
            "low": "6.3414",
            "close": "6.3304"
        },
        {
            "time": "16.04.2021 15:26",
            "open": "6.3304",
            "high": "6.3304",
            "low": "6.3304",
            "close": "6.34"
        },
        {
            "time": "16.04.2021 15:29",
            "open": "6.34",
            "high": "6.34",
            "low": "6.34",
            "close": "6.38"
        },
        {
            "time": "16.04.2021 15:33",
            "open": "6.38",
            "high": "6.3964",
            "low": "6.38",
            "close": "6.34"
        },
        {
            "time": "16.04.2021 15:40",
            "open": "6.34",
            "high": "6.34",
            "low": "6.3243",
            "close": "6.2956"
        },
        {
            "time": "16.04.2021 15:43",
            "open": "6.2956",
            "high": "6.2959",
            "low": "6.2956",
            "close": "6.3187"
        },
        {
            "time": "16.04.2021 15:44",
            "open": "6.3187",
            "high": "6.3187",
            "low": "6.3187",
            "close": "6.248"
        },
        {
            "time": "16.04.2021 15:48",
            "open": "6.248",
            "high": "6.248",
            "low": "6.2258",
            "close": "6.2306"
        },
        {
            "time": "16.04.2021 15:49",
            "open": "6.2306",
            "high": "6.233",
            "low": "6.2306",
            "close": "6.2277"
        },
        {
            "time": "16.04.2021 15:50",
            "open": "6.2277",
            "high": "6.2277",
            "low": "6.2",
            "close": "6.2"
        },
        {
            "time": "16.04.2021 15:51",
            "open": "6.2",
            "high": "6.2",
            "low": "6.15",
            "close": "6.1815"
        },
        {
            "time": "16.04.2021 15:52",
            "open": "6.1815",
            "high": "6.1815",
            "low": "6.1815",
            "close": "6.1945"
        },
        {
            "time": "16.04.2021 15:53",
            "open": "6.1945",
            "high": "6.2124",
            "low": "6.1945",
            "close": "6.2299"
        },
        {
            "time": "16.04.2021 15:54",
            "open": "6.2299",
            "high": "6.2439",
            "low": "6.2289",
            "close": "6.2346"
        },
        {
            "time": "16.04.2021 15:55",
            "open": "6.2346",
            "high": "6.2417",
            "low": "6.2346",
            "close": "6.2686"
        },
        {
            "time": "16.04.2021 15:56",
            "open": "6.2686",
            "high": "6.2686",
            "low": "6.243",
            "close": "6.2492"
        },
        {
            "time": "16.04.2021 15:57",
            "open": "6.2492",
            "high": "6.2492",
            "low": "6.2275",
            "close": "6.21"
        },
        {
            "time": "16.04.2021 15:58",
            "open": "6.21",
            "high": "6.21",
            "low": "6.2098",
            "close": "6.1963"
        },
        {
            "time": "16.04.2021 15:59",
            "open": "6.1963",
            "high": "6.2437",
            "low": "6.1963",
            "close": "6.2424"
        },
        {
            "time": "16.04.2021 16:00",
            "open": "6.2424",
            "high": "6.244",
            "low": "6.2424",
            "close": "6.22"
        },
        {
            "time": "16.04.2021 16:01",
            "open": "6.22",
            "high": "6.22",
            "low": "6.22",
            "close": "6.2204"
        },
        {
            "time": "16.04.2021 16:02",
            "open": "6.2204",
            "high": "6.2803",
            "low": "6.2204",
            "close": "6.2737"
        },
        {
            "time": "16.04.2021 16:03",
            "open": "6.2737",
            "high": "6.2737",
            "low": "6.2737",
            "close": "6.2991"
        },
        {
            "time": "16.04.2021 16:06",
            "open": "6.2991",
            "high": "6.2991",
            "low": "6.2937",
            "close": "6.3047"
        },
        {
            "time": "16.04.2021 16:07",
            "open": "6.3047",
            "high": "6.3113",
            "low": "6.3047",
            "close": "6.3151"
        },
        {
            "time": "16.04.2021 16:16",
            "open": "6.3151",
            "high": "6.3156",
            "low": "6.3049",
            "close": "6.3031"
        },
        {
            "time": "16.04.2021 16:17",
            "open": "6.3031",
            "high": "6.3031",
            "low": "6.3031",
            "close": "6.3415"
        },
        {
            "time": "16.04.2021 16:24",
            "open": "6.3415",
            "high": "6.3788",
            "low": "6.3415",
            "close": "6.3573"
        },
        {
            "time": "16.04.2021 16:25",
            "open": "6.3573",
            "high": "6.3573",
            "low": "6.3573",
            "close": "6.3502"
        },
        {
            "time": "16.04.2021 16:29",
            "open": "6.3502",
            "high": "6.3502",
            "low": "6.3502",
            "close": "6.3464"
        },
        {
            "time": "16.04.2021 16:30",
            "open": "6.3464",
            "high": "6.3668",
            "low": "6.3464",
            "close": "6.3714"
        },
        {
            "time": "16.04.2021 16:31",
            "open": "6.3714",
            "high": "6.3782",
            "low": "6.3714",
            "close": "6.3786"
        },
        {
            "time": "16.04.2021 16:32",
            "open": "6.3786",
            "high": "6.3786",
            "low": "6.3785",
            "close": "6.3819"
        },
        {
            "time": "16.04.2021 16:33",
            "open": "6.3819",
            "high": "6.4122",
            "low": "6.3819",
            "close": "6.3956"
        },
        {
            "time": "16.04.2021 16:34",
            "open": "6.3956",
            "high": "6.4068",
            "low": "6.3956",
            "close": "6.376"
        },
        {
            "time": "16.04.2021 16:37",
            "open": "6.376",
            "high": "6.376",
            "low": "6.3758",
            "close": "6.3782"
        },
        {
            "time": "16.04.2021 16:39",
            "open": "6.3782",
            "high": "6.3782",
            "low": "6.3782",
            "close": "6.3768"
        },
        {
            "time": "16.04.2021 16:40",
            "open": "6.3768",
            "high": "6.3768",
            "low": "6.3768",
            "close": "6.4026"
        },
        {
            "time": "16.04.2021 16:45",
            "open": "6.4026",
            "high": "6.4026",
            "low": "6.4026",
            "close": "6.4063"
        },
        {
            "time": "16.04.2021 16:46",
            "open": "6.4063",
            "high": "6.4076",
            "low": "6.4063",
            "close": "6.4046"
        },
        {
            "time": "16.04.2021 16:49",
            "open": "6.4046",
            "high": "6.4046",
            "low": "6.4046",
            "close": "6.39"
        },
        {
            "time": "16.04.2021 16:53",
            "open": "6.39",
            "high": "6.39",
            "low": "6.39",
            "close": "6.4043"
        },
        {
            "time": "16.04.2021 16:58",
            "open": "6.4043",
            "high": "6.4043",
            "low": "6.4043",
            "close": "6.3977"
        },
        {
            "time": "16.04.2021 17:00",
            "open": "6.3977",
            "high": "6.3977",
            "low": "6.3977",
            "close": "6.3977"
        },
        {
            "time": "16.04.2021 17:01",
            "open": "6.3977",
            "high": "6.3977",
            "low": "6.3977",
            "close": "6.4138"
        },
        {
            "time": "16.04.2021 17:07",
            "open": "6.4138",
            "high": "6.4138",
            "low": "6.4138",
            "close": "6.394"
        },
        {
            "time": "16.04.2021 17:08",
            "open": "6.394",
            "high": "6.4054",
            "low": "6.39",
            "close": "6.3896"
        },
        {
            "time": "16.04.2021 17:09",
            "open": "6.3896",
            "high": "6.392",
            "low": "6.3895",
            "close": "6.3921"
        },
        {
            "time": "16.04.2021 17:10",
            "open": "6.3921",
            "high": "6.3921",
            "low": "6.3921",
            "close": "6.3891"
        },
        {
            "time": "16.04.2021 17:11",
            "open": "6.3891",
            "high": "6.3891",
            "low": "6.38",
            "close": "6.3772"
        },
        {
            "time": "16.04.2021 17:12",
            "open": "6.3772",
            "high": "6.3772",
            "low": "6.3772",
            "close": "6.3995"
        },
        {
            "time": "16.04.2021 17:14",
            "open": "6.3995",
            "high": "6.3995",
            "low": "6.3876",
            "close": "6.3933"
        },
        {
            "time": "16.04.2021 17:22",
            "open": "6.3933",
            "high": "6.3933",
            "low": "6.3933",
            "close": "6.3843"
        },
        {
            "time": "16.04.2021 17:23",
            "open": "6.3843",
            "high": "6.3843",
            "low": "6.3843",
            "close": "6.3843"
        },
        {
            "time": "16.04.2021 17:29",
            "open": "6.3843",
            "high": "6.3948",
            "low": "6.3843",
            "close": "6.3889"
        },
        {
            "time": "16.04.2021 17:30",
            "open": "6.3889",
            "high": "6.3947",
            "low": "6.3889",
            "close": "6.423"
        },
        {
            "time": "16.04.2021 17:32",
            "open": "6.423",
            "high": "6.43",
            "low": "6.423",
            "close": "6.4467"
        },
        {
            "time": "16.04.2021 17:34",
            "open": "6.4467",
            "high": "6.45",
            "low": "6.4467",
            "close": "6.4493"
        },
        {
            "time": "16.04.2021 17:36",
            "open": "6.4493",
            "high": "6.4493",
            "low": "6.4493",
            "close": "6.4402"
        },
        {
            "time": "16.04.2021 17:40",
            "open": "6.4402",
            "high": "6.4402",
            "low": "6.4402",
            "close": "6.4501"
        },
        {
            "time": "16.04.2021 17:44",
            "open": "6.4501",
            "high": "6.4501",
            "low": "6.45",
            "close": "6.4398"
        },
        {
            "time": "16.04.2021 17:46",
            "open": "6.4398",
            "high": "6.4398",
            "low": "6.4322",
            "close": "6.4792"
        },
        {
            "time": "16.04.2021 17:50",
            "open": "6.4792",
            "high": "6.4794",
            "low": "6.4792",
            "close": "6.4944"
        },
        {
            "time": "16.04.2021 17:55",
            "open": "6.4944",
            "high": "6.4977",
            "low": "6.4944",
            "close": "6.4897"
        },
        {
            "time": "16.04.2021 17:58",
            "open": "6.4897",
            "high": "6.4897",
            "low": "6.4897",
            "close": "6.5"
        },
        {
            "time": "16.04.2021 18:00",
            "open": "6.5",
            "high": "6.5",
            "low": "6.4972",
            "close": "6.486"
        },
        {
            "time": "16.04.2021 18:02",
            "open": "6.486",
            "high": "6.486",
            "low": "6.486",
            "close": "6.4751"
        },
        {
            "time": "16.04.2021 18:04",
            "open": "6.4751",
            "high": "6.4751",
            "low": "6.4751",
            "close": "6.47"
        },
        {
            "time": "16.04.2021 18:06",
            "open": "6.47",
            "high": "6.47",
            "low": "6.47",
            "close": "6.4551"
        },
        {
            "time": "16.04.2021 18:08",
            "open": "6.4551",
            "high": "6.4551",
            "low": "6.4539",
            "close": "6.4613"
        },
        {
            "time": "16.04.2021 18:12",
            "open": "6.4613",
            "high": "6.4613",
            "low": "6.4613",
            "close": "6.4552"
        },
        {
            "time": "16.04.2021 18:15",
            "open": "6.4552",
            "high": "6.4612",
            "low": "6.4552",
            "close": "6.4601"
        },
        {
            "time": "16.04.2021 18:18",
            "open": "6.4601",
            "high": "6.4601",
            "low": "6.4601",
            "close": "6.4582"
        },
        {
            "time": "16.04.2021 18:19",
            "open": "6.4582",
            "high": "6.4582",
            "low": "6.4579",
            "close": "6.4496"
        },
        {
            "time": "16.04.2021 18:20",
            "open": "6.4496",
            "high": "6.4496",
            "low": "6.4478",
            "close": "6.4429"
        },
        {
            "time": "16.04.2021 18:23",
            "open": "6.4429",
            "high": "6.4429",
            "low": "6.4429",
            "close": "6.4574"
        },
        {
            "time": "16.04.2021 18:24",
            "open": "6.4574",
            "high": "6.4587",
            "low": "6.4557",
            "close": "6.4656"
        },
        {
            "time": "16.04.2021 18:31",
            "open": "6.4656",
            "high": "6.4656",
            "low": "6.4656",
            "close": "6.479"
        },
        {
            "time": "16.04.2021 18:35",
            "open": "6.479",
            "high": "6.479",
            "low": "6.479",
            "close": "6.4702"
        },
        {
            "time": "16.04.2021 18:37",
            "open": "6.4702",
            "high": "6.4702",
            "low": "6.4702",
            "close": "6.4879"
        },
        {
            "time": "16.04.2021 18:44",
            "open": "6.4879",
            "high": "6.488",
            "low": "6.4879",
            "close": "6.5001"
        },
        {
            "time": "16.04.2021 18:45",
            "open": "6.5001",
            "high": "6.5001",
            "low": "6.5001",
            "close": "6.5017"
        },
        {
            "time": "16.04.2021 18:47",
            "open": "6.5017",
            "high": "6.5017",
            "low": "6.4955",
            "close": "6.5073"
        },
        {
            "time": "16.04.2021 18:49",
            "open": "6.5073",
            "high": "6.5073",
            "low": "6.5073",
            "close": "6.5073"
        },
        {
            "time": "16.04.2021 18:59",
            "open": "6.5073",
            "high": "6.5252",
            "low": "6.5073",
            "close": "6.5144"
        },
        {
            "time": "16.04.2021 19:00",
            "open": "6.5144",
            "high": "6.5144",
            "low": "6.5144",
            "close": "6.5226"
        },
        {
            "time": "16.04.2021 19:01",
            "open": "6.5226",
            "high": "6.5226",
            "low": "6.5226",
            "close": "6.5226"
        },
        {
            "time": "16.04.2021 19:02",
            "open": "6.5226",
            "high": "6.5226",
            "low": "6.5195",
            "close": "6.5228"
        },
        {
            "time": "16.04.2021 19:08",
            "open": "6.5228",
            "high": "6.5228",
            "low": "6.5228",
            "close": "6.5209"
        },
        {
            "time": "16.04.2021 19:09",
            "open": "6.5209",
            "high": "6.5322",
            "low": "6.5209",
            "close": "6.5233"
        },
        {
            "time": "16.04.2021 19:14",
            "open": "6.5233",
            "high": "6.5233",
            "low": "6.5233",
            "close": "6.5237"
        },
        {
            "time": "16.04.2021 19:22",
            "open": "6.5237",
            "high": "6.5237",
            "low": "6.5237",
            "close": "6.5113"
        },
        {
            "time": "16.04.2021 19:24",
            "open": "6.5113",
            "high": "6.5113",
            "low": "6.5113",
            "close": "6.5146"
        },
        {
            "time": "16.04.2021 19:30",
            "open": "6.5146",
            "high": "6.5146",
            "low": "6.5146",
            "close": "6.5216"
        },
        {
            "time": "16.04.2021 19:32",
            "open": "6.5216",
            "high": "6.5216",
            "low": "6.5216",
            "close": "6.5121"
        },
        {
            "time": "16.04.2021 19:33",
            "open": "6.5121",
            "high": "6.5127",
            "low": "6.5121",
            "close": "6.4872"
        },
        {
            "time": "16.04.2021 19:41",
            "open": "6.4872",
            "high": "6.4872",
            "low": "6.4872",
            "close": "6.4929"
        },
        {
            "time": "16.04.2021 19:47",
            "open": "6.4929",
            "high": "6.4929",
            "low": "6.4929",
            "close": "6.5104"
        },
        {
            "time": "16.04.2021 19:48",
            "open": "6.5104",
            "high": "6.5104",
            "low": "6.4957",
            "close": "6.5105"
        },
        {
            "time": "16.04.2021 19:50",
            "open": "6.5105",
            "high": "6.5105",
            "low": "6.5105",
            "close": "6.5105"
        },
        {
            "time": "16.04.2021 19:55",
            "open": "6.5105",
            "high": "6.5105",
            "low": "6.5105",
            "close": "6.498"
        },
        {
            "time": "16.04.2021 19:56",
            "open": "6.498",
            "high": "6.498",
            "low": "6.498",
            "close": "6.4871"
        },
        {
            "time": "16.04.2021 20:04",
            "open": "6.4871",
            "high": "6.4871",
            "low": "6.4871",
            "close": "6.4641"
        },
        {
            "time": "16.04.2021 20:07",
            "open": "6.4641",
            "high": "6.4641",
            "low": "6.446",
            "close": "6.4587"
        },
        {
            "time": "16.04.2021 20:08",
            "open": "6.4587",
            "high": "6.4587",
            "low": "6.4586",
            "close": "6.4586"
        },
        {
            "time": "16.04.2021 20:09",
            "open": "6.4586",
            "high": "6.4586",
            "low": "6.4586",
            "close": "6.4629"
        },
        {
            "time": "16.04.2021 20:10",
            "open": "6.4629",
            "high": "6.4629",
            "low": "6.4629",
            "close": "6.4629"
        },
        {
            "time": "16.04.2021 20:12",
            "open": "6.4629",
            "high": "6.4629",
            "low": "6.4629",
            "close": "6.4519"
        },
        {
            "time": "16.04.2021 20:13",
            "open": "6.4519",
            "high": "6.4519",
            "low": "6.4519",
            "close": "6.4519"
        },
        {
            "time": "16.04.2021 20:18",
            "open": "6.4519",
            "high": "6.4519",
            "low": "6.4519",
            "close": "6.4198"
        },
        {
            "time": "16.04.2021 20:21",
            "open": "6.4198",
            "high": "6.4198",
            "low": "6.4108",
            "close": "6.4399"
        },
        {
            "time": "16.04.2021 20:22",
            "open": "6.4399",
            "high": "6.4402",
            "low": "6.4399",
            "close": "6.4412"
        },
        {
            "time": "16.04.2021 20:32",
            "open": "6.4412",
            "high": "6.4412",
            "low": "6.4412",
            "close": "6.4516"
        },
        {
            "time": "16.04.2021 20:38",
            "open": "6.4516",
            "high": "6.4522",
            "low": "6.4516",
            "close": "6.4422"
        },
        {
            "time": "16.04.2021 20:41",
            "open": "6.4422",
            "high": "6.4422",
            "low": "6.4422",
            "close": "6.4522"
        },
        {
            "time": "16.04.2021 20:46",
            "open": "6.4522",
            "high": "6.4522",
            "low": "6.4522",
            "close": "6.5097"
        },
        {
            "time": "16.04.2021 20:48",
            "open": "6.5097",
            "high": "6.5097",
            "low": "6.5097",
            "close": "6.4905"
        },
        {
            "time": "16.04.2021 20:56",
            "open": "6.4905",
            "high": "6.4905",
            "low": "6.4905",
            "close": "6.4757"
        },
        {
            "time": "16.04.2021 21:09",
            "open": "6.4757",
            "high": "6.4757",
            "low": "6.4757",
            "close": "6.4522"
        },
        {
            "time": "16.04.2021 21:11",
            "open": "6.4522",
            "high": "6.4522",
            "low": "6.4522",
            "close": "6.454"
        },
        {
            "time": "16.04.2021 21:13",
            "open": "6.454",
            "high": "6.454",
            "low": "6.454",
            "close": "6.44"
        },
        {
            "time": "16.04.2021 21:19",
            "open": "6.44",
            "high": "6.44",
            "low": "6.44",
            "close": "6.4285"
        },
        {
            "time": "16.04.2021 21:20",
            "open": "6.4285",
            "high": "6.4285",
            "low": "6.4285",
            "close": "6.4101"
        },
        {
            "time": "16.04.2021 21:21",
            "open": "6.4101",
            "high": "6.4101",
            "low": "6.41",
            "close": "6.4396"
        },
        {
            "time": "16.04.2021 21:25",
            "open": "6.4396",
            "high": "6.4396",
            "low": "6.4396",
            "close": "6.4423"
        },
        {
            "time": "16.04.2021 21:26",
            "open": "6.4423",
            "high": "6.4423",
            "low": "6.4423",
            "close": "6.45"
        },
        {
            "time": "16.04.2021 21:48",
            "open": "6.45",
            "high": "6.45",
            "low": "6.45",
            "close": "6.4479"
        },
        {
            "time": "16.04.2021 21:50",
            "open": "6.4479",
            "high": "6.4479",
            "low": "6.4479",
            "close": "6.4553"
        },
        {
            "time": "16.04.2021 21:54",
            "open": "6.4553",
            "high": "6.4553",
            "low": "6.4553",
            "close": "6.4683"
        },
        {
            "time": "16.04.2021 21:58",
            "open": "6.4683",
            "high": "6.4683",
            "low": "6.4683",
            "close": "6.4542"
        },
        {
            "time": "16.04.2021 22:01",
            "open": "6.4542",
            "high": "6.4542",
            "low": "6.4542",
            "close": "6.4422"
        },
        {
            "time": "16.04.2021 22:04",
            "open": "6.4422",
            "high": "6.4422",
            "low": "6.4422",
            "close": "6.4654"
        },
        {
            "time": "16.04.2021 22:09",
            "open": "6.4654",
            "high": "6.4654",
            "low": "6.4654",
            "close": "6.4757"
        },
        {
            "time": "16.04.2021 22:14",
            "open": "6.4757",
            "high": "6.4868",
            "low": "6.4757",
            "close": "6.5"
        },
        {
            "time": "16.04.2021 22:32",
            "open": "6.5",
            "high": "6.5",
            "low": "6.5",
            "close": "6.5"
        },
        {
            "time": "16.04.2021 22:34",
            "open": "6.5",
            "high": "6.5",
            "low": "6.5",
            "close": "6.4998"
        },
        {
            "time": "16.04.2021 22:36",
            "open": "6.4998",
            "high": "6.4998",
            "low": "6.4998",
            "close": "6.4989"
        },
        {
            "time": "16.04.2021 22:43",
            "open": "6.4989",
            "high": "6.4989",
            "low": "6.4989",
            "close": "6.4868"
        },
        {
            "time": "16.04.2021 22:44",
            "open": "6.4868",
            "high": "6.4868",
            "low": "6.4868",
            "close": "6.5"
        },
        {
            "time": "16.04.2021 22:46",
            "open": "6.5",
            "high": "6.5",
            "low": "6.5",
            "close": "6.5"
        },
        {
            "time": "16.04.2021 22:48",
            "open": "6.5",
            "high": "6.5",
            "low": "6.5",
            "close": "6.5"
        },
        {
            "time": "16.04.2021 22:49",
            "open": "6.5",
            "high": "6.5",
            "low": "6.5",
            "close": "6.507"
        },
        {
            "time": "16.04.2021 22:50",
            "open": "6.507",
            "high": "6.507",
            "low": "6.507",
            "close": "6.507"
        },
        {
            "time": "16.04.2021 22:51",
            "open": "6.507",
            "high": "6.507",
            "low": "6.4935",
            "close": "6.5301"
        },
        {
            "time": "16.04.2021 22:56",
            "open": "6.5301",
            "high": "6.5301",
            "low": "6.5301",
            "close": "6.5366"
        },
        {
            "time": "16.04.2021 22:57",
            "open": "6.5366",
            "high": "6.538",
            "low": "6.5352",
            "close": "6.5431"
        },
        {
            "time": "16.04.2021 22:58",
            "open": "6.5431",
            "high": "6.5431",
            "low": "6.5431",
            "close": "6.5624"
        },
        {
            "time": "16.04.2021 23:02",
            "open": "6.5624",
            "high": "6.5624",
            "low": "6.5624",
            "close": "6.5624"
        },
        {
            "time": "16.04.2021 23:03",
            "open": "6.5624",
            "high": "6.5624",
            "low": "6.5624",
            "close": "6.5625"
        },
        {
            "time": "16.04.2021 23:05",
            "open": "6.5625",
            "high": "6.5625",
            "low": "6.5625",
            "close": "6.5625"
        },
        {
            "time": "16.04.2021 23:11",
            "open": "6.5625",
            "high": "6.5625",
            "low": "6.5625",
            "close": "6.5625"
        },
        {
            "time": "16.04.2021 23:13",
            "open": "6.5625",
            "high": "6.5625",
            "low": "6.5625",
            "close": "6.4982"
        },
        {
            "time": "16.04.2021 23:27",
            "open": "6.4982",
            "high": "6.4982",
            "low": "6.4982",
            "close": "6.4957"
        },
        {
            "time": "16.04.2021 23:28",
            "open": "6.4957",
            "high": "6.4957",
            "low": "6.4957",
            "close": "6.4934"
        },
        {
            "time": "16.04.2021 23:29",
            "open": "6.4934",
            "high": "6.4934",
            "low": "6.4933",
            "close": "6.4997"
        },
        {
            "time": "16.04.2021 23:42",
            "open": "6.4997",
            "high": "6.4997",
            "low": "6.4997",
            "close": "6.5145"
        },
        {
            "time": "16.04.2021 23:43",
            "open": "6.5145",
            "high": "6.5284",
            "low": "6.5145",
            "close": "6.5273"
        },
        {
            "time": "16.04.2021 23:50",
            "open": "6.5273",
            "high": "6.5273",
            "low": "6.5273",
            "close": "6.5094"
        },
        {
            "time": "16.04.2021 23:51",
            "open": "6.5094",
            "high": "6.5094",
            "low": "6.5094",
            "close": "6.5175"
        },
        {
            "time": "16.04.2021 23:53",
            "open": "6.5175",
            "high": "6.5209",
            "low": "6.5175",
            "close": "6.5086"
        }
    ]
}