{
    "BNT-EUR": [
        {
            "time": "16.06.2021 22:59",
            "open": "3.1865",
            "high": "3.1865",
            "low": "3.186",
            "close": "3.2005"
        },
        {
            "time": "17.06.2021 00:04",
            "open": "3.2005",
            "high": "3.2005",
            "low": "3.2005",
            "close": "3.2055"
        },
        {
            "time": "17.06.2021 00:12",
            "open": "3.2055",
            "high": "3.2576",
            "low": "3.2055",
            "close": "3.253"
        },
        {
            "time": "17.06.2021 00:13",
            "open": "3.253",
            "high": "3.2567",
            "low": "3.1802",
            "close": "3.2148"
        },
        {
            "time": "17.06.2021 00:14",
            "open": "3.2148",
            "high": "3.2405",
            "low": "3.2124",
            "close": "3.2235"
        },
        {
            "time": "17.06.2021 00:15",
            "open": "3.2235",
            "high": "3.2235",
            "low": "3.1732",
            "close": "3.2173"
        },
        {
            "time": "17.06.2021 00:16",
            "open": "3.2173",
            "high": "3.225",
            "low": "3.1965",
            "close": "3.1845"
        },
        {
            "time": "17.06.2021 00:17",
            "open": "3.1845",
            "high": "3.2256",
            "low": "3.1799",
            "close": "3.2295"
        },
        {
            "time": "17.06.2021 00:18",
            "open": "3.2295",
            "high": "3.2302",
            "low": "3.1757",
            "close": "3.1788"
        },
        {
            "time": "17.06.2021 00:19",
            "open": "3.1788",
            "high": "3.2135",
            "low": "3.1788",
            "close": "3.205"
        },
        {
            "time": "17.06.2021 00:20",
            "open": "3.205",
            "high": "3.205",
            "low": "3.1979",
            "close": "3.2017"
        },
        {
            "time": "17.06.2021 00:22",
            "open": "3.2017",
            "high": "3.2017",
            "low": "3.2017",
            "close": "3.1936"
        },
        {
            "time": "17.06.2021 00:27",
            "open": "3.1936",
            "high": "3.1936",
            "low": "3.1936",
            "close": "3.1843"
        },
        {
            "time": "17.06.2021 00:31",
            "open": "3.1843",
            "high": "3.1843",
            "low": "3.1843",
            "close": "3.1887"
        },
        {
            "time": "17.06.2021 00:34",
            "open": "3.1887",
            "high": "3.203",
            "low": "3.1887",
            "close": "3.1974"
        },
        {
            "time": "17.06.2021 00:35",
            "open": "3.1974",
            "high": "3.1975",
            "low": "3.1936",
            "close": "3.1936"
        },
        {
            "time": "17.06.2021 00:36",
            "open": "3.1936",
            "high": "3.1936",
            "low": "3.1774",
            "close": "3.184"
        },
        {
            "time": "17.06.2021 00:37",
            "open": "3.184",
            "high": "3.1916",
            "low": "3.184",
            "close": "3.1916"
        },
        {
            "time": "17.06.2021 00:38",
            "open": "3.1916",
            "high": "3.1916",
            "low": "3.1916",
            "close": "3.1903"
        },
        {
            "time": "17.06.2021 00:39",
            "open": "3.1903",
            "high": "3.1904",
            "low": "3.1775",
            "close": "3.1752"
        },
        {
            "time": "17.06.2021 00:40",
            "open": "3.1752",
            "high": "3.1752",
            "low": "3.1683",
            "close": "3.1748"
        },
        {
            "time": "17.06.2021 00:42",
            "open": "3.1748",
            "high": "3.188",
            "low": "3.1748",
            "close": "3.1816"
        },
        {
            "time": "17.06.2021 00:43",
            "open": "3.1816",
            "high": "3.1826",
            "low": "3.1816",
            "close": "3.1776"
        },
        {
            "time": "17.06.2021 00:44",
            "open": "3.1776",
            "high": "3.1776",
            "low": "3.1677",
            "close": "3.1642"
        },
        {
            "time": "17.06.2021 00:45",
            "open": "3.1642",
            "high": "3.1839",
            "low": "3.1642",
            "close": "3.1869"
        },
        {
            "time": "17.06.2021 00:46",
            "open": "3.1869",
            "high": "3.1869",
            "low": "3.1796",
            "close": "3.1822"
        },
        {
            "time": "17.06.2021 00:47",
            "open": "3.1822",
            "high": "3.1842",
            "low": "3.1822",
            "close": "3.1842"
        },
        {
            "time": "17.06.2021 00:48",
            "open": "3.1842",
            "high": "3.1842",
            "low": "3.1841",
            "close": "3.1842"
        },
        {
            "time": "17.06.2021 00:49",
            "open": "3.1842",
            "high": "3.1842",
            "low": "3.184",
            "close": "3.1839"
        },
        {
            "time": "17.06.2021 00:50",
            "open": "3.1839",
            "high": "3.1839",
            "low": "3.1839",
            "close": "3.155"
        },
        {
            "time": "17.06.2021 01:00",
            "open": "3.155",
            "high": "3.162",
            "low": "3.155",
            "close": "3.1719"
        },
        {
            "time": "17.06.2021 01:01",
            "open": "3.1719",
            "high": "3.1719",
            "low": "3.1702",
            "close": "3.1528"
        },
        {
            "time": "17.06.2021 01:03",
            "open": "3.1528",
            "high": "3.1528",
            "low": "3.1483",
            "close": "3.1472"
        },
        {
            "time": "17.06.2021 01:15",
            "open": "3.1472",
            "high": "3.1472",
            "low": "3.1472",
            "close": "3.1391"
        },
        {
            "time": "17.06.2021 01:17",
            "open": "3.1391",
            "high": "3.1391",
            "low": "3.1391",
            "close": "3.1368"
        },
        {
            "time": "17.06.2021 01:24",
            "open": "3.1368",
            "high": "3.1368",
            "low": "3.1368",
            "close": "3.1359"
        },
        {
            "time": "17.06.2021 01:26",
            "open": "3.1359",
            "high": "3.1359",
            "low": "3.1359",
            "close": "3.1298"
        },
        {
            "time": "17.06.2021 01:32",
            "open": "3.1298",
            "high": "3.1457",
            "low": "3.1298",
            "close": "3.1393"
        },
        {
            "time": "17.06.2021 01:34",
            "open": "3.1393",
            "high": "3.1393",
            "low": "3.1367",
            "close": "3.1364"
        },
        {
            "time": "17.06.2021 01:38",
            "open": "3.1364",
            "high": "3.1364",
            "low": "3.1364",
            "close": "3.1522"
        },
        {
            "time": "17.06.2021 01:41",
            "open": "3.1522",
            "high": "3.1522",
            "low": "3.1522",
            "close": "3.1522"
        },
        {
            "time": "17.06.2021 01:42",
            "open": "3.1522",
            "high": "3.1522",
            "low": "3.1522",
            "close": "3.1439"
        },
        {
            "time": "17.06.2021 01:44",
            "open": "3.1439",
            "high": "3.1439",
            "low": "3.136",
            "close": "3.1366"
        },
        {
            "time": "17.06.2021 01:46",
            "open": "3.1366",
            "high": "3.1367",
            "low": "3.1366",
            "close": "3.1433"
        },
        {
            "time": "17.06.2021 01:49",
            "open": "3.1433",
            "high": "3.1436",
            "low": "3.1433",
            "close": "3.1367"
        },
        {
            "time": "17.06.2021 01:55",
            "open": "3.1367",
            "high": "3.1367",
            "low": "3.1367",
            "close": "3.1499"
        },
        {
            "time": "17.06.2021 01:57",
            "open": "3.1499",
            "high": "3.1499",
            "low": "3.1498",
            "close": "3.1557"
        },
        {
            "time": "17.06.2021 02:00",
            "open": "3.1557",
            "high": "3.1607",
            "low": "3.1512",
            "close": "3.1651"
        },
        {
            "time": "17.06.2021 02:01",
            "open": "3.1651",
            "high": "3.1651",
            "low": "3.1558",
            "close": "3.1533"
        },
        {
            "time": "17.06.2021 02:02",
            "open": "3.1533",
            "high": "3.1533",
            "low": "3.1497",
            "close": "3.1416"
        },
        {
            "time": "17.06.2021 02:03",
            "open": "3.1416",
            "high": "3.1509",
            "low": "3.1416",
            "close": "3.1446"
        },
        {
            "time": "17.06.2021 02:04",
            "open": "3.1446",
            "high": "3.1447",
            "low": "3.1446",
            "close": "3.1478"
        },
        {
            "time": "17.06.2021 02:05",
            "open": "3.1478",
            "high": "3.1573",
            "low": "3.1478",
            "close": "3.1659"
        },
        {
            "time": "17.06.2021 02:06",
            "open": "3.1659",
            "high": "3.1668",
            "low": "3.1659",
            "close": "3.1655"
        },
        {
            "time": "17.06.2021 02:07",
            "open": "3.1655",
            "high": "3.1703",
            "low": "3.1655",
            "close": "3.1697"
        },
        {
            "time": "17.06.2021 02:08",
            "open": "3.1697",
            "high": "3.1697",
            "low": "3.1697",
            "close": "3.1808"
        },
        {
            "time": "17.06.2021 02:10",
            "open": "3.1808",
            "high": "3.181",
            "low": "3.171",
            "close": "3.1731"
        },
        {
            "time": "17.06.2021 02:11",
            "open": "3.1731",
            "high": "3.1751",
            "low": "3.1731",
            "close": "3.1845"
        },
        {
            "time": "17.06.2021 02:16",
            "open": "3.1845",
            "high": "3.1962",
            "low": "3.1845",
            "close": "3.1864"
        },
        {
            "time": "17.06.2021 02:17",
            "open": "3.1864",
            "high": "3.1864",
            "low": "3.1699",
            "close": "3.1759"
        },
        {
            "time": "17.06.2021 02:18",
            "open": "3.1759",
            "high": "3.1759",
            "low": "3.1639",
            "close": "3.1801"
        },
        {
            "time": "17.06.2021 02:19",
            "open": "3.1801",
            "high": "3.1801",
            "low": "3.1773",
            "close": "3.1702"
        },
        {
            "time": "17.06.2021 02:21",
            "open": "3.1702",
            "high": "3.1703",
            "low": "3.1702",
            "close": "3.1667"
        },
        {
            "time": "17.06.2021 02:22",
            "open": "3.1667",
            "high": "3.1667",
            "low": "3.1667",
            "close": "3.171"
        },
        {
            "time": "17.06.2021 02:24",
            "open": "3.171",
            "high": "3.1712",
            "low": "3.171",
            "close": "3.1716"
        },
        {
            "time": "17.06.2021 02:26",
            "open": "3.1716",
            "high": "3.1716",
            "low": "3.1697",
            "close": "3.1718"
        },
        {
            "time": "17.06.2021 02:27",
            "open": "3.1718",
            "high": "3.1767",
            "low": "3.1718",
            "close": "3.182"
        },
        {
            "time": "17.06.2021 02:30",
            "open": "3.182",
            "high": "3.1884",
            "low": "3.182",
            "close": "3.176"
        },
        {
            "time": "17.06.2021 02:31",
            "open": "3.176",
            "high": "3.1905",
            "low": "3.1578",
            "close": "3.1915"
        },
        {
            "time": "17.06.2021 02:32",
            "open": "3.1915",
            "high": "3.2033",
            "low": "3.1502",
            "close": "3.1613"
        },
        {
            "time": "17.06.2021 02:33",
            "open": "3.1613",
            "high": "3.2143",
            "low": "3.1556",
            "close": "3.2058"
        },
        {
            "time": "17.06.2021 02:34",
            "open": "3.2058",
            "high": "3.206",
            "low": "3.1658",
            "close": "3.1889"
        },
        {
            "time": "17.06.2021 02:35",
            "open": "3.1889",
            "high": "3.1908",
            "low": "3.1824",
            "close": "3.1883"
        },
        {
            "time": "17.06.2021 02:36",
            "open": "3.1883",
            "high": "3.1976",
            "low": "3.1883",
            "close": "3.1948"
        },
        {
            "time": "17.06.2021 02:37",
            "open": "3.1948",
            "high": "3.1949",
            "low": "3.1948",
            "close": "3.1955"
        },
        {
            "time": "17.06.2021 02:42",
            "open": "3.1955",
            "high": "3.1955",
            "low": "3.1955",
            "close": "3.1981"
        },
        {
            "time": "17.06.2021 02:46",
            "open": "3.1981",
            "high": "3.1981",
            "low": "3.1917",
            "close": "3.1829"
        },
        {
            "time": "17.06.2021 02:47",
            "open": "3.1829",
            "high": "3.1891",
            "low": "3.1818",
            "close": "3.1842"
        },
        {
            "time": "17.06.2021 02:50",
            "open": "3.1842",
            "high": "3.1842",
            "low": "3.1842",
            "close": "3.181"
        },
        {
            "time": "17.06.2021 02:52",
            "open": "3.181",
            "high": "3.181",
            "low": "3.181",
            "close": "3.1902"
        },
        {
            "time": "17.06.2021 02:58",
            "open": "3.1902",
            "high": "3.1961",
            "low": "3.1902",
            "close": "3.1995"
        },
        {
            "time": "17.06.2021 03:15",
            "open": "3.1995",
            "high": "3.2043",
            "low": "3.1995",
            "close": "3.2047"
        },
        {
            "time": "17.06.2021 03:16",
            "open": "3.2047",
            "high": "3.2182",
            "low": "3.1925",
            "close": "3.186"
        },
        {
            "time": "17.06.2021 03:19",
            "open": "3.186",
            "high": "3.186",
            "low": "3.186",
            "close": "3.1958"
        },
        {
            "time": "17.06.2021 03:21",
            "open": "3.1958",
            "high": "3.212",
            "low": "3.1958",
            "close": "3.2037"
        },
        {
            "time": "17.06.2021 03:40",
            "open": "3.2037",
            "high": "3.2037",
            "low": "3.2037",
            "close": "3.2014"
        },
        {
            "time": "17.06.2021 03:52",
            "open": "3.2014",
            "high": "3.2014",
            "low": "3.2014",
            "close": "3.1973"
        },
        {
            "time": "17.06.2021 03:57",
            "open": "3.1973",
            "high": "3.1973",
            "low": "3.1973",
            "close": "3.202"
        },
        {
            "time": "17.06.2021 03:59",
            "open": "3.202",
            "high": "3.214",
            "low": "3.202",
            "close": "3.2071"
        },
        {
            "time": "17.06.2021 04:00",
            "open": "3.2071",
            "high": "3.2071",
            "low": "3.2071",
            "close": "3.2082"
        },
        {
            "time": "17.06.2021 04:04",
            "open": "3.2084",
            "high": "3.2084",
            "low": "3.2084",
            "close": "3.2004"
        },
        {
            "time": "17.06.2021 04:11",
            "open": "3.2004",
            "high": "3.2239",
            "low": "3.2004",
            "close": "3.2263"
        },
        {
            "time": "17.06.2021 04:12",
            "open": "3.2263",
            "high": "3.2374",
            "low": "3.207",
            "close": "3.2027"
        },
        {
            "time": "17.06.2021 04:13",
            "open": "3.2027",
            "high": "3.204",
            "low": "3.2004",
            "close": "3.2226"
        },
        {
            "time": "17.06.2021 04:14",
            "open": "3.2226",
            "high": "3.2277",
            "low": "3.2062",
            "close": "3.2144"
        },
        {
            "time": "17.06.2021 04:15",
            "open": "3.2144",
            "high": "3.2144",
            "low": "3.2123",
            "close": "3.215"
        },
        {
            "time": "17.06.2021 04:18",
            "open": "3.215",
            "high": "3.215",
            "low": "3.215",
            "close": "3.2149"
        },
        {
            "time": "17.06.2021 04:21",
            "open": "3.2149",
            "high": "3.2149",
            "low": "3.2149",
            "close": "3.2275"
        },
        {
            "time": "17.06.2021 04:28",
            "open": "3.2275",
            "high": "3.2275",
            "low": "3.2213",
            "close": "3.2312"
        },
        {
            "time": "17.06.2021 04:32",
            "open": "3.2312",
            "high": "3.2371",
            "low": "3.2312",
            "close": "3.2356"
        },
        {
            "time": "17.06.2021 04:33",
            "open": "3.2356",
            "high": "3.2356",
            "low": "3.2218",
            "close": "3.2263"
        },
        {
            "time": "17.06.2021 04:34",
            "open": "3.2263",
            "high": "3.2329",
            "low": "3.2246",
            "close": "3.2109"
        },
        {
            "time": "17.06.2021 04:35",
            "open": "3.2109",
            "high": "3.227",
            "low": "3.2072",
            "close": "3.2296"
        },
        {
            "time": "17.06.2021 04:36",
            "open": "3.2296",
            "high": "3.2339",
            "low": "3.2249",
            "close": "3.2208"
        },
        {
            "time": "17.06.2021 04:39",
            "open": "3.2208",
            "high": "3.2208",
            "low": "3.2164",
            "close": "3.2159"
        },
        {
            "time": "17.06.2021 04:41",
            "open": "3.2159",
            "high": "3.2344",
            "low": "3.2159",
            "close": "3.2368"
        },
        {
            "time": "17.06.2021 04:42",
            "open": "3.2368",
            "high": "3.2425",
            "low": "3.2281",
            "close": "3.2259"
        },
        {
            "time": "17.06.2021 04:43",
            "open": "3.2259",
            "high": "3.235",
            "low": "3.208",
            "close": "3.2252"
        },
        {
            "time": "17.06.2021 04:44",
            "open": "3.2252",
            "high": "3.2292",
            "low": "3.2205",
            "close": "3.2255"
        },
        {
            "time": "17.06.2021 04:45",
            "open": "3.2255",
            "high": "3.2376",
            "low": "3.2255",
            "close": "3.2305"
        },
        {
            "time": "17.06.2021 04:46",
            "open": "3.2305",
            "high": "3.2305",
            "low": "3.2207",
            "close": "3.2231"
        },
        {
            "time": "17.06.2021 04:47",
            "open": "3.2231",
            "high": "3.2231",
            "low": "3.2208",
            "close": "3.2174"
        },
        {
            "time": "17.06.2021 04:53",
            "open": "3.2174",
            "high": "3.2174",
            "low": "3.2174",
            "close": "3.2186"
        },
        {
            "time": "17.06.2021 04:59",
            "open": "3.2186",
            "high": "3.2186",
            "low": "3.2186",
            "close": "3.2221"
        },
        {
            "time": "17.06.2021 05:03",
            "open": "3.2221",
            "high": "3.2287",
            "low": "3.2221",
            "close": "3.2279"
        },
        {
            "time": "17.06.2021 05:07",
            "open": "3.2279",
            "high": "3.2279",
            "low": "3.2248",
            "close": "3.2248"
        },
        {
            "time": "17.06.2021 05:09",
            "open": "3.2248",
            "high": "3.2259",
            "low": "3.2248",
            "close": "3.2366"
        },
        {
            "time": "17.06.2021 05:12",
            "open": "3.2366",
            "high": "3.2404",
            "low": "3.2366",
            "close": "3.2363"
        },
        {
            "time": "17.06.2021 05:13",
            "open": "3.2363",
            "high": "3.2363",
            "low": "3.2296",
            "close": "3.2221"
        },
        {
            "time": "17.06.2021 05:14",
            "open": "3.2221",
            "high": "3.2264",
            "low": "3.2221",
            "close": "3.2298"
        },
        {
            "time": "17.06.2021 05:15",
            "open": "3.2298",
            "high": "3.2301",
            "low": "3.2298",
            "close": "3.2294"
        },
        {
            "time": "17.06.2021 05:23",
            "open": "3.2294",
            "high": "3.2294",
            "low": "3.2294",
            "close": "3.2289"
        },
        {
            "time": "17.06.2021 05:26",
            "open": "3.2289",
            "high": "3.2289",
            "low": "3.2283",
            "close": "3.2344"
        },
        {
            "time": "17.06.2021 05:30",
            "open": "3.2344",
            "high": "3.2381",
            "low": "3.2344",
            "close": "3.2415"
        },
        {
            "time": "17.06.2021 05:31",
            "open": "3.2415",
            "high": "3.2452",
            "low": "3.2409",
            "close": "3.2317"
        },
        {
            "time": "17.06.2021 05:50",
            "open": "3.2317",
            "high": "3.2407",
            "low": "3.2317",
            "close": "3.2408"
        },
        {
            "time": "17.06.2021 05:51",
            "open": "3.2408",
            "high": "3.2409",
            "low": "3.2408",
            "close": "3.2376"
        },
        {
            "time": "17.06.2021 05:52",
            "open": "3.2376",
            "high": "3.2376",
            "low": "3.2294",
            "close": "3.2291"
        },
        {
            "time": "17.06.2021 05:53",
            "open": "3.2291",
            "high": "3.2371",
            "low": "3.2291",
            "close": "3.2316"
        },
        {
            "time": "17.06.2021 05:56",
            "open": "3.2316",
            "high": "3.2316",
            "low": "3.2261",
            "close": "3.2246"
        },
        {
            "time": "17.06.2021 05:57",
            "open": "3.2246",
            "high": "3.2478",
            "low": "3.2246",
            "close": "3.2445"
        },
        {
            "time": "17.06.2021 05:58",
            "open": "3.2445",
            "high": "3.2445",
            "low": "3.2426",
            "close": "3.2368"
        },
        {
            "time": "17.06.2021 05:59",
            "open": "3.2368",
            "high": "3.2368",
            "low": "3.2368",
            "close": "3.2346"
        },
        {
            "time": "17.06.2021 06:00",
            "open": "3.2346",
            "high": "3.2373",
            "low": "3.2345",
            "close": "3.2463"
        },
        {
            "time": "17.06.2021 06:05",
            "open": "3.2463",
            "high": "3.2463",
            "low": "3.2447",
            "close": "3.2481"
        },
        {
            "time": "17.06.2021 06:11",
            "open": "3.2481",
            "high": "3.2481",
            "low": "3.2481",
            "close": "3.2508"
        },
        {
            "time": "17.06.2021 06:12",
            "open": "3.2508",
            "high": "3.2544",
            "low": "3.2508",
            "close": "3.2492"
        },
        {
            "time": "17.06.2021 06:13",
            "open": "3.2492",
            "high": "3.2492",
            "low": "3.2492",
            "close": "3.2489"
        },
        {
            "time": "17.06.2021 06:16",
            "open": "3.2489",
            "high": "3.2489",
            "low": "3.2417",
            "close": "3.2385"
        },
        {
            "time": "17.06.2021 06:17",
            "open": "3.2385",
            "high": "3.2429",
            "low": "3.2337",
            "close": "3.2364"
        },
        {
            "time": "17.06.2021 06:18",
            "open": "3.2364",
            "high": "3.2428",
            "low": "3.2364",
            "close": "3.2491"
        },
        {
            "time": "17.06.2021 06:24",
            "open": "3.2491",
            "high": "3.2491",
            "low": "3.2475",
            "close": "3.2481"
        },
        {
            "time": "17.06.2021 06:26",
            "open": "3.2481",
            "high": "3.2481",
            "low": "3.2481",
            "close": "3.2451"
        },
        {
            "time": "17.06.2021 06:38",
            "open": "3.2451",
            "high": "3.2451",
            "low": "3.2451",
            "close": "3.2421"
        },
        {
            "time": "17.06.2021 06:41",
            "open": "3.2421",
            "high": "3.2421",
            "low": "3.2398",
            "close": "3.2369"
        },
        {
            "time": "17.06.2021 06:44",
            "open": "3.2369",
            "high": "3.237",
            "low": "3.233",
            "close": "3.2255"
        },
        {
            "time": "17.06.2021 06:45",
            "open": "3.2255",
            "high": "3.2286",
            "low": "3.2255",
            "close": "3.2352"
        },
        {
            "time": "17.06.2021 06:46",
            "open": "3.2352",
            "high": "3.2352",
            "low": "3.2352",
            "close": "3.2367"
        },
        {
            "time": "17.06.2021 07:03",
            "open": "3.2367",
            "high": "3.2367",
            "low": "3.2367",
            "close": "3.2143"
        },
        {
            "time": "17.06.2021 07:07",
            "open": "3.2143",
            "high": "3.2143",
            "low": "3.214",
            "close": "3.2125"
        },
        {
            "time": "17.06.2021 07:08",
            "open": "3.2125",
            "high": "3.2125",
            "low": "3.2125",
            "close": "3.2223"
        },
        {
            "time": "17.06.2021 07:31",
            "open": "3.2223",
            "high": "3.2223",
            "low": "3.2223",
            "close": "3.2297"
        },
        {
            "time": "17.06.2021 07:48",
            "open": "3.2297",
            "high": "3.2409",
            "low": "3.2297",
            "close": "3.2144"
        },
        {
            "time": "17.06.2021 08:00",
            "open": "3.2144",
            "high": "3.2402",
            "low": "3.2144",
            "close": "3.2268"
        },
        {
            "time": "17.06.2021 08:03",
            "open": "3.2268",
            "high": "3.2294",
            "low": "3.2268",
            "close": "3.2314"
        },
        {
            "time": "17.06.2021 08:09",
            "open": "3.2314",
            "high": "3.2462",
            "low": "3.2314",
            "close": "3.2421"
        },
        {
            "time": "17.06.2021 08:10",
            "open": "3.2421",
            "high": "3.2421",
            "low": "3.226",
            "close": "3.226"
        },
        {
            "time": "17.06.2021 08:11",
            "open": "3.226",
            "high": "3.226",
            "low": "3.226",
            "close": "3.2287"
        },
        {
            "time": "17.06.2021 08:12",
            "open": "3.2287",
            "high": "3.2486",
            "low": "3.2287",
            "close": "3.2429"
        },
        {
            "time": "17.06.2021 08:13",
            "open": "3.2429",
            "high": "3.243",
            "low": "3.2429",
            "close": "3.2303"
        },
        {
            "time": "17.06.2021 08:18",
            "open": "3.2303",
            "high": "3.2303",
            "low": "3.2295",
            "close": "3.2278"
        },
        {
            "time": "17.06.2021 08:20",
            "open": "3.2278",
            "high": "3.2429",
            "low": "3.2278",
            "close": "3.2424"
        },
        {
            "time": "17.06.2021 08:21",
            "open": "3.2424",
            "high": "3.2424",
            "low": "3.2424",
            "close": "3.2518"
        },
        {
            "time": "17.06.2021 08:25",
            "open": "3.2518",
            "high": "3.2546",
            "low": "3.2518",
            "close": "3.2549"
        },
        {
            "time": "17.06.2021 08:26",
            "open": "3.2549",
            "high": "3.2549",
            "low": "3.2549",
            "close": "3.2678"
        },
        {
            "time": "17.06.2021 08:52",
            "open": "3.2678",
            "high": "3.2678",
            "low": "3.2573",
            "close": "3.2728"
        },
        {
            "time": "17.06.2021 09:08",
            "open": "3.2728",
            "high": "3.2728",
            "low": "3.2728",
            "close": "3.2798"
        },
        {
            "time": "17.06.2021 09:13",
            "open": "3.2798",
            "high": "3.2798",
            "low": "3.2759",
            "close": "3.2859"
        },
        {
            "time": "17.06.2021 09:26",
            "open": "3.2859",
            "high": "3.2885",
            "low": "3.2859",
            "close": "3.2889"
        },
        {
            "time": "17.06.2021 09:40",
            "open": "3.2889",
            "high": "3.2889",
            "low": "3.2805",
            "close": "3.2757"
        },
        {
            "time": "17.06.2021 09:41",
            "open": "3.2757",
            "high": "3.2757",
            "low": "3.2752",
            "close": "3.2751"
        },
        {
            "time": "17.06.2021 09:43",
            "open": "3.2751",
            "high": "3.2751",
            "low": "3.2751",
            "close": "3.2733"
        },
        {
            "time": "17.06.2021 09:53",
            "open": "3.2733",
            "high": "3.2733",
            "low": "3.2733",
            "close": "3.268"
        },
        {
            "time": "17.06.2021 09:56",
            "open": "3.268",
            "high": "3.268",
            "low": "3.268",
            "close": "3.268"
        },
        {
            "time": "17.06.2021 09:57",
            "open": "3.268",
            "high": "3.268",
            "low": "3.268",
            "close": "3.2592"
        },
        {
            "time": "17.06.2021 09:59",
            "open": "3.2592",
            "high": "3.2592",
            "low": "3.2592",
            "close": "3.2598"
        },
        {
            "time": "17.06.2021 10:00",
            "open": "3.2598",
            "high": "3.2776",
            "low": "3.2598",
            "close": "3.2624"
        },
        {
            "time": "17.06.2021 10:01",
            "open": "3.2624",
            "high": "3.2818",
            "low": "3.2624",
            "close": "3.2798"
        },
        {
            "time": "17.06.2021 10:02",
            "open": "3.2798",
            "high": "3.2873",
            "low": "3.2798",
            "close": "3.2843"
        },
        {
            "time": "17.06.2021 10:03",
            "open": "3.2843",
            "high": "3.2843",
            "low": "3.2843",
            "close": "3.2729"
        },
        {
            "time": "17.06.2021 10:04",
            "open": "3.2729",
            "high": "3.2736",
            "low": "3.2729",
            "close": "3.2819"
        },
        {
            "time": "17.06.2021 10:29",
            "open": "3.2819",
            "high": "3.2819",
            "low": "3.2819",
            "close": "3.2824"
        },
        {
            "time": "17.06.2021 10:30",
            "open": "3.2824",
            "high": "3.2824",
            "low": "3.2824",
            "close": "3.277"
        },
        {
            "time": "17.06.2021 10:45",
            "open": "3.277",
            "high": "3.2901",
            "low": "3.277",
            "close": "3.2817"
        },
        {
            "time": "17.06.2021 10:46",
            "open": "3.2817",
            "high": "3.2817",
            "low": "3.2814",
            "close": "3.2802"
        },
        {
            "time": "17.06.2021 10:47",
            "open": "3.2802",
            "high": "3.2802",
            "low": "3.2706",
            "close": "3.2632"
        },
        {
            "time": "17.06.2021 10:48",
            "open": "3.2632",
            "high": "3.2637",
            "low": "3.2632",
            "close": "3.2671"
        },
        {
            "time": "17.06.2021 10:49",
            "open": "3.2671",
            "high": "3.2671",
            "low": "3.2632",
            "close": "3.2617"
        },
        {
            "time": "17.06.2021 10:51",
            "open": "3.2617",
            "high": "3.2617",
            "low": "3.2617",
            "close": "3.2654"
        },
        {
            "time": "17.06.2021 10:53",
            "open": "3.2654",
            "high": "3.2654",
            "low": "3.2654",
            "close": "3.2794"
        },
        {
            "time": "17.06.2021 10:56",
            "open": "3.2794",
            "high": "3.2794",
            "low": "3.2794",
            "close": "3.2766"
        },
        {
            "time": "17.06.2021 11:05",
            "open": "3.2766",
            "high": "3.2766",
            "low": "3.2621",
            "close": "3.2667"
        },
        {
            "time": "17.06.2021 11:06",
            "open": "3.2667",
            "high": "3.2667",
            "low": "3.262",
            "close": "3.2695"
        },
        {
            "time": "17.06.2021 11:18",
            "open": "3.2695",
            "high": "3.2695",
            "low": "3.2695",
            "close": "3.2539"
        },
        {
            "time": "17.06.2021 11:24",
            "open": "3.2539",
            "high": "3.2777",
            "low": "3.2539",
            "close": "3.2706"
        },
        {
            "time": "17.06.2021 11:25",
            "open": "3.2706",
            "high": "3.2712",
            "low": "3.2691",
            "close": "3.2661"
        },
        {
            "time": "17.06.2021 11:26",
            "open": "3.2661",
            "high": "3.2661",
            "low": "3.2661",
            "close": "3.28"
        },
        {
            "time": "17.06.2021 12:11",
            "open": "3.28",
            "high": "3.28",
            "low": "3.28",
            "close": "3.2835"
        },
        {
            "time": "17.06.2021 12:15",
            "open": "3.2835",
            "high": "3.2835",
            "low": "3.2835",
            "close": "3.2849"
        },
        {
            "time": "17.06.2021 12:16",
            "open": "3.2849",
            "high": "3.2852",
            "low": "3.2849",
            "close": "3.2807"
        },
        {
            "time": "17.06.2021 12:36",
            "open": "3.2807",
            "high": "3.2807",
            "low": "3.2807",
            "close": "3.2779"
        },
        {
            "time": "17.06.2021 12:46",
            "open": "3.2779",
            "high": "3.2779",
            "low": "3.2779",
            "close": "3.2683"
        },
        {
            "time": "17.06.2021 13:29",
            "open": "3.2683",
            "high": "3.2683",
            "low": "3.2683",
            "close": "3.259"
        },
        {
            "time": "17.06.2021 13:41",
            "open": "3.2622",
            "high": "3.2622",
            "low": "3.2622",
            "close": "3.2471"
        },
        {
            "time": "17.06.2021 14:06",
            "open": "3.2471",
            "high": "3.2474",
            "low": "3.2471",
            "close": "3.2444"
        },
        {
            "time": "17.06.2021 14:11",
            "open": "3.2444",
            "high": "3.2444",
            "low": "3.2444",
            "close": "3.2423"
        },
        {
            "time": "17.06.2021 14:13",
            "open": "3.2423",
            "high": "3.2423",
            "low": "3.2423",
            "close": "3.2341"
        },
        {
            "time": "17.06.2021 14:14",
            "open": "3.2341",
            "high": "3.2341",
            "low": "3.2341",
            "close": "3.2076"
        },
        {
            "time": "17.06.2021 14:50",
            "open": "3.2076",
            "high": "3.2076",
            "low": "3.2076",
            "close": "3.2127"
        },
        {
            "time": "17.06.2021 14:53",
            "open": "3.2127",
            "high": "3.2127",
            "low": "3.2126",
            "close": "3.2094"
        },
        {
            "time": "17.06.2021 15:10",
            "open": "3.2094",
            "high": "3.2094",
            "low": "3.2094",
            "close": "3.1985"
        },
        {
            "time": "17.06.2021 15:24",
            "open": "3.1985",
            "high": "3.1986",
            "low": "3.1985",
            "close": "3.1975"
        },
        {
            "time": "17.06.2021 15:29",
            "open": "3.1975",
            "high": "3.1975",
            "low": "3.1962",
            "close": "3.2016"
        },
        {
            "time": "17.06.2021 15:32",
            "open": "3.2016",
            "high": "3.2016",
            "low": "3.2016",
            "close": "3.1956"
        },
        {
            "time": "17.06.2021 16:09",
            "open": "3.1956",
            "high": "3.197",
            "low": "3.1956",
            "close": "3.1949"
        },
        {
            "time": "17.06.2021 16:10",
            "open": "3.1949",
            "high": "3.1949",
            "low": "3.1923",
            "close": "3.2004"
        },
        {
            "time": "17.06.2021 16:19",
            "open": "3.2004",
            "high": "3.2004",
            "low": "3.2004",
            "close": "3.2301"
        },
        {
            "time": "17.06.2021 16:30",
            "open": "3.2301",
            "high": "3.2301",
            "low": "3.2292",
            "close": "3.2323"
        },
        {
            "time": "17.06.2021 16:31",
            "open": "3.2323",
            "high": "3.2323",
            "low": "3.2322",
            "close": "3.2292"
        },
        {
            "time": "17.06.2021 16:35",
            "open": "3.2292",
            "high": "3.2292",
            "low": "3.2292",
            "close": "3.2304"
        },
        {
            "time": "17.06.2021 16:37",
            "open": "3.2304",
            "high": "3.2304",
            "low": "3.2304",
            "close": "3.2317"
        },
        {
            "time": "17.06.2021 16:39",
            "open": "3.2317",
            "high": "3.2317",
            "low": "3.2317",
            "close": "3.2302"
        },
        {
            "time": "17.06.2021 16:41",
            "open": "3.2302",
            "high": "3.2302",
            "low": "3.2286",
            "close": "3.2267"
        },
        {
            "time": "17.06.2021 16:45",
            "open": "3.2267",
            "high": "3.2267",
            "low": "3.2244",
            "close": "3.2218"
        },
        {
            "time": "17.06.2021 17:03",
            "open": "3.2218",
            "high": "3.2218",
            "low": "3.2218",
            "close": "3.2216"
        },
        {
            "time": "17.06.2021 17:15",
            "open": "3.2216",
            "high": "3.2216",
            "low": "3.2216",
            "close": "3.2202"
        },
        {
            "time": "17.06.2021 17:17",
            "open": "3.2202",
            "high": "3.2202",
            "low": "3.2201",
            "close": "3.2322"
        },
        {
            "time": "17.06.2021 17:29",
            "open": "3.2322",
            "high": "3.2322",
            "low": "3.2322",
            "close": "3.2439"
        },
        {
            "time": "17.06.2021 17:50",
            "open": "3.2439",
            "high": "3.2441",
            "low": "3.2439",
            "close": "3.2547"
        },
        {
            "time": "17.06.2021 17:53",
            "open": "3.2547",
            "high": "3.2607",
            "low": "3.2532",
            "close": "3.2532"
        },
        {
            "time": "17.06.2021 17:54",
            "open": "3.2532",
            "high": "3.2532",
            "low": "3.2532",
            "close": "3.2456"
        },
        {
            "time": "17.06.2021 18:01",
            "open": "3.2456",
            "high": "3.2514",
            "low": "3.2456",
            "close": "3.2526"
        },
        {
            "time": "17.06.2021 18:02",
            "open": "3.2526",
            "high": "3.2526",
            "low": "3.2526",
            "close": "3.2399"
        },
        {
            "time": "17.06.2021 18:08",
            "open": "3.2399",
            "high": "3.2399",
            "low": "3.2399",
            "close": "3.2296"
        },
        {
            "time": "17.06.2021 18:17",
            "open": "3.2296",
            "high": "3.2296",
            "low": "3.2296",
            "close": "3.2159"
        },
        {
            "time": "17.06.2021 18:23",
            "open": "3.2159",
            "high": "3.2159",
            "low": "3.2145",
            "close": "3.1974"
        },
        {
            "time": "17.06.2021 18:56",
            "open": "3.1974",
            "high": "3.2047",
            "low": "3.1974",
            "close": "3.1973"
        },
        {
            "time": "17.06.2021 18:59",
            "open": "3.1973",
            "high": "3.1975",
            "low": "3.1973",
            "close": "3.1854"
        },
        {
            "time": "17.06.2021 19:11",
            "open": "3.1854",
            "high": "3.1854",
            "low": "3.1854",
            "close": "3.1664"
        },
        {
            "time": "17.06.2021 19:13",
            "open": "3.1664",
            "high": "3.1665",
            "low": "3.1664",
            "close": "3.1611"
        },
        {
            "time": "17.06.2021 19:17",
            "open": "3.1611",
            "high": "3.1611",
            "low": "3.1611",
            "close": "3.1432"
        },
        {
            "time": "17.06.2021 19:26",
            "open": "3.1432",
            "high": "3.1432",
            "low": "3.1432",
            "close": "3.1363"
        },
        {
            "time": "17.06.2021 19:37",
            "open": "3.1363",
            "high": "3.1363",
            "low": "3.1363",
            "close": "3.1358"
        },
        {
            "time": "17.06.2021 19:38",
            "open": "3.1358",
            "high": "3.1358",
            "low": "3.1358",
            "close": "3.1315"
        },
        {
            "time": "17.06.2021 20:06",
            "open": "3.1315",
            "high": "3.1315",
            "low": "3.1315",
            "close": "3.1346"
        },
        {
            "time": "17.06.2021 20:08",
            "open": "3.1346",
            "high": "3.1346",
            "low": "3.1346",
            "close": "3.1351"
        },
        {
            "time": "17.06.2021 20:12",
            "open": "3.1351",
            "high": "3.1351",
            "low": "3.1351",
            "close": "3.1373"
        },
        {
            "time": "17.06.2021 20:35",
            "open": "3.1373",
            "high": "3.1373",
            "low": "3.1373",
            "close": "3.1416"
        },
        {
            "time": "17.06.2021 20:42",
            "open": "3.1416",
            "high": "3.1416",
            "low": "3.1416",
            "close": "3.1406"
        },
        {
            "time": "17.06.2021 20:46",
            "open": "3.1406",
            "high": "3.1406",
            "low": "3.1406",
            "close": "3.15"
        },
        {
            "time": "17.06.2021 20:49",
            "open": "3.15",
            "high": "3.15",
            "low": "3.15",
            "close": "3.1568"
        },
        {
            "time": "17.06.2021 22:00",
            "open": "3.1568",
            "high": "3.1656",
            "low": "3.1568",
            "close": "3.144"
        },
        {
            "time": "17.06.2021 22:05",
            "open": "3.144",
            "high": "3.144",
            "low": "3.144",
            "close": "3.1564"
        },
        {
            "time": "17.06.2021 22:21",
            "open": "3.1564",
            "high": "3.1564",
            "low": "3.1564",
            "close": "3.1576"
        },
        {
            "time": "17.06.2021 22:23",
            "open": "3.1576",
            "high": "3.1576",
            "low": "3.1576",
            "close": "3.1584"
        },
        {
            "time": "17.06.2021 22:27",
            "open": "3.1584",
            "high": "3.1584",
            "low": "3.1584",
            "close": "3.1542"
        },
        {
            "time": "17.06.2021 23:08",
            "open": "3.1542",
            "high": "3.1542",
            "low": "3.1542",
            "close": "3.1383"
        },
        {
            "time": "17.06.2021 23:19",
            "open": "3.1383",
            "high": "3.1383",
            "low": "3.1383",
            "close": "3.1409"
        },
        {
            "time": "17.06.2021 23:32",
            "open": "3.1409",
            "high": "3.1409",
            "low": "3.1409",
            "close": "3.152"
        },
        {
            "time": "17.06.2021 23:47",
            "open": "3.152",
            "high": "3.152",
            "low": "3.152",
            "close": "3.1561"
        }
    ]
}