{
    "BNT-EUR": [
        {
            "time": "18.06.2021 23:57",
            "open": "2.9644",
            "high": "2.9644",
            "low": "2.9644",
            "close": "2.9671"
        },
        {
            "time": "19.06.2021 00:57",
            "open": "2.9671",
            "high": "2.9671",
            "low": "2.9671",
            "close": "2.9709"
        },
        {
            "time": "19.06.2021 00:58",
            "open": "2.9709",
            "high": "2.971",
            "low": "2.9709",
            "close": "2.966"
        },
        {
            "time": "19.06.2021 01:06",
            "open": "2.966",
            "high": "2.966",
            "low": "2.966",
            "close": "2.9623"
        },
        {
            "time": "19.06.2021 01:07",
            "open": "2.9623",
            "high": "2.9623",
            "low": "2.9623",
            "close": "2.9639"
        },
        {
            "time": "19.06.2021 01:09",
            "open": "2.9661",
            "high": "2.9661",
            "low": "2.9661",
            "close": "2.9666"
        },
        {
            "time": "19.06.2021 01:23",
            "open": "2.9666",
            "high": "2.9666",
            "low": "2.9666",
            "close": "2.9689"
        },
        {
            "time": "19.06.2021 01:27",
            "open": "2.9689",
            "high": "2.9689",
            "low": "2.9689",
            "close": "2.9771"
        },
        {
            "time": "19.06.2021 01:32",
            "open": "2.9771",
            "high": "2.9771",
            "low": "2.9771",
            "close": "2.9874"
        },
        {
            "time": "19.06.2021 01:38",
            "open": "2.9874",
            "high": "2.9897",
            "low": "2.9874",
            "close": "2.9979"
        },
        {
            "time": "19.06.2021 01:41",
            "open": "2.9979",
            "high": "2.9979",
            "low": "2.9979",
            "close": "2.9863"
        },
        {
            "time": "19.06.2021 01:51",
            "open": "2.9863",
            "high": "2.9863",
            "low": "2.9863",
            "close": "2.9817"
        },
        {
            "time": "19.06.2021 01:56",
            "open": "2.9817",
            "high": "2.9817",
            "low": "2.9817",
            "close": "2.9849"
        },
        {
            "time": "19.06.2021 02:00",
            "open": "2.9849",
            "high": "2.9852",
            "low": "2.9831",
            "close": "2.9765"
        },
        {
            "time": "19.06.2021 02:02",
            "open": "2.9765",
            "high": "2.9797",
            "low": "2.9765",
            "close": "2.983"
        },
        {
            "time": "19.06.2021 02:03",
            "open": "2.983",
            "high": "2.983",
            "low": "2.983",
            "close": "2.9888"
        },
        {
            "time": "19.06.2021 02:05",
            "open": "2.9888",
            "high": "2.9893",
            "low": "2.9888",
            "close": "3"
        },
        {
            "time": "19.06.2021 02:11",
            "open": "3",
            "high": "3",
            "low": "3",
            "close": "3.0174"
        },
        {
            "time": "19.06.2021 02:27",
            "open": "3.0174",
            "high": "3.0185",
            "low": "3.0133",
            "close": "3.0122"
        },
        {
            "time": "19.06.2021 02:30",
            "open": "3.0122",
            "high": "3.0122",
            "low": "3.0122",
            "close": "3.0043"
        },
        {
            "time": "19.06.2021 02:31",
            "open": "3.0043",
            "high": "3.0043",
            "low": "3.0031",
            "close": "3.008"
        },
        {
            "time": "19.06.2021 02:37",
            "open": "3.008",
            "high": "3.008",
            "low": "3.008",
            "close": "2.9988"
        },
        {
            "time": "19.06.2021 02:59",
            "open": "2.9988",
            "high": "3.0103",
            "low": "2.9988",
            "close": "3.011"
        },
        {
            "time": "19.06.2021 03:03",
            "open": "3.011",
            "high": "3.011",
            "low": "3.011",
            "close": "3.0242"
        },
        {
            "time": "19.06.2021 03:20",
            "open": "3.0242",
            "high": "3.0417",
            "low": "3.0242",
            "close": "3.0231"
        },
        {
            "time": "19.06.2021 03:21",
            "open": "3.0231",
            "high": "3.0339",
            "low": "3.0224",
            "close": "3.0175"
        },
        {
            "time": "19.06.2021 03:30",
            "open": "3.0175",
            "high": "3.0175",
            "low": "3.0044",
            "close": "3.0074"
        },
        {
            "time": "19.06.2021 03:31",
            "open": "3.0074",
            "high": "3.0198",
            "low": "3.0074",
            "close": "3.0192"
        },
        {
            "time": "19.06.2021 03:37",
            "open": "3.0192",
            "high": "3.0192",
            "low": "3.0183",
            "close": "3.0183"
        },
        {
            "time": "19.06.2021 03:48",
            "open": "3.0183",
            "high": "3.0183",
            "low": "3.0183",
            "close": "3.0225"
        },
        {
            "time": "19.06.2021 04:03",
            "open": "3.0225",
            "high": "3.0225",
            "low": "3.0225",
            "close": "3.017"
        },
        {
            "time": "19.06.2021 04:04",
            "open": "3.017",
            "high": "3.017",
            "low": "3.017",
            "close": "3.0148"
        },
        {
            "time": "19.06.2021 04:16",
            "open": "3.0148",
            "high": "3.0148",
            "low": "3.0145",
            "close": "2.974"
        },
        {
            "time": "19.06.2021 04:53",
            "open": "2.974",
            "high": "2.974",
            "low": "2.974",
            "close": "2.9729"
        },
        {
            "time": "19.06.2021 05:00",
            "open": "2.9729",
            "high": "2.9729",
            "low": "2.9729",
            "close": "2.9729"
        },
        {
            "time": "19.06.2021 05:02",
            "open": "2.9729",
            "high": "2.9729",
            "low": "2.9729",
            "close": "2.9649"
        },
        {
            "time": "19.06.2021 05:12",
            "open": "2.9649",
            "high": "2.9649",
            "low": "2.9649",
            "close": "2.954"
        },
        {
            "time": "19.06.2021 05:17",
            "open": "2.954",
            "high": "2.9574",
            "low": "2.9531",
            "close": "2.9573"
        },
        {
            "time": "19.06.2021 05:22",
            "open": "2.9573",
            "high": "2.9573",
            "low": "2.9573",
            "close": "2.9351"
        },
        {
            "time": "19.06.2021 05:29",
            "open": "2.9351",
            "high": "2.9351",
            "low": "2.909",
            "close": "2.904"
        },
        {
            "time": "19.06.2021 05:30",
            "open": "2.904",
            "high": "2.9105",
            "low": "2.904",
            "close": "2.9334"
        },
        {
            "time": "19.06.2021 05:32",
            "open": "2.9334",
            "high": "2.9338",
            "low": "2.9281",
            "close": "2.9248"
        },
        {
            "time": "19.06.2021 05:37",
            "open": "2.9248",
            "high": "2.9248",
            "low": "2.9248",
            "close": "2.9205"
        },
        {
            "time": "19.06.2021 05:38",
            "open": "2.9205",
            "high": "2.9205",
            "low": "2.9205",
            "close": "2.913"
        },
        {
            "time": "19.06.2021 05:39",
            "open": "2.913",
            "high": "2.9185",
            "low": "2.9129",
            "close": "2.9212"
        },
        {
            "time": "19.06.2021 05:40",
            "open": "2.9212",
            "high": "2.9212",
            "low": "2.9212",
            "close": "2.9156"
        },
        {
            "time": "19.06.2021 05:42",
            "open": "2.9156",
            "high": "2.9156",
            "low": "2.9152",
            "close": "2.9114"
        },
        {
            "time": "19.06.2021 05:44",
            "open": "2.9114",
            "high": "2.9114",
            "low": "2.9114",
            "close": "2.9083"
        },
        {
            "time": "19.06.2021 05:45",
            "open": "2.9083",
            "high": "2.9083",
            "low": "2.9083",
            "close": "2.9181"
        },
        {
            "time": "19.06.2021 05:46",
            "open": "2.9181",
            "high": "2.9184",
            "low": "2.9181",
            "close": "2.9226"
        },
        {
            "time": "19.06.2021 05:52",
            "open": "2.9226",
            "high": "2.9226",
            "low": "2.9225",
            "close": "2.9269"
        },
        {
            "time": "19.06.2021 05:57",
            "open": "2.9269",
            "high": "2.9269",
            "low": "2.9223",
            "close": "2.9235"
        },
        {
            "time": "19.06.2021 05:58",
            "open": "2.9235",
            "high": "2.9235",
            "low": "2.9219",
            "close": "2.9255"
        },
        {
            "time": "19.06.2021 06:00",
            "open": "2.9255",
            "high": "2.9292",
            "low": "2.9253",
            "close": "2.9282"
        },
        {
            "time": "19.06.2021 06:01",
            "open": "2.9282",
            "high": "2.9291",
            "low": "2.9282",
            "close": "2.9237"
        },
        {
            "time": "19.06.2021 06:06",
            "open": "2.9237",
            "high": "2.9237",
            "low": "2.9237",
            "close": "2.9258"
        },
        {
            "time": "19.06.2021 06:07",
            "open": "2.9258",
            "high": "2.9271",
            "low": "2.9257",
            "close": "2.9232"
        },
        {
            "time": "19.06.2021 06:18",
            "open": "2.9232",
            "high": "2.9232",
            "low": "2.9232",
            "close": "2.9176"
        },
        {
            "time": "19.06.2021 06:21",
            "open": "2.9176",
            "high": "2.9176",
            "low": "2.9176",
            "close": "2.9321"
        },
        {
            "time": "19.06.2021 06:24",
            "open": "2.9321",
            "high": "2.9321",
            "low": "2.9321",
            "close": "2.9347"
        },
        {
            "time": "19.06.2021 06:29",
            "open": "2.9347",
            "high": "2.9347",
            "low": "2.9347",
            "close": "2.9478"
        },
        {
            "time": "19.06.2021 06:30",
            "open": "2.9478",
            "high": "2.9505",
            "low": "2.9439",
            "close": "2.9507"
        },
        {
            "time": "19.06.2021 06:31",
            "open": "2.9507",
            "high": "2.9572",
            "low": "2.9507",
            "close": "2.9529"
        },
        {
            "time": "19.06.2021 06:33",
            "open": "2.9529",
            "high": "2.9529",
            "low": "2.9529",
            "close": "2.9491"
        },
        {
            "time": "19.06.2021 06:35",
            "open": "2.9491",
            "high": "2.9491",
            "low": "2.9462",
            "close": "2.946"
        },
        {
            "time": "19.06.2021 06:36",
            "open": "2.946",
            "high": "2.946",
            "low": "2.9459",
            "close": "2.9461"
        },
        {
            "time": "19.06.2021 06:46",
            "open": "2.9461",
            "high": "2.9461",
            "low": "2.9379",
            "close": "2.9465"
        },
        {
            "time": "19.06.2021 07:00",
            "open": "2.9465",
            "high": "2.9495",
            "low": "2.9465",
            "close": "2.9502"
        },
        {
            "time": "19.06.2021 07:09",
            "open": "2.9502",
            "high": "2.9502",
            "low": "2.9502",
            "close": "2.9529"
        },
        {
            "time": "19.06.2021 07:21",
            "open": "2.9529",
            "high": "2.9529",
            "low": "2.9394",
            "close": "2.9527"
        },
        {
            "time": "19.06.2021 07:22",
            "open": "2.9527",
            "high": "2.9527",
            "low": "2.9527",
            "close": "2.9579"
        },
        {
            "time": "19.06.2021 07:23",
            "open": "2.9579",
            "high": "2.9579",
            "low": "2.9563",
            "close": "2.9613"
        },
        {
            "time": "19.06.2021 07:25",
            "open": "2.9613",
            "high": "2.9613",
            "low": "2.9589",
            "close": "2.9631"
        },
        {
            "time": "19.06.2021 07:28",
            "open": "2.9631",
            "high": "2.9682",
            "low": "2.9631",
            "close": "2.9647"
        },
        {
            "time": "19.06.2021 07:31",
            "open": "2.9647",
            "high": "2.9647",
            "low": "2.9647",
            "close": "2.972"
        },
        {
            "time": "19.06.2021 07:32",
            "open": "2.972",
            "high": "2.9913",
            "low": "2.972",
            "close": "2.973"
        },
        {
            "time": "19.06.2021 07:33",
            "open": "2.973",
            "high": "2.9738",
            "low": "2.973",
            "close": "2.9731"
        },
        {
            "time": "19.06.2021 07:38",
            "open": "2.9731",
            "high": "2.9731",
            "low": "2.963",
            "close": "2.9781"
        },
        {
            "time": "19.06.2021 07:41",
            "open": "2.9781",
            "high": "2.9781",
            "low": "2.9781",
            "close": "2.9761"
        },
        {
            "time": "19.06.2021 07:44",
            "open": "2.9761",
            "high": "2.9761",
            "low": "2.9761",
            "close": "2.9768"
        },
        {
            "time": "19.06.2021 07:53",
            "open": "2.9768",
            "high": "2.9768",
            "low": "2.9768",
            "close": "2.9804"
        },
        {
            "time": "19.06.2021 07:54",
            "open": "2.9804",
            "high": "2.9804",
            "low": "2.9804",
            "close": "2.9886"
        },
        {
            "time": "19.06.2021 08:04",
            "open": "2.9886",
            "high": "2.9886",
            "low": "2.9886",
            "close": "2.9941"
        },
        {
            "time": "19.06.2021 08:10",
            "open": "2.9941",
            "high": "2.9941",
            "low": "2.9941",
            "close": "2.9926"
        },
        {
            "time": "19.06.2021 08:11",
            "open": "2.9926",
            "high": "2.9926",
            "low": "2.9926",
            "close": "2.9939"
        },
        {
            "time": "19.06.2021 08:18",
            "open": "2.9939",
            "high": "2.9939",
            "low": "2.9939",
            "close": "2.9942"
        },
        {
            "time": "19.06.2021 08:19",
            "open": "2.9942",
            "high": "2.9942",
            "low": "2.9942",
            "close": "3.001"
        },
        {
            "time": "19.06.2021 08:31",
            "open": "3.001",
            "high": "3.001",
            "low": "3.001",
            "close": "2.9996"
        },
        {
            "time": "19.06.2021 08:32",
            "open": "2.9996",
            "high": "2.9996",
            "low": "2.9996",
            "close": "2.9989"
        },
        {
            "time": "19.06.2021 08:33",
            "open": "2.9989",
            "high": "2.9989",
            "low": "2.9989",
            "close": "2.9989"
        },
        {
            "time": "19.06.2021 08:37",
            "open": "2.9989",
            "high": "2.9989",
            "low": "2.9989",
            "close": "2.9989"
        },
        {
            "time": "19.06.2021 08:39",
            "open": "2.9989",
            "high": "2.9989",
            "low": "2.9989",
            "close": "2.9989"
        },
        {
            "time": "19.06.2021 08:44",
            "open": "2.9989",
            "high": "2.9989",
            "low": "2.9989",
            "close": "2.9975"
        },
        {
            "time": "19.06.2021 08:49",
            "open": "2.9975",
            "high": "2.9975",
            "low": "2.9975",
            "close": "2.9932"
        },
        {
            "time": "19.06.2021 08:50",
            "open": "2.9932",
            "high": "2.9932",
            "low": "2.9932",
            "close": "2.9941"
        },
        {
            "time": "19.06.2021 09:04",
            "open": "2.9941",
            "high": "2.9941",
            "low": "2.9941",
            "close": "2.99"
        },
        {
            "time": "19.06.2021 09:10",
            "open": "2.99",
            "high": "2.99",
            "low": "2.99",
            "close": "2.9852"
        },
        {
            "time": "19.06.2021 09:35",
            "open": "2.9852",
            "high": "2.9899",
            "low": "2.9852",
            "close": "2.9909"
        },
        {
            "time": "19.06.2021 09:40",
            "open": "2.9909",
            "high": "2.991",
            "low": "2.9909",
            "close": "2.9939"
        },
        {
            "time": "19.06.2021 09:41",
            "open": "2.9939",
            "high": "2.9939",
            "low": "2.9935",
            "close": "2.9935"
        },
        {
            "time": "19.06.2021 09:43",
            "open": "2.9935",
            "high": "2.9935",
            "low": "2.9935",
            "close": "2.9936"
        },
        {
            "time": "19.06.2021 09:44",
            "open": "2.9936",
            "high": "2.9936",
            "low": "2.9936",
            "close": "2.9945"
        },
        {
            "time": "19.06.2021 09:46",
            "open": "2.9945",
            "high": "2.9945",
            "low": "2.9945",
            "close": "3.0038"
        },
        {
            "time": "19.06.2021 10:06",
            "open": "3.0038",
            "high": "3.0038",
            "low": "3.0038",
            "close": "2.9993"
        },
        {
            "time": "19.06.2021 10:19",
            "open": "2.9993",
            "high": "2.9993",
            "low": "2.9993",
            "close": "2.9996"
        },
        {
            "time": "19.06.2021 10:27",
            "open": "2.9996",
            "high": "2.9996",
            "low": "2.9995",
            "close": "3.0027"
        },
        {
            "time": "19.06.2021 10:29",
            "open": "3.0027",
            "high": "3.0027",
            "low": "3.0017",
            "close": "3.0032"
        },
        {
            "time": "19.06.2021 10:30",
            "open": "3.0032",
            "high": "3.0032",
            "low": "3.0032",
            "close": "3.0045"
        },
        {
            "time": "19.06.2021 10:31",
            "open": "3.0045",
            "high": "3.0045",
            "low": "3.0045",
            "close": "3.0084"
        },
        {
            "time": "19.06.2021 10:37",
            "open": "3.0084",
            "high": "3.0084",
            "low": "3.0084",
            "close": "3.016"
        },
        {
            "time": "19.06.2021 10:44",
            "open": "3.016",
            "high": "3.0173",
            "low": "3.015",
            "close": "3.0181"
        },
        {
            "time": "19.06.2021 10:46",
            "open": "3.0181",
            "high": "3.0181",
            "low": "3.0177",
            "close": "3.0061"
        },
        {
            "time": "19.06.2021 11:16",
            "open": "3.0061",
            "high": "3.0061",
            "low": "3.0061",
            "close": "2.9984"
        },
        {
            "time": "19.06.2021 11:26",
            "open": "2.9984",
            "high": "2.9984",
            "low": "2.9984",
            "close": "2.9955"
        },
        {
            "time": "19.06.2021 11:27",
            "open": "2.9955",
            "high": "3.0071",
            "low": "2.9955",
            "close": "2.997"
        },
        {
            "time": "19.06.2021 11:28",
            "open": "2.997",
            "high": "2.9971",
            "low": "2.997",
            "close": "3.0039"
        },
        {
            "time": "19.06.2021 11:38",
            "open": "3.0039",
            "high": "3.0039",
            "low": "3.0039",
            "close": "3.0041"
        },
        {
            "time": "19.06.2021 11:40",
            "open": "3.0041",
            "high": "3.0041",
            "low": "3.0041",
            "close": "2.9985"
        },
        {
            "time": "19.06.2021 11:47",
            "open": "2.9985",
            "high": "2.9985",
            "low": "2.9985",
            "close": "2.9914"
        },
        {
            "time": "19.06.2021 11:50",
            "open": "2.9914",
            "high": "2.9914",
            "low": "2.9914",
            "close": "2.9863"
        },
        {
            "time": "19.06.2021 12:04",
            "open": "2.9863",
            "high": "2.9863",
            "low": "2.9863",
            "close": "2.9826"
        },
        {
            "time": "19.06.2021 12:17",
            "open": "2.9826",
            "high": "2.9826",
            "low": "2.9826",
            "close": "2.9877"
        },
        {
            "time": "19.06.2021 12:28",
            "open": "2.9877",
            "high": "3.0419",
            "low": "2.984",
            "close": "2.9877"
        },
        {
            "time": "19.06.2021 12:29",
            "open": "2.9877",
            "high": "2.9877",
            "low": "2.9877",
            "close": "2.992"
        },
        {
            "time": "19.06.2021 12:34",
            "open": "2.992",
            "high": "2.992",
            "low": "2.992",
            "close": "2.9848"
        },
        {
            "time": "19.06.2021 12:37",
            "open": "2.9848",
            "high": "2.9848",
            "low": "2.9848",
            "close": "2.9953"
        },
        {
            "time": "19.06.2021 12:52",
            "open": "2.9953",
            "high": "3.0148",
            "low": "2.9953",
            "close": "2.9912"
        },
        {
            "time": "19.06.2021 12:53",
            "open": "2.9912",
            "high": "2.9935",
            "low": "2.9865",
            "close": "2.9865"
        },
        {
            "time": "19.06.2021 12:54",
            "open": "2.9865",
            "high": "2.9865",
            "low": "2.9862",
            "close": "2.9868"
        },
        {
            "time": "19.06.2021 12:55",
            "open": "2.9868",
            "high": "2.9871",
            "low": "2.9868",
            "close": "2.9856"
        },
        {
            "time": "19.06.2021 12:56",
            "open": "2.9856",
            "high": "2.986",
            "low": "2.9856",
            "close": "2.986"
        },
        {
            "time": "19.06.2021 12:57",
            "open": "2.986",
            "high": "2.9871",
            "low": "2.9858",
            "close": "2.9872"
        },
        {
            "time": "19.06.2021 12:58",
            "open": "2.9872",
            "high": "2.9872",
            "low": "2.9872",
            "close": "2.9879"
        },
        {
            "time": "19.06.2021 12:59",
            "open": "2.9879",
            "high": "2.9879",
            "low": "2.9879",
            "close": "2.9851"
        },
        {
            "time": "19.06.2021 13:08",
            "open": "2.9851",
            "high": "2.9893",
            "low": "2.978",
            "close": "2.9913"
        },
        {
            "time": "19.06.2021 13:12",
            "open": "2.9913",
            "high": "2.9913",
            "low": "2.9913",
            "close": "3.0085"
        },
        {
            "time": "19.06.2021 13:51",
            "open": "3.0085",
            "high": "3.0085",
            "low": "3.0084",
            "close": "3.0085"
        },
        {
            "time": "19.06.2021 14:05",
            "open": "3.0085",
            "high": "3.0085",
            "low": "3.0085",
            "close": "3.033"
        },
        {
            "time": "19.06.2021 14:28",
            "open": "3.033",
            "high": "3.0332",
            "low": "3.033",
            "close": "3.0389"
        },
        {
            "time": "19.06.2021 14:30",
            "open": "3.0389",
            "high": "3.0389",
            "low": "3.0389",
            "close": "3.0055"
        },
        {
            "time": "19.06.2021 14:49",
            "open": "3.0055",
            "high": "3.0057",
            "low": "3.0011",
            "close": "3.0029"
        },
        {
            "time": "19.06.2021 14:51",
            "open": "3.0029",
            "high": "3.0029",
            "low": "2.9993",
            "close": "2.9952"
        },
        {
            "time": "19.06.2021 14:57",
            "open": "2.9952",
            "high": "2.9953",
            "low": "2.9952",
            "close": "2.9966"
        },
        {
            "time": "19.06.2021 14:58",
            "open": "2.9966",
            "high": "2.9966",
            "low": "2.9966",
            "close": "2.9902"
        },
        {
            "time": "19.06.2021 15:00",
            "open": "2.9902",
            "high": "2.9902",
            "low": "2.9869",
            "close": "2.9932"
        },
        {
            "time": "19.06.2021 15:01",
            "open": "2.9932",
            "high": "2.9955",
            "low": "2.9932",
            "close": "2.9937"
        },
        {
            "time": "19.06.2021 15:02",
            "open": "2.9937",
            "high": "2.9937",
            "low": "2.9937",
            "close": "2.9896"
        },
        {
            "time": "19.06.2021 15:03",
            "open": "2.9896",
            "high": "2.9896",
            "low": "2.9896",
            "close": "2.9913"
        },
        {
            "time": "19.06.2021 15:11",
            "open": "2.9913",
            "high": "2.9926",
            "low": "2.9913",
            "close": "2.9916"
        },
        {
            "time": "19.06.2021 15:12",
            "open": "2.9916",
            "high": "2.9916",
            "low": "2.9916",
            "close": "2.9891"
        },
        {
            "time": "19.06.2021 15:18",
            "open": "2.9891",
            "high": "2.9891",
            "low": "2.9788",
            "close": "2.9932"
        },
        {
            "time": "19.06.2021 15:20",
            "open": "2.9932",
            "high": "2.9932",
            "low": "2.9932",
            "close": "2.9929"
        },
        {
            "time": "19.06.2021 15:29",
            "open": "2.9929",
            "high": "2.9929",
            "low": "2.9929",
            "close": "2.9897"
        },
        {
            "time": "19.06.2021 15:44",
            "open": "2.9897",
            "high": "2.9897",
            "low": "2.9897",
            "close": "2.9878"
        },
        {
            "time": "19.06.2021 15:45",
            "open": "2.9878",
            "high": "2.9918",
            "low": "2.9878",
            "close": "2.9873"
        },
        {
            "time": "19.06.2021 16:00",
            "open": "2.9873",
            "high": "2.9873",
            "low": "2.9873",
            "close": "2.9834"
        },
        {
            "time": "19.06.2021 16:01",
            "open": "2.9834",
            "high": "2.9844",
            "low": "2.981",
            "close": "2.9876"
        },
        {
            "time": "19.06.2021 16:04",
            "open": "2.9876",
            "high": "2.9926",
            "low": "2.9876",
            "close": "2.9928"
        },
        {
            "time": "19.06.2021 16:13",
            "open": "2.9928",
            "high": "2.9928",
            "low": "2.9895",
            "close": "3.0036"
        },
        {
            "time": "19.06.2021 16:22",
            "open": "3.0036",
            "high": "3.0122",
            "low": "3.0009",
            "close": "3.0119"
        },
        {
            "time": "19.06.2021 16:41",
            "open": "3.0119",
            "high": "3.0119",
            "low": "3.0119",
            "close": "3.0177"
        },
        {
            "time": "19.06.2021 16:58",
            "open": "3.0177",
            "high": "3.0183",
            "low": "3.0177",
            "close": "3.0203"
        },
        {
            "time": "19.06.2021 17:16",
            "open": "3.0203",
            "high": "3.0203",
            "low": "3.0203",
            "close": "3.0155"
        },
        {
            "time": "19.06.2021 17:30",
            "open": "3.0155",
            "high": "3.0155",
            "low": "3.0155",
            "close": "3.0155"
        },
        {
            "time": "19.06.2021 17:37",
            "open": "3.0155",
            "high": "3.0155",
            "low": "3.0069",
            "close": "3.0021"
        },
        {
            "time": "19.06.2021 17:38",
            "open": "3.0021",
            "high": "3.0146",
            "low": "3.0021",
            "close": "3.0054"
        },
        {
            "time": "19.06.2021 17:43",
            "open": "3.0054",
            "high": "3.0054",
            "low": "2.9991",
            "close": "3.0156"
        },
        {
            "time": "19.06.2021 17:57",
            "open": "3.0156",
            "high": "3.0156",
            "low": "3.0156",
            "close": "3.0144"
        },
        {
            "time": "19.06.2021 18:06",
            "open": "3.0144",
            "high": "3.0144",
            "low": "3.0144",
            "close": "3.0071"
        },
        {
            "time": "19.06.2021 18:11",
            "open": "3.0071",
            "high": "3.0071",
            "low": "3.0069",
            "close": "3.004"
        },
        {
            "time": "19.06.2021 18:16",
            "open": "3.004",
            "high": "3.004",
            "low": "3.004",
            "close": "3.0013"
        },
        {
            "time": "19.06.2021 18:35",
            "open": "3.0013",
            "high": "3.0027",
            "low": "3.0013",
            "close": "3.0041"
        },
        {
            "time": "19.06.2021 18:41",
            "open": "3.0041",
            "high": "3.0041",
            "low": "3.0038",
            "close": "3.0011"
        },
        {
            "time": "19.06.2021 18:42",
            "open": "3.0011",
            "high": "3.0011",
            "low": "3.0011",
            "close": "3.0002"
        },
        {
            "time": "19.06.2021 18:45",
            "open": "3.0002",
            "high": "3.0002",
            "low": "3.0002",
            "close": "2.992"
        },
        {
            "time": "19.06.2021 18:50",
            "open": "2.992",
            "high": "2.9931",
            "low": "2.9905",
            "close": "3.0098"
        },
        {
            "time": "19.06.2021 19:00",
            "open": "3.0098",
            "high": "3.0098",
            "low": "3.009",
            "close": "2.9997"
        },
        {
            "time": "19.06.2021 19:03",
            "open": "2.9997",
            "high": "2.9997",
            "low": "2.9997",
            "close": "2.9956"
        },
        {
            "time": "19.06.2021 19:05",
            "open": "2.9956",
            "high": "2.9956",
            "low": "2.9956",
            "close": "2.9853"
        },
        {
            "time": "19.06.2021 19:21",
            "open": "2.9853",
            "high": "2.9853",
            "low": "2.9799",
            "close": "2.9843"
        },
        {
            "time": "19.06.2021 19:37",
            "open": "2.9843",
            "high": "2.9843",
            "low": "2.9842",
            "close": "2.9755"
        },
        {
            "time": "19.06.2021 19:56",
            "open": "2.9755",
            "high": "2.977",
            "low": "2.9755",
            "close": "2.9759"
        },
        {
            "time": "19.06.2021 20:00",
            "open": "2.9759",
            "high": "2.9759",
            "low": "2.9756",
            "close": "2.9677"
        },
        {
            "time": "19.06.2021 20:02",
            "open": "2.9677",
            "high": "2.9677",
            "low": "2.9677",
            "close": "2.9524"
        },
        {
            "time": "19.06.2021 20:11",
            "open": "2.9524",
            "high": "2.9524",
            "low": "2.9524",
            "close": "2.9476"
        },
        {
            "time": "19.06.2021 20:18",
            "open": "2.9476",
            "high": "2.9489",
            "low": "2.9476",
            "close": "2.9511"
        },
        {
            "time": "19.06.2021 20:19",
            "open": "2.9511",
            "high": "2.9511",
            "low": "2.9511",
            "close": "2.9417"
        },
        {
            "time": "19.06.2021 20:31",
            "open": "2.9417",
            "high": "2.9417",
            "low": "2.9341",
            "close": "2.9318"
        },
        {
            "time": "19.06.2021 20:32",
            "open": "2.9318",
            "high": "2.9527",
            "low": "2.9318",
            "close": "2.9424"
        },
        {
            "time": "19.06.2021 20:35",
            "open": "2.9424",
            "high": "2.9424",
            "low": "2.9424",
            "close": "2.9429"
        },
        {
            "time": "19.06.2021 20:36",
            "open": "2.9429",
            "high": "2.9429",
            "low": "2.9429",
            "close": "2.9482"
        },
        {
            "time": "19.06.2021 20:41",
            "open": "2.9482",
            "high": "2.9483",
            "low": "2.9482",
            "close": "2.9634"
        },
        {
            "time": "19.06.2021 21:04",
            "open": "2.9634",
            "high": "2.9899",
            "low": "2.9634",
            "close": "2.9681"
        },
        {
            "time": "19.06.2021 21:10",
            "open": "2.9681",
            "high": "2.9883",
            "low": "2.9566",
            "close": "2.9595"
        },
        {
            "time": "19.06.2021 21:11",
            "open": "2.9595",
            "high": "2.9595",
            "low": "2.9595",
            "close": "2.9621"
        },
        {
            "time": "19.06.2021 21:16",
            "open": "2.9621",
            "high": "2.9637",
            "low": "2.9621",
            "close": "2.9657"
        },
        {
            "time": "19.06.2021 21:21",
            "open": "2.9657",
            "high": "2.9657",
            "low": "2.9657",
            "close": "2.9766"
        },
        {
            "time": "19.06.2021 21:22",
            "open": "2.9766",
            "high": "2.9766",
            "low": "2.9766",
            "close": "2.9722"
        },
        {
            "time": "19.06.2021 21:31",
            "open": "2.9722",
            "high": "2.9722",
            "low": "2.9722",
            "close": "2.9755"
        },
        {
            "time": "19.06.2021 21:39",
            "open": "2.9755",
            "high": "2.9756",
            "low": "2.9755",
            "close": "2.9757"
        },
        {
            "time": "19.06.2021 22:00",
            "open": "2.9757",
            "high": "2.9861",
            "low": "2.9757",
            "close": "2.9688"
        },
        {
            "time": "19.06.2021 22:40",
            "open": "2.9688",
            "high": "2.9688",
            "low": "2.9688",
            "close": "2.9775"
        },
        {
            "time": "19.06.2021 22:49",
            "open": "2.9775",
            "high": "2.9775",
            "low": "2.9775",
            "close": "2.9923"
        },
        {
            "time": "19.06.2021 22:58",
            "open": "2.9923",
            "high": "3.0044",
            "low": "2.9871",
            "close": "2.984"
        },
        {
            "time": "19.06.2021 22:59",
            "open": "2.984",
            "high": "2.984",
            "low": "2.9795",
            "close": "2.9832"
        },
        {
            "time": "19.06.2021 23:27",
            "open": "2.9832",
            "high": "2.9858",
            "low": "2.9832",
            "close": "2.9856"
        },
        {
            "time": "19.06.2021 23:32",
            "open": "2.9856",
            "high": "2.9856",
            "low": "2.981",
            "close": "2.9815"
        }
    ]
}