{
    "BNT-EUR": [
        {
            "time": "24.03.2021 23:56",
            "open": "5.7898",
            "high": "5.7898",
            "low": "5.7886",
            "close": "5.777"
        },
        {
            "time": "25.03.2021 00:00",
            "open": "5.777",
            "high": "5.777",
            "low": "5.777",
            "close": "5.773"
        },
        {
            "time": "25.03.2021 00:04",
            "open": "5.773",
            "high": "5.7758",
            "low": "5.773",
            "close": "5.8098"
        },
        {
            "time": "25.03.2021 00:08",
            "open": "5.8098",
            "high": "5.8098",
            "low": "5.8098",
            "close": "5.8187"
        },
        {
            "time": "25.03.2021 00:10",
            "open": "5.8187",
            "high": "5.8187",
            "low": "5.8187",
            "close": "5.7977"
        },
        {
            "time": "25.03.2021 00:18",
            "open": "5.7977",
            "high": "5.7977",
            "low": "5.7634",
            "close": "5.7845"
        },
        {
            "time": "25.03.2021 00:19",
            "open": "5.7845",
            "high": "5.7845",
            "low": "5.7845",
            "close": "5.7714"
        },
        {
            "time": "25.03.2021 00:22",
            "open": "5.7714",
            "high": "5.7714",
            "low": "5.7696",
            "close": "5.8084"
        },
        {
            "time": "25.03.2021 00:28",
            "open": "5.8084",
            "high": "5.8084",
            "low": "5.8084",
            "close": "5.808"
        },
        {
            "time": "25.03.2021 00:30",
            "open": "5.808",
            "high": "5.808",
            "low": "5.808",
            "close": "5.8101"
        },
        {
            "time": "25.03.2021 00:40",
            "open": "5.8101",
            "high": "5.8187",
            "low": "5.8101",
            "close": "5.8209"
        },
        {
            "time": "25.03.2021 00:42",
            "open": "5.8209",
            "high": "5.8209",
            "low": "5.8209",
            "close": "5.8027"
        },
        {
            "time": "25.03.2021 00:55",
            "open": "5.8027",
            "high": "5.8027",
            "low": "5.8027",
            "close": "5.7574"
        },
        {
            "time": "25.03.2021 01:01",
            "open": "5.7574",
            "high": "5.7574",
            "low": "5.7574",
            "close": "5.7523"
        },
        {
            "time": "25.03.2021 01:03",
            "open": "5.7523",
            "high": "5.7647",
            "low": "5.7479",
            "close": "5.7687"
        },
        {
            "time": "25.03.2021 01:05",
            "open": "5.7687",
            "high": "5.7687",
            "low": "5.7687",
            "close": "5.7963"
        },
        {
            "time": "25.03.2021 01:06",
            "open": "5.7963",
            "high": "5.7963",
            "low": "5.79",
            "close": "5.8118"
        },
        {
            "time": "25.03.2021 01:13",
            "open": "5.8118",
            "high": "5.8118",
            "low": "5.8118",
            "close": "5.7983"
        },
        {
            "time": "25.03.2021 01:15",
            "open": "5.7983",
            "high": "5.7983",
            "low": "5.796",
            "close": "5.7965"
        },
        {
            "time": "25.03.2021 01:25",
            "open": "5.7965",
            "high": "5.8",
            "low": "5.7965",
            "close": "5.766"
        },
        {
            "time": "25.03.2021 01:40",
            "open": "5.766",
            "high": "5.766",
            "low": "5.766",
            "close": "5.7762"
        },
        {
            "time": "25.03.2021 01:46",
            "open": "5.7762",
            "high": "5.7762",
            "low": "5.7762",
            "close": "5.7682"
        },
        {
            "time": "25.03.2021 01:52",
            "open": "5.7682",
            "high": "5.7682",
            "low": "5.7682",
            "close": "5.7747"
        },
        {
            "time": "25.03.2021 01:58",
            "open": "5.7747",
            "high": "5.7747",
            "low": "5.7747",
            "close": "5.7546"
        },
        {
            "time": "25.03.2021 02:01",
            "open": "5.7546",
            "high": "5.7627",
            "low": "5.7546",
            "close": "5.7736"
        },
        {
            "time": "25.03.2021 02:04",
            "open": "5.7736",
            "high": "5.7736",
            "low": "5.7735",
            "close": "5.7604"
        },
        {
            "time": "25.03.2021 02:11",
            "open": "5.7604",
            "high": "5.7604",
            "low": "5.7604",
            "close": "5.7604"
        },
        {
            "time": "25.03.2021 02:12",
            "open": "5.7604",
            "high": "5.7629",
            "low": "5.7604",
            "close": "5.7455"
        },
        {
            "time": "25.03.2021 02:30",
            "open": "5.7455",
            "high": "5.746",
            "low": "5.7358",
            "close": "5.7273"
        },
        {
            "time": "25.03.2021 02:31",
            "open": "5.7273",
            "high": "5.7273",
            "low": "5.7273",
            "close": "5.7025"
        },
        {
            "time": "25.03.2021 02:36",
            "open": "5.7025",
            "high": "5.7025",
            "low": "5.7004",
            "close": "5.701"
        },
        {
            "time": "25.03.2021 02:37",
            "open": "5.701",
            "high": "5.701",
            "low": "5.701",
            "close": "5.7192"
        },
        {
            "time": "25.03.2021 02:39",
            "open": "5.7192",
            "high": "5.7192",
            "low": "5.7192",
            "close": "5.7249"
        },
        {
            "time": "25.03.2021 02:43",
            "open": "5.7249",
            "high": "5.7252",
            "low": "5.7249",
            "close": "5.7173"
        },
        {
            "time": "25.03.2021 02:44",
            "open": "5.7173",
            "high": "5.7173",
            "low": "5.7173",
            "close": "5.6936"
        },
        {
            "time": "25.03.2021 02:55",
            "open": "5.6936",
            "high": "5.6936",
            "low": "5.6875",
            "close": "5.6602"
        },
        {
            "time": "25.03.2021 02:59",
            "open": "5.6602",
            "high": "5.6612",
            "low": "5.659",
            "close": "5.6455"
        },
        {
            "time": "25.03.2021 03:00",
            "open": "5.6455",
            "high": "5.6455",
            "low": "5.6455",
            "close": "5.6391"
        },
        {
            "time": "25.03.2021 03:01",
            "open": "5.6391",
            "high": "5.6391",
            "low": "5.6391",
            "close": "5.6593"
        },
        {
            "time": "25.03.2021 03:02",
            "open": "5.6593",
            "high": "5.6786",
            "low": "5.6593",
            "close": "5.6864"
        },
        {
            "time": "25.03.2021 03:03",
            "open": "5.6864",
            "high": "5.6967",
            "low": "5.6864",
            "close": "5.7124"
        },
        {
            "time": "25.03.2021 03:05",
            "open": "5.7124",
            "high": "5.7124",
            "low": "5.7124",
            "close": "5.6735"
        },
        {
            "time": "25.03.2021 03:12",
            "open": "5.6735",
            "high": "5.6735",
            "low": "5.6735",
            "close": "5.6699"
        },
        {
            "time": "25.03.2021 03:18",
            "open": "5.6699",
            "high": "5.6699",
            "low": "5.6699",
            "close": "5.6864"
        },
        {
            "time": "25.03.2021 03:23",
            "open": "5.6864",
            "high": "5.6864",
            "low": "5.6864",
            "close": "5.6903"
        },
        {
            "time": "25.03.2021 03:27",
            "open": "5.6903",
            "high": "5.6903",
            "low": "5.6903",
            "close": "5.7101"
        },
        {
            "time": "25.03.2021 03:29",
            "open": "5.7101",
            "high": "5.7101",
            "low": "5.7101",
            "close": "5.7263"
        },
        {
            "time": "25.03.2021 03:36",
            "open": "5.7263",
            "high": "5.7263",
            "low": "5.7263",
            "close": "5.7302"
        },
        {
            "time": "25.03.2021 03:38",
            "open": "5.7302",
            "high": "5.7302",
            "low": "5.7302",
            "close": "5.743"
        },
        {
            "time": "25.03.2021 03:48",
            "open": "5.743",
            "high": "5.743",
            "low": "5.743",
            "close": "5.7182"
        },
        {
            "time": "25.03.2021 03:53",
            "open": "5.7182",
            "high": "5.7182",
            "low": "5.7182",
            "close": "5.7111"
        },
        {
            "time": "25.03.2021 03:54",
            "open": "5.7111",
            "high": "5.7111",
            "low": "5.7109",
            "close": "5.7"
        },
        {
            "time": "25.03.2021 03:56",
            "open": "5.69",
            "high": "5.69",
            "low": "5.69",
            "close": "5.6962"
        },
        {
            "time": "25.03.2021 04:17",
            "open": "5.6962",
            "high": "5.6962",
            "low": "5.696",
            "close": "5.69"
        },
        {
            "time": "25.03.2021 04:26",
            "open": "5.69",
            "high": "5.69",
            "low": "5.69",
            "close": "5.6729"
        },
        {
            "time": "25.03.2021 04:29",
            "open": "5.6729",
            "high": "5.6729",
            "low": "5.6729",
            "close": "5.7055"
        },
        {
            "time": "25.03.2021 05:34",
            "open": "5.7055",
            "high": "5.7055",
            "low": "5.7055",
            "close": "5.7387"
        },
        {
            "time": "25.03.2021 05:47",
            "open": "5.7387",
            "high": "5.7387",
            "low": "5.7387",
            "close": "5.7475"
        },
        {
            "time": "25.03.2021 06:17",
            "open": "5.7475",
            "high": "5.7611",
            "low": "5.7475",
            "close": "5.7738"
        },
        {
            "time": "25.03.2021 06:19",
            "open": "5.7738",
            "high": "5.7744",
            "low": "5.7738",
            "close": "5.7811"
        },
        {
            "time": "25.03.2021 06:20",
            "open": "5.7811",
            "high": "5.7811",
            "low": "5.7811",
            "close": "5.7811"
        },
        {
            "time": "25.03.2021 06:22",
            "open": "5.7811",
            "high": "5.7811",
            "low": "5.7811",
            "close": "5.7845"
        },
        {
            "time": "25.03.2021 06:28",
            "open": "5.7845",
            "high": "5.7866",
            "low": "5.7845",
            "close": "5.7859"
        },
        {
            "time": "25.03.2021 06:32",
            "open": "5.7859",
            "high": "5.7859",
            "low": "5.7859",
            "close": "5.7804"
        },
        {
            "time": "25.03.2021 06:33",
            "open": "5.7804",
            "high": "5.7804",
            "low": "5.7804",
            "close": "5.7804"
        },
        {
            "time": "25.03.2021 06:42",
            "open": "5.7804",
            "high": "5.7804",
            "low": "5.7804",
            "close": "5.8006"
        },
        {
            "time": "25.03.2021 07:02",
            "open": "5.8006",
            "high": "5.8006",
            "low": "5.8006",
            "close": "5.8102"
        },
        {
            "time": "25.03.2021 07:03",
            "open": "5.8102",
            "high": "5.8103",
            "low": "5.8102",
            "close": "5.812"
        },
        {
            "time": "25.03.2021 07:05",
            "open": "5.812",
            "high": "5.8121",
            "low": "5.812",
            "close": "5.817"
        },
        {
            "time": "25.03.2021 07:07",
            "open": "5.817",
            "high": "5.817",
            "low": "5.8169",
            "close": "5.8187"
        },
        {
            "time": "25.03.2021 07:08",
            "open": "5.8187",
            "high": "5.8187",
            "low": "5.8187",
            "close": "5.8439"
        },
        {
            "time": "25.03.2021 07:14",
            "open": "5.8439",
            "high": "5.8531",
            "low": "5.8439",
            "close": "5.8531"
        },
        {
            "time": "25.03.2021 07:15",
            "open": "5.8531",
            "high": "5.8547",
            "low": "5.8483",
            "close": "5.8483"
        },
        {
            "time": "25.03.2021 07:17",
            "open": "5.8483",
            "high": "5.8483",
            "low": "5.8483",
            "close": "5.8384"
        },
        {
            "time": "25.03.2021 07:25",
            "open": "5.8384",
            "high": "5.8384",
            "low": "5.8384",
            "close": "5.827"
        },
        {
            "time": "25.03.2021 07:26",
            "open": "5.827",
            "high": "5.8308",
            "low": "5.827",
            "close": "5.83"
        },
        {
            "time": "25.03.2021 07:27",
            "open": "5.83",
            "high": "5.8324",
            "low": "5.83",
            "close": "5.7957"
        },
        {
            "time": "25.03.2021 07:35",
            "open": "5.7957",
            "high": "5.7957",
            "low": "5.7955",
            "close": "5.8022"
        },
        {
            "time": "25.03.2021 07:39",
            "open": "5.8022",
            "high": "5.8022",
            "low": "5.8022",
            "close": "5.7891"
        },
        {
            "time": "25.03.2021 07:46",
            "open": "5.7891",
            "high": "5.7891",
            "low": "5.7891",
            "close": "5.8036"
        },
        {
            "time": "25.03.2021 08:00",
            "open": "5.8036",
            "high": "5.8036",
            "low": "5.8036",
            "close": "5.8058"
        },
        {
            "time": "25.03.2021 08:02",
            "open": "5.8058",
            "high": "5.8058",
            "low": "5.8058",
            "close": "5.8211"
        },
        {
            "time": "25.03.2021 08:04",
            "open": "5.8211",
            "high": "5.8211",
            "low": "5.8211",
            "close": "5.8194"
        },
        {
            "time": "25.03.2021 08:07",
            "open": "5.8194",
            "high": "5.8194",
            "low": "5.8194",
            "close": "5.7836"
        },
        {
            "time": "25.03.2021 08:31",
            "open": "5.7836",
            "high": "5.7908",
            "low": "5.7836",
            "close": "5.7615"
        },
        {
            "time": "25.03.2021 08:52",
            "open": "5.7615",
            "high": "5.7615",
            "low": "5.7615",
            "close": "5.7611"
        },
        {
            "time": "25.03.2021 08:55",
            "open": "5.7611",
            "high": "5.7611",
            "low": "5.7611",
            "close": "5.7629"
        },
        {
            "time": "25.03.2021 08:56",
            "open": "5.7629",
            "high": "5.7629",
            "low": "5.7629",
            "close": "5.7611"
        },
        {
            "time": "25.03.2021 08:59",
            "open": "5.7611",
            "high": "5.7611",
            "low": "5.7424",
            "close": "5.741"
        },
        {
            "time": "25.03.2021 09:00",
            "open": "5.741",
            "high": "5.741",
            "low": "5.741",
            "close": "5.7665"
        },
        {
            "time": "25.03.2021 09:12",
            "open": "5.7665",
            "high": "5.7665",
            "low": "5.7656",
            "close": "5.7964"
        },
        {
            "time": "25.03.2021 09:16",
            "open": "5.7964",
            "high": "5.8068",
            "low": "5.7963",
            "close": "5.8024"
        },
        {
            "time": "25.03.2021 09:17",
            "open": "5.8024",
            "high": "5.8084",
            "low": "5.8024",
            "close": "5.8036"
        },
        {
            "time": "25.03.2021 09:18",
            "open": "5.8036",
            "high": "5.8036",
            "low": "5.8036",
            "close": "5.7882"
        },
        {
            "time": "25.03.2021 09:23",
            "open": "5.7882",
            "high": "5.7882",
            "low": "5.7882",
            "close": "5.8019"
        },
        {
            "time": "25.03.2021 09:25",
            "open": "5.8019",
            "high": "5.8019",
            "low": "5.8019",
            "close": "5.7656"
        },
        {
            "time": "25.03.2021 09:29",
            "open": "5.7656",
            "high": "5.7656",
            "low": "5.7656",
            "close": "5.7658"
        },
        {
            "time": "25.03.2021 09:32",
            "open": "5.7658",
            "high": "5.7658",
            "low": "5.7658",
            "close": "5.7346"
        },
        {
            "time": "25.03.2021 09:35",
            "open": "5.7346",
            "high": "5.7346",
            "low": "5.7346",
            "close": "5.7477"
        },
        {
            "time": "25.03.2021 09:37",
            "open": "5.7477",
            "high": "5.7566",
            "low": "5.7477",
            "close": "5.8087"
        },
        {
            "time": "25.03.2021 09:46",
            "open": "5.8087",
            "high": "5.8095",
            "low": "5.8087",
            "close": "5.8002"
        },
        {
            "time": "25.03.2021 09:56",
            "open": "5.8002",
            "high": "5.8002",
            "low": "5.8002",
            "close": "5.8002"
        },
        {
            "time": "25.03.2021 09:58",
            "open": "5.8002",
            "high": "5.8002",
            "low": "5.8002",
            "close": "5.7918"
        },
        {
            "time": "25.03.2021 10:04",
            "open": "5.7918",
            "high": "5.7918",
            "low": "5.7918",
            "close": "5.7755"
        },
        {
            "time": "25.03.2021 10:05",
            "open": "5.7755",
            "high": "5.7755",
            "low": "5.7755",
            "close": "5.7907"
        },
        {
            "time": "25.03.2021 10:09",
            "open": "5.7907",
            "high": "5.7907",
            "low": "5.7907",
            "close": "5.7769"
        },
        {
            "time": "25.03.2021 10:11",
            "open": "5.7769",
            "high": "5.7838",
            "low": "5.7769",
            "close": "5.7597"
        },
        {
            "time": "25.03.2021 10:15",
            "open": "5.7597",
            "high": "5.7597",
            "low": "5.7597",
            "close": "5.7763"
        },
        {
            "time": "25.03.2021 10:16",
            "open": "5.7763",
            "high": "5.7763",
            "low": "5.7763",
            "close": "5.8143"
        },
        {
            "time": "25.03.2021 10:19",
            "open": "5.8143",
            "high": "5.8143",
            "low": "5.8143",
            "close": "5.8107"
        },
        {
            "time": "25.03.2021 10:21",
            "open": "5.8107",
            "high": "5.8107",
            "low": "5.8107",
            "close": "5.8107"
        },
        {
            "time": "25.03.2021 10:22",
            "open": "5.8107",
            "high": "5.8107",
            "low": "5.8107",
            "close": "5.8014"
        },
        {
            "time": "25.03.2021 10:26",
            "open": "5.8014",
            "high": "5.8014",
            "low": "5.7984",
            "close": "5.7964"
        },
        {
            "time": "25.03.2021 10:27",
            "open": "5.7964",
            "high": "5.7964",
            "low": "5.79",
            "close": "5.8048"
        },
        {
            "time": "25.03.2021 10:30",
            "open": "5.8048",
            "high": "5.8048",
            "low": "5.8048",
            "close": "5.8051"
        },
        {
            "time": "25.03.2021 10:32",
            "open": "5.8051",
            "high": "5.8051",
            "low": "5.8051",
            "close": "5.7971"
        },
        {
            "time": "25.03.2021 10:33",
            "open": "5.7971",
            "high": "5.7971",
            "low": "5.7971",
            "close": "5.8104"
        },
        {
            "time": "25.03.2021 10:39",
            "open": "5.8104",
            "high": "5.872",
            "low": "5.8104",
            "close": "5.8386"
        },
        {
            "time": "25.03.2021 10:40",
            "open": "5.8386",
            "high": "5.8386",
            "low": "5.8385",
            "close": "5.8289"
        },
        {
            "time": "25.03.2021 10:42",
            "open": "5.8289",
            "high": "5.8289",
            "low": "5.8289",
            "close": "5.8297"
        },
        {
            "time": "25.03.2021 10:44",
            "open": "5.8297",
            "high": "5.8297",
            "low": "5.8297",
            "close": "5.8297"
        },
        {
            "time": "25.03.2021 10:48",
            "open": "5.8297",
            "high": "5.8297",
            "low": "5.8297",
            "close": "5.8297"
        },
        {
            "time": "25.03.2021 10:49",
            "open": "5.8297",
            "high": "5.8297",
            "low": "5.8297",
            "close": "5.8235"
        },
        {
            "time": "25.03.2021 10:50",
            "open": "5.8235",
            "high": "5.8235",
            "low": "5.8235",
            "close": "5.8296"
        },
        {
            "time": "25.03.2021 10:51",
            "open": "5.8296",
            "high": "5.8303",
            "low": "5.8296",
            "close": "5.8291"
        },
        {
            "time": "25.03.2021 10:52",
            "open": "5.8291",
            "high": "5.8309",
            "low": "5.8291",
            "close": "5.8508"
        },
        {
            "time": "25.03.2021 10:55",
            "open": "5.8508",
            "high": "5.8508",
            "low": "5.8508",
            "close": "5.8514"
        },
        {
            "time": "25.03.2021 10:56",
            "open": "5.8514",
            "high": "5.8514",
            "low": "5.8514",
            "close": "5.8371"
        },
        {
            "time": "25.03.2021 10:59",
            "open": "5.8371",
            "high": "5.8371",
            "low": "5.8371",
            "close": "5.8448"
        },
        {
            "time": "25.03.2021 11:00",
            "open": "5.8448",
            "high": "5.8448",
            "low": "5.8448",
            "close": "5.843"
        },
        {
            "time": "25.03.2021 11:01",
            "open": "5.843",
            "high": "5.8438",
            "low": "5.843",
            "close": "5.8442"
        },
        {
            "time": "25.03.2021 11:02",
            "open": "5.8442",
            "high": "5.8515",
            "low": "5.8438",
            "close": "5.8083"
        },
        {
            "time": "25.03.2021 11:08",
            "open": "5.8083",
            "high": "5.8083",
            "low": "5.8083",
            "close": "5.8316"
        },
        {
            "time": "25.03.2021 11:25",
            "open": "5.8316",
            "high": "5.8317",
            "low": "5.8316",
            "close": "5.845"
        },
        {
            "time": "25.03.2021 11:28",
            "open": "5.845",
            "high": "5.845",
            "low": "5.845",
            "close": "5.8539"
        },
        {
            "time": "25.03.2021 11:33",
            "open": "5.8539",
            "high": "5.8539",
            "low": "5.8536",
            "close": "5.874"
        },
        {
            "time": "25.03.2021 11:39",
            "open": "5.874",
            "high": "5.8742",
            "low": "5.874",
            "close": "5.87"
        },
        {
            "time": "25.03.2021 11:42",
            "open": "5.87",
            "high": "5.87",
            "low": "5.8699",
            "close": "5.8753"
        },
        {
            "time": "25.03.2021 11:45",
            "open": "5.8753",
            "high": "5.8896",
            "low": "5.8753",
            "close": "5.8826"
        },
        {
            "time": "25.03.2021 11:46",
            "open": "5.8826",
            "high": "5.8826",
            "low": "5.8666",
            "close": "5.8731"
        },
        {
            "time": "25.03.2021 11:47",
            "open": "5.8731",
            "high": "5.8775",
            "low": "5.8731",
            "close": "5.8482"
        },
        {
            "time": "25.03.2021 11:48",
            "open": "5.8482",
            "high": "5.8482",
            "low": "5.8474",
            "close": "5.843"
        },
        {
            "time": "25.03.2021 11:49",
            "open": "5.843",
            "high": "5.843",
            "low": "5.843",
            "close": "5.8905"
        },
        {
            "time": "25.03.2021 11:56",
            "open": "5.8905",
            "high": "5.8905",
            "low": "5.8905",
            "close": "5.889"
        },
        {
            "time": "25.03.2021 12:05",
            "open": "5.889",
            "high": "5.889",
            "low": "5.8822",
            "close": "5.8718"
        },
        {
            "time": "25.03.2021 12:06",
            "open": "5.8718",
            "high": "5.8718",
            "low": "5.8578",
            "close": "5.8815"
        },
        {
            "time": "25.03.2021 12:11",
            "open": "5.8815",
            "high": "5.8815",
            "low": "5.8815",
            "close": "5.8625"
        },
        {
            "time": "25.03.2021 12:26",
            "open": "5.8625",
            "high": "5.8688",
            "low": "5.8625",
            "close": "5.8614"
        },
        {
            "time": "25.03.2021 12:28",
            "open": "5.8614",
            "high": "5.8614",
            "low": "5.8614",
            "close": "5.8549"
        },
        {
            "time": "25.03.2021 12:29",
            "open": "5.8549",
            "high": "5.8549",
            "low": "5.8549",
            "close": "5.8192"
        },
        {
            "time": "25.03.2021 12:47",
            "open": "5.8192",
            "high": "5.8192",
            "low": "5.8192",
            "close": "5.7952"
        },
        {
            "time": "25.03.2021 12:48",
            "open": "5.7952",
            "high": "5.7952",
            "low": "5.7952",
            "close": "5.7967"
        },
        {
            "time": "25.03.2021 12:49",
            "open": "5.7967",
            "high": "5.7967",
            "low": "5.7967",
            "close": "5.8068"
        },
        {
            "time": "25.03.2021 12:50",
            "open": "5.8068",
            "high": "5.8068",
            "low": "5.8068",
            "close": "5.8082"
        },
        {
            "time": "25.03.2021 12:51",
            "open": "5.8082",
            "high": "5.8082",
            "low": "5.8082",
            "close": "5.8028"
        },
        {
            "time": "25.03.2021 12:55",
            "open": "5.8028",
            "high": "5.8028",
            "low": "5.8028",
            "close": "5.7952"
        },
        {
            "time": "25.03.2021 12:56",
            "open": "5.7952",
            "high": "5.7952",
            "low": "5.7952",
            "close": "5.7769"
        },
        {
            "time": "25.03.2021 12:58",
            "open": "5.7769",
            "high": "5.7769",
            "low": "5.7769",
            "close": "5.7848"
        },
        {
            "time": "25.03.2021 13:00",
            "open": "5.7848",
            "high": "5.8055",
            "low": "5.7848",
            "close": "5.7611"
        },
        {
            "time": "25.03.2021 13:06",
            "open": "5.7611",
            "high": "5.7611",
            "low": "5.761",
            "close": "5.7437"
        },
        {
            "time": "25.03.2021 13:08",
            "open": "5.7437",
            "high": "5.7437",
            "low": "5.7437",
            "close": "5.7273"
        },
        {
            "time": "25.03.2021 13:09",
            "open": "5.7273",
            "high": "5.7273",
            "low": "5.7273",
            "close": "5.7359"
        },
        {
            "time": "25.03.2021 13:11",
            "open": "5.7359",
            "high": "5.7359",
            "low": "5.7214",
            "close": "5.7214"
        },
        {
            "time": "25.03.2021 13:12",
            "open": "5.7214",
            "high": "5.7214",
            "low": "5.6936",
            "close": "5.6936"
        },
        {
            "time": "25.03.2021 13:13",
            "open": "5.6936",
            "high": "5.6936",
            "low": "5.683",
            "close": "5.679"
        },
        {
            "time": "25.03.2021 13:14",
            "open": "5.679",
            "high": "5.6969",
            "low": "5.6779",
            "close": "5.6918"
        },
        {
            "time": "25.03.2021 13:15",
            "open": "5.6918",
            "high": "5.6918",
            "low": "5.6918",
            "close": "5.6918"
        },
        {
            "time": "25.03.2021 13:16",
            "open": "5.6918",
            "high": "5.6918",
            "low": "5.6877",
            "close": "5.6797"
        },
        {
            "time": "25.03.2021 13:20",
            "open": "5.6797",
            "high": "5.6797",
            "low": "5.6797",
            "close": "5.6882"
        },
        {
            "time": "25.03.2021 13:23",
            "open": "5.6882",
            "high": "5.6882",
            "low": "5.6841",
            "close": "5.6602"
        },
        {
            "time": "25.03.2021 13:26",
            "open": "5.6602",
            "high": "5.6602",
            "low": "5.6602",
            "close": "5.6602"
        },
        {
            "time": "25.03.2021 13:27",
            "open": "5.6602",
            "high": "5.6602",
            "low": "5.6463",
            "close": "5.6278"
        },
        {
            "time": "25.03.2021 13:28",
            "open": "5.6278",
            "high": "5.6278",
            "low": "5.62",
            "close": "5.6476"
        },
        {
            "time": "25.03.2021 13:30",
            "open": "5.6476",
            "high": "5.6476",
            "low": "5.6475",
            "close": "5.649"
        },
        {
            "time": "25.03.2021 13:32",
            "open": "5.649",
            "high": "5.649",
            "low": "5.649",
            "close": "5.6352"
        },
        {
            "time": "25.03.2021 13:33",
            "open": "5.6352",
            "high": "5.6352",
            "low": "5.6352",
            "close": "5.613"
        },
        {
            "time": "25.03.2021 13:35",
            "open": "5.613",
            "high": "5.613",
            "low": "5.6007",
            "close": "5.6112"
        },
        {
            "time": "25.03.2021 13:36",
            "open": "5.6112",
            "high": "5.6112",
            "low": "5.6112",
            "close": "5.6"
        },
        {
            "time": "25.03.2021 13:37",
            "open": "5.6",
            "high": "5.6",
            "low": "5.5834",
            "close": "5.6164"
        },
        {
            "time": "25.03.2021 13:38",
            "open": "5.6164",
            "high": "5.6165",
            "low": "5.6023",
            "close": "5.6281"
        },
        {
            "time": "25.03.2021 13:40",
            "open": "5.6281",
            "high": "5.6281",
            "low": "5.6152",
            "close": "5.6275"
        },
        {
            "time": "25.03.2021 13:41",
            "open": "5.6275",
            "high": "5.6275",
            "low": "5.6039",
            "close": "5.6204"
        },
        {
            "time": "25.03.2021 13:42",
            "open": "5.6204",
            "high": "5.6383",
            "low": "5.6192",
            "close": "5.6697"
        },
        {
            "time": "25.03.2021 13:44",
            "open": "5.6697",
            "high": "5.6699",
            "low": "5.6697",
            "close": "5.6771"
        },
        {
            "time": "25.03.2021 13:45",
            "open": "5.6771",
            "high": "5.6832",
            "low": "5.6771",
            "close": "5.7117"
        },
        {
            "time": "25.03.2021 13:49",
            "open": "5.7117",
            "high": "5.7117",
            "low": "5.7117",
            "close": "5.6987"
        },
        {
            "time": "25.03.2021 13:50",
            "open": "5.6987",
            "high": "5.6987",
            "low": "5.6987",
            "close": "5.6917"
        },
        {
            "time": "25.03.2021 13:55",
            "open": "5.6917",
            "high": "5.6917",
            "low": "5.6763",
            "close": "5.6983"
        },
        {
            "time": "25.03.2021 13:58",
            "open": "5.6983",
            "high": "5.6983",
            "low": "5.6983",
            "close": "5.6868"
        },
        {
            "time": "25.03.2021 14:00",
            "open": "5.6868",
            "high": "5.7",
            "low": "5.6868",
            "close": "5.6919"
        },
        {
            "time": "25.03.2021 14:03",
            "open": "5.6919",
            "high": "5.6919",
            "low": "5.6919",
            "close": "5.6574"
        },
        {
            "time": "25.03.2021 14:15",
            "open": "5.6574",
            "high": "5.6574",
            "low": "5.6573",
            "close": "5.6912"
        },
        {
            "time": "25.03.2021 14:20",
            "open": "5.6912",
            "high": "5.6912",
            "low": "5.6904",
            "close": "5.6889"
        },
        {
            "time": "25.03.2021 14:21",
            "open": "5.6889",
            "high": "5.6889",
            "low": "5.6889",
            "close": "5.6928"
        },
        {
            "time": "25.03.2021 14:22",
            "open": "5.6928",
            "high": "5.6928",
            "low": "5.6928",
            "close": "5.7046"
        },
        {
            "time": "25.03.2021 14:23",
            "open": "5.7046",
            "high": "5.7087",
            "low": "5.7046",
            "close": "5.6724"
        },
        {
            "time": "25.03.2021 14:27",
            "open": "5.6724",
            "high": "5.6833",
            "low": "5.668",
            "close": "5.68"
        },
        {
            "time": "25.03.2021 14:28",
            "open": "5.68",
            "high": "5.68",
            "low": "5.68",
            "close": "5.7167"
        },
        {
            "time": "25.03.2021 14:32",
            "open": "5.7167",
            "high": "5.7167",
            "low": "5.7167",
            "close": "5.7506"
        },
        {
            "time": "25.03.2021 14:34",
            "open": "5.7506",
            "high": "5.7506",
            "low": "5.7506",
            "close": "5.7486"
        },
        {
            "time": "25.03.2021 14:40",
            "open": "5.7486",
            "high": "5.7518",
            "low": "5.7486",
            "close": "5.7556"
        },
        {
            "time": "25.03.2021 14:41",
            "open": "5.7556",
            "high": "5.76",
            "low": "5.7556",
            "close": "5.76"
        },
        {
            "time": "25.03.2021 14:43",
            "open": "5.76",
            "high": "5.7622",
            "low": "5.76",
            "close": "5.7772"
        },
        {
            "time": "25.03.2021 14:52",
            "open": "5.7772",
            "high": "5.7772",
            "low": "5.7772",
            "close": "5.7771"
        },
        {
            "time": "25.03.2021 14:53",
            "open": "5.7771",
            "high": "5.7771",
            "low": "5.7771",
            "close": "5.7541"
        },
        {
            "time": "25.03.2021 14:57",
            "open": "5.7541",
            "high": "5.7541",
            "low": "5.7541",
            "close": "5.758"
        },
        {
            "time": "25.03.2021 15:00",
            "open": "5.758",
            "high": "5.758",
            "low": "5.758",
            "close": "5.7766"
        },
        {
            "time": "25.03.2021 15:04",
            "open": "5.7766",
            "high": "5.7766",
            "low": "5.7766",
            "close": "5.7626"
        },
        {
            "time": "25.03.2021 15:06",
            "open": "5.7626",
            "high": "5.7626",
            "low": "5.7626",
            "close": "5.7773"
        },
        {
            "time": "25.03.2021 15:07",
            "open": "5.7773",
            "high": "5.7845",
            "low": "5.7773",
            "close": "5.8144"
        },
        {
            "time": "25.03.2021 15:10",
            "open": "5.8144",
            "high": "5.8156",
            "low": "5.8144",
            "close": "5.8187"
        },
        {
            "time": "25.03.2021 15:11",
            "open": "5.8187",
            "high": "5.8205",
            "low": "5.8187",
            "close": "5.8071"
        },
        {
            "time": "25.03.2021 15:12",
            "open": "5.8071",
            "high": "5.8071",
            "low": "5.8071",
            "close": "5.7939"
        },
        {
            "time": "25.03.2021 15:15",
            "open": "5.7939",
            "high": "5.7939",
            "low": "5.7939",
            "close": "5.8024"
        },
        {
            "time": "25.03.2021 15:17",
            "open": "5.8024",
            "high": "5.8024",
            "low": "5.7878",
            "close": "5.8003"
        },
        {
            "time": "25.03.2021 15:21",
            "open": "5.8003",
            "high": "5.8003",
            "low": "5.8003",
            "close": "5.8133"
        },
        {
            "time": "25.03.2021 15:25",
            "open": "5.8133",
            "high": "5.8136",
            "low": "5.8133",
            "close": "5.7856"
        },
        {
            "time": "25.03.2021 15:29",
            "open": "5.7856",
            "high": "5.7856",
            "low": "5.7856",
            "close": "5.786"
        },
        {
            "time": "25.03.2021 15:30",
            "open": "5.786",
            "high": "5.786",
            "low": "5.786",
            "close": "5.786"
        },
        {
            "time": "25.03.2021 15:31",
            "open": "5.786",
            "high": "5.786",
            "low": "5.7812",
            "close": "5.784"
        },
        {
            "time": "25.03.2021 15:32",
            "open": "5.784",
            "high": "5.784",
            "low": "5.784",
            "close": "5.7568"
        },
        {
            "time": "25.03.2021 15:33",
            "open": "5.7568",
            "high": "5.7568",
            "low": "5.7552",
            "close": "5.7698"
        },
        {
            "time": "25.03.2021 15:36",
            "open": "5.7698",
            "high": "5.7748",
            "low": "5.7698",
            "close": "5.7669"
        },
        {
            "time": "25.03.2021 15:37",
            "open": "5.7669",
            "high": "5.7669",
            "low": "5.7618",
            "close": "5.7393"
        },
        {
            "time": "25.03.2021 15:38",
            "open": "5.7393",
            "high": "5.7393",
            "low": "5.734",
            "close": "5.7565"
        },
        {
            "time": "25.03.2021 15:40",
            "open": "5.7565",
            "high": "5.7565",
            "low": "5.7565",
            "close": "5.7534"
        },
        {
            "time": "25.03.2021 15:47",
            "open": "5.7534",
            "high": "5.7534",
            "low": "5.7421",
            "close": "5.7273"
        },
        {
            "time": "25.03.2021 15:48",
            "open": "5.7273",
            "high": "5.7273",
            "low": "5.7273",
            "close": "5.7676"
        },
        {
            "time": "25.03.2021 15:52",
            "open": "5.7676",
            "high": "5.7677",
            "low": "5.7676",
            "close": "5.7273"
        },
        {
            "time": "25.03.2021 15:58",
            "open": "5.7273",
            "high": "5.7273",
            "low": "5.7207",
            "close": "5.738"
        },
        {
            "time": "25.03.2021 16:02",
            "open": "5.738",
            "high": "5.738",
            "low": "5.738",
            "close": "5.7191"
        },
        {
            "time": "25.03.2021 16:03",
            "open": "5.7191",
            "high": "5.7274",
            "low": "5.7191",
            "close": "5.7191"
        },
        {
            "time": "25.03.2021 16:05",
            "open": "5.7191",
            "high": "5.7191",
            "low": "5.7191",
            "close": "5.7112"
        },
        {
            "time": "25.03.2021 16:07",
            "open": "5.7112",
            "high": "5.7112",
            "low": "5.697",
            "close": "5.6969"
        },
        {
            "time": "25.03.2021 16:09",
            "open": "5.6969",
            "high": "5.6969",
            "low": "5.692",
            "close": "5.7056"
        },
        {
            "time": "25.03.2021 16:14",
            "open": "5.7056",
            "high": "5.7056",
            "low": "5.7056",
            "close": "5.7039"
        },
        {
            "time": "25.03.2021 16:17",
            "open": "5.7039",
            "high": "5.7039",
            "low": "5.703",
            "close": "5.6928"
        },
        {
            "time": "25.03.2021 16:20",
            "open": "5.6928",
            "high": "5.6928",
            "low": "5.6928",
            "close": "5.7272"
        },
        {
            "time": "25.03.2021 16:25",
            "open": "5.7272",
            "high": "5.7272",
            "low": "5.7272",
            "close": "5.7124"
        },
        {
            "time": "25.03.2021 16:26",
            "open": "5.7124",
            "high": "5.7124",
            "low": "5.7124",
            "close": "5.7365"
        },
        {
            "time": "25.03.2021 16:28",
            "open": "5.7365",
            "high": "5.7368",
            "low": "5.7365",
            "close": "5.7354"
        },
        {
            "time": "25.03.2021 16:30",
            "open": "5.7354",
            "high": "5.7354",
            "low": "5.7354",
            "close": "5.7516"
        },
        {
            "time": "25.03.2021 16:32",
            "open": "5.7516",
            "high": "5.7516",
            "low": "5.7516",
            "close": "5.7732"
        },
        {
            "time": "25.03.2021 16:43",
            "open": "5.7732",
            "high": "5.7732",
            "low": "5.7732",
            "close": "5.7647"
        },
        {
            "time": "25.03.2021 16:45",
            "open": "5.7647",
            "high": "5.7647",
            "low": "5.7647",
            "close": "5.7511"
        },
        {
            "time": "25.03.2021 16:51",
            "open": "5.7511",
            "high": "5.7583",
            "low": "5.735",
            "close": "5.7301"
        },
        {
            "time": "25.03.2021 16:53",
            "open": "5.7301",
            "high": "5.7301",
            "low": "5.7301",
            "close": "5.682"
        },
        {
            "time": "25.03.2021 17:03",
            "open": "5.682",
            "high": "5.682",
            "low": "5.6574",
            "close": "5.7198"
        },
        {
            "time": "25.03.2021 17:05",
            "open": "5.7198",
            "high": "5.7301",
            "low": "5.7198",
            "close": "5.6911"
        },
        {
            "time": "25.03.2021 17:09",
            "open": "5.6911",
            "high": "5.6911",
            "low": "5.6911",
            "close": "5.7073"
        },
        {
            "time": "25.03.2021 17:11",
            "open": "5.7073",
            "high": "5.7158",
            "low": "5.7073",
            "close": "5.6798"
        },
        {
            "time": "25.03.2021 17:12",
            "open": "5.6798",
            "high": "5.6798",
            "low": "5.6798",
            "close": "5.7294"
        },
        {
            "time": "25.03.2021 17:13",
            "open": "5.7294",
            "high": "5.7301",
            "low": "5.7294",
            "close": "5.7301"
        },
        {
            "time": "25.03.2021 17:14",
            "open": "5.7301",
            "high": "5.7301",
            "low": "5.7301",
            "close": "5.7498"
        },
        {
            "time": "25.03.2021 17:15",
            "open": "5.7498",
            "high": "5.7498",
            "low": "5.7264",
            "close": "5.7506"
        },
        {
            "time": "25.03.2021 17:16",
            "open": "5.7506",
            "high": "5.7531",
            "low": "5.7506",
            "close": "5.7645"
        },
        {
            "time": "25.03.2021 17:17",
            "open": "5.7645",
            "high": "5.7647",
            "low": "5.7645",
            "close": "5.7663"
        },
        {
            "time": "25.03.2021 17:19",
            "open": "5.7663",
            "high": "5.7663",
            "low": "5.76",
            "close": "5.7792"
        },
        {
            "time": "25.03.2021 17:21",
            "open": "5.7792",
            "high": "5.7792",
            "low": "5.7792",
            "close": "5.7844"
        },
        {
            "time": "25.03.2021 17:22",
            "open": "5.7844",
            "high": "5.7853",
            "low": "5.7844",
            "close": "5.7429"
        },
        {
            "time": "25.03.2021 17:26",
            "open": "5.7429",
            "high": "5.7429",
            "low": "5.7429",
            "close": "5.6936"
        },
        {
            "time": "25.03.2021 17:29",
            "open": "5.6936",
            "high": "5.6936",
            "low": "5.6797",
            "close": "5.7261"
        },
        {
            "time": "25.03.2021 17:36",
            "open": "5.7261",
            "high": "5.7261",
            "low": "5.7261",
            "close": "5.7175"
        },
        {
            "time": "25.03.2021 17:40",
            "open": "5.7175",
            "high": "5.7175",
            "low": "5.7175",
            "close": "5.7327"
        },
        {
            "time": "25.03.2021 17:42",
            "open": "5.7327",
            "high": "5.7327",
            "low": "5.7327",
            "close": "5.7474"
        },
        {
            "time": "25.03.2021 17:44",
            "open": "5.7474",
            "high": "5.7474",
            "low": "5.7474",
            "close": "5.7439"
        },
        {
            "time": "25.03.2021 17:45",
            "open": "5.7439",
            "high": "5.7439",
            "low": "5.7439",
            "close": "5.7634"
        },
        {
            "time": "25.03.2021 17:47",
            "open": "5.7634",
            "high": "5.7634",
            "low": "5.7426",
            "close": "5.748"
        },
        {
            "time": "25.03.2021 17:54",
            "open": "5.748",
            "high": "5.748",
            "low": "5.748",
            "close": "5.7218"
        },
        {
            "time": "25.03.2021 18:02",
            "open": "5.7218",
            "high": "5.7218",
            "low": "5.7218",
            "close": "5.7507"
        },
        {
            "time": "25.03.2021 18:08",
            "open": "5.7507",
            "high": "5.7507",
            "low": "5.7507",
            "close": "5.7543"
        },
        {
            "time": "25.03.2021 18:09",
            "open": "5.7543",
            "high": "5.7543",
            "low": "5.7543",
            "close": "5.7794"
        },
        {
            "time": "25.03.2021 18:13",
            "open": "5.7794",
            "high": "5.7794",
            "low": "5.7794",
            "close": "5.7834"
        },
        {
            "time": "25.03.2021 18:14",
            "open": "5.7834",
            "high": "5.7845",
            "low": "5.7834",
            "close": "5.7849"
        },
        {
            "time": "25.03.2021 18:20",
            "open": "5.7849",
            "high": "5.7901",
            "low": "5.7849",
            "close": "5.7897"
        },
        {
            "time": "25.03.2021 18:24",
            "open": "5.7897",
            "high": "5.7897",
            "low": "5.7897",
            "close": "5.7902"
        },
        {
            "time": "25.03.2021 18:26",
            "open": "5.7902",
            "high": "5.7902",
            "low": "5.7902",
            "close": "5.8128"
        },
        {
            "time": "25.03.2021 18:34",
            "open": "5.8128",
            "high": "5.8128",
            "low": "5.8128",
            "close": "5.7908"
        },
        {
            "time": "25.03.2021 18:40",
            "open": "5.7908",
            "high": "5.7908",
            "low": "5.7908",
            "close": "5.7937"
        },
        {
            "time": "25.03.2021 18:42",
            "open": "5.7937",
            "high": "5.7937",
            "low": "5.7937",
            "close": "5.7714"
        },
        {
            "time": "25.03.2021 18:48",
            "open": "5.7714",
            "high": "5.7714",
            "low": "5.7714",
            "close": "5.7902"
        },
        {
            "time": "25.03.2021 18:52",
            "open": "5.7915",
            "high": "5.7915",
            "low": "5.7915",
            "close": "5.8006"
        },
        {
            "time": "25.03.2021 18:59",
            "open": "5.8006",
            "high": "5.8006",
            "low": "5.8006",
            "close": "5.8057"
        },
        {
            "time": "25.03.2021 19:00",
            "open": "5.8057",
            "high": "5.8057",
            "low": "5.8057",
            "close": "5.8187"
        },
        {
            "time": "25.03.2021 19:18",
            "open": "5.8187",
            "high": "5.8292",
            "low": "5.8187",
            "close": "5.8491"
        },
        {
            "time": "25.03.2021 19:20",
            "open": "5.8491",
            "high": "5.8491",
            "low": "5.8491",
            "close": "5.8479"
        },
        {
            "time": "25.03.2021 19:40",
            "open": "5.8479",
            "high": "5.8531",
            "low": "5.8479",
            "close": "5.8643"
        },
        {
            "time": "25.03.2021 19:41",
            "open": "5.8643",
            "high": "5.8643",
            "low": "5.8608",
            "close": "5.8679"
        },
        {
            "time": "25.03.2021 19:45",
            "open": "5.8679",
            "high": "5.8683",
            "low": "5.8679",
            "close": "5.8731"
        },
        {
            "time": "25.03.2021 19:47",
            "open": "5.8731",
            "high": "5.8731",
            "low": "5.8731",
            "close": "5.8618"
        },
        {
            "time": "25.03.2021 19:48",
            "open": "5.8618",
            "high": "5.8618",
            "low": "5.8618",
            "close": "5.8498"
        },
        {
            "time": "25.03.2021 19:50",
            "open": "5.8498",
            "high": "5.8498",
            "low": "5.8498",
            "close": "5.85"
        },
        {
            "time": "25.03.2021 19:55",
            "open": "5.85",
            "high": "5.85",
            "low": "5.85",
            "close": "5.8595"
        },
        {
            "time": "25.03.2021 20:03",
            "open": "5.8595",
            "high": "5.8595",
            "low": "5.8595",
            "close": "5.8469"
        },
        {
            "time": "25.03.2021 20:04",
            "open": "5.8469",
            "high": "5.8469",
            "low": "5.8469",
            "close": "5.8565"
        },
        {
            "time": "25.03.2021 20:10",
            "open": "5.8565",
            "high": "5.858",
            "low": "5.8565",
            "close": "5.849"
        },
        {
            "time": "25.03.2021 20:20",
            "open": "5.849",
            "high": "5.849",
            "low": "5.832",
            "close": "5.8096"
        },
        {
            "time": "25.03.2021 20:23",
            "open": "5.8096",
            "high": "5.8096",
            "low": "5.8096",
            "close": "5.85"
        },
        {
            "time": "25.03.2021 21:02",
            "open": "5.85",
            "high": "5.85",
            "low": "5.85",
            "close": "5.8753"
        },
        {
            "time": "25.03.2021 21:14",
            "open": "5.8753",
            "high": "5.8753",
            "low": "5.8752",
            "close": "5.8752"
        },
        {
            "time": "25.03.2021 21:16",
            "open": "5.8752",
            "high": "5.8877",
            "low": "5.8751",
            "close": "5.8753"
        },
        {
            "time": "25.03.2021 21:18",
            "open": "5.8753",
            "high": "5.8753",
            "low": "5.8753",
            "close": "5.8795"
        },
        {
            "time": "25.03.2021 21:20",
            "open": "5.8795",
            "high": "5.8795",
            "low": "5.8795",
            "close": "5.8812"
        },
        {
            "time": "25.03.2021 21:22",
            "open": "5.8812",
            "high": "5.8812",
            "low": "5.8812",
            "close": "5.8877"
        },
        {
            "time": "25.03.2021 21:23",
            "open": "5.8877",
            "high": "5.8877",
            "low": "5.8877",
            "close": "5.8934"
        },
        {
            "time": "25.03.2021 21:24",
            "open": "5.8934",
            "high": "5.8934",
            "low": "5.8934",
            "close": "5.8764"
        },
        {
            "time": "25.03.2021 21:26",
            "open": "5.8764",
            "high": "5.8764",
            "low": "5.8764",
            "close": "5.8854"
        },
        {
            "time": "25.03.2021 21:34",
            "open": "5.8854",
            "high": "5.8854",
            "low": "5.8854",
            "close": "5.8529"
        },
        {
            "time": "25.03.2021 21:43",
            "open": "5.8529",
            "high": "5.8529",
            "low": "5.8529",
            "close": "5.8588"
        },
        {
            "time": "25.03.2021 21:45",
            "open": "5.8588",
            "high": "5.8588",
            "low": "5.8588",
            "close": "5.8673"
        },
        {
            "time": "25.03.2021 21:47",
            "open": "5.8673",
            "high": "5.8673",
            "low": "5.8673",
            "close": "5.8657"
        },
        {
            "time": "25.03.2021 21:49",
            "open": "5.8657",
            "high": "5.8657",
            "low": "5.8657",
            "close": "5.8612"
        },
        {
            "time": "25.03.2021 21:52",
            "open": "5.8612",
            "high": "5.8612",
            "low": "5.8612",
            "close": "5.8364"
        },
        {
            "time": "25.03.2021 22:09",
            "open": "5.8364",
            "high": "5.8364",
            "low": "5.8364",
            "close": "5.8346"
        },
        {
            "time": "25.03.2021 22:15",
            "open": "5.8346",
            "high": "5.8346",
            "low": "5.8346",
            "close": "5.8207"
        },
        {
            "time": "25.03.2021 22:27",
            "open": "5.8207",
            "high": "5.8296",
            "low": "5.8207",
            "close": "5.8202"
        },
        {
            "time": "25.03.2021 22:28",
            "open": "5.8202",
            "high": "5.8202",
            "low": "5.8202",
            "close": "5.841"
        },
        {
            "time": "25.03.2021 22:36",
            "open": "5.841",
            "high": "5.841",
            "low": "5.8293",
            "close": "5.8293"
        },
        {
            "time": "25.03.2021 22:41",
            "open": "5.8293",
            "high": "5.8293",
            "low": "5.8293",
            "close": "5.8379"
        },
        {
            "time": "25.03.2021 22:55",
            "open": "5.8379",
            "high": "5.8379",
            "low": "5.8379",
            "close": "5.8265"
        },
        {
            "time": "25.03.2021 22:57",
            "open": "5.8265",
            "high": "5.8265",
            "low": "5.8265",
            "close": "5.8379"
        },
        {
            "time": "25.03.2021 22:58",
            "open": "5.8379",
            "high": "5.8432",
            "low": "5.8379",
            "close": "5.8438"
        },
        {
            "time": "25.03.2021 22:59",
            "open": "5.8438",
            "high": "5.8438",
            "low": "5.8438",
            "close": "5.846"
        },
        {
            "time": "25.03.2021 23:03",
            "open": "5.846",
            "high": "5.846",
            "low": "5.846",
            "close": "5.8454"
        },
        {
            "time": "25.03.2021 23:04",
            "open": "5.8454",
            "high": "5.8456",
            "low": "5.8453",
            "close": "5.8452"
        },
        {
            "time": "25.03.2021 23:05",
            "open": "5.8452",
            "high": "5.8452",
            "low": "5.8447",
            "close": "5.8628"
        },
        {
            "time": "25.03.2021 23:06",
            "open": "5.8628",
            "high": "5.8667",
            "low": "5.8628",
            "close": "5.868"
        },
        {
            "time": "25.03.2021 23:14",
            "open": "5.868",
            "high": "5.868",
            "low": "5.868",
            "close": "5.8593"
        },
        {
            "time": "25.03.2021 23:15",
            "open": "5.8593",
            "high": "5.8593",
            "low": "5.8592",
            "close": "5.864"
        },
        {
            "time": "25.03.2021 23:17",
            "open": "5.864",
            "high": "5.864",
            "low": "5.864",
            "close": "5.874"
        },
        {
            "time": "25.03.2021 23:18",
            "open": "5.874",
            "high": "5.8753",
            "low": "5.874",
            "close": "5.8561"
        },
        {
            "time": "25.03.2021 23:22",
            "open": "5.8561",
            "high": "5.8561",
            "low": "5.8561",
            "close": "5.858"
        },
        {
            "time": "25.03.2021 23:23",
            "open": "5.858",
            "high": "5.8584",
            "low": "5.858",
            "close": "5.8398"
        },
        {
            "time": "25.03.2021 23:27",
            "open": "5.8398",
            "high": "5.8398",
            "low": "5.8393",
            "close": "5.838"
        },
        {
            "time": "25.03.2021 23:28",
            "open": "5.838",
            "high": "5.839",
            "low": "5.8378",
            "close": "5.8242"
        },
        {
            "time": "25.03.2021 23:31",
            "open": "5.8242",
            "high": "5.8242",
            "low": "5.8242",
            "close": "5.823"
        },
        {
            "time": "25.03.2021 23:33",
            "open": "5.823",
            "high": "5.8269",
            "low": "5.823",
            "close": "5.8268"
        },
        {
            "time": "25.03.2021 23:35",
            "open": "5.8268",
            "high": "5.8333",
            "low": "5.8268",
            "close": "5.8267"
        },
        {
            "time": "25.03.2021 23:36",
            "open": "5.8267",
            "high": "5.8267",
            "low": "5.8267",
            "close": "5.8291"
        },
        {
            "time": "25.03.2021 23:38",
            "open": "5.8291",
            "high": "5.8463",
            "low": "5.8291",
            "close": "5.8356"
        },
        {
            "time": "25.03.2021 23:39",
            "open": "5.8356",
            "high": "5.8356",
            "low": "5.8344",
            "close": "5.8155"
        },
        {
            "time": "25.03.2021 23:41",
            "open": "5.8155",
            "high": "5.8155",
            "low": "5.8155",
            "close": "5.825"
        },
        {
            "time": "25.03.2021 23:45",
            "open": "5.825",
            "high": "5.8267",
            "low": "5.825",
            "close": "5.8055"
        },
        {
            "time": "25.03.2021 23:46",
            "open": "5.8055",
            "high": "5.8057",
            "low": "5.8054",
            "close": "5.7952"
        },
        {
            "time": "25.03.2021 23:47",
            "open": "5.7952",
            "high": "5.7952",
            "low": "5.7901",
            "close": "5.7706"
        },
        {
            "time": "25.03.2021 23:48",
            "open": "5.7706",
            "high": "5.7706",
            "low": "5.7706",
            "close": "5.7687"
        },
        {
            "time": "25.03.2021 23:49",
            "open": "5.7687",
            "high": "5.7687",
            "low": "5.7687",
            "close": "5.7875"
        },
        {
            "time": "25.03.2021 23:50",
            "open": "5.7875",
            "high": "5.7875",
            "low": "5.7875",
            "close": "5.7611"
        }
    ]
}