{
    "BNT-EUR": [
        {
            "time": "02.07.2021 23:57",
            "open": "2.6563",
            "high": "2.6563",
            "low": "2.6563",
            "close": "2.6613"
        },
        {
            "time": "03.07.2021 00:21",
            "open": "2.6613",
            "high": "2.6613",
            "low": "2.6613",
            "close": "2.664"
        },
        {
            "time": "03.07.2021 00:30",
            "open": "2.664",
            "high": "2.664",
            "low": "2.664",
            "close": "2.6663"
        },
        {
            "time": "03.07.2021 00:33",
            "open": "2.6663",
            "high": "2.6663",
            "low": "2.6663",
            "close": "2.6695"
        },
        {
            "time": "03.07.2021 00:40",
            "open": "2.6695",
            "high": "2.6709",
            "low": "2.6695",
            "close": "2.6714"
        },
        {
            "time": "03.07.2021 00:49",
            "open": "2.6714",
            "high": "2.6871",
            "low": "2.6714",
            "close": "2.6835"
        },
        {
            "time": "03.07.2021 00:50",
            "open": "2.6835",
            "high": "2.6835",
            "low": "2.6835",
            "close": "2.6897"
        },
        {
            "time": "03.07.2021 00:54",
            "open": "2.6897",
            "high": "2.6945",
            "low": "2.6897",
            "close": "2.6844"
        },
        {
            "time": "03.07.2021 00:55",
            "open": "2.6844",
            "high": "2.6867",
            "low": "2.6844",
            "close": "2.689"
        },
        {
            "time": "03.07.2021 00:56",
            "open": "2.689",
            "high": "2.689",
            "low": "2.689",
            "close": "2.6916"
        },
        {
            "time": "03.07.2021 00:58",
            "open": "2.6916",
            "high": "2.7055",
            "low": "2.6916",
            "close": "2.6993"
        },
        {
            "time": "03.07.2021 00:59",
            "open": "2.6993",
            "high": "2.6993",
            "low": "2.6987",
            "close": "2.6919"
        },
        {
            "time": "03.07.2021 01:01",
            "open": "2.6919",
            "high": "2.6919",
            "low": "2.6882",
            "close": "2.682"
        },
        {
            "time": "03.07.2021 01:02",
            "open": "2.682",
            "high": "2.682",
            "low": "2.6813",
            "close": "2.6901"
        },
        {
            "time": "03.07.2021 01:04",
            "open": "2.6901",
            "high": "2.6901",
            "low": "2.6901",
            "close": "2.6845"
        },
        {
            "time": "03.07.2021 01:08",
            "open": "2.6845",
            "high": "2.6845",
            "low": "2.6711",
            "close": "2.6794"
        },
        {
            "time": "03.07.2021 01:09",
            "open": "2.6794",
            "high": "2.68",
            "low": "2.6794",
            "close": "2.6818"
        },
        {
            "time": "03.07.2021 01:10",
            "open": "2.6818",
            "high": "2.6835",
            "low": "2.6818",
            "close": "2.6923"
        },
        {
            "time": "03.07.2021 01:16",
            "open": "2.6923",
            "high": "2.6923",
            "low": "2.6859",
            "close": "2.6899"
        },
        {
            "time": "03.07.2021 01:17",
            "open": "2.6899",
            "high": "2.6899",
            "low": "2.6899",
            "close": "2.6892"
        },
        {
            "time": "03.07.2021 01:18",
            "open": "2.6892",
            "high": "2.6892",
            "low": "2.6883",
            "close": "2.6857"
        },
        {
            "time": "03.07.2021 01:19",
            "open": "2.6857",
            "high": "2.6857",
            "low": "2.6817",
            "close": "2.6878"
        },
        {
            "time": "03.07.2021 01:23",
            "open": "2.6878",
            "high": "2.6878",
            "low": "2.6878",
            "close": "2.6836"
        },
        {
            "time": "03.07.2021 01:30",
            "open": "2.6836",
            "high": "2.6849",
            "low": "2.6836",
            "close": "2.6849"
        },
        {
            "time": "03.07.2021 01:31",
            "open": "2.6849",
            "high": "2.6851",
            "low": "2.6849",
            "close": "2.6829"
        },
        {
            "time": "03.07.2021 01:32",
            "open": "2.6829",
            "high": "2.6829",
            "low": "2.6783",
            "close": "2.6783"
        },
        {
            "time": "03.07.2021 01:34",
            "open": "2.6783",
            "high": "2.6783",
            "low": "2.6713",
            "close": "2.6844"
        },
        {
            "time": "03.07.2021 01:49",
            "open": "2.6844",
            "high": "2.6844",
            "low": "2.6844",
            "close": "2.6796"
        },
        {
            "time": "03.07.2021 01:50",
            "open": "2.6796",
            "high": "2.6796",
            "low": "2.6796",
            "close": "2.6895"
        },
        {
            "time": "03.07.2021 01:54",
            "open": "2.6895",
            "high": "2.6913",
            "low": "2.6895",
            "close": "2.7038"
        },
        {
            "time": "03.07.2021 02:02",
            "open": "2.7038",
            "high": "2.7056",
            "low": "2.7038",
            "close": "2.695"
        },
        {
            "time": "03.07.2021 02:04",
            "open": "2.695",
            "high": "2.695",
            "low": "2.6878",
            "close": "2.6861"
        },
        {
            "time": "03.07.2021 02:05",
            "open": "2.6861",
            "high": "2.6861",
            "low": "2.6818",
            "close": "2.6821"
        },
        {
            "time": "03.07.2021 02:08",
            "open": "2.6821",
            "high": "2.6821",
            "low": "2.6821",
            "close": "2.6821"
        },
        {
            "time": "03.07.2021 02:34",
            "open": "2.6821",
            "high": "2.6821",
            "low": "2.6821",
            "close": "2.6616"
        },
        {
            "time": "03.07.2021 02:39",
            "open": "2.6616",
            "high": "2.6616",
            "low": "2.6616",
            "close": "2.6656"
        },
        {
            "time": "03.07.2021 02:40",
            "open": "2.6656",
            "high": "2.6656",
            "low": "2.6656",
            "close": "2.6697"
        },
        {
            "time": "03.07.2021 03:30",
            "open": "2.6697",
            "high": "2.6697",
            "low": "2.6697",
            "close": "2.676"
        },
        {
            "time": "03.07.2021 03:35",
            "open": "2.676",
            "high": "2.676",
            "low": "2.676",
            "close": "2.6803"
        },
        {
            "time": "03.07.2021 03:42",
            "open": "2.6803",
            "high": "2.6811",
            "low": "2.6803",
            "close": "2.6811"
        },
        {
            "time": "03.07.2021 04:01",
            "open": "2.6811",
            "high": "2.6811",
            "low": "2.6811",
            "close": "2.6793"
        },
        {
            "time": "03.07.2021 04:03",
            "open": "2.6793",
            "high": "2.6793",
            "low": "2.6793",
            "close": "2.6689"
        },
        {
            "time": "03.07.2021 04:50",
            "open": "2.6689",
            "high": "2.6689",
            "low": "2.6689",
            "close": "2.6544"
        },
        {
            "time": "03.07.2021 05:03",
            "open": "2.6544",
            "high": "2.6544",
            "low": "2.6544",
            "close": "2.651"
        },
        {
            "time": "03.07.2021 05:07",
            "open": "2.651",
            "high": "2.651",
            "low": "2.651",
            "close": "2.6529"
        },
        {
            "time": "03.07.2021 05:11",
            "open": "2.6529",
            "high": "2.6529",
            "low": "2.6529",
            "close": "2.6529"
        },
        {
            "time": "03.07.2021 05:33",
            "open": "2.6529",
            "high": "2.6529",
            "low": "2.6529",
            "close": "2.639"
        },
        {
            "time": "03.07.2021 05:47",
            "open": "2.639",
            "high": "2.639",
            "low": "2.639",
            "close": "2.654"
        },
        {
            "time": "03.07.2021 06:00",
            "open": "2.654",
            "high": "2.654",
            "low": "2.654",
            "close": "2.6615"
        },
        {
            "time": "03.07.2021 06:04",
            "open": "2.6615",
            "high": "2.6615",
            "low": "2.6615",
            "close": "2.6636"
        },
        {
            "time": "03.07.2021 07:05",
            "open": "2.6636",
            "high": "2.6636",
            "low": "2.6636",
            "close": "2.6708"
        },
        {
            "time": "03.07.2021 07:42",
            "open": "2.6708",
            "high": "2.6708",
            "low": "2.6707",
            "close": "2.6775"
        },
        {
            "time": "03.07.2021 08:00",
            "open": "2.6775",
            "high": "2.6775",
            "low": "2.6775",
            "close": "2.6775"
        },
        {
            "time": "03.07.2021 08:01",
            "open": "2.6775",
            "high": "2.6775",
            "low": "2.6775",
            "close": "2.6769"
        },
        {
            "time": "03.07.2021 08:02",
            "open": "2.6769",
            "high": "2.6769",
            "low": "2.6769",
            "close": "2.6769"
        },
        {
            "time": "03.07.2021 08:03",
            "open": "2.6769",
            "high": "2.6769",
            "low": "2.6769",
            "close": "2.6877"
        },
        {
            "time": "03.07.2021 08:19",
            "open": "2.6877",
            "high": "2.6877",
            "low": "2.6877",
            "close": "2.6838"
        },
        {
            "time": "03.07.2021 08:30",
            "open": "2.6838",
            "high": "2.6838",
            "low": "2.6837",
            "close": "2.6838"
        },
        {
            "time": "03.07.2021 08:35",
            "open": "2.6838",
            "high": "2.6838",
            "low": "2.6838",
            "close": "2.687"
        },
        {
            "time": "03.07.2021 09:26",
            "open": "2.687",
            "high": "2.687",
            "low": "2.687",
            "close": "2.6877"
        },
        {
            "time": "03.07.2021 09:29",
            "open": "2.6877",
            "high": "2.6877",
            "low": "2.6877",
            "close": "2.7028"
        },
        {
            "time": "03.07.2021 09:31",
            "open": "2.7028",
            "high": "2.7029",
            "low": "2.7028",
            "close": "2.7233"
        },
        {
            "time": "03.07.2021 09:36",
            "open": "2.7233",
            "high": "2.7233",
            "low": "2.7233",
            "close": "2.7273"
        },
        {
            "time": "03.07.2021 09:42",
            "open": "2.7273",
            "high": "2.73",
            "low": "2.7273",
            "close": "2.7298"
        },
        {
            "time": "03.07.2021 09:43",
            "open": "2.7298",
            "high": "2.7298",
            "low": "2.7279",
            "close": "2.73"
        },
        {
            "time": "03.07.2021 09:54",
            "open": "2.73",
            "high": "2.73",
            "low": "2.73",
            "close": "2.7371"
        },
        {
            "time": "03.07.2021 10:00",
            "open": "2.7371",
            "high": "2.7396",
            "low": "2.7371",
            "close": "2.7328"
        },
        {
            "time": "03.07.2021 10:19",
            "open": "2.7328",
            "high": "2.7328",
            "low": "2.7328",
            "close": "2.7322"
        },
        {
            "time": "03.07.2021 10:26",
            "open": "2.7322",
            "high": "2.7322",
            "low": "2.7322",
            "close": "2.7322"
        },
        {
            "time": "03.07.2021 10:30",
            "open": "2.7322",
            "high": "2.7322",
            "low": "2.7322",
            "close": "2.7358"
        },
        {
            "time": "03.07.2021 10:31",
            "open": "2.7358",
            "high": "2.7358",
            "low": "2.7358",
            "close": "2.7373"
        },
        {
            "time": "03.07.2021 10:33",
            "open": "2.7373",
            "high": "2.7373",
            "low": "2.7329",
            "close": "2.7396"
        },
        {
            "time": "03.07.2021 11:02",
            "open": "2.7396",
            "high": "2.7396",
            "low": "2.7396",
            "close": "2.7437"
        },
        {
            "time": "03.07.2021 11:03",
            "open": "2.7437",
            "high": "2.7574",
            "low": "2.7437",
            "close": "2.756"
        },
        {
            "time": "03.07.2021 11:04",
            "open": "2.756",
            "high": "2.756",
            "low": "2.756",
            "close": "2.7494"
        },
        {
            "time": "03.07.2021 11:08",
            "open": "2.7494",
            "high": "2.7494",
            "low": "2.7494",
            "close": "2.7574"
        },
        {
            "time": "03.07.2021 11:11",
            "open": "2.7574",
            "high": "2.7587",
            "low": "2.7574",
            "close": "2.749"
        },
        {
            "time": "03.07.2021 11:40",
            "open": "2.749",
            "high": "2.749",
            "low": "2.749",
            "close": "2.7597"
        },
        {
            "time": "03.07.2021 11:52",
            "open": "2.7597",
            "high": "2.7602",
            "low": "2.7597",
            "close": "2.7595"
        },
        {
            "time": "03.07.2021 12:01",
            "open": "2.7595",
            "high": "2.7595",
            "low": "2.7564",
            "close": "2.7487"
        },
        {
            "time": "03.07.2021 12:51",
            "open": "2.7487",
            "high": "2.7487",
            "low": "2.7487",
            "close": "2.7552"
        },
        {
            "time": "03.07.2021 13:00",
            "open": "2.7552",
            "high": "2.7552",
            "low": "2.7535",
            "close": "2.7388"
        },
        {
            "time": "03.07.2021 13:25",
            "open": "2.7388",
            "high": "2.7388",
            "low": "2.7388",
            "close": "2.7543"
        },
        {
            "time": "03.07.2021 14:03",
            "open": "2.7543",
            "high": "2.7543",
            "low": "2.7543",
            "close": "2.7602"
        },
        {
            "time": "03.07.2021 14:04",
            "open": "2.7602",
            "high": "2.7629",
            "low": "2.7602",
            "close": "2.7628"
        },
        {
            "time": "03.07.2021 14:05",
            "open": "2.7628",
            "high": "2.7628",
            "low": "2.7619",
            "close": "2.7578"
        },
        {
            "time": "03.07.2021 14:08",
            "open": "2.7578",
            "high": "2.7578",
            "low": "2.7578",
            "close": "2.758"
        },
        {
            "time": "03.07.2021 14:11",
            "open": "2.758",
            "high": "2.758",
            "low": "2.758",
            "close": "2.7448"
        },
        {
            "time": "03.07.2021 14:33",
            "open": "2.7448",
            "high": "2.7448",
            "low": "2.7448",
            "close": "2.7386"
        },
        {
            "time": "03.07.2021 15:19",
            "open": "2.7386",
            "high": "2.7386",
            "low": "2.7386",
            "close": "2.7448"
        },
        {
            "time": "03.07.2021 15:20",
            "open": "2.7448",
            "high": "2.7448",
            "low": "2.7448",
            "close": "2.7448"
        },
        {
            "time": "03.07.2021 15:21",
            "open": "2.7448",
            "high": "2.7471",
            "low": "2.7448",
            "close": "2.7629"
        },
        {
            "time": "03.07.2021 15:59",
            "open": "2.7629",
            "high": "2.7629",
            "low": "2.7629",
            "close": "2.7509"
        },
        {
            "time": "03.07.2021 16:45",
            "open": "2.7509",
            "high": "2.7509",
            "low": "2.7509",
            "close": "2.7533"
        },
        {
            "time": "03.07.2021 16:56",
            "open": "2.7533",
            "high": "2.7533",
            "low": "2.7504",
            "close": "2.75"
        },
        {
            "time": "03.07.2021 17:32",
            "open": "2.75",
            "high": "2.75",
            "low": "2.75",
            "close": "2.7478"
        },
        {
            "time": "03.07.2021 18:19",
            "open": "2.7478",
            "high": "2.7478",
            "low": "2.7478",
            "close": "2.7494"
        },
        {
            "time": "03.07.2021 18:24",
            "open": "2.7494",
            "high": "2.7494",
            "low": "2.7494",
            "close": "2.7447"
        },
        {
            "time": "03.07.2021 19:00",
            "open": "2.7447",
            "high": "2.7455",
            "low": "2.7447",
            "close": "2.7461"
        },
        {
            "time": "03.07.2021 19:05",
            "open": "2.7461",
            "high": "2.7461",
            "low": "2.7461",
            "close": "2.7504"
        },
        {
            "time": "03.07.2021 19:11",
            "open": "2.7504",
            "high": "2.7504",
            "low": "2.7504",
            "close": "2.7655"
        },
        {
            "time": "03.07.2021 19:46",
            "open": "2.7655",
            "high": "2.7655",
            "low": "2.7655",
            "close": "2.7618"
        },
        {
            "time": "03.07.2021 19:50",
            "open": "2.7618",
            "high": "2.7618",
            "low": "2.7618",
            "close": "2.764"
        },
        {
            "time": "03.07.2021 22:14",
            "open": "2.764",
            "high": "2.7646",
            "low": "2.764",
            "close": "2.7629"
        },
        {
            "time": "03.07.2021 23:22",
            "open": "2.7629",
            "high": "2.7629",
            "low": "2.7629",
            "close": "2.7578"
        },
        {
            "time": "03.07.2021 23:40",
            "open": "2.7578",
            "high": "2.7578",
            "low": "2.7578",
            "close": "2.7571"
        },
        {
            "time": "03.07.2021 23:43",
            "open": "2.7571",
            "high": "2.7571",
            "low": "2.7571",
            "close": "2.7446"
        },
        {
            "time": "03.07.2021 23:57",
            "open": "2.7446",
            "high": "2.7446",
            "low": "2.7443",
            "close": "2.7382"
        }
    ]
}