{
    "BNT-EUR": [
        {
            "time": "01.02.2021 23:59",
            "open": "1.6402",
            "high": "1.6402",
            "low": "1.6354",
            "close": "1.6344"
        },
        {
            "time": "02.02.2021 00:00",
            "open": "1.6344",
            "high": "1.6344",
            "low": "1.6344",
            "close": "1.6303"
        },
        {
            "time": "02.02.2021 00:02",
            "open": "1.6303",
            "high": "1.633",
            "low": "1.6255",
            "close": "1.6265"
        },
        {
            "time": "02.02.2021 00:03",
            "open": "1.6265",
            "high": "1.6266",
            "low": "1.6265",
            "close": "1.6313"
        },
        {
            "time": "02.02.2021 00:09",
            "open": "1.6313",
            "high": "1.6313",
            "low": "1.6313",
            "close": "1.6311"
        },
        {
            "time": "02.02.2021 00:11",
            "open": "1.6311",
            "high": "1.6311",
            "low": "1.6311",
            "close": "1.623"
        },
        {
            "time": "02.02.2021 00:17",
            "open": "1.623",
            "high": "1.623",
            "low": "1.623",
            "close": "1.6212"
        },
        {
            "time": "02.02.2021 00:18",
            "open": "1.6212",
            "high": "1.6216",
            "low": "1.6212",
            "close": "1.6238"
        },
        {
            "time": "02.02.2021 00:19",
            "open": "1.6238",
            "high": "1.6238",
            "low": "1.6237",
            "close": "1.6386"
        },
        {
            "time": "02.02.2021 00:24",
            "open": "1.6386",
            "high": "1.6386",
            "low": "1.6364",
            "close": "1.6376"
        },
        {
            "time": "02.02.2021 00:25",
            "open": "1.6376",
            "high": "1.6471",
            "low": "1.6376",
            "close": "1.6438"
        },
        {
            "time": "02.02.2021 00:26",
            "open": "1.6438",
            "high": "1.6438",
            "low": "1.6408",
            "close": "1.6419"
        },
        {
            "time": "02.02.2021 00:27",
            "open": "1.6419",
            "high": "1.6421",
            "low": "1.6419",
            "close": "1.6382"
        },
        {
            "time": "02.02.2021 00:32",
            "open": "1.6382",
            "high": "1.6382",
            "low": "1.6382",
            "close": "1.6389"
        },
        {
            "time": "02.02.2021 00:33",
            "open": "1.6389",
            "high": "1.641",
            "low": "1.6389",
            "close": "1.6367"
        },
        {
            "time": "02.02.2021 00:34",
            "open": "1.6367",
            "high": "1.6367",
            "low": "1.6331",
            "close": "1.6369"
        },
        {
            "time": "02.02.2021 00:36",
            "open": "1.6369",
            "high": "1.6369",
            "low": "1.6369",
            "close": "1.636"
        },
        {
            "time": "02.02.2021 00:37",
            "open": "1.636",
            "high": "1.6372",
            "low": "1.636",
            "close": "1.6322"
        },
        {
            "time": "02.02.2021 00:44",
            "open": "1.6322",
            "high": "1.6333",
            "low": "1.6322",
            "close": "1.6332"
        },
        {
            "time": "02.02.2021 00:45",
            "open": "1.6332",
            "high": "1.6332",
            "low": "1.6332",
            "close": "1.6356"
        },
        {
            "time": "02.02.2021 00:55",
            "open": "1.6356",
            "high": "1.6369",
            "low": "1.6356",
            "close": "1.6293"
        },
        {
            "time": "02.02.2021 00:58",
            "open": "1.6293",
            "high": "1.6293",
            "low": "1.6293",
            "close": "1.6361"
        },
        {
            "time": "02.02.2021 01:01",
            "open": "1.6361",
            "high": "1.6366",
            "low": "1.6361",
            "close": "1.6462"
        },
        {
            "time": "02.02.2021 01:06",
            "open": "1.6462",
            "high": "1.6462",
            "low": "1.6455",
            "close": "1.645"
        },
        {
            "time": "02.02.2021 01:09",
            "open": "1.645",
            "high": "1.6452",
            "low": "1.645",
            "close": "1.6493"
        },
        {
            "time": "02.02.2021 01:10",
            "open": "1.6493",
            "high": "1.6493",
            "low": "1.6493",
            "close": "1.6503"
        },
        {
            "time": "02.02.2021 01:11",
            "open": "1.6503",
            "high": "1.6503",
            "low": "1.6503",
            "close": "1.6607"
        },
        {
            "time": "02.02.2021 01:12",
            "open": "1.6607",
            "high": "1.6639",
            "low": "1.6607",
            "close": "1.6615"
        },
        {
            "time": "02.02.2021 01:13",
            "open": "1.6615",
            "high": "1.6615",
            "low": "1.6588",
            "close": "1.6525"
        },
        {
            "time": "02.02.2021 01:14",
            "open": "1.6525",
            "high": "1.6525",
            "low": "1.6491",
            "close": "1.659"
        },
        {
            "time": "02.02.2021 01:16",
            "open": "1.659",
            "high": "1.659",
            "low": "1.659",
            "close": "1.6506"
        },
        {
            "time": "02.02.2021 01:17",
            "open": "1.6506",
            "high": "1.6506",
            "low": "1.6389",
            "close": "1.645"
        },
        {
            "time": "02.02.2021 01:18",
            "open": "1.645",
            "high": "1.645",
            "low": "1.645",
            "close": "1.6404"
        },
        {
            "time": "02.02.2021 01:19",
            "open": "1.6404",
            "high": "1.6404",
            "low": "1.6404",
            "close": "1.6418"
        },
        {
            "time": "02.02.2021 01:22",
            "open": "1.6418",
            "high": "1.6418",
            "low": "1.6418",
            "close": "1.6422"
        },
        {
            "time": "02.02.2021 01:23",
            "open": "1.6422",
            "high": "1.6422",
            "low": "1.6422",
            "close": "1.641"
        },
        {
            "time": "02.02.2021 01:24",
            "open": "1.641",
            "high": "1.641",
            "low": "1.641",
            "close": "1.6381"
        },
        {
            "time": "02.02.2021 01:25",
            "open": "1.6381",
            "high": "1.6404",
            "low": "1.6365",
            "close": "1.6448"
        },
        {
            "time": "02.02.2021 01:26",
            "open": "1.6448",
            "high": "1.6448",
            "low": "1.6428",
            "close": "1.6445"
        },
        {
            "time": "02.02.2021 01:28",
            "open": "1.6445",
            "high": "1.6464",
            "low": "1.6445",
            "close": "1.6448"
        },
        {
            "time": "02.02.2021 01:29",
            "open": "1.6448",
            "high": "1.6448",
            "low": "1.6448",
            "close": "1.64"
        },
        {
            "time": "02.02.2021 01:31",
            "open": "1.64",
            "high": "1.64",
            "low": "1.64",
            "close": "1.6396"
        },
        {
            "time": "02.02.2021 01:32",
            "open": "1.6396",
            "high": "1.6396",
            "low": "1.6396",
            "close": "1.6392"
        },
        {
            "time": "02.02.2021 01:33",
            "open": "1.6392",
            "high": "1.6392",
            "low": "1.6388",
            "close": "1.6414"
        },
        {
            "time": "02.02.2021 01:35",
            "open": "1.6414",
            "high": "1.6422",
            "low": "1.6399",
            "close": "1.6407"
        },
        {
            "time": "02.02.2021 01:36",
            "open": "1.6407",
            "high": "1.6407",
            "low": "1.6407",
            "close": "1.6488"
        },
        {
            "time": "02.02.2021 01:37",
            "open": "1.6488",
            "high": "1.6488",
            "low": "1.6488",
            "close": "1.6659"
        },
        {
            "time": "02.02.2021 01:41",
            "open": "1.6659",
            "high": "1.6659",
            "low": "1.6636",
            "close": "1.6648"
        },
        {
            "time": "02.02.2021 01:42",
            "open": "1.6648",
            "high": "1.6648",
            "low": "1.6576",
            "close": "1.6576"
        },
        {
            "time": "02.02.2021 01:46",
            "open": "1.6576",
            "high": "1.6576",
            "low": "1.6575",
            "close": "1.6721"
        },
        {
            "time": "02.02.2021 01:47",
            "open": "1.6721",
            "high": "1.6721",
            "low": "1.6721",
            "close": "1.68"
        },
        {
            "time": "02.02.2021 01:48",
            "open": "1.68",
            "high": "1.68",
            "low": "1.68",
            "close": "1.68"
        },
        {
            "time": "02.02.2021 01:49",
            "open": "1.68",
            "high": "1.7165",
            "low": "1.68",
            "close": "1.7034"
        },
        {
            "time": "02.02.2021 01:50",
            "open": "1.7034",
            "high": "1.75",
            "low": "1.7034",
            "close": "1.75"
        },
        {
            "time": "02.02.2021 01:51",
            "open": "1.75",
            "high": "1.7598",
            "low": "1.7321",
            "close": "1.7598"
        },
        {
            "time": "02.02.2021 01:52",
            "open": "1.7598",
            "high": "1.771",
            "low": "1.7423",
            "close": "1.7512"
        },
        {
            "time": "02.02.2021 01:53",
            "open": "1.7512",
            "high": "1.7749",
            "low": "1.7512",
            "close": "1.7744"
        },
        {
            "time": "02.02.2021 01:54",
            "open": "1.7744",
            "high": "1.78",
            "low": "1.7744",
            "close": "1.78"
        },
        {
            "time": "02.02.2021 01:55",
            "open": "1.78",
            "high": "1.78",
            "low": "1.78",
            "close": "1.7636"
        },
        {
            "time": "02.02.2021 01:56",
            "open": "1.7636",
            "high": "1.7636",
            "low": "1.763",
            "close": "1.763"
        },
        {
            "time": "02.02.2021 01:57",
            "open": "1.763",
            "high": "1.763",
            "low": "1.747",
            "close": "1.7291"
        },
        {
            "time": "02.02.2021 01:59",
            "open": "1.7291",
            "high": "1.7798",
            "low": "1.7291",
            "close": "1.7288"
        },
        {
            "time": "02.02.2021 02:00",
            "open": "1.7288",
            "high": "1.7288",
            "low": "1.7271",
            "close": "1.7016"
        },
        {
            "time": "02.02.2021 02:01",
            "open": "1.7016",
            "high": "1.7016",
            "low": "1.7016",
            "close": "1.7427"
        },
        {
            "time": "02.02.2021 02:03",
            "open": "1.7427",
            "high": "1.7427",
            "low": "1.7427",
            "close": "1.7012"
        },
        {
            "time": "02.02.2021 02:04",
            "open": "1.7012",
            "high": "1.7012",
            "low": "1.6674",
            "close": "1.6941"
        },
        {
            "time": "02.02.2021 02:05",
            "open": "1.6941",
            "high": "1.6941",
            "low": "1.666",
            "close": "1.6822"
        },
        {
            "time": "02.02.2021 02:06",
            "open": "1.6822",
            "high": "1.6822",
            "low": "1.6821",
            "close": "1.6602"
        },
        {
            "time": "02.02.2021 02:07",
            "open": "1.6602",
            "high": "1.6602",
            "low": "1.6504",
            "close": "1.6578"
        },
        {
            "time": "02.02.2021 02:18",
            "open": "1.6578",
            "high": "1.6578",
            "low": "1.6578",
            "close": "1.6603"
        },
        {
            "time": "02.02.2021 02:19",
            "open": "1.6603",
            "high": "1.6603",
            "low": "1.6603",
            "close": "1.6633"
        },
        {
            "time": "02.02.2021 02:20",
            "open": "1.6633",
            "high": "1.6634",
            "low": "1.6633",
            "close": "1.6537"
        },
        {
            "time": "02.02.2021 02:22",
            "open": "1.6537",
            "high": "1.6537",
            "low": "1.6537",
            "close": "1.6518"
        },
        {
            "time": "02.02.2021 02:31",
            "open": "1.6518",
            "high": "1.6518",
            "low": "1.6518",
            "close": "1.6558"
        },
        {
            "time": "02.02.2021 02:33",
            "open": "1.6558",
            "high": "1.6564",
            "low": "1.6558",
            "close": "1.6612"
        },
        {
            "time": "02.02.2021 02:34",
            "open": "1.6612",
            "high": "1.6612",
            "low": "1.6612",
            "close": "1.6676"
        },
        {
            "time": "02.02.2021 02:35",
            "open": "1.6676",
            "high": "1.6677",
            "low": "1.6676",
            "close": "1.6628"
        },
        {
            "time": "02.02.2021 02:40",
            "open": "1.6629",
            "high": "1.6629",
            "low": "1.6629",
            "close": "1.6621"
        },
        {
            "time": "02.02.2021 02:46",
            "open": "1.6621",
            "high": "1.6621",
            "low": "1.6621",
            "close": "1.65"
        },
        {
            "time": "02.02.2021 02:49",
            "open": "1.65",
            "high": "1.65",
            "low": "1.65",
            "close": "1.6548"
        },
        {
            "time": "02.02.2021 02:52",
            "open": "1.6548",
            "high": "1.6548",
            "low": "1.6548",
            "close": "1.655"
        },
        {
            "time": "02.02.2021 02:58",
            "open": "1.655",
            "high": "1.6555",
            "low": "1.655",
            "close": "1.6588"
        },
        {
            "time": "02.02.2021 03:01",
            "open": "1.6588",
            "high": "1.6588",
            "low": "1.6588",
            "close": "1.6584"
        },
        {
            "time": "02.02.2021 03:04",
            "open": "1.6584",
            "high": "1.6584",
            "low": "1.6584",
            "close": "1.6506"
        },
        {
            "time": "02.02.2021 03:06",
            "open": "1.6506",
            "high": "1.6506",
            "low": "1.6506",
            "close": "1.655"
        },
        {
            "time": "02.02.2021 03:11",
            "open": "1.655",
            "high": "1.655",
            "low": "1.655",
            "close": "1.658"
        },
        {
            "time": "02.02.2021 03:14",
            "open": "1.658",
            "high": "1.658",
            "low": "1.658",
            "close": "1.665"
        },
        {
            "time": "02.02.2021 03:17",
            "open": "1.665",
            "high": "1.665",
            "low": "1.665",
            "close": "1.6684"
        },
        {
            "time": "02.02.2021 03:19",
            "open": "1.6684",
            "high": "1.6684",
            "low": "1.6684",
            "close": "1.6715"
        },
        {
            "time": "02.02.2021 03:21",
            "open": "1.6715",
            "high": "1.6715",
            "low": "1.671",
            "close": "1.666"
        },
        {
            "time": "02.02.2021 03:26",
            "open": "1.666",
            "high": "1.666",
            "low": "1.666",
            "close": "1.6716"
        },
        {
            "time": "02.02.2021 03:35",
            "open": "1.6716",
            "high": "1.6716",
            "low": "1.6716",
            "close": "1.649"
        },
        {
            "time": "02.02.2021 03:51",
            "open": "1.649",
            "high": "1.649",
            "low": "1.649",
            "close": "1.6514"
        },
        {
            "time": "02.02.2021 03:53",
            "open": "1.6514",
            "high": "1.6515",
            "low": "1.6513",
            "close": "1.6538"
        },
        {
            "time": "02.02.2021 03:56",
            "open": "1.6538",
            "high": "1.6538",
            "low": "1.6538",
            "close": "1.6481"
        },
        {
            "time": "02.02.2021 04:03",
            "open": "1.6481",
            "high": "1.6481",
            "low": "1.6458",
            "close": "1.6384"
        },
        {
            "time": "02.02.2021 04:05",
            "open": "1.6372",
            "high": "1.6372",
            "low": "1.6372",
            "close": "1.6418"
        },
        {
            "time": "02.02.2021 04:12",
            "open": "1.6418",
            "high": "1.6418",
            "low": "1.6418",
            "close": "1.6495"
        },
        {
            "time": "02.02.2021 04:32",
            "open": "1.6495",
            "high": "1.6497",
            "low": "1.6495",
            "close": "1.6445"
        },
        {
            "time": "02.02.2021 04:51",
            "open": "1.6445",
            "high": "1.6445",
            "low": "1.6445",
            "close": "1.6376"
        },
        {
            "time": "02.02.2021 04:53",
            "open": "1.6376",
            "high": "1.6376",
            "low": "1.6356",
            "close": "1.639"
        },
        {
            "time": "02.02.2021 04:54",
            "open": "1.639",
            "high": "1.6428",
            "low": "1.6389",
            "close": "1.6535"
        },
        {
            "time": "02.02.2021 05:08",
            "open": "1.6535",
            "high": "1.6535",
            "low": "1.6535",
            "close": "1.6498"
        },
        {
            "time": "02.02.2021 05:23",
            "open": "1.6498",
            "high": "1.6498",
            "low": "1.6494",
            "close": "1.6478"
        },
        {
            "time": "02.02.2021 05:26",
            "open": "1.6478",
            "high": "1.6478",
            "low": "1.6478",
            "close": "1.6495"
        },
        {
            "time": "02.02.2021 05:37",
            "open": "1.6495",
            "high": "1.6495",
            "low": "1.6495",
            "close": "1.6432"
        },
        {
            "time": "02.02.2021 05:38",
            "open": "1.6432",
            "high": "1.6432",
            "low": "1.6428",
            "close": "1.6439"
        },
        {
            "time": "02.02.2021 05:39",
            "open": "1.6439",
            "high": "1.6443",
            "low": "1.6439",
            "close": "1.6471"
        },
        {
            "time": "02.02.2021 05:54",
            "open": "1.6471",
            "high": "1.6471",
            "low": "1.6471",
            "close": "1.6633"
        },
        {
            "time": "02.02.2021 06:30",
            "open": "1.6633",
            "high": "1.6633",
            "low": "1.6621",
            "close": "1.6646"
        },
        {
            "time": "02.02.2021 06:36",
            "open": "1.6646",
            "high": "1.6646",
            "low": "1.6646",
            "close": "1.6651"
        },
        {
            "time": "02.02.2021 06:42",
            "open": "1.6651",
            "high": "1.6651",
            "low": "1.6651",
            "close": "1.666"
        },
        {
            "time": "02.02.2021 06:45",
            "open": "1.666",
            "high": "1.666",
            "low": "1.666",
            "close": "1.6665"
        },
        {
            "time": "02.02.2021 06:51",
            "open": "1.6665",
            "high": "1.6665",
            "low": "1.6665",
            "close": "1.6615"
        },
        {
            "time": "02.02.2021 07:07",
            "open": "1.6615",
            "high": "1.6615",
            "low": "1.6615",
            "close": "1.6596"
        },
        {
            "time": "02.02.2021 07:10",
            "open": "1.6596",
            "high": "1.6596",
            "low": "1.6585",
            "close": "1.6634"
        },
        {
            "time": "02.02.2021 07:27",
            "open": "1.6634",
            "high": "1.6647",
            "low": "1.6634",
            "close": "1.6642"
        },
        {
            "time": "02.02.2021 07:36",
            "open": "1.6642",
            "high": "1.6642",
            "low": "1.6642",
            "close": "1.6665"
        },
        {
            "time": "02.02.2021 07:37",
            "open": "1.6665",
            "high": "1.6665",
            "low": "1.6665",
            "close": "1.6717"
        },
        {
            "time": "02.02.2021 07:38",
            "open": "1.6717",
            "high": "1.6729",
            "low": "1.6717",
            "close": "1.6749"
        },
        {
            "time": "02.02.2021 07:39",
            "open": "1.6749",
            "high": "1.6749",
            "low": "1.6749",
            "close": "1.6749"
        },
        {
            "time": "02.02.2021 07:41",
            "open": "1.6749",
            "high": "1.6749",
            "low": "1.6713",
            "close": "1.675"
        },
        {
            "time": "02.02.2021 07:42",
            "open": "1.675",
            "high": "1.675",
            "low": "1.675",
            "close": "1.6687"
        },
        {
            "time": "02.02.2021 07:53",
            "open": "1.6687",
            "high": "1.6687",
            "low": "1.6687",
            "close": "1.675"
        },
        {
            "time": "02.02.2021 08:01",
            "open": "1.675",
            "high": "1.675",
            "low": "1.675",
            "close": "1.6783"
        },
        {
            "time": "02.02.2021 08:03",
            "open": "1.6783",
            "high": "1.6826",
            "low": "1.6783",
            "close": "1.68"
        },
        {
            "time": "02.02.2021 08:06",
            "open": "1.68",
            "high": "1.68",
            "low": "1.68",
            "close": "1.6742"
        },
        {
            "time": "02.02.2021 08:10",
            "open": "1.6742",
            "high": "1.6742",
            "low": "1.6741",
            "close": "1.6675"
        },
        {
            "time": "02.02.2021 08:12",
            "open": "1.6675",
            "high": "1.6718",
            "low": "1.6654",
            "close": "1.6676"
        },
        {
            "time": "02.02.2021 08:15",
            "open": "1.6676",
            "high": "1.6676",
            "low": "1.6676",
            "close": "1.6675"
        },
        {
            "time": "02.02.2021 08:16",
            "open": "1.6675",
            "high": "1.6675",
            "low": "1.6675",
            "close": "1.6675"
        },
        {
            "time": "02.02.2021 08:21",
            "open": "1.6675",
            "high": "1.6675",
            "low": "1.6675",
            "close": "1.6712"
        },
        {
            "time": "02.02.2021 08:27",
            "open": "1.6712",
            "high": "1.6713",
            "low": "1.6712",
            "close": "1.6747"
        },
        {
            "time": "02.02.2021 08:28",
            "open": "1.6747",
            "high": "1.6752",
            "low": "1.6747",
            "close": "1.6779"
        },
        {
            "time": "02.02.2021 08:33",
            "open": "1.6779",
            "high": "1.6779",
            "low": "1.6779",
            "close": "1.6742"
        },
        {
            "time": "02.02.2021 08:34",
            "open": "1.6742",
            "high": "1.6742",
            "low": "1.6721",
            "close": "1.6773"
        },
        {
            "time": "02.02.2021 08:36",
            "open": "1.6773",
            "high": "1.6786",
            "low": "1.6726",
            "close": "1.6721"
        },
        {
            "time": "02.02.2021 08:38",
            "open": "1.6721",
            "high": "1.6722",
            "low": "1.6721",
            "close": "1.6686"
        },
        {
            "time": "02.02.2021 08:39",
            "open": "1.6686",
            "high": "1.6762",
            "low": "1.6664",
            "close": "1.685"
        },
        {
            "time": "02.02.2021 08:55",
            "open": "1.685",
            "high": "1.685",
            "low": "1.685",
            "close": "1.6841"
        },
        {
            "time": "02.02.2021 08:56",
            "open": "1.6841",
            "high": "1.6842",
            "low": "1.6841",
            "close": "1.6841"
        },
        {
            "time": "02.02.2021 09:00",
            "open": "1.6841",
            "high": "1.6841",
            "low": "1.6841",
            "close": "1.6833"
        },
        {
            "time": "02.02.2021 09:02",
            "open": "1.6833",
            "high": "1.6834",
            "low": "1.6833",
            "close": "1.6841"
        },
        {
            "time": "02.02.2021 09:04",
            "open": "1.6841",
            "high": "1.6868",
            "low": "1.6831",
            "close": "1.6868"
        },
        {
            "time": "02.02.2021 09:09",
            "open": "1.6868",
            "high": "1.6868",
            "low": "1.6868",
            "close": "1.6821"
        },
        {
            "time": "02.02.2021 09:10",
            "open": "1.6821",
            "high": "1.6821",
            "low": "1.6815",
            "close": "1.6799"
        },
        {
            "time": "02.02.2021 09:11",
            "open": "1.6799",
            "high": "1.6799",
            "low": "1.6799",
            "close": "1.6743"
        },
        {
            "time": "02.02.2021 09:12",
            "open": "1.6743",
            "high": "1.6743",
            "low": "1.6743",
            "close": "1.6812"
        },
        {
            "time": "02.02.2021 09:14",
            "open": "1.6812",
            "high": "1.6912",
            "low": "1.6812",
            "close": "1.6861"
        },
        {
            "time": "02.02.2021 09:15",
            "open": "1.6861",
            "high": "1.6861",
            "low": "1.6861",
            "close": "1.6786"
        },
        {
            "time": "02.02.2021 09:16",
            "open": "1.6786",
            "high": "1.6786",
            "low": "1.6784",
            "close": "1.6721"
        },
        {
            "time": "02.02.2021 09:17",
            "open": "1.6721",
            "high": "1.6721",
            "low": "1.6696",
            "close": "1.6694"
        },
        {
            "time": "02.02.2021 09:18",
            "open": "1.6694",
            "high": "1.6721",
            "low": "1.6694",
            "close": "1.6758"
        },
        {
            "time": "02.02.2021 09:20",
            "open": "1.6758",
            "high": "1.6758",
            "low": "1.6758",
            "close": "1.6778"
        },
        {
            "time": "02.02.2021 09:21",
            "open": "1.6778",
            "high": "1.6778",
            "low": "1.6778",
            "close": "1.6736"
        },
        {
            "time": "02.02.2021 09:27",
            "open": "1.6736",
            "high": "1.6736",
            "low": "1.6736",
            "close": "1.6686"
        },
        {
            "time": "02.02.2021 09:40",
            "open": "1.6686",
            "high": "1.674",
            "low": "1.6686",
            "close": "1.6725"
        },
        {
            "time": "02.02.2021 09:47",
            "open": "1.6725",
            "high": "1.6725",
            "low": "1.6711",
            "close": "1.6739"
        },
        {
            "time": "02.02.2021 09:49",
            "open": "1.6739",
            "high": "1.674",
            "low": "1.6739",
            "close": "1.674"
        },
        {
            "time": "02.02.2021 09:51",
            "open": "1.674",
            "high": "1.6761",
            "low": "1.674",
            "close": "1.6788"
        },
        {
            "time": "02.02.2021 09:52",
            "open": "1.6788",
            "high": "1.6788",
            "low": "1.6788",
            "close": "1.6778"
        },
        {
            "time": "02.02.2021 09:54",
            "open": "1.6778",
            "high": "1.6862",
            "low": "1.6778",
            "close": "1.688"
        },
        {
            "time": "02.02.2021 09:58",
            "open": "1.688",
            "high": "1.688",
            "low": "1.687",
            "close": "1.6871"
        },
        {
            "time": "02.02.2021 09:59",
            "open": "1.6871",
            "high": "1.6871",
            "low": "1.6801",
            "close": "1.6854"
        },
        {
            "time": "02.02.2021 10:01",
            "open": "1.6854",
            "high": "1.6854",
            "low": "1.6853",
            "close": "1.6743"
        },
        {
            "time": "02.02.2021 10:02",
            "open": "1.6743",
            "high": "1.6743",
            "low": "1.6743",
            "close": "1.6774"
        },
        {
            "time": "02.02.2021 10:03",
            "open": "1.6774",
            "high": "1.6842",
            "low": "1.6774",
            "close": "1.6904"
        },
        {
            "time": "02.02.2021 10:05",
            "open": "1.6904",
            "high": "1.6916",
            "low": "1.6904",
            "close": "1.6897"
        },
        {
            "time": "02.02.2021 10:06",
            "open": "1.6897",
            "high": "1.6904",
            "low": "1.6897",
            "close": "1.6931"
        },
        {
            "time": "02.02.2021 10:07",
            "open": "1.6931",
            "high": "1.6932",
            "low": "1.6931",
            "close": "1.6934"
        },
        {
            "time": "02.02.2021 10:08",
            "open": "1.6934",
            "high": "1.6958",
            "low": "1.6934",
            "close": "1.6919"
        },
        {
            "time": "02.02.2021 10:13",
            "open": "1.6919",
            "high": "1.6919",
            "low": "1.6919",
            "close": "1.6849"
        },
        {
            "time": "02.02.2021 10:14",
            "open": "1.6849",
            "high": "1.6849",
            "low": "1.6849",
            "close": "1.6939"
        },
        {
            "time": "02.02.2021 10:15",
            "open": "1.6939",
            "high": "1.6941",
            "low": "1.6939",
            "close": "1.6877"
        },
        {
            "time": "02.02.2021 10:16",
            "open": "1.6877",
            "high": "1.6877",
            "low": "1.6877",
            "close": "1.6865"
        },
        {
            "time": "02.02.2021 10:17",
            "open": "1.6865",
            "high": "1.6865",
            "low": "1.6857",
            "close": "1.6863"
        },
        {
            "time": "02.02.2021 10:19",
            "open": "1.6863",
            "high": "1.6872",
            "low": "1.6824",
            "close": "1.6891"
        },
        {
            "time": "02.02.2021 10:20",
            "open": "1.6891",
            "high": "1.6891",
            "low": "1.6891",
            "close": "1.6824"
        },
        {
            "time": "02.02.2021 10:21",
            "open": "1.6824",
            "high": "1.6881",
            "low": "1.6781",
            "close": "1.68"
        },
        {
            "time": "02.02.2021 10:22",
            "open": "1.68",
            "high": "1.68",
            "low": "1.6799",
            "close": "1.6723"
        },
        {
            "time": "02.02.2021 10:26",
            "open": "1.6723",
            "high": "1.6723",
            "low": "1.6715",
            "close": "1.6715"
        },
        {
            "time": "02.02.2021 10:27",
            "open": "1.6715",
            "high": "1.6715",
            "low": "1.6702",
            "close": "1.6727"
        },
        {
            "time": "02.02.2021 10:28",
            "open": "1.6727",
            "high": "1.6727",
            "low": "1.6727",
            "close": "1.6737"
        },
        {
            "time": "02.02.2021 10:29",
            "open": "1.6737",
            "high": "1.6797",
            "low": "1.6737",
            "close": "1.6803"
        },
        {
            "time": "02.02.2021 10:31",
            "open": "1.6803",
            "high": "1.6803",
            "low": "1.6803",
            "close": "1.6861"
        },
        {
            "time": "02.02.2021 10:39",
            "open": "1.6861",
            "high": "1.6861",
            "low": "1.6833",
            "close": "1.6769"
        },
        {
            "time": "02.02.2021 10:45",
            "open": "1.6769",
            "high": "1.6824",
            "low": "1.6769",
            "close": "1.6807"
        },
        {
            "time": "02.02.2021 10:46",
            "open": "1.6807",
            "high": "1.6807",
            "low": "1.6807",
            "close": "1.6841"
        },
        {
            "time": "02.02.2021 10:47",
            "open": "1.6841",
            "high": "1.6841",
            "low": "1.6841",
            "close": "1.6818"
        },
        {
            "time": "02.02.2021 10:49",
            "open": "1.6818",
            "high": "1.6818",
            "low": "1.6818",
            "close": "1.6818"
        },
        {
            "time": "02.02.2021 10:56",
            "open": "1.6818",
            "high": "1.6818",
            "low": "1.6788",
            "close": "1.678"
        },
        {
            "time": "02.02.2021 10:58",
            "open": "1.678",
            "high": "1.6788",
            "low": "1.678",
            "close": "1.6907"
        },
        {
            "time": "02.02.2021 11:01",
            "open": "1.6907",
            "high": "1.6907",
            "low": "1.6907",
            "close": "1.6885"
        },
        {
            "time": "02.02.2021 11:02",
            "open": "1.6885",
            "high": "1.6885",
            "low": "1.6885",
            "close": "1.6852"
        },
        {
            "time": "02.02.2021 11:06",
            "open": "1.6852",
            "high": "1.6852",
            "low": "1.6852",
            "close": "1.6828"
        },
        {
            "time": "02.02.2021 11:23",
            "open": "1.6828",
            "high": "1.6828",
            "low": "1.6828",
            "close": "1.6844"
        },
        {
            "time": "02.02.2021 11:24",
            "open": "1.6844",
            "high": "1.6844",
            "low": "1.6844",
            "close": "1.6863"
        },
        {
            "time": "02.02.2021 11:30",
            "open": "1.6863",
            "high": "1.6868",
            "low": "1.6863",
            "close": "1.6868"
        },
        {
            "time": "02.02.2021 11:32",
            "open": "1.6868",
            "high": "1.6868",
            "low": "1.6868",
            "close": "1.6862"
        },
        {
            "time": "02.02.2021 11:36",
            "open": "1.6862",
            "high": "1.6862",
            "low": "1.6862",
            "close": "1.6825"
        },
        {
            "time": "02.02.2021 11:38",
            "open": "1.6825",
            "high": "1.684",
            "low": "1.6825",
            "close": "1.6774"
        },
        {
            "time": "02.02.2021 11:41",
            "open": "1.6774",
            "high": "1.6774",
            "low": "1.6774",
            "close": "1.68"
        },
        {
            "time": "02.02.2021 11:43",
            "open": "1.68",
            "high": "1.68",
            "low": "1.68",
            "close": "1.678"
        },
        {
            "time": "02.02.2021 11:48",
            "open": "1.678",
            "high": "1.678",
            "low": "1.678",
            "close": "1.6809"
        },
        {
            "time": "02.02.2021 11:52",
            "open": "1.6809",
            "high": "1.6809",
            "low": "1.6809",
            "close": "1.6816"
        },
        {
            "time": "02.02.2021 11:54",
            "open": "1.6816",
            "high": "1.6816",
            "low": "1.6816",
            "close": "1.6757"
        },
        {
            "time": "02.02.2021 11:57",
            "open": "1.6757",
            "high": "1.6757",
            "low": "1.6754",
            "close": "1.6797"
        },
        {
            "time": "02.02.2021 11:59",
            "open": "1.6797",
            "high": "1.6797",
            "low": "1.6797",
            "close": "1.6836"
        },
        {
            "time": "02.02.2021 12:01",
            "open": "1.6836",
            "high": "1.6836",
            "low": "1.6793",
            "close": "1.678"
        },
        {
            "time": "02.02.2021 12:19",
            "open": "1.678",
            "high": "1.678",
            "low": "1.678",
            "close": "1.6754"
        },
        {
            "time": "02.02.2021 12:20",
            "open": "1.6754",
            "high": "1.6754",
            "low": "1.6754",
            "close": "1.6667"
        },
        {
            "time": "02.02.2021 12:25",
            "open": "1.6667",
            "high": "1.6667",
            "low": "1.666",
            "close": "1.6631"
        },
        {
            "time": "02.02.2021 12:27",
            "open": "1.6631",
            "high": "1.6641",
            "low": "1.6631",
            "close": "1.6595"
        },
        {
            "time": "02.02.2021 12:28",
            "open": "1.6595",
            "high": "1.6595",
            "low": "1.6595",
            "close": "1.665"
        },
        {
            "time": "02.02.2021 12:31",
            "open": "1.665",
            "high": "1.665",
            "low": "1.665",
            "close": "1.6636"
        },
        {
            "time": "02.02.2021 12:33",
            "open": "1.6636",
            "high": "1.6636",
            "low": "1.6636",
            "close": "1.668"
        },
        {
            "time": "02.02.2021 12:38",
            "open": "1.668",
            "high": "1.669",
            "low": "1.668",
            "close": "1.6712"
        },
        {
            "time": "02.02.2021 12:40",
            "open": "1.6712",
            "high": "1.674",
            "low": "1.6712",
            "close": "1.6706"
        },
        {
            "time": "02.02.2021 12:51",
            "open": "1.6706",
            "high": "1.6706",
            "low": "1.6706",
            "close": "1.669"
        },
        {
            "time": "02.02.2021 12:52",
            "open": "1.669",
            "high": "1.6738",
            "low": "1.669",
            "close": "1.6677"
        },
        {
            "time": "02.02.2021 12:58",
            "open": "1.6677",
            "high": "1.6677",
            "low": "1.6677",
            "close": "1.668"
        },
        {
            "time": "02.02.2021 13:07",
            "open": "1.668",
            "high": "1.668",
            "low": "1.668",
            "close": "1.6702"
        },
        {
            "time": "02.02.2021 13:09",
            "open": "1.6702",
            "high": "1.6702",
            "low": "1.6702",
            "close": "1.6708"
        },
        {
            "time": "02.02.2021 13:11",
            "open": "1.6708",
            "high": "1.6708",
            "low": "1.6707",
            "close": "1.6666"
        },
        {
            "time": "02.02.2021 13:14",
            "open": "1.6666",
            "high": "1.6666",
            "low": "1.6666",
            "close": "1.6729"
        },
        {
            "time": "02.02.2021 13:24",
            "open": "1.6729",
            "high": "1.6729",
            "low": "1.6729",
            "close": "1.6692"
        },
        {
            "time": "02.02.2021 13:31",
            "open": "1.6692",
            "high": "1.6693",
            "low": "1.6692",
            "close": "1.6668"
        },
        {
            "time": "02.02.2021 13:37",
            "open": "1.6668",
            "high": "1.6668",
            "low": "1.6652",
            "close": "1.6656"
        },
        {
            "time": "02.02.2021 13:42",
            "open": "1.6656",
            "high": "1.6656",
            "low": "1.6397",
            "close": "1.6426"
        },
        {
            "time": "02.02.2021 13:43",
            "open": "1.6426",
            "high": "1.6498",
            "low": "1.6426",
            "close": "1.6585"
        },
        {
            "time": "02.02.2021 13:44",
            "open": "1.6585",
            "high": "1.6586",
            "low": "1.6524",
            "close": "1.6609"
        },
        {
            "time": "02.02.2021 13:45",
            "open": "1.6609",
            "high": "1.663",
            "low": "1.6609",
            "close": "1.6625"
        },
        {
            "time": "02.02.2021 13:46",
            "open": "1.6625",
            "high": "1.6625",
            "low": "1.6605",
            "close": "1.6609"
        },
        {
            "time": "02.02.2021 13:47",
            "open": "1.6609",
            "high": "1.6609",
            "low": "1.6609",
            "close": "1.655"
        },
        {
            "time": "02.02.2021 13:53",
            "open": "1.655",
            "high": "1.655",
            "low": "1.655",
            "close": "1.6536"
        },
        {
            "time": "02.02.2021 13:54",
            "open": "1.6536",
            "high": "1.6536",
            "low": "1.6524",
            "close": "1.6515"
        },
        {
            "time": "02.02.2021 13:55",
            "open": "1.6515",
            "high": "1.6515",
            "low": "1.6515",
            "close": "1.6532"
        },
        {
            "time": "02.02.2021 13:59",
            "open": "1.6532",
            "high": "1.6532",
            "low": "1.6532",
            "close": "1.6523"
        },
        {
            "time": "02.02.2021 14:01",
            "open": "1.6523",
            "high": "1.6523",
            "low": "1.6523",
            "close": "1.6522"
        },
        {
            "time": "02.02.2021 14:03",
            "open": "1.6522",
            "high": "1.6522",
            "low": "1.6522",
            "close": "1.6562"
        },
        {
            "time": "02.02.2021 14:07",
            "open": "1.6562",
            "high": "1.6564",
            "low": "1.6562",
            "close": "1.6635"
        },
        {
            "time": "02.02.2021 14:11",
            "open": "1.6635",
            "high": "1.6654",
            "low": "1.6635",
            "close": "1.6693"
        },
        {
            "time": "02.02.2021 14:17",
            "open": "1.6693",
            "high": "1.6693",
            "low": "1.6693",
            "close": "1.6658"
        },
        {
            "time": "02.02.2021 14:18",
            "open": "1.6658",
            "high": "1.6703",
            "low": "1.6658",
            "close": "1.6662"
        },
        {
            "time": "02.02.2021 14:19",
            "open": "1.6662",
            "high": "1.6662",
            "low": "1.6662",
            "close": "1.6615"
        },
        {
            "time": "02.02.2021 14:28",
            "open": "1.6615",
            "high": "1.6615",
            "low": "1.6615",
            "close": "1.6597"
        },
        {
            "time": "02.02.2021 14:29",
            "open": "1.6597",
            "high": "1.6612",
            "low": "1.6597",
            "close": "1.658"
        },
        {
            "time": "02.02.2021 14:30",
            "open": "1.658",
            "high": "1.658",
            "low": "1.658",
            "close": "1.656"
        },
        {
            "time": "02.02.2021 14:31",
            "open": "1.656",
            "high": "1.656",
            "low": "1.656",
            "close": "1.6595"
        },
        {
            "time": "02.02.2021 14:35",
            "open": "1.6595",
            "high": "1.6603",
            "low": "1.6595",
            "close": "1.6588"
        },
        {
            "time": "02.02.2021 14:39",
            "open": "1.6588",
            "high": "1.6595",
            "low": "1.6545",
            "close": "1.6658"
        },
        {
            "time": "02.02.2021 14:40",
            "open": "1.6658",
            "high": "1.6658",
            "low": "1.6658",
            "close": "1.6616"
        },
        {
            "time": "02.02.2021 14:51",
            "open": "1.6616",
            "high": "1.6616",
            "low": "1.6616",
            "close": "1.6657"
        },
        {
            "time": "02.02.2021 14:53",
            "open": "1.6657",
            "high": "1.6657",
            "low": "1.6657",
            "close": "1.6627"
        },
        {
            "time": "02.02.2021 14:58",
            "open": "1.6627",
            "high": "1.6627",
            "low": "1.6598",
            "close": "1.66"
        },
        {
            "time": "02.02.2021 14:59",
            "open": "1.66",
            "high": "1.66",
            "low": "1.66",
            "close": "1.66"
        },
        {
            "time": "02.02.2021 15:01",
            "open": "1.66",
            "high": "1.66",
            "low": "1.66",
            "close": "1.6626"
        },
        {
            "time": "02.02.2021 15:03",
            "open": "1.6626",
            "high": "1.6626",
            "low": "1.6626",
            "close": "1.6684"
        },
        {
            "time": "02.02.2021 15:07",
            "open": "1.6684",
            "high": "1.6684",
            "low": "1.6683",
            "close": "1.6693"
        },
        {
            "time": "02.02.2021 15:16",
            "open": "1.6693",
            "high": "1.6693",
            "low": "1.6693",
            "close": "1.6634"
        },
        {
            "time": "02.02.2021 15:19",
            "open": "1.6634",
            "high": "1.6634",
            "low": "1.6634",
            "close": "1.6613"
        },
        {
            "time": "02.02.2021 15:21",
            "open": "1.6613",
            "high": "1.6613",
            "low": "1.6613",
            "close": "1.6545"
        },
        {
            "time": "02.02.2021 15:24",
            "open": "1.6545",
            "high": "1.6545",
            "low": "1.6545",
            "close": "1.6565"
        },
        {
            "time": "02.02.2021 15:27",
            "open": "1.6565",
            "high": "1.6565",
            "low": "1.6565",
            "close": "1.6565"
        },
        {
            "time": "02.02.2021 15:28",
            "open": "1.6565",
            "high": "1.6565",
            "low": "1.6563",
            "close": "1.6576"
        },
        {
            "time": "02.02.2021 15:30",
            "open": "1.6576",
            "high": "1.6576",
            "low": "1.6576",
            "close": "1.6556"
        },
        {
            "time": "02.02.2021 15:32",
            "open": "1.6556",
            "high": "1.6557",
            "low": "1.6556",
            "close": "1.6558"
        },
        {
            "time": "02.02.2021 15:33",
            "open": "1.6558",
            "high": "1.6558",
            "low": "1.6558",
            "close": "1.6626"
        },
        {
            "time": "02.02.2021 15:34",
            "open": "1.6626",
            "high": "1.6627",
            "low": "1.6626",
            "close": "1.6644"
        },
        {
            "time": "02.02.2021 15:36",
            "open": "1.6644",
            "high": "1.6644",
            "low": "1.6644",
            "close": "1.665"
        },
        {
            "time": "02.02.2021 15:37",
            "open": "1.665",
            "high": "1.665",
            "low": "1.665",
            "close": "1.6657"
        },
        {
            "time": "02.02.2021 15:38",
            "open": "1.6657",
            "high": "1.6657",
            "low": "1.6657",
            "close": "1.6648"
        },
        {
            "time": "02.02.2021 15:40",
            "open": "1.6648",
            "high": "1.6649",
            "low": "1.66",
            "close": "1.6661"
        },
        {
            "time": "02.02.2021 15:46",
            "open": "1.6661",
            "high": "1.6661",
            "low": "1.6661",
            "close": "1.6663"
        },
        {
            "time": "02.02.2021 15:58",
            "open": "1.6663",
            "high": "1.6663",
            "low": "1.6663",
            "close": "1.6548"
        },
        {
            "time": "02.02.2021 16:10",
            "open": "1.6548",
            "high": "1.6548",
            "low": "1.6547",
            "close": "1.6571"
        },
        {
            "time": "02.02.2021 16:11",
            "open": "1.6571",
            "high": "1.6602",
            "low": "1.6571",
            "close": "1.6635"
        },
        {
            "time": "02.02.2021 16:14",
            "open": "1.6635",
            "high": "1.6635",
            "low": "1.6635",
            "close": "1.6673"
        },
        {
            "time": "02.02.2021 16:15",
            "open": "1.6673",
            "high": "1.6677",
            "low": "1.6673",
            "close": "1.6614"
        },
        {
            "time": "02.02.2021 16:17",
            "open": "1.6614",
            "high": "1.6614",
            "low": "1.6614",
            "close": "1.6728"
        },
        {
            "time": "02.02.2021 16:19",
            "open": "1.6728",
            "high": "1.6728",
            "low": "1.6728",
            "close": "1.6691"
        },
        {
            "time": "02.02.2021 16:20",
            "open": "1.6691",
            "high": "1.6691",
            "low": "1.6691",
            "close": "1.6608"
        },
        {
            "time": "02.02.2021 16:23",
            "open": "1.6608",
            "high": "1.6608",
            "low": "1.6608",
            "close": "1.6607"
        },
        {
            "time": "02.02.2021 16:25",
            "open": "1.6607",
            "high": "1.6607",
            "low": "1.6607",
            "close": "1.6576"
        },
        {
            "time": "02.02.2021 16:26",
            "open": "1.6576",
            "high": "1.6594",
            "low": "1.6576",
            "close": "1.65"
        },
        {
            "time": "02.02.2021 16:35",
            "open": "1.65",
            "high": "1.65",
            "low": "1.65",
            "close": "1.6533"
        },
        {
            "time": "02.02.2021 16:37",
            "open": "1.6533",
            "high": "1.6533",
            "low": "1.6533",
            "close": "1.6521"
        },
        {
            "time": "02.02.2021 16:38",
            "open": "1.6521",
            "high": "1.6523",
            "low": "1.6521",
            "close": "1.6526"
        },
        {
            "time": "02.02.2021 16:39",
            "open": "1.6526",
            "high": "1.6526",
            "low": "1.6526",
            "close": "1.6547"
        },
        {
            "time": "02.02.2021 16:47",
            "open": "1.6547",
            "high": "1.6562",
            "low": "1.6547",
            "close": "1.6568"
        },
        {
            "time": "02.02.2021 16:55",
            "open": "1.6568",
            "high": "1.6576",
            "low": "1.6568",
            "close": "1.6566"
        },
        {
            "time": "02.02.2021 16:57",
            "open": "1.6566",
            "high": "1.6588",
            "low": "1.6566",
            "close": "1.6557"
        },
        {
            "time": "02.02.2021 17:04",
            "open": "1.6557",
            "high": "1.6557",
            "low": "1.6557",
            "close": "1.6557"
        },
        {
            "time": "02.02.2021 17:10",
            "open": "1.6557",
            "high": "1.6557",
            "low": "1.6557",
            "close": "1.656"
        },
        {
            "time": "02.02.2021 17:15",
            "open": "1.656",
            "high": "1.656",
            "low": "1.656",
            "close": "1.6599"
        },
        {
            "time": "02.02.2021 17:18",
            "open": "1.6599",
            "high": "1.6599",
            "low": "1.6599",
            "close": "1.656"
        },
        {
            "time": "02.02.2021 17:21",
            "open": "1.656",
            "high": "1.656",
            "low": "1.656",
            "close": "1.6551"
        },
        {
            "time": "02.02.2021 17:25",
            "open": "1.6551",
            "high": "1.6551",
            "low": "1.6551",
            "close": "1.6609"
        },
        {
            "time": "02.02.2021 17:27",
            "open": "1.6609",
            "high": "1.6656",
            "low": "1.6609",
            "close": "1.6631"
        },
        {
            "time": "02.02.2021 17:29",
            "open": "1.6631",
            "high": "1.669",
            "low": "1.6626",
            "close": "1.669"
        },
        {
            "time": "02.02.2021 17:30",
            "open": "1.669",
            "high": "1.6825",
            "low": "1.669",
            "close": "1.6775"
        },
        {
            "time": "02.02.2021 17:31",
            "open": "1.6775",
            "high": "1.6775",
            "low": "1.675",
            "close": "1.6722"
        },
        {
            "time": "02.02.2021 17:32",
            "open": "1.6722",
            "high": "1.6841",
            "low": "1.6722",
            "close": "1.675"
        },
        {
            "time": "02.02.2021 17:37",
            "open": "1.675",
            "high": "1.6869",
            "low": "1.675",
            "close": "1.6857"
        },
        {
            "time": "02.02.2021 17:42",
            "open": "1.6857",
            "high": "1.6857",
            "low": "1.6857",
            "close": "1.6729"
        },
        {
            "time": "02.02.2021 17:45",
            "open": "1.6729",
            "high": "1.6731",
            "low": "1.67",
            "close": "1.6689"
        },
        {
            "time": "02.02.2021 17:46",
            "open": "1.6689",
            "high": "1.6804",
            "low": "1.6689",
            "close": "1.6849"
        },
        {
            "time": "02.02.2021 17:50",
            "open": "1.6849",
            "high": "1.6872",
            "low": "1.6849",
            "close": "1.6874"
        },
        {
            "time": "02.02.2021 17:51",
            "open": "1.6874",
            "high": "1.6874",
            "low": "1.6874",
            "close": "1.6874"
        },
        {
            "time": "02.02.2021 17:52",
            "open": "1.6874",
            "high": "1.6927",
            "low": "1.6874",
            "close": "1.6878"
        },
        {
            "time": "02.02.2021 17:56",
            "open": "1.6878",
            "high": "1.6886",
            "low": "1.6878",
            "close": "1.6801"
        },
        {
            "time": "02.02.2021 17:58",
            "open": "1.6801",
            "high": "1.6801",
            "low": "1.6801",
            "close": "1.6743"
        },
        {
            "time": "02.02.2021 18:00",
            "open": "1.6743",
            "high": "1.6822",
            "low": "1.6743",
            "close": "1.6735"
        },
        {
            "time": "02.02.2021 18:02",
            "open": "1.6735",
            "high": "1.6735",
            "low": "1.6735",
            "close": "1.6746"
        },
        {
            "time": "02.02.2021 18:03",
            "open": "1.6746",
            "high": "1.6746",
            "low": "1.6713",
            "close": "1.6728"
        },
        {
            "time": "02.02.2021 18:05",
            "open": "1.6728",
            "high": "1.6728",
            "low": "1.6728",
            "close": "1.6683"
        },
        {
            "time": "02.02.2021 18:09",
            "open": "1.6683",
            "high": "1.6683",
            "low": "1.6683",
            "close": "1.6743"
        },
        {
            "time": "02.02.2021 18:10",
            "open": "1.6743",
            "high": "1.6743",
            "low": "1.6743",
            "close": "1.6743"
        },
        {
            "time": "02.02.2021 18:11",
            "open": "1.6743",
            "high": "1.6743",
            "low": "1.6697",
            "close": "1.6712"
        },
        {
            "time": "02.02.2021 18:16",
            "open": "1.6712",
            "high": "1.6715",
            "low": "1.6712",
            "close": "1.6596"
        },
        {
            "time": "02.02.2021 18:17",
            "open": "1.6596",
            "high": "1.6596",
            "low": "1.6569",
            "close": "1.6556"
        },
        {
            "time": "02.02.2021 18:22",
            "open": "1.6556",
            "high": "1.6556",
            "low": "1.6556",
            "close": "1.6554"
        },
        {
            "time": "02.02.2021 18:23",
            "open": "1.6554",
            "high": "1.6692",
            "low": "1.6554",
            "close": "1.6689"
        },
        {
            "time": "02.02.2021 18:24",
            "open": "1.6689",
            "high": "1.6696",
            "low": "1.6689",
            "close": "1.6745"
        },
        {
            "time": "02.02.2021 18:26",
            "open": "1.6745",
            "high": "1.6745",
            "low": "1.6714",
            "close": "1.667"
        },
        {
            "time": "02.02.2021 18:29",
            "open": "1.667",
            "high": "1.667",
            "low": "1.667",
            "close": "1.6641"
        },
        {
            "time": "02.02.2021 18:36",
            "open": "1.6641",
            "high": "1.6642",
            "low": "1.6641",
            "close": "1.6691"
        },
        {
            "time": "02.02.2021 18:37",
            "open": "1.6691",
            "high": "1.6691",
            "low": "1.6691",
            "close": "1.6698"
        },
        {
            "time": "02.02.2021 18:44",
            "open": "1.6698",
            "high": "1.6698",
            "low": "1.6698",
            "close": "1.6681"
        },
        {
            "time": "02.02.2021 18:47",
            "open": "1.6681",
            "high": "1.6681",
            "low": "1.6625",
            "close": "1.662"
        },
        {
            "time": "02.02.2021 18:54",
            "open": "1.662",
            "high": "1.6658",
            "low": "1.662",
            "close": "1.6673"
        },
        {
            "time": "02.02.2021 18:56",
            "open": "1.6673",
            "high": "1.6673",
            "low": "1.6673",
            "close": "1.667"
        },
        {
            "time": "02.02.2021 19:00",
            "open": "1.667",
            "high": "1.67",
            "low": "1.667",
            "close": "1.6685"
        },
        {
            "time": "02.02.2021 19:01",
            "open": "1.6685",
            "high": "1.6685",
            "low": "1.6685",
            "close": "1.6732"
        },
        {
            "time": "02.02.2021 19:02",
            "open": "1.6732",
            "high": "1.6763",
            "low": "1.6732",
            "close": "1.6686"
        },
        {
            "time": "02.02.2021 19:03",
            "open": "1.6686",
            "high": "1.6686",
            "low": "1.6684",
            "close": "1.668"
        },
        {
            "time": "02.02.2021 19:04",
            "open": "1.668",
            "high": "1.672",
            "low": "1.668",
            "close": "1.6624"
        },
        {
            "time": "02.02.2021 19:05",
            "open": "1.6624",
            "high": "1.6624",
            "low": "1.6618",
            "close": "1.6646"
        },
        {
            "time": "02.02.2021 19:08",
            "open": "1.6646",
            "high": "1.6653",
            "low": "1.6607",
            "close": "1.6661"
        },
        {
            "time": "02.02.2021 19:09",
            "open": "1.6661",
            "high": "1.6676",
            "low": "1.6653",
            "close": "1.6666"
        },
        {
            "time": "02.02.2021 19:16",
            "open": "1.6666",
            "high": "1.6667",
            "low": "1.6666",
            "close": "1.6607"
        },
        {
            "time": "02.02.2021 19:19",
            "open": "1.6607",
            "high": "1.6641",
            "low": "1.6607",
            "close": "1.6623"
        },
        {
            "time": "02.02.2021 19:22",
            "open": "1.6623",
            "high": "1.6625",
            "low": "1.6623",
            "close": "1.6729"
        },
        {
            "time": "02.02.2021 19:34",
            "open": "1.6729",
            "high": "1.6729",
            "low": "1.6729",
            "close": "1.6762"
        },
        {
            "time": "02.02.2021 19:36",
            "open": "1.6762",
            "high": "1.6771",
            "low": "1.6717",
            "close": "1.6729"
        },
        {
            "time": "02.02.2021 19:46",
            "open": "1.6729",
            "high": "1.6729",
            "low": "1.6729",
            "close": "1.6692"
        },
        {
            "time": "02.02.2021 19:51",
            "open": "1.6692",
            "high": "1.6692",
            "low": "1.6692",
            "close": "1.6774"
        },
        {
            "time": "02.02.2021 19:53",
            "open": "1.6774",
            "high": "1.6774",
            "low": "1.6774",
            "close": "1.6773"
        },
        {
            "time": "02.02.2021 19:58",
            "open": "1.6773",
            "high": "1.6773",
            "low": "1.6773",
            "close": "1.6774"
        },
        {
            "time": "02.02.2021 20:00",
            "open": "1.6774",
            "high": "1.6774",
            "low": "1.6773",
            "close": "1.6807"
        },
        {
            "time": "02.02.2021 20:05",
            "open": "1.6807",
            "high": "1.6807",
            "low": "1.6807",
            "close": "1.6833"
        },
        {
            "time": "02.02.2021 20:06",
            "open": "1.6833",
            "high": "1.6833",
            "low": "1.6833",
            "close": "1.6838"
        },
        {
            "time": "02.02.2021 20:10",
            "open": "1.6838",
            "high": "1.6838",
            "low": "1.6838",
            "close": "1.6838"
        },
        {
            "time": "02.02.2021 20:11",
            "open": "1.6838",
            "high": "1.6838",
            "low": "1.6799",
            "close": "1.6815"
        },
        {
            "time": "02.02.2021 20:15",
            "open": "1.6815",
            "high": "1.6815",
            "low": "1.6815",
            "close": "1.6824"
        },
        {
            "time": "02.02.2021 20:20",
            "open": "1.6824",
            "high": "1.6824",
            "low": "1.6824",
            "close": "1.6811"
        },
        {
            "time": "02.02.2021 20:22",
            "open": "1.6811",
            "high": "1.6811",
            "low": "1.6811",
            "close": "1.6795"
        },
        {
            "time": "02.02.2021 20:23",
            "open": "1.6795",
            "high": "1.6795",
            "low": "1.6795",
            "close": "1.6754"
        },
        {
            "time": "02.02.2021 20:26",
            "open": "1.6754",
            "high": "1.6754",
            "low": "1.6748",
            "close": "1.6754"
        },
        {
            "time": "02.02.2021 20:32",
            "open": "1.6754",
            "high": "1.6754",
            "low": "1.6754",
            "close": "1.6815"
        },
        {
            "time": "02.02.2021 20:43",
            "open": "1.6815",
            "high": "1.683",
            "low": "1.6814",
            "close": "1.683"
        },
        {
            "time": "02.02.2021 20:46",
            "open": "1.683",
            "high": "1.683",
            "low": "1.683",
            "close": "1.688"
        },
        {
            "time": "02.02.2021 20:49",
            "open": "1.688",
            "high": "1.688",
            "low": "1.688",
            "close": "1.6877"
        },
        {
            "time": "02.02.2021 20:50",
            "open": "1.6877",
            "high": "1.6877",
            "low": "1.6858",
            "close": "1.6816"
        },
        {
            "time": "02.02.2021 20:51",
            "open": "1.6816",
            "high": "1.6816",
            "low": "1.6816",
            "close": "1.69"
        },
        {
            "time": "02.02.2021 20:55",
            "open": "1.69",
            "high": "1.69",
            "low": "1.69",
            "close": "1.692"
        },
        {
            "time": "02.02.2021 20:56",
            "open": "1.692",
            "high": "1.6992",
            "low": "1.6903",
            "close": "1.6992"
        },
        {
            "time": "02.02.2021 20:57",
            "open": "1.6992",
            "high": "1.7049",
            "low": "1.6992",
            "close": "1.6979"
        },
        {
            "time": "02.02.2021 21:00",
            "open": "1.6979",
            "high": "1.7004",
            "low": "1.6979",
            "close": "1.6922"
        },
        {
            "time": "02.02.2021 21:01",
            "open": "1.6922",
            "high": "1.693",
            "low": "1.6922",
            "close": "1.6947"
        },
        {
            "time": "02.02.2021 21:03",
            "open": "1.6947",
            "high": "1.6947",
            "low": "1.6945",
            "close": "1.6946"
        },
        {
            "time": "02.02.2021 21:05",
            "open": "1.6946",
            "high": "1.6946",
            "low": "1.6892",
            "close": "1.695"
        },
        {
            "time": "02.02.2021 21:06",
            "open": "1.695",
            "high": "1.695",
            "low": "1.695",
            "close": "1.6954"
        },
        {
            "time": "02.02.2021 21:07",
            "open": "1.6954",
            "high": "1.6956",
            "low": "1.6954",
            "close": "1.6967"
        },
        {
            "time": "02.02.2021 21:10",
            "open": "1.6967",
            "high": "1.6967",
            "low": "1.6965",
            "close": "1.6979"
        },
        {
            "time": "02.02.2021 21:12",
            "open": "1.6979",
            "high": "1.6979",
            "low": "1.6979",
            "close": "1.6978"
        },
        {
            "time": "02.02.2021 21:14",
            "open": "1.6978",
            "high": "1.6978",
            "low": "1.6977",
            "close": "1.6947"
        },
        {
            "time": "02.02.2021 21:18",
            "open": "1.6947",
            "high": "1.6947",
            "low": "1.6923",
            "close": "1.6905"
        },
        {
            "time": "02.02.2021 21:19",
            "open": "1.6905",
            "high": "1.6905",
            "low": "1.6886",
            "close": "1.6905"
        },
        {
            "time": "02.02.2021 21:24",
            "open": "1.6905",
            "high": "1.6905",
            "low": "1.6905",
            "close": "1.6821"
        },
        {
            "time": "02.02.2021 21:37",
            "open": "1.6821",
            "high": "1.6882",
            "low": "1.682",
            "close": "1.6864"
        },
        {
            "time": "02.02.2021 21:40",
            "open": "1.6864",
            "high": "1.6864",
            "low": "1.6864",
            "close": "1.6801"
        },
        {
            "time": "02.02.2021 21:42",
            "open": "1.6801",
            "high": "1.6801",
            "low": "1.6801",
            "close": "1.6858"
        },
        {
            "time": "02.02.2021 21:46",
            "open": "1.6858",
            "high": "1.6866",
            "low": "1.6858",
            "close": "1.6854"
        },
        {
            "time": "02.02.2021 21:50",
            "open": "1.6854",
            "high": "1.6854",
            "low": "1.6854",
            "close": "1.6854"
        },
        {
            "time": "02.02.2021 21:52",
            "open": "1.6854",
            "high": "1.6854",
            "low": "1.6854",
            "close": "1.6856"
        },
        {
            "time": "02.02.2021 21:55",
            "open": "1.6856",
            "high": "1.6856",
            "low": "1.6856",
            "close": "1.6857"
        },
        {
            "time": "02.02.2021 21:56",
            "open": "1.6857",
            "high": "1.6857",
            "low": "1.6857",
            "close": "1.6857"
        },
        {
            "time": "02.02.2021 21:57",
            "open": "1.6857",
            "high": "1.6857",
            "low": "1.6857",
            "close": "1.6977"
        },
        {
            "time": "02.02.2021 21:58",
            "open": "1.6977",
            "high": "1.6981",
            "low": "1.6977",
            "close": "1.7002"
        },
        {
            "time": "02.02.2021 22:00",
            "open": "1.7002",
            "high": "1.7002",
            "low": "1.7002",
            "close": "1.6981"
        },
        {
            "time": "02.02.2021 22:01",
            "open": "1.6981",
            "high": "1.6981",
            "low": "1.6981",
            "close": "1.6955"
        },
        {
            "time": "02.02.2021 22:03",
            "open": "1.6955",
            "high": "1.6955",
            "low": "1.6955",
            "close": "1.6925"
        },
        {
            "time": "02.02.2021 22:04",
            "open": "1.6925",
            "high": "1.6925",
            "low": "1.6925",
            "close": "1.6945"
        },
        {
            "time": "02.02.2021 22:05",
            "open": "1.6945",
            "high": "1.6945",
            "low": "1.6945",
            "close": "1.6959"
        },
        {
            "time": "02.02.2021 22:08",
            "open": "1.6959",
            "high": "1.6959",
            "low": "1.6959",
            "close": "1.695"
        },
        {
            "time": "02.02.2021 22:11",
            "open": "1.695",
            "high": "1.695",
            "low": "1.695",
            "close": "1.6907"
        },
        {
            "time": "02.02.2021 22:12",
            "open": "1.6907",
            "high": "1.6907",
            "low": "1.6907",
            "close": "1.6904"
        },
        {
            "time": "02.02.2021 22:16",
            "open": "1.6904",
            "high": "1.6904",
            "low": "1.6904",
            "close": "1.6814"
        },
        {
            "time": "02.02.2021 22:19",
            "open": "1.6814",
            "high": "1.6872",
            "low": "1.6814",
            "close": "1.6873"
        },
        {
            "time": "02.02.2021 22:23",
            "open": "1.6873",
            "high": "1.6891",
            "low": "1.6873",
            "close": "1.6924"
        },
        {
            "time": "02.02.2021 22:38",
            "open": "1.6924",
            "high": "1.6924",
            "low": "1.6924",
            "close": "1.7015"
        },
        {
            "time": "02.02.2021 22:40",
            "open": "1.7015",
            "high": "1.7015",
            "low": "1.7015",
            "close": "1.6966"
        },
        {
            "time": "02.02.2021 22:44",
            "open": "1.6966",
            "high": "1.6966",
            "low": "1.6934",
            "close": "1.6996"
        },
        {
            "time": "02.02.2021 22:47",
            "open": "1.6996",
            "high": "1.6996",
            "low": "1.6996",
            "close": "1.6991"
        },
        {
            "time": "02.02.2021 22:48",
            "open": "1.6991",
            "high": "1.6991",
            "low": "1.6991",
            "close": "1.6864"
        },
        {
            "time": "02.02.2021 22:54",
            "open": "1.6864",
            "high": "1.6864",
            "low": "1.6864",
            "close": "1.6889"
        },
        {
            "time": "02.02.2021 22:55",
            "open": "1.6889",
            "high": "1.6889",
            "low": "1.6889",
            "close": "1.6865"
        },
        {
            "time": "02.02.2021 22:58",
            "open": "1.6865",
            "high": "1.6865",
            "low": "1.6865",
            "close": "1.6884"
        },
        {
            "time": "02.02.2021 23:00",
            "open": "1.6884",
            "high": "1.6884",
            "low": "1.6884",
            "close": "1.6928"
        },
        {
            "time": "02.02.2021 23:05",
            "open": "1.6928",
            "high": "1.6928",
            "low": "1.6928",
            "close": "1.6939"
        },
        {
            "time": "02.02.2021 23:09",
            "open": "1.6939",
            "high": "1.6979",
            "low": "1.6927",
            "close": "1.7015"
        },
        {
            "time": "02.02.2021 23:11",
            "open": "1.7015",
            "high": "1.7017",
            "low": "1.7015",
            "close": "1.7023"
        },
        {
            "time": "02.02.2021 23:16",
            "open": "1.7023",
            "high": "1.7023",
            "low": "1.6958",
            "close": "1.6932"
        },
        {
            "time": "02.02.2021 23:17",
            "open": "1.6932",
            "high": "1.6932",
            "low": "1.6926",
            "close": "1.6972"
        },
        {
            "time": "02.02.2021 23:18",
            "open": "1.6972",
            "high": "1.6973",
            "low": "1.6972",
            "close": "1.7008"
        },
        {
            "time": "02.02.2021 23:28",
            "open": "1.7008",
            "high": "1.7054",
            "low": "1.7008",
            "close": "1.7054"
        },
        {
            "time": "02.02.2021 23:29",
            "open": "1.7054",
            "high": "1.7054",
            "low": "1.7054",
            "close": "1.7057"
        },
        {
            "time": "02.02.2021 23:30",
            "open": "1.7057",
            "high": "1.7057",
            "low": "1.7024",
            "close": "1.7077"
        },
        {
            "time": "02.02.2021 23:31",
            "open": "1.7077",
            "high": "1.7077",
            "low": "1.7077",
            "close": "1.7077"
        },
        {
            "time": "02.02.2021 23:32",
            "open": "1.7077",
            "high": "1.7086",
            "low": "1.7077",
            "close": "1.7128"
        },
        {
            "time": "02.02.2021 23:33",
            "open": "1.7128",
            "high": "1.7131",
            "low": "1.7128",
            "close": "1.7136"
        },
        {
            "time": "02.02.2021 23:34",
            "open": "1.7136",
            "high": "1.7152",
            "low": "1.7123",
            "close": "1.7204"
        },
        {
            "time": "02.02.2021 23:36",
            "open": "1.7204",
            "high": "1.7204",
            "low": "1.7204",
            "close": "1.7165"
        },
        {
            "time": "02.02.2021 23:37",
            "open": "1.7165",
            "high": "1.7165",
            "low": "1.7148",
            "close": "1.7191"
        },
        {
            "time": "02.02.2021 23:38",
            "open": "1.7191",
            "high": "1.7273",
            "low": "1.7029",
            "close": "1.7069"
        },
        {
            "time": "02.02.2021 23:41",
            "open": "1.7069",
            "high": "1.7069",
            "low": "1.7069",
            "close": "1.7055"
        },
        {
            "time": "02.02.2021 23:42",
            "open": "1.7055",
            "high": "1.7055",
            "low": "1.7055",
            "close": "1.7055"
        },
        {
            "time": "02.02.2021 23:43",
            "open": "1.7055",
            "high": "1.7056",
            "low": "1.7029",
            "close": "1.7063"
        },
        {
            "time": "02.02.2021 23:52",
            "open": "1.7063",
            "high": "1.714",
            "low": "1.7063",
            "close": "1.7231"
        },
        {
            "time": "02.02.2021 23:53",
            "open": "1.7231",
            "high": "1.724",
            "low": "1.723",
            "close": "1.7242"
        },
        {
            "time": "02.02.2021 23:54",
            "open": "1.7242",
            "high": "1.7242",
            "low": "1.724",
            "close": "1.7176"
        },
        {
            "time": "02.02.2021 23:55",
            "open": "1.7176",
            "high": "1.7185",
            "low": "1.7155",
            "close": "1.7111"
        },
        {
            "time": "02.02.2021 23:57",
            "open": "1.7111",
            "high": "1.7114",
            "low": "1.7111",
            "close": "1.7138"
        }
    ]
}