{
    "BNT-EUR": [
        {
            "time": "06.08.2021 23:57",
            "open": "3.1987",
            "high": "3.1987",
            "low": "3.1987",
            "close": "3.2011"
        },
        {
            "time": "07.08.2021 00:01",
            "open": "3.2011",
            "high": "3.2011",
            "low": "3.2011",
            "close": "3.2182"
        },
        {
            "time": "07.08.2021 00:17",
            "open": "3.2182",
            "high": "3.2182",
            "low": "3.2182",
            "close": "3.1942"
        },
        {
            "time": "07.08.2021 00:46",
            "open": "3.1942",
            "high": "3.1942",
            "low": "3.1942",
            "close": "3.197"
        },
        {
            "time": "07.08.2021 00:51",
            "open": "3.197",
            "high": "3.197",
            "low": "3.197",
            "close": "3.1983"
        },
        {
            "time": "07.08.2021 00:57",
            "open": "3.1983",
            "high": "3.1983",
            "low": "3.1983",
            "close": "3.1984"
        },
        {
            "time": "07.08.2021 01:11",
            "open": "3.1984",
            "high": "3.1984",
            "low": "3.1984",
            "close": "3.1903"
        },
        {
            "time": "07.08.2021 01:18",
            "open": "3.1903",
            "high": "3.1903",
            "low": "3.1895",
            "close": "3.1997"
        },
        {
            "time": "07.08.2021 01:31",
            "open": "3.1997",
            "high": "3.1997",
            "low": "3.1997",
            "close": "3.2037"
        },
        {
            "time": "07.08.2021 01:50",
            "open": "3.2037",
            "high": "3.2037",
            "low": "3.2037",
            "close": "3.2109"
        },
        {
            "time": "07.08.2021 01:52",
            "open": "3.2109",
            "high": "3.2109",
            "low": "3.2109",
            "close": "3.2084"
        },
        {
            "time": "07.08.2021 02:01",
            "open": "3.2084",
            "high": "3.2084",
            "low": "3.2084",
            "close": "3.1975"
        },
        {
            "time": "07.08.2021 02:07",
            "open": "3.191",
            "high": "3.191",
            "low": "3.191",
            "close": "3.1996"
        },
        {
            "time": "07.08.2021 02:23",
            "open": "3.1996",
            "high": "3.1996",
            "low": "3.1996",
            "close": "3.1996"
        },
        {
            "time": "07.08.2021 02:32",
            "open": "3.1996",
            "high": "3.1996",
            "low": "3.1996",
            "close": "3.2008"
        },
        {
            "time": "07.08.2021 02:34",
            "open": "3.2008",
            "high": "3.2008",
            "low": "3.2008",
            "close": "3.205"
        },
        {
            "time": "07.08.2021 03:13",
            "open": "3.205",
            "high": "3.205",
            "low": "3.205",
            "close": "3.2233"
        },
        {
            "time": "07.08.2021 03:33",
            "open": "3.2233",
            "high": "3.2233",
            "low": "3.2233",
            "close": "3.2282"
        },
        {
            "time": "07.08.2021 03:34",
            "open": "3.2282",
            "high": "3.2346",
            "low": "3.2282",
            "close": "3.226"
        },
        {
            "time": "07.08.2021 03:35",
            "open": "3.226",
            "high": "3.2379",
            "low": "3.2243",
            "close": "3.232"
        },
        {
            "time": "07.08.2021 04:01",
            "open": "3.232",
            "high": "3.232",
            "low": "3.232",
            "close": "3.232"
        },
        {
            "time": "07.08.2021 04:04",
            "open": "3.232",
            "high": "3.232",
            "low": "3.232",
            "close": "3.2635"
        },
        {
            "time": "07.08.2021 05:47",
            "open": "3.2635",
            "high": "3.265",
            "low": "3.2635",
            "close": "3.2697"
        },
        {
            "time": "07.08.2021 05:49",
            "open": "3.2697",
            "high": "3.2697",
            "low": "3.2697",
            "close": "3.263"
        },
        {
            "time": "07.08.2021 05:57",
            "open": "3.263",
            "high": "3.263",
            "low": "3.263",
            "close": "3.2577"
        },
        {
            "time": "07.08.2021 06:01",
            "open": "3.2577",
            "high": "3.2577",
            "low": "3.2577",
            "close": "3.2726"
        },
        {
            "time": "07.08.2021 06:04",
            "open": "3.2726",
            "high": "3.2727",
            "low": "3.2726",
            "close": "3.2734"
        },
        {
            "time": "07.08.2021 06:06",
            "open": "3.2734",
            "high": "3.2734",
            "low": "3.2734",
            "close": "3.284"
        },
        {
            "time": "07.08.2021 06:07",
            "open": "3.284",
            "high": "3.2901",
            "low": "3.284",
            "close": "3.2901"
        },
        {
            "time": "07.08.2021 06:08",
            "open": "3.2901",
            "high": "3.2901",
            "low": "3.2818",
            "close": "3.2927"
        },
        {
            "time": "07.08.2021 06:14",
            "open": "3.2927",
            "high": "3.2927",
            "low": "3.2927",
            "close": "3.2945"
        },
        {
            "time": "07.08.2021 06:18",
            "open": "3.2945",
            "high": "3.2945",
            "low": "3.2945",
            "close": "3.2858"
        },
        {
            "time": "07.08.2021 06:20",
            "open": "3.2858",
            "high": "3.2858",
            "low": "3.2858",
            "close": "3.2827"
        },
        {
            "time": "07.08.2021 06:21",
            "open": "3.2827",
            "high": "3.2827",
            "low": "3.2827",
            "close": "3.2828"
        },
        {
            "time": "07.08.2021 06:29",
            "open": "3.2828",
            "high": "3.2828",
            "low": "3.2759",
            "close": "3.2663"
        },
        {
            "time": "07.08.2021 06:49",
            "open": "3.2663",
            "high": "3.2663",
            "low": "3.2663",
            "close": "3.2677"
        },
        {
            "time": "07.08.2021 06:51",
            "open": "3.2677",
            "high": "3.2677",
            "low": "3.2677",
            "close": "3.2653"
        },
        {
            "time": "07.08.2021 06:56",
            "open": "3.2653",
            "high": "3.2653",
            "low": "3.2653",
            "close": "3.2669"
        },
        {
            "time": "07.08.2021 07:07",
            "open": "3.2669",
            "high": "3.2669",
            "low": "3.2669",
            "close": "3.2835"
        },
        {
            "time": "07.08.2021 07:43",
            "open": "3.2835",
            "high": "3.2835",
            "low": "3.2828",
            "close": "3.2876"
        },
        {
            "time": "07.08.2021 07:46",
            "open": "3.2876",
            "high": "3.2888",
            "low": "3.2876",
            "close": "3.272"
        },
        {
            "time": "07.08.2021 07:58",
            "open": "3.272",
            "high": "3.272",
            "low": "3.2707",
            "close": "3.2814"
        },
        {
            "time": "07.08.2021 08:11",
            "open": "3.2814",
            "high": "3.2814",
            "low": "3.2814",
            "close": "3.2812"
        },
        {
            "time": "07.08.2021 08:21",
            "open": "3.2812",
            "high": "3.2812",
            "low": "3.2812",
            "close": "3.2811"
        },
        {
            "time": "07.08.2021 08:50",
            "open": "3.2811",
            "high": "3.2811",
            "low": "3.2808",
            "close": "3.2754"
        },
        {
            "time": "07.08.2021 08:51",
            "open": "3.2754",
            "high": "3.2806",
            "low": "3.2754",
            "close": "3.2872"
        },
        {
            "time": "07.08.2021 08:52",
            "open": "3.2872",
            "high": "3.2872",
            "low": "3.2858",
            "close": "3.2837"
        },
        {
            "time": "07.08.2021 09:12",
            "open": "3.2837",
            "high": "3.2837",
            "low": "3.2837",
            "close": "3.2871"
        },
        {
            "time": "07.08.2021 09:31",
            "open": "3.2871",
            "high": "3.2871",
            "low": "3.2871",
            "close": "3.3"
        },
        {
            "time": "07.08.2021 09:49",
            "open": "3.3",
            "high": "3.3044",
            "low": "3.3",
            "close": "3.3017"
        },
        {
            "time": "07.08.2021 09:50",
            "open": "3.3017",
            "high": "3.3017",
            "low": "3.3017",
            "close": "3.2856"
        },
        {
            "time": "07.08.2021 09:52",
            "open": "3.2856",
            "high": "3.2856",
            "low": "3.2856",
            "close": "3.2853"
        },
        {
            "time": "07.08.2021 10:13",
            "open": "3.2853",
            "high": "3.2853",
            "low": "3.2853",
            "close": "3.2907"
        },
        {
            "time": "07.08.2021 10:21",
            "open": "3.2907",
            "high": "3.2907",
            "low": "3.2907",
            "close": "3.2882"
        },
        {
            "time": "07.08.2021 10:28",
            "open": "3.2882",
            "high": "3.2887",
            "low": "3.2882",
            "close": "3.2949"
        },
        {
            "time": "07.08.2021 10:47",
            "open": "3.2949",
            "high": "3.2949",
            "low": "3.2949",
            "close": "3.3026"
        },
        {
            "time": "07.08.2021 10:55",
            "open": "3.3026",
            "high": "3.3026",
            "low": "3.3026",
            "close": "3.312"
        },
        {
            "time": "07.08.2021 11:04",
            "open": "3.312",
            "high": "3.3219",
            "low": "3.3119",
            "close": "3.3252"
        },
        {
            "time": "07.08.2021 11:06",
            "open": "3.3252",
            "high": "3.3348",
            "low": "3.3252",
            "close": "3.3216"
        },
        {
            "time": "07.08.2021 11:07",
            "open": "3.3216",
            "high": "3.3216",
            "low": "3.3116",
            "close": "3.3097"
        },
        {
            "time": "07.08.2021 11:08",
            "open": "3.3097",
            "high": "3.3097",
            "low": "3.3004",
            "close": "3.3003"
        },
        {
            "time": "07.08.2021 11:09",
            "open": "3.3003",
            "high": "3.3056",
            "low": "3.2932",
            "close": "3.3021"
        },
        {
            "time": "07.08.2021 11:11",
            "open": "3.3021",
            "high": "3.3347",
            "low": "3.3021",
            "close": "3.3348"
        },
        {
            "time": "07.08.2021 11:31",
            "open": "3.3348",
            "high": "3.3481",
            "low": "3.3348",
            "close": "3.3375"
        },
        {
            "time": "07.08.2021 11:32",
            "open": "3.3375",
            "high": "3.3375",
            "low": "3.3368",
            "close": "3.3286"
        },
        {
            "time": "07.08.2021 11:35",
            "open": "3.3286",
            "high": "3.3286",
            "low": "3.3278",
            "close": "3.3338"
        },
        {
            "time": "07.08.2021 11:40",
            "open": "3.3338",
            "high": "3.3377",
            "low": "3.3194",
            "close": "3.3229"
        },
        {
            "time": "07.08.2021 11:41",
            "open": "3.3229",
            "high": "3.3229",
            "low": "3.3176",
            "close": "3.3307"
        },
        {
            "time": "07.08.2021 11:50",
            "open": "3.3307",
            "high": "3.3307",
            "low": "3.328",
            "close": "3.3284"
        },
        {
            "time": "07.08.2021 11:59",
            "open": "3.3284",
            "high": "3.3284",
            "low": "3.3284",
            "close": "3.3321"
        },
        {
            "time": "07.08.2021 12:02",
            "open": "3.3321",
            "high": "3.337",
            "low": "3.3321",
            "close": "3.3499"
        },
        {
            "time": "07.08.2021 12:06",
            "open": "3.3499",
            "high": "3.3529",
            "low": "3.3499",
            "close": "3.3529"
        },
        {
            "time": "07.08.2021 12:07",
            "open": "3.3529",
            "high": "3.3633",
            "low": "3.3529",
            "close": "3.3597"
        },
        {
            "time": "07.08.2021 12:09",
            "open": "3.3597",
            "high": "3.3597",
            "low": "3.3597",
            "close": "3.3663"
        },
        {
            "time": "07.08.2021 12:10",
            "open": "3.3663",
            "high": "3.3663",
            "low": "3.3663",
            "close": "3.3495"
        },
        {
            "time": "07.08.2021 12:11",
            "open": "3.3495",
            "high": "3.3495",
            "low": "3.3495",
            "close": "3.3328"
        },
        {
            "time": "07.08.2021 12:33",
            "open": "3.3328",
            "high": "3.3328",
            "low": "3.326",
            "close": "3.3354"
        },
        {
            "time": "07.08.2021 12:34",
            "open": "3.3354",
            "high": "3.3354",
            "low": "3.3354",
            "close": "3.3408"
        },
        {
            "time": "07.08.2021 12:36",
            "open": "3.3408",
            "high": "3.3408",
            "low": "3.3376",
            "close": "3.3395"
        },
        {
            "time": "07.08.2021 12:38",
            "open": "3.3395",
            "high": "3.3395",
            "low": "3.3395",
            "close": "3.3436"
        },
        {
            "time": "07.08.2021 12:40",
            "open": "3.3436",
            "high": "3.3436",
            "low": "3.3436",
            "close": "3.3374"
        },
        {
            "time": "07.08.2021 13:06",
            "open": "3.3374",
            "high": "3.3375",
            "low": "3.3374",
            "close": "3.334"
        },
        {
            "time": "07.08.2021 13:08",
            "open": "3.334",
            "high": "3.334",
            "low": "3.334",
            "close": "3.3346"
        },
        {
            "time": "07.08.2021 13:17",
            "open": "3.3346",
            "high": "3.3346",
            "low": "3.3346",
            "close": "3.3646"
        },
        {
            "time": "07.08.2021 13:48",
            "open": "3.3646",
            "high": "3.3646",
            "low": "3.3646",
            "close": "3.3739"
        },
        {
            "time": "07.08.2021 13:52",
            "open": "3.3739",
            "high": "3.3741",
            "low": "3.3739",
            "close": "3.3741"
        },
        {
            "time": "07.08.2021 13:56",
            "open": "3.3741",
            "high": "3.3928",
            "low": "3.3741",
            "close": "3.3759"
        },
        {
            "time": "07.08.2021 14:00",
            "open": "3.3759",
            "high": "3.3759",
            "low": "3.3759",
            "close": "3.3757"
        },
        {
            "time": "07.08.2021 14:01",
            "open": "3.3757",
            "high": "3.381",
            "low": "3.3757",
            "close": "3.3989"
        },
        {
            "time": "07.08.2021 14:05",
            "open": "3.3989",
            "high": "3.4",
            "low": "3.3989",
            "close": "3.4081"
        },
        {
            "time": "07.08.2021 14:07",
            "open": "3.4081",
            "high": "3.4081",
            "low": "3.404",
            "close": "3.3997"
        },
        {
            "time": "07.08.2021 14:08",
            "open": "3.3997",
            "high": "3.3997",
            "low": "3.3997",
            "close": "3.3998"
        },
        {
            "time": "07.08.2021 14:09",
            "open": "3.3998",
            "high": "3.3998",
            "low": "3.3895",
            "close": "3.3922"
        },
        {
            "time": "07.08.2021 14:21",
            "open": "3.3922",
            "high": "3.3922",
            "low": "3.3922",
            "close": "3.417"
        },
        {
            "time": "07.08.2021 14:26",
            "open": "3.417",
            "high": "3.4213",
            "low": "3.4131",
            "close": "3.4214"
        },
        {
            "time": "07.08.2021 14:27",
            "open": "3.4214",
            "high": "3.4214",
            "low": "3.4214",
            "close": "3.4258"
        },
        {
            "time": "07.08.2021 14:28",
            "open": "3.4258",
            "high": "3.4258",
            "low": "3.4258",
            "close": "3.3925"
        },
        {
            "time": "07.08.2021 14:31",
            "open": "3.3925",
            "high": "3.3925",
            "low": "3.3925",
            "close": "3.4118"
        },
        {
            "time": "07.08.2021 14:35",
            "open": "3.4118",
            "high": "3.4118",
            "low": "3.4118",
            "close": "3.3726"
        },
        {
            "time": "07.08.2021 14:40",
            "open": "3.3726",
            "high": "3.3726",
            "low": "3.3686",
            "close": "3.3759"
        },
        {
            "time": "07.08.2021 14:41",
            "open": "3.3759",
            "high": "3.3759",
            "low": "3.3457",
            "close": "3.3546"
        },
        {
            "time": "07.08.2021 14:42",
            "open": "3.3546",
            "high": "3.3568",
            "low": "3.3513",
            "close": "3.3632"
        },
        {
            "time": "07.08.2021 14:43",
            "open": "3.3632",
            "high": "3.3726",
            "low": "3.3632",
            "close": "3.3678"
        },
        {
            "time": "07.08.2021 14:45",
            "open": "3.3678",
            "high": "3.3678",
            "low": "3.3501",
            "close": "3.3548"
        },
        {
            "time": "07.08.2021 14:46",
            "open": "3.3548",
            "high": "3.3548",
            "low": "3.3548",
            "close": "3.3508"
        },
        {
            "time": "07.08.2021 14:51",
            "open": "3.3508",
            "high": "3.3508",
            "low": "3.3508",
            "close": "3.3421"
        },
        {
            "time": "07.08.2021 14:59",
            "open": "3.3421",
            "high": "3.3421",
            "low": "3.3421",
            "close": "3.3089"
        },
        {
            "time": "07.08.2021 15:02",
            "open": "3.3089",
            "high": "3.3089",
            "low": "3.3083",
            "close": "3.3209"
        },
        {
            "time": "07.08.2021 15:20",
            "open": "3.3209",
            "high": "3.3209",
            "low": "3.3209",
            "close": "3.3514"
        },
        {
            "time": "07.08.2021 15:28",
            "open": "3.3514",
            "high": "3.3514",
            "low": "3.3514",
            "close": "3.3462"
        },
        {
            "time": "07.08.2021 15:29",
            "open": "3.3462",
            "high": "3.3462",
            "low": "3.3448",
            "close": "3.336"
        },
        {
            "time": "07.08.2021 15:33",
            "open": "3.336",
            "high": "3.336",
            "low": "3.3326",
            "close": "3.3285"
        },
        {
            "time": "07.08.2021 15:40",
            "open": "3.3285",
            "high": "3.3285",
            "low": "3.3285",
            "close": "3.3196"
        },
        {
            "time": "07.08.2021 15:48",
            "open": "3.3196",
            "high": "3.3196",
            "low": "3.3196",
            "close": "3.3175"
        },
        {
            "time": "07.08.2021 16:10",
            "open": "3.3175",
            "high": "3.3175",
            "low": "3.3175",
            "close": "3.3225"
        },
        {
            "time": "07.08.2021 16:15",
            "open": "3.3225",
            "high": "3.3225",
            "low": "3.3225",
            "close": "3.3345"
        },
        {
            "time": "07.08.2021 16:29",
            "open": "3.3345",
            "high": "3.3345",
            "low": "3.3345",
            "close": "3.3285"
        },
        {
            "time": "07.08.2021 16:34",
            "open": "3.3285",
            "high": "3.3285",
            "low": "3.3285",
            "close": "3.3348"
        },
        {
            "time": "07.08.2021 16:35",
            "open": "3.3348",
            "high": "3.3348",
            "low": "3.3348",
            "close": "3.3348"
        },
        {
            "time": "07.08.2021 16:44",
            "open": "3.3348",
            "high": "3.3348",
            "low": "3.3348",
            "close": "3.3295"
        },
        {
            "time": "07.08.2021 16:45",
            "open": "3.3295",
            "high": "3.3296",
            "low": "3.3295",
            "close": "3.3261"
        },
        {
            "time": "07.08.2021 17:08",
            "open": "3.3261",
            "high": "3.3265",
            "low": "3.326",
            "close": "3.3265"
        },
        {
            "time": "07.08.2021 17:09",
            "open": "3.3265",
            "high": "3.3265",
            "low": "3.3265",
            "close": "3.3492"
        },
        {
            "time": "07.08.2021 17:12",
            "open": "3.3492",
            "high": "3.3511",
            "low": "3.3492",
            "close": "3.3488"
        },
        {
            "time": "07.08.2021 17:13",
            "open": "3.3488",
            "high": "3.3488",
            "low": "3.3483",
            "close": "3.3362"
        },
        {
            "time": "07.08.2021 17:18",
            "open": "3.3362",
            "high": "3.3362",
            "low": "3.3359",
            "close": "3.3364"
        },
        {
            "time": "07.08.2021 17:21",
            "open": "3.3364",
            "high": "3.3364",
            "low": "3.3364",
            "close": "3.3321"
        },
        {
            "time": "07.08.2021 17:34",
            "open": "3.3321",
            "high": "3.3321",
            "low": "3.3313",
            "close": "3.34"
        },
        {
            "time": "07.08.2021 17:45",
            "open": "3.34",
            "high": "3.34",
            "low": "3.34",
            "close": "3.3273"
        },
        {
            "time": "07.08.2021 17:49",
            "open": "3.3273",
            "high": "3.3273",
            "low": "3.3273",
            "close": "3.3222"
        },
        {
            "time": "07.08.2021 17:54",
            "open": "3.3222",
            "high": "3.3222",
            "low": "3.3222",
            "close": "3.3209"
        },
        {
            "time": "07.08.2021 18:02",
            "open": "3.3209",
            "high": "3.3209",
            "low": "3.3209",
            "close": "3.3059"
        },
        {
            "time": "07.08.2021 18:03",
            "open": "3.3059",
            "high": "3.3059",
            "low": "3.3059",
            "close": "3.3088"
        },
        {
            "time": "07.08.2021 18:04",
            "open": "3.3088",
            "high": "3.3088",
            "low": "3.2911",
            "close": "3.2927"
        },
        {
            "time": "07.08.2021 18:05",
            "open": "3.2927",
            "high": "3.2927",
            "low": "3.2861",
            "close": "3.2888"
        },
        {
            "time": "07.08.2021 18:06",
            "open": "3.2888",
            "high": "3.2891",
            "low": "3.2765",
            "close": "3.2734"
        },
        {
            "time": "07.08.2021 18:07",
            "open": "3.2734",
            "high": "3.2734",
            "low": "3.2732",
            "close": "3.2832"
        },
        {
            "time": "07.08.2021 18:08",
            "open": "3.2832",
            "high": "3.2874",
            "low": "3.2832",
            "close": "3.2981"
        },
        {
            "time": "07.08.2021 18:10",
            "open": "3.2981",
            "high": "3.3021",
            "low": "3.2981",
            "close": "3.3095"
        },
        {
            "time": "07.08.2021 18:11",
            "open": "3.3095",
            "high": "3.3132",
            "low": "3.3095",
            "close": "3.2975"
        },
        {
            "time": "07.08.2021 18:12",
            "open": "3.2975",
            "high": "3.2975",
            "low": "3.2975",
            "close": "3.2862"
        },
        {
            "time": "07.08.2021 18:13",
            "open": "3.2862",
            "high": "3.2862",
            "low": "3.2862",
            "close": "3.2691"
        },
        {
            "time": "07.08.2021 18:17",
            "open": "3.2691",
            "high": "3.2691",
            "low": "3.2675",
            "close": "3.2686"
        },
        {
            "time": "07.08.2021 18:18",
            "open": "3.2686",
            "high": "3.2686",
            "low": "3.2686",
            "close": "3.2744"
        },
        {
            "time": "07.08.2021 18:19",
            "open": "3.2744",
            "high": "3.2744",
            "low": "3.263",
            "close": "3.2602"
        },
        {
            "time": "07.08.2021 18:20",
            "open": "3.2602",
            "high": "3.2602",
            "low": "3.2564",
            "close": "3.2499"
        },
        {
            "time": "07.08.2021 18:21",
            "open": "3.2499",
            "high": "3.25",
            "low": "3.2499",
            "close": "3.2571"
        },
        {
            "time": "07.08.2021 18:22",
            "open": "3.2571",
            "high": "3.2571",
            "low": "3.2571",
            "close": "3.263"
        },
        {
            "time": "07.08.2021 18:23",
            "open": "3.263",
            "high": "3.2646",
            "low": "3.263",
            "close": "3.27"
        },
        {
            "time": "07.08.2021 18:27",
            "open": "3.27",
            "high": "3.27",
            "low": "3.27",
            "close": "3.2785"
        },
        {
            "time": "07.08.2021 18:31",
            "open": "3.2785",
            "high": "3.2785",
            "low": "3.2785",
            "close": "3.3081"
        },
        {
            "time": "07.08.2021 18:38",
            "open": "3.3081",
            "high": "3.3121",
            "low": "3.308",
            "close": "3.3085"
        },
        {
            "time": "07.08.2021 18:40",
            "open": "3.3085",
            "high": "3.3085",
            "low": "3.3084",
            "close": "3.3095"
        },
        {
            "time": "07.08.2021 18:41",
            "open": "3.3095",
            "high": "3.3095",
            "low": "3.3095",
            "close": "3.3096"
        },
        {
            "time": "07.08.2021 18:44",
            "open": "3.3096",
            "high": "3.3103",
            "low": "3.3096",
            "close": "3.3128"
        },
        {
            "time": "07.08.2021 18:48",
            "open": "3.3128",
            "high": "3.3128",
            "low": "3.3128",
            "close": "3.3141"
        },
        {
            "time": "07.08.2021 18:54",
            "open": "3.3141",
            "high": "3.3141",
            "low": "3.3141",
            "close": "3.3199"
        },
        {
            "time": "07.08.2021 19:04",
            "open": "3.3199",
            "high": "3.3199",
            "low": "3.3199",
            "close": "3.3216"
        },
        {
            "time": "07.08.2021 19:05",
            "open": "3.3216",
            "high": "3.3216",
            "low": "3.3216",
            "close": "3.3081"
        },
        {
            "time": "07.08.2021 19:09",
            "open": "3.3081",
            "high": "3.3081",
            "low": "3.3081",
            "close": "3.3004"
        },
        {
            "time": "07.08.2021 19:14",
            "open": "3.3004",
            "high": "3.3019",
            "low": "3.3004",
            "close": "3.2855"
        },
        {
            "time": "07.08.2021 19:17",
            "open": "3.2855",
            "high": "3.2855",
            "low": "3.2839",
            "close": "3.2822"
        },
        {
            "time": "07.08.2021 19:40",
            "open": "3.2822",
            "high": "3.2822",
            "low": "3.2822",
            "close": "3.284"
        },
        {
            "time": "07.08.2021 19:41",
            "open": "3.284",
            "high": "3.284",
            "low": "3.284",
            "close": "3.2917"
        },
        {
            "time": "07.08.2021 19:43",
            "open": "3.2917",
            "high": "3.2917",
            "low": "3.2917",
            "close": "3.2908"
        },
        {
            "time": "07.08.2021 19:54",
            "open": "3.2908",
            "high": "3.2908",
            "low": "3.2908",
            "close": "3.2687"
        },
        {
            "time": "07.08.2021 20:03",
            "open": "3.2687",
            "high": "3.2687",
            "low": "3.2687",
            "close": "3.284"
        },
        {
            "time": "07.08.2021 20:13",
            "open": "3.284",
            "high": "3.284",
            "low": "3.284",
            "close": "3.3035"
        },
        {
            "time": "07.08.2021 20:49",
            "open": "3.3035",
            "high": "3.3035",
            "low": "3.3035",
            "close": "3.2993"
        },
        {
            "time": "07.08.2021 20:52",
            "open": "3.2993",
            "high": "3.2993",
            "low": "3.2991",
            "close": "3.3006"
        },
        {
            "time": "07.08.2021 21:17",
            "open": "3.3006",
            "high": "3.3006",
            "low": "3.3006",
            "close": "3.295"
        },
        {
            "time": "07.08.2021 21:18",
            "open": "3.295",
            "high": "3.295",
            "low": "3.295",
            "close": "3.295"
        },
        {
            "time": "07.08.2021 21:33",
            "open": "3.295",
            "high": "3.295",
            "low": "3.295",
            "close": "3.2843"
        },
        {
            "time": "07.08.2021 21:38",
            "open": "3.2843",
            "high": "3.2843",
            "low": "3.2843",
            "close": "3.2801"
        },
        {
            "time": "07.08.2021 21:41",
            "open": "3.2801",
            "high": "3.2801",
            "low": "3.275",
            "close": "3.3172"
        },
        {
            "time": "07.08.2021 21:59",
            "open": "3.3172",
            "high": "3.3238",
            "low": "3.3172",
            "close": "3.3238"
        },
        {
            "time": "07.08.2021 22:01",
            "open": "3.3238",
            "high": "3.3238",
            "low": "3.3238",
            "close": "3.3054"
        },
        {
            "time": "07.08.2021 22:10",
            "open": "3.3054",
            "high": "3.3089",
            "low": "3.3054",
            "close": "3.3133"
        },
        {
            "time": "07.08.2021 22:19",
            "open": "3.3133",
            "high": "3.3141",
            "low": "3.3133",
            "close": "3.3195"
        },
        {
            "time": "07.08.2021 22:21",
            "open": "3.3195",
            "high": "3.3205",
            "low": "3.3153",
            "close": "3.3154"
        },
        {
            "time": "07.08.2021 22:23",
            "open": "3.3154",
            "high": "3.3155",
            "low": "3.3154",
            "close": "3.3265"
        },
        {
            "time": "07.08.2021 22:25",
            "open": "3.3265",
            "high": "3.3273",
            "low": "3.3265",
            "close": "3.3304"
        },
        {
            "time": "07.08.2021 22:36",
            "open": "3.3304",
            "high": "3.3304",
            "low": "3.3269",
            "close": "3.3285"
        },
        {
            "time": "07.08.2021 22:43",
            "open": "3.3285",
            "high": "3.3285",
            "low": "3.3285",
            "close": "3.3142"
        },
        {
            "time": "07.08.2021 22:54",
            "open": "3.3142",
            "high": "3.3142",
            "low": "3.3142",
            "close": "3.3304"
        },
        {
            "time": "07.08.2021 23:03",
            "open": "3.3304",
            "high": "3.3304",
            "low": "3.3304",
            "close": "3.3337"
        },
        {
            "time": "07.08.2021 23:04",
            "open": "3.3337",
            "high": "3.3489",
            "low": "3.3337",
            "close": "3.3493"
        },
        {
            "time": "07.08.2021 23:21",
            "open": "3.3493",
            "high": "3.3493",
            "low": "3.3493",
            "close": "3.3478"
        },
        {
            "time": "07.08.2021 23:45",
            "open": "3.3478",
            "high": "3.3478",
            "low": "3.3399",
            "close": "3.3404"
        },
        {
            "time": "07.08.2021 23:46",
            "open": "3.3404",
            "high": "3.3404",
            "low": "3.338",
            "close": "3.3212"
        },
        {
            "time": "07.08.2021 23:56",
            "open": "3.3212",
            "high": "3.3212",
            "low": "3.3212",
            "close": "3.3183"
        },
        {
            "time": "07.08.2021 23:57",
            "open": "3.3183",
            "high": "3.3183",
            "low": "3.3183",
            "close": "3.3049"
        }
    ]
}