{
    "BNT-EUR": [
        {
            "time": "07.07.2021 22:56",
            "open": "2.9639",
            "high": "2.9639",
            "low": "2.9634",
            "close": "2.929"
        },
        {
            "time": "08.07.2021 00:09",
            "open": "2.929",
            "high": "2.929",
            "low": "2.929",
            "close": "2.9065"
        },
        {
            "time": "08.07.2021 01:03",
            "open": "2.9065",
            "high": "2.9065",
            "low": "2.9019",
            "close": "2.9"
        },
        {
            "time": "08.07.2021 01:06",
            "open": "2.9",
            "high": "2.9",
            "low": "2.9",
            "close": "2.9029"
        },
        {
            "time": "08.07.2021 01:16",
            "open": "2.9029",
            "high": "2.9054",
            "low": "2.9029",
            "close": "2.9075"
        },
        {
            "time": "08.07.2021 01:18",
            "open": "2.9075",
            "high": "2.9075",
            "low": "2.9075",
            "close": "2.913"
        },
        {
            "time": "08.07.2021 01:24",
            "open": "2.913",
            "high": "2.913",
            "low": "2.913",
            "close": "2.9"
        },
        {
            "time": "08.07.2021 01:32",
            "open": "2.9",
            "high": "2.9",
            "low": "2.9",
            "close": "2.9058"
        },
        {
            "time": "08.07.2021 02:01",
            "open": "2.9058",
            "high": "2.9058",
            "low": "2.9058",
            "close": "2.9129"
        },
        {
            "time": "08.07.2021 02:02",
            "open": "2.9129",
            "high": "2.916",
            "low": "2.9129",
            "close": "2.9143"
        },
        {
            "time": "08.07.2021 02:09",
            "open": "2.9143",
            "high": "2.9144",
            "low": "2.9143",
            "close": "2.8833"
        },
        {
            "time": "08.07.2021 02:22",
            "open": "2.8833",
            "high": "2.8833",
            "low": "2.8833",
            "close": "2.8692"
        },
        {
            "time": "08.07.2021 02:26",
            "open": "2.8692",
            "high": "2.8692",
            "low": "2.8692",
            "close": "2.844"
        },
        {
            "time": "08.07.2021 02:31",
            "open": "2.844",
            "high": "2.844",
            "low": "2.8415",
            "close": "2.839"
        },
        {
            "time": "08.07.2021 02:34",
            "open": "2.839",
            "high": "2.839",
            "low": "2.8379",
            "close": "2.8638"
        },
        {
            "time": "08.07.2021 03:08",
            "open": "2.8638",
            "high": "2.8638",
            "low": "2.8638",
            "close": "2.8604"
        },
        {
            "time": "08.07.2021 03:32",
            "open": "2.8604",
            "high": "2.8604",
            "low": "2.8604",
            "close": "2.8211"
        },
        {
            "time": "08.07.2021 05:11",
            "open": "2.8211",
            "high": "2.8211",
            "low": "2.8211",
            "close": "2.8395"
        },
        {
            "time": "08.07.2021 05:20",
            "open": "2.8395",
            "high": "2.8395",
            "low": "2.8395",
            "close": "2.8344"
        },
        {
            "time": "08.07.2021 05:27",
            "open": "2.8344",
            "high": "2.8344",
            "low": "2.8344",
            "close": "2.8426"
        },
        {
            "time": "08.07.2021 05:31",
            "open": "2.8426",
            "high": "2.8426",
            "low": "2.8426",
            "close": "2.8303"
        },
        {
            "time": "08.07.2021 06:18",
            "open": "2.8303",
            "high": "2.8303",
            "low": "2.8303",
            "close": "2.8309"
        },
        {
            "time": "08.07.2021 06:20",
            "open": "2.8309",
            "high": "2.8309",
            "low": "2.826",
            "close": "2.8261"
        },
        {
            "time": "08.07.2021 06:21",
            "open": "2.8261",
            "high": "2.8261",
            "low": "2.826",
            "close": "2.826"
        },
        {
            "time": "08.07.2021 06:22",
            "open": "2.826",
            "high": "2.826",
            "low": "2.826",
            "close": "2.8257"
        },
        {
            "time": "08.07.2021 06:23",
            "open": "2.8257",
            "high": "2.828",
            "low": "2.8257",
            "close": "2.8217"
        },
        {
            "time": "08.07.2021 06:25",
            "open": "2.8217",
            "high": "2.8217",
            "low": "2.8217",
            "close": "2.8095"
        },
        {
            "time": "08.07.2021 06:45",
            "open": "2.8095",
            "high": "2.8095",
            "low": "2.8095",
            "close": "2.8095"
        },
        {
            "time": "08.07.2021 06:46",
            "open": "2.8095",
            "high": "2.8148",
            "low": "2.8095",
            "close": "2.8261"
        },
        {
            "time": "08.07.2021 07:02",
            "open": "2.8261",
            "high": "2.8261",
            "low": "2.8261",
            "close": "2.8283"
        },
        {
            "time": "08.07.2021 07:08",
            "open": "2.8283",
            "high": "2.8283",
            "low": "2.8283",
            "close": "2.82"
        },
        {
            "time": "08.07.2021 07:13",
            "open": "2.82",
            "high": "2.82",
            "low": "2.82",
            "close": "2.8148"
        },
        {
            "time": "08.07.2021 07:20",
            "open": "2.8148",
            "high": "2.8148",
            "low": "2.8148",
            "close": "2.8102"
        },
        {
            "time": "08.07.2021 07:22",
            "open": "2.8102",
            "high": "2.8102",
            "low": "2.8087",
            "close": "2.8"
        },
        {
            "time": "08.07.2021 07:44",
            "open": "2.8",
            "high": "2.8",
            "low": "2.8",
            "close": "2.8011"
        },
        {
            "time": "08.07.2021 07:47",
            "open": "2.8011",
            "high": "2.8011",
            "low": "2.8011",
            "close": "2.7907"
        },
        {
            "time": "08.07.2021 07:48",
            "open": "2.7907",
            "high": "2.7907",
            "low": "2.7907",
            "close": "2.7925"
        },
        {
            "time": "08.07.2021 07:49",
            "open": "2.7925",
            "high": "2.7925",
            "low": "2.7925",
            "close": "2.7995"
        },
        {
            "time": "08.07.2021 08:02",
            "open": "2.7995",
            "high": "2.8016",
            "low": "2.7989",
            "close": "2.8046"
        },
        {
            "time": "08.07.2021 08:40",
            "open": "2.8046",
            "high": "2.8046",
            "low": "2.8046",
            "close": "2.802"
        },
        {
            "time": "08.07.2021 08:42",
            "open": "2.802",
            "high": "2.802",
            "low": "2.802",
            "close": "2.7988"
        },
        {
            "time": "08.07.2021 09:08",
            "open": "2.7988",
            "high": "2.7988",
            "low": "2.7988",
            "close": "2.7811"
        },
        {
            "time": "08.07.2021 09:30",
            "open": "2.7811",
            "high": "2.7815",
            "low": "2.7756",
            "close": "2.76"
        },
        {
            "time": "08.07.2021 09:40",
            "open": "2.76",
            "high": "2.76",
            "low": "2.7571",
            "close": "2.75"
        },
        {
            "time": "08.07.2021 09:41",
            "open": "2.75",
            "high": "2.7501",
            "low": "2.7497",
            "close": "2.7406"
        },
        {
            "time": "08.07.2021 09:50",
            "open": "2.7406",
            "high": "2.7406",
            "low": "2.7406",
            "close": "2.736"
        },
        {
            "time": "08.07.2021 09:54",
            "open": "2.736",
            "high": "2.736",
            "low": "2.7359",
            "close": "2.7315"
        },
        {
            "time": "08.07.2021 09:57",
            "open": "2.7315",
            "high": "2.7315",
            "low": "2.7249",
            "close": "2.7346"
        },
        {
            "time": "08.07.2021 10:03",
            "open": "2.7346",
            "high": "2.7346",
            "low": "2.7346",
            "close": "2.7288"
        },
        {
            "time": "08.07.2021 10:04",
            "open": "2.7288",
            "high": "2.7288",
            "low": "2.7288",
            "close": "2.7157"
        },
        {
            "time": "08.07.2021 10:10",
            "open": "2.7157",
            "high": "2.7157",
            "low": "2.7144",
            "close": "2.7359"
        },
        {
            "time": "08.07.2021 10:13",
            "open": "2.7359",
            "high": "2.7359",
            "low": "2.7303",
            "close": "2.7296"
        },
        {
            "time": "08.07.2021 10:14",
            "open": "2.7296",
            "high": "2.7296",
            "low": "2.7275",
            "close": "2.7353"
        },
        {
            "time": "08.07.2021 10:15",
            "open": "2.7353",
            "high": "2.7353",
            "low": "2.7353",
            "close": "2.7372"
        },
        {
            "time": "08.07.2021 10:21",
            "open": "2.7372",
            "high": "2.7372",
            "low": "2.7372",
            "close": "2.7292"
        },
        {
            "time": "08.07.2021 10:49",
            "open": "2.7292",
            "high": "2.7292",
            "low": "2.7292",
            "close": "2.745"
        },
        {
            "time": "08.07.2021 11:07",
            "open": "2.745",
            "high": "2.745",
            "low": "2.745",
            "close": "2.7343"
        },
        {
            "time": "08.07.2021 11:28",
            "open": "2.7343",
            "high": "2.7343",
            "low": "2.7343",
            "close": "2.7366"
        },
        {
            "time": "08.07.2021 11:41",
            "open": "2.7366",
            "high": "2.7366",
            "low": "2.7366",
            "close": "2.74"
        },
        {
            "time": "08.07.2021 11:47",
            "open": "2.74",
            "high": "2.7401",
            "low": "2.74",
            "close": "2.7414"
        },
        {
            "time": "08.07.2021 11:49",
            "open": "2.7414",
            "high": "2.7414",
            "low": "2.7414",
            "close": "2.7378"
        },
        {
            "time": "08.07.2021 11:54",
            "open": "2.7378",
            "high": "2.7378",
            "low": "2.7378",
            "close": "2.7304"
        },
        {
            "time": "08.07.2021 12:11",
            "open": "2.7304",
            "high": "2.7352",
            "low": "2.7304",
            "close": "2.7439"
        },
        {
            "time": "08.07.2021 12:46",
            "open": "2.7439",
            "high": "2.7439",
            "low": "2.7439",
            "close": "2.7166"
        },
        {
            "time": "08.07.2021 13:00",
            "open": "2.7166",
            "high": "2.7166",
            "low": "2.7098",
            "close": "2.7005"
        },
        {
            "time": "08.07.2021 13:10",
            "open": "2.7005",
            "high": "2.7005",
            "low": "2.6976",
            "close": "2.6972"
        },
        {
            "time": "08.07.2021 13:13",
            "open": "2.6972",
            "high": "2.6972",
            "low": "2.6972",
            "close": "2.6986"
        },
        {
            "time": "08.07.2021 13:15",
            "open": "2.6986",
            "high": "2.6986",
            "low": "2.6986",
            "close": "2.7075"
        },
        {
            "time": "08.07.2021 13:23",
            "open": "2.7075",
            "high": "2.71",
            "low": "2.7075",
            "close": "2.7195"
        },
        {
            "time": "08.07.2021 13:31",
            "open": "2.7195",
            "high": "2.7195",
            "low": "2.7195",
            "close": "2.7346"
        },
        {
            "time": "08.07.2021 13:42",
            "open": "2.7346",
            "high": "2.7346",
            "low": "2.7346",
            "close": "2.7278"
        },
        {
            "time": "08.07.2021 13:47",
            "open": "2.7278",
            "high": "2.7278",
            "low": "2.7278",
            "close": "2.731"
        },
        {
            "time": "08.07.2021 13:51",
            "open": "2.731",
            "high": "2.731",
            "low": "2.731",
            "close": "2.7358"
        },
        {
            "time": "08.07.2021 13:56",
            "open": "2.7358",
            "high": "2.7358",
            "low": "2.7358",
            "close": "2.7366"
        },
        {
            "time": "08.07.2021 14:04",
            "open": "2.7366",
            "high": "2.7371",
            "low": "2.7366",
            "close": "2.7285"
        },
        {
            "time": "08.07.2021 14:09",
            "open": "2.7285",
            "high": "2.7285",
            "low": "2.7285",
            "close": "2.7263"
        },
        {
            "time": "08.07.2021 14:15",
            "open": "2.7263",
            "high": "2.7265",
            "low": "2.7263",
            "close": "2.7476"
        },
        {
            "time": "08.07.2021 14:44",
            "open": "2.7476",
            "high": "2.7476",
            "low": "2.7476",
            "close": "2.7338"
        },
        {
            "time": "08.07.2021 14:49",
            "open": "2.7338",
            "high": "2.7338",
            "low": "2.7334",
            "close": "2.7343"
        },
        {
            "time": "08.07.2021 14:52",
            "open": "2.7343",
            "high": "2.7343",
            "low": "2.7343",
            "close": "2.7254"
        },
        {
            "time": "08.07.2021 15:17",
            "open": "2.7254",
            "high": "2.7254",
            "low": "2.7254",
            "close": "2.7199"
        },
        {
            "time": "08.07.2021 15:31",
            "open": "2.7199",
            "high": "2.7199",
            "low": "2.7199",
            "close": "2.7094"
        },
        {
            "time": "08.07.2021 15:32",
            "open": "2.7094",
            "high": "2.7094",
            "low": "2.7094",
            "close": "2.7031"
        },
        {
            "time": "08.07.2021 15:33",
            "open": "2.7031",
            "high": "2.7034",
            "low": "2.7031",
            "close": "2.7042"
        },
        {
            "time": "08.07.2021 15:34",
            "open": "2.7042",
            "high": "2.7042",
            "low": "2.7042",
            "close": "2.6985"
        },
        {
            "time": "08.07.2021 15:46",
            "open": "2.6985",
            "high": "2.6985",
            "low": "2.6985",
            "close": "2.7062"
        },
        {
            "time": "08.07.2021 16:38",
            "open": "2.7062",
            "high": "2.7062",
            "low": "2.6974",
            "close": "2.7067"
        },
        {
            "time": "08.07.2021 16:50",
            "open": "2.7067",
            "high": "2.7067",
            "low": "2.7067",
            "close": "2.7244"
        },
        {
            "time": "08.07.2021 17:12",
            "open": "2.7244",
            "high": "2.7244",
            "low": "2.7244",
            "close": "2.7272"
        },
        {
            "time": "08.07.2021 17:17",
            "open": "2.7272",
            "high": "2.7272",
            "low": "2.7272",
            "close": "2.7438"
        },
        {
            "time": "08.07.2021 17:23",
            "open": "2.7438",
            "high": "2.7438",
            "low": "2.7438",
            "close": "2.7486"
        },
        {
            "time": "08.07.2021 17:24",
            "open": "2.7486",
            "high": "2.7532",
            "low": "2.7486",
            "close": "2.7504"
        },
        {
            "time": "08.07.2021 17:51",
            "open": "2.7504",
            "high": "2.7508",
            "low": "2.7504",
            "close": "2.7302"
        },
        {
            "time": "08.07.2021 18:28",
            "open": "2.7302",
            "high": "2.7302",
            "low": "2.7235",
            "close": "2.7328"
        },
        {
            "time": "08.07.2021 18:29",
            "open": "2.7328",
            "high": "2.7328",
            "low": "2.7328",
            "close": "2.7371"
        },
        {
            "time": "08.07.2021 18:38",
            "open": "2.7371",
            "high": "2.7371",
            "low": "2.7371",
            "close": "2.723"
        },
        {
            "time": "08.07.2021 18:45",
            "open": "2.723",
            "high": "2.7233",
            "low": "2.723",
            "close": "2.7374"
        },
        {
            "time": "08.07.2021 18:56",
            "open": "2.7374",
            "high": "2.7377",
            "low": "2.7374",
            "close": "2.7312"
        },
        {
            "time": "08.07.2021 18:58",
            "open": "2.7312",
            "high": "2.7312",
            "low": "2.7311",
            "close": "2.7417"
        },
        {
            "time": "08.07.2021 19:50",
            "open": "2.7417",
            "high": "2.7417",
            "low": "2.7417",
            "close": "2.7405"
        },
        {
            "time": "08.07.2021 20:00",
            "open": "2.7405",
            "high": "2.7405",
            "low": "2.7405",
            "close": "2.7404"
        },
        {
            "time": "08.07.2021 20:48",
            "open": "2.7404",
            "high": "2.7405",
            "low": "2.7404",
            "close": "2.7406"
        },
        {
            "time": "08.07.2021 20:53",
            "open": "2.7406",
            "high": "2.7431",
            "low": "2.7406",
            "close": "2.7452"
        },
        {
            "time": "08.07.2021 21:42",
            "open": "2.7452",
            "high": "2.7452",
            "low": "2.7452",
            "close": "2.7377"
        },
        {
            "time": "08.07.2021 21:44",
            "open": "2.7377",
            "high": "2.7377",
            "low": "2.7377",
            "close": "2.7356"
        },
        {
            "time": "08.07.2021 22:02",
            "open": "2.7356",
            "high": "2.7356",
            "low": "2.7356",
            "close": "2.7254"
        },
        {
            "time": "08.07.2021 22:22",
            "open": "2.7254",
            "high": "2.7254",
            "low": "2.7254",
            "close": "2.6963"
        },
        {
            "time": "08.07.2021 23:51",
            "open": "2.6963",
            "high": "2.6963",
            "low": "2.6837",
            "close": "2.6906"
        }
    ]
}