{
    "BNT-EUR": [
        {
            "time": "30.05.2021 23:48",
            "open": "3.5976",
            "high": "3.5996",
            "low": "3.5976",
            "close": "3.5889"
        },
        {
            "time": "31.05.2021 00:00",
            "open": "3.5889",
            "high": "3.5889",
            "low": "3.5889",
            "close": "3.5478"
        },
        {
            "time": "31.05.2021 00:39",
            "open": "3.5478",
            "high": "3.5478",
            "low": "3.5478",
            "close": "3.5609"
        },
        {
            "time": "31.05.2021 00:41",
            "open": "3.5609",
            "high": "3.5618",
            "low": "3.5609",
            "close": "3.5598"
        },
        {
            "time": "31.05.2021 00:45",
            "open": "3.5598",
            "high": "3.5598",
            "low": "3.5598",
            "close": "3.5325"
        },
        {
            "time": "31.05.2021 01:33",
            "open": "3.5325",
            "high": "3.5325",
            "low": "3.5322",
            "close": "3.5378"
        },
        {
            "time": "31.05.2021 01:53",
            "open": "3.5378",
            "high": "3.5378",
            "low": "3.5378",
            "close": "3.5242"
        },
        {
            "time": "31.05.2021 02:03",
            "open": "3.5242",
            "high": "3.5298",
            "low": "3.5242",
            "close": "3.5322"
        },
        {
            "time": "31.05.2021 02:04",
            "open": "3.5322",
            "high": "3.5322",
            "low": "3.5308",
            "close": "3.5297"
        },
        {
            "time": "31.05.2021 02:05",
            "open": "3.5297",
            "high": "3.54",
            "low": "3.5297",
            "close": "3.5462"
        },
        {
            "time": "31.05.2021 02:08",
            "open": "3.5462",
            "high": "3.5462",
            "low": "3.5462",
            "close": "3.5545"
        },
        {
            "time": "31.05.2021 02:18",
            "open": "3.5545",
            "high": "3.5545",
            "low": "3.5462",
            "close": "3.5375"
        },
        {
            "time": "31.05.2021 02:20",
            "open": "3.5375",
            "high": "3.5375",
            "low": "3.5307",
            "close": "3.4988"
        },
        {
            "time": "31.05.2021 02:35",
            "open": "3.4988",
            "high": "3.4988",
            "low": "3.4988",
            "close": "3.4916"
        },
        {
            "time": "31.05.2021 02:39",
            "open": "3.4916",
            "high": "3.4916",
            "low": "3.4916",
            "close": "3.4978"
        },
        {
            "time": "31.05.2021 02:41",
            "open": "3.4978",
            "high": "3.4987",
            "low": "3.4978",
            "close": "3.4881"
        },
        {
            "time": "31.05.2021 03:01",
            "open": "3.4881",
            "high": "3.4881",
            "low": "3.4863",
            "close": "3.4939"
        },
        {
            "time": "31.05.2021 03:03",
            "open": "3.4939",
            "high": "3.4939",
            "low": "3.4939",
            "close": "3.4672"
        },
        {
            "time": "31.05.2021 03:18",
            "open": "3.4672",
            "high": "3.4672",
            "low": "3.4659",
            "close": "3.455"
        },
        {
            "time": "31.05.2021 03:23",
            "open": "3.455",
            "high": "3.455",
            "low": "3.455",
            "close": "3.4452"
        },
        {
            "time": "31.05.2021 03:35",
            "open": "3.4452",
            "high": "3.4452",
            "low": "3.4452",
            "close": "3.4276"
        },
        {
            "time": "31.05.2021 03:56",
            "open": "3.4276",
            "high": "3.4276",
            "low": "3.4276",
            "close": "3.4277"
        },
        {
            "time": "31.05.2021 04:01",
            "open": "3.4277",
            "high": "3.4277",
            "low": "3.4277",
            "close": "3.4154"
        },
        {
            "time": "31.05.2021 04:11",
            "open": "3.4154",
            "high": "3.4154",
            "low": "3.4095",
            "close": "3.4229"
        },
        {
            "time": "31.05.2021 04:38",
            "open": "3.4229",
            "high": "3.4229",
            "low": "3.4229",
            "close": "3.4457"
        },
        {
            "time": "31.05.2021 04:50",
            "open": "3.4457",
            "high": "3.4457",
            "low": "3.4457",
            "close": "3.42"
        },
        {
            "time": "31.05.2021 05:04",
            "open": "3.42",
            "high": "3.42",
            "low": "3.4",
            "close": "3.3993"
        },
        {
            "time": "31.05.2021 05:05",
            "open": "3.3993",
            "high": "3.3993",
            "low": "3.3992",
            "close": "3.3988"
        },
        {
            "time": "31.05.2021 05:22",
            "open": "3.3988",
            "high": "3.3988",
            "low": "3.3988",
            "close": "3.4011"
        },
        {
            "time": "31.05.2021 05:23",
            "open": "3.4011",
            "high": "3.4046",
            "low": "3.4011",
            "close": "3.415"
        },
        {
            "time": "31.05.2021 06:02",
            "open": "3.415",
            "high": "3.4167",
            "low": "3.415",
            "close": "3.41"
        },
        {
            "time": "31.05.2021 06:52",
            "open": "3.41",
            "high": "3.41",
            "low": "3.41",
            "close": "3.4062"
        },
        {
            "time": "31.05.2021 07:01",
            "open": "3.4062",
            "high": "3.4062",
            "low": "3.4062",
            "close": "3.4082"
        },
        {
            "time": "31.05.2021 07:15",
            "open": "3.4082",
            "high": "3.4082",
            "low": "3.4082",
            "close": "3.4151"
        },
        {
            "time": "31.05.2021 07:17",
            "open": "3.4151",
            "high": "3.4151",
            "low": "3.4151",
            "close": "3.4245"
        },
        {
            "time": "31.05.2021 07:23",
            "open": "3.4245",
            "high": "3.4245",
            "low": "3.4176",
            "close": "3.4412"
        },
        {
            "time": "31.05.2021 07:48",
            "open": "3.4412",
            "high": "3.4412",
            "low": "3.4412",
            "close": "3.4459"
        },
        {
            "time": "31.05.2021 07:54",
            "open": "3.4459",
            "high": "3.4479",
            "low": "3.4459",
            "close": "3.4502"
        },
        {
            "time": "31.05.2021 08:08",
            "open": "3.4502",
            "high": "3.4502",
            "low": "3.4501",
            "close": "3.4665"
        },
        {
            "time": "31.05.2021 08:10",
            "open": "3.4665",
            "high": "3.4665",
            "low": "3.4665",
            "close": "3.4619"
        },
        {
            "time": "31.05.2021 08:11",
            "open": "3.4619",
            "high": "3.4619",
            "low": "3.4612",
            "close": "3.5076"
        },
        {
            "time": "31.05.2021 08:28",
            "open": "3.5076",
            "high": "3.5076",
            "low": "3.5024",
            "close": "3.5026"
        },
        {
            "time": "31.05.2021 08:29",
            "open": "3.5026",
            "high": "3.5093",
            "low": "3.5026",
            "close": "3.5088"
        },
        {
            "time": "31.05.2021 08:38",
            "open": "3.5088",
            "high": "3.5141",
            "low": "3.5088",
            "close": "3.5138"
        },
        {
            "time": "31.05.2021 08:40",
            "open": "3.5138",
            "high": "3.5138",
            "low": "3.5138",
            "close": "3.5133"
        },
        {
            "time": "31.05.2021 08:53",
            "open": "3.5133",
            "high": "3.5134",
            "low": "3.5133",
            "close": "3.5212"
        },
        {
            "time": "31.05.2021 08:54",
            "open": "3.5212",
            "high": "3.5223",
            "low": "3.5212",
            "close": "3.5329"
        },
        {
            "time": "31.05.2021 08:55",
            "open": "3.5329",
            "high": "3.5329",
            "low": "3.5257",
            "close": "3.537"
        },
        {
            "time": "31.05.2021 08:58",
            "open": "3.537",
            "high": "3.537",
            "low": "3.537",
            "close": "3.5371"
        },
        {
            "time": "31.05.2021 08:59",
            "open": "3.5371",
            "high": "3.5375",
            "low": "3.5371",
            "close": "3.5411"
        },
        {
            "time": "31.05.2021 09:00",
            "open": "3.5411",
            "high": "3.5499",
            "low": "3.5406",
            "close": "3.5513"
        },
        {
            "time": "31.05.2021 09:02",
            "open": "3.5513",
            "high": "3.5513",
            "low": "3.5513",
            "close": "3.57"
        },
        {
            "time": "31.05.2021 09:04",
            "open": "3.57",
            "high": "3.5706",
            "low": "3.57",
            "close": "3.5706"
        },
        {
            "time": "31.05.2021 09:10",
            "open": "3.5706",
            "high": "3.5706",
            "low": "3.5706",
            "close": "3.5813"
        },
        {
            "time": "31.05.2021 09:18",
            "open": "3.5813",
            "high": "3.5815",
            "low": "3.5813",
            "close": "3.5849"
        },
        {
            "time": "31.05.2021 09:21",
            "open": "3.5849",
            "high": "3.5885",
            "low": "3.5845",
            "close": "3.5885"
        },
        {
            "time": "31.05.2021 09:24",
            "open": "3.5885",
            "high": "3.5885",
            "low": "3.5885",
            "close": "3.5919"
        },
        {
            "time": "31.05.2021 09:25",
            "open": "3.5919",
            "high": "3.592",
            "low": "3.5919",
            "close": "3.5956"
        },
        {
            "time": "31.05.2021 09:26",
            "open": "3.5956",
            "high": "3.5956",
            "low": "3.5956",
            "close": "3.59"
        },
        {
            "time": "31.05.2021 09:30",
            "open": "3.59",
            "high": "3.59",
            "low": "3.5851",
            "close": "3.5846"
        },
        {
            "time": "31.05.2021 09:31",
            "open": "3.5846",
            "high": "3.5846",
            "low": "3.5846",
            "close": "3.5954"
        },
        {
            "time": "31.05.2021 09:42",
            "open": "3.5954",
            "high": "3.5954",
            "low": "3.5954",
            "close": "3.5899"
        },
        {
            "time": "31.05.2021 09:45",
            "open": "3.5899",
            "high": "3.5899",
            "low": "3.5899",
            "close": "3.5922"
        },
        {
            "time": "31.05.2021 09:48",
            "open": "3.5922",
            "high": "3.5922",
            "low": "3.5922",
            "close": "3.5938"
        },
        {
            "time": "31.05.2021 09:52",
            "open": "3.5938",
            "high": "3.6025",
            "low": "3.5938",
            "close": "3.6025"
        },
        {
            "time": "31.05.2021 10:01",
            "open": "3.6025",
            "high": "3.6025",
            "low": "3.6025",
            "close": "3.5824"
        },
        {
            "time": "31.05.2021 10:08",
            "open": "3.5824",
            "high": "3.5824",
            "low": "3.5824",
            "close": "3.6061"
        },
        {
            "time": "31.05.2021 10:24",
            "open": "3.6061",
            "high": "3.6061",
            "low": "3.6061",
            "close": "3.6097"
        },
        {
            "time": "31.05.2021 10:25",
            "open": "3.6097",
            "high": "3.6097",
            "low": "3.6097",
            "close": "3.6097"
        },
        {
            "time": "31.05.2021 10:26",
            "open": "3.6097",
            "high": "3.6097",
            "low": "3.6097",
            "close": "3.6133"
        },
        {
            "time": "31.05.2021 10:30",
            "open": "3.6133",
            "high": "3.6133",
            "low": "3.6133",
            "close": "3.6224"
        },
        {
            "time": "31.05.2021 10:32",
            "open": "3.6224",
            "high": "3.6224",
            "low": "3.6224",
            "close": "3.6366"
        },
        {
            "time": "31.05.2021 10:35",
            "open": "3.6366",
            "high": "3.6366",
            "low": "3.6366",
            "close": "3.6325"
        },
        {
            "time": "31.05.2021 10:57",
            "open": "3.6325",
            "high": "3.6325",
            "low": "3.6325",
            "close": "3.6497"
        },
        {
            "time": "31.05.2021 11:01",
            "open": "3.6497",
            "high": "3.6497",
            "low": "3.6493",
            "close": "3.6468"
        },
        {
            "time": "31.05.2021 11:02",
            "open": "3.6468",
            "high": "3.6468",
            "low": "3.6468",
            "close": "3.6454"
        },
        {
            "time": "31.05.2021 11:03",
            "open": "3.6454",
            "high": "3.6454",
            "low": "3.6276",
            "close": "3.6347"
        },
        {
            "time": "31.05.2021 11:04",
            "open": "3.6347",
            "high": "3.6347",
            "low": "3.6347",
            "close": "3.6418"
        },
        {
            "time": "31.05.2021 11:18",
            "open": "3.6418",
            "high": "3.6418",
            "low": "3.6418",
            "close": "3.6418"
        },
        {
            "time": "31.05.2021 11:19",
            "open": "3.6418",
            "high": "3.6418",
            "low": "3.6418",
            "close": "3.6418"
        },
        {
            "time": "31.05.2021 11:21",
            "open": "3.6418",
            "high": "3.6421",
            "low": "3.6418",
            "close": "3.6522"
        },
        {
            "time": "31.05.2021 11:32",
            "open": "3.6522",
            "high": "3.6522",
            "low": "3.6522",
            "close": "3.6495"
        },
        {
            "time": "31.05.2021 11:35",
            "open": "3.6495",
            "high": "3.6495",
            "low": "3.6495",
            "close": "3.6542"
        },
        {
            "time": "31.05.2021 11:39",
            "open": "3.6542",
            "high": "3.6542",
            "low": "3.6542",
            "close": "3.6516"
        },
        {
            "time": "31.05.2021 11:42",
            "open": "3.6516",
            "high": "3.6516",
            "low": "3.6516",
            "close": "3.6418"
        },
        {
            "time": "31.05.2021 11:44",
            "open": "3.6418",
            "high": "3.6418",
            "low": "3.6418",
            "close": "3.6378"
        },
        {
            "time": "31.05.2021 11:51",
            "open": "3.6378",
            "high": "3.6378",
            "low": "3.6292",
            "close": "3.6325"
        },
        {
            "time": "31.05.2021 12:05",
            "open": "3.6325",
            "high": "3.6353",
            "low": "3.6325",
            "close": "3.6559"
        },
        {
            "time": "31.05.2021 12:08",
            "open": "3.6559",
            "high": "3.6559",
            "low": "3.6559",
            "close": "3.6497"
        },
        {
            "time": "31.05.2021 12:09",
            "open": "3.6497",
            "high": "3.6497",
            "low": "3.6497",
            "close": "3.6563"
        },
        {
            "time": "31.05.2021 12:11",
            "open": "3.6563",
            "high": "3.6563",
            "low": "3.6563",
            "close": "3.6564"
        },
        {
            "time": "31.05.2021 12:12",
            "open": "3.6564",
            "high": "3.6564",
            "low": "3.6564",
            "close": "3.6635"
        },
        {
            "time": "31.05.2021 12:13",
            "open": "3.6635",
            "high": "3.6635",
            "low": "3.6635",
            "close": "3.6701"
        },
        {
            "time": "31.05.2021 12:16",
            "open": "3.6701",
            "high": "3.6701",
            "low": "3.6701",
            "close": "3.6752"
        },
        {
            "time": "31.05.2021 12:19",
            "open": "3.6752",
            "high": "3.6752",
            "low": "3.6752",
            "close": "3.7117"
        },
        {
            "time": "31.05.2021 13:00",
            "open": "3.7117",
            "high": "3.7117",
            "low": "3.7117",
            "close": "3.7118"
        },
        {
            "time": "31.05.2021 13:01",
            "open": "3.7118",
            "high": "3.7118",
            "low": "3.705",
            "close": "3.7125"
        },
        {
            "time": "31.05.2021 13:05",
            "open": "3.7125",
            "high": "3.7182",
            "low": "3.7125",
            "close": "3.7182"
        },
        {
            "time": "31.05.2021 13:08",
            "open": "3.7182",
            "high": "3.7182",
            "low": "3.7182",
            "close": "3.7192"
        },
        {
            "time": "31.05.2021 13:10",
            "open": "3.7192",
            "high": "3.7205",
            "low": "3.7192",
            "close": "3.714"
        },
        {
            "time": "31.05.2021 13:11",
            "open": "3.714",
            "high": "3.7213",
            "low": "3.7134",
            "close": "3.7219"
        },
        {
            "time": "31.05.2021 13:15",
            "open": "3.7219",
            "high": "3.7277",
            "low": "3.7219",
            "close": "3.724"
        },
        {
            "time": "31.05.2021 13:26",
            "open": "3.724",
            "high": "3.724",
            "low": "3.7151",
            "close": "3.7328"
        },
        {
            "time": "31.05.2021 13:31",
            "open": "3.7328",
            "high": "3.7379",
            "low": "3.7328",
            "close": "3.7328"
        },
        {
            "time": "31.05.2021 13:32",
            "open": "3.7328",
            "high": "3.7329",
            "low": "3.7328",
            "close": "3.74"
        },
        {
            "time": "31.05.2021 13:36",
            "open": "3.74",
            "high": "3.74",
            "low": "3.74",
            "close": "3.74"
        },
        {
            "time": "31.05.2021 13:38",
            "open": "3.74",
            "high": "3.7402",
            "low": "3.74",
            "close": "3.744"
        },
        {
            "time": "31.05.2021 13:39",
            "open": "3.744",
            "high": "3.744",
            "low": "3.744",
            "close": "3.7477"
        },
        {
            "time": "31.05.2021 13:40",
            "open": "3.7477",
            "high": "3.7511",
            "low": "3.7477",
            "close": "3.7511"
        },
        {
            "time": "31.05.2021 13:41",
            "open": "3.7511",
            "high": "3.7575",
            "low": "3.7511",
            "close": "3.759"
        },
        {
            "time": "31.05.2021 13:42",
            "open": "3.759",
            "high": "3.7593",
            "low": "3.759",
            "close": "3.732"
        },
        {
            "time": "31.05.2021 13:48",
            "open": "3.732",
            "high": "3.732",
            "low": "3.732",
            "close": "3.722"
        },
        {
            "time": "31.05.2021 14:06",
            "open": "3.722",
            "high": "3.722",
            "low": "3.7219",
            "close": "3.7443"
        },
        {
            "time": "31.05.2021 14:09",
            "open": "3.7443",
            "high": "3.7444",
            "low": "3.7443",
            "close": "3.7348"
        },
        {
            "time": "31.05.2021 14:17",
            "open": "3.7348",
            "high": "3.7348",
            "low": "3.7348",
            "close": "3.734"
        },
        {
            "time": "31.05.2021 14:23",
            "open": "3.734",
            "high": "3.734",
            "low": "3.734",
            "close": "3.7171"
        },
        {
            "time": "31.05.2021 14:31",
            "open": "3.7171",
            "high": "3.7171",
            "low": "3.7125",
            "close": "3.6792"
        },
        {
            "time": "31.05.2021 14:43",
            "open": "3.6792",
            "high": "3.6792",
            "low": "3.6643",
            "close": "3.6501"
        },
        {
            "time": "31.05.2021 14:44",
            "open": "3.6501",
            "high": "3.6671",
            "low": "3.6436",
            "close": "3.6867"
        },
        {
            "time": "31.05.2021 15:00",
            "open": "3.6867",
            "high": "3.6867",
            "low": "3.6867",
            "close": "3.6868"
        },
        {
            "time": "31.05.2021 15:02",
            "open": "3.6868",
            "high": "3.7797",
            "low": "3.6868",
            "close": "3.6902"
        },
        {
            "time": "31.05.2021 15:03",
            "open": "3.6902",
            "high": "3.7324",
            "low": "3.6902",
            "close": "3.698"
        },
        {
            "time": "31.05.2021 15:04",
            "open": "3.698",
            "high": "3.7006",
            "low": "3.6962",
            "close": "3.7023"
        },
        {
            "time": "31.05.2021 15:05",
            "open": "3.7023",
            "high": "3.7023",
            "low": "3.7023",
            "close": "3.6999"
        },
        {
            "time": "31.05.2021 15:06",
            "open": "3.6999",
            "high": "3.6999",
            "low": "3.6841",
            "close": "3.6748"
        },
        {
            "time": "31.05.2021 15:07",
            "open": "3.6748",
            "high": "3.6903",
            "low": "3.6708",
            "close": "3.6944"
        },
        {
            "time": "31.05.2021 15:08",
            "open": "3.6944",
            "high": "3.6944",
            "low": "3.6795",
            "close": "3.685"
        },
        {
            "time": "31.05.2021 15:16",
            "open": "3.685",
            "high": "3.7002",
            "low": "3.685",
            "close": "3.7156"
        },
        {
            "time": "31.05.2021 15:23",
            "open": "3.7156",
            "high": "3.7405",
            "low": "3.715",
            "close": "3.7326"
        },
        {
            "time": "31.05.2021 15:24",
            "open": "3.7326",
            "high": "3.7338",
            "low": "3.7326",
            "close": "3.7093"
        },
        {
            "time": "31.05.2021 15:34",
            "open": "3.7093",
            "high": "3.7093",
            "low": "3.7093",
            "close": "3.6824"
        },
        {
            "time": "31.05.2021 15:49",
            "open": "3.6824",
            "high": "3.6824",
            "low": "3.6824",
            "close": "3.697"
        },
        {
            "time": "31.05.2021 16:03",
            "open": "3.697",
            "high": "3.697",
            "low": "3.697",
            "close": "3.6938"
        },
        {
            "time": "31.05.2021 16:04",
            "open": "3.6938",
            "high": "3.6938",
            "low": "3.6601",
            "close": "3.6604"
        },
        {
            "time": "31.05.2021 16:05",
            "open": "3.6604",
            "high": "3.6854",
            "low": "3.6604",
            "close": "3.6871"
        },
        {
            "time": "31.05.2021 16:07",
            "open": "3.6871",
            "high": "3.6871",
            "low": "3.6841",
            "close": "3.6658"
        },
        {
            "time": "31.05.2021 16:10",
            "open": "3.6658",
            "high": "3.6658",
            "low": "3.6658",
            "close": "3.6557"
        },
        {
            "time": "31.05.2021 16:12",
            "open": "3.6557",
            "high": "3.6557",
            "low": "3.6548",
            "close": "3.6638"
        },
        {
            "time": "31.05.2021 16:13",
            "open": "3.6638",
            "high": "3.6638",
            "low": "3.6638",
            "close": "3.6545"
        },
        {
            "time": "31.05.2021 16:15",
            "open": "3.6545",
            "high": "3.6545",
            "low": "3.6545",
            "close": "3.6575"
        },
        {
            "time": "31.05.2021 16:18",
            "open": "3.6575",
            "high": "3.7227",
            "low": "3.6554",
            "close": "3.7052"
        },
        {
            "time": "31.05.2021 16:19",
            "open": "3.7052",
            "high": "3.7052",
            "low": "3.6828",
            "close": "3.6643"
        },
        {
            "time": "31.05.2021 16:21",
            "open": "3.6643",
            "high": "3.6808",
            "low": "3.6643",
            "close": "3.6647"
        },
        {
            "time": "31.05.2021 16:23",
            "open": "3.6647",
            "high": "3.6647",
            "low": "3.6632",
            "close": "3.6545"
        },
        {
            "time": "31.05.2021 16:26",
            "open": "3.6545",
            "high": "3.6545",
            "low": "3.6545",
            "close": "3.6539"
        },
        {
            "time": "31.05.2021 16:31",
            "open": "3.6539",
            "high": "3.6542",
            "low": "3.6539",
            "close": "3.6801"
        },
        {
            "time": "31.05.2021 16:53",
            "open": "3.6801",
            "high": "3.6852",
            "low": "3.6801",
            "close": "3.6983"
        },
        {
            "time": "31.05.2021 17:03",
            "open": "3.6983",
            "high": "3.7188",
            "low": "3.6983",
            "close": "3.7211"
        },
        {
            "time": "31.05.2021 17:04",
            "open": "3.7211",
            "high": "3.7211",
            "low": "3.7211",
            "close": "3.724"
        },
        {
            "time": "31.05.2021 17:05",
            "open": "3.724",
            "high": "3.724",
            "low": "3.703",
            "close": "3.6874"
        },
        {
            "time": "31.05.2021 17:07",
            "open": "3.6874",
            "high": "3.6874",
            "low": "3.6874",
            "close": "3.6928"
        },
        {
            "time": "31.05.2021 17:09",
            "open": "3.6928",
            "high": "3.6929",
            "low": "3.6928",
            "close": "3.6914"
        },
        {
            "time": "31.05.2021 17:14",
            "open": "3.6914",
            "high": "3.6914",
            "low": "3.6914",
            "close": "3.6916"
        },
        {
            "time": "31.05.2021 17:15",
            "open": "3.6916",
            "high": "3.6929",
            "low": "3.6916",
            "close": "3.7405"
        },
        {
            "time": "31.05.2021 17:20",
            "open": "3.7405",
            "high": "3.7488",
            "low": "3.7405",
            "close": "3.7488"
        },
        {
            "time": "31.05.2021 17:21",
            "open": "3.7488",
            "high": "3.7766",
            "low": "3.7318",
            "close": "3.765"
        },
        {
            "time": "31.05.2021 17:22",
            "open": "3.765",
            "high": "3.765",
            "low": "3.7629",
            "close": "3.7534"
        },
        {
            "time": "31.05.2021 17:26",
            "open": "3.7534",
            "high": "3.7534",
            "low": "3.7534",
            "close": "3.7534"
        },
        {
            "time": "31.05.2021 17:31",
            "open": "3.7534",
            "high": "3.7534",
            "low": "3.7534",
            "close": "3.7649"
        },
        {
            "time": "31.05.2021 17:38",
            "open": "3.7649",
            "high": "3.7652",
            "low": "3.758",
            "close": "3.7662"
        },
        {
            "time": "31.05.2021 17:39",
            "open": "3.7662",
            "high": "3.7662",
            "low": "3.7662",
            "close": "3.7662"
        },
        {
            "time": "31.05.2021 17:40",
            "open": "3.7662",
            "high": "3.7684",
            "low": "3.7662",
            "close": "3.7656"
        },
        {
            "time": "31.05.2021 17:41",
            "open": "3.7656",
            "high": "3.7656",
            "low": "3.7656",
            "close": "3.7612"
        },
        {
            "time": "31.05.2021 17:51",
            "open": "3.7612",
            "high": "3.7612",
            "low": "3.7612",
            "close": "3.7582"
        },
        {
            "time": "31.05.2021 17:58",
            "open": "3.7582",
            "high": "3.7582",
            "low": "3.7582",
            "close": "3.78"
        },
        {
            "time": "31.05.2021 18:00",
            "open": "3.78",
            "high": "3.78",
            "low": "3.78",
            "close": "3.7833"
        },
        {
            "time": "31.05.2021 18:01",
            "open": "3.7833",
            "high": "3.7851",
            "low": "3.7833",
            "close": "3.7808"
        },
        {
            "time": "31.05.2021 18:04",
            "open": "3.7808",
            "high": "3.7808",
            "low": "3.7808",
            "close": "3.7844"
        },
        {
            "time": "31.05.2021 18:06",
            "open": "3.7844",
            "high": "3.7984",
            "low": "3.7778",
            "close": "3.7997"
        },
        {
            "time": "31.05.2021 18:10",
            "open": "3.7997",
            "high": "3.7997",
            "low": "3.7997",
            "close": "3.8"
        },
        {
            "time": "31.05.2021 18:11",
            "open": "3.8",
            "high": "3.8038",
            "low": "3.8",
            "close": "3.8073"
        },
        {
            "time": "31.05.2021 18:13",
            "open": "3.8073",
            "high": "3.8102",
            "low": "3.8073",
            "close": "3.827"
        },
        {
            "time": "31.05.2021 18:16",
            "open": "3.827",
            "high": "3.8352",
            "low": "3.827",
            "close": "3.8342"
        },
        {
            "time": "31.05.2021 18:17",
            "open": "3.8342",
            "high": "3.8436",
            "low": "3.8342",
            "close": "3.8343"
        },
        {
            "time": "31.05.2021 18:19",
            "open": "3.8343",
            "high": "3.8343",
            "low": "3.8343",
            "close": "3.8348"
        },
        {
            "time": "31.05.2021 18:22",
            "open": "3.8348",
            "high": "3.8355",
            "low": "3.8348",
            "close": "3.8394"
        },
        {
            "time": "31.05.2021 18:23",
            "open": "3.8394",
            "high": "3.8394",
            "low": "3.8394",
            "close": "3.8382"
        },
        {
            "time": "31.05.2021 18:29",
            "open": "3.8382",
            "high": "3.8401",
            "low": "3.8382",
            "close": "3.8401"
        },
        {
            "time": "31.05.2021 18:31",
            "open": "3.8401",
            "high": "3.8401",
            "low": "3.8401",
            "close": "3.8291"
        },
        {
            "time": "31.05.2021 18:33",
            "open": "3.8291",
            "high": "3.8291",
            "low": "3.823",
            "close": "3.8018"
        },
        {
            "time": "31.05.2021 18:38",
            "open": "3.8018",
            "high": "3.8018",
            "low": "3.8018",
            "close": "3.8015"
        },
        {
            "time": "31.05.2021 18:39",
            "open": "3.8015",
            "high": "3.8015",
            "low": "3.7999",
            "close": "3.802"
        },
        {
            "time": "31.05.2021 18:48",
            "open": "3.802",
            "high": "3.802",
            "low": "3.802",
            "close": "3.7905"
        },
        {
            "time": "31.05.2021 18:53",
            "open": "3.7905",
            "high": "3.7912",
            "low": "3.7875",
            "close": "3.7876"
        },
        {
            "time": "31.05.2021 19:01",
            "open": "3.7876",
            "high": "3.7876",
            "low": "3.7876",
            "close": "3.784"
        },
        {
            "time": "31.05.2021 19:03",
            "open": "3.784",
            "high": "3.784",
            "low": "3.784",
            "close": "3.766"
        },
        {
            "time": "31.05.2021 19:09",
            "open": "3.766",
            "high": "3.766",
            "low": "3.766",
            "close": "3.766"
        },
        {
            "time": "31.05.2021 19:11",
            "open": "3.766",
            "high": "3.766",
            "low": "3.766",
            "close": "3.764"
        },
        {
            "time": "31.05.2021 19:18",
            "open": "3.764",
            "high": "3.764",
            "low": "3.764",
            "close": "3.7501"
        },
        {
            "time": "31.05.2021 19:21",
            "open": "3.7501",
            "high": "3.7501",
            "low": "3.7501",
            "close": "3.7553"
        },
        {
            "time": "31.05.2021 19:24",
            "open": "3.7553",
            "high": "3.7553",
            "low": "3.7553",
            "close": "3.7504"
        },
        {
            "time": "31.05.2021 19:29",
            "open": "3.7504",
            "high": "3.7504",
            "low": "3.7504",
            "close": "3.7266"
        },
        {
            "time": "31.05.2021 19:38",
            "open": "3.7266",
            "high": "3.7266",
            "low": "3.7266",
            "close": "3.7435"
        },
        {
            "time": "31.05.2021 19:49",
            "open": "3.7435",
            "high": "3.7435",
            "low": "3.7435",
            "close": "3.7614"
        },
        {
            "time": "31.05.2021 20:05",
            "open": "3.7614",
            "high": "3.7614",
            "low": "3.7614",
            "close": "3.7693"
        },
        {
            "time": "31.05.2021 20:16",
            "open": "3.7693",
            "high": "3.7693",
            "low": "3.7693",
            "close": "3.7718"
        },
        {
            "time": "31.05.2021 20:20",
            "open": "3.7718",
            "high": "3.7718",
            "low": "3.7718",
            "close": "3.7625"
        },
        {
            "time": "31.05.2021 20:30",
            "open": "3.7625",
            "high": "3.7625",
            "low": "3.7625",
            "close": "3.7574"
        },
        {
            "time": "31.05.2021 20:33",
            "open": "3.7574",
            "high": "3.7574",
            "low": "3.7574",
            "close": "3.751"
        },
        {
            "time": "31.05.2021 20:46",
            "open": "3.751",
            "high": "3.751",
            "low": "3.751",
            "close": "3.7509"
        },
        {
            "time": "31.05.2021 20:51",
            "open": "3.7509",
            "high": "3.7558",
            "low": "3.7509",
            "close": "3.7513"
        },
        {
            "time": "31.05.2021 20:52",
            "open": "3.7513",
            "high": "3.7513",
            "low": "3.7479",
            "close": "3.745"
        },
        {
            "time": "31.05.2021 21:01",
            "open": "3.745",
            "high": "3.745",
            "low": "3.745",
            "close": "3.7559"
        },
        {
            "time": "31.05.2021 21:30",
            "open": "3.7559",
            "high": "3.7559",
            "low": "3.7559",
            "close": "3.749"
        },
        {
            "time": "31.05.2021 21:31",
            "open": "3.749",
            "high": "3.749",
            "low": "3.7487",
            "close": "3.7521"
        },
        {
            "time": "31.05.2021 21:38",
            "open": "3.7521",
            "high": "3.7521",
            "low": "3.7521",
            "close": "3.758"
        },
        {
            "time": "31.05.2021 21:47",
            "open": "3.758",
            "high": "3.758",
            "low": "3.758",
            "close": "3.7954"
        },
        {
            "time": "31.05.2021 22:16",
            "open": "3.7954",
            "high": "3.7955",
            "low": "3.7954",
            "close": "3.758"
        },
        {
            "time": "31.05.2021 22:43",
            "open": "3.758",
            "high": "3.758",
            "low": "3.758",
            "close": "3.758"
        },
        {
            "time": "31.05.2021 23:03",
            "open": "3.758",
            "high": "3.7598",
            "low": "3.754",
            "close": "3.7695"
        },
        {
            "time": "31.05.2021 23:24",
            "open": "3.7695",
            "high": "3.7695",
            "low": "3.7695",
            "close": "3.7636"
        },
        {
            "time": "31.05.2021 23:30",
            "open": "3.7636",
            "high": "3.7636",
            "low": "3.7636",
            "close": "3.7642"
        },
        {
            "time": "31.05.2021 23:42",
            "open": "3.7642",
            "high": "3.7642",
            "low": "3.7642",
            "close": "3.7643"
        },
        {
            "time": "31.05.2021 23:44",
            "open": "3.7643",
            "high": "3.7643",
            "low": "3.7643",
            "close": "3.7767"
        }
    ]
}