{
    "BNT-EUR": [
        {
            "time": "12.01.2021 23:55",
            "open": "1.122",
            "high": "1.1241",
            "low": "1.122",
            "close": "1.1284"
        },
        {
            "time": "13.01.2021 00:01",
            "open": "1.1284",
            "high": "1.1284",
            "low": "1.1284",
            "close": "1.1225"
        },
        {
            "time": "13.01.2021 00:02",
            "open": "1.1225",
            "high": "1.1225",
            "low": "1.1225",
            "close": "1.1214"
        },
        {
            "time": "13.01.2021 00:04",
            "open": "1.1214",
            "high": "1.1282",
            "low": "1.1214",
            "close": "1.1308"
        },
        {
            "time": "13.01.2021 00:05",
            "open": "1.1308",
            "high": "1.1333",
            "low": "1.1303",
            "close": "1.1315"
        },
        {
            "time": "13.01.2021 00:06",
            "open": "1.1315",
            "high": "1.1315",
            "low": "1.1315",
            "close": "1.1263"
        },
        {
            "time": "13.01.2021 00:07",
            "open": "1.1263",
            "high": "1.1263",
            "low": "1.1207",
            "close": "1.1138"
        },
        {
            "time": "13.01.2021 00:09",
            "open": "1.1138",
            "high": "1.1138",
            "low": "1.1138",
            "close": "1.112"
        },
        {
            "time": "13.01.2021 00:10",
            "open": "1.112",
            "high": "1.112",
            "low": "1.112",
            "close": "1.1248"
        },
        {
            "time": "13.01.2021 00:13",
            "open": "1.1248",
            "high": "1.1248",
            "low": "1.1248",
            "close": "1.1134"
        },
        {
            "time": "13.01.2021 00:31",
            "open": "1.1134",
            "high": "1.114",
            "low": "1.1134",
            "close": "1.1209"
        },
        {
            "time": "13.01.2021 00:32",
            "open": "1.1209",
            "high": "1.1209",
            "low": "1.1209",
            "close": "1.1155"
        },
        {
            "time": "13.01.2021 00:34",
            "open": "1.1155",
            "high": "1.1155",
            "low": "1.1155",
            "close": "1.119"
        },
        {
            "time": "13.01.2021 00:40",
            "open": "1.119",
            "high": "1.119",
            "low": "1.119",
            "close": "1.1205"
        },
        {
            "time": "13.01.2021 00:51",
            "open": "1.1205",
            "high": "1.1205",
            "low": "1.1205",
            "close": "1.123"
        },
        {
            "time": "13.01.2021 00:52",
            "open": "1.123",
            "high": "1.123",
            "low": "1.123",
            "close": "1.1247"
        },
        {
            "time": "13.01.2021 00:57",
            "open": "1.1247",
            "high": "1.1247",
            "low": "1.1246",
            "close": "1.1292"
        },
        {
            "time": "13.01.2021 00:58",
            "open": "1.1292",
            "high": "1.1293",
            "low": "1.1292",
            "close": "1.119"
        },
        {
            "time": "13.01.2021 01:05",
            "open": "1.119",
            "high": "1.119",
            "low": "1.117",
            "close": "1.1171"
        },
        {
            "time": "13.01.2021 01:09",
            "open": "1.1171",
            "high": "1.1171",
            "low": "1.1171",
            "close": "1.1202"
        },
        {
            "time": "13.01.2021 01:10",
            "open": "1.1202",
            "high": "1.1202",
            "low": "1.1202",
            "close": "1.1193"
        },
        {
            "time": "13.01.2021 01:14",
            "open": "1.1193",
            "high": "1.1252",
            "low": "1.1193",
            "close": "1.1055"
        },
        {
            "time": "13.01.2021 01:25",
            "open": "1.1055",
            "high": "1.1118",
            "low": "1.105",
            "close": "1.1217"
        },
        {
            "time": "13.01.2021 01:30",
            "open": "1.1217",
            "high": "1.1218",
            "low": "1.1165",
            "close": "1.1078"
        },
        {
            "time": "13.01.2021 01:31",
            "open": "1.1078",
            "high": "1.1213",
            "low": "1.1078",
            "close": "1.1143"
        },
        {
            "time": "13.01.2021 01:34",
            "open": "1.1143",
            "high": "1.1143",
            "low": "1.1143",
            "close": "1.1088"
        },
        {
            "time": "13.01.2021 01:36",
            "open": "1.1088",
            "high": "1.1088",
            "low": "1.1088",
            "close": "1.1027"
        },
        {
            "time": "13.01.2021 01:38",
            "open": "1.1027",
            "high": "1.1027",
            "low": "1.1027",
            "close": "1.101"
        },
        {
            "time": "13.01.2021 01:39",
            "open": "1.101",
            "high": "1.101",
            "low": "1.1009",
            "close": "1.1005"
        },
        {
            "time": "13.01.2021 01:40",
            "open": "1.1005",
            "high": "1.1006",
            "low": "1.1004",
            "close": "1.1009"
        },
        {
            "time": "13.01.2021 01:41",
            "open": "1.1009",
            "high": "1.1009",
            "low": "1.1009",
            "close": "1.1076"
        },
        {
            "time": "13.01.2021 01:45",
            "open": "1.1076",
            "high": "1.1076",
            "low": "1.1052",
            "close": "1.1"
        },
        {
            "time": "13.01.2021 01:47",
            "open": "1.1",
            "high": "1.1",
            "low": "1.0987",
            "close": "1.0987"
        },
        {
            "time": "13.01.2021 01:49",
            "open": "1.0987",
            "high": "1.1016",
            "low": "1.0987",
            "close": "1.1022"
        },
        {
            "time": "13.01.2021 01:54",
            "open": "1.1022",
            "high": "1.1022",
            "low": "1.1022",
            "close": "1.0954"
        },
        {
            "time": "13.01.2021 01:56",
            "open": "1.0954",
            "high": "1.0954",
            "low": "1.0954",
            "close": "1.0947"
        },
        {
            "time": "13.01.2021 02:01",
            "open": "1.0947",
            "high": "1.0947",
            "low": "1.0947",
            "close": "1.0944"
        },
        {
            "time": "13.01.2021 02:03",
            "open": "1.0944",
            "high": "1.0958",
            "low": "1.0942",
            "close": "1.1012"
        },
        {
            "time": "13.01.2021 02:05",
            "open": "1.1012",
            "high": "1.1012",
            "low": "1.1012",
            "close": "1.0999"
        },
        {
            "time": "13.01.2021 02:10",
            "open": "1.0999",
            "high": "1.0999",
            "low": "1.0999",
            "close": "1.0999"
        },
        {
            "time": "13.01.2021 02:19",
            "open": "1.0999",
            "high": "1.0999",
            "low": "1.0999",
            "close": "1.1066"
        },
        {
            "time": "13.01.2021 02:21",
            "open": "1.1066",
            "high": "1.1066",
            "low": "1.1066",
            "close": "1.1206"
        },
        {
            "time": "13.01.2021 02:53",
            "open": "1.1206",
            "high": "1.1207",
            "low": "1.1166",
            "close": "1.1209"
        },
        {
            "time": "13.01.2021 02:55",
            "open": "1.1209",
            "high": "1.1209",
            "low": "1.1193",
            "close": "1.1166"
        },
        {
            "time": "13.01.2021 02:57",
            "open": "1.1166",
            "high": "1.1166",
            "low": "1.1166",
            "close": "1.1207"
        },
        {
            "time": "13.01.2021 02:58",
            "open": "1.1207",
            "high": "1.1207",
            "low": "1.1207",
            "close": "1.1233"
        },
        {
            "time": "13.01.2021 02:59",
            "open": "1.1233",
            "high": "1.1234",
            "low": "1.1232",
            "close": "1.1206"
        },
        {
            "time": "13.01.2021 03:01",
            "open": "1.1206",
            "high": "1.1281",
            "low": "1.1206",
            "close": "1.1278"
        },
        {
            "time": "13.01.2021 03:08",
            "open": "1.1278",
            "high": "1.1291",
            "low": "1.1261",
            "close": "1.1283"
        },
        {
            "time": "13.01.2021 03:10",
            "open": "1.1283",
            "high": "1.1283",
            "low": "1.1283",
            "close": "1.1285"
        },
        {
            "time": "13.01.2021 03:13",
            "open": "1.1285",
            "high": "1.1285",
            "low": "1.1285",
            "close": "1.1218"
        },
        {
            "time": "13.01.2021 03:15",
            "open": "1.1218",
            "high": "1.1218",
            "low": "1.1218",
            "close": "1.1296"
        },
        {
            "time": "13.01.2021 03:18",
            "open": "1.1296",
            "high": "1.1296",
            "low": "1.1296",
            "close": "1.1126"
        },
        {
            "time": "13.01.2021 03:25",
            "open": "1.1126",
            "high": "1.1126",
            "low": "1.1126",
            "close": "1.1104"
        },
        {
            "time": "13.01.2021 03:43",
            "open": "1.1104",
            "high": "1.1104",
            "low": "1.1104",
            "close": "1.1204"
        },
        {
            "time": "13.01.2021 03:52",
            "open": "1.1204",
            "high": "1.1204",
            "low": "1.1204",
            "close": "1.1177"
        },
        {
            "time": "13.01.2021 04:00",
            "open": "1.1177",
            "high": "1.1177",
            "low": "1.1177",
            "close": "1.1296"
        },
        {
            "time": "13.01.2021 04:04",
            "open": "1.1296",
            "high": "1.1296",
            "low": "1.1296",
            "close": "1.138"
        },
        {
            "time": "13.01.2021 04:08",
            "open": "1.138",
            "high": "1.138",
            "low": "1.138",
            "close": "1.138"
        },
        {
            "time": "13.01.2021 04:09",
            "open": "1.138",
            "high": "1.138",
            "low": "1.138",
            "close": "1.1398"
        },
        {
            "time": "13.01.2021 04:11",
            "open": "1.1398",
            "high": "1.1398",
            "low": "1.1398",
            "close": "1.1311"
        },
        {
            "time": "13.01.2021 04:32",
            "open": "1.1311",
            "high": "1.1311",
            "low": "1.1305",
            "close": "1.1326"
        },
        {
            "time": "13.01.2021 04:35",
            "open": "1.1326",
            "high": "1.1326",
            "low": "1.1305",
            "close": "1.1282"
        },
        {
            "time": "13.01.2021 04:36",
            "open": "1.1282",
            "high": "1.1282",
            "low": "1.1282",
            "close": "1.1269"
        },
        {
            "time": "13.01.2021 04:37",
            "open": "1.1269",
            "high": "1.1269",
            "low": "1.1269",
            "close": "1.1297"
        },
        {
            "time": "13.01.2021 04:41",
            "open": "1.1297",
            "high": "1.137",
            "low": "1.1297",
            "close": "1.1316"
        },
        {
            "time": "13.01.2021 04:43",
            "open": "1.1316",
            "high": "1.1316",
            "low": "1.1316",
            "close": "1.1328"
        },
        {
            "time": "13.01.2021 04:59",
            "open": "1.1328",
            "high": "1.136",
            "low": "1.1328",
            "close": "1.1345"
        },
        {
            "time": "13.01.2021 05:00",
            "open": "1.1345",
            "high": "1.1345",
            "low": "1.1345",
            "close": "1.1217"
        },
        {
            "time": "13.01.2021 05:08",
            "open": "1.1217",
            "high": "1.1217",
            "low": "1.1217",
            "close": "1.1235"
        },
        {
            "time": "13.01.2021 05:09",
            "open": "1.1235",
            "high": "1.1235",
            "low": "1.1235",
            "close": "1.121"
        },
        {
            "time": "13.01.2021 05:10",
            "open": "1.121",
            "high": "1.121",
            "low": "1.121",
            "close": "1.121"
        },
        {
            "time": "13.01.2021 05:35",
            "open": "1.121",
            "high": "1.121",
            "low": "1.121",
            "close": "1.1168"
        },
        {
            "time": "13.01.2021 06:55",
            "open": "1.1168",
            "high": "1.1168",
            "low": "1.1168",
            "close": "1.1227"
        },
        {
            "time": "13.01.2021 07:36",
            "open": "1.1227",
            "high": "1.1227",
            "low": "1.1227",
            "close": "1.1305"
        },
        {
            "time": "13.01.2021 07:42",
            "open": "1.1305",
            "high": "1.1305",
            "low": "1.1292",
            "close": "1.1321"
        },
        {
            "time": "13.01.2021 07:45",
            "open": "1.1321",
            "high": "1.1321",
            "low": "1.1321",
            "close": "1.132"
        },
        {
            "time": "13.01.2021 07:54",
            "open": "1.132",
            "high": "1.132",
            "low": "1.132",
            "close": "1.1312"
        },
        {
            "time": "13.01.2021 07:58",
            "open": "1.1312",
            "high": "1.1312",
            "low": "1.1296",
            "close": "1.1325"
        },
        {
            "time": "13.01.2021 08:10",
            "open": "1.1325",
            "high": "1.1327",
            "low": "1.1325",
            "close": "1.1345"
        },
        {
            "time": "13.01.2021 08:13",
            "open": "1.1345",
            "high": "1.1345",
            "low": "1.1345",
            "close": "1.1351"
        },
        {
            "time": "13.01.2021 08:22",
            "open": "1.1351",
            "high": "1.1351",
            "low": "1.1351",
            "close": "1.149"
        },
        {
            "time": "13.01.2021 08:27",
            "open": "1.149",
            "high": "1.149",
            "low": "1.149",
            "close": "1.1524"
        },
        {
            "time": "13.01.2021 08:30",
            "open": "1.1524",
            "high": "1.1524",
            "low": "1.1524",
            "close": "1.1542"
        },
        {
            "time": "13.01.2021 08:32",
            "open": "1.1542",
            "high": "1.1542",
            "low": "1.1538",
            "close": "1.155"
        },
        {
            "time": "13.01.2021 08:33",
            "open": "1.155",
            "high": "1.155",
            "low": "1.155",
            "close": "1.155"
        },
        {
            "time": "13.01.2021 08:34",
            "open": "1.155",
            "high": "1.1614",
            "low": "1.155",
            "close": "1.1571"
        },
        {
            "time": "13.01.2021 08:36",
            "open": "1.1571",
            "high": "1.1571",
            "low": "1.1571",
            "close": "1.1635"
        },
        {
            "time": "13.01.2021 08:46",
            "open": "1.1635",
            "high": "1.1635",
            "low": "1.1635",
            "close": "1.1652"
        },
        {
            "time": "13.01.2021 08:49",
            "open": "1.1652",
            "high": "1.1652",
            "low": "1.1652",
            "close": "1.1583"
        },
        {
            "time": "13.01.2021 08:52",
            "open": "1.1583",
            "high": "1.1583",
            "low": "1.1583",
            "close": "1.1664"
        },
        {
            "time": "13.01.2021 08:56",
            "open": "1.1664",
            "high": "1.1664",
            "low": "1.1664",
            "close": "1.1613"
        },
        {
            "time": "13.01.2021 08:57",
            "open": "1.1613",
            "high": "1.1613",
            "low": "1.1613",
            "close": "1.1574"
        },
        {
            "time": "13.01.2021 09:03",
            "open": "1.1574",
            "high": "1.1574",
            "low": "1.1544",
            "close": "1.1519"
        },
        {
            "time": "13.01.2021 09:05",
            "open": "1.1519",
            "high": "1.1519",
            "low": "1.1519",
            "close": "1.1506"
        },
        {
            "time": "13.01.2021 09:09",
            "open": "1.1506",
            "high": "1.1506",
            "low": "1.1506",
            "close": "1.1532"
        },
        {
            "time": "13.01.2021 09:12",
            "open": "1.1532",
            "high": "1.1533",
            "low": "1.1532",
            "close": "1.1483"
        },
        {
            "time": "13.01.2021 09:19",
            "open": "1.1483",
            "high": "1.1483",
            "low": "1.1483",
            "close": "1.1445"
        },
        {
            "time": "13.01.2021 09:35",
            "open": "1.1445",
            "high": "1.1445",
            "low": "1.1444",
            "close": "1.1508"
        },
        {
            "time": "13.01.2021 09:37",
            "open": "1.1508",
            "high": "1.1509",
            "low": "1.15",
            "close": "1.1493"
        },
        {
            "time": "13.01.2021 09:38",
            "open": "1.1493",
            "high": "1.1508",
            "low": "1.1493",
            "close": "1.1508"
        },
        {
            "time": "13.01.2021 09:40",
            "open": "1.1508",
            "high": "1.1508",
            "low": "1.1507",
            "close": "1.1508"
        },
        {
            "time": "13.01.2021 09:41",
            "open": "1.1508",
            "high": "1.1552",
            "low": "1.1508",
            "close": "1.1601"
        },
        {
            "time": "13.01.2021 09:54",
            "open": "1.1601",
            "high": "1.1601",
            "low": "1.1601",
            "close": "1.1605"
        },
        {
            "time": "13.01.2021 09:55",
            "open": "1.1605",
            "high": "1.1605",
            "low": "1.1605",
            "close": "1.1578"
        },
        {
            "time": "13.01.2021 10:01",
            "open": "1.1578",
            "high": "1.1578",
            "low": "1.1578",
            "close": "1.1645"
        },
        {
            "time": "13.01.2021 10:04",
            "open": "1.1645",
            "high": "1.1645",
            "low": "1.1645",
            "close": "1.1667"
        },
        {
            "time": "13.01.2021 10:07",
            "open": "1.1667",
            "high": "1.1805",
            "low": "1.1667",
            "close": "1.1791"
        },
        {
            "time": "13.01.2021 10:08",
            "open": "1.1791",
            "high": "1.1805",
            "low": "1.1742",
            "close": "1.1689"
        },
        {
            "time": "13.01.2021 10:09",
            "open": "1.1689",
            "high": "1.1689",
            "low": "1.1689",
            "close": "1.17"
        },
        {
            "time": "13.01.2021 10:11",
            "open": "1.17",
            "high": "1.17",
            "low": "1.17",
            "close": "1.164"
        },
        {
            "time": "13.01.2021 10:12",
            "open": "1.164",
            "high": "1.164",
            "low": "1.164",
            "close": "1.1627"
        },
        {
            "time": "13.01.2021 10:14",
            "open": "1.1627",
            "high": "1.1794",
            "low": "1.1627",
            "close": "1.165"
        },
        {
            "time": "13.01.2021 10:16",
            "open": "1.165",
            "high": "1.1664",
            "low": "1.165",
            "close": "1.1675"
        },
        {
            "time": "13.01.2021 10:18",
            "open": "1.1675",
            "high": "1.1675",
            "low": "1.1675",
            "close": "1.1655"
        },
        {
            "time": "13.01.2021 10:23",
            "open": "1.1655",
            "high": "1.1655",
            "low": "1.1655",
            "close": "1.1583"
        },
        {
            "time": "13.01.2021 10:32",
            "open": "1.1583",
            "high": "1.1583",
            "low": "1.1583",
            "close": "1.1587"
        },
        {
            "time": "13.01.2021 10:33",
            "open": "1.1587",
            "high": "1.1587",
            "low": "1.1587",
            "close": "1.1648"
        },
        {
            "time": "13.01.2021 10:40",
            "open": "1.1648",
            "high": "1.1648",
            "low": "1.1648",
            "close": "1.1532"
        },
        {
            "time": "13.01.2021 10:50",
            "open": "1.1532",
            "high": "1.1532",
            "low": "1.1527",
            "close": "1.1573"
        },
        {
            "time": "13.01.2021 10:51",
            "open": "1.1573",
            "high": "1.1573",
            "low": "1.1573",
            "close": "1.1597"
        },
        {
            "time": "13.01.2021 10:57",
            "open": "1.1597",
            "high": "1.1597",
            "low": "1.1597",
            "close": "1.1611"
        },
        {
            "time": "13.01.2021 11:00",
            "open": "1.1611",
            "high": "1.1612",
            "low": "1.1611",
            "close": "1.1637"
        },
        {
            "time": "13.01.2021 11:01",
            "open": "1.1637",
            "high": "1.1637",
            "low": "1.1637",
            "close": "1.1695"
        },
        {
            "time": "13.01.2021 11:05",
            "open": "1.1695",
            "high": "1.1695",
            "low": "1.1695",
            "close": "1.1756"
        },
        {
            "time": "13.01.2021 11:07",
            "open": "1.1756",
            "high": "1.1756",
            "low": "1.1755",
            "close": "1.1807"
        },
        {
            "time": "13.01.2021 11:16",
            "open": "1.1807",
            "high": "1.181",
            "low": "1.1807",
            "close": "1.1831"
        },
        {
            "time": "13.01.2021 11:17",
            "open": "1.1831",
            "high": "1.1839",
            "low": "1.1831",
            "close": "1.1841"
        },
        {
            "time": "13.01.2021 11:18",
            "open": "1.1841",
            "high": "1.1847",
            "low": "1.1841",
            "close": "1.1846"
        },
        {
            "time": "13.01.2021 11:19",
            "open": "1.1846",
            "high": "1.1846",
            "low": "1.1845",
            "close": "1.1792"
        },
        {
            "time": "13.01.2021 11:20",
            "open": "1.1792",
            "high": "1.1792",
            "low": "1.1792",
            "close": "1.1792"
        },
        {
            "time": "13.01.2021 11:21",
            "open": "1.1792",
            "high": "1.1812",
            "low": "1.1792",
            "close": "1.1727"
        },
        {
            "time": "13.01.2021 11:26",
            "open": "1.1727",
            "high": "1.1728",
            "low": "1.1727",
            "close": "1.1757"
        },
        {
            "time": "13.01.2021 11:29",
            "open": "1.1757",
            "high": "1.1782",
            "low": "1.1754",
            "close": "1.1774"
        },
        {
            "time": "13.01.2021 11:30",
            "open": "1.1774",
            "high": "1.1774",
            "low": "1.1774",
            "close": "1.1715"
        },
        {
            "time": "13.01.2021 11:34",
            "open": "1.1715",
            "high": "1.1715",
            "low": "1.1715",
            "close": "1.1703"
        },
        {
            "time": "13.01.2021 11:36",
            "open": "1.1703",
            "high": "1.1703",
            "low": "1.1703",
            "close": "1.1741"
        },
        {
            "time": "13.01.2021 11:44",
            "open": "1.1741",
            "high": "1.1741",
            "low": "1.1741",
            "close": "1.1651"
        },
        {
            "time": "13.01.2021 11:53",
            "open": "1.1651",
            "high": "1.1683",
            "low": "1.1645",
            "close": "1.1719"
        },
        {
            "time": "13.01.2021 11:58",
            "open": "1.1719",
            "high": "1.1719",
            "low": "1.1719",
            "close": "1.1736"
        },
        {
            "time": "13.01.2021 12:02",
            "open": "1.1736",
            "high": "1.1736",
            "low": "1.1736",
            "close": "1.1788"
        },
        {
            "time": "13.01.2021 12:05",
            "open": "1.1788",
            "high": "1.1788",
            "low": "1.1788",
            "close": "1.1727"
        },
        {
            "time": "13.01.2021 12:07",
            "open": "1.1727",
            "high": "1.1727",
            "low": "1.1727",
            "close": "1.179"
        },
        {
            "time": "13.01.2021 12:10",
            "open": "1.179",
            "high": "1.179",
            "low": "1.179",
            "close": "1.1721"
        },
        {
            "time": "13.01.2021 12:13",
            "open": "1.1721",
            "high": "1.1721",
            "low": "1.1721",
            "close": "1.179"
        },
        {
            "time": "13.01.2021 12:20",
            "open": "1.179",
            "high": "1.1862",
            "low": "1.179",
            "close": "1.1862"
        },
        {
            "time": "13.01.2021 12:21",
            "open": "1.1862",
            "high": "1.1959",
            "low": "1.1862",
            "close": "1.1881"
        },
        {
            "time": "13.01.2021 12:27",
            "open": "1.1881",
            "high": "1.1881",
            "low": "1.1881",
            "close": "1.1867"
        },
        {
            "time": "13.01.2021 12:28",
            "open": "1.1867",
            "high": "1.1867",
            "low": "1.1867",
            "close": "1.1959"
        },
        {
            "time": "13.01.2021 12:34",
            "open": "1.1959",
            "high": "1.1959",
            "low": "1.1959",
            "close": "1.195"
        },
        {
            "time": "13.01.2021 12:35",
            "open": "1.195",
            "high": "1.1981",
            "low": "1.1945",
            "close": "1.1981"
        },
        {
            "time": "13.01.2021 12:39",
            "open": "1.1981",
            "high": "1.1981",
            "low": "1.1918",
            "close": "1.1849"
        },
        {
            "time": "13.01.2021 12:46",
            "open": "1.1849",
            "high": "1.185",
            "low": "1.1849",
            "close": "1.185"
        },
        {
            "time": "13.01.2021 12:50",
            "open": "1.185",
            "high": "1.185",
            "low": "1.185",
            "close": "1.1829"
        },
        {
            "time": "13.01.2021 12:59",
            "open": "1.1829",
            "high": "1.1829",
            "low": "1.1829",
            "close": "1.1717"
        },
        {
            "time": "13.01.2021 13:05",
            "open": "1.1717",
            "high": "1.1717",
            "low": "1.1717",
            "close": "1.1777"
        },
        {
            "time": "13.01.2021 13:31",
            "open": "1.1777",
            "high": "1.1777",
            "low": "1.1777",
            "close": "1.1777"
        },
        {
            "time": "13.01.2021 13:33",
            "open": "1.1777",
            "high": "1.1777",
            "low": "1.1777",
            "close": "1.1833"
        },
        {
            "time": "13.01.2021 13:37",
            "open": "1.1833",
            "high": "1.1833",
            "low": "1.1833",
            "close": "1.1888"
        },
        {
            "time": "13.01.2021 13:54",
            "open": "1.1888",
            "high": "1.1896",
            "low": "1.1864",
            "close": "1.191"
        },
        {
            "time": "13.01.2021 13:57",
            "open": "1.191",
            "high": "1.1911",
            "low": "1.191",
            "close": "1.1865"
        },
        {
            "time": "13.01.2021 14:01",
            "open": "1.1865",
            "high": "1.1865",
            "low": "1.1865",
            "close": "1.1856"
        },
        {
            "time": "13.01.2021 14:02",
            "open": "1.1856",
            "high": "1.1856",
            "low": "1.1856",
            "close": "1.1777"
        },
        {
            "time": "13.01.2021 14:04",
            "open": "1.1777",
            "high": "1.1777",
            "low": "1.1777",
            "close": "1.1885"
        },
        {
            "time": "13.01.2021 14:36",
            "open": "1.1885",
            "high": "1.1885",
            "low": "1.1885",
            "close": "1.1889"
        },
        {
            "time": "13.01.2021 14:37",
            "open": "1.1889",
            "high": "1.1889",
            "low": "1.1889",
            "close": "1.1812"
        },
        {
            "time": "13.01.2021 14:40",
            "open": "1.1812",
            "high": "1.1812",
            "low": "1.181",
            "close": "1.1831"
        },
        {
            "time": "13.01.2021 14:51",
            "open": "1.1831",
            "high": "1.1881",
            "low": "1.1831",
            "close": "1.1916"
        },
        {
            "time": "13.01.2021 14:58",
            "open": "1.1916",
            "high": "1.1916",
            "low": "1.1916",
            "close": "1.1935"
        },
        {
            "time": "13.01.2021 15:04",
            "open": "1.1935",
            "high": "1.1935",
            "low": "1.1935",
            "close": "1.1936"
        },
        {
            "time": "13.01.2021 15:05",
            "open": "1.1936",
            "high": "1.1936",
            "low": "1.1936",
            "close": "1.1936"
        },
        {
            "time": "13.01.2021 15:11",
            "open": "1.1936",
            "high": "1.1973",
            "low": "1.1936",
            "close": "1.1965"
        },
        {
            "time": "13.01.2021 15:12",
            "open": "1.1965",
            "high": "1.1965",
            "low": "1.1965",
            "close": "1.1927"
        },
        {
            "time": "13.01.2021 15:13",
            "open": "1.1927",
            "high": "1.1927",
            "low": "1.1927",
            "close": "1.1926"
        },
        {
            "time": "13.01.2021 15:14",
            "open": "1.1926",
            "high": "1.1926",
            "low": "1.1926",
            "close": "1.1927"
        },
        {
            "time": "13.01.2021 15:15",
            "open": "1.1927",
            "high": "1.1927",
            "low": "1.1927",
            "close": "1.199"
        },
        {
            "time": "13.01.2021 15:18",
            "open": "1.199",
            "high": "1.199",
            "low": "1.199",
            "close": "1.1953"
        },
        {
            "time": "13.01.2021 15:20",
            "open": "1.1953",
            "high": "1.1953",
            "low": "1.1953",
            "close": "1.1978"
        },
        {
            "time": "13.01.2021 15:21",
            "open": "1.1978",
            "high": "1.1978",
            "low": "1.1978",
            "close": "1.1984"
        },
        {
            "time": "13.01.2021 15:24",
            "open": "1.1984",
            "high": "1.1984",
            "low": "1.1984",
            "close": "1.199"
        },
        {
            "time": "13.01.2021 15:29",
            "open": "1.199",
            "high": "1.1993",
            "low": "1.199",
            "close": "1.1996"
        },
        {
            "time": "13.01.2021 15:30",
            "open": "1.1996",
            "high": "1.2",
            "low": "1.1995",
            "close": "1.2027"
        },
        {
            "time": "13.01.2021 15:32",
            "open": "1.2027",
            "high": "1.2027",
            "low": "1.2027",
            "close": "1.1927"
        },
        {
            "time": "13.01.2021 15:33",
            "open": "1.1927",
            "high": "1.1927",
            "low": "1.1927",
            "close": "1.1909"
        },
        {
            "time": "13.01.2021 15:34",
            "open": "1.1909",
            "high": "1.1909",
            "low": "1.1909",
            "close": "1.1919"
        },
        {
            "time": "13.01.2021 15:37",
            "open": "1.1919",
            "high": "1.1919",
            "low": "1.1919",
            "close": "1.1871"
        },
        {
            "time": "13.01.2021 15:53",
            "open": "1.1871",
            "high": "1.1871",
            "low": "1.1871",
            "close": "1.1849"
        },
        {
            "time": "13.01.2021 15:56",
            "open": "1.1849",
            "high": "1.1849",
            "low": "1.1849",
            "close": "1.1791"
        },
        {
            "time": "13.01.2021 15:59",
            "open": "1.1791",
            "high": "1.1791",
            "low": "1.1791",
            "close": "1.1836"
        },
        {
            "time": "13.01.2021 16:00",
            "open": "1.1836",
            "high": "1.1841",
            "low": "1.1836",
            "close": "1.1784"
        },
        {
            "time": "13.01.2021 16:09",
            "open": "1.1784",
            "high": "1.1784",
            "low": "1.1784",
            "close": "1.1774"
        },
        {
            "time": "13.01.2021 16:12",
            "open": "1.1774",
            "high": "1.1774",
            "low": "1.1774",
            "close": "1.1775"
        },
        {
            "time": "13.01.2021 16:16",
            "open": "1.1775",
            "high": "1.1852",
            "low": "1.1775",
            "close": "1.1883"
        },
        {
            "time": "13.01.2021 16:18",
            "open": "1.1883",
            "high": "1.1883",
            "low": "1.1883",
            "close": "1.18"
        },
        {
            "time": "13.01.2021 16:24",
            "open": "1.18",
            "high": "1.18",
            "low": "1.18",
            "close": "1.1799"
        },
        {
            "time": "13.01.2021 16:26",
            "open": "1.1799",
            "high": "1.1799",
            "low": "1.1799",
            "close": "1.1799"
        },
        {
            "time": "13.01.2021 16:30",
            "open": "1.1799",
            "high": "1.1799",
            "low": "1.1799",
            "close": "1.1842"
        },
        {
            "time": "13.01.2021 16:54",
            "open": "1.1842",
            "high": "1.1842",
            "low": "1.1842",
            "close": "1.1827"
        },
        {
            "time": "13.01.2021 16:58",
            "open": "1.1827",
            "high": "1.1827",
            "low": "1.1827",
            "close": "1.1977"
        },
        {
            "time": "13.01.2021 17:01",
            "open": "1.1977",
            "high": "1.1977",
            "low": "1.1929",
            "close": "1.1957"
        },
        {
            "time": "13.01.2021 17:03",
            "open": "1.1957",
            "high": "1.1977",
            "low": "1.1957",
            "close": "1.1938"
        },
        {
            "time": "13.01.2021 17:05",
            "open": "1.1938",
            "high": "1.1938",
            "low": "1.1938",
            "close": "1.1818"
        },
        {
            "time": "13.01.2021 17:10",
            "open": "1.1818",
            "high": "1.1818",
            "low": "1.1818",
            "close": "1.1837"
        },
        {
            "time": "13.01.2021 17:11",
            "open": "1.1837",
            "high": "1.1869",
            "low": "1.1837",
            "close": "1.1868"
        },
        {
            "time": "13.01.2021 17:12",
            "open": "1.1868",
            "high": "1.1868",
            "low": "1.1867",
            "close": "1.1854"
        },
        {
            "time": "13.01.2021 17:13",
            "open": "1.1854",
            "high": "1.1854",
            "low": "1.1816",
            "close": "1.1894"
        },
        {
            "time": "13.01.2021 17:16",
            "open": "1.1894",
            "high": "1.1894",
            "low": "1.1894",
            "close": "1.1923"
        },
        {
            "time": "13.01.2021 17:21",
            "open": "1.1923",
            "high": "1.1928",
            "low": "1.1923",
            "close": "1.1933"
        },
        {
            "time": "13.01.2021 17:23",
            "open": "1.1933",
            "high": "1.1937",
            "low": "1.1933",
            "close": "1.1948"
        },
        {
            "time": "13.01.2021 17:24",
            "open": "1.1948",
            "high": "1.195",
            "low": "1.1948",
            "close": "1.1975"
        },
        {
            "time": "13.01.2021 17:26",
            "open": "1.1975",
            "high": "1.1975",
            "low": "1.1975",
            "close": "1.1896"
        },
        {
            "time": "13.01.2021 17:41",
            "open": "1.1896",
            "high": "1.1896",
            "low": "1.1896",
            "close": "1.1914"
        },
        {
            "time": "13.01.2021 17:52",
            "open": "1.1914",
            "high": "1.1915",
            "low": "1.1914",
            "close": "1.1925"
        },
        {
            "time": "13.01.2021 17:54",
            "open": "1.1925",
            "high": "1.1925",
            "low": "1.1925",
            "close": "1.1955"
        },
        {
            "time": "13.01.2021 17:55",
            "open": "1.1955",
            "high": "1.1962",
            "low": "1.1955",
            "close": "1.1944"
        },
        {
            "time": "13.01.2021 17:56",
            "open": "1.1944",
            "high": "1.1944",
            "low": "1.1944",
            "close": "1.2031"
        },
        {
            "time": "13.01.2021 18:04",
            "open": "1.2031",
            "high": "1.2031",
            "low": "1.2031",
            "close": "1.2032"
        },
        {
            "time": "13.01.2021 18:07",
            "open": "1.2032",
            "high": "1.204",
            "low": "1.2032",
            "close": "1.2002"
        },
        {
            "time": "13.01.2021 18:09",
            "open": "1.2002",
            "high": "1.2002",
            "low": "1.2002",
            "close": "1.2022"
        },
        {
            "time": "13.01.2021 18:17",
            "open": "1.2022",
            "high": "1.2051",
            "low": "1.2022",
            "close": "1.2066"
        },
        {
            "time": "13.01.2021 18:18",
            "open": "1.2066",
            "high": "1.2134",
            "low": "1.2066",
            "close": "1.2121"
        },
        {
            "time": "13.01.2021 18:19",
            "open": "1.2121",
            "high": "1.2121",
            "low": "1.2121",
            "close": "1.2069"
        },
        {
            "time": "13.01.2021 18:20",
            "open": "1.2069",
            "high": "1.2069",
            "low": "1.2066",
            "close": "1.2057"
        },
        {
            "time": "13.01.2021 18:28",
            "open": "1.2057",
            "high": "1.2057",
            "low": "1.2057",
            "close": "1.2065"
        },
        {
            "time": "13.01.2021 18:29",
            "open": "1.2065",
            "high": "1.2065",
            "low": "1.2065",
            "close": "1.2043"
        },
        {
            "time": "13.01.2021 18:44",
            "open": "1.2043",
            "high": "1.2043",
            "low": "1.2043",
            "close": "1.2057"
        },
        {
            "time": "13.01.2021 18:53",
            "open": "1.2057",
            "high": "1.2058",
            "low": "1.2057",
            "close": "1.2103"
        },
        {
            "time": "13.01.2021 19:00",
            "open": "1.2103",
            "high": "1.2103",
            "low": "1.2103",
            "close": "1.2076"
        },
        {
            "time": "13.01.2021 19:06",
            "open": "1.2076",
            "high": "1.2083",
            "low": "1.2076",
            "close": "1.2106"
        },
        {
            "time": "13.01.2021 19:09",
            "open": "1.2106",
            "high": "1.211",
            "low": "1.2106",
            "close": "1.2094"
        },
        {
            "time": "13.01.2021 19:14",
            "open": "1.2094",
            "high": "1.2094",
            "low": "1.2094",
            "close": "1.2108"
        },
        {
            "time": "13.01.2021 19:19",
            "open": "1.2108",
            "high": "1.2108",
            "low": "1.2108",
            "close": "1.2134"
        },
        {
            "time": "13.01.2021 19:29",
            "open": "1.2134",
            "high": "1.2147",
            "low": "1.2134",
            "close": "1.2147"
        },
        {
            "time": "13.01.2021 19:30",
            "open": "1.2147",
            "high": "1.22",
            "low": "1.2147",
            "close": "1.2199"
        },
        {
            "time": "13.01.2021 19:31",
            "open": "1.2199",
            "high": "1.2199",
            "low": "1.2198",
            "close": "1.2198"
        },
        {
            "time": "13.01.2021 19:32",
            "open": "1.2198",
            "high": "1.2198",
            "low": "1.2173",
            "close": "1.2135"
        },
        {
            "time": "13.01.2021 19:33",
            "open": "1.2135",
            "high": "1.2135",
            "low": "1.2135",
            "close": "1.2135"
        },
        {
            "time": "13.01.2021 19:34",
            "open": "1.2135",
            "high": "1.2135",
            "low": "1.2134",
            "close": "1.2135"
        },
        {
            "time": "13.01.2021 19:35",
            "open": "1.2135",
            "high": "1.2145",
            "low": "1.2135",
            "close": "1.2147"
        },
        {
            "time": "13.01.2021 19:36",
            "open": "1.2147",
            "high": "1.2147",
            "low": "1.2147",
            "close": "1.2085"
        },
        {
            "time": "13.01.2021 19:39",
            "open": "1.2085",
            "high": "1.2085",
            "low": "1.2085",
            "close": "1.2171"
        },
        {
            "time": "13.01.2021 19:40",
            "open": "1.2171",
            "high": "1.2173",
            "low": "1.2171",
            "close": "1.2186"
        },
        {
            "time": "13.01.2021 19:41",
            "open": "1.2186",
            "high": "1.2186",
            "low": "1.2186",
            "close": "1.22"
        },
        {
            "time": "13.01.2021 19:45",
            "open": "1.22",
            "high": "1.2207",
            "low": "1.22",
            "close": "1.2204"
        },
        {
            "time": "13.01.2021 19:50",
            "open": "1.2204",
            "high": "1.2207",
            "low": "1.2204",
            "close": "1.2206"
        },
        {
            "time": "13.01.2021 19:51",
            "open": "1.2206",
            "high": "1.2206",
            "low": "1.2206",
            "close": "1.2202"
        },
        {
            "time": "13.01.2021 19:54",
            "open": "1.2202",
            "high": "1.2202",
            "low": "1.2202",
            "close": "1.2214"
        },
        {
            "time": "13.01.2021 20:11",
            "open": "1.2214",
            "high": "1.2229",
            "low": "1.2214",
            "close": "1.2203"
        },
        {
            "time": "13.01.2021 20:15",
            "open": "1.2203",
            "high": "1.2203",
            "low": "1.2203",
            "close": "1.2165"
        },
        {
            "time": "13.01.2021 20:30",
            "open": "1.2165",
            "high": "1.2176",
            "low": "1.2164",
            "close": "1.2145"
        },
        {
            "time": "13.01.2021 20:31",
            "open": "1.2145",
            "high": "1.2145",
            "low": "1.2143",
            "close": "1.2218"
        },
        {
            "time": "13.01.2021 20:32",
            "open": "1.2218",
            "high": "1.2253",
            "low": "1.2217",
            "close": "1.2225"
        },
        {
            "time": "13.01.2021 20:33",
            "open": "1.2225",
            "high": "1.2225",
            "low": "1.2225",
            "close": "1.2261"
        },
        {
            "time": "13.01.2021 20:34",
            "open": "1.2261",
            "high": "1.2261",
            "low": "1.2261",
            "close": "1.2246"
        },
        {
            "time": "13.01.2021 20:37",
            "open": "1.2246",
            "high": "1.2246",
            "low": "1.2246",
            "close": "1.2264"
        },
        {
            "time": "13.01.2021 20:39",
            "open": "1.2264",
            "high": "1.2264",
            "low": "1.2264",
            "close": "1.2255"
        },
        {
            "time": "13.01.2021 20:40",
            "open": "1.2255",
            "high": "1.2255",
            "low": "1.2255",
            "close": "1.2242"
        },
        {
            "time": "13.01.2021 20:44",
            "open": "1.2242",
            "high": "1.2242",
            "low": "1.2242",
            "close": "1.2255"
        },
        {
            "time": "13.01.2021 20:45",
            "open": "1.2255",
            "high": "1.2255",
            "low": "1.2255",
            "close": "1.2255"
        },
        {
            "time": "13.01.2021 20:47",
            "open": "1.2255",
            "high": "1.2286",
            "low": "1.2255",
            "close": "1.2243"
        },
        {
            "time": "13.01.2021 20:51",
            "open": "1.2243",
            "high": "1.2264",
            "low": "1.2243",
            "close": "1.2268"
        },
        {
            "time": "13.01.2021 20:53",
            "open": "1.2268",
            "high": "1.2268",
            "low": "1.2268",
            "close": "1.2259"
        },
        {
            "time": "13.01.2021 20:54",
            "open": "1.2259",
            "high": "1.2259",
            "low": "1.2243",
            "close": "1.2221"
        },
        {
            "time": "13.01.2021 20:57",
            "open": "1.2221",
            "high": "1.2221",
            "low": "1.2221",
            "close": "1.2239"
        },
        {
            "time": "13.01.2021 20:58",
            "open": "1.2221",
            "high": "1.2221",
            "low": "1.2221",
            "close": "1.2241"
        },
        {
            "time": "13.01.2021 21:07",
            "open": "1.2241",
            "high": "1.2241",
            "low": "1.2241",
            "close": "1.2317"
        },
        {
            "time": "13.01.2021 21:11",
            "open": "1.2317",
            "high": "1.233",
            "low": "1.2317",
            "close": "1.2329"
        },
        {
            "time": "13.01.2021 21:16",
            "open": "1.2329",
            "high": "1.2329",
            "low": "1.2329",
            "close": "1.2313"
        },
        {
            "time": "13.01.2021 21:19",
            "open": "1.2313",
            "high": "1.2313",
            "low": "1.2313",
            "close": "1.2314"
        },
        {
            "time": "13.01.2021 21:21",
            "open": "1.2314",
            "high": "1.2314",
            "low": "1.2314",
            "close": "1.23"
        },
        {
            "time": "13.01.2021 21:24",
            "open": "1.23",
            "high": "1.23",
            "low": "1.23",
            "close": "1.2129"
        },
        {
            "time": "13.01.2021 21:35",
            "open": "1.2129",
            "high": "1.2129",
            "low": "1.2129",
            "close": "1.2198"
        },
        {
            "time": "13.01.2021 21:42",
            "open": "1.2198",
            "high": "1.2198",
            "low": "1.2198",
            "close": "1.2132"
        },
        {
            "time": "13.01.2021 21:48",
            "open": "1.2132",
            "high": "1.2132",
            "low": "1.2132",
            "close": "1.22"
        },
        {
            "time": "13.01.2021 21:51",
            "open": "1.22",
            "high": "1.22",
            "low": "1.22",
            "close": "1.22"
        },
        {
            "time": "13.01.2021 21:59",
            "open": "1.22",
            "high": "1.2219",
            "low": "1.22",
            "close": "1.2237"
        },
        {
            "time": "13.01.2021 22:05",
            "open": "1.2237",
            "high": "1.2237",
            "low": "1.2237",
            "close": "1.2249"
        },
        {
            "time": "13.01.2021 22:06",
            "open": "1.2249",
            "high": "1.2249",
            "low": "1.2249",
            "close": "1.2249"
        },
        {
            "time": "13.01.2021 22:08",
            "open": "1.2249",
            "high": "1.2249",
            "low": "1.2249",
            "close": "1.2257"
        },
        {
            "time": "13.01.2021 22:11",
            "open": "1.2257",
            "high": "1.2257",
            "low": "1.2257",
            "close": "1.2257"
        },
        {
            "time": "13.01.2021 22:12",
            "open": "1.2257",
            "high": "1.2257",
            "low": "1.2257",
            "close": "1.2249"
        },
        {
            "time": "13.01.2021 22:16",
            "open": "1.2249",
            "high": "1.2249",
            "low": "1.2249",
            "close": "1.2255"
        },
        {
            "time": "13.01.2021 22:17",
            "open": "1.2255",
            "high": "1.2255",
            "low": "1.2255",
            "close": "1.2256"
        },
        {
            "time": "13.01.2021 22:21",
            "open": "1.2256",
            "high": "1.2273",
            "low": "1.2256",
            "close": "1.226"
        },
        {
            "time": "13.01.2021 22:24",
            "open": "1.226",
            "high": "1.226",
            "low": "1.226",
            "close": "1.2181"
        },
        {
            "time": "13.01.2021 22:25",
            "open": "1.2181",
            "high": "1.2223",
            "low": "1.2181",
            "close": "1.2217"
        },
        {
            "time": "13.01.2021 22:30",
            "open": "1.2217",
            "high": "1.2218",
            "low": "1.2217",
            "close": "1.2224"
        },
        {
            "time": "13.01.2021 22:41",
            "open": "1.2224",
            "high": "1.2224",
            "low": "1.2224",
            "close": "1.2233"
        },
        {
            "time": "13.01.2021 22:45",
            "open": "1.2233",
            "high": "1.2273",
            "low": "1.2233",
            "close": "1.2298"
        },
        {
            "time": "13.01.2021 22:47",
            "open": "1.2298",
            "high": "1.2298",
            "low": "1.2298",
            "close": "1.2298"
        },
        {
            "time": "13.01.2021 22:48",
            "open": "1.2298",
            "high": "1.2298",
            "low": "1.2298",
            "close": "1.2314"
        },
        {
            "time": "13.01.2021 22:49",
            "open": "1.2314",
            "high": "1.2314",
            "low": "1.2314",
            "close": "1.2322"
        },
        {
            "time": "13.01.2021 22:50",
            "open": "1.2322",
            "high": "1.233",
            "low": "1.2322",
            "close": "1.2346"
        },
        {
            "time": "13.01.2021 22:51",
            "open": "1.2346",
            "high": "1.2346",
            "low": "1.2346",
            "close": "1.2346"
        },
        {
            "time": "13.01.2021 22:53",
            "open": "1.2346",
            "high": "1.2346",
            "low": "1.2346",
            "close": "1.2371"
        },
        {
            "time": "13.01.2021 22:54",
            "open": "1.2371",
            "high": "1.2377",
            "low": "1.2371",
            "close": "1.2391"
        },
        {
            "time": "13.01.2021 22:55",
            "open": "1.2391",
            "high": "1.2391",
            "low": "1.2391",
            "close": "1.2386"
        },
        {
            "time": "13.01.2021 22:56",
            "open": "1.2386",
            "high": "1.2386",
            "low": "1.2385",
            "close": "1.2391"
        },
        {
            "time": "13.01.2021 22:59",
            "open": "1.2391",
            "high": "1.2395",
            "low": "1.2391",
            "close": "1.2418"
        },
        {
            "time": "13.01.2021 23:00",
            "open": "1.2418",
            "high": "1.242",
            "low": "1.2418",
            "close": "1.2438"
        },
        {
            "time": "13.01.2021 23:01",
            "open": "1.2438",
            "high": "1.2444",
            "low": "1.2437",
            "close": "1.2489"
        },
        {
            "time": "13.01.2021 23:04",
            "open": "1.2489",
            "high": "1.249",
            "low": "1.2489",
            "close": "1.2405"
        },
        {
            "time": "13.01.2021 23:08",
            "open": "1.2405",
            "high": "1.2406",
            "low": "1.2405",
            "close": "1.2367"
        },
        {
            "time": "13.01.2021 23:12",
            "open": "1.2367",
            "high": "1.2367",
            "low": "1.2366",
            "close": "1.2347"
        },
        {
            "time": "13.01.2021 23:16",
            "open": "1.2347",
            "high": "1.2356",
            "low": "1.2347",
            "close": "1.2429"
        },
        {
            "time": "13.01.2021 23:18",
            "open": "1.2429",
            "high": "1.2429",
            "low": "1.2429",
            "close": "1.2414"
        },
        {
            "time": "13.01.2021 23:27",
            "open": "1.2414",
            "high": "1.2414",
            "low": "1.2414",
            "close": "1.2378"
        },
        {
            "time": "13.01.2021 23:28",
            "open": "1.2378",
            "high": "1.2378",
            "low": "1.2378",
            "close": "1.2353"
        },
        {
            "time": "13.01.2021 23:30",
            "open": "1.2353",
            "high": "1.2353",
            "low": "1.2353",
            "close": "1.2366"
        },
        {
            "time": "13.01.2021 23:31",
            "open": "1.2366",
            "high": "1.2366",
            "low": "1.2366",
            "close": "1.2343"
        },
        {
            "time": "13.01.2021 23:32",
            "open": "1.2343",
            "high": "1.2343",
            "low": "1.2343",
            "close": "1.2329"
        },
        {
            "time": "13.01.2021 23:34",
            "open": "1.2329",
            "high": "1.2329",
            "low": "1.2329",
            "close": "1.2304"
        },
        {
            "time": "13.01.2021 23:35",
            "open": "1.2304",
            "high": "1.2305",
            "low": "1.2304",
            "close": "1.228"
        },
        {
            "time": "13.01.2021 23:37",
            "open": "1.228",
            "high": "1.228",
            "low": "1.2264",
            "close": "1.2264"
        },
        {
            "time": "13.01.2021 23:40",
            "open": "1.2264",
            "high": "1.2264",
            "low": "1.225",
            "close": "1.2227"
        },
        {
            "time": "13.01.2021 23:41",
            "open": "1.2227",
            "high": "1.2227",
            "low": "1.2227",
            "close": "1.2254"
        },
        {
            "time": "13.01.2021 23:43",
            "open": "1.2254",
            "high": "1.2254",
            "low": "1.2254",
            "close": "1.2229"
        },
        {
            "time": "13.01.2021 23:44",
            "open": "1.2229",
            "high": "1.2229",
            "low": "1.2229",
            "close": "1.2266"
        },
        {
            "time": "13.01.2021 23:45",
            "open": "1.2266",
            "high": "1.2266",
            "low": "1.2266",
            "close": "1.2325"
        },
        {
            "time": "13.01.2021 23:46",
            "open": "1.2325",
            "high": "1.2325",
            "low": "1.2325",
            "close": "1.2349"
        }
    ]
}