{
    "BNT-EUR": [
        {
            "time": "26.07.2021 23:54",
            "open": "2.6972",
            "high": "2.6972",
            "low": "2.6972",
            "close": "2.6949"
        },
        {
            "time": "27.07.2021 00:10",
            "open": "2.6949",
            "high": "2.6949",
            "low": "2.6932",
            "close": "2.6753"
        },
        {
            "time": "27.07.2021 00:29",
            "open": "2.6753",
            "high": "2.6753",
            "low": "2.6753",
            "close": "2.6889"
        },
        {
            "time": "27.07.2021 00:36",
            "open": "2.6889",
            "high": "2.6889",
            "low": "2.6889",
            "close": "2.6991"
        },
        {
            "time": "27.07.2021 00:56",
            "open": "2.6991",
            "high": "2.6991",
            "low": "2.699",
            "close": "2.6908"
        },
        {
            "time": "27.07.2021 01:06",
            "open": "2.6908",
            "high": "2.6908",
            "low": "2.6908",
            "close": "2.6934"
        },
        {
            "time": "27.07.2021 01:10",
            "open": "2.6934",
            "high": "2.6934",
            "low": "2.6934",
            "close": "2.7015"
        },
        {
            "time": "27.07.2021 01:13",
            "open": "2.7015",
            "high": "2.7015",
            "low": "2.7015",
            "close": "2.705"
        },
        {
            "time": "27.07.2021 01:14",
            "open": "2.705",
            "high": "2.705",
            "low": "2.7034",
            "close": "2.7072"
        },
        {
            "time": "27.07.2021 01:15",
            "open": "2.7072",
            "high": "2.7085",
            "low": "2.7057",
            "close": "2.6903"
        },
        {
            "time": "27.07.2021 01:45",
            "open": "2.6903",
            "high": "2.6903",
            "low": "2.6889",
            "close": "2.6724"
        },
        {
            "time": "27.07.2021 02:00",
            "open": "2.6724",
            "high": "2.6724",
            "low": "2.6724",
            "close": "2.6702"
        },
        {
            "time": "27.07.2021 02:03",
            "open": "2.6702",
            "high": "2.6702",
            "low": "2.6702",
            "close": "2.6789"
        },
        {
            "time": "27.07.2021 02:06",
            "open": "2.6789",
            "high": "2.6789",
            "low": "2.6772",
            "close": "2.6852"
        },
        {
            "time": "27.07.2021 02:07",
            "open": "2.6852",
            "high": "2.6904",
            "low": "2.6852",
            "close": "2.6929"
        },
        {
            "time": "27.07.2021 02:28",
            "open": "2.6929",
            "high": "2.6929",
            "low": "2.6929",
            "close": "2.6883"
        },
        {
            "time": "27.07.2021 02:29",
            "open": "2.6883",
            "high": "2.6883",
            "low": "2.6872",
            "close": "2.6928"
        },
        {
            "time": "27.07.2021 02:30",
            "open": "2.6928",
            "high": "2.6942",
            "low": "2.6928",
            "close": "2.6968"
        },
        {
            "time": "27.07.2021 02:31",
            "open": "2.6968",
            "high": "2.6968",
            "low": "2.695",
            "close": "2.6899"
        },
        {
            "time": "27.07.2021 02:44",
            "open": "2.6899",
            "high": "2.6899",
            "low": "2.6884",
            "close": "2.6781"
        },
        {
            "time": "27.07.2021 02:50",
            "open": "2.6781",
            "high": "2.6781",
            "low": "2.6781",
            "close": "2.6727"
        },
        {
            "time": "27.07.2021 02:53",
            "open": "2.6727",
            "high": "2.6727",
            "low": "2.6727",
            "close": "2.6779"
        },
        {
            "time": "27.07.2021 02:55",
            "open": "2.6779",
            "high": "2.6779",
            "low": "2.6779",
            "close": "2.6834"
        },
        {
            "time": "27.07.2021 03:03",
            "open": "2.6834",
            "high": "2.6834",
            "low": "2.6834",
            "close": "2.6812"
        },
        {
            "time": "27.07.2021 03:04",
            "open": "2.6812",
            "high": "2.6812",
            "low": "2.6812",
            "close": "2.6618"
        },
        {
            "time": "27.07.2021 03:14",
            "open": "2.6618",
            "high": "2.6618",
            "low": "2.6618",
            "close": "2.6492"
        },
        {
            "time": "27.07.2021 03:18",
            "open": "2.6492",
            "high": "2.6492",
            "low": "2.6448",
            "close": "2.6413"
        },
        {
            "time": "27.07.2021 03:19",
            "open": "2.6413",
            "high": "2.6413",
            "low": "2.6354",
            "close": "2.6296"
        },
        {
            "time": "27.07.2021 03:20",
            "open": "2.6296",
            "high": "2.6296",
            "low": "2.6288",
            "close": "2.6324"
        },
        {
            "time": "27.07.2021 03:24",
            "open": "2.6324",
            "high": "2.6324",
            "low": "2.6324",
            "close": "2.6399"
        },
        {
            "time": "27.07.2021 03:30",
            "open": "2.6399",
            "high": "2.6399",
            "low": "2.6399",
            "close": "2.6445"
        },
        {
            "time": "27.07.2021 03:32",
            "open": "2.6445",
            "high": "2.6445",
            "low": "2.6445",
            "close": "2.6282"
        },
        {
            "time": "27.07.2021 03:37",
            "open": "2.6282",
            "high": "2.6289",
            "low": "2.62",
            "close": "2.6118"
        },
        {
            "time": "27.07.2021 03:40",
            "open": "2.6118",
            "high": "2.6118",
            "low": "2.6118",
            "close": "2.6194"
        },
        {
            "time": "27.07.2021 03:45",
            "open": "2.6194",
            "high": "2.6201",
            "low": "2.6194",
            "close": "2.6299"
        },
        {
            "time": "27.07.2021 03:46",
            "open": "2.6299",
            "high": "2.6373",
            "low": "2.6299",
            "close": "2.6423"
        },
        {
            "time": "27.07.2021 03:47",
            "open": "2.6423",
            "high": "2.6424",
            "low": "2.6423",
            "close": "2.6274"
        },
        {
            "time": "27.07.2021 03:54",
            "open": "2.6274",
            "high": "2.6277",
            "low": "2.6274",
            "close": "2.627"
        },
        {
            "time": "27.07.2021 03:56",
            "open": "2.627",
            "high": "2.627",
            "low": "2.627",
            "close": "2.62"
        },
        {
            "time": "27.07.2021 03:58",
            "open": "2.62",
            "high": "2.62",
            "low": "2.62",
            "close": "2.6286"
        },
        {
            "time": "27.07.2021 04:01",
            "open": "2.6293",
            "high": "2.6293",
            "low": "2.6293",
            "close": "2.6311"
        },
        {
            "time": "27.07.2021 04:13",
            "open": "2.6311",
            "high": "2.6312",
            "low": "2.6311",
            "close": "2.6146"
        },
        {
            "time": "27.07.2021 04:34",
            "open": "2.6146",
            "high": "2.6146",
            "low": "2.6146",
            "close": "2.6182"
        },
        {
            "time": "27.07.2021 04:36",
            "open": "2.6182",
            "high": "2.6182",
            "low": "2.6182",
            "close": "2.6197"
        },
        {
            "time": "27.07.2021 04:37",
            "open": "2.6197",
            "high": "2.6197",
            "low": "2.6197",
            "close": "2.6097"
        },
        {
            "time": "27.07.2021 04:42",
            "open": "2.6097",
            "high": "2.6097",
            "low": "2.6081",
            "close": "2.6167"
        },
        {
            "time": "27.07.2021 04:51",
            "open": "2.6167",
            "high": "2.6167",
            "low": "2.6167",
            "close": "2.6149"
        },
        {
            "time": "27.07.2021 04:55",
            "open": "2.6149",
            "high": "2.6149",
            "low": "2.6149",
            "close": "2.6"
        },
        {
            "time": "27.07.2021 05:00",
            "open": "2.6",
            "high": "2.6",
            "low": "2.6",
            "close": "2.6"
        },
        {
            "time": "27.07.2021 05:01",
            "open": "2.6",
            "high": "2.6",
            "low": "2.5964",
            "close": "2.6129"
        },
        {
            "time": "27.07.2021 05:18",
            "open": "2.6129",
            "high": "2.6129",
            "low": "2.6129",
            "close": "2.6222"
        },
        {
            "time": "27.07.2021 05:31",
            "open": "2.6222",
            "high": "2.6222",
            "low": "2.6222",
            "close": "2.6257"
        },
        {
            "time": "27.07.2021 05:55",
            "open": "2.6257",
            "high": "2.6257",
            "low": "2.6257",
            "close": "2.6502"
        },
        {
            "time": "27.07.2021 06:45",
            "open": "2.6502",
            "high": "2.6502",
            "low": "2.6461",
            "close": "2.6461"
        },
        {
            "time": "27.07.2021 06:49",
            "open": "2.6461",
            "high": "2.6461",
            "low": "2.6461",
            "close": "2.6373"
        },
        {
            "time": "27.07.2021 07:10",
            "open": "2.6373",
            "high": "2.6373",
            "low": "2.6373",
            "close": "2.6549"
        },
        {
            "time": "27.07.2021 07:25",
            "open": "2.6549",
            "high": "2.6549",
            "low": "2.654",
            "close": "2.6537"
        },
        {
            "time": "27.07.2021 08:03",
            "open": "2.6537",
            "high": "2.6537",
            "low": "2.6537",
            "close": "2.6669"
        },
        {
            "time": "27.07.2021 08:25",
            "open": "2.6669",
            "high": "2.6669",
            "low": "2.6669",
            "close": "2.6666"
        },
        {
            "time": "27.07.2021 08:26",
            "open": "2.6666",
            "high": "2.6666",
            "low": "2.6662",
            "close": "2.668"
        },
        {
            "time": "27.07.2021 08:27",
            "open": "2.668",
            "high": "2.668",
            "low": "2.668",
            "close": "2.6659"
        },
        {
            "time": "27.07.2021 08:29",
            "open": "2.6659",
            "high": "2.6659",
            "low": "2.6659",
            "close": "2.6634"
        },
        {
            "time": "27.07.2021 08:37",
            "open": "2.6633",
            "high": "2.6633",
            "low": "2.6633",
            "close": "2.6659"
        },
        {
            "time": "27.07.2021 08:39",
            "open": "2.6659",
            "high": "2.6667",
            "low": "2.6651",
            "close": "2.651"
        },
        {
            "time": "27.07.2021 08:58",
            "open": "2.651",
            "high": "2.6515",
            "low": "2.6489",
            "close": "2.6511"
        },
        {
            "time": "27.07.2021 09:00",
            "open": "2.6511",
            "high": "2.6524",
            "low": "2.6511",
            "close": "2.6718"
        },
        {
            "time": "27.07.2021 09:07",
            "open": "2.6718",
            "high": "2.6718",
            "low": "2.6676",
            "close": "2.6639"
        },
        {
            "time": "27.07.2021 09:09",
            "open": "2.6639",
            "high": "2.6639",
            "low": "2.6624",
            "close": "2.6687"
        },
        {
            "time": "27.07.2021 09:14",
            "open": "2.6687",
            "high": "2.6687",
            "low": "2.6687",
            "close": "2.6589"
        },
        {
            "time": "27.07.2021 09:28",
            "open": "2.6589",
            "high": "2.6589",
            "low": "2.6589",
            "close": "2.6584"
        },
        {
            "time": "27.07.2021 09:44",
            "open": "2.6584",
            "high": "2.6584",
            "low": "2.6584",
            "close": "2.6683"
        },
        {
            "time": "27.07.2021 09:46",
            "open": "2.6683",
            "high": "2.6683",
            "low": "2.6639",
            "close": "2.6605"
        },
        {
            "time": "27.07.2021 09:47",
            "open": "2.6605",
            "high": "2.6605",
            "low": "2.6605",
            "close": "2.6918"
        },
        {
            "time": "27.07.2021 10:20",
            "open": "2.6918",
            "high": "2.6967",
            "low": "2.6903",
            "close": "2.6813"
        },
        {
            "time": "27.07.2021 10:25",
            "open": "2.6813",
            "high": "2.6813",
            "low": "2.6813",
            "close": "2.6855"
        },
        {
            "time": "27.07.2021 10:33",
            "open": "2.6855",
            "high": "2.6855",
            "low": "2.6855",
            "close": "2.6816"
        },
        {
            "time": "27.07.2021 10:46",
            "open": "2.6816",
            "high": "2.6816",
            "low": "2.6816",
            "close": "2.686"
        },
        {
            "time": "27.07.2021 10:50",
            "open": "2.686",
            "high": "2.686",
            "low": "2.686",
            "close": "2.6856"
        },
        {
            "time": "27.07.2021 11:20",
            "open": "2.6856",
            "high": "2.6856",
            "low": "2.6856",
            "close": "2.6874"
        },
        {
            "time": "27.07.2021 11:21",
            "open": "2.6874",
            "high": "2.6874",
            "low": "2.6874",
            "close": "2.6877"
        },
        {
            "time": "27.07.2021 11:26",
            "open": "2.6877",
            "high": "2.6877",
            "low": "2.6877",
            "close": "2.6968"
        },
        {
            "time": "27.07.2021 11:37",
            "open": "2.6968",
            "high": "2.6968",
            "low": "2.6968",
            "close": "2.7028"
        },
        {
            "time": "27.07.2021 11:39",
            "open": "2.7028",
            "high": "2.7028",
            "low": "2.7028",
            "close": "2.7103"
        },
        {
            "time": "27.07.2021 11:43",
            "open": "2.7103",
            "high": "2.7103",
            "low": "2.7103",
            "close": "2.7074"
        },
        {
            "time": "27.07.2021 11:46",
            "open": "2.7074",
            "high": "2.7074",
            "low": "2.7074",
            "close": "2.7103"
        },
        {
            "time": "27.07.2021 11:49",
            "open": "2.7103",
            "high": "2.7132",
            "low": "2.7103",
            "close": "2.7078"
        },
        {
            "time": "27.07.2021 11:54",
            "open": "2.7078",
            "high": "2.7133",
            "low": "2.7078",
            "close": "2.7098"
        },
        {
            "time": "27.07.2021 11:56",
            "open": "2.7098",
            "high": "2.7101",
            "low": "2.7098",
            "close": "2.6999"
        },
        {
            "time": "27.07.2021 12:10",
            "open": "2.6999",
            "high": "2.6999",
            "low": "2.6999",
            "close": "2.6965"
        },
        {
            "time": "27.07.2021 12:13",
            "open": "2.6965",
            "high": "2.6965",
            "low": "2.6965",
            "close": "2.6987"
        },
        {
            "time": "27.07.2021 12:24",
            "open": "2.6987",
            "high": "2.6987",
            "low": "2.6987",
            "close": "2.7095"
        },
        {
            "time": "27.07.2021 12:31",
            "open": "2.7095",
            "high": "2.7095",
            "low": "2.7095",
            "close": "2.7122"
        },
        {
            "time": "27.07.2021 12:33",
            "open": "2.7122",
            "high": "2.7122",
            "low": "2.7122",
            "close": "2.7038"
        },
        {
            "time": "27.07.2021 13:08",
            "open": "2.7038",
            "high": "2.7038",
            "low": "2.7038",
            "close": "2.7032"
        },
        {
            "time": "27.07.2021 13:10",
            "open": "2.7032",
            "high": "2.7032",
            "low": "2.7032",
            "close": "2.7116"
        },
        {
            "time": "27.07.2021 13:31",
            "open": "2.7116",
            "high": "2.7124",
            "low": "2.7116",
            "close": "2.7103"
        },
        {
            "time": "27.07.2021 13:34",
            "open": "2.7103",
            "high": "2.7168",
            "low": "2.7103",
            "close": "2.7163"
        },
        {
            "time": "27.07.2021 13:38",
            "open": "2.7163",
            "high": "2.7164",
            "low": "2.7163",
            "close": "2.7103"
        },
        {
            "time": "27.07.2021 13:47",
            "open": "2.7103",
            "high": "2.7104",
            "low": "2.7103",
            "close": "2.7221"
        },
        {
            "time": "27.07.2021 13:49",
            "open": "2.7221",
            "high": "2.7236",
            "low": "2.7221",
            "close": "2.7237"
        },
        {
            "time": "27.07.2021 13:51",
            "open": "2.7237",
            "high": "2.7283",
            "low": "2.7237",
            "close": "2.73"
        },
        {
            "time": "27.07.2021 13:52",
            "open": "2.73",
            "high": "2.73",
            "low": "2.73",
            "close": "2.7305"
        },
        {
            "time": "27.07.2021 13:55",
            "open": "2.7305",
            "high": "2.7305",
            "low": "2.7305",
            "close": "2.7371"
        },
        {
            "time": "27.07.2021 14:00",
            "open": "2.7371",
            "high": "2.7416",
            "low": "2.7371",
            "close": "2.7293"
        },
        {
            "time": "27.07.2021 14:26",
            "open": "2.7293",
            "high": "2.7293",
            "low": "2.7272",
            "close": "2.7461"
        },
        {
            "time": "27.07.2021 14:44",
            "open": "2.7461",
            "high": "2.7461",
            "low": "2.7461",
            "close": "2.7646"
        },
        {
            "time": "27.07.2021 14:50",
            "open": "2.7646",
            "high": "2.7646",
            "low": "2.7646",
            "close": "2.7663"
        },
        {
            "time": "27.07.2021 14:57",
            "open": "2.7663",
            "high": "2.7663",
            "low": "2.7663",
            "close": "2.7629"
        },
        {
            "time": "27.07.2021 14:59",
            "open": "2.7629",
            "high": "2.7629",
            "low": "2.7629",
            "close": "2.7561"
        },
        {
            "time": "27.07.2021 15:00",
            "open": "2.7561",
            "high": "2.7561",
            "low": "2.75",
            "close": "2.758"
        },
        {
            "time": "27.07.2021 15:05",
            "open": "2.758",
            "high": "2.758",
            "low": "2.758",
            "close": "2.7502"
        },
        {
            "time": "27.07.2021 15:09",
            "open": "2.7502",
            "high": "2.7502",
            "low": "2.7502",
            "close": "2.7542"
        },
        {
            "time": "27.07.2021 15:10",
            "open": "2.7542",
            "high": "2.7542",
            "low": "2.7486",
            "close": "2.7447"
        },
        {
            "time": "27.07.2021 15:11",
            "open": "2.7447",
            "high": "2.749",
            "low": "2.7447",
            "close": "2.7372"
        },
        {
            "time": "27.07.2021 15:14",
            "open": "2.7372",
            "high": "2.7372",
            "low": "2.7372",
            "close": "2.7267"
        },
        {
            "time": "27.07.2021 15:17",
            "open": "2.7267",
            "high": "2.7267",
            "low": "2.7267",
            "close": "2.7409"
        },
        {
            "time": "27.07.2021 15:19",
            "open": "2.7409",
            "high": "2.7409",
            "low": "2.7409",
            "close": "2.7425"
        },
        {
            "time": "27.07.2021 15:21",
            "open": "2.7425",
            "high": "2.7425",
            "low": "2.7425",
            "close": "2.7434"
        },
        {
            "time": "27.07.2021 15:30",
            "open": "2.7434",
            "high": "2.7434",
            "low": "2.7434",
            "close": "2.7485"
        },
        {
            "time": "27.07.2021 15:44",
            "open": "2.7485",
            "high": "2.75",
            "low": "2.7485",
            "close": "2.7476"
        },
        {
            "time": "27.07.2021 15:56",
            "open": "2.7476",
            "high": "2.7476",
            "low": "2.7432",
            "close": "2.745"
        },
        {
            "time": "27.07.2021 16:02",
            "open": "2.745",
            "high": "2.745",
            "low": "2.745",
            "close": "2.7159"
        },
        {
            "time": "27.07.2021 16:04",
            "open": "2.7159",
            "high": "2.7159",
            "low": "2.7159",
            "close": "2.7146"
        },
        {
            "time": "27.07.2021 16:05",
            "open": "2.7146",
            "high": "2.7188",
            "low": "2.7131",
            "close": "2.7026"
        },
        {
            "time": "27.07.2021 16:07",
            "open": "2.7026",
            "high": "2.7026",
            "low": "2.7026",
            "close": "2.7015"
        },
        {
            "time": "27.07.2021 16:13",
            "open": "2.7015",
            "high": "2.7015",
            "low": "2.7015",
            "close": "2.7025"
        },
        {
            "time": "27.07.2021 16:17",
            "open": "2.7025",
            "high": "2.7025",
            "low": "2.7025",
            "close": "2.7314"
        },
        {
            "time": "27.07.2021 16:30",
            "open": "2.7314",
            "high": "2.7314",
            "low": "2.7314",
            "close": "2.7371"
        },
        {
            "time": "27.07.2021 16:31",
            "open": "2.7371",
            "high": "2.7371",
            "low": "2.7371",
            "close": "2.7363"
        },
        {
            "time": "27.07.2021 16:39",
            "open": "2.7363",
            "high": "2.7363",
            "low": "2.7363",
            "close": "2.7164"
        },
        {
            "time": "27.07.2021 16:43",
            "open": "2.7164",
            "high": "2.719",
            "low": "2.7164",
            "close": "2.7234"
        },
        {
            "time": "27.07.2021 16:47",
            "open": "2.7234",
            "high": "2.7234",
            "low": "2.7234",
            "close": "2.7352"
        },
        {
            "time": "27.07.2021 16:58",
            "open": "2.7352",
            "high": "2.7352",
            "low": "2.7352",
            "close": "2.7449"
        },
        {
            "time": "27.07.2021 17:12",
            "open": "2.7449",
            "high": "2.7449",
            "low": "2.7449",
            "close": "2.7431"
        },
        {
            "time": "27.07.2021 17:16",
            "open": "2.7431",
            "high": "2.7431",
            "low": "2.7431",
            "close": "2.7392"
        },
        {
            "time": "27.07.2021 17:25",
            "open": "2.7392",
            "high": "2.74",
            "low": "2.7392",
            "close": "2.7123"
        },
        {
            "time": "27.07.2021 17:32",
            "open": "2.7123",
            "high": "2.7138",
            "low": "2.7123",
            "close": "2.7038"
        },
        {
            "time": "27.07.2021 17:45",
            "open": "2.7038",
            "high": "2.7082",
            "low": "2.7038",
            "close": "2.7166"
        },
        {
            "time": "27.07.2021 17:59",
            "open": "2.7166",
            "high": "2.7166",
            "low": "2.7166",
            "close": "2.7157"
        },
        {
            "time": "27.07.2021 18:00",
            "open": "2.7157",
            "high": "2.7157",
            "low": "2.7157",
            "close": "2.7151"
        },
        {
            "time": "27.07.2021 18:03",
            "open": "2.7151",
            "high": "2.7151",
            "low": "2.7151",
            "close": "2.7073"
        },
        {
            "time": "27.07.2021 18:08",
            "open": "2.7073",
            "high": "2.7073",
            "low": "2.7073",
            "close": "2.6776"
        },
        {
            "time": "27.07.2021 18:46",
            "open": "2.6776",
            "high": "2.6776",
            "low": "2.6776",
            "close": "2.6675"
        },
        {
            "time": "27.07.2021 18:50",
            "open": "2.6675",
            "high": "2.6676",
            "low": "2.6675",
            "close": "2.6558"
        },
        {
            "time": "27.07.2021 18:53",
            "open": "2.6558",
            "high": "2.6558",
            "low": "2.6558",
            "close": "2.6548"
        },
        {
            "time": "27.07.2021 18:57",
            "open": "2.6548",
            "high": "2.6553",
            "low": "2.6548",
            "close": "2.6481"
        },
        {
            "time": "27.07.2021 19:10",
            "open": "2.6481",
            "high": "2.6486",
            "low": "2.6481",
            "close": "2.6594"
        },
        {
            "time": "27.07.2021 19:21",
            "open": "2.6594",
            "high": "2.6609",
            "low": "2.6594",
            "close": "2.665"
        },
        {
            "time": "27.07.2021 19:22",
            "open": "2.665",
            "high": "2.665",
            "low": "2.665",
            "close": "2.6587"
        },
        {
            "time": "27.07.2021 19:36",
            "open": "2.6587",
            "high": "2.6587",
            "low": "2.6587",
            "close": "2.6572"
        },
        {
            "time": "27.07.2021 19:39",
            "open": "2.6572",
            "high": "2.6572",
            "low": "2.6572",
            "close": "2.6357"
        },
        {
            "time": "27.07.2021 20:05",
            "open": "2.6357",
            "high": "2.6357",
            "low": "2.6357",
            "close": "2.6441"
        },
        {
            "time": "27.07.2021 20:10",
            "open": "2.6441",
            "high": "2.6459",
            "low": "2.6441",
            "close": "2.6495"
        },
        {
            "time": "27.07.2021 20:11",
            "open": "2.6495",
            "high": "2.6495",
            "low": "2.6495",
            "close": "2.6589"
        },
        {
            "time": "27.07.2021 20:15",
            "open": "2.6589",
            "high": "2.6589",
            "low": "2.6589",
            "close": "2.6787"
        },
        {
            "time": "27.07.2021 20:35",
            "open": "2.6787",
            "high": "2.6787",
            "low": "2.6785",
            "close": "2.672"
        },
        {
            "time": "27.07.2021 20:45",
            "open": "2.672",
            "high": "2.672",
            "low": "2.672",
            "close": "2.6734"
        },
        {
            "time": "27.07.2021 20:53",
            "open": "2.6734",
            "high": "2.6734",
            "low": "2.6734",
            "close": "2.6674"
        },
        {
            "time": "27.07.2021 21:26",
            "open": "2.6674",
            "high": "2.6674",
            "low": "2.6674",
            "close": "2.6648"
        },
        {
            "time": "27.07.2021 21:30",
            "open": "2.6648",
            "high": "2.6648",
            "low": "2.6648",
            "close": "2.6842"
        },
        {
            "time": "27.07.2021 21:34",
            "open": "2.6842",
            "high": "2.6842",
            "low": "2.6842",
            "close": "2.6958"
        },
        {
            "time": "27.07.2021 22:04",
            "open": "2.6958",
            "high": "2.6958",
            "low": "2.6958",
            "close": "2.6955"
        },
        {
            "time": "27.07.2021 22:41",
            "open": "2.6955",
            "high": "2.6976",
            "low": "2.6955",
            "close": "2.7267"
        },
        {
            "time": "27.07.2021 23:30",
            "open": "2.7267",
            "high": "2.7267",
            "low": "2.7267",
            "close": "2.7192"
        }
    ]
}