{
    "BNT-EUR": [
        {
            "time": "03.06.2021 23:35",
            "open": "4.0264",
            "high": "4.0264",
            "low": "4.0264",
            "close": "4.0207"
        },
        {
            "time": "04.06.2021 00:32",
            "open": "4.0207",
            "high": "4.0207",
            "low": "4.0207",
            "close": "4.0291"
        },
        {
            "time": "04.06.2021 00:33",
            "open": "4.0291",
            "high": "4.0291",
            "low": "4.0291",
            "close": "4.0268"
        },
        {
            "time": "04.06.2021 00:35",
            "open": "4.0268",
            "high": "4.0268",
            "low": "4.0268",
            "close": "4.0352"
        },
        {
            "time": "04.06.2021 00:55",
            "open": "4.0352",
            "high": "4.0352",
            "low": "4.0347",
            "close": "4.0403"
        },
        {
            "time": "04.06.2021 01:09",
            "open": "4.0403",
            "high": "4.0403",
            "low": "4.0397",
            "close": "4.0481"
        },
        {
            "time": "04.06.2021 01:20",
            "open": "4.0481",
            "high": "4.0481",
            "low": "4.0481",
            "close": "4.052"
        },
        {
            "time": "04.06.2021 01:28",
            "open": "4.052",
            "high": "4.0584",
            "low": "4.052",
            "close": "4.062"
        },
        {
            "time": "04.06.2021 01:32",
            "open": "4.062",
            "high": "4.062",
            "low": "4.062",
            "close": "4.066"
        },
        {
            "time": "04.06.2021 01:39",
            "open": "4.066",
            "high": "4.0662",
            "low": "4.066",
            "close": "4.0257"
        },
        {
            "time": "04.06.2021 02:06",
            "open": "4.0257",
            "high": "4.0257",
            "low": "4.0257",
            "close": "3.9841"
        },
        {
            "time": "04.06.2021 02:47",
            "open": "3.9841",
            "high": "3.9841",
            "low": "3.9838",
            "close": "3.9888"
        },
        {
            "time": "04.06.2021 02:51",
            "open": "3.9888",
            "high": "3.9924",
            "low": "3.9888",
            "close": "3.9848"
        },
        {
            "time": "04.06.2021 02:53",
            "open": "3.9848",
            "high": "3.9848",
            "low": "3.9848",
            "close": "3.9859"
        },
        {
            "time": "04.06.2021 02:56",
            "open": "3.9859",
            "high": "3.9909",
            "low": "3.9812",
            "close": "3.9811"
        },
        {
            "time": "04.06.2021 02:57",
            "open": "3.9811",
            "high": "3.9811",
            "low": "3.9798",
            "close": "3.9161"
        },
        {
            "time": "04.06.2021 03:15",
            "open": "3.9161",
            "high": "3.9161",
            "low": "3.9161",
            "close": "3.9147"
        },
        {
            "time": "04.06.2021 03:16",
            "open": "3.9147",
            "high": "3.9147",
            "low": "3.9076",
            "close": "3.9058"
        },
        {
            "time": "04.06.2021 03:17",
            "open": "3.9058",
            "high": "3.9068",
            "low": "3.8998",
            "close": "3.8592"
        },
        {
            "time": "04.06.2021 03:28",
            "open": "3.8592",
            "high": "3.8729",
            "low": "3.8592",
            "close": "3.8761"
        },
        {
            "time": "04.06.2021 03:33",
            "open": "3.8761",
            "high": "3.8763",
            "low": "3.8761",
            "close": "3.8662"
        },
        {
            "time": "04.06.2021 03:38",
            "open": "3.8662",
            "high": "3.8662",
            "low": "3.8662",
            "close": "3.8446"
        },
        {
            "time": "04.06.2021 03:50",
            "open": "3.8446",
            "high": "3.8447",
            "low": "3.8446",
            "close": "3.8405"
        },
        {
            "time": "04.06.2021 03:55",
            "open": "3.8516",
            "high": "3.8516",
            "low": "3.8516",
            "close": "3.8186"
        },
        {
            "time": "04.06.2021 04:12",
            "open": "3.8186",
            "high": "3.8186",
            "low": "3.8",
            "close": "3.8093"
        },
        {
            "time": "04.06.2021 04:13",
            "open": "3.8093",
            "high": "3.8195",
            "low": "3.8093",
            "close": "3.8193"
        },
        {
            "time": "04.06.2021 04:17",
            "open": "3.8193",
            "high": "3.8193",
            "low": "3.8193",
            "close": "3.8259"
        },
        {
            "time": "04.06.2021 04:24",
            "open": "3.8259",
            "high": "3.8259",
            "low": "3.8259",
            "close": "3.8233"
        },
        {
            "time": "04.06.2021 04:27",
            "open": "3.8233",
            "high": "3.8233",
            "low": "3.8233",
            "close": "3.8455"
        },
        {
            "time": "04.06.2021 04:45",
            "open": "3.8455",
            "high": "3.8455",
            "low": "3.8454",
            "close": "3.8581"
        },
        {
            "time": "04.06.2021 04:49",
            "open": "3.8581",
            "high": "3.8581",
            "low": "3.8581",
            "close": "3.8615"
        },
        {
            "time": "04.06.2021 04:51",
            "open": "3.8615",
            "high": "3.8661",
            "low": "3.8615",
            "close": "3.9113"
        },
        {
            "time": "04.06.2021 05:35",
            "open": "3.9113",
            "high": "3.9188",
            "low": "3.9113",
            "close": "3.9157"
        },
        {
            "time": "04.06.2021 05:36",
            "open": "3.9157",
            "high": "3.9166",
            "low": "3.9144",
            "close": "3.9189"
        },
        {
            "time": "04.06.2021 05:40",
            "open": "3.9189",
            "high": "3.9189",
            "low": "3.9189",
            "close": "3.9102"
        },
        {
            "time": "04.06.2021 05:50",
            "open": "3.9102",
            "high": "3.9111",
            "low": "3.9102",
            "close": "3.9042"
        },
        {
            "time": "04.06.2021 05:57",
            "open": "3.9042",
            "high": "3.9042",
            "low": "3.9042",
            "close": "3.9009"
        },
        {
            "time": "04.06.2021 06:02",
            "open": "3.9009",
            "high": "3.9009",
            "low": "3.8989",
            "close": "3.8581"
        },
        {
            "time": "04.06.2021 06:49",
            "open": "3.8581",
            "high": "3.8581",
            "low": "3.8581",
            "close": "3.8308"
        },
        {
            "time": "04.06.2021 07:09",
            "open": "3.8308",
            "high": "3.8308",
            "low": "3.8241",
            "close": "3.82"
        },
        {
            "time": "04.06.2021 07:10",
            "open": "3.82",
            "high": "3.82",
            "low": "3.8198",
            "close": "3.8198"
        },
        {
            "time": "04.06.2021 07:12",
            "open": "3.8198",
            "high": "3.8198",
            "low": "3.8198",
            "close": "3.8198"
        },
        {
            "time": "04.06.2021 07:14",
            "open": "3.8198",
            "high": "3.8198",
            "low": "3.8198",
            "close": "3.8024"
        },
        {
            "time": "04.06.2021 07:16",
            "open": "3.8024",
            "high": "3.8024",
            "low": "3.7951",
            "close": "3.797"
        },
        {
            "time": "04.06.2021 07:17",
            "open": "3.797",
            "high": "3.8036",
            "low": "3.797",
            "close": "3.8001"
        },
        {
            "time": "04.06.2021 07:18",
            "open": "3.8001",
            "high": "3.8001",
            "low": "3.8001",
            "close": "3.79"
        },
        {
            "time": "04.06.2021 07:20",
            "open": "3.79",
            "high": "3.79",
            "low": "3.79",
            "close": "3.794"
        },
        {
            "time": "04.06.2021 07:27",
            "open": "3.794",
            "high": "3.794",
            "low": "3.794",
            "close": "3.7943"
        },
        {
            "time": "04.06.2021 07:33",
            "open": "3.7943",
            "high": "3.7943",
            "low": "3.7943",
            "close": "3.7848"
        },
        {
            "time": "04.06.2021 07:36",
            "open": "3.7848",
            "high": "3.7848",
            "low": "3.7844",
            "close": "3.7674"
        },
        {
            "time": "04.06.2021 07:40",
            "open": "3.7674",
            "high": "3.7674",
            "low": "3.7618",
            "close": "3.7459"
        },
        {
            "time": "04.06.2021 07:42",
            "open": "3.7459",
            "high": "3.758",
            "low": "3.7459",
            "close": "3.7373"
        },
        {
            "time": "04.06.2021 07:44",
            "open": "3.7373",
            "high": "3.7373",
            "low": "3.7373",
            "close": "3.7373"
        },
        {
            "time": "04.06.2021 07:45",
            "open": "3.7373",
            "high": "3.7373",
            "low": "3.7373",
            "close": "3.735"
        },
        {
            "time": "04.06.2021 07:47",
            "open": "3.735",
            "high": "3.735",
            "low": "3.735",
            "close": "3.735"
        },
        {
            "time": "04.06.2021 07:55",
            "open": "3.735",
            "high": "3.735",
            "low": "3.735",
            "close": "3.7649"
        },
        {
            "time": "04.06.2021 08:06",
            "open": "3.7649",
            "high": "3.7649",
            "low": "3.7649",
            "close": "3.7571"
        },
        {
            "time": "04.06.2021 08:30",
            "open": "3.7571",
            "high": "3.7571",
            "low": "3.7571",
            "close": "3.7328"
        },
        {
            "time": "04.06.2021 08:33",
            "open": "3.7328",
            "high": "3.7328",
            "low": "3.7328",
            "close": "3.7292"
        },
        {
            "time": "04.06.2021 08:34",
            "open": "3.7292",
            "high": "3.7292",
            "low": "3.7292",
            "close": "3.7304"
        },
        {
            "time": "04.06.2021 08:37",
            "open": "3.7304",
            "high": "3.7304",
            "low": "3.7304",
            "close": "3.6942"
        },
        {
            "time": "04.06.2021 08:53",
            "open": "3.6942",
            "high": "3.6942",
            "low": "3.6889",
            "close": "3.6926"
        },
        {
            "time": "04.06.2021 08:54",
            "open": "3.6926",
            "high": "3.6926",
            "low": "3.6926",
            "close": "3.6904"
        },
        {
            "time": "04.06.2021 08:55",
            "open": "3.6904",
            "high": "3.6904",
            "low": "3.6855",
            "close": "3.6958"
        },
        {
            "time": "04.06.2021 08:57",
            "open": "3.6958",
            "high": "3.6958",
            "low": "3.6958",
            "close": "3.6667"
        },
        {
            "time": "04.06.2021 09:06",
            "open": "3.6667",
            "high": "3.6667",
            "low": "3.6667",
            "close": "3.6667"
        },
        {
            "time": "04.06.2021 09:08",
            "open": "3.6667",
            "high": "3.6667",
            "low": "3.6667",
            "close": "3.6696"
        },
        {
            "time": "04.06.2021 09:11",
            "open": "3.6696",
            "high": "3.6696",
            "low": "3.6696",
            "close": "3.6614"
        },
        {
            "time": "04.06.2021 09:18",
            "open": "3.6614",
            "high": "3.6614",
            "low": "3.6614",
            "close": "3.6561"
        },
        {
            "time": "04.06.2021 09:19",
            "open": "3.6561",
            "high": "3.6561",
            "low": "3.6502",
            "close": "3.65"
        },
        {
            "time": "04.06.2021 09:20",
            "open": "3.65",
            "high": "3.65",
            "low": "3.65",
            "close": "3.6424"
        },
        {
            "time": "04.06.2021 09:21",
            "open": "3.6424",
            "high": "3.6424",
            "low": "3.6424",
            "close": "3.6443"
        },
        {
            "time": "04.06.2021 09:25",
            "open": "3.6443",
            "high": "3.6443",
            "low": "3.6443",
            "close": "3.6715"
        },
        {
            "time": "04.06.2021 09:31",
            "open": "3.6715",
            "high": "3.6715",
            "low": "3.6715",
            "close": "3.677"
        },
        {
            "time": "04.06.2021 09:33",
            "open": "3.677",
            "high": "3.685",
            "low": "3.677",
            "close": "3.6993"
        },
        {
            "time": "04.06.2021 09:34",
            "open": "3.6993",
            "high": "3.7078",
            "low": "3.6964",
            "close": "3.6944"
        },
        {
            "time": "04.06.2021 09:35",
            "open": "3.6944",
            "high": "3.6944",
            "low": "3.6944",
            "close": "3.7155"
        },
        {
            "time": "04.06.2021 09:38",
            "open": "3.7155",
            "high": "3.717",
            "low": "3.708",
            "close": "3.7073"
        },
        {
            "time": "04.06.2021 09:39",
            "open": "3.7073",
            "high": "3.7073",
            "low": "3.7073",
            "close": "3.714"
        },
        {
            "time": "04.06.2021 09:43",
            "open": "3.714",
            "high": "3.7168",
            "low": "3.714",
            "close": "3.7141"
        },
        {
            "time": "04.06.2021 09:51",
            "open": "3.7141",
            "high": "3.719",
            "low": "3.7141",
            "close": "3.7111"
        },
        {
            "time": "04.06.2021 09:57",
            "open": "3.7111",
            "high": "3.7111",
            "low": "3.7111",
            "close": "3.6966"
        },
        {
            "time": "04.06.2021 10:02",
            "open": "3.6966",
            "high": "3.6966",
            "low": "3.6959",
            "close": "3.6797"
        },
        {
            "time": "04.06.2021 10:05",
            "open": "3.6797",
            "high": "3.6797",
            "low": "3.6736",
            "close": "3.6979"
        },
        {
            "time": "04.06.2021 10:15",
            "open": "3.6979",
            "high": "3.6979",
            "low": "3.6979",
            "close": "3.7186"
        },
        {
            "time": "04.06.2021 10:32",
            "open": "3.7186",
            "high": "3.7186",
            "low": "3.7186",
            "close": "3.7214"
        },
        {
            "time": "04.06.2021 10:37",
            "open": "3.7214",
            "high": "3.7214",
            "low": "3.7214",
            "close": "3.7252"
        },
        {
            "time": "04.06.2021 10:47",
            "open": "3.7252",
            "high": "3.7252",
            "low": "3.7252",
            "close": "3.7239"
        },
        {
            "time": "04.06.2021 10:52",
            "open": "3.7239",
            "high": "3.7239",
            "low": "3.7239",
            "close": "3.7229"
        },
        {
            "time": "04.06.2021 10:59",
            "open": "3.7229",
            "high": "3.7239",
            "low": "3.7229",
            "close": "3.7237"
        },
        {
            "time": "04.06.2021 11:00",
            "open": "3.7237",
            "high": "3.7237",
            "low": "3.7237",
            "close": "3.6967"
        },
        {
            "time": "04.06.2021 11:21",
            "open": "3.6967",
            "high": "3.6967",
            "low": "3.6967",
            "close": "3.7058"
        },
        {
            "time": "04.06.2021 11:24",
            "open": "3.7058",
            "high": "3.7058",
            "low": "3.7058",
            "close": "3.7354"
        },
        {
            "time": "04.06.2021 12:07",
            "open": "3.7354",
            "high": "3.7471",
            "low": "3.7354",
            "close": "3.7643"
        },
        {
            "time": "04.06.2021 12:12",
            "open": "3.7643",
            "high": "3.7643",
            "low": "3.7643",
            "close": "3.7572"
        },
        {
            "time": "04.06.2021 12:13",
            "open": "3.7572",
            "high": "3.7572",
            "low": "3.7572",
            "close": "3.7572"
        },
        {
            "time": "04.06.2021 12:19",
            "open": "3.7572",
            "high": "3.7572",
            "low": "3.7572",
            "close": "3.756"
        },
        {
            "time": "04.06.2021 12:28",
            "open": "3.756",
            "high": "3.7561",
            "low": "3.756",
            "close": "3.75"
        },
        {
            "time": "04.06.2021 12:29",
            "open": "3.75",
            "high": "3.75",
            "low": "3.7451",
            "close": "3.7167"
        },
        {
            "time": "04.06.2021 13:04",
            "open": "3.7167",
            "high": "3.7167",
            "low": "3.7167",
            "close": "3.7"
        },
        {
            "time": "04.06.2021 13:30",
            "open": "3.7",
            "high": "3.7",
            "low": "3.7",
            "close": "3.7003"
        },
        {
            "time": "04.06.2021 13:31",
            "open": "3.7003",
            "high": "3.7003",
            "low": "3.7003",
            "close": "3.6976"
        },
        {
            "time": "04.06.2021 13:37",
            "open": "3.6976",
            "high": "3.6976",
            "low": "3.6976",
            "close": "3.69"
        },
        {
            "time": "04.06.2021 13:49",
            "open": "3.69",
            "high": "3.69",
            "low": "3.69",
            "close": "3.6812"
        },
        {
            "time": "04.06.2021 14:00",
            "open": "3.6812",
            "high": "3.6812",
            "low": "3.6812",
            "close": "3.65"
        },
        {
            "time": "04.06.2021 14:05",
            "open": "3.65",
            "high": "3.65",
            "low": "3.6403",
            "close": "3.6441"
        },
        {
            "time": "04.06.2021 14:06",
            "open": "3.6441",
            "high": "3.6441",
            "low": "3.6441",
            "close": "3.6324"
        },
        {
            "time": "04.06.2021 14:07",
            "open": "3.6324",
            "high": "3.6324",
            "low": "3.6324",
            "close": "3.6285"
        },
        {
            "time": "04.06.2021 14:10",
            "open": "3.6285",
            "high": "3.6285",
            "low": "3.6181",
            "close": "3.614"
        },
        {
            "time": "04.06.2021 14:19",
            "open": "3.614",
            "high": "3.614",
            "low": "3.614",
            "close": "3.6173"
        },
        {
            "time": "04.06.2021 14:21",
            "open": "3.6173",
            "high": "3.6173",
            "low": "3.6173",
            "close": "3.6214"
        },
        {
            "time": "04.06.2021 14:24",
            "open": "3.6214",
            "high": "3.6214",
            "low": "3.6196",
            "close": "3.6374"
        },
        {
            "time": "04.06.2021 14:35",
            "open": "3.6374",
            "high": "3.6424",
            "low": "3.6374",
            "close": "3.6511"
        },
        {
            "time": "04.06.2021 14:39",
            "open": "3.6511",
            "high": "3.6511",
            "low": "3.651",
            "close": "3.665"
        },
        {
            "time": "04.06.2021 14:40",
            "open": "3.665",
            "high": "3.665",
            "low": "3.665",
            "close": "3.6851"
        },
        {
            "time": "04.06.2021 14:41",
            "open": "3.6851",
            "high": "3.6851",
            "low": "3.6851",
            "close": "3.7037"
        },
        {
            "time": "04.06.2021 14:43",
            "open": "3.7037",
            "high": "3.7057",
            "low": "3.6908",
            "close": "3.6879"
        },
        {
            "time": "04.06.2021 14:44",
            "open": "3.6879",
            "high": "3.6879",
            "low": "3.6879",
            "close": "3.7147"
        },
        {
            "time": "04.06.2021 14:47",
            "open": "3.7147",
            "high": "3.7192",
            "low": "3.7147",
            "close": "3.7222"
        },
        {
            "time": "04.06.2021 14:48",
            "open": "3.7222",
            "high": "3.7222",
            "low": "3.7222",
            "close": "3.7245"
        },
        {
            "time": "04.06.2021 14:52",
            "open": "3.7245",
            "high": "3.7245",
            "low": "3.7245",
            "close": "3.715"
        },
        {
            "time": "04.06.2021 15:22",
            "open": "3.715",
            "high": "3.715",
            "low": "3.715",
            "close": "3.7228"
        },
        {
            "time": "04.06.2021 15:29",
            "open": "3.7228",
            "high": "3.7248",
            "low": "3.721",
            "close": "3.7286"
        },
        {
            "time": "04.06.2021 15:30",
            "open": "3.7286",
            "high": "3.7286",
            "low": "3.7286",
            "close": "3.7281"
        },
        {
            "time": "04.06.2021 15:33",
            "open": "3.7281",
            "high": "3.7301",
            "low": "3.7281",
            "close": "3.7428"
        },
        {
            "time": "04.06.2021 15:42",
            "open": "3.7428",
            "high": "3.7428",
            "low": "3.7393",
            "close": "3.7438"
        },
        {
            "time": "04.06.2021 15:43",
            "open": "3.7438",
            "high": "3.7446",
            "low": "3.7438",
            "close": "3.7297"
        },
        {
            "time": "04.06.2021 15:47",
            "open": "3.7297",
            "high": "3.7297",
            "low": "3.7206",
            "close": "3.7166"
        },
        {
            "time": "04.06.2021 15:50",
            "open": "3.7166",
            "high": "3.7167",
            "low": "3.7144",
            "close": "3.7108"
        },
        {
            "time": "04.06.2021 16:07",
            "open": "3.7108",
            "high": "3.7108",
            "low": "3.7108",
            "close": "3.6782"
        },
        {
            "time": "04.06.2021 16:19",
            "open": "3.6782",
            "high": "3.6783",
            "low": "3.6782",
            "close": "3.6861"
        },
        {
            "time": "04.06.2021 16:35",
            "open": "3.6861",
            "high": "3.6861",
            "low": "3.6861",
            "close": "3.6787"
        },
        {
            "time": "04.06.2021 16:40",
            "open": "3.6787",
            "high": "3.6787",
            "low": "3.6787",
            "close": "3.6915"
        },
        {
            "time": "04.06.2021 16:41",
            "open": "3.6915",
            "high": "3.6974",
            "low": "3.6878",
            "close": "3.6831"
        },
        {
            "time": "04.06.2021 16:44",
            "open": "3.6831",
            "high": "3.6831",
            "low": "3.6831",
            "close": "3.7075"
        },
        {
            "time": "04.06.2021 17:28",
            "open": "3.7075",
            "high": "3.7075",
            "low": "3.7075",
            "close": "3.712"
        },
        {
            "time": "04.06.2021 17:33",
            "open": "3.712",
            "high": "3.712",
            "low": "3.712",
            "close": "3.7227"
        },
        {
            "time": "04.06.2021 17:51",
            "open": "3.7227",
            "high": "3.7227",
            "low": "3.7227",
            "close": "3.7258"
        },
        {
            "time": "04.06.2021 18:01",
            "open": "3.7258",
            "high": "3.7258",
            "low": "3.7258",
            "close": "3.7389"
        },
        {
            "time": "04.06.2021 18:20",
            "open": "3.7389",
            "high": "3.7389",
            "low": "3.7371",
            "close": "3.7473"
        },
        {
            "time": "04.06.2021 18:33",
            "open": "3.7473",
            "high": "3.7473",
            "low": "3.7408",
            "close": "3.7422"
        },
        {
            "time": "04.06.2021 18:34",
            "open": "3.7422",
            "high": "3.7422",
            "low": "3.7422",
            "close": "3.745"
        },
        {
            "time": "04.06.2021 18:37",
            "open": "3.745",
            "high": "3.7457",
            "low": "3.745",
            "close": "3.7407"
        },
        {
            "time": "04.06.2021 19:04",
            "open": "3.7407",
            "high": "3.7407",
            "low": "3.7407",
            "close": "3.7362"
        },
        {
            "time": "04.06.2021 19:05",
            "open": "3.7362",
            "high": "3.7362",
            "low": "3.7362",
            "close": "3.7382"
        },
        {
            "time": "04.06.2021 19:06",
            "open": "3.7382",
            "high": "3.7382",
            "low": "3.7382",
            "close": "3.7405"
        },
        {
            "time": "04.06.2021 19:16",
            "open": "3.7405",
            "high": "3.7405",
            "low": "3.7405",
            "close": "3.7793"
        },
        {
            "time": "04.06.2021 19:33",
            "open": "3.7793",
            "high": "3.7801",
            "low": "3.7793",
            "close": "3.7827"
        },
        {
            "time": "04.06.2021 19:40",
            "open": "3.7827",
            "high": "3.7827",
            "low": "3.7827",
            "close": "3.7827"
        },
        {
            "time": "04.06.2021 19:41",
            "open": "3.7827",
            "high": "3.7833",
            "low": "3.7827",
            "close": "3.7803"
        },
        {
            "time": "04.06.2021 19:43",
            "open": "3.7803",
            "high": "3.7803",
            "low": "3.7803",
            "close": "3.7788"
        },
        {
            "time": "04.06.2021 19:57",
            "open": "3.7788",
            "high": "3.7788",
            "low": "3.7788",
            "close": "3.7824"
        },
        {
            "time": "04.06.2021 20:05",
            "open": "3.7824",
            "high": "3.7824",
            "low": "3.7824",
            "close": "3.7738"
        },
        {
            "time": "04.06.2021 20:11",
            "open": "3.7738",
            "high": "3.7738",
            "low": "3.7738",
            "close": "3.7856"
        },
        {
            "time": "04.06.2021 21:26",
            "open": "3.7856",
            "high": "3.7856",
            "low": "3.7856",
            "close": "3.753"
        },
        {
            "time": "04.06.2021 21:52",
            "open": "3.753",
            "high": "3.753",
            "low": "3.753",
            "close": "3.7527"
        },
        {
            "time": "04.06.2021 22:01",
            "open": "3.7527",
            "high": "3.7627",
            "low": "3.7527",
            "close": "3.7584"
        },
        {
            "time": "04.06.2021 22:07",
            "open": "3.7584",
            "high": "3.7584",
            "low": "3.7584",
            "close": "3.7612"
        },
        {
            "time": "04.06.2021 22:43",
            "open": "3.7612",
            "high": "3.7612",
            "low": "3.7612",
            "close": "3.7943"
        },
        {
            "time": "04.06.2021 23:04",
            "open": "3.7943",
            "high": "3.8112",
            "low": "3.7943",
            "close": "3.8068"
        },
        {
            "time": "04.06.2021 23:05",
            "open": "3.8068",
            "high": "3.8068",
            "low": "3.8",
            "close": "3.8006"
        },
        {
            "time": "04.06.2021 23:11",
            "open": "3.8006",
            "high": "3.8006",
            "low": "3.8006",
            "close": "3.8029"
        },
        {
            "time": "04.06.2021 23:16",
            "open": "3.8029",
            "high": "3.8029",
            "low": "3.8029",
            "close": "3.8097"
        },
        {
            "time": "04.06.2021 23:19",
            "open": "3.8097",
            "high": "3.8097",
            "low": "3.8097",
            "close": "3.8099"
        },
        {
            "time": "04.06.2021 23:27",
            "open": "3.8099",
            "high": "3.8099",
            "low": "3.8099",
            "close": "3.8095"
        },
        {
            "time": "04.06.2021 23:31",
            "open": "3.8095",
            "high": "3.8095",
            "low": "3.8095",
            "close": "3.8025"
        },
        {
            "time": "04.06.2021 23:40",
            "open": "3.8025",
            "high": "3.8025",
            "low": "3.8024",
            "close": "3.8083"
        },
        {
            "time": "04.06.2021 23:46",
            "open": "3.8083",
            "high": "3.8083",
            "low": "3.8083",
            "close": "3.8076"
        }
    ]
}