{
    "BNT-EUR": [
        {
            "time": "31.12.2020 23:46",
            "open": "1.037",
            "high": "1.037",
            "low": "1.037",
            "close": "1.0386"
        },
        {
            "time": "01.01.2021 00:01",
            "open": "1.0386",
            "high": "1.0386",
            "low": "1.0386",
            "close": "1.0356"
        },
        {
            "time": "01.01.2021 00:10",
            "open": "1.0356",
            "high": "1.0356",
            "low": "1.0356",
            "close": "1.0395"
        },
        {
            "time": "01.01.2021 00:15",
            "open": "1.0395",
            "high": "1.0395",
            "low": "1.0395",
            "close": "1.0395"
        },
        {
            "time": "01.01.2021 00:16",
            "open": "1.0395",
            "high": "1.0395",
            "low": "1.0395",
            "close": "1.0358"
        },
        {
            "time": "01.01.2021 00:23",
            "open": "1.0358",
            "high": "1.0358",
            "low": "1.0358",
            "close": "1.037"
        },
        {
            "time": "01.01.2021 00:38",
            "open": "1.037",
            "high": "1.037",
            "low": "1.034",
            "close": "1.0341"
        },
        {
            "time": "01.01.2021 00:40",
            "open": "1.0341",
            "high": "1.0341",
            "low": "1.0341",
            "close": "1.034"
        },
        {
            "time": "01.01.2021 00:47",
            "open": "1.034",
            "high": "1.034",
            "low": "1.0312",
            "close": "1.0334"
        },
        {
            "time": "01.01.2021 00:48",
            "open": "1.0334",
            "high": "1.0335",
            "low": "1.0334",
            "close": "1.0345"
        },
        {
            "time": "01.01.2021 00:51",
            "open": "1.0345",
            "high": "1.0345",
            "low": "1.0345",
            "close": "1.0346"
        },
        {
            "time": "01.01.2021 00:53",
            "open": "1.0346",
            "high": "1.0346",
            "low": "1.0346",
            "close": "1.0343"
        },
        {
            "time": "01.01.2021 00:59",
            "open": "1.0343",
            "high": "1.0343",
            "low": "1.0343",
            "close": "1.031"
        },
        {
            "time": "01.01.2021 01:14",
            "open": "1.031",
            "high": "1.031",
            "low": "1.031",
            "close": "1.0275"
        },
        {
            "time": "01.01.2021 01:18",
            "open": "1.0275",
            "high": "1.0275",
            "low": "1.0275",
            "close": "1.0276"
        },
        {
            "time": "01.01.2021 01:24",
            "open": "1.0276",
            "high": "1.0276",
            "low": "1.0276",
            "close": "1.0265"
        },
        {
            "time": "01.01.2021 01:29",
            "open": "1.0265",
            "high": "1.0265",
            "low": "1.0265",
            "close": "1.0284"
        },
        {
            "time": "01.01.2021 01:31",
            "open": "1.0284",
            "high": "1.0284",
            "low": "1.0284",
            "close": "1.0302"
        },
        {
            "time": "01.01.2021 01:42",
            "open": "1.0302",
            "high": "1.0302",
            "low": "1.0302",
            "close": "1.0329"
        },
        {
            "time": "01.01.2021 01:44",
            "open": "1.0329",
            "high": "1.0329",
            "low": "1.0329",
            "close": "1.0367"
        },
        {
            "time": "01.01.2021 01:50",
            "open": "1.0367",
            "high": "1.0367",
            "low": "1.0367",
            "close": "1.0382"
        },
        {
            "time": "01.01.2021 02:01",
            "open": "1.0382",
            "high": "1.0382",
            "low": "1.0382",
            "close": "1.0493"
        },
        {
            "time": "01.01.2021 02:17",
            "open": "1.0493",
            "high": "1.0493",
            "low": "1.0493",
            "close": "1.0525"
        },
        {
            "time": "01.01.2021 03:02",
            "open": "1.0525",
            "high": "1.0525",
            "low": "1.0525",
            "close": "1.0521"
        },
        {
            "time": "01.01.2021 03:06",
            "open": "1.0521",
            "high": "1.0531",
            "low": "1.0521",
            "close": "1.0519"
        },
        {
            "time": "01.01.2021 03:11",
            "open": "1.0519",
            "high": "1.0519",
            "low": "1.0519",
            "close": "1.0522"
        },
        {
            "time": "01.01.2021 03:18",
            "open": "1.0522",
            "high": "1.0522",
            "low": "1.0497",
            "close": "1.0544"
        },
        {
            "time": "01.01.2021 03:19",
            "open": "1.0544",
            "high": "1.0544",
            "low": "1.0544",
            "close": "1.0516"
        },
        {
            "time": "01.01.2021 03:34",
            "open": "1.0516",
            "high": "1.0516",
            "low": "1.0516",
            "close": "1.057"
        },
        {
            "time": "01.01.2021 04:11",
            "open": "1.057",
            "high": "1.057",
            "low": "1.057",
            "close": "1.0548"
        },
        {
            "time": "01.01.2021 04:12",
            "open": "1.0548",
            "high": "1.0548",
            "low": "1.0548",
            "close": "1.0607"
        },
        {
            "time": "01.01.2021 04:39",
            "open": "1.0607",
            "high": "1.0607",
            "low": "1.0607",
            "close": "1.061"
        },
        {
            "time": "01.01.2021 04:47",
            "open": "1.061",
            "high": "1.061",
            "low": "1.061",
            "close": "1.0651"
        },
        {
            "time": "01.01.2021 04:54",
            "open": "1.0651",
            "high": "1.0743",
            "low": "1.0651",
            "close": "1.0714"
        },
        {
            "time": "01.01.2021 04:55",
            "open": "1.0714",
            "high": "1.0714",
            "low": "1.0714",
            "close": "1.0692"
        },
        {
            "time": "01.01.2021 04:56",
            "open": "1.0692",
            "high": "1.0692",
            "low": "1.0692",
            "close": "1.0709"
        },
        {
            "time": "01.01.2021 04:57",
            "open": "1.0709",
            "high": "1.0738",
            "low": "1.0709",
            "close": "1.0716"
        },
        {
            "time": "01.01.2021 04:58",
            "open": "1.0716",
            "high": "1.0716",
            "low": "1.0716",
            "close": "1.0691"
        },
        {
            "time": "01.01.2021 05:03",
            "open": "1.0691",
            "high": "1.0691",
            "low": "1.069",
            "close": "1.0726"
        },
        {
            "time": "01.01.2021 05:04",
            "open": "1.0726",
            "high": "1.074",
            "low": "1.0726",
            "close": "1.0722"
        },
        {
            "time": "01.01.2021 05:07",
            "open": "1.0722",
            "high": "1.0722",
            "low": "1.0722",
            "close": "1.0721"
        },
        {
            "time": "01.01.2021 05:08",
            "open": "1.0721",
            "high": "1.0721",
            "low": "1.0721",
            "close": "1.0716"
        },
        {
            "time": "01.01.2021 05:10",
            "open": "1.0716",
            "high": "1.0716",
            "low": "1.0716",
            "close": "1.0694"
        },
        {
            "time": "01.01.2021 05:11",
            "open": "1.0694",
            "high": "1.0694",
            "low": "1.0694",
            "close": "1.0691"
        },
        {
            "time": "01.01.2021 05:14",
            "open": "1.0691",
            "high": "1.0691",
            "low": "1.0691",
            "close": "1.0687"
        },
        {
            "time": "01.01.2021 05:15",
            "open": "1.0687",
            "high": "1.0687",
            "low": "1.0687",
            "close": "1.0691"
        },
        {
            "time": "01.01.2021 05:16",
            "open": "1.0691",
            "high": "1.0691",
            "low": "1.0691",
            "close": "1.0709"
        },
        {
            "time": "01.01.2021 05:17",
            "open": "1.0709",
            "high": "1.0709",
            "low": "1.0709",
            "close": "1.0731"
        },
        {
            "time": "01.01.2021 05:18",
            "open": "1.0731",
            "high": "1.0731",
            "low": "1.0731",
            "close": "1.069"
        },
        {
            "time": "01.01.2021 05:24",
            "open": "1.069",
            "high": "1.069",
            "low": "1.069",
            "close": "1.0725"
        },
        {
            "time": "01.01.2021 05:28",
            "open": "1.0725",
            "high": "1.0725",
            "low": "1.0725",
            "close": "1.0718"
        },
        {
            "time": "01.01.2021 05:29",
            "open": "1.0718",
            "high": "1.0718",
            "low": "1.0687",
            "close": "1.0682"
        },
        {
            "time": "01.01.2021 05:32",
            "open": "1.0682",
            "high": "1.0683",
            "low": "1.0682",
            "close": "1.0676"
        },
        {
            "time": "01.01.2021 05:33",
            "open": "1.0676",
            "high": "1.0676",
            "low": "1.0676",
            "close": "1.0647"
        },
        {
            "time": "01.01.2021 05:36",
            "open": "1.0647",
            "high": "1.0648",
            "low": "1.0647",
            "close": "1.0641"
        },
        {
            "time": "01.01.2021 05:37",
            "open": "1.0641",
            "high": "1.0641",
            "low": "1.0628",
            "close": "1.0594"
        },
        {
            "time": "01.01.2021 05:39",
            "open": "1.0594",
            "high": "1.0594",
            "low": "1.0577",
            "close": "1.0577"
        },
        {
            "time": "01.01.2021 05:40",
            "open": "1.0577",
            "high": "1.0577",
            "low": "1.0577",
            "close": "1.058"
        },
        {
            "time": "01.01.2021 05:44",
            "open": "1.058",
            "high": "1.058",
            "low": "1.058",
            "close": "1.0596"
        },
        {
            "time": "01.01.2021 05:48",
            "open": "1.0596",
            "high": "1.0596",
            "low": "1.0596",
            "close": "1.0604"
        },
        {
            "time": "01.01.2021 05:56",
            "open": "1.0604",
            "high": "1.0604",
            "low": "1.0604",
            "close": "1.059"
        },
        {
            "time": "01.01.2021 06:11",
            "open": "1.059",
            "high": "1.059",
            "low": "1.059",
            "close": "1.0591"
        },
        {
            "time": "01.01.2021 06:18",
            "open": "1.0591",
            "high": "1.0591",
            "low": "1.0591",
            "close": "1.0568"
        },
        {
            "time": "01.01.2021 06:33",
            "open": "1.0568",
            "high": "1.0568",
            "low": "1.052",
            "close": "1.0538"
        },
        {
            "time": "01.01.2021 06:34",
            "open": "1.0538",
            "high": "1.0665",
            "low": "1.0538",
            "close": "1.0575"
        },
        {
            "time": "01.01.2021 06:35",
            "open": "1.0575",
            "high": "1.0575",
            "low": "1.0548",
            "close": "1.0528"
        },
        {
            "time": "01.01.2021 06:36",
            "open": "1.0528",
            "high": "1.0532",
            "low": "1.0528",
            "close": "1.0545"
        },
        {
            "time": "01.01.2021 06:42",
            "open": "1.0545",
            "high": "1.0545",
            "low": "1.0534",
            "close": "1.0539"
        },
        {
            "time": "01.01.2021 06:57",
            "open": "1.0539",
            "high": "1.0539",
            "low": "1.0539",
            "close": "1.0539"
        },
        {
            "time": "01.01.2021 07:11",
            "open": "1.0539",
            "high": "1.0539",
            "low": "1.0539",
            "close": "1.053"
        },
        {
            "time": "01.01.2021 07:45",
            "open": "1.053",
            "high": "1.0547",
            "low": "1.053",
            "close": "1.0539"
        },
        {
            "time": "01.01.2021 07:49",
            "open": "1.0539",
            "high": "1.0547",
            "low": "1.0539",
            "close": "1.0588"
        },
        {
            "time": "01.01.2021 07:57",
            "open": "1.0588",
            "high": "1.0588",
            "low": "1.0588",
            "close": "1.0592"
        },
        {
            "time": "01.01.2021 08:10",
            "open": "1.0592",
            "high": "1.0592",
            "low": "1.0518",
            "close": "1.0554"
        },
        {
            "time": "01.01.2021 08:11",
            "open": "1.0554",
            "high": "1.0555",
            "low": "1.0535",
            "close": "1.0535"
        },
        {
            "time": "01.01.2021 08:12",
            "open": "1.0535",
            "high": "1.0535",
            "low": "1.0535",
            "close": "1.0539"
        },
        {
            "time": "01.01.2021 08:13",
            "open": "1.054",
            "high": "1.054",
            "low": "1.054",
            "close": "1.054"
        },
        {
            "time": "01.01.2021 08:36",
            "open": "1.054",
            "high": "1.054",
            "low": "1.054",
            "close": "1.0492"
        },
        {
            "time": "01.01.2021 09:20",
            "open": "1.0492",
            "high": "1.0492",
            "low": "1.0492",
            "close": "1.0504"
        },
        {
            "time": "01.01.2021 09:21",
            "open": "1.0504",
            "high": "1.0504",
            "low": "1.0504",
            "close": "1.0492"
        },
        {
            "time": "01.01.2021 09:22",
            "open": "1.0492",
            "high": "1.0492",
            "low": "1.0492",
            "close": "1.0473"
        },
        {
            "time": "01.01.2021 09:43",
            "open": "1.0473",
            "high": "1.0473",
            "low": "1.0473",
            "close": "1.0458"
        },
        {
            "time": "01.01.2021 09:44",
            "open": "1.0458",
            "high": "1.0458",
            "low": "1.0458",
            "close": "1.0451"
        },
        {
            "time": "01.01.2021 09:50",
            "open": "1.0451",
            "high": "1.0478",
            "low": "1.0451",
            "close": "1.0542"
        },
        {
            "time": "01.01.2021 10:38",
            "open": "1.0542",
            "high": "1.0542",
            "low": "1.0493",
            "close": "1.0516"
        },
        {
            "time": "01.01.2021 10:40",
            "open": "1.0516",
            "high": "1.0518",
            "low": "1.0516",
            "close": "1.0505"
        },
        {
            "time": "01.01.2021 10:54",
            "open": "1.0505",
            "high": "1.0505",
            "low": "1.0491",
            "close": "1.0592"
        },
        {
            "time": "01.01.2021 11:09",
            "open": "1.0592",
            "high": "1.0592",
            "low": "1.0592",
            "close": "1.0592"
        },
        {
            "time": "01.01.2021 11:35",
            "open": "1.0592",
            "high": "1.0592",
            "low": "1.0592",
            "close": "1.0592"
        },
        {
            "time": "01.01.2021 11:36",
            "open": "1.0592",
            "high": "1.0605",
            "low": "1.0592",
            "close": "1.0605"
        },
        {
            "time": "01.01.2021 11:37",
            "open": "1.0605",
            "high": "1.0605",
            "low": "1.0605",
            "close": "1.0605"
        },
        {
            "time": "01.01.2021 11:38",
            "open": "1.0605",
            "high": "1.0605",
            "low": "1.0605",
            "close": "1.0606"
        },
        {
            "time": "01.01.2021 11:40",
            "open": "1.0606",
            "high": "1.0611",
            "low": "1.0606",
            "close": "1.0637"
        },
        {
            "time": "01.01.2021 11:41",
            "open": "1.0637",
            "high": "1.0637",
            "low": "1.0637",
            "close": "1.0636"
        },
        {
            "time": "01.01.2021 11:57",
            "open": "1.0636",
            "high": "1.0636",
            "low": "1.0636",
            "close": "1.0612"
        },
        {
            "time": "01.01.2021 11:58",
            "open": "1.0612",
            "high": "1.0612",
            "low": "1.0612",
            "close": "1.0608"
        },
        {
            "time": "01.01.2021 11:59",
            "open": "1.0608",
            "high": "1.0608",
            "low": "1.0608",
            "close": "1.0606"
        },
        {
            "time": "01.01.2021 12:06",
            "open": "1.0606",
            "high": "1.0606",
            "low": "1.0606",
            "close": "1.0605"
        },
        {
            "time": "01.01.2021 12:07",
            "open": "1.0605",
            "high": "1.0605",
            "low": "1.0586",
            "close": "1.0589"
        },
        {
            "time": "01.01.2021 12:10",
            "open": "1.0589",
            "high": "1.0591",
            "low": "1.0589",
            "close": "1.059"
        },
        {
            "time": "01.01.2021 12:14",
            "open": "1.059",
            "high": "1.059",
            "low": "1.059",
            "close": "1.0648"
        },
        {
            "time": "01.01.2021 12:28",
            "open": "1.0648",
            "high": "1.0648",
            "low": "1.0648",
            "close": "1.0671"
        },
        {
            "time": "01.01.2021 12:35",
            "open": "1.0671",
            "high": "1.0671",
            "low": "1.0671",
            "close": "1.0671"
        },
        {
            "time": "01.01.2021 12:43",
            "open": "1.0671",
            "high": "1.0671",
            "low": "1.0671",
            "close": "1.0661"
        },
        {
            "time": "01.01.2021 12:44",
            "open": "1.0661",
            "high": "1.0661",
            "low": "1.0661",
            "close": "1.0653"
        },
        {
            "time": "01.01.2021 12:46",
            "open": "1.0653",
            "high": "1.0654",
            "low": "1.065",
            "close": "1.0612"
        },
        {
            "time": "01.01.2021 12:48",
            "open": "1.0612",
            "high": "1.0612",
            "low": "1.0597",
            "close": "1.0634"
        },
        {
            "time": "01.01.2021 12:51",
            "open": "1.0634",
            "high": "1.0634",
            "low": "1.0634",
            "close": "1.0593"
        },
        {
            "time": "01.01.2021 12:54",
            "open": "1.0593",
            "high": "1.0593",
            "low": "1.0592",
            "close": "1.0572"
        },
        {
            "time": "01.01.2021 13:00",
            "open": "1.0572",
            "high": "1.0602",
            "low": "1.0572",
            "close": "1.059"
        },
        {
            "time": "01.01.2021 13:01",
            "open": "1.059",
            "high": "1.059",
            "low": "1.059",
            "close": "1.0639"
        },
        {
            "time": "01.01.2021 13:05",
            "open": "1.0639",
            "high": "1.0639",
            "low": "1.0639",
            "close": "1.0675"
        },
        {
            "time": "01.01.2021 13:10",
            "open": "1.0675",
            "high": "1.08",
            "low": "1.0675",
            "close": "1.076"
        },
        {
            "time": "01.01.2021 13:11",
            "open": "1.076",
            "high": "1.076",
            "low": "1.076",
            "close": "1.0748"
        },
        {
            "time": "01.01.2021 13:12",
            "open": "1.0749",
            "high": "1.0749",
            "low": "1.0749",
            "close": "1.067"
        },
        {
            "time": "01.01.2021 13:13",
            "open": "1.067",
            "high": "1.0718",
            "low": "1.067",
            "close": "1.0786"
        },
        {
            "time": "01.01.2021 13:14",
            "open": "1.0786",
            "high": "1.0786",
            "low": "1.0746",
            "close": "1.0718"
        },
        {
            "time": "01.01.2021 13:15",
            "open": "1.0718",
            "high": "1.0736",
            "low": "1.0713",
            "close": "1.0692"
        },
        {
            "time": "01.01.2021 13:17",
            "open": "1.0692",
            "high": "1.0692",
            "low": "1.0692",
            "close": "1.071"
        },
        {
            "time": "01.01.2021 13:18",
            "open": "1.071",
            "high": "1.0764",
            "low": "1.071",
            "close": "1.0756"
        },
        {
            "time": "01.01.2021 13:19",
            "open": "1.0756",
            "high": "1.0764",
            "low": "1.0756",
            "close": "1.0784"
        },
        {
            "time": "01.01.2021 13:21",
            "open": "1.0784",
            "high": "1.0784",
            "low": "1.0783",
            "close": "1.0772"
        },
        {
            "time": "01.01.2021 13:23",
            "open": "1.0772",
            "high": "1.0772",
            "low": "1.0772",
            "close": "1.0767"
        },
        {
            "time": "01.01.2021 13:24",
            "open": "1.0767",
            "high": "1.0767",
            "low": "1.0766",
            "close": "1.0756"
        },
        {
            "time": "01.01.2021 13:25",
            "open": "1.0756",
            "high": "1.0756",
            "low": "1.0756",
            "close": "1.0756"
        },
        {
            "time": "01.01.2021 13:27",
            "open": "1.0756",
            "high": "1.0767",
            "low": "1.0756",
            "close": "1.0759"
        },
        {
            "time": "01.01.2021 13:29",
            "open": "1.0759",
            "high": "1.0761",
            "low": "1.0759",
            "close": "1.0777"
        },
        {
            "time": "01.01.2021 13:32",
            "open": "1.0777",
            "high": "1.0777",
            "low": "1.0777",
            "close": "1.077"
        },
        {
            "time": "01.01.2021 13:33",
            "open": "1.077",
            "high": "1.0775",
            "low": "1.077",
            "close": "1.0771"
        },
        {
            "time": "01.01.2021 13:35",
            "open": "1.0771",
            "high": "1.0771",
            "low": "1.077",
            "close": "1.0715"
        },
        {
            "time": "01.01.2021 13:37",
            "open": "1.0715",
            "high": "1.0715",
            "low": "1.0712",
            "close": "1.0601"
        },
        {
            "time": "01.01.2021 13:52",
            "open": "1.0601",
            "high": "1.0601",
            "low": "1.059",
            "close": "1.0572"
        },
        {
            "time": "01.01.2021 13:56",
            "open": "1.0572",
            "high": "1.0572",
            "low": "1.0572",
            "close": "1.0601"
        },
        {
            "time": "01.01.2021 14:02",
            "open": "1.0601",
            "high": "1.0601",
            "low": "1.0601",
            "close": "1.06"
        },
        {
            "time": "01.01.2021 14:03",
            "open": "1.06",
            "high": "1.06",
            "low": "1.06",
            "close": "1.0601"
        },
        {
            "time": "01.01.2021 14:04",
            "open": "1.0601",
            "high": "1.0601",
            "low": "1.06",
            "close": "1.0601"
        },
        {
            "time": "01.01.2021 14:05",
            "open": "1.0601",
            "high": "1.0601",
            "low": "1.0597",
            "close": "1.06"
        },
        {
            "time": "01.01.2021 14:07",
            "open": "1.06",
            "high": "1.06",
            "low": "1.06",
            "close": "1.0611"
        },
        {
            "time": "01.01.2021 14:08",
            "open": "1.0611",
            "high": "1.0611",
            "low": "1.0611",
            "close": "1.0652"
        },
        {
            "time": "01.01.2021 14:14",
            "open": "1.0652",
            "high": "1.0652",
            "low": "1.0652",
            "close": "1.0645"
        },
        {
            "time": "01.01.2021 14:19",
            "open": "1.0645",
            "high": "1.0645",
            "low": "1.0645",
            "close": "1.0672"
        },
        {
            "time": "01.01.2021 14:25",
            "open": "1.0672",
            "high": "1.0672",
            "low": "1.0672",
            "close": "1.0703"
        },
        {
            "time": "01.01.2021 14:27",
            "open": "1.0703",
            "high": "1.0703",
            "low": "1.0703",
            "close": "1.0706"
        },
        {
            "time": "01.01.2021 14:31",
            "open": "1.0706",
            "high": "1.0706",
            "low": "1.0706",
            "close": "1.0686"
        },
        {
            "time": "01.01.2021 14:33",
            "open": "1.0686",
            "high": "1.0686",
            "low": "1.0686",
            "close": "1.0731"
        },
        {
            "time": "01.01.2021 14:37",
            "open": "1.0731",
            "high": "1.0731",
            "low": "1.0731",
            "close": "1.0728"
        },
        {
            "time": "01.01.2021 14:38",
            "open": "1.0728",
            "high": "1.0728",
            "low": "1.0728",
            "close": "1.0723"
        },
        {
            "time": "01.01.2021 14:49",
            "open": "1.0723",
            "high": "1.0724",
            "low": "1.0723",
            "close": "1.0707"
        },
        {
            "time": "01.01.2021 14:50",
            "open": "1.0707",
            "high": "1.0707",
            "low": "1.0707",
            "close": "1.0707"
        },
        {
            "time": "01.01.2021 14:51",
            "open": "1.0707",
            "high": "1.0707",
            "low": "1.0707",
            "close": "1.0719"
        },
        {
            "time": "01.01.2021 14:52",
            "open": "1.0719",
            "high": "1.0719",
            "low": "1.0719",
            "close": "1.0756"
        },
        {
            "time": "01.01.2021 14:56",
            "open": "1.0756",
            "high": "1.0756",
            "low": "1.0756",
            "close": "1.0781"
        },
        {
            "time": "01.01.2021 14:57",
            "open": "1.0781",
            "high": "1.0783",
            "low": "1.0781",
            "close": "1.0792"
        },
        {
            "time": "01.01.2021 15:00",
            "open": "1.0792",
            "high": "1.0792",
            "low": "1.0792",
            "close": "1.0757"
        },
        {
            "time": "01.01.2021 15:02",
            "open": "1.0757",
            "high": "1.0757",
            "low": "1.0757",
            "close": "1.0797"
        },
        {
            "time": "01.01.2021 15:16",
            "open": "1.0797",
            "high": "1.08",
            "low": "1.0797",
            "close": "1.087"
        },
        {
            "time": "01.01.2021 15:19",
            "open": "1.087",
            "high": "1.0885",
            "low": "1.087",
            "close": "1.0859"
        },
        {
            "time": "01.01.2021 15:20",
            "open": "1.0859",
            "high": "1.0859",
            "low": "1.0852",
            "close": "1.0849"
        },
        {
            "time": "01.01.2021 15:21",
            "open": "1.0849",
            "high": "1.0849",
            "low": "1.0849",
            "close": "1.0781"
        },
        {
            "time": "01.01.2021 15:22",
            "open": "1.0781",
            "high": "1.0781",
            "low": "1.0781",
            "close": "1.0769"
        },
        {
            "time": "01.01.2021 15:23",
            "open": "1.0769",
            "high": "1.0769",
            "low": "1.0769",
            "close": "1.0792"
        },
        {
            "time": "01.01.2021 15:24",
            "open": "1.0792",
            "high": "1.0792",
            "low": "1.0792",
            "close": "1.0789"
        },
        {
            "time": "01.01.2021 15:25",
            "open": "1.0789",
            "high": "1.0813",
            "low": "1.0788",
            "close": "1.0744"
        },
        {
            "time": "01.01.2021 15:27",
            "open": "1.0744",
            "high": "1.0744",
            "low": "1.0744",
            "close": "1.0744"
        },
        {
            "time": "01.01.2021 15:28",
            "open": "1.0744",
            "high": "1.0744",
            "low": "1.0744",
            "close": "1.0727"
        },
        {
            "time": "01.01.2021 15:38",
            "open": "1.0727",
            "high": "1.0796",
            "low": "1.0727",
            "close": "1.0808"
        },
        {
            "time": "01.01.2021 15:40",
            "open": "1.0808",
            "high": "1.0809",
            "low": "1.0808",
            "close": "1.0792"
        },
        {
            "time": "01.01.2021 15:45",
            "open": "1.0792",
            "high": "1.0792",
            "low": "1.0792",
            "close": "1.0792"
        },
        {
            "time": "01.01.2021 15:51",
            "open": "1.0792",
            "high": "1.0792",
            "low": "1.0792",
            "close": "1.0795"
        },
        {
            "time": "01.01.2021 15:54",
            "open": "1.0795",
            "high": "1.0881",
            "low": "1.0795",
            "close": "1.0839"
        },
        {
            "time": "01.01.2021 15:55",
            "open": "1.0839",
            "high": "1.0839",
            "low": "1.0838",
            "close": "1.0767"
        },
        {
            "time": "01.01.2021 15:57",
            "open": "1.0767",
            "high": "1.0791",
            "low": "1.0756",
            "close": "1.0761"
        },
        {
            "time": "01.01.2021 15:59",
            "open": "1.0761",
            "high": "1.0761",
            "low": "1.074",
            "close": "1.075"
        },
        {
            "time": "01.01.2021 16:00",
            "open": "1.075",
            "high": "1.0764",
            "low": "1.075",
            "close": "1.0772"
        },
        {
            "time": "01.01.2021 16:02",
            "open": "1.0772",
            "high": "1.0772",
            "low": "1.0764",
            "close": "1.0782"
        },
        {
            "time": "01.01.2021 16:03",
            "open": "1.0782",
            "high": "1.0783",
            "low": "1.0782",
            "close": "1.0804"
        },
        {
            "time": "01.01.2021 16:04",
            "open": "1.0804",
            "high": "1.0815",
            "low": "1.0804",
            "close": "1.0795"
        },
        {
            "time": "01.01.2021 16:05",
            "open": "1.0795",
            "high": "1.0795",
            "low": "1.0782",
            "close": "1.0723"
        },
        {
            "time": "01.01.2021 16:09",
            "open": "1.0723",
            "high": "1.0723",
            "low": "1.0693",
            "close": "1.0695"
        },
        {
            "time": "01.01.2021 16:10",
            "open": "1.0695",
            "high": "1.0695",
            "low": "1.0672",
            "close": "1.0681"
        },
        {
            "time": "01.01.2021 16:11",
            "open": "1.0681",
            "high": "1.0712",
            "low": "1.0681",
            "close": "1.0726"
        },
        {
            "time": "01.01.2021 16:16",
            "open": "1.0726",
            "high": "1.0726",
            "low": "1.0726",
            "close": "1.0706"
        },
        {
            "time": "01.01.2021 16:19",
            "open": "1.0706",
            "high": "1.0706",
            "low": "1.0702",
            "close": "1.0673"
        },
        {
            "time": "01.01.2021 16:21",
            "open": "1.0673",
            "high": "1.0675",
            "low": "1.0673",
            "close": "1.0658"
        },
        {
            "time": "01.01.2021 16:22",
            "open": "1.0658",
            "high": "1.0658",
            "low": "1.0646",
            "close": "1.0655"
        },
        {
            "time": "01.01.2021 16:26",
            "open": "1.0655",
            "high": "1.0655",
            "low": "1.0655",
            "close": "1.0658"
        },
        {
            "time": "01.01.2021 16:32",
            "open": "1.0658",
            "high": "1.0683",
            "low": "1.0658",
            "close": "1.0682"
        },
        {
            "time": "01.01.2021 16:34",
            "open": "1.0682",
            "high": "1.0683",
            "low": "1.0682",
            "close": "1.0683"
        },
        {
            "time": "01.01.2021 16:35",
            "open": "1.0683",
            "high": "1.0734",
            "low": "1.0683",
            "close": "1.0703"
        },
        {
            "time": "01.01.2021 16:39",
            "open": "1.0703",
            "high": "1.0703",
            "low": "1.0665",
            "close": "1.0719"
        },
        {
            "time": "01.01.2021 16:40",
            "open": "1.0719",
            "high": "1.0719",
            "low": "1.0719",
            "close": "1.0661"
        },
        {
            "time": "01.01.2021 16:41",
            "open": "1.0661",
            "high": "1.0661",
            "low": "1.0649",
            "close": "1.0664"
        },
        {
            "time": "01.01.2021 16:45",
            "open": "1.0664",
            "high": "1.0664",
            "low": "1.0664",
            "close": "1.0703"
        },
        {
            "time": "01.01.2021 16:52",
            "open": "1.0703",
            "high": "1.0703",
            "low": "1.0703",
            "close": "1.0663"
        },
        {
            "time": "01.01.2021 16:56",
            "open": "1.0663",
            "high": "1.0663",
            "low": "1.0663",
            "close": "1.0636"
        },
        {
            "time": "01.01.2021 16:58",
            "open": "1.0636",
            "high": "1.0636",
            "low": "1.0633",
            "close": "1.0663"
        },
        {
            "time": "01.01.2021 17:01",
            "open": "1.0663",
            "high": "1.0663",
            "low": "1.0663",
            "close": "1.0625"
        },
        {
            "time": "01.01.2021 17:06",
            "open": "1.0625",
            "high": "1.0625",
            "low": "1.0625",
            "close": "1.0666"
        },
        {
            "time": "01.01.2021 17:09",
            "open": "1.0666",
            "high": "1.0666",
            "low": "1.0666",
            "close": "1.0692"
        },
        {
            "time": "01.01.2021 17:16",
            "open": "1.0692",
            "high": "1.0692",
            "low": "1.0692",
            "close": "1.0702"
        },
        {
            "time": "01.01.2021 17:17",
            "open": "1.0702",
            "high": "1.0702",
            "low": "1.0702",
            "close": "1.0694"
        },
        {
            "time": "01.01.2021 17:20",
            "open": "1.0694",
            "high": "1.07",
            "low": "1.0694",
            "close": "1.072"
        },
        {
            "time": "01.01.2021 17:30",
            "open": "1.072",
            "high": "1.072",
            "low": "1.072",
            "close": "1.0704"
        },
        {
            "time": "01.01.2021 17:33",
            "open": "1.0704",
            "high": "1.0704",
            "low": "1.0685",
            "close": "1.0661"
        },
        {
            "time": "01.01.2021 17:34",
            "open": "1.0661",
            "high": "1.0663",
            "low": "1.0654",
            "close": "1.0644"
        },
        {
            "time": "01.01.2021 17:36",
            "open": "1.0644",
            "high": "1.0644",
            "low": "1.0644",
            "close": "1.0654"
        },
        {
            "time": "01.01.2021 17:38",
            "open": "1.0654",
            "high": "1.0654",
            "low": "1.0654",
            "close": "1.0677"
        },
        {
            "time": "01.01.2021 17:39",
            "open": "1.0677",
            "high": "1.0677",
            "low": "1.0677",
            "close": "1.0679"
        },
        {
            "time": "01.01.2021 17:47",
            "open": "1.0679",
            "high": "1.0679",
            "low": "1.0679",
            "close": "1.0674"
        },
        {
            "time": "01.01.2021 17:48",
            "open": "1.0674",
            "high": "1.0674",
            "low": "1.0638",
            "close": "1.0668"
        },
        {
            "time": "01.01.2021 17:51",
            "open": "1.0668",
            "high": "1.0669",
            "low": "1.0668",
            "close": "1.0683"
        },
        {
            "time": "01.01.2021 17:54",
            "open": "1.0683",
            "high": "1.0683",
            "low": "1.0679",
            "close": "1.0684"
        },
        {
            "time": "01.01.2021 17:57",
            "open": "1.0684",
            "high": "1.0684",
            "low": "1.0684",
            "close": "1.0675"
        },
        {
            "time": "01.01.2021 18:01",
            "open": "1.0675",
            "high": "1.0675",
            "low": "1.0671",
            "close": "1.0684"
        },
        {
            "time": "01.01.2021 18:02",
            "open": "1.0684",
            "high": "1.0684",
            "low": "1.0684",
            "close": "1.0697"
        },
        {
            "time": "01.01.2021 18:10",
            "open": "1.0697",
            "high": "1.0697",
            "low": "1.0697",
            "close": "1.072"
        },
        {
            "time": "01.01.2021 18:16",
            "open": "1.072",
            "high": "1.1782",
            "low": "1.072",
            "close": "1.0781"
        },
        {
            "time": "01.01.2021 18:17",
            "open": "1.0781",
            "high": "1.0781",
            "low": "1.0758",
            "close": "1.0771"
        },
        {
            "time": "01.01.2021 18:18",
            "open": "1.0771",
            "high": "1.0783",
            "low": "1.0771",
            "close": "1.0774"
        },
        {
            "time": "01.01.2021 18:19",
            "open": "1.0774",
            "high": "1.0774",
            "low": "1.0774",
            "close": "1.0771"
        },
        {
            "time": "01.01.2021 18:20",
            "open": "1.0771",
            "high": "1.1828",
            "low": "1.0771",
            "close": "1.0819"
        },
        {
            "time": "01.01.2021 18:21",
            "open": "1.0819",
            "high": "1.084",
            "low": "1.0803",
            "close": "1.0793"
        },
        {
            "time": "01.01.2021 18:23",
            "open": "1.0793",
            "high": "1.155",
            "low": "1.0779",
            "close": "1.0793"
        },
        {
            "time": "01.01.2021 18:24",
            "open": "1.0793",
            "high": "1.0892",
            "low": "1.0781",
            "close": "1.0846"
        },
        {
            "time": "01.01.2021 18:25",
            "open": "1.0846",
            "high": "1.0855",
            "low": "1.0828",
            "close": "1.0809"
        },
        {
            "time": "01.01.2021 18:29",
            "open": "1.0809",
            "high": "1.0809",
            "low": "1.0809",
            "close": "1.0807"
        },
        {
            "time": "01.01.2021 18:30",
            "open": "1.0807",
            "high": "1.0807",
            "low": "1.0807",
            "close": "1.0794"
        },
        {
            "time": "01.01.2021 18:31",
            "open": "1.0794",
            "high": "1.0794",
            "low": "1.079",
            "close": "1.0757"
        },
        {
            "time": "01.01.2021 18:32",
            "open": "1.0757",
            "high": "1.076",
            "low": "1.0757",
            "close": "1.076"
        },
        {
            "time": "01.01.2021 18:33",
            "open": "1.076",
            "high": "1.076",
            "low": "1.0755",
            "close": "1.0756"
        },
        {
            "time": "01.01.2021 18:35",
            "open": "1.0756",
            "high": "1.0758",
            "low": "1.0756",
            "close": "1.0765"
        },
        {
            "time": "01.01.2021 18:36",
            "open": "1.0765",
            "high": "1.0766",
            "low": "1.0765",
            "close": "1.0745"
        },
        {
            "time": "01.01.2021 18:37",
            "open": "1.0745",
            "high": "1.0745",
            "low": "1.0745",
            "close": "1.0763"
        },
        {
            "time": "01.01.2021 18:38",
            "open": "1.0763",
            "high": "1.0763",
            "low": "1.0742",
            "close": "1.0752"
        },
        {
            "time": "01.01.2021 18:39",
            "open": "1.0752",
            "high": "1.0757",
            "low": "1.0752",
            "close": "1.0717"
        },
        {
            "time": "01.01.2021 18:40",
            "open": "1.0717",
            "high": "1.0749",
            "low": "1.0717",
            "close": "1.0732"
        },
        {
            "time": "01.01.2021 18:44",
            "open": "1.0732",
            "high": "1.0732",
            "low": "1.0732",
            "close": "1.072"
        },
        {
            "time": "01.01.2021 18:45",
            "open": "1.072",
            "high": "1.072",
            "low": "1.0677",
            "close": "1.0669"
        },
        {
            "time": "01.01.2021 18:46",
            "open": "1.0669",
            "high": "1.0669",
            "low": "1.0669",
            "close": "1.0667"
        },
        {
            "time": "01.01.2021 18:49",
            "open": "1.0667",
            "high": "1.0667",
            "low": "1.0644",
            "close": "1.0699"
        },
        {
            "time": "01.01.2021 18:55",
            "open": "1.0699",
            "high": "1.07",
            "low": "1.0676",
            "close": "1.0709"
        },
        {
            "time": "01.01.2021 18:59",
            "open": "1.0709",
            "high": "1.0718",
            "low": "1.0709",
            "close": "1.0674"
        },
        {
            "time": "01.01.2021 19:00",
            "open": "1.0674",
            "high": "1.0674",
            "low": "1.0674",
            "close": "1.07"
        },
        {
            "time": "01.01.2021 19:04",
            "open": "1.07",
            "high": "1.0701",
            "low": "1.07",
            "close": "1.0693"
        },
        {
            "time": "01.01.2021 19:07",
            "open": "1.0693",
            "high": "1.0693",
            "low": "1.0693",
            "close": "1.0638"
        },
        {
            "time": "01.01.2021 19:19",
            "open": "1.0638",
            "high": "1.0643",
            "low": "1.0638",
            "close": "1.0644"
        },
        {
            "time": "01.01.2021 19:20",
            "open": "1.0644",
            "high": "1.0644",
            "low": "1.0644",
            "close": "1.0614"
        },
        {
            "time": "01.01.2021 19:24",
            "open": "1.0614",
            "high": "1.0623",
            "low": "1.0614",
            "close": "1.0597"
        },
        {
            "time": "01.01.2021 19:25",
            "open": "1.0597",
            "high": "1.0597",
            "low": "1.0597",
            "close": "1.0604"
        },
        {
            "time": "01.01.2021 19:32",
            "open": "1.0604",
            "high": "1.0604",
            "low": "1.0604",
            "close": "1.054"
        },
        {
            "time": "01.01.2021 19:43",
            "open": "1.054",
            "high": "1.0555",
            "low": "1.054",
            "close": "1.0562"
        },
        {
            "time": "01.01.2021 19:45",
            "open": "1.0562",
            "high": "1.0562",
            "low": "1.0413",
            "close": "1.0458"
        },
        {
            "time": "01.01.2021 19:48",
            "open": "1.0458",
            "high": "1.0458",
            "low": "1.0458",
            "close": "1.0478"
        },
        {
            "time": "01.01.2021 19:49",
            "open": "1.0478",
            "high": "1.0478",
            "low": "1.0478",
            "close": "1.0562"
        },
        {
            "time": "01.01.2021 19:54",
            "open": "1.0562",
            "high": "1.0562",
            "low": "1.0562",
            "close": "1.0562"
        },
        {
            "time": "01.01.2021 20:00",
            "open": "1.0562",
            "high": "1.0562",
            "low": "1.0562",
            "close": "1.0562"
        },
        {
            "time": "01.01.2021 20:03",
            "open": "1.0562",
            "high": "1.0562",
            "low": "1.0562",
            "close": "1.0513"
        },
        {
            "time": "01.01.2021 20:18",
            "open": "1.0513",
            "high": "1.0513",
            "low": "1.0513",
            "close": "1.0532"
        },
        {
            "time": "01.01.2021 20:20",
            "open": "1.0532",
            "high": "1.0532",
            "low": "1.0532",
            "close": "1.0532"
        },
        {
            "time": "01.01.2021 20:21",
            "open": "1.0532",
            "high": "1.0535",
            "low": "1.0532",
            "close": "1.0578"
        },
        {
            "time": "01.01.2021 20:30",
            "open": "1.0578",
            "high": "1.0578",
            "low": "1.0576",
            "close": "1.0547"
        },
        {
            "time": "01.01.2021 20:31",
            "open": "1.0547",
            "high": "1.0547",
            "low": "1.0547",
            "close": "1.0549"
        },
        {
            "time": "01.01.2021 20:33",
            "open": "1.0549",
            "high": "1.0549",
            "low": "1.0549",
            "close": "1.0547"
        },
        {
            "time": "01.01.2021 20:37",
            "open": "1.0547",
            "high": "1.0547",
            "low": "1.0546",
            "close": "1.0535"
        },
        {
            "time": "01.01.2021 20:41",
            "open": "1.0535",
            "high": "1.0535",
            "low": "1.0526",
            "close": "1.0524"
        },
        {
            "time": "01.01.2021 20:42",
            "open": "1.0524",
            "high": "1.0524",
            "low": "1.0524",
            "close": "1.0521"
        },
        {
            "time": "01.01.2021 20:44",
            "open": "1.0521",
            "high": "1.0521",
            "low": "1.051",
            "close": "1.0533"
        },
        {
            "time": "01.01.2021 20:54",
            "open": "1.0533",
            "high": "1.0533",
            "low": "1.0533",
            "close": "1.054"
        },
        {
            "time": "01.01.2021 21:00",
            "open": "1.0539",
            "high": "1.0539",
            "low": "1.0539",
            "close": "1.0587"
        },
        {
            "time": "01.01.2021 21:40",
            "open": "1.0587",
            "high": "1.0587",
            "low": "1.0587",
            "close": "1.0568"
        },
        {
            "time": "01.01.2021 21:41",
            "open": "1.0568",
            "high": "1.0568",
            "low": "1.0556",
            "close": "1.0552"
        },
        {
            "time": "01.01.2021 21:55",
            "open": "1.0552",
            "high": "1.0552",
            "low": "1.0552",
            "close": "1.0583"
        },
        {
            "time": "01.01.2021 21:57",
            "open": "1.0583",
            "high": "1.0587",
            "low": "1.0583",
            "close": "1.0601"
        },
        {
            "time": "01.01.2021 22:39",
            "open": "1.0601",
            "high": "1.0601",
            "low": "1.0601",
            "close": "1.0565"
        },
        {
            "time": "01.01.2021 22:47",
            "open": "1.0565",
            "high": "1.0565",
            "low": "1.0565",
            "close": "1.0568"
        },
        {
            "time": "01.01.2021 22:48",
            "open": "1.0568",
            "high": "1.0568",
            "low": "1.0568",
            "close": "1.0591"
        },
        {
            "time": "01.01.2021 23:16",
            "open": "1.0591",
            "high": "1.0591",
            "low": "1.0586",
            "close": "1.0594"
        },
        {
            "time": "01.01.2021 23:26",
            "open": "1.0594",
            "high": "1.062",
            "low": "1.0594",
            "close": "1.0601"
        },
        {
            "time": "01.01.2021 23:31",
            "open": "1.0601",
            "high": "1.0603",
            "low": "1.0594",
            "close": "1.0578"
        },
        {
            "time": "01.01.2021 23:33",
            "open": "1.0578",
            "high": "1.0578",
            "low": "1.0578",
            "close": "1.0572"
        },
        {
            "time": "01.01.2021 23:37",
            "open": "1.0572",
            "high": "1.0572",
            "low": "1.0572",
            "close": "1.0583"
        },
        {
            "time": "01.01.2021 23:42",
            "open": "1.0583",
            "high": "1.0585",
            "low": "1.0583",
            "close": "1.0576"
        },
        {
            "time": "01.01.2021 23:45",
            "open": "1.0576",
            "high": "1.0576",
            "low": "1.0576",
            "close": "1.0585"
        },
        {
            "time": "01.01.2021 23:47",
            "open": "1.0585",
            "high": "1.0585",
            "low": "1.0585",
            "close": "1.0585"
        },
        {
            "time": "01.01.2021 23:48",
            "open": "1.0585",
            "high": "1.0585",
            "low": "1.0585",
            "close": "1.0555"
        },
        {
            "time": "01.01.2021 23:49",
            "open": "1.0555",
            "high": "1.0555",
            "low": "1.0554",
            "close": "1.0546"
        }
    ]
}