{
    "BNT-EUR": [
        {
            "time": "09.08.2021 23:47",
            "open": "3.3607",
            "high": "3.3607",
            "low": "3.3607",
            "close": "3.3607"
        },
        {
            "time": "10.08.2021 00:01",
            "open": "3.3607",
            "high": "3.3638",
            "low": "3.3607",
            "close": "3.356"
        },
        {
            "time": "10.08.2021 00:04",
            "open": "3.356",
            "high": "3.356",
            "low": "3.356",
            "close": "3.348"
        },
        {
            "time": "10.08.2021 00:06",
            "open": "3.348",
            "high": "3.348",
            "low": "3.3463",
            "close": "3.365"
        },
        {
            "time": "10.08.2021 00:32",
            "open": "3.365",
            "high": "3.365",
            "low": "3.365",
            "close": "3.3667"
        },
        {
            "time": "10.08.2021 00:33",
            "open": "3.3667",
            "high": "3.3667",
            "low": "3.3667",
            "close": "3.3787"
        },
        {
            "time": "10.08.2021 00:44",
            "open": "3.3787",
            "high": "3.3787",
            "low": "3.3787",
            "close": "3.3872"
        },
        {
            "time": "10.08.2021 00:56",
            "open": "3.3866",
            "high": "3.3866",
            "low": "3.3866",
            "close": "3.4041"
        },
        {
            "time": "10.08.2021 01:14",
            "open": "3.4041",
            "high": "3.4041",
            "low": "3.4041",
            "close": "3.407"
        },
        {
            "time": "10.08.2021 01:19",
            "open": "3.407",
            "high": "3.407",
            "low": "3.407",
            "close": "3.4078"
        },
        {
            "time": "10.08.2021 01:22",
            "open": "3.4078",
            "high": "3.4078",
            "low": "3.4077",
            "close": "3.381"
        },
        {
            "time": "10.08.2021 01:44",
            "open": "3.381",
            "high": "3.381",
            "low": "3.381",
            "close": "3.3923"
        },
        {
            "time": "10.08.2021 02:00",
            "open": "3.3923",
            "high": "3.3923",
            "low": "3.3923",
            "close": "3.3908"
        },
        {
            "time": "10.08.2021 02:01",
            "open": "3.3908",
            "high": "3.3908",
            "low": "3.3842",
            "close": "3.4228"
        },
        {
            "time": "10.08.2021 02:06",
            "open": "3.4228",
            "high": "3.4258",
            "low": "3.4192",
            "close": "3.4273"
        },
        {
            "time": "10.08.2021 02:07",
            "open": "3.4273",
            "high": "3.4273",
            "low": "3.4235",
            "close": "3.3841"
        },
        {
            "time": "10.08.2021 02:11",
            "open": "3.3841",
            "high": "3.3847",
            "low": "3.3841",
            "close": "3.3717"
        },
        {
            "time": "10.08.2021 02:15",
            "open": "3.3717",
            "high": "3.3717",
            "low": "3.3717",
            "close": "3.381"
        },
        {
            "time": "10.08.2021 02:23",
            "open": "3.381",
            "high": "3.381",
            "low": "3.381",
            "close": "3.3648"
        },
        {
            "time": "10.08.2021 02:37",
            "open": "3.3648",
            "high": "3.3648",
            "low": "3.3648",
            "close": "3.3536"
        },
        {
            "time": "10.08.2021 02:41",
            "open": "3.3536",
            "high": "3.3536",
            "low": "3.3536",
            "close": "3.3522"
        },
        {
            "time": "10.08.2021 02:46",
            "open": "3.3522",
            "high": "3.3522",
            "low": "3.3522",
            "close": "3.3493"
        },
        {
            "time": "10.08.2021 02:50",
            "open": "3.3493",
            "high": "3.3493",
            "low": "3.3493",
            "close": "3.3707"
        },
        {
            "time": "10.08.2021 02:57",
            "open": "3.3707",
            "high": "3.3707",
            "low": "3.3707",
            "close": "3.3693"
        },
        {
            "time": "10.08.2021 03:02",
            "open": "3.3693",
            "high": "3.3693",
            "low": "3.3693",
            "close": "3.3693"
        },
        {
            "time": "10.08.2021 03:31",
            "open": "3.3693",
            "high": "3.3693",
            "low": "3.3693",
            "close": "3.3788"
        },
        {
            "time": "10.08.2021 03:34",
            "open": "3.3788",
            "high": "3.3788",
            "low": "3.3788",
            "close": "3.3748"
        },
        {
            "time": "10.08.2021 03:48",
            "open": "3.3748",
            "high": "3.3748",
            "low": "3.3748",
            "close": "3.3925"
        },
        {
            "time": "10.08.2021 04:29",
            "open": "3.3925",
            "high": "3.3925",
            "low": "3.3925",
            "close": "3.3933"
        },
        {
            "time": "10.08.2021 04:46",
            "open": "3.3933",
            "high": "3.3948",
            "low": "3.3933",
            "close": "3.3854"
        },
        {
            "time": "10.08.2021 04:48",
            "open": "3.3854",
            "high": "3.3854",
            "low": "3.3831",
            "close": "3.3916"
        },
        {
            "time": "10.08.2021 05:11",
            "open": "3.3916",
            "high": "3.3916",
            "low": "3.3916",
            "close": "3.3681"
        },
        {
            "time": "10.08.2021 05:23",
            "open": "3.3681",
            "high": "3.3681",
            "low": "3.3681",
            "close": "3.3728"
        },
        {
            "time": "10.08.2021 05:27",
            "open": "3.3728",
            "high": "3.3728",
            "low": "3.3728",
            "close": "3.3592"
        },
        {
            "time": "10.08.2021 06:01",
            "open": "3.3592",
            "high": "3.3592",
            "low": "3.3592",
            "close": "3.3667"
        },
        {
            "time": "10.08.2021 06:08",
            "open": "3.3667",
            "high": "3.3668",
            "low": "3.3667",
            "close": "3.3663"
        },
        {
            "time": "10.08.2021 06:55",
            "open": "3.3663",
            "high": "3.3663",
            "low": "3.3663",
            "close": "3.3729"
        },
        {
            "time": "10.08.2021 07:10",
            "open": "3.3729",
            "high": "3.3729",
            "low": "3.3729",
            "close": "3.3733"
        },
        {
            "time": "10.08.2021 07:13",
            "open": "3.3733",
            "high": "3.3733",
            "low": "3.3733",
            "close": "3.3794"
        },
        {
            "time": "10.08.2021 07:14",
            "open": "3.3794",
            "high": "3.3807",
            "low": "3.3794",
            "close": "3.3909"
        },
        {
            "time": "10.08.2021 07:17",
            "open": "3.3909",
            "high": "3.3909",
            "low": "3.3909",
            "close": "3.3877"
        },
        {
            "time": "10.08.2021 07:20",
            "open": "3.3877",
            "high": "3.3877",
            "low": "3.3859",
            "close": "3.3881"
        },
        {
            "time": "10.08.2021 07:32",
            "open": "3.3881",
            "high": "3.3881",
            "low": "3.3881",
            "close": "3.3842"
        },
        {
            "time": "10.08.2021 07:50",
            "open": "3.3842",
            "high": "3.3853",
            "low": "3.3842",
            "close": "3.3773"
        },
        {
            "time": "10.08.2021 08:01",
            "open": "3.3773",
            "high": "3.3773",
            "low": "3.3773",
            "close": "3.3767"
        },
        {
            "time": "10.08.2021 08:31",
            "open": "3.3767",
            "high": "3.3767",
            "low": "3.3767",
            "close": "3.3779"
        },
        {
            "time": "10.08.2021 08:47",
            "open": "3.3779",
            "high": "3.3779",
            "low": "3.3779",
            "close": "3.375"
        },
        {
            "time": "10.08.2021 08:56",
            "open": "3.375",
            "high": "3.375",
            "low": "3.375",
            "close": "3.3686"
        },
        {
            "time": "10.08.2021 09:03",
            "open": "3.3686",
            "high": "3.3686",
            "low": "3.3619",
            "close": "3.3626"
        },
        {
            "time": "10.08.2021 09:04",
            "open": "3.3626",
            "high": "3.3626",
            "low": "3.3626",
            "close": "3.3693"
        },
        {
            "time": "10.08.2021 09:12",
            "open": "3.3693",
            "high": "3.3693",
            "low": "3.3693",
            "close": "3.3734"
        },
        {
            "time": "10.08.2021 09:27",
            "open": "3.3734",
            "high": "3.3734",
            "low": "3.3734",
            "close": "3.3835"
        },
        {
            "time": "10.08.2021 09:32",
            "open": "3.3835",
            "high": "3.3842",
            "low": "3.3835",
            "close": "3.386"
        },
        {
            "time": "10.08.2021 09:33",
            "open": "3.386",
            "high": "3.386",
            "low": "3.386",
            "close": "3.3881"
        },
        {
            "time": "10.08.2021 09:45",
            "open": "3.3881",
            "high": "3.3881",
            "low": "3.3873",
            "close": "3.4046"
        },
        {
            "time": "10.08.2021 10:05",
            "open": "3.4046",
            "high": "3.405",
            "low": "3.4046",
            "close": "3.4157"
        },
        {
            "time": "10.08.2021 10:33",
            "open": "3.4157",
            "high": "3.4157",
            "low": "3.4157",
            "close": "3.4308"
        },
        {
            "time": "10.08.2021 11:02",
            "open": "3.4308",
            "high": "3.4308",
            "low": "3.4308",
            "close": "3.4267"
        },
        {
            "time": "10.08.2021 11:08",
            "open": "3.4267",
            "high": "3.4267",
            "low": "3.4267",
            "close": "3.4153"
        },
        {
            "time": "10.08.2021 11:19",
            "open": "3.4153",
            "high": "3.4153",
            "low": "3.4153",
            "close": "3.4127"
        },
        {
            "time": "10.08.2021 11:45",
            "open": "3.4127",
            "high": "3.4127",
            "low": "3.4127",
            "close": "3.4203"
        },
        {
            "time": "10.08.2021 11:51",
            "open": "3.4203",
            "high": "3.4203",
            "low": "3.4197",
            "close": "3.4059"
        },
        {
            "time": "10.08.2021 12:22",
            "open": "3.4059",
            "high": "3.4059",
            "low": "3.4059",
            "close": "3.3994"
        },
        {
            "time": "10.08.2021 12:30",
            "open": "3.3994",
            "high": "3.3994",
            "low": "3.3984",
            "close": "3.3978"
        },
        {
            "time": "10.08.2021 12:31",
            "open": "3.3978",
            "high": "3.3978",
            "low": "3.3977",
            "close": "3.398"
        },
        {
            "time": "10.08.2021 12:32",
            "open": "3.398",
            "high": "3.398",
            "low": "3.3923",
            "close": "3.3894"
        },
        {
            "time": "10.08.2021 12:33",
            "open": "3.3894",
            "high": "3.392",
            "low": "3.3864",
            "close": "3.3951"
        },
        {
            "time": "10.08.2021 12:34",
            "open": "3.3951",
            "high": "3.3951",
            "low": "3.3951",
            "close": "3.3942"
        },
        {
            "time": "10.08.2021 12:35",
            "open": "3.3942",
            "high": "3.3942",
            "low": "3.3942",
            "close": "3.3884"
        },
        {
            "time": "10.08.2021 12:46",
            "open": "3.3884",
            "high": "3.3884",
            "low": "3.3884",
            "close": "3.3912"
        },
        {
            "time": "10.08.2021 13:00",
            "open": "3.3912",
            "high": "3.3912",
            "low": "3.3912",
            "close": "3.3856"
        },
        {
            "time": "10.08.2021 13:09",
            "open": "3.3856",
            "high": "3.3856",
            "low": "3.3856",
            "close": "3.4064"
        },
        {
            "time": "10.08.2021 13:53",
            "open": "3.4064",
            "high": "3.4064",
            "low": "3.406",
            "close": "3.3935"
        },
        {
            "time": "10.08.2021 14:02",
            "open": "3.3935",
            "high": "3.3935",
            "low": "3.3935",
            "close": "3.3991"
        },
        {
            "time": "10.08.2021 14:10",
            "open": "3.3991",
            "high": "3.3991",
            "low": "3.3991",
            "close": "3.4326"
        },
        {
            "time": "10.08.2021 14:29",
            "open": "3.4326",
            "high": "3.4326",
            "low": "3.4326",
            "close": "3.4247"
        },
        {
            "time": "10.08.2021 14:32",
            "open": "3.4247",
            "high": "3.4247",
            "low": "3.4247",
            "close": "3.429"
        },
        {
            "time": "10.08.2021 14:35",
            "open": "3.429",
            "high": "3.4291",
            "low": "3.429",
            "close": "3.4328"
        },
        {
            "time": "10.08.2021 14:40",
            "open": "3.4328",
            "high": "3.4329",
            "low": "3.4328",
            "close": "3.438"
        },
        {
            "time": "10.08.2021 14:43",
            "open": "3.438",
            "high": "3.4425",
            "low": "3.438",
            "close": "3.4429"
        },
        {
            "time": "10.08.2021 14:44",
            "open": "3.4429",
            "high": "3.4429",
            "low": "3.4429",
            "close": "3.4451"
        },
        {
            "time": "10.08.2021 14:45",
            "open": "3.4451",
            "high": "3.4451",
            "low": "3.4417",
            "close": "3.4455"
        },
        {
            "time": "10.08.2021 14:56",
            "open": "3.4455",
            "high": "3.4478",
            "low": "3.4455",
            "close": "3.4478"
        },
        {
            "time": "10.08.2021 14:57",
            "open": "3.4478",
            "high": "3.4566",
            "low": "3.4478",
            "close": "3.4602"
        },
        {
            "time": "10.08.2021 14:58",
            "open": "3.4602",
            "high": "3.4602",
            "low": "3.4582",
            "close": "3.4613"
        },
        {
            "time": "10.08.2021 15:00",
            "open": "3.4613",
            "high": "3.4657",
            "low": "3.4613",
            "close": "3.4697"
        },
        {
            "time": "10.08.2021 15:24",
            "open": "3.4697",
            "high": "3.4697",
            "low": "3.4697",
            "close": "3.4781"
        },
        {
            "time": "10.08.2021 15:30",
            "open": "3.4781",
            "high": "3.5",
            "low": "3.4781",
            "close": "3.4959"
        },
        {
            "time": "10.08.2021 15:31",
            "open": "3.4959",
            "high": "3.496",
            "low": "3.4959",
            "close": "3.5"
        },
        {
            "time": "10.08.2021 15:32",
            "open": "3.5",
            "high": "3.5039",
            "low": "3.4964",
            "close": "3.484"
        },
        {
            "time": "10.08.2021 15:39",
            "open": "3.484",
            "high": "3.484",
            "low": "3.484",
            "close": "3.4561"
        },
        {
            "time": "10.08.2021 15:41",
            "open": "3.4561",
            "high": "3.4561",
            "low": "3.4341",
            "close": "3.4242"
        },
        {
            "time": "10.08.2021 15:42",
            "open": "3.4242",
            "high": "3.4242",
            "low": "3.4115",
            "close": "3.431"
        },
        {
            "time": "10.08.2021 15:43",
            "open": "3.431",
            "high": "3.4368",
            "low": "3.4276",
            "close": "3.4328"
        },
        {
            "time": "10.08.2021 15:44",
            "open": "3.4328",
            "high": "3.4328",
            "low": "3.4328",
            "close": "3.4151"
        },
        {
            "time": "10.08.2021 15:46",
            "open": "3.4151",
            "high": "3.4151",
            "low": "3.415",
            "close": "3.4243"
        },
        {
            "time": "10.08.2021 15:47",
            "open": "3.4243",
            "high": "3.4244",
            "low": "3.4243",
            "close": "3.4247"
        },
        {
            "time": "10.08.2021 15:48",
            "open": "3.4247",
            "high": "3.4247",
            "low": "3.4247",
            "close": "3.4412"
        },
        {
            "time": "10.08.2021 15:49",
            "open": "3.4412",
            "high": "3.4412",
            "low": "3.4412",
            "close": "3.4348"
        },
        {
            "time": "10.08.2021 15:54",
            "open": "3.4348",
            "high": "3.4417",
            "low": "3.4348",
            "close": "3.4426"
        },
        {
            "time": "10.08.2021 15:57",
            "open": "3.4426",
            "high": "3.4426",
            "low": "3.4426",
            "close": "3.4344"
        },
        {
            "time": "10.08.2021 16:04",
            "open": "3.4344",
            "high": "3.4344",
            "low": "3.4344",
            "close": "3.4175"
        },
        {
            "time": "10.08.2021 16:06",
            "open": "3.4175",
            "high": "3.4175",
            "low": "3.4116",
            "close": "3.4195"
        },
        {
            "time": "10.08.2021 16:08",
            "open": "3.4195",
            "high": "3.4195",
            "low": "3.411",
            "close": "3.433"
        },
        {
            "time": "10.08.2021 16:13",
            "open": "3.433",
            "high": "3.433",
            "low": "3.433",
            "close": "3.4221"
        },
        {
            "time": "10.08.2021 16:23",
            "open": "3.4221",
            "high": "3.4221",
            "low": "3.4221",
            "close": "3.4132"
        },
        {
            "time": "10.08.2021 16:41",
            "open": "3.4132",
            "high": "3.4132",
            "low": "3.4132",
            "close": "3.4094"
        },
        {
            "time": "10.08.2021 16:57",
            "open": "3.4094",
            "high": "3.4094",
            "low": "3.4094",
            "close": "3.4115"
        },
        {
            "time": "10.08.2021 17:01",
            "open": "3.4115",
            "high": "3.4127",
            "low": "3.4115",
            "close": "3.4063"
        },
        {
            "time": "10.08.2021 17:11",
            "open": "3.4063",
            "high": "3.4063",
            "low": "3.4053",
            "close": "3.4164"
        },
        {
            "time": "10.08.2021 17:16",
            "open": "3.4164",
            "high": "3.4164",
            "low": "3.4164",
            "close": "3.3795"
        },
        {
            "time": "10.08.2021 17:29",
            "open": "3.3795",
            "high": "3.3795",
            "low": "3.3795",
            "close": "3.3607"
        },
        {
            "time": "10.08.2021 17:32",
            "open": "3.3607",
            "high": "3.3608",
            "low": "3.3556",
            "close": "3.3654"
        },
        {
            "time": "10.08.2021 17:33",
            "open": "3.3654",
            "high": "3.3654",
            "low": "3.3654",
            "close": "3.3921"
        },
        {
            "time": "10.08.2021 17:38",
            "open": "3.3921",
            "high": "3.3925",
            "low": "3.3921",
            "close": "3.3815"
        },
        {
            "time": "10.08.2021 17:55",
            "open": "3.3815",
            "high": "3.3815",
            "low": "3.3815",
            "close": "3.3788"
        },
        {
            "time": "10.08.2021 17:59",
            "open": "3.3788",
            "high": "3.3788",
            "low": "3.3788",
            "close": "3.3705"
        },
        {
            "time": "10.08.2021 18:01",
            "open": "3.3705",
            "high": "3.3705",
            "low": "3.3705",
            "close": "3.3723"
        },
        {
            "time": "10.08.2021 18:03",
            "open": "3.3723",
            "high": "3.3723",
            "low": "3.3723",
            "close": "3.3723"
        },
        {
            "time": "10.08.2021 18:09",
            "open": "3.3723",
            "high": "3.3723",
            "low": "3.3723",
            "close": "3.3731"
        },
        {
            "time": "10.08.2021 18:12",
            "open": "3.3731",
            "high": "3.3731",
            "low": "3.3731",
            "close": "3.3642"
        },
        {
            "time": "10.08.2021 18:16",
            "open": "3.3642",
            "high": "3.3642",
            "low": "3.3642",
            "close": "3.3407"
        },
        {
            "time": "10.08.2021 18:26",
            "open": "3.3407",
            "high": "3.3407",
            "low": "3.3407",
            "close": "3.3319"
        },
        {
            "time": "10.08.2021 18:27",
            "open": "3.3319",
            "high": "3.3319",
            "low": "3.33",
            "close": "3.3368"
        },
        {
            "time": "10.08.2021 18:28",
            "open": "3.3368",
            "high": "3.3368",
            "low": "3.3368",
            "close": "3.3372"
        },
        {
            "time": "10.08.2021 18:30",
            "open": "3.3372",
            "high": "3.3372",
            "low": "3.3332",
            "close": "3.3277"
        },
        {
            "time": "10.08.2021 18:31",
            "open": "3.3277",
            "high": "3.3277",
            "low": "3.3277",
            "close": "3.3277"
        },
        {
            "time": "10.08.2021 18:34",
            "open": "3.3277",
            "high": "3.3332",
            "low": "3.3277",
            "close": "3.3431"
        },
        {
            "time": "10.08.2021 18:35",
            "open": "3.3431",
            "high": "3.3431",
            "low": "3.339",
            "close": "3.3386"
        },
        {
            "time": "10.08.2021 18:45",
            "open": "3.3386",
            "high": "3.3386",
            "low": "3.3386",
            "close": "3.3386"
        },
        {
            "time": "10.08.2021 18:55",
            "open": "3.3386",
            "high": "3.3386",
            "low": "3.3386",
            "close": "3.3483"
        },
        {
            "time": "10.08.2021 19:03",
            "open": "3.3483",
            "high": "3.3483",
            "low": "3.3483",
            "close": "3.3467"
        },
        {
            "time": "10.08.2021 19:07",
            "open": "3.3467",
            "high": "3.3467",
            "low": "3.3467",
            "close": "3.3546"
        },
        {
            "time": "10.08.2021 19:10",
            "open": "3.3546",
            "high": "3.356",
            "low": "3.3546",
            "close": "3.3632"
        },
        {
            "time": "10.08.2021 19:17",
            "open": "3.3632",
            "high": "3.3632",
            "low": "3.3623",
            "close": "3.3608"
        },
        {
            "time": "10.08.2021 19:55",
            "open": "3.3608",
            "high": "3.3617",
            "low": "3.3608",
            "close": "3.3617"
        },
        {
            "time": "10.08.2021 19:59",
            "open": "3.3617",
            "high": "3.3617",
            "low": "3.3617",
            "close": "3.3864"
        },
        {
            "time": "10.08.2021 20:04",
            "open": "3.3864",
            "high": "3.3921",
            "low": "3.3864",
            "close": "3.3886"
        },
        {
            "time": "10.08.2021 20:05",
            "open": "3.3886",
            "high": "3.3886",
            "low": "3.3804",
            "close": "3.3767"
        },
        {
            "time": "10.08.2021 20:09",
            "open": "3.3767",
            "high": "3.3773",
            "low": "3.3767",
            "close": "3.3642"
        },
        {
            "time": "10.08.2021 20:13",
            "open": "3.3642",
            "high": "3.3642",
            "low": "3.3642",
            "close": "3.3715"
        },
        {
            "time": "10.08.2021 20:25",
            "open": "3.3715",
            "high": "3.3715",
            "low": "3.3715",
            "close": "3.3853"
        },
        {
            "time": "10.08.2021 20:45",
            "open": "3.3853",
            "high": "3.3853",
            "low": "3.3853",
            "close": "3.3859"
        },
        {
            "time": "10.08.2021 20:46",
            "open": "3.3859",
            "high": "3.3859",
            "low": "3.3859",
            "close": "3.393"
        },
        {
            "time": "10.08.2021 20:49",
            "open": "3.393",
            "high": "3.393",
            "low": "3.3909",
            "close": "3.3823"
        },
        {
            "time": "10.08.2021 20:51",
            "open": "3.3823",
            "high": "3.3823",
            "low": "3.3823",
            "close": "3.3919"
        },
        {
            "time": "10.08.2021 20:52",
            "open": "3.3919",
            "high": "3.3919",
            "low": "3.3919",
            "close": "3.383"
        },
        {
            "time": "10.08.2021 20:57",
            "open": "3.383",
            "high": "3.383",
            "low": "3.383",
            "close": "3.383"
        },
        {
            "time": "10.08.2021 21:26",
            "open": "3.383",
            "high": "3.383",
            "low": "3.383",
            "close": "3.3887"
        },
        {
            "time": "10.08.2021 21:31",
            "open": "3.3887",
            "high": "3.3887",
            "low": "3.3887",
            "close": "3.3923"
        },
        {
            "time": "10.08.2021 21:52",
            "open": "3.3923",
            "high": "3.3931",
            "low": "3.3923",
            "close": "3.3914"
        },
        {
            "time": "10.08.2021 21:54",
            "open": "3.3914",
            "high": "3.3914",
            "low": "3.3914",
            "close": "3.3915"
        },
        {
            "time": "10.08.2021 21:58",
            "open": "3.3915",
            "high": "3.3915",
            "low": "3.3915",
            "close": "3.3988"
        },
        {
            "time": "10.08.2021 22:00",
            "open": "3.3988",
            "high": "3.3988",
            "low": "3.3938",
            "close": "3.3952"
        },
        {
            "time": "10.08.2021 22:05",
            "open": "3.3952",
            "high": "3.3952",
            "low": "3.3865",
            "close": "3.3869"
        },
        {
            "time": "10.08.2021 22:06",
            "open": "3.3869",
            "high": "3.3869",
            "low": "3.3854",
            "close": "3.3834"
        },
        {
            "time": "10.08.2021 22:15",
            "open": "3.3834",
            "high": "3.3834",
            "low": "3.3834",
            "close": "3.3813"
        },
        {
            "time": "10.08.2021 22:22",
            "open": "3.3813",
            "high": "3.3813",
            "low": "3.3802",
            "close": "3.3833"
        },
        {
            "time": "10.08.2021 22:27",
            "open": "3.3833",
            "high": "3.3833",
            "low": "3.3826",
            "close": "3.3826"
        },
        {
            "time": "10.08.2021 22:31",
            "open": "3.3826",
            "high": "3.3826",
            "low": "3.3826",
            "close": "3.3835"
        },
        {
            "time": "10.08.2021 22:33",
            "open": "3.3835",
            "high": "3.3835",
            "low": "3.3835",
            "close": "3.3933"
        },
        {
            "time": "10.08.2021 22:46",
            "open": "3.3933",
            "high": "3.3933",
            "low": "3.3933",
            "close": "3.3941"
        },
        {
            "time": "10.08.2021 23:02",
            "open": "3.3941",
            "high": "3.3941",
            "low": "3.3941",
            "close": "3.4101"
        },
        {
            "time": "10.08.2021 23:08",
            "open": "3.4101",
            "high": "3.4101",
            "low": "3.4101",
            "close": "3.4119"
        },
        {
            "time": "10.08.2021 23:11",
            "open": "3.4119",
            "high": "3.4119",
            "low": "3.4119",
            "close": "3.3999"
        },
        {
            "time": "10.08.2021 23:22",
            "open": "3.3999",
            "high": "3.3999",
            "low": "3.3999",
            "close": "3.4091"
        },
        {
            "time": "10.08.2021 23:28",
            "open": "3.4091",
            "high": "3.4091",
            "low": "3.405",
            "close": "3.4039"
        }
    ]
}