{
    "BNT-EUR": [
        {
            "time": "15.03.2021 23:47",
            "open": "6.3998",
            "high": "6.3998",
            "low": "6.3998",
            "close": "6.4164"
        },
        {
            "time": "16.03.2021 00:04",
            "open": "6.4164",
            "high": "6.4165",
            "low": "6.4164",
            "close": "6.4237"
        },
        {
            "time": "16.03.2021 00:05",
            "open": "6.4237",
            "high": "6.4237",
            "low": "6.4237",
            "close": "6.4334"
        },
        {
            "time": "16.03.2021 00:14",
            "open": "6.4334",
            "high": "6.4746",
            "low": "6.4334",
            "close": "6.4522"
        },
        {
            "time": "16.03.2021 00:16",
            "open": "6.4522",
            "high": "6.4522",
            "low": "6.45",
            "close": "6.4253"
        },
        {
            "time": "16.03.2021 00:18",
            "open": "6.4253",
            "high": "6.4253",
            "low": "6.4253",
            "close": "6.4198"
        },
        {
            "time": "16.03.2021 00:25",
            "open": "6.4198",
            "high": "6.4199",
            "low": "6.4198",
            "close": "6.4394"
        },
        {
            "time": "16.03.2021 00:26",
            "open": "6.4394",
            "high": "6.4394",
            "low": "6.4394",
            "close": "6.4385"
        },
        {
            "time": "16.03.2021 00:27",
            "open": "6.4385",
            "high": "6.4385",
            "low": "6.4385",
            "close": "6.4312"
        },
        {
            "time": "16.03.2021 00:29",
            "open": "6.4312",
            "high": "6.4312",
            "low": "6.4311",
            "close": "6.435"
        },
        {
            "time": "16.03.2021 00:31",
            "open": "6.435",
            "high": "6.435",
            "low": "6.435",
            "close": "6.4385"
        },
        {
            "time": "16.03.2021 00:37",
            "open": "6.4385",
            "high": "6.4385",
            "low": "6.4385",
            "close": "6.4516"
        },
        {
            "time": "16.03.2021 00:39",
            "open": "6.4516",
            "high": "6.4516",
            "low": "6.4516",
            "close": "6.429"
        },
        {
            "time": "16.03.2021 00:44",
            "open": "6.429",
            "high": "6.4292",
            "low": "6.429",
            "close": "6.3778"
        },
        {
            "time": "16.03.2021 00:50",
            "open": "6.3778",
            "high": "6.3778",
            "low": "6.3778",
            "close": "6.3775"
        },
        {
            "time": "16.03.2021 00:54",
            "open": "6.3775",
            "high": "6.3775",
            "low": "6.3775",
            "close": "6.3905"
        },
        {
            "time": "16.03.2021 01:00",
            "open": "6.3905",
            "high": "6.3907",
            "low": "6.3819",
            "close": "6.3596"
        },
        {
            "time": "16.03.2021 01:02",
            "open": "6.3596",
            "high": "6.3596",
            "low": "6.3596",
            "close": "6.4"
        },
        {
            "time": "16.03.2021 01:04",
            "open": "6.4",
            "high": "6.4",
            "low": "6.4",
            "close": "6.4292"
        },
        {
            "time": "16.03.2021 01:06",
            "open": "6.4292",
            "high": "6.4342",
            "low": "6.4292",
            "close": "6.434"
        },
        {
            "time": "16.03.2021 01:07",
            "open": "6.434",
            "high": "6.434",
            "low": "6.4266",
            "close": "6.35"
        },
        {
            "time": "16.03.2021 01:24",
            "open": "6.35",
            "high": "6.35",
            "low": "6.35",
            "close": "6.3346"
        },
        {
            "time": "16.03.2021 01:25",
            "open": "6.3346",
            "high": "6.3412",
            "low": "6.33",
            "close": "6.3437"
        },
        {
            "time": "16.03.2021 01:27",
            "open": "6.3437",
            "high": "6.3464",
            "low": "6.3437",
            "close": "6.3129"
        },
        {
            "time": "16.03.2021 01:29",
            "open": "6.3129",
            "high": "6.3129",
            "low": "6.3128",
            "close": "6.3199"
        },
        {
            "time": "16.03.2021 01:30",
            "open": "6.3199",
            "high": "6.3199",
            "low": "6.3128",
            "close": "6.3101"
        },
        {
            "time": "16.03.2021 01:31",
            "open": "6.3101",
            "high": "6.3101",
            "low": "6.3",
            "close": "6.25"
        },
        {
            "time": "16.03.2021 01:42",
            "open": "6.25",
            "high": "6.25",
            "low": "6.24",
            "close": "6.2342"
        },
        {
            "time": "16.03.2021 01:43",
            "open": "6.2342",
            "high": "6.2435",
            "low": "6.2239",
            "close": "6.2432"
        },
        {
            "time": "16.03.2021 01:44",
            "open": "6.2432",
            "high": "6.2569",
            "low": "6.2401",
            "close": "6.2237"
        },
        {
            "time": "16.03.2021 01:47",
            "open": "6.2237",
            "high": "6.2237",
            "low": "6.2237",
            "close": "6.21"
        },
        {
            "time": "16.03.2021 01:48",
            "open": "6.21",
            "high": "6.2237",
            "low": "6.21",
            "close": "6.2023"
        },
        {
            "time": "16.03.2021 01:50",
            "open": "6.2023",
            "high": "6.2023",
            "low": "6.1758",
            "close": "6.175"
        },
        {
            "time": "16.03.2021 01:51",
            "open": "6.175",
            "high": "6.175",
            "low": "6.174",
            "close": "6.1743"
        },
        {
            "time": "16.03.2021 01:52",
            "open": "6.1743",
            "high": "6.1927",
            "low": "6.1666",
            "close": "6.2036"
        },
        {
            "time": "16.03.2021 01:53",
            "open": "6.2036",
            "high": "6.2036",
            "low": "6.2036",
            "close": "6.1947"
        },
        {
            "time": "16.03.2021 01:54",
            "open": "6.1947",
            "high": "6.204",
            "low": "6.1867",
            "close": "6.177"
        },
        {
            "time": "16.03.2021 01:57",
            "open": "6.177",
            "high": "6.177",
            "low": "6.177",
            "close": "6.1578"
        },
        {
            "time": "16.03.2021 02:00",
            "open": "6.1578",
            "high": "6.1578",
            "low": "6.1383",
            "close": "6.1383"
        },
        {
            "time": "16.03.2021 02:01",
            "open": "6.1383",
            "high": "6.1495",
            "low": "6.1038",
            "close": "6.11"
        },
        {
            "time": "16.03.2021 02:02",
            "open": "6.11",
            "high": "6.1325",
            "low": "6.11",
            "close": "6.1"
        },
        {
            "time": "16.03.2021 02:04",
            "open": "6.1",
            "high": "6.1",
            "low": "6.0929",
            "close": "6.0862"
        },
        {
            "time": "16.03.2021 02:05",
            "open": "6.0862",
            "high": "6.0862",
            "low": "6.0862",
            "close": "6.0857"
        },
        {
            "time": "16.03.2021 02:06",
            "open": "6.0857",
            "high": "6.1191",
            "low": "6.0777",
            "close": "6.1116"
        },
        {
            "time": "16.03.2021 02:07",
            "open": "6.1116",
            "high": "6.1303",
            "low": "6.1116",
            "close": "6.1151"
        },
        {
            "time": "16.03.2021 02:08",
            "open": "6.1151",
            "high": "6.1151",
            "low": "6.1078",
            "close": "6.0906"
        },
        {
            "time": "16.03.2021 02:10",
            "open": "6.0906",
            "high": "6.1129",
            "low": "6.0906",
            "close": "6.0889"
        },
        {
            "time": "16.03.2021 02:11",
            "open": "6.0889",
            "high": "6.0889",
            "low": "6.0889",
            "close": "6.0881"
        },
        {
            "time": "16.03.2021 02:13",
            "open": "6.0881",
            "high": "6.0881",
            "low": "6.0881",
            "close": "6.0931"
        },
        {
            "time": "16.03.2021 02:14",
            "open": "6.0931",
            "high": "6.0931",
            "low": "6.0931",
            "close": "6.1272"
        },
        {
            "time": "16.03.2021 02:17",
            "open": "6.1272",
            "high": "6.1272",
            "low": "6.1272",
            "close": "6.1731"
        },
        {
            "time": "16.03.2021 02:22",
            "open": "6.1731",
            "high": "6.1731",
            "low": "6.1731",
            "close": "6.1468"
        },
        {
            "time": "16.03.2021 02:24",
            "open": "6.1468",
            "high": "6.1468",
            "low": "6.1424",
            "close": "6.1918"
        },
        {
            "time": "16.03.2021 02:27",
            "open": "6.1918",
            "high": "6.1918",
            "low": "6.1918",
            "close": "6.2012"
        },
        {
            "time": "16.03.2021 02:36",
            "open": "6.2012",
            "high": "6.2012",
            "low": "6.2012",
            "close": "6.201"
        },
        {
            "time": "16.03.2021 02:40",
            "open": "6.201",
            "high": "6.2109",
            "low": "6.201",
            "close": "6.2144"
        },
        {
            "time": "16.03.2021 02:42",
            "open": "6.2144",
            "high": "6.2144",
            "low": "6.2144",
            "close": "6.2072"
        },
        {
            "time": "16.03.2021 02:43",
            "open": "6.2072",
            "high": "6.2072",
            "low": "6.2072",
            "close": "6.2116"
        },
        {
            "time": "16.03.2021 02:45",
            "open": "6.2116",
            "high": "6.2116",
            "low": "6.2116",
            "close": "6.2142"
        },
        {
            "time": "16.03.2021 02:48",
            "open": "6.2142",
            "high": "6.2142",
            "low": "6.2142",
            "close": "6.2448"
        },
        {
            "time": "16.03.2021 02:55",
            "open": "6.2448",
            "high": "6.249",
            "low": "6.2448",
            "close": "6.2394"
        },
        {
            "time": "16.03.2021 02:58",
            "open": "6.2394",
            "high": "6.2394",
            "low": "6.2394",
            "close": "6.2329"
        },
        {
            "time": "16.03.2021 03:00",
            "open": "6.2329",
            "high": "6.2329",
            "low": "6.2325",
            "close": "6.2551"
        },
        {
            "time": "16.03.2021 03:01",
            "open": "6.2551",
            "high": "6.2551",
            "low": "6.2551",
            "close": "6.2589"
        },
        {
            "time": "16.03.2021 03:02",
            "open": "6.2589",
            "high": "6.2596",
            "low": "6.2589",
            "close": "6.2499"
        },
        {
            "time": "16.03.2021 03:03",
            "open": "6.2499",
            "high": "6.2499",
            "low": "6.2499",
            "close": "6.2142"
        },
        {
            "time": "16.03.2021 03:09",
            "open": "6.2142",
            "high": "6.2142",
            "low": "6.2142",
            "close": "6.2549"
        },
        {
            "time": "16.03.2021 03:11",
            "open": "6.2549",
            "high": "6.2602",
            "low": "6.2549",
            "close": "6.2142"
        },
        {
            "time": "16.03.2021 03:26",
            "open": "6.2142",
            "high": "6.2142",
            "low": "6.2142",
            "close": "6.2142"
        },
        {
            "time": "16.03.2021 03:27",
            "open": "6.2142",
            "high": "6.2142",
            "low": "6.1981",
            "close": "6.1981"
        },
        {
            "time": "16.03.2021 03:31",
            "open": "6.1981",
            "high": "6.1981",
            "low": "6.198",
            "close": "6.2161"
        },
        {
            "time": "16.03.2021 03:57",
            "open": "6.2161",
            "high": "6.2161",
            "low": "6.2161",
            "close": "6.1876"
        },
        {
            "time": "16.03.2021 04:13",
            "open": "6.1876",
            "high": "6.1876",
            "low": "6.1876",
            "close": "6.1758"
        },
        {
            "time": "16.03.2021 04:28",
            "open": "6.1758",
            "high": "6.1758",
            "low": "6.1753",
            "close": "6.1802"
        },
        {
            "time": "16.03.2021 04:43",
            "open": "6.1802",
            "high": "6.1802",
            "low": "6.1802",
            "close": "6.1691"
        },
        {
            "time": "16.03.2021 04:45",
            "open": "6.1691",
            "high": "6.1691",
            "low": "6.1691",
            "close": "6.1875"
        },
        {
            "time": "16.03.2021 04:51",
            "open": "6.1875",
            "high": "6.1875",
            "low": "6.1875",
            "close": "6.197"
        },
        {
            "time": "16.03.2021 04:56",
            "open": "6.197",
            "high": "6.197",
            "low": "6.197",
            "close": "6.2059"
        },
        {
            "time": "16.03.2021 04:57",
            "open": "6.2059",
            "high": "6.2059",
            "low": "6.2059",
            "close": "6.2306"
        },
        {
            "time": "16.03.2021 05:08",
            "open": "6.2306",
            "high": "6.2306",
            "low": "6.2306",
            "close": "6.2286"
        },
        {
            "time": "16.03.2021 05:15",
            "open": "6.2286",
            "high": "6.2286",
            "low": "6.2286",
            "close": "6.2557"
        },
        {
            "time": "16.03.2021 05:28",
            "open": "6.2557",
            "high": "6.2557",
            "low": "6.2557",
            "close": "6.256"
        },
        {
            "time": "16.03.2021 05:30",
            "open": "6.256",
            "high": "6.256",
            "low": "6.256",
            "close": "6.2606"
        },
        {
            "time": "16.03.2021 05:31",
            "open": "6.2606",
            "high": "6.2606",
            "low": "6.2606",
            "close": "6.2546"
        },
        {
            "time": "16.03.2021 05:37",
            "open": "6.2546",
            "high": "6.2546",
            "low": "6.2546",
            "close": "6.265"
        },
        {
            "time": "16.03.2021 05:49",
            "open": "6.265",
            "high": "6.265",
            "low": "6.265",
            "close": "6.2407"
        },
        {
            "time": "16.03.2021 05:54",
            "open": "6.2407",
            "high": "6.2407",
            "low": "6.2407",
            "close": "6.2111"
        },
        {
            "time": "16.03.2021 06:08",
            "open": "6.2111",
            "high": "6.2111",
            "low": "6.2111",
            "close": "6.2164"
        },
        {
            "time": "16.03.2021 06:12",
            "open": "6.2164",
            "high": "6.2164",
            "low": "6.2056",
            "close": "6.2242"
        },
        {
            "time": "16.03.2021 06:17",
            "open": "6.2242",
            "high": "6.2242",
            "low": "6.2242",
            "close": "6.2228"
        },
        {
            "time": "16.03.2021 06:20",
            "open": "6.2228",
            "high": "6.2228",
            "low": "6.2102",
            "close": "6.2174"
        },
        {
            "time": "16.03.2021 06:21",
            "open": "6.2174",
            "high": "6.2174",
            "low": "6.2174",
            "close": "6.2262"
        },
        {
            "time": "16.03.2021 06:22",
            "open": "6.2262",
            "high": "6.2264",
            "low": "6.2262",
            "close": "6.19"
        },
        {
            "time": "16.03.2021 06:34",
            "open": "6.19",
            "high": "6.19",
            "low": "6.19",
            "close": "6.1849"
        },
        {
            "time": "16.03.2021 06:35",
            "open": "6.1849",
            "high": "6.1849",
            "low": "6.1849",
            "close": "6.187"
        },
        {
            "time": "16.03.2021 06:38",
            "open": "6.187",
            "high": "6.187",
            "low": "6.187",
            "close": "6.1661"
        },
        {
            "time": "16.03.2021 06:42",
            "open": "6.1661",
            "high": "6.1661",
            "low": "6.1661",
            "close": "6.1715"
        },
        {
            "time": "16.03.2021 06:43",
            "open": "6.1715",
            "high": "6.1718",
            "low": "6.1715",
            "close": "6.1563"
        },
        {
            "time": "16.03.2021 06:45",
            "open": "6.1563",
            "high": "6.1563",
            "low": "6.154",
            "close": "6.1713"
        },
        {
            "time": "16.03.2021 06:56",
            "open": "6.1713",
            "high": "6.1713",
            "low": "6.1713",
            "close": "6.1948"
        },
        {
            "time": "16.03.2021 07:04",
            "open": "6.1948",
            "high": "6.1948",
            "low": "6.1948",
            "close": "6.1952"
        },
        {
            "time": "16.03.2021 07:05",
            "open": "6.1952",
            "high": "6.1952",
            "low": "6.1952",
            "close": "6.1965"
        },
        {
            "time": "16.03.2021 07:10",
            "open": "6.1965",
            "high": "6.1965",
            "low": "6.1965",
            "close": "6.1833"
        },
        {
            "time": "16.03.2021 07:13",
            "open": "6.1833",
            "high": "6.1833",
            "low": "6.1743",
            "close": "6.1722"
        },
        {
            "time": "16.03.2021 07:14",
            "open": "6.1722",
            "high": "6.1722",
            "low": "6.1722",
            "close": "6.1598"
        },
        {
            "time": "16.03.2021 07:18",
            "open": "6.1598",
            "high": "6.1598",
            "low": "6.1598",
            "close": "6.1597"
        },
        {
            "time": "16.03.2021 07:20",
            "open": "6.1597",
            "high": "6.1597",
            "low": "6.1597",
            "close": "6.1488"
        },
        {
            "time": "16.03.2021 07:21",
            "open": "6.1488",
            "high": "6.1488",
            "low": "6.1488",
            "close": "6.1322"
        },
        {
            "time": "16.03.2021 07:22",
            "open": "6.1322",
            "high": "6.1322",
            "low": "6.1206",
            "close": "6.1542"
        },
        {
            "time": "16.03.2021 07:23",
            "open": "6.1542",
            "high": "6.1542",
            "low": "6.1542",
            "close": "6.1389"
        },
        {
            "time": "16.03.2021 07:24",
            "open": "6.1389",
            "high": "6.1416",
            "low": "6.1389",
            "close": "6.1503"
        },
        {
            "time": "16.03.2021 07:26",
            "open": "6.1503",
            "high": "6.1503",
            "low": "6.1503",
            "close": "6.1618"
        },
        {
            "time": "16.03.2021 07:28",
            "open": "6.1618",
            "high": "6.1619",
            "low": "6.1618",
            "close": "6.1798"
        },
        {
            "time": "16.03.2021 07:30",
            "open": "6.1798",
            "high": "6.1979",
            "low": "6.1798",
            "close": "6.1961"
        },
        {
            "time": "16.03.2021 07:32",
            "open": "6.1961",
            "high": "6.1961",
            "low": "6.1961",
            "close": "6.2439"
        },
        {
            "time": "16.03.2021 07:36",
            "open": "6.2439",
            "high": "6.2526",
            "low": "6.2439",
            "close": "6.237"
        },
        {
            "time": "16.03.2021 07:37",
            "open": "6.237",
            "high": "6.2374",
            "low": "6.2345",
            "close": "6.2307"
        },
        {
            "time": "16.03.2021 07:38",
            "open": "6.2307",
            "high": "6.2307",
            "low": "6.2281",
            "close": "6.2338"
        },
        {
            "time": "16.03.2021 07:40",
            "open": "6.2338",
            "high": "6.2338",
            "low": "6.2338",
            "close": "6.2397"
        },
        {
            "time": "16.03.2021 07:41",
            "open": "6.2397",
            "high": "6.2402",
            "low": "6.2397",
            "close": "6.2478"
        },
        {
            "time": "16.03.2021 07:43",
            "open": "6.2478",
            "high": "6.2478",
            "low": "6.2478",
            "close": "6.2846"
        },
        {
            "time": "16.03.2021 07:49",
            "open": "6.2846",
            "high": "6.29",
            "low": "6.2846",
            "close": "6.2958"
        },
        {
            "time": "16.03.2021 07:57",
            "open": "6.2958",
            "high": "6.2958",
            "low": "6.2958",
            "close": "6.2999"
        },
        {
            "time": "16.03.2021 07:58",
            "open": "6.2999",
            "high": "6.3124",
            "low": "6.2999",
            "close": "6.3118"
        },
        {
            "time": "16.03.2021 07:59",
            "open": "6.3118",
            "high": "6.315",
            "low": "6.3041",
            "close": "6.33"
        },
        {
            "time": "16.03.2021 08:02",
            "open": "6.33",
            "high": "6.3314",
            "low": "6.33",
            "close": "6.3305"
        },
        {
            "time": "16.03.2021 08:05",
            "open": "6.3305",
            "high": "6.3305",
            "low": "6.3305",
            "close": "6.3541"
        },
        {
            "time": "16.03.2021 08:16",
            "open": "6.3541",
            "high": "6.3863",
            "low": "6.3541",
            "close": "6.3777"
        },
        {
            "time": "16.03.2021 08:17",
            "open": "6.3777",
            "high": "6.3777",
            "low": "6.3777",
            "close": "6.3423"
        },
        {
            "time": "16.03.2021 08:19",
            "open": "6.3423",
            "high": "6.3423",
            "low": "6.3387",
            "close": "6.3534"
        },
        {
            "time": "16.03.2021 08:20",
            "open": "6.3534",
            "high": "6.3542",
            "low": "6.3527",
            "close": "6.3576"
        },
        {
            "time": "16.03.2021 08:21",
            "open": "6.3576",
            "high": "6.3595",
            "low": "6.3576",
            "close": "6.3416"
        },
        {
            "time": "16.03.2021 08:22",
            "open": "6.3416",
            "high": "6.3416",
            "low": "6.3416",
            "close": "6.36"
        },
        {
            "time": "16.03.2021 08:41",
            "open": "6.36",
            "high": "6.3664",
            "low": "6.36",
            "close": "6.3611"
        },
        {
            "time": "16.03.2021 08:47",
            "open": "6.3611",
            "high": "6.3648",
            "low": "6.3611",
            "close": "6.367"
        },
        {
            "time": "16.03.2021 08:49",
            "open": "6.367",
            "high": "6.367",
            "low": "6.367",
            "close": "6.3476"
        },
        {
            "time": "16.03.2021 08:52",
            "open": "6.3476",
            "high": "6.3476",
            "low": "6.3476",
            "close": "6.3656"
        },
        {
            "time": "16.03.2021 08:54",
            "open": "6.3656",
            "high": "6.3656",
            "low": "6.3656",
            "close": "6.3707"
        },
        {
            "time": "16.03.2021 08:56",
            "open": "6.3707",
            "high": "6.3738",
            "low": "6.3707",
            "close": "6.3758"
        },
        {
            "time": "16.03.2021 08:58",
            "open": "6.3758",
            "high": "6.3758",
            "low": "6.3758",
            "close": "6.3758"
        },
        {
            "time": "16.03.2021 08:59",
            "open": "6.3758",
            "high": "6.3758",
            "low": "6.3738",
            "close": "6.377"
        },
        {
            "time": "16.03.2021 09:02",
            "open": "6.377",
            "high": "6.377",
            "low": "6.377",
            "close": "6.3783"
        },
        {
            "time": "16.03.2021 09:03",
            "open": "6.3783",
            "high": "6.3783",
            "low": "6.3774",
            "close": "6.3774"
        },
        {
            "time": "16.03.2021 09:04",
            "open": "6.3774",
            "high": "6.3912",
            "low": "6.3774",
            "close": "6.3996"
        },
        {
            "time": "16.03.2021 09:05",
            "open": "6.3996",
            "high": "6.4032",
            "low": "6.3991",
            "close": "6.3876"
        },
        {
            "time": "16.03.2021 09:06",
            "open": "6.3876",
            "high": "6.3876",
            "low": "6.386",
            "close": "6.3774"
        },
        {
            "time": "16.03.2021 09:07",
            "open": "6.3774",
            "high": "6.3774",
            "low": "6.3774",
            "close": "6.3787"
        },
        {
            "time": "16.03.2021 09:12",
            "open": "6.3787",
            "high": "6.3787",
            "low": "6.3787",
            "close": "6.3687"
        },
        {
            "time": "16.03.2021 09:15",
            "open": "6.3687",
            "high": "6.3687",
            "low": "6.3654",
            "close": "6.3981"
        },
        {
            "time": "16.03.2021 09:17",
            "open": "6.3981",
            "high": "6.3981",
            "low": "6.3981",
            "close": "6.4032"
        },
        {
            "time": "16.03.2021 09:22",
            "open": "6.4032",
            "high": "6.4032",
            "low": "6.4032",
            "close": "6.4019"
        },
        {
            "time": "16.03.2021 09:23",
            "open": "6.4019",
            "high": "6.4019",
            "low": "6.4019",
            "close": "6.3841"
        },
        {
            "time": "16.03.2021 09:24",
            "open": "6.3841",
            "high": "6.3841",
            "low": "6.3839",
            "close": "6.39"
        },
        {
            "time": "16.03.2021 09:25",
            "open": "6.39",
            "high": "6.39",
            "low": "6.39",
            "close": "6.39"
        },
        {
            "time": "16.03.2021 09:27",
            "open": "6.39",
            "high": "6.39",
            "low": "6.39",
            "close": "6.3843"
        },
        {
            "time": "16.03.2021 09:30",
            "open": "6.3843",
            "high": "6.3843",
            "low": "6.3843",
            "close": "6.3775"
        },
        {
            "time": "16.03.2021 09:36",
            "open": "6.3775",
            "high": "6.3777",
            "low": "6.3775",
            "close": "6.3901"
        },
        {
            "time": "16.03.2021 09:37",
            "open": "6.3901",
            "high": "6.3901",
            "low": "6.3901",
            "close": "6.38"
        },
        {
            "time": "16.03.2021 09:38",
            "open": "6.38",
            "high": "6.38",
            "low": "6.38",
            "close": "6.4009"
        },
        {
            "time": "16.03.2021 09:43",
            "open": "6.4009",
            "high": "6.4009",
            "low": "6.4009",
            "close": "6.3999"
        },
        {
            "time": "16.03.2021 09:47",
            "open": "6.3999",
            "high": "6.3999",
            "low": "6.3999",
            "close": "6.4058"
        },
        {
            "time": "16.03.2021 09:49",
            "open": "6.4058",
            "high": "6.4058",
            "low": "6.4058",
            "close": "6.4005"
        },
        {
            "time": "16.03.2021 09:50",
            "open": "6.4005",
            "high": "6.4005",
            "low": "6.4005",
            "close": "6.4065"
        },
        {
            "time": "16.03.2021 09:54",
            "open": "6.4065",
            "high": "6.4065",
            "low": "6.4065",
            "close": "6.3869"
        },
        {
            "time": "16.03.2021 09:58",
            "open": "6.3869",
            "high": "6.3869",
            "low": "6.3869",
            "close": "6.4002"
        },
        {
            "time": "16.03.2021 10:03",
            "open": "6.4002",
            "high": "6.4024",
            "low": "6.4002",
            "close": "6.4002"
        },
        {
            "time": "16.03.2021 10:04",
            "open": "6.4002",
            "high": "6.4002",
            "low": "6.4002",
            "close": "6.3682"
        },
        {
            "time": "16.03.2021 10:11",
            "open": "6.3682",
            "high": "6.3682",
            "low": "6.3682",
            "close": "6.3951"
        },
        {
            "time": "16.03.2021 10:16",
            "open": "6.3951",
            "high": "6.3951",
            "low": "6.3951",
            "close": "6.3949"
        },
        {
            "time": "16.03.2021 10:17",
            "open": "6.3949",
            "high": "6.3949",
            "low": "6.3949",
            "close": "6.3678"
        },
        {
            "time": "16.03.2021 10:28",
            "open": "6.3678",
            "high": "6.3678",
            "low": "6.3678",
            "close": "6.4002"
        },
        {
            "time": "16.03.2021 10:32",
            "open": "6.4002",
            "high": "6.4002",
            "low": "6.4002",
            "close": "6.4002"
        },
        {
            "time": "16.03.2021 10:33",
            "open": "6.4002",
            "high": "6.4002",
            "low": "6.4002",
            "close": "6.417"
        },
        {
            "time": "16.03.2021 10:34",
            "open": "6.417",
            "high": "6.417",
            "low": "6.417",
            "close": "6.417"
        },
        {
            "time": "16.03.2021 10:36",
            "open": "6.417",
            "high": "6.417",
            "low": "6.417",
            "close": "6.423"
        },
        {
            "time": "16.03.2021 10:38",
            "open": "6.423",
            "high": "6.423",
            "low": "6.423",
            "close": "6.423"
        },
        {
            "time": "16.03.2021 10:39",
            "open": "6.423",
            "high": "6.423",
            "low": "6.4159",
            "close": "6.4231"
        },
        {
            "time": "16.03.2021 10:40",
            "open": "6.4231",
            "high": "6.4232",
            "low": "6.4231",
            "close": "6.415"
        },
        {
            "time": "16.03.2021 10:42",
            "open": "6.415",
            "high": "6.4177",
            "low": "6.415",
            "close": "6.4206"
        },
        {
            "time": "16.03.2021 10:43",
            "open": "6.4206",
            "high": "6.4206",
            "low": "6.4206",
            "close": "6.4184"
        },
        {
            "time": "16.03.2021 10:44",
            "open": "6.4184",
            "high": "6.4184",
            "low": "6.4184",
            "close": "6.4183"
        },
        {
            "time": "16.03.2021 10:46",
            "open": "6.4183",
            "high": "6.4183",
            "low": "6.4183",
            "close": "6.4018"
        },
        {
            "time": "16.03.2021 10:49",
            "open": "6.4018",
            "high": "6.4018",
            "low": "6.4018",
            "close": "6.4183"
        },
        {
            "time": "16.03.2021 10:51",
            "open": "6.4183",
            "high": "6.4183",
            "low": "6.4183",
            "close": "6.4106"
        },
        {
            "time": "16.03.2021 10:52",
            "open": "6.4106",
            "high": "6.4106",
            "low": "6.4068",
            "close": "6.4099"
        },
        {
            "time": "16.03.2021 11:01",
            "open": "6.4099",
            "high": "6.4099",
            "low": "6.3989",
            "close": "6.4062"
        },
        {
            "time": "16.03.2021 11:04",
            "open": "6.4062",
            "high": "6.4062",
            "low": "6.3917",
            "close": "6.4167"
        },
        {
            "time": "16.03.2021 11:06",
            "open": "6.4167",
            "high": "6.4167",
            "low": "6.4143",
            "close": "6.4143"
        },
        {
            "time": "16.03.2021 11:13",
            "open": "6.4143",
            "high": "6.4143",
            "low": "6.4033",
            "close": "6.3894"
        },
        {
            "time": "16.03.2021 11:15",
            "open": "6.3894",
            "high": "6.3894",
            "low": "6.3894",
            "close": "6.3898"
        },
        {
            "time": "16.03.2021 11:16",
            "open": "6.3898",
            "high": "6.3898",
            "low": "6.3898",
            "close": "6.3506"
        },
        {
            "time": "16.03.2021 11:25",
            "open": "6.3506",
            "high": "6.351",
            "low": "6.3432",
            "close": "6.3693"
        },
        {
            "time": "16.03.2021 11:26",
            "open": "6.3693",
            "high": "6.3693",
            "low": "6.3693",
            "close": "6.3382"
        },
        {
            "time": "16.03.2021 11:33",
            "open": "6.3382",
            "high": "6.3382",
            "low": "6.3381",
            "close": "6.3622"
        },
        {
            "time": "16.03.2021 11:39",
            "open": "6.3622",
            "high": "6.3622",
            "low": "6.3622",
            "close": "6.3431"
        },
        {
            "time": "16.03.2021 11:45",
            "open": "6.3431",
            "high": "6.3431",
            "low": "6.3431",
            "close": "6.3403"
        },
        {
            "time": "16.03.2021 11:46",
            "open": "6.3403",
            "high": "6.3403",
            "low": "6.3403",
            "close": "6.3573"
        },
        {
            "time": "16.03.2021 11:51",
            "open": "6.3573",
            "high": "6.3573",
            "low": "6.3569",
            "close": "6.3824"
        },
        {
            "time": "16.03.2021 11:54",
            "open": "6.3824",
            "high": "6.3824",
            "low": "6.3824",
            "close": "6.3778"
        },
        {
            "time": "16.03.2021 11:55",
            "open": "6.3778",
            "high": "6.3778",
            "low": "6.3778",
            "close": "6.3312"
        },
        {
            "time": "16.03.2021 12:05",
            "open": "6.3312",
            "high": "6.3312",
            "low": "6.3254",
            "close": "6.3404"
        },
        {
            "time": "16.03.2021 12:07",
            "open": "6.3404",
            "high": "6.3404",
            "low": "6.3404",
            "close": "6.3295"
        },
        {
            "time": "16.03.2021 12:10",
            "open": "6.3295",
            "high": "6.3295",
            "low": "6.3267",
            "close": "6.328"
        },
        {
            "time": "16.03.2021 12:16",
            "open": "6.328",
            "high": "6.328",
            "low": "6.328",
            "close": "6.328"
        },
        {
            "time": "16.03.2021 12:17",
            "open": "6.328",
            "high": "6.328",
            "low": "6.328",
            "close": "6.3292"
        },
        {
            "time": "16.03.2021 12:18",
            "open": "6.3292",
            "high": "6.3292",
            "low": "6.3292",
            "close": "6.3292"
        },
        {
            "time": "16.03.2021 12:21",
            "open": "6.3292",
            "high": "6.3346",
            "low": "6.3292",
            "close": "6.33"
        },
        {
            "time": "16.03.2021 12:23",
            "open": "6.33",
            "high": "6.33",
            "low": "6.33",
            "close": "6.3317"
        },
        {
            "time": "16.03.2021 12:26",
            "open": "6.3317",
            "high": "6.3317",
            "low": "6.3317",
            "close": "6.3381"
        },
        {
            "time": "16.03.2021 12:28",
            "open": "6.3381",
            "high": "6.3381",
            "low": "6.3381",
            "close": "6.2737"
        },
        {
            "time": "16.03.2021 12:40",
            "open": "6.2733",
            "high": "6.2733",
            "low": "6.2733",
            "close": "6.2733"
        },
        {
            "time": "16.03.2021 12:43",
            "open": "6.2733",
            "high": "6.2733",
            "low": "6.2733",
            "close": "6.2929"
        },
        {
            "time": "16.03.2021 12:44",
            "open": "6.2929",
            "high": "6.2929",
            "low": "6.2929",
            "close": "6.2937"
        },
        {
            "time": "16.03.2021 12:45",
            "open": "6.2937",
            "high": "6.2937",
            "low": "6.2937",
            "close": "6.2856"
        },
        {
            "time": "16.03.2021 12:49",
            "open": "6.2856",
            "high": "6.2856",
            "low": "6.2856",
            "close": "6.284"
        },
        {
            "time": "16.03.2021 12:51",
            "open": "6.2839",
            "high": "6.2839",
            "low": "6.2839",
            "close": "6.3026"
        },
        {
            "time": "16.03.2021 12:55",
            "open": "6.3026",
            "high": "6.3026",
            "low": "6.3025",
            "close": "6.3152"
        },
        {
            "time": "16.03.2021 12:59",
            "open": "6.3152",
            "high": "6.3152",
            "low": "6.3152",
            "close": "6.31"
        },
        {
            "time": "16.03.2021 13:02",
            "open": "6.31",
            "high": "6.31",
            "low": "6.3004",
            "close": "6.2822"
        },
        {
            "time": "16.03.2021 13:05",
            "open": "6.2822",
            "high": "6.2822",
            "low": "6.2822",
            "close": "6.2948"
        },
        {
            "time": "16.03.2021 13:12",
            "open": "6.2948",
            "high": "6.2948",
            "low": "6.283",
            "close": "6.2833"
        },
        {
            "time": "16.03.2021 13:14",
            "open": "6.2833",
            "high": "6.2833",
            "low": "6.2764",
            "close": "6.2944"
        },
        {
            "time": "16.03.2021 13:16",
            "open": "6.2944",
            "high": "6.2944",
            "low": "6.2944",
            "close": "6.2891"
        },
        {
            "time": "16.03.2021 13:17",
            "open": "6.2891",
            "high": "6.2891",
            "low": "6.2891",
            "close": "6.2858"
        },
        {
            "time": "16.03.2021 13:18",
            "open": "6.2858",
            "high": "6.2858",
            "low": "6.2858",
            "close": "6.2949"
        },
        {
            "time": "16.03.2021 13:19",
            "open": "6.2949",
            "high": "6.295",
            "low": "6.2949",
            "close": "6.2863"
        },
        {
            "time": "16.03.2021 13:28",
            "open": "6.2863",
            "high": "6.2875",
            "low": "6.2863",
            "close": "6.2888"
        },
        {
            "time": "16.03.2021 13:29",
            "open": "6.2888",
            "high": "6.2888",
            "low": "6.2888",
            "close": "6.3151"
        },
        {
            "time": "16.03.2021 13:31",
            "open": "6.3151",
            "high": "6.3151",
            "low": "6.2969",
            "close": "6.2962"
        },
        {
            "time": "16.03.2021 13:35",
            "open": "6.2962",
            "high": "6.2962",
            "low": "6.2962",
            "close": "6.2906"
        },
        {
            "time": "16.03.2021 13:38",
            "open": "6.2906",
            "high": "6.2906",
            "low": "6.2906",
            "close": "6.2803"
        },
        {
            "time": "16.03.2021 13:54",
            "open": "6.2803",
            "high": "6.2803",
            "low": "6.2803",
            "close": "6.2665"
        },
        {
            "time": "16.03.2021 13:55",
            "open": "6.2665",
            "high": "6.2864",
            "low": "6.2665",
            "close": "6.2853"
        },
        {
            "time": "16.03.2021 13:57",
            "open": "6.2853",
            "high": "6.2864",
            "low": "6.2853",
            "close": "6.2904"
        },
        {
            "time": "16.03.2021 13:58",
            "open": "6.2904",
            "high": "6.2905",
            "low": "6.2904",
            "close": "6.2889"
        },
        {
            "time": "16.03.2021 13:59",
            "open": "6.2889",
            "high": "6.2889",
            "low": "6.2889",
            "close": "6.2851"
        },
        {
            "time": "16.03.2021 14:00",
            "open": "6.2851",
            "high": "6.2851",
            "low": "6.2851",
            "close": "6.2949"
        },
        {
            "time": "16.03.2021 14:01",
            "open": "6.2949",
            "high": "6.2949",
            "low": "6.2949",
            "close": "6.2995"
        },
        {
            "time": "16.03.2021 14:06",
            "open": "6.2995",
            "high": "6.2995",
            "low": "6.2995",
            "close": "6.3023"
        },
        {
            "time": "16.03.2021 14:14",
            "open": "6.3023",
            "high": "6.3023",
            "low": "6.3023",
            "close": "6.3023"
        },
        {
            "time": "16.03.2021 14:15",
            "open": "6.3023",
            "high": "6.3023",
            "low": "6.3023",
            "close": "6.3236"
        },
        {
            "time": "16.03.2021 14:18",
            "open": "6.3236",
            "high": "6.3236",
            "low": "6.3236",
            "close": "6.3381"
        },
        {
            "time": "16.03.2021 14:19",
            "open": "6.3381",
            "high": "6.3465",
            "low": "6.3381",
            "close": "6.35"
        },
        {
            "time": "16.03.2021 14:33",
            "open": "6.35",
            "high": "6.3601",
            "low": "6.35",
            "close": "6.3558"
        },
        {
            "time": "16.03.2021 14:36",
            "open": "6.3558",
            "high": "6.3558",
            "low": "6.3558",
            "close": "6.3334"
        },
        {
            "time": "16.03.2021 14:46",
            "open": "6.3334",
            "high": "6.3334",
            "low": "6.3334",
            "close": "6.3217"
        },
        {
            "time": "16.03.2021 14:47",
            "open": "6.3217",
            "high": "6.322",
            "low": "6.3217",
            "close": "6.3139"
        },
        {
            "time": "16.03.2021 14:48",
            "open": "6.3139",
            "high": "6.3139",
            "low": "6.3139",
            "close": "6.3452"
        },
        {
            "time": "16.03.2021 14:52",
            "open": "6.3452",
            "high": "6.3467",
            "low": "6.3452",
            "close": "6.3526"
        },
        {
            "time": "16.03.2021 15:02",
            "open": "6.3526",
            "high": "6.3526",
            "low": "6.3526",
            "close": "6.3348"
        },
        {
            "time": "16.03.2021 15:03",
            "open": "6.3348",
            "high": "6.3348",
            "low": "6.3344",
            "close": "6.3504"
        },
        {
            "time": "16.03.2021 15:07",
            "open": "6.3504",
            "high": "6.3504",
            "low": "6.3504",
            "close": "6.3267"
        },
        {
            "time": "16.03.2021 15:24",
            "open": "6.3267",
            "high": "6.3267",
            "low": "6.3267",
            "close": "6.3259"
        },
        {
            "time": "16.03.2021 15:25",
            "open": "6.3259",
            "high": "6.3429",
            "low": "6.3259",
            "close": "6.3383"
        },
        {
            "time": "16.03.2021 15:27",
            "open": "6.3383",
            "high": "6.345",
            "low": "6.3383",
            "close": "6.3503"
        },
        {
            "time": "16.03.2021 15:38",
            "open": "6.3503",
            "high": "6.3503",
            "low": "6.3503",
            "close": "6.35"
        },
        {
            "time": "16.03.2021 15:43",
            "open": "6.35",
            "high": "6.35",
            "low": "6.35",
            "close": "6.35"
        },
        {
            "time": "16.03.2021 15:45",
            "open": "6.35",
            "high": "6.35",
            "low": "6.35",
            "close": "6.3536"
        },
        {
            "time": "16.03.2021 15:58",
            "open": "6.3536",
            "high": "6.4746",
            "low": "6.3536",
            "close": "6.4505"
        },
        {
            "time": "16.03.2021 15:59",
            "open": "6.4505",
            "high": "6.4505",
            "low": "6.3468",
            "close": "6.3428"
        },
        {
            "time": "16.03.2021 16:00",
            "open": "6.3428",
            "high": "6.3428",
            "low": "6.3428",
            "close": "6.3485"
        },
        {
            "time": "16.03.2021 16:02",
            "open": "6.3485",
            "high": "6.3485",
            "low": "6.3485",
            "close": "6.3428"
        },
        {
            "time": "16.03.2021 16:04",
            "open": "6.3428",
            "high": "6.3428",
            "low": "6.3428",
            "close": "6.3483"
        },
        {
            "time": "16.03.2021 16:05",
            "open": "6.3483",
            "high": "6.3506",
            "low": "6.3472",
            "close": "6.3578"
        },
        {
            "time": "16.03.2021 16:08",
            "open": "6.3578",
            "high": "6.3578",
            "low": "6.3578",
            "close": "6.3792"
        },
        {
            "time": "16.03.2021 16:10",
            "open": "6.3792",
            "high": "6.3792",
            "low": "6.3792",
            "close": "6.3657"
        },
        {
            "time": "16.03.2021 16:11",
            "open": "6.3657",
            "high": "6.3657",
            "low": "6.3657",
            "close": "6.3707"
        },
        {
            "time": "16.03.2021 16:13",
            "open": "6.3707",
            "high": "6.3707",
            "low": "6.3707",
            "close": "6.3864"
        },
        {
            "time": "16.03.2021 16:15",
            "open": "6.3864",
            "high": "6.3864",
            "low": "6.3864",
            "close": "6.3901"
        },
        {
            "time": "16.03.2021 16:16",
            "open": "6.3901",
            "high": "6.3901",
            "low": "6.3901",
            "close": "6.3808"
        },
        {
            "time": "16.03.2021 16:21",
            "open": "6.3808",
            "high": "6.3808",
            "low": "6.3808",
            "close": "6.3803"
        },
        {
            "time": "16.03.2021 16:23",
            "open": "6.3803",
            "high": "6.3803",
            "low": "6.3803",
            "close": "6.36"
        },
        {
            "time": "16.03.2021 16:25",
            "open": "6.36",
            "high": "6.36",
            "low": "6.3597",
            "close": "6.3742"
        },
        {
            "time": "16.03.2021 16:34",
            "open": "6.3742",
            "high": "6.3742",
            "low": "6.3742",
            "close": "6.3657"
        },
        {
            "time": "16.03.2021 16:41",
            "open": "6.3657",
            "high": "6.3727",
            "low": "6.3657",
            "close": "6.3776"
        },
        {
            "time": "16.03.2021 16:47",
            "open": "6.3776",
            "high": "6.3776",
            "low": "6.3774",
            "close": "6.39"
        },
        {
            "time": "16.03.2021 16:52",
            "open": "6.39",
            "high": "6.39",
            "low": "6.39",
            "close": "6.3778"
        },
        {
            "time": "16.03.2021 16:55",
            "open": "6.3778",
            "high": "6.3778",
            "low": "6.3775",
            "close": "6.3862"
        },
        {
            "time": "16.03.2021 16:58",
            "open": "6.3862",
            "high": "6.3862",
            "low": "6.3862",
            "close": "6.3862"
        },
        {
            "time": "16.03.2021 17:01",
            "open": "6.3862",
            "high": "6.3862",
            "low": "6.3862",
            "close": "6.3739"
        },
        {
            "time": "16.03.2021 17:03",
            "open": "6.3739",
            "high": "6.3739",
            "low": "6.3739",
            "close": "6.4278"
        },
        {
            "time": "16.03.2021 17:14",
            "open": "6.4278",
            "high": "6.4278",
            "low": "6.4278",
            "close": "6.4342"
        },
        {
            "time": "16.03.2021 17:15",
            "open": "6.4342",
            "high": "6.4342",
            "low": "6.4342",
            "close": "6.4415"
        },
        {
            "time": "16.03.2021 17:17",
            "open": "6.4415",
            "high": "6.4415",
            "low": "6.4309",
            "close": "6.43"
        },
        {
            "time": "16.03.2021 17:18",
            "open": "6.43",
            "high": "6.4349",
            "low": "6.4288",
            "close": "6.4316"
        },
        {
            "time": "16.03.2021 17:19",
            "open": "6.4316",
            "high": "6.4348",
            "low": "6.4316",
            "close": "6.4335"
        },
        {
            "time": "16.03.2021 17:20",
            "open": "6.4335",
            "high": "6.4335",
            "low": "6.4135",
            "close": "6.4135"
        },
        {
            "time": "16.03.2021 17:21",
            "open": "6.4135",
            "high": "6.4159",
            "low": "6.4135",
            "close": "6.4021"
        },
        {
            "time": "16.03.2021 17:22",
            "open": "6.4021",
            "high": "6.4021",
            "low": "6.4021",
            "close": "6.396"
        },
        {
            "time": "16.03.2021 17:24",
            "open": "6.396",
            "high": "6.396",
            "low": "6.3959",
            "close": "6.4012"
        },
        {
            "time": "16.03.2021 17:32",
            "open": "6.4012",
            "high": "6.4012",
            "low": "6.4",
            "close": "6.4046"
        },
        {
            "time": "16.03.2021 17:44",
            "open": "6.4046",
            "high": "6.4095",
            "low": "6.4038",
            "close": "6.4083"
        },
        {
            "time": "16.03.2021 17:45",
            "open": "6.4083",
            "high": "6.4095",
            "low": "6.3981",
            "close": "6.3794"
        },
        {
            "time": "16.03.2021 17:54",
            "open": "6.3794",
            "high": "6.3794",
            "low": "6.3794",
            "close": "6.3683"
        },
        {
            "time": "16.03.2021 17:56",
            "open": "6.3683",
            "high": "6.3683",
            "low": "6.3441",
            "close": "6.3435"
        },
        {
            "time": "16.03.2021 17:57",
            "open": "6.3435",
            "high": "6.3497",
            "low": "6.3432",
            "close": "6.3552"
        },
        {
            "time": "16.03.2021 18:04",
            "open": "6.3552",
            "high": "6.3591",
            "low": "6.3552",
            "close": "6.3502"
        },
        {
            "time": "16.03.2021 18:05",
            "open": "6.3502",
            "high": "6.3504",
            "low": "6.3502",
            "close": "6.3303"
        },
        {
            "time": "16.03.2021 18:07",
            "open": "6.3303",
            "high": "6.3306",
            "low": "6.3273",
            "close": "6.3334"
        },
        {
            "time": "16.03.2021 18:08",
            "open": "6.3334",
            "high": "6.3336",
            "low": "6.3275",
            "close": "6.3243"
        },
        {
            "time": "16.03.2021 18:09",
            "open": "6.3243",
            "high": "6.3243",
            "low": "6.3243",
            "close": "6.3221"
        },
        {
            "time": "16.03.2021 18:10",
            "open": "6.3221",
            "high": "6.3221",
            "low": "6.3221",
            "close": "6.3221"
        },
        {
            "time": "16.03.2021 18:11",
            "open": "6.3221",
            "high": "6.3222",
            "low": "6.3221",
            "close": "6.3224"
        },
        {
            "time": "16.03.2021 18:13",
            "open": "6.3224",
            "high": "6.3224",
            "low": "6.3224",
            "close": "6.3299"
        },
        {
            "time": "16.03.2021 18:15",
            "open": "6.3299",
            "high": "6.3299",
            "low": "6.3299",
            "close": "6.3268"
        },
        {
            "time": "16.03.2021 18:17",
            "open": "6.3268",
            "high": "6.3268",
            "low": "6.3268",
            "close": "6.322"
        },
        {
            "time": "16.03.2021 18:21",
            "open": "6.322",
            "high": "6.3303",
            "low": "6.3168",
            "close": "6.3365"
        },
        {
            "time": "16.03.2021 18:22",
            "open": "6.3365",
            "high": "6.3365",
            "low": "6.3365",
            "close": "6.3225"
        },
        {
            "time": "16.03.2021 18:24",
            "open": "6.3225",
            "high": "6.3225",
            "low": "6.3225",
            "close": "6.3137"
        },
        {
            "time": "16.03.2021 18:25",
            "open": "6.3137",
            "high": "6.3137",
            "low": "6.2255",
            "close": "6.2589"
        },
        {
            "time": "16.03.2021 18:26",
            "open": "6.2589",
            "high": "6.282",
            "low": "6.2589",
            "close": "6.2538"
        },
        {
            "time": "16.03.2021 18:28",
            "open": "6.2538",
            "high": "6.2538",
            "low": "6.2507",
            "close": "6.2552"
        },
        {
            "time": "16.03.2021 18:29",
            "open": "6.2552",
            "high": "6.2552",
            "low": "6.2504",
            "close": "6.2295"
        },
        {
            "time": "16.03.2021 18:35",
            "open": "6.2295",
            "high": "6.2323",
            "low": "6.2237",
            "close": "6.2292"
        },
        {
            "time": "16.03.2021 18:37",
            "open": "6.2292",
            "high": "6.2292",
            "low": "6.2292",
            "close": "6.1999"
        },
        {
            "time": "16.03.2021 18:40",
            "open": "6.1999",
            "high": "6.1999",
            "low": "6.1999",
            "close": "6.2208"
        },
        {
            "time": "16.03.2021 18:41",
            "open": "6.2208",
            "high": "6.2208",
            "low": "6.2152",
            "close": "6.2204"
        },
        {
            "time": "16.03.2021 18:43",
            "open": "6.2204",
            "high": "6.2204",
            "low": "6.2204",
            "close": "6.2165"
        },
        {
            "time": "16.03.2021 18:44",
            "open": "6.2165",
            "high": "6.2165",
            "low": "6.2165",
            "close": "6.2128"
        },
        {
            "time": "16.03.2021 18:45",
            "open": "6.2128",
            "high": "6.2128",
            "low": "6.2128",
            "close": "6.234"
        },
        {
            "time": "16.03.2021 18:47",
            "open": "6.234",
            "high": "6.234",
            "low": "6.234",
            "close": "6.2406"
        },
        {
            "time": "16.03.2021 18:50",
            "open": "6.2406",
            "high": "6.2421",
            "low": "6.2406",
            "close": "6.23"
        },
        {
            "time": "16.03.2021 18:55",
            "open": "6.23",
            "high": "6.23",
            "low": "6.2231",
            "close": "6.2258"
        },
        {
            "time": "16.03.2021 18:57",
            "open": "6.2258",
            "high": "6.2258",
            "low": "6.2258",
            "close": "6.2484"
        },
        {
            "time": "16.03.2021 18:59",
            "open": "6.2484",
            "high": "6.25",
            "low": "6.2484",
            "close": "6.25"
        },
        {
            "time": "16.03.2021 19:05",
            "open": "6.25",
            "high": "6.25",
            "low": "6.25",
            "close": "6.2301"
        },
        {
            "time": "16.03.2021 19:15",
            "open": "6.2301",
            "high": "6.2333",
            "low": "6.2301",
            "close": "6.2476"
        },
        {
            "time": "16.03.2021 19:17",
            "open": "6.2476",
            "high": "6.2476",
            "low": "6.2476",
            "close": "6.25"
        },
        {
            "time": "16.03.2021 19:19",
            "open": "6.25",
            "high": "6.25",
            "low": "6.2416",
            "close": "6.2507"
        },
        {
            "time": "16.03.2021 19:22",
            "open": "6.2507",
            "high": "6.2507",
            "low": "6.2507",
            "close": "6.2528"
        },
        {
            "time": "16.03.2021 19:25",
            "open": "6.2528",
            "high": "6.2528",
            "low": "6.2528",
            "close": "6.2431"
        },
        {
            "time": "16.03.2021 19:28",
            "open": "6.2431",
            "high": "6.2825",
            "low": "6.2425",
            "close": "6.2767"
        },
        {
            "time": "16.03.2021 19:29",
            "open": "6.2767",
            "high": "6.2799",
            "low": "6.2632",
            "close": "6.2669"
        },
        {
            "time": "16.03.2021 19:30",
            "open": "6.2669",
            "high": "6.2907",
            "low": "6.2669",
            "close": "6.2836"
        },
        {
            "time": "16.03.2021 19:31",
            "open": "6.2836",
            "high": "6.2917",
            "low": "6.28",
            "close": "6.2921"
        },
        {
            "time": "16.03.2021 19:32",
            "open": "6.2921",
            "high": "6.3051",
            "low": "6.2921",
            "close": "6.3148"
        },
        {
            "time": "16.03.2021 19:33",
            "open": "6.3148",
            "high": "6.3148",
            "low": "6.3148",
            "close": "6.2918"
        },
        {
            "time": "16.03.2021 19:34",
            "open": "6.2918",
            "high": "6.2932",
            "low": "6.2878",
            "close": "6.2975"
        },
        {
            "time": "16.03.2021 19:35",
            "open": "6.2975",
            "high": "6.2979",
            "low": "6.2811",
            "close": "6.2722"
        },
        {
            "time": "16.03.2021 19:38",
            "open": "6.2722",
            "high": "6.2722",
            "low": "6.2722",
            "close": "6.2733"
        },
        {
            "time": "16.03.2021 19:39",
            "open": "6.2733",
            "high": "6.2733",
            "low": "6.2733",
            "close": "6.2802"
        },
        {
            "time": "16.03.2021 19:40",
            "open": "6.2802",
            "high": "6.2802",
            "low": "6.2743",
            "close": "6.2728"
        },
        {
            "time": "16.03.2021 19:42",
            "open": "6.2728",
            "high": "6.2728",
            "low": "6.2728",
            "close": "6.2671"
        },
        {
            "time": "16.03.2021 19:53",
            "open": "6.2671",
            "high": "6.2671",
            "low": "6.2671",
            "close": "6.2545"
        },
        {
            "time": "16.03.2021 20:00",
            "open": "6.2545",
            "high": "6.2545",
            "low": "6.2545",
            "close": "6.2534"
        },
        {
            "time": "16.03.2021 20:03",
            "open": "6.2534",
            "high": "6.2534",
            "low": "6.2534",
            "close": "6.243"
        },
        {
            "time": "16.03.2021 20:06",
            "open": "6.243",
            "high": "6.243",
            "low": "6.24",
            "close": "6.255"
        },
        {
            "time": "16.03.2021 20:08",
            "open": "6.255",
            "high": "6.2655",
            "low": "6.255",
            "close": "6.2454"
        },
        {
            "time": "16.03.2021 20:09",
            "open": "6.2454",
            "high": "6.2454",
            "low": "6.2453",
            "close": "6.2506"
        },
        {
            "time": "16.03.2021 20:11",
            "open": "6.2506",
            "high": "6.2506",
            "low": "6.2506",
            "close": "6.231"
        },
        {
            "time": "16.03.2021 20:14",
            "open": "6.231",
            "high": "6.231",
            "low": "6.231",
            "close": "6.2452"
        },
        {
            "time": "16.03.2021 20:23",
            "open": "6.2452",
            "high": "6.255",
            "low": "6.2408",
            "close": "6.2743"
        },
        {
            "time": "16.03.2021 20:33",
            "open": "6.2743",
            "high": "6.2743",
            "low": "6.2743",
            "close": "6.2743"
        },
        {
            "time": "16.03.2021 20:43",
            "open": "6.2743",
            "high": "6.2743",
            "low": "6.2743",
            "close": "6.28"
        },
        {
            "time": "16.03.2021 20:45",
            "open": "6.28",
            "high": "6.28",
            "low": "6.28",
            "close": "6.27"
        },
        {
            "time": "16.03.2021 21:00",
            "open": "6.27",
            "high": "6.27",
            "low": "6.27",
            "close": "6.2773"
        },
        {
            "time": "16.03.2021 21:03",
            "open": "6.2773",
            "high": "6.2773",
            "low": "6.2703",
            "close": "6.3067"
        },
        {
            "time": "16.03.2021 21:18",
            "open": "6.3067",
            "high": "6.3067",
            "low": "6.3067",
            "close": "6.3005"
        },
        {
            "time": "16.03.2021 21:21",
            "open": "6.3005",
            "high": "6.3005",
            "low": "6.3005",
            "close": "6.3172"
        },
        {
            "time": "16.03.2021 21:32",
            "open": "6.3172",
            "high": "6.3173",
            "low": "6.3172",
            "close": "6.3124"
        },
        {
            "time": "16.03.2021 21:46",
            "open": "6.3124",
            "high": "6.3124",
            "low": "6.3",
            "close": "6.2989"
        },
        {
            "time": "16.03.2021 21:49",
            "open": "6.2989",
            "high": "6.2989",
            "low": "6.2989",
            "close": "6.3015"
        },
        {
            "time": "16.03.2021 21:54",
            "open": "6.3015",
            "high": "6.3015",
            "low": "6.3015",
            "close": "6.3125"
        },
        {
            "time": "16.03.2021 21:56",
            "open": "6.3125",
            "high": "6.3125",
            "low": "6.3125",
            "close": "6.302"
        },
        {
            "time": "16.03.2021 21:58",
            "open": "6.302",
            "high": "6.302",
            "low": "6.302",
            "close": "6.302"
        },
        {
            "time": "16.03.2021 22:05",
            "open": "6.302",
            "high": "6.302",
            "low": "6.2933",
            "close": "6.2949"
        },
        {
            "time": "16.03.2021 22:06",
            "open": "6.2949",
            "high": "6.2949",
            "low": "6.2733",
            "close": "6.3083"
        },
        {
            "time": "16.03.2021 22:09",
            "open": "6.3083",
            "high": "6.3083",
            "low": "6.3083",
            "close": "6.3132"
        },
        {
            "time": "16.03.2021 22:11",
            "open": "6.3132",
            "high": "6.3132",
            "low": "6.3132",
            "close": "6.3032"
        },
        {
            "time": "16.03.2021 22:19",
            "open": "6.3032",
            "high": "6.3032",
            "low": "6.3032",
            "close": "6.33"
        },
        {
            "time": "16.03.2021 22:28",
            "open": "6.33",
            "high": "6.3402",
            "low": "6.33",
            "close": "6.3136"
        },
        {
            "time": "16.03.2021 22:36",
            "open": "6.3136",
            "high": "6.318",
            "low": "6.3136",
            "close": "6.3036"
        },
        {
            "time": "16.03.2021 22:44",
            "open": "6.3036",
            "high": "6.3036",
            "low": "6.3036",
            "close": "6.2981"
        },
        {
            "time": "16.03.2021 22:51",
            "open": "6.2981",
            "high": "6.2981",
            "low": "6.2981",
            "close": "6.2987"
        },
        {
            "time": "16.03.2021 22:52",
            "open": "6.2987",
            "high": "6.2987",
            "low": "6.2987",
            "close": "6.3105"
        },
        {
            "time": "16.03.2021 22:54",
            "open": "6.3105",
            "high": "6.3123",
            "low": "6.3105",
            "close": "6.2891"
        },
        {
            "time": "16.03.2021 22:57",
            "open": "6.2891",
            "high": "6.2891",
            "low": "6.2891",
            "close": "6.3096"
        },
        {
            "time": "16.03.2021 23:01",
            "open": "6.3096",
            "high": "6.3096",
            "low": "6.3096",
            "close": "6.3218"
        },
        {
            "time": "16.03.2021 23:07",
            "open": "6.3218",
            "high": "6.3218",
            "low": "6.3218",
            "close": "6.312"
        },
        {
            "time": "16.03.2021 23:19",
            "open": "6.312",
            "high": "6.312",
            "low": "6.312",
            "close": "6.3291"
        },
        {
            "time": "16.03.2021 23:21",
            "open": "6.3291",
            "high": "6.3291",
            "low": "6.3291",
            "close": "6.339"
        },
        {
            "time": "16.03.2021 23:23",
            "open": "6.339",
            "high": "6.339",
            "low": "6.339",
            "close": "6.34"
        },
        {
            "time": "16.03.2021 23:30",
            "open": "6.34",
            "high": "6.3408",
            "low": "6.34",
            "close": "6.2906"
        },
        {
            "time": "16.03.2021 23:47",
            "open": "6.2906",
            "high": "6.2906",
            "low": "6.2906",
            "close": "6.2859"
        },
        {
            "time": "16.03.2021 23:53",
            "open": "6.2859",
            "high": "6.2859",
            "low": "6.2859",
            "close": "6.2841"
        }
    ]
}