{
    "BNT-EUR": [
        {
            "time": "14.03.2021 23:50",
            "open": "6.6525",
            "high": "6.6525",
            "low": "6.6525",
            "close": "6.668"
        },
        {
            "time": "15.03.2021 00:00",
            "open": "6.668",
            "high": "6.668",
            "low": "6.668",
            "close": "6.6763"
        },
        {
            "time": "15.03.2021 00:04",
            "open": "6.6763",
            "high": "6.6763",
            "low": "6.6763",
            "close": "6.6568"
        },
        {
            "time": "15.03.2021 00:05",
            "open": "6.6568",
            "high": "6.6568",
            "low": "6.6568",
            "close": "6.6427"
        },
        {
            "time": "15.03.2021 00:19",
            "open": "6.6427",
            "high": "6.6427",
            "low": "6.6289",
            "close": "6.6461"
        },
        {
            "time": "15.03.2021 00:23",
            "open": "6.6461",
            "high": "6.6461",
            "low": "6.6461",
            "close": "6.6276"
        },
        {
            "time": "15.03.2021 00:25",
            "open": "6.6276",
            "high": "6.6276",
            "low": "6.6275",
            "close": "6.6277"
        },
        {
            "time": "15.03.2021 00:26",
            "open": "6.6277",
            "high": "6.6392",
            "low": "6.6275",
            "close": "6.6278"
        },
        {
            "time": "15.03.2021 00:28",
            "open": "6.6278",
            "high": "6.6278",
            "low": "6.6278",
            "close": "6.6274"
        },
        {
            "time": "15.03.2021 00:29",
            "open": "6.6274",
            "high": "6.6274",
            "low": "6.6274",
            "close": "6.6366"
        },
        {
            "time": "15.03.2021 00:35",
            "open": "6.6366",
            "high": "6.6366",
            "low": "6.6144",
            "close": "6.6143"
        },
        {
            "time": "15.03.2021 00:36",
            "open": "6.6143",
            "high": "6.6143",
            "low": "6.5994",
            "close": "6.6152"
        },
        {
            "time": "15.03.2021 00:37",
            "open": "6.6152",
            "high": "6.6184",
            "low": "6.6152",
            "close": "6.6035"
        },
        {
            "time": "15.03.2021 00:38",
            "open": "6.6035",
            "high": "6.6035",
            "low": "6.6035",
            "close": "6.6035"
        },
        {
            "time": "15.03.2021 00:40",
            "open": "6.6035",
            "high": "6.6035",
            "low": "6.6029",
            "close": "6.591"
        },
        {
            "time": "15.03.2021 00:42",
            "open": "6.591",
            "high": "6.591",
            "low": "6.5907",
            "close": "6.5859"
        },
        {
            "time": "15.03.2021 00:52",
            "open": "6.5859",
            "high": "6.5859",
            "low": "6.5755",
            "close": "6.5754"
        },
        {
            "time": "15.03.2021 00:53",
            "open": "6.5754",
            "high": "6.5756",
            "low": "6.5754",
            "close": "6.5626"
        },
        {
            "time": "15.03.2021 00:54",
            "open": "6.5626",
            "high": "6.5626",
            "low": "6.5537",
            "close": "6.5545"
        },
        {
            "time": "15.03.2021 00:56",
            "open": "6.5545",
            "high": "6.5546",
            "low": "6.5359",
            "close": "6.5296"
        },
        {
            "time": "15.03.2021 00:57",
            "open": "6.5296",
            "high": "6.5296",
            "low": "6.5291",
            "close": "6.529"
        },
        {
            "time": "15.03.2021 00:58",
            "open": "6.529",
            "high": "6.5291",
            "low": "6.529",
            "close": "6.529"
        },
        {
            "time": "15.03.2021 00:59",
            "open": "6.529",
            "high": "6.5327",
            "low": "6.5088",
            "close": "6.5179"
        },
        {
            "time": "15.03.2021 01:00",
            "open": "6.5179",
            "high": "6.5195",
            "low": "6.5045",
            "close": "6.5167"
        },
        {
            "time": "15.03.2021 01:01",
            "open": "6.5167",
            "high": "6.5173",
            "low": "6.501",
            "close": "6.5021"
        },
        {
            "time": "15.03.2021 01:02",
            "open": "6.5021",
            "high": "6.5021",
            "low": "6.5",
            "close": "6.4613"
        },
        {
            "time": "15.03.2021 01:03",
            "open": "6.4613",
            "high": "6.4735",
            "low": "6.4613",
            "close": "6.4865"
        },
        {
            "time": "15.03.2021 01:04",
            "open": "6.4865",
            "high": "6.5136",
            "low": "6.4855",
            "close": "6.5318"
        },
        {
            "time": "15.03.2021 01:05",
            "open": "6.5318",
            "high": "6.6122",
            "low": "6.5318",
            "close": "6.523"
        },
        {
            "time": "15.03.2021 01:06",
            "open": "6.523",
            "high": "6.5232",
            "low": "6.5146",
            "close": "6.5266"
        },
        {
            "time": "15.03.2021 01:07",
            "open": "6.5266",
            "high": "6.5266",
            "low": "6.5266",
            "close": "6.537"
        },
        {
            "time": "15.03.2021 01:08",
            "open": "6.537",
            "high": "6.5396",
            "low": "6.537",
            "close": "6.5552"
        },
        {
            "time": "15.03.2021 01:11",
            "open": "6.5552",
            "high": "6.5555",
            "low": "6.5552",
            "close": "6.5578"
        },
        {
            "time": "15.03.2021 01:12",
            "open": "6.5578",
            "high": "6.596",
            "low": "6.5483",
            "close": "6.6"
        },
        {
            "time": "15.03.2021 01:18",
            "open": "6.6",
            "high": "6.6241",
            "low": "6.6",
            "close": "6.6061"
        },
        {
            "time": "15.03.2021 01:20",
            "open": "6.6061",
            "high": "6.6241",
            "low": "6.6061",
            "close": "6.6241"
        },
        {
            "time": "15.03.2021 01:22",
            "open": "6.6241",
            "high": "6.6241",
            "low": "6.6241",
            "close": "6.6243"
        },
        {
            "time": "15.03.2021 01:32",
            "open": "6.6243",
            "high": "6.6243",
            "low": "6.607",
            "close": "6.6138"
        },
        {
            "time": "15.03.2021 01:38",
            "open": "6.6138",
            "high": "6.6145",
            "low": "6.6138",
            "close": "6.6099"
        },
        {
            "time": "15.03.2021 01:39",
            "open": "6.6099",
            "high": "6.6099",
            "low": "6.6099",
            "close": "6.6011"
        },
        {
            "time": "15.03.2021 01:40",
            "open": "6.6011",
            "high": "6.6011",
            "low": "6.6011",
            "close": "6.5884"
        },
        {
            "time": "15.03.2021 01:42",
            "open": "6.5884",
            "high": "6.596",
            "low": "6.5884",
            "close": "6.6031"
        },
        {
            "time": "15.03.2021 01:43",
            "open": "6.6031",
            "high": "6.6078",
            "low": "6.5909",
            "close": "6.6023"
        },
        {
            "time": "15.03.2021 01:58",
            "open": "6.6023",
            "high": "6.6023",
            "low": "6.5832",
            "close": "6.5973"
        },
        {
            "time": "15.03.2021 01:59",
            "open": "6.5973",
            "high": "6.5973",
            "low": "6.5835",
            "close": "6.5853"
        },
        {
            "time": "15.03.2021 02:00",
            "open": "6.5853",
            "high": "6.5853",
            "low": "6.5831",
            "close": "6.6104"
        },
        {
            "time": "15.03.2021 02:06",
            "open": "6.6104",
            "high": "6.6104",
            "low": "6.5898",
            "close": "6.5896"
        },
        {
            "time": "15.03.2021 02:08",
            "open": "6.5896",
            "high": "6.5896",
            "low": "6.5896",
            "close": "6.5908"
        },
        {
            "time": "15.03.2021 02:11",
            "open": "6.5908",
            "high": "6.5908",
            "low": "6.5908",
            "close": "6.5803"
        },
        {
            "time": "15.03.2021 02:15",
            "open": "6.5803",
            "high": "6.5803",
            "low": "6.5803",
            "close": "6.5959"
        },
        {
            "time": "15.03.2021 02:20",
            "open": "6.5959",
            "high": "6.6076",
            "low": "6.5959",
            "close": "6.6123"
        },
        {
            "time": "15.03.2021 02:21",
            "open": "6.6123",
            "high": "6.6178",
            "low": "6.6123",
            "close": "6.6338"
        },
        {
            "time": "15.03.2021 02:24",
            "open": "6.6338",
            "high": "6.6388",
            "low": "6.6338",
            "close": "6.623"
        },
        {
            "time": "15.03.2021 02:28",
            "open": "6.623",
            "high": "6.623",
            "low": "6.6229",
            "close": "6.6231"
        },
        {
            "time": "15.03.2021 02:30",
            "open": "6.6231",
            "high": "6.6231",
            "low": "6.6231",
            "close": "6.6262"
        },
        {
            "time": "15.03.2021 02:34",
            "open": "6.6262",
            "high": "6.6262",
            "low": "6.6241",
            "close": "6.6249"
        },
        {
            "time": "15.03.2021 02:35",
            "open": "6.6249",
            "high": "6.6249",
            "low": "6.6232",
            "close": "6.6267"
        },
        {
            "time": "15.03.2021 02:38",
            "open": "6.6267",
            "high": "6.6267",
            "low": "6.6267",
            "close": "6.6267"
        },
        {
            "time": "15.03.2021 02:39",
            "open": "6.6267",
            "high": "6.6267",
            "low": "6.626",
            "close": "6.6267"
        },
        {
            "time": "15.03.2021 02:40",
            "open": "6.6267",
            "high": "6.6391",
            "low": "6.6267",
            "close": "6.6394"
        },
        {
            "time": "15.03.2021 02:41",
            "open": "6.6394",
            "high": "6.6408",
            "low": "6.6394",
            "close": "6.6474"
        },
        {
            "time": "15.03.2021 02:42",
            "open": "6.6474",
            "high": "6.6474",
            "low": "6.6474",
            "close": "6.6398"
        },
        {
            "time": "15.03.2021 02:45",
            "open": "6.6398",
            "high": "6.6398",
            "low": "6.6398",
            "close": "6.6286"
        },
        {
            "time": "15.03.2021 02:48",
            "open": "6.6286",
            "high": "6.6286",
            "low": "6.6286",
            "close": "6.6831"
        },
        {
            "time": "15.03.2021 03:00",
            "open": "6.6831",
            "high": "6.6831",
            "low": "6.6831",
            "close": "6.6771"
        },
        {
            "time": "15.03.2021 03:05",
            "open": "6.6771",
            "high": "6.6831",
            "low": "6.677",
            "close": "6.6831"
        },
        {
            "time": "15.03.2021 03:19",
            "open": "6.6831",
            "high": "6.6831",
            "low": "6.6831",
            "close": "6.6831"
        },
        {
            "time": "15.03.2021 03:20",
            "open": "6.6831",
            "high": "6.6831",
            "low": "6.6609",
            "close": "6.6609"
        },
        {
            "time": "15.03.2021 03:21",
            "open": "6.6609",
            "high": "6.683",
            "low": "6.6609",
            "close": "6.6824"
        },
        {
            "time": "15.03.2021 03:27",
            "open": "6.6824",
            "high": "6.6824",
            "low": "6.6824",
            "close": "6.6964"
        },
        {
            "time": "15.03.2021 03:39",
            "open": "6.6964",
            "high": "6.7",
            "low": "6.6964",
            "close": "6.72"
        },
        {
            "time": "15.03.2021 03:43",
            "open": "6.72",
            "high": "6.7287",
            "low": "6.72",
            "close": "6.7204"
        },
        {
            "time": "15.03.2021 03:51",
            "open": "6.7204",
            "high": "6.7309",
            "low": "6.7204",
            "close": "6.7217"
        },
        {
            "time": "15.03.2021 03:52",
            "open": "6.7217",
            "high": "6.7291",
            "low": "6.7216",
            "close": "6.7303"
        },
        {
            "time": "15.03.2021 03:53",
            "open": "6.7303",
            "high": "6.7303",
            "low": "6.7303",
            "close": "6.7304"
        },
        {
            "time": "15.03.2021 03:54",
            "open": "6.7304",
            "high": "6.7304",
            "low": "6.7299",
            "close": "6.7363"
        },
        {
            "time": "15.03.2021 03:55",
            "open": "6.7363",
            "high": "6.7363",
            "low": "6.7329",
            "close": "6.7364"
        },
        {
            "time": "15.03.2021 03:56",
            "open": "6.7364",
            "high": "6.7399",
            "low": "6.7361",
            "close": "6.7363"
        },
        {
            "time": "15.03.2021 03:57",
            "open": "6.7363",
            "high": "6.74",
            "low": "6.7351",
            "close": "6.74"
        },
        {
            "time": "15.03.2021 03:58",
            "open": "6.74",
            "high": "6.74",
            "low": "6.7345",
            "close": "6.7392"
        },
        {
            "time": "15.03.2021 03:59",
            "open": "6.7392",
            "high": "6.7399",
            "low": "6.7324",
            "close": "6.74"
        },
        {
            "time": "15.03.2021 04:01",
            "open": "6.74",
            "high": "6.755",
            "low": "6.7372",
            "close": "6.7401"
        },
        {
            "time": "15.03.2021 04:02",
            "open": "6.7401",
            "high": "6.7401",
            "low": "6.7391",
            "close": "6.7377"
        },
        {
            "time": "15.03.2021 04:03",
            "open": "6.7377",
            "high": "6.7559",
            "low": "6.7377",
            "close": "6.752"
        },
        {
            "time": "15.03.2021 04:04",
            "open": "6.752",
            "high": "6.763",
            "low": "6.7484",
            "close": "6.7571"
        },
        {
            "time": "15.03.2021 04:05",
            "open": "6.7571",
            "high": "6.7571",
            "low": "6.7571",
            "close": "6.7607"
        },
        {
            "time": "15.03.2021 04:06",
            "open": "6.7607",
            "high": "6.7607",
            "low": "6.7607",
            "close": "6.7673"
        },
        {
            "time": "15.03.2021 04:08",
            "open": "6.7673",
            "high": "6.7676",
            "low": "6.7667",
            "close": "6.7667"
        },
        {
            "time": "15.03.2021 04:09",
            "open": "6.7667",
            "high": "6.7708",
            "low": "6.7667",
            "close": "6.7707"
        },
        {
            "time": "15.03.2021 04:10",
            "open": "6.7707",
            "high": "6.7707",
            "low": "6.7688",
            "close": "6.7564"
        },
        {
            "time": "15.03.2021 04:12",
            "open": "6.7564",
            "high": "6.7564",
            "low": "6.7562",
            "close": "6.7562"
        },
        {
            "time": "15.03.2021 04:13",
            "open": "6.7562",
            "high": "6.7562",
            "low": "6.7562",
            "close": "6.7498"
        },
        {
            "time": "15.03.2021 04:18",
            "open": "6.7498",
            "high": "6.7498",
            "low": "6.7497",
            "close": "6.7628"
        },
        {
            "time": "15.03.2021 04:23",
            "open": "6.7628",
            "high": "6.7628",
            "low": "6.7628",
            "close": "6.7733"
        },
        {
            "time": "15.03.2021 04:28",
            "open": "6.7733",
            "high": "6.85",
            "low": "6.7733",
            "close": "6.835"
        },
        {
            "time": "15.03.2021 04:29",
            "open": "6.835",
            "high": "6.835",
            "low": "6.7653",
            "close": "6.7783"
        },
        {
            "time": "15.03.2021 04:30",
            "open": "6.7783",
            "high": "6.7961",
            "low": "6.7729",
            "close": "6.7685"
        },
        {
            "time": "15.03.2021 04:31",
            "open": "6.7685",
            "high": "6.7705",
            "low": "6.7685",
            "close": "6.7612"
        },
        {
            "time": "15.03.2021 04:32",
            "open": "6.7612",
            "high": "6.7612",
            "low": "6.7612",
            "close": "6.7737"
        },
        {
            "time": "15.03.2021 04:33",
            "open": "6.7737",
            "high": "6.7737",
            "low": "6.766",
            "close": "6.7528"
        },
        {
            "time": "15.03.2021 04:34",
            "open": "6.7528",
            "high": "6.7528",
            "low": "6.7528",
            "close": "6.746"
        },
        {
            "time": "15.03.2021 04:36",
            "open": "6.746",
            "high": "6.748",
            "low": "6.746",
            "close": "6.7544"
        },
        {
            "time": "15.03.2021 04:37",
            "open": "6.7544",
            "high": "6.7544",
            "low": "6.7544",
            "close": "6.745"
        },
        {
            "time": "15.03.2021 04:39",
            "open": "6.745",
            "high": "6.745",
            "low": "6.745",
            "close": "6.7328"
        },
        {
            "time": "15.03.2021 04:40",
            "open": "6.7328",
            "high": "6.7328",
            "low": "6.7328",
            "close": "6.7304"
        },
        {
            "time": "15.03.2021 04:43",
            "open": "6.7304",
            "high": "6.7304",
            "low": "6.7304",
            "close": "6.7241"
        },
        {
            "time": "15.03.2021 04:44",
            "open": "6.7241",
            "high": "6.7241",
            "low": "6.7241",
            "close": "6.7241"
        },
        {
            "time": "15.03.2021 04:47",
            "open": "6.7241",
            "high": "6.7476",
            "low": "6.7241",
            "close": "6.7555"
        },
        {
            "time": "15.03.2021 04:56",
            "open": "6.7555",
            "high": "6.7555",
            "low": "6.7555",
            "close": "6.7792"
        },
        {
            "time": "15.03.2021 04:59",
            "open": "6.7792",
            "high": "6.7793",
            "low": "6.7792",
            "close": "6.7877"
        },
        {
            "time": "15.03.2021 05:02",
            "open": "6.7877",
            "high": "6.7877",
            "low": "6.7877",
            "close": "6.7942"
        },
        {
            "time": "15.03.2021 05:06",
            "open": "6.7942",
            "high": "6.7942",
            "low": "6.7942",
            "close": "6.7937"
        },
        {
            "time": "15.03.2021 05:07",
            "open": "6.7937",
            "high": "6.7937",
            "low": "6.7925",
            "close": "6.8197"
        },
        {
            "time": "15.03.2021 05:10",
            "open": "6.8197",
            "high": "6.8198",
            "low": "6.7933",
            "close": "6.7936"
        },
        {
            "time": "15.03.2021 05:14",
            "open": "6.7936",
            "high": "6.7936",
            "low": "6.7936",
            "close": "6.7755"
        },
        {
            "time": "15.03.2021 05:18",
            "open": "6.7755",
            "high": "6.7755",
            "low": "6.7755",
            "close": "6.7448"
        },
        {
            "time": "15.03.2021 05:26",
            "open": "6.7448",
            "high": "6.7448",
            "low": "6.7438",
            "close": "6.7433"
        },
        {
            "time": "15.03.2021 05:27",
            "open": "6.7433",
            "high": "6.7433",
            "low": "6.7433",
            "close": "6.744"
        },
        {
            "time": "15.03.2021 05:30",
            "open": "6.744",
            "high": "6.744",
            "low": "6.744",
            "close": "6.744"
        },
        {
            "time": "15.03.2021 05:31",
            "open": "6.744",
            "high": "6.744",
            "low": "6.7404",
            "close": "6.7072"
        },
        {
            "time": "15.03.2021 05:34",
            "open": "6.7072",
            "high": "6.7072",
            "low": "6.7072",
            "close": "6.7153"
        },
        {
            "time": "15.03.2021 05:35",
            "open": "6.7153",
            "high": "6.7228",
            "low": "6.7153",
            "close": "6.7195"
        },
        {
            "time": "15.03.2021 05:38",
            "open": "6.7195",
            "high": "6.7197",
            "low": "6.7195",
            "close": "6.7257"
        },
        {
            "time": "15.03.2021 05:42",
            "open": "6.7257",
            "high": "6.7258",
            "low": "6.7257",
            "close": "6.7036"
        },
        {
            "time": "15.03.2021 05:47",
            "open": "6.7036",
            "high": "6.7036",
            "low": "6.7036",
            "close": "6.6912"
        },
        {
            "time": "15.03.2021 05:49",
            "open": "6.6912",
            "high": "6.6912",
            "low": "6.6911",
            "close": "6.6911"
        },
        {
            "time": "15.03.2021 05:51",
            "open": "6.6911",
            "high": "6.6911",
            "low": "6.6911",
            "close": "6.6652"
        },
        {
            "time": "15.03.2021 06:03",
            "open": "6.6652",
            "high": "6.6652",
            "low": "6.6652",
            "close": "6.6615"
        },
        {
            "time": "15.03.2021 06:18",
            "open": "6.6615",
            "high": "6.6615",
            "low": "6.6615",
            "close": "6.66"
        },
        {
            "time": "15.03.2021 06:25",
            "open": "6.66",
            "high": "6.66",
            "low": "6.66",
            "close": "6.6567"
        },
        {
            "time": "15.03.2021 06:26",
            "open": "6.6567",
            "high": "6.6568",
            "low": "6.6567",
            "close": "6.6568"
        },
        {
            "time": "15.03.2021 06:30",
            "open": "6.6568",
            "high": "6.657",
            "low": "6.6568",
            "close": "6.657"
        },
        {
            "time": "15.03.2021 06:34",
            "open": "6.657",
            "high": "6.657",
            "low": "6.657",
            "close": "6.6568"
        },
        {
            "time": "15.03.2021 06:36",
            "open": "6.6568",
            "high": "6.6576",
            "low": "6.6568",
            "close": "6.6567"
        },
        {
            "time": "15.03.2021 06:37",
            "open": "6.6567",
            "high": "6.6567",
            "low": "6.6567",
            "close": "6.6276"
        },
        {
            "time": "15.03.2021 06:43",
            "open": "6.6276",
            "high": "6.6585",
            "low": "6.6276",
            "close": "6.6251"
        },
        {
            "time": "15.03.2021 06:45",
            "open": "6.6251",
            "high": "6.6251",
            "low": "6.6251",
            "close": "6.6263"
        },
        {
            "time": "15.03.2021 06:48",
            "open": "6.6263",
            "high": "6.6263",
            "low": "6.623",
            "close": "6.6"
        },
        {
            "time": "15.03.2021 06:50",
            "open": "6.6",
            "high": "6.6",
            "low": "6.6",
            "close": "6.6001"
        },
        {
            "time": "15.03.2021 06:51",
            "open": "6.6001",
            "high": "6.6001",
            "low": "6.6001",
            "close": "6.6001"
        },
        {
            "time": "15.03.2021 06:52",
            "open": "6.6001",
            "high": "6.6001",
            "low": "6.6001",
            "close": "6.6"
        },
        {
            "time": "15.03.2021 06:53",
            "open": "6.6",
            "high": "6.6",
            "low": "6.5989",
            "close": "6.5878"
        },
        {
            "time": "15.03.2021 06:55",
            "open": "6.5878",
            "high": "6.5878",
            "low": "6.5878",
            "close": "6.5794"
        },
        {
            "time": "15.03.2021 06:56",
            "open": "6.5794",
            "high": "6.6245",
            "low": "6.5794",
            "close": "6.5951"
        },
        {
            "time": "15.03.2021 06:57",
            "open": "6.5951",
            "high": "6.5951",
            "low": "6.5951",
            "close": "6.5594"
        },
        {
            "time": "15.03.2021 07:01",
            "open": "6.5594",
            "high": "6.5705",
            "low": "6.5562",
            "close": "6.5889"
        },
        {
            "time": "15.03.2021 07:02",
            "open": "6.5889",
            "high": "6.6044",
            "low": "6.5889",
            "close": "6.6033"
        },
        {
            "time": "15.03.2021 07:03",
            "open": "6.6033",
            "high": "6.6033",
            "low": "6.6007",
            "close": "6.6213"
        },
        {
            "time": "15.03.2021 07:06",
            "open": "6.6213",
            "high": "6.6213",
            "low": "6.6213",
            "close": "6.6195"
        },
        {
            "time": "15.03.2021 07:07",
            "open": "6.6195",
            "high": "6.6195",
            "low": "6.6192",
            "close": "6.6239"
        },
        {
            "time": "15.03.2021 07:08",
            "open": "6.6239",
            "high": "6.6239",
            "low": "6.6239",
            "close": "6.5961"
        },
        {
            "time": "15.03.2021 07:21",
            "open": "6.5961",
            "high": "6.5961",
            "low": "6.5961",
            "close": "6.5961"
        },
        {
            "time": "15.03.2021 07:23",
            "open": "6.5961",
            "high": "6.5961",
            "low": "6.5961",
            "close": "6.5632"
        },
        {
            "time": "15.03.2021 07:25",
            "open": "6.5632",
            "high": "6.5632",
            "low": "6.5632",
            "close": "6.5721"
        },
        {
            "time": "15.03.2021 07:29",
            "open": "6.5721",
            "high": "6.5721",
            "low": "6.5721",
            "close": "6.572"
        },
        {
            "time": "15.03.2021 07:30",
            "open": "6.572",
            "high": "6.572",
            "low": "6.5632",
            "close": "6.5632"
        },
        {
            "time": "15.03.2021 07:32",
            "open": "6.5632",
            "high": "6.5632",
            "low": "6.5457",
            "close": "6.5457"
        },
        {
            "time": "15.03.2021 07:33",
            "open": "6.5457",
            "high": "6.5457",
            "low": "6.5424",
            "close": "6.5241"
        },
        {
            "time": "15.03.2021 07:37",
            "open": "6.5241",
            "high": "6.5241",
            "low": "6.5236",
            "close": "6.536"
        },
        {
            "time": "15.03.2021 07:39",
            "open": "6.536",
            "high": "6.536",
            "low": "6.536",
            "close": "6.532"
        },
        {
            "time": "15.03.2021 07:46",
            "open": "6.532",
            "high": "6.532",
            "low": "6.532",
            "close": "6.536"
        },
        {
            "time": "15.03.2021 07:48",
            "open": "6.536",
            "high": "6.536",
            "low": "6.536",
            "close": "6.5777"
        },
        {
            "time": "15.03.2021 07:51",
            "open": "6.5777",
            "high": "6.5777",
            "low": "6.5777",
            "close": "6.5734"
        },
        {
            "time": "15.03.2021 07:54",
            "open": "6.5734",
            "high": "6.5734",
            "low": "6.5734",
            "close": "6.5721"
        },
        {
            "time": "15.03.2021 07:55",
            "open": "6.5721",
            "high": "6.5722",
            "low": "6.5721",
            "close": "6.5733"
        },
        {
            "time": "15.03.2021 07:56",
            "open": "6.5733",
            "high": "6.5733",
            "low": "6.5733",
            "close": "6.5615"
        },
        {
            "time": "15.03.2021 07:57",
            "open": "6.5615",
            "high": "6.5722",
            "low": "6.5615",
            "close": "6.5649"
        },
        {
            "time": "15.03.2021 07:58",
            "open": "6.5649",
            "high": "6.5649",
            "low": "6.5649",
            "close": "6.5824"
        },
        {
            "time": "15.03.2021 07:59",
            "open": "6.5824",
            "high": "6.5824",
            "low": "6.5824",
            "close": "6.5534"
        },
        {
            "time": "15.03.2021 08:01",
            "open": "6.5534",
            "high": "6.5534",
            "low": "6.5534",
            "close": "6.51"
        },
        {
            "time": "15.03.2021 08:07",
            "open": "6.51",
            "high": "6.5415",
            "low": "6.51",
            "close": "6.5288"
        },
        {
            "time": "15.03.2021 08:08",
            "open": "6.5288",
            "high": "6.5288",
            "low": "6.5286",
            "close": "6.5283"
        },
        {
            "time": "15.03.2021 08:10",
            "open": "6.5283",
            "high": "6.5283",
            "low": "6.5283",
            "close": "6.5283"
        },
        {
            "time": "15.03.2021 08:11",
            "open": "6.5283",
            "high": "6.5283",
            "low": "6.5283",
            "close": "6.5271"
        },
        {
            "time": "15.03.2021 08:16",
            "open": "6.5271",
            "high": "6.5271",
            "low": "6.5271",
            "close": "6.4718"
        },
        {
            "time": "15.03.2021 08:17",
            "open": "6.4718",
            "high": "6.4718",
            "low": "6.4718",
            "close": "6.4866"
        },
        {
            "time": "15.03.2021 08:18",
            "open": "6.4866",
            "high": "6.4866",
            "low": "6.4866",
            "close": "6.4817"
        },
        {
            "time": "15.03.2021 08:20",
            "open": "6.4817",
            "high": "6.4899",
            "low": "6.4817",
            "close": "6.484"
        },
        {
            "time": "15.03.2021 08:21",
            "open": "6.484",
            "high": "6.484",
            "low": "6.4839",
            "close": "6.4613"
        },
        {
            "time": "15.03.2021 08:22",
            "open": "6.4613",
            "high": "6.4613",
            "low": "6.46",
            "close": "6.46"
        },
        {
            "time": "15.03.2021 08:23",
            "open": "6.46",
            "high": "6.46",
            "low": "6.45",
            "close": "6.4401"
        },
        {
            "time": "15.03.2021 08:24",
            "open": "6.4401",
            "high": "6.4487",
            "low": "6.4365",
            "close": "6.4365"
        },
        {
            "time": "15.03.2021 08:25",
            "open": "6.4365",
            "high": "6.4365",
            "low": "6.4204",
            "close": "6.4259"
        },
        {
            "time": "15.03.2021 08:26",
            "open": "6.4259",
            "high": "6.4451",
            "low": "6.4259",
            "close": "6.4615"
        },
        {
            "time": "15.03.2021 08:27",
            "open": "6.4615",
            "high": "6.462",
            "low": "6.4615",
            "close": "6.4827"
        },
        {
            "time": "15.03.2021 08:28",
            "open": "6.4827",
            "high": "6.4827",
            "low": "6.4827",
            "close": "6.4827"
        },
        {
            "time": "15.03.2021 08:30",
            "open": "6.4827",
            "high": "6.4827",
            "low": "6.4827",
            "close": "6.4984"
        },
        {
            "time": "15.03.2021 08:31",
            "open": "6.4984",
            "high": "6.4984",
            "low": "6.4984",
            "close": "6.5049"
        },
        {
            "time": "15.03.2021 08:32",
            "open": "6.5049",
            "high": "6.505",
            "low": "6.5049",
            "close": "6.5216"
        },
        {
            "time": "15.03.2021 08:33",
            "open": "6.5216",
            "high": "6.5216",
            "low": "6.5216",
            "close": "6.5166"
        },
        {
            "time": "15.03.2021 08:34",
            "open": "6.5166",
            "high": "6.5166",
            "low": "6.5166",
            "close": "6.5234"
        },
        {
            "time": "15.03.2021 08:41",
            "open": "6.5234",
            "high": "6.5234",
            "low": "6.5234",
            "close": "6.527"
        },
        {
            "time": "15.03.2021 08:45",
            "open": "6.527",
            "high": "6.527",
            "low": "6.527",
            "close": "6.5271"
        },
        {
            "time": "15.03.2021 08:50",
            "open": "6.5271",
            "high": "6.53",
            "low": "6.524",
            "close": "6.4984"
        },
        {
            "time": "15.03.2021 08:53",
            "open": "6.4984",
            "high": "6.4984",
            "low": "6.4984",
            "close": "6.4803"
        },
        {
            "time": "15.03.2021 08:57",
            "open": "6.4803",
            "high": "6.4803",
            "low": "6.4803",
            "close": "6.4964"
        },
        {
            "time": "15.03.2021 08:58",
            "open": "6.4964",
            "high": "6.4975",
            "low": "6.4962",
            "close": "6.4978"
        },
        {
            "time": "15.03.2021 08:59",
            "open": "6.4978",
            "high": "6.4978",
            "low": "6.4797",
            "close": "6.4741"
        },
        {
            "time": "15.03.2021 09:00",
            "open": "6.4741",
            "high": "6.4741",
            "low": "6.4741",
            "close": "6.4376"
        },
        {
            "time": "15.03.2021 09:01",
            "open": "6.4376",
            "high": "6.44",
            "low": "6.4376",
            "close": "6.4726"
        },
        {
            "time": "15.03.2021 09:04",
            "open": "6.4726",
            "high": "6.4726",
            "low": "6.4726",
            "close": "6.5188"
        },
        {
            "time": "15.03.2021 09:06",
            "open": "6.5188",
            "high": "6.5188",
            "low": "6.5188",
            "close": "6.5353"
        },
        {
            "time": "15.03.2021 09:07",
            "open": "6.5353",
            "high": "6.5353",
            "low": "6.5353",
            "close": "6.5214"
        },
        {
            "time": "15.03.2021 09:08",
            "open": "6.5214",
            "high": "6.5214",
            "low": "6.5213",
            "close": "6.5096"
        },
        {
            "time": "15.03.2021 09:09",
            "open": "6.5096",
            "high": "6.5096",
            "low": "6.5096",
            "close": "6.5105"
        },
        {
            "time": "15.03.2021 09:10",
            "open": "6.5105",
            "high": "6.5105",
            "low": "6.5105",
            "close": "6.5166"
        },
        {
            "time": "15.03.2021 09:11",
            "open": "6.5166",
            "high": "6.5166",
            "low": "6.4947",
            "close": "6.4822"
        },
        {
            "time": "15.03.2021 09:12",
            "open": "6.4822",
            "high": "6.4822",
            "low": "6.4822",
            "close": "6.5271"
        },
        {
            "time": "15.03.2021 09:15",
            "open": "6.5271",
            "high": "6.5271",
            "low": "6.5271",
            "close": "6.5156"
        },
        {
            "time": "15.03.2021 09:16",
            "open": "6.5156",
            "high": "6.5157",
            "low": "6.5156",
            "close": "6.5469"
        },
        {
            "time": "15.03.2021 09:18",
            "open": "6.5469",
            "high": "6.5469",
            "low": "6.5469",
            "close": "6.5435"
        },
        {
            "time": "15.03.2021 09:23",
            "open": "6.5435",
            "high": "6.5435",
            "low": "6.5435",
            "close": "6.5519"
        },
        {
            "time": "15.03.2021 09:24",
            "open": "6.5519",
            "high": "6.5519",
            "low": "6.5519",
            "close": "6.5674"
        },
        {
            "time": "15.03.2021 09:25",
            "open": "6.5674",
            "high": "6.5674",
            "low": "6.5638",
            "close": "6.5655"
        },
        {
            "time": "15.03.2021 09:26",
            "open": "6.5655",
            "high": "6.5675",
            "low": "6.5609",
            "close": "6.5396"
        },
        {
            "time": "15.03.2021 09:29",
            "open": "6.5396",
            "high": "6.5396",
            "low": "6.5396",
            "close": "6.5222"
        },
        {
            "time": "15.03.2021 09:33",
            "open": "6.5222",
            "high": "6.5222",
            "low": "6.5222",
            "close": "6.5215"
        },
        {
            "time": "15.03.2021 09:35",
            "open": "6.5215",
            "high": "6.5215",
            "low": "6.5215",
            "close": "6.5123"
        },
        {
            "time": "15.03.2021 09:38",
            "open": "6.5123",
            "high": "6.5123",
            "low": "6.5123",
            "close": "6.5364"
        },
        {
            "time": "15.03.2021 09:42",
            "open": "6.5364",
            "high": "6.5364",
            "low": "6.5364",
            "close": "6.5304"
        },
        {
            "time": "15.03.2021 09:43",
            "open": "6.5304",
            "high": "6.5304",
            "low": "6.5304",
            "close": "6.5141"
        },
        {
            "time": "15.03.2021 09:44",
            "open": "6.5141",
            "high": "6.5141",
            "low": "6.5097",
            "close": "6.5203"
        },
        {
            "time": "15.03.2021 09:45",
            "open": "6.5203",
            "high": "6.5203",
            "low": "6.5203",
            "close": "6.5094"
        },
        {
            "time": "15.03.2021 09:47",
            "open": "6.5094",
            "high": "6.5094",
            "low": "6.5094",
            "close": "6.4825"
        },
        {
            "time": "15.03.2021 09:51",
            "open": "6.4825",
            "high": "6.4825",
            "low": "6.4822",
            "close": "6.4822"
        },
        {
            "time": "15.03.2021 09:52",
            "open": "6.4822",
            "high": "6.4822",
            "low": "6.4822",
            "close": "6.4875"
        },
        {
            "time": "15.03.2021 09:54",
            "open": "6.4875",
            "high": "6.4875",
            "low": "6.4875",
            "close": "6.4797"
        },
        {
            "time": "15.03.2021 09:59",
            "open": "6.4797",
            "high": "6.4797",
            "low": "6.4737",
            "close": "6.4762"
        },
        {
            "time": "15.03.2021 10:00",
            "open": "6.4762",
            "high": "6.4762",
            "low": "6.4762",
            "close": "6.4247"
        },
        {
            "time": "15.03.2021 10:01",
            "open": "6.4247",
            "high": "6.4254",
            "low": "6.4247",
            "close": "6.4759"
        },
        {
            "time": "15.03.2021 10:05",
            "open": "6.4759",
            "high": "6.4759",
            "low": "6.4598",
            "close": "6.474"
        },
        {
            "time": "15.03.2021 10:08",
            "open": "6.474",
            "high": "6.474",
            "low": "6.474",
            "close": "6.4687"
        },
        {
            "time": "15.03.2021 10:10",
            "open": "6.4687",
            "high": "6.4824",
            "low": "6.4675",
            "close": "6.461"
        },
        {
            "time": "15.03.2021 10:12",
            "open": "6.461",
            "high": "6.461",
            "low": "6.4354",
            "close": "6.4748"
        },
        {
            "time": "15.03.2021 10:17",
            "open": "6.4748",
            "high": "6.4749",
            "low": "6.4748",
            "close": "6.467"
        },
        {
            "time": "15.03.2021 10:18",
            "open": "6.467",
            "high": "6.467",
            "low": "6.467",
            "close": "6.4809"
        },
        {
            "time": "15.03.2021 10:19",
            "open": "6.4809",
            "high": "6.4817",
            "low": "6.4809",
            "close": "6.4417"
        },
        {
            "time": "15.03.2021 10:20",
            "open": "6.4417",
            "high": "6.4417",
            "low": "6.4417",
            "close": "6.4144"
        },
        {
            "time": "15.03.2021 10:22",
            "open": "6.4144",
            "high": "6.4144",
            "low": "6.3681",
            "close": "6.4106"
        },
        {
            "time": "15.03.2021 10:23",
            "open": "6.4106",
            "high": "6.4121",
            "low": "6.3975",
            "close": "6.3501"
        },
        {
            "time": "15.03.2021 10:24",
            "open": "6.3501",
            "high": "6.3501",
            "low": "6.3207",
            "close": "6.3512"
        },
        {
            "time": "15.03.2021 10:25",
            "open": "6.3512",
            "high": "6.3984",
            "low": "6.3512",
            "close": "6.448"
        },
        {
            "time": "15.03.2021 10:26",
            "open": "6.448",
            "high": "6.448",
            "low": "6.379",
            "close": "6.3938"
        },
        {
            "time": "15.03.2021 10:27",
            "open": "6.3938",
            "high": "6.394",
            "low": "6.3906",
            "close": "6.38"
        },
        {
            "time": "15.03.2021 10:28",
            "open": "6.38",
            "high": "6.38",
            "low": "6.38",
            "close": "6.3866"
        },
        {
            "time": "15.03.2021 10:30",
            "open": "6.3866",
            "high": "6.3866",
            "low": "6.3866",
            "close": "6.3839"
        },
        {
            "time": "15.03.2021 10:32",
            "open": "6.3839",
            "high": "6.3839",
            "low": "6.3613",
            "close": "6.3546"
        },
        {
            "time": "15.03.2021 10:35",
            "open": "6.3546",
            "high": "6.3551",
            "low": "6.3543",
            "close": "6.3706"
        },
        {
            "time": "15.03.2021 10:40",
            "open": "6.3706",
            "high": "6.3706",
            "low": "6.3706",
            "close": "6.3052"
        },
        {
            "time": "15.03.2021 10:41",
            "open": "6.3052",
            "high": "6.3052",
            "low": "6.2962",
            "close": "6.3121"
        },
        {
            "time": "15.03.2021 10:42",
            "open": "6.3121",
            "high": "6.3518",
            "low": "6.3121",
            "close": "6.3598"
        },
        {
            "time": "15.03.2021 10:44",
            "open": "6.3598",
            "high": "6.3598",
            "low": "6.342",
            "close": "6.3392"
        },
        {
            "time": "15.03.2021 10:45",
            "open": "6.3392",
            "high": "6.3392",
            "low": "6.3204",
            "close": "6.3325"
        },
        {
            "time": "15.03.2021 10:46",
            "open": "6.3325",
            "high": "6.3325",
            "low": "6.3325",
            "close": "6.3393"
        },
        {
            "time": "15.03.2021 10:47",
            "open": "6.3393",
            "high": "6.3393",
            "low": "6.3393",
            "close": "6.32"
        },
        {
            "time": "15.03.2021 10:48",
            "open": "6.32",
            "high": "6.3244",
            "low": "6.32",
            "close": "6.3047"
        },
        {
            "time": "15.03.2021 10:50",
            "open": "6.3047",
            "high": "6.3047",
            "low": "6.3046",
            "close": "6.3244"
        },
        {
            "time": "15.03.2021 10:51",
            "open": "6.3244",
            "high": "6.3244",
            "low": "6.3141",
            "close": "6.3181"
        },
        {
            "time": "15.03.2021 10:52",
            "open": "6.3181",
            "high": "6.3444",
            "low": "6.318",
            "close": "6.34"
        },
        {
            "time": "15.03.2021 10:54",
            "open": "6.34",
            "high": "6.34",
            "low": "6.34",
            "close": "6.341"
        },
        {
            "time": "15.03.2021 10:55",
            "open": "6.341",
            "high": "6.341",
            "low": "6.3225",
            "close": "6.3634"
        },
        {
            "time": "15.03.2021 10:59",
            "open": "6.3634",
            "high": "6.3634",
            "low": "6.3634",
            "close": "6.3685"
        },
        {
            "time": "15.03.2021 11:00",
            "open": "6.3685",
            "high": "6.3685",
            "low": "6.3685",
            "close": "6.3596"
        },
        {
            "time": "15.03.2021 11:02",
            "open": "6.3596",
            "high": "6.3596",
            "low": "6.3571",
            "close": "6.3681"
        },
        {
            "time": "15.03.2021 11:06",
            "open": "6.3681",
            "high": "6.3681",
            "low": "6.3671",
            "close": "6.3804"
        },
        {
            "time": "15.03.2021 11:08",
            "open": "6.3804",
            "high": "6.3933",
            "low": "6.3804",
            "close": "6.4"
        },
        {
            "time": "15.03.2021 11:09",
            "open": "6.4",
            "high": "6.4245",
            "low": "6.4",
            "close": "6.4132"
        },
        {
            "time": "15.03.2021 11:11",
            "open": "6.4132",
            "high": "6.4132",
            "low": "6.3932",
            "close": "6.4294"
        },
        {
            "time": "15.03.2021 11:16",
            "open": "6.4294",
            "high": "6.4369",
            "low": "6.4294",
            "close": "6.4475"
        },
        {
            "time": "15.03.2021 11:21",
            "open": "6.4475",
            "high": "6.4475",
            "low": "6.4475",
            "close": "6.4001"
        },
        {
            "time": "15.03.2021 11:25",
            "open": "6.4001",
            "high": "6.4001",
            "low": "6.3961",
            "close": "6.4475"
        },
        {
            "time": "15.03.2021 11:32",
            "open": "6.4475",
            "high": "6.4498",
            "low": "6.4475",
            "close": "6.4414"
        },
        {
            "time": "15.03.2021 11:40",
            "open": "6.4414",
            "high": "6.4416",
            "low": "6.4414",
            "close": "6.4247"
        },
        {
            "time": "15.03.2021 11:44",
            "open": "6.4247",
            "high": "6.4374",
            "low": "6.4247",
            "close": "6.46"
        },
        {
            "time": "15.03.2021 11:53",
            "open": "6.46",
            "high": "6.46",
            "low": "6.46",
            "close": "6.4493"
        },
        {
            "time": "15.03.2021 11:55",
            "open": "6.4493",
            "high": "6.4494",
            "low": "6.4493",
            "close": "6.4748"
        },
        {
            "time": "15.03.2021 11:59",
            "open": "6.4748",
            "high": "6.4763",
            "low": "6.4748",
            "close": "6.4763"
        },
        {
            "time": "15.03.2021 12:00",
            "open": "6.4763",
            "high": "6.4763",
            "low": "6.4763",
            "close": "6.4776"
        },
        {
            "time": "15.03.2021 12:02",
            "open": "6.4776",
            "high": "6.4776",
            "low": "6.4776",
            "close": "6.4703"
        },
        {
            "time": "15.03.2021 12:10",
            "open": "6.4703",
            "high": "6.4703",
            "low": "6.4703",
            "close": "6.448"
        },
        {
            "time": "15.03.2021 12:12",
            "open": "6.448",
            "high": "6.448",
            "low": "6.4326",
            "close": "6.4282"
        },
        {
            "time": "15.03.2021 12:25",
            "open": "6.4282",
            "high": "6.4287",
            "low": "6.4282",
            "close": "6.4219"
        },
        {
            "time": "15.03.2021 12:27",
            "open": "6.4219",
            "high": "6.4219",
            "low": "6.4219",
            "close": "6.4421"
        },
        {
            "time": "15.03.2021 12:29",
            "open": "6.4421",
            "high": "6.4445",
            "low": "6.4421",
            "close": "6.4384"
        },
        {
            "time": "15.03.2021 12:31",
            "open": "6.4384",
            "high": "6.4384",
            "low": "6.43",
            "close": "6.4496"
        },
        {
            "time": "15.03.2021 12:32",
            "open": "6.4496",
            "high": "6.4496",
            "low": "6.4442",
            "close": "6.4511"
        },
        {
            "time": "15.03.2021 12:33",
            "open": "6.4511",
            "high": "6.4516",
            "low": "6.4511",
            "close": "6.4501"
        },
        {
            "time": "15.03.2021 12:34",
            "open": "6.4501",
            "high": "6.4501",
            "low": "6.4501",
            "close": "6.4553"
        },
        {
            "time": "15.03.2021 12:37",
            "open": "6.4553",
            "high": "6.4553",
            "low": "6.4553",
            "close": "6.4553"
        },
        {
            "time": "15.03.2021 12:46",
            "open": "6.4553",
            "high": "6.4553",
            "low": "6.4553",
            "close": "6.4345"
        },
        {
            "time": "15.03.2021 12:47",
            "open": "6.4345",
            "high": "6.4345",
            "low": "6.4345",
            "close": "6.4345"
        },
        {
            "time": "15.03.2021 12:49",
            "open": "6.4345",
            "high": "6.4345",
            "low": "6.4345",
            "close": "6.4377"
        },
        {
            "time": "15.03.2021 12:55",
            "open": "6.4377",
            "high": "6.4377",
            "low": "6.4377",
            "close": "6.43"
        },
        {
            "time": "15.03.2021 12:56",
            "open": "6.43",
            "high": "6.4319",
            "low": "6.43",
            "close": "6.4301"
        },
        {
            "time": "15.03.2021 12:57",
            "open": "6.4301",
            "high": "6.4301",
            "low": "6.43",
            "close": "6.4065"
        },
        {
            "time": "15.03.2021 12:58",
            "open": "6.4065",
            "high": "6.4065",
            "low": "6.4065",
            "close": "6.3932"
        },
        {
            "time": "15.03.2021 13:00",
            "open": "6.3932",
            "high": "6.3932",
            "low": "6.3932",
            "close": "6.4231"
        },
        {
            "time": "15.03.2021 13:01",
            "open": "6.4231",
            "high": "6.4231",
            "low": "6.4231",
            "close": "6.3975"
        },
        {
            "time": "15.03.2021 13:02",
            "open": "6.3975",
            "high": "6.3975",
            "low": "6.3975",
            "close": "6.4064"
        },
        {
            "time": "15.03.2021 13:05",
            "open": "6.4064",
            "high": "6.4064",
            "low": "6.4058",
            "close": "6.3448"
        },
        {
            "time": "15.03.2021 13:06",
            "open": "6.3448",
            "high": "6.3448",
            "low": "6.3448",
            "close": "6.3622"
        },
        {
            "time": "15.03.2021 13:11",
            "open": "6.3622",
            "high": "6.3622",
            "low": "6.3616",
            "close": "6.3366"
        },
        {
            "time": "15.03.2021 13:15",
            "open": "6.3366",
            "high": "6.3366",
            "low": "6.3366",
            "close": "6.3585"
        },
        {
            "time": "15.03.2021 13:16",
            "open": "6.3585",
            "high": "6.3585",
            "low": "6.3585",
            "close": "6.3642"
        },
        {
            "time": "15.03.2021 13:18",
            "open": "6.3642",
            "high": "6.3642",
            "low": "6.3642",
            "close": "6.3497"
        },
        {
            "time": "15.03.2021 13:19",
            "open": "6.3497",
            "high": "6.3497",
            "low": "6.3396",
            "close": "6.377"
        },
        {
            "time": "15.03.2021 13:25",
            "open": "6.377",
            "high": "6.377",
            "low": "6.377",
            "close": "6.3348"
        },
        {
            "time": "15.03.2021 13:26",
            "open": "6.3348",
            "high": "6.3439",
            "low": "6.3144",
            "close": "6.3438"
        },
        {
            "time": "15.03.2021 13:30",
            "open": "6.3438",
            "high": "6.3439",
            "low": "6.3438",
            "close": "6.3493"
        },
        {
            "time": "15.03.2021 13:37",
            "open": "6.3493",
            "high": "6.3689",
            "low": "6.3339",
            "close": "6.3376"
        },
        {
            "time": "15.03.2021 13:44",
            "open": "6.3376",
            "high": "6.3376",
            "low": "6.3376",
            "close": "6.3365"
        },
        {
            "time": "15.03.2021 13:45",
            "open": "6.3365",
            "high": "6.3365",
            "low": "6.3365",
            "close": "6.3581"
        },
        {
            "time": "15.03.2021 13:52",
            "open": "6.3581",
            "high": "6.3581",
            "low": "6.3581",
            "close": "6.3438"
        },
        {
            "time": "15.03.2021 13:54",
            "open": "6.3438",
            "high": "6.3438",
            "low": "6.3438",
            "close": "6.3531"
        },
        {
            "time": "15.03.2021 13:55",
            "open": "6.3531",
            "high": "6.3531",
            "low": "6.3531",
            "close": "6.3569"
        },
        {
            "time": "15.03.2021 13:56",
            "open": "6.3569",
            "high": "6.3569",
            "low": "6.3569",
            "close": "6.3593"
        },
        {
            "time": "15.03.2021 13:59",
            "open": "6.3593",
            "high": "6.3593",
            "low": "6.3593",
            "close": "6.3746"
        },
        {
            "time": "15.03.2021 14:00",
            "open": "6.3746",
            "high": "6.3746",
            "low": "6.3746",
            "close": "6.3699"
        },
        {
            "time": "15.03.2021 14:01",
            "open": "6.3699",
            "high": "6.3701",
            "low": "6.3699",
            "close": "6.3744"
        },
        {
            "time": "15.03.2021 14:03",
            "open": "6.3744",
            "high": "6.3744",
            "low": "6.3744",
            "close": "6.3766"
        },
        {
            "time": "15.03.2021 14:04",
            "open": "6.3766",
            "high": "6.3801",
            "low": "6.3766",
            "close": "6.3678"
        },
        {
            "time": "15.03.2021 14:06",
            "open": "6.3678",
            "high": "6.3679",
            "low": "6.3678",
            "close": "6.3854"
        },
        {
            "time": "15.03.2021 14:12",
            "open": "6.3854",
            "high": "6.3854",
            "low": "6.3854",
            "close": "6.398"
        },
        {
            "time": "15.03.2021 14:15",
            "open": "6.398",
            "high": "6.398",
            "low": "6.398",
            "close": "6.3788"
        },
        {
            "time": "15.03.2021 14:16",
            "open": "6.3788",
            "high": "6.3788",
            "low": "6.3754",
            "close": "6.409"
        },
        {
            "time": "15.03.2021 14:24",
            "open": "6.409",
            "high": "6.409",
            "low": "6.409",
            "close": "6.4213"
        },
        {
            "time": "15.03.2021 14:34",
            "open": "6.4213",
            "high": "6.4312",
            "low": "6.4213",
            "close": "6.409"
        },
        {
            "time": "15.03.2021 14:43",
            "open": "6.409",
            "high": "6.409",
            "low": "6.409",
            "close": "6.4089"
        },
        {
            "time": "15.03.2021 14:50",
            "open": "6.4089",
            "high": "6.409",
            "low": "6.4089",
            "close": "6.409"
        },
        {
            "time": "15.03.2021 14:51",
            "open": "6.409",
            "high": "6.409",
            "low": "6.3864",
            "close": "6.4054"
        },
        {
            "time": "15.03.2021 14:56",
            "open": "6.4054",
            "high": "6.4054",
            "low": "6.4054",
            "close": "6.4254"
        },
        {
            "time": "15.03.2021 14:59",
            "open": "6.4254",
            "high": "6.4254",
            "low": "6.4183",
            "close": "6.431"
        },
        {
            "time": "15.03.2021 15:03",
            "open": "6.431",
            "high": "6.4394",
            "low": "6.431",
            "close": "6.4198"
        },
        {
            "time": "15.03.2021 15:04",
            "open": "6.4198",
            "high": "6.4382",
            "low": "6.4198",
            "close": "6.4439"
        },
        {
            "time": "15.03.2021 15:07",
            "open": "6.4439",
            "high": "6.4571",
            "low": "6.4439",
            "close": "6.4577"
        },
        {
            "time": "15.03.2021 15:10",
            "open": "6.4577",
            "high": "6.4618",
            "low": "6.4577",
            "close": "6.4393"
        },
        {
            "time": "15.03.2021 15:15",
            "open": "6.4393",
            "high": "6.4393",
            "low": "6.4393",
            "close": "6.4466"
        },
        {
            "time": "15.03.2021 15:21",
            "open": "6.4466",
            "high": "6.4466",
            "low": "6.4466",
            "close": "6.4695"
        },
        {
            "time": "15.03.2021 15:23",
            "open": "6.4695",
            "high": "6.4695",
            "low": "6.4695",
            "close": "6.4631"
        },
        {
            "time": "15.03.2021 15:24",
            "open": "6.4631",
            "high": "6.4631",
            "low": "6.4631",
            "close": "6.4696"
        },
        {
            "time": "15.03.2021 15:25",
            "open": "6.4696",
            "high": "6.4696",
            "low": "6.4696",
            "close": "6.45"
        },
        {
            "time": "15.03.2021 15:31",
            "open": "6.45",
            "high": "6.4591",
            "low": "6.45",
            "close": "6.4697"
        },
        {
            "time": "15.03.2021 15:36",
            "open": "6.4697",
            "high": "6.4697",
            "low": "6.4697",
            "close": "6.4265"
        },
        {
            "time": "15.03.2021 15:42",
            "open": "6.4265",
            "high": "6.4269",
            "low": "6.4265",
            "close": "6.4208"
        },
        {
            "time": "15.03.2021 15:49",
            "open": "6.4208",
            "high": "6.4208",
            "low": "6.4208",
            "close": "6.4217"
        },
        {
            "time": "15.03.2021 15:52",
            "open": "6.4217",
            "high": "6.4217",
            "low": "6.4217",
            "close": "6.4009"
        },
        {
            "time": "15.03.2021 15:59",
            "open": "6.4009",
            "high": "6.4009",
            "low": "6.4009",
            "close": "6.3768"
        },
        {
            "time": "15.03.2021 16:00",
            "open": "6.3768",
            "high": "6.3768",
            "low": "6.3733",
            "close": "6.4309"
        },
        {
            "time": "15.03.2021 16:03",
            "open": "6.4309",
            "high": "6.4309",
            "low": "6.4309",
            "close": "6.4264"
        },
        {
            "time": "15.03.2021 16:06",
            "open": "6.4264",
            "high": "6.4264",
            "low": "6.4264",
            "close": "6.4436"
        },
        {
            "time": "15.03.2021 16:18",
            "open": "6.4436",
            "high": "6.4436",
            "low": "6.4436",
            "close": "6.44"
        },
        {
            "time": "15.03.2021 16:19",
            "open": "6.44",
            "high": "6.44",
            "low": "6.44",
            "close": "6.4454"
        },
        {
            "time": "15.03.2021 16:21",
            "open": "6.4454",
            "high": "6.4454",
            "low": "6.4454",
            "close": "6.4454"
        },
        {
            "time": "15.03.2021 16:27",
            "open": "6.4454",
            "high": "6.4454",
            "low": "6.4454",
            "close": "6.4454"
        },
        {
            "time": "15.03.2021 16:29",
            "open": "6.4454",
            "high": "6.4454",
            "low": "6.4454",
            "close": "6.44"
        },
        {
            "time": "15.03.2021 16:30",
            "open": "6.44",
            "high": "6.44",
            "low": "6.4264",
            "close": "6.4264"
        },
        {
            "time": "15.03.2021 16:31",
            "open": "6.4264",
            "high": "6.4264",
            "low": "6.4264",
            "close": "6.4127"
        },
        {
            "time": "15.03.2021 16:35",
            "open": "6.4127",
            "high": "6.4127",
            "low": "6.4127",
            "close": "6.4167"
        },
        {
            "time": "15.03.2021 16:46",
            "open": "6.4167",
            "high": "6.4167",
            "low": "6.4167",
            "close": "6.4264"
        },
        {
            "time": "15.03.2021 16:47",
            "open": "6.4264",
            "high": "6.4264",
            "low": "6.4264",
            "close": "6.3818"
        },
        {
            "time": "15.03.2021 16:51",
            "open": "6.3818",
            "high": "6.3818",
            "low": "6.3818",
            "close": "6.38"
        },
        {
            "time": "15.03.2021 17:00",
            "open": "6.38",
            "high": "6.38",
            "low": "6.38",
            "close": "6.3732"
        },
        {
            "time": "15.03.2021 17:01",
            "open": "6.3732",
            "high": "6.3732",
            "low": "6.3732",
            "close": "6.35"
        },
        {
            "time": "15.03.2021 17:03",
            "open": "6.35",
            "high": "6.35",
            "low": "6.35",
            "close": "6.3306"
        },
        {
            "time": "15.03.2021 17:04",
            "open": "6.3306",
            "high": "6.3673",
            "low": "6.3306",
            "close": "6.37"
        },
        {
            "time": "15.03.2021 17:07",
            "open": "6.37",
            "high": "6.3948",
            "low": "6.37",
            "close": "6.4175"
        },
        {
            "time": "15.03.2021 17:12",
            "open": "6.4175",
            "high": "6.4175",
            "low": "6.3987",
            "close": "6.3987"
        },
        {
            "time": "15.03.2021 17:13",
            "open": "6.3987",
            "high": "6.3987",
            "low": "6.3987",
            "close": "6.4117"
        },
        {
            "time": "15.03.2021 17:15",
            "open": "6.4117",
            "high": "6.4117",
            "low": "6.4117",
            "close": "6.3913"
        },
        {
            "time": "15.03.2021 17:16",
            "open": "6.3913",
            "high": "6.3913",
            "low": "6.3913",
            "close": "6.3813"
        },
        {
            "time": "15.03.2021 17:21",
            "open": "6.3813",
            "high": "6.3813",
            "low": "6.3813",
            "close": "6.3903"
        },
        {
            "time": "15.03.2021 17:24",
            "open": "6.3903",
            "high": "6.3903",
            "low": "6.3903",
            "close": "6.4128"
        },
        {
            "time": "15.03.2021 17:29",
            "open": "6.4128",
            "high": "6.4128",
            "low": "6.4128",
            "close": "6.4131"
        },
        {
            "time": "15.03.2021 17:31",
            "open": "6.4131",
            "high": "6.4131",
            "low": "6.4131",
            "close": "6.414"
        },
        {
            "time": "15.03.2021 17:32",
            "open": "6.414",
            "high": "6.414",
            "low": "6.414",
            "close": "6.4"
        },
        {
            "time": "15.03.2021 17:34",
            "open": "6.4",
            "high": "6.4",
            "low": "6.4",
            "close": "6.3837"
        },
        {
            "time": "15.03.2021 17:37",
            "open": "6.3837",
            "high": "6.3837",
            "low": "6.3586",
            "close": "6.3762"
        },
        {
            "time": "15.03.2021 17:38",
            "open": "6.3762",
            "high": "6.3762",
            "low": "6.3762",
            "close": "6.3482"
        },
        {
            "time": "15.03.2021 17:39",
            "open": "6.3482",
            "high": "6.3482",
            "low": "6.3482",
            "close": "6.3547"
        },
        {
            "time": "15.03.2021 17:40",
            "open": "6.3547",
            "high": "6.3547",
            "low": "6.3547",
            "close": "6.4027"
        },
        {
            "time": "15.03.2021 17:46",
            "open": "6.4027",
            "high": "6.4029",
            "low": "6.4027",
            "close": "6.3725"
        },
        {
            "time": "15.03.2021 17:50",
            "open": "6.3725",
            "high": "6.3725",
            "low": "6.3725",
            "close": "6.3773"
        },
        {
            "time": "15.03.2021 17:51",
            "open": "6.3773",
            "high": "6.3773",
            "low": "6.3554",
            "close": "6.3554"
        },
        {
            "time": "15.03.2021 17:55",
            "open": "6.3554",
            "high": "6.3578",
            "low": "6.3554",
            "close": "6.3457"
        },
        {
            "time": "15.03.2021 18:07",
            "open": "6.3457",
            "high": "6.3457",
            "low": "6.3457",
            "close": "6.3488"
        },
        {
            "time": "15.03.2021 18:10",
            "open": "6.3488",
            "high": "6.3488",
            "low": "6.3467",
            "close": "6.3572"
        },
        {
            "time": "15.03.2021 18:14",
            "open": "6.3572",
            "high": "6.3572",
            "low": "6.3572",
            "close": "6.3419"
        },
        {
            "time": "15.03.2021 18:15",
            "open": "6.3419",
            "high": "6.3419",
            "low": "6.339",
            "close": "6.3102"
        },
        {
            "time": "15.03.2021 18:17",
            "open": "6.3102",
            "high": "6.3102",
            "low": "6.31",
            "close": "6.3318"
        },
        {
            "time": "15.03.2021 18:18",
            "open": "6.3318",
            "high": "6.3318",
            "low": "6.3318",
            "close": "6.3333"
        },
        {
            "time": "15.03.2021 18:19",
            "open": "6.3333",
            "high": "6.3333",
            "low": "6.3333",
            "close": "6.3673"
        },
        {
            "time": "15.03.2021 18:20",
            "open": "6.3673",
            "high": "6.3673",
            "low": "6.3673",
            "close": "6.3591"
        },
        {
            "time": "15.03.2021 18:22",
            "open": "6.3591",
            "high": "6.3591",
            "low": "6.3591",
            "close": "6.344"
        },
        {
            "time": "15.03.2021 18:23",
            "open": "6.344",
            "high": "6.344",
            "low": "6.344",
            "close": "6.3499"
        },
        {
            "time": "15.03.2021 18:26",
            "open": "6.3499",
            "high": "6.3499",
            "low": "6.3499",
            "close": "6.3344"
        },
        {
            "time": "15.03.2021 18:27",
            "open": "6.3344",
            "high": "6.3344",
            "low": "6.3298",
            "close": "6.3585"
        },
        {
            "time": "15.03.2021 18:30",
            "open": "6.3585",
            "high": "6.3585",
            "low": "6.3585",
            "close": "6.3461"
        },
        {
            "time": "15.03.2021 18:32",
            "open": "6.3461",
            "high": "6.3461",
            "low": "6.3461",
            "close": "6.3504"
        },
        {
            "time": "15.03.2021 18:33",
            "open": "6.3504",
            "high": "6.3504",
            "low": "6.3489",
            "close": "6.3649"
        },
        {
            "time": "15.03.2021 18:34",
            "open": "6.3649",
            "high": "6.3649",
            "low": "6.3649",
            "close": "6.3769"
        },
        {
            "time": "15.03.2021 18:35",
            "open": "6.3769",
            "high": "6.3771",
            "low": "6.3769",
            "close": "6.3628"
        },
        {
            "time": "15.03.2021 18:39",
            "open": "6.3628",
            "high": "6.3628",
            "low": "6.3628",
            "close": "6.3717"
        },
        {
            "time": "15.03.2021 18:41",
            "open": "6.3717",
            "high": "6.3717",
            "low": "6.3717",
            "close": "6.38"
        },
        {
            "time": "15.03.2021 18:46",
            "open": "6.38",
            "high": "6.38",
            "low": "6.38",
            "close": "6.38"
        },
        {
            "time": "15.03.2021 18:47",
            "open": "6.38",
            "high": "6.3927",
            "low": "6.38",
            "close": "6.3926"
        },
        {
            "time": "15.03.2021 18:49",
            "open": "6.3926",
            "high": "6.3926",
            "low": "6.3926",
            "close": "6.3789"
        },
        {
            "time": "15.03.2021 18:51",
            "open": "6.3789",
            "high": "6.3789",
            "low": "6.3608",
            "close": "6.3789"
        },
        {
            "time": "15.03.2021 18:52",
            "open": "6.3789",
            "high": "6.3789",
            "low": "6.3789",
            "close": "6.3566"
        },
        {
            "time": "15.03.2021 18:59",
            "open": "6.3566",
            "high": "6.3566",
            "low": "6.3566",
            "close": "6.3892"
        },
        {
            "time": "15.03.2021 19:02",
            "open": "6.3892",
            "high": "6.3893",
            "low": "6.3892",
            "close": "6.3781"
        },
        {
            "time": "15.03.2021 19:06",
            "open": "6.3781",
            "high": "6.3781",
            "low": "6.3781",
            "close": "6.3867"
        },
        {
            "time": "15.03.2021 19:15",
            "open": "6.3867",
            "high": "6.3867",
            "low": "6.3865",
            "close": "6.3889"
        },
        {
            "time": "15.03.2021 19:19",
            "open": "6.3889",
            "high": "6.3889",
            "low": "6.3889",
            "close": "6.3927"
        },
        {
            "time": "15.03.2021 19:24",
            "open": "6.3927",
            "high": "6.3927",
            "low": "6.3927",
            "close": "6.4"
        },
        {
            "time": "15.03.2021 19:25",
            "open": "6.4",
            "high": "6.4",
            "low": "6.4",
            "close": "6.4091"
        },
        {
            "time": "15.03.2021 19:26",
            "open": "6.4091",
            "high": "6.41",
            "low": "6.4091",
            "close": "6.41"
        },
        {
            "time": "15.03.2021 19:34",
            "open": "6.41",
            "high": "6.41",
            "low": "6.41",
            "close": "6.4121"
        },
        {
            "time": "15.03.2021 19:35",
            "open": "6.4121",
            "high": "6.4141",
            "low": "6.4121",
            "close": "6.4139"
        },
        {
            "time": "15.03.2021 19:36",
            "open": "6.4139",
            "high": "6.4139",
            "low": "6.4139",
            "close": "6.4109"
        },
        {
            "time": "15.03.2021 19:46",
            "open": "6.4109",
            "high": "6.4109",
            "low": "6.4109",
            "close": "6.4195"
        },
        {
            "time": "15.03.2021 19:56",
            "open": "6.4195",
            "high": "6.4262",
            "low": "6.4195",
            "close": "6.4252"
        },
        {
            "time": "15.03.2021 20:03",
            "open": "6.4252",
            "high": "6.4252",
            "low": "6.4252",
            "close": "6.4262"
        },
        {
            "time": "15.03.2021 20:04",
            "open": "6.4262",
            "high": "6.4262",
            "low": "6.4262",
            "close": "6.4339"
        },
        {
            "time": "15.03.2021 20:05",
            "open": "6.4339",
            "high": "6.4339",
            "low": "6.4339",
            "close": "6.4363"
        },
        {
            "time": "15.03.2021 20:06",
            "open": "6.4363",
            "high": "6.4363",
            "low": "6.4363",
            "close": "6.4411"
        },
        {
            "time": "15.03.2021 20:09",
            "open": "6.4411",
            "high": "6.4411",
            "low": "6.4411",
            "close": "6.4359"
        },
        {
            "time": "15.03.2021 20:15",
            "open": "6.4359",
            "high": "6.4359",
            "low": "6.4359",
            "close": "6.4537"
        },
        {
            "time": "15.03.2021 20:21",
            "open": "6.4537",
            "high": "6.4537",
            "low": "6.4537",
            "close": "6.4359"
        },
        {
            "time": "15.03.2021 20:28",
            "open": "6.4359",
            "high": "6.4359",
            "low": "6.4359",
            "close": "6.4359"
        },
        {
            "time": "15.03.2021 20:38",
            "open": "6.4359",
            "high": "6.4359",
            "low": "6.4359",
            "close": "6.427"
        },
        {
            "time": "15.03.2021 20:41",
            "open": "6.427",
            "high": "6.427",
            "low": "6.427",
            "close": "6.4356"
        },
        {
            "time": "15.03.2021 20:44",
            "open": "6.4356",
            "high": "6.4356",
            "low": "6.431",
            "close": "6.439"
        },
        {
            "time": "15.03.2021 20:46",
            "open": "6.439",
            "high": "6.439",
            "low": "6.439",
            "close": "6.4519"
        },
        {
            "time": "15.03.2021 20:47",
            "open": "6.4519",
            "high": "6.4525",
            "low": "6.4519",
            "close": "6.4591"
        },
        {
            "time": "15.03.2021 20:49",
            "open": "6.4591",
            "high": "6.4638",
            "low": "6.4591",
            "close": "6.4472"
        },
        {
            "time": "15.03.2021 20:58",
            "open": "6.4472",
            "high": "6.4472",
            "low": "6.4472",
            "close": "6.4311"
        },
        {
            "time": "15.03.2021 21:07",
            "open": "6.4311",
            "high": "6.4311",
            "low": "6.4311",
            "close": "6.4202"
        },
        {
            "time": "15.03.2021 21:09",
            "open": "6.4202",
            "high": "6.4202",
            "low": "6.4068",
            "close": "6.4474"
        },
        {
            "time": "15.03.2021 21:16",
            "open": "6.4474",
            "high": "6.4475",
            "low": "6.4474",
            "close": "6.4603"
        },
        {
            "time": "15.03.2021 21:21",
            "open": "6.4603",
            "high": "6.4603",
            "low": "6.4568",
            "close": "6.453"
        },
        {
            "time": "15.03.2021 21:29",
            "open": "6.453",
            "high": "6.453",
            "low": "6.4523",
            "close": "6.4669"
        },
        {
            "time": "15.03.2021 21:30",
            "open": "6.4669",
            "high": "6.4669",
            "low": "6.4587",
            "close": "6.4532"
        },
        {
            "time": "15.03.2021 21:31",
            "open": "6.4532",
            "high": "6.4532",
            "low": "6.4532",
            "close": "6.4746"
        },
        {
            "time": "15.03.2021 21:32",
            "open": "6.4746",
            "high": "6.4746",
            "low": "6.4746",
            "close": "6.4708"
        },
        {
            "time": "15.03.2021 21:34",
            "open": "6.4708",
            "high": "6.4708",
            "low": "6.4708",
            "close": "6.4458"
        },
        {
            "time": "15.03.2021 21:43",
            "open": "6.4458",
            "high": "6.4485",
            "low": "6.4458",
            "close": "6.4129"
        },
        {
            "time": "15.03.2021 21:47",
            "open": "6.4129",
            "high": "6.4129",
            "low": "6.4129",
            "close": "6.4208"
        },
        {
            "time": "15.03.2021 21:53",
            "open": "6.4208",
            "high": "6.4208",
            "low": "6.4208",
            "close": "6.41"
        },
        {
            "time": "15.03.2021 21:55",
            "open": "6.41",
            "high": "6.41",
            "low": "6.41",
            "close": "6.3906"
        },
        {
            "time": "15.03.2021 21:58",
            "open": "6.3906",
            "high": "6.3906",
            "low": "6.3906",
            "close": "6.4262"
        },
        {
            "time": "15.03.2021 22:02",
            "open": "6.4262",
            "high": "6.431",
            "low": "6.4262",
            "close": "6.3998"
        },
        {
            "time": "15.03.2021 22:06",
            "open": "6.3998",
            "high": "6.3998",
            "low": "6.3998",
            "close": "6.4159"
        },
        {
            "time": "15.03.2021 22:13",
            "open": "6.4159",
            "high": "6.416",
            "low": "6.4159",
            "close": "6.4053"
        },
        {
            "time": "15.03.2021 22:14",
            "open": "6.4053",
            "high": "6.4053",
            "low": "6.4042",
            "close": "6.4125"
        },
        {
            "time": "15.03.2021 22:16",
            "open": "6.4125",
            "high": "6.4125",
            "low": "6.4016",
            "close": "6.4228"
        },
        {
            "time": "15.03.2021 22:19",
            "open": "6.4228",
            "high": "6.4228",
            "low": "6.4228",
            "close": "6.4003"
        },
        {
            "time": "15.03.2021 22:22",
            "open": "6.4003",
            "high": "6.4003",
            "low": "6.4003",
            "close": "6.4057"
        },
        {
            "time": "15.03.2021 22:27",
            "open": "6.4057",
            "high": "6.4057",
            "low": "6.4057",
            "close": "6.3975"
        },
        {
            "time": "15.03.2021 22:30",
            "open": "6.3975",
            "high": "6.3975",
            "low": "6.3975",
            "close": "6.3795"
        },
        {
            "time": "15.03.2021 22:33",
            "open": "6.3795",
            "high": "6.3795",
            "low": "6.3795",
            "close": "6.3784"
        },
        {
            "time": "15.03.2021 22:34",
            "open": "6.3784",
            "high": "6.3788",
            "low": "6.3784",
            "close": "6.3779"
        },
        {
            "time": "15.03.2021 22:38",
            "open": "6.3779",
            "high": "6.3779",
            "low": "6.3779",
            "close": "6.413"
        },
        {
            "time": "15.03.2021 22:43",
            "open": "6.413",
            "high": "6.413",
            "low": "6.413",
            "close": "6.3903"
        },
        {
            "time": "15.03.2021 22:45",
            "open": "6.3903",
            "high": "6.3903",
            "low": "6.3897",
            "close": "6.3983"
        },
        {
            "time": "15.03.2021 22:53",
            "open": "6.3983",
            "high": "6.3983",
            "low": "6.3983",
            "close": "6.4031"
        },
        {
            "time": "15.03.2021 22:55",
            "open": "6.4031",
            "high": "6.4031",
            "low": "6.4031",
            "close": "6.4277"
        },
        {
            "time": "15.03.2021 23:05",
            "open": "6.4277",
            "high": "6.432",
            "low": "6.4277",
            "close": "6.4337"
        },
        {
            "time": "15.03.2021 23:06",
            "open": "6.4337",
            "high": "6.4337",
            "low": "6.4337",
            "close": "6.4303"
        },
        {
            "time": "15.03.2021 23:07",
            "open": "6.4303",
            "high": "6.4303",
            "low": "6.4303",
            "close": "6.4309"
        },
        {
            "time": "15.03.2021 23:08",
            "open": "6.4309",
            "high": "6.4309",
            "low": "6.4309",
            "close": "6.4021"
        },
        {
            "time": "15.03.2021 23:09",
            "open": "6.4021",
            "high": "6.4022",
            "low": "6.4021",
            "close": "6.3977"
        },
        {
            "time": "15.03.2021 23:15",
            "open": "6.3977",
            "high": "6.402",
            "low": "6.3977",
            "close": "6.38"
        },
        {
            "time": "15.03.2021 23:18",
            "open": "6.38",
            "high": "6.38",
            "low": "6.38",
            "close": "6.3867"
        },
        {
            "time": "15.03.2021 23:24",
            "open": "6.3867",
            "high": "6.3931",
            "low": "6.3867",
            "close": "6.3806"
        },
        {
            "time": "15.03.2021 23:26",
            "open": "6.3806",
            "high": "6.3806",
            "low": "6.3709",
            "close": "6.3797"
        },
        {
            "time": "15.03.2021 23:31",
            "open": "6.3797",
            "high": "6.3797",
            "low": "6.3797",
            "close": "6.3941"
        },
        {
            "time": "15.03.2021 23:36",
            "open": "6.3941",
            "high": "6.3941",
            "low": "6.3941",
            "close": "6.3805"
        },
        {
            "time": "15.03.2021 23:45",
            "open": "6.3805",
            "high": "6.3805",
            "low": "6.3805",
            "close": "6.3998"
        }
    ]
}