{
    "BNT-EUR": [
        {
            "time": "31.03.2021 23:58",
            "open": "6.2801",
            "high": "6.2801",
            "low": "6.2801",
            "close": "6.2919"
        },
        {
            "time": "01.04.2021 00:15",
            "open": "6.2919",
            "high": "6.3268",
            "low": "6.2919",
            "close": "6.2804"
        },
        {
            "time": "01.04.2021 00:29",
            "open": "6.2804",
            "high": "6.2804",
            "low": "6.2801",
            "close": "6.2842"
        },
        {
            "time": "01.04.2021 00:33",
            "open": "6.2842",
            "high": "6.2842",
            "low": "6.2536",
            "close": "6.2756"
        },
        {
            "time": "01.04.2021 00:35",
            "open": "6.2756",
            "high": "6.2756",
            "low": "6.2639",
            "close": "6.2767"
        },
        {
            "time": "01.04.2021 00:38",
            "open": "6.2767",
            "high": "6.2767",
            "low": "6.2767",
            "close": "6.2988"
        },
        {
            "time": "01.04.2021 01:03",
            "open": "6.2988",
            "high": "6.2988",
            "low": "6.2988",
            "close": "6.2935"
        },
        {
            "time": "01.04.2021 01:08",
            "open": "6.2935",
            "high": "6.2935",
            "low": "6.2935",
            "close": "6.2948"
        },
        {
            "time": "01.04.2021 01:23",
            "open": "6.2948",
            "high": "6.2948",
            "low": "6.2937",
            "close": "6.3287"
        },
        {
            "time": "01.04.2021 01:57",
            "open": "6.3287",
            "high": "6.3288",
            "low": "6.3287",
            "close": "6.35"
        },
        {
            "time": "01.04.2021 02:00",
            "open": "6.35",
            "high": "6.35",
            "low": "6.35",
            "close": "6.37"
        },
        {
            "time": "01.04.2021 02:01",
            "open": "6.37",
            "high": "6.37",
            "low": "6.37",
            "close": "6.3743"
        },
        {
            "time": "01.04.2021 02:02",
            "open": "6.3743",
            "high": "6.3743",
            "low": "6.3743",
            "close": "6.381"
        },
        {
            "time": "01.04.2021 02:03",
            "open": "6.381",
            "high": "6.381",
            "low": "6.381",
            "close": "6.3898"
        },
        {
            "time": "01.04.2021 02:06",
            "open": "6.3898",
            "high": "6.3928",
            "low": "6.3898",
            "close": "6.3973"
        },
        {
            "time": "01.04.2021 02:07",
            "open": "6.3973",
            "high": "6.3973",
            "low": "6.394",
            "close": "6.353"
        },
        {
            "time": "01.04.2021 02:17",
            "open": "6.353",
            "high": "6.353",
            "low": "6.353",
            "close": "6.3458"
        },
        {
            "time": "01.04.2021 02:19",
            "open": "6.3458",
            "high": "6.3458",
            "low": "6.3458",
            "close": "6.3458"
        },
        {
            "time": "01.04.2021 02:20",
            "open": "6.3458",
            "high": "6.3458",
            "low": "6.3256",
            "close": "6.3591"
        },
        {
            "time": "01.04.2021 02:25",
            "open": "6.3591",
            "high": "6.3593",
            "low": "6.3591",
            "close": "6.3592"
        },
        {
            "time": "01.04.2021 02:36",
            "open": "6.3592",
            "high": "6.3592",
            "low": "6.3495",
            "close": "6.3622"
        },
        {
            "time": "01.04.2021 03:27",
            "open": "6.3622",
            "high": "6.3623",
            "low": "6.3622",
            "close": "6.3996"
        },
        {
            "time": "01.04.2021 04:00",
            "open": "6.3996",
            "high": "6.4",
            "low": "6.3996",
            "close": "6.405"
        },
        {
            "time": "01.04.2021 04:01",
            "open": "6.405",
            "high": "6.405",
            "low": "6.405",
            "close": "6.404"
        },
        {
            "time": "01.04.2021 04:02",
            "open": "6.404",
            "high": "6.404",
            "low": "6.404",
            "close": "6.3999"
        },
        {
            "time": "01.04.2021 04:03",
            "open": "6.3841",
            "high": "6.3841",
            "low": "6.3841",
            "close": "6.4001"
        },
        {
            "time": "01.04.2021 04:38",
            "open": "6.4001",
            "high": "6.4001",
            "low": "6.4001",
            "close": "6.3912"
        },
        {
            "time": "01.04.2021 04:49",
            "open": "6.3912",
            "high": "6.3912",
            "low": "6.3912",
            "close": "6.3804"
        },
        {
            "time": "01.04.2021 05:23",
            "open": "6.3804",
            "high": "6.3804",
            "low": "6.3799",
            "close": "6.3809"
        },
        {
            "time": "01.04.2021 05:32",
            "open": "6.3809",
            "high": "6.3809",
            "low": "6.3664",
            "close": "6.3659"
        },
        {
            "time": "01.04.2021 05:41",
            "open": "6.3659",
            "high": "6.3659",
            "low": "6.3659",
            "close": "6.3393"
        },
        {
            "time": "01.04.2021 05:45",
            "open": "6.3393",
            "high": "6.3393",
            "low": "6.3393",
            "close": "6.3254"
        },
        {
            "time": "01.04.2021 05:46",
            "open": "6.3254",
            "high": "6.3254",
            "low": "6.3254",
            "close": "6.3648"
        },
        {
            "time": "01.04.2021 05:53",
            "open": "6.3648",
            "high": "6.3648",
            "low": "6.3648",
            "close": "6.3645"
        },
        {
            "time": "01.04.2021 05:54",
            "open": "6.3645",
            "high": "6.3645",
            "low": "6.3645",
            "close": "6.3605"
        },
        {
            "time": "01.04.2021 05:56",
            "open": "6.3605",
            "high": "6.3605",
            "low": "6.3605",
            "close": "6.3605"
        },
        {
            "time": "01.04.2021 06:13",
            "open": "6.3605",
            "high": "6.3605",
            "low": "6.3605",
            "close": "6.351"
        },
        {
            "time": "01.04.2021 06:14",
            "open": "6.351",
            "high": "6.351",
            "low": "6.351",
            "close": "6.3699"
        },
        {
            "time": "01.04.2021 06:21",
            "open": "6.3699",
            "high": "6.3699",
            "low": "6.3641",
            "close": "6.3803"
        },
        {
            "time": "01.04.2021 06:29",
            "open": "6.3803",
            "high": "6.3803",
            "low": "6.3803",
            "close": "6.3766"
        },
        {
            "time": "01.04.2021 06:36",
            "open": "6.3766",
            "high": "6.3766",
            "low": "6.3766",
            "close": "6.3453"
        },
        {
            "time": "01.04.2021 06:50",
            "open": "6.3453",
            "high": "6.3453",
            "low": "6.3453",
            "close": "6.3453"
        },
        {
            "time": "01.04.2021 06:52",
            "open": "6.3453",
            "high": "6.3495",
            "low": "6.3453",
            "close": "6.3254"
        },
        {
            "time": "01.04.2021 07:20",
            "open": "6.3254",
            "high": "6.3254",
            "low": "6.3254",
            "close": "6.339"
        },
        {
            "time": "01.04.2021 07:23",
            "open": "6.339",
            "high": "6.339",
            "low": "6.339",
            "close": "6.3269"
        },
        {
            "time": "01.04.2021 07:27",
            "open": "6.3269",
            "high": "6.3269",
            "low": "6.3269",
            "close": "6.3697"
        },
        {
            "time": "01.04.2021 07:37",
            "open": "6.3697",
            "high": "6.3698",
            "low": "6.3697",
            "close": "6.3558"
        },
        {
            "time": "01.04.2021 07:44",
            "open": "6.3558",
            "high": "6.3558",
            "low": "6.3558",
            "close": "6.3429"
        },
        {
            "time": "01.04.2021 07:51",
            "open": "6.3429",
            "high": "6.3429",
            "low": "6.3429",
            "close": "6.3453"
        },
        {
            "time": "01.04.2021 07:55",
            "open": "6.3453",
            "high": "6.3453",
            "low": "6.3453",
            "close": "6.3675"
        },
        {
            "time": "01.04.2021 08:04",
            "open": "6.3675",
            "high": "6.3675",
            "low": "6.3568",
            "close": "6.3645"
        },
        {
            "time": "01.04.2021 08:05",
            "open": "6.3645",
            "high": "6.3645",
            "low": "6.3645",
            "close": "6.3782"
        },
        {
            "time": "01.04.2021 08:08",
            "open": "6.3782",
            "high": "6.3784",
            "low": "6.3782",
            "close": "6.3809"
        },
        {
            "time": "01.04.2021 08:10",
            "open": "6.3809",
            "high": "6.3809",
            "low": "6.3809",
            "close": "6.3697"
        },
        {
            "time": "01.04.2021 08:12",
            "open": "6.3697",
            "high": "6.3697",
            "low": "6.3674",
            "close": "6.3985"
        },
        {
            "time": "01.04.2021 08:13",
            "open": "6.3985",
            "high": "6.3985",
            "low": "6.3985",
            "close": "6.3996"
        },
        {
            "time": "01.04.2021 08:14",
            "open": "6.3996",
            "high": "6.3997",
            "low": "6.3996",
            "close": "6.4039"
        },
        {
            "time": "01.04.2021 08:15",
            "open": "6.4039",
            "high": "6.4039",
            "low": "6.4039",
            "close": "6.388"
        },
        {
            "time": "01.04.2021 08:17",
            "open": "6.388",
            "high": "6.388",
            "low": "6.388",
            "close": "6.388"
        },
        {
            "time": "01.04.2021 08:18",
            "open": "6.388",
            "high": "6.388",
            "low": "6.388",
            "close": "6.388"
        },
        {
            "time": "01.04.2021 08:19",
            "open": "6.388",
            "high": "6.388",
            "low": "6.388",
            "close": "6.3951"
        },
        {
            "time": "01.04.2021 08:20",
            "open": "6.3951",
            "high": "6.3951",
            "low": "6.3951",
            "close": "6.3852"
        },
        {
            "time": "01.04.2021 08:24",
            "open": "6.3852",
            "high": "6.3852",
            "low": "6.3852",
            "close": "6.389"
        },
        {
            "time": "01.04.2021 08:26",
            "open": "6.389",
            "high": "6.389",
            "low": "6.389",
            "close": "6.3838"
        },
        {
            "time": "01.04.2021 08:31",
            "open": "6.3838",
            "high": "6.3838",
            "low": "6.3816",
            "close": "6.3839"
        },
        {
            "time": "01.04.2021 08:33",
            "open": "6.3839",
            "high": "6.3839",
            "low": "6.3839",
            "close": "6.4047"
        },
        {
            "time": "01.04.2021 08:38",
            "open": "6.4047",
            "high": "6.4047",
            "low": "6.4047",
            "close": "6.3856"
        },
        {
            "time": "01.04.2021 08:40",
            "open": "6.3856",
            "high": "6.3856",
            "low": "6.3856",
            "close": "6.384"
        },
        {
            "time": "01.04.2021 08:41",
            "open": "6.384",
            "high": "6.384",
            "low": "6.384",
            "close": "6.397"
        },
        {
            "time": "01.04.2021 08:43",
            "open": "6.397",
            "high": "6.397",
            "low": "6.397",
            "close": "6.3844"
        },
        {
            "time": "01.04.2021 08:45",
            "open": "6.3844",
            "high": "6.3844",
            "low": "6.3844",
            "close": "6.3859"
        },
        {
            "time": "01.04.2021 08:49",
            "open": "6.3859",
            "high": "6.3859",
            "low": "6.3859",
            "close": "6.3839"
        },
        {
            "time": "01.04.2021 08:50",
            "open": "6.3839",
            "high": "6.3839",
            "low": "6.3839",
            "close": "6.3699"
        },
        {
            "time": "01.04.2021 08:51",
            "open": "6.3699",
            "high": "6.3844",
            "low": "6.3699",
            "close": "6.388"
        },
        {
            "time": "01.04.2021 08:52",
            "open": "6.388",
            "high": "6.4046",
            "low": "6.388",
            "close": "6.3877"
        },
        {
            "time": "01.04.2021 08:53",
            "open": "6.3877",
            "high": "6.3877",
            "low": "6.3877",
            "close": "6.3941"
        },
        {
            "time": "01.04.2021 08:55",
            "open": "6.3941",
            "high": "6.3941",
            "low": "6.3941",
            "close": "6.3857"
        },
        {
            "time": "01.04.2021 08:58",
            "open": "6.3857",
            "high": "6.3859",
            "low": "6.3857",
            "close": "6.3614"
        },
        {
            "time": "01.04.2021 09:05",
            "open": "6.3614",
            "high": "6.3614",
            "low": "6.3606",
            "close": "6.3806"
        },
        {
            "time": "01.04.2021 09:10",
            "open": "6.3806",
            "high": "6.3806",
            "low": "6.3806",
            "close": "6.3806"
        },
        {
            "time": "01.04.2021 09:11",
            "open": "6.3806",
            "high": "6.3806",
            "low": "6.3806",
            "close": "6.3953"
        },
        {
            "time": "01.04.2021 09:19",
            "open": "6.3953",
            "high": "6.3953",
            "low": "6.3953",
            "close": "6.3887"
        },
        {
            "time": "01.04.2021 09:21",
            "open": "6.3887",
            "high": "6.3887",
            "low": "6.3887",
            "close": "6.4149"
        },
        {
            "time": "01.04.2021 09:23",
            "open": "6.4149",
            "high": "6.4171",
            "low": "6.4149",
            "close": "6.4052"
        },
        {
            "time": "01.04.2021 09:24",
            "open": "6.4052",
            "high": "6.4052",
            "low": "6.4052",
            "close": "6.396"
        },
        {
            "time": "01.04.2021 09:28",
            "open": "6.396",
            "high": "6.396",
            "low": "6.396",
            "close": "6.4097"
        },
        {
            "time": "01.04.2021 09:31",
            "open": "6.4097",
            "high": "6.4097",
            "low": "6.4097",
            "close": "6.4197"
        },
        {
            "time": "01.04.2021 09:32",
            "open": "6.4197",
            "high": "6.4197",
            "low": "6.4197",
            "close": "6.4193"
        },
        {
            "time": "01.04.2021 09:35",
            "open": "6.4193",
            "high": "6.4193",
            "low": "6.4193",
            "close": "6.4294"
        },
        {
            "time": "01.04.2021 09:38",
            "open": "6.4294",
            "high": "6.4294",
            "low": "6.4294",
            "close": "6.4296"
        },
        {
            "time": "01.04.2021 09:39",
            "open": "6.4296",
            "high": "6.4317",
            "low": "6.4296",
            "close": "6.4183"
        },
        {
            "time": "01.04.2021 09:41",
            "open": "6.4183",
            "high": "6.4183",
            "low": "6.4183",
            "close": "6.4155"
        },
        {
            "time": "01.04.2021 09:43",
            "open": "6.4155",
            "high": "6.4157",
            "low": "6.4155",
            "close": "6.4131"
        },
        {
            "time": "01.04.2021 09:46",
            "open": "6.4131",
            "high": "6.4131",
            "low": "6.4131",
            "close": "6.4154"
        },
        {
            "time": "01.04.2021 09:47",
            "open": "6.4154",
            "high": "6.4154",
            "low": "6.4154",
            "close": "6.4"
        },
        {
            "time": "01.04.2021 09:49",
            "open": "6.4",
            "high": "6.4036",
            "low": "6.4",
            "close": "6.405"
        },
        {
            "time": "01.04.2021 09:51",
            "open": "6.405",
            "high": "6.405",
            "low": "6.405",
            "close": "6.4247"
        },
        {
            "time": "01.04.2021 09:52",
            "open": "6.4247",
            "high": "6.4247",
            "low": "6.4247",
            "close": "6.4321"
        },
        {
            "time": "01.04.2021 09:55",
            "open": "6.4321",
            "high": "6.4321",
            "low": "6.4208",
            "close": "6.4325"
        },
        {
            "time": "01.04.2021 10:01",
            "open": "6.4325",
            "high": "6.4358",
            "low": "6.4322",
            "close": "6.4369"
        },
        {
            "time": "01.04.2021 10:02",
            "open": "6.4369",
            "high": "6.4369",
            "low": "6.4369",
            "close": "6.437"
        },
        {
            "time": "01.04.2021 10:06",
            "open": "6.437",
            "high": "6.437",
            "low": "6.437",
            "close": "6.4377"
        },
        {
            "time": "01.04.2021 10:07",
            "open": "6.4377",
            "high": "6.439",
            "low": "6.4377",
            "close": "6.439"
        },
        {
            "time": "01.04.2021 10:09",
            "open": "6.439",
            "high": "6.439",
            "low": "6.439",
            "close": "6.439"
        },
        {
            "time": "01.04.2021 10:11",
            "open": "6.439",
            "high": "6.439",
            "low": "6.439",
            "close": "6.4364"
        },
        {
            "time": "01.04.2021 10:13",
            "open": "6.4364",
            "high": "6.4364",
            "low": "6.4364",
            "close": "6.439"
        },
        {
            "time": "01.04.2021 10:15",
            "open": "6.439",
            "high": "6.439",
            "low": "6.439",
            "close": "6.439"
        },
        {
            "time": "01.04.2021 10:16",
            "open": "6.439",
            "high": "6.4453",
            "low": "6.439",
            "close": "6.4453"
        },
        {
            "time": "01.04.2021 10:17",
            "open": "6.4453",
            "high": "6.4539",
            "low": "6.4453",
            "close": "6.4539"
        },
        {
            "time": "01.04.2021 10:18",
            "open": "6.4539",
            "high": "6.4599",
            "low": "6.4539",
            "close": "6.4599"
        },
        {
            "time": "01.04.2021 10:19",
            "open": "6.4599",
            "high": "6.4599",
            "low": "6.4599",
            "close": "6.4599"
        },
        {
            "time": "01.04.2021 10:20",
            "open": "6.4599",
            "high": "6.4638",
            "low": "6.4599",
            "close": "6.4636"
        },
        {
            "time": "01.04.2021 10:24",
            "open": "6.4636",
            "high": "6.4636",
            "low": "6.4636",
            "close": "6.4638"
        },
        {
            "time": "01.04.2021 10:26",
            "open": "6.4638",
            "high": "6.478",
            "low": "6.4638",
            "close": "6.4778"
        },
        {
            "time": "01.04.2021 10:27",
            "open": "6.4778",
            "high": "6.4778",
            "low": "6.4778",
            "close": "6.4811"
        },
        {
            "time": "01.04.2021 10:31",
            "open": "6.4811",
            "high": "6.4876",
            "low": "6.4807",
            "close": "6.4876"
        },
        {
            "time": "01.04.2021 10:33",
            "open": "6.4876",
            "high": "6.4999",
            "low": "6.4876",
            "close": "6.487"
        },
        {
            "time": "01.04.2021 10:34",
            "open": "6.487",
            "high": "6.487",
            "low": "6.487",
            "close": "6.4876"
        },
        {
            "time": "01.04.2021 10:35",
            "open": "6.4876",
            "high": "6.4876",
            "low": "6.4876",
            "close": "6.4986"
        },
        {
            "time": "01.04.2021 10:38",
            "open": "6.4986",
            "high": "6.4986",
            "low": "6.493",
            "close": "6.4921"
        },
        {
            "time": "01.04.2021 10:39",
            "open": "6.4921",
            "high": "6.4921",
            "low": "6.4846",
            "close": "6.4705"
        },
        {
            "time": "01.04.2021 10:40",
            "open": "6.4705",
            "high": "6.4791",
            "low": "6.4705",
            "close": "6.481"
        },
        {
            "time": "01.04.2021 10:41",
            "open": "6.481",
            "high": "6.481",
            "low": "6.481",
            "close": "6.4935"
        },
        {
            "time": "01.04.2021 10:44",
            "open": "6.4935",
            "high": "6.4935",
            "low": "6.4743",
            "close": "6.4952"
        },
        {
            "time": "01.04.2021 10:45",
            "open": "6.4952",
            "high": "6.4952",
            "low": "6.4813",
            "close": "6.4888"
        },
        {
            "time": "01.04.2021 10:46",
            "open": "6.4888",
            "high": "6.4888",
            "low": "6.4888",
            "close": "6.4872"
        },
        {
            "time": "01.04.2021 10:47",
            "open": "6.4872",
            "high": "6.4872",
            "low": "6.4872",
            "close": "6.4761"
        },
        {
            "time": "01.04.2021 10:50",
            "open": "6.4761",
            "high": "6.4761",
            "low": "6.4692",
            "close": "6.4693"
        },
        {
            "time": "01.04.2021 10:51",
            "open": "6.4693",
            "high": "6.4698",
            "low": "6.435",
            "close": "6.4346"
        },
        {
            "time": "01.04.2021 10:52",
            "open": "6.4346",
            "high": "6.4347",
            "low": "6.4169",
            "close": "6.4275"
        },
        {
            "time": "01.04.2021 10:53",
            "open": "6.4275",
            "high": "6.4349",
            "low": "6.4275",
            "close": "6.4349"
        },
        {
            "time": "01.04.2021 10:56",
            "open": "6.4349",
            "high": "6.4349",
            "low": "6.4349",
            "close": "6.4605"
        },
        {
            "time": "01.04.2021 10:57",
            "open": "6.4605",
            "high": "6.4678",
            "low": "6.4435",
            "close": "6.4595"
        },
        {
            "time": "01.04.2021 10:58",
            "open": "6.4595",
            "high": "6.4595",
            "low": "6.4595",
            "close": "6.4737"
        },
        {
            "time": "01.04.2021 10:59",
            "open": "6.4737",
            "high": "6.4737",
            "low": "6.4737",
            "close": "6.4737"
        },
        {
            "time": "01.04.2021 11:01",
            "open": "6.4737",
            "high": "6.4737",
            "low": "6.4737",
            "close": "6.4757"
        },
        {
            "time": "01.04.2021 11:02",
            "open": "6.4757",
            "high": "6.4757",
            "low": "6.4756",
            "close": "6.4798"
        },
        {
            "time": "01.04.2021 11:05",
            "open": "6.4798",
            "high": "6.4798",
            "low": "6.4621",
            "close": "6.4601"
        },
        {
            "time": "01.04.2021 11:08",
            "open": "6.4601",
            "high": "6.4601",
            "low": "6.4583",
            "close": "6.4626"
        },
        {
            "time": "01.04.2021 11:19",
            "open": "6.4626",
            "high": "6.4626",
            "low": "6.4626",
            "close": "6.4612"
        },
        {
            "time": "01.04.2021 11:20",
            "open": "6.4612",
            "high": "6.4686",
            "low": "6.4612",
            "close": "6.4521"
        },
        {
            "time": "01.04.2021 11:21",
            "open": "6.4521",
            "high": "6.4521",
            "low": "6.4267",
            "close": "6.4141"
        },
        {
            "time": "01.04.2021 11:22",
            "open": "6.4141",
            "high": "6.4315",
            "low": "6.414",
            "close": "6.413"
        },
        {
            "time": "01.04.2021 11:26",
            "open": "6.413",
            "high": "6.4232",
            "low": "6.413",
            "close": "6.449"
        },
        {
            "time": "01.04.2021 11:32",
            "open": "6.449",
            "high": "6.4492",
            "low": "6.449",
            "close": "6.4345"
        },
        {
            "time": "01.04.2021 11:34",
            "open": "6.4345",
            "high": "6.4345",
            "low": "6.4345",
            "close": "6.4338"
        },
        {
            "time": "01.04.2021 11:35",
            "open": "6.4338",
            "high": "6.4338",
            "low": "6.4311",
            "close": "6.4313"
        },
        {
            "time": "01.04.2021 11:37",
            "open": "6.4313",
            "high": "6.4317",
            "low": "6.4313",
            "close": "6.4241"
        },
        {
            "time": "01.04.2021 11:42",
            "open": "6.4241",
            "high": "6.4241",
            "low": "6.4241",
            "close": "6.4317"
        },
        {
            "time": "01.04.2021 11:47",
            "open": "6.4317",
            "high": "6.4317",
            "low": "6.4317",
            "close": "6.4144"
        },
        {
            "time": "01.04.2021 11:55",
            "open": "6.4144",
            "high": "6.4227",
            "low": "6.4139",
            "close": "6.425"
        },
        {
            "time": "01.04.2021 12:03",
            "open": "6.425",
            "high": "6.425",
            "low": "6.425",
            "close": "6.4039"
        },
        {
            "time": "01.04.2021 12:06",
            "open": "6.4039",
            "high": "6.4039",
            "low": "6.4039",
            "close": "6.4175"
        },
        {
            "time": "01.04.2021 12:14",
            "open": "6.4175",
            "high": "6.4175",
            "low": "6.4175",
            "close": "6.4012"
        },
        {
            "time": "01.04.2021 12:16",
            "open": "6.4012",
            "high": "6.4012",
            "low": "6.4004",
            "close": "6.4002"
        },
        {
            "time": "01.04.2021 12:18",
            "open": "6.4002",
            "high": "6.4002",
            "low": "6.3941",
            "close": "6.3756"
        },
        {
            "time": "01.04.2021 12:19",
            "open": "6.3756",
            "high": "6.3929",
            "low": "6.3671",
            "close": "6.3931"
        },
        {
            "time": "01.04.2021 12:20",
            "open": "6.3931",
            "high": "6.3932",
            "low": "6.3931",
            "close": "6.3941"
        },
        {
            "time": "01.04.2021 12:21",
            "open": "6.3941",
            "high": "6.4003",
            "low": "6.3941",
            "close": "6.3929"
        },
        {
            "time": "01.04.2021 12:30",
            "open": "6.3929",
            "high": "6.3929",
            "low": "6.3849",
            "close": "6.3961"
        },
        {
            "time": "01.04.2021 12:31",
            "open": "6.3961",
            "high": "6.3961",
            "low": "6.3961",
            "close": "6.3961"
        },
        {
            "time": "01.04.2021 12:38",
            "open": "6.3961",
            "high": "6.3961",
            "low": "6.3961",
            "close": "6.392"
        },
        {
            "time": "01.04.2021 12:56",
            "open": "6.392",
            "high": "6.392",
            "low": "6.392",
            "close": "6.3805"
        },
        {
            "time": "01.04.2021 13:01",
            "open": "6.3805",
            "high": "6.3806",
            "low": "6.3805",
            "close": "6.3807"
        },
        {
            "time": "01.04.2021 13:04",
            "open": "6.3807",
            "high": "6.3807",
            "low": "6.3807",
            "close": "6.3509"
        },
        {
            "time": "01.04.2021 13:06",
            "open": "6.3509",
            "high": "6.3811",
            "low": "6.35",
            "close": "6.3739"
        },
        {
            "time": "01.04.2021 13:11",
            "open": "6.3739",
            "high": "6.3739",
            "low": "6.3622",
            "close": "6.3467"
        },
        {
            "time": "01.04.2021 13:15",
            "open": "6.3467",
            "high": "6.3467",
            "low": "6.3467",
            "close": "6.3492"
        },
        {
            "time": "01.04.2021 13:17",
            "open": "6.3492",
            "high": "6.3492",
            "low": "6.3492",
            "close": "6.3475"
        },
        {
            "time": "01.04.2021 13:18",
            "open": "6.3475",
            "high": "6.3477",
            "low": "6.3475",
            "close": "6.3602"
        },
        {
            "time": "01.04.2021 13:20",
            "open": "6.3602",
            "high": "6.3617",
            "low": "6.3602",
            "close": "6.3351"
        },
        {
            "time": "01.04.2021 13:22",
            "open": "6.3351",
            "high": "6.3351",
            "low": "6.3351",
            "close": "6.3322"
        },
        {
            "time": "01.04.2021 13:25",
            "open": "6.3322",
            "high": "6.3322",
            "low": "6.3322",
            "close": "6.3368"
        },
        {
            "time": "01.04.2021 13:31",
            "open": "6.3368",
            "high": "6.3368",
            "low": "6.3368",
            "close": "6.3449"
        },
        {
            "time": "01.04.2021 13:34",
            "open": "6.3449",
            "high": "6.3449",
            "low": "6.3449",
            "close": "6.3358"
        },
        {
            "time": "01.04.2021 13:35",
            "open": "6.3358",
            "high": "6.3358",
            "low": "6.3358",
            "close": "6.3817"
        },
        {
            "time": "01.04.2021 13:36",
            "open": "6.3817",
            "high": "6.3817",
            "low": "6.3817",
            "close": "6.3779"
        },
        {
            "time": "01.04.2021 13:37",
            "open": "6.3779",
            "high": "6.378",
            "low": "6.3774",
            "close": "6.3723"
        },
        {
            "time": "01.04.2021 13:39",
            "open": "6.3723",
            "high": "6.3813",
            "low": "6.3723",
            "close": "6.3738"
        },
        {
            "time": "01.04.2021 13:42",
            "open": "6.3738",
            "high": "6.3738",
            "low": "6.3738",
            "close": "6.3825"
        },
        {
            "time": "01.04.2021 13:50",
            "open": "6.3825",
            "high": "6.3825",
            "low": "6.3825",
            "close": "6.3792"
        },
        {
            "time": "01.04.2021 13:51",
            "open": "6.3792",
            "high": "6.3792",
            "low": "6.3792",
            "close": "6.3732"
        },
        {
            "time": "01.04.2021 13:53",
            "open": "6.3732",
            "high": "6.3732",
            "low": "6.3727",
            "close": "6.3855"
        },
        {
            "time": "01.04.2021 14:09",
            "open": "6.3855",
            "high": "6.3855",
            "low": "6.3855",
            "close": "6.3716"
        },
        {
            "time": "01.04.2021 14:12",
            "open": "6.3716",
            "high": "6.3716",
            "low": "6.3716",
            "close": "6.3805"
        },
        {
            "time": "01.04.2021 14:27",
            "open": "6.3805",
            "high": "6.3805",
            "low": "6.3716",
            "close": "6.3812"
        },
        {
            "time": "01.04.2021 14:28",
            "open": "6.3812",
            "high": "6.3812",
            "low": "6.3812",
            "close": "6.3833"
        },
        {
            "time": "01.04.2021 14:44",
            "open": "6.3833",
            "high": "6.3833",
            "low": "6.3833",
            "close": "6.4"
        },
        {
            "time": "01.04.2021 14:50",
            "open": "6.4",
            "high": "6.4",
            "low": "6.4",
            "close": "6.4"
        },
        {
            "time": "01.04.2021 14:58",
            "open": "6.4",
            "high": "6.4",
            "low": "6.4",
            "close": "6.3944"
        },
        {
            "time": "01.04.2021 15:10",
            "open": "6.3944",
            "high": "6.3944",
            "low": "6.391",
            "close": "6.3805"
        },
        {
            "time": "01.04.2021 15:12",
            "open": "6.3805",
            "high": "6.3805",
            "low": "6.3805",
            "close": "6.3947"
        },
        {
            "time": "01.04.2021 15:18",
            "open": "6.3947",
            "high": "6.3947",
            "low": "6.3947",
            "close": "6.3951"
        },
        {
            "time": "01.04.2021 15:20",
            "open": "6.3951",
            "high": "6.3951",
            "low": "6.3951",
            "close": "6.4038"
        },
        {
            "time": "01.04.2021 15:25",
            "open": "6.4038",
            "high": "6.4038",
            "low": "6.4038",
            "close": "6.4038"
        },
        {
            "time": "01.04.2021 15:27",
            "open": "6.4038",
            "high": "6.4038",
            "low": "6.4038",
            "close": "6.4189"
        },
        {
            "time": "01.04.2021 15:28",
            "open": "6.4189",
            "high": "6.4189",
            "low": "6.4189",
            "close": "6.4182"
        },
        {
            "time": "01.04.2021 15:29",
            "open": "6.4182",
            "high": "6.4208",
            "low": "6.4182",
            "close": "6.4276"
        },
        {
            "time": "01.04.2021 15:34",
            "open": "6.4276",
            "high": "6.4276",
            "low": "6.4276",
            "close": "6.4208"
        },
        {
            "time": "01.04.2021 15:44",
            "open": "6.4208",
            "high": "6.4208",
            "low": "6.4208",
            "close": "6.424"
        },
        {
            "time": "01.04.2021 15:53",
            "open": "6.424",
            "high": "6.424",
            "low": "6.424",
            "close": "6.436"
        },
        {
            "time": "01.04.2021 15:55",
            "open": "6.436",
            "high": "6.436",
            "low": "6.436",
            "close": "6.4168"
        },
        {
            "time": "01.04.2021 15:57",
            "open": "6.4168",
            "high": "6.4168",
            "low": "6.3729",
            "close": "6.3667"
        },
        {
            "time": "01.04.2021 15:58",
            "open": "6.3667",
            "high": "6.3735",
            "low": "6.3667",
            "close": "6.3875"
        },
        {
            "time": "01.04.2021 16:06",
            "open": "6.3875",
            "high": "6.3875",
            "low": "6.3875",
            "close": "6.3623"
        },
        {
            "time": "01.04.2021 16:19",
            "open": "6.3623",
            "high": "6.3641",
            "low": "6.3623",
            "close": "6.3585"
        },
        {
            "time": "01.04.2021 16:23",
            "open": "6.3585",
            "high": "6.3587",
            "low": "6.3585",
            "close": "6.365"
        },
        {
            "time": "01.04.2021 16:30",
            "open": "6.365",
            "high": "6.3811",
            "low": "6.365",
            "close": "6.4012"
        },
        {
            "time": "01.04.2021 16:40",
            "open": "6.4012",
            "high": "6.4012",
            "low": "6.4012",
            "close": "6.4126"
        },
        {
            "time": "01.04.2021 16:57",
            "open": "6.4126",
            "high": "6.4126",
            "low": "6.4012",
            "close": "6.412"
        },
        {
            "time": "01.04.2021 16:58",
            "open": "6.412",
            "high": "6.412",
            "low": "6.412",
            "close": "6.399"
        },
        {
            "time": "01.04.2021 17:01",
            "open": "6.399",
            "high": "6.399",
            "low": "6.399",
            "close": "6.4143"
        },
        {
            "time": "01.04.2021 17:02",
            "open": "6.4143",
            "high": "6.4143",
            "low": "6.4143",
            "close": "6.4085"
        },
        {
            "time": "01.04.2021 17:03",
            "open": "6.4085",
            "high": "6.4085",
            "low": "6.4085",
            "close": "6.4131"
        },
        {
            "time": "01.04.2021 17:09",
            "open": "6.4131",
            "high": "6.4131",
            "low": "6.4131",
            "close": "6.4266"
        },
        {
            "time": "01.04.2021 17:20",
            "open": "6.4266",
            "high": "6.4266",
            "low": "6.4266",
            "close": "6.4143"
        },
        {
            "time": "01.04.2021 17:30",
            "open": "6.4143",
            "high": "6.4143",
            "low": "6.4143",
            "close": "6.4003"
        },
        {
            "time": "01.04.2021 17:33",
            "open": "6.4003",
            "high": "6.4003",
            "low": "6.4002",
            "close": "6.3968"
        },
        {
            "time": "01.04.2021 17:40",
            "open": "6.3968",
            "high": "6.3968",
            "low": "6.3968",
            "close": "6.4184"
        },
        {
            "time": "01.04.2021 17:47",
            "open": "6.4184",
            "high": "6.4184",
            "low": "6.4184",
            "close": "6.4274"
        },
        {
            "time": "01.04.2021 17:51",
            "open": "6.4274",
            "high": "6.4274",
            "low": "6.4157",
            "close": "6.4475"
        },
        {
            "time": "01.04.2021 17:57",
            "open": "6.4475",
            "high": "6.4475",
            "low": "6.4475",
            "close": "6.4474"
        },
        {
            "time": "01.04.2021 17:58",
            "open": "6.4474",
            "high": "6.4474",
            "low": "6.432",
            "close": "6.4474"
        },
        {
            "time": "01.04.2021 17:59",
            "open": "6.4474",
            "high": "6.4474",
            "low": "6.4474",
            "close": "6.4475"
        },
        {
            "time": "01.04.2021 18:00",
            "open": "6.4475",
            "high": "6.475",
            "low": "6.4475",
            "close": "6.4698"
        },
        {
            "time": "01.04.2021 18:15",
            "open": "6.4698",
            "high": "6.4698",
            "low": "6.4698",
            "close": "6.4655"
        },
        {
            "time": "01.04.2021 18:18",
            "open": "6.4655",
            "high": "6.4655",
            "low": "6.4655",
            "close": "6.4463"
        },
        {
            "time": "01.04.2021 18:44",
            "open": "6.4463",
            "high": "6.4463",
            "low": "6.4463",
            "close": "6.4366"
        },
        {
            "time": "01.04.2021 18:47",
            "open": "6.4366",
            "high": "6.4366",
            "low": "6.4366",
            "close": "6.4516"
        },
        {
            "time": "01.04.2021 18:53",
            "open": "6.4516",
            "high": "6.4518",
            "low": "6.4516",
            "close": "6.4339"
        },
        {
            "time": "01.04.2021 19:04",
            "open": "6.4339",
            "high": "6.4339",
            "low": "6.4339",
            "close": "6.4428"
        },
        {
            "time": "01.04.2021 19:11",
            "open": "6.4428",
            "high": "6.4428",
            "low": "6.4428",
            "close": "6.4415"
        },
        {
            "time": "01.04.2021 19:20",
            "open": "6.4415",
            "high": "6.4415",
            "low": "6.4415",
            "close": "6.4428"
        },
        {
            "time": "01.04.2021 19:29",
            "open": "6.4428",
            "high": "6.4428",
            "low": "6.4428",
            "close": "6.4369"
        },
        {
            "time": "01.04.2021 19:36",
            "open": "6.4369",
            "high": "6.4369",
            "low": "6.4262",
            "close": "6.3993"
        },
        {
            "time": "01.04.2021 19:42",
            "open": "6.3993",
            "high": "6.3993",
            "low": "6.3993",
            "close": "6.3964"
        },
        {
            "time": "01.04.2021 19:45",
            "open": "6.3964",
            "high": "6.3964",
            "low": "6.3964",
            "close": "6.383"
        },
        {
            "time": "01.04.2021 19:48",
            "open": "6.383",
            "high": "6.385",
            "low": "6.383",
            "close": "6.4018"
        },
        {
            "time": "01.04.2021 19:49",
            "open": "6.4018",
            "high": "6.4125",
            "low": "6.4017",
            "close": "6.3913"
        },
        {
            "time": "01.04.2021 19:53",
            "open": "6.3913",
            "high": "6.3913",
            "low": "6.3909",
            "close": "6.372"
        },
        {
            "time": "01.04.2021 19:55",
            "open": "6.372",
            "high": "6.372",
            "low": "6.372",
            "close": "6.3613"
        },
        {
            "time": "01.04.2021 19:56",
            "open": "6.3613",
            "high": "6.3613",
            "low": "6.3613",
            "close": "6.3719"
        },
        {
            "time": "01.04.2021 19:59",
            "open": "6.3719",
            "high": "6.372",
            "low": "6.3719",
            "close": "6.3623"
        },
        {
            "time": "01.04.2021 20:01",
            "open": "6.3623",
            "high": "6.3628",
            "low": "6.3623",
            "close": "6.3779"
        },
        {
            "time": "01.04.2021 20:02",
            "open": "6.3779",
            "high": "6.3779",
            "low": "6.3779",
            "close": "6.366"
        },
        {
            "time": "01.04.2021 20:08",
            "open": "6.366",
            "high": "6.366",
            "low": "6.366",
            "close": "6.3033"
        },
        {
            "time": "01.04.2021 20:19",
            "open": "6.3033",
            "high": "6.3033",
            "low": "6.2581",
            "close": "6.2631"
        },
        {
            "time": "01.04.2021 20:20",
            "open": "6.2631",
            "high": "6.29",
            "low": "6.2631",
            "close": "6.2882"
        },
        {
            "time": "01.04.2021 20:21",
            "open": "6.2882",
            "high": "6.2882",
            "low": "6.2882",
            "close": "6.2955"
        },
        {
            "time": "01.04.2021 20:23",
            "open": "6.2955",
            "high": "6.3132",
            "low": "6.2955",
            "close": "6.3486"
        },
        {
            "time": "01.04.2021 20:24",
            "open": "6.3486",
            "high": "6.3486",
            "low": "6.3486",
            "close": "6.3769"
        },
        {
            "time": "01.04.2021 20:28",
            "open": "6.3769",
            "high": "6.3782",
            "low": "6.3769",
            "close": "6.3929"
        },
        {
            "time": "01.04.2021 20:31",
            "open": "6.3929",
            "high": "6.3929",
            "low": "6.3929",
            "close": "6.4024"
        },
        {
            "time": "01.04.2021 20:34",
            "open": "6.4024",
            "high": "6.4024",
            "low": "6.4024",
            "close": "6.393"
        },
        {
            "time": "01.04.2021 20:40",
            "open": "6.393",
            "high": "6.393",
            "low": "6.393",
            "close": "6.3929"
        },
        {
            "time": "01.04.2021 20:41",
            "open": "6.3929",
            "high": "6.3929",
            "low": "6.3929",
            "close": "6.4013"
        },
        {
            "time": "01.04.2021 20:43",
            "open": "6.4013",
            "high": "6.4013",
            "low": "6.4013",
            "close": "6.4321"
        },
        {
            "time": "01.04.2021 20:49",
            "open": "6.4321",
            "high": "6.4321",
            "low": "6.4321",
            "close": "6.3995"
        },
        {
            "time": "01.04.2021 20:57",
            "open": "6.3995",
            "high": "6.3995",
            "low": "6.3995",
            "close": "6.4017"
        },
        {
            "time": "01.04.2021 20:58",
            "open": "6.4017",
            "high": "6.4017",
            "low": "6.4017",
            "close": "6.4214"
        },
        {
            "time": "01.04.2021 21:04",
            "open": "6.4214",
            "high": "6.4214",
            "low": "6.4214",
            "close": "6.4222"
        },
        {
            "time": "01.04.2021 21:05",
            "open": "6.4222",
            "high": "6.4222",
            "low": "6.4222",
            "close": "6.4227"
        },
        {
            "time": "01.04.2021 21:06",
            "open": "6.4227",
            "high": "6.4227",
            "low": "6.4227",
            "close": "6.4381"
        },
        {
            "time": "01.04.2021 21:13",
            "open": "6.4381",
            "high": "6.4549",
            "low": "6.4381",
            "close": "6.4589"
        },
        {
            "time": "01.04.2021 21:14",
            "open": "6.4589",
            "high": "6.4589",
            "low": "6.4589",
            "close": "6.4483"
        },
        {
            "time": "01.04.2021 21:15",
            "open": "6.4483",
            "high": "6.4483",
            "low": "6.4483",
            "close": "6.4483"
        },
        {
            "time": "01.04.2021 21:16",
            "open": "6.4483",
            "high": "6.4483",
            "low": "6.4456",
            "close": "6.4191"
        },
        {
            "time": "01.04.2021 21:22",
            "open": "6.4191",
            "high": "6.4191",
            "low": "6.4191",
            "close": "6.4191"
        },
        {
            "time": "01.04.2021 21:23",
            "open": "6.4191",
            "high": "6.4191",
            "low": "6.411",
            "close": "6.4109"
        },
        {
            "time": "01.04.2021 21:29",
            "open": "6.4109",
            "high": "6.4109",
            "low": "6.4109",
            "close": "6.4173"
        },
        {
            "time": "01.04.2021 21:33",
            "open": "6.4173",
            "high": "6.4173",
            "low": "6.4173",
            "close": "6.4063"
        },
        {
            "time": "01.04.2021 21:37",
            "open": "6.4063",
            "high": "6.4063",
            "low": "6.4063",
            "close": "6.4283"
        },
        {
            "time": "01.04.2021 21:40",
            "open": "6.4283",
            "high": "6.4283",
            "low": "6.4283",
            "close": "6.4288"
        },
        {
            "time": "01.04.2021 21:48",
            "open": "6.4288",
            "high": "6.4288",
            "low": "6.4288",
            "close": "6.4196"
        },
        {
            "time": "01.04.2021 22:00",
            "open": "6.4196",
            "high": "6.4196",
            "low": "6.4196",
            "close": "6.4"
        },
        {
            "time": "01.04.2021 22:05",
            "open": "6.4",
            "high": "6.4",
            "low": "6.4",
            "close": "6.4"
        },
        {
            "time": "01.04.2021 22:08",
            "open": "6.4",
            "high": "6.4",
            "low": "6.4",
            "close": "6.39"
        },
        {
            "time": "01.04.2021 22:10",
            "open": "6.39",
            "high": "6.39",
            "low": "6.39",
            "close": "6.39"
        },
        {
            "time": "01.04.2021 22:11",
            "open": "6.39",
            "high": "6.39",
            "low": "6.39",
            "close": "6.398"
        },
        {
            "time": "01.04.2021 22:12",
            "open": "6.398",
            "high": "6.398",
            "low": "6.398",
            "close": "6.4043"
        },
        {
            "time": "01.04.2021 22:16",
            "open": "6.4043",
            "high": "6.4043",
            "low": "6.4007",
            "close": "6.3916"
        },
        {
            "time": "01.04.2021 22:22",
            "open": "6.3916",
            "high": "6.3916",
            "low": "6.3916",
            "close": "6.4197"
        },
        {
            "time": "01.04.2021 22:37",
            "open": "6.4197",
            "high": "6.4197",
            "low": "6.4196",
            "close": "6.4366"
        },
        {
            "time": "01.04.2021 22:38",
            "open": "6.4366",
            "high": "6.4366",
            "low": "6.4366",
            "close": "6.4279"
        },
        {
            "time": "01.04.2021 22:39",
            "open": "6.4279",
            "high": "6.4279",
            "low": "6.4278",
            "close": "6.4398"
        },
        {
            "time": "01.04.2021 22:48",
            "open": "6.4398",
            "high": "6.4398",
            "low": "6.4398",
            "close": "6.4406"
        },
        {
            "time": "01.04.2021 22:50",
            "open": "6.4406",
            "high": "6.4407",
            "low": "6.4406",
            "close": "6.4243"
        },
        {
            "time": "01.04.2021 22:54",
            "open": "6.4243",
            "high": "6.4258",
            "low": "6.4243",
            "close": "6.4286"
        },
        {
            "time": "01.04.2021 22:55",
            "open": "6.4286",
            "high": "6.4286",
            "low": "6.4147",
            "close": "6.4226"
        },
        {
            "time": "01.04.2021 23:04",
            "open": "6.4226",
            "high": "6.4226",
            "low": "6.4215",
            "close": "6.4269"
        },
        {
            "time": "01.04.2021 23:06",
            "open": "6.4269",
            "high": "6.4269",
            "low": "6.4269",
            "close": "6.4173"
        },
        {
            "time": "01.04.2021 23:08",
            "open": "6.4173",
            "high": "6.4173",
            "low": "6.4173",
            "close": "6.4173"
        },
        {
            "time": "01.04.2021 23:11",
            "open": "6.4173",
            "high": "6.4173",
            "low": "6.4173",
            "close": "6.4179"
        },
        {
            "time": "01.04.2021 23:14",
            "open": "6.4179",
            "high": "6.4179",
            "low": "6.4179",
            "close": "6.4173"
        },
        {
            "time": "01.04.2021 23:24",
            "open": "6.4173",
            "high": "6.4173",
            "low": "6.4173",
            "close": "6.4055"
        },
        {
            "time": "01.04.2021 23:25",
            "open": "6.4055",
            "high": "6.4055",
            "low": "6.3949",
            "close": "6.3864"
        },
        {
            "time": "01.04.2021 23:34",
            "open": "6.3864",
            "high": "6.3864",
            "low": "6.3864",
            "close": "6.39"
        },
        {
            "time": "01.04.2021 23:40",
            "open": "6.39",
            "high": "6.39",
            "low": "6.39",
            "close": "6.39"
        }
    ]
}