{
    "BNT-EUR": [
        {
            "time": "29.05.2021 23:58",
            "open": "3.3731",
            "high": "3.3731",
            "low": "3.3731",
            "close": "3.3731"
        },
        {
            "time": "30.05.2021 00:01",
            "open": "3.3731",
            "high": "3.3731",
            "low": "3.3712",
            "close": "3.3569"
        },
        {
            "time": "30.05.2021 00:02",
            "open": "3.3569",
            "high": "3.3569",
            "low": "3.3569",
            "close": "3.3524"
        },
        {
            "time": "30.05.2021 00:17",
            "open": "3.3524",
            "high": "3.3524",
            "low": "3.3522",
            "close": "3.3504"
        },
        {
            "time": "30.05.2021 00:19",
            "open": "3.3504",
            "high": "3.3519",
            "low": "3.3504",
            "close": "3.3505"
        },
        {
            "time": "30.05.2021 00:20",
            "open": "3.3505",
            "high": "3.3505",
            "low": "3.3505",
            "close": "3.3526"
        },
        {
            "time": "30.05.2021 00:21",
            "open": "3.3526",
            "high": "3.3526",
            "low": "3.3526",
            "close": "3.3528"
        },
        {
            "time": "30.05.2021 00:31",
            "open": "3.3528",
            "high": "3.3528",
            "low": "3.3528",
            "close": "3.3626"
        },
        {
            "time": "30.05.2021 00:32",
            "open": "3.3626",
            "high": "3.3676",
            "low": "3.3605",
            "close": "3.3611"
        },
        {
            "time": "30.05.2021 00:33",
            "open": "3.3611",
            "high": "3.3611",
            "low": "3.3606",
            "close": "3.3548"
        },
        {
            "time": "30.05.2021 00:36",
            "open": "3.3548",
            "high": "3.3548",
            "low": "3.3548",
            "close": "3.3432"
        },
        {
            "time": "30.05.2021 00:53",
            "open": "3.3432",
            "high": "3.3432",
            "low": "3.342",
            "close": "3.3489"
        },
        {
            "time": "30.05.2021 00:58",
            "open": "3.3489",
            "high": "3.3489",
            "low": "3.3489",
            "close": "3.3453"
        },
        {
            "time": "30.05.2021 01:01",
            "open": "3.3453",
            "high": "3.3453",
            "low": "3.3428",
            "close": "3.3608"
        },
        {
            "time": "30.05.2021 01:24",
            "open": "3.3608",
            "high": "3.3756",
            "low": "3.3608",
            "close": "3.3659"
        },
        {
            "time": "30.05.2021 01:29",
            "open": "3.3659",
            "high": "3.3659",
            "low": "3.3653",
            "close": "3.3795"
        },
        {
            "time": "30.05.2021 01:30",
            "open": "3.3795",
            "high": "3.3829",
            "low": "3.3795",
            "close": "3.3829"
        },
        {
            "time": "30.05.2021 01:31",
            "open": "3.3829",
            "high": "3.3829",
            "low": "3.3829",
            "close": "3.3863"
        },
        {
            "time": "30.05.2021 01:32",
            "open": "3.3863",
            "high": "3.3924",
            "low": "3.3863",
            "close": "3.393"
        },
        {
            "time": "30.05.2021 01:34",
            "open": "3.393",
            "high": "3.4019",
            "low": "3.393",
            "close": "3.4043"
        },
        {
            "time": "30.05.2021 01:35",
            "open": "3.4043",
            "high": "3.4043",
            "low": "3.4043",
            "close": "3.4041"
        },
        {
            "time": "30.05.2021 01:37",
            "open": "3.4041",
            "high": "3.4041",
            "low": "3.4041",
            "close": "3.3982"
        },
        {
            "time": "30.05.2021 01:41",
            "open": "3.3982",
            "high": "3.4022",
            "low": "3.3894",
            "close": "3.3999"
        },
        {
            "time": "30.05.2021 01:47",
            "open": "3.3999",
            "high": "3.3999",
            "low": "3.3999",
            "close": "3.38"
        },
        {
            "time": "30.05.2021 01:54",
            "open": "3.38",
            "high": "3.38",
            "low": "3.38",
            "close": "3.3785"
        },
        {
            "time": "30.05.2021 01:59",
            "open": "3.3785",
            "high": "3.3785",
            "low": "3.3785",
            "close": "3.3439"
        },
        {
            "time": "30.05.2021 02:06",
            "open": "3.3439",
            "high": "3.3439",
            "low": "3.3414",
            "close": "3.3411"
        },
        {
            "time": "30.05.2021 02:12",
            "open": "3.3411",
            "high": "3.3411",
            "low": "3.3409",
            "close": "3.3391"
        },
        {
            "time": "30.05.2021 02:13",
            "open": "3.3391",
            "high": "3.3391",
            "low": "3.3391",
            "close": "3.3273"
        },
        {
            "time": "30.05.2021 02:17",
            "open": "3.3273",
            "high": "3.3328",
            "low": "3.3221",
            "close": "3.3056"
        },
        {
            "time": "30.05.2021 02:18",
            "open": "3.3056",
            "high": "3.3056",
            "low": "3.2994",
            "close": "3.2992"
        },
        {
            "time": "30.05.2021 02:20",
            "open": "3.2992",
            "high": "3.2992",
            "low": "3.2992",
            "close": "3.2789"
        },
        {
            "time": "30.05.2021 02:23",
            "open": "3.2789",
            "high": "3.2789",
            "low": "3.2497",
            "close": "3.2695"
        },
        {
            "time": "30.05.2021 02:24",
            "open": "3.2695",
            "high": "3.2724",
            "low": "3.2695",
            "close": "3.2865"
        },
        {
            "time": "30.05.2021 02:25",
            "open": "3.2865",
            "high": "3.2865",
            "low": "3.2865",
            "close": "3.28"
        },
        {
            "time": "30.05.2021 02:33",
            "open": "3.28",
            "high": "3.28",
            "low": "3.28",
            "close": "3.2488"
        },
        {
            "time": "30.05.2021 02:35",
            "open": "3.2488",
            "high": "3.2541",
            "low": "3.2463",
            "close": "3.2353"
        },
        {
            "time": "30.05.2021 02:36",
            "open": "3.2353",
            "high": "3.2356",
            "low": "3.2328",
            "close": "3.2327"
        },
        {
            "time": "30.05.2021 02:37",
            "open": "3.2327",
            "high": "3.2339",
            "low": "3.2327",
            "close": "3.2363"
        },
        {
            "time": "30.05.2021 02:44",
            "open": "3.2363",
            "high": "3.2363",
            "low": "3.2355",
            "close": "3.2493"
        },
        {
            "time": "30.05.2021 02:57",
            "open": "3.2493",
            "high": "3.2618",
            "low": "3.2493",
            "close": "3.2861"
        },
        {
            "time": "30.05.2021 03:02",
            "open": "3.2861",
            "high": "3.2936",
            "low": "3.2861",
            "close": "3.3104"
        },
        {
            "time": "30.05.2021 03:03",
            "open": "3.3104",
            "high": "3.3104",
            "low": "3.2953",
            "close": "3.2942"
        },
        {
            "time": "30.05.2021 03:04",
            "open": "3.2942",
            "high": "3.2942",
            "low": "3.2928",
            "close": "3.2639"
        },
        {
            "time": "30.05.2021 03:09",
            "open": "3.2639",
            "high": "3.2639",
            "low": "3.2639",
            "close": "3.2473"
        },
        {
            "time": "30.05.2021 03:13",
            "open": "3.2473",
            "high": "3.2473",
            "low": "3.2378",
            "close": "3.2523"
        },
        {
            "time": "30.05.2021 03:15",
            "open": "3.2523",
            "high": "3.2636",
            "low": "3.2523",
            "close": "3.278"
        },
        {
            "time": "30.05.2021 03:16",
            "open": "3.278",
            "high": "3.278",
            "low": "3.277",
            "close": "3.2671"
        },
        {
            "time": "30.05.2021 03:19",
            "open": "3.2671",
            "high": "3.2671",
            "low": "3.2671",
            "close": "3.2574"
        },
        {
            "time": "30.05.2021 03:20",
            "open": "3.2574",
            "high": "3.2574",
            "low": "3.2454",
            "close": "3.2412"
        },
        {
            "time": "30.05.2021 03:25",
            "open": "3.2412",
            "high": "3.2412",
            "low": "3.2412",
            "close": "3.2315"
        },
        {
            "time": "30.05.2021 03:32",
            "open": "3.2315",
            "high": "3.2315",
            "low": "3.2311",
            "close": "3.236"
        },
        {
            "time": "30.05.2021 03:33",
            "open": "3.236",
            "high": "3.2522",
            "low": "3.236",
            "close": "3.27"
        },
        {
            "time": "30.05.2021 03:34",
            "open": "3.27",
            "high": "3.2718",
            "low": "3.2699",
            "close": "3.2515"
        },
        {
            "time": "30.05.2021 03:38",
            "open": "3.2515",
            "high": "3.2515",
            "low": "3.2515",
            "close": "3.2529"
        },
        {
            "time": "30.05.2021 03:41",
            "open": "3.2529",
            "high": "3.2529",
            "low": "3.2529",
            "close": "3.2435"
        },
        {
            "time": "30.05.2021 03:43",
            "open": "3.2435",
            "high": "3.2518",
            "low": "3.2435",
            "close": "3.2622"
        },
        {
            "time": "30.05.2021 04:00",
            "open": "3.2622",
            "high": "3.2622",
            "low": "3.2613",
            "close": "3.2675"
        },
        {
            "time": "30.05.2021 04:05",
            "open": "3.2675",
            "high": "3.2675",
            "low": "3.2675",
            "close": "3.3066"
        },
        {
            "time": "30.05.2021 04:18",
            "open": "3.3066",
            "high": "3.3257",
            "low": "3.3066",
            "close": "3.3203"
        },
        {
            "time": "30.05.2021 04:19",
            "open": "3.3203",
            "high": "3.3203",
            "low": "3.312",
            "close": "3.303"
        },
        {
            "time": "30.05.2021 04:20",
            "open": "3.303",
            "high": "3.3163",
            "low": "3.303",
            "close": "3.3159"
        },
        {
            "time": "30.05.2021 04:23",
            "open": "3.3159",
            "high": "3.3159",
            "low": "3.3159",
            "close": "3.3139"
        },
        {
            "time": "30.05.2021 04:24",
            "open": "3.3139",
            "high": "3.314",
            "low": "3.3139",
            "close": "3.324"
        },
        {
            "time": "30.05.2021 04:28",
            "open": "3.324",
            "high": "3.324",
            "low": "3.324",
            "close": "3.3354"
        },
        {
            "time": "30.05.2021 04:43",
            "open": "3.3354",
            "high": "3.3365",
            "low": "3.3354",
            "close": "3.3373"
        },
        {
            "time": "30.05.2021 04:45",
            "open": "3.3373",
            "high": "3.3373",
            "low": "3.3373",
            "close": "3.3463"
        },
        {
            "time": "30.05.2021 04:56",
            "open": "3.3463",
            "high": "3.3463",
            "low": "3.3463",
            "close": "3.344"
        },
        {
            "time": "30.05.2021 04:59",
            "open": "3.344",
            "high": "3.3441",
            "low": "3.344",
            "close": "3.3617"
        },
        {
            "time": "30.05.2021 05:00",
            "open": "3.3617",
            "high": "3.3682",
            "low": "3.3617",
            "close": "3.3651"
        },
        {
            "time": "30.05.2021 05:01",
            "open": "3.3651",
            "high": "3.3651",
            "low": "3.3642",
            "close": "3.3647"
        },
        {
            "time": "30.05.2021 05:12",
            "open": "3.3647",
            "high": "3.3982",
            "low": "3.3647",
            "close": "3.4076"
        },
        {
            "time": "30.05.2021 05:13",
            "open": "3.4076",
            "high": "3.4183",
            "low": "3.3528",
            "close": "3.352"
        },
        {
            "time": "30.05.2021 05:14",
            "open": "3.352",
            "high": "3.3837",
            "low": "3.3438",
            "close": "3.3731"
        },
        {
            "time": "30.05.2021 05:15",
            "open": "3.3731",
            "high": "3.3931",
            "low": "3.3731",
            "close": "3.3954"
        },
        {
            "time": "30.05.2021 05:16",
            "open": "3.3954",
            "high": "3.3954",
            "low": "3.3954",
            "close": "3.3943"
        },
        {
            "time": "30.05.2021 05:23",
            "open": "3.3943",
            "high": "3.3943",
            "low": "3.3867",
            "close": "3.3841"
        },
        {
            "time": "30.05.2021 05:28",
            "open": "3.3841",
            "high": "3.3841",
            "low": "3.3841",
            "close": "3.3841"
        },
        {
            "time": "30.05.2021 05:31",
            "open": "3.3841",
            "high": "3.3841",
            "low": "3.3528",
            "close": "3.3509"
        },
        {
            "time": "30.05.2021 05:32",
            "open": "3.3509",
            "high": "3.3509",
            "low": "3.338",
            "close": "3.3316"
        },
        {
            "time": "30.05.2021 05:33",
            "open": "3.3316",
            "high": "3.3818",
            "low": "3.3305",
            "close": "3.3809"
        },
        {
            "time": "30.05.2021 05:34",
            "open": "3.3809",
            "high": "3.3859",
            "low": "3.3338",
            "close": "3.3376"
        },
        {
            "time": "30.05.2021 05:35",
            "open": "3.3376",
            "high": "3.345",
            "low": "3.3308",
            "close": "3.3562"
        },
        {
            "time": "30.05.2021 05:42",
            "open": "3.3562",
            "high": "3.3562",
            "low": "3.3552",
            "close": "3.3549"
        },
        {
            "time": "30.05.2021 05:43",
            "open": "3.3549",
            "high": "3.3549",
            "low": "3.3534",
            "close": "3.3435"
        },
        {
            "time": "30.05.2021 05:45",
            "open": "3.3435",
            "high": "3.3435",
            "low": "3.3435",
            "close": "3.3513"
        },
        {
            "time": "30.05.2021 05:46",
            "open": "3.3513",
            "high": "3.4103",
            "low": "3.3513",
            "close": "3.406"
        },
        {
            "time": "30.05.2021 05:47",
            "open": "3.406",
            "high": "3.406",
            "low": "3.3834",
            "close": "3.3849"
        },
        {
            "time": "30.05.2021 05:48",
            "open": "3.3849",
            "high": "3.3849",
            "low": "3.3849",
            "close": "3.3832"
        },
        {
            "time": "30.05.2021 05:49",
            "open": "3.3832",
            "high": "3.3842",
            "low": "3.3831",
            "close": "3.3848"
        },
        {
            "time": "30.05.2021 05:50",
            "open": "3.3848",
            "high": "3.3943",
            "low": "3.3845",
            "close": "3.3988"
        },
        {
            "time": "30.05.2021 05:51",
            "open": "3.3988",
            "high": "3.4",
            "low": "3.3967",
            "close": "3.3932"
        },
        {
            "time": "30.05.2021 05:53",
            "open": "3.3932",
            "high": "3.3932",
            "low": "3.3929",
            "close": "3.3914"
        },
        {
            "time": "30.05.2021 05:54",
            "open": "3.3914",
            "high": "3.3999",
            "low": "3.3892",
            "close": "3.3984"
        },
        {
            "time": "30.05.2021 05:55",
            "open": "3.3984",
            "high": "3.3984",
            "low": "3.3962",
            "close": "3.3874"
        },
        {
            "time": "30.05.2021 05:58",
            "open": "3.3874",
            "high": "3.3882",
            "low": "3.3874",
            "close": "3.3869"
        },
        {
            "time": "30.05.2021 06:01",
            "open": "3.3869",
            "high": "3.3869",
            "low": "3.3869",
            "close": "3.3766"
        },
        {
            "time": "30.05.2021 06:04",
            "open": "3.3766",
            "high": "3.3766",
            "low": "3.3555",
            "close": "3.3533"
        },
        {
            "time": "30.05.2021 06:05",
            "open": "3.3533",
            "high": "3.3786",
            "low": "3.3533",
            "close": "3.3838"
        },
        {
            "time": "30.05.2021 06:06",
            "open": "3.3838",
            "high": "3.384",
            "low": "3.3672",
            "close": "3.3758"
        },
        {
            "time": "30.05.2021 06:07",
            "open": "3.3758",
            "high": "3.3831",
            "low": "3.3756",
            "close": "3.3841"
        },
        {
            "time": "30.05.2021 06:08",
            "open": "3.3841",
            "high": "3.3841",
            "low": "3.3841",
            "close": "3.382"
        },
        {
            "time": "30.05.2021 06:11",
            "open": "3.382",
            "high": "3.3991",
            "low": "3.382",
            "close": "3.3948"
        },
        {
            "time": "30.05.2021 06:16",
            "open": "3.3948",
            "high": "3.3948",
            "low": "3.3948",
            "close": "3.3871"
        },
        {
            "time": "30.05.2021 06:19",
            "open": "3.3871",
            "high": "3.3871",
            "low": "3.3521",
            "close": "3.3487"
        },
        {
            "time": "30.05.2021 06:20",
            "open": "3.3487",
            "high": "3.3868",
            "low": "3.3487",
            "close": "3.3799"
        },
        {
            "time": "30.05.2021 06:22",
            "open": "3.3799",
            "high": "3.3973",
            "low": "3.3799",
            "close": "3.3862"
        },
        {
            "time": "30.05.2021 06:23",
            "open": "3.3862",
            "high": "3.3862",
            "low": "3.3862",
            "close": "3.3835"
        },
        {
            "time": "30.05.2021 06:27",
            "open": "3.3835",
            "high": "3.3853",
            "low": "3.3824",
            "close": "3.3879"
        },
        {
            "time": "30.05.2021 06:31",
            "open": "3.3879",
            "high": "3.4033",
            "low": "3.3879",
            "close": "3.4095"
        },
        {
            "time": "30.05.2021 06:32",
            "open": "3.4095",
            "high": "3.4095",
            "low": "3.4058",
            "close": "3.41"
        },
        {
            "time": "30.05.2021 06:33",
            "open": "3.41",
            "high": "3.41",
            "low": "3.41",
            "close": "3.4172"
        },
        {
            "time": "30.05.2021 06:35",
            "open": "3.4172",
            "high": "3.4272",
            "low": "3.4172",
            "close": "3.4119"
        },
        {
            "time": "30.05.2021 06:36",
            "open": "3.4119",
            "high": "3.4119",
            "low": "3.4119",
            "close": "3.4117"
        },
        {
            "time": "30.05.2021 06:37",
            "open": "3.4117",
            "high": "3.4117",
            "low": "3.4117",
            "close": "3.409"
        },
        {
            "time": "30.05.2021 06:40",
            "open": "3.409",
            "high": "3.4092",
            "low": "3.409",
            "close": "3.4087"
        },
        {
            "time": "30.05.2021 06:42",
            "open": "3.4087",
            "high": "3.4087",
            "low": "3.4087",
            "close": "3.4094"
        },
        {
            "time": "30.05.2021 06:43",
            "open": "3.4094",
            "high": "3.4094",
            "low": "3.4094",
            "close": "3.3956"
        },
        {
            "time": "30.05.2021 06:46",
            "open": "3.3956",
            "high": "3.3956",
            "low": "3.3956",
            "close": "3.3875"
        },
        {
            "time": "30.05.2021 06:54",
            "open": "3.3875",
            "high": "3.3875",
            "low": "3.3855",
            "close": "3.3868"
        },
        {
            "time": "30.05.2021 07:00",
            "open": "3.3868",
            "high": "3.3868",
            "low": "3.3868",
            "close": "3.4138"
        },
        {
            "time": "30.05.2021 07:01",
            "open": "3.4138",
            "high": "3.4141",
            "low": "3.4138",
            "close": "3.4192"
        },
        {
            "time": "30.05.2021 07:05",
            "open": "3.4192",
            "high": "3.4192",
            "low": "3.4192",
            "close": "3.4201"
        },
        {
            "time": "30.05.2021 07:07",
            "open": "3.4201",
            "high": "3.4472",
            "low": "3.4201",
            "close": "3.4431"
        },
        {
            "time": "30.05.2021 07:08",
            "open": "3.4431",
            "high": "3.4431",
            "low": "3.423",
            "close": "3.4201"
        },
        {
            "time": "30.05.2021 07:09",
            "open": "3.4201",
            "high": "3.4218",
            "low": "3.4176",
            "close": "3.4031"
        },
        {
            "time": "30.05.2021 07:11",
            "open": "3.4031",
            "high": "3.4363",
            "low": "3.4031",
            "close": "3.4394"
        },
        {
            "time": "30.05.2021 07:12",
            "open": "3.4394",
            "high": "3.4687",
            "low": "3.4394",
            "close": "3.4415"
        },
        {
            "time": "30.05.2021 07:13",
            "open": "3.4415",
            "high": "3.4415",
            "low": "3.4415",
            "close": "3.4505"
        },
        {
            "time": "30.05.2021 07:16",
            "open": "3.4505",
            "high": "3.467",
            "low": "3.4505",
            "close": "3.4588"
        },
        {
            "time": "30.05.2021 07:17",
            "open": "3.4588",
            "high": "3.4588",
            "low": "3.4382",
            "close": "3.4265"
        },
        {
            "time": "30.05.2021 07:19",
            "open": "3.4265",
            "high": "3.4688",
            "low": "3.4265",
            "close": "3.4665"
        },
        {
            "time": "30.05.2021 07:20",
            "open": "3.4665",
            "high": "3.5644",
            "low": "3.4665",
            "close": "3.4902"
        },
        {
            "time": "30.05.2021 07:21",
            "open": "3.4902",
            "high": "3.4902",
            "low": "3.4163",
            "close": "3.432"
        },
        {
            "time": "30.05.2021 07:22",
            "open": "3.432",
            "high": "3.4332",
            "low": "3.432",
            "close": "3.4413"
        },
        {
            "time": "30.05.2021 07:25",
            "open": "3.4413",
            "high": "3.4741",
            "low": "3.4413",
            "close": "3.4805"
        },
        {
            "time": "30.05.2021 07:26",
            "open": "3.4805",
            "high": "3.4926",
            "low": "3.4805",
            "close": "3.4884"
        },
        {
            "time": "30.05.2021 07:27",
            "open": "3.4884",
            "high": "3.4963",
            "low": "3.4867",
            "close": "3.4989"
        },
        {
            "time": "30.05.2021 07:28",
            "open": "3.4989",
            "high": "3.4989",
            "low": "3.494",
            "close": "3.494"
        },
        {
            "time": "30.05.2021 07:31",
            "open": "3.494",
            "high": "3.494",
            "low": "3.4878",
            "close": "3.468"
        },
        {
            "time": "30.05.2021 07:32",
            "open": "3.468",
            "high": "3.4833",
            "low": "3.468",
            "close": "3.4713"
        },
        {
            "time": "30.05.2021 07:33",
            "open": "3.4713",
            "high": "3.4713",
            "low": "3.4713",
            "close": "3.477"
        },
        {
            "time": "30.05.2021 07:35",
            "open": "3.477",
            "high": "3.4786",
            "low": "3.477",
            "close": "3.4876"
        },
        {
            "time": "30.05.2021 07:46",
            "open": "3.4876",
            "high": "3.5047",
            "low": "3.4876",
            "close": "3.5024"
        },
        {
            "time": "30.05.2021 07:48",
            "open": "3.5024",
            "high": "3.5024",
            "low": "3.5024",
            "close": "3.5118"
        },
        {
            "time": "30.05.2021 07:51",
            "open": "3.5118",
            "high": "3.5217",
            "low": "3.5118",
            "close": "3.5025"
        },
        {
            "time": "30.05.2021 07:52",
            "open": "3.5025",
            "high": "3.5025",
            "low": "3.499",
            "close": "3.494"
        },
        {
            "time": "30.05.2021 07:53",
            "open": "3.494",
            "high": "3.494",
            "low": "3.4857",
            "close": "3.49"
        },
        {
            "time": "30.05.2021 07:55",
            "open": "3.49",
            "high": "3.5334",
            "low": "3.49",
            "close": "3.5161"
        },
        {
            "time": "30.05.2021 07:56",
            "open": "3.5161",
            "high": "3.5161",
            "low": "3.5061",
            "close": "3.508"
        },
        {
            "time": "30.05.2021 07:57",
            "open": "3.508",
            "high": "3.508",
            "low": "3.5052",
            "close": "3.5049"
        },
        {
            "time": "30.05.2021 07:58",
            "open": "3.5049",
            "high": "3.505",
            "low": "3.503",
            "close": "3.5042"
        },
        {
            "time": "30.05.2021 08:00",
            "open": "3.5042",
            "high": "3.5058",
            "low": "3.5041",
            "close": "3.521"
        },
        {
            "time": "30.05.2021 08:01",
            "open": "3.521",
            "high": "3.5299",
            "low": "3.5205",
            "close": "3.534"
        },
        {
            "time": "30.05.2021 08:02",
            "open": "3.534",
            "high": "3.534",
            "low": "3.5262",
            "close": "3.5261"
        },
        {
            "time": "30.05.2021 08:05",
            "open": "3.5261",
            "high": "3.5513",
            "low": "3.5261",
            "close": "3.5551"
        },
        {
            "time": "30.05.2021 08:06",
            "open": "3.5551",
            "high": "3.5568",
            "low": "3.5551",
            "close": "3.5517"
        },
        {
            "time": "30.05.2021 08:07",
            "open": "3.5517",
            "high": "3.5517",
            "low": "3.53",
            "close": "3.5344"
        },
        {
            "time": "30.05.2021 08:08",
            "open": "3.5344",
            "high": "3.5877",
            "low": "3.5344",
            "close": "3.5474"
        },
        {
            "time": "30.05.2021 08:09",
            "open": "3.5474",
            "high": "3.5474",
            "low": "3.5396",
            "close": "3.5562"
        },
        {
            "time": "30.05.2021 08:10",
            "open": "3.5562",
            "high": "3.5562",
            "low": "3.5424",
            "close": "3.5282"
        },
        {
            "time": "30.05.2021 08:14",
            "open": "3.5282",
            "high": "3.5282",
            "low": "3.5282",
            "close": "3.5354"
        },
        {
            "time": "30.05.2021 08:16",
            "open": "3.5354",
            "high": "3.5667",
            "low": "3.5354",
            "close": "3.5435"
        },
        {
            "time": "30.05.2021 08:19",
            "open": "3.5435",
            "high": "3.5435",
            "low": "3.5431",
            "close": "3.5338"
        },
        {
            "time": "30.05.2021 08:23",
            "open": "3.5338",
            "high": "3.5338",
            "low": "3.5335",
            "close": "3.5291"
        },
        {
            "time": "30.05.2021 08:26",
            "open": "3.5291",
            "high": "3.5291",
            "low": "3.5291",
            "close": "3.536"
        },
        {
            "time": "30.05.2021 08:28",
            "open": "3.536",
            "high": "3.5421",
            "low": "3.536",
            "close": "3.5457"
        },
        {
            "time": "30.05.2021 08:29",
            "open": "3.5457",
            "high": "3.5483",
            "low": "3.5452",
            "close": "3.5442"
        },
        {
            "time": "30.05.2021 08:30",
            "open": "3.5442",
            "high": "3.5443",
            "low": "3.5204",
            "close": "3.5108"
        },
        {
            "time": "30.05.2021 08:31",
            "open": "3.5108",
            "high": "3.5312",
            "low": "3.5108",
            "close": "3.5256"
        },
        {
            "time": "30.05.2021 08:32",
            "open": "3.5256",
            "high": "3.5256",
            "low": "3.5039",
            "close": "3.5058"
        },
        {
            "time": "30.05.2021 08:33",
            "open": "3.5058",
            "high": "3.5058",
            "low": "3.5021",
            "close": "3.5014"
        },
        {
            "time": "30.05.2021 08:34",
            "open": "3.5014",
            "high": "3.5083",
            "low": "3.4873",
            "close": "3.5161"
        },
        {
            "time": "30.05.2021 08:35",
            "open": "3.5161",
            "high": "3.5305",
            "low": "3.5161",
            "close": "3.5479"
        },
        {
            "time": "30.05.2021 08:37",
            "open": "3.5479",
            "high": "3.5479",
            "low": "3.5479",
            "close": "3.5515"
        },
        {
            "time": "30.05.2021 08:38",
            "open": "3.5515",
            "high": "3.5515",
            "low": "3.5515",
            "close": "3.5879"
        },
        {
            "time": "30.05.2021 08:50",
            "open": "3.5879",
            "high": "3.5999",
            "low": "3.5879",
            "close": "3.5898"
        },
        {
            "time": "30.05.2021 08:51",
            "open": "3.5898",
            "high": "3.5898",
            "low": "3.5884",
            "close": "3.594"
        },
        {
            "time": "30.05.2021 09:01",
            "open": "3.594",
            "high": "3.6268",
            "low": "3.594",
            "close": "3.6063"
        },
        {
            "time": "30.05.2021 09:02",
            "open": "3.6063",
            "high": "3.6063",
            "low": "3.5817",
            "close": "3.5767"
        },
        {
            "time": "30.05.2021 09:03",
            "open": "3.5767",
            "high": "3.5919",
            "low": "3.5683",
            "close": "3.5991"
        },
        {
            "time": "30.05.2021 09:04",
            "open": "3.5991",
            "high": "3.6016",
            "low": "3.5988",
            "close": "3.6006"
        },
        {
            "time": "30.05.2021 09:05",
            "open": "3.6006",
            "high": "3.6006",
            "low": "3.6006",
            "close": "3.5946"
        },
        {
            "time": "30.05.2021 09:09",
            "open": "3.5946",
            "high": "3.5946",
            "low": "3.5946",
            "close": "3.5829"
        },
        {
            "time": "30.05.2021 09:14",
            "open": "3.5829",
            "high": "3.5829",
            "low": "3.5829",
            "close": "3.5716"
        },
        {
            "time": "30.05.2021 09:16",
            "open": "3.5716",
            "high": "3.5998",
            "low": "3.5716",
            "close": "3.5747"
        },
        {
            "time": "30.05.2021 09:18",
            "open": "3.5747",
            "high": "3.5747",
            "low": "3.5744",
            "close": "3.5734"
        },
        {
            "time": "30.05.2021 09:20",
            "open": "3.5734",
            "high": "3.5734",
            "low": "3.5734",
            "close": "3.57"
        },
        {
            "time": "30.05.2021 09:21",
            "open": "3.57",
            "high": "3.57",
            "low": "3.5616",
            "close": "3.5611"
        },
        {
            "time": "30.05.2021 09:31",
            "open": "3.5611",
            "high": "3.5963",
            "low": "3.5611",
            "close": "3.6075"
        },
        {
            "time": "30.05.2021 09:32",
            "open": "3.6075",
            "high": "3.6115",
            "low": "3.6022",
            "close": "3.6094"
        },
        {
            "time": "30.05.2021 09:33",
            "open": "3.6094",
            "high": "3.6094",
            "low": "3.5473",
            "close": "3.5812"
        },
        {
            "time": "30.05.2021 09:34",
            "open": "3.5812",
            "high": "3.5935",
            "low": "3.5798",
            "close": "3.5777"
        },
        {
            "time": "30.05.2021 09:35",
            "open": "3.5777",
            "high": "3.5952",
            "low": "3.5777",
            "close": "3.5814"
        },
        {
            "time": "30.05.2021 09:36",
            "open": "3.5814",
            "high": "3.5814",
            "low": "3.5814",
            "close": "3.5989"
        },
        {
            "time": "30.05.2021 09:41",
            "open": "3.5989",
            "high": "3.6334",
            "low": "3.5989",
            "close": "3.6281"
        },
        {
            "time": "30.05.2021 09:42",
            "open": "3.6281",
            "high": "3.6353",
            "low": "3.624",
            "close": "3.6272"
        },
        {
            "time": "30.05.2021 09:43",
            "open": "3.6272",
            "high": "3.6272",
            "low": "3.6272",
            "close": "3.6218"
        },
        {
            "time": "30.05.2021 09:44",
            "open": "3.6218",
            "high": "3.6218",
            "low": "3.6218",
            "close": "3.6143"
        },
        {
            "time": "30.05.2021 09:47",
            "open": "3.6143",
            "high": "3.6143",
            "low": "3.6143",
            "close": "3.6116"
        },
        {
            "time": "30.05.2021 09:48",
            "open": "3.6116",
            "high": "3.6116",
            "low": "3.6028",
            "close": "3.5917"
        },
        {
            "time": "30.05.2021 09:52",
            "open": "3.5917",
            "high": "3.5917",
            "low": "3.5917",
            "close": "3.5846"
        },
        {
            "time": "30.05.2021 09:54",
            "open": "3.5846",
            "high": "3.6503",
            "low": "3.5846",
            "close": "3.6329"
        },
        {
            "time": "30.05.2021 09:55",
            "open": "3.6329",
            "high": "3.7102",
            "low": "3.5886",
            "close": "3.6059"
        },
        {
            "time": "30.05.2021 09:56",
            "open": "3.6059",
            "high": "3.6059",
            "low": "3.5643",
            "close": "3.6136"
        },
        {
            "time": "30.05.2021 09:57",
            "open": "3.6136",
            "high": "3.6645",
            "low": "3.6136",
            "close": "3.6604"
        },
        {
            "time": "30.05.2021 09:58",
            "open": "3.6604",
            "high": "3.6887",
            "low": "3.6578",
            "close": "3.6613"
        },
        {
            "time": "30.05.2021 09:59",
            "open": "3.6613",
            "high": "3.6613",
            "low": "3.5956",
            "close": "3.6253"
        },
        {
            "time": "30.05.2021 10:00",
            "open": "3.6253",
            "high": "3.6389",
            "low": "3.6177",
            "close": "3.6387"
        },
        {
            "time": "30.05.2021 10:01",
            "open": "3.6387",
            "high": "3.6504",
            "low": "3.6291",
            "close": "3.6346"
        },
        {
            "time": "30.05.2021 10:02",
            "open": "3.6346",
            "high": "3.6456",
            "low": "3.6334",
            "close": "3.6381"
        },
        {
            "time": "30.05.2021 10:03",
            "open": "3.6381",
            "high": "3.6381",
            "low": "3.6316",
            "close": "3.6262"
        },
        {
            "time": "30.05.2021 10:04",
            "open": "3.6262",
            "high": "3.6262",
            "low": "3.6262",
            "close": "3.6177"
        },
        {
            "time": "30.05.2021 10:05",
            "open": "3.6177",
            "high": "3.6177",
            "low": "3.617",
            "close": "3.6163"
        },
        {
            "time": "30.05.2021 10:06",
            "open": "3.6163",
            "high": "3.6163",
            "low": "3.6151",
            "close": "3.6181"
        },
        {
            "time": "30.05.2021 10:09",
            "open": "3.6181",
            "high": "3.6181",
            "low": "3.5877",
            "close": "3.5887"
        },
        {
            "time": "30.05.2021 10:10",
            "open": "3.5887",
            "high": "3.5887",
            "low": "3.5887",
            "close": "3.5972"
        },
        {
            "time": "30.05.2021 10:12",
            "open": "3.5972",
            "high": "3.5996",
            "low": "3.5972",
            "close": "3.6184"
        },
        {
            "time": "30.05.2021 10:14",
            "open": "3.6184",
            "high": "3.6487",
            "low": "3.5984",
            "close": "3.6065"
        },
        {
            "time": "30.05.2021 10:15",
            "open": "3.6065",
            "high": "3.6317",
            "low": "3.6065",
            "close": "3.6154"
        },
        {
            "time": "30.05.2021 10:16",
            "open": "3.6154",
            "high": "3.6154",
            "low": "3.6135",
            "close": "3.6143"
        },
        {
            "time": "30.05.2021 10:17",
            "open": "3.6143",
            "high": "3.6143",
            "low": "3.6109",
            "close": "3.6104"
        },
        {
            "time": "30.05.2021 10:18",
            "open": "3.6104",
            "high": "3.6104",
            "low": "3.5819",
            "close": "3.5858"
        },
        {
            "time": "30.05.2021 10:19",
            "open": "3.5858",
            "high": "3.5858",
            "low": "3.585",
            "close": "3.592"
        },
        {
            "time": "30.05.2021 10:20",
            "open": "3.592",
            "high": "3.5938",
            "low": "3.592",
            "close": "3.5909"
        },
        {
            "time": "30.05.2021 10:21",
            "open": "3.5909",
            "high": "3.5909",
            "low": "3.5909",
            "close": "3.5927"
        },
        {
            "time": "30.05.2021 10:22",
            "open": "3.5927",
            "high": "3.5927",
            "low": "3.5764",
            "close": "3.5817"
        },
        {
            "time": "30.05.2021 10:26",
            "open": "3.5817",
            "high": "3.5825",
            "low": "3.5817",
            "close": "3.5839"
        },
        {
            "time": "30.05.2021 10:29",
            "open": "3.5839",
            "high": "3.5858",
            "low": "3.5839",
            "close": "3.5858"
        },
        {
            "time": "30.05.2021 10:31",
            "open": "3.5858",
            "high": "3.5858",
            "low": "3.5858",
            "close": "3.5922"
        },
        {
            "time": "30.05.2021 10:32",
            "open": "3.5922",
            "high": "3.5922",
            "low": "3.5922",
            "close": "3.5984"
        },
        {
            "time": "30.05.2021 10:34",
            "open": "3.5984",
            "high": "3.5984",
            "low": "3.5984",
            "close": "3.5945"
        },
        {
            "time": "30.05.2021 10:37",
            "open": "3.5945",
            "high": "3.5945",
            "low": "3.5945",
            "close": "3.5861"
        },
        {
            "time": "30.05.2021 10:43",
            "open": "3.5861",
            "high": "3.5861",
            "low": "3.5861",
            "close": "3.5969"
        },
        {
            "time": "30.05.2021 10:46",
            "open": "3.5969",
            "high": "3.5979",
            "low": "3.5969",
            "close": "3.5918"
        },
        {
            "time": "30.05.2021 10:54",
            "open": "3.5918",
            "high": "3.5918",
            "low": "3.5918",
            "close": "3.5905"
        },
        {
            "time": "30.05.2021 10:57",
            "open": "3.5905",
            "high": "3.5905",
            "low": "3.5905",
            "close": "3.5895"
        },
        {
            "time": "30.05.2021 11:01",
            "open": "3.5895",
            "high": "3.5895",
            "low": "3.5895",
            "close": "3.5853"
        },
        {
            "time": "30.05.2021 11:05",
            "open": "3.5853",
            "high": "3.5853",
            "low": "3.5853",
            "close": "3.6005"
        },
        {
            "time": "30.05.2021 11:24",
            "open": "3.6005",
            "high": "3.604",
            "low": "3.6005",
            "close": "3.6076"
        },
        {
            "time": "30.05.2021 11:26",
            "open": "3.6076",
            "high": "3.6088",
            "low": "3.6076",
            "close": "3.6088"
        },
        {
            "time": "30.05.2021 11:31",
            "open": "3.6088",
            "high": "3.6088",
            "low": "3.6088",
            "close": "3.5953"
        },
        {
            "time": "30.05.2021 11:48",
            "open": "3.5953",
            "high": "3.5953",
            "low": "3.5953",
            "close": "3.599"
        },
        {
            "time": "30.05.2021 12:01",
            "open": "3.599",
            "high": "3.599",
            "low": "3.599",
            "close": "3.6065"
        },
        {
            "time": "30.05.2021 12:03",
            "open": "3.6065",
            "high": "3.6065",
            "low": "3.6065",
            "close": "3.5908"
        },
        {
            "time": "30.05.2021 12:16",
            "open": "3.5908",
            "high": "3.5908",
            "low": "3.5908",
            "close": "3.5833"
        },
        {
            "time": "30.05.2021 12:19",
            "open": "3.5833",
            "high": "3.5833",
            "low": "3.5833",
            "close": "3.5976"
        },
        {
            "time": "30.05.2021 12:32",
            "open": "3.5976",
            "high": "3.5978",
            "low": "3.5976",
            "close": "3.5872"
        },
        {
            "time": "30.05.2021 12:40",
            "open": "3.5872",
            "high": "3.5872",
            "low": "3.5872",
            "close": "3.5934"
        },
        {
            "time": "30.05.2021 12:45",
            "open": "3.5934",
            "high": "3.5934",
            "low": "3.5934",
            "close": "3.5908"
        },
        {
            "time": "30.05.2021 12:58",
            "open": "3.5908",
            "high": "3.5908",
            "low": "3.5908",
            "close": "3.5908"
        },
        {
            "time": "30.05.2021 13:01",
            "open": "3.5908",
            "high": "3.5908",
            "low": "3.5908",
            "close": "3.5891"
        },
        {
            "time": "30.05.2021 13:08",
            "open": "3.5891",
            "high": "3.5891",
            "low": "3.5891",
            "close": "3.5968"
        },
        {
            "time": "30.05.2021 13:12",
            "open": "3.5968",
            "high": "3.6164",
            "low": "3.5968",
            "close": "3.6176"
        },
        {
            "time": "30.05.2021 13:13",
            "open": "3.6176",
            "high": "3.62",
            "low": "3.6136",
            "close": "3.62"
        },
        {
            "time": "30.05.2021 13:15",
            "open": "3.62",
            "high": "3.6382",
            "low": "3.62",
            "close": "3.6302"
        },
        {
            "time": "30.05.2021 13:16",
            "open": "3.6302",
            "high": "3.6302",
            "low": "3.6251",
            "close": "3.62"
        },
        {
            "time": "30.05.2021 13:20",
            "open": "3.62",
            "high": "3.62",
            "low": "3.62",
            "close": "3.62"
        },
        {
            "time": "30.05.2021 13:23",
            "open": "3.62",
            "high": "3.62",
            "low": "3.62",
            "close": "3.611"
        },
        {
            "time": "30.05.2021 13:31",
            "open": "3.611",
            "high": "3.611",
            "low": "3.611",
            "close": "3.6131"
        },
        {
            "time": "30.05.2021 13:48",
            "open": "3.6131",
            "high": "3.6151",
            "low": "3.6131",
            "close": "3.6377"
        },
        {
            "time": "30.05.2021 13:57",
            "open": "3.6377",
            "high": "3.6392",
            "low": "3.6377",
            "close": "3.6506"
        },
        {
            "time": "30.05.2021 13:59",
            "open": "3.6506",
            "high": "3.6572",
            "low": "3.6506",
            "close": "3.6565"
        },
        {
            "time": "30.05.2021 14:01",
            "open": "3.6565",
            "high": "3.6565",
            "low": "3.6469",
            "close": "3.6509"
        },
        {
            "time": "30.05.2021 14:04",
            "open": "3.6509",
            "high": "3.652",
            "low": "3.6509",
            "close": "3.639"
        },
        {
            "time": "30.05.2021 14:18",
            "open": "3.639",
            "high": "3.639",
            "low": "3.6387",
            "close": "3.6299"
        },
        {
            "time": "30.05.2021 14:32",
            "open": "3.6299",
            "high": "3.63",
            "low": "3.6299",
            "close": "3.62"
        },
        {
            "time": "30.05.2021 14:40",
            "open": "3.62",
            "high": "3.62",
            "low": "3.62",
            "close": "3.6127"
        },
        {
            "time": "30.05.2021 14:41",
            "open": "3.6127",
            "high": "3.6127",
            "low": "3.6127",
            "close": "3.6024"
        },
        {
            "time": "30.05.2021 14:46",
            "open": "3.6024",
            "high": "3.6024",
            "low": "3.6024",
            "close": "3.5711"
        },
        {
            "time": "30.05.2021 14:50",
            "open": "3.5711",
            "high": "3.5711",
            "low": "3.5557",
            "close": "3.5494"
        },
        {
            "time": "30.05.2021 14:56",
            "open": "3.5494",
            "high": "3.5603",
            "low": "3.5494",
            "close": "3.5556"
        },
        {
            "time": "30.05.2021 14:57",
            "open": "3.5556",
            "high": "3.5556",
            "low": "3.5556",
            "close": "3.5494"
        },
        {
            "time": "30.05.2021 14:58",
            "open": "3.5494",
            "high": "3.5549",
            "low": "3.5494",
            "close": "3.5574"
        },
        {
            "time": "30.05.2021 15:01",
            "open": "3.5574",
            "high": "3.5781",
            "low": "3.5574",
            "close": "3.5628"
        },
        {
            "time": "30.05.2021 15:02",
            "open": "3.5628",
            "high": "3.5628",
            "low": "3.5624",
            "close": "3.5613"
        },
        {
            "time": "30.05.2021 15:03",
            "open": "3.5613",
            "high": "3.5613",
            "low": "3.5613",
            "close": "3.559"
        },
        {
            "time": "30.05.2021 15:04",
            "open": "3.559",
            "high": "3.559",
            "low": "3.5584",
            "close": "3.5557"
        },
        {
            "time": "30.05.2021 15:08",
            "open": "3.5557",
            "high": "3.5557",
            "low": "3.5553",
            "close": "3.5497"
        },
        {
            "time": "30.05.2021 15:10",
            "open": "3.5497",
            "high": "3.5497",
            "low": "3.5497",
            "close": "3.5587"
        },
        {
            "time": "30.05.2021 15:12",
            "open": "3.5587",
            "high": "3.5665",
            "low": "3.5587",
            "close": "3.5674"
        },
        {
            "time": "30.05.2021 15:38",
            "open": "3.5674",
            "high": "3.5674",
            "low": "3.5502",
            "close": "3.548"
        },
        {
            "time": "30.05.2021 15:42",
            "open": "3.548",
            "high": "3.548",
            "low": "3.548",
            "close": "3.5473"
        },
        {
            "time": "30.05.2021 15:43",
            "open": "3.5473",
            "high": "3.5473",
            "low": "3.5457",
            "close": "3.555"
        },
        {
            "time": "30.05.2021 15:45",
            "open": "3.555",
            "high": "3.5609",
            "low": "3.555",
            "close": "3.5545"
        },
        {
            "time": "30.05.2021 15:46",
            "open": "3.5545",
            "high": "3.5545",
            "low": "3.5531",
            "close": "3.5526"
        },
        {
            "time": "30.05.2021 16:00",
            "open": "3.5526",
            "high": "3.5526",
            "low": "3.5526",
            "close": "3.5526"
        },
        {
            "time": "30.05.2021 16:01",
            "open": "3.5526",
            "high": "3.5575",
            "low": "3.5526",
            "close": "3.5548"
        },
        {
            "time": "30.05.2021 16:04",
            "open": "3.5548",
            "high": "3.5548",
            "low": "3.5548",
            "close": "3.552"
        },
        {
            "time": "30.05.2021 16:14",
            "open": "3.552",
            "high": "3.552",
            "low": "3.552",
            "close": "3.5152"
        },
        {
            "time": "30.05.2021 16:25",
            "open": "3.5152",
            "high": "3.5152",
            "low": "3.5123",
            "close": "3.4979"
        },
        {
            "time": "30.05.2021 16:29",
            "open": "3.4979",
            "high": "3.498",
            "low": "3.4979",
            "close": "3.489"
        },
        {
            "time": "30.05.2021 16:30",
            "open": "3.489",
            "high": "3.489",
            "low": "3.489",
            "close": "3.5062"
        },
        {
            "time": "30.05.2021 16:39",
            "open": "3.5062",
            "high": "3.5062",
            "low": "3.5062",
            "close": "3.5008"
        },
        {
            "time": "30.05.2021 17:01",
            "open": "3.5008",
            "high": "3.5008",
            "low": "3.5008",
            "close": "3.5011"
        },
        {
            "time": "30.05.2021 17:07",
            "open": "3.5011",
            "high": "3.5139",
            "low": "3.5011",
            "close": "3.5096"
        },
        {
            "time": "30.05.2021 17:08",
            "open": "3.5096",
            "high": "3.5098",
            "low": "3.5077",
            "close": "3.5108"
        },
        {
            "time": "30.05.2021 17:11",
            "open": "3.5108",
            "high": "3.5108",
            "low": "3.5108",
            "close": "3.5078"
        },
        {
            "time": "30.05.2021 17:31",
            "open": "3.5078",
            "high": "3.5078",
            "low": "3.5078",
            "close": "3.5173"
        },
        {
            "time": "30.05.2021 17:48",
            "open": "3.5173",
            "high": "3.5243",
            "low": "3.5173",
            "close": "3.5764"
        },
        {
            "time": "30.05.2021 18:21",
            "open": "3.5764",
            "high": "3.5819",
            "low": "3.5764",
            "close": "3.5792"
        },
        {
            "time": "30.05.2021 18:27",
            "open": "3.5792",
            "high": "3.588",
            "low": "3.5792",
            "close": "3.5897"
        },
        {
            "time": "30.05.2021 18:29",
            "open": "3.5897",
            "high": "3.5925",
            "low": "3.5897",
            "close": "3.5955"
        },
        {
            "time": "30.05.2021 18:30",
            "open": "3.5955",
            "high": "3.5955",
            "low": "3.5955",
            "close": "3.5936"
        },
        {
            "time": "30.05.2021 18:31",
            "open": "3.5936",
            "high": "3.5936",
            "low": "3.5936",
            "close": "3.5874"
        },
        {
            "time": "30.05.2021 19:03",
            "open": "3.5874",
            "high": "3.5874",
            "low": "3.5874",
            "close": "3.5903"
        },
        {
            "time": "30.05.2021 19:05",
            "open": "3.5903",
            "high": "3.5903",
            "low": "3.5903",
            "close": "3.5899"
        },
        {
            "time": "30.05.2021 19:06",
            "open": "3.5899",
            "high": "3.5907",
            "low": "3.589",
            "close": "3.5966"
        },
        {
            "time": "30.05.2021 19:14",
            "open": "3.5966",
            "high": "3.6017",
            "low": "3.5966",
            "close": "3.6062"
        },
        {
            "time": "30.05.2021 19:15",
            "open": "3.6062",
            "high": "3.6062",
            "low": "3.6062",
            "close": "3.6077"
        },
        {
            "time": "30.05.2021 19:21",
            "open": "3.6077",
            "high": "3.6077",
            "low": "3.6077",
            "close": "3.6135"
        },
        {
            "time": "30.05.2021 19:59",
            "open": "3.6135",
            "high": "3.6136",
            "low": "3.6135",
            "close": "3.6077"
        },
        {
            "time": "30.05.2021 20:01",
            "open": "3.6077",
            "high": "3.6077",
            "low": "3.6073",
            "close": "3.6161"
        },
        {
            "time": "30.05.2021 20:14",
            "open": "3.6161",
            "high": "3.6161",
            "low": "3.6161",
            "close": "3.6464"
        },
        {
            "time": "30.05.2021 20:40",
            "open": "3.6464",
            "high": "3.6465",
            "low": "3.6464",
            "close": "3.6415"
        },
        {
            "time": "30.05.2021 20:41",
            "open": "3.6415",
            "high": "3.6415",
            "low": "3.6327",
            "close": "3.6403"
        },
        {
            "time": "30.05.2021 21:20",
            "open": "3.6403",
            "high": "3.6403",
            "low": "3.6403",
            "close": "3.6403"
        },
        {
            "time": "30.05.2021 21:34",
            "open": "3.6403",
            "high": "3.6403",
            "low": "3.6403",
            "close": "3.645"
        },
        {
            "time": "30.05.2021 21:40",
            "open": "3.645",
            "high": "3.645",
            "low": "3.645",
            "close": "3.6381"
        },
        {
            "time": "30.05.2021 21:48",
            "open": "3.6381",
            "high": "3.6381",
            "low": "3.6381",
            "close": "3.6351"
        },
        {
            "time": "30.05.2021 21:51",
            "open": "3.6351",
            "high": "3.6351",
            "low": "3.6351",
            "close": "3.6266"
        },
        {
            "time": "30.05.2021 21:58",
            "open": "3.6266",
            "high": "3.6266",
            "low": "3.6266",
            "close": "3.6189"
        },
        {
            "time": "30.05.2021 22:02",
            "open": "3.6189",
            "high": "3.6189",
            "low": "3.6189",
            "close": "3.6202"
        },
        {
            "time": "30.05.2021 22:19",
            "open": "3.6202",
            "high": "3.6209",
            "low": "3.6202",
            "close": "3.6201"
        },
        {
            "time": "30.05.2021 22:21",
            "open": "3.6201",
            "high": "3.6202",
            "low": "3.6201",
            "close": "3.6133"
        },
        {
            "time": "30.05.2021 22:22",
            "open": "3.6133",
            "high": "3.6186",
            "low": "3.6133",
            "close": "3.6184"
        },
        {
            "time": "30.05.2021 22:50",
            "open": "3.6184",
            "high": "3.6231",
            "low": "3.6184",
            "close": "3.6184"
        },
        {
            "time": "30.05.2021 23:01",
            "open": "3.6184",
            "high": "3.6184",
            "low": "3.6184",
            "close": "3.6104"
        },
        {
            "time": "30.05.2021 23:03",
            "open": "3.6104",
            "high": "3.6104",
            "low": "3.6034",
            "close": "3.6129"
        },
        {
            "time": "30.05.2021 23:04",
            "open": "3.6129",
            "high": "3.6129",
            "low": "3.6129",
            "close": "3.6088"
        },
        {
            "time": "30.05.2021 23:05",
            "open": "3.6088",
            "high": "3.6088",
            "low": "3.6077",
            "close": "3.6028"
        },
        {
            "time": "30.05.2021 23:12",
            "open": "3.6028",
            "high": "3.6028",
            "low": "3.6028",
            "close": "3.5966"
        },
        {
            "time": "30.05.2021 23:17",
            "open": "3.5966",
            "high": "3.5966",
            "low": "3.5966",
            "close": "3.5966"
        },
        {
            "time": "30.05.2021 23:31",
            "open": "3.5966",
            "high": "3.5966",
            "low": "3.5966",
            "close": "3.5996"
        },
        {
            "time": "30.05.2021 23:39",
            "open": "3.5996",
            "high": "3.5996",
            "low": "3.5996",
            "close": "3.5994"
        },
        {
            "time": "30.05.2021 23:42",
            "open": "3.5994",
            "high": "3.5994",
            "low": "3.5994",
            "close": "3.5999"
        },
        {
            "time": "30.05.2021 23:46",
            "open": "3.5999",
            "high": "3.5999",
            "low": "3.5999",
            "close": "3.5994"
        },
        {
            "time": "30.05.2021 23:47",
            "open": "3.5994",
            "high": "3.5994",
            "low": "3.5994",
            "close": "3.5976"
        }
    ]
}