{
    "BNT-EUR": [
        {
            "time": "26.01.2021 23:58",
            "open": "1.5707",
            "high": "1.5721",
            "low": "1.5707",
            "close": "1.5743"
        },
        {
            "time": "27.01.2021 00:00",
            "open": "1.5743",
            "high": "1.5743",
            "low": "1.5743",
            "close": "1.5721"
        },
        {
            "time": "27.01.2021 00:02",
            "open": "1.5721",
            "high": "1.5721",
            "low": "1.5721",
            "close": "1.57"
        },
        {
            "time": "27.01.2021 00:05",
            "open": "1.57",
            "high": "1.5795",
            "low": "1.57",
            "close": "1.5788"
        },
        {
            "time": "27.01.2021 00:06",
            "open": "1.5788",
            "high": "1.5788",
            "low": "1.5787",
            "close": "1.5704"
        },
        {
            "time": "27.01.2021 00:15",
            "open": "1.5704",
            "high": "1.5709",
            "low": "1.5704",
            "close": "1.5824"
        },
        {
            "time": "27.01.2021 00:16",
            "open": "1.5824",
            "high": "1.5824",
            "low": "1.5799",
            "close": "1.5727"
        },
        {
            "time": "27.01.2021 00:29",
            "open": "1.5727",
            "high": "1.5727",
            "low": "1.5727",
            "close": "1.582"
        },
        {
            "time": "27.01.2021 00:30",
            "open": "1.582",
            "high": "1.582",
            "low": "1.582",
            "close": "1.5651"
        },
        {
            "time": "27.01.2021 00:38",
            "open": "1.5651",
            "high": "1.566",
            "low": "1.5651",
            "close": "1.5575"
        },
        {
            "time": "27.01.2021 00:39",
            "open": "1.5575",
            "high": "1.5575",
            "low": "1.5575",
            "close": "1.5642"
        },
        {
            "time": "27.01.2021 00:40",
            "open": "1.5642",
            "high": "1.5684",
            "low": "1.5642",
            "close": "1.5734"
        },
        {
            "time": "27.01.2021 00:41",
            "open": "1.5734",
            "high": "1.5741",
            "low": "1.5734",
            "close": "1.569"
        },
        {
            "time": "27.01.2021 00:46",
            "open": "1.569",
            "high": "1.5691",
            "low": "1.5687",
            "close": "1.5638"
        },
        {
            "time": "27.01.2021 00:49",
            "open": "1.5638",
            "high": "1.5638",
            "low": "1.5638",
            "close": "1.5578"
        },
        {
            "time": "27.01.2021 00:54",
            "open": "1.5578",
            "high": "1.5579",
            "low": "1.5551",
            "close": "1.5515"
        },
        {
            "time": "27.01.2021 00:56",
            "open": "1.5515",
            "high": "1.5542",
            "low": "1.5511",
            "close": "1.5638"
        },
        {
            "time": "27.01.2021 00:59",
            "open": "1.5638",
            "high": "1.5638",
            "low": "1.5638",
            "close": "1.5672"
        },
        {
            "time": "27.01.2021 01:01",
            "open": "1.5672",
            "high": "1.5672",
            "low": "1.5672",
            "close": "1.5591"
        },
        {
            "time": "27.01.2021 01:04",
            "open": "1.5591",
            "high": "1.5591",
            "low": "1.5591",
            "close": "1.546"
        },
        {
            "time": "27.01.2021 01:22",
            "open": "1.546",
            "high": "1.546",
            "low": "1.546",
            "close": "1.546"
        },
        {
            "time": "27.01.2021 01:23",
            "open": "1.546",
            "high": "1.5488",
            "low": "1.5447",
            "close": "1.5456"
        },
        {
            "time": "27.01.2021 01:29",
            "open": "1.5456",
            "high": "1.5456",
            "low": "1.5455",
            "close": "1.547"
        },
        {
            "time": "27.01.2021 01:30",
            "open": "1.547",
            "high": "1.547",
            "low": "1.547",
            "close": "1.5463"
        },
        {
            "time": "27.01.2021 01:32",
            "open": "1.5463",
            "high": "1.5463",
            "low": "1.5462",
            "close": "1.541"
        },
        {
            "time": "27.01.2021 01:36",
            "open": "1.541",
            "high": "1.541",
            "low": "1.5408",
            "close": "1.5343"
        },
        {
            "time": "27.01.2021 01:38",
            "open": "1.5343",
            "high": "1.5343",
            "low": "1.5258",
            "close": "1.535"
        },
        {
            "time": "27.01.2021 01:44",
            "open": "1.535",
            "high": "1.535",
            "low": "1.5289",
            "close": "1.532"
        },
        {
            "time": "27.01.2021 01:45",
            "open": "1.532",
            "high": "1.532",
            "low": "1.532",
            "close": "1.5263"
        },
        {
            "time": "27.01.2021 01:47",
            "open": "1.5263",
            "high": "1.5263",
            "low": "1.5263",
            "close": "1.5253"
        },
        {
            "time": "27.01.2021 01:48",
            "open": "1.5253",
            "high": "1.5253",
            "low": "1.5218",
            "close": "1.5231"
        },
        {
            "time": "27.01.2021 01:49",
            "open": "1.5231",
            "high": "1.5255",
            "low": "1.5231",
            "close": "1.5335"
        },
        {
            "time": "27.01.2021 01:51",
            "open": "1.5335",
            "high": "1.5335",
            "low": "1.5335",
            "close": "1.5253"
        },
        {
            "time": "27.01.2021 01:54",
            "open": "1.5253",
            "high": "1.5253",
            "low": "1.5253",
            "close": "1.5295"
        },
        {
            "time": "27.01.2021 01:55",
            "open": "1.5295",
            "high": "1.5296",
            "low": "1.5294",
            "close": "1.532"
        },
        {
            "time": "27.01.2021 02:01",
            "open": "1.532",
            "high": "1.5324",
            "low": "1.532",
            "close": "1.5325"
        },
        {
            "time": "27.01.2021 02:03",
            "open": "1.5325",
            "high": "1.5325",
            "low": "1.5289",
            "close": "1.5223"
        },
        {
            "time": "27.01.2021 02:05",
            "open": "1.5223",
            "high": "1.5227",
            "low": "1.5222",
            "close": "1.5338"
        },
        {
            "time": "27.01.2021 02:15",
            "open": "1.5338",
            "high": "1.5377",
            "low": "1.5338",
            "close": "1.5312"
        },
        {
            "time": "27.01.2021 02:17",
            "open": "1.5312",
            "high": "1.5312",
            "low": "1.5312",
            "close": "1.525"
        },
        {
            "time": "27.01.2021 02:26",
            "open": "1.525",
            "high": "1.525",
            "low": "1.525",
            "close": "1.527"
        },
        {
            "time": "27.01.2021 02:27",
            "open": "1.527",
            "high": "1.5272",
            "low": "1.527",
            "close": "1.5267"
        },
        {
            "time": "27.01.2021 02:29",
            "open": "1.5267",
            "high": "1.5267",
            "low": "1.5267",
            "close": "1.5252"
        },
        {
            "time": "27.01.2021 02:38",
            "open": "1.5252",
            "high": "1.5297",
            "low": "1.5252",
            "close": "1.52"
        },
        {
            "time": "27.01.2021 02:39",
            "open": "1.52",
            "high": "1.52",
            "low": "1.5136",
            "close": "1.5101"
        },
        {
            "time": "27.01.2021 02:40",
            "open": "1.5101",
            "high": "1.5101",
            "low": "1.5079",
            "close": "1.5074"
        },
        {
            "time": "27.01.2021 02:41",
            "open": "1.5074",
            "high": "1.5074",
            "low": "1.5074",
            "close": "1.5094"
        },
        {
            "time": "27.01.2021 02:42",
            "open": "1.5094",
            "high": "1.5111",
            "low": "1.5094",
            "close": "1.5067"
        },
        {
            "time": "27.01.2021 02:44",
            "open": "1.5067",
            "high": "1.5098",
            "low": "1.5067",
            "close": "1.5098"
        },
        {
            "time": "27.01.2021 02:45",
            "open": "1.5098",
            "high": "1.5098",
            "low": "1.5098",
            "close": "1.5068"
        },
        {
            "time": "27.01.2021 02:46",
            "open": "1.5068",
            "high": "1.5068",
            "low": "1.5067",
            "close": "1.5004"
        },
        {
            "time": "27.01.2021 02:47",
            "open": "1.5004",
            "high": "1.5004",
            "low": "1.5004",
            "close": "1.5058"
        },
        {
            "time": "27.01.2021 02:49",
            "open": "1.5058",
            "high": "1.5058",
            "low": "1.5058",
            "close": "1.5135"
        },
        {
            "time": "27.01.2021 02:54",
            "open": "1.5135",
            "high": "1.5135",
            "low": "1.5135",
            "close": "1.516"
        },
        {
            "time": "27.01.2021 03:05",
            "open": "1.516",
            "high": "1.516",
            "low": "1.516",
            "close": "1.5219"
        },
        {
            "time": "27.01.2021 03:06",
            "open": "1.5219",
            "high": "1.5249",
            "low": "1.5219",
            "close": "1.5263"
        },
        {
            "time": "27.01.2021 03:16",
            "open": "1.5263",
            "high": "1.5263",
            "low": "1.5263",
            "close": "1.5278"
        },
        {
            "time": "27.01.2021 03:24",
            "open": "1.5278",
            "high": "1.5402",
            "low": "1.5278",
            "close": "1.523"
        },
        {
            "time": "27.01.2021 03:26",
            "open": "1.523",
            "high": "1.523",
            "low": "1.5173",
            "close": "1.5113"
        },
        {
            "time": "27.01.2021 03:29",
            "open": "1.5113",
            "high": "1.5113",
            "low": "1.5113",
            "close": "1.5154"
        },
        {
            "time": "27.01.2021 03:30",
            "open": "1.5154",
            "high": "1.5186",
            "low": "1.5135",
            "close": "1.5131"
        },
        {
            "time": "27.01.2021 03:33",
            "open": "1.5131",
            "high": "1.5131",
            "low": "1.5131",
            "close": "1.5118"
        },
        {
            "time": "27.01.2021 03:35",
            "open": "1.5118",
            "high": "1.5118",
            "low": "1.5118",
            "close": "1.5242"
        },
        {
            "time": "27.01.2021 03:50",
            "open": "1.5242",
            "high": "1.5242",
            "low": "1.5242",
            "close": "1.5146"
        },
        {
            "time": "27.01.2021 03:52",
            "open": "1.5146",
            "high": "1.5146",
            "low": "1.5146",
            "close": "1.5007"
        },
        {
            "time": "27.01.2021 03:59",
            "open": "1.5007",
            "high": "1.5007",
            "low": "1.5007",
            "close": "1.5045"
        },
        {
            "time": "27.01.2021 04:00",
            "open": "1.5045",
            "high": "1.5045",
            "low": "1.5045",
            "close": "1.5101"
        },
        {
            "time": "27.01.2021 04:04",
            "open": "1.5108",
            "high": "1.5108",
            "low": "1.5108",
            "close": "1.5106"
        },
        {
            "time": "27.01.2021 04:10",
            "open": "1.5106",
            "high": "1.5106",
            "low": "1.5085",
            "close": "1.5083"
        },
        {
            "time": "27.01.2021 04:14",
            "open": "1.5083",
            "high": "1.5083",
            "low": "1.5083",
            "close": "1.5021"
        },
        {
            "time": "27.01.2021 04:16",
            "open": "1.5021",
            "high": "1.5042",
            "low": "1.5021",
            "close": "1.5064"
        },
        {
            "time": "27.01.2021 04:25",
            "open": "1.5064",
            "high": "1.507",
            "low": "1.5064",
            "close": "1.5086"
        },
        {
            "time": "27.01.2021 04:27",
            "open": "1.5086",
            "high": "1.5086",
            "low": "1.5086",
            "close": "1.5117"
        },
        {
            "time": "27.01.2021 04:50",
            "open": "1.5117",
            "high": "1.5117",
            "low": "1.5117",
            "close": "1.5088"
        },
        {
            "time": "27.01.2021 05:01",
            "open": "1.5088",
            "high": "1.5088",
            "low": "1.5088",
            "close": "1.5018"
        },
        {
            "time": "27.01.2021 05:10",
            "open": "1.5018",
            "high": "1.5018",
            "low": "1.5018",
            "close": "1.5001"
        },
        {
            "time": "27.01.2021 05:13",
            "open": "1.5001",
            "high": "1.5001",
            "low": "1.5",
            "close": "1.4988"
        },
        {
            "time": "27.01.2021 05:14",
            "open": "1.4988",
            "high": "1.4992",
            "low": "1.4988",
            "close": "1.506"
        },
        {
            "time": "27.01.2021 05:18",
            "open": "1.506",
            "high": "1.5061",
            "low": "1.506",
            "close": "1.5141"
        },
        {
            "time": "27.01.2021 05:41",
            "open": "1.5141",
            "high": "1.5141",
            "low": "1.5141",
            "close": "1.5156"
        },
        {
            "time": "27.01.2021 05:48",
            "open": "1.5156",
            "high": "1.5156",
            "low": "1.5156",
            "close": "1.5158"
        },
        {
            "time": "27.01.2021 05:59",
            "open": "1.5158",
            "high": "1.5162",
            "low": "1.5158",
            "close": "1.5111"
        },
        {
            "time": "27.01.2021 06:07",
            "open": "1.5111",
            "high": "1.5111",
            "low": "1.5111",
            "close": "1.509"
        },
        {
            "time": "27.01.2021 06:16",
            "open": "1.509",
            "high": "1.509",
            "low": "1.5061",
            "close": "1.4948"
        },
        {
            "time": "27.01.2021 06:26",
            "open": "1.4948",
            "high": "1.4948",
            "low": "1.4894",
            "close": "1.4909"
        },
        {
            "time": "27.01.2021 06:31",
            "open": "1.4909",
            "high": "1.4909",
            "low": "1.4908",
            "close": "1.4908"
        },
        {
            "time": "27.01.2021 06:39",
            "open": "1.4908",
            "high": "1.4908",
            "low": "1.4908",
            "close": "1.4849"
        },
        {
            "time": "27.01.2021 06:48",
            "open": "1.4849",
            "high": "1.4849",
            "low": "1.4849",
            "close": "1.4908"
        },
        {
            "time": "27.01.2021 06:52",
            "open": "1.4908",
            "high": "1.4908",
            "low": "1.4908",
            "close": "1.4967"
        },
        {
            "time": "27.01.2021 06:58",
            "open": "1.4967",
            "high": "1.4967",
            "low": "1.4967",
            "close": "1.4991"
        },
        {
            "time": "27.01.2021 07:08",
            "open": "1.4991",
            "high": "1.4991",
            "low": "1.4991",
            "close": "1.5067"
        },
        {
            "time": "27.01.2021 07:18",
            "open": "1.5067",
            "high": "1.5067",
            "low": "1.5067",
            "close": "1.5088"
        },
        {
            "time": "27.01.2021 07:23",
            "open": "1.5088",
            "high": "1.5088",
            "low": "1.5088",
            "close": "1.5043"
        },
        {
            "time": "27.01.2021 07:26",
            "open": "1.5043",
            "high": "1.5043",
            "low": "1.504",
            "close": "1.5006"
        },
        {
            "time": "27.01.2021 07:29",
            "open": "1.5006",
            "high": "1.5006",
            "low": "1.5006",
            "close": "1.512"
        },
        {
            "time": "27.01.2021 07:57",
            "open": "1.512",
            "high": "1.512",
            "low": "1.512",
            "close": "1.5094"
        },
        {
            "time": "27.01.2021 08:01",
            "open": "1.5094",
            "high": "1.5094",
            "low": "1.5094",
            "close": "1.5098"
        },
        {
            "time": "27.01.2021 08:02",
            "open": "1.5098",
            "high": "1.5098",
            "low": "1.5098",
            "close": "1.5056"
        },
        {
            "time": "27.01.2021 08:05",
            "open": "1.5056",
            "high": "1.5056",
            "low": "1.505",
            "close": "1.5"
        },
        {
            "time": "27.01.2021 08:07",
            "open": "1.5",
            "high": "1.5",
            "low": "1.5",
            "close": "1.5003"
        },
        {
            "time": "27.01.2021 08:15",
            "open": "1.5003",
            "high": "1.5005",
            "low": "1.5003",
            "close": "1.5067"
        },
        {
            "time": "27.01.2021 08:18",
            "open": "1.5067",
            "high": "1.5067",
            "low": "1.5067",
            "close": "1.5107"
        },
        {
            "time": "27.01.2021 08:23",
            "open": "1.5107",
            "high": "1.517",
            "low": "1.5107",
            "close": "1.5171"
        },
        {
            "time": "27.01.2021 08:25",
            "open": "1.5171",
            "high": "1.5171",
            "low": "1.5171",
            "close": "1.5193"
        },
        {
            "time": "27.01.2021 08:26",
            "open": "1.5193",
            "high": "1.5193",
            "low": "1.5193",
            "close": "1.5209"
        },
        {
            "time": "27.01.2021 08:28",
            "open": "1.5209",
            "high": "1.5209",
            "low": "1.5209",
            "close": "1.5175"
        },
        {
            "time": "27.01.2021 08:31",
            "open": "1.5175",
            "high": "1.5175",
            "low": "1.5169",
            "close": "1.5166"
        },
        {
            "time": "27.01.2021 08:32",
            "open": "1.5166",
            "high": "1.5182",
            "low": "1.5166",
            "close": "1.5139"
        },
        {
            "time": "27.01.2021 08:33",
            "open": "1.5139",
            "high": "1.5139",
            "low": "1.5122",
            "close": "1.5183"
        },
        {
            "time": "27.01.2021 08:35",
            "open": "1.5183",
            "high": "1.5183",
            "low": "1.5183",
            "close": "1.5131"
        },
        {
            "time": "27.01.2021 08:39",
            "open": "1.5131",
            "high": "1.5131",
            "low": "1.513",
            "close": "1.513"
        },
        {
            "time": "27.01.2021 08:42",
            "open": "1.513",
            "high": "1.513",
            "low": "1.513",
            "close": "1.5129"
        },
        {
            "time": "27.01.2021 08:44",
            "open": "1.5129",
            "high": "1.5129",
            "low": "1.5129",
            "close": "1.5157"
        },
        {
            "time": "27.01.2021 08:45",
            "open": "1.5157",
            "high": "1.5157",
            "low": "1.5157",
            "close": "1.5129"
        },
        {
            "time": "27.01.2021 08:47",
            "open": "1.5129",
            "high": "1.5129",
            "low": "1.5129",
            "close": "1.5149"
        },
        {
            "time": "27.01.2021 08:49",
            "open": "1.5149",
            "high": "1.5149",
            "low": "1.5149",
            "close": "1.5166"
        },
        {
            "time": "27.01.2021 08:50",
            "open": "1.5166",
            "high": "1.5166",
            "low": "1.5166",
            "close": "1.4999"
        },
        {
            "time": "27.01.2021 09:02",
            "open": "1.4999",
            "high": "1.5009",
            "low": "1.4999",
            "close": "1.4969"
        },
        {
            "time": "27.01.2021 09:03",
            "open": "1.4969",
            "high": "1.4973",
            "low": "1.4931",
            "close": "1.4868"
        },
        {
            "time": "27.01.2021 09:04",
            "open": "1.4868",
            "high": "1.4868",
            "low": "1.4868",
            "close": "1.4896"
        },
        {
            "time": "27.01.2021 09:07",
            "open": "1.4896",
            "high": "1.4896",
            "low": "1.4896",
            "close": "1.4895"
        },
        {
            "time": "27.01.2021 09:08",
            "open": "1.4895",
            "high": "1.4895",
            "low": "1.4895",
            "close": "1.496"
        },
        {
            "time": "27.01.2021 09:10",
            "open": "1.496",
            "high": "1.496",
            "low": "1.496",
            "close": "1.4938"
        },
        {
            "time": "27.01.2021 09:11",
            "open": "1.4938",
            "high": "1.4938",
            "low": "1.4938",
            "close": "1.4919"
        },
        {
            "time": "27.01.2021 09:14",
            "open": "1.4919",
            "high": "1.4921",
            "low": "1.4919",
            "close": "1.4909"
        },
        {
            "time": "27.01.2021 09:17",
            "open": "1.4909",
            "high": "1.4909",
            "low": "1.4909",
            "close": "1.4929"
        },
        {
            "time": "27.01.2021 09:26",
            "open": "1.4929",
            "high": "1.4929",
            "low": "1.4929",
            "close": "1.49"
        },
        {
            "time": "27.01.2021 09:33",
            "open": "1.49",
            "high": "1.49",
            "low": "1.49",
            "close": "1.49"
        },
        {
            "time": "27.01.2021 09:34",
            "open": "1.49",
            "high": "1.49",
            "low": "1.49",
            "close": "1.486"
        },
        {
            "time": "27.01.2021 09:36",
            "open": "1.486",
            "high": "1.486",
            "low": "1.486",
            "close": "1.4832"
        },
        {
            "time": "27.01.2021 09:38",
            "open": "1.4832",
            "high": "1.4832",
            "low": "1.4827",
            "close": "1.48"
        },
        {
            "time": "27.01.2021 09:39",
            "open": "1.48",
            "high": "1.48",
            "low": "1.48",
            "close": "1.4816"
        },
        {
            "time": "27.01.2021 09:40",
            "open": "1.4816",
            "high": "1.4828",
            "low": "1.4816",
            "close": "1.48"
        },
        {
            "time": "27.01.2021 09:42",
            "open": "1.48",
            "high": "1.48",
            "low": "1.48",
            "close": "1.4785"
        },
        {
            "time": "27.01.2021 09:43",
            "open": "1.4785",
            "high": "1.4819",
            "low": "1.4785",
            "close": "1.475"
        },
        {
            "time": "27.01.2021 09:45",
            "open": "1.475",
            "high": "1.475",
            "low": "1.4749",
            "close": "1.4759"
        },
        {
            "time": "27.01.2021 09:46",
            "open": "1.4759",
            "high": "1.4811",
            "low": "1.4758",
            "close": "1.4758"
        },
        {
            "time": "27.01.2021 09:49",
            "open": "1.4758",
            "high": "1.4789",
            "low": "1.4753",
            "close": "1.47"
        },
        {
            "time": "27.01.2021 09:53",
            "open": "1.47",
            "high": "1.47",
            "low": "1.47",
            "close": "1.4692"
        },
        {
            "time": "27.01.2021 09:54",
            "open": "1.4692",
            "high": "1.47",
            "low": "1.4687",
            "close": "1.47"
        },
        {
            "time": "27.01.2021 09:55",
            "open": "1.47",
            "high": "1.4721",
            "low": "1.47",
            "close": "1.4668"
        },
        {
            "time": "27.01.2021 09:59",
            "open": "1.4668",
            "high": "1.4668",
            "low": "1.4668",
            "close": "1.466"
        },
        {
            "time": "27.01.2021 10:00",
            "open": "1.466",
            "high": "1.466",
            "low": "1.4618",
            "close": "1.473"
        },
        {
            "time": "27.01.2021 10:03",
            "open": "1.473",
            "high": "1.4772",
            "low": "1.473",
            "close": "1.469"
        },
        {
            "time": "27.01.2021 10:06",
            "open": "1.469",
            "high": "1.469",
            "low": "1.4684",
            "close": "1.4629"
        },
        {
            "time": "27.01.2021 10:10",
            "open": "1.4629",
            "high": "1.464",
            "low": "1.4616",
            "close": "1.4626"
        },
        {
            "time": "27.01.2021 10:11",
            "open": "1.4626",
            "high": "1.4626",
            "low": "1.4626",
            "close": "1.4655"
        },
        {
            "time": "27.01.2021 10:12",
            "open": "1.4655",
            "high": "1.4677",
            "low": "1.4606",
            "close": "1.4679"
        },
        {
            "time": "27.01.2021 10:14",
            "open": "1.4679",
            "high": "1.4679",
            "low": "1.4679",
            "close": "1.467"
        },
        {
            "time": "27.01.2021 10:19",
            "open": "1.467",
            "high": "1.4696",
            "low": "1.4667",
            "close": "1.46"
        },
        {
            "time": "27.01.2021 10:24",
            "open": "1.46",
            "high": "1.4613",
            "low": "1.46",
            "close": "1.4649"
        },
        {
            "time": "27.01.2021 10:25",
            "open": "1.4649",
            "high": "1.4651",
            "low": "1.4649",
            "close": "1.4739"
        },
        {
            "time": "27.01.2021 10:28",
            "open": "1.4739",
            "high": "1.4739",
            "low": "1.4708",
            "close": "1.4732"
        },
        {
            "time": "27.01.2021 10:35",
            "open": "1.4732",
            "high": "1.4732",
            "low": "1.4732",
            "close": "1.478"
        },
        {
            "time": "27.01.2021 10:44",
            "open": "1.478",
            "high": "1.478",
            "low": "1.478",
            "close": "1.4823"
        },
        {
            "time": "27.01.2021 10:45",
            "open": "1.4823",
            "high": "1.4823",
            "low": "1.4774",
            "close": "1.4774"
        },
        {
            "time": "27.01.2021 10:55",
            "open": "1.4774",
            "high": "1.4774",
            "low": "1.4774",
            "close": "1.4773"
        },
        {
            "time": "27.01.2021 11:02",
            "open": "1.4773",
            "high": "1.4774",
            "low": "1.4773",
            "close": "1.4853"
        },
        {
            "time": "27.01.2021 11:03",
            "open": "1.4853",
            "high": "1.4853",
            "low": "1.4853",
            "close": "1.471"
        },
        {
            "time": "27.01.2021 11:06",
            "open": "1.471",
            "high": "1.471",
            "low": "1.471",
            "close": "1.4704"
        },
        {
            "time": "27.01.2021 11:12",
            "open": "1.4704",
            "high": "1.4704",
            "low": "1.4704",
            "close": "1.4704"
        },
        {
            "time": "27.01.2021 11:14",
            "open": "1.4704",
            "high": "1.4704",
            "low": "1.4704",
            "close": "1.4694"
        },
        {
            "time": "27.01.2021 11:19",
            "open": "1.4694",
            "high": "1.4699",
            "low": "1.4694",
            "close": "1.469"
        },
        {
            "time": "27.01.2021 11:24",
            "open": "1.469",
            "high": "1.469",
            "low": "1.469",
            "close": "1.472"
        },
        {
            "time": "27.01.2021 11:28",
            "open": "1.472",
            "high": "1.472",
            "low": "1.472",
            "close": "1.4679"
        },
        {
            "time": "27.01.2021 11:31",
            "open": "1.4679",
            "high": "1.4701",
            "low": "1.4544",
            "close": "1.4675"
        },
        {
            "time": "27.01.2021 11:42",
            "open": "1.4675",
            "high": "1.4675",
            "low": "1.4675",
            "close": "1.4674"
        },
        {
            "time": "27.01.2021 11:45",
            "open": "1.4674",
            "high": "1.4674",
            "low": "1.4674",
            "close": "1.4678"
        },
        {
            "time": "27.01.2021 11:46",
            "open": "1.4678",
            "high": "1.4678",
            "low": "1.4678",
            "close": "1.4674"
        },
        {
            "time": "27.01.2021 11:47",
            "open": "1.4674",
            "high": "1.4675",
            "low": "1.4674",
            "close": "1.4628"
        },
        {
            "time": "27.01.2021 11:57",
            "open": "1.4628",
            "high": "1.4628",
            "low": "1.4628",
            "close": "1.4628"
        },
        {
            "time": "27.01.2021 11:59",
            "open": "1.4628",
            "high": "1.4628",
            "low": "1.4628",
            "close": "1.4728"
        },
        {
            "time": "27.01.2021 12:01",
            "open": "1.4728",
            "high": "1.4761",
            "low": "1.4728",
            "close": "1.4808"
        },
        {
            "time": "27.01.2021 12:03",
            "open": "1.4808",
            "high": "1.4808",
            "low": "1.4804",
            "close": "1.4866"
        },
        {
            "time": "27.01.2021 12:05",
            "open": "1.4866",
            "high": "1.4909",
            "low": "1.4866",
            "close": "1.4883"
        },
        {
            "time": "27.01.2021 12:09",
            "open": "1.4883",
            "high": "1.4883",
            "low": "1.4883",
            "close": "1.4906"
        },
        {
            "time": "27.01.2021 12:12",
            "open": "1.4906",
            "high": "1.4906",
            "low": "1.4906",
            "close": "1.4922"
        },
        {
            "time": "27.01.2021 12:17",
            "open": "1.4922",
            "high": "1.4922",
            "low": "1.4922",
            "close": "1.49"
        },
        {
            "time": "27.01.2021 12:18",
            "open": "1.49",
            "high": "1.49",
            "low": "1.49",
            "close": "1.4908"
        },
        {
            "time": "27.01.2021 12:19",
            "open": "1.4908",
            "high": "1.4908",
            "low": "1.4872",
            "close": "1.486"
        },
        {
            "time": "27.01.2021 12:22",
            "open": "1.486",
            "high": "1.486",
            "low": "1.485",
            "close": "1.4883"
        },
        {
            "time": "27.01.2021 12:26",
            "open": "1.4883",
            "high": "1.4883",
            "low": "1.4883",
            "close": "1.4877"
        },
        {
            "time": "27.01.2021 12:30",
            "open": "1.4877",
            "high": "1.4878",
            "low": "1.4877",
            "close": "1.4842"
        },
        {
            "time": "27.01.2021 12:31",
            "open": "1.4842",
            "high": "1.4842",
            "low": "1.4842",
            "close": "1.4857"
        },
        {
            "time": "27.01.2021 12:32",
            "open": "1.4857",
            "high": "1.4857",
            "low": "1.4857",
            "close": "1.48"
        },
        {
            "time": "27.01.2021 12:34",
            "open": "1.48",
            "high": "1.48",
            "low": "1.48",
            "close": "1.4842"
        },
        {
            "time": "27.01.2021 12:35",
            "open": "1.4842",
            "high": "1.4842",
            "low": "1.4842",
            "close": "1.4803"
        },
        {
            "time": "27.01.2021 12:41",
            "open": "1.4803",
            "high": "1.4803",
            "low": "1.4802",
            "close": "1.4687"
        },
        {
            "time": "27.01.2021 12:44",
            "open": "1.4687",
            "high": "1.4687",
            "low": "1.4686",
            "close": "1.4575"
        },
        {
            "time": "27.01.2021 12:50",
            "open": "1.4575",
            "high": "1.4575",
            "low": "1.4575",
            "close": "1.4644"
        },
        {
            "time": "27.01.2021 12:51",
            "open": "1.4644",
            "high": "1.4644",
            "low": "1.4644",
            "close": "1.4575"
        },
        {
            "time": "27.01.2021 12:54",
            "open": "1.4575",
            "high": "1.4575",
            "low": "1.4556",
            "close": "1.4503"
        },
        {
            "time": "27.01.2021 12:55",
            "open": "1.4503",
            "high": "1.4517",
            "low": "1.45",
            "close": "1.4508"
        },
        {
            "time": "27.01.2021 12:56",
            "open": "1.4508",
            "high": "1.4508",
            "low": "1.4508",
            "close": "1.4535"
        },
        {
            "time": "27.01.2021 12:59",
            "open": "1.4535",
            "high": "1.4535",
            "low": "1.4535",
            "close": "1.448"
        },
        {
            "time": "27.01.2021 13:00",
            "open": "1.448",
            "high": "1.448",
            "low": "1.4477",
            "close": "1.4531"
        },
        {
            "time": "27.01.2021 13:06",
            "open": "1.4531",
            "high": "1.4588",
            "low": "1.4531",
            "close": "1.4686"
        },
        {
            "time": "27.01.2021 13:09",
            "open": "1.4686",
            "high": "1.4686",
            "low": "1.4686",
            "close": "1.4602"
        },
        {
            "time": "27.01.2021 13:13",
            "open": "1.4602",
            "high": "1.4602",
            "low": "1.4576",
            "close": "1.451"
        },
        {
            "time": "27.01.2021 13:18",
            "open": "1.451",
            "high": "1.4511",
            "low": "1.451",
            "close": "1.4518"
        },
        {
            "time": "27.01.2021 13:19",
            "open": "1.4518",
            "high": "1.4518",
            "low": "1.4518",
            "close": "1.452"
        },
        {
            "time": "27.01.2021 13:20",
            "open": "1.452",
            "high": "1.4521",
            "low": "1.452",
            "close": "1.4477"
        },
        {
            "time": "27.01.2021 13:22",
            "open": "1.4477",
            "high": "1.4477",
            "low": "1.4477",
            "close": "1.4409"
        },
        {
            "time": "27.01.2021 13:23",
            "open": "1.4409",
            "high": "1.441",
            "low": "1.44",
            "close": "1.44"
        },
        {
            "time": "27.01.2021 13:24",
            "open": "1.44",
            "high": "1.4477",
            "low": "1.44",
            "close": "1.4567"
        },
        {
            "time": "27.01.2021 13:25",
            "open": "1.4567",
            "high": "1.4567",
            "low": "1.4567",
            "close": "1.4525"
        },
        {
            "time": "27.01.2021 13:27",
            "open": "1.4525",
            "high": "1.4525",
            "low": "1.4525",
            "close": "1.4511"
        },
        {
            "time": "27.01.2021 13:29",
            "open": "1.4511",
            "high": "1.4511",
            "low": "1.4511",
            "close": "1.4514"
        },
        {
            "time": "27.01.2021 13:30",
            "open": "1.4514",
            "high": "1.4586",
            "low": "1.4514",
            "close": "1.458"
        },
        {
            "time": "27.01.2021 13:33",
            "open": "1.458",
            "high": "1.458",
            "low": "1.458",
            "close": "1.4616"
        },
        {
            "time": "27.01.2021 13:35",
            "open": "1.464",
            "high": "1.464",
            "low": "1.464",
            "close": "1.4558"
        },
        {
            "time": "27.01.2021 13:50",
            "open": "1.4558",
            "high": "1.4558",
            "low": "1.4513",
            "close": "1.4733"
        },
        {
            "time": "27.01.2021 14:02",
            "open": "1.4733",
            "high": "1.4733",
            "low": "1.4733",
            "close": "1.4702"
        },
        {
            "time": "27.01.2021 14:03",
            "open": "1.4702",
            "high": "1.4702",
            "low": "1.4702",
            "close": "1.4727"
        },
        {
            "time": "27.01.2021 14:06",
            "open": "1.4727",
            "high": "1.4727",
            "low": "1.4727",
            "close": "1.4761"
        },
        {
            "time": "27.01.2021 14:12",
            "open": "1.4761",
            "high": "1.4761",
            "low": "1.4761",
            "close": "1.4673"
        },
        {
            "time": "27.01.2021 14:16",
            "open": "1.4673",
            "high": "1.4673",
            "low": "1.4673",
            "close": "1.4639"
        },
        {
            "time": "27.01.2021 14:18",
            "open": "1.4639",
            "high": "1.4639",
            "low": "1.4638",
            "close": "1.4638"
        },
        {
            "time": "27.01.2021 14:19",
            "open": "1.4638",
            "high": "1.4638",
            "low": "1.4638",
            "close": "1.4608"
        },
        {
            "time": "27.01.2021 14:20",
            "open": "1.4608",
            "high": "1.4608",
            "low": "1.4604",
            "close": "1.4556"
        },
        {
            "time": "27.01.2021 14:21",
            "open": "1.4556",
            "high": "1.4556",
            "low": "1.4556",
            "close": "1.4563"
        },
        {
            "time": "27.01.2021 14:22",
            "open": "1.4563",
            "high": "1.4563",
            "low": "1.4563",
            "close": "1.4612"
        },
        {
            "time": "27.01.2021 14:25",
            "open": "1.4612",
            "high": "1.4612",
            "low": "1.4612",
            "close": "1.4555"
        },
        {
            "time": "27.01.2021 14:31",
            "open": "1.4555",
            "high": "1.4555",
            "low": "1.4555",
            "close": "1.4528"
        },
        {
            "time": "27.01.2021 14:33",
            "open": "1.4528",
            "high": "1.4528",
            "low": "1.4484",
            "close": "1.4408"
        },
        {
            "time": "27.01.2021 14:40",
            "open": "1.4408",
            "high": "1.4408",
            "low": "1.4386",
            "close": "1.4371"
        },
        {
            "time": "27.01.2021 14:41",
            "open": "1.4371",
            "high": "1.4371",
            "low": "1.437",
            "close": "1.44"
        },
        {
            "time": "27.01.2021 14:44",
            "open": "1.44",
            "high": "1.44",
            "low": "1.44",
            "close": "1.4379"
        },
        {
            "time": "27.01.2021 14:45",
            "open": "1.4379",
            "high": "1.438",
            "low": "1.4379",
            "close": "1.4371"
        },
        {
            "time": "27.01.2021 14:46",
            "open": "1.4371",
            "high": "1.4371",
            "low": "1.4371",
            "close": "1.4425"
        },
        {
            "time": "27.01.2021 14:47",
            "open": "1.4425",
            "high": "1.4425",
            "low": "1.4425",
            "close": "1.4336"
        },
        {
            "time": "27.01.2021 14:50",
            "open": "1.4336",
            "high": "1.4336",
            "low": "1.43",
            "close": "1.4274"
        },
        {
            "time": "27.01.2021 14:51",
            "open": "1.4274",
            "high": "1.4274",
            "low": "1.4274",
            "close": "1.4261"
        },
        {
            "time": "27.01.2021 14:52",
            "open": "1.4261",
            "high": "1.4261",
            "low": "1.4255",
            "close": "1.4255"
        },
        {
            "time": "27.01.2021 14:53",
            "open": "1.4255",
            "high": "1.4255",
            "low": "1.4255",
            "close": "1.4267"
        },
        {
            "time": "27.01.2021 14:54",
            "open": "1.4267",
            "high": "1.4267",
            "low": "1.4265",
            "close": "1.4201"
        },
        {
            "time": "27.01.2021 14:56",
            "open": "1.4201",
            "high": "1.4201",
            "low": "1.42",
            "close": "1.4149"
        },
        {
            "time": "27.01.2021 14:57",
            "open": "1.4149",
            "high": "1.4174",
            "low": "1.4129",
            "close": "1.423"
        },
        {
            "time": "27.01.2021 14:58",
            "open": "1.423",
            "high": "1.423",
            "low": "1.423",
            "close": "1.41"
        },
        {
            "time": "27.01.2021 15:01",
            "open": "1.41",
            "high": "1.41",
            "low": "1.409",
            "close": "1.4003"
        },
        {
            "time": "27.01.2021 15:03",
            "open": "1.4003",
            "high": "1.4003",
            "low": "1.3947",
            "close": "1.4009"
        },
        {
            "time": "27.01.2021 15:05",
            "open": "1.4009",
            "high": "1.4009",
            "low": "1.4009",
            "close": "1.4073"
        },
        {
            "time": "27.01.2021 15:06",
            "open": "1.4073",
            "high": "1.41",
            "low": "1.4073",
            "close": "1.4098"
        },
        {
            "time": "27.01.2021 15:08",
            "open": "1.4098",
            "high": "1.4098",
            "low": "1.4098",
            "close": "1.4068"
        },
        {
            "time": "27.01.2021 15:18",
            "open": "1.4125",
            "high": "1.4125",
            "low": "1.4125",
            "close": "1.4058"
        },
        {
            "time": "27.01.2021 15:25",
            "open": "1.4058",
            "high": "1.4058",
            "low": "1.4058",
            "close": "1.4012"
        },
        {
            "time": "27.01.2021 15:28",
            "open": "1.4012",
            "high": "1.4012",
            "low": "1.4012",
            "close": "1.394"
        },
        {
            "time": "27.01.2021 15:30",
            "open": "1.394",
            "high": "1.394",
            "low": "1.394",
            "close": "1.3928"
        },
        {
            "time": "27.01.2021 15:31",
            "open": "1.3928",
            "high": "1.3928",
            "low": "1.3849",
            "close": "1.3868"
        },
        {
            "time": "27.01.2021 15:32",
            "open": "1.3868",
            "high": "1.3868",
            "low": "1.3867",
            "close": "1.3856"
        },
        {
            "time": "27.01.2021 15:35",
            "open": "1.3856",
            "high": "1.3856",
            "low": "1.3849",
            "close": "1.3828"
        },
        {
            "time": "27.01.2021 15:36",
            "open": "1.3828",
            "high": "1.3828",
            "low": "1.3794",
            "close": "1.3794"
        },
        {
            "time": "27.01.2021 15:38",
            "open": "1.3794",
            "high": "1.3866",
            "low": "1.3794",
            "close": "1.3803"
        },
        {
            "time": "27.01.2021 15:39",
            "open": "1.3803",
            "high": "1.3843",
            "low": "1.3803",
            "close": "1.3866"
        },
        {
            "time": "27.01.2021 15:41",
            "open": "1.3866",
            "high": "1.3866",
            "low": "1.3864",
            "close": "1.3831"
        },
        {
            "time": "27.01.2021 15:42",
            "open": "1.3831",
            "high": "1.3831",
            "low": "1.3831",
            "close": "1.3856"
        },
        {
            "time": "27.01.2021 15:43",
            "open": "1.3856",
            "high": "1.3856",
            "low": "1.3856",
            "close": "1.3822"
        },
        {
            "time": "27.01.2021 15:44",
            "open": "1.3822",
            "high": "1.3822",
            "low": "1.3822",
            "close": "1.3795"
        },
        {
            "time": "27.01.2021 15:45",
            "open": "1.3795",
            "high": "1.3795",
            "low": "1.3795",
            "close": "1.3871"
        },
        {
            "time": "27.01.2021 15:47",
            "open": "1.3871",
            "high": "1.3872",
            "low": "1.3871",
            "close": "1.384"
        },
        {
            "time": "27.01.2021 15:48",
            "open": "1.384",
            "high": "1.384",
            "low": "1.384",
            "close": "1.3775"
        },
        {
            "time": "27.01.2021 15:49",
            "open": "1.3775",
            "high": "1.3806",
            "low": "1.3775",
            "close": "1.3799"
        },
        {
            "time": "27.01.2021 15:50",
            "open": "1.3799",
            "high": "1.3799",
            "low": "1.3799",
            "close": "1.3761"
        },
        {
            "time": "27.01.2021 15:51",
            "open": "1.3761",
            "high": "1.383",
            "low": "1.376",
            "close": "1.3835"
        },
        {
            "time": "27.01.2021 15:52",
            "open": "1.3835",
            "high": "1.3835",
            "low": "1.3771",
            "close": "1.3849"
        },
        {
            "time": "27.01.2021 15:58",
            "open": "1.3849",
            "high": "1.3856",
            "low": "1.3849",
            "close": "1.3778"
        },
        {
            "time": "27.01.2021 16:00",
            "open": "1.3778",
            "high": "1.3778",
            "low": "1.3778",
            "close": "1.3932"
        },
        {
            "time": "27.01.2021 16:01",
            "open": "1.3932",
            "high": "1.3932",
            "low": "1.3932",
            "close": "1.4026"
        },
        {
            "time": "27.01.2021 16:03",
            "open": "1.4026",
            "high": "1.4026",
            "low": "1.4026",
            "close": "1.4017"
        },
        {
            "time": "27.01.2021 16:06",
            "open": "1.4017",
            "high": "1.4045",
            "low": "1.4017",
            "close": "1.4055"
        },
        {
            "time": "27.01.2021 16:07",
            "open": "1.4055",
            "high": "1.4055",
            "low": "1.4055",
            "close": "1.4125"
        },
        {
            "time": "27.01.2021 16:08",
            "open": "1.4125",
            "high": "1.4125",
            "low": "1.4125",
            "close": "1.4125"
        },
        {
            "time": "27.01.2021 16:09",
            "open": "1.4125",
            "high": "1.4125",
            "low": "1.4044",
            "close": "1.4102"
        },
        {
            "time": "27.01.2021 16:10",
            "open": "1.4102",
            "high": "1.4102",
            "low": "1.4102",
            "close": "1.4105"
        },
        {
            "time": "27.01.2021 16:12",
            "open": "1.4105",
            "high": "1.4108",
            "low": "1.4105",
            "close": "1.4096"
        },
        {
            "time": "27.01.2021 16:13",
            "open": "1.4096",
            "high": "1.4096",
            "low": "1.4096",
            "close": "1.4092"
        },
        {
            "time": "27.01.2021 16:15",
            "open": "1.4092",
            "high": "1.4092",
            "low": "1.4049",
            "close": "1.4072"
        },
        {
            "time": "27.01.2021 16:16",
            "open": "1.4072",
            "high": "1.4073",
            "low": "1.4072",
            "close": "1.4083"
        },
        {
            "time": "27.01.2021 16:18",
            "open": "1.4083",
            "high": "1.4083",
            "low": "1.4083",
            "close": "1.4096"
        },
        {
            "time": "27.01.2021 16:19",
            "open": "1.4096",
            "high": "1.4096",
            "low": "1.4072",
            "close": "1.41"
        },
        {
            "time": "27.01.2021 16:26",
            "open": "1.41",
            "high": "1.4121",
            "low": "1.41",
            "close": "1.4125"
        },
        {
            "time": "27.01.2021 16:27",
            "open": "1.4125",
            "high": "1.4125",
            "low": "1.4125",
            "close": "1.412"
        },
        {
            "time": "27.01.2021 16:29",
            "open": "1.412",
            "high": "1.412",
            "low": "1.4114",
            "close": "1.4063"
        },
        {
            "time": "27.01.2021 16:30",
            "open": "1.4063",
            "high": "1.4063",
            "low": "1.4063",
            "close": "1.4086"
        },
        {
            "time": "27.01.2021 16:31",
            "open": "1.4086",
            "high": "1.4086",
            "low": "1.4086",
            "close": "1.4064"
        },
        {
            "time": "27.01.2021 16:33",
            "open": "1.4064",
            "high": "1.4073",
            "low": "1.4064",
            "close": "1.4074"
        },
        {
            "time": "27.01.2021 16:35",
            "open": "1.4074",
            "high": "1.4074",
            "low": "1.4074",
            "close": "1.4125"
        },
        {
            "time": "27.01.2021 16:36",
            "open": "1.4125",
            "high": "1.4125",
            "low": "1.4125",
            "close": "1.4091"
        },
        {
            "time": "27.01.2021 16:39",
            "open": "1.4091",
            "high": "1.4092",
            "low": "1.4091",
            "close": "1.4147"
        },
        {
            "time": "27.01.2021 16:41",
            "open": "1.4147",
            "high": "1.4176",
            "low": "1.4147",
            "close": "1.4177"
        },
        {
            "time": "27.01.2021 16:44",
            "open": "1.4177",
            "high": "1.4204",
            "low": "1.4177",
            "close": "1.4204"
        },
        {
            "time": "27.01.2021 16:45",
            "open": "1.4204",
            "high": "1.4287",
            "low": "1.4204",
            "close": "1.4288"
        },
        {
            "time": "27.01.2021 16:46",
            "open": "1.4288",
            "high": "1.4346",
            "low": "1.4288",
            "close": "1.4373"
        },
        {
            "time": "27.01.2021 16:47",
            "open": "1.4373",
            "high": "1.4374",
            "low": "1.4373",
            "close": "1.4384"
        },
        {
            "time": "27.01.2021 16:48",
            "open": "1.4384",
            "high": "1.4384",
            "low": "1.4384",
            "close": "1.434"
        },
        {
            "time": "27.01.2021 16:49",
            "open": "1.434",
            "high": "1.434",
            "low": "1.434",
            "close": "1.442"
        },
        {
            "time": "27.01.2021 16:53",
            "open": "1.442",
            "high": "1.442",
            "low": "1.442",
            "close": "1.4446"
        },
        {
            "time": "27.01.2021 16:55",
            "open": "1.4446",
            "high": "1.4453",
            "low": "1.443",
            "close": "1.4431"
        },
        {
            "time": "27.01.2021 16:56",
            "open": "1.4431",
            "high": "1.4431",
            "low": "1.4428",
            "close": "1.4439"
        },
        {
            "time": "27.01.2021 16:57",
            "open": "1.4439",
            "high": "1.4442",
            "low": "1.4439",
            "close": "1.444"
        },
        {
            "time": "27.01.2021 17:00",
            "open": "1.444",
            "high": "1.444",
            "low": "1.444",
            "close": "1.435"
        },
        {
            "time": "27.01.2021 17:02",
            "open": "1.4393",
            "high": "1.4393",
            "low": "1.4393",
            "close": "1.4353"
        },
        {
            "time": "27.01.2021 17:05",
            "open": "1.4353",
            "high": "1.4485",
            "low": "1.4353",
            "close": "1.4485"
        },
        {
            "time": "27.01.2021 17:06",
            "open": "1.4485",
            "high": "1.4485",
            "low": "1.4485",
            "close": "1.4534"
        },
        {
            "time": "27.01.2021 17:07",
            "open": "1.4534",
            "high": "1.4584",
            "low": "1.4534",
            "close": "1.4533"
        },
        {
            "time": "27.01.2021 17:09",
            "open": "1.4533",
            "high": "1.4594",
            "low": "1.4533",
            "close": "1.4594"
        },
        {
            "time": "27.01.2021 17:10",
            "open": "1.4594",
            "high": "1.4594",
            "low": "1.4594",
            "close": "1.4574"
        },
        {
            "time": "27.01.2021 17:13",
            "open": "1.4574",
            "high": "1.4577",
            "low": "1.4552",
            "close": "1.461"
        },
        {
            "time": "27.01.2021 17:14",
            "open": "1.461",
            "high": "1.4628",
            "low": "1.461",
            "close": "1.4643"
        },
        {
            "time": "27.01.2021 17:15",
            "open": "1.4643",
            "high": "1.4643",
            "low": "1.4617",
            "close": "1.4565"
        },
        {
            "time": "27.01.2021 17:18",
            "open": "1.4565",
            "high": "1.4566",
            "low": "1.4565",
            "close": "1.4557"
        },
        {
            "time": "27.01.2021 17:19",
            "open": "1.4557",
            "high": "1.4557",
            "low": "1.4551",
            "close": "1.4532"
        },
        {
            "time": "27.01.2021 17:20",
            "open": "1.4532",
            "high": "1.4532",
            "low": "1.4532",
            "close": "1.4526"
        },
        {
            "time": "27.01.2021 17:21",
            "open": "1.4526",
            "high": "1.4526",
            "low": "1.4526",
            "close": "1.4528"
        },
        {
            "time": "27.01.2021 17:22",
            "open": "1.4528",
            "high": "1.4528",
            "low": "1.4528",
            "close": "1.4527"
        },
        {
            "time": "27.01.2021 17:23",
            "open": "1.4527",
            "high": "1.4527",
            "low": "1.4512",
            "close": "1.4518"
        },
        {
            "time": "27.01.2021 17:24",
            "open": "1.4518",
            "high": "1.4555",
            "low": "1.4518",
            "close": "1.4545"
        },
        {
            "time": "27.01.2021 17:25",
            "open": "1.4545",
            "high": "1.4569",
            "low": "1.4545",
            "close": "1.4565"
        },
        {
            "time": "27.01.2021 17:26",
            "open": "1.4565",
            "high": "1.4608",
            "low": "1.4565",
            "close": "1.4591"
        },
        {
            "time": "27.01.2021 17:27",
            "open": "1.4591",
            "high": "1.4607",
            "low": "1.4574",
            "close": "1.4635"
        },
        {
            "time": "27.01.2021 17:29",
            "open": "1.4635",
            "high": "1.4635",
            "low": "1.4634",
            "close": "1.4617"
        },
        {
            "time": "27.01.2021 17:30",
            "open": "1.4617",
            "high": "1.4619",
            "low": "1.4617",
            "close": "1.458"
        },
        {
            "time": "27.01.2021 17:31",
            "open": "1.458",
            "high": "1.458",
            "low": "1.4542",
            "close": "1.444"
        },
        {
            "time": "27.01.2021 17:33",
            "open": "1.444",
            "high": "1.4447",
            "low": "1.4428",
            "close": "1.4438"
        },
        {
            "time": "27.01.2021 17:34",
            "open": "1.4438",
            "high": "1.447",
            "low": "1.4438",
            "close": "1.4484"
        },
        {
            "time": "27.01.2021 17:39",
            "open": "1.4484",
            "high": "1.4484",
            "low": "1.4482",
            "close": "1.4439"
        },
        {
            "time": "27.01.2021 17:40",
            "open": "1.4439",
            "high": "1.4439",
            "low": "1.4439",
            "close": "1.4362"
        },
        {
            "time": "27.01.2021 17:41",
            "open": "1.4362",
            "high": "1.4362",
            "low": "1.4362",
            "close": "1.4267"
        },
        {
            "time": "27.01.2021 17:42",
            "open": "1.4267",
            "high": "1.4267",
            "low": "1.4267",
            "close": "1.431"
        },
        {
            "time": "27.01.2021 17:46",
            "open": "1.431",
            "high": "1.431",
            "low": "1.431",
            "close": "1.4314"
        },
        {
            "time": "27.01.2021 17:48",
            "open": "1.4314",
            "high": "1.4314",
            "low": "1.4314",
            "close": "1.4332"
        },
        {
            "time": "27.01.2021 17:51",
            "open": "1.4332",
            "high": "1.4361",
            "low": "1.4332",
            "close": "1.438"
        },
        {
            "time": "27.01.2021 17:52",
            "open": "1.438",
            "high": "1.438",
            "low": "1.438",
            "close": "1.4332"
        },
        {
            "time": "27.01.2021 17:53",
            "open": "1.4332",
            "high": "1.4332",
            "low": "1.433",
            "close": "1.4297"
        },
        {
            "time": "27.01.2021 17:56",
            "open": "1.4297",
            "high": "1.4297",
            "low": "1.4163",
            "close": "1.4164"
        },
        {
            "time": "27.01.2021 17:57",
            "open": "1.4164",
            "high": "1.4164",
            "low": "1.4037",
            "close": "1.4062"
        },
        {
            "time": "27.01.2021 17:58",
            "open": "1.4062",
            "high": "1.4062",
            "low": "1.4062",
            "close": "1.4093"
        },
        {
            "time": "27.01.2021 17:59",
            "open": "1.4093",
            "high": "1.4106",
            "low": "1.4093",
            "close": "1.4124"
        },
        {
            "time": "27.01.2021 18:01",
            "open": "1.4124",
            "high": "1.4124",
            "low": "1.4124",
            "close": "1.4134"
        },
        {
            "time": "27.01.2021 18:03",
            "open": "1.4134",
            "high": "1.4134",
            "low": "1.4134",
            "close": "1.4166"
        },
        {
            "time": "27.01.2021 18:05",
            "open": "1.4166",
            "high": "1.4166",
            "low": "1.4166",
            "close": "1.4166"
        },
        {
            "time": "27.01.2021 18:09",
            "open": "1.4166",
            "high": "1.4166",
            "low": "1.4165",
            "close": "1.4209"
        },
        {
            "time": "27.01.2021 18:10",
            "open": "1.4209",
            "high": "1.4209",
            "low": "1.4209",
            "close": "1.4196"
        },
        {
            "time": "27.01.2021 18:11",
            "open": "1.4196",
            "high": "1.4196",
            "low": "1.4196",
            "close": "1.4205"
        },
        {
            "time": "27.01.2021 18:15",
            "open": "1.4205",
            "high": "1.4262",
            "low": "1.4205",
            "close": "1.4212"
        },
        {
            "time": "27.01.2021 18:18",
            "open": "1.4212",
            "high": "1.4237",
            "low": "1.4212",
            "close": "1.4186"
        },
        {
            "time": "27.01.2021 18:19",
            "open": "1.4186",
            "high": "1.4186",
            "low": "1.4186",
            "close": "1.4219"
        },
        {
            "time": "27.01.2021 18:21",
            "open": "1.4219",
            "high": "1.4219",
            "low": "1.4219",
            "close": "1.4169"
        },
        {
            "time": "27.01.2021 18:23",
            "open": "1.4169",
            "high": "1.4169",
            "low": "1.4169",
            "close": "1.414"
        },
        {
            "time": "27.01.2021 18:31",
            "open": "1.414",
            "high": "1.414",
            "low": "1.4104",
            "close": "1.4104"
        },
        {
            "time": "27.01.2021 18:32",
            "open": "1.4104",
            "high": "1.4104",
            "low": "1.4104",
            "close": "1.4"
        },
        {
            "time": "27.01.2021 18:39",
            "open": "1.4",
            "high": "1.4",
            "low": "1.3991",
            "close": "1.3991"
        },
        {
            "time": "27.01.2021 18:40",
            "open": "1.3991",
            "high": "1.3995",
            "low": "1.397",
            "close": "1.3965"
        },
        {
            "time": "27.01.2021 18:41",
            "open": "1.3965",
            "high": "1.3967",
            "low": "1.3965",
            "close": "1.3967"
        },
        {
            "time": "27.01.2021 18:42",
            "open": "1.3967",
            "high": "1.3985",
            "low": "1.3959",
            "close": "1.4016"
        },
        {
            "time": "27.01.2021 18:45",
            "open": "1.4016",
            "high": "1.4086",
            "low": "1.4016",
            "close": "1.4086"
        },
        {
            "time": "27.01.2021 18:47",
            "open": "1.4086",
            "high": "1.4086",
            "low": "1.4086",
            "close": "1.4025"
        },
        {
            "time": "27.01.2021 18:49",
            "open": "1.4025",
            "high": "1.4025",
            "low": "1.4025",
            "close": "1.3968"
        },
        {
            "time": "27.01.2021 18:50",
            "open": "1.3968",
            "high": "1.3981",
            "low": "1.3968",
            "close": "1.3981"
        },
        {
            "time": "27.01.2021 18:51",
            "open": "1.3981",
            "high": "1.3981",
            "low": "1.3981",
            "close": "1.3984"
        },
        {
            "time": "27.01.2021 18:52",
            "open": "1.3984",
            "high": "1.3984",
            "low": "1.3984",
            "close": "1.3984"
        },
        {
            "time": "27.01.2021 18:53",
            "open": "1.3984",
            "high": "1.4026",
            "low": "1.3984",
            "close": "1.4057"
        },
        {
            "time": "27.01.2021 18:55",
            "open": "1.4057",
            "high": "1.4057",
            "low": "1.4055",
            "close": "1.403"
        },
        {
            "time": "27.01.2021 18:59",
            "open": "1.403",
            "high": "1.4127",
            "low": "1.403",
            "close": "1.4077"
        },
        {
            "time": "27.01.2021 19:03",
            "open": "1.4077",
            "high": "1.4096",
            "low": "1.4077",
            "close": "1.4112"
        },
        {
            "time": "27.01.2021 19:05",
            "open": "1.4112",
            "high": "1.4112",
            "low": "1.4112",
            "close": "1.4044"
        },
        {
            "time": "27.01.2021 19:09",
            "open": "1.4044",
            "high": "1.4044",
            "low": "1.4044",
            "close": "1.4047"
        },
        {
            "time": "27.01.2021 19:15",
            "open": "1.4047",
            "high": "1.4066",
            "low": "1.4047",
            "close": "1.4041"
        },
        {
            "time": "27.01.2021 19:19",
            "open": "1.4041",
            "high": "1.4041",
            "low": "1.4041",
            "close": "1.4091"
        },
        {
            "time": "27.01.2021 19:20",
            "open": "1.4091",
            "high": "1.4091",
            "low": "1.4091",
            "close": "1.4031"
        },
        {
            "time": "27.01.2021 19:25",
            "open": "1.4031",
            "high": "1.4031",
            "low": "1.4031",
            "close": "1.4061"
        },
        {
            "time": "27.01.2021 19:28",
            "open": "1.4061",
            "high": "1.4061",
            "low": "1.4032",
            "close": "1.4031"
        },
        {
            "time": "27.01.2021 19:29",
            "open": "1.4031",
            "high": "1.4031",
            "low": "1.4031",
            "close": "1.4"
        },
        {
            "time": "27.01.2021 19:30",
            "open": "1.4",
            "high": "1.4",
            "low": "1.4",
            "close": "1.4006"
        },
        {
            "time": "27.01.2021 19:31",
            "open": "1.4006",
            "high": "1.4006",
            "low": "1.4006",
            "close": "1.4029"
        },
        {
            "time": "27.01.2021 19:32",
            "open": "1.4029",
            "high": "1.4029",
            "low": "1.4021",
            "close": "1.4018"
        },
        {
            "time": "27.01.2021 19:37",
            "open": "1.4018",
            "high": "1.4018",
            "low": "1.3977",
            "close": "1.3963"
        },
        {
            "time": "27.01.2021 19:38",
            "open": "1.3963",
            "high": "1.3963",
            "low": "1.3963",
            "close": "1.391"
        },
        {
            "time": "27.01.2021 19:39",
            "open": "1.391",
            "high": "1.391",
            "low": "1.391",
            "close": "1.3868"
        },
        {
            "time": "27.01.2021 19:40",
            "open": "1.3868",
            "high": "1.3868",
            "low": "1.3867",
            "close": "1.3849"
        },
        {
            "time": "27.01.2021 19:43",
            "open": "1.3849",
            "high": "1.3849",
            "low": "1.3849",
            "close": "1.3849"
        },
        {
            "time": "27.01.2021 19:44",
            "open": "1.3849",
            "high": "1.3849",
            "low": "1.3849",
            "close": "1.387"
        },
        {
            "time": "27.01.2021 19:47",
            "open": "1.387",
            "high": "1.3891",
            "low": "1.387",
            "close": "1.3888"
        },
        {
            "time": "27.01.2021 19:48",
            "open": "1.3888",
            "high": "1.3888",
            "low": "1.3888",
            "close": "1.3923"
        },
        {
            "time": "27.01.2021 19:49",
            "open": "1.3923",
            "high": "1.3961",
            "low": "1.3921",
            "close": "1.3891"
        },
        {
            "time": "27.01.2021 19:50",
            "open": "1.3891",
            "high": "1.3891",
            "low": "1.3891",
            "close": "1.3868"
        },
        {
            "time": "27.01.2021 19:51",
            "open": "1.3868",
            "high": "1.3868",
            "low": "1.3868",
            "close": "1.385"
        },
        {
            "time": "27.01.2021 19:53",
            "open": "1.385",
            "high": "1.3851",
            "low": "1.385",
            "close": "1.3857"
        },
        {
            "time": "27.01.2021 19:54",
            "open": "1.3857",
            "high": "1.3894",
            "low": "1.3856",
            "close": "1.3894"
        },
        {
            "time": "27.01.2021 19:55",
            "open": "1.3894",
            "high": "1.3894",
            "low": "1.3894",
            "close": "1.3864"
        },
        {
            "time": "27.01.2021 19:57",
            "open": "1.3864",
            "high": "1.3864",
            "low": "1.3864",
            "close": "1.3861"
        },
        {
            "time": "27.01.2021 19:58",
            "open": "1.3861",
            "high": "1.3874",
            "low": "1.3849",
            "close": "1.3898"
        },
        {
            "time": "27.01.2021 20:00",
            "open": "1.3898",
            "high": "1.3898",
            "low": "1.3866",
            "close": "1.3923"
        },
        {
            "time": "27.01.2021 20:01",
            "open": "1.3923",
            "high": "1.398",
            "low": "1.3923",
            "close": "1.4013"
        },
        {
            "time": "27.01.2021 20:02",
            "open": "1.4013",
            "high": "1.4021",
            "low": "1.4013",
            "close": "1.4043"
        },
        {
            "time": "27.01.2021 20:03",
            "open": "1.4043",
            "high": "1.4116",
            "low": "1.4043",
            "close": "1.4128"
        },
        {
            "time": "27.01.2021 20:04",
            "open": "1.4128",
            "high": "1.4157",
            "low": "1.4128",
            "close": "1.4152"
        },
        {
            "time": "27.01.2021 20:05",
            "open": "1.4152",
            "high": "1.4153",
            "low": "1.4152",
            "close": "1.4149"
        },
        {
            "time": "27.01.2021 20:06",
            "open": "1.4149",
            "high": "1.4149",
            "low": "1.4094",
            "close": "1.4174"
        },
        {
            "time": "27.01.2021 20:07",
            "open": "1.4174",
            "high": "1.4174",
            "low": "1.4157",
            "close": "1.4114"
        },
        {
            "time": "27.01.2021 20:08",
            "open": "1.4114",
            "high": "1.4114",
            "low": "1.4114",
            "close": "1.4104"
        },
        {
            "time": "27.01.2021 20:09",
            "open": "1.4104",
            "high": "1.411",
            "low": "1.4104",
            "close": "1.4081"
        },
        {
            "time": "27.01.2021 20:10",
            "open": "1.4081",
            "high": "1.4081",
            "low": "1.4067",
            "close": "1.4078"
        },
        {
            "time": "27.01.2021 20:11",
            "open": "1.4078",
            "high": "1.4104",
            "low": "1.4078",
            "close": "1.4207"
        },
        {
            "time": "27.01.2021 20:12",
            "open": "1.4207",
            "high": "1.4207",
            "low": "1.4207",
            "close": "1.4153"
        },
        {
            "time": "27.01.2021 20:13",
            "open": "1.4153",
            "high": "1.4205",
            "low": "1.4152",
            "close": "1.423"
        },
        {
            "time": "27.01.2021 20:14",
            "open": "1.423",
            "high": "1.423",
            "low": "1.423",
            "close": "1.4246"
        },
        {
            "time": "27.01.2021 20:15",
            "open": "1.4246",
            "high": "1.4246",
            "low": "1.4242",
            "close": "1.4213"
        },
        {
            "time": "27.01.2021 20:16",
            "open": "1.4213",
            "high": "1.4226",
            "low": "1.4213",
            "close": "1.4298"
        },
        {
            "time": "27.01.2021 20:17",
            "open": "1.4298",
            "high": "1.4319",
            "low": "1.4262",
            "close": "1.4216"
        },
        {
            "time": "27.01.2021 20:18",
            "open": "1.4216",
            "high": "1.4217",
            "low": "1.4216",
            "close": "1.4209"
        },
        {
            "time": "27.01.2021 20:19",
            "open": "1.4209",
            "high": "1.4209",
            "low": "1.4169",
            "close": "1.4181"
        },
        {
            "time": "27.01.2021 20:21",
            "open": "1.4181",
            "high": "1.4181",
            "low": "1.4115",
            "close": "1.4092"
        },
        {
            "time": "27.01.2021 20:23",
            "open": "1.4092",
            "high": "1.4142",
            "low": "1.4092",
            "close": "1.4059"
        },
        {
            "time": "27.01.2021 20:25",
            "open": "1.4059",
            "high": "1.4059",
            "low": "1.4059",
            "close": "1.4156"
        },
        {
            "time": "27.01.2021 20:30",
            "open": "1.4156",
            "high": "1.4156",
            "low": "1.4156",
            "close": "1.4202"
        },
        {
            "time": "27.01.2021 20:31",
            "open": "1.4202",
            "high": "1.425",
            "low": "1.4202",
            "close": "1.4236"
        },
        {
            "time": "27.01.2021 20:32",
            "open": "1.4236",
            "high": "1.4236",
            "low": "1.413",
            "close": "1.4177"
        },
        {
            "time": "27.01.2021 20:33",
            "open": "1.4177",
            "high": "1.4183",
            "low": "1.4177",
            "close": "1.409"
        },
        {
            "time": "27.01.2021 20:35",
            "open": "1.409",
            "high": "1.409",
            "low": "1.4083",
            "close": "1.4119"
        },
        {
            "time": "27.01.2021 20:38",
            "open": "1.4119",
            "high": "1.4119",
            "low": "1.4119",
            "close": "1.4135"
        },
        {
            "time": "27.01.2021 20:40",
            "open": "1.4135",
            "high": "1.4166",
            "low": "1.4135",
            "close": "1.4141"
        },
        {
            "time": "27.01.2021 20:41",
            "open": "1.4141",
            "high": "1.4141",
            "low": "1.4141",
            "close": "1.4166"
        },
        {
            "time": "27.01.2021 20:43",
            "open": "1.4166",
            "high": "1.4166",
            "low": "1.4166",
            "close": "1.4166"
        },
        {
            "time": "27.01.2021 20:45",
            "open": "1.4166",
            "high": "1.4186",
            "low": "1.4166",
            "close": "1.4117"
        },
        {
            "time": "27.01.2021 20:50",
            "open": "1.4117",
            "high": "1.4117",
            "low": "1.4117",
            "close": "1.4149"
        },
        {
            "time": "27.01.2021 20:53",
            "open": "1.4149",
            "high": "1.4174",
            "low": "1.4149",
            "close": "1.4202"
        },
        {
            "time": "27.01.2021 20:56",
            "open": "1.4202",
            "high": "1.423",
            "low": "1.4202",
            "close": "1.4175"
        },
        {
            "time": "27.01.2021 21:00",
            "open": "1.4175",
            "high": "1.4175",
            "low": "1.4159",
            "close": "1.417"
        },
        {
            "time": "27.01.2021 21:01",
            "open": "1.417",
            "high": "1.417",
            "low": "1.417",
            "close": "1.4178"
        },
        {
            "time": "27.01.2021 21:02",
            "open": "1.4178",
            "high": "1.4178",
            "low": "1.4177",
            "close": "1.4227"
        },
        {
            "time": "27.01.2021 21:04",
            "open": "1.4227",
            "high": "1.4227",
            "low": "1.4227",
            "close": "1.4223"
        },
        {
            "time": "27.01.2021 21:06",
            "open": "1.4223",
            "high": "1.425",
            "low": "1.4221",
            "close": "1.425"
        },
        {
            "time": "27.01.2021 21:07",
            "open": "1.425",
            "high": "1.4287",
            "low": "1.425",
            "close": "1.4243"
        },
        {
            "time": "27.01.2021 21:08",
            "open": "1.4243",
            "high": "1.4243",
            "low": "1.4226",
            "close": "1.4209"
        },
        {
            "time": "27.01.2021 21:09",
            "open": "1.4209",
            "high": "1.4226",
            "low": "1.4202",
            "close": "1.4266"
        },
        {
            "time": "27.01.2021 21:10",
            "open": "1.4266",
            "high": "1.4371",
            "low": "1.4266",
            "close": "1.4371"
        },
        {
            "time": "27.01.2021 21:11",
            "open": "1.4371",
            "high": "1.44",
            "low": "1.4371",
            "close": "1.4428"
        },
        {
            "time": "27.01.2021 21:14",
            "open": "1.4428",
            "high": "1.4428",
            "low": "1.4428",
            "close": "1.4466"
        },
        {
            "time": "27.01.2021 21:16",
            "open": "1.4466",
            "high": "1.4466",
            "low": "1.4466",
            "close": "1.4478"
        },
        {
            "time": "27.01.2021 21:17",
            "open": "1.4478",
            "high": "1.4494",
            "low": "1.4478",
            "close": "1.45"
        },
        {
            "time": "27.01.2021 21:18",
            "open": "1.4462",
            "high": "1.4462",
            "low": "1.4462",
            "close": "1.4557"
        },
        {
            "time": "27.01.2021 21:22",
            "open": "1.4557",
            "high": "1.4557",
            "low": "1.4557",
            "close": "1.4563"
        },
        {
            "time": "27.01.2021 21:23",
            "open": "1.4563",
            "high": "1.4564",
            "low": "1.4563",
            "close": "1.4533"
        },
        {
            "time": "27.01.2021 21:24",
            "open": "1.4533",
            "high": "1.4533",
            "low": "1.4533",
            "close": "1.456"
        },
        {
            "time": "27.01.2021 21:30",
            "open": "1.456",
            "high": "1.456",
            "low": "1.456",
            "close": "1.4525"
        },
        {
            "time": "27.01.2021 21:31",
            "open": "1.4525",
            "high": "1.4549",
            "low": "1.4522",
            "close": "1.4503"
        },
        {
            "time": "27.01.2021 21:32",
            "open": "1.4503",
            "high": "1.4503",
            "low": "1.4462",
            "close": "1.4439"
        },
        {
            "time": "27.01.2021 21:38",
            "open": "1.4439",
            "high": "1.4439",
            "low": "1.4439",
            "close": "1.4423"
        },
        {
            "time": "27.01.2021 21:40",
            "open": "1.4423",
            "high": "1.4423",
            "low": "1.4423",
            "close": "1.4411"
        },
        {
            "time": "27.01.2021 21:42",
            "open": "1.4411",
            "high": "1.4412",
            "low": "1.4411",
            "close": "1.4363"
        },
        {
            "time": "27.01.2021 21:43",
            "open": "1.4363",
            "high": "1.4402",
            "low": "1.4363",
            "close": "1.4462"
        },
        {
            "time": "27.01.2021 21:45",
            "open": "1.4462",
            "high": "1.4462",
            "low": "1.4462",
            "close": "1.4557"
        },
        {
            "time": "27.01.2021 21:47",
            "open": "1.4557",
            "high": "1.4557",
            "low": "1.4548",
            "close": "1.4516"
        },
        {
            "time": "27.01.2021 21:49",
            "open": "1.4516",
            "high": "1.4516",
            "low": "1.4493",
            "close": "1.4559"
        },
        {
            "time": "27.01.2021 21:52",
            "open": "1.4559",
            "high": "1.4559",
            "low": "1.4559",
            "close": "1.4564"
        },
        {
            "time": "27.01.2021 21:55",
            "open": "1.4564",
            "high": "1.4564",
            "low": "1.4564",
            "close": "1.4522"
        },
        {
            "time": "27.01.2021 21:57",
            "open": "1.4522",
            "high": "1.4522",
            "low": "1.4522",
            "close": "1.4564"
        },
        {
            "time": "27.01.2021 21:59",
            "open": "1.4564",
            "high": "1.458",
            "low": "1.4542",
            "close": "1.458"
        },
        {
            "time": "27.01.2021 22:00",
            "open": "1.458",
            "high": "1.458",
            "low": "1.458",
            "close": "1.4504"
        },
        {
            "time": "27.01.2021 22:04",
            "open": "1.4504",
            "high": "1.4504",
            "low": "1.4486",
            "close": "1.4506"
        },
        {
            "time": "27.01.2021 22:05",
            "open": "1.4506",
            "high": "1.452",
            "low": "1.4506",
            "close": "1.4488"
        },
        {
            "time": "27.01.2021 22:07",
            "open": "1.4488",
            "high": "1.4489",
            "low": "1.4488",
            "close": "1.4492"
        },
        {
            "time": "27.01.2021 22:09",
            "open": "1.4492",
            "high": "1.4492",
            "low": "1.4492",
            "close": "1.45"
        },
        {
            "time": "27.01.2021 22:16",
            "open": "1.45",
            "high": "1.45",
            "low": "1.45",
            "close": "1.448"
        },
        {
            "time": "27.01.2021 22:26",
            "open": "1.448",
            "high": "1.448",
            "low": "1.448",
            "close": "1.448"
        },
        {
            "time": "27.01.2021 22:28",
            "open": "1.448",
            "high": "1.448",
            "low": "1.448",
            "close": "1.4484"
        },
        {
            "time": "27.01.2021 22:31",
            "open": "1.4484",
            "high": "1.4484",
            "low": "1.437",
            "close": "1.4364"
        },
        {
            "time": "27.01.2021 22:32",
            "open": "1.4364",
            "high": "1.4364",
            "low": "1.4363",
            "close": "1.4362"
        },
        {
            "time": "27.01.2021 22:33",
            "open": "1.4362",
            "high": "1.4362",
            "low": "1.4362",
            "close": "1.4308"
        },
        {
            "time": "27.01.2021 22:34",
            "open": "1.4308",
            "high": "1.4308",
            "low": "1.4303",
            "close": "1.4318"
        },
        {
            "time": "27.01.2021 22:35",
            "open": "1.4318",
            "high": "1.4318",
            "low": "1.4318",
            "close": "1.4319"
        },
        {
            "time": "27.01.2021 22:36",
            "open": "1.4319",
            "high": "1.4352",
            "low": "1.4319",
            "close": "1.4353"
        },
        {
            "time": "27.01.2021 22:37",
            "open": "1.4353",
            "high": "1.4353",
            "low": "1.4352",
            "close": "1.4362"
        },
        {
            "time": "27.01.2021 22:46",
            "open": "1.4362",
            "high": "1.4362",
            "low": "1.4362",
            "close": "1.4401"
        },
        {
            "time": "27.01.2021 22:47",
            "open": "1.4401",
            "high": "1.4401",
            "low": "1.4353",
            "close": "1.4352"
        },
        {
            "time": "27.01.2021 22:48",
            "open": "1.4352",
            "high": "1.4352",
            "low": "1.4308",
            "close": "1.4327"
        },
        {
            "time": "27.01.2021 22:50",
            "open": "1.4327",
            "high": "1.4327",
            "low": "1.4327",
            "close": "1.4333"
        },
        {
            "time": "27.01.2021 22:53",
            "open": "1.4333",
            "high": "1.4333",
            "low": "1.4333",
            "close": "1.4333"
        },
        {
            "time": "27.01.2021 22:54",
            "open": "1.4333",
            "high": "1.4401",
            "low": "1.4333",
            "close": "1.441"
        },
        {
            "time": "27.01.2021 22:56",
            "open": "1.441",
            "high": "1.441",
            "low": "1.4399",
            "close": "1.4446"
        },
        {
            "time": "27.01.2021 22:57",
            "open": "1.4446",
            "high": "1.4446",
            "low": "1.4446",
            "close": "1.4458"
        },
        {
            "time": "27.01.2021 23:00",
            "open": "1.4458",
            "high": "1.4474",
            "low": "1.4458",
            "close": "1.4471"
        },
        {
            "time": "27.01.2021 23:01",
            "open": "1.4471",
            "high": "1.4471",
            "low": "1.4471",
            "close": "1.4454"
        },
        {
            "time": "27.01.2021 23:07",
            "open": "1.4454",
            "high": "1.4461",
            "low": "1.4454",
            "close": "1.4533"
        },
        {
            "time": "27.01.2021 23:11",
            "open": "1.4533",
            "high": "1.4533",
            "low": "1.4533",
            "close": "1.4513"
        },
        {
            "time": "27.01.2021 23:12",
            "open": "1.4513",
            "high": "1.4513",
            "low": "1.4513",
            "close": "1.4471"
        },
        {
            "time": "27.01.2021 23:13",
            "open": "1.4471",
            "high": "1.4471",
            "low": "1.4471",
            "close": "1.4511"
        },
        {
            "time": "27.01.2021 23:20",
            "open": "1.4511",
            "high": "1.4511",
            "low": "1.4511",
            "close": "1.43"
        },
        {
            "time": "27.01.2021 23:35",
            "open": "1.43",
            "high": "1.4301",
            "low": "1.43",
            "close": "1.4301"
        },
        {
            "time": "27.01.2021 23:37",
            "open": "1.4301",
            "high": "1.4301",
            "low": "1.4301",
            "close": "1.4279"
        },
        {
            "time": "27.01.2021 23:39",
            "open": "1.4279",
            "high": "1.4279",
            "low": "1.4279",
            "close": "1.4224"
        },
        {
            "time": "27.01.2021 23:40",
            "open": "1.4224",
            "high": "1.4224",
            "low": "1.4183",
            "close": "1.415"
        },
        {
            "time": "27.01.2021 23:41",
            "open": "1.415",
            "high": "1.415",
            "low": "1.4141",
            "close": "1.4219"
        },
        {
            "time": "27.01.2021 23:42",
            "open": "1.4219",
            "high": "1.4265",
            "low": "1.4219",
            "close": "1.4199"
        },
        {
            "time": "27.01.2021 23:43",
            "open": "1.4199",
            "high": "1.4207",
            "low": "1.4194",
            "close": "1.4193"
        },
        {
            "time": "27.01.2021 23:45",
            "open": "1.4193",
            "high": "1.4193",
            "low": "1.4135",
            "close": "1.4117"
        },
        {
            "time": "27.01.2021 23:49",
            "open": "1.4117",
            "high": "1.4267",
            "low": "1.4117",
            "close": "1.4266"
        }
    ]
}