{
    "BNT-EUR": [
        {
            "time": "27.01.2021 23:54",
            "open": "1.4266",
            "high": "1.4266",
            "low": "1.4266",
            "close": "1.4235"
        },
        {
            "time": "28.01.2021 00:00",
            "open": "1.4235",
            "high": "1.4235",
            "low": "1.4235",
            "close": "1.4247"
        },
        {
            "time": "28.01.2021 00:01",
            "open": "1.4247",
            "high": "1.4247",
            "low": "1.4247",
            "close": "1.4276"
        },
        {
            "time": "28.01.2021 00:02",
            "open": "1.4276",
            "high": "1.4276",
            "low": "1.4276",
            "close": "1.4239"
        },
        {
            "time": "28.01.2021 00:03",
            "open": "1.4239",
            "high": "1.4239",
            "low": "1.422",
            "close": "1.41"
        },
        {
            "time": "28.01.2021 00:06",
            "open": "1.41",
            "high": "1.41",
            "low": "1.4099",
            "close": "1.4157"
        },
        {
            "time": "28.01.2021 00:08",
            "open": "1.4157",
            "high": "1.4157",
            "low": "1.4157",
            "close": "1.4179"
        },
        {
            "time": "28.01.2021 00:09",
            "open": "1.4179",
            "high": "1.4179",
            "low": "1.4179",
            "close": "1.4216"
        },
        {
            "time": "28.01.2021 00:10",
            "open": "1.4216",
            "high": "1.4216",
            "low": "1.4216",
            "close": "1.4191"
        },
        {
            "time": "28.01.2021 00:14",
            "open": "1.4191",
            "high": "1.4191",
            "low": "1.4134",
            "close": "1.4192"
        },
        {
            "time": "28.01.2021 00:15",
            "open": "1.4192",
            "high": "1.4192",
            "low": "1.4192",
            "close": "1.4209"
        },
        {
            "time": "28.01.2021 00:16",
            "open": "1.4209",
            "high": "1.4244",
            "low": "1.4209",
            "close": "1.4296"
        },
        {
            "time": "28.01.2021 00:17",
            "open": "1.4296",
            "high": "1.4308",
            "low": "1.4296",
            "close": "1.4242"
        },
        {
            "time": "28.01.2021 00:23",
            "open": "1.4242",
            "high": "1.4242",
            "low": "1.4242",
            "close": "1.4217"
        },
        {
            "time": "28.01.2021 00:46",
            "open": "1.4217",
            "high": "1.4217",
            "low": "1.4217",
            "close": "1.4267"
        },
        {
            "time": "28.01.2021 00:57",
            "open": "1.4267",
            "high": "1.4431",
            "low": "1.4267",
            "close": "1.4337"
        },
        {
            "time": "28.01.2021 00:58",
            "open": "1.4337",
            "high": "1.4337",
            "low": "1.4327",
            "close": "1.4299"
        },
        {
            "time": "28.01.2021 00:59",
            "open": "1.4299",
            "high": "1.4299",
            "low": "1.4299",
            "close": "1.4291"
        },
        {
            "time": "28.01.2021 01:00",
            "open": "1.4291",
            "high": "1.4296",
            "low": "1.4291",
            "close": "1.4384"
        },
        {
            "time": "28.01.2021 01:02",
            "open": "1.4384",
            "high": "1.4384",
            "low": "1.4378",
            "close": "1.4354"
        },
        {
            "time": "28.01.2021 01:06",
            "open": "1.4354",
            "high": "1.4355",
            "low": "1.4354",
            "close": "1.4339"
        },
        {
            "time": "28.01.2021 01:07",
            "open": "1.4339",
            "high": "1.4339",
            "low": "1.4335",
            "close": "1.4282"
        },
        {
            "time": "28.01.2021 01:10",
            "open": "1.4282",
            "high": "1.4282",
            "low": "1.4281",
            "close": "1.4271"
        },
        {
            "time": "28.01.2021 01:17",
            "open": "1.4271",
            "high": "1.4271",
            "low": "1.4269",
            "close": "1.4255"
        },
        {
            "time": "28.01.2021 01:18",
            "open": "1.4255",
            "high": "1.4255",
            "low": "1.4241",
            "close": "1.4114"
        },
        {
            "time": "28.01.2021 01:23",
            "open": "1.4114",
            "high": "1.4114",
            "low": "1.4114",
            "close": "1.4075"
        },
        {
            "time": "28.01.2021 01:24",
            "open": "1.4075",
            "high": "1.4076",
            "low": "1.4051",
            "close": "1.4141"
        },
        {
            "time": "28.01.2021 01:25",
            "open": "1.4141",
            "high": "1.4141",
            "low": "1.4141",
            "close": "1.4302"
        },
        {
            "time": "28.01.2021 01:38",
            "open": "1.4302",
            "high": "1.4305",
            "low": "1.4302",
            "close": "1.4357"
        },
        {
            "time": "28.01.2021 01:54",
            "open": "1.4357",
            "high": "1.4357",
            "low": "1.4357",
            "close": "1.4391"
        },
        {
            "time": "28.01.2021 01:59",
            "open": "1.4391",
            "high": "1.444",
            "low": "1.4391",
            "close": "1.4537"
        },
        {
            "time": "28.01.2021 02:00",
            "open": "1.4537",
            "high": "1.4537",
            "low": "1.4537",
            "close": "1.4388"
        },
        {
            "time": "28.01.2021 02:02",
            "open": "1.4388",
            "high": "1.4388",
            "low": "1.4379",
            "close": "1.4466"
        },
        {
            "time": "28.01.2021 02:04",
            "open": "1.4466",
            "high": "1.4514",
            "low": "1.4466",
            "close": "1.4538"
        },
        {
            "time": "28.01.2021 02:05",
            "open": "1.4538",
            "high": "1.4538",
            "low": "1.4538",
            "close": "1.4563"
        },
        {
            "time": "28.01.2021 02:13",
            "open": "1.4563",
            "high": "1.4563",
            "low": "1.4563",
            "close": "1.4407"
        },
        {
            "time": "28.01.2021 02:31",
            "open": "1.4407",
            "high": "1.4407",
            "low": "1.4407",
            "close": "1.4488"
        },
        {
            "time": "28.01.2021 02:32",
            "open": "1.4488",
            "high": "1.4488",
            "low": "1.4488",
            "close": "1.448"
        },
        {
            "time": "28.01.2021 02:33",
            "open": "1.448",
            "high": "1.4577",
            "low": "1.4478",
            "close": "1.4502"
        },
        {
            "time": "28.01.2021 02:34",
            "open": "1.4502",
            "high": "1.4553",
            "low": "1.4501",
            "close": "1.4484"
        },
        {
            "time": "28.01.2021 02:35",
            "open": "1.4484",
            "high": "1.4484",
            "low": "1.4484",
            "close": "1.451"
        },
        {
            "time": "28.01.2021 02:36",
            "open": "1.451",
            "high": "1.451",
            "low": "1.451",
            "close": "1.4431"
        },
        {
            "time": "28.01.2021 02:41",
            "open": "1.4431",
            "high": "1.4431",
            "low": "1.4431",
            "close": "1.4518"
        },
        {
            "time": "28.01.2021 02:56",
            "open": "1.4518",
            "high": "1.4518",
            "low": "1.4518",
            "close": "1.458"
        },
        {
            "time": "28.01.2021 02:57",
            "open": "1.458",
            "high": "1.458",
            "low": "1.458",
            "close": "1.4562"
        },
        {
            "time": "28.01.2021 03:05",
            "open": "1.4562",
            "high": "1.4605",
            "low": "1.4562",
            "close": "1.467"
        },
        {
            "time": "28.01.2021 03:06",
            "open": "1.467",
            "high": "1.467",
            "low": "1.467",
            "close": "1.47"
        },
        {
            "time": "28.01.2021 03:09",
            "open": "1.47",
            "high": "1.4701",
            "low": "1.4689",
            "close": "1.4666"
        },
        {
            "time": "28.01.2021 03:12",
            "open": "1.4666",
            "high": "1.4795",
            "low": "1.4648",
            "close": "1.4745"
        },
        {
            "time": "28.01.2021 03:13",
            "open": "1.4745",
            "high": "1.4745",
            "low": "1.4725",
            "close": "1.4706"
        },
        {
            "time": "28.01.2021 03:15",
            "open": "1.4706",
            "high": "1.4706",
            "low": "1.4706",
            "close": "1.4669"
        },
        {
            "time": "28.01.2021 03:17",
            "open": "1.4669",
            "high": "1.4669",
            "low": "1.4669",
            "close": "1.4678"
        },
        {
            "time": "28.01.2021 03:24",
            "open": "1.4678",
            "high": "1.4683",
            "low": "1.467",
            "close": "1.4641"
        },
        {
            "time": "28.01.2021 03:27",
            "open": "1.4641",
            "high": "1.4641",
            "low": "1.4635",
            "close": "1.4645"
        },
        {
            "time": "28.01.2021 03:28",
            "open": "1.4645",
            "high": "1.4645",
            "low": "1.4645",
            "close": "1.4646"
        },
        {
            "time": "28.01.2021 03:29",
            "open": "1.4646",
            "high": "1.4646",
            "low": "1.4646",
            "close": "1.4669"
        },
        {
            "time": "28.01.2021 03:39",
            "open": "1.4669",
            "high": "1.4669",
            "low": "1.4669",
            "close": "1.4652"
        },
        {
            "time": "28.01.2021 03:41",
            "open": "1.4652",
            "high": "1.4677",
            "low": "1.4652",
            "close": "1.471"
        },
        {
            "time": "28.01.2021 03:44",
            "open": "1.471",
            "high": "1.471",
            "low": "1.471",
            "close": "1.4707"
        },
        {
            "time": "28.01.2021 03:56",
            "open": "1.4707",
            "high": "1.4708",
            "low": "1.4707",
            "close": "1.4701"
        },
        {
            "time": "28.01.2021 03:57",
            "open": "1.4701",
            "high": "1.4701",
            "low": "1.4697",
            "close": "1.4654"
        },
        {
            "time": "28.01.2021 04:00",
            "open": "1.4654",
            "high": "1.4658",
            "low": "1.4654",
            "close": "1.4659"
        },
        {
            "time": "28.01.2021 04:01",
            "open": "1.4659",
            "high": "1.4659",
            "low": "1.4659",
            "close": "1.4684"
        },
        {
            "time": "28.01.2021 04:03",
            "open": "1.4684",
            "high": "1.4684",
            "low": "1.4684",
            "close": "1.4711"
        },
        {
            "time": "28.01.2021 04:13",
            "open": "1.4711",
            "high": "1.4711",
            "low": "1.4711",
            "close": "1.47"
        },
        {
            "time": "28.01.2021 04:14",
            "open": "1.47",
            "high": "1.47",
            "low": "1.47",
            "close": "1.4784"
        },
        {
            "time": "28.01.2021 04:22",
            "open": "1.4784",
            "high": "1.4784",
            "low": "1.4766",
            "close": "1.4832"
        },
        {
            "time": "28.01.2021 04:23",
            "open": "1.4832",
            "high": "1.4832",
            "low": "1.4832",
            "close": "1.4848"
        },
        {
            "time": "28.01.2021 04:30",
            "open": "1.4848",
            "high": "1.4848",
            "low": "1.4814",
            "close": "1.487"
        },
        {
            "time": "28.01.2021 04:41",
            "open": "1.487",
            "high": "1.49",
            "low": "1.487",
            "close": "1.4938"
        },
        {
            "time": "28.01.2021 04:43",
            "open": "1.4938",
            "high": "1.4944",
            "low": "1.4938",
            "close": "1.4966"
        },
        {
            "time": "28.01.2021 04:44",
            "open": "1.4966",
            "high": "1.4967",
            "low": "1.4949",
            "close": "1.4974"
        },
        {
            "time": "28.01.2021 04:45",
            "open": "1.4974",
            "high": "1.5",
            "low": "1.4974",
            "close": "1.4999"
        },
        {
            "time": "28.01.2021 04:46",
            "open": "1.4999",
            "high": "1.5025",
            "low": "1.4999",
            "close": "1.5026"
        },
        {
            "time": "28.01.2021 04:47",
            "open": "1.5026",
            "high": "1.5026",
            "low": "1.5025",
            "close": "1.5025"
        },
        {
            "time": "28.01.2021 04:48",
            "open": "1.5025",
            "high": "1.5025",
            "low": "1.5025",
            "close": "1.5018"
        },
        {
            "time": "28.01.2021 04:49",
            "open": "1.5018",
            "high": "1.5038",
            "low": "1.5018",
            "close": "1.505"
        },
        {
            "time": "28.01.2021 04:50",
            "open": "1.505",
            "high": "1.505",
            "low": "1.505",
            "close": "1.5059"
        },
        {
            "time": "28.01.2021 04:52",
            "open": "1.5059",
            "high": "1.5059",
            "low": "1.5059",
            "close": "1.5046"
        },
        {
            "time": "28.01.2021 04:56",
            "open": "1.5046",
            "high": "1.5046",
            "low": "1.5046",
            "close": "1.5043"
        },
        {
            "time": "28.01.2021 05:01",
            "open": "1.5043",
            "high": "1.5043",
            "low": "1.5043",
            "close": "1.5079"
        },
        {
            "time": "28.01.2021 05:05",
            "open": "1.5079",
            "high": "1.5081",
            "low": "1.5079",
            "close": "1.5067"
        },
        {
            "time": "28.01.2021 05:06",
            "open": "1.5067",
            "high": "1.5067",
            "low": "1.5067",
            "close": "1.5027"
        },
        {
            "time": "28.01.2021 05:07",
            "open": "1.5027",
            "high": "1.5027",
            "low": "1.5027",
            "close": "1.5055"
        },
        {
            "time": "28.01.2021 05:08",
            "open": "1.5055",
            "high": "1.5055",
            "low": "1.5055",
            "close": "1.5053"
        },
        {
            "time": "28.01.2021 05:10",
            "open": "1.5053",
            "high": "1.5054",
            "low": "1.5053",
            "close": "1.5051"
        },
        {
            "time": "28.01.2021 05:11",
            "open": "1.5051",
            "high": "1.5051",
            "low": "1.5051",
            "close": "1.5063"
        },
        {
            "time": "28.01.2021 05:14",
            "open": "1.5063",
            "high": "1.5063",
            "low": "1.5063",
            "close": "1.5098"
        },
        {
            "time": "28.01.2021 05:20",
            "open": "1.5098",
            "high": "1.5098",
            "low": "1.5098",
            "close": "1.5012"
        },
        {
            "time": "28.01.2021 05:32",
            "open": "1.5012",
            "high": "1.5012",
            "low": "1.501",
            "close": "1.5012"
        },
        {
            "time": "28.01.2021 05:33",
            "open": "1.5012",
            "high": "1.5012",
            "low": "1.5011",
            "close": "1.5009"
        },
        {
            "time": "28.01.2021 05:40",
            "open": "1.5009",
            "high": "1.5009",
            "low": "1.5009",
            "close": "1.4977"
        },
        {
            "time": "28.01.2021 05:42",
            "open": "1.4977",
            "high": "1.4977",
            "low": "1.4977",
            "close": "1.5009"
        },
        {
            "time": "28.01.2021 05:46",
            "open": "1.5009",
            "high": "1.5009",
            "low": "1.5009",
            "close": "1.503"
        },
        {
            "time": "28.01.2021 06:05",
            "open": "1.503",
            "high": "1.51",
            "low": "1.503",
            "close": "1.51"
        },
        {
            "time": "28.01.2021 06:06",
            "open": "1.51",
            "high": "1.51",
            "low": "1.51",
            "close": "1.5183"
        },
        {
            "time": "28.01.2021 06:07",
            "open": "1.5183",
            "high": "1.5186",
            "low": "1.5183",
            "close": "1.52"
        },
        {
            "time": "28.01.2021 06:08",
            "open": "1.52",
            "high": "1.52",
            "low": "1.5199",
            "close": "1.5146"
        },
        {
            "time": "28.01.2021 06:10",
            "open": "1.5146",
            "high": "1.5146",
            "low": "1.5146",
            "close": "1.5033"
        },
        {
            "time": "28.01.2021 06:11",
            "open": "1.5033",
            "high": "1.5033",
            "low": "1.5033",
            "close": "1.5033"
        },
        {
            "time": "28.01.2021 06:12",
            "open": "1.5033",
            "high": "1.5033",
            "low": "1.5033",
            "close": "1.4999"
        },
        {
            "time": "28.01.2021 06:13",
            "open": "1.4999",
            "high": "1.5",
            "low": "1.4999",
            "close": "1.5021"
        },
        {
            "time": "28.01.2021 06:14",
            "open": "1.5021",
            "high": "1.5047",
            "low": "1.502",
            "close": "1.5093"
        },
        {
            "time": "28.01.2021 06:15",
            "open": "1.5093",
            "high": "1.5093",
            "low": "1.5093",
            "close": "1.5037"
        },
        {
            "time": "28.01.2021 06:16",
            "open": "1.5037",
            "high": "1.5037",
            "low": "1.502",
            "close": "1.4952"
        },
        {
            "time": "28.01.2021 06:18",
            "open": "1.4952",
            "high": "1.4952",
            "low": "1.4952",
            "close": "1.4932"
        },
        {
            "time": "28.01.2021 06:21",
            "open": "1.4932",
            "high": "1.4933",
            "low": "1.4932",
            "close": "1.4981"
        },
        {
            "time": "28.01.2021 06:23",
            "open": "1.4981",
            "high": "1.4981",
            "low": "1.4981",
            "close": "1.4992"
        },
        {
            "time": "28.01.2021 06:26",
            "open": "1.4992",
            "high": "1.4992",
            "low": "1.4992",
            "close": "1.499"
        },
        {
            "time": "28.01.2021 06:27",
            "open": "1.499",
            "high": "1.499",
            "low": "1.4988",
            "close": "1.5055"
        },
        {
            "time": "28.01.2021 06:42",
            "open": "1.5055",
            "high": "1.5123",
            "low": "1.5055",
            "close": "1.512"
        },
        {
            "time": "28.01.2021 06:46",
            "open": "1.512",
            "high": "1.5161",
            "low": "1.512",
            "close": "1.5171"
        },
        {
            "time": "28.01.2021 06:50",
            "open": "1.5171",
            "high": "1.5183",
            "low": "1.5171",
            "close": "1.5153"
        },
        {
            "time": "28.01.2021 06:55",
            "open": "1.5153",
            "high": "1.5153",
            "low": "1.5153",
            "close": "1.5168"
        },
        {
            "time": "28.01.2021 06:56",
            "open": "1.5168",
            "high": "1.517",
            "low": "1.5168",
            "close": "1.52"
        },
        {
            "time": "28.01.2021 06:58",
            "open": "1.52",
            "high": "1.5213",
            "low": "1.52",
            "close": "1.5213"
        },
        {
            "time": "28.01.2021 06:59",
            "open": "1.5213",
            "high": "1.5251",
            "low": "1.5213",
            "close": "1.5251"
        },
        {
            "time": "28.01.2021 07:00",
            "open": "1.5251",
            "high": "1.5273",
            "low": "1.5251",
            "close": "1.5273"
        },
        {
            "time": "28.01.2021 07:06",
            "open": "1.5273",
            "high": "1.5298",
            "low": "1.5273",
            "close": "1.5288"
        },
        {
            "time": "28.01.2021 07:10",
            "open": "1.5288",
            "high": "1.5288",
            "low": "1.5288",
            "close": "1.5267"
        },
        {
            "time": "28.01.2021 07:12",
            "open": "1.5267",
            "high": "1.5289",
            "low": "1.5267",
            "close": "1.5304"
        },
        {
            "time": "28.01.2021 07:13",
            "open": "1.5304",
            "high": "1.5304",
            "low": "1.5304",
            "close": "1.5304"
        },
        {
            "time": "28.01.2021 07:14",
            "open": "1.5304",
            "high": "1.54",
            "low": "1.5304",
            "close": "1.5387"
        },
        {
            "time": "28.01.2021 07:17",
            "open": "1.5387",
            "high": "1.5387",
            "low": "1.5387",
            "close": "1.539"
        },
        {
            "time": "28.01.2021 07:20",
            "open": "1.539",
            "high": "1.539",
            "low": "1.539",
            "close": "1.539"
        },
        {
            "time": "28.01.2021 07:21",
            "open": "1.539",
            "high": "1.539",
            "low": "1.539",
            "close": "1.5425"
        },
        {
            "time": "28.01.2021 07:22",
            "open": "1.5425",
            "high": "1.5447",
            "low": "1.5425",
            "close": "1.5383"
        },
        {
            "time": "28.01.2021 07:27",
            "open": "1.5383",
            "high": "1.5383",
            "low": "1.5383",
            "close": "1.5328"
        },
        {
            "time": "28.01.2021 07:30",
            "open": "1.5328",
            "high": "1.5328",
            "low": "1.5326",
            "close": "1.5284"
        },
        {
            "time": "28.01.2021 07:31",
            "open": "1.5284",
            "high": "1.5286",
            "low": "1.5284",
            "close": "1.5332"
        },
        {
            "time": "28.01.2021 07:32",
            "open": "1.5332",
            "high": "1.5333",
            "low": "1.533",
            "close": "1.5345"
        },
        {
            "time": "28.01.2021 07:36",
            "open": "1.5345",
            "high": "1.5345",
            "low": "1.5345",
            "close": "1.5345"
        },
        {
            "time": "28.01.2021 07:42",
            "open": "1.5345",
            "high": "1.5345",
            "low": "1.5345",
            "close": "1.5383"
        },
        {
            "time": "28.01.2021 07:50",
            "open": "1.5383",
            "high": "1.5422",
            "low": "1.5383",
            "close": "1.5378"
        },
        {
            "time": "28.01.2021 07:58",
            "open": "1.5378",
            "high": "1.5378",
            "low": "1.5378",
            "close": "1.5378"
        },
        {
            "time": "28.01.2021 08:00",
            "open": "1.5378",
            "high": "1.5378",
            "low": "1.5378",
            "close": "1.5345"
        },
        {
            "time": "28.01.2021 08:03",
            "open": "1.5345",
            "high": "1.5345",
            "low": "1.5345",
            "close": "1.5268"
        },
        {
            "time": "28.01.2021 08:12",
            "open": "1.5268",
            "high": "1.5268",
            "low": "1.5196",
            "close": "1.5196"
        },
        {
            "time": "28.01.2021 08:13",
            "open": "1.5196",
            "high": "1.5196",
            "low": "1.5196",
            "close": "1.515"
        },
        {
            "time": "28.01.2021 08:17",
            "open": "1.515",
            "high": "1.5156",
            "low": "1.515",
            "close": "1.5263"
        },
        {
            "time": "28.01.2021 08:20",
            "open": "1.5263",
            "high": "1.5264",
            "low": "1.5262",
            "close": "1.5217"
        },
        {
            "time": "28.01.2021 08:21",
            "open": "1.5217",
            "high": "1.5217",
            "low": "1.5217",
            "close": "1.5187"
        },
        {
            "time": "28.01.2021 08:25",
            "open": "1.517",
            "high": "1.517",
            "low": "1.517",
            "close": "1.5092"
        },
        {
            "time": "28.01.2021 08:34",
            "open": "1.5092",
            "high": "1.5092",
            "low": "1.5092",
            "close": "1.5092"
        },
        {
            "time": "28.01.2021 08:37",
            "open": "1.5092",
            "high": "1.5095",
            "low": "1.5092",
            "close": "1.5129"
        },
        {
            "time": "28.01.2021 08:43",
            "open": "1.5129",
            "high": "1.5129",
            "low": "1.5128",
            "close": "1.5151"
        },
        {
            "time": "28.01.2021 08:47",
            "open": "1.5151",
            "high": "1.5151",
            "low": "1.5151",
            "close": "1.5139"
        },
        {
            "time": "28.01.2021 08:49",
            "open": "1.5139",
            "high": "1.5139",
            "low": "1.5119",
            "close": "1.5173"
        },
        {
            "time": "28.01.2021 09:01",
            "open": "1.5173",
            "high": "1.5173",
            "low": "1.5173",
            "close": "1.5299"
        },
        {
            "time": "28.01.2021 09:02",
            "open": "1.5299",
            "high": "1.5299",
            "low": "1.5297",
            "close": "1.5237"
        },
        {
            "time": "28.01.2021 09:05",
            "open": "1.5237",
            "high": "1.5237",
            "low": "1.5237",
            "close": "1.5256"
        },
        {
            "time": "28.01.2021 09:06",
            "open": "1.5256",
            "high": "1.5256",
            "low": "1.5255",
            "close": "1.5224"
        },
        {
            "time": "28.01.2021 09:12",
            "open": "1.5224",
            "high": "1.5232",
            "low": "1.5224",
            "close": "1.5243"
        },
        {
            "time": "28.01.2021 09:20",
            "open": "1.5243",
            "high": "1.5243",
            "low": "1.5243",
            "close": "1.517"
        },
        {
            "time": "28.01.2021 09:24",
            "open": "1.517",
            "high": "1.517",
            "low": "1.5169",
            "close": "1.5191"
        },
        {
            "time": "28.01.2021 09:25",
            "open": "1.5191",
            "high": "1.5191",
            "low": "1.5184",
            "close": "1.5149"
        },
        {
            "time": "28.01.2021 09:26",
            "open": "1.5149",
            "high": "1.5149",
            "low": "1.5149",
            "close": "1.5191"
        },
        {
            "time": "28.01.2021 09:27",
            "open": "1.5191",
            "high": "1.5191",
            "low": "1.5191",
            "close": "1.5192"
        },
        {
            "time": "28.01.2021 09:28",
            "open": "1.5192",
            "high": "1.5192",
            "low": "1.5192",
            "close": "1.5174"
        },
        {
            "time": "28.01.2021 09:29",
            "open": "1.5174",
            "high": "1.5174",
            "low": "1.5174",
            "close": "1.5194"
        },
        {
            "time": "28.01.2021 09:35",
            "open": "1.5194",
            "high": "1.5194",
            "low": "1.5174",
            "close": "1.5209"
        },
        {
            "time": "28.01.2021 09:37",
            "open": "1.5209",
            "high": "1.5209",
            "low": "1.5209",
            "close": "1.5172"
        },
        {
            "time": "28.01.2021 09:40",
            "open": "1.5172",
            "high": "1.5172",
            "low": "1.5172",
            "close": "1.5197"
        },
        {
            "time": "28.01.2021 09:45",
            "open": "1.5197",
            "high": "1.5239",
            "low": "1.5197",
            "close": "1.5242"
        },
        {
            "time": "28.01.2021 09:52",
            "open": "1.5242",
            "high": "1.5242",
            "low": "1.5242",
            "close": "1.5242"
        },
        {
            "time": "28.01.2021 09:56",
            "open": "1.5242",
            "high": "1.5242",
            "low": "1.5242",
            "close": "1.5177"
        },
        {
            "time": "28.01.2021 10:04",
            "open": "1.5177",
            "high": "1.52",
            "low": "1.5177",
            "close": "1.5206"
        },
        {
            "time": "28.01.2021 10:06",
            "open": "1.5206",
            "high": "1.5206",
            "low": "1.5206",
            "close": "1.5206"
        },
        {
            "time": "28.01.2021 10:08",
            "open": "1.5206",
            "high": "1.5206",
            "low": "1.5206",
            "close": "1.5206"
        },
        {
            "time": "28.01.2021 10:09",
            "open": "1.5206",
            "high": "1.5206",
            "low": "1.5206",
            "close": "1.5199"
        },
        {
            "time": "28.01.2021 10:10",
            "open": "1.5199",
            "high": "1.5199",
            "low": "1.5199",
            "close": "1.5143"
        },
        {
            "time": "28.01.2021 10:12",
            "open": "1.5143",
            "high": "1.5143",
            "low": "1.5143",
            "close": "1.5178"
        },
        {
            "time": "28.01.2021 10:13",
            "open": "1.5178",
            "high": "1.5178",
            "low": "1.5178",
            "close": "1.5163"
        },
        {
            "time": "28.01.2021 10:14",
            "open": "1.5163",
            "high": "1.5163",
            "low": "1.5163",
            "close": "1.5211"
        },
        {
            "time": "28.01.2021 10:17",
            "open": "1.5211",
            "high": "1.5211",
            "low": "1.5211",
            "close": "1.526"
        },
        {
            "time": "28.01.2021 10:20",
            "open": "1.526",
            "high": "1.526",
            "low": "1.5246",
            "close": "1.5295"
        },
        {
            "time": "28.01.2021 10:27",
            "open": "1.5295",
            "high": "1.5295",
            "low": "1.5295",
            "close": "1.5309"
        },
        {
            "time": "28.01.2021 10:28",
            "open": "1.5309",
            "high": "1.5324",
            "low": "1.5309",
            "close": "1.5319"
        },
        {
            "time": "28.01.2021 10:29",
            "open": "1.5319",
            "high": "1.5324",
            "low": "1.5319",
            "close": "1.5323"
        },
        {
            "time": "28.01.2021 10:35",
            "open": "1.5323",
            "high": "1.5351",
            "low": "1.5323",
            "close": "1.5351"
        },
        {
            "time": "28.01.2021 10:41",
            "open": "1.5351",
            "high": "1.5351",
            "low": "1.5351",
            "close": "1.53"
        },
        {
            "time": "28.01.2021 10:43",
            "open": "1.53",
            "high": "1.5327",
            "low": "1.53",
            "close": "1.5362"
        },
        {
            "time": "28.01.2021 10:45",
            "open": "1.5362",
            "high": "1.61",
            "low": "1.5362",
            "close": "1.6136"
        },
        {
            "time": "28.01.2021 10:46",
            "open": "1.6136",
            "high": "1.6305",
            "low": "1.5625",
            "close": "1.5922"
        },
        {
            "time": "28.01.2021 10:47",
            "open": "1.5922",
            "high": "1.5922",
            "low": "1.5647",
            "close": "1.5676"
        },
        {
            "time": "28.01.2021 10:48",
            "open": "1.5676",
            "high": "1.6639",
            "low": "1.5676",
            "close": "1.6663"
        },
        {
            "time": "28.01.2021 10:49",
            "open": "1.6663",
            "high": "1.6663",
            "low": "1.5893",
            "close": "1.5995"
        },
        {
            "time": "28.01.2021 10:50",
            "open": "1.5995",
            "high": "1.5995",
            "low": "1.5964",
            "close": "1.5658"
        },
        {
            "time": "28.01.2021 10:51",
            "open": "1.5658",
            "high": "1.5947",
            "low": "1.5658",
            "close": "1.5691"
        },
        {
            "time": "28.01.2021 10:52",
            "open": "1.5691",
            "high": "1.5706",
            "low": "1.5587",
            "close": "1.5693"
        },
        {
            "time": "28.01.2021 10:53",
            "open": "1.5693",
            "high": "1.5843",
            "low": "1.5658",
            "close": "1.5677"
        },
        {
            "time": "28.01.2021 10:54",
            "open": "1.5677",
            "high": "1.5984",
            "low": "1.5677",
            "close": "1.5941"
        },
        {
            "time": "28.01.2021 10:55",
            "open": "1.5941",
            "high": "1.5941",
            "low": "1.5843",
            "close": "1.5889"
        },
        {
            "time": "28.01.2021 10:56",
            "open": "1.5889",
            "high": "1.6094",
            "low": "1.5879",
            "close": "1.5985"
        },
        {
            "time": "28.01.2021 10:57",
            "open": "1.5985",
            "high": "1.6019",
            "low": "1.5887",
            "close": "1.5814"
        },
        {
            "time": "28.01.2021 10:58",
            "open": "1.5814",
            "high": "1.5815",
            "low": "1.5765",
            "close": "1.5892"
        },
        {
            "time": "28.01.2021 10:59",
            "open": "1.5892",
            "high": "1.5892",
            "low": "1.5831",
            "close": "1.6117"
        },
        {
            "time": "28.01.2021 11:00",
            "open": "1.6117",
            "high": "1.6117",
            "low": "1.6051",
            "close": "1.5982"
        },
        {
            "time": "28.01.2021 11:01",
            "open": "1.5982",
            "high": "1.6143",
            "low": "1.5982",
            "close": "1.6161"
        },
        {
            "time": "28.01.2021 11:02",
            "open": "1.6161",
            "high": "1.6343",
            "low": "1.5966",
            "close": "1.5971"
        },
        {
            "time": "28.01.2021 11:03",
            "open": "1.5971",
            "high": "1.6025",
            "low": "1.5971",
            "close": "1.5903"
        },
        {
            "time": "28.01.2021 11:04",
            "open": "1.5903",
            "high": "1.5903",
            "low": "1.5903",
            "close": "1.5918"
        },
        {
            "time": "28.01.2021 11:05",
            "open": "1.5918",
            "high": "1.5949",
            "low": "1.5918",
            "close": "1.5829"
        },
        {
            "time": "28.01.2021 11:06",
            "open": "1.5829",
            "high": "1.5829",
            "low": "1.5332",
            "close": "1.5612"
        },
        {
            "time": "28.01.2021 11:07",
            "open": "1.5612",
            "high": "1.562",
            "low": "1.5491",
            "close": "1.563"
        },
        {
            "time": "28.01.2021 11:08",
            "open": "1.563",
            "high": "1.5696",
            "low": "1.5619",
            "close": "1.5654"
        },
        {
            "time": "28.01.2021 11:09",
            "open": "1.5654",
            "high": "1.5689",
            "low": "1.5654",
            "close": "1.5629"
        },
        {
            "time": "28.01.2021 11:11",
            "open": "1.5629",
            "high": "1.5629",
            "low": "1.5616",
            "close": "1.559"
        },
        {
            "time": "28.01.2021 11:12",
            "open": "1.559",
            "high": "1.559",
            "low": "1.559",
            "close": "1.5589"
        },
        {
            "time": "28.01.2021 11:17",
            "open": "1.5589",
            "high": "1.5591",
            "low": "1.5511",
            "close": "1.5536"
        },
        {
            "time": "28.01.2021 11:18",
            "open": "1.5536",
            "high": "1.5536",
            "low": "1.5536",
            "close": "1.5557"
        },
        {
            "time": "28.01.2021 11:19",
            "open": "1.5557",
            "high": "1.5557",
            "low": "1.5557",
            "close": "1.5572"
        },
        {
            "time": "28.01.2021 11:20",
            "open": "1.5572",
            "high": "1.5593",
            "low": "1.5563",
            "close": "1.5556"
        },
        {
            "time": "28.01.2021 11:21",
            "open": "1.5556",
            "high": "1.5556",
            "low": "1.5472",
            "close": "1.5451"
        },
        {
            "time": "28.01.2021 11:22",
            "open": "1.5451",
            "high": "1.5529",
            "low": "1.5413",
            "close": "1.5524"
        },
        {
            "time": "28.01.2021 11:23",
            "open": "1.5524",
            "high": "1.5524",
            "low": "1.5524",
            "close": "1.5488"
        },
        {
            "time": "28.01.2021 11:24",
            "open": "1.5488",
            "high": "1.5488",
            "low": "1.5488",
            "close": "1.5481"
        },
        {
            "time": "28.01.2021 11:26",
            "open": "1.5481",
            "high": "1.5481",
            "low": "1.5459",
            "close": "1.5459"
        },
        {
            "time": "28.01.2021 11:29",
            "open": "1.5459",
            "high": "1.5459",
            "low": "1.5459",
            "close": "1.5479"
        },
        {
            "time": "28.01.2021 11:30",
            "open": "1.5479",
            "high": "1.5479",
            "low": "1.5479",
            "close": "1.5496"
        },
        {
            "time": "28.01.2021 11:31",
            "open": "1.5496",
            "high": "1.5496",
            "low": "1.5496",
            "close": "1.5513"
        },
        {
            "time": "28.01.2021 11:32",
            "open": "1.5513",
            "high": "1.5513",
            "low": "1.5512",
            "close": "1.5505"
        },
        {
            "time": "28.01.2021 11:34",
            "open": "1.5505",
            "high": "1.5505",
            "low": "1.5505",
            "close": "1.5503"
        },
        {
            "time": "28.01.2021 11:36",
            "open": "1.5503",
            "high": "1.552",
            "low": "1.5503",
            "close": "1.5481"
        },
        {
            "time": "28.01.2021 11:37",
            "open": "1.5481",
            "high": "1.5481",
            "low": "1.5481",
            "close": "1.5507"
        },
        {
            "time": "28.01.2021 11:38",
            "open": "1.5507",
            "high": "1.5547",
            "low": "1.5507",
            "close": "1.5544"
        },
        {
            "time": "28.01.2021 11:39",
            "open": "1.5544",
            "high": "1.5623",
            "low": "1.5543",
            "close": "1.5505"
        },
        {
            "time": "28.01.2021 11:40",
            "open": "1.5505",
            "high": "1.5542",
            "low": "1.5505",
            "close": "1.5494"
        },
        {
            "time": "28.01.2021 11:41",
            "open": "1.5494",
            "high": "1.5494",
            "low": "1.5494",
            "close": "1.5442"
        },
        {
            "time": "28.01.2021 11:42",
            "open": "1.5442",
            "high": "1.5568",
            "low": "1.5442",
            "close": "1.5549"
        },
        {
            "time": "28.01.2021 11:43",
            "open": "1.5549",
            "high": "1.5549",
            "low": "1.5544",
            "close": "1.5546"
        },
        {
            "time": "28.01.2021 11:45",
            "open": "1.5546",
            "high": "1.5546",
            "low": "1.552",
            "close": "1.5566"
        },
        {
            "time": "28.01.2021 11:46",
            "open": "1.5566",
            "high": "1.5566",
            "low": "1.5566",
            "close": "1.5583"
        },
        {
            "time": "28.01.2021 11:47",
            "open": "1.5583",
            "high": "1.5583",
            "low": "1.5583",
            "close": "1.5597"
        },
        {
            "time": "28.01.2021 11:48",
            "open": "1.5597",
            "high": "1.5627",
            "low": "1.5597",
            "close": "1.5654"
        },
        {
            "time": "28.01.2021 11:50",
            "open": "1.5654",
            "high": "1.5686",
            "low": "1.5654",
            "close": "1.5686"
        },
        {
            "time": "28.01.2021 11:51",
            "open": "1.5686",
            "high": "1.5689",
            "low": "1.5686",
            "close": "1.5603"
        },
        {
            "time": "28.01.2021 11:52",
            "open": "1.5603",
            "high": "1.5622",
            "low": "1.5603",
            "close": "1.5642"
        },
        {
            "time": "28.01.2021 11:53",
            "open": "1.5642",
            "high": "1.5642",
            "low": "1.5636",
            "close": "1.5667"
        },
        {
            "time": "28.01.2021 11:54",
            "open": "1.5667",
            "high": "1.5669",
            "low": "1.5662",
            "close": "1.5635"
        },
        {
            "time": "28.01.2021 11:55",
            "open": "1.5635",
            "high": "1.5651",
            "low": "1.5635",
            "close": "1.5684"
        },
        {
            "time": "28.01.2021 11:56",
            "open": "1.5684",
            "high": "1.5684",
            "low": "1.5684",
            "close": "1.5717"
        },
        {
            "time": "28.01.2021 11:57",
            "open": "1.5717",
            "high": "1.572",
            "low": "1.5717",
            "close": "1.5745"
        },
        {
            "time": "28.01.2021 11:58",
            "open": "1.5745",
            "high": "1.5795",
            "low": "1.5745",
            "close": "1.5745"
        },
        {
            "time": "28.01.2021 11:59",
            "open": "1.5745",
            "high": "1.575",
            "low": "1.5744",
            "close": "1.5738"
        },
        {
            "time": "28.01.2021 12:00",
            "open": "1.5738",
            "high": "1.5818",
            "low": "1.5738",
            "close": "1.5818"
        },
        {
            "time": "28.01.2021 12:01",
            "open": "1.5818",
            "high": "1.5818",
            "low": "1.5718",
            "close": "1.5706"
        },
        {
            "time": "28.01.2021 12:02",
            "open": "1.5706",
            "high": "1.5706",
            "low": "1.5706",
            "close": "1.5779"
        },
        {
            "time": "28.01.2021 12:05",
            "open": "1.5779",
            "high": "1.578",
            "low": "1.5779",
            "close": "1.5799"
        },
        {
            "time": "28.01.2021 12:06",
            "open": "1.5799",
            "high": "1.5842",
            "low": "1.5799",
            "close": "1.5842"
        },
        {
            "time": "28.01.2021 12:07",
            "open": "1.5842",
            "high": "1.5842",
            "low": "1.5842",
            "close": "1.5828"
        },
        {
            "time": "28.01.2021 12:08",
            "open": "1.5828",
            "high": "1.5828",
            "low": "1.5828",
            "close": "1.583"
        },
        {
            "time": "28.01.2021 12:09",
            "open": "1.583",
            "high": "1.5849",
            "low": "1.583",
            "close": "1.585"
        },
        {
            "time": "28.01.2021 12:10",
            "open": "1.585",
            "high": "1.585",
            "low": "1.585",
            "close": "1.5873"
        },
        {
            "time": "28.01.2021 12:11",
            "open": "1.5873",
            "high": "1.5904",
            "low": "1.5815",
            "close": "1.5859"
        },
        {
            "time": "28.01.2021 12:12",
            "open": "1.5859",
            "high": "1.586",
            "low": "1.5859",
            "close": "1.5904"
        },
        {
            "time": "28.01.2021 12:13",
            "open": "1.5904",
            "high": "1.5915",
            "low": "1.5798",
            "close": "1.5823"
        },
        {
            "time": "28.01.2021 12:14",
            "open": "1.5823",
            "high": "1.5824",
            "low": "1.5823",
            "close": "1.5851"
        },
        {
            "time": "28.01.2021 12:16",
            "open": "1.5851",
            "high": "1.5851",
            "low": "1.585",
            "close": "1.5868"
        },
        {
            "time": "28.01.2021 12:17",
            "open": "1.5868",
            "high": "1.5868",
            "low": "1.5867",
            "close": "1.5855"
        },
        {
            "time": "28.01.2021 12:21",
            "open": "1.5855",
            "high": "1.5855",
            "low": "1.5852",
            "close": "1.5864"
        },
        {
            "time": "28.01.2021 12:23",
            "open": "1.5864",
            "high": "1.5864",
            "low": "1.5864",
            "close": "1.5872"
        },
        {
            "time": "28.01.2021 12:24",
            "open": "1.5872",
            "high": "1.5872",
            "low": "1.5856",
            "close": "1.585"
        },
        {
            "time": "28.01.2021 12:25",
            "open": "1.585",
            "high": "1.585",
            "low": "1.585",
            "close": "1.5823"
        },
        {
            "time": "28.01.2021 12:26",
            "open": "1.5823",
            "high": "1.5864",
            "low": "1.5822",
            "close": "1.5816"
        },
        {
            "time": "28.01.2021 12:29",
            "open": "1.5816",
            "high": "1.5816",
            "low": "1.5684",
            "close": "1.5833"
        },
        {
            "time": "28.01.2021 12:30",
            "open": "1.5833",
            "high": "1.5865",
            "low": "1.5833",
            "close": "1.5848"
        },
        {
            "time": "28.01.2021 12:31",
            "open": "1.5848",
            "high": "1.5848",
            "low": "1.5809",
            "close": "1.585"
        },
        {
            "time": "28.01.2021 12:36",
            "open": "1.585",
            "high": "1.5865",
            "low": "1.585",
            "close": "1.59"
        },
        {
            "time": "28.01.2021 12:37",
            "open": "1.59",
            "high": "1.5931",
            "low": "1.59",
            "close": "1.5937"
        },
        {
            "time": "28.01.2021 12:38",
            "open": "1.5937",
            "high": "1.5937",
            "low": "1.5937",
            "close": "1.5929"
        },
        {
            "time": "28.01.2021 12:43",
            "open": "1.5929",
            "high": "1.5929",
            "low": "1.5929",
            "close": "1.5951"
        },
        {
            "time": "28.01.2021 12:45",
            "open": "1.5951",
            "high": "1.5951",
            "low": "1.5951",
            "close": "1.5835"
        },
        {
            "time": "28.01.2021 12:49",
            "open": "1.5835",
            "high": "1.5835",
            "low": "1.5835",
            "close": "1.5757"
        },
        {
            "time": "28.01.2021 12:51",
            "open": "1.5757",
            "high": "1.5757",
            "low": "1.5757",
            "close": "1.5803"
        },
        {
            "time": "28.01.2021 12:55",
            "open": "1.5803",
            "high": "1.5803",
            "low": "1.5803",
            "close": "1.5887"
        },
        {
            "time": "28.01.2021 12:58",
            "open": "1.5887",
            "high": "1.5887",
            "low": "1.5887",
            "close": "1.5949"
        },
        {
            "time": "28.01.2021 12:59",
            "open": "1.5949",
            "high": "1.5958",
            "low": "1.5949",
            "close": "1.6019"
        },
        {
            "time": "28.01.2021 13:00",
            "open": "1.6019",
            "high": "1.6019",
            "low": "1.6019",
            "close": "1.6009"
        },
        {
            "time": "28.01.2021 13:02",
            "open": "1.6009",
            "high": "1.6009",
            "low": "1.6007",
            "close": "1.606"
        },
        {
            "time": "28.01.2021 13:03",
            "open": "1.606",
            "high": "1.606",
            "low": "1.5968",
            "close": "1.5929"
        },
        {
            "time": "28.01.2021 13:04",
            "open": "1.5929",
            "high": "1.5956",
            "low": "1.5924",
            "close": "1.6058"
        },
        {
            "time": "28.01.2021 13:05",
            "open": "1.6058",
            "high": "1.6058",
            "low": "1.6058",
            "close": "1.6089"
        },
        {
            "time": "28.01.2021 13:06",
            "open": "1.6089",
            "high": "1.6089",
            "low": "1.6089",
            "close": "1.6022"
        },
        {
            "time": "28.01.2021 13:08",
            "open": "1.6022",
            "high": "1.6051",
            "low": "1.6022",
            "close": "1.6023"
        },
        {
            "time": "28.01.2021 13:12",
            "open": "1.6023",
            "high": "1.6023",
            "low": "1.6023",
            "close": "1.6104"
        },
        {
            "time": "28.01.2021 13:15",
            "open": "1.6104",
            "high": "1.6104",
            "low": "1.6104",
            "close": "1.6125"
        },
        {
            "time": "28.01.2021 13:17",
            "open": "1.6125",
            "high": "1.6125",
            "low": "1.6125",
            "close": "1.6049"
        },
        {
            "time": "28.01.2021 13:19",
            "open": "1.6049",
            "high": "1.6049",
            "low": "1.6049",
            "close": "1.5979"
        },
        {
            "time": "28.01.2021 13:21",
            "open": "1.5979",
            "high": "1.5979",
            "low": "1.5979",
            "close": "1.5987"
        },
        {
            "time": "28.01.2021 13:23",
            "open": "1.5987",
            "high": "1.5997",
            "low": "1.5987",
            "close": "1.5954"
        },
        {
            "time": "28.01.2021 13:24",
            "open": "1.5954",
            "high": "1.6019",
            "low": "1.5954",
            "close": "1.6015"
        },
        {
            "time": "28.01.2021 13:26",
            "open": "1.6015",
            "high": "1.6015",
            "low": "1.5923",
            "close": "1.5904"
        },
        {
            "time": "28.01.2021 13:27",
            "open": "1.5904",
            "high": "1.5904",
            "low": "1.5904",
            "close": "1.5904"
        },
        {
            "time": "28.01.2021 13:33",
            "open": "1.5904",
            "high": "1.5904",
            "low": "1.5904",
            "close": "1.5928"
        },
        {
            "time": "28.01.2021 13:37",
            "open": "1.5928",
            "high": "1.5928",
            "low": "1.5928",
            "close": "1.5865"
        },
        {
            "time": "28.01.2021 13:41",
            "open": "1.5865",
            "high": "1.5984",
            "low": "1.5865",
            "close": "1.599"
        },
        {
            "time": "28.01.2021 13:42",
            "open": "1.599",
            "high": "1.6032",
            "low": "1.5976",
            "close": "1.6"
        },
        {
            "time": "28.01.2021 13:43",
            "open": "1.6",
            "high": "1.6",
            "low": "1.6",
            "close": "1.5891"
        },
        {
            "time": "28.01.2021 13:48",
            "open": "1.5891",
            "high": "1.5891",
            "low": "1.5891",
            "close": "1.5893"
        },
        {
            "time": "28.01.2021 13:49",
            "open": "1.5893",
            "high": "1.5893",
            "low": "1.5893",
            "close": "1.5929"
        },
        {
            "time": "28.01.2021 13:53",
            "open": "1.5929",
            "high": "1.5929",
            "low": "1.5929",
            "close": "1.5928"
        },
        {
            "time": "28.01.2021 13:54",
            "open": "1.5928",
            "high": "1.5928",
            "low": "1.5928",
            "close": "1.5929"
        },
        {
            "time": "28.01.2021 13:57",
            "open": "1.5929",
            "high": "1.5929",
            "low": "1.5929",
            "close": "1.591"
        },
        {
            "time": "28.01.2021 13:59",
            "open": "1.591",
            "high": "1.591",
            "low": "1.591",
            "close": "1.5804"
        },
        {
            "time": "28.01.2021 14:05",
            "open": "1.5804",
            "high": "1.5804",
            "low": "1.5804",
            "close": "1.5799"
        },
        {
            "time": "28.01.2021 14:07",
            "open": "1.5799",
            "high": "1.5799",
            "low": "1.5799",
            "close": "1.5746"
        },
        {
            "time": "28.01.2021 14:08",
            "open": "1.5746",
            "high": "1.5746",
            "low": "1.5736",
            "close": "1.5711"
        },
        {
            "time": "28.01.2021 14:09",
            "open": "1.5711",
            "high": "1.5787",
            "low": "1.571",
            "close": "1.5827"
        },
        {
            "time": "28.01.2021 14:15",
            "open": "1.5827",
            "high": "1.5827",
            "low": "1.5827",
            "close": "1.579"
        },
        {
            "time": "28.01.2021 14:20",
            "open": "1.579",
            "high": "1.579",
            "low": "1.5775",
            "close": "1.5784"
        },
        {
            "time": "28.01.2021 14:21",
            "open": "1.5784",
            "high": "1.5802",
            "low": "1.5784",
            "close": "1.5771"
        },
        {
            "time": "28.01.2021 14:22",
            "open": "1.5771",
            "high": "1.5771",
            "low": "1.577",
            "close": "1.5838"
        },
        {
            "time": "28.01.2021 14:24",
            "open": "1.5838",
            "high": "1.5838",
            "low": "1.5838",
            "close": "1.5815"
        },
        {
            "time": "28.01.2021 14:30",
            "open": "1.5815",
            "high": "1.5815",
            "low": "1.5815",
            "close": "1.5797"
        },
        {
            "time": "28.01.2021 14:32",
            "open": "1.5797",
            "high": "1.5797",
            "low": "1.5796",
            "close": "1.583"
        },
        {
            "time": "28.01.2021 14:35",
            "open": "1.583",
            "high": "1.5836",
            "low": "1.583",
            "close": "1.588"
        },
        {
            "time": "28.01.2021 14:36",
            "open": "1.588",
            "high": "1.588",
            "low": "1.588",
            "close": "1.5912"
        },
        {
            "time": "28.01.2021 14:38",
            "open": "1.5912",
            "high": "1.5912",
            "low": "1.5912",
            "close": "1.5984"
        },
        {
            "time": "28.01.2021 14:42",
            "open": "1.5984",
            "high": "1.5984",
            "low": "1.5959",
            "close": "1.5879"
        },
        {
            "time": "28.01.2021 14:46",
            "open": "1.5879",
            "high": "1.5906",
            "low": "1.5879",
            "close": "1.5889"
        },
        {
            "time": "28.01.2021 14:47",
            "open": "1.5889",
            "high": "1.5889",
            "low": "1.5889",
            "close": "1.5899"
        },
        {
            "time": "28.01.2021 14:49",
            "open": "1.5899",
            "high": "1.5912",
            "low": "1.5889",
            "close": "1.5935"
        },
        {
            "time": "28.01.2021 14:53",
            "open": "1.5935",
            "high": "1.5935",
            "low": "1.5935",
            "close": "1.5904"
        },
        {
            "time": "28.01.2021 14:57",
            "open": "1.5904",
            "high": "1.5905",
            "low": "1.5904",
            "close": "1.5909"
        },
        {
            "time": "28.01.2021 14:59",
            "open": "1.5909",
            "high": "1.5909",
            "low": "1.5909",
            "close": "1.5968"
        },
        {
            "time": "28.01.2021 15:05",
            "open": "1.5968",
            "high": "1.5969",
            "low": "1.5968",
            "close": "1.6"
        },
        {
            "time": "28.01.2021 15:06",
            "open": "1.6",
            "high": "1.6",
            "low": "1.6",
            "close": "1.6043"
        },
        {
            "time": "28.01.2021 15:07",
            "open": "1.6043",
            "high": "1.6043",
            "low": "1.6043",
            "close": "1.6043"
        },
        {
            "time": "28.01.2021 15:08",
            "open": "1.6043",
            "high": "1.6043",
            "low": "1.6043",
            "close": "1.6029"
        },
        {
            "time": "28.01.2021 15:11",
            "open": "1.6029",
            "high": "1.6029",
            "low": "1.6016",
            "close": "1.6016"
        },
        {
            "time": "28.01.2021 15:12",
            "open": "1.6016",
            "high": "1.6016",
            "low": "1.6016",
            "close": "1.6021"
        },
        {
            "time": "28.01.2021 15:13",
            "open": "1.6021",
            "high": "1.6021",
            "low": "1.6021",
            "close": "1.5973"
        },
        {
            "time": "28.01.2021 15:14",
            "open": "1.5973",
            "high": "1.5973",
            "low": "1.5973",
            "close": "1.5929"
        },
        {
            "time": "28.01.2021 15:15",
            "open": "1.5929",
            "high": "1.5929",
            "low": "1.5929",
            "close": "1.5896"
        },
        {
            "time": "28.01.2021 15:17",
            "open": "1.5896",
            "high": "1.5896",
            "low": "1.5896",
            "close": "1.5806"
        },
        {
            "time": "28.01.2021 15:23",
            "open": "1.5806",
            "high": "1.5806",
            "low": "1.5806",
            "close": "1.5819"
        },
        {
            "time": "28.01.2021 15:24",
            "open": "1.5819",
            "high": "1.5826",
            "low": "1.5819",
            "close": "1.5924"
        },
        {
            "time": "28.01.2021 15:27",
            "open": "1.5924",
            "high": "1.5924",
            "low": "1.5888",
            "close": "1.5878"
        },
        {
            "time": "28.01.2021 15:32",
            "open": "1.5878",
            "high": "1.5878",
            "low": "1.5878",
            "close": "1.5827"
        },
        {
            "time": "28.01.2021 15:34",
            "open": "1.5827",
            "high": "1.5827",
            "low": "1.5827",
            "close": "1.5864"
        },
        {
            "time": "28.01.2021 15:35",
            "open": "1.5864",
            "high": "1.5864",
            "low": "1.5864",
            "close": "1.582"
        },
        {
            "time": "28.01.2021 15:45",
            "open": "1.582",
            "high": "1.582",
            "low": "1.5819",
            "close": "1.5877"
        },
        {
            "time": "28.01.2021 15:47",
            "open": "1.5877",
            "high": "1.5878",
            "low": "1.5877",
            "close": "1.5875"
        },
        {
            "time": "28.01.2021 15:51",
            "open": "1.5875",
            "high": "1.5882",
            "low": "1.5875",
            "close": "1.5882"
        },
        {
            "time": "28.01.2021 15:52",
            "open": "1.5882",
            "high": "1.5882",
            "low": "1.5882",
            "close": "1.5878"
        },
        {
            "time": "28.01.2021 15:53",
            "open": "1.5878",
            "high": "1.5878",
            "low": "1.5858",
            "close": "1.5856"
        },
        {
            "time": "28.01.2021 15:54",
            "open": "1.5856",
            "high": "1.5856",
            "low": "1.5856",
            "close": "1.5856"
        },
        {
            "time": "28.01.2021 15:56",
            "open": "1.5856",
            "high": "1.5856",
            "low": "1.5856",
            "close": "1.5899"
        },
        {
            "time": "28.01.2021 16:04",
            "open": "1.5899",
            "high": "1.59",
            "low": "1.5899",
            "close": "1.5871"
        },
        {
            "time": "28.01.2021 16:08",
            "open": "1.5871",
            "high": "1.5871",
            "low": "1.5871",
            "close": "1.5871"
        },
        {
            "time": "28.01.2021 16:09",
            "open": "1.5871",
            "high": "1.5871",
            "low": "1.579",
            "close": "1.5819"
        },
        {
            "time": "28.01.2021 16:10",
            "open": "1.5819",
            "high": "1.5819",
            "low": "1.5819",
            "close": "1.5752"
        },
        {
            "time": "28.01.2021 16:14",
            "open": "1.5752",
            "high": "1.5752",
            "low": "1.5752",
            "close": "1.5825"
        },
        {
            "time": "28.01.2021 16:20",
            "open": "1.5825",
            "high": "1.5825",
            "low": "1.5822",
            "close": "1.5695"
        },
        {
            "time": "28.01.2021 16:27",
            "open": "1.5695",
            "high": "1.5695",
            "low": "1.5673",
            "close": "1.5793"
        },
        {
            "time": "28.01.2021 16:32",
            "open": "1.5793",
            "high": "1.5793",
            "low": "1.5756",
            "close": "1.5754"
        },
        {
            "time": "28.01.2021 16:43",
            "open": "1.5754",
            "high": "1.5754",
            "low": "1.5749",
            "close": "1.5665"
        },
        {
            "time": "28.01.2021 16:48",
            "open": "1.5665",
            "high": "1.5665",
            "low": "1.5665",
            "close": "1.573"
        },
        {
            "time": "28.01.2021 16:49",
            "open": "1.573",
            "high": "1.573",
            "low": "1.573",
            "close": "1.5702"
        },
        {
            "time": "28.01.2021 16:53",
            "open": "1.5702",
            "high": "1.5724",
            "low": "1.5702",
            "close": "1.5758"
        },
        {
            "time": "28.01.2021 16:56",
            "open": "1.5758",
            "high": "1.5778",
            "low": "1.5758",
            "close": "1.5745"
        },
        {
            "time": "28.01.2021 16:57",
            "open": "1.5745",
            "high": "1.5745",
            "low": "1.5745",
            "close": "1.5767"
        },
        {
            "time": "28.01.2021 16:59",
            "open": "1.5767",
            "high": "1.5767",
            "low": "1.5767",
            "close": "1.5743"
        },
        {
            "time": "28.01.2021 17:00",
            "open": "1.5743",
            "high": "1.5746",
            "low": "1.5743",
            "close": "1.5765"
        },
        {
            "time": "28.01.2021 17:01",
            "open": "1.5765",
            "high": "1.585",
            "low": "1.5765",
            "close": "1.5827"
        },
        {
            "time": "28.01.2021 17:02",
            "open": "1.5827",
            "high": "1.5832",
            "low": "1.5827",
            "close": "1.5808"
        },
        {
            "time": "28.01.2021 17:07",
            "open": "1.5808",
            "high": "1.5867",
            "low": "1.5808",
            "close": "1.582"
        },
        {
            "time": "28.01.2021 17:09",
            "open": "1.582",
            "high": "1.582",
            "low": "1.582",
            "close": "1.5825"
        },
        {
            "time": "28.01.2021 17:10",
            "open": "1.5825",
            "high": "1.5825",
            "low": "1.5796",
            "close": "1.5773"
        },
        {
            "time": "28.01.2021 17:11",
            "open": "1.5773",
            "high": "1.5774",
            "low": "1.5773",
            "close": "1.5657"
        },
        {
            "time": "28.01.2021 17:21",
            "open": "1.5657",
            "high": "1.5657",
            "low": "1.5657",
            "close": "1.5676"
        },
        {
            "time": "28.01.2021 17:22",
            "open": "1.5676",
            "high": "1.5676",
            "low": "1.5676",
            "close": "1.5628"
        },
        {
            "time": "28.01.2021 17:23",
            "open": "1.5628",
            "high": "1.5628",
            "low": "1.5628",
            "close": "1.5676"
        },
        {
            "time": "28.01.2021 17:25",
            "open": "1.5676",
            "high": "1.5676",
            "low": "1.5676",
            "close": "1.5697"
        },
        {
            "time": "28.01.2021 17:27",
            "open": "1.5697",
            "high": "1.5697",
            "low": "1.5697",
            "close": "1.5719"
        },
        {
            "time": "28.01.2021 17:31",
            "open": "1.5719",
            "high": "1.5719",
            "low": "1.5719",
            "close": "1.5769"
        },
        {
            "time": "28.01.2021 17:36",
            "open": "1.5769",
            "high": "1.5769",
            "low": "1.5769",
            "close": "1.5751"
        },
        {
            "time": "28.01.2021 17:40",
            "open": "1.5751",
            "high": "1.5751",
            "low": "1.575",
            "close": "1.5741"
        },
        {
            "time": "28.01.2021 17:42",
            "open": "1.5741",
            "high": "1.5741",
            "low": "1.5741",
            "close": "1.5733"
        },
        {
            "time": "28.01.2021 17:47",
            "open": "1.5733",
            "high": "1.5738",
            "low": "1.5733",
            "close": "1.577"
        },
        {
            "time": "28.01.2021 17:49",
            "open": "1.577",
            "high": "1.577",
            "low": "1.577",
            "close": "1.5811"
        },
        {
            "time": "28.01.2021 17:53",
            "open": "1.5811",
            "high": "1.5811",
            "low": "1.5811",
            "close": "1.5836"
        },
        {
            "time": "28.01.2021 17:59",
            "open": "1.5836",
            "high": "1.5836",
            "low": "1.5836",
            "close": "1.5805"
        },
        {
            "time": "28.01.2021 18:00",
            "open": "1.5805",
            "high": "1.5805",
            "low": "1.58",
            "close": "1.5753"
        },
        {
            "time": "28.01.2021 18:11",
            "open": "1.5753",
            "high": "1.5753",
            "low": "1.5753",
            "close": "1.57"
        },
        {
            "time": "28.01.2021 18:12",
            "open": "1.57",
            "high": "1.57",
            "low": "1.57",
            "close": "1.564"
        },
        {
            "time": "28.01.2021 18:16",
            "open": "1.564",
            "high": "1.564",
            "low": "1.564",
            "close": "1.5714"
        },
        {
            "time": "28.01.2021 18:24",
            "open": "1.5714",
            "high": "1.5714",
            "low": "1.5714",
            "close": "1.5671"
        },
        {
            "time": "28.01.2021 18:27",
            "open": "1.5671",
            "high": "1.5671",
            "low": "1.5671",
            "close": "1.5742"
        },
        {
            "time": "28.01.2021 18:36",
            "open": "1.5742",
            "high": "1.5742",
            "low": "1.5735",
            "close": "1.5822"
        },
        {
            "time": "28.01.2021 18:37",
            "open": "1.5822",
            "high": "1.5822",
            "low": "1.5813",
            "close": "1.5781"
        },
        {
            "time": "28.01.2021 18:38",
            "open": "1.5781",
            "high": "1.5781",
            "low": "1.5781",
            "close": "1.578"
        },
        {
            "time": "28.01.2021 18:39",
            "open": "1.578",
            "high": "1.578",
            "low": "1.578",
            "close": "1.5707"
        },
        {
            "time": "28.01.2021 18:44",
            "open": "1.5707",
            "high": "1.5707",
            "low": "1.5707",
            "close": "1.5685"
        },
        {
            "time": "28.01.2021 19:00",
            "open": "1.5685",
            "high": "1.5685",
            "low": "1.5685",
            "close": "1.569"
        },
        {
            "time": "28.01.2021 19:01",
            "open": "1.569",
            "high": "1.572",
            "low": "1.569",
            "close": "1.577"
        },
        {
            "time": "28.01.2021 19:04",
            "open": "1.577",
            "high": "1.5802",
            "low": "1.577",
            "close": "1.5833"
        },
        {
            "time": "28.01.2021 19:05",
            "open": "1.5833",
            "high": "1.5833",
            "low": "1.5833",
            "close": "1.5833"
        },
        {
            "time": "28.01.2021 19:06",
            "open": "1.5833",
            "high": "1.5833",
            "low": "1.5833",
            "close": "1.5833"
        },
        {
            "time": "28.01.2021 19:07",
            "open": "1.5833",
            "high": "1.5833",
            "low": "1.5805",
            "close": "1.5742"
        },
        {
            "time": "28.01.2021 19:09",
            "open": "1.5742",
            "high": "1.5742",
            "low": "1.5742",
            "close": "1.5689"
        },
        {
            "time": "28.01.2021 19:13",
            "open": "1.5689",
            "high": "1.5689",
            "low": "1.5689",
            "close": "1.5727"
        },
        {
            "time": "28.01.2021 19:16",
            "open": "1.5727",
            "high": "1.5727",
            "low": "1.5727",
            "close": "1.5668"
        },
        {
            "time": "28.01.2021 19:19",
            "open": "1.5668",
            "high": "1.5673",
            "low": "1.5668",
            "close": "1.5712"
        },
        {
            "time": "28.01.2021 19:23",
            "open": "1.5712",
            "high": "1.5725",
            "low": "1.5712",
            "close": "1.5787"
        },
        {
            "time": "28.01.2021 19:31",
            "open": "1.5787",
            "high": "1.5787",
            "low": "1.5787",
            "close": "1.5795"
        },
        {
            "time": "28.01.2021 19:32",
            "open": "1.5795",
            "high": "1.5795",
            "low": "1.5795",
            "close": "1.5675"
        },
        {
            "time": "28.01.2021 19:43",
            "open": "1.5675",
            "high": "1.5675",
            "low": "1.5675",
            "close": "1.5822"
        },
        {
            "time": "28.01.2021 19:55",
            "open": "1.5822",
            "high": "1.5822",
            "low": "1.5822",
            "close": "1.5743"
        },
        {
            "time": "28.01.2021 20:00",
            "open": "1.5743",
            "high": "1.5776",
            "low": "1.5743",
            "close": "1.5762"
        },
        {
            "time": "28.01.2021 20:08",
            "open": "1.5762",
            "high": "1.5762",
            "low": "1.5762",
            "close": "1.5685"
        },
        {
            "time": "28.01.2021 20:24",
            "open": "1.5685",
            "high": "1.5685",
            "low": "1.5685",
            "close": "1.5853"
        },
        {
            "time": "28.01.2021 20:39",
            "open": "1.5853",
            "high": "1.5854",
            "low": "1.5827",
            "close": "1.5867"
        },
        {
            "time": "28.01.2021 20:40",
            "open": "1.5867",
            "high": "1.5867",
            "low": "1.5867",
            "close": "1.5799"
        },
        {
            "time": "28.01.2021 20:43",
            "open": "1.5799",
            "high": "1.58",
            "low": "1.5799",
            "close": "1.5751"
        },
        {
            "time": "28.01.2021 20:45",
            "open": "1.5751",
            "high": "1.5751",
            "low": "1.5749",
            "close": "1.5733"
        },
        {
            "time": "28.01.2021 20:47",
            "open": "1.5733",
            "high": "1.5733",
            "low": "1.5733",
            "close": "1.5755"
        },
        {
            "time": "28.01.2021 20:48",
            "open": "1.5755",
            "high": "1.5755",
            "low": "1.5755",
            "close": "1.5779"
        },
        {
            "time": "28.01.2021 20:50",
            "open": "1.5779",
            "high": "1.5779",
            "low": "1.5779",
            "close": "1.5804"
        },
        {
            "time": "28.01.2021 20:51",
            "open": "1.5804",
            "high": "1.5804",
            "low": "1.5804",
            "close": "1.579"
        },
        {
            "time": "28.01.2021 20:53",
            "open": "1.579",
            "high": "1.579",
            "low": "1.579",
            "close": "1.579"
        },
        {
            "time": "28.01.2021 21:03",
            "open": "1.579",
            "high": "1.579",
            "low": "1.579",
            "close": "1.579"
        },
        {
            "time": "28.01.2021 21:04",
            "open": "1.579",
            "high": "1.579",
            "low": "1.579",
            "close": "1.5893"
        },
        {
            "time": "28.01.2021 21:22",
            "open": "1.5893",
            "high": "1.5935",
            "low": "1.5893",
            "close": "1.5982"
        },
        {
            "time": "28.01.2021 21:23",
            "open": "1.5982",
            "high": "1.6",
            "low": "1.5982",
            "close": "1.6075"
        },
        {
            "time": "28.01.2021 21:26",
            "open": "1.6075",
            "high": "1.6107",
            "low": "1.6075",
            "close": "1.605"
        },
        {
            "time": "28.01.2021 21:27",
            "open": "1.605",
            "high": "1.605",
            "low": "1.6049",
            "close": "1.6082"
        },
        {
            "time": "28.01.2021 21:28",
            "open": "1.6082",
            "high": "1.6082",
            "low": "1.6082",
            "close": "1.6036"
        },
        {
            "time": "28.01.2021 21:29",
            "open": "1.6036",
            "high": "1.6043",
            "low": "1.6032",
            "close": "1.5948"
        },
        {
            "time": "28.01.2021 21:31",
            "open": "1.5948",
            "high": "1.5992",
            "low": "1.5948",
            "close": "1.6081"
        },
        {
            "time": "28.01.2021 21:32",
            "open": "1.6081",
            "high": "1.6113",
            "low": "1.6081",
            "close": "1.6092"
        },
        {
            "time": "28.01.2021 21:35",
            "open": "1.6092",
            "high": "1.61",
            "low": "1.6091",
            "close": "1.6078"
        },
        {
            "time": "28.01.2021 21:36",
            "open": "1.6078",
            "high": "1.6078",
            "low": "1.6078",
            "close": "1.6023"
        },
        {
            "time": "28.01.2021 21:37",
            "open": "1.6023",
            "high": "1.6023",
            "low": "1.6022",
            "close": "1.6031"
        },
        {
            "time": "28.01.2021 21:40",
            "open": "1.6031",
            "high": "1.6031",
            "low": "1.6031",
            "close": "1.5973"
        },
        {
            "time": "28.01.2021 21:43",
            "open": "1.5973",
            "high": "1.6015",
            "low": "1.5973",
            "close": "1.5956"
        },
        {
            "time": "28.01.2021 21:45",
            "open": "1.5956",
            "high": "1.5956",
            "low": "1.5956",
            "close": "1.5942"
        },
        {
            "time": "28.01.2021 21:47",
            "open": "1.5942",
            "high": "1.5942",
            "low": "1.5893",
            "close": "1.5981"
        },
        {
            "time": "28.01.2021 21:51",
            "open": "1.5981",
            "high": "1.6",
            "low": "1.5981",
            "close": "1.6042"
        },
        {
            "time": "28.01.2021 21:58",
            "open": "1.6042",
            "high": "1.6042",
            "low": "1.6042",
            "close": "1.6081"
        },
        {
            "time": "28.01.2021 22:02",
            "open": "1.6081",
            "high": "1.6081",
            "low": "1.6081",
            "close": "1.6054"
        },
        {
            "time": "28.01.2021 22:03",
            "open": "1.6054",
            "high": "1.6054",
            "low": "1.6054",
            "close": "1.6076"
        },
        {
            "time": "28.01.2021 22:06",
            "open": "1.6076",
            "high": "1.6076",
            "low": "1.6076",
            "close": "1.604"
        },
        {
            "time": "28.01.2021 22:07",
            "open": "1.604",
            "high": "1.604",
            "low": "1.604",
            "close": "1.6047"
        },
        {
            "time": "28.01.2021 22:09",
            "open": "1.6047",
            "high": "1.6047",
            "low": "1.6047",
            "close": "1.6078"
        },
        {
            "time": "28.01.2021 22:14",
            "open": "1.6078",
            "high": "1.6094",
            "low": "1.6078",
            "close": "1.6113"
        },
        {
            "time": "28.01.2021 22:16",
            "open": "1.6113",
            "high": "1.6139",
            "low": "1.6113",
            "close": "1.6128"
        },
        {
            "time": "28.01.2021 22:17",
            "open": "1.6128",
            "high": "1.6145",
            "low": "1.6128",
            "close": "1.6171"
        },
        {
            "time": "28.01.2021 22:19",
            "open": "1.6171",
            "high": "1.6171",
            "low": "1.6171",
            "close": "1.6171"
        },
        {
            "time": "28.01.2021 22:20",
            "open": "1.6171",
            "high": "1.6181",
            "low": "1.6171",
            "close": "1.6187"
        },
        {
            "time": "28.01.2021 22:22",
            "open": "1.6187",
            "high": "1.6187",
            "low": "1.6187",
            "close": "1.62"
        },
        {
            "time": "28.01.2021 22:23",
            "open": "1.62",
            "high": "1.6232",
            "low": "1.62",
            "close": "1.6214"
        },
        {
            "time": "28.01.2021 22:25",
            "open": "1.6214",
            "high": "1.6214",
            "low": "1.6214",
            "close": "1.6234"
        },
        {
            "time": "28.01.2021 22:30",
            "open": "1.6234",
            "high": "1.6234",
            "low": "1.6234",
            "close": "1.6224"
        },
        {
            "time": "28.01.2021 22:32",
            "open": "1.6224",
            "high": "1.6224",
            "low": "1.6224",
            "close": "1.6148"
        },
        {
            "time": "28.01.2021 22:34",
            "open": "1.6148",
            "high": "1.6148",
            "low": "1.6126",
            "close": "1.6147"
        },
        {
            "time": "28.01.2021 22:38",
            "open": "1.6147",
            "high": "1.6147",
            "low": "1.6147",
            "close": "1.6123"
        },
        {
            "time": "28.01.2021 22:42",
            "open": "1.6123",
            "high": "1.6123",
            "low": "1.6123",
            "close": "1.6114"
        },
        {
            "time": "28.01.2021 22:45",
            "open": "1.6114",
            "high": "1.6118",
            "low": "1.6114",
            "close": "1.6184"
        },
        {
            "time": "28.01.2021 22:46",
            "open": "1.6184",
            "high": "1.6186",
            "low": "1.6184",
            "close": "1.6137"
        },
        {
            "time": "28.01.2021 22:47",
            "open": "1.6137",
            "high": "1.6137",
            "low": "1.6137",
            "close": "1.62"
        },
        {
            "time": "28.01.2021 22:48",
            "open": "1.62",
            "high": "1.62",
            "low": "1.62",
            "close": "1.62"
        },
        {
            "time": "28.01.2021 22:49",
            "open": "1.62",
            "high": "1.62",
            "low": "1.62",
            "close": "1.62"
        },
        {
            "time": "28.01.2021 22:52",
            "open": "1.62",
            "high": "1.6214",
            "low": "1.6173",
            "close": "1.6222"
        },
        {
            "time": "28.01.2021 22:54",
            "open": "1.6222",
            "high": "1.6222",
            "low": "1.6222",
            "close": "1.619"
        },
        {
            "time": "28.01.2021 23:00",
            "open": "1.619",
            "high": "1.619",
            "low": "1.619",
            "close": "1.6222"
        },
        {
            "time": "28.01.2021 23:01",
            "open": "1.6222",
            "high": "1.6222",
            "low": "1.6222",
            "close": "1.6211"
        },
        {
            "time": "28.01.2021 23:02",
            "open": "1.6211",
            "high": "1.6211",
            "low": "1.6211",
            "close": "1.6222"
        },
        {
            "time": "28.01.2021 23:03",
            "open": "1.6222",
            "high": "1.6258",
            "low": "1.6222",
            "close": "1.6216"
        },
        {
            "time": "28.01.2021 23:05",
            "open": "1.6216",
            "high": "1.6219",
            "low": "1.6216",
            "close": "1.6192"
        },
        {
            "time": "28.01.2021 23:07",
            "open": "1.6192",
            "high": "1.6192",
            "low": "1.6192",
            "close": "1.6199"
        },
        {
            "time": "28.01.2021 23:08",
            "open": "1.6199",
            "high": "1.6199",
            "low": "1.6199",
            "close": "1.6198"
        },
        {
            "time": "28.01.2021 23:10",
            "open": "1.6198",
            "high": "1.6198",
            "low": "1.6162",
            "close": "1.6229"
        },
        {
            "time": "28.01.2021 23:12",
            "open": "1.6229",
            "high": "1.6229",
            "low": "1.6229",
            "close": "1.6187"
        },
        {
            "time": "28.01.2021 23:13",
            "open": "1.6187",
            "high": "1.6187",
            "low": "1.6187",
            "close": "1.6188"
        },
        {
            "time": "28.01.2021 23:14",
            "open": "1.6188",
            "high": "1.6188",
            "low": "1.6182",
            "close": "1.6228"
        },
        {
            "time": "28.01.2021 23:18",
            "open": "1.6228",
            "high": "1.6228",
            "low": "1.6228",
            "close": "1.6228"
        },
        {
            "time": "28.01.2021 23:19",
            "open": "1.6228",
            "high": "1.623",
            "low": "1.6228",
            "close": "1.6219"
        },
        {
            "time": "28.01.2021 23:20",
            "open": "1.6219",
            "high": "1.6219",
            "low": "1.6215",
            "close": "1.6267"
        },
        {
            "time": "28.01.2021 23:23",
            "open": "1.6267",
            "high": "1.6338",
            "low": "1.6267",
            "close": "1.6318"
        },
        {
            "time": "28.01.2021 23:24",
            "open": "1.6318",
            "high": "1.6318",
            "low": "1.6318",
            "close": "1.6276"
        },
        {
            "time": "28.01.2021 23:26",
            "open": "1.6276",
            "high": "1.6276",
            "low": "1.6276",
            "close": "1.6334"
        },
        {
            "time": "28.01.2021 23:29",
            "open": "1.6334",
            "high": "1.6334",
            "low": "1.6334",
            "close": "1.6277"
        },
        {
            "time": "28.01.2021 23:30",
            "open": "1.6277",
            "high": "1.6277",
            "low": "1.6277",
            "close": "1.6323"
        },
        {
            "time": "28.01.2021 23:31",
            "open": "1.6323",
            "high": "1.6323",
            "low": "1.6323",
            "close": "1.6322"
        },
        {
            "time": "28.01.2021 23:33",
            "open": "1.6322",
            "high": "1.6322",
            "low": "1.6322",
            "close": "1.6317"
        },
        {
            "time": "28.01.2021 23:34",
            "open": "1.6317",
            "high": "1.6317",
            "low": "1.6317",
            "close": "1.6338"
        },
        {
            "time": "28.01.2021 23:38",
            "open": "1.6338",
            "high": "1.6338",
            "low": "1.6293",
            "close": "1.6259"
        },
        {
            "time": "28.01.2021 23:43",
            "open": "1.6259",
            "high": "1.6259",
            "low": "1.6259",
            "close": "1.6275"
        },
        {
            "time": "28.01.2021 23:47",
            "open": "1.6275",
            "high": "1.6275",
            "low": "1.6275",
            "close": "1.6202"
        },
        {
            "time": "28.01.2021 23:50",
            "open": "1.6202",
            "high": "1.6202",
            "low": "1.6202",
            "close": "1.6226"
        },
        {
            "time": "28.01.2021 23:54",
            "open": "1.6226",
            "high": "1.627",
            "low": "1.6226",
            "close": "1.6204"
        },
        {
            "time": "28.01.2021 23:55",
            "open": "1.6204",
            "high": "1.6204",
            "low": "1.6204",
            "close": "1.621"
        }
    ]
}