{
    "BNT-EUR": [
        {
            "time": "26.02.2021 23:52",
            "open": "4.0431",
            "high": "4.0495",
            "low": "4.0431",
            "close": "4.0201"
        },
        {
            "time": "27.02.2021 00:02",
            "open": "4.0201",
            "high": "4.0201",
            "low": "4.0201",
            "close": "4.0418"
        },
        {
            "time": "27.02.2021 00:05",
            "open": "4.0418",
            "high": "4.0418",
            "low": "4.0415",
            "close": "4.0711"
        },
        {
            "time": "27.02.2021 00:10",
            "open": "4.0711",
            "high": "4.0711",
            "low": "4.0711",
            "close": "4.0815"
        },
        {
            "time": "27.02.2021 00:12",
            "open": "4.0815",
            "high": "4.0839",
            "low": "4.0815",
            "close": "4.0711"
        },
        {
            "time": "27.02.2021 00:13",
            "open": "4.0711",
            "high": "4.0711",
            "low": "4.0711",
            "close": "4.063"
        },
        {
            "time": "27.02.2021 00:14",
            "open": "4.063",
            "high": "4.063",
            "low": "4.063",
            "close": "4.0686"
        },
        {
            "time": "27.02.2021 00:16",
            "open": "4.0686",
            "high": "4.0686",
            "low": "4.0686",
            "close": "4.0563"
        },
        {
            "time": "27.02.2021 00:25",
            "open": "4.0563",
            "high": "4.0768",
            "low": "4.0563",
            "close": "4.076"
        },
        {
            "time": "27.02.2021 00:48",
            "open": "4.076",
            "high": "4.0761",
            "low": "4.076",
            "close": "4.0713"
        },
        {
            "time": "27.02.2021 00:49",
            "open": "4.0713",
            "high": "4.0713",
            "low": "4.0713",
            "close": "4.0658"
        },
        {
            "time": "27.02.2021 00:50",
            "open": "4.0658",
            "high": "4.0658",
            "low": "4.0658",
            "close": "4.0999"
        },
        {
            "time": "27.02.2021 01:04",
            "open": "4.0999",
            "high": "4.1",
            "low": "4.0894",
            "close": "4.1082"
        },
        {
            "time": "27.02.2021 01:06",
            "open": "4.1082",
            "high": "4.1082",
            "low": "4.1082",
            "close": "4.1182"
        },
        {
            "time": "27.02.2021 01:07",
            "open": "4.1182",
            "high": "4.1182",
            "low": "4.1182",
            "close": "4.1182"
        },
        {
            "time": "27.02.2021 01:08",
            "open": "4.1182",
            "high": "4.1249",
            "low": "4.1182",
            "close": "4.1249"
        },
        {
            "time": "27.02.2021 01:09",
            "open": "4.1249",
            "high": "4.1249",
            "low": "4.1249",
            "close": "4.1368"
        },
        {
            "time": "27.02.2021 01:10",
            "open": "4.1368",
            "high": "4.1368",
            "low": "4.1368",
            "close": "4.1368"
        },
        {
            "time": "27.02.2021 01:11",
            "open": "4.1368",
            "high": "4.1473",
            "low": "4.1368",
            "close": "4.1221"
        },
        {
            "time": "27.02.2021 01:13",
            "open": "4.1221",
            "high": "4.1221",
            "low": "4.122",
            "close": "4.1215"
        },
        {
            "time": "27.02.2021 01:22",
            "open": "4.1215",
            "high": "4.1215",
            "low": "4.1215",
            "close": "4.1553"
        },
        {
            "time": "27.02.2021 01:27",
            "open": "4.1553",
            "high": "4.1553",
            "low": "4.1553",
            "close": "4.1522"
        },
        {
            "time": "27.02.2021 01:33",
            "open": "4.1522",
            "high": "4.1576",
            "low": "4.1522",
            "close": "4.1576"
        },
        {
            "time": "27.02.2021 01:34",
            "open": "4.1576",
            "high": "4.16",
            "low": "4.1576",
            "close": "4.1691"
        },
        {
            "time": "27.02.2021 01:35",
            "open": "4.1691",
            "high": "4.1739",
            "low": "4.1691",
            "close": "4.1739"
        },
        {
            "time": "27.02.2021 01:36",
            "open": "4.1739",
            "high": "4.1739",
            "low": "4.1739",
            "close": "4.1927"
        },
        {
            "time": "27.02.2021 01:40",
            "open": "4.1927",
            "high": "4.1927",
            "low": "4.1891",
            "close": "4.1852"
        },
        {
            "time": "27.02.2021 01:41",
            "open": "4.1852",
            "high": "4.1852",
            "low": "4.1595",
            "close": "4.166"
        },
        {
            "time": "27.02.2021 01:42",
            "open": "4.166",
            "high": "4.166",
            "low": "4.1644",
            "close": "4.1564"
        },
        {
            "time": "27.02.2021 01:48",
            "open": "4.1564",
            "high": "4.1564",
            "low": "4.1564",
            "close": "4.1792"
        },
        {
            "time": "27.02.2021 01:53",
            "open": "4.1792",
            "high": "4.1792",
            "low": "4.1792",
            "close": "4.1781"
        },
        {
            "time": "27.02.2021 01:58",
            "open": "4.1781",
            "high": "4.1781",
            "low": "4.1775",
            "close": "4.18"
        },
        {
            "time": "27.02.2021 01:59",
            "open": "4.18",
            "high": "4.18",
            "low": "4.18",
            "close": "4.143"
        },
        {
            "time": "27.02.2021 02:19",
            "open": "4.143",
            "high": "4.143",
            "low": "4.1429",
            "close": "4.1414"
        },
        {
            "time": "27.02.2021 02:21",
            "open": "4.1414",
            "high": "4.1566",
            "low": "4.1414",
            "close": "4.1816"
        },
        {
            "time": "27.02.2021 02:30",
            "open": "4.1816",
            "high": "4.1816",
            "low": "4.1816",
            "close": "4.1721"
        },
        {
            "time": "27.02.2021 02:34",
            "open": "4.1721",
            "high": "4.1721",
            "low": "4.1708",
            "close": "4.1879"
        },
        {
            "time": "27.02.2021 02:53",
            "open": "4.1879",
            "high": "4.1879",
            "low": "4.1879",
            "close": "4.176"
        },
        {
            "time": "27.02.2021 03:01",
            "open": "4.176",
            "high": "4.176",
            "low": "4.176",
            "close": "4.1772"
        },
        {
            "time": "27.02.2021 03:04",
            "open": "4.1772",
            "high": "4.1772",
            "low": "4.1772",
            "close": "4.1678"
        },
        {
            "time": "27.02.2021 03:13",
            "open": "4.1678",
            "high": "4.1678",
            "low": "4.1678",
            "close": "4.1783"
        },
        {
            "time": "27.02.2021 03:18",
            "open": "4.1783",
            "high": "4.1783",
            "low": "4.1783",
            "close": "4.1857"
        },
        {
            "time": "27.02.2021 03:30",
            "open": "4.1857",
            "high": "4.1898",
            "low": "4.1857",
            "close": "4.1927"
        },
        {
            "time": "27.02.2021 03:32",
            "open": "4.1927",
            "high": "4.1949",
            "low": "4.1927",
            "close": "4.1563"
        },
        {
            "time": "27.02.2021 03:49",
            "open": "4.1563",
            "high": "4.1563",
            "low": "4.1563",
            "close": "4.1498"
        },
        {
            "time": "27.02.2021 03:52",
            "open": "4.1498",
            "high": "4.1498",
            "low": "4.1442",
            "close": "4.1378"
        },
        {
            "time": "27.02.2021 03:54",
            "open": "4.1378",
            "high": "4.1379",
            "low": "4.1328",
            "close": "4.1326"
        },
        {
            "time": "27.02.2021 03:55",
            "open": "4.1326",
            "high": "4.1326",
            "low": "4.1326",
            "close": "4.1326"
        },
        {
            "time": "27.02.2021 04:03",
            "open": "4.1326",
            "high": "4.1326",
            "low": "4.1326",
            "close": "4.1369"
        },
        {
            "time": "27.02.2021 04:08",
            "open": "4.1368",
            "high": "4.1368",
            "low": "4.1368",
            "close": "4.15"
        },
        {
            "time": "27.02.2021 04:13",
            "open": "4.15",
            "high": "4.15",
            "low": "4.15",
            "close": "4.157"
        },
        {
            "time": "27.02.2021 04:59",
            "open": "4.157",
            "high": "4.157",
            "low": "4.157",
            "close": "4.1356"
        },
        {
            "time": "27.02.2021 05:10",
            "open": "4.1356",
            "high": "4.1356",
            "low": "4.1356",
            "close": "4.1351"
        },
        {
            "time": "27.02.2021 05:14",
            "open": "4.1351",
            "high": "4.1351",
            "low": "4.1351",
            "close": "4.1513"
        },
        {
            "time": "27.02.2021 05:31",
            "open": "4.1513",
            "high": "4.1514",
            "low": "4.1513",
            "close": "4.1418"
        },
        {
            "time": "27.02.2021 05:33",
            "open": "4.1418",
            "high": "4.1418",
            "low": "4.1416",
            "close": "4.1568"
        },
        {
            "time": "27.02.2021 06:06",
            "open": "4.1568",
            "high": "4.1568",
            "low": "4.1568",
            "close": "4.167"
        },
        {
            "time": "27.02.2021 06:07",
            "open": "4.167",
            "high": "4.167",
            "low": "4.167",
            "close": "4.1595"
        },
        {
            "time": "27.02.2021 06:13",
            "open": "4.1595",
            "high": "4.1595",
            "low": "4.1595",
            "close": "4.1705"
        },
        {
            "time": "27.02.2021 06:15",
            "open": "4.1705",
            "high": "4.1705",
            "low": "4.1705",
            "close": "4.1697"
        },
        {
            "time": "27.02.2021 06:16",
            "open": "4.1697",
            "high": "4.1697",
            "low": "4.1697",
            "close": "4.1449"
        },
        {
            "time": "27.02.2021 06:26",
            "open": "4.1449",
            "high": "4.1449",
            "low": "4.1449",
            "close": "4.1886"
        },
        {
            "time": "27.02.2021 07:02",
            "open": "4.1886",
            "high": "4.1886",
            "low": "4.1886",
            "close": "4.1886"
        },
        {
            "time": "27.02.2021 07:05",
            "open": "4.1886",
            "high": "4.1886",
            "low": "4.1886",
            "close": "4.183"
        },
        {
            "time": "27.02.2021 07:09",
            "open": "4.183",
            "high": "4.183",
            "low": "4.183",
            "close": "4.1778"
        },
        {
            "time": "27.02.2021 07:13",
            "open": "4.1778",
            "high": "4.1779",
            "low": "4.1778",
            "close": "4.1889"
        },
        {
            "time": "27.02.2021 07:15",
            "open": "4.1889",
            "high": "4.189",
            "low": "4.1889",
            "close": "4.1927"
        },
        {
            "time": "27.02.2021 07:21",
            "open": "4.1927",
            "high": "4.1938",
            "low": "4.1927",
            "close": "4.2008"
        },
        {
            "time": "27.02.2021 07:28",
            "open": "4.2008",
            "high": "4.2061",
            "low": "4.2008",
            "close": "4.2"
        },
        {
            "time": "27.02.2021 07:29",
            "open": "4.2",
            "high": "4.2",
            "low": "4.2",
            "close": "4.1994"
        },
        {
            "time": "27.02.2021 07:31",
            "open": "4.1994",
            "high": "4.1995",
            "low": "4.1994",
            "close": "4.1895"
        },
        {
            "time": "27.02.2021 07:33",
            "open": "4.1895",
            "high": "4.2018",
            "low": "4.1825",
            "close": "4.2115"
        },
        {
            "time": "27.02.2021 07:35",
            "open": "4.2115",
            "high": "4.2208",
            "low": "4.2115",
            "close": "4.2155"
        },
        {
            "time": "27.02.2021 07:36",
            "open": "4.2155",
            "high": "4.2161",
            "low": "4.2155",
            "close": "4.2228"
        },
        {
            "time": "27.02.2021 07:40",
            "open": "4.2228",
            "high": "4.2228",
            "low": "4.2228",
            "close": "4.2227"
        },
        {
            "time": "27.02.2021 07:41",
            "open": "4.2227",
            "high": "4.2303",
            "low": "4.2227",
            "close": "4.2302"
        },
        {
            "time": "27.02.2021 07:42",
            "open": "4.2302",
            "high": "4.2303",
            "low": "4.2302",
            "close": "4.2348"
        },
        {
            "time": "27.02.2021 07:43",
            "open": "4.2348",
            "high": "4.235",
            "low": "4.2338",
            "close": "4.2349"
        },
        {
            "time": "27.02.2021 07:44",
            "open": "4.2349",
            "high": "4.2489",
            "low": "4.2348",
            "close": "4.2311"
        },
        {
            "time": "27.02.2021 07:45",
            "open": "4.2311",
            "high": "4.2311",
            "low": "4.2274",
            "close": "4.22"
        },
        {
            "time": "27.02.2021 07:48",
            "open": "4.22",
            "high": "4.22",
            "low": "4.22",
            "close": "4.2259"
        },
        {
            "time": "27.02.2021 07:52",
            "open": "4.2259",
            "high": "4.2259",
            "low": "4.22",
            "close": "4.1984"
        },
        {
            "time": "27.02.2021 07:56",
            "open": "4.1984",
            "high": "4.1984",
            "low": "4.1984",
            "close": "4.1977"
        },
        {
            "time": "27.02.2021 07:57",
            "open": "4.1977",
            "high": "4.1977",
            "low": "4.1953",
            "close": "4.1871"
        },
        {
            "time": "27.02.2021 07:59",
            "open": "4.1871",
            "high": "4.1899",
            "low": "4.1871",
            "close": "4.1697"
        },
        {
            "time": "27.02.2021 08:04",
            "open": "4.1697",
            "high": "4.1697",
            "low": "4.14",
            "close": "4.1474"
        },
        {
            "time": "27.02.2021 08:05",
            "open": "4.1474",
            "high": "4.1474",
            "low": "4.1463",
            "close": "4.1641"
        },
        {
            "time": "27.02.2021 08:07",
            "open": "4.1641",
            "high": "4.1641",
            "low": "4.1641",
            "close": "4.1812"
        },
        {
            "time": "27.02.2021 08:15",
            "open": "4.1812",
            "high": "4.1812",
            "low": "4.1812",
            "close": "4.1795"
        },
        {
            "time": "27.02.2021 08:16",
            "open": "4.1795",
            "high": "4.1809",
            "low": "4.1693",
            "close": "4.1803"
        },
        {
            "time": "27.02.2021 08:17",
            "open": "4.1803",
            "high": "4.1803",
            "low": "4.1803",
            "close": "4.1945"
        },
        {
            "time": "27.02.2021 08:18",
            "open": "4.1945",
            "high": "4.1945",
            "low": "4.1945",
            "close": "4.2058"
        },
        {
            "time": "27.02.2021 08:19",
            "open": "4.2058",
            "high": "4.2058",
            "low": "4.1941",
            "close": "4.1775"
        },
        {
            "time": "27.02.2021 08:26",
            "open": "4.1775",
            "high": "4.1775",
            "low": "4.1775",
            "close": "4.1867"
        },
        {
            "time": "27.02.2021 08:27",
            "open": "4.1867",
            "high": "4.1873",
            "low": "4.1867",
            "close": "4.1779"
        },
        {
            "time": "27.02.2021 08:30",
            "open": "4.1779",
            "high": "4.1779",
            "low": "4.1779",
            "close": "4.1702"
        },
        {
            "time": "27.02.2021 08:34",
            "open": "4.1702",
            "high": "4.1702",
            "low": "4.1699",
            "close": "4.1675"
        },
        {
            "time": "27.02.2021 08:35",
            "open": "4.1675",
            "high": "4.1675",
            "low": "4.1675",
            "close": "4.1759"
        },
        {
            "time": "27.02.2021 08:38",
            "open": "4.1759",
            "high": "4.1759",
            "low": "4.1675",
            "close": "4.1641"
        },
        {
            "time": "27.02.2021 08:43",
            "open": "4.1641",
            "high": "4.1678",
            "low": "4.1641",
            "close": "4.1734"
        },
        {
            "time": "27.02.2021 08:55",
            "open": "4.1734",
            "high": "4.1734",
            "low": "4.1734",
            "close": "4.1751"
        },
        {
            "time": "27.02.2021 09:03",
            "open": "4.1751",
            "high": "4.1751",
            "low": "4.1643",
            "close": "4.1865"
        },
        {
            "time": "27.02.2021 09:09",
            "open": "4.1865",
            "high": "4.1873",
            "low": "4.1865",
            "close": "4.1811"
        },
        {
            "time": "27.02.2021 09:11",
            "open": "4.1811",
            "high": "4.1818",
            "low": "4.1811",
            "close": "4.1811"
        },
        {
            "time": "27.02.2021 09:12",
            "open": "4.1811",
            "high": "4.1823",
            "low": "4.1811",
            "close": "4.1863"
        },
        {
            "time": "27.02.2021 09:13",
            "open": "4.1863",
            "high": "4.1863",
            "low": "4.1863",
            "close": "4.1799"
        },
        {
            "time": "27.02.2021 09:14",
            "open": "4.1799",
            "high": "4.1799",
            "low": "4.1799",
            "close": "4.1851"
        },
        {
            "time": "27.02.2021 09:15",
            "open": "4.1851",
            "high": "4.1851",
            "low": "4.1851",
            "close": "4.1502"
        },
        {
            "time": "27.02.2021 09:26",
            "open": "4.1502",
            "high": "4.1503",
            "low": "4.1433",
            "close": "4.1365"
        },
        {
            "time": "27.02.2021 09:30",
            "open": "4.1365",
            "high": "4.1365",
            "low": "4.1364",
            "close": "4.1403"
        },
        {
            "time": "27.02.2021 09:31",
            "open": "4.1403",
            "high": "4.1403",
            "low": "4.1293",
            "close": "4.1339"
        },
        {
            "time": "27.02.2021 09:32",
            "open": "4.1339",
            "high": "4.1339",
            "low": "4.1308",
            "close": "4.141"
        },
        {
            "time": "27.02.2021 09:34",
            "open": "4.141",
            "high": "4.141",
            "low": "4.1393",
            "close": "4.1569"
        },
        {
            "time": "27.02.2021 09:40",
            "open": "4.1569",
            "high": "4.1569",
            "low": "4.1569",
            "close": "4.1559"
        },
        {
            "time": "27.02.2021 09:49",
            "open": "4.1559",
            "high": "4.1559",
            "low": "4.1559",
            "close": "4.1559"
        },
        {
            "time": "27.02.2021 09:52",
            "open": "4.1559",
            "high": "4.1559",
            "low": "4.1559",
            "close": "4.1432"
        },
        {
            "time": "27.02.2021 09:57",
            "open": "4.1432",
            "high": "4.1432",
            "low": "4.1432",
            "close": "4.1209"
        },
        {
            "time": "27.02.2021 10:05",
            "open": "4.1209",
            "high": "4.1209",
            "low": "4.1209",
            "close": "4.1209"
        },
        {
            "time": "27.02.2021 10:06",
            "open": "4.1209",
            "high": "4.126",
            "low": "4.1209",
            "close": "4.127"
        },
        {
            "time": "27.02.2021 10:10",
            "open": "4.127",
            "high": "4.127",
            "low": "4.127",
            "close": "4.1423"
        },
        {
            "time": "27.02.2021 10:29",
            "open": "4.1423",
            "high": "4.1423",
            "low": "4.1423",
            "close": "4.1142"
        },
        {
            "time": "27.02.2021 10:39",
            "open": "4.1142",
            "high": "4.115",
            "low": "4.1141",
            "close": "4.1142"
        },
        {
            "time": "27.02.2021 10:40",
            "open": "4.1142",
            "high": "4.115",
            "low": "4.1142",
            "close": "4.1163"
        },
        {
            "time": "27.02.2021 10:41",
            "open": "4.1163",
            "high": "4.1163",
            "low": "4.1141",
            "close": "4.1039"
        },
        {
            "time": "27.02.2021 10:43",
            "open": "4.1039",
            "high": "4.1039",
            "low": "4.1039",
            "close": "4.121"
        },
        {
            "time": "27.02.2021 10:44",
            "open": "4.121",
            "high": "4.121",
            "low": "4.121",
            "close": "4.1165"
        },
        {
            "time": "27.02.2021 10:46",
            "open": "4.1165",
            "high": "4.1165",
            "low": "4.1165",
            "close": "4.1123"
        },
        {
            "time": "27.02.2021 10:49",
            "open": "4.1123",
            "high": "4.1123",
            "low": "4.1123",
            "close": "4.1051"
        },
        {
            "time": "27.02.2021 10:51",
            "open": "4.1051",
            "high": "4.1051",
            "low": "4.1051",
            "close": "4.1324"
        },
        {
            "time": "27.02.2021 11:02",
            "open": "4.1324",
            "high": "4.1324",
            "low": "4.1283",
            "close": "4.1368"
        },
        {
            "time": "27.02.2021 11:05",
            "open": "4.1368",
            "high": "4.139",
            "low": "4.1367",
            "close": "4.1527"
        },
        {
            "time": "27.02.2021 11:06",
            "open": "4.1527",
            "high": "4.1528",
            "low": "4.1527",
            "close": "4.1475"
        },
        {
            "time": "27.02.2021 11:13",
            "open": "4.1475",
            "high": "4.1485",
            "low": "4.1475",
            "close": "4.163"
        },
        {
            "time": "27.02.2021 11:16",
            "open": "4.163",
            "high": "4.1649",
            "low": "4.1541",
            "close": "4.1593"
        },
        {
            "time": "27.02.2021 11:22",
            "open": "4.1593",
            "high": "4.1593",
            "low": "4.1593",
            "close": "4.145"
        },
        {
            "time": "27.02.2021 11:35",
            "open": "4.145",
            "high": "4.145",
            "low": "4.1345",
            "close": "4.145"
        },
        {
            "time": "27.02.2021 11:36",
            "open": "4.145",
            "high": "4.145",
            "low": "4.145",
            "close": "4.1376"
        },
        {
            "time": "27.02.2021 11:38",
            "open": "4.1376",
            "high": "4.1376",
            "low": "4.1376",
            "close": "4.1392"
        },
        {
            "time": "27.02.2021 11:40",
            "open": "4.1392",
            "high": "4.1393",
            "low": "4.1392",
            "close": "4.1496"
        },
        {
            "time": "27.02.2021 11:46",
            "open": "4.1496",
            "high": "4.1496",
            "low": "4.1496",
            "close": "4.148"
        },
        {
            "time": "27.02.2021 12:00",
            "open": "4.148",
            "high": "4.148",
            "low": "4.148",
            "close": "4.164"
        },
        {
            "time": "27.02.2021 12:05",
            "open": "4.164",
            "high": "4.1739",
            "low": "4.164",
            "close": "4.1739"
        },
        {
            "time": "27.02.2021 12:09",
            "open": "4.1739",
            "high": "4.1745",
            "low": "4.1739",
            "close": "4.1739"
        },
        {
            "time": "27.02.2021 12:14",
            "open": "4.1739",
            "high": "4.1739",
            "low": "4.1739",
            "close": "4.163"
        },
        {
            "time": "27.02.2021 12:19",
            "open": "4.163",
            "high": "4.163",
            "low": "4.163",
            "close": "4.1852"
        },
        {
            "time": "27.02.2021 12:23",
            "open": "4.1852",
            "high": "4.1852",
            "low": "4.1852",
            "close": "4.18"
        },
        {
            "time": "27.02.2021 12:27",
            "open": "4.18",
            "high": "4.18",
            "low": "4.18",
            "close": "4.1832"
        },
        {
            "time": "27.02.2021 12:28",
            "open": "4.1832",
            "high": "4.1835",
            "low": "4.1832",
            "close": "4.1927"
        },
        {
            "time": "27.02.2021 12:31",
            "open": "4.1927",
            "high": "4.1927",
            "low": "4.1927",
            "close": "4.1869"
        },
        {
            "time": "27.02.2021 12:34",
            "open": "4.1869",
            "high": "4.1869",
            "low": "4.184",
            "close": "4.1841"
        },
        {
            "time": "27.02.2021 12:40",
            "open": "4.1841",
            "high": "4.1841",
            "low": "4.1841",
            "close": "4.1904"
        },
        {
            "time": "27.02.2021 12:43",
            "open": "4.1904",
            "high": "4.1955",
            "low": "4.1904",
            "close": "4.1888"
        },
        {
            "time": "27.02.2021 12:44",
            "open": "4.1888",
            "high": "4.1888",
            "low": "4.1888",
            "close": "4.1823"
        },
        {
            "time": "27.02.2021 12:47",
            "open": "4.1823",
            "high": "4.1823",
            "low": "4.1823",
            "close": "4.1705"
        },
        {
            "time": "27.02.2021 12:50",
            "open": "4.1705",
            "high": "4.1705",
            "low": "4.1705",
            "close": "4.1822"
        },
        {
            "time": "27.02.2021 12:51",
            "open": "4.1822",
            "high": "4.1822",
            "low": "4.1822",
            "close": "4.1827"
        },
        {
            "time": "27.02.2021 12:54",
            "open": "4.1827",
            "high": "4.1827",
            "low": "4.1827",
            "close": "4.1841"
        },
        {
            "time": "27.02.2021 12:59",
            "open": "4.1841",
            "high": "4.1841",
            "low": "4.1841",
            "close": "4.184"
        },
        {
            "time": "27.02.2021 13:02",
            "open": "4.184",
            "high": "4.1848",
            "low": "4.184",
            "close": "4.1872"
        },
        {
            "time": "27.02.2021 13:03",
            "open": "4.1872",
            "high": "4.1872",
            "low": "4.1872",
            "close": "4.1979"
        },
        {
            "time": "27.02.2021 13:05",
            "open": "4.1979",
            "high": "4.1979",
            "low": "4.1979",
            "close": "4.1942"
        },
        {
            "time": "27.02.2021 13:15",
            "open": "4.1942",
            "high": "4.1942",
            "low": "4.1904",
            "close": "4.1899"
        },
        {
            "time": "27.02.2021 13:16",
            "open": "4.1899",
            "high": "4.1899",
            "low": "4.1899",
            "close": "4.1656"
        },
        {
            "time": "27.02.2021 13:25",
            "open": "4.1656",
            "high": "4.1656",
            "low": "4.1656",
            "close": "4.1751"
        },
        {
            "time": "27.02.2021 13:27",
            "open": "4.1751",
            "high": "4.1751",
            "low": "4.175",
            "close": "4.1751"
        },
        {
            "time": "27.02.2021 13:28",
            "open": "4.1751",
            "high": "4.1751",
            "low": "4.1751",
            "close": "4.2115"
        },
        {
            "time": "27.02.2021 13:34",
            "open": "4.2115",
            "high": "4.2115",
            "low": "4.2115",
            "close": "4.2115"
        },
        {
            "time": "27.02.2021 13:39",
            "open": "4.2115",
            "high": "4.2171",
            "low": "4.2115",
            "close": "4.2138"
        },
        {
            "time": "27.02.2021 13:46",
            "open": "4.2138",
            "high": "4.2138",
            "low": "4.2089",
            "close": "4.2303"
        },
        {
            "time": "27.02.2021 13:48",
            "open": "4.2303",
            "high": "4.2303",
            "low": "4.2303",
            "close": "4.2302"
        },
        {
            "time": "27.02.2021 13:49",
            "open": "4.2302",
            "high": "4.2302",
            "low": "4.2278",
            "close": "4.2189"
        },
        {
            "time": "27.02.2021 13:53",
            "open": "4.2189",
            "high": "4.2191",
            "low": "4.2175",
            "close": "4.215"
        },
        {
            "time": "27.02.2021 13:54",
            "open": "4.215",
            "high": "4.215",
            "low": "4.215",
            "close": "4.2196"
        },
        {
            "time": "27.02.2021 13:58",
            "open": "4.2196",
            "high": "4.2196",
            "low": "4.2196",
            "close": "4.2166"
        },
        {
            "time": "27.02.2021 13:59",
            "open": "4.2166",
            "high": "4.2166",
            "low": "4.2166",
            "close": "4.2156"
        },
        {
            "time": "27.02.2021 14:06",
            "open": "4.2156",
            "high": "4.2156",
            "low": "4.2156",
            "close": "4.2063"
        },
        {
            "time": "27.02.2021 14:07",
            "open": "4.2063",
            "high": "4.2063",
            "low": "4.2031",
            "close": "4.2034"
        },
        {
            "time": "27.02.2021 14:09",
            "open": "4.2034",
            "high": "4.2261",
            "low": "4.2017",
            "close": "4.2208"
        },
        {
            "time": "27.02.2021 14:13",
            "open": "4.2208",
            "high": "4.2208",
            "low": "4.2208",
            "close": "4.2116"
        },
        {
            "time": "27.02.2021 14:24",
            "open": "4.2116",
            "high": "4.2126",
            "low": "4.2116",
            "close": "4.2126"
        },
        {
            "time": "27.02.2021 14:29",
            "open": "4.2126",
            "high": "4.2217",
            "low": "4.2126",
            "close": "4.23"
        },
        {
            "time": "27.02.2021 14:30",
            "open": "4.23",
            "high": "4.23",
            "low": "4.23",
            "close": "4.2281"
        },
        {
            "time": "27.02.2021 14:31",
            "open": "4.2281",
            "high": "4.2292",
            "low": "4.2281",
            "close": "4.2193"
        },
        {
            "time": "27.02.2021 14:44",
            "open": "4.2193",
            "high": "4.2193",
            "low": "4.2193",
            "close": "4.2193"
        },
        {
            "time": "27.02.2021 14:45",
            "open": "4.2193",
            "high": "4.2277",
            "low": "4.2192",
            "close": "4.2278"
        },
        {
            "time": "27.02.2021 14:46",
            "open": "4.2278",
            "high": "4.2278",
            "low": "4.2278",
            "close": "4.23"
        },
        {
            "time": "27.02.2021 14:47",
            "open": "4.23",
            "high": "4.2303",
            "low": "4.23",
            "close": "4.2363"
        },
        {
            "time": "27.02.2021 14:53",
            "open": "4.2363",
            "high": "4.2384",
            "low": "4.2297",
            "close": "4.223"
        },
        {
            "time": "27.02.2021 14:55",
            "open": "4.223",
            "high": "4.223",
            "low": "4.223",
            "close": "4.2346"
        },
        {
            "time": "27.02.2021 14:56",
            "open": "4.2346",
            "high": "4.2375",
            "low": "4.2307",
            "close": "4.24"
        },
        {
            "time": "27.02.2021 15:02",
            "open": "4.24",
            "high": "4.24",
            "low": "4.24",
            "close": "4.2229"
        },
        {
            "time": "27.02.2021 15:07",
            "open": "4.2229",
            "high": "4.2229",
            "low": "4.2229",
            "close": "4.2328"
        },
        {
            "time": "27.02.2021 15:09",
            "open": "4.2328",
            "high": "4.2331",
            "low": "4.2259",
            "close": "4.2462"
        },
        {
            "time": "27.02.2021 15:14",
            "open": "4.2462",
            "high": "4.2469",
            "low": "4.2462",
            "close": "4.2447"
        },
        {
            "time": "27.02.2021 15:21",
            "open": "4.2447",
            "high": "4.2454",
            "low": "4.2447",
            "close": "4.237"
        },
        {
            "time": "27.02.2021 15:23",
            "open": "4.237",
            "high": "4.237",
            "low": "4.237",
            "close": "4.227"
        },
        {
            "time": "27.02.2021 15:28",
            "open": "4.227",
            "high": "4.227",
            "low": "4.2257",
            "close": "4.2139"
        },
        {
            "time": "27.02.2021 15:30",
            "open": "4.2139",
            "high": "4.2139",
            "low": "4.2139",
            "close": "4.2"
        },
        {
            "time": "27.02.2021 15:32",
            "open": "4.2",
            "high": "4.2",
            "low": "4.1882",
            "close": "4.1927"
        },
        {
            "time": "27.02.2021 15:37",
            "open": "4.1927",
            "high": "4.1927",
            "low": "4.1927",
            "close": "4.1835"
        },
        {
            "time": "27.02.2021 15:39",
            "open": "4.1835",
            "high": "4.1835",
            "low": "4.1835",
            "close": "4.1953"
        },
        {
            "time": "27.02.2021 15:43",
            "open": "4.1953",
            "high": "4.1955",
            "low": "4.1953",
            "close": "4.1857"
        },
        {
            "time": "27.02.2021 15:44",
            "open": "4.1857",
            "high": "4.1857",
            "low": "4.1857",
            "close": "4.1734"
        },
        {
            "time": "27.02.2021 15:45",
            "open": "4.1734",
            "high": "4.1734",
            "low": "4.1698",
            "close": "4.1958"
        },
        {
            "time": "27.02.2021 15:46",
            "open": "4.1958",
            "high": "4.1959",
            "low": "4.1958",
            "close": "4.195"
        },
        {
            "time": "27.02.2021 15:47",
            "open": "4.195",
            "high": "4.195",
            "low": "4.1944",
            "close": "4.1886"
        },
        {
            "time": "27.02.2021 15:55",
            "open": "4.1886",
            "high": "4.1886",
            "low": "4.1886",
            "close": "4.1986"
        },
        {
            "time": "27.02.2021 16:02",
            "open": "4.1986",
            "high": "4.1986",
            "low": "4.1986",
            "close": "4.1931"
        },
        {
            "time": "27.02.2021 16:06",
            "open": "4.1931",
            "high": "4.1931",
            "low": "4.1931",
            "close": "4.1869"
        },
        {
            "time": "27.02.2021 16:08",
            "open": "4.1869",
            "high": "4.1869",
            "low": "4.1869",
            "close": "4.1898"
        },
        {
            "time": "27.02.2021 16:09",
            "open": "4.1898",
            "high": "4.1898",
            "low": "4.1898",
            "close": "4.1883"
        },
        {
            "time": "27.02.2021 16:10",
            "open": "4.1883",
            "high": "4.1883",
            "low": "4.1883",
            "close": "4.1883"
        },
        {
            "time": "27.02.2021 16:11",
            "open": "4.1883",
            "high": "4.1883",
            "low": "4.1883",
            "close": "4.2067"
        },
        {
            "time": "27.02.2021 16:16",
            "open": "4.2067",
            "high": "4.2309",
            "low": "4.2067",
            "close": "4.2223"
        },
        {
            "time": "27.02.2021 16:17",
            "open": "4.2223",
            "high": "4.2223",
            "low": "4.2217",
            "close": "4.2083"
        },
        {
            "time": "27.02.2021 16:24",
            "open": "4.2083",
            "high": "4.2084",
            "low": "4.2083",
            "close": "4.2069"
        },
        {
            "time": "27.02.2021 16:29",
            "open": "4.2069",
            "high": "4.2069",
            "low": "4.2037",
            "close": "4.178"
        },
        {
            "time": "27.02.2021 16:30",
            "open": "4.178",
            "high": "4.1801",
            "low": "4.178",
            "close": "4.17"
        },
        {
            "time": "27.02.2021 16:34",
            "open": "4.17",
            "high": "4.17",
            "low": "4.1697",
            "close": "4.1602"
        },
        {
            "time": "27.02.2021 16:35",
            "open": "4.1602",
            "high": "4.1602",
            "low": "4.1602",
            "close": "4.1653"
        },
        {
            "time": "27.02.2021 16:37",
            "open": "4.1653",
            "high": "4.1655",
            "low": "4.1511",
            "close": "4.1509"
        },
        {
            "time": "27.02.2021 16:39",
            "open": "4.1509",
            "high": "4.1607",
            "low": "4.1509",
            "close": "4.1595"
        },
        {
            "time": "27.02.2021 16:46",
            "open": "4.1595",
            "high": "4.1596",
            "low": "4.1595",
            "close": "4.1726"
        },
        {
            "time": "27.02.2021 16:49",
            "open": "4.1726",
            "high": "4.1726",
            "low": "4.1726",
            "close": "4.1628"
        },
        {
            "time": "27.02.2021 16:53",
            "open": "4.1628",
            "high": "4.1628",
            "low": "4.1628",
            "close": "4.1628"
        },
        {
            "time": "27.02.2021 16:57",
            "open": "4.1628",
            "high": "4.1628",
            "low": "4.1628",
            "close": "4.1511"
        },
        {
            "time": "27.02.2021 16:59",
            "open": "4.1511",
            "high": "4.1566",
            "low": "4.1406",
            "close": "4.1401"
        },
        {
            "time": "27.02.2021 17:00",
            "open": "4.1401",
            "high": "4.1401",
            "low": "4.1401",
            "close": "4.1326"
        },
        {
            "time": "27.02.2021 17:01",
            "open": "4.1326",
            "high": "4.1326",
            "low": "4.1326",
            "close": "4.1689"
        },
        {
            "time": "27.02.2021 17:03",
            "open": "4.1689",
            "high": "4.1874",
            "low": "4.1689",
            "close": "4.1909"
        },
        {
            "time": "27.02.2021 17:05",
            "open": "4.1909",
            "high": "4.1948",
            "low": "4.1909",
            "close": "4.1699"
        },
        {
            "time": "27.02.2021 17:06",
            "open": "4.1699",
            "high": "4.1699",
            "low": "4.1699",
            "close": "4.1699"
        },
        {
            "time": "27.02.2021 17:14",
            "open": "4.1699",
            "high": "4.1699",
            "low": "4.1699",
            "close": "4.1801"
        },
        {
            "time": "27.02.2021 17:19",
            "open": "4.1801",
            "high": "4.1801",
            "low": "4.1801",
            "close": "4.1762"
        },
        {
            "time": "27.02.2021 17:21",
            "open": "4.1762",
            "high": "4.1762",
            "low": "4.1762",
            "close": "4.1737"
        },
        {
            "time": "27.02.2021 17:24",
            "open": "4.1737",
            "high": "4.1737",
            "low": "4.1737",
            "close": "4.1705"
        },
        {
            "time": "27.02.2021 17:27",
            "open": "4.1705",
            "high": "4.1705",
            "low": "4.1705",
            "close": "4.1841"
        },
        {
            "time": "27.02.2021 17:28",
            "open": "4.1841",
            "high": "4.1841",
            "low": "4.1841",
            "close": "4.1775"
        },
        {
            "time": "27.02.2021 17:47",
            "open": "4.1775",
            "high": "4.1789",
            "low": "4.1775",
            "close": "4.1719"
        },
        {
            "time": "27.02.2021 17:53",
            "open": "4.1719",
            "high": "4.1835",
            "low": "4.1719",
            "close": "4.1878"
        },
        {
            "time": "27.02.2021 18:00",
            "open": "4.1878",
            "high": "4.1878",
            "low": "4.1878",
            "close": "4.187"
        },
        {
            "time": "27.02.2021 18:04",
            "open": "4.187",
            "high": "4.191",
            "low": "4.187",
            "close": "4.1776"
        },
        {
            "time": "27.02.2021 18:05",
            "open": "4.1776",
            "high": "4.1851",
            "low": "4.1776",
            "close": "4.1987"
        },
        {
            "time": "27.02.2021 18:08",
            "open": "4.1987",
            "high": "4.1987",
            "low": "4.1987",
            "close": "4.2115"
        },
        {
            "time": "27.02.2021 18:14",
            "open": "4.2115",
            "high": "4.2115",
            "low": "4.2115",
            "close": "4.1993"
        },
        {
            "time": "27.02.2021 18:25",
            "open": "4.1993",
            "high": "4.1993",
            "low": "4.1993",
            "close": "4.2"
        },
        {
            "time": "27.02.2021 18:30",
            "open": "4.2",
            "high": "4.2",
            "low": "4.2",
            "close": "4.2118"
        },
        {
            "time": "27.02.2021 18:31",
            "open": "4.2118",
            "high": "4.2118",
            "low": "4.2118",
            "close": "4.2102"
        },
        {
            "time": "27.02.2021 18:36",
            "open": "4.2102",
            "high": "4.2102",
            "low": "4.2102",
            "close": "4.2015"
        },
        {
            "time": "27.02.2021 18:38",
            "open": "4.2015",
            "high": "4.2015",
            "low": "4.2015",
            "close": "4.198"
        },
        {
            "time": "27.02.2021 18:39",
            "open": "4.198",
            "high": "4.198",
            "low": "4.198",
            "close": "4.2111"
        },
        {
            "time": "27.02.2021 18:45",
            "open": "4.2111",
            "high": "4.2111",
            "low": "4.2111",
            "close": "4.2037"
        },
        {
            "time": "27.02.2021 18:49",
            "open": "4.2037",
            "high": "4.2037",
            "low": "4.2012",
            "close": "4.226"
        },
        {
            "time": "27.02.2021 19:02",
            "open": "4.226",
            "high": "4.226",
            "low": "4.226",
            "close": "4.2169"
        },
        {
            "time": "27.02.2021 19:12",
            "open": "4.2169",
            "high": "4.2169",
            "low": "4.2169",
            "close": "4.2192"
        },
        {
            "time": "27.02.2021 19:15",
            "open": "4.2192",
            "high": "4.2192",
            "low": "4.2192",
            "close": "4.2223"
        },
        {
            "time": "27.02.2021 19:17",
            "open": "4.2223",
            "high": "4.2223",
            "low": "4.2223",
            "close": "4.224"
        },
        {
            "time": "27.02.2021 19:20",
            "open": "4.224",
            "high": "4.224",
            "low": "4.2225",
            "close": "4.2113"
        },
        {
            "time": "27.02.2021 19:28",
            "open": "4.2113",
            "high": "4.2113",
            "low": "4.2113",
            "close": "4.2035"
        },
        {
            "time": "27.02.2021 19:30",
            "open": "4.2035",
            "high": "4.2105",
            "low": "4.2035",
            "close": "4.23"
        },
        {
            "time": "27.02.2021 19:34",
            "open": "4.23",
            "high": "4.2375",
            "low": "4.23",
            "close": "4.2366"
        },
        {
            "time": "27.02.2021 19:37",
            "open": "4.2366",
            "high": "4.2366",
            "low": "4.2366",
            "close": "4.2191"
        },
        {
            "time": "27.02.2021 19:39",
            "open": "4.2191",
            "high": "4.2191",
            "low": "4.2191",
            "close": "4.2269"
        },
        {
            "time": "27.02.2021 20:02",
            "open": "4.2269",
            "high": "4.227",
            "low": "4.2269",
            "close": "4.2468"
        },
        {
            "time": "27.02.2021 20:06",
            "open": "4.2468",
            "high": "4.2468",
            "low": "4.2228",
            "close": "4.236"
        },
        {
            "time": "27.02.2021 20:07",
            "open": "4.236",
            "high": "4.2422",
            "low": "4.2282",
            "close": "4.248"
        },
        {
            "time": "27.02.2021 20:08",
            "open": "4.248",
            "high": "4.2492",
            "low": "4.248",
            "close": "4.2493"
        },
        {
            "time": "27.02.2021 20:09",
            "open": "4.2493",
            "high": "4.2642",
            "low": "4.2493",
            "close": "4.265"
        },
        {
            "time": "27.02.2021 20:10",
            "open": "4.265",
            "high": "4.2662",
            "low": "4.265",
            "close": "4.2617"
        },
        {
            "time": "27.02.2021 20:13",
            "open": "4.2617",
            "high": "4.2617",
            "low": "4.261",
            "close": "4.2527"
        },
        {
            "time": "27.02.2021 20:15",
            "open": "4.2527",
            "high": "4.2527",
            "low": "4.2527",
            "close": "4.2425"
        },
        {
            "time": "27.02.2021 20:18",
            "open": "4.2425",
            "high": "4.2425",
            "low": "4.2425",
            "close": "4.2425"
        },
        {
            "time": "27.02.2021 20:20",
            "open": "4.2425",
            "high": "4.2425",
            "low": "4.2425",
            "close": "4.2425"
        },
        {
            "time": "27.02.2021 20:21",
            "open": "4.2425",
            "high": "4.2425",
            "low": "4.2355",
            "close": "4.2375"
        },
        {
            "time": "27.02.2021 20:24",
            "open": "4.2375",
            "high": "4.2375",
            "low": "4.2375",
            "close": "4.2377"
        },
        {
            "time": "27.02.2021 20:25",
            "open": "4.2377",
            "high": "4.2377",
            "low": "4.2377",
            "close": "4.2364"
        },
        {
            "time": "27.02.2021 20:28",
            "open": "4.2364",
            "high": "4.2364",
            "low": "4.2364",
            "close": "4.235"
        },
        {
            "time": "27.02.2021 20:37",
            "open": "4.235",
            "high": "4.235",
            "low": "4.235",
            "close": "4.2196"
        },
        {
            "time": "27.02.2021 20:40",
            "open": "4.2196",
            "high": "4.2196",
            "low": "4.2196",
            "close": "4.227"
        },
        {
            "time": "27.02.2021 20:41",
            "open": "4.227",
            "high": "4.227",
            "low": "4.227",
            "close": "4.2274"
        },
        {
            "time": "27.02.2021 20:46",
            "open": "4.2274",
            "high": "4.2274",
            "low": "4.2274",
            "close": "4.2202"
        },
        {
            "time": "27.02.2021 20:51",
            "open": "4.2202",
            "high": "4.2216",
            "low": "4.2202",
            "close": "4.2359"
        },
        {
            "time": "27.02.2021 20:54",
            "open": "4.2359",
            "high": "4.2359",
            "low": "4.2359",
            "close": "4.2432"
        },
        {
            "time": "27.02.2021 20:55",
            "open": "4.2432",
            "high": "4.2432",
            "low": "4.2432",
            "close": "4.2433"
        },
        {
            "time": "27.02.2021 20:59",
            "open": "4.2433",
            "high": "4.2537",
            "low": "4.2433",
            "close": "4.2684"
        },
        {
            "time": "27.02.2021 21:00",
            "open": "4.2684",
            "high": "4.2758",
            "low": "4.2684",
            "close": "4.2692"
        },
        {
            "time": "27.02.2021 21:03",
            "open": "4.2692",
            "high": "4.2692",
            "low": "4.2692",
            "close": "4.2711"
        },
        {
            "time": "27.02.2021 21:04",
            "open": "4.2711",
            "high": "4.2711",
            "low": "4.2711",
            "close": "4.2635"
        },
        {
            "time": "27.02.2021 21:08",
            "open": "4.2635",
            "high": "4.2635",
            "low": "4.2635",
            "close": "4.2518"
        },
        {
            "time": "27.02.2021 21:09",
            "open": "4.2518",
            "high": "4.2518",
            "low": "4.2518",
            "close": "4.2588"
        },
        {
            "time": "27.02.2021 21:12",
            "open": "4.2588",
            "high": "4.2588",
            "low": "4.2588",
            "close": "4.2551"
        },
        {
            "time": "27.02.2021 21:13",
            "open": "4.2551",
            "high": "4.2551",
            "low": "4.2551",
            "close": "4.2611"
        },
        {
            "time": "27.02.2021 21:15",
            "open": "4.2611",
            "high": "4.2611",
            "low": "4.2611",
            "close": "4.27"
        },
        {
            "time": "27.02.2021 21:16",
            "open": "4.27",
            "high": "4.27",
            "low": "4.27",
            "close": "4.2876"
        },
        {
            "time": "27.02.2021 21:19",
            "open": "4.2876",
            "high": "4.2876",
            "low": "4.2876",
            "close": "4.2816"
        },
        {
            "time": "27.02.2021 21:21",
            "open": "4.2816",
            "high": "4.2816",
            "low": "4.2816",
            "close": "4.2754"
        },
        {
            "time": "27.02.2021 21:22",
            "open": "4.2754",
            "high": "4.2754",
            "low": "4.2754",
            "close": "4.2832"
        },
        {
            "time": "27.02.2021 21:25",
            "open": "4.2832",
            "high": "4.2832",
            "low": "4.2832",
            "close": "4.29"
        },
        {
            "time": "27.02.2021 21:28",
            "open": "4.29",
            "high": "4.2932",
            "low": "4.29",
            "close": "4.2908"
        },
        {
            "time": "27.02.2021 21:33",
            "open": "4.2908",
            "high": "4.2908",
            "low": "4.2908",
            "close": "4.2832"
        },
        {
            "time": "27.02.2021 21:37",
            "open": "4.2832",
            "high": "4.2854",
            "low": "4.2832",
            "close": "4.2854"
        },
        {
            "time": "27.02.2021 21:41",
            "open": "4.2854",
            "high": "4.2854",
            "low": "4.2854",
            "close": "4.27"
        },
        {
            "time": "27.02.2021 21:42",
            "open": "4.27",
            "high": "4.27",
            "low": "4.27",
            "close": "4.273"
        },
        {
            "time": "27.02.2021 21:43",
            "open": "4.273",
            "high": "4.273",
            "low": "4.2618",
            "close": "4.2754"
        },
        {
            "time": "27.02.2021 21:47",
            "open": "4.2754",
            "high": "4.2754",
            "low": "4.2754",
            "close": "4.2762"
        },
        {
            "time": "27.02.2021 21:48",
            "open": "4.2762",
            "high": "4.2762",
            "low": "4.2762",
            "close": "4.2854"
        },
        {
            "time": "27.02.2021 21:50",
            "open": "4.2854",
            "high": "4.29",
            "low": "4.2854",
            "close": "4.2811"
        },
        {
            "time": "27.02.2021 21:54",
            "open": "4.2811",
            "high": "4.2811",
            "low": "4.2811",
            "close": "4.2754"
        },
        {
            "time": "27.02.2021 21:55",
            "open": "4.2754",
            "high": "4.2754",
            "low": "4.2754",
            "close": "4.2695"
        },
        {
            "time": "27.02.2021 22:02",
            "open": "4.2695",
            "high": "4.2695",
            "low": "4.2695",
            "close": "4.2916"
        },
        {
            "time": "27.02.2021 22:06",
            "open": "4.2916",
            "high": "4.2974",
            "low": "4.2846",
            "close": "4.2896"
        },
        {
            "time": "27.02.2021 22:12",
            "open": "4.2896",
            "high": "4.2896",
            "low": "4.2895",
            "close": "4.2895"
        },
        {
            "time": "27.02.2021 22:13",
            "open": "4.2895",
            "high": "4.2895",
            "low": "4.2895",
            "close": "4.2999"
        },
        {
            "time": "27.02.2021 22:16",
            "open": "4.2999",
            "high": "4.2999",
            "low": "4.2991",
            "close": "4.2937"
        },
        {
            "time": "27.02.2021 22:18",
            "open": "4.2937",
            "high": "4.2937",
            "low": "4.2937",
            "close": "4.2744"
        },
        {
            "time": "27.02.2021 22:21",
            "open": "4.2744",
            "high": "4.2744",
            "low": "4.2744",
            "close": "4.2663"
        },
        {
            "time": "27.02.2021 22:25",
            "open": "4.2663",
            "high": "4.2752",
            "low": "4.2663",
            "close": "4.284"
        },
        {
            "time": "27.02.2021 22:26",
            "open": "4.284",
            "high": "4.284",
            "low": "4.284",
            "close": "4.283"
        },
        {
            "time": "27.02.2021 22:27",
            "open": "4.283",
            "high": "4.283",
            "low": "4.283",
            "close": "4.2844"
        },
        {
            "time": "27.02.2021 22:30",
            "open": "4.2844",
            "high": "4.2844",
            "low": "4.2844",
            "close": "4.2999"
        },
        {
            "time": "27.02.2021 22:32",
            "open": "4.2999",
            "high": "4.2999",
            "low": "4.2999",
            "close": "4.2799"
        },
        {
            "time": "27.02.2021 22:33",
            "open": "4.2799",
            "high": "4.2799",
            "low": "4.2799",
            "close": "4.2897"
        },
        {
            "time": "27.02.2021 22:37",
            "open": "4.2897",
            "high": "4.2927",
            "low": "4.2897",
            "close": "4.2981"
        },
        {
            "time": "27.02.2021 22:38",
            "open": "4.2981",
            "high": "4.2981",
            "low": "4.2958",
            "close": "4.2795"
        },
        {
            "time": "27.02.2021 22:42",
            "open": "4.2795",
            "high": "4.2795",
            "low": "4.2795",
            "close": "4.2639"
        },
        {
            "time": "27.02.2021 22:45",
            "open": "4.2639",
            "high": "4.2639",
            "low": "4.2625",
            "close": "4.2639"
        },
        {
            "time": "27.02.2021 22:47",
            "open": "4.2639",
            "high": "4.2639",
            "low": "4.2639",
            "close": "4.2679"
        },
        {
            "time": "27.02.2021 22:48",
            "open": "4.2679",
            "high": "4.2687",
            "low": "4.2679",
            "close": "4.2723"
        },
        {
            "time": "27.02.2021 22:54",
            "open": "4.2723",
            "high": "4.2723",
            "low": "4.2723",
            "close": "4.2831"
        },
        {
            "time": "27.02.2021 22:58",
            "open": "4.2831",
            "high": "4.2831",
            "low": "4.2831",
            "close": "4.2703"
        },
        {
            "time": "27.02.2021 23:02",
            "open": "4.2703",
            "high": "4.2703",
            "low": "4.2703",
            "close": "4.2703"
        },
        {
            "time": "27.02.2021 23:03",
            "open": "4.2703",
            "high": "4.2703",
            "low": "4.2703",
            "close": "4.2578"
        },
        {
            "time": "27.02.2021 23:09",
            "open": "4.2578",
            "high": "4.2579",
            "low": "4.2578",
            "close": "4.2413"
        },
        {
            "time": "27.02.2021 23:17",
            "open": "4.2413",
            "high": "4.2413",
            "low": "4.2413",
            "close": "4.2413"
        },
        {
            "time": "27.02.2021 23:18",
            "open": "4.2413",
            "high": "4.2413",
            "low": "4.2412",
            "close": "4.2272"
        },
        {
            "time": "27.02.2021 23:19",
            "open": "4.2272",
            "high": "4.2272",
            "low": "4.2251",
            "close": "4.23"
        },
        {
            "time": "27.02.2021 23:20",
            "open": "4.23",
            "high": "4.2414",
            "low": "4.23",
            "close": "4.2158"
        },
        {
            "time": "27.02.2021 23:26",
            "open": "4.2158",
            "high": "4.2158",
            "low": "4.2158",
            "close": "4.215"
        },
        {
            "time": "27.02.2021 23:28",
            "open": "4.215",
            "high": "4.215",
            "low": "4.215",
            "close": "4.2248"
        },
        {
            "time": "27.02.2021 23:29",
            "open": "4.2248",
            "high": "4.2248",
            "low": "4.2248",
            "close": "4.2248"
        },
        {
            "time": "27.02.2021 23:30",
            "open": "4.2248",
            "high": "4.2248",
            "low": "4.2248",
            "close": "4.2226"
        },
        {
            "time": "27.02.2021 23:31",
            "open": "4.2226",
            "high": "4.2226",
            "low": "4.2225",
            "close": "4.2209"
        },
        {
            "time": "27.02.2021 23:35",
            "open": "4.2209",
            "high": "4.2233",
            "low": "4.2209",
            "close": "4.2227"
        },
        {
            "time": "27.02.2021 23:36",
            "open": "4.2227",
            "high": "4.2227",
            "low": "4.2227",
            "close": "4.212"
        },
        {
            "time": "27.02.2021 23:37",
            "open": "4.212",
            "high": "4.2188",
            "low": "4.212",
            "close": "4.2308"
        },
        {
            "time": "27.02.2021 23:38",
            "open": "4.2308",
            "high": "4.2308",
            "low": "4.2308",
            "close": "4.2446"
        },
        {
            "time": "27.02.2021 23:41",
            "open": "4.2446",
            "high": "4.2491",
            "low": "4.2446",
            "close": "4.2072"
        },
        {
            "time": "27.02.2021 23:51",
            "open": "4.2072",
            "high": "4.2072",
            "low": "4.2072",
            "close": "4.2"
        },
        {
            "time": "27.02.2021 23:52",
            "open": "4.2",
            "high": "4.211",
            "low": "4.2",
            "close": "4.2225"
        },
        {
            "time": "27.02.2021 23:53",
            "open": "4.2225",
            "high": "4.2225",
            "low": "4.2186",
            "close": "4.2216"
        },
        {
            "time": "27.02.2021 23:54",
            "open": "4.2216",
            "high": "4.2216",
            "low": "4.2207",
            "close": "4.2124"
        },
        {
            "time": "27.02.2021 23:57",
            "open": "4.2124",
            "high": "4.2172",
            "low": "4.2124",
            "close": "4.1937"
        },
        {
            "time": "27.02.2021 23:58",
            "open": "4.1937",
            "high": "4.1937",
            "low": "4.1756",
            "close": "4.1713"
        }
    ]
}