{
    "BNT-EUR": [
        {
            "time": "03.08.2021 23:58",
            "open": "2.8944",
            "high": "2.8944",
            "low": "2.8944",
            "close": "2.8994"
        },
        {
            "time": "04.08.2021 00:03",
            "open": "2.8994",
            "high": "2.8994",
            "low": "2.8994",
            "close": "2.9155"
        },
        {
            "time": "04.08.2021 00:15",
            "open": "2.9155",
            "high": "2.9198",
            "low": "2.9155",
            "close": "2.9142"
        },
        {
            "time": "04.08.2021 00:16",
            "open": "2.9142",
            "high": "2.9142",
            "low": "2.911",
            "close": "2.9067"
        },
        {
            "time": "04.08.2021 00:19",
            "open": "2.9044",
            "high": "2.9044",
            "low": "2.9044",
            "close": "2.8946"
        },
        {
            "time": "04.08.2021 01:55",
            "open": "2.8946",
            "high": "2.8946",
            "low": "2.8943",
            "close": "2.8942"
        },
        {
            "time": "04.08.2021 01:56",
            "open": "2.8942",
            "high": "2.8942",
            "low": "2.8942",
            "close": "2.8975"
        },
        {
            "time": "04.08.2021 01:59",
            "open": "2.8975",
            "high": "2.8975",
            "low": "2.8975",
            "close": "2.8934"
        },
        {
            "time": "04.08.2021 02:41",
            "open": "2.8934",
            "high": "2.8934",
            "low": "2.8934",
            "close": "2.9069"
        },
        {
            "time": "04.08.2021 02:50",
            "open": "2.9069",
            "high": "2.9069",
            "low": "2.9069",
            "close": "2.9251"
        },
        {
            "time": "04.08.2021 03:31",
            "open": "2.9251",
            "high": "2.9251",
            "low": "2.9251",
            "close": "2.9264"
        },
        {
            "time": "04.08.2021 03:33",
            "open": "2.9264",
            "high": "2.9264",
            "low": "2.9252",
            "close": "2.9288"
        },
        {
            "time": "04.08.2021 04:09",
            "open": "2.9288",
            "high": "2.9288",
            "low": "2.9288",
            "close": "2.9174"
        },
        {
            "time": "04.08.2021 04:17",
            "open": "2.9174",
            "high": "2.9174",
            "low": "2.9125",
            "close": "2.9125"
        },
        {
            "time": "04.08.2021 04:18",
            "open": "2.9125",
            "high": "2.9125",
            "low": "2.9125",
            "close": "2.9058"
        },
        {
            "time": "04.08.2021 04:48",
            "open": "2.9058",
            "high": "2.9058",
            "low": "2.9058",
            "close": "2.8954"
        },
        {
            "time": "04.08.2021 05:51",
            "open": "2.8954",
            "high": "2.8954",
            "low": "2.8954",
            "close": "2.8873"
        },
        {
            "time": "04.08.2021 06:21",
            "open": "2.8873",
            "high": "2.8873",
            "low": "2.8873",
            "close": "2.8799"
        },
        {
            "time": "04.08.2021 06:42",
            "open": "2.8799",
            "high": "2.8799",
            "low": "2.8799",
            "close": "2.9002"
        },
        {
            "time": "04.08.2021 07:10",
            "open": "2.9002",
            "high": "2.9003",
            "low": "2.9002",
            "close": "2.8912"
        },
        {
            "time": "04.08.2021 07:57",
            "open": "2.8912",
            "high": "2.8912",
            "low": "2.8912",
            "close": "2.887"
        },
        {
            "time": "04.08.2021 08:01",
            "open": "2.887",
            "high": "2.887",
            "low": "2.887",
            "close": "2.8879"
        },
        {
            "time": "04.08.2021 08:07",
            "open": "2.8879",
            "high": "2.8879",
            "low": "2.8879",
            "close": "2.8926"
        },
        {
            "time": "04.08.2021 08:15",
            "open": "2.8926",
            "high": "2.8926",
            "low": "2.8926",
            "close": "2.8898"
        },
        {
            "time": "04.08.2021 08:30",
            "open": "2.8898",
            "high": "2.8898",
            "low": "2.8898",
            "close": "2.8977"
        },
        {
            "time": "04.08.2021 08:48",
            "open": "2.8977",
            "high": "2.8977",
            "low": "2.8977",
            "close": "2.8821"
        },
        {
            "time": "04.08.2021 08:54",
            "open": "2.8821",
            "high": "2.8821",
            "low": "2.8821",
            "close": "2.8649"
        },
        {
            "time": "04.08.2021 09:46",
            "open": "2.8649",
            "high": "2.8649",
            "low": "2.8649",
            "close": "2.8664"
        },
        {
            "time": "04.08.2021 09:52",
            "open": "2.8664",
            "high": "2.8664",
            "low": "2.8664",
            "close": "2.8661"
        },
        {
            "time": "04.08.2021 10:02",
            "open": "2.8661",
            "high": "2.8661",
            "low": "2.8661",
            "close": "2.8828"
        },
        {
            "time": "04.08.2021 10:15",
            "open": "2.8828",
            "high": "2.8842",
            "low": "2.8828",
            "close": "2.8769"
        },
        {
            "time": "04.08.2021 10:22",
            "open": "2.8769",
            "high": "2.8769",
            "low": "2.8769",
            "close": "2.8755"
        },
        {
            "time": "04.08.2021 10:25",
            "open": "2.8755",
            "high": "2.876",
            "low": "2.8755",
            "close": "2.8741"
        },
        {
            "time": "04.08.2021 10:35",
            "open": "2.8741",
            "high": "2.8743",
            "low": "2.8741",
            "close": "2.8684"
        },
        {
            "time": "04.08.2021 10:45",
            "open": "2.8684",
            "high": "2.8684",
            "low": "2.8684",
            "close": "2.8677"
        },
        {
            "time": "04.08.2021 10:48",
            "open": "2.8677",
            "high": "2.8677",
            "low": "2.8677",
            "close": "2.8755"
        },
        {
            "time": "04.08.2021 11:07",
            "open": "2.8755",
            "high": "2.8755",
            "low": "2.8755",
            "close": "2.881"
        },
        {
            "time": "04.08.2021 11:27",
            "open": "2.881",
            "high": "2.881",
            "low": "2.8809",
            "close": "2.8861"
        },
        {
            "time": "04.08.2021 12:05",
            "open": "2.8861",
            "high": "2.8861",
            "low": "2.8861",
            "close": "2.8867"
        },
        {
            "time": "04.08.2021 12:15",
            "open": "2.8867",
            "high": "2.8909",
            "low": "2.8867",
            "close": "2.8882"
        },
        {
            "time": "04.08.2021 12:16",
            "open": "2.8882",
            "high": "2.8882",
            "low": "2.8882",
            "close": "2.8919"
        },
        {
            "time": "04.08.2021 12:41",
            "open": "2.8919",
            "high": "2.8919",
            "low": "2.8919",
            "close": "2.8963"
        },
        {
            "time": "04.08.2021 12:52",
            "open": "2.8963",
            "high": "2.8963",
            "low": "2.8963",
            "close": "2.9052"
        },
        {
            "time": "04.08.2021 12:57",
            "open": "2.9052",
            "high": "2.9052",
            "low": "2.9052",
            "close": "2.9134"
        },
        {
            "time": "04.08.2021 13:05",
            "open": "2.9134",
            "high": "2.9135",
            "low": "2.9134",
            "close": "2.9086"
        },
        {
            "time": "04.08.2021 13:12",
            "open": "2.9086",
            "high": "2.9086",
            "low": "2.9086",
            "close": "2.9106"
        },
        {
            "time": "04.08.2021 13:31",
            "open": "2.9106",
            "high": "2.9106",
            "low": "2.91",
            "close": "2.9018"
        },
        {
            "time": "04.08.2021 13:49",
            "open": "2.9018",
            "high": "2.9018",
            "low": "2.9018",
            "close": "2.902"
        },
        {
            "time": "04.08.2021 13:50",
            "open": "2.902",
            "high": "2.902",
            "low": "2.902",
            "close": "2.9219"
        },
        {
            "time": "04.08.2021 14:04",
            "open": "2.9219",
            "high": "2.9235",
            "low": "2.9219",
            "close": "2.9207"
        },
        {
            "time": "04.08.2021 14:25",
            "open": "2.9207",
            "high": "2.9207",
            "low": "2.9207",
            "close": "2.9183"
        },
        {
            "time": "04.08.2021 14:29",
            "open": "2.9183",
            "high": "2.9183",
            "low": "2.9175",
            "close": "2.9254"
        },
        {
            "time": "04.08.2021 14:38",
            "open": "2.9254",
            "high": "2.9268",
            "low": "2.9252",
            "close": "2.9419"
        },
        {
            "time": "04.08.2021 14:45",
            "open": "2.9419",
            "high": "2.945",
            "low": "2.9404",
            "close": "2.9672"
        },
        {
            "time": "04.08.2021 14:55",
            "open": "2.9672",
            "high": "2.9715",
            "low": "2.9672",
            "close": "2.9659"
        },
        {
            "time": "04.08.2021 14:56",
            "open": "2.9659",
            "high": "2.9659",
            "low": "2.9659",
            "close": "2.9743"
        },
        {
            "time": "04.08.2021 14:58",
            "open": "2.9743",
            "high": "2.9762",
            "low": "2.972",
            "close": "2.975"
        },
        {
            "time": "04.08.2021 14:59",
            "open": "2.975",
            "high": "2.975",
            "low": "2.9745",
            "close": "2.9772"
        },
        {
            "time": "04.08.2021 15:00",
            "open": "2.9772",
            "high": "2.9772",
            "low": "2.977",
            "close": "2.9913"
        },
        {
            "time": "04.08.2021 15:27",
            "open": "2.9913",
            "high": "2.9913",
            "low": "2.9913",
            "close": "2.9917"
        },
        {
            "time": "04.08.2021 16:03",
            "open": "2.9917",
            "high": "2.9917",
            "low": "2.9917",
            "close": "3.0017"
        },
        {
            "time": "04.08.2021 16:16",
            "open": "3.0017",
            "high": "3.008",
            "low": "3.0017",
            "close": "2.9997"
        },
        {
            "time": "04.08.2021 16:19",
            "open": "2.9997",
            "high": "2.9997",
            "low": "2.9997",
            "close": "3.0065"
        },
        {
            "time": "04.08.2021 16:27",
            "open": "3.0065",
            "high": "3.0065",
            "low": "3.006",
            "close": "2.998"
        },
        {
            "time": "04.08.2021 16:35",
            "open": "2.998",
            "high": "2.998",
            "low": "2.9975",
            "close": "3.0197"
        },
        {
            "time": "04.08.2021 16:50",
            "open": "3.0197",
            "high": "3.0197",
            "low": "3.0197",
            "close": "3.0251"
        },
        {
            "time": "04.08.2021 17:00",
            "open": "3.0251",
            "high": "3.0303",
            "low": "3.0236",
            "close": "3.0306"
        },
        {
            "time": "04.08.2021 17:04",
            "open": "3.0306",
            "high": "3.0329",
            "low": "3.0306",
            "close": "3.0329"
        },
        {
            "time": "04.08.2021 17:05",
            "open": "3.0329",
            "high": "3.0329",
            "low": "3.0286",
            "close": "3.0391"
        },
        {
            "time": "04.08.2021 17:06",
            "open": "3.0391",
            "high": "3.0419",
            "low": "3.0391",
            "close": "3.0459"
        },
        {
            "time": "04.08.2021 17:09",
            "open": "3.0459",
            "high": "3.0459",
            "low": "3.0438",
            "close": "3.0535"
        },
        {
            "time": "04.08.2021 17:10",
            "open": "3.0535",
            "high": "3.0535",
            "low": "3.0535",
            "close": "3.0552"
        },
        {
            "time": "04.08.2021 17:11",
            "open": "3.0552",
            "high": "3.0552",
            "low": "3.0552",
            "close": "3.0616"
        },
        {
            "time": "04.08.2021 17:12",
            "open": "3.0616",
            "high": "3.0616",
            "low": "3.0616",
            "close": "3.0505"
        },
        {
            "time": "04.08.2021 17:25",
            "open": "3.0505",
            "high": "3.0505",
            "low": "3.0436",
            "close": "3.0396"
        },
        {
            "time": "04.08.2021 17:26",
            "open": "3.0396",
            "high": "3.0396",
            "low": "3.0396",
            "close": "3.0344"
        },
        {
            "time": "04.08.2021 17:40",
            "open": "3.0344",
            "high": "3.0344",
            "low": "3.0329",
            "close": "3.0399"
        },
        {
            "time": "04.08.2021 17:48",
            "open": "3.0399",
            "high": "3.0399",
            "low": "3.0399",
            "close": "3.0556"
        },
        {
            "time": "04.08.2021 18:03",
            "open": "3.0556",
            "high": "3.0556",
            "low": "3.0556",
            "close": "3.0706"
        },
        {
            "time": "04.08.2021 18:12",
            "open": "3.0706",
            "high": "3.0706",
            "low": "3.0706",
            "close": "3.075"
        },
        {
            "time": "04.08.2021 18:13",
            "open": "3.075",
            "high": "3.0964",
            "low": "3.075",
            "close": "3.0839"
        },
        {
            "time": "04.08.2021 18:14",
            "open": "3.0839",
            "high": "3.0879",
            "low": "3.0837",
            "close": "3.0773"
        },
        {
            "time": "04.08.2021 18:15",
            "open": "3.0773",
            "high": "3.0773",
            "low": "3.0763",
            "close": "3.0771"
        },
        {
            "time": "04.08.2021 18:16",
            "open": "3.0771",
            "high": "3.0771",
            "low": "3.0771",
            "close": "3.062"
        },
        {
            "time": "04.08.2021 18:18",
            "open": "3.062",
            "high": "3.062",
            "low": "3.062",
            "close": "3.0571"
        },
        {
            "time": "04.08.2021 18:19",
            "open": "3.0571",
            "high": "3.0571",
            "low": "3.0571",
            "close": "3.0596"
        },
        {
            "time": "04.08.2021 18:20",
            "open": "3.0596",
            "high": "3.0596",
            "low": "3.0596",
            "close": "3.0797"
        },
        {
            "time": "04.08.2021 18:42",
            "open": "3.0797",
            "high": "3.0797",
            "low": "3.0797",
            "close": "3.0821"
        },
        {
            "time": "04.08.2021 18:44",
            "open": "3.0821",
            "high": "3.0821",
            "low": "3.0746",
            "close": "3.0686"
        },
        {
            "time": "04.08.2021 18:50",
            "open": "3.0686",
            "high": "3.0686",
            "low": "3.068",
            "close": "3.0689"
        },
        {
            "time": "04.08.2021 18:55",
            "open": "3.0689",
            "high": "3.0739",
            "low": "3.0689",
            "close": "3.0737"
        },
        {
            "time": "04.08.2021 18:56",
            "open": "3.0737",
            "high": "3.0737",
            "low": "3.0737",
            "close": "3.0733"
        },
        {
            "time": "04.08.2021 18:57",
            "open": "3.0733",
            "high": "3.0733",
            "low": "3.0714",
            "close": "3.0479"
        },
        {
            "time": "04.08.2021 19:01",
            "open": "3.0479",
            "high": "3.0479",
            "low": "3.0466",
            "close": "3.0525"
        },
        {
            "time": "04.08.2021 19:02",
            "open": "3.0525",
            "high": "3.0525",
            "low": "3.0525",
            "close": "3.0526"
        },
        {
            "time": "04.08.2021 19:03",
            "open": "3.0526",
            "high": "3.0526",
            "low": "3.0526",
            "close": "3.0551"
        },
        {
            "time": "04.08.2021 19:04",
            "open": "3.0551",
            "high": "3.0551",
            "low": "3.0551",
            "close": "3.0706"
        },
        {
            "time": "04.08.2021 19:06",
            "open": "3.0706",
            "high": "3.0706",
            "low": "3.0706",
            "close": "3.0669"
        },
        {
            "time": "04.08.2021 19:08",
            "open": "3.0669",
            "high": "3.0669",
            "low": "3.0669",
            "close": "3.0682"
        },
        {
            "time": "04.08.2021 19:09",
            "open": "3.0682",
            "high": "3.0682",
            "low": "3.0631",
            "close": "3.0647"
        },
        {
            "time": "04.08.2021 19:12",
            "open": "3.0647",
            "high": "3.0647",
            "low": "3.0647",
            "close": "3.0672"
        },
        {
            "time": "04.08.2021 19:16",
            "open": "3.0672",
            "high": "3.0672",
            "low": "3.0672",
            "close": "3.071"
        },
        {
            "time": "04.08.2021 19:17",
            "open": "3.071",
            "high": "3.071",
            "low": "3.071",
            "close": "3.0634"
        },
        {
            "time": "04.08.2021 19:20",
            "open": "3.0634",
            "high": "3.0634",
            "low": "3.0634",
            "close": "3.0661"
        },
        {
            "time": "04.08.2021 19:34",
            "open": "3.0661",
            "high": "3.0668",
            "low": "3.0661",
            "close": "3.0509"
        },
        {
            "time": "04.08.2021 19:52",
            "open": "3.0509",
            "high": "3.0509",
            "low": "3.039",
            "close": "3.0442"
        },
        {
            "time": "04.08.2021 19:53",
            "open": "3.0442",
            "high": "3.0518",
            "low": "3.0442",
            "close": "3.052"
        },
        {
            "time": "04.08.2021 19:54",
            "open": "3.052",
            "high": "3.052",
            "low": "3.0472",
            "close": "3.061"
        },
        {
            "time": "04.08.2021 20:06",
            "open": "3.061",
            "high": "3.061",
            "low": "3.061",
            "close": "3.0391"
        },
        {
            "time": "04.08.2021 20:25",
            "open": "3.0391",
            "high": "3.0391",
            "low": "3.0391",
            "close": "3.0462"
        },
        {
            "time": "04.08.2021 20:37",
            "open": "3.0462",
            "high": "3.0462",
            "low": "3.0457",
            "close": "3.0524"
        },
        {
            "time": "04.08.2021 20:47",
            "open": "3.0524",
            "high": "3.0524",
            "low": "3.0524",
            "close": "3.0431"
        },
        {
            "time": "04.08.2021 21:15",
            "open": "3.0431",
            "high": "3.0431",
            "low": "3.0431",
            "close": "3.0323"
        },
        {
            "time": "04.08.2021 21:48",
            "open": "3.0323",
            "high": "3.0323",
            "low": "3.0323",
            "close": "3.0425"
        },
        {
            "time": "04.08.2021 22:01",
            "open": "3.0425",
            "high": "3.0425",
            "low": "3.0421",
            "close": "3.0489"
        },
        {
            "time": "04.08.2021 22:04",
            "open": "3.0489",
            "high": "3.0681",
            "low": "3.0489",
            "close": "3.0724"
        },
        {
            "time": "04.08.2021 22:10",
            "open": "3.0724",
            "high": "3.0724",
            "low": "3.0724",
            "close": "3.0602"
        },
        {
            "time": "04.08.2021 22:11",
            "open": "3.0602",
            "high": "3.0602",
            "low": "3.0601",
            "close": "3.0581"
        },
        {
            "time": "04.08.2021 22:14",
            "open": "3.0581",
            "high": "3.0586",
            "low": "3.0581",
            "close": "3.0549"
        },
        {
            "time": "04.08.2021 22:20",
            "open": "3.0549",
            "high": "3.0549",
            "low": "3.0549",
            "close": "3.0594"
        },
        {
            "time": "04.08.2021 22:30",
            "open": "3.0594",
            "high": "3.0594",
            "low": "3.0594",
            "close": "3.0674"
        },
        {
            "time": "04.08.2021 23:10",
            "open": "3.0674",
            "high": "3.0674",
            "low": "3.0674",
            "close": "3.0618"
        }
    ]
}