{
    "BNT-EUR": [
        {
            "time": "12.07.2021 23:58",
            "open": "2.5868",
            "high": "2.5876",
            "low": "2.5868",
            "close": "2.6043"
        },
        {
            "time": "13.07.2021 00:13",
            "open": "2.6043",
            "high": "2.6043",
            "low": "2.6043",
            "close": "2.608"
        },
        {
            "time": "13.07.2021 00:14",
            "open": "2.608",
            "high": "2.608",
            "low": "2.608",
            "close": "2.6134"
        },
        {
            "time": "13.07.2021 00:22",
            "open": "2.6134",
            "high": "2.6134",
            "low": "2.6134",
            "close": "2.6132"
        },
        {
            "time": "13.07.2021 00:32",
            "open": "2.6132",
            "high": "2.6132",
            "low": "2.6132",
            "close": "2.6121"
        },
        {
            "time": "13.07.2021 01:01",
            "open": "2.6121",
            "high": "2.6121",
            "low": "2.6121",
            "close": "2.6048"
        },
        {
            "time": "13.07.2021 01:11",
            "open": "2.6048",
            "high": "2.6048",
            "low": "2.6048",
            "close": "2.6054"
        },
        {
            "time": "13.07.2021 01:14",
            "open": "2.6054",
            "high": "2.6054",
            "low": "2.6054",
            "close": "2.6096"
        },
        {
            "time": "13.07.2021 01:15",
            "open": "2.6096",
            "high": "2.6096",
            "low": "2.6096",
            "close": "2.6096"
        },
        {
            "time": "13.07.2021 01:32",
            "open": "2.6096",
            "high": "2.6096",
            "low": "2.6096",
            "close": "2.6116"
        },
        {
            "time": "13.07.2021 01:52",
            "open": "2.6116",
            "high": "2.6116",
            "low": "2.6116",
            "close": "2.6126"
        },
        {
            "time": "13.07.2021 01:53",
            "open": "2.6126",
            "high": "2.6134",
            "low": "2.6126",
            "close": "2.6138"
        },
        {
            "time": "13.07.2021 01:54",
            "open": "2.6138",
            "high": "2.6138",
            "low": "2.6138",
            "close": "2.6098"
        },
        {
            "time": "13.07.2021 02:01",
            "open": "2.6098",
            "high": "2.6098",
            "low": "2.6098",
            "close": "2.5933"
        },
        {
            "time": "13.07.2021 02:04",
            "open": "2.5933",
            "high": "2.5933",
            "low": "2.5933",
            "close": "2.6153"
        },
        {
            "time": "13.07.2021 02:31",
            "open": "2.6153",
            "high": "2.6164",
            "low": "2.6153",
            "close": "2.6258"
        },
        {
            "time": "13.07.2021 02:33",
            "open": "2.6258",
            "high": "2.6258",
            "low": "2.6258",
            "close": "2.6306"
        },
        {
            "time": "13.07.2021 02:37",
            "open": "2.6306",
            "high": "2.6306",
            "low": "2.6306",
            "close": "2.6179"
        },
        {
            "time": "13.07.2021 03:01",
            "open": "2.6179",
            "high": "2.6179",
            "low": "2.6179",
            "close": "2.6179"
        },
        {
            "time": "13.07.2021 03:02",
            "open": "2.6179",
            "high": "2.6179",
            "low": "2.6179",
            "close": "2.6166"
        },
        {
            "time": "13.07.2021 03:03",
            "open": "2.6166",
            "high": "2.6166",
            "low": "2.6166",
            "close": "2.6043"
        },
        {
            "time": "13.07.2021 03:24",
            "open": "2.6043",
            "high": "2.6043",
            "low": "2.6043",
            "close": "2.6147"
        },
        {
            "time": "13.07.2021 03:52",
            "open": "2.6147",
            "high": "2.6147",
            "low": "2.6147",
            "close": "2.6153"
        },
        {
            "time": "13.07.2021 03:55",
            "open": "2.6153",
            "high": "2.6153",
            "low": "2.6153",
            "close": "2.6153"
        },
        {
            "time": "13.07.2021 04:02",
            "open": "2.6153",
            "high": "2.6153",
            "low": "2.6153",
            "close": "2.6143"
        },
        {
            "time": "13.07.2021 04:03",
            "open": "2.6143",
            "high": "2.6143",
            "low": "2.6143",
            "close": "2.6143"
        },
        {
            "time": "13.07.2021 04:32",
            "open": "2.6143",
            "high": "2.6143",
            "low": "2.6143",
            "close": "2.6212"
        },
        {
            "time": "13.07.2021 05:25",
            "open": "2.6212",
            "high": "2.6212",
            "low": "2.6212",
            "close": "2.6209"
        },
        {
            "time": "13.07.2021 05:32",
            "open": "2.6209",
            "high": "2.6209",
            "low": "2.6209",
            "close": "2.6198"
        },
        {
            "time": "13.07.2021 05:33",
            "open": "2.6198",
            "high": "2.6198",
            "low": "2.6198",
            "close": "2.6201"
        },
        {
            "time": "13.07.2021 06:05",
            "open": "2.6201",
            "high": "2.6201",
            "low": "2.6201",
            "close": "2.6123"
        },
        {
            "time": "13.07.2021 06:57",
            "open": "2.6123",
            "high": "2.6123",
            "low": "2.6123",
            "close": "2.6043"
        },
        {
            "time": "13.07.2021 07:09",
            "open": "2.6043",
            "high": "2.6043",
            "low": "2.6043",
            "close": "2.5918"
        },
        {
            "time": "13.07.2021 07:14",
            "open": "2.5918",
            "high": "2.5918",
            "low": "2.5918",
            "close": "2.5909"
        },
        {
            "time": "13.07.2021 07:15",
            "open": "2.5909",
            "high": "2.5909",
            "low": "2.5909",
            "close": "2.5784"
        },
        {
            "time": "13.07.2021 07:16",
            "open": "2.5784",
            "high": "2.5784",
            "low": "2.5783",
            "close": "2.5795"
        },
        {
            "time": "13.07.2021 07:18",
            "open": "2.5795",
            "high": "2.5795",
            "low": "2.5795",
            "close": "2.5785"
        },
        {
            "time": "13.07.2021 07:19",
            "open": "2.5785",
            "high": "2.5833",
            "low": "2.5785",
            "close": "2.5831"
        },
        {
            "time": "13.07.2021 07:20",
            "open": "2.5831",
            "high": "2.5834",
            "low": "2.5831",
            "close": "2.5818"
        },
        {
            "time": "13.07.2021 07:21",
            "open": "2.5818",
            "high": "2.5818",
            "low": "2.5796",
            "close": "2.572"
        },
        {
            "time": "13.07.2021 07:28",
            "open": "2.572",
            "high": "2.572",
            "low": "2.572",
            "close": "2.5751"
        },
        {
            "time": "13.07.2021 07:29",
            "open": "2.5751",
            "high": "2.5751",
            "low": "2.575",
            "close": "2.575"
        },
        {
            "time": "13.07.2021 07:31",
            "open": "2.575",
            "high": "2.575",
            "low": "2.575",
            "close": "2.5709"
        },
        {
            "time": "13.07.2021 07:35",
            "open": "2.5709",
            "high": "2.5709",
            "low": "2.5709",
            "close": "2.5724"
        },
        {
            "time": "13.07.2021 07:41",
            "open": "2.5724",
            "high": "2.5724",
            "low": "2.5724",
            "close": "2.5722"
        },
        {
            "time": "13.07.2021 07:51",
            "open": "2.5722",
            "high": "2.5722",
            "low": "2.5722",
            "close": "2.5769"
        },
        {
            "time": "13.07.2021 08:02",
            "open": "2.5769",
            "high": "2.5769",
            "low": "2.5769",
            "close": "2.5892"
        },
        {
            "time": "13.07.2021 08:33",
            "open": "2.5892",
            "high": "2.5892",
            "low": "2.5892",
            "close": "2.6043"
        },
        {
            "time": "13.07.2021 08:38",
            "open": "2.6043",
            "high": "2.6043",
            "low": "2.6043",
            "close": "2.6043"
        },
        {
            "time": "13.07.2021 08:59",
            "open": "2.596",
            "high": "2.596",
            "low": "2.596",
            "close": "2.6075"
        },
        {
            "time": "13.07.2021 09:02",
            "open": "2.6075",
            "high": "2.6184",
            "low": "2.6075",
            "close": "2.618"
        },
        {
            "time": "13.07.2021 09:10",
            "open": "2.618",
            "high": "2.618",
            "low": "2.618",
            "close": "2.6222"
        },
        {
            "time": "13.07.2021 09:23",
            "open": "2.6222",
            "high": "2.6222",
            "low": "2.6222",
            "close": "2.6215"
        },
        {
            "time": "13.07.2021 09:24",
            "open": "2.6215",
            "high": "2.6215",
            "low": "2.6215",
            "close": "2.6305"
        },
        {
            "time": "13.07.2021 09:35",
            "open": "2.6305",
            "high": "2.6306",
            "low": "2.6305",
            "close": "2.6315"
        },
        {
            "time": "13.07.2021 10:07",
            "open": "2.6315",
            "high": "2.633",
            "low": "2.6315",
            "close": "2.6256"
        },
        {
            "time": "13.07.2021 10:21",
            "open": "2.6256",
            "high": "2.6256",
            "low": "2.6216",
            "close": "2.6246"
        },
        {
            "time": "13.07.2021 10:30",
            "open": "2.6246",
            "high": "2.6246",
            "low": "2.6246",
            "close": "2.6407"
        },
        {
            "time": "13.07.2021 12:00",
            "open": "2.6407",
            "high": "2.6464",
            "low": "2.6406",
            "close": "2.6422"
        },
        {
            "time": "13.07.2021 12:02",
            "open": "2.6422",
            "high": "2.6422",
            "low": "2.6422",
            "close": "2.6422"
        },
        {
            "time": "13.07.2021 12:03",
            "open": "2.6422",
            "high": "2.6422",
            "low": "2.642",
            "close": "2.6043"
        },
        {
            "time": "13.07.2021 13:08",
            "open": "2.6043",
            "high": "2.6043",
            "low": "2.6043",
            "close": "2.6022"
        },
        {
            "time": "13.07.2021 13:13",
            "open": "2.6022",
            "high": "2.6022",
            "low": "2.6022",
            "close": "2.6148"
        },
        {
            "time": "13.07.2021 13:40",
            "open": "2.6148",
            "high": "2.6148",
            "low": "2.6148",
            "close": "2.5948"
        },
        {
            "time": "13.07.2021 13:54",
            "open": "2.5948",
            "high": "2.595",
            "low": "2.5948",
            "close": "2.5969"
        },
        {
            "time": "13.07.2021 13:59",
            "open": "2.5969",
            "high": "2.5969",
            "low": "2.5969",
            "close": "2.5892"
        },
        {
            "time": "13.07.2021 14:00",
            "open": "2.5892",
            "high": "2.5892",
            "low": "2.589",
            "close": "2.589"
        },
        {
            "time": "13.07.2021 14:04",
            "open": "2.589",
            "high": "2.5893",
            "low": "2.5885",
            "close": "2.5947"
        },
        {
            "time": "13.07.2021 14:07",
            "open": "2.5947",
            "high": "2.5947",
            "low": "2.5947",
            "close": "2.5884"
        },
        {
            "time": "13.07.2021 14:30",
            "open": "2.5884",
            "high": "2.5888",
            "low": "2.5884",
            "close": "2.5884"
        },
        {
            "time": "13.07.2021 14:34",
            "open": "2.5884",
            "high": "2.5884",
            "low": "2.5884",
            "close": "2.5816"
        },
        {
            "time": "13.07.2021 14:36",
            "open": "2.5816",
            "high": "2.5816",
            "low": "2.5811",
            "close": "2.5783"
        },
        {
            "time": "13.07.2021 14:37",
            "open": "2.5783",
            "high": "2.5783",
            "low": "2.5697",
            "close": "2.5672"
        },
        {
            "time": "13.07.2021 14:38",
            "open": "2.5672",
            "high": "2.5672",
            "low": "2.5672",
            "close": "2.5738"
        },
        {
            "time": "13.07.2021 14:46",
            "open": "2.5738",
            "high": "2.5738",
            "low": "2.5738",
            "close": "2.5683"
        },
        {
            "time": "13.07.2021 15:02",
            "open": "2.5683",
            "high": "2.5685",
            "low": "2.5683",
            "close": "2.5711"
        },
        {
            "time": "13.07.2021 15:11",
            "open": "2.571",
            "high": "2.571",
            "low": "2.571",
            "close": "2.5806"
        },
        {
            "time": "13.07.2021 15:20",
            "open": "2.5806",
            "high": "2.5806",
            "low": "2.5806",
            "close": "2.5671"
        },
        {
            "time": "13.07.2021 15:47",
            "open": "2.5671",
            "high": "2.5671",
            "low": "2.5671",
            "close": "2.563"
        },
        {
            "time": "13.07.2021 15:50",
            "open": "2.563",
            "high": "2.563",
            "low": "2.563",
            "close": "2.5833"
        },
        {
            "time": "13.07.2021 15:57",
            "open": "2.5833",
            "high": "2.5833",
            "low": "2.5833",
            "close": "2.5684"
        },
        {
            "time": "13.07.2021 16:20",
            "open": "2.5684",
            "high": "2.5684",
            "low": "2.5684",
            "close": "2.5959"
        },
        {
            "time": "13.07.2021 17:44",
            "open": "2.5959",
            "high": "2.5959",
            "low": "2.5959",
            "close": "2.6043"
        },
        {
            "time": "13.07.2021 17:46",
            "open": "2.6043",
            "high": "2.6057",
            "low": "2.6043",
            "close": "2.6059"
        },
        {
            "time": "13.07.2021 17:47",
            "open": "2.6059",
            "high": "2.606",
            "low": "2.6059",
            "close": "2.6059"
        },
        {
            "time": "13.07.2021 18:01",
            "open": "2.6059",
            "high": "2.6059",
            "low": "2.6059",
            "close": "2.5998"
        },
        {
            "time": "13.07.2021 18:03",
            "open": "2.5998",
            "high": "2.5998",
            "low": "2.597",
            "close": "2.5914"
        },
        {
            "time": "13.07.2021 18:23",
            "open": "2.5914",
            "high": "2.5914",
            "low": "2.5914",
            "close": "2.6009"
        },
        {
            "time": "13.07.2021 18:32",
            "open": "2.6009",
            "high": "2.6016",
            "low": "2.6009",
            "close": "2.6038"
        },
        {
            "time": "13.07.2021 18:35",
            "open": "2.6013",
            "high": "2.6013",
            "low": "2.6013",
            "close": "2.5968"
        },
        {
            "time": "13.07.2021 19:02",
            "open": "2.5968",
            "high": "2.5968",
            "low": "2.5968",
            "close": "2.5968"
        },
        {
            "time": "13.07.2021 19:03",
            "open": "2.5968",
            "high": "2.5968",
            "low": "2.5968",
            "close": "2.5887"
        },
        {
            "time": "13.07.2021 19:23",
            "open": "2.5887",
            "high": "2.5887",
            "low": "2.5887",
            "close": "2.5783"
        },
        {
            "time": "13.07.2021 20:14",
            "open": "2.5783",
            "high": "2.5783",
            "low": "2.5783",
            "close": "2.5767"
        },
        {
            "time": "13.07.2021 20:23",
            "open": "2.5767",
            "high": "2.5767",
            "low": "2.5767",
            "close": "2.5575"
        },
        {
            "time": "13.07.2021 21:00",
            "open": "2.5575",
            "high": "2.5575",
            "low": "2.5484",
            "close": "2.5678"
        },
        {
            "time": "13.07.2021 21:08",
            "open": "2.5678",
            "high": "2.5678",
            "low": "2.5678",
            "close": "2.5506"
        },
        {
            "time": "13.07.2021 21:12",
            "open": "2.5506",
            "high": "2.5506",
            "low": "2.5506",
            "close": "2.5448"
        },
        {
            "time": "13.07.2021 21:15",
            "open": "2.5448",
            "high": "2.5477",
            "low": "2.5448",
            "close": "2.533"
        },
        {
            "time": "13.07.2021 21:27",
            "open": "2.533",
            "high": "2.533",
            "low": "2.533",
            "close": "2.527"
        },
        {
            "time": "13.07.2021 21:28",
            "open": "2.527",
            "high": "2.527",
            "low": "2.527",
            "close": "2.5233"
        },
        {
            "time": "13.07.2021 21:29",
            "open": "2.5233",
            "high": "2.5264",
            "low": "2.5233",
            "close": "2.539"
        },
        {
            "time": "13.07.2021 21:30",
            "open": "2.539",
            "high": "2.539",
            "low": "2.539",
            "close": "2.5361"
        },
        {
            "time": "13.07.2021 21:31",
            "open": "2.5361",
            "high": "2.5361",
            "low": "2.5361",
            "close": "2.5361"
        },
        {
            "time": "13.07.2021 21:38",
            "open": "2.5361",
            "high": "2.5361",
            "low": "2.5361",
            "close": "2.5261"
        },
        {
            "time": "13.07.2021 21:51",
            "open": "2.5261",
            "high": "2.5303",
            "low": "2.5261",
            "close": "2.5297"
        },
        {
            "time": "13.07.2021 21:54",
            "open": "2.5297",
            "high": "2.5297",
            "low": "2.5297",
            "close": "2.5297"
        },
        {
            "time": "13.07.2021 22:05",
            "open": "2.5297",
            "high": "2.5297",
            "low": "2.5297",
            "close": "2.5418"
        },
        {
            "time": "13.07.2021 22:22",
            "open": "2.5418",
            "high": "2.5467",
            "low": "2.5418",
            "close": "2.5464"
        },
        {
            "time": "13.07.2021 22:25",
            "open": "2.5464",
            "high": "2.5464",
            "low": "2.5464",
            "close": "2.5525"
        },
        {
            "time": "13.07.2021 22:29",
            "open": "2.5525",
            "high": "2.5525",
            "low": "2.5525",
            "close": "2.5525"
        },
        {
            "time": "13.07.2021 23:00",
            "open": "2.5525",
            "high": "2.5525",
            "low": "2.5525",
            "close": "2.551"
        },
        {
            "time": "13.07.2021 23:11",
            "open": "2.551",
            "high": "2.551",
            "low": "2.5467",
            "close": "2.5357"
        },
        {
            "time": "13.07.2021 23:25",
            "open": "2.5357",
            "high": "2.5357",
            "low": "2.5357",
            "close": "2.5399"
        },
        {
            "time": "13.07.2021 23:41",
            "open": "2.5399",
            "high": "2.5399",
            "low": "2.5399",
            "close": "2.5378"
        },
        {
            "time": "13.07.2021 23:46",
            "open": "2.5378",
            "high": "2.5378",
            "low": "2.5378",
            "close": "2.5437"
        },
        {
            "time": "13.07.2021 23:51",
            "open": "2.5437",
            "high": "2.545",
            "low": "2.5437",
            "close": "2.5418"
        }
    ]
}