{
    "BNT-EUR": [
        {
            "time": "13.06.2021 23:47",
            "open": "3.2874",
            "high": "3.2874",
            "low": "3.2874",
            "close": "3.27"
        },
        {
            "time": "14.06.2021 00:16",
            "open": "3.27",
            "high": "3.27",
            "low": "3.2619",
            "close": "3.2865"
        },
        {
            "time": "14.06.2021 02:03",
            "open": "3.2865",
            "high": "3.2865",
            "low": "3.2865",
            "close": "3.2507"
        },
        {
            "time": "14.06.2021 02:17",
            "open": "3.2507",
            "high": "3.2507",
            "low": "3.2507",
            "close": "3.2558"
        },
        {
            "time": "14.06.2021 02:25",
            "open": "3.2558",
            "high": "3.2558",
            "low": "3.2558",
            "close": "3.2604"
        },
        {
            "time": "14.06.2021 02:52",
            "open": "3.2604",
            "high": "3.2604",
            "low": "3.2604",
            "close": "3.2548"
        },
        {
            "time": "14.06.2021 03:06",
            "open": "3.2548",
            "high": "3.2548",
            "low": "3.2548",
            "close": "3.2439"
        },
        {
            "time": "14.06.2021 03:19",
            "open": "3.2439",
            "high": "3.2439",
            "low": "3.2439",
            "close": "3.2613"
        },
        {
            "time": "14.06.2021 03:32",
            "open": "3.2613",
            "high": "3.2613",
            "low": "3.2613",
            "close": "3.2954"
        },
        {
            "time": "14.06.2021 03:41",
            "open": "3.2954",
            "high": "3.2976",
            "low": "3.2954",
            "close": "3.2992"
        },
        {
            "time": "14.06.2021 03:42",
            "open": "3.2992",
            "high": "3.3016",
            "low": "3.2956",
            "close": "3.2879"
        },
        {
            "time": "14.06.2021 03:43",
            "open": "3.2879",
            "high": "3.2902",
            "low": "3.2823",
            "close": "3.2826"
        },
        {
            "time": "14.06.2021 03:44",
            "open": "3.2826",
            "high": "3.2837",
            "low": "3.2826",
            "close": "3.2692"
        },
        {
            "time": "14.06.2021 03:52",
            "open": "3.2692",
            "high": "3.2692",
            "low": "3.2692",
            "close": "3.2496"
        },
        {
            "time": "14.06.2021 05:03",
            "open": "3.2496",
            "high": "3.2496",
            "low": "3.2481",
            "close": "3.2541"
        },
        {
            "time": "14.06.2021 05:17",
            "open": "3.2541",
            "high": "3.2541",
            "low": "3.2541",
            "close": "3.2383"
        },
        {
            "time": "14.06.2021 05:41",
            "open": "3.2383",
            "high": "3.2383",
            "low": "3.2383",
            "close": "3.2442"
        },
        {
            "time": "14.06.2021 05:42",
            "open": "3.2442",
            "high": "3.2442",
            "low": "3.2442",
            "close": "3.2311"
        },
        {
            "time": "14.06.2021 05:49",
            "open": "3.2311",
            "high": "3.2311",
            "low": "3.2311",
            "close": "3.2432"
        },
        {
            "time": "14.06.2021 06:19",
            "open": "3.2432",
            "high": "3.247",
            "low": "3.243",
            "close": "3.2475"
        },
        {
            "time": "14.06.2021 06:22",
            "open": "3.2475",
            "high": "3.2475",
            "low": "3.2426",
            "close": "3.2484"
        },
        {
            "time": "14.06.2021 06:41",
            "open": "3.2484",
            "high": "3.2485",
            "low": "3.2484",
            "close": "3.2548"
        },
        {
            "time": "14.06.2021 06:42",
            "open": "3.2548",
            "high": "3.2548",
            "low": "3.2548",
            "close": "3.2552"
        },
        {
            "time": "14.06.2021 07:04",
            "open": "3.2552",
            "high": "3.2552",
            "low": "3.2552",
            "close": "3.2546"
        },
        {
            "time": "14.06.2021 07:05",
            "open": "3.2546",
            "high": "3.2546",
            "low": "3.253",
            "close": "3.2515"
        },
        {
            "time": "14.06.2021 07:07",
            "open": "3.2515",
            "high": "3.2515",
            "low": "3.2515",
            "close": "3.2602"
        },
        {
            "time": "14.06.2021 07:23",
            "open": "3.2602",
            "high": "3.2602",
            "low": "3.2602",
            "close": "3.2668"
        },
        {
            "time": "14.06.2021 07:28",
            "open": "3.2668",
            "high": "3.2668",
            "low": "3.2668",
            "close": "3.271"
        },
        {
            "time": "14.06.2021 07:32",
            "open": "3.271",
            "high": "3.271",
            "low": "3.271",
            "close": "3.2782"
        },
        {
            "time": "14.06.2021 07:37",
            "open": "3.2782",
            "high": "3.2782",
            "low": "3.2782",
            "close": "3.2785"
        },
        {
            "time": "14.06.2021 08:15",
            "open": "3.2785",
            "high": "3.2785",
            "low": "3.2785",
            "close": "3.2671"
        },
        {
            "time": "14.06.2021 08:16",
            "open": "3.2671",
            "high": "3.2671",
            "low": "3.2671",
            "close": "3.2768"
        },
        {
            "time": "14.06.2021 08:52",
            "open": "3.2768",
            "high": "3.2768",
            "low": "3.2748",
            "close": "3.2787"
        },
        {
            "time": "14.06.2021 08:54",
            "open": "3.2787",
            "high": "3.2787",
            "low": "3.2787",
            "close": "3.277"
        },
        {
            "time": "14.06.2021 09:39",
            "open": "3.277",
            "high": "3.2771",
            "low": "3.277",
            "close": "3.2723"
        },
        {
            "time": "14.06.2021 09:47",
            "open": "3.2723",
            "high": "3.2723",
            "low": "3.2643",
            "close": "3.2696"
        },
        {
            "time": "14.06.2021 10:00",
            "open": "3.2696",
            "high": "3.2696",
            "low": "3.2696",
            "close": "3.2679"
        },
        {
            "time": "14.06.2021 10:02",
            "open": "3.2679",
            "high": "3.2679",
            "low": "3.2679",
            "close": "3.2662"
        },
        {
            "time": "14.06.2021 10:05",
            "open": "3.2662",
            "high": "3.2668",
            "low": "3.2662",
            "close": "3.2649"
        },
        {
            "time": "14.06.2021 10:06",
            "open": "3.2649",
            "high": "3.2649",
            "low": "3.2649",
            "close": "3.259"
        },
        {
            "time": "14.06.2021 10:11",
            "open": "3.259",
            "high": "3.2595",
            "low": "3.259",
            "close": "3.2416"
        },
        {
            "time": "14.06.2021 11:17",
            "open": "3.2416",
            "high": "3.25",
            "low": "3.2413",
            "close": "3.2341"
        },
        {
            "time": "14.06.2021 11:35",
            "open": "3.2341",
            "high": "3.2341",
            "low": "3.2341",
            "close": "3.2331"
        },
        {
            "time": "14.06.2021 11:47",
            "open": "3.2331",
            "high": "3.2331",
            "low": "3.2331",
            "close": "3.2353"
        },
        {
            "time": "14.06.2021 11:53",
            "open": "3.2353",
            "high": "3.2353",
            "low": "3.2353",
            "close": "3.235"
        },
        {
            "time": "14.06.2021 12:10",
            "open": "3.235",
            "high": "3.235",
            "low": "3.235",
            "close": "3.2345"
        },
        {
            "time": "14.06.2021 12:11",
            "open": "3.2345",
            "high": "3.2345",
            "low": "3.2345",
            "close": "3.2373"
        },
        {
            "time": "14.06.2021 12:21",
            "open": "3.2373",
            "high": "3.2373",
            "low": "3.2373",
            "close": "3.2363"
        },
        {
            "time": "14.06.2021 12:31",
            "open": "3.2363",
            "high": "3.2363",
            "low": "3.2363",
            "close": "3.2377"
        },
        {
            "time": "14.06.2021 12:36",
            "open": "3.2377",
            "high": "3.2377",
            "low": "3.2377",
            "close": "3.2374"
        },
        {
            "time": "14.06.2021 12:41",
            "open": "3.2374",
            "high": "3.2374",
            "low": "3.2374",
            "close": "3.2441"
        },
        {
            "time": "14.06.2021 12:45",
            "open": "3.2441",
            "high": "3.2441",
            "low": "3.2441",
            "close": "3.2565"
        },
        {
            "time": "14.06.2021 12:53",
            "open": "3.2565",
            "high": "3.2565",
            "low": "3.2565",
            "close": "3.2523"
        },
        {
            "time": "14.06.2021 13:23",
            "open": "3.2523",
            "high": "3.2523",
            "low": "3.2463",
            "close": "3.2513"
        },
        {
            "time": "14.06.2021 14:41",
            "open": "3.2513",
            "high": "3.2513",
            "low": "3.2513",
            "close": "3.2559"
        },
        {
            "time": "14.06.2021 14:45",
            "open": "3.2559",
            "high": "3.2559",
            "low": "3.2559",
            "close": "3.259"
        },
        {
            "time": "14.06.2021 14:47",
            "open": "3.259",
            "high": "3.259",
            "low": "3.2589",
            "close": "3.2619"
        },
        {
            "time": "14.06.2021 14:57",
            "open": "3.2619",
            "high": "3.262",
            "low": "3.2619",
            "close": "3.2595"
        },
        {
            "time": "14.06.2021 15:00",
            "open": "3.2595",
            "high": "3.2595",
            "low": "3.2595",
            "close": "3.2739"
        },
        {
            "time": "14.06.2021 15:04",
            "open": "3.2739",
            "high": "3.2862",
            "low": "3.2739",
            "close": "3.2941"
        },
        {
            "time": "14.06.2021 15:05",
            "open": "3.2941",
            "high": "3.2962",
            "low": "3.2941",
            "close": "3.2869"
        },
        {
            "time": "14.06.2021 15:06",
            "open": "3.2869",
            "high": "3.2896",
            "low": "3.2869",
            "close": "3.2948"
        },
        {
            "time": "14.06.2021 15:07",
            "open": "3.2948",
            "high": "3.2948",
            "low": "3.2948",
            "close": "3.3045"
        },
        {
            "time": "14.06.2021 15:13",
            "open": "3.3045",
            "high": "3.3045",
            "low": "3.3036",
            "close": "3.32"
        },
        {
            "time": "14.06.2021 15:26",
            "open": "3.32",
            "high": "3.3201",
            "low": "3.3138",
            "close": "3.3138"
        },
        {
            "time": "14.06.2021 15:27",
            "open": "3.3138",
            "high": "3.3138",
            "low": "3.3138",
            "close": "3.3169"
        },
        {
            "time": "14.06.2021 15:30",
            "open": "3.3169",
            "high": "3.3214",
            "low": "3.3168",
            "close": "3.3282"
        },
        {
            "time": "14.06.2021 15:31",
            "open": "3.3282",
            "high": "3.3282",
            "low": "3.3282",
            "close": "3.3411"
        },
        {
            "time": "14.06.2021 15:37",
            "open": "3.3411",
            "high": "3.3414",
            "low": "3.3411",
            "close": "3.3454"
        },
        {
            "time": "14.06.2021 15:39",
            "open": "3.3454",
            "high": "3.3454",
            "low": "3.3454",
            "close": "3.36"
        },
        {
            "time": "14.06.2021 15:41",
            "open": "3.36",
            "high": "3.3635",
            "low": "3.36",
            "close": "3.36"
        },
        {
            "time": "14.06.2021 15:42",
            "open": "3.36",
            "high": "3.36",
            "low": "3.3588",
            "close": "3.3583"
        },
        {
            "time": "14.06.2021 15:44",
            "open": "3.3583",
            "high": "3.3583",
            "low": "3.3583",
            "close": "3.3688"
        },
        {
            "time": "14.06.2021 15:45",
            "open": "3.3688",
            "high": "3.3688",
            "low": "3.3648",
            "close": "3.3488"
        },
        {
            "time": "14.06.2021 16:01",
            "open": "3.3488",
            "high": "3.3488",
            "low": "3.3488",
            "close": "3.3556"
        },
        {
            "time": "14.06.2021 16:08",
            "open": "3.3556",
            "high": "3.3556",
            "low": "3.3556",
            "close": "3.3675"
        },
        {
            "time": "14.06.2021 16:53",
            "open": "3.3675",
            "high": "3.3675",
            "low": "3.3675",
            "close": "3.3611"
        },
        {
            "time": "14.06.2021 16:57",
            "open": "3.3611",
            "high": "3.3611",
            "low": "3.3575",
            "close": "3.3491"
        },
        {
            "time": "14.06.2021 17:13",
            "open": "3.3491",
            "high": "3.3491",
            "low": "3.3491",
            "close": "3.3549"
        },
        {
            "time": "14.06.2021 17:16",
            "open": "3.3549",
            "high": "3.3556",
            "low": "3.3549",
            "close": "3.3405"
        },
        {
            "time": "14.06.2021 17:46",
            "open": "3.3405",
            "high": "3.3405",
            "low": "3.3375",
            "close": "3.3301"
        },
        {
            "time": "14.06.2021 17:52",
            "open": "3.3301",
            "high": "3.3301",
            "low": "3.3301",
            "close": "3.3549"
        },
        {
            "time": "14.06.2021 18:01",
            "open": "3.3549",
            "high": "3.3549",
            "low": "3.3549",
            "close": "3.3515"
        },
        {
            "time": "14.06.2021 18:02",
            "open": "3.3515",
            "high": "3.3515",
            "low": "3.3515",
            "close": "3.3569"
        },
        {
            "time": "14.06.2021 18:12",
            "open": "3.3569",
            "high": "3.3589",
            "low": "3.3569",
            "close": "3.3576"
        },
        {
            "time": "14.06.2021 18:14",
            "open": "3.3576",
            "high": "3.3576",
            "low": "3.3576",
            "close": "3.3589"
        },
        {
            "time": "14.06.2021 18:15",
            "open": "3.3589",
            "high": "3.3677",
            "low": "3.3589",
            "close": "3.3677"
        },
        {
            "time": "14.06.2021 18:21",
            "open": "3.3677",
            "high": "3.3677",
            "low": "3.3677",
            "close": "3.3675"
        },
        {
            "time": "14.06.2021 18:22",
            "open": "3.3675",
            "high": "3.3675",
            "low": "3.3659",
            "close": "3.3708"
        },
        {
            "time": "14.06.2021 18:25",
            "open": "3.3708",
            "high": "3.3708",
            "low": "3.3708",
            "close": "3.3687"
        },
        {
            "time": "14.06.2021 18:27",
            "open": "3.3687",
            "high": "3.3687",
            "low": "3.3687",
            "close": "3.3183"
        },
        {
            "time": "14.06.2021 18:42",
            "open": "3.3183",
            "high": "3.3183",
            "low": "3.3183",
            "close": "3.329"
        },
        {
            "time": "14.06.2021 18:57",
            "open": "3.329",
            "high": "3.3383",
            "low": "3.323",
            "close": "3.3257"
        },
        {
            "time": "14.06.2021 18:58",
            "open": "3.3257",
            "high": "3.3263",
            "low": "3.3257",
            "close": "3.3269"
        },
        {
            "time": "14.06.2021 19:06",
            "open": "3.3269",
            "high": "3.3269",
            "low": "3.3269",
            "close": "3.33"
        },
        {
            "time": "14.06.2021 19:23",
            "open": "3.33",
            "high": "3.3301",
            "low": "3.33",
            "close": "3.3359"
        },
        {
            "time": "14.06.2021 19:50",
            "open": "3.3359",
            "high": "3.3369",
            "low": "3.3359",
            "close": "3.3385"
        },
        {
            "time": "14.06.2021 19:51",
            "open": "3.3385",
            "high": "3.3385",
            "low": "3.3385",
            "close": "3.3319"
        },
        {
            "time": "14.06.2021 19:54",
            "open": "3.3319",
            "high": "3.3319",
            "low": "3.3317",
            "close": "3.336"
        },
        {
            "time": "14.06.2021 20:02",
            "open": "3.336",
            "high": "3.336",
            "low": "3.3341",
            "close": "3.3335"
        },
        {
            "time": "14.06.2021 20:07",
            "open": "3.3335",
            "high": "3.3335",
            "low": "3.3335",
            "close": "3.3342"
        },
        {
            "time": "14.06.2021 20:14",
            "open": "3.3342",
            "high": "3.3342",
            "low": "3.3342",
            "close": "3.3065"
        },
        {
            "time": "14.06.2021 20:37",
            "open": "3.3065",
            "high": "3.3065",
            "low": "3.3065",
            "close": "3.3137"
        },
        {
            "time": "14.06.2021 20:39",
            "open": "3.3137",
            "high": "3.4025",
            "low": "3.3077",
            "close": "3.319"
        },
        {
            "time": "14.06.2021 20:42",
            "open": "3.319",
            "high": "3.3219",
            "low": "3.3181",
            "close": "3.3148"
        },
        {
            "time": "14.06.2021 20:43",
            "open": "3.3148",
            "high": "3.3273",
            "low": "3.3147",
            "close": "3.3077"
        },
        {
            "time": "14.06.2021 20:46",
            "open": "3.3077",
            "high": "3.3077",
            "low": "3.3077",
            "close": "3.3077"
        },
        {
            "time": "14.06.2021 20:48",
            "open": "3.3077",
            "high": "3.3077",
            "low": "3.3057",
            "close": "3.2967"
        },
        {
            "time": "14.06.2021 20:50",
            "open": "3.2967",
            "high": "3.2967",
            "low": "3.2878",
            "close": "3.2852"
        },
        {
            "time": "14.06.2021 20:51",
            "open": "3.2852",
            "high": "3.2914",
            "low": "3.2852",
            "close": "3.2838"
        },
        {
            "time": "14.06.2021 21:00",
            "open": "3.2838",
            "high": "3.2838",
            "low": "3.2838",
            "close": "3.3"
        },
        {
            "time": "14.06.2021 21:01",
            "open": "3.3",
            "high": "3.3006",
            "low": "3.3",
            "close": "3.2753"
        },
        {
            "time": "14.06.2021 21:20",
            "open": "3.2753",
            "high": "3.2753",
            "low": "3.2753",
            "close": "3.275"
        },
        {
            "time": "14.06.2021 21:28",
            "open": "3.275",
            "high": "3.275",
            "low": "3.275",
            "close": "3.2917"
        },
        {
            "time": "14.06.2021 21:47",
            "open": "3.2917",
            "high": "3.2918",
            "low": "3.2917",
            "close": "3.2918"
        },
        {
            "time": "14.06.2021 21:48",
            "open": "3.2918",
            "high": "3.2951",
            "low": "3.2918",
            "close": "3.2941"
        },
        {
            "time": "14.06.2021 21:51",
            "open": "3.2941",
            "high": "3.2941",
            "low": "3.2941",
            "close": "3.2997"
        },
        {
            "time": "14.06.2021 22:06",
            "open": "3.2997",
            "high": "3.2997",
            "low": "3.2997",
            "close": "3.301"
        },
        {
            "time": "14.06.2021 22:07",
            "open": "3.301",
            "high": "3.301",
            "low": "3.301",
            "close": "3.3008"
        },
        {
            "time": "14.06.2021 22:09",
            "open": "3.3008",
            "high": "3.3008",
            "low": "3.3008",
            "close": "3.3062"
        },
        {
            "time": "14.06.2021 22:16",
            "open": "3.3062",
            "high": "3.3062",
            "low": "3.3062",
            "close": "3.3036"
        },
        {
            "time": "14.06.2021 22:18",
            "open": "3.3036",
            "high": "3.3036",
            "low": "3.3036",
            "close": "3.3036"
        },
        {
            "time": "14.06.2021 22:19",
            "open": "3.3036",
            "high": "3.3046",
            "low": "3.3035",
            "close": "3.3035"
        },
        {
            "time": "14.06.2021 22:20",
            "open": "3.3035",
            "high": "3.3035",
            "low": "3.3035",
            "close": "3.3035"
        },
        {
            "time": "14.06.2021 22:21",
            "open": "3.3035",
            "high": "3.3065",
            "low": "3.2985",
            "close": "3.2928"
        },
        {
            "time": "14.06.2021 22:23",
            "open": "3.2928",
            "high": "3.2928",
            "low": "3.2928",
            "close": "3.2984"
        },
        {
            "time": "14.06.2021 22:26",
            "open": "3.2984",
            "high": "3.2985",
            "low": "3.2984",
            "close": "3.3129"
        },
        {
            "time": "14.06.2021 22:27",
            "open": "3.3129",
            "high": "3.3147",
            "low": "3.3129",
            "close": "3.3147"
        },
        {
            "time": "14.06.2021 22:28",
            "open": "3.3147",
            "high": "3.3163",
            "low": "3.3075",
            "close": "3.3042"
        },
        {
            "time": "14.06.2021 22:31",
            "open": "3.3042",
            "high": "3.3042",
            "low": "3.3042",
            "close": "3.2881"
        },
        {
            "time": "14.06.2021 22:37",
            "open": "3.2881",
            "high": "3.2881",
            "low": "3.2871",
            "close": "3.2927"
        },
        {
            "time": "14.06.2021 22:38",
            "open": "3.2927",
            "high": "3.2927",
            "low": "3.2927",
            "close": "3.2928"
        },
        {
            "time": "14.06.2021 22:40",
            "open": "3.2928",
            "high": "3.2929",
            "low": "3.2928",
            "close": "3.3001"
        },
        {
            "time": "14.06.2021 22:46",
            "open": "3.3001",
            "high": "3.3001",
            "low": "3.3001",
            "close": "3.3162"
        },
        {
            "time": "14.06.2021 22:54",
            "open": "3.3162",
            "high": "3.3175",
            "low": "3.3162",
            "close": "3.3203"
        },
        {
            "time": "14.06.2021 23:03",
            "open": "3.3203",
            "high": "3.3203",
            "low": "3.3203",
            "close": "3.3211"
        },
        {
            "time": "14.06.2021 23:05",
            "open": "3.3211",
            "high": "3.3212",
            "low": "3.3211",
            "close": "3.3339"
        },
        {
            "time": "14.06.2021 23:10",
            "open": "3.3339",
            "high": "3.3352",
            "low": "3.3339",
            "close": "3.3222"
        }
    ]
}