{
    "BNT-EUR": [
        {
            "time": "28.08.2021 23:44",
            "open": "3.6044",
            "high": "3.6044",
            "low": "3.6044",
            "close": "3.5976"
        },
        {
            "time": "29.08.2021 00:02",
            "open": "3.5976",
            "high": "3.5976",
            "low": "3.5976",
            "close": "3.605"
        },
        {
            "time": "29.08.2021 00:10",
            "open": "3.605",
            "high": "3.605",
            "low": "3.605",
            "close": "3.6065"
        },
        {
            "time": "29.08.2021 00:18",
            "open": "3.6065",
            "high": "3.6065",
            "low": "3.6065",
            "close": "3.5868"
        },
        {
            "time": "29.08.2021 01:19",
            "open": "3.5868",
            "high": "3.5868",
            "low": "3.5868",
            "close": "3.5871"
        },
        {
            "time": "29.08.2021 01:20",
            "open": "3.5871",
            "high": "3.5871",
            "low": "3.5871",
            "close": "3.5888"
        },
        {
            "time": "29.08.2021 01:30",
            "open": "3.5888",
            "high": "3.5888",
            "low": "3.5888",
            "close": "3.5754"
        },
        {
            "time": "29.08.2021 01:35",
            "open": "3.5754",
            "high": "3.5754",
            "low": "3.5754",
            "close": "3.5783"
        },
        {
            "time": "29.08.2021 01:36",
            "open": "3.5783",
            "high": "3.5784",
            "low": "3.5783",
            "close": "3.5872"
        },
        {
            "time": "29.08.2021 01:43",
            "open": "3.5872",
            "high": "3.5872",
            "low": "3.5872",
            "close": "3.5872"
        },
        {
            "time": "29.08.2021 01:45",
            "open": "3.5872",
            "high": "3.5872",
            "low": "3.5872",
            "close": "3.5942"
        },
        {
            "time": "29.08.2021 01:52",
            "open": "3.5942",
            "high": "3.5942",
            "low": "3.5942",
            "close": "3.5885"
        },
        {
            "time": "29.08.2021 02:05",
            "open": "3.5885",
            "high": "3.5887",
            "low": "3.5885",
            "close": "3.5923"
        },
        {
            "time": "29.08.2021 02:10",
            "open": "3.5923",
            "high": "3.5965",
            "low": "3.5923",
            "close": "3.6004"
        },
        {
            "time": "29.08.2021 02:16",
            "open": "3.6004",
            "high": "3.6004",
            "low": "3.597",
            "close": "3.5752"
        },
        {
            "time": "29.08.2021 02:22",
            "open": "3.5752",
            "high": "3.5872",
            "low": "3.5752",
            "close": "3.5831"
        },
        {
            "time": "29.08.2021 02:23",
            "open": "3.5831",
            "high": "3.5896",
            "low": "3.5831",
            "close": "3.5912"
        },
        {
            "time": "29.08.2021 02:24",
            "open": "3.5912",
            "high": "3.5912",
            "low": "3.5893",
            "close": "3.5893"
        },
        {
            "time": "29.08.2021 02:25",
            "open": "3.5893",
            "high": "3.5945",
            "low": "3.5893",
            "close": "3.5945"
        },
        {
            "time": "29.08.2021 02:26",
            "open": "3.5945",
            "high": "3.5945",
            "low": "3.5945",
            "close": "3.5964"
        },
        {
            "time": "29.08.2021 02:28",
            "open": "3.5964",
            "high": "3.5964",
            "low": "3.5964",
            "close": "3.6074"
        },
        {
            "time": "29.08.2021 02:30",
            "open": "3.6074",
            "high": "3.6106",
            "low": "3.6074",
            "close": "3.5992"
        },
        {
            "time": "29.08.2021 02:44",
            "open": "3.5992",
            "high": "3.6001",
            "low": "3.5992",
            "close": "3.6257"
        },
        {
            "time": "29.08.2021 02:53",
            "open": "3.6257",
            "high": "3.6257",
            "low": "3.6257",
            "close": "3.6338"
        },
        {
            "time": "29.08.2021 02:55",
            "open": "3.6338",
            "high": "3.6338",
            "low": "3.6311",
            "close": "3.6262"
        },
        {
            "time": "29.08.2021 02:56",
            "open": "3.6262",
            "high": "3.6284",
            "low": "3.6262",
            "close": "3.6445"
        },
        {
            "time": "29.08.2021 02:58",
            "open": "3.6445",
            "high": "3.6445",
            "low": "3.6419",
            "close": "3.6367"
        },
        {
            "time": "29.08.2021 02:59",
            "open": "3.6367",
            "high": "3.6368",
            "low": "3.6367",
            "close": "3.6353"
        },
        {
            "time": "29.08.2021 03:00",
            "open": "3.6353",
            "high": "3.6408",
            "low": "3.6348",
            "close": "3.62"
        },
        {
            "time": "29.08.2021 03:12",
            "open": "3.62",
            "high": "3.6291",
            "low": "3.62",
            "close": "3.6248"
        },
        {
            "time": "29.08.2021 03:13",
            "open": "3.6248",
            "high": "3.625",
            "low": "3.6248",
            "close": "3.6316"
        },
        {
            "time": "29.08.2021 03:14",
            "open": "3.6316",
            "high": "3.6316",
            "low": "3.6316",
            "close": "3.6313"
        },
        {
            "time": "29.08.2021 03:19",
            "open": "3.6313",
            "high": "3.6313",
            "low": "3.6313",
            "close": "3.6357"
        },
        {
            "time": "29.08.2021 03:32",
            "open": "3.6357",
            "high": "3.6357",
            "low": "3.6307",
            "close": "3.6307"
        },
        {
            "time": "29.08.2021 03:34",
            "open": "3.6307",
            "high": "3.6307",
            "low": "3.6307",
            "close": "3.6129"
        },
        {
            "time": "29.08.2021 03:42",
            "open": "3.6129",
            "high": "3.6129",
            "low": "3.6129",
            "close": "3.6026"
        },
        {
            "time": "29.08.2021 03:56",
            "open": "3.6026",
            "high": "3.6026",
            "low": "3.6026",
            "close": "3.6146"
        },
        {
            "time": "29.08.2021 03:59",
            "open": "3.6146",
            "high": "3.6146",
            "low": "3.6146",
            "close": "3.6216"
        },
        {
            "time": "29.08.2021 04:12",
            "open": "3.6216",
            "high": "3.6216",
            "low": "3.6216",
            "close": "3.6225"
        },
        {
            "time": "29.08.2021 04:13",
            "open": "3.6225",
            "high": "3.6225",
            "low": "3.6225",
            "close": "3.6191"
        },
        {
            "time": "29.08.2021 04:15",
            "open": "3.6191",
            "high": "3.6191",
            "low": "3.6191",
            "close": "3.6225"
        },
        {
            "time": "29.08.2021 04:19",
            "open": "3.6225",
            "high": "3.6225",
            "low": "3.6225",
            "close": "3.63"
        },
        {
            "time": "29.08.2021 04:32",
            "open": "3.63",
            "high": "3.6336",
            "low": "3.63",
            "close": "3.6349"
        },
        {
            "time": "29.08.2021 04:33",
            "open": "3.6349",
            "high": "3.6349",
            "low": "3.6349",
            "close": "3.633"
        },
        {
            "time": "29.08.2021 04:36",
            "open": "3.633",
            "high": "3.633",
            "low": "3.6326",
            "close": "3.6372"
        },
        {
            "time": "29.08.2021 04:40",
            "open": "3.6372",
            "high": "3.6422",
            "low": "3.6372",
            "close": "3.6422"
        },
        {
            "time": "29.08.2021 04:41",
            "open": "3.6422",
            "high": "3.6425",
            "low": "3.6374",
            "close": "3.6425"
        },
        {
            "time": "29.08.2021 04:42",
            "open": "3.6425",
            "high": "3.6445",
            "low": "3.6425",
            "close": "3.6445"
        },
        {
            "time": "29.08.2021 04:44",
            "open": "3.6445",
            "high": "3.6461",
            "low": "3.6445",
            "close": "3.6461"
        },
        {
            "time": "29.08.2021 04:47",
            "open": "3.6461",
            "high": "3.647",
            "low": "3.6461",
            "close": "3.6481"
        },
        {
            "time": "29.08.2021 04:49",
            "open": "3.6481",
            "high": "3.6481",
            "low": "3.6481",
            "close": "3.6259"
        },
        {
            "time": "29.08.2021 04:52",
            "open": "3.6259",
            "high": "3.6303",
            "low": "3.6259",
            "close": "3.6269"
        },
        {
            "time": "29.08.2021 04:56",
            "open": "3.6269",
            "high": "3.6269",
            "low": "3.6266",
            "close": "3.6267"
        },
        {
            "time": "29.08.2021 04:57",
            "open": "3.6267",
            "high": "3.627",
            "low": "3.6267",
            "close": "3.6146"
        },
        {
            "time": "29.08.2021 04:58",
            "open": "3.6146",
            "high": "3.6146",
            "low": "3.6146",
            "close": "3.6205"
        },
        {
            "time": "29.08.2021 05:04",
            "open": "3.6205",
            "high": "3.6205",
            "low": "3.6205",
            "close": "3.6379"
        },
        {
            "time": "29.08.2021 05:06",
            "open": "3.6379",
            "high": "3.6432",
            "low": "3.6379",
            "close": "3.6322"
        },
        {
            "time": "29.08.2021 05:08",
            "open": "3.6322",
            "high": "3.6567",
            "low": "3.6217",
            "close": "3.602"
        },
        {
            "time": "29.08.2021 05:11",
            "open": "3.602",
            "high": "3.602",
            "low": "3.602",
            "close": "3.602"
        },
        {
            "time": "29.08.2021 05:12",
            "open": "3.602",
            "high": "3.602",
            "low": "3.602",
            "close": "3.5912"
        },
        {
            "time": "29.08.2021 05:20",
            "open": "3.5912",
            "high": "3.5912",
            "low": "3.5912",
            "close": "3.5912"
        },
        {
            "time": "29.08.2021 05:21",
            "open": "3.5912",
            "high": "3.5912",
            "low": "3.5912",
            "close": "3.5556"
        },
        {
            "time": "29.08.2021 05:27",
            "open": "3.5556",
            "high": "3.5556",
            "low": "3.5324",
            "close": "3.5458"
        },
        {
            "time": "29.08.2021 05:28",
            "open": "3.5458",
            "high": "3.5537",
            "low": "3.5458",
            "close": "3.5537"
        },
        {
            "time": "29.08.2021 05:31",
            "open": "3.5537",
            "high": "3.5537",
            "low": "3.5537",
            "close": "3.5544"
        },
        {
            "time": "29.08.2021 05:33",
            "open": "3.5544",
            "high": "3.5544",
            "low": "3.5544",
            "close": "3.5665"
        },
        {
            "time": "29.08.2021 05:34",
            "open": "3.5665",
            "high": "3.5665",
            "low": "3.5644",
            "close": "3.5666"
        },
        {
            "time": "29.08.2021 05:39",
            "open": "3.5666",
            "high": "3.5666",
            "low": "3.5666",
            "close": "3.5786"
        },
        {
            "time": "29.08.2021 05:51",
            "open": "3.5786",
            "high": "3.5789",
            "low": "3.5786",
            "close": "3.5693"
        },
        {
            "time": "29.08.2021 05:58",
            "open": "3.5693",
            "high": "3.5693",
            "low": "3.5693",
            "close": "3.5676"
        },
        {
            "time": "29.08.2021 06:00",
            "open": "3.5676",
            "high": "3.5676",
            "low": "3.5588",
            "close": "3.5459"
        },
        {
            "time": "29.08.2021 06:02",
            "open": "3.5459",
            "high": "3.5459",
            "low": "3.5421",
            "close": "3.5264"
        },
        {
            "time": "29.08.2021 06:03",
            "open": "3.5264",
            "high": "3.5275",
            "low": "3.5264",
            "close": "3.5325"
        },
        {
            "time": "29.08.2021 06:06",
            "open": "3.5325",
            "high": "3.5325",
            "low": "3.5325",
            "close": "3.5641"
        },
        {
            "time": "29.08.2021 06:16",
            "open": "3.5641",
            "high": "3.5645",
            "low": "3.5641",
            "close": "3.5609"
        },
        {
            "time": "29.08.2021 06:19",
            "open": "3.5609",
            "high": "3.5609",
            "low": "3.5609",
            "close": "3.5498"
        },
        {
            "time": "29.08.2021 06:31",
            "open": "3.5498",
            "high": "3.5498",
            "low": "3.5498",
            "close": "3.5531"
        },
        {
            "time": "29.08.2021 06:40",
            "open": "3.5531",
            "high": "3.5531",
            "low": "3.5531",
            "close": "3.5567"
        },
        {
            "time": "29.08.2021 06:44",
            "open": "3.5567",
            "high": "3.5567",
            "low": "3.5567",
            "close": "3.5457"
        },
        {
            "time": "29.08.2021 06:51",
            "open": "3.5457",
            "high": "3.5457",
            "low": "3.5457",
            "close": "3.549"
        },
        {
            "time": "29.08.2021 07:13",
            "open": "3.549",
            "high": "3.549",
            "low": "3.549",
            "close": "3.5616"
        },
        {
            "time": "29.08.2021 07:14",
            "open": "3.5616",
            "high": "3.5685",
            "low": "3.5616",
            "close": "3.5752"
        },
        {
            "time": "29.08.2021 07:18",
            "open": "3.5752",
            "high": "3.5752",
            "low": "3.5752",
            "close": "3.5763"
        },
        {
            "time": "29.08.2021 07:22",
            "open": "3.5763",
            "high": "3.5763",
            "low": "3.5763",
            "close": "3.5771"
        },
        {
            "time": "29.08.2021 07:23",
            "open": "3.5771",
            "high": "3.5771",
            "low": "3.5771",
            "close": "3.5768"
        },
        {
            "time": "29.08.2021 07:30",
            "open": "3.5768",
            "high": "3.5768",
            "low": "3.5763",
            "close": "3.576"
        },
        {
            "time": "29.08.2021 07:45",
            "open": "3.576",
            "high": "3.576",
            "low": "3.576",
            "close": "3.5681"
        },
        {
            "time": "29.08.2021 08:13",
            "open": "3.5681",
            "high": "3.5681",
            "low": "3.5681",
            "close": "3.574"
        },
        {
            "time": "29.08.2021 08:31",
            "open": "3.574",
            "high": "3.574",
            "low": "3.574",
            "close": "3.5768"
        },
        {
            "time": "29.08.2021 10:04",
            "open": "3.5768",
            "high": "3.5768",
            "low": "3.5768",
            "close": "3.582"
        },
        {
            "time": "29.08.2021 10:05",
            "open": "3.582",
            "high": "3.582",
            "low": "3.582",
            "close": "3.583"
        },
        {
            "time": "29.08.2021 10:06",
            "open": "3.583",
            "high": "3.583",
            "low": "3.583",
            "close": "3.5731"
        },
        {
            "time": "29.08.2021 10:49",
            "open": "3.5731",
            "high": "3.5731",
            "low": "3.573",
            "close": "3.5938"
        },
        {
            "time": "29.08.2021 10:56",
            "open": "3.5938",
            "high": "3.5938",
            "low": "3.5938",
            "close": "3.5637"
        },
        {
            "time": "29.08.2021 11:04",
            "open": "3.5637",
            "high": "3.5637",
            "low": "3.5606",
            "close": "3.5643"
        },
        {
            "time": "29.08.2021 11:14",
            "open": "3.5643",
            "high": "3.5643",
            "low": "3.5643",
            "close": "3.5692"
        },
        {
            "time": "29.08.2021 11:28",
            "open": "3.5692",
            "high": "3.5692",
            "low": "3.5692",
            "close": "3.5744"
        },
        {
            "time": "29.08.2021 11:33",
            "open": "3.5744",
            "high": "3.5744",
            "low": "3.5744",
            "close": "3.5703"
        },
        {
            "time": "29.08.2021 11:48",
            "open": "3.5703",
            "high": "3.5703",
            "low": "3.5703",
            "close": "3.5842"
        },
        {
            "time": "29.08.2021 11:55",
            "open": "3.5842",
            "high": "3.5842",
            "low": "3.5842",
            "close": "3.571"
        },
        {
            "time": "29.08.2021 12:19",
            "open": "3.571",
            "high": "3.571",
            "low": "3.571",
            "close": "3.5722"
        },
        {
            "time": "29.08.2021 13:11",
            "open": "3.5722",
            "high": "3.5722",
            "low": "3.5722",
            "close": "3.5754"
        },
        {
            "time": "29.08.2021 13:45",
            "open": "3.5754",
            "high": "3.5754",
            "low": "3.5754",
            "close": "3.5592"
        },
        {
            "time": "29.08.2021 13:59",
            "open": "3.5592",
            "high": "3.5592",
            "low": "3.5592",
            "close": "3.584"
        },
        {
            "time": "29.08.2021 14:34",
            "open": "3.584",
            "high": "3.584",
            "low": "3.584",
            "close": "3.5847"
        },
        {
            "time": "29.08.2021 14:47",
            "open": "3.5847",
            "high": "3.5847",
            "low": "3.5847",
            "close": "3.5888"
        },
        {
            "time": "29.08.2021 14:52",
            "open": "3.5888",
            "high": "3.5888",
            "low": "3.5888",
            "close": "3.5831"
        },
        {
            "time": "29.08.2021 15:00",
            "open": "3.5831",
            "high": "3.5831",
            "low": "3.5831",
            "close": "3.581"
        },
        {
            "time": "29.08.2021 15:46",
            "open": "3.581",
            "high": "3.581",
            "low": "3.581",
            "close": "3.5963"
        },
        {
            "time": "29.08.2021 16:01",
            "open": "3.5963",
            "high": "3.5963",
            "low": "3.5963",
            "close": "3.5512"
        },
        {
            "time": "29.08.2021 16:30",
            "open": "3.5512",
            "high": "3.5512",
            "low": "3.5512",
            "close": "3.5465"
        },
        {
            "time": "29.08.2021 16:35",
            "open": "3.5465",
            "high": "3.5465",
            "low": "3.5465",
            "close": "3.549"
        },
        {
            "time": "29.08.2021 16:39",
            "open": "3.549",
            "high": "3.5557",
            "low": "3.549",
            "close": "3.5743"
        },
        {
            "time": "29.08.2021 16:46",
            "open": "3.5743",
            "high": "3.5743",
            "low": "3.5722",
            "close": "3.5659"
        },
        {
            "time": "29.08.2021 16:55",
            "open": "3.5659",
            "high": "3.5691",
            "low": "3.5659",
            "close": "3.5853"
        },
        {
            "time": "29.08.2021 16:56",
            "open": "3.5853",
            "high": "3.5853",
            "low": "3.5853",
            "close": "3.5715"
        },
        {
            "time": "29.08.2021 17:03",
            "open": "3.5715",
            "high": "3.5715",
            "low": "3.5708",
            "close": "3.5708"
        },
        {
            "time": "29.08.2021 17:05",
            "open": "3.5708",
            "high": "3.5708",
            "low": "3.5708",
            "close": "3.5551"
        },
        {
            "time": "29.08.2021 17:23",
            "open": "3.5551",
            "high": "3.5551",
            "low": "3.553",
            "close": "3.5558"
        },
        {
            "time": "29.08.2021 17:47",
            "open": "3.5558",
            "high": "3.5558",
            "low": "3.5558",
            "close": "3.5611"
        },
        {
            "time": "29.08.2021 17:57",
            "open": "3.5611",
            "high": "3.5759",
            "low": "3.5611",
            "close": "3.5904"
        },
        {
            "time": "29.08.2021 17:58",
            "open": "3.5904",
            "high": "3.6487",
            "low": "3.5814",
            "close": "3.5978"
        },
        {
            "time": "29.08.2021 17:59",
            "open": "3.5978",
            "high": "3.6799",
            "low": "3.5978",
            "close": "3.684"
        },
        {
            "time": "29.08.2021 18:00",
            "open": "3.684",
            "high": "3.69",
            "low": "3.6356",
            "close": "3.6623"
        },
        {
            "time": "29.08.2021 18:01",
            "open": "3.6623",
            "high": "3.7123",
            "low": "3.6476",
            "close": "3.6926"
        },
        {
            "time": "29.08.2021 18:02",
            "open": "3.6926",
            "high": "3.6948",
            "low": "3.6604",
            "close": "3.658"
        },
        {
            "time": "29.08.2021 18:03",
            "open": "3.658",
            "high": "3.6589",
            "low": "3.6325",
            "close": "3.5983"
        },
        {
            "time": "29.08.2021 18:04",
            "open": "3.5983",
            "high": "3.5984",
            "low": "3.5983",
            "close": "3.5975"
        },
        {
            "time": "29.08.2021 18:05",
            "open": "3.5975",
            "high": "3.5975",
            "low": "3.5975",
            "close": "3.5932"
        },
        {
            "time": "29.08.2021 18:07",
            "open": "3.5932",
            "high": "3.5995",
            "low": "3.5932",
            "close": "3.5999"
        },
        {
            "time": "29.08.2021 18:08",
            "open": "3.5999",
            "high": "3.6338",
            "low": "3.5999",
            "close": "3.6269"
        },
        {
            "time": "29.08.2021 18:09",
            "open": "3.6269",
            "high": "3.6269",
            "low": "3.5951",
            "close": "3.5988"
        },
        {
            "time": "29.08.2021 18:12",
            "open": "3.5988",
            "high": "3.5988",
            "low": "3.5988",
            "close": "3.5988"
        },
        {
            "time": "29.08.2021 18:13",
            "open": "3.5988",
            "high": "3.5988",
            "low": "3.597",
            "close": "3.5911"
        },
        {
            "time": "29.08.2021 18:15",
            "open": "3.5911",
            "high": "3.5911",
            "low": "3.5911",
            "close": "3.5858"
        },
        {
            "time": "29.08.2021 18:17",
            "open": "3.5858",
            "high": "3.5858",
            "low": "3.5821",
            "close": "3.5744"
        },
        {
            "time": "29.08.2021 18:19",
            "open": "3.5744",
            "high": "3.5744",
            "low": "3.5744",
            "close": "3.5699"
        },
        {
            "time": "29.08.2021 18:21",
            "open": "3.5699",
            "high": "3.5798",
            "low": "3.5699",
            "close": "3.5928"
        },
        {
            "time": "29.08.2021 18:22",
            "open": "3.5928",
            "high": "3.5932",
            "low": "3.5928",
            "close": "3.5911"
        },
        {
            "time": "29.08.2021 18:23",
            "open": "3.5911",
            "high": "3.5911",
            "low": "3.5911",
            "close": "3.5606"
        },
        {
            "time": "29.08.2021 18:33",
            "open": "3.5606",
            "high": "3.5723",
            "low": "3.5606",
            "close": "3.5781"
        },
        {
            "time": "29.08.2021 18:34",
            "open": "3.5781",
            "high": "3.5836",
            "low": "3.5781",
            "close": "3.5929"
        },
        {
            "time": "29.08.2021 18:44",
            "open": "3.5929",
            "high": "3.5929",
            "low": "3.5923",
            "close": "3.5933"
        },
        {
            "time": "29.08.2021 18:45",
            "open": "3.5933",
            "high": "3.5933",
            "low": "3.5933",
            "close": "3.6003"
        },
        {
            "time": "29.08.2021 18:46",
            "open": "3.6003",
            "high": "3.6003",
            "low": "3.6",
            "close": "3.5925"
        },
        {
            "time": "29.08.2021 18:50",
            "open": "3.5925",
            "high": "3.5925",
            "low": "3.5877",
            "close": "3.5855"
        },
        {
            "time": "29.08.2021 18:55",
            "open": "3.5855",
            "high": "3.5868",
            "low": "3.5855",
            "close": "3.5889"
        },
        {
            "time": "29.08.2021 18:56",
            "open": "3.5889",
            "high": "3.5889",
            "low": "3.5889",
            "close": "3.5801"
        },
        {
            "time": "29.08.2021 19:01",
            "open": "3.5801",
            "high": "3.5801",
            "low": "3.5801",
            "close": "3.5638"
        },
        {
            "time": "29.08.2021 19:09",
            "open": "3.5638",
            "high": "3.5638",
            "low": "3.5638",
            "close": "3.5586"
        },
        {
            "time": "29.08.2021 19:16",
            "open": "3.5586",
            "high": "3.5586",
            "low": "3.5586",
            "close": "3.5983"
        },
        {
            "time": "29.08.2021 19:33",
            "open": "3.5983",
            "high": "3.5983",
            "low": "3.5983",
            "close": "3.5883"
        },
        {
            "time": "29.08.2021 19:53",
            "open": "3.5883",
            "high": "3.6142",
            "low": "3.5883",
            "close": "3.59"
        },
        {
            "time": "29.08.2021 19:57",
            "open": "3.59",
            "high": "3.59",
            "low": "3.5898",
            "close": "3.5754"
        },
        {
            "time": "29.08.2021 20:15",
            "open": "3.5754",
            "high": "3.5754",
            "low": "3.5754",
            "close": "3.5812"
        },
        {
            "time": "29.08.2021 20:16",
            "open": "3.5812",
            "high": "3.5822",
            "low": "3.5812",
            "close": "3.5852"
        },
        {
            "time": "29.08.2021 20:23",
            "open": "3.5852",
            "high": "3.5961",
            "low": "3.5852",
            "close": "3.6"
        },
        {
            "time": "29.08.2021 20:27",
            "open": "3.6",
            "high": "3.6",
            "low": "3.6",
            "close": "3.6"
        },
        {
            "time": "29.08.2021 20:28",
            "open": "3.6",
            "high": "3.6",
            "low": "3.6",
            "close": "3.5927"
        },
        {
            "time": "29.08.2021 20:43",
            "open": "3.5927",
            "high": "3.5927",
            "low": "3.5926",
            "close": "3.5992"
        },
        {
            "time": "29.08.2021 20:54",
            "open": "3.5992",
            "high": "3.5998",
            "low": "3.5992",
            "close": "3.6156"
        },
        {
            "time": "29.08.2021 21:09",
            "open": "3.6156",
            "high": "3.6195",
            "low": "3.6156",
            "close": "3.6199"
        },
        {
            "time": "29.08.2021 21:18",
            "open": "3.6199",
            "high": "3.6199",
            "low": "3.6199",
            "close": "3.6269"
        },
        {
            "time": "29.08.2021 21:19",
            "open": "3.6269",
            "high": "3.6391",
            "low": "3.6269",
            "close": "3.641"
        },
        {
            "time": "29.08.2021 21:24",
            "open": "3.641",
            "high": "3.641",
            "low": "3.641",
            "close": "3.641"
        },
        {
            "time": "29.08.2021 21:25",
            "open": "3.641",
            "high": "3.641",
            "low": "3.641",
            "close": "3.6244"
        },
        {
            "time": "29.08.2021 21:35",
            "open": "3.6244",
            "high": "3.6244",
            "low": "3.6234",
            "close": "3.6253"
        },
        {
            "time": "29.08.2021 21:36",
            "open": "3.6253",
            "high": "3.636",
            "low": "3.6253",
            "close": "3.6093"
        },
        {
            "time": "29.08.2021 21:56",
            "open": "3.6093",
            "high": "3.613",
            "low": "3.6093",
            "close": "3.6214"
        },
        {
            "time": "29.08.2021 22:01",
            "open": "3.6214",
            "high": "3.6214",
            "low": "3.6214",
            "close": "3.6095"
        },
        {
            "time": "29.08.2021 22:08",
            "open": "3.6095",
            "high": "3.6095",
            "low": "3.605",
            "close": "3.6003"
        },
        {
            "time": "29.08.2021 22:09",
            "open": "3.6003",
            "high": "3.6003",
            "low": "3.6003",
            "close": "3.6038"
        },
        {
            "time": "29.08.2021 22:11",
            "open": "3.6038",
            "high": "3.6038",
            "low": "3.6038",
            "close": "3.6141"
        },
        {
            "time": "29.08.2021 22:16",
            "open": "3.6141",
            "high": "3.6141",
            "low": "3.6141",
            "close": "3.6175"
        },
        {
            "time": "29.08.2021 22:21",
            "open": "3.6175",
            "high": "3.6175",
            "low": "3.6175",
            "close": "3.6159"
        },
        {
            "time": "29.08.2021 22:25",
            "open": "3.6159",
            "high": "3.6159",
            "low": "3.6159",
            "close": "3.6039"
        },
        {
            "time": "29.08.2021 22:31",
            "open": "3.6039",
            "high": "3.6039",
            "low": "3.6038",
            "close": "3.6038"
        },
        {
            "time": "29.08.2021 22:32",
            "open": "3.6038",
            "high": "3.6038",
            "low": "3.6038",
            "close": "3.5947"
        },
        {
            "time": "29.08.2021 22:45",
            "open": "3.5947",
            "high": "3.5947",
            "low": "3.591",
            "close": "3.6007"
        },
        {
            "time": "29.08.2021 22:51",
            "open": "3.6007",
            "high": "3.6007",
            "low": "3.6007",
            "close": "3.6013"
        },
        {
            "time": "29.08.2021 23:01",
            "open": "3.6013",
            "high": "3.6013",
            "low": "3.6007",
            "close": "3.6005"
        },
        {
            "time": "29.08.2021 23:12",
            "open": "3.6005",
            "high": "3.6005",
            "low": "3.6005",
            "close": "3.6155"
        },
        {
            "time": "29.08.2021 23:25",
            "open": "3.6155",
            "high": "3.6158",
            "low": "3.6155",
            "close": "3.6166"
        },
        {
            "time": "29.08.2021 23:30",
            "open": "3.6166",
            "high": "3.6166",
            "low": "3.6109",
            "close": "3.6023"
        },
        {
            "time": "29.08.2021 23:43",
            "open": "3.6023",
            "high": "3.6023",
            "low": "3.6023",
            "close": "3.5827"
        }
    ]
}