{
    "BNT-EUR": [
        {
            "time": "05.04.2021 23:53",
            "open": "6.4757",
            "high": "6.4757",
            "low": "6.4757",
            "close": "6.501"
        },
        {
            "time": "06.04.2021 00:07",
            "open": "6.501",
            "high": "6.501",
            "low": "6.4991",
            "close": "6.5129"
        },
        {
            "time": "06.04.2021 00:08",
            "open": "6.5129",
            "high": "6.5129",
            "low": "6.5129",
            "close": "6.5126"
        },
        {
            "time": "06.04.2021 00:09",
            "open": "6.5126",
            "high": "6.5126",
            "low": "6.5126",
            "close": "6.5133"
        },
        {
            "time": "06.04.2021 00:11",
            "open": "6.5133",
            "high": "6.5133",
            "low": "6.512",
            "close": "6.499"
        },
        {
            "time": "06.04.2021 00:12",
            "open": "6.499",
            "high": "6.499",
            "low": "6.499",
            "close": "6.499"
        },
        {
            "time": "06.04.2021 00:16",
            "open": "6.499",
            "high": "6.499",
            "low": "6.499",
            "close": "6.4925"
        },
        {
            "time": "06.04.2021 00:17",
            "open": "6.4925",
            "high": "6.4925",
            "low": "6.4925",
            "close": "6.473"
        },
        {
            "time": "06.04.2021 00:20",
            "open": "6.473",
            "high": "6.473",
            "low": "6.4632",
            "close": "6.5136"
        },
        {
            "time": "06.04.2021 00:44",
            "open": "6.5136",
            "high": "6.5136",
            "low": "6.5136",
            "close": "6.5136"
        },
        {
            "time": "06.04.2021 00:45",
            "open": "6.5136",
            "high": "6.52",
            "low": "6.5136",
            "close": "6.5147"
        },
        {
            "time": "06.04.2021 00:46",
            "open": "6.5147",
            "high": "6.5147",
            "low": "6.5147",
            "close": "6.5238"
        },
        {
            "time": "06.04.2021 00:49",
            "open": "6.5238",
            "high": "6.5238",
            "low": "6.5236",
            "close": "6.5083"
        },
        {
            "time": "06.04.2021 00:50",
            "open": "6.5083",
            "high": "6.5083",
            "low": "6.5082",
            "close": "6.5174"
        },
        {
            "time": "06.04.2021 00:51",
            "open": "6.5174",
            "high": "6.5175",
            "low": "6.5174",
            "close": "6.5082"
        },
        {
            "time": "06.04.2021 00:54",
            "open": "6.5082",
            "high": "6.5082",
            "low": "6.504",
            "close": "6.5022"
        },
        {
            "time": "06.04.2021 01:00",
            "open": "6.5022",
            "high": "6.5022",
            "low": "6.5022",
            "close": "6.4835"
        },
        {
            "time": "06.04.2021 01:01",
            "open": "6.4835",
            "high": "6.4983",
            "low": "6.4701",
            "close": "6.4621"
        },
        {
            "time": "06.04.2021 01:11",
            "open": "6.4621",
            "high": "6.4621",
            "low": "6.4621",
            "close": "6.46"
        },
        {
            "time": "06.04.2021 01:12",
            "open": "6.46",
            "high": "6.46",
            "low": "6.45",
            "close": "6.4548"
        },
        {
            "time": "06.04.2021 01:15",
            "open": "6.4548",
            "high": "6.4548",
            "low": "6.4548",
            "close": "6.453"
        },
        {
            "time": "06.04.2021 01:50",
            "open": "6.453",
            "high": "6.453",
            "low": "6.453",
            "close": "6.5149"
        },
        {
            "time": "06.04.2021 02:04",
            "open": "6.5149",
            "high": "6.5149",
            "low": "6.5149",
            "close": "6.5149"
        },
        {
            "time": "06.04.2021 02:13",
            "open": "6.5149",
            "high": "6.5149",
            "low": "6.5149",
            "close": "6.5246"
        },
        {
            "time": "06.04.2021 02:15",
            "open": "6.5246",
            "high": "6.5259",
            "low": "6.5246",
            "close": "6.5232"
        },
        {
            "time": "06.04.2021 02:18",
            "open": "6.5232",
            "high": "6.5232",
            "low": "6.5232",
            "close": "6.5353"
        },
        {
            "time": "06.04.2021 02:26",
            "open": "6.5353",
            "high": "6.5353",
            "low": "6.5311",
            "close": "6.5375"
        },
        {
            "time": "06.04.2021 02:27",
            "open": "6.5375",
            "high": "6.5375",
            "low": "6.5375",
            "close": "6.5387"
        },
        {
            "time": "06.04.2021 02:28",
            "open": "6.5387",
            "high": "6.54",
            "low": "6.5387",
            "close": "6.54"
        },
        {
            "time": "06.04.2021 02:30",
            "open": "6.54",
            "high": "6.54",
            "low": "6.54",
            "close": "6.54"
        },
        {
            "time": "06.04.2021 02:31",
            "open": "6.54",
            "high": "6.54",
            "low": "6.54",
            "close": "6.5428"
        },
        {
            "time": "06.04.2021 03:03",
            "open": "6.5428",
            "high": "6.5429",
            "low": "6.5428",
            "close": "6.532"
        },
        {
            "time": "06.04.2021 03:04",
            "open": "6.532",
            "high": "6.532",
            "low": "6.5265",
            "close": "6.5255"
        },
        {
            "time": "06.04.2021 03:05",
            "open": "6.5255",
            "high": "6.5255",
            "low": "6.5255",
            "close": "6.54"
        },
        {
            "time": "06.04.2021 03:13",
            "open": "6.54",
            "high": "6.5509",
            "low": "6.54",
            "close": "6.537"
        },
        {
            "time": "06.04.2021 03:16",
            "open": "6.537",
            "high": "6.537",
            "low": "6.537",
            "close": "6.5005"
        },
        {
            "time": "06.04.2021 03:21",
            "open": "6.5005",
            "high": "6.5005",
            "low": "6.493",
            "close": "6.4863"
        },
        {
            "time": "06.04.2021 03:47",
            "open": "6.4863",
            "high": "6.4863",
            "low": "6.4863",
            "close": "6.4857"
        },
        {
            "time": "06.04.2021 04:00",
            "open": "6.4857",
            "high": "6.4858",
            "low": "6.4855",
            "close": "6.49"
        },
        {
            "time": "06.04.2021 04:01",
            "open": "6.49",
            "high": "6.49",
            "low": "6.49",
            "close": "6.4741"
        },
        {
            "time": "06.04.2021 04:26",
            "open": "6.4741",
            "high": "6.4743",
            "low": "6.4741",
            "close": "6.4872"
        },
        {
            "time": "06.04.2021 04:27",
            "open": "6.4872",
            "high": "6.4872",
            "low": "6.4872",
            "close": "6.4857"
        },
        {
            "time": "06.04.2021 04:30",
            "open": "6.4857",
            "high": "6.4857",
            "low": "6.4857",
            "close": "6.4854"
        },
        {
            "time": "06.04.2021 04:32",
            "open": "6.4854",
            "high": "6.4854",
            "low": "6.4854",
            "close": "6.505"
        },
        {
            "time": "06.04.2021 04:51",
            "open": "6.505",
            "high": "6.505",
            "low": "6.505",
            "close": "6.5126"
        },
        {
            "time": "06.04.2021 04:58",
            "open": "6.5126",
            "high": "6.5126",
            "low": "6.5126",
            "close": "6.4964"
        },
        {
            "time": "06.04.2021 04:59",
            "open": "6.4964",
            "high": "6.4964",
            "low": "6.4964",
            "close": "6.5102"
        },
        {
            "time": "06.04.2021 05:00",
            "open": "6.5102",
            "high": "6.5102",
            "low": "6.5102",
            "close": "6.5"
        },
        {
            "time": "06.04.2021 05:03",
            "open": "6.5",
            "high": "6.5",
            "low": "6.5",
            "close": "6.5168"
        },
        {
            "time": "06.04.2021 05:14",
            "open": "6.5168",
            "high": "6.5168",
            "low": "6.5135",
            "close": "6.523"
        },
        {
            "time": "06.04.2021 05:23",
            "open": "6.523",
            "high": "6.523",
            "low": "6.523",
            "close": "6.5078"
        },
        {
            "time": "06.04.2021 05:39",
            "open": "6.5078",
            "high": "6.5078",
            "low": "6.5078",
            "close": "6.5108"
        },
        {
            "time": "06.04.2021 05:40",
            "open": "6.5108",
            "high": "6.5108",
            "low": "6.5108",
            "close": "6.5229"
        },
        {
            "time": "06.04.2021 06:33",
            "open": "6.5229",
            "high": "6.5229",
            "low": "6.5229",
            "close": "6.5316"
        },
        {
            "time": "06.04.2021 06:50",
            "open": "6.5316",
            "high": "6.5316",
            "low": "6.5316",
            "close": "6.5229"
        },
        {
            "time": "06.04.2021 06:52",
            "open": "6.5229",
            "high": "6.5443",
            "low": "6.5229",
            "close": "6.5277"
        },
        {
            "time": "06.04.2021 07:03",
            "open": "6.5277",
            "high": "6.5277",
            "low": "6.5277",
            "close": "6.5406"
        },
        {
            "time": "06.04.2021 07:14",
            "open": "6.5406",
            "high": "6.5447",
            "low": "6.5406",
            "close": "6.5275"
        },
        {
            "time": "06.04.2021 07:15",
            "open": "6.5275",
            "high": "6.5275",
            "low": "6.5275",
            "close": "6.5385"
        },
        {
            "time": "06.04.2021 07:23",
            "open": "6.5385",
            "high": "6.5385",
            "low": "6.5385",
            "close": "6.5517"
        },
        {
            "time": "06.04.2021 07:40",
            "open": "6.5517",
            "high": "6.5532",
            "low": "6.5517",
            "close": "6.5465"
        },
        {
            "time": "06.04.2021 07:42",
            "open": "6.5465",
            "high": "6.5465",
            "low": "6.5465",
            "close": "6.5442"
        },
        {
            "time": "06.04.2021 07:52",
            "open": "6.5442",
            "high": "6.5442",
            "low": "6.5442",
            "close": "6.5276"
        },
        {
            "time": "06.04.2021 08:01",
            "open": "6.5276",
            "high": "6.5276",
            "low": "6.5276",
            "close": "6.5351"
        },
        {
            "time": "06.04.2021 08:03",
            "open": "6.5351",
            "high": "6.5351",
            "low": "6.5351",
            "close": "6.5352"
        },
        {
            "time": "06.04.2021 08:05",
            "open": "6.5352",
            "high": "6.5353",
            "low": "6.5352",
            "close": "6.5238"
        },
        {
            "time": "06.04.2021 08:06",
            "open": "6.5238",
            "high": "6.5238",
            "low": "6.5238",
            "close": "6.5211"
        },
        {
            "time": "06.04.2021 08:10",
            "open": "6.5211",
            "high": "6.5283",
            "low": "6.5209",
            "close": "6.5152"
        },
        {
            "time": "06.04.2021 08:14",
            "open": "6.5152",
            "high": "6.5152",
            "low": "6.5152",
            "close": "6.5195"
        },
        {
            "time": "06.04.2021 08:22",
            "open": "6.5195",
            "high": "6.5198",
            "low": "6.5195",
            "close": "6.5266"
        },
        {
            "time": "06.04.2021 08:26",
            "open": "6.5266",
            "high": "6.5266",
            "low": "6.5266",
            "close": "6.5218"
        },
        {
            "time": "06.04.2021 08:32",
            "open": "6.5218",
            "high": "6.5218",
            "low": "6.5216",
            "close": "6.5279"
        },
        {
            "time": "06.04.2021 08:34",
            "open": "6.5279",
            "high": "6.5413",
            "low": "6.5279",
            "close": "6.5212"
        },
        {
            "time": "06.04.2021 08:36",
            "open": "6.5212",
            "high": "6.5212",
            "low": "6.5212",
            "close": "6.53"
        },
        {
            "time": "06.04.2021 08:42",
            "open": "6.53",
            "high": "6.5382",
            "low": "6.53",
            "close": "6.5448"
        },
        {
            "time": "06.04.2021 08:48",
            "open": "6.5448",
            "high": "6.5448",
            "low": "6.5448",
            "close": "6.5351"
        },
        {
            "time": "06.04.2021 08:50",
            "open": "6.5351",
            "high": "6.5351",
            "low": "6.535",
            "close": "6.5386"
        },
        {
            "time": "06.04.2021 08:58",
            "open": "6.5386",
            "high": "6.5388",
            "low": "6.5386",
            "close": "6.5393"
        },
        {
            "time": "06.04.2021 09:00",
            "open": "6.5393",
            "high": "6.5393",
            "low": "6.5393",
            "close": "6.5305"
        },
        {
            "time": "06.04.2021 09:03",
            "open": "6.5305",
            "high": "6.5305",
            "low": "6.5305",
            "close": "6.5329"
        },
        {
            "time": "06.04.2021 09:05",
            "open": "6.5329",
            "high": "6.5371",
            "low": "6.5201",
            "close": "6.5301"
        },
        {
            "time": "06.04.2021 09:07",
            "open": "6.5301",
            "high": "6.5301",
            "low": "6.5301",
            "close": "6.5304"
        },
        {
            "time": "06.04.2021 09:09",
            "open": "6.5304",
            "high": "6.5304",
            "low": "6.5304",
            "close": "6.5184"
        },
        {
            "time": "06.04.2021 09:12",
            "open": "6.5184",
            "high": "6.5184",
            "low": "6.5183",
            "close": "6.5355"
        },
        {
            "time": "06.04.2021 09:14",
            "open": "6.5355",
            "high": "6.5394",
            "low": "6.5355",
            "close": "6.5438"
        },
        {
            "time": "06.04.2021 09:17",
            "open": "6.5438",
            "high": "6.5529",
            "low": "6.5438",
            "close": "6.5443"
        },
        {
            "time": "06.04.2021 09:19",
            "open": "6.5443",
            "high": "6.5443",
            "low": "6.5443",
            "close": "6.54"
        },
        {
            "time": "06.04.2021 09:20",
            "open": "6.54",
            "high": "6.54",
            "low": "6.54",
            "close": "6.5365"
        },
        {
            "time": "06.04.2021 09:21",
            "open": "6.5365",
            "high": "6.5365",
            "low": "6.5365",
            "close": "6.5284"
        },
        {
            "time": "06.04.2021 09:23",
            "open": "6.5284",
            "high": "6.5284",
            "low": "6.5208",
            "close": "6.4982"
        },
        {
            "time": "06.04.2021 09:35",
            "open": "6.4982",
            "high": "6.4982",
            "low": "6.4908",
            "close": "6.4833"
        },
        {
            "time": "06.04.2021 09:41",
            "open": "6.4833",
            "high": "6.4833",
            "low": "6.4831",
            "close": "6.5013"
        },
        {
            "time": "06.04.2021 09:43",
            "open": "6.5013",
            "high": "6.5013",
            "low": "6.5013",
            "close": "6.5024"
        },
        {
            "time": "06.04.2021 09:45",
            "open": "6.5024",
            "high": "6.5024",
            "low": "6.5024",
            "close": "6.4943"
        },
        {
            "time": "06.04.2021 09:52",
            "open": "6.4943",
            "high": "6.4943",
            "low": "6.4943",
            "close": "6.4825"
        },
        {
            "time": "06.04.2021 09:58",
            "open": "6.4825",
            "high": "6.4825",
            "low": "6.4825",
            "close": "6.4802"
        },
        {
            "time": "06.04.2021 09:59",
            "open": "6.4802",
            "high": "6.4802",
            "low": "6.4802",
            "close": "6.4501"
        },
        {
            "time": "06.04.2021 10:06",
            "open": "6.4501",
            "high": "6.4797",
            "low": "6.4501",
            "close": "6.4585"
        },
        {
            "time": "06.04.2021 10:08",
            "open": "6.4585",
            "high": "6.4717",
            "low": "6.4585",
            "close": "6.5062"
        },
        {
            "time": "06.04.2021 10:09",
            "open": "6.5062",
            "high": "6.5062",
            "low": "6.4812",
            "close": "6.501"
        },
        {
            "time": "06.04.2021 10:10",
            "open": "6.501",
            "high": "6.503",
            "low": "6.501",
            "close": "6.5206"
        },
        {
            "time": "06.04.2021 10:11",
            "open": "6.5206",
            "high": "6.5206",
            "low": "6.5203",
            "close": "6.5046"
        },
        {
            "time": "06.04.2021 10:12",
            "open": "6.5046",
            "high": "6.5046",
            "low": "6.5046",
            "close": "6.5199"
        },
        {
            "time": "06.04.2021 10:15",
            "open": "6.5199",
            "high": "6.5199",
            "low": "6.5199",
            "close": "6.5047"
        },
        {
            "time": "06.04.2021 10:16",
            "open": "6.5047",
            "high": "6.5224",
            "low": "6.5047",
            "close": "6.5378"
        },
        {
            "time": "06.04.2021 10:21",
            "open": "6.5378",
            "high": "6.5378",
            "low": "6.5378",
            "close": "6.5348"
        },
        {
            "time": "06.04.2021 10:26",
            "open": "6.5348",
            "high": "6.5348",
            "low": "6.5348",
            "close": "6.5251"
        },
        {
            "time": "06.04.2021 10:31",
            "open": "6.5251",
            "high": "6.5251",
            "low": "6.525",
            "close": "6.5204"
        },
        {
            "time": "06.04.2021 10:40",
            "open": "6.5204",
            "high": "6.5204",
            "low": "6.5204",
            "close": "6.5"
        },
        {
            "time": "06.04.2021 10:43",
            "open": "6.5",
            "high": "6.5123",
            "low": "6.4909",
            "close": "6.5048"
        },
        {
            "time": "06.04.2021 10:45",
            "open": "6.5048",
            "high": "6.5069",
            "low": "6.5048",
            "close": "6.4937"
        },
        {
            "time": "06.04.2021 10:47",
            "open": "6.4937",
            "high": "6.5089",
            "low": "6.4937",
            "close": "6.4888"
        },
        {
            "time": "06.04.2021 10:48",
            "open": "6.4888",
            "high": "6.4975",
            "low": "6.4882",
            "close": "6.49"
        },
        {
            "time": "06.04.2021 10:54",
            "open": "6.49",
            "high": "6.49",
            "low": "6.49",
            "close": "6.4789"
        },
        {
            "time": "06.04.2021 10:59",
            "open": "6.4789",
            "high": "6.4793",
            "low": "6.4789",
            "close": "6.4686"
        },
        {
            "time": "06.04.2021 11:01",
            "open": "6.4686",
            "high": "6.4686",
            "low": "6.4686",
            "close": "6.48"
        },
        {
            "time": "06.04.2021 11:02",
            "open": "6.48",
            "high": "6.48",
            "low": "6.48",
            "close": "6.4653"
        },
        {
            "time": "06.04.2021 11:11",
            "open": "6.4653",
            "high": "6.4653",
            "low": "6.4653",
            "close": "6.4799"
        },
        {
            "time": "06.04.2021 11:12",
            "open": "6.4799",
            "high": "6.4897",
            "low": "6.4695",
            "close": "6.5224"
        },
        {
            "time": "06.04.2021 11:32",
            "open": "6.5332",
            "high": "6.5332",
            "low": "6.5332",
            "close": "6.5494"
        },
        {
            "time": "06.04.2021 11:39",
            "open": "6.5494",
            "high": "6.5547",
            "low": "6.5494",
            "close": "6.5492"
        },
        {
            "time": "06.04.2021 11:41",
            "open": "6.5492",
            "high": "6.5492",
            "low": "6.5492",
            "close": "6.55"
        },
        {
            "time": "06.04.2021 11:42",
            "open": "6.55",
            "high": "6.55",
            "low": "6.55",
            "close": "6.5552"
        },
        {
            "time": "06.04.2021 11:45",
            "open": "6.5552",
            "high": "6.5565",
            "low": "6.5552",
            "close": "6.5465"
        },
        {
            "time": "06.04.2021 11:46",
            "open": "6.5465",
            "high": "6.5465",
            "low": "6.5464",
            "close": "6.545"
        },
        {
            "time": "06.04.2021 11:48",
            "open": "6.545",
            "high": "6.545",
            "low": "6.545",
            "close": "6.5495"
        },
        {
            "time": "06.04.2021 11:55",
            "open": "6.5495",
            "high": "6.5495",
            "low": "6.5495",
            "close": "6.5491"
        },
        {
            "time": "06.04.2021 11:56",
            "open": "6.5491",
            "high": "6.5494",
            "low": "6.5491",
            "close": "6.5499"
        },
        {
            "time": "06.04.2021 12:03",
            "open": "6.5499",
            "high": "6.5604",
            "low": "6.5429",
            "close": "6.5284"
        },
        {
            "time": "06.04.2021 12:06",
            "open": "6.5284",
            "high": "6.5284",
            "low": "6.5284",
            "close": "6.5128"
        },
        {
            "time": "06.04.2021 12:07",
            "open": "6.5128",
            "high": "6.5129",
            "low": "6.5128",
            "close": "6.5189"
        },
        {
            "time": "06.04.2021 12:08",
            "open": "6.5189",
            "high": "6.5189",
            "low": "6.5189",
            "close": "6.5189"
        },
        {
            "time": "06.04.2021 12:09",
            "open": "6.5189",
            "high": "6.5334",
            "low": "6.5189",
            "close": "6.5409"
        },
        {
            "time": "06.04.2021 12:11",
            "open": "6.5409",
            "high": "6.5409",
            "low": "6.5409",
            "close": "6.5478"
        },
        {
            "time": "06.04.2021 12:13",
            "open": "6.5478",
            "high": "6.5478",
            "low": "6.5478",
            "close": "6.5603"
        },
        {
            "time": "06.04.2021 12:20",
            "open": "6.5603",
            "high": "6.5603",
            "low": "6.5603",
            "close": "6.5451"
        },
        {
            "time": "06.04.2021 12:27",
            "open": "6.5451",
            "high": "6.5566",
            "low": "6.5451",
            "close": "6.5537"
        },
        {
            "time": "06.04.2021 12:28",
            "open": "6.5537",
            "high": "6.5537",
            "low": "6.5537",
            "close": "6.5577"
        },
        {
            "time": "06.04.2021 12:29",
            "open": "6.5577",
            "high": "6.5642",
            "low": "6.5574",
            "close": "6.5616"
        },
        {
            "time": "06.04.2021 12:30",
            "open": "6.5616",
            "high": "6.5616",
            "low": "6.5616",
            "close": "6.5643"
        },
        {
            "time": "06.04.2021 12:31",
            "open": "6.5643",
            "high": "6.5643",
            "low": "6.5643",
            "close": "6.57"
        },
        {
            "time": "06.04.2021 12:32",
            "open": "6.57",
            "high": "6.57",
            "low": "6.57",
            "close": "6.56"
        },
        {
            "time": "06.04.2021 12:34",
            "open": "6.56",
            "high": "6.56",
            "low": "6.56",
            "close": "6.5548"
        },
        {
            "time": "06.04.2021 12:35",
            "open": "6.5548",
            "high": "6.567",
            "low": "6.5548",
            "close": "6.5341"
        },
        {
            "time": "06.04.2021 12:36",
            "open": "6.5341",
            "high": "6.5341",
            "low": "6.5341",
            "close": "6.5301"
        },
        {
            "time": "06.04.2021 12:39",
            "open": "6.5301",
            "high": "6.5301",
            "low": "6.5301",
            "close": "6.5367"
        },
        {
            "time": "06.04.2021 12:45",
            "open": "6.5367",
            "high": "6.5367",
            "low": "6.5344",
            "close": "6.5226"
        },
        {
            "time": "06.04.2021 12:46",
            "open": "6.5226",
            "high": "6.5279",
            "low": "6.5224",
            "close": "6.5164"
        },
        {
            "time": "06.04.2021 12:52",
            "open": "6.5164",
            "high": "6.5164",
            "low": "6.5164",
            "close": "6.5331"
        },
        {
            "time": "06.04.2021 12:54",
            "open": "6.5331",
            "high": "6.5331",
            "low": "6.5331",
            "close": "6.531"
        },
        {
            "time": "06.04.2021 12:55",
            "open": "6.531",
            "high": "6.531",
            "low": "6.5305",
            "close": "6.5164"
        },
        {
            "time": "06.04.2021 12:57",
            "open": "6.5164",
            "high": "6.5164",
            "low": "6.5083",
            "close": "6.5034"
        },
        {
            "time": "06.04.2021 12:58",
            "open": "6.5034",
            "high": "6.5034",
            "low": "6.4969",
            "close": "6.4697"
        },
        {
            "time": "06.04.2021 12:59",
            "open": "6.4697",
            "high": "6.4697",
            "low": "6.4651",
            "close": "6.473"
        },
        {
            "time": "06.04.2021 13:00",
            "open": "6.473",
            "high": "6.4744",
            "low": "6.4729",
            "close": "6.4969"
        },
        {
            "time": "06.04.2021 13:02",
            "open": "6.4969",
            "high": "6.4969",
            "low": "6.4969",
            "close": "6.486"
        },
        {
            "time": "06.04.2021 13:06",
            "open": "6.486",
            "high": "6.486",
            "low": "6.486",
            "close": "6.5052"
        },
        {
            "time": "06.04.2021 13:07",
            "open": "6.5052",
            "high": "6.5052",
            "low": "6.4955",
            "close": "6.5"
        },
        {
            "time": "06.04.2021 13:11",
            "open": "6.5",
            "high": "6.5",
            "low": "6.5",
            "close": "6.5025"
        },
        {
            "time": "06.04.2021 13:14",
            "open": "6.5025",
            "high": "6.5025",
            "low": "6.5025",
            "close": "6.4807"
        },
        {
            "time": "06.04.2021 13:15",
            "open": "6.4807",
            "high": "6.4824",
            "low": "6.4756",
            "close": "6.4867"
        },
        {
            "time": "06.04.2021 13:17",
            "open": "6.4867",
            "high": "6.4867",
            "low": "6.4867",
            "close": "6.4865"
        },
        {
            "time": "06.04.2021 13:19",
            "open": "6.4865",
            "high": "6.4867",
            "low": "6.4865",
            "close": "6.4684"
        },
        {
            "time": "06.04.2021 13:21",
            "open": "6.4684",
            "high": "6.4684",
            "low": "6.4684",
            "close": "6.4684"
        },
        {
            "time": "06.04.2021 13:22",
            "open": "6.4684",
            "high": "6.4684",
            "low": "6.4684",
            "close": "6.4598"
        },
        {
            "time": "06.04.2021 13:23",
            "open": "6.4598",
            "high": "6.4598",
            "low": "6.4598",
            "close": "6.4693"
        },
        {
            "time": "06.04.2021 13:25",
            "open": "6.4693",
            "high": "6.4693",
            "low": "6.4693",
            "close": "6.4864"
        },
        {
            "time": "06.04.2021 13:26",
            "open": "6.4864",
            "high": "6.4933",
            "low": "6.4864",
            "close": "6.4898"
        },
        {
            "time": "06.04.2021 13:39",
            "open": "6.4898",
            "high": "6.4944",
            "low": "6.4801",
            "close": "6.4685"
        },
        {
            "time": "06.04.2021 13:51",
            "open": "6.4685",
            "high": "6.4801",
            "low": "6.4641",
            "close": "6.4746"
        },
        {
            "time": "06.04.2021 13:54",
            "open": "6.4746",
            "high": "6.4746",
            "low": "6.4746",
            "close": "6.4701"
        },
        {
            "time": "06.04.2021 14:01",
            "open": "6.4701",
            "high": "6.4802",
            "low": "6.4701",
            "close": "6.4946"
        },
        {
            "time": "06.04.2021 14:02",
            "open": "6.4948",
            "high": "6.4948",
            "low": "6.4948",
            "close": "6.533"
        },
        {
            "time": "06.04.2021 14:06",
            "open": "6.533",
            "high": "6.533",
            "low": "6.533",
            "close": "6.533"
        },
        {
            "time": "06.04.2021 14:07",
            "open": "6.533",
            "high": "6.5461",
            "low": "6.533",
            "close": "6.55"
        },
        {
            "time": "06.04.2021 14:09",
            "open": "6.55",
            "high": "6.55",
            "low": "6.55",
            "close": "6.5764"
        },
        {
            "time": "06.04.2021 14:10",
            "open": "6.5764",
            "high": "6.5828",
            "low": "6.5764",
            "close": "6.5671"
        },
        {
            "time": "06.04.2021 14:11",
            "open": "6.5671",
            "high": "6.5671",
            "low": "6.5294",
            "close": "6.5424"
        },
        {
            "time": "06.04.2021 14:12",
            "open": "6.5424",
            "high": "6.5681",
            "low": "6.5405",
            "close": "6.5627"
        },
        {
            "time": "06.04.2021 14:15",
            "open": "6.5627",
            "high": "6.5629",
            "low": "6.5627",
            "close": "6.5696"
        },
        {
            "time": "06.04.2021 14:17",
            "open": "6.5696",
            "high": "6.5726",
            "low": "6.5696",
            "close": "6.5704"
        },
        {
            "time": "06.04.2021 14:18",
            "open": "6.5704",
            "high": "6.5704",
            "low": "6.5704",
            "close": "6.5886"
        },
        {
            "time": "06.04.2021 14:22",
            "open": "6.5886",
            "high": "6.6",
            "low": "6.5886",
            "close": "6.6"
        },
        {
            "time": "06.04.2021 14:23",
            "open": "6.6",
            "high": "6.6",
            "low": "6.6",
            "close": "6.6125"
        },
        {
            "time": "06.04.2021 14:24",
            "open": "6.6125",
            "high": "6.615",
            "low": "6.6125",
            "close": "6.6193"
        },
        {
            "time": "06.04.2021 14:26",
            "open": "6.6193",
            "high": "6.6193",
            "low": "6.6193",
            "close": "6.6124"
        },
        {
            "time": "06.04.2021 14:27",
            "open": "6.6124",
            "high": "6.6127",
            "low": "6.6124",
            "close": "6.6041"
        },
        {
            "time": "06.04.2021 14:28",
            "open": "6.6041",
            "high": "6.6236",
            "low": "6.6041",
            "close": "6.6242"
        },
        {
            "time": "06.04.2021 14:29",
            "open": "6.6242",
            "high": "6.6242",
            "low": "6.6242",
            "close": "6.625"
        },
        {
            "time": "06.04.2021 14:30",
            "open": "6.625",
            "high": "6.63",
            "low": "6.625",
            "close": "6.6289"
        },
        {
            "time": "06.04.2021 14:34",
            "open": "6.6289",
            "high": "6.6289",
            "low": "6.6289",
            "close": "6.63"
        },
        {
            "time": "06.04.2021 14:35",
            "open": "6.63",
            "high": "6.63",
            "low": "6.63",
            "close": "6.63"
        },
        {
            "time": "06.04.2021 14:36",
            "open": "6.63",
            "high": "6.6455",
            "low": "6.63",
            "close": "6.6379"
        },
        {
            "time": "06.04.2021 14:38",
            "open": "6.6379",
            "high": "6.6379",
            "low": "6.6379",
            "close": "6.628"
        },
        {
            "time": "06.04.2021 14:39",
            "open": "6.628",
            "high": "6.628",
            "low": "6.6276",
            "close": "6.627"
        },
        {
            "time": "06.04.2021 14:43",
            "open": "6.627",
            "high": "6.627",
            "low": "6.6097",
            "close": "6.6148"
        },
        {
            "time": "06.04.2021 14:44",
            "open": "6.6148",
            "high": "6.6148",
            "low": "6.6148",
            "close": "6.6148"
        },
        {
            "time": "06.04.2021 14:45",
            "open": "6.6148",
            "high": "6.6148",
            "low": "6.6148",
            "close": "6.6023"
        },
        {
            "time": "06.04.2021 14:48",
            "open": "6.6023",
            "high": "6.6023",
            "low": "6.6023",
            "close": "6.579"
        },
        {
            "time": "06.04.2021 14:52",
            "open": "6.579",
            "high": "6.5885",
            "low": "6.5701",
            "close": "6.5686"
        },
        {
            "time": "06.04.2021 14:55",
            "open": "6.5686",
            "high": "6.5686",
            "low": "6.5686",
            "close": "6.5743"
        },
        {
            "time": "06.04.2021 14:56",
            "open": "6.5743",
            "high": "6.5743",
            "low": "6.5573",
            "close": "6.5585"
        },
        {
            "time": "06.04.2021 14:57",
            "open": "6.5585",
            "high": "6.5585",
            "low": "6.5548",
            "close": "6.58"
        },
        {
            "time": "06.04.2021 15:05",
            "open": "6.58",
            "high": "6.5869",
            "low": "6.58",
            "close": "6.5877"
        },
        {
            "time": "06.04.2021 15:07",
            "open": "6.5877",
            "high": "6.5882",
            "low": "6.5877",
            "close": "6.5811"
        },
        {
            "time": "06.04.2021 15:08",
            "open": "6.5811",
            "high": "6.5811",
            "low": "6.5811",
            "close": "6.5612"
        },
        {
            "time": "06.04.2021 15:09",
            "open": "6.5612",
            "high": "6.5612",
            "low": "6.5612",
            "close": "6.5684"
        },
        {
            "time": "06.04.2021 15:13",
            "open": "6.5684",
            "high": "6.5684",
            "low": "6.5684",
            "close": "6.5812"
        },
        {
            "time": "06.04.2021 15:20",
            "open": "6.5812",
            "high": "6.5812",
            "low": "6.5812",
            "close": "6.5813"
        },
        {
            "time": "06.04.2021 15:26",
            "open": "6.5813",
            "high": "6.5813",
            "low": "6.579",
            "close": "6.5815"
        },
        {
            "time": "06.04.2021 15:33",
            "open": "6.5815",
            "high": "6.5815",
            "low": "6.5815",
            "close": "6.5918"
        },
        {
            "time": "06.04.2021 15:34",
            "open": "6.5918",
            "high": "6.5918",
            "low": "6.5886",
            "close": "6.5612"
        },
        {
            "time": "06.04.2021 15:40",
            "open": "6.5612",
            "high": "6.5612",
            "low": "6.5488",
            "close": "6.5869"
        },
        {
            "time": "06.04.2021 15:46",
            "open": "6.5869",
            "high": "6.5869",
            "low": "6.5869",
            "close": "6.5868"
        },
        {
            "time": "06.04.2021 15:48",
            "open": "6.5868",
            "high": "6.5868",
            "low": "6.5775",
            "close": "6.5842"
        },
        {
            "time": "06.04.2021 15:49",
            "open": "6.5842",
            "high": "6.614",
            "low": "6.5679",
            "close": "6.5544"
        },
        {
            "time": "06.04.2021 15:50",
            "open": "6.5544",
            "high": "6.5544",
            "low": "6.5381",
            "close": "6.5381"
        },
        {
            "time": "06.04.2021 15:51",
            "open": "6.5381",
            "high": "6.5381",
            "low": "6.5381",
            "close": "6.5381"
        },
        {
            "time": "06.04.2021 15:53",
            "open": "6.5381",
            "high": "6.5381",
            "low": "6.5381",
            "close": "6.5335"
        },
        {
            "time": "06.04.2021 15:55",
            "open": "6.5335",
            "high": "6.5335",
            "low": "6.5335",
            "close": "6.5345"
        },
        {
            "time": "06.04.2021 15:56",
            "open": "6.5345",
            "high": "6.5345",
            "low": "6.5345",
            "close": "6.5478"
        },
        {
            "time": "06.04.2021 15:59",
            "open": "6.5478",
            "high": "6.5478",
            "low": "6.5478",
            "close": "6.5395"
        },
        {
            "time": "06.04.2021 16:00",
            "open": "6.5395",
            "high": "6.5395",
            "low": "6.5395",
            "close": "6.5217"
        },
        {
            "time": "06.04.2021 16:01",
            "open": "6.5217",
            "high": "6.5217",
            "low": "6.5125",
            "close": "6.5125"
        },
        {
            "time": "06.04.2021 16:02",
            "open": "6.5125",
            "high": "6.5125",
            "low": "6.5125",
            "close": "6.48"
        },
        {
            "time": "06.04.2021 16:08",
            "open": "6.48",
            "high": "6.48",
            "low": "6.48",
            "close": "6.4742"
        },
        {
            "time": "06.04.2021 16:09",
            "open": "6.4742",
            "high": "6.4742",
            "low": "6.4742",
            "close": "6.4595"
        },
        {
            "time": "06.04.2021 16:10",
            "open": "6.4595",
            "high": "6.4595",
            "low": "6.4173",
            "close": "6.4173"
        },
        {
            "time": "06.04.2021 16:11",
            "open": "6.4173",
            "high": "6.4224",
            "low": "6.4172",
            "close": "6.41"
        },
        {
            "time": "06.04.2021 16:12",
            "open": "6.41",
            "high": "6.41",
            "low": "6.3797",
            "close": "6.39"
        },
        {
            "time": "06.04.2021 16:13",
            "open": "6.39",
            "high": "6.39",
            "low": "6.39",
            "close": "6.4079"
        },
        {
            "time": "06.04.2021 16:15",
            "open": "6.4079",
            "high": "6.4079",
            "low": "6.4079",
            "close": "6.4088"
        },
        {
            "time": "06.04.2021 16:18",
            "open": "6.4088",
            "high": "6.4088",
            "low": "6.4088",
            "close": "6.4129"
        },
        {
            "time": "06.04.2021 16:19",
            "open": "6.4129",
            "high": "6.4129",
            "low": "6.4129",
            "close": "6.4129"
        },
        {
            "time": "06.04.2021 16:20",
            "open": "6.4129",
            "high": "6.4129",
            "low": "6.4129",
            "close": "6.4247"
        },
        {
            "time": "06.04.2021 16:21",
            "open": "6.4247",
            "high": "6.4247",
            "low": "6.4247",
            "close": "6.3883"
        },
        {
            "time": "06.04.2021 16:22",
            "open": "6.3883",
            "high": "6.3883",
            "low": "6.375",
            "close": "6.366"
        },
        {
            "time": "06.04.2021 16:23",
            "open": "6.366",
            "high": "6.366",
            "low": "6.345",
            "close": "6.345"
        },
        {
            "time": "06.04.2021 16:24",
            "open": "6.345",
            "high": "6.3545",
            "low": "6.345",
            "close": "6.3492"
        },
        {
            "time": "06.04.2021 16:25",
            "open": "6.3492",
            "high": "6.3492",
            "low": "6.3421",
            "close": "6.3545"
        },
        {
            "time": "06.04.2021 16:27",
            "open": "6.3545",
            "high": "6.3602",
            "low": "6.3545",
            "close": "6.3423"
        },
        {
            "time": "06.04.2021 16:33",
            "open": "6.3423",
            "high": "6.357",
            "low": "6.3423",
            "close": "6.3354"
        },
        {
            "time": "06.04.2021 16:34",
            "open": "6.3354",
            "high": "6.3557",
            "low": "6.3354",
            "close": "6.3562"
        },
        {
            "time": "06.04.2021 16:36",
            "open": "6.3562",
            "high": "6.3562",
            "low": "6.3562",
            "close": "6.3739"
        },
        {
            "time": "06.04.2021 16:38",
            "open": "6.3739",
            "high": "6.3877",
            "low": "6.3739",
            "close": "6.3851"
        },
        {
            "time": "06.04.2021 16:39",
            "open": "6.3851",
            "high": "6.3851",
            "low": "6.3851",
            "close": "6.3896"
        },
        {
            "time": "06.04.2021 16:40",
            "open": "6.3896",
            "high": "6.3896",
            "low": "6.3805",
            "close": "6.3769"
        },
        {
            "time": "06.04.2021 16:43",
            "open": "6.3769",
            "high": "6.3769",
            "low": "6.3769",
            "close": "6.3731"
        },
        {
            "time": "06.04.2021 16:46",
            "open": "6.3731",
            "high": "6.3731",
            "low": "6.3731",
            "close": "6.3935"
        },
        {
            "time": "06.04.2021 16:48",
            "open": "6.3935",
            "high": "6.396",
            "low": "6.3935",
            "close": "6.4061"
        },
        {
            "time": "06.04.2021 16:49",
            "open": "6.4061",
            "high": "6.4061",
            "low": "6.4047",
            "close": "6.4082"
        },
        {
            "time": "06.04.2021 16:52",
            "open": "6.4082",
            "high": "6.4082",
            "low": "6.4082",
            "close": "6.4021"
        },
        {
            "time": "06.04.2021 16:54",
            "open": "6.4021",
            "high": "6.4021",
            "low": "6.4021",
            "close": "6.402"
        },
        {
            "time": "06.04.2021 16:58",
            "open": "6.402",
            "high": "6.402",
            "low": "6.402",
            "close": "6.4047"
        },
        {
            "time": "06.04.2021 16:59",
            "open": "6.4047",
            "high": "6.4186",
            "low": "6.4047",
            "close": "6.4144"
        },
        {
            "time": "06.04.2021 17:00",
            "open": "6.4144",
            "high": "6.4144",
            "low": "6.4144",
            "close": "6.4184"
        },
        {
            "time": "06.04.2021 17:01",
            "open": "6.4184",
            "high": "6.4184",
            "low": "6.4184",
            "close": "6.42"
        },
        {
            "time": "06.04.2021 17:05",
            "open": "6.42",
            "high": "6.42",
            "low": "6.42",
            "close": "6.4124"
        },
        {
            "time": "06.04.2021 17:06",
            "open": "6.4124",
            "high": "6.4124",
            "low": "6.4",
            "close": "6.3995"
        },
        {
            "time": "06.04.2021 17:10",
            "open": "6.3995",
            "high": "6.3995",
            "low": "6.3995",
            "close": "6.3888"
        },
        {
            "time": "06.04.2021 17:18",
            "open": "6.3888",
            "high": "6.3898",
            "low": "6.3888",
            "close": "6.3867"
        },
        {
            "time": "06.04.2021 17:19",
            "open": "6.3867",
            "high": "6.3867",
            "low": "6.3867",
            "close": "6.3782"
        },
        {
            "time": "06.04.2021 17:22",
            "open": "6.3782",
            "high": "6.3782",
            "low": "6.3782",
            "close": "6.3782"
        },
        {
            "time": "06.04.2021 17:23",
            "open": "6.3782",
            "high": "6.3796",
            "low": "6.3782",
            "close": "6.3883"
        },
        {
            "time": "06.04.2021 17:29",
            "open": "6.3883",
            "high": "6.3883",
            "low": "6.3883",
            "close": "6.3865"
        },
        {
            "time": "06.04.2021 17:30",
            "open": "6.3865",
            "high": "6.3865",
            "low": "6.3865",
            "close": "6.3598"
        },
        {
            "time": "06.04.2021 17:32",
            "open": "6.3598",
            "high": "6.3598",
            "low": "6.3598",
            "close": "6.3693"
        },
        {
            "time": "06.04.2021 17:34",
            "open": "6.3693",
            "high": "6.3699",
            "low": "6.3693",
            "close": "6.407"
        },
        {
            "time": "06.04.2021 17:55",
            "open": "6.407",
            "high": "6.407",
            "low": "6.407",
            "close": "6.4211"
        },
        {
            "time": "06.04.2021 17:56",
            "open": "6.4211",
            "high": "6.4211",
            "low": "6.4211",
            "close": "6.4069"
        },
        {
            "time": "06.04.2021 18:00",
            "open": "6.4069",
            "high": "6.4069",
            "low": "6.4069",
            "close": "6.41"
        },
        {
            "time": "06.04.2021 18:02",
            "open": "6.41",
            "high": "6.41",
            "low": "6.41",
            "close": "6.4143"
        },
        {
            "time": "06.04.2021 18:04",
            "open": "6.4143",
            "high": "6.4143",
            "low": "6.4143",
            "close": "6.4733"
        },
        {
            "time": "06.04.2021 18:10",
            "open": "6.4733",
            "high": "6.4733",
            "low": "6.4733",
            "close": "6.4589"
        },
        {
            "time": "06.04.2021 18:11",
            "open": "6.4589",
            "high": "6.465",
            "low": "6.4589",
            "close": "6.4622"
        },
        {
            "time": "06.04.2021 18:17",
            "open": "6.4622",
            "high": "6.4622",
            "low": "6.4622",
            "close": "6.4464"
        },
        {
            "time": "06.04.2021 18:20",
            "open": "6.4464",
            "high": "6.4464",
            "low": "6.4464",
            "close": "6.4464"
        },
        {
            "time": "06.04.2021 18:25",
            "open": "6.4464",
            "high": "6.4522",
            "low": "6.4464",
            "close": "6.4593"
        },
        {
            "time": "06.04.2021 18:31",
            "open": "6.4593",
            "high": "6.4593",
            "low": "6.4593",
            "close": "6.46"
        },
        {
            "time": "06.04.2021 18:33",
            "open": "6.46",
            "high": "6.46",
            "low": "6.46",
            "close": "6.4856"
        },
        {
            "time": "06.04.2021 18:43",
            "open": "6.4856",
            "high": "6.4856",
            "low": "6.4856",
            "close": "6.4984"
        },
        {
            "time": "06.04.2021 18:47",
            "open": "6.4984",
            "high": "6.4984",
            "low": "6.4984",
            "close": "6.4975"
        },
        {
            "time": "06.04.2021 18:48",
            "open": "6.4975",
            "high": "6.5027",
            "low": "6.4975",
            "close": "6.4856"
        },
        {
            "time": "06.04.2021 18:49",
            "open": "6.4856",
            "high": "6.4856",
            "low": "6.4856",
            "close": "6.4961"
        },
        {
            "time": "06.04.2021 18:52",
            "open": "6.4961",
            "high": "6.4967",
            "low": "6.4961",
            "close": "6.4961"
        },
        {
            "time": "06.04.2021 18:54",
            "open": "6.4961",
            "high": "6.4961",
            "low": "6.4961",
            "close": "6.4904"
        },
        {
            "time": "06.04.2021 19:00",
            "open": "6.4904",
            "high": "6.4904",
            "low": "6.4904",
            "close": "6.4939"
        },
        {
            "time": "06.04.2021 19:01",
            "open": "6.4939",
            "high": "6.4939",
            "low": "6.4939",
            "close": "6.5031"
        },
        {
            "time": "06.04.2021 19:03",
            "open": "6.5031",
            "high": "6.5031",
            "low": "6.5031",
            "close": "6.5068"
        },
        {
            "time": "06.04.2021 19:06",
            "open": "6.5068",
            "high": "6.5144",
            "low": "6.5068",
            "close": "6.5121"
        },
        {
            "time": "06.04.2021 19:09",
            "open": "6.5121",
            "high": "6.5181",
            "low": "6.5121",
            "close": "6.4995"
        },
        {
            "time": "06.04.2021 19:11",
            "open": "6.4995",
            "high": "6.4995",
            "low": "6.4995",
            "close": "6.4904"
        },
        {
            "time": "06.04.2021 19:15",
            "open": "6.4904",
            "high": "6.4904",
            "low": "6.4904",
            "close": "6.5104"
        },
        {
            "time": "06.04.2021 19:18",
            "open": "6.5104",
            "high": "6.5104",
            "low": "6.5104",
            "close": "6.52"
        },
        {
            "time": "06.04.2021 19:20",
            "open": "6.52",
            "high": "6.52",
            "low": "6.52",
            "close": "6.5113"
        },
        {
            "time": "06.04.2021 19:21",
            "open": "6.5113",
            "high": "6.5157",
            "low": "6.4894",
            "close": "6.5221"
        },
        {
            "time": "06.04.2021 19:25",
            "open": "6.5221",
            "high": "6.5221",
            "low": "6.5131",
            "close": "6.5277"
        },
        {
            "time": "06.04.2021 19:28",
            "open": "6.5277",
            "high": "6.5283",
            "low": "6.5277",
            "close": "6.5296"
        },
        {
            "time": "06.04.2021 19:29",
            "open": "6.5296",
            "high": "6.5308",
            "low": "6.5295",
            "close": "6.5288"
        },
        {
            "time": "06.04.2021 19:30",
            "open": "6.5288",
            "high": "6.529",
            "low": "6.5194",
            "close": "6.5351"
        },
        {
            "time": "06.04.2021 19:31",
            "open": "6.5351",
            "high": "6.5351",
            "low": "6.5351",
            "close": "6.5351"
        },
        {
            "time": "06.04.2021 19:33",
            "open": "6.5351",
            "high": "6.5351",
            "low": "6.5351",
            "close": "6.5422"
        },
        {
            "time": "06.04.2021 19:34",
            "open": "6.5422",
            "high": "6.5422",
            "low": "6.5422",
            "close": "6.5392"
        },
        {
            "time": "06.04.2021 19:41",
            "open": "6.5392",
            "high": "6.5393",
            "low": "6.5392",
            "close": "6.5207"
        },
        {
            "time": "06.04.2021 19:49",
            "open": "6.5207",
            "high": "6.5207",
            "low": "6.5124",
            "close": "6.506"
        },
        {
            "time": "06.04.2021 19:56",
            "open": "6.506",
            "high": "6.506",
            "low": "6.5002",
            "close": "6.5039"
        },
        {
            "time": "06.04.2021 19:59",
            "open": "6.5039",
            "high": "6.5039",
            "low": "6.5039",
            "close": "6.4896"
        },
        {
            "time": "06.04.2021 20:00",
            "open": "6.4896",
            "high": "6.4896",
            "low": "6.4896",
            "close": "6.4894"
        },
        {
            "time": "06.04.2021 20:02",
            "open": "6.4894",
            "high": "6.4894",
            "low": "6.4894",
            "close": "6.4792"
        },
        {
            "time": "06.04.2021 20:07",
            "open": "6.4792",
            "high": "6.4792",
            "low": "6.4792",
            "close": "6.4795"
        },
        {
            "time": "06.04.2021 20:08",
            "open": "6.4795",
            "high": "6.4795",
            "low": "6.4795",
            "close": "6.4937"
        },
        {
            "time": "06.04.2021 20:17",
            "open": "6.4937",
            "high": "6.4937",
            "low": "6.4937",
            "close": "6.4738"
        },
        {
            "time": "06.04.2021 20:23",
            "open": "6.4738",
            "high": "6.4738",
            "low": "6.4738",
            "close": "6.487"
        },
        {
            "time": "06.04.2021 20:24",
            "open": "6.487",
            "high": "6.487",
            "low": "6.487",
            "close": "6.4742"
        },
        {
            "time": "06.04.2021 20:27",
            "open": "6.4742",
            "high": "6.4742",
            "low": "6.4742",
            "close": "6.4879"
        },
        {
            "time": "06.04.2021 20:29",
            "open": "6.4879",
            "high": "6.4879",
            "low": "6.4766",
            "close": "6.488"
        },
        {
            "time": "06.04.2021 20:30",
            "open": "6.488",
            "high": "6.488",
            "low": "6.488",
            "close": "6.4758"
        },
        {
            "time": "06.04.2021 20:31",
            "open": "6.4758",
            "high": "6.4758",
            "low": "6.4754",
            "close": "6.4904"
        },
        {
            "time": "06.04.2021 20:34",
            "open": "6.4904",
            "high": "6.4904",
            "low": "6.4763",
            "close": "6.4714"
        },
        {
            "time": "06.04.2021 20:35",
            "open": "6.4714",
            "high": "6.4714",
            "low": "6.4714",
            "close": "6.4855"
        },
        {
            "time": "06.04.2021 20:37",
            "open": "6.4855",
            "high": "6.4855",
            "low": "6.4855",
            "close": "6.4891"
        },
        {
            "time": "06.04.2021 20:43",
            "open": "6.4891",
            "high": "6.4891",
            "low": "6.4891",
            "close": "6.4911"
        },
        {
            "time": "06.04.2021 21:03",
            "open": "6.4911",
            "high": "6.4912",
            "low": "6.4911",
            "close": "6.4894"
        },
        {
            "time": "06.04.2021 21:05",
            "open": "6.4894",
            "high": "6.4894",
            "low": "6.4894",
            "close": "6.4753"
        },
        {
            "time": "06.04.2021 21:15",
            "open": "6.4753",
            "high": "6.4753",
            "low": "6.4753",
            "close": "6.4688"
        },
        {
            "time": "06.04.2021 21:17",
            "open": "6.4688",
            "high": "6.4728",
            "low": "6.4613",
            "close": "6.4613"
        },
        {
            "time": "06.04.2021 21:22",
            "open": "6.4613",
            "high": "6.4613",
            "low": "6.4613",
            "close": "6.455"
        },
        {
            "time": "06.04.2021 21:25",
            "open": "6.455",
            "high": "6.455",
            "low": "6.455",
            "close": "6.4658"
        },
        {
            "time": "06.04.2021 21:26",
            "open": "6.4753",
            "high": "6.4753",
            "low": "6.4753",
            "close": "6.4629"
        },
        {
            "time": "06.04.2021 21:38",
            "open": "6.4629",
            "high": "6.4629",
            "low": "6.4629",
            "close": "6.474"
        },
        {
            "time": "06.04.2021 21:46",
            "open": "6.474",
            "high": "6.474",
            "low": "6.474",
            "close": "6.4834"
        },
        {
            "time": "06.04.2021 21:57",
            "open": "6.4834",
            "high": "6.4834",
            "low": "6.4834",
            "close": "6.4699"
        },
        {
            "time": "06.04.2021 21:59",
            "open": "6.4699",
            "high": "6.4699",
            "low": "6.4688",
            "close": "6.4892"
        },
        {
            "time": "06.04.2021 22:01",
            "open": "6.4892",
            "high": "6.4893",
            "low": "6.4892",
            "close": "6.5009"
        },
        {
            "time": "06.04.2021 22:04",
            "open": "6.5009",
            "high": "6.5009",
            "low": "6.5009",
            "close": "6.4786"
        },
        {
            "time": "06.04.2021 22:12",
            "open": "6.4786",
            "high": "6.4786",
            "low": "6.4773",
            "close": "6.47"
        },
        {
            "time": "06.04.2021 22:13",
            "open": "6.47",
            "high": "6.47",
            "low": "6.47",
            "close": "6.485"
        },
        {
            "time": "06.04.2021 22:18",
            "open": "6.485",
            "high": "6.4878",
            "low": "6.485",
            "close": "6.4968"
        },
        {
            "time": "06.04.2021 22:20",
            "open": "6.4968",
            "high": "6.4968",
            "low": "6.4968",
            "close": "6.488"
        },
        {
            "time": "06.04.2021 22:21",
            "open": "6.488",
            "high": "6.488",
            "low": "6.488",
            "close": "6.5023"
        },
        {
            "time": "06.04.2021 22:22",
            "open": "6.5023",
            "high": "6.5023",
            "low": "6.5023",
            "close": "6.5056"
        },
        {
            "time": "06.04.2021 22:25",
            "open": "6.5056",
            "high": "6.5056",
            "low": "6.5056",
            "close": "6.5024"
        },
        {
            "time": "06.04.2021 22:26",
            "open": "6.5024",
            "high": "6.5024",
            "low": "6.5024",
            "close": "6.5183"
        },
        {
            "time": "06.04.2021 22:28",
            "open": "6.5183",
            "high": "6.5183",
            "low": "6.5053",
            "close": "6.5272"
        },
        {
            "time": "06.04.2021 22:29",
            "open": "6.5272",
            "high": "6.5279",
            "low": "6.5136",
            "close": "6.51"
        },
        {
            "time": "06.04.2021 22:30",
            "open": "6.51",
            "high": "6.51",
            "low": "6.51",
            "close": "6.5001"
        },
        {
            "time": "06.04.2021 22:32",
            "open": "6.5001",
            "high": "6.5001",
            "low": "6.5001",
            "close": "6.495"
        },
        {
            "time": "06.04.2021 22:35",
            "open": "6.495",
            "high": "6.495",
            "low": "6.495",
            "close": "6.502"
        },
        {
            "time": "06.04.2021 22:42",
            "open": "6.502",
            "high": "6.502",
            "low": "6.502",
            "close": "6.5035"
        },
        {
            "time": "06.04.2021 22:47",
            "open": "6.5035",
            "high": "6.504",
            "low": "6.5035",
            "close": "6.4937"
        },
        {
            "time": "06.04.2021 22:50",
            "open": "6.4937",
            "high": "6.4937",
            "low": "6.4937",
            "close": "6.51"
        },
        {
            "time": "06.04.2021 22:54",
            "open": "6.51",
            "high": "6.51",
            "low": "6.51",
            "close": "6.5271"
        },
        {
            "time": "06.04.2021 22:56",
            "open": "6.5271",
            "high": "6.5301",
            "low": "6.5271",
            "close": "6.5301"
        },
        {
            "time": "06.04.2021 23:01",
            "open": "6.5301",
            "high": "6.5321",
            "low": "6.5301",
            "close": "6.515"
        },
        {
            "time": "06.04.2021 23:06",
            "open": "6.515",
            "high": "6.515",
            "low": "6.515",
            "close": "6.488"
        },
        {
            "time": "06.04.2021 23:18",
            "open": "6.488",
            "high": "6.488",
            "low": "6.4809",
            "close": "6.4939"
        },
        {
            "time": "06.04.2021 23:19",
            "open": "6.4939",
            "high": "6.4939",
            "low": "6.4939",
            "close": "6.488"
        },
        {
            "time": "06.04.2021 23:20",
            "open": "6.488",
            "high": "6.488",
            "low": "6.488",
            "close": "6.4784"
        },
        {
            "time": "06.04.2021 23:21",
            "open": "6.4784",
            "high": "6.4784",
            "low": "6.4784",
            "close": "6.47"
        },
        {
            "time": "06.04.2021 23:23",
            "open": "6.47",
            "high": "6.47",
            "low": "6.47",
            "close": "6.4317"
        },
        {
            "time": "06.04.2021 23:26",
            "open": "6.4317",
            "high": "6.4318",
            "low": "6.4317",
            "close": "6.4317"
        },
        {
            "time": "06.04.2021 23:28",
            "open": "6.4317",
            "high": "6.4451",
            "low": "6.4317",
            "close": "6.45"
        },
        {
            "time": "06.04.2021 23:31",
            "open": "6.45",
            "high": "6.45",
            "low": "6.4321",
            "close": "6.4317"
        },
        {
            "time": "06.04.2021 23:32",
            "open": "6.4317",
            "high": "6.4317",
            "low": "6.4317",
            "close": "6.4007"
        },
        {
            "time": "06.04.2021 23:39",
            "open": "6.4007",
            "high": "6.425",
            "low": "6.4007",
            "close": "6.4288"
        },
        {
            "time": "06.04.2021 23:40",
            "open": "6.4288",
            "high": "6.4288",
            "low": "6.4288",
            "close": "6.4278"
        },
        {
            "time": "06.04.2021 23:43",
            "open": "6.4278",
            "high": "6.4278",
            "low": "6.4278",
            "close": "6.4338"
        },
        {
            "time": "06.04.2021 23:44",
            "open": "6.4338",
            "high": "6.4338",
            "low": "6.4338",
            "close": "6.4338"
        },
        {
            "time": "06.04.2021 23:45",
            "open": "6.4338",
            "high": "6.4338",
            "low": "6.4338",
            "close": "6.4554"
        },
        {
            "time": "06.04.2021 23:47",
            "open": "6.4554",
            "high": "6.4554",
            "low": "6.4554",
            "close": "6.4554"
        }
    ]
}