{
    "BNT-EUR": [
        {
            "time": "26.03.2021 23:58",
            "open": "6.1209",
            "high": "6.1234",
            "low": "6.1209",
            "close": "6.1269"
        },
        {
            "time": "27.03.2021 00:07",
            "open": "6.1269",
            "high": "6.1269",
            "low": "6.1269",
            "close": "6.1412"
        },
        {
            "time": "27.03.2021 00:14",
            "open": "6.1412",
            "high": "6.1437",
            "low": "6.1412",
            "close": "6.1429"
        },
        {
            "time": "27.03.2021 00:16",
            "open": "6.1429",
            "high": "6.1429",
            "low": "6.1429",
            "close": "6.1337"
        },
        {
            "time": "27.03.2021 00:17",
            "open": "6.1337",
            "high": "6.1337",
            "low": "6.1336",
            "close": "6.1472"
        },
        {
            "time": "27.03.2021 00:32",
            "open": "6.1472",
            "high": "6.1472",
            "low": "6.1448",
            "close": "6.1366"
        },
        {
            "time": "27.03.2021 00:34",
            "open": "6.1366",
            "high": "6.1366",
            "low": "6.1234",
            "close": "6.1394"
        },
        {
            "time": "27.03.2021 00:40",
            "open": "6.1394",
            "high": "6.1394",
            "low": "6.1394",
            "close": "6.1771"
        },
        {
            "time": "27.03.2021 00:50",
            "open": "6.1771",
            "high": "6.1899",
            "low": "6.1771",
            "close": "6.195"
        },
        {
            "time": "27.03.2021 01:00",
            "open": "6.195",
            "high": "6.2067",
            "low": "6.195",
            "close": "6.2084"
        },
        {
            "time": "27.03.2021 01:01",
            "open": "6.2084",
            "high": "6.2084",
            "low": "6.2084",
            "close": "6.2083"
        },
        {
            "time": "27.03.2021 01:02",
            "open": "6.2083",
            "high": "6.2083",
            "low": "6.2083",
            "close": "6.2084"
        },
        {
            "time": "27.03.2021 01:12",
            "open": "6.2084",
            "high": "6.2155",
            "low": "6.2084",
            "close": "6.2173"
        },
        {
            "time": "27.03.2021 01:14",
            "open": "6.2173",
            "high": "6.2184",
            "low": "6.2173",
            "close": "6.2184"
        },
        {
            "time": "27.03.2021 01:15",
            "open": "6.2184",
            "high": "6.2184",
            "low": "6.2054",
            "close": "6.2057"
        },
        {
            "time": "27.03.2021 01:21",
            "open": "6.2057",
            "high": "6.2057",
            "low": "6.2054",
            "close": "6.19"
        },
        {
            "time": "27.03.2021 01:25",
            "open": "6.19",
            "high": "6.19",
            "low": "6.19",
            "close": "6.2"
        },
        {
            "time": "27.03.2021 01:26",
            "open": "6.2",
            "high": "6.2",
            "low": "6.2",
            "close": "6.1777"
        },
        {
            "time": "27.03.2021 01:40",
            "open": "6.1777",
            "high": "6.1777",
            "low": "6.1777",
            "close": "6.1777"
        },
        {
            "time": "27.03.2021 01:41",
            "open": "6.1777",
            "high": "6.1777",
            "low": "6.1777",
            "close": "6.1432"
        },
        {
            "time": "27.03.2021 01:53",
            "open": "6.1432",
            "high": "6.1432",
            "low": "6.1198",
            "close": "6.132"
        },
        {
            "time": "27.03.2021 01:54",
            "open": "6.132",
            "high": "6.1393",
            "low": "6.132",
            "close": "6.1498"
        },
        {
            "time": "27.03.2021 02:06",
            "open": "6.1498",
            "high": "6.15",
            "low": "6.1498",
            "close": "6.1686"
        },
        {
            "time": "27.03.2021 02:10",
            "open": "6.1686",
            "high": "6.1686",
            "low": "6.1686",
            "close": "6.1108"
        },
        {
            "time": "27.03.2021 02:46",
            "open": "6.1108",
            "high": "6.1108",
            "low": "6.1108",
            "close": "6.11"
        },
        {
            "time": "27.03.2021 02:54",
            "open": "6.11",
            "high": "6.11",
            "low": "6.11",
            "close": "6.1173"
        },
        {
            "time": "27.03.2021 03:41",
            "open": "6.1346",
            "high": "6.1346",
            "low": "6.1346",
            "close": "6.149"
        },
        {
            "time": "27.03.2021 04:36",
            "open": "6.149",
            "high": "6.1502",
            "low": "6.149",
            "close": "6.1468"
        },
        {
            "time": "27.03.2021 05:15",
            "open": "6.1468",
            "high": "6.1468",
            "low": "6.1399",
            "close": "6.1593"
        },
        {
            "time": "27.03.2021 05:48",
            "open": "6.1593",
            "high": "6.1593",
            "low": "6.1593",
            "close": "6.1593"
        },
        {
            "time": "27.03.2021 05:52",
            "open": "6.1593",
            "high": "6.1593",
            "low": "6.1593",
            "close": "6.1586"
        },
        {
            "time": "27.03.2021 06:30",
            "open": "6.1586",
            "high": "6.1587",
            "low": "6.1586",
            "close": "6.1532"
        },
        {
            "time": "27.03.2021 06:48",
            "open": "6.1532",
            "high": "6.155",
            "low": "6.1532",
            "close": "6.1499"
        },
        {
            "time": "27.03.2021 06:59",
            "open": "6.1499",
            "high": "6.1499",
            "low": "6.1499",
            "close": "6.1463"
        },
        {
            "time": "27.03.2021 07:10",
            "open": "6.1463",
            "high": "6.1463",
            "low": "6.1323",
            "close": "6.1461"
        },
        {
            "time": "27.03.2021 07:13",
            "open": "6.1461",
            "high": "6.1461",
            "low": "6.144",
            "close": "6.153"
        },
        {
            "time": "27.03.2021 07:17",
            "open": "6.153",
            "high": "6.153",
            "low": "6.153",
            "close": "6.1333"
        },
        {
            "time": "27.03.2021 07:25",
            "open": "6.1333",
            "high": "6.1333",
            "low": "6.1242",
            "close": "6.1401"
        },
        {
            "time": "27.03.2021 07:37",
            "open": "6.1401",
            "high": "6.1416",
            "low": "6.1401",
            "close": "6.147"
        },
        {
            "time": "27.03.2021 07:38",
            "open": "6.147",
            "high": "6.147",
            "low": "6.147",
            "close": "6.1374"
        },
        {
            "time": "27.03.2021 07:42",
            "open": "6.1374",
            "high": "6.1374",
            "low": "6.1374",
            "close": "6.1241"
        },
        {
            "time": "27.03.2021 07:46",
            "open": "6.1241",
            "high": "6.1241",
            "low": "6.1241",
            "close": "6.1501"
        },
        {
            "time": "27.03.2021 07:54",
            "open": "6.1501",
            "high": "6.1501",
            "low": "6.1501",
            "close": "6.1337"
        },
        {
            "time": "27.03.2021 07:57",
            "open": "6.1337",
            "high": "6.1337",
            "low": "6.1337",
            "close": "6.1417"
        },
        {
            "time": "27.03.2021 08:02",
            "open": "6.1417",
            "high": "6.1417",
            "low": "6.1417",
            "close": "6.1334"
        },
        {
            "time": "27.03.2021 08:11",
            "open": "6.1334",
            "high": "6.1348",
            "low": "6.1334",
            "close": "6.1125"
        },
        {
            "time": "27.03.2021 08:20",
            "open": "6.1125",
            "high": "6.1125",
            "low": "6.1125",
            "close": "6.1067"
        },
        {
            "time": "27.03.2021 08:27",
            "open": "6.1067",
            "high": "6.1067",
            "low": "6.1067",
            "close": "6.12"
        },
        {
            "time": "27.03.2021 08:28",
            "open": "6.12",
            "high": "6.1307",
            "low": "6.12",
            "close": "6.125"
        },
        {
            "time": "27.03.2021 08:31",
            "open": "6.125",
            "high": "6.125",
            "low": "6.125",
            "close": "6.123"
        },
        {
            "time": "27.03.2021 08:32",
            "open": "6.123",
            "high": "6.123",
            "low": "6.123",
            "close": "6.1067"
        },
        {
            "time": "27.03.2021 08:40",
            "open": "6.1067",
            "high": "6.1067",
            "low": "6.1067",
            "close": "6.1"
        },
        {
            "time": "27.03.2021 08:41",
            "open": "6.1",
            "high": "6.1",
            "low": "6.095",
            "close": "6.1014"
        },
        {
            "time": "27.03.2021 08:45",
            "open": "6.1014",
            "high": "6.1015",
            "low": "6.1014",
            "close": "6.0936"
        },
        {
            "time": "27.03.2021 08:46",
            "open": "6.0936",
            "high": "6.0936",
            "low": "6.0936",
            "close": "6.0936"
        },
        {
            "time": "27.03.2021 08:47",
            "open": "6.0936",
            "high": "6.0936",
            "low": "6.0771",
            "close": "6.1006"
        },
        {
            "time": "27.03.2021 08:51",
            "open": "6.1006",
            "high": "6.1006",
            "low": "6.1006",
            "close": "6.1122"
        },
        {
            "time": "27.03.2021 08:59",
            "open": "6.1122",
            "high": "6.1122",
            "low": "6.1122",
            "close": "6.1156"
        },
        {
            "time": "27.03.2021 09:02",
            "open": "6.1156",
            "high": "6.1261",
            "low": "6.1156",
            "close": "6.113"
        },
        {
            "time": "27.03.2021 09:04",
            "open": "6.113",
            "high": "6.1223",
            "low": "6.113",
            "close": "6.1071"
        },
        {
            "time": "27.03.2021 09:09",
            "open": "6.1071",
            "high": "6.1071",
            "low": "6.1071",
            "close": "6.1014"
        },
        {
            "time": "27.03.2021 09:10",
            "open": "6.1014",
            "high": "6.1014",
            "low": "6.1014",
            "close": "6.1084"
        },
        {
            "time": "27.03.2021 09:16",
            "open": "6.1084",
            "high": "6.1084",
            "low": "6.1084",
            "close": "6.1164"
        },
        {
            "time": "27.03.2021 09:20",
            "open": "6.1164",
            "high": "6.1267",
            "low": "6.1164",
            "close": "6.1134"
        },
        {
            "time": "27.03.2021 09:22",
            "open": "6.1134",
            "high": "6.1134",
            "low": "6.1134",
            "close": "6.0943"
        },
        {
            "time": "27.03.2021 09:25",
            "open": "6.0943",
            "high": "6.104",
            "low": "6.0823",
            "close": "6.0975"
        },
        {
            "time": "27.03.2021 09:26",
            "open": "6.0975",
            "high": "6.0975",
            "low": "6.0975",
            "close": "6.0773"
        },
        {
            "time": "27.03.2021 09:28",
            "open": "6.0773",
            "high": "6.0773",
            "low": "6.0773",
            "close": "6.0762"
        },
        {
            "time": "27.03.2021 09:29",
            "open": "6.0762",
            "high": "6.0762",
            "low": "6.068",
            "close": "6.0694"
        },
        {
            "time": "27.03.2021 09:30",
            "open": "6.0694",
            "high": "6.0694",
            "low": "6.0694",
            "close": "6.074"
        },
        {
            "time": "27.03.2021 09:31",
            "open": "6.074",
            "high": "6.0757",
            "low": "6.074",
            "close": "6.0762"
        },
        {
            "time": "27.03.2021 09:34",
            "open": "6.0762",
            "high": "6.0762",
            "low": "6.0758",
            "close": "6.0757"
        },
        {
            "time": "27.03.2021 09:36",
            "open": "6.0757",
            "high": "6.0757",
            "low": "6.0757",
            "close": "6.0744"
        },
        {
            "time": "27.03.2021 09:37",
            "open": "6.0744",
            "high": "6.0744",
            "low": "6.0744",
            "close": "6.0728"
        },
        {
            "time": "27.03.2021 09:38",
            "open": "6.0728",
            "high": "6.0728",
            "low": "6.0728",
            "close": "6.0734"
        },
        {
            "time": "27.03.2021 09:42",
            "open": "6.0734",
            "high": "6.0734",
            "low": "6.0734",
            "close": "6.0677"
        },
        {
            "time": "27.03.2021 09:48",
            "open": "6.0677",
            "high": "6.0677",
            "low": "6.0606",
            "close": "6.0705"
        },
        {
            "time": "27.03.2021 09:50",
            "open": "6.0705",
            "high": "6.0705",
            "low": "6.0705",
            "close": "6.0792"
        },
        {
            "time": "27.03.2021 09:51",
            "open": "6.0792",
            "high": "6.0815",
            "low": "6.0792",
            "close": "6.0886"
        },
        {
            "time": "27.03.2021 09:53",
            "open": "6.0886",
            "high": "6.0886",
            "low": "6.0886",
            "close": "6.0908"
        },
        {
            "time": "27.03.2021 09:54",
            "open": "6.0908",
            "high": "6.0975",
            "low": "6.0908",
            "close": "6.1149"
        },
        {
            "time": "27.03.2021 09:56",
            "open": "6.1149",
            "high": "6.1149",
            "low": "6.1149",
            "close": "6.0872"
        },
        {
            "time": "27.03.2021 10:02",
            "open": "6.0872",
            "high": "6.0872",
            "low": "6.071",
            "close": "6.1001"
        },
        {
            "time": "27.03.2021 10:03",
            "open": "6.1001",
            "high": "6.1001",
            "low": "6.1001",
            "close": "6.115"
        },
        {
            "time": "27.03.2021 10:08",
            "open": "6.115",
            "high": "6.1151",
            "low": "6.115",
            "close": "6.118"
        },
        {
            "time": "27.03.2021 10:09",
            "open": "6.118",
            "high": "6.118",
            "low": "6.118",
            "close": "6.111"
        },
        {
            "time": "27.03.2021 10:10",
            "open": "6.111",
            "high": "6.111",
            "low": "6.111",
            "close": "6.0965"
        },
        {
            "time": "27.03.2021 10:13",
            "open": "6.0965",
            "high": "6.0965",
            "low": "6.0965",
            "close": "6.0942"
        },
        {
            "time": "27.03.2021 10:14",
            "open": "6.0942",
            "high": "6.0942",
            "low": "6.0942",
            "close": "6.0982"
        },
        {
            "time": "27.03.2021 10:20",
            "open": "6.0982",
            "high": "6.0982",
            "low": "6.0884",
            "close": "6.1197"
        },
        {
            "time": "27.03.2021 10:26",
            "open": "6.1197",
            "high": "6.1199",
            "low": "6.1197",
            "close": "6.1251"
        },
        {
            "time": "27.03.2021 10:29",
            "open": "6.1251",
            "high": "6.1251",
            "low": "6.1251",
            "close": "6.1216"
        },
        {
            "time": "27.03.2021 10:32",
            "open": "6.1216",
            "high": "6.1216",
            "low": "6.1216",
            "close": "6.1313"
        },
        {
            "time": "27.03.2021 10:36",
            "open": "6.1313",
            "high": "6.1313",
            "low": "6.1313",
            "close": "6.1073"
        },
        {
            "time": "27.03.2021 10:40",
            "open": "6.1073",
            "high": "6.1073",
            "low": "6.1073",
            "close": "6.109"
        },
        {
            "time": "27.03.2021 10:50",
            "open": "6.109",
            "high": "6.109",
            "low": "6.1072",
            "close": "6.1313"
        },
        {
            "time": "27.03.2021 10:59",
            "open": "6.1313",
            "high": "6.1313",
            "low": "6.1313",
            "close": "6.1266"
        },
        {
            "time": "27.03.2021 11:01",
            "open": "6.1266",
            "high": "6.1266",
            "low": "6.1266",
            "close": "6.1314"
        },
        {
            "time": "27.03.2021 11:04",
            "open": "6.1314",
            "high": "6.1436",
            "low": "6.1314",
            "close": "6.1344"
        },
        {
            "time": "27.03.2021 11:06",
            "open": "6.1344",
            "high": "6.1344",
            "low": "6.1341",
            "close": "6.1429"
        },
        {
            "time": "27.03.2021 11:14",
            "open": "6.1429",
            "high": "6.1429",
            "low": "6.1429",
            "close": "6.1217"
        },
        {
            "time": "27.03.2021 11:21",
            "open": "6.1217",
            "high": "6.1248",
            "low": "6.1217",
            "close": "6.1118"
        },
        {
            "time": "27.03.2021 11:30",
            "open": "6.1118",
            "high": "6.1118",
            "low": "6.1118",
            "close": "6.0736"
        },
        {
            "time": "27.03.2021 11:37",
            "open": "6.0736",
            "high": "6.0736",
            "low": "6.0736",
            "close": "6.0894"
        },
        {
            "time": "27.03.2021 11:57",
            "open": "6.0894",
            "high": "6.0894",
            "low": "6.0894",
            "close": "6.0893"
        },
        {
            "time": "27.03.2021 11:59",
            "open": "6.0893",
            "high": "6.0893",
            "low": "6.0893",
            "close": "6.0823"
        },
        {
            "time": "27.03.2021 12:00",
            "open": "6.0823",
            "high": "6.0823",
            "low": "6.0705",
            "close": "6.0522"
        },
        {
            "time": "27.03.2021 12:02",
            "open": "6.0522",
            "high": "6.0522",
            "low": "6.0392",
            "close": "6.032"
        },
        {
            "time": "27.03.2021 12:03",
            "open": "6.032",
            "high": "6.0439",
            "low": "6.032",
            "close": "6.0787"
        },
        {
            "time": "27.03.2021 12:19",
            "open": "6.0787",
            "high": "6.0787",
            "low": "6.0787",
            "close": "6.0713"
        },
        {
            "time": "27.03.2021 12:22",
            "open": "6.0713",
            "high": "6.0713",
            "low": "6.0713",
            "close": "6.0659"
        },
        {
            "time": "27.03.2021 12:24",
            "open": "6.0659",
            "high": "6.0659",
            "low": "6.0659",
            "close": "6.0803"
        },
        {
            "time": "27.03.2021 12:32",
            "open": "6.0803",
            "high": "6.0803",
            "low": "6.0803",
            "close": "6.032"
        },
        {
            "time": "27.03.2021 13:01",
            "open": "6.032",
            "high": "6.032",
            "low": "6.0318",
            "close": "6.021"
        },
        {
            "time": "27.03.2021 13:02",
            "open": "6.021",
            "high": "6.021",
            "low": "6.02",
            "close": "6.0108"
        },
        {
            "time": "27.03.2021 13:08",
            "open": "6.0108",
            "high": "6.0108",
            "low": "6.0044",
            "close": "6.0037"
        },
        {
            "time": "27.03.2021 13:09",
            "open": "6.0037",
            "high": "6.0165",
            "low": "5.9879",
            "close": "5.998"
        },
        {
            "time": "27.03.2021 13:10",
            "open": "5.998",
            "high": "6.0302",
            "low": "5.998",
            "close": "6.0111"
        },
        {
            "time": "27.03.2021 13:13",
            "open": "6.0111",
            "high": "6.0111",
            "low": "5.996",
            "close": "6.0073"
        },
        {
            "time": "27.03.2021 13:15",
            "open": "6.0073",
            "high": "6.0073",
            "low": "6.0073",
            "close": "6.003"
        },
        {
            "time": "27.03.2021 13:17",
            "open": "6.003",
            "high": "6.003",
            "low": "6.003",
            "close": "5.9906"
        },
        {
            "time": "27.03.2021 13:21",
            "open": "5.9906",
            "high": "6.0083",
            "low": "5.9906",
            "close": "6.0055"
        },
        {
            "time": "27.03.2021 13:22",
            "open": "6.0055",
            "high": "6.0059",
            "low": "6.0055",
            "close": "5.9885"
        },
        {
            "time": "27.03.2021 13:25",
            "open": "5.9885",
            "high": "5.9944",
            "low": "5.9885",
            "close": "6.001"
        },
        {
            "time": "27.03.2021 13:32",
            "open": "6.001",
            "high": "6.001",
            "low": "6.001",
            "close": "6.0018"
        },
        {
            "time": "27.03.2021 13:42",
            "open": "6.0018",
            "high": "6.0018",
            "low": "6.0018",
            "close": "5.9705"
        },
        {
            "time": "27.03.2021 13:43",
            "open": "5.9705",
            "high": "5.9705",
            "low": "5.9608",
            "close": "5.9591"
        },
        {
            "time": "27.03.2021 13:44",
            "open": "5.9591",
            "high": "5.9591",
            "low": "5.9591",
            "close": "5.9822"
        },
        {
            "time": "27.03.2021 13:45",
            "open": "5.9822",
            "high": "5.9822",
            "low": "5.982",
            "close": "5.9631"
        },
        {
            "time": "27.03.2021 13:47",
            "open": "5.9631",
            "high": "5.9631",
            "low": "5.9631",
            "close": "5.9508"
        },
        {
            "time": "27.03.2021 13:51",
            "open": "5.9508",
            "high": "5.9508",
            "low": "5.9508",
            "close": "5.9492"
        },
        {
            "time": "27.03.2021 13:52",
            "open": "5.9492",
            "high": "5.9754",
            "low": "5.9491",
            "close": "5.9635"
        },
        {
            "time": "27.03.2021 13:53",
            "open": "5.9635",
            "high": "5.9956",
            "low": "5.9634",
            "close": "6.0032"
        },
        {
            "time": "27.03.2021 13:58",
            "open": "6.0032",
            "high": "6.0032",
            "low": "6.0032",
            "close": "6"
        },
        {
            "time": "27.03.2021 13:59",
            "open": "6",
            "high": "6",
            "low": "6",
            "close": "6"
        },
        {
            "time": "27.03.2021 14:00",
            "open": "6",
            "high": "6",
            "low": "6",
            "close": "6.0212"
        },
        {
            "time": "27.03.2021 14:04",
            "open": "6.0212",
            "high": "6.0212",
            "low": "6.0066",
            "close": "6.0066"
        },
        {
            "time": "27.03.2021 14:09",
            "open": "6.0066",
            "high": "6.0066",
            "low": "6.0066",
            "close": "6"
        },
        {
            "time": "27.03.2021 14:14",
            "open": "6",
            "high": "6",
            "low": "6",
            "close": "5.9929"
        },
        {
            "time": "27.03.2021 14:18",
            "open": "5.9929",
            "high": "6.0031",
            "low": "5.9929",
            "close": "6.026"
        },
        {
            "time": "27.03.2021 14:19",
            "open": "6.026",
            "high": "6.0333",
            "low": "6.026",
            "close": "6.0049"
        },
        {
            "time": "27.03.2021 14:22",
            "open": "6.0049",
            "high": "6.0049",
            "low": "6.0049",
            "close": "6.015"
        },
        {
            "time": "27.03.2021 14:23",
            "open": "6.015",
            "high": "6.015",
            "low": "6.015",
            "close": "5.9901"
        },
        {
            "time": "27.03.2021 14:31",
            "open": "5.9901",
            "high": "5.9901",
            "low": "5.9901",
            "close": "6.0343"
        },
        {
            "time": "27.03.2021 14:55",
            "open": "6.0343",
            "high": "6.0343",
            "low": "6.0343",
            "close": "6.0058"
        },
        {
            "time": "27.03.2021 15:05",
            "open": "6.0058",
            "high": "6.0058",
            "low": "6.0058",
            "close": "6.0065"
        },
        {
            "time": "27.03.2021 15:22",
            "open": "6.0065",
            "high": "6.0097",
            "low": "6.0065",
            "close": "6.0093"
        },
        {
            "time": "27.03.2021 15:32",
            "open": "6.0093",
            "high": "6.0127",
            "low": "6.0093",
            "close": "6.0324"
        },
        {
            "time": "27.03.2021 15:38",
            "open": "6.0324",
            "high": "6.0324",
            "low": "6.0324",
            "close": "6.0324"
        },
        {
            "time": "27.03.2021 15:43",
            "open": "6.0324",
            "high": "6.0324",
            "low": "6.0324",
            "close": "6.0285"
        },
        {
            "time": "27.03.2021 15:51",
            "open": "6.0285",
            "high": "6.0285",
            "low": "6.0285",
            "close": "6.0285"
        },
        {
            "time": "27.03.2021 15:52",
            "open": "6.0285",
            "high": "6.0285",
            "low": "6.0285",
            "close": "6.0323"
        },
        {
            "time": "27.03.2021 15:59",
            "open": "6.0323",
            "high": "6.0323",
            "low": "6.0323",
            "close": "6.0285"
        },
        {
            "time": "27.03.2021 16:00",
            "open": "6.0285",
            "high": "6.0285",
            "low": "6.0285",
            "close": "6.026"
        },
        {
            "time": "27.03.2021 16:06",
            "open": "6.026",
            "high": "6.026",
            "low": "6.026",
            "close": "6.0324"
        },
        {
            "time": "27.03.2021 16:07",
            "open": "6.0324",
            "high": "6.0324",
            "low": "6.0324",
            "close": "6.0506"
        },
        {
            "time": "27.03.2021 16:15",
            "open": "6.0506",
            "high": "6.0506",
            "low": "6.0506",
            "close": "6.0578"
        },
        {
            "time": "27.03.2021 16:16",
            "open": "6.0578",
            "high": "6.0578",
            "low": "6.0578",
            "close": "6.0479"
        },
        {
            "time": "27.03.2021 16:22",
            "open": "6.0479",
            "high": "6.0479",
            "low": "6.0434",
            "close": "6.0494"
        },
        {
            "time": "27.03.2021 16:34",
            "open": "6.0494",
            "high": "6.0494",
            "low": "6.0494",
            "close": "6.052"
        },
        {
            "time": "27.03.2021 16:46",
            "open": "6.052",
            "high": "6.052",
            "low": "6.0425",
            "close": "6.0387"
        },
        {
            "time": "27.03.2021 16:49",
            "open": "6.0387",
            "high": "6.0387",
            "low": "6.034",
            "close": "6.0561"
        },
        {
            "time": "27.03.2021 16:51",
            "open": "6.0561",
            "high": "6.0561",
            "low": "6.0561",
            "close": "6.0452"
        },
        {
            "time": "27.03.2021 16:52",
            "open": "6.0452",
            "high": "6.0452",
            "low": "6.0452",
            "close": "6.0573"
        },
        {
            "time": "27.03.2021 16:56",
            "open": "6.0573",
            "high": "6.0573",
            "low": "6.0573",
            "close": "6.0638"
        },
        {
            "time": "27.03.2021 17:00",
            "open": "6.0638",
            "high": "6.0638",
            "low": "6.0638",
            "close": "6.08"
        },
        {
            "time": "27.03.2021 17:01",
            "open": "6.08",
            "high": "6.0803",
            "low": "6.08",
            "close": "6.0803"
        },
        {
            "time": "27.03.2021 17:02",
            "open": "6.0803",
            "high": "6.0874",
            "low": "6.0803",
            "close": "6.0873"
        },
        {
            "time": "27.03.2021 17:03",
            "open": "6.0873",
            "high": "6.0873",
            "low": "6.0873",
            "close": "6.09"
        },
        {
            "time": "27.03.2021 17:04",
            "open": "6.09",
            "high": "6.09",
            "low": "6.09",
            "close": "6.0876"
        },
        {
            "time": "27.03.2021 17:05",
            "open": "6.0876",
            "high": "6.0876",
            "low": "6.0873",
            "close": "6.0848"
        },
        {
            "time": "27.03.2021 17:07",
            "open": "6.0848",
            "high": "6.0848",
            "low": "6.0848",
            "close": "6.0827"
        },
        {
            "time": "27.03.2021 17:09",
            "open": "6.0827",
            "high": "6.0827",
            "low": "6.0827",
            "close": "6.0873"
        },
        {
            "time": "27.03.2021 17:13",
            "open": "6.0873",
            "high": "6.0873",
            "low": "6.0873",
            "close": "6.0996"
        },
        {
            "time": "27.03.2021 17:14",
            "open": "6.0996",
            "high": "6.0996",
            "low": "6.0996",
            "close": "6.1248"
        },
        {
            "time": "27.03.2021 17:20",
            "open": "6.1248",
            "high": "6.125",
            "low": "6.1214",
            "close": "6.1095"
        },
        {
            "time": "27.03.2021 17:21",
            "open": "6.1095",
            "high": "6.1095",
            "low": "6.1064",
            "close": "6.1036"
        },
        {
            "time": "27.03.2021 17:22",
            "open": "6.1036",
            "high": "6.1036",
            "low": "6.1036",
            "close": "6.1007"
        },
        {
            "time": "27.03.2021 17:23",
            "open": "6.1007",
            "high": "6.1009",
            "low": "6.0961",
            "close": "6.0912"
        },
        {
            "time": "27.03.2021 17:27",
            "open": "6.0912",
            "high": "6.0912",
            "low": "6.0912",
            "close": "6.0892"
        },
        {
            "time": "27.03.2021 17:35",
            "open": "6.0892",
            "high": "6.0892",
            "low": "6.0823",
            "close": "6.1054"
        },
        {
            "time": "27.03.2021 17:51",
            "open": "6.1054",
            "high": "6.1054",
            "low": "6.1054",
            "close": "6.1089"
        },
        {
            "time": "27.03.2021 17:52",
            "open": "6.1089",
            "high": "6.1089",
            "low": "6.1089",
            "close": "6.1127"
        },
        {
            "time": "27.03.2021 17:53",
            "open": "6.1127",
            "high": "6.1127",
            "low": "6.1127",
            "close": "6.1248"
        },
        {
            "time": "27.03.2021 18:00",
            "open": "6.1248",
            "high": "6.13",
            "low": "6.1208",
            "close": "6.1271"
        },
        {
            "time": "27.03.2021 18:01",
            "open": "6.1271",
            "high": "6.1271",
            "low": "6.127",
            "close": "6.1263"
        },
        {
            "time": "27.03.2021 18:05",
            "open": "6.1263",
            "high": "6.1263",
            "low": "6.1263",
            "close": "6.1249"
        },
        {
            "time": "27.03.2021 18:06",
            "open": "6.1249",
            "high": "6.1249",
            "low": "6.1249",
            "close": "6.1177"
        },
        {
            "time": "27.03.2021 18:16",
            "open": "6.1177",
            "high": "6.1177",
            "low": "6.1177",
            "close": "6.1159"
        },
        {
            "time": "27.03.2021 18:21",
            "open": "6.1159",
            "high": "6.1246",
            "low": "6.1159",
            "close": "6.1194"
        },
        {
            "time": "27.03.2021 18:26",
            "open": "6.1194",
            "high": "6.1195",
            "low": "6.1194",
            "close": "6.1249"
        },
        {
            "time": "27.03.2021 18:27",
            "open": "6.1249",
            "high": "6.1249",
            "low": "6.1249",
            "close": "6.1306"
        },
        {
            "time": "27.03.2021 18:28",
            "open": "6.1306",
            "high": "6.1306",
            "low": "6.1306",
            "close": "6.1306"
        },
        {
            "time": "27.03.2021 18:31",
            "open": "6.1306",
            "high": "6.1306",
            "low": "6.1306",
            "close": "6.1126"
        },
        {
            "time": "27.03.2021 18:32",
            "open": "6.1126",
            "high": "6.1126",
            "low": "6.1126",
            "close": "6.1"
        },
        {
            "time": "27.03.2021 18:34",
            "open": "6.1",
            "high": "6.1",
            "low": "6.1",
            "close": "6.1"
        },
        {
            "time": "27.03.2021 18:35",
            "open": "6.1",
            "high": "6.1",
            "low": "6.0866",
            "close": "6.0811"
        },
        {
            "time": "27.03.2021 18:59",
            "open": "6.0811",
            "high": "6.1249",
            "low": "6.0811",
            "close": "6.1265"
        },
        {
            "time": "27.03.2021 19:00",
            "open": "6.1265",
            "high": "6.1266",
            "low": "6.1247",
            "close": "6.1134"
        },
        {
            "time": "27.03.2021 19:04",
            "open": "6.1134",
            "high": "6.1134",
            "low": "6.1134",
            "close": "6.1065"
        },
        {
            "time": "27.03.2021 19:08",
            "open": "6.1065",
            "high": "6.1065",
            "low": "6.1065",
            "close": "6.0998"
        },
        {
            "time": "27.03.2021 19:12",
            "open": "6.0998",
            "high": "6.0998",
            "low": "6.0998",
            "close": "6.1076"
        },
        {
            "time": "27.03.2021 19:13",
            "open": "6.1076",
            "high": "6.1076",
            "low": "6.1076",
            "close": "6.1035"
        },
        {
            "time": "27.03.2021 19:14",
            "open": "6.1035",
            "high": "6.1076",
            "low": "6.1035",
            "close": "6.1108"
        },
        {
            "time": "27.03.2021 19:18",
            "open": "6.1108",
            "high": "6.1189",
            "low": "6.1108",
            "close": "6.1066"
        },
        {
            "time": "27.03.2021 19:21",
            "open": "6.1066",
            "high": "6.1068",
            "low": "6.1065",
            "close": "6.1051"
        },
        {
            "time": "27.03.2021 19:22",
            "open": "6.1051",
            "high": "6.1051",
            "low": "6.1044",
            "close": "6.0983"
        },
        {
            "time": "27.03.2021 19:24",
            "open": "6.0983",
            "high": "6.0983",
            "low": "6.0983",
            "close": "6.1018"
        },
        {
            "time": "27.03.2021 19:28",
            "open": "6.1018",
            "high": "6.1097",
            "low": "6.1018",
            "close": "6.1097"
        },
        {
            "time": "27.03.2021 19:31",
            "open": "6.1097",
            "high": "6.1097",
            "low": "6.0985",
            "close": "6.1013"
        },
        {
            "time": "27.03.2021 19:36",
            "open": "6.1013",
            "high": "6.1013",
            "low": "6.1013",
            "close": "6.1022"
        },
        {
            "time": "27.03.2021 19:41",
            "open": "6.1022",
            "high": "6.1033",
            "low": "6.1022",
            "close": "6.0971"
        },
        {
            "time": "27.03.2021 19:43",
            "open": "6.0971",
            "high": "6.0971",
            "low": "6.0944",
            "close": "6.0819"
        },
        {
            "time": "27.03.2021 19:45",
            "open": "6.0819",
            "high": "6.082",
            "low": "6.0819",
            "close": "6.0857"
        },
        {
            "time": "27.03.2021 19:46",
            "open": "6.0857",
            "high": "6.0857",
            "low": "6.0857",
            "close": "6.0898"
        },
        {
            "time": "27.03.2021 19:51",
            "open": "6.0898",
            "high": "6.0898",
            "low": "6.0895",
            "close": "6.0931"
        },
        {
            "time": "27.03.2021 19:52",
            "open": "6.0931",
            "high": "6.0941",
            "low": "6.0931",
            "close": "6.0977"
        },
        {
            "time": "27.03.2021 19:54",
            "open": "6.0977",
            "high": "6.0977",
            "low": "6.0977",
            "close": "6.0905"
        },
        {
            "time": "27.03.2021 20:00",
            "open": "6.0905",
            "high": "6.0905",
            "low": "6.0905",
            "close": "6.0908"
        },
        {
            "time": "27.03.2021 20:07",
            "open": "6.0908",
            "high": "6.0908",
            "low": "6.0908",
            "close": "6.0762"
        },
        {
            "time": "27.03.2021 20:13",
            "open": "6.0762",
            "high": "6.0762",
            "low": "6.0761",
            "close": "6.0887"
        },
        {
            "time": "27.03.2021 20:14",
            "open": "6.0887",
            "high": "6.0887",
            "low": "6.0887",
            "close": "6.083"
        },
        {
            "time": "27.03.2021 20:15",
            "open": "6.083",
            "high": "6.091",
            "low": "6.0723",
            "close": "6.0881"
        },
        {
            "time": "27.03.2021 20:25",
            "open": "6.0881",
            "high": "6.0882",
            "low": "6.0881",
            "close": "6.1005"
        },
        {
            "time": "27.03.2021 20:26",
            "open": "6.1005",
            "high": "6.1005",
            "low": "6.1005",
            "close": "6.1127"
        },
        {
            "time": "27.03.2021 20:27",
            "open": "6.1127",
            "high": "6.1184",
            "low": "6.1127",
            "close": "6.1184"
        },
        {
            "time": "27.03.2021 20:28",
            "open": "6.1184",
            "high": "6.1184",
            "low": "6.1184",
            "close": "6.1184"
        },
        {
            "time": "27.03.2021 20:29",
            "open": "6.1184",
            "high": "6.1184",
            "low": "6.1184",
            "close": "6.1099"
        },
        {
            "time": "27.03.2021 20:32",
            "open": "6.1099",
            "high": "6.1099",
            "low": "6.1099",
            "close": "6.119"
        },
        {
            "time": "27.03.2021 20:43",
            "open": "6.119",
            "high": "6.119",
            "low": "6.119",
            "close": "6.0969"
        },
        {
            "time": "27.03.2021 20:50",
            "open": "6.0969",
            "high": "6.0969",
            "low": "6.0969",
            "close": "6.0947"
        },
        {
            "time": "27.03.2021 20:53",
            "open": "6.0947",
            "high": "6.0947",
            "low": "6.0947",
            "close": "6.08"
        },
        {
            "time": "27.03.2021 20:54",
            "open": "6.08",
            "high": "6.08",
            "low": "6.08",
            "close": "6.0945"
        },
        {
            "time": "27.03.2021 21:00",
            "open": "6.0945",
            "high": "6.0946",
            "low": "6.0945",
            "close": "6.1058"
        },
        {
            "time": "27.03.2021 21:11",
            "open": "6.1058",
            "high": "6.1098",
            "low": "6.1058",
            "close": "6.1173"
        },
        {
            "time": "27.03.2021 21:13",
            "open": "6.1173",
            "high": "6.1173",
            "low": "6.1173",
            "close": "6.1195"
        },
        {
            "time": "27.03.2021 21:14",
            "open": "6.1195",
            "high": "6.1195",
            "low": "6.1194",
            "close": "6.1161"
        },
        {
            "time": "27.03.2021 21:18",
            "open": "6.1161",
            "high": "6.1161",
            "low": "6.1161",
            "close": "6.1162"
        },
        {
            "time": "27.03.2021 21:24",
            "open": "6.1162",
            "high": "6.1162",
            "low": "6.1162",
            "close": "6.117"
        },
        {
            "time": "27.03.2021 21:25",
            "open": "6.117",
            "high": "6.117",
            "low": "6.117",
            "close": "6.117"
        },
        {
            "time": "27.03.2021 21:26",
            "open": "6.117",
            "high": "6.117",
            "low": "6.117",
            "close": "6.1182"
        },
        {
            "time": "27.03.2021 21:38",
            "open": "6.1182",
            "high": "6.1249",
            "low": "6.118",
            "close": "6.1353"
        },
        {
            "time": "27.03.2021 21:39",
            "open": "6.1353",
            "high": "6.1578",
            "low": "6.1353",
            "close": "6.155"
        },
        {
            "time": "27.03.2021 21:40",
            "open": "6.155",
            "high": "6.155",
            "low": "6.155",
            "close": "6.1353"
        },
        {
            "time": "27.03.2021 21:46",
            "open": "6.1353",
            "high": "6.1353",
            "low": "6.1353",
            "close": "6.1329"
        },
        {
            "time": "27.03.2021 21:47",
            "open": "6.1329",
            "high": "6.135",
            "low": "6.1324",
            "close": "6.1374"
        },
        {
            "time": "27.03.2021 21:50",
            "open": "6.1374",
            "high": "6.1374",
            "low": "6.1374",
            "close": "6.1277"
        },
        {
            "time": "27.03.2021 21:52",
            "open": "6.1277",
            "high": "6.1277",
            "low": "6.1277",
            "close": "6.118"
        },
        {
            "time": "27.03.2021 21:53",
            "open": "6.118",
            "high": "6.118",
            "low": "6.1179",
            "close": "6.1201"
        },
        {
            "time": "27.03.2021 22:18",
            "open": "6.1201",
            "high": "6.1201",
            "low": "6.1201",
            "close": "6.1174"
        },
        {
            "time": "27.03.2021 22:19",
            "open": "6.1174",
            "high": "6.1174",
            "low": "6.1174",
            "close": "6.1295"
        },
        {
            "time": "27.03.2021 22:20",
            "open": "6.1295",
            "high": "6.1295",
            "low": "6.1295",
            "close": "6.1337"
        },
        {
            "time": "27.03.2021 22:28",
            "open": "6.1337",
            "high": "6.1418",
            "low": "6.1337",
            "close": "6.1719"
        },
        {
            "time": "27.03.2021 22:48",
            "open": "6.1719",
            "high": "6.1724",
            "low": "6.1719",
            "close": "6.1611"
        },
        {
            "time": "27.03.2021 22:50",
            "open": "6.1611",
            "high": "6.1611",
            "low": "6.1611",
            "close": "6.1731"
        },
        {
            "time": "27.03.2021 22:51",
            "open": "6.1731",
            "high": "6.1731",
            "low": "6.1731",
            "close": "6.1577"
        },
        {
            "time": "27.03.2021 22:57",
            "open": "6.1577",
            "high": "6.1577",
            "low": "6.1577",
            "close": "6.1645"
        },
        {
            "time": "27.03.2021 22:58",
            "open": "6.1645",
            "high": "6.1649",
            "low": "6.1645",
            "close": "6.1649"
        },
        {
            "time": "27.03.2021 22:59",
            "open": "6.1649",
            "high": "6.1649",
            "low": "6.1541",
            "close": "6.1681"
        },
        {
            "time": "27.03.2021 23:00",
            "open": "6.1681",
            "high": "6.1681",
            "low": "6.1681",
            "close": "6.168"
        },
        {
            "time": "27.03.2021 23:02",
            "open": "6.168",
            "high": "6.168",
            "low": "6.168",
            "close": "6.1619"
        },
        {
            "time": "27.03.2021 23:04",
            "open": "6.1619",
            "high": "6.1619",
            "low": "6.1619",
            "close": "6.1571"
        },
        {
            "time": "27.03.2021 23:05",
            "open": "6.1571",
            "high": "6.1571",
            "low": "6.1571",
            "close": "6.1341"
        },
        {
            "time": "27.03.2021 23:10",
            "open": "6.1341",
            "high": "6.1341",
            "low": "6.1337",
            "close": "6.1295"
        },
        {
            "time": "27.03.2021 23:17",
            "open": "6.1295",
            "high": "6.1295",
            "low": "6.1119",
            "close": "6.1264"
        },
        {
            "time": "27.03.2021 23:18",
            "open": "6.1264",
            "high": "6.1272",
            "low": "6.1264",
            "close": "6.1272"
        },
        {
            "time": "27.03.2021 23:26",
            "open": "6.1272",
            "high": "6.1272",
            "low": "6.1204",
            "close": "6.1206"
        },
        {
            "time": "27.03.2021 23:28",
            "open": "6.1206",
            "high": "6.1207",
            "low": "6.1201",
            "close": "6.1127"
        },
        {
            "time": "27.03.2021 23:31",
            "open": "6.1127",
            "high": "6.1127",
            "low": "6.1123",
            "close": "6.1167"
        },
        {
            "time": "27.03.2021 23:35",
            "open": "6.1167",
            "high": "6.1353",
            "low": "6.1167",
            "close": "6.1324"
        },
        {
            "time": "27.03.2021 23:37",
            "open": "6.1324",
            "high": "6.1324",
            "low": "6.1324",
            "close": "6.1334"
        },
        {
            "time": "27.03.2021 23:38",
            "open": "6.1334",
            "high": "6.1334",
            "low": "6.1334",
            "close": "6.1313"
        },
        {
            "time": "27.03.2021 23:39",
            "open": "6.1313",
            "high": "6.1367",
            "low": "6.1313",
            "close": "6.1399"
        },
        {
            "time": "27.03.2021 23:42",
            "open": "6.1399",
            "high": "6.1399",
            "low": "6.1395",
            "close": "6.1467"
        },
        {
            "time": "27.03.2021 23:45",
            "open": "6.1467",
            "high": "6.1633",
            "low": "6.1467",
            "close": "6.1574"
        },
        {
            "time": "27.03.2021 23:51",
            "open": "6.1574",
            "high": "6.1574",
            "low": "6.1574",
            "close": "6.1574"
        },
        {
            "time": "27.03.2021 23:52",
            "open": "6.1574",
            "high": "6.1574",
            "low": "6.1574",
            "close": "6.1564"
        },
        {
            "time": "27.03.2021 23:53",
            "open": "6.1564",
            "high": "6.1564",
            "low": "6.1564",
            "close": "6.1558"
        },
        {
            "time": "27.03.2021 23:56",
            "open": "6.1558",
            "high": "6.1558",
            "low": "6.1558",
            "close": "6.1564"
        }
    ]
}