{
    "BNT-EUR": [
        {
            "time": "04.08.2021 23:14",
            "open": "3.0618",
            "high": "3.0618",
            "low": "3.0617",
            "close": "3.0619"
        },
        {
            "time": "05.08.2021 00:01",
            "open": "3.0619",
            "high": "3.0757",
            "low": "3.0619",
            "close": "3.0751"
        },
        {
            "time": "05.08.2021 00:02",
            "open": "3.0751",
            "high": "3.1",
            "low": "3.0751",
            "close": "3.1"
        },
        {
            "time": "05.08.2021 00:03",
            "open": "3.1",
            "high": "3.1016",
            "low": "3.1",
            "close": "3.0933"
        },
        {
            "time": "05.08.2021 00:05",
            "open": "3.0933",
            "high": "3.0933",
            "low": "3.0933",
            "close": "3.0811"
        },
        {
            "time": "05.08.2021 00:22",
            "open": "3.0811",
            "high": "3.0811",
            "low": "3.0728",
            "close": "3.0887"
        },
        {
            "time": "05.08.2021 00:26",
            "open": "3.0887",
            "high": "3.0888",
            "low": "3.0887",
            "close": "3.1016"
        },
        {
            "time": "05.08.2021 00:30",
            "open": "3.1041",
            "high": "3.1041",
            "low": "3.1041",
            "close": "3.0731"
        },
        {
            "time": "05.08.2021 00:44",
            "open": "3.0731",
            "high": "3.0731",
            "low": "3.0731",
            "close": "3.0792"
        },
        {
            "time": "05.08.2021 00:48",
            "open": "3.0792",
            "high": "3.0792",
            "low": "3.0721",
            "close": "3.0663"
        },
        {
            "time": "05.08.2021 00:52",
            "open": "3.0663",
            "high": "3.0663",
            "low": "3.0662",
            "close": "3.0639"
        },
        {
            "time": "05.08.2021 00:53",
            "open": "3.0639",
            "high": "3.0639",
            "low": "3.0639",
            "close": "3.0807"
        },
        {
            "time": "05.08.2021 00:59",
            "open": "3.0807",
            "high": "3.0807",
            "low": "3.0805",
            "close": "3.0811"
        },
        {
            "time": "05.08.2021 01:00",
            "open": "3.0811",
            "high": "3.0811",
            "low": "3.0735",
            "close": "3.0548"
        },
        {
            "time": "05.08.2021 01:03",
            "open": "3.0548",
            "high": "3.0548",
            "low": "3.0548",
            "close": "3.0636"
        },
        {
            "time": "05.08.2021 02:01",
            "open": "3.0636",
            "high": "3.0636",
            "low": "3.0635",
            "close": "3.0816"
        },
        {
            "time": "05.08.2021 02:05",
            "open": "3.0816",
            "high": "3.0816",
            "low": "3.0814",
            "close": "3.0754"
        },
        {
            "time": "05.08.2021 02:15",
            "open": "3.0754",
            "high": "3.0754",
            "low": "3.0754",
            "close": "3.0314"
        },
        {
            "time": "05.08.2021 03:02",
            "open": "3.0314",
            "high": "3.0314",
            "low": "3.0314",
            "close": "3.0214"
        },
        {
            "time": "05.08.2021 03:03",
            "open": "3.0214",
            "high": "3.0268",
            "low": "3.015",
            "close": "3.0424"
        },
        {
            "time": "05.08.2021 03:20",
            "open": "3.0424",
            "high": "3.0424",
            "low": "3.0424",
            "close": "3.0192"
        },
        {
            "time": "05.08.2021 03:29",
            "open": "3.0192",
            "high": "3.0192",
            "low": "3.0164",
            "close": "3.0247"
        },
        {
            "time": "05.08.2021 03:30",
            "open": "3.0247",
            "high": "3.0247",
            "low": "3.0247",
            "close": "3.0359"
        },
        {
            "time": "05.08.2021 03:55",
            "open": "3.0396",
            "high": "3.0396",
            "low": "3.0396",
            "close": "3.031"
        },
        {
            "time": "05.08.2021 04:41",
            "open": "3.031",
            "high": "3.031",
            "low": "3.031",
            "close": "3.0475"
        },
        {
            "time": "05.08.2021 05:01",
            "open": "3.0475",
            "high": "3.0611",
            "low": "3.0475",
            "close": "3.0645"
        },
        {
            "time": "05.08.2021 05:04",
            "open": "3.0645",
            "high": "3.0645",
            "low": "3.0645",
            "close": "3.0618"
        },
        {
            "time": "05.08.2021 05:07",
            "open": "3.0618",
            "high": "3.0656",
            "low": "3.0618",
            "close": "3.0398"
        },
        {
            "time": "05.08.2021 05:22",
            "open": "3.0398",
            "high": "3.0398",
            "low": "3.0398",
            "close": "3.0406"
        },
        {
            "time": "05.08.2021 05:36",
            "open": "3.0406",
            "high": "3.0406",
            "low": "3.0406",
            "close": "3.0406"
        },
        {
            "time": "05.08.2021 05:37",
            "open": "3.0406",
            "high": "3.0406",
            "low": "3.0406",
            "close": "3.0513"
        },
        {
            "time": "05.08.2021 05:39",
            "open": "3.0513",
            "high": "3.0513",
            "low": "3.0513",
            "close": "3.0556"
        },
        {
            "time": "05.08.2021 06:13",
            "open": "3.0556",
            "high": "3.0556",
            "low": "3.0556",
            "close": "3.0511"
        },
        {
            "time": "05.08.2021 06:25",
            "open": "3.0511",
            "high": "3.0521",
            "low": "3.0511",
            "close": "3.0397"
        },
        {
            "time": "05.08.2021 06:32",
            "open": "3.0397",
            "high": "3.0397",
            "low": "3.0397",
            "close": "3.0283"
        },
        {
            "time": "05.08.2021 06:51",
            "open": "3.0283",
            "high": "3.0283",
            "low": "3.0283",
            "close": "3.0391"
        },
        {
            "time": "05.08.2021 06:57",
            "open": "3.0391",
            "high": "3.0391",
            "low": "3.0391",
            "close": "3.0494"
        },
        {
            "time": "05.08.2021 07:22",
            "open": "3.0494",
            "high": "3.0494",
            "low": "3.0493",
            "close": "3.0463"
        },
        {
            "time": "05.08.2021 07:49",
            "open": "3.0463",
            "high": "3.0463",
            "low": "3.0463",
            "close": "3.0544"
        },
        {
            "time": "05.08.2021 08:16",
            "open": "3.0544",
            "high": "3.0544",
            "low": "3.0544",
            "close": "3.0517"
        },
        {
            "time": "05.08.2021 08:22",
            "open": "3.0517",
            "high": "3.0517",
            "low": "3.0517",
            "close": "3.0575"
        },
        {
            "time": "05.08.2021 08:29",
            "open": "3.0575",
            "high": "3.0575",
            "low": "3.0562",
            "close": "3.0461"
        },
        {
            "time": "05.08.2021 08:37",
            "open": "3.0461",
            "high": "3.0461",
            "low": "3.0461",
            "close": "3.05"
        },
        {
            "time": "05.08.2021 08:38",
            "open": "3.05",
            "high": "3.05",
            "low": "3.05",
            "close": "3.0528"
        },
        {
            "time": "05.08.2021 08:40",
            "open": "3.0528",
            "high": "3.0528",
            "low": "3.0528",
            "close": "3.074"
        },
        {
            "time": "05.08.2021 08:47",
            "open": "3.074",
            "high": "3.0756",
            "low": "3.0721",
            "close": "3.0685"
        },
        {
            "time": "05.08.2021 08:48",
            "open": "3.0685",
            "high": "3.0685",
            "low": "3.0685",
            "close": "3.05"
        },
        {
            "time": "05.08.2021 09:03",
            "open": "3.05",
            "high": "3.0516",
            "low": "3.05",
            "close": "3.0446"
        },
        {
            "time": "05.08.2021 09:15",
            "open": "3.0446",
            "high": "3.0446",
            "low": "3.0446",
            "close": "3.0405"
        },
        {
            "time": "05.08.2021 09:37",
            "open": "3.0405",
            "high": "3.0405",
            "low": "3.0405",
            "close": "3.04"
        },
        {
            "time": "05.08.2021 10:15",
            "open": "3.04",
            "high": "3.0408",
            "low": "3.04",
            "close": "3.0221"
        },
        {
            "time": "05.08.2021 10:28",
            "open": "3.0221",
            "high": "3.0221",
            "low": "3.0221",
            "close": "3.0225"
        },
        {
            "time": "05.08.2021 10:36",
            "open": "3.0225",
            "high": "3.0225",
            "low": "3.0225",
            "close": "3.0163"
        },
        {
            "time": "05.08.2021 10:41",
            "open": "3.0163",
            "high": "3.0163",
            "low": "3.0163",
            "close": "3.0001"
        },
        {
            "time": "05.08.2021 10:53",
            "open": "3.0001",
            "high": "3.0001",
            "low": "2.9859",
            "close": "2.9883"
        },
        {
            "time": "05.08.2021 10:54",
            "open": "2.9883",
            "high": "2.9907",
            "low": "2.9883",
            "close": "2.977"
        },
        {
            "time": "05.08.2021 10:55",
            "open": "2.977",
            "high": "2.977",
            "low": "2.977",
            "close": "2.9848"
        },
        {
            "time": "05.08.2021 11:00",
            "open": "2.9848",
            "high": "2.9848",
            "low": "2.9848",
            "close": "2.9952"
        },
        {
            "time": "05.08.2021 11:01",
            "open": "2.9952",
            "high": "2.9966",
            "low": "2.9952",
            "close": "3.0019"
        },
        {
            "time": "05.08.2021 11:08",
            "open": "3.0019",
            "high": "3.003",
            "low": "2.9997",
            "close": "2.9667"
        },
        {
            "time": "05.08.2021 11:19",
            "open": "2.9667",
            "high": "2.9667",
            "low": "2.9539",
            "close": "2.9644"
        },
        {
            "time": "05.08.2021 11:20",
            "open": "2.9644",
            "high": "2.9732",
            "low": "2.9644",
            "close": "2.9584"
        },
        {
            "time": "05.08.2021 11:22",
            "open": "2.9584",
            "high": "2.9589",
            "low": "2.9584",
            "close": "2.9605"
        },
        {
            "time": "05.08.2021 11:23",
            "open": "2.9605",
            "high": "2.9606",
            "low": "2.9605",
            "close": "2.9665"
        },
        {
            "time": "05.08.2021 11:29",
            "open": "2.9665",
            "high": "2.9665",
            "low": "2.9665",
            "close": "2.96"
        },
        {
            "time": "05.08.2021 11:34",
            "open": "2.96",
            "high": "2.96",
            "low": "2.96",
            "close": "2.9436"
        },
        {
            "time": "05.08.2021 11:40",
            "open": "2.9436",
            "high": "2.9436",
            "low": "2.9436",
            "close": "2.9585"
        },
        {
            "time": "05.08.2021 11:43",
            "open": "2.9585",
            "high": "2.9585",
            "low": "2.9585",
            "close": "2.9563"
        },
        {
            "time": "05.08.2021 11:51",
            "open": "2.9563",
            "high": "2.9563",
            "low": "2.9563",
            "close": "2.9702"
        },
        {
            "time": "05.08.2021 12:08",
            "open": "2.9702",
            "high": "2.9702",
            "low": "2.97",
            "close": "2.9666"
        },
        {
            "time": "05.08.2021 12:12",
            "open": "2.9666",
            "high": "2.9668",
            "low": "2.9666",
            "close": "2.9531"
        },
        {
            "time": "05.08.2021 12:32",
            "open": "2.9531",
            "high": "2.9531",
            "low": "2.9531",
            "close": "2.9523"
        },
        {
            "time": "05.08.2021 12:33",
            "open": "2.9523",
            "high": "2.9523",
            "low": "2.9523",
            "close": "2.9704"
        },
        {
            "time": "05.08.2021 12:47",
            "open": "2.9704",
            "high": "2.9706",
            "low": "2.9704",
            "close": "2.9973"
        },
        {
            "time": "05.08.2021 13:12",
            "open": "2.9973",
            "high": "2.9973",
            "low": "2.9969",
            "close": "2.9951"
        },
        {
            "time": "05.08.2021 13:13",
            "open": "2.9951",
            "high": "2.9951",
            "low": "2.9951",
            "close": "2.9778"
        },
        {
            "time": "05.08.2021 13:23",
            "open": "2.9778",
            "high": "2.9822",
            "low": "2.9778",
            "close": "2.9753"
        },
        {
            "time": "05.08.2021 13:25",
            "open": "2.9753",
            "high": "2.9753",
            "low": "2.9753",
            "close": "2.9811"
        },
        {
            "time": "05.08.2021 13:29",
            "open": "2.9811",
            "high": "2.9827",
            "low": "2.9811",
            "close": "2.9825"
        },
        {
            "time": "05.08.2021 13:31",
            "open": "2.9825",
            "high": "2.9825",
            "low": "2.9817",
            "close": "2.9696"
        },
        {
            "time": "05.08.2021 13:42",
            "open": "2.9696",
            "high": "2.9696",
            "low": "2.9666",
            "close": "2.9753"
        },
        {
            "time": "05.08.2021 14:03",
            "open": "2.9753",
            "high": "2.9888",
            "low": "2.9753",
            "close": "2.9998"
        },
        {
            "time": "05.08.2021 14:04",
            "open": "2.9998",
            "high": "2.9998",
            "low": "2.9998",
            "close": "2.9888"
        },
        {
            "time": "05.08.2021 14:06",
            "open": "2.9888",
            "high": "2.9888",
            "low": "2.9867",
            "close": "2.9856"
        },
        {
            "time": "05.08.2021 14:09",
            "open": "2.9856",
            "high": "2.9856",
            "low": "2.9856",
            "close": "2.9623"
        },
        {
            "time": "05.08.2021 14:17",
            "open": "2.9623",
            "high": "2.9623",
            "low": "2.9623",
            "close": "2.96"
        },
        {
            "time": "05.08.2021 14:18",
            "open": "2.96",
            "high": "2.96",
            "low": "2.96",
            "close": "2.961"
        },
        {
            "time": "05.08.2021 14:28",
            "open": "2.961",
            "high": "2.961",
            "low": "2.961",
            "close": "2.9584"
        },
        {
            "time": "05.08.2021 14:31",
            "open": "2.9584",
            "high": "2.9584",
            "low": "2.9584",
            "close": "2.9632"
        },
        {
            "time": "05.08.2021 14:34",
            "open": "2.9632",
            "high": "2.9632",
            "low": "2.9632",
            "close": "2.97"
        },
        {
            "time": "05.08.2021 14:39",
            "open": "2.97",
            "high": "2.97",
            "low": "2.97",
            "close": "2.9428"
        },
        {
            "time": "05.08.2021 14:42",
            "open": "2.9428",
            "high": "2.9428",
            "low": "2.9399",
            "close": "2.9443"
        },
        {
            "time": "05.08.2021 14:43",
            "open": "2.9443",
            "high": "2.9443",
            "low": "2.9443",
            "close": "2.9475"
        },
        {
            "time": "05.08.2021 14:44",
            "open": "2.9475",
            "high": "2.9536",
            "low": "2.9464",
            "close": "2.9424"
        },
        {
            "time": "05.08.2021 14:45",
            "open": "2.9424",
            "high": "2.9424",
            "low": "2.9227",
            "close": "2.922"
        },
        {
            "time": "05.08.2021 14:46",
            "open": "2.922",
            "high": "2.922",
            "low": "2.9142",
            "close": "2.937"
        },
        {
            "time": "05.08.2021 14:47",
            "open": "2.937",
            "high": "2.9464",
            "low": "2.937",
            "close": "2.9682"
        },
        {
            "time": "05.08.2021 14:49",
            "open": "2.9682",
            "high": "2.9682",
            "low": "2.9682",
            "close": "2.978"
        },
        {
            "time": "05.08.2021 14:50",
            "open": "2.978",
            "high": "2.9868",
            "low": "2.978",
            "close": "2.9784"
        },
        {
            "time": "05.08.2021 14:51",
            "open": "2.9784",
            "high": "2.9784",
            "low": "2.9463",
            "close": "2.9445"
        },
        {
            "time": "05.08.2021 14:52",
            "open": "2.9445",
            "high": "2.9445",
            "low": "2.9445",
            "close": "2.9422"
        },
        {
            "time": "05.08.2021 14:54",
            "open": "2.9422",
            "high": "2.9426",
            "low": "2.9422",
            "close": "2.9443"
        },
        {
            "time": "05.08.2021 14:57",
            "open": "2.9443",
            "high": "2.9675",
            "low": "2.9443",
            "close": "2.97"
        },
        {
            "time": "05.08.2021 14:58",
            "open": "2.97",
            "high": "2.9773",
            "low": "2.97",
            "close": "2.9659"
        },
        {
            "time": "05.08.2021 14:59",
            "open": "2.9659",
            "high": "2.9659",
            "low": "2.9434",
            "close": "2.961"
        },
        {
            "time": "05.08.2021 15:00",
            "open": "2.961",
            "high": "2.9742",
            "low": "2.961",
            "close": "2.9836"
        },
        {
            "time": "05.08.2021 15:01",
            "open": "2.9836",
            "high": "2.9886",
            "low": "2.9836",
            "close": "3.0101"
        },
        {
            "time": "05.08.2021 15:02",
            "open": "3.0101",
            "high": "3.0101",
            "low": "3.0101",
            "close": "2.9978"
        },
        {
            "time": "05.08.2021 15:03",
            "open": "2.9978",
            "high": "2.9978",
            "low": "2.967",
            "close": "2.9692"
        },
        {
            "time": "05.08.2021 15:04",
            "open": "2.9692",
            "high": "2.9696",
            "low": "2.9662",
            "close": "2.9584"
        },
        {
            "time": "05.08.2021 15:05",
            "open": "2.9584",
            "high": "2.9584",
            "low": "2.9564",
            "close": "2.9483"
        },
        {
            "time": "05.08.2021 15:06",
            "open": "2.9483",
            "high": "2.9483",
            "low": "2.9483",
            "close": "2.9542"
        },
        {
            "time": "05.08.2021 15:07",
            "open": "2.9542",
            "high": "2.9685",
            "low": "2.9505",
            "close": "2.9724"
        },
        {
            "time": "05.08.2021 15:09",
            "open": "2.9724",
            "high": "2.9839",
            "low": "2.9724",
            "close": "2.966"
        },
        {
            "time": "05.08.2021 15:13",
            "open": "2.966",
            "high": "2.966",
            "low": "2.9646",
            "close": "2.9434"
        },
        {
            "time": "05.08.2021 15:14",
            "open": "2.9434",
            "high": "2.9615",
            "low": "2.9434",
            "close": "2.955"
        },
        {
            "time": "05.08.2021 15:18",
            "open": "2.955",
            "high": "2.955",
            "low": "2.955",
            "close": "2.9436"
        },
        {
            "time": "05.08.2021 15:19",
            "open": "2.9436",
            "high": "2.9436",
            "low": "2.9436",
            "close": "2.958"
        },
        {
            "time": "05.08.2021 15:26",
            "open": "2.958",
            "high": "2.9665",
            "low": "2.958",
            "close": "2.969"
        },
        {
            "time": "05.08.2021 15:33",
            "open": "2.969",
            "high": "2.969",
            "low": "2.969",
            "close": "2.965"
        },
        {
            "time": "05.08.2021 15:35",
            "open": "2.965",
            "high": "2.965",
            "low": "2.965",
            "close": "2.9636"
        },
        {
            "time": "05.08.2021 15:36",
            "open": "2.9636",
            "high": "2.9636",
            "low": "2.9636",
            "close": "2.9654"
        },
        {
            "time": "05.08.2021 15:47",
            "open": "2.9654",
            "high": "2.9654",
            "low": "2.964",
            "close": "2.9751"
        },
        {
            "time": "05.08.2021 15:51",
            "open": "2.9751",
            "high": "2.9751",
            "low": "2.9732",
            "close": "2.9777"
        },
        {
            "time": "05.08.2021 15:52",
            "open": "2.9777",
            "high": "2.9777",
            "low": "2.9777",
            "close": "2.9882"
        },
        {
            "time": "05.08.2021 15:54",
            "open": "2.9882",
            "high": "2.9991",
            "low": "2.9882",
            "close": "2.9965"
        },
        {
            "time": "05.08.2021 15:55",
            "open": "2.9965",
            "high": "3.0262",
            "low": "2.9926",
            "close": "3.0161"
        },
        {
            "time": "05.08.2021 15:56",
            "open": "3.0161",
            "high": "3.0297",
            "low": "3.0161",
            "close": "3.0274"
        },
        {
            "time": "05.08.2021 15:57",
            "open": "3.0274",
            "high": "3.0351",
            "low": "3.0252",
            "close": "3.0271"
        },
        {
            "time": "05.08.2021 15:58",
            "open": "3.0271",
            "high": "3.0282",
            "low": "3.0245",
            "close": "3.0249"
        },
        {
            "time": "05.08.2021 15:59",
            "open": "3.0249",
            "high": "3.0259",
            "low": "3.0249",
            "close": "3.0255"
        },
        {
            "time": "05.08.2021 16:00",
            "open": "3.0255",
            "high": "3.0255",
            "low": "3.0188",
            "close": "3.0107"
        },
        {
            "time": "05.08.2021 16:01",
            "open": "3.0107",
            "high": "3.0107",
            "low": "3.001",
            "close": "2.9912"
        },
        {
            "time": "05.08.2021 16:02",
            "open": "2.9912",
            "high": "2.9915",
            "low": "2.9912",
            "close": "3.0022"
        },
        {
            "time": "05.08.2021 16:05",
            "open": "3.0022",
            "high": "3.0818",
            "low": "3.0022",
            "close": "3.0892"
        },
        {
            "time": "05.08.2021 16:06",
            "open": "3.0892",
            "high": "3.0924",
            "low": "3.0696",
            "close": "3.0854"
        },
        {
            "time": "05.08.2021 16:07",
            "open": "3.0854",
            "high": "3.0854",
            "low": "3.0854",
            "close": "3.1007"
        },
        {
            "time": "05.08.2021 16:12",
            "open": "3.1007",
            "high": "3.1022",
            "low": "3.0957",
            "close": "3.096"
        },
        {
            "time": "05.08.2021 16:13",
            "open": "3.096",
            "high": "3.096",
            "low": "3.085",
            "close": "3.0914"
        },
        {
            "time": "05.08.2021 16:14",
            "open": "3.0914",
            "high": "3.1012",
            "low": "3.0914",
            "close": "3.1078"
        },
        {
            "time": "05.08.2021 16:16",
            "open": "3.1078",
            "high": "3.1125",
            "low": "3.0957",
            "close": "3.1019"
        },
        {
            "time": "05.08.2021 16:21",
            "open": "3.1019",
            "high": "3.1019",
            "low": "3.0967",
            "close": "3.0902"
        },
        {
            "time": "05.08.2021 16:23",
            "open": "3.0902",
            "high": "3.1011",
            "low": "3.0902",
            "close": "3.0949"
        },
        {
            "time": "05.08.2021 16:24",
            "open": "3.0949",
            "high": "3.0949",
            "low": "3.0949",
            "close": "3.0956"
        },
        {
            "time": "05.08.2021 16:25",
            "open": "3.0956",
            "high": "3.0956",
            "low": "3.0956",
            "close": "3.0853"
        },
        {
            "time": "05.08.2021 16:26",
            "open": "3.0853",
            "high": "3.0853",
            "low": "3.0853",
            "close": "3.0742"
        },
        {
            "time": "05.08.2021 16:29",
            "open": "3.0742",
            "high": "3.0742",
            "low": "3.0742",
            "close": "3.0571"
        },
        {
            "time": "05.08.2021 16:37",
            "open": "3.0571",
            "high": "3.0571",
            "low": "3.0447",
            "close": "3.0488"
        },
        {
            "time": "05.08.2021 16:39",
            "open": "3.0488",
            "high": "3.0488",
            "low": "3.0488",
            "close": "3.0582"
        },
        {
            "time": "05.08.2021 16:40",
            "open": "3.0582",
            "high": "3.0686",
            "low": "3.0582",
            "close": "3.0723"
        },
        {
            "time": "05.08.2021 16:41",
            "open": "3.0723",
            "high": "3.0724",
            "low": "3.0723",
            "close": "3.0962"
        },
        {
            "time": "05.08.2021 16:42",
            "open": "3.0962",
            "high": "3.1499",
            "low": "3.0962",
            "close": "3.1106"
        },
        {
            "time": "05.08.2021 16:43",
            "open": "3.1106",
            "high": "3.1106",
            "low": "3.1106",
            "close": "3.1027"
        },
        {
            "time": "05.08.2021 16:44",
            "open": "3.1027",
            "high": "3.1027",
            "low": "3.0832",
            "close": "3.0877"
        },
        {
            "time": "05.08.2021 16:45",
            "open": "3.0877",
            "high": "3.0877",
            "low": "3.0877",
            "close": "3.0965"
        },
        {
            "time": "05.08.2021 16:46",
            "open": "3.0965",
            "high": "3.0967",
            "low": "3.0965",
            "close": "3.1037"
        },
        {
            "time": "05.08.2021 16:47",
            "open": "3.1037",
            "high": "3.1037",
            "low": "3.1004",
            "close": "3.1091"
        },
        {
            "time": "05.08.2021 16:50",
            "open": "3.1091",
            "high": "3.116",
            "low": "3.1091",
            "close": "3.119"
        },
        {
            "time": "05.08.2021 16:51",
            "open": "3.119",
            "high": "3.119",
            "low": "3.119",
            "close": "3.1153"
        },
        {
            "time": "05.08.2021 16:54",
            "open": "3.1153",
            "high": "3.1153",
            "low": "3.1153",
            "close": "3.1095"
        },
        {
            "time": "05.08.2021 16:59",
            "open": "3.1095",
            "high": "3.1132",
            "low": "3.1095",
            "close": "3.0881"
        },
        {
            "time": "05.08.2021 17:01",
            "open": "3.0881",
            "high": "3.0881",
            "low": "3.0881",
            "close": "3.0864"
        },
        {
            "time": "05.08.2021 17:02",
            "open": "3.0864",
            "high": "3.0882",
            "low": "3.0864",
            "close": "3.0892"
        },
        {
            "time": "05.08.2021 17:03",
            "open": "3.0892",
            "high": "3.0892",
            "low": "3.0892",
            "close": "3.0935"
        },
        {
            "time": "05.08.2021 17:04",
            "open": "3.0935",
            "high": "3.0941",
            "low": "3.0935",
            "close": "3.1124"
        },
        {
            "time": "05.08.2021 17:11",
            "open": "3.1124",
            "high": "3.1124",
            "low": "3.1124",
            "close": "3.1059"
        },
        {
            "time": "05.08.2021 17:12",
            "open": "3.1059",
            "high": "3.1111",
            "low": "3.1059",
            "close": "3.1108"
        },
        {
            "time": "05.08.2021 17:13",
            "open": "3.1108",
            "high": "3.1108",
            "low": "3.1108",
            "close": "3.0978"
        },
        {
            "time": "05.08.2021 17:14",
            "open": "3.0978",
            "high": "3.0978",
            "low": "3.0967",
            "close": "3.0949"
        },
        {
            "time": "05.08.2021 17:18",
            "open": "3.0949",
            "high": "3.0949",
            "low": "3.0949",
            "close": "3.1087"
        },
        {
            "time": "05.08.2021 17:21",
            "open": "3.1087",
            "high": "3.1088",
            "low": "3.1074",
            "close": "3.1031"
        },
        {
            "time": "05.08.2021 17:22",
            "open": "3.1031",
            "high": "3.1031",
            "low": "3.1022",
            "close": "3.1099"
        },
        {
            "time": "05.08.2021 17:26",
            "open": "3.1099",
            "high": "3.1099",
            "low": "3.1099",
            "close": "3.1052"
        },
        {
            "time": "05.08.2021 17:27",
            "open": "3.1052",
            "high": "3.1069",
            "low": "3.1052",
            "close": "3.107"
        },
        {
            "time": "05.08.2021 17:28",
            "open": "3.107",
            "high": "3.107",
            "low": "3.1044",
            "close": "3.119"
        },
        {
            "time": "05.08.2021 17:30",
            "open": "3.119",
            "high": "3.1213",
            "low": "3.119",
            "close": "3.1209"
        },
        {
            "time": "05.08.2021 17:31",
            "open": "3.1209",
            "high": "3.1224",
            "low": "3.1209",
            "close": "3.1138"
        },
        {
            "time": "05.08.2021 17:32",
            "open": "3.1138",
            "high": "3.1138",
            "low": "3.1138",
            "close": "3.105"
        },
        {
            "time": "05.08.2021 17:35",
            "open": "3.105",
            "high": "3.105",
            "low": "3.105",
            "close": "3.1156"
        },
        {
            "time": "05.08.2021 17:40",
            "open": "3.1156",
            "high": "3.1189",
            "low": "3.1156",
            "close": "3.1061"
        },
        {
            "time": "05.08.2021 17:41",
            "open": "3.1061",
            "high": "3.1061",
            "low": "3.1061",
            "close": "3.0919"
        },
        {
            "time": "05.08.2021 17:43",
            "open": "3.0919",
            "high": "3.0919",
            "low": "3.0892",
            "close": "3.1025"
        },
        {
            "time": "05.08.2021 17:45",
            "open": "3.1025",
            "high": "3.1025",
            "low": "3.1025",
            "close": "3.0794"
        },
        {
            "time": "05.08.2021 17:49",
            "open": "3.0794",
            "high": "3.0794",
            "low": "3.0554",
            "close": "3.0509"
        },
        {
            "time": "05.08.2021 17:51",
            "open": "3.0509",
            "high": "3.0509",
            "low": "3.0428",
            "close": "3.0644"
        },
        {
            "time": "05.08.2021 17:52",
            "open": "3.0644",
            "high": "3.0644",
            "low": "3.0644",
            "close": "3.0681"
        },
        {
            "time": "05.08.2021 17:53",
            "open": "3.0681",
            "high": "3.0681",
            "low": "3.0487",
            "close": "3.0861"
        },
        {
            "time": "05.08.2021 17:58",
            "open": "3.0861",
            "high": "3.0861",
            "low": "3.0861",
            "close": "3.0729"
        },
        {
            "time": "05.08.2021 17:59",
            "open": "3.0729",
            "high": "3.0729",
            "low": "3.0729",
            "close": "3.0762"
        },
        {
            "time": "05.08.2021 18:01",
            "open": "3.0762",
            "high": "3.0801",
            "low": "3.0762",
            "close": "3.1073"
        },
        {
            "time": "05.08.2021 18:05",
            "open": "3.1073",
            "high": "3.1073",
            "low": "3.1073",
            "close": "3.0988"
        },
        {
            "time": "05.08.2021 18:06",
            "open": "3.0988",
            "high": "3.0988",
            "low": "3.0988",
            "close": "3.0915"
        },
        {
            "time": "05.08.2021 18:07",
            "open": "3.0915",
            "high": "3.0915",
            "low": "3.0915",
            "close": "3.0946"
        },
        {
            "time": "05.08.2021 18:08",
            "open": "3.0946",
            "high": "3.0946",
            "low": "3.0946",
            "close": "3.0851"
        },
        {
            "time": "05.08.2021 18:12",
            "open": "3.0851",
            "high": "3.0851",
            "low": "3.0851",
            "close": "3.0903"
        },
        {
            "time": "05.08.2021 18:17",
            "open": "3.0903",
            "high": "3.0903",
            "low": "3.0899",
            "close": "3.0874"
        },
        {
            "time": "05.08.2021 18:19",
            "open": "3.0874",
            "high": "3.0874",
            "low": "3.0874",
            "close": "3.0742"
        },
        {
            "time": "05.08.2021 18:25",
            "open": "3.0742",
            "high": "3.0742",
            "low": "3.0742",
            "close": "3.0706"
        },
        {
            "time": "05.08.2021 18:32",
            "open": "3.0706",
            "high": "3.0706",
            "low": "3.0706",
            "close": "3.0986"
        },
        {
            "time": "05.08.2021 18:56",
            "open": "3.0986",
            "high": "3.0986",
            "low": "3.0986",
            "close": "3.1001"
        },
        {
            "time": "05.08.2021 18:57",
            "open": "3.1001",
            "high": "3.1001",
            "low": "3.1001",
            "close": "3.1193"
        },
        {
            "time": "05.08.2021 19:02",
            "open": "3.1193",
            "high": "3.1193",
            "low": "3.1193",
            "close": "3.125"
        },
        {
            "time": "05.08.2021 19:03",
            "open": "3.125",
            "high": "3.1264",
            "low": "3.125",
            "close": "3.1132"
        },
        {
            "time": "05.08.2021 19:04",
            "open": "3.1132",
            "high": "3.1132",
            "low": "3.107",
            "close": "3.1044"
        },
        {
            "time": "05.08.2021 19:07",
            "open": "3.1044",
            "high": "3.1044",
            "low": "3.1044",
            "close": "3.1193"
        },
        {
            "time": "05.08.2021 19:14",
            "open": "3.1193",
            "high": "3.1193",
            "low": "3.1193",
            "close": "3.1193"
        },
        {
            "time": "05.08.2021 19:15",
            "open": "3.1193",
            "high": "3.1293",
            "low": "3.1193",
            "close": "3.1225"
        },
        {
            "time": "05.08.2021 19:16",
            "open": "3.1225",
            "high": "3.1225",
            "low": "3.1225",
            "close": "3.1254"
        },
        {
            "time": "05.08.2021 19:29",
            "open": "3.1254",
            "high": "3.1254",
            "low": "3.1254",
            "close": "3.1202"
        },
        {
            "time": "05.08.2021 19:30",
            "open": "3.1202",
            "high": "3.1202",
            "low": "3.1202",
            "close": "3.1348"
        },
        {
            "time": "05.08.2021 19:35",
            "open": "3.1348",
            "high": "3.1348",
            "low": "3.1348",
            "close": "3.1381"
        },
        {
            "time": "05.08.2021 19:36",
            "open": "3.1381",
            "high": "3.1381",
            "low": "3.1381",
            "close": "3.1404"
        },
        {
            "time": "05.08.2021 19:37",
            "open": "3.1404",
            "high": "3.1404",
            "low": "3.1312",
            "close": "3.15"
        },
        {
            "time": "05.08.2021 19:56",
            "open": "3.15",
            "high": "3.1504",
            "low": "3.15",
            "close": "3.1429"
        },
        {
            "time": "05.08.2021 19:59",
            "open": "3.1429",
            "high": "3.1429",
            "low": "3.1414",
            "close": "3.1414"
        },
        {
            "time": "05.08.2021 20:01",
            "open": "3.1414",
            "high": "3.1414",
            "low": "3.1414",
            "close": "3.1385"
        },
        {
            "time": "05.08.2021 20:16",
            "open": "3.1385",
            "high": "3.1385",
            "low": "3.1385",
            "close": "3.1312"
        },
        {
            "time": "05.08.2021 20:17",
            "open": "3.1312",
            "high": "3.1312",
            "low": "3.1245",
            "close": "3.1229"
        },
        {
            "time": "05.08.2021 20:18",
            "open": "3.1229",
            "high": "3.1229",
            "low": "3.1226",
            "close": "3.1236"
        },
        {
            "time": "05.08.2021 20:19",
            "open": "3.1236",
            "high": "3.1238",
            "low": "3.1236",
            "close": "3.1213"
        },
        {
            "time": "05.08.2021 20:21",
            "open": "3.1213",
            "high": "3.1213",
            "low": "3.1208",
            "close": "3.1329"
        },
        {
            "time": "05.08.2021 20:23",
            "open": "3.1329",
            "high": "3.1329",
            "low": "3.1329",
            "close": "3.1272"
        },
        {
            "time": "05.08.2021 20:24",
            "open": "3.1272",
            "high": "3.1272",
            "low": "3.1272",
            "close": "3.147"
        },
        {
            "time": "05.08.2021 20:28",
            "open": "3.147",
            "high": "3.147",
            "low": "3.147",
            "close": "3.1442"
        },
        {
            "time": "05.08.2021 20:37",
            "open": "3.1442",
            "high": "3.1442",
            "low": "3.1442",
            "close": "3.1504"
        },
        {
            "time": "05.08.2021 20:43",
            "open": "3.1504",
            "high": "3.1536",
            "low": "3.1504",
            "close": "3.1553"
        },
        {
            "time": "05.08.2021 20:44",
            "open": "3.1553",
            "high": "3.1696",
            "low": "3.1553",
            "close": "3.1442"
        },
        {
            "time": "05.08.2021 20:46",
            "open": "3.1442",
            "high": "3.1442",
            "low": "3.1442",
            "close": "3.1441"
        },
        {
            "time": "05.08.2021 21:04",
            "open": "3.1441",
            "high": "3.1441",
            "low": "3.1388",
            "close": "3.1563"
        },
        {
            "time": "05.08.2021 21:08",
            "open": "3.1563",
            "high": "3.1563",
            "low": "3.1563",
            "close": "3.1464"
        },
        {
            "time": "05.08.2021 21:26",
            "open": "3.1464",
            "high": "3.1464",
            "low": "3.141",
            "close": "3.1506"
        },
        {
            "time": "05.08.2021 21:28",
            "open": "3.1506",
            "high": "3.1506",
            "low": "3.1506",
            "close": "3.131"
        },
        {
            "time": "05.08.2021 21:35",
            "open": "3.131",
            "high": "3.131",
            "low": "3.131",
            "close": "3.1296"
        },
        {
            "time": "05.08.2021 21:38",
            "open": "3.1296",
            "high": "3.1296",
            "low": "3.1296",
            "close": "3.1199"
        },
        {
            "time": "05.08.2021 21:48",
            "open": "3.1199",
            "high": "3.1199",
            "low": "3.1199",
            "close": "3.115"
        },
        {
            "time": "05.08.2021 21:49",
            "open": "3.115",
            "high": "3.115",
            "low": "3.113",
            "close": "3.1434"
        },
        {
            "time": "05.08.2021 22:07",
            "open": "3.1434",
            "high": "3.1434",
            "low": "3.1434",
            "close": "3.141"
        },
        {
            "time": "05.08.2021 22:26",
            "open": "3.141",
            "high": "3.141",
            "low": "3.141",
            "close": "3.1431"
        },
        {
            "time": "05.08.2021 22:31",
            "open": "3.1431",
            "high": "3.1431",
            "low": "3.1431",
            "close": "3.1488"
        },
        {
            "time": "05.08.2021 22:34",
            "open": "3.1488",
            "high": "3.1503",
            "low": "3.1488",
            "close": "3.1359"
        },
        {
            "time": "05.08.2021 22:36",
            "open": "3.1359",
            "high": "3.1359",
            "low": "3.1359",
            "close": "3.1309"
        },
        {
            "time": "05.08.2021 22:48",
            "open": "3.1298",
            "high": "3.1298",
            "low": "3.1298",
            "close": "3.1429"
        },
        {
            "time": "05.08.2021 22:55",
            "open": "3.1429",
            "high": "3.143",
            "low": "3.1429",
            "close": "3.118"
        },
        {
            "time": "05.08.2021 23:19",
            "open": "3.118",
            "high": "3.118",
            "low": "3.1095",
            "close": "3.1559"
        },
        {
            "time": "05.08.2021 23:34",
            "open": "3.1559",
            "high": "3.1601",
            "low": "3.1559",
            "close": "3.1441"
        },
        {
            "time": "05.08.2021 23:41",
            "open": "3.1441",
            "high": "3.1441",
            "low": "3.1441",
            "close": "3.136"
        },
        {
            "time": "05.08.2021 23:47",
            "open": "3.136",
            "high": "3.136",
            "low": "3.136",
            "close": "3.1366"
        },
        {
            "time": "05.08.2021 23:48",
            "open": "3.1366",
            "high": "3.1366",
            "low": "3.1366",
            "close": "3.1392"
        },
        {
            "time": "05.08.2021 23:56",
            "open": "3.1392",
            "high": "3.1392",
            "low": "3.1392",
            "close": "3.1424"
        }
    ]
}