{
    "BNT-EUR": [
        {
            "time": "13.08.2021 23:13",
            "open": "3.5841",
            "high": "3.5841",
            "low": "3.5841",
            "close": "3.5755"
        },
        {
            "time": "14.08.2021 00:45",
            "open": "3.5755",
            "high": "3.5755",
            "low": "3.5755",
            "close": "3.5756"
        },
        {
            "time": "14.08.2021 01:01",
            "open": "3.5756",
            "high": "3.5756",
            "low": "3.5756",
            "close": "3.5879"
        },
        {
            "time": "14.08.2021 01:16",
            "open": "3.5879",
            "high": "3.5879",
            "low": "3.5879",
            "close": "3.5939"
        },
        {
            "time": "14.08.2021 01:27",
            "open": "3.5939",
            "high": "3.5939",
            "low": "3.5924",
            "close": "3.5945"
        },
        {
            "time": "14.08.2021 01:39",
            "open": "3.5945",
            "high": "3.5945",
            "low": "3.5945",
            "close": "3.6"
        },
        {
            "time": "14.08.2021 01:48",
            "open": "3.6",
            "high": "3.6043",
            "low": "3.6",
            "close": "3.6012"
        },
        {
            "time": "14.08.2021 01:50",
            "open": "3.6012",
            "high": "3.6012",
            "low": "3.6012",
            "close": "3.6006"
        },
        {
            "time": "14.08.2021 01:58",
            "open": "3.6006",
            "high": "3.6006",
            "low": "3.6006",
            "close": "3.6006"
        },
        {
            "time": "14.08.2021 02:01",
            "open": "3.6006",
            "high": "3.6006",
            "low": "3.5975",
            "close": "3.597"
        },
        {
            "time": "14.08.2021 02:02",
            "open": "3.597",
            "high": "3.597",
            "low": "3.5942",
            "close": "3.5942"
        },
        {
            "time": "14.08.2021 02:07",
            "open": "3.5942",
            "high": "3.5942",
            "low": "3.5942",
            "close": "3.5863"
        },
        {
            "time": "14.08.2021 02:24",
            "open": "3.5863",
            "high": "3.5864",
            "low": "3.5863",
            "close": "3.5865"
        },
        {
            "time": "14.08.2021 02:31",
            "open": "3.5865",
            "high": "3.5865",
            "low": "3.5865",
            "close": "3.5946"
        },
        {
            "time": "14.08.2021 02:33",
            "open": "3.5946",
            "high": "3.5946",
            "low": "3.5946",
            "close": "3.5607"
        },
        {
            "time": "14.08.2021 02:46",
            "open": "3.5607",
            "high": "3.5607",
            "low": "3.5604",
            "close": "3.5634"
        },
        {
            "time": "14.08.2021 02:50",
            "open": "3.5634",
            "high": "3.5634",
            "low": "3.5634",
            "close": "3.5731"
        },
        {
            "time": "14.08.2021 02:54",
            "open": "3.5731",
            "high": "3.5731",
            "low": "3.5731",
            "close": "3.5763"
        },
        {
            "time": "14.08.2021 03:01",
            "open": "3.5763",
            "high": "3.5763",
            "low": "3.5763",
            "close": "3.5783"
        },
        {
            "time": "14.08.2021 03:02",
            "open": "3.5783",
            "high": "3.5783",
            "low": "3.5783",
            "close": "3.5797"
        },
        {
            "time": "14.08.2021 03:04",
            "open": "3.5797",
            "high": "3.5797",
            "low": "3.5797",
            "close": "3.5982"
        },
        {
            "time": "14.08.2021 03:18",
            "open": "3.5982",
            "high": "3.5982",
            "low": "3.5959",
            "close": "3.591"
        },
        {
            "time": "14.08.2021 03:37",
            "open": "3.591",
            "high": "3.591",
            "low": "3.591",
            "close": "3.5856"
        },
        {
            "time": "14.08.2021 04:01",
            "open": "3.5856",
            "high": "3.5856",
            "low": "3.5856",
            "close": "3.5856"
        },
        {
            "time": "14.08.2021 04:02",
            "open": "3.5856",
            "high": "3.5856",
            "low": "3.5856",
            "close": "3.5815"
        },
        {
            "time": "14.08.2021 04:04",
            "open": "3.5815",
            "high": "3.5815",
            "low": "3.5815",
            "close": "3.5823"
        },
        {
            "time": "14.08.2021 04:15",
            "open": "3.5823",
            "high": "3.5823",
            "low": "3.5823",
            "close": "3.5852"
        },
        {
            "time": "14.08.2021 04:30",
            "open": "3.5852",
            "high": "3.5852",
            "low": "3.5852",
            "close": "3.5678"
        },
        {
            "time": "14.08.2021 04:43",
            "open": "3.5678",
            "high": "3.5678",
            "low": "3.5678",
            "close": "3.5922"
        },
        {
            "time": "14.08.2021 05:18",
            "open": "3.5922",
            "high": "3.5922",
            "low": "3.5922",
            "close": "3.5891"
        },
        {
            "time": "14.08.2021 05:26",
            "open": "3.5891",
            "high": "3.5891",
            "low": "3.5891",
            "close": "3.5861"
        },
        {
            "time": "14.08.2021 05:55",
            "open": "3.5861",
            "high": "3.5861",
            "low": "3.5861",
            "close": "3.5813"
        },
        {
            "time": "14.08.2021 06:01",
            "open": "3.5813",
            "high": "3.5813",
            "low": "3.5813",
            "close": "3.5813"
        },
        {
            "time": "14.08.2021 06:02",
            "open": "3.5813",
            "high": "3.5813",
            "low": "3.5813",
            "close": "3.5851"
        },
        {
            "time": "14.08.2021 06:24",
            "open": "3.5851",
            "high": "3.5851",
            "low": "3.5851",
            "close": "3.585"
        },
        {
            "time": "14.08.2021 06:33",
            "open": "3.585",
            "high": "3.585",
            "low": "3.585",
            "close": "3.5649"
        },
        {
            "time": "14.08.2021 07:33",
            "open": "3.5649",
            "high": "3.5649",
            "low": "3.5649",
            "close": "3.5649"
        },
        {
            "time": "14.08.2021 07:35",
            "open": "3.5649",
            "high": "3.5649",
            "low": "3.5649",
            "close": "3.585"
        },
        {
            "time": "14.08.2021 08:09",
            "open": "3.585",
            "high": "3.585",
            "low": "3.585",
            "close": "3.5938"
        },
        {
            "time": "14.08.2021 08:12",
            "open": "3.5938",
            "high": "3.594",
            "low": "3.5938",
            "close": "3.5969"
        },
        {
            "time": "14.08.2021 09:02",
            "open": "3.5969",
            "high": "3.5993",
            "low": "3.5969",
            "close": "3.6229"
        },
        {
            "time": "14.08.2021 09:47",
            "open": "3.6229",
            "high": "3.6247",
            "low": "3.6229",
            "close": "3.6247"
        },
        {
            "time": "14.08.2021 10:00",
            "open": "3.6247",
            "high": "3.6279",
            "low": "3.6247",
            "close": "3.6279"
        },
        {
            "time": "14.08.2021 10:01",
            "open": "3.6279",
            "high": "3.6279",
            "low": "3.6279",
            "close": "3.6269"
        },
        {
            "time": "14.08.2021 10:05",
            "open": "3.6269",
            "high": "3.6269",
            "low": "3.6269",
            "close": "3.63"
        },
        {
            "time": "14.08.2021 10:17",
            "open": "3.63",
            "high": "3.6328",
            "low": "3.63",
            "close": "3.6336"
        },
        {
            "time": "14.08.2021 10:18",
            "open": "3.6336",
            "high": "3.6336",
            "low": "3.6336",
            "close": "3.6357"
        },
        {
            "time": "14.08.2021 10:20",
            "open": "3.6357",
            "high": "3.6357",
            "low": "3.6357",
            "close": "3.6382"
        },
        {
            "time": "14.08.2021 10:40",
            "open": "3.6382",
            "high": "3.6445",
            "low": "3.6382",
            "close": "3.6448"
        },
        {
            "time": "14.08.2021 10:45",
            "open": "3.6448",
            "high": "3.6465",
            "low": "3.6448",
            "close": "3.6421"
        },
        {
            "time": "14.08.2021 10:47",
            "open": "3.6421",
            "high": "3.6421",
            "low": "3.6421",
            "close": "3.6421"
        },
        {
            "time": "14.08.2021 10:48",
            "open": "3.6421",
            "high": "3.6454",
            "low": "3.6421",
            "close": "3.6302"
        },
        {
            "time": "14.08.2021 11:07",
            "open": "3.6302",
            "high": "3.6302",
            "low": "3.6302",
            "close": "3.634"
        },
        {
            "time": "14.08.2021 11:08",
            "open": "3.634",
            "high": "3.634",
            "low": "3.634",
            "close": "3.6342"
        },
        {
            "time": "14.08.2021 11:10",
            "open": "3.6342",
            "high": "3.6342",
            "low": "3.6342",
            "close": "3.6391"
        },
        {
            "time": "14.08.2021 11:19",
            "open": "3.6391",
            "high": "3.6391",
            "low": "3.6391",
            "close": "3.6471"
        },
        {
            "time": "14.08.2021 11:40",
            "open": "3.6471",
            "high": "3.6476",
            "low": "3.6471",
            "close": "3.6536"
        },
        {
            "time": "14.08.2021 11:41",
            "open": "3.6536",
            "high": "3.6581",
            "low": "3.6536",
            "close": "3.6249"
        },
        {
            "time": "14.08.2021 11:50",
            "open": "3.6249",
            "high": "3.6249",
            "low": "3.6101",
            "close": "3.61"
        },
        {
            "time": "14.08.2021 11:51",
            "open": "3.61",
            "high": "3.61",
            "low": "3.61",
            "close": "3.6115"
        },
        {
            "time": "14.08.2021 11:54",
            "open": "3.6115",
            "high": "3.6115",
            "low": "3.6115",
            "close": "3.5885"
        },
        {
            "time": "14.08.2021 11:56",
            "open": "3.5885",
            "high": "3.5885",
            "low": "3.5813",
            "close": "3.5778"
        },
        {
            "time": "14.08.2021 11:57",
            "open": "3.5778",
            "high": "3.5808",
            "low": "3.5778",
            "close": "3.5621"
        },
        {
            "time": "14.08.2021 11:58",
            "open": "3.5621",
            "high": "3.5621",
            "low": "3.5581",
            "close": "3.5621"
        },
        {
            "time": "14.08.2021 11:59",
            "open": "3.5621",
            "high": "3.5621",
            "low": "3.5621",
            "close": "3.5584"
        },
        {
            "time": "14.08.2021 12:00",
            "open": "3.5584",
            "high": "3.5584",
            "low": "3.5584",
            "close": "3.5584"
        },
        {
            "time": "14.08.2021 12:01",
            "open": "3.5584",
            "high": "3.5646",
            "low": "3.5584",
            "close": "3.5666"
        },
        {
            "time": "14.08.2021 12:05",
            "open": "3.5666",
            "high": "3.5666",
            "low": "3.5658",
            "close": "3.5598"
        },
        {
            "time": "14.08.2021 12:07",
            "open": "3.5598",
            "high": "3.5598",
            "low": "3.5598",
            "close": "3.5562"
        },
        {
            "time": "14.08.2021 12:08",
            "open": "3.5562",
            "high": "3.5562",
            "low": "3.5562",
            "close": "3.5333"
        },
        {
            "time": "14.08.2021 12:09",
            "open": "3.5333",
            "high": "3.5333",
            "low": "3.5331",
            "close": "3.523"
        },
        {
            "time": "14.08.2021 12:16",
            "open": "3.523",
            "high": "3.5322",
            "low": "3.523",
            "close": "3.5314"
        },
        {
            "time": "14.08.2021 12:19",
            "open": "3.5314",
            "high": "3.5314",
            "low": "3.5114",
            "close": "3.5102"
        },
        {
            "time": "14.08.2021 12:20",
            "open": "3.5102",
            "high": "3.5102",
            "low": "3.5083",
            "close": "3.5394"
        },
        {
            "time": "14.08.2021 12:30",
            "open": "3.5394",
            "high": "3.5394",
            "low": "3.5343",
            "close": "3.54"
        },
        {
            "time": "14.08.2021 12:37",
            "open": "3.54",
            "high": "3.54",
            "low": "3.54",
            "close": "3.5348"
        },
        {
            "time": "14.08.2021 12:43",
            "open": "3.5348",
            "high": "3.5348",
            "low": "3.5348",
            "close": "3.5083"
        },
        {
            "time": "14.08.2021 12:52",
            "open": "3.5083",
            "high": "3.5083",
            "low": "3.5083",
            "close": "3.5078"
        },
        {
            "time": "14.08.2021 13:03",
            "open": "3.5078",
            "high": "3.5078",
            "low": "3.5078",
            "close": "3.5124"
        },
        {
            "time": "14.08.2021 13:05",
            "open": "3.5124",
            "high": "3.5124",
            "low": "3.5124",
            "close": "3.5158"
        },
        {
            "time": "14.08.2021 13:17",
            "open": "3.5158",
            "high": "3.5158",
            "low": "3.5158",
            "close": "3.523"
        },
        {
            "time": "14.08.2021 13:33",
            "open": "3.523",
            "high": "3.523",
            "low": "3.523",
            "close": "3.5492"
        },
        {
            "time": "14.08.2021 14:02",
            "open": "3.5492",
            "high": "3.5495",
            "low": "3.5492",
            "close": "3.5444"
        },
        {
            "time": "14.08.2021 14:09",
            "open": "3.5444",
            "high": "3.5444",
            "low": "3.5444",
            "close": "3.528"
        },
        {
            "time": "14.08.2021 14:29",
            "open": "3.528",
            "high": "3.528",
            "low": "3.528",
            "close": "3.5238"
        },
        {
            "time": "14.08.2021 15:14",
            "open": "3.5238",
            "high": "3.5238",
            "low": "3.5238",
            "close": "3.532"
        },
        {
            "time": "14.08.2021 15:26",
            "open": "3.532",
            "high": "3.532",
            "low": "3.532",
            "close": "3.5297"
        },
        {
            "time": "14.08.2021 15:32",
            "open": "3.5297",
            "high": "3.5297",
            "low": "3.526",
            "close": "3.5302"
        },
        {
            "time": "14.08.2021 15:43",
            "open": "3.5302",
            "high": "3.5302",
            "low": "3.5302",
            "close": "3.5237"
        },
        {
            "time": "14.08.2021 15:44",
            "open": "3.5237",
            "high": "3.5237",
            "low": "3.5237",
            "close": "3.5234"
        },
        {
            "time": "14.08.2021 15:45",
            "open": "3.5234",
            "high": "3.5234",
            "low": "3.5234",
            "close": "3.5271"
        },
        {
            "time": "14.08.2021 15:47",
            "open": "3.5271",
            "high": "3.5271",
            "low": "3.5271",
            "close": "3.5719"
        },
        {
            "time": "14.08.2021 16:25",
            "open": "3.5719",
            "high": "3.5719",
            "low": "3.5719",
            "close": "3.5638"
        },
        {
            "time": "14.08.2021 16:27",
            "open": "3.5638",
            "high": "3.5638",
            "low": "3.5638",
            "close": "3.5715"
        },
        {
            "time": "14.08.2021 16:29",
            "open": "3.5715",
            "high": "3.5717",
            "low": "3.5715",
            "close": "3.5721"
        },
        {
            "time": "14.08.2021 16:45",
            "open": "3.5721",
            "high": "3.5721",
            "low": "3.5721",
            "close": "3.5796"
        },
        {
            "time": "14.08.2021 16:50",
            "open": "3.5796",
            "high": "3.5796",
            "low": "3.5796",
            "close": "3.5797"
        },
        {
            "time": "14.08.2021 16:51",
            "open": "3.5797",
            "high": "3.5797",
            "low": "3.5797",
            "close": "3.5848"
        },
        {
            "time": "14.08.2021 16:53",
            "open": "3.5848",
            "high": "3.5848",
            "low": "3.5848",
            "close": "3.5848"
        },
        {
            "time": "14.08.2021 16:55",
            "open": "3.5848",
            "high": "3.5848",
            "low": "3.5848",
            "close": "3.591"
        },
        {
            "time": "14.08.2021 17:01",
            "open": "3.591",
            "high": "3.5923",
            "low": "3.591",
            "close": "3.5827"
        },
        {
            "time": "14.08.2021 17:29",
            "open": "3.5827",
            "high": "3.5827",
            "low": "3.5827",
            "close": "3.585"
        },
        {
            "time": "14.08.2021 17:59",
            "open": "3.585",
            "high": "3.585",
            "low": "3.585",
            "close": "3.592"
        },
        {
            "time": "14.08.2021 18:01",
            "open": "3.592",
            "high": "3.592",
            "low": "3.592",
            "close": "3.5893"
        },
        {
            "time": "14.08.2021 18:05",
            "open": "3.5893",
            "high": "3.5898",
            "low": "3.5893",
            "close": "3.5907"
        },
        {
            "time": "14.08.2021 18:08",
            "open": "3.5907",
            "high": "3.5908",
            "low": "3.5907",
            "close": "3.5762"
        },
        {
            "time": "14.08.2021 18:24",
            "open": "3.5762",
            "high": "3.5775",
            "low": "3.5762",
            "close": "3.5759"
        },
        {
            "time": "14.08.2021 18:26",
            "open": "3.5759",
            "high": "3.5759",
            "low": "3.5759",
            "close": "3.574"
        },
        {
            "time": "14.08.2021 19:04",
            "open": "3.574",
            "high": "3.574",
            "low": "3.574",
            "close": "3.5519"
        },
        {
            "time": "14.08.2021 19:22",
            "open": "3.5519",
            "high": "3.5519",
            "low": "3.5519",
            "close": "3.5638"
        },
        {
            "time": "14.08.2021 19:28",
            "open": "3.5638",
            "high": "3.5638",
            "low": "3.5638",
            "close": "3.5663"
        },
        {
            "time": "14.08.2021 19:38",
            "open": "3.5663",
            "high": "3.5663",
            "low": "3.5663",
            "close": "3.5684"
        },
        {
            "time": "14.08.2021 19:39",
            "open": "3.5684",
            "high": "3.5684",
            "low": "3.5684",
            "close": "3.57"
        },
        {
            "time": "14.08.2021 19:45",
            "open": "3.57",
            "high": "3.57",
            "low": "3.57",
            "close": "3.5712"
        },
        {
            "time": "14.08.2021 19:50",
            "open": "3.5712",
            "high": "3.5712",
            "low": "3.5708",
            "close": "3.5774"
        },
        {
            "time": "14.08.2021 19:52",
            "open": "3.5774",
            "high": "3.5774",
            "low": "3.5774",
            "close": "3.5774"
        },
        {
            "time": "14.08.2021 19:55",
            "open": "3.5774",
            "high": "3.5774",
            "low": "3.5753",
            "close": "3.5753"
        },
        {
            "time": "14.08.2021 19:57",
            "open": "3.5753",
            "high": "3.5753",
            "low": "3.5753",
            "close": "3.5722"
        },
        {
            "time": "14.08.2021 20:01",
            "open": "3.5722",
            "high": "3.5722",
            "low": "3.5722",
            "close": "3.5768"
        },
        {
            "time": "14.08.2021 20:04",
            "open": "3.5768",
            "high": "3.5768",
            "low": "3.5768",
            "close": "3.5867"
        },
        {
            "time": "14.08.2021 20:17",
            "open": "3.5867",
            "high": "3.5867",
            "low": "3.5867",
            "close": "3.5938"
        },
        {
            "time": "14.08.2021 20:18",
            "open": "3.5938",
            "high": "3.5938",
            "low": "3.5938",
            "close": "3.5918"
        },
        {
            "time": "14.08.2021 20:19",
            "open": "3.5918",
            "high": "3.5918",
            "low": "3.5918",
            "close": "3.5896"
        },
        {
            "time": "14.08.2021 20:22",
            "open": "3.5896",
            "high": "3.5896",
            "low": "3.5896",
            "close": "3.5873"
        },
        {
            "time": "14.08.2021 20:27",
            "open": "3.5873",
            "high": "3.5873",
            "low": "3.5873",
            "close": "3.5978"
        },
        {
            "time": "14.08.2021 20:40",
            "open": "3.5978",
            "high": "3.6009",
            "low": "3.5978",
            "close": "3.5848"
        },
        {
            "time": "14.08.2021 20:49",
            "open": "3.5848",
            "high": "3.5848",
            "low": "3.5848",
            "close": "3.5747"
        },
        {
            "time": "14.08.2021 21:10",
            "open": "3.5747",
            "high": "3.5747",
            "low": "3.5747",
            "close": "3.5809"
        },
        {
            "time": "14.08.2021 21:28",
            "open": "3.5809",
            "high": "3.5809",
            "low": "3.5809",
            "close": "3.5947"
        },
        {
            "time": "14.08.2021 21:43",
            "open": "3.5947",
            "high": "3.609",
            "low": "3.5947",
            "close": "3.6067"
        },
        {
            "time": "14.08.2021 21:46",
            "open": "3.6067",
            "high": "3.6067",
            "low": "3.5982",
            "close": "3.5949"
        },
        {
            "time": "14.08.2021 21:56",
            "open": "3.5949",
            "high": "3.5949",
            "low": "3.5949",
            "close": "3.594"
        },
        {
            "time": "14.08.2021 21:59",
            "open": "3.594",
            "high": "3.5942",
            "low": "3.5921",
            "close": "3.5881"
        },
        {
            "time": "14.08.2021 22:00",
            "open": "3.5881",
            "high": "3.5881",
            "low": "3.588",
            "close": "3.5772"
        },
        {
            "time": "14.08.2021 22:01",
            "open": "3.5772",
            "high": "3.5772",
            "low": "3.5772",
            "close": "3.5749"
        },
        {
            "time": "14.08.2021 22:02",
            "open": "3.5749",
            "high": "3.5749",
            "low": "3.5749",
            "close": "3.5551"
        },
        {
            "time": "14.08.2021 22:31",
            "open": "3.5551",
            "high": "3.5551",
            "low": "3.5551",
            "close": "3.5471"
        },
        {
            "time": "14.08.2021 22:42",
            "open": "3.5471",
            "high": "3.5471",
            "low": "3.5471",
            "close": "3.5525"
        },
        {
            "time": "14.08.2021 22:47",
            "open": "3.5525",
            "high": "3.5525",
            "low": "3.5525",
            "close": "3.5476"
        },
        {
            "time": "14.08.2021 22:49",
            "open": "3.5476",
            "high": "3.5476",
            "low": "3.5476",
            "close": "3.5663"
        },
        {
            "time": "14.08.2021 23:22",
            "open": "3.5663",
            "high": "3.5663",
            "low": "3.5661",
            "close": "3.575"
        },
        {
            "time": "14.08.2021 23:33",
            "open": "3.575",
            "high": "3.575",
            "low": "3.575",
            "close": "3.5821"
        }
    ]
}