{
    "BNT-EUR": [
        {
            "time": "12.06.2021 23:55",
            "open": "3.1382",
            "high": "3.1382",
            "low": "3.1382",
            "close": "3.1239"
        },
        {
            "time": "13.06.2021 00:24",
            "open": "3.1239",
            "high": "3.1239",
            "low": "3.1029",
            "close": "3.113"
        },
        {
            "time": "13.06.2021 00:31",
            "open": "3.113",
            "high": "3.113",
            "low": "3.113",
            "close": "3.1228"
        },
        {
            "time": "13.06.2021 00:34",
            "open": "3.1228",
            "high": "3.1228",
            "low": "3.1228",
            "close": "3.1188"
        },
        {
            "time": "13.06.2021 00:40",
            "open": "3.1188",
            "high": "3.1188",
            "low": "3.1188",
            "close": "3.1202"
        },
        {
            "time": "13.06.2021 00:46",
            "open": "3.1202",
            "high": "3.1202",
            "low": "3.1202",
            "close": "3.115"
        },
        {
            "time": "13.06.2021 00:51",
            "open": "3.115",
            "high": "3.115",
            "low": "3.115",
            "close": "3.117"
        },
        {
            "time": "13.06.2021 00:57",
            "open": "3.117",
            "high": "3.117",
            "low": "3.117",
            "close": "3.1209"
        },
        {
            "time": "13.06.2021 01:34",
            "open": "3.1209",
            "high": "3.1209",
            "low": "3.1209",
            "close": "3.0788"
        },
        {
            "time": "13.06.2021 02:24",
            "open": "3.0788",
            "high": "3.0827",
            "low": "3.0788",
            "close": "3.0798"
        },
        {
            "time": "13.06.2021 02:25",
            "open": "3.0798",
            "high": "3.0798",
            "low": "3.0798",
            "close": "3.0835"
        },
        {
            "time": "13.06.2021 02:30",
            "open": "3.0835",
            "high": "3.0835",
            "low": "3.0835",
            "close": "3.1111"
        },
        {
            "time": "13.06.2021 02:50",
            "open": "3.1111",
            "high": "3.1111",
            "low": "3.1111",
            "close": "3.1446"
        },
        {
            "time": "13.06.2021 03:03",
            "open": "3.1446",
            "high": "3.1446",
            "low": "3.1446",
            "close": "3.1363"
        },
        {
            "time": "13.06.2021 03:35",
            "open": "3.1363",
            "high": "3.1363",
            "low": "3.1363",
            "close": "3.1311"
        },
        {
            "time": "13.06.2021 03:36",
            "open": "3.1311",
            "high": "3.1311",
            "low": "3.1311",
            "close": "3.1368"
        },
        {
            "time": "13.06.2021 03:40",
            "open": "3.1309",
            "high": "3.1309",
            "low": "3.1309",
            "close": "3.1018"
        },
        {
            "time": "13.06.2021 04:55",
            "open": "3.1018",
            "high": "3.1094",
            "low": "3.1018",
            "close": "3.1063"
        },
        {
            "time": "13.06.2021 04:57",
            "open": "3.1063",
            "high": "3.1063",
            "low": "3.1063",
            "close": "3.1059"
        },
        {
            "time": "13.06.2021 05:00",
            "open": "3.1059",
            "high": "3.1059",
            "low": "3.1059",
            "close": "3.0954"
        },
        {
            "time": "13.06.2021 05:10",
            "open": "3.0954",
            "high": "3.0954",
            "low": "3.0954",
            "close": "3.0901"
        },
        {
            "time": "13.06.2021 05:11",
            "open": "3.0901",
            "high": "3.0901",
            "low": "3.0901",
            "close": "3.0763"
        },
        {
            "time": "13.06.2021 05:24",
            "open": "3.0763",
            "high": "3.0763",
            "low": "3.0752",
            "close": "3.0689"
        },
        {
            "time": "13.06.2021 05:25",
            "open": "3.0689",
            "high": "3.0689",
            "low": "3.0582",
            "close": "3.0218"
        },
        {
            "time": "13.06.2021 07:18",
            "open": "3.0218",
            "high": "3.0218",
            "low": "3.0209",
            "close": "3.0333"
        },
        {
            "time": "13.06.2021 07:20",
            "open": "3.0333",
            "high": "3.0384",
            "low": "3.0333",
            "close": "3.0378"
        },
        {
            "time": "13.06.2021 07:21",
            "open": "3.0378",
            "high": "3.0445",
            "low": "3.037",
            "close": "3.0288"
        },
        {
            "time": "13.06.2021 07:58",
            "open": "3.0288",
            "high": "3.0288",
            "low": "3.0288",
            "close": "3.0252"
        },
        {
            "time": "13.06.2021 08:01",
            "open": "3.0252",
            "high": "3.0252",
            "low": "3.0252",
            "close": "3.0588"
        },
        {
            "time": "13.06.2021 08:33",
            "open": "3.0588",
            "high": "3.0588",
            "low": "3.0483",
            "close": "3.0442"
        },
        {
            "time": "13.06.2021 08:39",
            "open": "3.0442",
            "high": "3.0442",
            "low": "3.0442",
            "close": "3.0509"
        },
        {
            "time": "13.06.2021 08:56",
            "open": "3.0509",
            "high": "3.0509",
            "low": "3.0509",
            "close": "3.0619"
        },
        {
            "time": "13.06.2021 08:57",
            "open": "3.0619",
            "high": "3.0641",
            "low": "3.0584",
            "close": "3.0541"
        },
        {
            "time": "13.06.2021 09:26",
            "open": "3.0541",
            "high": "3.0541",
            "low": "3.0541",
            "close": "3.047"
        },
        {
            "time": "13.06.2021 09:49",
            "open": "3.047",
            "high": "3.047",
            "low": "3.047",
            "close": "3.0459"
        },
        {
            "time": "13.06.2021 10:02",
            "open": "3.0459",
            "high": "3.046",
            "low": "3.0399",
            "close": "3.0496"
        },
        {
            "time": "13.06.2021 10:09",
            "open": "3.0496",
            "high": "3.0496",
            "low": "3.0496",
            "close": "3.0462"
        },
        {
            "time": "13.06.2021 10:16",
            "open": "3.0462",
            "high": "3.0462",
            "low": "3.0399",
            "close": "3.0498"
        },
        {
            "time": "13.06.2021 10:29",
            "open": "3.0498",
            "high": "3.0498",
            "low": "3.0498",
            "close": "3.05"
        },
        {
            "time": "13.06.2021 10:32",
            "open": "3.05",
            "high": "3.05",
            "low": "3.05",
            "close": "3.0752"
        },
        {
            "time": "13.06.2021 10:43",
            "open": "3.0752",
            "high": "3.0752",
            "low": "3.0724",
            "close": "3.067"
        },
        {
            "time": "13.06.2021 10:49",
            "open": "3.067",
            "high": "3.0732",
            "low": "3.067",
            "close": "3.0662"
        },
        {
            "time": "13.06.2021 10:59",
            "open": "3.0662",
            "high": "3.0662",
            "low": "3.0661",
            "close": "3.0681"
        },
        {
            "time": "13.06.2021 11:02",
            "open": "3.0681",
            "high": "3.0681",
            "low": "3.0681",
            "close": "3.0668"
        },
        {
            "time": "13.06.2021 11:40",
            "open": "3.0668",
            "high": "3.0668",
            "low": "3.0668",
            "close": "3.0706"
        },
        {
            "time": "13.06.2021 11:46",
            "open": "3.0706",
            "high": "3.0706",
            "low": "3.0706",
            "close": "3.0805"
        },
        {
            "time": "13.06.2021 12:14",
            "open": "3.0805",
            "high": "3.0819",
            "low": "3.0805",
            "close": "3.0764"
        },
        {
            "time": "13.06.2021 12:15",
            "open": "3.0764",
            "high": "3.0764",
            "low": "3.0748",
            "close": "3.0802"
        },
        {
            "time": "13.06.2021 12:21",
            "open": "3.0802",
            "high": "3.0804",
            "low": "3.0802",
            "close": "3.0832"
        },
        {
            "time": "13.06.2021 12:59",
            "open": "3.0832",
            "high": "3.0832",
            "low": "3.0832",
            "close": "3.0882"
        },
        {
            "time": "13.06.2021 13:02",
            "open": "3.0882",
            "high": "3.0883",
            "low": "3.0882",
            "close": "3.0862"
        },
        {
            "time": "13.06.2021 13:03",
            "open": "3.0862",
            "high": "3.0862",
            "low": "3.0862",
            "close": "3.0879"
        },
        {
            "time": "13.06.2021 13:23",
            "open": "3.0879",
            "high": "3.0879",
            "low": "3.0878",
            "close": "3.0759"
        },
        {
            "time": "13.06.2021 13:30",
            "open": "3.0759",
            "high": "3.0759",
            "low": "3.0759",
            "close": "3.0693"
        },
        {
            "time": "13.06.2021 13:48",
            "open": "3.0693",
            "high": "3.0693",
            "low": "3.0685",
            "close": "3.0935"
        },
        {
            "time": "13.06.2021 14:10",
            "open": "3.0935",
            "high": "3.0935",
            "low": "3.0935",
            "close": "3.0668"
        },
        {
            "time": "13.06.2021 15:04",
            "open": "3.0668",
            "high": "3.0692",
            "low": "3.0602",
            "close": "3.06"
        },
        {
            "time": "13.06.2021 16:03",
            "open": "3.06",
            "high": "3.06",
            "low": "3.06",
            "close": "3.0553"
        },
        {
            "time": "13.06.2021 16:17",
            "open": "3.0553",
            "high": "3.0553",
            "low": "3.0553",
            "close": "3.0397"
        },
        {
            "time": "13.06.2021 16:50",
            "open": "3.0397",
            "high": "3.0397",
            "low": "3.0397",
            "close": "3.0273"
        },
        {
            "time": "13.06.2021 17:07",
            "open": "3.0273",
            "high": "3.0323",
            "low": "3.0263",
            "close": "3.0305"
        },
        {
            "time": "13.06.2021 17:08",
            "open": "3.0305",
            "high": "3.0305",
            "low": "3.0188",
            "close": "3.0275"
        },
        {
            "time": "13.06.2021 17:09",
            "open": "3.0275",
            "high": "3.0324",
            "low": "3.0236",
            "close": "3.0302"
        },
        {
            "time": "13.06.2021 17:10",
            "open": "3.0302",
            "high": "3.0308",
            "low": "3.024",
            "close": "3.0282"
        },
        {
            "time": "13.06.2021 17:12",
            "open": "3.0282",
            "high": "3.0316",
            "low": "3.023",
            "close": "3.0306"
        },
        {
            "time": "13.06.2021 17:13",
            "open": "3.0306",
            "high": "3.0308",
            "low": "3.0181",
            "close": "3.0247"
        },
        {
            "time": "13.06.2021 17:15",
            "open": "3.0247",
            "high": "3.0294",
            "low": "3.0247",
            "close": "3.028"
        },
        {
            "time": "13.06.2021 17:26",
            "open": "3.028",
            "high": "3.028",
            "low": "3.028",
            "close": "3.0536"
        },
        {
            "time": "13.06.2021 18:13",
            "open": "3.0536",
            "high": "3.0536",
            "low": "3.0522",
            "close": "3.0893"
        },
        {
            "time": "13.06.2021 18:20",
            "open": "3.0893",
            "high": "3.0893",
            "low": "3.0867",
            "close": "3.0852"
        },
        {
            "time": "13.06.2021 18:22",
            "open": "3.0852",
            "high": "3.0852",
            "low": "3.0852",
            "close": "3.1001"
        },
        {
            "time": "13.06.2021 18:28",
            "open": "3.1001",
            "high": "3.1013",
            "low": "3.1001",
            "close": "3.1045"
        },
        {
            "time": "13.06.2021 18:36",
            "open": "3.1045",
            "high": "3.1045",
            "low": "3.1045",
            "close": "3.1174"
        },
        {
            "time": "13.06.2021 18:41",
            "open": "3.1174",
            "high": "3.1174",
            "low": "3.1174",
            "close": "3.1074"
        },
        {
            "time": "13.06.2021 18:42",
            "open": "3.1074",
            "high": "3.1074",
            "low": "3.1073",
            "close": "3.1155"
        },
        {
            "time": "13.06.2021 18:46",
            "open": "3.1155",
            "high": "3.1155",
            "low": "3.1088",
            "close": "3.1081"
        },
        {
            "time": "13.06.2021 18:50",
            "open": "3.1081",
            "high": "3.1091",
            "low": "3.1081",
            "close": "3.116"
        },
        {
            "time": "13.06.2021 19:17",
            "open": "3.116",
            "high": "3.1182",
            "low": "3.116",
            "close": "3.1191"
        },
        {
            "time": "13.06.2021 19:21",
            "open": "3.1191",
            "high": "3.1215",
            "low": "3.1118",
            "close": "3.1304"
        },
        {
            "time": "13.06.2021 19:30",
            "open": "3.1304",
            "high": "3.1422",
            "low": "3.1304",
            "close": "3.1422"
        },
        {
            "time": "13.06.2021 19:32",
            "open": "3.1422",
            "high": "3.1422",
            "low": "3.1422",
            "close": "3.1415"
        },
        {
            "time": "13.06.2021 19:55",
            "open": "3.1415",
            "high": "3.1415",
            "low": "3.1415",
            "close": "3.1425"
        },
        {
            "time": "13.06.2021 20:00",
            "open": "3.1425",
            "high": "3.1425",
            "low": "3.1425",
            "close": "3.1456"
        },
        {
            "time": "13.06.2021 20:01",
            "open": "3.1456",
            "high": "3.1456",
            "low": "3.1456",
            "close": "3.152"
        },
        {
            "time": "13.06.2021 20:04",
            "open": "3.152",
            "high": "3.152",
            "low": "3.152",
            "close": "3.1541"
        },
        {
            "time": "13.06.2021 20:16",
            "open": "3.1541",
            "high": "3.1541",
            "low": "3.1541",
            "close": "3.1572"
        },
        {
            "time": "13.06.2021 20:17",
            "open": "3.1572",
            "high": "3.1572",
            "low": "3.1572",
            "close": "3.1601"
        },
        {
            "time": "13.06.2021 20:19",
            "open": "3.1601",
            "high": "3.1601",
            "low": "3.1601",
            "close": "3.1604"
        },
        {
            "time": "13.06.2021 20:23",
            "open": "3.1604",
            "high": "3.1635",
            "low": "3.1604",
            "close": "3.1646"
        },
        {
            "time": "13.06.2021 20:24",
            "open": "3.1646",
            "high": "3.1646",
            "low": "3.1646",
            "close": "3.1614"
        },
        {
            "time": "13.06.2021 20:33",
            "open": "3.1614",
            "high": "3.1614",
            "low": "3.1614",
            "close": "3.1646"
        },
        {
            "time": "13.06.2021 21:00",
            "open": "3.1646",
            "high": "3.1696",
            "low": "3.1571",
            "close": "3.1602"
        },
        {
            "time": "13.06.2021 21:01",
            "open": "3.1602",
            "high": "3.1602",
            "low": "3.1602",
            "close": "3.152"
        },
        {
            "time": "13.06.2021 21:27",
            "open": "3.152",
            "high": "3.152",
            "low": "3.152",
            "close": "3.152"
        },
        {
            "time": "13.06.2021 21:46",
            "open": "3.152",
            "high": "3.156",
            "low": "3.152",
            "close": "3.1696"
        },
        {
            "time": "13.06.2021 22:04",
            "open": "3.1696",
            "high": "3.1728",
            "low": "3.1696",
            "close": "3.1741"
        },
        {
            "time": "13.06.2021 22:05",
            "open": "3.1741",
            "high": "3.1871",
            "low": "3.1741",
            "close": "3.1977"
        },
        {
            "time": "13.06.2021 22:06",
            "open": "3.1977",
            "high": "3.2004",
            "low": "3.1893",
            "close": "3.206"
        },
        {
            "time": "13.06.2021 22:08",
            "open": "3.206",
            "high": "3.2073",
            "low": "3.206",
            "close": "3.227"
        },
        {
            "time": "13.06.2021 22:09",
            "open": "3.227",
            "high": "3.227",
            "low": "3.2241",
            "close": "3.2209"
        },
        {
            "time": "13.06.2021 22:10",
            "open": "3.2209",
            "high": "3.2262",
            "low": "3.2209",
            "close": "3.2364"
        },
        {
            "time": "13.06.2021 22:11",
            "open": "3.2364",
            "high": "3.2364",
            "low": "3.2245",
            "close": "3.25"
        },
        {
            "time": "13.06.2021 22:38",
            "open": "3.25",
            "high": "3.25",
            "low": "3.25",
            "close": "3.2694"
        },
        {
            "time": "13.06.2021 22:43",
            "open": "3.2694",
            "high": "3.2694",
            "low": "3.2694",
            "close": "3.2694"
        },
        {
            "time": "13.06.2021 22:51",
            "open": "3.2694",
            "high": "3.2694",
            "low": "3.2694",
            "close": "3.2721"
        },
        {
            "time": "13.06.2021 22:55",
            "open": "3.2721",
            "high": "3.2721",
            "low": "3.2721",
            "close": "3.2734"
        },
        {
            "time": "13.06.2021 22:56",
            "open": "3.2734",
            "high": "3.281",
            "low": "3.2734",
            "close": "3.2809"
        },
        {
            "time": "13.06.2021 22:57",
            "open": "3.2809",
            "high": "3.289",
            "low": "3.2809",
            "close": "3.2775"
        },
        {
            "time": "13.06.2021 23:02",
            "open": "3.2775",
            "high": "3.2775",
            "low": "3.2775",
            "close": "3.2895"
        },
        {
            "time": "13.06.2021 23:04",
            "open": "3.2895",
            "high": "3.2895",
            "low": "3.2895",
            "close": "3.2639"
        },
        {
            "time": "13.06.2021 23:13",
            "open": "3.2639",
            "high": "3.2708",
            "low": "3.2615",
            "close": "3.2768"
        },
        {
            "time": "13.06.2021 23:30",
            "open": "3.2768",
            "high": "3.2768",
            "low": "3.2768",
            "close": "3.2845"
        },
        {
            "time": "13.06.2021 23:32",
            "open": "3.2845",
            "high": "3.2845",
            "low": "3.2845",
            "close": "3.2874"
        }
    ]
}