{
    "BNT-EUR": [
        {
            "time": "20.07.2021 23:59",
            "open": "2.196",
            "high": "2.196",
            "low": "2.1957",
            "close": "2.191"
        },
        {
            "time": "21.07.2021 01:14",
            "open": "2.191",
            "high": "2.191",
            "low": "2.191",
            "close": "2.2036"
        },
        {
            "time": "21.07.2021 01:32",
            "open": "2.2036",
            "high": "2.2036",
            "low": "2.2036",
            "close": "2.201"
        },
        {
            "time": "21.07.2021 02:15",
            "open": "2.201",
            "high": "2.201",
            "low": "2.201",
            "close": "2.1782"
        },
        {
            "time": "21.07.2021 02:31",
            "open": "2.1782",
            "high": "2.1782",
            "low": "2.1778",
            "close": "2.1701"
        },
        {
            "time": "21.07.2021 02:39",
            "open": "2.1701",
            "high": "2.174",
            "low": "2.1701",
            "close": "2.1745"
        },
        {
            "time": "21.07.2021 03:09",
            "open": "2.1745",
            "high": "2.1745",
            "low": "2.1741",
            "close": "2.1727"
        },
        {
            "time": "21.07.2021 03:10",
            "open": "2.1727",
            "high": "2.1727",
            "low": "2.1727",
            "close": "2.1611"
        },
        {
            "time": "21.07.2021 03:15",
            "open": "2.1611",
            "high": "2.1611",
            "low": "2.1573",
            "close": "2.1544"
        },
        {
            "time": "21.07.2021 03:16",
            "open": "2.1544",
            "high": "2.1544",
            "low": "2.1544",
            "close": "2.1785"
        },
        {
            "time": "21.07.2021 04:01",
            "open": "2.1785",
            "high": "2.1785",
            "low": "2.1785",
            "close": "2.1928"
        },
        {
            "time": "21.07.2021 04:28",
            "open": "2.1928",
            "high": "2.1928",
            "low": "2.1928",
            "close": "2.2047"
        },
        {
            "time": "21.07.2021 05:18",
            "open": "2.2047",
            "high": "2.2047",
            "low": "2.2047",
            "close": "2.2148"
        },
        {
            "time": "21.07.2021 05:39",
            "open": "2.2148",
            "high": "2.2148",
            "low": "2.2148",
            "close": "2.2101"
        },
        {
            "time": "21.07.2021 05:53",
            "open": "2.2101",
            "high": "2.2101",
            "low": "2.2101",
            "close": "2.2141"
        },
        {
            "time": "21.07.2021 06:03",
            "open": "2.2141",
            "high": "2.2141",
            "low": "2.2141",
            "close": "2.2224"
        },
        {
            "time": "21.07.2021 06:11",
            "open": "2.2224",
            "high": "2.2224",
            "low": "2.2224",
            "close": "2.2296"
        },
        {
            "time": "21.07.2021 06:15",
            "open": "2.2296",
            "high": "2.2436",
            "low": "2.2296",
            "close": "2.25"
        },
        {
            "time": "21.07.2021 06:16",
            "open": "2.25",
            "high": "2.2504",
            "low": "2.25",
            "close": "2.2527"
        },
        {
            "time": "21.07.2021 06:18",
            "open": "2.2527",
            "high": "2.2527",
            "low": "2.2527",
            "close": "2.2484"
        },
        {
            "time": "21.07.2021 06:19",
            "open": "2.2484",
            "high": "2.2484",
            "low": "2.2444",
            "close": "2.2498"
        },
        {
            "time": "21.07.2021 06:22",
            "open": "2.2498",
            "high": "2.2498",
            "low": "2.2498",
            "close": "2.2517"
        },
        {
            "time": "21.07.2021 06:24",
            "open": "2.2517",
            "high": "2.2517",
            "low": "2.2517",
            "close": "2.2689"
        },
        {
            "time": "21.07.2021 06:30",
            "open": "2.2689",
            "high": "2.2701",
            "low": "2.2689",
            "close": "2.2639"
        },
        {
            "time": "21.07.2021 06:32",
            "open": "2.2639",
            "high": "2.2639",
            "low": "2.2639",
            "close": "2.2703"
        },
        {
            "time": "21.07.2021 06:33",
            "open": "2.2703",
            "high": "2.2703",
            "low": "2.2703",
            "close": "2.2699"
        },
        {
            "time": "21.07.2021 06:34",
            "open": "2.2699",
            "high": "2.2701",
            "low": "2.2699",
            "close": "2.2759"
        },
        {
            "time": "21.07.2021 06:43",
            "open": "2.2759",
            "high": "2.2764",
            "low": "2.2759",
            "close": "2.2781"
        },
        {
            "time": "21.07.2021 06:44",
            "open": "2.2781",
            "high": "2.2782",
            "low": "2.2781",
            "close": "2.2848"
        },
        {
            "time": "21.07.2021 06:48",
            "open": "2.2848",
            "high": "2.2869",
            "low": "2.2848",
            "close": "2.2798"
        },
        {
            "time": "21.07.2021 07:08",
            "open": "2.2798",
            "high": "2.2798",
            "low": "2.2768",
            "close": "2.2823"
        },
        {
            "time": "21.07.2021 07:12",
            "open": "2.2823",
            "high": "2.2823",
            "low": "2.2823",
            "close": "2.2966"
        },
        {
            "time": "21.07.2021 07:39",
            "open": "2.2966",
            "high": "2.2966",
            "low": "2.2966",
            "close": "2.2886"
        },
        {
            "time": "21.07.2021 07:51",
            "open": "2.2886",
            "high": "2.2886",
            "low": "2.2886",
            "close": "2.2878"
        },
        {
            "time": "21.07.2021 08:00",
            "open": "2.2878",
            "high": "2.2878",
            "low": "2.2878",
            "close": "2.302"
        },
        {
            "time": "21.07.2021 08:16",
            "open": "2.302",
            "high": "2.3056",
            "low": "2.302",
            "close": "2.2976"
        },
        {
            "time": "21.07.2021 08:17",
            "open": "2.2976",
            "high": "2.2976",
            "low": "2.2935",
            "close": "2.3078"
        },
        {
            "time": "21.07.2021 08:43",
            "open": "2.3078",
            "high": "2.3169",
            "low": "2.3078",
            "close": "2.311"
        },
        {
            "time": "21.07.2021 08:47",
            "open": "2.311",
            "high": "2.3145",
            "low": "2.311",
            "close": "2.3129"
        },
        {
            "time": "21.07.2021 08:50",
            "open": "2.3129",
            "high": "2.3129",
            "low": "2.3129",
            "close": "2.3152"
        },
        {
            "time": "21.07.2021 08:58",
            "open": "2.3152",
            "high": "2.3152",
            "low": "2.3152",
            "close": "2.3152"
        },
        {
            "time": "21.07.2021 09:06",
            "open": "2.3152",
            "high": "2.3152",
            "low": "2.3152",
            "close": "2.3063"
        },
        {
            "time": "21.07.2021 09:35",
            "open": "2.3063",
            "high": "2.3063",
            "low": "2.3063",
            "close": "2.304"
        },
        {
            "time": "21.07.2021 09:50",
            "open": "2.304",
            "high": "2.304",
            "low": "2.304",
            "close": "2.3073"
        },
        {
            "time": "21.07.2021 10:00",
            "open": "2.3073",
            "high": "2.3073",
            "low": "2.3073",
            "close": "2.3031"
        },
        {
            "time": "21.07.2021 10:02",
            "open": "2.3031",
            "high": "2.3083",
            "low": "2.3031",
            "close": "2.3044"
        },
        {
            "time": "21.07.2021 10:06",
            "open": "2.3044",
            "high": "2.3044",
            "low": "2.3044",
            "close": "2.2928"
        },
        {
            "time": "21.07.2021 10:34",
            "open": "2.2928",
            "high": "2.2928",
            "low": "2.2928",
            "close": "2.2929"
        },
        {
            "time": "21.07.2021 10:36",
            "open": "2.2929",
            "high": "2.2929",
            "low": "2.2929",
            "close": "2.2935"
        },
        {
            "time": "21.07.2021 10:42",
            "open": "2.2935",
            "high": "2.2935",
            "low": "2.2935",
            "close": "2.3104"
        },
        {
            "time": "21.07.2021 11:55",
            "open": "2.3104",
            "high": "2.3144",
            "low": "2.3104",
            "close": "2.3271"
        },
        {
            "time": "21.07.2021 12:05",
            "open": "2.3271",
            "high": "2.3282",
            "low": "2.3236",
            "close": "2.3324"
        },
        {
            "time": "21.07.2021 12:07",
            "open": "2.3324",
            "high": "2.3341",
            "low": "2.3324",
            "close": "2.3357"
        },
        {
            "time": "21.07.2021 12:08",
            "open": "2.3357",
            "high": "2.338",
            "low": "2.3357",
            "close": "2.3435"
        },
        {
            "time": "21.07.2021 12:09",
            "open": "2.3435",
            "high": "2.3468",
            "low": "2.3435",
            "close": "2.3308"
        },
        {
            "time": "21.07.2021 12:26",
            "open": "2.3308",
            "high": "2.3308",
            "low": "2.3308",
            "close": "2.3316"
        },
        {
            "time": "21.07.2021 13:00",
            "open": "2.3316",
            "high": "2.3316",
            "low": "2.3316",
            "close": "2.3465"
        },
        {
            "time": "21.07.2021 14:00",
            "open": "2.3465",
            "high": "2.3465",
            "low": "2.3465",
            "close": "2.3413"
        },
        {
            "time": "21.07.2021 14:03",
            "open": "2.3413",
            "high": "2.3413",
            "low": "2.3413",
            "close": "2.3553"
        },
        {
            "time": "21.07.2021 14:11",
            "open": "2.3553",
            "high": "2.3553",
            "low": "2.3553",
            "close": "2.3522"
        },
        {
            "time": "21.07.2021 14:33",
            "open": "2.3522",
            "high": "2.3522",
            "low": "2.3522",
            "close": "2.3283"
        },
        {
            "time": "21.07.2021 15:14",
            "open": "2.3283",
            "high": "2.3283",
            "low": "2.3283",
            "close": "2.3305"
        },
        {
            "time": "21.07.2021 15:15",
            "open": "2.3305",
            "high": "2.3305",
            "low": "2.3305",
            "close": "2.3358"
        },
        {
            "time": "21.07.2021 15:33",
            "open": "2.3358",
            "high": "2.3358",
            "low": "2.3358",
            "close": "2.3433"
        },
        {
            "time": "21.07.2021 15:49",
            "open": "2.3433",
            "high": "2.3433",
            "low": "2.3433",
            "close": "2.3468"
        },
        {
            "time": "21.07.2021 16:05",
            "open": "2.3468",
            "high": "2.3468",
            "low": "2.3468",
            "close": "2.3625"
        },
        {
            "time": "21.07.2021 16:11",
            "open": "2.3625",
            "high": "2.365",
            "low": "2.3618",
            "close": "2.361"
        },
        {
            "time": "21.07.2021 16:12",
            "open": "2.361",
            "high": "2.361",
            "low": "2.361",
            "close": "2.3595"
        },
        {
            "time": "21.07.2021 16:13",
            "open": "2.3595",
            "high": "2.3642",
            "low": "2.3595",
            "close": "2.362"
        },
        {
            "time": "21.07.2021 16:17",
            "open": "2.362",
            "high": "2.362",
            "low": "2.362",
            "close": "2.3677"
        },
        {
            "time": "21.07.2021 16:20",
            "open": "2.3677",
            "high": "2.3677",
            "low": "2.3677",
            "close": "2.366"
        },
        {
            "time": "21.07.2021 16:24",
            "open": "2.366",
            "high": "2.366",
            "low": "2.366",
            "close": "2.356"
        },
        {
            "time": "21.07.2021 16:33",
            "open": "2.356",
            "high": "2.356",
            "low": "2.356",
            "close": "2.3649"
        },
        {
            "time": "21.07.2021 16:45",
            "open": "2.3649",
            "high": "2.3649",
            "low": "2.3649",
            "close": "2.3676"
        },
        {
            "time": "21.07.2021 16:47",
            "open": "2.3676",
            "high": "2.3703",
            "low": "2.3676",
            "close": "2.3751"
        },
        {
            "time": "21.07.2021 16:57",
            "open": "2.3751",
            "high": "2.3818",
            "low": "2.3751",
            "close": "2.3738"
        },
        {
            "time": "21.07.2021 17:03",
            "open": "2.3738",
            "high": "2.3738",
            "low": "2.3738",
            "close": "2.3793"
        },
        {
            "time": "21.07.2021 17:11",
            "open": "2.3793",
            "high": "2.3793",
            "low": "2.3793",
            "close": "2.3779"
        },
        {
            "time": "21.07.2021 17:31",
            "open": "2.3779",
            "high": "2.3779",
            "low": "2.3779",
            "close": "2.3814"
        },
        {
            "time": "21.07.2021 17:38",
            "open": "2.3814",
            "high": "2.3814",
            "low": "2.3789",
            "close": "2.3793"
        },
        {
            "time": "21.07.2021 17:41",
            "open": "2.3793",
            "high": "2.3793",
            "low": "2.3793",
            "close": "2.3749"
        },
        {
            "time": "21.07.2021 17:44",
            "open": "2.3749",
            "high": "2.3749",
            "low": "2.3749",
            "close": "2.3929"
        },
        {
            "time": "21.07.2021 18:00",
            "open": "2.3929",
            "high": "2.3929",
            "low": "2.3921",
            "close": "2.3951"
        },
        {
            "time": "21.07.2021 18:01",
            "open": "2.3951",
            "high": "2.3951",
            "low": "2.3951",
            "close": "2.3868"
        },
        {
            "time": "21.07.2021 18:06",
            "open": "2.3868",
            "high": "2.3956",
            "low": "2.3868",
            "close": "2.3956"
        },
        {
            "time": "21.07.2021 18:07",
            "open": "2.3956",
            "high": "2.3956",
            "low": "2.3943",
            "close": "2.3985"
        },
        {
            "time": "21.07.2021 18:08",
            "open": "2.3985",
            "high": "2.4061",
            "low": "2.3974",
            "close": "2.4021"
        },
        {
            "time": "21.07.2021 18:11",
            "open": "2.4021",
            "high": "2.4037",
            "low": "2.3986",
            "close": "2.4013"
        },
        {
            "time": "21.07.2021 18:12",
            "open": "2.4013",
            "high": "2.4013",
            "low": "2.4013",
            "close": "2.4047"
        },
        {
            "time": "21.07.2021 18:13",
            "open": "2.4047",
            "high": "2.4047",
            "low": "2.404",
            "close": "2.4081"
        },
        {
            "time": "21.07.2021 18:14",
            "open": "2.4081",
            "high": "2.4091",
            "low": "2.4069",
            "close": "2.4067"
        },
        {
            "time": "21.07.2021 18:15",
            "open": "2.4067",
            "high": "2.4068",
            "low": "2.4051",
            "close": "2.3999"
        },
        {
            "time": "21.07.2021 18:17",
            "open": "2.3999",
            "high": "2.3999",
            "low": "2.393",
            "close": "2.3948"
        },
        {
            "time": "21.07.2021 18:18",
            "open": "2.3948",
            "high": "2.4009",
            "low": "2.3948",
            "close": "2.4025"
        },
        {
            "time": "21.07.2021 18:19",
            "open": "2.4025",
            "high": "2.4025",
            "low": "2.3985",
            "close": "2.4009"
        },
        {
            "time": "21.07.2021 18:28",
            "open": "2.4009",
            "high": "2.4009",
            "low": "2.4009",
            "close": "2.4043"
        },
        {
            "time": "21.07.2021 18:29",
            "open": "2.4043",
            "high": "2.4045",
            "low": "2.4043",
            "close": "2.4107"
        },
        {
            "time": "21.07.2021 18:30",
            "open": "2.4107",
            "high": "2.4114",
            "low": "2.4107",
            "close": "2.4101"
        },
        {
            "time": "21.07.2021 18:31",
            "open": "2.4101",
            "high": "2.415",
            "low": "2.4101",
            "close": "2.4183"
        },
        {
            "time": "21.07.2021 18:33",
            "open": "2.4183",
            "high": "2.419",
            "low": "2.4183",
            "close": "2.422"
        },
        {
            "time": "21.07.2021 18:36",
            "open": "2.422",
            "high": "2.4268",
            "low": "2.422",
            "close": "2.4249"
        },
        {
            "time": "21.07.2021 18:37",
            "open": "2.4249",
            "high": "2.4249",
            "low": "2.4247",
            "close": "2.4285"
        },
        {
            "time": "21.07.2021 18:38",
            "open": "2.4285",
            "high": "2.4299",
            "low": "2.4285",
            "close": "2.4369"
        },
        {
            "time": "21.07.2021 18:40",
            "open": "2.4369",
            "high": "2.4387",
            "low": "2.4369",
            "close": "2.4377"
        },
        {
            "time": "21.07.2021 18:42",
            "open": "2.4377",
            "high": "2.4377",
            "low": "2.4377",
            "close": "2.4299"
        },
        {
            "time": "21.07.2021 18:43",
            "open": "2.4299",
            "high": "2.4299",
            "low": "2.4298",
            "close": "2.4294"
        },
        {
            "time": "21.07.2021 18:45",
            "open": "2.4294",
            "high": "2.4294",
            "low": "2.4294",
            "close": "2.4289"
        },
        {
            "time": "21.07.2021 18:48",
            "open": "2.4289",
            "high": "2.4289",
            "low": "2.4282",
            "close": "2.4212"
        },
        {
            "time": "21.07.2021 18:49",
            "open": "2.4212",
            "high": "2.4212",
            "low": "2.4212",
            "close": "2.4196"
        },
        {
            "time": "21.07.2021 18:58",
            "open": "2.4196",
            "high": "2.4217",
            "low": "2.4196",
            "close": "2.411"
        },
        {
            "time": "21.07.2021 19:00",
            "open": "2.411",
            "high": "2.411",
            "low": "2.411",
            "close": "2.3891"
        },
        {
            "time": "21.07.2021 19:04",
            "open": "2.3891",
            "high": "2.3893",
            "low": "2.3891",
            "close": "2.3927"
        },
        {
            "time": "21.07.2021 19:21",
            "open": "2.3927",
            "high": "2.3927",
            "low": "2.3911",
            "close": "2.3811"
        },
        {
            "time": "21.07.2021 19:36",
            "open": "2.3811",
            "high": "2.3811",
            "low": "2.381",
            "close": "2.3912"
        },
        {
            "time": "21.07.2021 19:44",
            "open": "2.3912",
            "high": "2.3912",
            "low": "2.3912",
            "close": "2.391"
        },
        {
            "time": "21.07.2021 20:01",
            "open": "2.391",
            "high": "2.391",
            "low": "2.388",
            "close": "2.3961"
        },
        {
            "time": "21.07.2021 20:11",
            "open": "2.3961",
            "high": "2.3961",
            "low": "2.3961",
            "close": "2.4101"
        },
        {
            "time": "21.07.2021 20:12",
            "open": "2.4101",
            "high": "2.4193",
            "low": "2.4101",
            "close": "2.4287"
        },
        {
            "time": "21.07.2021 20:13",
            "open": "2.4287",
            "high": "2.4448",
            "low": "2.4287",
            "close": "2.4397"
        },
        {
            "time": "21.07.2021 20:14",
            "open": "2.4397",
            "high": "2.4446",
            "low": "2.4382",
            "close": "2.4409"
        },
        {
            "time": "21.07.2021 20:15",
            "open": "2.4409",
            "high": "2.4409",
            "low": "2.4409",
            "close": "2.4394"
        },
        {
            "time": "21.07.2021 20:16",
            "open": "2.4394",
            "high": "2.4394",
            "low": "2.4264",
            "close": "2.4231"
        },
        {
            "time": "21.07.2021 20:17",
            "open": "2.4231",
            "high": "2.4247",
            "low": "2.4231",
            "close": "2.4311"
        },
        {
            "time": "21.07.2021 20:18",
            "open": "2.4311",
            "high": "2.4313",
            "low": "2.4311",
            "close": "2.4139"
        },
        {
            "time": "21.07.2021 20:23",
            "open": "2.4139",
            "high": "2.4139",
            "low": "2.4139",
            "close": "2.4169"
        },
        {
            "time": "21.07.2021 20:24",
            "open": "2.4169",
            "high": "2.4234",
            "low": "2.4169",
            "close": "2.4283"
        },
        {
            "time": "21.07.2021 20:25",
            "open": "2.4283",
            "high": "2.4283",
            "low": "2.4211",
            "close": "2.4226"
        },
        {
            "time": "21.07.2021 20:26",
            "open": "2.4226",
            "high": "2.4226",
            "low": "2.4226",
            "close": "2.4108"
        },
        {
            "time": "21.07.2021 20:31",
            "open": "2.4108",
            "high": "2.4108",
            "low": "2.41",
            "close": "2.4067"
        },
        {
            "time": "21.07.2021 20:32",
            "open": "2.4067",
            "high": "2.4067",
            "low": "2.4067",
            "close": "2.402"
        },
        {
            "time": "21.07.2021 20:33",
            "open": "2.402",
            "high": "2.402",
            "low": "2.4008",
            "close": "2.4008"
        },
        {
            "time": "21.07.2021 20:34",
            "open": "2.4008",
            "high": "2.4008",
            "low": "2.4008",
            "close": "2.4138"
        },
        {
            "time": "21.07.2021 20:35",
            "open": "2.4138",
            "high": "2.4138",
            "low": "2.4138",
            "close": "2.4073"
        },
        {
            "time": "21.07.2021 20:36",
            "open": "2.4073",
            "high": "2.4073",
            "low": "2.4052",
            "close": "2.4014"
        },
        {
            "time": "21.07.2021 20:37",
            "open": "2.4014",
            "high": "2.4014",
            "low": "2.4002",
            "close": "2.4039"
        },
        {
            "time": "21.07.2021 20:44",
            "open": "2.4039",
            "high": "2.4041",
            "low": "2.4039",
            "close": "2.4117"
        },
        {
            "time": "21.07.2021 20:46",
            "open": "2.4117",
            "high": "2.4117",
            "low": "2.4116",
            "close": "2.3961"
        },
        {
            "time": "21.07.2021 20:55",
            "open": "2.3961",
            "high": "2.3961",
            "low": "2.3955",
            "close": "2.3812"
        },
        {
            "time": "21.07.2021 21:06",
            "open": "2.3812",
            "high": "2.3812",
            "low": "2.3809",
            "close": "2.3566"
        },
        {
            "time": "21.07.2021 22:16",
            "open": "2.3566",
            "high": "2.3566",
            "low": "2.3523",
            "close": "2.3578"
        },
        {
            "time": "21.07.2021 22:17",
            "open": "2.358",
            "high": "2.358",
            "low": "2.358",
            "close": "2.358"
        }
    ]
}