{
    "BNT-EUR": [
        {
            "time": "06.06.2021 23:59",
            "open": "3.6842",
            "high": "3.6842",
            "low": "3.6842",
            "close": "3.6751"
        },
        {
            "time": "07.06.2021 00:00",
            "open": "3.6751",
            "high": "3.6752",
            "low": "3.6751",
            "close": "3.6784"
        },
        {
            "time": "07.06.2021 00:02",
            "open": "3.6784",
            "high": "3.6784",
            "low": "3.6784",
            "close": "3.6714"
        },
        {
            "time": "07.06.2021 00:05",
            "open": "3.6714",
            "high": "3.6743",
            "low": "3.6714",
            "close": "3.6649"
        },
        {
            "time": "07.06.2021 00:09",
            "open": "3.6649",
            "high": "3.6706",
            "low": "3.6649",
            "close": "3.6656"
        },
        {
            "time": "07.06.2021 00:11",
            "open": "3.6656",
            "high": "3.6743",
            "low": "3.6656",
            "close": "3.6595"
        },
        {
            "time": "07.06.2021 00:12",
            "open": "3.6595",
            "high": "3.6701",
            "low": "3.6595",
            "close": "3.653"
        },
        {
            "time": "07.06.2021 00:15",
            "open": "3.653",
            "high": "3.659",
            "low": "3.653",
            "close": "3.6614"
        },
        {
            "time": "07.06.2021 00:16",
            "open": "3.6614",
            "high": "3.6614",
            "low": "3.6556",
            "close": "3.6502"
        },
        {
            "time": "07.06.2021 00:32",
            "open": "3.6502",
            "high": "3.6502",
            "low": "3.6502",
            "close": "3.6293"
        },
        {
            "time": "07.06.2021 00:33",
            "open": "3.6293",
            "high": "3.631",
            "low": "3.6293",
            "close": "3.6342"
        },
        {
            "time": "07.06.2021 00:41",
            "open": "3.6342",
            "high": "3.6342",
            "low": "3.6342",
            "close": "3.6358"
        },
        {
            "time": "07.06.2021 00:47",
            "open": "3.6358",
            "high": "3.6358",
            "low": "3.6358",
            "close": "3.6419"
        },
        {
            "time": "07.06.2021 00:48",
            "open": "3.6419",
            "high": "3.6419",
            "low": "3.6419",
            "close": "3.6468"
        },
        {
            "time": "07.06.2021 00:57",
            "open": "3.6468",
            "high": "3.6471",
            "low": "3.6468",
            "close": "3.6508"
        },
        {
            "time": "07.06.2021 01:05",
            "open": "3.6508",
            "high": "3.6508",
            "low": "3.6508",
            "close": "3.6522"
        },
        {
            "time": "07.06.2021 01:07",
            "open": "3.6522",
            "high": "3.6522",
            "low": "3.6518",
            "close": "3.663"
        },
        {
            "time": "07.06.2021 01:17",
            "open": "3.663",
            "high": "3.663",
            "low": "3.663",
            "close": "3.6624"
        },
        {
            "time": "07.06.2021 01:19",
            "open": "3.6624",
            "high": "3.6624",
            "low": "3.6624",
            "close": "3.6644"
        },
        {
            "time": "07.06.2021 01:22",
            "open": "3.6644",
            "high": "3.6647",
            "low": "3.6644",
            "close": "3.6689"
        },
        {
            "time": "07.06.2021 01:44",
            "open": "3.6689",
            "high": "3.6689",
            "low": "3.6689",
            "close": "3.665"
        },
        {
            "time": "07.06.2021 01:47",
            "open": "3.665",
            "high": "3.665",
            "low": "3.665",
            "close": "3.6689"
        },
        {
            "time": "07.06.2021 01:48",
            "open": "3.6689",
            "high": "3.6689",
            "low": "3.6689",
            "close": "3.6744"
        },
        {
            "time": "07.06.2021 01:49",
            "open": "3.6744",
            "high": "3.6744",
            "low": "3.6744",
            "close": "3.6761"
        },
        {
            "time": "07.06.2021 01:54",
            "open": "3.6761",
            "high": "3.6761",
            "low": "3.6761",
            "close": "3.6817"
        },
        {
            "time": "07.06.2021 02:01",
            "open": "3.6817",
            "high": "3.6817",
            "low": "3.6817",
            "close": "3.6854"
        },
        {
            "time": "07.06.2021 02:02",
            "open": "3.6854",
            "high": "3.6891",
            "low": "3.6837",
            "close": "3.6844"
        },
        {
            "time": "07.06.2021 02:04",
            "open": "3.6844",
            "high": "3.6844",
            "low": "3.6844",
            "close": "3.6846"
        },
        {
            "time": "07.06.2021 02:10",
            "open": "3.6846",
            "high": "3.6846",
            "low": "3.6846",
            "close": "3.6928"
        },
        {
            "time": "07.06.2021 02:12",
            "open": "3.6928",
            "high": "3.6928",
            "low": "3.6928",
            "close": "3.6965"
        },
        {
            "time": "07.06.2021 02:13",
            "open": "3.6965",
            "high": "3.6965",
            "low": "3.6965",
            "close": "3.6974"
        },
        {
            "time": "07.06.2021 02:14",
            "open": "3.6974",
            "high": "3.6974",
            "low": "3.6955",
            "close": "3.7001"
        },
        {
            "time": "07.06.2021 02:15",
            "open": "3.7001",
            "high": "3.7001",
            "low": "3.7001",
            "close": "3.7122"
        },
        {
            "time": "07.06.2021 02:16",
            "open": "3.7122",
            "high": "3.7122",
            "low": "3.7122",
            "close": "3.7157"
        },
        {
            "time": "07.06.2021 02:26",
            "open": "3.7157",
            "high": "3.7157",
            "low": "3.7157",
            "close": "3.7277"
        },
        {
            "time": "07.06.2021 02:27",
            "open": "3.7277",
            "high": "3.7277",
            "low": "3.7277",
            "close": "3.731"
        },
        {
            "time": "07.06.2021 02:28",
            "open": "3.731",
            "high": "3.731",
            "low": "3.731",
            "close": "3.741"
        },
        {
            "time": "07.06.2021 02:30",
            "open": "3.741",
            "high": "3.7415",
            "low": "3.741",
            "close": "3.7391"
        },
        {
            "time": "07.06.2021 02:31",
            "open": "3.7391",
            "high": "3.7392",
            "low": "3.739",
            "close": "3.7326"
        },
        {
            "time": "07.06.2021 02:32",
            "open": "3.7326",
            "high": "3.7326",
            "low": "3.7326",
            "close": "3.7219"
        },
        {
            "time": "07.06.2021 02:33",
            "open": "3.7219",
            "high": "3.7219",
            "low": "3.7219",
            "close": "3.7227"
        },
        {
            "time": "07.06.2021 02:39",
            "open": "3.7227",
            "high": "3.7227",
            "low": "3.7227",
            "close": "3.7331"
        },
        {
            "time": "07.06.2021 02:42",
            "open": "3.7331",
            "high": "3.7426",
            "low": "3.7331",
            "close": "3.7443"
        },
        {
            "time": "07.06.2021 02:57",
            "open": "3.7443",
            "high": "3.7443",
            "low": "3.7443",
            "close": "3.748"
        },
        {
            "time": "07.06.2021 02:58",
            "open": "3.748",
            "high": "3.748",
            "low": "3.748",
            "close": "3.7511"
        },
        {
            "time": "07.06.2021 02:59",
            "open": "3.7511",
            "high": "3.7511",
            "low": "3.7511",
            "close": "3.7555"
        },
        {
            "time": "07.06.2021 03:00",
            "open": "3.7555",
            "high": "3.7555",
            "low": "3.7555",
            "close": "3.7646"
        },
        {
            "time": "07.06.2021 03:01",
            "open": "3.7646",
            "high": "3.7662",
            "low": "3.7645",
            "close": "3.7645"
        },
        {
            "time": "07.06.2021 03:02",
            "open": "3.7645",
            "high": "3.7645",
            "low": "3.7645",
            "close": "3.7655"
        },
        {
            "time": "07.06.2021 03:05",
            "open": "3.7655",
            "high": "3.7655",
            "low": "3.7598",
            "close": "3.7391"
        },
        {
            "time": "07.06.2021 03:12",
            "open": "3.7391",
            "high": "3.7391",
            "low": "3.7391",
            "close": "3.7423"
        },
        {
            "time": "07.06.2021 03:30",
            "open": "3.7423",
            "high": "3.7423",
            "low": "3.7423",
            "close": "3.7721"
        },
        {
            "time": "07.06.2021 03:59",
            "open": "3.7759",
            "high": "3.7759",
            "low": "3.7759",
            "close": "3.7767"
        },
        {
            "time": "07.06.2021 04:41",
            "open": "3.7767",
            "high": "3.7768",
            "low": "3.7767",
            "close": "3.78"
        },
        {
            "time": "07.06.2021 04:53",
            "open": "3.78",
            "high": "3.7806",
            "low": "3.78",
            "close": "3.7843"
        },
        {
            "time": "07.06.2021 04:54",
            "open": "3.7843",
            "high": "3.7843",
            "low": "3.7843",
            "close": "3.7873"
        },
        {
            "time": "07.06.2021 04:59",
            "open": "3.7873",
            "high": "3.7873",
            "low": "3.7873",
            "close": "3.7645"
        },
        {
            "time": "07.06.2021 06:02",
            "open": "3.7645",
            "high": "3.7645",
            "low": "3.7645",
            "close": "3.7777"
        },
        {
            "time": "07.06.2021 06:20",
            "open": "3.7777",
            "high": "3.7794",
            "low": "3.7764",
            "close": "3.7685"
        },
        {
            "time": "07.06.2021 06:23",
            "open": "3.7685",
            "high": "3.7686",
            "low": "3.7685",
            "close": "3.7641"
        },
        {
            "time": "07.06.2021 06:49",
            "open": "3.7641",
            "high": "3.7641",
            "low": "3.7641",
            "close": "3.7539"
        },
        {
            "time": "07.06.2021 07:09",
            "open": "3.7539",
            "high": "3.7539",
            "low": "3.7539",
            "close": "3.7637"
        },
        {
            "time": "07.06.2021 07:41",
            "open": "3.7637",
            "high": "3.765",
            "low": "3.7637",
            "close": "3.7675"
        },
        {
            "time": "07.06.2021 07:56",
            "open": "3.7675",
            "high": "3.7676",
            "low": "3.7675",
            "close": "3.7412"
        },
        {
            "time": "07.06.2021 09:05",
            "open": "3.7412",
            "high": "3.7412",
            "low": "3.7412",
            "close": "3.7306"
        },
        {
            "time": "07.06.2021 09:18",
            "open": "3.7306",
            "high": "3.7306",
            "low": "3.7306",
            "close": "3.7243"
        },
        {
            "time": "07.06.2021 09:26",
            "open": "3.7243",
            "high": "3.7243",
            "low": "3.7242",
            "close": "3.727"
        },
        {
            "time": "07.06.2021 09:28",
            "open": "3.727",
            "high": "3.7277",
            "low": "3.727",
            "close": "3.7348"
        },
        {
            "time": "07.06.2021 09:40",
            "open": "3.7348",
            "high": "3.7348",
            "low": "3.7348",
            "close": "3.7288"
        },
        {
            "time": "07.06.2021 09:46",
            "open": "3.7288",
            "high": "3.7288",
            "low": "3.7288",
            "close": "3.7336"
        },
        {
            "time": "07.06.2021 09:50",
            "open": "3.7336",
            "high": "3.7337",
            "low": "3.7336",
            "close": "3.7353"
        },
        {
            "time": "07.06.2021 10:35",
            "open": "3.7353",
            "high": "3.7353",
            "low": "3.7353",
            "close": "3.7362"
        },
        {
            "time": "07.06.2021 10:37",
            "open": "3.7362",
            "high": "3.7362",
            "low": "3.7362",
            "close": "3.7611"
        },
        {
            "time": "07.06.2021 12:04",
            "open": "3.7611",
            "high": "3.7611",
            "low": "3.7611",
            "close": "3.767"
        },
        {
            "time": "07.06.2021 12:05",
            "open": "3.767",
            "high": "3.767",
            "low": "3.767",
            "close": "3.7651"
        },
        {
            "time": "07.06.2021 12:06",
            "open": "3.7651",
            "high": "3.7651",
            "low": "3.7643",
            "close": "3.7719"
        },
        {
            "time": "07.06.2021 12:07",
            "open": "3.7719",
            "high": "3.7719",
            "low": "3.7719",
            "close": "3.7845"
        },
        {
            "time": "07.06.2021 12:20",
            "open": "3.7845",
            "high": "3.7845",
            "low": "3.7845",
            "close": "3.7845"
        },
        {
            "time": "07.06.2021 12:21",
            "open": "3.7845",
            "high": "3.7845",
            "low": "3.7845",
            "close": "3.7873"
        },
        {
            "time": "07.06.2021 12:26",
            "open": "3.7873",
            "high": "3.793",
            "low": "3.7873",
            "close": "3.7952"
        },
        {
            "time": "07.06.2021 12:28",
            "open": "3.7952",
            "high": "3.7952",
            "low": "3.7952",
            "close": "3.7927"
        },
        {
            "time": "07.06.2021 12:35",
            "open": "3.7927",
            "high": "3.7927",
            "low": "3.7914",
            "close": "3.8021"
        },
        {
            "time": "07.06.2021 12:45",
            "open": "3.8021",
            "high": "3.8038",
            "low": "3.8021",
            "close": "3.8065"
        },
        {
            "time": "07.06.2021 13:00",
            "open": "3.8065",
            "high": "3.8065",
            "low": "3.8065",
            "close": "3.8023"
        },
        {
            "time": "07.06.2021 13:07",
            "open": "3.8023",
            "high": "3.8023",
            "low": "3.8023",
            "close": "3.8093"
        },
        {
            "time": "07.06.2021 13:22",
            "open": "3.8093",
            "high": "3.8093",
            "low": "3.8093",
            "close": "3.7907"
        },
        {
            "time": "07.06.2021 14:09",
            "open": "3.7907",
            "high": "3.7907",
            "low": "3.7907",
            "close": "3.79"
        },
        {
            "time": "07.06.2021 14:12",
            "open": "3.79",
            "high": "3.79",
            "low": "3.79",
            "close": "3.7892"
        },
        {
            "time": "07.06.2021 14:15",
            "open": "3.7892",
            "high": "3.7893",
            "low": "3.7892",
            "close": "3.7932"
        },
        {
            "time": "07.06.2021 14:21",
            "open": "3.7932",
            "high": "3.7932",
            "low": "3.7932",
            "close": "3.8072"
        },
        {
            "time": "07.06.2021 14:41",
            "open": "3.8072",
            "high": "3.8072",
            "low": "3.8068",
            "close": "3.814"
        },
        {
            "time": "07.06.2021 15:01",
            "open": "3.814",
            "high": "3.8142",
            "low": "3.814",
            "close": "3.8068"
        },
        {
            "time": "07.06.2021 15:25",
            "open": "3.8068",
            "high": "3.8068",
            "low": "3.8068",
            "close": "3.7945"
        },
        {
            "time": "07.06.2021 15:32",
            "open": "3.7945",
            "high": "3.7945",
            "low": "3.7945",
            "close": "3.7952"
        },
        {
            "time": "07.06.2021 15:43",
            "open": "3.7952",
            "high": "3.796",
            "low": "3.7952",
            "close": "3.8007"
        },
        {
            "time": "07.06.2021 15:52",
            "open": "3.8007",
            "high": "3.8007",
            "low": "3.7948",
            "close": "3.7924"
        },
        {
            "time": "07.06.2021 15:55",
            "open": "3.7924",
            "high": "3.7924",
            "low": "3.7924",
            "close": "3.7845"
        },
        {
            "time": "07.06.2021 15:57",
            "open": "3.7845",
            "high": "3.7864",
            "low": "3.7845",
            "close": "3.7846"
        },
        {
            "time": "07.06.2021 15:58",
            "open": "3.7846",
            "high": "3.7847",
            "low": "3.7846",
            "close": "3.7841"
        },
        {
            "time": "07.06.2021 15:59",
            "open": "3.7841",
            "high": "3.7841",
            "low": "3.7823",
            "close": "3.8045"
        },
        {
            "time": "07.06.2021 16:01",
            "open": "3.8045",
            "high": "3.8045",
            "low": "3.7879",
            "close": "3.7712"
        },
        {
            "time": "07.06.2021 16:03",
            "open": "3.7712",
            "high": "3.7712",
            "low": "3.7626",
            "close": "3.7638"
        },
        {
            "time": "07.06.2021 16:04",
            "open": "3.7638",
            "high": "3.7638",
            "low": "3.76",
            "close": "3.761"
        },
        {
            "time": "07.06.2021 16:05",
            "open": "3.761",
            "high": "3.7611",
            "low": "3.761",
            "close": "3.7631"
        },
        {
            "time": "07.06.2021 16:08",
            "open": "3.7631",
            "high": "3.7631",
            "low": "3.7631",
            "close": "3.7556"
        },
        {
            "time": "07.06.2021 16:17",
            "open": "3.7556",
            "high": "3.7556",
            "low": "3.7553",
            "close": "3.7571"
        },
        {
            "time": "07.06.2021 16:20",
            "open": "3.7571",
            "high": "3.7571",
            "low": "3.7571",
            "close": "3.7484"
        },
        {
            "time": "07.06.2021 16:42",
            "open": "3.7484",
            "high": "3.7484",
            "low": "3.7484",
            "close": "3.7467"
        },
        {
            "time": "07.06.2021 16:43",
            "open": "3.7467",
            "high": "3.7484",
            "low": "3.7467",
            "close": "3.7424"
        },
        {
            "time": "07.06.2021 16:53",
            "open": "3.7424",
            "high": "3.7424",
            "low": "3.7424",
            "close": "3.7627"
        },
        {
            "time": "07.06.2021 16:54",
            "open": "3.7627",
            "high": "3.7646",
            "low": "3.7627",
            "close": "3.7685"
        },
        {
            "time": "07.06.2021 16:55",
            "open": "3.7685",
            "high": "3.7688",
            "low": "3.7667",
            "close": "3.7684"
        },
        {
            "time": "07.06.2021 16:56",
            "open": "3.7684",
            "high": "3.7685",
            "low": "3.7684",
            "close": "3.7431"
        },
        {
            "time": "07.06.2021 16:59",
            "open": "3.7431",
            "high": "3.7431",
            "low": "3.7431",
            "close": "3.7378"
        },
        {
            "time": "07.06.2021 17:14",
            "open": "3.7378",
            "high": "3.7378",
            "low": "3.7378",
            "close": "3.7445"
        },
        {
            "time": "07.06.2021 17:15",
            "open": "3.7445",
            "high": "3.7445",
            "low": "3.7445",
            "close": "3.745"
        },
        {
            "time": "07.06.2021 17:29",
            "open": "3.745",
            "high": "3.745",
            "low": "3.745",
            "close": "3.7384"
        },
        {
            "time": "07.06.2021 17:43",
            "open": "3.7384",
            "high": "3.7384",
            "low": "3.7384",
            "close": "3.7449"
        },
        {
            "time": "07.06.2021 17:54",
            "open": "3.7449",
            "high": "3.7449",
            "low": "3.7449",
            "close": "3.7528"
        },
        {
            "time": "07.06.2021 18:05",
            "open": "3.7528",
            "high": "3.7528",
            "low": "3.7528",
            "close": "3.732"
        },
        {
            "time": "07.06.2021 18:19",
            "open": "3.732",
            "high": "3.7344",
            "low": "3.732",
            "close": "3.7365"
        },
        {
            "time": "07.06.2021 18:21",
            "open": "3.7365",
            "high": "3.7369",
            "low": "3.7365",
            "close": "3.7326"
        },
        {
            "time": "07.06.2021 18:23",
            "open": "3.7326",
            "high": "3.7326",
            "low": "3.7326",
            "close": "3.7331"
        },
        {
            "time": "07.06.2021 18:25",
            "open": "3.7331",
            "high": "3.7331",
            "low": "3.7331",
            "close": "3.7223"
        },
        {
            "time": "07.06.2021 18:28",
            "open": "3.7223",
            "high": "3.7223",
            "low": "3.71",
            "close": "3.7113"
        },
        {
            "time": "07.06.2021 18:36",
            "open": "3.7113",
            "high": "3.7113",
            "low": "3.7113",
            "close": "3.7046"
        },
        {
            "time": "07.06.2021 18:41",
            "open": "3.7046",
            "high": "3.7046",
            "low": "3.7045",
            "close": "3.7082"
        },
        {
            "time": "07.06.2021 18:47",
            "open": "3.7082",
            "high": "3.7123",
            "low": "3.7082",
            "close": "3.7145"
        },
        {
            "time": "07.06.2021 19:02",
            "open": "3.7145",
            "high": "3.7145",
            "low": "3.7082",
            "close": "3.7121"
        },
        {
            "time": "07.06.2021 19:07",
            "open": "3.7121",
            "high": "3.7121",
            "low": "3.71",
            "close": "3.7032"
        },
        {
            "time": "07.06.2021 19:10",
            "open": "3.7032",
            "high": "3.7034",
            "low": "3.7032",
            "close": "3.6984"
        },
        {
            "time": "07.06.2021 19:11",
            "open": "3.6984",
            "high": "3.6984",
            "low": "3.6984",
            "close": "3.7002"
        },
        {
            "time": "07.06.2021 19:12",
            "open": "3.7002",
            "high": "3.7002",
            "low": "3.7002",
            "close": "3.6933"
        },
        {
            "time": "07.06.2021 19:15",
            "open": "3.6933",
            "high": "3.6933",
            "low": "3.6933",
            "close": "3.6824"
        },
        {
            "time": "07.06.2021 19:21",
            "open": "3.6824",
            "high": "3.6824",
            "low": "3.6824",
            "close": "3.6865"
        },
        {
            "time": "07.06.2021 19:22",
            "open": "3.6865",
            "high": "3.6865",
            "low": "3.6865",
            "close": "3.6913"
        },
        {
            "time": "07.06.2021 19:32",
            "open": "3.6913",
            "high": "3.6913",
            "low": "3.6913",
            "close": "3.6464"
        },
        {
            "time": "07.06.2021 20:20",
            "open": "3.6464",
            "high": "3.6464",
            "low": "3.6464",
            "close": "3.6449"
        },
        {
            "time": "07.06.2021 20:21",
            "open": "3.6449",
            "high": "3.6449",
            "low": "3.6449",
            "close": "3.6452"
        },
        {
            "time": "07.06.2021 20:26",
            "open": "3.6452",
            "high": "3.6452",
            "low": "3.6452",
            "close": "3.6456"
        },
        {
            "time": "07.06.2021 20:42",
            "open": "3.6456",
            "high": "3.6456",
            "low": "3.6456",
            "close": "3.6489"
        },
        {
            "time": "07.06.2021 21:29",
            "open": "3.6489",
            "high": "3.6489",
            "low": "3.6442",
            "close": "3.6582"
        },
        {
            "time": "07.06.2021 21:47",
            "open": "3.6582",
            "high": "3.6582",
            "low": "3.6582",
            "close": "3.6591"
        },
        {
            "time": "07.06.2021 22:12",
            "open": "3.6591",
            "high": "3.6591",
            "low": "3.6591",
            "close": "3.6628"
        },
        {
            "time": "07.06.2021 22:31",
            "open": "3.6628",
            "high": "3.6628",
            "low": "3.6628",
            "close": "3.6536"
        },
        {
            "time": "07.06.2021 22:45",
            "open": "3.6536",
            "high": "3.6536",
            "low": "3.6405",
            "close": "3.6404"
        },
        {
            "time": "07.06.2021 22:47",
            "open": "3.6404",
            "high": "3.6404",
            "low": "3.6387",
            "close": "3.6265"
        },
        {
            "time": "07.06.2021 22:49",
            "open": "3.6265",
            "high": "3.6265",
            "low": "3.5958",
            "close": "3.5958"
        },
        {
            "time": "07.06.2021 22:50",
            "open": "3.5958",
            "high": "3.5958",
            "low": "3.5764",
            "close": "3.5895"
        },
        {
            "time": "07.06.2021 22:51",
            "open": "3.5895",
            "high": "3.5927",
            "low": "3.5895",
            "close": "3.5882"
        },
        {
            "time": "07.06.2021 22:55",
            "open": "3.5882",
            "high": "3.5882",
            "low": "3.5882",
            "close": "3.5849"
        },
        {
            "time": "07.06.2021 22:56",
            "open": "3.5849",
            "high": "3.5849",
            "low": "3.5714",
            "close": "3.5739"
        },
        {
            "time": "07.06.2021 22:58",
            "open": "3.5739",
            "high": "3.5739",
            "low": "3.5675",
            "close": "3.5562"
        },
        {
            "time": "07.06.2021 22:59",
            "open": "3.5562",
            "high": "3.5563",
            "low": "3.5501",
            "close": "3.55"
        },
        {
            "time": "07.06.2021 23:08",
            "open": "3.55",
            "high": "3.55",
            "low": "3.55",
            "close": "3.5429"
        },
        {
            "time": "07.06.2021 23:09",
            "open": "3.5429",
            "high": "3.5445",
            "low": "3.5429",
            "close": "3.5445"
        },
        {
            "time": "07.06.2021 23:10",
            "open": "3.5445",
            "high": "3.5445",
            "low": "3.5445",
            "close": "3.5415"
        },
        {
            "time": "07.06.2021 23:11",
            "open": "3.5415",
            "high": "3.5415",
            "low": "3.5415",
            "close": "3.5415"
        },
        {
            "time": "07.06.2021 23:13",
            "open": "3.5415",
            "high": "3.5415",
            "low": "3.5415",
            "close": "3.5"
        },
        {
            "time": "07.06.2021 23:15",
            "open": "3.5",
            "high": "3.5",
            "low": "3.4989",
            "close": "3.5071"
        },
        {
            "time": "07.06.2021 23:19",
            "open": "3.5071",
            "high": "3.5071",
            "low": "3.5071",
            "close": "3.5019"
        },
        {
            "time": "07.06.2021 23:21",
            "open": "3.5019",
            "high": "3.5019",
            "low": "3.5019",
            "close": "3.493"
        },
        {
            "time": "07.06.2021 23:22",
            "open": "3.493",
            "high": "3.493",
            "low": "3.493",
            "close": "3.4863"
        },
        {
            "time": "07.06.2021 23:25",
            "open": "3.4863",
            "high": "3.4863",
            "low": "3.485",
            "close": "3.4804"
        },
        {
            "time": "07.06.2021 23:26",
            "open": "3.4804",
            "high": "3.4804",
            "low": "3.4804",
            "close": "3.4797"
        },
        {
            "time": "07.06.2021 23:27",
            "open": "3.4797",
            "high": "3.4797",
            "low": "3.4797",
            "close": "3.4844"
        },
        {
            "time": "07.06.2021 23:50",
            "open": "3.4844",
            "high": "3.4844",
            "low": "3.4844",
            "close": "3.4884"
        },
        {
            "time": "07.06.2021 23:54",
            "open": "3.4884",
            "high": "3.4884",
            "low": "3.4884",
            "close": "3.494"
        }
    ]
}