{
    "BNT-EUR": [
        {
            "time": "21.04.2021 23:58",
            "open": "5.5629",
            "high": "5.5629",
            "low": "5.5629",
            "close": "5.5629"
        },
        {
            "time": "22.04.2021 00:00",
            "open": "5.5629",
            "high": "5.5629",
            "low": "5.5629",
            "close": "5.606"
        },
        {
            "time": "22.04.2021 00:03",
            "open": "5.606",
            "high": "5.6087",
            "low": "5.606",
            "close": "5.6008"
        },
        {
            "time": "22.04.2021 00:04",
            "open": "5.6008",
            "high": "5.6008",
            "low": "5.6008",
            "close": "5.5978"
        },
        {
            "time": "22.04.2021 00:08",
            "open": "5.5978",
            "high": "5.5978",
            "low": "5.5942",
            "close": "5.5943"
        },
        {
            "time": "22.04.2021 00:11",
            "open": "5.5943",
            "high": "5.5945",
            "low": "5.5943",
            "close": "5.5823"
        },
        {
            "time": "22.04.2021 00:12",
            "open": "5.5823",
            "high": "5.5827",
            "low": "5.5823",
            "close": "5.5953"
        },
        {
            "time": "22.04.2021 00:13",
            "open": "5.5953",
            "high": "5.601",
            "low": "5.5953",
            "close": "5.6272"
        },
        {
            "time": "22.04.2021 00:18",
            "open": "5.6272",
            "high": "5.6272",
            "low": "5.6272",
            "close": "5.6159"
        },
        {
            "time": "22.04.2021 00:21",
            "open": "5.6159",
            "high": "5.6159",
            "low": "5.6159",
            "close": "5.6193"
        },
        {
            "time": "22.04.2021 00:22",
            "open": "5.6193",
            "high": "5.6193",
            "low": "5.6193",
            "close": "5.5748"
        },
        {
            "time": "22.04.2021 00:27",
            "open": "5.5748",
            "high": "5.5748",
            "low": "5.571",
            "close": "5.5957"
        },
        {
            "time": "22.04.2021 00:28",
            "open": "5.5957",
            "high": "5.5984",
            "low": "5.5957",
            "close": "5.5713"
        },
        {
            "time": "22.04.2021 00:30",
            "open": "5.5713",
            "high": "5.5713",
            "low": "5.5713",
            "close": "5.5691"
        },
        {
            "time": "22.04.2021 00:32",
            "open": "5.5691",
            "high": "5.5691",
            "low": "5.5691",
            "close": "5.56"
        },
        {
            "time": "22.04.2021 00:33",
            "open": "5.56",
            "high": "5.56",
            "low": "5.5545",
            "close": "5.5392"
        },
        {
            "time": "22.04.2021 00:35",
            "open": "5.5392",
            "high": "5.5392",
            "low": "5.5392",
            "close": "5.54"
        },
        {
            "time": "22.04.2021 00:36",
            "open": "5.54",
            "high": "5.54",
            "low": "5.54",
            "close": "5.54"
        },
        {
            "time": "22.04.2021 00:38",
            "open": "5.54",
            "high": "5.54",
            "low": "5.5333",
            "close": "5.5192"
        },
        {
            "time": "22.04.2021 00:40",
            "open": "5.5192",
            "high": "5.5192",
            "low": "5.5192",
            "close": "5.5"
        },
        {
            "time": "22.04.2021 00:42",
            "open": "5.5",
            "high": "5.5026",
            "low": "5.499",
            "close": "5.519"
        },
        {
            "time": "22.04.2021 00:44",
            "open": "5.519",
            "high": "5.519",
            "low": "5.519",
            "close": "5.4814"
        },
        {
            "time": "22.04.2021 00:45",
            "open": "5.4814",
            "high": "5.4852",
            "low": "5.4796",
            "close": "5.4866"
        },
        {
            "time": "22.04.2021 00:47",
            "open": "5.4866",
            "high": "5.49",
            "low": "5.4866",
            "close": "5.5004"
        },
        {
            "time": "22.04.2021 00:48",
            "open": "5.5004",
            "high": "5.5004",
            "low": "5.5004",
            "close": "5.5"
        },
        {
            "time": "22.04.2021 00:49",
            "open": "5.5",
            "high": "5.5",
            "low": "5.5",
            "close": "5.5167"
        },
        {
            "time": "22.04.2021 00:50",
            "open": "5.5167",
            "high": "5.5192",
            "low": "5.5167",
            "close": "5.5136"
        },
        {
            "time": "22.04.2021 00:59",
            "open": "5.5136",
            "high": "5.5136",
            "low": "5.5136",
            "close": "5.5009"
        },
        {
            "time": "22.04.2021 01:00",
            "open": "5.5009",
            "high": "5.5009",
            "low": "5.4958",
            "close": "5.52"
        },
        {
            "time": "22.04.2021 01:03",
            "open": "5.52",
            "high": "5.5328",
            "low": "5.52",
            "close": "5.5339"
        },
        {
            "time": "22.04.2021 01:04",
            "open": "5.5339",
            "high": "5.5339",
            "low": "5.5261",
            "close": "5.4715"
        },
        {
            "time": "22.04.2021 01:09",
            "open": "5.4715",
            "high": "5.4715",
            "low": "5.4694",
            "close": "5.4585"
        },
        {
            "time": "22.04.2021 01:11",
            "open": "5.4585",
            "high": "5.4585",
            "low": "5.4507",
            "close": "5.45"
        },
        {
            "time": "22.04.2021 01:12",
            "open": "5.45",
            "high": "5.45",
            "low": "5.45",
            "close": "5.4536"
        },
        {
            "time": "22.04.2021 01:13",
            "open": "5.4536",
            "high": "5.4537",
            "low": "5.4536",
            "close": "5.45"
        },
        {
            "time": "22.04.2021 01:14",
            "open": "5.45",
            "high": "5.45",
            "low": "5.45",
            "close": "5.465"
        },
        {
            "time": "22.04.2021 01:15",
            "open": "5.465",
            "high": "5.4711",
            "low": "5.465",
            "close": "5.4614"
        },
        {
            "time": "22.04.2021 01:16",
            "open": "5.4614",
            "high": "5.4614",
            "low": "5.4614",
            "close": "5.4684"
        },
        {
            "time": "22.04.2021 01:19",
            "open": "5.4684",
            "high": "5.4684",
            "low": "5.4684",
            "close": "5.4588"
        },
        {
            "time": "22.04.2021 01:20",
            "open": "5.4588",
            "high": "5.4588",
            "low": "5.4588",
            "close": "5.46"
        },
        {
            "time": "22.04.2021 01:21",
            "open": "5.46",
            "high": "5.46",
            "low": "5.46",
            "close": "5.4599"
        },
        {
            "time": "22.04.2021 01:22",
            "open": "5.4599",
            "high": "5.4599",
            "low": "5.4587",
            "close": "5.4684"
        },
        {
            "time": "22.04.2021 01:25",
            "open": "5.4684",
            "high": "5.4798",
            "low": "5.4684",
            "close": "5.4869"
        },
        {
            "time": "22.04.2021 01:27",
            "open": "5.4869",
            "high": "5.4869",
            "low": "5.4837",
            "close": "5.5142"
        },
        {
            "time": "22.04.2021 01:34",
            "open": "5.5142",
            "high": "5.5193",
            "low": "5.5142",
            "close": "5.5277"
        },
        {
            "time": "22.04.2021 01:35",
            "open": "5.5277",
            "high": "5.5305",
            "low": "5.5277",
            "close": "5.5252"
        },
        {
            "time": "22.04.2021 01:37",
            "open": "5.5252",
            "high": "5.5252",
            "low": "5.5252",
            "close": "5.5272"
        },
        {
            "time": "22.04.2021 01:47",
            "open": "5.5272",
            "high": "5.5287",
            "low": "5.5272",
            "close": "5.486"
        },
        {
            "time": "22.04.2021 01:54",
            "open": "5.486",
            "high": "5.4878",
            "low": "5.486",
            "close": "5.4828"
        },
        {
            "time": "22.04.2021 01:55",
            "open": "5.4828",
            "high": "5.4845",
            "low": "5.4828",
            "close": "5.4807"
        },
        {
            "time": "22.04.2021 01:56",
            "open": "5.4807",
            "high": "5.4807",
            "low": "5.4789",
            "close": "5.4787"
        },
        {
            "time": "22.04.2021 01:58",
            "open": "5.4787",
            "high": "5.4787",
            "low": "5.4772",
            "close": "5.45"
        },
        {
            "time": "22.04.2021 02:05",
            "open": "5.45",
            "high": "5.4501",
            "low": "5.45",
            "close": "5.45"
        },
        {
            "time": "22.04.2021 02:06",
            "open": "5.45",
            "high": "5.4681",
            "low": "5.4491",
            "close": "5.4681"
        },
        {
            "time": "22.04.2021 02:07",
            "open": "5.4681",
            "high": "5.4681",
            "low": "5.4337",
            "close": "5.428"
        },
        {
            "time": "22.04.2021 02:08",
            "open": "5.428",
            "high": "5.4331",
            "low": "5.428",
            "close": "5.42"
        },
        {
            "time": "22.04.2021 02:09",
            "open": "5.42",
            "high": "5.42",
            "low": "5.4044",
            "close": "5.4224"
        },
        {
            "time": "22.04.2021 02:10",
            "open": "5.4224",
            "high": "5.4224",
            "low": "5.4186",
            "close": "5.4185"
        },
        {
            "time": "22.04.2021 02:11",
            "open": "5.4185",
            "high": "5.4191",
            "low": "5.4185",
            "close": "5.4"
        },
        {
            "time": "22.04.2021 02:12",
            "open": "5.4",
            "high": "5.4098",
            "low": "5.3962",
            "close": "5.4291"
        },
        {
            "time": "22.04.2021 02:13",
            "open": "5.4291",
            "high": "5.4484",
            "low": "5.4291",
            "close": "5.4372"
        },
        {
            "time": "22.04.2021 02:14",
            "open": "5.4372",
            "high": "5.438",
            "low": "5.4372",
            "close": "5.4589"
        },
        {
            "time": "22.04.2021 02:19",
            "open": "5.4589",
            "high": "5.4589",
            "low": "5.4589",
            "close": "5.4667"
        },
        {
            "time": "22.04.2021 02:21",
            "open": "5.4667",
            "high": "5.4667",
            "low": "5.4658",
            "close": "5.4674"
        },
        {
            "time": "22.04.2021 02:24",
            "open": "5.4674",
            "high": "5.4674",
            "low": "5.4596",
            "close": "5.5088"
        },
        {
            "time": "22.04.2021 02:31",
            "open": "5.5088",
            "high": "5.511",
            "low": "5.5088",
            "close": "5.5202"
        },
        {
            "time": "22.04.2021 02:38",
            "open": "5.5202",
            "high": "5.5202",
            "low": "5.5202",
            "close": "5.5219"
        },
        {
            "time": "22.04.2021 02:39",
            "open": "5.5219",
            "high": "5.5261",
            "low": "5.5219",
            "close": "5.5314"
        },
        {
            "time": "22.04.2021 02:49",
            "open": "5.5314",
            "high": "5.5327",
            "low": "5.5314",
            "close": "5.5363"
        },
        {
            "time": "22.04.2021 02:50",
            "open": "5.5363",
            "high": "5.5377",
            "low": "5.5363",
            "close": "5.5531"
        },
        {
            "time": "22.04.2021 02:53",
            "open": "5.5531",
            "high": "5.558",
            "low": "5.5531",
            "close": "5.5558"
        },
        {
            "time": "22.04.2021 02:54",
            "open": "5.5558",
            "high": "5.5558",
            "low": "5.5539",
            "close": "5.5516"
        },
        {
            "time": "22.04.2021 02:57",
            "open": "5.5516",
            "high": "5.5534",
            "low": "5.544",
            "close": "5.5401"
        },
        {
            "time": "22.04.2021 02:58",
            "open": "5.5401",
            "high": "5.5401",
            "low": "5.5401",
            "close": "5.5614"
        },
        {
            "time": "22.04.2021 03:04",
            "open": "5.5614",
            "high": "5.5614",
            "low": "5.5591",
            "close": "5.5736"
        },
        {
            "time": "22.04.2021 03:08",
            "open": "5.5736",
            "high": "5.5736",
            "low": "5.5736",
            "close": "5.5913"
        },
        {
            "time": "22.04.2021 03:12",
            "open": "5.5913",
            "high": "5.5913",
            "low": "5.5913",
            "close": "5.6038"
        },
        {
            "time": "22.04.2021 03:15",
            "open": "5.6038",
            "high": "5.6038",
            "low": "5.6038",
            "close": "5.6167"
        },
        {
            "time": "22.04.2021 03:18",
            "open": "5.6167",
            "high": "5.6167",
            "low": "5.6117",
            "close": "5.6028"
        },
        {
            "time": "22.04.2021 03:31",
            "open": "5.6028",
            "high": "5.6028",
            "low": "5.6028",
            "close": "5.4932"
        },
        {
            "time": "22.04.2021 04:05",
            "open": "5.4932",
            "high": "5.4994",
            "low": "5.4932",
            "close": "5.4637"
        },
        {
            "time": "22.04.2021 04:08",
            "open": "5.4637",
            "high": "5.4637",
            "low": "5.4637",
            "close": "5.454"
        },
        {
            "time": "22.04.2021 04:09",
            "open": "5.4442",
            "high": "5.4442",
            "low": "5.4442",
            "close": "5.4318"
        },
        {
            "time": "22.04.2021 04:10",
            "open": "5.4318",
            "high": "5.4318",
            "low": "5.4318",
            "close": "5.4596"
        },
        {
            "time": "22.04.2021 04:13",
            "open": "5.4596",
            "high": "5.4596",
            "low": "5.4596",
            "close": "5.4547"
        },
        {
            "time": "22.04.2021 04:14",
            "open": "5.4547",
            "high": "5.4547",
            "low": "5.4547",
            "close": "5.4833"
        },
        {
            "time": "22.04.2021 04:16",
            "open": "5.4833",
            "high": "5.4833",
            "low": "5.4833",
            "close": "5.4293"
        },
        {
            "time": "22.04.2021 04:20",
            "open": "5.4293",
            "high": "5.4293",
            "low": "5.4215",
            "close": "5.4215"
        },
        {
            "time": "22.04.2021 04:21",
            "open": "5.4215",
            "high": "5.4215",
            "low": "5.4215",
            "close": "5.4662"
        },
        {
            "time": "22.04.2021 04:27",
            "open": "5.4662",
            "high": "5.4662",
            "low": "5.4505",
            "close": "5.4924"
        },
        {
            "time": "22.04.2021 04:30",
            "open": "5.4924",
            "high": "5.4924",
            "low": "5.4896",
            "close": "5.4829"
        },
        {
            "time": "22.04.2021 04:31",
            "open": "5.4829",
            "high": "5.4855",
            "low": "5.4829",
            "close": "5.5098"
        },
        {
            "time": "22.04.2021 04:37",
            "open": "5.5098",
            "high": "5.5098",
            "low": "5.5089",
            "close": "5.4987"
        },
        {
            "time": "22.04.2021 04:40",
            "open": "5.4987",
            "high": "5.4987",
            "low": "5.4987",
            "close": "5.5022"
        },
        {
            "time": "22.04.2021 04:41",
            "open": "5.5022",
            "high": "5.5022",
            "low": "5.5022",
            "close": "5.5137"
        },
        {
            "time": "22.04.2021 04:59",
            "open": "5.5137",
            "high": "5.5137",
            "low": "5.5137",
            "close": "5.5087"
        },
        {
            "time": "22.04.2021 05:01",
            "open": "5.5087",
            "high": "5.5201",
            "low": "5.5087",
            "close": "5.5333"
        },
        {
            "time": "22.04.2021 05:03",
            "open": "5.5333",
            "high": "5.5333",
            "low": "5.5193",
            "close": "5.5342"
        },
        {
            "time": "22.04.2021 05:17",
            "open": "5.5342",
            "high": "5.5342",
            "low": "5.5342",
            "close": "5.5522"
        },
        {
            "time": "22.04.2021 05:22",
            "open": "5.5522",
            "high": "5.5522",
            "low": "5.5522",
            "close": "5.5224"
        },
        {
            "time": "22.04.2021 05:30",
            "open": "5.5224",
            "high": "5.5224",
            "low": "5.5183",
            "close": "5.5128"
        },
        {
            "time": "22.04.2021 05:32",
            "open": "5.5128",
            "high": "5.5128",
            "low": "5.5082",
            "close": "5.5067"
        },
        {
            "time": "22.04.2021 05:34",
            "open": "5.5067",
            "high": "5.5067",
            "low": "5.5067",
            "close": "5.5037"
        },
        {
            "time": "22.04.2021 05:36",
            "open": "5.5037",
            "high": "5.5037",
            "low": "5.5037",
            "close": "5.4884"
        },
        {
            "time": "22.04.2021 05:38",
            "open": "5.4884",
            "high": "5.4884",
            "low": "5.4884",
            "close": "5.4837"
        },
        {
            "time": "22.04.2021 05:40",
            "open": "5.4837",
            "high": "5.4837",
            "low": "5.4837",
            "close": "5.4966"
        },
        {
            "time": "22.04.2021 05:41",
            "open": "5.4966",
            "high": "5.4966",
            "low": "5.4966",
            "close": "5.4975"
        },
        {
            "time": "22.04.2021 05:43",
            "open": "5.4975",
            "high": "5.4975",
            "low": "5.4975",
            "close": "5.4808"
        },
        {
            "time": "22.04.2021 05:44",
            "open": "5.4808",
            "high": "5.4808",
            "low": "5.4808",
            "close": "5.4733"
        },
        {
            "time": "22.04.2021 05:46",
            "open": "5.4733",
            "high": "5.4733",
            "low": "5.4733",
            "close": "5.5247"
        },
        {
            "time": "22.04.2021 06:03",
            "open": "5.5247",
            "high": "5.5247",
            "low": "5.5247",
            "close": "5.5152"
        },
        {
            "time": "22.04.2021 06:05",
            "open": "5.5152",
            "high": "5.5152",
            "low": "5.5152",
            "close": "5.535"
        },
        {
            "time": "22.04.2021 06:16",
            "open": "5.535",
            "high": "5.535",
            "low": "5.535",
            "close": "5.5298"
        },
        {
            "time": "22.04.2021 06:17",
            "open": "5.5298",
            "high": "5.5311",
            "low": "5.5298",
            "close": "5.5288"
        },
        {
            "time": "22.04.2021 06:18",
            "open": "5.5288",
            "high": "5.5288",
            "low": "5.5288",
            "close": "5.5242"
        },
        {
            "time": "22.04.2021 06:19",
            "open": "5.5242",
            "high": "5.5242",
            "low": "5.5242",
            "close": "5.5413"
        },
        {
            "time": "22.04.2021 06:20",
            "open": "5.5413",
            "high": "5.5413",
            "low": "5.5413",
            "close": "5.5455"
        },
        {
            "time": "22.04.2021 06:21",
            "open": "5.5455",
            "high": "5.5492",
            "low": "5.5455",
            "close": "5.5414"
        },
        {
            "time": "22.04.2021 06:23",
            "open": "5.5414",
            "high": "5.5415",
            "low": "5.5414",
            "close": "5.5534"
        },
        {
            "time": "22.04.2021 06:24",
            "open": "5.5534",
            "high": "5.5534",
            "low": "5.5534",
            "close": "5.5524"
        },
        {
            "time": "22.04.2021 06:26",
            "open": "5.5524",
            "high": "5.5546",
            "low": "5.5495",
            "close": "5.5515"
        },
        {
            "time": "22.04.2021 06:27",
            "open": "5.5515",
            "high": "5.5546",
            "low": "5.5515",
            "close": "5.5623"
        },
        {
            "time": "22.04.2021 06:28",
            "open": "5.5623",
            "high": "5.5623",
            "low": "5.5621",
            "close": "5.5676"
        },
        {
            "time": "22.04.2021 06:30",
            "open": "5.5676",
            "high": "5.5676",
            "low": "5.5676",
            "close": "5.574"
        },
        {
            "time": "22.04.2021 06:33",
            "open": "5.574",
            "high": "5.5756",
            "low": "5.5598",
            "close": "5.5543"
        },
        {
            "time": "22.04.2021 06:35",
            "open": "5.5543",
            "high": "5.5665",
            "low": "5.5543",
            "close": "5.5524"
        },
        {
            "time": "22.04.2021 06:38",
            "open": "5.5524",
            "high": "5.5525",
            "low": "5.5524",
            "close": "5.544"
        },
        {
            "time": "22.04.2021 06:39",
            "open": "5.544",
            "high": "5.5443",
            "low": "5.543",
            "close": "5.5453"
        },
        {
            "time": "22.04.2021 06:41",
            "open": "5.5453",
            "high": "5.5508",
            "low": "5.5453",
            "close": "5.5348"
        },
        {
            "time": "22.04.2021 06:44",
            "open": "5.5348",
            "high": "5.5348",
            "low": "5.5348",
            "close": "5.5528"
        },
        {
            "time": "22.04.2021 06:50",
            "open": "5.5528",
            "high": "5.5528",
            "low": "5.5524",
            "close": "5.5892"
        },
        {
            "time": "22.04.2021 06:53",
            "open": "5.5892",
            "high": "5.5908",
            "low": "5.5892",
            "close": "5.5898"
        },
        {
            "time": "22.04.2021 06:55",
            "open": "5.5898",
            "high": "5.5908",
            "low": "5.5898",
            "close": "5.5908"
        },
        {
            "time": "22.04.2021 06:56",
            "open": "5.5908",
            "high": "5.5908",
            "low": "5.5744",
            "close": "5.5817"
        },
        {
            "time": "22.04.2021 06:57",
            "open": "5.5817",
            "high": "5.5819",
            "low": "5.5672",
            "close": "5.5856"
        },
        {
            "time": "22.04.2021 06:59",
            "open": "5.5856",
            "high": "5.5856",
            "low": "5.5856",
            "close": "5.5856"
        },
        {
            "time": "22.04.2021 07:00",
            "open": "5.5856",
            "high": "5.5868",
            "low": "5.5856",
            "close": "5.5775"
        },
        {
            "time": "22.04.2021 07:05",
            "open": "5.5775",
            "high": "5.5799",
            "low": "5.5706",
            "close": "5.5798"
        },
        {
            "time": "22.04.2021 07:12",
            "open": "5.5798",
            "high": "5.5798",
            "low": "5.5798",
            "close": "5.5839"
        },
        {
            "time": "22.04.2021 07:16",
            "open": "5.5839",
            "high": "5.5842",
            "low": "5.5839",
            "close": "5.5711"
        },
        {
            "time": "22.04.2021 07:17",
            "open": "5.5711",
            "high": "5.5711",
            "low": "5.568",
            "close": "5.5598"
        },
        {
            "time": "22.04.2021 07:20",
            "open": "5.5598",
            "high": "5.5622",
            "low": "5.5598",
            "close": "5.5622"
        },
        {
            "time": "22.04.2021 07:21",
            "open": "5.5622",
            "high": "5.5622",
            "low": "5.5622",
            "close": "5.5918"
        },
        {
            "time": "22.04.2021 07:41",
            "open": "5.5918",
            "high": "5.5918",
            "low": "5.5918",
            "close": "5.5734"
        },
        {
            "time": "22.04.2021 07:46",
            "open": "5.5734",
            "high": "5.5734",
            "low": "5.5699",
            "close": "5.5765"
        },
        {
            "time": "22.04.2021 07:47",
            "open": "5.5765",
            "high": "5.5765",
            "low": "5.5745",
            "close": "5.6238"
        },
        {
            "time": "22.04.2021 07:53",
            "open": "5.6238",
            "high": "5.6249",
            "low": "5.6238",
            "close": "5.6326"
        },
        {
            "time": "22.04.2021 07:57",
            "open": "5.6326",
            "high": "5.6354",
            "low": "5.6326",
            "close": "5.6367"
        },
        {
            "time": "22.04.2021 07:59",
            "open": "5.6367",
            "high": "5.6367",
            "low": "5.6367",
            "close": "5.6444"
        },
        {
            "time": "22.04.2021 08:02",
            "open": "5.6444",
            "high": "5.6546",
            "low": "5.6358",
            "close": "5.6323"
        },
        {
            "time": "22.04.2021 08:05",
            "open": "5.6323",
            "high": "5.6323",
            "low": "5.6321",
            "close": "5.6572"
        },
        {
            "time": "22.04.2021 08:11",
            "open": "5.6572",
            "high": "5.6572",
            "low": "5.6572",
            "close": "5.6571"
        },
        {
            "time": "22.04.2021 08:15",
            "open": "5.6571",
            "high": "5.6603",
            "low": "5.6571",
            "close": "5.6672"
        },
        {
            "time": "22.04.2021 08:16",
            "open": "5.6672",
            "high": "5.6743",
            "low": "5.6672",
            "close": "5.6751"
        },
        {
            "time": "22.04.2021 08:18",
            "open": "5.6751",
            "high": "5.6753",
            "low": "5.6751",
            "close": "5.6687"
        },
        {
            "time": "22.04.2021 08:19",
            "open": "5.6687",
            "high": "5.6687",
            "low": "5.6687",
            "close": "5.6578"
        },
        {
            "time": "22.04.2021 08:22",
            "open": "5.6578",
            "high": "5.6639",
            "low": "5.6578",
            "close": "5.6715"
        },
        {
            "time": "22.04.2021 08:24",
            "open": "5.6715",
            "high": "5.6779",
            "low": "5.6715",
            "close": "5.6703"
        },
        {
            "time": "22.04.2021 08:25",
            "open": "5.6703",
            "high": "5.6751",
            "low": "5.661",
            "close": "5.6498"
        },
        {
            "time": "22.04.2021 08:26",
            "open": "5.6498",
            "high": "5.6498",
            "low": "5.648",
            "close": "5.6487"
        },
        {
            "time": "22.04.2021 08:29",
            "open": "5.6487",
            "high": "5.6487",
            "low": "5.6487",
            "close": "5.6329"
        },
        {
            "time": "22.04.2021 08:34",
            "open": "5.6329",
            "high": "5.6329",
            "low": "5.6329",
            "close": "5.6277"
        },
        {
            "time": "22.04.2021 08:35",
            "open": "5.6277",
            "high": "5.6278",
            "low": "5.6277",
            "close": "5.6423"
        },
        {
            "time": "22.04.2021 08:44",
            "open": "5.6423",
            "high": "5.6423",
            "low": "5.6423",
            "close": "5.6376"
        },
        {
            "time": "22.04.2021 08:45",
            "open": "5.6376",
            "high": "5.6376",
            "low": "5.6376",
            "close": "5.6405"
        },
        {
            "time": "22.04.2021 08:52",
            "open": "5.6405",
            "high": "5.6405",
            "low": "5.6405",
            "close": "5.6443"
        },
        {
            "time": "22.04.2021 09:00",
            "open": "5.6443",
            "high": "5.6443",
            "low": "5.6443",
            "close": "5.6443"
        },
        {
            "time": "22.04.2021 09:05",
            "open": "5.6443",
            "high": "5.6443",
            "low": "5.6443",
            "close": "5.5982"
        },
        {
            "time": "22.04.2021 09:12",
            "open": "5.5982",
            "high": "5.5982",
            "low": "5.5982",
            "close": "5.5915"
        },
        {
            "time": "22.04.2021 09:20",
            "open": "5.5915",
            "high": "5.5915",
            "low": "5.5915",
            "close": "5.5927"
        },
        {
            "time": "22.04.2021 09:22",
            "open": "5.5927",
            "high": "5.5937",
            "low": "5.5927",
            "close": "5.6273"
        },
        {
            "time": "22.04.2021 09:31",
            "open": "5.6273",
            "high": "5.6273",
            "low": "5.6248",
            "close": "5.6179"
        },
        {
            "time": "22.04.2021 09:33",
            "open": "5.6179",
            "high": "5.6179",
            "low": "5.6179",
            "close": "5.6277"
        },
        {
            "time": "22.04.2021 09:34",
            "open": "5.6277",
            "high": "5.6291",
            "low": "5.6228",
            "close": "5.6174"
        },
        {
            "time": "22.04.2021 09:45",
            "open": "5.6174",
            "high": "5.6174",
            "low": "5.6174",
            "close": "5.6174"
        },
        {
            "time": "22.04.2021 09:48",
            "open": "5.6174",
            "high": "5.6174",
            "low": "5.6174",
            "close": "5.58"
        },
        {
            "time": "22.04.2021 10:06",
            "open": "5.58",
            "high": "5.58",
            "low": "5.58",
            "close": "5.568"
        },
        {
            "time": "22.04.2021 10:07",
            "open": "5.568",
            "high": "5.568",
            "low": "5.568",
            "close": "5.548"
        },
        {
            "time": "22.04.2021 10:09",
            "open": "5.548",
            "high": "5.548",
            "low": "5.548",
            "close": "5.5628"
        },
        {
            "time": "22.04.2021 10:13",
            "open": "5.5628",
            "high": "5.5628",
            "low": "5.5628",
            "close": "5.5438"
        },
        {
            "time": "22.04.2021 10:17",
            "open": "5.5438",
            "high": "5.5438",
            "low": "5.5438",
            "close": "5.5626"
        },
        {
            "time": "22.04.2021 10:23",
            "open": "5.5626",
            "high": "5.5626",
            "low": "5.5626",
            "close": "5.5344"
        },
        {
            "time": "22.04.2021 10:24",
            "open": "5.5344",
            "high": "5.5369",
            "low": "5.5344",
            "close": "5.522"
        },
        {
            "time": "22.04.2021 10:25",
            "open": "5.522",
            "high": "5.522",
            "low": "5.522",
            "close": "5.5215"
        },
        {
            "time": "22.04.2021 10:27",
            "open": "5.5215",
            "high": "5.5215",
            "low": "5.5215",
            "close": "5.5471"
        },
        {
            "time": "22.04.2021 10:32",
            "open": "5.5471",
            "high": "5.5608",
            "low": "5.5471",
            "close": "5.5393"
        },
        {
            "time": "22.04.2021 10:35",
            "open": "5.5393",
            "high": "5.5393",
            "low": "5.5393",
            "close": "5.5407"
        },
        {
            "time": "22.04.2021 10:36",
            "open": "5.5407",
            "high": "5.5407",
            "low": "5.5404",
            "close": "5.5517"
        },
        {
            "time": "22.04.2021 10:37",
            "open": "5.5517",
            "high": "5.5517",
            "low": "5.5516",
            "close": "5.522"
        },
        {
            "time": "22.04.2021 10:42",
            "open": "5.522",
            "high": "5.522",
            "low": "5.521",
            "close": "5.5211"
        },
        {
            "time": "22.04.2021 10:43",
            "open": "5.5211",
            "high": "5.5212",
            "low": "5.5211",
            "close": "5.5"
        },
        {
            "time": "22.04.2021 10:44",
            "open": "5.5",
            "high": "5.5",
            "low": "5.5",
            "close": "5.4854"
        },
        {
            "time": "22.04.2021 10:45",
            "open": "5.4854",
            "high": "5.4854",
            "low": "5.4853",
            "close": "5.5332"
        },
        {
            "time": "22.04.2021 10:49",
            "open": "5.5332",
            "high": "5.5334",
            "low": "5.5332",
            "close": "5.5181"
        },
        {
            "time": "22.04.2021 10:50",
            "open": "5.5181",
            "high": "5.5181",
            "low": "5.517",
            "close": "5.494"
        },
        {
            "time": "22.04.2021 10:56",
            "open": "5.494",
            "high": "5.4947",
            "low": "5.494",
            "close": "5.5343"
        },
        {
            "time": "22.04.2021 10:59",
            "open": "5.5343",
            "high": "5.5411",
            "low": "5.5343",
            "close": "5.5366"
        },
        {
            "time": "22.04.2021 11:04",
            "open": "5.5366",
            "high": "5.5467",
            "low": "5.5366",
            "close": "5.5281"
        },
        {
            "time": "22.04.2021 11:06",
            "open": "5.5281",
            "high": "5.5281",
            "low": "5.5121",
            "close": "5.5191"
        },
        {
            "time": "22.04.2021 11:07",
            "open": "5.5191",
            "high": "5.5191",
            "low": "5.5191",
            "close": "5.5257"
        },
        {
            "time": "22.04.2021 11:09",
            "open": "5.5257",
            "high": "5.5287",
            "low": "5.5257",
            "close": "5.5173"
        },
        {
            "time": "22.04.2021 11:10",
            "open": "5.5173",
            "high": "5.5173",
            "low": "5.5173",
            "close": "5.5128"
        },
        {
            "time": "22.04.2021 11:11",
            "open": "5.5128",
            "high": "5.5128",
            "low": "5.5128",
            "close": "5.5121"
        },
        {
            "time": "22.04.2021 11:16",
            "open": "5.5121",
            "high": "5.5121",
            "low": "5.5121",
            "close": "5.5624"
        },
        {
            "time": "22.04.2021 11:17",
            "open": "5.5624",
            "high": "5.5625",
            "low": "5.5624",
            "close": "5.5638"
        },
        {
            "time": "22.04.2021 11:18",
            "open": "5.5638",
            "high": "5.5638",
            "low": "5.5638",
            "close": "5.5702"
        },
        {
            "time": "22.04.2021 11:20",
            "open": "5.5702",
            "high": "5.5726",
            "low": "5.5675",
            "close": "5.5661"
        },
        {
            "time": "22.04.2021 11:21",
            "open": "5.5661",
            "high": "5.5661",
            "low": "5.5636",
            "close": "5.5677"
        },
        {
            "time": "22.04.2021 11:25",
            "open": "5.5677",
            "high": "5.5677",
            "low": "5.5677",
            "close": "5.5677"
        },
        {
            "time": "22.04.2021 11:26",
            "open": "5.5677",
            "high": "5.5677",
            "low": "5.5677",
            "close": "5.5695"
        },
        {
            "time": "22.04.2021 11:31",
            "open": "5.5695",
            "high": "5.5695",
            "low": "5.5695",
            "close": "5.591"
        },
        {
            "time": "22.04.2021 11:34",
            "open": "5.591",
            "high": "5.6128",
            "low": "5.591",
            "close": "5.6223"
        },
        {
            "time": "22.04.2021 11:39",
            "open": "5.6223",
            "high": "5.6223",
            "low": "5.6223",
            "close": "5.6068"
        },
        {
            "time": "22.04.2021 11:47",
            "open": "5.6068",
            "high": "5.6068",
            "low": "5.6068",
            "close": "5.6174"
        },
        {
            "time": "22.04.2021 11:51",
            "open": "5.6174",
            "high": "5.6174",
            "low": "5.6174",
            "close": "5.6222"
        },
        {
            "time": "22.04.2021 11:52",
            "open": "5.6222",
            "high": "5.6222",
            "low": "5.6151",
            "close": "5.63"
        },
        {
            "time": "22.04.2021 11:56",
            "open": "5.63",
            "high": "5.63",
            "low": "5.63",
            "close": "5.6187"
        },
        {
            "time": "22.04.2021 12:05",
            "open": "5.6187",
            "high": "5.6192",
            "low": "5.6187",
            "close": "5.6236"
        },
        {
            "time": "22.04.2021 12:11",
            "open": "5.6236",
            "high": "5.6236",
            "low": "5.6191",
            "close": "5.6236"
        },
        {
            "time": "22.04.2021 12:13",
            "open": "5.6236",
            "high": "5.6236",
            "low": "5.6236",
            "close": "5.6349"
        },
        {
            "time": "22.04.2021 12:14",
            "open": "5.6349",
            "high": "5.6349",
            "low": "5.6349",
            "close": "5.6327"
        },
        {
            "time": "22.04.2021 12:15",
            "open": "5.6327",
            "high": "5.6448",
            "low": "5.6327",
            "close": "5.6359"
        },
        {
            "time": "22.04.2021 12:16",
            "open": "5.6359",
            "high": "5.6359",
            "low": "5.6359",
            "close": "5.6458"
        },
        {
            "time": "22.04.2021 12:23",
            "open": "5.6458",
            "high": "5.6758",
            "low": "5.6221",
            "close": "5.6307"
        },
        {
            "time": "22.04.2021 12:27",
            "open": "5.6307",
            "high": "5.6308",
            "low": "5.6307",
            "close": "5.6242"
        },
        {
            "time": "22.04.2021 12:32",
            "open": "5.6242",
            "high": "5.6242",
            "low": "5.624",
            "close": "5.6277"
        },
        {
            "time": "22.04.2021 12:36",
            "open": "5.6277",
            "high": "5.6277",
            "low": "5.6277",
            "close": "5.6437"
        },
        {
            "time": "22.04.2021 12:46",
            "open": "5.6437",
            "high": "5.6437",
            "low": "5.6437",
            "close": "5.643"
        },
        {
            "time": "22.04.2021 12:47",
            "open": "5.643",
            "high": "5.643",
            "low": "5.6191",
            "close": "5.637"
        },
        {
            "time": "22.04.2021 12:49",
            "open": "5.637",
            "high": "5.637",
            "low": "5.637",
            "close": "5.6442"
        },
        {
            "time": "22.04.2021 12:50",
            "open": "5.6442",
            "high": "5.6444",
            "low": "5.6442",
            "close": "5.644"
        },
        {
            "time": "22.04.2021 12:53",
            "open": "5.644",
            "high": "5.644",
            "low": "5.6434",
            "close": "5.6488"
        },
        {
            "time": "22.04.2021 12:59",
            "open": "5.6488",
            "high": "5.6488",
            "low": "5.6488",
            "close": "5.6572"
        },
        {
            "time": "22.04.2021 13:01",
            "open": "5.6572",
            "high": "5.6572",
            "low": "5.6572",
            "close": "5.6587"
        },
        {
            "time": "22.04.2021 13:05",
            "open": "5.6587",
            "high": "5.6587",
            "low": "5.6458",
            "close": "5.6444"
        },
        {
            "time": "22.04.2021 13:09",
            "open": "5.6444",
            "high": "5.6445",
            "low": "5.6444",
            "close": "5.6691"
        },
        {
            "time": "22.04.2021 13:13",
            "open": "5.6691",
            "high": "5.6824",
            "low": "5.6691",
            "close": "5.6714"
        },
        {
            "time": "22.04.2021 13:14",
            "open": "5.6714",
            "high": "5.6714",
            "low": "5.6321",
            "close": "5.669"
        },
        {
            "time": "22.04.2021 13:15",
            "open": "5.669",
            "high": "5.6928",
            "low": "5.669",
            "close": "5.6892"
        },
        {
            "time": "22.04.2021 13:16",
            "open": "5.6892",
            "high": "5.71",
            "low": "5.6892",
            "close": "5.7062"
        },
        {
            "time": "22.04.2021 13:17",
            "open": "5.7062",
            "high": "5.7062",
            "low": "5.6854",
            "close": "5.705"
        },
        {
            "time": "22.04.2021 13:18",
            "open": "5.705",
            "high": "5.705",
            "low": "5.705",
            "close": "5.6986"
        },
        {
            "time": "22.04.2021 13:19",
            "open": "5.6986",
            "high": "5.6986",
            "low": "5.6986",
            "close": "5.7022"
        },
        {
            "time": "22.04.2021 13:20",
            "open": "5.7022",
            "high": "5.7022",
            "low": "5.7015",
            "close": "5.6915"
        },
        {
            "time": "22.04.2021 13:21",
            "open": "5.6915",
            "high": "5.6915",
            "low": "5.6915",
            "close": "5.7049"
        },
        {
            "time": "22.04.2021 13:22",
            "open": "5.7049",
            "high": "5.7348",
            "low": "5.7049",
            "close": "5.7161"
        },
        {
            "time": "22.04.2021 13:23",
            "open": "5.7161",
            "high": "5.7161",
            "low": "5.7105",
            "close": "5.7155"
        },
        {
            "time": "22.04.2021 13:25",
            "open": "5.7155",
            "high": "5.7155",
            "low": "5.7152",
            "close": "5.7225"
        },
        {
            "time": "22.04.2021 13:28",
            "open": "5.7225",
            "high": "5.7289",
            "low": "5.7225",
            "close": "5.7252"
        },
        {
            "time": "22.04.2021 13:30",
            "open": "5.7252",
            "high": "5.7318",
            "low": "5.7252",
            "close": "5.7303"
        },
        {
            "time": "22.04.2021 13:31",
            "open": "5.7303",
            "high": "5.7303",
            "low": "5.7303",
            "close": "5.7297"
        },
        {
            "time": "22.04.2021 13:34",
            "open": "5.7297",
            "high": "5.7297",
            "low": "5.7297",
            "close": "5.7498"
        },
        {
            "time": "22.04.2021 13:35",
            "open": "5.7498",
            "high": "5.7511",
            "low": "5.7498",
            "close": "5.7511"
        },
        {
            "time": "22.04.2021 13:36",
            "open": "5.7511",
            "high": "5.7511",
            "low": "5.7449",
            "close": "5.7267"
        },
        {
            "time": "22.04.2021 13:40",
            "open": "5.7267",
            "high": "5.7267",
            "low": "5.7267",
            "close": "5.7413"
        },
        {
            "time": "22.04.2021 13:43",
            "open": "5.7413",
            "high": "5.7413",
            "low": "5.7413",
            "close": "5.73"
        },
        {
            "time": "22.04.2021 13:46",
            "open": "5.73",
            "high": "5.73",
            "low": "5.73",
            "close": "5.73"
        },
        {
            "time": "22.04.2021 13:47",
            "open": "5.73",
            "high": "5.73",
            "low": "5.73",
            "close": "5.7188"
        },
        {
            "time": "22.04.2021 13:48",
            "open": "5.7188",
            "high": "5.7188",
            "low": "5.7188",
            "close": "5.7374"
        },
        {
            "time": "22.04.2021 13:52",
            "open": "5.7374",
            "high": "5.7499",
            "low": "5.7374",
            "close": "5.7523"
        },
        {
            "time": "22.04.2021 13:53",
            "open": "5.7523",
            "high": "5.7552",
            "low": "5.7368",
            "close": "5.7226"
        },
        {
            "time": "22.04.2021 13:55",
            "open": "5.7226",
            "high": "5.7226",
            "low": "5.7226",
            "close": "5.7488"
        },
        {
            "time": "22.04.2021 13:58",
            "open": "5.7488",
            "high": "5.7491",
            "low": "5.7488",
            "close": "5.7472"
        },
        {
            "time": "22.04.2021 14:00",
            "open": "5.7472",
            "high": "5.7681",
            "low": "5.7472",
            "close": "5.7639"
        },
        {
            "time": "22.04.2021 14:01",
            "open": "5.7639",
            "high": "5.7639",
            "low": "5.7472",
            "close": "5.7536"
        },
        {
            "time": "22.04.2021 14:02",
            "open": "5.7536",
            "high": "5.7629",
            "low": "5.7536",
            "close": "5.772"
        },
        {
            "time": "22.04.2021 14:03",
            "open": "5.772",
            "high": "5.7808",
            "low": "5.772",
            "close": "5.7863"
        },
        {
            "time": "22.04.2021 14:05",
            "open": "5.7863",
            "high": "5.7892",
            "low": "5.7863",
            "close": "5.7917"
        },
        {
            "time": "22.04.2021 14:06",
            "open": "5.7917",
            "high": "5.7917",
            "low": "5.7917",
            "close": "5.8142"
        },
        {
            "time": "22.04.2021 14:10",
            "open": "5.8142",
            "high": "5.8142",
            "low": "5.8142",
            "close": "5.7848"
        },
        {
            "time": "22.04.2021 14:13",
            "open": "5.7848",
            "high": "5.7897",
            "low": "5.7848",
            "close": "5.7874"
        },
        {
            "time": "22.04.2021 14:17",
            "open": "5.7874",
            "high": "5.7874",
            "low": "5.7874",
            "close": "5.8068"
        },
        {
            "time": "22.04.2021 14:20",
            "open": "5.8068",
            "high": "5.807",
            "low": "5.8068",
            "close": "5.8088"
        },
        {
            "time": "22.04.2021 14:21",
            "open": "5.8088",
            "high": "5.8088",
            "low": "5.8088",
            "close": "5.8023"
        },
        {
            "time": "22.04.2021 14:26",
            "open": "5.8023",
            "high": "5.8023",
            "low": "5.8023",
            "close": "5.7885"
        },
        {
            "time": "22.04.2021 14:28",
            "open": "5.7885",
            "high": "5.7885",
            "low": "5.7885",
            "close": "5.8041"
        },
        {
            "time": "22.04.2021 14:29",
            "open": "5.8041",
            "high": "5.8041",
            "low": "5.8041",
            "close": "5.812"
        },
        {
            "time": "22.04.2021 14:32",
            "open": "5.812",
            "high": "5.812",
            "low": "5.812",
            "close": "5.8144"
        },
        {
            "time": "22.04.2021 14:33",
            "open": "5.8144",
            "high": "5.8171",
            "low": "5.8044",
            "close": "5.7931"
        },
        {
            "time": "22.04.2021 14:40",
            "open": "5.7931",
            "high": "5.7931",
            "low": "5.7931",
            "close": "5.7694"
        },
        {
            "time": "22.04.2021 14:43",
            "open": "5.7694",
            "high": "5.7694",
            "low": "5.7694",
            "close": "5.7694"
        },
        {
            "time": "22.04.2021 14:44",
            "open": "5.7694",
            "high": "5.7694",
            "low": "5.7694",
            "close": "5.7631"
        },
        {
            "time": "22.04.2021 14:48",
            "open": "5.7631",
            "high": "5.7631",
            "low": "5.7631",
            "close": "5.7724"
        },
        {
            "time": "22.04.2021 14:49",
            "open": "5.7724",
            "high": "5.7724",
            "low": "5.7724",
            "close": "5.7604"
        },
        {
            "time": "22.04.2021 14:50",
            "open": "5.7604",
            "high": "5.7627",
            "low": "5.7432",
            "close": "5.7442"
        },
        {
            "time": "22.04.2021 14:51",
            "open": "5.7442",
            "high": "5.7443",
            "low": "5.7442",
            "close": "5.7506"
        },
        {
            "time": "22.04.2021 14:54",
            "open": "5.7506",
            "high": "5.7506",
            "low": "5.7506",
            "close": "5.7505"
        },
        {
            "time": "22.04.2021 14:56",
            "open": "5.7505",
            "high": "5.7505",
            "low": "5.7447",
            "close": "5.7176"
        },
        {
            "time": "22.04.2021 14:59",
            "open": "5.7176",
            "high": "5.7176",
            "low": "5.7176",
            "close": "5.7226"
        },
        {
            "time": "22.04.2021 15:00",
            "open": "5.7226",
            "high": "5.7372",
            "low": "5.7226",
            "close": "5.721"
        },
        {
            "time": "22.04.2021 15:06",
            "open": "5.721",
            "high": "5.721",
            "low": "5.721",
            "close": "5.7284"
        },
        {
            "time": "22.04.2021 15:07",
            "open": "5.7284",
            "high": "5.7285",
            "low": "5.7284",
            "close": "5.7286"
        },
        {
            "time": "22.04.2021 15:10",
            "open": "5.7286",
            "high": "5.7287",
            "low": "5.7286",
            "close": "5.7359"
        },
        {
            "time": "22.04.2021 15:12",
            "open": "5.7359",
            "high": "5.7359",
            "low": "5.7245",
            "close": "5.7411"
        },
        {
            "time": "22.04.2021 15:13",
            "open": "5.7411",
            "high": "5.7736",
            "low": "5.7383",
            "close": "5.7472"
        },
        {
            "time": "22.04.2021 15:14",
            "open": "5.7472",
            "high": "5.7472",
            "low": "5.7471",
            "close": "5.7451"
        },
        {
            "time": "22.04.2021 15:15",
            "open": "5.7451",
            "high": "5.7451",
            "low": "5.7451",
            "close": "5.7336"
        },
        {
            "time": "22.04.2021 15:16",
            "open": "5.7336",
            "high": "5.7336",
            "low": "5.7336",
            "close": "5.729"
        },
        {
            "time": "22.04.2021 15:17",
            "open": "5.729",
            "high": "5.7358",
            "low": "5.729",
            "close": "5.738"
        },
        {
            "time": "22.04.2021 15:18",
            "open": "5.738",
            "high": "5.7396",
            "low": "5.738",
            "close": "5.7492"
        },
        {
            "time": "22.04.2021 15:20",
            "open": "5.7492",
            "high": "5.7493",
            "low": "5.7492",
            "close": "5.7669"
        },
        {
            "time": "22.04.2021 15:23",
            "open": "5.7669",
            "high": "5.7669",
            "low": "5.7669",
            "close": "5.7681"
        },
        {
            "time": "22.04.2021 15:24",
            "open": "5.7681",
            "high": "5.7681",
            "low": "5.7589",
            "close": "5.7539"
        },
        {
            "time": "22.04.2021 15:25",
            "open": "5.7539",
            "high": "5.7539",
            "low": "5.7539",
            "close": "5.7679"
        },
        {
            "time": "22.04.2021 15:26",
            "open": "5.7679",
            "high": "5.7679",
            "low": "5.7627",
            "close": "5.7748"
        },
        {
            "time": "22.04.2021 15:27",
            "open": "5.7748",
            "high": "5.7764",
            "low": "5.7748",
            "close": "5.788"
        },
        {
            "time": "22.04.2021 15:28",
            "open": "5.788",
            "high": "5.788",
            "low": "5.788",
            "close": "5.8041"
        },
        {
            "time": "22.04.2021 15:31",
            "open": "5.8041",
            "high": "5.8041",
            "low": "5.8041",
            "close": "5.8013"
        },
        {
            "time": "22.04.2021 15:37",
            "open": "5.8013",
            "high": "5.8034",
            "low": "5.8013",
            "close": "5.7841"
        },
        {
            "time": "22.04.2021 15:38",
            "open": "5.7841",
            "high": "5.7841",
            "low": "5.7841",
            "close": "5.7841"
        },
        {
            "time": "22.04.2021 15:39",
            "open": "5.7841",
            "high": "5.7841",
            "low": "5.7841",
            "close": "5.7741"
        },
        {
            "time": "22.04.2021 15:40",
            "open": "5.7741",
            "high": "5.7741",
            "low": "5.7662",
            "close": "5.7327"
        },
        {
            "time": "22.04.2021 15:42",
            "open": "5.7327",
            "high": "5.7327",
            "low": "5.7322",
            "close": "5.7439"
        },
        {
            "time": "22.04.2021 15:43",
            "open": "5.7439",
            "high": "5.7439",
            "low": "5.7439",
            "close": "5.7366"
        },
        {
            "time": "22.04.2021 15:45",
            "open": "5.7366",
            "high": "5.7366",
            "low": "5.7366",
            "close": "5.7541"
        },
        {
            "time": "22.04.2021 15:49",
            "open": "5.7541",
            "high": "5.7542",
            "low": "5.7541",
            "close": "5.7579"
        },
        {
            "time": "22.04.2021 15:51",
            "open": "5.7579",
            "high": "5.7579",
            "low": "5.7433",
            "close": "5.74"
        },
        {
            "time": "22.04.2021 15:54",
            "open": "5.74",
            "high": "5.74",
            "low": "5.74",
            "close": "5.7289"
        },
        {
            "time": "22.04.2021 15:55",
            "open": "5.7289",
            "high": "5.7289",
            "low": "5.7289",
            "close": "5.73"
        },
        {
            "time": "22.04.2021 15:57",
            "open": "5.73",
            "high": "5.73",
            "low": "5.73",
            "close": "5.7134"
        },
        {
            "time": "22.04.2021 15:58",
            "open": "5.7134",
            "high": "5.7134",
            "low": "5.7134",
            "close": "5.6999"
        },
        {
            "time": "22.04.2021 16:00",
            "open": "5.6999",
            "high": "5.7076",
            "low": "5.6999",
            "close": "5.7034"
        },
        {
            "time": "22.04.2021 16:01",
            "open": "5.7034",
            "high": "5.7034",
            "low": "5.6975",
            "close": "5.715"
        },
        {
            "time": "22.04.2021 16:02",
            "open": "5.715",
            "high": "5.7179",
            "low": "5.715",
            "close": "5.7211"
        },
        {
            "time": "22.04.2021 16:03",
            "open": "5.7211",
            "high": "5.7211",
            "low": "5.7211",
            "close": "5.7843"
        },
        {
            "time": "22.04.2021 16:12",
            "open": "5.7843",
            "high": "5.7843",
            "low": "5.7843",
            "close": "5.792"
        },
        {
            "time": "22.04.2021 16:14",
            "open": "5.792",
            "high": "5.792",
            "low": "5.792",
            "close": "5.807"
        },
        {
            "time": "22.04.2021 16:19",
            "open": "5.807",
            "high": "5.81",
            "low": "5.807",
            "close": "5.7956"
        },
        {
            "time": "22.04.2021 16:21",
            "open": "5.7956",
            "high": "5.7956",
            "low": "5.7945",
            "close": "5.7926"
        },
        {
            "time": "22.04.2021 16:22",
            "open": "5.7926",
            "high": "5.7962",
            "low": "5.7926",
            "close": "5.7857"
        },
        {
            "time": "22.04.2021 16:25",
            "open": "5.7857",
            "high": "5.7857",
            "low": "5.7857",
            "close": "5.7911"
        },
        {
            "time": "22.04.2021 16:29",
            "open": "5.7911",
            "high": "5.7911",
            "low": "5.7812",
            "close": "5.81"
        },
        {
            "time": "22.04.2021 16:40",
            "open": "5.81",
            "high": "5.81",
            "low": "5.81",
            "close": "5.8128"
        },
        {
            "time": "22.04.2021 16:41",
            "open": "5.8128",
            "high": "5.8128",
            "low": "5.8128",
            "close": "5.7949"
        },
        {
            "time": "22.04.2021 16:44",
            "open": "5.7949",
            "high": "5.7949",
            "low": "5.7949",
            "close": "5.8119"
        },
        {
            "time": "22.04.2021 16:48",
            "open": "5.8119",
            "high": "5.8119",
            "low": "5.8102",
            "close": "5.825"
        },
        {
            "time": "22.04.2021 16:55",
            "open": "5.825",
            "high": "5.825",
            "low": "5.825",
            "close": "5.825"
        },
        {
            "time": "22.04.2021 16:57",
            "open": "5.825",
            "high": "5.825",
            "low": "5.825",
            "close": "5.8267"
        },
        {
            "time": "22.04.2021 16:58",
            "open": "5.8267",
            "high": "5.8267",
            "low": "5.8265",
            "close": "5.83"
        },
        {
            "time": "22.04.2021 17:01",
            "open": "5.83",
            "high": "5.83",
            "low": "5.83",
            "close": "5.8162"
        },
        {
            "time": "22.04.2021 17:02",
            "open": "5.8162",
            "high": "5.8286",
            "low": "5.8162",
            "close": "5.7828"
        },
        {
            "time": "22.04.2021 17:13",
            "open": "5.7828",
            "high": "5.7828",
            "low": "5.7828",
            "close": "5.7995"
        },
        {
            "time": "22.04.2021 17:18",
            "open": "5.7995",
            "high": "5.8",
            "low": "5.7995",
            "close": "5.7928"
        },
        {
            "time": "22.04.2021 17:21",
            "open": "5.7928",
            "high": "5.7928",
            "low": "5.7928",
            "close": "5.7828"
        },
        {
            "time": "22.04.2021 17:22",
            "open": "5.7828",
            "high": "5.7828",
            "low": "5.7828",
            "close": "5.7828"
        },
        {
            "time": "22.04.2021 17:23",
            "open": "5.7828",
            "high": "5.7828",
            "low": "5.7828",
            "close": "5.7879"
        },
        {
            "time": "22.04.2021 17:30",
            "open": "5.7879",
            "high": "5.7879",
            "low": "5.7879",
            "close": "5.7955"
        },
        {
            "time": "22.04.2021 17:33",
            "open": "5.7955",
            "high": "5.7955",
            "low": "5.7955",
            "close": "5.7961"
        },
        {
            "time": "22.04.2021 17:34",
            "open": "5.7961",
            "high": "5.8041",
            "low": "5.7961",
            "close": "5.8158"
        },
        {
            "time": "22.04.2021 17:35",
            "open": "5.8158",
            "high": "5.8184",
            "low": "5.8158",
            "close": "5.8231"
        },
        {
            "time": "22.04.2021 17:36",
            "open": "5.8231",
            "high": "5.8231",
            "low": "5.8231",
            "close": "5.8253"
        },
        {
            "time": "22.04.2021 17:37",
            "open": "5.8253",
            "high": "5.8253",
            "low": "5.8253",
            "close": "5.8158"
        },
        {
            "time": "22.04.2021 17:39",
            "open": "5.8158",
            "high": "5.8158",
            "low": "5.8158",
            "close": "5.821"
        },
        {
            "time": "22.04.2021 17:44",
            "open": "5.821",
            "high": "5.821",
            "low": "5.8113",
            "close": "5.8135"
        },
        {
            "time": "22.04.2021 17:45",
            "open": "5.8135",
            "high": "5.8135",
            "low": "5.7983",
            "close": "5.8089"
        },
        {
            "time": "22.04.2021 17:46",
            "open": "5.8089",
            "high": "5.8089",
            "low": "5.8089",
            "close": "5.8086"
        },
        {
            "time": "22.04.2021 17:48",
            "open": "5.8086",
            "high": "5.8087",
            "low": "5.8086",
            "close": "5.821"
        },
        {
            "time": "22.04.2021 17:51",
            "open": "5.821",
            "high": "5.8228",
            "low": "5.821",
            "close": "5.8333"
        },
        {
            "time": "22.04.2021 17:52",
            "open": "5.8333",
            "high": "5.8333",
            "low": "5.8333",
            "close": "5.8361"
        },
        {
            "time": "22.04.2021 17:53",
            "open": "5.8361",
            "high": "5.8361",
            "low": "5.8361",
            "close": "5.8361"
        },
        {
            "time": "22.04.2021 17:54",
            "open": "5.8361",
            "high": "5.8361",
            "low": "5.8361",
            "close": "5.8391"
        },
        {
            "time": "22.04.2021 17:58",
            "open": "5.8391",
            "high": "5.8425",
            "low": "5.8391",
            "close": "5.844"
        },
        {
            "time": "22.04.2021 18:00",
            "open": "5.844",
            "high": "5.8449",
            "low": "5.844",
            "close": "5.8507"
        },
        {
            "time": "22.04.2021 18:03",
            "open": "5.8507",
            "high": "5.8597",
            "low": "5.8507",
            "close": "5.8617"
        },
        {
            "time": "22.04.2021 18:04",
            "open": "5.8617",
            "high": "5.8617",
            "low": "5.8617",
            "close": "5.8269"
        },
        {
            "time": "22.04.2021 18:05",
            "open": "5.8269",
            "high": "5.8269",
            "low": "5.8265",
            "close": "5.8335"
        },
        {
            "time": "22.04.2021 18:06",
            "open": "5.8335",
            "high": "5.8335",
            "low": "5.8335",
            "close": "5.8347"
        },
        {
            "time": "22.04.2021 18:09",
            "open": "5.8347",
            "high": "5.8347",
            "low": "5.8337",
            "close": "5.8519"
        },
        {
            "time": "22.04.2021 18:14",
            "open": "5.8519",
            "high": "5.8537",
            "low": "5.8519",
            "close": "5.8445"
        },
        {
            "time": "22.04.2021 18:16",
            "open": "5.8445",
            "high": "5.8445",
            "low": "5.8359",
            "close": "5.852"
        },
        {
            "time": "22.04.2021 18:17",
            "open": "5.852",
            "high": "5.852",
            "low": "5.852",
            "close": "5.8428"
        },
        {
            "time": "22.04.2021 18:30",
            "open": "5.8428",
            "high": "5.8428",
            "low": "5.8324",
            "close": "5.8636"
        },
        {
            "time": "22.04.2021 18:46",
            "open": "5.8636",
            "high": "5.8636",
            "low": "5.8636",
            "close": "5.8632"
        },
        {
            "time": "22.04.2021 18:47",
            "open": "5.8632",
            "high": "5.8632",
            "low": "5.8632",
            "close": "5.827"
        },
        {
            "time": "22.04.2021 18:50",
            "open": "5.827",
            "high": "5.827",
            "low": "5.827",
            "close": "5.8273"
        },
        {
            "time": "22.04.2021 18:58",
            "open": "5.8273",
            "high": "5.8273",
            "low": "5.8273",
            "close": "5.826"
        },
        {
            "time": "22.04.2021 19:06",
            "open": "5.826",
            "high": "5.8326",
            "low": "5.8231",
            "close": "5.8212"
        },
        {
            "time": "22.04.2021 19:07",
            "open": "5.8212",
            "high": "5.8212",
            "low": "5.8212",
            "close": "5.7822"
        },
        {
            "time": "22.04.2021 19:17",
            "open": "5.7822",
            "high": "5.7822",
            "low": "5.7822",
            "close": "5.7694"
        },
        {
            "time": "22.04.2021 19:18",
            "open": "5.7694",
            "high": "5.7694",
            "low": "5.7669",
            "close": "5.7575"
        },
        {
            "time": "22.04.2021 19:20",
            "open": "5.7575",
            "high": "5.7575",
            "low": "5.7575",
            "close": "5.7366"
        },
        {
            "time": "22.04.2021 19:22",
            "open": "5.7366",
            "high": "5.7366",
            "low": "5.7338",
            "close": "5.7532"
        },
        {
            "time": "22.04.2021 19:24",
            "open": "5.7532",
            "high": "5.7532",
            "low": "5.7532",
            "close": "5.7518"
        },
        {
            "time": "22.04.2021 19:25",
            "open": "5.7518",
            "high": "5.7518",
            "low": "5.7518",
            "close": "5.7433"
        },
        {
            "time": "22.04.2021 19:26",
            "open": "5.7433",
            "high": "5.7635",
            "low": "5.7433",
            "close": "5.7742"
        },
        {
            "time": "22.04.2021 19:27",
            "open": "5.7742",
            "high": "5.7771",
            "low": "5.7742",
            "close": "5.7755"
        },
        {
            "time": "22.04.2021 19:30",
            "open": "5.7755",
            "high": "5.7755",
            "low": "5.7755",
            "close": "5.7624"
        },
        {
            "time": "22.04.2021 19:34",
            "open": "5.7624",
            "high": "5.7624",
            "low": "5.7462",
            "close": "5.7195"
        },
        {
            "time": "22.04.2021 19:35",
            "open": "5.7195",
            "high": "5.7195",
            "low": "5.7195",
            "close": "5.727"
        },
        {
            "time": "22.04.2021 19:37",
            "open": "5.727",
            "high": "5.727",
            "low": "5.7242",
            "close": "5.7248"
        },
        {
            "time": "22.04.2021 19:40",
            "open": "5.7248",
            "high": "5.7248",
            "low": "5.7248",
            "close": "5.7185"
        },
        {
            "time": "22.04.2021 19:41",
            "open": "5.7185",
            "high": "5.7279",
            "low": "5.6873",
            "close": "5.7335"
        },
        {
            "time": "22.04.2021 19:42",
            "open": "5.7335",
            "high": "5.7335",
            "low": "5.7285",
            "close": "5.711"
        },
        {
            "time": "22.04.2021 19:44",
            "open": "5.711",
            "high": "5.711",
            "low": "5.711",
            "close": "5.7146"
        },
        {
            "time": "22.04.2021 19:46",
            "open": "5.7146",
            "high": "5.7146",
            "low": "5.7146",
            "close": "5.68"
        },
        {
            "time": "22.04.2021 19:54",
            "open": "5.68",
            "high": "5.68",
            "low": "5.659",
            "close": "5.659"
        },
        {
            "time": "22.04.2021 19:55",
            "open": "5.659",
            "high": "5.659",
            "low": "5.6433",
            "close": "5.6519"
        },
        {
            "time": "22.04.2021 19:56",
            "open": "5.6519",
            "high": "5.6647",
            "low": "5.6472",
            "close": "5.658"
        },
        {
            "time": "22.04.2021 19:57",
            "open": "5.658",
            "high": "5.658",
            "low": "5.6578",
            "close": "5.6561"
        },
        {
            "time": "22.04.2021 19:59",
            "open": "5.6561",
            "high": "5.6561",
            "low": "5.6536",
            "close": "5.6433"
        },
        {
            "time": "22.04.2021 20:00",
            "open": "5.6433",
            "high": "5.6433",
            "low": "5.6047",
            "close": "5.6357"
        },
        {
            "time": "22.04.2021 20:01",
            "open": "5.6357",
            "high": "5.6357",
            "low": "5.6272",
            "close": "5.614"
        },
        {
            "time": "22.04.2021 20:02",
            "open": "5.614",
            "high": "5.629",
            "low": "5.6129",
            "close": "5.6312"
        },
        {
            "time": "22.04.2021 20:03",
            "open": "5.6312",
            "high": "5.6317",
            "low": "5.6312",
            "close": "5.6587"
        },
        {
            "time": "22.04.2021 20:04",
            "open": "5.6587",
            "high": "5.6587",
            "low": "5.6587",
            "close": "5.6555"
        },
        {
            "time": "22.04.2021 20:06",
            "open": "5.6555",
            "high": "5.6555",
            "low": "5.64",
            "close": "5.644"
        },
        {
            "time": "22.04.2021 20:07",
            "open": "5.644",
            "high": "5.644",
            "low": "5.6372",
            "close": "5.654"
        },
        {
            "time": "22.04.2021 20:08",
            "open": "5.654",
            "high": "5.6727",
            "low": "5.654",
            "close": "5.6847"
        },
        {
            "time": "22.04.2021 20:09",
            "open": "5.6847",
            "high": "5.6847",
            "low": "5.6637",
            "close": "5.6866"
        },
        {
            "time": "22.04.2021 20:14",
            "open": "5.6866",
            "high": "5.6866",
            "low": "5.6866",
            "close": "5.658"
        },
        {
            "time": "22.04.2021 20:15",
            "open": "5.658",
            "high": "5.6884",
            "low": "5.658",
            "close": "5.6801"
        },
        {
            "time": "22.04.2021 20:18",
            "open": "5.6801",
            "high": "5.6801",
            "low": "5.6419",
            "close": "5.6185"
        },
        {
            "time": "22.04.2021 20:19",
            "open": "5.6185",
            "high": "5.6185",
            "low": "5.6185",
            "close": "5.6176"
        },
        {
            "time": "22.04.2021 20:20",
            "open": "5.6176",
            "high": "5.6633",
            "low": "5.6176",
            "close": "5.6501"
        },
        {
            "time": "22.04.2021 20:22",
            "open": "5.6501",
            "high": "5.656",
            "low": "5.6501",
            "close": "5.6502"
        },
        {
            "time": "22.04.2021 20:23",
            "open": "5.6502",
            "high": "5.6502",
            "low": "5.6502",
            "close": "5.6399"
        },
        {
            "time": "22.04.2021 20:24",
            "open": "5.6399",
            "high": "5.6399",
            "low": "5.6399",
            "close": "5.624"
        },
        {
            "time": "22.04.2021 20:25",
            "open": "5.624",
            "high": "5.6314",
            "low": "5.624",
            "close": "5.64"
        },
        {
            "time": "22.04.2021 20:26",
            "open": "5.64",
            "high": "5.64",
            "low": "5.64",
            "close": "5.6599"
        },
        {
            "time": "22.04.2021 20:28",
            "open": "5.6599",
            "high": "5.6762",
            "low": "5.6599",
            "close": "5.68"
        },
        {
            "time": "22.04.2021 20:30",
            "open": "5.68",
            "high": "5.6842",
            "low": "5.68",
            "close": "5.68"
        },
        {
            "time": "22.04.2021 20:32",
            "open": "5.68",
            "high": "5.6801",
            "low": "5.68",
            "close": "5.7"
        },
        {
            "time": "22.04.2021 20:35",
            "open": "5.7",
            "high": "5.7",
            "low": "5.7",
            "close": "5.7158"
        },
        {
            "time": "22.04.2021 20:36",
            "open": "5.7158",
            "high": "5.7187",
            "low": "5.7158",
            "close": "5.6911"
        },
        {
            "time": "22.04.2021 20:39",
            "open": "5.6911",
            "high": "5.6911",
            "low": "5.6911",
            "close": "5.6953"
        },
        {
            "time": "22.04.2021 20:53",
            "open": "5.6953",
            "high": "5.6953",
            "low": "5.6883",
            "close": "5.68"
        },
        {
            "time": "22.04.2021 20:54",
            "open": "5.68",
            "high": "5.68",
            "low": "5.68",
            "close": "5.6686"
        },
        {
            "time": "22.04.2021 20:59",
            "open": "5.6686",
            "high": "5.6686",
            "low": "5.6585",
            "close": "5.64"
        },
        {
            "time": "22.04.2021 21:00",
            "open": "5.64",
            "high": "5.64",
            "low": "5.64",
            "close": "5.6583"
        },
        {
            "time": "22.04.2021 21:02",
            "open": "5.6583",
            "high": "5.6584",
            "low": "5.6583",
            "close": "5.6743"
        },
        {
            "time": "22.04.2021 21:04",
            "open": "5.6743",
            "high": "5.6743",
            "low": "5.6743",
            "close": "5.6772"
        },
        {
            "time": "22.04.2021 21:08",
            "open": "5.6772",
            "high": "5.6772",
            "low": "5.6772",
            "close": "5.6667"
        },
        {
            "time": "22.04.2021 21:10",
            "open": "5.6667",
            "high": "5.6667",
            "low": "5.6667",
            "close": "5.6577"
        },
        {
            "time": "22.04.2021 21:11",
            "open": "5.6577",
            "high": "5.6577",
            "low": "5.6527",
            "close": "5.6044"
        },
        {
            "time": "22.04.2021 21:13",
            "open": "5.6044",
            "high": "5.6044",
            "low": "5.5848",
            "close": "5.5706"
        },
        {
            "time": "22.04.2021 21:15",
            "open": "5.5706",
            "high": "5.5878",
            "low": "5.5706",
            "close": "5.6116"
        },
        {
            "time": "22.04.2021 21:16",
            "open": "5.6116",
            "high": "5.6116",
            "low": "5.5602",
            "close": "5.55"
        },
        {
            "time": "22.04.2021 21:17",
            "open": "5.55",
            "high": "5.5682",
            "low": "5.5385",
            "close": "5.5681"
        },
        {
            "time": "22.04.2021 21:18",
            "open": "5.5681",
            "high": "5.5681",
            "low": "5.5489",
            "close": "5.5547"
        },
        {
            "time": "22.04.2021 21:19",
            "open": "5.5547",
            "high": "5.5547",
            "low": "5.5547",
            "close": "5.5793"
        },
        {
            "time": "22.04.2021 21:20",
            "open": "5.5793",
            "high": "5.5793",
            "low": "5.5793",
            "close": "5.5626"
        },
        {
            "time": "22.04.2021 21:26",
            "open": "5.5626",
            "high": "5.5632",
            "low": "5.5617",
            "close": "5.5871"
        },
        {
            "time": "22.04.2021 21:28",
            "open": "5.5871",
            "high": "5.5883",
            "low": "5.5871",
            "close": "5.6436"
        },
        {
            "time": "22.04.2021 21:49",
            "open": "5.6436",
            "high": "5.6436",
            "low": "5.6435",
            "close": "5.6399"
        },
        {
            "time": "22.04.2021 21:57",
            "open": "5.6399",
            "high": "5.6399",
            "low": "5.6399",
            "close": "5.627"
        },
        {
            "time": "22.04.2021 21:59",
            "open": "5.627",
            "high": "5.627",
            "low": "5.627",
            "close": "5.5856"
        },
        {
            "time": "22.04.2021 22:02",
            "open": "5.5856",
            "high": "5.5856",
            "low": "5.5674",
            "close": "5.5725"
        },
        {
            "time": "22.04.2021 22:03",
            "open": "5.5725",
            "high": "5.5725",
            "low": "5.5725",
            "close": "5.5771"
        },
        {
            "time": "22.04.2021 22:05",
            "open": "5.5771",
            "high": "5.5855",
            "low": "5.5771",
            "close": "5.5975"
        },
        {
            "time": "22.04.2021 22:06",
            "open": "5.5975",
            "high": "5.6008",
            "low": "5.5858",
            "close": "5.5455"
        },
        {
            "time": "22.04.2021 22:08",
            "open": "5.5455",
            "high": "5.5455",
            "low": "5.5454",
            "close": "5.5724"
        },
        {
            "time": "22.04.2021 22:09",
            "open": "5.5724",
            "high": "5.5724",
            "low": "5.5715",
            "close": "5.5667"
        },
        {
            "time": "22.04.2021 22:11",
            "open": "5.5667",
            "high": "5.5667",
            "low": "5.5667",
            "close": "5.5721"
        },
        {
            "time": "22.04.2021 22:12",
            "open": "5.5721",
            "high": "5.5721",
            "low": "5.5721",
            "close": "5.5501"
        },
        {
            "time": "22.04.2021 22:13",
            "open": "5.5501",
            "high": "5.5501",
            "low": "5.5474",
            "close": "5.5415"
        },
        {
            "time": "22.04.2021 22:16",
            "open": "5.5415",
            "high": "5.5515",
            "low": "5.5415",
            "close": "5.5424"
        },
        {
            "time": "22.04.2021 22:18",
            "open": "5.5424",
            "high": "5.5424",
            "low": "5.5338",
            "close": "5.5243"
        },
        {
            "time": "22.04.2021 22:21",
            "open": "5.5243",
            "high": "5.5316",
            "low": "5.5242",
            "close": "5.5218"
        },
        {
            "time": "22.04.2021 22:22",
            "open": "5.5218",
            "high": "5.5227",
            "low": "5.5218",
            "close": "5.51"
        },
        {
            "time": "22.04.2021 22:24",
            "open": "5.51",
            "high": "5.51",
            "low": "5.4904",
            "close": "5.5083"
        },
        {
            "time": "22.04.2021 22:25",
            "open": "5.5083",
            "high": "5.5128",
            "low": "5.5083",
            "close": "5.5004"
        },
        {
            "time": "22.04.2021 22:26",
            "open": "5.5004",
            "high": "5.5004",
            "low": "5.5004",
            "close": "5.4826"
        },
        {
            "time": "22.04.2021 22:27",
            "open": "5.4826",
            "high": "5.4826",
            "low": "5.4762",
            "close": "5.4656"
        },
        {
            "time": "22.04.2021 22:28",
            "open": "5.4656",
            "high": "5.4791",
            "low": "5.4592",
            "close": "5.4905"
        },
        {
            "time": "22.04.2021 22:29",
            "open": "5.4905",
            "high": "5.4905",
            "low": "5.4905",
            "close": "5.5157"
        },
        {
            "time": "22.04.2021 22:30",
            "open": "5.5157",
            "high": "5.5197",
            "low": "5.5061",
            "close": "5.518"
        },
        {
            "time": "22.04.2021 22:33",
            "open": "5.518",
            "high": "5.518",
            "low": "5.4741",
            "close": "5.4715"
        },
        {
            "time": "22.04.2021 22:34",
            "open": "5.4715",
            "high": "5.4881",
            "low": "5.4617",
            "close": "5.4803"
        },
        {
            "time": "22.04.2021 22:35",
            "open": "5.4803",
            "high": "5.4803",
            "low": "5.4803",
            "close": "5.4581"
        },
        {
            "time": "22.04.2021 22:36",
            "open": "5.4581",
            "high": "5.4581",
            "low": "5.4572",
            "close": "5.4638"
        },
        {
            "time": "22.04.2021 22:37",
            "open": "5.4638",
            "high": "5.4638",
            "low": "5.4638",
            "close": "5.4731"
        },
        {
            "time": "22.04.2021 22:38",
            "open": "5.4731",
            "high": "5.4857",
            "low": "5.4731",
            "close": "5.4993"
        },
        {
            "time": "22.04.2021 22:39",
            "open": "5.4993",
            "high": "5.4993",
            "low": "5.4993",
            "close": "5.5023"
        },
        {
            "time": "22.04.2021 22:41",
            "open": "5.5023",
            "high": "5.5023",
            "low": "5.4692",
            "close": "5.4727"
        },
        {
            "time": "22.04.2021 22:42",
            "open": "5.4727",
            "high": "5.4754",
            "low": "5.4727",
            "close": "5.4539"
        },
        {
            "time": "22.04.2021 22:43",
            "open": "5.4539",
            "high": "5.4539",
            "low": "5.4539",
            "close": "5.4616"
        },
        {
            "time": "22.04.2021 22:44",
            "open": "5.4616",
            "high": "5.4775",
            "low": "5.4458",
            "close": "5.4722"
        },
        {
            "time": "22.04.2021 22:45",
            "open": "5.4722",
            "high": "5.4722",
            "low": "5.4597",
            "close": "5.434"
        },
        {
            "time": "22.04.2021 22:46",
            "open": "5.434",
            "high": "5.4476",
            "low": "5.43",
            "close": "5.4499"
        },
        {
            "time": "22.04.2021 22:47",
            "open": "5.4499",
            "high": "5.4499",
            "low": "5.4499",
            "close": "5.4369"
        },
        {
            "time": "22.04.2021 22:48",
            "open": "5.4369",
            "high": "5.4369",
            "low": "5.4192",
            "close": "5.4192"
        },
        {
            "time": "22.04.2021 22:49",
            "open": "5.4192",
            "high": "5.4192",
            "low": "5.4192",
            "close": "5.4178"
        },
        {
            "time": "22.04.2021 22:51",
            "open": "5.4178",
            "high": "5.4228",
            "low": "5.4178",
            "close": "5.4"
        },
        {
            "time": "22.04.2021 22:52",
            "open": "5.4",
            "high": "5.4",
            "low": "5.3913",
            "close": "5.3878"
        },
        {
            "time": "22.04.2021 22:53",
            "open": "5.3878",
            "high": "5.3878",
            "low": "5.3604",
            "close": "5.3604"
        },
        {
            "time": "22.04.2021 22:54",
            "open": "5.3604",
            "high": "5.3638",
            "low": "5.34",
            "close": "5.3457"
        },
        {
            "time": "22.04.2021 22:55",
            "open": "5.3457",
            "high": "5.378",
            "low": "5.3457",
            "close": "5.3764"
        },
        {
            "time": "22.04.2021 22:56",
            "open": "5.3764",
            "high": "5.414",
            "low": "5.3764",
            "close": "5.4133"
        },
        {
            "time": "22.04.2021 22:57",
            "open": "5.4133",
            "high": "5.4133",
            "low": "5.3956",
            "close": "5.3654"
        },
        {
            "time": "22.04.2021 23:00",
            "open": "5.3654",
            "high": "5.3654",
            "low": "5.3596",
            "close": "5.3572"
        },
        {
            "time": "22.04.2021 23:01",
            "open": "5.3572",
            "high": "5.3605",
            "low": "5.3572",
            "close": "5.3402"
        },
        {
            "time": "22.04.2021 23:02",
            "open": "5.3402",
            "high": "5.3402",
            "low": "5.3275",
            "close": "5.32"
        },
        {
            "time": "22.04.2021 23:03",
            "open": "5.32",
            "high": "5.3247",
            "low": "5.299",
            "close": "5.309"
        },
        {
            "time": "22.04.2021 23:04",
            "open": "5.309",
            "high": "5.3121",
            "low": "5.3056",
            "close": "5.3243"
        },
        {
            "time": "22.04.2021 23:06",
            "open": "5.3243",
            "high": "5.3243",
            "low": "5.3243",
            "close": "5.3"
        },
        {
            "time": "22.04.2021 23:07",
            "open": "5.3",
            "high": "5.3",
            "low": "5.2693",
            "close": "5.2659"
        },
        {
            "time": "22.04.2021 23:08",
            "open": "5.2659",
            "high": "5.2659",
            "low": "5.225",
            "close": "5.2297"
        },
        {
            "time": "22.04.2021 23:09",
            "open": "5.2297",
            "high": "5.2297",
            "low": "5.1891",
            "close": "5.2466"
        },
        {
            "time": "22.04.2021 23:10",
            "open": "5.2466",
            "high": "5.2466",
            "low": "5.2042",
            "close": "5.1871"
        },
        {
            "time": "22.04.2021 23:12",
            "open": "5.1871",
            "high": "5.2391",
            "low": "5.1557",
            "close": "5.2516"
        },
        {
            "time": "22.04.2021 23:13",
            "open": "5.2516",
            "high": "5.2536",
            "low": "5.2516",
            "close": "5.2316"
        },
        {
            "time": "22.04.2021 23:14",
            "open": "5.2316",
            "high": "5.2455",
            "low": "5.2316",
            "close": "5.2746"
        },
        {
            "time": "22.04.2021 23:15",
            "open": "5.2746",
            "high": "5.2896",
            "low": "5.2746",
            "close": "5.2709"
        },
        {
            "time": "22.04.2021 23:16",
            "open": "5.2709",
            "high": "5.2831",
            "low": "5.2694",
            "close": "5.3041"
        },
        {
            "time": "22.04.2021 23:17",
            "open": "5.3041",
            "high": "5.3155",
            "low": "5.3041",
            "close": "5.3096"
        },
        {
            "time": "22.04.2021 23:18",
            "open": "5.3096",
            "high": "5.3096",
            "low": "5.3096",
            "close": "5.3319"
        },
        {
            "time": "22.04.2021 23:19",
            "open": "5.3319",
            "high": "5.3319",
            "low": "5.3319",
            "close": "5.3542"
        },
        {
            "time": "22.04.2021 23:20",
            "open": "5.3542",
            "high": "5.3542",
            "low": "5.3542",
            "close": "5.3628"
        },
        {
            "time": "22.04.2021 23:21",
            "open": "5.3628",
            "high": "5.3641",
            "low": "5.3628",
            "close": "5.3739"
        },
        {
            "time": "22.04.2021 23:23",
            "open": "5.3739",
            "high": "5.3739",
            "low": "5.3739",
            "close": "5.3758"
        },
        {
            "time": "22.04.2021 23:24",
            "open": "5.3758",
            "high": "5.3929",
            "low": "5.3758",
            "close": "5.3732"
        },
        {
            "time": "22.04.2021 23:25",
            "open": "5.3732",
            "high": "5.3732",
            "low": "5.3673",
            "close": "5.3767"
        },
        {
            "time": "22.04.2021 23:26",
            "open": "5.3767",
            "high": "5.3767",
            "low": "5.3412",
            "close": "5.364"
        },
        {
            "time": "22.04.2021 23:28",
            "open": "5.364",
            "high": "5.3783",
            "low": "5.364",
            "close": "5.3703"
        },
        {
            "time": "22.04.2021 23:29",
            "open": "5.3703",
            "high": "5.3703",
            "low": "5.3611",
            "close": "5.351"
        },
        {
            "time": "22.04.2021 23:30",
            "open": "5.351",
            "high": "5.3531",
            "low": "5.3505",
            "close": "5.3104"
        },
        {
            "time": "22.04.2021 23:31",
            "open": "5.3104",
            "high": "5.3264",
            "low": "5.3078",
            "close": "5.3647"
        },
        {
            "time": "22.04.2021 23:33",
            "open": "5.3647",
            "high": "5.3647",
            "low": "5.3623",
            "close": "5.3621"
        },
        {
            "time": "22.04.2021 23:36",
            "open": "5.3621",
            "high": "5.3621",
            "low": "5.3614",
            "close": "5.3844"
        },
        {
            "time": "22.04.2021 23:37",
            "open": "5.3844",
            "high": "5.4022",
            "low": "5.3844",
            "close": "5.4065"
        },
        {
            "time": "22.04.2021 23:38",
            "open": "5.4065",
            "high": "5.4065",
            "low": "5.3685",
            "close": "5.3935"
        },
        {
            "time": "22.04.2021 23:39",
            "open": "5.3935",
            "high": "5.4177",
            "low": "5.3935",
            "close": "5.4008"
        },
        {
            "time": "22.04.2021 23:40",
            "open": "5.4008",
            "high": "5.4008",
            "low": "5.3941",
            "close": "5.3831"
        },
        {
            "time": "22.04.2021 23:41",
            "open": "5.3831",
            "high": "5.3831",
            "low": "5.382",
            "close": "5.3655"
        },
        {
            "time": "22.04.2021 23:42",
            "open": "5.3655",
            "high": "5.3655",
            "low": "5.365",
            "close": "5.3891"
        },
        {
            "time": "22.04.2021 23:43",
            "open": "5.3891",
            "high": "5.3891",
            "low": "5.389",
            "close": "5.3519"
        },
        {
            "time": "22.04.2021 23:45",
            "open": "5.3519",
            "high": "5.3519",
            "low": "5.3494",
            "close": "5.3489"
        },
        {
            "time": "22.04.2021 23:46",
            "open": "5.3489",
            "high": "5.3575",
            "low": "5.3459",
            "close": "5.343"
        },
        {
            "time": "22.04.2021 23:47",
            "open": "5.343",
            "high": "5.3469",
            "low": "5.3312",
            "close": "5.3483"
        },
        {
            "time": "22.04.2021 23:48",
            "open": "5.3483",
            "high": "5.3485",
            "low": "5.3407",
            "close": "5.3023"
        },
        {
            "time": "22.04.2021 23:50",
            "open": "5.3023",
            "high": "5.345",
            "low": "5.3023",
            "close": "5.3387"
        },
        {
            "time": "22.04.2021 23:52",
            "open": "5.3387",
            "high": "5.344",
            "low": "5.3387",
            "close": "5.3454"
        },
        {
            "time": "22.04.2021 23:53",
            "open": "5.3454",
            "high": "5.3454",
            "low": "5.3454",
            "close": "5.3478"
        },
        {
            "time": "22.04.2021 23:57",
            "open": "5.3478",
            "high": "5.3478",
            "low": "5.3478",
            "close": "5.3637"
        }
    ]
}