{
    "BNT-EUR": [
        {
            "time": "28.07.2021 23:18",
            "open": "2.723",
            "high": "2.723",
            "low": "2.723",
            "close": "2.7202"
        },
        {
            "time": "29.07.2021 01:00",
            "open": "2.7202",
            "high": "2.7202",
            "low": "2.7202",
            "close": "2.7147"
        },
        {
            "time": "29.07.2021 01:01",
            "open": "2.7147",
            "high": "2.7147",
            "low": "2.7147",
            "close": "2.7359"
        },
        {
            "time": "29.07.2021 01:19",
            "open": "2.7359",
            "high": "2.7471",
            "low": "2.7359",
            "close": "2.7375"
        },
        {
            "time": "29.07.2021 01:21",
            "open": "2.7375",
            "high": "2.7375",
            "low": "2.7375",
            "close": "2.7239"
        },
        {
            "time": "29.07.2021 01:24",
            "open": "2.7239",
            "high": "2.7239",
            "low": "2.7214",
            "close": "2.7159"
        },
        {
            "time": "29.07.2021 01:25",
            "open": "2.7159",
            "high": "2.7159",
            "low": "2.7136",
            "close": "2.727"
        },
        {
            "time": "29.07.2021 01:44",
            "open": "2.727",
            "high": "2.727",
            "low": "2.727",
            "close": "2.7363"
        },
        {
            "time": "29.07.2021 01:48",
            "open": "2.7363",
            "high": "2.7363",
            "low": "2.7363",
            "close": "2.7321"
        },
        {
            "time": "29.07.2021 02:01",
            "open": "2.7321",
            "high": "2.7321",
            "low": "2.732",
            "close": "2.7071"
        },
        {
            "time": "29.07.2021 03:18",
            "open": "2.7021",
            "high": "2.7021",
            "low": "2.7021",
            "close": "2.7242"
        },
        {
            "time": "29.07.2021 06:25",
            "open": "2.7242",
            "high": "2.7242",
            "low": "2.7242",
            "close": "2.724"
        },
        {
            "time": "29.07.2021 06:31",
            "open": "2.724",
            "high": "2.724",
            "low": "2.7211",
            "close": "2.7259"
        },
        {
            "time": "29.07.2021 07:04",
            "open": "2.7259",
            "high": "2.7259",
            "low": "2.7224",
            "close": "2.7232"
        },
        {
            "time": "29.07.2021 07:13",
            "open": "2.7232",
            "high": "2.7232",
            "low": "2.7232",
            "close": "2.7206"
        },
        {
            "time": "29.07.2021 07:17",
            "open": "2.7206",
            "high": "2.7206",
            "low": "2.7206",
            "close": "2.7276"
        },
        {
            "time": "29.07.2021 07:38",
            "open": "2.7276",
            "high": "2.7276",
            "low": "2.7276",
            "close": "2.7298"
        },
        {
            "time": "29.07.2021 07:39",
            "open": "2.7298",
            "high": "2.7298",
            "low": "2.7298",
            "close": "2.7366"
        },
        {
            "time": "29.07.2021 07:41",
            "open": "2.7366",
            "high": "2.7366",
            "low": "2.7366",
            "close": "2.7414"
        },
        {
            "time": "29.07.2021 07:51",
            "open": "2.7414",
            "high": "2.7414",
            "low": "2.7414",
            "close": "2.7429"
        },
        {
            "time": "29.07.2021 08:08",
            "open": "2.7429",
            "high": "2.7435",
            "low": "2.7429",
            "close": "2.7407"
        },
        {
            "time": "29.07.2021 08:12",
            "open": "2.7407",
            "high": "2.7415",
            "low": "2.7407",
            "close": "2.7422"
        },
        {
            "time": "29.07.2021 08:17",
            "open": "2.7422",
            "high": "2.7422",
            "low": "2.742",
            "close": "2.734"
        },
        {
            "time": "29.07.2021 08:56",
            "open": "2.734",
            "high": "2.734",
            "low": "2.734",
            "close": "2.7443"
        },
        {
            "time": "29.07.2021 09:14",
            "open": "2.7443",
            "high": "2.7443",
            "low": "2.7443",
            "close": "2.7437"
        },
        {
            "time": "29.07.2021 09:15",
            "open": "2.7437",
            "high": "2.7437",
            "low": "2.7437",
            "close": "2.753"
        },
        {
            "time": "29.07.2021 09:33",
            "open": "2.753",
            "high": "2.7534",
            "low": "2.753",
            "close": "2.7531"
        },
        {
            "time": "29.07.2021 09:37",
            "open": "2.7531",
            "high": "2.7536",
            "low": "2.7531",
            "close": "2.7354"
        },
        {
            "time": "29.07.2021 10:21",
            "open": "2.7354",
            "high": "2.7354",
            "low": "2.7327",
            "close": "2.7281"
        },
        {
            "time": "29.07.2021 10:27",
            "open": "2.7281",
            "high": "2.7288",
            "low": "2.7281",
            "close": "2.7245"
        },
        {
            "time": "29.07.2021 10:39",
            "open": "2.7245",
            "high": "2.7245",
            "low": "2.7244",
            "close": "2.7352"
        },
        {
            "time": "29.07.2021 11:07",
            "open": "2.7352",
            "high": "2.7352",
            "low": "2.7352",
            "close": "2.7508"
        },
        {
            "time": "29.07.2021 11:21",
            "open": "2.7508",
            "high": "2.7508",
            "low": "2.7502",
            "close": "2.7616"
        },
        {
            "time": "29.07.2021 11:39",
            "open": "2.7616",
            "high": "2.7616",
            "low": "2.7616",
            "close": "2.7677"
        },
        {
            "time": "29.07.2021 11:44",
            "open": "2.7677",
            "high": "2.7681",
            "low": "2.7677",
            "close": "2.7666"
        },
        {
            "time": "29.07.2021 11:46",
            "open": "2.7666",
            "high": "2.7666",
            "low": "2.766",
            "close": "2.7685"
        },
        {
            "time": "29.07.2021 11:48",
            "open": "2.7685",
            "high": "2.7685",
            "low": "2.7685",
            "close": "2.7734"
        },
        {
            "time": "29.07.2021 11:49",
            "open": "2.7734",
            "high": "2.7734",
            "low": "2.7734",
            "close": "2.7431"
        },
        {
            "time": "29.07.2021 12:41",
            "open": "2.7431",
            "high": "2.7431",
            "low": "2.7428",
            "close": "2.7374"
        },
        {
            "time": "29.07.2021 13:39",
            "open": "2.7374",
            "high": "2.7374",
            "low": "2.7374",
            "close": "2.7103"
        },
        {
            "time": "29.07.2021 14:32",
            "open": "2.7103",
            "high": "2.7103",
            "low": "2.7087",
            "close": "2.7015"
        },
        {
            "time": "29.07.2021 14:39",
            "open": "2.7015",
            "high": "2.7031",
            "low": "2.7015",
            "close": "2.7068"
        },
        {
            "time": "29.07.2021 14:57",
            "open": "2.7068",
            "high": "2.7068",
            "low": "2.7068",
            "close": "2.7045"
        },
        {
            "time": "29.07.2021 15:00",
            "open": "2.7045",
            "high": "2.7045",
            "low": "2.7045",
            "close": "2.7272"
        },
        {
            "time": "29.07.2021 15:16",
            "open": "2.7272",
            "high": "2.7272",
            "low": "2.7272",
            "close": "2.7384"
        },
        {
            "time": "29.07.2021 15:30",
            "open": "2.7384",
            "high": "2.7384",
            "low": "2.7384",
            "close": "2.7263"
        },
        {
            "time": "29.07.2021 16:29",
            "open": "2.7263",
            "high": "2.7263",
            "low": "2.7263",
            "close": "2.7294"
        },
        {
            "time": "29.07.2021 16:30",
            "open": "2.7294",
            "high": "2.7295",
            "low": "2.7294",
            "close": "2.7268"
        },
        {
            "time": "29.07.2021 17:15",
            "open": "2.7268",
            "high": "2.7268",
            "low": "2.7268",
            "close": "2.7295"
        },
        {
            "time": "29.07.2021 17:18",
            "open": "2.7295",
            "high": "2.7352",
            "low": "2.7295",
            "close": "2.7311"
        },
        {
            "time": "29.07.2021 17:19",
            "open": "2.7311",
            "high": "2.7311",
            "low": "2.7302",
            "close": "2.7287"
        },
        {
            "time": "29.07.2021 17:41",
            "open": "2.7287",
            "high": "2.7287",
            "low": "2.7287",
            "close": "2.7427"
        },
        {
            "time": "29.07.2021 17:58",
            "open": "2.7427",
            "high": "2.7427",
            "low": "2.7427",
            "close": "2.744"
        },
        {
            "time": "29.07.2021 18:02",
            "open": "2.744",
            "high": "2.7505",
            "low": "2.744",
            "close": "2.7415"
        },
        {
            "time": "29.07.2021 18:05",
            "open": "2.7415",
            "high": "2.7415",
            "low": "2.7415",
            "close": "2.7425"
        },
        {
            "time": "29.07.2021 18:26",
            "open": "2.7425",
            "high": "2.7425",
            "low": "2.7425",
            "close": "2.7365"
        },
        {
            "time": "29.07.2021 18:54",
            "open": "2.7365",
            "high": "2.7365",
            "low": "2.7365",
            "close": "2.7334"
        },
        {
            "time": "29.07.2021 19:34",
            "open": "2.7334",
            "high": "2.7334",
            "low": "2.7334",
            "close": "2.7251"
        },
        {
            "time": "29.07.2021 20:42",
            "open": "2.7251",
            "high": "2.7251",
            "low": "2.7251",
            "close": "2.7147"
        },
        {
            "time": "29.07.2021 21:11",
            "open": "2.7147",
            "high": "2.7147",
            "low": "2.7147",
            "close": "2.7118"
        },
        {
            "time": "29.07.2021 21:40",
            "open": "2.7118",
            "high": "2.7118",
            "low": "2.7118",
            "close": "2.7207"
        },
        {
            "time": "29.07.2021 21:50",
            "open": "2.7207",
            "high": "2.7207",
            "low": "2.7207",
            "close": "2.7214"
        },
        {
            "time": "29.07.2021 22:02",
            "open": "2.7214",
            "high": "2.7214",
            "low": "2.7214",
            "close": "2.7252"
        },
        {
            "time": "29.07.2021 22:05",
            "open": "2.7252",
            "high": "2.7252",
            "low": "2.7251",
            "close": "2.7267"
        },
        {
            "time": "29.07.2021 22:06",
            "open": "2.7267",
            "high": "2.7267",
            "low": "2.7267",
            "close": "2.726"
        },
        {
            "time": "29.07.2021 22:08",
            "open": "2.726",
            "high": "2.726",
            "low": "2.726",
            "close": "2.7296"
        },
        {
            "time": "29.07.2021 22:11",
            "open": "2.7296",
            "high": "2.7296",
            "low": "2.7296",
            "close": "2.7275"
        },
        {
            "time": "29.07.2021 22:12",
            "open": "2.7275",
            "high": "2.7275",
            "low": "2.7275",
            "close": "2.7272"
        },
        {
            "time": "29.07.2021 22:16",
            "open": "2.7272",
            "high": "2.7272",
            "low": "2.7271",
            "close": "2.7348"
        },
        {
            "time": "29.07.2021 22:24",
            "open": "2.7348",
            "high": "2.7348",
            "low": "2.7348",
            "close": "2.7348"
        },
        {
            "time": "29.07.2021 23:08",
            "open": "2.7348",
            "high": "2.7348",
            "low": "2.7348",
            "close": "2.7326"
        }
    ]
}