{
    "BNT-EUR": [
        {
            "time": "20.01.2021 23:57",
            "open": "1.4402",
            "high": "1.4402",
            "low": "1.4402",
            "close": "1.4333"
        },
        {
            "time": "21.01.2021 00:06",
            "open": "1.4334",
            "high": "1.4334",
            "low": "1.4334",
            "close": "1.4453"
        },
        {
            "time": "21.01.2021 00:16",
            "open": "1.4453",
            "high": "1.4471",
            "low": "1.4453",
            "close": "1.45"
        },
        {
            "time": "21.01.2021 00:25",
            "open": "1.45",
            "high": "1.45",
            "low": "1.4499",
            "close": "1.4526"
        },
        {
            "time": "21.01.2021 00:26",
            "open": "1.4526",
            "high": "1.4526",
            "low": "1.4526",
            "close": "1.4559"
        },
        {
            "time": "21.01.2021 00:29",
            "open": "1.4559",
            "high": "1.456",
            "low": "1.4559",
            "close": "1.4552"
        },
        {
            "time": "21.01.2021 00:31",
            "open": "1.4552",
            "high": "1.4552",
            "low": "1.4552",
            "close": "1.4503"
        },
        {
            "time": "21.01.2021 00:37",
            "open": "1.4503",
            "high": "1.4507",
            "low": "1.4503",
            "close": "1.4551"
        },
        {
            "time": "21.01.2021 00:42",
            "open": "1.4551",
            "high": "1.4551",
            "low": "1.4551",
            "close": "1.4575"
        },
        {
            "time": "21.01.2021 00:43",
            "open": "1.4575",
            "high": "1.4579",
            "low": "1.4575",
            "close": "1.459"
        },
        {
            "time": "21.01.2021 00:46",
            "open": "1.459",
            "high": "1.459",
            "low": "1.4543",
            "close": "1.4592"
        },
        {
            "time": "21.01.2021 00:47",
            "open": "1.4592",
            "high": "1.4592",
            "low": "1.4592",
            "close": "1.4625"
        },
        {
            "time": "21.01.2021 00:48",
            "open": "1.4625",
            "high": "1.4625",
            "low": "1.4603",
            "close": "1.4666"
        },
        {
            "time": "21.01.2021 00:53",
            "open": "1.4666",
            "high": "1.4685",
            "low": "1.4666",
            "close": "1.4697"
        },
        {
            "time": "21.01.2021 00:54",
            "open": "1.4697",
            "high": "1.4697",
            "low": "1.4697",
            "close": "1.4583"
        },
        {
            "time": "21.01.2021 01:00",
            "open": "1.4583",
            "high": "1.4614",
            "low": "1.4583",
            "close": "1.4589"
        },
        {
            "time": "21.01.2021 01:04",
            "open": "1.4589",
            "high": "1.4589",
            "low": "1.4589",
            "close": "1.4553"
        },
        {
            "time": "21.01.2021 01:08",
            "open": "1.4553",
            "high": "1.4553",
            "low": "1.4538",
            "close": "1.4579"
        },
        {
            "time": "21.01.2021 01:12",
            "open": "1.4579",
            "high": "1.4615",
            "low": "1.4579",
            "close": "1.455"
        },
        {
            "time": "21.01.2021 01:16",
            "open": "1.455",
            "high": "1.455",
            "low": "1.455",
            "close": "1.4534"
        },
        {
            "time": "21.01.2021 01:17",
            "open": "1.4534",
            "high": "1.456",
            "low": "1.4534",
            "close": "1.4573"
        },
        {
            "time": "21.01.2021 01:24",
            "open": "1.4573",
            "high": "1.4573",
            "low": "1.4573",
            "close": "1.4544"
        },
        {
            "time": "21.01.2021 01:28",
            "open": "1.4544",
            "high": "1.4544",
            "low": "1.4544",
            "close": "1.4526"
        },
        {
            "time": "21.01.2021 01:31",
            "open": "1.4526",
            "high": "1.4526",
            "low": "1.4526",
            "close": "1.4469"
        },
        {
            "time": "21.01.2021 01:39",
            "open": "1.4469",
            "high": "1.4469",
            "low": "1.4469",
            "close": "1.4481"
        },
        {
            "time": "21.01.2021 01:44",
            "open": "1.4481",
            "high": "1.4484",
            "low": "1.4481",
            "close": "1.4467"
        },
        {
            "time": "21.01.2021 01:51",
            "open": "1.4467",
            "high": "1.4467",
            "low": "1.4467",
            "close": "1.4461"
        },
        {
            "time": "21.01.2021 01:55",
            "open": "1.4461",
            "high": "1.4461",
            "low": "1.4423",
            "close": "1.4447"
        },
        {
            "time": "21.01.2021 02:06",
            "open": "1.4447",
            "high": "1.4447",
            "low": "1.4447",
            "close": "1.4401"
        },
        {
            "time": "21.01.2021 02:11",
            "open": "1.4401",
            "high": "1.4401",
            "low": "1.4401",
            "close": "1.4348"
        },
        {
            "time": "21.01.2021 02:17",
            "open": "1.4348",
            "high": "1.4348",
            "low": "1.4348",
            "close": "1.4314"
        },
        {
            "time": "21.01.2021 02:46",
            "open": "1.4314",
            "high": "1.4314",
            "low": "1.4314",
            "close": "1.4315"
        },
        {
            "time": "21.01.2021 02:47",
            "open": "1.4315",
            "high": "1.4315",
            "low": "1.4315",
            "close": "1.4314"
        },
        {
            "time": "21.01.2021 02:51",
            "open": "1.4314",
            "high": "1.4314",
            "low": "1.431",
            "close": "1.43"
        },
        {
            "time": "21.01.2021 02:52",
            "open": "1.43",
            "high": "1.43",
            "low": "1.43",
            "close": "1.4293"
        },
        {
            "time": "21.01.2021 02:54",
            "open": "1.4293",
            "high": "1.4293",
            "low": "1.4293",
            "close": "1.4231"
        },
        {
            "time": "21.01.2021 03:08",
            "open": "1.4231",
            "high": "1.4231",
            "low": "1.4231",
            "close": "1.4236"
        },
        {
            "time": "21.01.2021 03:12",
            "open": "1.4236",
            "high": "1.4236",
            "low": "1.4236",
            "close": "1.4227"
        },
        {
            "time": "21.01.2021 03:13",
            "open": "1.4227",
            "high": "1.4227",
            "low": "1.4226",
            "close": "1.4226"
        },
        {
            "time": "21.01.2021 03:14",
            "open": "1.4226",
            "high": "1.4226",
            "low": "1.4226",
            "close": "1.4238"
        },
        {
            "time": "21.01.2021 03:16",
            "open": "1.4238",
            "high": "1.4238",
            "low": "1.4238",
            "close": "1.4238"
        },
        {
            "time": "21.01.2021 03:17",
            "open": "1.4238",
            "high": "1.4238",
            "low": "1.4238",
            "close": "1.4195"
        },
        {
            "time": "21.01.2021 03:33",
            "open": "1.4195",
            "high": "1.4195",
            "low": "1.4195",
            "close": "1.4233"
        },
        {
            "time": "21.01.2021 03:44",
            "open": "1.4233",
            "high": "1.4233",
            "low": "1.4233",
            "close": "1.433"
        },
        {
            "time": "21.01.2021 04:01",
            "open": "1.433",
            "high": "1.433",
            "low": "1.433",
            "close": "1.4331"
        },
        {
            "time": "21.01.2021 04:03",
            "open": "1.4331",
            "high": "1.4331",
            "low": "1.4331",
            "close": "1.4355"
        },
        {
            "time": "21.01.2021 04:05",
            "open": "1.4355",
            "high": "1.4355",
            "low": "1.4355",
            "close": "1.4312"
        },
        {
            "time": "21.01.2021 04:20",
            "open": "1.4312",
            "high": "1.4312",
            "low": "1.431",
            "close": "1.4189"
        },
        {
            "time": "21.01.2021 04:43",
            "open": "1.4189",
            "high": "1.4189",
            "low": "1.4189",
            "close": "1.4227"
        },
        {
            "time": "21.01.2021 04:44",
            "open": "1.4227",
            "high": "1.4227",
            "low": "1.4227",
            "close": "1.4222"
        },
        {
            "time": "21.01.2021 05:01",
            "open": "1.4222",
            "high": "1.4222",
            "low": "1.422",
            "close": "1.4252"
        },
        {
            "time": "21.01.2021 05:03",
            "open": "1.4252",
            "high": "1.4252",
            "low": "1.4252",
            "close": "1.4335"
        },
        {
            "time": "21.01.2021 05:04",
            "open": "1.4335",
            "high": "1.4335",
            "low": "1.4335",
            "close": "1.4271"
        },
        {
            "time": "21.01.2021 05:13",
            "open": "1.4271",
            "high": "1.4271",
            "low": "1.4271",
            "close": "1.4271"
        },
        {
            "time": "21.01.2021 05:34",
            "open": "1.4271",
            "high": "1.4271",
            "low": "1.4271",
            "close": "1.4232"
        },
        {
            "time": "21.01.2021 05:39",
            "open": "1.4232",
            "high": "1.4232",
            "low": "1.4232",
            "close": "1.4165"
        },
        {
            "time": "21.01.2021 05:42",
            "open": "1.4165",
            "high": "1.4165",
            "low": "1.4165",
            "close": "1.4062"
        },
        {
            "time": "21.01.2021 05:48",
            "open": "1.4062",
            "high": "1.4062",
            "low": "1.4062",
            "close": "1.4155"
        },
        {
            "time": "21.01.2021 05:51",
            "open": "1.4155",
            "high": "1.4155",
            "low": "1.4155",
            "close": "1.404"
        },
        {
            "time": "21.01.2021 05:53",
            "open": "1.404",
            "high": "1.404",
            "low": "1.404",
            "close": "1.4002"
        },
        {
            "time": "21.01.2021 05:55",
            "open": "1.4002",
            "high": "1.4002",
            "low": "1.3983",
            "close": "1.4034"
        },
        {
            "time": "21.01.2021 05:56",
            "open": "1.4034",
            "high": "1.4034",
            "low": "1.4034",
            "close": "1.3954"
        },
        {
            "time": "21.01.2021 05:58",
            "open": "1.3954",
            "high": "1.3954",
            "low": "1.3942",
            "close": "1.3942"
        },
        {
            "time": "21.01.2021 06:05",
            "open": "1.3942",
            "high": "1.3942",
            "low": "1.3925",
            "close": "1.3918"
        },
        {
            "time": "21.01.2021 06:06",
            "open": "1.3918",
            "high": "1.3918",
            "low": "1.3918",
            "close": "1.397"
        },
        {
            "time": "21.01.2021 06:13",
            "open": "1.397",
            "high": "1.3976",
            "low": "1.397",
            "close": "1.3977"
        },
        {
            "time": "21.01.2021 06:25",
            "open": "1.3977",
            "high": "1.3977",
            "low": "1.3977",
            "close": "1.4035"
        },
        {
            "time": "21.01.2021 06:42",
            "open": "1.4035",
            "high": "1.4035",
            "low": "1.4028",
            "close": "1.3977"
        },
        {
            "time": "21.01.2021 06:46",
            "open": "1.3977",
            "high": "1.3977",
            "low": "1.3977",
            "close": "1.4039"
        },
        {
            "time": "21.01.2021 06:47",
            "open": "1.4039",
            "high": "1.4039",
            "low": "1.4039",
            "close": "1.4039"
        },
        {
            "time": "21.01.2021 06:48",
            "open": "1.4039",
            "high": "1.4039",
            "low": "1.4039",
            "close": "1.404"
        },
        {
            "time": "21.01.2021 06:49",
            "open": "1.404",
            "high": "1.4086",
            "low": "1.404",
            "close": "1.4093"
        },
        {
            "time": "21.01.2021 06:54",
            "open": "1.4093",
            "high": "1.4093",
            "low": "1.4091",
            "close": "1.4095"
        },
        {
            "time": "21.01.2021 06:55",
            "open": "1.4095",
            "high": "1.4095",
            "low": "1.4095",
            "close": "1.4082"
        },
        {
            "time": "21.01.2021 07:15",
            "open": "1.4082",
            "high": "1.4082",
            "low": "1.4082",
            "close": "1.4177"
        },
        {
            "time": "21.01.2021 07:20",
            "open": "1.4177",
            "high": "1.4177",
            "low": "1.4177",
            "close": "1.4064"
        },
        {
            "time": "21.01.2021 07:42",
            "open": "1.4064",
            "high": "1.4069",
            "low": "1.4064",
            "close": "1.4102"
        },
        {
            "time": "21.01.2021 08:02",
            "open": "1.4102",
            "high": "1.4128",
            "low": "1.4102",
            "close": "1.4123"
        },
        {
            "time": "21.01.2021 08:08",
            "open": "1.4123",
            "high": "1.4123",
            "low": "1.4123",
            "close": "1.4178"
        },
        {
            "time": "21.01.2021 08:17",
            "open": "1.4178",
            "high": "1.4178",
            "low": "1.4076",
            "close": "1.4058"
        },
        {
            "time": "21.01.2021 08:20",
            "open": "1.4058",
            "high": "1.4058",
            "low": "1.4058",
            "close": "1.4023"
        },
        {
            "time": "21.01.2021 08:21",
            "open": "1.4023",
            "high": "1.4026",
            "low": "1.4023",
            "close": "1.4056"
        },
        {
            "time": "21.01.2021 08:24",
            "open": "1.4056",
            "high": "1.4076",
            "low": "1.4056",
            "close": "1.4075"
        },
        {
            "time": "21.01.2021 08:27",
            "open": "1.4075",
            "high": "1.4076",
            "low": "1.4075",
            "close": "1.4082"
        },
        {
            "time": "21.01.2021 08:28",
            "open": "1.4082",
            "high": "1.4082",
            "low": "1.4082",
            "close": "1.4075"
        },
        {
            "time": "21.01.2021 08:35",
            "open": "1.4075",
            "high": "1.4075",
            "low": "1.4075",
            "close": "1.4107"
        },
        {
            "time": "21.01.2021 08:38",
            "open": "1.4107",
            "high": "1.4133",
            "low": "1.4107",
            "close": "1.4045"
        },
        {
            "time": "21.01.2021 08:43",
            "open": "1.4045",
            "high": "1.4045",
            "low": "1.4045",
            "close": "1.4108"
        },
        {
            "time": "21.01.2021 08:45",
            "open": "1.4108",
            "high": "1.4108",
            "low": "1.4108",
            "close": "1.41"
        },
        {
            "time": "21.01.2021 08:46",
            "open": "1.41",
            "high": "1.4108",
            "low": "1.4055",
            "close": "1.4044"
        },
        {
            "time": "21.01.2021 08:48",
            "open": "1.4044",
            "high": "1.4044",
            "low": "1.4044",
            "close": "1.4029"
        },
        {
            "time": "21.01.2021 09:03",
            "open": "1.4029",
            "high": "1.4029",
            "low": "1.4029",
            "close": "1.404"
        },
        {
            "time": "21.01.2021 09:06",
            "open": "1.404",
            "high": "1.404",
            "low": "1.404",
            "close": "1.3926"
        },
        {
            "time": "21.01.2021 09:10",
            "open": "1.3926",
            "high": "1.3926",
            "low": "1.3926",
            "close": "1.3957"
        },
        {
            "time": "21.01.2021 09:14",
            "open": "1.3957",
            "high": "1.3957",
            "low": "1.3957",
            "close": "1.3851"
        },
        {
            "time": "21.01.2021 09:22",
            "open": "1.3851",
            "high": "1.3851",
            "low": "1.3849",
            "close": "1.3846"
        },
        {
            "time": "21.01.2021 09:27",
            "open": "1.3846",
            "high": "1.3846",
            "low": "1.3846",
            "close": "1.3796"
        },
        {
            "time": "21.01.2021 09:30",
            "open": "1.3796",
            "high": "1.3796",
            "low": "1.3796",
            "close": "1.3744"
        },
        {
            "time": "21.01.2021 09:31",
            "open": "1.3744",
            "high": "1.3744",
            "low": "1.3744",
            "close": "1.3689"
        },
        {
            "time": "21.01.2021 09:33",
            "open": "1.3689",
            "high": "1.3788",
            "low": "1.3689",
            "close": "1.3655"
        },
        {
            "time": "21.01.2021 09:34",
            "open": "1.3655",
            "high": "1.3656",
            "low": "1.3655",
            "close": "1.368"
        },
        {
            "time": "21.01.2021 09:36",
            "open": "1.368",
            "high": "1.368",
            "low": "1.368",
            "close": "1.368"
        },
        {
            "time": "21.01.2021 09:37",
            "open": "1.368",
            "high": "1.368",
            "low": "1.368",
            "close": "1.368"
        },
        {
            "time": "21.01.2021 09:40",
            "open": "1.368",
            "high": "1.368",
            "low": "1.368",
            "close": "1.368"
        },
        {
            "time": "21.01.2021 09:41",
            "open": "1.368",
            "high": "1.368",
            "low": "1.3621",
            "close": "1.3621"
        },
        {
            "time": "21.01.2021 09:42",
            "open": "1.3621",
            "high": "1.3621",
            "low": "1.3621",
            "close": "1.3681"
        },
        {
            "time": "21.01.2021 09:46",
            "open": "1.3681",
            "high": "1.3681",
            "low": "1.3681",
            "close": "1.3686"
        },
        {
            "time": "21.01.2021 09:47",
            "open": "1.3686",
            "high": "1.3686",
            "low": "1.3686",
            "close": "1.3718"
        },
        {
            "time": "21.01.2021 09:49",
            "open": "1.3718",
            "high": "1.3718",
            "low": "1.3686",
            "close": "1.3655"
        },
        {
            "time": "21.01.2021 09:53",
            "open": "1.3655",
            "high": "1.3655",
            "low": "1.3655",
            "close": "1.3566"
        },
        {
            "time": "21.01.2021 09:55",
            "open": "1.3566",
            "high": "1.3566",
            "low": "1.3566",
            "close": "1.3566"
        },
        {
            "time": "21.01.2021 09:58",
            "open": "1.3566",
            "high": "1.3566",
            "low": "1.353",
            "close": "1.3635"
        },
        {
            "time": "21.01.2021 10:01",
            "open": "1.3635",
            "high": "1.3635",
            "low": "1.3635",
            "close": "1.3595"
        },
        {
            "time": "21.01.2021 10:03",
            "open": "1.3595",
            "high": "1.3596",
            "low": "1.3595",
            "close": "1.3525"
        },
        {
            "time": "21.01.2021 10:06",
            "open": "1.3525",
            "high": "1.3525",
            "low": "1.35",
            "close": "1.3504"
        },
        {
            "time": "21.01.2021 10:07",
            "open": "1.3504",
            "high": "1.3507",
            "low": "1.349",
            "close": "1.3515"
        },
        {
            "time": "21.01.2021 10:08",
            "open": "1.3515",
            "high": "1.3515",
            "low": "1.3515",
            "close": "1.3517"
        },
        {
            "time": "21.01.2021 10:10",
            "open": "1.3517",
            "high": "1.3533",
            "low": "1.3517",
            "close": "1.3517"
        },
        {
            "time": "21.01.2021 10:11",
            "open": "1.3517",
            "high": "1.3517",
            "low": "1.3517",
            "close": "1.3437"
        },
        {
            "time": "21.01.2021 10:14",
            "open": "1.3437",
            "high": "1.3437",
            "low": "1.34",
            "close": "1.3377"
        },
        {
            "time": "21.01.2021 10:15",
            "open": "1.3377",
            "high": "1.341",
            "low": "1.3377",
            "close": "1.3414"
        },
        {
            "time": "21.01.2021 10:16",
            "open": "1.3414",
            "high": "1.3414",
            "low": "1.3405",
            "close": "1.3304"
        },
        {
            "time": "21.01.2021 10:18",
            "open": "1.3304",
            "high": "1.3304",
            "low": "1.3294",
            "close": "1.3355"
        },
        {
            "time": "21.01.2021 10:19",
            "open": "1.3355",
            "high": "1.3356",
            "low": "1.3355",
            "close": "1.3476"
        },
        {
            "time": "21.01.2021 10:20",
            "open": "1.3507",
            "high": "1.3507",
            "low": "1.3507",
            "close": "1.3447"
        },
        {
            "time": "21.01.2021 10:29",
            "open": "1.3447",
            "high": "1.3447",
            "low": "1.3447",
            "close": "1.3447"
        },
        {
            "time": "21.01.2021 10:30",
            "open": "1.3447",
            "high": "1.3447",
            "low": "1.3447",
            "close": "1.3392"
        },
        {
            "time": "21.01.2021 10:32",
            "open": "1.3392",
            "high": "1.3392",
            "low": "1.3392",
            "close": "1.3248"
        },
        {
            "time": "21.01.2021 10:37",
            "open": "1.3248",
            "high": "1.3322",
            "low": "1.3201",
            "close": "1.3315"
        },
        {
            "time": "21.01.2021 10:40",
            "open": "1.3315",
            "high": "1.334",
            "low": "1.3315",
            "close": "1.3395"
        },
        {
            "time": "21.01.2021 10:42",
            "open": "1.3395",
            "high": "1.3396",
            "low": "1.3395",
            "close": "1.3361"
        },
        {
            "time": "21.01.2021 10:50",
            "open": "1.3361",
            "high": "1.3361",
            "low": "1.3361",
            "close": "1.3428"
        },
        {
            "time": "21.01.2021 10:53",
            "open": "1.3428",
            "high": "1.3428",
            "low": "1.3428",
            "close": "1.3452"
        },
        {
            "time": "21.01.2021 10:54",
            "open": "1.3452",
            "high": "1.3452",
            "low": "1.3452",
            "close": "1.341"
        },
        {
            "time": "21.01.2021 10:56",
            "open": "1.341",
            "high": "1.341",
            "low": "1.341",
            "close": "1.3428"
        },
        {
            "time": "21.01.2021 11:00",
            "open": "1.3428",
            "high": "1.3428",
            "low": "1.3428",
            "close": "1.3295"
        },
        {
            "time": "21.01.2021 11:07",
            "open": "1.3295",
            "high": "1.3295",
            "low": "1.3295",
            "close": "1.3339"
        },
        {
            "time": "21.01.2021 11:10",
            "open": "1.3339",
            "high": "1.3339",
            "low": "1.3335",
            "close": "1.3224"
        },
        {
            "time": "21.01.2021 11:12",
            "open": "1.3224",
            "high": "1.3224",
            "low": "1.3224",
            "close": "1.32"
        },
        {
            "time": "21.01.2021 11:13",
            "open": "1.32",
            "high": "1.3246",
            "low": "1.3179",
            "close": "1.3153"
        },
        {
            "time": "21.01.2021 11:15",
            "open": "1.3153",
            "high": "1.3153",
            "low": "1.3153",
            "close": "1.3152"
        },
        {
            "time": "21.01.2021 11:18",
            "open": "1.3152",
            "high": "1.3152",
            "low": "1.3",
            "close": "1.3092"
        },
        {
            "time": "21.01.2021 11:20",
            "open": "1.3092",
            "high": "1.3108",
            "low": "1.3092",
            "close": "1.3156"
        },
        {
            "time": "21.01.2021 11:25",
            "open": "1.3156",
            "high": "1.3156",
            "low": "1.3114",
            "close": "1.3088"
        },
        {
            "time": "21.01.2021 11:27",
            "open": "1.3088",
            "high": "1.3088",
            "low": "1.3088",
            "close": "1.3119"
        },
        {
            "time": "21.01.2021 11:28",
            "open": "1.3119",
            "high": "1.3119",
            "low": "1.3119",
            "close": "1.3213"
        },
        {
            "time": "21.01.2021 11:29",
            "open": "1.3213",
            "high": "1.3213",
            "low": "1.3213",
            "close": "1.3275"
        },
        {
            "time": "21.01.2021 11:30",
            "open": "1.3275",
            "high": "1.3275",
            "low": "1.3275",
            "close": "1.3334"
        },
        {
            "time": "21.01.2021 11:32",
            "open": "1.3334",
            "high": "1.3334",
            "low": "1.3334",
            "close": "1.3383"
        },
        {
            "time": "21.01.2021 11:34",
            "open": "1.3383",
            "high": "1.3383",
            "low": "1.3383",
            "close": "1.337"
        },
        {
            "time": "21.01.2021 11:46",
            "open": "1.337",
            "high": "1.337",
            "low": "1.337",
            "close": "1.3386"
        },
        {
            "time": "21.01.2021 11:47",
            "open": "1.3386",
            "high": "1.3386",
            "low": "1.3386",
            "close": "1.3315"
        },
        {
            "time": "21.01.2021 12:00",
            "open": "1.3315",
            "high": "1.3315",
            "low": "1.3315",
            "close": "1.3252"
        },
        {
            "time": "21.01.2021 12:01",
            "open": "1.3252",
            "high": "1.3252",
            "low": "1.3238",
            "close": "1.3309"
        },
        {
            "time": "21.01.2021 12:04",
            "open": "1.3309",
            "high": "1.3345",
            "low": "1.3309",
            "close": "1.3362"
        },
        {
            "time": "21.01.2021 12:05",
            "open": "1.3362",
            "high": "1.3362",
            "low": "1.3362",
            "close": "1.3418"
        },
        {
            "time": "21.01.2021 12:20",
            "open": "1.3418",
            "high": "1.3419",
            "low": "1.3418",
            "close": "1.3316"
        },
        {
            "time": "21.01.2021 12:25",
            "open": "1.3316",
            "high": "1.3316",
            "low": "1.3278",
            "close": "1.3277"
        },
        {
            "time": "21.01.2021 12:26",
            "open": "1.3277",
            "high": "1.3277",
            "low": "1.3277",
            "close": "1.3303"
        },
        {
            "time": "21.01.2021 12:27",
            "open": "1.3303",
            "high": "1.3303",
            "low": "1.3303",
            "close": "1.3323"
        },
        {
            "time": "21.01.2021 12:55",
            "open": "1.3323",
            "high": "1.3323",
            "low": "1.3323",
            "close": "1.3326"
        },
        {
            "time": "21.01.2021 12:56",
            "open": "1.3326",
            "high": "1.3326",
            "low": "1.3326",
            "close": "1.3278"
        },
        {
            "time": "21.01.2021 12:57",
            "open": "1.3278",
            "high": "1.3278",
            "low": "1.3214",
            "close": "1.3218"
        },
        {
            "time": "21.01.2021 12:58",
            "open": "1.3218",
            "high": "1.3218",
            "low": "1.3218",
            "close": "1.3177"
        },
        {
            "time": "21.01.2021 12:59",
            "open": "1.3177",
            "high": "1.3177",
            "low": "1.3177",
            "close": "1.3131"
        },
        {
            "time": "21.01.2021 13:02",
            "open": "1.3131",
            "high": "1.3131",
            "low": "1.3131",
            "close": "1.31"
        },
        {
            "time": "21.01.2021 13:04",
            "open": "1.31",
            "high": "1.31",
            "low": "1.31",
            "close": "1.3"
        },
        {
            "time": "21.01.2021 13:06",
            "open": "1.3",
            "high": "1.3",
            "low": "1.298",
            "close": "1.2964"
        },
        {
            "time": "21.01.2021 13:07",
            "open": "1.2964",
            "high": "1.2964",
            "low": "1.2964",
            "close": "1.2992"
        },
        {
            "time": "21.01.2021 13:08",
            "open": "1.2992",
            "high": "1.2992",
            "low": "1.2936",
            "close": "1.3071"
        },
        {
            "time": "21.01.2021 13:09",
            "open": "1.3071",
            "high": "1.3071",
            "low": "1.3071",
            "close": "1.2984"
        },
        {
            "time": "21.01.2021 13:10",
            "open": "1.2984",
            "high": "1.2984",
            "low": "1.2984",
            "close": "1.305"
        },
        {
            "time": "21.01.2021 13:11",
            "open": "1.305",
            "high": "1.3054",
            "low": "1.305",
            "close": "1.2958"
        },
        {
            "time": "21.01.2021 13:13",
            "open": "1.2958",
            "high": "1.2958",
            "low": "1.29",
            "close": "1.292"
        },
        {
            "time": "21.01.2021 13:15",
            "open": "1.292",
            "high": "1.2942",
            "low": "1.292",
            "close": "1.2999"
        },
        {
            "time": "21.01.2021 13:16",
            "open": "1.2999",
            "high": "1.3",
            "low": "1.2999",
            "close": "1.3125"
        },
        {
            "time": "21.01.2021 13:19",
            "open": "1.3125",
            "high": "1.3125",
            "low": "1.3125",
            "close": "1.3208"
        },
        {
            "time": "21.01.2021 13:27",
            "open": "1.3208",
            "high": "1.3208",
            "low": "1.3208",
            "close": "1.3309"
        },
        {
            "time": "21.01.2021 13:33",
            "open": "1.3309",
            "high": "1.3369",
            "low": "1.3309",
            "close": "1.3369"
        },
        {
            "time": "21.01.2021 13:34",
            "open": "1.3369",
            "high": "1.3369",
            "low": "1.3369",
            "close": "1.336"
        },
        {
            "time": "21.01.2021 13:35",
            "open": "1.336",
            "high": "1.336",
            "low": "1.336",
            "close": "1.3322"
        },
        {
            "time": "21.01.2021 13:37",
            "open": "1.3322",
            "high": "1.3322",
            "low": "1.3322",
            "close": "1.3327"
        },
        {
            "time": "21.01.2021 13:43",
            "open": "1.3327",
            "high": "1.3327",
            "low": "1.3327",
            "close": "1.3412"
        },
        {
            "time": "21.01.2021 13:45",
            "open": "1.3412",
            "high": "1.3412",
            "low": "1.3412",
            "close": "1.3441"
        },
        {
            "time": "21.01.2021 13:47",
            "open": "1.3441",
            "high": "1.3441",
            "low": "1.3441",
            "close": "1.3418"
        },
        {
            "time": "21.01.2021 14:01",
            "open": "1.3418",
            "high": "1.3418",
            "low": "1.3408",
            "close": "1.3346"
        },
        {
            "time": "21.01.2021 14:02",
            "open": "1.3346",
            "high": "1.3346",
            "low": "1.3346",
            "close": "1.3377"
        },
        {
            "time": "21.01.2021 14:05",
            "open": "1.3377",
            "high": "1.3377",
            "low": "1.3377",
            "close": "1.3392"
        },
        {
            "time": "21.01.2021 14:07",
            "open": "1.3392",
            "high": "1.3392",
            "low": "1.3392",
            "close": "1.3402"
        },
        {
            "time": "21.01.2021 14:10",
            "open": "1.3402",
            "high": "1.3402",
            "low": "1.34",
            "close": "1.3383"
        },
        {
            "time": "21.01.2021 14:17",
            "open": "1.3383",
            "high": "1.3383",
            "low": "1.3382",
            "close": "1.3437"
        },
        {
            "time": "21.01.2021 14:19",
            "open": "1.3437",
            "high": "1.3437",
            "low": "1.3437",
            "close": "1.337"
        },
        {
            "time": "21.01.2021 14:28",
            "open": "1.337",
            "high": "1.337",
            "low": "1.337",
            "close": "1.344"
        },
        {
            "time": "21.01.2021 14:29",
            "open": "1.344",
            "high": "1.344",
            "low": "1.344",
            "close": "1.3472"
        },
        {
            "time": "21.01.2021 14:32",
            "open": "1.3472",
            "high": "1.3472",
            "low": "1.3472",
            "close": "1.3387"
        },
        {
            "time": "21.01.2021 14:35",
            "open": "1.3387",
            "high": "1.3387",
            "low": "1.3387",
            "close": "1.3413"
        },
        {
            "time": "21.01.2021 14:36",
            "open": "1.3413",
            "high": "1.3413",
            "low": "1.3413",
            "close": "1.3383"
        },
        {
            "time": "21.01.2021 14:39",
            "open": "1.3383",
            "high": "1.3383",
            "low": "1.3383",
            "close": "1.3383"
        },
        {
            "time": "21.01.2021 14:42",
            "open": "1.3383",
            "high": "1.3383",
            "low": "1.3383",
            "close": "1.3383"
        },
        {
            "time": "21.01.2021 14:43",
            "open": "1.3383",
            "high": "1.3383",
            "low": "1.3383",
            "close": "1.3378"
        },
        {
            "time": "21.01.2021 14:46",
            "open": "1.3378",
            "high": "1.3378",
            "low": "1.3378",
            "close": "1.3366"
        },
        {
            "time": "21.01.2021 14:48",
            "open": "1.3366",
            "high": "1.3366",
            "low": "1.3324",
            "close": "1.3318"
        },
        {
            "time": "21.01.2021 14:49",
            "open": "1.3318",
            "high": "1.3318",
            "low": "1.3314",
            "close": "1.3307"
        },
        {
            "time": "21.01.2021 15:03",
            "open": "1.3307",
            "high": "1.3404",
            "low": "1.3307",
            "close": "1.3278"
        },
        {
            "time": "21.01.2021 15:08",
            "open": "1.3278",
            "high": "1.3278",
            "low": "1.3278",
            "close": "1.3198"
        },
        {
            "time": "21.01.2021 15:09",
            "open": "1.3198",
            "high": "1.3198",
            "low": "1.3198",
            "close": "1.3152"
        },
        {
            "time": "21.01.2021 15:10",
            "open": "1.3152",
            "high": "1.3152",
            "low": "1.3152",
            "close": "1.3256"
        },
        {
            "time": "21.01.2021 15:17",
            "open": "1.3256",
            "high": "1.3256",
            "low": "1.3256",
            "close": "1.3101"
        },
        {
            "time": "21.01.2021 15:29",
            "open": "1.3101",
            "high": "1.3101",
            "low": "1.3101",
            "close": "1.3226"
        },
        {
            "time": "21.01.2021 15:31",
            "open": "1.3226",
            "high": "1.3226",
            "low": "1.3226",
            "close": "1.3072"
        },
        {
            "time": "21.01.2021 15:39",
            "open": "1.3072",
            "high": "1.3072",
            "low": "1.3072",
            "close": "1.3082"
        },
        {
            "time": "21.01.2021 15:40",
            "open": "1.3082",
            "high": "1.3082",
            "low": "1.3082",
            "close": "1.3034"
        },
        {
            "time": "21.01.2021 15:41",
            "open": "1.3034",
            "high": "1.3034",
            "low": "1.3034",
            "close": "1.3002"
        },
        {
            "time": "21.01.2021 15:42",
            "open": "1.3002",
            "high": "1.3002",
            "low": "1.3002",
            "close": "1.3"
        },
        {
            "time": "21.01.2021 15:43",
            "open": "1.3",
            "high": "1.3",
            "low": "1.3",
            "close": "1.303"
        },
        {
            "time": "21.01.2021 15:45",
            "open": "1.303",
            "high": "1.303",
            "low": "1.303",
            "close": "1.3129"
        },
        {
            "time": "21.01.2021 15:46",
            "open": "1.3129",
            "high": "1.3155",
            "low": "1.3129",
            "close": "1.3135"
        },
        {
            "time": "21.01.2021 15:49",
            "open": "1.3135",
            "high": "1.3135",
            "low": "1.3135",
            "close": "1.3104"
        },
        {
            "time": "21.01.2021 15:51",
            "open": "1.3104",
            "high": "1.3104",
            "low": "1.3104",
            "close": "1.3104"
        },
        {
            "time": "21.01.2021 15:53",
            "open": "1.3104",
            "high": "1.3104",
            "low": "1.3104",
            "close": "1.2933"
        },
        {
            "time": "21.01.2021 16:00",
            "open": "1.2933",
            "high": "1.2993",
            "low": "1.2933",
            "close": "1.3005"
        },
        {
            "time": "21.01.2021 16:05",
            "open": "1.3005",
            "high": "1.3005",
            "low": "1.3005",
            "close": "1.3086"
        },
        {
            "time": "21.01.2021 16:06",
            "open": "1.3086",
            "high": "1.3086",
            "low": "1.3086",
            "close": "1.3074"
        },
        {
            "time": "21.01.2021 16:11",
            "open": "1.3074",
            "high": "1.3074",
            "low": "1.3074",
            "close": "1.313"
        },
        {
            "time": "21.01.2021 16:22",
            "open": "1.313",
            "high": "1.313",
            "low": "1.313",
            "close": "1.3193"
        },
        {
            "time": "21.01.2021 16:23",
            "open": "1.3193",
            "high": "1.3193",
            "low": "1.3193",
            "close": "1.3023"
        },
        {
            "time": "21.01.2021 16:30",
            "open": "1.3023",
            "high": "1.3023",
            "low": "1.3023",
            "close": "1.3094"
        },
        {
            "time": "21.01.2021 16:32",
            "open": "1.3094",
            "high": "1.3094",
            "low": "1.3034",
            "close": "1.3085"
        },
        {
            "time": "21.01.2021 16:41",
            "open": "1.3085",
            "high": "1.3085",
            "low": "1.3085",
            "close": "1.3046"
        },
        {
            "time": "21.01.2021 16:45",
            "open": "1.3046",
            "high": "1.3046",
            "low": "1.3046",
            "close": "1.2923"
        },
        {
            "time": "21.01.2021 16:51",
            "open": "1.2923",
            "high": "1.2923",
            "low": "1.2923",
            "close": "1.2916"
        },
        {
            "time": "21.01.2021 16:52",
            "open": "1.2916",
            "high": "1.2916",
            "low": "1.2916",
            "close": "1.2979"
        },
        {
            "time": "21.01.2021 16:53",
            "open": "1.2979",
            "high": "1.2979",
            "low": "1.2979",
            "close": "1.2926"
        },
        {
            "time": "21.01.2021 16:55",
            "open": "1.2926",
            "high": "1.2926",
            "low": "1.2926",
            "close": "1.2958"
        },
        {
            "time": "21.01.2021 16:58",
            "open": "1.2958",
            "high": "1.2958",
            "low": "1.2943",
            "close": "1.2825"
        },
        {
            "time": "21.01.2021 17:00",
            "open": "1.2825",
            "high": "1.2833",
            "low": "1.2825",
            "close": "1.279"
        },
        {
            "time": "21.01.2021 17:01",
            "open": "1.279",
            "high": "1.279",
            "low": "1.2755",
            "close": "1.27"
        },
        {
            "time": "21.01.2021 17:02",
            "open": "1.27",
            "high": "1.2798",
            "low": "1.2692",
            "close": "1.2834"
        },
        {
            "time": "21.01.2021 17:03",
            "open": "1.2834",
            "high": "1.2965",
            "low": "1.2834",
            "close": "1.3024"
        },
        {
            "time": "21.01.2021 17:05",
            "open": "1.3024",
            "high": "1.3024",
            "low": "1.3024",
            "close": "1.3087"
        },
        {
            "time": "21.01.2021 17:07",
            "open": "1.3087",
            "high": "1.3087",
            "low": "1.3082",
            "close": "1.313"
        },
        {
            "time": "21.01.2021 17:08",
            "open": "1.313",
            "high": "1.313",
            "low": "1.3128",
            "close": "1.3121"
        },
        {
            "time": "21.01.2021 17:12",
            "open": "1.3121",
            "high": "1.3132",
            "low": "1.3121",
            "close": "1.321"
        },
        {
            "time": "21.01.2021 17:15",
            "open": "1.321",
            "high": "1.321",
            "low": "1.3106",
            "close": "1.3103"
        },
        {
            "time": "21.01.2021 17:18",
            "open": "1.3103",
            "high": "1.3103",
            "low": "1.3103",
            "close": "1.3094"
        },
        {
            "time": "21.01.2021 17:19",
            "open": "1.3094",
            "high": "1.3094",
            "low": "1.3094",
            "close": "1.3107"
        },
        {
            "time": "21.01.2021 17:22",
            "open": "1.3107",
            "high": "1.3107",
            "low": "1.3107",
            "close": "1.3055"
        },
        {
            "time": "21.01.2021 17:25",
            "open": "1.3055",
            "high": "1.3055",
            "low": "1.3055",
            "close": "1.3056"
        },
        {
            "time": "21.01.2021 17:26",
            "open": "1.3056",
            "high": "1.3056",
            "low": "1.3008",
            "close": "1.3042"
        },
        {
            "time": "21.01.2021 17:27",
            "open": "1.3042",
            "high": "1.3042",
            "low": "1.3005",
            "close": "1.3016"
        },
        {
            "time": "21.01.2021 17:28",
            "open": "1.3016",
            "high": "1.3038",
            "low": "1.3016",
            "close": "1.3038"
        },
        {
            "time": "21.01.2021 17:29",
            "open": "1.3038",
            "high": "1.3038",
            "low": "1.3038",
            "close": "1.3136"
        },
        {
            "time": "21.01.2021 17:30",
            "open": "1.3136",
            "high": "1.3136",
            "low": "1.3136",
            "close": "1.2959"
        },
        {
            "time": "21.01.2021 17:34",
            "open": "1.2959",
            "high": "1.2959",
            "low": "1.2959",
            "close": "1.2958"
        },
        {
            "time": "21.01.2021 17:37",
            "open": "1.2958",
            "high": "1.2958",
            "low": "1.2958",
            "close": "1.2959"
        },
        {
            "time": "21.01.2021 17:38",
            "open": "1.2959",
            "high": "1.2959",
            "low": "1.2959",
            "close": "1.2826"
        },
        {
            "time": "21.01.2021 17:43",
            "open": "1.2826",
            "high": "1.2826",
            "low": "1.2826",
            "close": "1.2834"
        },
        {
            "time": "21.01.2021 17:44",
            "open": "1.2834",
            "high": "1.2834",
            "low": "1.2834",
            "close": "1.282"
        },
        {
            "time": "21.01.2021 17:49",
            "open": "1.282",
            "high": "1.282",
            "low": "1.282",
            "close": "1.2774"
        },
        {
            "time": "21.01.2021 17:53",
            "open": "1.2774",
            "high": "1.2774",
            "low": "1.2774",
            "close": "1.282"
        },
        {
            "time": "21.01.2021 17:55",
            "open": "1.282",
            "high": "1.282",
            "low": "1.282",
            "close": "1.2768"
        },
        {
            "time": "21.01.2021 18:03",
            "open": "1.2768",
            "high": "1.2769",
            "low": "1.2768",
            "close": "1.2802"
        },
        {
            "time": "21.01.2021 18:04",
            "open": "1.2802",
            "high": "1.2802",
            "low": "1.2802",
            "close": "1.2809"
        },
        {
            "time": "21.01.2021 18:08",
            "open": "1.2809",
            "high": "1.2809",
            "low": "1.2809",
            "close": "1.2889"
        },
        {
            "time": "21.01.2021 18:09",
            "open": "1.2889",
            "high": "1.2889",
            "low": "1.2889",
            "close": "1.2755"
        },
        {
            "time": "21.01.2021 18:16",
            "open": "1.2755",
            "high": "1.2755",
            "low": "1.2717",
            "close": "1.2713"
        },
        {
            "time": "21.01.2021 18:18",
            "open": "1.2713",
            "high": "1.2713",
            "low": "1.2713",
            "close": "1.2791"
        },
        {
            "time": "21.01.2021 18:22",
            "open": "1.2791",
            "high": "1.2791",
            "low": "1.2791",
            "close": "1.2738"
        },
        {
            "time": "21.01.2021 18:24",
            "open": "1.2738",
            "high": "1.2738",
            "low": "1.2738",
            "close": "1.2855"
        },
        {
            "time": "21.01.2021 18:26",
            "open": "1.2855",
            "high": "1.2855",
            "low": "1.2855",
            "close": "1.2896"
        },
        {
            "time": "21.01.2021 18:28",
            "open": "1.2896",
            "high": "1.2896",
            "low": "1.2896",
            "close": "1.2796"
        },
        {
            "time": "21.01.2021 18:38",
            "open": "1.2796",
            "high": "1.2796",
            "low": "1.2796",
            "close": "1.2912"
        },
        {
            "time": "21.01.2021 18:44",
            "open": "1.2912",
            "high": "1.2912",
            "low": "1.2912",
            "close": "1.292"
        },
        {
            "time": "21.01.2021 18:51",
            "open": "1.292",
            "high": "1.292",
            "low": "1.292",
            "close": "1.29"
        },
        {
            "time": "21.01.2021 19:00",
            "open": "1.29",
            "high": "1.29",
            "low": "1.29",
            "close": "1.29"
        },
        {
            "time": "21.01.2021 19:01",
            "open": "1.29",
            "high": "1.29",
            "low": "1.29",
            "close": "1.2843"
        },
        {
            "time": "21.01.2021 19:10",
            "open": "1.2843",
            "high": "1.2844",
            "low": "1.2843",
            "close": "1.2866"
        },
        {
            "time": "21.01.2021 19:19",
            "open": "1.2866",
            "high": "1.2866",
            "low": "1.2866",
            "close": "1.2866"
        },
        {
            "time": "21.01.2021 19:33",
            "open": "1.2866",
            "high": "1.2866",
            "low": "1.2866",
            "close": "1.2897"
        },
        {
            "time": "21.01.2021 19:37",
            "open": "1.2897",
            "high": "1.2897",
            "low": "1.2897",
            "close": "1.2948"
        },
        {
            "time": "21.01.2021 19:38",
            "open": "1.2948",
            "high": "1.2972",
            "low": "1.2948",
            "close": "1.2954"
        },
        {
            "time": "21.01.2021 19:39",
            "open": "1.2954",
            "high": "1.2954",
            "low": "1.2954",
            "close": "1.2939"
        },
        {
            "time": "21.01.2021 19:43",
            "open": "1.2939",
            "high": "1.2939",
            "low": "1.2939",
            "close": "1.2864"
        },
        {
            "time": "21.01.2021 19:52",
            "open": "1.2864",
            "high": "1.2939",
            "low": "1.2863",
            "close": "1.29"
        },
        {
            "time": "21.01.2021 19:53",
            "open": "1.29",
            "high": "1.29",
            "low": "1.29",
            "close": "1.303"
        },
        {
            "time": "21.01.2021 20:10",
            "open": "1.303",
            "high": "1.303",
            "low": "1.303",
            "close": "1.303"
        },
        {
            "time": "21.01.2021 20:11",
            "open": "1.303",
            "high": "1.303",
            "low": "1.303",
            "close": "1.3026"
        },
        {
            "time": "21.01.2021 20:12",
            "open": "1.3026",
            "high": "1.3026",
            "low": "1.3018",
            "close": "1.2981"
        },
        {
            "time": "21.01.2021 20:14",
            "open": "1.2981",
            "high": "1.2981",
            "low": "1.2981",
            "close": "1.2996"
        },
        {
            "time": "21.01.2021 20:15",
            "open": "1.2996",
            "high": "1.2996",
            "low": "1.2996",
            "close": "1.314"
        },
        {
            "time": "21.01.2021 20:17",
            "open": "1.314",
            "high": "1.314",
            "low": "1.314",
            "close": "1.3168"
        },
        {
            "time": "21.01.2021 20:20",
            "open": "1.3168",
            "high": "1.3168",
            "low": "1.3168",
            "close": "1.3154"
        },
        {
            "time": "21.01.2021 20:24",
            "open": "1.3154",
            "high": "1.3154",
            "low": "1.3154",
            "close": "1.314"
        },
        {
            "time": "21.01.2021 20:25",
            "open": "1.314",
            "high": "1.314",
            "low": "1.314",
            "close": "1.3123"
        },
        {
            "time": "21.01.2021 20:30",
            "open": "1.3123",
            "high": "1.3123",
            "low": "1.3122",
            "close": "1.3151"
        },
        {
            "time": "21.01.2021 20:31",
            "open": "1.3151",
            "high": "1.3151",
            "low": "1.3151",
            "close": "1.3176"
        },
        {
            "time": "21.01.2021 20:49",
            "open": "1.3176",
            "high": "1.3176",
            "low": "1.3137",
            "close": "1.3128"
        },
        {
            "time": "21.01.2021 20:50",
            "open": "1.3128",
            "high": "1.3157",
            "low": "1.3128",
            "close": "1.3175"
        },
        {
            "time": "21.01.2021 20:53",
            "open": "1.3175",
            "high": "1.3175",
            "low": "1.3175",
            "close": "1.317"
        },
        {
            "time": "21.01.2021 20:54",
            "open": "1.317",
            "high": "1.317",
            "low": "1.317",
            "close": "1.3148"
        },
        {
            "time": "21.01.2021 21:02",
            "open": "1.3148",
            "high": "1.3148",
            "low": "1.3091",
            "close": "1.3112"
        },
        {
            "time": "21.01.2021 21:03",
            "open": "1.3112",
            "high": "1.3112",
            "low": "1.3112",
            "close": "1.3192"
        },
        {
            "time": "21.01.2021 21:08",
            "open": "1.3192",
            "high": "1.3192",
            "low": "1.3192",
            "close": "1.3175"
        },
        {
            "time": "21.01.2021 21:16",
            "open": "1.3175",
            "high": "1.3207",
            "low": "1.3172",
            "close": "1.3141"
        },
        {
            "time": "21.01.2021 21:29",
            "open": "1.3141",
            "high": "1.3141",
            "low": "1.3139",
            "close": "1.3147"
        },
        {
            "time": "21.01.2021 21:30",
            "open": "1.3147",
            "high": "1.3147",
            "low": "1.3147",
            "close": "1.3121"
        },
        {
            "time": "21.01.2021 21:37",
            "open": "1.3121",
            "high": "1.3121",
            "low": "1.3121",
            "close": "1.311"
        },
        {
            "time": "21.01.2021 21:54",
            "open": "1.311",
            "high": "1.311",
            "low": "1.311",
            "close": "1.2997"
        },
        {
            "time": "21.01.2021 21:59",
            "open": "1.2997",
            "high": "1.3046",
            "low": "1.2997",
            "close": "1.3025"
        },
        {
            "time": "21.01.2021 22:02",
            "open": "1.3025",
            "high": "1.3025",
            "low": "1.3025",
            "close": "1.3104"
        },
        {
            "time": "21.01.2021 22:10",
            "open": "1.3104",
            "high": "1.3104",
            "low": "1.3104",
            "close": "1.3117"
        },
        {
            "time": "21.01.2021 22:11",
            "open": "1.3117",
            "high": "1.3125",
            "low": "1.3117",
            "close": "1.3077"
        },
        {
            "time": "21.01.2021 22:25",
            "open": "1.3077",
            "high": "1.3077",
            "low": "1.3077",
            "close": "1.2961"
        },
        {
            "time": "21.01.2021 22:36",
            "open": "1.2961",
            "high": "1.2961",
            "low": "1.2961",
            "close": "1.2931"
        },
        {
            "time": "21.01.2021 22:43",
            "open": "1.2931",
            "high": "1.2931",
            "low": "1.2931",
            "close": "1.278"
        },
        {
            "time": "21.01.2021 22:49",
            "open": "1.278",
            "high": "1.278",
            "low": "1.278",
            "close": "1.2782"
        },
        {
            "time": "21.01.2021 22:51",
            "open": "1.2782",
            "high": "1.2792",
            "low": "1.278",
            "close": "1.2775"
        },
        {
            "time": "21.01.2021 22:53",
            "open": "1.2775",
            "high": "1.2775",
            "low": "1.2775",
            "close": "1.2784"
        },
        {
            "time": "21.01.2021 22:55",
            "open": "1.2784",
            "high": "1.2784",
            "low": "1.2784",
            "close": "1.2756"
        },
        {
            "time": "21.01.2021 22:56",
            "open": "1.2756",
            "high": "1.2756",
            "low": "1.2756",
            "close": "1.2774"
        },
        {
            "time": "21.01.2021 22:57",
            "open": "1.2774",
            "high": "1.2774",
            "low": "1.2774",
            "close": "1.2692"
        },
        {
            "time": "21.01.2021 23:01",
            "open": "1.2692",
            "high": "1.2692",
            "low": "1.2678",
            "close": "1.2531"
        },
        {
            "time": "21.01.2021 23:04",
            "open": "1.2531",
            "high": "1.2531",
            "low": "1.2531",
            "close": "1.2516"
        },
        {
            "time": "21.01.2021 23:06",
            "open": "1.2516",
            "high": "1.2516",
            "low": "1.2516",
            "close": "1.2538"
        },
        {
            "time": "21.01.2021 23:07",
            "open": "1.2538",
            "high": "1.2538",
            "low": "1.2538",
            "close": "1.2528"
        },
        {
            "time": "21.01.2021 23:08",
            "open": "1.2528",
            "high": "1.2528",
            "low": "1.2528",
            "close": "1.2568"
        },
        {
            "time": "21.01.2021 23:11",
            "open": "1.2568",
            "high": "1.2582",
            "low": "1.2568",
            "close": "1.2523"
        },
        {
            "time": "21.01.2021 23:14",
            "open": "1.2523",
            "high": "1.2523",
            "low": "1.252",
            "close": "1.256"
        },
        {
            "time": "21.01.2021 23:15",
            "open": "1.256",
            "high": "1.2575",
            "low": "1.256",
            "close": "1.2541"
        },
        {
            "time": "21.01.2021 23:26",
            "open": "1.2541",
            "high": "1.2541",
            "low": "1.25",
            "close": "1.2451"
        },
        {
            "time": "21.01.2021 23:29",
            "open": "1.2451",
            "high": "1.2451",
            "low": "1.2432",
            "close": "1.2424"
        },
        {
            "time": "21.01.2021 23:31",
            "open": "1.2424",
            "high": "1.2426",
            "low": "1.2402",
            "close": "1.2439"
        },
        {
            "time": "21.01.2021 23:33",
            "open": "1.2439",
            "high": "1.2439",
            "low": "1.2373",
            "close": "1.231"
        },
        {
            "time": "21.01.2021 23:36",
            "open": "1.231",
            "high": "1.231",
            "low": "1.2296",
            "close": "1.225"
        },
        {
            "time": "21.01.2021 23:37",
            "open": "1.225",
            "high": "1.225",
            "low": "1.2241",
            "close": "1.2151"
        },
        {
            "time": "21.01.2021 23:38",
            "open": "1.2151",
            "high": "1.2151",
            "low": "1.2084",
            "close": "1.2169"
        },
        {
            "time": "21.01.2021 23:39",
            "open": "1.2169",
            "high": "1.2169",
            "low": "1.2169",
            "close": "1.2206"
        },
        {
            "time": "21.01.2021 23:40",
            "open": "1.2206",
            "high": "1.2206",
            "low": "1.2206",
            "close": "1.2259"
        },
        {
            "time": "21.01.2021 23:41",
            "open": "1.2259",
            "high": "1.227",
            "low": "1.2241",
            "close": "1.2287"
        },
        {
            "time": "21.01.2021 23:42",
            "open": "1.2287",
            "high": "1.2287",
            "low": "1.2287",
            "close": "1.2339"
        },
        {
            "time": "21.01.2021 23:43",
            "open": "1.2339",
            "high": "1.2339",
            "low": "1.2338",
            "close": "1.2349"
        },
        {
            "time": "21.01.2021 23:45",
            "open": "1.2349",
            "high": "1.2349",
            "low": "1.2349",
            "close": "1.2393"
        },
        {
            "time": "21.01.2021 23:46",
            "open": "1.2393",
            "high": "1.2393",
            "low": "1.2393",
            "close": "1.245"
        },
        {
            "time": "21.01.2021 23:51",
            "open": "1.245",
            "high": "1.245",
            "low": "1.2437",
            "close": "1.2511"
        },
        {
            "time": "21.01.2021 23:53",
            "open": "1.2511",
            "high": "1.2511",
            "low": "1.2511",
            "close": "1.2528"
        }
    ]
}