{
    "BNT-EUR": [
        {
            "time": "11.05.2021 23:51",
            "open": "6.3827",
            "high": "6.3904",
            "low": "6.3827",
            "close": "6.3851"
        },
        {
            "time": "12.05.2021 00:02",
            "open": "6.3851",
            "high": "6.3959",
            "low": "6.3851",
            "close": "6.3794"
        },
        {
            "time": "12.05.2021 00:03",
            "open": "6.3794",
            "high": "6.3794",
            "low": "6.3794",
            "close": "6.3829"
        },
        {
            "time": "12.05.2021 00:05",
            "open": "6.3829",
            "high": "6.3829",
            "low": "6.3829",
            "close": "6.3828"
        },
        {
            "time": "12.05.2021 00:06",
            "open": "6.3828",
            "high": "6.3828",
            "low": "6.3828",
            "close": "6.3787"
        },
        {
            "time": "12.05.2021 00:17",
            "open": "6.3787",
            "high": "6.3829",
            "low": "6.3787",
            "close": "6.3852"
        },
        {
            "time": "12.05.2021 00:27",
            "open": "6.3852",
            "high": "6.4812",
            "low": "6.3852",
            "close": "6.4812"
        },
        {
            "time": "12.05.2021 00:28",
            "open": "6.4812",
            "high": "6.482",
            "low": "6.4812",
            "close": "6.4958"
        },
        {
            "time": "12.05.2021 00:31",
            "open": "6.4958",
            "high": "6.5",
            "low": "6.4891",
            "close": "6.5"
        },
        {
            "time": "12.05.2021 00:32",
            "open": "6.5",
            "high": "6.5063",
            "low": "6.5",
            "close": "6.5063"
        },
        {
            "time": "12.05.2021 00:34",
            "open": "6.5063",
            "high": "6.5612",
            "low": "6.5063",
            "close": "6.5272"
        },
        {
            "time": "12.05.2021 00:39",
            "open": "6.5272",
            "high": "6.5385",
            "low": "6.5272",
            "close": "6.5305"
        },
        {
            "time": "12.05.2021 00:47",
            "open": "6.5305",
            "high": "6.5305",
            "low": "6.5305",
            "close": "6.5425"
        },
        {
            "time": "12.05.2021 00:48",
            "open": "6.5425",
            "high": "6.5425",
            "low": "6.5425",
            "close": "6.5343"
        },
        {
            "time": "12.05.2021 00:51",
            "open": "6.5343",
            "high": "6.5343",
            "low": "6.5343",
            "close": "6.5341"
        },
        {
            "time": "12.05.2021 00:54",
            "open": "6.5341",
            "high": "6.5341",
            "low": "6.5333",
            "close": "6.5284"
        },
        {
            "time": "12.05.2021 00:57",
            "open": "6.5284",
            "high": "6.5284",
            "low": "6.5284",
            "close": "6.5056"
        },
        {
            "time": "12.05.2021 01:00",
            "open": "6.5056",
            "high": "6.5056",
            "low": "6.5056",
            "close": "6.4996"
        },
        {
            "time": "12.05.2021 01:09",
            "open": "6.4996",
            "high": "6.4996",
            "low": "6.4996",
            "close": "6.5079"
        },
        {
            "time": "12.05.2021 01:12",
            "open": "6.5079",
            "high": "6.5079",
            "low": "6.5079",
            "close": "6.5108"
        },
        {
            "time": "12.05.2021 01:13",
            "open": "6.5108",
            "high": "6.5127",
            "low": "6.5108",
            "close": "6.5018"
        },
        {
            "time": "12.05.2021 01:15",
            "open": "6.5018",
            "high": "6.5018",
            "low": "6.5018",
            "close": "6.49"
        },
        {
            "time": "12.05.2021 01:16",
            "open": "6.49",
            "high": "6.4941",
            "low": "6.49",
            "close": "6.4924"
        },
        {
            "time": "12.05.2021 01:20",
            "open": "6.4924",
            "high": "6.4924",
            "low": "6.4924",
            "close": "6.499"
        },
        {
            "time": "12.05.2021 01:21",
            "open": "6.499",
            "high": "6.4993",
            "low": "6.499",
            "close": "6.5037"
        },
        {
            "time": "12.05.2021 01:38",
            "open": "6.5037",
            "high": "6.5037",
            "low": "6.5037",
            "close": "6.5382"
        },
        {
            "time": "12.05.2021 01:49",
            "open": "6.5382",
            "high": "6.543",
            "low": "6.5281",
            "close": "6.5507"
        },
        {
            "time": "12.05.2021 01:52",
            "open": "6.5507",
            "high": "6.5507",
            "low": "6.5507",
            "close": "6.5708"
        },
        {
            "time": "12.05.2021 01:54",
            "open": "6.5708",
            "high": "6.577",
            "low": "6.5708",
            "close": "6.5926"
        },
        {
            "time": "12.05.2021 01:55",
            "open": "6.5926",
            "high": "6.5977",
            "low": "6.5926",
            "close": "6.5696"
        },
        {
            "time": "12.05.2021 01:56",
            "open": "6.5696",
            "high": "6.5696",
            "low": "6.5695",
            "close": "6.5762"
        },
        {
            "time": "12.05.2021 01:57",
            "open": "6.5762",
            "high": "6.5762",
            "low": "6.5762",
            "close": "6.5781"
        },
        {
            "time": "12.05.2021 01:58",
            "open": "6.5781",
            "high": "6.5839",
            "low": "6.5714",
            "close": "6.5464"
        },
        {
            "time": "12.05.2021 02:01",
            "open": "6.5464",
            "high": "6.5464",
            "low": "6.5294",
            "close": "6.5486"
        },
        {
            "time": "12.05.2021 02:04",
            "open": "6.5486",
            "high": "6.5486",
            "low": "6.5461",
            "close": "6.5978"
        },
        {
            "time": "12.05.2021 02:11",
            "open": "6.5978",
            "high": "6.6039",
            "low": "6.5978",
            "close": "6.5879"
        },
        {
            "time": "12.05.2021 02:12",
            "open": "6.5879",
            "high": "6.5879",
            "low": "6.5879",
            "close": "6.5732"
        },
        {
            "time": "12.05.2021 02:13",
            "open": "6.5732",
            "high": "6.5732",
            "low": "6.5732",
            "close": "6.56"
        },
        {
            "time": "12.05.2021 02:17",
            "open": "6.56",
            "high": "6.56",
            "low": "6.5539",
            "close": "6.5653"
        },
        {
            "time": "12.05.2021 02:18",
            "open": "6.5653",
            "high": "6.5722",
            "low": "6.5653",
            "close": "6.615"
        },
        {
            "time": "12.05.2021 02:26",
            "open": "6.615",
            "high": "6.6205",
            "low": "6.615",
            "close": "6.6065"
        },
        {
            "time": "12.05.2021 02:29",
            "open": "6.6065",
            "high": "6.6065",
            "low": "6.6065",
            "close": "6.5953"
        },
        {
            "time": "12.05.2021 02:30",
            "open": "6.5953",
            "high": "6.5953",
            "low": "6.5911",
            "close": "6.5871"
        },
        {
            "time": "12.05.2021 02:32",
            "open": "6.5871",
            "high": "6.5871",
            "low": "6.5871",
            "close": "6.574"
        },
        {
            "time": "12.05.2021 02:40",
            "open": "6.574",
            "high": "6.574",
            "low": "6.574",
            "close": "6.5766"
        },
        {
            "time": "12.05.2021 02:44",
            "open": "6.5766",
            "high": "6.5766",
            "low": "6.5766",
            "close": "6.597"
        },
        {
            "time": "12.05.2021 02:48",
            "open": "6.597",
            "high": "6.597",
            "low": "6.597",
            "close": "6.634"
        },
        {
            "time": "12.05.2021 02:52",
            "open": "6.634",
            "high": "6.6409",
            "low": "6.634",
            "close": "6.6275"
        },
        {
            "time": "12.05.2021 03:00",
            "open": "6.6275",
            "high": "6.6275",
            "low": "6.6275",
            "close": "6.6292"
        },
        {
            "time": "12.05.2021 03:01",
            "open": "6.6292",
            "high": "6.6292",
            "low": "6.616",
            "close": "6.6066"
        },
        {
            "time": "12.05.2021 03:05",
            "open": "6.6066",
            "high": "6.6067",
            "low": "6.6066",
            "close": "6.5897"
        },
        {
            "time": "12.05.2021 03:09",
            "open": "6.5897",
            "high": "6.6058",
            "low": "6.5897",
            "close": "6.6078"
        },
        {
            "time": "12.05.2021 03:13",
            "open": "6.6078",
            "high": "6.6078",
            "low": "6.6078",
            "close": "6.605"
        },
        {
            "time": "12.05.2021 03:22",
            "open": "6.605",
            "high": "6.605",
            "low": "6.605",
            "close": "6.5957"
        },
        {
            "time": "12.05.2021 03:23",
            "open": "6.5957",
            "high": "6.5957",
            "low": "6.5957",
            "close": "6.6019"
        },
        {
            "time": "12.05.2021 03:26",
            "open": "6.6019",
            "high": "6.6019",
            "low": "6.6019",
            "close": "6.5772"
        },
        {
            "time": "12.05.2021 03:31",
            "open": "6.5772",
            "high": "6.5772",
            "low": "6.574",
            "close": "6.5862"
        },
        {
            "time": "12.05.2021 03:42",
            "open": "6.5862",
            "high": "6.5862",
            "low": "6.5862",
            "close": "6.5755"
        },
        {
            "time": "12.05.2021 03:46",
            "open": "6.5755",
            "high": "6.5755",
            "low": "6.5755",
            "close": "6.586"
        },
        {
            "time": "12.05.2021 03:53",
            "open": "6.586",
            "high": "6.586",
            "low": "6.586",
            "close": "6.5862"
        },
        {
            "time": "12.05.2021 04:03",
            "open": "6.5862",
            "high": "6.5862",
            "low": "6.5862",
            "close": "6.6155"
        },
        {
            "time": "12.05.2021 04:16",
            "open": "6.6155",
            "high": "6.6155",
            "low": "6.6155",
            "close": "6.6051"
        },
        {
            "time": "12.05.2021 04:17",
            "open": "6.6051",
            "high": "6.6051",
            "low": "6.6047",
            "close": "6.5914"
        },
        {
            "time": "12.05.2021 04:21",
            "open": "6.5914",
            "high": "6.5914",
            "low": "6.5914",
            "close": "6.6138"
        },
        {
            "time": "12.05.2021 04:22",
            "open": "6.6138",
            "high": "6.6138",
            "low": "6.6138",
            "close": "6.6144"
        },
        {
            "time": "12.05.2021 04:25",
            "open": "6.6144",
            "high": "6.6146",
            "low": "6.6144",
            "close": "6.6233"
        },
        {
            "time": "12.05.2021 04:34",
            "open": "6.6233",
            "high": "6.6233",
            "low": "6.6233",
            "close": "6.6415"
        },
        {
            "time": "12.05.2021 04:35",
            "open": "6.6415",
            "high": "6.6595",
            "low": "6.6415",
            "close": "6.6517"
        },
        {
            "time": "12.05.2021 04:36",
            "open": "6.6517",
            "high": "6.659",
            "low": "6.6517",
            "close": "6.66"
        },
        {
            "time": "12.05.2021 04:39",
            "open": "6.66",
            "high": "6.6846",
            "low": "6.66",
            "close": "6.6774"
        },
        {
            "time": "12.05.2021 04:40",
            "open": "6.6774",
            "high": "6.6775",
            "low": "6.6774",
            "close": "6.6841"
        },
        {
            "time": "12.05.2021 04:42",
            "open": "6.6841",
            "high": "6.6846",
            "low": "6.6686",
            "close": "6.6742"
        },
        {
            "time": "12.05.2021 04:43",
            "open": "6.6742",
            "high": "6.6742",
            "low": "6.6402",
            "close": "6.6618"
        },
        {
            "time": "12.05.2021 04:44",
            "open": "6.6618",
            "high": "6.6618",
            "low": "6.6618",
            "close": "6.6623"
        },
        {
            "time": "12.05.2021 04:45",
            "open": "6.6623",
            "high": "6.6623",
            "low": "6.6377",
            "close": "6.6544"
        },
        {
            "time": "12.05.2021 04:46",
            "open": "6.6544",
            "high": "6.6705",
            "low": "6.6544",
            "close": "6.6823"
        },
        {
            "time": "12.05.2021 04:47",
            "open": "6.6823",
            "high": "6.6823",
            "low": "6.6823",
            "close": "6.6784"
        },
        {
            "time": "12.05.2021 04:50",
            "open": "6.6784",
            "high": "6.6784",
            "low": "6.6784",
            "close": "6.6671"
        },
        {
            "time": "12.05.2021 04:51",
            "open": "6.6671",
            "high": "6.6671",
            "low": "6.6663",
            "close": "6.6836"
        },
        {
            "time": "12.05.2021 04:52",
            "open": "6.6836",
            "high": "6.6861",
            "low": "6.6836",
            "close": "6.6911"
        },
        {
            "time": "12.05.2021 04:54",
            "open": "6.6911",
            "high": "6.7029",
            "low": "6.6911",
            "close": "6.7042"
        },
        {
            "time": "12.05.2021 04:55",
            "open": "6.7042",
            "high": "6.707",
            "low": "6.7042",
            "close": "6.7168"
        },
        {
            "time": "12.05.2021 04:59",
            "open": "6.7168",
            "high": "6.72",
            "low": "6.7168",
            "close": "6.7342"
        },
        {
            "time": "12.05.2021 05:00",
            "open": "6.7342",
            "high": "6.7342",
            "low": "6.7342",
            "close": "6.7249"
        },
        {
            "time": "12.05.2021 05:04",
            "open": "6.7249",
            "high": "6.7249",
            "low": "6.7249",
            "close": "6.721"
        },
        {
            "time": "12.05.2021 05:06",
            "open": "6.721",
            "high": "6.7211",
            "low": "6.7102",
            "close": "6.7412"
        },
        {
            "time": "12.05.2021 05:11",
            "open": "6.7412",
            "high": "6.7412",
            "low": "6.7412",
            "close": "6.7231"
        },
        {
            "time": "12.05.2021 05:14",
            "open": "6.7231",
            "high": "6.7581",
            "low": "6.7231",
            "close": "6.7715"
        },
        {
            "time": "12.05.2021 05:15",
            "open": "6.7715",
            "high": "6.7715",
            "low": "6.7713",
            "close": "6.7244"
        },
        {
            "time": "12.05.2021 05:29",
            "open": "6.7244",
            "high": "6.7246",
            "low": "6.7244",
            "close": "6.73"
        },
        {
            "time": "12.05.2021 05:33",
            "open": "6.73",
            "high": "6.73",
            "low": "6.73",
            "close": "6.73"
        },
        {
            "time": "12.05.2021 05:35",
            "open": "6.73",
            "high": "6.73",
            "low": "6.73",
            "close": "6.7725"
        },
        {
            "time": "12.05.2021 05:39",
            "open": "6.7725",
            "high": "6.7734",
            "low": "6.753",
            "close": "6.7757"
        },
        {
            "time": "12.05.2021 05:46",
            "open": "6.7757",
            "high": "6.7796",
            "low": "6.7757",
            "close": "6.7966"
        },
        {
            "time": "12.05.2021 05:49",
            "open": "6.7966",
            "high": "6.8022",
            "low": "6.7966",
            "close": "6.7921"
        },
        {
            "time": "12.05.2021 05:58",
            "open": "6.7921",
            "high": "6.7921",
            "low": "6.7835",
            "close": "6.7503"
        },
        {
            "time": "12.05.2021 06:05",
            "open": "6.7503",
            "high": "6.7503",
            "low": "6.7357",
            "close": "6.7846"
        },
        {
            "time": "12.05.2021 06:17",
            "open": "6.7846",
            "high": "6.7846",
            "low": "6.7527",
            "close": "6.7003"
        },
        {
            "time": "12.05.2021 06:31",
            "open": "6.7003",
            "high": "6.7003",
            "low": "6.7001",
            "close": "6.7001"
        },
        {
            "time": "12.05.2021 06:32",
            "open": "6.7001",
            "high": "6.7784",
            "low": "6.7001",
            "close": "6.7136"
        },
        {
            "time": "12.05.2021 06:35",
            "open": "6.7136",
            "high": "6.7136",
            "low": "6.7136",
            "close": "6.6925"
        },
        {
            "time": "12.05.2021 06:44",
            "open": "6.6925",
            "high": "6.6925",
            "low": "6.6925",
            "close": "6.7014"
        },
        {
            "time": "12.05.2021 06:48",
            "open": "6.7014",
            "high": "6.7014",
            "low": "6.7014",
            "close": "6.7013"
        },
        {
            "time": "12.05.2021 06:49",
            "open": "6.7013",
            "high": "6.7013",
            "low": "6.7013",
            "close": "6.7055"
        },
        {
            "time": "12.05.2021 06:52",
            "open": "6.7055",
            "high": "6.7055",
            "low": "6.7055",
            "close": "6.7496"
        },
        {
            "time": "12.05.2021 06:59",
            "open": "6.7496",
            "high": "6.7496",
            "low": "6.7496",
            "close": "6.7826"
        },
        {
            "time": "12.05.2021 07:07",
            "open": "6.7826",
            "high": "6.7826",
            "low": "6.7826",
            "close": "6.7771"
        },
        {
            "time": "12.05.2021 07:10",
            "open": "6.7771",
            "high": "6.7771",
            "low": "6.7771",
            "close": "6.8"
        },
        {
            "time": "12.05.2021 07:22",
            "open": "6.8",
            "high": "6.8",
            "low": "6.8",
            "close": "6.7766"
        },
        {
            "time": "12.05.2021 07:26",
            "open": "6.7766",
            "high": "6.7766",
            "low": "6.7766",
            "close": "6.8"
        },
        {
            "time": "12.05.2021 07:29",
            "open": "6.8",
            "high": "6.8",
            "low": "6.8",
            "close": "6.7954"
        },
        {
            "time": "12.05.2021 07:36",
            "open": "6.7954",
            "high": "6.7954",
            "low": "6.7954",
            "close": "6.7914"
        },
        {
            "time": "12.05.2021 07:42",
            "open": "6.7914",
            "high": "6.7953",
            "low": "6.7914",
            "close": "6.7895"
        },
        {
            "time": "12.05.2021 07:44",
            "open": "6.7895",
            "high": "6.7895",
            "low": "6.7895",
            "close": "6.7895"
        },
        {
            "time": "12.05.2021 07:46",
            "open": "6.7895",
            "high": "6.7895",
            "low": "6.7863",
            "close": "6.7672"
        },
        {
            "time": "12.05.2021 07:50",
            "open": "6.7672",
            "high": "6.7672",
            "low": "6.7672",
            "close": "6.7735"
        },
        {
            "time": "12.05.2021 07:52",
            "open": "6.7735",
            "high": "6.7735",
            "low": "6.7735",
            "close": "6.8"
        },
        {
            "time": "12.05.2021 08:02",
            "open": "6.8",
            "high": "6.8",
            "low": "6.8",
            "close": "6.7876"
        },
        {
            "time": "12.05.2021 08:05",
            "open": "6.7876",
            "high": "6.7876",
            "low": "6.7876",
            "close": "6.7618"
        },
        {
            "time": "12.05.2021 08:07",
            "open": "6.7618",
            "high": "6.7618",
            "low": "6.7618",
            "close": "6.7489"
        },
        {
            "time": "12.05.2021 08:08",
            "open": "6.7489",
            "high": "6.7583",
            "low": "6.7489",
            "close": "6.7608"
        },
        {
            "time": "12.05.2021 08:10",
            "open": "6.7608",
            "high": "6.7608",
            "low": "6.7608",
            "close": "6.7641"
        },
        {
            "time": "12.05.2021 08:12",
            "open": "6.7641",
            "high": "6.7642",
            "low": "6.7641",
            "close": "6.7656"
        },
        {
            "time": "12.05.2021 08:13",
            "open": "6.7656",
            "high": "6.7656",
            "low": "6.7656",
            "close": "6.7671"
        },
        {
            "time": "12.05.2021 08:14",
            "open": "6.7671",
            "high": "6.7671",
            "low": "6.7671",
            "close": "6.7706"
        },
        {
            "time": "12.05.2021 08:20",
            "open": "6.7706",
            "high": "6.7706",
            "low": "6.7667",
            "close": "6.7614"
        },
        {
            "time": "12.05.2021 08:23",
            "open": "6.7614",
            "high": "6.7699",
            "low": "6.7496",
            "close": "6.7427"
        },
        {
            "time": "12.05.2021 08:24",
            "open": "6.7427",
            "high": "6.7427",
            "low": "6.7427",
            "close": "6.7327"
        },
        {
            "time": "12.05.2021 08:27",
            "open": "6.7327",
            "high": "6.7327",
            "low": "6.7327",
            "close": "6.7456"
        },
        {
            "time": "12.05.2021 08:28",
            "open": "6.7456",
            "high": "6.7458",
            "low": "6.7456",
            "close": "6.7606"
        },
        {
            "time": "12.05.2021 08:32",
            "open": "6.7606",
            "high": "6.7606",
            "low": "6.7606",
            "close": "6.7604"
        },
        {
            "time": "12.05.2021 08:35",
            "open": "6.7604",
            "high": "6.7604",
            "low": "6.7604",
            "close": "6.747"
        },
        {
            "time": "12.05.2021 08:42",
            "open": "6.747",
            "high": "6.747",
            "low": "6.747",
            "close": "6.7381"
        },
        {
            "time": "12.05.2021 08:49",
            "open": "6.7381",
            "high": "6.7381",
            "low": "6.7381",
            "close": "6.744"
        },
        {
            "time": "12.05.2021 08:53",
            "open": "6.744",
            "high": "6.744",
            "low": "6.7225",
            "close": "6.731"
        },
        {
            "time": "12.05.2021 09:03",
            "open": "6.731",
            "high": "6.731",
            "low": "6.731",
            "close": "6.7115"
        },
        {
            "time": "12.05.2021 09:05",
            "open": "6.7115",
            "high": "6.7115",
            "low": "6.71",
            "close": "6.7055"
        },
        {
            "time": "12.05.2021 09:11",
            "open": "6.7055",
            "high": "6.7055",
            "low": "6.6945",
            "close": "6.6994"
        },
        {
            "time": "12.05.2021 09:12",
            "open": "6.6994",
            "high": "6.6994",
            "low": "6.6973",
            "close": "6.7159"
        },
        {
            "time": "12.05.2021 09:17",
            "open": "6.7159",
            "high": "6.7159",
            "low": "6.7159",
            "close": "6.7407"
        },
        {
            "time": "12.05.2021 09:18",
            "open": "6.7407",
            "high": "6.7408",
            "low": "6.7407",
            "close": "6.7403"
        },
        {
            "time": "12.05.2021 09:20",
            "open": "6.7403",
            "high": "6.7403",
            "low": "6.7403",
            "close": "6.7436"
        },
        {
            "time": "12.05.2021 09:21",
            "open": "6.7436",
            "high": "6.7436",
            "low": "6.7436",
            "close": "6.7475"
        },
        {
            "time": "12.05.2021 09:22",
            "open": "6.7475",
            "high": "6.7475",
            "low": "6.7475",
            "close": "6.7545"
        },
        {
            "time": "12.05.2021 09:25",
            "open": "6.7545",
            "high": "6.7545",
            "low": "6.7545",
            "close": "6.7621"
        },
        {
            "time": "12.05.2021 09:28",
            "open": "6.7621",
            "high": "6.7621",
            "low": "6.7621",
            "close": "6.7382"
        },
        {
            "time": "12.05.2021 09:30",
            "open": "6.7382",
            "high": "6.7382",
            "low": "6.7366",
            "close": "6.7304"
        },
        {
            "time": "12.05.2021 09:34",
            "open": "6.7304",
            "high": "6.7397",
            "low": "6.7289",
            "close": "6.761"
        },
        {
            "time": "12.05.2021 09:39",
            "open": "6.761",
            "high": "6.761",
            "low": "6.761",
            "close": "6.7604"
        },
        {
            "time": "12.05.2021 09:40",
            "open": "6.7604",
            "high": "6.7604",
            "low": "6.7604",
            "close": "6.7204"
        },
        {
            "time": "12.05.2021 09:46",
            "open": "6.7204",
            "high": "6.7204",
            "low": "6.7204",
            "close": "6.7489"
        },
        {
            "time": "12.05.2021 09:53",
            "open": "6.7489",
            "high": "6.7489",
            "low": "6.7489",
            "close": "6.7487"
        },
        {
            "time": "12.05.2021 09:58",
            "open": "6.7487",
            "high": "6.7487",
            "low": "6.7487",
            "close": "6.7473"
        },
        {
            "time": "12.05.2021 10:05",
            "open": "6.7473",
            "high": "6.7473",
            "low": "6.7473",
            "close": "6.7327"
        },
        {
            "time": "12.05.2021 10:07",
            "open": "6.7327",
            "high": "6.7327",
            "low": "6.7327",
            "close": "6.7264"
        },
        {
            "time": "12.05.2021 10:10",
            "open": "6.7264",
            "high": "6.7264",
            "low": "6.7264",
            "close": "6.7384"
        },
        {
            "time": "12.05.2021 10:19",
            "open": "6.7384",
            "high": "6.7384",
            "low": "6.7384",
            "close": "6.7495"
        },
        {
            "time": "12.05.2021 10:22",
            "open": "6.7495",
            "high": "6.7512",
            "low": "6.7495",
            "close": "6.6613"
        },
        {
            "time": "12.05.2021 10:30",
            "open": "6.6613",
            "high": "6.6926",
            "low": "6.6613",
            "close": "6.6882"
        },
        {
            "time": "12.05.2021 10:31",
            "open": "6.6882",
            "high": "6.705",
            "low": "6.6851",
            "close": "6.7324"
        },
        {
            "time": "12.05.2021 10:38",
            "open": "6.7324",
            "high": "6.7324",
            "low": "6.7324",
            "close": "6.7124"
        },
        {
            "time": "12.05.2021 10:41",
            "open": "6.7124",
            "high": "6.7124",
            "low": "6.7105",
            "close": "6.6926"
        },
        {
            "time": "12.05.2021 10:43",
            "open": "6.6926",
            "high": "6.6926",
            "low": "6.6926",
            "close": "6.7251"
        },
        {
            "time": "12.05.2021 10:48",
            "open": "6.7251",
            "high": "6.7251",
            "low": "6.7251",
            "close": "6.7395"
        },
        {
            "time": "12.05.2021 10:49",
            "open": "6.7395",
            "high": "6.7395",
            "low": "6.7395",
            "close": "6.748"
        },
        {
            "time": "12.05.2021 10:52",
            "open": "6.748",
            "high": "6.748",
            "low": "6.748",
            "close": "6.7448"
        },
        {
            "time": "12.05.2021 10:59",
            "open": "6.7448",
            "high": "6.7448",
            "low": "6.7448",
            "close": "6.7136"
        },
        {
            "time": "12.05.2021 11:08",
            "open": "6.7136",
            "high": "6.7136",
            "low": "6.7136",
            "close": "6.7297"
        },
        {
            "time": "12.05.2021 11:11",
            "open": "6.7297",
            "high": "6.7297",
            "low": "6.7297",
            "close": "6.742"
        },
        {
            "time": "12.05.2021 11:27",
            "open": "6.742",
            "high": "6.742",
            "low": "6.742",
            "close": "6.7895"
        },
        {
            "time": "12.05.2021 11:38",
            "open": "6.7895",
            "high": "6.7895",
            "low": "6.7895",
            "close": "6.7747"
        },
        {
            "time": "12.05.2021 11:39",
            "open": "6.7747",
            "high": "6.7747",
            "low": "6.7747",
            "close": "6.7828"
        },
        {
            "time": "12.05.2021 11:40",
            "open": "6.7828",
            "high": "6.7828",
            "low": "6.7828",
            "close": "6.7973"
        },
        {
            "time": "12.05.2021 11:47",
            "open": "6.7973",
            "high": "6.7974",
            "low": "6.7973",
            "close": "6.7958"
        },
        {
            "time": "12.05.2021 11:48",
            "open": "6.7958",
            "high": "6.7958",
            "low": "6.7958",
            "close": "6.7449"
        },
        {
            "time": "12.05.2021 12:01",
            "open": "6.7449",
            "high": "6.7453",
            "low": "6.7363",
            "close": "6.7245"
        },
        {
            "time": "12.05.2021 12:02",
            "open": "6.7245",
            "high": "6.7245",
            "low": "6.7245",
            "close": "6.7162"
        },
        {
            "time": "12.05.2021 12:03",
            "open": "6.7162",
            "high": "6.7162",
            "low": "6.7162",
            "close": "6.7175"
        },
        {
            "time": "12.05.2021 12:04",
            "open": "6.7175",
            "high": "6.7176",
            "low": "6.7175",
            "close": "6.7073"
        },
        {
            "time": "12.05.2021 12:05",
            "open": "6.7073",
            "high": "6.7073",
            "low": "6.7073",
            "close": "6.7095"
        },
        {
            "time": "12.05.2021 12:07",
            "open": "6.7095",
            "high": "6.7095",
            "low": "6.6867",
            "close": "6.7166"
        },
        {
            "time": "12.05.2021 12:19",
            "open": "6.7166",
            "high": "6.7169",
            "low": "6.7166",
            "close": "6.7317"
        },
        {
            "time": "12.05.2021 12:21",
            "open": "6.7317",
            "high": "6.7317",
            "low": "6.7317",
            "close": "6.7309"
        },
        {
            "time": "12.05.2021 12:25",
            "open": "6.7309",
            "high": "6.731",
            "low": "6.7282",
            "close": "6.7102"
        },
        {
            "time": "12.05.2021 12:26",
            "open": "6.7102",
            "high": "6.7213",
            "low": "6.7102",
            "close": "6.6877"
        },
        {
            "time": "12.05.2021 12:28",
            "open": "6.6877",
            "high": "6.6877",
            "low": "6.6877",
            "close": "6.7003"
        },
        {
            "time": "12.05.2021 12:33",
            "open": "6.7003",
            "high": "6.7003",
            "low": "6.7003",
            "close": "6.7018"
        },
        {
            "time": "12.05.2021 12:35",
            "open": "6.7018",
            "high": "6.7028",
            "low": "6.7018",
            "close": "6.6745"
        },
        {
            "time": "12.05.2021 12:36",
            "open": "6.6745",
            "high": "6.6745",
            "low": "6.6738",
            "close": "6.6462"
        },
        {
            "time": "12.05.2021 12:49",
            "open": "6.6462",
            "high": "6.6462",
            "low": "6.6462",
            "close": "6.6603"
        },
        {
            "time": "12.05.2021 12:51",
            "open": "6.6603",
            "high": "6.6604",
            "low": "6.6603",
            "close": "6.6856"
        },
        {
            "time": "12.05.2021 12:55",
            "open": "6.6856",
            "high": "6.6856",
            "low": "6.6677",
            "close": "6.6874"
        },
        {
            "time": "12.05.2021 13:02",
            "open": "6.6874",
            "high": "6.6874",
            "low": "6.6723",
            "close": "6.7098"
        },
        {
            "time": "12.05.2021 13:03",
            "open": "6.7098",
            "high": "6.7098",
            "low": "6.7098",
            "close": "6.7061"
        },
        {
            "time": "12.05.2021 13:05",
            "open": "6.7061",
            "high": "6.7061",
            "low": "6.7044",
            "close": "6.704"
        },
        {
            "time": "12.05.2021 13:10",
            "open": "6.704",
            "high": "6.7041",
            "low": "6.704",
            "close": "6.7106"
        },
        {
            "time": "12.05.2021 13:11",
            "open": "6.7106",
            "high": "6.7106",
            "low": "6.7106",
            "close": "6.6967"
        },
        {
            "time": "12.05.2021 13:15",
            "open": "6.6967",
            "high": "6.6967",
            "low": "6.6967",
            "close": "6.7297"
        },
        {
            "time": "12.05.2021 13:17",
            "open": "6.7297",
            "high": "6.7297",
            "low": "6.7297",
            "close": "6.7324"
        },
        {
            "time": "12.05.2021 13:18",
            "open": "6.7324",
            "high": "6.7324",
            "low": "6.7324",
            "close": "6.7328"
        },
        {
            "time": "12.05.2021 13:27",
            "open": "6.7328",
            "high": "6.7344",
            "low": "6.7328",
            "close": "6.7399"
        },
        {
            "time": "12.05.2021 13:28",
            "open": "6.7399",
            "high": "6.7399",
            "low": "6.7285",
            "close": "6.7375"
        },
        {
            "time": "12.05.2021 13:29",
            "open": "6.7375",
            "high": "6.7375",
            "low": "6.726",
            "close": "6.7091"
        },
        {
            "time": "12.05.2021 13:35",
            "open": "6.7091",
            "high": "6.736",
            "low": "6.7091",
            "close": "6.74"
        },
        {
            "time": "12.05.2021 13:36",
            "open": "6.74",
            "high": "6.8019",
            "low": "6.74",
            "close": "6.7802"
        },
        {
            "time": "12.05.2021 13:37",
            "open": "6.7802",
            "high": "6.7802",
            "low": "6.7802",
            "close": "6.7857"
        },
        {
            "time": "12.05.2021 13:39",
            "open": "6.7857",
            "high": "6.793",
            "low": "6.7857",
            "close": "6.7944"
        },
        {
            "time": "12.05.2021 13:40",
            "open": "6.7944",
            "high": "6.7944",
            "low": "6.7935",
            "close": "6.81"
        },
        {
            "time": "12.05.2021 13:41",
            "open": "6.81",
            "high": "6.81",
            "low": "6.7925",
            "close": "6.8017"
        },
        {
            "time": "12.05.2021 13:42",
            "open": "6.8017",
            "high": "6.8331",
            "low": "6.8017",
            "close": "6.8372"
        },
        {
            "time": "12.05.2021 13:43",
            "open": "6.8372",
            "high": "6.8472",
            "low": "6.8168",
            "close": "6.8199"
        },
        {
            "time": "12.05.2021 13:44",
            "open": "6.8199",
            "high": "6.8472",
            "low": "6.8199",
            "close": "6.8472"
        },
        {
            "time": "12.05.2021 13:45",
            "open": "6.8472",
            "high": "6.8511",
            "low": "6.8472",
            "close": "6.8492"
        },
        {
            "time": "12.05.2021 13:46",
            "open": "6.8492",
            "high": "6.8492",
            "low": "6.84",
            "close": "6.8455"
        },
        {
            "time": "12.05.2021 13:49",
            "open": "6.8455",
            "high": "6.8455",
            "low": "6.8455",
            "close": "6.8268"
        },
        {
            "time": "12.05.2021 13:50",
            "open": "6.8268",
            "high": "6.8268",
            "low": "6.8268",
            "close": "6.8253"
        },
        {
            "time": "12.05.2021 13:52",
            "open": "6.8253",
            "high": "6.8253",
            "low": "6.8172",
            "close": "6.8094"
        },
        {
            "time": "12.05.2021 13:53",
            "open": "6.8094",
            "high": "6.8243",
            "low": "6.8094",
            "close": "6.8355"
        },
        {
            "time": "12.05.2021 13:54",
            "open": "6.8355",
            "high": "6.8492",
            "low": "6.8354",
            "close": "6.849"
        },
        {
            "time": "12.05.2021 13:55",
            "open": "6.849",
            "high": "6.8491",
            "low": "6.849",
            "close": "6.835"
        },
        {
            "time": "12.05.2021 13:57",
            "open": "6.835",
            "high": "6.835",
            "low": "6.7757",
            "close": "6.7787"
        },
        {
            "time": "12.05.2021 13:58",
            "open": "6.7787",
            "high": "6.7813",
            "low": "6.7787",
            "close": "6.7568"
        },
        {
            "time": "12.05.2021 14:01",
            "open": "6.7568",
            "high": "6.7568",
            "low": "6.7567",
            "close": "6.7358"
        },
        {
            "time": "12.05.2021 14:08",
            "open": "6.7358",
            "high": "6.7358",
            "low": "6.7358",
            "close": "6.768"
        },
        {
            "time": "12.05.2021 14:10",
            "open": "6.768",
            "high": "6.768",
            "low": "6.768",
            "close": "6.7638"
        },
        {
            "time": "12.05.2021 14:12",
            "open": "6.7638",
            "high": "6.7638",
            "low": "6.7638",
            "close": "6.7855"
        },
        {
            "time": "12.05.2021 14:18",
            "open": "6.7855",
            "high": "6.7855",
            "low": "6.7855",
            "close": "6.7884"
        },
        {
            "time": "12.05.2021 14:19",
            "open": "6.7884",
            "high": "6.7891",
            "low": "6.787",
            "close": "6.7898"
        },
        {
            "time": "12.05.2021 14:22",
            "open": "6.7898",
            "high": "6.7898",
            "low": "6.7898",
            "close": "6.7682"
        },
        {
            "time": "12.05.2021 14:27",
            "open": "6.7682",
            "high": "6.7682",
            "low": "6.7682",
            "close": "6.7843"
        },
        {
            "time": "12.05.2021 14:30",
            "open": "6.7867",
            "high": "6.7867",
            "low": "6.7867",
            "close": "6.7764"
        },
        {
            "time": "12.05.2021 14:32",
            "open": "6.7764",
            "high": "6.7765",
            "low": "6.7764",
            "close": "6.7811"
        },
        {
            "time": "12.05.2021 14:38",
            "open": "6.7811",
            "high": "6.7811",
            "low": "6.7811",
            "close": "6.7692"
        },
        {
            "time": "12.05.2021 14:39",
            "open": "6.7692",
            "high": "6.7692",
            "low": "6.7692",
            "close": "6.8002"
        },
        {
            "time": "12.05.2021 14:50",
            "open": "6.8002",
            "high": "6.8267",
            "low": "6.8002",
            "close": "6.7889"
        },
        {
            "time": "12.05.2021 14:59",
            "open": "6.7889",
            "high": "6.7889",
            "low": "6.7674",
            "close": "6.7793"
        },
        {
            "time": "12.05.2021 15:00",
            "open": "6.7793",
            "high": "6.7793",
            "low": "6.776",
            "close": "6.766"
        },
        {
            "time": "12.05.2021 15:01",
            "open": "6.766",
            "high": "6.766",
            "low": "6.766",
            "close": "6.7432"
        },
        {
            "time": "12.05.2021 15:02",
            "open": "6.7432",
            "high": "6.7432",
            "low": "6.743",
            "close": "6.7523"
        },
        {
            "time": "12.05.2021 15:13",
            "open": "6.7523",
            "high": "6.7523",
            "low": "6.7374",
            "close": "6.74"
        },
        {
            "time": "12.05.2021 15:18",
            "open": "6.74",
            "high": "6.74",
            "low": "6.74",
            "close": "6.7266"
        },
        {
            "time": "12.05.2021 15:19",
            "open": "6.7266",
            "high": "6.7266",
            "low": "6.7266",
            "close": "6.7214"
        },
        {
            "time": "12.05.2021 15:22",
            "open": "6.7214",
            "high": "6.7214",
            "low": "6.7214",
            "close": "6.7129"
        },
        {
            "time": "12.05.2021 15:23",
            "open": "6.7129",
            "high": "6.7129",
            "low": "6.7002",
            "close": "6.7454"
        },
        {
            "time": "12.05.2021 15:34",
            "open": "6.7454",
            "high": "6.7454",
            "low": "6.7454",
            "close": "6.8132"
        },
        {
            "time": "12.05.2021 15:35",
            "open": "6.8132",
            "high": "6.8211",
            "low": "6.8132",
            "close": "6.8211"
        },
        {
            "time": "12.05.2021 15:36",
            "open": "6.8211",
            "high": "6.8211",
            "low": "6.7701",
            "close": "6.8026"
        },
        {
            "time": "12.05.2021 15:37",
            "open": "6.8026",
            "high": "6.8026",
            "low": "6.7669",
            "close": "6.7434"
        },
        {
            "time": "12.05.2021 15:39",
            "open": "6.7434",
            "high": "6.7434",
            "low": "6.7428",
            "close": "6.7257"
        },
        {
            "time": "12.05.2021 15:44",
            "open": "6.7257",
            "high": "6.7258",
            "low": "6.7256",
            "close": "6.74"
        },
        {
            "time": "12.05.2021 15:45",
            "open": "6.74",
            "high": "6.7535",
            "low": "6.74",
            "close": "6.7963"
        },
        {
            "time": "12.05.2021 15:46",
            "open": "6.7963",
            "high": "6.7984",
            "low": "6.7963",
            "close": "6.8097"
        },
        {
            "time": "12.05.2021 15:49",
            "open": "6.8097",
            "high": "6.8097",
            "low": "6.7531",
            "close": "6.7396"
        },
        {
            "time": "12.05.2021 15:50",
            "open": "6.7396",
            "high": "6.7396",
            "low": "6.7396",
            "close": "6.7389"
        },
        {
            "time": "12.05.2021 15:53",
            "open": "6.7389",
            "high": "6.7454",
            "low": "6.7389",
            "close": "6.7406"
        },
        {
            "time": "12.05.2021 15:54",
            "open": "6.7406",
            "high": "6.7406",
            "low": "6.72",
            "close": "6.7316"
        },
        {
            "time": "12.05.2021 15:55",
            "open": "6.7316",
            "high": "6.7317",
            "low": "6.7316",
            "close": "6.729"
        },
        {
            "time": "12.05.2021 15:56",
            "open": "6.729",
            "high": "6.7301",
            "low": "6.729",
            "close": "6.734"
        },
        {
            "time": "12.05.2021 15:59",
            "open": "6.734",
            "high": "6.734",
            "low": "6.734",
            "close": "6.7126"
        },
        {
            "time": "12.05.2021 16:08",
            "open": "6.7126",
            "high": "6.7126",
            "low": "6.7126",
            "close": "6.7165"
        },
        {
            "time": "12.05.2021 16:10",
            "open": "6.7165",
            "high": "6.7166",
            "low": "6.7164",
            "close": "6.7317"
        },
        {
            "time": "12.05.2021 16:14",
            "open": "6.7317",
            "high": "6.7366",
            "low": "6.7317",
            "close": "6.8182"
        },
        {
            "time": "12.05.2021 16:24",
            "open": "6.8182",
            "high": "6.8182",
            "low": "6.8182",
            "close": "6.8085"
        },
        {
            "time": "12.05.2021 16:25",
            "open": "6.8085",
            "high": "6.8085",
            "low": "6.8085",
            "close": "6.8264"
        },
        {
            "time": "12.05.2021 16:27",
            "open": "6.8264",
            "high": "6.8323",
            "low": "6.8228",
            "close": "6.814"
        },
        {
            "time": "12.05.2021 16:36",
            "open": "6.814",
            "high": "6.814",
            "low": "6.814",
            "close": "6.79"
        },
        {
            "time": "12.05.2021 16:43",
            "open": "6.79",
            "high": "6.79",
            "low": "6.79",
            "close": "6.7739"
        },
        {
            "time": "12.05.2021 16:48",
            "open": "6.7739",
            "high": "6.7739",
            "low": "6.7739",
            "close": "6.7731"
        },
        {
            "time": "12.05.2021 16:49",
            "open": "6.7731",
            "high": "6.7731",
            "low": "6.7731",
            "close": "6.76"
        },
        {
            "time": "12.05.2021 16:50",
            "open": "6.76",
            "high": "6.76",
            "low": "6.76",
            "close": "6.7074"
        },
        {
            "time": "12.05.2021 17:04",
            "open": "6.7074",
            "high": "6.7074",
            "low": "6.6967",
            "close": "6.6805"
        },
        {
            "time": "12.05.2021 17:05",
            "open": "6.6805",
            "high": "6.6857",
            "low": "6.6595",
            "close": "6.6721"
        },
        {
            "time": "12.05.2021 17:06",
            "open": "6.6721",
            "high": "6.6721",
            "low": "6.6721",
            "close": "6.6549"
        },
        {
            "time": "12.05.2021 17:07",
            "open": "6.6549",
            "high": "6.6549",
            "low": "6.6549",
            "close": "6.6215"
        },
        {
            "time": "12.05.2021 17:08",
            "open": "6.6215",
            "high": "6.6404",
            "low": "6.6215",
            "close": "6.6518"
        },
        {
            "time": "12.05.2021 17:10",
            "open": "6.6518",
            "high": "6.6518",
            "low": "6.6518",
            "close": "6.6596"
        },
        {
            "time": "12.05.2021 17:11",
            "open": "6.6596",
            "high": "6.6596",
            "low": "6.6596",
            "close": "6.687"
        },
        {
            "time": "12.05.2021 17:14",
            "open": "6.687",
            "high": "6.687",
            "low": "6.687",
            "close": "6.6979"
        },
        {
            "time": "12.05.2021 17:18",
            "open": "6.6979",
            "high": "6.6979",
            "low": "6.6979",
            "close": "6.6668"
        },
        {
            "time": "12.05.2021 17:19",
            "open": "6.6668",
            "high": "6.6668",
            "low": "6.657",
            "close": "6.62"
        },
        {
            "time": "12.05.2021 17:32",
            "open": "6.62",
            "high": "6.62",
            "low": "6.6016",
            "close": "6.5843"
        },
        {
            "time": "12.05.2021 17:33",
            "open": "6.5843",
            "high": "6.5843",
            "low": "6.5386",
            "close": "6.5227"
        },
        {
            "time": "12.05.2021 17:34",
            "open": "6.5227",
            "high": "6.5433",
            "low": "6.5227",
            "close": "6.5562"
        },
        {
            "time": "12.05.2021 17:35",
            "open": "6.5562",
            "high": "6.5864",
            "low": "6.5562",
            "close": "6.6009"
        },
        {
            "time": "12.05.2021 17:44",
            "open": "6.6009",
            "high": "6.6009",
            "low": "6.6009",
            "close": "6.5901"
        },
        {
            "time": "12.05.2021 17:46",
            "open": "6.5901",
            "high": "6.5901",
            "low": "6.5901",
            "close": "6.607"
        },
        {
            "time": "12.05.2021 17:47",
            "open": "6.607",
            "high": "6.6072",
            "low": "6.6069",
            "close": "6.5804"
        },
        {
            "time": "12.05.2021 17:48",
            "open": "6.5804",
            "high": "6.5804",
            "low": "6.5804",
            "close": "6.5798"
        },
        {
            "time": "12.05.2021 17:50",
            "open": "6.5798",
            "high": "6.5798",
            "low": "6.5798",
            "close": "6.5587"
        },
        {
            "time": "12.05.2021 17:51",
            "open": "6.5587",
            "high": "6.5692",
            "low": "6.5587",
            "close": "6.575"
        },
        {
            "time": "12.05.2021 17:59",
            "open": "6.575",
            "high": "6.575",
            "low": "6.575",
            "close": "6.5189"
        },
        {
            "time": "12.05.2021 18:02",
            "open": "6.5189",
            "high": "6.5189",
            "low": "6.5187",
            "close": "6.5665"
        },
        {
            "time": "12.05.2021 18:04",
            "open": "6.5665",
            "high": "6.5665",
            "low": "6.5665",
            "close": "6.5439"
        },
        {
            "time": "12.05.2021 18:05",
            "open": "6.5439",
            "high": "6.5439",
            "low": "6.5439",
            "close": "6.5515"
        },
        {
            "time": "12.05.2021 18:06",
            "open": "6.5515",
            "high": "6.5515",
            "low": "6.5511",
            "close": "6.5701"
        },
        {
            "time": "12.05.2021 18:08",
            "open": "6.5701",
            "high": "6.5702",
            "low": "6.5701",
            "close": "6.5632"
        },
        {
            "time": "12.05.2021 18:10",
            "open": "6.5632",
            "high": "6.5632",
            "low": "6.5626",
            "close": "6.5186"
        },
        {
            "time": "12.05.2021 18:15",
            "open": "6.5186",
            "high": "6.5186",
            "low": "6.5",
            "close": "6.4912"
        },
        {
            "time": "12.05.2021 18:16",
            "open": "6.4912",
            "high": "6.4914",
            "low": "6.4782",
            "close": "6.4704"
        },
        {
            "time": "12.05.2021 18:17",
            "open": "6.4704",
            "high": "6.4718",
            "low": "6.4666",
            "close": "6.4831"
        },
        {
            "time": "12.05.2021 18:20",
            "open": "6.4831",
            "high": "6.4832",
            "low": "6.483",
            "close": "6.4668"
        },
        {
            "time": "12.05.2021 18:21",
            "open": "6.4668",
            "high": "6.4668",
            "low": "6.4668",
            "close": "6.4471"
        },
        {
            "time": "12.05.2021 18:22",
            "open": "6.4471",
            "high": "6.4672",
            "low": "6.4411",
            "close": "6.5021"
        },
        {
            "time": "12.05.2021 18:24",
            "open": "6.5021",
            "high": "6.5021",
            "low": "6.5021",
            "close": "6.4883"
        },
        {
            "time": "12.05.2021 18:27",
            "open": "6.4883",
            "high": "6.4883",
            "low": "6.4883",
            "close": "6.5119"
        },
        {
            "time": "12.05.2021 18:28",
            "open": "6.5119",
            "high": "6.5119",
            "low": "6.5119",
            "close": "6.4724"
        },
        {
            "time": "12.05.2021 18:30",
            "open": "6.4724",
            "high": "6.4724",
            "low": "6.4723",
            "close": "6.4835"
        },
        {
            "time": "12.05.2021 18:31",
            "open": "6.4835",
            "high": "6.4837",
            "low": "6.4835",
            "close": "6.5024"
        },
        {
            "time": "12.05.2021 18:33",
            "open": "6.5024",
            "high": "6.5223",
            "low": "6.5024",
            "close": "6.4864"
        },
        {
            "time": "12.05.2021 18:34",
            "open": "6.4864",
            "high": "6.4864",
            "low": "6.4863",
            "close": "6.4657"
        },
        {
            "time": "12.05.2021 18:37",
            "open": "6.4657",
            "high": "6.4662",
            "low": "6.4657",
            "close": "6.4692"
        },
        {
            "time": "12.05.2021 18:38",
            "open": "6.4692",
            "high": "6.4692",
            "low": "6.455",
            "close": "6.4412"
        },
        {
            "time": "12.05.2021 18:39",
            "open": "6.4412",
            "high": "6.4428",
            "low": "6.4388",
            "close": "6.438"
        },
        {
            "time": "12.05.2021 18:40",
            "open": "6.438",
            "high": "6.438",
            "low": "6.438",
            "close": "6.4024"
        },
        {
            "time": "12.05.2021 18:42",
            "open": "6.4024",
            "high": "6.4114",
            "low": "6.3881",
            "close": "6.4119"
        },
        {
            "time": "12.05.2021 18:45",
            "open": "6.4119",
            "high": "6.412",
            "low": "6.4118",
            "close": "6.4125"
        },
        {
            "time": "12.05.2021 18:46",
            "open": "6.4125",
            "high": "6.4127",
            "low": "6.4125",
            "close": "6.4265"
        },
        {
            "time": "12.05.2021 18:47",
            "open": "6.4265",
            "high": "6.4265",
            "low": "6.4265",
            "close": "6.4241"
        },
        {
            "time": "12.05.2021 18:49",
            "open": "6.4241",
            "high": "6.455",
            "low": "6.4241",
            "close": "6.4747"
        },
        {
            "time": "12.05.2021 18:51",
            "open": "6.4747",
            "high": "6.4759",
            "low": "6.4747",
            "close": "6.4759"
        },
        {
            "time": "12.05.2021 18:53",
            "open": "6.4759",
            "high": "6.4759",
            "low": "6.4759",
            "close": "6.5373"
        },
        {
            "time": "12.05.2021 19:00",
            "open": "6.5373",
            "high": "6.5373",
            "low": "6.5373",
            "close": "6.5578"
        },
        {
            "time": "12.05.2021 19:02",
            "open": "6.5578",
            "high": "6.5578",
            "low": "6.5578",
            "close": "6.5692"
        },
        {
            "time": "12.05.2021 19:07",
            "open": "6.5692",
            "high": "6.5856",
            "low": "6.5692",
            "close": "6.5692"
        },
        {
            "time": "12.05.2021 19:08",
            "open": "6.5692",
            "high": "6.5692",
            "low": "6.5653",
            "close": "6.5729"
        },
        {
            "time": "12.05.2021 19:11",
            "open": "6.5729",
            "high": "6.5729",
            "low": "6.5729",
            "close": "6.5653"
        },
        {
            "time": "12.05.2021 19:14",
            "open": "6.5653",
            "high": "6.5653",
            "low": "6.5525",
            "close": "6.4724"
        },
        {
            "time": "12.05.2021 19:19",
            "open": "6.4724",
            "high": "6.4724",
            "low": "6.4724",
            "close": "6.5243"
        },
        {
            "time": "12.05.2021 19:23",
            "open": "6.5243",
            "high": "6.5243",
            "low": "6.523",
            "close": "6.5132"
        },
        {
            "time": "12.05.2021 19:27",
            "open": "6.5132",
            "high": "6.5132",
            "low": "6.4945",
            "close": "6.5273"
        },
        {
            "time": "12.05.2021 19:29",
            "open": "6.5273",
            "high": "6.5274",
            "low": "6.5273",
            "close": "6.5772"
        },
        {
            "time": "12.05.2021 19:37",
            "open": "6.5772",
            "high": "6.5778",
            "low": "6.5772",
            "close": "6.5821"
        },
        {
            "time": "12.05.2021 19:40",
            "open": "6.5821",
            "high": "6.5849",
            "low": "6.5821",
            "close": "6.5209"
        },
        {
            "time": "12.05.2021 19:49",
            "open": "6.5209",
            "high": "6.5209",
            "low": "6.5076",
            "close": "6.5184"
        },
        {
            "time": "12.05.2021 19:52",
            "open": "6.5184",
            "high": "6.5184",
            "low": "6.5184",
            "close": "6.5156"
        },
        {
            "time": "12.05.2021 20:01",
            "open": "6.5156",
            "high": "6.5156",
            "low": "6.5156",
            "close": "6.5177"
        },
        {
            "time": "12.05.2021 20:09",
            "open": "6.5177",
            "high": "6.5177",
            "low": "6.5177",
            "close": "6.4852"
        },
        {
            "time": "12.05.2021 20:11",
            "open": "6.4852",
            "high": "6.4852",
            "low": "6.4852",
            "close": "6.4363"
        },
        {
            "time": "12.05.2021 20:16",
            "open": "6.4363",
            "high": "6.4365",
            "low": "6.4363",
            "close": "6.4419"
        },
        {
            "time": "12.05.2021 20:17",
            "open": "6.4419",
            "high": "6.4419",
            "low": "6.4251",
            "close": "6.3816"
        },
        {
            "time": "12.05.2021 20:20",
            "open": "6.3816",
            "high": "6.3816",
            "low": "6.3816",
            "close": "6.3813"
        },
        {
            "time": "12.05.2021 20:21",
            "open": "6.3813",
            "high": "6.3813",
            "low": "6.3778",
            "close": "6.3927"
        },
        {
            "time": "12.05.2021 20:22",
            "open": "6.3927",
            "high": "6.3927",
            "low": "6.3927",
            "close": "6.4073"
        },
        {
            "time": "12.05.2021 20:27",
            "open": "6.4073",
            "high": "6.4073",
            "low": "6.4073",
            "close": "6.3913"
        },
        {
            "time": "12.05.2021 20:28",
            "open": "6.3913",
            "high": "6.3913",
            "low": "6.3913",
            "close": "6.3778"
        },
        {
            "time": "12.05.2021 20:30",
            "open": "6.3778",
            "high": "6.3778",
            "low": "6.3778",
            "close": "6.3479"
        },
        {
            "time": "12.05.2021 20:36",
            "open": "6.3479",
            "high": "6.3479",
            "low": "6.3479",
            "close": "6.3645"
        },
        {
            "time": "12.05.2021 20:38",
            "open": "6.3645",
            "high": "6.3649",
            "low": "6.3645",
            "close": "6.3357"
        },
        {
            "time": "12.05.2021 20:39",
            "open": "6.3357",
            "high": "6.3357",
            "low": "6.3357",
            "close": "6.3341"
        },
        {
            "time": "12.05.2021 20:40",
            "open": "6.3341",
            "high": "6.3341",
            "low": "6.3003",
            "close": "6.3077"
        },
        {
            "time": "12.05.2021 20:41",
            "open": "6.3077",
            "high": "6.315",
            "low": "6.3",
            "close": "6.2884"
        },
        {
            "time": "12.05.2021 20:42",
            "open": "6.2884",
            "high": "6.2942",
            "low": "6.2716",
            "close": "6.3002"
        },
        {
            "time": "12.05.2021 20:44",
            "open": "6.3002",
            "high": "6.3531",
            "low": "6.2995",
            "close": "6.3859"
        },
        {
            "time": "12.05.2021 20:45",
            "open": "6.3859",
            "high": "6.3859",
            "low": "6.3859",
            "close": "6.3191"
        },
        {
            "time": "12.05.2021 20:47",
            "open": "6.3191",
            "high": "6.3278",
            "low": "6.3191",
            "close": "6.3969"
        },
        {
            "time": "12.05.2021 20:49",
            "open": "6.3969",
            "high": "6.3969",
            "low": "6.3767",
            "close": "6.3745"
        },
        {
            "time": "12.05.2021 20:50",
            "open": "6.3745",
            "high": "6.3745",
            "low": "6.3323",
            "close": "6.336"
        },
        {
            "time": "12.05.2021 20:54",
            "open": "6.336",
            "high": "6.3581",
            "low": "6.336",
            "close": "6.3918"
        },
        {
            "time": "12.05.2021 20:58",
            "open": "6.3918",
            "high": "6.3929",
            "low": "6.3918",
            "close": "6.3505"
        },
        {
            "time": "12.05.2021 21:00",
            "open": "6.3505",
            "high": "6.3505",
            "low": "6.3481",
            "close": "6.3774"
        },
        {
            "time": "12.05.2021 21:01",
            "open": "6.3774",
            "high": "6.3774",
            "low": "6.3716",
            "close": "6.344"
        },
        {
            "time": "12.05.2021 21:02",
            "open": "6.344",
            "high": "6.344",
            "low": "6.344",
            "close": "6.3351"
        },
        {
            "time": "12.05.2021 21:03",
            "open": "6.3351",
            "high": "6.3482",
            "low": "6.335",
            "close": "6.3321"
        },
        {
            "time": "12.05.2021 21:07",
            "open": "6.3321",
            "high": "6.3328",
            "low": "6.3321",
            "close": "6.2841"
        },
        {
            "time": "12.05.2021 21:14",
            "open": "6.2841",
            "high": "6.2841",
            "low": "6.2839",
            "close": "6.2811"
        },
        {
            "time": "12.05.2021 21:15",
            "open": "6.2811",
            "high": "6.2969",
            "low": "6.2811",
            "close": "6.3373"
        },
        {
            "time": "12.05.2021 21:18",
            "open": "6.3373",
            "high": "6.3431",
            "low": "6.3373",
            "close": "6.3352"
        },
        {
            "time": "12.05.2021 21:19",
            "open": "6.3352",
            "high": "6.3352",
            "low": "6.3352",
            "close": "6.3194"
        },
        {
            "time": "12.05.2021 21:23",
            "open": "6.3194",
            "high": "6.3447",
            "low": "6.3194",
            "close": "6.344"
        },
        {
            "time": "12.05.2021 21:26",
            "open": "6.344",
            "high": "6.344",
            "low": "6.344",
            "close": "6.3743"
        },
        {
            "time": "12.05.2021 21:27",
            "open": "6.3743",
            "high": "6.3743",
            "low": "6.3743",
            "close": "6.34"
        },
        {
            "time": "12.05.2021 21:31",
            "open": "6.34",
            "high": "6.34",
            "low": "6.34",
            "close": "6.3265"
        },
        {
            "time": "12.05.2021 21:34",
            "open": "6.3265",
            "high": "6.3265",
            "low": "6.3265",
            "close": "6.3632"
        },
        {
            "time": "12.05.2021 21:37",
            "open": "6.3632",
            "high": "6.3632",
            "low": "6.3632",
            "close": "6.3847"
        },
        {
            "time": "12.05.2021 21:40",
            "open": "6.3847",
            "high": "6.3847",
            "low": "6.3847",
            "close": "6.4425"
        },
        {
            "time": "12.05.2021 21:43",
            "open": "6.4425",
            "high": "6.4443",
            "low": "6.4425",
            "close": "6.4295"
        },
        {
            "time": "12.05.2021 21:45",
            "open": "6.4295",
            "high": "6.4295",
            "low": "6.4295",
            "close": "6.4412"
        },
        {
            "time": "12.05.2021 21:49",
            "open": "6.4412",
            "high": "6.4412",
            "low": "6.4412",
            "close": "6.4258"
        },
        {
            "time": "12.05.2021 21:50",
            "open": "6.4258",
            "high": "6.4258",
            "low": "6.4258",
            "close": "6.4302"
        },
        {
            "time": "12.05.2021 21:51",
            "open": "6.4302",
            "high": "6.4302",
            "low": "6.4302",
            "close": "6.4277"
        },
        {
            "time": "12.05.2021 21:54",
            "open": "6.4277",
            "high": "6.4277",
            "low": "6.4277",
            "close": "6.4441"
        },
        {
            "time": "12.05.2021 21:56",
            "open": "6.4441",
            "high": "6.4441",
            "low": "6.4441",
            "close": "6.447"
        },
        {
            "time": "12.05.2021 21:57",
            "open": "6.447",
            "high": "6.4534",
            "low": "6.447",
            "close": "6.4599"
        },
        {
            "time": "12.05.2021 21:58",
            "open": "6.4599",
            "high": "6.4599",
            "low": "6.4599",
            "close": "6.4459"
        },
        {
            "time": "12.05.2021 22:00",
            "open": "6.4459",
            "high": "6.4459",
            "low": "6.4459",
            "close": "6.4634"
        },
        {
            "time": "12.05.2021 22:01",
            "open": "6.4634",
            "high": "6.4663",
            "low": "6.4634",
            "close": "6.4702"
        },
        {
            "time": "12.05.2021 22:02",
            "open": "6.4702",
            "high": "6.4702",
            "low": "6.4702",
            "close": "6.4469"
        },
        {
            "time": "12.05.2021 22:07",
            "open": "6.4469",
            "high": "6.4469",
            "low": "6.4469",
            "close": "6.4255"
        },
        {
            "time": "12.05.2021 22:10",
            "open": "6.4255",
            "high": "6.4255",
            "low": "6.4254",
            "close": "6.4254"
        },
        {
            "time": "12.05.2021 22:15",
            "open": "6.4254",
            "high": "6.4254",
            "low": "6.4254",
            "close": "6.3834"
        },
        {
            "time": "12.05.2021 22:20",
            "open": "6.3834",
            "high": "6.3834",
            "low": "6.3673",
            "close": "6.4008"
        },
        {
            "time": "12.05.2021 22:21",
            "open": "6.4008",
            "high": "6.4044",
            "low": "6.4008",
            "close": "6.4259"
        },
        {
            "time": "12.05.2021 22:22",
            "open": "6.4259",
            "high": "6.4259",
            "low": "6.4259",
            "close": "6.3959"
        },
        {
            "time": "12.05.2021 22:29",
            "open": "6.3959",
            "high": "6.3959",
            "low": "6.3959",
            "close": "6.3962"
        },
        {
            "time": "12.05.2021 22:30",
            "open": "6.3962",
            "high": "6.4185",
            "low": "6.3962",
            "close": "6.4185"
        },
        {
            "time": "12.05.2021 22:34",
            "open": "6.4185",
            "high": "6.4185",
            "low": "6.4185",
            "close": "6.4414"
        },
        {
            "time": "12.05.2021 22:35",
            "open": "6.4414",
            "high": "6.4414",
            "low": "6.4414",
            "close": "6.471"
        },
        {
            "time": "12.05.2021 22:46",
            "open": "6.471",
            "high": "6.471",
            "low": "6.471",
            "close": "6.4756"
        },
        {
            "time": "12.05.2021 22:49",
            "open": "6.4756",
            "high": "6.4756",
            "low": "6.4756",
            "close": "6.4756"
        },
        {
            "time": "12.05.2021 22:51",
            "open": "6.4756",
            "high": "6.4756",
            "low": "6.4756",
            "close": "6.4832"
        },
        {
            "time": "12.05.2021 22:52",
            "open": "6.4832",
            "high": "6.4835",
            "low": "6.4832",
            "close": "6.5026"
        },
        {
            "time": "12.05.2021 22:57",
            "open": "6.5026",
            "high": "6.5089",
            "low": "6.4999",
            "close": "6.4824"
        },
        {
            "time": "12.05.2021 22:58",
            "open": "6.4824",
            "high": "6.4824",
            "low": "6.4824",
            "close": "6.4695"
        },
        {
            "time": "12.05.2021 23:00",
            "open": "6.4695",
            "high": "6.4695",
            "low": "6.4695",
            "close": "6.4939"
        },
        {
            "time": "12.05.2021 23:04",
            "open": "6.4939",
            "high": "6.4939",
            "low": "6.4939",
            "close": "6.4803"
        },
        {
            "time": "12.05.2021 23:14",
            "open": "6.4803",
            "high": "6.4805",
            "low": "6.4783",
            "close": "6.5003"
        },
        {
            "time": "12.05.2021 23:17",
            "open": "6.5003",
            "high": "6.5003",
            "low": "6.5003",
            "close": "6.521"
        },
        {
            "time": "12.05.2021 23:21",
            "open": "6.521",
            "high": "6.5404",
            "low": "6.521",
            "close": "6.526"
        },
        {
            "time": "12.05.2021 23:25",
            "open": "6.526",
            "high": "6.526",
            "low": "6.526",
            "close": "6.5363"
        },
        {
            "time": "12.05.2021 23:29",
            "open": "6.5363",
            "high": "6.5364",
            "low": "6.5363",
            "close": "6.5174"
        },
        {
            "time": "12.05.2021 23:32",
            "open": "6.5174",
            "high": "6.5183",
            "low": "6.5174",
            "close": "6.5003"
        },
        {
            "time": "12.05.2021 23:33",
            "open": "6.5003",
            "high": "6.5003",
            "low": "6.5003",
            "close": "6.5116"
        },
        {
            "time": "12.05.2021 23:34",
            "open": "6.5116",
            "high": "6.5246",
            "low": "6.5116",
            "close": "6.5245"
        },
        {
            "time": "12.05.2021 23:37",
            "open": "6.5245",
            "high": "6.5245",
            "low": "6.5245",
            "close": "6.5244"
        },
        {
            "time": "12.05.2021 23:39",
            "open": "6.5244",
            "high": "6.5244",
            "low": "6.5244",
            "close": "6.5211"
        },
        {
            "time": "12.05.2021 23:45",
            "open": "6.5211",
            "high": "6.54",
            "low": "6.521",
            "close": "6.5319"
        },
        {
            "time": "12.05.2021 23:46",
            "open": "6.5319",
            "high": "6.5319",
            "low": "6.5319",
            "close": "6.5112"
        },
        {
            "time": "12.05.2021 23:47",
            "open": "6.5112",
            "high": "6.5112",
            "low": "6.5112",
            "close": "6.5352"
        },
        {
            "time": "12.05.2021 23:48",
            "open": "6.5352",
            "high": "6.5404",
            "low": "6.5352",
            "close": "6.5366"
        },
        {
            "time": "12.05.2021 23:49",
            "open": "6.5366",
            "high": "6.545",
            "low": "6.5366",
            "close": "6.5078"
        },
        {
            "time": "12.05.2021 23:52",
            "open": "6.5078",
            "high": "6.5229",
            "low": "6.5078",
            "close": "6.5214"
        },
        {
            "time": "12.05.2021 23:54",
            "open": "6.5214",
            "high": "6.5214",
            "low": "6.5214",
            "close": "6.5266"
        },
        {
            "time": "12.05.2021 23:55",
            "open": "6.5266",
            "high": "6.5266",
            "low": "6.5247",
            "close": "6.54"
        },
        {
            "time": "12.05.2021 23:58",
            "open": "6.54",
            "high": "6.54",
            "low": "6.54",
            "close": "6.5462"
        }
    ]
}