{
    "BNT-EUR": [
        {
            "time": "25.03.2021 23:58",
            "open": "5.7611",
            "high": "5.7611",
            "low": "5.7611",
            "close": "5.7894"
        },
        {
            "time": "26.03.2021 00:01",
            "open": "5.7894",
            "high": "5.7894",
            "low": "5.7718",
            "close": "5.7843"
        },
        {
            "time": "26.03.2021 00:05",
            "open": "5.7843",
            "high": "5.7843",
            "low": "5.7843",
            "close": "5.7793"
        },
        {
            "time": "26.03.2021 00:07",
            "open": "5.7793",
            "high": "5.7793",
            "low": "5.7663",
            "close": "5.7848"
        },
        {
            "time": "26.03.2021 00:09",
            "open": "5.7848",
            "high": "5.7989",
            "low": "5.7846",
            "close": "5.7735"
        },
        {
            "time": "26.03.2021 00:12",
            "open": "5.7735",
            "high": "5.7735",
            "low": "5.7735",
            "close": "5.7735"
        },
        {
            "time": "26.03.2021 00:14",
            "open": "5.7735",
            "high": "5.7735",
            "low": "5.7712",
            "close": "5.7712"
        },
        {
            "time": "26.03.2021 00:15",
            "open": "5.7712",
            "high": "5.7712",
            "low": "5.7547",
            "close": "5.7755"
        },
        {
            "time": "26.03.2021 00:16",
            "open": "5.7755",
            "high": "5.7755",
            "low": "5.7753",
            "close": "5.7731"
        },
        {
            "time": "26.03.2021 00:20",
            "open": "5.7731",
            "high": "5.7732",
            "low": "5.7707",
            "close": "5.7744"
        },
        {
            "time": "26.03.2021 00:22",
            "open": "5.7744",
            "high": "5.7744",
            "low": "5.7744",
            "close": "5.76"
        },
        {
            "time": "26.03.2021 00:23",
            "open": "5.76",
            "high": "5.76",
            "low": "5.7599",
            "close": "5.7537"
        },
        {
            "time": "26.03.2021 00:24",
            "open": "5.7537",
            "high": "5.7537",
            "low": "5.7532",
            "close": "5.7675"
        },
        {
            "time": "26.03.2021 00:25",
            "open": "5.7675",
            "high": "5.7675",
            "low": "5.7556",
            "close": "5.7501"
        },
        {
            "time": "26.03.2021 00:27",
            "open": "5.7501",
            "high": "5.7596",
            "low": "5.75",
            "close": "5.761"
        },
        {
            "time": "26.03.2021 00:29",
            "open": "5.761",
            "high": "5.7611",
            "low": "5.761",
            "close": "5.756"
        },
        {
            "time": "26.03.2021 00:30",
            "open": "5.756",
            "high": "5.756",
            "low": "5.75",
            "close": "5.7576"
        },
        {
            "time": "26.03.2021 00:31",
            "open": "5.7576",
            "high": "5.7576",
            "low": "5.75",
            "close": "5.7564"
        },
        {
            "time": "26.03.2021 00:42",
            "open": "5.7564",
            "high": "5.7566",
            "low": "5.7564",
            "close": "5.7518"
        },
        {
            "time": "26.03.2021 00:49",
            "open": "5.7518",
            "high": "5.7519",
            "low": "5.7518",
            "close": "5.747"
        },
        {
            "time": "26.03.2021 00:54",
            "open": "5.747",
            "high": "5.7473",
            "low": "5.7469",
            "close": "5.8079"
        },
        {
            "time": "26.03.2021 01:04",
            "open": "5.8079",
            "high": "5.8079",
            "low": "5.8079",
            "close": "5.8082"
        },
        {
            "time": "26.03.2021 01:05",
            "open": "5.8082",
            "high": "5.8082",
            "low": "5.8082",
            "close": "5.7726"
        },
        {
            "time": "26.03.2021 01:18",
            "open": "5.7726",
            "high": "5.7726",
            "low": "5.7726",
            "close": "5.7853"
        },
        {
            "time": "26.03.2021 01:26",
            "open": "5.7853",
            "high": "5.7853",
            "low": "5.7853",
            "close": "5.8068"
        },
        {
            "time": "26.03.2021 01:35",
            "open": "5.8068",
            "high": "5.8221",
            "low": "5.8068",
            "close": "5.8252"
        },
        {
            "time": "26.03.2021 01:45",
            "open": "5.8252",
            "high": "5.8252",
            "low": "5.8251",
            "close": "5.8396"
        },
        {
            "time": "26.03.2021 01:46",
            "open": "5.8396",
            "high": "5.8531",
            "low": "5.8396",
            "close": "5.8623"
        },
        {
            "time": "26.03.2021 01:48",
            "open": "5.8623",
            "high": "5.8623",
            "low": "5.8623",
            "close": "5.8566"
        },
        {
            "time": "26.03.2021 01:54",
            "open": "5.8566",
            "high": "5.857",
            "low": "5.8566",
            "close": "5.8333"
        },
        {
            "time": "26.03.2021 01:58",
            "open": "5.8333",
            "high": "5.8333",
            "low": "5.8333",
            "close": "5.8192"
        },
        {
            "time": "26.03.2021 02:05",
            "open": "5.8192",
            "high": "5.8192",
            "low": "5.8192",
            "close": "5.8135"
        },
        {
            "time": "26.03.2021 03:19",
            "open": "5.8135",
            "high": "5.8207",
            "low": "5.8135",
            "close": "5.8199"
        },
        {
            "time": "26.03.2021 03:37",
            "open": "5.8199",
            "high": "5.8199",
            "low": "5.8199",
            "close": "5.8079"
        },
        {
            "time": "26.03.2021 03:40",
            "open": "5.8079",
            "high": "5.8079",
            "low": "5.7956",
            "close": "5.8203"
        },
        {
            "time": "26.03.2021 04:00",
            "open": "5.8203",
            "high": "5.8386",
            "low": "5.8203",
            "close": "5.8221"
        },
        {
            "time": "26.03.2021 04:01",
            "open": "5.8221",
            "high": "5.8221",
            "low": "5.8221",
            "close": "5.8205"
        },
        {
            "time": "26.03.2021 04:03",
            "open": "5.8205",
            "high": "5.8205",
            "low": "5.8205",
            "close": "5.8493"
        },
        {
            "time": "26.03.2021 04:25",
            "open": "5.8493",
            "high": "5.8493",
            "low": "5.8493",
            "close": "5.8691"
        },
        {
            "time": "26.03.2021 04:53",
            "open": "5.8691",
            "high": "5.8691",
            "low": "5.869",
            "close": "5.8722"
        },
        {
            "time": "26.03.2021 05:01",
            "open": "5.8722",
            "high": "5.8722",
            "low": "5.8722",
            "close": "5.8798"
        },
        {
            "time": "26.03.2021 05:05",
            "open": "5.8798",
            "high": "5.8798",
            "low": "5.8798",
            "close": "5.8621"
        },
        {
            "time": "26.03.2021 05:07",
            "open": "5.8621",
            "high": "5.8621",
            "low": "5.8621",
            "close": "5.8644"
        },
        {
            "time": "26.03.2021 05:11",
            "open": "5.8644",
            "high": "5.8644",
            "low": "5.8644",
            "close": "5.8567"
        },
        {
            "time": "26.03.2021 05:13",
            "open": "5.8567",
            "high": "5.8567",
            "low": "5.8523",
            "close": "5.8877"
        },
        {
            "time": "26.03.2021 05:54",
            "open": "5.8877",
            "high": "5.8877",
            "low": "5.8877",
            "close": "5.8875"
        },
        {
            "time": "26.03.2021 05:59",
            "open": "5.8875",
            "high": "5.8875",
            "low": "5.869",
            "close": "5.8875"
        },
        {
            "time": "26.03.2021 06:00",
            "open": "5.8875",
            "high": "5.8875",
            "low": "5.8875",
            "close": "5.885"
        },
        {
            "time": "26.03.2021 06:02",
            "open": "5.885",
            "high": "5.885",
            "low": "5.885",
            "close": "5.8877"
        },
        {
            "time": "26.03.2021 06:11",
            "open": "5.8877",
            "high": "5.8877",
            "low": "5.8877",
            "close": "5.9163"
        },
        {
            "time": "26.03.2021 06:13",
            "open": "5.9163",
            "high": "5.9163",
            "low": "5.916",
            "close": "5.8945"
        },
        {
            "time": "26.03.2021 06:15",
            "open": "5.8945",
            "high": "5.8945",
            "low": "5.8945",
            "close": "5.903"
        },
        {
            "time": "26.03.2021 06:37",
            "open": "5.903",
            "high": "5.903",
            "low": "5.903",
            "close": "5.9029"
        },
        {
            "time": "26.03.2021 06:44",
            "open": "5.9029",
            "high": "5.9029",
            "low": "5.9029",
            "close": "5.9116"
        },
        {
            "time": "26.03.2021 06:56",
            "open": "5.9116",
            "high": "5.9116",
            "low": "5.8998",
            "close": "5.907"
        },
        {
            "time": "26.03.2021 06:58",
            "open": "5.907",
            "high": "5.907",
            "low": "5.907",
            "close": "5.916"
        },
        {
            "time": "26.03.2021 06:59",
            "open": "5.916",
            "high": "5.916",
            "low": "5.916",
            "close": "5.8963"
        },
        {
            "time": "26.03.2021 07:34",
            "open": "5.8963",
            "high": "5.8969",
            "low": "5.8963",
            "close": "5.9051"
        },
        {
            "time": "26.03.2021 07:42",
            "open": "5.9051",
            "high": "5.9051",
            "low": "5.8907",
            "close": "5.8821"
        },
        {
            "time": "26.03.2021 07:49",
            "open": "5.8821",
            "high": "5.8821",
            "low": "5.8821",
            "close": "5.8944"
        },
        {
            "time": "26.03.2021 07:58",
            "open": "5.8944",
            "high": "5.8944",
            "low": "5.8944",
            "close": "5.8569"
        },
        {
            "time": "26.03.2021 08:22",
            "open": "5.8569",
            "high": "5.8569",
            "low": "5.8569",
            "close": "5.8737"
        },
        {
            "time": "26.03.2021 08:23",
            "open": "5.8737",
            "high": "5.8738",
            "low": "5.8737",
            "close": "5.9105"
        },
        {
            "time": "26.03.2021 08:40",
            "open": "5.9105",
            "high": "5.9105",
            "low": "5.9008",
            "close": "5.9225"
        },
        {
            "time": "26.03.2021 08:41",
            "open": "5.9225",
            "high": "5.9225",
            "low": "5.9225",
            "close": "5.9214"
        },
        {
            "time": "26.03.2021 08:45",
            "open": "5.9214",
            "high": "5.9214",
            "low": "5.9214",
            "close": "5.9225"
        },
        {
            "time": "26.03.2021 08:49",
            "open": "5.9225",
            "high": "5.9272",
            "low": "5.9225",
            "close": "5.9354"
        },
        {
            "time": "26.03.2021 08:50",
            "open": "5.9354",
            "high": "5.9354",
            "low": "5.922",
            "close": "5.9383"
        },
        {
            "time": "26.03.2021 08:52",
            "open": "5.9383",
            "high": "5.9509",
            "low": "5.9383",
            "close": "5.9373"
        },
        {
            "time": "26.03.2021 08:56",
            "open": "5.9373",
            "high": "5.9413",
            "low": "5.9373",
            "close": "5.936"
        },
        {
            "time": "26.03.2021 08:59",
            "open": "5.936",
            "high": "5.936",
            "low": "5.9348",
            "close": "5.9491"
        },
        {
            "time": "26.03.2021 09:01",
            "open": "5.9491",
            "high": "5.9491",
            "low": "5.9491",
            "close": "5.9512"
        },
        {
            "time": "26.03.2021 09:03",
            "open": "5.9512",
            "high": "5.957",
            "low": "5.9512",
            "close": "5.9575"
        },
        {
            "time": "26.03.2021 09:04",
            "open": "5.9575",
            "high": "5.9683",
            "low": "5.9575",
            "close": "5.9658"
        },
        {
            "time": "26.03.2021 09:09",
            "open": "5.9658",
            "high": "5.966",
            "low": "5.9658",
            "close": "5.963"
        },
        {
            "time": "26.03.2021 09:10",
            "open": "5.963",
            "high": "5.963",
            "low": "5.963",
            "close": "5.963"
        },
        {
            "time": "26.03.2021 09:14",
            "open": "5.963",
            "high": "5.963",
            "low": "5.9551",
            "close": "5.949"
        },
        {
            "time": "26.03.2021 09:16",
            "open": "5.949",
            "high": "5.9567",
            "low": "5.949",
            "close": "5.9685"
        },
        {
            "time": "26.03.2021 09:19",
            "open": "5.9685",
            "high": "5.9685",
            "low": "5.9685",
            "close": "5.9685"
        },
        {
            "time": "26.03.2021 09:20",
            "open": "5.9685",
            "high": "5.9707",
            "low": "5.9685",
            "close": "5.9779"
        },
        {
            "time": "26.03.2021 09:21",
            "open": "5.9779",
            "high": "5.9917",
            "low": "5.9779",
            "close": "5.9906"
        },
        {
            "time": "26.03.2021 09:23",
            "open": "5.9906",
            "high": "5.992",
            "low": "5.9836",
            "close": "5.9925"
        },
        {
            "time": "26.03.2021 09:33",
            "open": "5.9925",
            "high": "5.9972",
            "low": "5.9925",
            "close": "5.9851"
        },
        {
            "time": "26.03.2021 09:34",
            "open": "5.9851",
            "high": "5.9851",
            "low": "5.9737",
            "close": "5.9686"
        },
        {
            "time": "26.03.2021 09:46",
            "open": "5.9686",
            "high": "5.9686",
            "low": "5.9686",
            "close": "5.963"
        },
        {
            "time": "26.03.2021 09:52",
            "open": "5.963",
            "high": "5.9779",
            "low": "5.9514",
            "close": "5.9392"
        },
        {
            "time": "26.03.2021 09:53",
            "open": "5.9392",
            "high": "5.9392",
            "low": "5.9392",
            "close": "5.9522"
        },
        {
            "time": "26.03.2021 10:01",
            "open": "5.9522",
            "high": "5.9522",
            "low": "5.9522",
            "close": "5.9579"
        },
        {
            "time": "26.03.2021 10:04",
            "open": "5.9579",
            "high": "5.9579",
            "low": "5.9579",
            "close": "5.9433"
        },
        {
            "time": "26.03.2021 10:16",
            "open": "5.9433",
            "high": "5.9515",
            "low": "5.9339",
            "close": "5.9633"
        },
        {
            "time": "26.03.2021 10:17",
            "open": "5.9633",
            "high": "5.9633",
            "low": "5.9633",
            "close": "5.9712"
        },
        {
            "time": "26.03.2021 10:19",
            "open": "5.9712",
            "high": "5.9723",
            "low": "5.9712",
            "close": "5.9737"
        },
        {
            "time": "26.03.2021 10:20",
            "open": "5.9737",
            "high": "5.9742",
            "low": "5.9737",
            "close": "5.9986"
        },
        {
            "time": "26.03.2021 10:35",
            "open": "5.9986",
            "high": "5.9988",
            "low": "5.9859",
            "close": "5.9833"
        },
        {
            "time": "26.03.2021 10:37",
            "open": "5.9833",
            "high": "5.9833",
            "low": "5.9507",
            "close": "5.9253"
        },
        {
            "time": "26.03.2021 10:46",
            "open": "5.9253",
            "high": "5.9253",
            "low": "5.9253",
            "close": "5.9139"
        },
        {
            "time": "26.03.2021 10:57",
            "open": "5.9139",
            "high": "5.9139",
            "low": "5.9139",
            "close": "5.9113"
        },
        {
            "time": "26.03.2021 11:09",
            "open": "5.9113",
            "high": "5.9138",
            "low": "5.9113",
            "close": "5.8985"
        },
        {
            "time": "26.03.2021 11:11",
            "open": "5.8985",
            "high": "5.8985",
            "low": "5.8965",
            "close": "5.9112"
        },
        {
            "time": "26.03.2021 11:21",
            "open": "5.9112",
            "high": "5.9112",
            "low": "5.9112",
            "close": "5.9183"
        },
        {
            "time": "26.03.2021 11:22",
            "open": "5.9183",
            "high": "5.9183",
            "low": "5.8972",
            "close": "5.9379"
        },
        {
            "time": "26.03.2021 11:26",
            "open": "5.9379",
            "high": "5.9379",
            "low": "5.9379",
            "close": "5.9479"
        },
        {
            "time": "26.03.2021 11:41",
            "open": "5.9479",
            "high": "5.9479",
            "low": "5.9479",
            "close": "5.9463"
        },
        {
            "time": "26.03.2021 12:09",
            "open": "5.9463",
            "high": "5.9463",
            "low": "5.9463",
            "close": "5.9423"
        },
        {
            "time": "26.03.2021 12:10",
            "open": "5.9423",
            "high": "5.9423",
            "low": "5.9423",
            "close": "5.9424"
        },
        {
            "time": "26.03.2021 12:11",
            "open": "5.9424",
            "high": "5.9483",
            "low": "5.9424",
            "close": "5.9425"
        },
        {
            "time": "26.03.2021 12:17",
            "open": "5.9425",
            "high": "5.9425",
            "low": "5.9425",
            "close": "5.9296"
        },
        {
            "time": "26.03.2021 12:23",
            "open": "5.9296",
            "high": "5.9296",
            "low": "5.9296",
            "close": "5.9229"
        },
        {
            "time": "26.03.2021 12:24",
            "open": "5.9229",
            "high": "5.9229",
            "low": "5.9229",
            "close": "5.9076"
        },
        {
            "time": "26.03.2021 12:33",
            "open": "5.9076",
            "high": "5.9076",
            "low": "5.9076",
            "close": "5.9005"
        },
        {
            "time": "26.03.2021 12:35",
            "open": "5.9002",
            "high": "5.9002",
            "low": "5.9002",
            "close": "5.9505"
        },
        {
            "time": "26.03.2021 12:57",
            "open": "5.945",
            "high": "5.945",
            "low": "5.945",
            "close": "5.963"
        },
        {
            "time": "26.03.2021 13:13",
            "open": "5.963",
            "high": "5.963",
            "low": "5.963",
            "close": "5.9746"
        },
        {
            "time": "26.03.2021 13:16",
            "open": "5.9746",
            "high": "5.9772",
            "low": "5.9746",
            "close": "5.9772"
        },
        {
            "time": "26.03.2021 13:17",
            "open": "5.9772",
            "high": "5.9772",
            "low": "5.9772",
            "close": "5.9758"
        },
        {
            "time": "26.03.2021 13:25",
            "open": "5.9758",
            "high": "5.9758",
            "low": "5.9758",
            "close": "5.9827"
        },
        {
            "time": "26.03.2021 13:37",
            "open": "5.9827",
            "high": "5.9847",
            "low": "5.9714",
            "close": "5.9836"
        },
        {
            "time": "26.03.2021 13:39",
            "open": "5.9836",
            "high": "5.9836",
            "low": "5.9836",
            "close": "5.984"
        },
        {
            "time": "26.03.2021 13:41",
            "open": "5.984",
            "high": "5.9841",
            "low": "5.984",
            "close": "5.9741"
        },
        {
            "time": "26.03.2021 13:42",
            "open": "5.9741",
            "high": "5.9741",
            "low": "5.9741",
            "close": "5.97"
        },
        {
            "time": "26.03.2021 13:48",
            "open": "5.97",
            "high": "5.97",
            "low": "5.9698",
            "close": "5.9741"
        },
        {
            "time": "26.03.2021 13:50",
            "open": "5.9741",
            "high": "5.9741",
            "low": "5.9741",
            "close": "5.974"
        },
        {
            "time": "26.03.2021 13:51",
            "open": "5.974",
            "high": "5.9741",
            "low": "5.974",
            "close": "5.9806"
        },
        {
            "time": "26.03.2021 13:52",
            "open": "5.9806",
            "high": "5.9806",
            "low": "5.9806",
            "close": "5.9832"
        },
        {
            "time": "26.03.2021 13:55",
            "open": "5.9832",
            "high": "5.9927",
            "low": "5.9832",
            "close": "5.9927"
        },
        {
            "time": "26.03.2021 14:00",
            "open": "5.9927",
            "high": "6.0091",
            "low": "5.9927",
            "close": "6.0046"
        },
        {
            "time": "26.03.2021 14:01",
            "open": "6.0046",
            "high": "6.0046",
            "low": "6.0022",
            "close": "5.994"
        },
        {
            "time": "26.03.2021 14:04",
            "open": "5.994",
            "high": "5.994",
            "low": "5.9939",
            "close": "5.9838"
        },
        {
            "time": "26.03.2021 14:07",
            "open": "5.9838",
            "high": "5.9838",
            "low": "5.9838",
            "close": "5.9831"
        },
        {
            "time": "26.03.2021 14:11",
            "open": "5.9831",
            "high": "5.9831",
            "low": "5.9831",
            "close": "5.9822"
        },
        {
            "time": "26.03.2021 14:12",
            "open": "5.9822",
            "high": "5.9822",
            "low": "5.9822",
            "close": "5.96"
        },
        {
            "time": "26.03.2021 14:25",
            "open": "5.96",
            "high": "5.96",
            "low": "5.9578",
            "close": "5.9578"
        },
        {
            "time": "26.03.2021 14:26",
            "open": "5.9578",
            "high": "5.9578",
            "low": "5.9578",
            "close": "5.9654"
        },
        {
            "time": "26.03.2021 14:41",
            "open": "5.9654",
            "high": "5.972",
            "low": "5.9654",
            "close": "5.9936"
        },
        {
            "time": "26.03.2021 14:42",
            "open": "5.9936",
            "high": "5.9936",
            "low": "5.9936",
            "close": "6.0102"
        },
        {
            "time": "26.03.2021 14:46",
            "open": "6.0102",
            "high": "6.0102",
            "low": "6.0099",
            "close": "6.0185"
        },
        {
            "time": "26.03.2021 14:53",
            "open": "6.0185",
            "high": "6.0185",
            "low": "6.0185",
            "close": "6.0186"
        },
        {
            "time": "26.03.2021 14:55",
            "open": "6.0186",
            "high": "6.0186",
            "low": "6.0186",
            "close": "6.0145"
        },
        {
            "time": "26.03.2021 14:56",
            "open": "6.0145",
            "high": "6.0145",
            "low": "6.0145",
            "close": "6.0132"
        },
        {
            "time": "26.03.2021 14:58",
            "open": "6.0132",
            "high": "6.0132",
            "low": "6.0132",
            "close": "6.0132"
        },
        {
            "time": "26.03.2021 14:59",
            "open": "6.0132",
            "high": "6.0132",
            "low": "6.0132",
            "close": "6.0186"
        },
        {
            "time": "26.03.2021 15:00",
            "open": "6.0186",
            "high": "6.0281",
            "low": "6.0186",
            "close": "6.0085"
        },
        {
            "time": "26.03.2021 15:03",
            "open": "6.0085",
            "high": "6.0085",
            "low": "6.0085",
            "close": "6.0067"
        },
        {
            "time": "26.03.2021 15:15",
            "open": "6.0067",
            "high": "6.0071",
            "low": "6.0001",
            "close": "6.021"
        },
        {
            "time": "26.03.2021 15:40",
            "open": "6.021",
            "high": "6.021",
            "low": "6.0208",
            "close": "6.0221"
        },
        {
            "time": "26.03.2021 15:42",
            "open": "6.0221",
            "high": "6.0221",
            "low": "6.0221",
            "close": "6.0281"
        },
        {
            "time": "26.03.2021 15:48",
            "open": "6.0281",
            "high": "6.0281",
            "low": "6.0281",
            "close": "6.0271"
        },
        {
            "time": "26.03.2021 15:52",
            "open": "6.0271",
            "high": "6.0271",
            "low": "6.0271",
            "close": "6.0269"
        },
        {
            "time": "26.03.2021 15:55",
            "open": "6.0269",
            "high": "6.0269",
            "low": "6.0269",
            "close": "6.025"
        },
        {
            "time": "26.03.2021 15:58",
            "open": "6.025",
            "high": "6.025",
            "low": "6.025",
            "close": "6.0152"
        },
        {
            "time": "26.03.2021 15:59",
            "open": "6.0152",
            "high": "6.0152",
            "low": "6.0133",
            "close": "6.0182"
        },
        {
            "time": "26.03.2021 16:02",
            "open": "6.0182",
            "high": "6.0182",
            "low": "6.0182",
            "close": "6.0075"
        },
        {
            "time": "26.03.2021 16:07",
            "open": "6.0075",
            "high": "6.0075",
            "low": "6.0021",
            "close": "6.0153"
        },
        {
            "time": "26.03.2021 16:09",
            "open": "6.0153",
            "high": "6.0153",
            "low": "6.0153",
            "close": "6.0098"
        },
        {
            "time": "26.03.2021 16:14",
            "open": "6.0098",
            "high": "6.0098",
            "low": "6.0098",
            "close": "6.0061"
        },
        {
            "time": "26.03.2021 16:15",
            "open": "6.0061",
            "high": "6.0061",
            "low": "6.0061",
            "close": "6.0008"
        },
        {
            "time": "26.03.2021 16:17",
            "open": "6.0008",
            "high": "6.0008",
            "low": "6",
            "close": "5.9872"
        },
        {
            "time": "26.03.2021 16:21",
            "open": "5.9872",
            "high": "5.9872",
            "low": "5.9872",
            "close": "5.9719"
        },
        {
            "time": "26.03.2021 16:23",
            "open": "5.9719",
            "high": "5.9719",
            "low": "5.9719",
            "close": "5.985"
        },
        {
            "time": "26.03.2021 16:24",
            "open": "5.985",
            "high": "5.985",
            "low": "5.985",
            "close": "5.9588"
        },
        {
            "time": "26.03.2021 16:29",
            "open": "5.9588",
            "high": "5.9795",
            "low": "5.9588",
            "close": "6.0007"
        },
        {
            "time": "26.03.2021 16:36",
            "open": "6.0007",
            "high": "6.0007",
            "low": "6.0007",
            "close": "5.9997"
        },
        {
            "time": "26.03.2021 16:37",
            "open": "5.9997",
            "high": "5.9997",
            "low": "5.9814",
            "close": "5.9814"
        },
        {
            "time": "26.03.2021 16:40",
            "open": "5.9814",
            "high": "5.9814",
            "low": "5.9814",
            "close": "5.9848"
        },
        {
            "time": "26.03.2021 16:42",
            "open": "5.9848",
            "high": "5.9848",
            "low": "5.9848",
            "close": "5.9827"
        },
        {
            "time": "26.03.2021 16:46",
            "open": "5.9827",
            "high": "5.9827",
            "low": "5.9827",
            "close": "5.9777"
        },
        {
            "time": "26.03.2021 16:55",
            "open": "5.9777",
            "high": "5.9777",
            "low": "5.9777",
            "close": "5.9775"
        },
        {
            "time": "26.03.2021 17:06",
            "open": "5.9775",
            "high": "5.9776",
            "low": "5.9775",
            "close": "5.9784"
        },
        {
            "time": "26.03.2021 17:07",
            "open": "5.9784",
            "high": "5.9987",
            "low": "5.9774",
            "close": "6.0176"
        },
        {
            "time": "26.03.2021 17:08",
            "open": "6.0176",
            "high": "6.0289",
            "low": "6.0176",
            "close": "6.0318"
        },
        {
            "time": "26.03.2021 17:09",
            "open": "6.0318",
            "high": "6.0375",
            "low": "6.0318",
            "close": "6.0194"
        },
        {
            "time": "26.03.2021 17:12",
            "open": "6.0194",
            "high": "6.0194",
            "low": "6.0194",
            "close": "6.044"
        },
        {
            "time": "26.03.2021 17:16",
            "open": "6.044",
            "high": "6.0493",
            "low": "6.044",
            "close": "6.043"
        },
        {
            "time": "26.03.2021 17:17",
            "open": "6.043",
            "high": "6.043",
            "low": "6.0407",
            "close": "6.0492"
        },
        {
            "time": "26.03.2021 17:23",
            "open": "6.0492",
            "high": "6.0608",
            "low": "6.0492",
            "close": "6.0511"
        },
        {
            "time": "26.03.2021 17:24",
            "open": "6.0511",
            "high": "6.0511",
            "low": "6.0511",
            "close": "6.0567"
        },
        {
            "time": "26.03.2021 17:27",
            "open": "6.0567",
            "high": "6.0567",
            "low": "6.0567",
            "close": "6.0567"
        },
        {
            "time": "26.03.2021 17:28",
            "open": "6.0567",
            "high": "6.0567",
            "low": "6.0567",
            "close": "6.0585"
        },
        {
            "time": "26.03.2021 17:30",
            "open": "6.0585",
            "high": "6.0638",
            "low": "6.0585",
            "close": "6.0767"
        },
        {
            "time": "26.03.2021 17:33",
            "open": "6.0767",
            "high": "6.0777",
            "low": "6.0767",
            "close": "6.0674"
        },
        {
            "time": "26.03.2021 17:34",
            "open": "6.0674",
            "high": "6.0674",
            "low": "6.06",
            "close": "6.0681"
        },
        {
            "time": "26.03.2021 17:38",
            "open": "6.0681",
            "high": "6.0681",
            "low": "6.0681",
            "close": "6.0619"
        },
        {
            "time": "26.03.2021 17:39",
            "open": "6.0619",
            "high": "6.0619",
            "low": "6.0619",
            "close": "6.0735"
        },
        {
            "time": "26.03.2021 17:42",
            "open": "6.0735",
            "high": "6.0735",
            "low": "6.0735",
            "close": "6.0742"
        },
        {
            "time": "26.03.2021 17:44",
            "open": "6.0742",
            "high": "6.0742",
            "low": "6.0742",
            "close": "6.0737"
        },
        {
            "time": "26.03.2021 17:46",
            "open": "6.0737",
            "high": "6.0754",
            "low": "6.0737",
            "close": "6.0653"
        },
        {
            "time": "26.03.2021 17:47",
            "open": "6.0653",
            "high": "6.0653",
            "low": "6.0653",
            "close": "6.0778"
        },
        {
            "time": "26.03.2021 17:49",
            "open": "6.0778",
            "high": "6.0889",
            "low": "6.0778",
            "close": "6.0889"
        },
        {
            "time": "26.03.2021 17:50",
            "open": "6.0889",
            "high": "6.0889",
            "low": "6.0791",
            "close": "6.0856"
        },
        {
            "time": "26.03.2021 17:52",
            "open": "6.0856",
            "high": "6.0856",
            "low": "6.0856",
            "close": "6.09"
        },
        {
            "time": "26.03.2021 17:54",
            "open": "6.09",
            "high": "6.0948",
            "low": "6.09",
            "close": "6.0912"
        },
        {
            "time": "26.03.2021 17:55",
            "open": "6.0912",
            "high": "6.0912",
            "low": "6.0763",
            "close": "6.0941"
        },
        {
            "time": "26.03.2021 17:59",
            "open": "6.0941",
            "high": "6.0942",
            "low": "6.0941",
            "close": "6.0996"
        },
        {
            "time": "26.03.2021 18:00",
            "open": "6.0996",
            "high": "6.1",
            "low": "6.0996",
            "close": "6.0917"
        },
        {
            "time": "26.03.2021 18:01",
            "open": "6.0917",
            "high": "6.0917",
            "low": "6.085",
            "close": "6.0842"
        },
        {
            "time": "26.03.2021 18:02",
            "open": "6.0842",
            "high": "6.0842",
            "low": "6.0842",
            "close": "6.0897"
        },
        {
            "time": "26.03.2021 18:03",
            "open": "6.0897",
            "high": "6.0974",
            "low": "6.0809",
            "close": "6.075"
        },
        {
            "time": "26.03.2021 18:14",
            "open": "6.075",
            "high": "6.075",
            "low": "6.0601",
            "close": "6.0605"
        },
        {
            "time": "26.03.2021 18:20",
            "open": "6.0605",
            "high": "6.0605",
            "low": "6.0605",
            "close": "6.0685"
        },
        {
            "time": "26.03.2021 18:22",
            "open": "6.0685",
            "high": "6.0685",
            "low": "6.0685",
            "close": "6.0692"
        },
        {
            "time": "26.03.2021 18:23",
            "open": "6.0692",
            "high": "6.0692",
            "low": "6.0692",
            "close": "6.0821"
        },
        {
            "time": "26.03.2021 18:25",
            "open": "6.0821",
            "high": "6.0821",
            "low": "6.08",
            "close": "6.0742"
        },
        {
            "time": "26.03.2021 18:30",
            "open": "6.0742",
            "high": "6.0742",
            "low": "6.0741",
            "close": "6.0998"
        },
        {
            "time": "26.03.2021 18:38",
            "open": "6.0998",
            "high": "6.0998",
            "low": "6.0998",
            "close": "6.0771"
        },
        {
            "time": "26.03.2021 18:41",
            "open": "6.0771",
            "high": "6.0771",
            "low": "6.0771",
            "close": "6.0904"
        },
        {
            "time": "26.03.2021 18:42",
            "open": "6.0904",
            "high": "6.0904",
            "low": "6.0904",
            "close": "6.0865"
        },
        {
            "time": "26.03.2021 18:48",
            "open": "6.0865",
            "high": "6.0865",
            "low": "6.0865",
            "close": "6.0845"
        },
        {
            "time": "26.03.2021 18:54",
            "open": "6.0845",
            "high": "6.0845",
            "low": "6.0832",
            "close": "6.091"
        },
        {
            "time": "26.03.2021 18:58",
            "open": "6.091",
            "high": "6.0959",
            "low": "6.091",
            "close": "6.0844"
        },
        {
            "time": "26.03.2021 19:04",
            "open": "6.0844",
            "high": "6.0844",
            "low": "6.0843",
            "close": "6.089"
        },
        {
            "time": "26.03.2021 19:06",
            "open": "6.089",
            "high": "6.089",
            "low": "6.089",
            "close": "6.0859"
        },
        {
            "time": "26.03.2021 19:07",
            "open": "6.0859",
            "high": "6.0859",
            "low": "6.0859",
            "close": "6.0974"
        },
        {
            "time": "26.03.2021 19:08",
            "open": "6.0974",
            "high": "6.0974",
            "low": "6.0974",
            "close": "6.0859"
        },
        {
            "time": "26.03.2021 19:14",
            "open": "6.0859",
            "high": "6.0859",
            "low": "6.0859",
            "close": "6.0913"
        },
        {
            "time": "26.03.2021 19:17",
            "open": "6.0913",
            "high": "6.1082",
            "low": "6.0913",
            "close": "6.0665"
        },
        {
            "time": "26.03.2021 19:22",
            "open": "6.0665",
            "high": "6.0665",
            "low": "6.0642",
            "close": "6.0637"
        },
        {
            "time": "26.03.2021 19:25",
            "open": "6.0637",
            "high": "6.0637",
            "low": "6.0616",
            "close": "6.0594"
        },
        {
            "time": "26.03.2021 19:26",
            "open": "6.0594",
            "high": "6.0594",
            "low": "6.0594",
            "close": "6.0583"
        },
        {
            "time": "26.03.2021 19:28",
            "open": "6.0583",
            "high": "6.0583",
            "low": "6.0583",
            "close": "6.0678"
        },
        {
            "time": "26.03.2021 19:36",
            "open": "6.0678",
            "high": "6.0678",
            "low": "6.0678",
            "close": "6.0616"
        },
        {
            "time": "26.03.2021 19:44",
            "open": "6.0616",
            "high": "6.0616",
            "low": "6.0616",
            "close": "6.0583"
        },
        {
            "time": "26.03.2021 19:45",
            "open": "6.0583",
            "high": "6.0583",
            "low": "6.0583",
            "close": "6.0398"
        },
        {
            "time": "26.03.2021 19:54",
            "open": "6.0398",
            "high": "6.0398",
            "low": "6.0398",
            "close": "6.045"
        },
        {
            "time": "26.03.2021 20:11",
            "open": "6.045",
            "high": "6.045",
            "low": "6.045",
            "close": "6.0395"
        },
        {
            "time": "26.03.2021 20:14",
            "open": "6.0395",
            "high": "6.0395",
            "low": "6.0395",
            "close": "6.0333"
        },
        {
            "time": "26.03.2021 20:17",
            "open": "6.0333",
            "high": "6.0333",
            "low": "6.0333",
            "close": "6.0316"
        },
        {
            "time": "26.03.2021 20:23",
            "open": "6.0316",
            "high": "6.0316",
            "low": "6.0316",
            "close": "6.0432"
        },
        {
            "time": "26.03.2021 20:26",
            "open": "6.0432",
            "high": "6.0432",
            "low": "6.0432",
            "close": "6.0375"
        },
        {
            "time": "26.03.2021 20:28",
            "open": "6.0375",
            "high": "6.0375",
            "low": "6.0374",
            "close": "6.0391"
        },
        {
            "time": "26.03.2021 20:42",
            "open": "6.0391",
            "high": "6.0391",
            "low": "6.0292",
            "close": "6.0453"
        },
        {
            "time": "26.03.2021 20:44",
            "open": "6.0453",
            "high": "6.0453",
            "low": "6.0453",
            "close": "6.0645"
        },
        {
            "time": "26.03.2021 20:47",
            "open": "6.0645",
            "high": "6.0645",
            "low": "6.0645",
            "close": "6.0646"
        },
        {
            "time": "26.03.2021 20:49",
            "open": "6.0646",
            "high": "6.0646",
            "low": "6.0646",
            "close": "6.0654"
        },
        {
            "time": "26.03.2021 21:01",
            "open": "6.0654",
            "high": "6.0654",
            "low": "6.0654",
            "close": "6.0811"
        },
        {
            "time": "26.03.2021 21:06",
            "open": "6.0811",
            "high": "6.0937",
            "low": "6.0811",
            "close": "6.0938"
        },
        {
            "time": "26.03.2021 21:08",
            "open": "6.0938",
            "high": "6.0938",
            "low": "6.0937",
            "close": "6.0859"
        },
        {
            "time": "26.03.2021 21:12",
            "open": "6.0859",
            "high": "6.0859",
            "low": "6.0859",
            "close": "6.076"
        },
        {
            "time": "26.03.2021 21:33",
            "open": "6.076",
            "high": "6.076",
            "low": "6.076",
            "close": "6.094"
        },
        {
            "time": "26.03.2021 21:47",
            "open": "6.094",
            "high": "6.094",
            "low": "6.094",
            "close": "6.0962"
        },
        {
            "time": "26.03.2021 21:59",
            "open": "6.0962",
            "high": "6.0962",
            "low": "6.0962",
            "close": "6.1086"
        },
        {
            "time": "26.03.2021 22:06",
            "open": "6.1086",
            "high": "6.1086",
            "low": "6.1086",
            "close": "6.0954"
        },
        {
            "time": "26.03.2021 22:07",
            "open": "6.0954",
            "high": "6.0954",
            "low": "6.0954",
            "close": "6.1019"
        },
        {
            "time": "26.03.2021 22:09",
            "open": "6.1019",
            "high": "6.108",
            "low": "6.1019",
            "close": "6.1099"
        },
        {
            "time": "26.03.2021 22:11",
            "open": "6.1099",
            "high": "6.1099",
            "low": "6.1099",
            "close": "6.11"
        },
        {
            "time": "26.03.2021 22:13",
            "open": "6.11",
            "high": "6.11",
            "low": "6.11",
            "close": "6.1078"
        },
        {
            "time": "26.03.2021 22:22",
            "open": "6.1078",
            "high": "6.112",
            "low": "6.1078",
            "close": "6.107"
        },
        {
            "time": "26.03.2021 22:25",
            "open": "6.107",
            "high": "6.107",
            "low": "6.107",
            "close": "6.1136"
        },
        {
            "time": "26.03.2021 22:31",
            "open": "6.1136",
            "high": "6.1238",
            "low": "6.1136",
            "close": "6.1218"
        },
        {
            "time": "26.03.2021 22:32",
            "open": "6.1218",
            "high": "6.1218",
            "low": "6.1218",
            "close": "6.122"
        },
        {
            "time": "26.03.2021 22:36",
            "open": "6.122",
            "high": "6.122",
            "low": "6.1114",
            "close": "6.122"
        },
        {
            "time": "26.03.2021 22:38",
            "open": "6.122",
            "high": "6.122",
            "low": "6.122",
            "close": "6.122"
        },
        {
            "time": "26.03.2021 22:39",
            "open": "6.122",
            "high": "6.1367",
            "low": "6.122",
            "close": "6.1451"
        },
        {
            "time": "26.03.2021 22:45",
            "open": "6.1451",
            "high": "6.1451",
            "low": "6.1451",
            "close": "6.145"
        },
        {
            "time": "26.03.2021 22:46",
            "open": "6.145",
            "high": "6.1578",
            "low": "6.145",
            "close": "6.1571"
        },
        {
            "time": "26.03.2021 22:49",
            "open": "6.1571",
            "high": "6.1571",
            "low": "6.1571",
            "close": "6.1526"
        },
        {
            "time": "26.03.2021 22:51",
            "open": "6.1526",
            "high": "6.1526",
            "low": "6.148",
            "close": "6.1719"
        },
        {
            "time": "26.03.2021 22:59",
            "open": "6.1719",
            "high": "6.1719",
            "low": "6.1719",
            "close": "6.1719"
        },
        {
            "time": "26.03.2021 23:00",
            "open": "6.1719",
            "high": "6.1719",
            "low": "6.1719",
            "close": "6.1719"
        },
        {
            "time": "26.03.2021 23:01",
            "open": "6.1719",
            "high": "6.1719",
            "low": "6.1675",
            "close": "6.1626"
        },
        {
            "time": "26.03.2021 23:02",
            "open": "6.1626",
            "high": "6.1626",
            "low": "6.1626",
            "close": "6.1674"
        },
        {
            "time": "26.03.2021 23:03",
            "open": "6.1674",
            "high": "6.1674",
            "low": "6.1674",
            "close": "6.1594"
        },
        {
            "time": "26.03.2021 23:06",
            "open": "6.1594",
            "high": "6.1594",
            "low": "6.1468",
            "close": "6.1676"
        },
        {
            "time": "26.03.2021 23:07",
            "open": "6.1676",
            "high": "6.1715",
            "low": "6.1676",
            "close": "6.1702"
        },
        {
            "time": "26.03.2021 23:09",
            "open": "6.1702",
            "high": "6.1702",
            "low": "6.1702",
            "close": "6.1597"
        },
        {
            "time": "26.03.2021 23:12",
            "open": "6.1597",
            "high": "6.1707",
            "low": "6.1596",
            "close": "6.1708"
        },
        {
            "time": "26.03.2021 23:20",
            "open": "6.1708",
            "high": "6.1708",
            "low": "6.1708",
            "close": "6.1707"
        },
        {
            "time": "26.03.2021 23:22",
            "open": "6.1707",
            "high": "6.1707",
            "low": "6.1707",
            "close": "6.1707"
        },
        {
            "time": "26.03.2021 23:24",
            "open": "6.1707",
            "high": "6.1725",
            "low": "6.1607",
            "close": "6.1719"
        },
        {
            "time": "26.03.2021 23:26",
            "open": "6.1719",
            "high": "6.1719",
            "low": "6.1719",
            "close": "6.1209"
        },
        {
            "time": "26.03.2021 23:53",
            "open": "6.1209",
            "high": "6.1209",
            "low": "6.1133",
            "close": "6.1082"
        },
        {
            "time": "26.03.2021 23:54",
            "open": "6.1082",
            "high": "6.1207",
            "low": "6.1082",
            "close": "6.1209"
        },
        {
            "time": "26.03.2021 23:55",
            "open": "6.1209",
            "high": "6.1209",
            "low": "6.1209",
            "close": "6.1209"
        }
    ]
}