{
    "BNT-EUR": [
        {
            "time": "05.08.2021 23:58",
            "open": "3.1424",
            "high": "3.1424",
            "low": "3.1396",
            "close": "3.1485"
        },
        {
            "time": "06.08.2021 00:00",
            "open": "3.1485",
            "high": "3.1485",
            "low": "3.1485",
            "close": "3.1442"
        },
        {
            "time": "06.08.2021 00:14",
            "open": "3.1442",
            "high": "3.1442",
            "low": "3.1441",
            "close": "3.1452"
        },
        {
            "time": "06.08.2021 00:15",
            "open": "3.1452",
            "high": "3.1452",
            "low": "3.1452",
            "close": "3.1442"
        },
        {
            "time": "06.08.2021 00:16",
            "open": "3.1442",
            "high": "3.1442",
            "low": "3.1442",
            "close": "3.1359"
        },
        {
            "time": "06.08.2021 00:21",
            "open": "3.1359",
            "high": "3.1359",
            "low": "3.1359",
            "close": "3.1318"
        },
        {
            "time": "06.08.2021 00:34",
            "open": "3.1318",
            "high": "3.1318",
            "low": "3.1318",
            "close": "3.1251"
        },
        {
            "time": "06.08.2021 00:35",
            "open": "3.1251",
            "high": "3.1251",
            "low": "3.1251",
            "close": "3.1327"
        },
        {
            "time": "06.08.2021 00:38",
            "open": "3.1327",
            "high": "3.1363",
            "low": "3.1327",
            "close": "3.1379"
        },
        {
            "time": "06.08.2021 00:50",
            "open": "3.1379",
            "high": "3.1379",
            "low": "3.1378",
            "close": "3.1391"
        },
        {
            "time": "06.08.2021 01:09",
            "open": "3.1391",
            "high": "3.1391",
            "low": "3.139",
            "close": "3.1545"
        },
        {
            "time": "06.08.2021 01:37",
            "open": "3.1545",
            "high": "3.1545",
            "low": "3.1545",
            "close": "3.1505"
        },
        {
            "time": "06.08.2021 02:01",
            "open": "3.1505",
            "high": "3.1505",
            "low": "3.1505",
            "close": "3.1551"
        },
        {
            "time": "06.08.2021 02:02",
            "open": "3.1551",
            "high": "3.1551",
            "low": "3.1551",
            "close": "3.1731"
        },
        {
            "time": "06.08.2021 02:03",
            "open": "3.1731",
            "high": "3.1731",
            "low": "3.1731",
            "close": "3.1743"
        },
        {
            "time": "06.08.2021 02:04",
            "open": "3.1743",
            "high": "3.1743",
            "low": "3.1743",
            "close": "3.1603"
        },
        {
            "time": "06.08.2021 02:05",
            "open": "3.1603",
            "high": "3.1603",
            "low": "3.1529",
            "close": "3.1269"
        },
        {
            "time": "06.08.2021 02:06",
            "open": "3.1269",
            "high": "3.1269",
            "low": "3.1269",
            "close": "3.1248"
        },
        {
            "time": "06.08.2021 02:25",
            "open": "3.1248",
            "high": "3.1248",
            "low": "3.1248",
            "close": "3.1326"
        },
        {
            "time": "06.08.2021 02:26",
            "open": "3.1326",
            "high": "3.1326",
            "low": "3.1326",
            "close": "3.1223"
        },
        {
            "time": "06.08.2021 02:28",
            "open": "3.1223",
            "high": "3.1223",
            "low": "3.1223",
            "close": "3.1238"
        },
        {
            "time": "06.08.2021 02:31",
            "open": "3.1238",
            "high": "3.1238",
            "low": "3.1238",
            "close": "3.1353"
        },
        {
            "time": "06.08.2021 02:40",
            "open": "3.1353",
            "high": "3.1353",
            "low": "3.1353",
            "close": "3.1162"
        },
        {
            "time": "06.08.2021 02:51",
            "open": "3.1162",
            "high": "3.1162",
            "low": "3.1162",
            "close": "3.0987"
        },
        {
            "time": "06.08.2021 02:53",
            "open": "3.0987",
            "high": "3.0987",
            "low": "3.0822",
            "close": "3.0884"
        },
        {
            "time": "06.08.2021 02:54",
            "open": "3.0884",
            "high": "3.0884",
            "low": "3.0857",
            "close": "3.0881"
        },
        {
            "time": "06.08.2021 02:55",
            "open": "3.0881",
            "high": "3.0888",
            "low": "3.0881",
            "close": "3.1008"
        },
        {
            "time": "06.08.2021 02:56",
            "open": "3.1008",
            "high": "3.1008",
            "low": "3.1008",
            "close": "3.116"
        },
        {
            "time": "06.08.2021 03:02",
            "open": "3.116",
            "high": "3.1171",
            "low": "3.116",
            "close": "3.1154"
        },
        {
            "time": "06.08.2021 03:18",
            "open": "3.1154",
            "high": "3.1154",
            "low": "3.1154",
            "close": "3.123"
        },
        {
            "time": "06.08.2021 03:34",
            "open": "3.123",
            "high": "3.123",
            "low": "3.123",
            "close": "3.1194"
        },
        {
            "time": "06.08.2021 03:47",
            "open": "3.1194",
            "high": "3.1194",
            "low": "3.1194",
            "close": "3.1349"
        },
        {
            "time": "06.08.2021 03:51",
            "open": "3.1349",
            "high": "3.1349",
            "low": "3.1349",
            "close": "3.0977"
        },
        {
            "time": "06.08.2021 04:38",
            "open": "3.0977",
            "high": "3.0977",
            "low": "3.0977",
            "close": "3.0921"
        },
        {
            "time": "06.08.2021 05:00",
            "open": "3.0921",
            "high": "3.0921",
            "low": "3.0921",
            "close": "3.0964"
        },
        {
            "time": "06.08.2021 05:45",
            "open": "3.0964",
            "high": "3.0964",
            "low": "3.0964",
            "close": "3.0881"
        },
        {
            "time": "06.08.2021 05:47",
            "open": "3.0881",
            "high": "3.0881",
            "low": "3.0797",
            "close": "3.0796"
        },
        {
            "time": "06.08.2021 05:48",
            "open": "3.0796",
            "high": "3.0796",
            "low": "3.0788",
            "close": "3.0762"
        },
        {
            "time": "06.08.2021 05:49",
            "open": "3.0762",
            "high": "3.0773",
            "low": "3.0754",
            "close": "3.092"
        },
        {
            "time": "06.08.2021 07:47",
            "open": "3.092",
            "high": "3.092",
            "low": "3.092",
            "close": "3.1002"
        },
        {
            "time": "06.08.2021 08:05",
            "open": "3.1002",
            "high": "3.1015",
            "low": "3.1002",
            "close": "3.1077"
        },
        {
            "time": "06.08.2021 08:15",
            "open": "3.1077",
            "high": "3.1276",
            "low": "3.1077",
            "close": "3.1259"
        },
        {
            "time": "06.08.2021 08:17",
            "open": "3.1259",
            "high": "3.1259",
            "low": "3.1259",
            "close": "3.1153"
        },
        {
            "time": "06.08.2021 08:20",
            "open": "3.1153",
            "high": "3.1153",
            "low": "3.1153",
            "close": "3.0989"
        },
        {
            "time": "06.08.2021 08:32",
            "open": "3.0989",
            "high": "3.0989",
            "low": "3.0989",
            "close": "3.1043"
        },
        {
            "time": "06.08.2021 08:38",
            "open": "3.1043",
            "high": "3.1076",
            "low": "3.1008",
            "close": "3.1093"
        },
        {
            "time": "06.08.2021 08:59",
            "open": "3.1093",
            "high": "3.1093",
            "low": "3.1093",
            "close": "3.1081"
        },
        {
            "time": "06.08.2021 09:00",
            "open": "3.1081",
            "high": "3.1081",
            "low": "3.1081",
            "close": "3.111"
        },
        {
            "time": "06.08.2021 09:02",
            "open": "3.111",
            "high": "3.1129",
            "low": "3.111",
            "close": "3.1025"
        },
        {
            "time": "06.08.2021 09:32",
            "open": "3.1025",
            "high": "3.1025",
            "low": "3.1025",
            "close": "3.0999"
        },
        {
            "time": "06.08.2021 09:39",
            "open": "3.0999",
            "high": "3.0999",
            "low": "3.0996",
            "close": "3.0911"
        },
        {
            "time": "06.08.2021 09:46",
            "open": "3.0911",
            "high": "3.0911",
            "low": "3.0911",
            "close": "3.0742"
        },
        {
            "time": "06.08.2021 10:03",
            "open": "3.0742",
            "high": "3.0742",
            "low": "3.0734",
            "close": "3.093"
        },
        {
            "time": "06.08.2021 10:08",
            "open": "3.093",
            "high": "3.093",
            "low": "3.093",
            "close": "3.1023"
        },
        {
            "time": "06.08.2021 10:11",
            "open": "3.1023",
            "high": "3.1023",
            "low": "3.1023",
            "close": "3.0962"
        },
        {
            "time": "06.08.2021 10:26",
            "open": "3.0962",
            "high": "3.1013",
            "low": "3.0962",
            "close": "3.099"
        },
        {
            "time": "06.08.2021 10:28",
            "open": "3.099",
            "high": "3.099",
            "low": "3.099",
            "close": "3.1005"
        },
        {
            "time": "06.08.2021 10:36",
            "open": "3.1005",
            "high": "3.1013",
            "low": "3.1005",
            "close": "3.1071"
        },
        {
            "time": "06.08.2021 10:45",
            "open": "3.1071",
            "high": "3.1071",
            "low": "3.1071",
            "close": "3.0964"
        },
        {
            "time": "06.08.2021 11:06",
            "open": "3.0964",
            "high": "3.0964",
            "low": "3.0964",
            "close": "3.1026"
        },
        {
            "time": "06.08.2021 11:56",
            "open": "3.1026",
            "high": "3.1026",
            "low": "3.1018",
            "close": "3.0809"
        },
        {
            "time": "06.08.2021 12:08",
            "open": "3.0809",
            "high": "3.0809",
            "low": "3.0736",
            "close": "3.0716"
        },
        {
            "time": "06.08.2021 12:09",
            "open": "3.0716",
            "high": "3.0716",
            "low": "3.0716",
            "close": "3.0933"
        },
        {
            "time": "06.08.2021 12:18",
            "open": "3.0933",
            "high": "3.0933",
            "low": "3.0933",
            "close": "3.0847"
        },
        {
            "time": "06.08.2021 12:37",
            "open": "3.0847",
            "high": "3.0847",
            "low": "3.083",
            "close": "3.095"
        },
        {
            "time": "06.08.2021 13:02",
            "open": "3.095",
            "high": "3.0958",
            "low": "3.095",
            "close": "3.0897"
        },
        {
            "time": "06.08.2021 13:07",
            "open": "3.0897",
            "high": "3.0897",
            "low": "3.0897",
            "close": "3.0838"
        },
        {
            "time": "06.08.2021 13:39",
            "open": "3.0838",
            "high": "3.0838",
            "low": "3.0811",
            "close": "3.0813"
        },
        {
            "time": "06.08.2021 13:46",
            "open": "3.0813",
            "high": "3.0813",
            "low": "3.0813",
            "close": "3.0916"
        },
        {
            "time": "06.08.2021 14:10",
            "open": "3.0916",
            "high": "3.0924",
            "low": "3.0916",
            "close": "3.095"
        },
        {
            "time": "06.08.2021 14:11",
            "open": "3.095",
            "high": "3.095",
            "low": "3.095",
            "close": "3.1081"
        },
        {
            "time": "06.08.2021 14:12",
            "open": "3.1081",
            "high": "3.1081",
            "low": "3.1081",
            "close": "3.11"
        },
        {
            "time": "06.08.2021 14:29",
            "open": "3.11",
            "high": "3.11",
            "low": "3.1099",
            "close": "3.107"
        },
        {
            "time": "06.08.2021 14:31",
            "open": "3.107",
            "high": "3.107",
            "low": "3.107",
            "close": "3.1196"
        },
        {
            "time": "06.08.2021 14:33",
            "open": "3.1196",
            "high": "3.1249",
            "low": "3.1122",
            "close": "3.1105"
        },
        {
            "time": "06.08.2021 14:35",
            "open": "3.1105",
            "high": "3.1105",
            "low": "3.109",
            "close": "3.1064"
        },
        {
            "time": "06.08.2021 14:36",
            "open": "3.1064",
            "high": "3.1064",
            "low": "3.1064",
            "close": "3.1038"
        },
        {
            "time": "06.08.2021 14:39",
            "open": "3.1038",
            "high": "3.1038",
            "low": "3.1038",
            "close": "3.1078"
        },
        {
            "time": "06.08.2021 14:48",
            "open": "3.1078",
            "high": "3.1078",
            "low": "3.1078",
            "close": "3.121"
        },
        {
            "time": "06.08.2021 14:50",
            "open": "3.121",
            "high": "3.1225",
            "low": "3.121",
            "close": "3.1235"
        },
        {
            "time": "06.08.2021 15:10",
            "open": "3.1235",
            "high": "3.1235",
            "low": "3.1235",
            "close": "3.1261"
        },
        {
            "time": "06.08.2021 15:15",
            "open": "3.1261",
            "high": "3.1261",
            "low": "3.1261",
            "close": "3.121"
        },
        {
            "time": "06.08.2021 15:29",
            "open": "3.121",
            "high": "3.121",
            "low": "3.1208",
            "close": "3.1166"
        },
        {
            "time": "06.08.2021 16:10",
            "open": "3.1166",
            "high": "3.1166",
            "low": "3.1166",
            "close": "3.1176"
        },
        {
            "time": "06.08.2021 16:22",
            "open": "3.1176",
            "high": "3.1176",
            "low": "3.1176",
            "close": "3.1066"
        },
        {
            "time": "06.08.2021 17:01",
            "open": "3.1066",
            "high": "3.1066",
            "low": "3.1066",
            "close": "3.1239"
        },
        {
            "time": "06.08.2021 17:10",
            "open": "3.1239",
            "high": "3.1239",
            "low": "3.1239",
            "close": "3.1268"
        },
        {
            "time": "06.08.2021 17:13",
            "open": "3.1268",
            "high": "3.1279",
            "low": "3.1268",
            "close": "3.139"
        },
        {
            "time": "06.08.2021 17:21",
            "open": "3.139",
            "high": "3.139",
            "low": "3.139",
            "close": "3.1358"
        },
        {
            "time": "06.08.2021 17:22",
            "open": "3.1358",
            "high": "3.1358",
            "low": "3.1342",
            "close": "3.1541"
        },
        {
            "time": "06.08.2021 17:31",
            "open": "3.1541",
            "high": "3.1555",
            "low": "3.1541",
            "close": "3.1574"
        },
        {
            "time": "06.08.2021 17:33",
            "open": "3.1574",
            "high": "3.1574",
            "low": "3.1497",
            "close": "3.1574"
        },
        {
            "time": "06.08.2021 17:43",
            "open": "3.1574",
            "high": "3.1574",
            "low": "3.1574",
            "close": "3.1618"
        },
        {
            "time": "06.08.2021 17:48",
            "open": "3.1618",
            "high": "3.1618",
            "low": "3.1609",
            "close": "3.1801"
        },
        {
            "time": "06.08.2021 17:58",
            "open": "3.1801",
            "high": "3.1827",
            "low": "3.1801",
            "close": "3.185"
        },
        {
            "time": "06.08.2021 17:59",
            "open": "3.185",
            "high": "3.1901",
            "low": "3.185",
            "close": "3.2"
        },
        {
            "time": "06.08.2021 18:03",
            "open": "3.2",
            "high": "3.217",
            "low": "3.2",
            "close": "3.2029"
        },
        {
            "time": "06.08.2021 18:04",
            "open": "3.2029",
            "high": "3.203",
            "low": "3.1986",
            "close": "3.2087"
        },
        {
            "time": "06.08.2021 18:05",
            "open": "3.2087",
            "high": "3.2087",
            "low": "3.2087",
            "close": "3.1932"
        },
        {
            "time": "06.08.2021 18:06",
            "open": "3.1879",
            "high": "3.1879",
            "low": "3.1879",
            "close": "3.2171"
        },
        {
            "time": "06.08.2021 18:11",
            "open": "3.2171",
            "high": "3.2171",
            "low": "3.2171",
            "close": "3.2073"
        },
        {
            "time": "06.08.2021 18:12",
            "open": "3.2073",
            "high": "3.2089",
            "low": "3.2073",
            "close": "3.2087"
        },
        {
            "time": "06.08.2021 18:13",
            "open": "3.2087",
            "high": "3.2089",
            "low": "3.2087",
            "close": "3.2089"
        },
        {
            "time": "06.08.2021 18:14",
            "open": "3.2089",
            "high": "3.2089",
            "low": "3.2089",
            "close": "3.2004"
        },
        {
            "time": "06.08.2021 18:15",
            "open": "3.2004",
            "high": "3.2004",
            "low": "3.1982",
            "close": "3.1982"
        },
        {
            "time": "06.08.2021 18:16",
            "open": "3.1982",
            "high": "3.1982",
            "low": "3.1982",
            "close": "3.2089"
        },
        {
            "time": "06.08.2021 18:17",
            "open": "3.2089",
            "high": "3.2089",
            "low": "3.2089",
            "close": "3.1995"
        },
        {
            "time": "06.08.2021 18:23",
            "open": "3.1995",
            "high": "3.1995",
            "low": "3.196",
            "close": "3.1918"
        },
        {
            "time": "06.08.2021 18:26",
            "open": "3.1918",
            "high": "3.1918",
            "low": "3.1885",
            "close": "3.1949"
        },
        {
            "time": "06.08.2021 18:27",
            "open": "3.1949",
            "high": "3.1949",
            "low": "3.1947",
            "close": "3.1997"
        },
        {
            "time": "06.08.2021 18:29",
            "open": "3.1997",
            "high": "3.1997",
            "low": "3.1953",
            "close": "3.2046"
        },
        {
            "time": "06.08.2021 18:30",
            "open": "3.2046",
            "high": "3.2155",
            "low": "3.2046",
            "close": "3.211"
        },
        {
            "time": "06.08.2021 18:40",
            "open": "3.211",
            "high": "3.211",
            "low": "3.211",
            "close": "3.1839"
        },
        {
            "time": "06.08.2021 18:47",
            "open": "3.1839",
            "high": "3.1839",
            "low": "3.1837",
            "close": "3.1846"
        },
        {
            "time": "06.08.2021 18:48",
            "open": "3.1846",
            "high": "3.1846",
            "low": "3.1846",
            "close": "3.1828"
        },
        {
            "time": "06.08.2021 18:51",
            "open": "3.1828",
            "high": "3.1874",
            "low": "3.1828",
            "close": "3.1939"
        },
        {
            "time": "06.08.2021 18:56",
            "open": "3.1939",
            "high": "3.1939",
            "low": "3.1939",
            "close": "3.1989"
        },
        {
            "time": "06.08.2021 18:59",
            "open": "3.1989",
            "high": "3.2049",
            "low": "3.1989",
            "close": "3.2029"
        },
        {
            "time": "06.08.2021 19:03",
            "open": "3.2029",
            "high": "3.2029",
            "low": "3.2029",
            "close": "3.2024"
        },
        {
            "time": "06.08.2021 19:04",
            "open": "3.2024",
            "high": "3.2024",
            "low": "3.2024",
            "close": "3.212"
        },
        {
            "time": "06.08.2021 19:25",
            "open": "3.212",
            "high": "3.212",
            "low": "3.2075",
            "close": "3.2158"
        },
        {
            "time": "06.08.2021 19:33",
            "open": "3.2158",
            "high": "3.2158",
            "low": "3.2158",
            "close": "3.2103"
        },
        {
            "time": "06.08.2021 19:41",
            "open": "3.2103",
            "high": "3.2103",
            "low": "3.2102",
            "close": "3.2181"
        },
        {
            "time": "06.08.2021 19:43",
            "open": "3.2181",
            "high": "3.2182",
            "low": "3.2181",
            "close": "3.2212"
        },
        {
            "time": "06.08.2021 19:44",
            "open": "3.2212",
            "high": "3.2257",
            "low": "3.2212",
            "close": "3.2234"
        },
        {
            "time": "06.08.2021 19:45",
            "open": "3.2234",
            "high": "3.2292",
            "low": "3.2234",
            "close": "3.2227"
        },
        {
            "time": "06.08.2021 19:47",
            "open": "3.2227",
            "high": "3.2227",
            "low": "3.2208",
            "close": "3.2319"
        },
        {
            "time": "06.08.2021 19:50",
            "open": "3.2319",
            "high": "3.234",
            "low": "3.2319",
            "close": "3.2332"
        },
        {
            "time": "06.08.2021 20:06",
            "open": "3.2332",
            "high": "3.2344",
            "low": "3.2332",
            "close": "3.2357"
        },
        {
            "time": "06.08.2021 20:07",
            "open": "3.2357",
            "high": "3.2357",
            "low": "3.2357",
            "close": "3.2332"
        },
        {
            "time": "06.08.2021 20:08",
            "open": "3.2332",
            "high": "3.2332",
            "low": "3.2317",
            "close": "3.2339"
        },
        {
            "time": "06.08.2021 20:20",
            "open": "3.2339",
            "high": "3.2339",
            "low": "3.2339",
            "close": "3.2184"
        },
        {
            "time": "06.08.2021 20:26",
            "open": "3.2184",
            "high": "3.2184",
            "low": "3.2184",
            "close": "3.2265"
        },
        {
            "time": "06.08.2021 20:31",
            "open": "3.2265",
            "high": "3.2265",
            "low": "3.2265",
            "close": "3.2246"
        },
        {
            "time": "06.08.2021 20:32",
            "open": "3.2246",
            "high": "3.2246",
            "low": "3.2246",
            "close": "3.2262"
        },
        {
            "time": "06.08.2021 20:36",
            "open": "3.2262",
            "high": "3.2262",
            "low": "3.2262",
            "close": "3.2293"
        },
        {
            "time": "06.08.2021 20:43",
            "open": "3.2293",
            "high": "3.2293",
            "low": "3.2293",
            "close": "3.2284"
        },
        {
            "time": "06.08.2021 20:46",
            "open": "3.2284",
            "high": "3.2284",
            "low": "3.2238",
            "close": "3.2283"
        },
        {
            "time": "06.08.2021 20:47",
            "open": "3.2283",
            "high": "3.2283",
            "low": "3.2283",
            "close": "3.2297"
        },
        {
            "time": "06.08.2021 20:56",
            "open": "3.2297",
            "high": "3.2297",
            "low": "3.2297",
            "close": "3.2221"
        },
        {
            "time": "06.08.2021 21:05",
            "open": "3.2221",
            "high": "3.2221",
            "low": "3.2221",
            "close": "3.2457"
        },
        {
            "time": "06.08.2021 21:16",
            "open": "3.2457",
            "high": "3.2506",
            "low": "3.2457",
            "close": "3.2433"
        },
        {
            "time": "06.08.2021 21:18",
            "open": "3.2433",
            "high": "3.2433",
            "low": "3.2377",
            "close": "3.2408"
        },
        {
            "time": "06.08.2021 21:20",
            "open": "3.2408",
            "high": "3.2408",
            "low": "3.2408",
            "close": "3.2468"
        },
        {
            "time": "06.08.2021 21:34",
            "open": "3.2468",
            "high": "3.2468",
            "low": "3.2468",
            "close": "3.2468"
        },
        {
            "time": "06.08.2021 21:35",
            "open": "3.2468",
            "high": "3.2468",
            "low": "3.2459",
            "close": "3.2338"
        },
        {
            "time": "06.08.2021 21:48",
            "open": "3.2338",
            "high": "3.2338",
            "low": "3.231",
            "close": "3.231"
        },
        {
            "time": "06.08.2021 21:58",
            "open": "3.231",
            "high": "3.231",
            "low": "3.231",
            "close": "3.2462"
        },
        {
            "time": "06.08.2021 22:00",
            "open": "3.2462",
            "high": "3.2486",
            "low": "3.2462",
            "close": "3.2411"
        },
        {
            "time": "06.08.2021 22:08",
            "open": "3.2411",
            "high": "3.2411",
            "low": "3.2411",
            "close": "3.2148"
        },
        {
            "time": "06.08.2021 22:25",
            "open": "3.2148",
            "high": "3.2148",
            "low": "3.2082",
            "close": "3.206"
        },
        {
            "time": "06.08.2021 22:28",
            "open": "3.206",
            "high": "3.2151",
            "low": "3.206",
            "close": "3.2289"
        },
        {
            "time": "06.08.2021 22:31",
            "open": "3.2289",
            "high": "3.2289",
            "low": "3.2289",
            "close": "3.2362"
        },
        {
            "time": "06.08.2021 22:32",
            "open": "3.2362",
            "high": "3.2362",
            "low": "3.2362",
            "close": "3.2308"
        },
        {
            "time": "06.08.2021 22:36",
            "open": "3.2308",
            "high": "3.2308",
            "low": "3.2308",
            "close": "3.2327"
        },
        {
            "time": "06.08.2021 22:42",
            "open": "3.2327",
            "high": "3.2334",
            "low": "3.2327",
            "close": "3.2223"
        },
        {
            "time": "06.08.2021 22:49",
            "open": "3.2223",
            "high": "3.2223",
            "low": "3.2223",
            "close": "3.2311"
        },
        {
            "time": "06.08.2021 22:50",
            "open": "3.2311",
            "high": "3.2311",
            "low": "3.2303",
            "close": "3.2302"
        },
        {
            "time": "06.08.2021 23:01",
            "open": "3.2302",
            "high": "3.2302",
            "low": "3.2302",
            "close": "3.225"
        },
        {
            "time": "06.08.2021 23:14",
            "open": "3.225",
            "high": "3.2259",
            "low": "3.225",
            "close": "3.2042"
        },
        {
            "time": "06.08.2021 23:17",
            "open": "3.2042",
            "high": "3.2042",
            "low": "3.2042",
            "close": "3.2189"
        },
        {
            "time": "06.08.2021 23:48",
            "open": "3.2189",
            "high": "3.2189",
            "low": "3.2189",
            "close": "3.2151"
        },
        {
            "time": "06.08.2021 23:50",
            "open": "3.2151",
            "high": "3.2151",
            "low": "3.2151",
            "close": "3.1987"
        },
        {
            "time": "06.08.2021 23:56",
            "open": "3.1987",
            "high": "3.1987",
            "low": "3.1987",
            "close": "3.1987"
        }
    ]
}