{
    "BNT-EUR": [
        {
            "time": "26.12.2020 23:59",
            "open": "1.0353",
            "high": "1.0353",
            "low": "1.0353",
            "close": "1.0365"
        },
        {
            "time": "27.12.2020 00:01",
            "open": "1.0365",
            "high": "1.0365",
            "low": "1.0365",
            "close": "1.0368"
        },
        {
            "time": "27.12.2020 00:02",
            "open": "1.0368",
            "high": "1.0368",
            "low": "1.0368",
            "close": "1.0426"
        },
        {
            "time": "27.12.2020 00:05",
            "open": "1.0426",
            "high": "1.0451",
            "low": "1.0426",
            "close": "1.0439"
        },
        {
            "time": "27.12.2020 00:06",
            "open": "1.0439",
            "high": "1.0439",
            "low": "1.0437",
            "close": "1.0388"
        },
        {
            "time": "27.12.2020 00:13",
            "open": "1.0388",
            "high": "1.0389",
            "low": "1.0388",
            "close": "1.0374"
        },
        {
            "time": "27.12.2020 00:15",
            "open": "1.0374",
            "high": "1.0374",
            "low": "1.0374",
            "close": "1.0433"
        },
        {
            "time": "27.12.2020 00:17",
            "open": "1.0433",
            "high": "1.0433",
            "low": "1.0433",
            "close": "1.0435"
        },
        {
            "time": "27.12.2020 00:20",
            "open": "1.0435",
            "high": "1.0435",
            "low": "1.0435",
            "close": "1.0419"
        },
        {
            "time": "27.12.2020 00:23",
            "open": "1.0419",
            "high": "1.042",
            "low": "1.0419",
            "close": "1.0442"
        },
        {
            "time": "27.12.2020 00:30",
            "open": "1.0442",
            "high": "1.0442",
            "low": "1.0442",
            "close": "1.0451"
        },
        {
            "time": "27.12.2020 00:32",
            "open": "1.0451",
            "high": "1.0451",
            "low": "1.0451",
            "close": "1.0496"
        },
        {
            "time": "27.12.2020 00:35",
            "open": "1.0496",
            "high": "1.0502",
            "low": "1.0496",
            "close": "1.0496"
        },
        {
            "time": "27.12.2020 00:36",
            "open": "1.0496",
            "high": "1.0496",
            "low": "1.0451",
            "close": "1.045"
        },
        {
            "time": "27.12.2020 00:38",
            "open": "1.045",
            "high": "1.0458",
            "low": "1.0449",
            "close": "1.0428"
        },
        {
            "time": "27.12.2020 00:45",
            "open": "1.0428",
            "high": "1.0428",
            "low": "1.0401",
            "close": "1.0402"
        },
        {
            "time": "27.12.2020 00:51",
            "open": "1.0402",
            "high": "1.0403",
            "low": "1.0402",
            "close": "1.0424"
        },
        {
            "time": "27.12.2020 00:55",
            "open": "1.0424",
            "high": "1.0424",
            "low": "1.0424",
            "close": "1.0468"
        },
        {
            "time": "27.12.2020 01:00",
            "open": "1.0468",
            "high": "1.0484",
            "low": "1.0468",
            "close": "1.0496"
        },
        {
            "time": "27.12.2020 01:02",
            "open": "1.0496",
            "high": "1.0506",
            "low": "1.0496",
            "close": "1.05"
        },
        {
            "time": "27.12.2020 01:03",
            "open": "1.05",
            "high": "1.0512",
            "low": "1.0496",
            "close": "1.0514"
        },
        {
            "time": "27.12.2020 01:05",
            "open": "1.0514",
            "high": "1.0535",
            "low": "1.0514",
            "close": "1.05"
        },
        {
            "time": "27.12.2020 01:14",
            "open": "1.05",
            "high": "1.0503",
            "low": "1.05",
            "close": "1.0449"
        },
        {
            "time": "27.12.2020 01:18",
            "open": "1.0449",
            "high": "1.0449",
            "low": "1.0447",
            "close": "1.0439"
        },
        {
            "time": "27.12.2020 01:19",
            "open": "1.0439",
            "high": "1.0439",
            "low": "1.0401",
            "close": "1.0485"
        },
        {
            "time": "27.12.2020 01:29",
            "open": "1.0485",
            "high": "1.0528",
            "low": "1.0485",
            "close": "1.056"
        },
        {
            "time": "27.12.2020 01:30",
            "open": "1.056",
            "high": "1.056",
            "low": "1.055",
            "close": "1.055"
        },
        {
            "time": "27.12.2020 01:31",
            "open": "1.055",
            "high": "1.055",
            "low": "1.0544",
            "close": "1.0553"
        },
        {
            "time": "27.12.2020 01:32",
            "open": "1.0553",
            "high": "1.0553",
            "low": "1.0553",
            "close": "1.0493"
        },
        {
            "time": "27.12.2020 01:42",
            "open": "1.0493",
            "high": "1.0493",
            "low": "1.0493",
            "close": "1.0438"
        },
        {
            "time": "27.12.2020 01:45",
            "open": "1.0438",
            "high": "1.0438",
            "low": "1.0431",
            "close": "1.0404"
        },
        {
            "time": "27.12.2020 01:50",
            "open": "1.0404",
            "high": "1.0404",
            "low": "1.0401",
            "close": "1.0415"
        },
        {
            "time": "27.12.2020 01:52",
            "open": "1.0415",
            "high": "1.0448",
            "low": "1.0415",
            "close": "1.0489"
        },
        {
            "time": "27.12.2020 01:54",
            "open": "1.0489",
            "high": "1.0489",
            "low": "1.0489",
            "close": "1.0489"
        },
        {
            "time": "27.12.2020 01:55",
            "open": "1.0489",
            "high": "1.0489",
            "low": "1.0489",
            "close": "1.0489"
        },
        {
            "time": "27.12.2020 01:56",
            "open": "1.0489",
            "high": "1.0489",
            "low": "1.0489",
            "close": "1.0489"
        },
        {
            "time": "27.12.2020 01:58",
            "open": "1.0489",
            "high": "1.0489",
            "low": "1.0457",
            "close": "1.0428"
        },
        {
            "time": "27.12.2020 02:01",
            "open": "1.0428",
            "high": "1.0428",
            "low": "1.0428",
            "close": "1.0426"
        },
        {
            "time": "27.12.2020 02:04",
            "open": "1.0426",
            "high": "1.0428",
            "low": "1.0426",
            "close": "1.0425"
        },
        {
            "time": "27.12.2020 02:05",
            "open": "1.0425",
            "high": "1.0425",
            "low": "1.0425",
            "close": "1.0438"
        },
        {
            "time": "27.12.2020 02:09",
            "open": "1.0438",
            "high": "1.0438",
            "low": "1.0361",
            "close": "1.0418"
        },
        {
            "time": "27.12.2020 02:10",
            "open": "1.0418",
            "high": "1.0418",
            "low": "1.0418",
            "close": "1.0365"
        },
        {
            "time": "27.12.2020 02:15",
            "open": "1.0365",
            "high": "1.0365",
            "low": "1.0364",
            "close": "1.0374"
        },
        {
            "time": "27.12.2020 02:16",
            "open": "1.0374",
            "high": "1.0374",
            "low": "1.0374",
            "close": "1.0425"
        },
        {
            "time": "27.12.2020 02:18",
            "open": "1.0425",
            "high": "1.0425",
            "low": "1.0425",
            "close": "1.0475"
        },
        {
            "time": "27.12.2020 02:31",
            "open": "1.0452",
            "high": "1.0452",
            "low": "1.0452",
            "close": "1.0462"
        },
        {
            "time": "27.12.2020 02:34",
            "open": "1.0462",
            "high": "1.0462",
            "low": "1.0462",
            "close": "1.0514"
        },
        {
            "time": "27.12.2020 02:39",
            "open": "1.0514",
            "high": "1.0516",
            "low": "1.0514",
            "close": "1.0492"
        },
        {
            "time": "27.12.2020 02:41",
            "open": "1.0492",
            "high": "1.0492",
            "low": "1.0492",
            "close": "1.0485"
        },
        {
            "time": "27.12.2020 02:44",
            "open": "1.0485",
            "high": "1.0502",
            "low": "1.0485",
            "close": "1.0466"
        },
        {
            "time": "27.12.2020 02:47",
            "open": "1.0466",
            "high": "1.0466",
            "low": "1.0465",
            "close": "1.0452"
        },
        {
            "time": "27.12.2020 02:49",
            "open": "1.0452",
            "high": "1.0453",
            "low": "1.0452",
            "close": "1.0442"
        },
        {
            "time": "27.12.2020 02:51",
            "open": "1.0442",
            "high": "1.0442",
            "low": "1.0441",
            "close": "1.0443"
        },
        {
            "time": "27.12.2020 02:56",
            "open": "1.0443",
            "high": "1.0443",
            "low": "1.0443",
            "close": "1.0403"
        },
        {
            "time": "27.12.2020 03:01",
            "open": "1.0403",
            "high": "1.0403",
            "low": "1.0403",
            "close": "1.0416"
        },
        {
            "time": "27.12.2020 03:03",
            "open": "1.0416",
            "high": "1.0416",
            "low": "1.0416",
            "close": "1.0435"
        },
        {
            "time": "27.12.2020 03:05",
            "open": "1.0435",
            "high": "1.0435",
            "low": "1.0435",
            "close": "1.0464"
        },
        {
            "time": "27.12.2020 03:08",
            "open": "1.0464",
            "high": "1.0464",
            "low": "1.045",
            "close": "1.0455"
        },
        {
            "time": "27.12.2020 03:09",
            "open": "1.0455",
            "high": "1.0455",
            "low": "1.0455",
            "close": "1.0454"
        },
        {
            "time": "27.12.2020 03:10",
            "open": "1.0454",
            "high": "1.0454",
            "low": "1.0454",
            "close": "1.0505"
        },
        {
            "time": "27.12.2020 03:16",
            "open": "1.0505",
            "high": "1.0505",
            "low": "1.0505",
            "close": "1.0498"
        },
        {
            "time": "27.12.2020 03:17",
            "open": "1.0498",
            "high": "1.0499",
            "low": "1.0498",
            "close": "1.0513"
        },
        {
            "time": "27.12.2020 03:18",
            "open": "1.0513",
            "high": "1.0513",
            "low": "1.0513",
            "close": "1.0524"
        },
        {
            "time": "27.12.2020 03:21",
            "open": "1.0524",
            "high": "1.0524",
            "low": "1.0513",
            "close": "1.0518"
        },
        {
            "time": "27.12.2020 03:30",
            "open": "1.0518",
            "high": "1.0518",
            "low": "1.0518",
            "close": "1.0512"
        },
        {
            "time": "27.12.2020 03:31",
            "open": "1.0512",
            "high": "1.0512",
            "low": "1.049",
            "close": "1.0459"
        },
        {
            "time": "27.12.2020 03:45",
            "open": "1.0459",
            "high": "1.0459",
            "low": "1.0366",
            "close": "1.0442"
        },
        {
            "time": "27.12.2020 03:46",
            "open": "1.0442",
            "high": "1.0442",
            "low": "1.0442",
            "close": "1.0456"
        },
        {
            "time": "27.12.2020 03:47",
            "open": "1.0456",
            "high": "1.047",
            "low": "1.0437",
            "close": "1.0414"
        },
        {
            "time": "27.12.2020 03:48",
            "open": "1.0414",
            "high": "1.0425",
            "low": "1.0414",
            "close": "1.0416"
        },
        {
            "time": "27.12.2020 03:49",
            "open": "1.0416",
            "high": "1.0416",
            "low": "1.0403",
            "close": "1.0415"
        },
        {
            "time": "27.12.2020 03:50",
            "open": "1.0415",
            "high": "1.0416",
            "low": "1.0393",
            "close": "1.0388"
        },
        {
            "time": "27.12.2020 03:52",
            "open": "1.0388",
            "high": "1.0388",
            "low": "1.0381",
            "close": "1.0387"
        },
        {
            "time": "27.12.2020 03:54",
            "open": "1.0387",
            "high": "1.0389",
            "low": "1.0387",
            "close": "1.0417"
        },
        {
            "time": "27.12.2020 04:01",
            "open": "1.0417",
            "high": "1.0449",
            "low": "1.0417",
            "close": "1.0432"
        },
        {
            "time": "27.12.2020 04:02",
            "open": "1.0432",
            "high": "1.0432",
            "low": "1.0432",
            "close": "1.039"
        },
        {
            "time": "27.12.2020 04:20",
            "open": "1.039",
            "high": "1.0391",
            "low": "1.039",
            "close": "1.0407"
        },
        {
            "time": "27.12.2020 04:22",
            "open": "1.0407",
            "high": "1.0407",
            "low": "1.0407",
            "close": "1.0389"
        },
        {
            "time": "27.12.2020 04:40",
            "open": "1.0389",
            "high": "1.0389",
            "low": "1.0389",
            "close": "1.0396"
        },
        {
            "time": "27.12.2020 05:00",
            "open": "1.0396",
            "high": "1.0396",
            "low": "1.0396",
            "close": "1.0385"
        },
        {
            "time": "27.12.2020 05:19",
            "open": "1.0385",
            "high": "1.0385",
            "low": "1.0385",
            "close": "1.0419"
        },
        {
            "time": "27.12.2020 05:22",
            "open": "1.0419",
            "high": "1.0473",
            "low": "1.0419",
            "close": "1.0435"
        },
        {
            "time": "27.12.2020 05:23",
            "open": "1.0435",
            "high": "1.0435",
            "low": "1.0413",
            "close": "1.0391"
        },
        {
            "time": "27.12.2020 05:25",
            "open": "1.0391",
            "high": "1.0391",
            "low": "1.0391",
            "close": "1.0392"
        },
        {
            "time": "27.12.2020 05:37",
            "open": "1.0392",
            "high": "1.0392",
            "low": "1.0392",
            "close": "1.0408"
        },
        {
            "time": "27.12.2020 05:58",
            "open": "1.0408",
            "high": "1.0408",
            "low": "1.0408",
            "close": "1.0379"
        },
        {
            "time": "27.12.2020 05:59",
            "open": "1.0379",
            "high": "1.0379",
            "low": "1.0379",
            "close": "1.0405"
        },
        {
            "time": "27.12.2020 06:11",
            "open": "1.0405",
            "high": "1.0429",
            "low": "1.0405",
            "close": "1.0429"
        },
        {
            "time": "27.12.2020 06:12",
            "open": "1.0429",
            "high": "1.0429",
            "low": "1.0429",
            "close": "1.0431"
        },
        {
            "time": "27.12.2020 06:13",
            "open": "1.0431",
            "high": "1.0431",
            "low": "1.0431",
            "close": "1.0421"
        },
        {
            "time": "27.12.2020 06:18",
            "open": "1.0421",
            "high": "1.0421",
            "low": "1.0421",
            "close": "1.0426"
        },
        {
            "time": "27.12.2020 06:51",
            "open": "1.0426",
            "high": "1.0426",
            "low": "1.0425",
            "close": "1.0459"
        },
        {
            "time": "27.12.2020 06:57",
            "open": "1.0459",
            "high": "1.0459",
            "low": "1.0459",
            "close": "1.0426"
        },
        {
            "time": "27.12.2020 06:59",
            "open": "1.0426",
            "high": "1.0426",
            "low": "1.0425",
            "close": "1.0471"
        },
        {
            "time": "27.12.2020 07:02",
            "open": "1.0471",
            "high": "1.0471",
            "low": "1.0471",
            "close": "1.0506"
        },
        {
            "time": "27.12.2020 07:30",
            "open": "1.0506",
            "high": "1.0507",
            "low": "1.0506",
            "close": "1.0532"
        },
        {
            "time": "27.12.2020 07:32",
            "open": "1.0532",
            "high": "1.0532",
            "low": "1.0532",
            "close": "1.0542"
        },
        {
            "time": "27.12.2020 07:33",
            "open": "1.0542",
            "high": "1.0542",
            "low": "1.0542",
            "close": "1.0568"
        },
        {
            "time": "27.12.2020 07:34",
            "open": "1.0568",
            "high": "1.0568",
            "low": "1.0567",
            "close": "1.0542"
        },
        {
            "time": "27.12.2020 07:37",
            "open": "1.0542",
            "high": "1.0542",
            "low": "1.0542",
            "close": "1.0522"
        },
        {
            "time": "27.12.2020 07:43",
            "open": "1.0522",
            "high": "1.0522",
            "low": "1.0522",
            "close": "1.0512"
        },
        {
            "time": "27.12.2020 07:46",
            "open": "1.0512",
            "high": "1.0512",
            "low": "1.0511",
            "close": "1.0496"
        },
        {
            "time": "27.12.2020 07:59",
            "open": "1.0496",
            "high": "1.0496",
            "low": "1.0496",
            "close": "1.0496"
        },
        {
            "time": "27.12.2020 08:03",
            "open": "1.0496",
            "high": "1.0503",
            "low": "1.0496",
            "close": "1.0473"
        },
        {
            "time": "27.12.2020 08:04",
            "open": "1.0473",
            "high": "1.0473",
            "low": "1.0472",
            "close": "1.0467"
        },
        {
            "time": "27.12.2020 08:06",
            "open": "1.0467",
            "high": "1.0467",
            "low": "1.0467",
            "close": "1.0461"
        },
        {
            "time": "27.12.2020 08:08",
            "open": "1.0461",
            "high": "1.0461",
            "low": "1.0461",
            "close": "1.0415"
        },
        {
            "time": "27.12.2020 08:11",
            "open": "1.0415",
            "high": "1.0415",
            "low": "1.0415",
            "close": "1.0448"
        },
        {
            "time": "27.12.2020 08:12",
            "open": "1.0448",
            "high": "1.0448",
            "low": "1.0448",
            "close": "1.0448"
        },
        {
            "time": "27.12.2020 08:14",
            "open": "1.0448",
            "high": "1.0448",
            "low": "1.0448",
            "close": "1.0459"
        },
        {
            "time": "27.12.2020 08:16",
            "open": "1.0459",
            "high": "1.0459",
            "low": "1.0459",
            "close": "1.0459"
        },
        {
            "time": "27.12.2020 08:20",
            "open": "1.0459",
            "high": "1.0473",
            "low": "1.0459",
            "close": "1.0484"
        },
        {
            "time": "27.12.2020 08:21",
            "open": "1.0484",
            "high": "1.0484",
            "low": "1.0484",
            "close": "1.0539"
        },
        {
            "time": "27.12.2020 08:35",
            "open": "1.0539",
            "high": "1.0544",
            "low": "1.0539",
            "close": "1.0542"
        },
        {
            "time": "27.12.2020 08:37",
            "open": "1.0542",
            "high": "1.0542",
            "low": "1.0542",
            "close": "1.0511"
        },
        {
            "time": "27.12.2020 08:44",
            "open": "1.0511",
            "high": "1.0511",
            "low": "1.0511",
            "close": "1.05"
        },
        {
            "time": "27.12.2020 08:46",
            "open": "1.05",
            "high": "1.05",
            "low": "1.05",
            "close": "1.0506"
        },
        {
            "time": "27.12.2020 08:47",
            "open": "1.0506",
            "high": "1.0506",
            "low": "1.0505",
            "close": "1.0501"
        },
        {
            "time": "27.12.2020 08:48",
            "open": "1.0501",
            "high": "1.0562",
            "low": "1.0495",
            "close": "1.0546"
        },
        {
            "time": "27.12.2020 08:49",
            "open": "1.0546",
            "high": "1.0546",
            "low": "1.0523",
            "close": "1.0484"
        },
        {
            "time": "27.12.2020 08:55",
            "open": "1.0484",
            "high": "1.0484",
            "low": "1.0484",
            "close": "1.0531"
        },
        {
            "time": "27.12.2020 08:58",
            "open": "1.0531",
            "high": "1.0538",
            "low": "1.0531",
            "close": "1.0535"
        },
        {
            "time": "27.12.2020 08:59",
            "open": "1.0535",
            "high": "1.0535",
            "low": "1.0534",
            "close": "1.056"
        },
        {
            "time": "27.12.2020 09:00",
            "open": "1.056",
            "high": "1.056",
            "low": "1.056",
            "close": "1.0584"
        },
        {
            "time": "27.12.2020 09:01",
            "open": "1.0584",
            "high": "1.0584",
            "low": "1.0584",
            "close": "1.0548"
        },
        {
            "time": "27.12.2020 09:04",
            "open": "1.0548",
            "high": "1.0548",
            "low": "1.0547",
            "close": "1.0525"
        },
        {
            "time": "27.12.2020 09:06",
            "open": "1.0525",
            "high": "1.0525",
            "low": "1.0525",
            "close": "1.0545"
        },
        {
            "time": "27.12.2020 09:18",
            "open": "1.0545",
            "high": "1.058",
            "low": "1.0545",
            "close": "1.0545"
        },
        {
            "time": "27.12.2020 09:19",
            "open": "1.0545",
            "high": "1.0545",
            "low": "1.0452",
            "close": "1.0502"
        },
        {
            "time": "27.12.2020 09:22",
            "open": "1.0502",
            "high": "1.0531",
            "low": "1.0502",
            "close": "1.044"
        },
        {
            "time": "27.12.2020 09:28",
            "open": "1.044",
            "high": "1.044",
            "low": "1.044",
            "close": "1.044"
        },
        {
            "time": "27.12.2020 09:32",
            "open": "1.044",
            "high": "1.044",
            "low": "1.044",
            "close": "1.0447"
        },
        {
            "time": "27.12.2020 09:38",
            "open": "1.0447",
            "high": "1.0447",
            "low": "1.0447",
            "close": "1.0466"
        },
        {
            "time": "27.12.2020 09:39",
            "open": "1.0466",
            "high": "1.0466",
            "low": "1.0466",
            "close": "1.0461"
        },
        {
            "time": "27.12.2020 09:47",
            "open": "1.0461",
            "high": "1.0461",
            "low": "1.0461",
            "close": "1.0483"
        },
        {
            "time": "27.12.2020 09:48",
            "open": "1.0483",
            "high": "1.0484",
            "low": "1.0483",
            "close": "1.0484"
        },
        {
            "time": "27.12.2020 09:50",
            "open": "1.0484",
            "high": "1.0484",
            "low": "1.0484",
            "close": "1.0484"
        },
        {
            "time": "27.12.2020 09:56",
            "open": "1.0484",
            "high": "1.0484",
            "low": "1.0484",
            "close": "1.0445"
        },
        {
            "time": "27.12.2020 09:59",
            "open": "1.0445",
            "high": "1.0445",
            "low": "1.0419",
            "close": "1.0361"
        },
        {
            "time": "27.12.2020 10:00",
            "open": "1.0361",
            "high": "1.0361",
            "low": "1.0361",
            "close": "1.0377"
        },
        {
            "time": "27.12.2020 10:02",
            "open": "1.0377",
            "high": "1.0377",
            "low": "1.0377",
            "close": "1.0454"
        },
        {
            "time": "27.12.2020 10:05",
            "open": "1.0454",
            "high": "1.0454",
            "low": "1.0454",
            "close": "1.0487"
        },
        {
            "time": "27.12.2020 10:07",
            "open": "1.0487",
            "high": "1.0487",
            "low": "1.0487",
            "close": "1.0497"
        },
        {
            "time": "27.12.2020 10:08",
            "open": "1.0497",
            "high": "1.0497",
            "low": "1.0497",
            "close": "1.046"
        },
        {
            "time": "27.12.2020 10:09",
            "open": "1.046",
            "high": "1.046",
            "low": "0.958",
            "close": "1.0444"
        },
        {
            "time": "27.12.2020 10:10",
            "open": "1.0444",
            "high": "1.0459",
            "low": "1.0413",
            "close": "1.0424"
        },
        {
            "time": "27.12.2020 10:12",
            "open": "1.0424",
            "high": "1.0424",
            "low": "1.0424",
            "close": "1.0427"
        },
        {
            "time": "27.12.2020 10:13",
            "open": "1.0427",
            "high": "1.0427",
            "low": "1.0427",
            "close": "1.0438"
        },
        {
            "time": "27.12.2020 10:15",
            "open": "1.0438",
            "high": "1.0444",
            "low": "1.0438",
            "close": "1.0422"
        },
        {
            "time": "27.12.2020 10:31",
            "open": "1.0422",
            "high": "1.0422",
            "low": "1.0422",
            "close": "1.039"
        },
        {
            "time": "27.12.2020 10:33",
            "open": "1.039",
            "high": "1.039",
            "low": "1.039",
            "close": "1.0385"
        },
        {
            "time": "27.12.2020 10:34",
            "open": "1.0385",
            "high": "1.0385",
            "low": "1.0385",
            "close": "1.0352"
        },
        {
            "time": "27.12.2020 10:36",
            "open": "1.0352",
            "high": "1.0352",
            "low": "1.0352",
            "close": "1.0362"
        },
        {
            "time": "27.12.2020 10:41",
            "open": "1.0362",
            "high": "1.0362",
            "low": "1.0362",
            "close": "1.0345"
        },
        {
            "time": "27.12.2020 10:43",
            "open": "1.0345",
            "high": "1.0345",
            "low": "1.0333",
            "close": "1.0349"
        },
        {
            "time": "27.12.2020 10:45",
            "open": "1.0349",
            "high": "1.0363",
            "low": "1.0349",
            "close": "1.0363"
        },
        {
            "time": "27.12.2020 10:47",
            "open": "1.0363",
            "high": "1.0363",
            "low": "1.0363",
            "close": "1.0374"
        },
        {
            "time": "27.12.2020 10:48",
            "open": "1.0374",
            "high": "1.0398",
            "low": "1.0374",
            "close": "1.0344"
        },
        {
            "time": "27.12.2020 11:05",
            "open": "1.0344",
            "high": "1.0344",
            "low": "1.0344",
            "close": "1.0358"
        },
        {
            "time": "27.12.2020 11:10",
            "open": "1.0358",
            "high": "1.0358",
            "low": "1.0346",
            "close": "1.0378"
        },
        {
            "time": "27.12.2020 11:12",
            "open": "1.0378",
            "high": "1.0378",
            "low": "1.0369",
            "close": "1.0386"
        },
        {
            "time": "27.12.2020 11:15",
            "open": "1.0386",
            "high": "1.0386",
            "low": "1.0347",
            "close": "1.0358"
        },
        {
            "time": "27.12.2020 11:16",
            "open": "1.0358",
            "high": "1.0365",
            "low": "1.0358",
            "close": "1.0365"
        },
        {
            "time": "27.12.2020 11:18",
            "open": "1.0365",
            "high": "1.0365",
            "low": "1.0365",
            "close": "1.0356"
        },
        {
            "time": "27.12.2020 11:27",
            "open": "1.0356",
            "high": "1.0356",
            "low": "1.0356",
            "close": "1.0342"
        },
        {
            "time": "27.12.2020 11:35",
            "open": "1.0342",
            "high": "1.0342",
            "low": "1.0342",
            "close": "1.0365"
        },
        {
            "time": "27.12.2020 11:45",
            "open": "1.0365",
            "high": "1.037",
            "low": "1.0365",
            "close": "1.0371"
        },
        {
            "time": "27.12.2020 11:49",
            "open": "1.0371",
            "high": "1.0371",
            "low": "1.034",
            "close": "1.0348"
        },
        {
            "time": "27.12.2020 12:01",
            "open": "1.0348",
            "high": "1.0348",
            "low": "1.0348",
            "close": "1.0384"
        },
        {
            "time": "27.12.2020 12:04",
            "open": "1.0384",
            "high": "1.0384",
            "low": "1.0384",
            "close": "1.0399"
        },
        {
            "time": "27.12.2020 12:08",
            "open": "1.0399",
            "high": "1.0422",
            "low": "1.0398",
            "close": "1.0438"
        },
        {
            "time": "27.12.2020 12:10",
            "open": "1.0438",
            "high": "1.0438",
            "low": "1.0438",
            "close": "1.038"
        },
        {
            "time": "27.12.2020 12:16",
            "open": "1.038",
            "high": "1.038",
            "low": "1.0234",
            "close": "1.0363"
        },
        {
            "time": "27.12.2020 12:17",
            "open": "1.0363",
            "high": "1.0379",
            "low": "1.0363",
            "close": "1.0347"
        },
        {
            "time": "27.12.2020 12:18",
            "open": "1.0347",
            "high": "1.0358",
            "low": "1.0347",
            "close": "1.0362"
        },
        {
            "time": "27.12.2020 12:19",
            "open": "1.0362",
            "high": "1.0368",
            "low": "1.0349",
            "close": "1.036"
        },
        {
            "time": "27.12.2020 12:20",
            "open": "1.036",
            "high": "1.036",
            "low": "1.036",
            "close": "1.0355"
        },
        {
            "time": "27.12.2020 12:24",
            "open": "1.0355",
            "high": "1.0355",
            "low": "1.0355",
            "close": "1.0313"
        },
        {
            "time": "27.12.2020 12:26",
            "open": "1.0313",
            "high": "1.0324",
            "low": "1.0307",
            "close": "1.0299"
        },
        {
            "time": "27.12.2020 12:27",
            "open": "1.0299",
            "high": "1.0336",
            "low": "1.0298",
            "close": "1.0372"
        },
        {
            "time": "27.12.2020 12:30",
            "open": "1.0372",
            "high": "1.0377",
            "low": "1.0372",
            "close": "1.0377"
        },
        {
            "time": "27.12.2020 12:31",
            "open": "1.0377",
            "high": "1.0377",
            "low": "1.0377",
            "close": "1.0387"
        },
        {
            "time": "27.12.2020 12:32",
            "open": "1.0387",
            "high": "1.0401",
            "low": "1.0387",
            "close": "1.0374"
        },
        {
            "time": "27.12.2020 12:33",
            "open": "1.0374",
            "high": "1.0374",
            "low": "1.0374",
            "close": "1.0351"
        },
        {
            "time": "27.12.2020 12:34",
            "open": "1.0351",
            "high": "1.0351",
            "low": "1.0351",
            "close": "1.0318"
        },
        {
            "time": "27.12.2020 12:35",
            "open": "1.0318",
            "high": "1.0318",
            "low": "1.0313",
            "close": "1.0309"
        },
        {
            "time": "27.12.2020 12:38",
            "open": "1.0309",
            "high": "1.0309",
            "low": "1.0291",
            "close": "1.0259"
        },
        {
            "time": "27.12.2020 12:39",
            "open": "1.0259",
            "high": "1.0259",
            "low": "1.0242",
            "close": "1.0198"
        },
        {
            "time": "27.12.2020 12:40",
            "open": "1.0198",
            "high": "1.0222",
            "low": "1.0094",
            "close": "1.0031"
        },
        {
            "time": "27.12.2020 12:41",
            "open": "1.0031",
            "high": "1.0031",
            "low": "1.0019",
            "close": "1.0041"
        },
        {
            "time": "27.12.2020 12:42",
            "open": "1.0041",
            "high": "1.0041",
            "low": "1.0041",
            "close": "1.0042"
        },
        {
            "time": "27.12.2020 12:43",
            "open": "1.0042",
            "high": "1.009",
            "low": "0.9846",
            "close": "1.0174"
        },
        {
            "time": "27.12.2020 12:45",
            "open": "1.0174",
            "high": "1.0174",
            "low": "1.0174",
            "close": "1.0174"
        },
        {
            "time": "27.12.2020 12:46",
            "open": "1.0174",
            "high": "1.0174",
            "low": "1.0174",
            "close": "1.0161"
        },
        {
            "time": "27.12.2020 12:49",
            "open": "1.0161",
            "high": "1.0354",
            "low": "1.0161",
            "close": "1.034"
        },
        {
            "time": "27.12.2020 12:50",
            "open": "1.034",
            "high": "1.0374",
            "low": "1.0314",
            "close": "1.0282"
        },
        {
            "time": "27.12.2020 12:51",
            "open": "1.0282",
            "high": "1.0282",
            "low": "1.0252",
            "close": "1.0267"
        },
        {
            "time": "27.12.2020 12:59",
            "open": "1.0267",
            "high": "1.0267",
            "low": "1.0266",
            "close": "1.0217"
        },
        {
            "time": "27.12.2020 13:01",
            "open": "1.0217",
            "high": "1.0217",
            "low": "1.0193",
            "close": "1.0177"
        },
        {
            "time": "27.12.2020 13:02",
            "open": "1.0177",
            "high": "1.0224",
            "low": "1.0177",
            "close": "1.0141"
        },
        {
            "time": "27.12.2020 13:07",
            "open": "1.0141",
            "high": "1.0141",
            "low": "1.0141",
            "close": "1.0047"
        },
        {
            "time": "27.12.2020 13:10",
            "open": "1.0047",
            "high": "1.0047",
            "low": "0.9922",
            "close": "0.9977"
        },
        {
            "time": "27.12.2020 13:12",
            "open": "0.9977",
            "high": "0.9983",
            "low": "0.9977",
            "close": "0.9989"
        },
        {
            "time": "27.12.2020 13:14",
            "open": "0.9989",
            "high": "0.9989",
            "low": "0.9987",
            "close": "1.0054"
        },
        {
            "time": "27.12.2020 13:19",
            "open": "1.0054",
            "high": "1.0064",
            "low": "1.0054",
            "close": "1.0043"
        },
        {
            "time": "27.12.2020 13:21",
            "open": "1.0043",
            "high": "1.0043",
            "low": "1.0043",
            "close": "1.007"
        },
        {
            "time": "27.12.2020 13:22",
            "open": "1.007",
            "high": "1.007",
            "low": "1.007",
            "close": "1.0034"
        },
        {
            "time": "27.12.2020 13:23",
            "open": "1.0034",
            "high": "1.0034",
            "low": "1.0034",
            "close": "1.006"
        },
        {
            "time": "27.12.2020 13:26",
            "open": "1.006",
            "high": "1.006",
            "low": "1.006",
            "close": "1.003"
        },
        {
            "time": "27.12.2020 13:30",
            "open": "1.003",
            "high": "1.003",
            "low": "1.003",
            "close": "1.0098"
        },
        {
            "time": "27.12.2020 13:32",
            "open": "1.0098",
            "high": "1.0098",
            "low": "1.0098",
            "close": "1.0035"
        },
        {
            "time": "27.12.2020 13:33",
            "open": "1.0035",
            "high": "1.0035",
            "low": "1.0035",
            "close": "1.0077"
        },
        {
            "time": "27.12.2020 13:35",
            "open": "1.0077",
            "high": "1.0079",
            "low": "1.0077",
            "close": "1.0049"
        },
        {
            "time": "27.12.2020 13:36",
            "open": "1.0049",
            "high": "1.0053",
            "low": "1.0049",
            "close": "1.0083"
        },
        {
            "time": "27.12.2020 13:37",
            "open": "1.0083",
            "high": "1.0083",
            "low": "1.0083",
            "close": "1.0097"
        },
        {
            "time": "27.12.2020 13:38",
            "open": "1.0097",
            "high": "1.0097",
            "low": "1.0097",
            "close": "1.01"
        },
        {
            "time": "27.12.2020 13:42",
            "open": "1.01",
            "high": "1.0116",
            "low": "1.01",
            "close": "1.013"
        },
        {
            "time": "27.12.2020 13:46",
            "open": "1.013",
            "high": "1.0131",
            "low": "1.013",
            "close": "1.0159"
        },
        {
            "time": "27.12.2020 13:51",
            "open": "1.0159",
            "high": "1.0159",
            "low": "1.0159",
            "close": "1.011"
        },
        {
            "time": "27.12.2020 13:55",
            "open": "1.011",
            "high": "1.011",
            "low": "1.011",
            "close": "1.011"
        },
        {
            "time": "27.12.2020 13:56",
            "open": "1.011",
            "high": "1.011",
            "low": "1.011",
            "close": "1.0142"
        },
        {
            "time": "27.12.2020 14:03",
            "open": "1.0142",
            "high": "1.0142",
            "low": "1.0113",
            "close": "1.0145"
        },
        {
            "time": "27.12.2020 14:08",
            "open": "1.0145",
            "high": "1.0145",
            "low": "1.0145",
            "close": "1.0103"
        },
        {
            "time": "27.12.2020 14:12",
            "open": "1.0103",
            "high": "1.0103",
            "low": "1.0103",
            "close": "1.0089"
        },
        {
            "time": "27.12.2020 14:14",
            "open": "1.0089",
            "high": "1.0116",
            "low": "1.0089",
            "close": "1.0145"
        },
        {
            "time": "27.12.2020 14:23",
            "open": "1.0145",
            "high": "1.0146",
            "low": "1.0145",
            "close": "1.0125"
        },
        {
            "time": "27.12.2020 14:29",
            "open": "1.0125",
            "high": "1.0146",
            "low": "1.0125",
            "close": "1.0124"
        },
        {
            "time": "27.12.2020 14:33",
            "open": "1.0124",
            "high": "1.0125",
            "low": "1.0124",
            "close": "1.0131"
        },
        {
            "time": "27.12.2020 14:36",
            "open": "1.0131",
            "high": "1.0131",
            "low": "1.0131",
            "close": "1.016"
        },
        {
            "time": "27.12.2020 14:37",
            "open": "1.016",
            "high": "1.016",
            "low": "1.0132",
            "close": "1.0165"
        },
        {
            "time": "27.12.2020 14:40",
            "open": "1.0165",
            "high": "1.0172",
            "low": "1.0165",
            "close": "1.0218"
        },
        {
            "time": "27.12.2020 14:42",
            "open": "1.0218",
            "high": "1.0218",
            "low": "1.0218",
            "close": "1.0222"
        },
        {
            "time": "27.12.2020 14:50",
            "open": "1.0222",
            "high": "1.0222",
            "low": "1.0222",
            "close": "1.0178"
        },
        {
            "time": "27.12.2020 14:52",
            "open": "1.0178",
            "high": "1.0178",
            "low": "1.0178",
            "close": "1.0257"
        },
        {
            "time": "27.12.2020 14:55",
            "open": "1.0257",
            "high": "1.026",
            "low": "1.0255",
            "close": "1.0258"
        },
        {
            "time": "27.12.2020 14:59",
            "open": "1.0258",
            "high": "1.0258",
            "low": "1.0258",
            "close": "1.0321"
        },
        {
            "time": "27.12.2020 15:01",
            "open": "1.0321",
            "high": "1.0321",
            "low": "1.0321",
            "close": "1.0326"
        },
        {
            "time": "27.12.2020 15:02",
            "open": "1.0326",
            "high": "1.0358",
            "low": "1.0326",
            "close": "1.0381"
        },
        {
            "time": "27.12.2020 15:04",
            "open": "1.0381",
            "high": "1.04",
            "low": "1.0379",
            "close": "1.037"
        },
        {
            "time": "27.12.2020 15:05",
            "open": "1.037",
            "high": "1.037",
            "low": "1.037",
            "close": "1.0395"
        },
        {
            "time": "27.12.2020 15:06",
            "open": "1.0395",
            "high": "1.04",
            "low": "1.0395",
            "close": "1.0446"
        },
        {
            "time": "27.12.2020 15:07",
            "open": "1.0446",
            "high": "1.0446",
            "low": "1.0435",
            "close": "1.0384"
        },
        {
            "time": "27.12.2020 15:08",
            "open": "1.0384",
            "high": "1.0384",
            "low": "1.0384",
            "close": "1.0392"
        },
        {
            "time": "27.12.2020 15:10",
            "open": "1.0392",
            "high": "1.0392",
            "low": "1.0392",
            "close": "1.0383"
        },
        {
            "time": "27.12.2020 15:13",
            "open": "1.0383",
            "high": "1.0383",
            "low": "1.0383",
            "close": "1.0406"
        },
        {
            "time": "27.12.2020 15:14",
            "open": "1.0406",
            "high": "1.0458",
            "low": "1.0406",
            "close": "1.0457"
        },
        {
            "time": "27.12.2020 15:15",
            "open": "1.0457",
            "high": "1.0466",
            "low": "1.0457",
            "close": "1.0432"
        },
        {
            "time": "27.12.2020 15:16",
            "open": "1.0432",
            "high": "1.0432",
            "low": "1.0427",
            "close": "1.0416"
        },
        {
            "time": "27.12.2020 15:18",
            "open": "1.0416",
            "high": "1.0416",
            "low": "1.0416",
            "close": "1.0391"
        },
        {
            "time": "27.12.2020 15:19",
            "open": "1.0391",
            "high": "1.0398",
            "low": "1.039",
            "close": "1.0416"
        },
        {
            "time": "27.12.2020 15:23",
            "open": "1.0416",
            "high": "1.0417",
            "low": "1.0416",
            "close": "1.0441"
        },
        {
            "time": "27.12.2020 15:24",
            "open": "1.0441",
            "high": "1.045",
            "low": "1.0441",
            "close": "1.0462"
        },
        {
            "time": "27.12.2020 15:25",
            "open": "1.0462",
            "high": "1.05",
            "low": "1.0462",
            "close": "1.0558"
        },
        {
            "time": "27.12.2020 15:26",
            "open": "1.0558",
            "high": "1.0564",
            "low": "1.0529",
            "close": "1.0552"
        },
        {
            "time": "27.12.2020 15:27",
            "open": "1.0552",
            "high": "1.0553",
            "low": "1.048",
            "close": "1.0503"
        },
        {
            "time": "27.12.2020 15:29",
            "open": "1.0503",
            "high": "1.0503",
            "low": "1.0501",
            "close": "1.0529"
        },
        {
            "time": "27.12.2020 15:30",
            "open": "1.0529",
            "high": "1.0529",
            "low": "1.0529",
            "close": "1.0545"
        },
        {
            "time": "27.12.2020 15:33",
            "open": "1.0545",
            "high": "1.0545",
            "low": "1.0545",
            "close": "1.0531"
        },
        {
            "time": "27.12.2020 15:40",
            "open": "1.0531",
            "high": "1.0531",
            "low": "1.0531",
            "close": "1.0542"
        },
        {
            "time": "27.12.2020 15:41",
            "open": "1.0542",
            "high": "1.0543",
            "low": "1.0542",
            "close": "1.0565"
        },
        {
            "time": "27.12.2020 15:42",
            "open": "1.0565",
            "high": "1.0565",
            "low": "1.0565",
            "close": "1.0545"
        },
        {
            "time": "27.12.2020 15:43",
            "open": "1.0545",
            "high": "1.0545",
            "low": "1.0534",
            "close": "1.0562"
        },
        {
            "time": "27.12.2020 15:45",
            "open": "1.0562",
            "high": "1.0562",
            "low": "1.0562",
            "close": "1.0576"
        },
        {
            "time": "27.12.2020 15:46",
            "open": "1.0576",
            "high": "1.0579",
            "low": "1.0575",
            "close": "1.0548"
        },
        {
            "time": "27.12.2020 15:49",
            "open": "1.0548",
            "high": "1.0548",
            "low": "1.0548",
            "close": "1.0575"
        },
        {
            "time": "27.12.2020 15:54",
            "open": "1.0575",
            "high": "1.0581",
            "low": "1.0575",
            "close": "1.0563"
        },
        {
            "time": "27.12.2020 15:56",
            "open": "1.0563",
            "high": "1.0563",
            "low": "1.0539",
            "close": "1.0511"
        },
        {
            "time": "27.12.2020 15:58",
            "open": "1.0511",
            "high": "1.0534",
            "low": "1.0511",
            "close": "1.0538"
        },
        {
            "time": "27.12.2020 15:59",
            "open": "1.0538",
            "high": "1.0538",
            "low": "1.0538",
            "close": "1.0569"
        },
        {
            "time": "27.12.2020 16:03",
            "open": "1.0569",
            "high": "1.0569",
            "low": "1.0569",
            "close": "1.0583"
        },
        {
            "time": "27.12.2020 16:04",
            "open": "1.0583",
            "high": "1.0583",
            "low": "1.0583",
            "close": "1.0552"
        },
        {
            "time": "27.12.2020 16:05",
            "open": "1.0552",
            "high": "1.0571",
            "low": "1.0552",
            "close": "1.0554"
        },
        {
            "time": "27.12.2020 16:06",
            "open": "1.0554",
            "high": "1.0571",
            "low": "1.0554",
            "close": "1.0582"
        },
        {
            "time": "27.12.2020 16:07",
            "open": "1.0582",
            "high": "1.06",
            "low": "1.0582",
            "close": "1.0611"
        },
        {
            "time": "27.12.2020 16:08",
            "open": "1.0611",
            "high": "1.07",
            "low": "1.0611",
            "close": "1.0662"
        },
        {
            "time": "27.12.2020 16:09",
            "open": "1.0662",
            "high": "1.07",
            "low": "1.066",
            "close": "1.0661"
        },
        {
            "time": "27.12.2020 16:10",
            "open": "1.0661",
            "high": "1.0662",
            "low": "1.064",
            "close": "1.064"
        },
        {
            "time": "27.12.2020 16:11",
            "open": "1.064",
            "high": "1.0675",
            "low": "1.0636",
            "close": "1.0626"
        },
        {
            "time": "27.12.2020 16:12",
            "open": "1.0626",
            "high": "1.0626",
            "low": "1.0626",
            "close": "1.063"
        },
        {
            "time": "27.12.2020 16:14",
            "open": "1.063",
            "high": "1.064",
            "low": "1.0621",
            "close": "1.0647"
        },
        {
            "time": "27.12.2020 16:17",
            "open": "1.0647",
            "high": "1.0675",
            "low": "1.0647",
            "close": "1.0659"
        },
        {
            "time": "27.12.2020 16:18",
            "open": "1.0659",
            "high": "1.07",
            "low": "1.0659",
            "close": "1.074"
        },
        {
            "time": "27.12.2020 16:19",
            "open": "1.074",
            "high": "1.076",
            "low": "1.074",
            "close": "1.0808"
        },
        {
            "time": "27.12.2020 16:20",
            "open": "1.0808",
            "high": "1.0808",
            "low": "1.0805",
            "close": "1.0791"
        },
        {
            "time": "27.12.2020 16:21",
            "open": "1.0791",
            "high": "1.081",
            "low": "1.0791",
            "close": "1.0826"
        },
        {
            "time": "27.12.2020 16:22",
            "open": "1.0826",
            "high": "1.083",
            "low": "1.0798",
            "close": "1.0782"
        },
        {
            "time": "27.12.2020 16:23",
            "open": "1.0782",
            "high": "1.0782",
            "low": "1.0782",
            "close": "1.0721"
        },
        {
            "time": "27.12.2020 16:25",
            "open": "1.0721",
            "high": "1.0721",
            "low": "1.0654",
            "close": "1.0674"
        },
        {
            "time": "27.12.2020 16:26",
            "open": "1.0674",
            "high": "1.0674",
            "low": "1.0674",
            "close": "1.0674"
        },
        {
            "time": "27.12.2020 16:27",
            "open": "1.0674",
            "high": "1.0686",
            "low": "1.0674",
            "close": "1.0705"
        },
        {
            "time": "27.12.2020 16:31",
            "open": "1.0705",
            "high": "1.0705",
            "low": "1.0705",
            "close": "1.0707"
        },
        {
            "time": "27.12.2020 16:32",
            "open": "1.0707",
            "high": "1.0707",
            "low": "1.0707",
            "close": "1.0689"
        },
        {
            "time": "27.12.2020 16:36",
            "open": "1.0689",
            "high": "1.0689",
            "low": "1.0675",
            "close": "1.0641"
        },
        {
            "time": "27.12.2020 16:37",
            "open": "1.0641",
            "high": "1.0641",
            "low": "1.0641",
            "close": "1.0604"
        },
        {
            "time": "27.12.2020 16:40",
            "open": "1.0604",
            "high": "1.0664",
            "low": "1.0604",
            "close": "1.0681"
        },
        {
            "time": "27.12.2020 16:41",
            "open": "1.0681",
            "high": "1.0681",
            "low": "1.0681",
            "close": "1.068"
        },
        {
            "time": "27.12.2020 16:42",
            "open": "1.068",
            "high": "1.068",
            "low": "1.068",
            "close": "1.0747"
        },
        {
            "time": "27.12.2020 16:45",
            "open": "1.0747",
            "high": "1.0747",
            "low": "1.0747",
            "close": "1.0715"
        },
        {
            "time": "27.12.2020 16:48",
            "open": "1.0715",
            "high": "1.0769",
            "low": "1.0715",
            "close": "1.0748"
        },
        {
            "time": "27.12.2020 16:52",
            "open": "1.0748",
            "high": "1.0748",
            "low": "1.0747",
            "close": "1.0764"
        },
        {
            "time": "27.12.2020 16:55",
            "open": "1.0764",
            "high": "1.0764",
            "low": "1.0764",
            "close": "1.0747"
        },
        {
            "time": "27.12.2020 16:56",
            "open": "1.0747",
            "high": "1.0747",
            "low": "1.0722",
            "close": "1.0714"
        },
        {
            "time": "27.12.2020 16:58",
            "open": "1.0714",
            "high": "1.0742",
            "low": "1.069",
            "close": "1.0737"
        },
        {
            "time": "27.12.2020 16:59",
            "open": "1.0737",
            "high": "1.0737",
            "low": "1.0735",
            "close": "1.081"
        },
        {
            "time": "27.12.2020 17:00",
            "open": "1.081",
            "high": "1.081",
            "low": "1.081",
            "close": "1.081"
        },
        {
            "time": "27.12.2020 17:01",
            "open": "1.081",
            "high": "1.0811",
            "low": "1.081",
            "close": "1.085"
        },
        {
            "time": "27.12.2020 17:03",
            "open": "1.085",
            "high": "1.085",
            "low": "1.085",
            "close": "1.09"
        },
        {
            "time": "27.12.2020 17:04",
            "open": "1.09",
            "high": "1.092",
            "low": "1.09",
            "close": "1.0945"
        },
        {
            "time": "27.12.2020 17:05",
            "open": "1.0945",
            "high": "1.098",
            "low": "1.0945",
            "close": "1.0969"
        },
        {
            "time": "27.12.2020 17:06",
            "open": "1.0969",
            "high": "1.0969",
            "low": "1.0901",
            "close": "1.0894"
        },
        {
            "time": "27.12.2020 17:09",
            "open": "1.0894",
            "high": "1.0894",
            "low": "1.088",
            "close": "1.0917"
        },
        {
            "time": "27.12.2020 17:10",
            "open": "1.0917",
            "high": "1.0917",
            "low": "1.0889",
            "close": "1.088"
        },
        {
            "time": "27.12.2020 17:11",
            "open": "1.088",
            "high": "1.088",
            "low": "1.088",
            "close": "1.0827"
        },
        {
            "time": "27.12.2020 17:12",
            "open": "1.0827",
            "high": "1.0827",
            "low": "1.0826",
            "close": "1.077"
        },
        {
            "time": "27.12.2020 17:13",
            "open": "1.077",
            "high": "1.0773",
            "low": "1.077",
            "close": "1.0796"
        },
        {
            "time": "27.12.2020 17:14",
            "open": "1.0796",
            "high": "1.0796",
            "low": "1.0742",
            "close": "1.0786"
        },
        {
            "time": "27.12.2020 17:16",
            "open": "1.0786",
            "high": "1.0787",
            "low": "1.0737",
            "close": "1.0759"
        },
        {
            "time": "27.12.2020 17:18",
            "open": "1.0759",
            "high": "1.0765",
            "low": "1.0759",
            "close": "1.076"
        },
        {
            "time": "27.12.2020 17:19",
            "open": "1.076",
            "high": "1.076",
            "low": "1.076",
            "close": "1.0707"
        },
        {
            "time": "27.12.2020 17:20",
            "open": "1.0707",
            "high": "1.0707",
            "low": "1.0702",
            "close": "1.069"
        },
        {
            "time": "27.12.2020 17:22",
            "open": "1.069",
            "high": "1.069",
            "low": "1.0688",
            "close": "1.0684"
        },
        {
            "time": "27.12.2020 17:23",
            "open": "1.0684",
            "high": "1.0684",
            "low": "1.0586",
            "close": "1.0655"
        },
        {
            "time": "27.12.2020 17:24",
            "open": "1.0655",
            "high": "1.0655",
            "low": "1.0655",
            "close": "1.0585"
        },
        {
            "time": "27.12.2020 17:25",
            "open": "1.0585",
            "high": "1.0585",
            "low": "1.0545",
            "close": "1.0533"
        },
        {
            "time": "27.12.2020 17:26",
            "open": "1.0533",
            "high": "1.0533",
            "low": "1.0533",
            "close": "1.057"
        },
        {
            "time": "27.12.2020 17:27",
            "open": "1.057",
            "high": "1.0637",
            "low": "1.057",
            "close": "1.0636"
        },
        {
            "time": "27.12.2020 17:28",
            "open": "1.0636",
            "high": "1.0708",
            "low": "1.0636",
            "close": "1.0678"
        },
        {
            "time": "27.12.2020 17:29",
            "open": "1.0678",
            "high": "1.0678",
            "low": "1.0678",
            "close": "1.0779"
        },
        {
            "time": "27.12.2020 17:30",
            "open": "1.0779",
            "high": "1.0779",
            "low": "1.0678",
            "close": "1.0594"
        },
        {
            "time": "27.12.2020 17:34",
            "open": "1.0594",
            "high": "1.0594",
            "low": "1.0594",
            "close": "1.0647"
        },
        {
            "time": "27.12.2020 17:35",
            "open": "1.0647",
            "high": "1.0647",
            "low": "1.0635",
            "close": "1.0605"
        },
        {
            "time": "27.12.2020 17:36",
            "open": "1.0605",
            "high": "1.0605",
            "low": "1.0605",
            "close": "1.0571"
        },
        {
            "time": "27.12.2020 17:37",
            "open": "1.0571",
            "high": "1.0571",
            "low": "1.0545",
            "close": "1.0584"
        },
        {
            "time": "27.12.2020 17:39",
            "open": "1.0584",
            "high": "1.0584",
            "low": "1.0584",
            "close": "1.0584"
        },
        {
            "time": "27.12.2020 17:40",
            "open": "1.0584",
            "high": "1.0584",
            "low": "1.0584",
            "close": "1.0588"
        },
        {
            "time": "27.12.2020 17:42",
            "open": "1.0588",
            "high": "1.0588",
            "low": "1.0588",
            "close": "1.0627"
        },
        {
            "time": "27.12.2020 17:45",
            "open": "1.0627",
            "high": "1.0634",
            "low": "1.0627",
            "close": "1.0607"
        },
        {
            "time": "27.12.2020 17:48",
            "open": "1.0607",
            "high": "1.0607",
            "low": "1.0607",
            "close": "1.0617"
        },
        {
            "time": "27.12.2020 17:56",
            "open": "1.0617",
            "high": "1.0617",
            "low": "1.0616",
            "close": "1.0618"
        },
        {
            "time": "27.12.2020 17:57",
            "open": "1.0618",
            "high": "1.0618",
            "low": "1.0618",
            "close": "1.0599"
        },
        {
            "time": "27.12.2020 17:59",
            "open": "1.0599",
            "high": "1.0599",
            "low": "1.0599",
            "close": "1.0607"
        },
        {
            "time": "27.12.2020 18:00",
            "open": "1.0607",
            "high": "1.0607",
            "low": "1.0607",
            "close": "1.0614"
        },
        {
            "time": "27.12.2020 18:01",
            "open": "1.0614",
            "high": "1.0614",
            "low": "1.0614",
            "close": "1.0591"
        },
        {
            "time": "27.12.2020 18:02",
            "open": "1.0591",
            "high": "1.0591",
            "low": "1.0591",
            "close": "1.0544"
        },
        {
            "time": "27.12.2020 18:06",
            "open": "1.0544",
            "high": "1.0544",
            "low": "1.0523",
            "close": "1.0491"
        },
        {
            "time": "27.12.2020 18:07",
            "open": "1.0491",
            "high": "1.0491",
            "low": "1.0491",
            "close": "1.0464"
        },
        {
            "time": "27.12.2020 18:11",
            "open": "1.0464",
            "high": "1.0464",
            "low": "1.0418",
            "close": "1.0412"
        },
        {
            "time": "27.12.2020 18:12",
            "open": "1.0412",
            "high": "1.0415",
            "low": "1.0401",
            "close": "1.0494"
        },
        {
            "time": "27.12.2020 18:15",
            "open": "1.0494",
            "high": "1.0494",
            "low": "1.0494",
            "close": "1.0493"
        },
        {
            "time": "27.12.2020 18:20",
            "open": "1.0493",
            "high": "1.0493",
            "low": "1.0483",
            "close": "1.0466"
        },
        {
            "time": "27.12.2020 18:21",
            "open": "1.0466",
            "high": "1.0466",
            "low": "1.0457",
            "close": "1.0471"
        },
        {
            "time": "27.12.2020 18:28",
            "open": "1.0471",
            "high": "1.0471",
            "low": "1.0471",
            "close": "1.0519"
        },
        {
            "time": "27.12.2020 18:35",
            "open": "1.0519",
            "high": "1.0519",
            "low": "1.0519",
            "close": "1.0491"
        },
        {
            "time": "27.12.2020 18:37",
            "open": "1.0491",
            "high": "1.0566",
            "low": "1.0491",
            "close": "1.0495"
        },
        {
            "time": "27.12.2020 18:44",
            "open": "1.0495",
            "high": "1.0495",
            "low": "1.0495",
            "close": "1.0491"
        },
        {
            "time": "27.12.2020 18:45",
            "open": "1.0491",
            "high": "1.0491",
            "low": "1.049",
            "close": "1.0493"
        },
        {
            "time": "27.12.2020 18:47",
            "open": "1.0493",
            "high": "1.0495",
            "low": "1.049",
            "close": "1.045"
        },
        {
            "time": "27.12.2020 18:48",
            "open": "1.045",
            "high": "1.045",
            "low": "1.0446",
            "close": "1.0443"
        },
        {
            "time": "27.12.2020 18:49",
            "open": "1.0443",
            "high": "1.0444",
            "low": "1.0443",
            "close": "1.0498"
        },
        {
            "time": "27.12.2020 18:56",
            "open": "1.0498",
            "high": "1.0533",
            "low": "1.0498",
            "close": "1.0533"
        },
        {
            "time": "27.12.2020 18:58",
            "open": "1.0533",
            "high": "1.0533",
            "low": "1.0533",
            "close": "1.0512"
        },
        {
            "time": "27.12.2020 18:59",
            "open": "1.0512",
            "high": "1.0512",
            "low": "1.0512",
            "close": "1.0516"
        },
        {
            "time": "27.12.2020 19:01",
            "open": "1.0516",
            "high": "1.0516",
            "low": "1.0516",
            "close": "1.0487"
        },
        {
            "time": "27.12.2020 19:03",
            "open": "1.0487",
            "high": "1.0518",
            "low": "1.0486",
            "close": "1.046"
        },
        {
            "time": "27.12.2020 19:08",
            "open": "1.046",
            "high": "1.046",
            "low": "1.046",
            "close": "1.0439"
        },
        {
            "time": "27.12.2020 19:10",
            "open": "1.0439",
            "high": "1.0447",
            "low": "1.0436",
            "close": "1.0361"
        },
        {
            "time": "27.12.2020 19:11",
            "open": "1.0361",
            "high": "1.0361",
            "low": "1.0357",
            "close": "1.0359"
        },
        {
            "time": "27.12.2020 19:12",
            "open": "1.0359",
            "high": "1.0359",
            "low": "1.0359",
            "close": "1.0419"
        },
        {
            "time": "27.12.2020 19:14",
            "open": "1.0419",
            "high": "1.0419",
            "low": "1.0419",
            "close": "1.0392"
        },
        {
            "time": "27.12.2020 19:17",
            "open": "1.0392",
            "high": "1.0392",
            "low": "1.0392",
            "close": "1.0393"
        },
        {
            "time": "27.12.2020 19:19",
            "open": "1.0393",
            "high": "1.0397",
            "low": "1.0393",
            "close": "1.0397"
        },
        {
            "time": "27.12.2020 19:21",
            "open": "1.0397",
            "high": "1.0397",
            "low": "1.0397",
            "close": "1.0371"
        },
        {
            "time": "27.12.2020 19:22",
            "open": "1.0371",
            "high": "1.0371",
            "low": "1.0371",
            "close": "1.0268"
        },
        {
            "time": "27.12.2020 19:25",
            "open": "1.0268",
            "high": "1.0268",
            "low": "1.0268",
            "close": "1.0509"
        },
        {
            "time": "27.12.2020 19:28",
            "open": "1.0509",
            "high": "1.0509",
            "low": "1.0509",
            "close": "1.0285"
        },
        {
            "time": "27.12.2020 19:38",
            "open": "1.0285",
            "high": "1.0285",
            "low": "1.0279",
            "close": "1.0451"
        },
        {
            "time": "27.12.2020 19:47",
            "open": "1.0451",
            "high": "1.0452",
            "low": "1.0451",
            "close": "1.0451"
        },
        {
            "time": "27.12.2020 19:49",
            "open": "1.0451",
            "high": "1.0451",
            "low": "1.0451",
            "close": "1.0421"
        },
        {
            "time": "27.12.2020 19:56",
            "open": "1.0421",
            "high": "1.0421",
            "low": "1.0421",
            "close": "1.056"
        },
        {
            "time": "27.12.2020 20:01",
            "open": "1.056",
            "high": "1.056",
            "low": "1.0555",
            "close": "1.056"
        },
        {
            "time": "27.12.2020 20:02",
            "open": "1.056",
            "high": "1.056",
            "low": "1.056",
            "close": "1.056"
        },
        {
            "time": "27.12.2020 20:03",
            "open": "1.056",
            "high": "1.056",
            "low": "1.056",
            "close": "1.0599"
        },
        {
            "time": "27.12.2020 20:09",
            "open": "1.0599",
            "high": "1.0599",
            "low": "1.0599",
            "close": "1.0659"
        },
        {
            "time": "27.12.2020 20:39",
            "open": "1.0659",
            "high": "1.0659",
            "low": "1.0659",
            "close": "1.067"
        },
        {
            "time": "27.12.2020 20:41",
            "open": "1.067",
            "high": "1.067",
            "low": "1.067",
            "close": "1.0674"
        },
        {
            "time": "27.12.2020 20:42",
            "open": "1.0674",
            "high": "1.0676",
            "low": "1.0674",
            "close": "1.0677"
        },
        {
            "time": "27.12.2020 20:43",
            "open": "1.0677",
            "high": "1.0695",
            "low": "1.0677",
            "close": "1.0695"
        },
        {
            "time": "27.12.2020 20:45",
            "open": "1.0695",
            "high": "1.0695",
            "low": "1.0695",
            "close": "1.0748"
        },
        {
            "time": "27.12.2020 20:46",
            "open": "1.0748",
            "high": "1.0772",
            "low": "1.0748",
            "close": "1.0767"
        },
        {
            "time": "27.12.2020 20:48",
            "open": "1.0767",
            "high": "1.0767",
            "low": "1.0767",
            "close": "1.0848"
        },
        {
            "time": "27.12.2020 20:49",
            "open": "1.0848",
            "high": "1.0848",
            "low": "1.0848",
            "close": "1.0824"
        },
        {
            "time": "27.12.2020 20:50",
            "open": "1.0824",
            "high": "1.083",
            "low": "1.0824",
            "close": "1.0847"
        },
        {
            "time": "27.12.2020 20:51",
            "open": "1.0847",
            "high": "1.0847",
            "low": "1.0847",
            "close": "1.0813"
        },
        {
            "time": "27.12.2020 20:52",
            "open": "1.0813",
            "high": "1.0813",
            "low": "1.0813",
            "close": "1.081"
        },
        {
            "time": "27.12.2020 20:54",
            "open": "1.081",
            "high": "1.081",
            "low": "1.081",
            "close": "1.081"
        },
        {
            "time": "27.12.2020 20:55",
            "open": "1.081",
            "high": "1.081",
            "low": "1.081",
            "close": "1.0783"
        },
        {
            "time": "27.12.2020 20:58",
            "open": "1.0783",
            "high": "1.0783",
            "low": "1.0783",
            "close": "1.0791"
        },
        {
            "time": "27.12.2020 21:03",
            "open": "1.0791",
            "high": "1.0791",
            "low": "1.0758",
            "close": "1.0712"
        },
        {
            "time": "27.12.2020 21:04",
            "open": "1.0712",
            "high": "1.0712",
            "low": "1.0685",
            "close": "1.0686"
        },
        {
            "time": "27.12.2020 21:05",
            "open": "1.0686",
            "high": "1.0686",
            "low": "1.0674",
            "close": "1.067"
        },
        {
            "time": "27.12.2020 21:06",
            "open": "1.067",
            "high": "1.067",
            "low": "1.0642",
            "close": "1.0618"
        },
        {
            "time": "27.12.2020 21:08",
            "open": "1.0618",
            "high": "1.0618",
            "low": "1.0618",
            "close": "1.0611"
        },
        {
            "time": "27.12.2020 21:12",
            "open": "1.0611",
            "high": "1.0612",
            "low": "1.0611",
            "close": "1.0612"
        },
        {
            "time": "27.12.2020 21:13",
            "open": "1.0612",
            "high": "1.0671",
            "low": "1.0612",
            "close": "1.0689"
        },
        {
            "time": "27.12.2020 21:14",
            "open": "1.0689",
            "high": "1.0689",
            "low": "1.0687",
            "close": "1.0618"
        },
        {
            "time": "27.12.2020 21:15",
            "open": "1.0618",
            "high": "1.0618",
            "low": "1.0618",
            "close": "1.0624"
        },
        {
            "time": "27.12.2020 21:19",
            "open": "1.0624",
            "high": "1.0624",
            "low": "1.0624",
            "close": "1.056"
        },
        {
            "time": "27.12.2020 21:20",
            "open": "1.056",
            "high": "1.056",
            "low": "1.056",
            "close": "1.0567"
        },
        {
            "time": "27.12.2020 21:27",
            "open": "1.0567",
            "high": "1.0567",
            "low": "1.0567",
            "close": "1.0567"
        },
        {
            "time": "27.12.2020 21:30",
            "open": "1.0567",
            "high": "1.0567",
            "low": "1.0567",
            "close": "1.0622"
        },
        {
            "time": "27.12.2020 21:31",
            "open": "1.0622",
            "high": "1.0624",
            "low": "1.0622",
            "close": "1.0578"
        },
        {
            "time": "27.12.2020 21:46",
            "open": "1.0578",
            "high": "1.0578",
            "low": "1.0533",
            "close": "1.0511"
        },
        {
            "time": "27.12.2020 21:47",
            "open": "1.0511",
            "high": "1.0511",
            "low": "1.0478",
            "close": "1.0431"
        },
        {
            "time": "27.12.2020 21:56",
            "open": "1.0431",
            "high": "1.0431",
            "low": "1.0431",
            "close": "1.0376"
        },
        {
            "time": "27.12.2020 22:05",
            "open": "1.0376",
            "high": "1.0376",
            "low": "1.0376",
            "close": "1.0409"
        },
        {
            "time": "27.12.2020 22:14",
            "open": "1.0409",
            "high": "1.0409",
            "low": "1.0409",
            "close": "1.0391"
        },
        {
            "time": "27.12.2020 22:15",
            "open": "1.0391",
            "high": "1.0391",
            "low": "1.0391",
            "close": "1.0393"
        },
        {
            "time": "27.12.2020 22:16",
            "open": "1.0393",
            "high": "1.0393",
            "low": "1.0393",
            "close": "1.0312"
        },
        {
            "time": "27.12.2020 22:18",
            "open": "1.0312",
            "high": "1.0312",
            "low": "1.029",
            "close": "1.0178"
        },
        {
            "time": "27.12.2020 22:21",
            "open": "1.0178",
            "high": "1.0178",
            "low": "1.0178",
            "close": "1.0138"
        },
        {
            "time": "27.12.2020 22:25",
            "open": "1.0138",
            "high": "1.0143",
            "low": "1.0138",
            "close": "1.0156"
        },
        {
            "time": "27.12.2020 22:29",
            "open": "1.0156",
            "high": "1.0156",
            "low": "1.0124",
            "close": "1.0139"
        },
        {
            "time": "27.12.2020 22:30",
            "open": "1.0139",
            "high": "1.0195",
            "low": "1.0139",
            "close": "1.0195"
        },
        {
            "time": "27.12.2020 22:31",
            "open": "1.0195",
            "high": "1.0195",
            "low": "1.0195",
            "close": "1.0165"
        },
        {
            "time": "27.12.2020 22:33",
            "open": "1.0165",
            "high": "1.0165",
            "low": "1.0165",
            "close": "1.0218"
        },
        {
            "time": "27.12.2020 22:34",
            "open": "1.0218",
            "high": "1.0219",
            "low": "1.0218",
            "close": "1.0199"
        },
        {
            "time": "27.12.2020 22:43",
            "open": "1.0199",
            "high": "1.0205",
            "low": "1.0199",
            "close": "1.0357"
        },
        {
            "time": "27.12.2020 22:47",
            "open": "1.0357",
            "high": "1.0357",
            "low": "1.0357",
            "close": "1.0254"
        },
        {
            "time": "27.12.2020 22:56",
            "open": "1.0254",
            "high": "1.0254",
            "low": "1.0254",
            "close": "1.0254"
        },
        {
            "time": "27.12.2020 23:05",
            "open": "1.0254",
            "high": "1.0254",
            "low": "1.0239",
            "close": "1.0272"
        },
        {
            "time": "27.12.2020 23:07",
            "open": "1.0272",
            "high": "1.0291",
            "low": "1.0272",
            "close": "1.0398"
        },
        {
            "time": "27.12.2020 23:10",
            "open": "1.0398",
            "high": "1.0405",
            "low": "1.0398",
            "close": "1.0364"
        },
        {
            "time": "27.12.2020 23:12",
            "open": "1.0364",
            "high": "1.0402",
            "low": "1.0364",
            "close": "1.036"
        },
        {
            "time": "27.12.2020 23:13",
            "open": "1.036",
            "high": "1.036",
            "low": "1.0357",
            "close": "1.0328"
        },
        {
            "time": "27.12.2020 23:16",
            "open": "1.0328",
            "high": "1.0328",
            "low": "1.0328",
            "close": "1.0283"
        },
        {
            "time": "27.12.2020 23:19",
            "open": "1.0283",
            "high": "1.0283",
            "low": "1.0283",
            "close": "1.03"
        },
        {
            "time": "27.12.2020 23:24",
            "open": "1.03",
            "high": "1.03",
            "low": "1.03",
            "close": "1.0295"
        },
        {
            "time": "27.12.2020 23:39",
            "open": "1.0295",
            "high": "1.0295",
            "low": "1.0294",
            "close": "1.0285"
        },
        {
            "time": "27.12.2020 23:40",
            "open": "1.0285",
            "high": "1.0285",
            "low": "1.0285",
            "close": "1.0292"
        },
        {
            "time": "27.12.2020 23:41",
            "open": "1.0292",
            "high": "1.0298",
            "low": "1.0292",
            "close": "1.0237"
        },
        {
            "time": "27.12.2020 23:48",
            "open": "1.0237",
            "high": "1.0237",
            "low": "1.0237",
            "close": "1.0333"
        },
        {
            "time": "27.12.2020 23:56",
            "open": "1.0333",
            "high": "1.0372",
            "low": "1.0327",
            "close": "1.0384"
        },
        {
            "time": "27.12.2020 23:57",
            "open": "1.0384",
            "high": "1.0384",
            "low": "1.0381",
            "close": "1.0384"
        }
    ]
}