{
    "BNT-EUR": [
        {
            "time": "04.05.2021 23:53",
            "open": "6.0127",
            "high": "6.0127",
            "low": "6.0127",
            "close": "5.9821"
        },
        {
            "time": "05.05.2021 00:05",
            "open": "5.9821",
            "high": "5.9821",
            "low": "5.9819",
            "close": "5.969"
        },
        {
            "time": "05.05.2021 00:09",
            "open": "5.969",
            "high": "5.969",
            "low": "5.9642",
            "close": "5.9538"
        },
        {
            "time": "05.05.2021 00:14",
            "open": "5.9538",
            "high": "5.9538",
            "low": "5.9538",
            "close": "5.9506"
        },
        {
            "time": "05.05.2021 00:18",
            "open": "5.9506",
            "high": "5.9506",
            "low": "5.9287",
            "close": "5.9307"
        },
        {
            "time": "05.05.2021 00:19",
            "open": "5.9307",
            "high": "5.9315",
            "low": "5.9307",
            "close": "5.9604"
        },
        {
            "time": "05.05.2021 00:22",
            "open": "5.9604",
            "high": "5.9604",
            "low": "5.9604",
            "close": "5.9517"
        },
        {
            "time": "05.05.2021 00:23",
            "open": "5.9517",
            "high": "5.9517",
            "low": "5.9517",
            "close": "5.9612"
        },
        {
            "time": "05.05.2021 00:28",
            "open": "5.9612",
            "high": "5.9613",
            "low": "5.9612",
            "close": "5.9121"
        },
        {
            "time": "05.05.2021 00:30",
            "open": "5.9121",
            "high": "5.9121",
            "low": "5.9121",
            "close": "5.9123"
        },
        {
            "time": "05.05.2021 00:31",
            "open": "5.9123",
            "high": "5.9128",
            "low": "5.9123",
            "close": "5.9291"
        },
        {
            "time": "05.05.2021 00:32",
            "open": "5.9291",
            "high": "5.9291",
            "low": "5.9291",
            "close": "5.9117"
        },
        {
            "time": "05.05.2021 00:35",
            "open": "5.9117",
            "high": "5.9117",
            "low": "5.9117",
            "close": "5.9068"
        },
        {
            "time": "05.05.2021 00:42",
            "open": "5.9068",
            "high": "5.9068",
            "low": "5.9068",
            "close": "5.9129"
        },
        {
            "time": "05.05.2021 00:46",
            "open": "5.9129",
            "high": "5.9129",
            "low": "5.9129",
            "close": "5.9557"
        },
        {
            "time": "05.05.2021 00:48",
            "open": "5.9557",
            "high": "5.9557",
            "low": "5.9557",
            "close": "5.9764"
        },
        {
            "time": "05.05.2021 00:55",
            "open": "5.9764",
            "high": "5.9764",
            "low": "5.9764",
            "close": "5.9987"
        },
        {
            "time": "05.05.2021 01:00",
            "open": "5.9987",
            "high": "5.9987",
            "low": "5.9979",
            "close": "5.9862"
        },
        {
            "time": "05.05.2021 01:06",
            "open": "5.9862",
            "high": "5.9862",
            "low": "5.9862",
            "close": "5.976"
        },
        {
            "time": "05.05.2021 01:10",
            "open": "5.976",
            "high": "5.976",
            "low": "5.976",
            "close": "5.999"
        },
        {
            "time": "05.05.2021 01:12",
            "open": "5.999",
            "high": "5.999",
            "low": "5.999",
            "close": "5.9683"
        },
        {
            "time": "05.05.2021 01:28",
            "open": "5.9683",
            "high": "5.9885",
            "low": "5.9683",
            "close": "5.9602"
        },
        {
            "time": "05.05.2021 01:29",
            "open": "5.9602",
            "high": "5.9602",
            "low": "5.9602",
            "close": "5.9818"
        },
        {
            "time": "05.05.2021 01:30",
            "open": "5.9818",
            "high": "5.9975",
            "low": "5.9818",
            "close": "5.9866"
        },
        {
            "time": "05.05.2021 01:38",
            "open": "5.9866",
            "high": "5.9866",
            "low": "5.9866",
            "close": "5.9386"
        },
        {
            "time": "05.05.2021 01:45",
            "open": "5.9386",
            "high": "5.9386",
            "low": "5.9386",
            "close": "5.9161"
        },
        {
            "time": "05.05.2021 01:47",
            "open": "5.9161",
            "high": "5.9161",
            "low": "5.8802",
            "close": "5.8833"
        },
        {
            "time": "05.05.2021 01:48",
            "open": "5.8833",
            "high": "5.8843",
            "low": "5.8833",
            "close": "5.8645"
        },
        {
            "time": "05.05.2021 01:50",
            "open": "5.8645",
            "high": "5.8738",
            "low": "5.8645",
            "close": "5.876"
        },
        {
            "time": "05.05.2021 01:54",
            "open": "5.876",
            "high": "5.876",
            "low": "5.8758",
            "close": "5.85"
        },
        {
            "time": "05.05.2021 01:55",
            "open": "5.85",
            "high": "5.85",
            "low": "5.845",
            "close": "5.8707"
        },
        {
            "time": "05.05.2021 01:56",
            "open": "5.8707",
            "high": "5.8707",
            "low": "5.8707",
            "close": "5.8347"
        },
        {
            "time": "05.05.2021 02:01",
            "open": "5.8347",
            "high": "5.8347",
            "low": "5.8332",
            "close": "5.8823"
        },
        {
            "time": "05.05.2021 02:04",
            "open": "5.8823",
            "high": "5.8823",
            "low": "5.8823",
            "close": "5.9131"
        },
        {
            "time": "05.05.2021 02:05",
            "open": "5.9131",
            "high": "5.9214",
            "low": "5.9131",
            "close": "5.9214"
        },
        {
            "time": "05.05.2021 02:06",
            "open": "5.9214",
            "high": "5.9214",
            "low": "5.9214",
            "close": "5.9391"
        },
        {
            "time": "05.05.2021 02:07",
            "open": "5.9391",
            "high": "5.9391",
            "low": "5.9292",
            "close": "5.9461"
        },
        {
            "time": "05.05.2021 02:08",
            "open": "5.9461",
            "high": "5.9576",
            "low": "5.9461",
            "close": "5.9516"
        },
        {
            "time": "05.05.2021 02:13",
            "open": "5.9516",
            "high": "5.9564",
            "low": "5.9516",
            "close": "5.9726"
        },
        {
            "time": "05.05.2021 02:15",
            "open": "5.9726",
            "high": "5.9802",
            "low": "5.9726",
            "close": "5.9802"
        },
        {
            "time": "05.05.2021 02:16",
            "open": "5.9802",
            "high": "5.9802",
            "low": "5.9802",
            "close": "5.9917"
        },
        {
            "time": "05.05.2021 02:18",
            "open": "5.9917",
            "high": "5.9933",
            "low": "5.9917",
            "close": "6.0003"
        },
        {
            "time": "05.05.2021 02:22",
            "open": "6.0003",
            "high": "6.0009",
            "low": "6.0003",
            "close": "6.0205"
        },
        {
            "time": "05.05.2021 02:27",
            "open": "6.0205",
            "high": "6.0205",
            "low": "6.0205",
            "close": "6.0404"
        },
        {
            "time": "05.05.2021 02:28",
            "open": "6.0404",
            "high": "6.05",
            "low": "6.0404",
            "close": "6.0789"
        },
        {
            "time": "05.05.2021 02:35",
            "open": "6.0789",
            "high": "6.0789",
            "low": "6.0789",
            "close": "6.0714"
        },
        {
            "time": "05.05.2021 02:37",
            "open": "6.0714",
            "high": "6.0714",
            "low": "6.0704",
            "close": "6.0792"
        },
        {
            "time": "05.05.2021 02:38",
            "open": "6.0792",
            "high": "6.0792",
            "low": "6.0792",
            "close": "6.0603"
        },
        {
            "time": "05.05.2021 02:39",
            "open": "6.0603",
            "high": "6.0603",
            "low": "6.0603",
            "close": "6.078"
        },
        {
            "time": "05.05.2021 02:41",
            "open": "6.078",
            "high": "6.078",
            "low": "6.078",
            "close": "6.0883"
        },
        {
            "time": "05.05.2021 02:53",
            "open": "6.0883",
            "high": "6.0966",
            "low": "6.0883",
            "close": "6.0996"
        },
        {
            "time": "05.05.2021 02:55",
            "open": "6.0996",
            "high": "6.1082",
            "low": "6.0996",
            "close": "6.1054"
        },
        {
            "time": "05.05.2021 02:58",
            "open": "6.1054",
            "high": "6.1054",
            "low": "6.0794",
            "close": "6.0742"
        },
        {
            "time": "05.05.2021 03:00",
            "open": "6.0742",
            "high": "6.0913",
            "low": "6.0742",
            "close": "6.0854"
        },
        {
            "time": "05.05.2021 03:01",
            "open": "6.0854",
            "high": "6.0895",
            "low": "6.0791",
            "close": "6.0906"
        },
        {
            "time": "05.05.2021 03:04",
            "open": "6.0906",
            "high": "6.0941",
            "low": "6.0903",
            "close": "6.093"
        },
        {
            "time": "05.05.2021 03:05",
            "open": "6.093",
            "high": "6.093",
            "low": "6.093",
            "close": "6.1083"
        },
        {
            "time": "05.05.2021 03:09",
            "open": "6.1083",
            "high": "6.113",
            "low": "6.108",
            "close": "6.1202"
        },
        {
            "time": "05.05.2021 03:10",
            "open": "6.1202",
            "high": "6.1257",
            "low": "6.1202",
            "close": "6.1257"
        },
        {
            "time": "05.05.2021 03:11",
            "open": "6.1257",
            "high": "6.1268",
            "low": "6.1257",
            "close": "6.1237"
        },
        {
            "time": "05.05.2021 03:12",
            "open": "6.1237",
            "high": "6.1237",
            "low": "6.1237",
            "close": "6.1446"
        },
        {
            "time": "05.05.2021 03:18",
            "open": "6.1446",
            "high": "6.1657",
            "low": "6.1293",
            "close": "6.1371"
        },
        {
            "time": "05.05.2021 03:19",
            "open": "6.1371",
            "high": "6.1371",
            "low": "6.1371",
            "close": "6.1022"
        },
        {
            "time": "05.05.2021 03:27",
            "open": "6.1022",
            "high": "6.115",
            "low": "6.1022",
            "close": "6.0967"
        },
        {
            "time": "05.05.2021 03:29",
            "open": "6.0967",
            "high": "6.0968",
            "low": "6.0937",
            "close": "6.0713"
        },
        {
            "time": "05.05.2021 03:32",
            "open": "6.0713",
            "high": "6.0713",
            "low": "6.0713",
            "close": "6.0707"
        },
        {
            "time": "05.05.2021 03:33",
            "open": "6.0707",
            "high": "6.0707",
            "low": "6.0707",
            "close": "6.0634"
        },
        {
            "time": "05.05.2021 03:34",
            "open": "6.0634",
            "high": "6.0635",
            "low": "6.0634",
            "close": "6.0731"
        },
        {
            "time": "05.05.2021 03:35",
            "open": "6.0731",
            "high": "6.0731",
            "low": "6.0731",
            "close": "6.1039"
        },
        {
            "time": "05.05.2021 03:36",
            "open": "6.1039",
            "high": "6.1039",
            "low": "6.1039",
            "close": "6.095"
        },
        {
            "time": "05.05.2021 03:38",
            "open": "6.095",
            "high": "6.095",
            "low": "6.095",
            "close": "6.072"
        },
        {
            "time": "05.05.2021 03:39",
            "open": "6.072",
            "high": "6.072",
            "low": "6.072",
            "close": "6.1072"
        },
        {
            "time": "05.05.2021 03:41",
            "open": "6.1072",
            "high": "6.1241",
            "low": "6.1072",
            "close": "6.1249"
        },
        {
            "time": "05.05.2021 03:43",
            "open": "6.1249",
            "high": "6.134",
            "low": "6.1244",
            "close": "6.0985"
        },
        {
            "time": "05.05.2021 03:45",
            "open": "6.0985",
            "high": "6.0985",
            "low": "6.0905",
            "close": "6.088"
        },
        {
            "time": "05.05.2021 03:46",
            "open": "6.088",
            "high": "6.097",
            "low": "6.088",
            "close": "6.1039"
        },
        {
            "time": "05.05.2021 03:47",
            "open": "6.1039",
            "high": "6.1041",
            "low": "6.1039",
            "close": "6.1198"
        },
        {
            "time": "05.05.2021 03:50",
            "open": "6.1198",
            "high": "6.1381",
            "low": "6.1198",
            "close": "6.0745"
        },
        {
            "time": "05.05.2021 04:05",
            "open": "6.0745",
            "high": "6.0745",
            "low": "6.0743",
            "close": "6.0912"
        },
        {
            "time": "05.05.2021 04:07",
            "open": "6.0912",
            "high": "6.0912",
            "low": "6.0912",
            "close": "6.073"
        },
        {
            "time": "05.05.2021 04:09",
            "open": "6.073",
            "high": "6.073",
            "low": "6.073",
            "close": "6.1116"
        },
        {
            "time": "05.05.2021 04:23",
            "open": "6.1116",
            "high": "6.1117",
            "low": "6.1116",
            "close": "6.0798"
        },
        {
            "time": "05.05.2021 04:44",
            "open": "6.0798",
            "high": "6.0798",
            "low": "6.0798",
            "close": "6.0815"
        },
        {
            "time": "05.05.2021 04:45",
            "open": "6.0815",
            "high": "6.0815",
            "low": "6.0815",
            "close": "6.0808"
        },
        {
            "time": "05.05.2021 04:46",
            "open": "6.0808",
            "high": "6.0808",
            "low": "6.0808",
            "close": "6.0342"
        },
        {
            "time": "05.05.2021 05:26",
            "open": "6.0342",
            "high": "6.0342",
            "low": "6.0273",
            "close": "6.044"
        },
        {
            "time": "05.05.2021 05:27",
            "open": "6.044",
            "high": "6.044",
            "low": "6.044",
            "close": "6.0327"
        },
        {
            "time": "05.05.2021 05:37",
            "open": "6.0327",
            "high": "6.0327",
            "low": "6.0327",
            "close": "6.0091"
        },
        {
            "time": "05.05.2021 05:41",
            "open": "6.0091",
            "high": "6.0091",
            "low": "6.0091",
            "close": "6.0048"
        },
        {
            "time": "05.05.2021 05:43",
            "open": "6.0048",
            "high": "6.0048",
            "low": "6.0048",
            "close": "6.0087"
        },
        {
            "time": "05.05.2021 05:44",
            "open": "6.0087",
            "high": "6.0087",
            "low": "6.0086",
            "close": "5.9949"
        },
        {
            "time": "05.05.2021 05:50",
            "open": "5.9949",
            "high": "5.9949",
            "low": "5.9949",
            "close": "6.0297"
        },
        {
            "time": "05.05.2021 05:55",
            "open": "6.0297",
            "high": "6.0297",
            "low": "6.0297",
            "close": "6.066"
        },
        {
            "time": "05.05.2021 06:07",
            "open": "6.066",
            "high": "6.086",
            "low": "6.066",
            "close": "6.0693"
        },
        {
            "time": "05.05.2021 06:08",
            "open": "6.0693",
            "high": "6.0693",
            "low": "6.0693",
            "close": "6.0437"
        },
        {
            "time": "05.05.2021 06:15",
            "open": "6.0437",
            "high": "6.0437",
            "low": "6.0437",
            "close": "6.0422"
        },
        {
            "time": "05.05.2021 06:16",
            "open": "6.0422",
            "high": "6.0586",
            "low": "6.0422",
            "close": "6.0422"
        },
        {
            "time": "05.05.2021 06:17",
            "open": "6.0422",
            "high": "6.0422",
            "low": "6.0422",
            "close": "6.0413"
        },
        {
            "time": "05.05.2021 06:20",
            "open": "6.0413",
            "high": "6.0418",
            "low": "6.0413",
            "close": "6.0483"
        },
        {
            "time": "05.05.2021 06:26",
            "open": "6.0483",
            "high": "6.0483",
            "low": "6.0483",
            "close": "6.0588"
        },
        {
            "time": "05.05.2021 06:31",
            "open": "6.0588",
            "high": "6.0588",
            "low": "6.0588",
            "close": "6.0718"
        },
        {
            "time": "05.05.2021 06:37",
            "open": "6.0718",
            "high": "6.0718",
            "low": "6.0718",
            "close": "5.9972"
        },
        {
            "time": "05.05.2021 06:51",
            "open": "5.9972",
            "high": "6",
            "low": "5.9971",
            "close": "6.0068"
        },
        {
            "time": "05.05.2021 06:52",
            "open": "6.0068",
            "high": "6.0068",
            "low": "6.0068",
            "close": "6.0013"
        },
        {
            "time": "05.05.2021 06:53",
            "open": "6.0013",
            "high": "6.0013",
            "low": "5.9899",
            "close": "5.986"
        },
        {
            "time": "05.05.2021 06:54",
            "open": "5.986",
            "high": "5.9861",
            "low": "5.986",
            "close": "5.9881"
        },
        {
            "time": "05.05.2021 06:59",
            "open": "5.9881",
            "high": "5.9881",
            "low": "5.9881",
            "close": "5.9727"
        },
        {
            "time": "05.05.2021 07:01",
            "open": "5.9727",
            "high": "5.9727",
            "low": "5.9727",
            "close": "5.9869"
        },
        {
            "time": "05.05.2021 07:03",
            "open": "5.9869",
            "high": "5.9869",
            "low": "5.9869",
            "close": "5.9707"
        },
        {
            "time": "05.05.2021 07:12",
            "open": "5.9707",
            "high": "5.9707",
            "low": "5.9707",
            "close": "5.9707"
        },
        {
            "time": "05.05.2021 07:14",
            "open": "5.9707",
            "high": "5.9707",
            "low": "5.9528",
            "close": "5.9688"
        },
        {
            "time": "05.05.2021 07:17",
            "open": "5.9688",
            "high": "5.9688",
            "low": "5.9688",
            "close": "5.9893"
        },
        {
            "time": "05.05.2021 07:19",
            "open": "5.9893",
            "high": "5.9893",
            "low": "5.9788",
            "close": "5.9982"
        },
        {
            "time": "05.05.2021 07:22",
            "open": "5.9982",
            "high": "5.9982",
            "low": "5.9982",
            "close": "6.0187"
        },
        {
            "time": "05.05.2021 07:23",
            "open": "6.0187",
            "high": "6.0234",
            "low": "6.0187",
            "close": "6.0643"
        },
        {
            "time": "05.05.2021 07:37",
            "open": "6.0643",
            "high": "6.0782",
            "low": "6.0643",
            "close": "6.0715"
        },
        {
            "time": "05.05.2021 07:39",
            "open": "6.0715",
            "high": "6.0715",
            "low": "6.0715",
            "close": "6.0715"
        },
        {
            "time": "05.05.2021 07:41",
            "open": "6.0715",
            "high": "6.0715",
            "low": "6.0715",
            "close": "6.0624"
        },
        {
            "time": "05.05.2021 07:44",
            "open": "6.0624",
            "high": "6.065",
            "low": "6.0624",
            "close": "6.0507"
        },
        {
            "time": "05.05.2021 07:46",
            "open": "6.0507",
            "high": "6.0507",
            "low": "6.0507",
            "close": "6.0446"
        },
        {
            "time": "05.05.2021 07:58",
            "open": "6.0446",
            "high": "6.0446",
            "low": "6.0446",
            "close": "6.0264"
        },
        {
            "time": "05.05.2021 08:02",
            "open": "6.0264",
            "high": "6.0281",
            "low": "6.0199",
            "close": "6.0501"
        },
        {
            "time": "05.05.2021 08:05",
            "open": "6.0501",
            "high": "6.0501",
            "low": "6.0501",
            "close": "6.0502"
        },
        {
            "time": "05.05.2021 08:06",
            "open": "6.0502",
            "high": "6.0502",
            "low": "6.0502",
            "close": "6.0635"
        },
        {
            "time": "05.05.2021 08:08",
            "open": "6.0635",
            "high": "6.0635",
            "low": "6.0576",
            "close": "6.0567"
        },
        {
            "time": "05.05.2021 08:10",
            "open": "6.0567",
            "high": "6.0567",
            "low": "6.0567",
            "close": "6.018"
        },
        {
            "time": "05.05.2021 08:19",
            "open": "6.018",
            "high": "6.0224",
            "low": "6.0177",
            "close": "6.0021"
        },
        {
            "time": "05.05.2021 08:21",
            "open": "6.0021",
            "high": "6.0021",
            "low": "5.9894",
            "close": "6.0046"
        },
        {
            "time": "05.05.2021 08:22",
            "open": "6.0046",
            "high": "6.0185",
            "low": "6.0046",
            "close": "5.996"
        },
        {
            "time": "05.05.2021 08:24",
            "open": "5.996",
            "high": "5.996",
            "low": "5.996",
            "close": "6.0114"
        },
        {
            "time": "05.05.2021 08:26",
            "open": "6.0114",
            "high": "6.0114",
            "low": "6.01",
            "close": "6.0206"
        },
        {
            "time": "05.05.2021 08:27",
            "open": "6.0206",
            "high": "6.0207",
            "low": "6.0206",
            "close": "6.0341"
        },
        {
            "time": "05.05.2021 08:28",
            "open": "6.0341",
            "high": "6.0411",
            "low": "6.0341",
            "close": "6.0491"
        },
        {
            "time": "05.05.2021 08:29",
            "open": "6.0491",
            "high": "6.0491",
            "low": "6.0491",
            "close": "6.0387"
        },
        {
            "time": "05.05.2021 08:31",
            "open": "6.0387",
            "high": "6.0397",
            "low": "6.0387",
            "close": "6.0001"
        },
        {
            "time": "05.05.2021 08:33",
            "open": "6.0001",
            "high": "6.0001",
            "low": "6",
            "close": "5.9943"
        },
        {
            "time": "05.05.2021 08:35",
            "open": "5.9943",
            "high": "5.9943",
            "low": "5.9943",
            "close": "6.0069"
        },
        {
            "time": "05.05.2021 08:38",
            "open": "6.0069",
            "high": "6.0069",
            "low": "6.0068",
            "close": "6.034"
        },
        {
            "time": "05.05.2021 08:39",
            "open": "6.034",
            "high": "6.034",
            "low": "6.034",
            "close": "6.0336"
        },
        {
            "time": "05.05.2021 08:43",
            "open": "6.0336",
            "high": "6.0336",
            "low": "6.0336",
            "close": "6.0524"
        },
        {
            "time": "05.05.2021 08:52",
            "open": "6.0524",
            "high": "6.0524",
            "low": "6.052",
            "close": "6.0686"
        },
        {
            "time": "05.05.2021 08:59",
            "open": "6.0686",
            "high": "6.0686",
            "low": "6.0686",
            "close": "6.0394"
        },
        {
            "time": "05.05.2021 09:04",
            "open": "6.0394",
            "high": "6.0394",
            "low": "6.0394",
            "close": "6.0677"
        },
        {
            "time": "05.05.2021 09:06",
            "open": "6.0677",
            "high": "6.0686",
            "low": "6.0677",
            "close": "6.0775"
        },
        {
            "time": "05.05.2021 09:07",
            "open": "6.0775",
            "high": "6.0775",
            "low": "6.0775",
            "close": "6.0814"
        },
        {
            "time": "05.05.2021 09:08",
            "open": "6.0814",
            "high": "6.0814",
            "low": "6.0814",
            "close": "6.0887"
        },
        {
            "time": "05.05.2021 09:09",
            "open": "6.0887",
            "high": "6.0958",
            "low": "6.0887",
            "close": "6.0958"
        },
        {
            "time": "05.05.2021 09:11",
            "open": "6.0958",
            "high": "6.0993",
            "low": "6.0958",
            "close": "6.0999"
        },
        {
            "time": "05.05.2021 09:13",
            "open": "6.0999",
            "high": "6.11",
            "low": "6.0999",
            "close": "6.1191"
        },
        {
            "time": "05.05.2021 09:15",
            "open": "6.1191",
            "high": "6.1191",
            "low": "6.1191",
            "close": "6.1222"
        },
        {
            "time": "05.05.2021 09:16",
            "open": "6.1222",
            "high": "6.1222",
            "low": "6.1208",
            "close": "6.1202"
        },
        {
            "time": "05.05.2021 09:17",
            "open": "6.1202",
            "high": "6.1202",
            "low": "6.1195",
            "close": "6.1185"
        },
        {
            "time": "05.05.2021 09:21",
            "open": "6.1185",
            "high": "6.1185",
            "low": "6.1158",
            "close": "6.1309"
        },
        {
            "time": "05.05.2021 09:30",
            "open": "6.1309",
            "high": "6.1309",
            "low": "6.1309",
            "close": "6.1504"
        },
        {
            "time": "05.05.2021 09:31",
            "open": "6.1504",
            "high": "6.1504",
            "low": "6.1504",
            "close": "6.1298"
        },
        {
            "time": "05.05.2021 09:36",
            "open": "6.1287",
            "high": "6.1287",
            "low": "6.1287",
            "close": "6.1428"
        },
        {
            "time": "05.05.2021 09:43",
            "open": "6.1428",
            "high": "6.1428",
            "low": "6.1428",
            "close": "6.1439"
        },
        {
            "time": "05.05.2021 09:44",
            "open": "6.1439",
            "high": "6.1594",
            "low": "6.1439",
            "close": "6.1594"
        },
        {
            "time": "05.05.2021 09:45",
            "open": "6.1594",
            "high": "6.1594",
            "low": "6.1594",
            "close": "6.1587"
        },
        {
            "time": "05.05.2021 09:46",
            "open": "6.1587",
            "high": "6.1587",
            "low": "6.1587",
            "close": "6.1596"
        },
        {
            "time": "05.05.2021 09:51",
            "open": "6.1596",
            "high": "6.1658",
            "low": "6.1596",
            "close": "6.1724"
        },
        {
            "time": "05.05.2021 09:52",
            "open": "6.1724",
            "high": "6.1724",
            "low": "6.1724",
            "close": "6.1925"
        },
        {
            "time": "05.05.2021 09:53",
            "open": "6.1925",
            "high": "6.1925",
            "low": "6.1925",
            "close": "6.1907"
        },
        {
            "time": "05.05.2021 09:54",
            "open": "6.1907",
            "high": "6.1907",
            "low": "6.1907",
            "close": "6.165"
        },
        {
            "time": "05.05.2021 09:57",
            "open": "6.165",
            "high": "6.165",
            "low": "6.165",
            "close": "6.1542"
        },
        {
            "time": "05.05.2021 09:58",
            "open": "6.1542",
            "high": "6.1542",
            "low": "6.1212",
            "close": "6.173"
        },
        {
            "time": "05.05.2021 10:00",
            "open": "6.173",
            "high": "6.173",
            "low": "6.173",
            "close": "6.1746"
        },
        {
            "time": "05.05.2021 10:07",
            "open": "6.1746",
            "high": "6.1866",
            "low": "6.1746",
            "close": "6.1569"
        },
        {
            "time": "05.05.2021 10:11",
            "open": "6.1569",
            "high": "6.1569",
            "low": "6.1569",
            "close": "6.1472"
        },
        {
            "time": "05.05.2021 10:15",
            "open": "6.1472",
            "high": "6.166",
            "low": "6.1472",
            "close": "6.1641"
        },
        {
            "time": "05.05.2021 10:20",
            "open": "6.1641",
            "high": "6.1641",
            "low": "6.1641",
            "close": "6.1816"
        },
        {
            "time": "05.05.2021 10:22",
            "open": "6.1816",
            "high": "6.1816",
            "low": "6.1816",
            "close": "6.1569"
        },
        {
            "time": "05.05.2021 10:24",
            "open": "6.1569",
            "high": "6.1569",
            "low": "6.1569",
            "close": "6.195"
        },
        {
            "time": "05.05.2021 10:30",
            "open": "6.195",
            "high": "6.195",
            "low": "6.195",
            "close": "6.2019"
        },
        {
            "time": "05.05.2021 10:31",
            "open": "6.2019",
            "high": "6.202",
            "low": "6.1982",
            "close": "6.1706"
        },
        {
            "time": "05.05.2021 10:35",
            "open": "6.1706",
            "high": "6.1706",
            "low": "6.1706",
            "close": "6.1875"
        },
        {
            "time": "05.05.2021 10:44",
            "open": "6.1875",
            "high": "6.1875",
            "low": "6.1875",
            "close": "6.1764"
        },
        {
            "time": "05.05.2021 10:48",
            "open": "6.1764",
            "high": "6.1764",
            "low": "6.1764",
            "close": "6.1779"
        },
        {
            "time": "05.05.2021 10:58",
            "open": "6.1779",
            "high": "6.1779",
            "low": "6.1779",
            "close": "6.1671"
        },
        {
            "time": "05.05.2021 11:06",
            "open": "6.1671",
            "high": "6.1671",
            "low": "6.1671",
            "close": "6.1627"
        },
        {
            "time": "05.05.2021 11:08",
            "open": "6.1627",
            "high": "6.1627",
            "low": "6.1627",
            "close": "6.1652"
        },
        {
            "time": "05.05.2021 11:09",
            "open": "6.1652",
            "high": "6.1652",
            "low": "6.1634",
            "close": "6.177"
        },
        {
            "time": "05.05.2021 11:11",
            "open": "6.177",
            "high": "6.1817",
            "low": "6.177",
            "close": "6.1736"
        },
        {
            "time": "05.05.2021 11:13",
            "open": "6.1736",
            "high": "6.1736",
            "low": "6.1736",
            "close": "6.1801"
        },
        {
            "time": "05.05.2021 11:17",
            "open": "6.1801",
            "high": "6.1801",
            "low": "6.1801",
            "close": "6.1346"
        },
        {
            "time": "05.05.2021 11:28",
            "open": "6.1346",
            "high": "6.1346",
            "low": "6.1242",
            "close": "6.1489"
        },
        {
            "time": "05.05.2021 11:30",
            "open": "6.1489",
            "high": "6.1489",
            "low": "6.1489",
            "close": "6.158"
        },
        {
            "time": "05.05.2021 11:32",
            "open": "6.158",
            "high": "6.158",
            "low": "6.158",
            "close": "6.1708"
        },
        {
            "time": "05.05.2021 11:33",
            "open": "6.1708",
            "high": "6.1709",
            "low": "6.1678",
            "close": "6.1709"
        },
        {
            "time": "05.05.2021 11:35",
            "open": "6.1709",
            "high": "6.1709",
            "low": "6.1573",
            "close": "6.1625"
        },
        {
            "time": "05.05.2021 11:39",
            "open": "6.1625",
            "high": "6.1625",
            "low": "6.1483",
            "close": "6.1897"
        },
        {
            "time": "05.05.2021 11:48",
            "open": "6.1897",
            "high": "6.1897",
            "low": "6.1897",
            "close": "6.1822"
        },
        {
            "time": "05.05.2021 11:49",
            "open": "6.1822",
            "high": "6.1822",
            "low": "6.1822",
            "close": "6.1778"
        },
        {
            "time": "05.05.2021 11:50",
            "open": "6.1778",
            "high": "6.1842",
            "low": "6.1778",
            "close": "6.1779"
        },
        {
            "time": "05.05.2021 11:51",
            "open": "6.1779",
            "high": "6.1779",
            "low": "6.1779",
            "close": "6.1643"
        },
        {
            "time": "05.05.2021 11:52",
            "open": "6.1643",
            "high": "6.1643",
            "low": "6.1643",
            "close": "6.1802"
        },
        {
            "time": "05.05.2021 11:56",
            "open": "6.1802",
            "high": "6.2016",
            "low": "6.1802",
            "close": "6.1999"
        },
        {
            "time": "05.05.2021 11:58",
            "open": "6.1999",
            "high": "6.2054",
            "low": "6.1999",
            "close": "6.1978"
        },
        {
            "time": "05.05.2021 12:00",
            "open": "6.1978",
            "high": "6.2139",
            "low": "6.1978",
            "close": "6.2026"
        },
        {
            "time": "05.05.2021 12:01",
            "open": "6.2026",
            "high": "6.2026",
            "low": "6.2026",
            "close": "6.1901"
        },
        {
            "time": "05.05.2021 12:06",
            "open": "6.1901",
            "high": "6.1901",
            "low": "6.1874",
            "close": "6.1937"
        },
        {
            "time": "05.05.2021 12:13",
            "open": "6.1937",
            "high": "6.1937",
            "low": "6.1937",
            "close": "6.1985"
        },
        {
            "time": "05.05.2021 12:14",
            "open": "6.1985",
            "high": "6.1985",
            "low": "6.1985",
            "close": "6.2229"
        },
        {
            "time": "05.05.2021 12:18",
            "open": "6.2229",
            "high": "6.2229",
            "low": "6.2229",
            "close": "6.2045"
        },
        {
            "time": "05.05.2021 12:22",
            "open": "6.2045",
            "high": "6.2045",
            "low": "6.2045",
            "close": "6.191"
        },
        {
            "time": "05.05.2021 12:23",
            "open": "6.191",
            "high": "6.191",
            "low": "6.191",
            "close": "6.2033"
        },
        {
            "time": "05.05.2021 12:24",
            "open": "6.2033",
            "high": "6.2033",
            "low": "6.2033",
            "close": "6.1863"
        },
        {
            "time": "05.05.2021 12:25",
            "open": "6.1863",
            "high": "6.1863",
            "low": "6.186",
            "close": "6.1876"
        },
        {
            "time": "05.05.2021 12:27",
            "open": "6.1876",
            "high": "6.1876",
            "low": "6.1876",
            "close": "6.1813"
        },
        {
            "time": "05.05.2021 12:53",
            "open": "6.1813",
            "high": "6.2022",
            "low": "6.1753",
            "close": "6.1664"
        },
        {
            "time": "05.05.2021 12:59",
            "open": "6.1664",
            "high": "6.1773",
            "low": "6.1664",
            "close": "6.1822"
        },
        {
            "time": "05.05.2021 13:15",
            "open": "6.1822",
            "high": "6.1823",
            "low": "6.1822",
            "close": "6.1792"
        },
        {
            "time": "05.05.2021 13:19",
            "open": "6.1792",
            "high": "6.1792",
            "low": "6.1769",
            "close": "6.1767"
        },
        {
            "time": "05.05.2021 13:22",
            "open": "6.1767",
            "high": "6.1767",
            "low": "6.1767",
            "close": "6.17"
        },
        {
            "time": "05.05.2021 13:24",
            "open": "6.17",
            "high": "6.1701",
            "low": "6.17",
            "close": "6.1793"
        },
        {
            "time": "05.05.2021 13:32",
            "open": "6.1793",
            "high": "6.1793",
            "low": "6.1741",
            "close": "6.1901"
        },
        {
            "time": "05.05.2021 13:33",
            "open": "6.1901",
            "high": "6.1901",
            "low": "6.1901",
            "close": "6.1951"
        },
        {
            "time": "05.05.2021 13:38",
            "open": "6.1951",
            "high": "6.2013",
            "low": "6.1883",
            "close": "6.1904"
        },
        {
            "time": "05.05.2021 13:40",
            "open": "6.1904",
            "high": "6.1904",
            "low": "6.1892",
            "close": "6.1939"
        },
        {
            "time": "05.05.2021 13:44",
            "open": "6.1939",
            "high": "6.194",
            "low": "6.1939",
            "close": "6.1701"
        },
        {
            "time": "05.05.2021 13:45",
            "open": "6.1701",
            "high": "6.1701",
            "low": "6.1701",
            "close": "6.19"
        },
        {
            "time": "05.05.2021 13:48",
            "open": "6.19",
            "high": "6.19",
            "low": "6.19",
            "close": "6.1701"
        },
        {
            "time": "05.05.2021 13:49",
            "open": "6.1701",
            "high": "6.1701",
            "low": "6.1701",
            "close": "6.1915"
        },
        {
            "time": "05.05.2021 13:52",
            "open": "6.1915",
            "high": "6.1915",
            "low": "6.1915",
            "close": "6.1443"
        },
        {
            "time": "05.05.2021 13:54",
            "open": "6.1443",
            "high": "6.1634",
            "low": "6.1443",
            "close": "6.1483"
        },
        {
            "time": "05.05.2021 14:00",
            "open": "6.1483",
            "high": "6.1632",
            "low": "6.144",
            "close": "6.1737"
        },
        {
            "time": "05.05.2021 14:04",
            "open": "6.1737",
            "high": "6.1737",
            "low": "6.1737",
            "close": "6.1782"
        },
        {
            "time": "05.05.2021 14:06",
            "open": "6.1782",
            "high": "6.1809",
            "low": "6.176",
            "close": "6.1735"
        },
        {
            "time": "05.05.2021 14:11",
            "open": "6.1735",
            "high": "6.1735",
            "low": "6.1735",
            "close": "6.2013"
        },
        {
            "time": "05.05.2021 14:17",
            "open": "6.2013",
            "high": "6.2013",
            "low": "6.2013",
            "close": "6.2075"
        },
        {
            "time": "05.05.2021 14:18",
            "open": "6.2075",
            "high": "6.2075",
            "low": "6.2075",
            "close": "6.2137"
        },
        {
            "time": "05.05.2021 14:19",
            "open": "6.2137",
            "high": "6.2137",
            "low": "6.2137",
            "close": "6.2181"
        },
        {
            "time": "05.05.2021 14:25",
            "open": "6.2181",
            "high": "6.2181",
            "low": "6.2131",
            "close": "6.2208"
        },
        {
            "time": "05.05.2021 14:27",
            "open": "6.2208",
            "high": "6.2208",
            "low": "6.2208",
            "close": "6.195"
        },
        {
            "time": "05.05.2021 14:30",
            "open": "6.195",
            "high": "6.195",
            "low": "6.1807",
            "close": "6.1795"
        },
        {
            "time": "05.05.2021 14:33",
            "open": "6.1795",
            "high": "6.1848",
            "low": "6.1795",
            "close": "6.207"
        },
        {
            "time": "05.05.2021 14:44",
            "open": "6.207",
            "high": "6.207",
            "low": "6.207",
            "close": "6.1912"
        },
        {
            "time": "05.05.2021 14:50",
            "open": "6.1912",
            "high": "6.1912",
            "low": "6.1894",
            "close": "6.2208"
        },
        {
            "time": "05.05.2021 14:52",
            "open": "6.2208",
            "high": "6.2208",
            "low": "6.2208",
            "close": "6.2438"
        },
        {
            "time": "05.05.2021 14:58",
            "open": "6.2438",
            "high": "6.2438",
            "low": "6.2438",
            "close": "6.2252"
        },
        {
            "time": "05.05.2021 15:04",
            "open": "6.2252",
            "high": "6.2252",
            "low": "6.2252",
            "close": "6.2437"
        },
        {
            "time": "05.05.2021 15:08",
            "open": "6.2437",
            "high": "6.2492",
            "low": "6.2437",
            "close": "6.2348"
        },
        {
            "time": "05.05.2021 15:11",
            "open": "6.2348",
            "high": "6.2348",
            "low": "6.2348",
            "close": "6.25"
        },
        {
            "time": "05.05.2021 15:16",
            "open": "6.25",
            "high": "6.26",
            "low": "6.25",
            "close": "6.26"
        },
        {
            "time": "05.05.2021 15:17",
            "open": "6.26",
            "high": "6.2797",
            "low": "6.2555",
            "close": "6.276"
        },
        {
            "time": "05.05.2021 15:18",
            "open": "6.276",
            "high": "6.276",
            "low": "6.2669",
            "close": "6.2712"
        },
        {
            "time": "05.05.2021 15:19",
            "open": "6.2712",
            "high": "6.2712",
            "low": "6.2243",
            "close": "6.246"
        },
        {
            "time": "05.05.2021 15:20",
            "open": "6.246",
            "high": "6.2557",
            "low": "6.246",
            "close": "6.2557"
        },
        {
            "time": "05.05.2021 15:21",
            "open": "6.2557",
            "high": "6.266",
            "low": "6.2544",
            "close": "6.2544"
        },
        {
            "time": "05.05.2021 15:22",
            "open": "6.2544",
            "high": "6.2545",
            "low": "6.2531",
            "close": "6.2533"
        },
        {
            "time": "05.05.2021 15:23",
            "open": "6.2533",
            "high": "6.2549",
            "low": "6.2511",
            "close": "6.2433"
        },
        {
            "time": "05.05.2021 15:24",
            "open": "6.2433",
            "high": "6.2433",
            "low": "6.2433",
            "close": "6.2458"
        },
        {
            "time": "05.05.2021 15:25",
            "open": "6.2458",
            "high": "6.2458",
            "low": "6.2458",
            "close": "6.2145"
        },
        {
            "time": "05.05.2021 15:26",
            "open": "6.2145",
            "high": "6.2145",
            "low": "6.2145",
            "close": "6.2299"
        },
        {
            "time": "05.05.2021 15:30",
            "open": "6.2299",
            "high": "6.2299",
            "low": "6.2295",
            "close": "6.2222"
        },
        {
            "time": "05.05.2021 15:33",
            "open": "6.2222",
            "high": "6.2222",
            "low": "6.2222",
            "close": "6.2283"
        },
        {
            "time": "05.05.2021 15:36",
            "open": "6.2283",
            "high": "6.2283",
            "low": "6.2283",
            "close": "6.2457"
        },
        {
            "time": "05.05.2021 15:41",
            "open": "6.2457",
            "high": "6.2457",
            "low": "6.2405",
            "close": "6.2637"
        },
        {
            "time": "05.05.2021 15:50",
            "open": "6.2637",
            "high": "6.2638",
            "low": "6.2637",
            "close": "6.2843"
        },
        {
            "time": "05.05.2021 15:56",
            "open": "6.2843",
            "high": "6.2917",
            "low": "6.2677",
            "close": "6.2798"
        },
        {
            "time": "05.05.2021 15:58",
            "open": "6.2798",
            "high": "6.2798",
            "low": "6.2796",
            "close": "6.2817"
        },
        {
            "time": "05.05.2021 15:59",
            "open": "6.2817",
            "high": "6.2824",
            "low": "6.2817",
            "close": "6.2532"
        },
        {
            "time": "05.05.2021 16:04",
            "open": "6.2532",
            "high": "6.2535",
            "low": "6.2532",
            "close": "6.2062"
        },
        {
            "time": "05.05.2021 16:08",
            "open": "6.2062",
            "high": "6.2062",
            "low": "6.1894",
            "close": "6.1992"
        },
        {
            "time": "05.05.2021 16:09",
            "open": "6.1992",
            "high": "6.2044",
            "low": "6.1894",
            "close": "6.2114"
        },
        {
            "time": "05.05.2021 16:13",
            "open": "6.2114",
            "high": "6.2114",
            "low": "6.2114",
            "close": "6.2151"
        },
        {
            "time": "05.05.2021 16:15",
            "open": "6.2151",
            "high": "6.2151",
            "low": "6.2151",
            "close": "6.1894"
        },
        {
            "time": "05.05.2021 16:16",
            "open": "6.1894",
            "high": "6.1916",
            "low": "6.1894",
            "close": "6.1895"
        },
        {
            "time": "05.05.2021 16:19",
            "open": "6.1895",
            "high": "6.1895",
            "low": "6.1895",
            "close": "6.1894"
        },
        {
            "time": "05.05.2021 16:20",
            "open": "6.1894",
            "high": "6.1894",
            "low": "6.1672",
            "close": "6.1597"
        },
        {
            "time": "05.05.2021 16:22",
            "open": "6.1597",
            "high": "6.178",
            "low": "6.159",
            "close": "6.172"
        },
        {
            "time": "05.05.2021 16:23",
            "open": "6.172",
            "high": "6.1721",
            "low": "6.172",
            "close": "6.1636"
        },
        {
            "time": "05.05.2021 16:27",
            "open": "6.1636",
            "high": "6.1636",
            "low": "6.1636",
            "close": "6.1604"
        },
        {
            "time": "05.05.2021 16:33",
            "open": "6.1604",
            "high": "6.1604",
            "low": "6.1584",
            "close": "6.1688"
        },
        {
            "time": "05.05.2021 16:39",
            "open": "6.1688",
            "high": "6.1688",
            "low": "6.1662",
            "close": "6.1769"
        },
        {
            "time": "05.05.2021 16:40",
            "open": "6.1769",
            "high": "6.177",
            "low": "6.1769",
            "close": "6.1948"
        },
        {
            "time": "05.05.2021 16:45",
            "open": "6.1948",
            "high": "6.1948",
            "low": "6.1912",
            "close": "6.2061"
        },
        {
            "time": "05.05.2021 16:46",
            "open": "6.2061",
            "high": "6.2061",
            "low": "6.1967",
            "close": "6.2104"
        },
        {
            "time": "05.05.2021 16:49",
            "open": "6.2104",
            "high": "6.2104",
            "low": "6.1962",
            "close": "6.2121"
        },
        {
            "time": "05.05.2021 16:50",
            "open": "6.2121",
            "high": "6.2121",
            "low": "6.2096",
            "close": "6.2266"
        },
        {
            "time": "05.05.2021 16:51",
            "open": "6.2266",
            "high": "6.2266",
            "low": "6.2254",
            "close": "6.2213"
        },
        {
            "time": "05.05.2021 16:52",
            "open": "6.2213",
            "high": "6.237",
            "low": "6.2213",
            "close": "6.2118"
        },
        {
            "time": "05.05.2021 16:54",
            "open": "6.2118",
            "high": "6.2118",
            "low": "6.2118",
            "close": "6.2326"
        },
        {
            "time": "05.05.2021 16:55",
            "open": "6.2326",
            "high": "6.2326",
            "low": "6.2326",
            "close": "6.2255"
        },
        {
            "time": "05.05.2021 16:56",
            "open": "6.2255",
            "high": "6.2255",
            "low": "6.2255",
            "close": "6.2099"
        },
        {
            "time": "05.05.2021 16:57",
            "open": "6.2099",
            "high": "6.2168",
            "low": "6.209",
            "close": "6.2104"
        },
        {
            "time": "05.05.2021 16:58",
            "open": "6.2104",
            "high": "6.2104",
            "low": "6.21",
            "close": "6.2458"
        },
        {
            "time": "05.05.2021 17:02",
            "open": "6.2458",
            "high": "6.2458",
            "low": "6.2458",
            "close": "6.2372"
        },
        {
            "time": "05.05.2021 17:12",
            "open": "6.2372",
            "high": "6.2409",
            "low": "6.2372",
            "close": "6.2497"
        },
        {
            "time": "05.05.2021 17:15",
            "open": "6.2497",
            "high": "6.2497",
            "low": "6.2497",
            "close": "6.2561"
        },
        {
            "time": "05.05.2021 17:18",
            "open": "6.2561",
            "high": "6.2561",
            "low": "6.2372",
            "close": "6.2079"
        },
        {
            "time": "05.05.2021 17:21",
            "open": "6.2079",
            "high": "6.2079",
            "low": "6.2079",
            "close": "6.2207"
        },
        {
            "time": "05.05.2021 17:22",
            "open": "6.2207",
            "high": "6.2207",
            "low": "6.2207",
            "close": "6.2264"
        },
        {
            "time": "05.05.2021 17:23",
            "open": "6.2264",
            "high": "6.2264",
            "low": "6.2264",
            "close": "6.2184"
        },
        {
            "time": "05.05.2021 17:24",
            "open": "6.2184",
            "high": "6.2184",
            "low": "6.2184",
            "close": "6.1761"
        },
        {
            "time": "05.05.2021 17:28",
            "open": "6.1761",
            "high": "6.1761",
            "low": "6.1761",
            "close": "6.1897"
        },
        {
            "time": "05.05.2021 17:30",
            "open": "6.1897",
            "high": "6.1902",
            "low": "6.1889",
            "close": "6.1881"
        },
        {
            "time": "05.05.2021 17:31",
            "open": "6.1881",
            "high": "6.1881",
            "low": "6.1872",
            "close": "6.2109"
        },
        {
            "time": "05.05.2021 17:32",
            "open": "6.2109",
            "high": "6.2115",
            "low": "6.2109",
            "close": "6.1926"
        },
        {
            "time": "05.05.2021 17:34",
            "open": "6.1926",
            "high": "6.1926",
            "low": "6.1926",
            "close": "6.1999"
        },
        {
            "time": "05.05.2021 17:37",
            "open": "6.1999",
            "high": "6.2",
            "low": "6.1999",
            "close": "6.1867"
        },
        {
            "time": "05.05.2021 17:39",
            "open": "6.1867",
            "high": "6.1867",
            "low": "6.186",
            "close": "6.1677"
        },
        {
            "time": "05.05.2021 17:40",
            "open": "6.1677",
            "high": "6.1761",
            "low": "6.149",
            "close": "6.1718"
        },
        {
            "time": "05.05.2021 17:41",
            "open": "6.1718",
            "high": "6.1718",
            "low": "6.1718",
            "close": "6.1952"
        },
        {
            "time": "05.05.2021 17:44",
            "open": "6.1952",
            "high": "6.1986",
            "low": "6.1832",
            "close": "6.1758"
        },
        {
            "time": "05.05.2021 17:47",
            "open": "6.1758",
            "high": "6.1758",
            "low": "6.1758",
            "close": "6.174"
        },
        {
            "time": "05.05.2021 17:51",
            "open": "6.174",
            "high": "6.179",
            "low": "6.174",
            "close": "6.1697"
        },
        {
            "time": "05.05.2021 17:53",
            "open": "6.1697",
            "high": "6.1697",
            "low": "6.1697",
            "close": "6.1516"
        },
        {
            "time": "05.05.2021 17:55",
            "open": "6.1516",
            "high": "6.1516",
            "low": "6.1516",
            "close": "6.1473"
        },
        {
            "time": "05.05.2021 17:56",
            "open": "6.1473",
            "high": "6.1594",
            "low": "6.1458",
            "close": "6.1746"
        },
        {
            "time": "05.05.2021 18:00",
            "open": "6.1746",
            "high": "6.1746",
            "low": "6.1658",
            "close": "6.1681"
        },
        {
            "time": "05.05.2021 18:01",
            "open": "6.1681",
            "high": "6.1681",
            "low": "6.1681",
            "close": "6.1796"
        },
        {
            "time": "05.05.2021 18:03",
            "open": "6.1796",
            "high": "6.1796",
            "low": "6.1796",
            "close": "6.1664"
        },
        {
            "time": "05.05.2021 18:05",
            "open": "6.1664",
            "high": "6.1664",
            "low": "6.1664",
            "close": "6.1464"
        },
        {
            "time": "05.05.2021 18:06",
            "open": "6.1464",
            "high": "6.1464",
            "low": "6.1464",
            "close": "6.1482"
        },
        {
            "time": "05.05.2021 18:07",
            "open": "6.1482",
            "high": "6.1595",
            "low": "6.1481",
            "close": "6.1732"
        },
        {
            "time": "05.05.2021 18:08",
            "open": "6.1732",
            "high": "6.1734",
            "low": "6.165",
            "close": "6.2079"
        },
        {
            "time": "05.05.2021 18:09",
            "open": "6.2079",
            "high": "6.2211",
            "low": "6.2079",
            "close": "6.2252"
        },
        {
            "time": "05.05.2021 18:11",
            "open": "6.2252",
            "high": "6.243",
            "low": "6.2252",
            "close": "6.2549"
        },
        {
            "time": "05.05.2021 18:17",
            "open": "6.2549",
            "high": "6.2549",
            "low": "6.2549",
            "close": "6.25"
        },
        {
            "time": "05.05.2021 18:19",
            "open": "6.25",
            "high": "6.25",
            "low": "6.25",
            "close": "6.2463"
        },
        {
            "time": "05.05.2021 18:22",
            "open": "6.2463",
            "high": "6.255",
            "low": "6.2463",
            "close": "6.2768"
        },
        {
            "time": "05.05.2021 18:28",
            "open": "6.2768",
            "high": "6.2768",
            "low": "6.2761",
            "close": "6.2761"
        },
        {
            "time": "05.05.2021 18:30",
            "open": "6.2761",
            "high": "6.2761",
            "low": "6.2761",
            "close": "6.2903"
        },
        {
            "time": "05.05.2021 18:31",
            "open": "6.2903",
            "high": "6.2903",
            "low": "6.2756",
            "close": "6.2719"
        },
        {
            "time": "05.05.2021 18:32",
            "open": "6.2719",
            "high": "6.2719",
            "low": "6.2719",
            "close": "6.2718"
        },
        {
            "time": "05.05.2021 18:37",
            "open": "6.2718",
            "high": "6.2963",
            "low": "6.2718",
            "close": "6.2978"
        },
        {
            "time": "05.05.2021 18:39",
            "open": "6.2978",
            "high": "6.2978",
            "low": "6.2978",
            "close": "6.2943"
        },
        {
            "time": "05.05.2021 18:40",
            "open": "6.2943",
            "high": "6.2951",
            "low": "6.2943",
            "close": "6.2832"
        },
        {
            "time": "05.05.2021 18:42",
            "open": "6.2832",
            "high": "6.2832",
            "low": "6.2832",
            "close": "6.2919"
        },
        {
            "time": "05.05.2021 18:43",
            "open": "6.2919",
            "high": "6.2921",
            "low": "6.2919",
            "close": "6.2863"
        },
        {
            "time": "05.05.2021 18:45",
            "open": "6.2863",
            "high": "6.2873",
            "low": "6.2863",
            "close": "6.2983"
        },
        {
            "time": "05.05.2021 18:49",
            "open": "6.2983",
            "high": "6.2987",
            "low": "6.2983",
            "close": "6.2874"
        },
        {
            "time": "05.05.2021 18:50",
            "open": "6.2874",
            "high": "6.2973",
            "low": "6.2874",
            "close": "6.2975"
        },
        {
            "time": "05.05.2021 18:51",
            "open": "6.2975",
            "high": "6.2975",
            "low": "6.2975",
            "close": "6.2984"
        },
        {
            "time": "05.05.2021 18:53",
            "open": "6.2984",
            "high": "6.4",
            "low": "6.2815",
            "close": "6.3927"
        },
        {
            "time": "05.05.2021 18:54",
            "open": "6.3927",
            "high": "6.5",
            "low": "6.3716",
            "close": "6.4096"
        },
        {
            "time": "05.05.2021 18:55",
            "open": "6.4096",
            "high": "6.4921",
            "low": "6.4005",
            "close": "6.4468"
        },
        {
            "time": "05.05.2021 18:56",
            "open": "6.4468",
            "high": "6.488",
            "low": "6.4468",
            "close": "6.4504"
        },
        {
            "time": "05.05.2021 18:57",
            "open": "6.4504",
            "high": "6.4989",
            "low": "6.4218",
            "close": "6.429"
        },
        {
            "time": "05.05.2021 18:58",
            "open": "6.429",
            "high": "6.4999",
            "low": "6.4255",
            "close": "6.4344"
        },
        {
            "time": "05.05.2021 18:59",
            "open": "6.4344",
            "high": "6.5218",
            "low": "6.4344",
            "close": "6.5183"
        },
        {
            "time": "05.05.2021 19:00",
            "open": "6.5183",
            "high": "6.5183",
            "low": "6.4491",
            "close": "6.4558"
        },
        {
            "time": "05.05.2021 19:01",
            "open": "6.4558",
            "high": "6.5129",
            "low": "6.4558",
            "close": "6.456"
        },
        {
            "time": "05.05.2021 19:03",
            "open": "6.456",
            "high": "6.4567",
            "low": "6.4557",
            "close": "6.5206"
        },
        {
            "time": "05.05.2021 19:04",
            "open": "6.5206",
            "high": "6.5206",
            "low": "6.5204",
            "close": "6.4588"
        },
        {
            "time": "05.05.2021 19:05",
            "open": "6.4588",
            "high": "6.5142",
            "low": "6.4588",
            "close": "6.4648"
        },
        {
            "time": "05.05.2021 19:06",
            "open": "6.4648",
            "high": "6.4665",
            "low": "6.4648",
            "close": "6.461"
        },
        {
            "time": "05.05.2021 19:07",
            "open": "6.461",
            "high": "6.4611",
            "low": "6.4609",
            "close": "6.462"
        },
        {
            "time": "05.05.2021 19:08",
            "open": "6.462",
            "high": "6.5033",
            "low": "6.462",
            "close": "6.5033"
        },
        {
            "time": "05.05.2021 19:09",
            "open": "6.5033",
            "high": "6.522",
            "low": "6.4636",
            "close": "6.4376"
        },
        {
            "time": "05.05.2021 19:10",
            "open": "6.4376",
            "high": "6.4376",
            "low": "6.4376",
            "close": "6.4376"
        },
        {
            "time": "05.05.2021 19:11",
            "open": "6.4376",
            "high": "6.4376",
            "low": "6.4376",
            "close": "6.4376"
        },
        {
            "time": "05.05.2021 19:12",
            "open": "6.4376",
            "high": "6.4376",
            "low": "6.4376",
            "close": "6.4376"
        },
        {
            "time": "05.05.2021 19:13",
            "open": "6.4376",
            "high": "6.4376",
            "low": "6.4371",
            "close": "6.4372"
        },
        {
            "time": "05.05.2021 19:14",
            "open": "6.4372",
            "high": "6.5015",
            "low": "6.4371",
            "close": "6.3811"
        },
        {
            "time": "05.05.2021 19:16",
            "open": "6.3811",
            "high": "6.3815",
            "low": "6.3811",
            "close": "6.4063"
        },
        {
            "time": "05.05.2021 19:19",
            "open": "6.4063",
            "high": "6.4063",
            "low": "6.4063",
            "close": "6.4472"
        },
        {
            "time": "05.05.2021 19:20",
            "open": "6.4472",
            "high": "6.4472",
            "low": "6.4472",
            "close": "6.3995"
        },
        {
            "time": "05.05.2021 19:23",
            "open": "6.3995",
            "high": "6.3995",
            "low": "6.3995",
            "close": "6.3927"
        },
        {
            "time": "05.05.2021 19:24",
            "open": "6.3927",
            "high": "6.3927",
            "low": "6.3927",
            "close": "6.3927"
        },
        {
            "time": "05.05.2021 19:25",
            "open": "6.3927",
            "high": "6.3927",
            "low": "6.3918",
            "close": "6.392"
        },
        {
            "time": "05.05.2021 19:26",
            "open": "6.392",
            "high": "6.392",
            "low": "6.392",
            "close": "6.3927"
        },
        {
            "time": "05.05.2021 19:27",
            "open": "6.3927",
            "high": "6.3927",
            "low": "6.3917",
            "close": "6.3781"
        },
        {
            "time": "05.05.2021 19:28",
            "open": "6.3781",
            "high": "6.3993",
            "low": "6.3781",
            "close": "6.3993"
        },
        {
            "time": "05.05.2021 19:29",
            "open": "6.3993",
            "high": "6.3993",
            "low": "6.3992",
            "close": "6.3993"
        },
        {
            "time": "05.05.2021 19:30",
            "open": "6.3993",
            "high": "6.3993",
            "low": "6.365",
            "close": "6.3652"
        },
        {
            "time": "05.05.2021 19:31",
            "open": "6.3652",
            "high": "6.3988",
            "low": "6.3389",
            "close": "6.352"
        },
        {
            "time": "05.05.2021 19:32",
            "open": "6.352",
            "high": "6.3967",
            "low": "6.3519",
            "close": "6.3963"
        },
        {
            "time": "05.05.2021 19:33",
            "open": "6.3963",
            "high": "6.3964",
            "low": "6.3385",
            "close": "6.3496"
        },
        {
            "time": "05.05.2021 19:34",
            "open": "6.3496",
            "high": "6.3508",
            "low": "6.3385",
            "close": "6.3933"
        },
        {
            "time": "05.05.2021 19:35",
            "open": "6.3933",
            "high": "6.3933",
            "low": "6.3224",
            "close": "6.3856"
        },
        {
            "time": "05.05.2021 19:36",
            "open": "6.3856",
            "high": "6.3856",
            "low": "6.3383",
            "close": "6.332"
        },
        {
            "time": "05.05.2021 19:37",
            "open": "6.332",
            "high": "6.332",
            "low": "6.3094",
            "close": "6.2959"
        },
        {
            "time": "05.05.2021 19:39",
            "open": "6.2959",
            "high": "6.2959",
            "low": "6.2719",
            "close": "6.2836"
        },
        {
            "time": "05.05.2021 19:40",
            "open": "6.2836",
            "high": "6.2836",
            "low": "6.2836",
            "close": "6.2874"
        },
        {
            "time": "05.05.2021 19:41",
            "open": "6.2874",
            "high": "6.2874",
            "low": "6.2874",
            "close": "6.2876"
        },
        {
            "time": "05.05.2021 19:42",
            "open": "6.2876",
            "high": "6.2876",
            "low": "6.2874",
            "close": "6.2842"
        },
        {
            "time": "05.05.2021 19:43",
            "open": "6.2842",
            "high": "6.2842",
            "low": "6.2842",
            "close": "6.2786"
        },
        {
            "time": "05.05.2021 19:45",
            "open": "6.2786",
            "high": "6.2786",
            "low": "6.2786",
            "close": "6.2732"
        },
        {
            "time": "05.05.2021 19:49",
            "open": "6.2732",
            "high": "6.2732",
            "low": "6.2732",
            "close": "6.2655"
        },
        {
            "time": "05.05.2021 19:51",
            "open": "6.2655",
            "high": "6.2655",
            "low": "6.2653",
            "close": "6.2709"
        },
        {
            "time": "05.05.2021 19:52",
            "open": "6.2709",
            "high": "6.2709",
            "low": "6.264",
            "close": "6.2786"
        },
        {
            "time": "05.05.2021 19:53",
            "open": "6.2786",
            "high": "6.291",
            "low": "6.2786",
            "close": "6.272"
        },
        {
            "time": "05.05.2021 19:55",
            "open": "6.272",
            "high": "6.272",
            "low": "6.272",
            "close": "6.2594"
        },
        {
            "time": "05.05.2021 19:57",
            "open": "6.2594",
            "high": "6.2594",
            "low": "6.2592",
            "close": "6.255"
        },
        {
            "time": "05.05.2021 19:58",
            "open": "6.255",
            "high": "6.255",
            "low": "6.243",
            "close": "6.2531"
        },
        {
            "time": "05.05.2021 19:59",
            "open": "6.2531",
            "high": "6.2531",
            "low": "6.2531",
            "close": "6.259"
        },
        {
            "time": "05.05.2021 20:00",
            "open": "6.259",
            "high": "6.259",
            "low": "6.2579",
            "close": "6.2579"
        },
        {
            "time": "05.05.2021 20:01",
            "open": "6.2579",
            "high": "6.2579",
            "low": "6.2404",
            "close": "6.2681"
        },
        {
            "time": "05.05.2021 20:03",
            "open": "6.2681",
            "high": "6.2788",
            "low": "6.2592",
            "close": "6.2714"
        },
        {
            "time": "05.05.2021 20:04",
            "open": "6.2714",
            "high": "6.2714",
            "low": "6.2714",
            "close": "6.2863"
        },
        {
            "time": "05.05.2021 20:09",
            "open": "6.2863",
            "high": "6.2863",
            "low": "6.2863",
            "close": "6.2863"
        },
        {
            "time": "05.05.2021 20:11",
            "open": "6.2863",
            "high": "6.2863",
            "low": "6.2863",
            "close": "6.2771"
        },
        {
            "time": "05.05.2021 20:12",
            "open": "6.2771",
            "high": "6.2771",
            "low": "6.2771",
            "close": "6.3043"
        },
        {
            "time": "05.05.2021 20:14",
            "open": "6.3043",
            "high": "6.3075",
            "low": "6.3043",
            "close": "6.29"
        },
        {
            "time": "05.05.2021 20:17",
            "open": "6.29",
            "high": "6.29",
            "low": "6.2782",
            "close": "6.2769"
        },
        {
            "time": "05.05.2021 20:19",
            "open": "6.2769",
            "high": "6.2769",
            "low": "6.2714",
            "close": "6.2591"
        },
        {
            "time": "05.05.2021 20:20",
            "open": "6.2591",
            "high": "6.2591",
            "low": "6.2591",
            "close": "6.2593"
        },
        {
            "time": "05.05.2021 20:23",
            "open": "6.2593",
            "high": "6.2593",
            "low": "6.2591",
            "close": "6.2638"
        },
        {
            "time": "05.05.2021 20:26",
            "open": "6.2638",
            "high": "6.2638",
            "low": "6.2638",
            "close": "6.2806"
        },
        {
            "time": "05.05.2021 20:29",
            "open": "6.2806",
            "high": "6.2806",
            "low": "6.2806",
            "close": "6.2809"
        },
        {
            "time": "05.05.2021 20:30",
            "open": "6.2809",
            "high": "6.2809",
            "low": "6.2809",
            "close": "6.2794"
        },
        {
            "time": "05.05.2021 20:31",
            "open": "6.2794",
            "high": "6.2794",
            "low": "6.2794",
            "close": "6.2847"
        },
        {
            "time": "05.05.2021 20:38",
            "open": "6.2847",
            "high": "6.2847",
            "low": "6.2847",
            "close": "6.2954"
        },
        {
            "time": "05.05.2021 20:49",
            "open": "6.2954",
            "high": "6.3161",
            "low": "6.2944",
            "close": "6.3032"
        },
        {
            "time": "05.05.2021 20:50",
            "open": "6.3032",
            "high": "6.3035",
            "low": "6.3032",
            "close": "6.2898"
        },
        {
            "time": "05.05.2021 20:52",
            "open": "6.2898",
            "high": "6.2898",
            "low": "6.2898",
            "close": "6.2989"
        },
        {
            "time": "05.05.2021 20:55",
            "open": "6.2989",
            "high": "6.3023",
            "low": "6.2989",
            "close": "6.2859"
        },
        {
            "time": "05.05.2021 20:59",
            "open": "6.2859",
            "high": "6.2859",
            "low": "6.2816",
            "close": "6.2892"
        },
        {
            "time": "05.05.2021 21:01",
            "open": "6.2892",
            "high": "6.2892",
            "low": "6.2892",
            "close": "6.2887"
        },
        {
            "time": "05.05.2021 21:07",
            "open": "6.2887",
            "high": "6.2887",
            "low": "6.2887",
            "close": "6.3284"
        },
        {
            "time": "05.05.2021 21:13",
            "open": "6.3284",
            "high": "6.3284",
            "low": "6.3275",
            "close": "6.3054"
        },
        {
            "time": "05.05.2021 21:16",
            "open": "6.3054",
            "high": "6.3054",
            "low": "6.3054",
            "close": "6.3365"
        },
        {
            "time": "05.05.2021 21:20",
            "open": "6.3365",
            "high": "6.3365",
            "low": "6.3365",
            "close": "6.3465"
        },
        {
            "time": "05.05.2021 21:26",
            "open": "6.3465",
            "high": "6.3465",
            "low": "6.3465",
            "close": "6.3418"
        },
        {
            "time": "05.05.2021 21:32",
            "open": "6.3418",
            "high": "6.3418",
            "low": "6.3418",
            "close": "6.3033"
        },
        {
            "time": "05.05.2021 21:36",
            "open": "6.3033",
            "high": "6.3033",
            "low": "6.3033",
            "close": "6.3036"
        },
        {
            "time": "05.05.2021 21:38",
            "open": "6.3036",
            "high": "6.3036",
            "low": "6.3036",
            "close": "6.3147"
        },
        {
            "time": "05.05.2021 21:42",
            "open": "6.3147",
            "high": "6.3273",
            "low": "6.3147",
            "close": "6.3315"
        },
        {
            "time": "05.05.2021 21:43",
            "open": "6.3315",
            "high": "6.3315",
            "low": "6.3315",
            "close": "6.3312"
        },
        {
            "time": "05.05.2021 21:44",
            "open": "6.3312",
            "high": "6.3427",
            "low": "6.3294",
            "close": "6.3248"
        },
        {
            "time": "05.05.2021 21:46",
            "open": "6.3248",
            "high": "6.3249",
            "low": "6.3248",
            "close": "6.3522"
        },
        {
            "time": "05.05.2021 21:47",
            "open": "6.3522",
            "high": "6.3601",
            "low": "6.3522",
            "close": "6.3376"
        },
        {
            "time": "05.05.2021 21:50",
            "open": "6.3376",
            "high": "6.3376",
            "low": "6.3375",
            "close": "6.3378"
        },
        {
            "time": "05.05.2021 21:51",
            "open": "6.3378",
            "high": "6.3479",
            "low": "6.3378",
            "close": "6.3449"
        },
        {
            "time": "05.05.2021 21:53",
            "open": "6.3449",
            "high": "6.3449",
            "low": "6.3449",
            "close": "6.3379"
        },
        {
            "time": "05.05.2021 21:54",
            "open": "6.3379",
            "high": "6.3379",
            "low": "6.3379",
            "close": "6.331"
        },
        {
            "time": "05.05.2021 22:00",
            "open": "6.331",
            "high": "6.331",
            "low": "6.331",
            "close": "6.3595"
        },
        {
            "time": "05.05.2021 22:01",
            "open": "6.3595",
            "high": "6.3595",
            "low": "6.3595",
            "close": "6.3596"
        },
        {
            "time": "05.05.2021 22:02",
            "open": "6.3596",
            "high": "6.3648",
            "low": "6.3595",
            "close": "6.331"
        },
        {
            "time": "05.05.2021 22:03",
            "open": "6.331",
            "high": "6.331",
            "low": "6.331",
            "close": "6.3229"
        },
        {
            "time": "05.05.2021 22:05",
            "open": "6.3229",
            "high": "6.3359",
            "low": "6.3229",
            "close": "6.3228"
        },
        {
            "time": "05.05.2021 22:06",
            "open": "6.3228",
            "high": "6.3228",
            "low": "6.3163",
            "close": "6.3195"
        },
        {
            "time": "05.05.2021 22:07",
            "open": "6.3195",
            "high": "6.3195",
            "low": "6.3195",
            "close": "6.3301"
        },
        {
            "time": "05.05.2021 22:08",
            "open": "6.3301",
            "high": "6.3301",
            "low": "6.3301",
            "close": "6.3204"
        },
        {
            "time": "05.05.2021 22:10",
            "open": "6.3204",
            "high": "6.3205",
            "low": "6.3204",
            "close": "6.3204"
        },
        {
            "time": "05.05.2021 22:11",
            "open": "6.3204",
            "high": "6.3204",
            "low": "6.3078",
            "close": "6.3145"
        },
        {
            "time": "05.05.2021 22:12",
            "open": "6.3145",
            "high": "6.3145",
            "low": "6.3078",
            "close": "6.3222"
        },
        {
            "time": "05.05.2021 22:16",
            "open": "6.3222",
            "high": "6.333",
            "low": "6.3222",
            "close": "6.346"
        },
        {
            "time": "05.05.2021 22:17",
            "open": "6.346",
            "high": "6.346",
            "low": "6.346",
            "close": "6.3159"
        },
        {
            "time": "05.05.2021 22:19",
            "open": "6.3159",
            "high": "6.3159",
            "low": "6.3159",
            "close": "6.3003"
        },
        {
            "time": "05.05.2021 22:21",
            "open": "6.3003",
            "high": "6.3003",
            "low": "6.3003",
            "close": "6.32"
        },
        {
            "time": "05.05.2021 22:23",
            "open": "6.32",
            "high": "6.32",
            "low": "6.32",
            "close": "6.2862"
        },
        {
            "time": "05.05.2021 22:25",
            "open": "6.2862",
            "high": "6.2862",
            "low": "6.2862",
            "close": "6.2662"
        },
        {
            "time": "05.05.2021 22:29",
            "open": "6.2662",
            "high": "6.2662",
            "low": "6.264",
            "close": "6.2663"
        },
        {
            "time": "05.05.2021 22:32",
            "open": "6.2663",
            "high": "6.2845",
            "low": "6.2598",
            "close": "6.2752"
        },
        {
            "time": "05.05.2021 22:34",
            "open": "6.2752",
            "high": "6.2752",
            "low": "6.275",
            "close": "6.2927"
        },
        {
            "time": "05.05.2021 22:41",
            "open": "6.2927",
            "high": "6.2927",
            "low": "6.2927",
            "close": "6.2726"
        },
        {
            "time": "05.05.2021 22:52",
            "open": "6.2726",
            "high": "6.2726",
            "low": "6.2726",
            "close": "6.2597"
        },
        {
            "time": "05.05.2021 23:01",
            "open": "6.2597",
            "high": "6.2597",
            "low": "6.2597",
            "close": "6.259"
        },
        {
            "time": "05.05.2021 23:02",
            "open": "6.259",
            "high": "6.259",
            "low": "6.259",
            "close": "6.2701"
        },
        {
            "time": "05.05.2021 23:03",
            "open": "6.2701",
            "high": "6.2701",
            "low": "6.2701",
            "close": "6.2865"
        },
        {
            "time": "05.05.2021 23:06",
            "open": "6.2865",
            "high": "6.2929",
            "low": "6.2865",
            "close": "6.2953"
        },
        {
            "time": "05.05.2021 23:08",
            "open": "6.2953",
            "high": "6.2953",
            "low": "6.2953",
            "close": "6.297"
        },
        {
            "time": "05.05.2021 23:09",
            "open": "6.297",
            "high": "6.3011",
            "low": "6.2852",
            "close": "6.2769"
        },
        {
            "time": "05.05.2021 23:19",
            "open": "6.2769",
            "high": "6.2769",
            "low": "6.2769",
            "close": "6.2779"
        },
        {
            "time": "05.05.2021 23:29",
            "open": "6.2779",
            "high": "6.2779",
            "low": "6.2779",
            "close": "6.2684"
        },
        {
            "time": "05.05.2021 23:32",
            "open": "6.2684",
            "high": "6.2692",
            "low": "6.2684",
            "close": "6.2751"
        },
        {
            "time": "05.05.2021 23:47",
            "open": "6.2751",
            "high": "6.2751",
            "low": "6.2702",
            "close": "6.2828"
        },
        {
            "time": "05.05.2021 23:55",
            "open": "6.2828",
            "high": "6.29",
            "low": "6.2828",
            "close": "6.2921"
        }
    ]
}