{
    "BNT-EUR": [
        {
            "time": "27.08.2021 01:48",
            "open": "3.5895",
            "high": "3.5895",
            "low": "3.5895",
            "close": "3.5445"
        },
        {
            "time": "27.08.2021 02:02",
            "open": "3.5445",
            "high": "3.5445",
            "low": "3.5445",
            "close": "3.5413"
        },
        {
            "time": "27.08.2021 02:05",
            "open": "3.5413",
            "high": "3.5413",
            "low": "3.5413",
            "close": "3.5602"
        },
        {
            "time": "27.08.2021 02:06",
            "open": "3.5602",
            "high": "3.5699",
            "low": "3.5602",
            "close": "3.5591"
        },
        {
            "time": "27.08.2021 02:07",
            "open": "3.5591",
            "high": "3.5591",
            "low": "3.549",
            "close": "3.523"
        },
        {
            "time": "27.08.2021 02:14",
            "open": "3.523",
            "high": "3.523",
            "low": "3.523",
            "close": "3.5114"
        },
        {
            "time": "27.08.2021 02:18",
            "open": "3.5114",
            "high": "3.5188",
            "low": "3.5062",
            "close": "3.5107"
        },
        {
            "time": "27.08.2021 02:21",
            "open": "3.5107",
            "high": "3.5107",
            "low": "3.5107",
            "close": "3.5347"
        },
        {
            "time": "27.08.2021 02:22",
            "open": "3.5347",
            "high": "3.5347",
            "low": "3.5243",
            "close": "3.5311"
        },
        {
            "time": "27.08.2021 02:28",
            "open": "3.5311",
            "high": "3.5386",
            "low": "3.5311",
            "close": "3.5432"
        },
        {
            "time": "27.08.2021 02:29",
            "open": "3.5432",
            "high": "3.5494",
            "low": "3.5432",
            "close": "3.5395"
        },
        {
            "time": "27.08.2021 02:30",
            "open": "3.5395",
            "high": "3.5395",
            "low": "3.5386",
            "close": "3.5372"
        },
        {
            "time": "27.08.2021 02:31",
            "open": "3.5372",
            "high": "3.5426",
            "low": "3.5372",
            "close": "3.5313"
        },
        {
            "time": "27.08.2021 02:32",
            "open": "3.5313",
            "high": "3.5331",
            "low": "3.5313",
            "close": "3.5536"
        },
        {
            "time": "27.08.2021 02:34",
            "open": "3.5536",
            "high": "3.5729",
            "low": "3.5536",
            "close": "3.5516"
        },
        {
            "time": "27.08.2021 02:35",
            "open": "3.5516",
            "high": "3.5516",
            "low": "3.5516",
            "close": "3.5598"
        },
        {
            "time": "27.08.2021 02:38",
            "open": "3.5598",
            "high": "3.5797",
            "low": "3.5598",
            "close": "3.571"
        },
        {
            "time": "27.08.2021 02:39",
            "open": "3.571",
            "high": "3.5819",
            "low": "3.571",
            "close": "3.6175"
        },
        {
            "time": "27.08.2021 03:06",
            "open": "3.6175",
            "high": "3.6175",
            "low": "3.6175",
            "close": "3.6188"
        },
        {
            "time": "27.08.2021 03:07",
            "open": "3.6188",
            "high": "3.6188",
            "low": "3.6188",
            "close": "3.5961"
        },
        {
            "time": "27.08.2021 03:23",
            "open": "3.5961",
            "high": "3.5961",
            "low": "3.5961",
            "close": "3.6247"
        },
        {
            "time": "27.08.2021 03:34",
            "open": "3.6247",
            "high": "3.6247",
            "low": "3.6217",
            "close": "3.6127"
        },
        {
            "time": "27.08.2021 03:37",
            "open": "3.6127",
            "high": "3.6127",
            "low": "3.6127",
            "close": "3.6034"
        },
        {
            "time": "27.08.2021 03:45",
            "open": "3.6058",
            "high": "3.6058",
            "low": "3.6058",
            "close": "3.624"
        },
        {
            "time": "27.08.2021 04:10",
            "open": "3.624",
            "high": "3.6403",
            "low": "3.6232",
            "close": "3.5873"
        },
        {
            "time": "27.08.2021 04:40",
            "open": "3.5873",
            "high": "3.5873",
            "low": "3.5873",
            "close": "3.5448"
        },
        {
            "time": "27.08.2021 05:17",
            "open": "3.5448",
            "high": "3.5448",
            "low": "3.5422",
            "close": "3.5422"
        },
        {
            "time": "27.08.2021 05:19",
            "open": "3.5422",
            "high": "3.5422",
            "low": "3.5422",
            "close": "3.5382"
        },
        {
            "time": "27.08.2021 05:20",
            "open": "3.5382",
            "high": "3.5568",
            "low": "3.5382",
            "close": "3.5601"
        },
        {
            "time": "27.08.2021 05:25",
            "open": "3.5601",
            "high": "3.5608",
            "low": "3.5601",
            "close": "3.5565"
        },
        {
            "time": "27.08.2021 05:27",
            "open": "3.5565",
            "high": "3.5582",
            "low": "3.5565",
            "close": "3.5618"
        },
        {
            "time": "27.08.2021 05:32",
            "open": "3.5618",
            "high": "3.5618",
            "low": "3.5618",
            "close": "3.5311"
        },
        {
            "time": "27.08.2021 05:49",
            "open": "3.5311",
            "high": "3.5311",
            "low": "3.5311",
            "close": "3.5419"
        },
        {
            "time": "27.08.2021 05:50",
            "open": "3.5419",
            "high": "3.5455",
            "low": "3.5419",
            "close": "3.546"
        },
        {
            "time": "27.08.2021 06:00",
            "open": "3.546",
            "high": "3.546",
            "low": "3.546",
            "close": "3.5459"
        },
        {
            "time": "27.08.2021 06:01",
            "open": "3.5459",
            "high": "3.5459",
            "low": "3.5459",
            "close": "3.5379"
        },
        {
            "time": "27.08.2021 06:04",
            "open": "3.5379",
            "high": "3.5379",
            "low": "3.5371",
            "close": "3.5331"
        },
        {
            "time": "27.08.2021 06:09",
            "open": "3.5331",
            "high": "3.5421",
            "low": "3.5331",
            "close": "3.5511"
        },
        {
            "time": "27.08.2021 06:15",
            "open": "3.5511",
            "high": "3.5511",
            "low": "3.5511",
            "close": "3.542"
        },
        {
            "time": "27.08.2021 06:28",
            "open": "3.542",
            "high": "3.542",
            "low": "3.542",
            "close": "3.5519"
        },
        {
            "time": "27.08.2021 06:35",
            "open": "3.5519",
            "high": "3.5519",
            "low": "3.5519",
            "close": "3.5497"
        },
        {
            "time": "27.08.2021 06:39",
            "open": "3.5497",
            "high": "3.5497",
            "low": "3.5497",
            "close": "3.5489"
        },
        {
            "time": "27.08.2021 07:22",
            "open": "3.5489",
            "high": "3.5489",
            "low": "3.5488",
            "close": "3.5556"
        },
        {
            "time": "27.08.2021 07:25",
            "open": "3.5556",
            "high": "3.5556",
            "low": "3.5556",
            "close": "3.5668"
        },
        {
            "time": "27.08.2021 07:46",
            "open": "3.5668",
            "high": "3.5668",
            "low": "3.5668",
            "close": "3.5668"
        },
        {
            "time": "27.08.2021 07:47",
            "open": "3.5668",
            "high": "3.5668",
            "low": "3.5668",
            "close": "3.5518"
        },
        {
            "time": "27.08.2021 07:49",
            "open": "3.5518",
            "high": "3.5518",
            "low": "3.5518",
            "close": "3.5376"
        },
        {
            "time": "27.08.2021 07:51",
            "open": "3.5376",
            "high": "3.5376",
            "low": "3.5376",
            "close": "3.5381"
        },
        {
            "time": "27.08.2021 07:54",
            "open": "3.5381",
            "high": "3.5381",
            "low": "3.5381",
            "close": "3.555"
        },
        {
            "time": "27.08.2021 07:59",
            "open": "3.555",
            "high": "3.555",
            "low": "3.555",
            "close": "3.5574"
        },
        {
            "time": "27.08.2021 08:01",
            "open": "3.5574",
            "high": "3.5574",
            "low": "3.5538",
            "close": "3.5397"
        },
        {
            "time": "27.08.2021 08:04",
            "open": "3.5397",
            "high": "3.5415",
            "low": "3.5397",
            "close": "3.5547"
        },
        {
            "time": "27.08.2021 08:05",
            "open": "3.5547",
            "high": "3.5547",
            "low": "3.5547",
            "close": "3.5598"
        },
        {
            "time": "27.08.2021 08:06",
            "open": "3.5598",
            "high": "3.5598",
            "low": "3.5598",
            "close": "3.5718"
        },
        {
            "time": "27.08.2021 08:23",
            "open": "3.5718",
            "high": "3.5718",
            "low": "3.5718",
            "close": "3.5553"
        },
        {
            "time": "27.08.2021 08:26",
            "open": "3.5553",
            "high": "3.5553",
            "low": "3.5429",
            "close": "3.5536"
        },
        {
            "time": "27.08.2021 08:28",
            "open": "3.5536",
            "high": "3.5538",
            "low": "3.5536",
            "close": "3.5531"
        },
        {
            "time": "27.08.2021 08:39",
            "open": "3.5531",
            "high": "3.5531",
            "low": "3.5468",
            "close": "3.5476"
        },
        {
            "time": "27.08.2021 08:48",
            "open": "3.5476",
            "high": "3.5476",
            "low": "3.5476",
            "close": "3.5504"
        },
        {
            "time": "27.08.2021 08:49",
            "open": "3.5504",
            "high": "3.5504",
            "low": "3.5504",
            "close": "3.5456"
        },
        {
            "time": "27.08.2021 09:00",
            "open": "3.5456",
            "high": "3.5465",
            "low": "3.5453",
            "close": "3.5516"
        },
        {
            "time": "27.08.2021 09:07",
            "open": "3.5535",
            "high": "3.5699",
            "low": "3.5535",
            "close": "3.5573"
        },
        {
            "time": "27.08.2021 09:15",
            "open": "3.5573",
            "high": "3.5573",
            "low": "3.5573",
            "close": "3.5446"
        },
        {
            "time": "27.08.2021 09:18",
            "open": "3.5446",
            "high": "3.5703",
            "low": "3.5446",
            "close": "3.5625"
        },
        {
            "time": "27.08.2021 09:19",
            "open": "3.5625",
            "high": "3.5625",
            "low": "3.5625",
            "close": "3.5645"
        },
        {
            "time": "27.08.2021 09:20",
            "open": "3.5645",
            "high": "3.5645",
            "low": "3.5645",
            "close": "3.5585"
        },
        {
            "time": "27.08.2021 09:21",
            "open": "3.5585",
            "high": "3.5585",
            "low": "3.558",
            "close": "3.5755"
        },
        {
            "time": "27.08.2021 09:24",
            "open": "3.5755",
            "high": "3.5755",
            "low": "3.5755",
            "close": "3.6208"
        },
        {
            "time": "27.08.2021 09:25",
            "open": "3.6208",
            "high": "3.6208",
            "low": "3.6208",
            "close": "3.5909"
        },
        {
            "time": "27.08.2021 09:27",
            "open": "3.5909",
            "high": "3.5909",
            "low": "3.5892",
            "close": "3.5872"
        },
        {
            "time": "27.08.2021 09:28",
            "open": "3.5872",
            "high": "3.5872",
            "low": "3.5872",
            "close": "3.5891"
        },
        {
            "time": "27.08.2021 09:30",
            "open": "3.5891",
            "high": "3.5901",
            "low": "3.5883",
            "close": "3.584"
        },
        {
            "time": "27.08.2021 09:31",
            "open": "3.584",
            "high": "3.584",
            "low": "3.584",
            "close": "3.587"
        },
        {
            "time": "27.08.2021 09:39",
            "open": "3.587",
            "high": "3.587",
            "low": "3.587",
            "close": "3.5819"
        },
        {
            "time": "27.08.2021 09:45",
            "open": "3.5819",
            "high": "3.5819",
            "low": "3.5819",
            "close": "3.6"
        },
        {
            "time": "27.08.2021 09:57",
            "open": "3.6",
            "high": "3.6",
            "low": "3.6",
            "close": "3.5969"
        },
        {
            "time": "27.08.2021 10:08",
            "open": "3.5969",
            "high": "3.5986",
            "low": "3.5969",
            "close": "3.5798"
        },
        {
            "time": "27.08.2021 10:28",
            "open": "3.5798",
            "high": "3.5798",
            "low": "3.5798",
            "close": "3.5881"
        },
        {
            "time": "27.08.2021 10:31",
            "open": "3.5881",
            "high": "3.5881",
            "low": "3.5881",
            "close": "3.5816"
        },
        {
            "time": "27.08.2021 10:32",
            "open": "3.5816",
            "high": "3.5816",
            "low": "3.5816",
            "close": "3.5896"
        },
        {
            "time": "27.08.2021 10:35",
            "open": "3.5896",
            "high": "3.5896",
            "low": "3.5896",
            "close": "3.597"
        },
        {
            "time": "27.08.2021 10:39",
            "open": "3.597",
            "high": "3.597",
            "low": "3.597",
            "close": "3.5883"
        },
        {
            "time": "27.08.2021 10:42",
            "open": "3.5883",
            "high": "3.5904",
            "low": "3.5883",
            "close": "3.5932"
        },
        {
            "time": "27.08.2021 10:45",
            "open": "3.5932",
            "high": "3.5932",
            "low": "3.5932",
            "close": "3.5794"
        },
        {
            "time": "27.08.2021 10:55",
            "open": "3.5794",
            "high": "3.5811",
            "low": "3.5794",
            "close": "3.5784"
        },
        {
            "time": "27.08.2021 10:59",
            "open": "3.5784",
            "high": "3.5784",
            "low": "3.5783",
            "close": "3.5679"
        },
        {
            "time": "27.08.2021 11:10",
            "open": "3.5679",
            "high": "3.5691",
            "low": "3.5679",
            "close": "3.5712"
        },
        {
            "time": "27.08.2021 11:18",
            "open": "3.5712",
            "high": "3.5712",
            "low": "3.5712",
            "close": "3.5602"
        },
        {
            "time": "27.08.2021 11:20",
            "open": "3.5602",
            "high": "3.5602",
            "low": "3.5601",
            "close": "3.5551"
        },
        {
            "time": "27.08.2021 11:21",
            "open": "3.5551",
            "high": "3.5551",
            "low": "3.5551",
            "close": "3.563"
        },
        {
            "time": "27.08.2021 11:22",
            "open": "3.563",
            "high": "3.563",
            "low": "3.563",
            "close": "3.5534"
        },
        {
            "time": "27.08.2021 11:28",
            "open": "3.5534",
            "high": "3.5534",
            "low": "3.5534",
            "close": "3.5639"
        },
        {
            "time": "27.08.2021 11:32",
            "open": "3.5639",
            "high": "3.5656",
            "low": "3.5639",
            "close": "3.5653"
        },
        {
            "time": "27.08.2021 11:43",
            "open": "3.5653",
            "high": "3.5653",
            "low": "3.5653",
            "close": "3.573"
        },
        {
            "time": "27.08.2021 11:45",
            "open": "3.573",
            "high": "3.573",
            "low": "3.5715",
            "close": "3.5729"
        },
        {
            "time": "27.08.2021 11:48",
            "open": "3.5729",
            "high": "3.577",
            "low": "3.5729",
            "close": "3.5797"
        },
        {
            "time": "27.08.2021 11:50",
            "open": "3.5797",
            "high": "3.5797",
            "low": "3.5797",
            "close": "3.5911"
        },
        {
            "time": "27.08.2021 12:02",
            "open": "3.5911",
            "high": "3.5911",
            "low": "3.5911",
            "close": "3.5928"
        },
        {
            "time": "27.08.2021 12:04",
            "open": "3.5928",
            "high": "3.5928",
            "low": "3.5928",
            "close": "3.5838"
        },
        {
            "time": "27.08.2021 12:09",
            "open": "3.5838",
            "high": "3.5838",
            "low": "3.5838",
            "close": "3.5838"
        },
        {
            "time": "27.08.2021 12:10",
            "open": "3.5838",
            "high": "3.5871",
            "low": "3.5838",
            "close": "3.5807"
        },
        {
            "time": "27.08.2021 12:16",
            "open": "3.5807",
            "high": "3.5871",
            "low": "3.5807",
            "close": "3.5739"
        },
        {
            "time": "27.08.2021 12:23",
            "open": "3.5739",
            "high": "3.5739",
            "low": "3.5739",
            "close": "3.5603"
        },
        {
            "time": "27.08.2021 12:25",
            "open": "3.5603",
            "high": "3.5603",
            "low": "3.5603",
            "close": "3.5603"
        },
        {
            "time": "27.08.2021 12:28",
            "open": "3.5603",
            "high": "3.5603",
            "low": "3.5603",
            "close": "3.5617"
        },
        {
            "time": "27.08.2021 12:31",
            "open": "3.5617",
            "high": "3.5685",
            "low": "3.5617",
            "close": "3.5699"
        },
        {
            "time": "27.08.2021 12:40",
            "open": "3.5699",
            "high": "3.5742",
            "low": "3.5699",
            "close": "3.5735"
        },
        {
            "time": "27.08.2021 12:42",
            "open": "3.5735",
            "high": "3.5735",
            "low": "3.5735",
            "close": "3.5833"
        },
        {
            "time": "27.08.2021 12:45",
            "open": "3.5833",
            "high": "3.5942",
            "low": "3.5811",
            "close": "3.5851"
        },
        {
            "time": "27.08.2021 12:48",
            "open": "3.5851",
            "high": "3.5851",
            "low": "3.584",
            "close": "3.5805"
        },
        {
            "time": "27.08.2021 12:56",
            "open": "3.5805",
            "high": "3.5805",
            "low": "3.5805",
            "close": "3.5771"
        },
        {
            "time": "27.08.2021 13:09",
            "open": "3.5771",
            "high": "3.5771",
            "low": "3.576",
            "close": "3.5756"
        },
        {
            "time": "27.08.2021 13:11",
            "open": "3.5756",
            "high": "3.5756",
            "low": "3.5681",
            "close": "3.5701"
        },
        {
            "time": "27.08.2021 13:12",
            "open": "3.5701",
            "high": "3.5701",
            "low": "3.5701",
            "close": "3.5693"
        },
        {
            "time": "27.08.2021 13:13",
            "open": "3.5693",
            "high": "3.5712",
            "low": "3.5693",
            "close": "3.5789"
        },
        {
            "time": "27.08.2021 13:24",
            "open": "3.5789",
            "high": "3.5803",
            "low": "3.5789",
            "close": "3.6039"
        },
        {
            "time": "27.08.2021 13:34",
            "open": "3.6039",
            "high": "3.6039",
            "low": "3.6039",
            "close": "3.6064"
        },
        {
            "time": "27.08.2021 13:36",
            "open": "3.6064",
            "high": "3.6064",
            "low": "3.6064",
            "close": "3.6012"
        },
        {
            "time": "27.08.2021 13:43",
            "open": "3.6012",
            "high": "3.6012",
            "low": "3.6003",
            "close": "3.5985"
        },
        {
            "time": "27.08.2021 13:50",
            "open": "3.5985",
            "high": "3.5985",
            "low": "3.5932",
            "close": "3.5876"
        },
        {
            "time": "27.08.2021 13:53",
            "open": "3.5876",
            "high": "3.5915",
            "low": "3.5876",
            "close": "3.5975"
        },
        {
            "time": "27.08.2021 13:54",
            "open": "3.5975",
            "high": "3.5975",
            "low": "3.5975",
            "close": "3.6063"
        },
        {
            "time": "27.08.2021 13:58",
            "open": "3.6063",
            "high": "3.6067",
            "low": "3.6063",
            "close": "3.6028"
        },
        {
            "time": "27.08.2021 14:08",
            "open": "3.6028",
            "high": "3.6034",
            "low": "3.6028",
            "close": "3.6034"
        },
        {
            "time": "27.08.2021 14:34",
            "open": "3.6034",
            "high": "3.6034",
            "low": "3.6034",
            "close": "3.6111"
        },
        {
            "time": "27.08.2021 14:37",
            "open": "3.6111",
            "high": "3.6111",
            "low": "3.6111",
            "close": "3.6137"
        },
        {
            "time": "27.08.2021 14:44",
            "open": "3.6137",
            "high": "3.6144",
            "low": "3.6137",
            "close": "3.6021"
        },
        {
            "time": "27.08.2021 15:03",
            "open": "3.6021",
            "high": "3.6021",
            "low": "3.6021",
            "close": "3.61"
        },
        {
            "time": "27.08.2021 15:07",
            "open": "3.61",
            "high": "3.6108",
            "low": "3.61",
            "close": "3.6259"
        },
        {
            "time": "27.08.2021 15:15",
            "open": "3.6259",
            "high": "3.6259",
            "low": "3.6248",
            "close": "3.6193"
        },
        {
            "time": "27.08.2021 15:21",
            "open": "3.6193",
            "high": "3.6196",
            "low": "3.6193",
            "close": "3.6085"
        },
        {
            "time": "27.08.2021 15:22",
            "open": "3.6085",
            "high": "3.6085",
            "low": "3.6067",
            "close": "3.5944"
        },
        {
            "time": "27.08.2021 15:23",
            "open": "3.5944",
            "high": "3.5958",
            "low": "3.5868",
            "close": "3.58"
        },
        {
            "time": "27.08.2021 15:26",
            "open": "3.58",
            "high": "3.58",
            "low": "3.5793",
            "close": "3.5728"
        },
        {
            "time": "27.08.2021 15:29",
            "open": "3.5728",
            "high": "3.5728",
            "low": "3.5728",
            "close": "3.5993"
        },
        {
            "time": "27.08.2021 15:32",
            "open": "3.5993",
            "high": "3.604",
            "low": "3.5993",
            "close": "3.607"
        },
        {
            "time": "27.08.2021 15:33",
            "open": "3.607",
            "high": "3.607",
            "low": "3.607",
            "close": "3.6018"
        },
        {
            "time": "27.08.2021 15:34",
            "open": "3.6018",
            "high": "3.6018",
            "low": "3.6018",
            "close": "3.6018"
        },
        {
            "time": "27.08.2021 15:42",
            "open": "3.6018",
            "high": "3.6018",
            "low": "3.5981",
            "close": "3.5986"
        },
        {
            "time": "27.08.2021 15:50",
            "open": "3.5986",
            "high": "3.5986",
            "low": "3.5968",
            "close": "3.5974"
        },
        {
            "time": "27.08.2021 15:51",
            "open": "3.5974",
            "high": "3.5976",
            "low": "3.59",
            "close": "3.591"
        },
        {
            "time": "27.08.2021 15:52",
            "open": "3.591",
            "high": "3.591",
            "low": "3.591",
            "close": "3.6032"
        },
        {
            "time": "27.08.2021 15:57",
            "open": "3.6032",
            "high": "3.6032",
            "low": "3.6032",
            "close": "3.6106"
        },
        {
            "time": "27.08.2021 16:00",
            "open": "3.6106",
            "high": "3.6106",
            "low": "3.6101",
            "close": "3.6391"
        },
        {
            "time": "27.08.2021 16:02",
            "open": "3.6391",
            "high": "3.6391",
            "low": "3.6391",
            "close": "3.632"
        },
        {
            "time": "27.08.2021 16:06",
            "open": "3.632",
            "high": "3.632",
            "low": "3.632",
            "close": "3.6418"
        },
        {
            "time": "27.08.2021 16:10",
            "open": "3.6418",
            "high": "3.6418",
            "low": "3.6418",
            "close": "3.6443"
        },
        {
            "time": "27.08.2021 16:12",
            "open": "3.6443",
            "high": "3.6518",
            "low": "3.6443",
            "close": "3.6465"
        },
        {
            "time": "27.08.2021 16:13",
            "open": "3.6465",
            "high": "3.6491",
            "low": "3.6465",
            "close": "3.6477"
        },
        {
            "time": "27.08.2021 16:17",
            "open": "3.6477",
            "high": "3.6477",
            "low": "3.6477",
            "close": "3.6399"
        },
        {
            "time": "27.08.2021 16:19",
            "open": "3.6399",
            "high": "3.6399",
            "low": "3.6386",
            "close": "3.6431"
        },
        {
            "time": "27.08.2021 16:23",
            "open": "3.6431",
            "high": "3.6431",
            "low": "3.6421",
            "close": "3.6537"
        },
        {
            "time": "27.08.2021 16:25",
            "open": "3.6537",
            "high": "3.6568",
            "low": "3.6537",
            "close": "3.6702"
        },
        {
            "time": "27.08.2021 16:30",
            "open": "3.6702",
            "high": "3.6702",
            "low": "3.6702",
            "close": "3.6777"
        },
        {
            "time": "27.08.2021 16:33",
            "open": "3.6777",
            "high": "3.6777",
            "low": "3.6711",
            "close": "3.6623"
        },
        {
            "time": "27.08.2021 16:38",
            "open": "3.6623",
            "high": "3.6628",
            "low": "3.6623",
            "close": "3.6527"
        },
        {
            "time": "27.08.2021 16:39",
            "open": "3.6527",
            "high": "3.6527",
            "low": "3.6522",
            "close": "3.6515"
        },
        {
            "time": "27.08.2021 16:44",
            "open": "3.6515",
            "high": "3.6567",
            "low": "3.6515",
            "close": "3.6534"
        },
        {
            "time": "27.08.2021 16:55",
            "open": "3.6534",
            "high": "3.655",
            "low": "3.6534",
            "close": "3.6783"
        },
        {
            "time": "27.08.2021 17:06",
            "open": "3.6783",
            "high": "3.6821",
            "low": "3.6783",
            "close": "3.673"
        },
        {
            "time": "27.08.2021 17:10",
            "open": "3.673",
            "high": "3.673",
            "low": "3.673",
            "close": "3.6728"
        },
        {
            "time": "27.08.2021 17:15",
            "open": "3.6728",
            "high": "3.6728",
            "low": "3.6728",
            "close": "3.6722"
        },
        {
            "time": "27.08.2021 17:16",
            "open": "3.6722",
            "high": "3.6723",
            "low": "3.6722",
            "close": "3.6593"
        },
        {
            "time": "27.08.2021 17:18",
            "open": "3.6593",
            "high": "3.6593",
            "low": "3.6593",
            "close": "3.6611"
        },
        {
            "time": "27.08.2021 17:19",
            "open": "3.6611",
            "high": "3.6611",
            "low": "3.6611",
            "close": "3.6466"
        },
        {
            "time": "27.08.2021 17:37",
            "open": "3.6466",
            "high": "3.6475",
            "low": "3.6466",
            "close": "3.6461"
        },
        {
            "time": "27.08.2021 17:39",
            "open": "3.6461",
            "high": "3.6461",
            "low": "3.6461",
            "close": "3.6562"
        },
        {
            "time": "27.08.2021 17:48",
            "open": "3.6562",
            "high": "3.6562",
            "low": "3.6562",
            "close": "3.6435"
        },
        {
            "time": "27.08.2021 18:19",
            "open": "3.6435",
            "high": "3.6435",
            "low": "3.6435",
            "close": "3.6499"
        },
        {
            "time": "27.08.2021 18:21",
            "open": "3.6499",
            "high": "3.6499",
            "low": "3.6451",
            "close": "3.6548"
        },
        {
            "time": "27.08.2021 18:31",
            "open": "3.6548",
            "high": "3.6548",
            "low": "3.6548",
            "close": "3.673"
        },
        {
            "time": "27.08.2021 19:11",
            "open": "3.673",
            "high": "3.673",
            "low": "3.673",
            "close": "3.6826"
        },
        {
            "time": "27.08.2021 19:20",
            "open": "3.6826",
            "high": "3.6826",
            "low": "3.6826",
            "close": "3.6747"
        },
        {
            "time": "27.08.2021 19:29",
            "open": "3.6747",
            "high": "3.6747",
            "low": "3.6747",
            "close": "3.6783"
        },
        {
            "time": "27.08.2021 19:33",
            "open": "3.6783",
            "high": "3.6783",
            "low": "3.6783",
            "close": "3.6587"
        },
        {
            "time": "27.08.2021 20:06",
            "open": "3.6587",
            "high": "3.6587",
            "low": "3.6576",
            "close": "3.6589"
        },
        {
            "time": "27.08.2021 20:09",
            "open": "3.6589",
            "high": "3.6589",
            "low": "3.6589",
            "close": "3.6735"
        },
        {
            "time": "27.08.2021 20:30",
            "open": "3.6735",
            "high": "3.6735",
            "low": "3.6735",
            "close": "3.672"
        },
        {
            "time": "27.08.2021 20:43",
            "open": "3.672",
            "high": "3.672",
            "low": "3.672",
            "close": "3.6731"
        },
        {
            "time": "27.08.2021 20:54",
            "open": "3.6731",
            "high": "3.6731",
            "low": "3.6726",
            "close": "3.6743"
        },
        {
            "time": "27.08.2021 21:06",
            "open": "3.6743",
            "high": "3.6743",
            "low": "3.6743",
            "close": "3.6532"
        },
        {
            "time": "27.08.2021 22:05",
            "open": "3.6532",
            "high": "3.6532",
            "low": "3.6523",
            "close": "3.6522"
        },
        {
            "time": "27.08.2021 22:06",
            "open": "3.6522",
            "high": "3.6522",
            "low": "3.6519",
            "close": "3.6698"
        },
        {
            "time": "27.08.2021 22:07",
            "open": "3.6698",
            "high": "3.6708",
            "low": "3.6698",
            "close": "3.6696"
        },
        {
            "time": "27.08.2021 22:08",
            "open": "3.6696",
            "high": "3.6696",
            "low": "3.6695",
            "close": "3.6799"
        },
        {
            "time": "27.08.2021 22:11",
            "open": "3.6799",
            "high": "3.6861",
            "low": "3.6799",
            "close": "3.6835"
        },
        {
            "time": "27.08.2021 22:27",
            "open": "3.6835",
            "high": "3.6835",
            "low": "3.6829",
            "close": "3.6908"
        },
        {
            "time": "27.08.2021 22:29",
            "open": "3.6908",
            "high": "3.6983",
            "low": "3.6908",
            "close": "3.7094"
        },
        {
            "time": "27.08.2021 22:31",
            "open": "3.7094",
            "high": "3.7094",
            "low": "3.7094",
            "close": "3.7094"
        },
        {
            "time": "27.08.2021 22:32",
            "open": "3.7094",
            "high": "3.712",
            "low": "3.7094",
            "close": "3.7131"
        },
        {
            "time": "27.08.2021 22:38",
            "open": "3.7131",
            "high": "3.7299",
            "low": "3.7131",
            "close": "3.7236"
        },
        {
            "time": "27.08.2021 22:41",
            "open": "3.7236",
            "high": "3.7236",
            "low": "3.7236",
            "close": "3.7084"
        },
        {
            "time": "27.08.2021 22:45",
            "open": "3.7084",
            "high": "3.7084",
            "low": "3.7084",
            "close": "3.6965"
        },
        {
            "time": "27.08.2021 22:52",
            "open": "3.6965",
            "high": "3.6965",
            "low": "3.6965",
            "close": "3.7038"
        },
        {
            "time": "27.08.2021 22:58",
            "open": "3.7038",
            "high": "3.7064",
            "low": "3.7038",
            "close": "3.6988"
        },
        {
            "time": "27.08.2021 23:08",
            "open": "3.6988",
            "high": "3.6988",
            "low": "3.6936",
            "close": "3.6971"
        },
        {
            "time": "27.08.2021 23:24",
            "open": "3.6971",
            "high": "3.6972",
            "low": "3.6971",
            "close": "3.6913"
        },
        {
            "time": "27.08.2021 23:33",
            "open": "3.6913",
            "high": "3.6913",
            "low": "3.6913",
            "close": "3.6982"
        },
        {
            "time": "27.08.2021 23:37",
            "open": "3.6982",
            "high": "3.6982",
            "low": "3.6982",
            "close": "3.7043"
        },
        {
            "time": "27.08.2021 23:40",
            "open": "3.7043",
            "high": "3.7046",
            "low": "3.7043",
            "close": "3.7103"
        },
        {
            "time": "27.08.2021 23:41",
            "open": "3.7103",
            "high": "3.7185",
            "low": "3.7103",
            "close": "3.7102"
        },
        {
            "time": "27.08.2021 23:47",
            "open": "3.7102",
            "high": "3.7102",
            "low": "3.7102",
            "close": "3.7143"
        },
        {
            "time": "27.08.2021 23:50",
            "open": "3.7143",
            "high": "3.7185",
            "low": "3.7069",
            "close": "3.7219"
        },
        {
            "time": "27.08.2021 23:55",
            "open": "3.7219",
            "high": "3.7219",
            "low": "3.7219",
            "close": "3.7163"
        }
    ]
}