{
    "BNT-EUR": [
        {
            "time": "10.07.2021 23:49",
            "open": "2.6771",
            "high": "2.6771",
            "low": "2.6771",
            "close": "2.6974"
        },
        {
            "time": "11.07.2021 01:36",
            "open": "2.6974",
            "high": "2.6974",
            "low": "2.6974",
            "close": "2.6991"
        },
        {
            "time": "11.07.2021 02:01",
            "open": "2.6991",
            "high": "2.6991",
            "low": "2.6991",
            "close": "2.6991"
        },
        {
            "time": "11.07.2021 02:04",
            "open": "2.6991",
            "high": "2.6991",
            "low": "2.6991",
            "close": "2.6736"
        },
        {
            "time": "11.07.2021 06:18",
            "open": "2.6736",
            "high": "2.6736",
            "low": "2.6736",
            "close": "2.6804"
        },
        {
            "time": "11.07.2021 10:05",
            "open": "2.6804",
            "high": "2.6804",
            "low": "2.6804",
            "close": "2.6986"
        },
        {
            "time": "11.07.2021 11:00",
            "open": "2.6986",
            "high": "2.6986",
            "low": "2.6986",
            "close": "2.6986"
        },
        {
            "time": "11.07.2021 11:02",
            "open": "2.6986",
            "high": "2.6986",
            "low": "2.6986",
            "close": "2.697"
        },
        {
            "time": "11.07.2021 11:03",
            "open": "2.697",
            "high": "2.697",
            "low": "2.697",
            "close": "2.7044"
        },
        {
            "time": "11.07.2021 11:32",
            "open": "2.7044",
            "high": "2.7046",
            "low": "2.7002",
            "close": "2.7169"
        },
        {
            "time": "11.07.2021 12:18",
            "open": "2.7169",
            "high": "2.7187",
            "low": "2.7169",
            "close": "2.7137"
        },
        {
            "time": "11.07.2021 12:20",
            "open": "2.7137",
            "high": "2.7137",
            "low": "2.7137",
            "close": "2.6992"
        },
        {
            "time": "11.07.2021 12:51",
            "open": "2.6992",
            "high": "2.6995",
            "low": "2.6992",
            "close": "2.7019"
        },
        {
            "time": "11.07.2021 13:03",
            "open": "2.7019",
            "high": "2.7019",
            "low": "2.7019",
            "close": "2.7066"
        },
        {
            "time": "11.07.2021 13:49",
            "open": "2.7066",
            "high": "2.7066",
            "low": "2.7066",
            "close": "2.7066"
        },
        {
            "time": "11.07.2021 13:50",
            "open": "2.7066",
            "high": "2.7066",
            "low": "2.7066",
            "close": "2.7124"
        },
        {
            "time": "11.07.2021 13:56",
            "open": "2.7124",
            "high": "2.7124",
            "low": "2.7124",
            "close": "2.7124"
        },
        {
            "time": "11.07.2021 14:08",
            "open": "2.7124",
            "high": "2.7124",
            "low": "2.7124",
            "close": "2.7044"
        },
        {
            "time": "11.07.2021 14:21",
            "open": "2.7044",
            "high": "2.7044",
            "low": "2.7044",
            "close": "2.7295"
        },
        {
            "time": "11.07.2021 15:59",
            "open": "2.7295",
            "high": "2.7339",
            "low": "2.7295",
            "close": "2.7368"
        },
        {
            "time": "11.07.2021 16:00",
            "open": "2.7368",
            "high": "2.7412",
            "low": "2.7368",
            "close": "2.7347"
        },
        {
            "time": "11.07.2021 16:01",
            "open": "2.7347",
            "high": "2.7347",
            "low": "2.7347",
            "close": "2.7283"
        },
        {
            "time": "11.07.2021 16:02",
            "open": "2.7283",
            "high": "2.7283",
            "low": "2.7283",
            "close": "2.7283"
        },
        {
            "time": "11.07.2021 16:06",
            "open": "2.7283",
            "high": "2.7283",
            "low": "2.7283",
            "close": "2.7209"
        },
        {
            "time": "11.07.2021 16:37",
            "open": "2.7209",
            "high": "2.7209",
            "low": "2.7209",
            "close": "2.7366"
        },
        {
            "time": "11.07.2021 17:01",
            "open": "2.7366",
            "high": "2.7366",
            "low": "2.7366",
            "close": "2.7337"
        },
        {
            "time": "11.07.2021 17:03",
            "open": "2.7337",
            "high": "2.7337",
            "low": "2.7337",
            "close": "2.7271"
        },
        {
            "time": "11.07.2021 17:38",
            "open": "2.7271",
            "high": "2.7271",
            "low": "2.7271",
            "close": "2.7321"
        },
        {
            "time": "11.07.2021 18:02",
            "open": "2.7321",
            "high": "2.7321",
            "low": "2.7321",
            "close": "2.7258"
        },
        {
            "time": "11.07.2021 18:16",
            "open": "2.7258",
            "high": "2.7258",
            "low": "2.7258",
            "close": "2.7171"
        },
        {
            "time": "11.07.2021 18:18",
            "open": "2.7171",
            "high": "2.7171",
            "low": "2.7171",
            "close": "2.728"
        },
        {
            "time": "11.07.2021 18:26",
            "open": "2.728",
            "high": "2.728",
            "low": "2.728",
            "close": "2.7358"
        },
        {
            "time": "11.07.2021 18:27",
            "open": "2.7358",
            "high": "2.7381",
            "low": "2.7358",
            "close": "2.7335"
        },
        {
            "time": "11.07.2021 19:05",
            "open": "2.7335",
            "high": "2.7335",
            "low": "2.7335",
            "close": "2.7337"
        },
        {
            "time": "11.07.2021 19:07",
            "open": "2.7337",
            "high": "2.7337",
            "low": "2.7337",
            "close": "2.7306"
        },
        {
            "time": "11.07.2021 19:45",
            "open": "2.7306",
            "high": "2.7306",
            "low": "2.7306",
            "close": "2.7222"
        },
        {
            "time": "11.07.2021 20:58",
            "open": "2.7222",
            "high": "2.7222",
            "low": "2.7222",
            "close": "2.7229"
        },
        {
            "time": "11.07.2021 21:03",
            "open": "2.7229",
            "high": "2.7229",
            "low": "2.7229",
            "close": "2.7205"
        },
        {
            "time": "11.07.2021 21:27",
            "open": "2.7205",
            "high": "2.7205",
            "low": "2.7205",
            "close": "2.7197"
        },
        {
            "time": "11.07.2021 22:34",
            "open": "2.7197",
            "high": "2.7197",
            "low": "2.7197",
            "close": "2.7102"
        },
        {
            "time": "11.07.2021 23:02",
            "open": "2.7102",
            "high": "2.7102",
            "low": "2.7102",
            "close": "2.7526"
        },
        {
            "time": "11.07.2021 23:35",
            "open": "2.7526",
            "high": "2.7563",
            "low": "2.7526",
            "close": "2.7645"
        },
        {
            "time": "11.07.2021 23:43",
            "open": "2.7645",
            "high": "2.7645",
            "low": "2.7645",
            "close": "2.7608"
        },
        {
            "time": "11.07.2021 23:45",
            "open": "2.7608",
            "high": "2.7608",
            "low": "2.7608",
            "close": "2.7625"
        }
    ]
}