{
    "BNT-EUR": [
        {
            "time": "08.07.2021 23:57",
            "open": "2.6906",
            "high": "2.6906",
            "low": "2.6906",
            "close": "2.6863"
        },
        {
            "time": "09.07.2021 00:02",
            "open": "2.6863",
            "high": "2.6864",
            "low": "2.6863",
            "close": "2.6731"
        },
        {
            "time": "09.07.2021 00:29",
            "open": "2.6731",
            "high": "2.6731",
            "low": "2.6651",
            "close": "2.6645"
        },
        {
            "time": "09.07.2021 00:41",
            "open": "2.6645",
            "high": "2.6645",
            "low": "2.6645",
            "close": "2.6662"
        },
        {
            "time": "09.07.2021 00:42",
            "open": "2.6662",
            "high": "2.7127",
            "low": "2.6547",
            "close": "2.6683"
        },
        {
            "time": "09.07.2021 00:43",
            "open": "2.6683",
            "high": "2.6683",
            "low": "2.6627",
            "close": "2.6619"
        },
        {
            "time": "09.07.2021 02:13",
            "open": "2.6619",
            "high": "2.6619",
            "low": "2.6619",
            "close": "2.6376"
        },
        {
            "time": "09.07.2021 02:41",
            "open": "2.6376",
            "high": "2.6376",
            "low": "2.6301",
            "close": "2.6283"
        },
        {
            "time": "09.07.2021 02:49",
            "open": "2.6283",
            "high": "2.6283",
            "low": "2.6283",
            "close": "2.6256"
        },
        {
            "time": "09.07.2021 02:56",
            "open": "2.6256",
            "high": "2.6256",
            "low": "2.6256",
            "close": "2.6311"
        },
        {
            "time": "09.07.2021 03:04",
            "open": "2.6311",
            "high": "2.6311",
            "low": "2.6311",
            "close": "2.6303"
        },
        {
            "time": "09.07.2021 03:05",
            "open": "2.6303",
            "high": "2.6303",
            "low": "2.6303",
            "close": "2.6283"
        },
        {
            "time": "09.07.2021 03:07",
            "open": "2.6283",
            "high": "2.6283",
            "low": "2.6283",
            "close": "2.6213"
        },
        {
            "time": "09.07.2021 03:20",
            "open": "2.6213",
            "high": "2.6213",
            "low": "2.6213",
            "close": "2.6332"
        },
        {
            "time": "09.07.2021 03:26",
            "open": "2.6332",
            "high": "2.6332",
            "low": "2.6332",
            "close": "2.6412"
        },
        {
            "time": "09.07.2021 03:30",
            "open": "2.6412",
            "high": "2.6415",
            "low": "2.6412",
            "close": "2.6428"
        },
        {
            "time": "09.07.2021 03:34",
            "open": "2.6428",
            "high": "2.6428",
            "low": "2.6428",
            "close": "2.6416"
        },
        {
            "time": "09.07.2021 04:07",
            "open": "2.6416",
            "high": "2.6416",
            "low": "2.6416",
            "close": "2.6479"
        },
        {
            "time": "09.07.2021 04:19",
            "open": "2.6479",
            "high": "2.6479",
            "low": "2.6478",
            "close": "2.6472"
        },
        {
            "time": "09.07.2021 04:22",
            "open": "2.6472",
            "high": "2.648",
            "low": "2.6472",
            "close": "2.668"
        },
        {
            "time": "09.07.2021 04:27",
            "open": "2.668",
            "high": "2.6689",
            "low": "2.668",
            "close": "2.6587"
        },
        {
            "time": "09.07.2021 04:43",
            "open": "2.6587",
            "high": "2.6587",
            "low": "2.6587",
            "close": "2.6685"
        },
        {
            "time": "09.07.2021 04:50",
            "open": "2.6685",
            "high": "2.6685",
            "low": "2.6682",
            "close": "2.6742"
        },
        {
            "time": "09.07.2021 05:01",
            "open": "2.6742",
            "high": "2.6742",
            "low": "2.6735",
            "close": "2.6743"
        },
        {
            "time": "09.07.2021 05:02",
            "open": "2.6743",
            "high": "2.6763",
            "low": "2.6712",
            "close": "2.6912"
        },
        {
            "time": "09.07.2021 05:23",
            "open": "2.6912",
            "high": "2.6912",
            "low": "2.6912",
            "close": "2.6884"
        },
        {
            "time": "09.07.2021 05:56",
            "open": "2.6884",
            "high": "2.6884",
            "low": "2.6884",
            "close": "2.6848"
        },
        {
            "time": "09.07.2021 06:01",
            "open": "2.6848",
            "high": "2.6848",
            "low": "2.6848",
            "close": "2.71"
        },
        {
            "time": "09.07.2021 06:08",
            "open": "2.71",
            "high": "2.71",
            "low": "2.71",
            "close": "2.7209"
        },
        {
            "time": "09.07.2021 07:16",
            "open": "2.7209",
            "high": "2.7209",
            "low": "2.7205",
            "close": "2.7304"
        },
        {
            "time": "09.07.2021 07:18",
            "open": "2.7304",
            "high": "2.7304",
            "low": "2.7265",
            "close": "2.7129"
        },
        {
            "time": "09.07.2021 07:31",
            "open": "2.7129",
            "high": "2.7129",
            "low": "2.7129",
            "close": "2.7114"
        },
        {
            "time": "09.07.2021 07:32",
            "open": "2.7114",
            "high": "2.7114",
            "low": "2.7114",
            "close": "2.7034"
        },
        {
            "time": "09.07.2021 08:01",
            "open": "2.7034",
            "high": "2.7034",
            "low": "2.7032",
            "close": "2.6915"
        },
        {
            "time": "09.07.2021 09:32",
            "open": "2.6915",
            "high": "2.6915",
            "low": "2.6915",
            "close": "2.6908"
        },
        {
            "time": "09.07.2021 09:41",
            "open": "2.6908",
            "high": "2.6908",
            "low": "2.6908",
            "close": "2.6631"
        },
        {
            "time": "09.07.2021 10:30",
            "open": "2.6631",
            "high": "2.6643",
            "low": "2.6631",
            "close": "2.6534"
        },
        {
            "time": "09.07.2021 10:46",
            "open": "2.6534",
            "high": "2.6534",
            "low": "2.6534",
            "close": "2.6623"
        },
        {
            "time": "09.07.2021 10:55",
            "open": "2.6623",
            "high": "2.6623",
            "low": "2.6623",
            "close": "2.6564"
        },
        {
            "time": "09.07.2021 11:04",
            "open": "2.6564",
            "high": "2.6564",
            "low": "2.6564",
            "close": "2.6885"
        },
        {
            "time": "09.07.2021 11:31",
            "open": "2.6885",
            "high": "2.6885",
            "low": "2.6885",
            "close": "2.6534"
        },
        {
            "time": "09.07.2021 12:11",
            "open": "2.6534",
            "high": "2.6574",
            "low": "2.6534",
            "close": "2.6567"
        },
        {
            "time": "09.07.2021 12:12",
            "open": "2.6567",
            "high": "2.6567",
            "low": "2.6567",
            "close": "2.6424"
        },
        {
            "time": "09.07.2021 13:06",
            "open": "2.6424",
            "high": "2.6424",
            "low": "2.6424",
            "close": "2.6387"
        },
        {
            "time": "09.07.2021 13:11",
            "open": "2.6387",
            "high": "2.639",
            "low": "2.6387",
            "close": "2.6458"
        },
        {
            "time": "09.07.2021 13:13",
            "open": "2.6458",
            "high": "2.6458",
            "low": "2.6458",
            "close": "2.6358"
        },
        {
            "time": "09.07.2021 13:33",
            "open": "2.6358",
            "high": "2.636",
            "low": "2.6358",
            "close": "2.6244"
        },
        {
            "time": "09.07.2021 14:08",
            "open": "2.6244",
            "high": "2.6244",
            "low": "2.6244",
            "close": "2.6244"
        },
        {
            "time": "09.07.2021 14:25",
            "open": "2.6244",
            "high": "2.6244",
            "low": "2.6244",
            "close": "2.6747"
        },
        {
            "time": "09.07.2021 15:01",
            "open": "2.6747",
            "high": "2.6747",
            "low": "2.6747",
            "close": "2.7012"
        },
        {
            "time": "09.07.2021 15:09",
            "open": "2.7012",
            "high": "2.7012",
            "low": "2.7012",
            "close": "2.6983"
        },
        {
            "time": "09.07.2021 15:11",
            "open": "2.6983",
            "high": "2.6983",
            "low": "2.6983",
            "close": "2.7046"
        },
        {
            "time": "09.07.2021 15:14",
            "open": "2.7046",
            "high": "2.707",
            "low": "2.7025",
            "close": "2.7106"
        },
        {
            "time": "09.07.2021 15:30",
            "open": "2.7106",
            "high": "2.7106",
            "low": "2.7105",
            "close": "2.7188"
        },
        {
            "time": "09.07.2021 15:31",
            "open": "2.7188",
            "high": "2.7188",
            "low": "2.7188",
            "close": "2.7122"
        },
        {
            "time": "09.07.2021 15:41",
            "open": "2.7122",
            "high": "2.7122",
            "low": "2.7122",
            "close": "2.7089"
        },
        {
            "time": "09.07.2021 15:46",
            "open": "2.7089",
            "high": "2.7089",
            "low": "2.7089",
            "close": "2.7079"
        },
        {
            "time": "09.07.2021 16:16",
            "open": "2.7079",
            "high": "2.7079",
            "low": "2.7079",
            "close": "2.7321"
        },
        {
            "time": "09.07.2021 16:20",
            "open": "2.7321",
            "high": "2.7399",
            "low": "2.7321",
            "close": "2.7359"
        },
        {
            "time": "09.07.2021 16:21",
            "open": "2.7359",
            "high": "2.7461",
            "low": "2.7359",
            "close": "2.7324"
        },
        {
            "time": "09.07.2021 16:35",
            "open": "2.7324",
            "high": "2.733",
            "low": "2.7324",
            "close": "2.7521"
        },
        {
            "time": "09.07.2021 16:47",
            "open": "2.7521",
            "high": "2.7567",
            "low": "2.7511",
            "close": "2.7528"
        },
        {
            "time": "09.07.2021 16:50",
            "open": "2.7528",
            "high": "2.7528",
            "low": "2.7528",
            "close": "2.7544"
        },
        {
            "time": "09.07.2021 16:51",
            "open": "2.7544",
            "high": "2.757",
            "low": "2.7544",
            "close": "2.7528"
        },
        {
            "time": "09.07.2021 16:55",
            "open": "2.7528",
            "high": "2.7528",
            "low": "2.7528",
            "close": "2.7408"
        },
        {
            "time": "09.07.2021 17:01",
            "open": "2.7408",
            "high": "2.7408",
            "low": "2.7408",
            "close": "2.7408"
        },
        {
            "time": "09.07.2021 17:02",
            "open": "2.7408",
            "high": "2.7408",
            "low": "2.7408",
            "close": "2.7359"
        },
        {
            "time": "09.07.2021 17:54",
            "open": "2.7359",
            "high": "2.7359",
            "low": "2.7359",
            "close": "2.7456"
        },
        {
            "time": "09.07.2021 18:02",
            "open": "2.7456",
            "high": "2.7456",
            "low": "2.7456",
            "close": "2.7283"
        },
        {
            "time": "09.07.2021 18:15",
            "open": "2.7283",
            "high": "2.7283",
            "low": "2.7283",
            "close": "2.7388"
        },
        {
            "time": "09.07.2021 18:31",
            "open": "2.7388",
            "high": "2.7388",
            "low": "2.7388",
            "close": "2.7272"
        },
        {
            "time": "09.07.2021 19:01",
            "open": "2.7272",
            "high": "2.7272",
            "low": "2.7272",
            "close": "2.7272"
        },
        {
            "time": "09.07.2021 19:02",
            "open": "2.7272",
            "high": "2.7272",
            "low": "2.7272",
            "close": "2.7233"
        },
        {
            "time": "09.07.2021 19:20",
            "open": "2.7233",
            "high": "2.7233",
            "low": "2.7233",
            "close": "2.7172"
        },
        {
            "time": "09.07.2021 19:36",
            "open": "2.7172",
            "high": "2.7172",
            "low": "2.7172",
            "close": "2.6984"
        },
        {
            "time": "09.07.2021 21:22",
            "open": "2.6984",
            "high": "2.6984",
            "low": "2.6972",
            "close": "2.697"
        },
        {
            "time": "09.07.2021 21:23",
            "open": "2.697",
            "high": "2.697",
            "low": "2.697",
            "close": "2.691"
        },
        {
            "time": "09.07.2021 21:43",
            "open": "2.691",
            "high": "2.691",
            "low": "2.691",
            "close": "2.6989"
        },
        {
            "time": "09.07.2021 22:01",
            "open": "2.6989",
            "high": "2.6989",
            "low": "2.6989",
            "close": "2.7335"
        },
        {
            "time": "09.07.2021 23:39",
            "open": "2.7335",
            "high": "2.7335",
            "low": "2.7335",
            "close": "2.7348"
        }
    ]
}