{
    "BNT-EUR": [
        {
            "time": "04.04.2021 23:57",
            "open": "6.45",
            "high": "6.45",
            "low": "6.45",
            "close": "6.442"
        },
        {
            "time": "05.04.2021 00:00",
            "open": "6.442",
            "high": "6.442",
            "low": "6.442",
            "close": "6.4376"
        },
        {
            "time": "05.04.2021 00:02",
            "open": "6.4376",
            "high": "6.4376",
            "low": "6.4375",
            "close": "6.4289"
        },
        {
            "time": "05.04.2021 00:04",
            "open": "6.4289",
            "high": "6.4289",
            "low": "6.4289",
            "close": "6.4165"
        },
        {
            "time": "05.04.2021 00:09",
            "open": "6.4165",
            "high": "6.4165",
            "low": "6.4165",
            "close": "6.439"
        },
        {
            "time": "05.04.2021 00:23",
            "open": "6.439",
            "high": "6.4392",
            "low": "6.4291",
            "close": "6.4554"
        },
        {
            "time": "05.04.2021 00:24",
            "open": "6.4554",
            "high": "6.4556",
            "low": "6.4554",
            "close": "6.4458"
        },
        {
            "time": "05.04.2021 00:28",
            "open": "6.4458",
            "high": "6.4458",
            "low": "6.4458",
            "close": "6.4419"
        },
        {
            "time": "05.04.2021 00:44",
            "open": "6.4419",
            "high": "6.4419",
            "low": "6.4419",
            "close": "6.439"
        },
        {
            "time": "05.04.2021 00:55",
            "open": "6.439",
            "high": "6.439",
            "low": "6.439",
            "close": "6.4549"
        },
        {
            "time": "05.04.2021 01:07",
            "open": "6.4549",
            "high": "6.4549",
            "low": "6.4549",
            "close": "6.459"
        },
        {
            "time": "05.04.2021 01:30",
            "open": "6.459",
            "high": "6.459",
            "low": "6.459",
            "close": "6.4661"
        },
        {
            "time": "05.04.2021 01:32",
            "open": "6.4661",
            "high": "6.4661",
            "low": "6.4661",
            "close": "6.4661"
        },
        {
            "time": "05.04.2021 01:36",
            "open": "6.4661",
            "high": "6.4661",
            "low": "6.4661",
            "close": "6.4662"
        },
        {
            "time": "05.04.2021 01:49",
            "open": "6.4662",
            "high": "6.4662",
            "low": "6.4661",
            "close": "6.455"
        },
        {
            "time": "05.04.2021 01:59",
            "open": "6.455",
            "high": "6.455",
            "low": "6.4541",
            "close": "6.4731"
        },
        {
            "time": "05.04.2021 02:06",
            "open": "6.4731",
            "high": "6.4731",
            "low": "6.4731",
            "close": "6.45"
        },
        {
            "time": "05.04.2021 02:13",
            "open": "6.45",
            "high": "6.45",
            "low": "6.4498",
            "close": "6.4307"
        },
        {
            "time": "05.04.2021 02:17",
            "open": "6.4307",
            "high": "6.4307",
            "low": "6.4307",
            "close": "6.4453"
        },
        {
            "time": "05.04.2021 02:23",
            "open": "6.4453",
            "high": "6.4453",
            "low": "6.4433",
            "close": "6.4117"
        },
        {
            "time": "05.04.2021 02:38",
            "open": "6.4117",
            "high": "6.4117",
            "low": "6.4112",
            "close": "6.3983"
        },
        {
            "time": "05.04.2021 02:43",
            "open": "6.3983",
            "high": "6.3983",
            "low": "6.3983",
            "close": "6.3864"
        },
        {
            "time": "05.04.2021 02:44",
            "open": "6.3864",
            "high": "6.3983",
            "low": "6.3864",
            "close": "6.3953"
        },
        {
            "time": "05.04.2021 02:53",
            "open": "6.3953",
            "high": "6.3953",
            "low": "6.3953",
            "close": "6.3789"
        },
        {
            "time": "05.04.2021 02:59",
            "open": "6.3789",
            "high": "6.3794",
            "low": "6.3789",
            "close": "6.3624"
        },
        {
            "time": "05.04.2021 03:00",
            "open": "6.3624",
            "high": "6.3624",
            "low": "6.3623",
            "close": "6.3639"
        },
        {
            "time": "05.04.2021 03:01",
            "open": "6.3639",
            "high": "6.364",
            "low": "6.3526",
            "close": "6.37"
        },
        {
            "time": "05.04.2021 03:04",
            "open": "6.37",
            "high": "6.37",
            "low": "6.37",
            "close": "6.3716"
        },
        {
            "time": "05.04.2021 03:14",
            "open": "6.3716",
            "high": "6.3716",
            "low": "6.3716",
            "close": "6.374"
        },
        {
            "time": "05.04.2021 03:16",
            "open": "6.374",
            "high": "6.374",
            "low": "6.374",
            "close": "6.3726"
        },
        {
            "time": "05.04.2021 03:17",
            "open": "6.3726",
            "high": "6.3922",
            "low": "6.3726",
            "close": "6.3813"
        },
        {
            "time": "05.04.2021 03:22",
            "open": "6.3813",
            "high": "6.3813",
            "low": "6.3813",
            "close": "6.3941"
        },
        {
            "time": "05.04.2021 03:28",
            "open": "6.3941",
            "high": "6.3941",
            "low": "6.3941",
            "close": "6.4066"
        },
        {
            "time": "05.04.2021 03:45",
            "open": "6.4066",
            "high": "6.4066",
            "low": "6.4066",
            "close": "6.35"
        },
        {
            "time": "05.04.2021 04:02",
            "open": "6.35",
            "high": "6.35",
            "low": "6.35",
            "close": "6.3663"
        },
        {
            "time": "05.04.2021 04:17",
            "open": "6.3663",
            "high": "6.3663",
            "low": "6.3663",
            "close": "6.3298"
        },
        {
            "time": "05.04.2021 04:22",
            "open": "6.3298",
            "high": "6.3437",
            "low": "6.3298",
            "close": "6.3437"
        },
        {
            "time": "05.04.2021 04:29",
            "open": "6.3437",
            "high": "6.3437",
            "low": "6.3437",
            "close": "6.3746"
        },
        {
            "time": "05.04.2021 04:42",
            "open": "6.3746",
            "high": "6.3746",
            "low": "6.3746",
            "close": "6.379"
        },
        {
            "time": "05.04.2021 04:45",
            "open": "6.379",
            "high": "6.379",
            "low": "6.379",
            "close": "6.3863"
        },
        {
            "time": "05.04.2021 04:47",
            "open": "6.3863",
            "high": "6.3863",
            "low": "6.3863",
            "close": "6.3614"
        },
        {
            "time": "05.04.2021 05:00",
            "open": "6.3614",
            "high": "6.3614",
            "low": "6.351",
            "close": "6.3442"
        },
        {
            "time": "05.04.2021 05:03",
            "open": "6.3442",
            "high": "6.345",
            "low": "6.3442",
            "close": "6.3699"
        },
        {
            "time": "05.04.2021 05:11",
            "open": "6.3699",
            "high": "6.3699",
            "low": "6.3458",
            "close": "6.3585"
        },
        {
            "time": "05.04.2021 05:18",
            "open": "6.3585",
            "high": "6.3585",
            "low": "6.3585",
            "close": "6.3581"
        },
        {
            "time": "05.04.2021 05:29",
            "open": "6.3581",
            "high": "6.3581",
            "low": "6.3581",
            "close": "6.3552"
        },
        {
            "time": "05.04.2021 05:32",
            "open": "6.3552",
            "high": "6.3552",
            "low": "6.3552",
            "close": "6.3361"
        },
        {
            "time": "05.04.2021 05:48",
            "open": "6.3361",
            "high": "6.3361",
            "low": "6.3347",
            "close": "6.3374"
        },
        {
            "time": "05.04.2021 05:53",
            "open": "6.3374",
            "high": "6.3374",
            "low": "6.3373",
            "close": "6.3318"
        },
        {
            "time": "05.04.2021 06:03",
            "open": "6.3318",
            "high": "6.3334",
            "low": "6.3318",
            "close": "6.3291"
        },
        {
            "time": "05.04.2021 06:15",
            "open": "6.3291",
            "high": "6.3291",
            "low": "6.3291",
            "close": "6.3146"
        },
        {
            "time": "05.04.2021 06:17",
            "open": "6.3146",
            "high": "6.3146",
            "low": "6.3102",
            "close": "6.3185"
        },
        {
            "time": "05.04.2021 06:18",
            "open": "6.3185",
            "high": "6.3185",
            "low": "6.3185",
            "close": "6.3351"
        },
        {
            "time": "05.04.2021 06:34",
            "open": "6.3351",
            "high": "6.3351",
            "low": "6.3351",
            "close": "6.3096"
        },
        {
            "time": "05.04.2021 06:58",
            "open": "6.3096",
            "high": "6.3096",
            "low": "6.3096",
            "close": "6.3"
        },
        {
            "time": "05.04.2021 07:00",
            "open": "6.3",
            "high": "6.3",
            "low": "6.2973",
            "close": "6.2899"
        },
        {
            "time": "05.04.2021 07:01",
            "open": "6.2899",
            "high": "6.29",
            "low": "6.2899",
            "close": "6.3189"
        },
        {
            "time": "05.04.2021 07:05",
            "open": "6.3189",
            "high": "6.3189",
            "low": "6.3189",
            "close": "6.3126"
        },
        {
            "time": "05.04.2021 07:11",
            "open": "6.3126",
            "high": "6.3126",
            "low": "6.3126",
            "close": "6.2999"
        },
        {
            "time": "05.04.2021 07:18",
            "open": "6.2999",
            "high": "6.2999",
            "low": "6.2954",
            "close": "6.2922"
        },
        {
            "time": "05.04.2021 07:20",
            "open": "6.2922",
            "high": "6.2922",
            "low": "6.2922",
            "close": "6.2837"
        },
        {
            "time": "05.04.2021 07:22",
            "open": "6.2837",
            "high": "6.2837",
            "low": "6.2837",
            "close": "6.2882"
        },
        {
            "time": "05.04.2021 07:25",
            "open": "6.2882",
            "high": "6.2882",
            "low": "6.2882",
            "close": "6.2963"
        },
        {
            "time": "05.04.2021 07:31",
            "open": "6.2963",
            "high": "6.2963",
            "low": "6.2963",
            "close": "6.3113"
        },
        {
            "time": "05.04.2021 07:34",
            "open": "6.3113",
            "high": "6.3119",
            "low": "6.3113",
            "close": "6.315"
        },
        {
            "time": "05.04.2021 07:38",
            "open": "6.315",
            "high": "6.315",
            "low": "6.315",
            "close": "6.3089"
        },
        {
            "time": "05.04.2021 07:40",
            "open": "6.3089",
            "high": "6.3224",
            "low": "6.3089",
            "close": "6.31"
        },
        {
            "time": "05.04.2021 07:42",
            "open": "6.31",
            "high": "6.31",
            "low": "6.31",
            "close": "6.3076"
        },
        {
            "time": "05.04.2021 07:47",
            "open": "6.3076",
            "high": "6.3076",
            "low": "6.3076",
            "close": "6.2963"
        },
        {
            "time": "05.04.2021 07:49",
            "open": "6.2963",
            "high": "6.2963",
            "low": "6.2963",
            "close": "6.2813"
        },
        {
            "time": "05.04.2021 07:55",
            "open": "6.2813",
            "high": "6.2846",
            "low": "6.2813",
            "close": "6.2653"
        },
        {
            "time": "05.04.2021 07:58",
            "open": "6.2653",
            "high": "6.2653",
            "low": "6.2602",
            "close": "6.2446"
        },
        {
            "time": "05.04.2021 07:59",
            "open": "6.2446",
            "high": "6.2446",
            "low": "6.2446",
            "close": "6.2546"
        },
        {
            "time": "05.04.2021 08:01",
            "open": "6.2546",
            "high": "6.2546",
            "low": "6.2546",
            "close": "6.243"
        },
        {
            "time": "05.04.2021 08:21",
            "open": "6.243",
            "high": "6.243",
            "low": "6.243",
            "close": "6.243"
        },
        {
            "time": "05.04.2021 08:23",
            "open": "6.243",
            "high": "6.243",
            "low": "6.233",
            "close": "6.2324"
        },
        {
            "time": "05.04.2021 08:24",
            "open": "6.2324",
            "high": "6.2324",
            "low": "6.2324",
            "close": "6.2391"
        },
        {
            "time": "05.04.2021 08:25",
            "open": "6.2391",
            "high": "6.24",
            "low": "6.2391",
            "close": "6.2655"
        },
        {
            "time": "05.04.2021 08:27",
            "open": "6.2655",
            "high": "6.2655",
            "low": "6.2655",
            "close": "6.259"
        },
        {
            "time": "05.04.2021 08:28",
            "open": "6.259",
            "high": "6.259",
            "low": "6.259",
            "close": "6.2712"
        },
        {
            "time": "05.04.2021 08:40",
            "open": "6.2712",
            "high": "6.2715",
            "low": "6.2712",
            "close": "6.2793"
        },
        {
            "time": "05.04.2021 08:42",
            "open": "6.2793",
            "high": "6.2793",
            "low": "6.2793",
            "close": "6.2834"
        },
        {
            "time": "05.04.2021 08:44",
            "open": "6.2834",
            "high": "6.2834",
            "low": "6.2834",
            "close": "6.2681"
        },
        {
            "time": "05.04.2021 08:46",
            "open": "6.2681",
            "high": "6.2681",
            "low": "6.2681",
            "close": "6.2776"
        },
        {
            "time": "05.04.2021 08:55",
            "open": "6.2776",
            "high": "6.2776",
            "low": "6.2776",
            "close": "6.2696"
        },
        {
            "time": "05.04.2021 08:57",
            "open": "6.2696",
            "high": "6.2696",
            "low": "6.2696",
            "close": "6.2821"
        },
        {
            "time": "05.04.2021 09:07",
            "open": "6.2821",
            "high": "6.2821",
            "low": "6.2821",
            "close": "6.2911"
        },
        {
            "time": "05.04.2021 09:09",
            "open": "6.2911",
            "high": "6.2911",
            "low": "6.2911",
            "close": "6.2758"
        },
        {
            "time": "05.04.2021 09:18",
            "open": "6.2758",
            "high": "6.2758",
            "low": "6.2758",
            "close": "6.276"
        },
        {
            "time": "05.04.2021 09:28",
            "open": "6.276",
            "high": "6.2761",
            "low": "6.276",
            "close": "6.276"
        },
        {
            "time": "05.04.2021 09:35",
            "open": "6.276",
            "high": "6.276",
            "low": "6.276",
            "close": "6.272"
        },
        {
            "time": "05.04.2021 09:40",
            "open": "6.272",
            "high": "6.272",
            "low": "6.272",
            "close": "6.2715"
        },
        {
            "time": "05.04.2021 09:42",
            "open": "6.2715",
            "high": "6.2715",
            "low": "6.2715",
            "close": "6.2884"
        },
        {
            "time": "05.04.2021 09:47",
            "open": "6.2884",
            "high": "6.2884",
            "low": "6.2884",
            "close": "6.2868"
        },
        {
            "time": "05.04.2021 09:57",
            "open": "6.2868",
            "high": "6.3391",
            "low": "6.2868",
            "close": "6.3683"
        },
        {
            "time": "05.04.2021 09:58",
            "open": "6.3683",
            "high": "6.3683",
            "low": "6.3331",
            "close": "6.3185"
        },
        {
            "time": "05.04.2021 09:59",
            "open": "6.3185",
            "high": "6.3185",
            "low": "6.3185",
            "close": "6.3263"
        },
        {
            "time": "05.04.2021 10:00",
            "open": "6.3263",
            "high": "6.3263",
            "low": "6.3263",
            "close": "6.3352"
        },
        {
            "time": "05.04.2021 10:04",
            "open": "6.3352",
            "high": "6.3352",
            "low": "6.3352",
            "close": "6.3073"
        },
        {
            "time": "05.04.2021 10:05",
            "open": "6.3073",
            "high": "6.3073",
            "low": "6.3073",
            "close": "6.2886"
        },
        {
            "time": "05.04.2021 10:12",
            "open": "6.2886",
            "high": "6.2886",
            "low": "6.2886",
            "close": "6.2946"
        },
        {
            "time": "05.04.2021 10:15",
            "open": "6.2946",
            "high": "6.2946",
            "low": "6.2946",
            "close": "6.2649"
        },
        {
            "time": "05.04.2021 10:17",
            "open": "6.2649",
            "high": "6.2655",
            "low": "6.2649",
            "close": "6.2961"
        },
        {
            "time": "05.04.2021 10:20",
            "open": "6.2961",
            "high": "6.2962",
            "low": "6.2961",
            "close": "6.2608"
        },
        {
            "time": "05.04.2021 10:28",
            "open": "6.2608",
            "high": "6.2608",
            "low": "6.2608",
            "close": "6.2553"
        },
        {
            "time": "05.04.2021 10:29",
            "open": "6.2553",
            "high": "6.2553",
            "low": "6.2503",
            "close": "6.2746"
        },
        {
            "time": "05.04.2021 10:32",
            "open": "6.2746",
            "high": "6.2746",
            "low": "6.2746",
            "close": "6.2746"
        },
        {
            "time": "05.04.2021 10:42",
            "open": "6.2746",
            "high": "6.2746",
            "low": "6.2746",
            "close": "6.2891"
        },
        {
            "time": "05.04.2021 10:43",
            "open": "6.2891",
            "high": "6.2891",
            "low": "6.2891",
            "close": "6.2984"
        },
        {
            "time": "05.04.2021 10:48",
            "open": "6.2984",
            "high": "6.2984",
            "low": "6.2984",
            "close": "6.2984"
        },
        {
            "time": "05.04.2021 11:02",
            "open": "6.2984",
            "high": "6.2984",
            "low": "6.2984",
            "close": "6.3137"
        },
        {
            "time": "05.04.2021 11:06",
            "open": "6.3137",
            "high": "6.3138",
            "low": "6.3137",
            "close": "6.3098"
        },
        {
            "time": "05.04.2021 11:09",
            "open": "6.3098",
            "high": "6.3098",
            "low": "6.3098",
            "close": "6.3241"
        },
        {
            "time": "05.04.2021 11:10",
            "open": "6.3241",
            "high": "6.3244",
            "low": "6.3241",
            "close": "6.3262"
        },
        {
            "time": "05.04.2021 11:13",
            "open": "6.3262",
            "high": "6.3262",
            "low": "6.3262",
            "close": "6.3263"
        },
        {
            "time": "05.04.2021 11:19",
            "open": "6.3263",
            "high": "6.3263",
            "low": "6.3263",
            "close": "6.3264"
        },
        {
            "time": "05.04.2021 11:23",
            "open": "6.3264",
            "high": "6.3264",
            "low": "6.3264",
            "close": "6.3327"
        },
        {
            "time": "05.04.2021 11:25",
            "open": "6.3327",
            "high": "6.3327",
            "low": "6.3327",
            "close": "6.339"
        },
        {
            "time": "05.04.2021 11:26",
            "open": "6.339",
            "high": "6.339",
            "low": "6.339",
            "close": "6.3391"
        },
        {
            "time": "05.04.2021 11:31",
            "open": "6.3391",
            "high": "6.3391",
            "low": "6.3391",
            "close": "6.3368"
        },
        {
            "time": "05.04.2021 11:36",
            "open": "6.3368",
            "high": "6.3368",
            "low": "6.3368",
            "close": "6.3516"
        },
        {
            "time": "05.04.2021 11:40",
            "open": "6.3516",
            "high": "6.3516",
            "low": "6.3516",
            "close": "6.3643"
        },
        {
            "time": "05.04.2021 11:49",
            "open": "6.3643",
            "high": "6.366",
            "low": "6.3643",
            "close": "6.3746"
        },
        {
            "time": "05.04.2021 11:58",
            "open": "6.3746",
            "high": "6.3768",
            "low": "6.3746",
            "close": "6.366"
        },
        {
            "time": "05.04.2021 12:03",
            "open": "6.366",
            "high": "6.366",
            "low": "6.366",
            "close": "6.366"
        },
        {
            "time": "05.04.2021 12:13",
            "open": "6.366",
            "high": "6.366",
            "low": "6.366",
            "close": "6.3673"
        },
        {
            "time": "05.04.2021 12:17",
            "open": "6.3673",
            "high": "6.3673",
            "low": "6.3673",
            "close": "6.3673"
        },
        {
            "time": "05.04.2021 12:22",
            "open": "6.3673",
            "high": "6.3673",
            "low": "6.3551",
            "close": "6.3576"
        },
        {
            "time": "05.04.2021 12:24",
            "open": "6.3576",
            "high": "6.3642",
            "low": "6.3504",
            "close": "6.3673"
        },
        {
            "time": "05.04.2021 12:26",
            "open": "6.3673",
            "high": "6.3673",
            "low": "6.3673",
            "close": "6.3537"
        },
        {
            "time": "05.04.2021 12:28",
            "open": "6.3537",
            "high": "6.3537",
            "low": "6.3536",
            "close": "6.3751"
        },
        {
            "time": "05.04.2021 12:31",
            "open": "6.3751",
            "high": "6.3818",
            "low": "6.3751",
            "close": "6.3606"
        },
        {
            "time": "05.04.2021 12:32",
            "open": "6.3606",
            "high": "6.3606",
            "low": "6.3606",
            "close": "6.3599"
        },
        {
            "time": "05.04.2021 12:37",
            "open": "6.3599",
            "high": "6.3599",
            "low": "6.3599",
            "close": "6.3707"
        },
        {
            "time": "05.04.2021 12:41",
            "open": "6.3707",
            "high": "6.3707",
            "low": "6.3707",
            "close": "6.3819"
        },
        {
            "time": "05.04.2021 12:43",
            "open": "6.3819",
            "high": "6.3819",
            "low": "6.3819",
            "close": "6.3618"
        },
        {
            "time": "05.04.2021 12:45",
            "open": "6.3618",
            "high": "6.3618",
            "low": "6.3615",
            "close": "6.3807"
        },
        {
            "time": "05.04.2021 12:48",
            "open": "6.3807",
            "high": "6.3807",
            "low": "6.3807",
            "close": "6.3712"
        },
        {
            "time": "05.04.2021 12:49",
            "open": "6.3712",
            "high": "6.3712",
            "low": "6.358",
            "close": "6.3802"
        },
        {
            "time": "05.04.2021 12:52",
            "open": "6.3802",
            "high": "6.3802",
            "low": "6.3802",
            "close": "6.3809"
        },
        {
            "time": "05.04.2021 12:53",
            "open": "6.3809",
            "high": "6.382",
            "low": "6.3809",
            "close": "6.3896"
        },
        {
            "time": "05.04.2021 12:54",
            "open": "6.3896",
            "high": "6.3896",
            "low": "6.3896",
            "close": "6.403"
        },
        {
            "time": "05.04.2021 13:05",
            "open": "6.403",
            "high": "6.4131",
            "low": "6.403",
            "close": "6.4099"
        },
        {
            "time": "05.04.2021 13:07",
            "open": "6.4099",
            "high": "6.4111",
            "low": "6.4099",
            "close": "6.4099"
        },
        {
            "time": "05.04.2021 13:08",
            "open": "6.4099",
            "high": "6.4099",
            "low": "6.3946",
            "close": "6.3946"
        },
        {
            "time": "05.04.2021 13:09",
            "open": "6.3946",
            "high": "6.3946",
            "low": "6.3946",
            "close": "6.3967"
        },
        {
            "time": "05.04.2021 13:11",
            "open": "6.3967",
            "high": "6.3967",
            "low": "6.3967",
            "close": "6.4181"
        },
        {
            "time": "05.04.2021 13:17",
            "open": "6.4181",
            "high": "6.4252",
            "low": "6.4181",
            "close": "6.4262"
        },
        {
            "time": "05.04.2021 13:19",
            "open": "6.4262",
            "high": "6.4262",
            "low": "6.426",
            "close": "6.4135"
        },
        {
            "time": "05.04.2021 13:24",
            "open": "6.4135",
            "high": "6.4135",
            "low": "6.4135",
            "close": "6.4136"
        },
        {
            "time": "05.04.2021 13:28",
            "open": "6.4136",
            "high": "6.4136",
            "low": "6.4136",
            "close": "6.4302"
        },
        {
            "time": "05.04.2021 13:32",
            "open": "6.4302",
            "high": "6.4332",
            "low": "6.4302",
            "close": "6.4183"
        },
        {
            "time": "05.04.2021 13:34",
            "open": "6.4183",
            "high": "6.4183",
            "low": "6.4183",
            "close": "6.4175"
        },
        {
            "time": "05.04.2021 13:42",
            "open": "6.4175",
            "high": "6.4175",
            "low": "6.4175",
            "close": "6.4354"
        },
        {
            "time": "05.04.2021 13:47",
            "open": "6.4354",
            "high": "6.4354",
            "low": "6.4354",
            "close": "6.4354"
        },
        {
            "time": "05.04.2021 14:00",
            "open": "6.4354",
            "high": "6.4354",
            "low": "6.4354",
            "close": "6.4454"
        },
        {
            "time": "05.04.2021 14:08",
            "open": "6.4454",
            "high": "6.4454",
            "low": "6.4454",
            "close": "6.4532"
        },
        {
            "time": "05.04.2021 14:13",
            "open": "6.4532",
            "high": "6.4532",
            "low": "6.4443",
            "close": "6.4569"
        },
        {
            "time": "05.04.2021 14:17",
            "open": "6.4569",
            "high": "6.4569",
            "low": "6.4528",
            "close": "6.4569"
        },
        {
            "time": "05.04.2021 14:22",
            "open": "6.4569",
            "high": "6.4569",
            "low": "6.4568",
            "close": "6.4522"
        },
        {
            "time": "05.04.2021 14:23",
            "open": "6.4522",
            "high": "6.4522",
            "low": "6.4522",
            "close": "6.4247"
        },
        {
            "time": "05.04.2021 14:26",
            "open": "6.4247",
            "high": "6.4247",
            "low": "6.4194",
            "close": "6.4392"
        },
        {
            "time": "05.04.2021 14:27",
            "open": "6.4392",
            "high": "6.4392",
            "low": "6.4392",
            "close": "6.4349"
        },
        {
            "time": "05.04.2021 14:30",
            "open": "6.4349",
            "high": "6.4391",
            "low": "6.4349",
            "close": "6.4391"
        },
        {
            "time": "05.04.2021 14:31",
            "open": "6.4391",
            "high": "6.4391",
            "low": "6.4391",
            "close": "6.4027"
        },
        {
            "time": "05.04.2021 14:38",
            "open": "6.4027",
            "high": "6.4027",
            "low": "6.4026",
            "close": "6.4037"
        },
        {
            "time": "05.04.2021 14:39",
            "open": "6.4037",
            "high": "6.4037",
            "low": "6.4037",
            "close": "6.416"
        },
        {
            "time": "05.04.2021 14:44",
            "open": "6.416",
            "high": "6.416",
            "low": "6.416",
            "close": "6.4125"
        },
        {
            "time": "05.04.2021 14:46",
            "open": "6.4125",
            "high": "6.4126",
            "low": "6.4125",
            "close": "6.4139"
        },
        {
            "time": "05.04.2021 15:19",
            "open": "6.4139",
            "high": "6.4139",
            "low": "6.4138",
            "close": "6.4036"
        },
        {
            "time": "05.04.2021 15:22",
            "open": "6.4036",
            "high": "6.4036",
            "low": "6.4035",
            "close": "6.428"
        },
        {
            "time": "05.04.2021 15:37",
            "open": "6.428",
            "high": "6.428",
            "low": "6.428",
            "close": "6.4424"
        },
        {
            "time": "05.04.2021 15:41",
            "open": "6.4424",
            "high": "6.4424",
            "low": "6.4424",
            "close": "6.4436"
        },
        {
            "time": "05.04.2021 15:42",
            "open": "6.4436",
            "high": "6.444",
            "low": "6.4436",
            "close": "6.4367"
        },
        {
            "time": "05.04.2021 15:44",
            "open": "6.4367",
            "high": "6.4367",
            "low": "6.4367",
            "close": "6.4423"
        },
        {
            "time": "05.04.2021 15:47",
            "open": "6.4423",
            "high": "6.4423",
            "low": "6.4423",
            "close": "6.4571"
        },
        {
            "time": "05.04.2021 15:59",
            "open": "6.4571",
            "high": "6.4571",
            "low": "6.4571",
            "close": "6.4615"
        },
        {
            "time": "05.04.2021 16:01",
            "open": "6.4615",
            "high": "6.4615",
            "low": "6.4578",
            "close": "6.4687"
        },
        {
            "time": "05.04.2021 16:02",
            "open": "6.4687",
            "high": "6.4687",
            "low": "6.4672",
            "close": "6.4671"
        },
        {
            "time": "05.04.2021 16:03",
            "open": "6.4671",
            "high": "6.4671",
            "low": "6.4671",
            "close": "6.4664"
        },
        {
            "time": "05.04.2021 16:08",
            "open": "6.4664",
            "high": "6.4664",
            "low": "6.4664",
            "close": "6.4554"
        },
        {
            "time": "05.04.2021 16:11",
            "open": "6.4554",
            "high": "6.4555",
            "low": "6.4479",
            "close": "6.4541"
        },
        {
            "time": "05.04.2021 16:12",
            "open": "6.4541",
            "high": "6.4541",
            "low": "6.4446",
            "close": "6.4575"
        },
        {
            "time": "05.04.2021 16:15",
            "open": "6.4575",
            "high": "6.4575",
            "low": "6.4575",
            "close": "6.4697"
        },
        {
            "time": "05.04.2021 16:17",
            "open": "6.4697",
            "high": "6.4697",
            "low": "6.4697",
            "close": "6.4697"
        },
        {
            "time": "05.04.2021 16:18",
            "open": "6.4697",
            "high": "6.4697",
            "low": "6.4697",
            "close": "6.4641"
        },
        {
            "time": "05.04.2021 16:20",
            "open": "6.4641",
            "high": "6.4641",
            "low": "6.4641",
            "close": "6.4797"
        },
        {
            "time": "05.04.2021 16:25",
            "open": "6.4797",
            "high": "6.4797",
            "low": "6.4794",
            "close": "6.4817"
        },
        {
            "time": "05.04.2021 16:26",
            "open": "6.4817",
            "high": "6.5",
            "low": "6.4817",
            "close": "6.5088"
        },
        {
            "time": "05.04.2021 16:28",
            "open": "6.5088",
            "high": "6.5088",
            "low": "6.5088",
            "close": "6.51"
        },
        {
            "time": "05.04.2021 16:29",
            "open": "6.51",
            "high": "6.5181",
            "low": "6.51",
            "close": "6.5133"
        },
        {
            "time": "05.04.2021 16:31",
            "open": "6.5133",
            "high": "6.5133",
            "low": "6.5133",
            "close": "6.5166"
        },
        {
            "time": "05.04.2021 16:32",
            "open": "6.5166",
            "high": "6.5166",
            "low": "6.5166",
            "close": "6.4983"
        },
        {
            "time": "05.04.2021 16:33",
            "open": "6.4983",
            "high": "6.4983",
            "low": "6.4983",
            "close": "6.522"
        },
        {
            "time": "05.04.2021 16:37",
            "open": "6.522",
            "high": "6.5221",
            "low": "6.522",
            "close": "6.5309"
        },
        {
            "time": "05.04.2021 16:45",
            "open": "6.5309",
            "high": "6.5383",
            "low": "6.5309",
            "close": "6.5301"
        },
        {
            "time": "05.04.2021 16:48",
            "open": "6.5301",
            "high": "6.5301",
            "low": "6.5301",
            "close": "6.5161"
        },
        {
            "time": "05.04.2021 16:49",
            "open": "6.5161",
            "high": "6.5163",
            "low": "6.516",
            "close": "6.5117"
        },
        {
            "time": "05.04.2021 16:50",
            "open": "6.5117",
            "high": "6.5117",
            "low": "6.5099",
            "close": "6.5"
        },
        {
            "time": "05.04.2021 16:51",
            "open": "6.5",
            "high": "6.5",
            "low": "6.4894",
            "close": "6.5017"
        },
        {
            "time": "05.04.2021 16:54",
            "open": "6.5017",
            "high": "6.5017",
            "low": "6.5017",
            "close": "6.504"
        },
        {
            "time": "05.04.2021 16:55",
            "open": "6.504",
            "high": "6.504",
            "low": "6.504",
            "close": "6.5032"
        },
        {
            "time": "05.04.2021 16:59",
            "open": "6.5032",
            "high": "6.5032",
            "low": "6.5032",
            "close": "6.5058"
        },
        {
            "time": "05.04.2021 17:02",
            "open": "6.5058",
            "high": "6.5058",
            "low": "6.5058",
            "close": "6.5001"
        },
        {
            "time": "05.04.2021 17:04",
            "open": "6.5001",
            "high": "6.5001",
            "low": "6.5",
            "close": "6.5087"
        },
        {
            "time": "05.04.2021 17:05",
            "open": "6.5087",
            "high": "6.5087",
            "low": "6.5087",
            "close": "6.5"
        },
        {
            "time": "05.04.2021 17:06",
            "open": "6.5",
            "high": "6.5",
            "low": "6.4835",
            "close": "6.5018"
        },
        {
            "time": "05.04.2021 17:08",
            "open": "6.5018",
            "high": "6.5018",
            "low": "6.5018",
            "close": "6.4879"
        },
        {
            "time": "05.04.2021 17:09",
            "open": "6.4879",
            "high": "6.4879",
            "low": "6.4752",
            "close": "6.4895"
        },
        {
            "time": "05.04.2021 17:10",
            "open": "6.4895",
            "high": "6.4914",
            "low": "6.4868",
            "close": "6.4692"
        },
        {
            "time": "05.04.2021 17:11",
            "open": "6.4692",
            "high": "6.4692",
            "low": "6.4692",
            "close": "6.4928"
        },
        {
            "time": "05.04.2021 17:12",
            "open": "6.4928",
            "high": "6.4928",
            "low": "6.4875",
            "close": "6.4867"
        },
        {
            "time": "05.04.2021 17:14",
            "open": "6.4867",
            "high": "6.4867",
            "low": "6.4856",
            "close": "6.4909"
        },
        {
            "time": "05.04.2021 17:15",
            "open": "6.4909",
            "high": "6.4909",
            "low": "6.4878",
            "close": "6.4834"
        },
        {
            "time": "05.04.2021 17:16",
            "open": "6.4834",
            "high": "6.4892",
            "low": "6.4834",
            "close": "6.4934"
        },
        {
            "time": "05.04.2021 17:19",
            "open": "6.4934",
            "high": "6.4934",
            "low": "6.4817",
            "close": "6.4779"
        },
        {
            "time": "05.04.2021 17:21",
            "open": "6.4779",
            "high": "6.4901",
            "low": "6.4779",
            "close": "6.4856"
        },
        {
            "time": "05.04.2021 17:24",
            "open": "6.4856",
            "high": "6.4856",
            "low": "6.4856",
            "close": "6.4787"
        },
        {
            "time": "05.04.2021 17:25",
            "open": "6.4787",
            "high": "6.4787",
            "low": "6.4687",
            "close": "6.4708"
        },
        {
            "time": "05.04.2021 17:26",
            "open": "6.4708",
            "high": "6.4708",
            "low": "6.4708",
            "close": "6.4749"
        },
        {
            "time": "05.04.2021 17:31",
            "open": "6.4749",
            "high": "6.475",
            "low": "6.4749",
            "close": "6.475"
        },
        {
            "time": "05.04.2021 17:33",
            "open": "6.475",
            "high": "6.475",
            "low": "6.475",
            "close": "6.4695"
        },
        {
            "time": "05.04.2021 17:35",
            "open": "6.4695",
            "high": "6.4695",
            "low": "6.4695",
            "close": "6.4818"
        },
        {
            "time": "05.04.2021 17:38",
            "open": "6.4818",
            "high": "6.4818",
            "low": "6.4818",
            "close": "6.4699"
        },
        {
            "time": "05.04.2021 17:41",
            "open": "6.4699",
            "high": "6.4699",
            "low": "6.4695",
            "close": "6.4678"
        },
        {
            "time": "05.04.2021 17:42",
            "open": "6.4678",
            "high": "6.4678",
            "low": "6.4678",
            "close": "6.4777"
        },
        {
            "time": "05.04.2021 17:43",
            "open": "6.4777",
            "high": "6.4777",
            "low": "6.4777",
            "close": "6.4778"
        },
        {
            "time": "05.04.2021 17:44",
            "open": "6.4778",
            "high": "6.4785",
            "low": "6.4778",
            "close": "6.4604"
        },
        {
            "time": "05.04.2021 17:47",
            "open": "6.4604",
            "high": "6.4604",
            "low": "6.4604",
            "close": "6.4721"
        },
        {
            "time": "05.04.2021 17:54",
            "open": "6.4721",
            "high": "6.4721",
            "low": "6.4714",
            "close": "6.4556"
        },
        {
            "time": "05.04.2021 17:59",
            "open": "6.4556",
            "high": "6.4588",
            "low": "6.4556",
            "close": "6.4608"
        },
        {
            "time": "05.04.2021 18:00",
            "open": "6.4608",
            "high": "6.4839",
            "low": "6.4608",
            "close": "6.4832"
        },
        {
            "time": "05.04.2021 18:01",
            "open": "6.4832",
            "high": "6.4912",
            "low": "6.4832",
            "close": "6.4945"
        },
        {
            "time": "05.04.2021 18:03",
            "open": "6.4945",
            "high": "6.4945",
            "low": "6.4929",
            "close": "6.48"
        },
        {
            "time": "05.04.2021 18:11",
            "open": "6.48",
            "high": "6.48",
            "low": "6.48",
            "close": "6.4617"
        },
        {
            "time": "05.04.2021 18:14",
            "open": "6.4617",
            "high": "6.4617",
            "low": "6.4617",
            "close": "6.4708"
        },
        {
            "time": "05.04.2021 18:17",
            "open": "6.4708",
            "high": "6.4708",
            "low": "6.4708",
            "close": "6.4762"
        },
        {
            "time": "05.04.2021 18:27",
            "open": "6.4762",
            "high": "6.4762",
            "low": "6.4762",
            "close": "6.4843"
        },
        {
            "time": "05.04.2021 18:31",
            "open": "6.4843",
            "high": "6.4843",
            "low": "6.4843",
            "close": "6.4919"
        },
        {
            "time": "05.04.2021 18:36",
            "open": "6.4919",
            "high": "6.4919",
            "low": "6.4919",
            "close": "6.4969"
        },
        {
            "time": "05.04.2021 18:38",
            "open": "6.4969",
            "high": "6.4969",
            "low": "6.4969",
            "close": "6.4982"
        },
        {
            "time": "05.04.2021 18:39",
            "open": "6.4982",
            "high": "6.4982",
            "low": "6.4982",
            "close": "6.5101"
        },
        {
            "time": "05.04.2021 18:44",
            "open": "6.5101",
            "high": "6.5101",
            "low": "6.5101",
            "close": "6.5049"
        },
        {
            "time": "05.04.2021 18:45",
            "open": "6.5049",
            "high": "6.5049",
            "low": "6.5049",
            "close": "6.5052"
        },
        {
            "time": "05.04.2021 18:47",
            "open": "6.5052",
            "high": "6.5052",
            "low": "6.5052",
            "close": "6.4897"
        },
        {
            "time": "05.04.2021 18:49",
            "open": "6.4897",
            "high": "6.4897",
            "low": "6.4896",
            "close": "6.4944"
        },
        {
            "time": "05.04.2021 18:51",
            "open": "6.4944",
            "high": "6.4944",
            "low": "6.4926",
            "close": "6.4937"
        },
        {
            "time": "05.04.2021 18:52",
            "open": "6.4937",
            "high": "6.4937",
            "low": "6.4876",
            "close": "6.4867"
        },
        {
            "time": "05.04.2021 19:00",
            "open": "6.4867",
            "high": "6.4867",
            "low": "6.4867",
            "close": "6.47"
        },
        {
            "time": "05.04.2021 19:02",
            "open": "6.47",
            "high": "6.47",
            "low": "6.4617",
            "close": "6.4601"
        },
        {
            "time": "05.04.2021 19:04",
            "open": "6.4601",
            "high": "6.4601",
            "low": "6.4601",
            "close": "6.4692"
        },
        {
            "time": "05.04.2021 19:07",
            "open": "6.4692",
            "high": "6.4752",
            "low": "6.4692",
            "close": "6.4703"
        },
        {
            "time": "05.04.2021 19:15",
            "open": "6.4703",
            "high": "6.4705",
            "low": "6.4703",
            "close": "6.473"
        },
        {
            "time": "05.04.2021 19:17",
            "open": "6.473",
            "high": "6.473",
            "low": "6.473",
            "close": "6.4426"
        },
        {
            "time": "05.04.2021 19:19",
            "open": "6.4426",
            "high": "6.45",
            "low": "6.4426",
            "close": "6.4519"
        },
        {
            "time": "05.04.2021 19:20",
            "open": "6.4519",
            "high": "6.4519",
            "low": "6.4519",
            "close": "6.4394"
        },
        {
            "time": "05.04.2021 19:22",
            "open": "6.4394",
            "high": "6.4394",
            "low": "6.436",
            "close": "6.4384"
        },
        {
            "time": "05.04.2021 19:23",
            "open": "6.4384",
            "high": "6.4392",
            "low": "6.4384",
            "close": "6.4541"
        },
        {
            "time": "05.04.2021 19:27",
            "open": "6.4541",
            "high": "6.4541",
            "low": "6.4541",
            "close": "6.4515"
        },
        {
            "time": "05.04.2021 19:28",
            "open": "6.4515",
            "high": "6.4515",
            "low": "6.4515",
            "close": "6.4468"
        },
        {
            "time": "05.04.2021 19:29",
            "open": "6.4468",
            "high": "6.4468",
            "low": "6.4468",
            "close": "6.4379"
        },
        {
            "time": "05.04.2021 19:30",
            "open": "6.4379",
            "high": "6.4379",
            "low": "6.4379",
            "close": "6.4155"
        },
        {
            "time": "05.04.2021 19:33",
            "open": "6.4155",
            "high": "6.4155",
            "low": "6.4153",
            "close": "6.4298"
        },
        {
            "time": "05.04.2021 19:34",
            "open": "6.4298",
            "high": "6.4409",
            "low": "6.4298",
            "close": "6.4559"
        },
        {
            "time": "05.04.2021 19:35",
            "open": "6.4559",
            "high": "6.4559",
            "low": "6.4424",
            "close": "6.4488"
        },
        {
            "time": "05.04.2021 19:36",
            "open": "6.4488",
            "high": "6.4514",
            "low": "6.4488",
            "close": "6.4559"
        },
        {
            "time": "05.04.2021 19:37",
            "open": "6.4559",
            "high": "6.456",
            "low": "6.4559",
            "close": "6.4536"
        },
        {
            "time": "05.04.2021 19:38",
            "open": "6.4536",
            "high": "6.4536",
            "low": "6.4536",
            "close": "6.4569"
        },
        {
            "time": "05.04.2021 19:44",
            "open": "6.4569",
            "high": "6.4569",
            "low": "6.4569",
            "close": "6.4465"
        },
        {
            "time": "05.04.2021 19:46",
            "open": "6.4465",
            "high": "6.4465",
            "low": "6.4465",
            "close": "6.4461"
        },
        {
            "time": "05.04.2021 19:47",
            "open": "6.4461",
            "high": "6.4673",
            "low": "6.4449",
            "close": "6.447"
        },
        {
            "time": "05.04.2021 19:53",
            "open": "6.447",
            "high": "6.447",
            "low": "6.447",
            "close": "6.4446"
        },
        {
            "time": "05.04.2021 19:55",
            "open": "6.4446",
            "high": "6.4446",
            "low": "6.4444",
            "close": "6.4621"
        },
        {
            "time": "05.04.2021 19:56",
            "open": "6.4621",
            "high": "6.4621",
            "low": "6.4621",
            "close": "6.4621"
        },
        {
            "time": "05.04.2021 19:57",
            "open": "6.4621",
            "high": "6.4621",
            "low": "6.4621",
            "close": "6.4671"
        },
        {
            "time": "05.04.2021 19:59",
            "open": "6.4671",
            "high": "6.4671",
            "low": "6.4671",
            "close": "6.4684"
        },
        {
            "time": "05.04.2021 20:00",
            "open": "6.4684",
            "high": "6.4726",
            "low": "6.4678",
            "close": "6.4745"
        },
        {
            "time": "05.04.2021 20:02",
            "open": "6.4745",
            "high": "6.4745",
            "low": "6.4713",
            "close": "6.4718"
        },
        {
            "time": "05.04.2021 20:03",
            "open": "6.4718",
            "high": "6.4718",
            "low": "6.4718",
            "close": "6.4737"
        },
        {
            "time": "05.04.2021 20:04",
            "open": "6.4737",
            "high": "6.4737",
            "low": "6.4711",
            "close": "6.494"
        },
        {
            "time": "05.04.2021 20:05",
            "open": "6.494",
            "high": "6.494",
            "low": "6.4739",
            "close": "6.4973"
        },
        {
            "time": "05.04.2021 20:06",
            "open": "6.4973",
            "high": "6.4973",
            "low": "6.4973",
            "close": "6.4805"
        },
        {
            "time": "05.04.2021 20:07",
            "open": "6.4805",
            "high": "6.4805",
            "low": "6.4805",
            "close": "6.4778"
        },
        {
            "time": "05.04.2021 20:11",
            "open": "6.4778",
            "high": "6.4778",
            "low": "6.4778",
            "close": "6.4728"
        },
        {
            "time": "05.04.2021 20:12",
            "open": "6.4728",
            "high": "6.4765",
            "low": "6.4728",
            "close": "6.4694"
        },
        {
            "time": "05.04.2021 20:27",
            "open": "6.4694",
            "high": "6.4694",
            "low": "6.4694",
            "close": "6.4705"
        },
        {
            "time": "05.04.2021 20:29",
            "open": "6.4705",
            "high": "6.4705",
            "low": "6.4705",
            "close": "6.4732"
        },
        {
            "time": "05.04.2021 20:31",
            "open": "6.4732",
            "high": "6.4732",
            "low": "6.4732",
            "close": "6.4632"
        },
        {
            "time": "05.04.2021 20:32",
            "open": "6.4632",
            "high": "6.4632",
            "low": "6.4632",
            "close": "6.4612"
        },
        {
            "time": "05.04.2021 20:33",
            "open": "6.4612",
            "high": "6.4668",
            "low": "6.4612",
            "close": "6.4625"
        },
        {
            "time": "05.04.2021 20:34",
            "open": "6.4625",
            "high": "6.4631",
            "low": "6.4625",
            "close": "6.4564"
        },
        {
            "time": "05.04.2021 20:35",
            "open": "6.4564",
            "high": "6.4585",
            "low": "6.4564",
            "close": "6.4307"
        },
        {
            "time": "05.04.2021 20:56",
            "open": "6.4307",
            "high": "6.4359",
            "low": "6.4235",
            "close": "6.4418"
        },
        {
            "time": "05.04.2021 20:59",
            "open": "6.4418",
            "high": "6.4418",
            "low": "6.4418",
            "close": "6.4486"
        },
        {
            "time": "05.04.2021 21:01",
            "open": "6.4486",
            "high": "6.4569",
            "low": "6.4486",
            "close": "6.4498"
        },
        {
            "time": "05.04.2021 21:18",
            "open": "6.4498",
            "high": "6.4498",
            "low": "6.4498",
            "close": "6.4621"
        },
        {
            "time": "05.04.2021 21:19",
            "open": "6.4621",
            "high": "6.4621",
            "low": "6.4612",
            "close": "6.4605"
        },
        {
            "time": "05.04.2021 21:20",
            "open": "6.4605",
            "high": "6.4605",
            "low": "6.4582",
            "close": "6.4615"
        },
        {
            "time": "05.04.2021 21:21",
            "open": "6.4615",
            "high": "6.4615",
            "low": "6.4615",
            "close": "6.466"
        },
        {
            "time": "05.04.2021 21:22",
            "open": "6.466",
            "high": "6.4676",
            "low": "6.466",
            "close": "6.474"
        },
        {
            "time": "05.04.2021 21:24",
            "open": "6.474",
            "high": "6.474",
            "low": "6.474",
            "close": "6.4662"
        },
        {
            "time": "05.04.2021 21:25",
            "open": "6.4662",
            "high": "6.4662",
            "low": "6.4656",
            "close": "6.4584"
        },
        {
            "time": "05.04.2021 21:26",
            "open": "6.4584",
            "high": "6.4599",
            "low": "6.4584",
            "close": "6.4538"
        },
        {
            "time": "05.04.2021 21:29",
            "open": "6.4538",
            "high": "6.4538",
            "low": "6.4538",
            "close": "6.4498"
        },
        {
            "time": "05.04.2021 21:31",
            "open": "6.4498",
            "high": "6.4498",
            "low": "6.4498",
            "close": "6.4381"
        },
        {
            "time": "05.04.2021 21:32",
            "open": "6.4381",
            "high": "6.4381",
            "low": "6.4381",
            "close": "6.4589"
        },
        {
            "time": "05.04.2021 21:38",
            "open": "6.4589",
            "high": "6.4589",
            "low": "6.4589",
            "close": "6.4591"
        },
        {
            "time": "05.04.2021 21:47",
            "open": "6.4591",
            "high": "6.4591",
            "low": "6.4591",
            "close": "6.4591"
        },
        {
            "time": "05.04.2021 21:53",
            "open": "6.4591",
            "high": "6.4591",
            "low": "6.4591",
            "close": "6.449"
        },
        {
            "time": "05.04.2021 21:56",
            "open": "6.449",
            "high": "6.449",
            "low": "6.449",
            "close": "6.4591"
        },
        {
            "time": "05.04.2021 21:57",
            "open": "6.4591",
            "high": "6.4591",
            "low": "6.4591",
            "close": "6.4591"
        },
        {
            "time": "05.04.2021 22:00",
            "open": "6.4591",
            "high": "6.4591",
            "low": "6.4591",
            "close": "6.4698"
        },
        {
            "time": "05.04.2021 22:14",
            "open": "6.4698",
            "high": "6.4698",
            "low": "6.4687",
            "close": "6.4765"
        },
        {
            "time": "05.04.2021 22:19",
            "open": "6.4765",
            "high": "6.4765",
            "low": "6.4765",
            "close": "6.4805"
        },
        {
            "time": "05.04.2021 22:24",
            "open": "6.4805",
            "high": "6.4871",
            "low": "6.4805",
            "close": "6.4934"
        },
        {
            "time": "05.04.2021 22:25",
            "open": "6.4934",
            "high": "6.495",
            "low": "6.4934",
            "close": "6.5"
        },
        {
            "time": "05.04.2021 22:26",
            "open": "6.5",
            "high": "6.5",
            "low": "6.5",
            "close": "6.495"
        },
        {
            "time": "05.04.2021 22:27",
            "open": "6.495",
            "high": "6.495",
            "low": "6.495",
            "close": "6.4955"
        },
        {
            "time": "05.04.2021 22:30",
            "open": "6.4955",
            "high": "6.4955",
            "low": "6.4955",
            "close": "6.5116"
        },
        {
            "time": "05.04.2021 22:32",
            "open": "6.5116",
            "high": "6.5129",
            "low": "6.5116",
            "close": "6.5214"
        },
        {
            "time": "05.04.2021 22:33",
            "open": "6.5214",
            "high": "6.5231",
            "low": "6.5214",
            "close": "6.5054"
        },
        {
            "time": "05.04.2021 22:37",
            "open": "6.5054",
            "high": "6.5054",
            "low": "6.5054",
            "close": "6.5099"
        },
        {
            "time": "05.04.2021 22:38",
            "open": "6.5099",
            "high": "6.5099",
            "low": "6.5099",
            "close": "6.4998"
        },
        {
            "time": "05.04.2021 22:40",
            "open": "6.4998",
            "high": "6.4998",
            "low": "6.4996",
            "close": "6.5"
        },
        {
            "time": "05.04.2021 22:42",
            "open": "6.5",
            "high": "6.5",
            "low": "6.5",
            "close": "6.5"
        },
        {
            "time": "05.04.2021 22:43",
            "open": "6.5",
            "high": "6.5",
            "low": "6.5",
            "close": "6.4999"
        },
        {
            "time": "05.04.2021 22:45",
            "open": "6.4999",
            "high": "6.4999",
            "low": "6.4999",
            "close": "6.4901"
        },
        {
            "time": "05.04.2021 22:48",
            "open": "6.4901",
            "high": "6.4901",
            "low": "6.4901",
            "close": "6.4837"
        },
        {
            "time": "05.04.2021 22:52",
            "open": "6.4837",
            "high": "6.4917",
            "low": "6.4837",
            "close": "6.4817"
        },
        {
            "time": "05.04.2021 22:59",
            "open": "6.481",
            "high": "6.481",
            "low": "6.481",
            "close": "6.4869"
        },
        {
            "time": "05.04.2021 23:03",
            "open": "6.4869",
            "high": "6.4869",
            "low": "6.4869",
            "close": "6.5"
        },
        {
            "time": "05.04.2021 23:05",
            "open": "6.5",
            "high": "6.5",
            "low": "6.5",
            "close": "6.5214"
        },
        {
            "time": "05.04.2021 23:07",
            "open": "6.5214",
            "high": "6.5244",
            "low": "6.5214",
            "close": "6.5113"
        },
        {
            "time": "05.04.2021 23:09",
            "open": "6.5113",
            "high": "6.5136",
            "low": "6.5113",
            "close": "6.5056"
        },
        {
            "time": "05.04.2021 23:10",
            "open": "6.5056",
            "high": "6.5056",
            "low": "6.5056",
            "close": "6.5095"
        },
        {
            "time": "05.04.2021 23:13",
            "open": "6.5095",
            "high": "6.5095",
            "low": "6.5063",
            "close": "6.4848"
        },
        {
            "time": "05.04.2021 23:16",
            "open": "6.4848",
            "high": "6.4848",
            "low": "6.4848",
            "close": "6.4877"
        },
        {
            "time": "05.04.2021 23:17",
            "open": "6.4877",
            "high": "6.4877",
            "low": "6.4842",
            "close": "6.4948"
        },
        {
            "time": "05.04.2021 23:19",
            "open": "6.4948",
            "high": "6.495",
            "low": "6.4948",
            "close": "6.5108"
        },
        {
            "time": "05.04.2021 23:20",
            "open": "6.5108",
            "high": "6.5108",
            "low": "6.5108",
            "close": "6.5096"
        },
        {
            "time": "05.04.2021 23:24",
            "open": "6.5096",
            "high": "6.5096",
            "low": "6.5096",
            "close": "6.5033"
        },
        {
            "time": "05.04.2021 23:30",
            "open": "6.5033",
            "high": "6.5033",
            "low": "6.5033",
            "close": "6.4868"
        },
        {
            "time": "05.04.2021 23:31",
            "open": "6.4868",
            "high": "6.4868",
            "low": "6.4868",
            "close": "6.481"
        },
        {
            "time": "05.04.2021 23:32",
            "open": "6.481",
            "high": "6.481",
            "low": "6.481",
            "close": "6.4632"
        },
        {
            "time": "05.04.2021 23:36",
            "open": "6.4632",
            "high": "6.4661",
            "low": "6.4632",
            "close": "6.46"
        },
        {
            "time": "05.04.2021 23:40",
            "open": "6.46",
            "high": "6.46",
            "low": "6.46",
            "close": "6.46"
        },
        {
            "time": "05.04.2021 23:41",
            "open": "6.46",
            "high": "6.46",
            "low": "6.46",
            "close": "6.4601"
        },
        {
            "time": "05.04.2021 23:52",
            "open": "6.4601",
            "high": "6.4601",
            "low": "6.4601",
            "close": "6.4757"
        }
    ]
}