{
    "BNT-EUR": [
        {
            "time": "23.01.2021 23:52",
            "open": "1.4397",
            "high": "1.4397",
            "low": "1.4397",
            "close": "1.4429"
        },
        {
            "time": "24.01.2021 00:11",
            "open": "1.4429",
            "high": "1.4429",
            "low": "1.4429",
            "close": "1.4429"
        },
        {
            "time": "24.01.2021 00:12",
            "open": "1.4429",
            "high": "1.4429",
            "low": "1.4429",
            "close": "1.4423"
        },
        {
            "time": "24.01.2021 00:14",
            "open": "1.4423",
            "high": "1.4423",
            "low": "1.4421",
            "close": "1.4442"
        },
        {
            "time": "24.01.2021 00:23",
            "open": "1.4442",
            "high": "1.4442",
            "low": "1.4442",
            "close": "1.4442"
        },
        {
            "time": "24.01.2021 00:36",
            "open": "1.4442",
            "high": "1.4442",
            "low": "1.4442",
            "close": "1.4397"
        },
        {
            "time": "24.01.2021 00:39",
            "open": "1.4397",
            "high": "1.4401",
            "low": "1.4397",
            "close": "1.449"
        },
        {
            "time": "24.01.2021 00:44",
            "open": "1.449",
            "high": "1.449",
            "low": "1.449",
            "close": "1.4409"
        },
        {
            "time": "24.01.2021 01:03",
            "open": "1.4409",
            "high": "1.4409",
            "low": "1.4409",
            "close": "1.4489"
        },
        {
            "time": "24.01.2021 01:40",
            "open": "1.4489",
            "high": "1.4489",
            "low": "1.4489",
            "close": "1.4485"
        },
        {
            "time": "24.01.2021 01:41",
            "open": "1.4485",
            "high": "1.4485",
            "low": "1.4485",
            "close": "1.4436"
        },
        {
            "time": "24.01.2021 02:02",
            "open": "1.4436",
            "high": "1.4436",
            "low": "1.4436",
            "close": "1.4504"
        },
        {
            "time": "24.01.2021 02:11",
            "open": "1.4504",
            "high": "1.4504",
            "low": "1.4504",
            "close": "1.4549"
        },
        {
            "time": "24.01.2021 02:13",
            "open": "1.4549",
            "high": "1.4549",
            "low": "1.4549",
            "close": "1.4552"
        },
        {
            "time": "24.01.2021 02:14",
            "open": "1.4552",
            "high": "1.4552",
            "low": "1.4552",
            "close": "1.4549"
        },
        {
            "time": "24.01.2021 02:15",
            "open": "1.4549",
            "high": "1.461",
            "low": "1.4549",
            "close": "1.4525"
        },
        {
            "time": "24.01.2021 02:46",
            "open": "1.4525",
            "high": "1.4525",
            "low": "1.4525",
            "close": "1.4492"
        },
        {
            "time": "24.01.2021 02:47",
            "open": "1.4492",
            "high": "1.4492",
            "low": "1.4492",
            "close": "1.4476"
        },
        {
            "time": "24.01.2021 02:56",
            "open": "1.4476",
            "high": "1.4476",
            "low": "1.4476",
            "close": "1.4433"
        },
        {
            "time": "24.01.2021 02:58",
            "open": "1.4433",
            "high": "1.4433",
            "low": "1.4433",
            "close": "1.448"
        },
        {
            "time": "24.01.2021 03:00",
            "open": "1.448",
            "high": "1.4501",
            "low": "1.448",
            "close": "1.445"
        },
        {
            "time": "24.01.2021 03:03",
            "open": "1.445",
            "high": "1.445",
            "low": "1.445",
            "close": "1.4461"
        },
        {
            "time": "24.01.2021 03:07",
            "open": "1.4461",
            "high": "1.4461",
            "low": "1.4461",
            "close": "1.4577"
        },
        {
            "time": "24.01.2021 03:35",
            "open": "1.4577",
            "high": "1.4577",
            "low": "1.4576",
            "close": "1.4567"
        },
        {
            "time": "24.01.2021 03:36",
            "open": "1.4567",
            "high": "1.4568",
            "low": "1.4566",
            "close": "1.4535"
        },
        {
            "time": "24.01.2021 03:40",
            "open": "1.4535",
            "high": "1.4535",
            "low": "1.4535",
            "close": "1.4531"
        },
        {
            "time": "24.01.2021 03:57",
            "open": "1.4531",
            "high": "1.4531",
            "low": "1.4531",
            "close": "1.4531"
        },
        {
            "time": "24.01.2021 04:03",
            "open": "1.4531",
            "high": "1.4531",
            "low": "1.4531",
            "close": "1.456"
        },
        {
            "time": "24.01.2021 04:10",
            "open": "1.456",
            "high": "1.456",
            "low": "1.4551",
            "close": "1.4489"
        },
        {
            "time": "24.01.2021 04:14",
            "open": "1.4489",
            "high": "1.4489",
            "low": "1.4489",
            "close": "1.4491"
        },
        {
            "time": "24.01.2021 04:18",
            "open": "1.4491",
            "high": "1.4491",
            "low": "1.4491",
            "close": "1.4476"
        },
        {
            "time": "24.01.2021 04:23",
            "open": "1.4476",
            "high": "1.4476",
            "low": "1.4476",
            "close": "1.4585"
        },
        {
            "time": "24.01.2021 04:44",
            "open": "1.4585",
            "high": "1.4585",
            "low": "1.4585",
            "close": "1.461"
        },
        {
            "time": "24.01.2021 04:55",
            "open": "1.461",
            "high": "1.461",
            "low": "1.461",
            "close": "1.4639"
        },
        {
            "time": "24.01.2021 04:56",
            "open": "1.4639",
            "high": "1.4669",
            "low": "1.4639",
            "close": "1.4669"
        },
        {
            "time": "24.01.2021 04:57",
            "open": "1.4669",
            "high": "1.4727",
            "low": "1.4669",
            "close": "1.4727"
        },
        {
            "time": "24.01.2021 04:58",
            "open": "1.4727",
            "high": "1.4744",
            "low": "1.4727",
            "close": "1.4744"
        },
        {
            "time": "24.01.2021 05:00",
            "open": "1.4744",
            "high": "1.48",
            "low": "1.4744",
            "close": "1.4795"
        },
        {
            "time": "24.01.2021 05:02",
            "open": "1.4795",
            "high": "1.4795",
            "low": "1.4794",
            "close": "1.478"
        },
        {
            "time": "24.01.2021 05:05",
            "open": "1.478",
            "high": "1.4781",
            "low": "1.478",
            "close": "1.4712"
        },
        {
            "time": "24.01.2021 05:24",
            "open": "1.4712",
            "high": "1.4712",
            "low": "1.4685",
            "close": "1.473"
        },
        {
            "time": "24.01.2021 05:25",
            "open": "1.473",
            "high": "1.473",
            "low": "1.473",
            "close": "1.4805"
        },
        {
            "time": "24.01.2021 05:45",
            "open": "1.4805",
            "high": "1.4814",
            "low": "1.4805",
            "close": "1.4843"
        },
        {
            "time": "24.01.2021 05:46",
            "open": "1.4843",
            "high": "1.49",
            "low": "1.4843",
            "close": "1.4865"
        },
        {
            "time": "24.01.2021 05:48",
            "open": "1.4865",
            "high": "1.4865",
            "low": "1.4864",
            "close": "1.4871"
        },
        {
            "time": "24.01.2021 05:49",
            "open": "1.4871",
            "high": "1.4871",
            "low": "1.4871",
            "close": "1.491"
        },
        {
            "time": "24.01.2021 05:50",
            "open": "1.491",
            "high": "1.491",
            "low": "1.4904",
            "close": "1.4836"
        },
        {
            "time": "24.01.2021 05:52",
            "open": "1.4836",
            "high": "1.4836",
            "low": "1.4836",
            "close": "1.4881"
        },
        {
            "time": "24.01.2021 06:12",
            "open": "1.4881",
            "high": "1.4881",
            "low": "1.4881",
            "close": "1.4866"
        },
        {
            "time": "24.01.2021 06:21",
            "open": "1.4866",
            "high": "1.4866",
            "low": "1.4866",
            "close": "1.4925"
        },
        {
            "time": "24.01.2021 06:53",
            "open": "1.4925",
            "high": "1.4944",
            "low": "1.4925",
            "close": "1.4954"
        },
        {
            "time": "24.01.2021 06:54",
            "open": "1.4954",
            "high": "1.5",
            "low": "1.4954",
            "close": "1.501"
        },
        {
            "time": "24.01.2021 06:55",
            "open": "1.501",
            "high": "1.5054",
            "low": "1.501",
            "close": "1.5039"
        },
        {
            "time": "24.01.2021 06:56",
            "open": "1.5039",
            "high": "1.5039",
            "low": "1.4991",
            "close": "1.503"
        },
        {
            "time": "24.01.2021 06:57",
            "open": "1.503",
            "high": "1.503",
            "low": "1.503",
            "close": "1.5062"
        },
        {
            "time": "24.01.2021 06:58",
            "open": "1.5062",
            "high": "1.51",
            "low": "1.504",
            "close": "1.5137"
        },
        {
            "time": "24.01.2021 06:59",
            "open": "1.5137",
            "high": "1.5137",
            "low": "1.5126",
            "close": "1.516"
        },
        {
            "time": "24.01.2021 07:00",
            "open": "1.516",
            "high": "1.5206",
            "low": "1.5142",
            "close": "1.5225"
        },
        {
            "time": "24.01.2021 07:01",
            "open": "1.5225",
            "high": "1.5225",
            "low": "1.5177",
            "close": "1.5145"
        },
        {
            "time": "24.01.2021 07:02",
            "open": "1.5145",
            "high": "1.5145",
            "low": "1.5114",
            "close": "1.51"
        },
        {
            "time": "24.01.2021 07:03",
            "open": "1.51",
            "high": "1.51",
            "low": "1.51",
            "close": "1.5075"
        },
        {
            "time": "24.01.2021 07:16",
            "open": "1.5075",
            "high": "1.5075",
            "low": "1.5075",
            "close": "1.5075"
        },
        {
            "time": "24.01.2021 07:18",
            "open": "1.5075",
            "high": "1.5075",
            "low": "1.505",
            "close": "1.5147"
        },
        {
            "time": "24.01.2021 07:21",
            "open": "1.5147",
            "high": "1.5169",
            "low": "1.5147",
            "close": "1.5069"
        },
        {
            "time": "24.01.2021 07:22",
            "open": "1.5069",
            "high": "1.5069",
            "low": "1.5069",
            "close": "1.5055"
        },
        {
            "time": "24.01.2021 07:29",
            "open": "1.5055",
            "high": "1.5086",
            "low": "1.5055",
            "close": "1.498"
        },
        {
            "time": "24.01.2021 07:38",
            "open": "1.498",
            "high": "1.498",
            "low": "1.498",
            "close": "1.4866"
        },
        {
            "time": "24.01.2021 07:44",
            "open": "1.4866",
            "high": "1.4866",
            "low": "1.4866",
            "close": "1.4879"
        },
        {
            "time": "24.01.2021 08:13",
            "open": "1.4879",
            "high": "1.4879",
            "low": "1.4874",
            "close": "1.4852"
        },
        {
            "time": "24.01.2021 08:23",
            "open": "1.4802",
            "high": "1.4802",
            "low": "1.4802",
            "close": "1.4822"
        },
        {
            "time": "24.01.2021 08:48",
            "open": "1.4868",
            "high": "1.4868",
            "low": "1.4868",
            "close": "1.4914"
        },
        {
            "time": "24.01.2021 08:55",
            "open": "1.4914",
            "high": "1.4914",
            "low": "1.4914",
            "close": "1.4898"
        },
        {
            "time": "24.01.2021 09:14",
            "open": "1.4898",
            "high": "1.4898",
            "low": "1.4898",
            "close": "1.4874"
        },
        {
            "time": "24.01.2021 09:18",
            "open": "1.4874",
            "high": "1.4874",
            "low": "1.4874",
            "close": "1.4804"
        },
        {
            "time": "24.01.2021 09:21",
            "open": "1.4804",
            "high": "1.4804",
            "low": "1.4804",
            "close": "1.4799"
        },
        {
            "time": "24.01.2021 09:25",
            "open": "1.4799",
            "high": "1.4799",
            "low": "1.4799",
            "close": "1.4795"
        },
        {
            "time": "24.01.2021 09:26",
            "open": "1.4795",
            "high": "1.4795",
            "low": "1.4795",
            "close": "1.4832"
        },
        {
            "time": "24.01.2021 09:27",
            "open": "1.4832",
            "high": "1.4832",
            "low": "1.4832",
            "close": "1.4824"
        },
        {
            "time": "24.01.2021 09:28",
            "open": "1.4824",
            "high": "1.4824",
            "low": "1.4824",
            "close": "1.4867"
        },
        {
            "time": "24.01.2021 09:31",
            "open": "1.4867",
            "high": "1.4867",
            "low": "1.4867",
            "close": "1.4881"
        },
        {
            "time": "24.01.2021 09:33",
            "open": "1.4881",
            "high": "1.4881",
            "low": "1.4881",
            "close": "1.4879"
        },
        {
            "time": "24.01.2021 09:42",
            "open": "1.4879",
            "high": "1.4879",
            "low": "1.4879",
            "close": "1.4863"
        },
        {
            "time": "24.01.2021 09:48",
            "open": "1.4863",
            "high": "1.4863",
            "low": "1.4863",
            "close": "1.4859"
        },
        {
            "time": "24.01.2021 09:49",
            "open": "1.4859",
            "high": "1.4859",
            "low": "1.4859",
            "close": "1.4874"
        },
        {
            "time": "24.01.2021 09:58",
            "open": "1.4874",
            "high": "1.4879",
            "low": "1.4874",
            "close": "1.4903"
        },
        {
            "time": "24.01.2021 10:10",
            "open": "1.4903",
            "high": "1.4904",
            "low": "1.4903",
            "close": "1.4904"
        },
        {
            "time": "24.01.2021 10:17",
            "open": "1.4904",
            "high": "1.4904",
            "low": "1.4904",
            "close": "1.5033"
        },
        {
            "time": "24.01.2021 10:23",
            "open": "1.5033",
            "high": "1.5033",
            "low": "1.5033",
            "close": "1.5027"
        },
        {
            "time": "24.01.2021 10:27",
            "open": "1.5027",
            "high": "1.5043",
            "low": "1.5027",
            "close": "1.5064"
        },
        {
            "time": "24.01.2021 10:29",
            "open": "1.5064",
            "high": "1.5064",
            "low": "1.5064",
            "close": "1.5072"
        },
        {
            "time": "24.01.2021 10:30",
            "open": "1.5072",
            "high": "1.5072",
            "low": "1.5072",
            "close": "1.5104"
        },
        {
            "time": "24.01.2021 10:32",
            "open": "1.5104",
            "high": "1.5104",
            "low": "1.5104",
            "close": "1.5072"
        },
        {
            "time": "24.01.2021 10:33",
            "open": "1.5072",
            "high": "1.5072",
            "low": "1.5072",
            "close": "1.5075"
        },
        {
            "time": "24.01.2021 10:34",
            "open": "1.5075",
            "high": "1.5075",
            "low": "1.5075",
            "close": "1.5104"
        },
        {
            "time": "24.01.2021 10:37",
            "open": "1.5104",
            "high": "1.5146",
            "low": "1.5104",
            "close": "1.5125"
        },
        {
            "time": "24.01.2021 10:41",
            "open": "1.5125",
            "high": "1.5149",
            "low": "1.5125",
            "close": "1.5141"
        },
        {
            "time": "24.01.2021 10:54",
            "open": "1.5141",
            "high": "1.5141",
            "low": "1.5139",
            "close": "1.5149"
        },
        {
            "time": "24.01.2021 10:55",
            "open": "1.5149",
            "high": "1.5149",
            "low": "1.5149",
            "close": "1.5139"
        },
        {
            "time": "24.01.2021 10:56",
            "open": "1.5139",
            "high": "1.5139",
            "low": "1.5139",
            "close": "1.5113"
        },
        {
            "time": "24.01.2021 10:57",
            "open": "1.5113",
            "high": "1.5113",
            "low": "1.5113",
            "close": "1.5084"
        },
        {
            "time": "24.01.2021 11:03",
            "open": "1.5084",
            "high": "1.5084",
            "low": "1.5084",
            "close": "1.5117"
        },
        {
            "time": "24.01.2021 11:04",
            "open": "1.5117",
            "high": "1.5121",
            "low": "1.5117",
            "close": "1.5121"
        },
        {
            "time": "24.01.2021 11:10",
            "open": "1.5121",
            "high": "1.5121",
            "low": "1.5121",
            "close": "1.5094"
        },
        {
            "time": "24.01.2021 11:21",
            "open": "1.5001",
            "high": "1.5001",
            "low": "1.5001",
            "close": "1.5009"
        },
        {
            "time": "24.01.2021 11:24",
            "open": "1.5009",
            "high": "1.5009",
            "low": "1.5009",
            "close": "1.507"
        },
        {
            "time": "24.01.2021 11:29",
            "open": "1.507",
            "high": "1.5092",
            "low": "1.507",
            "close": "1.5092"
        },
        {
            "time": "24.01.2021 11:44",
            "open": "1.5092",
            "high": "1.5092",
            "low": "1.5069",
            "close": "1.519"
        },
        {
            "time": "24.01.2021 12:04",
            "open": "1.519",
            "high": "1.52",
            "low": "1.519",
            "close": "1.5116"
        },
        {
            "time": "24.01.2021 12:20",
            "open": "1.5116",
            "high": "1.5116",
            "low": "1.5116",
            "close": "1.5155"
        },
        {
            "time": "24.01.2021 12:21",
            "open": "1.5155",
            "high": "1.5155",
            "low": "1.5155",
            "close": "1.5212"
        },
        {
            "time": "24.01.2021 12:24",
            "open": "1.5212",
            "high": "1.5212",
            "low": "1.5198",
            "close": "1.5093"
        },
        {
            "time": "24.01.2021 12:30",
            "open": "1.5093",
            "high": "1.5093",
            "low": "1.5093",
            "close": "1.5114"
        },
        {
            "time": "24.01.2021 12:41",
            "open": "1.5114",
            "high": "1.5114",
            "low": "1.5114",
            "close": "1.5114"
        },
        {
            "time": "24.01.2021 12:50",
            "open": "1.5114",
            "high": "1.5114",
            "low": "1.5114",
            "close": "1.5121"
        },
        {
            "time": "24.01.2021 12:54",
            "open": "1.5121",
            "high": "1.5122",
            "low": "1.5121",
            "close": "1.5083"
        },
        {
            "time": "24.01.2021 12:55",
            "open": "1.5083",
            "high": "1.5083",
            "low": "1.5079",
            "close": "1.5"
        },
        {
            "time": "24.01.2021 13:03",
            "open": "1.5",
            "high": "1.5",
            "low": "1.5",
            "close": "1.4951"
        },
        {
            "time": "24.01.2021 13:04",
            "open": "1.4951",
            "high": "1.4971",
            "low": "1.4951",
            "close": "1.4962"
        },
        {
            "time": "24.01.2021 13:06",
            "open": "1.4962",
            "high": "1.4962",
            "low": "1.4962",
            "close": "1.497"
        },
        {
            "time": "24.01.2021 13:07",
            "open": "1.497",
            "high": "1.497",
            "low": "1.497",
            "close": "1.4923"
        },
        {
            "time": "24.01.2021 13:10",
            "open": "1.4923",
            "high": "1.4923",
            "low": "1.4912",
            "close": "1.4871"
        },
        {
            "time": "24.01.2021 13:13",
            "open": "1.4871",
            "high": "1.4871",
            "low": "1.487",
            "close": "1.4887"
        },
        {
            "time": "24.01.2021 13:14",
            "open": "1.4887",
            "high": "1.4887",
            "low": "1.4887",
            "close": "1.4925"
        },
        {
            "time": "24.01.2021 13:28",
            "open": "1.4925",
            "high": "1.4925",
            "low": "1.4925",
            "close": "1.4926"
        },
        {
            "time": "24.01.2021 13:29",
            "open": "1.4926",
            "high": "1.4926",
            "low": "1.4926",
            "close": "1.4795"
        },
        {
            "time": "24.01.2021 13:34",
            "open": "1.4795",
            "high": "1.4795",
            "low": "1.4795",
            "close": "1.4854"
        },
        {
            "time": "24.01.2021 13:46",
            "open": "1.4854",
            "high": "1.4884",
            "low": "1.4854",
            "close": "1.4884"
        },
        {
            "time": "24.01.2021 13:47",
            "open": "1.4884",
            "high": "1.4884",
            "low": "1.4884",
            "close": "1.4848"
        },
        {
            "time": "24.01.2021 13:53",
            "open": "1.4848",
            "high": "1.4848",
            "low": "1.4848",
            "close": "1.4866"
        },
        {
            "time": "24.01.2021 14:04",
            "open": "1.4866",
            "high": "1.4866",
            "low": "1.4866",
            "close": "1.4847"
        },
        {
            "time": "24.01.2021 14:05",
            "open": "1.4847",
            "high": "1.4847",
            "low": "1.4847",
            "close": "1.4847"
        },
        {
            "time": "24.01.2021 14:06",
            "open": "1.4847",
            "high": "1.4847",
            "low": "1.4847",
            "close": "1.4826"
        },
        {
            "time": "24.01.2021 14:10",
            "open": "1.4826",
            "high": "1.4826",
            "low": "1.4826",
            "close": "1.4847"
        },
        {
            "time": "24.01.2021 14:12",
            "open": "1.4847",
            "high": "1.4847",
            "low": "1.4847",
            "close": "1.4833"
        },
        {
            "time": "24.01.2021 14:16",
            "open": "1.4833",
            "high": "1.4833",
            "low": "1.4833",
            "close": "1.4861"
        },
        {
            "time": "24.01.2021 14:43",
            "open": "1.4861",
            "high": "1.4861",
            "low": "1.4861",
            "close": "1.484"
        },
        {
            "time": "24.01.2021 14:47",
            "open": "1.484",
            "high": "1.484",
            "low": "1.484",
            "close": "1.4845"
        },
        {
            "time": "24.01.2021 14:49",
            "open": "1.4845",
            "high": "1.4846",
            "low": "1.4845",
            "close": "1.4913"
        },
        {
            "time": "24.01.2021 14:51",
            "open": "1.4913",
            "high": "1.4913",
            "low": "1.4913",
            "close": "1.4876"
        },
        {
            "time": "24.01.2021 14:54",
            "open": "1.4876",
            "high": "1.4876",
            "low": "1.4876",
            "close": "1.4886"
        },
        {
            "time": "24.01.2021 14:57",
            "open": "1.4886",
            "high": "1.4886",
            "low": "1.4848",
            "close": "1.4847"
        },
        {
            "time": "24.01.2021 15:01",
            "open": "1.4847",
            "high": "1.4847",
            "low": "1.4847",
            "close": "1.4871"
        },
        {
            "time": "24.01.2021 15:09",
            "open": "1.4871",
            "high": "1.4871",
            "low": "1.4871",
            "close": "1.492"
        },
        {
            "time": "24.01.2021 15:17",
            "open": "1.492",
            "high": "1.492",
            "low": "1.4919",
            "close": "1.4875"
        },
        {
            "time": "24.01.2021 15:20",
            "open": "1.4875",
            "high": "1.4875",
            "low": "1.4875",
            "close": "1.4826"
        },
        {
            "time": "24.01.2021 15:35",
            "open": "1.4826",
            "high": "1.4826",
            "low": "1.4826",
            "close": "1.4788"
        },
        {
            "time": "24.01.2021 15:37",
            "open": "1.4788",
            "high": "1.4788",
            "low": "1.4787",
            "close": "1.4816"
        },
        {
            "time": "24.01.2021 15:44",
            "open": "1.4816",
            "high": "1.4816",
            "low": "1.4816",
            "close": "1.4715"
        },
        {
            "time": "24.01.2021 15:52",
            "open": "1.4715",
            "high": "1.4715",
            "low": "1.4715",
            "close": "1.4784"
        },
        {
            "time": "24.01.2021 15:58",
            "open": "1.4784",
            "high": "1.4793",
            "low": "1.4784",
            "close": "1.4812"
        },
        {
            "time": "24.01.2021 16:04",
            "open": "1.4812",
            "high": "1.4812",
            "low": "1.4812",
            "close": "1.4756"
        },
        {
            "time": "24.01.2021 16:13",
            "open": "1.4756",
            "high": "1.4756",
            "low": "1.4756",
            "close": "1.4741"
        },
        {
            "time": "24.01.2021 16:16",
            "open": "1.4741",
            "high": "1.4741",
            "low": "1.4741",
            "close": "1.4915"
        },
        {
            "time": "24.01.2021 16:34",
            "open": "1.4915",
            "high": "1.4915",
            "low": "1.4915",
            "close": "1.4934"
        },
        {
            "time": "24.01.2021 16:40",
            "open": "1.4934",
            "high": "1.4934",
            "low": "1.4933",
            "close": "1.4735"
        },
        {
            "time": "24.01.2021 16:53",
            "open": "1.4735",
            "high": "1.4735",
            "low": "1.471",
            "close": "1.4776"
        },
        {
            "time": "24.01.2021 16:59",
            "open": "1.4776",
            "high": "1.4827",
            "low": "1.4776",
            "close": "1.4874"
        },
        {
            "time": "24.01.2021 17:00",
            "open": "1.4874",
            "high": "1.4884",
            "low": "1.4874",
            "close": "1.4877"
        },
        {
            "time": "24.01.2021 17:05",
            "open": "1.4877",
            "high": "1.4877",
            "low": "1.4877",
            "close": "1.4819"
        },
        {
            "time": "24.01.2021 17:08",
            "open": "1.4819",
            "high": "1.4819",
            "low": "1.4819",
            "close": "1.4734"
        },
        {
            "time": "24.01.2021 17:11",
            "open": "1.4734",
            "high": "1.4734",
            "low": "1.4733",
            "close": "1.4692"
        },
        {
            "time": "24.01.2021 17:20",
            "open": "1.4692",
            "high": "1.4699",
            "low": "1.4688",
            "close": "1.4696"
        },
        {
            "time": "24.01.2021 17:25",
            "open": "1.4696",
            "high": "1.4696",
            "low": "1.4696",
            "close": "1.4685"
        },
        {
            "time": "24.01.2021 17:27",
            "open": "1.4685",
            "high": "1.4697",
            "low": "1.4685",
            "close": "1.461"
        },
        {
            "time": "24.01.2021 17:29",
            "open": "1.461",
            "high": "1.4665",
            "low": "1.461",
            "close": "1.4616"
        },
        {
            "time": "24.01.2021 17:30",
            "open": "1.4616",
            "high": "1.4616",
            "low": "1.4616",
            "close": "1.4602"
        },
        {
            "time": "24.01.2021 17:32",
            "open": "1.4602",
            "high": "1.4602",
            "low": "1.4602",
            "close": "1.4644"
        },
        {
            "time": "24.01.2021 17:35",
            "open": "1.4644",
            "high": "1.4644",
            "low": "1.4631",
            "close": "1.4672"
        },
        {
            "time": "24.01.2021 17:36",
            "open": "1.4672",
            "high": "1.4672",
            "low": "1.4672",
            "close": "1.4808"
        },
        {
            "time": "24.01.2021 17:38",
            "open": "1.4808",
            "high": "1.4808",
            "low": "1.4808",
            "close": "1.4786"
        },
        {
            "time": "24.01.2021 17:42",
            "open": "1.4786",
            "high": "1.4786",
            "low": "1.4786",
            "close": "1.4759"
        },
        {
            "time": "24.01.2021 17:43",
            "open": "1.4759",
            "high": "1.4759",
            "low": "1.4741",
            "close": "1.4706"
        },
        {
            "time": "24.01.2021 17:45",
            "open": "1.4706",
            "high": "1.4733",
            "low": "1.4705",
            "close": "1.4829"
        },
        {
            "time": "24.01.2021 17:46",
            "open": "1.4829",
            "high": "1.4829",
            "low": "1.4829",
            "close": "1.4801"
        },
        {
            "time": "24.01.2021 17:50",
            "open": "1.4801",
            "high": "1.4801",
            "low": "1.4801",
            "close": "1.4821"
        },
        {
            "time": "24.01.2021 17:51",
            "open": "1.4821",
            "high": "1.4821",
            "low": "1.4821",
            "close": "1.4738"
        },
        {
            "time": "24.01.2021 17:55",
            "open": "1.4738",
            "high": "1.4789",
            "low": "1.4738",
            "close": "1.4775"
        },
        {
            "time": "24.01.2021 18:00",
            "open": "1.4775",
            "high": "1.4775",
            "low": "1.4775",
            "close": "1.4778"
        },
        {
            "time": "24.01.2021 18:02",
            "open": "1.4778",
            "high": "1.4778",
            "low": "1.4778",
            "close": "1.4841"
        },
        {
            "time": "24.01.2021 18:08",
            "open": "1.4841",
            "high": "1.4862",
            "low": "1.4841",
            "close": "1.4839"
        },
        {
            "time": "24.01.2021 18:14",
            "open": "1.4839",
            "high": "1.4892",
            "low": "1.4839",
            "close": "1.4911"
        },
        {
            "time": "24.01.2021 18:18",
            "open": "1.4911",
            "high": "1.4911",
            "low": "1.4911",
            "close": "1.4911"
        },
        {
            "time": "24.01.2021 18:20",
            "open": "1.4911",
            "high": "1.4911",
            "low": "1.4911",
            "close": "1.4943"
        },
        {
            "time": "24.01.2021 18:23",
            "open": "1.4943",
            "high": "1.4948",
            "low": "1.4943",
            "close": "1.4935"
        },
        {
            "time": "24.01.2021 18:24",
            "open": "1.4935",
            "high": "1.4935",
            "low": "1.4935",
            "close": "1.4919"
        },
        {
            "time": "24.01.2021 18:26",
            "open": "1.4919",
            "high": "1.4919",
            "low": "1.4919",
            "close": "1.4948"
        },
        {
            "time": "24.01.2021 18:30",
            "open": "1.4948",
            "high": "1.4948",
            "low": "1.4948",
            "close": "1.495"
        },
        {
            "time": "24.01.2021 18:32",
            "open": "1.495",
            "high": "1.4973",
            "low": "1.495",
            "close": "1.4958"
        },
        {
            "time": "24.01.2021 18:35",
            "open": "1.4958",
            "high": "1.4958",
            "low": "1.4958",
            "close": "1.5"
        },
        {
            "time": "24.01.2021 18:38",
            "open": "1.5",
            "high": "1.5",
            "low": "1.5",
            "close": "1.5002"
        },
        {
            "time": "24.01.2021 18:49",
            "open": "1.5002",
            "high": "1.5002",
            "low": "1.5002",
            "close": "1.501"
        },
        {
            "time": "24.01.2021 18:50",
            "open": "1.501",
            "high": "1.501",
            "low": "1.501",
            "close": "1.496"
        },
        {
            "time": "24.01.2021 18:55",
            "open": "1.496",
            "high": "1.496",
            "low": "1.496",
            "close": "1.4929"
        },
        {
            "time": "24.01.2021 19:07",
            "open": "1.4929",
            "high": "1.4929",
            "low": "1.49",
            "close": "1.4932"
        },
        {
            "time": "24.01.2021 19:20",
            "open": "1.4932",
            "high": "1.4932",
            "low": "1.493",
            "close": "1.4902"
        },
        {
            "time": "24.01.2021 19:23",
            "open": "1.4902",
            "high": "1.4902",
            "low": "1.4902",
            "close": "1.4943"
        },
        {
            "time": "24.01.2021 19:26",
            "open": "1.4943",
            "high": "1.4943",
            "low": "1.4943",
            "close": "1.4938"
        },
        {
            "time": "24.01.2021 19:30",
            "open": "1.4938",
            "high": "1.4938",
            "low": "1.4938",
            "close": "1.5"
        },
        {
            "time": "24.01.2021 19:47",
            "open": "1.5",
            "high": "1.5032",
            "low": "1.5",
            "close": "1.5032"
        },
        {
            "time": "24.01.2021 19:48",
            "open": "1.5032",
            "high": "1.5062",
            "low": "1.5032",
            "close": "1.5045"
        },
        {
            "time": "24.01.2021 19:50",
            "open": "1.5045",
            "high": "1.5084",
            "low": "1.5045",
            "close": "1.5091"
        },
        {
            "time": "24.01.2021 19:53",
            "open": "1.5091",
            "high": "1.5094",
            "low": "1.5091",
            "close": "1.5086"
        },
        {
            "time": "24.01.2021 19:54",
            "open": "1.5086",
            "high": "1.5086",
            "low": "1.5086",
            "close": "1.5072"
        },
        {
            "time": "24.01.2021 19:56",
            "open": "1.5072",
            "high": "1.5072",
            "low": "1.5072",
            "close": "1.5071"
        },
        {
            "time": "24.01.2021 19:59",
            "open": "1.5071",
            "high": "1.5071",
            "low": "1.5071",
            "close": "1.5092"
        },
        {
            "time": "24.01.2021 20:04",
            "open": "1.5092",
            "high": "1.5092",
            "low": "1.5092",
            "close": "1.5092"
        },
        {
            "time": "24.01.2021 20:07",
            "open": "1.5092",
            "high": "1.5092",
            "low": "1.5092",
            "close": "1.5054"
        },
        {
            "time": "24.01.2021 20:11",
            "open": "1.5061",
            "high": "1.5061",
            "low": "1.5061",
            "close": "1.4969"
        },
        {
            "time": "24.01.2021 20:13",
            "open": "1.4969",
            "high": "1.4969",
            "low": "1.4969",
            "close": "1.4928"
        },
        {
            "time": "24.01.2021 20:14",
            "open": "1.4928",
            "high": "1.4928",
            "low": "1.4926",
            "close": "1.4868"
        },
        {
            "time": "24.01.2021 20:15",
            "open": "1.4868",
            "high": "1.4868",
            "low": "1.4868",
            "close": "1.4853"
        },
        {
            "time": "24.01.2021 20:16",
            "open": "1.4853",
            "high": "1.4853",
            "low": "1.4853",
            "close": "1.4831"
        },
        {
            "time": "24.01.2021 20:17",
            "open": "1.4831",
            "high": "1.4882",
            "low": "1.4831",
            "close": "1.484"
        },
        {
            "time": "24.01.2021 20:18",
            "open": "1.484",
            "high": "1.484",
            "low": "1.4835",
            "close": "1.4839"
        },
        {
            "time": "24.01.2021 20:19",
            "open": "1.4839",
            "high": "1.4839",
            "low": "1.4839",
            "close": "1.4853"
        },
        {
            "time": "24.01.2021 20:20",
            "open": "1.4853",
            "high": "1.4853",
            "low": "1.4788",
            "close": "1.4792"
        },
        {
            "time": "24.01.2021 20:27",
            "open": "1.4792",
            "high": "1.4792",
            "low": "1.4791",
            "close": "1.4773"
        },
        {
            "time": "24.01.2021 20:28",
            "open": "1.4773",
            "high": "1.4774",
            "low": "1.4773",
            "close": "1.4613"
        },
        {
            "time": "24.01.2021 20:30",
            "open": "1.4613",
            "high": "1.4613",
            "low": "1.4613",
            "close": "1.458"
        },
        {
            "time": "24.01.2021 20:31",
            "open": "1.458",
            "high": "1.458",
            "low": "1.458",
            "close": "1.4682"
        },
        {
            "time": "24.01.2021 20:35",
            "open": "1.4682",
            "high": "1.4682",
            "low": "1.4682",
            "close": "1.473"
        },
        {
            "time": "24.01.2021 20:36",
            "open": "1.473",
            "high": "1.473",
            "low": "1.473",
            "close": "1.4729"
        },
        {
            "time": "24.01.2021 20:37",
            "open": "1.4729",
            "high": "1.4729",
            "low": "1.4729",
            "close": "1.469"
        },
        {
            "time": "24.01.2021 20:39",
            "open": "1.469",
            "high": "1.469",
            "low": "1.469",
            "close": "1.472"
        },
        {
            "time": "24.01.2021 20:52",
            "open": "1.472",
            "high": "1.472",
            "low": "1.472",
            "close": "1.4686"
        },
        {
            "time": "24.01.2021 20:54",
            "open": "1.4686",
            "high": "1.4686",
            "low": "1.4686",
            "close": "1.4747"
        },
        {
            "time": "24.01.2021 20:55",
            "open": "1.4747",
            "high": "1.4747",
            "low": "1.4747",
            "close": "1.4795"
        },
        {
            "time": "24.01.2021 21:01",
            "open": "1.4795",
            "high": "1.4795",
            "low": "1.4795",
            "close": "1.4817"
        },
        {
            "time": "24.01.2021 21:03",
            "open": "1.4817",
            "high": "1.4817",
            "low": "1.4817",
            "close": "1.4817"
        },
        {
            "time": "24.01.2021 21:18",
            "open": "1.4817",
            "high": "1.4817",
            "low": "1.4817",
            "close": "1.4923"
        },
        {
            "time": "24.01.2021 21:27",
            "open": "1.4923",
            "high": "1.4923",
            "low": "1.4923",
            "close": "1.4929"
        },
        {
            "time": "24.01.2021 21:35",
            "open": "1.4929",
            "high": "1.493",
            "low": "1.4929",
            "close": "1.5"
        },
        {
            "time": "24.01.2021 21:38",
            "open": "1.5",
            "high": "1.5",
            "low": "1.5",
            "close": "1.4984"
        },
        {
            "time": "24.01.2021 21:39",
            "open": "1.4984",
            "high": "1.4985",
            "low": "1.4984",
            "close": "1.496"
        },
        {
            "time": "24.01.2021 21:43",
            "open": "1.496",
            "high": "1.496",
            "low": "1.496",
            "close": "1.4888"
        },
        {
            "time": "24.01.2021 21:50",
            "open": "1.4888",
            "high": "1.4888",
            "low": "1.4883",
            "close": "1.4915"
        },
        {
            "time": "24.01.2021 21:52",
            "open": "1.4915",
            "high": "1.4915",
            "low": "1.4915",
            "close": "1.4949"
        },
        {
            "time": "24.01.2021 21:54",
            "open": "1.4949",
            "high": "1.4949",
            "low": "1.4949",
            "close": "1.4892"
        },
        {
            "time": "24.01.2021 22:02",
            "open": "1.4892",
            "high": "1.4892",
            "low": "1.4892",
            "close": "1.495"
        },
        {
            "time": "24.01.2021 22:07",
            "open": "1.495",
            "high": "1.495",
            "low": "1.495",
            "close": "1.4933"
        },
        {
            "time": "24.01.2021 22:09",
            "open": "1.4933",
            "high": "1.4933",
            "low": "1.4933",
            "close": "1.4992"
        },
        {
            "time": "24.01.2021 22:15",
            "open": "1.4992",
            "high": "1.4992",
            "low": "1.4992",
            "close": "1.5"
        },
        {
            "time": "24.01.2021 22:19",
            "open": "1.5",
            "high": "1.5",
            "low": "1.5",
            "close": "1.5093"
        },
        {
            "time": "24.01.2021 22:21",
            "open": "1.5093",
            "high": "1.5094",
            "low": "1.5093",
            "close": "1.51"
        },
        {
            "time": "24.01.2021 22:22",
            "open": "1.51",
            "high": "1.5105",
            "low": "1.51",
            "close": "1.5104"
        },
        {
            "time": "24.01.2021 22:23",
            "open": "1.5104",
            "high": "1.5104",
            "low": "1.5104",
            "close": "1.5105"
        },
        {
            "time": "24.01.2021 22:25",
            "open": "1.5105",
            "high": "1.5119",
            "low": "1.5105",
            "close": "1.51"
        },
        {
            "time": "24.01.2021 22:26",
            "open": "1.51",
            "high": "1.51",
            "low": "1.5073",
            "close": "1.5086"
        },
        {
            "time": "24.01.2021 22:41",
            "open": "1.5086",
            "high": "1.5086",
            "low": "1.5086",
            "close": "1.5073"
        },
        {
            "time": "24.01.2021 22:43",
            "open": "1.5073",
            "high": "1.5073",
            "low": "1.507",
            "close": "1.5109"
        },
        {
            "time": "24.01.2021 22:46",
            "open": "1.5109",
            "high": "1.5109",
            "low": "1.5109",
            "close": "1.511"
        },
        {
            "time": "24.01.2021 22:51",
            "open": "1.511",
            "high": "1.511",
            "low": "1.511",
            "close": "1.511"
        },
        {
            "time": "24.01.2021 22:53",
            "open": "1.511",
            "high": "1.5165",
            "low": "1.511",
            "close": "1.5171"
        },
        {
            "time": "24.01.2021 22:54",
            "open": "1.5171",
            "high": "1.5171",
            "low": "1.5171",
            "close": "1.5172"
        },
        {
            "time": "24.01.2021 22:55",
            "open": "1.5172",
            "high": "1.5173",
            "low": "1.5172",
            "close": "1.5169"
        },
        {
            "time": "24.01.2021 22:56",
            "open": "1.5169",
            "high": "1.5171",
            "low": "1.5168",
            "close": "1.5171"
        },
        {
            "time": "24.01.2021 22:57",
            "open": "1.5171",
            "high": "1.5171",
            "low": "1.5171",
            "close": "1.5171"
        },
        {
            "time": "24.01.2021 22:58",
            "open": "1.5171",
            "high": "1.5171",
            "low": "1.5149",
            "close": "1.5028"
        },
        {
            "time": "24.01.2021 23:05",
            "open": "1.5028",
            "high": "1.5063",
            "low": "1.5028",
            "close": "1.5045"
        },
        {
            "time": "24.01.2021 23:09",
            "open": "1.5045",
            "high": "1.5045",
            "low": "1.5045",
            "close": "1.5126"
        },
        {
            "time": "24.01.2021 23:10",
            "open": "1.5126",
            "high": "1.5126",
            "low": "1.5113",
            "close": "1.5166"
        },
        {
            "time": "24.01.2021 23:13",
            "open": "1.5166",
            "high": "1.5166",
            "low": "1.5166",
            "close": "1.5153"
        },
        {
            "time": "24.01.2021 23:19",
            "open": "1.5153",
            "high": "1.5153",
            "low": "1.5153",
            "close": "1.51"
        },
        {
            "time": "24.01.2021 23:21",
            "open": "1.51",
            "high": "1.51",
            "low": "1.51",
            "close": "1.5053"
        },
        {
            "time": "24.01.2021 23:23",
            "open": "1.5053",
            "high": "1.5053",
            "low": "1.5053",
            "close": "1.5056"
        },
        {
            "time": "24.01.2021 23:24",
            "open": "1.5056",
            "high": "1.5056",
            "low": "1.5056",
            "close": "1.5026"
        },
        {
            "time": "24.01.2021 23:25",
            "open": "1.5026",
            "high": "1.5026",
            "low": "1.5026",
            "close": "1.5172"
        },
        {
            "time": "24.01.2021 23:33",
            "open": "1.5172",
            "high": "1.5173",
            "low": "1.5172",
            "close": "1.5173"
        },
        {
            "time": "24.01.2021 23:34",
            "open": "1.5173",
            "high": "1.5173",
            "low": "1.5173",
            "close": "1.5196"
        },
        {
            "time": "24.01.2021 23:36",
            "open": "1.5196",
            "high": "1.5196",
            "low": "1.5196",
            "close": "1.5196"
        },
        {
            "time": "24.01.2021 23:38",
            "open": "1.5196",
            "high": "1.52",
            "low": "1.5196",
            "close": "1.52"
        },
        {
            "time": "24.01.2021 23:39",
            "open": "1.52",
            "high": "1.52",
            "low": "1.52",
            "close": "1.5207"
        },
        {
            "time": "24.01.2021 23:40",
            "open": "1.5207",
            "high": "1.5207",
            "low": "1.5207",
            "close": "1.5183"
        },
        {
            "time": "24.01.2021 23:48",
            "open": "1.5183",
            "high": "1.5207",
            "low": "1.5183",
            "close": "1.5207"
        },
        {
            "time": "24.01.2021 23:49",
            "open": "1.5207",
            "high": "1.5214",
            "low": "1.5207",
            "close": "1.5203"
        },
        {
            "time": "24.01.2021 23:50",
            "open": "1.5203",
            "high": "1.5203",
            "low": "1.5203",
            "close": "1.516"
        },
        {
            "time": "24.01.2021 23:55",
            "open": "1.516",
            "high": "1.5161",
            "low": "1.516",
            "close": "1.5158"
        }
    ]
}