{
    "BNT-EUR": [
        {
            "time": "14.06.2021 23:31",
            "open": "3.3222",
            "high": "3.3226",
            "low": "3.3222",
            "close": "3.3259"
        },
        {
            "time": "15.06.2021 00:04",
            "open": "3.3259",
            "high": "3.3259",
            "low": "3.3259",
            "close": "3.319"
        },
        {
            "time": "15.06.2021 00:28",
            "open": "3.319",
            "high": "3.319",
            "low": "3.319",
            "close": "3.3391"
        },
        {
            "time": "15.06.2021 00:45",
            "open": "3.3391",
            "high": "3.3391",
            "low": "3.3227",
            "close": "3.3261"
        },
        {
            "time": "15.06.2021 00:48",
            "open": "3.3261",
            "high": "3.3283",
            "low": "3.3261",
            "close": "3.3283"
        },
        {
            "time": "15.06.2021 01:02",
            "open": "3.3283",
            "high": "3.3283",
            "low": "3.3283",
            "close": "3.3218"
        },
        {
            "time": "15.06.2021 01:13",
            "open": "3.3218",
            "high": "3.3275",
            "low": "3.3218",
            "close": "3.3492"
        },
        {
            "time": "15.06.2021 01:34",
            "open": "3.3492",
            "high": "3.3492",
            "low": "3.3492",
            "close": "3.3562"
        },
        {
            "time": "15.06.2021 02:02",
            "open": "3.3562",
            "high": "3.3743",
            "low": "3.3562",
            "close": "3.3516"
        },
        {
            "time": "15.06.2021 02:06",
            "open": "3.3516",
            "high": "3.3516",
            "low": "3.3516",
            "close": "3.3506"
        },
        {
            "time": "15.06.2021 02:11",
            "open": "3.3506",
            "high": "3.3506",
            "low": "3.3506",
            "close": "3.3743"
        },
        {
            "time": "15.06.2021 02:18",
            "open": "3.3743",
            "high": "3.3816",
            "low": "3.3743",
            "close": "3.3817"
        },
        {
            "time": "15.06.2021 02:20",
            "open": "3.3817",
            "high": "3.3826",
            "low": "3.3817",
            "close": "3.386"
        },
        {
            "time": "15.06.2021 02:32",
            "open": "3.386",
            "high": "3.386",
            "low": "3.386",
            "close": "3.3837"
        },
        {
            "time": "15.06.2021 02:33",
            "open": "3.3837",
            "high": "3.3837",
            "low": "3.3837",
            "close": "3.3902"
        },
        {
            "time": "15.06.2021 02:34",
            "open": "3.3902",
            "high": "3.3912",
            "low": "3.3902",
            "close": "3.3779"
        },
        {
            "time": "15.06.2021 03:01",
            "open": "3.3779",
            "high": "3.3779",
            "low": "3.3779",
            "close": "3.3736"
        },
        {
            "time": "15.06.2021 03:09",
            "open": "3.3736",
            "high": "3.3736",
            "low": "3.3736",
            "close": "3.3455"
        },
        {
            "time": "15.06.2021 04:04",
            "open": "3.3455",
            "high": "3.3455",
            "low": "3.3455",
            "close": "3.3748"
        },
        {
            "time": "15.06.2021 05:37",
            "open": "3.3748",
            "high": "3.3748",
            "low": "3.3748",
            "close": "3.3695"
        },
        {
            "time": "15.06.2021 05:54",
            "open": "3.3695",
            "high": "3.3695",
            "low": "3.3688",
            "close": "3.3805"
        },
        {
            "time": "15.06.2021 06:15",
            "open": "3.3805",
            "high": "3.3909",
            "low": "3.3805",
            "close": "3.3871"
        },
        {
            "time": "15.06.2021 06:18",
            "open": "3.3871",
            "high": "3.3871",
            "low": "3.3773",
            "close": "3.399"
        },
        {
            "time": "15.06.2021 06:22",
            "open": "3.399",
            "high": "3.399",
            "low": "3.3933",
            "close": "3.3954"
        },
        {
            "time": "15.06.2021 06:29",
            "open": "3.3954",
            "high": "3.3954",
            "low": "3.3954",
            "close": "3.3983"
        },
        {
            "time": "15.06.2021 06:31",
            "open": "3.3983",
            "high": "3.3983",
            "low": "3.3983",
            "close": "3.4026"
        },
        {
            "time": "15.06.2021 06:34",
            "open": "3.4026",
            "high": "3.4038",
            "low": "3.4026",
            "close": "3.4"
        },
        {
            "time": "15.06.2021 06:35",
            "open": "3.4",
            "high": "3.4",
            "low": "3.3996",
            "close": "3.4063"
        },
        {
            "time": "15.06.2021 06:42",
            "open": "3.4063",
            "high": "3.4077",
            "low": "3.4063",
            "close": "3.4148"
        },
        {
            "time": "15.06.2021 06:50",
            "open": "3.4148",
            "high": "3.4148",
            "low": "3.4148",
            "close": "3.4172"
        },
        {
            "time": "15.06.2021 06:51",
            "open": "3.4172",
            "high": "3.4172",
            "low": "3.4172",
            "close": "3.4326"
        },
        {
            "time": "15.06.2021 07:02",
            "open": "3.4326",
            "high": "3.4326",
            "low": "3.4326",
            "close": "3.4293"
        },
        {
            "time": "15.06.2021 07:03",
            "open": "3.4293",
            "high": "3.4293",
            "low": "3.4293",
            "close": "3.408"
        },
        {
            "time": "15.06.2021 07:31",
            "open": "3.408",
            "high": "3.408",
            "low": "3.408",
            "close": "3.4111"
        },
        {
            "time": "15.06.2021 07:44",
            "open": "3.4111",
            "high": "3.4113",
            "low": "3.4111",
            "close": "3.4216"
        },
        {
            "time": "15.06.2021 08:02",
            "open": "3.4216",
            "high": "3.4224",
            "low": "3.4216",
            "close": "3.4213"
        },
        {
            "time": "15.06.2021 08:10",
            "open": "3.4213",
            "high": "3.4213",
            "low": "3.4213",
            "close": "3.4329"
        },
        {
            "time": "15.06.2021 08:14",
            "open": "3.4329",
            "high": "3.4329",
            "low": "3.4329",
            "close": "3.4354"
        },
        {
            "time": "15.06.2021 08:15",
            "open": "3.4354",
            "high": "3.4354",
            "low": "3.4354",
            "close": "3.4058"
        },
        {
            "time": "15.06.2021 09:04",
            "open": "3.4058",
            "high": "3.4058",
            "low": "3.4058",
            "close": "3.3958"
        },
        {
            "time": "15.06.2021 09:05",
            "open": "3.3958",
            "high": "3.3961",
            "low": "3.3958",
            "close": "3.3922"
        },
        {
            "time": "15.06.2021 09:24",
            "open": "3.3922",
            "high": "3.3922",
            "low": "3.3922",
            "close": "3.3948"
        },
        {
            "time": "15.06.2021 09:38",
            "open": "3.3948",
            "high": "3.3948",
            "low": "3.3948",
            "close": "3.3915"
        },
        {
            "time": "15.06.2021 09:41",
            "open": "3.3915",
            "high": "3.3915",
            "low": "3.3915",
            "close": "3.3965"
        },
        {
            "time": "15.06.2021 09:47",
            "open": "3.3965",
            "high": "3.3966",
            "low": "3.3965",
            "close": "3.405"
        },
        {
            "time": "15.06.2021 09:55",
            "open": "3.405",
            "high": "3.405",
            "low": "3.405",
            "close": "3.4049"
        },
        {
            "time": "15.06.2021 10:37",
            "open": "3.4049",
            "high": "3.4049",
            "low": "3.3963",
            "close": "3.3465"
        },
        {
            "time": "15.06.2021 11:00",
            "open": "3.3465",
            "high": "3.3465",
            "low": "3.3464",
            "close": "3.3508"
        },
        {
            "time": "15.06.2021 11:01",
            "open": "3.3508",
            "high": "3.3508",
            "low": "3.3508",
            "close": "3.3436"
        },
        {
            "time": "15.06.2021 11:12",
            "open": "3.3436",
            "high": "3.3436",
            "low": "3.3436",
            "close": "3.3428"
        },
        {
            "time": "15.06.2021 11:18",
            "open": "3.3428",
            "high": "3.3428",
            "low": "3.3428",
            "close": "3.3792"
        },
        {
            "time": "15.06.2021 11:25",
            "open": "3.3792",
            "high": "3.3812",
            "low": "3.3792",
            "close": "3.3806"
        },
        {
            "time": "15.06.2021 11:27",
            "open": "3.3806",
            "high": "3.3806",
            "low": "3.3806",
            "close": "3.3775"
        },
        {
            "time": "15.06.2021 11:31",
            "open": "3.3775",
            "high": "3.3775",
            "low": "3.3775",
            "close": "3.3724"
        },
        {
            "time": "15.06.2021 11:34",
            "open": "3.3724",
            "high": "3.3724",
            "low": "3.3724",
            "close": "3.3753"
        },
        {
            "time": "15.06.2021 11:45",
            "open": "3.3753",
            "high": "3.3753",
            "low": "3.3753",
            "close": "3.3828"
        },
        {
            "time": "15.06.2021 11:57",
            "open": "3.3828",
            "high": "3.3881",
            "low": "3.3827",
            "close": "3.3916"
        },
        {
            "time": "15.06.2021 11:58",
            "open": "3.3916",
            "high": "3.408",
            "low": "3.3858",
            "close": "3.3795"
        },
        {
            "time": "15.06.2021 11:59",
            "open": "3.3795",
            "high": "3.3795",
            "low": "3.3795",
            "close": "3.4005"
        },
        {
            "time": "15.06.2021 12:01",
            "open": "3.4005",
            "high": "3.4023",
            "low": "3.3989",
            "close": "3.397"
        },
        {
            "time": "15.06.2021 12:02",
            "open": "3.397",
            "high": "3.397",
            "low": "3.3861",
            "close": "3.3875"
        },
        {
            "time": "15.06.2021 12:03",
            "open": "3.3875",
            "high": "3.3875",
            "low": "3.3875",
            "close": "3.3875"
        },
        {
            "time": "15.06.2021 12:04",
            "open": "3.3875",
            "high": "3.3875",
            "low": "3.3859",
            "close": "3.3827"
        },
        {
            "time": "15.06.2021 12:05",
            "open": "3.3827",
            "high": "3.3827",
            "low": "3.3826",
            "close": "3.3827"
        },
        {
            "time": "15.06.2021 12:09",
            "open": "3.3827",
            "high": "3.3827",
            "low": "3.3827",
            "close": "3.383"
        },
        {
            "time": "15.06.2021 12:20",
            "open": "3.383",
            "high": "3.383",
            "low": "3.383",
            "close": "3.3776"
        },
        {
            "time": "15.06.2021 12:33",
            "open": "3.3776",
            "high": "3.3776",
            "low": "3.3776",
            "close": "3.376"
        },
        {
            "time": "15.06.2021 12:37",
            "open": "3.376",
            "high": "3.376",
            "low": "3.376",
            "close": "3.3779"
        },
        {
            "time": "15.06.2021 12:40",
            "open": "3.3779",
            "high": "3.3779",
            "low": "3.3779",
            "close": "3.3739"
        },
        {
            "time": "15.06.2021 12:54",
            "open": "3.3739",
            "high": "3.3739",
            "low": "3.3739",
            "close": "3.3798"
        },
        {
            "time": "15.06.2021 13:13",
            "open": "3.3798",
            "high": "3.3798",
            "low": "3.3798",
            "close": "3.3733"
        },
        {
            "time": "15.06.2021 13:19",
            "open": "3.3733",
            "high": "3.3733",
            "low": "3.3733",
            "close": "3.3525"
        },
        {
            "time": "15.06.2021 13:41",
            "open": "3.3525",
            "high": "3.3525",
            "low": "3.3524",
            "close": "3.3522"
        },
        {
            "time": "15.06.2021 13:45",
            "open": "3.3522",
            "high": "3.3532",
            "low": "3.3522",
            "close": "3.3567"
        },
        {
            "time": "15.06.2021 13:57",
            "open": "3.3567",
            "high": "3.365",
            "low": "3.3567",
            "close": "3.3767"
        },
        {
            "time": "15.06.2021 14:03",
            "open": "3.3767",
            "high": "3.3803",
            "low": "3.3767",
            "close": "3.3859"
        },
        {
            "time": "15.06.2021 14:06",
            "open": "3.3859",
            "high": "3.3859",
            "low": "3.3859",
            "close": "3.3892"
        },
        {
            "time": "15.06.2021 14:07",
            "open": "3.3892",
            "high": "3.3892",
            "low": "3.3867",
            "close": "3.3839"
        },
        {
            "time": "15.06.2021 14:10",
            "open": "3.3839",
            "high": "3.3839",
            "low": "3.3839",
            "close": "3.3866"
        },
        {
            "time": "15.06.2021 14:11",
            "open": "3.3866",
            "high": "3.3867",
            "low": "3.3866",
            "close": "3.3886"
        },
        {
            "time": "15.06.2021 14:14",
            "open": "3.3886",
            "high": "3.3886",
            "low": "3.3886",
            "close": "3.3928"
        },
        {
            "time": "15.06.2021 14:34",
            "open": "3.3928",
            "high": "3.3929",
            "low": "3.3928",
            "close": "3.3886"
        },
        {
            "time": "15.06.2021 14:35",
            "open": "3.3886",
            "high": "3.3886",
            "low": "3.3886",
            "close": "3.3839"
        },
        {
            "time": "15.06.2021 14:39",
            "open": "3.3839",
            "high": "3.3839",
            "low": "3.3839",
            "close": "3.3701"
        },
        {
            "time": "15.06.2021 14:42",
            "open": "3.3701",
            "high": "3.3701",
            "low": "3.3701",
            "close": "3.3777"
        },
        {
            "time": "15.06.2021 14:50",
            "open": "3.3777",
            "high": "3.3777",
            "low": "3.377",
            "close": "3.3967"
        },
        {
            "time": "15.06.2021 14:51",
            "open": "3.3967",
            "high": "3.4093",
            "low": "3.3912",
            "close": "3.3931"
        },
        {
            "time": "15.06.2021 14:52",
            "open": "3.3931",
            "high": "3.3931",
            "low": "3.3913",
            "close": "3.391"
        },
        {
            "time": "15.06.2021 14:53",
            "open": "3.391",
            "high": "3.391",
            "low": "3.3894",
            "close": "3.3878"
        },
        {
            "time": "15.06.2021 14:54",
            "open": "3.3878",
            "high": "3.3895",
            "low": "3.3878",
            "close": "3.3886"
        },
        {
            "time": "15.06.2021 14:55",
            "open": "3.3886",
            "high": "3.3886",
            "low": "3.3878",
            "close": "3.3749"
        },
        {
            "time": "15.06.2021 15:58",
            "open": "3.3749",
            "high": "3.377",
            "low": "3.3749",
            "close": "3.338"
        },
        {
            "time": "15.06.2021 16:25",
            "open": "3.338",
            "high": "3.338",
            "low": "3.338",
            "close": "3.3205"
        },
        {
            "time": "15.06.2021 16:33",
            "open": "3.3205",
            "high": "3.3205",
            "low": "3.3205",
            "close": "3.3205"
        },
        {
            "time": "15.06.2021 16:34",
            "open": "3.3205",
            "high": "3.3205",
            "low": "3.3205",
            "close": "3.3315"
        },
        {
            "time": "15.06.2021 16:55",
            "open": "3.3315",
            "high": "3.3315",
            "low": "3.3315",
            "close": "3.3335"
        },
        {
            "time": "15.06.2021 18:12",
            "open": "3.3335",
            "high": "3.3335",
            "low": "3.3335",
            "close": "3.3367"
        },
        {
            "time": "15.06.2021 18:23",
            "open": "3.3367",
            "high": "3.3533",
            "low": "3.3367",
            "close": "3.3491"
        },
        {
            "time": "15.06.2021 18:25",
            "open": "3.3491",
            "high": "3.3491",
            "low": "3.3491",
            "close": "3.3432"
        },
        {
            "time": "15.06.2021 18:27",
            "open": "3.3432",
            "high": "3.3432",
            "low": "3.3428",
            "close": "3.3395"
        },
        {
            "time": "15.06.2021 18:28",
            "open": "3.3395",
            "high": "3.3395",
            "low": "3.3395",
            "close": "3.3365"
        },
        {
            "time": "15.06.2021 18:30",
            "open": "3.3365",
            "high": "3.3411",
            "low": "3.3356",
            "close": "3.3389"
        },
        {
            "time": "15.06.2021 18:54",
            "open": "3.3389",
            "high": "3.3389",
            "low": "3.3386",
            "close": "3.3402"
        },
        {
            "time": "15.06.2021 19:02",
            "open": "3.3402",
            "high": "3.3402",
            "low": "3.3402",
            "close": "3.3428"
        },
        {
            "time": "15.06.2021 19:04",
            "open": "3.3428",
            "high": "3.3428",
            "low": "3.3426",
            "close": "3.3528"
        },
        {
            "time": "15.06.2021 19:14",
            "open": "3.3528",
            "high": "3.3529",
            "low": "3.3528",
            "close": "3.3583"
        },
        {
            "time": "15.06.2021 19:55",
            "open": "3.3583",
            "high": "3.3586",
            "low": "3.3583",
            "close": "3.3572"
        },
        {
            "time": "15.06.2021 19:56",
            "open": "3.3572",
            "high": "3.3572",
            "low": "3.3572",
            "close": "3.3586"
        },
        {
            "time": "15.06.2021 19:57",
            "open": "3.3586",
            "high": "3.3586",
            "low": "3.3586",
            "close": "3.3642"
        },
        {
            "time": "15.06.2021 20:01",
            "open": "3.3642",
            "high": "3.3925",
            "low": "3.3642",
            "close": "3.3841"
        },
        {
            "time": "15.06.2021 20:02",
            "open": "3.3841",
            "high": "3.3841",
            "low": "3.384",
            "close": "3.3921"
        },
        {
            "time": "15.06.2021 20:03",
            "open": "3.3921",
            "high": "3.395",
            "low": "3.3921",
            "close": "3.3988"
        },
        {
            "time": "15.06.2021 20:04",
            "open": "3.3988",
            "high": "3.4055",
            "low": "3.3988",
            "close": "3.4075"
        },
        {
            "time": "15.06.2021 20:05",
            "open": "3.4075",
            "high": "3.4075",
            "low": "3.4074",
            "close": "3.4108"
        },
        {
            "time": "15.06.2021 20:06",
            "open": "3.4108",
            "high": "3.4108",
            "low": "3.4108",
            "close": "3.3979"
        },
        {
            "time": "15.06.2021 20:28",
            "open": "3.3979",
            "high": "3.398",
            "low": "3.3979",
            "close": "3.3924"
        },
        {
            "time": "15.06.2021 20:42",
            "open": "3.3927",
            "high": "3.3927",
            "low": "3.3927",
            "close": "3.3849"
        },
        {
            "time": "15.06.2021 20:45",
            "open": "3.3849",
            "high": "3.3849",
            "low": "3.3849",
            "close": "3.3824"
        },
        {
            "time": "15.06.2021 20:46",
            "open": "3.3824",
            "high": "3.3824",
            "low": "3.378",
            "close": "3.3599"
        },
        {
            "time": "15.06.2021 21:03",
            "open": "3.3599",
            "high": "3.3599",
            "low": "3.3599",
            "close": "3.3435"
        },
        {
            "time": "15.06.2021 21:24",
            "open": "3.3435",
            "high": "3.3435",
            "low": "3.3414",
            "close": "3.3417"
        },
        {
            "time": "15.06.2021 21:26",
            "open": "3.3417",
            "high": "3.3417",
            "low": "3.33",
            "close": "3.3179"
        },
        {
            "time": "15.06.2021 21:39",
            "open": "3.3179",
            "high": "3.3709",
            "low": "3.3179",
            "close": "3.3198"
        },
        {
            "time": "15.06.2021 21:40",
            "open": "3.3198",
            "high": "3.3198",
            "low": "3.3198",
            "close": "3.3203"
        },
        {
            "time": "15.06.2021 21:41",
            "open": "3.3203",
            "high": "3.3203",
            "low": "3.3198",
            "close": "3.3094"
        },
        {
            "time": "15.06.2021 21:42",
            "open": "3.3094",
            "high": "3.3128",
            "low": "3.3094",
            "close": "3.3112"
        },
        {
            "time": "15.06.2021 21:43",
            "open": "3.3112",
            "high": "3.3146",
            "low": "3.3112",
            "close": "3.3061"
        },
        {
            "time": "15.06.2021 21:53",
            "open": "3.3061",
            "high": "3.3061",
            "low": "3.3013",
            "close": "3.3022"
        },
        {
            "time": "15.06.2021 21:54",
            "open": "3.3022",
            "high": "3.3022",
            "low": "3.3021",
            "close": "3.3"
        },
        {
            "time": "15.06.2021 21:57",
            "open": "3.3",
            "high": "3.3",
            "low": "3.3",
            "close": "3.2871"
        },
        {
            "time": "15.06.2021 22:07",
            "open": "3.2871",
            "high": "3.288",
            "low": "3.2871",
            "close": "3.288"
        },
        {
            "time": "15.06.2021 22:11",
            "open": "3.288",
            "high": "3.288",
            "low": "3.288",
            "close": "3.2893"
        },
        {
            "time": "15.06.2021 22:15",
            "open": "3.2893",
            "high": "3.2893",
            "low": "3.2893",
            "close": "3.2944"
        },
        {
            "time": "15.06.2021 22:16",
            "open": "3.2944",
            "high": "3.2944",
            "low": "3.2944",
            "close": "3.2989"
        },
        {
            "time": "15.06.2021 22:29",
            "open": "3.2989",
            "high": "3.2989",
            "low": "3.2989",
            "close": "3.2866"
        },
        {
            "time": "15.06.2021 22:54",
            "open": "3.2866",
            "high": "3.2866",
            "low": "3.2865",
            "close": "3.2864"
        },
        {
            "time": "15.06.2021 22:56",
            "open": "3.2864",
            "high": "3.2865",
            "low": "3.2864",
            "close": "3.3069"
        },
        {
            "time": "15.06.2021 23:23",
            "open": "3.3069",
            "high": "3.3069",
            "low": "3.3069",
            "close": "3.3011"
        },
        {
            "time": "15.06.2021 23:42",
            "open": "3.3011",
            "high": "3.3011",
            "low": "3.3011",
            "close": "3.3059"
        }
    ]
}