{
    "BNT-EUR": [
        {
            "time": "07.08.2021 23:58",
            "open": "3.3049",
            "high": "3.3049",
            "low": "3.3049",
            "close": "3.3026"
        },
        {
            "time": "08.08.2021 00:01",
            "open": "3.3026",
            "high": "3.3102",
            "low": "3.3026",
            "close": "3.3192"
        },
        {
            "time": "08.08.2021 00:03",
            "open": "3.3192",
            "high": "3.3209",
            "low": "3.3192",
            "close": "3.3308"
        },
        {
            "time": "08.08.2021 00:04",
            "open": "3.3308",
            "high": "3.3308",
            "low": "3.3304",
            "close": "3.3196"
        },
        {
            "time": "08.08.2021 00:06",
            "open": "3.3196",
            "high": "3.3196",
            "low": "3.3196",
            "close": "3.3159"
        },
        {
            "time": "08.08.2021 00:16",
            "open": "3.3159",
            "high": "3.3159",
            "low": "3.3159",
            "close": "3.3223"
        },
        {
            "time": "08.08.2021 00:21",
            "open": "3.3223",
            "high": "3.3223",
            "low": "3.3223",
            "close": "3.33"
        },
        {
            "time": "08.08.2021 01:00",
            "open": "3.33",
            "high": "3.33",
            "low": "3.33",
            "close": "3.3348"
        },
        {
            "time": "08.08.2021 01:12",
            "open": "3.3348",
            "high": "3.3348",
            "low": "3.3348",
            "close": "3.3552"
        },
        {
            "time": "08.08.2021 01:21",
            "open": "3.3552",
            "high": "3.3552",
            "low": "3.3552",
            "close": "3.3552"
        },
        {
            "time": "08.08.2021 01:30",
            "open": "3.3552",
            "high": "3.3552",
            "low": "3.3552",
            "close": "3.3591"
        },
        {
            "time": "08.08.2021 01:31",
            "open": "3.3591",
            "high": "3.3591",
            "low": "3.3591",
            "close": "3.3609"
        },
        {
            "time": "08.08.2021 01:35",
            "open": "3.3609",
            "high": "3.3609",
            "low": "3.3591",
            "close": "3.3527"
        },
        {
            "time": "08.08.2021 01:40",
            "open": "3.3527",
            "high": "3.3527",
            "low": "3.3527",
            "close": "3.3675"
        },
        {
            "time": "08.08.2021 01:41",
            "open": "3.3675",
            "high": "3.3702",
            "low": "3.3675",
            "close": "3.3842"
        },
        {
            "time": "08.08.2021 01:57",
            "open": "3.3842",
            "high": "3.3842",
            "low": "3.3842",
            "close": "3.3628"
        },
        {
            "time": "08.08.2021 02:00",
            "open": "3.3628",
            "high": "3.3628",
            "low": "3.3628",
            "close": "3.36"
        },
        {
            "time": "08.08.2021 02:01",
            "open": "3.36",
            "high": "3.36",
            "low": "3.36",
            "close": "3.365"
        },
        {
            "time": "08.08.2021 02:02",
            "open": "3.365",
            "high": "3.3699",
            "low": "3.365",
            "close": "3.383"
        },
        {
            "time": "08.08.2021 02:05",
            "open": "3.383",
            "high": "3.3845",
            "low": "3.383",
            "close": "3.3663"
        },
        {
            "time": "08.08.2021 02:07",
            "open": "3.3663",
            "high": "3.3663",
            "low": "3.3663",
            "close": "3.376"
        },
        {
            "time": "08.08.2021 02:15",
            "open": "3.376",
            "high": "3.376",
            "low": "3.3612",
            "close": "3.3693"
        },
        {
            "time": "08.08.2021 02:18",
            "open": "3.3693",
            "high": "3.3693",
            "low": "3.3693",
            "close": "3.3948"
        },
        {
            "time": "08.08.2021 02:23",
            "open": "3.3948",
            "high": "3.397",
            "low": "3.3939",
            "close": "3.4008"
        },
        {
            "time": "08.08.2021 02:24",
            "open": "3.4008",
            "high": "3.4012",
            "low": "3.4008",
            "close": "3.3675"
        },
        {
            "time": "08.08.2021 02:26",
            "open": "3.3675",
            "high": "3.3675",
            "low": "3.3675",
            "close": "3.3497"
        },
        {
            "time": "08.08.2021 02:27",
            "open": "3.3497",
            "high": "3.3497",
            "low": "3.3486",
            "close": "3.3588"
        },
        {
            "time": "08.08.2021 02:29",
            "open": "3.3588",
            "high": "3.3588",
            "low": "3.3588",
            "close": "3.3461"
        },
        {
            "time": "08.08.2021 02:31",
            "open": "3.3461",
            "high": "3.3461",
            "low": "3.3461",
            "close": "3.3671"
        },
        {
            "time": "08.08.2021 02:34",
            "open": "3.3671",
            "high": "3.3671",
            "low": "3.3671",
            "close": "3.344"
        },
        {
            "time": "08.08.2021 02:39",
            "open": "3.344",
            "high": "3.344",
            "low": "3.344",
            "close": "3.3578"
        },
        {
            "time": "08.08.2021 02:40",
            "open": "3.3578",
            "high": "3.3578",
            "low": "3.3578",
            "close": "3.3703"
        },
        {
            "time": "08.08.2021 02:47",
            "open": "3.3703",
            "high": "3.3703",
            "low": "3.3703",
            "close": "3.3828"
        },
        {
            "time": "08.08.2021 02:55",
            "open": "3.3828",
            "high": "3.3828",
            "low": "3.3828",
            "close": "3.3561"
        },
        {
            "time": "08.08.2021 03:12",
            "open": "3.3561",
            "high": "3.3561",
            "low": "3.3561",
            "close": "3.3266"
        },
        {
            "time": "08.08.2021 03:22",
            "open": "3.3266",
            "high": "3.3266",
            "low": "3.3266",
            "close": "3.3304"
        },
        {
            "time": "08.08.2021 03:30",
            "open": "3.3304",
            "high": "3.3304",
            "low": "3.3304",
            "close": "3.3159"
        },
        {
            "time": "08.08.2021 03:43",
            "open": "3.3159",
            "high": "3.3176",
            "low": "3.3159",
            "close": "3.3304"
        },
        {
            "time": "08.08.2021 03:46",
            "open": "3.3304",
            "high": "3.3304",
            "low": "3.3304",
            "close": "3.3239"
        },
        {
            "time": "08.08.2021 03:55",
            "open": "3.3225",
            "high": "3.3225",
            "low": "3.3225",
            "close": "3.2955"
        },
        {
            "time": "08.08.2021 04:24",
            "open": "3.2955",
            "high": "3.2955",
            "low": "3.2955",
            "close": "3.291"
        },
        {
            "time": "08.08.2021 04:25",
            "open": "3.291",
            "high": "3.291",
            "low": "3.291",
            "close": "3.3016"
        },
        {
            "time": "08.08.2021 04:26",
            "open": "3.3016",
            "high": "3.3016",
            "low": "3.3016",
            "close": "3.2986"
        },
        {
            "time": "08.08.2021 04:28",
            "open": "3.2986",
            "high": "3.2986",
            "low": "3.2986",
            "close": "3.303"
        },
        {
            "time": "08.08.2021 05:01",
            "open": "3.303",
            "high": "3.3117",
            "low": "3.303",
            "close": "3.3216"
        },
        {
            "time": "08.08.2021 05:10",
            "open": "3.3216",
            "high": "3.3216",
            "low": "3.3216",
            "close": "3.3224"
        },
        {
            "time": "08.08.2021 05:12",
            "open": "3.3224",
            "high": "3.3224",
            "low": "3.3224",
            "close": "3.3277"
        },
        {
            "time": "08.08.2021 05:18",
            "open": "3.3277",
            "high": "3.3277",
            "low": "3.3277",
            "close": "3.3436"
        },
        {
            "time": "08.08.2021 06:03",
            "open": "3.3436",
            "high": "3.3436",
            "low": "3.3436",
            "close": "3.3489"
        },
        {
            "time": "08.08.2021 06:04",
            "open": "3.3489",
            "high": "3.3505",
            "low": "3.3489",
            "close": "3.3321"
        },
        {
            "time": "08.08.2021 06:09",
            "open": "3.3321",
            "high": "3.3321",
            "low": "3.3321",
            "close": "3.3368"
        },
        {
            "time": "08.08.2021 06:38",
            "open": "3.3368",
            "high": "3.3368",
            "low": "3.3368",
            "close": "3.3309"
        },
        {
            "time": "08.08.2021 06:43",
            "open": "3.3309",
            "high": "3.3309",
            "low": "3.3309",
            "close": "3.3252"
        },
        {
            "time": "08.08.2021 06:45",
            "open": "3.3252",
            "high": "3.3252",
            "low": "3.3252",
            "close": "3.3185"
        },
        {
            "time": "08.08.2021 06:46",
            "open": "3.3185",
            "high": "3.3257",
            "low": "3.3185",
            "close": "3.3265"
        },
        {
            "time": "08.08.2021 06:55",
            "open": "3.3265",
            "high": "3.3266",
            "low": "3.3265",
            "close": "3.3779"
        },
        {
            "time": "08.08.2021 08:25",
            "open": "3.3779",
            "high": "3.3779",
            "low": "3.3771",
            "close": "3.3955"
        },
        {
            "time": "08.08.2021 08:27",
            "open": "3.3955",
            "high": "3.3955",
            "low": "3.3955",
            "close": "3.3842"
        },
        {
            "time": "08.08.2021 08:35",
            "open": "3.3842",
            "high": "3.3842",
            "low": "3.3842",
            "close": "3.4012"
        },
        {
            "time": "08.08.2021 08:41",
            "open": "3.4012",
            "high": "3.4012",
            "low": "3.4",
            "close": "3.4012"
        },
        {
            "time": "08.08.2021 08:42",
            "open": "3.4012",
            "high": "3.4054",
            "low": "3.4012",
            "close": "3.4054"
        },
        {
            "time": "08.08.2021 08:43",
            "open": "3.4054",
            "high": "3.4054",
            "low": "3.4054",
            "close": "3.3917"
        },
        {
            "time": "08.08.2021 08:52",
            "open": "3.3917",
            "high": "3.3917",
            "low": "3.3917",
            "close": "3.3971"
        },
        {
            "time": "08.08.2021 08:53",
            "open": "3.3971",
            "high": "3.3971",
            "low": "3.3971",
            "close": "3.3888"
        },
        {
            "time": "08.08.2021 08:59",
            "open": "3.3888",
            "high": "3.3888",
            "low": "3.3888",
            "close": "3.4023"
        },
        {
            "time": "08.08.2021 09:19",
            "open": "3.4023",
            "high": "3.4124",
            "low": "3.4023",
            "close": "3.4113"
        },
        {
            "time": "08.08.2021 09:20",
            "open": "3.4113",
            "high": "3.4113",
            "low": "3.4113",
            "close": "3.4047"
        },
        {
            "time": "08.08.2021 09:21",
            "open": "3.4047",
            "high": "3.4047",
            "low": "3.4047",
            "close": "3.3944"
        },
        {
            "time": "08.08.2021 09:31",
            "open": "3.3944",
            "high": "3.3944",
            "low": "3.3944",
            "close": "3.3888"
        },
        {
            "time": "08.08.2021 09:32",
            "open": "3.3888",
            "high": "3.3888",
            "low": "3.3781",
            "close": "3.3878"
        },
        {
            "time": "08.08.2021 09:34",
            "open": "3.3878",
            "high": "3.3878",
            "low": "3.3878",
            "close": "3.3786"
        },
        {
            "time": "08.08.2021 09:50",
            "open": "3.3786",
            "high": "3.3786",
            "low": "3.3786",
            "close": "3.3762"
        },
        {
            "time": "08.08.2021 10:01",
            "open": "3.3762",
            "high": "3.3762",
            "low": "3.3762",
            "close": "3.3762"
        },
        {
            "time": "08.08.2021 10:17",
            "open": "3.3762",
            "high": "3.3762",
            "low": "3.3762",
            "close": "3.371"
        },
        {
            "time": "08.08.2021 10:23",
            "open": "3.371",
            "high": "3.371",
            "low": "3.3705",
            "close": "3.3705"
        },
        {
            "time": "08.08.2021 10:35",
            "open": "3.3705",
            "high": "3.3705",
            "low": "3.3705",
            "close": "3.3705"
        },
        {
            "time": "08.08.2021 10:36",
            "open": "3.3705",
            "high": "3.3705",
            "low": "3.3705",
            "close": "3.3705"
        },
        {
            "time": "08.08.2021 10:38",
            "open": "3.3705",
            "high": "3.371",
            "low": "3.3705",
            "close": "3.3705"
        },
        {
            "time": "08.08.2021 10:55",
            "open": "3.3705",
            "high": "3.3705",
            "low": "3.3705",
            "close": "3.3705"
        },
        {
            "time": "08.08.2021 10:56",
            "open": "3.3705",
            "high": "3.3705",
            "low": "3.3705",
            "close": "3.3705"
        },
        {
            "time": "08.08.2021 10:57",
            "open": "3.3705",
            "high": "3.3705",
            "low": "3.3705",
            "close": "3.3705"
        },
        {
            "time": "08.08.2021 10:58",
            "open": "3.3705",
            "high": "3.3705",
            "low": "3.3705",
            "close": "3.3834"
        },
        {
            "time": "08.08.2021 11:13",
            "open": "3.3834",
            "high": "3.3834",
            "low": "3.3834",
            "close": "3.3834"
        },
        {
            "time": "08.08.2021 11:20",
            "open": "3.3834",
            "high": "3.3834",
            "low": "3.3834",
            "close": "3.381"
        },
        {
            "time": "08.08.2021 11:21",
            "open": "3.381",
            "high": "3.381",
            "low": "3.3803",
            "close": "3.3803"
        },
        {
            "time": "08.08.2021 11:31",
            "open": "3.3803",
            "high": "3.3803",
            "low": "3.3803",
            "close": "3.3652"
        },
        {
            "time": "08.08.2021 11:51",
            "open": "3.3652",
            "high": "3.3652",
            "low": "3.3652",
            "close": "3.3734"
        },
        {
            "time": "08.08.2021 11:58",
            "open": "3.3734",
            "high": "3.3734",
            "low": "3.3734",
            "close": "3.3734"
        },
        {
            "time": "08.08.2021 12:00",
            "open": "3.3734",
            "high": "3.3734",
            "low": "3.3734",
            "close": "3.3771"
        },
        {
            "time": "08.08.2021 12:04",
            "open": "3.3771",
            "high": "3.3771",
            "low": "3.3771",
            "close": "3.3734"
        },
        {
            "time": "08.08.2021 12:10",
            "open": "3.3734",
            "high": "3.3734",
            "low": "3.3734",
            "close": "3.354"
        },
        {
            "time": "08.08.2021 12:17",
            "open": "3.354",
            "high": "3.354",
            "low": "3.354",
            "close": "3.354"
        },
        {
            "time": "08.08.2021 12:18",
            "open": "3.354",
            "high": "3.354",
            "low": "3.354",
            "close": "3.3422"
        },
        {
            "time": "08.08.2021 12:19",
            "open": "3.3422",
            "high": "3.3422",
            "low": "3.3422",
            "close": "3.345"
        },
        {
            "time": "08.08.2021 12:25",
            "open": "3.345",
            "high": "3.345",
            "low": "3.3442",
            "close": "3.3456"
        },
        {
            "time": "08.08.2021 12:32",
            "open": "3.3456",
            "high": "3.3456",
            "low": "3.3456",
            "close": "3.3288"
        },
        {
            "time": "08.08.2021 12:39",
            "open": "3.3288",
            "high": "3.3288",
            "low": "3.3288",
            "close": "3.3262"
        },
        {
            "time": "08.08.2021 12:40",
            "open": "3.3262",
            "high": "3.3262",
            "low": "3.3262",
            "close": "3.325"
        },
        {
            "time": "08.08.2021 12:42",
            "open": "3.325",
            "high": "3.325",
            "low": "3.325",
            "close": "3.3441"
        },
        {
            "time": "08.08.2021 12:59",
            "open": "3.3441",
            "high": "3.3441",
            "low": "3.3441",
            "close": "3.3472"
        },
        {
            "time": "08.08.2021 13:01",
            "open": "3.3472",
            "high": "3.3472",
            "low": "3.3472",
            "close": "3.3497"
        },
        {
            "time": "08.08.2021 13:10",
            "open": "3.3497",
            "high": "3.3497",
            "low": "3.3497",
            "close": "3.3423"
        },
        {
            "time": "08.08.2021 13:11",
            "open": "3.3423",
            "high": "3.3423",
            "low": "3.3423",
            "close": "3.3236"
        },
        {
            "time": "08.08.2021 13:16",
            "open": "3.3236",
            "high": "3.3236",
            "low": "3.3236",
            "close": "3.3431"
        },
        {
            "time": "08.08.2021 13:21",
            "open": "3.3431",
            "high": "3.3431",
            "low": "3.3429",
            "close": "3.3302"
        },
        {
            "time": "08.08.2021 13:25",
            "open": "3.3302",
            "high": "3.3302",
            "low": "3.3302",
            "close": "3.3422"
        },
        {
            "time": "08.08.2021 14:01",
            "open": "3.3422",
            "high": "3.3488",
            "low": "3.3408",
            "close": "3.3337"
        },
        {
            "time": "08.08.2021 14:03",
            "open": "3.3337",
            "high": "3.3337",
            "low": "3.3337",
            "close": "3.3377"
        },
        {
            "time": "08.08.2021 14:15",
            "open": "3.3377",
            "high": "3.3377",
            "low": "3.3377",
            "close": "3.3577"
        },
        {
            "time": "08.08.2021 15:15",
            "open": "3.3577",
            "high": "3.3577",
            "low": "3.3577",
            "close": "3.3502"
        },
        {
            "time": "08.08.2021 15:30",
            "open": "3.3502",
            "high": "3.3502",
            "low": "3.3502",
            "close": "3.3253"
        },
        {
            "time": "08.08.2021 16:15",
            "open": "3.3253",
            "high": "3.3253",
            "low": "3.3204",
            "close": "3.3281"
        },
        {
            "time": "08.08.2021 16:18",
            "open": "3.3281",
            "high": "3.3288",
            "low": "3.3281",
            "close": "3.3249"
        },
        {
            "time": "08.08.2021 16:21",
            "open": "3.3249",
            "high": "3.3249",
            "low": "3.3249",
            "close": "3.3124"
        },
        {
            "time": "08.08.2021 16:26",
            "open": "3.3124",
            "high": "3.3124",
            "low": "3.3118",
            "close": "3.3168"
        },
        {
            "time": "08.08.2021 16:28",
            "open": "3.3168",
            "high": "3.3212",
            "low": "3.3168",
            "close": "3.3046"
        },
        {
            "time": "08.08.2021 16:30",
            "open": "3.3046",
            "high": "3.3046",
            "low": "3.3046",
            "close": "3.3117"
        },
        {
            "time": "08.08.2021 16:38",
            "open": "3.3117",
            "high": "3.312",
            "low": "3.3117",
            "close": "3.2919"
        },
        {
            "time": "08.08.2021 16:44",
            "open": "3.2919",
            "high": "3.2978",
            "low": "3.2919",
            "close": "3.274"
        },
        {
            "time": "08.08.2021 16:59",
            "open": "3.274",
            "high": "3.274",
            "low": "3.274",
            "close": "3.2881"
        },
        {
            "time": "08.08.2021 17:01",
            "open": "3.2881",
            "high": "3.2899",
            "low": "3.2865",
            "close": "3.3051"
        },
        {
            "time": "08.08.2021 17:16",
            "open": "3.3051",
            "high": "3.3051",
            "low": "3.3051",
            "close": "3.2917"
        },
        {
            "time": "08.08.2021 17:19",
            "open": "3.2917",
            "high": "3.2917",
            "low": "3.2917",
            "close": "3.274"
        },
        {
            "time": "08.08.2021 17:31",
            "open": "3.274",
            "high": "3.274",
            "low": "3.264",
            "close": "3.2933"
        },
        {
            "time": "08.08.2021 17:52",
            "open": "3.2933",
            "high": "3.2933",
            "low": "3.2933",
            "close": "3.2738"
        },
        {
            "time": "08.08.2021 17:57",
            "open": "3.2738",
            "high": "3.2738",
            "low": "3.2737",
            "close": "3.2669"
        },
        {
            "time": "08.08.2021 17:58",
            "open": "3.2669",
            "high": "3.2669",
            "low": "3.2669",
            "close": "3.2686"
        },
        {
            "time": "08.08.2021 18:00",
            "open": "3.2686",
            "high": "3.2686",
            "low": "3.2686",
            "close": "3.2594"
        },
        {
            "time": "08.08.2021 18:04",
            "open": "3.2594",
            "high": "3.2596",
            "low": "3.2594",
            "close": "3.2846"
        },
        {
            "time": "08.08.2021 18:08",
            "open": "3.2846",
            "high": "3.2846",
            "low": "3.2846",
            "close": "3.2797"
        },
        {
            "time": "08.08.2021 18:10",
            "open": "3.2797",
            "high": "3.2797",
            "low": "3.2788",
            "close": "3.2876"
        },
        {
            "time": "08.08.2021 18:27",
            "open": "3.2876",
            "high": "3.2876",
            "low": "3.2837",
            "close": "3.2705"
        },
        {
            "time": "08.08.2021 18:36",
            "open": "3.2705",
            "high": "3.2705",
            "low": "3.2671",
            "close": "3.2715"
        },
        {
            "time": "08.08.2021 18:37",
            "open": "3.2715",
            "high": "3.2793",
            "low": "3.2714",
            "close": "3.2775"
        },
        {
            "time": "08.08.2021 18:40",
            "open": "3.2775",
            "high": "3.2775",
            "low": "3.2775",
            "close": "3.2756"
        },
        {
            "time": "08.08.2021 18:43",
            "open": "3.2756",
            "high": "3.2756",
            "low": "3.2693",
            "close": "3.2659"
        },
        {
            "time": "08.08.2021 18:44",
            "open": "3.2659",
            "high": "3.2659",
            "low": "3.2659",
            "close": "3.275"
        },
        {
            "time": "08.08.2021 18:46",
            "open": "3.275",
            "high": "3.275",
            "low": "3.2696",
            "close": "3.2574"
        },
        {
            "time": "08.08.2021 18:51",
            "open": "3.2574",
            "high": "3.2574",
            "low": "3.2574",
            "close": "3.251"
        },
        {
            "time": "08.08.2021 18:52",
            "open": "3.251",
            "high": "3.251",
            "low": "3.2503",
            "close": "3.2338"
        },
        {
            "time": "08.08.2021 19:04",
            "open": "3.2338",
            "high": "3.2338",
            "low": "3.2229",
            "close": "3.226"
        },
        {
            "time": "08.08.2021 19:05",
            "open": "3.226",
            "high": "3.2318",
            "low": "3.226",
            "close": "3.2261"
        },
        {
            "time": "08.08.2021 19:06",
            "open": "3.2261",
            "high": "3.2261",
            "low": "3.2261",
            "close": "3.2262"
        },
        {
            "time": "08.08.2021 19:08",
            "open": "3.2262",
            "high": "3.2274",
            "low": "3.2262",
            "close": "3.2275"
        },
        {
            "time": "08.08.2021 19:09",
            "open": "3.2275",
            "high": "3.2275",
            "low": "3.2273",
            "close": "3.2242"
        },
        {
            "time": "08.08.2021 19:10",
            "open": "3.2242",
            "high": "3.2242",
            "low": "3.2242",
            "close": "3.2151"
        },
        {
            "time": "08.08.2021 19:14",
            "open": "3.2151",
            "high": "3.2151",
            "low": "3.2102",
            "close": "3.2292"
        },
        {
            "time": "08.08.2021 19:15",
            "open": "3.2292",
            "high": "3.2292",
            "low": "3.2292",
            "close": "3.2237"
        },
        {
            "time": "08.08.2021 19:20",
            "open": "3.2237",
            "high": "3.2237",
            "low": "3.2237",
            "close": "3.234"
        },
        {
            "time": "08.08.2021 19:22",
            "open": "3.234",
            "high": "3.234",
            "low": "3.234",
            "close": "3.2281"
        },
        {
            "time": "08.08.2021 19:26",
            "open": "3.2281",
            "high": "3.2336",
            "low": "3.2281",
            "close": "3.2251"
        },
        {
            "time": "08.08.2021 19:27",
            "open": "3.2251",
            "high": "3.2251",
            "low": "3.2251",
            "close": "3.2315"
        },
        {
            "time": "08.08.2021 19:29",
            "open": "3.2315",
            "high": "3.2368",
            "low": "3.2315",
            "close": "3.2445"
        },
        {
            "time": "08.08.2021 19:31",
            "open": "3.2445",
            "high": "3.2445",
            "low": "3.2445",
            "close": "3.2444"
        },
        {
            "time": "08.08.2021 19:32",
            "open": "3.2444",
            "high": "3.2444",
            "low": "3.2444",
            "close": "3.2546"
        },
        {
            "time": "08.08.2021 19:38",
            "open": "3.2546",
            "high": "3.2546",
            "low": "3.2546",
            "close": "3.2488"
        },
        {
            "time": "08.08.2021 19:46",
            "open": "3.2488",
            "high": "3.2488",
            "low": "3.2404",
            "close": "3.23"
        },
        {
            "time": "08.08.2021 19:50",
            "open": "3.23",
            "high": "3.23",
            "low": "3.2284",
            "close": "3.2256"
        },
        {
            "time": "08.08.2021 19:51",
            "open": "3.2256",
            "high": "3.2256",
            "low": "3.2256",
            "close": "3.2281"
        },
        {
            "time": "08.08.2021 19:53",
            "open": "3.2281",
            "high": "3.2281",
            "low": "3.2281",
            "close": "3.2229"
        },
        {
            "time": "08.08.2021 19:57",
            "open": "3.2229",
            "high": "3.2262",
            "low": "3.2229",
            "close": "3.2412"
        },
        {
            "time": "08.08.2021 20:10",
            "open": "3.2412",
            "high": "3.2412",
            "low": "3.2412",
            "close": "3.2427"
        },
        {
            "time": "08.08.2021 20:16",
            "open": "3.2427",
            "high": "3.2427",
            "low": "3.2426",
            "close": "3.2407"
        },
        {
            "time": "08.08.2021 20:17",
            "open": "3.2407",
            "high": "3.2407",
            "low": "3.2407",
            "close": "3.2322"
        },
        {
            "time": "08.08.2021 20:22",
            "open": "3.2322",
            "high": "3.2322",
            "low": "3.2322",
            "close": "3.2367"
        },
        {
            "time": "08.08.2021 20:38",
            "open": "3.2367",
            "high": "3.2399",
            "low": "3.2367",
            "close": "3.2251"
        },
        {
            "time": "08.08.2021 20:47",
            "open": "3.2251",
            "high": "3.2281",
            "low": "3.2251",
            "close": "3.2367"
        },
        {
            "time": "08.08.2021 20:50",
            "open": "3.2367",
            "high": "3.2384",
            "low": "3.2367",
            "close": "3.2384"
        },
        {
            "time": "08.08.2021 20:51",
            "open": "3.2384",
            "high": "3.2384",
            "low": "3.2384",
            "close": "3.2399"
        },
        {
            "time": "08.08.2021 20:52",
            "open": "3.2399",
            "high": "3.2399",
            "low": "3.2399",
            "close": "3.2209"
        },
        {
            "time": "08.08.2021 20:56",
            "open": "3.2209",
            "high": "3.2209",
            "low": "3.2209",
            "close": "3.2119"
        },
        {
            "time": "08.08.2021 20:57",
            "open": "3.2119",
            "high": "3.2119",
            "low": "3.2119",
            "close": "3.2152"
        },
        {
            "time": "08.08.2021 20:58",
            "open": "3.2152",
            "high": "3.2206",
            "low": "3.2149",
            "close": "3.2129"
        },
        {
            "time": "08.08.2021 21:05",
            "open": "3.2129",
            "high": "3.2129",
            "low": "3.2129",
            "close": "3.2141"
        },
        {
            "time": "08.08.2021 21:06",
            "open": "3.2141",
            "high": "3.2141",
            "low": "3.2116",
            "close": "3.2058"
        },
        {
            "time": "08.08.2021 21:07",
            "open": "3.2058",
            "high": "3.2058",
            "low": "3.2058",
            "close": "3.2058"
        },
        {
            "time": "08.08.2021 21:10",
            "open": "3.2058",
            "high": "3.2058",
            "low": "3.2058",
            "close": "3.2"
        },
        {
            "time": "08.08.2021 21:11",
            "open": "3.2",
            "high": "3.2",
            "low": "3.1954",
            "close": "3.1958"
        },
        {
            "time": "08.08.2021 21:23",
            "open": "3.1958",
            "high": "3.2006",
            "low": "3.1958",
            "close": "3.2141"
        },
        {
            "time": "08.08.2021 21:26",
            "open": "3.2141",
            "high": "3.2175",
            "low": "3.2141",
            "close": "3.222"
        },
        {
            "time": "08.08.2021 21:27",
            "open": "3.222",
            "high": "3.222",
            "low": "3.222",
            "close": "3.2245"
        },
        {
            "time": "08.08.2021 21:38",
            "open": "3.2245",
            "high": "3.2245",
            "low": "3.2245",
            "close": "3.2121"
        },
        {
            "time": "08.08.2021 21:45",
            "open": "3.2121",
            "high": "3.2121",
            "low": "3.2121",
            "close": "3.2018"
        },
        {
            "time": "08.08.2021 21:48",
            "open": "3.2018",
            "high": "3.2018",
            "low": "3.196",
            "close": "3.2113"
        },
        {
            "time": "08.08.2021 21:56",
            "open": "3.2113",
            "high": "3.2113",
            "low": "3.2113",
            "close": "3.2091"
        },
        {
            "time": "08.08.2021 21:57",
            "open": "3.2091",
            "high": "3.2091",
            "low": "3.2091",
            "close": "3.2047"
        },
        {
            "time": "08.08.2021 21:58",
            "open": "3.2047",
            "high": "3.2047",
            "low": "3.2047",
            "close": "3.2015"
        },
        {
            "time": "08.08.2021 22:01",
            "open": "3.2015",
            "high": "3.2015",
            "low": "3.2014",
            "close": "3.2038"
        },
        {
            "time": "08.08.2021 22:02",
            "open": "3.2038",
            "high": "3.2038",
            "low": "3.2038",
            "close": "3.202"
        },
        {
            "time": "08.08.2021 22:03",
            "open": "3.202",
            "high": "3.202",
            "low": "3.2019",
            "close": "3.1993"
        },
        {
            "time": "08.08.2021 22:05",
            "open": "3.1993",
            "high": "3.1993",
            "low": "3.1993",
            "close": "3.2017"
        },
        {
            "time": "08.08.2021 22:08",
            "open": "3.2017",
            "high": "3.2061",
            "low": "3.2017",
            "close": "3.2096"
        },
        {
            "time": "08.08.2021 22:09",
            "open": "3.2096",
            "high": "3.2096",
            "low": "3.2069",
            "close": "3.2403"
        },
        {
            "time": "08.08.2021 22:17",
            "open": "3.2403",
            "high": "3.2444",
            "low": "3.2379",
            "close": "3.2444"
        },
        {
            "time": "08.08.2021 22:20",
            "open": "3.2444",
            "high": "3.2444",
            "low": "3.2444",
            "close": "3.2401"
        },
        {
            "time": "08.08.2021 22:21",
            "open": "3.2401",
            "high": "3.2401",
            "low": "3.2376",
            "close": "3.2326"
        },
        {
            "time": "08.08.2021 22:23",
            "open": "3.2326",
            "high": "3.2351",
            "low": "3.2326",
            "close": "3.2258"
        },
        {
            "time": "08.08.2021 22:30",
            "open": "3.2258",
            "high": "3.2258",
            "low": "3.2147",
            "close": "3.2025"
        },
        {
            "time": "08.08.2021 22:43",
            "open": "3.2025",
            "high": "3.2025",
            "low": "3.2025",
            "close": "3.1949"
        },
        {
            "time": "08.08.2021 22:48",
            "open": "3.1949",
            "high": "3.1949",
            "low": "3.1949",
            "close": "3.2021"
        },
        {
            "time": "08.08.2021 22:49",
            "open": "3.2021",
            "high": "3.2086",
            "low": "3.2021",
            "close": "3.2207"
        },
        {
            "time": "08.08.2021 22:53",
            "open": "3.2207",
            "high": "3.2207",
            "low": "3.2207",
            "close": "3.2084"
        },
        {
            "time": "08.08.2021 22:56",
            "open": "3.2084",
            "high": "3.2084",
            "low": "3.2084",
            "close": "3.2106"
        },
        {
            "time": "08.08.2021 22:59",
            "open": "3.2106",
            "high": "3.2106",
            "low": "3.2106",
            "close": "3.2291"
        },
        {
            "time": "08.08.2021 23:03",
            "open": "3.2291",
            "high": "3.2292",
            "low": "3.2291",
            "close": "3.2202"
        },
        {
            "time": "08.08.2021 23:07",
            "open": "3.2202",
            "high": "3.2202",
            "low": "3.2202",
            "close": "3.2359"
        }
    ]
}