{
    "BNT-EUR": [
        {
            "time": "21.08.2021 23:58",
            "open": "3.6649",
            "high": "3.6649",
            "low": "3.6649",
            "close": "3.6707"
        },
        {
            "time": "22.08.2021 00:05",
            "open": "3.6707",
            "high": "3.6707",
            "low": "3.6707",
            "close": "3.6684"
        },
        {
            "time": "22.08.2021 00:48",
            "open": "3.6684",
            "high": "3.6684",
            "low": "3.6684",
            "close": "3.6481"
        },
        {
            "time": "22.08.2021 01:50",
            "open": "3.6481",
            "high": "3.6498",
            "low": "3.6481",
            "close": "3.6489"
        },
        {
            "time": "22.08.2021 01:57",
            "open": "3.6489",
            "high": "3.6489",
            "low": "3.6489",
            "close": "3.6458"
        },
        {
            "time": "22.08.2021 02:03",
            "open": "3.6458",
            "high": "3.6459",
            "low": "3.6458",
            "close": "3.6606"
        },
        {
            "time": "22.08.2021 02:14",
            "open": "3.6606",
            "high": "3.6606",
            "low": "3.6606",
            "close": "3.6532"
        },
        {
            "time": "22.08.2021 02:21",
            "open": "3.6532",
            "high": "3.6535",
            "low": "3.6532",
            "close": "3.6607"
        },
        {
            "time": "22.08.2021 02:26",
            "open": "3.6607",
            "high": "3.6607",
            "low": "3.6607",
            "close": "3.6671"
        },
        {
            "time": "22.08.2021 02:29",
            "open": "3.6671",
            "high": "3.6671",
            "low": "3.6669",
            "close": "3.6671"
        },
        {
            "time": "22.08.2021 02:31",
            "open": "3.6671",
            "high": "3.6671",
            "low": "3.6671",
            "close": "3.6652"
        },
        {
            "time": "22.08.2021 02:33",
            "open": "3.6652",
            "high": "3.6652",
            "low": "3.6631",
            "close": "3.6697"
        },
        {
            "time": "22.08.2021 02:34",
            "open": "3.6697",
            "high": "3.6697",
            "low": "3.6697",
            "close": "3.6605"
        },
        {
            "time": "22.08.2021 02:39",
            "open": "3.6605",
            "high": "3.6605",
            "low": "3.6594",
            "close": "3.6534"
        },
        {
            "time": "22.08.2021 02:50",
            "open": "3.6534",
            "high": "3.6534",
            "low": "3.6534",
            "close": "3.6752"
        },
        {
            "time": "22.08.2021 03:39",
            "open": "3.6751",
            "high": "3.6751",
            "low": "3.6751",
            "close": "3.6751"
        },
        {
            "time": "22.08.2021 04:14",
            "open": "3.6751",
            "high": "3.6751",
            "low": "3.6751",
            "close": "3.6342"
        },
        {
            "time": "22.08.2021 05:11",
            "open": "3.6342",
            "high": "3.6342",
            "low": "3.6342",
            "close": "3.6342"
        },
        {
            "time": "22.08.2021 06:02",
            "open": "3.6342",
            "high": "3.6342",
            "low": "3.6342",
            "close": "3.6451"
        },
        {
            "time": "22.08.2021 06:09",
            "open": "3.6451",
            "high": "3.6451",
            "low": "3.6451",
            "close": "3.6453"
        },
        {
            "time": "22.08.2021 07:20",
            "open": "3.6453",
            "high": "3.6453",
            "low": "3.6447",
            "close": "3.6449"
        },
        {
            "time": "22.08.2021 07:38",
            "open": "3.6449",
            "high": "3.6449",
            "low": "3.6449",
            "close": "3.6448"
        },
        {
            "time": "22.08.2021 07:39",
            "open": "3.6448",
            "high": "3.6448",
            "low": "3.6411",
            "close": "3.6397"
        },
        {
            "time": "22.08.2021 07:48",
            "open": "3.6397",
            "high": "3.6397",
            "low": "3.6397",
            "close": "3.6485"
        },
        {
            "time": "22.08.2021 08:11",
            "open": "3.6485",
            "high": "3.6511",
            "low": "3.6485",
            "close": "3.6539"
        },
        {
            "time": "22.08.2021 08:13",
            "open": "3.6539",
            "high": "3.6539",
            "low": "3.6539",
            "close": "3.666"
        },
        {
            "time": "22.08.2021 08:16",
            "open": "3.666",
            "high": "3.666",
            "low": "3.666",
            "close": "3.6682"
        },
        {
            "time": "22.08.2021 08:18",
            "open": "3.6682",
            "high": "3.6682",
            "low": "3.6682",
            "close": "3.6654"
        },
        {
            "time": "22.08.2021 08:23",
            "open": "3.6654",
            "high": "3.6654",
            "low": "3.6642",
            "close": "3.6693"
        },
        {
            "time": "22.08.2021 08:26",
            "open": "3.6693",
            "high": "3.6693",
            "low": "3.6693",
            "close": "3.6678"
        },
        {
            "time": "22.08.2021 08:29",
            "open": "3.6678",
            "high": "3.6678",
            "low": "3.6678",
            "close": "3.6693"
        },
        {
            "time": "22.08.2021 08:30",
            "open": "3.6693",
            "high": "3.6693",
            "low": "3.6693",
            "close": "3.6712"
        },
        {
            "time": "22.08.2021 08:57",
            "open": "3.6712",
            "high": "3.6712",
            "low": "3.6712",
            "close": "3.6751"
        },
        {
            "time": "22.08.2021 09:02",
            "open": "3.6751",
            "high": "3.6751",
            "low": "3.6684",
            "close": "3.6686"
        },
        {
            "time": "22.08.2021 09:04",
            "open": "3.6686",
            "high": "3.6687",
            "low": "3.6686",
            "close": "3.6812"
        },
        {
            "time": "22.08.2021 09:09",
            "open": "3.6812",
            "high": "3.6812",
            "low": "3.6812",
            "close": "3.6829"
        },
        {
            "time": "22.08.2021 09:11",
            "open": "3.6829",
            "high": "3.6829",
            "low": "3.6829",
            "close": "3.6869"
        },
        {
            "time": "22.08.2021 09:22",
            "open": "3.6869",
            "high": "3.6869",
            "low": "3.6869",
            "close": "3.687"
        },
        {
            "time": "22.08.2021 09:23",
            "open": "3.687",
            "high": "3.6886",
            "low": "3.687",
            "close": "3.6869"
        },
        {
            "time": "22.08.2021 09:31",
            "open": "3.6869",
            "high": "3.6869",
            "low": "3.6869",
            "close": "3.6796"
        },
        {
            "time": "22.08.2021 09:37",
            "open": "3.6796",
            "high": "3.6796",
            "low": "3.6796",
            "close": "3.6804"
        },
        {
            "time": "22.08.2021 09:44",
            "open": "3.6804",
            "high": "3.6804",
            "low": "3.6804",
            "close": "3.6798"
        },
        {
            "time": "22.08.2021 09:46",
            "open": "3.6798",
            "high": "3.6798",
            "low": "3.6798",
            "close": "3.6798"
        },
        {
            "time": "22.08.2021 10:16",
            "open": "3.6798",
            "high": "3.6798",
            "low": "3.6798",
            "close": "3.6633"
        },
        {
            "time": "22.08.2021 10:19",
            "open": "3.6633",
            "high": "3.6633",
            "low": "3.6633",
            "close": "3.6655"
        },
        {
            "time": "22.08.2021 10:33",
            "open": "3.6655",
            "high": "3.6655",
            "low": "3.6655",
            "close": "3.6655"
        },
        {
            "time": "22.08.2021 10:36",
            "open": "3.6655",
            "high": "3.6655",
            "low": "3.6655",
            "close": "3.6789"
        },
        {
            "time": "22.08.2021 10:51",
            "open": "3.6789",
            "high": "3.6789",
            "low": "3.6789",
            "close": "3.6736"
        },
        {
            "time": "22.08.2021 11:16",
            "open": "3.6736",
            "high": "3.6736",
            "low": "3.6736",
            "close": "3.6929"
        },
        {
            "time": "22.08.2021 11:32",
            "open": "3.6929",
            "high": "3.693",
            "low": "3.6929",
            "close": "3.6897"
        },
        {
            "time": "22.08.2021 11:44",
            "open": "3.6897",
            "high": "3.6897",
            "low": "3.6897",
            "close": "3.6968"
        },
        {
            "time": "22.08.2021 11:49",
            "open": "3.6968",
            "high": "3.6977",
            "low": "3.6968",
            "close": "3.6975"
        },
        {
            "time": "22.08.2021 11:50",
            "open": "3.6975",
            "high": "3.6977",
            "low": "3.6975",
            "close": "3.705"
        },
        {
            "time": "22.08.2021 11:53",
            "open": "3.705",
            "high": "3.705",
            "low": "3.705",
            "close": "3.6986"
        },
        {
            "time": "22.08.2021 12:12",
            "open": "3.6986",
            "high": "3.6986",
            "low": "3.6986",
            "close": "3.6986"
        },
        {
            "time": "22.08.2021 12:13",
            "open": "3.6986",
            "high": "3.6986",
            "low": "3.6986",
            "close": "3.704"
        },
        {
            "time": "22.08.2021 12:16",
            "open": "3.704",
            "high": "3.704",
            "low": "3.704",
            "close": "3.6888"
        },
        {
            "time": "22.08.2021 12:54",
            "open": "3.6888",
            "high": "3.6888",
            "low": "3.6888",
            "close": "3.6766"
        },
        {
            "time": "22.08.2021 13:09",
            "open": "3.6766",
            "high": "3.6766",
            "low": "3.6766",
            "close": "3.6844"
        },
        {
            "time": "22.08.2021 13:21",
            "open": "3.6844",
            "high": "3.6844",
            "low": "3.682",
            "close": "3.6884"
        },
        {
            "time": "22.08.2021 13:22",
            "open": "3.6884",
            "high": "3.6884",
            "low": "3.6884",
            "close": "3.6929"
        },
        {
            "time": "22.08.2021 13:26",
            "open": "3.6929",
            "high": "3.6929",
            "low": "3.6929",
            "close": "3.6917"
        },
        {
            "time": "22.08.2021 13:27",
            "open": "3.6917",
            "high": "3.6917",
            "low": "3.6917",
            "close": "3.6921"
        },
        {
            "time": "22.08.2021 13:29",
            "open": "3.6921",
            "high": "3.6921",
            "low": "3.6921",
            "close": "3.6924"
        },
        {
            "time": "22.08.2021 13:31",
            "open": "3.6924",
            "high": "3.6924",
            "low": "3.6924",
            "close": "3.6721"
        },
        {
            "time": "22.08.2021 13:39",
            "open": "3.6721",
            "high": "3.6721",
            "low": "3.6721",
            "close": "3.6704"
        },
        {
            "time": "22.08.2021 13:42",
            "open": "3.6704",
            "high": "3.6704",
            "low": "3.6704",
            "close": "3.6718"
        },
        {
            "time": "22.08.2021 13:43",
            "open": "3.6718",
            "high": "3.6718",
            "low": "3.6718",
            "close": "3.6626"
        },
        {
            "time": "22.08.2021 13:52",
            "open": "3.6626",
            "high": "3.6626",
            "low": "3.6601",
            "close": "3.6766"
        },
        {
            "time": "22.08.2021 14:05",
            "open": "3.6766",
            "high": "3.6767",
            "low": "3.6766",
            "close": "3.6671"
        },
        {
            "time": "22.08.2021 14:07",
            "open": "3.6671",
            "high": "3.6671",
            "low": "3.6671",
            "close": "3.6583"
        },
        {
            "time": "22.08.2021 14:08",
            "open": "3.6583",
            "high": "3.6583",
            "low": "3.6583",
            "close": "3.6432"
        },
        {
            "time": "22.08.2021 14:59",
            "open": "3.6432",
            "high": "3.6432",
            "low": "3.6432",
            "close": "3.622"
        },
        {
            "time": "22.08.2021 15:19",
            "open": "3.622",
            "high": "3.622",
            "low": "3.622",
            "close": "3.6237"
        },
        {
            "time": "22.08.2021 15:22",
            "open": "3.6237",
            "high": "3.6237",
            "low": "3.6237",
            "close": "3.6403"
        },
        {
            "time": "22.08.2021 15:28",
            "open": "3.6403",
            "high": "3.6403",
            "low": "3.6403",
            "close": "3.6494"
        },
        {
            "time": "22.08.2021 15:31",
            "open": "3.6494",
            "high": "3.6494",
            "low": "3.6494",
            "close": "3.6529"
        },
        {
            "time": "22.08.2021 15:33",
            "open": "3.6529",
            "high": "3.6576",
            "low": "3.6529",
            "close": "3.6585"
        },
        {
            "time": "22.08.2021 15:35",
            "open": "3.6585",
            "high": "3.6585",
            "low": "3.6585",
            "close": "3.6565"
        },
        {
            "time": "22.08.2021 15:37",
            "open": "3.6565",
            "high": "3.6566",
            "low": "3.6565",
            "close": "3.6369"
        },
        {
            "time": "22.08.2021 16:35",
            "open": "3.6369",
            "high": "3.6369",
            "low": "3.6268",
            "close": "3.6273"
        },
        {
            "time": "22.08.2021 16:42",
            "open": "3.6273",
            "high": "3.6273",
            "low": "3.6273",
            "close": "3.6164"
        },
        {
            "time": "22.08.2021 16:50",
            "open": "3.6164",
            "high": "3.6164",
            "low": "3.6163",
            "close": "3.6"
        },
        {
            "time": "22.08.2021 16:55",
            "open": "3.6",
            "high": "3.6",
            "low": "3.6",
            "close": "3.5898"
        },
        {
            "time": "22.08.2021 17:09",
            "open": "3.5898",
            "high": "3.5899",
            "low": "3.5898",
            "close": "3.5821"
        },
        {
            "time": "22.08.2021 17:12",
            "open": "3.5821",
            "high": "3.5821",
            "low": "3.5821",
            "close": "3.59"
        },
        {
            "time": "22.08.2021 17:23",
            "open": "3.59",
            "high": "3.59",
            "low": "3.59",
            "close": "3.5924"
        },
        {
            "time": "22.08.2021 17:27",
            "open": "3.5924",
            "high": "3.5932",
            "low": "3.5924",
            "close": "3.5844"
        },
        {
            "time": "22.08.2021 17:30",
            "open": "3.5844",
            "high": "3.5844",
            "low": "3.5844",
            "close": "3.5999"
        },
        {
            "time": "22.08.2021 17:38",
            "open": "3.5999",
            "high": "3.5999",
            "low": "3.5999",
            "close": "3.5998"
        },
        {
            "time": "22.08.2021 17:41",
            "open": "3.5998",
            "high": "3.5998",
            "low": "3.5997",
            "close": "3.5884"
        },
        {
            "time": "22.08.2021 17:46",
            "open": "3.5884",
            "high": "3.5884",
            "low": "3.5884",
            "close": "3.5816"
        },
        {
            "time": "22.08.2021 17:57",
            "open": "3.5816",
            "high": "3.5816",
            "low": "3.5816",
            "close": "3.5839"
        },
        {
            "time": "22.08.2021 18:13",
            "open": "3.5839",
            "high": "3.5839",
            "low": "3.5839",
            "close": "3.6019"
        },
        {
            "time": "22.08.2021 18:28",
            "open": "3.6019",
            "high": "3.602",
            "low": "3.6019",
            "close": "3.6171"
        },
        {
            "time": "22.08.2021 18:38",
            "open": "3.6171",
            "high": "3.6179",
            "low": "3.6171",
            "close": "3.6053"
        },
        {
            "time": "22.08.2021 19:22",
            "open": "3.6053",
            "high": "3.6121",
            "low": "3.6052",
            "close": "3.5895"
        },
        {
            "time": "22.08.2021 19:33",
            "open": "3.5895",
            "high": "3.5895",
            "low": "3.5895",
            "close": "3.5915"
        },
        {
            "time": "22.08.2021 19:44",
            "open": "3.5915",
            "high": "3.5915",
            "low": "3.5915",
            "close": "3.5697"
        },
        {
            "time": "22.08.2021 20:09",
            "open": "3.5697",
            "high": "3.5697",
            "low": "3.5672",
            "close": "3.5631"
        },
        {
            "time": "22.08.2021 20:12",
            "open": "3.5631",
            "high": "3.5636",
            "low": "3.5631",
            "close": "3.5636"
        },
        {
            "time": "22.08.2021 20:21",
            "open": "3.5636",
            "high": "3.5636",
            "low": "3.5636",
            "close": "3.5449"
        },
        {
            "time": "22.08.2021 20:27",
            "open": "3.5449",
            "high": "3.5449",
            "low": "3.5449",
            "close": "3.5408"
        },
        {
            "time": "22.08.2021 20:41",
            "open": "3.5408",
            "high": "3.5408",
            "low": "3.5408",
            "close": "3.542"
        },
        {
            "time": "22.08.2021 20:43",
            "open": "3.542",
            "high": "3.5421",
            "low": "3.542",
            "close": "3.5531"
        },
        {
            "time": "22.08.2021 20:47",
            "open": "3.5531",
            "high": "3.5531",
            "low": "3.5531",
            "close": "3.5608"
        },
        {
            "time": "22.08.2021 20:54",
            "open": "3.5608",
            "high": "3.6147",
            "low": "3.5598",
            "close": "3.586"
        },
        {
            "time": "22.08.2021 21:23",
            "open": "3.586",
            "high": "3.5861",
            "low": "3.5803",
            "close": "3.5844"
        },
        {
            "time": "22.08.2021 21:26",
            "open": "3.5844",
            "high": "3.5844",
            "low": "3.5844",
            "close": "3.5905"
        },
        {
            "time": "22.08.2021 21:33",
            "open": "3.5905",
            "high": "3.5917",
            "low": "3.5905",
            "close": "3.6021"
        },
        {
            "time": "22.08.2021 21:51",
            "open": "3.6021",
            "high": "3.6021",
            "low": "3.6021",
            "close": "3.6023"
        },
        {
            "time": "22.08.2021 21:53",
            "open": "3.6023",
            "high": "3.6023",
            "low": "3.6023",
            "close": "3.5947"
        },
        {
            "time": "22.08.2021 22:04",
            "open": "3.5947",
            "high": "3.5947",
            "low": "3.5947",
            "close": "3.586"
        },
        {
            "time": "22.08.2021 22:22",
            "open": "3.586",
            "high": "3.586",
            "low": "3.586",
            "close": "3.588"
        },
        {
            "time": "22.08.2021 22:26",
            "open": "3.588",
            "high": "3.588",
            "low": "3.588",
            "close": "3.5737"
        },
        {
            "time": "22.08.2021 23:02",
            "open": "3.5737",
            "high": "3.5746",
            "low": "3.5737",
            "close": "3.5704"
        },
        {
            "time": "22.08.2021 23:25",
            "open": "3.5704",
            "high": "3.5715",
            "low": "3.5704",
            "close": "3.5895"
        }
    ]
}