{
    "BNT-EUR": [
        {
            "time": "07.01.2021 23:59",
            "open": "1.3155",
            "high": "1.3155",
            "low": "1.3155",
            "close": "1.311"
        },
        {
            "time": "08.01.2021 00:01",
            "open": "1.311",
            "high": "1.311",
            "low": "1.311",
            "close": "1.312"
        },
        {
            "time": "08.01.2021 00:02",
            "open": "1.312",
            "high": "1.312",
            "low": "1.312",
            "close": "1.3109"
        },
        {
            "time": "08.01.2021 00:03",
            "open": "1.3109",
            "high": "1.3109",
            "low": "1.3109",
            "close": "1.305"
        },
        {
            "time": "08.01.2021 00:09",
            "open": "1.305",
            "high": "1.305",
            "low": "1.305",
            "close": "1.3015"
        },
        {
            "time": "08.01.2021 00:10",
            "open": "1.3015",
            "high": "1.3038",
            "low": "1.2919",
            "close": "1.2958"
        },
        {
            "time": "08.01.2021 00:12",
            "open": "1.2958",
            "high": "1.3",
            "low": "1.2958",
            "close": "1.2984"
        },
        {
            "time": "08.01.2021 00:13",
            "open": "1.2984",
            "high": "1.3",
            "low": "1.2984",
            "close": "1.2969"
        },
        {
            "time": "08.01.2021 00:15",
            "open": "1.2969",
            "high": "1.2969",
            "low": "1.2969",
            "close": "1.2888"
        },
        {
            "time": "08.01.2021 00:17",
            "open": "1.2888",
            "high": "1.289",
            "low": "1.2877",
            "close": "1.2877"
        },
        {
            "time": "08.01.2021 00:18",
            "open": "1.2877",
            "high": "1.2941",
            "low": "1.2877",
            "close": "1.2975"
        },
        {
            "time": "08.01.2021 00:19",
            "open": "1.2975",
            "high": "1.2975",
            "low": "1.2975",
            "close": "1.297"
        },
        {
            "time": "08.01.2021 00:20",
            "open": "1.297",
            "high": "1.297",
            "low": "1.2924",
            "close": "1.2932"
        },
        {
            "time": "08.01.2021 00:23",
            "open": "1.2932",
            "high": "1.2932",
            "low": "1.2932",
            "close": "1.293"
        },
        {
            "time": "08.01.2021 00:24",
            "open": "1.293",
            "high": "1.293",
            "low": "1.293",
            "close": "1.2879"
        },
        {
            "time": "08.01.2021 00:25",
            "open": "1.2879",
            "high": "1.2879",
            "low": "1.2877",
            "close": "1.2838"
        },
        {
            "time": "08.01.2021 00:26",
            "open": "1.2838",
            "high": "1.2838",
            "low": "1.2836",
            "close": "1.2827"
        },
        {
            "time": "08.01.2021 00:27",
            "open": "1.2827",
            "high": "1.2858",
            "low": "1.2827",
            "close": "1.2816"
        },
        {
            "time": "08.01.2021 00:30",
            "open": "1.2816",
            "high": "1.2876",
            "low": "1.2816",
            "close": "1.2918"
        },
        {
            "time": "08.01.2021 00:31",
            "open": "1.2918",
            "high": "1.3035",
            "low": "1.2918",
            "close": "1.3126"
        },
        {
            "time": "08.01.2021 00:32",
            "open": "1.3126",
            "high": "1.3204",
            "low": "1.3126",
            "close": "1.3051"
        },
        {
            "time": "08.01.2021 00:33",
            "open": "1.3051",
            "high": "1.3051",
            "low": "1.3051",
            "close": "1.2884"
        },
        {
            "time": "08.01.2021 00:38",
            "open": "1.2884",
            "high": "1.2967",
            "low": "1.2883",
            "close": "1.3066"
        },
        {
            "time": "08.01.2021 00:40",
            "open": "1.3066",
            "high": "1.3066",
            "low": "1.3066",
            "close": "1.2909"
        },
        {
            "time": "08.01.2021 00:43",
            "open": "1.2909",
            "high": "1.2909",
            "low": "1.2903",
            "close": "1.2903"
        },
        {
            "time": "08.01.2021 00:44",
            "open": "1.2903",
            "high": "1.2903",
            "low": "1.2903",
            "close": "1.2914"
        },
        {
            "time": "08.01.2021 00:45",
            "open": "1.2914",
            "high": "1.2914",
            "low": "1.2914",
            "close": "1.2922"
        },
        {
            "time": "08.01.2021 00:50",
            "open": "1.2922",
            "high": "1.2922",
            "low": "1.287",
            "close": "1.2949"
        },
        {
            "time": "08.01.2021 00:52",
            "open": "1.2949",
            "high": "1.2949",
            "low": "1.2949",
            "close": "1.3016"
        },
        {
            "time": "08.01.2021 00:53",
            "open": "1.3016",
            "high": "1.3016",
            "low": "1.3016",
            "close": "1.3084"
        },
        {
            "time": "08.01.2021 00:54",
            "open": "1.3084",
            "high": "1.3084",
            "low": "1.3004",
            "close": "1.3083"
        },
        {
            "time": "08.01.2021 01:00",
            "open": "1.3083",
            "high": "1.3083",
            "low": "1.3083",
            "close": "1.3095"
        },
        {
            "time": "08.01.2021 01:01",
            "open": "1.3095",
            "high": "1.3095",
            "low": "1.3095",
            "close": "1.3064"
        },
        {
            "time": "08.01.2021 01:02",
            "open": "1.3064",
            "high": "1.3064",
            "low": "1.3064",
            "close": "1.3081"
        },
        {
            "time": "08.01.2021 01:25",
            "open": "1.3081",
            "high": "1.3081",
            "low": "1.3057",
            "close": "1.3098"
        },
        {
            "time": "08.01.2021 01:27",
            "open": "1.3098",
            "high": "1.31",
            "low": "1.3098",
            "close": "1.3004"
        },
        {
            "time": "08.01.2021 01:30",
            "open": "1.3004",
            "high": "1.3004",
            "low": "1.3004",
            "close": "1.3058"
        },
        {
            "time": "08.01.2021 01:31",
            "open": "1.3058",
            "high": "1.3058",
            "low": "1.3058",
            "close": "1.3058"
        },
        {
            "time": "08.01.2021 01:37",
            "open": "1.3058",
            "high": "1.3058",
            "low": "1.3058",
            "close": "1.3093"
        },
        {
            "time": "08.01.2021 01:39",
            "open": "1.3093",
            "high": "1.3096",
            "low": "1.3039",
            "close": "1.3075"
        },
        {
            "time": "08.01.2021 01:42",
            "open": "1.3075",
            "high": "1.3075",
            "low": "1.3075",
            "close": "1.3043"
        },
        {
            "time": "08.01.2021 01:43",
            "open": "1.3043",
            "high": "1.3052",
            "low": "1.3043",
            "close": "1.2982"
        },
        {
            "time": "08.01.2021 01:45",
            "open": "1.2982",
            "high": "1.2982",
            "low": "1.2972",
            "close": "1.2937"
        },
        {
            "time": "08.01.2021 01:50",
            "open": "1.2937",
            "high": "1.2937",
            "low": "1.2937",
            "close": "1.2859"
        },
        {
            "time": "08.01.2021 01:52",
            "open": "1.2859",
            "high": "1.2896",
            "low": "1.2858",
            "close": "1.2866"
        },
        {
            "time": "08.01.2021 01:53",
            "open": "1.2866",
            "high": "1.2866",
            "low": "1.2865",
            "close": "1.2903"
        },
        {
            "time": "08.01.2021 01:54",
            "open": "1.2903",
            "high": "1.2903",
            "low": "1.2903",
            "close": "1.2848"
        },
        {
            "time": "08.01.2021 01:55",
            "open": "1.2848",
            "high": "1.2848",
            "low": "1.2848",
            "close": "1.2843"
        },
        {
            "time": "08.01.2021 01:56",
            "open": "1.2843",
            "high": "1.2843",
            "low": "1.2801",
            "close": "1.2754"
        },
        {
            "time": "08.01.2021 01:57",
            "open": "1.2754",
            "high": "1.2754",
            "low": "1.275",
            "close": "1.2777"
        },
        {
            "time": "08.01.2021 01:58",
            "open": "1.2777",
            "high": "1.2806",
            "low": "1.2777",
            "close": "1.2802"
        },
        {
            "time": "08.01.2021 01:59",
            "open": "1.2802",
            "high": "1.2802",
            "low": "1.2802",
            "close": "1.2766"
        },
        {
            "time": "08.01.2021 02:00",
            "open": "1.2766",
            "high": "1.2788",
            "low": "1.2766",
            "close": "1.2814"
        },
        {
            "time": "08.01.2021 02:01",
            "open": "1.2814",
            "high": "1.2865",
            "low": "1.2814",
            "close": "1.2821"
        },
        {
            "time": "08.01.2021 02:04",
            "open": "1.2821",
            "high": "1.2821",
            "low": "1.2798",
            "close": "1.277"
        },
        {
            "time": "08.01.2021 02:05",
            "open": "1.277",
            "high": "1.277",
            "low": "1.277",
            "close": "1.2672"
        },
        {
            "time": "08.01.2021 02:06",
            "open": "1.2672",
            "high": "1.2672",
            "low": "1.2665",
            "close": "1.2653"
        },
        {
            "time": "08.01.2021 02:07",
            "open": "1.2653",
            "high": "1.2715",
            "low": "1.2653",
            "close": "1.2713"
        },
        {
            "time": "08.01.2021 02:08",
            "open": "1.2713",
            "high": "1.2713",
            "low": "1.2713",
            "close": "1.2683"
        },
        {
            "time": "08.01.2021 02:10",
            "open": "1.2683",
            "high": "1.2683",
            "low": "1.2683",
            "close": "1.26"
        },
        {
            "time": "08.01.2021 02:12",
            "open": "1.26",
            "high": "1.26",
            "low": "1.26",
            "close": "1.2553"
        },
        {
            "time": "08.01.2021 02:13",
            "open": "1.2553",
            "high": "1.2635",
            "low": "1.2552",
            "close": "1.2682"
        },
        {
            "time": "08.01.2021 02:14",
            "open": "1.2682",
            "high": "1.2736",
            "low": "1.2682",
            "close": "1.2741"
        },
        {
            "time": "08.01.2021 02:15",
            "open": "1.2741",
            "high": "1.2767",
            "low": "1.2741",
            "close": "1.2774"
        },
        {
            "time": "08.01.2021 02:16",
            "open": "1.2774",
            "high": "1.2797",
            "low": "1.2774",
            "close": "1.2791"
        },
        {
            "time": "08.01.2021 02:19",
            "open": "1.2791",
            "high": "1.2791",
            "low": "1.2791",
            "close": "1.2795"
        },
        {
            "time": "08.01.2021 02:21",
            "open": "1.2795",
            "high": "1.2829",
            "low": "1.2795",
            "close": "1.2729"
        },
        {
            "time": "08.01.2021 02:24",
            "open": "1.2729",
            "high": "1.2729",
            "low": "1.2729",
            "close": "1.2729"
        },
        {
            "time": "08.01.2021 02:25",
            "open": "1.2729",
            "high": "1.2775",
            "low": "1.2729",
            "close": "1.2726"
        },
        {
            "time": "08.01.2021 02:32",
            "open": "1.2726",
            "high": "1.2726",
            "low": "1.2726",
            "close": "1.2601"
        },
        {
            "time": "08.01.2021 02:35",
            "open": "1.2601",
            "high": "1.2601",
            "low": "1.2601",
            "close": "1.2599"
        },
        {
            "time": "08.01.2021 02:36",
            "open": "1.2599",
            "high": "1.26",
            "low": "1.255",
            "close": "1.255"
        },
        {
            "time": "08.01.2021 02:37",
            "open": "1.255",
            "high": "1.255",
            "low": "1.2495",
            "close": "1.2512"
        },
        {
            "time": "08.01.2021 02:38",
            "open": "1.2512",
            "high": "1.253",
            "low": "1.2512",
            "close": "1.2572"
        },
        {
            "time": "08.01.2021 02:39",
            "open": "1.2572",
            "high": "1.2574",
            "low": "1.2572",
            "close": "1.259"
        },
        {
            "time": "08.01.2021 02:40",
            "open": "1.259",
            "high": "1.2596",
            "low": "1.2559",
            "close": "1.2591"
        },
        {
            "time": "08.01.2021 02:41",
            "open": "1.2591",
            "high": "1.2591",
            "low": "1.2591",
            "close": "1.2564"
        },
        {
            "time": "08.01.2021 02:42",
            "open": "1.2564",
            "high": "1.2564",
            "low": "1.2564",
            "close": "1.256"
        },
        {
            "time": "08.01.2021 02:44",
            "open": "1.256",
            "high": "1.256",
            "low": "1.255",
            "close": "1.2546"
        },
        {
            "time": "08.01.2021 02:46",
            "open": "1.2546",
            "high": "1.2546",
            "low": "1.2546",
            "close": "1.2586"
        },
        {
            "time": "08.01.2021 02:47",
            "open": "1.2586",
            "high": "1.2586",
            "low": "1.2586",
            "close": "1.2655"
        },
        {
            "time": "08.01.2021 02:50",
            "open": "1.2655",
            "high": "1.2655",
            "low": "1.2655",
            "close": "1.2675"
        },
        {
            "time": "08.01.2021 02:51",
            "open": "1.2675",
            "high": "1.2675",
            "low": "1.2674",
            "close": "1.2636"
        },
        {
            "time": "08.01.2021 02:52",
            "open": "1.2636",
            "high": "1.2636",
            "low": "1.2636",
            "close": "1.2751"
        },
        {
            "time": "08.01.2021 02:56",
            "open": "1.2751",
            "high": "1.2752",
            "low": "1.2751",
            "close": "1.2751"
        },
        {
            "time": "08.01.2021 02:57",
            "open": "1.2751",
            "high": "1.2751",
            "low": "1.2751",
            "close": "1.2751"
        },
        {
            "time": "08.01.2021 02:58",
            "open": "1.2751",
            "high": "1.2751",
            "low": "1.2751",
            "close": "1.2752"
        },
        {
            "time": "08.01.2021 03:01",
            "open": "1.2752",
            "high": "1.2763",
            "low": "1.2752",
            "close": "1.2699"
        },
        {
            "time": "08.01.2021 03:04",
            "open": "1.2699",
            "high": "1.2699",
            "low": "1.2699",
            "close": "1.2707"
        },
        {
            "time": "08.01.2021 03:05",
            "open": "1.2707",
            "high": "1.2707",
            "low": "1.2707",
            "close": "1.2673"
        },
        {
            "time": "08.01.2021 03:07",
            "open": "1.2673",
            "high": "1.2673",
            "low": "1.2673",
            "close": "1.2629"
        },
        {
            "time": "08.01.2021 03:08",
            "open": "1.2629",
            "high": "1.2629",
            "low": "1.2606",
            "close": "1.2564"
        },
        {
            "time": "08.01.2021 03:09",
            "open": "1.2564",
            "high": "1.2564",
            "low": "1.2516",
            "close": "1.2523"
        },
        {
            "time": "08.01.2021 03:10",
            "open": "1.2523",
            "high": "1.2546",
            "low": "1.2523",
            "close": "1.24"
        },
        {
            "time": "08.01.2021 03:16",
            "open": "1.24",
            "high": "1.24",
            "low": "1.24",
            "close": "1.2349"
        },
        {
            "time": "08.01.2021 03:18",
            "open": "1.2349",
            "high": "1.2349",
            "low": "1.2322",
            "close": "1.2322"
        },
        {
            "time": "08.01.2021 03:19",
            "open": "1.2322",
            "high": "1.2322",
            "low": "1.23",
            "close": "1.23"
        },
        {
            "time": "08.01.2021 03:20",
            "open": "1.23",
            "high": "1.23",
            "low": "1.23",
            "close": "1.2249"
        },
        {
            "time": "08.01.2021 03:21",
            "open": "1.2249",
            "high": "1.2304",
            "low": "1.2237",
            "close": "1.2298"
        },
        {
            "time": "08.01.2021 03:22",
            "open": "1.2298",
            "high": "1.2298",
            "low": "1.2298",
            "close": "1.2191"
        },
        {
            "time": "08.01.2021 03:23",
            "open": "1.2191",
            "high": "1.2191",
            "low": "1.2191",
            "close": "1.2187"
        },
        {
            "time": "08.01.2021 03:24",
            "open": "1.2187",
            "high": "1.2187",
            "low": "1.2072",
            "close": "1.2086"
        },
        {
            "time": "08.01.2021 03:25",
            "open": "1.2086",
            "high": "1.2095",
            "low": "1.2086",
            "close": "1.2035"
        },
        {
            "time": "08.01.2021 03:26",
            "open": "1.2035",
            "high": "1.2035",
            "low": "1.1853",
            "close": "1.2045"
        },
        {
            "time": "08.01.2021 03:27",
            "open": "1.2045",
            "high": "1.2045",
            "low": "1.1917",
            "close": "1.2012"
        },
        {
            "time": "08.01.2021 03:28",
            "open": "1.2012",
            "high": "1.2052",
            "low": "1.2012",
            "close": "1.2153"
        },
        {
            "time": "08.01.2021 03:29",
            "open": "1.2153",
            "high": "1.2153",
            "low": "1.2153",
            "close": "1.2139"
        },
        {
            "time": "08.01.2021 03:30",
            "open": "1.2139",
            "high": "1.2311",
            "low": "1.2139",
            "close": "1.2268"
        },
        {
            "time": "08.01.2021 03:31",
            "open": "1.2268",
            "high": "1.2268",
            "low": "1.2268",
            "close": "1.2311"
        },
        {
            "time": "08.01.2021 03:32",
            "open": "1.2311",
            "high": "1.2388",
            "low": "1.2185",
            "close": "1.2186"
        },
        {
            "time": "08.01.2021 03:33",
            "open": "1.2186",
            "high": "1.2186",
            "low": "1.2147",
            "close": "1.2168"
        },
        {
            "time": "08.01.2021 03:34",
            "open": "1.2168",
            "high": "1.2168",
            "low": "1.2035",
            "close": "1.1983"
        },
        {
            "time": "08.01.2021 03:35",
            "open": "1.1983",
            "high": "1.1983",
            "low": "1.1983",
            "close": "1.1959"
        },
        {
            "time": "08.01.2021 03:36",
            "open": "1.1959",
            "high": "1.1983",
            "low": "1.1959",
            "close": "1.2003"
        },
        {
            "time": "08.01.2021 03:37",
            "open": "1.2003",
            "high": "1.2003",
            "low": "1.1957",
            "close": "1.1952"
        },
        {
            "time": "08.01.2021 03:38",
            "open": "1.1952",
            "high": "1.1952",
            "low": "1.1847",
            "close": "1.183"
        },
        {
            "time": "08.01.2021 03:40",
            "open": "1.183",
            "high": "1.183",
            "low": "1.1756",
            "close": "1.1751"
        },
        {
            "time": "08.01.2021 03:41",
            "open": "1.1751",
            "high": "1.1774",
            "low": "1.1707",
            "close": "1.1675"
        },
        {
            "time": "08.01.2021 03:43",
            "open": "1.1675",
            "high": "1.1675",
            "low": "1.1675",
            "close": "1.164"
        },
        {
            "time": "08.01.2021 03:44",
            "open": "1.164",
            "high": "1.164",
            "low": "1.1596",
            "close": "1.1627"
        },
        {
            "time": "08.01.2021 03:45",
            "open": "1.1627",
            "high": "1.1726",
            "low": "1.1627",
            "close": "1.1767"
        },
        {
            "time": "08.01.2021 03:46",
            "open": "1.1767",
            "high": "1.1855",
            "low": "1.1767",
            "close": "1.1935"
        },
        {
            "time": "08.01.2021 03:47",
            "open": "1.1935",
            "high": "1.1997",
            "low": "1.1935",
            "close": "1.1903"
        },
        {
            "time": "08.01.2021 03:49",
            "open": "1.1903",
            "high": "1.1969",
            "low": "1.1899",
            "close": "1.1977"
        },
        {
            "time": "08.01.2021 03:50",
            "open": "1.1977",
            "high": "1.205",
            "low": "1.1977",
            "close": "1.203"
        },
        {
            "time": "08.01.2021 03:51",
            "open": "1.203",
            "high": "1.203",
            "low": "1.1994",
            "close": "1.1974"
        },
        {
            "time": "08.01.2021 03:52",
            "open": "1.1974",
            "high": "1.1974",
            "low": "1.1949",
            "close": "1.1944"
        },
        {
            "time": "08.01.2021 03:53",
            "open": "1.1944",
            "high": "1.1944",
            "low": "1.1941",
            "close": "1.1957"
        },
        {
            "time": "08.01.2021 03:54",
            "open": "1.1957",
            "high": "1.1958",
            "low": "1.1957",
            "close": "1.193"
        },
        {
            "time": "08.01.2021 03:57",
            "open": "1.193",
            "high": "1.1944",
            "low": "1.193",
            "close": "1.193"
        },
        {
            "time": "08.01.2021 04:00",
            "open": "1.193",
            "high": "1.193",
            "low": "1.193",
            "close": "1.209"
        },
        {
            "time": "08.01.2021 04:03",
            "open": "1.209",
            "high": "1.209",
            "low": "1.209",
            "close": "1.2125"
        },
        {
            "time": "08.01.2021 04:05",
            "open": "1.2125",
            "high": "1.2125",
            "low": "1.2125",
            "close": "1.2078"
        },
        {
            "time": "08.01.2021 04:06",
            "open": "1.2078",
            "high": "1.2126",
            "low": "1.2078",
            "close": "1.2077"
        },
        {
            "time": "08.01.2021 04:09",
            "open": "1.2077",
            "high": "1.2125",
            "low": "1.2069",
            "close": "1.2153"
        },
        {
            "time": "08.01.2021 04:10",
            "open": "1.2153",
            "high": "1.2153",
            "low": "1.2153",
            "close": "1.2065"
        },
        {
            "time": "08.01.2021 04:13",
            "open": "1.2065",
            "high": "1.2065",
            "low": "1.2065",
            "close": "1.2043"
        },
        {
            "time": "08.01.2021 04:17",
            "open": "1.2043",
            "high": "1.21",
            "low": "1.2043",
            "close": "1.21"
        },
        {
            "time": "08.01.2021 04:18",
            "open": "1.21",
            "high": "1.21",
            "low": "1.21",
            "close": "1.2061"
        },
        {
            "time": "08.01.2021 04:19",
            "open": "1.2061",
            "high": "1.2061",
            "low": "1.2061",
            "close": "1.2096"
        },
        {
            "time": "08.01.2021 04:20",
            "open": "1.2096",
            "high": "1.2105",
            "low": "1.2033",
            "close": "1.2064"
        },
        {
            "time": "08.01.2021 04:25",
            "open": "1.2064",
            "high": "1.2065",
            "low": "1.2064",
            "close": "1.2069"
        },
        {
            "time": "08.01.2021 04:26",
            "open": "1.2069",
            "high": "1.2144",
            "low": "1.2068",
            "close": "1.2169"
        },
        {
            "time": "08.01.2021 04:27",
            "open": "1.2169",
            "high": "1.2169",
            "low": "1.2169",
            "close": "1.2089"
        },
        {
            "time": "08.01.2021 04:33",
            "open": "1.2089",
            "high": "1.2089",
            "low": "1.2089",
            "close": "1.2137"
        },
        {
            "time": "08.01.2021 04:45",
            "open": "1.2137",
            "high": "1.2137",
            "low": "1.2137",
            "close": "1.2236"
        },
        {
            "time": "08.01.2021 04:52",
            "open": "1.2236",
            "high": "1.2236",
            "low": "1.2236",
            "close": "1.2201"
        },
        {
            "time": "08.01.2021 04:54",
            "open": "1.2201",
            "high": "1.2201",
            "low": "1.2201",
            "close": "1.2223"
        },
        {
            "time": "08.01.2021 04:55",
            "open": "1.2223",
            "high": "1.2223",
            "low": "1.2223",
            "close": "1.2083"
        },
        {
            "time": "08.01.2021 05:03",
            "open": "1.2083",
            "high": "1.2083",
            "low": "1.2083",
            "close": "1.2107"
        },
        {
            "time": "08.01.2021 05:04",
            "open": "1.2107",
            "high": "1.2107",
            "low": "1.2107",
            "close": "1.2251"
        },
        {
            "time": "08.01.2021 05:07",
            "open": "1.2251",
            "high": "1.2311",
            "low": "1.2251",
            "close": "1.2311"
        },
        {
            "time": "08.01.2021 05:08",
            "open": "1.2311",
            "high": "1.2311",
            "low": "1.2311",
            "close": "1.2361"
        },
        {
            "time": "08.01.2021 05:10",
            "open": "1.2361",
            "high": "1.2361",
            "low": "1.2361",
            "close": "1.2386"
        },
        {
            "time": "08.01.2021 05:11",
            "open": "1.2386",
            "high": "1.2386",
            "low": "1.2386",
            "close": "1.233"
        },
        {
            "time": "08.01.2021 05:15",
            "open": "1.233",
            "high": "1.233",
            "low": "1.233",
            "close": "1.2379"
        },
        {
            "time": "08.01.2021 05:22",
            "open": "1.2379",
            "high": "1.2379",
            "low": "1.2379",
            "close": "1.2331"
        },
        {
            "time": "08.01.2021 05:23",
            "open": "1.2331",
            "high": "1.2331",
            "low": "1.233",
            "close": "1.2426"
        },
        {
            "time": "08.01.2021 05:37",
            "open": "1.2426",
            "high": "1.2427",
            "low": "1.2426",
            "close": "1.2471"
        },
        {
            "time": "08.01.2021 05:41",
            "open": "1.2471",
            "high": "1.2471",
            "low": "1.2471",
            "close": "1.2516"
        },
        {
            "time": "08.01.2021 05:44",
            "open": "1.2516",
            "high": "1.2516",
            "low": "1.2516",
            "close": "1.2516"
        },
        {
            "time": "08.01.2021 05:57",
            "open": "1.2516",
            "high": "1.2516",
            "low": "1.2516",
            "close": "1.2516"
        },
        {
            "time": "08.01.2021 05:59",
            "open": "1.2516",
            "high": "1.2516",
            "low": "1.2516",
            "close": "1.2509"
        },
        {
            "time": "08.01.2021 06:00",
            "open": "1.2509",
            "high": "1.251",
            "low": "1.2489",
            "close": "1.2489"
        },
        {
            "time": "08.01.2021 06:01",
            "open": "1.2489",
            "high": "1.2489",
            "low": "1.2488",
            "close": "1.2435"
        },
        {
            "time": "08.01.2021 06:02",
            "open": "1.2435",
            "high": "1.2435",
            "low": "1.2435",
            "close": "1.233"
        },
        {
            "time": "08.01.2021 06:06",
            "open": "1.233",
            "high": "1.233",
            "low": "1.2283",
            "close": "1.2283"
        },
        {
            "time": "08.01.2021 06:07",
            "open": "1.2283",
            "high": "1.2283",
            "low": "1.2283",
            "close": "1.231"
        },
        {
            "time": "08.01.2021 06:08",
            "open": "1.231",
            "high": "1.2313",
            "low": "1.231",
            "close": "1.2326"
        },
        {
            "time": "08.01.2021 06:15",
            "open": "1.2326",
            "high": "1.2326",
            "low": "1.2322",
            "close": "1.2246"
        },
        {
            "time": "08.01.2021 06:31",
            "open": "1.2246",
            "high": "1.2247",
            "low": "1.2246",
            "close": "1.2392"
        },
        {
            "time": "08.01.2021 06:33",
            "open": "1.2392",
            "high": "1.2392",
            "low": "1.239",
            "close": "1.2381"
        },
        {
            "time": "08.01.2021 06:34",
            "open": "1.2381",
            "high": "1.2381",
            "low": "1.2381",
            "close": "1.2462"
        },
        {
            "time": "08.01.2021 06:36",
            "open": "1.2462",
            "high": "1.2462",
            "low": "1.2462",
            "close": "1.2447"
        },
        {
            "time": "08.01.2021 06:37",
            "open": "1.2447",
            "high": "1.2447",
            "low": "1.2447",
            "close": "1.2352"
        },
        {
            "time": "08.01.2021 06:46",
            "open": "1.2352",
            "high": "1.2352",
            "low": "1.2352",
            "close": "1.2272"
        },
        {
            "time": "08.01.2021 06:49",
            "open": "1.2272",
            "high": "1.2272",
            "low": "1.2272",
            "close": "1.2302"
        },
        {
            "time": "08.01.2021 06:52",
            "open": "1.2302",
            "high": "1.2302",
            "low": "1.2302",
            "close": "1.2196"
        },
        {
            "time": "08.01.2021 06:57",
            "open": "1.2196",
            "high": "1.2196",
            "low": "1.2196",
            "close": "1.2196"
        },
        {
            "time": "08.01.2021 06:58",
            "open": "1.2196",
            "high": "1.2196",
            "low": "1.2191",
            "close": "1.2236"
        },
        {
            "time": "08.01.2021 07:01",
            "open": "1.2236",
            "high": "1.2236",
            "low": "1.2204",
            "close": "1.2191"
        },
        {
            "time": "08.01.2021 07:02",
            "open": "1.2191",
            "high": "1.2191",
            "low": "1.2191",
            "close": "1.2189"
        },
        {
            "time": "08.01.2021 07:04",
            "open": "1.2189",
            "high": "1.2189",
            "low": "1.2189",
            "close": "1.2108"
        },
        {
            "time": "08.01.2021 07:06",
            "open": "1.2108",
            "high": "1.2108",
            "low": "1.2106",
            "close": "1.2085"
        },
        {
            "time": "08.01.2021 07:09",
            "open": "1.2085",
            "high": "1.2085",
            "low": "1.2085",
            "close": "1.2106"
        },
        {
            "time": "08.01.2021 07:11",
            "open": "1.2106",
            "high": "1.2121",
            "low": "1.1977",
            "close": "1.2091"
        },
        {
            "time": "08.01.2021 07:12",
            "open": "1.2091",
            "high": "1.2091",
            "low": "1.2091",
            "close": "1.2126"
        },
        {
            "time": "08.01.2021 07:13",
            "open": "1.2126",
            "high": "1.2127",
            "low": "1.2126",
            "close": "1.2154"
        },
        {
            "time": "08.01.2021 07:14",
            "open": "1.2154",
            "high": "1.2154",
            "low": "1.2154",
            "close": "1.22"
        },
        {
            "time": "08.01.2021 07:15",
            "open": "1.22",
            "high": "1.2234",
            "low": "1.2183",
            "close": "1.2246"
        },
        {
            "time": "08.01.2021 07:16",
            "open": "1.2246",
            "high": "1.2246",
            "low": "1.2246",
            "close": "1.2237"
        },
        {
            "time": "08.01.2021 07:17",
            "open": "1.2237",
            "high": "1.2237",
            "low": "1.2237",
            "close": "1.2259"
        },
        {
            "time": "08.01.2021 07:18",
            "open": "1.2259",
            "high": "1.2263",
            "low": "1.2259",
            "close": "1.2311"
        },
        {
            "time": "08.01.2021 07:22",
            "open": "1.2311",
            "high": "1.2318",
            "low": "1.2311",
            "close": "1.235"
        },
        {
            "time": "08.01.2021 07:30",
            "open": "1.235",
            "high": "1.235",
            "low": "1.235",
            "close": "1.2398"
        },
        {
            "time": "08.01.2021 07:31",
            "open": "1.2398",
            "high": "1.2398",
            "low": "1.2343",
            "close": "1.2306"
        },
        {
            "time": "08.01.2021 07:33",
            "open": "1.2306",
            "high": "1.2306",
            "low": "1.2289",
            "close": "1.2321"
        },
        {
            "time": "08.01.2021 07:37",
            "open": "1.2321",
            "high": "1.2321",
            "low": "1.2321",
            "close": "1.2367"
        },
        {
            "time": "08.01.2021 07:39",
            "open": "1.2367",
            "high": "1.2377",
            "low": "1.2367",
            "close": "1.2471"
        },
        {
            "time": "08.01.2021 07:46",
            "open": "1.2471",
            "high": "1.2471",
            "low": "1.2471",
            "close": "1.2434"
        },
        {
            "time": "08.01.2021 07:57",
            "open": "1.2434",
            "high": "1.2434",
            "low": "1.2434",
            "close": "1.244"
        },
        {
            "time": "08.01.2021 07:59",
            "open": "1.244",
            "high": "1.244",
            "low": "1.244",
            "close": "1.236"
        },
        {
            "time": "08.01.2021 08:03",
            "open": "1.236",
            "high": "1.236",
            "low": "1.236",
            "close": "1.24"
        },
        {
            "time": "08.01.2021 08:05",
            "open": "1.24",
            "high": "1.24",
            "low": "1.24",
            "close": "1.2392"
        },
        {
            "time": "08.01.2021 08:08",
            "open": "1.2392",
            "high": "1.2392",
            "low": "1.2392",
            "close": "1.2328"
        },
        {
            "time": "08.01.2021 08:13",
            "open": "1.2328",
            "high": "1.2328",
            "low": "1.2328",
            "close": "1.2349"
        },
        {
            "time": "08.01.2021 08:14",
            "open": "1.2349",
            "high": "1.235",
            "low": "1.2337",
            "close": "1.2385"
        },
        {
            "time": "08.01.2021 08:15",
            "open": "1.2385",
            "high": "1.2476",
            "low": "1.2385",
            "close": "1.25"
        },
        {
            "time": "08.01.2021 08:25",
            "open": "1.25",
            "high": "1.25",
            "low": "1.25",
            "close": "1.2529"
        },
        {
            "time": "08.01.2021 08:26",
            "open": "1.2529",
            "high": "1.2545",
            "low": "1.2529",
            "close": "1.2574"
        },
        {
            "time": "08.01.2021 08:27",
            "open": "1.2574",
            "high": "1.2574",
            "low": "1.2574",
            "close": "1.2583"
        },
        {
            "time": "08.01.2021 08:28",
            "open": "1.2583",
            "high": "1.2583",
            "low": "1.2583",
            "close": "1.26"
        },
        {
            "time": "08.01.2021 08:29",
            "open": "1.26",
            "high": "1.26",
            "low": "1.26",
            "close": "1.2626"
        },
        {
            "time": "08.01.2021 08:32",
            "open": "1.2626",
            "high": "1.2628",
            "low": "1.2626",
            "close": "1.2628"
        },
        {
            "time": "08.01.2021 08:35",
            "open": "1.2628",
            "high": "1.2628",
            "low": "1.2628",
            "close": "1.2632"
        },
        {
            "time": "08.01.2021 08:36",
            "open": "1.2632",
            "high": "1.2637",
            "low": "1.2632",
            "close": "1.2645"
        },
        {
            "time": "08.01.2021 08:38",
            "open": "1.2645",
            "high": "1.2645",
            "low": "1.2645",
            "close": "1.2645"
        },
        {
            "time": "08.01.2021 08:41",
            "open": "1.2645",
            "high": "1.2645",
            "low": "1.2645",
            "close": "1.2645"
        },
        {
            "time": "08.01.2021 08:42",
            "open": "1.2645",
            "high": "1.2645",
            "low": "1.2645",
            "close": "1.2686"
        },
        {
            "time": "08.01.2021 08:44",
            "open": "1.2686",
            "high": "1.2779",
            "low": "1.2686",
            "close": "1.2779"
        },
        {
            "time": "08.01.2021 08:46",
            "open": "1.2779",
            "high": "1.28",
            "low": "1.2779",
            "close": "1.2806"
        },
        {
            "time": "08.01.2021 08:47",
            "open": "1.2806",
            "high": "1.2819",
            "low": "1.2806",
            "close": "1.2753"
        },
        {
            "time": "08.01.2021 08:49",
            "open": "1.2753",
            "high": "1.2753",
            "low": "1.2753",
            "close": "1.2754"
        },
        {
            "time": "08.01.2021 08:54",
            "open": "1.2754",
            "high": "1.2754",
            "low": "1.2754",
            "close": "1.2802"
        },
        {
            "time": "08.01.2021 09:00",
            "open": "1.2802",
            "high": "1.2802",
            "low": "1.2802",
            "close": "1.2824"
        },
        {
            "time": "08.01.2021 09:01",
            "open": "1.2824",
            "high": "1.2824",
            "low": "1.2824",
            "close": "1.2695"
        },
        {
            "time": "08.01.2021 09:04",
            "open": "1.2695",
            "high": "1.2695",
            "low": "1.2695",
            "close": "1.2741"
        },
        {
            "time": "08.01.2021 09:06",
            "open": "1.2741",
            "high": "1.2741",
            "low": "1.2741",
            "close": "1.263"
        },
        {
            "time": "08.01.2021 09:11",
            "open": "1.263",
            "high": "1.263",
            "low": "1.2612",
            "close": "1.2638"
        },
        {
            "time": "08.01.2021 09:13",
            "open": "1.2638",
            "high": "1.2638",
            "low": "1.2638",
            "close": "1.2724"
        },
        {
            "time": "08.01.2021 09:19",
            "open": "1.2724",
            "high": "1.2738",
            "low": "1.2724",
            "close": "1.2735"
        },
        {
            "time": "08.01.2021 09:20",
            "open": "1.2735",
            "high": "1.2735",
            "low": "1.2735",
            "close": "1.2658"
        },
        {
            "time": "08.01.2021 09:24",
            "open": "1.2658",
            "high": "1.2658",
            "low": "1.2658",
            "close": "1.2656"
        },
        {
            "time": "08.01.2021 09:26",
            "open": "1.2656",
            "high": "1.2656",
            "low": "1.2656",
            "close": "1.2661"
        },
        {
            "time": "08.01.2021 09:33",
            "open": "1.2661",
            "high": "1.2662",
            "low": "1.2589",
            "close": "1.2588"
        },
        {
            "time": "08.01.2021 09:37",
            "open": "1.2588",
            "high": "1.2588",
            "low": "1.2588",
            "close": "1.2637"
        },
        {
            "time": "08.01.2021 09:38",
            "open": "1.2637",
            "high": "1.2637",
            "low": "1.2637",
            "close": "1.264"
        },
        {
            "time": "08.01.2021 09:40",
            "open": "1.264",
            "high": "1.264",
            "low": "1.264",
            "close": "1.2637"
        },
        {
            "time": "08.01.2021 09:46",
            "open": "1.2637",
            "high": "1.2637",
            "low": "1.2637",
            "close": "1.2587"
        },
        {
            "time": "08.01.2021 09:47",
            "open": "1.2587",
            "high": "1.2587",
            "low": "1.2554",
            "close": "1.2586"
        },
        {
            "time": "08.01.2021 09:49",
            "open": "1.2586",
            "high": "1.2618",
            "low": "1.2586",
            "close": "1.26"
        },
        {
            "time": "08.01.2021 09:53",
            "open": "1.26",
            "high": "1.26",
            "low": "1.26",
            "close": "1.2601"
        },
        {
            "time": "08.01.2021 09:55",
            "open": "1.2601",
            "high": "1.2601",
            "low": "1.2601",
            "close": "1.2645"
        },
        {
            "time": "08.01.2021 09:57",
            "open": "1.2645",
            "high": "1.2645",
            "low": "1.2645",
            "close": "1.2656"
        },
        {
            "time": "08.01.2021 09:58",
            "open": "1.2656",
            "high": "1.2656",
            "low": "1.2656",
            "close": "1.2694"
        },
        {
            "time": "08.01.2021 10:00",
            "open": "1.2694",
            "high": "1.2694",
            "low": "1.2694",
            "close": "1.2611"
        },
        {
            "time": "08.01.2021 10:09",
            "open": "1.2611",
            "high": "1.2611",
            "low": "1.2611",
            "close": "1.2583"
        },
        {
            "time": "08.01.2021 10:13",
            "open": "1.2583",
            "high": "1.2583",
            "low": "1.2583",
            "close": "1.2509"
        },
        {
            "time": "08.01.2021 10:14",
            "open": "1.2509",
            "high": "1.2535",
            "low": "1.2509",
            "close": "1.2514"
        },
        {
            "time": "08.01.2021 10:15",
            "open": "1.2514",
            "high": "1.2514",
            "low": "1.2514",
            "close": "1.2576"
        },
        {
            "time": "08.01.2021 10:20",
            "open": "1.2576",
            "high": "1.2576",
            "low": "1.2576",
            "close": "1.2622"
        },
        {
            "time": "08.01.2021 10:48",
            "open": "1.2622",
            "high": "1.2622",
            "low": "1.2622",
            "close": "1.2714"
        },
        {
            "time": "08.01.2021 10:53",
            "open": "1.2714",
            "high": "1.2722",
            "low": "1.2714",
            "close": "1.2795"
        },
        {
            "time": "08.01.2021 10:55",
            "open": "1.2795",
            "high": "1.28",
            "low": "1.2795",
            "close": "1.2825"
        },
        {
            "time": "08.01.2021 11:04",
            "open": "1.2825",
            "high": "1.2825",
            "low": "1.2825",
            "close": "1.2845"
        },
        {
            "time": "08.01.2021 11:05",
            "open": "1.2845",
            "high": "1.2845",
            "low": "1.2845",
            "close": "1.2852"
        },
        {
            "time": "08.01.2021 11:07",
            "open": "1.2852",
            "high": "1.2852",
            "low": "1.2852",
            "close": "1.2827"
        },
        {
            "time": "08.01.2021 11:10",
            "open": "1.2827",
            "high": "1.2827",
            "low": "1.28",
            "close": "1.28"
        },
        {
            "time": "08.01.2021 11:11",
            "open": "1.28",
            "high": "1.28",
            "low": "1.28",
            "close": "1.2797"
        },
        {
            "time": "08.01.2021 11:12",
            "open": "1.2797",
            "high": "1.2797",
            "low": "1.2797",
            "close": "1.2795"
        },
        {
            "time": "08.01.2021 11:14",
            "open": "1.2795",
            "high": "1.2795",
            "low": "1.2789",
            "close": "1.2822"
        },
        {
            "time": "08.01.2021 11:21",
            "open": "1.2822",
            "high": "1.2822",
            "low": "1.2822",
            "close": "1.2805"
        },
        {
            "time": "08.01.2021 11:22",
            "open": "1.2805",
            "high": "1.2805",
            "low": "1.2805",
            "close": "1.2853"
        },
        {
            "time": "08.01.2021 11:29",
            "open": "1.2853",
            "high": "1.2853",
            "low": "1.2853",
            "close": "1.2866"
        },
        {
            "time": "08.01.2021 11:31",
            "open": "1.2866",
            "high": "1.2866",
            "low": "1.2866",
            "close": "1.2866"
        },
        {
            "time": "08.01.2021 11:33",
            "open": "1.2866",
            "high": "1.2888",
            "low": "1.2866",
            "close": "1.2882"
        },
        {
            "time": "08.01.2021 11:35",
            "open": "1.2882",
            "high": "1.2882",
            "low": "1.2882",
            "close": "1.2943"
        },
        {
            "time": "08.01.2021 11:39",
            "open": "1.2943",
            "high": "1.2944",
            "low": "1.2943",
            "close": "1.2963"
        },
        {
            "time": "08.01.2021 11:40",
            "open": "1.2963",
            "high": "1.3",
            "low": "1.2963",
            "close": "1.2978"
        },
        {
            "time": "08.01.2021 11:41",
            "open": "1.2978",
            "high": "1.3025",
            "low": "1.2977",
            "close": "1.2945"
        },
        {
            "time": "08.01.2021 11:44",
            "open": "1.2945",
            "high": "1.2945",
            "low": "1.2945",
            "close": "1.2959"
        },
        {
            "time": "08.01.2021 11:46",
            "open": "1.2959",
            "high": "1.296",
            "low": "1.2959",
            "close": "1.3024"
        },
        {
            "time": "08.01.2021 11:47",
            "open": "1.3024",
            "high": "1.3025",
            "low": "1.3024",
            "close": "1.3031"
        },
        {
            "time": "08.01.2021 11:49",
            "open": "1.3031",
            "high": "1.3031",
            "low": "1.3031",
            "close": "1.3053"
        },
        {
            "time": "08.01.2021 11:50",
            "open": "1.3053",
            "high": "1.3073",
            "low": "1.3053",
            "close": "1.3007"
        },
        {
            "time": "08.01.2021 11:52",
            "open": "1.3007",
            "high": "1.3007",
            "low": "1.3007",
            "close": "1.3008"
        },
        {
            "time": "08.01.2021 11:53",
            "open": "1.3008",
            "high": "1.3008",
            "low": "1.3001",
            "close": "1.2952"
        },
        {
            "time": "08.01.2021 11:54",
            "open": "1.2952",
            "high": "1.2952",
            "low": "1.2952",
            "close": "1.2898"
        },
        {
            "time": "08.01.2021 11:55",
            "open": "1.2898",
            "high": "1.2898",
            "low": "1.2874",
            "close": "1.298"
        },
        {
            "time": "08.01.2021 11:57",
            "open": "1.298",
            "high": "1.298",
            "low": "1.2978",
            "close": "1.2974"
        },
        {
            "time": "08.01.2021 12:00",
            "open": "1.2974",
            "high": "1.2974",
            "low": "1.2948",
            "close": "1.2996"
        },
        {
            "time": "08.01.2021 12:03",
            "open": "1.2996",
            "high": "1.2996",
            "low": "1.2996",
            "close": "1.2979"
        },
        {
            "time": "08.01.2021 12:04",
            "open": "1.2979",
            "high": "1.2979",
            "low": "1.2979",
            "close": "1.3087"
        },
        {
            "time": "08.01.2021 12:07",
            "open": "1.3087",
            "high": "1.31",
            "low": "1.3087",
            "close": "1.3086"
        },
        {
            "time": "08.01.2021 12:08",
            "open": "1.3086",
            "high": "1.3103",
            "low": "1.3086",
            "close": "1.3053"
        },
        {
            "time": "08.01.2021 12:09",
            "open": "1.3053",
            "high": "1.3057",
            "low": "1.3053",
            "close": "1.3032"
        },
        {
            "time": "08.01.2021 12:10",
            "open": "1.3032",
            "high": "1.3032",
            "low": "1.3014",
            "close": "1.3013"
        },
        {
            "time": "08.01.2021 12:11",
            "open": "1.3013",
            "high": "1.3013",
            "low": "1.3013",
            "close": "1.3061"
        },
        {
            "time": "08.01.2021 12:12",
            "open": "1.3061",
            "high": "1.3061",
            "low": "1.3036",
            "close": "1.2993"
        },
        {
            "time": "08.01.2021 12:16",
            "open": "1.2993",
            "high": "1.2993",
            "low": "1.2993",
            "close": "1.2997"
        },
        {
            "time": "08.01.2021 12:17",
            "open": "1.2997",
            "high": "1.2997",
            "low": "1.2997",
            "close": "1.2923"
        },
        {
            "time": "08.01.2021 12:18",
            "open": "1.2923",
            "high": "1.2923",
            "low": "1.2923",
            "close": "1.2954"
        },
        {
            "time": "08.01.2021 12:19",
            "open": "1.2954",
            "high": "1.2954",
            "low": "1.2954",
            "close": "1.2974"
        },
        {
            "time": "08.01.2021 12:21",
            "open": "1.2974",
            "high": "1.2974",
            "low": "1.2974",
            "close": "1.3"
        },
        {
            "time": "08.01.2021 12:23",
            "open": "1.3",
            "high": "1.3",
            "low": "1.3",
            "close": "1.2973"
        },
        {
            "time": "08.01.2021 12:25",
            "open": "1.2973",
            "high": "1.2973",
            "low": "1.2973",
            "close": "1.2968"
        },
        {
            "time": "08.01.2021 12:26",
            "open": "1.2968",
            "high": "1.3055",
            "low": "1.2968",
            "close": "1.301"
        },
        {
            "time": "08.01.2021 12:27",
            "open": "1.301",
            "high": "1.3019",
            "low": "1.301",
            "close": "1.3028"
        },
        {
            "time": "08.01.2021 12:28",
            "open": "1.3028",
            "high": "1.3028",
            "low": "1.3028",
            "close": "1.3016"
        },
        {
            "time": "08.01.2021 12:30",
            "open": "1.3016",
            "high": "1.3016",
            "low": "1.3016",
            "close": "1.2863"
        },
        {
            "time": "08.01.2021 12:32",
            "open": "1.2863",
            "high": "1.2863",
            "low": "1.2863",
            "close": "1.294"
        },
        {
            "time": "08.01.2021 12:34",
            "open": "1.294",
            "high": "1.2945",
            "low": "1.294",
            "close": "1.2877"
        },
        {
            "time": "08.01.2021 12:36",
            "open": "1.2877",
            "high": "1.2877",
            "low": "1.2877",
            "close": "1.2898"
        },
        {
            "time": "08.01.2021 12:37",
            "open": "1.2898",
            "high": "1.293",
            "low": "1.2898",
            "close": "1.2956"
        },
        {
            "time": "08.01.2021 12:38",
            "open": "1.2956",
            "high": "1.2956",
            "low": "1.2956",
            "close": "1.2917"
        },
        {
            "time": "08.01.2021 12:42",
            "open": "1.2917",
            "high": "1.2917",
            "low": "1.2917",
            "close": "1.2894"
        },
        {
            "time": "08.01.2021 12:52",
            "open": "1.2894",
            "high": "1.2894",
            "low": "1.2894",
            "close": "1.2997"
        },
        {
            "time": "08.01.2021 12:53",
            "open": "1.2997",
            "high": "1.2997",
            "low": "1.2997",
            "close": "1.2952"
        },
        {
            "time": "08.01.2021 12:55",
            "open": "1.2952",
            "high": "1.2952",
            "low": "1.2952",
            "close": "1.2969"
        },
        {
            "time": "08.01.2021 12:57",
            "open": "1.2969",
            "high": "1.2969",
            "low": "1.2969",
            "close": "1.3083"
        },
        {
            "time": "08.01.2021 13:13",
            "open": "1.3083",
            "high": "1.3084",
            "low": "1.3083",
            "close": "1.3018"
        },
        {
            "time": "08.01.2021 13:15",
            "open": "1.3018",
            "high": "1.3018",
            "low": "1.3018",
            "close": "1.3046"
        },
        {
            "time": "08.01.2021 13:17",
            "open": "1.3046",
            "high": "1.3046",
            "low": "1.3016",
            "close": "1.3035"
        },
        {
            "time": "08.01.2021 13:18",
            "open": "1.3035",
            "high": "1.3035",
            "low": "1.3035",
            "close": "1.3022"
        },
        {
            "time": "08.01.2021 13:19",
            "open": "1.3022",
            "high": "1.3022",
            "low": "1.2957",
            "close": "1.2977"
        },
        {
            "time": "08.01.2021 13:22",
            "open": "1.2977",
            "high": "1.3067",
            "low": "1.2977",
            "close": "1.3105"
        },
        {
            "time": "08.01.2021 13:27",
            "open": "1.3105",
            "high": "1.3105",
            "low": "1.3071",
            "close": "1.3125"
        },
        {
            "time": "08.01.2021 13:28",
            "open": "1.3125",
            "high": "1.313",
            "low": "1.3125",
            "close": "1.3111"
        },
        {
            "time": "08.01.2021 13:29",
            "open": "1.3111",
            "high": "1.3111",
            "low": "1.3111",
            "close": "1.3088"
        },
        {
            "time": "08.01.2021 13:30",
            "open": "1.3088",
            "high": "1.3088",
            "low": "1.3088",
            "close": "1.3091"
        },
        {
            "time": "08.01.2021 13:37",
            "open": "1.3091",
            "high": "1.3091",
            "low": "1.3091",
            "close": "1.3001"
        },
        {
            "time": "08.01.2021 13:46",
            "open": "1.3001",
            "high": "1.3001",
            "low": "1.3",
            "close": "1.2924"
        },
        {
            "time": "08.01.2021 13:51",
            "open": "1.2924",
            "high": "1.2924",
            "low": "1.2924",
            "close": "1.2896"
        },
        {
            "time": "08.01.2021 13:52",
            "open": "1.2896",
            "high": "1.2928",
            "low": "1.2896",
            "close": "1.302"
        },
        {
            "time": "08.01.2021 13:53",
            "open": "1.302",
            "high": "1.302",
            "low": "1.302",
            "close": "1.3019"
        },
        {
            "time": "08.01.2021 13:54",
            "open": "1.3019",
            "high": "1.3019",
            "low": "1.3019",
            "close": "1.303"
        },
        {
            "time": "08.01.2021 13:57",
            "open": "1.303",
            "high": "1.3031",
            "low": "1.303",
            "close": "1.3074"
        },
        {
            "time": "08.01.2021 13:59",
            "open": "1.3074",
            "high": "1.3074",
            "low": "1.3074",
            "close": "1.3"
        },
        {
            "time": "08.01.2021 14:03",
            "open": "1.3",
            "high": "1.3",
            "low": "1.3",
            "close": "1.2901"
        },
        {
            "time": "08.01.2021 14:07",
            "open": "1.2901",
            "high": "1.2941",
            "low": "1.2901",
            "close": "1.2945"
        },
        {
            "time": "08.01.2021 14:08",
            "open": "1.2945",
            "high": "1.2945",
            "low": "1.2945",
            "close": "1.2915"
        },
        {
            "time": "08.01.2021 14:09",
            "open": "1.2915",
            "high": "1.2915",
            "low": "1.2836",
            "close": "1.2846"
        },
        {
            "time": "08.01.2021 14:10",
            "open": "1.2846",
            "high": "1.2846",
            "low": "1.2846",
            "close": "1.2883"
        },
        {
            "time": "08.01.2021 14:15",
            "open": "1.2883",
            "high": "1.2883",
            "low": "1.2852",
            "close": "1.2842"
        },
        {
            "time": "08.01.2021 14:16",
            "open": "1.2842",
            "high": "1.2863",
            "low": "1.2842",
            "close": "1.2942"
        },
        {
            "time": "08.01.2021 14:20",
            "open": "1.2942",
            "high": "1.2942",
            "low": "1.2942",
            "close": "1.2942"
        },
        {
            "time": "08.01.2021 14:21",
            "open": "1.2944",
            "high": "1.2944",
            "low": "1.2944",
            "close": "1.2953"
        },
        {
            "time": "08.01.2021 14:35",
            "open": "1.2953",
            "high": "1.2953",
            "low": "1.2953",
            "close": "1.2844"
        },
        {
            "time": "08.01.2021 14:36",
            "open": "1.2844",
            "high": "1.2844",
            "low": "1.2844",
            "close": "1.2948"
        },
        {
            "time": "08.01.2021 14:40",
            "open": "1.2948",
            "high": "1.2948",
            "low": "1.2946",
            "close": "1.2992"
        },
        {
            "time": "08.01.2021 14:44",
            "open": "1.2992",
            "high": "1.2992",
            "low": "1.2992",
            "close": "1.3051"
        },
        {
            "time": "08.01.2021 14:53",
            "open": "1.3051",
            "high": "1.3051",
            "low": "1.3051",
            "close": "1.3082"
        },
        {
            "time": "08.01.2021 14:54",
            "open": "1.3082",
            "high": "1.3082",
            "low": "1.3082",
            "close": "1.3076"
        },
        {
            "time": "08.01.2021 14:55",
            "open": "1.3076",
            "high": "1.3076",
            "low": "1.3076",
            "close": "1.3068"
        },
        {
            "time": "08.01.2021 14:56",
            "open": "1.3068",
            "high": "1.3068",
            "low": "1.3068",
            "close": "1.3076"
        },
        {
            "time": "08.01.2021 14:57",
            "open": "1.3076",
            "high": "1.3076",
            "low": "1.3076",
            "close": "1.3076"
        },
        {
            "time": "08.01.2021 15:00",
            "open": "1.3076",
            "high": "1.3076",
            "low": "1.3076",
            "close": "1.313"
        },
        {
            "time": "08.01.2021 15:01",
            "open": "1.313",
            "high": "1.313",
            "low": "1.313",
            "close": "1.3129"
        },
        {
            "time": "08.01.2021 15:02",
            "open": "1.3129",
            "high": "1.32",
            "low": "1.3129",
            "close": "1.32"
        },
        {
            "time": "08.01.2021 15:03",
            "open": "1.32",
            "high": "1.3243",
            "low": "1.32",
            "close": "1.3196"
        },
        {
            "time": "08.01.2021 15:04",
            "open": "1.3196",
            "high": "1.3196",
            "low": "1.3196",
            "close": "1.3091"
        },
        {
            "time": "08.01.2021 15:09",
            "open": "1.3091",
            "high": "1.3091",
            "low": "1.3091",
            "close": "1.3161"
        },
        {
            "time": "08.01.2021 15:10",
            "open": "1.3161",
            "high": "1.3161",
            "low": "1.3161",
            "close": "1.3175"
        },
        {
            "time": "08.01.2021 15:13",
            "open": "1.3175",
            "high": "1.3175",
            "low": "1.3175",
            "close": "1.3083"
        },
        {
            "time": "08.01.2021 15:34",
            "open": "1.3083",
            "high": "1.3083",
            "low": "1.3083",
            "close": "1.3174"
        },
        {
            "time": "08.01.2021 15:35",
            "open": "1.3174",
            "high": "1.3175",
            "low": "1.3174",
            "close": "1.3174"
        },
        {
            "time": "08.01.2021 15:36",
            "open": "1.3174",
            "high": "1.3174",
            "low": "1.3174",
            "close": "1.3199"
        },
        {
            "time": "08.01.2021 15:37",
            "open": "1.3199",
            "high": "1.3199",
            "low": "1.3193",
            "close": "1.32"
        },
        {
            "time": "08.01.2021 15:38",
            "open": "1.32",
            "high": "1.3226",
            "low": "1.32",
            "close": "1.3234"
        },
        {
            "time": "08.01.2021 15:40",
            "open": "1.3234",
            "high": "1.3234",
            "low": "1.3215",
            "close": "1.3235"
        },
        {
            "time": "08.01.2021 15:41",
            "open": "1.3235",
            "high": "1.3243",
            "low": "1.3235",
            "close": "1.3258"
        },
        {
            "time": "08.01.2021 15:43",
            "open": "1.3258",
            "high": "1.3258",
            "low": "1.3258",
            "close": "1.3257"
        },
        {
            "time": "08.01.2021 15:44",
            "open": "1.3257",
            "high": "1.3257",
            "low": "1.3194",
            "close": "1.3242"
        },
        {
            "time": "08.01.2021 15:45",
            "open": "1.3242",
            "high": "1.3242",
            "low": "1.3213",
            "close": "1.3226"
        },
        {
            "time": "08.01.2021 15:46",
            "open": "1.3226",
            "high": "1.3226",
            "low": "1.3226",
            "close": "1.315"
        },
        {
            "time": "08.01.2021 15:47",
            "open": "1.315",
            "high": "1.315",
            "low": "1.315",
            "close": "1.3118"
        },
        {
            "time": "08.01.2021 15:48",
            "open": "1.3118",
            "high": "1.3118",
            "low": "1.3118",
            "close": "1.3133"
        },
        {
            "time": "08.01.2021 15:51",
            "open": "1.3133",
            "high": "1.3136",
            "low": "1.3133",
            "close": "1.3108"
        },
        {
            "time": "08.01.2021 15:54",
            "open": "1.3108",
            "high": "1.3108",
            "low": "1.3108",
            "close": "1.3178"
        },
        {
            "time": "08.01.2021 15:55",
            "open": "1.3178",
            "high": "1.3178",
            "low": "1.3178",
            "close": "1.3156"
        },
        {
            "time": "08.01.2021 16:02",
            "open": "1.3156",
            "high": "1.3156",
            "low": "1.3156",
            "close": "1.3117"
        },
        {
            "time": "08.01.2021 16:05",
            "open": "1.3117",
            "high": "1.3117",
            "low": "1.3116",
            "close": "1.3116"
        },
        {
            "time": "08.01.2021 16:07",
            "open": "1.3116",
            "high": "1.3116",
            "low": "1.3116",
            "close": "1.3124"
        },
        {
            "time": "08.01.2021 16:08",
            "open": "1.3124",
            "high": "1.3124",
            "low": "1.3124",
            "close": "1.3134"
        },
        {
            "time": "08.01.2021 16:12",
            "open": "1.3134",
            "high": "1.3134",
            "low": "1.3134",
            "close": "1.3033"
        },
        {
            "time": "08.01.2021 16:14",
            "open": "1.3033",
            "high": "1.3035",
            "low": "1.2946",
            "close": "1.2946"
        },
        {
            "time": "08.01.2021 16:16",
            "open": "1.2946",
            "high": "1.2946",
            "low": "1.29",
            "close": "1.29"
        },
        {
            "time": "08.01.2021 16:17",
            "open": "1.29",
            "high": "1.29",
            "low": "1.287",
            "close": "1.2931"
        },
        {
            "time": "08.01.2021 16:18",
            "open": "1.2931",
            "high": "1.2998",
            "low": "1.2931",
            "close": "1.2956"
        },
        {
            "time": "08.01.2021 16:19",
            "open": "1.2956",
            "high": "1.2956",
            "low": "1.2956",
            "close": "1.2996"
        },
        {
            "time": "08.01.2021 16:22",
            "open": "1.2996",
            "high": "1.2997",
            "low": "1.2992",
            "close": "1.3001"
        },
        {
            "time": "08.01.2021 16:25",
            "open": "1.3001",
            "high": "1.3001",
            "low": "1.3001",
            "close": "1.287"
        },
        {
            "time": "08.01.2021 16:27",
            "open": "1.287",
            "high": "1.287",
            "low": "1.2836",
            "close": "1.2784"
        },
        {
            "time": "08.01.2021 16:30",
            "open": "1.2784",
            "high": "1.2784",
            "low": "1.2739",
            "close": "1.2903"
        },
        {
            "time": "08.01.2021 16:32",
            "open": "1.2903",
            "high": "1.2903",
            "low": "1.2903",
            "close": "1.2733"
        },
        {
            "time": "08.01.2021 16:33",
            "open": "1.2733",
            "high": "1.2733",
            "low": "1.2672",
            "close": "1.2522"
        },
        {
            "time": "08.01.2021 16:35",
            "open": "1.2522",
            "high": "1.258",
            "low": "1.2522",
            "close": "1.266"
        },
        {
            "time": "08.01.2021 16:36",
            "open": "1.266",
            "high": "1.2694",
            "low": "1.266",
            "close": "1.272"
        },
        {
            "time": "08.01.2021 16:37",
            "open": "1.272",
            "high": "1.2755",
            "low": "1.2715",
            "close": "1.2796"
        },
        {
            "time": "08.01.2021 16:38",
            "open": "1.2796",
            "high": "1.2796",
            "low": "1.2787",
            "close": "1.2803"
        },
        {
            "time": "08.01.2021 16:44",
            "open": "1.2803",
            "high": "1.2803",
            "low": "1.2803",
            "close": "1.282"
        },
        {
            "time": "08.01.2021 16:47",
            "open": "1.282",
            "high": "1.2871",
            "low": "1.282",
            "close": "1.2857"
        },
        {
            "time": "08.01.2021 16:51",
            "open": "1.2857",
            "high": "1.2857",
            "low": "1.2857",
            "close": "1.2849"
        },
        {
            "time": "08.01.2021 16:53",
            "open": "1.2849",
            "high": "1.2849",
            "low": "1.2849",
            "close": "1.2819"
        },
        {
            "time": "08.01.2021 16:58",
            "open": "1.2819",
            "high": "1.2819",
            "low": "1.2819",
            "close": "1.2843"
        },
        {
            "time": "08.01.2021 17:00",
            "open": "1.2843",
            "high": "1.2844",
            "low": "1.2843",
            "close": "1.2811"
        },
        {
            "time": "08.01.2021 17:05",
            "open": "1.2811",
            "high": "1.2811",
            "low": "1.2769",
            "close": "1.2789"
        },
        {
            "time": "08.01.2021 17:06",
            "open": "1.2789",
            "high": "1.2789",
            "low": "1.2788",
            "close": "1.2866"
        },
        {
            "time": "08.01.2021 17:07",
            "open": "1.2866",
            "high": "1.2872",
            "low": "1.2866",
            "close": "1.2903"
        },
        {
            "time": "08.01.2021 17:08",
            "open": "1.2903",
            "high": "1.291",
            "low": "1.2903",
            "close": "1.2917"
        },
        {
            "time": "08.01.2021 17:09",
            "open": "1.2917",
            "high": "1.2917",
            "low": "1.291",
            "close": "1.2737"
        },
        {
            "time": "08.01.2021 17:18",
            "open": "1.2737",
            "high": "1.2737",
            "low": "1.2732",
            "close": "1.2802"
        },
        {
            "time": "08.01.2021 17:21",
            "open": "1.2802",
            "high": "1.2802",
            "low": "1.2798",
            "close": "1.2935"
        },
        {
            "time": "08.01.2021 17:26",
            "open": "1.2935",
            "high": "1.2963",
            "low": "1.2935",
            "close": "1.2874"
        },
        {
            "time": "08.01.2021 17:34",
            "open": "1.2874",
            "high": "1.2874",
            "low": "1.2874",
            "close": "1.2908"
        },
        {
            "time": "08.01.2021 17:35",
            "open": "1.2908",
            "high": "1.2908",
            "low": "1.2908",
            "close": "1.2894"
        },
        {
            "time": "08.01.2021 17:41",
            "open": "1.2894",
            "high": "1.2894",
            "low": "1.2894",
            "close": "1.2911"
        },
        {
            "time": "08.01.2021 17:42",
            "open": "1.2911",
            "high": "1.2911",
            "low": "1.2906",
            "close": "1.2865"
        },
        {
            "time": "08.01.2021 17:43",
            "open": "1.2865",
            "high": "1.2865",
            "low": "1.2865",
            "close": "1.2865"
        },
        {
            "time": "08.01.2021 17:44",
            "open": "1.2865",
            "high": "1.2865",
            "low": "1.2865",
            "close": "1.2899"
        },
        {
            "time": "08.01.2021 17:45",
            "open": "1.2899",
            "high": "1.2899",
            "low": "1.2899",
            "close": "1.2877"
        },
        {
            "time": "08.01.2021 17:46",
            "open": "1.2877",
            "high": "1.2877",
            "low": "1.2877",
            "close": "1.2879"
        },
        {
            "time": "08.01.2021 17:48",
            "open": "1.2879",
            "high": "1.2879",
            "low": "1.2879",
            "close": "1.2839"
        },
        {
            "time": "08.01.2021 17:55",
            "open": "1.2839",
            "high": "1.2839",
            "low": "1.2839",
            "close": "1.2852"
        },
        {
            "time": "08.01.2021 18:01",
            "open": "1.2852",
            "high": "1.2852",
            "low": "1.2852",
            "close": "1.2885"
        },
        {
            "time": "08.01.2021 18:05",
            "open": "1.2885",
            "high": "1.2886",
            "low": "1.2885",
            "close": "1.2828"
        },
        {
            "time": "08.01.2021 18:08",
            "open": "1.2828",
            "high": "1.2828",
            "low": "1.2828",
            "close": "1.2838"
        },
        {
            "time": "08.01.2021 18:12",
            "open": "1.2838",
            "high": "1.2838",
            "low": "1.2838",
            "close": "1.2877"
        },
        {
            "time": "08.01.2021 18:15",
            "open": "1.2877",
            "high": "1.2877",
            "low": "1.2877",
            "close": "1.287"
        },
        {
            "time": "08.01.2021 18:23",
            "open": "1.287",
            "high": "1.287",
            "low": "1.287",
            "close": "1.2845"
        },
        {
            "time": "08.01.2021 18:24",
            "open": "1.2845",
            "high": "1.2845",
            "low": "1.2845",
            "close": "1.2882"
        },
        {
            "time": "08.01.2021 18:27",
            "open": "1.2882",
            "high": "1.2882",
            "low": "1.2882",
            "close": "1.2852"
        },
        {
            "time": "08.01.2021 18:28",
            "open": "1.2852",
            "high": "1.2891",
            "low": "1.2852",
            "close": "1.289"
        },
        {
            "time": "08.01.2021 18:34",
            "open": "1.289",
            "high": "1.289",
            "low": "1.289",
            "close": "1.28"
        },
        {
            "time": "08.01.2021 18:43",
            "open": "1.28",
            "high": "1.28",
            "low": "1.28",
            "close": "1.2762"
        },
        {
            "time": "08.01.2021 18:45",
            "open": "1.2762",
            "high": "1.2762",
            "low": "1.2762",
            "close": "1.2795"
        },
        {
            "time": "08.01.2021 18:46",
            "open": "1.2795",
            "high": "1.2795",
            "low": "1.2795",
            "close": "1.2868"
        },
        {
            "time": "08.01.2021 18:47",
            "open": "1.2868",
            "high": "1.2896",
            "low": "1.2868",
            "close": "1.2813"
        },
        {
            "time": "08.01.2021 18:50",
            "open": "1.2813",
            "high": "1.2813",
            "low": "1.2813",
            "close": "1.2879"
        },
        {
            "time": "08.01.2021 18:51",
            "open": "1.2879",
            "high": "1.288",
            "low": "1.2879",
            "close": "1.2958"
        },
        {
            "time": "08.01.2021 18:52",
            "open": "1.2958",
            "high": "1.2958",
            "low": "1.2956",
            "close": "1.2984"
        },
        {
            "time": "08.01.2021 18:55",
            "open": "1.2984",
            "high": "1.2984",
            "low": "1.2984",
            "close": "1.2954"
        },
        {
            "time": "08.01.2021 18:58",
            "open": "1.2954",
            "high": "1.2954",
            "low": "1.2953",
            "close": "1.2939"
        },
        {
            "time": "08.01.2021 19:01",
            "open": "1.2939",
            "high": "1.2939",
            "low": "1.2939",
            "close": "1.2752"
        },
        {
            "time": "08.01.2021 19:07",
            "open": "1.2752",
            "high": "1.2752",
            "low": "1.2752",
            "close": "1.2725"
        },
        {
            "time": "08.01.2021 19:08",
            "open": "1.2725",
            "high": "1.2725",
            "low": "1.2725",
            "close": "1.2755"
        },
        {
            "time": "08.01.2021 19:09",
            "open": "1.2755",
            "high": "1.2755",
            "low": "1.2755",
            "close": "1.2797"
        },
        {
            "time": "08.01.2021 19:10",
            "open": "1.2797",
            "high": "1.2797",
            "low": "1.2797",
            "close": "1.2774"
        },
        {
            "time": "08.01.2021 19:12",
            "open": "1.2774",
            "high": "1.2774",
            "low": "1.2754",
            "close": "1.2759"
        },
        {
            "time": "08.01.2021 19:14",
            "open": "1.2759",
            "high": "1.2759",
            "low": "1.2755",
            "close": "1.2726"
        },
        {
            "time": "08.01.2021 19:16",
            "open": "1.2726",
            "high": "1.2726",
            "low": "1.2706",
            "close": "1.2706"
        },
        {
            "time": "08.01.2021 19:17",
            "open": "1.2706",
            "high": "1.2706",
            "low": "1.2672",
            "close": "1.2621"
        },
        {
            "time": "08.01.2021 19:18",
            "open": "1.2621",
            "high": "1.2621",
            "low": "1.2621",
            "close": "1.2621"
        },
        {
            "time": "08.01.2021 19:19",
            "open": "1.2621",
            "high": "1.2621",
            "low": "1.2577",
            "close": "1.2577"
        },
        {
            "time": "08.01.2021 19:20",
            "open": "1.2577",
            "high": "1.2577",
            "low": "1.2577",
            "close": "1.2602"
        },
        {
            "time": "08.01.2021 19:21",
            "open": "1.2602",
            "high": "1.2602",
            "low": "1.2602",
            "close": "1.2634"
        },
        {
            "time": "08.01.2021 19:23",
            "open": "1.2634",
            "high": "1.2634",
            "low": "1.2634",
            "close": "1.2667"
        },
        {
            "time": "08.01.2021 19:24",
            "open": "1.2667",
            "high": "1.2684",
            "low": "1.2667",
            "close": "1.2685"
        },
        {
            "time": "08.01.2021 19:25",
            "open": "1.2685",
            "high": "1.2685",
            "low": "1.2685",
            "close": "1.269"
        },
        {
            "time": "08.01.2021 19:26",
            "open": "1.269",
            "high": "1.269",
            "low": "1.2682",
            "close": "1.2576"
        },
        {
            "time": "08.01.2021 19:30",
            "open": "1.2576",
            "high": "1.2576",
            "low": "1.2576",
            "close": "1.2545"
        },
        {
            "time": "08.01.2021 19:31",
            "open": "1.2545",
            "high": "1.2545",
            "low": "1.2545",
            "close": "1.2704"
        },
        {
            "time": "08.01.2021 19:34",
            "open": "1.2704",
            "high": "1.2722",
            "low": "1.2703",
            "close": "1.2763"
        },
        {
            "time": "08.01.2021 19:35",
            "open": "1.2763",
            "high": "1.2763",
            "low": "1.2763",
            "close": "1.2722"
        },
        {
            "time": "08.01.2021 19:37",
            "open": "1.2722",
            "high": "1.2722",
            "low": "1.2722",
            "close": "1.2722"
        },
        {
            "time": "08.01.2021 19:40",
            "open": "1.2722",
            "high": "1.2722",
            "low": "1.2722",
            "close": "1.268"
        },
        {
            "time": "08.01.2021 19:41",
            "open": "1.268",
            "high": "1.268",
            "low": "1.268",
            "close": "1.259"
        },
        {
            "time": "08.01.2021 19:44",
            "open": "1.259",
            "high": "1.259",
            "low": "1.259",
            "close": "1.2679"
        },
        {
            "time": "08.01.2021 20:19",
            "open": "1.2679",
            "high": "1.2679",
            "low": "1.2632",
            "close": "1.2657"
        },
        {
            "time": "08.01.2021 20:20",
            "open": "1.2657",
            "high": "1.2657",
            "low": "1.2657",
            "close": "1.2643"
        },
        {
            "time": "08.01.2021 20:30",
            "open": "1.2643",
            "high": "1.2644",
            "low": "1.2643",
            "close": "1.2697"
        },
        {
            "time": "08.01.2021 20:38",
            "open": "1.2697",
            "high": "1.2697",
            "low": "1.2697",
            "close": "1.2636"
        },
        {
            "time": "08.01.2021 20:43",
            "open": "1.2636",
            "high": "1.2636",
            "low": "1.2636",
            "close": "1.2599"
        },
        {
            "time": "08.01.2021 20:49",
            "open": "1.2599",
            "high": "1.2599",
            "low": "1.2599",
            "close": "1.2599"
        },
        {
            "time": "08.01.2021 20:50",
            "open": "1.2599",
            "high": "1.2599",
            "low": "1.2599",
            "close": "1.2659"
        },
        {
            "time": "08.01.2021 20:52",
            "open": "1.2659",
            "high": "1.2669",
            "low": "1.2659",
            "close": "1.2597"
        },
        {
            "time": "08.01.2021 20:56",
            "open": "1.2597",
            "high": "1.2597",
            "low": "1.2595",
            "close": "1.2571"
        },
        {
            "time": "08.01.2021 21:01",
            "open": "1.2571",
            "high": "1.2571",
            "low": "1.2571",
            "close": "1.2545"
        },
        {
            "time": "08.01.2021 21:02",
            "open": "1.2545",
            "high": "1.2545",
            "low": "1.25",
            "close": "1.2427"
        },
        {
            "time": "08.01.2021 21:03",
            "open": "1.2427",
            "high": "1.2427",
            "low": "1.2427",
            "close": "1.2421"
        },
        {
            "time": "08.01.2021 21:04",
            "open": "1.2421",
            "high": "1.2421",
            "low": "1.2411",
            "close": "1.2421"
        },
        {
            "time": "08.01.2021 21:05",
            "open": "1.2421",
            "high": "1.2441",
            "low": "1.2421",
            "close": "1.2376"
        },
        {
            "time": "08.01.2021 21:10",
            "open": "1.2376",
            "high": "1.2387",
            "low": "1.2349",
            "close": "1.2345"
        },
        {
            "time": "08.01.2021 21:11",
            "open": "1.2345",
            "high": "1.2345",
            "low": "1.2345",
            "close": "1.2632"
        },
        {
            "time": "08.01.2021 21:19",
            "open": "1.2632",
            "high": "1.2638",
            "low": "1.2632",
            "close": "1.2655"
        },
        {
            "time": "08.01.2021 21:20",
            "open": "1.2655",
            "high": "1.2655",
            "low": "1.2655",
            "close": "1.2604"
        },
        {
            "time": "08.01.2021 21:21",
            "open": "1.2604",
            "high": "1.2604",
            "low": "1.2604",
            "close": "1.2539"
        },
        {
            "time": "08.01.2021 21:23",
            "open": "1.2539",
            "high": "1.2539",
            "low": "1.2539",
            "close": "1.2482"
        },
        {
            "time": "08.01.2021 21:24",
            "open": "1.2482",
            "high": "1.2482",
            "low": "1.2482",
            "close": "1.2349"
        },
        {
            "time": "08.01.2021 21:29",
            "open": "1.2349",
            "high": "1.2378",
            "low": "1.2349",
            "close": "1.239"
        },
        {
            "time": "08.01.2021 21:31",
            "open": "1.239",
            "high": "1.239",
            "low": "1.2378",
            "close": "1.2349"
        },
        {
            "time": "08.01.2021 21:34",
            "open": "1.2349",
            "high": "1.2349",
            "low": "1.2349",
            "close": "1.2318"
        },
        {
            "time": "08.01.2021 21:37",
            "open": "1.2318",
            "high": "1.2318",
            "low": "1.2318",
            "close": "1.2335"
        },
        {
            "time": "08.01.2021 21:38",
            "open": "1.2335",
            "high": "1.2335",
            "low": "1.2335",
            "close": "1.2337"
        },
        {
            "time": "08.01.2021 21:41",
            "open": "1.2337",
            "high": "1.2337",
            "low": "1.2337",
            "close": "1.2344"
        },
        {
            "time": "08.01.2021 21:42",
            "open": "1.2344",
            "high": "1.2344",
            "low": "1.2321",
            "close": "1.2288"
        },
        {
            "time": "08.01.2021 21:45",
            "open": "1.2288",
            "high": "1.2336",
            "low": "1.2288",
            "close": "1.2231"
        },
        {
            "time": "08.01.2021 21:47",
            "open": "1.2231",
            "high": "1.2231",
            "low": "1.2229",
            "close": "1.225"
        },
        {
            "time": "08.01.2021 21:52",
            "open": "1.225",
            "high": "1.225",
            "low": "1.225",
            "close": "1.2371"
        },
        {
            "time": "08.01.2021 21:53",
            "open": "1.2371",
            "high": "1.2372",
            "low": "1.2371",
            "close": "1.2378"
        },
        {
            "time": "08.01.2021 21:54",
            "open": "1.2378",
            "high": "1.2431",
            "low": "1.2378",
            "close": "1.2412"
        },
        {
            "time": "08.01.2021 21:56",
            "open": "1.2412",
            "high": "1.2412",
            "low": "1.2411",
            "close": "1.2261"
        },
        {
            "time": "08.01.2021 21:57",
            "open": "1.2261",
            "high": "1.2261",
            "low": "1.2248",
            "close": "1.2234"
        },
        {
            "time": "08.01.2021 21:58",
            "open": "1.2234",
            "high": "1.2234",
            "low": "1.2234",
            "close": "1.2191"
        },
        {
            "time": "08.01.2021 22:00",
            "open": "1.2191",
            "high": "1.222",
            "low": "1.2191",
            "close": "1.2191"
        },
        {
            "time": "08.01.2021 22:01",
            "open": "1.2191",
            "high": "1.2191",
            "low": "1.2191",
            "close": "1.2126"
        },
        {
            "time": "08.01.2021 22:02",
            "open": "1.2126",
            "high": "1.2126",
            "low": "1.2064",
            "close": "1.2209"
        },
        {
            "time": "08.01.2021 22:05",
            "open": "1.2209",
            "high": "1.227",
            "low": "1.2209",
            "close": "1.2322"
        },
        {
            "time": "08.01.2021 22:15",
            "open": "1.2322",
            "high": "1.2322",
            "low": "1.2322",
            "close": "1.235"
        },
        {
            "time": "08.01.2021 22:16",
            "open": "1.235",
            "high": "1.235",
            "low": "1.235",
            "close": "1.2385"
        },
        {
            "time": "08.01.2021 22:18",
            "open": "1.2385",
            "high": "1.2385",
            "low": "1.2384",
            "close": "1.2471"
        },
        {
            "time": "08.01.2021 22:21",
            "open": "1.2471",
            "high": "1.2478",
            "low": "1.2471",
            "close": "1.2526"
        },
        {
            "time": "08.01.2021 22:22",
            "open": "1.2526",
            "high": "1.2526",
            "low": "1.2526",
            "close": "1.2473"
        },
        {
            "time": "08.01.2021 22:26",
            "open": "1.2473",
            "high": "1.2473",
            "low": "1.2473",
            "close": "1.2472"
        },
        {
            "time": "08.01.2021 22:28",
            "open": "1.2472",
            "high": "1.2472",
            "low": "1.2472",
            "close": "1.2492"
        },
        {
            "time": "08.01.2021 22:36",
            "open": "1.2492",
            "high": "1.2498",
            "low": "1.2492",
            "close": "1.2486"
        },
        {
            "time": "08.01.2021 22:40",
            "open": "1.2486",
            "high": "1.2486",
            "low": "1.2478",
            "close": "1.2456"
        },
        {
            "time": "08.01.2021 22:50",
            "open": "1.2456",
            "high": "1.2456",
            "low": "1.2456",
            "close": "1.2465"
        },
        {
            "time": "08.01.2021 23:02",
            "open": "1.2465",
            "high": "1.2465",
            "low": "1.2465",
            "close": "1.2471"
        },
        {
            "time": "08.01.2021 23:08",
            "open": "1.2471",
            "high": "1.2471",
            "low": "1.2459",
            "close": "1.2458"
        },
        {
            "time": "08.01.2021 23:11",
            "open": "1.2458",
            "high": "1.246",
            "low": "1.2458",
            "close": "1.2442"
        },
        {
            "time": "08.01.2021 23:12",
            "open": "1.2442",
            "high": "1.2442",
            "low": "1.2442",
            "close": "1.2418"
        },
        {
            "time": "08.01.2021 23:18",
            "open": "1.2418",
            "high": "1.2418",
            "low": "1.2413",
            "close": "1.2357"
        },
        {
            "time": "08.01.2021 23:22",
            "open": "1.2357",
            "high": "1.2357",
            "low": "1.2357",
            "close": "1.2465"
        },
        {
            "time": "08.01.2021 23:27",
            "open": "1.2465",
            "high": "1.2502",
            "low": "1.2465",
            "close": "1.2505"
        },
        {
            "time": "08.01.2021 23:28",
            "open": "1.2505",
            "high": "1.2505",
            "low": "1.2505",
            "close": "1.2515"
        },
        {
            "time": "08.01.2021 23:31",
            "open": "1.2515",
            "high": "1.2562",
            "low": "1.2515",
            "close": "1.2607"
        },
        {
            "time": "08.01.2021 23:35",
            "open": "1.2607",
            "high": "1.2632",
            "low": "1.2607",
            "close": "1.2574"
        },
        {
            "time": "08.01.2021 23:36",
            "open": "1.2574",
            "high": "1.2674",
            "low": "1.2574",
            "close": "1.2599"
        },
        {
            "time": "08.01.2021 23:39",
            "open": "1.2599",
            "high": "1.2599",
            "low": "1.2599",
            "close": "1.2642"
        },
        {
            "time": "08.01.2021 23:41",
            "open": "1.2642",
            "high": "1.2644",
            "low": "1.2642",
            "close": "1.2668"
        },
        {
            "time": "08.01.2021 23:43",
            "open": "1.2668",
            "high": "1.2669",
            "low": "1.2668",
            "close": "1.2668"
        },
        {
            "time": "08.01.2021 23:47",
            "open": "1.2668",
            "high": "1.2668",
            "low": "1.2668",
            "close": "1.268"
        },
        {
            "time": "08.01.2021 23:51",
            "open": "1.268",
            "high": "1.268",
            "low": "1.268",
            "close": "1.268"
        }
    ]
}