{
    "BNT-EUR": [
        {
            "time": "16.08.2021 23:56",
            "open": "3.5546",
            "high": "3.5546",
            "low": "3.5546",
            "close": "3.5418"
        },
        {
            "time": "17.08.2021 00:01",
            "open": "3.5418",
            "high": "3.5429",
            "low": "3.5418",
            "close": "3.5589"
        },
        {
            "time": "17.08.2021 00:05",
            "open": "3.5589",
            "high": "3.5598",
            "low": "3.5588",
            "close": "3.5726"
        },
        {
            "time": "17.08.2021 00:16",
            "open": "3.5726",
            "high": "3.5726",
            "low": "3.5726",
            "close": "3.577"
        },
        {
            "time": "17.08.2021 00:17",
            "open": "3.577",
            "high": "3.577",
            "low": "3.577",
            "close": "3.5726"
        },
        {
            "time": "17.08.2021 00:21",
            "open": "3.5726",
            "high": "3.5726",
            "low": "3.5726",
            "close": "3.5566"
        },
        {
            "time": "17.08.2021 00:35",
            "open": "3.5566",
            "high": "3.5566",
            "low": "3.5566",
            "close": "3.5438"
        },
        {
            "time": "17.08.2021 01:14",
            "open": "3.5438",
            "high": "3.5438",
            "low": "3.5438",
            "close": "3.542"
        },
        {
            "time": "17.08.2021 01:15",
            "open": "3.542",
            "high": "3.542",
            "low": "3.542",
            "close": "3.5249"
        },
        {
            "time": "17.08.2021 01:21",
            "open": "3.5249",
            "high": "3.5249",
            "low": "3.5249",
            "close": "3.5445"
        },
        {
            "time": "17.08.2021 01:31",
            "open": "3.5445",
            "high": "3.5445",
            "low": "3.5445",
            "close": "3.5336"
        },
        {
            "time": "17.08.2021 01:36",
            "open": "3.5336",
            "high": "3.5336",
            "low": "3.5336",
            "close": "3.5465"
        },
        {
            "time": "17.08.2021 01:41",
            "open": "3.5465",
            "high": "3.5465",
            "low": "3.5453",
            "close": "3.5432"
        },
        {
            "time": "17.08.2021 01:42",
            "open": "3.5432",
            "high": "3.5432",
            "low": "3.5432",
            "close": "3.5338"
        },
        {
            "time": "17.08.2021 01:55",
            "open": "3.5338",
            "high": "3.5338",
            "low": "3.5338",
            "close": "3.5428"
        },
        {
            "time": "17.08.2021 01:57",
            "open": "3.5428",
            "high": "3.5429",
            "low": "3.5428",
            "close": "3.5295"
        },
        {
            "time": "17.08.2021 01:59",
            "open": "3.5295",
            "high": "3.5295",
            "low": "3.5293",
            "close": "3.5272"
        },
        {
            "time": "17.08.2021 02:02",
            "open": "3.5272",
            "high": "3.5334",
            "low": "3.5272",
            "close": "3.5053"
        },
        {
            "time": "17.08.2021 02:15",
            "open": "3.5053",
            "high": "3.5053",
            "low": "3.5053",
            "close": "3.5053"
        },
        {
            "time": "17.08.2021 02:16",
            "open": "3.5053",
            "high": "3.5053",
            "low": "3.5053",
            "close": "3.5"
        },
        {
            "time": "17.08.2021 02:21",
            "open": "3.5",
            "high": "3.5",
            "low": "3.5",
            "close": "3.4887"
        },
        {
            "time": "17.08.2021 02:24",
            "open": "3.4887",
            "high": "3.4887",
            "low": "3.4848",
            "close": "3.4766"
        },
        {
            "time": "17.08.2021 02:25",
            "open": "3.4766",
            "high": "3.4766",
            "low": "3.47",
            "close": "3.4793"
        },
        {
            "time": "17.08.2021 02:27",
            "open": "3.4793",
            "high": "3.4808",
            "low": "3.4793",
            "close": "3.4822"
        },
        {
            "time": "17.08.2021 02:28",
            "open": "3.4822",
            "high": "3.4823",
            "low": "3.4822",
            "close": "3.4865"
        },
        {
            "time": "17.08.2021 02:29",
            "open": "3.4865",
            "high": "3.4865",
            "low": "3.4865",
            "close": "3.4881"
        },
        {
            "time": "17.08.2021 02:30",
            "open": "3.4881",
            "high": "3.4907",
            "low": "3.4881",
            "close": "3.4912"
        },
        {
            "time": "17.08.2021 02:31",
            "open": "3.4912",
            "high": "3.4912",
            "low": "3.4912",
            "close": "3.4959"
        },
        {
            "time": "17.08.2021 02:32",
            "open": "3.4959",
            "high": "3.4959",
            "low": "3.4959",
            "close": "3.4825"
        },
        {
            "time": "17.08.2021 02:46",
            "open": "3.4825",
            "high": "3.4826",
            "low": "3.4825",
            "close": "3.5017"
        },
        {
            "time": "17.08.2021 03:07",
            "open": "3.5049",
            "high": "3.5049",
            "low": "3.5049",
            "close": "3.5627"
        },
        {
            "time": "17.08.2021 04:39",
            "open": "3.5627",
            "high": "3.5627",
            "low": "3.5626",
            "close": "3.5916"
        },
        {
            "time": "17.08.2021 05:23",
            "open": "3.5916",
            "high": "3.595",
            "low": "3.5916",
            "close": "3.6066"
        },
        {
            "time": "17.08.2021 05:38",
            "open": "3.6066",
            "high": "3.6066",
            "low": "3.6066",
            "close": "3.6244"
        },
        {
            "time": "17.08.2021 06:11",
            "open": "3.6244",
            "high": "3.6244",
            "low": "3.6244",
            "close": "3.6085"
        },
        {
            "time": "17.08.2021 06:21",
            "open": "3.6085",
            "high": "3.6085",
            "low": "3.6057",
            "close": "3.5874"
        },
        {
            "time": "17.08.2021 06:29",
            "open": "3.5874",
            "high": "3.5874",
            "low": "3.5868",
            "close": "3.5971"
        },
        {
            "time": "17.08.2021 06:33",
            "open": "3.5971",
            "high": "3.5971",
            "low": "3.5971",
            "close": "3.5994"
        },
        {
            "time": "17.08.2021 06:42",
            "open": "3.5994",
            "high": "3.5994",
            "low": "3.5994",
            "close": "3.6004"
        },
        {
            "time": "17.08.2021 06:57",
            "open": "3.6004",
            "high": "3.6025",
            "low": "3.6004",
            "close": "3.5938"
        },
        {
            "time": "17.08.2021 07:02",
            "open": "3.5938",
            "high": "3.5938",
            "low": "3.5938",
            "close": "3.5612"
        },
        {
            "time": "17.08.2021 07:19",
            "open": "3.5612",
            "high": "3.5612",
            "low": "3.5612",
            "close": "3.5744"
        },
        {
            "time": "17.08.2021 07:33",
            "open": "3.5744",
            "high": "3.5744",
            "low": "3.5744",
            "close": "3.5843"
        },
        {
            "time": "17.08.2021 07:39",
            "open": "3.5843",
            "high": "3.5843",
            "low": "3.5843",
            "close": "3.5568"
        },
        {
            "time": "17.08.2021 08:03",
            "open": "3.5568",
            "high": "3.5568",
            "low": "3.5568",
            "close": "3.5305"
        },
        {
            "time": "17.08.2021 08:49",
            "open": "3.5305",
            "high": "3.5305",
            "low": "3.5256",
            "close": "3.5344"
        },
        {
            "time": "17.08.2021 08:53",
            "open": "3.5344",
            "high": "3.5344",
            "low": "3.5344",
            "close": "3.5283"
        },
        {
            "time": "17.08.2021 08:58",
            "open": "3.5283",
            "high": "3.5283",
            "low": "3.5283",
            "close": "3.5227"
        },
        {
            "time": "17.08.2021 09:00",
            "open": "3.5227",
            "high": "3.5278",
            "low": "3.5227",
            "close": "3.5278"
        },
        {
            "time": "17.08.2021 09:01",
            "open": "3.5278",
            "high": "3.5278",
            "low": "3.5278",
            "close": "3.5432"
        },
        {
            "time": "17.08.2021 09:41",
            "open": "3.5432",
            "high": "3.5432",
            "low": "3.5432",
            "close": "3.5591"
        },
        {
            "time": "17.08.2021 10:01",
            "open": "3.5591",
            "high": "3.5591",
            "low": "3.5591",
            "close": "3.5519"
        },
        {
            "time": "17.08.2021 10:03",
            "open": "3.5519",
            "high": "3.5519",
            "low": "3.5518",
            "close": "3.5512"
        },
        {
            "time": "17.08.2021 10:07",
            "open": "3.5512",
            "high": "3.5512",
            "low": "3.5512",
            "close": "3.5407"
        },
        {
            "time": "17.08.2021 10:15",
            "open": "3.5407",
            "high": "3.5407",
            "low": "3.5407",
            "close": "3.551"
        },
        {
            "time": "17.08.2021 10:33",
            "open": "3.551",
            "high": "3.551",
            "low": "3.551",
            "close": "3.5589"
        },
        {
            "time": "17.08.2021 10:49",
            "open": "3.5589",
            "high": "3.5589",
            "low": "3.5589",
            "close": "3.5593"
        },
        {
            "time": "17.08.2021 10:55",
            "open": "3.5593",
            "high": "3.5593",
            "low": "3.5593",
            "close": "3.5683"
        },
        {
            "time": "17.08.2021 11:14",
            "open": "3.5683",
            "high": "3.5683",
            "low": "3.5683",
            "close": "3.5754"
        },
        {
            "time": "17.08.2021 11:22",
            "open": "3.5754",
            "high": "3.5754",
            "low": "3.5754",
            "close": "3.5919"
        },
        {
            "time": "17.08.2021 11:26",
            "open": "3.5919",
            "high": "3.5919",
            "low": "3.5919",
            "close": "3.6102"
        },
        {
            "time": "17.08.2021 11:45",
            "open": "3.6102",
            "high": "3.6143",
            "low": "3.6102",
            "close": "3.6093"
        },
        {
            "time": "17.08.2021 11:48",
            "open": "3.6093",
            "high": "3.6094",
            "low": "3.6093",
            "close": "3.6308"
        },
        {
            "time": "17.08.2021 12:05",
            "open": "3.6308",
            "high": "3.6308",
            "low": "3.6308",
            "close": "3.628"
        },
        {
            "time": "17.08.2021 12:06",
            "open": "3.628",
            "high": "3.628",
            "low": "3.6231",
            "close": "3.6289"
        },
        {
            "time": "17.08.2021 12:07",
            "open": "3.6289",
            "high": "3.6289",
            "low": "3.6219",
            "close": "3.6281"
        },
        {
            "time": "17.08.2021 12:10",
            "open": "3.6281",
            "high": "3.6281",
            "low": "3.6281",
            "close": "3.6308"
        },
        {
            "time": "17.08.2021 12:12",
            "open": "3.6308",
            "high": "3.6308",
            "low": "3.6308",
            "close": "3.6307"
        },
        {
            "time": "17.08.2021 12:16",
            "open": "3.6307",
            "high": "3.6307",
            "low": "3.6307",
            "close": "3.624"
        },
        {
            "time": "17.08.2021 12:19",
            "open": "3.624",
            "high": "3.624",
            "low": "3.624",
            "close": "3.6299"
        },
        {
            "time": "17.08.2021 12:21",
            "open": "3.6299",
            "high": "3.6299",
            "low": "3.6299",
            "close": "3.6305"
        },
        {
            "time": "17.08.2021 12:24",
            "open": "3.6305",
            "high": "3.6305",
            "low": "3.6305",
            "close": "3.6308"
        },
        {
            "time": "17.08.2021 12:25",
            "open": "3.6308",
            "high": "3.6308",
            "low": "3.6308",
            "close": "3.6308"
        },
        {
            "time": "17.08.2021 12:26",
            "open": "3.6308",
            "high": "3.635",
            "low": "3.6308",
            "close": "3.6369"
        },
        {
            "time": "17.08.2021 12:28",
            "open": "3.6369",
            "high": "3.6369",
            "low": "3.6369",
            "close": "3.6369"
        },
        {
            "time": "17.08.2021 12:31",
            "open": "3.6369",
            "high": "3.6369",
            "low": "3.6369",
            "close": "3.6369"
        },
        {
            "time": "17.08.2021 12:35",
            "open": "3.6369",
            "high": "3.6442",
            "low": "3.6369",
            "close": "3.6407"
        },
        {
            "time": "17.08.2021 12:37",
            "open": "3.6407",
            "high": "3.6407",
            "low": "3.6407",
            "close": "3.6376"
        },
        {
            "time": "17.08.2021 12:48",
            "open": "3.6376",
            "high": "3.6376",
            "low": "3.6376",
            "close": "3.64"
        },
        {
            "time": "17.08.2021 12:50",
            "open": "3.64",
            "high": "3.6401",
            "low": "3.6336",
            "close": "3.6418"
        },
        {
            "time": "17.08.2021 12:55",
            "open": "3.6418",
            "high": "3.6426",
            "low": "3.6418",
            "close": "3.6214"
        },
        {
            "time": "17.08.2021 13:00",
            "open": "3.6214",
            "high": "3.6214",
            "low": "3.6214",
            "close": "3.6379"
        },
        {
            "time": "17.08.2021 13:07",
            "open": "3.6379",
            "high": "3.6379",
            "low": "3.6338",
            "close": "3.6338"
        },
        {
            "time": "17.08.2021 13:08",
            "open": "3.6338",
            "high": "3.6338",
            "low": "3.6338",
            "close": "3.6348"
        },
        {
            "time": "17.08.2021 13:14",
            "open": "3.6348",
            "high": "3.6348",
            "low": "3.6336",
            "close": "3.6416"
        },
        {
            "time": "17.08.2021 13:18",
            "open": "3.6416",
            "high": "3.6416",
            "low": "3.6387",
            "close": "3.6477"
        },
        {
            "time": "17.08.2021 13:19",
            "open": "3.6477",
            "high": "3.6477",
            "low": "3.6477",
            "close": "3.6487"
        },
        {
            "time": "17.08.2021 13:21",
            "open": "3.6487",
            "high": "3.6487",
            "low": "3.6487",
            "close": "3.676"
        },
        {
            "time": "17.08.2021 13:44",
            "open": "3.676",
            "high": "3.676",
            "low": "3.6708",
            "close": "3.6747"
        },
        {
            "time": "17.08.2021 13:46",
            "open": "3.6747",
            "high": "3.6747",
            "low": "3.6747",
            "close": "3.6702"
        },
        {
            "time": "17.08.2021 13:47",
            "open": "3.6702",
            "high": "3.6702",
            "low": "3.6672",
            "close": "3.6662"
        },
        {
            "time": "17.08.2021 13:49",
            "open": "3.6662",
            "high": "3.6662",
            "low": "3.6662",
            "close": "3.6687"
        },
        {
            "time": "17.08.2021 13:50",
            "open": "3.6687",
            "high": "3.6687",
            "low": "3.6687",
            "close": "3.664"
        },
        {
            "time": "17.08.2021 13:54",
            "open": "3.664",
            "high": "3.664",
            "low": "3.664",
            "close": "3.6784"
        },
        {
            "time": "17.08.2021 14:03",
            "open": "3.6784",
            "high": "3.6784",
            "low": "3.6784",
            "close": "3.677"
        },
        {
            "time": "17.08.2021 14:04",
            "open": "3.677",
            "high": "3.677",
            "low": "3.677",
            "close": "3.6733"
        },
        {
            "time": "17.08.2021 14:16",
            "open": "3.6733",
            "high": "3.6744",
            "low": "3.6733",
            "close": "3.6846"
        },
        {
            "time": "17.08.2021 14:30",
            "open": "3.6846",
            "high": "3.6846",
            "low": "3.6821",
            "close": "3.679"
        },
        {
            "time": "17.08.2021 14:32",
            "open": "3.679",
            "high": "3.679",
            "low": "3.676",
            "close": "3.664"
        },
        {
            "time": "17.08.2021 14:37",
            "open": "3.664",
            "high": "3.664",
            "low": "3.664",
            "close": "3.6585"
        },
        {
            "time": "17.08.2021 14:48",
            "open": "3.6585",
            "high": "3.6585",
            "low": "3.6585",
            "close": "3.6458"
        },
        {
            "time": "17.08.2021 14:59",
            "open": "3.6458",
            "high": "3.6458",
            "low": "3.6458",
            "close": "3.6433"
        },
        {
            "time": "17.08.2021 15:00",
            "open": "3.6433",
            "high": "3.6433",
            "low": "3.6433",
            "close": "3.6406"
        },
        {
            "time": "17.08.2021 15:12",
            "open": "3.6406",
            "high": "3.6406",
            "low": "3.6406",
            "close": "3.6243"
        },
        {
            "time": "17.08.2021 15:15",
            "open": "3.6243",
            "high": "3.6244",
            "low": "3.6243",
            "close": "3.6384"
        },
        {
            "time": "17.08.2021 15:20",
            "open": "3.6384",
            "high": "3.6384",
            "low": "3.6384",
            "close": "3.6275"
        },
        {
            "time": "17.08.2021 15:24",
            "open": "3.6275",
            "high": "3.6275",
            "low": "3.6275",
            "close": "3.6239"
        },
        {
            "time": "17.08.2021 15:26",
            "open": "3.6239",
            "high": "3.6239",
            "low": "3.6239",
            "close": "3.6412"
        },
        {
            "time": "17.08.2021 15:41",
            "open": "3.6412",
            "high": "3.6819",
            "low": "3.6412",
            "close": "3.6734"
        },
        {
            "time": "17.08.2021 15:42",
            "open": "3.6734",
            "high": "3.674",
            "low": "3.6713",
            "close": "3.6732"
        },
        {
            "time": "17.08.2021 15:43",
            "open": "3.6732",
            "high": "3.6858",
            "low": "3.6732",
            "close": "3.6886"
        },
        {
            "time": "17.08.2021 15:44",
            "open": "3.6886",
            "high": "3.6886",
            "low": "3.6886",
            "close": "3.688"
        },
        {
            "time": "17.08.2021 15:45",
            "open": "3.688",
            "high": "3.688",
            "low": "3.6833",
            "close": "3.6767"
        },
        {
            "time": "17.08.2021 15:47",
            "open": "3.6767",
            "high": "3.6767",
            "low": "3.6767",
            "close": "3.677"
        },
        {
            "time": "17.08.2021 15:48",
            "open": "3.677",
            "high": "3.677",
            "low": "3.677",
            "close": "3.6757"
        },
        {
            "time": "17.08.2021 15:51",
            "open": "3.6757",
            "high": "3.6757",
            "low": "3.6757",
            "close": "3.6757"
        },
        {
            "time": "17.08.2021 16:09",
            "open": "3.6757",
            "high": "3.6757",
            "low": "3.6757",
            "close": "3.67"
        },
        {
            "time": "17.08.2021 16:11",
            "open": "3.67",
            "high": "3.67",
            "low": "3.67",
            "close": "3.6609"
        },
        {
            "time": "17.08.2021 16:12",
            "open": "3.6609",
            "high": "3.6609",
            "low": "3.6451",
            "close": "3.6517"
        },
        {
            "time": "17.08.2021 16:16",
            "open": "3.6517",
            "high": "3.6517",
            "low": "3.6517",
            "close": "3.654"
        },
        {
            "time": "17.08.2021 16:17",
            "open": "3.654",
            "high": "3.654",
            "low": "3.654",
            "close": "3.6421"
        },
        {
            "time": "17.08.2021 16:27",
            "open": "3.6421",
            "high": "3.6421",
            "low": "3.6338",
            "close": "3.6318"
        },
        {
            "time": "17.08.2021 16:36",
            "open": "3.6318",
            "high": "3.6318",
            "low": "3.6318",
            "close": "3.6365"
        },
        {
            "time": "17.08.2021 16:43",
            "open": "3.6365",
            "high": "3.6365",
            "low": "3.6365",
            "close": "3.6427"
        },
        {
            "time": "17.08.2021 17:07",
            "open": "3.6427",
            "high": "3.6427",
            "low": "3.6427",
            "close": "3.6218"
        },
        {
            "time": "17.08.2021 17:12",
            "open": "3.6218",
            "high": "3.6218",
            "low": "3.6218",
            "close": "3.6141"
        },
        {
            "time": "17.08.2021 17:23",
            "open": "3.6141",
            "high": "3.6141",
            "low": "3.6141",
            "close": "3.6098"
        },
        {
            "time": "17.08.2021 17:24",
            "open": "3.6098",
            "high": "3.61",
            "low": "3.6093",
            "close": "3.6111"
        },
        {
            "time": "17.08.2021 17:31",
            "open": "3.6111",
            "high": "3.6111",
            "low": "3.6111",
            "close": "3.6054"
        },
        {
            "time": "17.08.2021 17:32",
            "open": "3.6054",
            "high": "3.6054",
            "low": "3.6038",
            "close": "3.5949"
        },
        {
            "time": "17.08.2021 17:34",
            "open": "3.5949",
            "high": "3.5949",
            "low": "3.5949",
            "close": "3.5688"
        },
        {
            "time": "17.08.2021 17:47",
            "open": "3.5688",
            "high": "3.5688",
            "low": "3.5687",
            "close": "3.579"
        },
        {
            "time": "17.08.2021 17:48",
            "open": "3.579",
            "high": "3.5806",
            "low": "3.579",
            "close": "3.5676"
        },
        {
            "time": "17.08.2021 17:51",
            "open": "3.5676",
            "high": "3.5676",
            "low": "3.5676",
            "close": "3.5658"
        },
        {
            "time": "17.08.2021 17:53",
            "open": "3.5658",
            "high": "3.5695",
            "low": "3.562",
            "close": "3.5587"
        },
        {
            "time": "17.08.2021 17:57",
            "open": "3.5587",
            "high": "3.5587",
            "low": "3.5587",
            "close": "3.5616"
        },
        {
            "time": "17.08.2021 17:59",
            "open": "3.5616",
            "high": "3.5675",
            "low": "3.5616",
            "close": "3.5638"
        },
        {
            "time": "17.08.2021 18:00",
            "open": "3.5638",
            "high": "3.5712",
            "low": "3.5616",
            "close": "3.5696"
        },
        {
            "time": "17.08.2021 18:01",
            "open": "3.5696",
            "high": "3.5696",
            "low": "3.5582",
            "close": "3.5581"
        },
        {
            "time": "17.08.2021 18:02",
            "open": "3.5581",
            "high": "3.5581",
            "low": "3.5511",
            "close": "3.5447"
        },
        {
            "time": "17.08.2021 18:03",
            "open": "3.5447",
            "high": "3.5457",
            "low": "3.5425",
            "close": "3.5445"
        },
        {
            "time": "17.08.2021 18:05",
            "open": "3.5445",
            "high": "3.5445",
            "low": "3.5445",
            "close": "3.552"
        },
        {
            "time": "17.08.2021 18:06",
            "open": "3.552",
            "high": "3.5633",
            "low": "3.552",
            "close": "3.5787"
        },
        {
            "time": "17.08.2021 18:12",
            "open": "3.5787",
            "high": "3.5787",
            "low": "3.5787",
            "close": "3.5867"
        },
        {
            "time": "17.08.2021 18:13",
            "open": "3.5867",
            "high": "3.5867",
            "low": "3.5867",
            "close": "3.5708"
        },
        {
            "time": "17.08.2021 18:28",
            "open": "3.5708",
            "high": "3.5708",
            "low": "3.5708",
            "close": "3.5696"
        },
        {
            "time": "17.08.2021 18:30",
            "open": "3.5696",
            "high": "3.5696",
            "low": "3.5696",
            "close": "3.5703"
        },
        {
            "time": "17.08.2021 18:37",
            "open": "3.5703",
            "high": "3.5703",
            "low": "3.5703",
            "close": "3.5614"
        },
        {
            "time": "17.08.2021 18:46",
            "open": "3.5452",
            "high": "3.5452",
            "low": "3.5452",
            "close": "3.5635"
        },
        {
            "time": "17.08.2021 18:50",
            "open": "3.5635",
            "high": "3.5635",
            "low": "3.5635",
            "close": "3.5532"
        },
        {
            "time": "17.08.2021 18:59",
            "open": "3.5532",
            "high": "3.5532",
            "low": "3.5521",
            "close": "3.5521"
        },
        {
            "time": "17.08.2021 19:04",
            "open": "3.5521",
            "high": "3.5521",
            "low": "3.5521",
            "close": "3.5469"
        },
        {
            "time": "17.08.2021 19:07",
            "open": "3.5469",
            "high": "3.5482",
            "low": "3.5469",
            "close": "3.544"
        },
        {
            "time": "17.08.2021 19:10",
            "open": "3.544",
            "high": "3.544",
            "low": "3.544",
            "close": "3.5562"
        },
        {
            "time": "17.08.2021 19:44",
            "open": "3.5562",
            "high": "3.5562",
            "low": "3.5562",
            "close": "3.5618"
        },
        {
            "time": "17.08.2021 19:51",
            "open": "3.5618",
            "high": "3.5618",
            "low": "3.5618",
            "close": "3.5661"
        },
        {
            "time": "17.08.2021 19:52",
            "open": "3.5661",
            "high": "3.5661",
            "low": "3.5661",
            "close": "3.5612"
        },
        {
            "time": "17.08.2021 19:54",
            "open": "3.5612",
            "high": "3.5612",
            "low": "3.5612",
            "close": "3.5689"
        },
        {
            "time": "17.08.2021 19:55",
            "open": "3.5689",
            "high": "3.5689",
            "low": "3.5689",
            "close": "3.5716"
        },
        {
            "time": "17.08.2021 20:27",
            "open": "3.5716",
            "high": "3.5776",
            "low": "3.5716",
            "close": "3.565"
        },
        {
            "time": "17.08.2021 20:35",
            "open": "3.565",
            "high": "3.565",
            "low": "3.5649",
            "close": "3.5428"
        },
        {
            "time": "17.08.2021 20:41",
            "open": "3.5428",
            "high": "3.5428",
            "low": "3.5428",
            "close": "3.5404"
        },
        {
            "time": "17.08.2021 20:42",
            "open": "3.5404",
            "high": "3.5595",
            "low": "3.5404",
            "close": "3.5508"
        },
        {
            "time": "17.08.2021 20:43",
            "open": "3.5508",
            "high": "3.5508",
            "low": "3.5508",
            "close": "3.5472"
        },
        {
            "time": "17.08.2021 20:45",
            "open": "3.5472",
            "high": "3.5496",
            "low": "3.5472",
            "close": "3.5426"
        },
        {
            "time": "17.08.2021 20:47",
            "open": "3.5426",
            "high": "3.5461",
            "low": "3.5426",
            "close": "3.5678"
        },
        {
            "time": "17.08.2021 20:58",
            "open": "3.5678",
            "high": "3.573",
            "low": "3.5678",
            "close": "3.5425"
        },
        {
            "time": "17.08.2021 21:06",
            "open": "3.5425",
            "high": "3.5426",
            "low": "3.5425",
            "close": "3.5397"
        },
        {
            "time": "17.08.2021 21:09",
            "open": "3.5397",
            "high": "3.5397",
            "low": "3.5397",
            "close": "3.5273"
        },
        {
            "time": "17.08.2021 21:11",
            "open": "3.5273",
            "high": "3.5273",
            "low": "3.5271",
            "close": "3.5282"
        },
        {
            "time": "17.08.2021 21:16",
            "open": "3.5282",
            "high": "3.5282",
            "low": "3.5282",
            "close": "3.523"
        },
        {
            "time": "17.08.2021 21:20",
            "open": "3.523",
            "high": "3.523",
            "low": "3.523",
            "close": "3.522"
        },
        {
            "time": "17.08.2021 21:21",
            "open": "3.522",
            "high": "3.522",
            "low": "3.5215",
            "close": "3.525"
        },
        {
            "time": "17.08.2021 21:23",
            "open": "3.525",
            "high": "3.525",
            "low": "3.525",
            "close": "3.5364"
        },
        {
            "time": "17.08.2021 21:24",
            "open": "3.5364",
            "high": "3.5364",
            "low": "3.5364",
            "close": "3.5466"
        },
        {
            "time": "17.08.2021 21:27",
            "open": "3.5466",
            "high": "3.5466",
            "low": "3.5427",
            "close": "3.5322"
        },
        {
            "time": "17.08.2021 21:37",
            "open": "3.5322",
            "high": "3.5322",
            "low": "3.5287",
            "close": "3.5295"
        },
        {
            "time": "17.08.2021 21:38",
            "open": "3.5295",
            "high": "3.5295",
            "low": "3.5295",
            "close": "3.5199"
        },
        {
            "time": "17.08.2021 21:46",
            "open": "3.5199",
            "high": "3.5202",
            "low": "3.5199",
            "close": "3.5202"
        },
        {
            "time": "17.08.2021 21:48",
            "open": "3.5202",
            "high": "3.5202",
            "low": "3.5202",
            "close": "3.4948"
        },
        {
            "time": "17.08.2021 21:54",
            "open": "3.4948",
            "high": "3.5002",
            "low": "3.4948",
            "close": "3.5018"
        },
        {
            "time": "17.08.2021 21:55",
            "open": "3.5018",
            "high": "3.5454",
            "low": "3.5018",
            "close": "3.5393"
        },
        {
            "time": "17.08.2021 21:56",
            "open": "3.5393",
            "high": "3.5393",
            "low": "3.5065",
            "close": "3.5025"
        },
        {
            "time": "17.08.2021 21:57",
            "open": "3.5025",
            "high": "3.5025",
            "low": "3.5025",
            "close": "3.5109"
        },
        {
            "time": "17.08.2021 21:58",
            "open": "3.5109",
            "high": "3.5161",
            "low": "3.5077",
            "close": "3.5232"
        },
        {
            "time": "17.08.2021 21:59",
            "open": "3.5232",
            "high": "3.5323",
            "low": "3.5232",
            "close": "3.5285"
        },
        {
            "time": "17.08.2021 22:00",
            "open": "3.5285",
            "high": "3.5285",
            "low": "3.4997",
            "close": "3.522"
        },
        {
            "time": "17.08.2021 22:01",
            "open": "3.522",
            "high": "3.522",
            "low": "3.522",
            "close": "3.5263"
        },
        {
            "time": "17.08.2021 22:02",
            "open": "3.5263",
            "high": "3.544",
            "low": "3.5263",
            "close": "3.511"
        },
        {
            "time": "17.08.2021 22:03",
            "open": "3.511",
            "high": "3.511",
            "low": "3.4911",
            "close": "3.486"
        },
        {
            "time": "17.08.2021 22:04",
            "open": "3.486",
            "high": "3.486",
            "low": "3.4851",
            "close": "3.4847"
        },
        {
            "time": "17.08.2021 22:05",
            "open": "3.4847",
            "high": "3.4902",
            "low": "3.4837",
            "close": "3.4881"
        },
        {
            "time": "17.08.2021 22:06",
            "open": "3.4881",
            "high": "3.496",
            "low": "3.4881",
            "close": "3.4891"
        },
        {
            "time": "17.08.2021 22:07",
            "open": "3.4891",
            "high": "3.493",
            "low": "3.4891",
            "close": "3.5044"
        },
        {
            "time": "17.08.2021 22:08",
            "open": "3.5044",
            "high": "3.5165",
            "low": "3.5044",
            "close": "3.5106"
        },
        {
            "time": "17.08.2021 22:09",
            "open": "3.5106",
            "high": "3.5106",
            "low": "3.5093",
            "close": "3.512"
        },
        {
            "time": "17.08.2021 22:10",
            "open": "3.512",
            "high": "3.512",
            "low": "3.512",
            "close": "3.4998"
        },
        {
            "time": "17.08.2021 22:11",
            "open": "3.4998",
            "high": "3.4998",
            "low": "3.4998",
            "close": "3.4572"
        },
        {
            "time": "17.08.2021 22:16",
            "open": "3.4572",
            "high": "3.4572",
            "low": "3.4555",
            "close": "3.4548"
        },
        {
            "time": "17.08.2021 22:19",
            "open": "3.4548",
            "high": "3.4567",
            "low": "3.4548",
            "close": "3.4589"
        },
        {
            "time": "17.08.2021 22:22",
            "open": "3.4589",
            "high": "3.4699",
            "low": "3.4544",
            "close": "3.45"
        },
        {
            "time": "17.08.2021 22:25",
            "open": "3.45",
            "high": "3.45",
            "low": "3.45",
            "close": "3.44"
        },
        {
            "time": "17.08.2021 22:28",
            "open": "3.44",
            "high": "3.44",
            "low": "3.4239",
            "close": "3.429"
        },
        {
            "time": "17.08.2021 22:30",
            "open": "3.429",
            "high": "3.429",
            "low": "3.429",
            "close": "3.422"
        },
        {
            "time": "17.08.2021 22:31",
            "open": "3.422",
            "high": "3.4235",
            "low": "3.4154",
            "close": "3.4202"
        },
        {
            "time": "17.08.2021 22:32",
            "open": "3.4202",
            "high": "3.4203",
            "low": "3.4051",
            "close": "3.4203"
        },
        {
            "time": "17.08.2021 22:33",
            "open": "3.4203",
            "high": "3.4203",
            "low": "3.4203",
            "close": "3.4291"
        },
        {
            "time": "17.08.2021 22:35",
            "open": "3.4291",
            "high": "3.4379",
            "low": "3.4291",
            "close": "3.4491"
        },
        {
            "time": "17.08.2021 22:36",
            "open": "3.4491",
            "high": "3.4491",
            "low": "3.4491",
            "close": "3.4485"
        },
        {
            "time": "17.08.2021 22:37",
            "open": "3.4485",
            "high": "3.4485",
            "low": "3.4485",
            "close": "3.4488"
        },
        {
            "time": "17.08.2021 22:39",
            "open": "3.4488",
            "high": "3.4489",
            "low": "3.4488",
            "close": "3.4488"
        },
        {
            "time": "17.08.2021 22:40",
            "open": "3.4488",
            "high": "3.449",
            "low": "3.4488",
            "close": "3.4524"
        },
        {
            "time": "17.08.2021 22:45",
            "open": "3.4524",
            "high": "3.4524",
            "low": "3.4524",
            "close": "3.4631"
        },
        {
            "time": "17.08.2021 22:46",
            "open": "3.4631",
            "high": "3.4638",
            "low": "3.4631",
            "close": "3.4639"
        },
        {
            "time": "17.08.2021 22:56",
            "open": "3.4639",
            "high": "3.4639",
            "low": "3.4639",
            "close": "3.4702"
        },
        {
            "time": "17.08.2021 22:57",
            "open": "3.4702",
            "high": "3.4702",
            "low": "3.4702",
            "close": "3.4764"
        },
        {
            "time": "17.08.2021 22:59",
            "open": "3.4764",
            "high": "3.4771",
            "low": "3.4764",
            "close": "3.468"
        },
        {
            "time": "17.08.2021 23:00",
            "open": "3.468",
            "high": "3.468",
            "low": "3.468",
            "close": "3.4631"
        },
        {
            "time": "17.08.2021 23:01",
            "open": "3.4631",
            "high": "3.4631",
            "low": "3.4631",
            "close": "3.4256"
        },
        {
            "time": "17.08.2021 23:26",
            "open": "3.4256",
            "high": "3.4256",
            "low": "3.4256",
            "close": "3.4253"
        },
        {
            "time": "17.08.2021 23:29",
            "open": "3.4253",
            "high": "3.4253",
            "low": "3.4253",
            "close": "3.4285"
        },
        {
            "time": "17.08.2021 23:34",
            "open": "3.4285",
            "high": "3.4302",
            "low": "3.4285",
            "close": "3.4253"
        }
    ]
}