{
    "BNT-EUR": [
        {
            "time": "10.06.2021 23:53",
            "open": "3.3237",
            "high": "3.3237",
            "low": "3.3237",
            "close": "3.3292"
        },
        {
            "time": "11.06.2021 00:10",
            "open": "3.3292",
            "high": "3.3292",
            "low": "3.3292",
            "close": "3.3436"
        },
        {
            "time": "11.06.2021 00:15",
            "open": "3.3436",
            "high": "3.344",
            "low": "3.3435",
            "close": "3.3435"
        },
        {
            "time": "11.06.2021 00:46",
            "open": "3.3435",
            "high": "3.3435",
            "low": "3.3435",
            "close": "3.3382"
        },
        {
            "time": "11.06.2021 00:48",
            "open": "3.3382",
            "high": "3.3382",
            "low": "3.3382",
            "close": "3.3347"
        },
        {
            "time": "11.06.2021 00:49",
            "open": "3.3347",
            "high": "3.3347",
            "low": "3.3325",
            "close": "3.3395"
        },
        {
            "time": "11.06.2021 00:50",
            "open": "3.3395",
            "high": "3.3395",
            "low": "3.3395",
            "close": "3.3336"
        },
        {
            "time": "11.06.2021 00:58",
            "open": "3.3336",
            "high": "3.3336",
            "low": "3.323",
            "close": "3.3329"
        },
        {
            "time": "11.06.2021 01:17",
            "open": "3.3329",
            "high": "3.338",
            "low": "3.3329",
            "close": "3.316"
        },
        {
            "time": "11.06.2021 01:58",
            "open": "3.316",
            "high": "3.316",
            "low": "3.316",
            "close": "3.2804"
        },
        {
            "time": "11.06.2021 02:03",
            "open": "3.2804",
            "high": "3.2804",
            "low": "3.2801",
            "close": "3.2761"
        },
        {
            "time": "11.06.2021 02:05",
            "open": "3.2761",
            "high": "3.2853",
            "low": "3.2761",
            "close": "3.3273"
        },
        {
            "time": "11.06.2021 02:10",
            "open": "3.3273",
            "high": "3.3273",
            "low": "3.3181",
            "close": "3.3349"
        },
        {
            "time": "11.06.2021 02:11",
            "open": "3.3349",
            "high": "3.3349",
            "low": "3.3349",
            "close": "3.3413"
        },
        {
            "time": "11.06.2021 02:13",
            "open": "3.3413",
            "high": "3.3434",
            "low": "3.3413",
            "close": "3.3344"
        },
        {
            "time": "11.06.2021 02:16",
            "open": "3.3344",
            "high": "3.3344",
            "low": "3.3344",
            "close": "3.2725"
        },
        {
            "time": "11.06.2021 02:37",
            "open": "3.2725",
            "high": "3.2725",
            "low": "3.2725",
            "close": "3.2724"
        },
        {
            "time": "11.06.2021 02:39",
            "open": "3.2724",
            "high": "3.2724",
            "low": "3.2724",
            "close": "3.275"
        },
        {
            "time": "11.06.2021 02:42",
            "open": "3.275",
            "high": "3.275",
            "low": "3.275",
            "close": "3.2807"
        },
        {
            "time": "11.06.2021 02:44",
            "open": "3.2807",
            "high": "3.2807",
            "low": "3.2807",
            "close": "3.2741"
        },
        {
            "time": "11.06.2021 02:45",
            "open": "3.2741",
            "high": "3.2741",
            "low": "3.2682",
            "close": "3.2681"
        },
        {
            "time": "11.06.2021 02:46",
            "open": "3.2681",
            "high": "3.2681",
            "low": "3.2533",
            "close": "3.2693"
        },
        {
            "time": "11.06.2021 02:47",
            "open": "3.2693",
            "high": "3.2693",
            "low": "3.2693",
            "close": "3.2545"
        },
        {
            "time": "11.06.2021 02:48",
            "open": "3.2545",
            "high": "3.255",
            "low": "3.2241",
            "close": "3.2108"
        },
        {
            "time": "11.06.2021 02:49",
            "open": "3.2108",
            "high": "3.2413",
            "low": "3.2013",
            "close": "3.2116"
        },
        {
            "time": "11.06.2021 02:50",
            "open": "3.2116",
            "high": "3.2125",
            "low": "3.2115",
            "close": "3.2118"
        },
        {
            "time": "11.06.2021 02:51",
            "open": "3.2118",
            "high": "3.2118",
            "low": "3.1917",
            "close": "3.193"
        },
        {
            "time": "11.06.2021 02:52",
            "open": "3.193",
            "high": "3.193",
            "low": "3.1803",
            "close": "3.1814"
        },
        {
            "time": "11.06.2021 02:53",
            "open": "3.1814",
            "high": "3.1818",
            "low": "3.1811",
            "close": "3.2148"
        },
        {
            "time": "11.06.2021 02:54",
            "open": "3.2148",
            "high": "3.2148",
            "low": "3.2148",
            "close": "3.1975"
        },
        {
            "time": "11.06.2021 02:55",
            "open": "3.1975",
            "high": "3.1977",
            "low": "3.1975",
            "close": "3.198"
        },
        {
            "time": "11.06.2021 02:57",
            "open": "3.198",
            "high": "3.1981",
            "low": "3.1975",
            "close": "3.1975"
        },
        {
            "time": "11.06.2021 02:58",
            "open": "3.1975",
            "high": "3.247",
            "low": "3.1975",
            "close": "3.2299"
        },
        {
            "time": "11.06.2021 02:59",
            "open": "3.2299",
            "high": "3.2384",
            "low": "3.2177",
            "close": "3.2196"
        },
        {
            "time": "11.06.2021 03:00",
            "open": "3.2196",
            "high": "3.2199",
            "low": "3.2148",
            "close": "3.2092"
        },
        {
            "time": "11.06.2021 03:01",
            "open": "3.2092",
            "high": "3.2092",
            "low": "3.2044",
            "close": "3.1974"
        },
        {
            "time": "11.06.2021 03:03",
            "open": "3.1974",
            "high": "3.1974",
            "low": "3.1911",
            "close": "3.1929"
        },
        {
            "time": "11.06.2021 03:05",
            "open": "3.1929",
            "high": "3.1937",
            "low": "3.1929",
            "close": "3.2064"
        },
        {
            "time": "11.06.2021 03:07",
            "open": "3.2064",
            "high": "3.2087",
            "low": "3.2063",
            "close": "3.2185"
        },
        {
            "time": "11.06.2021 03:09",
            "open": "3.2185",
            "high": "3.2185",
            "low": "3.2165",
            "close": "3.2135"
        },
        {
            "time": "11.06.2021 03:10",
            "open": "3.2135",
            "high": "3.2136",
            "low": "3.2134",
            "close": "3.2079"
        },
        {
            "time": "11.06.2021 03:11",
            "open": "3.2079",
            "high": "3.2079",
            "low": "3.2079",
            "close": "3.2022"
        },
        {
            "time": "11.06.2021 03:12",
            "open": "3.2022",
            "high": "3.2022",
            "low": "3.1966",
            "close": "3.2051"
        },
        {
            "time": "11.06.2021 03:15",
            "open": "3.2051",
            "high": "3.2051",
            "low": "3.2051",
            "close": "3.2075"
        },
        {
            "time": "11.06.2021 03:18",
            "open": "3.2075",
            "high": "3.2075",
            "low": "3.2073",
            "close": "3.2125"
        },
        {
            "time": "11.06.2021 03:20",
            "open": "3.2125",
            "high": "3.218",
            "low": "3.2125",
            "close": "3.2097"
        },
        {
            "time": "11.06.2021 03:26",
            "open": "3.2097",
            "high": "3.2097",
            "low": "3.2088",
            "close": "3.2121"
        },
        {
            "time": "11.06.2021 03:33",
            "open": "3.2121",
            "high": "3.2157",
            "low": "3.2121",
            "close": "3.2209"
        },
        {
            "time": "11.06.2021 03:39",
            "open": "3.2209",
            "high": "3.2209",
            "low": "3.2209",
            "close": "3.2174"
        },
        {
            "time": "11.06.2021 04:23",
            "open": "3.2174",
            "high": "3.2174",
            "low": "3.2174",
            "close": "3.2396"
        },
        {
            "time": "11.06.2021 04:43",
            "open": "3.2396",
            "high": "3.2396",
            "low": "3.2396",
            "close": "3.2364"
        },
        {
            "time": "11.06.2021 04:56",
            "open": "3.2364",
            "high": "3.2394",
            "low": "3.2364",
            "close": "3.2534"
        },
        {
            "time": "11.06.2021 04:57",
            "open": "3.2534",
            "high": "3.26",
            "low": "3.2469",
            "close": "3.2578"
        },
        {
            "time": "11.06.2021 05:00",
            "open": "3.2578",
            "high": "3.2578",
            "low": "3.2578",
            "close": "3.2753"
        },
        {
            "time": "11.06.2021 05:16",
            "open": "3.2753",
            "high": "3.2753",
            "low": "3.2753",
            "close": "3.2731"
        },
        {
            "time": "11.06.2021 05:18",
            "open": "3.2731",
            "high": "3.2972",
            "low": "3.2731",
            "close": "3.286"
        },
        {
            "time": "11.06.2021 05:20",
            "open": "3.286",
            "high": "3.286",
            "low": "3.286",
            "close": "3.275"
        },
        {
            "time": "11.06.2021 05:23",
            "open": "3.275",
            "high": "3.275",
            "low": "3.2744",
            "close": "3.2685"
        },
        {
            "time": "11.06.2021 05:30",
            "open": "3.2685",
            "high": "3.2685",
            "low": "3.2685",
            "close": "3.2707"
        },
        {
            "time": "11.06.2021 05:31",
            "open": "3.2707",
            "high": "3.2707",
            "low": "3.2707",
            "close": "3.2662"
        },
        {
            "time": "11.06.2021 05:43",
            "open": "3.2662",
            "high": "3.2663",
            "low": "3.2661",
            "close": "3.2795"
        },
        {
            "time": "11.06.2021 05:59",
            "open": "3.2795",
            "high": "3.2795",
            "low": "3.2795",
            "close": "3.2813"
        },
        {
            "time": "11.06.2021 06:38",
            "open": "3.2813",
            "high": "3.2813",
            "low": "3.2813",
            "close": "3.2855"
        },
        {
            "time": "11.06.2021 06:40",
            "open": "3.2855",
            "high": "3.2855",
            "low": "3.2854",
            "close": "3.2814"
        },
        {
            "time": "11.06.2021 06:58",
            "open": "3.2814",
            "high": "3.2814",
            "low": "3.2814",
            "close": "3.2997"
        },
        {
            "time": "11.06.2021 07:04",
            "open": "3.2997",
            "high": "3.3081",
            "low": "3.2997",
            "close": "3.3083"
        },
        {
            "time": "11.06.2021 07:05",
            "open": "3.3083",
            "high": "3.3083",
            "low": "3.2962",
            "close": "3.3103"
        },
        {
            "time": "11.06.2021 07:24",
            "open": "3.3103",
            "high": "3.3103",
            "low": "3.3102",
            "close": "3.3209"
        },
        {
            "time": "11.06.2021 07:25",
            "open": "3.3209",
            "high": "3.321",
            "low": "3.2903",
            "close": "3.2871"
        },
        {
            "time": "11.06.2021 07:27",
            "open": "3.2871",
            "high": "3.2871",
            "low": "3.2871",
            "close": "3.2847"
        },
        {
            "time": "11.06.2021 07:30",
            "open": "3.2847",
            "high": "3.2848",
            "low": "3.2847",
            "close": "3.2793"
        },
        {
            "time": "11.06.2021 07:50",
            "open": "3.2793",
            "high": "3.2793",
            "low": "3.2793",
            "close": "3.2735"
        },
        {
            "time": "11.06.2021 08:01",
            "open": "3.2735",
            "high": "3.2735",
            "low": "3.2734",
            "close": "3.2527"
        },
        {
            "time": "11.06.2021 08:08",
            "open": "3.2527",
            "high": "3.2527",
            "low": "3.2527",
            "close": "3.2599"
        },
        {
            "time": "11.06.2021 08:15",
            "open": "3.2599",
            "high": "3.2599",
            "low": "3.2599",
            "close": "3.2454"
        },
        {
            "time": "11.06.2021 08:23",
            "open": "3.2454",
            "high": "3.2454",
            "low": "3.2453",
            "close": "3.2422"
        },
        {
            "time": "11.06.2021 08:55",
            "open": "3.2422",
            "high": "3.2422",
            "low": "3.2422",
            "close": "3.217"
        },
        {
            "time": "11.06.2021 09:12",
            "open": "3.217",
            "high": "3.217",
            "low": "3.217",
            "close": "3.2501"
        },
        {
            "time": "11.06.2021 09:37",
            "open": "3.2501",
            "high": "3.2501",
            "low": "3.2496",
            "close": "3.2861"
        },
        {
            "time": "11.06.2021 11:04",
            "open": "3.2861",
            "high": "3.2952",
            "low": "3.2838",
            "close": "3.286"
        },
        {
            "time": "11.06.2021 11:15",
            "open": "3.286",
            "high": "3.2925",
            "low": "3.286",
            "close": "3.3022"
        },
        {
            "time": "11.06.2021 11:35",
            "open": "3.3022",
            "high": "3.3047",
            "low": "3.3022",
            "close": "3.3059"
        },
        {
            "time": "11.06.2021 11:36",
            "open": "3.3059",
            "high": "3.3064",
            "low": "3.3059",
            "close": "3.3092"
        },
        {
            "time": "11.06.2021 11:37",
            "open": "3.3092",
            "high": "3.3093",
            "low": "3.3092",
            "close": "3.3156"
        },
        {
            "time": "11.06.2021 11:41",
            "open": "3.3156",
            "high": "3.3156",
            "low": "3.3156",
            "close": "3.3043"
        },
        {
            "time": "11.06.2021 11:44",
            "open": "3.3043",
            "high": "3.3043",
            "low": "3.3042",
            "close": "3.2923"
        },
        {
            "time": "11.06.2021 11:54",
            "open": "3.2923",
            "high": "3.2923",
            "low": "3.2918",
            "close": "3.3003"
        },
        {
            "time": "11.06.2021 12:18",
            "open": "3.3003",
            "high": "3.3003",
            "low": "3.3002",
            "close": "3.3104"
        },
        {
            "time": "11.06.2021 12:30",
            "open": "3.3104",
            "high": "3.3104",
            "low": "3.3104",
            "close": "3.3104"
        },
        {
            "time": "11.06.2021 12:55",
            "open": "3.3104",
            "high": "3.3104",
            "low": "3.3104",
            "close": "3.2865"
        },
        {
            "time": "11.06.2021 13:41",
            "open": "3.2865",
            "high": "3.2865",
            "low": "3.2865",
            "close": "3.2808"
        },
        {
            "time": "11.06.2021 13:42",
            "open": "3.2808",
            "high": "3.3072",
            "low": "3.2778",
            "close": "3.3088"
        },
        {
            "time": "11.06.2021 15:05",
            "open": "3.3088",
            "high": "3.3088",
            "low": "3.3088",
            "close": "3.3136"
        },
        {
            "time": "11.06.2021 15:12",
            "open": "3.3136",
            "high": "3.3136",
            "low": "3.3136",
            "close": "3.3172"
        },
        {
            "time": "11.06.2021 15:13",
            "open": "3.3172",
            "high": "3.3172",
            "low": "3.3172",
            "close": "3.3172"
        },
        {
            "time": "11.06.2021 15:15",
            "open": "3.3172",
            "high": "3.3172",
            "low": "3.3172",
            "close": "3.3233"
        },
        {
            "time": "11.06.2021 15:35",
            "open": "3.3233",
            "high": "3.3291",
            "low": "3.3233",
            "close": "3.3084"
        },
        {
            "time": "11.06.2021 16:19",
            "open": "3.3084",
            "high": "3.3084",
            "low": "3.3084",
            "close": "3.2935"
        },
        {
            "time": "11.06.2021 16:36",
            "open": "3.2935",
            "high": "3.2955",
            "low": "3.2934",
            "close": "3.2921"
        },
        {
            "time": "11.06.2021 16:38",
            "open": "3.2921",
            "high": "3.2921",
            "low": "3.2919",
            "close": "3.2938"
        },
        {
            "time": "11.06.2021 16:40",
            "open": "3.2938",
            "high": "3.2938",
            "low": "3.2938",
            "close": "3.2905"
        },
        {
            "time": "11.06.2021 16:54",
            "open": "3.2905",
            "high": "3.2905",
            "low": "3.2905",
            "close": "3.2878"
        },
        {
            "time": "11.06.2021 16:57",
            "open": "3.2878",
            "high": "3.2878",
            "low": "3.2878",
            "close": "3.2885"
        },
        {
            "time": "11.06.2021 16:58",
            "open": "3.2885",
            "high": "3.2885",
            "low": "3.2885",
            "close": "3.2837"
        },
        {
            "time": "11.06.2021 17:02",
            "open": "3.2837",
            "high": "3.2837",
            "low": "3.2808",
            "close": "3.2658"
        },
        {
            "time": "11.06.2021 17:04",
            "open": "3.2658",
            "high": "3.2662",
            "low": "3.2657",
            "close": "3.2635"
        },
        {
            "time": "11.06.2021 17:06",
            "open": "3.2635",
            "high": "3.2635",
            "low": "3.2635",
            "close": "3.2404"
        },
        {
            "time": "11.06.2021 17:49",
            "open": "3.2404",
            "high": "3.2404",
            "low": "3.2372",
            "close": "3.238"
        },
        {
            "time": "11.06.2021 18:02",
            "open": "3.238",
            "high": "3.238",
            "low": "3.238",
            "close": "3.2666"
        },
        {
            "time": "11.06.2021 18:11",
            "open": "3.2666",
            "high": "3.2666",
            "low": "3.2511",
            "close": "3.2188"
        },
        {
            "time": "11.06.2021 18:26",
            "open": "3.2188",
            "high": "3.2188",
            "low": "3.2133",
            "close": "3.2124"
        },
        {
            "time": "11.06.2021 18:27",
            "open": "3.2124",
            "high": "3.2213",
            "low": "3.2114",
            "close": "3.2115"
        },
        {
            "time": "11.06.2021 18:28",
            "open": "3.2115",
            "high": "3.2115",
            "low": "3.2114",
            "close": "3.2082"
        },
        {
            "time": "11.06.2021 18:32",
            "open": "3.2082",
            "high": "3.2082",
            "low": "3.2082",
            "close": "3.2082"
        },
        {
            "time": "11.06.2021 18:34",
            "open": "3.2082",
            "high": "3.2082",
            "low": "3.2082",
            "close": "3.2101"
        },
        {
            "time": "11.06.2021 18:35",
            "open": "3.2101",
            "high": "3.2101",
            "low": "3.2101",
            "close": "3.1936"
        },
        {
            "time": "11.06.2021 18:40",
            "open": "3.1936",
            "high": "3.1967",
            "low": "3.1936",
            "close": "3.1892"
        },
        {
            "time": "11.06.2021 18:45",
            "open": "3.1892",
            "high": "3.1892",
            "low": "3.1892",
            "close": "3.1901"
        },
        {
            "time": "11.06.2021 18:48",
            "open": "3.1901",
            "high": "3.1901",
            "low": "3.184",
            "close": "3.192"
        },
        {
            "time": "11.06.2021 18:54",
            "open": "3.192",
            "high": "3.192",
            "low": "3.192",
            "close": "3.1865"
        },
        {
            "time": "11.06.2021 19:04",
            "open": "3.1865",
            "high": "3.1865",
            "low": "3.1865",
            "close": "3.1976"
        },
        {
            "time": "11.06.2021 19:15",
            "open": "3.1976",
            "high": "3.1981",
            "low": "3.1976",
            "close": "3.2115"
        },
        {
            "time": "11.06.2021 19:22",
            "open": "3.2115",
            "high": "3.2115",
            "low": "3.2115",
            "close": "3.2091"
        },
        {
            "time": "11.06.2021 19:23",
            "open": "3.2091",
            "high": "3.2091",
            "low": "3.2091",
            "close": "3.2043"
        },
        {
            "time": "11.06.2021 19:42",
            "open": "3.2043",
            "high": "3.2043",
            "low": "3.1946",
            "close": "3.1952"
        },
        {
            "time": "11.06.2021 20:16",
            "open": "3.1952",
            "high": "3.1952",
            "low": "3.1952",
            "close": "3.1952"
        },
        {
            "time": "11.06.2021 20:29",
            "open": "3.1952",
            "high": "3.1952",
            "low": "3.1952",
            "close": "3.2058"
        },
        {
            "time": "11.06.2021 21:24",
            "open": "3.2058",
            "high": "3.2058",
            "low": "3.2058",
            "close": "3.1993"
        },
        {
            "time": "11.06.2021 21:49",
            "open": "3.1993",
            "high": "3.1993",
            "low": "3.1993",
            "close": "3.1946"
        },
        {
            "time": "11.06.2021 22:43",
            "open": "3.1946",
            "high": "3.1946",
            "low": "3.1885",
            "close": "3.1812"
        },
        {
            "time": "11.06.2021 22:50",
            "open": "3.1812",
            "high": "3.1812",
            "low": "3.1812",
            "close": "3.1826"
        },
        {
            "time": "11.06.2021 22:54",
            "open": "3.1826",
            "high": "3.1826",
            "low": "3.1826",
            "close": "3.1696"
        },
        {
            "time": "11.06.2021 22:58",
            "open": "3.1696",
            "high": "3.1696",
            "low": "3.1678",
            "close": "3.166"
        },
        {
            "time": "11.06.2021 23:13",
            "open": "3.166",
            "high": "3.166",
            "low": "3.166",
            "close": "3.1553"
        },
        {
            "time": "11.06.2021 23:18",
            "open": "3.1553",
            "high": "3.1553",
            "low": "3.1553",
            "close": "3.1543"
        },
        {
            "time": "11.06.2021 23:20",
            "open": "3.1543",
            "high": "3.1543",
            "low": "3.1542",
            "close": "3.1483"
        },
        {
            "time": "11.06.2021 23:28",
            "open": "3.1483",
            "high": "3.1483",
            "low": "3.1483",
            "close": "3.1483"
        },
        {
            "time": "11.06.2021 23:30",
            "open": "3.1483",
            "high": "3.1483",
            "low": "3.1483",
            "close": "3.1301"
        },
        {
            "time": "11.06.2021 23:33",
            "open": "3.1301",
            "high": "3.1301",
            "low": "3.1301",
            "close": "3.12"
        },
        {
            "time": "11.06.2021 23:36",
            "open": "3.12",
            "high": "3.12",
            "low": "3.1084",
            "close": "3.108"
        },
        {
            "time": "11.06.2021 23:42",
            "open": "3.108",
            "high": "3.108",
            "low": "3.108",
            "close": "3.108"
        },
        {
            "time": "11.06.2021 23:54",
            "open": "3.108",
            "high": "3.108",
            "low": "3.108",
            "close": "3.11"
        },
        {
            "time": "11.06.2021 23:56",
            "open": "3.11",
            "high": "3.11",
            "low": "3.105",
            "close": "3.1116"
        }
    ]
}