{
    "BNT-EUR": [
        {
            "time": "13.03.2021 23:54",
            "open": "6.711",
            "high": "6.711",
            "low": "6.7108",
            "close": "6.6974"
        },
        {
            "time": "14.03.2021 00:05",
            "open": "6.6974",
            "high": "6.6974",
            "low": "6.6974",
            "close": "6.6879"
        },
        {
            "time": "14.03.2021 00:09",
            "open": "6.6879",
            "high": "6.6879",
            "low": "6.6879",
            "close": "6.6971"
        },
        {
            "time": "14.03.2021 00:10",
            "open": "6.6971",
            "high": "6.6971",
            "low": "6.6918",
            "close": "6.7114"
        },
        {
            "time": "14.03.2021 00:11",
            "open": "6.7114",
            "high": "6.7114",
            "low": "6.6922",
            "close": "6.7115"
        },
        {
            "time": "14.03.2021 00:15",
            "open": "6.7115",
            "high": "6.7205",
            "low": "6.7115",
            "close": "6.7009"
        },
        {
            "time": "14.03.2021 00:18",
            "open": "6.7009",
            "high": "6.7009",
            "low": "6.7008",
            "close": "6.7343"
        },
        {
            "time": "14.03.2021 00:19",
            "open": "6.7343",
            "high": "6.7343",
            "low": "6.7343",
            "close": "6.7337"
        },
        {
            "time": "14.03.2021 00:20",
            "open": "6.7337",
            "high": "6.7339",
            "low": "6.7337",
            "close": "6.7396"
        },
        {
            "time": "14.03.2021 00:27",
            "open": "6.7396",
            "high": "6.7397",
            "low": "6.7389",
            "close": "6.7426"
        },
        {
            "time": "14.03.2021 00:28",
            "open": "6.7426",
            "high": "6.7508",
            "low": "6.7426",
            "close": "6.7517"
        },
        {
            "time": "14.03.2021 00:29",
            "open": "6.7517",
            "high": "6.7624",
            "low": "6.7517",
            "close": "6.7623"
        },
        {
            "time": "14.03.2021 00:30",
            "open": "6.7623",
            "high": "6.7625",
            "low": "6.7623",
            "close": "6.763"
        },
        {
            "time": "14.03.2021 00:34",
            "open": "6.763",
            "high": "6.7792",
            "low": "6.763",
            "close": "6.7631"
        },
        {
            "time": "14.03.2021 00:35",
            "open": "6.7631",
            "high": "6.7794",
            "low": "6.7626",
            "close": "6.7626"
        },
        {
            "time": "14.03.2021 00:37",
            "open": "6.7626",
            "high": "6.7626",
            "low": "6.7626",
            "close": "6.7626"
        },
        {
            "time": "14.03.2021 00:39",
            "open": "6.7626",
            "high": "6.7626",
            "low": "6.7626",
            "close": "6.7626"
        },
        {
            "time": "14.03.2021 00:40",
            "open": "6.7626",
            "high": "6.7626",
            "low": "6.7626",
            "close": "6.7625"
        },
        {
            "time": "14.03.2021 00:43",
            "open": "6.7625",
            "high": "6.7625",
            "low": "6.7625",
            "close": "6.7625"
        },
        {
            "time": "14.03.2021 00:45",
            "open": "6.7625",
            "high": "6.7626",
            "low": "6.7625",
            "close": "6.7626"
        },
        {
            "time": "14.03.2021 00:46",
            "open": "6.7626",
            "high": "6.7745",
            "low": "6.7625",
            "close": "6.7541"
        },
        {
            "time": "14.03.2021 00:48",
            "open": "6.7541",
            "high": "6.7541",
            "low": "6.7541",
            "close": "6.7269"
        },
        {
            "time": "14.03.2021 00:52",
            "open": "6.7269",
            "high": "6.7269",
            "low": "6.7269",
            "close": "6.7191"
        },
        {
            "time": "14.03.2021 00:53",
            "open": "6.7191",
            "high": "6.7191",
            "low": "6.7191",
            "close": "6.7456"
        },
        {
            "time": "14.03.2021 00:54",
            "open": "6.7456",
            "high": "6.7456",
            "low": "6.7456",
            "close": "6.7254"
        },
        {
            "time": "14.03.2021 00:56",
            "open": "6.7254",
            "high": "6.7256",
            "low": "6.7254",
            "close": "6.7256"
        },
        {
            "time": "14.03.2021 00:57",
            "open": "6.7256",
            "high": "6.7256",
            "low": "6.7256",
            "close": "6.7447"
        },
        {
            "time": "14.03.2021 00:58",
            "open": "6.7447",
            "high": "6.7447",
            "low": "6.7447",
            "close": "6.7036"
        },
        {
            "time": "14.03.2021 01:00",
            "open": "6.7036",
            "high": "6.7036",
            "low": "6.7036",
            "close": "6.7037"
        },
        {
            "time": "14.03.2021 01:01",
            "open": "6.7037",
            "high": "6.7037",
            "low": "6.7037",
            "close": "6.7256"
        },
        {
            "time": "14.03.2021 01:13",
            "open": "6.7256",
            "high": "6.7256",
            "low": "6.7162",
            "close": "6.7408"
        },
        {
            "time": "14.03.2021 01:28",
            "open": "6.7408",
            "high": "6.741",
            "low": "6.7408",
            "close": "6.7411"
        },
        {
            "time": "14.03.2021 01:29",
            "open": "6.7411",
            "high": "6.7411",
            "low": "6.7411",
            "close": "6.7271"
        },
        {
            "time": "14.03.2021 01:32",
            "open": "6.7271",
            "high": "6.7271",
            "low": "6.7271",
            "close": "6.7525"
        },
        {
            "time": "14.03.2021 01:33",
            "open": "6.7525",
            "high": "6.7537",
            "low": "6.7525",
            "close": "6.7337"
        },
        {
            "time": "14.03.2021 01:35",
            "open": "6.7337",
            "high": "6.7337",
            "low": "6.7337",
            "close": "6.7517"
        },
        {
            "time": "14.03.2021 01:40",
            "open": "6.7517",
            "high": "6.7517",
            "low": "6.7517",
            "close": "6.754"
        },
        {
            "time": "14.03.2021 02:00",
            "open": "6.754",
            "high": "6.754",
            "low": "6.754",
            "close": "6.7243"
        },
        {
            "time": "14.03.2021 02:01",
            "open": "6.7243",
            "high": "6.7243",
            "low": "6.7208",
            "close": "6.7287"
        },
        {
            "time": "14.03.2021 02:04",
            "open": "6.7287",
            "high": "6.7287",
            "low": "6.7287",
            "close": "6.7287"
        },
        {
            "time": "14.03.2021 02:07",
            "open": "6.7287",
            "high": "6.7287",
            "low": "6.7287",
            "close": "6.702"
        },
        {
            "time": "14.03.2021 02:08",
            "open": "6.702",
            "high": "6.702",
            "low": "6.702",
            "close": "6.695"
        },
        {
            "time": "14.03.2021 02:15",
            "open": "6.695",
            "high": "6.695",
            "low": "6.695",
            "close": "6.7084"
        },
        {
            "time": "14.03.2021 02:16",
            "open": "6.7084",
            "high": "6.7084",
            "low": "6.7084",
            "close": "6.7092"
        },
        {
            "time": "14.03.2021 02:37",
            "open": "6.7092",
            "high": "6.7092",
            "low": "6.7092",
            "close": "6.7154"
        },
        {
            "time": "14.03.2021 02:39",
            "open": "6.7154",
            "high": "6.7155",
            "low": "6.7154",
            "close": "6.699"
        },
        {
            "time": "14.03.2021 02:48",
            "open": "6.699",
            "high": "6.699",
            "low": "6.699",
            "close": "6.7044"
        },
        {
            "time": "14.03.2021 02:49",
            "open": "6.7044",
            "high": "6.7044",
            "low": "6.7044",
            "close": "6.7052"
        },
        {
            "time": "14.03.2021 02:51",
            "open": "6.7052",
            "high": "6.7052",
            "low": "6.7052",
            "close": "6.7199"
        },
        {
            "time": "14.03.2021 02:53",
            "open": "6.7199",
            "high": "6.7199",
            "low": "6.7199",
            "close": "6.6982"
        },
        {
            "time": "14.03.2021 03:10",
            "open": "6.6982",
            "high": "6.6982",
            "low": "6.6982",
            "close": "6.7253"
        },
        {
            "time": "14.03.2021 03:19",
            "open": "6.7253",
            "high": "6.7253",
            "low": "6.7253",
            "close": "6.7007"
        },
        {
            "time": "14.03.2021 03:20",
            "open": "6.7007",
            "high": "6.7007",
            "low": "6.7007",
            "close": "6.7229"
        },
        {
            "time": "14.03.2021 03:21",
            "open": "6.7229",
            "high": "6.7229",
            "low": "6.7229",
            "close": "6.7229"
        },
        {
            "time": "14.03.2021 03:22",
            "open": "6.7229",
            "high": "6.7229",
            "low": "6.7229",
            "close": "6.7183"
        },
        {
            "time": "14.03.2021 03:33",
            "open": "6.7183",
            "high": "6.7194",
            "low": "6.7183",
            "close": "6.6949"
        },
        {
            "time": "14.03.2021 03:40",
            "open": "6.6949",
            "high": "6.6949",
            "low": "6.6949",
            "close": "6.7125"
        },
        {
            "time": "14.03.2021 03:41",
            "open": "6.7125",
            "high": "6.7125",
            "low": "6.7125",
            "close": "6.6911"
        },
        {
            "time": "14.03.2021 03:50",
            "open": "6.6911",
            "high": "6.6911",
            "low": "6.6639",
            "close": "6.6792"
        },
        {
            "time": "14.03.2021 03:51",
            "open": "6.6792",
            "high": "6.6792",
            "low": "6.6792",
            "close": "6.68"
        },
        {
            "time": "14.03.2021 03:57",
            "open": "6.68",
            "high": "6.68",
            "low": "6.68",
            "close": "6.7126"
        },
        {
            "time": "14.03.2021 04:06",
            "open": "6.7126",
            "high": "6.7126",
            "low": "6.7126",
            "close": "6.7173"
        },
        {
            "time": "14.03.2021 04:50",
            "open": "6.7173",
            "high": "6.7173",
            "low": "6.7173",
            "close": "6.7095"
        },
        {
            "time": "14.03.2021 04:54",
            "open": "6.7095",
            "high": "6.7095",
            "low": "6.7095",
            "close": "6.6786"
        },
        {
            "time": "14.03.2021 05:07",
            "open": "6.6786",
            "high": "6.6786",
            "low": "6.6786",
            "close": "6.6705"
        },
        {
            "time": "14.03.2021 05:20",
            "open": "6.6705",
            "high": "6.6705",
            "low": "6.6705",
            "close": "6.6862"
        },
        {
            "time": "14.03.2021 05:28",
            "open": "6.6862",
            "high": "6.6862",
            "low": "6.6862",
            "close": "6.6567"
        },
        {
            "time": "14.03.2021 06:08",
            "open": "6.6567",
            "high": "6.6567",
            "low": "6.6567",
            "close": "6.6297"
        },
        {
            "time": "14.03.2021 06:17",
            "open": "6.6297",
            "high": "6.6297",
            "low": "6.6297",
            "close": "6.6234"
        },
        {
            "time": "14.03.2021 06:35",
            "open": "6.6234",
            "high": "6.6234",
            "low": "6.6234",
            "close": "6.6201"
        },
        {
            "time": "14.03.2021 06:50",
            "open": "6.6201",
            "high": "6.6216",
            "low": "6.6201",
            "close": "6.6093"
        },
        {
            "time": "14.03.2021 06:51",
            "open": "6.6093",
            "high": "6.6093",
            "low": "6.6092",
            "close": "6.6092"
        },
        {
            "time": "14.03.2021 06:57",
            "open": "6.6092",
            "high": "6.6092",
            "low": "6.6092",
            "close": "6.6092"
        },
        {
            "time": "14.03.2021 06:59",
            "open": "6.6092",
            "high": "6.6092",
            "low": "6.6092",
            "close": "6.6094"
        },
        {
            "time": "14.03.2021 07:01",
            "open": "6.6094",
            "high": "6.6094",
            "low": "6.6094",
            "close": "6.6094"
        },
        {
            "time": "14.03.2021 07:02",
            "open": "6.6094",
            "high": "6.6094",
            "low": "6.6094",
            "close": "6.6095"
        },
        {
            "time": "14.03.2021 07:03",
            "open": "6.6095",
            "high": "6.6095",
            "low": "6.6092",
            "close": "6.6092"
        },
        {
            "time": "14.03.2021 07:05",
            "open": "6.6092",
            "high": "6.6092",
            "low": "6.5944",
            "close": "6.5979"
        },
        {
            "time": "14.03.2021 07:13",
            "open": "6.5979",
            "high": "6.5979",
            "low": "6.5979",
            "close": "6.5893"
        },
        {
            "time": "14.03.2021 07:15",
            "open": "6.5893",
            "high": "6.5893",
            "low": "6.5893",
            "close": "6.5829"
        },
        {
            "time": "14.03.2021 07:18",
            "open": "6.5829",
            "high": "6.5829",
            "low": "6.5763",
            "close": "6.583"
        },
        {
            "time": "14.03.2021 07:21",
            "open": "6.583",
            "high": "6.5873",
            "low": "6.583",
            "close": "6.5772"
        },
        {
            "time": "14.03.2021 07:23",
            "open": "6.5772",
            "high": "6.5772",
            "low": "6.5772",
            "close": "6.5806"
        },
        {
            "time": "14.03.2021 07:27",
            "open": "6.5806",
            "high": "6.5806",
            "low": "6.5806",
            "close": "6.5736"
        },
        {
            "time": "14.03.2021 07:30",
            "open": "6.5736",
            "high": "6.5736",
            "low": "6.55",
            "close": "6.55"
        },
        {
            "time": "14.03.2021 07:31",
            "open": "6.55",
            "high": "6.5906",
            "low": "6.55",
            "close": "6.6004"
        },
        {
            "time": "14.03.2021 07:32",
            "open": "6.6004",
            "high": "6.6004",
            "low": "6.6004",
            "close": "6.594"
        },
        {
            "time": "14.03.2021 07:37",
            "open": "6.594",
            "high": "6.594",
            "low": "6.5938",
            "close": "6.6092"
        },
        {
            "time": "14.03.2021 07:39",
            "open": "6.6092",
            "high": "6.6093",
            "low": "6.6092",
            "close": "6.6116"
        },
        {
            "time": "14.03.2021 07:41",
            "open": "6.6116",
            "high": "6.6116",
            "low": "6.6116",
            "close": "6.6019"
        },
        {
            "time": "14.03.2021 07:43",
            "open": "6.6019",
            "high": "6.6019",
            "low": "6.6019",
            "close": "6.616"
        },
        {
            "time": "14.03.2021 07:47",
            "open": "6.616",
            "high": "6.6162",
            "low": "6.616",
            "close": "6.624"
        },
        {
            "time": "14.03.2021 07:53",
            "open": "6.624",
            "high": "6.6326",
            "low": "6.624",
            "close": "6.6315"
        },
        {
            "time": "14.03.2021 07:55",
            "open": "6.6315",
            "high": "6.6507",
            "low": "6.6315",
            "close": "6.6327"
        },
        {
            "time": "14.03.2021 07:57",
            "open": "6.6327",
            "high": "6.6331",
            "low": "6.6327",
            "close": "6.6268"
        },
        {
            "time": "14.03.2021 08:07",
            "open": "6.6268",
            "high": "6.6268",
            "low": "6.6268",
            "close": "6.6314"
        },
        {
            "time": "14.03.2021 08:13",
            "open": "6.6314",
            "high": "6.6314",
            "low": "6.6314",
            "close": "6.6147"
        },
        {
            "time": "14.03.2021 08:14",
            "open": "6.6147",
            "high": "6.6147",
            "low": "6.6146",
            "close": "6.6047"
        },
        {
            "time": "14.03.2021 08:15",
            "open": "6.6047",
            "high": "6.6047",
            "low": "6.6047",
            "close": "6.6111"
        },
        {
            "time": "14.03.2021 08:18",
            "open": "6.6111",
            "high": "6.6111",
            "low": "6.6111",
            "close": "6.6409"
        },
        {
            "time": "14.03.2021 08:23",
            "open": "6.6409",
            "high": "6.6409",
            "low": "6.6353",
            "close": "6.6458"
        },
        {
            "time": "14.03.2021 08:24",
            "open": "6.6458",
            "high": "6.6458",
            "low": "6.6458",
            "close": "6.6458"
        },
        {
            "time": "14.03.2021 08:26",
            "open": "6.6458",
            "high": "6.6458",
            "low": "6.6458",
            "close": "6.6458"
        },
        {
            "time": "14.03.2021 08:27",
            "open": "6.6458",
            "high": "6.6458",
            "low": "6.6458",
            "close": "6.6536"
        },
        {
            "time": "14.03.2021 08:29",
            "open": "6.6536",
            "high": "6.6536",
            "low": "6.6536",
            "close": "6.6537"
        },
        {
            "time": "14.03.2021 08:30",
            "open": "6.6537",
            "high": "6.6537",
            "low": "6.6537",
            "close": "6.6458"
        },
        {
            "time": "14.03.2021 08:35",
            "open": "6.6458",
            "high": "6.6458",
            "low": "6.6458",
            "close": "6.6334"
        },
        {
            "time": "14.03.2021 08:44",
            "open": "6.6334",
            "high": "6.6334",
            "low": "6.6334",
            "close": "6.6185"
        },
        {
            "time": "14.03.2021 08:45",
            "open": "6.6185",
            "high": "6.6185",
            "low": "6.6185",
            "close": "6.6"
        },
        {
            "time": "14.03.2021 08:47",
            "open": "6.6",
            "high": "6.6",
            "low": "6.5849",
            "close": "6.6017"
        },
        {
            "time": "14.03.2021 08:48",
            "open": "6.6017",
            "high": "6.6017",
            "low": "6.5852",
            "close": "6.5934"
        },
        {
            "time": "14.03.2021 08:50",
            "open": "6.5934",
            "high": "6.5934",
            "low": "6.5934",
            "close": "6.6032"
        },
        {
            "time": "14.03.2021 08:55",
            "open": "6.6032",
            "high": "6.6032",
            "low": "6.6032",
            "close": "6.58"
        },
        {
            "time": "14.03.2021 08:56",
            "open": "6.58",
            "high": "6.58",
            "low": "6.58",
            "close": "6.565"
        },
        {
            "time": "14.03.2021 09:01",
            "open": "6.565",
            "high": "6.565",
            "low": "6.565",
            "close": "6.5711"
        },
        {
            "time": "14.03.2021 09:04",
            "open": "6.5711",
            "high": "6.5711",
            "low": "6.5711",
            "close": "6.6081"
        },
        {
            "time": "14.03.2021 09:06",
            "open": "6.6081",
            "high": "6.6081",
            "low": "6.5943",
            "close": "6.5968"
        },
        {
            "time": "14.03.2021 09:09",
            "open": "6.5968",
            "high": "6.5968",
            "low": "6.5968",
            "close": "6.6319"
        },
        {
            "time": "14.03.2021 09:13",
            "open": "6.6319",
            "high": "6.6319",
            "low": "6.6319",
            "close": "6.62"
        },
        {
            "time": "14.03.2021 09:21",
            "open": "6.62",
            "high": "6.6302",
            "low": "6.62",
            "close": "6.6465"
        },
        {
            "time": "14.03.2021 09:26",
            "open": "6.6465",
            "high": "6.6641",
            "low": "6.6465",
            "close": "6.6431"
        },
        {
            "time": "14.03.2021 09:30",
            "open": "6.6431",
            "high": "6.6431",
            "low": "6.6431",
            "close": "6.6431"
        },
        {
            "time": "14.03.2021 09:31",
            "open": "6.6431",
            "high": "6.6606",
            "low": "6.6431",
            "close": "6.6606"
        },
        {
            "time": "14.03.2021 09:33",
            "open": "6.6606",
            "high": "6.6606",
            "low": "6.6606",
            "close": "6.6606"
        },
        {
            "time": "14.03.2021 09:34",
            "open": "6.6606",
            "high": "6.6606",
            "low": "6.6606",
            "close": "6.6506"
        },
        {
            "time": "14.03.2021 09:38",
            "open": "6.6506",
            "high": "6.6506",
            "low": "6.6506",
            "close": "6.655"
        },
        {
            "time": "14.03.2021 09:41",
            "open": "6.655",
            "high": "6.6568",
            "low": "6.655",
            "close": "6.6556"
        },
        {
            "time": "14.03.2021 09:42",
            "open": "6.6556",
            "high": "6.6556",
            "low": "6.6556",
            "close": "6.6383"
        },
        {
            "time": "14.03.2021 09:43",
            "open": "6.6383",
            "high": "6.6552",
            "low": "6.6383",
            "close": "6.6642"
        },
        {
            "time": "14.03.2021 09:46",
            "open": "6.6642",
            "high": "6.6642",
            "low": "6.6642",
            "close": "6.6646"
        },
        {
            "time": "14.03.2021 09:49",
            "open": "6.6646",
            "high": "6.6646",
            "low": "6.6646",
            "close": "6.6598"
        },
        {
            "time": "14.03.2021 09:52",
            "open": "6.6598",
            "high": "6.6651",
            "low": "6.6598",
            "close": "6.6509"
        },
        {
            "time": "14.03.2021 09:53",
            "open": "6.6509",
            "high": "6.6509",
            "low": "6.6509",
            "close": "6.6592"
        },
        {
            "time": "14.03.2021 10:05",
            "open": "6.6592",
            "high": "6.6592",
            "low": "6.6508",
            "close": "6.6509"
        },
        {
            "time": "14.03.2021 10:07",
            "open": "6.6509",
            "high": "6.6772",
            "low": "6.6509",
            "close": "6.6901"
        },
        {
            "time": "14.03.2021 10:14",
            "open": "6.6901",
            "high": "6.6901",
            "low": "6.6901",
            "close": "6.678"
        },
        {
            "time": "14.03.2021 10:24",
            "open": "6.678",
            "high": "6.678",
            "low": "6.678",
            "close": "6.678"
        },
        {
            "time": "14.03.2021 10:26",
            "open": "6.678",
            "high": "6.678",
            "low": "6.678",
            "close": "6.6898"
        },
        {
            "time": "14.03.2021 10:28",
            "open": "6.6898",
            "high": "6.6898",
            "low": "6.6898",
            "close": "6.6919"
        },
        {
            "time": "14.03.2021 10:31",
            "open": "6.6919",
            "high": "6.6919",
            "low": "6.6919",
            "close": "6.6961"
        },
        {
            "time": "14.03.2021 10:33",
            "open": "6.6961",
            "high": "6.6961",
            "low": "6.6961",
            "close": "6.696"
        },
        {
            "time": "14.03.2021 10:35",
            "open": "6.696",
            "high": "6.7076",
            "low": "6.696",
            "close": "6.7086"
        },
        {
            "time": "14.03.2021 10:36",
            "open": "6.7086",
            "high": "6.7124",
            "low": "6.7086",
            "close": "6.7069"
        },
        {
            "time": "14.03.2021 10:40",
            "open": "6.7069",
            "high": "6.7069",
            "low": "6.7069",
            "close": "6.6962"
        },
        {
            "time": "14.03.2021 10:43",
            "open": "6.6962",
            "high": "6.6962",
            "low": "6.6962",
            "close": "6.7049"
        },
        {
            "time": "14.03.2021 10:55",
            "open": "6.7049",
            "high": "6.7049",
            "low": "6.7049",
            "close": "6.7055"
        },
        {
            "time": "14.03.2021 10:56",
            "open": "6.7055",
            "high": "6.7056",
            "low": "6.7055",
            "close": "6.7088"
        },
        {
            "time": "14.03.2021 10:58",
            "open": "6.7088",
            "high": "6.709",
            "low": "6.7088",
            "close": "6.709"
        },
        {
            "time": "14.03.2021 10:59",
            "open": "6.709",
            "high": "6.7129",
            "low": "6.709",
            "close": "6.7129"
        },
        {
            "time": "14.03.2021 11:00",
            "open": "6.7129",
            "high": "6.7129",
            "low": "6.7129",
            "close": "6.713"
        },
        {
            "time": "14.03.2021 11:03",
            "open": "6.713",
            "high": "6.7329",
            "low": "6.713",
            "close": "6.7"
        },
        {
            "time": "14.03.2021 11:04",
            "open": "6.7",
            "high": "6.7",
            "low": "6.7",
            "close": "6.6845"
        },
        {
            "time": "14.03.2021 11:06",
            "open": "6.6845",
            "high": "6.6845",
            "low": "6.6844",
            "close": "6.6693"
        },
        {
            "time": "14.03.2021 11:07",
            "open": "6.6693",
            "high": "6.6693",
            "low": "6.6693",
            "close": "6.6512"
        },
        {
            "time": "14.03.2021 11:13",
            "open": "6.6512",
            "high": "6.6512",
            "low": "6.6511",
            "close": "6.6458"
        },
        {
            "time": "14.03.2021 11:15",
            "open": "6.6458",
            "high": "6.6458",
            "low": "6.6388",
            "close": "6.6439"
        },
        {
            "time": "14.03.2021 11:27",
            "open": "6.6439",
            "high": "6.6439",
            "low": "6.6388",
            "close": "6.644"
        },
        {
            "time": "14.03.2021 11:29",
            "open": "6.644",
            "high": "6.6448",
            "low": "6.644",
            "close": "6.6204"
        },
        {
            "time": "14.03.2021 11:35",
            "open": "6.6204",
            "high": "6.6204",
            "low": "6.6204",
            "close": "6.6252"
        },
        {
            "time": "14.03.2021 11:37",
            "open": "6.6252",
            "high": "6.6252",
            "low": "6.6202",
            "close": "6.6204"
        },
        {
            "time": "14.03.2021 11:38",
            "open": "6.6204",
            "high": "6.6408",
            "low": "6.6204",
            "close": "6.62"
        },
        {
            "time": "14.03.2021 11:41",
            "open": "6.62",
            "high": "6.62",
            "low": "6.62",
            "close": "6.6057"
        },
        {
            "time": "14.03.2021 11:44",
            "open": "6.6057",
            "high": "6.6057",
            "low": "6.5732",
            "close": "6.6029"
        },
        {
            "time": "14.03.2021 11:45",
            "open": "6.6029",
            "high": "6.603",
            "low": "6.6029",
            "close": "6.603"
        },
        {
            "time": "14.03.2021 11:46",
            "open": "6.603",
            "high": "6.603",
            "low": "6.5948",
            "close": "6.603"
        },
        {
            "time": "14.03.2021 11:47",
            "open": "6.603",
            "high": "6.603",
            "low": "6.603",
            "close": "6.6029"
        },
        {
            "time": "14.03.2021 11:48",
            "open": "6.6029",
            "high": "6.6029",
            "low": "6.6029",
            "close": "6.63"
        },
        {
            "time": "14.03.2021 11:50",
            "open": "6.63",
            "high": "6.6382",
            "low": "6.63",
            "close": "6.6095"
        },
        {
            "time": "14.03.2021 11:52",
            "open": "6.6095",
            "high": "6.6095",
            "low": "6.6095",
            "close": "6.6024"
        },
        {
            "time": "14.03.2021 11:55",
            "open": "6.6024",
            "high": "6.6024",
            "low": "6.6024",
            "close": "6.6023"
        },
        {
            "time": "14.03.2021 11:56",
            "open": "6.6023",
            "high": "6.6024",
            "low": "6.6023",
            "close": "6.5957"
        },
        {
            "time": "14.03.2021 12:03",
            "open": "6.5957",
            "high": "6.6111",
            "low": "6.5957",
            "close": "6.5932"
        },
        {
            "time": "14.03.2021 12:04",
            "open": "6.5932",
            "high": "6.5932",
            "low": "6.5932",
            "close": "6.5658"
        },
        {
            "time": "14.03.2021 12:12",
            "open": "6.5658",
            "high": "6.5658",
            "low": "6.5658",
            "close": "6.5653"
        },
        {
            "time": "14.03.2021 12:13",
            "open": "6.5653",
            "high": "6.5653",
            "low": "6.5653",
            "close": "6.56"
        },
        {
            "time": "14.03.2021 12:19",
            "open": "6.56",
            "high": "6.56",
            "low": "6.5491",
            "close": "6.565"
        },
        {
            "time": "14.03.2021 12:20",
            "open": "6.565",
            "high": "6.565",
            "low": "6.552",
            "close": "6.5571"
        },
        {
            "time": "14.03.2021 12:23",
            "open": "6.5571",
            "high": "6.5582",
            "low": "6.5571",
            "close": "6.5599"
        },
        {
            "time": "14.03.2021 12:24",
            "open": "6.5599",
            "high": "6.5725",
            "low": "6.5599",
            "close": "6.5694"
        },
        {
            "time": "14.03.2021 12:25",
            "open": "6.5694",
            "high": "6.5778",
            "low": "6.5694",
            "close": "6.5588"
        },
        {
            "time": "14.03.2021 12:26",
            "open": "6.5588",
            "high": "6.5588",
            "low": "6.5588",
            "close": "6.5588"
        },
        {
            "time": "14.03.2021 12:28",
            "open": "6.5588",
            "high": "6.5588",
            "low": "6.5588",
            "close": "6.5612"
        },
        {
            "time": "14.03.2021 12:29",
            "open": "6.5612",
            "high": "6.5612",
            "low": "6.5612",
            "close": "6.5687"
        },
        {
            "time": "14.03.2021 12:30",
            "open": "6.5687",
            "high": "6.5687",
            "low": "6.5647",
            "close": "6.6103"
        },
        {
            "time": "14.03.2021 12:32",
            "open": "6.6103",
            "high": "6.6103",
            "low": "6.6101",
            "close": "6.593"
        },
        {
            "time": "14.03.2021 12:33",
            "open": "6.593",
            "high": "6.593",
            "low": "6.593",
            "close": "6.6099"
        },
        {
            "time": "14.03.2021 12:36",
            "open": "6.6099",
            "high": "6.6099",
            "low": "6.6099",
            "close": "6.6247"
        },
        {
            "time": "14.03.2021 12:39",
            "open": "6.6247",
            "high": "6.6247",
            "low": "6.6247",
            "close": "6.6131"
        },
        {
            "time": "14.03.2021 12:40",
            "open": "6.6131",
            "high": "6.6131",
            "low": "6.6131",
            "close": "6.6184"
        },
        {
            "time": "14.03.2021 12:44",
            "open": "6.6184",
            "high": "6.6185",
            "low": "6.6184",
            "close": "6.6136"
        },
        {
            "time": "14.03.2021 12:48",
            "open": "6.6136",
            "high": "6.6136",
            "low": "6.6136",
            "close": "6.6135"
        },
        {
            "time": "14.03.2021 12:49",
            "open": "6.6135",
            "high": "6.6135",
            "low": "6.6135",
            "close": "6.6136"
        },
        {
            "time": "14.03.2021 12:50",
            "open": "6.6136",
            "high": "6.6136",
            "low": "6.6136",
            "close": "6.6302"
        },
        {
            "time": "14.03.2021 12:56",
            "open": "6.6302",
            "high": "6.6302",
            "low": "6.6302",
            "close": "6.6302"
        },
        {
            "time": "14.03.2021 12:57",
            "open": "6.6302",
            "high": "6.6302",
            "low": "6.6302",
            "close": "6.6417"
        },
        {
            "time": "14.03.2021 13:00",
            "open": "6.6417",
            "high": "6.6417",
            "low": "6.6417",
            "close": "6.6417"
        },
        {
            "time": "14.03.2021 13:02",
            "open": "6.6417",
            "high": "6.6417",
            "low": "6.6417",
            "close": "6.6272"
        },
        {
            "time": "14.03.2021 13:04",
            "open": "6.6272",
            "high": "6.6276",
            "low": "6.6272",
            "close": "6.6528"
        },
        {
            "time": "14.03.2021 13:05",
            "open": "6.6528",
            "high": "6.6528",
            "low": "6.6528",
            "close": "6.6642"
        },
        {
            "time": "14.03.2021 13:09",
            "open": "6.6642",
            "high": "6.6672",
            "low": "6.6642",
            "close": "6.6526"
        },
        {
            "time": "14.03.2021 13:10",
            "open": "6.6526",
            "high": "6.6526",
            "low": "6.6526",
            "close": "6.6604"
        },
        {
            "time": "14.03.2021 13:12",
            "open": "6.6604",
            "high": "6.6604",
            "low": "6.6604",
            "close": "6.6459"
        },
        {
            "time": "14.03.2021 13:18",
            "open": "6.6459",
            "high": "6.6459",
            "low": "6.6459",
            "close": "6.6322"
        },
        {
            "time": "14.03.2021 13:19",
            "open": "6.6322",
            "high": "6.6322",
            "low": "6.6317",
            "close": "6.6644"
        },
        {
            "time": "14.03.2021 13:24",
            "open": "6.6644",
            "high": "6.6644",
            "low": "6.6644",
            "close": "6.6375"
        },
        {
            "time": "14.03.2021 13:26",
            "open": "6.6375",
            "high": "6.6408",
            "low": "6.6375",
            "close": "6.631"
        },
        {
            "time": "14.03.2021 13:27",
            "open": "6.631",
            "high": "6.631",
            "low": "6.631",
            "close": "6.6561"
        },
        {
            "time": "14.03.2021 13:28",
            "open": "6.6561",
            "high": "6.6561",
            "low": "6.6388",
            "close": "6.6784"
        },
        {
            "time": "14.03.2021 13:33",
            "open": "6.6784",
            "high": "6.6784",
            "low": "6.6784",
            "close": "6.6537"
        },
        {
            "time": "14.03.2021 13:39",
            "open": "6.6537",
            "high": "6.6537",
            "low": "6.6537",
            "close": "6.635"
        },
        {
            "time": "14.03.2021 13:42",
            "open": "6.635",
            "high": "6.635",
            "low": "6.617",
            "close": "6.6225"
        },
        {
            "time": "14.03.2021 13:43",
            "open": "6.6225",
            "high": "6.6225",
            "low": "6.6224",
            "close": "6.6037"
        },
        {
            "time": "14.03.2021 13:45",
            "open": "6.6037",
            "high": "6.6037",
            "low": "6.6037",
            "close": "6.5986"
        },
        {
            "time": "14.03.2021 13:46",
            "open": "6.5986",
            "high": "6.5986",
            "low": "6.5986",
            "close": "6.6103"
        },
        {
            "time": "14.03.2021 13:49",
            "open": "6.6103",
            "high": "6.6103",
            "low": "6.6103",
            "close": "6.5847"
        },
        {
            "time": "14.03.2021 13:50",
            "open": "6.5847",
            "high": "6.5847",
            "low": "6.5847",
            "close": "6.6013"
        },
        {
            "time": "14.03.2021 13:51",
            "open": "6.6013",
            "high": "6.6013",
            "low": "6.6013",
            "close": "6.5884"
        },
        {
            "time": "14.03.2021 13:52",
            "open": "6.5884",
            "high": "6.5884",
            "low": "6.5884",
            "close": "6.5989"
        },
        {
            "time": "14.03.2021 13:54",
            "open": "6.5989",
            "high": "6.5989",
            "low": "6.5989",
            "close": "6.5977"
        },
        {
            "time": "14.03.2021 13:57",
            "open": "6.5977",
            "high": "6.5977",
            "low": "6.5977",
            "close": "6.5977"
        },
        {
            "time": "14.03.2021 14:01",
            "open": "6.5977",
            "high": "6.5977",
            "low": "6.5977",
            "close": "6.5928"
        },
        {
            "time": "14.03.2021 14:05",
            "open": "6.5928",
            "high": "6.5928",
            "low": "6.5928",
            "close": "6.5962"
        },
        {
            "time": "14.03.2021 14:20",
            "open": "6.5962",
            "high": "6.5962",
            "low": "6.5962",
            "close": "6.5675"
        },
        {
            "time": "14.03.2021 14:24",
            "open": "6.5675",
            "high": "6.5675",
            "low": "6.5675",
            "close": "6.5975"
        },
        {
            "time": "14.03.2021 14:28",
            "open": "6.5975",
            "high": "6.5975",
            "low": "6.5975",
            "close": "6.5809"
        },
        {
            "time": "14.03.2021 14:33",
            "open": "6.5809",
            "high": "6.5809",
            "low": "6.5733",
            "close": "6.5613"
        },
        {
            "time": "14.03.2021 14:34",
            "open": "6.5613",
            "high": "6.5613",
            "low": "6.5613",
            "close": "6.5613"
        },
        {
            "time": "14.03.2021 14:36",
            "open": "6.5613",
            "high": "6.5613",
            "low": "6.5613",
            "close": "6.5613"
        },
        {
            "time": "14.03.2021 14:37",
            "open": "6.5613",
            "high": "6.5613",
            "low": "6.5613",
            "close": "6.5613"
        },
        {
            "time": "14.03.2021 14:38",
            "open": "6.5613",
            "high": "6.5613",
            "low": "6.5613",
            "close": "6.5584"
        },
        {
            "time": "14.03.2021 14:39",
            "open": "6.5584",
            "high": "6.5584",
            "low": "6.5568",
            "close": "6.5601"
        },
        {
            "time": "14.03.2021 14:40",
            "open": "6.5601",
            "high": "6.5613",
            "low": "6.5601",
            "close": "6.5853"
        },
        {
            "time": "14.03.2021 14:44",
            "open": "6.5853",
            "high": "6.5853",
            "low": "6.5853",
            "close": "6.5593"
        },
        {
            "time": "14.03.2021 14:45",
            "open": "6.5593",
            "high": "6.58",
            "low": "6.5593",
            "close": "6.5599"
        },
        {
            "time": "14.03.2021 14:46",
            "open": "6.5599",
            "high": "6.5599",
            "low": "6.5599",
            "close": "6.5976"
        },
        {
            "time": "14.03.2021 14:48",
            "open": "6.5976",
            "high": "6.5976",
            "low": "6.5976",
            "close": "6.5976"
        },
        {
            "time": "14.03.2021 14:51",
            "open": "6.5976",
            "high": "6.5976",
            "low": "6.5973",
            "close": "6.5767"
        },
        {
            "time": "14.03.2021 15:01",
            "open": "6.5767",
            "high": "6.5767",
            "low": "6.5767",
            "close": "6.566"
        },
        {
            "time": "14.03.2021 15:05",
            "open": "6.566",
            "high": "6.566",
            "low": "6.566",
            "close": "6.5707"
        },
        {
            "time": "14.03.2021 15:09",
            "open": "6.5707",
            "high": "6.5707",
            "low": "6.555",
            "close": "6.5827"
        },
        {
            "time": "14.03.2021 15:24",
            "open": "6.5827",
            "high": "6.5829",
            "low": "6.5827",
            "close": "6.5636"
        },
        {
            "time": "14.03.2021 15:27",
            "open": "6.5636",
            "high": "6.5787",
            "low": "6.5636",
            "close": "6.5801"
        },
        {
            "time": "14.03.2021 15:28",
            "open": "6.5801",
            "high": "6.5819",
            "low": "6.5801",
            "close": "6.5824"
        },
        {
            "time": "14.03.2021 15:29",
            "open": "6.5824",
            "high": "6.5839",
            "low": "6.5824",
            "close": "6.5976"
        },
        {
            "time": "14.03.2021 15:33",
            "open": "6.5976",
            "high": "6.6206",
            "low": "6.5974",
            "close": "6.5948"
        },
        {
            "time": "14.03.2021 15:34",
            "open": "6.5948",
            "high": "6.598",
            "low": "6.5801",
            "close": "6.5801"
        },
        {
            "time": "14.03.2021 15:36",
            "open": "6.5801",
            "high": "6.5801",
            "low": "6.5786",
            "close": "6.5752"
        },
        {
            "time": "14.03.2021 15:37",
            "open": "6.5752",
            "high": "6.5775",
            "low": "6.5751",
            "close": "6.5632"
        },
        {
            "time": "14.03.2021 15:38",
            "open": "6.5632",
            "high": "6.5632",
            "low": "6.5632",
            "close": "6.5632"
        },
        {
            "time": "14.03.2021 15:39",
            "open": "6.5632",
            "high": "6.5632",
            "low": "6.5631",
            "close": "6.5633"
        },
        {
            "time": "14.03.2021 15:40",
            "open": "6.5633",
            "high": "6.5781",
            "low": "6.5633",
            "close": "6.5784"
        },
        {
            "time": "14.03.2021 15:41",
            "open": "6.5784",
            "high": "6.5785",
            "low": "6.5784",
            "close": "6.5745"
        },
        {
            "time": "14.03.2021 15:48",
            "open": "6.5745",
            "high": "6.5747",
            "low": "6.5745",
            "close": "6.5731"
        },
        {
            "time": "14.03.2021 15:52",
            "open": "6.5731",
            "high": "6.5731",
            "low": "6.5731",
            "close": "6.5731"
        },
        {
            "time": "14.03.2021 15:53",
            "open": "6.5731",
            "high": "6.5731",
            "low": "6.5731",
            "close": "6.5574"
        },
        {
            "time": "14.03.2021 15:54",
            "open": "6.5574",
            "high": "6.5574",
            "low": "6.5573",
            "close": "6.5588"
        },
        {
            "time": "14.03.2021 15:56",
            "open": "6.5588",
            "high": "6.5588",
            "low": "6.5588",
            "close": "6.5624"
        },
        {
            "time": "14.03.2021 15:57",
            "open": "6.5624",
            "high": "6.5624",
            "low": "6.5624",
            "close": "6.5627"
        },
        {
            "time": "14.03.2021 16:02",
            "open": "6.5627",
            "high": "6.5627",
            "low": "6.5627",
            "close": "6.5473"
        },
        {
            "time": "14.03.2021 16:04",
            "open": "6.5473",
            "high": "6.5562",
            "low": "6.5468",
            "close": "6.5468"
        },
        {
            "time": "14.03.2021 16:05",
            "open": "6.5468",
            "high": "6.5468",
            "low": "6.5457",
            "close": "6.5534"
        },
        {
            "time": "14.03.2021 16:06",
            "open": "6.5534",
            "high": "6.5534",
            "low": "6.5534",
            "close": "6.5457"
        },
        {
            "time": "14.03.2021 16:07",
            "open": "6.5457",
            "high": "6.5457",
            "low": "6.536",
            "close": "6.5548"
        },
        {
            "time": "14.03.2021 16:08",
            "open": "6.5548",
            "high": "6.5548",
            "low": "6.5548",
            "close": "6.5382"
        },
        {
            "time": "14.03.2021 16:11",
            "open": "6.5382",
            "high": "6.5382",
            "low": "6.5382",
            "close": "6.5382"
        },
        {
            "time": "14.03.2021 16:12",
            "open": "6.5382",
            "high": "6.5477",
            "low": "6.5333",
            "close": "6.5329"
        },
        {
            "time": "14.03.2021 16:13",
            "open": "6.5329",
            "high": "6.5455",
            "low": "6.5328",
            "close": "6.5388"
        },
        {
            "time": "14.03.2021 16:14",
            "open": "6.5388",
            "high": "6.5389",
            "low": "6.526",
            "close": "6.5407"
        },
        {
            "time": "14.03.2021 16:15",
            "open": "6.5407",
            "high": "6.5548",
            "low": "6.5407",
            "close": "6.5375"
        },
        {
            "time": "14.03.2021 16:16",
            "open": "6.5375",
            "high": "6.5375",
            "low": "6.5375",
            "close": "6.5375"
        },
        {
            "time": "14.03.2021 16:17",
            "open": "6.5375",
            "high": "6.5375",
            "low": "6.5342",
            "close": "6.5418"
        },
        {
            "time": "14.03.2021 16:18",
            "open": "6.5418",
            "high": "6.553",
            "low": "6.5418",
            "close": "6.5238"
        },
        {
            "time": "14.03.2021 16:19",
            "open": "6.5238",
            "high": "6.5238",
            "low": "6.5238",
            "close": "6.5386"
        },
        {
            "time": "14.03.2021 16:22",
            "open": "6.5386",
            "high": "6.5522",
            "low": "6.5375",
            "close": "6.5397"
        },
        {
            "time": "14.03.2021 16:23",
            "open": "6.5397",
            "high": "6.5398",
            "low": "6.5397",
            "close": "6.5479"
        },
        {
            "time": "14.03.2021 16:26",
            "open": "6.5479",
            "high": "6.5483",
            "low": "6.5479",
            "close": "6.5632"
        },
        {
            "time": "14.03.2021 16:27",
            "open": "6.5632",
            "high": "6.5632",
            "low": "6.5512",
            "close": "6.5455"
        },
        {
            "time": "14.03.2021 16:28",
            "open": "6.5455",
            "high": "6.5646",
            "low": "6.5455",
            "close": "6.5472"
        },
        {
            "time": "14.03.2021 16:29",
            "open": "6.5472",
            "high": "6.5659",
            "low": "6.5472",
            "close": "6.5493"
        },
        {
            "time": "14.03.2021 16:30",
            "open": "6.5493",
            "high": "6.5496",
            "low": "6.5493",
            "close": "6.5499"
        },
        {
            "time": "14.03.2021 16:31",
            "open": "6.5499",
            "high": "6.5688",
            "low": "6.5499",
            "close": "6.5511"
        },
        {
            "time": "14.03.2021 16:32",
            "open": "6.5511",
            "high": "6.5511",
            "low": "6.551",
            "close": "6.5507"
        },
        {
            "time": "14.03.2021 16:33",
            "open": "6.5507",
            "high": "6.5507",
            "low": "6.5506",
            "close": "6.5611"
        },
        {
            "time": "14.03.2021 16:34",
            "open": "6.5611",
            "high": "6.5622",
            "low": "6.5308",
            "close": "6.5223"
        },
        {
            "time": "14.03.2021 16:36",
            "open": "6.5223",
            "high": "6.5253",
            "low": "6.5035",
            "close": "6.526"
        },
        {
            "time": "14.03.2021 16:37",
            "open": "6.526",
            "high": "6.5282",
            "low": "6.513",
            "close": "6.5097"
        },
        {
            "time": "14.03.2021 16:38",
            "open": "6.5097",
            "high": "6.51",
            "low": "6.5097",
            "close": "6.5312"
        },
        {
            "time": "14.03.2021 16:41",
            "open": "6.5312",
            "high": "6.5312",
            "low": "6.5024",
            "close": "6.5201"
        },
        {
            "time": "14.03.2021 16:43",
            "open": "6.5201",
            "high": "6.5215",
            "low": "6.5201",
            "close": "6.5171"
        },
        {
            "time": "14.03.2021 16:45",
            "open": "6.5171",
            "high": "6.5261",
            "low": "6.5171",
            "close": "6.5291"
        },
        {
            "time": "14.03.2021 16:46",
            "open": "6.5291",
            "high": "6.5291",
            "low": "6.5291",
            "close": "6.5112"
        },
        {
            "time": "14.03.2021 16:48",
            "open": "6.5112",
            "high": "6.5112",
            "low": "6.5112",
            "close": "6.5112"
        },
        {
            "time": "14.03.2021 16:49",
            "open": "6.5112",
            "high": "6.5254",
            "low": "6.5108",
            "close": "6.518"
        },
        {
            "time": "14.03.2021 16:50",
            "open": "6.518",
            "high": "6.5215",
            "low": "6.518",
            "close": "6.5207"
        },
        {
            "time": "14.03.2021 16:51",
            "open": "6.5207",
            "high": "6.5261",
            "low": "6.5003",
            "close": "6.5139"
        },
        {
            "time": "14.03.2021 16:52",
            "open": "6.5139",
            "high": "6.5152",
            "low": "6.5005",
            "close": "6.5005"
        },
        {
            "time": "14.03.2021 16:53",
            "open": "6.5005",
            "high": "6.5005",
            "low": "6.4844",
            "close": "6.4732"
        },
        {
            "time": "14.03.2021 16:54",
            "open": "6.4732",
            "high": "6.5088",
            "low": "6.4732",
            "close": "6.4943"
        },
        {
            "time": "14.03.2021 16:55",
            "open": "6.4943",
            "high": "6.4981",
            "low": "6.4786",
            "close": "6.4797"
        },
        {
            "time": "14.03.2021 16:56",
            "open": "6.4797",
            "high": "6.4953",
            "low": "6.4797",
            "close": "6.5036"
        },
        {
            "time": "14.03.2021 16:57",
            "open": "6.5036",
            "high": "6.5168",
            "low": "6.5036",
            "close": "6.5219"
        },
        {
            "time": "14.03.2021 16:58",
            "open": "6.5219",
            "high": "6.5257",
            "low": "6.5219",
            "close": "6.511"
        },
        {
            "time": "14.03.2021 17:00",
            "open": "6.511",
            "high": "6.5218",
            "low": "6.5107",
            "close": "6.5059"
        },
        {
            "time": "14.03.2021 17:01",
            "open": "6.5059",
            "high": "6.5117",
            "low": "6.5059",
            "close": "6.4938"
        },
        {
            "time": "14.03.2021 17:02",
            "open": "6.4938",
            "high": "6.4938",
            "low": "6.4938",
            "close": "6.4774"
        },
        {
            "time": "14.03.2021 17:03",
            "open": "6.4774",
            "high": "6.4847",
            "low": "6.4774",
            "close": "6.4637"
        },
        {
            "time": "14.03.2021 17:04",
            "open": "6.4637",
            "high": "6.5006",
            "low": "6.4637",
            "close": "6.4966"
        },
        {
            "time": "14.03.2021 17:05",
            "open": "6.4966",
            "high": "6.5169",
            "low": "6.481",
            "close": "6.4874"
        },
        {
            "time": "14.03.2021 17:06",
            "open": "6.4874",
            "high": "6.4947",
            "low": "6.473",
            "close": "6.5042"
        },
        {
            "time": "14.03.2021 17:07",
            "open": "6.5042",
            "high": "6.5214",
            "low": "6.504",
            "close": "6.5193"
        },
        {
            "time": "14.03.2021 17:08",
            "open": "6.5193",
            "high": "6.5262",
            "low": "6.5193",
            "close": "6.5382"
        },
        {
            "time": "14.03.2021 17:09",
            "open": "6.5382",
            "high": "6.5708",
            "low": "6.5382",
            "close": "6.5549"
        },
        {
            "time": "14.03.2021 17:10",
            "open": "6.5549",
            "high": "6.5647",
            "low": "6.5549",
            "close": "6.5496"
        },
        {
            "time": "14.03.2021 17:11",
            "open": "6.5496",
            "high": "6.5496",
            "low": "6.5496",
            "close": "6.5501"
        },
        {
            "time": "14.03.2021 17:13",
            "open": "6.5501",
            "high": "6.5622",
            "low": "6.5501",
            "close": "6.5448"
        },
        {
            "time": "14.03.2021 17:15",
            "open": "6.5448",
            "high": "6.545",
            "low": "6.5447",
            "close": "6.5476"
        },
        {
            "time": "14.03.2021 17:17",
            "open": "6.5476",
            "high": "6.5476",
            "low": "6.5476",
            "close": "6.5611"
        },
        {
            "time": "14.03.2021 17:18",
            "open": "6.5611",
            "high": "6.5611",
            "low": "6.5611",
            "close": "6.546"
        },
        {
            "time": "14.03.2021 17:19",
            "open": "6.546",
            "high": "6.546",
            "low": "6.546",
            "close": "6.5314"
        },
        {
            "time": "14.03.2021 17:22",
            "open": "6.5314",
            "high": "6.5336",
            "low": "6.5314",
            "close": "6.5081"
        },
        {
            "time": "14.03.2021 17:29",
            "open": "6.5081",
            "high": "6.5081",
            "low": "6.5081",
            "close": "6.4955"
        },
        {
            "time": "14.03.2021 17:31",
            "open": "6.4955",
            "high": "6.4955",
            "low": "6.4955",
            "close": "6.5052"
        },
        {
            "time": "14.03.2021 17:34",
            "open": "6.5052",
            "high": "6.5052",
            "low": "6.4971",
            "close": "6.4971"
        },
        {
            "time": "14.03.2021 17:35",
            "open": "6.4971",
            "high": "6.4971",
            "low": "6.4967",
            "close": "6.5042"
        },
        {
            "time": "14.03.2021 17:36",
            "open": "6.5042",
            "high": "6.5042",
            "low": "6.5042",
            "close": "6.4962"
        },
        {
            "time": "14.03.2021 17:37",
            "open": "6.4962",
            "high": "6.4962",
            "low": "6.4962",
            "close": "6.5066"
        },
        {
            "time": "14.03.2021 17:38",
            "open": "6.5066",
            "high": "6.5199",
            "low": "6.5066",
            "close": "6.51"
        },
        {
            "time": "14.03.2021 17:41",
            "open": "6.51",
            "high": "6.51",
            "low": "6.51",
            "close": "6.51"
        },
        {
            "time": "14.03.2021 17:42",
            "open": "6.51",
            "high": "6.5169",
            "low": "6.51",
            "close": "6.5226"
        },
        {
            "time": "14.03.2021 17:45",
            "open": "6.5226",
            "high": "6.5226",
            "low": "6.5226",
            "close": "6.5081"
        },
        {
            "time": "14.03.2021 17:47",
            "open": "6.5081",
            "high": "6.5081",
            "low": "6.5081",
            "close": "6.5061"
        },
        {
            "time": "14.03.2021 17:57",
            "open": "6.5061",
            "high": "6.5061",
            "low": "6.5061",
            "close": "6.4872"
        },
        {
            "time": "14.03.2021 18:05",
            "open": "6.4872",
            "high": "6.4872",
            "low": "6.4872",
            "close": "6.5158"
        },
        {
            "time": "14.03.2021 18:07",
            "open": "6.5158",
            "high": "6.5158",
            "low": "6.5158",
            "close": "6.5041"
        },
        {
            "time": "14.03.2021 18:11",
            "open": "6.5041",
            "high": "6.5179",
            "low": "6.5041",
            "close": "6.5447"
        },
        {
            "time": "14.03.2021 18:14",
            "open": "6.5447",
            "high": "6.5484",
            "low": "6.5447",
            "close": "6.51"
        },
        {
            "time": "14.03.2021 18:16",
            "open": "6.51",
            "high": "6.51",
            "low": "6.51",
            "close": "6.5135"
        },
        {
            "time": "14.03.2021 18:17",
            "open": "6.5135",
            "high": "6.5135",
            "low": "6.5135",
            "close": "6.4985"
        },
        {
            "time": "14.03.2021 18:21",
            "open": "6.4985",
            "high": "6.5215",
            "low": "6.4985",
            "close": "6.4789"
        },
        {
            "time": "14.03.2021 18:22",
            "open": "6.4789",
            "high": "6.4789",
            "low": "6.4789",
            "close": "6.4766"
        },
        {
            "time": "14.03.2021 18:23",
            "open": "6.4766",
            "high": "6.4766",
            "low": "6.4731",
            "close": "6.4732"
        },
        {
            "time": "14.03.2021 18:25",
            "open": "6.4732",
            "high": "6.4931",
            "low": "6.4732",
            "close": "6.4982"
        },
        {
            "time": "14.03.2021 18:26",
            "open": "6.4982",
            "high": "6.4982",
            "low": "6.4982",
            "close": "6.5068"
        },
        {
            "time": "14.03.2021 18:29",
            "open": "6.5068",
            "high": "6.5068",
            "low": "6.5064",
            "close": "6.4817"
        },
        {
            "time": "14.03.2021 18:30",
            "open": "6.4817",
            "high": "6.4819",
            "low": "6.4817",
            "close": "6.4898"
        },
        {
            "time": "14.03.2021 18:32",
            "open": "6.4898",
            "high": "6.4898",
            "low": "6.4897",
            "close": "6.4816"
        },
        {
            "time": "14.03.2021 18:33",
            "open": "6.4816",
            "high": "6.4897",
            "low": "6.4816",
            "close": "6.4897"
        },
        {
            "time": "14.03.2021 18:34",
            "open": "6.4897",
            "high": "6.4897",
            "low": "6.4818",
            "close": "6.47"
        },
        {
            "time": "14.03.2021 18:36",
            "open": "6.47",
            "high": "6.47",
            "low": "6.47",
            "close": "6.4789"
        },
        {
            "time": "14.03.2021 18:46",
            "open": "6.4789",
            "high": "6.4789",
            "low": "6.4789",
            "close": "6.4789"
        },
        {
            "time": "14.03.2021 18:47",
            "open": "6.4789",
            "high": "6.4789",
            "low": "6.4789",
            "close": "6.4616"
        },
        {
            "time": "14.03.2021 18:48",
            "open": "6.4616",
            "high": "6.4808",
            "low": "6.4616",
            "close": "6.4622"
        },
        {
            "time": "14.03.2021 18:49",
            "open": "6.4622",
            "high": "6.4622",
            "low": "6.4622",
            "close": "6.4645"
        },
        {
            "time": "14.03.2021 18:50",
            "open": "6.4645",
            "high": "6.4645",
            "low": "6.4643",
            "close": "6.4919"
        },
        {
            "time": "14.03.2021 18:52",
            "open": "6.4919",
            "high": "6.492",
            "low": "6.4919",
            "close": "6.4776"
        },
        {
            "time": "14.03.2021 18:53",
            "open": "6.4776",
            "high": "6.4776",
            "low": "6.4776",
            "close": "6.492"
        },
        {
            "time": "14.03.2021 18:54",
            "open": "6.492",
            "high": "6.492",
            "low": "6.492",
            "close": "6.478"
        },
        {
            "time": "14.03.2021 18:56",
            "open": "6.478",
            "high": "6.4909",
            "low": "6.4779",
            "close": "6.4679"
        },
        {
            "time": "14.03.2021 18:57",
            "open": "6.4679",
            "high": "6.4679",
            "low": "6.4679",
            "close": "6.4681"
        },
        {
            "time": "14.03.2021 18:58",
            "open": "6.4681",
            "high": "6.4681",
            "low": "6.4678",
            "close": "6.4758"
        },
        {
            "time": "14.03.2021 18:59",
            "open": "6.4758",
            "high": "6.476",
            "low": "6.4615",
            "close": "6.4902"
        },
        {
            "time": "14.03.2021 19:01",
            "open": "6.4902",
            "high": "6.4902",
            "low": "6.4902",
            "close": "6.51"
        },
        {
            "time": "14.03.2021 19:03",
            "open": "6.51",
            "high": "6.51",
            "low": "6.51",
            "close": "6.51"
        },
        {
            "time": "14.03.2021 19:04",
            "open": "6.51",
            "high": "6.51",
            "low": "6.51",
            "close": "6.528"
        },
        {
            "time": "14.03.2021 19:06",
            "open": "6.528",
            "high": "6.528",
            "low": "6.528",
            "close": "6.5218"
        },
        {
            "time": "14.03.2021 19:08",
            "open": "6.5218",
            "high": "6.5218",
            "low": "6.5218",
            "close": "6.5255"
        },
        {
            "time": "14.03.2021 19:09",
            "open": "6.5255",
            "high": "6.5255",
            "low": "6.5255",
            "close": "6.5049"
        },
        {
            "time": "14.03.2021 19:10",
            "open": "6.5049",
            "high": "6.5049",
            "low": "6.5049",
            "close": "6.5407"
        },
        {
            "time": "14.03.2021 19:13",
            "open": "6.5407",
            "high": "6.5407",
            "low": "6.5407",
            "close": "6.5345"
        },
        {
            "time": "14.03.2021 19:20",
            "open": "6.5345",
            "high": "6.5345",
            "low": "6.5345",
            "close": "6.5183"
        },
        {
            "time": "14.03.2021 19:21",
            "open": "6.5183",
            "high": "6.5183",
            "low": "6.5183",
            "close": "6.5184"
        },
        {
            "time": "14.03.2021 19:22",
            "open": "6.5184",
            "high": "6.5184",
            "low": "6.5184",
            "close": "6.519"
        },
        {
            "time": "14.03.2021 19:24",
            "open": "6.519",
            "high": "6.519",
            "low": "6.519",
            "close": "6.5183"
        },
        {
            "time": "14.03.2021 19:25",
            "open": "6.5183",
            "high": "6.522",
            "low": "6.5183",
            "close": "6.5058"
        },
        {
            "time": "14.03.2021 19:26",
            "open": "6.5058",
            "high": "6.5219",
            "low": "6.5055",
            "close": "6.5387"
        },
        {
            "time": "14.03.2021 19:28",
            "open": "6.5387",
            "high": "6.5406",
            "low": "6.5214",
            "close": "6.5407"
        },
        {
            "time": "14.03.2021 19:29",
            "open": "6.5407",
            "high": "6.5457",
            "low": "6.5404",
            "close": "6.5421"
        },
        {
            "time": "14.03.2021 19:30",
            "open": "6.5421",
            "high": "6.5421",
            "low": "6.5382",
            "close": "6.5382"
        },
        {
            "time": "14.03.2021 19:32",
            "open": "6.5382",
            "high": "6.5387",
            "low": "6.5382",
            "close": "6.5452"
        },
        {
            "time": "14.03.2021 19:33",
            "open": "6.5452",
            "high": "6.5456",
            "low": "6.5452",
            "close": "6.5359"
        },
        {
            "time": "14.03.2021 19:34",
            "open": "6.5359",
            "high": "6.5359",
            "low": "6.5359",
            "close": "6.5545"
        },
        {
            "time": "14.03.2021 19:35",
            "open": "6.5545",
            "high": "6.5548",
            "low": "6.5545",
            "close": "6.5774"
        },
        {
            "time": "14.03.2021 19:39",
            "open": "6.5774",
            "high": "6.5824",
            "low": "6.5774",
            "close": "6.5761"
        },
        {
            "time": "14.03.2021 19:42",
            "open": "6.5761",
            "high": "6.5761",
            "low": "6.5761",
            "close": "6.566"
        },
        {
            "time": "14.03.2021 19:45",
            "open": "6.566",
            "high": "6.5666",
            "low": "6.5547",
            "close": "6.5609"
        },
        {
            "time": "14.03.2021 19:48",
            "open": "6.5609",
            "high": "6.5609",
            "low": "6.5609",
            "close": "6.5712"
        },
        {
            "time": "14.03.2021 19:49",
            "open": "6.5712",
            "high": "6.5712",
            "low": "6.5712",
            "close": "6.575"
        },
        {
            "time": "14.03.2021 19:51",
            "open": "6.575",
            "high": "6.575",
            "low": "6.5657",
            "close": "6.5761"
        },
        {
            "time": "14.03.2021 19:53",
            "open": "6.5761",
            "high": "6.5761",
            "low": "6.5713",
            "close": "6.5713"
        },
        {
            "time": "14.03.2021 19:54",
            "open": "6.5713",
            "high": "6.5713",
            "low": "6.5712",
            "close": "6.5749"
        },
        {
            "time": "14.03.2021 19:55",
            "open": "6.5749",
            "high": "6.5778",
            "low": "6.5749",
            "close": "6.5803"
        },
        {
            "time": "14.03.2021 19:56",
            "open": "6.5803",
            "high": "6.5804",
            "low": "6.5803",
            "close": "6.5916"
        },
        {
            "time": "14.03.2021 19:57",
            "open": "6.5916",
            "high": "6.5916",
            "low": "6.5916",
            "close": "6.5974"
        },
        {
            "time": "14.03.2021 20:01",
            "open": "6.5974",
            "high": "6.6169",
            "low": "6.5974",
            "close": "6.59"
        },
        {
            "time": "14.03.2021 20:03",
            "open": "6.59",
            "high": "6.6086",
            "low": "6.59",
            "close": "6.6016"
        },
        {
            "time": "14.03.2021 20:16",
            "open": "6.6016",
            "high": "6.6016",
            "low": "6.6016",
            "close": "6.6163"
        },
        {
            "time": "14.03.2021 20:17",
            "open": "6.6163",
            "high": "6.6163",
            "low": "6.6163",
            "close": "6.6114"
        },
        {
            "time": "14.03.2021 20:20",
            "open": "6.6114",
            "high": "6.6114",
            "low": "6.6114",
            "close": "6.6224"
        },
        {
            "time": "14.03.2021 20:24",
            "open": "6.6224",
            "high": "6.6224",
            "low": "6.6224",
            "close": "6.6224"
        },
        {
            "time": "14.03.2021 20:28",
            "open": "6.6224",
            "high": "6.6224",
            "low": "6.6224",
            "close": "6.6224"
        },
        {
            "time": "14.03.2021 20:33",
            "open": "6.6224",
            "high": "6.6224",
            "low": "6.6224",
            "close": "6.6224"
        },
        {
            "time": "14.03.2021 20:34",
            "open": "6.6224",
            "high": "6.6224",
            "low": "6.6224",
            "close": "6.5959"
        },
        {
            "time": "14.03.2021 20:35",
            "open": "6.5959",
            "high": "6.5959",
            "low": "6.5959",
            "close": "6.6207"
        },
        {
            "time": "14.03.2021 20:37",
            "open": "6.6207",
            "high": "6.6207",
            "low": "6.6207",
            "close": "6.6194"
        },
        {
            "time": "14.03.2021 20:38",
            "open": "6.6194",
            "high": "6.6194",
            "low": "6.6194",
            "close": "6.6007"
        },
        {
            "time": "14.03.2021 20:41",
            "open": "6.6007",
            "high": "6.6007",
            "low": "6.6007",
            "close": "6.566"
        },
        {
            "time": "14.03.2021 20:46",
            "open": "6.566",
            "high": "6.566",
            "low": "6.566",
            "close": "6.5857"
        },
        {
            "time": "14.03.2021 20:56",
            "open": "6.5857",
            "high": "6.5857",
            "low": "6.5857",
            "close": "6.5896"
        },
        {
            "time": "14.03.2021 21:07",
            "open": "6.5896",
            "high": "6.5897",
            "low": "6.5896",
            "close": "6.5556"
        },
        {
            "time": "14.03.2021 21:15",
            "open": "6.5556",
            "high": "6.5556",
            "low": "6.5532",
            "close": "6.566"
        },
        {
            "time": "14.03.2021 21:16",
            "open": "6.566",
            "high": "6.566",
            "low": "6.566",
            "close": "6.5569"
        },
        {
            "time": "14.03.2021 21:22",
            "open": "6.5569",
            "high": "6.5569",
            "low": "6.5568",
            "close": "6.5679"
        },
        {
            "time": "14.03.2021 21:27",
            "open": "6.5679",
            "high": "6.5679",
            "low": "6.5679",
            "close": "6.5679"
        },
        {
            "time": "14.03.2021 21:34",
            "open": "6.5679",
            "high": "6.5679",
            "low": "6.5679",
            "close": "6.6086"
        },
        {
            "time": "14.03.2021 21:35",
            "open": "6.6086",
            "high": "6.6086",
            "low": "6.6086",
            "close": "6.61"
        },
        {
            "time": "14.03.2021 21:37",
            "open": "6.61",
            "high": "6.6446",
            "low": "6.61",
            "close": "6.6208"
        },
        {
            "time": "14.03.2021 21:39",
            "open": "6.6208",
            "high": "6.6211",
            "low": "6.6208",
            "close": "6.6155"
        },
        {
            "time": "14.03.2021 21:51",
            "open": "6.6155",
            "high": "6.6155",
            "low": "6.6155",
            "close": "6.6039"
        },
        {
            "time": "14.03.2021 21:54",
            "open": "6.6039",
            "high": "6.6039",
            "low": "6.5464",
            "close": "6.612"
        },
        {
            "time": "14.03.2021 21:59",
            "open": "6.612",
            "high": "6.612",
            "low": "6.612",
            "close": "6.6127"
        },
        {
            "time": "14.03.2021 22:03",
            "open": "6.6127",
            "high": "6.6127",
            "low": "6.6127",
            "close": "6.6102"
        },
        {
            "time": "14.03.2021 22:04",
            "open": "6.6102",
            "high": "6.6102",
            "low": "6.6102",
            "close": "6.6025"
        },
        {
            "time": "14.03.2021 22:11",
            "open": "6.6025",
            "high": "6.6025",
            "low": "6.6025",
            "close": "6.5996"
        },
        {
            "time": "14.03.2021 22:13",
            "open": "6.5996",
            "high": "6.5996",
            "low": "6.5506",
            "close": "6.6131"
        },
        {
            "time": "14.03.2021 22:14",
            "open": "6.6131",
            "high": "6.614",
            "low": "6.6035",
            "close": "6.6052"
        },
        {
            "time": "14.03.2021 22:15",
            "open": "6.6052",
            "high": "6.6052",
            "low": "6.6051",
            "close": "6.6201"
        },
        {
            "time": "14.03.2021 22:16",
            "open": "6.6201",
            "high": "6.6201",
            "low": "6.6201",
            "close": "6.6405"
        },
        {
            "time": "14.03.2021 22:17",
            "open": "6.6405",
            "high": "6.6405",
            "low": "6.6204",
            "close": "6.6452"
        },
        {
            "time": "14.03.2021 22:23",
            "open": "6.6452",
            "high": "6.6452",
            "low": "6.6452",
            "close": "6.6205"
        },
        {
            "time": "14.03.2021 22:26",
            "open": "6.6205",
            "high": "6.6376",
            "low": "6.6205",
            "close": "6.6376"
        },
        {
            "time": "14.03.2021 22:27",
            "open": "6.6376",
            "high": "6.68",
            "low": "6.6366",
            "close": "6.6491"
        },
        {
            "time": "14.03.2021 22:31",
            "open": "6.6491",
            "high": "6.6491",
            "low": "6.6491",
            "close": "6.6232"
        },
        {
            "time": "14.03.2021 22:34",
            "open": "6.6232",
            "high": "6.6232",
            "low": "6.6232",
            "close": "6.6222"
        },
        {
            "time": "14.03.2021 22:37",
            "open": "6.6222",
            "high": "6.6434",
            "low": "6.6222",
            "close": "6.6434"
        },
        {
            "time": "14.03.2021 22:46",
            "open": "6.6434",
            "high": "6.6434",
            "low": "6.6434",
            "close": "6.6239"
        },
        {
            "time": "14.03.2021 22:48",
            "open": "6.6239",
            "high": "6.6239",
            "low": "6.6239",
            "close": "6.6411"
        },
        {
            "time": "14.03.2021 22:49",
            "open": "6.6411",
            "high": "6.6411",
            "low": "6.6239",
            "close": "6.6111"
        },
        {
            "time": "14.03.2021 22:54",
            "open": "6.6111",
            "high": "6.6111",
            "low": "6.6111",
            "close": "6.643"
        },
        {
            "time": "14.03.2021 23:00",
            "open": "6.643",
            "high": "6.6435",
            "low": "6.643",
            "close": "6.6518"
        },
        {
            "time": "14.03.2021 23:04",
            "open": "6.6518",
            "high": "6.655",
            "low": "6.6518",
            "close": "6.6112"
        },
        {
            "time": "14.03.2021 23:12",
            "open": "6.6112",
            "high": "6.6112",
            "low": "6.6112",
            "close": "6.6405"
        },
        {
            "time": "14.03.2021 23:16",
            "open": "6.6405",
            "high": "6.6405",
            "low": "6.6405",
            "close": "6.6183"
        },
        {
            "time": "14.03.2021 23:17",
            "open": "6.6183",
            "high": "6.6183",
            "low": "6.6153",
            "close": "6.6601"
        },
        {
            "time": "14.03.2021 23:18",
            "open": "6.6601",
            "high": "6.6601",
            "low": "6.6601",
            "close": "6.6555"
        },
        {
            "time": "14.03.2021 23:21",
            "open": "6.6555",
            "high": "6.6737",
            "low": "6.6555",
            "close": "6.6112"
        },
        {
            "time": "14.03.2021 23:35",
            "open": "6.6112",
            "high": "6.6112",
            "low": "6.6112",
            "close": "6.6111"
        },
        {
            "time": "14.03.2021 23:36",
            "open": "6.6111",
            "high": "6.6111",
            "low": "6.6111",
            "close": "6.6112"
        },
        {
            "time": "14.03.2021 23:37",
            "open": "6.6112",
            "high": "6.6112",
            "low": "6.6112",
            "close": "6.6112"
        },
        {
            "time": "14.03.2021 23:38",
            "open": "6.6112",
            "high": "6.6112",
            "low": "6.6112",
            "close": "6.6113"
        },
        {
            "time": "14.03.2021 23:39",
            "open": "6.6113",
            "high": "6.6115",
            "low": "6.6113",
            "close": "6.6273"
        },
        {
            "time": "14.03.2021 23:40",
            "open": "6.6273",
            "high": "6.6273",
            "low": "6.6273",
            "close": "6.6525"
        }
    ]
}