{
    "BNT-EUR": [
        {
            "time": "19.06.2021 23:50",
            "open": "2.9815",
            "high": "2.9815",
            "low": "2.9815",
            "close": "2.9501"
        },
        {
            "time": "20.06.2021 00:06",
            "open": "2.9501",
            "high": "2.9501",
            "low": "2.9416",
            "close": "2.9337"
        },
        {
            "time": "20.06.2021 00:07",
            "open": "2.9337",
            "high": "2.9359",
            "low": "2.9337",
            "close": "2.9403"
        },
        {
            "time": "20.06.2021 00:08",
            "open": "2.9403",
            "high": "2.9515",
            "low": "2.9403",
            "close": "2.9494"
        },
        {
            "time": "20.06.2021 00:10",
            "open": "2.9494",
            "high": "2.9494",
            "low": "2.9469",
            "close": "2.9469"
        },
        {
            "time": "20.06.2021 00:11",
            "open": "2.9469",
            "high": "2.9469",
            "low": "2.9469",
            "close": "2.9428"
        },
        {
            "time": "20.06.2021 00:29",
            "open": "2.9428",
            "high": "2.9428",
            "low": "2.9428",
            "close": "2.9335"
        },
        {
            "time": "20.06.2021 00:45",
            "open": "2.9335",
            "high": "2.9346",
            "low": "2.9335",
            "close": "2.938"
        },
        {
            "time": "20.06.2021 00:52",
            "open": "2.938",
            "high": "2.938",
            "low": "2.938",
            "close": "2.9292"
        },
        {
            "time": "20.06.2021 01:04",
            "open": "2.9292",
            "high": "2.9292",
            "low": "2.9261",
            "close": "2.9337"
        },
        {
            "time": "20.06.2021 01:13",
            "open": "2.9337",
            "high": "2.9387",
            "low": "2.9337",
            "close": "2.9419"
        },
        {
            "time": "20.06.2021 01:29",
            "open": "2.9419",
            "high": "2.9419",
            "low": "2.9419",
            "close": "2.9118"
        },
        {
            "time": "20.06.2021 02:07",
            "open": "2.9118",
            "high": "2.9118",
            "low": "2.9118",
            "close": "2.9118"
        },
        {
            "time": "20.06.2021 02:09",
            "open": "2.9118",
            "high": "2.9118",
            "low": "2.9113",
            "close": "2.91"
        },
        {
            "time": "20.06.2021 02:13",
            "open": "2.91",
            "high": "2.91",
            "low": "2.91",
            "close": "2.9042"
        },
        {
            "time": "20.06.2021 02:25",
            "open": "2.9042",
            "high": "2.9042",
            "low": "2.9041",
            "close": "2.9"
        },
        {
            "time": "20.06.2021 02:28",
            "open": "2.9",
            "high": "2.9",
            "low": "2.8888",
            "close": "2.903"
        },
        {
            "time": "20.06.2021 02:49",
            "open": "2.903",
            "high": "2.903",
            "low": "2.903",
            "close": "2.9149"
        },
        {
            "time": "20.06.2021 03:02",
            "open": "2.9149",
            "high": "2.9156",
            "low": "2.9149",
            "close": "2.9215"
        },
        {
            "time": "20.06.2021 03:03",
            "open": "2.9215",
            "high": "2.958",
            "low": "2.9117",
            "close": "2.9257"
        },
        {
            "time": "20.06.2021 03:05",
            "open": "2.9257",
            "high": "2.9267",
            "low": "2.9257",
            "close": "2.9308"
        },
        {
            "time": "20.06.2021 03:07",
            "open": "2.9308",
            "high": "2.9308",
            "low": "2.9308",
            "close": "2.9285"
        },
        {
            "time": "20.06.2021 03:10",
            "open": "2.9285",
            "high": "2.9285",
            "low": "2.9285",
            "close": "2.9267"
        },
        {
            "time": "20.06.2021 03:16",
            "open": "2.9267",
            "high": "2.9267",
            "low": "2.9267",
            "close": "2.927"
        },
        {
            "time": "20.06.2021 03:19",
            "open": "2.927",
            "high": "2.927",
            "low": "2.927",
            "close": "2.9286"
        },
        {
            "time": "20.06.2021 03:29",
            "open": "2.9286",
            "high": "2.9286",
            "low": "2.9286",
            "close": "2.9274"
        },
        {
            "time": "20.06.2021 03:34",
            "open": "2.9274",
            "high": "2.9274",
            "low": "2.9274",
            "close": "2.9333"
        },
        {
            "time": "20.06.2021 03:41",
            "open": "2.9333",
            "high": "2.9485",
            "low": "2.9294",
            "close": "2.9369"
        },
        {
            "time": "20.06.2021 03:44",
            "open": "2.9369",
            "high": "2.9369",
            "low": "2.9369",
            "close": "2.9338"
        },
        {
            "time": "20.06.2021 03:46",
            "open": "2.9338",
            "high": "2.9338",
            "low": "2.9338",
            "close": "2.9315"
        },
        {
            "time": "20.06.2021 03:51",
            "open": "2.9315",
            "high": "2.9315",
            "low": "2.9315",
            "close": "2.9325"
        },
        {
            "time": "20.06.2021 03:53",
            "open": "2.9325",
            "high": "2.9325",
            "low": "2.9325",
            "close": "2.9364"
        },
        {
            "time": "20.06.2021 03:57",
            "open": "2.9364",
            "high": "2.9437",
            "low": "2.9361",
            "close": "2.9335"
        },
        {
            "time": "20.06.2021 03:59",
            "open": "2.9335",
            "high": "2.9335",
            "low": "2.9335",
            "close": "2.9263"
        },
        {
            "time": "20.06.2021 04:12",
            "open": "2.9263",
            "high": "2.9269",
            "low": "2.9263",
            "close": "2.9145"
        },
        {
            "time": "20.06.2021 04:20",
            "open": "2.9145",
            "high": "2.9145",
            "low": "2.9145",
            "close": "2.9052"
        },
        {
            "time": "20.06.2021 04:31",
            "open": "2.9052",
            "high": "2.9054",
            "low": "2.9052",
            "close": "2.9085"
        },
        {
            "time": "20.06.2021 04:50",
            "open": "2.9085",
            "high": "2.9085",
            "low": "2.9085",
            "close": "2.9168"
        },
        {
            "time": "20.06.2021 04:52",
            "open": "2.9168",
            "high": "2.9168",
            "low": "2.9168",
            "close": "2.9231"
        },
        {
            "time": "20.06.2021 04:54",
            "open": "2.9231",
            "high": "2.9285",
            "low": "2.9206",
            "close": "2.9243"
        },
        {
            "time": "20.06.2021 04:55",
            "open": "2.9243",
            "high": "2.9245",
            "low": "2.9243",
            "close": "2.9325"
        },
        {
            "time": "20.06.2021 05:06",
            "open": "2.9325",
            "high": "2.9329",
            "low": "2.9325",
            "close": "2.9394"
        },
        {
            "time": "20.06.2021 05:13",
            "open": "2.9394",
            "high": "2.9394",
            "low": "2.9394",
            "close": "2.9343"
        },
        {
            "time": "20.06.2021 05:19",
            "open": "2.9343",
            "high": "2.9343",
            "low": "2.9343",
            "close": "2.9388"
        },
        {
            "time": "20.06.2021 05:41",
            "open": "2.9388",
            "high": "2.9388",
            "low": "2.9388",
            "close": "2.9405"
        },
        {
            "time": "20.06.2021 05:45",
            "open": "2.9405",
            "high": "2.9439",
            "low": "2.9404",
            "close": "2.9368"
        },
        {
            "time": "20.06.2021 05:55",
            "open": "2.9368",
            "high": "2.9368",
            "low": "2.9368",
            "close": "2.935"
        },
        {
            "time": "20.06.2021 05:57",
            "open": "2.935",
            "high": "2.935",
            "low": "2.935",
            "close": "2.9463"
        },
        {
            "time": "20.06.2021 06:10",
            "open": "2.9463",
            "high": "2.9466",
            "low": "2.9408",
            "close": "2.9516"
        },
        {
            "time": "20.06.2021 06:30",
            "open": "2.9516",
            "high": "2.9523",
            "low": "2.9516",
            "close": "2.9626"
        },
        {
            "time": "20.06.2021 06:31",
            "open": "2.9626",
            "high": "2.9678",
            "low": "2.9597",
            "close": "2.9582"
        },
        {
            "time": "20.06.2021 06:35",
            "open": "2.9582",
            "high": "2.9582",
            "low": "2.9582",
            "close": "2.9619"
        },
        {
            "time": "20.06.2021 06:36",
            "open": "2.9619",
            "high": "2.9619",
            "low": "2.9619",
            "close": "2.9684"
        },
        {
            "time": "20.06.2021 06:54",
            "open": "2.9684",
            "high": "2.9705",
            "low": "2.9631",
            "close": "2.9658"
        },
        {
            "time": "20.06.2021 07:02",
            "open": "2.9658",
            "high": "2.9762",
            "low": "2.9658",
            "close": "2.9755"
        },
        {
            "time": "20.06.2021 07:03",
            "open": "2.9755",
            "high": "2.9755",
            "low": "2.9573",
            "close": "2.954"
        },
        {
            "time": "20.06.2021 07:04",
            "open": "2.954",
            "high": "2.9569",
            "low": "2.954",
            "close": "2.9571"
        },
        {
            "time": "20.06.2021 07:06",
            "open": "2.9571",
            "high": "2.9571",
            "low": "2.9571",
            "close": "2.9691"
        },
        {
            "time": "20.06.2021 07:23",
            "open": "2.9691",
            "high": "2.9698",
            "low": "2.9691",
            "close": "2.9697"
        },
        {
            "time": "20.06.2021 07:29",
            "open": "2.9697",
            "high": "2.9711",
            "low": "2.9697",
            "close": "2.9563"
        },
        {
            "time": "20.06.2021 08:16",
            "open": "2.9563",
            "high": "2.9588",
            "low": "2.9509",
            "close": "2.9632"
        },
        {
            "time": "20.06.2021 08:17",
            "open": "2.9632",
            "high": "2.9632",
            "low": "2.9627",
            "close": "2.9706"
        },
        {
            "time": "20.06.2021 08:39",
            "open": "2.9706",
            "high": "2.9735",
            "low": "2.9706",
            "close": "2.954"
        },
        {
            "time": "20.06.2021 09:00",
            "open": "2.954",
            "high": "2.954",
            "low": "2.954",
            "close": "2.9549"
        },
        {
            "time": "20.06.2021 09:11",
            "open": "2.9549",
            "high": "2.9549",
            "low": "2.9549",
            "close": "2.9495"
        },
        {
            "time": "20.06.2021 09:20",
            "open": "2.9495",
            "high": "2.9505",
            "low": "2.9442",
            "close": "2.9444"
        },
        {
            "time": "20.06.2021 09:39",
            "open": "2.9444",
            "high": "2.9444",
            "low": "2.9433",
            "close": "2.9474"
        },
        {
            "time": "20.06.2021 09:55",
            "open": "2.9474",
            "high": "2.9474",
            "low": "2.9474",
            "close": "2.9505"
        },
        {
            "time": "20.06.2021 10:02",
            "open": "2.9505",
            "high": "2.9505",
            "low": "2.9505",
            "close": "2.9475"
        },
        {
            "time": "20.06.2021 10:03",
            "open": "2.9475",
            "high": "2.9475",
            "low": "2.9475",
            "close": "2.9623"
        },
        {
            "time": "20.06.2021 10:13",
            "open": "2.9623",
            "high": "2.9624",
            "low": "2.9623",
            "close": "2.9481"
        },
        {
            "time": "20.06.2021 10:25",
            "open": "2.9481",
            "high": "2.9481",
            "low": "2.9481",
            "close": "2.9512"
        },
        {
            "time": "20.06.2021 10:29",
            "open": "2.9512",
            "high": "2.9512",
            "low": "2.9512",
            "close": "2.946"
        },
        {
            "time": "20.06.2021 10:39",
            "open": "2.946",
            "high": "2.946",
            "low": "2.946",
            "close": "2.9271"
        },
        {
            "time": "20.06.2021 10:46",
            "open": "2.9271",
            "high": "2.9271",
            "low": "2.9264",
            "close": "2.9245"
        },
        {
            "time": "20.06.2021 10:56",
            "open": "2.9245",
            "high": "2.9245",
            "low": "2.9245",
            "close": "2.9192"
        },
        {
            "time": "20.06.2021 11:22",
            "open": "2.9192",
            "high": "2.9193",
            "low": "2.9154",
            "close": "2.9268"
        },
        {
            "time": "20.06.2021 11:23",
            "open": "2.9268",
            "high": "2.9282",
            "low": "2.9268",
            "close": "2.9337"
        },
        {
            "time": "20.06.2021 11:36",
            "open": "2.9337",
            "high": "2.9337",
            "low": "2.9337",
            "close": "2.9254"
        },
        {
            "time": "20.06.2021 11:51",
            "open": "2.9254",
            "high": "2.9254",
            "low": "2.9254",
            "close": "2.9233"
        },
        {
            "time": "20.06.2021 11:53",
            "open": "2.9233",
            "high": "2.9233",
            "low": "2.9122",
            "close": "2.905"
        },
        {
            "time": "20.06.2021 11:55",
            "open": "2.905",
            "high": "2.905",
            "low": "2.905",
            "close": "2.8887"
        },
        {
            "time": "20.06.2021 12:05",
            "open": "2.8887",
            "high": "2.8887",
            "low": "2.8887",
            "close": "2.864"
        },
        {
            "time": "20.06.2021 12:17",
            "open": "2.864",
            "high": "2.864",
            "low": "2.864",
            "close": "2.8577"
        },
        {
            "time": "20.06.2021 12:18",
            "open": "2.8577",
            "high": "2.8577",
            "low": "2.8576",
            "close": "2.856"
        },
        {
            "time": "20.06.2021 12:19",
            "open": "2.856",
            "high": "2.856",
            "low": "2.852",
            "close": "2.8518"
        },
        {
            "time": "20.06.2021 12:20",
            "open": "2.8518",
            "high": "2.8528",
            "low": "2.85",
            "close": "2.8412"
        },
        {
            "time": "20.06.2021 12:24",
            "open": "2.8412",
            "high": "2.8412",
            "low": "2.8412",
            "close": "2.835"
        },
        {
            "time": "20.06.2021 12:25",
            "open": "2.835",
            "high": "2.835",
            "low": "2.835",
            "close": "2.8312"
        },
        {
            "time": "20.06.2021 12:28",
            "open": "2.8312",
            "high": "2.8312",
            "low": "2.8253",
            "close": "2.8237"
        },
        {
            "time": "20.06.2021 12:30",
            "open": "2.8237",
            "high": "2.8239",
            "low": "2.8237",
            "close": "2.8285"
        },
        {
            "time": "20.06.2021 12:31",
            "open": "2.8285",
            "high": "2.8285",
            "low": "2.8285",
            "close": "2.8263"
        },
        {
            "time": "20.06.2021 12:33",
            "open": "2.8263",
            "high": "2.8263",
            "low": "2.8263",
            "close": "2.828"
        },
        {
            "time": "20.06.2021 12:34",
            "open": "2.828",
            "high": "2.828",
            "low": "2.828",
            "close": "2.8486"
        },
        {
            "time": "20.06.2021 12:46",
            "open": "2.8486",
            "high": "2.8486",
            "low": "2.8486",
            "close": "2.8399"
        },
        {
            "time": "20.06.2021 12:52",
            "open": "2.8399",
            "high": "2.8399",
            "low": "2.8399",
            "close": "2.8363"
        },
        {
            "time": "20.06.2021 12:59",
            "open": "2.8363",
            "high": "2.8363",
            "low": "2.8363",
            "close": "2.8242"
        },
        {
            "time": "20.06.2021 13:01",
            "open": "2.8242",
            "high": "2.8242",
            "low": "2.8241",
            "close": "2.8339"
        },
        {
            "time": "20.06.2021 13:04",
            "open": "2.8339",
            "high": "2.8339",
            "low": "2.8339",
            "close": "2.829"
        },
        {
            "time": "20.06.2021 13:22",
            "open": "2.829",
            "high": "2.8297",
            "low": "2.829",
            "close": "2.8206"
        },
        {
            "time": "20.06.2021 13:25",
            "open": "2.8206",
            "high": "2.8206",
            "low": "2.8206",
            "close": "2.8123"
        },
        {
            "time": "20.06.2021 13:28",
            "open": "2.8123",
            "high": "2.8123",
            "low": "2.8123",
            "close": "2.8084"
        },
        {
            "time": "20.06.2021 13:29",
            "open": "2.8084",
            "high": "2.8092",
            "low": "2.8047",
            "close": "2.803"
        },
        {
            "time": "20.06.2021 13:30",
            "open": "2.803",
            "high": "2.803",
            "low": "2.8",
            "close": "2.7958"
        },
        {
            "time": "20.06.2021 13:31",
            "open": "2.7958",
            "high": "2.8007",
            "low": "2.7958",
            "close": "2.8031"
        },
        {
            "time": "20.06.2021 13:32",
            "open": "2.8031",
            "high": "2.8031",
            "low": "2.8031",
            "close": "2.8035"
        },
        {
            "time": "20.06.2021 13:33",
            "open": "2.8035",
            "high": "2.8035",
            "low": "2.78",
            "close": "2.7739"
        },
        {
            "time": "20.06.2021 13:34",
            "open": "2.7739",
            "high": "2.8044",
            "low": "2.7738",
            "close": "2.7956"
        },
        {
            "time": "20.06.2021 13:35",
            "open": "2.7956",
            "high": "2.8",
            "low": "2.7956",
            "close": "2.8086"
        },
        {
            "time": "20.06.2021 13:38",
            "open": "2.8086",
            "high": "2.8086",
            "low": "2.8086",
            "close": "2.8151"
        },
        {
            "time": "20.06.2021 13:43",
            "open": "2.8151",
            "high": "2.8151",
            "low": "2.8151",
            "close": "2.8226"
        },
        {
            "time": "20.06.2021 13:46",
            "open": "2.8226",
            "high": "2.8226",
            "low": "2.8193",
            "close": "2.8156"
        },
        {
            "time": "20.06.2021 13:56",
            "open": "2.8156",
            "high": "2.8156",
            "low": "2.8113",
            "close": "2.7973"
        },
        {
            "time": "20.06.2021 14:06",
            "open": "2.7973",
            "high": "2.8025",
            "low": "2.7973",
            "close": "2.7844"
        },
        {
            "time": "20.06.2021 14:10",
            "open": "2.7844",
            "high": "2.7901",
            "low": "2.7771",
            "close": "2.7866"
        },
        {
            "time": "20.06.2021 14:13",
            "open": "2.7866",
            "high": "2.7866",
            "low": "2.7866",
            "close": "2.7828"
        },
        {
            "time": "20.06.2021 14:19",
            "open": "2.7828",
            "high": "2.7828",
            "low": "2.7828",
            "close": "2.7691"
        },
        {
            "time": "20.06.2021 14:26",
            "open": "2.7691",
            "high": "2.7691",
            "low": "2.7691",
            "close": "2.765"
        },
        {
            "time": "20.06.2021 14:27",
            "open": "2.765",
            "high": "2.7654",
            "low": "2.765",
            "close": "2.7745"
        },
        {
            "time": "20.06.2021 14:30",
            "open": "2.7745",
            "high": "2.7745",
            "low": "2.7745",
            "close": "2.7818"
        },
        {
            "time": "20.06.2021 14:41",
            "open": "2.7818",
            "high": "2.7818",
            "low": "2.7818",
            "close": "2.7824"
        },
        {
            "time": "20.06.2021 14:43",
            "open": "2.7824",
            "high": "2.7824",
            "low": "2.7824",
            "close": "2.7782"
        },
        {
            "time": "20.06.2021 14:46",
            "open": "2.7782",
            "high": "2.7814",
            "low": "2.7782",
            "close": "2.804"
        },
        {
            "time": "20.06.2021 14:56",
            "open": "2.804",
            "high": "2.8525",
            "low": "2.804",
            "close": "2.8183"
        },
        {
            "time": "20.06.2021 14:57",
            "open": "2.8183",
            "high": "2.8183",
            "low": "2.8004",
            "close": "2.8135"
        },
        {
            "time": "20.06.2021 14:58",
            "open": "2.8135",
            "high": "2.8736",
            "low": "2.8134",
            "close": "2.8123"
        },
        {
            "time": "20.06.2021 14:59",
            "open": "2.8123",
            "high": "2.8226",
            "low": "2.8092",
            "close": "2.8162"
        },
        {
            "time": "20.06.2021 15:00",
            "open": "2.8162",
            "high": "2.8162",
            "low": "2.8044",
            "close": "2.8028"
        },
        {
            "time": "20.06.2021 15:01",
            "open": "2.8028",
            "high": "2.8057",
            "low": "2.8028",
            "close": "2.8099"
        },
        {
            "time": "20.06.2021 15:02",
            "open": "2.8099",
            "high": "2.8135",
            "low": "2.8099",
            "close": "2.8251"
        },
        {
            "time": "20.06.2021 15:15",
            "open": "2.8251",
            "high": "2.8251",
            "low": "2.8251",
            "close": "2.8135"
        },
        {
            "time": "20.06.2021 15:21",
            "open": "2.8135",
            "high": "2.8135",
            "low": "2.8135",
            "close": "2.8077"
        },
        {
            "time": "20.06.2021 15:27",
            "open": "2.8077",
            "high": "2.8077",
            "low": "2.8077",
            "close": "2.81"
        },
        {
            "time": "20.06.2021 15:41",
            "open": "2.81",
            "high": "2.81",
            "low": "2.8089",
            "close": "2.8113"
        },
        {
            "time": "20.06.2021 15:57",
            "open": "2.8113",
            "high": "2.8113",
            "low": "2.8111",
            "close": "2.7993"
        },
        {
            "time": "20.06.2021 16:04",
            "open": "2.7993",
            "high": "2.7993",
            "low": "2.7993",
            "close": "2.7996"
        },
        {
            "time": "20.06.2021 16:05",
            "open": "2.7996",
            "high": "2.7996",
            "low": "2.7996",
            "close": "2.7958"
        },
        {
            "time": "20.06.2021 16:06",
            "open": "2.7958",
            "high": "2.7958",
            "low": "2.7835",
            "close": "2.8034"
        },
        {
            "time": "20.06.2021 16:08",
            "open": "2.8034",
            "high": "2.8034",
            "low": "2.8034",
            "close": "2.8085"
        },
        {
            "time": "20.06.2021 16:09",
            "open": "2.8085",
            "high": "2.8103",
            "low": "2.8085",
            "close": "2.8164"
        },
        {
            "time": "20.06.2021 16:12",
            "open": "2.8164",
            "high": "2.8265",
            "low": "2.8164",
            "close": "2.812"
        },
        {
            "time": "20.06.2021 16:13",
            "open": "2.812",
            "high": "2.812",
            "low": "2.8104",
            "close": "2.814"
        },
        {
            "time": "20.06.2021 16:23",
            "open": "2.814",
            "high": "2.814",
            "low": "2.814",
            "close": "2.8151"
        },
        {
            "time": "20.06.2021 16:25",
            "open": "2.8151",
            "high": "2.8151",
            "low": "2.8151",
            "close": "2.8204"
        },
        {
            "time": "20.06.2021 16:41",
            "open": "2.8204",
            "high": "2.8269",
            "low": "2.8204",
            "close": "2.8167"
        },
        {
            "time": "20.06.2021 16:47",
            "open": "2.8167",
            "high": "2.8167",
            "low": "2.8167",
            "close": "2.8232"
        },
        {
            "time": "20.06.2021 16:50",
            "open": "2.8232",
            "high": "2.8232",
            "low": "2.8232",
            "close": "2.8255"
        },
        {
            "time": "20.06.2021 16:53",
            "open": "2.8255",
            "high": "2.8293",
            "low": "2.8255",
            "close": "2.8492"
        },
        {
            "time": "20.06.2021 16:54",
            "open": "2.8492",
            "high": "2.8498",
            "low": "2.8236",
            "close": "2.8262"
        },
        {
            "time": "20.06.2021 16:55",
            "open": "2.8262",
            "high": "2.8284",
            "low": "2.823",
            "close": "2.829"
        },
        {
            "time": "20.06.2021 16:56",
            "open": "2.829",
            "high": "2.83",
            "low": "2.829",
            "close": "2.8331"
        },
        {
            "time": "20.06.2021 16:57",
            "open": "2.8331",
            "high": "2.8353",
            "low": "2.8331",
            "close": "2.8443"
        },
        {
            "time": "20.06.2021 17:00",
            "open": "2.8443",
            "high": "2.8486",
            "low": "2.8443",
            "close": "2.8462"
        },
        {
            "time": "20.06.2021 17:01",
            "open": "2.8462",
            "high": "2.8501",
            "low": "2.8462",
            "close": "2.852"
        },
        {
            "time": "20.06.2021 17:02",
            "open": "2.852",
            "high": "2.8566",
            "low": "2.852",
            "close": "2.8648"
        },
        {
            "time": "20.06.2021 17:03",
            "open": "2.8648",
            "high": "2.8675",
            "low": "2.851",
            "close": "2.8636"
        },
        {
            "time": "20.06.2021 17:20",
            "open": "2.8636",
            "high": "2.8671",
            "low": "2.8636",
            "close": "2.867"
        },
        {
            "time": "20.06.2021 17:33",
            "open": "2.867",
            "high": "2.867",
            "low": "2.867",
            "close": "2.8715"
        },
        {
            "time": "20.06.2021 17:37",
            "open": "2.8715",
            "high": "2.8746",
            "low": "2.8715",
            "close": "2.8719"
        },
        {
            "time": "20.06.2021 17:38",
            "open": "2.8719",
            "high": "2.8719",
            "low": "2.8716",
            "close": "2.8548"
        },
        {
            "time": "20.06.2021 17:53",
            "open": "2.8548",
            "high": "2.8548",
            "low": "2.8548",
            "close": "2.8537"
        },
        {
            "time": "20.06.2021 17:55",
            "open": "2.8537",
            "high": "2.8537",
            "low": "2.8535",
            "close": "2.8559"
        },
        {
            "time": "20.06.2021 18:00",
            "open": "2.8559",
            "high": "2.8559",
            "low": "2.8559",
            "close": "2.8611"
        },
        {
            "time": "20.06.2021 18:02",
            "open": "2.8611",
            "high": "2.8611",
            "low": "2.8564",
            "close": "2.8566"
        },
        {
            "time": "20.06.2021 18:09",
            "open": "2.8566",
            "high": "2.8566",
            "low": "2.8566",
            "close": "2.857"
        },
        {
            "time": "20.06.2021 18:10",
            "open": "2.857",
            "high": "2.8574",
            "low": "2.857",
            "close": "2.861"
        },
        {
            "time": "20.06.2021 18:13",
            "open": "2.861",
            "high": "2.861",
            "low": "2.861",
            "close": "2.8647"
        },
        {
            "time": "20.06.2021 18:17",
            "open": "2.8647",
            "high": "2.8647",
            "low": "2.8647",
            "close": "2.8693"
        },
        {
            "time": "20.06.2021 18:48",
            "open": "2.8693",
            "high": "2.8693",
            "low": "2.8693",
            "close": "2.8704"
        },
        {
            "time": "20.06.2021 19:03",
            "open": "2.8704",
            "high": "2.8705",
            "low": "2.8704",
            "close": "2.8693"
        },
        {
            "time": "20.06.2021 19:04",
            "open": "2.8693",
            "high": "2.8693",
            "low": "2.8671",
            "close": "2.8607"
        },
        {
            "time": "20.06.2021 19:05",
            "open": "2.8607",
            "high": "2.8607",
            "low": "2.8596",
            "close": "2.8613"
        },
        {
            "time": "20.06.2021 19:06",
            "open": "2.8613",
            "high": "2.8614",
            "low": "2.8613",
            "close": "2.8735"
        },
        {
            "time": "20.06.2021 19:39",
            "open": "2.8735",
            "high": "2.8735",
            "low": "2.8735",
            "close": "2.8674"
        },
        {
            "time": "20.06.2021 19:50",
            "open": "2.8674",
            "high": "2.8674",
            "low": "2.8674",
            "close": "2.8725"
        },
        {
            "time": "20.06.2021 20:04",
            "open": "2.8725",
            "high": "2.8725",
            "low": "2.8725",
            "close": "2.8711"
        },
        {
            "time": "20.06.2021 20:08",
            "open": "2.8711",
            "high": "2.8711",
            "low": "2.8711",
            "close": "2.8781"
        },
        {
            "time": "20.06.2021 20:23",
            "open": "2.8781",
            "high": "2.8781",
            "low": "2.8781",
            "close": "2.8906"
        },
        {
            "time": "20.06.2021 20:32",
            "open": "2.8906",
            "high": "2.9008",
            "low": "2.8903",
            "close": "2.8829"
        },
        {
            "time": "20.06.2021 20:38",
            "open": "2.8829",
            "high": "2.8829",
            "low": "2.8829",
            "close": "2.8889"
        },
        {
            "time": "20.06.2021 20:44",
            "open": "2.8889",
            "high": "2.8889",
            "low": "2.8889",
            "close": "2.9054"
        },
        {
            "time": "20.06.2021 20:57",
            "open": "2.9054",
            "high": "2.9054",
            "low": "2.9054",
            "close": "2.9059"
        },
        {
            "time": "20.06.2021 20:59",
            "open": "2.9059",
            "high": "2.9059",
            "low": "2.9059",
            "close": "2.9169"
        },
        {
            "time": "20.06.2021 21:12",
            "open": "2.9169",
            "high": "2.9188",
            "low": "2.9169",
            "close": "2.9295"
        },
        {
            "time": "20.06.2021 21:13",
            "open": "2.9295",
            "high": "2.9295",
            "low": "2.9195",
            "close": "2.9192"
        },
        {
            "time": "20.06.2021 21:17",
            "open": "2.9192",
            "high": "2.9213",
            "low": "2.9192",
            "close": "2.9233"
        },
        {
            "time": "20.06.2021 21:18",
            "open": "2.9233",
            "high": "2.9233",
            "low": "2.9233",
            "close": "2.9233"
        },
        {
            "time": "20.06.2021 21:19",
            "open": "2.9233",
            "high": "2.9233",
            "low": "2.9233",
            "close": "2.9285"
        },
        {
            "time": "20.06.2021 21:20",
            "open": "2.9285",
            "high": "2.9285",
            "low": "2.9284",
            "close": "2.9227"
        },
        {
            "time": "20.06.2021 21:21",
            "open": "2.9227",
            "high": "2.9227",
            "low": "2.9204",
            "close": "2.9194"
        },
        {
            "time": "20.06.2021 21:25",
            "open": "2.9194",
            "high": "2.9195",
            "low": "2.9194",
            "close": "2.9289"
        },
        {
            "time": "20.06.2021 21:32",
            "open": "2.9289",
            "high": "2.9307",
            "low": "2.9289",
            "close": "2.9333"
        },
        {
            "time": "20.06.2021 21:34",
            "open": "2.9333",
            "high": "2.9333",
            "low": "2.9333",
            "close": "2.94"
        },
        {
            "time": "20.06.2021 21:36",
            "open": "2.94",
            "high": "2.94",
            "low": "2.94",
            "close": "2.94"
        },
        {
            "time": "20.06.2021 21:37",
            "open": "2.94",
            "high": "2.94",
            "low": "2.94",
            "close": "2.9827"
        },
        {
            "time": "20.06.2021 21:38",
            "open": "2.9827",
            "high": "2.9827",
            "low": "2.9698",
            "close": "2.9672"
        },
        {
            "time": "20.06.2021 21:50",
            "open": "2.9672",
            "high": "2.9672",
            "low": "2.9672",
            "close": "2.9628"
        },
        {
            "time": "20.06.2021 22:05",
            "open": "2.9628",
            "high": "2.9628",
            "low": "2.9625",
            "close": "2.9609"
        },
        {
            "time": "20.06.2021 22:08",
            "open": "2.9609",
            "high": "2.9609",
            "low": "2.9609",
            "close": "2.9641"
        },
        {
            "time": "20.06.2021 22:10",
            "open": "2.9641",
            "high": "2.9667",
            "low": "2.9625",
            "close": "2.9827"
        },
        {
            "time": "20.06.2021 22:15",
            "open": "2.9827",
            "high": "2.9838",
            "low": "2.9827",
            "close": "2.9821"
        },
        {
            "time": "20.06.2021 22:17",
            "open": "2.9821",
            "high": "2.9821",
            "low": "2.9817",
            "close": "2.9766"
        },
        {
            "time": "20.06.2021 22:23",
            "open": "2.9766",
            "high": "2.9772",
            "low": "2.9764",
            "close": "2.9832"
        },
        {
            "time": "20.06.2021 22:30",
            "open": "2.9832",
            "high": "2.9832",
            "low": "2.9832",
            "close": "2.981"
        },
        {
            "time": "20.06.2021 22:32",
            "open": "2.981",
            "high": "2.981",
            "low": "2.9808",
            "close": "2.9791"
        },
        {
            "time": "20.06.2021 22:33",
            "open": "2.9791",
            "high": "2.9791",
            "low": "2.9791",
            "close": "2.9967"
        },
        {
            "time": "20.06.2021 22:48",
            "open": "2.9967",
            "high": "2.9967",
            "low": "2.9854",
            "close": "2.9816"
        },
        {
            "time": "20.06.2021 22:52",
            "open": "2.9816",
            "high": "2.9816",
            "low": "2.9801",
            "close": "2.9838"
        },
        {
            "time": "20.06.2021 23:04",
            "open": "2.9838",
            "high": "2.9838",
            "low": "2.9838",
            "close": "2.9693"
        },
        {
            "time": "20.06.2021 23:13",
            "open": "2.9693",
            "high": "2.9693",
            "low": "2.9564",
            "close": "2.97"
        },
        {
            "time": "20.06.2021 23:15",
            "open": "2.97",
            "high": "2.9703",
            "low": "2.97",
            "close": "2.9804"
        },
        {
            "time": "20.06.2021 23:18",
            "open": "2.9804",
            "high": "2.9804",
            "low": "2.9791",
            "close": "2.9973"
        },
        {
            "time": "20.06.2021 23:43",
            "open": "2.9973",
            "high": "2.9973",
            "low": "2.9972",
            "close": "2.9929"
        },
        {
            "time": "20.06.2021 23:44",
            "open": "2.9929",
            "high": "2.9929",
            "low": "2.9929",
            "close": "2.9828"
        }
    ]
}