{
    "BNT-EUR": [
        {
            "time": "28.05.2021 23:51",
            "open": "3.5348",
            "high": "3.5348",
            "low": "3.528",
            "close": "3.5743"
        },
        {
            "time": "29.05.2021 00:12",
            "open": "3.5743",
            "high": "3.5743",
            "low": "3.5735",
            "close": "3.6081"
        },
        {
            "time": "29.05.2021 00:17",
            "open": "3.6081",
            "high": "3.6094",
            "low": "3.6081",
            "close": "3.6137"
        },
        {
            "time": "29.05.2021 00:18",
            "open": "3.6137",
            "high": "3.6137",
            "low": "3.5987",
            "close": "3.5958"
        },
        {
            "time": "29.05.2021 00:19",
            "open": "3.5958",
            "high": "3.5958",
            "low": "3.5958",
            "close": "3.5609"
        },
        {
            "time": "29.05.2021 00:22",
            "open": "3.5609",
            "high": "3.5609",
            "low": "3.559",
            "close": "3.528"
        },
        {
            "time": "29.05.2021 00:26",
            "open": "3.528",
            "high": "3.528",
            "low": "3.528",
            "close": "3.5302"
        },
        {
            "time": "29.05.2021 00:30",
            "open": "3.5302",
            "high": "3.5302",
            "low": "3.5272",
            "close": "3.5376"
        },
        {
            "time": "29.05.2021 00:31",
            "open": "3.5376",
            "high": "3.5376",
            "low": "3.5376",
            "close": "3.5517"
        },
        {
            "time": "29.05.2021 00:37",
            "open": "3.5517",
            "high": "3.5517",
            "low": "3.5517",
            "close": "3.5487"
        },
        {
            "time": "29.05.2021 00:39",
            "open": "3.5487",
            "high": "3.5487",
            "low": "3.5487",
            "close": "3.54"
        },
        {
            "time": "29.05.2021 00:47",
            "open": "3.54",
            "high": "3.54",
            "low": "3.54",
            "close": "3.5415"
        },
        {
            "time": "29.05.2021 00:48",
            "open": "3.5415",
            "high": "3.542",
            "low": "3.5415",
            "close": "3.536"
        },
        {
            "time": "29.05.2021 00:50",
            "open": "3.536",
            "high": "3.536",
            "low": "3.536",
            "close": "3.5257"
        },
        {
            "time": "29.05.2021 00:55",
            "open": "3.5257",
            "high": "3.5257",
            "low": "3.5222",
            "close": "3.5324"
        },
        {
            "time": "29.05.2021 00:57",
            "open": "3.5324",
            "high": "3.6517",
            "low": "3.5324",
            "close": "3.5731"
        },
        {
            "time": "29.05.2021 00:58",
            "open": "3.5731",
            "high": "3.5869",
            "low": "3.563",
            "close": "3.5675"
        },
        {
            "time": "29.05.2021 01:02",
            "open": "3.5675",
            "high": "3.5675",
            "low": "3.5675",
            "close": "3.5901"
        },
        {
            "time": "29.05.2021 01:06",
            "open": "3.5901",
            "high": "3.5901",
            "low": "3.5777",
            "close": "3.5751"
        },
        {
            "time": "29.05.2021 01:07",
            "open": "3.5751",
            "high": "3.5751",
            "low": "3.5707",
            "close": "3.5752"
        },
        {
            "time": "29.05.2021 01:08",
            "open": "3.5752",
            "high": "3.5752",
            "low": "3.5752",
            "close": "3.5748"
        },
        {
            "time": "29.05.2021 01:15",
            "open": "3.5748",
            "high": "3.5748",
            "low": "3.5748",
            "close": "3.5717"
        },
        {
            "time": "29.05.2021 01:16",
            "open": "3.5717",
            "high": "3.5717",
            "low": "3.5677",
            "close": "3.625"
        },
        {
            "time": "29.05.2021 01:34",
            "open": "3.625",
            "high": "3.6252",
            "low": "3.625",
            "close": "3.6167"
        },
        {
            "time": "29.05.2021 01:37",
            "open": "3.6167",
            "high": "3.6167",
            "low": "3.6167",
            "close": "3.6144"
        },
        {
            "time": "29.05.2021 01:42",
            "open": "3.6144",
            "high": "3.6144",
            "low": "3.6144",
            "close": "3.6079"
        },
        {
            "time": "29.05.2021 01:44",
            "open": "3.6079",
            "high": "3.6079",
            "low": "3.6079",
            "close": "3.6538"
        },
        {
            "time": "29.05.2021 01:46",
            "open": "3.6538",
            "high": "3.6538",
            "low": "3.6436",
            "close": "3.6373"
        },
        {
            "time": "29.05.2021 01:55",
            "open": "3.6373",
            "high": "3.6373",
            "low": "3.6286",
            "close": "3.6238"
        },
        {
            "time": "29.05.2021 02:01",
            "open": "3.6238",
            "high": "3.6246",
            "low": "3.6238",
            "close": "3.6349"
        },
        {
            "time": "29.05.2021 02:02",
            "open": "3.6349",
            "high": "3.6349",
            "low": "3.6344",
            "close": "3.6157"
        },
        {
            "time": "29.05.2021 02:06",
            "open": "3.6157",
            "high": "3.6157",
            "low": "3.6157",
            "close": "3.6369"
        },
        {
            "time": "29.05.2021 02:12",
            "open": "3.6369",
            "high": "3.638",
            "low": "3.6344",
            "close": "3.6579"
        },
        {
            "time": "29.05.2021 02:15",
            "open": "3.6579",
            "high": "3.6683",
            "low": "3.6579",
            "close": "3.6692"
        },
        {
            "time": "29.05.2021 02:16",
            "open": "3.6692",
            "high": "3.7033",
            "low": "3.6521",
            "close": "3.6641"
        },
        {
            "time": "29.05.2021 02:19",
            "open": "3.6641",
            "high": "3.6711",
            "low": "3.6641",
            "close": "3.6727"
        },
        {
            "time": "29.05.2021 02:23",
            "open": "3.6727",
            "high": "3.6727",
            "low": "3.6727",
            "close": "3.665"
        },
        {
            "time": "29.05.2021 02:24",
            "open": "3.665",
            "high": "3.6706",
            "low": "3.665",
            "close": "3.6677"
        },
        {
            "time": "29.05.2021 02:25",
            "open": "3.6677",
            "high": "3.6677",
            "low": "3.6677",
            "close": "3.6637"
        },
        {
            "time": "29.05.2021 02:40",
            "open": "3.6637",
            "high": "3.6655",
            "low": "3.6637",
            "close": "3.6677"
        },
        {
            "time": "29.05.2021 02:41",
            "open": "3.6677",
            "high": "3.6998",
            "low": "3.6677",
            "close": "3.6813"
        },
        {
            "time": "29.05.2021 02:42",
            "open": "3.6813",
            "high": "3.6813",
            "low": "3.6813",
            "close": "3.6679"
        },
        {
            "time": "29.05.2021 02:45",
            "open": "3.6679",
            "high": "3.6679",
            "low": "3.6679",
            "close": "3.6742"
        },
        {
            "time": "29.05.2021 02:49",
            "open": "3.6742",
            "high": "3.6742",
            "low": "3.6742",
            "close": "3.6789"
        },
        {
            "time": "29.05.2021 02:51",
            "open": "3.6789",
            "high": "3.6789",
            "low": "3.6789",
            "close": "3.6826"
        },
        {
            "time": "29.05.2021 02:52",
            "open": "3.6826",
            "high": "3.689",
            "low": "3.6826",
            "close": "3.6899"
        },
        {
            "time": "29.05.2021 02:53",
            "open": "3.6899",
            "high": "3.6956",
            "low": "3.6899",
            "close": "3.7208"
        },
        {
            "time": "29.05.2021 03:01",
            "open": "3.7208",
            "high": "3.7406",
            "low": "3.7208",
            "close": "3.7405"
        },
        {
            "time": "29.05.2021 03:02",
            "open": "3.7405",
            "high": "3.7405",
            "low": "3.7405",
            "close": "3.74"
        },
        {
            "time": "29.05.2021 03:03",
            "open": "3.74",
            "high": "3.7414",
            "low": "3.74",
            "close": "3.7462"
        },
        {
            "time": "29.05.2021 03:04",
            "open": "3.7462",
            "high": "3.7462",
            "low": "3.7414",
            "close": "3.744"
        },
        {
            "time": "29.05.2021 03:05",
            "open": "3.744",
            "high": "3.744",
            "low": "3.744",
            "close": "3.7292"
        },
        {
            "time": "29.05.2021 03:10",
            "open": "3.7292",
            "high": "3.7292",
            "low": "3.7224",
            "close": "3.722"
        },
        {
            "time": "29.05.2021 03:13",
            "open": "3.722",
            "high": "3.722",
            "low": "3.722",
            "close": "3.7437"
        },
        {
            "time": "29.05.2021 03:24",
            "open": "3.7437",
            "high": "3.7437",
            "low": "3.7437",
            "close": "3.7552"
        },
        {
            "time": "29.05.2021 03:36",
            "open": "3.7552",
            "high": "3.7554",
            "low": "3.7516",
            "close": "3.7354"
        },
        {
            "time": "29.05.2021 03:39",
            "open": "3.7354",
            "high": "3.7354",
            "low": "3.7354",
            "close": "3.714"
        },
        {
            "time": "29.05.2021 03:54",
            "open": "3.714",
            "high": "3.714",
            "low": "3.6963",
            "close": "3.6927"
        },
        {
            "time": "29.05.2021 03:55",
            "open": "3.6927",
            "high": "3.6927",
            "low": "3.6927",
            "close": "3.7262"
        },
        {
            "time": "29.05.2021 04:00",
            "open": "3.7262",
            "high": "3.7262",
            "low": "3.7262",
            "close": "3.7267"
        },
        {
            "time": "29.05.2021 04:01",
            "open": "3.7267",
            "high": "3.7267",
            "low": "3.7267",
            "close": "3.7312"
        },
        {
            "time": "29.05.2021 04:06",
            "open": "3.7312",
            "high": "3.7312",
            "low": "3.7312",
            "close": "3.7365"
        },
        {
            "time": "29.05.2021 04:16",
            "open": "3.7365",
            "high": "3.7365",
            "low": "3.7365",
            "close": "3.7169"
        },
        {
            "time": "29.05.2021 04:23",
            "open": "3.7169",
            "high": "3.7169",
            "low": "3.6968",
            "close": "3.6894"
        },
        {
            "time": "29.05.2021 04:26",
            "open": "3.6894",
            "high": "3.6894",
            "low": "3.6894",
            "close": "3.7076"
        },
        {
            "time": "29.05.2021 04:44",
            "open": "3.7076",
            "high": "3.7237",
            "low": "3.7076",
            "close": "3.6917"
        },
        {
            "time": "29.05.2021 04:54",
            "open": "3.6917",
            "high": "3.7091",
            "low": "3.6917",
            "close": "3.7014"
        },
        {
            "time": "29.05.2021 04:55",
            "open": "3.7014",
            "high": "3.7014",
            "low": "3.6872",
            "close": "3.6837"
        },
        {
            "time": "29.05.2021 04:56",
            "open": "3.6837",
            "high": "3.6837",
            "low": "3.6814",
            "close": "3.6776"
        },
        {
            "time": "29.05.2021 05:04",
            "open": "3.6776",
            "high": "3.6776",
            "low": "3.6776",
            "close": "3.7091"
        },
        {
            "time": "29.05.2021 05:21",
            "open": "3.7091",
            "high": "3.717",
            "low": "3.7091",
            "close": "3.7346"
        },
        {
            "time": "29.05.2021 05:26",
            "open": "3.7346",
            "high": "3.7346",
            "low": "3.7346",
            "close": "3.7271"
        },
        {
            "time": "29.05.2021 05:29",
            "open": "3.7271",
            "high": "3.7271",
            "low": "3.7271",
            "close": "3.7271"
        },
        {
            "time": "29.05.2021 05:31",
            "open": "3.7271",
            "high": "3.7271",
            "low": "3.7271",
            "close": "3.6934"
        },
        {
            "time": "29.05.2021 06:44",
            "open": "3.6934",
            "high": "3.6934",
            "low": "3.6784",
            "close": "3.6751"
        },
        {
            "time": "29.05.2021 06:52",
            "open": "3.6751",
            "high": "3.6751",
            "low": "3.6751",
            "close": "3.6475"
        },
        {
            "time": "29.05.2021 06:53",
            "open": "3.6475",
            "high": "3.6475",
            "low": "3.6475",
            "close": "3.6325"
        },
        {
            "time": "29.05.2021 06:54",
            "open": "3.6325",
            "high": "3.6325",
            "low": "3.6325",
            "close": "3.6602"
        },
        {
            "time": "29.05.2021 06:55",
            "open": "3.6602",
            "high": "3.6602",
            "low": "3.6602",
            "close": "3.6567"
        },
        {
            "time": "29.05.2021 06:56",
            "open": "3.6567",
            "high": "3.6567",
            "low": "3.6562",
            "close": "3.6511"
        },
        {
            "time": "29.05.2021 06:57",
            "open": "3.6511",
            "high": "3.6511",
            "low": "3.6443",
            "close": "3.6658"
        },
        {
            "time": "29.05.2021 07:06",
            "open": "3.6658",
            "high": "3.6659",
            "low": "3.6658",
            "close": "3.7271"
        },
        {
            "time": "29.05.2021 07:18",
            "open": "3.7271",
            "high": "3.7349",
            "low": "3.7271",
            "close": "3.7307"
        },
        {
            "time": "29.05.2021 07:19",
            "open": "3.7307",
            "high": "3.7307",
            "low": "3.7307",
            "close": "3.7481"
        },
        {
            "time": "29.05.2021 07:30",
            "open": "3.7481",
            "high": "3.7481",
            "low": "3.7481",
            "close": "3.7469"
        },
        {
            "time": "29.05.2021 07:31",
            "open": "3.7469",
            "high": "3.7469",
            "low": "3.7469",
            "close": "3.7426"
        },
        {
            "time": "29.05.2021 07:32",
            "open": "3.7426",
            "high": "3.7426",
            "low": "3.7426",
            "close": "3.7461"
        },
        {
            "time": "29.05.2021 07:40",
            "open": "3.7461",
            "high": "3.7461",
            "low": "3.7461",
            "close": "3.7438"
        },
        {
            "time": "29.05.2021 07:44",
            "open": "3.7438",
            "high": "3.7438",
            "low": "3.7423",
            "close": "3.7367"
        },
        {
            "time": "29.05.2021 07:49",
            "open": "3.7367",
            "high": "3.7367",
            "low": "3.7257",
            "close": "3.7225"
        },
        {
            "time": "29.05.2021 07:50",
            "open": "3.7225",
            "high": "3.7225",
            "low": "3.7048",
            "close": "3.7321"
        },
        {
            "time": "29.05.2021 07:51",
            "open": "3.7321",
            "high": "3.7477",
            "low": "3.7321",
            "close": "3.7555"
        },
        {
            "time": "29.05.2021 07:52",
            "open": "3.7555",
            "high": "3.7555",
            "low": "3.7217",
            "close": "3.719"
        },
        {
            "time": "29.05.2021 07:53",
            "open": "3.719",
            "high": "3.7241",
            "low": "3.719",
            "close": "3.706"
        },
        {
            "time": "29.05.2021 07:54",
            "open": "3.706",
            "high": "3.706",
            "low": "3.706",
            "close": "3.7051"
        },
        {
            "time": "29.05.2021 08:00",
            "open": "3.7051",
            "high": "3.7051",
            "low": "3.7051",
            "close": "3.7051"
        },
        {
            "time": "29.05.2021 08:01",
            "open": "3.7051",
            "high": "3.7143",
            "low": "3.7051",
            "close": "3.753"
        },
        {
            "time": "29.05.2021 08:12",
            "open": "3.753",
            "high": "3.753",
            "low": "3.753",
            "close": "3.7476"
        },
        {
            "time": "29.05.2021 08:22",
            "open": "3.7476",
            "high": "3.7476",
            "low": "3.7476",
            "close": "3.7438"
        },
        {
            "time": "29.05.2021 08:31",
            "open": "3.7438",
            "high": "3.7438",
            "low": "3.7438",
            "close": "3.7091"
        },
        {
            "time": "29.05.2021 08:56",
            "open": "3.7091",
            "high": "3.7091",
            "low": "3.7091",
            "close": "3.6985"
        },
        {
            "time": "29.05.2021 08:58",
            "open": "3.6985",
            "high": "3.6986",
            "low": "3.6985",
            "close": "3.6986"
        },
        {
            "time": "29.05.2021 09:06",
            "open": "3.6986",
            "high": "3.6986",
            "low": "3.6986",
            "close": "3.7058"
        },
        {
            "time": "29.05.2021 09:12",
            "open": "3.7058",
            "high": "3.7058",
            "low": "3.6905",
            "close": "3.6981"
        },
        {
            "time": "29.05.2021 09:17",
            "open": "3.6981",
            "high": "3.6981",
            "low": "3.6981",
            "close": "3.7034"
        },
        {
            "time": "29.05.2021 09:20",
            "open": "3.7034",
            "high": "3.7034",
            "low": "3.7034",
            "close": "3.6944"
        },
        {
            "time": "29.05.2021 09:31",
            "open": "3.6944",
            "high": "3.7018",
            "low": "3.6944",
            "close": "3.67"
        },
        {
            "time": "29.05.2021 09:38",
            "open": "3.67",
            "high": "3.67",
            "low": "3.67",
            "close": "3.6596"
        },
        {
            "time": "29.05.2021 09:40",
            "open": "3.6596",
            "high": "3.6596",
            "low": "3.6529",
            "close": "3.6525"
        },
        {
            "time": "29.05.2021 09:41",
            "open": "3.6525",
            "high": "3.6525",
            "low": "3.6525",
            "close": "3.6549"
        },
        {
            "time": "29.05.2021 10:09",
            "open": "3.6549",
            "high": "3.6549",
            "low": "3.6549",
            "close": "3.6645"
        },
        {
            "time": "29.05.2021 10:17",
            "open": "3.6645",
            "high": "3.6645",
            "low": "3.6645",
            "close": "3.6707"
        },
        {
            "time": "29.05.2021 10:20",
            "open": "3.6707",
            "high": "3.6707",
            "low": "3.6707",
            "close": "3.6654"
        },
        {
            "time": "29.05.2021 10:25",
            "open": "3.6654",
            "high": "3.6654",
            "low": "3.6654",
            "close": "3.6243"
        },
        {
            "time": "29.05.2021 10:30",
            "open": "3.6243",
            "high": "3.6243",
            "low": "3.6243",
            "close": "3.6243"
        },
        {
            "time": "29.05.2021 10:32",
            "open": "3.6243",
            "high": "3.6243",
            "low": "3.6243",
            "close": "3.609"
        },
        {
            "time": "29.05.2021 10:33",
            "open": "3.609",
            "high": "3.609",
            "low": "3.609",
            "close": "3.6173"
        },
        {
            "time": "29.05.2021 10:35",
            "open": "3.6173",
            "high": "3.6332",
            "low": "3.6173",
            "close": "3.6328"
        },
        {
            "time": "29.05.2021 10:36",
            "open": "3.6328",
            "high": "3.6328",
            "low": "3.6328",
            "close": "3.6246"
        },
        {
            "time": "29.05.2021 10:55",
            "open": "3.6246",
            "high": "3.6246",
            "low": "3.6246",
            "close": "3.626"
        },
        {
            "time": "29.05.2021 10:56",
            "open": "3.626",
            "high": "3.626",
            "low": "3.626",
            "close": "3.6184"
        },
        {
            "time": "29.05.2021 10:58",
            "open": "3.6184",
            "high": "3.6184",
            "low": "3.6184",
            "close": "3.6184"
        },
        {
            "time": "29.05.2021 11:01",
            "open": "3.6184",
            "high": "3.6184",
            "low": "3.6184",
            "close": "3.609"
        },
        {
            "time": "29.05.2021 11:04",
            "open": "3.609",
            "high": "3.609",
            "low": "3.609",
            "close": "3.6028"
        },
        {
            "time": "29.05.2021 11:05",
            "open": "3.6028",
            "high": "3.6028",
            "low": "3.6028",
            "close": "3.5947"
        },
        {
            "time": "29.05.2021 11:08",
            "open": "3.5947",
            "high": "3.5947",
            "low": "3.5947",
            "close": "3.5665"
        },
        {
            "time": "29.05.2021 11:24",
            "open": "3.5665",
            "high": "3.5665",
            "low": "3.5665",
            "close": "3.5764"
        },
        {
            "time": "29.05.2021 11:27",
            "open": "3.5764",
            "high": "3.5764",
            "low": "3.5764",
            "close": "3.5685"
        },
        {
            "time": "29.05.2021 11:28",
            "open": "3.5685",
            "high": "3.5685",
            "low": "3.5685",
            "close": "3.5625"
        },
        {
            "time": "29.05.2021 11:29",
            "open": "3.5625",
            "high": "3.5625",
            "low": "3.5625",
            "close": "3.5577"
        },
        {
            "time": "29.05.2021 11:32",
            "open": "3.5577",
            "high": "3.5643",
            "low": "3.5577",
            "close": "3.5561"
        },
        {
            "time": "29.05.2021 11:33",
            "open": "3.5561",
            "high": "3.5561",
            "low": "3.5561",
            "close": "3.5704"
        },
        {
            "time": "29.05.2021 11:37",
            "open": "3.5704",
            "high": "3.573",
            "low": "3.5666",
            "close": "3.5736"
        },
        {
            "time": "29.05.2021 11:38",
            "open": "3.5736",
            "high": "3.5815",
            "low": "3.5736",
            "close": "3.5839"
        },
        {
            "time": "29.05.2021 11:39",
            "open": "3.5839",
            "high": "3.5907",
            "low": "3.5839",
            "close": "3.5994"
        },
        {
            "time": "29.05.2021 11:48",
            "open": "3.5994",
            "high": "3.5994",
            "low": "3.5994",
            "close": "3.5984"
        },
        {
            "time": "29.05.2021 11:49",
            "open": "3.5984",
            "high": "3.5984",
            "low": "3.5984",
            "close": "3.6008"
        },
        {
            "time": "29.05.2021 11:52",
            "open": "3.6008",
            "high": "3.601",
            "low": "3.6008",
            "close": "3.6029"
        },
        {
            "time": "29.05.2021 11:54",
            "open": "3.6029",
            "high": "3.6029",
            "low": "3.6029",
            "close": "3.5993"
        },
        {
            "time": "29.05.2021 12:01",
            "open": "3.5993",
            "high": "3.6011",
            "low": "3.5993",
            "close": "3.6121"
        },
        {
            "time": "29.05.2021 12:05",
            "open": "3.6121",
            "high": "3.6121",
            "low": "3.6121",
            "close": "3.5973"
        },
        {
            "time": "29.05.2021 12:08",
            "open": "3.5973",
            "high": "3.5973",
            "low": "3.5906",
            "close": "3.5804"
        },
        {
            "time": "29.05.2021 12:19",
            "open": "3.5804",
            "high": "3.5804",
            "low": "3.5804",
            "close": "3.574"
        },
        {
            "time": "29.05.2021 12:31",
            "open": "3.574",
            "high": "3.574",
            "low": "3.574",
            "close": "3.5778"
        },
        {
            "time": "29.05.2021 12:36",
            "open": "3.5778",
            "high": "3.5804",
            "low": "3.5778",
            "close": "3.5846"
        },
        {
            "time": "29.05.2021 12:37",
            "open": "3.5846",
            "high": "3.5846",
            "low": "3.5846",
            "close": "3.593"
        },
        {
            "time": "29.05.2021 12:39",
            "open": "3.593",
            "high": "3.593",
            "low": "3.593",
            "close": "3.5848"
        },
        {
            "time": "29.05.2021 13:01",
            "open": "3.5848",
            "high": "3.5848",
            "low": "3.5848",
            "close": "3.573"
        },
        {
            "time": "29.05.2021 13:06",
            "open": "3.573",
            "high": "3.5735",
            "low": "3.5724",
            "close": "3.5695"
        },
        {
            "time": "29.05.2021 13:17",
            "open": "3.5695",
            "high": "3.5695",
            "low": "3.5695",
            "close": "3.5454"
        },
        {
            "time": "29.05.2021 13:18",
            "open": "3.5454",
            "high": "3.5463",
            "low": "3.5442",
            "close": "3.5218"
        },
        {
            "time": "29.05.2021 13:19",
            "open": "3.5218",
            "high": "3.5218",
            "low": "3.5209",
            "close": "3.5289"
        },
        {
            "time": "29.05.2021 13:20",
            "open": "3.5289",
            "high": "3.5289",
            "low": "3.5289",
            "close": "3.5214"
        },
        {
            "time": "29.05.2021 13:24",
            "open": "3.5214",
            "high": "3.5214",
            "low": "3.5214",
            "close": "3.5373"
        },
        {
            "time": "29.05.2021 13:27",
            "open": "3.5373",
            "high": "3.5373",
            "low": "3.5373",
            "close": "3.5636"
        },
        {
            "time": "29.05.2021 13:29",
            "open": "3.5636",
            "high": "3.5636",
            "low": "3.5636",
            "close": "3.57"
        },
        {
            "time": "29.05.2021 13:30",
            "open": "3.57",
            "high": "3.57",
            "low": "3.5642",
            "close": "3.5806"
        },
        {
            "time": "29.05.2021 13:31",
            "open": "3.5806",
            "high": "3.5914",
            "low": "3.5764",
            "close": "3.6091"
        },
        {
            "time": "29.05.2021 13:32",
            "open": "3.6091",
            "high": "3.6095",
            "low": "3.6062",
            "close": "3.6137"
        },
        {
            "time": "29.05.2021 13:33",
            "open": "3.6137",
            "high": "3.6137",
            "low": "3.6137",
            "close": "3.6185"
        },
        {
            "time": "29.05.2021 13:34",
            "open": "3.6185",
            "high": "3.6202",
            "low": "3.6185",
            "close": "3.6043"
        },
        {
            "time": "29.05.2021 13:37",
            "open": "3.6043",
            "high": "3.6043",
            "low": "3.5954",
            "close": "3.6002"
        },
        {
            "time": "29.05.2021 13:43",
            "open": "3.6002",
            "high": "3.6002",
            "low": "3.6002",
            "close": "3.6038"
        },
        {
            "time": "29.05.2021 13:47",
            "open": "3.6038",
            "high": "3.6038",
            "low": "3.6034",
            "close": "3.6034"
        },
        {
            "time": "29.05.2021 14:01",
            "open": "3.6034",
            "high": "3.6064",
            "low": "3.6028",
            "close": "3.5832"
        },
        {
            "time": "29.05.2021 14:05",
            "open": "3.5832",
            "high": "3.5832",
            "low": "3.5832",
            "close": "3.5803"
        },
        {
            "time": "29.05.2021 14:17",
            "open": "3.5803",
            "high": "3.5803",
            "low": "3.5803",
            "close": "3.5598"
        },
        {
            "time": "29.05.2021 14:20",
            "open": "3.5598",
            "high": "3.5598",
            "low": "3.5598",
            "close": "3.5419"
        },
        {
            "time": "29.05.2021 14:50",
            "open": "3.5419",
            "high": "3.5419",
            "low": "3.5392",
            "close": "3.5224"
        },
        {
            "time": "29.05.2021 15:08",
            "open": "3.5224",
            "high": "3.5224",
            "low": "3.5224",
            "close": "3.5"
        },
        {
            "time": "29.05.2021 15:12",
            "open": "3.5",
            "high": "3.5",
            "low": "3.5",
            "close": "3.4908"
        },
        {
            "time": "29.05.2021 15:13",
            "open": "3.4908",
            "high": "3.4908",
            "low": "3.4903",
            "close": "3.5008"
        },
        {
            "time": "29.05.2021 15:15",
            "open": "3.5008",
            "high": "3.5008",
            "low": "3.5008",
            "close": "3.5005"
        },
        {
            "time": "29.05.2021 15:21",
            "open": "3.5005",
            "high": "3.5005",
            "low": "3.5005",
            "close": "3.5002"
        },
        {
            "time": "29.05.2021 15:22",
            "open": "3.5002",
            "high": "3.5002",
            "low": "3.5002",
            "close": "3.4966"
        },
        {
            "time": "29.05.2021 15:25",
            "open": "3.4966",
            "high": "3.4966",
            "low": "3.4966",
            "close": "3.48"
        },
        {
            "time": "29.05.2021 15:28",
            "open": "3.48",
            "high": "3.48",
            "low": "3.48",
            "close": "3.48"
        },
        {
            "time": "29.05.2021 15:29",
            "open": "3.48",
            "high": "3.48",
            "low": "3.48",
            "close": "3.4747"
        },
        {
            "time": "29.05.2021 15:30",
            "open": "3.4747",
            "high": "3.4759",
            "low": "3.4747",
            "close": "3.4765"
        },
        {
            "time": "29.05.2021 15:32",
            "open": "3.4765",
            "high": "3.4765",
            "low": "3.4765",
            "close": "3.4838"
        },
        {
            "time": "29.05.2021 15:35",
            "open": "3.4838",
            "high": "3.4848",
            "low": "3.4801",
            "close": "3.4734"
        },
        {
            "time": "29.05.2021 15:40",
            "open": "3.4734",
            "high": "3.4734",
            "low": "3.4686",
            "close": "3.4693"
        },
        {
            "time": "29.05.2021 15:42",
            "open": "3.4693",
            "high": "3.4693",
            "low": "3.4674",
            "close": "3.4794"
        },
        {
            "time": "29.05.2021 15:45",
            "open": "3.4794",
            "high": "3.4887",
            "low": "3.4794",
            "close": "3.4836"
        },
        {
            "time": "29.05.2021 15:46",
            "open": "3.4836",
            "high": "3.4858",
            "low": "3.4824",
            "close": "3.4906"
        },
        {
            "time": "29.05.2021 15:48",
            "open": "3.4906",
            "high": "3.4971",
            "low": "3.4906",
            "close": "3.4982"
        },
        {
            "time": "29.05.2021 15:56",
            "open": "3.4982",
            "high": "3.4982",
            "low": "3.4981",
            "close": "3.5"
        },
        {
            "time": "29.05.2021 15:57",
            "open": "3.5",
            "high": "3.5034",
            "low": "3.4997",
            "close": "3.5168"
        },
        {
            "time": "29.05.2021 15:58",
            "open": "3.5168",
            "high": "3.517",
            "low": "3.5095",
            "close": "3.5306"
        },
        {
            "time": "29.05.2021 16:16",
            "open": "3.5306",
            "high": "3.5306",
            "low": "3.53",
            "close": "3.5184"
        },
        {
            "time": "29.05.2021 16:20",
            "open": "3.5184",
            "high": "3.5184",
            "low": "3.5184",
            "close": "3.503"
        },
        {
            "time": "29.05.2021 16:30",
            "open": "3.503",
            "high": "3.503",
            "low": "3.5029",
            "close": "3.466"
        },
        {
            "time": "29.05.2021 16:46",
            "open": "3.466",
            "high": "3.466",
            "low": "3.4659",
            "close": "3.4918"
        },
        {
            "time": "29.05.2021 16:53",
            "open": "3.4918",
            "high": "3.4918",
            "low": "3.49",
            "close": "3.4749"
        },
        {
            "time": "29.05.2021 16:59",
            "open": "3.4749",
            "high": "3.4749",
            "low": "3.4621",
            "close": "3.4636"
        },
        {
            "time": "29.05.2021 17:01",
            "open": "3.4636",
            "high": "3.4636",
            "low": "3.4567",
            "close": "3.4451"
        },
        {
            "time": "29.05.2021 17:11",
            "open": "3.4451",
            "high": "3.4462",
            "low": "3.4451",
            "close": "3.42"
        },
        {
            "time": "29.05.2021 17:13",
            "open": "3.42",
            "high": "3.42",
            "low": "3.4165",
            "close": "3.4154"
        },
        {
            "time": "29.05.2021 17:18",
            "open": "3.4154",
            "high": "3.4154",
            "low": "3.412",
            "close": "3.4056"
        },
        {
            "time": "29.05.2021 17:19",
            "open": "3.4056",
            "high": "3.4056",
            "low": "3.4056",
            "close": "3.4056"
        },
        {
            "time": "29.05.2021 17:20",
            "open": "3.4056",
            "high": "3.4056",
            "low": "3.4056",
            "close": "3.4057"
        },
        {
            "time": "29.05.2021 17:25",
            "open": "3.4057",
            "high": "3.4057",
            "low": "3.4057",
            "close": "3.401"
        },
        {
            "time": "29.05.2021 17:26",
            "open": "3.401",
            "high": "3.401",
            "low": "3.4",
            "close": "3.4"
        },
        {
            "time": "29.05.2021 17:27",
            "open": "3.4",
            "high": "3.4",
            "low": "3.4",
            "close": "3.41"
        },
        {
            "time": "29.05.2021 17:29",
            "open": "3.41",
            "high": "3.4171",
            "low": "3.41",
            "close": "3.4091"
        },
        {
            "time": "29.05.2021 17:30",
            "open": "3.4091",
            "high": "3.4091",
            "low": "3.4091",
            "close": "3.4195"
        },
        {
            "time": "29.05.2021 17:32",
            "open": "3.4195",
            "high": "3.4195",
            "low": "3.4195",
            "close": "3.425"
        },
        {
            "time": "29.05.2021 17:41",
            "open": "3.425",
            "high": "3.425",
            "low": "3.425",
            "close": "3.4171"
        },
        {
            "time": "29.05.2021 17:49",
            "open": "3.4171",
            "high": "3.4171",
            "low": "3.4171",
            "close": "3.4166"
        },
        {
            "time": "29.05.2021 17:51",
            "open": "3.4166",
            "high": "3.4166",
            "low": "3.4159",
            "close": "3.4159"
        },
        {
            "time": "29.05.2021 17:53",
            "open": "3.4159",
            "high": "3.4169",
            "low": "3.4079",
            "close": "3.3921"
        },
        {
            "time": "29.05.2021 18:02",
            "open": "3.3921",
            "high": "3.3921",
            "low": "3.39",
            "close": "3.4124"
        },
        {
            "time": "29.05.2021 18:03",
            "open": "3.4124",
            "high": "3.4251",
            "low": "3.4124",
            "close": "3.4266"
        },
        {
            "time": "29.05.2021 18:04",
            "open": "3.4266",
            "high": "3.4321",
            "low": "3.4266",
            "close": "3.42"
        },
        {
            "time": "29.05.2021 18:05",
            "open": "3.42",
            "high": "3.42",
            "low": "3.42",
            "close": "3.4048"
        },
        {
            "time": "29.05.2021 18:07",
            "open": "3.4048",
            "high": "3.4048",
            "low": "3.4045",
            "close": "3.3899"
        },
        {
            "time": "29.05.2021 18:14",
            "open": "3.3899",
            "high": "3.3899",
            "low": "3.3899",
            "close": "3.4033"
        },
        {
            "time": "29.05.2021 18:15",
            "open": "3.4033",
            "high": "3.4033",
            "low": "3.4033",
            "close": "3.4001"
        },
        {
            "time": "29.05.2021 18:17",
            "open": "3.4001",
            "high": "3.4001",
            "low": "3.4001",
            "close": "3.4194"
        },
        {
            "time": "29.05.2021 18:19",
            "open": "3.4194",
            "high": "3.4194",
            "low": "3.4194",
            "close": "3.4171"
        },
        {
            "time": "29.05.2021 18:21",
            "open": "3.4171",
            "high": "3.4192",
            "low": "3.4171",
            "close": "3.4075"
        },
        {
            "time": "29.05.2021 18:25",
            "open": "3.4075",
            "high": "3.4075",
            "low": "3.4052",
            "close": "3.4091"
        },
        {
            "time": "29.05.2021 18:26",
            "open": "3.4091",
            "high": "3.4091",
            "low": "3.4091",
            "close": "3.4351"
        },
        {
            "time": "29.05.2021 18:31",
            "open": "3.4351",
            "high": "3.4351",
            "low": "3.4351",
            "close": "3.4304"
        },
        {
            "time": "29.05.2021 18:33",
            "open": "3.4304",
            "high": "3.4304",
            "low": "3.4304",
            "close": "3.4444"
        },
        {
            "time": "29.05.2021 18:37",
            "open": "3.4444",
            "high": "3.4457",
            "low": "3.4444",
            "close": "3.4451"
        },
        {
            "time": "29.05.2021 18:39",
            "open": "3.4451",
            "high": "3.4561",
            "low": "3.4451",
            "close": "3.4526"
        },
        {
            "time": "29.05.2021 18:40",
            "open": "3.4526",
            "high": "3.4526",
            "low": "3.4418",
            "close": "3.4656"
        },
        {
            "time": "29.05.2021 18:42",
            "open": "3.4656",
            "high": "3.4656",
            "low": "3.4656",
            "close": "3.4673"
        },
        {
            "time": "29.05.2021 18:43",
            "open": "3.4673",
            "high": "3.675",
            "low": "3.4673",
            "close": "3.4876"
        },
        {
            "time": "29.05.2021 18:44",
            "open": "3.4876",
            "high": "3.4876",
            "low": "3.4508",
            "close": "3.4504"
        },
        {
            "time": "29.05.2021 18:45",
            "open": "3.4504",
            "high": "3.4658",
            "low": "3.4342",
            "close": "3.459"
        },
        {
            "time": "29.05.2021 18:46",
            "open": "3.459",
            "high": "3.4612",
            "low": "3.459",
            "close": "3.4787"
        },
        {
            "time": "29.05.2021 18:55",
            "open": "3.4787",
            "high": "3.4787",
            "low": "3.4782",
            "close": "3.477"
        },
        {
            "time": "29.05.2021 18:56",
            "open": "3.477",
            "high": "3.48",
            "low": "3.4758",
            "close": "3.4729"
        },
        {
            "time": "29.05.2021 19:06",
            "open": "3.4729",
            "high": "3.4729",
            "low": "3.4672",
            "close": "3.4729"
        },
        {
            "time": "29.05.2021 19:08",
            "open": "3.4729",
            "high": "3.4729",
            "low": "3.4729",
            "close": "3.4633"
        },
        {
            "time": "29.05.2021 19:12",
            "open": "3.4633",
            "high": "3.4633",
            "low": "3.4615",
            "close": "3.4574"
        },
        {
            "time": "29.05.2021 19:14",
            "open": "3.4574",
            "high": "3.4574",
            "low": "3.4574",
            "close": "3.4509"
        },
        {
            "time": "29.05.2021 19:16",
            "open": "3.4509",
            "high": "3.4509",
            "low": "3.4509",
            "close": "3.4506"
        },
        {
            "time": "29.05.2021 19:17",
            "open": "3.4506",
            "high": "3.4506",
            "low": "3.4497",
            "close": "3.4472"
        },
        {
            "time": "29.05.2021 19:18",
            "open": "3.4472",
            "high": "3.4472",
            "low": "3.4472",
            "close": "3.4201"
        },
        {
            "time": "29.05.2021 19:24",
            "open": "3.4201",
            "high": "3.4201",
            "low": "3.4174",
            "close": "3.4154"
        },
        {
            "time": "29.05.2021 19:25",
            "open": "3.4154",
            "high": "3.4154",
            "low": "3.4154",
            "close": "3.4152"
        },
        {
            "time": "29.05.2021 19:27",
            "open": "3.4152",
            "high": "3.4152",
            "low": "3.4152",
            "close": "3.4145"
        },
        {
            "time": "29.05.2021 19:31",
            "open": "3.4145",
            "high": "3.4145",
            "low": "3.4145",
            "close": "3.4"
        },
        {
            "time": "29.05.2021 19:39",
            "open": "3.4",
            "high": "3.4",
            "low": "3.4",
            "close": "3.4"
        },
        {
            "time": "29.05.2021 19:40",
            "open": "3.4",
            "high": "3.4",
            "low": "3.4",
            "close": "3.392"
        },
        {
            "time": "29.05.2021 19:41",
            "open": "3.392",
            "high": "3.392",
            "low": "3.392",
            "close": "3.381"
        },
        {
            "time": "29.05.2021 19:47",
            "open": "3.381",
            "high": "3.381",
            "low": "3.3808",
            "close": "3.3751"
        },
        {
            "time": "29.05.2021 19:48",
            "open": "3.3751",
            "high": "3.3751",
            "low": "3.3751",
            "close": "3.367"
        },
        {
            "time": "29.05.2021 19:53",
            "open": "3.367",
            "high": "3.367",
            "low": "3.367",
            "close": "3.3542"
        },
        {
            "time": "29.05.2021 19:57",
            "open": "3.3542",
            "high": "3.3542",
            "low": "3.3541",
            "close": "3.3493"
        },
        {
            "time": "29.05.2021 19:58",
            "open": "3.3493",
            "high": "3.3493",
            "low": "3.3493",
            "close": "3.3423"
        },
        {
            "time": "29.05.2021 20:00",
            "open": "3.3423",
            "high": "3.3423",
            "low": "3.3423",
            "close": "3.3465"
        },
        {
            "time": "29.05.2021 20:07",
            "open": "3.3465",
            "high": "3.3465",
            "low": "3.3415",
            "close": "3.3397"
        },
        {
            "time": "29.05.2021 20:08",
            "open": "3.3397",
            "high": "3.3397",
            "low": "3.3397",
            "close": "3.3409"
        },
        {
            "time": "29.05.2021 20:09",
            "open": "3.3409",
            "high": "3.3409",
            "low": "3.3409",
            "close": "3.3354"
        },
        {
            "time": "29.05.2021 20:15",
            "open": "3.3354",
            "high": "3.3354",
            "low": "3.3354",
            "close": "3.3295"
        },
        {
            "time": "29.05.2021 20:16",
            "open": "3.3295",
            "high": "3.3295",
            "low": "3.3263",
            "close": "3.3205"
        },
        {
            "time": "29.05.2021 20:17",
            "open": "3.3205",
            "high": "3.3205",
            "low": "3.3205",
            "close": "3.3155"
        },
        {
            "time": "29.05.2021 20:20",
            "open": "3.3155",
            "high": "3.3193",
            "low": "3.3155",
            "close": "3.324"
        },
        {
            "time": "29.05.2021 20:22",
            "open": "3.324",
            "high": "3.324",
            "low": "3.3156",
            "close": "3.3195"
        },
        {
            "time": "29.05.2021 20:23",
            "open": "3.3195",
            "high": "3.3195",
            "low": "3.3195",
            "close": "3.3198"
        },
        {
            "time": "29.05.2021 20:25",
            "open": "3.3198",
            "high": "3.3198",
            "low": "3.3198",
            "close": "3.3228"
        },
        {
            "time": "29.05.2021 20:26",
            "open": "3.3228",
            "high": "3.3264",
            "low": "3.3228",
            "close": "3.3606"
        },
        {
            "time": "29.05.2021 20:45",
            "open": "3.3606",
            "high": "3.3606",
            "low": "3.3606",
            "close": "3.351"
        },
        {
            "time": "29.05.2021 20:46",
            "open": "3.351",
            "high": "3.351",
            "low": "3.351",
            "close": "3.3597"
        },
        {
            "time": "29.05.2021 21:00",
            "open": "3.3597",
            "high": "3.3598",
            "low": "3.3597",
            "close": "3.351"
        },
        {
            "time": "29.05.2021 21:01",
            "open": "3.351",
            "high": "3.351",
            "low": "3.351",
            "close": "3.3634"
        },
        {
            "time": "29.05.2021 21:07",
            "open": "3.3634",
            "high": "3.3634",
            "low": "3.3634",
            "close": "3.3436"
        },
        {
            "time": "29.05.2021 21:12",
            "open": "3.3436",
            "high": "3.3436",
            "low": "3.3436",
            "close": "3.3348"
        },
        {
            "time": "29.05.2021 21:15",
            "open": "3.3348",
            "high": "3.3348",
            "low": "3.3348",
            "close": "3.3078"
        },
        {
            "time": "29.05.2021 21:23",
            "open": "3.3078",
            "high": "3.3078",
            "low": "3.3078",
            "close": "3.2997"
        },
        {
            "time": "29.05.2021 21:24",
            "open": "3.2997",
            "high": "3.2997",
            "low": "3.2959",
            "close": "3.2959"
        },
        {
            "time": "29.05.2021 21:25",
            "open": "3.2959",
            "high": "3.302",
            "low": "3.2959",
            "close": "3.3018"
        },
        {
            "time": "29.05.2021 21:36",
            "open": "3.3018",
            "high": "3.3018",
            "low": "3.2978",
            "close": "3.2976"
        },
        {
            "time": "29.05.2021 21:37",
            "open": "3.2976",
            "high": "3.2976",
            "low": "3.2959",
            "close": "3.3096"
        },
        {
            "time": "29.05.2021 21:38",
            "open": "3.3096",
            "high": "3.3096",
            "low": "3.3096",
            "close": "3.3055"
        },
        {
            "time": "29.05.2021 21:40",
            "open": "3.3055",
            "high": "3.3055",
            "low": "3.3045",
            "close": "3.319"
        },
        {
            "time": "29.05.2021 21:43",
            "open": "3.319",
            "high": "3.319",
            "low": "3.3168",
            "close": "3.3239"
        },
        {
            "time": "29.05.2021 21:46",
            "open": "3.3239",
            "high": "3.3239",
            "low": "3.3172",
            "close": "3.323"
        },
        {
            "time": "29.05.2021 21:47",
            "open": "3.323",
            "high": "3.323",
            "low": "3.3215",
            "close": "3.3209"
        },
        {
            "time": "29.05.2021 21:48",
            "open": "3.3209",
            "high": "3.3209",
            "low": "3.3209",
            "close": "3.3265"
        },
        {
            "time": "29.05.2021 21:52",
            "open": "3.3265",
            "high": "3.3268",
            "low": "3.325",
            "close": "3.3212"
        },
        {
            "time": "29.05.2021 21:53",
            "open": "3.3212",
            "high": "3.3263",
            "low": "3.3141",
            "close": "3.321"
        },
        {
            "time": "29.05.2021 21:56",
            "open": "3.321",
            "high": "3.321",
            "low": "3.321",
            "close": "3.344"
        },
        {
            "time": "29.05.2021 22:06",
            "open": "3.344",
            "high": "3.344",
            "low": "3.344",
            "close": "3.3342"
        },
        {
            "time": "29.05.2021 22:11",
            "open": "3.3342",
            "high": "3.3351",
            "low": "3.3342",
            "close": "3.3405"
        },
        {
            "time": "29.05.2021 22:12",
            "open": "3.3405",
            "high": "3.3405",
            "low": "3.3405",
            "close": "3.3328"
        },
        {
            "time": "29.05.2021 22:14",
            "open": "3.3328",
            "high": "3.3328",
            "low": "3.3328",
            "close": "3.3331"
        },
        {
            "time": "29.05.2021 22:15",
            "open": "3.3331",
            "high": "3.3331",
            "low": "3.3331",
            "close": "3.306"
        },
        {
            "time": "29.05.2021 22:18",
            "open": "3.306",
            "high": "3.306",
            "low": "3.306",
            "close": "3.3"
        },
        {
            "time": "29.05.2021 22:20",
            "open": "3.3",
            "high": "3.3",
            "low": "3.3",
            "close": "3.2968"
        },
        {
            "time": "29.05.2021 22:21",
            "open": "3.2968",
            "high": "3.2968",
            "low": "3.2968",
            "close": "3.2871"
        },
        {
            "time": "29.05.2021 22:25",
            "open": "3.2871",
            "high": "3.2871",
            "low": "3.2518",
            "close": "3.2552"
        },
        {
            "time": "29.05.2021 22:26",
            "open": "3.2552",
            "high": "3.2552",
            "low": "3.2452",
            "close": "3.246"
        },
        {
            "time": "29.05.2021 22:27",
            "open": "3.246",
            "high": "3.2499",
            "low": "3.2457",
            "close": "3.2457"
        },
        {
            "time": "29.05.2021 22:28",
            "open": "3.2457",
            "high": "3.2505",
            "low": "3.2439",
            "close": "3.2734"
        },
        {
            "time": "29.05.2021 22:31",
            "open": "3.2734",
            "high": "3.2734",
            "low": "3.2734",
            "close": "3.2867"
        },
        {
            "time": "29.05.2021 22:36",
            "open": "3.2867",
            "high": "3.2867",
            "low": "3.283",
            "close": "3.283"
        },
        {
            "time": "29.05.2021 22:37",
            "open": "3.283",
            "high": "3.283",
            "low": "3.283",
            "close": "3.3041"
        },
        {
            "time": "29.05.2021 22:38",
            "open": "3.3041",
            "high": "3.3148",
            "low": "3.3041",
            "close": "3.3147"
        },
        {
            "time": "29.05.2021 22:39",
            "open": "3.3147",
            "high": "3.3147",
            "low": "3.3125",
            "close": "3.3019"
        },
        {
            "time": "29.05.2021 22:46",
            "open": "3.3019",
            "high": "3.3019",
            "low": "3.3018",
            "close": "3.2844"
        },
        {
            "time": "29.05.2021 22:56",
            "open": "3.2844",
            "high": "3.2844",
            "low": "3.2844",
            "close": "3.2872"
        },
        {
            "time": "29.05.2021 22:59",
            "open": "3.2872",
            "high": "3.2909",
            "low": "3.2872",
            "close": "3.3158"
        },
        {
            "time": "29.05.2021 23:20",
            "open": "3.3158",
            "high": "3.3206",
            "low": "3.3158",
            "close": "3.3222"
        },
        {
            "time": "29.05.2021 23:21",
            "open": "3.3222",
            "high": "3.3222",
            "low": "3.3222",
            "close": "3.3158"
        },
        {
            "time": "29.05.2021 23:22",
            "open": "3.3158",
            "high": "3.3158",
            "low": "3.3158",
            "close": "3.3129"
        },
        {
            "time": "29.05.2021 23:28",
            "open": "3.3129",
            "high": "3.314",
            "low": "3.3129",
            "close": "3.3131"
        },
        {
            "time": "29.05.2021 23:29",
            "open": "3.3131",
            "high": "3.3131",
            "low": "3.3079",
            "close": "3.3162"
        },
        {
            "time": "29.05.2021 23:39",
            "open": "3.3162",
            "high": "3.319",
            "low": "3.3162",
            "close": "3.3254"
        },
        {
            "time": "29.05.2021 23:41",
            "open": "3.3254",
            "high": "3.3254",
            "low": "3.3254",
            "close": "3.3209"
        },
        {
            "time": "29.05.2021 23:42",
            "open": "3.3209",
            "high": "3.3209",
            "low": "3.3209",
            "close": "3.3222"
        },
        {
            "time": "29.05.2021 23:43",
            "open": "3.3222",
            "high": "3.3222",
            "low": "3.3222",
            "close": "3.3228"
        },
        {
            "time": "29.05.2021 23:47",
            "open": "3.3228",
            "high": "3.3228",
            "low": "3.3228",
            "close": "3.3354"
        },
        {
            "time": "29.05.2021 23:49",
            "open": "3.3354",
            "high": "3.3354",
            "low": "3.3354",
            "close": "3.3713"
        },
        {
            "time": "29.05.2021 23:57",
            "open": "3.3713",
            "high": "3.3713",
            "low": "3.3713",
            "close": "3.3731"
        }
    ]
}