{
    "BNT-EUR": [
        {
            "time": "02.06.2021 23:58",
            "open": "3.8645",
            "high": "3.8645",
            "low": "3.8645",
            "close": "3.8728"
        },
        {
            "time": "03.06.2021 00:15",
            "open": "3.8728",
            "high": "3.8729",
            "low": "3.8728",
            "close": "3.841"
        },
        {
            "time": "03.06.2021 00:30",
            "open": "3.841",
            "high": "3.841",
            "low": "3.8375",
            "close": "3.8337"
        },
        {
            "time": "03.06.2021 00:41",
            "open": "3.8337",
            "high": "3.8337",
            "low": "3.8305",
            "close": "3.835"
        },
        {
            "time": "03.06.2021 01:20",
            "open": "3.835",
            "high": "3.835",
            "low": "3.835",
            "close": "3.8485"
        },
        {
            "time": "03.06.2021 01:37",
            "open": "3.8485",
            "high": "3.8485",
            "low": "3.8485",
            "close": "3.8493"
        },
        {
            "time": "03.06.2021 02:08",
            "open": "3.8493",
            "high": "3.8493",
            "low": "3.8493",
            "close": "3.8494"
        },
        {
            "time": "03.06.2021 02:09",
            "open": "3.8494",
            "high": "3.8494",
            "low": "3.8494",
            "close": "3.8238"
        },
        {
            "time": "03.06.2021 02:17",
            "open": "3.8238",
            "high": "3.8238",
            "low": "3.8196",
            "close": "3.8158"
        },
        {
            "time": "03.06.2021 02:18",
            "open": "3.8158",
            "high": "3.8158",
            "low": "3.8158",
            "close": "3.8201"
        },
        {
            "time": "03.06.2021 02:23",
            "open": "3.8201",
            "high": "3.821",
            "low": "3.8201",
            "close": "3.8373"
        },
        {
            "time": "03.06.2021 02:26",
            "open": "3.8373",
            "high": "3.8405",
            "low": "3.8373",
            "close": "3.8511"
        },
        {
            "time": "03.06.2021 02:27",
            "open": "3.8511",
            "high": "3.8511",
            "low": "3.8427",
            "close": "3.8466"
        },
        {
            "time": "03.06.2021 02:36",
            "open": "3.8466",
            "high": "3.8467",
            "low": "3.8402",
            "close": "3.834"
        },
        {
            "time": "03.06.2021 02:56",
            "open": "3.834",
            "high": "3.834",
            "low": "3.834",
            "close": "3.8117"
        },
        {
            "time": "03.06.2021 03:59",
            "open": "3.8117",
            "high": "3.8117",
            "low": "3.8117",
            "close": "3.811"
        },
        {
            "time": "03.06.2021 04:02",
            "open": "3.811",
            "high": "3.811",
            "low": "3.811",
            "close": "3.8202"
        },
        {
            "time": "03.06.2021 04:24",
            "open": "3.8202",
            "high": "3.8202",
            "low": "3.8202",
            "close": "3.8086"
        },
        {
            "time": "03.06.2021 04:34",
            "open": "3.8086",
            "high": "3.8086",
            "low": "3.8086",
            "close": "3.8392"
        },
        {
            "time": "03.06.2021 05:14",
            "open": "3.8392",
            "high": "3.8392",
            "low": "3.8392",
            "close": "3.8652"
        },
        {
            "time": "03.06.2021 06:01",
            "open": "3.8652",
            "high": "3.8652",
            "low": "3.8652",
            "close": "3.875"
        },
        {
            "time": "03.06.2021 06:03",
            "open": "3.875",
            "high": "3.875",
            "low": "3.875",
            "close": "3.8982"
        },
        {
            "time": "03.06.2021 06:22",
            "open": "3.8982",
            "high": "3.9039",
            "low": "3.8982",
            "close": "3.9092"
        },
        {
            "time": "03.06.2021 06:28",
            "open": "3.9092",
            "high": "3.9211",
            "low": "3.9092",
            "close": "3.923"
        },
        {
            "time": "03.06.2021 06:30",
            "open": "3.923",
            "high": "3.923",
            "low": "3.9213",
            "close": "3.9257"
        },
        {
            "time": "03.06.2021 06:34",
            "open": "3.9257",
            "high": "3.9257",
            "low": "3.9257",
            "close": "3.9343"
        },
        {
            "time": "03.06.2021 06:35",
            "open": "3.9343",
            "high": "3.9343",
            "low": "3.9343",
            "close": "3.9283"
        },
        {
            "time": "03.06.2021 06:36",
            "open": "3.9283",
            "high": "3.9283",
            "low": "3.9283",
            "close": "3.9383"
        },
        {
            "time": "03.06.2021 06:39",
            "open": "3.9383",
            "high": "3.9413",
            "low": "3.9353",
            "close": "3.9157"
        },
        {
            "time": "03.06.2021 06:45",
            "open": "3.9157",
            "high": "3.9157",
            "low": "3.9157",
            "close": "3.9241"
        },
        {
            "time": "03.06.2021 07:00",
            "open": "3.9241",
            "high": "3.9475",
            "low": "3.924",
            "close": "3.9451"
        },
        {
            "time": "03.06.2021 07:06",
            "open": "3.9451",
            "high": "3.9459",
            "low": "3.9451",
            "close": "3.946"
        },
        {
            "time": "03.06.2021 07:07",
            "open": "3.946",
            "high": "3.946",
            "low": "3.946",
            "close": "3.9755"
        },
        {
            "time": "03.06.2021 07:47",
            "open": "3.9755",
            "high": "3.9789",
            "low": "3.9755",
            "close": "3.9799"
        },
        {
            "time": "03.06.2021 07:50",
            "open": "3.9799",
            "high": "3.98",
            "low": "3.9799",
            "close": "3.98"
        },
        {
            "time": "03.06.2021 08:02",
            "open": "3.98",
            "high": "3.98",
            "low": "3.98",
            "close": "3.9802"
        },
        {
            "time": "03.06.2021 08:13",
            "open": "3.9802",
            "high": "3.9802",
            "low": "3.9802",
            "close": "3.9861"
        },
        {
            "time": "03.06.2021 08:15",
            "open": "3.9861",
            "high": "3.9861",
            "low": "3.9861",
            "close": "3.982"
        },
        {
            "time": "03.06.2021 08:18",
            "open": "3.982",
            "high": "3.982",
            "low": "3.982",
            "close": "3.9762"
        },
        {
            "time": "03.06.2021 08:22",
            "open": "3.9762",
            "high": "3.9762",
            "low": "3.9762",
            "close": "3.9772"
        },
        {
            "time": "03.06.2021 08:24",
            "open": "3.9772",
            "high": "3.9772",
            "low": "3.9772",
            "close": "3.99"
        },
        {
            "time": "03.06.2021 08:39",
            "open": "3.99",
            "high": "3.9959",
            "low": "3.99",
            "close": "3.9943"
        },
        {
            "time": "03.06.2021 08:40",
            "open": "3.9943",
            "high": "4",
            "low": "3.9943",
            "close": "4"
        },
        {
            "time": "03.06.2021 08:41",
            "open": "4",
            "high": "4.0064",
            "low": "4",
            "close": "4.0043"
        },
        {
            "time": "03.06.2021 08:42",
            "open": "4.0043",
            "high": "4.0043",
            "low": "4.0043",
            "close": "4.0084"
        },
        {
            "time": "03.06.2021 08:46",
            "open": "4.0084",
            "high": "4.0162",
            "low": "4.0084",
            "close": "4.0174"
        },
        {
            "time": "03.06.2021 08:49",
            "open": "4.0174",
            "high": "4.0231",
            "low": "4.0174",
            "close": "4.015"
        },
        {
            "time": "03.06.2021 08:50",
            "open": "4.015",
            "high": "4.015",
            "low": "4.008",
            "close": "4.0071"
        },
        {
            "time": "03.06.2021 08:51",
            "open": "4.0071",
            "high": "4.0071",
            "low": "4.0071",
            "close": "4.0161"
        },
        {
            "time": "03.06.2021 08:56",
            "open": "4.0161",
            "high": "4.0161",
            "low": "4.016",
            "close": "4.0245"
        },
        {
            "time": "03.06.2021 08:58",
            "open": "4.0245",
            "high": "4.0245",
            "low": "4.0245",
            "close": "4.0056"
        },
        {
            "time": "03.06.2021 09:15",
            "open": "4.0056",
            "high": "4.0056",
            "low": "4.0056",
            "close": "3.9915"
        },
        {
            "time": "03.06.2021 09:23",
            "open": "3.9915",
            "high": "3.9915",
            "low": "3.9915",
            "close": "3.9979"
        },
        {
            "time": "03.06.2021 09:24",
            "open": "3.9979",
            "high": "3.9979",
            "low": "3.9979",
            "close": "4.0053"
        },
        {
            "time": "03.06.2021 09:36",
            "open": "4.0053",
            "high": "4.0053",
            "low": "4.0053",
            "close": "3.9993"
        },
        {
            "time": "03.06.2021 10:00",
            "open": "3.9993",
            "high": "3.9993",
            "low": "3.9993",
            "close": "4.0042"
        },
        {
            "time": "03.06.2021 10:10",
            "open": "4.0042",
            "high": "4.0042",
            "low": "4.0042",
            "close": "4.0016"
        },
        {
            "time": "03.06.2021 10:19",
            "open": "4.0016",
            "high": "4.0016",
            "low": "4.0016",
            "close": "4.0146"
        },
        {
            "time": "03.06.2021 10:38",
            "open": "4.0146",
            "high": "4.0165",
            "low": "4.0146",
            "close": "4.0263"
        },
        {
            "time": "03.06.2021 10:57",
            "open": "4.0263",
            "high": "4.0263",
            "low": "4.0176",
            "close": "4.0363"
        },
        {
            "time": "03.06.2021 11:08",
            "open": "4.0363",
            "high": "4.0563",
            "low": "4.0345",
            "close": "4.0406"
        },
        {
            "time": "03.06.2021 11:09",
            "open": "4.0406",
            "high": "4.0406",
            "low": "4.0406",
            "close": "4.056"
        },
        {
            "time": "03.06.2021 11:10",
            "open": "4.056",
            "high": "4.062",
            "low": "4.0499",
            "close": "4.0481"
        },
        {
            "time": "03.06.2021 11:11",
            "open": "4.0481",
            "high": "4.0481",
            "low": "4.0295",
            "close": "4.0331"
        },
        {
            "time": "03.06.2021 11:12",
            "open": "4.0331",
            "high": "4.0331",
            "low": "4.0331",
            "close": "4.0279"
        },
        {
            "time": "03.06.2021 11:21",
            "open": "4.0279",
            "high": "4.0279",
            "low": "4.0279",
            "close": "4.0372"
        },
        {
            "time": "03.06.2021 11:56",
            "open": "4.0372",
            "high": "4.0372",
            "low": "4.0372",
            "close": "4.0333"
        },
        {
            "time": "03.06.2021 11:57",
            "open": "4.0333",
            "high": "4.0333",
            "low": "4.0333",
            "close": "4.0357"
        },
        {
            "time": "03.06.2021 12:03",
            "open": "4.0357",
            "high": "4.0357",
            "low": "4.0357",
            "close": "4.0542"
        },
        {
            "time": "03.06.2021 12:05",
            "open": "4.0542",
            "high": "4.0553",
            "low": "4.0542",
            "close": "4.0641"
        },
        {
            "time": "03.06.2021 12:11",
            "open": "4.0641",
            "high": "4.072",
            "low": "4.0641",
            "close": "4.0739"
        },
        {
            "time": "03.06.2021 12:13",
            "open": "4.0739",
            "high": "4.0748",
            "low": "4.0735",
            "close": "4.0686"
        },
        {
            "time": "03.06.2021 12:14",
            "open": "4.0686",
            "high": "4.0746",
            "low": "4.0669",
            "close": "4.0635"
        },
        {
            "time": "03.06.2021 12:19",
            "open": "4.0635",
            "high": "4.0682",
            "low": "4.0635",
            "close": "4.0752"
        },
        {
            "time": "03.06.2021 12:20",
            "open": "4.0752",
            "high": "4.0752",
            "low": "4.0752",
            "close": "4.0731"
        },
        {
            "time": "03.06.2021 12:21",
            "open": "4.0731",
            "high": "4.0731",
            "low": "4.0614",
            "close": "4.0616"
        },
        {
            "time": "03.06.2021 12:28",
            "open": "4.0616",
            "high": "4.0616",
            "low": "4.0616",
            "close": "4.0678"
        },
        {
            "time": "03.06.2021 12:40",
            "open": "4.0678",
            "high": "4.0678",
            "low": "4.0678",
            "close": "4.061"
        },
        {
            "time": "03.06.2021 12:57",
            "open": "4.061",
            "high": "4.061",
            "low": "4.061",
            "close": "4.055"
        },
        {
            "time": "03.06.2021 13:06",
            "open": "4.055",
            "high": "4.0572",
            "low": "4.0466",
            "close": "4.0268"
        },
        {
            "time": "03.06.2021 13:08",
            "open": "4.0268",
            "high": "4.0268",
            "low": "4.0123",
            "close": "4.0052"
        },
        {
            "time": "03.06.2021 13:14",
            "open": "4.0052",
            "high": "4.0052",
            "low": "4.0052",
            "close": "3.9851"
        },
        {
            "time": "03.06.2021 13:28",
            "open": "3.9851",
            "high": "3.9851",
            "low": "3.9786",
            "close": "3.994"
        },
        {
            "time": "03.06.2021 13:38",
            "open": "3.994",
            "high": "3.994",
            "low": "3.994",
            "close": "3.994"
        },
        {
            "time": "03.06.2021 13:42",
            "open": "3.994",
            "high": "3.994",
            "low": "3.994",
            "close": "3.994"
        },
        {
            "time": "03.06.2021 13:44",
            "open": "3.994",
            "high": "3.994",
            "low": "3.994",
            "close": "3.976"
        },
        {
            "time": "03.06.2021 13:58",
            "open": "3.976",
            "high": "3.976",
            "low": "3.976",
            "close": "3.9725"
        },
        {
            "time": "03.06.2021 14:01",
            "open": "3.9725",
            "high": "3.9725",
            "low": "3.9613",
            "close": "3.9559"
        },
        {
            "time": "03.06.2021 14:03",
            "open": "3.9559",
            "high": "3.9578",
            "low": "3.9559",
            "close": "3.9464"
        },
        {
            "time": "03.06.2021 14:05",
            "open": "3.9464",
            "high": "3.9464",
            "low": "3.9311",
            "close": "3.9396"
        },
        {
            "time": "03.06.2021 14:06",
            "open": "3.9396",
            "high": "3.9404",
            "low": "3.9377",
            "close": "3.952"
        },
        {
            "time": "03.06.2021 14:10",
            "open": "3.952",
            "high": "3.9533",
            "low": "3.952",
            "close": "3.9972"
        },
        {
            "time": "03.06.2021 14:33",
            "open": "3.9972",
            "high": "4.0087",
            "low": "3.9972",
            "close": "4.0316"
        },
        {
            "time": "03.06.2021 15:07",
            "open": "4.0316",
            "high": "4.039",
            "low": "4.0316",
            "close": "4.0409"
        },
        {
            "time": "03.06.2021 15:12",
            "open": "4.0409",
            "high": "4.0409",
            "low": "4.0409",
            "close": "4.0451"
        },
        {
            "time": "03.06.2021 15:13",
            "open": "4.0451",
            "high": "4.0451",
            "low": "4.0451",
            "close": "4.047"
        },
        {
            "time": "03.06.2021 15:14",
            "open": "4.047",
            "high": "4.047",
            "low": "4.047",
            "close": "4.0267"
        },
        {
            "time": "03.06.2021 15:16",
            "open": "4.0267",
            "high": "4.0267",
            "low": "4.0265",
            "close": "4.0143"
        },
        {
            "time": "03.06.2021 15:17",
            "open": "4.0143",
            "high": "4.0167",
            "low": "4.0143",
            "close": "4.0108"
        },
        {
            "time": "03.06.2021 15:26",
            "open": "4.0108",
            "high": "4.0115",
            "low": "4.0108",
            "close": "3.9621"
        },
        {
            "time": "03.06.2021 15:44",
            "open": "3.9621",
            "high": "3.9626",
            "low": "3.9621",
            "close": "3.978"
        },
        {
            "time": "03.06.2021 15:45",
            "open": "3.978",
            "high": "3.978",
            "low": "3.978",
            "close": "3.968"
        },
        {
            "time": "03.06.2021 15:46",
            "open": "3.968",
            "high": "3.9728",
            "low": "3.9621",
            "close": "3.9955"
        },
        {
            "time": "03.06.2021 15:55",
            "open": "3.9955",
            "high": "3.9955",
            "low": "3.9945",
            "close": "3.9999"
        },
        {
            "time": "03.06.2021 15:57",
            "open": "3.9999",
            "high": "4.006",
            "low": "3.9999",
            "close": "4.0023"
        },
        {
            "time": "03.06.2021 15:58",
            "open": "4.0023",
            "high": "4.0025",
            "low": "4.0023",
            "close": "3.9901"
        },
        {
            "time": "03.06.2021 16:01",
            "open": "3.9901",
            "high": "3.9959",
            "low": "3.9895",
            "close": "3.9959"
        },
        {
            "time": "03.06.2021 16:02",
            "open": "3.9959",
            "high": "3.9959",
            "low": "3.9719",
            "close": "3.9766"
        },
        {
            "time": "03.06.2021 16:03",
            "open": "3.9766",
            "high": "3.9812",
            "low": "3.9718",
            "close": "3.9796"
        },
        {
            "time": "03.06.2021 16:11",
            "open": "3.9796",
            "high": "3.9835",
            "low": "3.9796",
            "close": "3.9842"
        },
        {
            "time": "03.06.2021 16:12",
            "open": "3.9842",
            "high": "3.9916",
            "low": "3.9842",
            "close": "3.9897"
        },
        {
            "time": "03.06.2021 16:16",
            "open": "3.9897",
            "high": "3.9983",
            "low": "3.9897",
            "close": "3.9862"
        },
        {
            "time": "03.06.2021 16:17",
            "open": "3.9862",
            "high": "3.9862",
            "low": "3.9837",
            "close": "3.9723"
        },
        {
            "time": "03.06.2021 16:21",
            "open": "3.9723",
            "high": "3.9749",
            "low": "3.9693",
            "close": "3.987"
        },
        {
            "time": "03.06.2021 16:22",
            "open": "3.987",
            "high": "3.987",
            "low": "3.987",
            "close": "3.9689"
        },
        {
            "time": "03.06.2021 16:23",
            "open": "3.9689",
            "high": "3.9738",
            "low": "3.968",
            "close": "3.9666"
        },
        {
            "time": "03.06.2021 16:24",
            "open": "3.9666",
            "high": "3.9666",
            "low": "3.9664",
            "close": "3.9608"
        },
        {
            "time": "03.06.2021 16:28",
            "open": "3.9608",
            "high": "3.9608",
            "low": "3.9598",
            "close": "3.957"
        },
        {
            "time": "03.06.2021 16:29",
            "open": "3.957",
            "high": "3.957",
            "low": "3.9566",
            "close": "3.9721"
        },
        {
            "time": "03.06.2021 16:32",
            "open": "3.9721",
            "high": "3.976",
            "low": "3.9686",
            "close": "3.9672"
        },
        {
            "time": "03.06.2021 16:33",
            "open": "3.9672",
            "high": "3.9726",
            "low": "3.9612",
            "close": "3.9612"
        },
        {
            "time": "03.06.2021 16:34",
            "open": "3.9612",
            "high": "3.9612",
            "low": "3.9593",
            "close": "3.9582"
        },
        {
            "time": "03.06.2021 16:35",
            "open": "3.9582",
            "high": "3.9582",
            "low": "3.9582",
            "close": "3.9583"
        },
        {
            "time": "03.06.2021 16:36",
            "open": "3.9583",
            "high": "3.9583",
            "low": "3.9583",
            "close": "3.9582"
        },
        {
            "time": "03.06.2021 16:37",
            "open": "3.9582",
            "high": "3.9582",
            "low": "3.9582",
            "close": "3.958"
        },
        {
            "time": "03.06.2021 16:38",
            "open": "3.958",
            "high": "3.9584",
            "low": "3.9536",
            "close": "3.9526"
        },
        {
            "time": "03.06.2021 16:39",
            "open": "3.9526",
            "high": "3.9526",
            "low": "3.9504",
            "close": "3.9517"
        },
        {
            "time": "03.06.2021 16:41",
            "open": "3.9517",
            "high": "3.9517",
            "low": "3.9517",
            "close": "3.9555"
        },
        {
            "time": "03.06.2021 16:45",
            "open": "3.9555",
            "high": "3.9555",
            "low": "3.9555",
            "close": "3.9495"
        },
        {
            "time": "03.06.2021 16:46",
            "open": "3.9495",
            "high": "3.9495",
            "low": "3.9486",
            "close": "3.9602"
        },
        {
            "time": "03.06.2021 17:00",
            "open": "3.9602",
            "high": "3.9602",
            "low": "3.9602",
            "close": "3.9697"
        },
        {
            "time": "03.06.2021 17:01",
            "open": "3.9697",
            "high": "3.9698",
            "low": "3.9697",
            "close": "3.9846"
        },
        {
            "time": "03.06.2021 17:15",
            "open": "3.9846",
            "high": "3.989",
            "low": "3.9795",
            "close": "3.9804"
        },
        {
            "time": "03.06.2021 17:16",
            "open": "3.9804",
            "high": "3.9804",
            "low": "3.9705",
            "close": "3.9751"
        },
        {
            "time": "03.06.2021 17:17",
            "open": "3.9763",
            "high": "3.9763",
            "low": "3.9763",
            "close": "3.9825"
        },
        {
            "time": "03.06.2021 17:50",
            "open": "3.9825",
            "high": "3.9825",
            "low": "3.9825",
            "close": "3.9784"
        },
        {
            "time": "03.06.2021 17:56",
            "open": "3.9784",
            "high": "3.9784",
            "low": "3.9784",
            "close": "3.9863"
        },
        {
            "time": "03.06.2021 18:28",
            "open": "3.9863",
            "high": "3.9863",
            "low": "3.9863",
            "close": "4.0171"
        },
        {
            "time": "03.06.2021 18:39",
            "open": "4.0171",
            "high": "4.0171",
            "low": "4.0171",
            "close": "4.0174"
        },
        {
            "time": "03.06.2021 18:47",
            "open": "4.0174",
            "high": "4.0174",
            "low": "4.0174",
            "close": "4.0215"
        },
        {
            "time": "03.06.2021 18:53",
            "open": "4.0215",
            "high": "4.0215",
            "low": "4.0188",
            "close": "4.0252"
        },
        {
            "time": "03.06.2021 19:07",
            "open": "4.0252",
            "high": "4.0252",
            "low": "4.0252",
            "close": "4.0386"
        },
        {
            "time": "03.06.2021 19:53",
            "open": "4.0386",
            "high": "4.0394",
            "low": "4.0386",
            "close": "4.0254"
        },
        {
            "time": "03.06.2021 20:01",
            "open": "4.0254",
            "high": "4.0254",
            "low": "4.0253",
            "close": "4.0391"
        },
        {
            "time": "03.06.2021 20:11",
            "open": "4.0391",
            "high": "4.0394",
            "low": "4.0391",
            "close": "4.0323"
        },
        {
            "time": "03.06.2021 20:18",
            "open": "4.0323",
            "high": "4.0323",
            "low": "4.0323",
            "close": "4.032"
        },
        {
            "time": "03.06.2021 20:21",
            "open": "4.032",
            "high": "4.032",
            "low": "4.0318",
            "close": "4.0247"
        },
        {
            "time": "03.06.2021 20:22",
            "open": "4.0247",
            "high": "4.0247",
            "low": "4.0247",
            "close": "4.0209"
        },
        {
            "time": "03.06.2021 20:30",
            "open": "4.0209",
            "high": "4.0209",
            "low": "4.0209",
            "close": "4.0045"
        },
        {
            "time": "03.06.2021 20:46",
            "open": "4.0045",
            "high": "4.0097",
            "low": "4.0026",
            "close": "4.0027"
        },
        {
            "time": "03.06.2021 20:47",
            "open": "4.0027",
            "high": "4.0027",
            "low": "4.0024",
            "close": "4.009"
        },
        {
            "time": "03.06.2021 20:48",
            "open": "4.009",
            "high": "4.009",
            "low": "4.0087",
            "close": "4.0097"
        },
        {
            "time": "03.06.2021 20:51",
            "open": "4.0097",
            "high": "4.0101",
            "low": "4.0097",
            "close": "3.9963"
        },
        {
            "time": "03.06.2021 20:57",
            "open": "3.9963",
            "high": "3.9963",
            "low": "3.9963",
            "close": "3.9878"
        },
        {
            "time": "03.06.2021 20:59",
            "open": "3.9878",
            "high": "3.9878",
            "low": "3.9878",
            "close": "3.9802"
        },
        {
            "time": "03.06.2021 21:05",
            "open": "3.9802",
            "high": "3.9802",
            "low": "3.9802",
            "close": "3.9792"
        },
        {
            "time": "03.06.2021 21:08",
            "open": "3.9792",
            "high": "3.9792",
            "low": "3.9792",
            "close": "3.9776"
        },
        {
            "time": "03.06.2021 21:27",
            "open": "3.9776",
            "high": "3.9776",
            "low": "3.9776",
            "close": "3.9868"
        },
        {
            "time": "03.06.2021 22:12",
            "open": "3.9868",
            "high": "3.9868",
            "low": "3.9868",
            "close": "4.0407"
        },
        {
            "time": "03.06.2021 22:27",
            "open": "4.0407",
            "high": "4.0456",
            "low": "4.0407",
            "close": "3.9866"
        },
        {
            "time": "03.06.2021 22:28",
            "open": "3.9866",
            "high": "3.9912",
            "low": "3.9866",
            "close": "4.005"
        },
        {
            "time": "03.06.2021 22:29",
            "open": "4.005",
            "high": "4.0071",
            "low": "4.005",
            "close": "4.0108"
        },
        {
            "time": "03.06.2021 22:30",
            "open": "4.0108",
            "high": "4.0108",
            "low": "4.0108",
            "close": "4.0109"
        },
        {
            "time": "03.06.2021 22:31",
            "open": "4.0092",
            "high": "4.0092",
            "low": "4.0092",
            "close": "3.9987"
        },
        {
            "time": "03.06.2021 22:39",
            "open": "3.9987",
            "high": "3.9987",
            "low": "3.9969",
            "close": "4.0016"
        },
        {
            "time": "03.06.2021 22:42",
            "open": "4.0016",
            "high": "4.049",
            "low": "4.0016",
            "close": "4.0333"
        },
        {
            "time": "03.06.2021 22:43",
            "open": "4.0333",
            "high": "4.0338",
            "low": "4.028",
            "close": "4.0231"
        },
        {
            "time": "03.06.2021 22:45",
            "open": "4.0231",
            "high": "4.0231",
            "low": "4.0231",
            "close": "4.0205"
        },
        {
            "time": "03.06.2021 22:47",
            "open": "4.0205",
            "high": "4.0206",
            "low": "4.0205",
            "close": "4.0236"
        },
        {
            "time": "03.06.2021 22:48",
            "open": "4.0236",
            "high": "4.0236",
            "low": "4.0236",
            "close": "4.0272"
        },
        {
            "time": "03.06.2021 22:49",
            "open": "4.0272",
            "high": "4.0272",
            "low": "4.0272",
            "close": "4.0251"
        },
        {
            "time": "03.06.2021 22:50",
            "open": "4.0251",
            "high": "4.0251",
            "low": "4.0251",
            "close": "4.0276"
        },
        {
            "time": "03.06.2021 22:51",
            "open": "4.0276",
            "high": "4.0309",
            "low": "4.0276",
            "close": "4.0228"
        },
        {
            "time": "03.06.2021 22:52",
            "open": "4.0228",
            "high": "4.0228",
            "low": "4.0228",
            "close": "4.0317"
        },
        {
            "time": "03.06.2021 22:53",
            "open": "4.0317",
            "high": "4.0339",
            "low": "4.0317",
            "close": "4.0304"
        },
        {
            "time": "03.06.2021 22:56",
            "open": "4.0304",
            "high": "4.0304",
            "low": "4.0082",
            "close": "4.0151"
        },
        {
            "time": "03.06.2021 22:57",
            "open": "4.0151",
            "high": "4.0151",
            "low": "4.0146",
            "close": "4.0142"
        },
        {
            "time": "03.06.2021 22:58",
            "open": "4.0142",
            "high": "4.0169",
            "low": "4.0142",
            "close": "4.0174"
        },
        {
            "time": "03.06.2021 22:59",
            "open": "4.0174",
            "high": "4.0174",
            "low": "4.0174",
            "close": "4.0111"
        },
        {
            "time": "03.06.2021 23:00",
            "open": "4.0111",
            "high": "4.0111",
            "low": "4.0111",
            "close": "4.0105"
        },
        {
            "time": "03.06.2021 23:01",
            "open": "4.0105",
            "high": "4.0128",
            "low": "4.0105",
            "close": "4.008"
        },
        {
            "time": "03.06.2021 23:02",
            "open": "4.008",
            "high": "4.008",
            "low": "4.008",
            "close": "4.0309"
        },
        {
            "time": "03.06.2021 23:08",
            "open": "4.0309",
            "high": "4.0309",
            "low": "4.0309",
            "close": "4.0307"
        },
        {
            "time": "03.06.2021 23:14",
            "open": "4.0307",
            "high": "4.0307",
            "low": "4.0293",
            "close": "4.0282"
        },
        {
            "time": "03.06.2021 23:17",
            "open": "4.0282",
            "high": "4.0282",
            "low": "4.0282",
            "close": "4.0264"
        }
    ]
}