{
    "BNT-EUR": [
        {
            "time": "22.04.2021 23:58",
            "open": "5.3637",
            "high": "5.3643",
            "low": "5.3637",
            "close": "5.3643"
        },
        {
            "time": "23.04.2021 00:00",
            "open": "5.3643",
            "high": "5.3643",
            "low": "5.36",
            "close": "5.3371"
        },
        {
            "time": "23.04.2021 00:01",
            "open": "5.3371",
            "high": "5.3371",
            "low": "5.3371",
            "close": "5.3317"
        },
        {
            "time": "23.04.2021 00:02",
            "open": "5.3317",
            "high": "5.3317",
            "low": "5.3317",
            "close": "5.3394"
        },
        {
            "time": "23.04.2021 00:03",
            "open": "5.3394",
            "high": "5.378",
            "low": "5.3381",
            "close": "5.3782"
        },
        {
            "time": "23.04.2021 00:04",
            "open": "5.3782",
            "high": "5.3795",
            "low": "5.3782",
            "close": "5.383"
        },
        {
            "time": "23.04.2021 00:06",
            "open": "5.383",
            "high": "5.383",
            "low": "5.383",
            "close": "5.38"
        },
        {
            "time": "23.04.2021 00:07",
            "open": "5.38",
            "high": "5.38",
            "low": "5.38",
            "close": "5.3826"
        },
        {
            "time": "23.04.2021 00:08",
            "open": "5.3826",
            "high": "5.3933",
            "low": "5.3826",
            "close": "5.4073"
        },
        {
            "time": "23.04.2021 00:09",
            "open": "5.4073",
            "high": "5.4135",
            "low": "5.4073",
            "close": "5.41"
        },
        {
            "time": "23.04.2021 00:11",
            "open": "5.41",
            "high": "5.41",
            "low": "5.4002",
            "close": "5.4098"
        },
        {
            "time": "23.04.2021 00:12",
            "open": "5.4098",
            "high": "5.4145",
            "low": "5.4098",
            "close": "5.4197"
        },
        {
            "time": "23.04.2021 00:13",
            "open": "5.4197",
            "high": "5.4306",
            "low": "5.4197",
            "close": "5.4267"
        },
        {
            "time": "23.04.2021 00:14",
            "open": "5.4267",
            "high": "5.4267",
            "low": "5.4252",
            "close": "5.4056"
        },
        {
            "time": "23.04.2021 00:18",
            "open": "5.4056",
            "high": "5.4056",
            "low": "5.4056",
            "close": "5.3997"
        },
        {
            "time": "23.04.2021 00:20",
            "open": "5.3997",
            "high": "5.3997",
            "low": "5.384",
            "close": "5.3859"
        },
        {
            "time": "23.04.2021 00:21",
            "open": "5.3859",
            "high": "5.386",
            "low": "5.3826",
            "close": "5.3851"
        },
        {
            "time": "23.04.2021 00:22",
            "open": "5.3851",
            "high": "5.3851",
            "low": "5.3851",
            "close": "5.3865"
        },
        {
            "time": "23.04.2021 00:23",
            "open": "5.3865",
            "high": "5.39",
            "low": "5.3865",
            "close": "5.3917"
        },
        {
            "time": "23.04.2021 00:24",
            "open": "5.3917",
            "high": "5.3917",
            "low": "5.3897",
            "close": "5.3704"
        },
        {
            "time": "23.04.2021 00:25",
            "open": "5.3704",
            "high": "5.3831",
            "low": "5.3678",
            "close": "5.3806"
        },
        {
            "time": "23.04.2021 00:26",
            "open": "5.3806",
            "high": "5.3806",
            "low": "5.3806",
            "close": "5.3971"
        },
        {
            "time": "23.04.2021 00:27",
            "open": "5.3971",
            "high": "5.3971",
            "low": "5.3971",
            "close": "5.3862"
        },
        {
            "time": "23.04.2021 00:29",
            "open": "5.3862",
            "high": "5.3918",
            "low": "5.3862",
            "close": "5.382"
        },
        {
            "time": "23.04.2021 00:32",
            "open": "5.382",
            "high": "5.382",
            "low": "5.382",
            "close": "5.3861"
        },
        {
            "time": "23.04.2021 00:34",
            "open": "5.3861",
            "high": "5.3987",
            "low": "5.3861",
            "close": "5.39"
        },
        {
            "time": "23.04.2021 00:35",
            "open": "5.39",
            "high": "5.39",
            "low": "5.38",
            "close": "5.39"
        },
        {
            "time": "23.04.2021 00:36",
            "open": "5.39",
            "high": "5.39",
            "low": "5.39",
            "close": "5.3914"
        },
        {
            "time": "23.04.2021 00:38",
            "open": "5.3914",
            "high": "5.3982",
            "low": "5.3893",
            "close": "5.3889"
        },
        {
            "time": "23.04.2021 00:39",
            "open": "5.3889",
            "high": "5.3889",
            "low": "5.341",
            "close": "5.3714"
        },
        {
            "time": "23.04.2021 00:40",
            "open": "5.3714",
            "high": "5.4023",
            "low": "5.3714",
            "close": "5.35"
        },
        {
            "time": "23.04.2021 00:46",
            "open": "5.35",
            "high": "5.35",
            "low": "5.35",
            "close": "5.3045"
        },
        {
            "time": "23.04.2021 00:54",
            "open": "5.3045",
            "high": "5.3071",
            "low": "5.3045",
            "close": "5.3497"
        },
        {
            "time": "23.04.2021 00:56",
            "open": "5.3497",
            "high": "5.3497",
            "low": "5.3497",
            "close": "5.3603"
        },
        {
            "time": "23.04.2021 00:58",
            "open": "5.3603",
            "high": "5.3603",
            "low": "5.3603",
            "close": "5.36"
        },
        {
            "time": "23.04.2021 01:02",
            "open": "5.36",
            "high": "5.36",
            "low": "5.36",
            "close": "5.3903"
        },
        {
            "time": "23.04.2021 01:06",
            "open": "5.3903",
            "high": "5.414",
            "low": "5.3903",
            "close": "5.4016"
        },
        {
            "time": "23.04.2021 01:07",
            "open": "5.4016",
            "high": "5.4016",
            "low": "5.4016",
            "close": "5.4075"
        },
        {
            "time": "23.04.2021 01:12",
            "open": "5.4075",
            "high": "5.4075",
            "low": "5.4075",
            "close": "5.4015"
        },
        {
            "time": "23.04.2021 01:16",
            "open": "5.4015",
            "high": "5.4015",
            "low": "5.4015",
            "close": "5.3927"
        },
        {
            "time": "23.04.2021 01:18",
            "open": "5.3927",
            "high": "5.3974",
            "low": "5.3872",
            "close": "5.4196"
        },
        {
            "time": "23.04.2021 01:20",
            "open": "5.4196",
            "high": "5.4196",
            "low": "5.4142",
            "close": "5.3864"
        },
        {
            "time": "23.04.2021 01:23",
            "open": "5.3864",
            "high": "5.4026",
            "low": "5.3864",
            "close": "5.3837"
        },
        {
            "time": "23.04.2021 01:25",
            "open": "5.3837",
            "high": "5.3837",
            "low": "5.3837",
            "close": "5.387"
        },
        {
            "time": "23.04.2021 01:26",
            "open": "5.387",
            "high": "5.387",
            "low": "5.3831",
            "close": "5.3638"
        },
        {
            "time": "23.04.2021 01:31",
            "open": "5.3638",
            "high": "5.3638",
            "low": "5.3638",
            "close": "5.3535"
        },
        {
            "time": "23.04.2021 01:35",
            "open": "5.3535",
            "high": "5.3763",
            "low": "5.3535",
            "close": "5.3633"
        },
        {
            "time": "23.04.2021 01:36",
            "open": "5.3633",
            "high": "5.3633",
            "low": "5.3633",
            "close": "5.3667"
        },
        {
            "time": "23.04.2021 01:45",
            "open": "5.3667",
            "high": "5.3667",
            "low": "5.3587",
            "close": "5.333"
        },
        {
            "time": "23.04.2021 01:49",
            "open": "5.333",
            "high": "5.333",
            "low": "5.333",
            "close": "5.3191"
        },
        {
            "time": "23.04.2021 01:53",
            "open": "5.3191",
            "high": "5.3389",
            "low": "5.3191",
            "close": "5.3313"
        },
        {
            "time": "23.04.2021 01:55",
            "open": "5.3308",
            "high": "5.3308",
            "low": "5.3308",
            "close": "5.332"
        },
        {
            "time": "23.04.2021 01:57",
            "open": "5.332",
            "high": "5.332",
            "low": "5.332",
            "close": "5.318"
        },
        {
            "time": "23.04.2021 02:01",
            "open": "5.318",
            "high": "5.318",
            "low": "5.318",
            "close": "5.295"
        },
        {
            "time": "23.04.2021 02:03",
            "open": "5.295",
            "high": "5.295",
            "low": "5.295",
            "close": "5.2663"
        },
        {
            "time": "23.04.2021 02:05",
            "open": "5.2663",
            "high": "5.2663",
            "low": "5.2663",
            "close": "5.2821"
        },
        {
            "time": "23.04.2021 02:06",
            "open": "5.2821",
            "high": "5.2843",
            "low": "5.2821",
            "close": "5.2809"
        },
        {
            "time": "23.04.2021 02:07",
            "open": "5.2809",
            "high": "5.2809",
            "low": "5.2809",
            "close": "5.3267"
        },
        {
            "time": "23.04.2021 02:09",
            "open": "5.3267",
            "high": "5.3267",
            "low": "5.3267",
            "close": "5.3491"
        },
        {
            "time": "23.04.2021 02:11",
            "open": "5.3491",
            "high": "5.3527",
            "low": "5.3491",
            "close": "5.3527"
        },
        {
            "time": "23.04.2021 02:15",
            "open": "5.3527",
            "high": "5.3527",
            "low": "5.3527",
            "close": "5.3747"
        },
        {
            "time": "23.04.2021 02:19",
            "open": "5.3747",
            "high": "5.3747",
            "low": "5.3747",
            "close": "5.4116"
        },
        {
            "time": "23.04.2021 02:30",
            "open": "5.4116",
            "high": "5.4116",
            "low": "5.4011",
            "close": "5.345"
        },
        {
            "time": "23.04.2021 02:37",
            "open": "5.345",
            "high": "5.345",
            "low": "5.345",
            "close": "5.3412"
        },
        {
            "time": "23.04.2021 02:39",
            "open": "5.3412",
            "high": "5.3412",
            "low": "5.3412",
            "close": "5.3224"
        },
        {
            "time": "23.04.2021 02:40",
            "open": "5.3224",
            "high": "5.3224",
            "low": "5.3224",
            "close": "5.3329"
        },
        {
            "time": "23.04.2021 02:43",
            "open": "5.3329",
            "high": "5.3329",
            "low": "5.3329",
            "close": "5.345"
        },
        {
            "time": "23.04.2021 02:46",
            "open": "5.345",
            "high": "5.345",
            "low": "5.345",
            "close": "5.3162"
        },
        {
            "time": "23.04.2021 02:51",
            "open": "5.3162",
            "high": "5.3162",
            "low": "5.3162",
            "close": "5.2817"
        },
        {
            "time": "23.04.2021 02:53",
            "open": "5.2817",
            "high": "5.2817",
            "low": "5.2817",
            "close": "5.2745"
        },
        {
            "time": "23.04.2021 02:57",
            "open": "5.2745",
            "high": "5.2745",
            "low": "5.2534",
            "close": "5.2982"
        },
        {
            "time": "23.04.2021 02:59",
            "open": "5.2982",
            "high": "5.2982",
            "low": "5.2982",
            "close": "5.2788"
        },
        {
            "time": "23.04.2021 03:02",
            "open": "5.2788",
            "high": "5.2788",
            "low": "5.2749",
            "close": "5.2728"
        },
        {
            "time": "23.04.2021 03:03",
            "open": "5.2728",
            "high": "5.2728",
            "low": "5.2728",
            "close": "5.3043"
        },
        {
            "time": "23.04.2021 03:05",
            "open": "5.3043",
            "high": "5.3043",
            "low": "5.3004",
            "close": "5.2899"
        },
        {
            "time": "23.04.2021 03:06",
            "open": "5.2899",
            "high": "5.2899",
            "low": "5.2812",
            "close": "5.2967"
        },
        {
            "time": "23.04.2021 03:07",
            "open": "5.2967",
            "high": "5.2967",
            "low": "5.2967",
            "close": "5.2637"
        },
        {
            "time": "23.04.2021 03:08",
            "open": "5.2637",
            "high": "5.2775",
            "low": "5.2595",
            "close": "5.2616"
        },
        {
            "time": "23.04.2021 03:09",
            "open": "5.2616",
            "high": "5.2616",
            "low": "5.2616",
            "close": "5.2842"
        },
        {
            "time": "23.04.2021 03:10",
            "open": "5.2842",
            "high": "5.2842",
            "low": "5.2745",
            "close": "5.2674"
        },
        {
            "time": "23.04.2021 03:11",
            "open": "5.2674",
            "high": "5.2674",
            "low": "5.2624",
            "close": "5.2333"
        },
        {
            "time": "23.04.2021 03:13",
            "open": "5.2333",
            "high": "5.2355",
            "low": "5.2333",
            "close": "5.2352"
        },
        {
            "time": "23.04.2021 03:15",
            "open": "5.2352",
            "high": "5.2352",
            "low": "5.2352",
            "close": "5.2014"
        },
        {
            "time": "23.04.2021 03:17",
            "open": "5.2014",
            "high": "5.2014",
            "low": "5.2",
            "close": "5.1968"
        },
        {
            "time": "23.04.2021 03:18",
            "open": "5.1968",
            "high": "5.205",
            "low": "5.1965",
            "close": "5.1872"
        },
        {
            "time": "23.04.2021 03:19",
            "open": "5.1872",
            "high": "5.1872",
            "low": "5.1872",
            "close": "5.2181"
        },
        {
            "time": "23.04.2021 03:21",
            "open": "5.2181",
            "high": "5.2181",
            "low": "5.2181",
            "close": "5.2065"
        },
        {
            "time": "23.04.2021 03:22",
            "open": "5.2065",
            "high": "5.2065",
            "low": "5.2002",
            "close": "5.1765"
        },
        {
            "time": "23.04.2021 03:23",
            "open": "5.1765",
            "high": "5.1765",
            "low": "5.1765",
            "close": "5.1701"
        },
        {
            "time": "23.04.2021 03:24",
            "open": "5.1701",
            "high": "5.1701",
            "low": "5.1556",
            "close": "5.1562"
        },
        {
            "time": "23.04.2021 03:25",
            "open": "5.1562",
            "high": "5.1808",
            "low": "5.1522",
            "close": "5.1877"
        },
        {
            "time": "23.04.2021 03:26",
            "open": "5.1877",
            "high": "5.1919",
            "low": "5.1877",
            "close": "5.2012"
        },
        {
            "time": "23.04.2021 03:27",
            "open": "5.2012",
            "high": "5.2132",
            "low": "5.2011",
            "close": "5.2386"
        },
        {
            "time": "23.04.2021 03:29",
            "open": "5.2386",
            "high": "5.2386",
            "low": "5.2357",
            "close": "5.2329"
        },
        {
            "time": "23.04.2021 03:30",
            "open": "5.2329",
            "high": "5.2329",
            "low": "5.2329",
            "close": "5.2218"
        },
        {
            "time": "23.04.2021 03:31",
            "open": "5.2218",
            "high": "5.2218",
            "low": "5.2142",
            "close": "5.216"
        },
        {
            "time": "23.04.2021 03:32",
            "open": "5.216",
            "high": "5.2193",
            "low": "5.216",
            "close": "5.1936"
        },
        {
            "time": "23.04.2021 03:36",
            "open": "5.1936",
            "high": "5.1936",
            "low": "5.1913",
            "close": "5.1844"
        },
        {
            "time": "23.04.2021 03:37",
            "open": "5.1844",
            "high": "5.1844",
            "low": "5.1806",
            "close": "5.1716"
        },
        {
            "time": "23.04.2021 03:38",
            "open": "5.1716",
            "high": "5.1716",
            "low": "5.1716",
            "close": "5.1611"
        },
        {
            "time": "23.04.2021 03:40",
            "open": "5.1611",
            "high": "5.1611",
            "low": "5.1417",
            "close": "5.1379"
        },
        {
            "time": "23.04.2021 03:41",
            "open": "5.1379",
            "high": "5.1379",
            "low": "5.1379",
            "close": "5.1402"
        },
        {
            "time": "23.04.2021 03:42",
            "open": "5.1402",
            "high": "5.1422",
            "low": "5.1402",
            "close": "5.1421"
        },
        {
            "time": "23.04.2021 03:44",
            "open": "5.1421",
            "high": "5.1421",
            "low": "5.1421",
            "close": "5.1356"
        },
        {
            "time": "23.04.2021 03:45",
            "open": "5.1356",
            "high": "5.1356",
            "low": "5.1356",
            "close": "5.1408"
        },
        {
            "time": "23.04.2021 03:46",
            "open": "5.1408",
            "high": "5.1559",
            "low": "5.1398",
            "close": "5.1571"
        },
        {
            "time": "23.04.2021 03:47",
            "open": "5.1571",
            "high": "5.1571",
            "low": "5.125",
            "close": "5.1026"
        },
        {
            "time": "23.04.2021 03:48",
            "open": "5.1026",
            "high": "5.1026",
            "low": "5.1026",
            "close": "5.1"
        },
        {
            "time": "23.04.2021 03:49",
            "open": "5.1",
            "high": "5.1",
            "low": "5.0618",
            "close": "5.0732"
        },
        {
            "time": "23.04.2021 03:50",
            "open": "5.0732",
            "high": "5.0782",
            "low": "5.0549",
            "close": "5.04"
        },
        {
            "time": "23.04.2021 03:51",
            "open": "5.04",
            "high": "5.0798",
            "low": "5.0324",
            "close": "5.0949"
        },
        {
            "time": "23.04.2021 03:52",
            "open": "5.0949",
            "high": "5.0978",
            "low": "5.0736",
            "close": "5.0851"
        },
        {
            "time": "23.04.2021 03:53",
            "open": "5.0851",
            "high": "5.0969",
            "low": "5.0851",
            "close": "5.1075"
        },
        {
            "time": "23.04.2021 03:54",
            "open": "5.1075",
            "high": "5.1484",
            "low": "5.1075",
            "close": "5.1298"
        },
        {
            "time": "23.04.2021 03:55",
            "open": "5.1298",
            "high": "5.151",
            "low": "5.1297",
            "close": "5.1614"
        },
        {
            "time": "23.04.2021 03:56",
            "open": "5.1614",
            "high": "5.1614",
            "low": "5.1614",
            "close": "5.1249"
        },
        {
            "time": "23.04.2021 03:57",
            "open": "5.1249",
            "high": "5.125",
            "low": "5.1249",
            "close": "5.135"
        },
        {
            "time": "23.04.2021 03:58",
            "open": "5.135",
            "high": "5.1622",
            "low": "5.135",
            "close": "5.1197"
        },
        {
            "time": "23.04.2021 03:59",
            "open": "5.1197",
            "high": "5.1274",
            "low": "5.1196",
            "close": "5.1056"
        },
        {
            "time": "23.04.2021 04:00",
            "open": "5.1056",
            "high": "5.107",
            "low": "5.1056",
            "close": "5.132"
        },
        {
            "time": "23.04.2021 04:01",
            "open": "5.132",
            "high": "5.132",
            "low": "5.132",
            "close": "5.132"
        },
        {
            "time": "23.04.2021 04:05",
            "open": "5.132",
            "high": "5.132",
            "low": "5.132",
            "close": "5.0918"
        },
        {
            "time": "23.04.2021 04:07",
            "open": "5.0918",
            "high": "5.0918",
            "low": "5.0918",
            "close": "5.1026"
        },
        {
            "time": "23.04.2021 04:08",
            "open": "5.1026",
            "high": "5.1026",
            "low": "5.1026",
            "close": "5.0681"
        },
        {
            "time": "23.04.2021 04:09",
            "open": "5.0743",
            "high": "5.0743",
            "low": "5.0743",
            "close": "5.068"
        },
        {
            "time": "23.04.2021 04:10",
            "open": "5.068",
            "high": "5.068",
            "low": "5.0437",
            "close": "5.0207"
        },
        {
            "time": "23.04.2021 04:11",
            "open": "5.0207",
            "high": "5.0207",
            "low": "5.0173",
            "close": "5.0173"
        },
        {
            "time": "23.04.2021 04:12",
            "open": "5.0173",
            "high": "5.029",
            "low": "5.0027",
            "close": "5.0408"
        },
        {
            "time": "23.04.2021 04:13",
            "open": "5.0408",
            "high": "5.0408",
            "low": "5.0404",
            "close": "5.0106"
        },
        {
            "time": "23.04.2021 04:14",
            "open": "5.0106",
            "high": "5.0106",
            "low": "4.9901",
            "close": "4.9901"
        },
        {
            "time": "23.04.2021 04:15",
            "open": "4.9901",
            "high": "5.0174",
            "low": "4.9869",
            "close": "4.9838"
        },
        {
            "time": "23.04.2021 04:16",
            "open": "4.9838",
            "high": "5.0246",
            "low": "4.9752",
            "close": "5.0044"
        },
        {
            "time": "23.04.2021 04:17",
            "open": "5.0044",
            "high": "5.0044",
            "low": "4.9809",
            "close": "4.9817"
        },
        {
            "time": "23.04.2021 04:18",
            "open": "4.9817",
            "high": "4.9817",
            "low": "4.9245",
            "close": "4.9077"
        },
        {
            "time": "23.04.2021 04:19",
            "open": "4.9077",
            "high": "4.9427",
            "low": "4.9077",
            "close": "4.9137"
        },
        {
            "time": "23.04.2021 04:20",
            "open": "4.9137",
            "high": "4.9137",
            "low": "4.9137",
            "close": "4.9025"
        },
        {
            "time": "23.04.2021 04:21",
            "open": "4.9025",
            "high": "4.9025",
            "low": "4.858",
            "close": "4.8882"
        },
        {
            "time": "23.04.2021 04:22",
            "open": "4.8882",
            "high": "4.8907",
            "low": "4.8",
            "close": "4.8174"
        },
        {
            "time": "23.04.2021 04:23",
            "open": "4.8174",
            "high": "4.818",
            "low": "4.8167",
            "close": "4.8121"
        },
        {
            "time": "23.04.2021 04:24",
            "open": "4.8121",
            "high": "4.8121",
            "low": "4.81",
            "close": "4.8067"
        },
        {
            "time": "23.04.2021 04:25",
            "open": "4.8067",
            "high": "4.8117",
            "low": "4.75",
            "close": "4.7288"
        },
        {
            "time": "23.04.2021 04:26",
            "open": "4.7288",
            "high": "4.7856",
            "low": "4.7134",
            "close": "4.8025"
        },
        {
            "time": "23.04.2021 04:27",
            "open": "4.8025",
            "high": "4.8396",
            "low": "4.8001",
            "close": "4.839"
        },
        {
            "time": "23.04.2021 04:28",
            "open": "4.839",
            "high": "4.8521",
            "low": "4.839",
            "close": "4.8521"
        },
        {
            "time": "23.04.2021 04:29",
            "open": "4.8521",
            "high": "4.8746",
            "low": "4.8501",
            "close": "4.8769"
        },
        {
            "time": "23.04.2021 04:30",
            "open": "4.8769",
            "high": "4.8837",
            "low": "4.8768",
            "close": "4.8726"
        },
        {
            "time": "23.04.2021 04:31",
            "open": "4.8726",
            "high": "4.8726",
            "low": "4.8713",
            "close": "4.8634"
        },
        {
            "time": "23.04.2021 04:32",
            "open": "4.8634",
            "high": "4.8634",
            "low": "4.8629",
            "close": "4.8579"
        },
        {
            "time": "23.04.2021 04:33",
            "open": "4.8579",
            "high": "4.8579",
            "low": "4.821",
            "close": "4.82"
        },
        {
            "time": "23.04.2021 04:34",
            "open": "4.82",
            "high": "4.8431",
            "low": "4.8132",
            "close": "4.8564"
        },
        {
            "time": "23.04.2021 04:35",
            "open": "4.8564",
            "high": "4.8566",
            "low": "4.8564",
            "close": "4.8474"
        },
        {
            "time": "23.04.2021 04:36",
            "open": "4.8474",
            "high": "4.8506",
            "low": "4.8389",
            "close": "4.8475"
        },
        {
            "time": "23.04.2021 04:37",
            "open": "4.8475",
            "high": "4.8475",
            "low": "4.8329",
            "close": "4.8004"
        },
        {
            "time": "23.04.2021 04:38",
            "open": "4.8004",
            "high": "4.8484",
            "low": "4.8004",
            "close": "4.8714"
        },
        {
            "time": "23.04.2021 04:39",
            "open": "4.8714",
            "high": "4.8831",
            "low": "4.8714",
            "close": "4.8913"
        },
        {
            "time": "23.04.2021 04:40",
            "open": "4.8913",
            "high": "4.8913",
            "low": "4.8686",
            "close": "4.8949"
        },
        {
            "time": "23.04.2021 04:41",
            "open": "4.8949",
            "high": "4.8973",
            "low": "4.8725",
            "close": "4.8752"
        },
        {
            "time": "23.04.2021 04:42",
            "open": "4.8752",
            "high": "4.8793",
            "low": "4.8698",
            "close": "4.8698"
        },
        {
            "time": "23.04.2021 04:43",
            "open": "4.8698",
            "high": "4.8698",
            "low": "4.8462",
            "close": "4.8336"
        },
        {
            "time": "23.04.2021 04:44",
            "open": "4.8336",
            "high": "4.8429",
            "low": "4.8277",
            "close": "4.8329"
        },
        {
            "time": "23.04.2021 04:45",
            "open": "4.8329",
            "high": "4.8538",
            "low": "4.8307",
            "close": "4.8823"
        },
        {
            "time": "23.04.2021 04:47",
            "open": "4.8823",
            "high": "4.9019",
            "low": "4.8814",
            "close": "4.8979"
        },
        {
            "time": "23.04.2021 04:48",
            "open": "4.8979",
            "high": "4.8979",
            "low": "4.8976",
            "close": "4.9108"
        },
        {
            "time": "23.04.2021 04:49",
            "open": "4.9108",
            "high": "4.9127",
            "low": "4.9092",
            "close": "4.9196"
        },
        {
            "time": "23.04.2021 04:50",
            "open": "4.9196",
            "high": "4.9245",
            "low": "4.9146",
            "close": "4.9246"
        },
        {
            "time": "23.04.2021 04:51",
            "open": "4.9246",
            "high": "4.9423",
            "low": "4.9246",
            "close": "4.9693"
        },
        {
            "time": "23.04.2021 04:53",
            "open": "4.9693",
            "high": "4.975",
            "low": "4.9546",
            "close": "4.9595"
        },
        {
            "time": "23.04.2021 04:54",
            "open": "4.9595",
            "high": "4.9621",
            "low": "4.9595",
            "close": "4.9612"
        },
        {
            "time": "23.04.2021 04:55",
            "open": "4.9612",
            "high": "4.9612",
            "low": "4.9404",
            "close": "4.9302"
        },
        {
            "time": "23.04.2021 04:56",
            "open": "4.9302",
            "high": "4.9469",
            "low": "4.9302",
            "close": "4.9344"
        },
        {
            "time": "23.04.2021 04:57",
            "open": "4.9344",
            "high": "4.9344",
            "low": "4.9321",
            "close": "4.9334"
        },
        {
            "time": "23.04.2021 04:58",
            "open": "4.9334",
            "high": "4.9334",
            "low": "4.9334",
            "close": "4.9369"
        },
        {
            "time": "23.04.2021 04:59",
            "open": "4.9369",
            "high": "4.9369",
            "low": "4.9369",
            "close": "4.9572"
        },
        {
            "time": "23.04.2021 05:06",
            "open": "4.9572",
            "high": "4.9572",
            "low": "4.9572",
            "close": "4.9561"
        },
        {
            "time": "23.04.2021 05:07",
            "open": "4.9561",
            "high": "4.9561",
            "low": "4.9561",
            "close": "4.9851"
        },
        {
            "time": "23.04.2021 05:09",
            "open": "4.9851",
            "high": "4.9901",
            "low": "4.9851",
            "close": "4.9861"
        },
        {
            "time": "23.04.2021 05:10",
            "open": "4.9861",
            "high": "4.9902",
            "low": "4.9811",
            "close": "4.9711"
        },
        {
            "time": "23.04.2021 05:11",
            "open": "4.9711",
            "high": "4.9711",
            "low": "4.9688",
            "close": "5.0098"
        },
        {
            "time": "23.04.2021 05:12",
            "open": "5.0098",
            "high": "5.0261",
            "low": "5.0098",
            "close": "5.0269"
        },
        {
            "time": "23.04.2021 05:13",
            "open": "5.0269",
            "high": "5.0269",
            "low": "5.0269",
            "close": "5.0134"
        },
        {
            "time": "23.04.2021 05:14",
            "open": "5.0134",
            "high": "5.0172",
            "low": "5.0134",
            "close": "4.9765"
        },
        {
            "time": "23.04.2021 05:16",
            "open": "4.9765",
            "high": "4.9779",
            "low": "4.9765",
            "close": "5.0155"
        },
        {
            "time": "23.04.2021 05:17",
            "open": "5.0155",
            "high": "5.0155",
            "low": "5.012",
            "close": "5.0032"
        },
        {
            "time": "23.04.2021 05:18",
            "open": "5.0032",
            "high": "5.0032",
            "low": "5.0032",
            "close": "4.9989"
        },
        {
            "time": "23.04.2021 05:19",
            "open": "4.9989",
            "high": "4.9989",
            "low": "4.9749",
            "close": "4.974"
        },
        {
            "time": "23.04.2021 05:20",
            "open": "4.974",
            "high": "4.974",
            "low": "4.974",
            "close": "4.9821"
        },
        {
            "time": "23.04.2021 05:21",
            "open": "4.9821",
            "high": "4.9821",
            "low": "4.9821",
            "close": "4.9662"
        },
        {
            "time": "23.04.2021 05:22",
            "open": "4.9662",
            "high": "4.9662",
            "low": "4.9662",
            "close": "4.9869"
        },
        {
            "time": "23.04.2021 05:24",
            "open": "4.9869",
            "high": "4.9869",
            "low": "4.9869",
            "close": "4.992"
        },
        {
            "time": "23.04.2021 05:25",
            "open": "4.992",
            "high": "4.992",
            "low": "4.992",
            "close": "4.9657"
        },
        {
            "time": "23.04.2021 05:26",
            "open": "4.9657",
            "high": "4.9797",
            "low": "4.9657",
            "close": "5.0267"
        },
        {
            "time": "23.04.2021 05:28",
            "open": "5.0267",
            "high": "5.0267",
            "low": "5.0267",
            "close": "5.0142"
        },
        {
            "time": "23.04.2021 05:29",
            "open": "5.0142",
            "high": "5.0142",
            "low": "5.0142",
            "close": "5.0063"
        },
        {
            "time": "23.04.2021 05:30",
            "open": "5.0063",
            "high": "5.0063",
            "low": "4.9932",
            "close": "5.0313"
        },
        {
            "time": "23.04.2021 05:39",
            "open": "5.0313",
            "high": "5.04",
            "low": "5.0313",
            "close": "5.0579"
        },
        {
            "time": "23.04.2021 05:43",
            "open": "5.0579",
            "high": "5.072",
            "low": "5.0579",
            "close": "5.0579"
        },
        {
            "time": "23.04.2021 05:44",
            "open": "5.0579",
            "high": "5.0579",
            "low": "5.0579",
            "close": "5.0454"
        },
        {
            "time": "23.04.2021 05:47",
            "open": "5.0454",
            "high": "5.0454",
            "low": "5.0454",
            "close": "5.0436"
        },
        {
            "time": "23.04.2021 05:48",
            "open": "5.0436",
            "high": "5.0436",
            "low": "5.0419",
            "close": "5.0527"
        },
        {
            "time": "23.04.2021 05:50",
            "open": "5.0527",
            "high": "5.0527",
            "low": "5.0527",
            "close": "5.0627"
        },
        {
            "time": "23.04.2021 05:52",
            "open": "5.0627",
            "high": "5.0627",
            "low": "5.0602",
            "close": "5.0524"
        },
        {
            "time": "23.04.2021 06:01",
            "open": "5.0524",
            "high": "5.0524",
            "low": "5.0524",
            "close": "5.0586"
        },
        {
            "time": "23.04.2021 06:03",
            "open": "5.0586",
            "high": "5.0586",
            "low": "5.0586",
            "close": "5.0481"
        },
        {
            "time": "23.04.2021 06:04",
            "open": "5.0481",
            "high": "5.0481",
            "low": "5.0289",
            "close": "4.9866"
        },
        {
            "time": "23.04.2021 06:08",
            "open": "4.9866",
            "high": "4.9866",
            "low": "4.9866",
            "close": "4.9838"
        },
        {
            "time": "23.04.2021 06:10",
            "open": "4.9838",
            "high": "4.9838",
            "low": "4.9838",
            "close": "4.9596"
        },
        {
            "time": "23.04.2021 06:11",
            "open": "4.9596",
            "high": "4.9643",
            "low": "4.9503",
            "close": "4.9689"
        },
        {
            "time": "23.04.2021 06:12",
            "open": "4.9689",
            "high": "4.9689",
            "low": "4.9524",
            "close": "4.9408"
        },
        {
            "time": "23.04.2021 06:13",
            "open": "4.9408",
            "high": "4.9456",
            "low": "4.9396",
            "close": "4.9546"
        },
        {
            "time": "23.04.2021 06:14",
            "open": "4.9546",
            "high": "4.9546",
            "low": "4.9546",
            "close": "4.9732"
        },
        {
            "time": "23.04.2021 06:15",
            "open": "4.9732",
            "high": "4.9732",
            "low": "4.9714",
            "close": "4.959"
        },
        {
            "time": "23.04.2021 06:16",
            "open": "4.959",
            "high": "4.9596",
            "low": "4.959",
            "close": "4.9765"
        },
        {
            "time": "23.04.2021 06:17",
            "open": "4.9765",
            "high": "4.9765",
            "low": "4.9765",
            "close": "4.9889"
        },
        {
            "time": "23.04.2021 06:19",
            "open": "4.9889",
            "high": "4.989",
            "low": "4.9781",
            "close": "4.9947"
        },
        {
            "time": "23.04.2021 06:20",
            "open": "4.9947",
            "high": "4.9947",
            "low": "4.9679",
            "close": "4.9848"
        },
        {
            "time": "23.04.2021 06:21",
            "open": "4.9848",
            "high": "4.9848",
            "low": "4.9848",
            "close": "5.0176"
        },
        {
            "time": "23.04.2021 06:28",
            "open": "5.0176",
            "high": "5.0274",
            "low": "5.0176",
            "close": "5.0274"
        },
        {
            "time": "23.04.2021 06:29",
            "open": "5.0274",
            "high": "5.0274",
            "low": "5.0274",
            "close": "5.0279"
        },
        {
            "time": "23.04.2021 06:31",
            "open": "5.0279",
            "high": "5.0279",
            "low": "5.0279",
            "close": "5.0345"
        },
        {
            "time": "23.04.2021 06:34",
            "open": "5.0345",
            "high": "5.0345",
            "low": "5.0308",
            "close": "5.03"
        },
        {
            "time": "23.04.2021 06:37",
            "open": "5.03",
            "high": "5.0373",
            "low": "5.03",
            "close": "4.98"
        },
        {
            "time": "23.04.2021 06:39",
            "open": "4.98",
            "high": "4.98",
            "low": "4.98",
            "close": "4.9693"
        },
        {
            "time": "23.04.2021 06:42",
            "open": "4.9693",
            "high": "4.9801",
            "low": "4.965",
            "close": "4.965"
        },
        {
            "time": "23.04.2021 06:43",
            "open": "4.965",
            "high": "4.9736",
            "low": "4.9605",
            "close": "4.9906"
        },
        {
            "time": "23.04.2021 06:46",
            "open": "4.9906",
            "high": "4.9906",
            "low": "4.9906",
            "close": "4.9763"
        },
        {
            "time": "23.04.2021 06:47",
            "open": "4.9763",
            "high": "4.9872",
            "low": "4.9752",
            "close": "4.9958"
        },
        {
            "time": "23.04.2021 06:48",
            "open": "4.9958",
            "high": "4.9958",
            "low": "4.9958",
            "close": "4.9781"
        },
        {
            "time": "23.04.2021 06:49",
            "open": "4.9781",
            "high": "4.9781",
            "low": "4.9781",
            "close": "4.9683"
        },
        {
            "time": "23.04.2021 06:50",
            "open": "4.9683",
            "high": "4.9683",
            "low": "4.9594",
            "close": "4.9698"
        },
        {
            "time": "23.04.2021 06:51",
            "open": "4.9698",
            "high": "4.9698",
            "low": "4.9698",
            "close": "4.9308"
        },
        {
            "time": "23.04.2021 06:54",
            "open": "4.9308",
            "high": "4.9308",
            "low": "4.9308",
            "close": "4.9314"
        },
        {
            "time": "23.04.2021 06:55",
            "open": "4.9314",
            "high": "4.9317",
            "low": "4.9238",
            "close": "4.916"
        },
        {
            "time": "23.04.2021 06:56",
            "open": "4.916",
            "high": "4.916",
            "low": "4.9024",
            "close": "4.9118"
        },
        {
            "time": "23.04.2021 06:57",
            "open": "4.9118",
            "high": "4.9118",
            "low": "4.9",
            "close": "4.9"
        },
        {
            "time": "23.04.2021 06:58",
            "open": "4.9",
            "high": "4.9",
            "low": "4.9",
            "close": "4.8918"
        },
        {
            "time": "23.04.2021 06:59",
            "open": "4.8918",
            "high": "4.8918",
            "low": "4.8918",
            "close": "4.9003"
        },
        {
            "time": "23.04.2021 07:00",
            "open": "4.9003",
            "high": "4.9356",
            "low": "4.9003",
            "close": "4.9574"
        },
        {
            "time": "23.04.2021 07:02",
            "open": "4.9574",
            "high": "4.962",
            "low": "4.9574",
            "close": "4.9241"
        },
        {
            "time": "23.04.2021 07:03",
            "open": "4.9241",
            "high": "4.9241",
            "low": "4.9231",
            "close": "4.9544"
        },
        {
            "time": "23.04.2021 07:04",
            "open": "4.9544",
            "high": "4.957",
            "low": "4.9544",
            "close": "4.9003"
        },
        {
            "time": "23.04.2021 07:07",
            "open": "4.9003",
            "high": "4.9067",
            "low": "4.9003",
            "close": "4.8841"
        },
        {
            "time": "23.04.2021 07:08",
            "open": "4.8841",
            "high": "4.8958",
            "low": "4.8841",
            "close": "4.8617"
        },
        {
            "time": "23.04.2021 07:12",
            "open": "4.8617",
            "high": "4.8802",
            "low": "4.8617",
            "close": "4.8844"
        },
        {
            "time": "23.04.2021 07:13",
            "open": "4.8844",
            "high": "4.906",
            "low": "4.8843",
            "close": "4.8564"
        },
        {
            "time": "23.04.2021 07:14",
            "open": "4.8564",
            "high": "4.8713",
            "low": "4.8495",
            "close": "4.8531"
        },
        {
            "time": "23.04.2021 07:15",
            "open": "4.8531",
            "high": "4.8531",
            "low": "4.8359",
            "close": "4.8271"
        },
        {
            "time": "23.04.2021 07:16",
            "open": "4.8271",
            "high": "4.8313",
            "low": "4.8249",
            "close": "4.8434"
        },
        {
            "time": "23.04.2021 07:17",
            "open": "4.8434",
            "high": "4.8434",
            "low": "4.8354",
            "close": "4.8"
        },
        {
            "time": "23.04.2021 07:18",
            "open": "4.8",
            "high": "4.8",
            "low": "4.7846",
            "close": "4.7886"
        },
        {
            "time": "23.04.2021 07:19",
            "open": "4.7886",
            "high": "4.8",
            "low": "4.7886",
            "close": "4.8"
        },
        {
            "time": "23.04.2021 07:20",
            "open": "4.8",
            "high": "4.8375",
            "low": "4.795",
            "close": "4.8623"
        },
        {
            "time": "23.04.2021 07:21",
            "open": "4.8623",
            "high": "4.8647",
            "low": "4.8594",
            "close": "4.8471"
        },
        {
            "time": "23.04.2021 07:22",
            "open": "4.8471",
            "high": "4.8767",
            "low": "4.8345",
            "close": "4.8612"
        },
        {
            "time": "23.04.2021 07:23",
            "open": "4.8612",
            "high": "4.8612",
            "low": "4.8478",
            "close": "4.8343"
        },
        {
            "time": "23.04.2021 07:24",
            "open": "4.8343",
            "high": "4.843",
            "low": "4.824",
            "close": "4.8529"
        },
        {
            "time": "23.04.2021 07:25",
            "open": "4.8529",
            "high": "4.8561",
            "low": "4.8529",
            "close": "4.8719"
        },
        {
            "time": "23.04.2021 07:26",
            "open": "4.8719",
            "high": "4.8719",
            "low": "4.8719",
            "close": "4.8703"
        },
        {
            "time": "23.04.2021 07:27",
            "open": "4.8703",
            "high": "4.8731",
            "low": "4.8703",
            "close": "4.8714"
        },
        {
            "time": "23.04.2021 07:28",
            "open": "4.8714",
            "high": "4.8714",
            "low": "4.8695",
            "close": "4.8847"
        },
        {
            "time": "23.04.2021 07:29",
            "open": "4.8847",
            "high": "4.89",
            "low": "4.8821",
            "close": "4.8883"
        },
        {
            "time": "23.04.2021 07:30",
            "open": "4.8883",
            "high": "4.9516",
            "low": "4.8883",
            "close": "4.9146"
        },
        {
            "time": "23.04.2021 07:31",
            "open": "4.9146",
            "high": "4.9239",
            "low": "4.9135",
            "close": "4.9265"
        },
        {
            "time": "23.04.2021 07:32",
            "open": "4.9265",
            "high": "4.9265",
            "low": "4.925",
            "close": "4.9281"
        },
        {
            "time": "23.04.2021 07:33",
            "open": "4.9281",
            "high": "4.9282",
            "low": "4.9281",
            "close": "4.9492"
        },
        {
            "time": "23.04.2021 07:34",
            "open": "4.9492",
            "high": "4.9492",
            "low": "4.934",
            "close": "4.9154"
        },
        {
            "time": "23.04.2021 07:35",
            "open": "4.9154",
            "high": "4.9154",
            "low": "4.9154",
            "close": "4.9005"
        },
        {
            "time": "23.04.2021 07:36",
            "open": "4.9005",
            "high": "4.9428",
            "low": "4.9005",
            "close": "4.9375"
        },
        {
            "time": "23.04.2021 07:37",
            "open": "4.9375",
            "high": "4.9375",
            "low": "4.9375",
            "close": "4.9388"
        },
        {
            "time": "23.04.2021 07:38",
            "open": "4.9388",
            "high": "4.9388",
            "low": "4.9388",
            "close": "4.9591"
        },
        {
            "time": "23.04.2021 07:40",
            "open": "4.9591",
            "high": "4.9591",
            "low": "4.9569",
            "close": "4.9426"
        },
        {
            "time": "23.04.2021 07:41",
            "open": "4.9426",
            "high": "4.9432",
            "low": "4.9426",
            "close": "4.9812"
        },
        {
            "time": "23.04.2021 07:46",
            "open": "4.9812",
            "high": "4.9916",
            "low": "4.9812",
            "close": "4.9731"
        },
        {
            "time": "23.04.2021 07:47",
            "open": "4.9731",
            "high": "4.9731",
            "low": "4.9666",
            "close": "4.9642"
        },
        {
            "time": "23.04.2021 07:48",
            "open": "4.9642",
            "high": "4.9642",
            "low": "4.9642",
            "close": "4.9763"
        },
        {
            "time": "23.04.2021 07:49",
            "open": "4.9763",
            "high": "4.9811",
            "low": "4.9763",
            "close": "4.9673"
        },
        {
            "time": "23.04.2021 07:50",
            "open": "4.9673",
            "high": "4.9777",
            "low": "4.9643",
            "close": "4.9748"
        },
        {
            "time": "23.04.2021 07:53",
            "open": "4.9748",
            "high": "4.9903",
            "low": "4.9748",
            "close": "4.973"
        },
        {
            "time": "23.04.2021 07:56",
            "open": "4.973",
            "high": "4.973",
            "low": "4.973",
            "close": "4.9727"
        },
        {
            "time": "23.04.2021 07:57",
            "open": "4.9727",
            "high": "4.9727",
            "low": "4.9727",
            "close": "4.9624"
        },
        {
            "time": "23.04.2021 07:58",
            "open": "4.9624",
            "high": "4.9624",
            "low": "4.9624",
            "close": "4.95"
        },
        {
            "time": "23.04.2021 07:59",
            "open": "4.95",
            "high": "4.957",
            "low": "4.95",
            "close": "4.9448"
        },
        {
            "time": "23.04.2021 08:00",
            "open": "4.9448",
            "high": "4.9448",
            "low": "4.9448",
            "close": "4.9301"
        },
        {
            "time": "23.04.2021 08:01",
            "open": "4.9301",
            "high": "4.9301",
            "low": "4.9148",
            "close": "4.9296"
        },
        {
            "time": "23.04.2021 14:01",
            "open": "5.1256",
            "high": "5.1256",
            "low": "5.1256",
            "close": "5.0821"
        },
        {
            "time": "23.04.2021 14:04",
            "open": "5.0821",
            "high": "5.0848",
            "low": "5.0821",
            "close": "5.1111"
        },
        {
            "time": "23.04.2021 14:09",
            "open": "5.066",
            "high": "5.066",
            "low": "5.066",
            "close": "5.0762"
        },
        {
            "time": "23.04.2021 14:10",
            "open": "5.0762",
            "high": "5.0762",
            "low": "5.0664",
            "close": "5.0603"
        },
        {
            "time": "23.04.2021 14:11",
            "open": "5.0603",
            "high": "5.0603",
            "low": "5.0577",
            "close": "5.0547"
        },
        {
            "time": "23.04.2021 14:13",
            "open": "5.0547",
            "high": "5.0547",
            "low": "5.0409",
            "close": "5.0451"
        },
        {
            "time": "23.04.2021 14:14",
            "open": "5.0451",
            "high": "5.0512",
            "low": "5.0451",
            "close": "5.0572"
        },
        {
            "time": "23.04.2021 14:15",
            "open": "5.0572",
            "high": "5.0572",
            "low": "5.0572",
            "close": "5.0693"
        },
        {
            "time": "23.04.2021 14:27",
            "open": "5.0229",
            "high": "5.0229",
            "low": "5.0229",
            "close": "5.0159"
        },
        {
            "time": "23.04.2021 14:30",
            "open": "5.0159",
            "high": "5.0159",
            "low": "5.0158",
            "close": "5.0593"
        },
        {
            "time": "23.04.2021 14:44",
            "open": "5.0593",
            "high": "5.0593",
            "low": "5.0593",
            "close": "5.047"
        },
        {
            "time": "23.04.2021 14:45",
            "open": "5.047",
            "high": "5.047",
            "low": "5.0327",
            "close": "5.0191"
        },
        {
            "time": "23.04.2021 14:47",
            "open": "5.0191",
            "high": "5.0191",
            "low": "5.0191",
            "close": "5.0179"
        },
        {
            "time": "23.04.2021 14:53",
            "open": "5.0179",
            "high": "5.0179",
            "low": "5.0179",
            "close": "5.0106"
        },
        {
            "time": "23.04.2021 14:55",
            "open": "5.0106",
            "high": "5.0106",
            "low": "5.0106",
            "close": "5"
        },
        {
            "time": "23.04.2021 14:56",
            "open": "5",
            "high": "5",
            "low": "5",
            "close": "4.9975"
        },
        {
            "time": "23.04.2021 14:57",
            "open": "4.9975",
            "high": "4.9975",
            "low": "4.9975",
            "close": "4.9972"
        },
        {
            "time": "23.04.2021 14:59",
            "open": "4.9972",
            "high": "5.003",
            "low": "4.9972",
            "close": "4.9885"
        },
        {
            "time": "23.04.2021 15:00",
            "open": "4.9885",
            "high": "4.9899",
            "low": "4.9867",
            "close": "4.983"
        },
        {
            "time": "23.04.2021 15:02",
            "open": "4.983",
            "high": "4.983",
            "low": "4.983",
            "close": "4.963"
        },
        {
            "time": "23.04.2021 15:06",
            "open": "4.963",
            "high": "4.963",
            "low": "4.9478",
            "close": "4.9552"
        },
        {
            "time": "23.04.2021 15:08",
            "open": "4.9552",
            "high": "4.9774",
            "low": "4.9552",
            "close": "4.9783"
        },
        {
            "time": "23.04.2021 15:12",
            "open": "4.9783",
            "high": "4.9783",
            "low": "4.9782",
            "close": "4.9874"
        },
        {
            "time": "23.04.2021 15:13",
            "open": "4.9874",
            "high": "4.9874",
            "low": "4.9874",
            "close": "4.9786"
        },
        {
            "time": "23.04.2021 15:15",
            "open": "4.9786",
            "high": "4.9786",
            "low": "4.9786",
            "close": "4.9942"
        },
        {
            "time": "23.04.2021 15:16",
            "open": "4.9942",
            "high": "5.0038",
            "low": "4.9942",
            "close": "4.9846"
        },
        {
            "time": "23.04.2021 15:18",
            "open": "4.9846",
            "high": "4.9924",
            "low": "4.9825",
            "close": "4.9802"
        },
        {
            "time": "23.04.2021 15:19",
            "open": "4.9802",
            "high": "4.9826",
            "low": "4.9799",
            "close": "4.9642"
        },
        {
            "time": "23.04.2021 15:20",
            "open": "4.9642",
            "high": "4.9642",
            "low": "4.9642",
            "close": "4.9301"
        },
        {
            "time": "23.04.2021 15:24",
            "open": "4.9301",
            "high": "4.9301",
            "low": "4.9198",
            "close": "4.923"
        },
        {
            "time": "23.04.2021 15:25",
            "open": "4.923",
            "high": "4.924",
            "low": "4.923",
            "close": "4.9233"
        },
        {
            "time": "23.04.2021 15:26",
            "open": "4.9233",
            "high": "4.9233",
            "low": "4.9233",
            "close": "4.9203"
        },
        {
            "time": "23.04.2021 15:27",
            "open": "4.9203",
            "high": "4.9204",
            "low": "4.9",
            "close": "4.9104"
        },
        {
            "time": "23.04.2021 15:31",
            "open": "4.9104",
            "high": "4.9104",
            "low": "4.9104",
            "close": "4.9461"
        },
        {
            "time": "23.04.2021 15:32",
            "open": "4.9461",
            "high": "4.9476",
            "low": "4.9461",
            "close": "4.9405"
        },
        {
            "time": "23.04.2021 15:33",
            "open": "4.9405",
            "high": "4.9405",
            "low": "4.9146",
            "close": "4.9202"
        },
        {
            "time": "23.04.2021 15:34",
            "open": "4.9202",
            "high": "4.9219",
            "low": "4.9179",
            "close": "4.9426"
        },
        {
            "time": "23.04.2021 15:35",
            "open": "4.9426",
            "high": "4.9426",
            "low": "4.9426",
            "close": "4.926"
        },
        {
            "time": "23.04.2021 15:37",
            "open": "4.926",
            "high": "4.926",
            "low": "4.926",
            "close": "4.926"
        },
        {
            "time": "23.04.2021 15:38",
            "open": "4.926",
            "high": "4.9262",
            "low": "4.9236",
            "close": "4.9037"
        },
        {
            "time": "23.04.2021 15:42",
            "open": "4.9037",
            "high": "4.9037",
            "low": "4.8843",
            "close": "4.8737"
        },
        {
            "time": "23.04.2021 15:43",
            "open": "4.8737",
            "high": "4.8745",
            "low": "4.8732",
            "close": "4.8879"
        },
        {
            "time": "23.04.2021 15:44",
            "open": "4.8879",
            "high": "4.8879",
            "low": "4.8879",
            "close": "4.9025"
        },
        {
            "time": "23.04.2021 15:45",
            "open": "4.9025",
            "high": "4.9025",
            "low": "4.8883",
            "close": "4.8761"
        },
        {
            "time": "23.04.2021 15:46",
            "open": "4.8761",
            "high": "4.8962",
            "low": "4.8761",
            "close": "4.8962"
        },
        {
            "time": "23.04.2021 15:47",
            "open": "4.8962",
            "high": "4.8962",
            "low": "4.8962",
            "close": "4.9384"
        },
        {
            "time": "23.04.2021 15:53",
            "open": "4.9384",
            "high": "4.9499",
            "low": "4.9384",
            "close": "4.9414"
        },
        {
            "time": "23.04.2021 15:54",
            "open": "4.9414",
            "high": "4.9414",
            "low": "4.9414",
            "close": "4.9499"
        },
        {
            "time": "23.04.2021 15:56",
            "open": "4.9499",
            "high": "4.9499",
            "low": "4.9499",
            "close": "4.9348"
        },
        {
            "time": "23.04.2021 16:01",
            "open": "4.9348",
            "high": "4.9348",
            "low": "4.9348",
            "close": "4.9275"
        },
        {
            "time": "23.04.2021 16:02",
            "open": "4.9275",
            "high": "4.9537",
            "low": "4.9275",
            "close": "4.9425"
        },
        {
            "time": "23.04.2021 16:03",
            "open": "4.9425",
            "high": "4.9425",
            "low": "4.9337",
            "close": "4.9303"
        },
        {
            "time": "23.04.2021 16:04",
            "open": "4.9303",
            "high": "4.9424",
            "low": "4.9303",
            "close": "4.949"
        },
        {
            "time": "23.04.2021 16:05",
            "open": "4.949",
            "high": "4.949",
            "low": "4.9456",
            "close": "4.9264"
        },
        {
            "time": "23.04.2021 16:06",
            "open": "4.9264",
            "high": "4.9264",
            "low": "4.9188",
            "close": "4.9586"
        },
        {
            "time": "23.04.2021 16:07",
            "open": "4.9586",
            "high": "4.9586",
            "low": "4.9586",
            "close": "4.9741"
        },
        {
            "time": "23.04.2021 16:08",
            "open": "4.9741",
            "high": "4.9741",
            "low": "4.9741",
            "close": "4.9876"
        },
        {
            "time": "23.04.2021 16:09",
            "open": "4.9876",
            "high": "4.9876",
            "low": "4.9876",
            "close": "4.9805"
        },
        {
            "time": "23.04.2021 16:10",
            "open": "4.9805",
            "high": "4.9805",
            "low": "4.9805",
            "close": "4.9869"
        },
        {
            "time": "23.04.2021 16:12",
            "open": "4.9869",
            "high": "4.9869",
            "low": "4.9869",
            "close": "4.993"
        },
        {
            "time": "23.04.2021 16:14",
            "open": "4.993",
            "high": "4.993",
            "low": "4.993",
            "close": "4.9945"
        },
        {
            "time": "23.04.2021 16:15",
            "open": "4.9945",
            "high": "5.0007",
            "low": "4.9941",
            "close": "4.99"
        },
        {
            "time": "23.04.2021 16:17",
            "open": "4.99",
            "high": "4.99",
            "low": "4.99",
            "close": "5.0033"
        },
        {
            "time": "23.04.2021 16:24",
            "open": "5.0033",
            "high": "5.0242",
            "low": "5.0033",
            "close": "5.0107"
        },
        {
            "time": "23.04.2021 16:26",
            "open": "5.0107",
            "high": "5.0107",
            "low": "5.0107",
            "close": "5.0077"
        },
        {
            "time": "23.04.2021 16:27",
            "open": "5.0077",
            "high": "5.0077",
            "low": "5.0077",
            "close": "5.0146"
        },
        {
            "time": "23.04.2021 16:29",
            "open": "5.0146",
            "high": "5.0146",
            "low": "5.0146",
            "close": "5.0348"
        },
        {
            "time": "23.04.2021 16:32",
            "open": "5.0348",
            "high": "5.0373",
            "low": "5.0307",
            "close": "5.04"
        },
        {
            "time": "23.04.2021 16:34",
            "open": "5.04",
            "high": "5.04",
            "low": "5.04",
            "close": "5.04"
        },
        {
            "time": "23.04.2021 16:35",
            "open": "5.04",
            "high": "5.0435",
            "low": "5.04",
            "close": "5.0574"
        },
        {
            "time": "23.04.2021 16:37",
            "open": "5.0574",
            "high": "5.0599",
            "low": "5.0574",
            "close": "5.0585"
        },
        {
            "time": "23.04.2021 16:41",
            "open": "5.0585",
            "high": "5.0585",
            "low": "5.0585",
            "close": "5.035"
        },
        {
            "time": "23.04.2021 16:50",
            "open": "5.035",
            "high": "5.035",
            "low": "5.0349",
            "close": "5.053"
        },
        {
            "time": "23.04.2021 16:53",
            "open": "5.053",
            "high": "5.053",
            "low": "5.0529",
            "close": "5.0671"
        },
        {
            "time": "23.04.2021 16:54",
            "open": "5.0671",
            "high": "5.0671",
            "low": "5.0671",
            "close": "5.0671"
        },
        {
            "time": "23.04.2021 16:55",
            "open": "5.0671",
            "high": "5.0761",
            "low": "5.0671",
            "close": "5.0799"
        },
        {
            "time": "23.04.2021 16:56",
            "open": "5.0799",
            "high": "5.0799",
            "low": "5.0799",
            "close": "5.0743"
        },
        {
            "time": "23.04.2021 16:57",
            "open": "5.0743",
            "high": "5.0743",
            "low": "5.0743",
            "close": "5.0817"
        },
        {
            "time": "23.04.2021 16:58",
            "open": "5.0817",
            "high": "5.0828",
            "low": "5.0817",
            "close": "5.0765"
        },
        {
            "time": "23.04.2021 17:00",
            "open": "5.0765",
            "high": "5.0765",
            "low": "5.0765",
            "close": "5.0624"
        },
        {
            "time": "23.04.2021 17:02",
            "open": "5.0624",
            "high": "5.0624",
            "low": "5.0623",
            "close": "5.0558"
        },
        {
            "time": "23.04.2021 17:04",
            "open": "5.0558",
            "high": "5.0558",
            "low": "5.0558",
            "close": "5.0422"
        },
        {
            "time": "23.04.2021 17:05",
            "open": "5.0422",
            "high": "5.0422",
            "low": "5.0422",
            "close": "5.0213"
        },
        {
            "time": "23.04.2021 17:06",
            "open": "5.0213",
            "high": "5.0213",
            "low": "5.0213",
            "close": "5.0156"
        },
        {
            "time": "23.04.2021 17:11",
            "open": "5.0156",
            "high": "5.0156",
            "low": "5.0156",
            "close": "5.0203"
        },
        {
            "time": "23.04.2021 17:18",
            "open": "5.0203",
            "high": "5.0203",
            "low": "5.0203",
            "close": "5.0028"
        },
        {
            "time": "23.04.2021 17:19",
            "open": "5.0028",
            "high": "5.0105",
            "low": "5.0004",
            "close": "5.0048"
        },
        {
            "time": "23.04.2021 17:20",
            "open": "5.0048",
            "high": "5.0048",
            "low": "4.976",
            "close": "4.9936"
        },
        {
            "time": "23.04.2021 17:21",
            "open": "4.9936",
            "high": "4.9939",
            "low": "4.9936",
            "close": "5.0151"
        },
        {
            "time": "23.04.2021 17:23",
            "open": "5.0151",
            "high": "5.0152",
            "low": "5.0151",
            "close": "5.0014"
        },
        {
            "time": "23.04.2021 17:24",
            "open": "5.0014",
            "high": "5.0026",
            "low": "5.0014",
            "close": "4.9933"
        },
        {
            "time": "23.04.2021 17:25",
            "open": "4.9933",
            "high": "4.9933",
            "low": "4.9933",
            "close": "5.0253"
        },
        {
            "time": "23.04.2021 17:28",
            "open": "5.0253",
            "high": "5.0253",
            "low": "5.0253",
            "close": "5.0383"
        },
        {
            "time": "23.04.2021 17:30",
            "open": "5.0383",
            "high": "5.0383",
            "low": "5.0383",
            "close": "5.077"
        },
        {
            "time": "23.04.2021 17:34",
            "open": "5.077",
            "high": "5.077",
            "low": "5.077",
            "close": "5.0906"
        },
        {
            "time": "23.04.2021 17:36",
            "open": "5.0906",
            "high": "5.0906",
            "low": "5.0906",
            "close": "5.0827"
        },
        {
            "time": "23.04.2021 17:37",
            "open": "5.0827",
            "high": "5.0827",
            "low": "5.0824",
            "close": "5.0778"
        },
        {
            "time": "23.04.2021 17:40",
            "open": "5.0778",
            "high": "5.0778",
            "low": "5.0778",
            "close": "5.0777"
        },
        {
            "time": "23.04.2021 17:42",
            "open": "5.0777",
            "high": "5.0777",
            "low": "5.0705",
            "close": "5.0681"
        },
        {
            "time": "23.04.2021 17:44",
            "open": "5.0681",
            "high": "5.1071",
            "low": "5.0681",
            "close": "5.0962"
        },
        {
            "time": "23.04.2021 17:45",
            "open": "5.0962",
            "high": "5.0962",
            "low": "5.0962",
            "close": "5.0946"
        },
        {
            "time": "23.04.2021 17:52",
            "open": "5.0946",
            "high": "5.0946",
            "low": "5.0946",
            "close": "5.101"
        },
        {
            "time": "23.04.2021 17:56",
            "open": "5.101",
            "high": "5.1035",
            "low": "5.101",
            "close": "5.114"
        },
        {
            "time": "23.04.2021 17:57",
            "open": "5.114",
            "high": "5.13",
            "low": "5.114",
            "close": "5.1291"
        },
        {
            "time": "23.04.2021 17:59",
            "open": "5.1291",
            "high": "5.1359",
            "low": "5.1291",
            "close": "5.1179"
        },
        {
            "time": "23.04.2021 18:01",
            "open": "5.1179",
            "high": "5.1179",
            "low": "5.1178",
            "close": "5.1196"
        },
        {
            "time": "23.04.2021 18:02",
            "open": "5.1196",
            "high": "5.1196",
            "low": "5.1196",
            "close": "5.1359"
        },
        {
            "time": "23.04.2021 18:03",
            "open": "5.1359",
            "high": "5.1359",
            "low": "5.1359",
            "close": "5.1376"
        },
        {
            "time": "23.04.2021 18:08",
            "open": "5.1376",
            "high": "5.1376",
            "low": "5.1365",
            "close": "5.1357"
        },
        {
            "time": "23.04.2021 18:10",
            "open": "5.1357",
            "high": "5.1357",
            "low": "5.1357",
            "close": "5.1091"
        },
        {
            "time": "23.04.2021 18:12",
            "open": "5.1091",
            "high": "5.1091",
            "low": "5.0993",
            "close": "5.1012"
        },
        {
            "time": "23.04.2021 18:13",
            "open": "5.1012",
            "high": "5.1188",
            "low": "5.1012",
            "close": "5.1026"
        },
        {
            "time": "23.04.2021 18:14",
            "open": "5.1026",
            "high": "5.1026",
            "low": "5.1026",
            "close": "5.0842"
        },
        {
            "time": "23.04.2021 18:15",
            "open": "5.0842",
            "high": "5.0842",
            "low": "5.0777",
            "close": "5.0994"
        },
        {
            "time": "23.04.2021 18:17",
            "open": "5.0994",
            "high": "5.0994",
            "low": "5.0981",
            "close": "5.0852"
        },
        {
            "time": "23.04.2021 18:19",
            "open": "5.0852",
            "high": "5.0852",
            "low": "5.0769",
            "close": "5.106"
        },
        {
            "time": "23.04.2021 18:21",
            "open": "5.106",
            "high": "5.106",
            "low": "5.0876",
            "close": "5.1203"
        },
        {
            "time": "23.04.2021 18:23",
            "open": "5.1203",
            "high": "5.1203",
            "low": "5.1203",
            "close": "5.1264"
        },
        {
            "time": "23.04.2021 18:25",
            "open": "5.1264",
            "high": "5.1264",
            "low": "5.1214",
            "close": "5.1024"
        },
        {
            "time": "23.04.2021 18:26",
            "open": "5.1024",
            "high": "5.1024",
            "low": "5.1024",
            "close": "5.0953"
        },
        {
            "time": "23.04.2021 18:28",
            "open": "5.0953",
            "high": "5.0953",
            "low": "5.0933",
            "close": "5.0965"
        },
        {
            "time": "23.04.2021 18:29",
            "open": "5.0965",
            "high": "5.0965",
            "low": "5.0931",
            "close": "5.0909"
        },
        {
            "time": "23.04.2021 18:30",
            "open": "5.0909",
            "high": "5.0909",
            "low": "5.0885",
            "close": "5.0708"
        },
        {
            "time": "23.04.2021 18:31",
            "open": "5.0708",
            "high": "5.0708",
            "low": "5.0708",
            "close": "5.1056"
        },
        {
            "time": "23.04.2021 18:34",
            "open": "5.1056",
            "high": "5.1056",
            "low": "5.1056",
            "close": "5.1156"
        },
        {
            "time": "23.04.2021 18:37",
            "open": "5.1156",
            "high": "5.1156",
            "low": "5.1052",
            "close": "5.0969"
        },
        {
            "time": "23.04.2021 18:39",
            "open": "5.0969",
            "high": "5.1028",
            "low": "5.0969",
            "close": "5.1139"
        },
        {
            "time": "23.04.2021 18:40",
            "open": "5.1139",
            "high": "5.114",
            "low": "5.1139",
            "close": "5.1098"
        },
        {
            "time": "23.04.2021 18:41",
            "open": "5.1098",
            "high": "5.1099",
            "low": "5.1098",
            "close": "5.1069"
        },
        {
            "time": "23.04.2021 18:42",
            "open": "5.1069",
            "high": "5.1222",
            "low": "5.105",
            "close": "5.1231"
        },
        {
            "time": "23.04.2021 18:43",
            "open": "5.1231",
            "high": "5.1231",
            "low": "5.1231",
            "close": "5.1206"
        },
        {
            "time": "23.04.2021 18:45",
            "open": "5.1206",
            "high": "5.1206",
            "low": "5.1204",
            "close": "5.117"
        },
        {
            "time": "23.04.2021 18:52",
            "open": "5.117",
            "high": "5.1196",
            "low": "5.117",
            "close": "5.1063"
        },
        {
            "time": "23.04.2021 19:01",
            "open": "5.1063",
            "high": "5.1063",
            "low": "5.1063",
            "close": "5.0963"
        },
        {
            "time": "23.04.2021 19:02",
            "open": "5.0963",
            "high": "5.0963",
            "low": "5.0764",
            "close": "5.0702"
        },
        {
            "time": "23.04.2021 19:04",
            "open": "5.0702",
            "high": "5.0702",
            "low": "5.0702",
            "close": "5.063"
        },
        {
            "time": "23.04.2021 19:06",
            "open": "5.063",
            "high": "5.0839",
            "low": "5.063",
            "close": "5.0967"
        },
        {
            "time": "23.04.2021 19:07",
            "open": "5.0967",
            "high": "5.0982",
            "low": "5.0967",
            "close": "5.0837"
        },
        {
            "time": "23.04.2021 19:09",
            "open": "5.0837",
            "high": "5.0837",
            "low": "5.0671",
            "close": "5.0664"
        },
        {
            "time": "23.04.2021 19:12",
            "open": "5.0664",
            "high": "5.0678",
            "low": "5.0664",
            "close": "5.0717"
        },
        {
            "time": "23.04.2021 19:16",
            "open": "5.0717",
            "high": "5.0717",
            "low": "5.0717",
            "close": "5.0781"
        },
        {
            "time": "23.04.2021 19:17",
            "open": "5.0781",
            "high": "5.0781",
            "low": "5.0781",
            "close": "5.0887"
        },
        {
            "time": "23.04.2021 19:19",
            "open": "5.0887",
            "high": "5.0887",
            "low": "5.0887",
            "close": "5.0955"
        },
        {
            "time": "23.04.2021 19:20",
            "open": "5.0955",
            "high": "5.0962",
            "low": "5.0955",
            "close": "5.0991"
        },
        {
            "time": "23.04.2021 19:21",
            "open": "5.0991",
            "high": "5.0997",
            "low": "5.0822",
            "close": "5.0806"
        },
        {
            "time": "23.04.2021 19:22",
            "open": "5.0806",
            "high": "5.0806",
            "low": "5.0806",
            "close": "5.0905"
        },
        {
            "time": "23.04.2021 19:38",
            "open": "5.0905",
            "high": "5.0905",
            "low": "5.0813",
            "close": "5.0615"
        },
        {
            "time": "23.04.2021 19:39",
            "open": "5.0615",
            "high": "5.0615",
            "low": "5.0615",
            "close": "5.0771"
        },
        {
            "time": "23.04.2021 19:44",
            "open": "5.0771",
            "high": "5.0771",
            "low": "5.0738",
            "close": "5.0984"
        },
        {
            "time": "23.04.2021 19:46",
            "open": "5.0984",
            "high": "5.0984",
            "low": "5.0984",
            "close": "5.1035"
        },
        {
            "time": "23.04.2021 19:47",
            "open": "5.1035",
            "high": "5.1035",
            "low": "5.1035",
            "close": "5.0975"
        },
        {
            "time": "23.04.2021 19:48",
            "open": "5.0975",
            "high": "5.1109",
            "low": "5.0975",
            "close": "5.1272"
        },
        {
            "time": "23.04.2021 19:49",
            "open": "5.1272",
            "high": "5.1273",
            "low": "5.1029",
            "close": "5.0836"
        },
        {
            "time": "23.04.2021 19:51",
            "open": "5.0836",
            "high": "5.0836",
            "low": "5.0836",
            "close": "5.08"
        },
        {
            "time": "23.04.2021 19:52",
            "open": "5.08",
            "high": "5.08",
            "low": "5.0738",
            "close": "5.0861"
        },
        {
            "time": "23.04.2021 19:58",
            "open": "5.0861",
            "high": "5.1016",
            "low": "5.0852",
            "close": "5.084"
        },
        {
            "time": "23.04.2021 20:00",
            "open": "5.084",
            "high": "5.085",
            "low": "5.084",
            "close": "5.0897"
        },
        {
            "time": "23.04.2021 20:06",
            "open": "5.0897",
            "high": "5.0897",
            "low": "5.0897",
            "close": "5.1051"
        },
        {
            "time": "23.04.2021 20:08",
            "open": "5.1051",
            "high": "5.1051",
            "low": "5.1051",
            "close": "5.1078"
        },
        {
            "time": "23.04.2021 20:10",
            "open": "5.1078",
            "high": "5.1078",
            "low": "5.1078",
            "close": "5.107"
        },
        {
            "time": "23.04.2021 20:12",
            "open": "5.107",
            "high": "5.107",
            "low": "5.107",
            "close": "5.1052"
        },
        {
            "time": "23.04.2021 20:13",
            "open": "5.1052",
            "high": "5.1052",
            "low": "5.1052",
            "close": "5.0896"
        },
        {
            "time": "23.04.2021 20:17",
            "open": "5.0896",
            "high": "5.0896",
            "low": "5.0896",
            "close": "5.0931"
        },
        {
            "time": "23.04.2021 20:18",
            "open": "5.0931",
            "high": "5.0931",
            "low": "5.0931",
            "close": "5.098"
        },
        {
            "time": "23.04.2021 20:22",
            "open": "5.098",
            "high": "5.0999",
            "low": "5.098",
            "close": "5.1164"
        },
        {
            "time": "23.04.2021 20:26",
            "open": "5.1164",
            "high": "5.1164",
            "low": "5.1164",
            "close": "5.1133"
        },
        {
            "time": "23.04.2021 20:27",
            "open": "5.1133",
            "high": "5.1133",
            "low": "5.1132",
            "close": "5.1327"
        },
        {
            "time": "23.04.2021 20:30",
            "open": "5.1327",
            "high": "5.1362",
            "low": "5.1327",
            "close": "5.1298"
        },
        {
            "time": "23.04.2021 20:31",
            "open": "5.1298",
            "high": "5.1298",
            "low": "5.1298",
            "close": "5.1435"
        },
        {
            "time": "23.04.2021 20:36",
            "open": "5.1435",
            "high": "5.1435",
            "low": "5.1406",
            "close": "5.1525"
        },
        {
            "time": "23.04.2021 20:37",
            "open": "5.1525",
            "high": "5.1538",
            "low": "5.1525",
            "close": "5.1627"
        },
        {
            "time": "23.04.2021 20:39",
            "open": "5.1627",
            "high": "5.1627",
            "low": "5.1627",
            "close": "5.1734"
        },
        {
            "time": "23.04.2021 20:49",
            "open": "5.1734",
            "high": "5.1737",
            "low": "5.1734",
            "close": "5.1711"
        },
        {
            "time": "23.04.2021 20:51",
            "open": "5.1711",
            "high": "5.1711",
            "low": "5.1711",
            "close": "5.1758"
        },
        {
            "time": "23.04.2021 21:01",
            "open": "5.1758",
            "high": "5.1758",
            "low": "5.1758",
            "close": "5.1392"
        },
        {
            "time": "23.04.2021 21:08",
            "open": "5.1392",
            "high": "5.1392",
            "low": "5.1392",
            "close": "5.1473"
        },
        {
            "time": "23.04.2021 21:09",
            "open": "5.1473",
            "high": "5.1473",
            "low": "5.1473",
            "close": "5.1435"
        },
        {
            "time": "23.04.2021 21:14",
            "open": "5.1435",
            "high": "5.1435",
            "low": "5.1424",
            "close": "5.1629"
        },
        {
            "time": "23.04.2021 21:17",
            "open": "5.1629",
            "high": "5.1629",
            "low": "5.1629",
            "close": "5.1317"
        },
        {
            "time": "23.04.2021 21:25",
            "open": "5.1317",
            "high": "5.1407",
            "low": "5.1317",
            "close": "5.1445"
        },
        {
            "time": "23.04.2021 21:37",
            "open": "5.1445",
            "high": "5.1445",
            "low": "5.1445",
            "close": "5.1654"
        },
        {
            "time": "23.04.2021 21:41",
            "open": "5.1654",
            "high": "5.167",
            "low": "5.1654",
            "close": "5.167"
        },
        {
            "time": "23.04.2021 21:43",
            "open": "5.167",
            "high": "5.167",
            "low": "5.167",
            "close": "5.1942"
        },
        {
            "time": "23.04.2021 21:56",
            "open": "5.1942",
            "high": "5.1943",
            "low": "5.1942",
            "close": "5.1947"
        },
        {
            "time": "23.04.2021 21:57",
            "open": "5.1947",
            "high": "5.1947",
            "low": "5.1947",
            "close": "5.2028"
        },
        {
            "time": "23.04.2021 21:59",
            "open": "5.2028",
            "high": "5.2028",
            "low": "5.2028",
            "close": "5.208"
        },
        {
            "time": "23.04.2021 22:11",
            "open": "5.208",
            "high": "5.208",
            "low": "5.2048",
            "close": "5.2305"
        },
        {
            "time": "23.04.2021 22:36",
            "open": "5.2305",
            "high": "5.2305",
            "low": "5.2176",
            "close": "5.2078"
        },
        {
            "time": "23.04.2021 22:43",
            "open": "5.2078",
            "high": "5.209",
            "low": "5.2049",
            "close": "5.2011"
        },
        {
            "time": "23.04.2021 22:47",
            "open": "5.2011",
            "high": "5.2011",
            "low": "5.2011",
            "close": "5.1853"
        },
        {
            "time": "23.04.2021 22:48",
            "open": "5.1853",
            "high": "5.1853",
            "low": "5.1853",
            "close": "5.163"
        },
        {
            "time": "23.04.2021 22:50",
            "open": "5.163",
            "high": "5.1869",
            "low": "5.1583",
            "close": "5.15"
        },
        {
            "time": "23.04.2021 22:53",
            "open": "5.15",
            "high": "5.15",
            "low": "5.15",
            "close": "5.1407"
        },
        {
            "time": "23.04.2021 22:54",
            "open": "5.1407",
            "high": "5.1407",
            "low": "5.1407",
            "close": "5.1367"
        },
        {
            "time": "23.04.2021 22:58",
            "open": "5.1367",
            "high": "5.1367",
            "low": "5.1362",
            "close": "5.1678"
        },
        {
            "time": "23.04.2021 23:02",
            "open": "5.1678",
            "high": "5.1678",
            "low": "5.1492",
            "close": "5.1412"
        },
        {
            "time": "23.04.2021 23:07",
            "open": "5.1412",
            "high": "5.15",
            "low": "5.1408",
            "close": "5.1534"
        },
        {
            "time": "23.04.2021 23:09",
            "open": "5.1534",
            "high": "5.1966",
            "low": "5.1534",
            "close": "5.1884"
        },
        {
            "time": "23.04.2021 23:10",
            "open": "5.1884",
            "high": "5.1884",
            "low": "5.1884",
            "close": "5.1839"
        },
        {
            "time": "23.04.2021 23:11",
            "open": "5.1839",
            "high": "5.1921",
            "low": "5.1839",
            "close": "5.2031"
        },
        {
            "time": "23.04.2021 23:13",
            "open": "5.2031",
            "high": "5.2031",
            "low": "5.2031",
            "close": "5.165"
        },
        {
            "time": "23.04.2021 23:20",
            "open": "5.165",
            "high": "5.165",
            "low": "5.165",
            "close": "5.1692"
        },
        {
            "time": "23.04.2021 23:29",
            "open": "5.1692",
            "high": "5.1692",
            "low": "5.1688",
            "close": "5.1471"
        },
        {
            "time": "23.04.2021 23:40",
            "open": "5.1471",
            "high": "5.1471",
            "low": "5.1396",
            "close": "5.1424"
        },
        {
            "time": "23.04.2021 23:42",
            "open": "5.1424",
            "high": "5.1424",
            "low": "5.1424",
            "close": "5.1432"
        },
        {
            "time": "23.04.2021 23:44",
            "open": "5.1432",
            "high": "5.1432",
            "low": "5.1432",
            "close": "5.1064"
        },
        {
            "time": "23.04.2021 23:48",
            "open": "5.1064",
            "high": "5.1082",
            "low": "5.1064",
            "close": "5.116"
        },
        {
            "time": "23.04.2021 23:50",
            "open": "5.116",
            "high": "5.127",
            "low": "5.116",
            "close": "5.1243"
        },
        {
            "time": "23.04.2021 23:51",
            "open": "5.1243",
            "high": "5.1243",
            "low": "5.1151",
            "close": "5.1217"
        },
        {
            "time": "23.04.2021 23:52",
            "open": "5.1217",
            "high": "5.1232",
            "low": "5.1096",
            "close": "5.1107"
        },
        {
            "time": "23.04.2021 23:53",
            "open": "5.1107",
            "high": "5.1107",
            "low": "5.1107",
            "close": "5.1109"
        },
        {
            "time": "23.04.2021 23:54",
            "open": "5.1109",
            "high": "5.1125",
            "low": "5.1109",
            "close": "5.1037"
        },
        {
            "time": "23.04.2021 23:55",
            "open": "5.1037",
            "high": "5.1037",
            "low": "5.1025",
            "close": "5.1001"
        }
    ]
}