{
    "BNT-EUR": [
        {
            "time": "11.01.2021 23:59",
            "open": "1.1093",
            "high": "1.1093",
            "low": "1.1093",
            "close": "1.1164"
        },
        {
            "time": "12.01.2021 00:04",
            "open": "1.1164",
            "high": "1.1214",
            "low": "1.1164",
            "close": "1.1267"
        },
        {
            "time": "12.01.2021 00:06",
            "open": "1.1267",
            "high": "1.1301",
            "low": "1.1267",
            "close": "1.1301"
        },
        {
            "time": "12.01.2021 00:07",
            "open": "1.1301",
            "high": "1.1315",
            "low": "1.1299",
            "close": "1.1327"
        },
        {
            "time": "12.01.2021 00:17",
            "open": "1.1327",
            "high": "1.1327",
            "low": "1.1327",
            "close": "1.1363"
        },
        {
            "time": "12.01.2021 00:18",
            "open": "1.1363",
            "high": "1.1432",
            "low": "1.1363",
            "close": "1.1432"
        },
        {
            "time": "12.01.2021 00:19",
            "open": "1.1432",
            "high": "1.144",
            "low": "1.1432",
            "close": "1.1441"
        },
        {
            "time": "12.01.2021 00:20",
            "open": "1.1441",
            "high": "1.1441",
            "low": "1.141",
            "close": "1.1397"
        },
        {
            "time": "12.01.2021 00:21",
            "open": "1.1397",
            "high": "1.1397",
            "low": "1.1397",
            "close": "1.1368"
        },
        {
            "time": "12.01.2021 00:31",
            "open": "1.1368",
            "high": "1.1368",
            "low": "1.1368",
            "close": "1.132"
        },
        {
            "time": "12.01.2021 00:33",
            "open": "1.132",
            "high": "1.132",
            "low": "1.132",
            "close": "1.1346"
        },
        {
            "time": "12.01.2021 00:38",
            "open": "1.1346",
            "high": "1.1346",
            "low": "1.1346",
            "close": "1.1299"
        },
        {
            "time": "12.01.2021 00:39",
            "open": "1.1299",
            "high": "1.1299",
            "low": "1.1299",
            "close": "1.1349"
        },
        {
            "time": "12.01.2021 00:42",
            "open": "1.1349",
            "high": "1.1349",
            "low": "1.1349",
            "close": "1.1402"
        },
        {
            "time": "12.01.2021 00:45",
            "open": "1.1402",
            "high": "1.1402",
            "low": "1.1402",
            "close": "1.1395"
        },
        {
            "time": "12.01.2021 00:51",
            "open": "1.1395",
            "high": "1.1395",
            "low": "1.1389",
            "close": "1.1389"
        },
        {
            "time": "12.01.2021 01:00",
            "open": "1.1389",
            "high": "1.1389",
            "low": "1.1389",
            "close": "1.1285"
        },
        {
            "time": "12.01.2021 01:05",
            "open": "1.1285",
            "high": "1.1285",
            "low": "1.1285",
            "close": "1.1306"
        },
        {
            "time": "12.01.2021 01:07",
            "open": "1.1306",
            "high": "1.1306",
            "low": "1.1306",
            "close": "1.1285"
        },
        {
            "time": "12.01.2021 01:08",
            "open": "1.1285",
            "high": "1.1285",
            "low": "1.1216",
            "close": "1.1239"
        },
        {
            "time": "12.01.2021 01:09",
            "open": "1.1239",
            "high": "1.1239",
            "low": "1.1239",
            "close": "1.1216"
        },
        {
            "time": "12.01.2021 01:10",
            "open": "1.1216",
            "high": "1.1216",
            "low": "1.1206",
            "close": "1.1191"
        },
        {
            "time": "12.01.2021 01:12",
            "open": "1.1191",
            "high": "1.121",
            "low": "1.1191",
            "close": "1.1161"
        },
        {
            "time": "12.01.2021 01:13",
            "open": "1.1161",
            "high": "1.1191",
            "low": "1.1161",
            "close": "1.1172"
        },
        {
            "time": "12.01.2021 01:15",
            "open": "1.1172",
            "high": "1.1172",
            "low": "1.1172",
            "close": "1.1105"
        },
        {
            "time": "12.01.2021 01:28",
            "open": "1.1105",
            "high": "1.1105",
            "low": "1.1105",
            "close": "1.1105"
        },
        {
            "time": "12.01.2021 01:29",
            "open": "1.1105",
            "high": "1.1105",
            "low": "1.1105",
            "close": "1.1105"
        },
        {
            "time": "12.01.2021 01:30",
            "open": "1.1105",
            "high": "1.1105",
            "low": "1.1105",
            "close": "1.1149"
        },
        {
            "time": "12.01.2021 01:42",
            "open": "1.1149",
            "high": "1.1149",
            "low": "1.1143",
            "close": "1.1327"
        },
        {
            "time": "12.01.2021 01:45",
            "open": "1.1327",
            "high": "1.1327",
            "low": "1.1327",
            "close": "1.1264"
        },
        {
            "time": "12.01.2021 01:46",
            "open": "1.1264",
            "high": "1.1264",
            "low": "1.1264",
            "close": "1.1201"
        },
        {
            "time": "12.01.2021 01:49",
            "open": "1.1201",
            "high": "1.1203",
            "low": "1.1201",
            "close": "1.1294"
        },
        {
            "time": "12.01.2021 02:00",
            "open": "1.1294",
            "high": "1.1294",
            "low": "1.1294",
            "close": "1.1327"
        },
        {
            "time": "12.01.2021 02:07",
            "open": "1.1327",
            "high": "1.1327",
            "low": "1.1327",
            "close": "1.1415"
        },
        {
            "time": "12.01.2021 02:11",
            "open": "1.1415",
            "high": "1.1421",
            "low": "1.1415",
            "close": "1.1379"
        },
        {
            "time": "12.01.2021 02:14",
            "open": "1.1379",
            "high": "1.139",
            "low": "1.1374",
            "close": "1.1432"
        },
        {
            "time": "12.01.2021 02:18",
            "open": "1.1432",
            "high": "1.1432",
            "low": "1.1432",
            "close": "1.1387"
        },
        {
            "time": "12.01.2021 02:24",
            "open": "1.1387",
            "high": "1.1388",
            "low": "1.1387",
            "close": "1.1323"
        },
        {
            "time": "12.01.2021 02:31",
            "open": "1.1323",
            "high": "1.1323",
            "low": "1.1323",
            "close": "1.1216"
        },
        {
            "time": "12.01.2021 02:38",
            "open": "1.1216",
            "high": "1.1216",
            "low": "1.1216",
            "close": "1.1105"
        },
        {
            "time": "12.01.2021 02:49",
            "open": "1.1105",
            "high": "1.1105",
            "low": "1.1105",
            "close": "1.1065"
        },
        {
            "time": "12.01.2021 02:50",
            "open": "1.1065",
            "high": "1.1065",
            "low": "1.1065",
            "close": "1.1205"
        },
        {
            "time": "12.01.2021 03:00",
            "open": "1.1205",
            "high": "1.1206",
            "low": "1.1205",
            "close": "1.1138"
        },
        {
            "time": "12.01.2021 03:20",
            "open": "1.1138",
            "high": "1.1154",
            "low": "1.1138",
            "close": "1.1227"
        },
        {
            "time": "12.01.2021 03:23",
            "open": "1.1227",
            "high": "1.1227",
            "low": "1.1227",
            "close": "1.1327"
        },
        {
            "time": "12.01.2021 03:31",
            "open": "1.1327",
            "high": "1.1327",
            "low": "1.1327",
            "close": "1.1327"
        },
        {
            "time": "12.01.2021 03:33",
            "open": "1.1327",
            "high": "1.1327",
            "low": "1.1327",
            "close": "1.133"
        },
        {
            "time": "12.01.2021 03:41",
            "open": "1.133",
            "high": "1.133",
            "low": "1.133",
            "close": "1.1324"
        },
        {
            "time": "12.01.2021 03:58",
            "open": "1.1324",
            "high": "1.1324",
            "low": "1.1324",
            "close": "1.1388"
        },
        {
            "time": "12.01.2021 04:18",
            "open": "1.1388",
            "high": "1.1388",
            "low": "1.1388",
            "close": "1.1432"
        },
        {
            "time": "12.01.2021 04:26",
            "open": "1.1432",
            "high": "1.1432",
            "low": "1.1432",
            "close": "1.144"
        },
        {
            "time": "12.01.2021 04:28",
            "open": "1.144",
            "high": "1.1483",
            "low": "1.144",
            "close": "1.1485"
        },
        {
            "time": "12.01.2021 04:29",
            "open": "1.1485",
            "high": "1.1485",
            "low": "1.1485",
            "close": "1.1411"
        },
        {
            "time": "12.01.2021 04:40",
            "open": "1.1411",
            "high": "1.1411",
            "low": "1.1411",
            "close": "1.1486"
        },
        {
            "time": "12.01.2021 04:42",
            "open": "1.1486",
            "high": "1.1486",
            "low": "1.1486",
            "close": "1.15"
        },
        {
            "time": "12.01.2021 04:43",
            "open": "1.15",
            "high": "1.15",
            "low": "1.15",
            "close": "1.1499"
        },
        {
            "time": "12.01.2021 04:44",
            "open": "1.1499",
            "high": "1.1499",
            "low": "1.1498",
            "close": "1.1471"
        },
        {
            "time": "12.01.2021 04:46",
            "open": "1.1471",
            "high": "1.1471",
            "low": "1.1469",
            "close": "1.147"
        },
        {
            "time": "12.01.2021 04:54",
            "open": "1.147",
            "high": "1.147",
            "low": "1.1469",
            "close": "1.15"
        },
        {
            "time": "12.01.2021 04:57",
            "open": "1.15",
            "high": "1.1524",
            "low": "1.15",
            "close": "1.155"
        },
        {
            "time": "12.01.2021 04:58",
            "open": "1.155",
            "high": "1.1567",
            "low": "1.155",
            "close": "1.1572"
        },
        {
            "time": "12.01.2021 05:00",
            "open": "1.1572",
            "high": "1.1572",
            "low": "1.1572",
            "close": "1.1588"
        },
        {
            "time": "12.01.2021 05:01",
            "open": "1.1588",
            "high": "1.1604",
            "low": "1.1588",
            "close": "1.1604"
        },
        {
            "time": "12.01.2021 05:04",
            "open": "1.1604",
            "high": "1.1604",
            "low": "1.1604",
            "close": "1.1593"
        },
        {
            "time": "12.01.2021 05:06",
            "open": "1.1593",
            "high": "1.1593",
            "low": "1.1593",
            "close": "1.1597"
        },
        {
            "time": "12.01.2021 05:09",
            "open": "1.1597",
            "high": "1.1597",
            "low": "1.1597",
            "close": "1.1598"
        },
        {
            "time": "12.01.2021 05:10",
            "open": "1.1598",
            "high": "1.1603",
            "low": "1.1598",
            "close": "1.1579"
        },
        {
            "time": "12.01.2021 05:11",
            "open": "1.1579",
            "high": "1.1579",
            "low": "1.1553",
            "close": "1.1547"
        },
        {
            "time": "12.01.2021 05:15",
            "open": "1.1547",
            "high": "1.1547",
            "low": "1.1547",
            "close": "1.153"
        },
        {
            "time": "12.01.2021 05:17",
            "open": "1.153",
            "high": "1.153",
            "low": "1.153",
            "close": "1.153"
        },
        {
            "time": "12.01.2021 05:18",
            "open": "1.153",
            "high": "1.153",
            "low": "1.153",
            "close": "1.1508"
        },
        {
            "time": "12.01.2021 05:19",
            "open": "1.1508",
            "high": "1.1508",
            "low": "1.1508",
            "close": "1.1497"
        },
        {
            "time": "12.01.2021 05:21",
            "open": "1.1497",
            "high": "1.1497",
            "low": "1.1497",
            "close": "1.1497"
        },
        {
            "time": "12.01.2021 05:24",
            "open": "1.1497",
            "high": "1.1542",
            "low": "1.1497",
            "close": "1.1544"
        },
        {
            "time": "12.01.2021 05:28",
            "open": "1.1544",
            "high": "1.1544",
            "low": "1.1544",
            "close": "1.1544"
        },
        {
            "time": "12.01.2021 05:31",
            "open": "1.1544",
            "high": "1.1544",
            "low": "1.1493",
            "close": "1.1502"
        },
        {
            "time": "12.01.2021 05:40",
            "open": "1.1502",
            "high": "1.1505",
            "low": "1.1502",
            "close": "1.1543"
        },
        {
            "time": "12.01.2021 05:41",
            "open": "1.1543",
            "high": "1.1543",
            "low": "1.1543",
            "close": "1.1484"
        },
        {
            "time": "12.01.2021 05:42",
            "open": "1.1484",
            "high": "1.1484",
            "low": "1.1484",
            "close": "1.1512"
        },
        {
            "time": "12.01.2021 05:44",
            "open": "1.1512",
            "high": "1.1513",
            "low": "1.1512",
            "close": "1.1559"
        },
        {
            "time": "12.01.2021 05:46",
            "open": "1.1559",
            "high": "1.1559",
            "low": "1.1559",
            "close": "1.1474"
        },
        {
            "time": "12.01.2021 05:53",
            "open": "1.1474",
            "high": "1.1474",
            "low": "1.1474",
            "close": "1.1467"
        },
        {
            "time": "12.01.2021 05:54",
            "open": "1.1467",
            "high": "1.1468",
            "low": "1.1467",
            "close": "1.1582"
        },
        {
            "time": "12.01.2021 05:55",
            "open": "1.1582",
            "high": "1.1582",
            "low": "1.1582",
            "close": "1.1582"
        },
        {
            "time": "12.01.2021 05:56",
            "open": "1.1582",
            "high": "1.1611",
            "low": "1.1582",
            "close": "1.1611"
        },
        {
            "time": "12.01.2021 06:00",
            "open": "1.1611",
            "high": "1.1611",
            "low": "1.1611",
            "close": "1.1637"
        },
        {
            "time": "12.01.2021 06:03",
            "open": "1.1637",
            "high": "1.1637",
            "low": "1.1637",
            "close": "1.164"
        },
        {
            "time": "12.01.2021 06:06",
            "open": "1.164",
            "high": "1.1669",
            "low": "1.164",
            "close": "1.1669"
        },
        {
            "time": "12.01.2021 06:09",
            "open": "1.1669",
            "high": "1.168",
            "low": "1.1669",
            "close": "1.1697"
        },
        {
            "time": "12.01.2021 06:10",
            "open": "1.1697",
            "high": "1.1735",
            "low": "1.169",
            "close": "1.1694"
        },
        {
            "time": "12.01.2021 06:22",
            "open": "1.1694",
            "high": "1.1704",
            "low": "1.1694",
            "close": "1.1755"
        },
        {
            "time": "12.01.2021 06:38",
            "open": "1.1755",
            "high": "1.1755",
            "low": "1.1755",
            "close": "1.1755"
        },
        {
            "time": "12.01.2021 06:39",
            "open": "1.1755",
            "high": "1.1786",
            "low": "1.1755",
            "close": "1.1771"
        },
        {
            "time": "12.01.2021 06:40",
            "open": "1.1771",
            "high": "1.1771",
            "low": "1.1771",
            "close": "1.178"
        },
        {
            "time": "12.01.2021 06:41",
            "open": "1.178",
            "high": "1.178",
            "low": "1.178",
            "close": "1.1786"
        },
        {
            "time": "12.01.2021 06:44",
            "open": "1.1786",
            "high": "1.1812",
            "low": "1.1786",
            "close": "1.1812"
        },
        {
            "time": "12.01.2021 06:45",
            "open": "1.1812",
            "high": "1.1838",
            "low": "1.1812",
            "close": "1.1847"
        },
        {
            "time": "12.01.2021 06:48",
            "open": "1.1847",
            "high": "1.1847",
            "low": "1.1847",
            "close": "1.1847"
        },
        {
            "time": "12.01.2021 06:57",
            "open": "1.1847",
            "high": "1.1871",
            "low": "1.1847",
            "close": "1.1872"
        },
        {
            "time": "12.01.2021 07:00",
            "open": "1.1872",
            "high": "1.1872",
            "low": "1.1872",
            "close": "1.1872"
        },
        {
            "time": "12.01.2021 07:02",
            "open": "1.1872",
            "high": "1.1872",
            "low": "1.1872",
            "close": "1.1899"
        },
        {
            "time": "12.01.2021 07:03",
            "open": "1.1899",
            "high": "1.1899",
            "low": "1.1899",
            "close": "1.19"
        },
        {
            "time": "12.01.2021 07:04",
            "open": "1.19",
            "high": "1.1904",
            "low": "1.19",
            "close": "1.1924"
        },
        {
            "time": "12.01.2021 07:05",
            "open": "1.1924",
            "high": "1.1924",
            "low": "1.1924",
            "close": "1.1919"
        },
        {
            "time": "12.01.2021 07:07",
            "open": "1.1919",
            "high": "1.1919",
            "low": "1.1919",
            "close": "1.1901"
        },
        {
            "time": "12.01.2021 07:10",
            "open": "1.1901",
            "high": "1.1901",
            "low": "1.1901",
            "close": "1.194"
        },
        {
            "time": "12.01.2021 07:11",
            "open": "1.194",
            "high": "1.194",
            "low": "1.194",
            "close": "1.1969"
        },
        {
            "time": "12.01.2021 07:19",
            "open": "1.1969",
            "high": "1.1979",
            "low": "1.1969",
            "close": "1.1998"
        },
        {
            "time": "12.01.2021 07:20",
            "open": "1.1998",
            "high": "1.2",
            "low": "1.1998",
            "close": "1.2"
        },
        {
            "time": "12.01.2021 07:21",
            "open": "1.2",
            "high": "1.2",
            "low": "1.2",
            "close": "1.205"
        },
        {
            "time": "12.01.2021 07:24",
            "open": "1.205",
            "high": "1.205",
            "low": "1.205",
            "close": "1.2038"
        },
        {
            "time": "12.01.2021 07:26",
            "open": "1.2038",
            "high": "1.2063",
            "low": "1.2038",
            "close": "1.206"
        },
        {
            "time": "12.01.2021 07:29",
            "open": "1.206",
            "high": "1.206",
            "low": "1.206",
            "close": "1.2066"
        },
        {
            "time": "12.01.2021 07:31",
            "open": "1.2066",
            "high": "1.2079",
            "low": "1.2066",
            "close": "1.2023"
        },
        {
            "time": "12.01.2021 07:34",
            "open": "1.2023",
            "high": "1.2023",
            "low": "1.2008",
            "close": "1.2022"
        },
        {
            "time": "12.01.2021 07:35",
            "open": "1.2022",
            "high": "1.2022",
            "low": "1.1956",
            "close": "1.2"
        },
        {
            "time": "12.01.2021 07:36",
            "open": "1.2",
            "high": "1.2",
            "low": "1.2",
            "close": "1.202"
        },
        {
            "time": "12.01.2021 07:37",
            "open": "1.202",
            "high": "1.202",
            "low": "1.2019",
            "close": "1.2062"
        },
        {
            "time": "12.01.2021 07:43",
            "open": "1.2062",
            "high": "1.2077",
            "low": "1.2062",
            "close": "1.208"
        },
        {
            "time": "12.01.2021 07:45",
            "open": "1.208",
            "high": "1.208",
            "low": "1.208",
            "close": "1.2092"
        },
        {
            "time": "12.01.2021 07:46",
            "open": "1.2092",
            "high": "1.2092",
            "low": "1.2092",
            "close": "1.2092"
        },
        {
            "time": "12.01.2021 07:47",
            "open": "1.2092",
            "high": "1.2106",
            "low": "1.2092",
            "close": "1.2108"
        },
        {
            "time": "12.01.2021 07:48",
            "open": "1.2108",
            "high": "1.2122",
            "low": "1.2108",
            "close": "1.2122"
        },
        {
            "time": "12.01.2021 07:49",
            "open": "1.2122",
            "high": "1.2122",
            "low": "1.2122",
            "close": "1.2114"
        },
        {
            "time": "12.01.2021 07:51",
            "open": "1.2114",
            "high": "1.2114",
            "low": "1.2114",
            "close": "1.2"
        },
        {
            "time": "12.01.2021 07:59",
            "open": "1.2",
            "high": "1.2003",
            "low": "1.2",
            "close": "1.2019"
        },
        {
            "time": "12.01.2021 08:01",
            "open": "1.2019",
            "high": "1.2019",
            "low": "1.2004",
            "close": "1.1999"
        },
        {
            "time": "12.01.2021 08:05",
            "open": "1.1999",
            "high": "1.1999",
            "low": "1.1978",
            "close": "1.1937"
        },
        {
            "time": "12.01.2021 08:08",
            "open": "1.1937",
            "high": "1.1937",
            "low": "1.1918",
            "close": "1.1853"
        },
        {
            "time": "12.01.2021 08:09",
            "open": "1.1853",
            "high": "1.1853",
            "low": "1.1853",
            "close": "1.1829"
        },
        {
            "time": "12.01.2021 08:11",
            "open": "1.1829",
            "high": "1.1875",
            "low": "1.1827",
            "close": "1.1893"
        },
        {
            "time": "12.01.2021 08:12",
            "open": "1.1893",
            "high": "1.1893",
            "low": "1.1861",
            "close": "1.1867"
        },
        {
            "time": "12.01.2021 08:15",
            "open": "1.1867",
            "high": "1.1867",
            "low": "1.1867",
            "close": "1.1869"
        },
        {
            "time": "12.01.2021 08:17",
            "open": "1.1869",
            "high": "1.1871",
            "low": "1.1869",
            "close": "1.1866"
        },
        {
            "time": "12.01.2021 08:19",
            "open": "1.1866",
            "high": "1.1871",
            "low": "1.1866",
            "close": "1.1866"
        },
        {
            "time": "12.01.2021 08:21",
            "open": "1.1866",
            "high": "1.1866",
            "low": "1.1866",
            "close": "1.1837"
        },
        {
            "time": "12.01.2021 08:22",
            "open": "1.1837",
            "high": "1.1837",
            "low": "1.1837",
            "close": "1.1871"
        },
        {
            "time": "12.01.2021 08:23",
            "open": "1.1871",
            "high": "1.189",
            "low": "1.1871",
            "close": "1.1919"
        },
        {
            "time": "12.01.2021 08:24",
            "open": "1.1919",
            "high": "1.1919",
            "low": "1.1919",
            "close": "1.1893"
        },
        {
            "time": "12.01.2021 08:25",
            "open": "1.1893",
            "high": "1.1893",
            "low": "1.1893",
            "close": "1.1919"
        },
        {
            "time": "12.01.2021 08:28",
            "open": "1.1919",
            "high": "1.1949",
            "low": "1.1919",
            "close": "1.1944"
        },
        {
            "time": "12.01.2021 08:30",
            "open": "1.1944",
            "high": "1.1944",
            "low": "1.1944",
            "close": "1.1949"
        },
        {
            "time": "12.01.2021 08:35",
            "open": "1.1949",
            "high": "1.1965",
            "low": "1.1949",
            "close": "1.1946"
        },
        {
            "time": "12.01.2021 08:36",
            "open": "1.1946",
            "high": "1.1946",
            "low": "1.1922",
            "close": "1.1979"
        },
        {
            "time": "12.01.2021 08:37",
            "open": "1.1979",
            "high": "1.1979",
            "low": "1.1979",
            "close": "1.1979"
        },
        {
            "time": "12.01.2021 08:38",
            "open": "1.1979",
            "high": "1.1984",
            "low": "1.1979",
            "close": "1.1995"
        },
        {
            "time": "12.01.2021 08:39",
            "open": "1.1995",
            "high": "1.1995",
            "low": "1.1993",
            "close": "1.2008"
        },
        {
            "time": "12.01.2021 08:40",
            "open": "1.2008",
            "high": "1.203",
            "low": "1.2008",
            "close": "1.2038"
        },
        {
            "time": "12.01.2021 08:41",
            "open": "1.2038",
            "high": "1.2038",
            "low": "1.2038",
            "close": "1.2038"
        },
        {
            "time": "12.01.2021 08:42",
            "open": "1.2038",
            "high": "1.2043",
            "low": "1.2038",
            "close": "1.2068"
        },
        {
            "time": "12.01.2021 08:43",
            "open": "1.2068",
            "high": "1.207",
            "low": "1.2068",
            "close": "1.207"
        },
        {
            "time": "12.01.2021 08:46",
            "open": "1.207",
            "high": "1.207",
            "low": "1.207",
            "close": "1.2062"
        },
        {
            "time": "12.01.2021 08:52",
            "open": "1.2062",
            "high": "1.2062",
            "low": "1.2062",
            "close": "1.1996"
        },
        {
            "time": "12.01.2021 08:54",
            "open": "1.1996",
            "high": "1.1996",
            "low": "1.1996",
            "close": "1.2002"
        },
        {
            "time": "12.01.2021 08:55",
            "open": "1.2002",
            "high": "1.2002",
            "low": "1.2002",
            "close": "1.2018"
        },
        {
            "time": "12.01.2021 08:56",
            "open": "1.2018",
            "high": "1.2018",
            "low": "1.2018",
            "close": "1.2002"
        },
        {
            "time": "12.01.2021 08:57",
            "open": "1.2002",
            "high": "1.2002",
            "low": "1.2002",
            "close": "1.1999"
        },
        {
            "time": "12.01.2021 09:00",
            "open": "1.1999",
            "high": "1.1999",
            "low": "1.1999",
            "close": "1.1939"
        },
        {
            "time": "12.01.2021 09:04",
            "open": "1.1939",
            "high": "1.1939",
            "low": "1.1928",
            "close": "1.1919"
        },
        {
            "time": "12.01.2021 09:07",
            "open": "1.1919",
            "high": "1.1939",
            "low": "1.1919",
            "close": "1.1925"
        },
        {
            "time": "12.01.2021 09:10",
            "open": "1.1925",
            "high": "1.1925",
            "low": "1.1925",
            "close": "1.1961"
        },
        {
            "time": "12.01.2021 09:12",
            "open": "1.1961",
            "high": "1.1961",
            "low": "1.196",
            "close": "1.1919"
        },
        {
            "time": "12.01.2021 09:17",
            "open": "1.1919",
            "high": "1.1919",
            "low": "1.1919",
            "close": "1.1931"
        },
        {
            "time": "12.01.2021 09:23",
            "open": "1.1931",
            "high": "1.1931",
            "low": "1.1931",
            "close": "1.1898"
        },
        {
            "time": "12.01.2021 09:25",
            "open": "1.1898",
            "high": "1.1898",
            "low": "1.1898",
            "close": "1.1847"
        },
        {
            "time": "12.01.2021 09:27",
            "open": "1.1847",
            "high": "1.1847",
            "low": "1.1839",
            "close": "1.1911"
        },
        {
            "time": "12.01.2021 09:28",
            "open": "1.1911",
            "high": "1.1911",
            "low": "1.1911",
            "close": "1.1911"
        },
        {
            "time": "12.01.2021 09:31",
            "open": "1.1911",
            "high": "1.1911",
            "low": "1.1911",
            "close": "1.1922"
        },
        {
            "time": "12.01.2021 09:38",
            "open": "1.1922",
            "high": "1.1922",
            "low": "1.1922",
            "close": "1.1911"
        },
        {
            "time": "12.01.2021 09:41",
            "open": "1.1911",
            "high": "1.1911",
            "low": "1.1907",
            "close": "1.1949"
        },
        {
            "time": "12.01.2021 09:42",
            "open": "1.1949",
            "high": "1.1949",
            "low": "1.1949",
            "close": "1.1814"
        },
        {
            "time": "12.01.2021 09:47",
            "open": "1.1814",
            "high": "1.1814",
            "low": "1.1814",
            "close": "1.1814"
        },
        {
            "time": "12.01.2021 09:48",
            "open": "1.1814",
            "high": "1.1814",
            "low": "1.1814",
            "close": "1.1782"
        },
        {
            "time": "12.01.2021 09:54",
            "open": "1.1782",
            "high": "1.1814",
            "low": "1.1782",
            "close": "1.1826"
        },
        {
            "time": "12.01.2021 09:55",
            "open": "1.1826",
            "high": "1.1826",
            "low": "1.1826",
            "close": "1.1821"
        },
        {
            "time": "12.01.2021 10:02",
            "open": "1.1821",
            "high": "1.1821",
            "low": "1.177",
            "close": "1.1763"
        },
        {
            "time": "12.01.2021 10:04",
            "open": "1.1763",
            "high": "1.1774",
            "low": "1.1748",
            "close": "1.1777"
        },
        {
            "time": "12.01.2021 10:09",
            "open": "1.1777",
            "high": "1.1777",
            "low": "1.1776",
            "close": "1.184"
        },
        {
            "time": "12.01.2021 10:10",
            "open": "1.184",
            "high": "1.184",
            "low": "1.1839",
            "close": "1.1869"
        },
        {
            "time": "12.01.2021 10:16",
            "open": "1.1869",
            "high": "1.1869",
            "low": "1.1824",
            "close": "1.1748"
        },
        {
            "time": "12.01.2021 10:23",
            "open": "1.1748",
            "high": "1.1748",
            "low": "1.1748",
            "close": "1.1788"
        },
        {
            "time": "12.01.2021 10:25",
            "open": "1.1788",
            "high": "1.1788",
            "low": "1.1788",
            "close": "1.1739"
        },
        {
            "time": "12.01.2021 10:26",
            "open": "1.1739",
            "high": "1.1739",
            "low": "1.1739",
            "close": "1.1759"
        },
        {
            "time": "12.01.2021 10:27",
            "open": "1.1759",
            "high": "1.1759",
            "low": "1.1754",
            "close": "1.1839"
        },
        {
            "time": "12.01.2021 10:32",
            "open": "1.1839",
            "high": "1.1864",
            "low": "1.1839",
            "close": "1.1864"
        },
        {
            "time": "12.01.2021 10:34",
            "open": "1.1864",
            "high": "1.1864",
            "low": "1.1864",
            "close": "1.1873"
        },
        {
            "time": "12.01.2021 10:40",
            "open": "1.1873",
            "high": "1.1873",
            "low": "1.1873",
            "close": "1.187"
        },
        {
            "time": "12.01.2021 10:42",
            "open": "1.187",
            "high": "1.187",
            "low": "1.187",
            "close": "1.1886"
        },
        {
            "time": "12.01.2021 10:46",
            "open": "1.1886",
            "high": "1.1893",
            "low": "1.1886",
            "close": "1.1854"
        },
        {
            "time": "12.01.2021 10:48",
            "open": "1.1854",
            "high": "1.1854",
            "low": "1.1839",
            "close": "1.1865"
        },
        {
            "time": "12.01.2021 10:58",
            "open": "1.1865",
            "high": "1.1866",
            "low": "1.1865",
            "close": "1.1871"
        },
        {
            "time": "12.01.2021 11:01",
            "open": "1.1871",
            "high": "1.1882",
            "low": "1.1871",
            "close": "1.1858"
        },
        {
            "time": "12.01.2021 11:05",
            "open": "1.1858",
            "high": "1.1858",
            "low": "1.1858",
            "close": "1.1671"
        },
        {
            "time": "12.01.2021 11:10",
            "open": "1.1671",
            "high": "1.1671",
            "low": "1.1671",
            "close": "1.1671"
        },
        {
            "time": "12.01.2021 11:11",
            "open": "1.1671",
            "high": "1.1671",
            "low": "1.165",
            "close": "1.1635"
        },
        {
            "time": "12.01.2021 11:13",
            "open": "1.1635",
            "high": "1.1635",
            "low": "1.1635",
            "close": "1.1652"
        },
        {
            "time": "12.01.2021 11:14",
            "open": "1.1652",
            "high": "1.1652",
            "low": "1.1652",
            "close": "1.159"
        },
        {
            "time": "12.01.2021 11:16",
            "open": "1.159",
            "high": "1.159",
            "low": "1.159",
            "close": "1.1595"
        },
        {
            "time": "12.01.2021 11:18",
            "open": "1.1595",
            "high": "1.1605",
            "low": "1.1595",
            "close": "1.1616"
        },
        {
            "time": "12.01.2021 11:19",
            "open": "1.1616",
            "high": "1.1666",
            "low": "1.1616",
            "close": "1.1606"
        },
        {
            "time": "12.01.2021 11:20",
            "open": "1.1606",
            "high": "1.1606",
            "low": "1.1606",
            "close": "1.1555"
        },
        {
            "time": "12.01.2021 11:21",
            "open": "1.1555",
            "high": "1.1555",
            "low": "1.1555",
            "close": "1.1555"
        },
        {
            "time": "12.01.2021 11:22",
            "open": "1.1555",
            "high": "1.1555",
            "low": "1.154",
            "close": "1.155"
        },
        {
            "time": "12.01.2021 11:25",
            "open": "1.155",
            "high": "1.155",
            "low": "1.1521",
            "close": "1.1521"
        },
        {
            "time": "12.01.2021 11:26",
            "open": "1.1521",
            "high": "1.1521",
            "low": "1.1515",
            "close": "1.15"
        },
        {
            "time": "12.01.2021 11:27",
            "open": "1.15",
            "high": "1.15",
            "low": "1.1451",
            "close": "1.1451"
        },
        {
            "time": "12.01.2021 11:28",
            "open": "1.1451",
            "high": "1.1451",
            "low": "1.1441",
            "close": "1.154"
        },
        {
            "time": "12.01.2021 11:31",
            "open": "1.154",
            "high": "1.154",
            "low": "1.154",
            "close": "1.1573"
        },
        {
            "time": "12.01.2021 11:32",
            "open": "1.1573",
            "high": "1.1573",
            "low": "1.1573",
            "close": "1.1547"
        },
        {
            "time": "12.01.2021 11:34",
            "open": "1.1547",
            "high": "1.1548",
            "low": "1.1547",
            "close": "1.146"
        },
        {
            "time": "12.01.2021 11:35",
            "open": "1.146",
            "high": "1.146",
            "low": "1.146",
            "close": "1.1537"
        },
        {
            "time": "12.01.2021 11:50",
            "open": "1.1537",
            "high": "1.1537",
            "low": "1.1537",
            "close": "1.1538"
        },
        {
            "time": "12.01.2021 11:53",
            "open": "1.1538",
            "high": "1.1538",
            "low": "1.1538",
            "close": "1.1591"
        },
        {
            "time": "12.01.2021 11:54",
            "open": "1.1591",
            "high": "1.1625",
            "low": "1.1591",
            "close": "1.1624"
        },
        {
            "time": "12.01.2021 11:55",
            "open": "1.1624",
            "high": "1.1624",
            "low": "1.1624",
            "close": "1.1598"
        },
        {
            "time": "12.01.2021 12:00",
            "open": "1.1598",
            "high": "1.1598",
            "low": "1.1598",
            "close": "1.1625"
        },
        {
            "time": "12.01.2021 12:01",
            "open": "1.1625",
            "high": "1.1625",
            "low": "1.1625",
            "close": "1.163"
        },
        {
            "time": "12.01.2021 12:02",
            "open": "1.163",
            "high": "1.163",
            "low": "1.163",
            "close": "1.163"
        },
        {
            "time": "12.01.2021 12:03",
            "open": "1.163",
            "high": "1.163",
            "low": "1.163",
            "close": "1.1654"
        },
        {
            "time": "12.01.2021 12:04",
            "open": "1.1654",
            "high": "1.166",
            "low": "1.1654",
            "close": "1.166"
        },
        {
            "time": "12.01.2021 12:08",
            "open": "1.166",
            "high": "1.1712",
            "low": "1.166",
            "close": "1.1717"
        },
        {
            "time": "12.01.2021 12:09",
            "open": "1.1717",
            "high": "1.1741",
            "low": "1.1717",
            "close": "1.1713"
        },
        {
            "time": "12.01.2021 12:10",
            "open": "1.1713",
            "high": "1.1713",
            "low": "1.1694",
            "close": "1.1677"
        },
        {
            "time": "12.01.2021 12:12",
            "open": "1.1677",
            "high": "1.1678",
            "low": "1.1676",
            "close": "1.1583"
        },
        {
            "time": "12.01.2021 12:47",
            "open": "1.1583",
            "high": "1.1583",
            "low": "1.1583",
            "close": "1.1643"
        },
        {
            "time": "12.01.2021 12:48",
            "open": "1.1643",
            "high": "1.1643",
            "low": "1.1643",
            "close": "1.1741"
        },
        {
            "time": "12.01.2021 13:04",
            "open": "1.1741",
            "high": "1.1799",
            "low": "1.1741",
            "close": "1.1809"
        },
        {
            "time": "12.01.2021 13:05",
            "open": "1.1809",
            "high": "1.1809",
            "low": "1.1809",
            "close": "1.1768"
        },
        {
            "time": "12.01.2021 13:11",
            "open": "1.1768",
            "high": "1.1768",
            "low": "1.1761",
            "close": "1.1755"
        },
        {
            "time": "12.01.2021 13:18",
            "open": "1.1755",
            "high": "1.1755",
            "low": "1.1755",
            "close": "1.1642"
        },
        {
            "time": "12.01.2021 13:33",
            "open": "1.1642",
            "high": "1.1642",
            "low": "1.1642",
            "close": "1.1642"
        },
        {
            "time": "12.01.2021 13:35",
            "open": "1.1642",
            "high": "1.1642",
            "low": "1.1642",
            "close": "1.1642"
        },
        {
            "time": "12.01.2021 13:36",
            "open": "1.1642",
            "high": "1.1642",
            "low": "1.164",
            "close": "1.161"
        },
        {
            "time": "12.01.2021 13:37",
            "open": "1.161",
            "high": "1.161",
            "low": "1.161",
            "close": "1.1613"
        },
        {
            "time": "12.01.2021 13:38",
            "open": "1.1613",
            "high": "1.1613",
            "low": "1.161",
            "close": "1.1619"
        },
        {
            "time": "12.01.2021 13:46",
            "open": "1.1619",
            "high": "1.1619",
            "low": "1.1619",
            "close": "1.1573"
        },
        {
            "time": "12.01.2021 13:51",
            "open": "1.1573",
            "high": "1.1573",
            "low": "1.1573",
            "close": "1.1618"
        },
        {
            "time": "12.01.2021 13:58",
            "open": "1.1618",
            "high": "1.1618",
            "low": "1.1618",
            "close": "1.1624"
        },
        {
            "time": "12.01.2021 14:07",
            "open": "1.1624",
            "high": "1.1659",
            "low": "1.1624",
            "close": "1.1653"
        },
        {
            "time": "12.01.2021 14:11",
            "open": "1.1653",
            "high": "1.1653",
            "low": "1.1653",
            "close": "1.1536"
        },
        {
            "time": "12.01.2021 14:24",
            "open": "1.1536",
            "high": "1.1536",
            "low": "1.1536",
            "close": "1.1471"
        },
        {
            "time": "12.01.2021 14:36",
            "open": "1.1471",
            "high": "1.1471",
            "low": "1.146",
            "close": "1.141"
        },
        {
            "time": "12.01.2021 14:39",
            "open": "1.141",
            "high": "1.141",
            "low": "1.141",
            "close": "1.1406"
        },
        {
            "time": "12.01.2021 14:40",
            "open": "1.1406",
            "high": "1.1417",
            "low": "1.1359",
            "close": "1.1359"
        },
        {
            "time": "12.01.2021 14:42",
            "open": "1.1359",
            "high": "1.1359",
            "low": "1.1359",
            "close": "1.1331"
        },
        {
            "time": "12.01.2021 14:43",
            "open": "1.1331",
            "high": "1.1331",
            "low": "1.1317",
            "close": "1.1327"
        },
        {
            "time": "12.01.2021 14:45",
            "open": "1.1327",
            "high": "1.1327",
            "low": "1.1327",
            "close": "1.1199"
        },
        {
            "time": "12.01.2021 14:50",
            "open": "1.1199",
            "high": "1.1199",
            "low": "1.1199",
            "close": "1.122"
        },
        {
            "time": "12.01.2021 14:51",
            "open": "1.122",
            "high": "1.122",
            "low": "1.122",
            "close": "1.1227"
        },
        {
            "time": "12.01.2021 14:52",
            "open": "1.1227",
            "high": "1.123",
            "low": "1.1216",
            "close": "1.122"
        },
        {
            "time": "12.01.2021 14:54",
            "open": "1.122",
            "high": "1.122",
            "low": "1.122",
            "close": "1.122"
        },
        {
            "time": "12.01.2021 14:55",
            "open": "1.122",
            "high": "1.122",
            "low": "1.1175",
            "close": "1.1175"
        },
        {
            "time": "12.01.2021 14:56",
            "open": "1.1175",
            "high": "1.1175",
            "low": "1.1175",
            "close": "1.1138"
        },
        {
            "time": "12.01.2021 14:57",
            "open": "1.1138",
            "high": "1.1138",
            "low": "1.1072",
            "close": "1.102"
        },
        {
            "time": "12.01.2021 14:58",
            "open": "1.102",
            "high": "1.11",
            "low": "1.1017",
            "close": "1.1137"
        },
        {
            "time": "12.01.2021 14:59",
            "open": "1.1137",
            "high": "1.1137",
            "low": "1.1137",
            "close": "1.1164"
        },
        {
            "time": "12.01.2021 15:00",
            "open": "1.1164",
            "high": "1.1164",
            "low": "1.1164",
            "close": "1.1265"
        },
        {
            "time": "12.01.2021 15:01",
            "open": "1.1265",
            "high": "1.1278",
            "low": "1.125",
            "close": "1.1264"
        },
        {
            "time": "12.01.2021 15:04",
            "open": "1.1264",
            "high": "1.129",
            "low": "1.1264",
            "close": "1.1191"
        },
        {
            "time": "12.01.2021 15:07",
            "open": "1.1191",
            "high": "1.1202",
            "low": "1.1191",
            "close": "1.1277"
        },
        {
            "time": "12.01.2021 15:10",
            "open": "1.1277",
            "high": "1.1287",
            "low": "1.1277",
            "close": "1.1282"
        },
        {
            "time": "12.01.2021 15:12",
            "open": "1.1282",
            "high": "1.1282",
            "low": "1.1282",
            "close": "1.1282"
        },
        {
            "time": "12.01.2021 15:16",
            "open": "1.1282",
            "high": "1.1298",
            "low": "1.1282",
            "close": "1.1168"
        },
        {
            "time": "12.01.2021 15:21",
            "open": "1.1168",
            "high": "1.1173",
            "low": "1.1167",
            "close": "1.123"
        },
        {
            "time": "12.01.2021 15:22",
            "open": "1.123",
            "high": "1.123",
            "low": "1.123",
            "close": "1.121"
        },
        {
            "time": "12.01.2021 15:23",
            "open": "1.121",
            "high": "1.121",
            "low": "1.121",
            "close": "1.1049"
        },
        {
            "time": "12.01.2021 15:24",
            "open": "1.1049",
            "high": "1.1126",
            "low": "1.1049",
            "close": "1.1107"
        },
        {
            "time": "12.01.2021 15:25",
            "open": "1.1107",
            "high": "1.1107",
            "low": "1.1102",
            "close": "1.1"
        },
        {
            "time": "12.01.2021 15:27",
            "open": "1.1",
            "high": "1.1",
            "low": "1.1",
            "close": "1.1042"
        },
        {
            "time": "12.01.2021 15:28",
            "open": "1.1042",
            "high": "1.1042",
            "low": "1.1042",
            "close": "1.099"
        },
        {
            "time": "12.01.2021 15:29",
            "open": "1.099",
            "high": "1.099",
            "low": "1.0939",
            "close": "1.0975"
        },
        {
            "time": "12.01.2021 15:30",
            "open": "1.0975",
            "high": "1.11",
            "low": "1.0975",
            "close": "1.1096"
        },
        {
            "time": "12.01.2021 15:31",
            "open": "1.1096",
            "high": "1.1096",
            "low": "1.1096",
            "close": "1.1038"
        },
        {
            "time": "12.01.2021 15:32",
            "open": "1.1038",
            "high": "1.1038",
            "low": "1.1",
            "close": "1.1025"
        },
        {
            "time": "12.01.2021 15:33",
            "open": "1.1025",
            "high": "1.1025",
            "low": "1.0873",
            "close": "1.1034"
        },
        {
            "time": "12.01.2021 15:34",
            "open": "1.1034",
            "high": "1.1034",
            "low": "1.1034",
            "close": "1.0974"
        },
        {
            "time": "12.01.2021 15:35",
            "open": "1.0974",
            "high": "1.0974",
            "low": "1.0857",
            "close": "1.0889"
        },
        {
            "time": "12.01.2021 15:36",
            "open": "1.0889",
            "high": "1.0889",
            "low": "1.0889",
            "close": "1.0981"
        },
        {
            "time": "12.01.2021 15:39",
            "open": "1.0981",
            "high": "1.0981",
            "low": "1.0942",
            "close": "1.1054"
        },
        {
            "time": "12.01.2021 15:40",
            "open": "1.1054",
            "high": "1.1055",
            "low": "1.1054",
            "close": "1.1055"
        },
        {
            "time": "12.01.2021 15:42",
            "open": "1.1055",
            "high": "1.1062",
            "low": "1.1055",
            "close": "1.1073"
        },
        {
            "time": "12.01.2021 15:43",
            "open": "1.1073",
            "high": "1.1074",
            "low": "1.1072",
            "close": "1.1165"
        },
        {
            "time": "12.01.2021 15:47",
            "open": "1.1165",
            "high": "1.1165",
            "low": "1.1164",
            "close": "1.1198"
        },
        {
            "time": "12.01.2021 15:48",
            "open": "1.1198",
            "high": "1.1198",
            "low": "1.1198",
            "close": "1.1016"
        },
        {
            "time": "12.01.2021 15:50",
            "open": "1.1016",
            "high": "1.1016",
            "low": "1.1016",
            "close": "1.1119"
        },
        {
            "time": "12.01.2021 15:52",
            "open": "1.1119",
            "high": "1.112",
            "low": "1.1119",
            "close": "1.1249"
        },
        {
            "time": "12.01.2021 15:54",
            "open": "1.1249",
            "high": "1.1249",
            "low": "1.1249",
            "close": "1.1187"
        },
        {
            "time": "12.01.2021 15:59",
            "open": "1.1187",
            "high": "1.1187",
            "low": "1.1187",
            "close": "1.1187"
        },
        {
            "time": "12.01.2021 16:00",
            "open": "1.1187",
            "high": "1.1288",
            "low": "1.1187",
            "close": "1.1288"
        },
        {
            "time": "12.01.2021 16:02",
            "open": "1.1288",
            "high": "1.1324",
            "low": "1.1288",
            "close": "1.1264"
        },
        {
            "time": "12.01.2021 16:06",
            "open": "1.1264",
            "high": "1.1264",
            "low": "1.1264",
            "close": "1.1264"
        },
        {
            "time": "12.01.2021 16:07",
            "open": "1.1264",
            "high": "1.1264",
            "low": "1.1264",
            "close": "1.1304"
        },
        {
            "time": "12.01.2021 16:10",
            "open": "1.1304",
            "high": "1.1306",
            "low": "1.1304",
            "close": "1.1339"
        },
        {
            "time": "12.01.2021 16:13",
            "open": "1.1339",
            "high": "1.1339",
            "low": "1.1339",
            "close": "1.1259"
        },
        {
            "time": "12.01.2021 16:15",
            "open": "1.1259",
            "high": "1.1344",
            "low": "1.1259",
            "close": "1.1257"
        },
        {
            "time": "12.01.2021 16:16",
            "open": "1.1257",
            "high": "1.1257",
            "low": "1.1257",
            "close": "1.1304"
        },
        {
            "time": "12.01.2021 16:20",
            "open": "1.1304",
            "high": "1.1304",
            "low": "1.1304",
            "close": "1.1278"
        },
        {
            "time": "12.01.2021 16:21",
            "open": "1.1278",
            "high": "1.1278",
            "low": "1.1278",
            "close": "1.1334"
        },
        {
            "time": "12.01.2021 16:22",
            "open": "1.1334",
            "high": "1.138",
            "low": "1.1334",
            "close": "1.138"
        },
        {
            "time": "12.01.2021 16:23",
            "open": "1.138",
            "high": "1.138",
            "low": "1.138",
            "close": "1.14"
        },
        {
            "time": "12.01.2021 16:26",
            "open": "1.14",
            "high": "1.14",
            "low": "1.14",
            "close": "1.1379"
        },
        {
            "time": "12.01.2021 16:27",
            "open": "1.1379",
            "high": "1.1379",
            "low": "1.1379",
            "close": "1.1379"
        },
        {
            "time": "12.01.2021 16:29",
            "open": "1.1379",
            "high": "1.1379",
            "low": "1.1379",
            "close": "1.1243"
        },
        {
            "time": "12.01.2021 16:33",
            "open": "1.1243",
            "high": "1.1293",
            "low": "1.1243",
            "close": "1.1254"
        },
        {
            "time": "12.01.2021 16:34",
            "open": "1.1254",
            "high": "1.1254",
            "low": "1.1254",
            "close": "1.1254"
        },
        {
            "time": "12.01.2021 16:35",
            "open": "1.1254",
            "high": "1.1254",
            "low": "1.1254",
            "close": "1.126"
        },
        {
            "time": "12.01.2021 16:36",
            "open": "1.126",
            "high": "1.1313",
            "low": "1.126",
            "close": "1.1345"
        },
        {
            "time": "12.01.2021 16:38",
            "open": "1.1345",
            "high": "1.1345",
            "low": "1.1289",
            "close": "1.1285"
        },
        {
            "time": "12.01.2021 16:39",
            "open": "1.1285",
            "high": "1.1285",
            "low": "1.1285",
            "close": "1.137"
        },
        {
            "time": "12.01.2021 16:52",
            "open": "1.137",
            "high": "1.137",
            "low": "1.137",
            "close": "1.1362"
        },
        {
            "time": "12.01.2021 16:56",
            "open": "1.1362",
            "high": "1.1362",
            "low": "1.1362",
            "close": "1.1397"
        },
        {
            "time": "12.01.2021 17:00",
            "open": "1.1397",
            "high": "1.1399",
            "low": "1.1397",
            "close": "1.14"
        },
        {
            "time": "12.01.2021 17:01",
            "open": "1.14",
            "high": "1.1463",
            "low": "1.14",
            "close": "1.1483"
        },
        {
            "time": "12.01.2021 17:02",
            "open": "1.1483",
            "high": "1.1493",
            "low": "1.1483",
            "close": "1.1511"
        },
        {
            "time": "12.01.2021 17:03",
            "open": "1.1511",
            "high": "1.1511",
            "low": "1.1511",
            "close": "1.1511"
        },
        {
            "time": "12.01.2021 17:04",
            "open": "1.1511",
            "high": "1.1511",
            "low": "1.1511",
            "close": "1.1524"
        },
        {
            "time": "12.01.2021 17:05",
            "open": "1.1524",
            "high": "1.1553",
            "low": "1.1524",
            "close": "1.1567"
        },
        {
            "time": "12.01.2021 17:06",
            "open": "1.1567",
            "high": "1.1579",
            "low": "1.1567",
            "close": "1.1523"
        },
        {
            "time": "12.01.2021 17:07",
            "open": "1.1523",
            "high": "1.1523",
            "low": "1.1523",
            "close": "1.157"
        },
        {
            "time": "12.01.2021 17:08",
            "open": "1.157",
            "high": "1.157",
            "low": "1.157",
            "close": "1.152"
        },
        {
            "time": "12.01.2021 17:09",
            "open": "1.152",
            "high": "1.152",
            "low": "1.152",
            "close": "1.1554"
        },
        {
            "time": "12.01.2021 17:10",
            "open": "1.1554",
            "high": "1.1554",
            "low": "1.1554",
            "close": "1.1576"
        },
        {
            "time": "12.01.2021 17:12",
            "open": "1.1576",
            "high": "1.1576",
            "low": "1.1576",
            "close": "1.1511"
        },
        {
            "time": "12.01.2021 17:16",
            "open": "1.1511",
            "high": "1.1511",
            "low": "1.1498",
            "close": "1.1595"
        },
        {
            "time": "12.01.2021 17:19",
            "open": "1.1595",
            "high": "1.1633",
            "low": "1.1595",
            "close": "1.1491"
        },
        {
            "time": "12.01.2021 17:31",
            "open": "1.1491",
            "high": "1.1491",
            "low": "1.1491",
            "close": "1.159"
        },
        {
            "time": "12.01.2021 17:44",
            "open": "1.159",
            "high": "1.159",
            "low": "1.159",
            "close": "1.1559"
        },
        {
            "time": "12.01.2021 17:51",
            "open": "1.1559",
            "high": "1.1559",
            "low": "1.1559",
            "close": "1.1651"
        },
        {
            "time": "12.01.2021 17:54",
            "open": "1.1651",
            "high": "1.1651",
            "low": "1.1651",
            "close": "1.1679"
        },
        {
            "time": "12.01.2021 17:57",
            "open": "1.1679",
            "high": "1.17",
            "low": "1.1679",
            "close": "1.17"
        },
        {
            "time": "12.01.2021 17:58",
            "open": "1.17",
            "high": "1.1707",
            "low": "1.17",
            "close": "1.1707"
        },
        {
            "time": "12.01.2021 17:59",
            "open": "1.1707",
            "high": "1.1709",
            "low": "1.1707",
            "close": "1.17"
        },
        {
            "time": "12.01.2021 18:04",
            "open": "1.17",
            "high": "1.17",
            "low": "1.17",
            "close": "1.1735"
        },
        {
            "time": "12.01.2021 18:07",
            "open": "1.1735",
            "high": "1.1764",
            "low": "1.1735",
            "close": "1.1769"
        },
        {
            "time": "12.01.2021 18:09",
            "open": "1.1769",
            "high": "1.1771",
            "low": "1.1769",
            "close": "1.175"
        },
        {
            "time": "12.01.2021 18:13",
            "open": "1.175",
            "high": "1.175",
            "low": "1.1723",
            "close": "1.1706"
        },
        {
            "time": "12.01.2021 18:14",
            "open": "1.1706",
            "high": "1.1711",
            "low": "1.1706",
            "close": "1.1694"
        },
        {
            "time": "12.01.2021 18:15",
            "open": "1.1694",
            "high": "1.1694",
            "low": "1.1694",
            "close": "1.1708"
        },
        {
            "time": "12.01.2021 18:17",
            "open": "1.1708",
            "high": "1.1708",
            "low": "1.1708",
            "close": "1.1689"
        },
        {
            "time": "12.01.2021 18:20",
            "open": "1.1689",
            "high": "1.1689",
            "low": "1.1689",
            "close": "1.1619"
        },
        {
            "time": "12.01.2021 18:22",
            "open": "1.1619",
            "high": "1.1632",
            "low": "1.1585",
            "close": "1.1608"
        },
        {
            "time": "12.01.2021 18:25",
            "open": "1.1608",
            "high": "1.1608",
            "low": "1.1608",
            "close": "1.1631"
        },
        {
            "time": "12.01.2021 18:26",
            "open": "1.1631",
            "high": "1.1636",
            "low": "1.1631",
            "close": "1.1645"
        },
        {
            "time": "12.01.2021 18:27",
            "open": "1.1645",
            "high": "1.1645",
            "low": "1.1645",
            "close": "1.1608"
        },
        {
            "time": "12.01.2021 18:29",
            "open": "1.1608",
            "high": "1.1608",
            "low": "1.1608",
            "close": "1.1628"
        },
        {
            "time": "12.01.2021 18:31",
            "open": "1.1628",
            "high": "1.1628",
            "low": "1.1628",
            "close": "1.165"
        },
        {
            "time": "12.01.2021 18:32",
            "open": "1.165",
            "high": "1.165",
            "low": "1.165",
            "close": "1.1661"
        },
        {
            "time": "12.01.2021 18:38",
            "open": "1.1661",
            "high": "1.1753",
            "low": "1.1661",
            "close": "1.1749"
        },
        {
            "time": "12.01.2021 18:40",
            "open": "1.1749",
            "high": "1.1749",
            "low": "1.1749",
            "close": "1.1711"
        },
        {
            "time": "12.01.2021 18:42",
            "open": "1.1711",
            "high": "1.176",
            "low": "1.169",
            "close": "1.1788"
        },
        {
            "time": "12.01.2021 18:46",
            "open": "1.1788",
            "high": "1.1818",
            "low": "1.1788",
            "close": "1.1826"
        },
        {
            "time": "12.01.2021 18:48",
            "open": "1.1826",
            "high": "1.1826",
            "low": "1.1826",
            "close": "1.1832"
        },
        {
            "time": "12.01.2021 18:49",
            "open": "1.1832",
            "high": "1.1833",
            "low": "1.1821",
            "close": "1.1793"
        },
        {
            "time": "12.01.2021 18:54",
            "open": "1.1793",
            "high": "1.1793",
            "low": "1.1793",
            "close": "1.1824"
        },
        {
            "time": "12.01.2021 18:55",
            "open": "1.1824",
            "high": "1.1824",
            "low": "1.1824",
            "close": "1.18"
        },
        {
            "time": "12.01.2021 18:57",
            "open": "1.18",
            "high": "1.18",
            "low": "1.18",
            "close": "1.178"
        },
        {
            "time": "12.01.2021 18:59",
            "open": "1.178",
            "high": "1.178",
            "low": "1.178",
            "close": "1.1763"
        },
        {
            "time": "12.01.2021 19:01",
            "open": "1.1763",
            "high": "1.1763",
            "low": "1.1742",
            "close": "1.1742"
        },
        {
            "time": "12.01.2021 19:02",
            "open": "1.1742",
            "high": "1.1742",
            "low": "1.1742",
            "close": "1.1811"
        },
        {
            "time": "12.01.2021 19:06",
            "open": "1.1811",
            "high": "1.1811",
            "low": "1.1811",
            "close": "1.1823"
        },
        {
            "time": "12.01.2021 19:10",
            "open": "1.1823",
            "high": "1.1823",
            "low": "1.1823",
            "close": "1.1811"
        },
        {
            "time": "12.01.2021 19:12",
            "open": "1.1811",
            "high": "1.1811",
            "low": "1.1792",
            "close": "1.1704"
        },
        {
            "time": "12.01.2021 19:25",
            "open": "1.1704",
            "high": "1.1704",
            "low": "1.1704",
            "close": "1.1676"
        },
        {
            "time": "12.01.2021 19:27",
            "open": "1.1676",
            "high": "1.1676",
            "low": "1.1676",
            "close": "1.1676"
        },
        {
            "time": "12.01.2021 19:29",
            "open": "1.1676",
            "high": "1.1676",
            "low": "1.1676",
            "close": "1.1615"
        },
        {
            "time": "12.01.2021 19:31",
            "open": "1.1615",
            "high": "1.1615",
            "low": "1.1615",
            "close": "1.1608"
        },
        {
            "time": "12.01.2021 19:38",
            "open": "1.1608",
            "high": "1.1608",
            "low": "1.1608",
            "close": "1.1629"
        },
        {
            "time": "12.01.2021 19:39",
            "open": "1.1629",
            "high": "1.163",
            "low": "1.1629",
            "close": "1.162"
        },
        {
            "time": "12.01.2021 19:42",
            "open": "1.162",
            "high": "1.162",
            "low": "1.162",
            "close": "1.1652"
        },
        {
            "time": "12.01.2021 19:43",
            "open": "1.1652",
            "high": "1.1652",
            "low": "1.1652",
            "close": "1.1678"
        },
        {
            "time": "12.01.2021 19:44",
            "open": "1.1678",
            "high": "1.1678",
            "low": "1.1678",
            "close": "1.158"
        },
        {
            "time": "12.01.2021 19:53",
            "open": "1.158",
            "high": "1.158",
            "low": "1.158",
            "close": "1.1585"
        },
        {
            "time": "12.01.2021 20:04",
            "open": "1.1585",
            "high": "1.1585",
            "low": "1.1585",
            "close": "1.1568"
        },
        {
            "time": "12.01.2021 20:05",
            "open": "1.1568",
            "high": "1.1568",
            "low": "1.1568",
            "close": "1.1525"
        },
        {
            "time": "12.01.2021 20:06",
            "open": "1.1525",
            "high": "1.1525",
            "low": "1.1525",
            "close": "1.1566"
        },
        {
            "time": "12.01.2021 20:07",
            "open": "1.1566",
            "high": "1.1566",
            "low": "1.1566",
            "close": "1.1529"
        },
        {
            "time": "12.01.2021 20:11",
            "open": "1.1529",
            "high": "1.1543",
            "low": "1.1529",
            "close": "1.1532"
        },
        {
            "time": "12.01.2021 20:12",
            "open": "1.1532",
            "high": "1.1532",
            "low": "1.1532",
            "close": "1.1549"
        },
        {
            "time": "12.01.2021 20:16",
            "open": "1.1549",
            "high": "1.1549",
            "low": "1.1549",
            "close": "1.1448"
        },
        {
            "time": "12.01.2021 20:25",
            "open": "1.1448",
            "high": "1.1448",
            "low": "1.1447",
            "close": "1.1447"
        },
        {
            "time": "12.01.2021 20:26",
            "open": "1.1447",
            "high": "1.1447",
            "low": "1.1447",
            "close": "1.1458"
        },
        {
            "time": "12.01.2021 20:27",
            "open": "1.1458",
            "high": "1.1458",
            "low": "1.1447",
            "close": "1.1459"
        },
        {
            "time": "12.01.2021 20:30",
            "open": "1.1459",
            "high": "1.1482",
            "low": "1.1459",
            "close": "1.1441"
        },
        {
            "time": "12.01.2021 20:33",
            "open": "1.1441",
            "high": "1.1441",
            "low": "1.1441",
            "close": "1.1405"
        },
        {
            "time": "12.01.2021 20:34",
            "open": "1.1405",
            "high": "1.1405",
            "low": "1.1405",
            "close": "1.1374"
        },
        {
            "time": "12.01.2021 20:40",
            "open": "1.1374",
            "high": "1.1374",
            "low": "1.1317",
            "close": "1.1317"
        },
        {
            "time": "12.01.2021 20:45",
            "open": "1.1317",
            "high": "1.1317",
            "low": "1.1317",
            "close": "1.1314"
        },
        {
            "time": "12.01.2021 20:46",
            "open": "1.1314",
            "high": "1.1345",
            "low": "1.1314",
            "close": "1.1405"
        },
        {
            "time": "12.01.2021 20:48",
            "open": "1.1405",
            "high": "1.1405",
            "low": "1.1405",
            "close": "1.155"
        },
        {
            "time": "12.01.2021 20:55",
            "open": "1.155",
            "high": "1.155",
            "low": "1.155",
            "close": "1.1414"
        },
        {
            "time": "12.01.2021 21:14",
            "open": "1.1414",
            "high": "1.1455",
            "low": "1.1414",
            "close": "1.1395"
        },
        {
            "time": "12.01.2021 21:16",
            "open": "1.1395",
            "high": "1.1395",
            "low": "1.1395",
            "close": "1.1395"
        },
        {
            "time": "12.01.2021 21:17",
            "open": "1.1395",
            "high": "1.1395",
            "low": "1.1395",
            "close": "1.1391"
        },
        {
            "time": "12.01.2021 21:23",
            "open": "1.1391",
            "high": "1.1391",
            "low": "1.1391",
            "close": "1.1331"
        },
        {
            "time": "12.01.2021 21:24",
            "open": "1.1331",
            "high": "1.1331",
            "low": "1.1331",
            "close": "1.1337"
        },
        {
            "time": "12.01.2021 21:25",
            "open": "1.1337",
            "high": "1.1374",
            "low": "1.1337",
            "close": "1.1415"
        },
        {
            "time": "12.01.2021 21:26",
            "open": "1.1415",
            "high": "1.1456",
            "low": "1.1414",
            "close": "1.1469"
        },
        {
            "time": "12.01.2021 21:27",
            "open": "1.1469",
            "high": "1.1469",
            "low": "1.1469",
            "close": "1.1486"
        },
        {
            "time": "12.01.2021 21:28",
            "open": "1.1486",
            "high": "1.1486",
            "low": "1.1486",
            "close": "1.1438"
        },
        {
            "time": "12.01.2021 21:30",
            "open": "1.1438",
            "high": "1.1438",
            "low": "1.1403",
            "close": "1.1339"
        },
        {
            "time": "12.01.2021 21:35",
            "open": "1.1339",
            "high": "1.1339",
            "low": "1.1339",
            "close": "1.1348"
        },
        {
            "time": "12.01.2021 21:36",
            "open": "1.1348",
            "high": "1.1348",
            "low": "1.1348",
            "close": "1.1389"
        },
        {
            "time": "12.01.2021 21:37",
            "open": "1.1389",
            "high": "1.1389",
            "low": "1.1389",
            "close": "1.1363"
        },
        {
            "time": "12.01.2021 21:42",
            "open": "1.1363",
            "high": "1.1363",
            "low": "1.1363",
            "close": "1.1433"
        },
        {
            "time": "12.01.2021 21:46",
            "open": "1.1433",
            "high": "1.1433",
            "low": "1.1433",
            "close": "1.1439"
        },
        {
            "time": "12.01.2021 21:52",
            "open": "1.1439",
            "high": "1.1474",
            "low": "1.1439",
            "close": "1.1427"
        },
        {
            "time": "12.01.2021 21:53",
            "open": "1.1427",
            "high": "1.1427",
            "low": "1.1427",
            "close": "1.1449"
        },
        {
            "time": "12.01.2021 21:54",
            "open": "1.1449",
            "high": "1.1658",
            "low": "1.1449",
            "close": "1.1547"
        },
        {
            "time": "12.01.2021 21:56",
            "open": "1.1547",
            "high": "1.1547",
            "low": "1.1547",
            "close": "1.1567"
        },
        {
            "time": "12.01.2021 21:57",
            "open": "1.1567",
            "high": "1.1567",
            "low": "1.1542",
            "close": "1.1566"
        },
        {
            "time": "12.01.2021 21:58",
            "open": "1.1566",
            "high": "1.1568",
            "low": "1.1562",
            "close": "1.1568"
        },
        {
            "time": "12.01.2021 21:59",
            "open": "1.1568",
            "high": "1.163",
            "low": "1.1568",
            "close": "1.1553"
        },
        {
            "time": "12.01.2021 22:00",
            "open": "1.1553",
            "high": "1.1553",
            "low": "1.1535",
            "close": "1.1535"
        },
        {
            "time": "12.01.2021 22:02",
            "open": "1.1535",
            "high": "1.1535",
            "low": "1.1535",
            "close": "1.1535"
        },
        {
            "time": "12.01.2021 22:04",
            "open": "1.1535",
            "high": "1.1535",
            "low": "1.1535",
            "close": "1.1445"
        },
        {
            "time": "12.01.2021 22:06",
            "open": "1.1445",
            "high": "1.1445",
            "low": "1.1445",
            "close": "1.1486"
        },
        {
            "time": "12.01.2021 22:10",
            "open": "1.1486",
            "high": "1.1538",
            "low": "1.1486",
            "close": "1.1524"
        },
        {
            "time": "12.01.2021 22:16",
            "open": "1.1524",
            "high": "1.1524",
            "low": "1.1524",
            "close": "1.1469"
        },
        {
            "time": "12.01.2021 22:19",
            "open": "1.1469",
            "high": "1.1469",
            "low": "1.1451",
            "close": "1.1382"
        },
        {
            "time": "12.01.2021 22:25",
            "open": "1.1382",
            "high": "1.1382",
            "low": "1.1382",
            "close": "1.1409"
        },
        {
            "time": "12.01.2021 22:27",
            "open": "1.1409",
            "high": "1.1434",
            "low": "1.1409",
            "close": "1.1434"
        },
        {
            "time": "12.01.2021 22:28",
            "open": "1.1434",
            "high": "1.145",
            "low": "1.1434",
            "close": "1.1452"
        },
        {
            "time": "12.01.2021 22:29",
            "open": "1.1452",
            "high": "1.1452",
            "low": "1.1452",
            "close": "1.141"
        },
        {
            "time": "12.01.2021 22:30",
            "open": "1.141",
            "high": "1.1419",
            "low": "1.1402",
            "close": "1.1412"
        },
        {
            "time": "12.01.2021 22:32",
            "open": "1.1412",
            "high": "1.1415",
            "low": "1.1412",
            "close": "1.1406"
        },
        {
            "time": "12.01.2021 22:33",
            "open": "1.1406",
            "high": "1.1406",
            "low": "1.1406",
            "close": "1.1302"
        },
        {
            "time": "12.01.2021 22:35",
            "open": "1.1302",
            "high": "1.1302",
            "low": "1.1302",
            "close": "1.1353"
        },
        {
            "time": "12.01.2021 22:40",
            "open": "1.1353",
            "high": "1.1353",
            "low": "1.1347",
            "close": "1.1353"
        },
        {
            "time": "12.01.2021 22:41",
            "open": "1.1353",
            "high": "1.1381",
            "low": "1.1353",
            "close": "1.1381"
        },
        {
            "time": "12.01.2021 22:44",
            "open": "1.1381",
            "high": "1.1414",
            "low": "1.1381",
            "close": "1.1367"
        },
        {
            "time": "12.01.2021 22:45",
            "open": "1.1367",
            "high": "1.1367",
            "low": "1.1367",
            "close": "1.1438"
        },
        {
            "time": "12.01.2021 22:47",
            "open": "1.1438",
            "high": "1.1438",
            "low": "1.1438",
            "close": "1.1438"
        },
        {
            "time": "12.01.2021 22:48",
            "open": "1.1438",
            "high": "1.1438",
            "low": "1.1438",
            "close": "1.1466"
        },
        {
            "time": "12.01.2021 22:49",
            "open": "1.1466",
            "high": "1.1522",
            "low": "1.1466",
            "close": "1.1513"
        },
        {
            "time": "12.01.2021 22:50",
            "open": "1.1513",
            "high": "1.1513",
            "low": "1.1512",
            "close": "1.1469"
        },
        {
            "time": "12.01.2021 22:51",
            "open": "1.1469",
            "high": "1.1469",
            "low": "1.1469",
            "close": "1.1499"
        },
        {
            "time": "12.01.2021 22:52",
            "open": "1.1499",
            "high": "1.1551",
            "low": "1.1499",
            "close": "1.1551"
        },
        {
            "time": "12.01.2021 22:53",
            "open": "1.1551",
            "high": "1.1581",
            "low": "1.1551",
            "close": "1.1587"
        },
        {
            "time": "12.01.2021 22:56",
            "open": "1.1587",
            "high": "1.1588",
            "low": "1.1587",
            "close": "1.1588"
        },
        {
            "time": "12.01.2021 22:58",
            "open": "1.1588",
            "high": "1.1588",
            "low": "1.1588",
            "close": "1.1584"
        },
        {
            "time": "12.01.2021 23:00",
            "open": "1.1584",
            "high": "1.1584",
            "low": "1.1584",
            "close": "1.1607"
        },
        {
            "time": "12.01.2021 23:03",
            "open": "1.1607",
            "high": "1.1607",
            "low": "1.1607",
            "close": "1.1605"
        },
        {
            "time": "12.01.2021 23:04",
            "open": "1.1605",
            "high": "1.1605",
            "low": "1.1605",
            "close": "1.1584"
        },
        {
            "time": "12.01.2021 23:05",
            "open": "1.1584",
            "high": "1.1584",
            "low": "1.1584",
            "close": "1.1585"
        },
        {
            "time": "12.01.2021 23:07",
            "open": "1.1585",
            "high": "1.1585",
            "low": "1.1584",
            "close": "1.1569"
        },
        {
            "time": "12.01.2021 23:17",
            "open": "1.1569",
            "high": "1.1569",
            "low": "1.1569",
            "close": "1.1535"
        },
        {
            "time": "12.01.2021 23:25",
            "open": "1.1535",
            "high": "1.1535",
            "low": "1.1525",
            "close": "1.1405"
        },
        {
            "time": "12.01.2021 23:37",
            "open": "1.1405",
            "high": "1.1405",
            "low": "1.1405",
            "close": "1.1387"
        },
        {
            "time": "12.01.2021 23:38",
            "open": "1.1387",
            "high": "1.1387",
            "low": "1.1387",
            "close": "1.1365"
        },
        {
            "time": "12.01.2021 23:39",
            "open": "1.1365",
            "high": "1.1365",
            "low": "1.1365",
            "close": "1.1326"
        },
        {
            "time": "12.01.2021 23:44",
            "open": "1.1326",
            "high": "1.1326",
            "low": "1.1326",
            "close": "1.135"
        },
        {
            "time": "12.01.2021 23:45",
            "open": "1.135",
            "high": "1.135",
            "low": "1.135",
            "close": "1.1332"
        },
        {
            "time": "12.01.2021 23:50",
            "open": "1.1332",
            "high": "1.1333",
            "low": "1.1332",
            "close": "1.122"
        }
    ]
}