{
    "BNT-EUR": [
        {
            "time": "27.05.2021 23:57",
            "open": "4.1237",
            "high": "4.1237",
            "low": "4.1237",
            "close": "4.1237"
        },
        {
            "time": "28.05.2021 00:01",
            "open": "4.1237",
            "high": "4.1237",
            "low": "4.1161",
            "close": "4.1113"
        },
        {
            "time": "28.05.2021 00:10",
            "open": "4.1113",
            "high": "4.1113",
            "low": "4.1084",
            "close": "4.1045"
        },
        {
            "time": "28.05.2021 00:15",
            "open": "4.1045",
            "high": "4.1045",
            "low": "4.1028",
            "close": "4.1028"
        },
        {
            "time": "28.05.2021 00:29",
            "open": "4.1028",
            "high": "4.1028",
            "low": "4.1028",
            "close": "4.1045"
        },
        {
            "time": "28.05.2021 00:31",
            "open": "4.1045",
            "high": "4.1086",
            "low": "4.1045",
            "close": "4.0673"
        },
        {
            "time": "28.05.2021 00:55",
            "open": "4.0673",
            "high": "4.0673",
            "low": "4.0643",
            "close": "4.0646"
        },
        {
            "time": "28.05.2021 00:58",
            "open": "4.0646",
            "high": "4.0646",
            "low": "4.0633",
            "close": "4.0765"
        },
        {
            "time": "28.05.2021 01:00",
            "open": "4.0765",
            "high": "4.0765",
            "low": "4.0765",
            "close": "4.0795"
        },
        {
            "time": "28.05.2021 01:03",
            "open": "4.0795",
            "high": "4.0795",
            "low": "4.0795",
            "close": "4.0805"
        },
        {
            "time": "28.05.2021 01:04",
            "open": "4.0805",
            "high": "4.0806",
            "low": "4.0805",
            "close": "4.0278"
        },
        {
            "time": "28.05.2021 01:21",
            "open": "4.0278",
            "high": "4.0311",
            "low": "4.0278",
            "close": "4.0295"
        },
        {
            "time": "28.05.2021 01:25",
            "open": "4.0295",
            "high": "4.0295",
            "low": "4.025",
            "close": "4.0325"
        },
        {
            "time": "28.05.2021 01:32",
            "open": "4.0325",
            "high": "4.0325",
            "low": "4.0325",
            "close": "4.0297"
        },
        {
            "time": "28.05.2021 01:41",
            "open": "4.0297",
            "high": "4.0297",
            "low": "4.0297",
            "close": "4.0406"
        },
        {
            "time": "28.05.2021 01:43",
            "open": "4.0406",
            "high": "4.0406",
            "low": "4.0406",
            "close": "4.0122"
        },
        {
            "time": "28.05.2021 02:03",
            "open": "4.0122",
            "high": "4.0122",
            "low": "4",
            "close": "4.0012"
        },
        {
            "time": "28.05.2021 02:06",
            "open": "4.0012",
            "high": "4.0033",
            "low": "4.0012",
            "close": "4.022"
        },
        {
            "time": "28.05.2021 02:12",
            "open": "4.022",
            "high": "4.022",
            "low": "4.022",
            "close": "4.042"
        },
        {
            "time": "28.05.2021 02:16",
            "open": "4.042",
            "high": "4.052",
            "low": "4.042",
            "close": "4.0635"
        },
        {
            "time": "28.05.2021 02:30",
            "open": "4.0635",
            "high": "4.0635",
            "low": "4.0542",
            "close": "3.9836"
        },
        {
            "time": "28.05.2021 03:00",
            "open": "3.9836",
            "high": "3.9836",
            "low": "3.9836",
            "close": "3.9712"
        },
        {
            "time": "28.05.2021 03:02",
            "open": "3.9712",
            "high": "3.9712",
            "low": "3.9459",
            "close": "3.975"
        },
        {
            "time": "28.05.2021 03:03",
            "open": "3.975",
            "high": "3.975",
            "low": "3.9694",
            "close": "3.9706"
        },
        {
            "time": "28.05.2021 03:06",
            "open": "3.9706",
            "high": "3.9706",
            "low": "3.9706",
            "close": "3.965"
        },
        {
            "time": "28.05.2021 03:10",
            "open": "3.965",
            "high": "3.965",
            "low": "3.965",
            "close": "4.0008"
        },
        {
            "time": "28.05.2021 03:44",
            "open": "4.0008",
            "high": "4.0067",
            "low": "4.0008",
            "close": "3.9875"
        },
        {
            "time": "28.05.2021 03:47",
            "open": "3.9875",
            "high": "3.9875",
            "low": "3.9875",
            "close": "4.0021"
        },
        {
            "time": "28.05.2021 04:04",
            "open": "4.0021",
            "high": "4.0021",
            "low": "4.0021",
            "close": "4.0292"
        },
        {
            "time": "28.05.2021 04:28",
            "open": "4.0292",
            "high": "4.0361",
            "low": "4.0292",
            "close": "4.0249"
        },
        {
            "time": "28.05.2021 04:29",
            "open": "4.0249",
            "high": "4.0249",
            "low": "4.0249",
            "close": "4.0243"
        },
        {
            "time": "28.05.2021 04:30",
            "open": "4.0243",
            "high": "4.0243",
            "low": "4.0243",
            "close": "4.0459"
        },
        {
            "time": "28.05.2021 04:58",
            "open": "4.0459",
            "high": "4.0459",
            "low": "4.0459",
            "close": "4.0269"
        },
        {
            "time": "28.05.2021 05:18",
            "open": "4.0269",
            "high": "4.0269",
            "low": "4.0269",
            "close": "4.0281"
        },
        {
            "time": "28.05.2021 05:39",
            "open": "4.0281",
            "high": "4.0281",
            "low": "4.0278",
            "close": "4.0265"
        },
        {
            "time": "28.05.2021 05:51",
            "open": "4.0265",
            "high": "4.0265",
            "low": "4.0265",
            "close": "4.0246"
        },
        {
            "time": "28.05.2021 05:53",
            "open": "4.0246",
            "high": "4.0246",
            "low": "4.0193",
            "close": "4.0032"
        },
        {
            "time": "28.05.2021 06:10",
            "open": "4.0032",
            "high": "4.0032",
            "low": "4.0028",
            "close": "3.9765"
        },
        {
            "time": "28.05.2021 06:20",
            "open": "3.9765",
            "high": "3.9765",
            "low": "3.9765",
            "close": "3.9445"
        },
        {
            "time": "28.05.2021 06:40",
            "open": "3.9445",
            "high": "3.9447",
            "low": "3.9445",
            "close": "3.9209"
        },
        {
            "time": "28.05.2021 06:47",
            "open": "3.9209",
            "high": "3.9209",
            "low": "3.9187",
            "close": "3.9306"
        },
        {
            "time": "28.05.2021 06:51",
            "open": "3.9306",
            "high": "3.9306",
            "low": "3.9306",
            "close": "3.9248"
        },
        {
            "time": "28.05.2021 07:24",
            "open": "3.9248",
            "high": "3.9248",
            "low": "3.9248",
            "close": "3.9199"
        },
        {
            "time": "28.05.2021 07:33",
            "open": "3.9199",
            "high": "3.9199",
            "low": "3.9199",
            "close": "3.9194"
        },
        {
            "time": "28.05.2021 07:40",
            "open": "3.9194",
            "high": "3.9194",
            "low": "3.9194",
            "close": "3.9209"
        },
        {
            "time": "28.05.2021 07:41",
            "open": "3.9209",
            "high": "3.9209",
            "low": "3.9",
            "close": "3.8831"
        },
        {
            "time": "28.05.2021 07:42",
            "open": "3.8831",
            "high": "3.8831",
            "low": "3.8792",
            "close": "3.874"
        },
        {
            "time": "28.05.2021 07:43",
            "open": "3.874",
            "high": "3.874",
            "low": "3.871",
            "close": "3.8707"
        },
        {
            "time": "28.05.2021 07:44",
            "open": "3.8707",
            "high": "3.8708",
            "low": "3.8707",
            "close": "3.8525"
        },
        {
            "time": "28.05.2021 07:45",
            "open": "3.8525",
            "high": "3.8525",
            "low": "3.8525",
            "close": "3.8313"
        },
        {
            "time": "28.05.2021 07:46",
            "open": "3.8313",
            "high": "3.8313",
            "low": "3.8284",
            "close": "3.8232"
        },
        {
            "time": "28.05.2021 07:49",
            "open": "3.8232",
            "high": "3.8232",
            "low": "3.8212",
            "close": "3.8189"
        },
        {
            "time": "28.05.2021 07:54",
            "open": "3.8189",
            "high": "3.8189",
            "low": "3.8189",
            "close": "3.8176"
        },
        {
            "time": "28.05.2021 07:56",
            "open": "3.8176",
            "high": "3.8176",
            "low": "3.8176",
            "close": "3.8133"
        },
        {
            "time": "28.05.2021 07:58",
            "open": "3.8133",
            "high": "3.8133",
            "low": "3.8133",
            "close": "3.8016"
        },
        {
            "time": "28.05.2021 08:11",
            "open": "3.8016",
            "high": "3.8016",
            "low": "3.8",
            "close": "3.7907"
        },
        {
            "time": "28.05.2021 08:18",
            "open": "3.7907",
            "high": "3.7907",
            "low": "3.7844",
            "close": "3.75"
        },
        {
            "time": "28.05.2021 08:21",
            "open": "3.75",
            "high": "3.75",
            "low": "3.7463",
            "close": "3.7585"
        },
        {
            "time": "28.05.2021 08:22",
            "open": "3.7585",
            "high": "3.7585",
            "low": "3.7585",
            "close": "3.7646"
        },
        {
            "time": "28.05.2021 08:23",
            "open": "3.7646",
            "high": "3.7656",
            "low": "3.7646",
            "close": "3.7604"
        },
        {
            "time": "28.05.2021 08:25",
            "open": "3.7604",
            "high": "3.762",
            "low": "3.7578",
            "close": "3.7579"
        },
        {
            "time": "28.05.2021 08:27",
            "open": "3.7579",
            "high": "3.7579",
            "low": "3.7521",
            "close": "3.7462"
        },
        {
            "time": "28.05.2021 08:29",
            "open": "3.7462",
            "high": "3.7462",
            "low": "3.7462",
            "close": "3.7462"
        },
        {
            "time": "28.05.2021 08:31",
            "open": "3.7462",
            "high": "3.7462",
            "low": "3.7305",
            "close": "3.7657"
        },
        {
            "time": "28.05.2021 08:40",
            "open": "3.7657",
            "high": "3.7758",
            "low": "3.7657",
            "close": "3.772"
        },
        {
            "time": "28.05.2021 08:41",
            "open": "3.772",
            "high": "3.7788",
            "low": "3.772",
            "close": "3.7941"
        },
        {
            "time": "28.05.2021 08:44",
            "open": "3.7941",
            "high": "3.7965",
            "low": "3.7871",
            "close": "3.7888"
        },
        {
            "time": "28.05.2021 08:45",
            "open": "3.7888",
            "high": "3.7888",
            "low": "3.7888",
            "close": "3.7986"
        },
        {
            "time": "28.05.2021 08:46",
            "open": "3.7986",
            "high": "3.7986",
            "low": "3.7986",
            "close": "3.8033"
        },
        {
            "time": "28.05.2021 08:47",
            "open": "3.8033",
            "high": "3.8033",
            "low": "3.8033",
            "close": "3.8044"
        },
        {
            "time": "28.05.2021 08:48",
            "open": "3.8044",
            "high": "3.8126",
            "low": "3.8044",
            "close": "3.8107"
        },
        {
            "time": "28.05.2021 08:49",
            "open": "3.8107",
            "high": "3.8118",
            "low": "3.8104",
            "close": "3.804"
        },
        {
            "time": "28.05.2021 08:51",
            "open": "3.804",
            "high": "3.8436",
            "low": "3.804",
            "close": "3.8256"
        },
        {
            "time": "28.05.2021 08:52",
            "open": "3.8256",
            "high": "3.8257",
            "low": "3.8096",
            "close": "3.7779"
        },
        {
            "time": "28.05.2021 08:54",
            "open": "3.7779",
            "high": "3.7779",
            "low": "3.7779",
            "close": "3.7674"
        },
        {
            "time": "28.05.2021 08:55",
            "open": "3.7674",
            "high": "3.7674",
            "low": "3.7674",
            "close": "3.7634"
        },
        {
            "time": "28.05.2021 09:01",
            "open": "3.7634",
            "high": "3.7634",
            "low": "3.7634",
            "close": "3.755"
        },
        {
            "time": "28.05.2021 09:04",
            "open": "3.755",
            "high": "3.755",
            "low": "3.755",
            "close": "3.7789"
        },
        {
            "time": "28.05.2021 09:13",
            "open": "3.7789",
            "high": "3.7914",
            "low": "3.7789",
            "close": "3.8109"
        },
        {
            "time": "28.05.2021 09:17",
            "open": "3.8109",
            "high": "3.8228",
            "low": "3.8109",
            "close": "3.8347"
        },
        {
            "time": "28.05.2021 09:18",
            "open": "3.8347",
            "high": "3.836",
            "low": "3.8347",
            "close": "3.8342"
        },
        {
            "time": "28.05.2021 09:19",
            "open": "3.8342",
            "high": "3.8342",
            "low": "3.8342",
            "close": "3.8332"
        },
        {
            "time": "28.05.2021 09:23",
            "open": "3.8332",
            "high": "3.8332",
            "low": "3.8332",
            "close": "3.8269"
        },
        {
            "time": "28.05.2021 09:24",
            "open": "3.8269",
            "high": "3.8269",
            "low": "3.8269",
            "close": "3.8127"
        },
        {
            "time": "28.05.2021 09:32",
            "open": "3.8127",
            "high": "3.8127",
            "low": "3.8127",
            "close": "3.7963"
        },
        {
            "time": "28.05.2021 09:41",
            "open": "3.7963",
            "high": "3.7963",
            "low": "3.7963",
            "close": "3.7863"
        },
        {
            "time": "28.05.2021 09:49",
            "open": "3.7863",
            "high": "3.7863",
            "low": "3.7863",
            "close": "3.7795"
        },
        {
            "time": "28.05.2021 09:52",
            "open": "3.7795",
            "high": "3.7795",
            "low": "3.7795",
            "close": "3.8074"
        },
        {
            "time": "28.05.2021 10:12",
            "open": "3.8074",
            "high": "3.8074",
            "low": "3.7915",
            "close": "3.7915"
        },
        {
            "time": "28.05.2021 10:31",
            "open": "3.7915",
            "high": "3.7915",
            "low": "3.7915",
            "close": "3.7939"
        },
        {
            "time": "28.05.2021 10:32",
            "open": "3.7939",
            "high": "3.7939",
            "low": "3.7939",
            "close": "3.7747"
        },
        {
            "time": "28.05.2021 10:49",
            "open": "3.7747",
            "high": "3.7748",
            "low": "3.7747",
            "close": "3.7625"
        },
        {
            "time": "28.05.2021 10:55",
            "open": "3.7625",
            "high": "3.7625",
            "low": "3.7487",
            "close": "3.7451"
        },
        {
            "time": "28.05.2021 10:56",
            "open": "3.7451",
            "high": "3.7451",
            "low": "3.7438",
            "close": "3.6952"
        },
        {
            "time": "28.05.2021 10:58",
            "open": "3.6952",
            "high": "3.6952",
            "low": "3.6663",
            "close": "3.6945"
        },
        {
            "time": "28.05.2021 10:59",
            "open": "3.6945",
            "high": "3.6945",
            "low": "3.6945",
            "close": "3.6962"
        },
        {
            "time": "28.05.2021 11:00",
            "open": "3.6962",
            "high": "3.7042",
            "low": "3.6962",
            "close": "3.697"
        },
        {
            "time": "28.05.2021 11:01",
            "open": "3.697",
            "high": "3.697",
            "low": "3.697",
            "close": "3.6619"
        },
        {
            "time": "28.05.2021 11:04",
            "open": "3.6619",
            "high": "3.6622",
            "low": "3.6611",
            "close": "3.6715"
        },
        {
            "time": "28.05.2021 11:06",
            "open": "3.6715",
            "high": "3.6715",
            "low": "3.6715",
            "close": "3.6456"
        },
        {
            "time": "28.05.2021 11:09",
            "open": "3.6456",
            "high": "3.6456",
            "low": "3.6456",
            "close": "3.6548"
        },
        {
            "time": "28.05.2021 11:10",
            "open": "3.6548",
            "high": "3.6548",
            "low": "3.6548",
            "close": "3.6534"
        },
        {
            "time": "28.05.2021 11:12",
            "open": "3.6534",
            "high": "3.6534",
            "low": "3.6534",
            "close": "3.6534"
        },
        {
            "time": "28.05.2021 11:15",
            "open": "3.6534",
            "high": "3.6534",
            "low": "3.6515",
            "close": "3.6486"
        },
        {
            "time": "28.05.2021 11:17",
            "open": "3.6486",
            "high": "3.6486",
            "low": "3.6486",
            "close": "3.6534"
        },
        {
            "time": "28.05.2021 11:19",
            "open": "3.6534",
            "high": "3.6554",
            "low": "3.6534",
            "close": "3.6409"
        },
        {
            "time": "28.05.2021 11:22",
            "open": "3.6409",
            "high": "3.6409",
            "low": "3.6409",
            "close": "3.6331"
        },
        {
            "time": "28.05.2021 11:24",
            "open": "3.6331",
            "high": "3.6331",
            "low": "3.617",
            "close": "3.6123"
        },
        {
            "time": "28.05.2021 11:25",
            "open": "3.6123",
            "high": "3.6178",
            "low": "3.6063",
            "close": "3.6292"
        },
        {
            "time": "28.05.2021 11:27",
            "open": "3.6292",
            "high": "3.6292",
            "low": "3.6292",
            "close": "3.6"
        },
        {
            "time": "28.05.2021 11:29",
            "open": "3.6",
            "high": "3.6",
            "low": "3.5952",
            "close": "3.5997"
        },
        {
            "time": "28.05.2021 11:30",
            "open": "3.5997",
            "high": "3.5997",
            "low": "3.5997",
            "close": "3.6479"
        },
        {
            "time": "28.05.2021 11:41",
            "open": "3.6479",
            "high": "3.6575",
            "low": "3.6479",
            "close": "3.6612"
        },
        {
            "time": "28.05.2021 11:42",
            "open": "3.6612",
            "high": "3.6612",
            "low": "3.6612",
            "close": "3.6669"
        },
        {
            "time": "28.05.2021 11:45",
            "open": "3.6669",
            "high": "3.6669",
            "low": "3.6669",
            "close": "3.7123"
        },
        {
            "time": "28.05.2021 11:50",
            "open": "3.7123",
            "high": "3.7123",
            "low": "3.7123",
            "close": "3.7047"
        },
        {
            "time": "28.05.2021 11:54",
            "open": "3.7047",
            "high": "3.7047",
            "low": "3.7047",
            "close": "3.7002"
        },
        {
            "time": "28.05.2021 11:55",
            "open": "3.7002",
            "high": "3.7002",
            "low": "3.7002",
            "close": "3.6883"
        },
        {
            "time": "28.05.2021 11:59",
            "open": "3.6883",
            "high": "3.6883",
            "low": "3.6883",
            "close": "3.6787"
        },
        {
            "time": "28.05.2021 12:02",
            "open": "3.6787",
            "high": "3.6787",
            "low": "3.6787",
            "close": "3.6737"
        },
        {
            "time": "28.05.2021 12:05",
            "open": "3.6737",
            "high": "3.6737",
            "low": "3.6737",
            "close": "3.7162"
        },
        {
            "time": "28.05.2021 12:47",
            "open": "3.7162",
            "high": "3.7162",
            "low": "3.7162",
            "close": "3.7066"
        },
        {
            "time": "28.05.2021 12:49",
            "open": "3.7066",
            "high": "3.7066",
            "low": "3.7066",
            "close": "3.6943"
        },
        {
            "time": "28.05.2021 13:07",
            "open": "3.6943",
            "high": "3.6943",
            "low": "3.6943",
            "close": "3.6909"
        },
        {
            "time": "28.05.2021 13:18",
            "open": "3.6909",
            "high": "3.7008",
            "low": "3.6909",
            "close": "3.6749"
        },
        {
            "time": "28.05.2021 13:23",
            "open": "3.6749",
            "high": "3.6749",
            "low": "3.6706",
            "close": "3.644"
        },
        {
            "time": "28.05.2021 13:30",
            "open": "3.644",
            "high": "3.644",
            "low": "3.644",
            "close": "3.6514"
        },
        {
            "time": "28.05.2021 13:32",
            "open": "3.6514",
            "high": "3.6514",
            "low": "3.6498",
            "close": "3.6583"
        },
        {
            "time": "28.05.2021 13:36",
            "open": "3.6583",
            "high": "3.6583",
            "low": "3.6583",
            "close": "3.6485"
        },
        {
            "time": "28.05.2021 13:40",
            "open": "3.6485",
            "high": "3.6485",
            "low": "3.645",
            "close": "3.6476"
        },
        {
            "time": "28.05.2021 13:41",
            "open": "3.6476",
            "high": "3.6476",
            "low": "3.6476",
            "close": "3.6398"
        },
        {
            "time": "28.05.2021 13:44",
            "open": "3.6398",
            "high": "3.6398",
            "low": "3.6398",
            "close": "3.6183"
        },
        {
            "time": "28.05.2021 13:48",
            "open": "3.6183",
            "high": "3.6218",
            "low": "3.6147",
            "close": "3.5856"
        },
        {
            "time": "28.05.2021 13:52",
            "open": "3.5856",
            "high": "3.5856",
            "low": "3.5856",
            "close": "3.5759"
        },
        {
            "time": "28.05.2021 13:53",
            "open": "3.5759",
            "high": "3.5759",
            "low": "3.5726",
            "close": "3.5738"
        },
        {
            "time": "28.05.2021 13:54",
            "open": "3.5738",
            "high": "3.5738",
            "low": "3.5738",
            "close": "3.5882"
        },
        {
            "time": "28.05.2021 13:55",
            "open": "3.5882",
            "high": "3.5907",
            "low": "3.584",
            "close": "3.5794"
        },
        {
            "time": "28.05.2021 13:58",
            "open": "3.5794",
            "high": "3.5794",
            "low": "3.5794",
            "close": "3.6103"
        },
        {
            "time": "28.05.2021 14:02",
            "open": "3.6103",
            "high": "3.6103",
            "low": "3.6103",
            "close": "3.6277"
        },
        {
            "time": "28.05.2021 14:03",
            "open": "3.6277",
            "high": "3.6277",
            "low": "3.6277",
            "close": "3.6873"
        },
        {
            "time": "28.05.2021 14:12",
            "open": "3.6873",
            "high": "3.6926",
            "low": "3.6873",
            "close": "3.7023"
        },
        {
            "time": "28.05.2021 14:13",
            "open": "3.7023",
            "high": "3.7075",
            "low": "3.6949",
            "close": "3.7039"
        },
        {
            "time": "28.05.2021 14:14",
            "open": "3.7039",
            "high": "3.7263",
            "low": "3.7018",
            "close": "3.7289"
        },
        {
            "time": "28.05.2021 14:15",
            "open": "3.7289",
            "high": "3.7289",
            "low": "3.7289",
            "close": "3.7607"
        },
        {
            "time": "28.05.2021 14:24",
            "open": "3.7607",
            "high": "3.7607",
            "low": "3.7607",
            "close": "3.7766"
        },
        {
            "time": "28.05.2021 14:26",
            "open": "3.7766",
            "high": "3.7842",
            "low": "3.7756",
            "close": "3.7931"
        },
        {
            "time": "28.05.2021 14:28",
            "open": "3.7931",
            "high": "3.7931",
            "low": "3.7931",
            "close": "3.7931"
        },
        {
            "time": "28.05.2021 14:29",
            "open": "3.7931",
            "high": "3.7931",
            "low": "3.7931",
            "close": "3.7913"
        },
        {
            "time": "28.05.2021 14:30",
            "open": "3.7913",
            "high": "3.7913",
            "low": "3.7913",
            "close": "3.7912"
        },
        {
            "time": "28.05.2021 14:31",
            "open": "3.7912",
            "high": "3.7912",
            "low": "3.7912",
            "close": "3.7694"
        },
        {
            "time": "28.05.2021 14:41",
            "open": "3.7694",
            "high": "3.7694",
            "low": "3.7694",
            "close": "3.7655"
        },
        {
            "time": "28.05.2021 14:44",
            "open": "3.7655",
            "high": "3.7655",
            "low": "3.7655",
            "close": "3.7753"
        },
        {
            "time": "28.05.2021 14:52",
            "open": "3.7753",
            "high": "3.7834",
            "low": "3.7753",
            "close": "3.7916"
        },
        {
            "time": "28.05.2021 14:58",
            "open": "3.7916",
            "high": "3.7916",
            "low": "3.7916",
            "close": "3.8267"
        },
        {
            "time": "28.05.2021 15:01",
            "open": "3.8267",
            "high": "3.8592",
            "low": "3.8267",
            "close": "3.8486"
        },
        {
            "time": "28.05.2021 15:02",
            "open": "3.8486",
            "high": "3.8486",
            "low": "3.8327",
            "close": "3.8353"
        },
        {
            "time": "28.05.2021 15:03",
            "open": "3.8353",
            "high": "3.8353",
            "low": "3.8353",
            "close": "3.8745"
        },
        {
            "time": "28.05.2021 15:04",
            "open": "3.8745",
            "high": "3.8745",
            "low": "3.8745",
            "close": "3.8308"
        },
        {
            "time": "28.05.2021 15:26",
            "open": "3.8308",
            "high": "3.8308",
            "low": "3.8246",
            "close": "3.8521"
        },
        {
            "time": "28.05.2021 15:32",
            "open": "3.8521",
            "high": "3.8521",
            "low": "3.8521",
            "close": "3.85"
        },
        {
            "time": "28.05.2021 15:35",
            "open": "3.85",
            "high": "3.8722",
            "low": "3.85",
            "close": "3.8893"
        },
        {
            "time": "28.05.2021 15:36",
            "open": "3.8893",
            "high": "3.8893",
            "low": "3.8456",
            "close": "3.8507"
        },
        {
            "time": "28.05.2021 15:37",
            "open": "3.8507",
            "high": "3.8507",
            "low": "3.8497",
            "close": "3.8477"
        },
        {
            "time": "28.05.2021 15:38",
            "open": "3.8477",
            "high": "3.8477",
            "low": "3.8477",
            "close": "3.8502"
        },
        {
            "time": "28.05.2021 15:40",
            "open": "3.8502",
            "high": "3.8502",
            "low": "3.8502",
            "close": "3.8723"
        },
        {
            "time": "28.05.2021 15:49",
            "open": "3.8723",
            "high": "3.8723",
            "low": "3.8723",
            "close": "3.8876"
        },
        {
            "time": "28.05.2021 15:53",
            "open": "3.8876",
            "high": "3.8876",
            "low": "3.8876",
            "close": "3.8883"
        },
        {
            "time": "28.05.2021 15:55",
            "open": "3.8883",
            "high": "3.8883",
            "low": "3.8796",
            "close": "3.8543"
        },
        {
            "time": "28.05.2021 16:02",
            "open": "3.8543",
            "high": "3.8543",
            "low": "3.8543",
            "close": "3.8507"
        },
        {
            "time": "28.05.2021 16:14",
            "open": "3.8507",
            "high": "3.8507",
            "low": "3.8317",
            "close": "3.8262"
        },
        {
            "time": "28.05.2021 16:15",
            "open": "3.8262",
            "high": "3.8262",
            "low": "3.8032",
            "close": "3.8024"
        },
        {
            "time": "28.05.2021 16:16",
            "open": "3.8024",
            "high": "3.8416",
            "low": "3.7978",
            "close": "3.8411"
        },
        {
            "time": "28.05.2021 16:17",
            "open": "3.8411",
            "high": "3.8492",
            "low": "3.8411",
            "close": "3.839"
        },
        {
            "time": "28.05.2021 16:18",
            "open": "3.839",
            "high": "3.839",
            "low": "3.8011",
            "close": "3.8028"
        },
        {
            "time": "28.05.2021 16:19",
            "open": "3.8028",
            "high": "3.8065",
            "low": "3.8028",
            "close": "3.8037"
        },
        {
            "time": "28.05.2021 16:20",
            "open": "3.8037",
            "high": "3.8037",
            "low": "3.8037",
            "close": "3.8104"
        },
        {
            "time": "28.05.2021 16:38",
            "open": "3.8104",
            "high": "3.8104",
            "low": "3.7894",
            "close": "3.7894"
        },
        {
            "time": "28.05.2021 16:39",
            "open": "3.7894",
            "high": "3.7894",
            "low": "3.7894",
            "close": "3.8033"
        },
        {
            "time": "28.05.2021 16:42",
            "open": "3.8033",
            "high": "3.8033",
            "low": "3.8033",
            "close": "3.8095"
        },
        {
            "time": "28.05.2021 16:44",
            "open": "3.8095",
            "high": "3.8095",
            "low": "3.7891",
            "close": "3.7688"
        },
        {
            "time": "28.05.2021 17:04",
            "open": "3.7688",
            "high": "3.7688",
            "low": "3.746",
            "close": "3.747"
        },
        {
            "time": "28.05.2021 17:05",
            "open": "3.747",
            "high": "3.747",
            "low": "3.747",
            "close": "3.8037"
        },
        {
            "time": "28.05.2021 17:13",
            "open": "3.8037",
            "high": "3.8037",
            "low": "3.7814",
            "close": "3.7924"
        },
        {
            "time": "28.05.2021 17:14",
            "open": "3.7924",
            "high": "3.7924",
            "low": "3.7832",
            "close": "3.784"
        },
        {
            "time": "28.05.2021 17:18",
            "open": "3.784",
            "high": "3.784",
            "low": "3.7753",
            "close": "3.7886"
        },
        {
            "time": "28.05.2021 17:20",
            "open": "3.7886",
            "high": "3.7886",
            "low": "3.7886",
            "close": "3.7966"
        },
        {
            "time": "28.05.2021 17:22",
            "open": "3.7966",
            "high": "3.7966",
            "low": "3.7966",
            "close": "3.8088"
        },
        {
            "time": "28.05.2021 17:24",
            "open": "3.8088",
            "high": "3.8088",
            "low": "3.8077",
            "close": "3.8253"
        },
        {
            "time": "28.05.2021 17:33",
            "open": "3.8253",
            "high": "3.8258",
            "low": "3.8253",
            "close": "3.8266"
        },
        {
            "time": "28.05.2021 17:35",
            "open": "3.8266",
            "high": "3.8284",
            "low": "3.8266",
            "close": "3.8374"
        },
        {
            "time": "28.05.2021 17:43",
            "open": "3.8374",
            "high": "3.8374",
            "low": "3.8374",
            "close": "3.8265"
        },
        {
            "time": "28.05.2021 17:48",
            "open": "3.8265",
            "high": "3.8265",
            "low": "3.8165",
            "close": "3.8"
        },
        {
            "time": "28.05.2021 17:52",
            "open": "3.8",
            "high": "3.8",
            "low": "3.7981",
            "close": "3.8037"
        },
        {
            "time": "28.05.2021 17:53",
            "open": "3.8037",
            "high": "3.8038",
            "low": "3.8037",
            "close": "3.8268"
        },
        {
            "time": "28.05.2021 17:56",
            "open": "3.8268",
            "high": "3.8268",
            "low": "3.8268",
            "close": "3.8361"
        },
        {
            "time": "28.05.2021 17:57",
            "open": "3.8361",
            "high": "3.8418",
            "low": "3.8336",
            "close": "3.8302"
        },
        {
            "time": "28.05.2021 17:58",
            "open": "3.8302",
            "high": "3.8302",
            "low": "3.8302",
            "close": "3.8319"
        },
        {
            "time": "28.05.2021 18:00",
            "open": "3.8319",
            "high": "3.8364",
            "low": "3.8318",
            "close": "3.8217"
        },
        {
            "time": "28.05.2021 18:01",
            "open": "3.8217",
            "high": "3.8217",
            "low": "3.7966",
            "close": "3.8026"
        },
        {
            "time": "28.05.2021 18:02",
            "open": "3.8026",
            "high": "3.8047",
            "low": "3.7913",
            "close": "3.8014"
        },
        {
            "time": "28.05.2021 18:03",
            "open": "3.8014",
            "high": "3.8014",
            "low": "3.8002",
            "close": "3.8028"
        },
        {
            "time": "28.05.2021 18:04",
            "open": "3.8028",
            "high": "3.8028",
            "low": "3.7827",
            "close": "3.7733"
        },
        {
            "time": "28.05.2021 18:05",
            "open": "3.7733",
            "high": "3.776",
            "low": "3.7576",
            "close": "3.7531"
        },
        {
            "time": "28.05.2021 18:06",
            "open": "3.7531",
            "high": "3.7748",
            "low": "3.7531",
            "close": "3.7689"
        },
        {
            "time": "28.05.2021 18:07",
            "open": "3.7689",
            "high": "3.7689",
            "low": "3.7593",
            "close": "3.7638"
        },
        {
            "time": "28.05.2021 18:08",
            "open": "3.7638",
            "high": "3.7639",
            "low": "3.7638",
            "close": "3.7594"
        },
        {
            "time": "28.05.2021 18:09",
            "open": "3.7594",
            "high": "3.7594",
            "low": "3.7546",
            "close": "3.7607"
        },
        {
            "time": "28.05.2021 18:10",
            "open": "3.7607",
            "high": "3.7607",
            "low": "3.7607",
            "close": "3.7442"
        },
        {
            "time": "28.05.2021 18:11",
            "open": "3.7442",
            "high": "3.7442",
            "low": "3.7442",
            "close": "3.7399"
        },
        {
            "time": "28.05.2021 18:12",
            "open": "3.7399",
            "high": "3.7399",
            "low": "3.7399",
            "close": "3.7314"
        },
        {
            "time": "28.05.2021 18:13",
            "open": "3.7314",
            "high": "3.7314",
            "low": "3.7314",
            "close": "3.7334"
        },
        {
            "time": "28.05.2021 18:14",
            "open": "3.7334",
            "high": "3.7334",
            "low": "3.7319",
            "close": "3.7318"
        },
        {
            "time": "28.05.2021 18:17",
            "open": "3.7318",
            "high": "3.7318",
            "low": "3.7318",
            "close": "3.7176"
        },
        {
            "time": "28.05.2021 18:19",
            "open": "3.7176",
            "high": "3.7176",
            "low": "3.7176",
            "close": "3.6983"
        },
        {
            "time": "28.05.2021 18:32",
            "open": "3.6983",
            "high": "3.6983",
            "low": "3.6983",
            "close": "3.711"
        },
        {
            "time": "28.05.2021 18:40",
            "open": "3.711",
            "high": "3.711",
            "low": "3.711",
            "close": "3.7049"
        },
        {
            "time": "28.05.2021 18:41",
            "open": "3.7049",
            "high": "3.7058",
            "low": "3.7049",
            "close": "3.7189"
        },
        {
            "time": "28.05.2021 18:45",
            "open": "3.7189",
            "high": "3.7205",
            "low": "3.7189",
            "close": "3.7213"
        },
        {
            "time": "28.05.2021 18:46",
            "open": "3.7213",
            "high": "3.7262",
            "low": "3.7213",
            "close": "3.7265"
        },
        {
            "time": "28.05.2021 18:48",
            "open": "3.7265",
            "high": "3.7265",
            "low": "3.7265",
            "close": "3.7316"
        },
        {
            "time": "28.05.2021 18:49",
            "open": "3.7316",
            "high": "3.7316",
            "low": "3.7316",
            "close": "3.7382"
        },
        {
            "time": "28.05.2021 18:52",
            "open": "3.7382",
            "high": "3.7382",
            "low": "3.7382",
            "close": "3.7382"
        },
        {
            "time": "28.05.2021 18:53",
            "open": "3.7382",
            "high": "3.7382",
            "low": "3.7382",
            "close": "3.7177"
        },
        {
            "time": "28.05.2021 18:55",
            "open": "3.7177",
            "high": "3.7177",
            "low": "3.7177",
            "close": "3.6908"
        },
        {
            "time": "28.05.2021 18:57",
            "open": "3.6908",
            "high": "3.6908",
            "low": "3.6908",
            "close": "3.6912"
        },
        {
            "time": "28.05.2021 18:58",
            "open": "3.6912",
            "high": "3.6912",
            "low": "3.6912",
            "close": "3.6719"
        },
        {
            "time": "28.05.2021 19:01",
            "open": "3.6719",
            "high": "3.6719",
            "low": "3.6719",
            "close": "3.6809"
        },
        {
            "time": "28.05.2021 19:03",
            "open": "3.6809",
            "high": "3.6824",
            "low": "3.6809",
            "close": "3.6725"
        },
        {
            "time": "28.05.2021 19:04",
            "open": "3.6725",
            "high": "3.6725",
            "low": "3.6725",
            "close": "3.6985"
        },
        {
            "time": "28.05.2021 19:12",
            "open": "3.6985",
            "high": "3.6985",
            "low": "3.6975",
            "close": "3.7038"
        },
        {
            "time": "28.05.2021 19:17",
            "open": "3.7038",
            "high": "3.7038",
            "low": "3.7038",
            "close": "3.6998"
        },
        {
            "time": "28.05.2021 19:56",
            "open": "3.6998",
            "high": "3.6998",
            "low": "3.6989",
            "close": "3.6958"
        },
        {
            "time": "28.05.2021 19:57",
            "open": "3.6958",
            "high": "3.6958",
            "low": "3.6958",
            "close": "3.7012"
        },
        {
            "time": "28.05.2021 19:59",
            "open": "3.7012",
            "high": "3.7015",
            "low": "3.7012",
            "close": "3.7033"
        },
        {
            "time": "28.05.2021 20:03",
            "open": "3.7033",
            "high": "3.7033",
            "low": "3.7033",
            "close": "3.6937"
        },
        {
            "time": "28.05.2021 20:05",
            "open": "3.6937",
            "high": "3.6937",
            "low": "3.6899",
            "close": "3.6856"
        },
        {
            "time": "28.05.2021 20:11",
            "open": "3.6856",
            "high": "3.6856",
            "low": "3.6856",
            "close": "3.6803"
        },
        {
            "time": "28.05.2021 20:14",
            "open": "3.6803",
            "high": "3.6803",
            "low": "3.6782",
            "close": "3.6869"
        },
        {
            "time": "28.05.2021 20:23",
            "open": "3.6869",
            "high": "3.6869",
            "low": "3.6869",
            "close": "3.7484"
        },
        {
            "time": "28.05.2021 20:39",
            "open": "3.7484",
            "high": "3.7594",
            "low": "3.7484",
            "close": "3.7484"
        },
        {
            "time": "28.05.2021 20:40",
            "open": "3.7484",
            "high": "3.7484",
            "low": "3.748",
            "close": "3.7464"
        },
        {
            "time": "28.05.2021 20:45",
            "open": "3.7464",
            "high": "3.748",
            "low": "3.7464",
            "close": "3.7372"
        },
        {
            "time": "28.05.2021 20:49",
            "open": "3.7372",
            "high": "3.7372",
            "low": "3.7372",
            "close": "3.7417"
        },
        {
            "time": "28.05.2021 20:51",
            "open": "3.7417",
            "high": "3.7417",
            "low": "3.7417",
            "close": "3.7549"
        },
        {
            "time": "28.05.2021 21:11",
            "open": "3.7549",
            "high": "3.7579",
            "low": "3.7549",
            "close": "3.7552"
        },
        {
            "time": "28.05.2021 21:12",
            "open": "3.7552",
            "high": "3.7552",
            "low": "3.7552",
            "close": "3.7701"
        },
        {
            "time": "28.05.2021 21:16",
            "open": "3.7701",
            "high": "3.7701",
            "low": "3.7701",
            "close": "3.7515"
        },
        {
            "time": "28.05.2021 21:21",
            "open": "3.7515",
            "high": "3.7515",
            "low": "3.7361",
            "close": "3.72"
        },
        {
            "time": "28.05.2021 21:22",
            "open": "3.72",
            "high": "3.72",
            "low": "3.72",
            "close": "3.7239"
        },
        {
            "time": "28.05.2021 21:23",
            "open": "3.7239",
            "high": "3.7239",
            "low": "3.7239",
            "close": "3.7472"
        },
        {
            "time": "28.05.2021 21:26",
            "open": "3.7472",
            "high": "3.7472",
            "low": "3.7472",
            "close": "3.7437"
        },
        {
            "time": "28.05.2021 21:29",
            "open": "3.7437",
            "high": "3.7437",
            "low": "3.7437",
            "close": "3.7381"
        },
        {
            "time": "28.05.2021 21:30",
            "open": "3.7381",
            "high": "3.7381",
            "low": "3.7381",
            "close": "3.7159"
        },
        {
            "time": "28.05.2021 21:40",
            "open": "3.7159",
            "high": "3.716",
            "low": "3.7159",
            "close": "3.7132"
        },
        {
            "time": "28.05.2021 21:44",
            "open": "3.7132",
            "high": "3.7132",
            "low": "3.7132",
            "close": "3.712"
        },
        {
            "time": "28.05.2021 21:54",
            "open": "3.712",
            "high": "3.712",
            "low": "3.712",
            "close": "3.7313"
        },
        {
            "time": "28.05.2021 22:31",
            "open": "3.7313",
            "high": "3.7313",
            "low": "3.7313",
            "close": "3.7313"
        },
        {
            "time": "28.05.2021 22:33",
            "open": "3.7313",
            "high": "3.7313",
            "low": "3.7313",
            "close": "3.6473"
        },
        {
            "time": "28.05.2021 22:44",
            "open": "3.6473",
            "high": "3.6473",
            "low": "3.6452",
            "close": "3.635"
        },
        {
            "time": "28.05.2021 22:48",
            "open": "3.635",
            "high": "3.635",
            "low": "3.635",
            "close": "3.6276"
        },
        {
            "time": "28.05.2021 22:50",
            "open": "3.6276",
            "high": "3.6276",
            "low": "3.6276",
            "close": "3.6396"
        },
        {
            "time": "28.05.2021 22:51",
            "open": "3.6396",
            "high": "3.6405",
            "low": "3.6396",
            "close": "3.6"
        },
        {
            "time": "28.05.2021 22:58",
            "open": "3.6",
            "high": "3.6",
            "low": "3.6",
            "close": "3.6001"
        },
        {
            "time": "28.05.2021 23:00",
            "open": "3.6001",
            "high": "3.6003",
            "low": "3.6001",
            "close": "3.6"
        },
        {
            "time": "28.05.2021 23:01",
            "open": "3.6",
            "high": "3.6",
            "low": "3.5952",
            "close": "3.5787"
        },
        {
            "time": "28.05.2021 23:03",
            "open": "3.5787",
            "high": "3.5787",
            "low": "3.5787",
            "close": "3.586"
        },
        {
            "time": "28.05.2021 23:05",
            "open": "3.586",
            "high": "3.586",
            "low": "3.5847",
            "close": "3.5782"
        },
        {
            "time": "28.05.2021 23:10",
            "open": "3.5782",
            "high": "3.5799",
            "low": "3.5688",
            "close": "3.5798"
        },
        {
            "time": "28.05.2021 23:11",
            "open": "3.5798",
            "high": "3.5798",
            "low": "3.5505",
            "close": "3.5594"
        },
        {
            "time": "28.05.2021 23:13",
            "open": "3.5594",
            "high": "3.5594",
            "low": "3.5594",
            "close": "3.5594"
        },
        {
            "time": "28.05.2021 23:16",
            "open": "3.5594",
            "high": "3.5594",
            "low": "3.5594",
            "close": "3.5238"
        },
        {
            "time": "28.05.2021 23:26",
            "open": "3.5238",
            "high": "3.5238",
            "low": "3.5198",
            "close": "3.5136"
        },
        {
            "time": "28.05.2021 23:28",
            "open": "3.5136",
            "high": "3.5136",
            "low": "3.5117",
            "close": "3.5179"
        },
        {
            "time": "28.05.2021 23:31",
            "open": "3.5179",
            "high": "3.5189",
            "low": "3.5179",
            "close": "3.5282"
        },
        {
            "time": "28.05.2021 23:32",
            "open": "3.5282",
            "high": "3.5282",
            "low": "3.5263",
            "close": "3.5298"
        },
        {
            "time": "28.05.2021 23:35",
            "open": "3.5298",
            "high": "3.5298",
            "low": "3.5298",
            "close": "3.5338"
        },
        {
            "time": "28.05.2021 23:39",
            "open": "3.5338",
            "high": "3.5338",
            "low": "3.5338",
            "close": "3.5276"
        },
        {
            "time": "28.05.2021 23:40",
            "open": "3.5276",
            "high": "3.5276",
            "low": "3.5276",
            "close": "3.5276"
        },
        {
            "time": "28.05.2021 23:41",
            "open": "3.5276",
            "high": "3.5276",
            "low": "3.5276",
            "close": "3.5206"
        },
        {
            "time": "28.05.2021 23:46",
            "open": "3.5206",
            "high": "3.5206",
            "low": "3.5206",
            "close": "3.5348"
        }
    ]
}