{
    "BNT-EUR": [
        {
            "time": "19.07.2021 23:07",
            "open": "2.2725",
            "high": "2.2725",
            "low": "2.2725",
            "close": "2.2688"
        },
        {
            "time": "20.07.2021 00:18",
            "open": "2.2688",
            "high": "2.2688",
            "low": "2.2688",
            "close": "2.2666"
        },
        {
            "time": "20.07.2021 00:26",
            "open": "2.2666",
            "high": "2.2666",
            "low": "2.2666",
            "close": "2.277"
        },
        {
            "time": "20.07.2021 00:39",
            "open": "2.277",
            "high": "2.277",
            "low": "2.277",
            "close": "2.2806"
        },
        {
            "time": "20.07.2021 00:44",
            "open": "2.2806",
            "high": "2.2806",
            "low": "2.2806",
            "close": "2.271"
        },
        {
            "time": "20.07.2021 00:57",
            "open": "2.271",
            "high": "2.271",
            "low": "2.271",
            "close": "2.2719"
        },
        {
            "time": "20.07.2021 01:12",
            "open": "2.2719",
            "high": "2.2719",
            "low": "2.2719",
            "close": "2.268"
        },
        {
            "time": "20.07.2021 02:02",
            "open": "2.268",
            "high": "2.268",
            "low": "2.2666",
            "close": "2.2606"
        },
        {
            "time": "20.07.2021 02:04",
            "open": "2.2606",
            "high": "2.2606",
            "low": "2.2606",
            "close": "2.2638"
        },
        {
            "time": "20.07.2021 02:07",
            "open": "2.2638",
            "high": "2.2638",
            "low": "2.2638",
            "close": "2.2669"
        },
        {
            "time": "20.07.2021 02:08",
            "open": "2.2669",
            "high": "2.2669",
            "low": "2.2666",
            "close": "2.2844"
        },
        {
            "time": "20.07.2021 02:16",
            "open": "2.2844",
            "high": "2.2844",
            "low": "2.2844",
            "close": "2.2926"
        },
        {
            "time": "20.07.2021 02:17",
            "open": "2.2926",
            "high": "2.2926",
            "low": "2.2894",
            "close": "2.2867"
        },
        {
            "time": "20.07.2021 02:18",
            "open": "2.2867",
            "high": "2.2867",
            "low": "2.2864",
            "close": "2.2749"
        },
        {
            "time": "20.07.2021 02:20",
            "open": "2.2749",
            "high": "2.2749",
            "low": "2.2736",
            "close": "2.2654"
        },
        {
            "time": "20.07.2021 02:24",
            "open": "2.2654",
            "high": "2.2654",
            "low": "2.2654",
            "close": "2.2742"
        },
        {
            "time": "20.07.2021 02:30",
            "open": "2.2742",
            "high": "2.2742",
            "low": "2.2742",
            "close": "2.2673"
        },
        {
            "time": "20.07.2021 02:52",
            "open": "2.2673",
            "high": "2.2673",
            "low": "2.2673",
            "close": "2.257"
        },
        {
            "time": "20.07.2021 03:02",
            "open": "2.257",
            "high": "2.257",
            "low": "2.257",
            "close": "2.25"
        },
        {
            "time": "20.07.2021 03:05",
            "open": "2.25",
            "high": "2.25",
            "low": "2.25",
            "close": "2.2471"
        },
        {
            "time": "20.07.2021 03:09",
            "open": "2.2471",
            "high": "2.2471",
            "low": "2.2471",
            "close": "2.2427"
        },
        {
            "time": "20.07.2021 03:13",
            "open": "2.2427",
            "high": "2.2427",
            "low": "2.2264",
            "close": "2.2279"
        },
        {
            "time": "20.07.2021 03:14",
            "open": "2.2279",
            "high": "2.2285",
            "low": "2.2159",
            "close": "2.2196"
        },
        {
            "time": "20.07.2021 03:15",
            "open": "2.2196",
            "high": "2.2196",
            "low": "2.2196",
            "close": "2.2244"
        },
        {
            "time": "20.07.2021 03:16",
            "open": "2.2244",
            "high": "2.2276",
            "low": "2.2244",
            "close": "2.2258"
        },
        {
            "time": "20.07.2021 03:17",
            "open": "2.2258",
            "high": "2.2258",
            "low": "2.2258",
            "close": "2.2261"
        },
        {
            "time": "20.07.2021 03:19",
            "open": "2.2261",
            "high": "2.2261",
            "low": "2.2261",
            "close": "2.2276"
        },
        {
            "time": "20.07.2021 03:20",
            "open": "2.2276",
            "high": "2.2361",
            "low": "2.2276",
            "close": "2.2222"
        },
        {
            "time": "20.07.2021 03:27",
            "open": "2.2222",
            "high": "2.2222",
            "low": "2.2222",
            "close": "2.2312"
        },
        {
            "time": "20.07.2021 03:41",
            "open": "2.2312",
            "high": "2.2312",
            "low": "2.2312",
            "close": "2.2312"
        },
        {
            "time": "20.07.2021 03:43",
            "open": "2.2312",
            "high": "2.2312",
            "low": "2.2312",
            "close": "2.2218"
        },
        {
            "time": "20.07.2021 03:51",
            "open": "2.2218",
            "high": "2.2218",
            "low": "2.2218",
            "close": "2.224"
        },
        {
            "time": "20.07.2021 04:12",
            "open": "2.224",
            "high": "2.224",
            "low": "2.224",
            "close": "2.2137"
        },
        {
            "time": "20.07.2021 04:16",
            "open": "2.2137",
            "high": "2.2137",
            "low": "2.2137",
            "close": "2.2117"
        },
        {
            "time": "20.07.2021 04:19",
            "open": "2.2117",
            "high": "2.2117",
            "low": "2.2084",
            "close": "2.2"
        },
        {
            "time": "20.07.2021 04:22",
            "open": "2.2",
            "high": "2.2",
            "low": "2.1962",
            "close": "2.1973"
        },
        {
            "time": "20.07.2021 04:23",
            "open": "2.1973",
            "high": "2.1973",
            "low": "2.1883",
            "close": "2.1944"
        },
        {
            "time": "20.07.2021 04:25",
            "open": "2.1944",
            "high": "2.1968",
            "low": "2.1944",
            "close": "2.1926"
        },
        {
            "time": "20.07.2021 04:33",
            "open": "2.1926",
            "high": "2.1926",
            "low": "2.1926",
            "close": "2.1932"
        },
        {
            "time": "20.07.2021 04:42",
            "open": "2.1932",
            "high": "2.1932",
            "low": "2.1932",
            "close": "2.1859"
        },
        {
            "time": "20.07.2021 04:45",
            "open": "2.1859",
            "high": "2.1859",
            "low": "2.1859",
            "close": "2.1857"
        },
        {
            "time": "20.07.2021 04:54",
            "open": "2.1857",
            "high": "2.1857",
            "low": "2.1857",
            "close": "2.1901"
        },
        {
            "time": "20.07.2021 05:02",
            "open": "2.1901",
            "high": "2.1901",
            "low": "2.1891",
            "close": "2.1828"
        },
        {
            "time": "20.07.2021 05:06",
            "open": "2.1828",
            "high": "2.1828",
            "low": "2.1828",
            "close": "2.1785"
        },
        {
            "time": "20.07.2021 05:15",
            "open": "2.1785",
            "high": "2.1785",
            "low": "2.1785",
            "close": "2.1704"
        },
        {
            "time": "20.07.2021 05:17",
            "open": "2.1704",
            "high": "2.1704",
            "low": "2.1587",
            "close": "2.1556"
        },
        {
            "time": "20.07.2021 05:18",
            "open": "2.1556",
            "high": "2.157",
            "low": "2.1519",
            "close": "2.1524"
        },
        {
            "time": "20.07.2021 05:21",
            "open": "2.1524",
            "high": "2.1524",
            "low": "2.1524",
            "close": "2.1527"
        },
        {
            "time": "20.07.2021 05:24",
            "open": "2.1527",
            "high": "2.1527",
            "low": "2.1527",
            "close": "2.1562"
        },
        {
            "time": "20.07.2021 05:25",
            "open": "2.1562",
            "high": "2.1563",
            "low": "2.1562",
            "close": "2.1577"
        },
        {
            "time": "20.07.2021 05:36",
            "open": "2.1577",
            "high": "2.1579",
            "low": "2.1577",
            "close": "2.1573"
        },
        {
            "time": "20.07.2021 05:38",
            "open": "2.1573",
            "high": "2.1573",
            "low": "2.1573",
            "close": "2.1533"
        },
        {
            "time": "20.07.2021 05:44",
            "open": "2.1533",
            "high": "2.1533",
            "low": "2.1533",
            "close": "2.1455"
        },
        {
            "time": "20.07.2021 05:58",
            "open": "2.1455",
            "high": "2.1455",
            "low": "2.144",
            "close": "2.1478"
        },
        {
            "time": "20.07.2021 06:00",
            "open": "2.1478",
            "high": "2.1478",
            "low": "2.1478",
            "close": "2.1478"
        },
        {
            "time": "20.07.2021 06:01",
            "open": "2.1478",
            "high": "2.1478",
            "low": "2.1478",
            "close": "2.1501"
        },
        {
            "time": "20.07.2021 06:04",
            "open": "2.1501",
            "high": "2.1501",
            "low": "2.1501",
            "close": "2.1438"
        },
        {
            "time": "20.07.2021 06:20",
            "open": "2.1438",
            "high": "2.1438",
            "low": "2.1438",
            "close": "2.1463"
        },
        {
            "time": "20.07.2021 06:21",
            "open": "2.1463",
            "high": "2.1463",
            "low": "2.1448",
            "close": "2.14"
        },
        {
            "time": "20.07.2021 06:30",
            "open": "2.14",
            "high": "2.14",
            "low": "2.1381",
            "close": "2.1726"
        },
        {
            "time": "20.07.2021 06:42",
            "open": "2.1726",
            "high": "2.1726",
            "low": "2.1726",
            "close": "2.1592"
        },
        {
            "time": "20.07.2021 06:54",
            "open": "2.1592",
            "high": "2.1592",
            "low": "2.1592",
            "close": "2.1592"
        },
        {
            "time": "20.07.2021 06:55",
            "open": "2.1592",
            "high": "2.1592",
            "low": "2.1591",
            "close": "2.1583"
        },
        {
            "time": "20.07.2021 07:14",
            "open": "2.1583",
            "high": "2.1583",
            "low": "2.1583",
            "close": "2.161"
        },
        {
            "time": "20.07.2021 07:31",
            "open": "2.161",
            "high": "2.161",
            "low": "2.1583",
            "close": "2.1603"
        },
        {
            "time": "20.07.2021 07:34",
            "open": "2.1603",
            "high": "2.1603",
            "low": "2.1603",
            "close": "2.1581"
        },
        {
            "time": "20.07.2021 07:35",
            "open": "2.1581",
            "high": "2.1581",
            "low": "2.1581",
            "close": "2.1627"
        },
        {
            "time": "20.07.2021 07:42",
            "open": "2.1627",
            "high": "2.1639",
            "low": "2.1627",
            "close": "2.1639"
        },
        {
            "time": "20.07.2021 07:50",
            "open": "2.1639",
            "high": "2.1639",
            "low": "2.1639",
            "close": "2.1638"
        },
        {
            "time": "20.07.2021 08:37",
            "open": "2.1638",
            "high": "2.1638",
            "low": "2.162",
            "close": "2.1624"
        },
        {
            "time": "20.07.2021 08:41",
            "open": "2.1624",
            "high": "2.1624",
            "low": "2.1624",
            "close": "2.1618"
        },
        {
            "time": "20.07.2021 08:46",
            "open": "2.1618",
            "high": "2.1618",
            "low": "2.1618",
            "close": "2.1659"
        },
        {
            "time": "20.07.2021 08:49",
            "open": "2.1659",
            "high": "2.1659",
            "low": "2.1659",
            "close": "2.1792"
        },
        {
            "time": "20.07.2021 09:16",
            "open": "2.1792",
            "high": "2.1796",
            "low": "2.1792",
            "close": "2.1794"
        },
        {
            "time": "20.07.2021 09:18",
            "open": "2.1794",
            "high": "2.1845",
            "low": "2.1794",
            "close": "2.1778"
        },
        {
            "time": "20.07.2021 09:39",
            "open": "2.1778",
            "high": "2.1778",
            "low": "2.1778",
            "close": "2.1804"
        },
        {
            "time": "20.07.2021 09:42",
            "open": "2.1804",
            "high": "2.1804",
            "low": "2.1804",
            "close": "2.1804"
        },
        {
            "time": "20.07.2021 09:46",
            "open": "2.1804",
            "high": "2.1824",
            "low": "2.1804",
            "close": "2.1759"
        },
        {
            "time": "20.07.2021 09:55",
            "open": "2.1759",
            "high": "2.1759",
            "low": "2.1759",
            "close": "2.1763"
        },
        {
            "time": "20.07.2021 10:00",
            "open": "2.1763",
            "high": "2.1763",
            "low": "2.1763",
            "close": "2.1763"
        },
        {
            "time": "20.07.2021 10:01",
            "open": "2.1763",
            "high": "2.1763",
            "low": "2.1763",
            "close": "2.1628"
        },
        {
            "time": "20.07.2021 10:11",
            "open": "2.1628",
            "high": "2.1628",
            "low": "2.1628",
            "close": "2.1713"
        },
        {
            "time": "20.07.2021 10:16",
            "open": "2.1713",
            "high": "2.1713",
            "low": "2.1713",
            "close": "2.1596"
        },
        {
            "time": "20.07.2021 10:36",
            "open": "2.1596",
            "high": "2.1596",
            "low": "2.1596",
            "close": "2.156"
        },
        {
            "time": "20.07.2021 10:37",
            "open": "2.156",
            "high": "2.156",
            "low": "2.156",
            "close": "2.1394"
        },
        {
            "time": "20.07.2021 11:12",
            "open": "2.1394",
            "high": "2.1394",
            "low": "2.1394",
            "close": "2.1436"
        },
        {
            "time": "20.07.2021 11:26",
            "open": "2.1436",
            "high": "2.1436",
            "low": "2.1436",
            "close": "2.1375"
        },
        {
            "time": "20.07.2021 11:31",
            "open": "2.1375",
            "high": "2.1375",
            "low": "2.1375",
            "close": "2.1416"
        },
        {
            "time": "20.07.2021 11:35",
            "open": "2.1416",
            "high": "2.1416",
            "low": "2.1416",
            "close": "2.1345"
        },
        {
            "time": "20.07.2021 11:54",
            "open": "2.1345",
            "high": "2.1345",
            "low": "2.1345",
            "close": "2.13"
        },
        {
            "time": "20.07.2021 11:55",
            "open": "2.13",
            "high": "2.1301",
            "low": "2.1299",
            "close": "2.1221"
        },
        {
            "time": "20.07.2021 11:58",
            "open": "2.1221",
            "high": "2.1221",
            "low": "2.1146",
            "close": "2.1369"
        },
        {
            "time": "20.07.2021 12:02",
            "open": "2.1369",
            "high": "2.142",
            "low": "2.1369",
            "close": "2.1361"
        },
        {
            "time": "20.07.2021 12:03",
            "open": "2.1361",
            "high": "2.1361",
            "low": "2.1361",
            "close": "2.1328"
        },
        {
            "time": "20.07.2021 12:04",
            "open": "2.1328",
            "high": "2.1328",
            "low": "2.1274",
            "close": "2.1291"
        },
        {
            "time": "20.07.2021 12:06",
            "open": "2.1291",
            "high": "2.1291",
            "low": "2.1291",
            "close": "2.1353"
        },
        {
            "time": "20.07.2021 12:17",
            "open": "2.1353",
            "high": "2.1353",
            "low": "2.1353",
            "close": "2.1463"
        },
        {
            "time": "20.07.2021 12:20",
            "open": "2.1463",
            "high": "2.1463",
            "low": "2.1463",
            "close": "2.1472"
        },
        {
            "time": "20.07.2021 12:21",
            "open": "2.1472",
            "high": "2.1472",
            "low": "2.1472",
            "close": "2.148"
        },
        {
            "time": "20.07.2021 12:35",
            "open": "2.148",
            "high": "2.1485",
            "low": "2.148",
            "close": "2.1415"
        },
        {
            "time": "20.07.2021 12:37",
            "open": "2.1415",
            "high": "2.1415",
            "low": "2.1366",
            "close": "2.1431"
        },
        {
            "time": "20.07.2021 12:49",
            "open": "2.1431",
            "high": "2.1431",
            "low": "2.1428",
            "close": "2.153"
        },
        {
            "time": "20.07.2021 12:54",
            "open": "2.153",
            "high": "2.153",
            "low": "2.153",
            "close": "2.1649"
        },
        {
            "time": "20.07.2021 13:05",
            "open": "2.1649",
            "high": "2.1664",
            "low": "2.1649",
            "close": "2.155"
        },
        {
            "time": "20.07.2021 13:20",
            "open": "2.155",
            "high": "2.155",
            "low": "2.155",
            "close": "2.1515"
        },
        {
            "time": "20.07.2021 13:28",
            "open": "2.1515",
            "high": "2.1515",
            "low": "2.1515",
            "close": "2.1478"
        },
        {
            "time": "20.07.2021 13:29",
            "open": "2.1478",
            "high": "2.1478",
            "low": "2.1478",
            "close": "2.1561"
        },
        {
            "time": "20.07.2021 13:41",
            "open": "2.1561",
            "high": "2.1561",
            "low": "2.1561",
            "close": "2.1651"
        },
        {
            "time": "20.07.2021 14:10",
            "open": "2.1651",
            "high": "2.1651",
            "low": "2.1651",
            "close": "2.1789"
        },
        {
            "time": "20.07.2021 14:54",
            "open": "2.1789",
            "high": "2.1789",
            "low": "2.1789",
            "close": "2.1759"
        },
        {
            "time": "20.07.2021 14:55",
            "open": "2.1759",
            "high": "2.1759",
            "low": "2.1759",
            "close": "2.1677"
        },
        {
            "time": "20.07.2021 15:23",
            "open": "2.1677",
            "high": "2.1677",
            "low": "2.1579",
            "close": "2.1558"
        },
        {
            "time": "20.07.2021 15:24",
            "open": "2.1558",
            "high": "2.1558",
            "low": "2.1558",
            "close": "2.16"
        },
        {
            "time": "20.07.2021 15:31",
            "open": "2.16",
            "high": "2.16",
            "low": "2.16",
            "close": "2.1571"
        },
        {
            "time": "20.07.2021 15:46",
            "open": "2.1571",
            "high": "2.1571",
            "low": "2.1571",
            "close": "2.155"
        },
        {
            "time": "20.07.2021 15:59",
            "open": "2.155",
            "high": "2.155",
            "low": "2.155",
            "close": "2.1501"
        },
        {
            "time": "20.07.2021 16:07",
            "open": "2.1501",
            "high": "2.18",
            "low": "2.1501",
            "close": "2.1764"
        },
        {
            "time": "20.07.2021 16:08",
            "open": "2.1764",
            "high": "2.1764",
            "low": "2.1761",
            "close": "2.1736"
        },
        {
            "time": "20.07.2021 16:10",
            "open": "2.1736",
            "high": "2.1736",
            "low": "2.1736",
            "close": "2.1587"
        },
        {
            "time": "20.07.2021 16:16",
            "open": "2.1587",
            "high": "2.1589",
            "low": "2.1587",
            "close": "2.1537"
        },
        {
            "time": "20.07.2021 16:17",
            "open": "2.1537",
            "high": "2.1537",
            "low": "2.1408",
            "close": "2.1479"
        },
        {
            "time": "20.07.2021 16:19",
            "open": "2.1479",
            "high": "2.1479",
            "low": "2.1479",
            "close": "2.1623"
        },
        {
            "time": "20.07.2021 16:24",
            "open": "2.1623",
            "high": "2.1623",
            "low": "2.1611",
            "close": "2.1603"
        },
        {
            "time": "20.07.2021 16:42",
            "open": "2.1603",
            "high": "2.1603",
            "low": "2.1598",
            "close": "2.1672"
        },
        {
            "time": "20.07.2021 16:43",
            "open": "2.1672",
            "high": "2.1672",
            "low": "2.1672",
            "close": "2.1774"
        },
        {
            "time": "20.07.2021 16:58",
            "open": "2.1774",
            "high": "2.1774",
            "low": "2.1774",
            "close": "2.1876"
        },
        {
            "time": "20.07.2021 17:26",
            "open": "2.1876",
            "high": "2.1892",
            "low": "2.1876",
            "close": "2.1978"
        },
        {
            "time": "20.07.2021 17:29",
            "open": "2.1978",
            "high": "2.2068",
            "low": "2.1978",
            "close": "2.2154"
        },
        {
            "time": "20.07.2021 17:30",
            "open": "2.2154",
            "high": "2.2154",
            "low": "2.2024",
            "close": "2.2039"
        },
        {
            "time": "20.07.2021 17:33",
            "open": "2.2039",
            "high": "2.204",
            "low": "2.2039",
            "close": "2.197"
        },
        {
            "time": "20.07.2021 17:49",
            "open": "2.197",
            "high": "2.197",
            "low": "2.197",
            "close": "2.2157"
        },
        {
            "time": "20.07.2021 18:01",
            "open": "2.2157",
            "high": "2.2157",
            "low": "2.2157",
            "close": "2.2191"
        },
        {
            "time": "20.07.2021 18:02",
            "open": "2.2191",
            "high": "2.2246",
            "low": "2.2191",
            "close": "2.2066"
        },
        {
            "time": "20.07.2021 18:28",
            "open": "2.2066",
            "high": "2.2066",
            "low": "2.2066",
            "close": "2.2081"
        },
        {
            "time": "20.07.2021 18:29",
            "open": "2.2081",
            "high": "2.2081",
            "low": "2.2081",
            "close": "2.2101"
        },
        {
            "time": "20.07.2021 18:31",
            "open": "2.2101",
            "high": "2.2101",
            "low": "2.2101",
            "close": "2.207"
        },
        {
            "time": "20.07.2021 18:32",
            "open": "2.207",
            "high": "2.2074",
            "low": "2.207",
            "close": "2.2073"
        },
        {
            "time": "20.07.2021 18:33",
            "open": "2.2073",
            "high": "2.2076",
            "low": "2.2073",
            "close": "2.2046"
        },
        {
            "time": "20.07.2021 18:36",
            "open": "2.2046",
            "high": "2.2046",
            "low": "2.2046",
            "close": "2.1958"
        },
        {
            "time": "20.07.2021 18:54",
            "open": "2.1958",
            "high": "2.1958",
            "low": "2.1958",
            "close": "2.1984"
        },
        {
            "time": "20.07.2021 19:26",
            "open": "2.1984",
            "high": "2.2001",
            "low": "2.1984",
            "close": "2.1934"
        },
        {
            "time": "20.07.2021 19:32",
            "open": "2.1934",
            "high": "2.1934",
            "low": "2.1934",
            "close": "2.191"
        },
        {
            "time": "20.07.2021 19:42",
            "open": "2.191",
            "high": "2.191",
            "low": "2.191",
            "close": "2.1982"
        },
        {
            "time": "20.07.2021 20:26",
            "open": "2.1982",
            "high": "2.1982",
            "low": "2.1982",
            "close": "2.203"
        },
        {
            "time": "20.07.2021 21:06",
            "open": "2.203",
            "high": "2.203",
            "low": "2.203",
            "close": "2.2104"
        },
        {
            "time": "20.07.2021 21:14",
            "open": "2.2104",
            "high": "2.2104",
            "low": "2.2104",
            "close": "2.2121"
        },
        {
            "time": "20.07.2021 21:17",
            "open": "2.2121",
            "high": "2.2121",
            "low": "2.2088",
            "close": "2.2115"
        },
        {
            "time": "20.07.2021 22:03",
            "open": "2.2115",
            "high": "2.2115",
            "low": "2.2115",
            "close": "2.2144"
        },
        {
            "time": "20.07.2021 22:12",
            "open": "2.2144",
            "high": "2.2144",
            "low": "2.2144",
            "close": "2.2059"
        },
        {
            "time": "20.07.2021 23:13",
            "open": "2.2059",
            "high": "2.2079",
            "low": "2.2059",
            "close": "2.1985"
        },
        {
            "time": "20.07.2021 23:30",
            "open": "2.1985",
            "high": "2.1985",
            "low": "2.1985",
            "close": "2.196"
        }
    ]
}