{
    "BNT-EUR": [
        {
            "time": "11.07.2021 23:48",
            "open": "2.7625",
            "high": "2.7625",
            "low": "2.7625",
            "close": "2.7618"
        },
        {
            "time": "12.07.2021 00:05",
            "open": "2.7618",
            "high": "2.7618",
            "low": "2.7618",
            "close": "2.75"
        },
        {
            "time": "12.07.2021 00:17",
            "open": "2.75",
            "high": "2.75",
            "low": "2.75",
            "close": "2.7521"
        },
        {
            "time": "12.07.2021 00:26",
            "open": "2.7521",
            "high": "2.7521",
            "low": "2.7516",
            "close": "2.745"
        },
        {
            "time": "12.07.2021 00:33",
            "open": "2.745",
            "high": "2.745",
            "low": "2.745",
            "close": "2.725"
        },
        {
            "time": "12.07.2021 02:03",
            "open": "2.725",
            "high": "2.725",
            "low": "2.725",
            "close": "2.718"
        },
        {
            "time": "12.07.2021 02:12",
            "open": "2.718",
            "high": "2.718",
            "low": "2.718",
            "close": "2.7156"
        },
        {
            "time": "12.07.2021 02:22",
            "open": "2.7156",
            "high": "2.7163",
            "low": "2.7156",
            "close": "2.7293"
        },
        {
            "time": "12.07.2021 02:30",
            "open": "2.7293",
            "high": "2.7329",
            "low": "2.7278",
            "close": "2.7294"
        },
        {
            "time": "12.07.2021 02:39",
            "open": "2.7294",
            "high": "2.7294",
            "low": "2.7294",
            "close": "2.7198"
        },
        {
            "time": "12.07.2021 03:10",
            "open": "2.7198",
            "high": "2.7198",
            "low": "2.7198",
            "close": "2.7283"
        },
        {
            "time": "12.07.2021 03:29",
            "open": "2.7283",
            "high": "2.7283",
            "low": "2.7283",
            "close": "2.7276"
        },
        {
            "time": "12.07.2021 03:36",
            "open": "2.7276",
            "high": "2.7276",
            "low": "2.7276",
            "close": "2.7208"
        },
        {
            "time": "12.07.2021 03:39",
            "open": "2.7198",
            "high": "2.7198",
            "low": "2.7198",
            "close": "2.737"
        },
        {
            "time": "12.07.2021 04:18",
            "open": "2.737",
            "high": "2.737",
            "low": "2.7358",
            "close": "2.7452"
        },
        {
            "time": "12.07.2021 04:41",
            "open": "2.7452",
            "high": "2.7452",
            "low": "2.7452",
            "close": "2.7504"
        },
        {
            "time": "12.07.2021 04:58",
            "open": "2.7504",
            "high": "2.7504",
            "low": "2.7504",
            "close": "2.7682"
        },
        {
            "time": "12.07.2021 06:23",
            "open": "2.7682",
            "high": "2.7682",
            "low": "2.7682",
            "close": "2.7445"
        },
        {
            "time": "12.07.2021 07:31",
            "open": "2.7445",
            "high": "2.7445",
            "low": "2.7445",
            "close": "2.7497"
        },
        {
            "time": "12.07.2021 07:46",
            "open": "2.7497",
            "high": "2.7497",
            "low": "2.7497",
            "close": "2.7452"
        },
        {
            "time": "12.07.2021 07:49",
            "open": "2.7452",
            "high": "2.7452",
            "low": "2.7452",
            "close": "2.7461"
        },
        {
            "time": "12.07.2021 08:01",
            "open": "2.7461",
            "high": "2.7461",
            "low": "2.7461",
            "close": "2.749"
        },
        {
            "time": "12.07.2021 08:06",
            "open": "2.749",
            "high": "2.749",
            "low": "2.749",
            "close": "2.7639"
        },
        {
            "time": "12.07.2021 08:55",
            "open": "2.7639",
            "high": "2.7639",
            "low": "2.7639",
            "close": "2.7639"
        },
        {
            "time": "12.07.2021 09:03",
            "open": "2.7639",
            "high": "2.7639",
            "low": "2.7639",
            "close": "2.7607"
        },
        {
            "time": "12.07.2021 09:31",
            "open": "2.7607",
            "high": "2.7607",
            "low": "2.7607",
            "close": "2.7595"
        },
        {
            "time": "12.07.2021 09:37",
            "open": "2.7595",
            "high": "2.7595",
            "low": "2.7595",
            "close": "2.7471"
        },
        {
            "time": "12.07.2021 10:11",
            "open": "2.7471",
            "high": "2.7471",
            "low": "2.7471",
            "close": "2.7456"
        },
        {
            "time": "12.07.2021 10:30",
            "open": "2.7456",
            "high": "2.7456",
            "low": "2.7456",
            "close": "2.7434"
        },
        {
            "time": "12.07.2021 10:54",
            "open": "2.7434",
            "high": "2.7434",
            "low": "2.7434",
            "close": "2.7375"
        },
        {
            "time": "12.07.2021 11:18",
            "open": "2.7375",
            "high": "2.7375",
            "low": "2.733",
            "close": "2.733"
        },
        {
            "time": "12.07.2021 11:45",
            "open": "2.733",
            "high": "2.733",
            "low": "2.733",
            "close": "2.7336"
        },
        {
            "time": "12.07.2021 11:49",
            "open": "2.7336",
            "high": "2.7336",
            "low": "2.7336",
            "close": "2.7292"
        },
        {
            "time": "12.07.2021 11:58",
            "open": "2.7292",
            "high": "2.7292",
            "low": "2.7292",
            "close": "2.7255"
        },
        {
            "time": "12.07.2021 12:00",
            "open": "2.7255",
            "high": "2.7255",
            "low": "2.7233",
            "close": "2.7142"
        },
        {
            "time": "12.07.2021 12:01",
            "open": "2.7142",
            "high": "2.7142",
            "low": "2.7127",
            "close": "2.7"
        },
        {
            "time": "12.07.2021 12:07",
            "open": "2.7",
            "high": "2.7",
            "low": "2.7",
            "close": "2.6825"
        },
        {
            "time": "12.07.2021 14:00",
            "open": "2.6825",
            "high": "2.6825",
            "low": "2.6812",
            "close": "2.684"
        },
        {
            "time": "12.07.2021 14:01",
            "open": "2.684",
            "high": "2.684",
            "low": "2.684",
            "close": "2.6938"
        },
        {
            "time": "12.07.2021 14:26",
            "open": "2.6938",
            "high": "2.6938",
            "low": "2.6938",
            "close": "2.684"
        },
        {
            "time": "12.07.2021 14:27",
            "open": "2.684",
            "high": "2.684",
            "low": "2.684",
            "close": "2.6844"
        },
        {
            "time": "12.07.2021 14:29",
            "open": "2.6844",
            "high": "2.6844",
            "low": "2.6844",
            "close": "2.6899"
        },
        {
            "time": "12.07.2021 14:35",
            "open": "2.6899",
            "high": "2.6904",
            "low": "2.6899",
            "close": "2.6964"
        },
        {
            "time": "12.07.2021 14:48",
            "open": "2.6964",
            "high": "2.6982",
            "low": "2.6964",
            "close": "2.6897"
        },
        {
            "time": "12.07.2021 15:02",
            "open": "2.6897",
            "high": "2.6897",
            "low": "2.688",
            "close": "2.6941"
        },
        {
            "time": "12.07.2021 15:19",
            "open": "2.6941",
            "high": "2.6941",
            "low": "2.6941",
            "close": "2.6901"
        },
        {
            "time": "12.07.2021 15:28",
            "open": "2.6901",
            "high": "2.6901",
            "low": "2.6901",
            "close": "2.6892"
        },
        {
            "time": "12.07.2021 16:13",
            "open": "2.6892",
            "high": "2.6892",
            "low": "2.6892",
            "close": "2.6757"
        },
        {
            "time": "12.07.2021 17:02",
            "open": "2.6757",
            "high": "2.6757",
            "low": "2.6736",
            "close": "2.6752"
        },
        {
            "time": "12.07.2021 17:07",
            "open": "2.6752",
            "high": "2.6752",
            "low": "2.6752",
            "close": "2.6763"
        },
        {
            "time": "12.07.2021 17:11",
            "open": "2.6763",
            "high": "2.6763",
            "low": "2.6763",
            "close": "2.6799"
        },
        {
            "time": "12.07.2021 17:24",
            "open": "2.6799",
            "high": "2.68",
            "low": "2.6799",
            "close": "2.6753"
        },
        {
            "time": "12.07.2021 17:46",
            "open": "2.6753",
            "high": "2.6753",
            "low": "2.6753",
            "close": "2.6579"
        },
        {
            "time": "12.07.2021 18:10",
            "open": "2.6579",
            "high": "2.6586",
            "low": "2.6464",
            "close": "2.6448"
        },
        {
            "time": "12.07.2021 18:11",
            "open": "2.6448",
            "high": "2.6513",
            "low": "2.6448",
            "close": "2.6529"
        },
        {
            "time": "12.07.2021 18:16",
            "open": "2.6529",
            "high": "2.6529",
            "low": "2.6529",
            "close": "2.653"
        },
        {
            "time": "12.07.2021 18:18",
            "open": "2.6529",
            "high": "2.6529",
            "low": "2.6529",
            "close": "2.6503"
        },
        {
            "time": "12.07.2021 18:19",
            "open": "2.6503",
            "high": "2.6503",
            "low": "2.65",
            "close": "2.6539"
        },
        {
            "time": "12.07.2021 18:21",
            "open": "2.6539",
            "high": "2.6539",
            "low": "2.6539",
            "close": "2.6516"
        },
        {
            "time": "12.07.2021 18:43",
            "open": "2.6516",
            "high": "2.6516",
            "low": "2.6516",
            "close": "2.6414"
        },
        {
            "time": "12.07.2021 18:44",
            "open": "2.6414",
            "high": "2.6414",
            "low": "2.6286",
            "close": "2.6373"
        },
        {
            "time": "12.07.2021 18:51",
            "open": "2.6373",
            "high": "2.6373",
            "low": "2.6373",
            "close": "2.6444"
        },
        {
            "time": "12.07.2021 19:06",
            "open": "2.6444",
            "high": "2.6444",
            "low": "2.6444",
            "close": "2.6445"
        },
        {
            "time": "12.07.2021 19:27",
            "open": "2.6445",
            "high": "2.6445",
            "low": "2.6445",
            "close": "2.6316"
        },
        {
            "time": "12.07.2021 19:34",
            "open": "2.6316",
            "high": "2.6316",
            "low": "2.6316",
            "close": "2.6296"
        },
        {
            "time": "12.07.2021 20:01",
            "open": "2.6296",
            "high": "2.6296",
            "low": "2.6285",
            "close": "2.6268"
        },
        {
            "time": "12.07.2021 20:22",
            "open": "2.6268",
            "high": "2.6282",
            "low": "2.6268",
            "close": "2.6247"
        },
        {
            "time": "12.07.2021 20:25",
            "open": "2.6247",
            "high": "2.6247",
            "low": "2.6247",
            "close": "2.6419"
        },
        {
            "time": "12.07.2021 20:33",
            "open": "2.6419",
            "high": "2.6419",
            "low": "2.6419",
            "close": "2.6349"
        },
        {
            "time": "12.07.2021 20:34",
            "open": "2.6349",
            "high": "2.6349",
            "low": "2.6209",
            "close": "2.6144"
        },
        {
            "time": "12.07.2021 20:38",
            "open": "2.6153",
            "high": "2.6153",
            "low": "2.6153",
            "close": "2.6144"
        },
        {
            "time": "12.07.2021 20:46",
            "open": "2.6144",
            "high": "2.6175",
            "low": "2.6144",
            "close": "2.6143"
        },
        {
            "time": "12.07.2021 20:55",
            "open": "2.6143",
            "high": "2.6143",
            "low": "2.6143",
            "close": "2.6043"
        },
        {
            "time": "12.07.2021 20:56",
            "open": "2.6043",
            "high": "2.6043",
            "low": "2.6",
            "close": "2.6"
        },
        {
            "time": "12.07.2021 21:00",
            "open": "2.6",
            "high": "2.6",
            "low": "2.6",
            "close": "2.6039"
        },
        {
            "time": "12.07.2021 21:01",
            "open": "2.6039",
            "high": "2.6051",
            "low": "2.6039",
            "close": "2.6188"
        },
        {
            "time": "12.07.2021 21:09",
            "open": "2.6188",
            "high": "2.6188",
            "low": "2.6188",
            "close": "2.6188"
        },
        {
            "time": "12.07.2021 21:10",
            "open": "2.6188",
            "high": "2.6188",
            "low": "2.6188",
            "close": "2.6053"
        },
        {
            "time": "12.07.2021 21:19",
            "open": "2.6053",
            "high": "2.6053",
            "low": "2.6053",
            "close": "2.5783"
        },
        {
            "time": "12.07.2021 21:34",
            "open": "2.5783",
            "high": "2.5783",
            "low": "2.5737",
            "close": "2.5766"
        },
        {
            "time": "12.07.2021 21:36",
            "open": "2.5766",
            "high": "2.5767",
            "low": "2.5756",
            "close": "2.5768"
        },
        {
            "time": "12.07.2021 21:39",
            "open": "2.5768",
            "high": "2.5768",
            "low": "2.5768",
            "close": "2.5768"
        },
        {
            "time": "12.07.2021 21:40",
            "open": "2.5768",
            "high": "2.5831",
            "low": "2.5768",
            "close": "2.5784"
        },
        {
            "time": "12.07.2021 21:43",
            "open": "2.5784",
            "high": "2.5784",
            "low": "2.5733",
            "close": "2.5756"
        },
        {
            "time": "12.07.2021 21:46",
            "open": "2.5756",
            "high": "2.5756",
            "low": "2.5756",
            "close": "2.5714"
        },
        {
            "time": "12.07.2021 21:47",
            "open": "2.5714",
            "high": "2.5714",
            "low": "2.5704",
            "close": "2.5769"
        },
        {
            "time": "12.07.2021 21:51",
            "open": "2.5769",
            "high": "2.5787",
            "low": "2.5769",
            "close": "2.5722"
        },
        {
            "time": "12.07.2021 21:53",
            "open": "2.5722",
            "high": "2.5757",
            "low": "2.5693",
            "close": "2.5824"
        },
        {
            "time": "12.07.2021 21:56",
            "open": "2.5824",
            "high": "2.5824",
            "low": "2.5824",
            "close": "2.5824"
        },
        {
            "time": "12.07.2021 21:58",
            "open": "2.5824",
            "high": "2.5824",
            "low": "2.5824",
            "close": "2.5794"
        },
        {
            "time": "12.07.2021 22:00",
            "open": "2.5794",
            "high": "2.5794",
            "low": "2.5794",
            "close": "2.5852"
        },
        {
            "time": "12.07.2021 22:01",
            "open": "2.5852",
            "high": "2.5889",
            "low": "2.5852",
            "close": "2.5878"
        },
        {
            "time": "12.07.2021 22:02",
            "open": "2.5878",
            "high": "2.5878",
            "low": "2.5843",
            "close": "2.5804"
        },
        {
            "time": "12.07.2021 22:03",
            "open": "2.5804",
            "high": "2.5804",
            "low": "2.5804",
            "close": "2.5781"
        },
        {
            "time": "12.07.2021 22:04",
            "open": "2.5781",
            "high": "2.5781",
            "low": "2.5781",
            "close": "2.5839"
        },
        {
            "time": "12.07.2021 22:13",
            "open": "2.5839",
            "high": "2.584",
            "low": "2.5826",
            "close": "2.5874"
        },
        {
            "time": "12.07.2021 22:14",
            "open": "2.5874",
            "high": "2.5874",
            "low": "2.5874",
            "close": "2.593"
        },
        {
            "time": "12.07.2021 22:16",
            "open": "2.593",
            "high": "2.5935",
            "low": "2.593",
            "close": "2.5838"
        },
        {
            "time": "12.07.2021 23:03",
            "open": "2.5838",
            "high": "2.5838",
            "low": "2.5838",
            "close": "2.585"
        },
        {
            "time": "12.07.2021 23:14",
            "open": "2.585",
            "high": "2.585",
            "low": "2.585",
            "close": "2.5873"
        },
        {
            "time": "12.07.2021 23:15",
            "open": "2.5873",
            "high": "2.5873",
            "low": "2.5864",
            "close": "2.5891"
        },
        {
            "time": "12.07.2021 23:16",
            "open": "2.5891",
            "high": "2.5891",
            "low": "2.5891",
            "close": "2.5872"
        },
        {
            "time": "12.07.2021 23:25",
            "open": "2.5872",
            "high": "2.5872",
            "low": "2.5872",
            "close": "2.5882"
        },
        {
            "time": "12.07.2021 23:54",
            "open": "2.5882",
            "high": "2.5883",
            "low": "2.5882",
            "close": "2.5868"
        }
    ]
}