{
    "OMG-EUR": [
        {
            "time": "21.12.2020 23:59",
            "open": "2.4728",
            "high": "2.4728",
            "low": "2.4728",
            "close": "2.4689"
        },
        {
            "time": "22.12.2020 00:10",
            "open": "2.4689",
            "high": "2.4696",
            "low": "2.4689",
            "close": "2.4654"
        },
        {
            "time": "22.12.2020 00:11",
            "open": "2.4654",
            "high": "2.4675",
            "low": "2.4654",
            "close": "2.458"
        },
        {
            "time": "22.12.2020 00:14",
            "open": "2.458",
            "high": "2.4582",
            "low": "2.4575",
            "close": "2.4633"
        },
        {
            "time": "22.12.2020 00:15",
            "open": "2.4633",
            "high": "2.4659",
            "low": "2.4633",
            "close": "2.4597"
        },
        {
            "time": "22.12.2020 00:17",
            "open": "2.4597",
            "high": "2.4597",
            "low": "2.4597",
            "close": "2.4557"
        },
        {
            "time": "22.12.2020 00:18",
            "open": "2.4557",
            "high": "2.4557",
            "low": "2.4557",
            "close": "2.4708"
        },
        {
            "time": "22.12.2020 00:21",
            "open": "2.4708",
            "high": "2.4708",
            "low": "2.4659",
            "close": "2.4668"
        },
        {
            "time": "22.12.2020 00:30",
            "open": "2.4668",
            "high": "2.4668",
            "low": "2.4668",
            "close": "2.466"
        },
        {
            "time": "22.12.2020 00:31",
            "open": "2.466",
            "high": "2.466",
            "low": "2.466",
            "close": "2.466"
        },
        {
            "time": "22.12.2020 00:33",
            "open": "2.466",
            "high": "2.466",
            "low": "2.466",
            "close": "2.4591"
        },
        {
            "time": "22.12.2020 00:34",
            "open": "2.4591",
            "high": "2.4591",
            "low": "2.4591",
            "close": "2.45"
        },
        {
            "time": "22.12.2020 00:36",
            "open": "2.45",
            "high": "2.45",
            "low": "2.45",
            "close": "2.45"
        },
        {
            "time": "22.12.2020 00:41",
            "open": "2.45",
            "high": "2.45",
            "low": "2.45",
            "close": "2.45"
        },
        {
            "time": "22.12.2020 00:42",
            "open": "2.45",
            "high": "2.45",
            "low": "2.4356",
            "close": "2.4384"
        },
        {
            "time": "22.12.2020 00:43",
            "open": "2.4384",
            "high": "2.4385",
            "low": "2.4384",
            "close": "2.4416"
        },
        {
            "time": "22.12.2020 00:44",
            "open": "2.4416",
            "high": "2.4416",
            "low": "2.436",
            "close": "2.43"
        },
        {
            "time": "22.12.2020 00:45",
            "open": "2.43",
            "high": "2.4329",
            "low": "2.43",
            "close": "2.4349"
        },
        {
            "time": "22.12.2020 00:48",
            "open": "2.4349",
            "high": "2.4349",
            "low": "2.4349",
            "close": "2.4344"
        },
        {
            "time": "22.12.2020 00:49",
            "open": "2.4344",
            "high": "2.4378",
            "low": "2.4344",
            "close": "2.4369"
        },
        {
            "time": "22.12.2020 00:50",
            "open": "2.4369",
            "high": "2.4369",
            "low": "2.4369",
            "close": "2.4314"
        },
        {
            "time": "22.12.2020 00:53",
            "open": "2.4314",
            "high": "2.4314",
            "low": "2.4314",
            "close": "2.4349"
        },
        {
            "time": "22.12.2020 00:54",
            "open": "2.4349",
            "high": "2.4349",
            "low": "2.4349",
            "close": "2.4291"
        },
        {
            "time": "22.12.2020 00:55",
            "open": "2.4291",
            "high": "2.4291",
            "low": "2.425",
            "close": "2.4292"
        },
        {
            "time": "22.12.2020 00:56",
            "open": "2.4292",
            "high": "2.4293",
            "low": "2.4292",
            "close": "2.4272"
        },
        {
            "time": "22.12.2020 00:57",
            "open": "2.4272",
            "high": "2.4272",
            "low": "2.4272",
            "close": "2.425"
        },
        {
            "time": "22.12.2020 00:58",
            "open": "2.425",
            "high": "2.425",
            "low": "2.425",
            "close": "2.42"
        },
        {
            "time": "22.12.2020 00:59",
            "open": "2.42",
            "high": "2.42",
            "low": "2.42",
            "close": "2.419"
        },
        {
            "time": "22.12.2020 01:02",
            "open": "2.419",
            "high": "2.419",
            "low": "2.4175",
            "close": "2.4125"
        },
        {
            "time": "22.12.2020 01:03",
            "open": "2.4125",
            "high": "2.4173",
            "low": "2.4125",
            "close": "2.4173"
        },
        {
            "time": "22.12.2020 01:04",
            "open": "2.4173",
            "high": "2.4223",
            "low": "2.4173",
            "close": "2.428"
        },
        {
            "time": "22.12.2020 01:07",
            "open": "2.428",
            "high": "2.4292",
            "low": "2.428",
            "close": "2.4291"
        },
        {
            "time": "22.12.2020 01:13",
            "open": "2.4291",
            "high": "2.4291",
            "low": "2.4291",
            "close": "2.4309"
        },
        {
            "time": "22.12.2020 01:20",
            "open": "2.4309",
            "high": "2.4309",
            "low": "2.4309",
            "close": "2.4309"
        },
        {
            "time": "22.12.2020 01:32",
            "open": "2.4309",
            "high": "2.4309",
            "low": "2.4309",
            "close": "2.42"
        },
        {
            "time": "22.12.2020 01:35",
            "open": "2.42",
            "high": "2.42",
            "low": "2.42",
            "close": "2.4183"
        },
        {
            "time": "22.12.2020 01:39",
            "open": "2.4183",
            "high": "2.42",
            "low": "2.4183",
            "close": "2.4126"
        },
        {
            "time": "22.12.2020 01:40",
            "open": "2.4126",
            "high": "2.4126",
            "low": "2.4126",
            "close": "2.4178"
        },
        {
            "time": "22.12.2020 01:44",
            "open": "2.4178",
            "high": "2.4178",
            "low": "2.4178",
            "close": "2.41"
        },
        {
            "time": "22.12.2020 01:46",
            "open": "2.41",
            "high": "2.41",
            "low": "2.4084",
            "close": "2.4132"
        },
        {
            "time": "22.12.2020 01:48",
            "open": "2.4132",
            "high": "2.4132",
            "low": "2.4132",
            "close": "2.4097"
        },
        {
            "time": "22.12.2020 01:49",
            "open": "2.4097",
            "high": "2.4139",
            "low": "2.4097",
            "close": "2.4083"
        },
        {
            "time": "22.12.2020 01:54",
            "open": "2.4083",
            "high": "2.4083",
            "low": "2.4083",
            "close": "2.4035"
        },
        {
            "time": "22.12.2020 01:58",
            "open": "2.4035",
            "high": "2.4035",
            "low": "2.4035",
            "close": "2.407"
        },
        {
            "time": "22.12.2020 02:00",
            "open": "2.407",
            "high": "2.407",
            "low": "2.407",
            "close": "2.4155"
        },
        {
            "time": "22.12.2020 02:08",
            "open": "2.4155",
            "high": "2.4155",
            "low": "2.4155",
            "close": "2.4099"
        },
        {
            "time": "22.12.2020 02:10",
            "open": "2.4099",
            "high": "2.4099",
            "low": "2.4099",
            "close": "2.4011"
        },
        {
            "time": "22.12.2020 02:14",
            "open": "2.4011",
            "high": "2.4011",
            "low": "2.4",
            "close": "2.4"
        },
        {
            "time": "22.12.2020 02:15",
            "open": "2.4",
            "high": "2.4",
            "low": "2.3953",
            "close": "2.3958"
        },
        {
            "time": "22.12.2020 02:17",
            "open": "2.3958",
            "high": "2.3958",
            "low": "2.3958",
            "close": "2.396"
        },
        {
            "time": "22.12.2020 02:26",
            "open": "2.396",
            "high": "2.3961",
            "low": "2.396",
            "close": "2.3891"
        },
        {
            "time": "22.12.2020 02:30",
            "open": "2.3891",
            "high": "2.3891",
            "low": "2.3891",
            "close": "2.4169"
        },
        {
            "time": "22.12.2020 02:48",
            "open": "2.4169",
            "high": "2.4169",
            "low": "2.4169",
            "close": "2.4149"
        },
        {
            "time": "22.12.2020 03:04",
            "open": "2.4149",
            "high": "2.4149",
            "low": "2.4149",
            "close": "2.4158"
        },
        {
            "time": "22.12.2020 03:20",
            "open": "2.4158",
            "high": "2.4158",
            "low": "2.4158",
            "close": "2.4236"
        },
        {
            "time": "22.12.2020 03:22",
            "open": "2.4236",
            "high": "2.4236",
            "low": "2.4236",
            "close": "2.412"
        },
        {
            "time": "22.12.2020 03:27",
            "open": "2.412",
            "high": "2.412",
            "low": "2.412",
            "close": "2.4159"
        },
        {
            "time": "22.12.2020 03:28",
            "open": "2.4159",
            "high": "2.4159",
            "low": "2.4159",
            "close": "2.4187"
        },
        {
            "time": "22.12.2020 03:50",
            "open": "2.4187",
            "high": "2.4187",
            "low": "2.4187",
            "close": "2.4199"
        },
        {
            "time": "22.12.2020 03:52",
            "open": "2.4199",
            "high": "2.4199",
            "low": "2.4199",
            "close": "2.416"
        },
        {
            "time": "22.12.2020 03:55",
            "open": "2.416",
            "high": "2.416",
            "low": "2.416",
            "close": "2.4167"
        },
        {
            "time": "22.12.2020 04:05",
            "open": "2.4167",
            "high": "2.4167",
            "low": "2.4167",
            "close": "2.4347"
        },
        {
            "time": "22.12.2020 04:44",
            "open": "2.4347",
            "high": "2.4347",
            "low": "2.4332",
            "close": "2.433"
        },
        {
            "time": "22.12.2020 04:51",
            "open": "2.433",
            "high": "2.433",
            "low": "2.433",
            "close": "2.4283"
        },
        {
            "time": "22.12.2020 04:55",
            "open": "2.4283",
            "high": "2.4283",
            "low": "2.4283",
            "close": "2.4283"
        },
        {
            "time": "22.12.2020 04:56",
            "open": "2.4283",
            "high": "2.4283",
            "low": "2.4283",
            "close": "2.436"
        },
        {
            "time": "22.12.2020 05:47",
            "open": "2.436",
            "high": "2.436",
            "low": "2.436",
            "close": "2.4236"
        },
        {
            "time": "22.12.2020 06:24",
            "open": "2.4236",
            "high": "2.4236",
            "low": "2.4236",
            "close": "2.4294"
        },
        {
            "time": "22.12.2020 06:27",
            "open": "2.4294",
            "high": "2.4294",
            "low": "2.4294",
            "close": "2.3972"
        },
        {
            "time": "22.12.2020 06:42",
            "open": "2.3972",
            "high": "2.3972",
            "low": "2.3956",
            "close": "2.4001"
        },
        {
            "time": "22.12.2020 06:43",
            "open": "2.4001",
            "high": "2.4001",
            "low": "2.3994",
            "close": "2.4003"
        },
        {
            "time": "22.12.2020 06:47",
            "open": "2.4003",
            "high": "2.4003",
            "low": "2.4003",
            "close": "2.392"
        },
        {
            "time": "22.12.2020 06:48",
            "open": "2.392",
            "high": "2.392",
            "low": "2.3891",
            "close": "2.3955"
        },
        {
            "time": "22.12.2020 07:03",
            "open": "2.3955",
            "high": "2.3955",
            "low": "2.3955",
            "close": "2.3891"
        },
        {
            "time": "22.12.2020 07:04",
            "open": "2.3891",
            "high": "2.3891",
            "low": "2.3891",
            "close": "2.385"
        },
        {
            "time": "22.12.2020 07:06",
            "open": "2.385",
            "high": "2.385",
            "low": "2.3814",
            "close": "2.38"
        },
        {
            "time": "22.12.2020 07:07",
            "open": "2.38",
            "high": "2.38",
            "low": "2.38",
            "close": "2.378"
        },
        {
            "time": "22.12.2020 07:09",
            "open": "2.378",
            "high": "2.38",
            "low": "2.378",
            "close": "2.37"
        },
        {
            "time": "22.12.2020 07:10",
            "open": "2.37",
            "high": "2.3742",
            "low": "2.37",
            "close": "2.3709"
        },
        {
            "time": "22.12.2020 07:14",
            "open": "2.3709",
            "high": "2.3709",
            "low": "2.37",
            "close": "2.375"
        },
        {
            "time": "22.12.2020 07:19",
            "open": "2.375",
            "high": "2.375",
            "low": "2.375",
            "close": "2.3729"
        },
        {
            "time": "22.12.2020 07:21",
            "open": "2.3729",
            "high": "2.3729",
            "low": "2.3729",
            "close": "2.3701"
        },
        {
            "time": "22.12.2020 07:22",
            "open": "2.3701",
            "high": "2.3757",
            "low": "2.37",
            "close": "2.3757"
        },
        {
            "time": "22.12.2020 07:24",
            "open": "2.3757",
            "high": "2.3757",
            "low": "2.3757",
            "close": "2.3786"
        },
        {
            "time": "22.12.2020 07:25",
            "open": "2.3786",
            "high": "2.3786",
            "low": "2.3786",
            "close": "2.376"
        },
        {
            "time": "22.12.2020 07:26",
            "open": "2.376",
            "high": "2.376",
            "low": "2.376",
            "close": "2.3811"
        },
        {
            "time": "22.12.2020 07:27",
            "open": "2.3811",
            "high": "2.3811",
            "low": "2.3811",
            "close": "2.3811"
        },
        {
            "time": "22.12.2020 07:28",
            "open": "2.3811",
            "high": "2.3811",
            "low": "2.3811",
            "close": "2.3797"
        },
        {
            "time": "22.12.2020 07:32",
            "open": "2.3797",
            "high": "2.3797",
            "low": "2.3797",
            "close": "2.3774"
        },
        {
            "time": "22.12.2020 07:35",
            "open": "2.3774",
            "high": "2.3774",
            "low": "2.3774",
            "close": "2.3695"
        },
        {
            "time": "22.12.2020 07:40",
            "open": "2.3695",
            "high": "2.3695",
            "low": "2.3695",
            "close": "2.383"
        },
        {
            "time": "22.12.2020 07:47",
            "open": "2.383",
            "high": "2.3835",
            "low": "2.383",
            "close": "2.3834"
        },
        {
            "time": "22.12.2020 07:49",
            "open": "2.3834",
            "high": "2.3834",
            "low": "2.3834",
            "close": "2.3873"
        },
        {
            "time": "22.12.2020 07:54",
            "open": "2.3873",
            "high": "2.3873",
            "low": "2.3873",
            "close": "2.3773"
        },
        {
            "time": "22.12.2020 07:58",
            "open": "2.3773",
            "high": "2.3774",
            "low": "2.3719",
            "close": "2.3758"
        },
        {
            "time": "22.12.2020 07:59",
            "open": "2.3758",
            "high": "2.3758",
            "low": "2.3741",
            "close": "2.3749"
        },
        {
            "time": "22.12.2020 08:02",
            "open": "2.3749",
            "high": "2.375",
            "low": "2.3714",
            "close": "2.3714"
        },
        {
            "time": "22.12.2020 08:04",
            "open": "2.3714",
            "high": "2.3714",
            "low": "2.3714",
            "close": "2.3714"
        },
        {
            "time": "22.12.2020 08:05",
            "open": "2.3714",
            "high": "2.3762",
            "low": "2.3714",
            "close": "2.3821"
        },
        {
            "time": "22.12.2020 08:06",
            "open": "2.3821",
            "high": "2.3821",
            "low": "2.3736",
            "close": "2.3852"
        },
        {
            "time": "22.12.2020 08:08",
            "open": "2.3852",
            "high": "2.3869",
            "low": "2.3852",
            "close": "2.3851"
        },
        {
            "time": "22.12.2020 08:13",
            "open": "2.3851",
            "high": "2.3851",
            "low": "2.384",
            "close": "2.3901"
        },
        {
            "time": "22.12.2020 08:14",
            "open": "2.3901",
            "high": "2.3901",
            "low": "2.3901",
            "close": "2.3874"
        },
        {
            "time": "22.12.2020 08:15",
            "open": "2.3874",
            "high": "2.3874",
            "low": "2.3843",
            "close": "2.382"
        },
        {
            "time": "22.12.2020 08:16",
            "open": "2.382",
            "high": "2.382",
            "low": "2.3755",
            "close": "2.3732"
        },
        {
            "time": "22.12.2020 08:18",
            "open": "2.3732",
            "high": "2.3742",
            "low": "2.3732",
            "close": "2.3695"
        },
        {
            "time": "22.12.2020 08:19",
            "open": "2.3695",
            "high": "2.3695",
            "low": "2.3695",
            "close": "2.3677"
        },
        {
            "time": "22.12.2020 08:20",
            "open": "2.3677",
            "high": "2.3677",
            "low": "2.3652",
            "close": "2.37"
        },
        {
            "time": "22.12.2020 08:21",
            "open": "2.37",
            "high": "2.3716",
            "low": "2.37",
            "close": "2.3716"
        },
        {
            "time": "22.12.2020 08:22",
            "open": "2.3716",
            "high": "2.3866",
            "low": "2.3716",
            "close": "2.3806"
        },
        {
            "time": "22.12.2020 08:24",
            "open": "2.3806",
            "high": "2.3806",
            "low": "2.3806",
            "close": "2.3806"
        },
        {
            "time": "22.12.2020 08:25",
            "open": "2.3806",
            "high": "2.3807",
            "low": "2.3806",
            "close": "2.3844"
        },
        {
            "time": "22.12.2020 08:26",
            "open": "2.3844",
            "high": "2.3906",
            "low": "2.3844",
            "close": "2.3806"
        },
        {
            "time": "22.12.2020 08:27",
            "open": "2.3806",
            "high": "2.3806",
            "low": "2.38",
            "close": "2.3765"
        },
        {
            "time": "22.12.2020 08:29",
            "open": "2.3765",
            "high": "2.3782",
            "low": "2.3765",
            "close": "2.3774"
        },
        {
            "time": "22.12.2020 08:30",
            "open": "2.3774",
            "high": "2.3774",
            "low": "2.3774",
            "close": "2.3734"
        },
        {
            "time": "22.12.2020 08:31",
            "open": "2.3734",
            "high": "2.3734",
            "low": "2.372",
            "close": "2.374"
        },
        {
            "time": "22.12.2020 08:32",
            "open": "2.374",
            "high": "2.378",
            "low": "2.372",
            "close": "2.372"
        },
        {
            "time": "22.12.2020 08:33",
            "open": "2.372",
            "high": "2.3721",
            "low": "2.3717",
            "close": "2.3735"
        },
        {
            "time": "22.12.2020 08:34",
            "open": "2.3735",
            "high": "2.3735",
            "low": "2.3713",
            "close": "2.3785"
        },
        {
            "time": "22.12.2020 08:35",
            "open": "2.3785",
            "high": "2.3786",
            "low": "2.3785",
            "close": "2.3764"
        },
        {
            "time": "22.12.2020 08:36",
            "open": "2.3764",
            "high": "2.3786",
            "low": "2.3764",
            "close": "2.3743"
        },
        {
            "time": "22.12.2020 08:37",
            "open": "2.3743",
            "high": "2.3743",
            "low": "2.3681",
            "close": "2.3658"
        },
        {
            "time": "22.12.2020 08:38",
            "open": "2.3658",
            "high": "2.3658",
            "low": "2.3565",
            "close": "2.3565"
        },
        {
            "time": "22.12.2020 08:39",
            "open": "2.3565",
            "high": "2.3565",
            "low": "2.3565",
            "close": "2.3654"
        },
        {
            "time": "22.12.2020 08:40",
            "open": "2.3654",
            "high": "2.3654",
            "low": "2.3654",
            "close": "2.3589"
        },
        {
            "time": "22.12.2020 08:41",
            "open": "2.3589",
            "high": "2.3589",
            "low": "2.3547",
            "close": "2.3525"
        },
        {
            "time": "22.12.2020 08:42",
            "open": "2.3525",
            "high": "2.356",
            "low": "2.3525",
            "close": "2.3549"
        },
        {
            "time": "22.12.2020 08:43",
            "open": "2.3549",
            "high": "2.3549",
            "low": "2.353",
            "close": "2.36"
        },
        {
            "time": "22.12.2020 08:45",
            "open": "2.36",
            "high": "2.36",
            "low": "2.36",
            "close": "2.3502"
        },
        {
            "time": "22.12.2020 08:46",
            "open": "2.3502",
            "high": "2.3502",
            "low": "2.35",
            "close": "2.3536"
        },
        {
            "time": "22.12.2020 08:47",
            "open": "2.3536",
            "high": "2.3536",
            "low": "2.3536",
            "close": "2.3523"
        },
        {
            "time": "22.12.2020 08:48",
            "open": "2.3523",
            "high": "2.3523",
            "low": "2.35",
            "close": "2.3465"
        },
        {
            "time": "22.12.2020 08:50",
            "open": "2.3465",
            "high": "2.3465",
            "low": "2.345",
            "close": "2.3499"
        },
        {
            "time": "22.12.2020 08:51",
            "open": "2.3499",
            "high": "2.3503",
            "low": "2.3499",
            "close": "2.3477"
        },
        {
            "time": "22.12.2020 08:52",
            "open": "2.3477",
            "high": "2.3481",
            "low": "2.3477",
            "close": "2.3493"
        },
        {
            "time": "22.12.2020 08:53",
            "open": "2.3493",
            "high": "2.3493",
            "low": "2.3493",
            "close": "2.3548"
        },
        {
            "time": "22.12.2020 08:56",
            "open": "2.3548",
            "high": "2.3549",
            "low": "2.3548",
            "close": "2.3589"
        },
        {
            "time": "22.12.2020 08:57",
            "open": "2.3589",
            "high": "2.3589",
            "low": "2.3589",
            "close": "2.352"
        },
        {
            "time": "22.12.2020 08:58",
            "open": "2.352",
            "high": "2.352",
            "low": "2.3516",
            "close": "2.3711"
        },
        {
            "time": "22.12.2020 09:00",
            "open": "2.3711",
            "high": "2.3803",
            "low": "2.3711",
            "close": "2.3821"
        },
        {
            "time": "22.12.2020 09:01",
            "open": "2.3821",
            "high": "2.3821",
            "low": "2.3821",
            "close": "2.3733"
        },
        {
            "time": "22.12.2020 09:02",
            "open": "2.3733",
            "high": "2.3733",
            "low": "2.3733",
            "close": "2.3724"
        },
        {
            "time": "22.12.2020 09:03",
            "open": "2.3724",
            "high": "2.3724",
            "low": "2.3638",
            "close": "2.3603"
        },
        {
            "time": "22.12.2020 09:04",
            "open": "2.3603",
            "high": "2.3644",
            "low": "2.3603",
            "close": "2.36"
        },
        {
            "time": "22.12.2020 09:05",
            "open": "2.36",
            "high": "2.36",
            "low": "2.3579",
            "close": "2.355"
        },
        {
            "time": "22.12.2020 09:07",
            "open": "2.355",
            "high": "2.355",
            "low": "2.355",
            "close": "2.3543"
        },
        {
            "time": "22.12.2020 09:08",
            "open": "2.3543",
            "high": "2.3543",
            "low": "2.353",
            "close": "2.3529"
        },
        {
            "time": "22.12.2020 09:12",
            "open": "2.3529",
            "high": "2.3529",
            "low": "2.35",
            "close": "2.345"
        },
        {
            "time": "22.12.2020 09:15",
            "open": "2.345",
            "high": "2.345",
            "low": "2.345",
            "close": "2.345"
        },
        {
            "time": "22.12.2020 09:16",
            "open": "2.345",
            "high": "2.345",
            "low": "2.342",
            "close": "2.34"
        },
        {
            "time": "22.12.2020 09:17",
            "open": "2.34",
            "high": "2.34",
            "low": "2.3383",
            "close": "2.3383"
        },
        {
            "time": "22.12.2020 09:22",
            "open": "2.3383",
            "high": "2.3383",
            "low": "2.3334",
            "close": "2.3342"
        },
        {
            "time": "22.12.2020 09:23",
            "open": "2.3342",
            "high": "2.3342",
            "low": "2.3246",
            "close": "2.3227"
        },
        {
            "time": "22.12.2020 09:24",
            "open": "2.3227",
            "high": "2.329",
            "low": "2.3221",
            "close": "2.3256"
        },
        {
            "time": "22.12.2020 09:25",
            "open": "2.3256",
            "high": "2.3256",
            "low": "2.3165",
            "close": "2.3165"
        },
        {
            "time": "22.12.2020 09:26",
            "open": "2.3165",
            "high": "2.3183",
            "low": "2.3165",
            "close": "2.3209"
        },
        {
            "time": "22.12.2020 09:27",
            "open": "2.3209",
            "high": "2.3213",
            "low": "2.3209",
            "close": "2.3259"
        },
        {
            "time": "22.12.2020 09:28",
            "open": "2.3259",
            "high": "2.3259",
            "low": "2.3259",
            "close": "2.3194"
        },
        {
            "time": "22.12.2020 09:29",
            "open": "2.3194",
            "high": "2.3231",
            "low": "2.3194",
            "close": "2.3175"
        },
        {
            "time": "22.12.2020 09:30",
            "open": "2.3175",
            "high": "2.3175",
            "low": "2.3171",
            "close": "2.322"
        },
        {
            "time": "22.12.2020 09:32",
            "open": "2.322",
            "high": "2.322",
            "low": "2.322",
            "close": "2.3271"
        },
        {
            "time": "22.12.2020 09:34",
            "open": "2.3271",
            "high": "2.3306",
            "low": "2.3271",
            "close": "2.3299"
        },
        {
            "time": "22.12.2020 09:35",
            "open": "2.3299",
            "high": "2.33",
            "low": "2.3299",
            "close": "2.3429"
        },
        {
            "time": "22.12.2020 09:38",
            "open": "2.3429",
            "high": "2.3429",
            "low": "2.3429",
            "close": "2.3435"
        },
        {
            "time": "22.12.2020 09:39",
            "open": "2.3435",
            "high": "2.3435",
            "low": "2.3434",
            "close": "2.3485"
        },
        {
            "time": "22.12.2020 09:40",
            "open": "2.3485",
            "high": "2.3485",
            "low": "2.343",
            "close": "2.3393"
        },
        {
            "time": "22.12.2020 09:42",
            "open": "2.3393",
            "high": "2.3398",
            "low": "2.3386",
            "close": "2.3403"
        },
        {
            "time": "22.12.2020 09:43",
            "open": "2.3403",
            "high": "2.3403",
            "low": "2.3383",
            "close": "2.3424"
        },
        {
            "time": "22.12.2020 09:44",
            "open": "2.3424",
            "high": "2.3428",
            "low": "2.34",
            "close": "2.3427"
        },
        {
            "time": "22.12.2020 09:45",
            "open": "2.3427",
            "high": "2.3427",
            "low": "2.3394",
            "close": "2.3412"
        },
        {
            "time": "22.12.2020 09:46",
            "open": "2.3412",
            "high": "2.3412",
            "low": "2.3392",
            "close": "2.3409"
        },
        {
            "time": "22.12.2020 09:47",
            "open": "2.3409",
            "high": "2.3425",
            "low": "2.3409",
            "close": "2.3358"
        },
        {
            "time": "22.12.2020 09:48",
            "open": "2.3358",
            "high": "2.3358",
            "low": "2.3358",
            "close": "2.3358"
        },
        {
            "time": "22.12.2020 09:49",
            "open": "2.3358",
            "high": "2.338",
            "low": "2.3358",
            "close": "2.3408"
        },
        {
            "time": "22.12.2020 09:50",
            "open": "2.3408",
            "high": "2.3413",
            "low": "2.34",
            "close": "2.3412"
        },
        {
            "time": "22.12.2020 09:52",
            "open": "2.3412",
            "high": "2.3412",
            "low": "2.338",
            "close": "2.338"
        },
        {
            "time": "22.12.2020 09:53",
            "open": "2.338",
            "high": "2.3413",
            "low": "2.338",
            "close": "2.3413"
        },
        {
            "time": "22.12.2020 09:54",
            "open": "2.3413",
            "high": "2.3413",
            "low": "2.3413",
            "close": "2.3413"
        },
        {
            "time": "22.12.2020 09:55",
            "open": "2.3413",
            "high": "2.3429",
            "low": "2.3413",
            "close": "2.3428"
        },
        {
            "time": "22.12.2020 09:56",
            "open": "2.3428",
            "high": "2.3431",
            "low": "2.3427",
            "close": "2.3491"
        },
        {
            "time": "22.12.2020 09:57",
            "open": "2.3491",
            "high": "2.3491",
            "low": "2.3484",
            "close": "2.349"
        },
        {
            "time": "22.12.2020 09:58",
            "open": "2.349",
            "high": "2.3498",
            "low": "2.3482",
            "close": "2.3473"
        },
        {
            "time": "22.12.2020 09:59",
            "open": "2.3473",
            "high": "2.3483",
            "low": "2.3472",
            "close": "2.3455"
        },
        {
            "time": "22.12.2020 10:00",
            "open": "2.3455",
            "high": "2.3547",
            "low": "2.3455",
            "close": "2.3591"
        },
        {
            "time": "22.12.2020 10:01",
            "open": "2.3591",
            "high": "2.3591",
            "low": "2.3591",
            "close": "2.3586"
        },
        {
            "time": "22.12.2020 10:02",
            "open": "2.3586",
            "high": "2.3599",
            "low": "2.3586",
            "close": "2.3635"
        },
        {
            "time": "22.12.2020 10:04",
            "open": "2.3635",
            "high": "2.3635",
            "low": "2.3635",
            "close": "2.36"
        },
        {
            "time": "22.12.2020 10:06",
            "open": "2.36",
            "high": "2.36",
            "low": "2.36",
            "close": "2.3631"
        },
        {
            "time": "22.12.2020 10:08",
            "open": "2.3631",
            "high": "2.3631",
            "low": "2.3631",
            "close": "2.36"
        },
        {
            "time": "22.12.2020 10:10",
            "open": "2.36",
            "high": "2.36",
            "low": "2.3565",
            "close": "2.358"
        },
        {
            "time": "22.12.2020 10:11",
            "open": "2.358",
            "high": "2.3684",
            "low": "2.358",
            "close": "2.3635"
        },
        {
            "time": "22.12.2020 10:12",
            "open": "2.3635",
            "high": "2.3636",
            "low": "2.3635",
            "close": "2.3677"
        },
        {
            "time": "22.12.2020 10:14",
            "open": "2.3677",
            "high": "2.3678",
            "low": "2.3677",
            "close": "2.3651"
        },
        {
            "time": "22.12.2020 10:17",
            "open": "2.3651",
            "high": "2.3651",
            "low": "2.3651",
            "close": "2.3573"
        },
        {
            "time": "22.12.2020 10:18",
            "open": "2.3573",
            "high": "2.3592",
            "low": "2.3573",
            "close": "2.3636"
        },
        {
            "time": "22.12.2020 10:19",
            "open": "2.3636",
            "high": "2.3636",
            "low": "2.3636",
            "close": "2.3598"
        },
        {
            "time": "22.12.2020 10:21",
            "open": "2.3598",
            "high": "2.3599",
            "low": "2.3598",
            "close": "2.3588"
        },
        {
            "time": "22.12.2020 10:27",
            "open": "2.3588",
            "high": "2.3588",
            "low": "2.3588",
            "close": "2.3583"
        },
        {
            "time": "22.12.2020 10:28",
            "open": "2.3583",
            "high": "2.3583",
            "low": "2.3583",
            "close": "2.3501"
        },
        {
            "time": "22.12.2020 10:36",
            "open": "2.3501",
            "high": "2.3501",
            "low": "2.3501",
            "close": "2.359"
        },
        {
            "time": "22.12.2020 10:37",
            "open": "2.359",
            "high": "2.3591",
            "low": "2.359",
            "close": "2.3501"
        },
        {
            "time": "22.12.2020 10:38",
            "open": "2.3501",
            "high": "2.3523",
            "low": "2.3501",
            "close": "2.3501"
        },
        {
            "time": "22.12.2020 10:43",
            "open": "2.3501",
            "high": "2.3501",
            "low": "2.35",
            "close": "2.3602"
        },
        {
            "time": "22.12.2020 10:44",
            "open": "2.3602",
            "high": "2.3602",
            "low": "2.3602",
            "close": "2.3575"
        },
        {
            "time": "22.12.2020 10:46",
            "open": "2.3575",
            "high": "2.3575",
            "low": "2.3575",
            "close": "2.3578"
        },
        {
            "time": "22.12.2020 10:47",
            "open": "2.3578",
            "high": "2.3586",
            "low": "2.3578",
            "close": "2.3704"
        },
        {
            "time": "22.12.2020 10:54",
            "open": "2.3704",
            "high": "2.3704",
            "low": "2.3657",
            "close": "2.3673"
        },
        {
            "time": "22.12.2020 10:55",
            "open": "2.3673",
            "high": "2.3673",
            "low": "2.3673",
            "close": "2.3837"
        },
        {
            "time": "22.12.2020 11:00",
            "open": "2.3837",
            "high": "2.3839",
            "low": "2.3837",
            "close": "2.3843"
        },
        {
            "time": "22.12.2020 11:01",
            "open": "2.3843",
            "high": "2.3843",
            "low": "2.382",
            "close": "2.3808"
        },
        {
            "time": "22.12.2020 11:09",
            "open": "2.3808",
            "high": "2.3808",
            "low": "2.3808",
            "close": "2.3844"
        },
        {
            "time": "22.12.2020 11:10",
            "open": "2.3844",
            "high": "2.3844",
            "low": "2.3844",
            "close": "2.3823"
        },
        {
            "time": "22.12.2020 11:13",
            "open": "2.3823",
            "high": "2.3823",
            "low": "2.3823",
            "close": "2.3781"
        },
        {
            "time": "22.12.2020 11:17",
            "open": "2.3781",
            "high": "2.3781",
            "low": "2.3781",
            "close": "2.3803"
        },
        {
            "time": "22.12.2020 11:18",
            "open": "2.3803",
            "high": "2.3803",
            "low": "2.3803",
            "close": "2.3799"
        },
        {
            "time": "22.12.2020 11:19",
            "open": "2.3799",
            "high": "2.38",
            "low": "2.3799",
            "close": "2.3781"
        },
        {
            "time": "22.12.2020 11:20",
            "open": "2.3781",
            "high": "2.3781",
            "low": "2.3716",
            "close": "2.3743"
        },
        {
            "time": "22.12.2020 11:21",
            "open": "2.3743",
            "high": "2.3784",
            "low": "2.3742",
            "close": "2.3775"
        },
        {
            "time": "22.12.2020 11:22",
            "open": "2.3775",
            "high": "2.3775",
            "low": "2.3775",
            "close": "2.3777"
        },
        {
            "time": "22.12.2020 11:23",
            "open": "2.3777",
            "high": "2.3777",
            "low": "2.3777",
            "close": "2.3772"
        },
        {
            "time": "22.12.2020 11:24",
            "open": "2.3772",
            "high": "2.3776",
            "low": "2.3772",
            "close": "2.3774"
        },
        {
            "time": "22.12.2020 11:25",
            "open": "2.3774",
            "high": "2.3777",
            "low": "2.3774",
            "close": "2.3786"
        },
        {
            "time": "22.12.2020 11:26",
            "open": "2.3786",
            "high": "2.3786",
            "low": "2.3786",
            "close": "2.3779"
        },
        {
            "time": "22.12.2020 11:29",
            "open": "2.3779",
            "high": "2.3779",
            "low": "2.3779",
            "close": "2.3766"
        },
        {
            "time": "22.12.2020 11:32",
            "open": "2.3766",
            "high": "2.3766",
            "low": "2.3766",
            "close": "2.3774"
        },
        {
            "time": "22.12.2020 11:33",
            "open": "2.3774",
            "high": "2.3774",
            "low": "2.3774",
            "close": "2.3684"
        },
        {
            "time": "22.12.2020 11:35",
            "open": "2.3684",
            "high": "2.3684",
            "low": "2.3657",
            "close": "2.3664"
        },
        {
            "time": "22.12.2020 11:36",
            "open": "2.3664",
            "high": "2.3664",
            "low": "2.3664",
            "close": "2.3763"
        },
        {
            "time": "22.12.2020 11:37",
            "open": "2.3763",
            "high": "2.3763",
            "low": "2.3708",
            "close": "2.37"
        },
        {
            "time": "22.12.2020 11:40",
            "open": "2.37",
            "high": "2.37",
            "low": "2.37",
            "close": "2.3714"
        },
        {
            "time": "22.12.2020 11:42",
            "open": "2.3714",
            "high": "2.3714",
            "low": "2.3714",
            "close": "2.37"
        },
        {
            "time": "22.12.2020 11:44",
            "open": "2.37",
            "high": "2.37",
            "low": "2.37",
            "close": "2.3707"
        },
        {
            "time": "22.12.2020 11:46",
            "open": "2.3707",
            "high": "2.3707",
            "low": "2.365",
            "close": "2.3615"
        },
        {
            "time": "22.12.2020 11:50",
            "open": "2.3615",
            "high": "2.3672",
            "low": "2.3615",
            "close": "2.3756"
        },
        {
            "time": "22.12.2020 12:07",
            "open": "2.3756",
            "high": "2.3756",
            "low": "2.3756",
            "close": "2.3833"
        },
        {
            "time": "22.12.2020 12:09",
            "open": "2.3833",
            "high": "2.3833",
            "low": "2.3833",
            "close": "2.3943"
        },
        {
            "time": "22.12.2020 12:11",
            "open": "2.3943",
            "high": "2.3943",
            "low": "2.3943",
            "close": "2.4057"
        },
        {
            "time": "22.12.2020 12:14",
            "open": "2.4057",
            "high": "2.4057",
            "low": "2.4057",
            "close": "2.4002"
        },
        {
            "time": "22.12.2020 12:16",
            "open": "2.4002",
            "high": "2.4002",
            "low": "2.4002",
            "close": "2.396"
        },
        {
            "time": "22.12.2020 12:28",
            "open": "2.396",
            "high": "2.3986",
            "low": "2.3938",
            "close": "2.3967"
        },
        {
            "time": "22.12.2020 12:38",
            "open": "2.3967",
            "high": "2.3967",
            "low": "2.3967",
            "close": "2.3904"
        },
        {
            "time": "22.12.2020 12:40",
            "open": "2.3904",
            "high": "2.3904",
            "low": "2.3904",
            "close": "2.3928"
        },
        {
            "time": "22.12.2020 12:42",
            "open": "2.3928",
            "high": "2.3928",
            "low": "2.3928",
            "close": "2.3925"
        },
        {
            "time": "22.12.2020 12:45",
            "open": "2.3925",
            "high": "2.3925",
            "low": "2.3925",
            "close": "2.3981"
        },
        {
            "time": "22.12.2020 12:49",
            "open": "2.3981",
            "high": "2.3985",
            "low": "2.3981",
            "close": "2.3986"
        },
        {
            "time": "22.12.2020 12:50",
            "open": "2.3986",
            "high": "2.3986",
            "low": "2.3986",
            "close": "2.3986"
        },
        {
            "time": "22.12.2020 12:51",
            "open": "2.3986",
            "high": "2.403",
            "low": "2.3986",
            "close": "2.4021"
        },
        {
            "time": "22.12.2020 12:52",
            "open": "2.4021",
            "high": "2.4021",
            "low": "2.4021",
            "close": "2.3981"
        },
        {
            "time": "22.12.2020 12:54",
            "open": "2.3981",
            "high": "2.3982",
            "low": "2.3981",
            "close": "2.3932"
        },
        {
            "time": "22.12.2020 12:57",
            "open": "2.3932",
            "high": "2.3932",
            "low": "2.3932",
            "close": "2.4006"
        },
        {
            "time": "22.12.2020 12:58",
            "open": "2.4006",
            "high": "2.4006",
            "low": "2.4006",
            "close": "2.3951"
        },
        {
            "time": "22.12.2020 13:00",
            "open": "2.3951",
            "high": "2.3951",
            "low": "2.3951",
            "close": "2.3945"
        },
        {
            "time": "22.12.2020 13:01",
            "open": "2.3945",
            "high": "2.3945",
            "low": "2.3945",
            "close": "2.3998"
        },
        {
            "time": "22.12.2020 13:04",
            "open": "2.3998",
            "high": "2.3998",
            "low": "2.3998",
            "close": "2.3934"
        },
        {
            "time": "22.12.2020 13:07",
            "open": "2.3934",
            "high": "2.3934",
            "low": "2.3929",
            "close": "2.3964"
        },
        {
            "time": "22.12.2020 13:10",
            "open": "2.3964",
            "high": "2.3964",
            "low": "2.3964",
            "close": "2.3923"
        },
        {
            "time": "22.12.2020 13:11",
            "open": "2.3923",
            "high": "2.3923",
            "low": "2.3923",
            "close": "2.3987"
        },
        {
            "time": "22.12.2020 13:13",
            "open": "2.3987",
            "high": "2.3988",
            "low": "2.3985",
            "close": "2.3979"
        },
        {
            "time": "22.12.2020 13:14",
            "open": "2.3979",
            "high": "2.3979",
            "low": "2.3979",
            "close": "2.397"
        },
        {
            "time": "22.12.2020 13:16",
            "open": "2.397",
            "high": "2.3971",
            "low": "2.397",
            "close": "2.3971"
        },
        {
            "time": "22.12.2020 13:17",
            "open": "2.3971",
            "high": "2.3971",
            "low": "2.3971",
            "close": "2.4033"
        },
        {
            "time": "22.12.2020 13:20",
            "open": "2.4033",
            "high": "2.4033",
            "low": "2.4033",
            "close": "2.4023"
        },
        {
            "time": "22.12.2020 13:21",
            "open": "2.4023",
            "high": "2.4023",
            "low": "2.4023",
            "close": "2.3987"
        },
        {
            "time": "22.12.2020 13:26",
            "open": "2.3987",
            "high": "2.3987",
            "low": "2.3987",
            "close": "2.3984"
        },
        {
            "time": "22.12.2020 13:27",
            "open": "2.3984",
            "high": "2.3984",
            "low": "2.3984",
            "close": "2.3953"
        },
        {
            "time": "22.12.2020 13:28",
            "open": "2.3953",
            "high": "2.3953",
            "low": "2.3953",
            "close": "2.4011"
        },
        {
            "time": "22.12.2020 13:40",
            "open": "2.4011",
            "high": "2.4011",
            "low": "2.401",
            "close": "2.4078"
        },
        {
            "time": "22.12.2020 13:42",
            "open": "2.4078",
            "high": "2.4078",
            "low": "2.4078",
            "close": "2.4072"
        },
        {
            "time": "22.12.2020 13:43",
            "open": "2.4072",
            "high": "2.4072",
            "low": "2.4072",
            "close": "2.4055"
        },
        {
            "time": "22.12.2020 13:48",
            "open": "2.4055",
            "high": "2.4056",
            "low": "2.4055",
            "close": "2.4056"
        },
        {
            "time": "22.12.2020 13:53",
            "open": "2.4056",
            "high": "2.4056",
            "low": "2.4056",
            "close": "2.4056"
        },
        {
            "time": "22.12.2020 13:55",
            "open": "2.4056",
            "high": "2.4056",
            "low": "2.4056",
            "close": "2.4091"
        },
        {
            "time": "22.12.2020 14:02",
            "open": "2.4091",
            "high": "2.4091",
            "low": "2.4091",
            "close": "2.4016"
        },
        {
            "time": "22.12.2020 14:04",
            "open": "2.4016",
            "high": "2.4016",
            "low": "2.4016",
            "close": "2.4"
        },
        {
            "time": "22.12.2020 14:07",
            "open": "2.4",
            "high": "2.4",
            "low": "2.399",
            "close": "2.4013"
        },
        {
            "time": "22.12.2020 14:09",
            "open": "2.4013",
            "high": "2.4013",
            "low": "2.4013",
            "close": "2.4019"
        },
        {
            "time": "22.12.2020 14:10",
            "open": "2.4019",
            "high": "2.4019",
            "low": "2.4019",
            "close": "2.4018"
        },
        {
            "time": "22.12.2020 14:11",
            "open": "2.4018",
            "high": "2.4019",
            "low": "2.4018",
            "close": "2.3954"
        },
        {
            "time": "22.12.2020 14:14",
            "open": "2.3954",
            "high": "2.3954",
            "low": "2.3953",
            "close": "2.3953"
        },
        {
            "time": "22.12.2020 14:15",
            "open": "2.3953",
            "high": "2.3953",
            "low": "2.3953",
            "close": "2.397"
        },
        {
            "time": "22.12.2020 14:18",
            "open": "2.397",
            "high": "2.397",
            "low": "2.397",
            "close": "2.397"
        },
        {
            "time": "22.12.2020 14:24",
            "open": "2.397",
            "high": "2.397",
            "low": "2.397",
            "close": "2.3946"
        },
        {
            "time": "22.12.2020 14:28",
            "open": "2.3946",
            "high": "2.3966",
            "low": "2.3946",
            "close": "2.3921"
        },
        {
            "time": "22.12.2020 14:34",
            "open": "2.3921",
            "high": "2.3921",
            "low": "2.391",
            "close": "2.401"
        },
        {
            "time": "22.12.2020 14:37",
            "open": "2.401",
            "high": "2.401",
            "low": "2.401",
            "close": "2.4017"
        },
        {
            "time": "22.12.2020 14:41",
            "open": "2.4017",
            "high": "2.4017",
            "low": "2.4017",
            "close": "2.401"
        },
        {
            "time": "22.12.2020 14:45",
            "open": "2.401",
            "high": "2.401",
            "low": "2.401",
            "close": "2.4299"
        },
        {
            "time": "22.12.2020 14:53",
            "open": "2.4299",
            "high": "2.4299",
            "low": "2.4299",
            "close": "2.43"
        },
        {
            "time": "22.12.2020 14:54",
            "open": "2.43",
            "high": "2.43",
            "low": "2.43",
            "close": "2.43"
        },
        {
            "time": "22.12.2020 14:56",
            "open": "2.43",
            "high": "2.4326",
            "low": "2.43",
            "close": "2.4384"
        },
        {
            "time": "22.12.2020 14:57",
            "open": "2.4384",
            "high": "2.4384",
            "low": "2.4382",
            "close": "2.4348"
        },
        {
            "time": "22.12.2020 14:59",
            "open": "2.4348",
            "high": "2.4348",
            "low": "2.4344",
            "close": "2.4379"
        },
        {
            "time": "22.12.2020 15:00",
            "open": "2.4379",
            "high": "2.4392",
            "low": "2.4379",
            "close": "2.4477"
        },
        {
            "time": "22.12.2020 15:02",
            "open": "2.4477",
            "high": "2.4477",
            "low": "2.4477",
            "close": "2.4475"
        },
        {
            "time": "22.12.2020 15:05",
            "open": "2.4475",
            "high": "2.4481",
            "low": "2.4473",
            "close": "2.4469"
        },
        {
            "time": "22.12.2020 15:08",
            "open": "2.4469",
            "high": "2.4469",
            "low": "2.4469",
            "close": "2.4488"
        },
        {
            "time": "22.12.2020 15:11",
            "open": "2.4488",
            "high": "2.4488",
            "low": "2.4488",
            "close": "2.4501"
        },
        {
            "time": "22.12.2020 15:13",
            "open": "2.4501",
            "high": "2.4501",
            "low": "2.4501",
            "close": "2.4481"
        },
        {
            "time": "22.12.2020 15:17",
            "open": "2.4481",
            "high": "2.4482",
            "low": "2.4481",
            "close": "2.4537"
        },
        {
            "time": "22.12.2020 15:19",
            "open": "2.4537",
            "high": "2.4586",
            "low": "2.4537",
            "close": "2.4565"
        },
        {
            "time": "22.12.2020 15:22",
            "open": "2.4565",
            "high": "2.4571",
            "low": "2.4513",
            "close": "2.4512"
        },
        {
            "time": "22.12.2020 15:24",
            "open": "2.4512",
            "high": "2.4512",
            "low": "2.4512",
            "close": "2.45"
        },
        {
            "time": "22.12.2020 15:25",
            "open": "2.45",
            "high": "2.4519",
            "low": "2.45",
            "close": "2.45"
        },
        {
            "time": "22.12.2020 15:26",
            "open": "2.45",
            "high": "2.45",
            "low": "2.45",
            "close": "2.4506"
        },
        {
            "time": "22.12.2020 15:28",
            "open": "2.4506",
            "high": "2.4507",
            "low": "2.4506",
            "close": "2.4511"
        },
        {
            "time": "22.12.2020 15:29",
            "open": "2.4511",
            "high": "2.4512",
            "low": "2.4511",
            "close": "2.4502"
        },
        {
            "time": "22.12.2020 15:32",
            "open": "2.4502",
            "high": "2.4502",
            "low": "2.4499",
            "close": "2.4408"
        },
        {
            "time": "22.12.2020 15:33",
            "open": "2.4408",
            "high": "2.4414",
            "low": "2.44",
            "close": "2.4413"
        },
        {
            "time": "22.12.2020 15:36",
            "open": "2.4413",
            "high": "2.4413",
            "low": "2.4413",
            "close": "2.4414"
        },
        {
            "time": "22.12.2020 15:37",
            "open": "2.4414",
            "high": "2.4414",
            "low": "2.4414",
            "close": "2.4506"
        },
        {
            "time": "22.12.2020 15:41",
            "open": "2.4506",
            "high": "2.4506",
            "low": "2.4506",
            "close": "2.4399"
        },
        {
            "time": "22.12.2020 15:43",
            "open": "2.4399",
            "high": "2.4399",
            "low": "2.4399",
            "close": "2.445"
        },
        {
            "time": "22.12.2020 15:45",
            "open": "2.445",
            "high": "2.445",
            "low": "2.445",
            "close": "2.4455"
        },
        {
            "time": "22.12.2020 15:48",
            "open": "2.4455",
            "high": "2.4455",
            "low": "2.4455",
            "close": "2.4474"
        },
        {
            "time": "22.12.2020 15:52",
            "open": "2.4474",
            "high": "2.4474",
            "low": "2.4474",
            "close": "2.4491"
        },
        {
            "time": "22.12.2020 15:56",
            "open": "2.4491",
            "high": "2.4491",
            "low": "2.4491",
            "close": "2.441"
        },
        {
            "time": "22.12.2020 15:57",
            "open": "2.441",
            "high": "2.441",
            "low": "2.441",
            "close": "2.444"
        },
        {
            "time": "22.12.2020 16:04",
            "open": "2.444",
            "high": "2.444",
            "low": "2.444",
            "close": "2.4417"
        },
        {
            "time": "22.12.2020 16:06",
            "open": "2.4417",
            "high": "2.4429",
            "low": "2.4417",
            "close": "2.444"
        },
        {
            "time": "22.12.2020 16:07",
            "open": "2.444",
            "high": "2.444",
            "low": "2.444",
            "close": "2.4481"
        },
        {
            "time": "22.12.2020 16:14",
            "open": "2.4481",
            "high": "2.4481",
            "low": "2.4481",
            "close": "2.4479"
        },
        {
            "time": "22.12.2020 16:20",
            "open": "2.4479",
            "high": "2.4479",
            "low": "2.4479",
            "close": "2.4451"
        },
        {
            "time": "22.12.2020 16:21",
            "open": "2.4451",
            "high": "2.4451",
            "low": "2.4451",
            "close": "2.45"
        },
        {
            "time": "22.12.2020 16:24",
            "open": "2.45",
            "high": "2.45",
            "low": "2.45",
            "close": "2.45"
        },
        {
            "time": "22.12.2020 16:25",
            "open": "2.45",
            "high": "2.4542",
            "low": "2.45",
            "close": "2.4589"
        },
        {
            "time": "22.12.2020 16:29",
            "open": "2.4589",
            "high": "2.4589",
            "low": "2.4589",
            "close": "2.4542"
        },
        {
            "time": "22.12.2020 16:31",
            "open": "2.4542",
            "high": "2.4542",
            "low": "2.4542",
            "close": "2.459"
        },
        {
            "time": "22.12.2020 16:35",
            "open": "2.459",
            "high": "2.459",
            "low": "2.459",
            "close": "2.4552"
        },
        {
            "time": "22.12.2020 16:37",
            "open": "2.4552",
            "high": "2.4552",
            "low": "2.4552",
            "close": "2.466"
        },
        {
            "time": "22.12.2020 16:38",
            "open": "2.466",
            "high": "2.4664",
            "low": "2.466",
            "close": "2.4649"
        },
        {
            "time": "22.12.2020 16:39",
            "open": "2.4649",
            "high": "2.4649",
            "low": "2.4649",
            "close": "2.4543"
        },
        {
            "time": "22.12.2020 16:40",
            "open": "2.4543",
            "high": "2.4543",
            "low": "2.4543",
            "close": "2.4588"
        },
        {
            "time": "22.12.2020 16:42",
            "open": "2.4588",
            "high": "2.4685",
            "low": "2.4588",
            "close": "2.4676"
        },
        {
            "time": "22.12.2020 16:47",
            "open": "2.4676",
            "high": "2.4676",
            "low": "2.4676",
            "close": "2.4697"
        },
        {
            "time": "22.12.2020 16:48",
            "open": "2.4697",
            "high": "2.4729",
            "low": "2.4697",
            "close": "2.4788"
        },
        {
            "time": "22.12.2020 16:51",
            "open": "2.4788",
            "high": "2.4794",
            "low": "2.4788",
            "close": "2.479"
        },
        {
            "time": "22.12.2020 16:52",
            "open": "2.479",
            "high": "2.479",
            "low": "2.479",
            "close": "2.478"
        },
        {
            "time": "22.12.2020 16:54",
            "open": "2.478",
            "high": "2.4782",
            "low": "2.478",
            "close": "2.4761"
        },
        {
            "time": "22.12.2020 16:55",
            "open": "2.4761",
            "high": "2.4761",
            "low": "2.4761",
            "close": "2.4758"
        },
        {
            "time": "22.12.2020 16:57",
            "open": "2.4758",
            "high": "2.4758",
            "low": "2.4758",
            "close": "2.4873"
        },
        {
            "time": "22.12.2020 17:00",
            "open": "2.4873",
            "high": "2.4873",
            "low": "2.4873",
            "close": "2.48"
        },
        {
            "time": "22.12.2020 17:01",
            "open": "2.48",
            "high": "2.48",
            "low": "2.48",
            "close": "2.488"
        },
        {
            "time": "22.12.2020 17:02",
            "open": "2.488",
            "high": "2.488",
            "low": "2.4877",
            "close": "2.4871"
        },
        {
            "time": "22.12.2020 17:06",
            "open": "2.4871",
            "high": "2.4879",
            "low": "2.4871",
            "close": "2.4835"
        },
        {
            "time": "22.12.2020 17:08",
            "open": "2.4835",
            "high": "2.4835",
            "low": "2.4835",
            "close": "2.4849"
        },
        {
            "time": "22.12.2020 17:09",
            "open": "2.4849",
            "high": "2.4849",
            "low": "2.4849",
            "close": "2.485"
        },
        {
            "time": "22.12.2020 17:10",
            "open": "2.485",
            "high": "2.485",
            "low": "2.485",
            "close": "2.485"
        },
        {
            "time": "22.12.2020 17:11",
            "open": "2.485",
            "high": "2.485",
            "low": "2.485",
            "close": "2.4835"
        },
        {
            "time": "22.12.2020 17:12",
            "open": "2.4835",
            "high": "2.4835",
            "low": "2.4835",
            "close": "2.4737"
        },
        {
            "time": "22.12.2020 17:21",
            "open": "2.4737",
            "high": "2.4737",
            "low": "2.4737",
            "close": "2.4696"
        },
        {
            "time": "22.12.2020 17:22",
            "open": "2.4696",
            "high": "2.4696",
            "low": "2.4695",
            "close": "2.4721"
        },
        {
            "time": "22.12.2020 17:23",
            "open": "2.4721",
            "high": "2.4721",
            "low": "2.4721",
            "close": "2.466"
        },
        {
            "time": "22.12.2020 17:25",
            "open": "2.466",
            "high": "2.466",
            "low": "2.466",
            "close": "2.469"
        },
        {
            "time": "22.12.2020 17:29",
            "open": "2.469",
            "high": "2.469",
            "low": "2.469",
            "close": "2.4453"
        },
        {
            "time": "22.12.2020 17:36",
            "open": "2.4453",
            "high": "2.4479",
            "low": "2.4453",
            "close": "2.4503"
        },
        {
            "time": "22.12.2020 17:40",
            "open": "2.4503",
            "high": "2.4503",
            "low": "2.4503",
            "close": "2.4557"
        },
        {
            "time": "22.12.2020 17:42",
            "open": "2.4557",
            "high": "2.4557",
            "low": "2.4557",
            "close": "2.4628"
        },
        {
            "time": "22.12.2020 17:59",
            "open": "2.4628",
            "high": "2.4628",
            "low": "2.4628",
            "close": "2.4628"
        },
        {
            "time": "22.12.2020 18:00",
            "open": "2.4628",
            "high": "2.4628",
            "low": "2.4628",
            "close": "2.4628"
        },
        {
            "time": "22.12.2020 18:01",
            "open": "2.4628",
            "high": "2.4628",
            "low": "2.4628",
            "close": "2.4675"
        },
        {
            "time": "22.12.2020 18:06",
            "open": "2.4675",
            "high": "2.4675",
            "low": "2.4675",
            "close": "2.4668"
        },
        {
            "time": "22.12.2020 18:15",
            "open": "2.4668",
            "high": "2.4668",
            "low": "2.4668",
            "close": "2.4647"
        },
        {
            "time": "22.12.2020 18:20",
            "open": "2.4647",
            "high": "2.4647",
            "low": "2.4574",
            "close": "2.4627"
        },
        {
            "time": "22.12.2020 18:25",
            "open": "2.4627",
            "high": "2.4627",
            "low": "2.4627",
            "close": "2.4574"
        },
        {
            "time": "22.12.2020 18:26",
            "open": "2.4574",
            "high": "2.4574",
            "low": "2.4574",
            "close": "2.4666"
        },
        {
            "time": "22.12.2020 18:32",
            "open": "2.4666",
            "high": "2.4666",
            "low": "2.4666",
            "close": "2.4719"
        },
        {
            "time": "22.12.2020 18:36",
            "open": "2.4719",
            "high": "2.4719",
            "low": "2.4719",
            "close": "2.4767"
        },
        {
            "time": "22.12.2020 18:42",
            "open": "2.4767",
            "high": "2.4768",
            "low": "2.4767",
            "close": "2.4807"
        },
        {
            "time": "22.12.2020 18:44",
            "open": "2.4807",
            "high": "2.4807",
            "low": "2.4807",
            "close": "2.4853"
        },
        {
            "time": "22.12.2020 18:45",
            "open": "2.4853",
            "high": "2.4853",
            "low": "2.4853",
            "close": "2.4856"
        },
        {
            "time": "22.12.2020 18:46",
            "open": "2.4856",
            "high": "2.4856",
            "low": "2.4856",
            "close": "2.494"
        },
        {
            "time": "22.12.2020 19:01",
            "open": "2.494",
            "high": "2.494",
            "low": "2.494",
            "close": "2.4888"
        },
        {
            "time": "22.12.2020 19:04",
            "open": "2.4888",
            "high": "2.4888",
            "low": "2.4885",
            "close": "2.4883"
        },
        {
            "time": "22.12.2020 19:05",
            "open": "2.4883",
            "high": "2.4883",
            "low": "2.4874",
            "close": "2.4874"
        },
        {
            "time": "22.12.2020 19:08",
            "open": "2.4874",
            "high": "2.4874",
            "low": "2.4856",
            "close": "2.485"
        },
        {
            "time": "22.12.2020 19:10",
            "open": "2.485",
            "high": "2.485",
            "low": "2.485",
            "close": "2.4844"
        },
        {
            "time": "22.12.2020 19:14",
            "open": "2.4844",
            "high": "2.4844",
            "low": "2.4831",
            "close": "2.4814"
        },
        {
            "time": "22.12.2020 19:15",
            "open": "2.4814",
            "high": "2.4814",
            "low": "2.4814",
            "close": "2.4803"
        },
        {
            "time": "22.12.2020 19:20",
            "open": "2.4803",
            "high": "2.4803",
            "low": "2.4803",
            "close": "2.4852"
        },
        {
            "time": "22.12.2020 19:21",
            "open": "2.4852",
            "high": "2.4852",
            "low": "2.4852",
            "close": "2.4868"
        },
        {
            "time": "22.12.2020 19:25",
            "open": "2.4868",
            "high": "2.4874",
            "low": "2.4868",
            "close": "2.483"
        },
        {
            "time": "22.12.2020 19:27",
            "open": "2.483",
            "high": "2.483",
            "low": "2.4811",
            "close": "2.4741"
        },
        {
            "time": "22.12.2020 19:29",
            "open": "2.4741",
            "high": "2.4741",
            "low": "2.4741",
            "close": "2.4805"
        },
        {
            "time": "22.12.2020 19:30",
            "open": "2.4805",
            "high": "2.4805",
            "low": "2.4805",
            "close": "2.4805"
        },
        {
            "time": "22.12.2020 19:31",
            "open": "2.4805",
            "high": "2.4805",
            "low": "2.4749",
            "close": "2.479"
        },
        {
            "time": "22.12.2020 19:34",
            "open": "2.479",
            "high": "2.479",
            "low": "2.479",
            "close": "2.4785"
        },
        {
            "time": "22.12.2020 19:42",
            "open": "2.4785",
            "high": "2.4785",
            "low": "2.4785",
            "close": "2.481"
        },
        {
            "time": "22.12.2020 19:48",
            "open": "2.481",
            "high": "2.481",
            "low": "2.481",
            "close": "2.4845"
        },
        {
            "time": "22.12.2020 19:49",
            "open": "2.4845",
            "high": "2.4845",
            "low": "2.4845",
            "close": "2.479"
        },
        {
            "time": "22.12.2020 19:51",
            "open": "2.479",
            "high": "2.479",
            "low": "2.479",
            "close": "2.479"
        },
        {
            "time": "22.12.2020 19:55",
            "open": "2.479",
            "high": "2.479",
            "low": "2.479",
            "close": "2.4841"
        },
        {
            "time": "22.12.2020 19:59",
            "open": "2.4841",
            "high": "2.4841",
            "low": "2.4841",
            "close": "2.4872"
        },
        {
            "time": "22.12.2020 20:02",
            "open": "2.4872",
            "high": "2.4873",
            "low": "2.4872",
            "close": "2.4777"
        },
        {
            "time": "22.12.2020 20:03",
            "open": "2.4777",
            "high": "2.4777",
            "low": "2.4777",
            "close": "2.4794"
        },
        {
            "time": "22.12.2020 20:11",
            "open": "2.4794",
            "high": "2.4794",
            "low": "2.4794",
            "close": "2.4753"
        },
        {
            "time": "22.12.2020 20:18",
            "open": "2.4753",
            "high": "2.4753",
            "low": "2.4753",
            "close": "2.4673"
        },
        {
            "time": "22.12.2020 20:28",
            "open": "2.4673",
            "high": "2.4673",
            "low": "2.4673",
            "close": "2.4673"
        },
        {
            "time": "22.12.2020 20:33",
            "open": "2.4673",
            "high": "2.47",
            "low": "2.4673",
            "close": "2.4747"
        },
        {
            "time": "22.12.2020 20:37",
            "open": "2.4747",
            "high": "2.4747",
            "low": "2.4747",
            "close": "2.4793"
        },
        {
            "time": "22.12.2020 20:39",
            "open": "2.4793",
            "high": "2.4793",
            "low": "2.4793",
            "close": "2.4793"
        },
        {
            "time": "22.12.2020 20:40",
            "open": "2.4793",
            "high": "2.4793",
            "low": "2.4793",
            "close": "2.4793"
        },
        {
            "time": "22.12.2020 20:41",
            "open": "2.4793",
            "high": "2.4793",
            "low": "2.4792",
            "close": "2.4814"
        },
        {
            "time": "22.12.2020 20:42",
            "open": "2.4814",
            "high": "2.4821",
            "low": "2.4814",
            "close": "2.4869"
        },
        {
            "time": "22.12.2020 20:43",
            "open": "2.4869",
            "high": "2.4871",
            "low": "2.485",
            "close": "2.485"
        },
        {
            "time": "22.12.2020 20:44",
            "open": "2.485",
            "high": "2.485",
            "low": "2.485",
            "close": "2.4755"
        },
        {
            "time": "22.12.2020 20:45",
            "open": "2.4755",
            "high": "2.4819",
            "low": "2.4755",
            "close": "2.4866"
        },
        {
            "time": "22.12.2020 20:46",
            "open": "2.4866",
            "high": "2.4866",
            "low": "2.4866",
            "close": "2.4871"
        },
        {
            "time": "22.12.2020 20:47",
            "open": "2.4871",
            "high": "2.4871",
            "low": "2.4871",
            "close": "2.49"
        },
        {
            "time": "22.12.2020 20:48",
            "open": "2.49",
            "high": "2.4939",
            "low": "2.49",
            "close": "2.491"
        },
        {
            "time": "22.12.2020 20:49",
            "open": "2.491",
            "high": "2.491",
            "low": "2.491",
            "close": "2.4921"
        },
        {
            "time": "22.12.2020 20:50",
            "open": "2.4921",
            "high": "2.495",
            "low": "2.4921",
            "close": "2.4896"
        },
        {
            "time": "22.12.2020 20:51",
            "open": "2.4896",
            "high": "2.4896",
            "low": "2.4896",
            "close": "2.4934"
        },
        {
            "time": "22.12.2020 20:54",
            "open": "2.4934",
            "high": "2.4934",
            "low": "2.4934",
            "close": "2.4913"
        },
        {
            "time": "22.12.2020 20:55",
            "open": "2.4913",
            "high": "2.4913",
            "low": "2.4913",
            "close": "2.4852"
        },
        {
            "time": "22.12.2020 20:56",
            "open": "2.4852",
            "high": "2.4871",
            "low": "2.4852",
            "close": "2.4933"
        },
        {
            "time": "22.12.2020 20:57",
            "open": "2.4933",
            "high": "2.4934",
            "low": "2.4925",
            "close": "2.4916"
        },
        {
            "time": "22.12.2020 20:58",
            "open": "2.4916",
            "high": "2.4916",
            "low": "2.4869",
            "close": "2.487"
        },
        {
            "time": "22.12.2020 20:59",
            "open": "2.487",
            "high": "2.487",
            "low": "2.487",
            "close": "2.4875"
        },
        {
            "time": "22.12.2020 21:00",
            "open": "2.4875",
            "high": "2.4875",
            "low": "2.4875",
            "close": "2.4871"
        },
        {
            "time": "22.12.2020 21:01",
            "open": "2.4871",
            "high": "2.4871",
            "low": "2.4871",
            "close": "2.4931"
        },
        {
            "time": "22.12.2020 21:02",
            "open": "2.4931",
            "high": "2.4931",
            "low": "2.4931",
            "close": "2.4931"
        },
        {
            "time": "22.12.2020 21:03",
            "open": "2.4931",
            "high": "2.4939",
            "low": "2.4876",
            "close": "2.4935"
        },
        {
            "time": "22.12.2020 21:04",
            "open": "2.4935",
            "high": "2.4935",
            "low": "2.4873",
            "close": "2.4935"
        },
        {
            "time": "22.12.2020 21:07",
            "open": "2.4935",
            "high": "2.4936",
            "low": "2.4935",
            "close": "2.4898"
        },
        {
            "time": "22.12.2020 21:09",
            "open": "2.4898",
            "high": "2.4898",
            "low": "2.4898",
            "close": "2.4885"
        },
        {
            "time": "22.12.2020 21:10",
            "open": "2.4885",
            "high": "2.4885",
            "low": "2.4828",
            "close": "2.4894"
        },
        {
            "time": "22.12.2020 21:11",
            "open": "2.4894",
            "high": "2.4898",
            "low": "2.4894",
            "close": "2.4912"
        },
        {
            "time": "22.12.2020 21:13",
            "open": "2.4912",
            "high": "2.4912",
            "low": "2.4912",
            "close": "2.4927"
        },
        {
            "time": "22.12.2020 21:16",
            "open": "2.4927",
            "high": "2.4927",
            "low": "2.4927",
            "close": "2.4911"
        },
        {
            "time": "22.12.2020 21:19",
            "open": "2.4911",
            "high": "2.492",
            "low": "2.4911",
            "close": "2.4874"
        },
        {
            "time": "22.12.2020 21:22",
            "open": "2.4874",
            "high": "2.4874",
            "low": "2.4874",
            "close": "2.4752"
        },
        {
            "time": "22.12.2020 21:25",
            "open": "2.4752",
            "high": "2.4752",
            "low": "2.4749",
            "close": "2.4695"
        },
        {
            "time": "22.12.2020 21:28",
            "open": "2.4695",
            "high": "2.4695",
            "low": "2.4695",
            "close": "2.4641"
        },
        {
            "time": "22.12.2020 21:29",
            "open": "2.4641",
            "high": "2.4641",
            "low": "2.4641",
            "close": "2.4714"
        },
        {
            "time": "22.12.2020 21:34",
            "open": "2.4714",
            "high": "2.4714",
            "low": "2.4714",
            "close": "2.4714"
        },
        {
            "time": "22.12.2020 21:35",
            "open": "2.4714",
            "high": "2.4714",
            "low": "2.4714",
            "close": "2.4773"
        },
        {
            "time": "22.12.2020 21:42",
            "open": "2.4773",
            "high": "2.4773",
            "low": "2.4773",
            "close": "2.47"
        },
        {
            "time": "22.12.2020 21:43",
            "open": "2.47",
            "high": "2.47",
            "low": "2.47",
            "close": "2.47"
        },
        {
            "time": "22.12.2020 21:44",
            "open": "2.47",
            "high": "2.47",
            "low": "2.47",
            "close": "2.4709"
        },
        {
            "time": "22.12.2020 21:53",
            "open": "2.4709",
            "high": "2.4709",
            "low": "2.4709",
            "close": "2.4739"
        },
        {
            "time": "22.12.2020 22:07",
            "open": "2.4739",
            "high": "2.4739",
            "low": "2.4739",
            "close": "2.4792"
        },
        {
            "time": "22.12.2020 22:16",
            "open": "2.4792",
            "high": "2.4792",
            "low": "2.4792",
            "close": "2.4748"
        },
        {
            "time": "22.12.2020 22:22",
            "open": "2.4748",
            "high": "2.4748",
            "low": "2.4748",
            "close": "2.4667"
        },
        {
            "time": "22.12.2020 22:25",
            "open": "2.4667",
            "high": "2.4667",
            "low": "2.4667",
            "close": "2.4758"
        },
        {
            "time": "22.12.2020 22:26",
            "open": "2.4758",
            "high": "2.4758",
            "low": "2.4758",
            "close": "2.4711"
        },
        {
            "time": "22.12.2020 22:28",
            "open": "2.4711",
            "high": "2.4711",
            "low": "2.4711",
            "close": "2.48"
        },
        {
            "time": "22.12.2020 22:29",
            "open": "2.48",
            "high": "2.48",
            "low": "2.48",
            "close": "2.4792"
        },
        {
            "time": "22.12.2020 22:30",
            "open": "2.4792",
            "high": "2.4792",
            "low": "2.4791",
            "close": "2.4792"
        },
        {
            "time": "22.12.2020 22:33",
            "open": "2.4792",
            "high": "2.4792",
            "low": "2.4792",
            "close": "2.4758"
        },
        {
            "time": "22.12.2020 22:35",
            "open": "2.4758",
            "high": "2.4758",
            "low": "2.4758",
            "close": "2.4815"
        },
        {
            "time": "22.12.2020 22:38",
            "open": "2.4815",
            "high": "2.4816",
            "low": "2.4815",
            "close": "2.4729"
        },
        {
            "time": "22.12.2020 22:40",
            "open": "2.4729",
            "high": "2.4729",
            "low": "2.4599",
            "close": "2.4599"
        },
        {
            "time": "22.12.2020 22:41",
            "open": "2.4599",
            "high": "2.4599",
            "low": "2.4552",
            "close": "2.4599"
        },
        {
            "time": "22.12.2020 22:42",
            "open": "2.4599",
            "high": "2.4599",
            "low": "2.4599",
            "close": "2.4552"
        },
        {
            "time": "22.12.2020 22:44",
            "open": "2.4552",
            "high": "2.4564",
            "low": "2.4542",
            "close": "2.4453"
        },
        {
            "time": "22.12.2020 22:45",
            "open": "2.4453",
            "high": "2.4459",
            "low": "2.4453",
            "close": "2.4486"
        },
        {
            "time": "22.12.2020 22:46",
            "open": "2.4486",
            "high": "2.4486",
            "low": "2.4486",
            "close": "2.4363"
        },
        {
            "time": "22.12.2020 22:47",
            "open": "2.4363",
            "high": "2.4459",
            "low": "2.4363",
            "close": "2.4449"
        },
        {
            "time": "22.12.2020 22:48",
            "open": "2.4449",
            "high": "2.4449",
            "low": "2.434",
            "close": "2.4397"
        },
        {
            "time": "22.12.2020 22:50",
            "open": "2.4397",
            "high": "2.4397",
            "low": "2.4397",
            "close": "2.4374"
        },
        {
            "time": "22.12.2020 22:51",
            "open": "2.4374",
            "high": "2.4374",
            "low": "2.429",
            "close": "2.4349"
        },
        {
            "time": "22.12.2020 22:52",
            "open": "2.4349",
            "high": "2.4349",
            "low": "2.4336",
            "close": "2.4369"
        },
        {
            "time": "22.12.2020 22:54",
            "open": "2.4369",
            "high": "2.437",
            "low": "2.4369",
            "close": "2.4424"
        },
        {
            "time": "22.12.2020 22:56",
            "open": "2.4424",
            "high": "2.4424",
            "low": "2.4424",
            "close": "2.4418"
        },
        {
            "time": "22.12.2020 22:58",
            "open": "2.4418",
            "high": "2.4418",
            "low": "2.4418",
            "close": "2.4403"
        },
        {
            "time": "22.12.2020 22:59",
            "open": "2.4403",
            "high": "2.4403",
            "low": "2.44",
            "close": "2.4336"
        },
        {
            "time": "22.12.2020 23:00",
            "open": "2.4336",
            "high": "2.4382",
            "low": "2.4336",
            "close": "2.4371"
        },
        {
            "time": "22.12.2020 23:04",
            "open": "2.4371",
            "high": "2.4371",
            "low": "2.4371",
            "close": "2.4481"
        },
        {
            "time": "22.12.2020 23:05",
            "open": "2.4481",
            "high": "2.4481",
            "low": "2.4467",
            "close": "2.4468"
        },
        {
            "time": "22.12.2020 23:07",
            "open": "2.4468",
            "high": "2.4468",
            "low": "2.4468",
            "close": "2.4419"
        },
        {
            "time": "22.12.2020 23:11",
            "open": "2.4419",
            "high": "2.4419",
            "low": "2.4416",
            "close": "2.4397"
        },
        {
            "time": "22.12.2020 23:22",
            "open": "2.4397",
            "high": "2.4397",
            "low": "2.4397",
            "close": "2.4401"
        },
        {
            "time": "22.12.2020 23:25",
            "open": "2.4401",
            "high": "2.4401",
            "low": "2.44",
            "close": "2.4448"
        },
        {
            "time": "22.12.2020 23:26",
            "open": "2.4448",
            "high": "2.4449",
            "low": "2.4447",
            "close": "2.4309"
        },
        {
            "time": "22.12.2020 23:33",
            "open": "2.4309",
            "high": "2.4309",
            "low": "2.4309",
            "close": "2.4302"
        },
        {
            "time": "22.12.2020 23:34",
            "open": "2.4302",
            "high": "2.4302",
            "low": "2.4252",
            "close": "2.4427"
        },
        {
            "time": "22.12.2020 23:37",
            "open": "2.4427",
            "high": "2.4427",
            "low": "2.4427",
            "close": "2.4415"
        },
        {
            "time": "22.12.2020 23:38",
            "open": "2.4415",
            "high": "2.4415",
            "low": "2.4415",
            "close": "2.4424"
        },
        {
            "time": "22.12.2020 23:40",
            "open": "2.4424",
            "high": "2.4424",
            "low": "2.4424",
            "close": "2.4414"
        },
        {
            "time": "22.12.2020 23:41",
            "open": "2.4414",
            "high": "2.4415",
            "low": "2.4414",
            "close": "2.4431"
        },
        {
            "time": "22.12.2020 23:48",
            "open": "2.4431",
            "high": "2.4431",
            "low": "2.4431",
            "close": "2.439"
        },
        {
            "time": "22.12.2020 23:50",
            "open": "2.439",
            "high": "2.4391",
            "low": "2.439",
            "close": "2.446"
        }
    ]
}