{
    "OMG-EUR": [
        {
            "time": "08.11.2020 23:54",
            "open": "2.6633",
            "high": "2.6667",
            "low": "2.6633",
            "close": "2.6618"
        },
        {
            "time": "09.11.2020 00:18",
            "open": "2.6618",
            "high": "2.6618",
            "low": "2.6618",
            "close": "2.6681"
        },
        {
            "time": "09.11.2020 00:27",
            "open": "2.6681",
            "high": "2.6681",
            "low": "2.6623",
            "close": "2.6734"
        },
        {
            "time": "09.11.2020 00:30",
            "open": "2.6734",
            "high": "2.6734",
            "low": "2.6734",
            "close": "2.6763"
        },
        {
            "time": "09.11.2020 00:31",
            "open": "2.6763",
            "high": "2.6836",
            "low": "2.6763",
            "close": "2.6841"
        },
        {
            "time": "09.11.2020 00:32",
            "open": "2.6841",
            "high": "2.6841",
            "low": "2.6841",
            "close": "2.685"
        },
        {
            "time": "09.11.2020 00:33",
            "open": "2.685",
            "high": "2.685",
            "low": "2.6823",
            "close": "2.6841"
        },
        {
            "time": "09.11.2020 00:35",
            "open": "2.6841",
            "high": "2.6841",
            "low": "2.6841",
            "close": "2.6867"
        },
        {
            "time": "09.11.2020 00:36",
            "open": "2.6867",
            "high": "2.6867",
            "low": "2.6867",
            "close": "2.6877"
        },
        {
            "time": "09.11.2020 00:51",
            "open": "2.6877",
            "high": "2.6877",
            "low": "2.6744",
            "close": "2.6676"
        },
        {
            "time": "09.11.2020 00:52",
            "open": "2.6676",
            "high": "2.6676",
            "low": "2.6668",
            "close": "2.6748"
        },
        {
            "time": "09.11.2020 01:01",
            "open": "2.6748",
            "high": "2.6748",
            "low": "2.6748",
            "close": "2.6837"
        },
        {
            "time": "09.11.2020 01:03",
            "open": "2.6837",
            "high": "2.6837",
            "low": "2.6812",
            "close": "2.6825"
        },
        {
            "time": "09.11.2020 01:04",
            "open": "2.6825",
            "high": "2.6825",
            "low": "2.6825",
            "close": "2.6674"
        },
        {
            "time": "09.11.2020 01:06",
            "open": "2.6674",
            "high": "2.6674",
            "low": "2.6674",
            "close": "2.6564"
        },
        {
            "time": "09.11.2020 01:13",
            "open": "2.6564",
            "high": "2.6564",
            "low": "2.6562",
            "close": "2.6767"
        },
        {
            "time": "09.11.2020 01:34",
            "open": "2.6767",
            "high": "2.6767",
            "low": "2.6767",
            "close": "2.6825"
        },
        {
            "time": "09.11.2020 01:35",
            "open": "2.6825",
            "high": "2.6825",
            "low": "2.6825",
            "close": "2.6889"
        },
        {
            "time": "09.11.2020 01:36",
            "open": "2.6889",
            "high": "2.6901",
            "low": "2.6889",
            "close": "2.69"
        },
        {
            "time": "09.11.2020 01:37",
            "open": "2.69",
            "high": "2.6928",
            "low": "2.69",
            "close": "2.69"
        },
        {
            "time": "09.11.2020 01:38",
            "open": "2.69",
            "high": "2.69",
            "low": "2.69",
            "close": "2.6939"
        },
        {
            "time": "09.11.2020 01:40",
            "open": "2.6939",
            "high": "2.6939",
            "low": "2.6939",
            "close": "2.695"
        },
        {
            "time": "09.11.2020 01:41",
            "open": "2.695",
            "high": "2.71",
            "low": "2.695",
            "close": "2.7084"
        },
        {
            "time": "09.11.2020 01:42",
            "open": "2.7084",
            "high": "2.7084",
            "low": "2.705",
            "close": "2.7115"
        },
        {
            "time": "09.11.2020 01:43",
            "open": "2.7115",
            "high": "2.7115",
            "low": "2.7115",
            "close": "2.7145"
        },
        {
            "time": "09.11.2020 01:44",
            "open": "2.7145",
            "high": "2.72",
            "low": "2.7145",
            "close": "2.7087"
        },
        {
            "time": "09.11.2020 01:46",
            "open": "2.7087",
            "high": "2.7163",
            "low": "2.7086",
            "close": "2.7082"
        },
        {
            "time": "09.11.2020 01:48",
            "open": "2.7082",
            "high": "2.7082",
            "low": "2.7065",
            "close": "2.699"
        },
        {
            "time": "09.11.2020 01:51",
            "open": "2.699",
            "high": "2.699",
            "low": "2.6988",
            "close": "2.6997"
        },
        {
            "time": "09.11.2020 01:56",
            "open": "2.6997",
            "high": "2.6998",
            "low": "2.6967",
            "close": "2.6858"
        },
        {
            "time": "09.11.2020 02:04",
            "open": "2.6858",
            "high": "2.6858",
            "low": "2.6858",
            "close": "2.6882"
        },
        {
            "time": "09.11.2020 02:07",
            "open": "2.6882",
            "high": "2.69",
            "low": "2.6882",
            "close": "2.69"
        },
        {
            "time": "09.11.2020 02:09",
            "open": "2.69",
            "high": "2.69",
            "low": "2.69",
            "close": "2.695"
        },
        {
            "time": "09.11.2020 02:11",
            "open": "2.695",
            "high": "2.695",
            "low": "2.695",
            "close": "2.685"
        },
        {
            "time": "09.11.2020 02:16",
            "open": "2.685",
            "high": "2.685",
            "low": "2.685",
            "close": "2.69"
        },
        {
            "time": "09.11.2020 02:21",
            "open": "2.69",
            "high": "2.69",
            "low": "2.69",
            "close": "2.695"
        },
        {
            "time": "09.11.2020 02:26",
            "open": "2.695",
            "high": "2.695",
            "low": "2.695",
            "close": "2.7"
        },
        {
            "time": "09.11.2020 02:28",
            "open": "2.7",
            "high": "2.7",
            "low": "2.7",
            "close": "2.703"
        },
        {
            "time": "09.11.2020 02:30",
            "open": "2.703",
            "high": "2.7085",
            "low": "2.703",
            "close": "2.6887"
        },
        {
            "time": "09.11.2020 02:37",
            "open": "2.6887",
            "high": "2.6887",
            "low": "2.6887",
            "close": "2.6913"
        },
        {
            "time": "09.11.2020 02:40",
            "open": "2.6913",
            "high": "2.6966",
            "low": "2.6913",
            "close": "2.6892"
        },
        {
            "time": "09.11.2020 02:43",
            "open": "2.6892",
            "high": "2.6892",
            "low": "2.6892",
            "close": "2.68"
        },
        {
            "time": "09.11.2020 02:48",
            "open": "2.68",
            "high": "2.68",
            "low": "2.68",
            "close": "2.6775"
        },
        {
            "time": "09.11.2020 02:49",
            "open": "2.6775",
            "high": "2.6775",
            "low": "2.675",
            "close": "2.6722"
        },
        {
            "time": "09.11.2020 02:50",
            "open": "2.6722",
            "high": "2.6723",
            "low": "2.6722",
            "close": "2.675"
        },
        {
            "time": "09.11.2020 02:51",
            "open": "2.675",
            "high": "2.675",
            "low": "2.6743",
            "close": "2.6706"
        },
        {
            "time": "09.11.2020 02:54",
            "open": "2.6706",
            "high": "2.6706",
            "low": "2.6705",
            "close": "2.6706"
        },
        {
            "time": "09.11.2020 02:57",
            "open": "2.6706",
            "high": "2.6706",
            "low": "2.6674",
            "close": "2.6709"
        },
        {
            "time": "09.11.2020 02:58",
            "open": "2.6709",
            "high": "2.6709",
            "low": "2.6709",
            "close": "2.67"
        },
        {
            "time": "09.11.2020 03:00",
            "open": "2.67",
            "high": "2.67",
            "low": "2.665",
            "close": "2.665"
        },
        {
            "time": "09.11.2020 03:01",
            "open": "2.665",
            "high": "2.6725",
            "low": "2.665",
            "close": "2.6662"
        },
        {
            "time": "09.11.2020 03:02",
            "open": "2.6662",
            "high": "2.6663",
            "low": "2.6662",
            "close": "2.6644"
        },
        {
            "time": "09.11.2020 03:04",
            "open": "2.6644",
            "high": "2.6682",
            "low": "2.6644",
            "close": "2.6664"
        },
        {
            "time": "09.11.2020 03:08",
            "open": "2.6664",
            "high": "2.6664",
            "low": "2.666",
            "close": "2.6603"
        },
        {
            "time": "09.11.2020 03:15",
            "open": "2.6603",
            "high": "2.6603",
            "low": "2.6603",
            "close": "2.66"
        },
        {
            "time": "09.11.2020 03:17",
            "open": "2.66",
            "high": "2.66",
            "low": "2.66",
            "close": "2.6572"
        },
        {
            "time": "09.11.2020 03:18",
            "open": "2.6572",
            "high": "2.6572",
            "low": "2.6572",
            "close": "2.66"
        },
        {
            "time": "09.11.2020 03:20",
            "open": "2.66",
            "high": "2.665",
            "low": "2.66",
            "close": "2.6637"
        },
        {
            "time": "09.11.2020 03:35",
            "open": "2.6637",
            "high": "2.6637",
            "low": "2.6637",
            "close": "2.6637"
        },
        {
            "time": "09.11.2020 03:39",
            "open": "2.6637",
            "high": "2.6637",
            "low": "2.6637",
            "close": "2.655"
        },
        {
            "time": "09.11.2020 03:46",
            "open": "2.655",
            "high": "2.655",
            "low": "2.655",
            "close": "2.6557"
        },
        {
            "time": "09.11.2020 03:52",
            "open": "2.6557",
            "high": "2.6558",
            "low": "2.6557",
            "close": "2.6591"
        },
        {
            "time": "09.11.2020 04:00",
            "open": "2.6591",
            "high": "2.6591",
            "low": "2.6591",
            "close": "2.6572"
        },
        {
            "time": "09.11.2020 04:02",
            "open": "2.6572",
            "high": "2.6589",
            "low": "2.6572",
            "close": "2.65"
        },
        {
            "time": "09.11.2020 04:06",
            "open": "2.65",
            "high": "2.65",
            "low": "2.65",
            "close": "2.6471"
        },
        {
            "time": "09.11.2020 04:07",
            "open": "2.6471",
            "high": "2.6489",
            "low": "2.6471",
            "close": "2.645"
        },
        {
            "time": "09.11.2020 04:14",
            "open": "2.645",
            "high": "2.645",
            "low": "2.635",
            "close": "2.6324"
        },
        {
            "time": "09.11.2020 04:19",
            "open": "2.6324",
            "high": "2.6356",
            "low": "2.6324",
            "close": "2.64"
        },
        {
            "time": "09.11.2020 04:23",
            "open": "2.64",
            "high": "2.64",
            "low": "2.64",
            "close": "2.6386"
        },
        {
            "time": "09.11.2020 04:37",
            "open": "2.6386",
            "high": "2.6386",
            "low": "2.6382",
            "close": "2.63"
        },
        {
            "time": "09.11.2020 05:00",
            "open": "2.63",
            "high": "2.63",
            "low": "2.63",
            "close": "2.627"
        },
        {
            "time": "09.11.2020 05:01",
            "open": "2.627",
            "high": "2.627",
            "low": "2.627",
            "close": "2.6301"
        },
        {
            "time": "09.11.2020 05:02",
            "open": "2.6301",
            "high": "2.6303",
            "low": "2.6301",
            "close": "2.6269"
        },
        {
            "time": "09.11.2020 05:04",
            "open": "2.6269",
            "high": "2.6269",
            "low": "2.625",
            "close": "2.6372"
        },
        {
            "time": "09.11.2020 05:07",
            "open": "2.6372",
            "high": "2.6372",
            "low": "2.6371",
            "close": "2.645"
        },
        {
            "time": "09.11.2020 05:09",
            "open": "2.645",
            "high": "2.65",
            "low": "2.645",
            "close": "2.6476"
        },
        {
            "time": "09.11.2020 05:10",
            "open": "2.6476",
            "high": "2.6476",
            "low": "2.6476",
            "close": "2.645"
        },
        {
            "time": "09.11.2020 05:32",
            "open": "2.645",
            "high": "2.645",
            "low": "2.645",
            "close": "2.6476"
        },
        {
            "time": "09.11.2020 05:36",
            "open": "2.6476",
            "high": "2.6476",
            "low": "2.6476",
            "close": "2.6515"
        },
        {
            "time": "09.11.2020 05:38",
            "open": "2.6515",
            "high": "2.6515",
            "low": "2.6514",
            "close": "2.655"
        },
        {
            "time": "09.11.2020 05:41",
            "open": "2.655",
            "high": "2.655",
            "low": "2.655",
            "close": "2.6573"
        },
        {
            "time": "09.11.2020 05:44",
            "open": "2.6573",
            "high": "2.6573",
            "low": "2.6573",
            "close": "2.645"
        },
        {
            "time": "09.11.2020 06:02",
            "open": "2.645",
            "high": "2.645",
            "low": "2.645",
            "close": "2.6476"
        },
        {
            "time": "09.11.2020 06:15",
            "open": "2.6476",
            "high": "2.6476",
            "low": "2.6476",
            "close": "2.6515"
        },
        {
            "time": "09.11.2020 06:38",
            "open": "2.6515",
            "high": "2.6515",
            "low": "2.6515",
            "close": "2.658"
        },
        {
            "time": "09.11.2020 06:42",
            "open": "2.658",
            "high": "2.658",
            "low": "2.658",
            "close": "2.6559"
        },
        {
            "time": "09.11.2020 07:14",
            "open": "2.6559",
            "high": "2.656",
            "low": "2.6559",
            "close": "2.6466"
        },
        {
            "time": "09.11.2020 07:45",
            "open": "2.6466",
            "high": "2.6468",
            "low": "2.6466",
            "close": "2.6374"
        },
        {
            "time": "09.11.2020 07:50",
            "open": "2.6374",
            "high": "2.6374",
            "low": "2.635",
            "close": "2.63"
        },
        {
            "time": "09.11.2020 07:51",
            "open": "2.63",
            "high": "2.63",
            "low": "2.63",
            "close": "2.63"
        },
        {
            "time": "09.11.2020 07:57",
            "open": "2.63",
            "high": "2.63",
            "low": "2.63",
            "close": "2.6246"
        },
        {
            "time": "09.11.2020 08:00",
            "open": "2.6246",
            "high": "2.6246",
            "low": "2.6238",
            "close": "2.6374"
        },
        {
            "time": "09.11.2020 08:31",
            "open": "2.6374",
            "high": "2.6374",
            "low": "2.6374",
            "close": "2.6432"
        },
        {
            "time": "09.11.2020 08:32",
            "open": "2.6432",
            "high": "2.6432",
            "low": "2.6432",
            "close": "2.6447"
        },
        {
            "time": "09.11.2020 08:33",
            "open": "2.6447",
            "high": "2.6447",
            "low": "2.6447",
            "close": "2.6493"
        },
        {
            "time": "09.11.2020 08:34",
            "open": "2.6493",
            "high": "2.6508",
            "low": "2.6493",
            "close": "2.6513"
        },
        {
            "time": "09.11.2020 08:35",
            "open": "2.6513",
            "high": "2.6513",
            "low": "2.6513",
            "close": "2.6577"
        },
        {
            "time": "09.11.2020 08:37",
            "open": "2.6577",
            "high": "2.6577",
            "low": "2.6542",
            "close": "2.6517"
        },
        {
            "time": "09.11.2020 08:38",
            "open": "2.6517",
            "high": "2.6517",
            "low": "2.6517",
            "close": "2.6527"
        },
        {
            "time": "09.11.2020 08:40",
            "open": "2.6536",
            "high": "2.6536",
            "low": "2.6536",
            "close": "2.624"
        },
        {
            "time": "09.11.2020 08:57",
            "open": "2.624",
            "high": "2.624",
            "low": "2.617",
            "close": "2.6161"
        },
        {
            "time": "09.11.2020 08:58",
            "open": "2.6161",
            "high": "2.6161",
            "low": "2.6161",
            "close": "2.6202"
        },
        {
            "time": "09.11.2020 09:00",
            "open": "2.621",
            "high": "2.621",
            "low": "2.621",
            "close": "2.6233"
        },
        {
            "time": "09.11.2020 09:06",
            "open": "2.6233",
            "high": "2.6251",
            "low": "2.6233",
            "close": "2.6219"
        },
        {
            "time": "09.11.2020 09:07",
            "open": "2.6219",
            "high": "2.6219",
            "low": "2.6219",
            "close": "2.625"
        },
        {
            "time": "09.11.2020 09:09",
            "open": "2.625",
            "high": "2.6251",
            "low": "2.625",
            "close": "2.6219"
        },
        {
            "time": "09.11.2020 09:10",
            "open": "2.6219",
            "high": "2.6219",
            "low": "2.6219",
            "close": "2.6109"
        },
        {
            "time": "09.11.2020 09:30",
            "open": "2.6109",
            "high": "2.6109",
            "low": "2.6108",
            "close": "2.6261"
        },
        {
            "time": "09.11.2020 09:34",
            "open": "2.6261",
            "high": "2.6261",
            "low": "2.6261",
            "close": "2.632"
        },
        {
            "time": "09.11.2020 09:40",
            "open": "2.632",
            "high": "2.6383",
            "low": "2.632",
            "close": "2.65"
        },
        {
            "time": "09.11.2020 09:43",
            "open": "2.65",
            "high": "2.65",
            "low": "2.65",
            "close": "2.6531"
        },
        {
            "time": "09.11.2020 09:45",
            "open": "2.6531",
            "high": "2.6533",
            "low": "2.6531",
            "close": "2.6564"
        },
        {
            "time": "09.11.2020 09:53",
            "open": "2.6564",
            "high": "2.6564",
            "low": "2.6564",
            "close": "2.6633"
        },
        {
            "time": "09.11.2020 09:55",
            "open": "2.6633",
            "high": "2.6633",
            "low": "2.6633",
            "close": "2.6734"
        },
        {
            "time": "09.11.2020 09:56",
            "open": "2.6734",
            "high": "2.6763",
            "low": "2.6734",
            "close": "2.6728"
        },
        {
            "time": "09.11.2020 09:57",
            "open": "2.6728",
            "high": "2.6728",
            "low": "2.6614",
            "close": "2.6703"
        },
        {
            "time": "09.11.2020 10:02",
            "open": "2.6703",
            "high": "2.6704",
            "low": "2.6703",
            "close": "2.6704"
        },
        {
            "time": "09.11.2020 10:12",
            "open": "2.6704",
            "high": "2.6738",
            "low": "2.6704",
            "close": "2.6676"
        },
        {
            "time": "09.11.2020 10:15",
            "open": "2.6676",
            "high": "2.6676",
            "low": "2.6676",
            "close": "2.67"
        },
        {
            "time": "09.11.2020 10:19",
            "open": "2.67",
            "high": "2.67",
            "low": "2.67",
            "close": "2.6676"
        },
        {
            "time": "09.11.2020 10:20",
            "open": "2.6676",
            "high": "2.6676",
            "low": "2.6676",
            "close": "2.6719"
        },
        {
            "time": "09.11.2020 10:24",
            "open": "2.6719",
            "high": "2.6719",
            "low": "2.6719",
            "close": "2.6634"
        },
        {
            "time": "09.11.2020 10:30",
            "open": "2.6634",
            "high": "2.6634",
            "low": "2.6634",
            "close": "2.6631"
        },
        {
            "time": "09.11.2020 10:34",
            "open": "2.6631",
            "high": "2.6631",
            "low": "2.6596",
            "close": "2.6571"
        },
        {
            "time": "09.11.2020 10:35",
            "open": "2.6571",
            "high": "2.6631",
            "low": "2.6571",
            "close": "2.6629"
        },
        {
            "time": "09.11.2020 10:37",
            "open": "2.6629",
            "high": "2.6629",
            "low": "2.6629",
            "close": "2.6575"
        },
        {
            "time": "09.11.2020 10:39",
            "open": "2.6575",
            "high": "2.6575",
            "low": "2.6574",
            "close": "2.6574"
        },
        {
            "time": "09.11.2020 10:46",
            "open": "2.6574",
            "high": "2.6574",
            "low": "2.6574",
            "close": "2.649"
        },
        {
            "time": "09.11.2020 10:48",
            "open": "2.649",
            "high": "2.649",
            "low": "2.649",
            "close": "2.6509"
        },
        {
            "time": "09.11.2020 10:49",
            "open": "2.6509",
            "high": "2.6509",
            "low": "2.6509",
            "close": "2.6686"
        },
        {
            "time": "09.11.2020 11:06",
            "open": "2.6686",
            "high": "2.6686",
            "low": "2.6685",
            "close": "2.6831"
        },
        {
            "time": "09.11.2020 11:13",
            "open": "2.6831",
            "high": "2.6835",
            "low": "2.677",
            "close": "2.6835"
        },
        {
            "time": "09.11.2020 11:17",
            "open": "2.6835",
            "high": "2.6836",
            "low": "2.6835",
            "close": "2.6882"
        },
        {
            "time": "09.11.2020 11:18",
            "open": "2.6882",
            "high": "2.6882",
            "low": "2.6882",
            "close": "2.6879"
        },
        {
            "time": "09.11.2020 11:19",
            "open": "2.6879",
            "high": "2.6879",
            "low": "2.6879",
            "close": "2.6817"
        },
        {
            "time": "09.11.2020 11:20",
            "open": "2.6817",
            "high": "2.6817",
            "low": "2.6817",
            "close": "2.6749"
        },
        {
            "time": "09.11.2020 11:21",
            "open": "2.6749",
            "high": "2.6749",
            "low": "2.6749",
            "close": "2.6757"
        },
        {
            "time": "09.11.2020 11:42",
            "open": "2.6757",
            "high": "2.6757",
            "low": "2.6744",
            "close": "2.6799"
        },
        {
            "time": "09.11.2020 11:50",
            "open": "2.6799",
            "high": "2.68",
            "low": "2.6799",
            "close": "2.6812"
        },
        {
            "time": "09.11.2020 11:51",
            "open": "2.6812",
            "high": "2.6812",
            "low": "2.6812",
            "close": "2.6826"
        },
        {
            "time": "09.11.2020 11:56",
            "open": "2.6826",
            "high": "2.6826",
            "low": "2.6826",
            "close": "2.6855"
        },
        {
            "time": "09.11.2020 12:08",
            "open": "2.6855",
            "high": "2.6855",
            "low": "2.6855",
            "close": "2.6909"
        },
        {
            "time": "09.11.2020 12:13",
            "open": "2.6909",
            "high": "2.6909",
            "low": "2.6909",
            "close": "2.6831"
        },
        {
            "time": "09.11.2020 12:25",
            "open": "2.6831",
            "high": "2.6831",
            "low": "2.6831",
            "close": "2.6883"
        },
        {
            "time": "09.11.2020 12:40",
            "open": "2.6883",
            "high": "2.6883",
            "low": "2.6883",
            "close": "2.6939"
        },
        {
            "time": "09.11.2020 12:41",
            "open": "2.6939",
            "high": "2.695",
            "low": "2.6939",
            "close": "2.6974"
        },
        {
            "time": "09.11.2020 12:42",
            "open": "2.6974",
            "high": "2.7",
            "low": "2.6974",
            "close": "2.6997"
        },
        {
            "time": "09.11.2020 12:43",
            "open": "2.6997",
            "high": "2.6997",
            "low": "2.6958",
            "close": "2.6987"
        },
        {
            "time": "09.11.2020 12:44",
            "open": "2.6987",
            "high": "2.699",
            "low": "2.6966",
            "close": "2.7033"
        },
        {
            "time": "09.11.2020 12:45",
            "open": "2.7033",
            "high": "2.7033",
            "low": "2.7033",
            "close": "2.7042"
        },
        {
            "time": "09.11.2020 12:46",
            "open": "2.7042",
            "high": "2.7042",
            "low": "2.7022",
            "close": "2.7019"
        },
        {
            "time": "09.11.2020 12:47",
            "open": "2.7019",
            "high": "2.7019",
            "low": "2.6976",
            "close": "2.694"
        },
        {
            "time": "09.11.2020 12:52",
            "open": "2.694",
            "high": "2.694",
            "low": "2.694",
            "close": "2.6976"
        },
        {
            "time": "09.11.2020 12:53",
            "open": "2.6976",
            "high": "2.6977",
            "low": "2.679",
            "close": "2.6895"
        },
        {
            "time": "09.11.2020 12:54",
            "open": "2.6895",
            "high": "2.6895",
            "low": "2.6895",
            "close": "2.7093"
        },
        {
            "time": "09.11.2020 12:58",
            "open": "2.7093",
            "high": "2.7117",
            "low": "2.7093",
            "close": "2.7055"
        },
        {
            "time": "09.11.2020 13:00",
            "open": "2.7055",
            "high": "2.7055",
            "low": "2.7055",
            "close": "2.6926"
        },
        {
            "time": "09.11.2020 13:02",
            "open": "2.6926",
            "high": "2.6926",
            "low": "2.6754",
            "close": "2.6758"
        },
        {
            "time": "09.11.2020 13:03",
            "open": "2.6758",
            "high": "2.6815",
            "low": "2.6674",
            "close": "2.6657"
        },
        {
            "time": "09.11.2020 13:04",
            "open": "2.6657",
            "high": "2.6657",
            "low": "2.6656",
            "close": "2.6586"
        },
        {
            "time": "09.11.2020 13:07",
            "open": "2.6586",
            "high": "2.6586",
            "low": "2.6563",
            "close": "2.6533"
        },
        {
            "time": "09.11.2020 13:08",
            "open": "2.6533",
            "high": "2.6533",
            "low": "2.6429",
            "close": "2.6601"
        },
        {
            "time": "09.11.2020 13:10",
            "open": "2.6601",
            "high": "2.661",
            "low": "2.6601",
            "close": "2.6416"
        },
        {
            "time": "09.11.2020 13:11",
            "open": "2.6416",
            "high": "2.6429",
            "low": "2.632",
            "close": "2.6448"
        },
        {
            "time": "09.11.2020 13:12",
            "open": "2.6448",
            "high": "2.6448",
            "low": "2.6448",
            "close": "2.6412"
        },
        {
            "time": "09.11.2020 13:13",
            "open": "2.6412",
            "high": "2.6412",
            "low": "2.6392",
            "close": "2.6339"
        },
        {
            "time": "09.11.2020 13:14",
            "open": "2.6339",
            "high": "2.6339",
            "low": "2.6339",
            "close": "2.6396"
        },
        {
            "time": "09.11.2020 13:16",
            "open": "2.6396",
            "high": "2.6396",
            "low": "2.6396",
            "close": "2.648"
        },
        {
            "time": "09.11.2020 13:18",
            "open": "2.648",
            "high": "2.6483",
            "low": "2.648",
            "close": "2.6443"
        },
        {
            "time": "09.11.2020 13:21",
            "open": "2.6443",
            "high": "2.6447",
            "low": "2.6443",
            "close": "2.6442"
        },
        {
            "time": "09.11.2020 13:24",
            "open": "2.6442",
            "high": "2.6454",
            "low": "2.6415",
            "close": "2.65"
        },
        {
            "time": "09.11.2020 13:25",
            "open": "2.65",
            "high": "2.65",
            "low": "2.65",
            "close": "2.6463"
        },
        {
            "time": "09.11.2020 13:31",
            "open": "2.6463",
            "high": "2.652",
            "low": "2.6461",
            "close": "2.6566"
        },
        {
            "time": "09.11.2020 13:33",
            "open": "2.6566",
            "high": "2.6578",
            "low": "2.6566",
            "close": "2.6594"
        },
        {
            "time": "09.11.2020 13:34",
            "open": "2.6594",
            "high": "2.6594",
            "low": "2.6594",
            "close": "2.6477"
        },
        {
            "time": "09.11.2020 13:42",
            "open": "2.6477",
            "high": "2.6477",
            "low": "2.6477",
            "close": "2.6454"
        },
        {
            "time": "09.11.2020 13:46",
            "open": "2.6454",
            "high": "2.6454",
            "low": "2.6454",
            "close": "2.6503"
        },
        {
            "time": "09.11.2020 13:48",
            "open": "2.6503",
            "high": "2.6503",
            "low": "2.6503",
            "close": "2.6402"
        },
        {
            "time": "09.11.2020 13:56",
            "open": "2.6402",
            "high": "2.6402",
            "low": "2.64",
            "close": "2.6407"
        },
        {
            "time": "09.11.2020 14:01",
            "open": "2.6407",
            "high": "2.6407",
            "low": "2.6407",
            "close": "2.6432"
        },
        {
            "time": "09.11.2020 14:03",
            "open": "2.6432",
            "high": "2.6432",
            "low": "2.6432",
            "close": "2.6284"
        },
        {
            "time": "09.11.2020 14:10",
            "open": "2.6284",
            "high": "2.6284",
            "low": "2.6238",
            "close": "2.6212"
        },
        {
            "time": "09.11.2020 14:11",
            "open": "2.6212",
            "high": "2.6212",
            "low": "2.62",
            "close": "2.62"
        },
        {
            "time": "09.11.2020 14:12",
            "open": "2.62",
            "high": "2.62",
            "low": "2.62",
            "close": "2.622"
        },
        {
            "time": "09.11.2020 14:13",
            "open": "2.622",
            "high": "2.622",
            "low": "2.622",
            "close": "2.617"
        },
        {
            "time": "09.11.2020 14:15",
            "open": "2.617",
            "high": "2.617",
            "low": "2.6088",
            "close": "2.6116"
        },
        {
            "time": "09.11.2020 14:16",
            "open": "2.6116",
            "high": "2.613",
            "low": "2.6116",
            "close": "2.6206"
        },
        {
            "time": "09.11.2020 14:17",
            "open": "2.6206",
            "high": "2.6206",
            "low": "2.6206",
            "close": "2.6458"
        },
        {
            "time": "09.11.2020 14:19",
            "open": "2.6458",
            "high": "2.6458",
            "low": "2.6458",
            "close": "2.6399"
        },
        {
            "time": "09.11.2020 14:20",
            "open": "2.6399",
            "high": "2.6399",
            "low": "2.6399",
            "close": "2.6327"
        },
        {
            "time": "09.11.2020 14:22",
            "open": "2.6327",
            "high": "2.6327",
            "low": "2.6327",
            "close": "2.6348"
        },
        {
            "time": "09.11.2020 14:33",
            "open": "2.6348",
            "high": "2.6348",
            "low": "2.6283",
            "close": "2.6314"
        },
        {
            "time": "09.11.2020 14:35",
            "open": "2.6314",
            "high": "2.6314",
            "low": "2.6314",
            "close": "2.6347"
        },
        {
            "time": "09.11.2020 14:39",
            "open": "2.6347",
            "high": "2.6348",
            "low": "2.6347",
            "close": "2.6239"
        },
        {
            "time": "09.11.2020 14:44",
            "open": "2.6239",
            "high": "2.6239",
            "low": "2.6228",
            "close": "2.6211"
        },
        {
            "time": "09.11.2020 14:49",
            "open": "2.6211",
            "high": "2.6221",
            "low": "2.6211",
            "close": "2.6071"
        },
        {
            "time": "09.11.2020 14:51",
            "open": "2.6071",
            "high": "2.6071",
            "low": "2.6071",
            "close": "2.6247"
        },
        {
            "time": "09.11.2020 14:58",
            "open": "2.6247",
            "high": "2.6289",
            "low": "2.6247",
            "close": "2.6233"
        },
        {
            "time": "09.11.2020 14:59",
            "open": "2.6233",
            "high": "2.6233",
            "low": "2.6207",
            "close": "2.6291"
        },
        {
            "time": "09.11.2020 15:06",
            "open": "2.6291",
            "high": "2.6291",
            "low": "2.6291",
            "close": "2.6142"
        },
        {
            "time": "09.11.2020 15:11",
            "open": "2.6142",
            "high": "2.6142",
            "low": "2.6141",
            "close": "2.619"
        },
        {
            "time": "09.11.2020 15:12",
            "open": "2.619",
            "high": "2.619",
            "low": "2.619",
            "close": "2.6168"
        },
        {
            "time": "09.11.2020 15:14",
            "open": "2.6168",
            "high": "2.6168",
            "low": "2.6168",
            "close": "2.6071"
        },
        {
            "time": "09.11.2020 15:16",
            "open": "2.6071",
            "high": "2.6071",
            "low": "2.6071",
            "close": "2.6016"
        },
        {
            "time": "09.11.2020 15:18",
            "open": "2.6016",
            "high": "2.6016",
            "low": "2.6013",
            "close": "2.6001"
        },
        {
            "time": "09.11.2020 15:19",
            "open": "2.6001",
            "high": "2.6001",
            "low": "2.5989",
            "close": "2.6005"
        },
        {
            "time": "09.11.2020 15:20",
            "open": "2.6005",
            "high": "2.6014",
            "low": "2.5996",
            "close": "2.6094"
        },
        {
            "time": "09.11.2020 15:22",
            "open": "2.6094",
            "high": "2.6192",
            "low": "2.6094",
            "close": "2.6086"
        },
        {
            "time": "09.11.2020 15:24",
            "open": "2.6086",
            "high": "2.6087",
            "low": "2.6086",
            "close": "2.6096"
        },
        {
            "time": "09.11.2020 15:27",
            "open": "2.6096",
            "high": "2.6096",
            "low": "2.6096",
            "close": "2.6142"
        },
        {
            "time": "09.11.2020 15:29",
            "open": "2.6142",
            "high": "2.6142",
            "low": "2.6134",
            "close": "2.6182"
        },
        {
            "time": "09.11.2020 15:32",
            "open": "2.6182",
            "high": "2.6193",
            "low": "2.6182",
            "close": "2.6263"
        },
        {
            "time": "09.11.2020 15:43",
            "open": "2.6263",
            "high": "2.6263",
            "low": "2.6263",
            "close": "2.6182"
        },
        {
            "time": "09.11.2020 15:50",
            "open": "2.6182",
            "high": "2.6182",
            "low": "2.6182",
            "close": "2.6098"
        },
        {
            "time": "09.11.2020 15:53",
            "open": "2.6098",
            "high": "2.6098",
            "low": "2.6098",
            "close": "2.5975"
        },
        {
            "time": "09.11.2020 15:57",
            "open": "2.5975",
            "high": "2.5975",
            "low": "2.597",
            "close": "2.5907"
        },
        {
            "time": "09.11.2020 15:59",
            "open": "2.5907",
            "high": "2.5907",
            "low": "2.59",
            "close": "2.589"
        },
        {
            "time": "09.11.2020 16:00",
            "open": "2.589",
            "high": "2.589",
            "low": "2.589",
            "close": "2.5873"
        },
        {
            "time": "09.11.2020 16:01",
            "open": "2.5873",
            "high": "2.5873",
            "low": "2.5873",
            "close": "2.5873"
        },
        {
            "time": "09.11.2020 16:03",
            "open": "2.5873",
            "high": "2.5873",
            "low": "2.5873",
            "close": "2.584"
        },
        {
            "time": "09.11.2020 16:06",
            "open": "2.584",
            "high": "2.584",
            "low": "2.584",
            "close": "2.5774"
        },
        {
            "time": "09.11.2020 16:08",
            "open": "2.5774",
            "high": "2.5774",
            "low": "2.5774",
            "close": "2.5806"
        },
        {
            "time": "09.11.2020 16:09",
            "open": "2.5806",
            "high": "2.5806",
            "low": "2.5724",
            "close": "2.5726"
        },
        {
            "time": "09.11.2020 16:10",
            "open": "2.5726",
            "high": "2.5726",
            "low": "2.5726",
            "close": "2.5746"
        },
        {
            "time": "09.11.2020 16:12",
            "open": "2.5746",
            "high": "2.5748",
            "low": "2.57",
            "close": "2.5676"
        },
        {
            "time": "09.11.2020 16:13",
            "open": "2.5676",
            "high": "2.5676",
            "low": "2.5676",
            "close": "2.5592"
        },
        {
            "time": "09.11.2020 16:15",
            "open": "2.5592",
            "high": "2.5676",
            "low": "2.5558",
            "close": "2.5807"
        },
        {
            "time": "09.11.2020 16:16",
            "open": "2.5807",
            "high": "2.5807",
            "low": "2.5807",
            "close": "2.5814"
        },
        {
            "time": "09.11.2020 16:17",
            "open": "2.5814",
            "high": "2.5814",
            "low": "2.5814",
            "close": "2.5908"
        },
        {
            "time": "09.11.2020 16:20",
            "open": "2.5908",
            "high": "2.5968",
            "low": "2.5899",
            "close": "2.5864"
        },
        {
            "time": "09.11.2020 16:22",
            "open": "2.5864",
            "high": "2.5864",
            "low": "2.5861",
            "close": "2.5937"
        },
        {
            "time": "09.11.2020 16:27",
            "open": "2.5937",
            "high": "2.5938",
            "low": "2.5937",
            "close": "2.5949"
        },
        {
            "time": "09.11.2020 16:29",
            "open": "2.5949",
            "high": "2.5949",
            "low": "2.5922",
            "close": "2.6007"
        },
        {
            "time": "09.11.2020 16:35",
            "open": "2.6007",
            "high": "2.6063",
            "low": "2.5939",
            "close": "2.6008"
        },
        {
            "time": "09.11.2020 16:36",
            "open": "2.6008",
            "high": "2.6013",
            "low": "2.6008",
            "close": "2.5997"
        },
        {
            "time": "09.11.2020 16:37",
            "open": "2.5997",
            "high": "2.5997",
            "low": "2.5997",
            "close": "2.6005"
        },
        {
            "time": "09.11.2020 16:38",
            "open": "2.6005",
            "high": "2.6047",
            "low": "2.6005",
            "close": "2.5926"
        },
        {
            "time": "09.11.2020 16:40",
            "open": "2.5927",
            "high": "2.5927",
            "low": "2.5927",
            "close": "2.5846"
        },
        {
            "time": "09.11.2020 16:43",
            "open": "2.5846",
            "high": "2.5847",
            "low": "2.5846",
            "close": "2.5838"
        },
        {
            "time": "09.11.2020 16:44",
            "open": "2.5838",
            "high": "2.5838",
            "low": "2.5813",
            "close": "2.5797"
        },
        {
            "time": "09.11.2020 16:45",
            "open": "2.5797",
            "high": "2.5797",
            "low": "2.5677",
            "close": "2.5763"
        },
        {
            "time": "09.11.2020 16:46",
            "open": "2.5763",
            "high": "2.5857",
            "low": "2.5762",
            "close": "2.5848"
        },
        {
            "time": "09.11.2020 16:51",
            "open": "2.5848",
            "high": "2.5848",
            "low": "2.5848",
            "close": "2.5783"
        },
        {
            "time": "09.11.2020 16:57",
            "open": "2.5783",
            "high": "2.5783",
            "low": "2.5783",
            "close": "2.5848"
        },
        {
            "time": "09.11.2020 16:59",
            "open": "2.5848",
            "high": "2.5848",
            "low": "2.5848",
            "close": "2.57"
        },
        {
            "time": "09.11.2020 17:00",
            "open": "2.57",
            "high": "2.57",
            "low": "2.57",
            "close": "2.5676"
        },
        {
            "time": "09.11.2020 17:01",
            "open": "2.5676",
            "high": "2.5676",
            "low": "2.5671",
            "close": "2.5803"
        },
        {
            "time": "09.11.2020 17:04",
            "open": "2.5803",
            "high": "2.5803",
            "low": "2.5803",
            "close": "2.5671"
        },
        {
            "time": "09.11.2020 17:05",
            "open": "2.5671",
            "high": "2.5671",
            "low": "2.5671",
            "close": "2.5729"
        },
        {
            "time": "09.11.2020 17:06",
            "open": "2.5729",
            "high": "2.5729",
            "low": "2.5729",
            "close": "2.5703"
        },
        {
            "time": "09.11.2020 17:07",
            "open": "2.5703",
            "high": "2.5703",
            "low": "2.5703",
            "close": "2.5624"
        },
        {
            "time": "09.11.2020 17:11",
            "open": "2.5624",
            "high": "2.5624",
            "low": "2.5624",
            "close": "2.5618"
        },
        {
            "time": "09.11.2020 17:15",
            "open": "2.5618",
            "high": "2.5618",
            "low": "2.5607",
            "close": "2.5756"
        },
        {
            "time": "09.11.2020 17:16",
            "open": "2.5756",
            "high": "2.5756",
            "low": "2.5755",
            "close": "2.5776"
        },
        {
            "time": "09.11.2020 17:17",
            "open": "2.5776",
            "high": "2.5776",
            "low": "2.5776",
            "close": "2.5856"
        },
        {
            "time": "09.11.2020 17:21",
            "open": "2.5856",
            "high": "2.5895",
            "low": "2.5856",
            "close": "2.5859"
        },
        {
            "time": "09.11.2020 17:22",
            "open": "2.5859",
            "high": "2.587",
            "low": "2.5859",
            "close": "2.5941"
        },
        {
            "time": "09.11.2020 17:23",
            "open": "2.5941",
            "high": "2.5941",
            "low": "2.5892",
            "close": "2.5936"
        },
        {
            "time": "09.11.2020 17:24",
            "open": "2.5936",
            "high": "2.5943",
            "low": "2.5936",
            "close": "2.5936"
        },
        {
            "time": "09.11.2020 17:25",
            "open": "2.5936",
            "high": "2.5936",
            "low": "2.5874",
            "close": "2.5936"
        },
        {
            "time": "09.11.2020 17:26",
            "open": "2.5936",
            "high": "2.5936",
            "low": "2.5936",
            "close": "2.6139"
        },
        {
            "time": "09.11.2020 17:33",
            "open": "2.6139",
            "high": "2.6139",
            "low": "2.6103",
            "close": "2.6167"
        },
        {
            "time": "09.11.2020 17:39",
            "open": "2.6167",
            "high": "2.6167",
            "low": "2.6167",
            "close": "2.6081"
        },
        {
            "time": "09.11.2020 17:40",
            "open": "2.6081",
            "high": "2.6081",
            "low": "2.6081",
            "close": "2.6191"
        },
        {
            "time": "09.11.2020 17:44",
            "open": "2.6191",
            "high": "2.6205",
            "low": "2.6191",
            "close": "2.6238"
        },
        {
            "time": "09.11.2020 17:45",
            "open": "2.6238",
            "high": "2.6744",
            "low": "2.6238",
            "close": "2.6697"
        },
        {
            "time": "09.11.2020 17:46",
            "open": "2.6697",
            "high": "2.671",
            "low": "2.6642",
            "close": "2.6598"
        },
        {
            "time": "09.11.2020 17:47",
            "open": "2.6598",
            "high": "2.6757",
            "low": "2.6598",
            "close": "2.6763"
        },
        {
            "time": "09.11.2020 17:48",
            "open": "2.6763",
            "high": "2.6763",
            "low": "2.6754",
            "close": "2.6804"
        },
        {
            "time": "09.11.2020 17:49",
            "open": "2.6804",
            "high": "2.6941",
            "low": "2.6803",
            "close": "2.6858"
        },
        {
            "time": "09.11.2020 17:50",
            "open": "2.6858",
            "high": "2.6858",
            "low": "2.6846",
            "close": "2.691"
        },
        {
            "time": "09.11.2020 17:51",
            "open": "2.691",
            "high": "2.6913",
            "low": "2.6828",
            "close": "2.6836"
        },
        {
            "time": "09.11.2020 17:52",
            "open": "2.6836",
            "high": "2.6904",
            "low": "2.6836",
            "close": "2.6935"
        },
        {
            "time": "09.11.2020 17:54",
            "open": "2.6935",
            "high": "2.6942",
            "low": "2.6935",
            "close": "2.6868"
        },
        {
            "time": "09.11.2020 17:55",
            "open": "2.6868",
            "high": "2.6977",
            "low": "2.6803",
            "close": "2.6929"
        },
        {
            "time": "09.11.2020 17:56",
            "open": "2.6929",
            "high": "2.6929",
            "low": "2.6914",
            "close": "2.6953"
        },
        {
            "time": "09.11.2020 17:58",
            "open": "2.6953",
            "high": "2.6953",
            "low": "2.6903",
            "close": "2.6853"
        },
        {
            "time": "09.11.2020 18:00",
            "open": "2.6853",
            "high": "2.6853",
            "low": "2.6853",
            "close": "2.6879"
        },
        {
            "time": "09.11.2020 18:06",
            "open": "2.6879",
            "high": "2.6879",
            "low": "2.6879",
            "close": "2.6934"
        },
        {
            "time": "09.11.2020 18:08",
            "open": "2.6934",
            "high": "2.6935",
            "low": "2.6934",
            "close": "2.6944"
        },
        {
            "time": "09.11.2020 18:09",
            "open": "2.6944",
            "high": "2.6944",
            "low": "2.691",
            "close": "2.6861"
        },
        {
            "time": "09.11.2020 18:13",
            "open": "2.6861",
            "high": "2.6861",
            "low": "2.6859",
            "close": "2.6844"
        },
        {
            "time": "09.11.2020 18:16",
            "open": "2.6844",
            "high": "2.6845",
            "low": "2.6778",
            "close": "2.6642"
        },
        {
            "time": "09.11.2020 18:17",
            "open": "2.6642",
            "high": "2.6642",
            "low": "2.6629",
            "close": "2.6603"
        },
        {
            "time": "09.11.2020 18:18",
            "open": "2.6603",
            "high": "2.6625",
            "low": "2.6495",
            "close": "2.65"
        },
        {
            "time": "09.11.2020 18:20",
            "open": "2.65",
            "high": "2.65",
            "low": "2.6435",
            "close": "2.6357"
        },
        {
            "time": "09.11.2020 18:21",
            "open": "2.6357",
            "high": "2.6357",
            "low": "2.6352",
            "close": "2.6391"
        },
        {
            "time": "09.11.2020 18:22",
            "open": "2.6391",
            "high": "2.6525",
            "low": "2.6391",
            "close": "2.656"
        },
        {
            "time": "09.11.2020 18:23",
            "open": "2.656",
            "high": "2.6621",
            "low": "2.656",
            "close": "2.6573"
        },
        {
            "time": "09.11.2020 18:24",
            "open": "2.6573",
            "high": "2.6573",
            "low": "2.6554",
            "close": "2.6547"
        },
        {
            "time": "09.11.2020 18:26",
            "open": "2.6547",
            "high": "2.6547",
            "low": "2.6473",
            "close": "2.6471"
        },
        {
            "time": "09.11.2020 18:33",
            "open": "2.6471",
            "high": "2.6471",
            "low": "2.6471",
            "close": "2.6582"
        },
        {
            "time": "09.11.2020 18:38",
            "open": "2.6582",
            "high": "2.6607",
            "low": "2.6582",
            "close": "2.658"
        },
        {
            "time": "09.11.2020 18:40",
            "open": "2.658",
            "high": "2.6628",
            "low": "2.658",
            "close": "2.657"
        },
        {
            "time": "09.11.2020 18:41",
            "open": "2.657",
            "high": "2.657",
            "low": "2.657",
            "close": "2.6611"
        },
        {
            "time": "09.11.2020 18:43",
            "open": "2.6611",
            "high": "2.6611",
            "low": "2.6594",
            "close": "2.6562"
        },
        {
            "time": "09.11.2020 18:44",
            "open": "2.6562",
            "high": "2.6581",
            "low": "2.6562",
            "close": "2.6586"
        },
        {
            "time": "09.11.2020 18:47",
            "open": "2.6586",
            "high": "2.6586",
            "low": "2.6586",
            "close": "2.6671"
        },
        {
            "time": "09.11.2020 18:49",
            "open": "2.6671",
            "high": "2.6671",
            "low": "2.6671",
            "close": "2.6719"
        },
        {
            "time": "09.11.2020 18:52",
            "open": "2.6719",
            "high": "2.6724",
            "low": "2.6719",
            "close": "2.6705"
        },
        {
            "time": "09.11.2020 18:57",
            "open": "2.6705",
            "high": "2.6705",
            "low": "2.6705",
            "close": "2.6755"
        },
        {
            "time": "09.11.2020 18:58",
            "open": "2.6755",
            "high": "2.6755",
            "low": "2.6755",
            "close": "2.6716"
        },
        {
            "time": "09.11.2020 18:59",
            "open": "2.6716",
            "high": "2.6716",
            "low": "2.6716",
            "close": "2.65"
        },
        {
            "time": "09.11.2020 19:03",
            "open": "2.65",
            "high": "2.65",
            "low": "2.65",
            "close": "2.6466"
        },
        {
            "time": "09.11.2020 19:04",
            "open": "2.6466",
            "high": "2.6466",
            "low": "2.6466",
            "close": "2.6554"
        },
        {
            "time": "09.11.2020 19:08",
            "open": "2.6554",
            "high": "2.6555",
            "low": "2.6554",
            "close": "2.6555"
        },
        {
            "time": "09.11.2020 19:28",
            "open": "2.6555",
            "high": "2.6555",
            "low": "2.6555",
            "close": "2.6629"
        },
        {
            "time": "09.11.2020 19:45",
            "open": "2.6629",
            "high": "2.6629",
            "low": "2.6629",
            "close": "2.6625"
        },
        {
            "time": "09.11.2020 19:46",
            "open": "2.6625",
            "high": "2.6625",
            "low": "2.6624",
            "close": "2.6641"
        },
        {
            "time": "09.11.2020 19:48",
            "open": "2.6624",
            "high": "2.6624",
            "low": "2.6624",
            "close": "2.6439"
        },
        {
            "time": "09.11.2020 19:58",
            "open": "2.6439",
            "high": "2.6439",
            "low": "2.6412",
            "close": "2.6312"
        },
        {
            "time": "09.11.2020 20:01",
            "open": "2.6365",
            "high": "2.6365",
            "low": "2.6365",
            "close": "2.6331"
        },
        {
            "time": "09.11.2020 20:05",
            "open": "2.6331",
            "high": "2.6331",
            "low": "2.6331",
            "close": "2.6335"
        },
        {
            "time": "09.11.2020 20:13",
            "open": "2.632",
            "high": "2.632",
            "low": "2.632",
            "close": "2.635"
        },
        {
            "time": "09.11.2020 20:20",
            "open": "2.635",
            "high": "2.635",
            "low": "2.635",
            "close": "2.6304"
        },
        {
            "time": "09.11.2020 20:25",
            "open": "2.6304",
            "high": "2.6304",
            "low": "2.6304",
            "close": "2.6292"
        },
        {
            "time": "09.11.2020 20:29",
            "open": "2.6292",
            "high": "2.6292",
            "low": "2.6291",
            "close": "2.6282"
        },
        {
            "time": "09.11.2020 20:35",
            "open": "2.6282",
            "high": "2.6282",
            "low": "2.6282",
            "close": "2.6385"
        },
        {
            "time": "09.11.2020 20:49",
            "open": "2.6385",
            "high": "2.6387",
            "low": "2.6385",
            "close": "2.6393"
        },
        {
            "time": "09.11.2020 20:52",
            "open": "2.6393",
            "high": "2.6393",
            "low": "2.6393",
            "close": "2.6304"
        },
        {
            "time": "09.11.2020 20:53",
            "open": "2.6304",
            "high": "2.6304",
            "low": "2.6302",
            "close": "2.6465"
        },
        {
            "time": "09.11.2020 21:02",
            "open": "2.6465",
            "high": "2.6469",
            "low": "2.6465",
            "close": "2.6424"
        },
        {
            "time": "09.11.2020 21:05",
            "open": "2.6424",
            "high": "2.6443",
            "low": "2.6424",
            "close": "2.6436"
        },
        {
            "time": "09.11.2020 21:08",
            "open": "2.6436",
            "high": "2.6436",
            "low": "2.6436",
            "close": "2.6419"
        },
        {
            "time": "09.11.2020 21:23",
            "open": "2.6419",
            "high": "2.6419",
            "low": "2.6419",
            "close": "2.6439"
        },
        {
            "time": "09.11.2020 21:28",
            "open": "2.6439",
            "high": "2.6439",
            "low": "2.6439",
            "close": "2.6471"
        },
        {
            "time": "09.11.2020 21:29",
            "open": "2.6471",
            "high": "2.6474",
            "low": "2.6471",
            "close": "2.6489"
        },
        {
            "time": "09.11.2020 21:30",
            "open": "2.6489",
            "high": "2.6564",
            "low": "2.6489",
            "close": "2.6519"
        },
        {
            "time": "09.11.2020 21:34",
            "open": "2.6519",
            "high": "2.6519",
            "low": "2.6517",
            "close": "2.6557"
        },
        {
            "time": "09.11.2020 21:42",
            "open": "2.6557",
            "high": "2.6557",
            "low": "2.6557",
            "close": "2.655"
        },
        {
            "time": "09.11.2020 21:48",
            "open": "2.6557",
            "high": "2.6557",
            "low": "2.6557",
            "close": "2.649"
        },
        {
            "time": "09.11.2020 21:51",
            "open": "2.649",
            "high": "2.649",
            "low": "2.6486",
            "close": "2.6424"
        },
        {
            "time": "09.11.2020 21:55",
            "open": "2.6424",
            "high": "2.6424",
            "low": "2.6424",
            "close": "2.65"
        },
        {
            "time": "09.11.2020 22:05",
            "open": "2.65",
            "high": "2.65",
            "low": "2.65",
            "close": "2.65"
        },
        {
            "time": "09.11.2020 22:08",
            "open": "2.65",
            "high": "2.65",
            "low": "2.65",
            "close": "2.6568"
        },
        {
            "time": "09.11.2020 22:09",
            "open": "2.6568",
            "high": "2.6568",
            "low": "2.6568",
            "close": "2.6552"
        },
        {
            "time": "09.11.2020 22:11",
            "open": "2.6552",
            "high": "2.6552",
            "low": "2.6552",
            "close": "2.6689"
        },
        {
            "time": "09.11.2020 22:20",
            "open": "2.6689",
            "high": "2.6689",
            "low": "2.6689",
            "close": "2.6654"
        },
        {
            "time": "09.11.2020 22:21",
            "open": "2.6654",
            "high": "2.6654",
            "low": "2.6654",
            "close": "2.6695"
        },
        {
            "time": "09.11.2020 22:31",
            "open": "2.6695",
            "high": "2.6695",
            "low": "2.6695",
            "close": "2.6676"
        },
        {
            "time": "09.11.2020 22:32",
            "open": "2.6676",
            "high": "2.6676",
            "low": "2.6676",
            "close": "2.6672"
        },
        {
            "time": "09.11.2020 22:33",
            "open": "2.6672",
            "high": "2.6672",
            "low": "2.6672",
            "close": "2.6713"
        },
        {
            "time": "09.11.2020 22:34",
            "open": "2.6713",
            "high": "2.6713",
            "low": "2.6713",
            "close": "2.6611"
        },
        {
            "time": "09.11.2020 22:41",
            "open": "2.6611",
            "high": "2.6611",
            "low": "2.6611",
            "close": "2.6496"
        },
        {
            "time": "09.11.2020 22:49",
            "open": "2.6496",
            "high": "2.6496",
            "low": "2.6496",
            "close": "2.6496"
        },
        {
            "time": "09.11.2020 22:50",
            "open": "2.6496",
            "high": "2.6496",
            "low": "2.6496",
            "close": "2.6504"
        },
        {
            "time": "09.11.2020 22:56",
            "open": "2.6504",
            "high": "2.6504",
            "low": "2.6504",
            "close": "2.6613"
        },
        {
            "time": "09.11.2020 22:59",
            "open": "2.6613",
            "high": "2.6614",
            "low": "2.6559",
            "close": "2.6506"
        },
        {
            "time": "09.11.2020 23:00",
            "open": "2.6506",
            "high": "2.6506",
            "low": "2.6506",
            "close": "2.6489"
        },
        {
            "time": "09.11.2020 23:01",
            "open": "2.6489",
            "high": "2.649",
            "low": "2.6489",
            "close": "2.6461"
        },
        {
            "time": "09.11.2020 23:02",
            "open": "2.6461",
            "high": "2.6461",
            "low": "2.6461",
            "close": "2.6513"
        },
        {
            "time": "09.11.2020 23:07",
            "open": "2.6513",
            "high": "2.6514",
            "low": "2.6513",
            "close": "2.6482"
        },
        {
            "time": "09.11.2020 23:22",
            "open": "2.6482",
            "high": "2.6482",
            "low": "2.6482",
            "close": "2.6463"
        },
        {
            "time": "09.11.2020 23:29",
            "open": "2.6463",
            "high": "2.6463",
            "low": "2.6463",
            "close": "2.646"
        },
        {
            "time": "09.11.2020 23:32",
            "open": "2.646",
            "high": "2.646",
            "low": "2.646",
            "close": "2.641"
        },
        {
            "time": "09.11.2020 23:37",
            "open": "2.641",
            "high": "2.641",
            "low": "2.641",
            "close": "2.6426"
        },
        {
            "time": "09.11.2020 23:46",
            "open": "2.6426",
            "high": "2.6426",
            "low": "2.6425",
            "close": "2.6554"
        },
        {
            "time": "09.11.2020 23:51",
            "open": "2.6554",
            "high": "2.6554",
            "low": "2.6554",
            "close": "2.6459"
        },
        {
            "time": "09.11.2020 23:52",
            "open": "2.6459",
            "high": "2.6459",
            "low": "2.6459",
            "close": "2.6415"
        },
        {
            "time": "09.11.2020 23:54",
            "open": "2.6415",
            "high": "2.6415",
            "low": "2.6415",
            "close": "2.6455"
        },
        {
            "time": "09.11.2020 23:55",
            "open": "2.6455",
            "high": "2.6455",
            "low": "2.6455",
            "close": "2.6459"
        },
        {
            "time": "09.11.2020 23:56",
            "open": "2.6459",
            "high": "2.6459",
            "low": "2.6459",
            "close": "2.6523"
        }
    ]
}