{
    "OMG-EUR": [
        {
            "time": "29.12.2020 23:58",
            "open": "2.0826",
            "high": "2.0826",
            "low": "2.0826",
            "close": "2.0762"
        },
        {
            "time": "30.12.2020 00:00",
            "open": "2.0762",
            "high": "2.0762",
            "low": "2.0762",
            "close": "2.0742"
        },
        {
            "time": "30.12.2020 00:04",
            "open": "2.0742",
            "high": "2.0744",
            "low": "2.0742",
            "close": "2.07"
        },
        {
            "time": "30.12.2020 00:07",
            "open": "2.07",
            "high": "2.07",
            "low": "2.07",
            "close": "2.0774"
        },
        {
            "time": "30.12.2020 00:17",
            "open": "2.0774",
            "high": "2.0774",
            "low": "2.0774",
            "close": "2.081"
        },
        {
            "time": "30.12.2020 00:20",
            "open": "2.081",
            "high": "2.081",
            "low": "2.081",
            "close": "2.0716"
        },
        {
            "time": "30.12.2020 00:23",
            "open": "2.0716",
            "high": "2.0716",
            "low": "2.0716",
            "close": "2.0844"
        },
        {
            "time": "30.12.2020 00:29",
            "open": "2.0844",
            "high": "2.0844",
            "low": "2.0844",
            "close": "2.0843"
        },
        {
            "time": "30.12.2020 00:31",
            "open": "2.0843",
            "high": "2.0843",
            "low": "2.0843",
            "close": "2.0878"
        },
        {
            "time": "30.12.2020 00:33",
            "open": "2.0878",
            "high": "2.0878",
            "low": "2.0878",
            "close": "2.0861"
        },
        {
            "time": "30.12.2020 00:35",
            "open": "2.0861",
            "high": "2.0861",
            "low": "2.0861",
            "close": "2.088"
        },
        {
            "time": "30.12.2020 00:44",
            "open": "2.088",
            "high": "2.088",
            "low": "2.088",
            "close": "2.0918"
        },
        {
            "time": "30.12.2020 00:45",
            "open": "2.0918",
            "high": "2.0918",
            "low": "2.0918",
            "close": "2.0946"
        },
        {
            "time": "30.12.2020 00:47",
            "open": "2.0946",
            "high": "2.0946",
            "low": "2.0946",
            "close": "2.0998"
        },
        {
            "time": "30.12.2020 00:48",
            "open": "2.0998",
            "high": "2.1054",
            "low": "2.0998",
            "close": "2.1048"
        },
        {
            "time": "30.12.2020 00:52",
            "open": "2.1048",
            "high": "2.1048",
            "low": "2.1048",
            "close": "2.0975"
        },
        {
            "time": "30.12.2020 00:53",
            "open": "2.0975",
            "high": "2.0975",
            "low": "2.0975",
            "close": "2.0975"
        },
        {
            "time": "30.12.2020 00:55",
            "open": "2.0975",
            "high": "2.0975",
            "low": "2.0975",
            "close": "2.0959"
        },
        {
            "time": "30.12.2020 00:58",
            "open": "2.0959",
            "high": "2.0959",
            "low": "2.0959",
            "close": "2.0893"
        },
        {
            "time": "30.12.2020 00:59",
            "open": "2.0893",
            "high": "2.0903",
            "low": "2.0893",
            "close": "2.0953"
        },
        {
            "time": "30.12.2020 01:00",
            "open": "2.0953",
            "high": "2.1082",
            "low": "2.0953",
            "close": "2.1031"
        },
        {
            "time": "30.12.2020 01:01",
            "open": "2.1031",
            "high": "2.1032",
            "low": "2.1031",
            "close": "2.1059"
        },
        {
            "time": "30.12.2020 01:03",
            "open": "2.1059",
            "high": "2.1059",
            "low": "2.1059",
            "close": "2.0972"
        },
        {
            "time": "30.12.2020 01:04",
            "open": "2.0972",
            "high": "2.0972",
            "low": "2.0972",
            "close": "2.0991"
        },
        {
            "time": "30.12.2020 01:05",
            "open": "2.0991",
            "high": "2.0991",
            "low": "2.0991",
            "close": "2.0964"
        },
        {
            "time": "30.12.2020 01:06",
            "open": "2.0964",
            "high": "2.0964",
            "low": "2.0964",
            "close": "2.0947"
        },
        {
            "time": "30.12.2020 01:07",
            "open": "2.0947",
            "high": "2.0947",
            "low": "2.0947",
            "close": "2.0917"
        },
        {
            "time": "30.12.2020 01:08",
            "open": "2.0917",
            "high": "2.0917",
            "low": "2.0917",
            "close": "2.0893"
        },
        {
            "time": "30.12.2020 01:11",
            "open": "2.0893",
            "high": "2.0893",
            "low": "2.0813",
            "close": "2.0813"
        },
        {
            "time": "30.12.2020 01:12",
            "open": "2.0813",
            "high": "2.0814",
            "low": "2.0813",
            "close": "2.0922"
        },
        {
            "time": "30.12.2020 01:16",
            "open": "2.0922",
            "high": "2.0922",
            "low": "2.0893",
            "close": "2.0881"
        },
        {
            "time": "30.12.2020 01:17",
            "open": "2.0881",
            "high": "2.0882",
            "low": "2.0881",
            "close": "2.0888"
        },
        {
            "time": "30.12.2020 01:18",
            "open": "2.0888",
            "high": "2.0888",
            "low": "2.0869",
            "close": "2.0833"
        },
        {
            "time": "30.12.2020 01:22",
            "open": "2.0833",
            "high": "2.0833",
            "low": "2.0833",
            "close": "2.0831"
        },
        {
            "time": "30.12.2020 01:25",
            "open": "2.0831",
            "high": "2.0831",
            "low": "2.0795",
            "close": "2.086"
        },
        {
            "time": "30.12.2020 01:28",
            "open": "2.086",
            "high": "2.086",
            "low": "2.086",
            "close": "2.0855"
        },
        {
            "time": "30.12.2020 01:29",
            "open": "2.0855",
            "high": "2.0855",
            "low": "2.0844",
            "close": "2.079"
        },
        {
            "time": "30.12.2020 01:32",
            "open": "2.079",
            "high": "2.079",
            "low": "2.079",
            "close": "2.0715"
        },
        {
            "time": "30.12.2020 01:33",
            "open": "2.0715",
            "high": "2.0715",
            "low": "2.0715",
            "close": "2.0773"
        },
        {
            "time": "30.12.2020 01:41",
            "open": "2.0773",
            "high": "2.0773",
            "low": "2.0773",
            "close": "2.0879"
        },
        {
            "time": "30.12.2020 01:45",
            "open": "2.0879",
            "high": "2.0879",
            "low": "2.0879",
            "close": "2.0928"
        },
        {
            "time": "30.12.2020 01:49",
            "open": "2.0928",
            "high": "2.0928",
            "low": "2.0928",
            "close": "2.0846"
        },
        {
            "time": "30.12.2020 01:52",
            "open": "2.0846",
            "high": "2.0899",
            "low": "2.0846",
            "close": "2.0959"
        },
        {
            "time": "30.12.2020 01:54",
            "open": "2.0959",
            "high": "2.096",
            "low": "2.0948",
            "close": "2.0926"
        },
        {
            "time": "30.12.2020 01:56",
            "open": "2.0926",
            "high": "2.0926",
            "low": "2.0926",
            "close": "2.0968"
        },
        {
            "time": "30.12.2020 01:59",
            "open": "2.0968",
            "high": "2.0968",
            "low": "2.0968",
            "close": "2.0968"
        },
        {
            "time": "30.12.2020 02:00",
            "open": "2.0968",
            "high": "2.0968",
            "low": "2.0968",
            "close": "2.0964"
        },
        {
            "time": "30.12.2020 02:01",
            "open": "2.0964",
            "high": "2.0964",
            "low": "2.0964",
            "close": "2.0962"
        },
        {
            "time": "30.12.2020 02:11",
            "open": "2.0962",
            "high": "2.0962",
            "low": "2.0962",
            "close": "2.0936"
        },
        {
            "time": "30.12.2020 02:13",
            "open": "2.0936",
            "high": "2.0936",
            "low": "2.0936",
            "close": "2.0951"
        },
        {
            "time": "30.12.2020 02:18",
            "open": "2.0951",
            "high": "2.0951",
            "low": "2.0951",
            "close": "2.0898"
        },
        {
            "time": "30.12.2020 02:19",
            "open": "2.0898",
            "high": "2.0926",
            "low": "2.0875",
            "close": "2.0911"
        },
        {
            "time": "30.12.2020 02:24",
            "open": "2.0911",
            "high": "2.0911",
            "low": "2.0901",
            "close": "2.0971"
        },
        {
            "time": "30.12.2020 02:25",
            "open": "2.0971",
            "high": "2.0971",
            "low": "2.0966",
            "close": "2.1"
        },
        {
            "time": "30.12.2020 02:26",
            "open": "2.1",
            "high": "2.1",
            "low": "2.1",
            "close": "2.097"
        },
        {
            "time": "30.12.2020 02:27",
            "open": "2.097",
            "high": "2.097",
            "low": "2.097",
            "close": "2.0903"
        },
        {
            "time": "30.12.2020 02:39",
            "open": "2.0903",
            "high": "2.0903",
            "low": "2.0903",
            "close": "2.0782"
        },
        {
            "time": "30.12.2020 02:56",
            "open": "2.0782",
            "high": "2.0782",
            "low": "2.0781",
            "close": "2.0793"
        },
        {
            "time": "30.12.2020 03:01",
            "open": "2.0793",
            "high": "2.0793",
            "low": "2.0793",
            "close": "2.0677"
        },
        {
            "time": "30.12.2020 03:04",
            "open": "2.0677",
            "high": "2.0677",
            "low": "2.0676",
            "close": "2.0676"
        },
        {
            "time": "30.12.2020 03:06",
            "open": "2.0676",
            "high": "2.0676",
            "low": "2.0676",
            "close": "2.0713"
        },
        {
            "time": "30.12.2020 03:14",
            "open": "2.0713",
            "high": "2.0713",
            "low": "2.0713",
            "close": "2.0723"
        },
        {
            "time": "30.12.2020 03:18",
            "open": "2.0723",
            "high": "2.0723",
            "low": "2.0713",
            "close": "2.0722"
        },
        {
            "time": "30.12.2020 03:34",
            "open": "2.0722",
            "high": "2.0722",
            "low": "2.0722",
            "close": "2.0649"
        },
        {
            "time": "30.12.2020 03:45",
            "open": "2.0649",
            "high": "2.0649",
            "low": "2.0649",
            "close": "2.0676"
        },
        {
            "time": "30.12.2020 03:47",
            "open": "2.0676",
            "high": "2.0676",
            "low": "2.0676",
            "close": "2.0638"
        },
        {
            "time": "30.12.2020 03:48",
            "open": "2.0638",
            "high": "2.0638",
            "low": "2.0638",
            "close": "2.065"
        },
        {
            "time": "30.12.2020 03:55",
            "open": "2.065",
            "high": "2.065",
            "low": "2.065",
            "close": "2.065"
        },
        {
            "time": "30.12.2020 04:01",
            "open": "2.065",
            "high": "2.065",
            "low": "2.065",
            "close": "2.065"
        },
        {
            "time": "30.12.2020 04:02",
            "open": "2.065",
            "high": "2.065",
            "low": "2.065",
            "close": "2.0687"
        },
        {
            "time": "30.12.2020 04:17",
            "open": "2.0687",
            "high": "2.0687",
            "low": "2.0687",
            "close": "2.0687"
        },
        {
            "time": "30.12.2020 04:18",
            "open": "2.0687",
            "high": "2.0687",
            "low": "2.0687",
            "close": "2.0579"
        },
        {
            "time": "30.12.2020 04:59",
            "open": "2.0579",
            "high": "2.0579",
            "low": "2.0552",
            "close": "2.0548"
        },
        {
            "time": "30.12.2020 05:02",
            "open": "2.0548",
            "high": "2.0548",
            "low": "2.0548",
            "close": "2.05"
        },
        {
            "time": "30.12.2020 05:11",
            "open": "2.05",
            "high": "2.05",
            "low": "2.05",
            "close": "2.0496"
        },
        {
            "time": "30.12.2020 05:12",
            "open": "2.0496",
            "high": "2.0496",
            "low": "2.0496",
            "close": "2.0419"
        },
        {
            "time": "30.12.2020 05:13",
            "open": "2.0419",
            "high": "2.0419",
            "low": "2.0419",
            "close": "2.0378"
        },
        {
            "time": "30.12.2020 05:15",
            "open": "2.0378",
            "high": "2.0378",
            "low": "2.0378",
            "close": "2.035"
        },
        {
            "time": "30.12.2020 05:16",
            "open": "2.035",
            "high": "2.0358",
            "low": "2.035",
            "close": "2.043"
        },
        {
            "time": "30.12.2020 05:28",
            "open": "2.043",
            "high": "2.043",
            "low": "2.043",
            "close": "2.0386"
        },
        {
            "time": "30.12.2020 05:30",
            "open": "2.0386",
            "high": "2.0386",
            "low": "2.0386",
            "close": "2.05"
        },
        {
            "time": "30.12.2020 05:36",
            "open": "2.05",
            "high": "2.05",
            "low": "2.05",
            "close": "2.05"
        },
        {
            "time": "30.12.2020 05:40",
            "open": "2.05",
            "high": "2.05",
            "low": "2.05",
            "close": "2.0556"
        },
        {
            "time": "30.12.2020 05:43",
            "open": "2.0556",
            "high": "2.0566",
            "low": "2.0556",
            "close": "2.0493"
        },
        {
            "time": "30.12.2020 05:51",
            "open": "2.0493",
            "high": "2.0508",
            "low": "2.0487",
            "close": "2.0482"
        },
        {
            "time": "30.12.2020 05:56",
            "open": "2.0482",
            "high": "2.0482",
            "low": "2.0481",
            "close": "2.0482"
        },
        {
            "time": "30.12.2020 06:00",
            "open": "2.0482",
            "high": "2.0482",
            "low": "2.0482",
            "close": "2.0526"
        },
        {
            "time": "30.12.2020 06:11",
            "open": "2.0526",
            "high": "2.0526",
            "low": "2.0526",
            "close": "2.0526"
        },
        {
            "time": "30.12.2020 06:16",
            "open": "2.0526",
            "high": "2.0526",
            "low": "2.0526",
            "close": "2.0476"
        },
        {
            "time": "30.12.2020 06:32",
            "open": "2.0476",
            "high": "2.0476",
            "low": "2.0476",
            "close": "2.045"
        },
        {
            "time": "30.12.2020 06:34",
            "open": "2.045",
            "high": "2.045",
            "low": "2.045",
            "close": "2.0367"
        },
        {
            "time": "30.12.2020 06:39",
            "open": "2.0367",
            "high": "2.0367",
            "low": "2.0342",
            "close": "2.0465"
        },
        {
            "time": "30.12.2020 06:48",
            "open": "2.0465",
            "high": "2.0465",
            "low": "2.0465",
            "close": "2.0415"
        },
        {
            "time": "30.12.2020 06:53",
            "open": "2.0415",
            "high": "2.0415",
            "low": "2.0415",
            "close": "2.05"
        },
        {
            "time": "30.12.2020 07:01",
            "open": "2.05",
            "high": "2.05",
            "low": "2.05",
            "close": "2.05"
        },
        {
            "time": "30.12.2020 07:03",
            "open": "2.05",
            "high": "2.05",
            "low": "2.05",
            "close": "2.0443"
        },
        {
            "time": "30.12.2020 07:04",
            "open": "2.0443",
            "high": "2.0443",
            "low": "2.0443",
            "close": "2.0496"
        },
        {
            "time": "30.12.2020 07:05",
            "open": "2.0496",
            "high": "2.0496",
            "low": "2.0496",
            "close": "2.0504"
        },
        {
            "time": "30.12.2020 07:15",
            "open": "2.0504",
            "high": "2.0504",
            "low": "2.0504",
            "close": "2.0385"
        },
        {
            "time": "30.12.2020 07:36",
            "open": "2.0385",
            "high": "2.0385",
            "low": "2.0385",
            "close": "2.0345"
        },
        {
            "time": "30.12.2020 07:39",
            "open": "2.0345",
            "high": "2.0346",
            "low": "2.0288",
            "close": "2.0286"
        },
        {
            "time": "30.12.2020 07:56",
            "open": "2.0286",
            "high": "2.0286",
            "low": "2.0286",
            "close": "2.0286"
        },
        {
            "time": "30.12.2020 08:03",
            "open": "2.0286",
            "high": "2.0286",
            "low": "2.0286",
            "close": "2.0303"
        },
        {
            "time": "30.12.2020 08:10",
            "open": "2.0303",
            "high": "2.0303",
            "low": "2.0303",
            "close": "2.0327"
        },
        {
            "time": "30.12.2020 08:12",
            "open": "2.0327",
            "high": "2.0327",
            "low": "2.0327",
            "close": "2.0608"
        },
        {
            "time": "30.12.2020 08:24",
            "open": "2.0608",
            "high": "2.0608",
            "low": "2.0581",
            "close": "2.0512"
        },
        {
            "time": "30.12.2020 08:29",
            "open": "2.0512",
            "high": "2.0512",
            "low": "2.05",
            "close": "2.039"
        },
        {
            "time": "30.12.2020 08:32",
            "open": "2.039",
            "high": "2.039",
            "low": "2.039",
            "close": "2.0467"
        },
        {
            "time": "30.12.2020 08:39",
            "open": "2.0467",
            "high": "2.0467",
            "low": "2.0467",
            "close": "2.0423"
        },
        {
            "time": "30.12.2020 08:47",
            "open": "2.0423",
            "high": "2.0423",
            "low": "2.0423",
            "close": "2.0393"
        },
        {
            "time": "30.12.2020 08:50",
            "open": "2.0393",
            "high": "2.0393",
            "low": "2.0392",
            "close": "2.0475"
        },
        {
            "time": "30.12.2020 09:02",
            "open": "2.0475",
            "high": "2.0475",
            "low": "2.0475",
            "close": "2.0473"
        },
        {
            "time": "30.12.2020 09:04",
            "open": "2.0473",
            "high": "2.0473",
            "low": "2.0473",
            "close": "2.0526"
        },
        {
            "time": "30.12.2020 09:11",
            "open": "2.0526",
            "high": "2.0526",
            "low": "2.0525",
            "close": "2.0626"
        },
        {
            "time": "30.12.2020 09:20",
            "open": "2.0626",
            "high": "2.0643",
            "low": "2.0626",
            "close": "2.0592"
        },
        {
            "time": "30.12.2020 09:22",
            "open": "2.0592",
            "high": "2.0592",
            "low": "2.0592",
            "close": "2.0578"
        },
        {
            "time": "30.12.2020 09:24",
            "open": "2.0578",
            "high": "2.0578",
            "low": "2.0578",
            "close": "2.051"
        },
        {
            "time": "30.12.2020 09:27",
            "open": "2.051",
            "high": "2.051",
            "low": "2.049",
            "close": "2.0468"
        },
        {
            "time": "30.12.2020 09:28",
            "open": "2.0468",
            "high": "2.0468",
            "low": "2.0257",
            "close": "2.0349"
        },
        {
            "time": "30.12.2020 09:29",
            "open": "2.0349",
            "high": "2.0427",
            "low": "2.0349",
            "close": "2.0378"
        },
        {
            "time": "30.12.2020 09:31",
            "open": "2.0378",
            "high": "2.0378",
            "low": "2.0378",
            "close": "2.0351"
        },
        {
            "time": "30.12.2020 09:32",
            "open": "2.0351",
            "high": "2.0351",
            "low": "2.0351",
            "close": "2.0387"
        },
        {
            "time": "30.12.2020 09:33",
            "open": "2.0387",
            "high": "2.0387",
            "low": "2.0378",
            "close": "2.0452"
        },
        {
            "time": "30.12.2020 09:35",
            "open": "2.0452",
            "high": "2.0474",
            "low": "2.0452",
            "close": "2.0454"
        },
        {
            "time": "30.12.2020 09:36",
            "open": "2.0454",
            "high": "2.0454",
            "low": "2.0454",
            "close": "2.0644"
        },
        {
            "time": "30.12.2020 09:42",
            "open": "2.0644",
            "high": "2.0644",
            "low": "2.0644",
            "close": "2.0616"
        },
        {
            "time": "30.12.2020 09:45",
            "open": "2.0616",
            "high": "2.0616",
            "low": "2.0616",
            "close": "2.0559"
        },
        {
            "time": "30.12.2020 09:47",
            "open": "2.0559",
            "high": "2.0559",
            "low": "2.0453",
            "close": "2.0397"
        },
        {
            "time": "30.12.2020 09:48",
            "open": "2.0397",
            "high": "2.0419",
            "low": "2.0397",
            "close": "2.0445"
        },
        {
            "time": "30.12.2020 09:49",
            "open": "2.0445",
            "high": "2.0445",
            "low": "2.0445",
            "close": "2.0298"
        },
        {
            "time": "30.12.2020 09:50",
            "open": "2.0298",
            "high": "2.0299",
            "low": "2.0297",
            "close": "2.041"
        },
        {
            "time": "30.12.2020 09:53",
            "open": "2.041",
            "high": "2.041",
            "low": "2.0353",
            "close": "2.0353"
        },
        {
            "time": "30.12.2020 10:00",
            "open": "2.0353",
            "high": "2.0353",
            "low": "2.0353",
            "close": "2.0399"
        },
        {
            "time": "30.12.2020 10:01",
            "open": "2.0399",
            "high": "2.0399",
            "low": "2.0283",
            "close": "2.0256"
        },
        {
            "time": "30.12.2020 10:02",
            "open": "2.0256",
            "high": "2.0272",
            "low": "2.0189",
            "close": "2.0185"
        },
        {
            "time": "30.12.2020 10:03",
            "open": "2.0185",
            "high": "2.0203",
            "low": "2.0185",
            "close": "2.034"
        },
        {
            "time": "30.12.2020 10:08",
            "open": "2.034",
            "high": "2.034",
            "low": "2.034",
            "close": "2.0331"
        },
        {
            "time": "30.12.2020 10:10",
            "open": "2.0331",
            "high": "2.0331",
            "low": "2.0331",
            "close": "2.0311"
        },
        {
            "time": "30.12.2020 10:12",
            "open": "2.0311",
            "high": "2.0311",
            "low": "2.0311",
            "close": "2.0443"
        },
        {
            "time": "30.12.2020 10:18",
            "open": "2.0443",
            "high": "2.0443",
            "low": "2.0443",
            "close": "2.0443"
        },
        {
            "time": "30.12.2020 10:19",
            "open": "2.0443",
            "high": "2.0443",
            "low": "2.0443",
            "close": "2.0523"
        },
        {
            "time": "30.12.2020 10:31",
            "open": "2.0523",
            "high": "2.0523",
            "low": "2.0523",
            "close": "2.0517"
        },
        {
            "time": "30.12.2020 10:37",
            "open": "2.0517",
            "high": "2.0517",
            "low": "2.0517",
            "close": "2.0436"
        },
        {
            "time": "30.12.2020 10:40",
            "open": "2.0436",
            "high": "2.0436",
            "low": "2.0436",
            "close": "2.0413"
        },
        {
            "time": "30.12.2020 10:47",
            "open": "2.0413",
            "high": "2.0413",
            "low": "2.0412",
            "close": "2.0415"
        },
        {
            "time": "30.12.2020 10:54",
            "open": "2.0415",
            "high": "2.0415",
            "low": "2.0415",
            "close": "2.0379"
        },
        {
            "time": "30.12.2020 10:58",
            "open": "2.0379",
            "high": "2.0379",
            "low": "2.0379",
            "close": "2.0366"
        },
        {
            "time": "30.12.2020 11:09",
            "open": "2.0366",
            "high": "2.0366",
            "low": "2.0366",
            "close": "2.0366"
        },
        {
            "time": "30.12.2020 11:10",
            "open": "2.0366",
            "high": "2.0367",
            "low": "2.0366",
            "close": "2.032"
        },
        {
            "time": "30.12.2020 11:11",
            "open": "2.032",
            "high": "2.032",
            "low": "2.032",
            "close": "2.0311"
        },
        {
            "time": "30.12.2020 11:12",
            "open": "2.0311",
            "high": "2.0311",
            "low": "2.031",
            "close": "2.0343"
        },
        {
            "time": "30.12.2020 11:15",
            "open": "2.0343",
            "high": "2.0343",
            "low": "2.0343",
            "close": "2.0344"
        },
        {
            "time": "30.12.2020 11:16",
            "open": "2.0344",
            "high": "2.0344",
            "low": "2.0344",
            "close": "2.0554"
        },
        {
            "time": "30.12.2020 11:27",
            "open": "2.0554",
            "high": "2.0557",
            "low": "2.0554",
            "close": "2.0484"
        },
        {
            "time": "30.12.2020 11:37",
            "open": "2.0484",
            "high": "2.0487",
            "low": "2.0484",
            "close": "2.0571"
        },
        {
            "time": "30.12.2020 11:40",
            "open": "2.0571",
            "high": "2.0571",
            "low": "2.0571",
            "close": "2.0485"
        },
        {
            "time": "30.12.2020 11:44",
            "open": "2.0485",
            "high": "2.0485",
            "low": "2.0452",
            "close": "2.0481"
        },
        {
            "time": "30.12.2020 11:51",
            "open": "2.0481",
            "high": "2.0481",
            "low": "2.0479",
            "close": "2.0454"
        },
        {
            "time": "30.12.2020 11:55",
            "open": "2.0454",
            "high": "2.0454",
            "low": "2.0452",
            "close": "2.0374"
        },
        {
            "time": "30.12.2020 11:56",
            "open": "2.0374",
            "high": "2.0374",
            "low": "2.0373",
            "close": "2.0422"
        },
        {
            "time": "30.12.2020 11:58",
            "open": "2.0422",
            "high": "2.0422",
            "low": "2.0422",
            "close": "2.0471"
        },
        {
            "time": "30.12.2020 12:04",
            "open": "2.0471",
            "high": "2.0472",
            "low": "2.0471",
            "close": "2.042"
        },
        {
            "time": "30.12.2020 12:05",
            "open": "2.042",
            "high": "2.042",
            "low": "2.042",
            "close": "2.0461"
        },
        {
            "time": "30.12.2020 12:06",
            "open": "2.0461",
            "high": "2.0462",
            "low": "2.0461",
            "close": "2.0374"
        },
        {
            "time": "30.12.2020 12:16",
            "open": "2.0374",
            "high": "2.0385",
            "low": "2.0374",
            "close": "2.0357"
        },
        {
            "time": "30.12.2020 12:18",
            "open": "2.0357",
            "high": "2.0357",
            "low": "2.0316",
            "close": "2.0316"
        },
        {
            "time": "30.12.2020 12:21",
            "open": "2.0316",
            "high": "2.0316",
            "low": "2.0316",
            "close": "2.0336"
        },
        {
            "time": "30.12.2020 12:27",
            "open": "2.0336",
            "high": "2.0336",
            "low": "2.0336",
            "close": "2.0339"
        },
        {
            "time": "30.12.2020 12:29",
            "open": "2.0339",
            "high": "2.0348",
            "low": "2.0339",
            "close": "2.0316"
        },
        {
            "time": "30.12.2020 12:31",
            "open": "2.0316",
            "high": "2.0316",
            "low": "2.0316",
            "close": "2.0139"
        },
        {
            "time": "30.12.2020 12:34",
            "open": "2.0139",
            "high": "2.0139",
            "low": "2.009",
            "close": "2.0087"
        },
        {
            "time": "30.12.2020 12:35",
            "open": "2.0087",
            "high": "2.0087",
            "low": "2.0087",
            "close": "2.015"
        },
        {
            "time": "30.12.2020 12:36",
            "open": "2.015",
            "high": "2.015",
            "low": "2.015",
            "close": "2.0147"
        },
        {
            "time": "30.12.2020 12:37",
            "open": "2.0147",
            "high": "2.0147",
            "low": "2.0102",
            "close": "2.0046"
        },
        {
            "time": "30.12.2020 12:38",
            "open": "2.0046",
            "high": "2.0046",
            "low": "2",
            "close": "1.9983"
        },
        {
            "time": "30.12.2020 12:39",
            "open": "1.9983",
            "high": "1.9983",
            "low": "1.9962",
            "close": "2.0032"
        },
        {
            "time": "30.12.2020 12:40",
            "open": "2.0032",
            "high": "2.0069",
            "low": "2.0032",
            "close": "2.0069"
        },
        {
            "time": "30.12.2020 12:41",
            "open": "2.0069",
            "high": "2.007",
            "low": "2.0007",
            "close": "2.0005"
        },
        {
            "time": "30.12.2020 12:42",
            "open": "2.0005",
            "high": "2.002",
            "low": "2.0005",
            "close": "2.0076"
        },
        {
            "time": "30.12.2020 12:44",
            "open": "2.0076",
            "high": "2.0102",
            "low": "2.0076",
            "close": "2.012"
        },
        {
            "time": "30.12.2020 12:45",
            "open": "2.012",
            "high": "2.012",
            "low": "2.012",
            "close": "2.0103"
        },
        {
            "time": "30.12.2020 12:47",
            "open": "2.0103",
            "high": "2.0103",
            "low": "2.0103",
            "close": "2.0134"
        },
        {
            "time": "30.12.2020 12:48",
            "open": "2.0134",
            "high": "2.0134",
            "low": "2.0134",
            "close": "2.0101"
        },
        {
            "time": "30.12.2020 12:51",
            "open": "2.0101",
            "high": "2.0101",
            "low": "2.01",
            "close": "2.0124"
        },
        {
            "time": "30.12.2020 12:52",
            "open": "2.0124",
            "high": "2.0124",
            "low": "2.0124",
            "close": "2.0142"
        },
        {
            "time": "30.12.2020 12:55",
            "open": "2.0142",
            "high": "2.0142",
            "low": "2.0142",
            "close": "2.0058"
        },
        {
            "time": "30.12.2020 12:57",
            "open": "2.0058",
            "high": "2.0058",
            "low": "2.0058",
            "close": "2.0203"
        },
        {
            "time": "30.12.2020 12:59",
            "open": "2.0203",
            "high": "2.0203",
            "low": "2.0203",
            "close": "2.0133"
        },
        {
            "time": "30.12.2020 13:00",
            "open": "2.0133",
            "high": "2.0141",
            "low": "2.0133",
            "close": "2.016"
        },
        {
            "time": "30.12.2020 13:02",
            "open": "2.016",
            "high": "2.0166",
            "low": "2.0159",
            "close": "2.0121"
        },
        {
            "time": "30.12.2020 13:05",
            "open": "2.0121",
            "high": "2.0122",
            "low": "2.0121",
            "close": "2.0169"
        },
        {
            "time": "30.12.2020 13:06",
            "open": "2.0169",
            "high": "2.0169",
            "low": "2.0169",
            "close": "2.0014"
        },
        {
            "time": "30.12.2020 13:12",
            "open": "2.0014",
            "high": "2.0014",
            "low": "2",
            "close": "2"
        },
        {
            "time": "30.12.2020 13:13",
            "open": "2",
            "high": "2",
            "low": "2",
            "close": "2"
        },
        {
            "time": "30.12.2020 13:14",
            "open": "2",
            "high": "2",
            "low": "2",
            "close": "2.0033"
        },
        {
            "time": "30.12.2020 13:17",
            "open": "2.0033",
            "high": "2.0034",
            "low": "2.0033",
            "close": "2.0034"
        },
        {
            "time": "30.12.2020 13:21",
            "open": "2.0034",
            "high": "2.0034",
            "low": "2.0034",
            "close": "2.004"
        },
        {
            "time": "30.12.2020 13:22",
            "open": "2.004",
            "high": "2.004",
            "low": "2.0039",
            "close": "2.0084"
        },
        {
            "time": "30.12.2020 13:23",
            "open": "2.0084",
            "high": "2.0084",
            "low": "2.0084",
            "close": "2.0109"
        },
        {
            "time": "30.12.2020 13:25",
            "open": "2.0109",
            "high": "2.0115",
            "low": "2.0109",
            "close": "2.0036"
        },
        {
            "time": "30.12.2020 13:29",
            "open": "2.0036",
            "high": "2.0036",
            "low": "2.0036",
            "close": "2.0058"
        },
        {
            "time": "30.12.2020 13:30",
            "open": "2.0058",
            "high": "2.0062",
            "low": "2.0058",
            "close": "2.0176"
        },
        {
            "time": "30.12.2020 13:38",
            "open": "2.0176",
            "high": "2.0178",
            "low": "2.0176",
            "close": "2.0212"
        },
        {
            "time": "30.12.2020 13:48",
            "open": "2.0212",
            "high": "2.0212",
            "low": "2.0212",
            "close": "2.0262"
        },
        {
            "time": "30.12.2020 13:49",
            "open": "2.0262",
            "high": "2.0262",
            "low": "2.0247",
            "close": "2.0259"
        },
        {
            "time": "30.12.2020 13:56",
            "open": "2.0259",
            "high": "2.0259",
            "low": "2.0259",
            "close": "2.0237"
        },
        {
            "time": "30.12.2020 13:58",
            "open": "2.0237",
            "high": "2.0237",
            "low": "2.0237",
            "close": "2.015"
        },
        {
            "time": "30.12.2020 14:07",
            "open": "2.015",
            "high": "2.015",
            "low": "2.015",
            "close": "2.0208"
        },
        {
            "time": "30.12.2020 14:10",
            "open": "2.0208",
            "high": "2.0208",
            "low": "2.0208",
            "close": "2.028"
        },
        {
            "time": "30.12.2020 14:12",
            "open": "2.028",
            "high": "2.0318",
            "low": "2.028",
            "close": "2.0272"
        },
        {
            "time": "30.12.2020 14:13",
            "open": "2.0272",
            "high": "2.0318",
            "low": "2.0272",
            "close": "2.0251"
        },
        {
            "time": "30.12.2020 14:14",
            "open": "2.0251",
            "high": "2.0251",
            "low": "2.0251",
            "close": "2.023"
        },
        {
            "time": "30.12.2020 14:17",
            "open": "2.023",
            "high": "2.023",
            "low": "2.023",
            "close": "2.029"
        },
        {
            "time": "30.12.2020 14:37",
            "open": "2.029",
            "high": "2.0295",
            "low": "2.029",
            "close": "2.0292"
        },
        {
            "time": "30.12.2020 14:38",
            "open": "2.0292",
            "high": "2.0292",
            "low": "2.0292",
            "close": "2.0305"
        },
        {
            "time": "30.12.2020 14:42",
            "open": "2.0305",
            "high": "2.0305",
            "low": "2.0305",
            "close": "2.0351"
        },
        {
            "time": "30.12.2020 14:47",
            "open": "2.0351",
            "high": "2.0351",
            "low": "2.0299",
            "close": "2.0305"
        },
        {
            "time": "30.12.2020 14:48",
            "open": "2.0305",
            "high": "2.0306",
            "low": "2.029",
            "close": "2.0294"
        },
        {
            "time": "30.12.2020 14:49",
            "open": "2.0294",
            "high": "2.0295",
            "low": "2.0294",
            "close": "2.0304"
        },
        {
            "time": "30.12.2020 14:53",
            "open": "2.0304",
            "high": "2.0304",
            "low": "2.0304",
            "close": "2.0207"
        },
        {
            "time": "30.12.2020 14:58",
            "open": "2.0207",
            "high": "2.0207",
            "low": "2.0207",
            "close": "2.0237"
        },
        {
            "time": "30.12.2020 15:05",
            "open": "2.0237",
            "high": "2.0237",
            "low": "2.0237",
            "close": "2.028"
        },
        {
            "time": "30.12.2020 15:06",
            "open": "2.028",
            "high": "2.028",
            "low": "2.028",
            "close": "2.0256"
        },
        {
            "time": "30.12.2020 15:08",
            "open": "2.0256",
            "high": "2.0256",
            "low": "2.0256",
            "close": "2.023"
        },
        {
            "time": "30.12.2020 15:12",
            "open": "2.023",
            "high": "2.0273",
            "low": "2.0229",
            "close": "2.0338"
        },
        {
            "time": "30.12.2020 15:14",
            "open": "2.0338",
            "high": "2.0338",
            "low": "2.0338",
            "close": "2.0286"
        },
        {
            "time": "30.12.2020 15:15",
            "open": "2.0286",
            "high": "2.0286",
            "low": "2.0285",
            "close": "2.0315"
        },
        {
            "time": "30.12.2020 15:16",
            "open": "2.0315",
            "high": "2.0315",
            "low": "2.0315",
            "close": "2.0338"
        },
        {
            "time": "30.12.2020 15:17",
            "open": "2.0338",
            "high": "2.0338",
            "low": "2.0338",
            "close": "2.0467"
        },
        {
            "time": "30.12.2020 15:18",
            "open": "2.0467",
            "high": "2.0481",
            "low": "2.0467",
            "close": "2.0533"
        },
        {
            "time": "30.12.2020 15:19",
            "open": "2.0533",
            "high": "2.0533",
            "low": "2.0533",
            "close": "2.0471"
        },
        {
            "time": "30.12.2020 15:25",
            "open": "2.0471",
            "high": "2.0471",
            "low": "2.0463",
            "close": "2.0458"
        },
        {
            "time": "30.12.2020 15:34",
            "open": "2.0458",
            "high": "2.0458",
            "low": "2.0458",
            "close": "2.043"
        },
        {
            "time": "30.12.2020 15:49",
            "open": "2.043",
            "high": "2.043",
            "low": "2.043",
            "close": "2.0393"
        },
        {
            "time": "30.12.2020 15:52",
            "open": "2.0393",
            "high": "2.0393",
            "low": "2.0393",
            "close": "2.0343"
        },
        {
            "time": "30.12.2020 15:58",
            "open": "2.0343",
            "high": "2.038",
            "low": "2.0343",
            "close": "2.0331"
        },
        {
            "time": "30.12.2020 16:00",
            "open": "2.0331",
            "high": "2.0331",
            "low": "2.0331",
            "close": "2.0306"
        },
        {
            "time": "30.12.2020 16:06",
            "open": "2.0306",
            "high": "2.0306",
            "low": "2.0306",
            "close": "2.0332"
        },
        {
            "time": "30.12.2020 16:09",
            "open": "2.0332",
            "high": "2.0333",
            "low": "2.0308",
            "close": "2.03"
        },
        {
            "time": "30.12.2020 16:10",
            "open": "2.03",
            "high": "2.0341",
            "low": "2.0289",
            "close": "2.0173"
        },
        {
            "time": "30.12.2020 16:23",
            "open": "2.0173",
            "high": "2.0198",
            "low": "2.0173",
            "close": "2.0269"
        },
        {
            "time": "30.12.2020 16:25",
            "open": "2.0269",
            "high": "2.0269",
            "low": "2.0269",
            "close": "2.023"
        },
        {
            "time": "30.12.2020 16:26",
            "open": "2.023",
            "high": "2.023",
            "low": "2.023",
            "close": "2.0215"
        },
        {
            "time": "30.12.2020 16:29",
            "open": "2.0215",
            "high": "2.0215",
            "low": "2.0215",
            "close": "2.0174"
        },
        {
            "time": "30.12.2020 16:40",
            "open": "2.0174",
            "high": "2.0174",
            "low": "2.0173",
            "close": "2.0211"
        },
        {
            "time": "30.12.2020 16:42",
            "open": "2.0211",
            "high": "2.0211",
            "low": "2.0211",
            "close": "2.0211"
        },
        {
            "time": "30.12.2020 16:43",
            "open": "2.0211",
            "high": "2.0211",
            "low": "2.0211",
            "close": "2.0221"
        },
        {
            "time": "30.12.2020 16:47",
            "open": "2.0221",
            "high": "2.0221",
            "low": "2.0221",
            "close": "2.0201"
        },
        {
            "time": "30.12.2020 16:51",
            "open": "2.0201",
            "high": "2.0206",
            "low": "2.0197",
            "close": "2.0198"
        },
        {
            "time": "30.12.2020 16:54",
            "open": "2.0198",
            "high": "2.0198",
            "low": "2.0198",
            "close": "2.0199"
        },
        {
            "time": "30.12.2020 16:58",
            "open": "2.0199",
            "high": "2.0199",
            "low": "2.0199",
            "close": "2.021"
        },
        {
            "time": "30.12.2020 17:00",
            "open": "2.021",
            "high": "2.021",
            "low": "2.021",
            "close": "2.0185"
        },
        {
            "time": "30.12.2020 17:01",
            "open": "2.0185",
            "high": "2.0185",
            "low": "2.0184",
            "close": "2.0242"
        },
        {
            "time": "30.12.2020 17:02",
            "open": "2.0242",
            "high": "2.0242",
            "low": "2.0242",
            "close": "2.0179"
        },
        {
            "time": "30.12.2020 17:04",
            "open": "2.0179",
            "high": "2.0179",
            "low": "2.0175",
            "close": "2.0175"
        },
        {
            "time": "30.12.2020 17:05",
            "open": "2.0175",
            "high": "2.0175",
            "low": "2.0175",
            "close": "2.01"
        },
        {
            "time": "30.12.2020 17:06",
            "open": "2.01",
            "high": "2.0132",
            "low": "2.01",
            "close": "2.0062"
        },
        {
            "time": "30.12.2020 17:07",
            "open": "2.0062",
            "high": "2.0062",
            "low": "2",
            "close": "2.0019"
        },
        {
            "time": "30.12.2020 17:08",
            "open": "2.0019",
            "high": "2.0019",
            "low": "1.995",
            "close": "1.9931"
        },
        {
            "time": "30.12.2020 17:09",
            "open": "1.9931",
            "high": "1.9931",
            "low": "1.99",
            "close": "1.9924"
        },
        {
            "time": "30.12.2020 17:10",
            "open": "1.9924",
            "high": "1.9924",
            "low": "1.9924",
            "close": "1.9924"
        },
        {
            "time": "30.12.2020 17:11",
            "open": "1.9924",
            "high": "1.9924",
            "low": "1.989",
            "close": "1.9921"
        },
        {
            "time": "30.12.2020 17:13",
            "open": "1.9921",
            "high": "1.9921",
            "low": "1.9921",
            "close": "2.0027"
        },
        {
            "time": "30.12.2020 17:18",
            "open": "2.0027",
            "high": "2.0031",
            "low": "2.0027",
            "close": "2.0091"
        },
        {
            "time": "30.12.2020 17:21",
            "open": "2.0091",
            "high": "2.0091",
            "low": "2.0091",
            "close": "2.0148"
        },
        {
            "time": "30.12.2020 17:27",
            "open": "2.0148",
            "high": "2.0148",
            "low": "2.0147",
            "close": "2.0165"
        },
        {
            "time": "30.12.2020 17:34",
            "open": "2.0165",
            "high": "2.0165",
            "low": "2.0165",
            "close": "2.0341"
        },
        {
            "time": "30.12.2020 17:36",
            "open": "2.0341",
            "high": "2.0369",
            "low": "2.0341",
            "close": "2.0315"
        },
        {
            "time": "30.12.2020 17:38",
            "open": "2.0315",
            "high": "2.0316",
            "low": "2.0315",
            "close": "2.0315"
        },
        {
            "time": "30.12.2020 17:39",
            "open": "2.0315",
            "high": "2.0315",
            "low": "2.0315",
            "close": "2.0337"
        },
        {
            "time": "30.12.2020 17:40",
            "open": "2.0337",
            "high": "2.0337",
            "low": "2.0337",
            "close": "2.035"
        },
        {
            "time": "30.12.2020 17:41",
            "open": "2.035",
            "high": "2.035",
            "low": "2.035",
            "close": "2.0349"
        },
        {
            "time": "30.12.2020 17:42",
            "open": "2.0349",
            "high": "2.0371",
            "low": "2.0349",
            "close": "2.0377"
        },
        {
            "time": "30.12.2020 17:44",
            "open": "2.0377",
            "high": "2.0378",
            "low": "2.0321",
            "close": "2.0304"
        },
        {
            "time": "30.12.2020 17:45",
            "open": "2.0304",
            "high": "2.0304",
            "low": "2.0304",
            "close": "2.0255"
        },
        {
            "time": "30.12.2020 17:47",
            "open": "2.0255",
            "high": "2.0255",
            "low": "2.0239",
            "close": "2.023"
        },
        {
            "time": "30.12.2020 17:49",
            "open": "2.023",
            "high": "2.023",
            "low": "2.023",
            "close": "2.0218"
        },
        {
            "time": "30.12.2020 17:55",
            "open": "2.0218",
            "high": "2.0218",
            "low": "2.0218",
            "close": "2.026"
        },
        {
            "time": "30.12.2020 17:57",
            "open": "2.026",
            "high": "2.026",
            "low": "2.026",
            "close": "2.0321"
        },
        {
            "time": "30.12.2020 18:00",
            "open": "2.0321",
            "high": "2.0324",
            "low": "2.0321",
            "close": "2.0272"
        },
        {
            "time": "30.12.2020 18:07",
            "open": "2.0272",
            "high": "2.0272",
            "low": "2.0267",
            "close": "2.0296"
        },
        {
            "time": "30.12.2020 18:10",
            "open": "2.0296",
            "high": "2.0296",
            "low": "2.0296",
            "close": "2.0287"
        },
        {
            "time": "30.12.2020 18:12",
            "open": "2.0287",
            "high": "2.0287",
            "low": "2.0287",
            "close": "2.0258"
        },
        {
            "time": "30.12.2020 18:21",
            "open": "2.0258",
            "high": "2.0258",
            "low": "2.0246",
            "close": "2.0263"
        },
        {
            "time": "30.12.2020 18:33",
            "open": "2.0263",
            "high": "2.0263",
            "low": "2.0263",
            "close": "2.0254"
        },
        {
            "time": "30.12.2020 18:34",
            "open": "2.0254",
            "high": "2.0254",
            "low": "2.0254",
            "close": "2.0232"
        },
        {
            "time": "30.12.2020 18:35",
            "open": "2.0232",
            "high": "2.0232",
            "low": "2.0232",
            "close": "2.0316"
        },
        {
            "time": "30.12.2020 18:38",
            "open": "2.0316",
            "high": "2.0317",
            "low": "2.0316",
            "close": "2.0351"
        },
        {
            "time": "30.12.2020 18:40",
            "open": "2.0351",
            "high": "2.0351",
            "low": "2.0351",
            "close": "2.0317"
        },
        {
            "time": "30.12.2020 18:41",
            "open": "2.0317",
            "high": "2.0317",
            "low": "2.0317",
            "close": "2.0365"
        },
        {
            "time": "30.12.2020 18:49",
            "open": "2.0365",
            "high": "2.0365",
            "low": "2.0365",
            "close": "2.0309"
        },
        {
            "time": "30.12.2020 18:51",
            "open": "2.0309",
            "high": "2.0309",
            "low": "2.0309",
            "close": "2.0317"
        },
        {
            "time": "30.12.2020 18:56",
            "open": "2.0317",
            "high": "2.0317",
            "low": "2.0317",
            "close": "2.0317"
        },
        {
            "time": "30.12.2020 18:58",
            "open": "2.0317",
            "high": "2.0317",
            "low": "2.0317",
            "close": "2.03"
        },
        {
            "time": "30.12.2020 19:03",
            "open": "2.03",
            "high": "2.03",
            "low": "2.03",
            "close": "2.0248"
        },
        {
            "time": "30.12.2020 19:07",
            "open": "2.0248",
            "high": "2.0248",
            "low": "2.0248",
            "close": "2.0238"
        },
        {
            "time": "30.12.2020 19:10",
            "open": "2.0238",
            "high": "2.0238",
            "low": "2.0215",
            "close": "2.0165"
        },
        {
            "time": "30.12.2020 19:12",
            "open": "2.0165",
            "high": "2.0166",
            "low": "2.0165",
            "close": "2.0125"
        },
        {
            "time": "30.12.2020 19:18",
            "open": "2.0125",
            "high": "2.0125",
            "low": "2.0125",
            "close": "2.0086"
        },
        {
            "time": "30.12.2020 19:20",
            "open": "2.0086",
            "high": "2.0086",
            "low": "2.008",
            "close": "2.011"
        },
        {
            "time": "30.12.2020 19:21",
            "open": "2.011",
            "high": "2.011",
            "low": "2.011",
            "close": "2.0106"
        },
        {
            "time": "30.12.2020 19:23",
            "open": "2.0106",
            "high": "2.0106",
            "low": "2.0106",
            "close": "2.0212"
        },
        {
            "time": "30.12.2020 19:24",
            "open": "2.0212",
            "high": "2.0212",
            "low": "2.0212",
            "close": "2.021"
        },
        {
            "time": "30.12.2020 19:26",
            "open": "2.021",
            "high": "2.021",
            "low": "2.021",
            "close": "2.0145"
        },
        {
            "time": "30.12.2020 19:27",
            "open": "2.0145",
            "high": "2.0145",
            "low": "2.0096",
            "close": "2.0046"
        },
        {
            "time": "30.12.2020 19:29",
            "open": "2.0046",
            "high": "2.0046",
            "low": "2.003",
            "close": "2.001"
        },
        {
            "time": "30.12.2020 19:30",
            "open": "2.001",
            "high": "2.0015",
            "low": "2",
            "close": "2.0013"
        },
        {
            "time": "30.12.2020 19:35",
            "open": "2.0013",
            "high": "2.0013",
            "low": "2.0013",
            "close": "1.9994"
        },
        {
            "time": "30.12.2020 19:37",
            "open": "1.9994",
            "high": "1.9994",
            "low": "1.9994",
            "close": "2.003"
        },
        {
            "time": "30.12.2020 19:39",
            "open": "2.003",
            "high": "2.003",
            "low": "2.003",
            "close": "1.9998"
        },
        {
            "time": "30.12.2020 19:40",
            "open": "1.9998",
            "high": "1.9998",
            "low": "1.9998",
            "close": "1.9983"
        },
        {
            "time": "30.12.2020 19:41",
            "open": "1.9983",
            "high": "1.9983",
            "low": "1.9983",
            "close": "1.9991"
        },
        {
            "time": "30.12.2020 19:42",
            "open": "1.9991",
            "high": "1.9991",
            "low": "1.9991",
            "close": "1.9991"
        },
        {
            "time": "30.12.2020 19:43",
            "open": "1.9991",
            "high": "1.9991",
            "low": "1.9983",
            "close": "1.9998"
        },
        {
            "time": "30.12.2020 19:46",
            "open": "1.9998",
            "high": "1.9998",
            "low": "1.9998",
            "close": "1.9976"
        },
        {
            "time": "30.12.2020 19:51",
            "open": "1.9976",
            "high": "1.9976",
            "low": "1.9967",
            "close": "1.9981"
        },
        {
            "time": "30.12.2020 19:52",
            "open": "1.9981",
            "high": "1.9984",
            "low": "1.9981",
            "close": "2"
        },
        {
            "time": "30.12.2020 19:54",
            "open": "2",
            "high": "2",
            "low": "2",
            "close": "2.0042"
        },
        {
            "time": "30.12.2020 19:55",
            "open": "2.0042",
            "high": "2.0045",
            "low": "2.0042",
            "close": "2.0016"
        },
        {
            "time": "30.12.2020 19:58",
            "open": "2.0016",
            "high": "2.0233",
            "low": "2.0016",
            "close": "2.0062"
        },
        {
            "time": "30.12.2020 20:00",
            "open": "2.0062",
            "high": "2.0062",
            "low": "2.0062",
            "close": "2.001"
        },
        {
            "time": "30.12.2020 20:03",
            "open": "2.001",
            "high": "2.001",
            "low": "1.9991",
            "close": "2"
        },
        {
            "time": "30.12.2020 20:04",
            "open": "2",
            "high": "2",
            "low": "1.995",
            "close": "1.9928"
        },
        {
            "time": "30.12.2020 20:05",
            "open": "1.9928",
            "high": "1.9928",
            "low": "1.9928",
            "close": "1.9951"
        },
        {
            "time": "30.12.2020 20:06",
            "open": "1.9951",
            "high": "1.9951",
            "low": "1.9951",
            "close": "1.9982"
        },
        {
            "time": "30.12.2020 20:08",
            "open": "1.9982",
            "high": "1.9982",
            "low": "1.9982",
            "close": "2.0029"
        },
        {
            "time": "30.12.2020 20:10",
            "open": "2.0029",
            "high": "2.0029",
            "low": "2.0029",
            "close": "2.0113"
        },
        {
            "time": "30.12.2020 20:13",
            "open": "2.0113",
            "high": "2.0113",
            "low": "2.0113",
            "close": "2.0052"
        },
        {
            "time": "30.12.2020 20:14",
            "open": "2.0052",
            "high": "2.0076",
            "low": "2.0052",
            "close": "2.008"
        },
        {
            "time": "30.12.2020 20:16",
            "open": "2.008",
            "high": "2.008",
            "low": "2.008",
            "close": "2.0158"
        },
        {
            "time": "30.12.2020 20:20",
            "open": "2.0158",
            "high": "2.0158",
            "low": "2.0158",
            "close": "2.0179"
        },
        {
            "time": "30.12.2020 20:22",
            "open": "2.0179",
            "high": "2.0179",
            "low": "2.0179",
            "close": "2.0157"
        },
        {
            "time": "30.12.2020 20:23",
            "open": "2.0157",
            "high": "2.0157",
            "low": "2.0157",
            "close": "2.0227"
        },
        {
            "time": "30.12.2020 20:25",
            "open": "2.0227",
            "high": "2.0227",
            "low": "2.0227",
            "close": "2.0232"
        },
        {
            "time": "30.12.2020 20:26",
            "open": "2.0232",
            "high": "2.0269",
            "low": "2.0232",
            "close": "2.0301"
        },
        {
            "time": "30.12.2020 20:27",
            "open": "2.0301",
            "high": "2.0301",
            "low": "2.0301",
            "close": "2.0323"
        },
        {
            "time": "30.12.2020 20:28",
            "open": "2.0323",
            "high": "2.0323",
            "low": "2.0322",
            "close": "2.0336"
        },
        {
            "time": "30.12.2020 20:29",
            "open": "2.0336",
            "high": "2.0336",
            "low": "2.0336",
            "close": "2.0293"
        },
        {
            "time": "30.12.2020 20:31",
            "open": "2.0293",
            "high": "2.0293",
            "low": "2.0293",
            "close": "2.021"
        },
        {
            "time": "30.12.2020 20:32",
            "open": "2.021",
            "high": "2.021",
            "low": "2.0157",
            "close": "2.0141"
        },
        {
            "time": "30.12.2020 20:33",
            "open": "2.0141",
            "high": "2.0141",
            "low": "2.0141",
            "close": "2.0216"
        },
        {
            "time": "30.12.2020 20:34",
            "open": "2.0216",
            "high": "2.0216",
            "low": "2.0216",
            "close": "2.0245"
        },
        {
            "time": "30.12.2020 20:35",
            "open": "2.0245",
            "high": "2.0245",
            "low": "2.0245",
            "close": "2.0155"
        },
        {
            "time": "30.12.2020 20:36",
            "open": "2.0155",
            "high": "2.0155",
            "low": "2.0128",
            "close": "2.0232"
        },
        {
            "time": "30.12.2020 20:37",
            "open": "2.0232",
            "high": "2.0233",
            "low": "2.0232",
            "close": "2.0269"
        },
        {
            "time": "30.12.2020 20:38",
            "open": "2.0269",
            "high": "2.027",
            "low": "2.0269",
            "close": "2.0204"
        },
        {
            "time": "30.12.2020 20:40",
            "open": "2.0204",
            "high": "2.0204",
            "low": "2.0176",
            "close": "2.0166"
        },
        {
            "time": "30.12.2020 20:48",
            "open": "2.0166",
            "high": "2.0166",
            "low": "2.0166",
            "close": "2.015"
        },
        {
            "time": "30.12.2020 20:59",
            "open": "2.015",
            "high": "2.015",
            "low": "2.015",
            "close": "2.0136"
        },
        {
            "time": "30.12.2020 21:01",
            "open": "2.0136",
            "high": "2.0136",
            "low": "2.0103",
            "close": "2.0071"
        },
        {
            "time": "30.12.2020 21:02",
            "open": "2.0071",
            "high": "2.0071",
            "low": "2.0071",
            "close": "2.0062"
        },
        {
            "time": "30.12.2020 21:03",
            "open": "2.0062",
            "high": "2.0062",
            "low": "2.0062",
            "close": "2.0003"
        },
        {
            "time": "30.12.2020 21:04",
            "open": "2.0003",
            "high": "2.0003",
            "low": "2.0003",
            "close": "2.0003"
        },
        {
            "time": "30.12.2020 21:05",
            "open": "2.0003",
            "high": "2.0003",
            "low": "2.0003",
            "close": "1.998"
        },
        {
            "time": "30.12.2020 21:06",
            "open": "1.998",
            "high": "1.998",
            "low": "1.9949",
            "close": "1.9955"
        },
        {
            "time": "30.12.2020 21:07",
            "open": "1.9955",
            "high": "1.9955",
            "low": "1.9955",
            "close": "2.0029"
        },
        {
            "time": "30.12.2020 21:12",
            "open": "2.0029",
            "high": "2.0029",
            "low": "2.0029",
            "close": "2.0035"
        },
        {
            "time": "30.12.2020 21:15",
            "open": "2.0035",
            "high": "2.0035",
            "low": "2.0035",
            "close": "2.0071"
        },
        {
            "time": "30.12.2020 21:16",
            "open": "2.0071",
            "high": "2.0071",
            "low": "2.0071",
            "close": "2.01"
        },
        {
            "time": "30.12.2020 21:23",
            "open": "2.01",
            "high": "2.01",
            "low": "2.01",
            "close": "2.0043"
        },
        {
            "time": "30.12.2020 21:25",
            "open": "2.0043",
            "high": "2.0043",
            "low": "2.0043",
            "close": "2"
        },
        {
            "time": "30.12.2020 21:26",
            "open": "2",
            "high": "2",
            "low": "2",
            "close": "2"
        },
        {
            "time": "30.12.2020 21:27",
            "open": "2",
            "high": "2",
            "low": "2",
            "close": "2.0054"
        },
        {
            "time": "30.12.2020 21:29",
            "open": "2.0054",
            "high": "2.0054",
            "low": "2.0025",
            "close": "2.0018"
        },
        {
            "time": "30.12.2020 21:30",
            "open": "2.0018",
            "high": "2.0074",
            "low": "2.0018",
            "close": "2.003"
        },
        {
            "time": "30.12.2020 21:31",
            "open": "2.003",
            "high": "2.003",
            "low": "2.003",
            "close": "2.0052"
        },
        {
            "time": "30.12.2020 21:35",
            "open": "2.0052",
            "high": "2.0052",
            "low": "2.0052",
            "close": "2"
        },
        {
            "time": "30.12.2020 21:37",
            "open": "2",
            "high": "2",
            "low": "2",
            "close": "1.9962"
        },
        {
            "time": "30.12.2020 21:38",
            "open": "1.9962",
            "high": "1.9962",
            "low": "1.994",
            "close": "1.9913"
        },
        {
            "time": "30.12.2020 21:39",
            "open": "1.9913",
            "high": "1.9913",
            "low": "1.99",
            "close": "1.9971"
        },
        {
            "time": "30.12.2020 21:41",
            "open": "1.9971",
            "high": "1.9971",
            "low": "1.9971",
            "close": "1.9986"
        },
        {
            "time": "30.12.2020 21:45",
            "open": "1.9986",
            "high": "1.9986",
            "low": "1.9986",
            "close": "1.9957"
        },
        {
            "time": "30.12.2020 21:50",
            "open": "1.9957",
            "high": "1.9957",
            "low": "1.9956",
            "close": "2.001"
        },
        {
            "time": "30.12.2020 21:52",
            "open": "2.001",
            "high": "2.001",
            "low": "2.0002",
            "close": "2.0008"
        },
        {
            "time": "30.12.2020 21:53",
            "open": "2.0008",
            "high": "2.0008",
            "low": "2.0008",
            "close": "2.01"
        },
        {
            "time": "30.12.2020 21:56",
            "open": "2.01",
            "high": "2.01",
            "low": "2.0088",
            "close": "2.0147"
        },
        {
            "time": "30.12.2020 21:58",
            "open": "2.0147",
            "high": "2.0148",
            "low": "2.0147",
            "close": "2.014"
        },
        {
            "time": "30.12.2020 21:59",
            "open": "2.014",
            "high": "2.014",
            "low": "2.014",
            "close": "2.0147"
        },
        {
            "time": "30.12.2020 22:00",
            "open": "2.0147",
            "high": "2.0159",
            "low": "2.0136",
            "close": "2.0158"
        },
        {
            "time": "30.12.2020 22:01",
            "open": "2.0158",
            "high": "2.0158",
            "low": "2.0139",
            "close": "2.0165"
        },
        {
            "time": "30.12.2020 22:02",
            "open": "2.0165",
            "high": "2.0165",
            "low": "2.0165",
            "close": "2.0179"
        },
        {
            "time": "30.12.2020 22:03",
            "open": "2.0179",
            "high": "2.0192",
            "low": "2.0159",
            "close": "2.01"
        },
        {
            "time": "30.12.2020 22:07",
            "open": "2.01",
            "high": "2.01",
            "low": "2.01",
            "close": "2.0185"
        },
        {
            "time": "30.12.2020 22:17",
            "open": "2.0185",
            "high": "2.0185",
            "low": "2.0185",
            "close": "2.0191"
        },
        {
            "time": "30.12.2020 22:21",
            "open": "2.0191",
            "high": "2.0191",
            "low": "2.0191",
            "close": "2.0193"
        },
        {
            "time": "30.12.2020 22:32",
            "open": "2.0193",
            "high": "2.0193",
            "low": "2.0179",
            "close": "2.012"
        },
        {
            "time": "30.12.2020 22:45",
            "open": "2.012",
            "high": "2.012",
            "low": "2.012",
            "close": "1.9953"
        },
        {
            "time": "30.12.2020 22:54",
            "open": "1.9953",
            "high": "1.9977",
            "low": "1.9953",
            "close": "2.0004"
        },
        {
            "time": "30.12.2020 22:55",
            "open": "2.0004",
            "high": "2.0004",
            "low": "2.0004",
            "close": "2.0027"
        },
        {
            "time": "30.12.2020 22:56",
            "open": "2.0027",
            "high": "2.0027",
            "low": "2.0027",
            "close": "2.0077"
        },
        {
            "time": "30.12.2020 22:59",
            "open": "2.0077",
            "high": "2.0091",
            "low": "2.0077",
            "close": "2.0069"
        },
        {
            "time": "30.12.2020 23:00",
            "open": "2.0069",
            "high": "2.0069",
            "low": "2.0069",
            "close": "2.003"
        },
        {
            "time": "30.12.2020 23:02",
            "open": "2.003",
            "high": "2.003",
            "low": "2.003",
            "close": "2.006"
        },
        {
            "time": "30.12.2020 23:05",
            "open": "2.006",
            "high": "2.006",
            "low": "2.0057",
            "close": "2"
        },
        {
            "time": "30.12.2020 23:06",
            "open": "2",
            "high": "2",
            "low": "2",
            "close": "2"
        },
        {
            "time": "30.12.2020 23:07",
            "open": "2",
            "high": "2",
            "low": "2",
            "close": "1.9977"
        },
        {
            "time": "30.12.2020 23:09",
            "open": "1.9977",
            "high": "1.9977",
            "low": "1.9977",
            "close": "1.9941"
        },
        {
            "time": "30.12.2020 23:11",
            "open": "1.9941",
            "high": "1.9941",
            "low": "1.994",
            "close": "1.9965"
        },
        {
            "time": "30.12.2020 23:12",
            "open": "1.9965",
            "high": "1.9999",
            "low": "1.9965",
            "close": "1.9999"
        },
        {
            "time": "30.12.2020 23:13",
            "open": "1.9999",
            "high": "1.9999",
            "low": "1.9999",
            "close": "2"
        },
        {
            "time": "30.12.2020 23:14",
            "open": "2",
            "high": "2",
            "low": "2",
            "close": "1.9996"
        },
        {
            "time": "30.12.2020 23:21",
            "open": "1.9996",
            "high": "1.9996",
            "low": "1.9996",
            "close": "2.0079"
        },
        {
            "time": "30.12.2020 23:27",
            "open": "2.0079",
            "high": "2.0079",
            "low": "2.0079",
            "close": "2.0085"
        },
        {
            "time": "30.12.2020 23:29",
            "open": "2.0085",
            "high": "2.0086",
            "low": "2.0085",
            "close": "2.0089"
        },
        {
            "time": "30.12.2020 23:30",
            "open": "2.0089",
            "high": "2.0091",
            "low": "2.0089",
            "close": "2.0101"
        },
        {
            "time": "30.12.2020 23:32",
            "open": "2.0101",
            "high": "2.0101",
            "low": "2.0101",
            "close": "2.0151"
        },
        {
            "time": "30.12.2020 23:35",
            "open": "2.0151",
            "high": "2.0151",
            "low": "2.0151",
            "close": "2.0129"
        },
        {
            "time": "30.12.2020 23:37",
            "open": "2.0129",
            "high": "2.0129",
            "low": "2.0127",
            "close": "2.0119"
        },
        {
            "time": "30.12.2020 23:40",
            "open": "2.0119",
            "high": "2.0119",
            "low": "2.0102",
            "close": "2.0104"
        },
        {
            "time": "30.12.2020 23:42",
            "open": "2.0104",
            "high": "2.0107",
            "low": "2.0104",
            "close": "2.0102"
        },
        {
            "time": "30.12.2020 23:43",
            "open": "2.0102",
            "high": "2.0102",
            "low": "2.0062",
            "close": "2.0026"
        },
        {
            "time": "30.12.2020 23:44",
            "open": "2.0026",
            "high": "2.0038",
            "low": "2.0024",
            "close": "2.0166"
        },
        {
            "time": "30.12.2020 23:45",
            "open": "2.0166",
            "high": "2.0166",
            "low": "2.0135",
            "close": "2.0109"
        },
        {
            "time": "30.12.2020 23:46",
            "open": "2.0109",
            "high": "2.0109",
            "low": "2.0067",
            "close": "1.9998"
        },
        {
            "time": "30.12.2020 23:47",
            "open": "1.9998",
            "high": "1.9998",
            "low": "1.9958",
            "close": "1.9976"
        },
        {
            "time": "30.12.2020 23:48",
            "open": "1.9976",
            "high": "2",
            "low": "1.9976",
            "close": "2.0131"
        },
        {
            "time": "30.12.2020 23:49",
            "open": "2.0131",
            "high": "2.0166",
            "low": "2.001",
            "close": "2.0099"
        },
        {
            "time": "30.12.2020 23:50",
            "open": "2.0099",
            "high": "2.0122",
            "low": "2.0099",
            "close": "2.0069"
        },
        {
            "time": "30.12.2020 23:51",
            "open": "2.0069",
            "high": "2.0079",
            "low": "2.0017",
            "close": "2.0111"
        },
        {
            "time": "30.12.2020 23:52",
            "open": "2.0111",
            "high": "2.0111",
            "low": "2.0044",
            "close": "2.0067"
        },
        {
            "time": "30.12.2020 23:53",
            "open": "2.0067",
            "high": "2.0067",
            "low": "2.0067",
            "close": "2.0118"
        },
        {
            "time": "30.12.2020 23:54",
            "open": "2.0118",
            "high": "2.0142",
            "low": "2.0118",
            "close": "2.0104"
        },
        {
            "time": "30.12.2020 23:55",
            "open": "2.0104",
            "high": "2.0104",
            "low": "2.0008",
            "close": "1.9977"
        },
        {
            "time": "30.12.2020 23:56",
            "open": "1.9977",
            "high": "1.9977",
            "low": "1.9977",
            "close": "2.0038"
        }
    ]
}