{
    "OMG-EUR": [
        {
            "time": "25.12.2020 23:58",
            "open": "2.1042",
            "high": "2.1042",
            "low": "2.1042",
            "close": "2.1042"
        },
        {
            "time": "26.12.2020 00:00",
            "open": "2.1042",
            "high": "2.1042",
            "low": "2.1042",
            "close": "2.1068"
        },
        {
            "time": "26.12.2020 00:01",
            "open": "2.1068",
            "high": "2.1068",
            "low": "2.1042",
            "close": "2.1033"
        },
        {
            "time": "26.12.2020 00:06",
            "open": "2.1033",
            "high": "2.1033",
            "low": "2.1033",
            "close": "2.1002"
        },
        {
            "time": "26.12.2020 00:08",
            "open": "2.1002",
            "high": "2.1002",
            "low": "2.0954",
            "close": "2.0951"
        },
        {
            "time": "26.12.2020 00:10",
            "open": "2.0951",
            "high": "2.0951",
            "low": "2.0951",
            "close": "2.0984"
        },
        {
            "time": "26.12.2020 00:17",
            "open": "2.0984",
            "high": "2.0984",
            "low": "2.0984",
            "close": "2.0984"
        },
        {
            "time": "26.12.2020 00:19",
            "open": "2.0984",
            "high": "2.0984",
            "low": "2.0984",
            "close": "2.1137"
        },
        {
            "time": "26.12.2020 00:27",
            "open": "2.1137",
            "high": "2.1137",
            "low": "2.1137",
            "close": "2.117"
        },
        {
            "time": "26.12.2020 00:32",
            "open": "2.117",
            "high": "2.117",
            "low": "2.117",
            "close": "2.1241"
        },
        {
            "time": "26.12.2020 00:39",
            "open": "2.1241",
            "high": "2.1241",
            "low": "2.1241",
            "close": "2.1248"
        },
        {
            "time": "26.12.2020 00:45",
            "open": "2.1248",
            "high": "2.1248",
            "low": "2.1248",
            "close": "2.128"
        },
        {
            "time": "26.12.2020 00:48",
            "open": "2.128",
            "high": "2.128",
            "low": "2.1278",
            "close": "2.131"
        },
        {
            "time": "26.12.2020 00:53",
            "open": "2.131",
            "high": "2.131",
            "low": "2.131",
            "close": "2.1222"
        },
        {
            "time": "26.12.2020 00:57",
            "open": "2.1222",
            "high": "2.1222",
            "low": "2.1222",
            "close": "2.122"
        },
        {
            "time": "26.12.2020 01:03",
            "open": "2.122",
            "high": "2.122",
            "low": "2.1163",
            "close": "2.1156"
        },
        {
            "time": "26.12.2020 01:04",
            "open": "2.1156",
            "high": "2.1156",
            "low": "2.1156",
            "close": "2.1243"
        },
        {
            "time": "26.12.2020 01:11",
            "open": "2.1243",
            "high": "2.1243",
            "low": "2.1243",
            "close": "2.1273"
        },
        {
            "time": "26.12.2020 01:12",
            "open": "2.1273",
            "high": "2.13",
            "low": "2.1272",
            "close": "2.13"
        },
        {
            "time": "26.12.2020 01:13",
            "open": "2.13",
            "high": "2.13",
            "low": "2.13",
            "close": "2.1264"
        },
        {
            "time": "26.12.2020 01:14",
            "open": "2.1264",
            "high": "2.1309",
            "low": "2.125",
            "close": "2.1261"
        },
        {
            "time": "26.12.2020 01:26",
            "open": "2.1261",
            "high": "2.1261",
            "low": "2.1261",
            "close": "2.1258"
        },
        {
            "time": "26.12.2020 01:27",
            "open": "2.1258",
            "high": "2.1258",
            "low": "2.1257",
            "close": "2.132"
        },
        {
            "time": "26.12.2020 01:28",
            "open": "2.132",
            "high": "2.132",
            "low": "2.132",
            "close": "2.1266"
        },
        {
            "time": "26.12.2020 02:00",
            "open": "2.1266",
            "high": "2.1266",
            "low": "2.1266",
            "close": "2.1227"
        },
        {
            "time": "26.12.2020 02:02",
            "open": "2.1227",
            "high": "2.1236",
            "low": "2.1227",
            "close": "2.129"
        },
        {
            "time": "26.12.2020 02:03",
            "open": "2.129",
            "high": "2.129",
            "low": "2.129",
            "close": "2.1339"
        },
        {
            "time": "26.12.2020 02:04",
            "open": "2.1339",
            "high": "2.1339",
            "low": "2.1339",
            "close": "2.1329"
        },
        {
            "time": "26.12.2020 02:10",
            "open": "2.1329",
            "high": "2.1329",
            "low": "2.1329",
            "close": "2.1262"
        },
        {
            "time": "26.12.2020 02:16",
            "open": "2.1262",
            "high": "2.1262",
            "low": "2.1262",
            "close": "2.1147"
        },
        {
            "time": "26.12.2020 02:38",
            "open": "2.1147",
            "high": "2.1147",
            "low": "2.1147",
            "close": "2.1159"
        },
        {
            "time": "26.12.2020 03:01",
            "open": "2.1159",
            "high": "2.1159",
            "low": "2.114",
            "close": "2.1268"
        },
        {
            "time": "26.12.2020 03:23",
            "open": "2.1268",
            "high": "2.1268",
            "low": "2.1268",
            "close": "2.1235"
        },
        {
            "time": "26.12.2020 03:24",
            "open": "2.1235",
            "high": "2.1235",
            "low": "2.1235",
            "close": "2.1218"
        },
        {
            "time": "26.12.2020 03:43",
            "open": "2.1218",
            "high": "2.1218",
            "low": "2.1218",
            "close": "2.114"
        },
        {
            "time": "26.12.2020 03:49",
            "open": "2.114",
            "high": "2.114",
            "low": "2.114",
            "close": "2.1149"
        },
        {
            "time": "26.12.2020 03:50",
            "open": "2.1149",
            "high": "2.1149",
            "low": "2.1149",
            "close": "2.1144"
        },
        {
            "time": "26.12.2020 03:56",
            "open": "2.1144",
            "high": "2.1144",
            "low": "2.1144",
            "close": "2.1143"
        },
        {
            "time": "26.12.2020 03:58",
            "open": "2.1143",
            "high": "2.1143",
            "low": "2.1143",
            "close": "2.114"
        },
        {
            "time": "26.12.2020 04:06",
            "open": "2.114",
            "high": "2.114",
            "low": "2.1091",
            "close": "2.1091"
        },
        {
            "time": "26.12.2020 04:19",
            "open": "2.1091",
            "high": "2.1091",
            "low": "2.1091",
            "close": "2.1091"
        },
        {
            "time": "26.12.2020 04:20",
            "open": "2.1091",
            "high": "2.1091",
            "low": "2.1091",
            "close": "2.11"
        },
        {
            "time": "26.12.2020 04:25",
            "open": "2.11",
            "high": "2.11",
            "low": "2.11",
            "close": "2.1093"
        },
        {
            "time": "26.12.2020 04:27",
            "open": "2.1093",
            "high": "2.1093",
            "low": "2.1093",
            "close": "2.1084"
        },
        {
            "time": "26.12.2020 05:45",
            "open": "2.1084",
            "high": "2.1085",
            "low": "2.1084",
            "close": "2.085"
        },
        {
            "time": "26.12.2020 07:01",
            "open": "2.085",
            "high": "2.085",
            "low": "2.0804",
            "close": "2.0875"
        },
        {
            "time": "26.12.2020 07:06",
            "open": "2.0875",
            "high": "2.0875",
            "low": "2.0875",
            "close": "2.0875"
        },
        {
            "time": "26.12.2020 07:10",
            "open": "2.0875",
            "high": "2.0875",
            "low": "2.0875",
            "close": "2.0917"
        },
        {
            "time": "26.12.2020 07:17",
            "open": "2.0917",
            "high": "2.0918",
            "low": "2.0917",
            "close": "2.094"
        },
        {
            "time": "26.12.2020 07:29",
            "open": "2.094",
            "high": "2.094",
            "low": "2.094",
            "close": "2.08"
        },
        {
            "time": "26.12.2020 07:30",
            "open": "2.08",
            "high": "2.08",
            "low": "2.0781",
            "close": "2.0756"
        },
        {
            "time": "26.12.2020 07:41",
            "open": "2.0756",
            "high": "2.0756",
            "low": "2.0756",
            "close": "2.07"
        },
        {
            "time": "26.12.2020 07:47",
            "open": "2.07",
            "high": "2.07",
            "low": "2.07",
            "close": "2.0723"
        },
        {
            "time": "26.12.2020 07:52",
            "open": "2.0723",
            "high": "2.0723",
            "low": "2.0723",
            "close": "2.0779"
        },
        {
            "time": "26.12.2020 08:01",
            "open": "2.0779",
            "high": "2.0818",
            "low": "2.0779",
            "close": "2.0797"
        },
        {
            "time": "26.12.2020 08:02",
            "open": "2.0797",
            "high": "2.08",
            "low": "2.0797",
            "close": "2.0802"
        },
        {
            "time": "26.12.2020 08:03",
            "open": "2.0802",
            "high": "2.083",
            "low": "2.0802",
            "close": "2.0828"
        },
        {
            "time": "26.12.2020 08:04",
            "open": "2.0828",
            "high": "2.0828",
            "low": "2.0804",
            "close": "2.0697"
        },
        {
            "time": "26.12.2020 08:08",
            "open": "2.0697",
            "high": "2.0697",
            "low": "2.0642",
            "close": "2.0661"
        },
        {
            "time": "26.12.2020 08:09",
            "open": "2.0661",
            "high": "2.0675",
            "low": "2.0659",
            "close": "2.0737"
        },
        {
            "time": "26.12.2020 08:26",
            "open": "2.0737",
            "high": "2.0778",
            "low": "2.0737",
            "close": "2.0737"
        },
        {
            "time": "26.12.2020 08:30",
            "open": "2.0737",
            "high": "2.0737",
            "low": "2.0737",
            "close": "2.0697"
        },
        {
            "time": "26.12.2020 08:38",
            "open": "2.0697",
            "high": "2.0697",
            "low": "2.0697",
            "close": "2.0653"
        },
        {
            "time": "26.12.2020 08:41",
            "open": "2.0653",
            "high": "2.0653",
            "low": "2.0653",
            "close": "2.0614"
        },
        {
            "time": "26.12.2020 08:44",
            "open": "2.0614",
            "high": "2.0614",
            "low": "2.0613",
            "close": "2.0689"
        },
        {
            "time": "26.12.2020 08:46",
            "open": "2.0689",
            "high": "2.069",
            "low": "2.0689",
            "close": "2.0582"
        },
        {
            "time": "26.12.2020 08:48",
            "open": "2.0582",
            "high": "2.0582",
            "low": "2.0582",
            "close": "2.0575"
        },
        {
            "time": "26.12.2020 08:52",
            "open": "2.0575",
            "high": "2.0575",
            "low": "2.0575",
            "close": "2.0565"
        },
        {
            "time": "26.12.2020 08:54",
            "open": "2.0565",
            "high": "2.0565",
            "low": "2.0565",
            "close": "2.06"
        },
        {
            "time": "26.12.2020 08:56",
            "open": "2.06",
            "high": "2.06",
            "low": "2.06",
            "close": "2.06"
        },
        {
            "time": "26.12.2020 08:57",
            "open": "2.06",
            "high": "2.0602",
            "low": "2.06",
            "close": "2.0769"
        },
        {
            "time": "26.12.2020 08:58",
            "open": "2.0769",
            "high": "2.0769",
            "low": "2.0769",
            "close": "2.0775"
        },
        {
            "time": "26.12.2020 09:02",
            "open": "2.0775",
            "high": "2.0775",
            "low": "2.0775",
            "close": "2.1001"
        },
        {
            "time": "26.12.2020 09:13",
            "open": "2.1001",
            "high": "2.1001",
            "low": "2.1001",
            "close": "2.0955"
        },
        {
            "time": "26.12.2020 09:14",
            "open": "2.0955",
            "high": "2.0955",
            "low": "2.0955",
            "close": "2.0902"
        },
        {
            "time": "26.12.2020 09:20",
            "open": "2.0902",
            "high": "2.0902",
            "low": "2.0902",
            "close": "2.0902"
        },
        {
            "time": "26.12.2020 09:29",
            "open": "2.0902",
            "high": "2.0945",
            "low": "2.0902",
            "close": "2.0987"
        },
        {
            "time": "26.12.2020 09:30",
            "open": "2.0987",
            "high": "2.1023",
            "low": "2.0987",
            "close": "2.0951"
        },
        {
            "time": "26.12.2020 09:31",
            "open": "2.0951",
            "high": "2.0951",
            "low": "2.0951",
            "close": "2.0952"
        },
        {
            "time": "26.12.2020 09:34",
            "open": "2.0952",
            "high": "2.0952",
            "low": "2.0951",
            "close": "2.098"
        },
        {
            "time": "26.12.2020 09:36",
            "open": "2.098",
            "high": "2.0981",
            "low": "2.098",
            "close": "2.0939"
        },
        {
            "time": "26.12.2020 09:37",
            "open": "2.0939",
            "high": "2.0939",
            "low": "2.0939",
            "close": "2.0897"
        },
        {
            "time": "26.12.2020 09:38",
            "open": "2.0897",
            "high": "2.0897",
            "low": "2.0895",
            "close": "2.0895"
        },
        {
            "time": "26.12.2020 09:39",
            "open": "2.0895",
            "high": "2.0903",
            "low": "2.0895",
            "close": "2.0852"
        },
        {
            "time": "26.12.2020 09:40",
            "open": "2.0852",
            "high": "2.0852",
            "low": "2.0852",
            "close": "2.0821"
        },
        {
            "time": "26.12.2020 09:42",
            "open": "2.0821",
            "high": "2.0821",
            "low": "2.0821",
            "close": "2.0873"
        },
        {
            "time": "26.12.2020 09:58",
            "open": "2.0873",
            "high": "2.0874",
            "low": "2.0873",
            "close": "2.0823"
        },
        {
            "time": "26.12.2020 10:01",
            "open": "2.0823",
            "high": "2.0823",
            "low": "2.0821",
            "close": "2.0828"
        },
        {
            "time": "26.12.2020 10:08",
            "open": "2.0828",
            "high": "2.0829",
            "low": "2.0828",
            "close": "2.0822"
        },
        {
            "time": "26.12.2020 10:10",
            "open": "2.0822",
            "high": "2.0822",
            "low": "2.0821",
            "close": "2.0821"
        },
        {
            "time": "26.12.2020 10:11",
            "open": "2.0821",
            "high": "2.0821",
            "low": "2.0821",
            "close": "2.0821"
        },
        {
            "time": "26.12.2020 10:12",
            "open": "2.0821",
            "high": "2.0821",
            "low": "2.0821",
            "close": "2.0789"
        },
        {
            "time": "26.12.2020 10:14",
            "open": "2.0789",
            "high": "2.0789",
            "low": "2.0789",
            "close": "2.079"
        },
        {
            "time": "26.12.2020 10:18",
            "open": "2.079",
            "high": "2.079",
            "low": "2.0787",
            "close": "2.0757"
        },
        {
            "time": "26.12.2020 10:21",
            "open": "2.0757",
            "high": "2.0757",
            "low": "2.0654",
            "close": "2.0602"
        },
        {
            "time": "26.12.2020 10:29",
            "open": "2.0602",
            "high": "2.0602",
            "low": "2.06",
            "close": "2.0685"
        },
        {
            "time": "26.12.2020 10:35",
            "open": "2.0685",
            "high": "2.0686",
            "low": "2.0685",
            "close": "2.068"
        },
        {
            "time": "26.12.2020 10:40",
            "open": "2.068",
            "high": "2.068",
            "low": "2.0679",
            "close": "2.06"
        },
        {
            "time": "26.12.2020 10:42",
            "open": "2.06",
            "high": "2.06",
            "low": "2.0583",
            "close": "2.0736"
        },
        {
            "time": "26.12.2020 10:51",
            "open": "2.0736",
            "high": "2.0736",
            "low": "2.0736",
            "close": "2.0741"
        },
        {
            "time": "26.12.2020 10:55",
            "open": "2.0741",
            "high": "2.0742",
            "low": "2.0741",
            "close": "2.0777"
        },
        {
            "time": "26.12.2020 10:58",
            "open": "2.0777",
            "high": "2.0777",
            "low": "2.0776",
            "close": "2.0805"
        },
        {
            "time": "26.12.2020 10:59",
            "open": "2.0805",
            "high": "2.0805",
            "low": "2.0805",
            "close": "2.0769"
        },
        {
            "time": "26.12.2020 11:00",
            "open": "2.0769",
            "high": "2.0769",
            "low": "2.0769",
            "close": "2.0725"
        },
        {
            "time": "26.12.2020 11:14",
            "open": "2.0725",
            "high": "2.0725",
            "low": "2.0725",
            "close": "2.0776"
        },
        {
            "time": "26.12.2020 11:16",
            "open": "2.0776",
            "high": "2.0777",
            "low": "2.0776",
            "close": "2.0792"
        },
        {
            "time": "26.12.2020 11:22",
            "open": "2.0792",
            "high": "2.0803",
            "low": "2.0792",
            "close": "2.0828"
        },
        {
            "time": "26.12.2020 11:24",
            "open": "2.0828",
            "high": "2.0828",
            "low": "2.0828",
            "close": "2.0912"
        },
        {
            "time": "26.12.2020 11:30",
            "open": "2.0912",
            "high": "2.0934",
            "low": "2.0912",
            "close": "2.0934"
        },
        {
            "time": "26.12.2020 11:31",
            "open": "2.0934",
            "high": "2.094",
            "low": "2.0928",
            "close": "2.0999"
        },
        {
            "time": "26.12.2020 11:36",
            "open": "2.0999",
            "high": "2.0999",
            "low": "2.0999",
            "close": "2.0944"
        },
        {
            "time": "26.12.2020 11:42",
            "open": "2.0944",
            "high": "2.0944",
            "low": "2.0944",
            "close": "2.0943"
        },
        {
            "time": "26.12.2020 11:50",
            "open": "2.0943",
            "high": "2.0943",
            "low": "2.0943",
            "close": "2.0879"
        },
        {
            "time": "26.12.2020 11:58",
            "open": "2.0879",
            "high": "2.0879",
            "low": "2.0879",
            "close": "2.0914"
        },
        {
            "time": "26.12.2020 12:00",
            "open": "2.0914",
            "high": "2.0914",
            "low": "2.0914",
            "close": "2.0987"
        },
        {
            "time": "26.12.2020 12:01",
            "open": "2.0987",
            "high": "2.0998",
            "low": "2.0987",
            "close": "2.0999"
        },
        {
            "time": "26.12.2020 12:03",
            "open": "2.0999",
            "high": "2.1",
            "low": "2.0999",
            "close": "2.1043"
        },
        {
            "time": "26.12.2020 12:08",
            "open": "2.1043",
            "high": "2.1043",
            "low": "2.1029",
            "close": "2.1052"
        },
        {
            "time": "26.12.2020 12:14",
            "open": "2.1052",
            "high": "2.1052",
            "low": "2.1016",
            "close": "2.0985"
        },
        {
            "time": "26.12.2020 12:17",
            "open": "2.0985",
            "high": "2.0985",
            "low": "2.094",
            "close": "2.0844"
        },
        {
            "time": "26.12.2020 12:18",
            "open": "2.0844",
            "high": "2.0844",
            "low": "2.0812",
            "close": "2.0793"
        },
        {
            "time": "26.12.2020 12:19",
            "open": "2.0793",
            "high": "2.0805",
            "low": "2.0792",
            "close": "2.0915"
        },
        {
            "time": "26.12.2020 12:24",
            "open": "2.0915",
            "high": "2.0915",
            "low": "2.0915",
            "close": "2.1035"
        },
        {
            "time": "26.12.2020 12:28",
            "open": "2.1035",
            "high": "2.1035",
            "low": "2.1035",
            "close": "2.1047"
        },
        {
            "time": "26.12.2020 12:29",
            "open": "2.1047",
            "high": "2.1047",
            "low": "2.1019",
            "close": "2.1062"
        },
        {
            "time": "26.12.2020 12:32",
            "open": "2.1062",
            "high": "2.1062",
            "low": "2.1062",
            "close": "2.1146"
        },
        {
            "time": "26.12.2020 12:33",
            "open": "2.1146",
            "high": "2.1146",
            "low": "2.1146",
            "close": "2.1145"
        },
        {
            "time": "26.12.2020 12:34",
            "open": "2.1145",
            "high": "2.1145",
            "low": "2.1137",
            "close": "2.1169"
        },
        {
            "time": "26.12.2020 12:35",
            "open": "2.1169",
            "high": "2.12",
            "low": "2.1169",
            "close": "2.1221"
        },
        {
            "time": "26.12.2020 12:37",
            "open": "2.1221",
            "high": "2.1221",
            "low": "2.1147",
            "close": "2.1155"
        },
        {
            "time": "26.12.2020 12:42",
            "open": "2.1155",
            "high": "2.1155",
            "low": "2.1154",
            "close": "2.1127"
        },
        {
            "time": "26.12.2020 12:46",
            "open": "2.1127",
            "high": "2.1154",
            "low": "2.1127",
            "close": "2.1199"
        },
        {
            "time": "26.12.2020 12:47",
            "open": "2.1199",
            "high": "2.1199",
            "low": "2.1199",
            "close": "2.1275"
        },
        {
            "time": "26.12.2020 12:56",
            "open": "2.1275",
            "high": "2.1275",
            "low": "2.1275",
            "close": "2.1275"
        },
        {
            "time": "26.12.2020 12:57",
            "open": "2.1275",
            "high": "2.1275",
            "low": "2.1275",
            "close": "2.131"
        },
        {
            "time": "26.12.2020 12:58",
            "open": "2.131",
            "high": "2.1498",
            "low": "2.131",
            "close": "2.1499"
        },
        {
            "time": "26.12.2020 12:59",
            "open": "2.1499",
            "high": "2.151",
            "low": "2.1499",
            "close": "2.1454"
        },
        {
            "time": "26.12.2020 13:00",
            "open": "2.1454",
            "high": "2.1565",
            "low": "2.1453",
            "close": "2.1554"
        },
        {
            "time": "26.12.2020 13:01",
            "open": "2.1554",
            "high": "2.1554",
            "low": "2.1554",
            "close": "2.1565"
        },
        {
            "time": "26.12.2020 13:03",
            "open": "2.1565",
            "high": "2.1565",
            "low": "2.1565",
            "close": "2.1643"
        },
        {
            "time": "26.12.2020 13:06",
            "open": "2.1643",
            "high": "2.1643",
            "low": "2.1643",
            "close": "2.1631"
        },
        {
            "time": "26.12.2020 13:09",
            "open": "2.1631",
            "high": "2.1631",
            "low": "2.1631",
            "close": "2.1587"
        },
        {
            "time": "26.12.2020 13:10",
            "open": "2.1587",
            "high": "2.1587",
            "low": "2.1572",
            "close": "2.1637"
        },
        {
            "time": "26.12.2020 13:11",
            "open": "2.1637",
            "high": "2.1668",
            "low": "2.1579",
            "close": "2.1629"
        },
        {
            "time": "26.12.2020 13:14",
            "open": "2.1629",
            "high": "2.1629",
            "low": "2.1629",
            "close": "2.1629"
        },
        {
            "time": "26.12.2020 13:17",
            "open": "2.1629",
            "high": "2.164",
            "low": "2.1629",
            "close": "2.1629"
        },
        {
            "time": "26.12.2020 13:21",
            "open": "2.1629",
            "high": "2.1629",
            "low": "2.1629",
            "close": "2.16"
        },
        {
            "time": "26.12.2020 13:22",
            "open": "2.16",
            "high": "2.16",
            "low": "2.1573",
            "close": "2.1431"
        },
        {
            "time": "26.12.2020 13:23",
            "open": "2.1431",
            "high": "2.1431",
            "low": "2.1431",
            "close": "2.15"
        },
        {
            "time": "26.12.2020 13:24",
            "open": "2.15",
            "high": "2.15",
            "low": "2.15",
            "close": "2.15"
        },
        {
            "time": "26.12.2020 13:25",
            "open": "2.15",
            "high": "2.15",
            "low": "2.15",
            "close": "2.1328"
        },
        {
            "time": "26.12.2020 13:30",
            "open": "2.1328",
            "high": "2.1328",
            "low": "2.1328",
            "close": "2.1335"
        },
        {
            "time": "26.12.2020 13:32",
            "open": "2.1335",
            "high": "2.1381",
            "low": "2.1335",
            "close": "2.1321"
        },
        {
            "time": "26.12.2020 13:41",
            "open": "2.1321",
            "high": "2.1321",
            "low": "2.1321",
            "close": "2.1384"
        },
        {
            "time": "26.12.2020 13:53",
            "open": "2.1384",
            "high": "2.1384",
            "low": "2.1384",
            "close": "2.1346"
        },
        {
            "time": "26.12.2020 13:59",
            "open": "2.1346",
            "high": "2.1346",
            "low": "2.1345",
            "close": "2.1378"
        },
        {
            "time": "26.12.2020 14:02",
            "open": "2.1378",
            "high": "2.1378",
            "low": "2.1378",
            "close": "2.1316"
        },
        {
            "time": "26.12.2020 14:07",
            "open": "2.1316",
            "high": "2.1318",
            "low": "2.1316",
            "close": "2.1219"
        },
        {
            "time": "26.12.2020 14:10",
            "open": "2.1219",
            "high": "2.1219",
            "low": "2.1159",
            "close": "2.1168"
        },
        {
            "time": "26.12.2020 14:13",
            "open": "2.1168",
            "high": "2.1168",
            "low": "2.1168",
            "close": "2.12"
        },
        {
            "time": "26.12.2020 14:17",
            "open": "2.12",
            "high": "2.12",
            "low": "2.12",
            "close": "2.1192"
        },
        {
            "time": "26.12.2020 14:28",
            "open": "2.1192",
            "high": "2.1192",
            "low": "2.1192",
            "close": "2.1077"
        },
        {
            "time": "26.12.2020 14:32",
            "open": "2.1077",
            "high": "2.1077",
            "low": "2.1077",
            "close": "2.1147"
        },
        {
            "time": "26.12.2020 14:34",
            "open": "2.1147",
            "high": "2.1147",
            "low": "2.1147",
            "close": "2.1072"
        },
        {
            "time": "26.12.2020 14:38",
            "open": "2.1072",
            "high": "2.1072",
            "low": "2.1072",
            "close": "2.1091"
        },
        {
            "time": "26.12.2020 14:39",
            "open": "2.1091",
            "high": "2.1091",
            "low": "2.1091",
            "close": "2.1065"
        },
        {
            "time": "26.12.2020 14:41",
            "open": "2.1065",
            "high": "2.1065",
            "low": "2.1",
            "close": "2.1"
        },
        {
            "time": "26.12.2020 14:42",
            "open": "2.1",
            "high": "2.1",
            "low": "2.1",
            "close": "2.1"
        },
        {
            "time": "26.12.2020 14:43",
            "open": "2.1",
            "high": "2.1",
            "low": "2.1",
            "close": "2.1"
        },
        {
            "time": "26.12.2020 14:44",
            "open": "2.1",
            "high": "2.1013",
            "low": "2.1",
            "close": "2.102"
        },
        {
            "time": "26.12.2020 14:45",
            "open": "2.102",
            "high": "2.1024",
            "low": "2.102",
            "close": "2.102"
        },
        {
            "time": "26.12.2020 14:46",
            "open": "2.102",
            "high": "2.102",
            "low": "2.102",
            "close": "2.0942"
        },
        {
            "time": "26.12.2020 14:57",
            "open": "2.0942",
            "high": "2.0942",
            "low": "2.0942",
            "close": "2.0926"
        },
        {
            "time": "26.12.2020 15:00",
            "open": "2.0926",
            "high": "2.0926",
            "low": "2.0915",
            "close": "2.0974"
        },
        {
            "time": "26.12.2020 15:12",
            "open": "2.0974",
            "high": "2.0974",
            "low": "2.0974",
            "close": "2.0924"
        },
        {
            "time": "26.12.2020 15:13",
            "open": "2.0924",
            "high": "2.0924",
            "low": "2.0923",
            "close": "2.1028"
        },
        {
            "time": "26.12.2020 15:20",
            "open": "2.1028",
            "high": "2.1028",
            "low": "2.1028",
            "close": "2.0956"
        },
        {
            "time": "26.12.2020 15:22",
            "open": "2.0956",
            "high": "2.0956",
            "low": "2.0956",
            "close": "2.0921"
        },
        {
            "time": "26.12.2020 15:23",
            "open": "2.0921",
            "high": "2.0921",
            "low": "2.0734",
            "close": "2.075"
        },
        {
            "time": "26.12.2020 15:24",
            "open": "2.075",
            "high": "2.075",
            "low": "2.0731",
            "close": "2.0743"
        },
        {
            "time": "26.12.2020 15:25",
            "open": "2.0743",
            "high": "2.0743",
            "low": "2.0743",
            "close": "2.0718"
        },
        {
            "time": "26.12.2020 15:26",
            "open": "2.0718",
            "high": "2.0718",
            "low": "2.0718",
            "close": "2.075"
        },
        {
            "time": "26.12.2020 15:27",
            "open": "2.075",
            "high": "2.075",
            "low": "2.075",
            "close": "2.0658"
        },
        {
            "time": "26.12.2020 15:34",
            "open": "2.0658",
            "high": "2.0658",
            "low": "2.0658",
            "close": "2.071"
        },
        {
            "time": "26.12.2020 15:35",
            "open": "2.071",
            "high": "2.071",
            "low": "2.071",
            "close": "2.0711"
        },
        {
            "time": "26.12.2020 15:36",
            "open": "2.0711",
            "high": "2.0711",
            "low": "2.0711",
            "close": "2.0712"
        },
        {
            "time": "26.12.2020 15:37",
            "open": "2.0712",
            "high": "2.0712",
            "low": "2.0712",
            "close": "2.0686"
        },
        {
            "time": "26.12.2020 15:40",
            "open": "2.0686",
            "high": "2.0686",
            "low": "2.0686",
            "close": "2.0681"
        },
        {
            "time": "26.12.2020 15:44",
            "open": "2.0681",
            "high": "2.0681",
            "low": "2.0681",
            "close": "2.0757"
        },
        {
            "time": "26.12.2020 15:47",
            "open": "2.0757",
            "high": "2.0762",
            "low": "2.0757",
            "close": "2.074"
        },
        {
            "time": "26.12.2020 15:49",
            "open": "2.074",
            "high": "2.074",
            "low": "2.074",
            "close": "2.073"
        },
        {
            "time": "26.12.2020 15:50",
            "open": "2.073",
            "high": "2.073",
            "low": "2.073",
            "close": "2.07"
        },
        {
            "time": "26.12.2020 15:55",
            "open": "2.07",
            "high": "2.07",
            "low": "2.07",
            "close": "2.074"
        },
        {
            "time": "26.12.2020 15:58",
            "open": "2.074",
            "high": "2.074",
            "low": "2.074",
            "close": "2.074"
        },
        {
            "time": "26.12.2020 15:59",
            "open": "2.074",
            "high": "2.074",
            "low": "2.074",
            "close": "2.074"
        },
        {
            "time": "26.12.2020 16:01",
            "open": "2.074",
            "high": "2.074",
            "low": "2.074",
            "close": "2.0658"
        },
        {
            "time": "26.12.2020 16:02",
            "open": "2.0658",
            "high": "2.0658",
            "low": "2.0629",
            "close": "2.06"
        },
        {
            "time": "26.12.2020 16:03",
            "open": "2.06",
            "high": "2.06",
            "low": "2.06",
            "close": "2.067"
        },
        {
            "time": "26.12.2020 16:06",
            "open": "2.067",
            "high": "2.067",
            "low": "2.064",
            "close": "2.062"
        },
        {
            "time": "26.12.2020 16:07",
            "open": "2.062",
            "high": "2.062",
            "low": "2.06",
            "close": "2.0617"
        },
        {
            "time": "26.12.2020 16:08",
            "open": "2.0617",
            "high": "2.0617",
            "low": "2.0617",
            "close": "2.064"
        },
        {
            "time": "26.12.2020 16:10",
            "open": "2.064",
            "high": "2.0646",
            "low": "2.064",
            "close": "2.0601"
        },
        {
            "time": "26.12.2020 16:11",
            "open": "2.0601",
            "high": "2.0601",
            "low": "2.0601",
            "close": "2.066"
        },
        {
            "time": "26.12.2020 16:12",
            "open": "2.066",
            "high": "2.066",
            "low": "2.066",
            "close": "2.066"
        },
        {
            "time": "26.12.2020 16:24",
            "open": "2.066",
            "high": "2.0666",
            "low": "2.066",
            "close": "2.0666"
        },
        {
            "time": "26.12.2020 16:26",
            "open": "2.0666",
            "high": "2.0666",
            "low": "2.0666",
            "close": "2.0687"
        },
        {
            "time": "26.12.2020 16:29",
            "open": "2.0687",
            "high": "2.0687",
            "low": "2.0678",
            "close": "2.0678"
        },
        {
            "time": "26.12.2020 16:31",
            "open": "2.0678",
            "high": "2.0682",
            "low": "2.0678",
            "close": "2.0691"
        },
        {
            "time": "26.12.2020 16:32",
            "open": "2.0691",
            "high": "2.0696",
            "low": "2.0691",
            "close": "2.0583"
        },
        {
            "time": "26.12.2020 16:38",
            "open": "2.0583",
            "high": "2.0593",
            "low": "2.058",
            "close": "2.0607"
        },
        {
            "time": "26.12.2020 16:39",
            "open": "2.0607",
            "high": "2.0607",
            "low": "2.0607",
            "close": "2.0596"
        },
        {
            "time": "26.12.2020 16:40",
            "open": "2.0596",
            "high": "2.0596",
            "low": "2.0596",
            "close": "2.055"
        },
        {
            "time": "26.12.2020 16:41",
            "open": "2.055",
            "high": "2.055",
            "low": "2.054",
            "close": "2.0699"
        },
        {
            "time": "26.12.2020 16:46",
            "open": "2.0699",
            "high": "2.0699",
            "low": "2.0699",
            "close": "2.069"
        },
        {
            "time": "26.12.2020 16:49",
            "open": "2.069",
            "high": "2.0692",
            "low": "2.069",
            "close": "2.0737"
        },
        {
            "time": "26.12.2020 16:51",
            "open": "2.0737",
            "high": "2.0737",
            "low": "2.0737",
            "close": "2.0737"
        },
        {
            "time": "26.12.2020 16:53",
            "open": "2.0737",
            "high": "2.0737",
            "low": "2.0737",
            "close": "2.0677"
        },
        {
            "time": "26.12.2020 16:59",
            "open": "2.0677",
            "high": "2.0677",
            "low": "2.0677",
            "close": "2.0676"
        },
        {
            "time": "26.12.2020 17:00",
            "open": "2.0676",
            "high": "2.0676",
            "low": "2.065",
            "close": "2.061"
        },
        {
            "time": "26.12.2020 17:01",
            "open": "2.061",
            "high": "2.061",
            "low": "2.061",
            "close": "2.0688"
        },
        {
            "time": "26.12.2020 17:03",
            "open": "2.0688",
            "high": "2.0688",
            "low": "2.0688",
            "close": "2.0608"
        },
        {
            "time": "26.12.2020 17:06",
            "open": "2.0608",
            "high": "2.0608",
            "low": "2.0608",
            "close": "2.0692"
        },
        {
            "time": "26.12.2020 17:08",
            "open": "2.0692",
            "high": "2.0692",
            "low": "2.0691",
            "close": "2.0608"
        },
        {
            "time": "26.12.2020 17:11",
            "open": "2.0608",
            "high": "2.0641",
            "low": "2.0597",
            "close": "2.057"
        },
        {
            "time": "26.12.2020 17:12",
            "open": "2.057",
            "high": "2.057",
            "low": "2.057",
            "close": "2.056"
        },
        {
            "time": "26.12.2020 17:13",
            "open": "2.056",
            "high": "2.056",
            "low": "2.056",
            "close": "2.0741"
        },
        {
            "time": "26.12.2020 17:16",
            "open": "2.0741",
            "high": "2.0796",
            "low": "2.0702",
            "close": "2.0799"
        },
        {
            "time": "26.12.2020 17:17",
            "open": "2.0799",
            "high": "2.0799",
            "low": "2.0743",
            "close": "2.0713"
        },
        {
            "time": "26.12.2020 17:18",
            "open": "2.0713",
            "high": "2.0813",
            "low": "2.0713",
            "close": "2.0826"
        },
        {
            "time": "26.12.2020 17:19",
            "open": "2.0826",
            "high": "2.0826",
            "low": "2.0788",
            "close": "2.0871"
        },
        {
            "time": "26.12.2020 17:20",
            "open": "2.0871",
            "high": "2.0871",
            "low": "2.0871",
            "close": "2.0967"
        },
        {
            "time": "26.12.2020 17:22",
            "open": "2.0967",
            "high": "2.0967",
            "low": "2.0967",
            "close": "2.1087"
        },
        {
            "time": "26.12.2020 17:24",
            "open": "2.1087",
            "high": "2.1087",
            "low": "2.1087",
            "close": "2.1"
        },
        {
            "time": "26.12.2020 17:25",
            "open": "2.1",
            "high": "2.1037",
            "low": "2.1",
            "close": "2.1037"
        },
        {
            "time": "26.12.2020 17:27",
            "open": "2.1037",
            "high": "2.1037",
            "low": "2.1037",
            "close": "2.1149"
        },
        {
            "time": "26.12.2020 17:28",
            "open": "2.1149",
            "high": "2.1149",
            "low": "2.1149",
            "close": "2.1193"
        },
        {
            "time": "26.12.2020 17:29",
            "open": "2.1193",
            "high": "2.1203",
            "low": "2.1193",
            "close": "2.1126"
        },
        {
            "time": "26.12.2020 17:31",
            "open": "2.1126",
            "high": "2.1145",
            "low": "2.1126",
            "close": "2.1061"
        },
        {
            "time": "26.12.2020 17:32",
            "open": "2.1061",
            "high": "2.1133",
            "low": "2.1061",
            "close": "2.1249"
        },
        {
            "time": "26.12.2020 17:34",
            "open": "2.1249",
            "high": "2.125",
            "low": "2.1249",
            "close": "2.1302"
        },
        {
            "time": "26.12.2020 17:36",
            "open": "2.1302",
            "high": "2.1302",
            "low": "2.1302",
            "close": "2.1466"
        },
        {
            "time": "26.12.2020 17:37",
            "open": "2.1466",
            "high": "2.1466",
            "low": "2.1466",
            "close": "2.1499"
        },
        {
            "time": "26.12.2020 17:38",
            "open": "2.1499",
            "high": "2.15",
            "low": "2.1414",
            "close": "2.1454"
        },
        {
            "time": "26.12.2020 17:39",
            "open": "2.1454",
            "high": "2.1454",
            "low": "2.1419",
            "close": "2.1419"
        },
        {
            "time": "26.12.2020 17:40",
            "open": "2.1419",
            "high": "2.1444",
            "low": "2.1381",
            "close": "2.139"
        },
        {
            "time": "26.12.2020 17:41",
            "open": "2.139",
            "high": "2.139",
            "low": "2.1367",
            "close": "2.1352"
        },
        {
            "time": "26.12.2020 17:42",
            "open": "2.1352",
            "high": "2.1352",
            "low": "2.135",
            "close": "2.1348"
        },
        {
            "time": "26.12.2020 17:43",
            "open": "2.1348",
            "high": "2.1349",
            "low": "2.1312",
            "close": "2.128"
        },
        {
            "time": "26.12.2020 17:46",
            "open": "2.128",
            "high": "2.128",
            "low": "2.128",
            "close": "2.132"
        },
        {
            "time": "26.12.2020 17:48",
            "open": "2.132",
            "high": "2.1321",
            "low": "2.132",
            "close": "2.1413"
        },
        {
            "time": "26.12.2020 17:49",
            "open": "2.1413",
            "high": "2.1423",
            "low": "2.1388",
            "close": "2.1372"
        },
        {
            "time": "26.12.2020 17:51",
            "open": "2.1372",
            "high": "2.1381",
            "low": "2.1372",
            "close": "2.1432"
        },
        {
            "time": "26.12.2020 17:53",
            "open": "2.1432",
            "high": "2.1432",
            "low": "2.1428",
            "close": "2.1387"
        },
        {
            "time": "26.12.2020 17:55",
            "open": "2.1387",
            "high": "2.139",
            "low": "2.1387",
            "close": "2.1355"
        },
        {
            "time": "26.12.2020 17:56",
            "open": "2.1355",
            "high": "2.1355",
            "low": "2.1355",
            "close": "2.1355"
        },
        {
            "time": "26.12.2020 17:59",
            "open": "2.1355",
            "high": "2.1355",
            "low": "2.1355",
            "close": "2.14"
        },
        {
            "time": "26.12.2020 18:00",
            "open": "2.14",
            "high": "2.14",
            "low": "2.1339",
            "close": "2.123"
        },
        {
            "time": "26.12.2020 18:03",
            "open": "2.123",
            "high": "2.1265",
            "low": "2.123",
            "close": "2.1181"
        },
        {
            "time": "26.12.2020 18:08",
            "open": "2.1181",
            "high": "2.1181",
            "low": "2.116",
            "close": "2.1191"
        },
        {
            "time": "26.12.2020 18:12",
            "open": "2.1191",
            "high": "2.1191",
            "low": "2.1191",
            "close": "2.1231"
        },
        {
            "time": "26.12.2020 18:14",
            "open": "2.1231",
            "high": "2.1231",
            "low": "2.1229",
            "close": "2.1158"
        },
        {
            "time": "26.12.2020 18:15",
            "open": "2.1158",
            "high": "2.1158",
            "low": "2.1158",
            "close": "2.0993"
        },
        {
            "time": "26.12.2020 18:26",
            "open": "2.0993",
            "high": "2.0993",
            "low": "2.0993",
            "close": "2.1006"
        },
        {
            "time": "26.12.2020 18:32",
            "open": "2.1006",
            "high": "2.1006",
            "low": "2.1006",
            "close": "2.1039"
        },
        {
            "time": "26.12.2020 18:33",
            "open": "2.1039",
            "high": "2.1046",
            "low": "2.0966",
            "close": "2.0941"
        },
        {
            "time": "26.12.2020 18:34",
            "open": "2.0941",
            "high": "2.0941",
            "low": "2.0908",
            "close": "2.0926"
        },
        {
            "time": "26.12.2020 18:38",
            "open": "2.0926",
            "high": "2.0926",
            "low": "2.0926",
            "close": "2.0935"
        },
        {
            "time": "26.12.2020 18:40",
            "open": "2.0935",
            "high": "2.0935",
            "low": "2.0935",
            "close": "2.0935"
        },
        {
            "time": "26.12.2020 18:41",
            "open": "2.0935",
            "high": "2.0935",
            "low": "2.0935",
            "close": "2.0967"
        },
        {
            "time": "26.12.2020 18:50",
            "open": "2.0967",
            "high": "2.0967",
            "low": "2.0967",
            "close": "2.1013"
        },
        {
            "time": "26.12.2020 18:56",
            "open": "2.1013",
            "high": "2.1013",
            "low": "2.1013",
            "close": "2.101"
        },
        {
            "time": "26.12.2020 18:59",
            "open": "2.101",
            "high": "2.1015",
            "low": "2.101",
            "close": "2.1038"
        },
        {
            "time": "26.12.2020 19:04",
            "open": "2.1038",
            "high": "2.1038",
            "low": "2.1038",
            "close": "2.1075"
        },
        {
            "time": "26.12.2020 19:05",
            "open": "2.1075",
            "high": "2.1075",
            "low": "2.1075",
            "close": "2.1128"
        },
        {
            "time": "26.12.2020 19:07",
            "open": "2.1128",
            "high": "2.1128",
            "low": "2.1128",
            "close": "2.1152"
        },
        {
            "time": "26.12.2020 19:12",
            "open": "2.1152",
            "high": "2.1152",
            "low": "2.1152",
            "close": "2.1105"
        },
        {
            "time": "26.12.2020 19:16",
            "open": "2.1105",
            "high": "2.1105",
            "low": "2.1105",
            "close": "2.1061"
        },
        {
            "time": "26.12.2020 19:22",
            "open": "2.1061",
            "high": "2.1061",
            "low": "2.0996",
            "close": "2.099"
        },
        {
            "time": "26.12.2020 19:25",
            "open": "2.099",
            "high": "2.099",
            "low": "2.099",
            "close": "2.1111"
        },
        {
            "time": "26.12.2020 19:33",
            "open": "2.1111",
            "high": "2.1111",
            "low": "2.1111",
            "close": "2.1064"
        },
        {
            "time": "26.12.2020 19:34",
            "open": "2.1064",
            "high": "2.1069",
            "low": "2.1056",
            "close": "2.1011"
        },
        {
            "time": "26.12.2020 19:42",
            "open": "2.1011",
            "high": "2.1011",
            "low": "2.1011",
            "close": "2.1017"
        },
        {
            "time": "26.12.2020 19:45",
            "open": "2.1017",
            "high": "2.1017",
            "low": "2.0942",
            "close": "2.1118"
        },
        {
            "time": "26.12.2020 19:51",
            "open": "2.1118",
            "high": "2.1118",
            "low": "2.1118",
            "close": "2.1069"
        },
        {
            "time": "26.12.2020 19:52",
            "open": "2.1069",
            "high": "2.1069",
            "low": "2.1069",
            "close": "2.1019"
        },
        {
            "time": "26.12.2020 19:53",
            "open": "2.1019",
            "high": "2.1019",
            "low": "2.1019",
            "close": "2.1029"
        },
        {
            "time": "26.12.2020 19:54",
            "open": "2.1029",
            "high": "2.1029",
            "low": "2.1029",
            "close": "2.1071"
        },
        {
            "time": "26.12.2020 19:55",
            "open": "2.1071",
            "high": "2.1071",
            "low": "2.1071",
            "close": "2.1036"
        },
        {
            "time": "26.12.2020 19:59",
            "open": "2.1036",
            "high": "2.1036",
            "low": "2.1036",
            "close": "2.1036"
        },
        {
            "time": "26.12.2020 20:06",
            "open": "2.1036",
            "high": "2.1036",
            "low": "2.1036",
            "close": "2.1036"
        },
        {
            "time": "26.12.2020 20:07",
            "open": "2.1036",
            "high": "2.1036",
            "low": "2.1036",
            "close": "2.1054"
        },
        {
            "time": "26.12.2020 20:08",
            "open": "2.1054",
            "high": "2.1054",
            "low": "2.1054",
            "close": "2.1029"
        },
        {
            "time": "26.12.2020 20:09",
            "open": "2.1029",
            "high": "2.1029",
            "low": "2.1029",
            "close": "2.1061"
        },
        {
            "time": "26.12.2020 20:11",
            "open": "2.1061",
            "high": "2.1128",
            "low": "2.1061",
            "close": "2.1134"
        },
        {
            "time": "26.12.2020 20:12",
            "open": "2.1134",
            "high": "2.1134",
            "low": "2.1134",
            "close": "2.1091"
        },
        {
            "time": "26.12.2020 20:16",
            "open": "2.1091",
            "high": "2.1091",
            "low": "2.1091",
            "close": "2.1009"
        },
        {
            "time": "26.12.2020 20:19",
            "open": "2.1009",
            "high": "2.1009",
            "low": "2.1009",
            "close": "2.0994"
        },
        {
            "time": "26.12.2020 20:34",
            "open": "2.0994",
            "high": "2.0994",
            "low": "2.0993",
            "close": "2.1054"
        },
        {
            "time": "26.12.2020 20:35",
            "open": "2.1054",
            "high": "2.1054",
            "low": "2.1054",
            "close": "2.1063"
        },
        {
            "time": "26.12.2020 20:38",
            "open": "2.1063",
            "high": "2.1063",
            "low": "2.1063",
            "close": "2.1063"
        },
        {
            "time": "26.12.2020 20:43",
            "open": "2.1063",
            "high": "2.1063",
            "low": "2.1063",
            "close": "2.1063"
        },
        {
            "time": "26.12.2020 20:44",
            "open": "2.1063",
            "high": "2.1063",
            "low": "2.1063",
            "close": "2.1016"
        },
        {
            "time": "26.12.2020 20:48",
            "open": "2.1016",
            "high": "2.1016",
            "low": "2.0986",
            "close": "2.1022"
        },
        {
            "time": "26.12.2020 20:50",
            "open": "2.1022",
            "high": "2.1022",
            "low": "2.1022",
            "close": "2.1004"
        },
        {
            "time": "26.12.2020 20:53",
            "open": "2.1004",
            "high": "2.1004",
            "low": "2.1004",
            "close": "2.1015"
        },
        {
            "time": "26.12.2020 20:56",
            "open": "2.1015",
            "high": "2.1015",
            "low": "2.1015",
            "close": "2.0979"
        },
        {
            "time": "26.12.2020 20:58",
            "open": "2.0979",
            "high": "2.0979",
            "low": "2.0955",
            "close": "2.0942"
        },
        {
            "time": "26.12.2020 21:02",
            "open": "2.0942",
            "high": "2.0942",
            "low": "2.0942",
            "close": "2.0911"
        },
        {
            "time": "26.12.2020 21:04",
            "open": "2.0911",
            "high": "2.0911",
            "low": "2.0911",
            "close": "2.0919"
        },
        {
            "time": "26.12.2020 21:07",
            "open": "2.0919",
            "high": "2.0919",
            "low": "2.0919",
            "close": "2.0829"
        },
        {
            "time": "26.12.2020 21:10",
            "open": "2.0829",
            "high": "2.0829",
            "low": "2.0829",
            "close": "2.0925"
        },
        {
            "time": "26.12.2020 21:25",
            "open": "2.0925",
            "high": "2.0925",
            "low": "2.0925",
            "close": "2.0926"
        },
        {
            "time": "26.12.2020 21:30",
            "open": "2.0926",
            "high": "2.0929",
            "low": "2.0926",
            "close": "2.0935"
        },
        {
            "time": "26.12.2020 21:38",
            "open": "2.0935",
            "high": "2.0935",
            "low": "2.0894",
            "close": "2.0914"
        },
        {
            "time": "26.12.2020 21:40",
            "open": "2.0914",
            "high": "2.0925",
            "low": "2.0913",
            "close": "2.0934"
        },
        {
            "time": "26.12.2020 21:47",
            "open": "2.0934",
            "high": "2.0934",
            "low": "2.0934",
            "close": "2.0918"
        },
        {
            "time": "26.12.2020 21:51",
            "open": "2.0918",
            "high": "2.0918",
            "low": "2.0918",
            "close": "2.0882"
        },
        {
            "time": "26.12.2020 21:56",
            "open": "2.0882",
            "high": "2.0882",
            "low": "2.0882",
            "close": "2.0889"
        },
        {
            "time": "26.12.2020 22:00",
            "open": "2.0889",
            "high": "2.089",
            "low": "2.0889",
            "close": "2.087"
        },
        {
            "time": "26.12.2020 22:05",
            "open": "2.087",
            "high": "2.087",
            "low": "2.0869",
            "close": "2.0936"
        },
        {
            "time": "26.12.2020 22:06",
            "open": "2.0936",
            "high": "2.0936",
            "low": "2.0936",
            "close": "2.1029"
        },
        {
            "time": "26.12.2020 22:14",
            "open": "2.1029",
            "high": "2.1033",
            "low": "2.1",
            "close": "2.1082"
        },
        {
            "time": "26.12.2020 22:17",
            "open": "2.1082",
            "high": "2.1097",
            "low": "2.1082",
            "close": "2.1119"
        },
        {
            "time": "26.12.2020 22:21",
            "open": "2.1119",
            "high": "2.1119",
            "low": "2.1119",
            "close": "2.115"
        },
        {
            "time": "26.12.2020 22:26",
            "open": "2.115",
            "high": "2.115",
            "low": "2.115",
            "close": "2.1095"
        },
        {
            "time": "26.12.2020 22:32",
            "open": "2.1095",
            "high": "2.1135",
            "low": "2.1095",
            "close": "2.1097"
        },
        {
            "time": "26.12.2020 22:38",
            "open": "2.1097",
            "high": "2.1097",
            "low": "2.1097",
            "close": "2.109"
        },
        {
            "time": "26.12.2020 22:39",
            "open": "2.109",
            "high": "2.109",
            "low": "2.1062",
            "close": "2.1034"
        },
        {
            "time": "26.12.2020 22:43",
            "open": "2.1034",
            "high": "2.1034",
            "low": "2.1034",
            "close": "2.1054"
        },
        {
            "time": "26.12.2020 22:44",
            "open": "2.1054",
            "high": "2.1054",
            "low": "2.1041",
            "close": "2.1088"
        },
        {
            "time": "26.12.2020 22:45",
            "open": "2.1088",
            "high": "2.1088",
            "low": "2.1088",
            "close": "2.1059"
        },
        {
            "time": "26.12.2020 22:47",
            "open": "2.1059",
            "high": "2.106",
            "low": "2.1059",
            "close": "2.106"
        },
        {
            "time": "26.12.2020 22:48",
            "open": "2.106",
            "high": "2.106",
            "low": "2.106",
            "close": "2.1055"
        },
        {
            "time": "26.12.2020 22:49",
            "open": "2.1055",
            "high": "2.1055",
            "low": "2.1011",
            "close": "2.1044"
        },
        {
            "time": "26.12.2020 22:52",
            "open": "2.1044",
            "high": "2.1044",
            "low": "2.1044",
            "close": "2.0968"
        },
        {
            "time": "26.12.2020 22:54",
            "open": "2.0968",
            "high": "2.0977",
            "low": "2.0968",
            "close": "2.0978"
        },
        {
            "time": "26.12.2020 22:56",
            "open": "2.0978",
            "high": "2.0978",
            "low": "2.0978",
            "close": "2.0881"
        },
        {
            "time": "26.12.2020 23:06",
            "open": "2.0881",
            "high": "2.0881",
            "low": "2.0881",
            "close": "2.0859"
        },
        {
            "time": "26.12.2020 23:12",
            "open": "2.0859",
            "high": "2.0859",
            "low": "2.0859",
            "close": "2.0829"
        },
        {
            "time": "26.12.2020 23:13",
            "open": "2.0829",
            "high": "2.0829",
            "low": "2.0762",
            "close": "2.0736"
        },
        {
            "time": "26.12.2020 23:17",
            "open": "2.0736",
            "high": "2.0736",
            "low": "2.0736",
            "close": "2.071"
        },
        {
            "time": "26.12.2020 23:18",
            "open": "2.071",
            "high": "2.071",
            "low": "2.07",
            "close": "2.0618"
        },
        {
            "time": "26.12.2020 23:19",
            "open": "2.0618",
            "high": "2.0618",
            "low": "2.061",
            "close": "2.056"
        },
        {
            "time": "26.12.2020 23:20",
            "open": "2.056",
            "high": "2.056",
            "low": "2.053",
            "close": "2.0569"
        },
        {
            "time": "26.12.2020 23:23",
            "open": "2.0569",
            "high": "2.0569",
            "low": "2.0566",
            "close": "2.0594"
        },
        {
            "time": "26.12.2020 23:25",
            "open": "2.0594",
            "high": "2.0594",
            "low": "2.0594",
            "close": "2.0576"
        },
        {
            "time": "26.12.2020 23:28",
            "open": "2.0576",
            "high": "2.0576",
            "low": "2.0576",
            "close": "2.0587"
        },
        {
            "time": "26.12.2020 23:29",
            "open": "2.0587",
            "high": "2.0587",
            "low": "2.0587",
            "close": "2.0574"
        },
        {
            "time": "26.12.2020 23:31",
            "open": "2.0574",
            "high": "2.0574",
            "low": "2.0563",
            "close": "2.0521"
        },
        {
            "time": "26.12.2020 23:32",
            "open": "2.0521",
            "high": "2.0521",
            "low": "2.0521",
            "close": "2.053"
        },
        {
            "time": "26.12.2020 23:34",
            "open": "2.053",
            "high": "2.053",
            "low": "2.053",
            "close": "2.053"
        },
        {
            "time": "26.12.2020 23:35",
            "open": "2.053",
            "high": "2.0559",
            "low": "2.053",
            "close": "2.0558"
        },
        {
            "time": "26.12.2020 23:38",
            "open": "2.0558",
            "high": "2.0558",
            "low": "2.0558",
            "close": "2.057"
        },
        {
            "time": "26.12.2020 23:45",
            "open": "2.057",
            "high": "2.057",
            "low": "2.057",
            "close": "2.058"
        },
        {
            "time": "26.12.2020 23:47",
            "open": "2.058",
            "high": "2.058",
            "low": "2.0533",
            "close": "2.0514"
        },
        {
            "time": "26.12.2020 23:49",
            "open": "2.0514",
            "high": "2.0514",
            "low": "2.0514",
            "close": "2.05"
        },
        {
            "time": "26.12.2020 23:50",
            "open": "2.05",
            "high": "2.05",
            "low": "2.0451",
            "close": "2.054"
        },
        {
            "time": "26.12.2020 23:51",
            "open": "2.054",
            "high": "2.054",
            "low": "2.0501",
            "close": "2.0574"
        },
        {
            "time": "26.12.2020 23:53",
            "open": "2.0574",
            "high": "2.0627",
            "low": "2.0573",
            "close": "2.059"
        },
        {
            "time": "26.12.2020 23:55",
            "open": "2.059",
            "high": "2.059",
            "low": "2.059",
            "close": "2.0591"
        }
    ]
}