{
    "OMG-EUR": [
        {
            "time": "30.12.2020 23:58",
            "open": "2.0038",
            "high": "2.0038",
            "low": "2.0009",
            "close": "1.994"
        },
        {
            "time": "31.12.2020 00:04",
            "open": "1.994",
            "high": "1.994",
            "low": "1.9938",
            "close": "2.0012"
        },
        {
            "time": "31.12.2020 00:07",
            "open": "2.0012",
            "high": "2.0012",
            "low": "2.0012",
            "close": "1.9995"
        },
        {
            "time": "31.12.2020 00:10",
            "open": "1.9995",
            "high": "1.9995",
            "low": "1.9995",
            "close": "1.9995"
        },
        {
            "time": "31.12.2020 00:14",
            "open": "1.9995",
            "high": "1.9995",
            "low": "1.9995",
            "close": "1.9926"
        },
        {
            "time": "31.12.2020 00:15",
            "open": "1.9926",
            "high": "1.9926",
            "low": "1.99",
            "close": "1.99"
        },
        {
            "time": "31.12.2020 00:16",
            "open": "1.99",
            "high": "1.99",
            "low": "1.99",
            "close": "2.0048"
        },
        {
            "time": "31.12.2020 00:19",
            "open": "2.0048",
            "high": "2.0058",
            "low": "2.0043",
            "close": "2.0046"
        },
        {
            "time": "31.12.2020 00:20",
            "open": "2.0046",
            "high": "2.0046",
            "low": "2.0046",
            "close": "1.9946"
        },
        {
            "time": "31.12.2020 00:22",
            "open": "1.9946",
            "high": "1.9946",
            "low": "1.9929",
            "close": "1.99"
        },
        {
            "time": "31.12.2020 00:23",
            "open": "1.99",
            "high": "1.99",
            "low": "1.99",
            "close": "1.989"
        },
        {
            "time": "31.12.2020 00:24",
            "open": "1.989",
            "high": "1.989",
            "low": "1.989",
            "close": "1.9947"
        },
        {
            "time": "31.12.2020 00:29",
            "open": "1.9947",
            "high": "1.9947",
            "low": "1.9946",
            "close": "1.995"
        },
        {
            "time": "31.12.2020 00:35",
            "open": "1.995",
            "high": "1.995",
            "low": "1.9946",
            "close": "1.9964"
        },
        {
            "time": "31.12.2020 00:38",
            "open": "1.9964",
            "high": "1.9964",
            "low": "1.9932",
            "close": "2.0065"
        },
        {
            "time": "31.12.2020 00:46",
            "open": "2.0065",
            "high": "2.0069",
            "low": "2.0065",
            "close": "2.0077"
        },
        {
            "time": "31.12.2020 00:47",
            "open": "2.0077",
            "high": "2.0077",
            "low": "2.0077",
            "close": "2.0058"
        },
        {
            "time": "31.12.2020 00:48",
            "open": "2.0058",
            "high": "2.0058",
            "low": "2.0058",
            "close": "2.0093"
        },
        {
            "time": "31.12.2020 00:50",
            "open": "2.0093",
            "high": "2.0093",
            "low": "2.0093",
            "close": "2.002"
        },
        {
            "time": "31.12.2020 00:56",
            "open": "2.002",
            "high": "2.002",
            "low": "2.002",
            "close": "2.0069"
        },
        {
            "time": "31.12.2020 01:00",
            "open": "2.0069",
            "high": "2.0071",
            "low": "2.0069",
            "close": "2.0007"
        },
        {
            "time": "31.12.2020 01:02",
            "open": "2.0007",
            "high": "2.0007",
            "low": "2.0007",
            "close": "1.9907"
        },
        {
            "time": "31.12.2020 01:09",
            "open": "1.9907",
            "high": "1.9907",
            "low": "1.9907",
            "close": "1.988"
        },
        {
            "time": "31.12.2020 01:10",
            "open": "1.988",
            "high": "1.9886",
            "low": "1.988",
            "close": "1.986"
        },
        {
            "time": "31.12.2020 01:12",
            "open": "1.986",
            "high": "1.986",
            "low": "1.986",
            "close": "1.9867"
        },
        {
            "time": "31.12.2020 01:13",
            "open": "1.9867",
            "high": "1.9867",
            "low": "1.9867",
            "close": "1.987"
        },
        {
            "time": "31.12.2020 01:15",
            "open": "1.987",
            "high": "1.9871",
            "low": "1.987",
            "close": "1.9845"
        },
        {
            "time": "31.12.2020 01:21",
            "open": "1.9845",
            "high": "1.9852",
            "low": "1.9845",
            "close": "1.9862"
        },
        {
            "time": "31.12.2020 01:25",
            "open": "1.9862",
            "high": "1.9862",
            "low": "1.9862",
            "close": "1.9871"
        },
        {
            "time": "31.12.2020 01:26",
            "open": "1.9871",
            "high": "1.99",
            "low": "1.9871",
            "close": "1.9841"
        },
        {
            "time": "31.12.2020 01:41",
            "open": "1.9841",
            "high": "1.9841",
            "low": "1.9841",
            "close": "1.9819"
        },
        {
            "time": "31.12.2020 01:42",
            "open": "1.9819",
            "high": "1.9819",
            "low": "1.98",
            "close": "1.978"
        },
        {
            "time": "31.12.2020 01:43",
            "open": "1.978",
            "high": "1.978",
            "low": "1.978",
            "close": "1.9841"
        },
        {
            "time": "31.12.2020 01:44",
            "open": "1.9841",
            "high": "1.9841",
            "low": "1.9841",
            "close": "1.9799"
        },
        {
            "time": "31.12.2020 01:45",
            "open": "1.9799",
            "high": "1.98",
            "low": "1.9798",
            "close": "1.9796"
        },
        {
            "time": "31.12.2020 01:49",
            "open": "1.9796",
            "high": "1.9796",
            "low": "1.9768",
            "close": "1.975"
        },
        {
            "time": "31.12.2020 01:54",
            "open": "1.975",
            "high": "1.975",
            "low": "1.975",
            "close": "1.97"
        },
        {
            "time": "31.12.2020 01:59",
            "open": "1.97",
            "high": "1.97",
            "low": "1.97",
            "close": "1.965"
        },
        {
            "time": "31.12.2020 02:01",
            "open": "1.965",
            "high": "1.965",
            "low": "1.95",
            "close": "1.9513"
        },
        {
            "time": "31.12.2020 02:02",
            "open": "1.9513",
            "high": "1.9636",
            "low": "1.9512",
            "close": "1.9615"
        },
        {
            "time": "31.12.2020 02:03",
            "open": "1.9615",
            "high": "1.962",
            "low": "1.9615",
            "close": "1.965"
        },
        {
            "time": "31.12.2020 02:06",
            "open": "1.965",
            "high": "1.965",
            "low": "1.9619",
            "close": "1.9645"
        },
        {
            "time": "31.12.2020 02:07",
            "open": "1.9645",
            "high": "1.9645",
            "low": "1.9645",
            "close": "1.9645"
        },
        {
            "time": "31.12.2020 02:08",
            "open": "1.9645",
            "high": "1.9645",
            "low": "1.9645",
            "close": "1.9501"
        },
        {
            "time": "31.12.2020 02:09",
            "open": "1.9501",
            "high": "1.9501",
            "low": "1.95",
            "close": "1.9522"
        },
        {
            "time": "31.12.2020 02:10",
            "open": "1.9522",
            "high": "1.9522",
            "low": "1.9522",
            "close": "1.9617"
        },
        {
            "time": "31.12.2020 02:12",
            "open": "1.9617",
            "high": "1.9617",
            "low": "1.9617",
            "close": "1.9567"
        },
        {
            "time": "31.12.2020 02:14",
            "open": "1.9567",
            "high": "1.9567",
            "low": "1.9567",
            "close": "1.958"
        },
        {
            "time": "31.12.2020 02:21",
            "open": "1.958",
            "high": "1.958",
            "low": "1.958",
            "close": "1.9563"
        },
        {
            "time": "31.12.2020 02:23",
            "open": "1.9563",
            "high": "1.9563",
            "low": "1.956",
            "close": "1.9441"
        },
        {
            "time": "31.12.2020 02:26",
            "open": "1.9441",
            "high": "1.9441",
            "low": "1.9422",
            "close": "1.9416"
        },
        {
            "time": "31.12.2020 02:28",
            "open": "1.9416",
            "high": "1.9416",
            "low": "1.9416",
            "close": "1.9416"
        },
        {
            "time": "31.12.2020 02:29",
            "open": "1.9416",
            "high": "1.9416",
            "low": "1.94",
            "close": "1.9533"
        },
        {
            "time": "31.12.2020 02:34",
            "open": "1.9533",
            "high": "1.9542",
            "low": "1.9533",
            "close": "1.9562"
        },
        {
            "time": "31.12.2020 02:35",
            "open": "1.9562",
            "high": "1.9587",
            "low": "1.9562",
            "close": "1.9532"
        },
        {
            "time": "31.12.2020 02:37",
            "open": "1.9532",
            "high": "1.9532",
            "low": "1.9532",
            "close": "1.9519"
        },
        {
            "time": "31.12.2020 02:39",
            "open": "1.9519",
            "high": "1.9519",
            "low": "1.9519",
            "close": "1.9525"
        },
        {
            "time": "31.12.2020 02:41",
            "open": "1.9525",
            "high": "1.9525",
            "low": "1.9525",
            "close": "1.9619"
        },
        {
            "time": "31.12.2020 03:08",
            "open": "1.9619",
            "high": "1.962",
            "low": "1.9619",
            "close": "1.9624"
        },
        {
            "time": "31.12.2020 03:13",
            "open": "1.9624",
            "high": "1.9624",
            "low": "1.9624",
            "close": "1.96"
        },
        {
            "time": "31.12.2020 03:14",
            "open": "1.96",
            "high": "1.96",
            "low": "1.96",
            "close": "1.9626"
        },
        {
            "time": "31.12.2020 03:16",
            "open": "1.9626",
            "high": "1.9626",
            "low": "1.9626",
            "close": "1.9652"
        },
        {
            "time": "31.12.2020 03:20",
            "open": "1.9652",
            "high": "1.9652",
            "low": "1.9652",
            "close": "1.9652"
        },
        {
            "time": "31.12.2020 03:22",
            "open": "1.9652",
            "high": "1.9652",
            "low": "1.9652",
            "close": "1.9635"
        },
        {
            "time": "31.12.2020 03:24",
            "open": "1.9635",
            "high": "1.9635",
            "low": "1.9635",
            "close": "1.9635"
        },
        {
            "time": "31.12.2020 03:25",
            "open": "1.9635",
            "high": "1.9635",
            "low": "1.9635",
            "close": "1.965"
        },
        {
            "time": "31.12.2020 03:27",
            "open": "1.965",
            "high": "1.965",
            "low": "1.965",
            "close": "1.9654"
        },
        {
            "time": "31.12.2020 03:28",
            "open": "1.9654",
            "high": "1.9655",
            "low": "1.9654",
            "close": "1.9699"
        },
        {
            "time": "31.12.2020 03:34",
            "open": "1.9699",
            "high": "1.9701",
            "low": "1.9699",
            "close": "1.967"
        },
        {
            "time": "31.12.2020 03:35",
            "open": "1.967",
            "high": "1.967",
            "low": "1.967",
            "close": "1.9655"
        },
        {
            "time": "31.12.2020 03:41",
            "open": "1.9655",
            "high": "1.9655",
            "low": "1.9655",
            "close": "1.967"
        },
        {
            "time": "31.12.2020 03:48",
            "open": "1.967",
            "high": "1.967",
            "low": "1.9669",
            "close": "1.9656"
        },
        {
            "time": "31.12.2020 03:51",
            "open": "1.9656",
            "high": "1.9656",
            "low": "1.9651",
            "close": "1.9651"
        },
        {
            "time": "31.12.2020 04:14",
            "open": "1.9651",
            "high": "1.9651",
            "low": "1.9651",
            "close": "1.9686"
        },
        {
            "time": "31.12.2020 04:33",
            "open": "1.9686",
            "high": "1.9686",
            "low": "1.9686",
            "close": "1.9713"
        },
        {
            "time": "31.12.2020 04:44",
            "open": "1.9713",
            "high": "1.9713",
            "low": "1.9686",
            "close": "1.965"
        },
        {
            "time": "31.12.2020 04:47",
            "open": "1.965",
            "high": "1.965",
            "low": "1.965",
            "close": "1.9672"
        },
        {
            "time": "31.12.2020 04:56",
            "open": "1.9672",
            "high": "1.9672",
            "low": "1.9665",
            "close": "1.9637"
        },
        {
            "time": "31.12.2020 04:59",
            "open": "1.9637",
            "high": "1.9637",
            "low": "1.9637",
            "close": "1.9585"
        },
        {
            "time": "31.12.2020 05:00",
            "open": "1.9585",
            "high": "1.9592",
            "low": "1.9585",
            "close": "1.955"
        },
        {
            "time": "31.12.2020 05:13",
            "open": "1.955",
            "high": "1.955",
            "low": "1.955",
            "close": "1.9571"
        },
        {
            "time": "31.12.2020 05:16",
            "open": "1.9571",
            "high": "1.9571",
            "low": "1.9571",
            "close": "1.9639"
        },
        {
            "time": "31.12.2020 05:27",
            "open": "1.9639",
            "high": "1.9661",
            "low": "1.9639",
            "close": "1.9714"
        },
        {
            "time": "31.12.2020 05:30",
            "open": "1.9714",
            "high": "1.9714",
            "low": "1.9714",
            "close": "1.9748"
        },
        {
            "time": "31.12.2020 05:32",
            "open": "1.9748",
            "high": "1.9748",
            "low": "1.9748",
            "close": "1.978"
        },
        {
            "time": "31.12.2020 05:33",
            "open": "1.9748",
            "high": "1.9748",
            "low": "1.9748",
            "close": "1.9654"
        },
        {
            "time": "31.12.2020 05:35",
            "open": "1.9654",
            "high": "1.9654",
            "low": "1.9624",
            "close": "1.965"
        },
        {
            "time": "31.12.2020 05:36",
            "open": "1.965",
            "high": "1.9654",
            "low": "1.965",
            "close": "1.9644"
        },
        {
            "time": "31.12.2020 05:37",
            "open": "1.9644",
            "high": "1.9645",
            "low": "1.9644",
            "close": "1.9611"
        },
        {
            "time": "31.12.2020 05:38",
            "open": "1.9611",
            "high": "1.9657",
            "low": "1.9611",
            "close": "1.9707"
        },
        {
            "time": "31.12.2020 05:39",
            "open": "1.9707",
            "high": "1.9707",
            "low": "1.9707",
            "close": "1.9657"
        },
        {
            "time": "31.12.2020 05:42",
            "open": "1.9657",
            "high": "1.9657",
            "low": "1.9657",
            "close": "1.9706"
        },
        {
            "time": "31.12.2020 05:52",
            "open": "1.9706",
            "high": "1.9706",
            "low": "1.9676",
            "close": "1.9696"
        },
        {
            "time": "31.12.2020 05:53",
            "open": "1.9696",
            "high": "1.9696",
            "low": "1.9676",
            "close": "1.9675"
        },
        {
            "time": "31.12.2020 05:54",
            "open": "1.9675",
            "high": "1.9675",
            "low": "1.9675",
            "close": "1.9657"
        },
        {
            "time": "31.12.2020 05:55",
            "open": "1.9657",
            "high": "1.9657",
            "low": "1.9657",
            "close": "1.9653"
        },
        {
            "time": "31.12.2020 06:02",
            "open": "1.9653",
            "high": "1.9654",
            "low": "1.9653",
            "close": "1.9667"
        },
        {
            "time": "31.12.2020 06:03",
            "open": "1.9667",
            "high": "1.9667",
            "low": "1.9667",
            "close": "1.9676"
        },
        {
            "time": "31.12.2020 06:05",
            "open": "1.9676",
            "high": "1.9685",
            "low": "1.9676",
            "close": "1.9575"
        },
        {
            "time": "31.12.2020 06:17",
            "open": "1.9575",
            "high": "1.9575",
            "low": "1.9574",
            "close": "1.955"
        },
        {
            "time": "31.12.2020 06:29",
            "open": "1.955",
            "high": "1.955",
            "low": "1.955",
            "close": "1.955"
        },
        {
            "time": "31.12.2020 06:32",
            "open": "1.955",
            "high": "1.955",
            "low": "1.955",
            "close": "1.9579"
        },
        {
            "time": "31.12.2020 06:33",
            "open": "1.9579",
            "high": "1.9579",
            "low": "1.9579",
            "close": "1.9555"
        },
        {
            "time": "31.12.2020 06:34",
            "open": "1.9555",
            "high": "1.9555",
            "low": "1.9555",
            "close": "1.9563"
        },
        {
            "time": "31.12.2020 06:35",
            "open": "1.9563",
            "high": "1.9563",
            "low": "1.9563",
            "close": "1.9597"
        },
        {
            "time": "31.12.2020 06:36",
            "open": "1.9597",
            "high": "1.9597",
            "low": "1.9597",
            "close": "1.952"
        },
        {
            "time": "31.12.2020 06:37",
            "open": "1.952",
            "high": "1.952",
            "low": "1.9505",
            "close": "1.9529"
        },
        {
            "time": "31.12.2020 06:40",
            "open": "1.9529",
            "high": "1.9529",
            "low": "1.9529",
            "close": "1.9615"
        },
        {
            "time": "31.12.2020 06:43",
            "open": "1.9615",
            "high": "1.9615",
            "low": "1.9615",
            "close": "1.9637"
        },
        {
            "time": "31.12.2020 06:51",
            "open": "1.9637",
            "high": "1.9637",
            "low": "1.9637",
            "close": "1.9597"
        },
        {
            "time": "31.12.2020 07:00",
            "open": "1.9597",
            "high": "1.9597",
            "low": "1.9597",
            "close": "1.9645"
        },
        {
            "time": "31.12.2020 07:05",
            "open": "1.9645",
            "high": "1.9645",
            "low": "1.9645",
            "close": "1.9682"
        },
        {
            "time": "31.12.2020 07:22",
            "open": "1.9682",
            "high": "1.9682",
            "low": "1.9682",
            "close": "1.9689"
        },
        {
            "time": "31.12.2020 07:25",
            "open": "1.9689",
            "high": "1.969",
            "low": "1.9689",
            "close": "1.9717"
        },
        {
            "time": "31.12.2020 07:26",
            "open": "1.9717",
            "high": "1.9718",
            "low": "1.9717",
            "close": "1.9682"
        },
        {
            "time": "31.12.2020 07:28",
            "open": "1.9682",
            "high": "1.9697",
            "low": "1.9682",
            "close": "1.9704"
        },
        {
            "time": "31.12.2020 07:31",
            "open": "1.9704",
            "high": "1.9704",
            "low": "1.9699",
            "close": "1.9602"
        },
        {
            "time": "31.12.2020 07:32",
            "open": "1.9602",
            "high": "1.9602",
            "low": "1.948",
            "close": "1.9496"
        },
        {
            "time": "31.12.2020 07:33",
            "open": "1.9496",
            "high": "1.9519",
            "low": "1.9495",
            "close": "1.9514"
        },
        {
            "time": "31.12.2020 07:34",
            "open": "1.9514",
            "high": "1.9514",
            "low": "1.9507",
            "close": "1.9508"
        },
        {
            "time": "31.12.2020 07:38",
            "open": "1.9508",
            "high": "1.9508",
            "low": "1.949",
            "close": "1.949"
        },
        {
            "time": "31.12.2020 07:39",
            "open": "1.949",
            "high": "1.949",
            "low": "1.949",
            "close": "1.9479"
        },
        {
            "time": "31.12.2020 07:41",
            "open": "1.9479",
            "high": "1.9502",
            "low": "1.9479",
            "close": "1.9519"
        },
        {
            "time": "31.12.2020 07:44",
            "open": "1.9519",
            "high": "1.9535",
            "low": "1.9519",
            "close": "1.9548"
        },
        {
            "time": "31.12.2020 07:48",
            "open": "1.9548",
            "high": "1.9548",
            "low": "1.9548",
            "close": "1.9551"
        },
        {
            "time": "31.12.2020 07:52",
            "open": "1.9551",
            "high": "1.9551",
            "low": "1.9551",
            "close": "1.9545"
        },
        {
            "time": "31.12.2020 07:53",
            "open": "1.9545",
            "high": "1.9551",
            "low": "1.9545",
            "close": "1.9551"
        },
        {
            "time": "31.12.2020 07:54",
            "open": "1.9551",
            "high": "1.9551",
            "low": "1.9551",
            "close": "1.9502"
        },
        {
            "time": "31.12.2020 07:55",
            "open": "1.9502",
            "high": "1.9502",
            "low": "1.9479",
            "close": "1.945"
        },
        {
            "time": "31.12.2020 07:57",
            "open": "1.945",
            "high": "1.9484",
            "low": "1.9445",
            "close": "1.9525"
        },
        {
            "time": "31.12.2020 08:05",
            "open": "1.9525",
            "high": "1.9525",
            "low": "1.9525",
            "close": "1.96"
        },
        {
            "time": "31.12.2020 08:06",
            "open": "1.96",
            "high": "1.9773",
            "low": "1.96",
            "close": "1.9771"
        },
        {
            "time": "31.12.2020 08:09",
            "open": "1.9771",
            "high": "1.9771",
            "low": "1.9771",
            "close": "1.9837"
        },
        {
            "time": "31.12.2020 08:11",
            "open": "1.9837",
            "high": "1.9837",
            "low": "1.9837",
            "close": "1.9791"
        },
        {
            "time": "31.12.2020 08:12",
            "open": "1.9791",
            "high": "1.9791",
            "low": "1.9791",
            "close": "1.9693"
        },
        {
            "time": "31.12.2020 08:13",
            "open": "1.9693",
            "high": "1.9694",
            "low": "1.9693",
            "close": "1.9785"
        },
        {
            "time": "31.12.2020 08:20",
            "open": "1.9785",
            "high": "1.9785",
            "low": "1.9785",
            "close": "1.9799"
        },
        {
            "time": "31.12.2020 08:23",
            "open": "1.9799",
            "high": "1.9799",
            "low": "1.9799",
            "close": "1.9785"
        },
        {
            "time": "31.12.2020 08:24",
            "open": "1.9785",
            "high": "1.9786",
            "low": "1.9785",
            "close": "1.9724"
        },
        {
            "time": "31.12.2020 08:27",
            "open": "1.9724",
            "high": "1.9724",
            "low": "1.9724",
            "close": "1.9696"
        },
        {
            "time": "31.12.2020 08:33",
            "open": "1.9696",
            "high": "1.9696",
            "low": "1.9696",
            "close": "1.9668"
        },
        {
            "time": "31.12.2020 08:36",
            "open": "1.9668",
            "high": "1.9668",
            "low": "1.9668",
            "close": "1.9681"
        },
        {
            "time": "31.12.2020 08:37",
            "open": "1.9681",
            "high": "1.9681",
            "low": "1.9662",
            "close": "1.9637"
        },
        {
            "time": "31.12.2020 08:40",
            "open": "1.9637",
            "high": "1.9661",
            "low": "1.9637",
            "close": "1.9663"
        },
        {
            "time": "31.12.2020 08:44",
            "open": "1.9663",
            "high": "1.9663",
            "low": "1.9661",
            "close": "1.9677"
        },
        {
            "time": "31.12.2020 08:50",
            "open": "1.9677",
            "high": "1.9677",
            "low": "1.9677",
            "close": "1.9669"
        },
        {
            "time": "31.12.2020 08:54",
            "open": "1.9669",
            "high": "1.9669",
            "low": "1.9628",
            "close": "1.9652"
        },
        {
            "time": "31.12.2020 08:56",
            "open": "1.9652",
            "high": "1.9652",
            "low": "1.9652",
            "close": "1.9694"
        },
        {
            "time": "31.12.2020 08:59",
            "open": "1.9694",
            "high": "1.9694",
            "low": "1.9694",
            "close": "1.9701"
        },
        {
            "time": "31.12.2020 09:00",
            "open": "1.9701",
            "high": "1.9705",
            "low": "1.9701",
            "close": "1.9601"
        },
        {
            "time": "31.12.2020 09:03",
            "open": "1.9601",
            "high": "1.9603",
            "low": "1.958",
            "close": "1.9603"
        },
        {
            "time": "31.12.2020 09:04",
            "open": "1.9603",
            "high": "1.9603",
            "low": "1.9603",
            "close": "1.9603"
        },
        {
            "time": "31.12.2020 09:07",
            "open": "1.9603",
            "high": "1.964",
            "low": "1.9577",
            "close": "1.967"
        },
        {
            "time": "31.12.2020 09:09",
            "open": "1.967",
            "high": "1.9672",
            "low": "1.967",
            "close": "1.9673"
        },
        {
            "time": "31.12.2020 09:13",
            "open": "1.9673",
            "high": "1.9673",
            "low": "1.9672",
            "close": "1.9653"
        },
        {
            "time": "31.12.2020 09:15",
            "open": "1.9653",
            "high": "1.967",
            "low": "1.9653",
            "close": "1.967"
        },
        {
            "time": "31.12.2020 09:17",
            "open": "1.967",
            "high": "1.9693",
            "low": "1.967",
            "close": "1.9676"
        },
        {
            "time": "31.12.2020 09:26",
            "open": "1.9676",
            "high": "1.9676",
            "low": "1.9676",
            "close": "1.967"
        },
        {
            "time": "31.12.2020 09:28",
            "open": "1.967",
            "high": "1.967",
            "low": "1.967",
            "close": "1.9623"
        },
        {
            "time": "31.12.2020 09:30",
            "open": "1.9623",
            "high": "1.9623",
            "low": "1.9623",
            "close": "1.9637"
        },
        {
            "time": "31.12.2020 09:33",
            "open": "1.9637",
            "high": "1.9637",
            "low": "1.9637",
            "close": "1.9595"
        },
        {
            "time": "31.12.2020 09:37",
            "open": "1.9595",
            "high": "1.9596",
            "low": "1.9595",
            "close": "1.961"
        },
        {
            "time": "31.12.2020 09:39",
            "open": "1.961",
            "high": "1.9616",
            "low": "1.9588",
            "close": "1.963"
        },
        {
            "time": "31.12.2020 09:43",
            "open": "1.963",
            "high": "1.963",
            "low": "1.963",
            "close": "1.9628"
        },
        {
            "time": "31.12.2020 09:44",
            "open": "1.9628",
            "high": "1.9628",
            "low": "1.9566",
            "close": "1.9598"
        },
        {
            "time": "31.12.2020 09:45",
            "open": "1.9598",
            "high": "1.9599",
            "low": "1.9566",
            "close": "1.9595"
        },
        {
            "time": "31.12.2020 09:46",
            "open": "1.9595",
            "high": "1.9595",
            "low": "1.9595",
            "close": "1.9591"
        },
        {
            "time": "31.12.2020 09:49",
            "open": "1.9591",
            "high": "1.9591",
            "low": "1.9591",
            "close": "1.9586"
        },
        {
            "time": "31.12.2020 09:52",
            "open": "1.9586",
            "high": "1.9586",
            "low": "1.9586",
            "close": "1.9593"
        },
        {
            "time": "31.12.2020 09:53",
            "open": "1.9593",
            "high": "1.9593",
            "low": "1.9593",
            "close": "1.9599"
        },
        {
            "time": "31.12.2020 09:54",
            "open": "1.9599",
            "high": "1.9607",
            "low": "1.9599",
            "close": "1.9642"
        },
        {
            "time": "31.12.2020 09:55",
            "open": "1.9642",
            "high": "1.9643",
            "low": "1.9642",
            "close": "1.9645"
        },
        {
            "time": "31.12.2020 09:57",
            "open": "1.9645",
            "high": "1.9645",
            "low": "1.9645",
            "close": "1.9607"
        },
        {
            "time": "31.12.2020 10:04",
            "open": "1.9607",
            "high": "1.9607",
            "low": "1.9607",
            "close": "1.9607"
        },
        {
            "time": "31.12.2020 10:05",
            "open": "1.9607",
            "high": "1.9607",
            "low": "1.9607",
            "close": "1.962"
        },
        {
            "time": "31.12.2020 10:07",
            "open": "1.962",
            "high": "1.962",
            "low": "1.9593",
            "close": "1.9607"
        },
        {
            "time": "31.12.2020 10:13",
            "open": "1.9607",
            "high": "1.9607",
            "low": "1.9607",
            "close": "1.9555"
        },
        {
            "time": "31.12.2020 10:16",
            "open": "1.9555",
            "high": "1.9555",
            "low": "1.9529",
            "close": "1.9529"
        },
        {
            "time": "31.12.2020 10:17",
            "open": "1.9529",
            "high": "1.9529",
            "low": "1.9462",
            "close": "1.952"
        },
        {
            "time": "31.12.2020 10:18",
            "open": "1.952",
            "high": "1.9521",
            "low": "1.952",
            "close": "1.9575"
        },
        {
            "time": "31.12.2020 10:19",
            "open": "1.9575",
            "high": "1.9575",
            "low": "1.9575",
            "close": "1.9663"
        },
        {
            "time": "31.12.2020 10:21",
            "open": "1.9663",
            "high": "1.9677",
            "low": "1.9648",
            "close": "1.9737"
        },
        {
            "time": "31.12.2020 10:23",
            "open": "1.9737",
            "high": "1.9739",
            "low": "1.9737",
            "close": "1.9785"
        },
        {
            "time": "31.12.2020 10:24",
            "open": "1.9785",
            "high": "1.9785",
            "low": "1.9785",
            "close": "1.9805"
        },
        {
            "time": "31.12.2020 10:27",
            "open": "1.9805",
            "high": "1.9805",
            "low": "1.9763",
            "close": "1.9809"
        },
        {
            "time": "31.12.2020 10:42",
            "open": "1.9809",
            "high": "1.9809",
            "low": "1.9809",
            "close": "1.983"
        },
        {
            "time": "31.12.2020 10:49",
            "open": "1.983",
            "high": "1.9897",
            "low": "1.9805",
            "close": "1.9878"
        },
        {
            "time": "31.12.2020 10:55",
            "open": "1.9878",
            "high": "1.9878",
            "low": "1.9878",
            "close": "1.9942"
        },
        {
            "time": "31.12.2020 10:56",
            "open": "1.9942",
            "high": "1.9942",
            "low": "1.9894",
            "close": "1.9926"
        },
        {
            "time": "31.12.2020 10:57",
            "open": "1.9926",
            "high": "1.9926",
            "low": "1.9926",
            "close": "1.9931"
        },
        {
            "time": "31.12.2020 10:58",
            "open": "1.9931",
            "high": "1.9931",
            "low": "1.9931",
            "close": "1.9938"
        },
        {
            "time": "31.12.2020 10:59",
            "open": "1.9938",
            "high": "1.9938",
            "low": "1.9937",
            "close": "1.995"
        },
        {
            "time": "31.12.2020 11:02",
            "open": "1.995",
            "high": "1.9976",
            "low": "1.995",
            "close": "1.9893"
        },
        {
            "time": "31.12.2020 11:03",
            "open": "1.9893",
            "high": "1.9893",
            "low": "1.9893",
            "close": "1.9881"
        },
        {
            "time": "31.12.2020 11:04",
            "open": "1.9881",
            "high": "1.9881",
            "low": "1.9881",
            "close": "1.9849"
        },
        {
            "time": "31.12.2020 11:05",
            "open": "1.9849",
            "high": "1.9849",
            "low": "1.9849",
            "close": "1.985"
        },
        {
            "time": "31.12.2020 11:09",
            "open": "1.985",
            "high": "1.985",
            "low": "1.985",
            "close": "1.9879"
        },
        {
            "time": "31.12.2020 11:10",
            "open": "1.9879",
            "high": "1.988",
            "low": "1.9879",
            "close": "1.9913"
        },
        {
            "time": "31.12.2020 11:11",
            "open": "1.9913",
            "high": "1.9914",
            "low": "1.9913",
            "close": "1.9955"
        },
        {
            "time": "31.12.2020 11:13",
            "open": "1.9955",
            "high": "2.0046",
            "low": "1.9955",
            "close": "2.0046"
        },
        {
            "time": "31.12.2020 11:14",
            "open": "2.0046",
            "high": "2.0078",
            "low": "2.0046",
            "close": "2.0078"
        },
        {
            "time": "31.12.2020 11:15",
            "open": "2.0078",
            "high": "2.0078",
            "low": "2.0074",
            "close": "2.0078"
        },
        {
            "time": "31.12.2020 11:16",
            "open": "2.0078",
            "high": "2.0078",
            "low": "2.0078",
            "close": "2.0033"
        },
        {
            "time": "31.12.2020 11:18",
            "open": "2.0033",
            "high": "2.0033",
            "low": "2.0033",
            "close": "2.0028"
        },
        {
            "time": "31.12.2020 11:19",
            "open": "2.0028",
            "high": "2.0054",
            "low": "2.0028",
            "close": "2.005"
        },
        {
            "time": "31.12.2020 11:20",
            "open": "2.005",
            "high": "2.008",
            "low": "2.005",
            "close": "2.0174"
        },
        {
            "time": "31.12.2020 11:21",
            "open": "2.0174",
            "high": "2.0183",
            "low": "2.0174",
            "close": "2.0204"
        },
        {
            "time": "31.12.2020 11:22",
            "open": "2.0204",
            "high": "2.0221",
            "low": "2.0204",
            "close": "2.025"
        },
        {
            "time": "31.12.2020 11:23",
            "open": "2.025",
            "high": "2.025",
            "low": "2.025",
            "close": "2.0179"
        },
        {
            "time": "31.12.2020 11:24",
            "open": "2.0179",
            "high": "2.0179",
            "low": "2.0108",
            "close": "2.0132"
        },
        {
            "time": "31.12.2020 11:26",
            "open": "2.0132",
            "high": "2.0132",
            "low": "2.0132",
            "close": "2.0137"
        },
        {
            "time": "31.12.2020 11:27",
            "open": "2.0137",
            "high": "2.0137",
            "low": "2.0137",
            "close": "2.0143"
        },
        {
            "time": "31.12.2020 11:28",
            "open": "2.0143",
            "high": "2.0143",
            "low": "2.0143",
            "close": "2.0153"
        },
        {
            "time": "31.12.2020 11:29",
            "open": "2.0153",
            "high": "2.0162",
            "low": "2.0153",
            "close": "2.0152"
        },
        {
            "time": "31.12.2020 11:30",
            "open": "2.0152",
            "high": "2.0152",
            "low": "2.0152",
            "close": "2.0152"
        },
        {
            "time": "31.12.2020 11:31",
            "open": "2.0152",
            "high": "2.0152",
            "low": "2.0152",
            "close": "2.0164"
        },
        {
            "time": "31.12.2020 11:33",
            "open": "2.0164",
            "high": "2.0203",
            "low": "2.0164",
            "close": "2.0221"
        },
        {
            "time": "31.12.2020 11:35",
            "open": "2.0221",
            "high": "2.0221",
            "low": "2.0221",
            "close": "2.0221"
        },
        {
            "time": "31.12.2020 11:36",
            "open": "2.0221",
            "high": "2.0221",
            "low": "2.0221",
            "close": "2.0232"
        },
        {
            "time": "31.12.2020 11:37",
            "open": "2.0232",
            "high": "2.0232",
            "low": "2.0232",
            "close": "2.028"
        },
        {
            "time": "31.12.2020 11:40",
            "open": "2.028",
            "high": "2.028",
            "low": "2.0254",
            "close": "2.0216"
        },
        {
            "time": "31.12.2020 11:42",
            "open": "2.0216",
            "high": "2.0216",
            "low": "2.0216",
            "close": "2.0254"
        },
        {
            "time": "31.12.2020 11:47",
            "open": "2.0254",
            "high": "2.0254",
            "low": "2.0254",
            "close": "2.0262"
        },
        {
            "time": "31.12.2020 11:48",
            "open": "2.0262",
            "high": "2.0266",
            "low": "2.0261",
            "close": "2.0267"
        },
        {
            "time": "31.12.2020 11:49",
            "open": "2.0267",
            "high": "2.0267",
            "low": "2.0267",
            "close": "2.027"
        },
        {
            "time": "31.12.2020 11:50",
            "open": "2.027",
            "high": "2.0279",
            "low": "2.027",
            "close": "2.028"
        },
        {
            "time": "31.12.2020 11:51",
            "open": "2.028",
            "high": "2.031",
            "low": "2.028",
            "close": "2.031"
        },
        {
            "time": "31.12.2020 11:53",
            "open": "2.031",
            "high": "2.0421",
            "low": "2.031",
            "close": "2.0395"
        },
        {
            "time": "31.12.2020 11:54",
            "open": "2.0395",
            "high": "2.0476",
            "low": "2.0395",
            "close": "2.0476"
        },
        {
            "time": "31.12.2020 11:55",
            "open": "2.0476",
            "high": "2.0532",
            "low": "2.0468",
            "close": "2.0456"
        },
        {
            "time": "31.12.2020 11:56",
            "open": "2.0456",
            "high": "2.0578",
            "low": "2.0423",
            "close": "2.0618"
        },
        {
            "time": "31.12.2020 11:57",
            "open": "2.0618",
            "high": "2.0671",
            "low": "2.0618",
            "close": "2.0604"
        },
        {
            "time": "31.12.2020 11:58",
            "open": "2.0604",
            "high": "2.0604",
            "low": "2.048",
            "close": "2.0481"
        },
        {
            "time": "31.12.2020 11:59",
            "open": "2.0481",
            "high": "2.0545",
            "low": "2.0426",
            "close": "2.048"
        },
        {
            "time": "31.12.2020 12:00",
            "open": "2.048",
            "high": "2.048",
            "low": "2.048",
            "close": "2.0428"
        },
        {
            "time": "31.12.2020 12:01",
            "open": "2.0428",
            "high": "2.0428",
            "low": "2.0266",
            "close": "2.0266"
        },
        {
            "time": "31.12.2020 12:02",
            "open": "2.0266",
            "high": "2.029",
            "low": "2.0266",
            "close": "2.0367"
        },
        {
            "time": "31.12.2020 12:03",
            "open": "2.0367",
            "high": "2.0367",
            "low": "2.0324",
            "close": "2.0311"
        },
        {
            "time": "31.12.2020 12:05",
            "open": "2.0311",
            "high": "2.0321",
            "low": "2.0272",
            "close": "2.0267"
        },
        {
            "time": "31.12.2020 12:06",
            "open": "2.0267",
            "high": "2.0281",
            "low": "2.0267",
            "close": "2.0291"
        },
        {
            "time": "31.12.2020 12:07",
            "open": "2.0291",
            "high": "2.0291",
            "low": "2.0291",
            "close": "2.0266"
        },
        {
            "time": "31.12.2020 12:08",
            "open": "2.0266",
            "high": "2.0266",
            "low": "2.022",
            "close": "2.0195"
        },
        {
            "time": "31.12.2020 12:09",
            "open": "2.0195",
            "high": "2.0195",
            "low": "2.0195",
            "close": "2.0178"
        },
        {
            "time": "31.12.2020 12:10",
            "open": "2.0178",
            "high": "2.0178",
            "low": "2.0178",
            "close": "2.0178"
        },
        {
            "time": "31.12.2020 12:11",
            "open": "2.0178",
            "high": "2.0178",
            "low": "2.0178",
            "close": "2.012"
        },
        {
            "time": "31.12.2020 12:12",
            "open": "2.012",
            "high": "2.012",
            "low": "2.0097",
            "close": "2.0114"
        },
        {
            "time": "31.12.2020 12:13",
            "open": "2.0114",
            "high": "2.0114",
            "low": "2.0105",
            "close": "2.0103"
        },
        {
            "time": "31.12.2020 12:16",
            "open": "2.0103",
            "high": "2.0117",
            "low": "2.0076",
            "close": "2.0091"
        },
        {
            "time": "31.12.2020 12:17",
            "open": "2.0091",
            "high": "2.0091",
            "low": "2.0046",
            "close": "1.9991"
        },
        {
            "time": "31.12.2020 12:18",
            "open": "1.9991",
            "high": "1.9991",
            "low": "1.9991",
            "close": "2.0019"
        },
        {
            "time": "31.12.2020 12:19",
            "open": "2.0019",
            "high": "2.0019",
            "low": "2.0019",
            "close": "2.0149"
        },
        {
            "time": "31.12.2020 12:21",
            "open": "2.0149",
            "high": "2.0149",
            "low": "2.0149",
            "close": "2.011"
        },
        {
            "time": "31.12.2020 12:29",
            "open": "2.011",
            "high": "2.011",
            "low": "2.011",
            "close": "2.0081"
        },
        {
            "time": "31.12.2020 12:32",
            "open": "2.0081",
            "high": "2.0092",
            "low": "2.0081",
            "close": "2.0092"
        },
        {
            "time": "31.12.2020 12:34",
            "open": "2.0092",
            "high": "2.0092",
            "low": "2.0092",
            "close": "2.0127"
        },
        {
            "time": "31.12.2020 12:44",
            "open": "2.0127",
            "high": "2.0127",
            "low": "2.0125",
            "close": "2.0176"
        },
        {
            "time": "31.12.2020 12:45",
            "open": "2.0176",
            "high": "2.0177",
            "low": "2.0176",
            "close": "2.0206"
        },
        {
            "time": "31.12.2020 12:51",
            "open": "2.0206",
            "high": "2.0211",
            "low": "2.0206",
            "close": "2.0208"
        },
        {
            "time": "31.12.2020 12:56",
            "open": "2.0208",
            "high": "2.0208",
            "low": "2.0179",
            "close": "2.0069"
        },
        {
            "time": "31.12.2020 12:59",
            "open": "2.0069",
            "high": "2.0069",
            "low": "2.0069",
            "close": "2.0084"
        },
        {
            "time": "31.12.2020 13:01",
            "open": "2.0084",
            "high": "2.0084",
            "low": "2.0084",
            "close": "2.0189"
        },
        {
            "time": "31.12.2020 13:03",
            "open": "2.0189",
            "high": "2.0189",
            "low": "2.0189",
            "close": "2.0189"
        },
        {
            "time": "31.12.2020 13:09",
            "open": "2.0189",
            "high": "2.0189",
            "low": "2.0147",
            "close": "2.0154"
        },
        {
            "time": "31.12.2020 13:14",
            "open": "2.0154",
            "high": "2.0154",
            "low": "2.0136",
            "close": "2.0058"
        },
        {
            "time": "31.12.2020 13:15",
            "open": "2.0058",
            "high": "2.0058",
            "low": "2.0058",
            "close": "2.0088"
        },
        {
            "time": "31.12.2020 13:16",
            "open": "2.0088",
            "high": "2.0088",
            "low": "2.0085",
            "close": "2.0067"
        },
        {
            "time": "31.12.2020 13:17",
            "open": "2.0067",
            "high": "2.0117",
            "low": "2.0067",
            "close": "2.0192"
        },
        {
            "time": "31.12.2020 13:24",
            "open": "2.0192",
            "high": "2.0192",
            "low": "2.0192",
            "close": "2.0084"
        },
        {
            "time": "31.12.2020 13:32",
            "open": "2.0084",
            "high": "2.0084",
            "low": "2.0084",
            "close": "2.0097"
        },
        {
            "time": "31.12.2020 13:34",
            "open": "2.0097",
            "high": "2.0097",
            "low": "2.0097",
            "close": "2.0058"
        },
        {
            "time": "31.12.2020 13:35",
            "open": "2.0058",
            "high": "2.0058",
            "low": "2.0058",
            "close": "2.0122"
        },
        {
            "time": "31.12.2020 13:37",
            "open": "2.0122",
            "high": "2.0122",
            "low": "2.0117",
            "close": "2.0101"
        },
        {
            "time": "31.12.2020 13:38",
            "open": "2.0101",
            "high": "2.0114",
            "low": "2.006",
            "close": "2.0025"
        },
        {
            "time": "31.12.2020 13:54",
            "open": "2.0025",
            "high": "2.0198",
            "low": "1.9943",
            "close": "1.991"
        },
        {
            "time": "31.12.2020 13:55",
            "open": "1.991",
            "high": "1.991",
            "low": "1.985",
            "close": "1.9803"
        },
        {
            "time": "31.12.2020 13:56",
            "open": "1.9803",
            "high": "1.9803",
            "low": "1.9803",
            "close": "1.975"
        },
        {
            "time": "31.12.2020 13:57",
            "open": "1.975",
            "high": "1.975",
            "low": "1.9611",
            "close": "1.9631"
        },
        {
            "time": "31.12.2020 13:58",
            "open": "1.9631",
            "high": "1.9725",
            "low": "1.963",
            "close": "1.9779"
        },
        {
            "time": "31.12.2020 13:59",
            "open": "1.9779",
            "high": "1.9796",
            "low": "1.9779",
            "close": "1.967"
        },
        {
            "time": "31.12.2020 14:00",
            "open": "1.967",
            "high": "1.967",
            "low": "1.967",
            "close": "1.9675"
        },
        {
            "time": "31.12.2020 14:01",
            "open": "1.9675",
            "high": "1.9675",
            "low": "1.9675",
            "close": "1.9675"
        },
        {
            "time": "31.12.2020 14:02",
            "open": "1.9675",
            "high": "1.9675",
            "low": "1.965",
            "close": "1.9655"
        },
        {
            "time": "31.12.2020 14:03",
            "open": "1.9655",
            "high": "1.9657",
            "low": "1.9655",
            "close": "1.958"
        },
        {
            "time": "31.12.2020 14:05",
            "open": "1.958",
            "high": "1.958",
            "low": "1.955",
            "close": "1.9522"
        },
        {
            "time": "31.12.2020 14:06",
            "open": "1.9522",
            "high": "1.9522",
            "low": "1.9322",
            "close": "1.9478"
        },
        {
            "time": "31.12.2020 14:07",
            "open": "1.9478",
            "high": "1.966",
            "low": "1.9478",
            "close": "1.9546"
        },
        {
            "time": "31.12.2020 14:08",
            "open": "1.9546",
            "high": "1.9546",
            "low": "1.9546",
            "close": "1.9554"
        },
        {
            "time": "31.12.2020 14:09",
            "open": "1.9554",
            "high": "1.9554",
            "low": "1.9538",
            "close": "1.9616"
        },
        {
            "time": "31.12.2020 14:10",
            "open": "1.9616",
            "high": "1.9675",
            "low": "1.9616",
            "close": "1.9711"
        },
        {
            "time": "31.12.2020 14:11",
            "open": "1.9711",
            "high": "1.9711",
            "low": "1.9599",
            "close": "1.957"
        },
        {
            "time": "31.12.2020 14:12",
            "open": "1.957",
            "high": "1.957",
            "low": "1.9538",
            "close": "1.9551"
        },
        {
            "time": "31.12.2020 14:13",
            "open": "1.9551",
            "high": "1.9551",
            "low": "1.9478",
            "close": "1.9452"
        },
        {
            "time": "31.12.2020 14:14",
            "open": "1.9452",
            "high": "1.9573",
            "low": "1.9417",
            "close": "1.9595"
        },
        {
            "time": "31.12.2020 14:15",
            "open": "1.9595",
            "high": "1.963",
            "low": "1.9586",
            "close": "1.969"
        },
        {
            "time": "31.12.2020 14:17",
            "open": "1.969",
            "high": "1.969",
            "low": "1.969",
            "close": "1.9709"
        },
        {
            "time": "31.12.2020 14:18",
            "open": "1.9709",
            "high": "1.9709",
            "low": "1.9709",
            "close": "1.9665"
        },
        {
            "time": "31.12.2020 14:19",
            "open": "1.9665",
            "high": "1.9665",
            "low": "1.9652",
            "close": "1.9673"
        },
        {
            "time": "31.12.2020 14:20",
            "open": "1.9673",
            "high": "1.9673",
            "low": "1.9673",
            "close": "1.9676"
        },
        {
            "time": "31.12.2020 14:22",
            "open": "1.9676",
            "high": "1.9709",
            "low": "1.967",
            "close": "1.9777"
        },
        {
            "time": "31.12.2020 14:23",
            "open": "1.9777",
            "high": "1.9777",
            "low": "1.9777",
            "close": "1.9817"
        },
        {
            "time": "31.12.2020 14:25",
            "open": "1.9817",
            "high": "1.9817",
            "low": "1.9817",
            "close": "1.9718"
        },
        {
            "time": "31.12.2020 14:27",
            "open": "1.9718",
            "high": "1.9718",
            "low": "1.9718",
            "close": "1.9673"
        },
        {
            "time": "31.12.2020 14:28",
            "open": "1.9673",
            "high": "1.9673",
            "low": "1.9673",
            "close": "1.9741"
        },
        {
            "time": "31.12.2020 14:31",
            "open": "1.9741",
            "high": "1.9741",
            "low": "1.9741",
            "close": "1.9741"
        },
        {
            "time": "31.12.2020 14:36",
            "open": "1.9741",
            "high": "1.9775",
            "low": "1.9741",
            "close": "1.9792"
        },
        {
            "time": "31.12.2020 14:37",
            "open": "1.9792",
            "high": "1.9792",
            "low": "1.9792",
            "close": "1.9792"
        },
        {
            "time": "31.12.2020 14:38",
            "open": "1.9792",
            "high": "1.9795",
            "low": "1.9792",
            "close": "1.9792"
        },
        {
            "time": "31.12.2020 14:39",
            "open": "1.9792",
            "high": "1.9797",
            "low": "1.9759",
            "close": "1.9821"
        },
        {
            "time": "31.12.2020 14:42",
            "open": "1.9821",
            "high": "1.9821",
            "low": "1.9821",
            "close": "1.9812"
        },
        {
            "time": "31.12.2020 14:44",
            "open": "1.9812",
            "high": "1.9812",
            "low": "1.9798",
            "close": "1.9819"
        },
        {
            "time": "31.12.2020 14:45",
            "open": "1.9819",
            "high": "1.9819",
            "low": "1.9819",
            "close": "1.9762"
        },
        {
            "time": "31.12.2020 14:47",
            "open": "1.9762",
            "high": "1.9779",
            "low": "1.9762",
            "close": "1.9731"
        },
        {
            "time": "31.12.2020 14:48",
            "open": "1.9731",
            "high": "1.9731",
            "low": "1.9731",
            "close": "1.975"
        },
        {
            "time": "31.12.2020 14:51",
            "open": "1.975",
            "high": "1.975",
            "low": "1.9725",
            "close": "1.9708"
        },
        {
            "time": "31.12.2020 14:52",
            "open": "1.9708",
            "high": "1.9708",
            "low": "1.9708",
            "close": "1.9757"
        },
        {
            "time": "31.12.2020 14:56",
            "open": "1.9757",
            "high": "1.9757",
            "low": "1.9757",
            "close": "1.9786"
        },
        {
            "time": "31.12.2020 14:58",
            "open": "1.9786",
            "high": "1.9786",
            "low": "1.9786",
            "close": "1.9783"
        },
        {
            "time": "31.12.2020 15:00",
            "open": "1.9783",
            "high": "1.9783",
            "low": "1.9783",
            "close": "1.9747"
        },
        {
            "time": "31.12.2020 15:02",
            "open": "1.9747",
            "high": "1.9747",
            "low": "1.9743",
            "close": "1.9736"
        },
        {
            "time": "31.12.2020 15:06",
            "open": "1.9736",
            "high": "1.9736",
            "low": "1.9692",
            "close": "1.9681"
        },
        {
            "time": "31.12.2020 15:07",
            "open": "1.9681",
            "high": "1.9681",
            "low": "1.9681",
            "close": "1.9693"
        },
        {
            "time": "31.12.2020 15:09",
            "open": "1.9693",
            "high": "1.9693",
            "low": "1.9693",
            "close": "1.967"
        },
        {
            "time": "31.12.2020 15:11",
            "open": "1.967",
            "high": "1.967",
            "low": "1.967",
            "close": "1.9699"
        },
        {
            "time": "31.12.2020 15:12",
            "open": "1.9699",
            "high": "1.9699",
            "low": "1.9699",
            "close": "1.9818"
        },
        {
            "time": "31.12.2020 15:14",
            "open": "1.9818",
            "high": "1.9818",
            "low": "1.9818",
            "close": "1.977"
        },
        {
            "time": "31.12.2020 15:18",
            "open": "1.977",
            "high": "1.977",
            "low": "1.977",
            "close": "1.9763"
        },
        {
            "time": "31.12.2020 15:21",
            "open": "1.9763",
            "high": "1.9763",
            "low": "1.9745",
            "close": "1.9686"
        },
        {
            "time": "31.12.2020 15:22",
            "open": "1.9686",
            "high": "1.9699",
            "low": "1.9686",
            "close": "1.9733"
        },
        {
            "time": "31.12.2020 15:23",
            "open": "1.9733",
            "high": "1.9733",
            "low": "1.9718",
            "close": "1.9699"
        },
        {
            "time": "31.12.2020 15:24",
            "open": "1.9699",
            "high": "1.9699",
            "low": "1.9699",
            "close": "1.97"
        },
        {
            "time": "31.12.2020 15:25",
            "open": "1.97",
            "high": "1.9715",
            "low": "1.97",
            "close": "1.9699"
        },
        {
            "time": "31.12.2020 15:26",
            "open": "1.9699",
            "high": "1.9699",
            "low": "1.9699",
            "close": "1.965"
        },
        {
            "time": "31.12.2020 15:27",
            "open": "1.965",
            "high": "1.9692",
            "low": "1.965",
            "close": "1.9719"
        },
        {
            "time": "31.12.2020 15:28",
            "open": "1.9719",
            "high": "1.9719",
            "low": "1.9719",
            "close": "1.9745"
        },
        {
            "time": "31.12.2020 15:30",
            "open": "1.9745",
            "high": "1.9745",
            "low": "1.9703",
            "close": "1.9811"
        },
        {
            "time": "31.12.2020 15:31",
            "open": "1.9811",
            "high": "1.9811",
            "low": "1.9745",
            "close": "1.9677"
        },
        {
            "time": "31.12.2020 15:35",
            "open": "1.9677",
            "high": "1.9677",
            "low": "1.9677",
            "close": "1.975"
        },
        {
            "time": "31.12.2020 15:37",
            "open": "1.975",
            "high": "1.975",
            "low": "1.975",
            "close": "1.985"
        },
        {
            "time": "31.12.2020 15:39",
            "open": "1.985",
            "high": "1.985",
            "low": "1.985",
            "close": "1.9845"
        },
        {
            "time": "31.12.2020 15:42",
            "open": "1.9845",
            "high": "1.9846",
            "low": "1.9845",
            "close": "1.9704"
        },
        {
            "time": "31.12.2020 15:47",
            "open": "1.9704",
            "high": "1.9704",
            "low": "1.9669",
            "close": "1.9684"
        },
        {
            "time": "31.12.2020 15:48",
            "open": "1.9684",
            "high": "1.9684",
            "low": "1.9684",
            "close": "1.9755"
        },
        {
            "time": "31.12.2020 15:50",
            "open": "1.9755",
            "high": "1.9755",
            "low": "1.975",
            "close": "1.981"
        },
        {
            "time": "31.12.2020 15:51",
            "open": "1.981",
            "high": "1.981",
            "low": "1.981",
            "close": "1.983"
        },
        {
            "time": "31.12.2020 15:56",
            "open": "1.983",
            "high": "1.983",
            "low": "1.9765",
            "close": "1.9743"
        },
        {
            "time": "31.12.2020 16:02",
            "open": "1.9743",
            "high": "1.9743",
            "low": "1.9743",
            "close": "1.9838"
        },
        {
            "time": "31.12.2020 16:03",
            "open": "1.9838",
            "high": "1.9838",
            "low": "1.9838",
            "close": "1.9872"
        },
        {
            "time": "31.12.2020 16:13",
            "open": "1.9872",
            "high": "1.9872",
            "low": "1.9872",
            "close": "1.9838"
        },
        {
            "time": "31.12.2020 16:16",
            "open": "1.9838",
            "high": "1.9838",
            "low": "1.9838",
            "close": "1.981"
        },
        {
            "time": "31.12.2020 16:17",
            "open": "1.981",
            "high": "1.981",
            "low": "1.981",
            "close": "1.9852"
        },
        {
            "time": "31.12.2020 16:21",
            "open": "1.9852",
            "high": "1.9853",
            "low": "1.9852",
            "close": "1.9853"
        },
        {
            "time": "31.12.2020 16:23",
            "open": "1.9853",
            "high": "1.9853",
            "low": "1.9853",
            "close": "1.9881"
        },
        {
            "time": "31.12.2020 16:32",
            "open": "1.9881",
            "high": "1.9889",
            "low": "1.9881",
            "close": "1.9863"
        },
        {
            "time": "31.12.2020 16:33",
            "open": "1.9863",
            "high": "1.9863",
            "low": "1.9857",
            "close": "1.99"
        },
        {
            "time": "31.12.2020 16:35",
            "open": "1.99",
            "high": "1.992",
            "low": "1.99",
            "close": "1.9907"
        },
        {
            "time": "31.12.2020 16:36",
            "open": "1.9907",
            "high": "1.9907",
            "low": "1.9907",
            "close": "1.9902"
        },
        {
            "time": "31.12.2020 16:38",
            "open": "1.9902",
            "high": "1.9914",
            "low": "1.9902",
            "close": "1.9914"
        },
        {
            "time": "31.12.2020 16:39",
            "open": "1.9914",
            "high": "1.993",
            "low": "1.9914",
            "close": "1.9855"
        },
        {
            "time": "31.12.2020 16:40",
            "open": "1.9855",
            "high": "1.9855",
            "low": "1.9855",
            "close": "1.9858"
        },
        {
            "time": "31.12.2020 16:43",
            "open": "1.9858",
            "high": "1.9858",
            "low": "1.9858",
            "close": "1.9854"
        },
        {
            "time": "31.12.2020 16:44",
            "open": "1.9854",
            "high": "1.9854",
            "low": "1.9854",
            "close": "1.9859"
        },
        {
            "time": "31.12.2020 16:50",
            "open": "1.9859",
            "high": "1.9859",
            "low": "1.9859",
            "close": "1.9863"
        },
        {
            "time": "31.12.2020 16:52",
            "open": "1.9863",
            "high": "1.9863",
            "low": "1.9863",
            "close": "1.9853"
        },
        {
            "time": "31.12.2020 16:55",
            "open": "1.9853",
            "high": "1.9853",
            "low": "1.9811",
            "close": "1.9826"
        },
        {
            "time": "31.12.2020 16:58",
            "open": "1.9826",
            "high": "1.984",
            "low": "1.9826",
            "close": "1.9842"
        },
        {
            "time": "31.12.2020 17:05",
            "open": "1.9842",
            "high": "1.9842",
            "low": "1.9842",
            "close": "1.99"
        },
        {
            "time": "31.12.2020 17:09",
            "open": "1.99",
            "high": "1.99",
            "low": "1.99",
            "close": "1.9859"
        },
        {
            "time": "31.12.2020 17:11",
            "open": "1.9859",
            "high": "1.9859",
            "low": "1.9859",
            "close": "1.9868"
        },
        {
            "time": "31.12.2020 17:14",
            "open": "1.9868",
            "high": "1.9868",
            "low": "1.9868",
            "close": "1.9833"
        },
        {
            "time": "31.12.2020 17:15",
            "open": "1.9833",
            "high": "1.9833",
            "low": "1.9831",
            "close": "1.99"
        },
        {
            "time": "31.12.2020 17:20",
            "open": "1.99",
            "high": "1.99",
            "low": "1.99",
            "close": "1.9946"
        },
        {
            "time": "31.12.2020 17:21",
            "open": "1.9946",
            "high": "1.9946",
            "low": "1.9945",
            "close": "1.9987"
        },
        {
            "time": "31.12.2020 17:23",
            "open": "1.9987",
            "high": "1.9987",
            "low": "1.9987",
            "close": "1.9998"
        },
        {
            "time": "31.12.2020 17:24",
            "open": "1.9998",
            "high": "1.9998",
            "low": "1.9998",
            "close": "1.9998"
        },
        {
            "time": "31.12.2020 17:25",
            "open": "1.9998",
            "high": "2.0004",
            "low": "1.9998",
            "close": "2"
        },
        {
            "time": "31.12.2020 17:26",
            "open": "2",
            "high": "2",
            "low": "2",
            "close": "2.0028"
        },
        {
            "time": "31.12.2020 17:30",
            "open": "2.0028",
            "high": "2.0028",
            "low": "2.0028",
            "close": "2.0024"
        },
        {
            "time": "31.12.2020 17:31",
            "open": "2.0024",
            "high": "2.0024",
            "low": "2.0024",
            "close": "2.0023"
        },
        {
            "time": "31.12.2020 17:32",
            "open": "2.0023",
            "high": "2.0023",
            "low": "2.0023",
            "close": "2.004"
        },
        {
            "time": "31.12.2020 17:34",
            "open": "2.004",
            "high": "2.004",
            "low": "2.004",
            "close": "2.0057"
        },
        {
            "time": "31.12.2020 17:40",
            "open": "2.0057",
            "high": "2.0057",
            "low": "2.0057",
            "close": "2.0026"
        },
        {
            "time": "31.12.2020 17:46",
            "open": "2.0026",
            "high": "2.0062",
            "low": "2.0025",
            "close": "2.0041"
        },
        {
            "time": "31.12.2020 17:47",
            "open": "2.0041",
            "high": "2.0041",
            "low": "2.0022",
            "close": "1.9952"
        },
        {
            "time": "31.12.2020 17:51",
            "open": "1.9952",
            "high": "1.9952",
            "low": "1.9873",
            "close": "1.9962"
        },
        {
            "time": "31.12.2020 17:53",
            "open": "1.9962",
            "high": "1.9962",
            "low": "1.9962",
            "close": "1.992"
        },
        {
            "time": "31.12.2020 17:56",
            "open": "1.992",
            "high": "1.992",
            "low": "1.992",
            "close": "1.9931"
        },
        {
            "time": "31.12.2020 18:00",
            "open": "1.9931",
            "high": "1.9931",
            "low": "1.9931",
            "close": "1.9953"
        },
        {
            "time": "31.12.2020 18:06",
            "open": "1.9953",
            "high": "1.9953",
            "low": "1.9953",
            "close": "2.0091"
        },
        {
            "time": "31.12.2020 18:13",
            "open": "2.0091",
            "high": "2.0106",
            "low": "2.0091",
            "close": "2.0113"
        },
        {
            "time": "31.12.2020 18:14",
            "open": "2.0113",
            "high": "2.0174",
            "low": "2.0113",
            "close": "2.0157"
        },
        {
            "time": "31.12.2020 18:16",
            "open": "2.0157",
            "high": "2.0157",
            "low": "2.0157",
            "close": "2.0157"
        },
        {
            "time": "31.12.2020 18:17",
            "open": "2.0157",
            "high": "2.02",
            "low": "2.0132",
            "close": "2.0199"
        },
        {
            "time": "31.12.2020 18:18",
            "open": "2.0199",
            "high": "2.0199",
            "low": "2.0196",
            "close": "2.0176"
        },
        {
            "time": "31.12.2020 18:23",
            "open": "2.0176",
            "high": "2.0176",
            "low": "2.0171",
            "close": "2.02"
        },
        {
            "time": "31.12.2020 18:24",
            "open": "2.02",
            "high": "2.0244",
            "low": "2.02",
            "close": "2.025"
        },
        {
            "time": "31.12.2020 18:43",
            "open": "2.025",
            "high": "2.025",
            "low": "2.025",
            "close": "2.0261"
        },
        {
            "time": "31.12.2020 18:44",
            "open": "2.0261",
            "high": "2.0261",
            "low": "2.0261",
            "close": "2.0261"
        },
        {
            "time": "31.12.2020 18:45",
            "open": "2.0261",
            "high": "2.0274",
            "low": "2.0261",
            "close": "2.028"
        },
        {
            "time": "31.12.2020 18:46",
            "open": "2.028",
            "high": "2.028",
            "low": "2.028",
            "close": "2.028"
        },
        {
            "time": "31.12.2020 18:50",
            "open": "2.028",
            "high": "2.028",
            "low": "2.028",
            "close": "2.0274"
        },
        {
            "time": "31.12.2020 18:51",
            "open": "2.0274",
            "high": "2.0274",
            "low": "2.0274",
            "close": "2.0295"
        },
        {
            "time": "31.12.2020 18:55",
            "open": "2.0295",
            "high": "2.038",
            "low": "2.0295",
            "close": "2.0248"
        },
        {
            "time": "31.12.2020 18:58",
            "open": "2.0246",
            "high": "2.0246",
            "low": "2.0246",
            "close": "2.0312"
        },
        {
            "time": "31.12.2020 19:00",
            "open": "2.0312",
            "high": "2.0312",
            "low": "2.0312",
            "close": "2.0272"
        },
        {
            "time": "31.12.2020 19:04",
            "open": "2.0272",
            "high": "2.0272",
            "low": "2.0272",
            "close": "2.0258"
        },
        {
            "time": "31.12.2020 19:11",
            "open": "2.0258",
            "high": "2.0258",
            "low": "2.0229",
            "close": "2.029"
        },
        {
            "time": "31.12.2020 19:22",
            "open": "2.029",
            "high": "2.029",
            "low": "2.029",
            "close": "2.029"
        },
        {
            "time": "31.12.2020 19:25",
            "open": "2.029",
            "high": "2.029",
            "low": "2.029",
            "close": "2.029"
        },
        {
            "time": "31.12.2020 19:26",
            "open": "2.029",
            "high": "2.029",
            "low": "2.029",
            "close": "2.045"
        },
        {
            "time": "31.12.2020 19:27",
            "open": "2.045",
            "high": "2.0503",
            "low": "2.026",
            "close": "2.049"
        },
        {
            "time": "31.12.2020 19:28",
            "open": "2.049",
            "high": "2.049",
            "low": "2.0303",
            "close": "2.0414"
        },
        {
            "time": "31.12.2020 19:29",
            "open": "2.0414",
            "high": "2.0496",
            "low": "2.0369",
            "close": "2.0544"
        },
        {
            "time": "31.12.2020 19:30",
            "open": "2.0544",
            "high": "2.0722",
            "low": "2.0544",
            "close": "2.0659"
        },
        {
            "time": "31.12.2020 19:31",
            "open": "2.0659",
            "high": "2.0659",
            "low": "2.0577",
            "close": "2.0587"
        },
        {
            "time": "31.12.2020 19:32",
            "open": "2.0587",
            "high": "2.0633",
            "low": "2.0587",
            "close": "2.0544"
        },
        {
            "time": "31.12.2020 19:33",
            "open": "2.0544",
            "high": "2.0544",
            "low": "2.0544",
            "close": "2.0563"
        },
        {
            "time": "31.12.2020 19:34",
            "open": "2.0563",
            "high": "2.0563",
            "low": "2.0563",
            "close": "2.0507"
        },
        {
            "time": "31.12.2020 19:40",
            "open": "2.0507",
            "high": "2.0507",
            "low": "2.0497",
            "close": "2.0383"
        },
        {
            "time": "31.12.2020 19:41",
            "open": "2.0383",
            "high": "2.0586",
            "low": "2.0383",
            "close": "2.0615"
        },
        {
            "time": "31.12.2020 19:42",
            "open": "2.0615",
            "high": "2.0616",
            "low": "2.0559",
            "close": "2.0591"
        },
        {
            "time": "31.12.2020 19:43",
            "open": "2.0591",
            "high": "2.0659",
            "low": "2.0395",
            "close": "2.0465"
        },
        {
            "time": "31.12.2020 19:44",
            "open": "2.0465",
            "high": "2.0584",
            "low": "2.0464",
            "close": "2.0569"
        },
        {
            "time": "31.12.2020 19:45",
            "open": "2.0569",
            "high": "2.0608",
            "low": "2.0522",
            "close": "2.0524"
        },
        {
            "time": "31.12.2020 19:46",
            "open": "2.0524",
            "high": "2.0524",
            "low": "2.0524",
            "close": "2.0434"
        },
        {
            "time": "31.12.2020 19:54",
            "open": "2.0434",
            "high": "2.0435",
            "low": "2.0434",
            "close": "2.0423"
        },
        {
            "time": "31.12.2020 19:59",
            "open": "2.0423",
            "high": "2.0423",
            "low": "2.0423",
            "close": "2.0423"
        },
        {
            "time": "31.12.2020 20:05",
            "open": "2.0423",
            "high": "2.0451",
            "low": "2.0423",
            "close": "2.0436"
        },
        {
            "time": "31.12.2020 20:07",
            "open": "2.0436",
            "high": "2.0442",
            "low": "2.0432",
            "close": "2.0491"
        },
        {
            "time": "31.12.2020 20:21",
            "open": "2.0491",
            "high": "2.0491",
            "low": "2.049",
            "close": "2.0432"
        },
        {
            "time": "31.12.2020 20:27",
            "open": "2.0432",
            "high": "2.0432",
            "low": "2.0432",
            "close": "2.042"
        },
        {
            "time": "31.12.2020 20:32",
            "open": "2.042",
            "high": "2.043",
            "low": "2.042",
            "close": "2.0422"
        },
        {
            "time": "31.12.2020 20:41",
            "open": "2.0422",
            "high": "2.0429",
            "low": "2.0422",
            "close": "2.043"
        },
        {
            "time": "31.12.2020 20:46",
            "open": "2.043",
            "high": "2.043",
            "low": "2.043",
            "close": "2.0498"
        },
        {
            "time": "31.12.2020 20:47",
            "open": "2.0498",
            "high": "2.0498",
            "low": "2.0494",
            "close": "2.0514"
        },
        {
            "time": "31.12.2020 20:48",
            "open": "2.0514",
            "high": "2.0514",
            "low": "2.0514",
            "close": "2.0514"
        },
        {
            "time": "31.12.2020 20:49",
            "open": "2.0514",
            "high": "2.0514",
            "low": "2.0514",
            "close": "2.0532"
        },
        {
            "time": "31.12.2020 20:51",
            "open": "2.0532",
            "high": "2.0532",
            "low": "2.0532",
            "close": "2.0596"
        },
        {
            "time": "31.12.2020 20:55",
            "open": "2.0596",
            "high": "2.0597",
            "low": "2.0596",
            "close": "2.0568"
        },
        {
            "time": "31.12.2020 20:57",
            "open": "2.0568",
            "high": "2.0568",
            "low": "2.0568",
            "close": "2.0586"
        },
        {
            "time": "31.12.2020 21:01",
            "open": "2.0586",
            "high": "2.0602",
            "low": "2.0586",
            "close": "2.0563"
        },
        {
            "time": "31.12.2020 21:05",
            "open": "2.0563",
            "high": "2.0563",
            "low": "2.0563",
            "close": "2.055"
        },
        {
            "time": "31.12.2020 21:09",
            "open": "2.055",
            "high": "2.055",
            "low": "2.055",
            "close": "2.0589"
        },
        {
            "time": "31.12.2020 21:11",
            "open": "2.0589",
            "high": "2.0589",
            "low": "2.0589",
            "close": "2.0538"
        },
        {
            "time": "31.12.2020 21:14",
            "open": "2.0538",
            "high": "2.0538",
            "low": "2.0538",
            "close": "2.0535"
        },
        {
            "time": "31.12.2020 21:16",
            "open": "2.0535",
            "high": "2.0535",
            "low": "2.0535",
            "close": "2.065"
        },
        {
            "time": "31.12.2020 21:19",
            "open": "2.065",
            "high": "2.0758",
            "low": "2.065",
            "close": "2.0758"
        },
        {
            "time": "31.12.2020 21:20",
            "open": "2.0758",
            "high": "2.0817",
            "low": "2.0758",
            "close": "2.0827"
        },
        {
            "time": "31.12.2020 21:21",
            "open": "2.0827",
            "high": "2.0827",
            "low": "2.0826",
            "close": "2.0838"
        },
        {
            "time": "31.12.2020 21:22",
            "open": "2.0838",
            "high": "2.0838",
            "low": "2.0838",
            "close": "2.085"
        },
        {
            "time": "31.12.2020 21:23",
            "open": "2.085",
            "high": "2.0879",
            "low": "2.085",
            "close": "2.0896"
        },
        {
            "time": "31.12.2020 21:24",
            "open": "2.0896",
            "high": "2.0907",
            "low": "2.0896",
            "close": "2.0928"
        },
        {
            "time": "31.12.2020 21:28",
            "open": "2.0928",
            "high": "2.0931",
            "low": "2.0928",
            "close": "2.0931"
        },
        {
            "time": "31.12.2020 21:29",
            "open": "2.0931",
            "high": "2.0931",
            "low": "2.0931",
            "close": "2.093"
        },
        {
            "time": "31.12.2020 21:30",
            "open": "2.093",
            "high": "2.093",
            "low": "2.0927",
            "close": "2.0931"
        },
        {
            "time": "31.12.2020 21:31",
            "open": "2.0931",
            "high": "2.098",
            "low": "2.0931",
            "close": "2.099"
        },
        {
            "time": "31.12.2020 21:32",
            "open": "2.099",
            "high": "2.1034",
            "low": "2.099",
            "close": "2.1045"
        },
        {
            "time": "31.12.2020 21:33",
            "open": "2.1045",
            "high": "2.1045",
            "low": "2.1001",
            "close": "2.104"
        },
        {
            "time": "31.12.2020 21:34",
            "open": "2.104",
            "high": "2.104",
            "low": "2.104",
            "close": "2.1034"
        },
        {
            "time": "31.12.2020 21:35",
            "open": "2.1034",
            "high": "2.1034",
            "low": "2.1034",
            "close": "2.1005"
        },
        {
            "time": "31.12.2020 21:37",
            "open": "2.1005",
            "high": "2.1005",
            "low": "2.0981",
            "close": "2.0981"
        },
        {
            "time": "31.12.2020 21:38",
            "open": "2.0981",
            "high": "2.0981",
            "low": "2.098",
            "close": "2.098"
        },
        {
            "time": "31.12.2020 21:39",
            "open": "2.098",
            "high": "2.098",
            "low": "2.0897",
            "close": "2.0937"
        },
        {
            "time": "31.12.2020 21:41",
            "open": "2.0937",
            "high": "2.0937",
            "low": "2.0937",
            "close": "2.0919"
        },
        {
            "time": "31.12.2020 21:42",
            "open": "2.0919",
            "high": "2.0949",
            "low": "2.0919",
            "close": "2.0792"
        },
        {
            "time": "31.12.2020 21:52",
            "open": "2.0792",
            "high": "2.0792",
            "low": "2.0792",
            "close": "2.0781"
        },
        {
            "time": "31.12.2020 21:54",
            "open": "2.0781",
            "high": "2.0782",
            "low": "2.0781",
            "close": "2.0751"
        },
        {
            "time": "31.12.2020 22:02",
            "open": "2.0751",
            "high": "2.0751",
            "low": "2.0751",
            "close": "2.0731"
        },
        {
            "time": "31.12.2020 22:04",
            "open": "2.0731",
            "high": "2.0731",
            "low": "2.0731",
            "close": "2.0728"
        },
        {
            "time": "31.12.2020 22:10",
            "open": "2.0728",
            "high": "2.0728",
            "low": "2.0728",
            "close": "2.0713"
        },
        {
            "time": "31.12.2020 22:13",
            "open": "2.0713",
            "high": "2.0713",
            "low": "2.0713",
            "close": "2.0692"
        },
        {
            "time": "31.12.2020 22:15",
            "open": "2.0692",
            "high": "2.0692",
            "low": "2.0692",
            "close": "2.0674"
        },
        {
            "time": "31.12.2020 22:17",
            "open": "2.0674",
            "high": "2.0674",
            "low": "2.0674",
            "close": "2.0701"
        },
        {
            "time": "31.12.2020 22:23",
            "open": "2.0701",
            "high": "2.0701",
            "low": "2.0701",
            "close": "2.0631"
        },
        {
            "time": "31.12.2020 22:25",
            "open": "2.0631",
            "high": "2.0633",
            "low": "2.0631",
            "close": "2.0648"
        },
        {
            "time": "31.12.2020 22:26",
            "open": "2.0648",
            "high": "2.066",
            "low": "2.0648",
            "close": "2.0645"
        },
        {
            "time": "31.12.2020 22:27",
            "open": "2.0645",
            "high": "2.0645",
            "low": "2.0631",
            "close": "2.0631"
        },
        {
            "time": "31.12.2020 22:28",
            "open": "2.0631",
            "high": "2.0631",
            "low": "2.0631",
            "close": "2.0584"
        },
        {
            "time": "31.12.2020 22:29",
            "open": "2.0584",
            "high": "2.0625",
            "low": "2.0584",
            "close": "2.062"
        },
        {
            "time": "31.12.2020 22:34",
            "open": "2.062",
            "high": "2.062",
            "low": "2.062",
            "close": "2.0634"
        },
        {
            "time": "31.12.2020 22:36",
            "open": "2.0634",
            "high": "2.0634",
            "low": "2.0634",
            "close": "2.0656"
        },
        {
            "time": "31.12.2020 22:38",
            "open": "2.0656",
            "high": "2.0656",
            "low": "2.0654",
            "close": "2.0662"
        },
        {
            "time": "31.12.2020 22:40",
            "open": "2.0662",
            "high": "2.0662",
            "low": "2.065",
            "close": "2.0654"
        },
        {
            "time": "31.12.2020 22:42",
            "open": "2.0654",
            "high": "2.0654",
            "low": "2.0654",
            "close": "2.0654"
        },
        {
            "time": "31.12.2020 22:48",
            "open": "2.0654",
            "high": "2.0665",
            "low": "2.0654",
            "close": "2.0629"
        },
        {
            "time": "31.12.2020 22:50",
            "open": "2.0629",
            "high": "2.0629",
            "low": "2.0629",
            "close": "2.0614"
        },
        {
            "time": "31.12.2020 22:54",
            "open": "2.0614",
            "high": "2.0614",
            "low": "2.0614",
            "close": "2.0614"
        },
        {
            "time": "31.12.2020 23:05",
            "open": "2.0614",
            "high": "2.0614",
            "low": "2.0614",
            "close": "2.073"
        },
        {
            "time": "31.12.2020 23:07",
            "open": "2.073",
            "high": "2.073",
            "low": "2.073",
            "close": "2.0782"
        },
        {
            "time": "31.12.2020 23:08",
            "open": "2.0782",
            "high": "2.0859",
            "low": "2.0782",
            "close": "2.0818"
        },
        {
            "time": "31.12.2020 23:10",
            "open": "2.0818",
            "high": "2.0818",
            "low": "2.0818",
            "close": "2.0726"
        },
        {
            "time": "31.12.2020 23:13",
            "open": "2.0726",
            "high": "2.0727",
            "low": "2.0577",
            "close": "2.056"
        },
        {
            "time": "31.12.2020 23:18",
            "open": "2.056",
            "high": "2.056",
            "low": "2.056",
            "close": "2.0516"
        },
        {
            "time": "31.12.2020 23:21",
            "open": "2.0516",
            "high": "2.0516",
            "low": "2.0455",
            "close": "2.0532"
        },
        {
            "time": "31.12.2020 23:29",
            "open": "2.0532",
            "high": "2.0532",
            "low": "2.0532",
            "close": "2.0566"
        },
        {
            "time": "31.12.2020 23:32",
            "open": "2.0566",
            "high": "2.0566",
            "low": "2.0566",
            "close": "2.0497"
        },
        {
            "time": "31.12.2020 23:33",
            "open": "2.0497",
            "high": "2.0497",
            "low": "2.0381",
            "close": "2.0383"
        },
        {
            "time": "31.12.2020 23:34",
            "open": "2.0383",
            "high": "2.0394",
            "low": "2.0383",
            "close": "2.0418"
        },
        {
            "time": "31.12.2020 23:35",
            "open": "2.0418",
            "high": "2.0442",
            "low": "2.0418",
            "close": "2.0472"
        },
        {
            "time": "31.12.2020 23:36",
            "open": "2.0472",
            "high": "2.0472",
            "low": "2.0428",
            "close": "2.0344"
        },
        {
            "time": "31.12.2020 23:37",
            "open": "2.0344",
            "high": "2.036",
            "low": "2.0344",
            "close": "2.0442"
        },
        {
            "time": "31.12.2020 23:38",
            "open": "2.0442",
            "high": "2.0442",
            "low": "2.0442",
            "close": "2.0436"
        },
        {
            "time": "31.12.2020 23:41",
            "open": "2.0436",
            "high": "2.0436",
            "low": "2.0436",
            "close": "2.0441"
        },
        {
            "time": "31.12.2020 23:43",
            "open": "2.0441",
            "high": "2.0441",
            "low": "2.0431",
            "close": "2.0416"
        },
        {
            "time": "31.12.2020 23:47",
            "open": "2.0416",
            "high": "2.0416",
            "low": "2.0416",
            "close": "2.0382"
        }
    ]
}