{
    "OMG-EUR": [
        {
            "time": "02.11.2020 23:53",
            "open": "2.5858",
            "high": "2.586",
            "low": "2.5811",
            "close": "2.5894"
        },
        {
            "time": "03.11.2020 00:00",
            "open": "2.5894",
            "high": "2.5894",
            "low": "2.5894",
            "close": "2.5833"
        },
        {
            "time": "03.11.2020 00:06",
            "open": "2.5833",
            "high": "2.5833",
            "low": "2.5833",
            "close": "2.579"
        },
        {
            "time": "03.11.2020 00:16",
            "open": "2.579",
            "high": "2.579",
            "low": "2.579",
            "close": "2.5904"
        },
        {
            "time": "03.11.2020 00:43",
            "open": "2.5947",
            "high": "2.5947",
            "low": "2.5947",
            "close": "2.5637"
        },
        {
            "time": "03.11.2020 01:08",
            "open": "2.5637",
            "high": "2.5637",
            "low": "2.5611",
            "close": "2.5577"
        },
        {
            "time": "03.11.2020 01:10",
            "open": "2.5577",
            "high": "2.559",
            "low": "2.5577",
            "close": "2.5611"
        },
        {
            "time": "03.11.2020 01:22",
            "open": "2.5611",
            "high": "2.5611",
            "low": "2.5611",
            "close": "2.5536"
        },
        {
            "time": "03.11.2020 01:30",
            "open": "2.5536",
            "high": "2.5536",
            "low": "2.5536",
            "close": "2.5602"
        },
        {
            "time": "03.11.2020 01:50",
            "open": "2.5602",
            "high": "2.5675",
            "low": "2.5602",
            "close": "2.5651"
        },
        {
            "time": "03.11.2020 01:51",
            "open": "2.5651",
            "high": "2.5651",
            "low": "2.565",
            "close": "2.5771"
        },
        {
            "time": "03.11.2020 02:22",
            "open": "2.5771",
            "high": "2.5771",
            "low": "2.5771",
            "close": "2.5716"
        },
        {
            "time": "03.11.2020 02:42",
            "open": "2.5716",
            "high": "2.5716",
            "low": "2.5716",
            "close": "2.5697"
        },
        {
            "time": "03.11.2020 02:50",
            "open": "2.5697",
            "high": "2.5702",
            "low": "2.5689",
            "close": "2.57"
        },
        {
            "time": "03.11.2020 02:54",
            "open": "2.57",
            "high": "2.57",
            "low": "2.57",
            "close": "2.57"
        },
        {
            "time": "03.11.2020 03:01",
            "open": "2.57",
            "high": "2.57",
            "low": "2.57",
            "close": "2.555"
        },
        {
            "time": "03.11.2020 03:35",
            "open": "2.555",
            "high": "2.555",
            "low": "2.555",
            "close": "2.5549"
        },
        {
            "time": "03.11.2020 03:36",
            "open": "2.5549",
            "high": "2.5589",
            "low": "2.5549",
            "close": "2.551"
        },
        {
            "time": "03.11.2020 03:40",
            "open": "2.551",
            "high": "2.551",
            "low": "2.551",
            "close": "2.5422"
        },
        {
            "time": "03.11.2020 03:41",
            "open": "2.5422",
            "high": "2.5422",
            "low": "2.5389",
            "close": "2.5523"
        },
        {
            "time": "03.11.2020 03:42",
            "open": "2.5523",
            "high": "2.5528",
            "low": "2.5523",
            "close": "2.555"
        },
        {
            "time": "03.11.2020 03:44",
            "open": "2.5551",
            "high": "2.5551",
            "low": "2.5551",
            "close": "2.5388"
        },
        {
            "time": "03.11.2020 03:48",
            "open": "2.5388",
            "high": "2.5388",
            "low": "2.5221",
            "close": "2.522"
        },
        {
            "time": "03.11.2020 03:49",
            "open": "2.522",
            "high": "2.5272",
            "low": "2.522",
            "close": "2.5283"
        },
        {
            "time": "03.11.2020 03:55",
            "open": "2.5283",
            "high": "2.5283",
            "low": "2.5283",
            "close": "2.5221"
        },
        {
            "time": "03.11.2020 03:56",
            "open": "2.5221",
            "high": "2.5221",
            "low": "2.5204",
            "close": "2.5287"
        },
        {
            "time": "03.11.2020 03:57",
            "open": "2.5287",
            "high": "2.5288",
            "low": "2.52",
            "close": "2.5244"
        },
        {
            "time": "03.11.2020 04:04",
            "open": "2.5244",
            "high": "2.5244",
            "low": "2.5244",
            "close": "2.5127"
        },
        {
            "time": "03.11.2020 04:10",
            "open": "2.5127",
            "high": "2.5127",
            "low": "2.5123",
            "close": "2.5004"
        },
        {
            "time": "03.11.2020 04:12",
            "open": "2.5004",
            "high": "2.5004",
            "low": "2.5",
            "close": "2.496"
        },
        {
            "time": "03.11.2020 04:15",
            "open": "2.496",
            "high": "2.496",
            "low": "2.4935",
            "close": "2.4935"
        },
        {
            "time": "03.11.2020 04:19",
            "open": "2.4935",
            "high": "2.4935",
            "low": "2.4935",
            "close": "2.49"
        },
        {
            "time": "03.11.2020 04:20",
            "open": "2.49",
            "high": "2.49",
            "low": "2.488",
            "close": "2.4874"
        },
        {
            "time": "03.11.2020 04:21",
            "open": "2.4874",
            "high": "2.4875",
            "low": "2.4874",
            "close": "2.4824"
        },
        {
            "time": "03.11.2020 04:23",
            "open": "2.4824",
            "high": "2.4824",
            "low": "2.4822",
            "close": "2.4798"
        },
        {
            "time": "03.11.2020 04:24",
            "open": "2.4798",
            "high": "2.4798",
            "low": "2.4798",
            "close": "2.4792"
        },
        {
            "time": "03.11.2020 04:25",
            "open": "2.4792",
            "high": "2.4792",
            "low": "2.4725",
            "close": "2.464"
        },
        {
            "time": "03.11.2020 04:27",
            "open": "2.464",
            "high": "2.4661",
            "low": "2.4591",
            "close": "2.4633"
        },
        {
            "time": "03.11.2020 04:28",
            "open": "2.4633",
            "high": "2.4813",
            "low": "2.4633",
            "close": "2.466"
        },
        {
            "time": "03.11.2020 04:29",
            "open": "2.466",
            "high": "2.466",
            "low": "2.466",
            "close": "2.466"
        },
        {
            "time": "03.11.2020 04:30",
            "open": "2.466",
            "high": "2.466",
            "low": "2.45",
            "close": "2.4435"
        },
        {
            "time": "03.11.2020 04:32",
            "open": "2.4435",
            "high": "2.4505",
            "low": "2.4435",
            "close": "2.4438"
        },
        {
            "time": "03.11.2020 04:33",
            "open": "2.4438",
            "high": "2.4438",
            "low": "2.4438",
            "close": "2.4494"
        },
        {
            "time": "03.11.2020 04:36",
            "open": "2.4494",
            "high": "2.4515",
            "low": "2.4494",
            "close": "2.4547"
        },
        {
            "time": "03.11.2020 04:42",
            "open": "2.4547",
            "high": "2.4547",
            "low": "2.4526",
            "close": "2.4501"
        },
        {
            "time": "03.11.2020 04:44",
            "open": "2.4501",
            "high": "2.4517",
            "low": "2.4501",
            "close": "2.4476"
        },
        {
            "time": "03.11.2020 04:45",
            "open": "2.4476",
            "high": "2.4476",
            "low": "2.4475",
            "close": "2.4439"
        },
        {
            "time": "03.11.2020 04:46",
            "open": "2.4439",
            "high": "2.4439",
            "low": "2.4382",
            "close": "2.4413"
        },
        {
            "time": "03.11.2020 04:47",
            "open": "2.4413",
            "high": "2.4413",
            "low": "2.4413",
            "close": "2.4414"
        },
        {
            "time": "03.11.2020 04:48",
            "open": "2.4414",
            "high": "2.4472",
            "low": "2.4414",
            "close": "2.4458"
        },
        {
            "time": "03.11.2020 04:49",
            "open": "2.4458",
            "high": "2.4458",
            "low": "2.4342",
            "close": "2.4411"
        },
        {
            "time": "03.11.2020 04:50",
            "open": "2.4411",
            "high": "2.4412",
            "low": "2.4411",
            "close": "2.4349"
        },
        {
            "time": "03.11.2020 04:55",
            "open": "2.4349",
            "high": "2.4349",
            "low": "2.4349",
            "close": "2.4357"
        },
        {
            "time": "03.11.2020 04:57",
            "open": "2.4357",
            "high": "2.4357",
            "low": "2.4357",
            "close": "2.4408"
        },
        {
            "time": "03.11.2020 04:59",
            "open": "2.4408",
            "high": "2.4409",
            "low": "2.4408",
            "close": "2.4451"
        },
        {
            "time": "03.11.2020 05:00",
            "open": "2.4451",
            "high": "2.4451",
            "low": "2.4451",
            "close": "2.4408"
        },
        {
            "time": "03.11.2020 05:01",
            "open": "2.4408",
            "high": "2.4408",
            "low": "2.4408",
            "close": "2.4381"
        },
        {
            "time": "03.11.2020 05:20",
            "open": "2.4381",
            "high": "2.4381",
            "low": "2.4379",
            "close": "2.4338"
        },
        {
            "time": "03.11.2020 05:30",
            "open": "2.4338",
            "high": "2.4338",
            "low": "2.4338",
            "close": "2.43"
        },
        {
            "time": "03.11.2020 05:31",
            "open": "2.43",
            "high": "2.43",
            "low": "2.424",
            "close": "2.4233"
        },
        {
            "time": "03.11.2020 05:32",
            "open": "2.4233",
            "high": "2.424",
            "low": "2.4211",
            "close": "2.4211"
        },
        {
            "time": "03.11.2020 05:34",
            "open": "2.4211",
            "high": "2.4211",
            "low": "2.4211",
            "close": "2.4365"
        },
        {
            "time": "03.11.2020 05:35",
            "open": "2.4365",
            "high": "2.4366",
            "low": "2.4364",
            "close": "2.4319"
        },
        {
            "time": "03.11.2020 05:43",
            "open": "2.4319",
            "high": "2.4455",
            "low": "2.4319",
            "close": "2.4499"
        },
        {
            "time": "03.11.2020 05:45",
            "open": "2.4499",
            "high": "2.4499",
            "low": "2.4499",
            "close": "2.4452"
        },
        {
            "time": "03.11.2020 05:46",
            "open": "2.4452",
            "high": "2.4501",
            "low": "2.4452",
            "close": "2.4445"
        },
        {
            "time": "03.11.2020 05:47",
            "open": "2.4445",
            "high": "2.4472",
            "low": "2.4445",
            "close": "2.4422"
        },
        {
            "time": "03.11.2020 05:55",
            "open": "2.4422",
            "high": "2.4422",
            "low": "2.4422",
            "close": "2.461"
        },
        {
            "time": "03.11.2020 06:05",
            "open": "2.461",
            "high": "2.461",
            "low": "2.461",
            "close": "2.4637"
        },
        {
            "time": "03.11.2020 06:06",
            "open": "2.4637",
            "high": "2.4637",
            "low": "2.4636",
            "close": "2.4664"
        },
        {
            "time": "03.11.2020 06:07",
            "open": "2.4664",
            "high": "2.4664",
            "low": "2.4664",
            "close": "2.4623"
        },
        {
            "time": "03.11.2020 06:09",
            "open": "2.4623",
            "high": "2.4623",
            "low": "2.4593",
            "close": "2.4664"
        },
        {
            "time": "03.11.2020 06:10",
            "open": "2.4664",
            "high": "2.4684",
            "low": "2.4664",
            "close": "2.4601"
        },
        {
            "time": "03.11.2020 06:13",
            "open": "2.4601",
            "high": "2.4601",
            "low": "2.4601",
            "close": "2.4645"
        },
        {
            "time": "03.11.2020 06:22",
            "open": "2.4645",
            "high": "2.4645",
            "low": "2.4645",
            "close": "2.4665"
        },
        {
            "time": "03.11.2020 06:24",
            "open": "2.4665",
            "high": "2.4665",
            "low": "2.4665",
            "close": "2.4725"
        },
        {
            "time": "03.11.2020 06:26",
            "open": "2.4725",
            "high": "2.4725",
            "low": "2.4725",
            "close": "2.4786"
        },
        {
            "time": "03.11.2020 06:28",
            "open": "2.4786",
            "high": "2.488",
            "low": "2.4786",
            "close": "2.4958"
        },
        {
            "time": "03.11.2020 06:29",
            "open": "2.4958",
            "high": "2.4958",
            "low": "2.486",
            "close": "2.4891"
        },
        {
            "time": "03.11.2020 06:31",
            "open": "2.4891",
            "high": "2.4891",
            "low": "2.489",
            "close": "2.4853"
        },
        {
            "time": "03.11.2020 06:34",
            "open": "2.4853",
            "high": "2.4883",
            "low": "2.4844",
            "close": "2.4903"
        },
        {
            "time": "03.11.2020 06:36",
            "open": "2.4843",
            "high": "2.4855",
            "low": "2.4843",
            "close": "2.4873"
        },
        {
            "time": "03.11.2020 06:39",
            "open": "2.4873",
            "high": "2.4926",
            "low": "2.4873",
            "close": "2.4816"
        },
        {
            "time": "03.11.2020 06:43",
            "open": "2.4816",
            "high": "2.4816",
            "low": "2.4816",
            "close": "2.4776"
        },
        {
            "time": "03.11.2020 06:45",
            "open": "2.4776",
            "high": "2.4776",
            "low": "2.4755",
            "close": "2.4751"
        },
        {
            "time": "03.11.2020 06:56",
            "open": "2.4751",
            "high": "2.4776",
            "low": "2.4723",
            "close": "2.4707"
        },
        {
            "time": "03.11.2020 07:00",
            "open": "2.4707",
            "high": "2.4751",
            "low": "2.4707",
            "close": "2.466"
        },
        {
            "time": "03.11.2020 07:02",
            "open": "2.466",
            "high": "2.466",
            "low": "2.4457",
            "close": "2.466"
        },
        {
            "time": "03.11.2020 07:05",
            "open": "2.466",
            "high": "2.466",
            "low": "2.4659",
            "close": "2.4616"
        },
        {
            "time": "03.11.2020 07:06",
            "open": "2.4616",
            "high": "2.4671",
            "low": "2.4616",
            "close": "2.4671"
        },
        {
            "time": "03.11.2020 07:11",
            "open": "2.4671",
            "high": "2.4671",
            "low": "2.4671",
            "close": "2.4719"
        },
        {
            "time": "03.11.2020 07:14",
            "open": "2.4719",
            "high": "2.4719",
            "low": "2.4719",
            "close": "2.4939"
        },
        {
            "time": "03.11.2020 07:17",
            "open": "2.4939",
            "high": "2.5",
            "low": "2.4939",
            "close": "2.4951"
        },
        {
            "time": "03.11.2020 07:18",
            "open": "2.4951",
            "high": "2.4951",
            "low": "2.4873",
            "close": "2.4877"
        },
        {
            "time": "03.11.2020 07:20",
            "open": "2.4877",
            "high": "2.4919",
            "low": "2.4877",
            "close": "2.4939"
        },
        {
            "time": "03.11.2020 07:22",
            "open": "2.4939",
            "high": "2.4939",
            "low": "2.4939",
            "close": "2.4894"
        },
        {
            "time": "03.11.2020 07:23",
            "open": "2.4894",
            "high": "2.4894",
            "low": "2.4894",
            "close": "2.4913"
        },
        {
            "time": "03.11.2020 07:24",
            "open": "2.4913",
            "high": "2.4913",
            "low": "2.4913",
            "close": "2.4894"
        },
        {
            "time": "03.11.2020 07:27",
            "open": "2.4894",
            "high": "2.4894",
            "low": "2.4894",
            "close": "2.4892"
        },
        {
            "time": "03.11.2020 07:28",
            "open": "2.4892",
            "high": "2.4892",
            "low": "2.4892",
            "close": "2.5"
        },
        {
            "time": "03.11.2020 07:30",
            "open": "2.5",
            "high": "2.5",
            "low": "2.5",
            "close": "2.5078"
        },
        {
            "time": "03.11.2020 07:31",
            "open": "2.5078",
            "high": "2.5078",
            "low": "2.5078",
            "close": "2.4878"
        },
        {
            "time": "03.11.2020 07:38",
            "open": "2.4878",
            "high": "2.4879",
            "low": "2.4878",
            "close": "2.4988"
        },
        {
            "time": "03.11.2020 07:42",
            "open": "2.4988",
            "high": "2.4988",
            "low": "2.4988",
            "close": "2.4922"
        },
        {
            "time": "03.11.2020 07:44",
            "open": "2.4922",
            "high": "2.4922",
            "low": "2.4922",
            "close": "2.4887"
        },
        {
            "time": "03.11.2020 07:46",
            "open": "2.4887",
            "high": "2.4887",
            "low": "2.485",
            "close": "2.4844"
        },
        {
            "time": "03.11.2020 07:50",
            "open": "2.4844",
            "high": "2.4844",
            "low": "2.4844",
            "close": "2.4813"
        },
        {
            "time": "03.11.2020 07:52",
            "open": "2.4813",
            "high": "2.4813",
            "low": "2.4813",
            "close": "2.4773"
        },
        {
            "time": "03.11.2020 07:54",
            "open": "2.4773",
            "high": "2.4773",
            "low": "2.4773",
            "close": "2.4773"
        },
        {
            "time": "03.11.2020 07:55",
            "open": "2.4773",
            "high": "2.4774",
            "low": "2.4773",
            "close": "2.4724"
        },
        {
            "time": "03.11.2020 08:04",
            "open": "2.4724",
            "high": "2.4724",
            "low": "2.4688",
            "close": "2.469"
        },
        {
            "time": "03.11.2020 08:06",
            "open": "2.469",
            "high": "2.469",
            "low": "2.4681",
            "close": "2.4747"
        },
        {
            "time": "03.11.2020 08:07",
            "open": "2.4747",
            "high": "2.4801",
            "low": "2.4747",
            "close": "2.4831"
        },
        {
            "time": "03.11.2020 08:08",
            "open": "2.4831",
            "high": "2.4832",
            "low": "2.4831",
            "close": "2.4867"
        },
        {
            "time": "03.11.2020 08:09",
            "open": "2.4867",
            "high": "2.4867",
            "low": "2.4837",
            "close": "2.4802"
        },
        {
            "time": "03.11.2020 08:15",
            "open": "2.4802",
            "high": "2.4802",
            "low": "2.4789",
            "close": "2.486"
        },
        {
            "time": "03.11.2020 08:17",
            "open": "2.486",
            "high": "2.486",
            "low": "2.486",
            "close": "2.4858"
        },
        {
            "time": "03.11.2020 08:23",
            "open": "2.4858",
            "high": "2.4858",
            "low": "2.4858",
            "close": "2.4852"
        },
        {
            "time": "03.11.2020 08:25",
            "open": "2.4852",
            "high": "2.4852",
            "low": "2.4852",
            "close": "2.482"
        },
        {
            "time": "03.11.2020 08:32",
            "open": "2.482",
            "high": "2.482",
            "low": "2.482",
            "close": "2.48"
        },
        {
            "time": "03.11.2020 08:33",
            "open": "2.48",
            "high": "2.48",
            "low": "2.48",
            "close": "2.4814"
        },
        {
            "time": "03.11.2020 08:34",
            "open": "2.4814",
            "high": "2.4815",
            "low": "2.4814",
            "close": "2.4857"
        },
        {
            "time": "03.11.2020 08:51",
            "open": "2.4857",
            "high": "2.4857",
            "low": "2.4857",
            "close": "2.4857"
        },
        {
            "time": "03.11.2020 08:59",
            "open": "2.4857",
            "high": "2.4857",
            "low": "2.4857",
            "close": "2.4888"
        },
        {
            "time": "03.11.2020 09:03",
            "open": "2.4888",
            "high": "2.4888",
            "low": "2.4888",
            "close": "2.4885"
        },
        {
            "time": "03.11.2020 09:04",
            "open": "2.4885",
            "high": "2.4885",
            "low": "2.4885",
            "close": "2.4903"
        },
        {
            "time": "03.11.2020 09:07",
            "open": "2.4903",
            "high": "2.4936",
            "low": "2.4903",
            "close": "2.4884"
        },
        {
            "time": "03.11.2020 09:11",
            "open": "2.4884",
            "high": "2.497",
            "low": "2.4884",
            "close": "2.5"
        },
        {
            "time": "03.11.2020 09:12",
            "open": "2.5",
            "high": "2.5",
            "low": "2.5",
            "close": "2.5044"
        },
        {
            "time": "03.11.2020 09:13",
            "open": "2.5044",
            "high": "2.5068",
            "low": "2.5044",
            "close": "2.5044"
        },
        {
            "time": "03.11.2020 09:18",
            "open": "2.5044",
            "high": "2.5044",
            "low": "2.5044",
            "close": "2.5093"
        },
        {
            "time": "03.11.2020 09:23",
            "open": "2.5093",
            "high": "2.5123",
            "low": "2.5093",
            "close": "2.5076"
        },
        {
            "time": "03.11.2020 09:27",
            "open": "2.5076",
            "high": "2.5076",
            "low": "2.5076",
            "close": "2.5051"
        },
        {
            "time": "03.11.2020 09:31",
            "open": "2.5051",
            "high": "2.5051",
            "low": "2.5051",
            "close": "2.5112"
        },
        {
            "time": "03.11.2020 09:32",
            "open": "2.5112",
            "high": "2.5112",
            "low": "2.5112",
            "close": "2.5122"
        },
        {
            "time": "03.11.2020 09:37",
            "open": "2.5122",
            "high": "2.5122",
            "low": "2.5122",
            "close": "2.5098"
        },
        {
            "time": "03.11.2020 09:41",
            "open": "2.5098",
            "high": "2.5099",
            "low": "2.5098",
            "close": "2.5087"
        },
        {
            "time": "03.11.2020 09:44",
            "open": "2.5087",
            "high": "2.5099",
            "low": "2.5087",
            "close": "2.5072"
        },
        {
            "time": "03.11.2020 09:46",
            "open": "2.5072",
            "high": "2.5072",
            "low": "2.5072",
            "close": "2.5117"
        },
        {
            "time": "03.11.2020 09:47",
            "open": "2.5117",
            "high": "2.5117",
            "low": "2.507",
            "close": "2.5115"
        },
        {
            "time": "03.11.2020 09:48",
            "open": "2.5115",
            "high": "2.5115",
            "low": "2.5115",
            "close": "2.5054"
        },
        {
            "time": "03.11.2020 09:50",
            "open": "2.5054",
            "high": "2.5116",
            "low": "2.5054",
            "close": "2.51"
        },
        {
            "time": "03.11.2020 09:54",
            "open": "2.51",
            "high": "2.51",
            "low": "2.51",
            "close": "2.5078"
        },
        {
            "time": "03.11.2020 10:19",
            "open": "2.5078",
            "high": "2.5085",
            "low": "2.5078",
            "close": "2.5063"
        },
        {
            "time": "03.11.2020 10:22",
            "open": "2.5063",
            "high": "2.5064",
            "low": "2.5063",
            "close": "2.5099"
        },
        {
            "time": "03.11.2020 10:37",
            "open": "2.5099",
            "high": "2.5191",
            "low": "2.5099",
            "close": "2.5115"
        },
        {
            "time": "03.11.2020 10:43",
            "open": "2.5115",
            "high": "2.5115",
            "low": "2.5115",
            "close": "2.5112"
        },
        {
            "time": "03.11.2020 10:45",
            "open": "2.5112",
            "high": "2.5113",
            "low": "2.5112",
            "close": "2.503"
        },
        {
            "time": "03.11.2020 10:47",
            "open": "2.503",
            "high": "2.503",
            "low": "2.503",
            "close": "2.5021"
        },
        {
            "time": "03.11.2020 10:49",
            "open": "2.5021",
            "high": "2.5021",
            "low": "2.5021",
            "close": "2.5127"
        },
        {
            "time": "03.11.2020 10:55",
            "open": "2.5127",
            "high": "2.5127",
            "low": "2.5127",
            "close": "2.5113"
        },
        {
            "time": "03.11.2020 10:57",
            "open": "2.5113",
            "high": "2.5114",
            "low": "2.5113",
            "close": "2.5109"
        },
        {
            "time": "03.11.2020 11:04",
            "open": "2.5109",
            "high": "2.5109",
            "low": "2.5109",
            "close": "2.5104"
        },
        {
            "time": "03.11.2020 11:06",
            "open": "2.5104",
            "high": "2.5104",
            "low": "2.5104",
            "close": "2.5045"
        },
        {
            "time": "03.11.2020 11:08",
            "open": "2.5045",
            "high": "2.5045",
            "low": "2.5045",
            "close": "2.5031"
        },
        {
            "time": "03.11.2020 11:09",
            "open": "2.5031",
            "high": "2.5031",
            "low": "2.5031",
            "close": "2.512"
        },
        {
            "time": "03.11.2020 11:17",
            "open": "2.512",
            "high": "2.512",
            "low": "2.512",
            "close": "2.5059"
        },
        {
            "time": "03.11.2020 11:20",
            "open": "2.5059",
            "high": "2.5059",
            "low": "2.5059",
            "close": "2.512"
        },
        {
            "time": "03.11.2020 11:25",
            "open": "2.512",
            "high": "2.512",
            "low": "2.512",
            "close": "2.5121"
        },
        {
            "time": "03.11.2020 11:34",
            "open": "2.5121",
            "high": "2.5121",
            "low": "2.5121",
            "close": "2.513"
        },
        {
            "time": "03.11.2020 11:50",
            "open": "2.513",
            "high": "2.5131",
            "low": "2.513",
            "close": "2.522"
        },
        {
            "time": "03.11.2020 11:52",
            "open": "2.522",
            "high": "2.5412",
            "low": "2.522",
            "close": "2.5368"
        },
        {
            "time": "03.11.2020 11:53",
            "open": "2.5368",
            "high": "2.5368",
            "low": "2.5336",
            "close": "2.5393"
        },
        {
            "time": "03.11.2020 11:54",
            "open": "2.5393",
            "high": "2.5427",
            "low": "2.5393",
            "close": "2.5373"
        },
        {
            "time": "03.11.2020 11:56",
            "open": "2.5373",
            "high": "2.5373",
            "low": "2.5373",
            "close": "2.5383"
        },
        {
            "time": "03.11.2020 11:57",
            "open": "2.5383",
            "high": "2.5427",
            "low": "2.5383",
            "close": "2.5505"
        },
        {
            "time": "03.11.2020 11:58",
            "open": "2.5505",
            "high": "2.5505",
            "low": "2.5505",
            "close": "2.5471"
        },
        {
            "time": "03.11.2020 12:00",
            "open": "2.5471",
            "high": "2.5471",
            "low": "2.5471",
            "close": "2.5471"
        },
        {
            "time": "03.11.2020 12:01",
            "open": "2.5471",
            "high": "2.5471",
            "low": "2.5305",
            "close": "2.5329"
        },
        {
            "time": "03.11.2020 12:02",
            "open": "2.5329",
            "high": "2.5329",
            "low": "2.5329",
            "close": "2.5338"
        },
        {
            "time": "03.11.2020 12:04",
            "open": "2.5338",
            "high": "2.5339",
            "low": "2.5338",
            "close": "2.5392"
        },
        {
            "time": "03.11.2020 12:05",
            "open": "2.5392",
            "high": "2.5392",
            "low": "2.5333",
            "close": "2.5368"
        },
        {
            "time": "03.11.2020 12:06",
            "open": "2.5368",
            "high": "2.537",
            "low": "2.5368",
            "close": "2.5368"
        },
        {
            "time": "03.11.2020 12:07",
            "open": "2.5368",
            "high": "2.5368",
            "low": "2.5359",
            "close": "2.5408"
        },
        {
            "time": "03.11.2020 12:08",
            "open": "2.5408",
            "high": "2.5411",
            "low": "2.5408",
            "close": "2.5338"
        },
        {
            "time": "03.11.2020 12:09",
            "open": "2.5338",
            "high": "2.5338",
            "low": "2.5326",
            "close": "2.5331"
        },
        {
            "time": "03.11.2020 12:11",
            "open": "2.5331",
            "high": "2.5331",
            "low": "2.5331",
            "close": "2.5407"
        },
        {
            "time": "03.11.2020 12:18",
            "open": "2.5407",
            "high": "2.5407",
            "low": "2.5402",
            "close": "2.537"
        },
        {
            "time": "03.11.2020 12:21",
            "open": "2.537",
            "high": "2.537",
            "low": "2.537",
            "close": "2.5428"
        },
        {
            "time": "03.11.2020 12:23",
            "open": "2.5428",
            "high": "2.5452",
            "low": "2.5428",
            "close": "2.5431"
        },
        {
            "time": "03.11.2020 12:28",
            "open": "2.5431",
            "high": "2.5431",
            "low": "2.5431",
            "close": "2.5465"
        },
        {
            "time": "03.11.2020 12:29",
            "open": "2.5465",
            "high": "2.5466",
            "low": "2.5465",
            "close": "2.5424"
        },
        {
            "time": "03.11.2020 12:30",
            "open": "2.5424",
            "high": "2.5424",
            "low": "2.5424",
            "close": "2.5356"
        },
        {
            "time": "03.11.2020 12:35",
            "open": "2.5356",
            "high": "2.5356",
            "low": "2.5355",
            "close": "2.5243"
        },
        {
            "time": "03.11.2020 12:38",
            "open": "2.5243",
            "high": "2.5243",
            "low": "2.5233",
            "close": "2.5262"
        },
        {
            "time": "03.11.2020 12:46",
            "open": "2.5262",
            "high": "2.5262",
            "low": "2.5227",
            "close": "2.518"
        },
        {
            "time": "03.11.2020 12:53",
            "open": "2.518",
            "high": "2.518",
            "low": "2.518",
            "close": "2.5189"
        },
        {
            "time": "03.11.2020 12:55",
            "open": "2.5189",
            "high": "2.5189",
            "low": "2.5189",
            "close": "2.5184"
        },
        {
            "time": "03.11.2020 12:56",
            "open": "2.5184",
            "high": "2.5184",
            "low": "2.5184",
            "close": "2.5201"
        },
        {
            "time": "03.11.2020 13:03",
            "open": "2.5201",
            "high": "2.5201",
            "low": "2.5201",
            "close": "2.5236"
        },
        {
            "time": "03.11.2020 13:09",
            "open": "2.5236",
            "high": "2.5236",
            "low": "2.5235",
            "close": "2.5039"
        },
        {
            "time": "03.11.2020 13:14",
            "open": "2.5039",
            "high": "2.5039",
            "low": "2.5035",
            "close": "2.506"
        },
        {
            "time": "03.11.2020 13:15",
            "open": "2.506",
            "high": "2.5077",
            "low": "2.506",
            "close": "2.5099"
        },
        {
            "time": "03.11.2020 13:16",
            "open": "2.5099",
            "high": "2.5102",
            "low": "2.5099",
            "close": "2.5122"
        },
        {
            "time": "03.11.2020 13:17",
            "open": "2.5122",
            "high": "2.5158",
            "low": "2.5122",
            "close": "2.5165"
        },
        {
            "time": "03.11.2020 13:21",
            "open": "2.5165",
            "high": "2.5165",
            "low": "2.5165",
            "close": "2.5154"
        },
        {
            "time": "03.11.2020 13:22",
            "open": "2.5154",
            "high": "2.5154",
            "low": "2.5154",
            "close": "2.511"
        },
        {
            "time": "03.11.2020 13:25",
            "open": "2.511",
            "high": "2.511",
            "low": "2.511",
            "close": "2.4939"
        },
        {
            "time": "03.11.2020 13:38",
            "open": "2.4939",
            "high": "2.4939",
            "low": "2.4939",
            "close": "2.4964"
        },
        {
            "time": "03.11.2020 13:39",
            "open": "2.4964",
            "high": "2.4971",
            "low": "2.4964",
            "close": "2.5035"
        },
        {
            "time": "03.11.2020 13:46",
            "open": "2.5035",
            "high": "2.5036",
            "low": "2.5035",
            "close": "2.5017"
        },
        {
            "time": "03.11.2020 13:57",
            "open": "2.5015",
            "high": "2.5015",
            "low": "2.5015",
            "close": "2.5037"
        },
        {
            "time": "03.11.2020 14:02",
            "open": "2.5037",
            "high": "2.5039",
            "low": "2.5037",
            "close": "2.5"
        },
        {
            "time": "03.11.2020 14:03",
            "open": "2.5",
            "high": "2.5",
            "low": "2.5",
            "close": "2.5"
        },
        {
            "time": "03.11.2020 14:04",
            "open": "2.5",
            "high": "2.5",
            "low": "2.5",
            "close": "2.4938"
        },
        {
            "time": "03.11.2020 14:08",
            "open": "2.4938",
            "high": "2.4938",
            "low": "2.4938",
            "close": "2.4938"
        },
        {
            "time": "03.11.2020 14:13",
            "open": "2.4938",
            "high": "2.4938",
            "low": "2.4938",
            "close": "2.49"
        },
        {
            "time": "03.11.2020 14:16",
            "open": "2.49",
            "high": "2.4901",
            "low": "2.49",
            "close": "2.4901"
        },
        {
            "time": "03.11.2020 14:17",
            "open": "2.4901",
            "high": "2.4901",
            "low": "2.4901",
            "close": "2.5098"
        },
        {
            "time": "03.11.2020 14:23",
            "open": "2.5098",
            "high": "2.5178",
            "low": "2.5098",
            "close": "2.515"
        },
        {
            "time": "03.11.2020 14:24",
            "open": "2.515",
            "high": "2.518",
            "low": "2.515",
            "close": "2.5151"
        },
        {
            "time": "03.11.2020 14:25",
            "open": "2.5151",
            "high": "2.5151",
            "low": "2.5151",
            "close": "2.5137"
        },
        {
            "time": "03.11.2020 14:26",
            "open": "2.5137",
            "high": "2.5137",
            "low": "2.5137",
            "close": "2.5157"
        },
        {
            "time": "03.11.2020 14:28",
            "open": "2.5157",
            "high": "2.5159",
            "low": "2.5157",
            "close": "2.518"
        },
        {
            "time": "03.11.2020 14:29",
            "open": "2.518",
            "high": "2.5235",
            "low": "2.518",
            "close": "2.5294"
        },
        {
            "time": "03.11.2020 14:30",
            "open": "2.5294",
            "high": "2.5294",
            "low": "2.5294",
            "close": "2.5193"
        },
        {
            "time": "03.11.2020 14:32",
            "open": "2.5193",
            "high": "2.5193",
            "low": "2.5192",
            "close": "2.526"
        },
        {
            "time": "03.11.2020 14:35",
            "open": "2.526",
            "high": "2.526",
            "low": "2.526",
            "close": "2.5284"
        },
        {
            "time": "03.11.2020 14:37",
            "open": "2.5284",
            "high": "2.5298",
            "low": "2.5284",
            "close": "2.5197"
        },
        {
            "time": "03.11.2020 14:39",
            "open": "2.5197",
            "high": "2.5197",
            "low": "2.5196",
            "close": "2.5195"
        },
        {
            "time": "03.11.2020 14:44",
            "open": "2.5195",
            "high": "2.5195",
            "low": "2.5187",
            "close": "2.5184"
        },
        {
            "time": "03.11.2020 14:50",
            "open": "2.5184",
            "high": "2.5184",
            "low": "2.5172",
            "close": "2.5178"
        },
        {
            "time": "03.11.2020 14:58",
            "open": "2.5178",
            "high": "2.5178",
            "low": "2.5177",
            "close": "2.5301"
        },
        {
            "time": "03.11.2020 15:02",
            "open": "2.5301",
            "high": "2.5301",
            "low": "2.529",
            "close": "2.5177"
        },
        {
            "time": "03.11.2020 15:06",
            "open": "2.5177",
            "high": "2.5177",
            "low": "2.516",
            "close": "2.5152"
        },
        {
            "time": "03.11.2020 15:07",
            "open": "2.5152",
            "high": "2.5152",
            "low": "2.5152",
            "close": "2.5245"
        },
        {
            "time": "03.11.2020 15:21",
            "open": "2.5245",
            "high": "2.5245",
            "low": "2.5245",
            "close": "2.5152"
        },
        {
            "time": "03.11.2020 15:23",
            "open": "2.5152",
            "high": "2.5152",
            "low": "2.5046",
            "close": "2.505"
        },
        {
            "time": "03.11.2020 15:25",
            "open": "2.505",
            "high": "2.505",
            "low": "2.505",
            "close": "2.488"
        },
        {
            "time": "03.11.2020 15:32",
            "open": "2.488",
            "high": "2.488",
            "low": "2.488",
            "close": "2.488"
        },
        {
            "time": "03.11.2020 15:33",
            "open": "2.488",
            "high": "2.488",
            "low": "2.488",
            "close": "2.4831"
        },
        {
            "time": "03.11.2020 15:35",
            "open": "2.4831",
            "high": "2.4831",
            "low": "2.483",
            "close": "2.4815"
        },
        {
            "time": "03.11.2020 15:40",
            "open": "2.4815",
            "high": "2.4815",
            "low": "2.48",
            "close": "2.475"
        },
        {
            "time": "03.11.2020 15:42",
            "open": "2.475",
            "high": "2.479",
            "low": "2.4725",
            "close": "2.4775"
        },
        {
            "time": "03.11.2020 15:45",
            "open": "2.4775",
            "high": "2.4775",
            "low": "2.4775",
            "close": "2.4797"
        },
        {
            "time": "03.11.2020 15:46",
            "open": "2.4797",
            "high": "2.4797",
            "low": "2.4797",
            "close": "2.4779"
        },
        {
            "time": "03.11.2020 15:47",
            "open": "2.4779",
            "high": "2.4779",
            "low": "2.4779",
            "close": "2.4751"
        },
        {
            "time": "03.11.2020 15:48",
            "open": "2.4751",
            "high": "2.4751",
            "low": "2.475",
            "close": "2.4708"
        },
        {
            "time": "03.11.2020 15:49",
            "open": "2.4708",
            "high": "2.4727",
            "low": "2.47",
            "close": "2.4654"
        },
        {
            "time": "03.11.2020 15:50",
            "open": "2.4654",
            "high": "2.4654",
            "low": "2.464",
            "close": "2.4656"
        },
        {
            "time": "03.11.2020 15:53",
            "open": "2.4656",
            "high": "2.4659",
            "low": "2.4656",
            "close": "2.4658"
        },
        {
            "time": "03.11.2020 15:54",
            "open": "2.4658",
            "high": "2.4658",
            "low": "2.4658",
            "close": "2.4769"
        },
        {
            "time": "03.11.2020 15:59",
            "open": "2.4769",
            "high": "2.4769",
            "low": "2.4769",
            "close": "2.4768"
        },
        {
            "time": "03.11.2020 16:00",
            "open": "2.4768",
            "high": "2.4768",
            "low": "2.4768",
            "close": "2.46"
        },
        {
            "time": "03.11.2020 16:06",
            "open": "2.46",
            "high": "2.46",
            "low": "2.46",
            "close": "2.4557"
        },
        {
            "time": "03.11.2020 16:09",
            "open": "2.4557",
            "high": "2.4557",
            "low": "2.4514",
            "close": "2.4601"
        },
        {
            "time": "03.11.2020 16:10",
            "open": "2.4601",
            "high": "2.4601",
            "low": "2.4601",
            "close": "2.4528"
        },
        {
            "time": "03.11.2020 16:19",
            "open": "2.4528",
            "high": "2.4529",
            "low": "2.4528",
            "close": "2.4528"
        },
        {
            "time": "03.11.2020 16:21",
            "open": "2.4528",
            "high": "2.4528",
            "low": "2.4425",
            "close": "2.4413"
        },
        {
            "time": "03.11.2020 16:22",
            "open": "2.4413",
            "high": "2.4413",
            "low": "2.4413",
            "close": "2.4433"
        },
        {
            "time": "03.11.2020 16:23",
            "open": "2.4433",
            "high": "2.4435",
            "low": "2.4433",
            "close": "2.4473"
        },
        {
            "time": "03.11.2020 16:25",
            "open": "2.4473",
            "high": "2.4473",
            "low": "2.4473",
            "close": "2.4446"
        },
        {
            "time": "03.11.2020 16:29",
            "open": "2.4446",
            "high": "2.4446",
            "low": "2.4446",
            "close": "2.44"
        },
        {
            "time": "03.11.2020 16:31",
            "open": "2.44",
            "high": "2.44",
            "low": "2.44",
            "close": "2.4382"
        },
        {
            "time": "03.11.2020 16:32",
            "open": "2.4382",
            "high": "2.4382",
            "low": "2.4378",
            "close": "2.4333"
        },
        {
            "time": "03.11.2020 16:37",
            "open": "2.4333",
            "high": "2.4333",
            "low": "2.4333",
            "close": "2.4399"
        },
        {
            "time": "03.11.2020 16:39",
            "open": "2.4399",
            "high": "2.44",
            "low": "2.4399",
            "close": "2.4488"
        },
        {
            "time": "03.11.2020 16:40",
            "open": "2.4488",
            "high": "2.4488",
            "low": "2.4488",
            "close": "2.4489"
        },
        {
            "time": "03.11.2020 16:43",
            "open": "2.4489",
            "high": "2.4489",
            "low": "2.4489",
            "close": "2.4459"
        },
        {
            "time": "03.11.2020 16:44",
            "open": "2.4459",
            "high": "2.4468",
            "low": "2.4459",
            "close": "2.444"
        },
        {
            "time": "03.11.2020 16:49",
            "open": "2.444",
            "high": "2.444",
            "low": "2.444",
            "close": "2.4421"
        },
        {
            "time": "03.11.2020 16:53",
            "open": "2.4421",
            "high": "2.4421",
            "low": "2.4388",
            "close": "2.4388"
        },
        {
            "time": "03.11.2020 16:59",
            "open": "2.4388",
            "high": "2.4388",
            "low": "2.4388",
            "close": "2.4301"
        },
        {
            "time": "03.11.2020 17:00",
            "open": "2.4301",
            "high": "2.4301",
            "low": "2.4154",
            "close": "2.4153"
        },
        {
            "time": "03.11.2020 17:01",
            "open": "2.4153",
            "high": "2.42",
            "low": "2.4153",
            "close": "2.4279"
        },
        {
            "time": "03.11.2020 17:02",
            "open": "2.4279",
            "high": "2.4287",
            "low": "2.4227",
            "close": "2.4224"
        },
        {
            "time": "03.11.2020 17:03",
            "open": "2.4224",
            "high": "2.4225",
            "low": "2.4224",
            "close": "2.4215"
        },
        {
            "time": "03.11.2020 17:05",
            "open": "2.4215",
            "high": "2.4216",
            "low": "2.4215",
            "close": "2.4179"
        },
        {
            "time": "03.11.2020 17:08",
            "open": "2.4179",
            "high": "2.4179",
            "low": "2.4039",
            "close": "2.4208"
        },
        {
            "time": "03.11.2020 17:11",
            "open": "2.4208",
            "high": "2.4208",
            "low": "2.4208",
            "close": "2.423"
        },
        {
            "time": "03.11.2020 17:13",
            "open": "2.423",
            "high": "2.423",
            "low": "2.423",
            "close": "2.427"
        },
        {
            "time": "03.11.2020 17:15",
            "open": "2.427",
            "high": "2.427",
            "low": "2.427",
            "close": "2.4333"
        },
        {
            "time": "03.11.2020 17:21",
            "open": "2.4333",
            "high": "2.4337",
            "low": "2.4333",
            "close": "2.4263"
        },
        {
            "time": "03.11.2020 17:23",
            "open": "2.4264",
            "high": "2.4264",
            "low": "2.4264",
            "close": "2.4315"
        },
        {
            "time": "03.11.2020 17:40",
            "open": "2.4315",
            "high": "2.4315",
            "low": "2.4315",
            "close": "2.4358"
        },
        {
            "time": "03.11.2020 17:45",
            "open": "2.4358",
            "high": "2.4382",
            "low": "2.4358",
            "close": "2.4382"
        },
        {
            "time": "03.11.2020 17:52",
            "open": "2.4382",
            "high": "2.4382",
            "low": "2.4332",
            "close": "2.4391"
        },
        {
            "time": "03.11.2020 17:53",
            "open": "2.4391",
            "high": "2.4393",
            "low": "2.4391",
            "close": "2.4374"
        },
        {
            "time": "03.11.2020 17:59",
            "open": "2.4374",
            "high": "2.4374",
            "low": "2.4374",
            "close": "2.438"
        },
        {
            "time": "03.11.2020 18:15",
            "open": "2.438",
            "high": "2.438",
            "low": "2.438",
            "close": "2.437"
        },
        {
            "time": "03.11.2020 18:20",
            "open": "2.437",
            "high": "2.4371",
            "low": "2.437",
            "close": "2.435"
        },
        {
            "time": "03.11.2020 18:24",
            "open": "2.435",
            "high": "2.435",
            "low": "2.435",
            "close": "2.4329"
        },
        {
            "time": "03.11.2020 18:25",
            "open": "2.4329",
            "high": "2.4331",
            "low": "2.4329",
            "close": "2.4277"
        },
        {
            "time": "03.11.2020 18:28",
            "open": "2.4277",
            "high": "2.4277",
            "low": "2.4277",
            "close": "2.4333"
        },
        {
            "time": "03.11.2020 18:33",
            "open": "2.4333",
            "high": "2.4333",
            "low": "2.4333",
            "close": "2.4405"
        },
        {
            "time": "03.11.2020 18:42",
            "open": "2.4405",
            "high": "2.4406",
            "low": "2.4405",
            "close": "2.4408"
        },
        {
            "time": "03.11.2020 18:52",
            "open": "2.4408",
            "high": "2.4408",
            "low": "2.4405",
            "close": "2.4458"
        },
        {
            "time": "03.11.2020 18:53",
            "open": "2.4458",
            "high": "2.4458",
            "low": "2.4458",
            "close": "2.4493"
        },
        {
            "time": "03.11.2020 18:56",
            "open": "2.4493",
            "high": "2.4501",
            "low": "2.4493",
            "close": "2.4452"
        },
        {
            "time": "03.11.2020 19:10",
            "open": "2.4452",
            "high": "2.4455",
            "low": "2.4452",
            "close": "2.44"
        },
        {
            "time": "03.11.2020 19:18",
            "open": "2.44",
            "high": "2.44",
            "low": "2.4379",
            "close": "2.4498"
        },
        {
            "time": "03.11.2020 19:32",
            "open": "2.4498",
            "high": "2.4498",
            "low": "2.4498",
            "close": "2.4498"
        },
        {
            "time": "03.11.2020 19:33",
            "open": "2.4498",
            "high": "2.4498",
            "low": "2.4498",
            "close": "2.4552"
        },
        {
            "time": "03.11.2020 19:34",
            "open": "2.4552",
            "high": "2.4555",
            "low": "2.4552",
            "close": "2.4498"
        },
        {
            "time": "03.11.2020 19:36",
            "open": "2.4498",
            "high": "2.4498",
            "low": "2.4498",
            "close": "2.4414"
        },
        {
            "time": "03.11.2020 19:48",
            "open": "2.4414",
            "high": "2.4414",
            "low": "2.4414",
            "close": "2.4466"
        },
        {
            "time": "03.11.2020 19:49",
            "open": "2.4466",
            "high": "2.4466",
            "low": "2.4466",
            "close": "2.4406"
        },
        {
            "time": "03.11.2020 19:53",
            "open": "2.4406",
            "high": "2.4406",
            "low": "2.4406",
            "close": "2.4491"
        },
        {
            "time": "03.11.2020 20:01",
            "open": "2.4491",
            "high": "2.4491",
            "low": "2.4491",
            "close": "2.4467"
        },
        {
            "time": "03.11.2020 20:02",
            "open": "2.4467",
            "high": "2.4527",
            "low": "2.4467",
            "close": "2.4475"
        },
        {
            "time": "03.11.2020 20:03",
            "open": "2.4475",
            "high": "2.4475",
            "low": "2.4465",
            "close": "2.4518"
        },
        {
            "time": "03.11.2020 20:04",
            "open": "2.4518",
            "high": "2.4543",
            "low": "2.4518",
            "close": "2.4578"
        },
        {
            "time": "03.11.2020 20:06",
            "open": "2.4578",
            "high": "2.4578",
            "low": "2.4578",
            "close": "2.4582"
        },
        {
            "time": "03.11.2020 20:10",
            "open": "2.4582",
            "high": "2.4582",
            "low": "2.4581",
            "close": "2.4622"
        },
        {
            "time": "03.11.2020 20:11",
            "open": "2.4622",
            "high": "2.4634",
            "low": "2.4622",
            "close": "2.4601"
        },
        {
            "time": "03.11.2020 20:13",
            "open": "2.4601",
            "high": "2.4601",
            "low": "2.4601",
            "close": "2.4634"
        },
        {
            "time": "03.11.2020 20:16",
            "open": "2.4634",
            "high": "2.4654",
            "low": "2.4634",
            "close": "2.4611"
        },
        {
            "time": "03.11.2020 20:19",
            "open": "2.4611",
            "high": "2.4611",
            "low": "2.461",
            "close": "2.4615"
        },
        {
            "time": "03.11.2020 20:25",
            "open": "2.4615",
            "high": "2.4615",
            "low": "2.4615",
            "close": "2.464"
        },
        {
            "time": "03.11.2020 20:33",
            "open": "2.464",
            "high": "2.464",
            "low": "2.464",
            "close": "2.461"
        },
        {
            "time": "03.11.2020 20:34",
            "open": "2.4609",
            "high": "2.4609",
            "low": "2.4609",
            "close": "2.4634"
        },
        {
            "time": "03.11.2020 20:50",
            "open": "2.4634",
            "high": "2.4706",
            "low": "2.4634",
            "close": "2.4661"
        },
        {
            "time": "03.11.2020 21:02",
            "open": "2.4661",
            "high": "2.4662",
            "low": "2.4661",
            "close": "2.47"
        },
        {
            "time": "03.11.2020 21:21",
            "open": "2.47",
            "high": "2.47",
            "low": "2.47",
            "close": "2.47"
        },
        {
            "time": "03.11.2020 21:23",
            "open": "2.47",
            "high": "2.47",
            "low": "2.4678",
            "close": "2.4699"
        },
        {
            "time": "03.11.2020 21:24",
            "open": "2.4699",
            "high": "2.47",
            "low": "2.4699",
            "close": "2.4686"
        },
        {
            "time": "03.11.2020 21:31",
            "open": "2.4686",
            "high": "2.4686",
            "low": "2.4686",
            "close": "2.47"
        },
        {
            "time": "03.11.2020 21:32",
            "open": "2.47",
            "high": "2.47",
            "low": "2.47",
            "close": "2.4725"
        },
        {
            "time": "03.11.2020 21:34",
            "open": "2.4725",
            "high": "2.4725",
            "low": "2.4725",
            "close": "2.4743"
        },
        {
            "time": "03.11.2020 21:42",
            "open": "2.4743",
            "high": "2.4743",
            "low": "2.4743",
            "close": "2.4707"
        },
        {
            "time": "03.11.2020 21:45",
            "open": "2.4707",
            "high": "2.4707",
            "low": "2.4648",
            "close": "2.471"
        },
        {
            "time": "03.11.2020 21:56",
            "open": "2.471",
            "high": "2.471",
            "low": "2.471",
            "close": "2.472"
        },
        {
            "time": "03.11.2020 22:09",
            "open": "2.472",
            "high": "2.4721",
            "low": "2.472",
            "close": "2.4722"
        },
        {
            "time": "03.11.2020 22:16",
            "open": "2.4722",
            "high": "2.4723",
            "low": "2.4672",
            "close": "2.466"
        },
        {
            "time": "03.11.2020 22:19",
            "open": "2.466",
            "high": "2.4661",
            "low": "2.4659",
            "close": "2.47"
        },
        {
            "time": "03.11.2020 22:20",
            "open": "2.47",
            "high": "2.47",
            "low": "2.47",
            "close": "2.4652"
        },
        {
            "time": "03.11.2020 22:42",
            "open": "2.4652",
            "high": "2.4652",
            "low": "2.4652",
            "close": "2.4601"
        },
        {
            "time": "03.11.2020 22:52",
            "open": "2.4601",
            "high": "2.4601",
            "low": "2.4585",
            "close": "2.4575"
        },
        {
            "time": "03.11.2020 22:57",
            "open": "2.4575",
            "high": "2.4575",
            "low": "2.4569",
            "close": "2.4547"
        },
        {
            "time": "03.11.2020 23:12",
            "open": "2.4547",
            "high": "2.4547",
            "low": "2.4547",
            "close": "2.4573"
        },
        {
            "time": "03.11.2020 23:25",
            "open": "2.4573",
            "high": "2.4574",
            "low": "2.4571",
            "close": "2.4524"
        },
        {
            "time": "03.11.2020 23:26",
            "open": "2.4524",
            "high": "2.4578",
            "low": "2.4524",
            "close": "2.4579"
        },
        {
            "time": "03.11.2020 23:30",
            "open": "2.4579",
            "high": "2.4579",
            "low": "2.4579",
            "close": "2.4604"
        },
        {
            "time": "03.11.2020 23:33",
            "open": "2.4604",
            "high": "2.4604",
            "low": "2.4604",
            "close": "2.4684"
        },
        {
            "time": "03.11.2020 23:37",
            "open": "2.4684",
            "high": "2.4684",
            "low": "2.4684",
            "close": "2.466"
        },
        {
            "time": "03.11.2020 23:39",
            "open": "2.466",
            "high": "2.466",
            "low": "2.466",
            "close": "2.466"
        },
        {
            "time": "03.11.2020 23:43",
            "open": "2.466",
            "high": "2.466",
            "low": "2.46",
            "close": "2.46"
        },
        {
            "time": "03.11.2020 23:44",
            "open": "2.46",
            "high": "2.46",
            "low": "2.46",
            "close": "2.46"
        },
        {
            "time": "03.11.2020 23:45",
            "open": "2.46",
            "high": "2.46",
            "low": "2.46",
            "close": "2.46"
        },
        {
            "time": "03.11.2020 23:46",
            "open": "2.46",
            "high": "2.46",
            "low": "2.46",
            "close": "2.4597"
        },
        {
            "time": "03.11.2020 23:49",
            "open": "2.4597",
            "high": "2.4609",
            "low": "2.4597",
            "close": "2.4626"
        },
        {
            "time": "03.11.2020 23:50",
            "open": "2.4626",
            "high": "2.4626",
            "low": "2.4625",
            "close": "2.4681"
        }
    ]
}