{
    "OMG-EUR": [
        {
            "time": "30.10.2020 23:59",
            "open": "2.4709",
            "high": "2.4709",
            "low": "2.4709",
            "close": "2.4731"
        },
        {
            "time": "31.10.2020 00:00",
            "open": "2.4731",
            "high": "2.4732",
            "low": "2.4731",
            "close": "2.4713"
        },
        {
            "time": "31.10.2020 00:01",
            "open": "2.4713",
            "high": "2.4714",
            "low": "2.4713",
            "close": "2.4595"
        },
        {
            "time": "31.10.2020 00:15",
            "open": "2.4595",
            "high": "2.4595",
            "low": "2.4595",
            "close": "2.4661"
        },
        {
            "time": "31.10.2020 00:16",
            "open": "2.4661",
            "high": "2.4661",
            "low": "2.4661",
            "close": "2.4616"
        },
        {
            "time": "31.10.2020 00:20",
            "open": "2.4616",
            "high": "2.4616",
            "low": "2.4616",
            "close": "2.4672"
        },
        {
            "time": "31.10.2020 00:44",
            "open": "2.4672",
            "high": "2.4672",
            "low": "2.4672",
            "close": "2.4626"
        },
        {
            "time": "31.10.2020 01:25",
            "open": "2.4626",
            "high": "2.4626",
            "low": "2.4626",
            "close": "2.4606"
        },
        {
            "time": "31.10.2020 01:26",
            "open": "2.4606",
            "high": "2.4606",
            "low": "2.4606",
            "close": "2.4677"
        },
        {
            "time": "31.10.2020 01:28",
            "open": "2.4677",
            "high": "2.4677",
            "low": "2.4677",
            "close": "2.4808"
        },
        {
            "time": "31.10.2020 01:41",
            "open": "2.4808",
            "high": "2.4808",
            "low": "2.4808",
            "close": "2.4805"
        },
        {
            "time": "31.10.2020 01:43",
            "open": "2.4805",
            "high": "2.4805",
            "low": "2.4803",
            "close": "2.4959"
        },
        {
            "time": "31.10.2020 02:03",
            "open": "2.4959",
            "high": "2.4962",
            "low": "2.4959",
            "close": "2.4982"
        },
        {
            "time": "31.10.2020 02:07",
            "open": "2.4982",
            "high": "2.5087",
            "low": "2.4982",
            "close": "2.5122"
        },
        {
            "time": "31.10.2020 02:08",
            "open": "2.5122",
            "high": "2.5146",
            "low": "2.5122",
            "close": "2.5145"
        },
        {
            "time": "31.10.2020 02:09",
            "open": "2.5145",
            "high": "2.5153",
            "low": "2.5059",
            "close": "2.5109"
        },
        {
            "time": "31.10.2020 02:10",
            "open": "2.5109",
            "high": "2.5239",
            "low": "2.5094",
            "close": "2.5049"
        },
        {
            "time": "31.10.2020 02:11",
            "open": "2.5049",
            "high": "2.5049",
            "low": "2.5005",
            "close": "2.4966"
        },
        {
            "time": "31.10.2020 02:14",
            "open": "2.4966",
            "high": "2.4966",
            "low": "2.4966",
            "close": "2.4936"
        },
        {
            "time": "31.10.2020 02:15",
            "open": "2.4936",
            "high": "2.4936",
            "low": "2.4935",
            "close": "2.5099"
        },
        {
            "time": "31.10.2020 02:25",
            "open": "2.5099",
            "high": "2.51",
            "low": "2.5099",
            "close": "2.5125"
        },
        {
            "time": "31.10.2020 02:29",
            "open": "2.5125",
            "high": "2.5125",
            "low": "2.5125",
            "close": "2.5156"
        },
        {
            "time": "31.10.2020 02:32",
            "open": "2.5119",
            "high": "2.5119",
            "low": "2.5119",
            "close": "2.506"
        },
        {
            "time": "31.10.2020 02:33",
            "open": "2.506",
            "high": "2.506",
            "low": "2.5059",
            "close": "2.5078"
        },
        {
            "time": "31.10.2020 02:34",
            "open": "2.5078",
            "high": "2.5078",
            "low": "2.5078",
            "close": "2.512"
        },
        {
            "time": "31.10.2020 02:49",
            "open": "2.512",
            "high": "2.5121",
            "low": "2.512",
            "close": "2.511"
        },
        {
            "time": "31.10.2020 03:07",
            "open": "2.511",
            "high": "2.511",
            "low": "2.5087",
            "close": "2.4991"
        },
        {
            "time": "31.10.2020 03:08",
            "open": "2.4991",
            "high": "2.4991",
            "low": "2.4991",
            "close": "2.4934"
        },
        {
            "time": "31.10.2020 03:10",
            "open": "2.4934",
            "high": "2.4934",
            "low": "2.4934",
            "close": "2.4885"
        },
        {
            "time": "31.10.2020 03:18",
            "open": "2.4885",
            "high": "2.4885",
            "low": "2.4885",
            "close": "2.487"
        },
        {
            "time": "31.10.2020 03:20",
            "open": "2.487",
            "high": "2.4933",
            "low": "2.487",
            "close": "2.515"
        },
        {
            "time": "31.10.2020 03:39",
            "open": "2.515",
            "high": "2.515",
            "low": "2.515",
            "close": "2.511"
        },
        {
            "time": "31.10.2020 03:40",
            "open": "2.511",
            "high": "2.511",
            "low": "2.511",
            "close": "2.5131"
        },
        {
            "time": "31.10.2020 03:43",
            "open": "2.5131",
            "high": "2.5131",
            "low": "2.5131",
            "close": "2.5146"
        },
        {
            "time": "31.10.2020 03:44",
            "open": "2.5146",
            "high": "2.5147",
            "low": "2.5146",
            "close": "2.492"
        },
        {
            "time": "31.10.2020 05:36",
            "open": "2.492",
            "high": "2.492",
            "low": "2.492",
            "close": "2.492"
        },
        {
            "time": "31.10.2020 06:25",
            "open": "2.492",
            "high": "2.492",
            "low": "2.492",
            "close": "2.4886"
        },
        {
            "time": "31.10.2020 06:59",
            "open": "2.4886",
            "high": "2.4892",
            "low": "2.4886",
            "close": "2.4774"
        },
        {
            "time": "31.10.2020 07:06",
            "open": "2.4774",
            "high": "2.4891",
            "low": "2.4774",
            "close": "2.4986"
        },
        {
            "time": "31.10.2020 07:25",
            "open": "2.4986",
            "high": "2.4986",
            "low": "2.4964",
            "close": "2.4993"
        },
        {
            "time": "31.10.2020 07:33",
            "open": "2.4993",
            "high": "2.4993",
            "low": "2.4993",
            "close": "2.5079"
        },
        {
            "time": "31.10.2020 07:45",
            "open": "2.5079",
            "high": "2.5079",
            "low": "2.5079",
            "close": "2.5005"
        },
        {
            "time": "31.10.2020 07:50",
            "open": "2.5005",
            "high": "2.5006",
            "low": "2.5005",
            "close": "2.501"
        },
        {
            "time": "31.10.2020 07:51",
            "open": "2.501",
            "high": "2.501",
            "low": "2.501",
            "close": "2.5047"
        },
        {
            "time": "31.10.2020 08:08",
            "open": "2.5047",
            "high": "2.5047",
            "low": "2.5047",
            "close": "2.5011"
        },
        {
            "time": "31.10.2020 08:15",
            "open": "2.5011",
            "high": "2.5011",
            "low": "2.501",
            "close": "2.4974"
        },
        {
            "time": "31.10.2020 08:16",
            "open": "2.4974",
            "high": "2.4991",
            "low": "2.4974",
            "close": "2.4974"
        },
        {
            "time": "31.10.2020 08:17",
            "open": "2.4974",
            "high": "2.4974",
            "low": "2.4974",
            "close": "2.4895"
        },
        {
            "time": "31.10.2020 08:28",
            "open": "2.4895",
            "high": "2.4895",
            "low": "2.4895",
            "close": "2.4922"
        },
        {
            "time": "31.10.2020 08:34",
            "open": "2.4922",
            "high": "2.4922",
            "low": "2.4922",
            "close": "2.4937"
        },
        {
            "time": "31.10.2020 08:41",
            "open": "2.4937",
            "high": "2.4976",
            "low": "2.4925",
            "close": "2.5009"
        },
        {
            "time": "31.10.2020 09:02",
            "open": "2.5009",
            "high": "2.5009",
            "low": "2.5009",
            "close": "2.4908"
        },
        {
            "time": "31.10.2020 09:06",
            "open": "2.4908",
            "high": "2.4908",
            "low": "2.4908",
            "close": "2.4911"
        },
        {
            "time": "31.10.2020 09:20",
            "open": "2.4911",
            "high": "2.4911",
            "low": "2.491",
            "close": "2.498"
        },
        {
            "time": "31.10.2020 09:40",
            "open": "2.498",
            "high": "2.498",
            "low": "2.4979",
            "close": "2.5196"
        },
        {
            "time": "31.10.2020 09:42",
            "open": "2.5196",
            "high": "2.5203",
            "low": "2.5196",
            "close": "2.52"
        },
        {
            "time": "31.10.2020 09:43",
            "open": "2.52",
            "high": "2.52",
            "low": "2.52",
            "close": "2.5233"
        },
        {
            "time": "31.10.2020 09:45",
            "open": "2.5233",
            "high": "2.54",
            "low": "2.5233",
            "close": "2.5341"
        },
        {
            "time": "31.10.2020 09:47",
            "open": "2.5341",
            "high": "2.5341",
            "low": "2.534",
            "close": "2.5317"
        },
        {
            "time": "31.10.2020 09:48",
            "open": "2.5317",
            "high": "2.5383",
            "low": "2.5315",
            "close": "2.5452"
        },
        {
            "time": "31.10.2020 09:50",
            "open": "2.5452",
            "high": "2.5547",
            "low": "2.5452",
            "close": "2.5563"
        },
        {
            "time": "31.10.2020 09:51",
            "open": "2.5563",
            "high": "2.5564",
            "low": "2.5455",
            "close": "2.5477"
        },
        {
            "time": "31.10.2020 09:52",
            "open": "2.5477",
            "high": "2.5544",
            "low": "2.5477",
            "close": "2.5564"
        },
        {
            "time": "31.10.2020 09:53",
            "open": "2.5564",
            "high": "2.5564",
            "low": "2.5564",
            "close": "2.5672"
        },
        {
            "time": "31.10.2020 09:55",
            "open": "2.5672",
            "high": "2.57",
            "low": "2.5672",
            "close": "2.5671"
        },
        {
            "time": "31.10.2020 09:59",
            "open": "2.5671",
            "high": "2.5672",
            "low": "2.5671",
            "close": "2.5688"
        },
        {
            "time": "31.10.2020 10:00",
            "open": "2.5688",
            "high": "2.5688",
            "low": "2.5688",
            "close": "2.5709"
        },
        {
            "time": "31.10.2020 10:01",
            "open": "2.5709",
            "high": "2.5715",
            "low": "2.5709",
            "close": "2.5632"
        },
        {
            "time": "31.10.2020 10:03",
            "open": "2.5632",
            "high": "2.5632",
            "low": "2.5632",
            "close": "2.5618"
        },
        {
            "time": "31.10.2020 10:05",
            "open": "2.5618",
            "high": "2.5618",
            "low": "2.5544",
            "close": "2.5488"
        },
        {
            "time": "31.10.2020 10:06",
            "open": "2.5488",
            "high": "2.5488",
            "low": "2.5485",
            "close": "2.5485"
        },
        {
            "time": "31.10.2020 10:09",
            "open": "2.5485",
            "high": "2.5485",
            "low": "2.5485",
            "close": "2.5471"
        },
        {
            "time": "31.10.2020 10:12",
            "open": "2.5471",
            "high": "2.5471",
            "low": "2.547",
            "close": "2.5506"
        },
        {
            "time": "31.10.2020 10:13",
            "open": "2.5506",
            "high": "2.5507",
            "low": "2.5506",
            "close": "2.5479"
        },
        {
            "time": "31.10.2020 10:16",
            "open": "2.5479",
            "high": "2.5479",
            "low": "2.5437",
            "close": "2.54"
        },
        {
            "time": "31.10.2020 10:17",
            "open": "2.54",
            "high": "2.54",
            "low": "2.5392",
            "close": "2.5368"
        },
        {
            "time": "31.10.2020 10:18",
            "open": "2.5368",
            "high": "2.5415",
            "low": "2.5368",
            "close": "2.5459"
        },
        {
            "time": "31.10.2020 10:21",
            "open": "2.5459",
            "high": "2.5504",
            "low": "2.5459",
            "close": "2.55"
        },
        {
            "time": "31.10.2020 10:23",
            "open": "2.55",
            "high": "2.5524",
            "low": "2.55",
            "close": "2.5504"
        },
        {
            "time": "31.10.2020 10:34",
            "open": "2.5504",
            "high": "2.5504",
            "low": "2.5504",
            "close": "2.5504"
        },
        {
            "time": "31.10.2020 10:36",
            "open": "2.5504",
            "high": "2.5504",
            "low": "2.5504",
            "close": "2.5458"
        },
        {
            "time": "31.10.2020 10:37",
            "open": "2.5458",
            "high": "2.5458",
            "low": "2.5458",
            "close": "2.546"
        },
        {
            "time": "31.10.2020 10:40",
            "open": "2.546",
            "high": "2.546",
            "low": "2.5456",
            "close": "2.5495"
        },
        {
            "time": "31.10.2020 10:44",
            "open": "2.5495",
            "high": "2.5498",
            "low": "2.5495",
            "close": "2.5456"
        },
        {
            "time": "31.10.2020 10:45",
            "open": "2.5456",
            "high": "2.5456",
            "low": "2.5445",
            "close": "2.5449"
        },
        {
            "time": "31.10.2020 10:49",
            "open": "2.5449",
            "high": "2.5449",
            "low": "2.5449",
            "close": "2.5429"
        },
        {
            "time": "31.10.2020 10:51",
            "open": "2.5429",
            "high": "2.5429",
            "low": "2.5429",
            "close": "2.5398"
        },
        {
            "time": "31.10.2020 10:54",
            "open": "2.5398",
            "high": "2.5398",
            "low": "2.5398",
            "close": "2.5426"
        },
        {
            "time": "31.10.2020 10:56",
            "open": "2.5426",
            "high": "2.5426",
            "low": "2.5426",
            "close": "2.5546"
        },
        {
            "time": "31.10.2020 11:01",
            "open": "2.5546",
            "high": "2.555",
            "low": "2.5546",
            "close": "2.5477"
        },
        {
            "time": "31.10.2020 11:04",
            "open": "2.5477",
            "high": "2.5478",
            "low": "2.5477",
            "close": "2.5466"
        },
        {
            "time": "31.10.2020 11:05",
            "open": "2.5466",
            "high": "2.5467",
            "low": "2.5423",
            "close": "2.542"
        },
        {
            "time": "31.10.2020 11:12",
            "open": "2.542",
            "high": "2.5425",
            "low": "2.542",
            "close": "2.5369"
        },
        {
            "time": "31.10.2020 11:17",
            "open": "2.5369",
            "high": "2.5369",
            "low": "2.5369",
            "close": "2.5364"
        },
        {
            "time": "31.10.2020 11:18",
            "open": "2.5364",
            "high": "2.5364",
            "low": "2.5364",
            "close": "2.5319"
        },
        {
            "time": "31.10.2020 11:22",
            "open": "2.5316",
            "high": "2.5316",
            "low": "2.5316",
            "close": "2.5409"
        },
        {
            "time": "31.10.2020 11:26",
            "open": "2.5409",
            "high": "2.5427",
            "low": "2.54",
            "close": "2.5328"
        },
        {
            "time": "31.10.2020 11:31",
            "open": "2.5328",
            "high": "2.5341",
            "low": "2.5328",
            "close": "2.5445"
        },
        {
            "time": "31.10.2020 11:32",
            "open": "2.5445",
            "high": "2.5446",
            "low": "2.5445",
            "close": "2.5422"
        },
        {
            "time": "31.10.2020 11:39",
            "open": "2.5422",
            "high": "2.5424",
            "low": "2.5422",
            "close": "2.559"
        },
        {
            "time": "31.10.2020 12:00",
            "open": "2.559",
            "high": "2.5591",
            "low": "2.552",
            "close": "2.56"
        },
        {
            "time": "31.10.2020 12:01",
            "open": "2.56",
            "high": "2.56",
            "low": "2.56",
            "close": "2.5558"
        },
        {
            "time": "31.10.2020 12:04",
            "open": "2.5558",
            "high": "2.5558",
            "low": "2.555",
            "close": "2.5546"
        },
        {
            "time": "31.10.2020 12:12",
            "open": "2.5546",
            "high": "2.5546",
            "low": "2.5546",
            "close": "2.5603"
        },
        {
            "time": "31.10.2020 12:15",
            "open": "2.5603",
            "high": "2.5603",
            "low": "2.5603",
            "close": "2.5631"
        },
        {
            "time": "31.10.2020 12:22",
            "open": "2.5631",
            "high": "2.5631",
            "low": "2.5631",
            "close": "2.5632"
        },
        {
            "time": "31.10.2020 12:24",
            "open": "2.5632",
            "high": "2.5632",
            "low": "2.5632",
            "close": "2.5518"
        },
        {
            "time": "31.10.2020 12:39",
            "open": "2.5518",
            "high": "2.5565",
            "low": "2.5518",
            "close": "2.5449"
        },
        {
            "time": "31.10.2020 12:40",
            "open": "2.5449",
            "high": "2.5449",
            "low": "2.5424",
            "close": "2.5464"
        },
        {
            "time": "31.10.2020 12:42",
            "open": "2.5464",
            "high": "2.5464",
            "low": "2.5368",
            "close": "2.5436"
        },
        {
            "time": "31.10.2020 12:45",
            "open": "2.5436",
            "high": "2.5536",
            "low": "2.5436",
            "close": "2.5574"
        },
        {
            "time": "31.10.2020 12:47",
            "open": "2.5574",
            "high": "2.5575",
            "low": "2.5574",
            "close": "2.5551"
        },
        {
            "time": "31.10.2020 12:48",
            "open": "2.5551",
            "high": "2.5551",
            "low": "2.5516",
            "close": "2.5498"
        },
        {
            "time": "31.10.2020 12:49",
            "open": "2.5498",
            "high": "2.5498",
            "low": "2.5498",
            "close": "2.5492"
        },
        {
            "time": "31.10.2020 12:50",
            "open": "2.5492",
            "high": "2.5493",
            "low": "2.5492",
            "close": "2.5484"
        },
        {
            "time": "31.10.2020 12:51",
            "open": "2.5484",
            "high": "2.5484",
            "low": "2.5484",
            "close": "2.5499"
        },
        {
            "time": "31.10.2020 12:53",
            "open": "2.5499",
            "high": "2.55",
            "low": "2.5499",
            "close": "2.543"
        },
        {
            "time": "31.10.2020 12:57",
            "open": "2.543",
            "high": "2.543",
            "low": "2.543",
            "close": "2.5468"
        },
        {
            "time": "31.10.2020 13:00",
            "open": "2.5468",
            "high": "2.5468",
            "low": "2.5468",
            "close": "2.5596"
        },
        {
            "time": "31.10.2020 13:10",
            "open": "2.5596",
            "high": "2.5596",
            "low": "2.5596",
            "close": "2.557"
        },
        {
            "time": "31.10.2020 13:12",
            "open": "2.557",
            "high": "2.557",
            "low": "2.5563",
            "close": "2.5482"
        },
        {
            "time": "31.10.2020 13:17",
            "open": "2.5482",
            "high": "2.5482",
            "low": "2.5482",
            "close": "2.544"
        },
        {
            "time": "31.10.2020 13:20",
            "open": "2.544",
            "high": "2.544",
            "low": "2.5439",
            "close": "2.5521"
        },
        {
            "time": "31.10.2020 13:22",
            "open": "2.5521",
            "high": "2.5521",
            "low": "2.5521",
            "close": "2.5579"
        },
        {
            "time": "31.10.2020 13:44",
            "open": "2.5579",
            "high": "2.5579",
            "low": "2.5579",
            "close": "2.5538"
        },
        {
            "time": "31.10.2020 13:49",
            "open": "2.5538",
            "high": "2.5539",
            "low": "2.5538",
            "close": "2.5525"
        },
        {
            "time": "31.10.2020 13:52",
            "open": "2.5525",
            "high": "2.5526",
            "low": "2.5525",
            "close": "2.5575"
        },
        {
            "time": "31.10.2020 13:59",
            "open": "2.5575",
            "high": "2.5575",
            "low": "2.5575",
            "close": "2.56"
        },
        {
            "time": "31.10.2020 14:00",
            "open": "2.56",
            "high": "2.56",
            "low": "2.56",
            "close": "2.561"
        },
        {
            "time": "31.10.2020 14:02",
            "open": "2.561",
            "high": "2.561",
            "low": "2.561",
            "close": "2.5632"
        },
        {
            "time": "31.10.2020 14:03",
            "open": "2.5632",
            "high": "2.57",
            "low": "2.5632",
            "close": "2.5724"
        },
        {
            "time": "31.10.2020 14:05",
            "open": "2.5724",
            "high": "2.5724",
            "low": "2.5724",
            "close": "2.5724"
        },
        {
            "time": "31.10.2020 14:06",
            "open": "2.5724",
            "high": "2.5759",
            "low": "2.5724",
            "close": "2.5661"
        },
        {
            "time": "31.10.2020 14:08",
            "open": "2.5661",
            "high": "2.5661",
            "low": "2.5661",
            "close": "2.5753"
        },
        {
            "time": "31.10.2020 14:12",
            "open": "2.5753",
            "high": "2.5789",
            "low": "2.5753",
            "close": "2.5701"
        },
        {
            "time": "31.10.2020 14:19",
            "open": "2.5701",
            "high": "2.5701",
            "low": "2.5701",
            "close": "2.5674"
        },
        {
            "time": "31.10.2020 14:22",
            "open": "2.5674",
            "high": "2.5755",
            "low": "2.5674",
            "close": "2.5754"
        },
        {
            "time": "31.10.2020 14:27",
            "open": "2.5754",
            "high": "2.5755",
            "low": "2.5754",
            "close": "2.5781"
        },
        {
            "time": "31.10.2020 14:39",
            "open": "2.5781",
            "high": "2.5781",
            "low": "2.5781",
            "close": "2.5738"
        },
        {
            "time": "31.10.2020 14:40",
            "open": "2.5738",
            "high": "2.575",
            "low": "2.5738",
            "close": "2.5731"
        },
        {
            "time": "31.10.2020 14:44",
            "open": "2.5731",
            "high": "2.5731",
            "low": "2.5731",
            "close": "2.5773"
        },
        {
            "time": "31.10.2020 14:58",
            "open": "2.5773",
            "high": "2.5774",
            "low": "2.5773",
            "close": "2.5641"
        },
        {
            "time": "31.10.2020 15:06",
            "open": "2.5641",
            "high": "2.5641",
            "low": "2.5641",
            "close": "2.5529"
        },
        {
            "time": "31.10.2020 15:08",
            "open": "2.5529",
            "high": "2.5529",
            "low": "2.5529",
            "close": "2.5583"
        },
        {
            "time": "31.10.2020 15:16",
            "open": "2.5583",
            "high": "2.5583",
            "low": "2.5583",
            "close": "2.557"
        },
        {
            "time": "31.10.2020 15:25",
            "open": "2.557",
            "high": "2.5571",
            "low": "2.557",
            "close": "2.5509"
        },
        {
            "time": "31.10.2020 15:26",
            "open": "2.5509",
            "high": "2.5509",
            "low": "2.5508",
            "close": "2.5523"
        },
        {
            "time": "31.10.2020 15:27",
            "open": "2.5523",
            "high": "2.5523",
            "low": "2.5523",
            "close": "2.5438"
        },
        {
            "time": "31.10.2020 15:28",
            "open": "2.5438",
            "high": "2.5438",
            "low": "2.5438",
            "close": "2.5466"
        },
        {
            "time": "31.10.2020 15:29",
            "open": "2.5466",
            "high": "2.5466",
            "low": "2.5462",
            "close": "2.5494"
        },
        {
            "time": "31.10.2020 15:30",
            "open": "2.5494",
            "high": "2.5494",
            "low": "2.5494",
            "close": "2.5439"
        },
        {
            "time": "31.10.2020 15:32",
            "open": "2.5439",
            "high": "2.5506",
            "low": "2.5439",
            "close": "2.54"
        },
        {
            "time": "31.10.2020 15:38",
            "open": "2.54",
            "high": "2.54",
            "low": "2.54",
            "close": "2.5401"
        },
        {
            "time": "31.10.2020 16:08",
            "open": "2.5401",
            "high": "2.5401",
            "low": "2.54",
            "close": "2.54"
        },
        {
            "time": "31.10.2020 16:09",
            "open": "2.54",
            "high": "2.54",
            "low": "2.5397",
            "close": "2.53"
        },
        {
            "time": "31.10.2020 16:10",
            "open": "2.53",
            "high": "2.53",
            "low": "2.53",
            "close": "2.5244"
        },
        {
            "time": "31.10.2020 16:11",
            "open": "2.5244",
            "high": "2.5244",
            "low": "2.5244",
            "close": "2.532"
        },
        {
            "time": "31.10.2020 16:18",
            "open": "2.532",
            "high": "2.5329",
            "low": "2.532",
            "close": "2.5301"
        },
        {
            "time": "31.10.2020 16:35",
            "open": "2.5301",
            "high": "2.5301",
            "low": "2.5301",
            "close": "2.5261"
        },
        {
            "time": "31.10.2020 16:42",
            "open": "2.5261",
            "high": "2.5261",
            "low": "2.526",
            "close": "2.5301"
        },
        {
            "time": "31.10.2020 16:43",
            "open": "2.5301",
            "high": "2.5301",
            "low": "2.5301",
            "close": "2.5301"
        },
        {
            "time": "31.10.2020 16:45",
            "open": "2.5301",
            "high": "2.5346",
            "low": "2.5301",
            "close": "2.5307"
        },
        {
            "time": "31.10.2020 16:50",
            "open": "2.5307",
            "high": "2.5307",
            "low": "2.5307",
            "close": "2.533"
        },
        {
            "time": "31.10.2020 16:53",
            "open": "2.533",
            "high": "2.534",
            "low": "2.533",
            "close": "2.5348"
        },
        {
            "time": "31.10.2020 16:55",
            "open": "2.5348",
            "high": "2.5348",
            "low": "2.5348",
            "close": "2.5531"
        },
        {
            "time": "31.10.2020 17:02",
            "open": "2.5531",
            "high": "2.5532",
            "low": "2.5531",
            "close": "2.5432"
        },
        {
            "time": "31.10.2020 17:06",
            "open": "2.5432",
            "high": "2.5432",
            "low": "2.5431",
            "close": "2.552"
        },
        {
            "time": "31.10.2020 17:17",
            "open": "2.552",
            "high": "2.5521",
            "low": "2.547",
            "close": "2.5476"
        },
        {
            "time": "31.10.2020 17:20",
            "open": "2.5476",
            "high": "2.5478",
            "low": "2.5476",
            "close": "2.5468"
        },
        {
            "time": "31.10.2020 17:21",
            "open": "2.5468",
            "high": "2.5468",
            "low": "2.546",
            "close": "2.5453"
        },
        {
            "time": "31.10.2020 17:29",
            "open": "2.5453",
            "high": "2.5453",
            "low": "2.545",
            "close": "2.538"
        },
        {
            "time": "31.10.2020 17:30",
            "open": "2.538",
            "high": "2.538",
            "low": "2.538",
            "close": "2.5497"
        },
        {
            "time": "31.10.2020 17:59",
            "open": "2.5497",
            "high": "2.5498",
            "low": "2.5497",
            "close": "2.5485"
        },
        {
            "time": "31.10.2020 18:03",
            "open": "2.5485",
            "high": "2.5485",
            "low": "2.5485",
            "close": "2.5456"
        },
        {
            "time": "31.10.2020 18:05",
            "open": "2.5456",
            "high": "2.5456",
            "low": "2.5456",
            "close": "2.5392"
        },
        {
            "time": "31.10.2020 18:06",
            "open": "2.5392",
            "high": "2.5392",
            "low": "2.5392",
            "close": "2.538"
        },
        {
            "time": "31.10.2020 18:07",
            "open": "2.538",
            "high": "2.538",
            "low": "2.538",
            "close": "2.5349"
        },
        {
            "time": "31.10.2020 18:08",
            "open": "2.5349",
            "high": "2.5349",
            "low": "2.5328",
            "close": "2.533"
        },
        {
            "time": "31.10.2020 18:09",
            "open": "2.533",
            "high": "2.533",
            "low": "2.533",
            "close": "2.5301"
        },
        {
            "time": "31.10.2020 18:23",
            "open": "2.5301",
            "high": "2.5301",
            "low": "2.5301",
            "close": "2.532"
        },
        {
            "time": "31.10.2020 18:26",
            "open": "2.532",
            "high": "2.532",
            "low": "2.532",
            "close": "2.5332"
        },
        {
            "time": "31.10.2020 18:30",
            "open": "2.5332",
            "high": "2.5332",
            "low": "2.5332",
            "close": "2.5339"
        },
        {
            "time": "31.10.2020 18:39",
            "open": "2.5339",
            "high": "2.5394",
            "low": "2.5339",
            "close": "2.5339"
        },
        {
            "time": "31.10.2020 18:46",
            "open": "2.5339",
            "high": "2.5339",
            "low": "2.5339",
            "close": "2.5391"
        },
        {
            "time": "31.10.2020 18:57",
            "open": "2.5391",
            "high": "2.5394",
            "low": "2.5391",
            "close": "2.5301"
        },
        {
            "time": "31.10.2020 19:07",
            "open": "2.5301",
            "high": "2.5301",
            "low": "2.5301",
            "close": "2.5242"
        },
        {
            "time": "31.10.2020 19:08",
            "open": "2.5242",
            "high": "2.5242",
            "low": "2.5211",
            "close": "2.52"
        },
        {
            "time": "31.10.2020 19:09",
            "open": "2.52",
            "high": "2.52",
            "low": "2.52",
            "close": "2.5167"
        },
        {
            "time": "31.10.2020 19:13",
            "open": "2.5167",
            "high": "2.5167",
            "low": "2.5167",
            "close": "2.5252"
        },
        {
            "time": "31.10.2020 19:17",
            "open": "2.5252",
            "high": "2.5261",
            "low": "2.5252",
            "close": "2.5261"
        },
        {
            "time": "31.10.2020 19:25",
            "open": "2.5261",
            "high": "2.5261",
            "low": "2.5261",
            "close": "2.5241"
        },
        {
            "time": "31.10.2020 19:31",
            "open": "2.5241",
            "high": "2.5241",
            "low": "2.5241",
            "close": "2.5257"
        },
        {
            "time": "31.10.2020 19:45",
            "open": "2.5257",
            "high": "2.5257",
            "low": "2.5257",
            "close": "2.5209"
        },
        {
            "time": "31.10.2020 19:53",
            "open": "2.5209",
            "high": "2.5209",
            "low": "2.5205",
            "close": "2.5128"
        },
        {
            "time": "31.10.2020 20:05",
            "open": "2.5128",
            "high": "2.5129",
            "low": "2.5128",
            "close": "2.5128"
        },
        {
            "time": "31.10.2020 20:06",
            "open": "2.5128",
            "high": "2.5128",
            "low": "2.5128",
            "close": "2.5128"
        },
        {
            "time": "31.10.2020 20:07",
            "open": "2.5128",
            "high": "2.5128",
            "low": "2.5128",
            "close": "2.5134"
        },
        {
            "time": "31.10.2020 20:16",
            "open": "2.5134",
            "high": "2.5134",
            "low": "2.5134",
            "close": "2.52"
        },
        {
            "time": "31.10.2020 20:25",
            "open": "2.52",
            "high": "2.52",
            "low": "2.52",
            "close": "2.5312"
        },
        {
            "time": "31.10.2020 20:43",
            "open": "2.5312",
            "high": "2.5312",
            "low": "2.5312",
            "close": "2.5405"
        },
        {
            "time": "31.10.2020 20:52",
            "open": "2.5405",
            "high": "2.5405",
            "low": "2.5405",
            "close": "2.5357"
        },
        {
            "time": "31.10.2020 20:53",
            "open": "2.5357",
            "high": "2.5357",
            "low": "2.5357",
            "close": "2.5292"
        },
        {
            "time": "31.10.2020 21:01",
            "open": "2.5292",
            "high": "2.5292",
            "low": "2.5292",
            "close": "2.53"
        },
        {
            "time": "31.10.2020 21:02",
            "open": "2.53",
            "high": "2.53",
            "low": "2.53",
            "close": "2.5295"
        },
        {
            "time": "31.10.2020 21:22",
            "open": "2.5295",
            "high": "2.5295",
            "low": "2.5294",
            "close": "2.5361"
        },
        {
            "time": "31.10.2020 21:27",
            "open": "2.5361",
            "high": "2.5361",
            "low": "2.5361",
            "close": "2.5309"
        },
        {
            "time": "31.10.2020 21:31",
            "open": "2.5309",
            "high": "2.5309",
            "low": "2.5308",
            "close": "2.5339"
        },
        {
            "time": "31.10.2020 21:51",
            "open": "2.5339",
            "high": "2.541",
            "low": "2.5339",
            "close": "2.5362"
        },
        {
            "time": "31.10.2020 21:53",
            "open": "2.5362",
            "high": "2.5362",
            "low": "2.5362",
            "close": "2.5324"
        },
        {
            "time": "31.10.2020 22:01",
            "open": "2.5324",
            "high": "2.5324",
            "low": "2.53",
            "close": "2.5314"
        },
        {
            "time": "31.10.2020 22:03",
            "open": "2.5314",
            "high": "2.5321",
            "low": "2.5314",
            "close": "2.5177"
        },
        {
            "time": "31.10.2020 22:42",
            "open": "2.5177",
            "high": "2.5177",
            "low": "2.5159",
            "close": "2.5161"
        },
        {
            "time": "31.10.2020 22:58",
            "open": "2.5161",
            "high": "2.5161",
            "low": "2.5161",
            "close": "2.5262"
        },
        {
            "time": "31.10.2020 23:25",
            "open": "2.5262",
            "high": "2.5315",
            "low": "2.5242",
            "close": "2.5082"
        },
        {
            "time": "31.10.2020 23:42",
            "open": "2.5082",
            "high": "2.5082",
            "low": "2.5082",
            "close": "2.5045"
        },
        {
            "time": "31.10.2020 23:43",
            "open": "2.5045",
            "high": "2.5045",
            "low": "2.5045",
            "close": "2.5026"
        },
        {
            "time": "31.10.2020 23:44",
            "open": "2.5026",
            "high": "2.5034",
            "low": "2.5025",
            "close": "2.5068"
        }
    ]
}