{
    "OMG-EUR": [
        {
            "time": "13.03.2021 23:59",
            "open": "4.3718",
            "high": "4.3718",
            "low": "4.3717",
            "close": "4.3791"
        },
        {
            "time": "14.03.2021 00:00",
            "open": "4.3791",
            "high": "4.3791",
            "low": "4.3791",
            "close": "4.38"
        },
        {
            "time": "14.03.2021 00:01",
            "open": "4.38",
            "high": "4.38",
            "low": "4.38",
            "close": "4.38"
        },
        {
            "time": "14.03.2021 00:02",
            "open": "4.38",
            "high": "4.38",
            "low": "4.38",
            "close": "4.3808"
        },
        {
            "time": "14.03.2021 00:03",
            "open": "4.3808",
            "high": "4.3817",
            "low": "4.3802",
            "close": "4.3898"
        },
        {
            "time": "14.03.2021 00:04",
            "open": "4.3898",
            "high": "4.3898",
            "low": "4.38",
            "close": "4.38"
        },
        {
            "time": "14.03.2021 00:05",
            "open": "4.38",
            "high": "4.38",
            "low": "4.3599",
            "close": "4.3575"
        },
        {
            "time": "14.03.2021 00:07",
            "open": "4.3575",
            "high": "4.3575",
            "low": "4.3575",
            "close": "4.3666"
        },
        {
            "time": "14.03.2021 00:08",
            "open": "4.3666",
            "high": "4.3666",
            "low": "4.3666",
            "close": "4.3638"
        },
        {
            "time": "14.03.2021 00:09",
            "open": "4.3638",
            "high": "4.3638",
            "low": "4.3634",
            "close": "4.368"
        },
        {
            "time": "14.03.2021 00:10",
            "open": "4.368",
            "high": "4.368",
            "low": "4.368",
            "close": "4.3532"
        },
        {
            "time": "14.03.2021 00:11",
            "open": "4.3532",
            "high": "4.3532",
            "low": "4.353",
            "close": "4.3529"
        },
        {
            "time": "14.03.2021 00:13",
            "open": "4.3529",
            "high": "4.3529",
            "low": "4.3529",
            "close": "4.3529"
        },
        {
            "time": "14.03.2021 00:14",
            "open": "4.3529",
            "high": "4.3529",
            "low": "4.3528",
            "close": "4.3527"
        },
        {
            "time": "14.03.2021 00:16",
            "open": "4.3527",
            "high": "4.3527",
            "low": "4.3527",
            "close": "4.3598"
        },
        {
            "time": "14.03.2021 00:17",
            "open": "4.3598",
            "high": "4.3598",
            "low": "4.3598",
            "close": "4.3523"
        },
        {
            "time": "14.03.2021 00:23",
            "open": "4.3523",
            "high": "4.3523",
            "low": "4.3523",
            "close": "4.3523"
        },
        {
            "time": "14.03.2021 00:24",
            "open": "4.3523",
            "high": "4.3658",
            "low": "4.3523",
            "close": "4.3847"
        },
        {
            "time": "14.03.2021 00:25",
            "open": "4.3847",
            "high": "4.3847",
            "low": "4.3847",
            "close": "4.3845"
        },
        {
            "time": "14.03.2021 00:26",
            "open": "4.3845",
            "high": "4.3846",
            "low": "4.3845",
            "close": "4.3845"
        },
        {
            "time": "14.03.2021 00:27",
            "open": "4.3845",
            "high": "4.3845",
            "low": "4.3845",
            "close": "4.3848"
        },
        {
            "time": "14.03.2021 00:29",
            "open": "4.3848",
            "high": "4.3996",
            "low": "4.3848",
            "close": "4.3997"
        },
        {
            "time": "14.03.2021 00:30",
            "open": "4.3997",
            "high": "4.3998",
            "low": "4.3997",
            "close": "4.3852"
        },
        {
            "time": "14.03.2021 00:31",
            "open": "4.3852",
            "high": "4.3862",
            "low": "4.3851",
            "close": "4.3786"
        },
        {
            "time": "14.03.2021 00:33",
            "open": "4.3786",
            "high": "4.3786",
            "low": "4.3786",
            "close": "4.3992"
        },
        {
            "time": "14.03.2021 00:35",
            "open": "4.3992",
            "high": "4.3999",
            "low": "4.3992",
            "close": "4.3923"
        },
        {
            "time": "14.03.2021 00:40",
            "open": "4.3923",
            "high": "4.4063",
            "low": "4.3923",
            "close": "4.4019"
        },
        {
            "time": "14.03.2021 00:43",
            "open": "4.4019",
            "high": "4.4019",
            "low": "4.4005",
            "close": "4.4"
        },
        {
            "time": "14.03.2021 00:44",
            "open": "4.4",
            "high": "4.4001",
            "low": "4.4",
            "close": "4.3999"
        },
        {
            "time": "14.03.2021 00:46",
            "open": "4.3999",
            "high": "4.3999",
            "low": "4.3999",
            "close": "4.3999"
        },
        {
            "time": "14.03.2021 00:47",
            "open": "4.3999",
            "high": "4.3999",
            "low": "4.3877",
            "close": "4.3853"
        },
        {
            "time": "14.03.2021 00:50",
            "open": "4.3853",
            "high": "4.3853",
            "low": "4.3853",
            "close": "4.38"
        },
        {
            "time": "14.03.2021 00:51",
            "open": "4.38",
            "high": "4.38",
            "low": "4.3779",
            "close": "4.3784"
        },
        {
            "time": "14.03.2021 00:52",
            "open": "4.3784",
            "high": "4.3784",
            "low": "4.3782",
            "close": "4.3781"
        },
        {
            "time": "14.03.2021 00:56",
            "open": "4.3781",
            "high": "4.3783",
            "low": "4.3781",
            "close": "4.3783"
        },
        {
            "time": "14.03.2021 00:57",
            "open": "4.3783",
            "high": "4.3783",
            "low": "4.3782",
            "close": "4.3783"
        },
        {
            "time": "14.03.2021 00:58",
            "open": "4.3783",
            "high": "4.3783",
            "low": "4.3783",
            "close": "4.3782"
        },
        {
            "time": "14.03.2021 00:59",
            "open": "4.3782",
            "high": "4.3782",
            "low": "4.3782",
            "close": "4.3782"
        },
        {
            "time": "14.03.2021 01:01",
            "open": "4.3782",
            "high": "4.3782",
            "low": "4.3782",
            "close": "4.3782"
        },
        {
            "time": "14.03.2021 01:02",
            "open": "4.3782",
            "high": "4.3783",
            "low": "4.3782",
            "close": "4.3835"
        },
        {
            "time": "14.03.2021 01:03",
            "open": "4.3835",
            "high": "4.3902",
            "low": "4.3785",
            "close": "4.3787"
        },
        {
            "time": "14.03.2021 01:04",
            "open": "4.3787",
            "high": "4.3787",
            "low": "4.3787",
            "close": "4.3792"
        },
        {
            "time": "14.03.2021 01:07",
            "open": "4.3792",
            "high": "4.3792",
            "low": "4.3792",
            "close": "4.3795"
        },
        {
            "time": "14.03.2021 01:12",
            "open": "4.3795",
            "high": "4.3795",
            "low": "4.379",
            "close": "4.3786"
        },
        {
            "time": "14.03.2021 01:13",
            "open": "4.3786",
            "high": "4.3786",
            "low": "4.3786",
            "close": "4.3782"
        },
        {
            "time": "14.03.2021 01:14",
            "open": "4.3782",
            "high": "4.3782",
            "low": "4.3782",
            "close": "4.3785"
        },
        {
            "time": "14.03.2021 01:21",
            "open": "4.3785",
            "high": "4.3785",
            "low": "4.3681",
            "close": "4.3857"
        },
        {
            "time": "14.03.2021 01:29",
            "open": "4.3857",
            "high": "4.3862",
            "low": "4.3857",
            "close": "4.3875"
        },
        {
            "time": "14.03.2021 01:32",
            "open": "4.3875",
            "high": "4.3875",
            "low": "4.3875",
            "close": "4.3947"
        },
        {
            "time": "14.03.2021 01:34",
            "open": "4.3947",
            "high": "4.3947",
            "low": "4.3947",
            "close": "4.392"
        },
        {
            "time": "14.03.2021 01:36",
            "open": "4.392",
            "high": "4.3923",
            "low": "4.392",
            "close": "4.3923"
        },
        {
            "time": "14.03.2021 01:40",
            "open": "4.3923",
            "high": "4.3923",
            "low": "4.3923",
            "close": "4.3924"
        },
        {
            "time": "14.03.2021 01:43",
            "open": "4.3924",
            "high": "4.3924",
            "low": "4.3924",
            "close": "4.3923"
        },
        {
            "time": "14.03.2021 01:44",
            "open": "4.3923",
            "high": "4.3924",
            "low": "4.3923",
            "close": "4.3923"
        },
        {
            "time": "14.03.2021 01:45",
            "open": "4.3923",
            "high": "4.3923",
            "low": "4.3854",
            "close": "4.3982"
        },
        {
            "time": "14.03.2021 01:46",
            "open": "4.3982",
            "high": "4.3982",
            "low": "4.3752",
            "close": "4.3785"
        },
        {
            "time": "14.03.2021 01:47",
            "open": "4.3785",
            "high": "4.3835",
            "low": "4.376",
            "close": "4.3681"
        },
        {
            "time": "14.03.2021 01:48",
            "open": "4.3681",
            "high": "4.3681",
            "low": "4.3681",
            "close": "4.3681"
        },
        {
            "time": "14.03.2021 01:49",
            "open": "4.3681",
            "high": "4.3681",
            "low": "4.3565",
            "close": "4.3308"
        },
        {
            "time": "14.03.2021 01:54",
            "open": "4.3308",
            "high": "4.3308",
            "low": "4.3308",
            "close": "4.3604"
        },
        {
            "time": "14.03.2021 01:56",
            "open": "4.3604",
            "high": "4.3604",
            "low": "4.3604",
            "close": "4.3291"
        },
        {
            "time": "14.03.2021 01:58",
            "open": "4.3291",
            "high": "4.3291",
            "low": "4.3291",
            "close": "4.3291"
        },
        {
            "time": "14.03.2021 02:00",
            "open": "4.3291",
            "high": "4.3358",
            "low": "4.3291",
            "close": "4.329"
        },
        {
            "time": "14.03.2021 02:01",
            "open": "4.329",
            "high": "4.329",
            "low": "4.329",
            "close": "4.3387"
        },
        {
            "time": "14.03.2021 02:03",
            "open": "4.3387",
            "high": "4.3387",
            "low": "4.3387",
            "close": "4.329"
        },
        {
            "time": "14.03.2021 02:05",
            "open": "4.329",
            "high": "4.329",
            "low": "4.329",
            "close": "4.3252"
        },
        {
            "time": "14.03.2021 02:07",
            "open": "4.3252",
            "high": "4.3252",
            "low": "4.3066",
            "close": "4.31"
        },
        {
            "time": "14.03.2021 02:08",
            "open": "4.31",
            "high": "4.3358",
            "low": "4.3019",
            "close": "4.3159"
        },
        {
            "time": "14.03.2021 02:10",
            "open": "4.3159",
            "high": "4.3289",
            "low": "4.3159",
            "close": "4.3057"
        },
        {
            "time": "14.03.2021 02:12",
            "open": "4.3057",
            "high": "4.3137",
            "low": "4.3049",
            "close": "4.34"
        },
        {
            "time": "14.03.2021 02:40",
            "open": "4.34",
            "high": "4.34",
            "low": "4.34",
            "close": "4.3608"
        },
        {
            "time": "14.03.2021 02:53",
            "open": "4.3608",
            "high": "4.3608",
            "low": "4.3608",
            "close": "4.362"
        },
        {
            "time": "14.03.2021 02:54",
            "open": "4.362",
            "high": "4.362",
            "low": "4.362",
            "close": "4.362"
        },
        {
            "time": "14.03.2021 02:58",
            "open": "4.362",
            "high": "4.3685",
            "low": "4.362",
            "close": "4.3665"
        },
        {
            "time": "14.03.2021 03:05",
            "open": "4.3665",
            "high": "4.3669",
            "low": "4.3665",
            "close": "4.3754"
        },
        {
            "time": "14.03.2021 03:06",
            "open": "4.3754",
            "high": "4.3754",
            "low": "4.3754",
            "close": "4.3757"
        },
        {
            "time": "14.03.2021 03:07",
            "open": "4.3757",
            "high": "4.3757",
            "low": "4.3757",
            "close": "4.3547"
        },
        {
            "time": "14.03.2021 03:10",
            "open": "4.3547",
            "high": "4.3547",
            "low": "4.3547",
            "close": "4.3255"
        },
        {
            "time": "14.03.2021 03:38",
            "open": "4.3255",
            "high": "4.3255",
            "low": "4.3255",
            "close": "4.3473"
        },
        {
            "time": "14.03.2021 03:41",
            "open": "4.3473",
            "high": "4.3473",
            "low": "4.3473",
            "close": "4.3463"
        },
        {
            "time": "14.03.2021 03:48",
            "open": "4.3463",
            "high": "4.3463",
            "low": "4.3463",
            "close": "4.353"
        },
        {
            "time": "14.03.2021 04:16",
            "open": "4.353",
            "high": "4.353",
            "low": "4.353",
            "close": "4.3862"
        },
        {
            "time": "14.03.2021 04:18",
            "open": "4.3862",
            "high": "4.3922",
            "low": "4.3862",
            "close": "4.4"
        },
        {
            "time": "14.03.2021 04:24",
            "open": "4.4",
            "high": "4.4",
            "low": "4.4",
            "close": "4.4097"
        },
        {
            "time": "14.03.2021 04:27",
            "open": "4.4097",
            "high": "4.411",
            "low": "4.4097",
            "close": "4.4119"
        },
        {
            "time": "14.03.2021 04:29",
            "open": "4.4119",
            "high": "4.4119",
            "low": "4.4116",
            "close": "4.4119"
        },
        {
            "time": "14.03.2021 04:30",
            "open": "4.4119",
            "high": "4.4197",
            "low": "4.4119",
            "close": "4.4197"
        },
        {
            "time": "14.03.2021 04:31",
            "open": "4.4197",
            "high": "4.4259",
            "low": "4.4197",
            "close": "4.4258"
        },
        {
            "time": "14.03.2021 04:32",
            "open": "4.4258",
            "high": "4.4258",
            "low": "4.4133",
            "close": "4.4259"
        },
        {
            "time": "14.03.2021 04:35",
            "open": "4.4259",
            "high": "4.45",
            "low": "4.4259",
            "close": "4.4487"
        },
        {
            "time": "14.03.2021 04:36",
            "open": "4.4487",
            "high": "4.4499",
            "low": "4.4259",
            "close": "4.4474"
        },
        {
            "time": "14.03.2021 04:37",
            "open": "4.4474",
            "high": "4.4499",
            "low": "4.4407",
            "close": "4.4461"
        },
        {
            "time": "14.03.2021 04:38",
            "open": "4.4461",
            "high": "4.4461",
            "low": "4.4461",
            "close": "4.45"
        },
        {
            "time": "14.03.2021 04:41",
            "open": "4.45",
            "high": "4.4599",
            "low": "4.45",
            "close": "4.4549"
        },
        {
            "time": "14.03.2021 04:48",
            "open": "4.4549",
            "high": "4.4549",
            "low": "4.4167",
            "close": "4.4355"
        },
        {
            "time": "14.03.2021 04:51",
            "open": "4.4355",
            "high": "4.4355",
            "low": "4.4355",
            "close": "4.4424"
        },
        {
            "time": "14.03.2021 04:55",
            "open": "4.4424",
            "high": "4.4424",
            "low": "4.4417",
            "close": "4.4515"
        },
        {
            "time": "14.03.2021 04:58",
            "open": "4.4515",
            "high": "4.4515",
            "low": "4.4514",
            "close": "4.4227"
        },
        {
            "time": "14.03.2021 05:07",
            "open": "4.4227",
            "high": "4.4227",
            "low": "4.4147",
            "close": "4.4118"
        },
        {
            "time": "14.03.2021 05:20",
            "open": "4.4118",
            "high": "4.4118",
            "low": "4.4118",
            "close": "4.4009"
        },
        {
            "time": "14.03.2021 05:24",
            "open": "4.4009",
            "high": "4.4009",
            "low": "4.4009",
            "close": "4.3921"
        },
        {
            "time": "14.03.2021 05:33",
            "open": "4.3921",
            "high": "4.3921",
            "low": "4.3921",
            "close": "4.394"
        },
        {
            "time": "14.03.2021 05:51",
            "open": "4.394",
            "high": "4.394",
            "low": "4.394",
            "close": "4.403"
        },
        {
            "time": "14.03.2021 05:57",
            "open": "4.403",
            "high": "4.403",
            "low": "4.403",
            "close": "4.4061"
        },
        {
            "time": "14.03.2021 05:58",
            "open": "4.4061",
            "high": "4.412",
            "low": "4.4061",
            "close": "4.4175"
        },
        {
            "time": "14.03.2021 06:02",
            "open": "4.4175",
            "high": "4.4175",
            "low": "4.4175",
            "close": "4.4039"
        },
        {
            "time": "14.03.2021 06:05",
            "open": "4.4039",
            "high": "4.4039",
            "low": "4.4039",
            "close": "4.403"
        },
        {
            "time": "14.03.2021 06:06",
            "open": "4.403",
            "high": "4.403",
            "low": "4.3926",
            "close": "4.392"
        },
        {
            "time": "14.03.2021 06:07",
            "open": "4.392",
            "high": "4.392",
            "low": "4.392",
            "close": "4.381"
        },
        {
            "time": "14.03.2021 06:08",
            "open": "4.381",
            "high": "4.381",
            "low": "4.38",
            "close": "4.376"
        },
        {
            "time": "14.03.2021 06:11",
            "open": "4.376",
            "high": "4.3956",
            "low": "4.376",
            "close": "4.3988"
        },
        {
            "time": "14.03.2021 06:17",
            "open": "4.3988",
            "high": "4.3988",
            "low": "4.3745",
            "close": "4.3665"
        },
        {
            "time": "14.03.2021 06:20",
            "open": "4.3665",
            "high": "4.3665",
            "low": "4.3665",
            "close": "4.3721"
        },
        {
            "time": "14.03.2021 06:24",
            "open": "4.3721",
            "high": "4.3721",
            "low": "4.3721",
            "close": "4.3665"
        },
        {
            "time": "14.03.2021 06:27",
            "open": "4.3665",
            "high": "4.3665",
            "low": "4.3627",
            "close": "4.3736"
        },
        {
            "time": "14.03.2021 06:29",
            "open": "4.3736",
            "high": "4.3736",
            "low": "4.3736",
            "close": "4.3736"
        },
        {
            "time": "14.03.2021 06:30",
            "open": "4.3736",
            "high": "4.3736",
            "low": "4.3736",
            "close": "4.4"
        },
        {
            "time": "14.03.2021 06:32",
            "open": "4.4",
            "high": "4.4",
            "low": "4.4",
            "close": "4.3905"
        },
        {
            "time": "14.03.2021 06:38",
            "open": "4.3905",
            "high": "4.3905",
            "low": "4.3905",
            "close": "4.38"
        },
        {
            "time": "14.03.2021 06:51",
            "open": "4.38",
            "high": "4.38",
            "low": "4.3738",
            "close": "4.3727"
        },
        {
            "time": "14.03.2021 06:53",
            "open": "4.3727",
            "high": "4.3727",
            "low": "4.3727",
            "close": "4.3728"
        },
        {
            "time": "14.03.2021 06:54",
            "open": "4.3728",
            "high": "4.3728",
            "low": "4.3728",
            "close": "4.3825"
        },
        {
            "time": "14.03.2021 06:57",
            "open": "4.3825",
            "high": "4.3825",
            "low": "4.3825",
            "close": "4.3664"
        },
        {
            "time": "14.03.2021 07:01",
            "open": "4.3664",
            "high": "4.3664",
            "low": "4.3664",
            "close": "4.3497"
        },
        {
            "time": "14.03.2021 07:05",
            "open": "4.3497",
            "high": "4.3536",
            "low": "4.3497",
            "close": "4.3674"
        },
        {
            "time": "14.03.2021 07:07",
            "open": "4.3674",
            "high": "4.3842",
            "low": "4.3674",
            "close": "4.3752"
        },
        {
            "time": "14.03.2021 07:13",
            "open": "4.3752",
            "high": "4.3752",
            "low": "4.3752",
            "close": "4.3561"
        },
        {
            "time": "14.03.2021 07:14",
            "open": "4.3561",
            "high": "4.3561",
            "low": "4.3561",
            "close": "4.3514"
        },
        {
            "time": "14.03.2021 07:16",
            "open": "4.3514",
            "high": "4.3514",
            "low": "4.3514",
            "close": "4.3611"
        },
        {
            "time": "14.03.2021 07:19",
            "open": "4.3611",
            "high": "4.3611",
            "low": "4.3611",
            "close": "4.3469"
        },
        {
            "time": "14.03.2021 07:20",
            "open": "4.3469",
            "high": "4.3469",
            "low": "4.3469",
            "close": "4.3622"
        },
        {
            "time": "14.03.2021 07:22",
            "open": "4.3622",
            "high": "4.3622",
            "low": "4.3622",
            "close": "4.3622"
        },
        {
            "time": "14.03.2021 07:23",
            "open": "4.3622",
            "high": "4.3622",
            "low": "4.3622",
            "close": "4.3526"
        },
        {
            "time": "14.03.2021 07:25",
            "open": "4.3526",
            "high": "4.3526",
            "low": "4.3526",
            "close": "4.3578"
        },
        {
            "time": "14.03.2021 07:35",
            "open": "4.3578",
            "high": "4.3578",
            "low": "4.3578",
            "close": "4.3578"
        },
        {
            "time": "14.03.2021 07:36",
            "open": "4.3578",
            "high": "4.3578",
            "low": "4.3578",
            "close": "4.3571"
        },
        {
            "time": "14.03.2021 07:41",
            "open": "4.3571",
            "high": "4.3571",
            "low": "4.3571",
            "close": "4.3456"
        },
        {
            "time": "14.03.2021 07:46",
            "open": "4.3456",
            "high": "4.3456",
            "low": "4.3456",
            "close": "4.358"
        },
        {
            "time": "14.03.2021 07:49",
            "open": "4.358",
            "high": "4.3633",
            "low": "4.358",
            "close": "4.3714"
        },
        {
            "time": "14.03.2021 07:56",
            "open": "4.3714",
            "high": "4.3714",
            "low": "4.3714",
            "close": "4.3691"
        },
        {
            "time": "14.03.2021 07:59",
            "open": "4.3691",
            "high": "4.3691",
            "low": "4.3691",
            "close": "4.3821"
        },
        {
            "time": "14.03.2021 08:08",
            "open": "4.3821",
            "high": "4.3821",
            "low": "4.3821",
            "close": "4.3832"
        },
        {
            "time": "14.03.2021 08:09",
            "open": "4.3832",
            "high": "4.3832",
            "low": "4.3832",
            "close": "4.3872"
        },
        {
            "time": "14.03.2021 08:10",
            "open": "4.3872",
            "high": "4.3872",
            "low": "4.3872",
            "close": "4.4"
        },
        {
            "time": "14.03.2021 08:11",
            "open": "4.4",
            "high": "4.403",
            "low": "4.4",
            "close": "4.409"
        },
        {
            "time": "14.03.2021 08:13",
            "open": "4.409",
            "high": "4.409",
            "low": "4.3863",
            "close": "4.4015"
        },
        {
            "time": "14.03.2021 08:15",
            "open": "4.4015",
            "high": "4.4015",
            "low": "4.4015",
            "close": "4.3839"
        },
        {
            "time": "14.03.2021 08:16",
            "open": "4.3839",
            "high": "4.3839",
            "low": "4.3839",
            "close": "4.38"
        },
        {
            "time": "14.03.2021 08:18",
            "open": "4.38",
            "high": "4.38",
            "low": "4.38",
            "close": "4.3639"
        },
        {
            "time": "14.03.2021 08:19",
            "open": "4.3639",
            "high": "4.3639",
            "low": "4.3639",
            "close": "4.3624"
        },
        {
            "time": "14.03.2021 08:20",
            "open": "4.3624",
            "high": "4.3624",
            "low": "4.3624",
            "close": "4.383"
        },
        {
            "time": "14.03.2021 08:23",
            "open": "4.383",
            "high": "4.383",
            "low": "4.383",
            "close": "4.3895"
        },
        {
            "time": "14.03.2021 08:25",
            "open": "4.3895",
            "high": "4.39",
            "low": "4.3895",
            "close": "4.3853"
        },
        {
            "time": "14.03.2021 08:28",
            "open": "4.3853",
            "high": "4.3853",
            "low": "4.3853",
            "close": "4.383"
        },
        {
            "time": "14.03.2021 08:31",
            "open": "4.383",
            "high": "4.383",
            "low": "4.383",
            "close": "4.3978"
        },
        {
            "time": "14.03.2021 08:35",
            "open": "4.3978",
            "high": "4.3978",
            "low": "4.3978",
            "close": "4.3962"
        },
        {
            "time": "14.03.2021 08:36",
            "open": "4.3962",
            "high": "4.3962",
            "low": "4.3956",
            "close": "4.3994"
        },
        {
            "time": "14.03.2021 08:40",
            "open": "4.3994",
            "high": "4.3994",
            "low": "4.3994",
            "close": "4.39"
        },
        {
            "time": "14.03.2021 08:41",
            "open": "4.39",
            "high": "4.39",
            "low": "4.39",
            "close": "4.3998"
        },
        {
            "time": "14.03.2021 08:45",
            "open": "4.3998",
            "high": "4.3998",
            "low": "4.3998",
            "close": "4.39"
        },
        {
            "time": "14.03.2021 08:47",
            "open": "4.39",
            "high": "4.39",
            "low": "4.39",
            "close": "4.3972"
        },
        {
            "time": "14.03.2021 08:51",
            "open": "4.3972",
            "high": "4.3972",
            "low": "4.3972",
            "close": "4.39"
        },
        {
            "time": "14.03.2021 08:54",
            "open": "4.39",
            "high": "4.39",
            "low": "4.3881",
            "close": "4.3787"
        },
        {
            "time": "14.03.2021 08:56",
            "open": "4.3787",
            "high": "4.3787",
            "low": "4.3787",
            "close": "4.3745"
        },
        {
            "time": "14.03.2021 08:57",
            "open": "4.3745",
            "high": "4.3745",
            "low": "4.3745",
            "close": "4.3745"
        },
        {
            "time": "14.03.2021 09:03",
            "open": "4.3745",
            "high": "4.3745",
            "low": "4.3745",
            "close": "4.3685"
        },
        {
            "time": "14.03.2021 09:04",
            "open": "4.3685",
            "high": "4.3793",
            "low": "4.3685",
            "close": "4.3917"
        },
        {
            "time": "14.03.2021 09:05",
            "open": "4.3917",
            "high": "4.3935",
            "low": "4.3917",
            "close": "4.3893"
        },
        {
            "time": "14.03.2021 09:06",
            "open": "4.3893",
            "high": "4.3893",
            "low": "4.3893",
            "close": "4.3972"
        },
        {
            "time": "14.03.2021 09:10",
            "open": "4.3972",
            "high": "4.4",
            "low": "4.3972",
            "close": "4.4"
        },
        {
            "time": "14.03.2021 09:11",
            "open": "4.4",
            "high": "4.4",
            "low": "4.4",
            "close": "4.4"
        },
        {
            "time": "14.03.2021 09:12",
            "open": "4.4",
            "high": "4.4",
            "low": "4.3991",
            "close": "4.4"
        },
        {
            "time": "14.03.2021 09:13",
            "open": "4.4",
            "high": "4.4",
            "low": "4.4",
            "close": "4.4028"
        },
        {
            "time": "14.03.2021 09:15",
            "open": "4.4028",
            "high": "4.4028",
            "low": "4.4028",
            "close": "4.3931"
        },
        {
            "time": "14.03.2021 09:18",
            "open": "4.3931",
            "high": "4.3931",
            "low": "4.3931",
            "close": "4.388"
        },
        {
            "time": "14.03.2021 09:20",
            "open": "4.388",
            "high": "4.388",
            "low": "4.388",
            "close": "4.3832"
        },
        {
            "time": "14.03.2021 09:21",
            "open": "4.3832",
            "high": "4.3832",
            "low": "4.38",
            "close": "4.3768"
        },
        {
            "time": "14.03.2021 09:23",
            "open": "4.3768",
            "high": "4.3768",
            "low": "4.3767",
            "close": "4.384"
        },
        {
            "time": "14.03.2021 09:24",
            "open": "4.384",
            "high": "4.384",
            "low": "4.384",
            "close": "4.3927"
        },
        {
            "time": "14.03.2021 09:25",
            "open": "4.3927",
            "high": "4.3927",
            "low": "4.3927",
            "close": "4.3964"
        },
        {
            "time": "14.03.2021 09:29",
            "open": "4.3964",
            "high": "4.3964",
            "low": "4.396",
            "close": "4.3935"
        },
        {
            "time": "14.03.2021 09:30",
            "open": "4.3935",
            "high": "4.3935",
            "low": "4.3931",
            "close": "4.3931"
        },
        {
            "time": "14.03.2021 09:32",
            "open": "4.3931",
            "high": "4.3931",
            "low": "4.3931",
            "close": "4.3778"
        },
        {
            "time": "14.03.2021 09:35",
            "open": "4.3778",
            "high": "4.3778",
            "low": "4.3778",
            "close": "4.3998"
        },
        {
            "time": "14.03.2021 09:43",
            "open": "4.3998",
            "high": "4.3998",
            "low": "4.3998",
            "close": "4.4"
        },
        {
            "time": "14.03.2021 09:45",
            "open": "4.4",
            "high": "4.4",
            "low": "4.4",
            "close": "4.4102"
        },
        {
            "time": "14.03.2021 09:46",
            "open": "4.4102",
            "high": "4.4102",
            "low": "4.4102",
            "close": "4.4092"
        },
        {
            "time": "14.03.2021 09:48",
            "open": "4.4092",
            "high": "4.4138",
            "low": "4.4092",
            "close": "4.4138"
        },
        {
            "time": "14.03.2021 09:49",
            "open": "4.4138",
            "high": "4.4138",
            "low": "4.4138",
            "close": "4.4123"
        },
        {
            "time": "14.03.2021 09:55",
            "open": "4.4123",
            "high": "4.4123",
            "low": "4.4121",
            "close": "4.4121"
        },
        {
            "time": "14.03.2021 09:58",
            "open": "4.4121",
            "high": "4.4121",
            "low": "4.4121",
            "close": "4.4112"
        },
        {
            "time": "14.03.2021 09:59",
            "open": "4.4112",
            "high": "4.4112",
            "low": "4.41",
            "close": "4.4101"
        },
        {
            "time": "14.03.2021 10:02",
            "open": "4.4101",
            "high": "4.4101",
            "low": "4.4101",
            "close": "4.4117"
        },
        {
            "time": "14.03.2021 10:05",
            "open": "4.4117",
            "high": "4.4117",
            "low": "4.4117",
            "close": "4.419"
        },
        {
            "time": "14.03.2021 10:06",
            "open": "4.419",
            "high": "4.4192",
            "low": "4.4153",
            "close": "4.4192"
        },
        {
            "time": "14.03.2021 10:07",
            "open": "4.4192",
            "high": "4.4193",
            "low": "4.4192",
            "close": "4.4225"
        },
        {
            "time": "14.03.2021 10:11",
            "open": "4.4225",
            "high": "4.4225",
            "low": "4.4225",
            "close": "4.4139"
        },
        {
            "time": "14.03.2021 10:17",
            "open": "4.4139",
            "high": "4.4139",
            "low": "4.4139",
            "close": "4.4228"
        },
        {
            "time": "14.03.2021 10:23",
            "open": "4.4228",
            "high": "4.4229",
            "low": "4.4227",
            "close": "4.4366"
        },
        {
            "time": "14.03.2021 10:25",
            "open": "4.4366",
            "high": "4.4366",
            "low": "4.4366",
            "close": "4.4402"
        },
        {
            "time": "14.03.2021 10:27",
            "open": "4.4402",
            "high": "4.4402",
            "low": "4.4402",
            "close": "4.4227"
        },
        {
            "time": "14.03.2021 10:33",
            "open": "4.4227",
            "high": "4.4227",
            "low": "4.4227",
            "close": "4.4221"
        },
        {
            "time": "14.03.2021 10:36",
            "open": "4.4221",
            "high": "4.4221",
            "low": "4.4221",
            "close": "4.4191"
        },
        {
            "time": "14.03.2021 10:38",
            "open": "4.4191",
            "high": "4.4191",
            "low": "4.4191",
            "close": "4.4298"
        },
        {
            "time": "14.03.2021 10:49",
            "open": "4.4298",
            "high": "4.4298",
            "low": "4.4298",
            "close": "4.4257"
        },
        {
            "time": "14.03.2021 10:56",
            "open": "4.4257",
            "high": "4.4257",
            "low": "4.4257",
            "close": "4.4246"
        },
        {
            "time": "14.03.2021 10:59",
            "open": "4.4246",
            "high": "4.4246",
            "low": "4.4246",
            "close": "4.43"
        },
        {
            "time": "14.03.2021 11:02",
            "open": "4.43",
            "high": "4.43",
            "low": "4.4264",
            "close": "4.4264"
        },
        {
            "time": "14.03.2021 11:03",
            "open": "4.4264",
            "high": "4.4264",
            "low": "4.4235",
            "close": "4.4173"
        },
        {
            "time": "14.03.2021 11:04",
            "open": "4.4173",
            "high": "4.4173",
            "low": "4.4173",
            "close": "4.3978"
        },
        {
            "time": "14.03.2021 11:10",
            "open": "4.3978",
            "high": "4.3978",
            "low": "4.3978",
            "close": "4.4021"
        },
        {
            "time": "14.03.2021 11:11",
            "open": "4.4021",
            "high": "4.4021",
            "low": "4.4021",
            "close": "4.4017"
        },
        {
            "time": "14.03.2021 11:13",
            "open": "4.4017",
            "high": "4.4021",
            "low": "4.4017",
            "close": "4.402"
        },
        {
            "time": "14.03.2021 11:14",
            "open": "4.402",
            "high": "4.402",
            "low": "4.402",
            "close": "4.3984"
        },
        {
            "time": "14.03.2021 11:21",
            "open": "4.3984",
            "high": "4.4021",
            "low": "4.3984",
            "close": "4.4"
        },
        {
            "time": "14.03.2021 11:23",
            "open": "4.4",
            "high": "4.4",
            "low": "4.4",
            "close": "4.4016"
        },
        {
            "time": "14.03.2021 11:25",
            "open": "4.4016",
            "high": "4.4016",
            "low": "4.4016",
            "close": "4.4016"
        },
        {
            "time": "14.03.2021 11:26",
            "open": "4.4016",
            "high": "4.4016",
            "low": "4.4016",
            "close": "4.3869"
        },
        {
            "time": "14.03.2021 11:27",
            "open": "4.3869",
            "high": "4.3908",
            "low": "4.3819",
            "close": "4.3801"
        },
        {
            "time": "14.03.2021 11:28",
            "open": "4.3801",
            "high": "4.3801",
            "low": "4.3801",
            "close": "4.3817"
        },
        {
            "time": "14.03.2021 11:30",
            "open": "4.3817",
            "high": "4.3903",
            "low": "4.3817",
            "close": "4.3906"
        },
        {
            "time": "14.03.2021 11:31",
            "open": "4.3906",
            "high": "4.3906",
            "low": "4.3906",
            "close": "4.38"
        },
        {
            "time": "14.03.2021 11:32",
            "open": "4.38",
            "high": "4.38",
            "low": "4.3609",
            "close": "4.3609"
        },
        {
            "time": "14.03.2021 11:34",
            "open": "4.3609",
            "high": "4.3609",
            "low": "4.3609",
            "close": "4.3609"
        },
        {
            "time": "14.03.2021 11:35",
            "open": "4.3609",
            "high": "4.3613",
            "low": "4.36",
            "close": "4.3613"
        },
        {
            "time": "14.03.2021 11:36",
            "open": "4.3613",
            "high": "4.3613",
            "low": "4.3613",
            "close": "4.3613"
        },
        {
            "time": "14.03.2021 11:37",
            "open": "4.3613",
            "high": "4.3613",
            "low": "4.3613",
            "close": "4.3523"
        },
        {
            "time": "14.03.2021 11:38",
            "open": "4.3523",
            "high": "4.3556",
            "low": "4.3523",
            "close": "4.3418"
        },
        {
            "time": "14.03.2021 11:40",
            "open": "4.3418",
            "high": "4.3485",
            "low": "4.3418",
            "close": "4.3427"
        },
        {
            "time": "14.03.2021 11:41",
            "open": "4.3427",
            "high": "4.3427",
            "low": "4.3416",
            "close": "4.3402"
        },
        {
            "time": "14.03.2021 11:42",
            "open": "4.3402",
            "high": "4.3402",
            "low": "4.34",
            "close": "4.3504"
        },
        {
            "time": "14.03.2021 11:43",
            "open": "4.3504",
            "high": "4.3504",
            "low": "4.3504",
            "close": "4.3504"
        },
        {
            "time": "14.03.2021 11:45",
            "open": "4.3504",
            "high": "4.3504",
            "low": "4.3445",
            "close": "4.347"
        },
        {
            "time": "14.03.2021 11:50",
            "open": "4.347",
            "high": "4.347",
            "low": "4.347",
            "close": "4.3401"
        },
        {
            "time": "14.03.2021 11:51",
            "open": "4.3401",
            "high": "4.3401",
            "low": "4.34",
            "close": "4.34"
        },
        {
            "time": "14.03.2021 11:52",
            "open": "4.34",
            "high": "4.341",
            "low": "4.34",
            "close": "4.3308"
        },
        {
            "time": "14.03.2021 11:55",
            "open": "4.3308",
            "high": "4.3308",
            "low": "4.3308",
            "close": "4.3381"
        },
        {
            "time": "14.03.2021 11:56",
            "open": "4.3381",
            "high": "4.3381",
            "low": "4.3381",
            "close": "4.3372"
        },
        {
            "time": "14.03.2021 11:57",
            "open": "4.3372",
            "high": "4.3372",
            "low": "4.3372",
            "close": "4.3242"
        },
        {
            "time": "14.03.2021 11:59",
            "open": "4.3242",
            "high": "4.3242",
            "low": "4.3242",
            "close": "4.3323"
        },
        {
            "time": "14.03.2021 12:00",
            "open": "4.3323",
            "high": "4.3323",
            "low": "4.3323",
            "close": "4.3323"
        },
        {
            "time": "14.03.2021 12:01",
            "open": "4.3323",
            "high": "4.3445",
            "low": "4.3323",
            "close": "4.3342"
        },
        {
            "time": "14.03.2021 12:06",
            "open": "4.3342",
            "high": "4.3342",
            "low": "4.3342",
            "close": "4.32"
        },
        {
            "time": "14.03.2021 12:08",
            "open": "4.32",
            "high": "4.32",
            "low": "4.3119",
            "close": "4.3"
        },
        {
            "time": "14.03.2021 12:12",
            "open": "4.3",
            "high": "4.3",
            "low": "4.3",
            "close": "4.306"
        },
        {
            "time": "14.03.2021 12:14",
            "open": "4.306",
            "high": "4.3203",
            "low": "4.3059",
            "close": "4.3079"
        },
        {
            "time": "14.03.2021 12:16",
            "open": "4.3079",
            "high": "4.3079",
            "low": "4.3068",
            "close": "4.304"
        },
        {
            "time": "14.03.2021 12:17",
            "open": "4.304",
            "high": "4.304",
            "low": "4.304",
            "close": "4.3105"
        },
        {
            "time": "14.03.2021 12:18",
            "open": "4.3105",
            "high": "4.3105",
            "low": "4.3085",
            "close": "4.3245"
        },
        {
            "time": "14.03.2021 12:20",
            "open": "4.3245",
            "high": "4.3245",
            "low": "4.3245",
            "close": "4.3025"
        },
        {
            "time": "14.03.2021 12:22",
            "open": "4.3025",
            "high": "4.3025",
            "low": "4.3025",
            "close": "4.286"
        },
        {
            "time": "14.03.2021 12:23",
            "open": "4.286",
            "high": "4.286",
            "low": "4.286",
            "close": "4.2823"
        },
        {
            "time": "14.03.2021 12:24",
            "open": "4.2823",
            "high": "4.2823",
            "low": "4.2823",
            "close": "4.2909"
        },
        {
            "time": "14.03.2021 12:25",
            "open": "4.2909",
            "high": "4.2909",
            "low": "4.2909",
            "close": "4.2862"
        },
        {
            "time": "14.03.2021 12:26",
            "open": "4.2862",
            "high": "4.2862",
            "low": "4.2759",
            "close": "4.2719"
        },
        {
            "time": "14.03.2021 12:27",
            "open": "4.2719",
            "high": "4.2719",
            "low": "4.27",
            "close": "4.2843"
        },
        {
            "time": "14.03.2021 12:29",
            "open": "4.2843",
            "high": "4.2843",
            "low": "4.2744",
            "close": "4.3066"
        },
        {
            "time": "14.03.2021 12:30",
            "open": "4.3066",
            "high": "4.3068",
            "low": "4.3066",
            "close": "4.326"
        },
        {
            "time": "14.03.2021 12:37",
            "open": "4.326",
            "high": "4.326",
            "low": "4.3101",
            "close": "4.3321"
        },
        {
            "time": "14.03.2021 12:38",
            "open": "4.3321",
            "high": "4.3335",
            "low": "4.3321",
            "close": "4.3304"
        },
        {
            "time": "14.03.2021 12:40",
            "open": "4.3304",
            "high": "4.3304",
            "low": "4.3304",
            "close": "4.3354"
        },
        {
            "time": "14.03.2021 12:41",
            "open": "4.3354",
            "high": "4.3354",
            "low": "4.3354",
            "close": "4.3256"
        },
        {
            "time": "14.03.2021 12:44",
            "open": "4.3256",
            "high": "4.3256",
            "low": "4.3256",
            "close": "4.3161"
        },
        {
            "time": "14.03.2021 12:46",
            "open": "4.3161",
            "high": "4.3161",
            "low": "4.3161",
            "close": "4.3373"
        },
        {
            "time": "14.03.2021 12:49",
            "open": "4.3373",
            "high": "4.3374",
            "low": "4.3373",
            "close": "4.3349"
        },
        {
            "time": "14.03.2021 12:53",
            "open": "4.3349",
            "high": "4.3349",
            "low": "4.3349",
            "close": "4.34"
        },
        {
            "time": "14.03.2021 12:56",
            "open": "4.34",
            "high": "4.34",
            "low": "4.34",
            "close": "4.3445"
        },
        {
            "time": "14.03.2021 12:57",
            "open": "4.3445",
            "high": "4.346",
            "low": "4.3445",
            "close": "4.3464"
        },
        {
            "time": "14.03.2021 12:58",
            "open": "4.3464",
            "high": "4.3464",
            "low": "4.3464",
            "close": "4.3382"
        },
        {
            "time": "14.03.2021 13:00",
            "open": "4.3382",
            "high": "4.3382",
            "low": "4.3382",
            "close": "4.3412"
        },
        {
            "time": "14.03.2021 13:05",
            "open": "4.3412",
            "high": "4.3412",
            "low": "4.3412",
            "close": "4.3534"
        },
        {
            "time": "14.03.2021 13:08",
            "open": "4.3534",
            "high": "4.3534",
            "low": "4.3533",
            "close": "4.3459"
        },
        {
            "time": "14.03.2021 13:09",
            "open": "4.3459",
            "high": "4.3459",
            "low": "4.3459",
            "close": "4.33"
        },
        {
            "time": "14.03.2021 13:16",
            "open": "4.33",
            "high": "4.33",
            "low": "4.33",
            "close": "4.345"
        },
        {
            "time": "14.03.2021 13:20",
            "open": "4.345",
            "high": "4.345",
            "low": "4.345",
            "close": "4.345"
        },
        {
            "time": "14.03.2021 13:21",
            "open": "4.345",
            "high": "4.3471",
            "low": "4.345",
            "close": "4.3393"
        },
        {
            "time": "14.03.2021 13:26",
            "open": "4.3393",
            "high": "4.3393",
            "low": "4.3393",
            "close": "4.3429"
        },
        {
            "time": "14.03.2021 13:35",
            "open": "4.3429",
            "high": "4.3429",
            "low": "4.3429",
            "close": "4.3339"
        },
        {
            "time": "14.03.2021 13:36",
            "open": "4.3339",
            "high": "4.3339",
            "low": "4.3339",
            "close": "4.3319"
        },
        {
            "time": "14.03.2021 13:39",
            "open": "4.3319",
            "high": "4.3319",
            "low": "4.3319",
            "close": "4.3319"
        },
        {
            "time": "14.03.2021 13:40",
            "open": "4.3319",
            "high": "4.3319",
            "low": "4.3153",
            "close": "4.3128"
        },
        {
            "time": "14.03.2021 13:41",
            "open": "4.3128",
            "high": "4.3128",
            "low": "4.3092",
            "close": "4.3085"
        },
        {
            "time": "14.03.2021 13:42",
            "open": "4.3085",
            "high": "4.3085",
            "low": "4.3085",
            "close": "4.2987"
        },
        {
            "time": "14.03.2021 13:45",
            "open": "4.2987",
            "high": "4.2988",
            "low": "4.2987",
            "close": "4.28"
        },
        {
            "time": "14.03.2021 13:46",
            "open": "4.28",
            "high": "4.28",
            "low": "4.28",
            "close": "4.2801"
        },
        {
            "time": "14.03.2021 13:47",
            "open": "4.2801",
            "high": "4.2801",
            "low": "4.2801",
            "close": "4.2986"
        },
        {
            "time": "14.03.2021 13:49",
            "open": "4.2986",
            "high": "4.2986",
            "low": "4.2986",
            "close": "4.2925"
        },
        {
            "time": "14.03.2021 13:54",
            "open": "4.2925",
            "high": "4.2925",
            "low": "4.2924",
            "close": "4.2985"
        },
        {
            "time": "14.03.2021 13:57",
            "open": "4.2985",
            "high": "4.2994",
            "low": "4.2985",
            "close": "4.2994"
        },
        {
            "time": "14.03.2021 13:58",
            "open": "4.2994",
            "high": "4.2995",
            "low": "4.2994",
            "close": "4.2995"
        },
        {
            "time": "14.03.2021 13:59",
            "open": "4.2995",
            "high": "4.3271",
            "low": "4.2995",
            "close": "4.2947"
        },
        {
            "time": "14.03.2021 14:01",
            "open": "4.2947",
            "high": "4.2947",
            "low": "4.2946",
            "close": "4.2946"
        },
        {
            "time": "14.03.2021 14:02",
            "open": "4.2946",
            "high": "4.2946",
            "low": "4.291",
            "close": "4.2869"
        },
        {
            "time": "14.03.2021 14:04",
            "open": "4.2869",
            "high": "4.2869",
            "low": "4.2869",
            "close": "4.2872"
        },
        {
            "time": "14.03.2021 14:09",
            "open": "4.2872",
            "high": "4.2872",
            "low": "4.2872",
            "close": "4.2872"
        },
        {
            "time": "14.03.2021 14:14",
            "open": "4.2872",
            "high": "4.2894",
            "low": "4.2872",
            "close": "4.289"
        },
        {
            "time": "14.03.2021 14:15",
            "open": "4.289",
            "high": "4.289",
            "low": "4.2884",
            "close": "4.2949"
        },
        {
            "time": "14.03.2021 14:16",
            "open": "4.2949",
            "high": "4.2996",
            "low": "4.2949",
            "close": "4.3049"
        },
        {
            "time": "14.03.2021 14:17",
            "open": "4.3049",
            "high": "4.3075",
            "low": "4.3049",
            "close": "4.3035"
        },
        {
            "time": "14.03.2021 14:18",
            "open": "4.3035",
            "high": "4.3035",
            "low": "4.3035",
            "close": "4.3021"
        },
        {
            "time": "14.03.2021 14:19",
            "open": "4.3021",
            "high": "4.3021",
            "low": "4.3021",
            "close": "4.3001"
        },
        {
            "time": "14.03.2021 14:20",
            "open": "4.3001",
            "high": "4.3001",
            "low": "4.3001",
            "close": "4.2945"
        },
        {
            "time": "14.03.2021 14:22",
            "open": "4.2945",
            "high": "4.2945",
            "low": "4.2945",
            "close": "4.2872"
        },
        {
            "time": "14.03.2021 14:23",
            "open": "4.2872",
            "high": "4.2872",
            "low": "4.28",
            "close": "4.267"
        },
        {
            "time": "14.03.2021 14:24",
            "open": "4.267",
            "high": "4.267",
            "low": "4.267",
            "close": "4.2705"
        },
        {
            "time": "14.03.2021 14:25",
            "open": "4.2705",
            "high": "4.2705",
            "low": "4.2705",
            "close": "4.2765"
        },
        {
            "time": "14.03.2021 14:27",
            "open": "4.2765",
            "high": "4.2765",
            "low": "4.2765",
            "close": "4.2726"
        },
        {
            "time": "14.03.2021 14:30",
            "open": "4.2726",
            "high": "4.2726",
            "low": "4.2726",
            "close": "4.2704"
        },
        {
            "time": "14.03.2021 14:33",
            "open": "4.2704",
            "high": "4.2704",
            "low": "4.2704",
            "close": "4.267"
        },
        {
            "time": "14.03.2021 14:34",
            "open": "4.267",
            "high": "4.267",
            "low": "4.2501",
            "close": "4.25"
        },
        {
            "time": "14.03.2021 14:35",
            "open": "4.25",
            "high": "4.2586",
            "low": "4.25",
            "close": "4.2586"
        },
        {
            "time": "14.03.2021 14:36",
            "open": "4.2586",
            "high": "4.2601",
            "low": "4.2506",
            "close": "4.2723"
        },
        {
            "time": "14.03.2021 14:37",
            "open": "4.2723",
            "high": "4.2726",
            "low": "4.2555",
            "close": "4.2583"
        },
        {
            "time": "14.03.2021 14:38",
            "open": "4.2583",
            "high": "4.2583",
            "low": "4.2507",
            "close": "4.2614"
        },
        {
            "time": "14.03.2021 14:39",
            "open": "4.2614",
            "high": "4.2636",
            "low": "4.2614",
            "close": "4.2662"
        },
        {
            "time": "14.03.2021 14:40",
            "open": "4.2662",
            "high": "4.2916",
            "low": "4.2662",
            "close": "4.2797"
        },
        {
            "time": "14.03.2021 14:41",
            "open": "4.2797",
            "high": "4.2797",
            "low": "4.278",
            "close": "4.26"
        },
        {
            "time": "14.03.2021 14:43",
            "open": "4.26",
            "high": "4.26",
            "low": "4.2507",
            "close": "4.2606"
        },
        {
            "time": "14.03.2021 14:44",
            "open": "4.2606",
            "high": "4.2607",
            "low": "4.2606",
            "close": "4.2501"
        },
        {
            "time": "14.03.2021 14:45",
            "open": "4.2501",
            "high": "4.2643",
            "low": "4.2501",
            "close": "4.28"
        },
        {
            "time": "14.03.2021 14:47",
            "open": "4.28",
            "high": "4.28",
            "low": "4.28",
            "close": "4.2853"
        },
        {
            "time": "14.03.2021 14:50",
            "open": "4.2853",
            "high": "4.2853",
            "low": "4.2853",
            "close": "4.2773"
        },
        {
            "time": "14.03.2021 14:53",
            "open": "4.2773",
            "high": "4.2773",
            "low": "4.2633",
            "close": "4.2601"
        },
        {
            "time": "14.03.2021 14:54",
            "open": "4.2601",
            "high": "4.2601",
            "low": "4.26",
            "close": "4.26"
        },
        {
            "time": "14.03.2021 14:56",
            "open": "4.26",
            "high": "4.26",
            "low": "4.26",
            "close": "4.2619"
        },
        {
            "time": "14.03.2021 14:58",
            "open": "4.2619",
            "high": "4.2619",
            "low": "4.2619",
            "close": "4.2629"
        },
        {
            "time": "14.03.2021 14:59",
            "open": "4.2629",
            "high": "4.2695",
            "low": "4.2629",
            "close": "4.2582"
        },
        {
            "time": "14.03.2021 15:00",
            "open": "4.2582",
            "high": "4.2743",
            "low": "4.2582",
            "close": "4.28"
        },
        {
            "time": "14.03.2021 15:01",
            "open": "4.28",
            "high": "4.28",
            "low": "4.28",
            "close": "4.2815"
        },
        {
            "time": "14.03.2021 15:07",
            "open": "4.2815",
            "high": "4.2815",
            "low": "4.2815",
            "close": "4.2976"
        },
        {
            "time": "14.03.2021 15:11",
            "open": "4.2976",
            "high": "4.2976",
            "low": "4.2976",
            "close": "4.2968"
        },
        {
            "time": "14.03.2021 15:13",
            "open": "4.2968",
            "high": "4.2968",
            "low": "4.2938",
            "close": "4.2851"
        },
        {
            "time": "14.03.2021 15:15",
            "open": "4.2851",
            "high": "4.2994",
            "low": "4.2851",
            "close": "4.2896"
        },
        {
            "time": "14.03.2021 15:17",
            "open": "4.2896",
            "high": "4.2997",
            "low": "4.2896",
            "close": "4.3021"
        },
        {
            "time": "14.03.2021 15:18",
            "open": "4.3021",
            "high": "4.3021",
            "low": "4.3021",
            "close": "4.2797"
        },
        {
            "time": "14.03.2021 15:26",
            "open": "4.2797",
            "high": "4.2797",
            "low": "4.2797",
            "close": "4.2883"
        },
        {
            "time": "14.03.2021 15:29",
            "open": "4.2883",
            "high": "4.2883",
            "low": "4.2772",
            "close": "4.279"
        },
        {
            "time": "14.03.2021 15:30",
            "open": "4.279",
            "high": "4.279",
            "low": "4.279",
            "close": "4.279"
        },
        {
            "time": "14.03.2021 15:48",
            "open": "4.279",
            "high": "4.279",
            "low": "4.279",
            "close": "4.2857"
        },
        {
            "time": "14.03.2021 15:53",
            "open": "4.2857",
            "high": "4.2857",
            "low": "4.2844",
            "close": "4.279"
        },
        {
            "time": "14.03.2021 15:56",
            "open": "4.279",
            "high": "4.279",
            "low": "4.2756",
            "close": "4.2836"
        },
        {
            "time": "14.03.2021 16:03",
            "open": "4.2836",
            "high": "4.2836",
            "low": "4.2836",
            "close": "4.2835"
        },
        {
            "time": "14.03.2021 16:04",
            "open": "4.2835",
            "high": "4.2835",
            "low": "4.2751",
            "close": "4.2826"
        },
        {
            "time": "14.03.2021 16:05",
            "open": "4.2826",
            "high": "4.2832",
            "low": "4.2826",
            "close": "4.2822"
        },
        {
            "time": "14.03.2021 16:06",
            "open": "4.2822",
            "high": "4.2822",
            "low": "4.2822",
            "close": "4.2911"
        },
        {
            "time": "14.03.2021 16:07",
            "open": "4.2911",
            "high": "4.2911",
            "low": "4.2911",
            "close": "4.2841"
        },
        {
            "time": "14.03.2021 16:10",
            "open": "4.2841",
            "high": "4.2841",
            "low": "4.2841",
            "close": "4.275"
        },
        {
            "time": "14.03.2021 16:12",
            "open": "4.275",
            "high": "4.275",
            "low": "4.275",
            "close": "4.2622"
        },
        {
            "time": "14.03.2021 16:13",
            "open": "4.2622",
            "high": "4.2622",
            "low": "4.2622",
            "close": "4.26"
        },
        {
            "time": "14.03.2021 16:18",
            "open": "4.26",
            "high": "4.26",
            "low": "4.26",
            "close": "4.2577"
        },
        {
            "time": "14.03.2021 16:19",
            "open": "4.2577",
            "high": "4.2577",
            "low": "4.25",
            "close": "4.2572"
        },
        {
            "time": "14.03.2021 16:20",
            "open": "4.2572",
            "high": "4.2572",
            "low": "4.2572",
            "close": "4.28"
        },
        {
            "time": "14.03.2021 16:27",
            "open": "4.28",
            "high": "4.28",
            "low": "4.28",
            "close": "4.28"
        },
        {
            "time": "14.03.2021 16:28",
            "open": "4.28",
            "high": "4.28",
            "low": "4.28",
            "close": "4.2911"
        },
        {
            "time": "14.03.2021 16:30",
            "open": "4.2911",
            "high": "4.2911",
            "low": "4.2911",
            "close": "4.291"
        },
        {
            "time": "14.03.2021 16:31",
            "open": "4.291",
            "high": "4.2911",
            "low": "4.291",
            "close": "4.2873"
        },
        {
            "time": "14.03.2021 16:32",
            "open": "4.2873",
            "high": "4.2873",
            "low": "4.2873",
            "close": "4.2724"
        },
        {
            "time": "14.03.2021 16:34",
            "open": "4.2724",
            "high": "4.2724",
            "low": "4.2721",
            "close": "4.2665"
        },
        {
            "time": "14.03.2021 16:35",
            "open": "4.2665",
            "high": "4.2665",
            "low": "4.2663",
            "close": "4.2731"
        },
        {
            "time": "14.03.2021 16:37",
            "open": "4.2731",
            "high": "4.2733",
            "low": "4.2731",
            "close": "4.2689"
        },
        {
            "time": "14.03.2021 16:41",
            "open": "4.2689",
            "high": "4.2689",
            "low": "4.2689",
            "close": "4.2911"
        },
        {
            "time": "14.03.2021 16:45",
            "open": "4.2911",
            "high": "4.2911",
            "low": "4.2911",
            "close": "4.2938"
        },
        {
            "time": "14.03.2021 16:46",
            "open": "4.2938",
            "high": "4.2938",
            "low": "4.2938",
            "close": "4.2931"
        },
        {
            "time": "14.03.2021 16:48",
            "open": "4.2931",
            "high": "4.3076",
            "low": "4.2915",
            "close": "4.2931"
        },
        {
            "time": "14.03.2021 16:51",
            "open": "4.2931",
            "high": "4.2931",
            "low": "4.2902",
            "close": "4.2865"
        },
        {
            "time": "14.03.2021 16:52",
            "open": "4.2865",
            "high": "4.2865",
            "low": "4.2865",
            "close": "4.2817"
        },
        {
            "time": "14.03.2021 16:53",
            "open": "4.2817",
            "high": "4.2817",
            "low": "4.2817",
            "close": "4.2837"
        },
        {
            "time": "14.03.2021 16:54",
            "open": "4.2837",
            "high": "4.2837",
            "low": "4.2837",
            "close": "4.2788"
        },
        {
            "time": "14.03.2021 16:56",
            "open": "4.2788",
            "high": "4.2788",
            "low": "4.2788",
            "close": "4.2878"
        },
        {
            "time": "14.03.2021 16:59",
            "open": "4.2878",
            "high": "4.2878",
            "low": "4.2878",
            "close": "4.2905"
        },
        {
            "time": "14.03.2021 17:00",
            "open": "4.2905",
            "high": "4.2905",
            "low": "4.2905",
            "close": "4.26"
        },
        {
            "time": "14.03.2021 17:03",
            "open": "4.26",
            "high": "4.26",
            "low": "4.26",
            "close": "4.2501"
        },
        {
            "time": "14.03.2021 17:04",
            "open": "4.2501",
            "high": "4.2501",
            "low": "4.25",
            "close": "4.28"
        },
        {
            "time": "14.03.2021 17:08",
            "open": "4.28",
            "high": "4.28",
            "low": "4.28",
            "close": "4.3085"
        },
        {
            "time": "14.03.2021 17:10",
            "open": "4.3085",
            "high": "4.3085",
            "low": "4.3085",
            "close": "4.3085"
        },
        {
            "time": "14.03.2021 17:11",
            "open": "4.3085",
            "high": "4.32",
            "low": "4.3085",
            "close": "4.3235"
        },
        {
            "time": "14.03.2021 17:12",
            "open": "4.3235",
            "high": "4.3235",
            "low": "4.3235",
            "close": "4.3234"
        },
        {
            "time": "14.03.2021 17:13",
            "open": "4.3234",
            "high": "4.3234",
            "low": "4.3234",
            "close": "4.3291"
        },
        {
            "time": "14.03.2021 17:14",
            "open": "4.3291",
            "high": "4.3312",
            "low": "4.3291",
            "close": "4.34"
        },
        {
            "time": "14.03.2021 17:15",
            "open": "4.34",
            "high": "4.34",
            "low": "4.34",
            "close": "4.3242"
        },
        {
            "time": "14.03.2021 17:16",
            "open": "4.3242",
            "high": "4.3242",
            "low": "4.3241",
            "close": "4.3218"
        },
        {
            "time": "14.03.2021 17:17",
            "open": "4.3218",
            "high": "4.3218",
            "low": "4.3218",
            "close": "4.3238"
        },
        {
            "time": "14.03.2021 17:21",
            "open": "4.3238",
            "high": "4.3292",
            "low": "4.3218",
            "close": "4.3218"
        },
        {
            "time": "14.03.2021 17:22",
            "open": "4.3218",
            "high": "4.3218",
            "low": "4.3218",
            "close": "4.3218"
        },
        {
            "time": "14.03.2021 17:23",
            "open": "4.3218",
            "high": "4.3218",
            "low": "4.3218",
            "close": "4.3218"
        },
        {
            "time": "14.03.2021 17:25",
            "open": "4.3218",
            "high": "4.3218",
            "low": "4.3071",
            "close": "4.2907"
        },
        {
            "time": "14.03.2021 17:28",
            "open": "4.2907",
            "high": "4.2907",
            "low": "4.2907",
            "close": "4.2888"
        },
        {
            "time": "14.03.2021 17:33",
            "open": "4.2888",
            "high": "4.2888",
            "low": "4.2888",
            "close": "4.2787"
        },
        {
            "time": "14.03.2021 17:43",
            "open": "4.2787",
            "high": "4.2787",
            "low": "4.2787",
            "close": "4.3007"
        },
        {
            "time": "14.03.2021 17:46",
            "open": "4.3007",
            "high": "4.3048",
            "low": "4.2988",
            "close": "4.2643"
        },
        {
            "time": "14.03.2021 17:58",
            "open": "4.2643",
            "high": "4.2643",
            "low": "4.2643",
            "close": "4.26"
        },
        {
            "time": "14.03.2021 18:02",
            "open": "4.26",
            "high": "4.2726",
            "low": "4.26",
            "close": "4.2605"
        },
        {
            "time": "14.03.2021 18:03",
            "open": "4.2605",
            "high": "4.274",
            "low": "4.2605",
            "close": "4.2776"
        },
        {
            "time": "14.03.2021 18:04",
            "open": "4.2776",
            "high": "4.2817",
            "low": "4.2718",
            "close": "4.2718"
        },
        {
            "time": "14.03.2021 18:05",
            "open": "4.2718",
            "high": "4.2812",
            "low": "4.2715",
            "close": "4.2864"
        },
        {
            "time": "14.03.2021 18:06",
            "open": "4.2864",
            "high": "4.3027",
            "low": "4.2864",
            "close": "4.2906"
        },
        {
            "time": "14.03.2021 18:07",
            "open": "4.2906",
            "high": "4.2906",
            "low": "4.2847",
            "close": "4.3008"
        },
        {
            "time": "14.03.2021 18:08",
            "open": "4.3008",
            "high": "4.3008",
            "low": "4.3008",
            "close": "4.3009"
        },
        {
            "time": "14.03.2021 18:10",
            "open": "4.3009",
            "high": "4.3009",
            "low": "4.3009",
            "close": "4.2992"
        },
        {
            "time": "14.03.2021 18:11",
            "open": "4.2992",
            "high": "4.2992",
            "low": "4.2992",
            "close": "4.2932"
        },
        {
            "time": "14.03.2021 18:14",
            "open": "4.2932",
            "high": "4.2932",
            "low": "4.2932",
            "close": "4.2931"
        },
        {
            "time": "14.03.2021 18:17",
            "open": "4.2931",
            "high": "4.302",
            "low": "4.2931",
            "close": "4.3007"
        },
        {
            "time": "14.03.2021 18:19",
            "open": "4.3007",
            "high": "4.3007",
            "low": "4.3007",
            "close": "4.2847"
        },
        {
            "time": "14.03.2021 18:20",
            "open": "4.2847",
            "high": "4.2866",
            "low": "4.2847",
            "close": "4.2865"
        },
        {
            "time": "14.03.2021 18:21",
            "open": "4.2865",
            "high": "4.2865",
            "low": "4.2865",
            "close": "4.2915"
        },
        {
            "time": "14.03.2021 18:25",
            "open": "4.2915",
            "high": "4.2915",
            "low": "4.2915",
            "close": "4.2915"
        },
        {
            "time": "14.03.2021 18:27",
            "open": "4.2915",
            "high": "4.2936",
            "low": "4.2915",
            "close": "4.2844"
        },
        {
            "time": "14.03.2021 18:30",
            "open": "4.2844",
            "high": "4.2844",
            "low": "4.2844",
            "close": "4.2801"
        },
        {
            "time": "14.03.2021 18:33",
            "open": "4.2801",
            "high": "4.2801",
            "low": "4.2761",
            "close": "4.2816"
        },
        {
            "time": "14.03.2021 18:35",
            "open": "4.2816",
            "high": "4.2816",
            "low": "4.2816",
            "close": "4.2776"
        },
        {
            "time": "14.03.2021 18:38",
            "open": "4.2776",
            "high": "4.2776",
            "low": "4.2776",
            "close": "4.2785"
        },
        {
            "time": "14.03.2021 18:43",
            "open": "4.2785",
            "high": "4.2785",
            "low": "4.2785",
            "close": "4.2719"
        },
        {
            "time": "14.03.2021 18:44",
            "open": "4.2719",
            "high": "4.2719",
            "low": "4.2719",
            "close": "4.2819"
        },
        {
            "time": "14.03.2021 18:51",
            "open": "4.2819",
            "high": "4.2819",
            "low": "4.2819",
            "close": "4.2794"
        },
        {
            "time": "14.03.2021 18:52",
            "open": "4.2794",
            "high": "4.2794",
            "low": "4.2794",
            "close": "4.2796"
        },
        {
            "time": "14.03.2021 18:55",
            "open": "4.2796",
            "high": "4.2894",
            "low": "4.2796",
            "close": "4.2866"
        },
        {
            "time": "14.03.2021 18:58",
            "open": "4.2866",
            "high": "4.2867",
            "low": "4.2866",
            "close": "4.3086"
        },
        {
            "time": "14.03.2021 19:05",
            "open": "4.3086",
            "high": "4.3086",
            "low": "4.3086",
            "close": "4.2936"
        },
        {
            "time": "14.03.2021 19:15",
            "open": "4.2936",
            "high": "4.2936",
            "low": "4.2936",
            "close": "4.3083"
        },
        {
            "time": "14.03.2021 19:18",
            "open": "4.3083",
            "high": "4.3179",
            "low": "4.3083",
            "close": "4.3051"
        },
        {
            "time": "14.03.2021 19:19",
            "open": "4.3051",
            "high": "4.3149",
            "low": "4.3051",
            "close": "4.3062"
        },
        {
            "time": "14.03.2021 19:20",
            "open": "4.3062",
            "high": "4.3062",
            "low": "4.3062",
            "close": "4.3019"
        },
        {
            "time": "14.03.2021 19:25",
            "open": "4.3019",
            "high": "4.3019",
            "low": "4.3019",
            "close": "4.309"
        },
        {
            "time": "14.03.2021 19:27",
            "open": "4.309",
            "high": "4.309",
            "low": "4.3014",
            "close": "4.3164"
        },
        {
            "time": "14.03.2021 19:29",
            "open": "4.3164",
            "high": "4.3167",
            "low": "4.3164",
            "close": "4.3273"
        },
        {
            "time": "14.03.2021 19:36",
            "open": "4.3273",
            "high": "4.3273",
            "low": "4.3031",
            "close": "4.326"
        },
        {
            "time": "14.03.2021 19:38",
            "open": "4.326",
            "high": "4.326",
            "low": "4.326",
            "close": "4.3219"
        },
        {
            "time": "14.03.2021 19:40",
            "open": "4.3219",
            "high": "4.3219",
            "low": "4.3219",
            "close": "4.3045"
        },
        {
            "time": "14.03.2021 19:43",
            "open": "4.3045",
            "high": "4.3045",
            "low": "4.3045",
            "close": "4.304"
        },
        {
            "time": "14.03.2021 19:48",
            "open": "4.304",
            "high": "4.304",
            "low": "4.304",
            "close": "4.3144"
        },
        {
            "time": "14.03.2021 19:56",
            "open": "4.3144",
            "high": "4.3144",
            "low": "4.3144",
            "close": "4.3135"
        },
        {
            "time": "14.03.2021 19:58",
            "open": "4.3135",
            "high": "4.3135",
            "low": "4.3135",
            "close": "4.313"
        },
        {
            "time": "14.03.2021 19:59",
            "open": "4.313",
            "high": "4.313",
            "low": "4.3128",
            "close": "4.3122"
        },
        {
            "time": "14.03.2021 20:02",
            "open": "4.3122",
            "high": "4.3122",
            "low": "4.3122",
            "close": "4.2983"
        },
        {
            "time": "14.03.2021 20:08",
            "open": "4.2983",
            "high": "4.2983",
            "low": "4.2983",
            "close": "4.2964"
        },
        {
            "time": "14.03.2021 20:13",
            "open": "4.2964",
            "high": "4.2964",
            "low": "4.2964",
            "close": "4.2983"
        },
        {
            "time": "14.03.2021 20:18",
            "open": "4.2983",
            "high": "4.2983",
            "low": "4.2983",
            "close": "4.2983"
        },
        {
            "time": "14.03.2021 20:22",
            "open": "4.2983",
            "high": "4.2983",
            "low": "4.2983",
            "close": "4.2983"
        },
        {
            "time": "14.03.2021 20:24",
            "open": "4.2983",
            "high": "4.317",
            "low": "4.2983",
            "close": "4.3179"
        },
        {
            "time": "14.03.2021 20:36",
            "open": "4.3179",
            "high": "4.3179",
            "low": "4.3179",
            "close": "4.3009"
        },
        {
            "time": "14.03.2021 20:52",
            "open": "4.3009",
            "high": "4.3009",
            "low": "4.3009",
            "close": "4.289"
        },
        {
            "time": "14.03.2021 20:53",
            "open": "4.289",
            "high": "4.2968",
            "low": "4.289",
            "close": "4.3053"
        },
        {
            "time": "14.03.2021 20:57",
            "open": "4.3053",
            "high": "4.3053",
            "low": "4.3053",
            "close": "4.3016"
        },
        {
            "time": "14.03.2021 20:58",
            "open": "4.3016",
            "high": "4.3016",
            "low": "4.3016",
            "close": "4.3025"
        },
        {
            "time": "14.03.2021 21:00",
            "open": "4.3025",
            "high": "4.3025",
            "low": "4.3025",
            "close": "4.267"
        },
        {
            "time": "14.03.2021 21:20",
            "open": "4.267",
            "high": "4.2701",
            "low": "4.267",
            "close": "4.2705"
        },
        {
            "time": "14.03.2021 21:21",
            "open": "4.2705",
            "high": "4.2767",
            "low": "4.2641",
            "close": "4.2751"
        },
        {
            "time": "14.03.2021 21:25",
            "open": "4.2751",
            "high": "4.2752",
            "low": "4.2751",
            "close": "4.2707"
        },
        {
            "time": "14.03.2021 21:29",
            "open": "4.2707",
            "high": "4.2707",
            "low": "4.2707",
            "close": "4.2677"
        },
        {
            "time": "14.03.2021 21:30",
            "open": "4.2677",
            "high": "4.2682",
            "low": "4.2677",
            "close": "4.2753"
        },
        {
            "time": "14.03.2021 21:31",
            "open": "4.2753",
            "high": "4.2753",
            "low": "4.2673",
            "close": "4.273"
        },
        {
            "time": "14.03.2021 21:33",
            "open": "4.273",
            "high": "4.273",
            "low": "4.273",
            "close": "4.272"
        },
        {
            "time": "14.03.2021 21:34",
            "open": "4.272",
            "high": "4.2805",
            "low": "4.272",
            "close": "4.283"
        },
        {
            "time": "14.03.2021 21:36",
            "open": "4.283",
            "high": "4.2831",
            "low": "4.283",
            "close": "4.283"
        },
        {
            "time": "14.03.2021 21:39",
            "open": "4.283",
            "high": "4.283",
            "low": "4.283",
            "close": "4.2802"
        },
        {
            "time": "14.03.2021 21:44",
            "open": "4.2802",
            "high": "4.2802",
            "low": "4.2802",
            "close": "4.2795"
        },
        {
            "time": "14.03.2021 21:46",
            "open": "4.2795",
            "high": "4.2805",
            "low": "4.2795",
            "close": "4.2853"
        },
        {
            "time": "14.03.2021 21:51",
            "open": "4.2853",
            "high": "4.2853",
            "low": "4.2853",
            "close": "4.2891"
        },
        {
            "time": "14.03.2021 21:52",
            "open": "4.2891",
            "high": "4.2891",
            "low": "4.2808",
            "close": "4.2731"
        },
        {
            "time": "14.03.2021 21:55",
            "open": "4.2731",
            "high": "4.2731",
            "low": "4.2721",
            "close": "4.2766"
        },
        {
            "time": "14.03.2021 21:56",
            "open": "4.2766",
            "high": "4.2808",
            "low": "4.274",
            "close": "4.275"
        },
        {
            "time": "14.03.2021 21:58",
            "open": "4.275",
            "high": "4.2792",
            "low": "4.2745",
            "close": "4.2808"
        },
        {
            "time": "14.03.2021 21:59",
            "open": "4.2808",
            "high": "4.2808",
            "low": "4.2808",
            "close": "4.2808"
        },
        {
            "time": "14.03.2021 22:00",
            "open": "4.2808",
            "high": "4.2828",
            "low": "4.2808",
            "close": "4.2801"
        },
        {
            "time": "14.03.2021 22:03",
            "open": "4.2801",
            "high": "4.2801",
            "low": "4.2801",
            "close": "4.2914"
        },
        {
            "time": "14.03.2021 22:04",
            "open": "4.2914",
            "high": "4.2914",
            "low": "4.2914",
            "close": "4.2784"
        },
        {
            "time": "14.03.2021 22:06",
            "open": "4.2784",
            "high": "4.2784",
            "low": "4.2784",
            "close": "4.2884"
        },
        {
            "time": "14.03.2021 22:07",
            "open": "4.2884",
            "high": "4.2884",
            "low": "4.2725",
            "close": "4.2787"
        },
        {
            "time": "14.03.2021 22:08",
            "open": "4.2787",
            "high": "4.2787",
            "low": "4.2787",
            "close": "4.278"
        },
        {
            "time": "14.03.2021 22:10",
            "open": "4.278",
            "high": "4.278",
            "low": "4.278",
            "close": "4.2923"
        },
        {
            "time": "14.03.2021 22:14",
            "open": "4.2923",
            "high": "4.2923",
            "low": "4.2923",
            "close": "4.2888"
        },
        {
            "time": "14.03.2021 22:15",
            "open": "4.2888",
            "high": "4.2982",
            "low": "4.2805",
            "close": "4.2805"
        },
        {
            "time": "14.03.2021 22:17",
            "open": "4.2805",
            "high": "4.2805",
            "low": "4.2805",
            "close": "4.2805"
        },
        {
            "time": "14.03.2021 22:20",
            "open": "4.2805",
            "high": "4.2805",
            "low": "4.2805",
            "close": "4.2803"
        },
        {
            "time": "14.03.2021 22:22",
            "open": "4.2803",
            "high": "4.2803",
            "low": "4.2803",
            "close": "4.2805"
        },
        {
            "time": "14.03.2021 22:23",
            "open": "4.2805",
            "high": "4.2805",
            "low": "4.2805",
            "close": "4.2803"
        },
        {
            "time": "14.03.2021 22:25",
            "open": "4.2803",
            "high": "4.2805",
            "low": "4.2803",
            "close": "4.2805"
        },
        {
            "time": "14.03.2021 22:29",
            "open": "4.2805",
            "high": "4.3015",
            "low": "4.2805",
            "close": "4.2713"
        },
        {
            "time": "14.03.2021 22:33",
            "open": "4.2713",
            "high": "4.2713",
            "low": "4.2711",
            "close": "4.2772"
        },
        {
            "time": "14.03.2021 22:34",
            "open": "4.2772",
            "high": "4.2772",
            "low": "4.2772",
            "close": "4.2704"
        },
        {
            "time": "14.03.2021 22:38",
            "open": "4.2704",
            "high": "4.2704",
            "low": "4.2704",
            "close": "4.2704"
        },
        {
            "time": "14.03.2021 22:43",
            "open": "4.2704",
            "high": "4.2704",
            "low": "4.2704",
            "close": "4.2734"
        },
        {
            "time": "14.03.2021 22:46",
            "open": "4.2734",
            "high": "4.2734",
            "low": "4.2734",
            "close": "4.2792"
        },
        {
            "time": "14.03.2021 22:51",
            "open": "4.2792",
            "high": "4.2792",
            "low": "4.2792",
            "close": "4.2877"
        },
        {
            "time": "14.03.2021 22:58",
            "open": "4.2877",
            "high": "4.2877",
            "low": "4.2877",
            "close": "4.2877"
        },
        {
            "time": "14.03.2021 22:59",
            "open": "4.2877",
            "high": "4.2877",
            "low": "4.2877",
            "close": "4.315"
        },
        {
            "time": "14.03.2021 23:02",
            "open": "4.315",
            "high": "4.315",
            "low": "4.315",
            "close": "4.3047"
        },
        {
            "time": "14.03.2021 23:04",
            "open": "4.3047",
            "high": "4.3047",
            "low": "4.3047",
            "close": "4.2849"
        },
        {
            "time": "14.03.2021 23:05",
            "open": "4.2849",
            "high": "4.2853",
            "low": "4.2849",
            "close": "4.2744"
        },
        {
            "time": "14.03.2021 23:06",
            "open": "4.2744",
            "high": "4.2744",
            "low": "4.2744",
            "close": "4.2711"
        },
        {
            "time": "14.03.2021 23:12",
            "open": "4.2711",
            "high": "4.2713",
            "low": "4.2626",
            "close": "4.2785"
        },
        {
            "time": "14.03.2021 23:13",
            "open": "4.2785",
            "high": "4.2785",
            "low": "4.2769",
            "close": "4.3117"
        },
        {
            "time": "14.03.2021 23:18",
            "open": "4.3117",
            "high": "4.32",
            "low": "4.3117",
            "close": "4.34"
        },
        {
            "time": "14.03.2021 23:23",
            "open": "4.34",
            "high": "4.34",
            "low": "4.34",
            "close": "4.3379"
        },
        {
            "time": "14.03.2021 23:27",
            "open": "4.3379",
            "high": "4.3379",
            "low": "4.3379",
            "close": "4.3265"
        },
        {
            "time": "14.03.2021 23:29",
            "open": "4.3265",
            "high": "4.3265",
            "low": "4.316",
            "close": "4.3239"
        },
        {
            "time": "14.03.2021 23:37",
            "open": "4.3239",
            "high": "4.3239",
            "low": "4.3239",
            "close": "4.34"
        },
        {
            "time": "14.03.2021 23:41",
            "open": "4.34",
            "high": "4.34",
            "low": "4.34",
            "close": "4.3562"
        },
        {
            "time": "14.03.2021 23:45",
            "open": "4.3562",
            "high": "4.3563",
            "low": "4.3562",
            "close": "4.3576"
        },
        {
            "time": "14.03.2021 23:46",
            "open": "4.3576",
            "high": "4.3576",
            "low": "4.3576",
            "close": "4.3586"
        },
        {
            "time": "14.03.2021 23:50",
            "open": "4.3586",
            "high": "4.3586",
            "low": "4.3585",
            "close": "4.3642"
        },
        {
            "time": "14.03.2021 23:58",
            "open": "4.3642",
            "high": "4.3642",
            "low": "4.3642",
            "close": "4.3628"
        }
    ]
}