{
    "OMG-EUR": [
        {
            "time": "04.11.2020 23:40",
            "open": "2.3687",
            "high": "2.3687",
            "low": "2.3687",
            "close": "2.3533"
        },
        {
            "time": "05.11.2020 00:12",
            "open": "2.3533",
            "high": "2.3533",
            "low": "2.3531",
            "close": "2.3534"
        },
        {
            "time": "05.11.2020 00:20",
            "open": "2.3534",
            "high": "2.3534",
            "low": "2.3533",
            "close": "2.3505"
        },
        {
            "time": "05.11.2020 00:39",
            "open": "2.3505",
            "high": "2.3519",
            "low": "2.3505",
            "close": "2.3621"
        },
        {
            "time": "05.11.2020 01:00",
            "open": "2.3621",
            "high": "2.3657",
            "low": "2.3621",
            "close": "2.3693"
        },
        {
            "time": "05.11.2020 01:04",
            "open": "2.3693",
            "high": "2.3714",
            "low": "2.3693",
            "close": "2.3795"
        },
        {
            "time": "05.11.2020 01:05",
            "open": "2.3795",
            "high": "2.3795",
            "low": "2.3795",
            "close": "2.3894"
        },
        {
            "time": "05.11.2020 01:06",
            "open": "2.3894",
            "high": "2.39",
            "low": "2.385",
            "close": "2.3894"
        },
        {
            "time": "05.11.2020 01:07",
            "open": "2.3894",
            "high": "2.3894",
            "low": "2.3818",
            "close": "2.3761"
        },
        {
            "time": "05.11.2020 01:08",
            "open": "2.3761",
            "high": "2.3761",
            "low": "2.3724",
            "close": "2.3787"
        },
        {
            "time": "05.11.2020 01:14",
            "open": "2.3787",
            "high": "2.3787",
            "low": "2.3787",
            "close": "2.385"
        },
        {
            "time": "05.11.2020 01:15",
            "open": "2.385",
            "high": "2.385",
            "low": "2.385",
            "close": "2.3859"
        },
        {
            "time": "05.11.2020 01:18",
            "open": "2.3859",
            "high": "2.3859",
            "low": "2.3859",
            "close": "2.3814"
        },
        {
            "time": "05.11.2020 01:27",
            "open": "2.3814",
            "high": "2.3826",
            "low": "2.3814",
            "close": "2.3919"
        },
        {
            "time": "05.11.2020 01:35",
            "open": "2.3919",
            "high": "2.3919",
            "low": "2.3919",
            "close": "2.3919"
        },
        {
            "time": "05.11.2020 01:39",
            "open": "2.3919",
            "high": "2.3919",
            "low": "2.391",
            "close": "2.3873"
        },
        {
            "time": "05.11.2020 01:47",
            "open": "2.3873",
            "high": "2.3873",
            "low": "2.3873",
            "close": "2.3902"
        },
        {
            "time": "05.11.2020 01:48",
            "open": "2.3902",
            "high": "2.3902",
            "low": "2.3902",
            "close": "2.3893"
        },
        {
            "time": "05.11.2020 02:04",
            "open": "2.3893",
            "high": "2.3893",
            "low": "2.3891",
            "close": "2.3882"
        },
        {
            "time": "05.11.2020 02:41",
            "open": "2.3882",
            "high": "2.3896",
            "low": "2.3882",
            "close": "2.393"
        },
        {
            "time": "05.11.2020 02:47",
            "open": "2.393",
            "high": "2.3948",
            "low": "2.393",
            "close": "2.3962"
        },
        {
            "time": "05.11.2020 02:55",
            "open": "2.3962",
            "high": "2.4",
            "low": "2.3962",
            "close": "2.3989"
        },
        {
            "time": "05.11.2020 02:56",
            "open": "2.3989",
            "high": "2.3989",
            "low": "2.3989",
            "close": "2.3986"
        },
        {
            "time": "05.11.2020 02:57",
            "open": "2.3986",
            "high": "2.3988",
            "low": "2.398",
            "close": "2.3983"
        },
        {
            "time": "05.11.2020 02:59",
            "open": "2.3983",
            "high": "2.3983",
            "low": "2.3949",
            "close": "2.3952"
        },
        {
            "time": "05.11.2020 03:00",
            "open": "2.3952",
            "high": "2.3993",
            "low": "2.3951",
            "close": "2.4013"
        },
        {
            "time": "05.11.2020 03:05",
            "open": "2.4013",
            "high": "2.4013",
            "low": "2.4007",
            "close": "2.4027"
        },
        {
            "time": "05.11.2020 03:11",
            "open": "2.4027",
            "high": "2.4027",
            "low": "2.4027",
            "close": "2.41"
        },
        {
            "time": "05.11.2020 03:20",
            "open": "2.41",
            "high": "2.4103",
            "low": "2.4081",
            "close": "2.415"
        },
        {
            "time": "05.11.2020 03:21",
            "open": "2.415",
            "high": "2.415",
            "low": "2.415",
            "close": "2.3911"
        },
        {
            "time": "05.11.2020 03:28",
            "open": "2.3911",
            "high": "2.3911",
            "low": "2.3911",
            "close": "2.3897"
        },
        {
            "time": "05.11.2020 03:30",
            "open": "2.3897",
            "high": "2.3897",
            "low": "2.3897",
            "close": "2.4092"
        },
        {
            "time": "05.11.2020 03:40",
            "open": "2.4092",
            "high": "2.4092",
            "low": "2.4092",
            "close": "2.4091"
        },
        {
            "time": "05.11.2020 03:41",
            "open": "2.4091",
            "high": "2.4091",
            "low": "2.4091",
            "close": "2.4239"
        },
        {
            "time": "05.11.2020 04:07",
            "open": "2.4239",
            "high": "2.4245",
            "low": "2.4239",
            "close": "2.4259"
        },
        {
            "time": "05.11.2020 04:08",
            "open": "2.4259",
            "high": "2.4259",
            "low": "2.4259",
            "close": "2.4322"
        },
        {
            "time": "05.11.2020 04:09",
            "open": "2.4322",
            "high": "2.4322",
            "low": "2.4322",
            "close": "2.4305"
        },
        {
            "time": "05.11.2020 04:11",
            "open": "2.4305",
            "high": "2.4305",
            "low": "2.4305",
            "close": "2.4205"
        },
        {
            "time": "05.11.2020 04:20",
            "open": "2.4205",
            "high": "2.4205",
            "low": "2.4204",
            "close": "2.4105"
        },
        {
            "time": "05.11.2020 04:25",
            "open": "2.4105",
            "high": "2.4105",
            "low": "2.4105",
            "close": "2.4006"
        },
        {
            "time": "05.11.2020 04:35",
            "open": "2.4006",
            "high": "2.4011",
            "low": "2.4006",
            "close": "2.4093"
        },
        {
            "time": "05.11.2020 05:08",
            "open": "2.4093",
            "high": "2.4093",
            "low": "2.4093",
            "close": "2.4141"
        },
        {
            "time": "05.11.2020 05:13",
            "open": "2.4141",
            "high": "2.4141",
            "low": "2.4129",
            "close": "2.4147"
        },
        {
            "time": "05.11.2020 05:14",
            "open": "2.4147",
            "high": "2.4147",
            "low": "2.4147",
            "close": "2.4126"
        },
        {
            "time": "05.11.2020 05:16",
            "open": "2.4126",
            "high": "2.4126",
            "low": "2.4126",
            "close": "2.4118"
        },
        {
            "time": "05.11.2020 05:27",
            "open": "2.4118",
            "high": "2.4118",
            "low": "2.4118",
            "close": "2.411"
        },
        {
            "time": "05.11.2020 05:30",
            "open": "2.411",
            "high": "2.411",
            "low": "2.411",
            "close": "2.4193"
        },
        {
            "time": "05.11.2020 05:32",
            "open": "2.4193",
            "high": "2.4193",
            "low": "2.4193",
            "close": "2.4188"
        },
        {
            "time": "05.11.2020 05:45",
            "open": "2.4188",
            "high": "2.4188",
            "low": "2.4166",
            "close": "2.4244"
        },
        {
            "time": "05.11.2020 06:06",
            "open": "2.4244",
            "high": "2.4244",
            "low": "2.4244",
            "close": "2.4243"
        },
        {
            "time": "05.11.2020 06:10",
            "open": "2.4243",
            "high": "2.4246",
            "low": "2.4243",
            "close": "2.4249"
        },
        {
            "time": "05.11.2020 06:24",
            "open": "2.4249",
            "high": "2.4251",
            "low": "2.4249",
            "close": "2.4207"
        },
        {
            "time": "05.11.2020 06:34",
            "open": "2.4207",
            "high": "2.4208",
            "low": "2.4207",
            "close": "2.4166"
        },
        {
            "time": "05.11.2020 06:38",
            "open": "2.4166",
            "high": "2.4166",
            "low": "2.4124",
            "close": "2.4117"
        },
        {
            "time": "05.11.2020 06:39",
            "open": "2.4117",
            "high": "2.4117",
            "low": "2.4117",
            "close": "2.4217"
        },
        {
            "time": "05.11.2020 06:41",
            "open": "2.4217",
            "high": "2.4217",
            "low": "2.4217",
            "close": "2.4179"
        },
        {
            "time": "05.11.2020 06:42",
            "open": "2.4179",
            "high": "2.4179",
            "low": "2.4166",
            "close": "2.4064"
        },
        {
            "time": "05.11.2020 07:13",
            "open": "2.4064",
            "high": "2.4064",
            "low": "2.4063",
            "close": "2.41"
        },
        {
            "time": "05.11.2020 07:17",
            "open": "2.41",
            "high": "2.41",
            "low": "2.41",
            "close": "2.4035"
        },
        {
            "time": "05.11.2020 07:18",
            "open": "2.4035",
            "high": "2.4035",
            "low": "2.4035",
            "close": "2.3971"
        },
        {
            "time": "05.11.2020 07:31",
            "open": "2.3971",
            "high": "2.3971",
            "low": "2.3971",
            "close": "2.3988"
        },
        {
            "time": "05.11.2020 07:40",
            "open": "2.3988",
            "high": "2.3988",
            "low": "2.3988",
            "close": "2.4033"
        },
        {
            "time": "05.11.2020 07:45",
            "open": "2.4033",
            "high": "2.4036",
            "low": "2.4033",
            "close": "2.4045"
        },
        {
            "time": "05.11.2020 07:50",
            "open": "2.4045",
            "high": "2.4053",
            "low": "2.4045",
            "close": "2.4093"
        },
        {
            "time": "05.11.2020 08:04",
            "open": "2.4093",
            "high": "2.4095",
            "low": "2.4093",
            "close": "2.4045"
        },
        {
            "time": "05.11.2020 08:11",
            "open": "2.4045",
            "high": "2.4046",
            "low": "2.4045",
            "close": "2.3915"
        },
        {
            "time": "05.11.2020 08:16",
            "open": "2.3915",
            "high": "2.3915",
            "low": "2.3915",
            "close": "2.3881"
        },
        {
            "time": "05.11.2020 08:17",
            "open": "2.3881",
            "high": "2.39",
            "low": "2.3855",
            "close": "2.3864"
        },
        {
            "time": "05.11.2020 08:18",
            "open": "2.3864",
            "high": "2.3864",
            "low": "2.3739",
            "close": "2.3797"
        },
        {
            "time": "05.11.2020 08:25",
            "open": "2.3797",
            "high": "2.3797",
            "low": "2.3797",
            "close": "2.3827"
        },
        {
            "time": "05.11.2020 08:29",
            "open": "2.3827",
            "high": "2.3841",
            "low": "2.3827",
            "close": "2.3894"
        },
        {
            "time": "05.11.2020 08:30",
            "open": "2.3894",
            "high": "2.3897",
            "low": "2.3894",
            "close": "2.381"
        },
        {
            "time": "05.11.2020 08:31",
            "open": "2.381",
            "high": "2.381",
            "low": "2.3807",
            "close": "2.3827"
        },
        {
            "time": "05.11.2020 08:37",
            "open": "2.3827",
            "high": "2.3827",
            "low": "2.3815",
            "close": "2.394"
        },
        {
            "time": "05.11.2020 08:50",
            "open": "2.394",
            "high": "2.394",
            "low": "2.394",
            "close": "2.3881"
        },
        {
            "time": "05.11.2020 09:05",
            "open": "2.3881",
            "high": "2.3881",
            "low": "2.3881",
            "close": "2.3977"
        },
        {
            "time": "05.11.2020 09:12",
            "open": "2.3977",
            "high": "2.3978",
            "low": "2.3977",
            "close": "2.3875"
        },
        {
            "time": "05.11.2020 09:23",
            "open": "2.3875",
            "high": "2.3875",
            "low": "2.3875",
            "close": "2.3789"
        },
        {
            "time": "05.11.2020 09:36",
            "open": "2.3789",
            "high": "2.3789",
            "low": "2.3772",
            "close": "2.3746"
        },
        {
            "time": "05.11.2020 09:37",
            "open": "2.3746",
            "high": "2.3746",
            "low": "2.3713",
            "close": "2.37"
        },
        {
            "time": "05.11.2020 09:38",
            "open": "2.365",
            "high": "2.365",
            "low": "2.365",
            "close": "2.3714"
        },
        {
            "time": "05.11.2020 09:39",
            "open": "2.3714",
            "high": "2.3828",
            "low": "2.3714",
            "close": "2.3798"
        },
        {
            "time": "05.11.2020 09:40",
            "open": "2.3798",
            "high": "2.3798",
            "low": "2.3798",
            "close": "2.3618"
        },
        {
            "time": "05.11.2020 09:43",
            "open": "2.3618",
            "high": "2.3618",
            "low": "2.36",
            "close": "2.3706"
        },
        {
            "time": "05.11.2020 09:46",
            "open": "2.3706",
            "high": "2.3707",
            "low": "2.3706",
            "close": "2.3707"
        },
        {
            "time": "05.11.2020 09:47",
            "open": "2.3707",
            "high": "2.3707",
            "low": "2.3707",
            "close": "2.3667"
        },
        {
            "time": "05.11.2020 09:57",
            "open": "2.3667",
            "high": "2.3667",
            "low": "2.3667",
            "close": "2.3654"
        },
        {
            "time": "05.11.2020 09:59",
            "open": "2.3654",
            "high": "2.3654",
            "low": "2.3654",
            "close": "2.3692"
        },
        {
            "time": "05.11.2020 10:00",
            "open": "2.3692",
            "high": "2.3692",
            "low": "2.3692",
            "close": "2.3678"
        },
        {
            "time": "05.11.2020 10:01",
            "open": "2.3678",
            "high": "2.3678",
            "low": "2.3678",
            "close": "2.362"
        },
        {
            "time": "05.11.2020 10:11",
            "open": "2.362",
            "high": "2.362",
            "low": "2.362",
            "close": "2.3604"
        },
        {
            "time": "05.11.2020 10:14",
            "open": "2.3604",
            "high": "2.3605",
            "low": "2.3604",
            "close": "2.3561"
        },
        {
            "time": "05.11.2020 10:17",
            "open": "2.3561",
            "high": "2.3561",
            "low": "2.3561",
            "close": "2.3539"
        },
        {
            "time": "05.11.2020 10:19",
            "open": "2.3539",
            "high": "2.3539",
            "low": "2.3535",
            "close": "2.355"
        },
        {
            "time": "05.11.2020 10:20",
            "open": "2.355",
            "high": "2.355",
            "low": "2.355",
            "close": "2.3501"
        },
        {
            "time": "05.11.2020 10:26",
            "open": "2.3501",
            "high": "2.3501",
            "low": "2.3501",
            "close": "2.3502"
        },
        {
            "time": "05.11.2020 10:27",
            "open": "2.3502",
            "high": "2.3502",
            "low": "2.3501",
            "close": "2.3493"
        },
        {
            "time": "05.11.2020 10:28",
            "open": "2.3493",
            "high": "2.3493",
            "low": "2.3416",
            "close": "2.3435"
        },
        {
            "time": "05.11.2020 10:29",
            "open": "2.3435",
            "high": "2.3435",
            "low": "2.3407",
            "close": "2.3409"
        },
        {
            "time": "05.11.2020 10:30",
            "open": "2.3409",
            "high": "2.3409",
            "low": "2.3409",
            "close": "2.3417"
        },
        {
            "time": "05.11.2020 10:31",
            "open": "2.3417",
            "high": "2.3463",
            "low": "2.3417",
            "close": "2.3481"
        },
        {
            "time": "05.11.2020 10:34",
            "open": "2.3481",
            "high": "2.3483",
            "low": "2.3458",
            "close": "2.3424"
        },
        {
            "time": "05.11.2020 10:38",
            "open": "2.3424",
            "high": "2.3424",
            "low": "2.3424",
            "close": "2.3326"
        },
        {
            "time": "05.11.2020 10:41",
            "open": "2.3326",
            "high": "2.3326",
            "low": "2.3326",
            "close": "2.3315"
        },
        {
            "time": "05.11.2020 10:42",
            "open": "2.3315",
            "high": "2.3326",
            "low": "2.3315",
            "close": "2.33"
        },
        {
            "time": "05.11.2020 10:43",
            "open": "2.33",
            "high": "2.33",
            "low": "2.33",
            "close": "2.328"
        },
        {
            "time": "05.11.2020 10:52",
            "open": "2.328",
            "high": "2.328",
            "low": "2.328",
            "close": "2.3293"
        },
        {
            "time": "05.11.2020 10:53",
            "open": "2.3293",
            "high": "2.3293",
            "low": "2.3293",
            "close": "2.3328"
        },
        {
            "time": "05.11.2020 11:06",
            "open": "2.3328",
            "high": "2.333",
            "low": "2.3328",
            "close": "2.3342"
        },
        {
            "time": "05.11.2020 11:07",
            "open": "2.3342",
            "high": "2.3342",
            "low": "2.3342",
            "close": "2.3324"
        },
        {
            "time": "05.11.2020 11:09",
            "open": "2.3324",
            "high": "2.3324",
            "low": "2.3324",
            "close": "2.3339"
        },
        {
            "time": "05.11.2020 11:14",
            "open": "2.3339",
            "high": "2.3339",
            "low": "2.3339",
            "close": "2.3326"
        },
        {
            "time": "05.11.2020 11:17",
            "open": "2.3326",
            "high": "2.3331",
            "low": "2.3326",
            "close": "2.3264"
        },
        {
            "time": "05.11.2020 11:18",
            "open": "2.3264",
            "high": "2.3264",
            "low": "2.326",
            "close": "2.3262"
        },
        {
            "time": "05.11.2020 11:24",
            "open": "2.3262",
            "high": "2.3262",
            "low": "2.326",
            "close": "2.326"
        },
        {
            "time": "05.11.2020 11:26",
            "open": "2.326",
            "high": "2.326",
            "low": "2.326",
            "close": "2.322"
        },
        {
            "time": "05.11.2020 11:31",
            "open": "2.322",
            "high": "2.3223",
            "low": "2.3191",
            "close": "2.3192"
        },
        {
            "time": "05.11.2020 11:34",
            "open": "2.3192",
            "high": "2.3192",
            "low": "2.3192",
            "close": "2.3192"
        },
        {
            "time": "05.11.2020 11:35",
            "open": "2.3192",
            "high": "2.3192",
            "low": "2.3192",
            "close": "2.3188"
        },
        {
            "time": "05.11.2020 11:38",
            "open": "2.3188",
            "high": "2.3224",
            "low": "2.3169",
            "close": "2.311"
        },
        {
            "time": "05.11.2020 11:39",
            "open": "2.311",
            "high": "2.311",
            "low": "2.3072",
            "close": "2.3085"
        },
        {
            "time": "05.11.2020 11:40",
            "open": "2.3146",
            "high": "2.3146",
            "low": "2.3146",
            "close": "2.3086"
        },
        {
            "time": "05.11.2020 11:41",
            "open": "2.3086",
            "high": "2.3307",
            "low": "2.3086",
            "close": "2.3072"
        },
        {
            "time": "05.11.2020 11:44",
            "open": "2.3072",
            "high": "2.3072",
            "low": "2.3066",
            "close": "2.3076"
        },
        {
            "time": "05.11.2020 11:50",
            "open": "2.3076",
            "high": "2.3076",
            "low": "2.3075",
            "close": "2.3049"
        },
        {
            "time": "05.11.2020 11:53",
            "open": "2.3049",
            "high": "2.305",
            "low": "2.3004",
            "close": "2.3"
        },
        {
            "time": "05.11.2020 11:56",
            "open": "2.3",
            "high": "2.3",
            "low": "2.2977",
            "close": "2.3026"
        },
        {
            "time": "05.11.2020 11:57",
            "open": "2.3026",
            "high": "2.3026",
            "low": "2.3025",
            "close": "2.3031"
        },
        {
            "time": "05.11.2020 11:58",
            "open": "2.3031",
            "high": "2.3031",
            "low": "2.303",
            "close": "2.307"
        },
        {
            "time": "05.11.2020 11:59",
            "open": "2.307",
            "high": "2.307",
            "low": "2.3065",
            "close": "2.3116"
        },
        {
            "time": "05.11.2020 12:00",
            "open": "2.3116",
            "high": "2.3167",
            "low": "2.3116",
            "close": "2.3185"
        },
        {
            "time": "05.11.2020 12:01",
            "open": "2.3185",
            "high": "2.3258",
            "low": "2.3185",
            "close": "2.3268"
        },
        {
            "time": "05.11.2020 12:03",
            "open": "2.3268",
            "high": "2.3337",
            "low": "2.3268",
            "close": "2.3377"
        },
        {
            "time": "05.11.2020 12:04",
            "open": "2.3377",
            "high": "2.3377",
            "low": "2.3377",
            "close": "2.3297"
        },
        {
            "time": "05.11.2020 12:06",
            "open": "2.3297",
            "high": "2.3297",
            "low": "2.3296",
            "close": "2.3349"
        },
        {
            "time": "05.11.2020 12:07",
            "open": "2.3349",
            "high": "2.3349",
            "low": "2.3343",
            "close": "2.3218"
        },
        {
            "time": "05.11.2020 12:11",
            "open": "2.3218",
            "high": "2.3357",
            "low": "2.321",
            "close": "2.3332"
        },
        {
            "time": "05.11.2020 12:12",
            "open": "2.3332",
            "high": "2.3332",
            "low": "2.3332",
            "close": "2.3385"
        },
        {
            "time": "05.11.2020 12:13",
            "open": "2.3385",
            "high": "2.3385",
            "low": "2.337",
            "close": "2.3357"
        },
        {
            "time": "05.11.2020 12:14",
            "open": "2.3357",
            "high": "2.3357",
            "low": "2.3357",
            "close": "2.3294"
        },
        {
            "time": "05.11.2020 12:16",
            "open": "2.3294",
            "high": "2.3294",
            "low": "2.3294",
            "close": "2.3264"
        },
        {
            "time": "05.11.2020 12:18",
            "open": "2.3264",
            "high": "2.3264",
            "low": "2.3259",
            "close": "2.3237"
        },
        {
            "time": "05.11.2020 12:20",
            "open": "2.3237",
            "high": "2.3237",
            "low": "2.3236",
            "close": "2.3209"
        },
        {
            "time": "05.11.2020 12:24",
            "open": "2.3209",
            "high": "2.3209",
            "low": "2.3207",
            "close": "2.3279"
        },
        {
            "time": "05.11.2020 12:36",
            "open": "2.3279",
            "high": "2.3286",
            "low": "2.3279",
            "close": "2.3252"
        },
        {
            "time": "05.11.2020 12:40",
            "open": "2.3252",
            "high": "2.3252",
            "low": "2.3251",
            "close": "2.3345"
        },
        {
            "time": "05.11.2020 12:43",
            "open": "2.3345",
            "high": "2.3345",
            "low": "2.3345",
            "close": "2.3358"
        },
        {
            "time": "05.11.2020 12:44",
            "open": "2.3358",
            "high": "2.3358",
            "low": "2.3358",
            "close": "2.3304"
        },
        {
            "time": "05.11.2020 12:48",
            "open": "2.3304",
            "high": "2.3304",
            "low": "2.3304",
            "close": "2.33"
        },
        {
            "time": "05.11.2020 12:49",
            "open": "2.33",
            "high": "2.33",
            "low": "2.33",
            "close": "2.3272"
        },
        {
            "time": "05.11.2020 12:50",
            "open": "2.3272",
            "high": "2.3272",
            "low": "2.3272",
            "close": "2.3272"
        },
        {
            "time": "05.11.2020 12:52",
            "open": "2.3272",
            "high": "2.3272",
            "low": "2.3272",
            "close": "2.3224"
        },
        {
            "time": "05.11.2020 12:53",
            "open": "2.3224",
            "high": "2.3224",
            "low": "2.32",
            "close": "2.3051"
        },
        {
            "time": "05.11.2020 13:06",
            "open": "2.3051",
            "high": "2.3051",
            "low": "2.305",
            "close": "2.305"
        },
        {
            "time": "05.11.2020 13:08",
            "open": "2.305",
            "high": "2.3091",
            "low": "2.305",
            "close": "2.3127"
        },
        {
            "time": "05.11.2020 13:10",
            "open": "2.309",
            "high": "2.309",
            "low": "2.309",
            "close": "2.3006"
        },
        {
            "time": "05.11.2020 13:12",
            "open": "2.3006",
            "high": "2.3008",
            "low": "2.3005",
            "close": "2.308"
        },
        {
            "time": "05.11.2020 13:14",
            "open": "2.308",
            "high": "2.308",
            "low": "2.3021",
            "close": "2.3039"
        },
        {
            "time": "05.11.2020 13:17",
            "open": "2.3039",
            "high": "2.3046",
            "low": "2.3039",
            "close": "2.3034"
        },
        {
            "time": "05.11.2020 13:18",
            "open": "2.3034",
            "high": "2.3046",
            "low": "2.3",
            "close": "2.2962"
        },
        {
            "time": "05.11.2020 13:21",
            "open": "2.2962",
            "high": "2.2962",
            "low": "2.2958",
            "close": "2.2961"
        },
        {
            "time": "05.11.2020 13:23",
            "open": "2.2961",
            "high": "2.2961",
            "low": "2.293",
            "close": "2.2921"
        },
        {
            "time": "05.11.2020 13:24",
            "open": "2.2921",
            "high": "2.2923",
            "low": "2.2921",
            "close": "2.2904"
        },
        {
            "time": "05.11.2020 13:26",
            "open": "2.2904",
            "high": "2.2904",
            "low": "2.2903",
            "close": "2.2959"
        },
        {
            "time": "05.11.2020 13:28",
            "open": "2.2959",
            "high": "2.2959",
            "low": "2.2959",
            "close": "2.2969"
        },
        {
            "time": "05.11.2020 13:29",
            "open": "2.2969",
            "high": "2.297",
            "low": "2.2969",
            "close": "2.2949"
        },
        {
            "time": "05.11.2020 13:32",
            "open": "2.2949",
            "high": "2.295",
            "low": "2.2949",
            "close": "2.3003"
        },
        {
            "time": "05.11.2020 13:39",
            "open": "2.3003",
            "high": "2.3021",
            "low": "2.3003",
            "close": "2.294"
        },
        {
            "time": "05.11.2020 13:40",
            "open": "2.294",
            "high": "2.294",
            "low": "2.293",
            "close": "2.289"
        },
        {
            "time": "05.11.2020 13:41",
            "open": "2.289",
            "high": "2.289",
            "low": "2.289",
            "close": "2.2856"
        },
        {
            "time": "05.11.2020 13:42",
            "open": "2.2856",
            "high": "2.2856",
            "low": "2.2856",
            "close": "2.2815"
        },
        {
            "time": "05.11.2020 13:43",
            "open": "2.2815",
            "high": "2.2815",
            "low": "2.2785",
            "close": "2.2723"
        },
        {
            "time": "05.11.2020 13:44",
            "open": "2.2723",
            "high": "2.2775",
            "low": "2.2723",
            "close": "2.2819"
        },
        {
            "time": "05.11.2020 13:45",
            "open": "2.2819",
            "high": "2.282",
            "low": "2.2819",
            "close": "2.2897"
        },
        {
            "time": "05.11.2020 13:46",
            "open": "2.2897",
            "high": "2.2947",
            "low": "2.2897",
            "close": "2.2934"
        },
        {
            "time": "05.11.2020 13:49",
            "open": "2.2934",
            "high": "2.2934",
            "low": "2.2925",
            "close": "2.2922"
        },
        {
            "time": "05.11.2020 13:55",
            "open": "2.2922",
            "high": "2.2922",
            "low": "2.2899",
            "close": "2.2847"
        },
        {
            "time": "05.11.2020 13:59",
            "open": "2.2847",
            "high": "2.2847",
            "low": "2.2829",
            "close": "2.284"
        },
        {
            "time": "05.11.2020 14:00",
            "open": "2.284",
            "high": "2.284",
            "low": "2.2829",
            "close": "2.2854"
        },
        {
            "time": "05.11.2020 14:05",
            "open": "2.2854",
            "high": "2.2854",
            "low": "2.2854",
            "close": "2.2787"
        },
        {
            "time": "05.11.2020 14:06",
            "open": "2.2787",
            "high": "2.2787",
            "low": "2.2757",
            "close": "2.2706"
        },
        {
            "time": "05.11.2020 14:08",
            "open": "2.2706",
            "high": "2.2797",
            "low": "2.2706",
            "close": "2.2786"
        },
        {
            "time": "05.11.2020 14:11",
            "open": "2.2786",
            "high": "2.2786",
            "low": "2.2786",
            "close": "2.2799"
        },
        {
            "time": "05.11.2020 14:12",
            "open": "2.2799",
            "high": "2.2799",
            "low": "2.2786",
            "close": "2.2789"
        },
        {
            "time": "05.11.2020 14:14",
            "open": "2.2789",
            "high": "2.2789",
            "low": "2.2789",
            "close": "2.2789"
        },
        {
            "time": "05.11.2020 14:16",
            "open": "2.2789",
            "high": "2.2789",
            "low": "2.2789",
            "close": "2.2802"
        },
        {
            "time": "05.11.2020 14:21",
            "open": "2.2802",
            "high": "2.2802",
            "low": "2.2801",
            "close": "2.2837"
        },
        {
            "time": "05.11.2020 14:22",
            "open": "2.2837",
            "high": "2.2878",
            "low": "2.2837",
            "close": "2.2876"
        },
        {
            "time": "05.11.2020 14:26",
            "open": "2.2876",
            "high": "2.2895",
            "low": "2.287",
            "close": "2.2925"
        },
        {
            "time": "05.11.2020 14:29",
            "open": "2.2925",
            "high": "2.2926",
            "low": "2.2925",
            "close": "2.2907"
        },
        {
            "time": "05.11.2020 14:31",
            "open": "2.2907",
            "high": "2.2908",
            "low": "2.2907",
            "close": "2.3"
        },
        {
            "time": "05.11.2020 14:37",
            "open": "2.3",
            "high": "2.3",
            "low": "2.3",
            "close": "2.3114"
        },
        {
            "time": "05.11.2020 14:38",
            "open": "2.3114",
            "high": "2.313",
            "low": "2.3114",
            "close": "2.319"
        },
        {
            "time": "05.11.2020 14:40",
            "open": "2.319",
            "high": "2.328",
            "low": "2.3159",
            "close": "2.3339"
        },
        {
            "time": "05.11.2020 14:41",
            "open": "2.3339",
            "high": "2.3416",
            "low": "2.3329",
            "close": "2.3416"
        },
        {
            "time": "05.11.2020 14:42",
            "open": "2.3416",
            "high": "2.3416",
            "low": "2.3416",
            "close": "2.3416"
        },
        {
            "time": "05.11.2020 14:43",
            "open": "2.3416",
            "high": "2.3416",
            "low": "2.3359",
            "close": "2.3383"
        },
        {
            "time": "05.11.2020 14:44",
            "open": "2.3383",
            "high": "2.3383",
            "low": "2.3383",
            "close": "2.349"
        },
        {
            "time": "05.11.2020 14:45",
            "open": "2.349",
            "high": "2.3643",
            "low": "2.349",
            "close": "2.3755"
        },
        {
            "time": "05.11.2020 14:49",
            "open": "2.3755",
            "high": "2.3999",
            "low": "2.3755",
            "close": "2.3694"
        },
        {
            "time": "05.11.2020 14:50",
            "open": "2.3694",
            "high": "2.3694",
            "low": "2.3693",
            "close": "2.3604"
        },
        {
            "time": "05.11.2020 14:51",
            "open": "2.3604",
            "high": "2.3604",
            "low": "2.3604",
            "close": "2.3651"
        },
        {
            "time": "05.11.2020 14:52",
            "open": "2.3651",
            "high": "2.3651",
            "low": "2.365",
            "close": "2.3732"
        },
        {
            "time": "05.11.2020 14:56",
            "open": "2.3732",
            "high": "2.3732",
            "low": "2.3709",
            "close": "2.3644"
        },
        {
            "time": "05.11.2020 14:59",
            "open": "2.3644",
            "high": "2.3644",
            "low": "2.3644",
            "close": "2.3719"
        },
        {
            "time": "05.11.2020 15:00",
            "open": "2.3719",
            "high": "2.3719",
            "low": "2.3719",
            "close": "2.389"
        },
        {
            "time": "05.11.2020 15:03",
            "open": "2.389",
            "high": "2.389",
            "low": "2.3887",
            "close": "2.3809"
        },
        {
            "time": "05.11.2020 15:04",
            "open": "2.3809",
            "high": "2.3809",
            "low": "2.3778",
            "close": "2.3756"
        },
        {
            "time": "05.11.2020 15:05",
            "open": "2.3756",
            "high": "2.3756",
            "low": "2.3756",
            "close": "2.3752"
        },
        {
            "time": "05.11.2020 15:06",
            "open": "2.3752",
            "high": "2.3752",
            "low": "2.3752",
            "close": "2.39"
        },
        {
            "time": "05.11.2020 15:08",
            "open": "2.39",
            "high": "2.3928",
            "low": "2.39",
            "close": "2.3947"
        },
        {
            "time": "05.11.2020 15:09",
            "open": "2.3947",
            "high": "2.3947",
            "low": "2.3947",
            "close": "2.3952"
        },
        {
            "time": "05.11.2020 15:10",
            "open": "2.3952",
            "high": "2.3952",
            "low": "2.3951",
            "close": "2.3999"
        },
        {
            "time": "05.11.2020 15:11",
            "open": "2.3999",
            "high": "2.4",
            "low": "2.3999",
            "close": "2.4051"
        },
        {
            "time": "05.11.2020 15:12",
            "open": "2.4051",
            "high": "2.4085",
            "low": "2.3846",
            "close": "2.3833"
        },
        {
            "time": "05.11.2020 15:13",
            "open": "2.3833",
            "high": "2.3833",
            "low": "2.3832",
            "close": "2.398"
        },
        {
            "time": "05.11.2020 15:14",
            "open": "2.3981",
            "high": "2.3985",
            "low": "2.3951",
            "close": "2.3966"
        },
        {
            "time": "05.11.2020 15:15",
            "open": "2.3966",
            "high": "2.4101",
            "low": "2.3945",
            "close": "2.41"
        },
        {
            "time": "05.11.2020 15:16",
            "open": "2.41",
            "high": "2.4103",
            "low": "2.41",
            "close": "2.4104"
        },
        {
            "time": "05.11.2020 15:17",
            "open": "2.4104",
            "high": "2.4104",
            "low": "2.4079",
            "close": "2.4092"
        },
        {
            "time": "05.11.2020 15:18",
            "open": "2.4092",
            "high": "2.43",
            "low": "2.4092",
            "close": "2.43"
        },
        {
            "time": "05.11.2020 15:19",
            "open": "2.43",
            "high": "2.4379",
            "low": "2.43",
            "close": "2.431"
        },
        {
            "time": "05.11.2020 15:22",
            "open": "2.431",
            "high": "2.4312",
            "low": "2.4296",
            "close": "2.4382"
        },
        {
            "time": "05.11.2020 15:23",
            "open": "2.4382",
            "high": "2.4384",
            "low": "2.4382",
            "close": "2.4323"
        },
        {
            "time": "05.11.2020 15:27",
            "open": "2.4323",
            "high": "2.4323",
            "low": "2.4318",
            "close": "2.441"
        },
        {
            "time": "05.11.2020 15:28",
            "open": "2.441",
            "high": "2.45",
            "low": "2.441",
            "close": "2.4459"
        },
        {
            "time": "05.11.2020 15:30",
            "open": "2.4459",
            "high": "2.446",
            "low": "2.4381",
            "close": "2.4401"
        },
        {
            "time": "05.11.2020 15:31",
            "open": "2.4401",
            "high": "2.4401",
            "low": "2.4375",
            "close": "2.4389"
        },
        {
            "time": "05.11.2020 15:32",
            "open": "2.4389",
            "high": "2.4389",
            "low": "2.435",
            "close": "2.4266"
        },
        {
            "time": "05.11.2020 15:33",
            "open": "2.4266",
            "high": "2.4274",
            "low": "2.4266",
            "close": "2.4185"
        },
        {
            "time": "05.11.2020 15:34",
            "open": "2.4185",
            "high": "2.4211",
            "low": "2.4185",
            "close": "2.4164"
        },
        {
            "time": "05.11.2020 15:35",
            "open": "2.4164",
            "high": "2.4164",
            "low": "2.4164",
            "close": "2.425"
        },
        {
            "time": "05.11.2020 15:37",
            "open": "2.425",
            "high": "2.4301",
            "low": "2.425",
            "close": "2.4413"
        },
        {
            "time": "05.11.2020 15:39",
            "open": "2.4413",
            "high": "2.4426",
            "low": "2.4413",
            "close": "2.445"
        },
        {
            "time": "05.11.2020 15:41",
            "open": "2.445",
            "high": "2.4538",
            "low": "2.445",
            "close": "2.4452"
        },
        {
            "time": "05.11.2020 15:42",
            "open": "2.4452",
            "high": "2.4474",
            "low": "2.4434",
            "close": "2.4573"
        },
        {
            "time": "05.11.2020 15:43",
            "open": "2.4573",
            "high": "2.4573",
            "low": "2.4558",
            "close": "2.4554"
        },
        {
            "time": "05.11.2020 15:44",
            "open": "2.4554",
            "high": "2.4554",
            "low": "2.4553",
            "close": "2.4572"
        },
        {
            "time": "05.11.2020 15:45",
            "open": "2.4572",
            "high": "2.461",
            "low": "2.4521",
            "close": "2.4628"
        },
        {
            "time": "05.11.2020 15:46",
            "open": "2.4628",
            "high": "2.465",
            "low": "2.4628",
            "close": "2.4512"
        },
        {
            "time": "05.11.2020 15:47",
            "open": "2.4512",
            "high": "2.4512",
            "low": "2.4452",
            "close": "2.4452"
        },
        {
            "time": "05.11.2020 15:48",
            "open": "2.4452",
            "high": "2.4453",
            "low": "2.4445",
            "close": "2.4426"
        },
        {
            "time": "05.11.2020 15:49",
            "open": "2.4426",
            "high": "2.4431",
            "low": "2.4426",
            "close": "2.4483"
        },
        {
            "time": "05.11.2020 15:50",
            "open": "2.4483",
            "high": "2.4483",
            "low": "2.4483",
            "close": "2.4393"
        },
        {
            "time": "05.11.2020 15:51",
            "open": "2.4393",
            "high": "2.4393",
            "low": "2.4393",
            "close": "2.4415"
        },
        {
            "time": "05.11.2020 15:53",
            "open": "2.4415",
            "high": "2.4468",
            "low": "2.4404",
            "close": "2.4499"
        },
        {
            "time": "05.11.2020 15:54",
            "open": "2.4499",
            "high": "2.4533",
            "low": "2.4499",
            "close": "2.4663"
        },
        {
            "time": "05.11.2020 15:56",
            "open": "2.4663",
            "high": "2.47",
            "low": "2.4663",
            "close": "2.4639"
        },
        {
            "time": "05.11.2020 15:57",
            "open": "2.4639",
            "high": "2.4661",
            "low": "2.4627",
            "close": "2.4627"
        },
        {
            "time": "05.11.2020 15:59",
            "open": "2.4627",
            "high": "2.4627",
            "low": "2.4627",
            "close": "2.4593"
        },
        {
            "time": "05.11.2020 16:00",
            "open": "2.4593",
            "high": "2.4627",
            "low": "2.4566",
            "close": "2.4642"
        },
        {
            "time": "05.11.2020 16:01",
            "open": "2.4642",
            "high": "2.4642",
            "low": "2.4613",
            "close": "2.4656"
        },
        {
            "time": "05.11.2020 16:02",
            "open": "2.4656",
            "high": "2.4657",
            "low": "2.4656",
            "close": "2.47"
        },
        {
            "time": "05.11.2020 16:03",
            "open": "2.47",
            "high": "2.4892",
            "low": "2.47",
            "close": "2.49"
        },
        {
            "time": "05.11.2020 16:04",
            "open": "2.49",
            "high": "2.5119",
            "low": "2.49",
            "close": "2.5014"
        },
        {
            "time": "05.11.2020 16:05",
            "open": "2.5014",
            "high": "2.5019",
            "low": "2.4936",
            "close": "2.5006"
        },
        {
            "time": "05.11.2020 16:06",
            "open": "2.5006",
            "high": "2.5051",
            "low": "2.4997",
            "close": "2.4952"
        },
        {
            "time": "05.11.2020 16:07",
            "open": "2.4952",
            "high": "2.5055",
            "low": "2.4952",
            "close": "2.4958"
        },
        {
            "time": "05.11.2020 16:09",
            "open": "2.4958",
            "high": "2.4958",
            "low": "2.4958",
            "close": "2.4953"
        },
        {
            "time": "05.11.2020 16:10",
            "open": "2.4953",
            "high": "2.5",
            "low": "2.4953",
            "close": "2.5088"
        },
        {
            "time": "05.11.2020 16:12",
            "open": "2.5088",
            "high": "2.5196",
            "low": "2.5088",
            "close": "2.5109"
        },
        {
            "time": "05.11.2020 16:13",
            "open": "2.5109",
            "high": "2.5109",
            "low": "2.4941",
            "close": "2.4917"
        },
        {
            "time": "05.11.2020 16:14",
            "open": "2.4917",
            "high": "2.5132",
            "low": "2.4917",
            "close": "2.4999"
        },
        {
            "time": "05.11.2020 16:15",
            "open": "2.4999",
            "high": "2.5025",
            "low": "2.4999",
            "close": "2.4995"
        },
        {
            "time": "05.11.2020 16:16",
            "open": "2.4995",
            "high": "2.5065",
            "low": "2.4995",
            "close": "2.4851"
        },
        {
            "time": "05.11.2020 16:17",
            "open": "2.4851",
            "high": "2.5047",
            "low": "2.4851",
            "close": "2.4831"
        },
        {
            "time": "05.11.2020 16:18",
            "open": "2.4831",
            "high": "2.4831",
            "low": "2.4831",
            "close": "2.4846"
        },
        {
            "time": "05.11.2020 16:19",
            "open": "2.4846",
            "high": "2.4851",
            "low": "2.4846",
            "close": "2.4845"
        },
        {
            "time": "05.11.2020 16:20",
            "open": "2.4845",
            "high": "2.4846",
            "low": "2.4845",
            "close": "2.4847"
        },
        {
            "time": "05.11.2020 16:21",
            "open": "2.4847",
            "high": "2.4933",
            "low": "2.4763",
            "close": "2.5021"
        },
        {
            "time": "05.11.2020 16:22",
            "open": "2.5021",
            "high": "2.5021",
            "low": "2.5021",
            "close": "2.4957"
        },
        {
            "time": "05.11.2020 16:23",
            "open": "2.4957",
            "high": "2.4957",
            "low": "2.491",
            "close": "2.4869"
        },
        {
            "time": "05.11.2020 16:24",
            "open": "2.4869",
            "high": "2.4869",
            "low": "2.4868",
            "close": "2.4835"
        },
        {
            "time": "05.11.2020 16:25",
            "open": "2.4835",
            "high": "2.4835",
            "low": "2.4714",
            "close": "2.4654"
        },
        {
            "time": "05.11.2020 16:26",
            "open": "2.4654",
            "high": "2.4654",
            "low": "2.4492",
            "close": "2.4623"
        },
        {
            "time": "05.11.2020 16:27",
            "open": "2.4623",
            "high": "2.4722",
            "low": "2.4623",
            "close": "2.4712"
        },
        {
            "time": "05.11.2020 16:28",
            "open": "2.4712",
            "high": "2.4712",
            "low": "2.4712",
            "close": "2.4791"
        },
        {
            "time": "05.11.2020 16:29",
            "open": "2.4791",
            "high": "2.4797",
            "low": "2.4791",
            "close": "2.4755"
        },
        {
            "time": "05.11.2020 16:30",
            "open": "2.4755",
            "high": "2.4755",
            "low": "2.4755",
            "close": "2.4732"
        },
        {
            "time": "05.11.2020 16:31",
            "open": "2.4732",
            "high": "2.4732",
            "low": "2.4731",
            "close": "2.4731"
        },
        {
            "time": "05.11.2020 16:32",
            "open": "2.4731",
            "high": "2.4732",
            "low": "2.4477",
            "close": "2.4563"
        },
        {
            "time": "05.11.2020 16:33",
            "open": "2.4563",
            "high": "2.4563",
            "low": "2.4477",
            "close": "2.459"
        },
        {
            "time": "05.11.2020 16:35",
            "open": "2.459",
            "high": "2.4591",
            "low": "2.4545",
            "close": "2.4525"
        },
        {
            "time": "05.11.2020 16:36",
            "open": "2.4525",
            "high": "2.4717",
            "low": "2.4525",
            "close": "2.4604"
        },
        {
            "time": "05.11.2020 16:38",
            "open": "2.4604",
            "high": "2.4604",
            "low": "2.4604",
            "close": "2.4595"
        },
        {
            "time": "05.11.2020 16:39",
            "open": "2.4595",
            "high": "2.4595",
            "low": "2.4595",
            "close": "2.461"
        },
        {
            "time": "05.11.2020 16:40",
            "open": "2.461",
            "high": "2.461",
            "low": "2.461",
            "close": "2.4606"
        },
        {
            "time": "05.11.2020 16:43",
            "open": "2.4606",
            "high": "2.4655",
            "low": "2.4606",
            "close": "2.4668"
        },
        {
            "time": "05.11.2020 16:45",
            "open": "2.4668",
            "high": "2.4668",
            "low": "2.4668",
            "close": "2.4624"
        },
        {
            "time": "05.11.2020 16:48",
            "open": "2.4624",
            "high": "2.4624",
            "low": "2.4624",
            "close": "2.4583"
        },
        {
            "time": "05.11.2020 16:49",
            "open": "2.4583",
            "high": "2.4583",
            "low": "2.4583",
            "close": "2.4475"
        },
        {
            "time": "05.11.2020 16:50",
            "open": "2.4475",
            "high": "2.4475",
            "low": "2.4401",
            "close": "2.442"
        },
        {
            "time": "05.11.2020 16:51",
            "open": "2.442",
            "high": "2.442",
            "low": "2.4402",
            "close": "2.4554"
        },
        {
            "time": "05.11.2020 16:53",
            "open": "2.4554",
            "high": "2.4554",
            "low": "2.4382",
            "close": "2.4355"
        },
        {
            "time": "05.11.2020 16:55",
            "open": "2.4355",
            "high": "2.4355",
            "low": "2.4355",
            "close": "2.4332"
        },
        {
            "time": "05.11.2020 16:56",
            "open": "2.4314",
            "high": "2.4314",
            "low": "2.4314",
            "close": "2.4369"
        },
        {
            "time": "05.11.2020 16:57",
            "open": "2.4369",
            "high": "2.4369",
            "low": "2.4369",
            "close": "2.4368"
        },
        {
            "time": "05.11.2020 16:59",
            "open": "2.4368",
            "high": "2.4375",
            "low": "2.4368",
            "close": "2.4513"
        },
        {
            "time": "05.11.2020 17:00",
            "open": "2.4513",
            "high": "2.4633",
            "low": "2.4513",
            "close": "2.4732"
        },
        {
            "time": "05.11.2020 17:01",
            "open": "2.4732",
            "high": "2.476",
            "low": "2.4653",
            "close": "2.4747"
        },
        {
            "time": "05.11.2020 17:03",
            "open": "2.4747",
            "high": "2.4747",
            "low": "2.4586",
            "close": "2.4502"
        },
        {
            "time": "05.11.2020 17:04",
            "open": "2.4502",
            "high": "2.4502",
            "low": "2.4502",
            "close": "2.4492"
        },
        {
            "time": "05.11.2020 17:06",
            "open": "2.4492",
            "high": "2.4492",
            "low": "2.4492",
            "close": "2.452"
        },
        {
            "time": "05.11.2020 17:07",
            "open": "2.452",
            "high": "2.4594",
            "low": "2.452",
            "close": "2.4641"
        },
        {
            "time": "05.11.2020 17:08",
            "open": "2.4641",
            "high": "2.4644",
            "low": "2.4637",
            "close": "2.4761"
        },
        {
            "time": "05.11.2020 17:19",
            "open": "2.4761",
            "high": "2.4761",
            "low": "2.4761",
            "close": "2.4762"
        },
        {
            "time": "05.11.2020 17:20",
            "open": "2.4762",
            "high": "2.4763",
            "low": "2.4762",
            "close": "2.4738"
        },
        {
            "time": "05.11.2020 17:22",
            "open": "2.4738",
            "high": "2.4755",
            "low": "2.4693",
            "close": "2.4552"
        },
        {
            "time": "05.11.2020 17:23",
            "open": "2.4552",
            "high": "2.4552",
            "low": "2.455",
            "close": "2.4604"
        },
        {
            "time": "05.11.2020 17:25",
            "open": "2.4604",
            "high": "2.4604",
            "low": "2.4604",
            "close": "2.4657"
        },
        {
            "time": "05.11.2020 17:27",
            "open": "2.4657",
            "high": "2.4657",
            "low": "2.4656",
            "close": "2.4719"
        },
        {
            "time": "05.11.2020 17:29",
            "open": "2.4719",
            "high": "2.4719",
            "low": "2.4718",
            "close": "2.4733"
        },
        {
            "time": "05.11.2020 17:32",
            "open": "2.4733",
            "high": "2.4733",
            "low": "2.4733",
            "close": "2.4756"
        },
        {
            "time": "05.11.2020 17:37",
            "open": "2.4756",
            "high": "2.4756",
            "low": "2.4756",
            "close": "2.4733"
        },
        {
            "time": "05.11.2020 17:38",
            "open": "2.4733",
            "high": "2.4733",
            "low": "2.4684",
            "close": "2.4805"
        },
        {
            "time": "05.11.2020 17:42",
            "open": "2.4805",
            "high": "2.4805",
            "low": "2.4805",
            "close": "2.488"
        },
        {
            "time": "05.11.2020 17:43",
            "open": "2.488",
            "high": "2.4892",
            "low": "2.488",
            "close": "2.4785"
        },
        {
            "time": "05.11.2020 17:45",
            "open": "2.4785",
            "high": "2.48",
            "low": "2.4785",
            "close": "2.4785"
        },
        {
            "time": "05.11.2020 17:47",
            "open": "2.4785",
            "high": "2.4787",
            "low": "2.4785",
            "close": "2.4725"
        },
        {
            "time": "05.11.2020 17:48",
            "open": "2.4725",
            "high": "2.4725",
            "low": "2.4658",
            "close": "2.4628"
        },
        {
            "time": "05.11.2020 17:51",
            "open": "2.4628",
            "high": "2.4628",
            "low": "2.4591",
            "close": "2.462"
        },
        {
            "time": "05.11.2020 17:54",
            "open": "2.462",
            "high": "2.462",
            "low": "2.462",
            "close": "2.471"
        },
        {
            "time": "05.11.2020 17:57",
            "open": "2.471",
            "high": "2.4936",
            "low": "2.471",
            "close": "2.4911"
        },
        {
            "time": "05.11.2020 17:58",
            "open": "2.4911",
            "high": "2.4911",
            "low": "2.485",
            "close": "2.4839"
        },
        {
            "time": "05.11.2020 17:59",
            "open": "2.4839",
            "high": "2.4839",
            "low": "2.4839",
            "close": "2.4839"
        },
        {
            "time": "05.11.2020 18:02",
            "open": "2.4839",
            "high": "2.4839",
            "low": "2.4839",
            "close": "2.4839"
        },
        {
            "time": "05.11.2020 18:05",
            "open": "2.4839",
            "high": "2.4839",
            "low": "2.4839",
            "close": "2.4809"
        },
        {
            "time": "05.11.2020 18:06",
            "open": "2.4809",
            "high": "2.4809",
            "low": "2.4724",
            "close": "2.4686"
        },
        {
            "time": "05.11.2020 18:09",
            "open": "2.4686",
            "high": "2.4686",
            "low": "2.4686",
            "close": "2.4649"
        },
        {
            "time": "05.11.2020 18:11",
            "open": "2.4649",
            "high": "2.4649",
            "low": "2.4649",
            "close": "2.4563"
        },
        {
            "time": "05.11.2020 18:14",
            "open": "2.4563",
            "high": "2.4563",
            "low": "2.4562",
            "close": "2.4622"
        },
        {
            "time": "05.11.2020 18:15",
            "open": "2.4622",
            "high": "2.4622",
            "low": "2.4622",
            "close": "2.4626"
        },
        {
            "time": "05.11.2020 18:16",
            "open": "2.4626",
            "high": "2.4626",
            "low": "2.4626",
            "close": "2.4575"
        },
        {
            "time": "05.11.2020 18:25",
            "open": "2.4575",
            "high": "2.4575",
            "low": "2.4575",
            "close": "2.4533"
        },
        {
            "time": "05.11.2020 18:26",
            "open": "2.4533",
            "high": "2.4568",
            "low": "2.4533",
            "close": "2.4489"
        },
        {
            "time": "05.11.2020 18:29",
            "open": "2.4489",
            "high": "2.4489",
            "low": "2.4456",
            "close": "2.4443"
        },
        {
            "time": "05.11.2020 18:30",
            "open": "2.4443",
            "high": "2.4444",
            "low": "2.4306",
            "close": "2.424"
        },
        {
            "time": "05.11.2020 18:31",
            "open": "2.424",
            "high": "2.424",
            "low": "2.415",
            "close": "2.4373"
        },
        {
            "time": "05.11.2020 18:33",
            "open": "2.4373",
            "high": "2.4448",
            "low": "2.4373",
            "close": "2.4345"
        },
        {
            "time": "05.11.2020 18:34",
            "open": "2.4345",
            "high": "2.4345",
            "low": "2.4345",
            "close": "2.4273"
        },
        {
            "time": "05.11.2020 18:36",
            "open": "2.4273",
            "high": "2.4273",
            "low": "2.4245",
            "close": "2.4326"
        },
        {
            "time": "05.11.2020 18:38",
            "open": "2.4326",
            "high": "2.4326",
            "low": "2.4326",
            "close": "2.4407"
        },
        {
            "time": "05.11.2020 18:42",
            "open": "2.4407",
            "high": "2.4407",
            "low": "2.4407",
            "close": "2.445"
        },
        {
            "time": "05.11.2020 18:43",
            "open": "2.445",
            "high": "2.445",
            "low": "2.437",
            "close": "2.4356"
        },
        {
            "time": "05.11.2020 18:44",
            "open": "2.4356",
            "high": "2.4356",
            "low": "2.4356",
            "close": "2.4347"
        },
        {
            "time": "05.11.2020 18:50",
            "open": "2.445",
            "high": "2.445",
            "low": "2.445",
            "close": "2.4431"
        },
        {
            "time": "05.11.2020 18:55",
            "open": "2.4431",
            "high": "2.4431",
            "low": "2.4431",
            "close": "2.4399"
        },
        {
            "time": "05.11.2020 18:57",
            "open": "2.4399",
            "high": "2.4399",
            "low": "2.4399",
            "close": "2.4441"
        },
        {
            "time": "05.11.2020 18:58",
            "open": "2.4441",
            "high": "2.4441",
            "low": "2.4441",
            "close": "2.4479"
        },
        {
            "time": "05.11.2020 19:00",
            "open": "2.4479",
            "high": "2.4533",
            "low": "2.4479",
            "close": "2.4551"
        },
        {
            "time": "05.11.2020 19:05",
            "open": "2.4551",
            "high": "2.4551",
            "low": "2.4551",
            "close": "2.4437"
        },
        {
            "time": "05.11.2020 19:07",
            "open": "2.4437",
            "high": "2.4468",
            "low": "2.4432",
            "close": "2.4419"
        },
        {
            "time": "05.11.2020 19:08",
            "open": "2.4419",
            "high": "2.4419",
            "low": "2.4419",
            "close": "2.4439"
        },
        {
            "time": "05.11.2020 19:10",
            "open": "2.4439",
            "high": "2.4439",
            "low": "2.4439",
            "close": "2.4573"
        },
        {
            "time": "05.11.2020 19:11",
            "open": "2.4573",
            "high": "2.4573",
            "low": "2.4573",
            "close": "2.4576"
        },
        {
            "time": "05.11.2020 19:12",
            "open": "2.4576",
            "high": "2.4576",
            "low": "2.4573",
            "close": "2.4602"
        },
        {
            "time": "05.11.2020 19:13",
            "open": "2.4602",
            "high": "2.4602",
            "low": "2.4599",
            "close": "2.4725"
        },
        {
            "time": "05.11.2020 19:14",
            "open": "2.4725",
            "high": "2.4732",
            "low": "2.4725",
            "close": "2.4835"
        },
        {
            "time": "05.11.2020 19:15",
            "open": "2.4835",
            "high": "2.4892",
            "low": "2.4817",
            "close": "2.4802"
        },
        {
            "time": "05.11.2020 19:18",
            "open": "2.4802",
            "high": "2.4802",
            "low": "2.4713",
            "close": "2.4664"
        },
        {
            "time": "05.11.2020 19:19",
            "open": "2.4664",
            "high": "2.4762",
            "low": "2.4664",
            "close": "2.4635"
        },
        {
            "time": "05.11.2020 19:20",
            "open": "2.4635",
            "high": "2.4635",
            "low": "2.4514",
            "close": "2.4506"
        },
        {
            "time": "05.11.2020 19:21",
            "open": "2.4506",
            "high": "2.4564",
            "low": "2.4489",
            "close": "2.4626"
        },
        {
            "time": "05.11.2020 19:22",
            "open": "2.4626",
            "high": "2.4628",
            "low": "2.4581",
            "close": "2.4662"
        },
        {
            "time": "05.11.2020 19:23",
            "open": "2.4662",
            "high": "2.488",
            "low": "2.4662",
            "close": "2.4733"
        },
        {
            "time": "05.11.2020 19:24",
            "open": "2.4733",
            "high": "2.4757",
            "low": "2.4733",
            "close": "2.4845"
        },
        {
            "time": "05.11.2020 19:25",
            "open": "2.4845",
            "high": "2.4845",
            "low": "2.4691",
            "close": "2.4631"
        },
        {
            "time": "05.11.2020 19:26",
            "open": "2.4631",
            "high": "2.4631",
            "low": "2.4631",
            "close": "2.461"
        },
        {
            "time": "05.11.2020 19:27",
            "open": "2.461",
            "high": "2.461",
            "low": "2.4517",
            "close": "2.4502"
        },
        {
            "time": "05.11.2020 19:28",
            "open": "2.4502",
            "high": "2.4504",
            "low": "2.4502",
            "close": "2.4401"
        },
        {
            "time": "05.11.2020 19:45",
            "open": "2.4401",
            "high": "2.4401",
            "low": "2.439",
            "close": "2.4511"
        },
        {
            "time": "05.11.2020 19:46",
            "open": "2.4511",
            "high": "2.4512",
            "low": "2.4511",
            "close": "2.4482"
        },
        {
            "time": "05.11.2020 19:59",
            "open": "2.4482",
            "high": "2.4566",
            "low": "2.4475",
            "close": "2.4508"
        },
        {
            "time": "05.11.2020 20:00",
            "open": "2.4508",
            "high": "2.4508",
            "low": "2.4505",
            "close": "2.4497"
        },
        {
            "time": "05.11.2020 20:01",
            "open": "2.4497",
            "high": "2.4497",
            "low": "2.4496",
            "close": "2.4416"
        },
        {
            "time": "05.11.2020 20:03",
            "open": "2.4416",
            "high": "2.4416",
            "low": "2.4416",
            "close": "2.4455"
        },
        {
            "time": "05.11.2020 20:08",
            "open": "2.4455",
            "high": "2.4455",
            "low": "2.4455",
            "close": "2.4511"
        },
        {
            "time": "05.11.2020 20:11",
            "open": "2.4511",
            "high": "2.4789",
            "low": "2.4511",
            "close": "2.4722"
        },
        {
            "time": "05.11.2020 20:12",
            "open": "2.4722",
            "high": "2.4722",
            "low": "2.4689",
            "close": "2.4657"
        },
        {
            "time": "05.11.2020 20:13",
            "open": "2.4657",
            "high": "2.4795",
            "low": "2.4657",
            "close": "2.4632"
        },
        {
            "time": "05.11.2020 20:14",
            "open": "2.4632",
            "high": "2.4646",
            "low": "2.4456",
            "close": "2.4728"
        },
        {
            "time": "05.11.2020 20:15",
            "open": "2.4728",
            "high": "2.4728",
            "low": "2.4642",
            "close": "2.4579"
        },
        {
            "time": "05.11.2020 20:16",
            "open": "2.4579",
            "high": "2.4579",
            "low": "2.4579",
            "close": "2.4567"
        },
        {
            "time": "05.11.2020 20:17",
            "open": "2.4567",
            "high": "2.4579",
            "low": "2.4555",
            "close": "2.4689"
        },
        {
            "time": "05.11.2020 20:18",
            "open": "2.4689",
            "high": "2.4776",
            "low": "2.4599",
            "close": "2.4696"
        },
        {
            "time": "05.11.2020 20:19",
            "open": "2.4696",
            "high": "2.4696",
            "low": "2.4695",
            "close": "2.4782"
        },
        {
            "time": "05.11.2020 20:20",
            "open": "2.4782",
            "high": "2.4782",
            "low": "2.4782",
            "close": "2.4756"
        },
        {
            "time": "05.11.2020 20:21",
            "open": "2.4756",
            "high": "2.4756",
            "low": "2.4753",
            "close": "2.4839"
        },
        {
            "time": "05.11.2020 20:22",
            "open": "2.4839",
            "high": "2.4839",
            "low": "2.4839",
            "close": "2.48"
        },
        {
            "time": "05.11.2020 20:24",
            "open": "2.48",
            "high": "2.48",
            "low": "2.4753",
            "close": "2.4798"
        },
        {
            "time": "05.11.2020 20:25",
            "open": "2.4798",
            "high": "2.4819",
            "low": "2.4798",
            "close": "2.476"
        },
        {
            "time": "05.11.2020 20:26",
            "open": "2.476",
            "high": "2.4761",
            "low": "2.476",
            "close": "2.4701"
        },
        {
            "time": "05.11.2020 20:27",
            "open": "2.4701",
            "high": "2.4728",
            "low": "2.4701",
            "close": "2.4714"
        },
        {
            "time": "05.11.2020 20:28",
            "open": "2.4714",
            "high": "2.4714",
            "low": "2.4714",
            "close": "2.4759"
        },
        {
            "time": "05.11.2020 20:30",
            "open": "2.4759",
            "high": "2.4759",
            "low": "2.4758",
            "close": "2.4571"
        },
        {
            "time": "05.11.2020 20:40",
            "open": "2.4571",
            "high": "2.4571",
            "low": "2.457",
            "close": "2.4477"
        },
        {
            "time": "05.11.2020 20:44",
            "open": "2.4477",
            "high": "2.4477",
            "low": "2.4476",
            "close": "2.4469"
        },
        {
            "time": "05.11.2020 20:45",
            "open": "2.4469",
            "high": "2.4536",
            "low": "2.4469",
            "close": "2.4544"
        },
        {
            "time": "05.11.2020 20:46",
            "open": "2.4544",
            "high": "2.4544",
            "low": "2.4544",
            "close": "2.4493"
        },
        {
            "time": "05.11.2020 20:48",
            "open": "2.4493",
            "high": "2.4493",
            "low": "2.448",
            "close": "2.4451"
        },
        {
            "time": "05.11.2020 20:50",
            "open": "2.4451",
            "high": "2.4451",
            "low": "2.4451",
            "close": "2.4382"
        },
        {
            "time": "05.11.2020 20:52",
            "open": "2.4382",
            "high": "2.4382",
            "low": "2.4371",
            "close": "2.4371"
        },
        {
            "time": "05.11.2020 21:04",
            "open": "2.4371",
            "high": "2.4371",
            "low": "2.4371",
            "close": "2.4385"
        },
        {
            "time": "05.11.2020 21:05",
            "open": "2.4385",
            "high": "2.4385",
            "low": "2.4385",
            "close": "2.4412"
        },
        {
            "time": "05.11.2020 21:06",
            "open": "2.4412",
            "high": "2.4413",
            "low": "2.43",
            "close": "2.4317"
        },
        {
            "time": "05.11.2020 21:09",
            "open": "2.4317",
            "high": "2.4317",
            "low": "2.4317",
            "close": "2.4316"
        },
        {
            "time": "05.11.2020 21:18",
            "open": "2.4316",
            "high": "2.4317",
            "low": "2.4316",
            "close": "2.427"
        },
        {
            "time": "05.11.2020 21:26",
            "open": "2.427",
            "high": "2.427",
            "low": "2.427",
            "close": "2.427"
        },
        {
            "time": "05.11.2020 21:27",
            "open": "2.427",
            "high": "2.427",
            "low": "2.427",
            "close": "2.4298"
        },
        {
            "time": "05.11.2020 21:28",
            "open": "2.4298",
            "high": "2.4368",
            "low": "2.4298",
            "close": "2.443"
        },
        {
            "time": "05.11.2020 21:29",
            "open": "2.443",
            "high": "2.443",
            "low": "2.443",
            "close": "2.4445"
        },
        {
            "time": "05.11.2020 21:30",
            "open": "2.4445",
            "high": "2.4446",
            "low": "2.4445",
            "close": "2.4458"
        },
        {
            "time": "05.11.2020 21:31",
            "open": "2.4458",
            "high": "2.4458",
            "low": "2.4458",
            "close": "2.4376"
        },
        {
            "time": "05.11.2020 21:35",
            "open": "2.4376",
            "high": "2.4376",
            "low": "2.4376",
            "close": "2.4397"
        },
        {
            "time": "05.11.2020 21:36",
            "open": "2.4397",
            "high": "2.4397",
            "low": "2.4397",
            "close": "2.4473"
        },
        {
            "time": "05.11.2020 21:41",
            "open": "2.4473",
            "high": "2.4478",
            "low": "2.4473",
            "close": "2.4424"
        },
        {
            "time": "05.11.2020 21:42",
            "open": "2.4424",
            "high": "2.4424",
            "low": "2.4424",
            "close": "2.4366"
        },
        {
            "time": "05.11.2020 21:47",
            "open": "2.4366",
            "high": "2.4366",
            "low": "2.4366",
            "close": "2.4316"
        },
        {
            "time": "05.11.2020 21:50",
            "open": "2.4316",
            "high": "2.4366",
            "low": "2.4316",
            "close": "2.434"
        },
        {
            "time": "05.11.2020 21:53",
            "open": "2.434",
            "high": "2.435",
            "low": "2.434",
            "close": "2.4349"
        },
        {
            "time": "05.11.2020 21:54",
            "open": "2.4349",
            "high": "2.435",
            "low": "2.4349",
            "close": "2.4349"
        },
        {
            "time": "05.11.2020 21:58",
            "open": "2.4349",
            "high": "2.436",
            "low": "2.4349",
            "close": "2.435"
        },
        {
            "time": "05.11.2020 22:00",
            "open": "2.435",
            "high": "2.435",
            "low": "2.4311",
            "close": "2.4299"
        },
        {
            "time": "05.11.2020 22:05",
            "open": "2.4299",
            "high": "2.431",
            "low": "2.4298",
            "close": "2.4279"
        },
        {
            "time": "05.11.2020 22:09",
            "open": "2.4279",
            "high": "2.4279",
            "low": "2.4279",
            "close": "2.4334"
        },
        {
            "time": "05.11.2020 22:10",
            "open": "2.4334",
            "high": "2.4334",
            "low": "2.4334",
            "close": "2.4329"
        },
        {
            "time": "05.11.2020 22:14",
            "open": "2.4329",
            "high": "2.4329",
            "low": "2.4329",
            "close": "2.4293"
        },
        {
            "time": "05.11.2020 22:15",
            "open": "2.4293",
            "high": "2.4293",
            "low": "2.4286",
            "close": "2.433"
        },
        {
            "time": "05.11.2020 22:20",
            "open": "2.433",
            "high": "2.433",
            "low": "2.433",
            "close": "2.424"
        },
        {
            "time": "05.11.2020 22:22",
            "open": "2.424",
            "high": "2.424",
            "low": "2.424",
            "close": "2.4201"
        },
        {
            "time": "05.11.2020 22:25",
            "open": "2.4201",
            "high": "2.4201",
            "low": "2.42",
            "close": "2.4215"
        },
        {
            "time": "05.11.2020 22:26",
            "open": "2.4215",
            "high": "2.4215",
            "low": "2.4215",
            "close": "2.4176"
        },
        {
            "time": "05.11.2020 22:29",
            "open": "2.4176",
            "high": "2.4176",
            "low": "2.4176",
            "close": "2.4184"
        },
        {
            "time": "05.11.2020 22:31",
            "open": "2.4184",
            "high": "2.4184",
            "low": "2.4184",
            "close": "2.4237"
        },
        {
            "time": "05.11.2020 22:35",
            "open": "2.4237",
            "high": "2.4238",
            "low": "2.4237",
            "close": "2.4255"
        },
        {
            "time": "05.11.2020 22:37",
            "open": "2.4255",
            "high": "2.4295",
            "low": "2.4254",
            "close": "2.4326"
        },
        {
            "time": "05.11.2020 22:39",
            "open": "2.4326",
            "high": "2.4334",
            "low": "2.4325",
            "close": "2.4333"
        },
        {
            "time": "05.11.2020 22:42",
            "open": "2.4333",
            "high": "2.4333",
            "low": "2.4333",
            "close": "2.4324"
        },
        {
            "time": "05.11.2020 22:53",
            "open": "2.4324",
            "high": "2.4324",
            "low": "2.4324",
            "close": "2.4263"
        },
        {
            "time": "05.11.2020 22:56",
            "open": "2.4263",
            "high": "2.4263",
            "low": "2.4263",
            "close": "2.429"
        },
        {
            "time": "05.11.2020 22:59",
            "open": "2.429",
            "high": "2.429",
            "low": "2.429",
            "close": "2.4314"
        },
        {
            "time": "05.11.2020 23:01",
            "open": "2.4314",
            "high": "2.4315",
            "low": "2.4314",
            "close": "2.4269"
        },
        {
            "time": "05.11.2020 23:02",
            "open": "2.4269",
            "high": "2.4269",
            "low": "2.425",
            "close": "2.4282"
        },
        {
            "time": "05.11.2020 23:03",
            "open": "2.4282",
            "high": "2.4282",
            "low": "2.4282",
            "close": "2.4293"
        },
        {
            "time": "05.11.2020 23:05",
            "open": "2.4293",
            "high": "2.4298",
            "low": "2.4293",
            "close": "2.4291"
        },
        {
            "time": "05.11.2020 23:06",
            "open": "2.4291",
            "high": "2.4293",
            "low": "2.4291",
            "close": "2.425"
        },
        {
            "time": "05.11.2020 23:09",
            "open": "2.425",
            "high": "2.4259",
            "low": "2.4209",
            "close": "2.41"
        },
        {
            "time": "05.11.2020 23:10",
            "open": "2.41",
            "high": "2.41",
            "low": "2.41",
            "close": "2.4071"
        },
        {
            "time": "05.11.2020 23:11",
            "open": "2.4071",
            "high": "2.4162",
            "low": "2.4071",
            "close": "2.4181"
        },
        {
            "time": "05.11.2020 23:13",
            "open": "2.4181",
            "high": "2.4181",
            "low": "2.4181",
            "close": "2.4114"
        },
        {
            "time": "05.11.2020 23:17",
            "open": "2.4114",
            "high": "2.4114",
            "low": "2.4114",
            "close": "2.4109"
        },
        {
            "time": "05.11.2020 23:19",
            "open": "2.4109",
            "high": "2.4109",
            "low": "2.4109",
            "close": "2.4129"
        },
        {
            "time": "05.11.2020 23:23",
            "open": "2.4129",
            "high": "2.4129",
            "low": "2.4129",
            "close": "2.4307"
        },
        {
            "time": "05.11.2020 23:29",
            "open": "2.4307",
            "high": "2.4308",
            "low": "2.4307",
            "close": "2.4268"
        },
        {
            "time": "05.11.2020 23:30",
            "open": "2.4268",
            "high": "2.432",
            "low": "2.4268",
            "close": "2.427"
        },
        {
            "time": "05.11.2020 23:31",
            "open": "2.427",
            "high": "2.427",
            "low": "2.4268",
            "close": "2.4319"
        },
        {
            "time": "05.11.2020 23:32",
            "open": "2.4319",
            "high": "2.432",
            "low": "2.4319",
            "close": "2.432"
        },
        {
            "time": "05.11.2020 23:33",
            "open": "2.432",
            "high": "2.432",
            "low": "2.432",
            "close": "2.4425"
        },
        {
            "time": "05.11.2020 23:36",
            "open": "2.4425",
            "high": "2.4475",
            "low": "2.4425",
            "close": "2.4444"
        },
        {
            "time": "05.11.2020 23:39",
            "open": "2.4444",
            "high": "2.4444",
            "low": "2.4424",
            "close": "2.4416"
        },
        {
            "time": "05.11.2020 23:40",
            "open": "2.4416",
            "high": "2.4416",
            "low": "2.4415",
            "close": "2.45"
        },
        {
            "time": "05.11.2020 23:41",
            "open": "2.45",
            "high": "2.4515",
            "low": "2.45",
            "close": "2.4477"
        },
        {
            "time": "05.11.2020 23:42",
            "open": "2.4477",
            "high": "2.4553",
            "low": "2.4477",
            "close": "2.4509"
        },
        {
            "time": "05.11.2020 23:43",
            "open": "2.4509",
            "high": "2.4559",
            "low": "2.4509",
            "close": "2.4543"
        },
        {
            "time": "05.11.2020 23:45",
            "open": "2.4543",
            "high": "2.4559",
            "low": "2.4386",
            "close": "2.4335"
        },
        {
            "time": "05.11.2020 23:46",
            "open": "2.4335",
            "high": "2.4388",
            "low": "2.4307",
            "close": "2.4353"
        },
        {
            "time": "05.11.2020 23:49",
            "open": "2.4353",
            "high": "2.4425",
            "low": "2.4352",
            "close": "2.4553"
        },
        {
            "time": "05.11.2020 23:50",
            "open": "2.4553",
            "high": "2.4723",
            "low": "2.4553",
            "close": "2.4706"
        },
        {
            "time": "05.11.2020 23:51",
            "open": "2.4706",
            "high": "2.4709",
            "low": "2.4706",
            "close": "2.4651"
        },
        {
            "time": "05.11.2020 23:52",
            "open": "2.4651",
            "high": "2.4651",
            "low": "2.4558",
            "close": "2.4556"
        },
        {
            "time": "05.11.2020 23:53",
            "open": "2.4556",
            "high": "2.4566",
            "low": "2.4556",
            "close": "2.462"
        },
        {
            "time": "05.11.2020 23:54",
            "open": "2.462",
            "high": "2.4624",
            "low": "2.462",
            "close": "2.4551"
        },
        {
            "time": "05.11.2020 23:56",
            "open": "2.4551",
            "high": "2.4551",
            "low": "2.4511",
            "close": "2.4511"
        },
        {
            "time": "05.11.2020 23:57",
            "open": "2.4511",
            "high": "2.4511",
            "low": "2.4439",
            "close": "2.4393"
        },
        {
            "time": "05.11.2020 23:58",
            "open": "2.4393",
            "high": "2.4393",
            "low": "2.4393",
            "close": "2.4393"
        }
    ]
}