{
    "OMG-EUR": [
        {
            "time": "29.10.2020 23:57",
            "open": "2.4487",
            "high": "2.4487",
            "low": "2.4487",
            "close": "2.4499"
        },
        {
            "time": "30.10.2020 00:01",
            "open": "2.4499",
            "high": "2.4499",
            "low": "2.4487",
            "close": "2.4486"
        },
        {
            "time": "30.10.2020 00:02",
            "open": "2.4486",
            "high": "2.4506",
            "low": "2.4486",
            "close": "2.4544"
        },
        {
            "time": "30.10.2020 00:06",
            "open": "2.4544",
            "high": "2.4544",
            "low": "2.4544",
            "close": "2.4529"
        },
        {
            "time": "30.10.2020 00:07",
            "open": "2.4529",
            "high": "2.4529",
            "low": "2.4529",
            "close": "2.4578"
        },
        {
            "time": "30.10.2020 00:09",
            "open": "2.4578",
            "high": "2.4578",
            "low": "2.4578",
            "close": "2.4676"
        },
        {
            "time": "30.10.2020 00:14",
            "open": "2.4676",
            "high": "2.4676",
            "low": "2.4676",
            "close": "2.4792"
        },
        {
            "time": "30.10.2020 00:15",
            "open": "2.4792",
            "high": "2.4844",
            "low": "2.4792",
            "close": "2.4844"
        },
        {
            "time": "30.10.2020 00:17",
            "open": "2.4844",
            "high": "2.4844",
            "low": "2.4745",
            "close": "2.4789"
        },
        {
            "time": "30.10.2020 00:19",
            "open": "2.4789",
            "high": "2.4789",
            "low": "2.4788",
            "close": "2.4798"
        },
        {
            "time": "30.10.2020 00:21",
            "open": "2.4798",
            "high": "2.4798",
            "low": "2.4798",
            "close": "2.4858"
        },
        {
            "time": "30.10.2020 00:22",
            "open": "2.4858",
            "high": "2.4858",
            "low": "2.4858",
            "close": "2.4733"
        },
        {
            "time": "30.10.2020 00:34",
            "open": "2.4733",
            "high": "2.4733",
            "low": "2.4733",
            "close": "2.4757"
        },
        {
            "time": "30.10.2020 00:35",
            "open": "2.4757",
            "high": "2.4757",
            "low": "2.4757",
            "close": "2.4782"
        },
        {
            "time": "30.10.2020 00:47",
            "open": "2.4782",
            "high": "2.4782",
            "low": "2.4782",
            "close": "2.4779"
        },
        {
            "time": "30.10.2020 00:59",
            "open": "2.4779",
            "high": "2.478",
            "low": "2.4779",
            "close": "2.4713"
        },
        {
            "time": "30.10.2020 01:00",
            "open": "2.4713",
            "high": "2.4713",
            "low": "2.4712",
            "close": "2.4506"
        },
        {
            "time": "30.10.2020 01:09",
            "open": "2.4506",
            "high": "2.4506",
            "low": "2.4506",
            "close": "2.445"
        },
        {
            "time": "30.10.2020 01:10",
            "open": "2.445",
            "high": "2.45",
            "low": "2.4412",
            "close": "2.4555"
        },
        {
            "time": "30.10.2020 01:13",
            "open": "2.4555",
            "high": "2.4556",
            "low": "2.4555",
            "close": "2.445"
        },
        {
            "time": "30.10.2020 01:20",
            "open": "2.445",
            "high": "2.445",
            "low": "2.445",
            "close": "2.4493"
        },
        {
            "time": "30.10.2020 01:21",
            "open": "2.4493",
            "high": "2.4493",
            "low": "2.4493",
            "close": "2.4488"
        },
        {
            "time": "30.10.2020 01:23",
            "open": "2.4488",
            "high": "2.4488",
            "low": "2.4488",
            "close": "2.4465"
        },
        {
            "time": "30.10.2020 01:24",
            "open": "2.4465",
            "high": "2.4465",
            "low": "2.4465",
            "close": "2.4487"
        },
        {
            "time": "30.10.2020 01:26",
            "open": "2.4487",
            "high": "2.4487",
            "low": "2.4487",
            "close": "2.4661"
        },
        {
            "time": "30.10.2020 01:32",
            "open": "2.4661",
            "high": "2.4661",
            "low": "2.4661",
            "close": "2.4667"
        },
        {
            "time": "30.10.2020 01:33",
            "open": "2.4667",
            "high": "2.4667",
            "low": "2.4666",
            "close": "2.4796"
        },
        {
            "time": "30.10.2020 01:36",
            "open": "2.4796",
            "high": "2.4796",
            "low": "2.4796",
            "close": "2.4854"
        },
        {
            "time": "30.10.2020 01:38",
            "open": "2.4854",
            "high": "2.4854",
            "low": "2.4852",
            "close": "2.4925"
        },
        {
            "time": "30.10.2020 01:41",
            "open": "2.4925",
            "high": "2.4925",
            "low": "2.4925",
            "close": "2.4991"
        },
        {
            "time": "30.10.2020 01:42",
            "open": "2.4991",
            "high": "2.5006",
            "low": "2.4991",
            "close": "2.4979"
        },
        {
            "time": "30.10.2020 01:44",
            "open": "2.4979",
            "high": "2.4979",
            "low": "2.4979",
            "close": "2.5047"
        },
        {
            "time": "30.10.2020 01:45",
            "open": "2.5047",
            "high": "2.5047",
            "low": "2.5047",
            "close": "2.5056"
        },
        {
            "time": "30.10.2020 01:46",
            "open": "2.5056",
            "high": "2.51",
            "low": "2.5056",
            "close": "2.5088"
        },
        {
            "time": "30.10.2020 01:47",
            "open": "2.5088",
            "high": "2.5088",
            "low": "2.5022",
            "close": "2.496"
        },
        {
            "time": "30.10.2020 01:48",
            "open": "2.496",
            "high": "2.496",
            "low": "2.4837",
            "close": "2.4774"
        },
        {
            "time": "30.10.2020 01:49",
            "open": "2.4774",
            "high": "2.4822",
            "low": "2.4754",
            "close": "2.492"
        },
        {
            "time": "30.10.2020 01:50",
            "open": "2.492",
            "high": "2.4921",
            "low": "2.492",
            "close": "2.4849"
        },
        {
            "time": "30.10.2020 01:51",
            "open": "2.4849",
            "high": "2.4849",
            "low": "2.4849",
            "close": "2.4902"
        },
        {
            "time": "30.10.2020 01:52",
            "open": "2.4902",
            "high": "2.4902",
            "low": "2.4891",
            "close": "2.4933"
        },
        {
            "time": "30.10.2020 01:53",
            "open": "2.4933",
            "high": "2.4934",
            "low": "2.4933",
            "close": "2.506"
        },
        {
            "time": "30.10.2020 01:55",
            "open": "2.506",
            "high": "2.5079",
            "low": "2.506",
            "close": "2.5047"
        },
        {
            "time": "30.10.2020 01:56",
            "open": "2.5047",
            "high": "2.5047",
            "low": "2.4945",
            "close": "2.4932"
        },
        {
            "time": "30.10.2020 01:57",
            "open": "2.4932",
            "high": "2.4932",
            "low": "2.4932",
            "close": "2.4882"
        },
        {
            "time": "30.10.2020 02:06",
            "open": "2.4882",
            "high": "2.4883",
            "low": "2.4882",
            "close": "2.497"
        },
        {
            "time": "30.10.2020 02:11",
            "open": "2.497",
            "high": "2.497",
            "low": "2.497",
            "close": "2.4923"
        },
        {
            "time": "30.10.2020 02:12",
            "open": "2.4923",
            "high": "2.4923",
            "low": "2.4923",
            "close": "2.4721"
        },
        {
            "time": "30.10.2020 02:15",
            "open": "2.4721",
            "high": "2.4731",
            "low": "2.4721",
            "close": "2.4736"
        },
        {
            "time": "30.10.2020 02:19",
            "open": "2.4736",
            "high": "2.4756",
            "low": "2.4736",
            "close": "2.4935"
        },
        {
            "time": "30.10.2020 02:21",
            "open": "2.4935",
            "high": "2.4936",
            "low": "2.4898",
            "close": "2.4858"
        },
        {
            "time": "30.10.2020 02:22",
            "open": "2.4858",
            "high": "2.4858",
            "low": "2.4858",
            "close": "2.4875"
        },
        {
            "time": "30.10.2020 02:23",
            "open": "2.4875",
            "high": "2.4875",
            "low": "2.4875",
            "close": "2.4943"
        },
        {
            "time": "30.10.2020 02:26",
            "open": "2.4943",
            "high": "2.4943",
            "low": "2.4943",
            "close": "2.4932"
        },
        {
            "time": "30.10.2020 02:29",
            "open": "2.4932",
            "high": "2.4932",
            "low": "2.4917",
            "close": "2.4715"
        },
        {
            "time": "30.10.2020 02:34",
            "open": "2.4715",
            "high": "2.4715",
            "low": "2.4715",
            "close": "2.4811"
        },
        {
            "time": "30.10.2020 02:44",
            "open": "2.4811",
            "high": "2.4811",
            "low": "2.4811",
            "close": "2.4702"
        },
        {
            "time": "30.10.2020 02:49",
            "open": "2.4702",
            "high": "2.4702",
            "low": "2.4702",
            "close": "2.4602"
        },
        {
            "time": "30.10.2020 02:59",
            "open": "2.4602",
            "high": "2.4615",
            "low": "2.4602",
            "close": "2.4581"
        },
        {
            "time": "30.10.2020 03:03",
            "open": "2.4581",
            "high": "2.4581",
            "low": "2.4581",
            "close": "2.451"
        },
        {
            "time": "30.10.2020 03:10",
            "open": "2.451",
            "high": "2.451",
            "low": "2.451",
            "close": "2.4487"
        },
        {
            "time": "30.10.2020 03:11",
            "open": "2.4487",
            "high": "2.4487",
            "low": "2.4487",
            "close": "2.4511"
        },
        {
            "time": "30.10.2020 03:12",
            "open": "2.4511",
            "high": "2.4523",
            "low": "2.4443",
            "close": "2.4443"
        },
        {
            "time": "30.10.2020 03:13",
            "open": "2.4443",
            "high": "2.4443",
            "low": "2.4443",
            "close": "2.4443"
        },
        {
            "time": "30.10.2020 03:14",
            "open": "2.4443",
            "high": "2.4443",
            "low": "2.4443",
            "close": "2.4416"
        },
        {
            "time": "30.10.2020 03:15",
            "open": "2.4416",
            "high": "2.4416",
            "low": "2.4416",
            "close": "2.44"
        },
        {
            "time": "30.10.2020 03:16",
            "open": "2.44",
            "high": "2.44",
            "low": "2.4367",
            "close": "2.4365"
        },
        {
            "time": "30.10.2020 03:18",
            "open": "2.4365",
            "high": "2.4376",
            "low": "2.4364",
            "close": "2.4303"
        },
        {
            "time": "30.10.2020 03:21",
            "open": "2.4303",
            "high": "2.4303",
            "low": "2.4302",
            "close": "2.4365"
        },
        {
            "time": "30.10.2020 03:27",
            "open": "2.4365",
            "high": "2.4365",
            "low": "2.4365",
            "close": "2.4301"
        },
        {
            "time": "30.10.2020 03:36",
            "open": "2.4301",
            "high": "2.4301",
            "low": "2.4246",
            "close": "2.4261"
        },
        {
            "time": "30.10.2020 03:37",
            "open": "2.4261",
            "high": "2.4284",
            "low": "2.4261",
            "close": "2.4276"
        },
        {
            "time": "30.10.2020 03:39",
            "open": "2.4276",
            "high": "2.4277",
            "low": "2.4276",
            "close": "2.4235"
        },
        {
            "time": "30.10.2020 03:41",
            "open": "2.4235",
            "high": "2.4235",
            "low": "2.4235",
            "close": "2.4207"
        },
        {
            "time": "30.10.2020 03:43",
            "open": "2.4207",
            "high": "2.4207",
            "low": "2.4137",
            "close": "2.4184"
        },
        {
            "time": "30.10.2020 03:45",
            "open": "2.4184",
            "high": "2.4185",
            "low": "2.4184",
            "close": "2.4184"
        },
        {
            "time": "30.10.2020 03:51",
            "open": "2.4184",
            "high": "2.4184",
            "low": "2.4184",
            "close": "2.4137"
        },
        {
            "time": "30.10.2020 03:53",
            "open": "2.4137",
            "high": "2.4164",
            "low": "2.41",
            "close": "2.4269"
        },
        {
            "time": "30.10.2020 03:54",
            "open": "2.4269",
            "high": "2.4269",
            "low": "2.4192",
            "close": "2.4317"
        },
        {
            "time": "30.10.2020 03:56",
            "open": "2.4317",
            "high": "2.4317",
            "low": "2.4317",
            "close": "2.4289"
        },
        {
            "time": "30.10.2020 03:58",
            "open": "2.4289",
            "high": "2.4289",
            "low": "2.4289",
            "close": "2.4519"
        },
        {
            "time": "30.10.2020 04:07",
            "open": "2.4519",
            "high": "2.4519",
            "low": "2.4519",
            "close": "2.4519"
        },
        {
            "time": "30.10.2020 04:08",
            "open": "2.4519",
            "high": "2.4519",
            "low": "2.4519",
            "close": "2.4542"
        },
        {
            "time": "30.10.2020 04:09",
            "open": "2.4542",
            "high": "2.4542",
            "low": "2.4542",
            "close": "2.4534"
        },
        {
            "time": "30.10.2020 04:10",
            "open": "2.4534",
            "high": "2.4534",
            "low": "2.4534",
            "close": "2.447"
        },
        {
            "time": "30.10.2020 04:12",
            "open": "2.447",
            "high": "2.447",
            "low": "2.447",
            "close": "2.4383"
        },
        {
            "time": "30.10.2020 04:40",
            "open": "2.4383",
            "high": "2.4384",
            "low": "2.4383",
            "close": "2.4342"
        },
        {
            "time": "30.10.2020 04:44",
            "open": "2.4342",
            "high": "2.4342",
            "low": "2.4342",
            "close": "2.436"
        },
        {
            "time": "30.10.2020 04:48",
            "open": "2.436",
            "high": "2.436",
            "low": "2.436",
            "close": "2.42"
        },
        {
            "time": "30.10.2020 04:50",
            "open": "2.42",
            "high": "2.42",
            "low": "2.42",
            "close": "2.41"
        },
        {
            "time": "30.10.2020 04:51",
            "open": "2.41",
            "high": "2.41",
            "low": "2.4099",
            "close": "2.411"
        },
        {
            "time": "30.10.2020 04:52",
            "open": "2.411",
            "high": "2.411",
            "low": "2.409",
            "close": "2.4089"
        },
        {
            "time": "30.10.2020 04:58",
            "open": "2.4089",
            "high": "2.4089",
            "low": "2.4089",
            "close": "2.4305"
        },
        {
            "time": "30.10.2020 05:02",
            "open": "2.4305",
            "high": "2.4305",
            "low": "2.4305",
            "close": "2.4353"
        },
        {
            "time": "30.10.2020 05:03",
            "open": "2.4353",
            "high": "2.4353",
            "low": "2.4353",
            "close": "2.4378"
        },
        {
            "time": "30.10.2020 05:09",
            "open": "2.4378",
            "high": "2.4378",
            "low": "2.4376",
            "close": "2.4254"
        },
        {
            "time": "30.10.2020 05:15",
            "open": "2.4254",
            "high": "2.4254",
            "low": "2.4254",
            "close": "2.4352"
        },
        {
            "time": "30.10.2020 05:26",
            "open": "2.4352",
            "high": "2.4353",
            "low": "2.4352",
            "close": "2.4331"
        },
        {
            "time": "30.10.2020 05:45",
            "open": "2.4331",
            "high": "2.4331",
            "low": "2.4331",
            "close": "2.4001"
        },
        {
            "time": "30.10.2020 05:55",
            "open": "2.4001",
            "high": "2.4001",
            "low": "2.4001",
            "close": "2.4042"
        },
        {
            "time": "30.10.2020 05:56",
            "open": "2.4042",
            "high": "2.4126",
            "low": "2.4042",
            "close": "2.4068"
        },
        {
            "time": "30.10.2020 05:58",
            "open": "2.4068",
            "high": "2.4068",
            "low": "2.4068",
            "close": "2.4073"
        },
        {
            "time": "30.10.2020 05:59",
            "open": "2.4073",
            "high": "2.4074",
            "low": "2.4069",
            "close": "2.4046"
        },
        {
            "time": "30.10.2020 06:01",
            "open": "2.4046",
            "high": "2.4172",
            "low": "2.4046",
            "close": "2.441"
        },
        {
            "time": "30.10.2020 06:07",
            "open": "2.441",
            "high": "2.4416",
            "low": "2.441",
            "close": "2.4417"
        },
        {
            "time": "30.10.2020 06:08",
            "open": "2.4417",
            "high": "2.4417",
            "low": "2.4416",
            "close": "2.4258"
        },
        {
            "time": "30.10.2020 06:14",
            "open": "2.4258",
            "high": "2.4274",
            "low": "2.4258",
            "close": "2.4159"
        },
        {
            "time": "30.10.2020 06:20",
            "open": "2.4159",
            "high": "2.4159",
            "low": "2.4158",
            "close": "2.4123"
        },
        {
            "time": "30.10.2020 06:22",
            "open": "2.4123",
            "high": "2.4134",
            "low": "2.4123",
            "close": "2.4154"
        },
        {
            "time": "30.10.2020 06:23",
            "open": "2.4154",
            "high": "2.4154",
            "low": "2.4154",
            "close": "2.4169"
        },
        {
            "time": "30.10.2020 06:24",
            "open": "2.4169",
            "high": "2.4252",
            "low": "2.4169",
            "close": "2.413"
        },
        {
            "time": "30.10.2020 06:25",
            "open": "2.413",
            "high": "2.413",
            "low": "2.4129",
            "close": "2.4106"
        },
        {
            "time": "30.10.2020 06:27",
            "open": "2.4106",
            "high": "2.4106",
            "low": "2.4106",
            "close": "2.4068"
        },
        {
            "time": "30.10.2020 06:30",
            "open": "2.4068",
            "high": "2.4248",
            "low": "2.4068",
            "close": "2.4087"
        },
        {
            "time": "30.10.2020 06:33",
            "open": "2.4087",
            "high": "2.4087",
            "low": "2.4086",
            "close": "2.4041"
        },
        {
            "time": "30.10.2020 06:34",
            "open": "2.4041",
            "high": "2.4072",
            "low": "2.4041",
            "close": "2.4072"
        },
        {
            "time": "30.10.2020 06:35",
            "open": "2.4072",
            "high": "2.4072",
            "low": "2.4072",
            "close": "2.4055"
        },
        {
            "time": "30.10.2020 06:36",
            "open": "2.4055",
            "high": "2.4055",
            "low": "2.4055",
            "close": "2.4039"
        },
        {
            "time": "30.10.2020 06:39",
            "open": "2.4039",
            "high": "2.4039",
            "low": "2.4034",
            "close": "2.4001"
        },
        {
            "time": "30.10.2020 06:41",
            "open": "2.4001",
            "high": "2.4001",
            "low": "2.3915",
            "close": "2.3894"
        },
        {
            "time": "30.10.2020 06:42",
            "open": "2.3894",
            "high": "2.3899",
            "low": "2.3894",
            "close": "2.3885"
        },
        {
            "time": "30.10.2020 06:43",
            "open": "2.3885",
            "high": "2.3885",
            "low": "2.3885",
            "close": "2.3841"
        },
        {
            "time": "30.10.2020 06:44",
            "open": "2.3841",
            "high": "2.3841",
            "low": "2.3827",
            "close": "2.3871"
        },
        {
            "time": "30.10.2020 06:45",
            "open": "2.3871",
            "high": "2.4111",
            "low": "2.3866",
            "close": "2.4119"
        },
        {
            "time": "30.10.2020 06:46",
            "open": "2.4119",
            "high": "2.4119",
            "low": "2.4083",
            "close": "2.4141"
        },
        {
            "time": "30.10.2020 06:47",
            "open": "2.4141",
            "high": "2.4141",
            "low": "2.4075",
            "close": "2.4132"
        },
        {
            "time": "30.10.2020 06:48",
            "open": "2.4132",
            "high": "2.4132",
            "low": "2.4081",
            "close": "2.4042"
        },
        {
            "time": "30.10.2020 06:49",
            "open": "2.4042",
            "high": "2.4042",
            "low": "2.4042",
            "close": "2.3928"
        },
        {
            "time": "30.10.2020 06:51",
            "open": "2.3928",
            "high": "2.3928",
            "low": "2.3913",
            "close": "2.3976"
        },
        {
            "time": "30.10.2020 06:52",
            "open": "2.3976",
            "high": "2.3976",
            "low": "2.3976",
            "close": "2.3935"
        },
        {
            "time": "30.10.2020 06:53",
            "open": "2.3935",
            "high": "2.3938",
            "low": "2.3935",
            "close": "2.3984"
        },
        {
            "time": "30.10.2020 06:54",
            "open": "2.3984",
            "high": "2.3984",
            "low": "2.3974",
            "close": "2.4017"
        },
        {
            "time": "30.10.2020 06:57",
            "open": "2.4017",
            "high": "2.4017",
            "low": "2.3967",
            "close": "2.395"
        },
        {
            "time": "30.10.2020 06:58",
            "open": "2.395",
            "high": "2.395",
            "low": "2.395",
            "close": "2.3887"
        },
        {
            "time": "30.10.2020 06:59",
            "open": "2.3887",
            "high": "2.3887",
            "low": "2.3859",
            "close": "2.4096"
        },
        {
            "time": "30.10.2020 07:00",
            "open": "2.4096",
            "high": "2.4142",
            "low": "2.4045",
            "close": "2.4102"
        },
        {
            "time": "30.10.2020 07:01",
            "open": "2.4102",
            "high": "2.4168",
            "low": "2.4076",
            "close": "2.4139"
        },
        {
            "time": "30.10.2020 07:03",
            "open": "2.4139",
            "high": "2.4235",
            "low": "2.4139",
            "close": "2.4108"
        },
        {
            "time": "30.10.2020 07:07",
            "open": "2.4108",
            "high": "2.4108",
            "low": "2.4107",
            "close": "2.413"
        },
        {
            "time": "30.10.2020 07:09",
            "open": "2.413",
            "high": "2.413",
            "low": "2.413",
            "close": "2.4082"
        },
        {
            "time": "30.10.2020 07:10",
            "open": "2.4082",
            "high": "2.4082",
            "low": "2.4081",
            "close": "2.4099"
        },
        {
            "time": "30.10.2020 07:11",
            "open": "2.4099",
            "high": "2.4099",
            "low": "2.4099",
            "close": "2.4109"
        },
        {
            "time": "30.10.2020 07:12",
            "open": "2.4109",
            "high": "2.4109",
            "low": "2.4098",
            "close": "2.4185"
        },
        {
            "time": "30.10.2020 07:13",
            "open": "2.4185",
            "high": "2.4185",
            "low": "2.416",
            "close": "2.4185"
        },
        {
            "time": "30.10.2020 07:15",
            "open": "2.4185",
            "high": "2.4185",
            "low": "2.4185",
            "close": "2.4184"
        },
        {
            "time": "30.10.2020 07:16",
            "open": "2.4184",
            "high": "2.4185",
            "low": "2.4184",
            "close": "2.4172"
        },
        {
            "time": "30.10.2020 07:17",
            "open": "2.4172",
            "high": "2.4172",
            "low": "2.4172",
            "close": "2.4247"
        },
        {
            "time": "30.10.2020 07:19",
            "open": "2.4247",
            "high": "2.4247",
            "low": "2.4209",
            "close": "2.4239"
        },
        {
            "time": "30.10.2020 07:20",
            "open": "2.4239",
            "high": "2.4243",
            "low": "2.4228",
            "close": "2.4252"
        },
        {
            "time": "30.10.2020 07:23",
            "open": "2.4252",
            "high": "2.4252",
            "low": "2.4252",
            "close": "2.4326"
        },
        {
            "time": "30.10.2020 07:26",
            "open": "2.4326",
            "high": "2.4326",
            "low": "2.4326",
            "close": "2.4382"
        },
        {
            "time": "30.10.2020 07:30",
            "open": "2.4382",
            "high": "2.4382",
            "low": "2.4382",
            "close": "2.4443"
        },
        {
            "time": "30.10.2020 07:31",
            "open": "2.4443",
            "high": "2.4535",
            "low": "2.4443",
            "close": "2.4456"
        },
        {
            "time": "30.10.2020 07:34",
            "open": "2.4456",
            "high": "2.4458",
            "low": "2.4456",
            "close": "2.45"
        },
        {
            "time": "30.10.2020 07:35",
            "open": "2.45",
            "high": "2.45",
            "low": "2.45",
            "close": "2.4421"
        },
        {
            "time": "30.10.2020 07:41",
            "open": "2.4421",
            "high": "2.4421",
            "low": "2.4392",
            "close": "2.44"
        },
        {
            "time": "30.10.2020 07:44",
            "open": "2.44",
            "high": "2.44",
            "low": "2.44",
            "close": "2.44"
        },
        {
            "time": "30.10.2020 07:46",
            "open": "2.44",
            "high": "2.44",
            "low": "2.44",
            "close": "2.4428"
        },
        {
            "time": "30.10.2020 07:47",
            "open": "2.4428",
            "high": "2.4428",
            "low": "2.4428",
            "close": "2.4415"
        },
        {
            "time": "30.10.2020 07:48",
            "open": "2.4415",
            "high": "2.4415",
            "low": "2.4415",
            "close": "2.4404"
        },
        {
            "time": "30.10.2020 07:50",
            "open": "2.4404",
            "high": "2.4405",
            "low": "2.4404",
            "close": "2.4411"
        },
        {
            "time": "30.10.2020 07:57",
            "open": "2.4411",
            "high": "2.4411",
            "low": "2.4411",
            "close": "2.4504"
        },
        {
            "time": "30.10.2020 07:58",
            "open": "2.4504",
            "high": "2.4518",
            "low": "2.4504",
            "close": "2.4489"
        },
        {
            "time": "30.10.2020 07:59",
            "open": "2.4489",
            "high": "2.4519",
            "low": "2.4489",
            "close": "2.4558"
        },
        {
            "time": "30.10.2020 08:00",
            "open": "2.4558",
            "high": "2.4559",
            "low": "2.4558",
            "close": "2.4503"
        },
        {
            "time": "30.10.2020 08:02",
            "open": "2.4503",
            "high": "2.4503",
            "low": "2.4492",
            "close": "2.4407"
        },
        {
            "time": "30.10.2020 08:03",
            "open": "2.4407",
            "high": "2.4407",
            "low": "2.4407",
            "close": "2.4433"
        },
        {
            "time": "30.10.2020 08:04",
            "open": "2.4433",
            "high": "2.4434",
            "low": "2.4433",
            "close": "2.4435"
        },
        {
            "time": "30.10.2020 08:05",
            "open": "2.4435",
            "high": "2.4437",
            "low": "2.4435",
            "close": "2.4429"
        },
        {
            "time": "30.10.2020 08:07",
            "open": "2.4429",
            "high": "2.4429",
            "low": "2.4429",
            "close": "2.4378"
        },
        {
            "time": "30.10.2020 08:08",
            "open": "2.4378",
            "high": "2.4378",
            "low": "2.4361",
            "close": "2.426"
        },
        {
            "time": "30.10.2020 08:09",
            "open": "2.426",
            "high": "2.426",
            "low": "2.4222",
            "close": "2.41"
        },
        {
            "time": "30.10.2020 08:14",
            "open": "2.41",
            "high": "2.41",
            "low": "2.3924",
            "close": "2.3976"
        },
        {
            "time": "30.10.2020 08:15",
            "open": "2.3976",
            "high": "2.4691",
            "low": "2.3976",
            "close": "2.4437"
        },
        {
            "time": "30.10.2020 08:16",
            "open": "2.4437",
            "high": "2.4439",
            "low": "2.4235",
            "close": "2.4295"
        },
        {
            "time": "30.10.2020 08:17",
            "open": "2.4295",
            "high": "2.4383",
            "low": "2.4242",
            "close": "2.4203"
        },
        {
            "time": "30.10.2020 08:18",
            "open": "2.4203",
            "high": "2.438",
            "low": "2.4203",
            "close": "2.4374"
        },
        {
            "time": "30.10.2020 08:19",
            "open": "2.4374",
            "high": "2.4472",
            "low": "2.4154",
            "close": "2.4129"
        },
        {
            "time": "30.10.2020 08:20",
            "open": "2.4129",
            "high": "2.4194",
            "low": "2.4077",
            "close": "2.4112"
        },
        {
            "time": "30.10.2020 08:21",
            "open": "2.4112",
            "high": "2.4133",
            "low": "2.3907",
            "close": "2.4069"
        },
        {
            "time": "30.10.2020 08:22",
            "open": "2.4069",
            "high": "2.4217",
            "low": "2.4069",
            "close": "2.4024"
        },
        {
            "time": "30.10.2020 08:23",
            "open": "2.4024",
            "high": "2.4024",
            "low": "2.4008",
            "close": "2.3977"
        },
        {
            "time": "30.10.2020 08:24",
            "open": "2.3977",
            "high": "2.3977",
            "low": "2.3976",
            "close": "2.4045"
        },
        {
            "time": "30.10.2020 08:25",
            "open": "2.4045",
            "high": "2.416",
            "low": "2.4045",
            "close": "2.4175"
        },
        {
            "time": "30.10.2020 08:26",
            "open": "2.4175",
            "high": "2.4202",
            "low": "2.4175",
            "close": "2.4216"
        },
        {
            "time": "30.10.2020 08:27",
            "open": "2.4216",
            "high": "2.4216",
            "low": "2.4211",
            "close": "2.4229"
        },
        {
            "time": "30.10.2020 08:28",
            "open": "2.4229",
            "high": "2.4247",
            "low": "2.4229",
            "close": "2.4307"
        },
        {
            "time": "30.10.2020 08:29",
            "open": "2.4307",
            "high": "2.4307",
            "low": "2.424",
            "close": "2.4248"
        },
        {
            "time": "30.10.2020 08:30",
            "open": "2.4248",
            "high": "2.4273",
            "low": "2.4248",
            "close": "2.4399"
        },
        {
            "time": "30.10.2020 08:31",
            "open": "2.4399",
            "high": "2.4399",
            "low": "2.4399",
            "close": "2.4355"
        },
        {
            "time": "30.10.2020 08:32",
            "open": "2.4355",
            "high": "2.4393",
            "low": "2.4341",
            "close": "2.4353"
        },
        {
            "time": "30.10.2020 08:35",
            "open": "2.4353",
            "high": "2.4437",
            "low": "2.4353",
            "close": "2.4425"
        },
        {
            "time": "30.10.2020 08:36",
            "open": "2.4425",
            "high": "2.4521",
            "low": "2.4425",
            "close": "2.4507"
        },
        {
            "time": "30.10.2020 08:37",
            "open": "2.4507",
            "high": "2.4507",
            "low": "2.4507",
            "close": "2.4542"
        },
        {
            "time": "30.10.2020 08:38",
            "open": "2.4542",
            "high": "2.4542",
            "low": "2.4523",
            "close": "2.4415"
        },
        {
            "time": "30.10.2020 08:40",
            "open": "2.4415",
            "high": "2.4415",
            "low": "2.4387",
            "close": "2.4399"
        },
        {
            "time": "30.10.2020 08:42",
            "open": "2.4399",
            "high": "2.4399",
            "low": "2.4387",
            "close": "2.439"
        },
        {
            "time": "30.10.2020 08:44",
            "open": "2.439",
            "high": "2.4526",
            "low": "2.439",
            "close": "2.4593"
        },
        {
            "time": "30.10.2020 08:45",
            "open": "2.4593",
            "high": "2.4657",
            "low": "2.4585",
            "close": "2.4659"
        },
        {
            "time": "30.10.2020 08:47",
            "open": "2.4659",
            "high": "2.4659",
            "low": "2.4623",
            "close": "2.4615"
        },
        {
            "time": "30.10.2020 08:48",
            "open": "2.4615",
            "high": "2.4615",
            "low": "2.4605",
            "close": "2.4516"
        },
        {
            "time": "30.10.2020 08:52",
            "open": "2.4516",
            "high": "2.4608",
            "low": "2.4516",
            "close": "2.453"
        },
        {
            "time": "30.10.2020 08:54",
            "open": "2.453",
            "high": "2.453",
            "low": "2.453",
            "close": "2.445"
        },
        {
            "time": "30.10.2020 08:58",
            "open": "2.445",
            "high": "2.4451",
            "low": "2.445",
            "close": "2.4456"
        },
        {
            "time": "30.10.2020 09:02",
            "open": "2.4456",
            "high": "2.4456",
            "low": "2.4456",
            "close": "2.4532"
        },
        {
            "time": "30.10.2020 09:03",
            "open": "2.4532",
            "high": "2.4532",
            "low": "2.4532",
            "close": "2.4613"
        },
        {
            "time": "30.10.2020 09:05",
            "open": "2.4613",
            "high": "2.4613",
            "low": "2.4611",
            "close": "2.4725"
        },
        {
            "time": "30.10.2020 09:06",
            "open": "2.4725",
            "high": "2.474",
            "low": "2.4702",
            "close": "2.4709"
        },
        {
            "time": "30.10.2020 09:07",
            "open": "2.4709",
            "high": "2.4717",
            "low": "2.4664",
            "close": "2.4644"
        },
        {
            "time": "30.10.2020 09:08",
            "open": "2.4644",
            "high": "2.4644",
            "low": "2.4532",
            "close": "2.4483"
        },
        {
            "time": "30.10.2020 09:09",
            "open": "2.4483",
            "high": "2.4483",
            "low": "2.4483",
            "close": "2.4443"
        },
        {
            "time": "30.10.2020 09:12",
            "open": "2.4443",
            "high": "2.4443",
            "low": "2.4443",
            "close": "2.431"
        },
        {
            "time": "30.10.2020 09:13",
            "open": "2.431",
            "high": "2.4537",
            "low": "2.431",
            "close": "2.4589"
        },
        {
            "time": "30.10.2020 09:14",
            "open": "2.4589",
            "high": "2.4659",
            "low": "2.4523",
            "close": "2.4617"
        },
        {
            "time": "30.10.2020 09:15",
            "open": "2.4617",
            "high": "2.4617",
            "low": "2.4572",
            "close": "2.456"
        },
        {
            "time": "30.10.2020 09:19",
            "open": "2.456",
            "high": "2.456",
            "low": "2.456",
            "close": "2.45"
        },
        {
            "time": "30.10.2020 09:20",
            "open": "2.45",
            "high": "2.45",
            "low": "2.45",
            "close": "2.4549"
        },
        {
            "time": "30.10.2020 09:25",
            "open": "2.4549",
            "high": "2.4549",
            "low": "2.4549",
            "close": "2.4501"
        },
        {
            "time": "30.10.2020 09:28",
            "open": "2.4501",
            "high": "2.4501",
            "low": "2.4501",
            "close": "2.4501"
        },
        {
            "time": "30.10.2020 09:30",
            "open": "2.4501",
            "high": "2.4502",
            "low": "2.4501",
            "close": "2.445"
        },
        {
            "time": "30.10.2020 09:36",
            "open": "2.445",
            "high": "2.447",
            "low": "2.445",
            "close": "2.4365"
        },
        {
            "time": "30.10.2020 09:40",
            "open": "2.4365",
            "high": "2.4419",
            "low": "2.4364",
            "close": "2.4348"
        },
        {
            "time": "30.10.2020 09:42",
            "open": "2.4348",
            "high": "2.4348",
            "low": "2.432",
            "close": "2.4269"
        },
        {
            "time": "30.10.2020 09:45",
            "open": "2.4269",
            "high": "2.4269",
            "low": "2.4268",
            "close": "2.424"
        },
        {
            "time": "30.10.2020 09:48",
            "open": "2.424",
            "high": "2.4274",
            "low": "2.424",
            "close": "2.4297"
        },
        {
            "time": "30.10.2020 09:49",
            "open": "2.4297",
            "high": "2.4297",
            "low": "2.4297",
            "close": "2.4278"
        },
        {
            "time": "30.10.2020 09:51",
            "open": "2.4278",
            "high": "2.4278",
            "low": "2.4278",
            "close": "2.4282"
        },
        {
            "time": "30.10.2020 09:53",
            "open": "2.4282",
            "high": "2.4282",
            "low": "2.4282",
            "close": "2.4197"
        },
        {
            "time": "30.10.2020 09:54",
            "open": "2.4197",
            "high": "2.4197",
            "low": "2.4196",
            "close": "2.422"
        },
        {
            "time": "30.10.2020 09:55",
            "open": "2.422",
            "high": "2.4248",
            "low": "2.422",
            "close": "2.4184"
        },
        {
            "time": "30.10.2020 10:01",
            "open": "2.4184",
            "high": "2.4184",
            "low": "2.4184",
            "close": "2.4167"
        },
        {
            "time": "30.10.2020 10:03",
            "open": "2.4167",
            "high": "2.4244",
            "low": "2.4167",
            "close": "2.4091"
        },
        {
            "time": "30.10.2020 10:08",
            "open": "2.4091",
            "high": "2.4091",
            "low": "2.3963",
            "close": "2.3894"
        },
        {
            "time": "30.10.2020 10:09",
            "open": "2.3894",
            "high": "2.3894",
            "low": "2.3838",
            "close": "2.3966"
        },
        {
            "time": "30.10.2020 10:10",
            "open": "2.3966",
            "high": "2.4218",
            "low": "2.3966",
            "close": "2.4143"
        },
        {
            "time": "30.10.2020 10:11",
            "open": "2.4143",
            "high": "2.418",
            "low": "2.4121",
            "close": "2.4121"
        },
        {
            "time": "30.10.2020 10:12",
            "open": "2.4121",
            "high": "2.4144",
            "low": "2.4121",
            "close": "2.4046"
        },
        {
            "time": "30.10.2020 10:13",
            "open": "2.4046",
            "high": "2.4087",
            "low": "2.4046",
            "close": "2.392"
        },
        {
            "time": "30.10.2020 10:14",
            "open": "2.392",
            "high": "2.3956",
            "low": "2.392",
            "close": "2.403"
        },
        {
            "time": "30.10.2020 10:15",
            "open": "2.403",
            "high": "2.403",
            "low": "2.4028",
            "close": "2.3981"
        },
        {
            "time": "30.10.2020 10:16",
            "open": "2.3981",
            "high": "2.3996",
            "low": "2.3981",
            "close": "2.3888"
        },
        {
            "time": "30.10.2020 10:18",
            "open": "2.3888",
            "high": "2.3888",
            "low": "2.3888",
            "close": "2.3875"
        },
        {
            "time": "30.10.2020 10:19",
            "open": "2.3875",
            "high": "2.3875",
            "low": "2.3875",
            "close": "2.3924"
        },
        {
            "time": "30.10.2020 10:20",
            "open": "2.3924",
            "high": "2.3924",
            "low": "2.3905",
            "close": "2.3956"
        },
        {
            "time": "30.10.2020 10:21",
            "open": "2.3956",
            "high": "2.4016",
            "low": "2.3956",
            "close": "2.4068"
        },
        {
            "time": "30.10.2020 10:22",
            "open": "2.4068",
            "high": "2.4068",
            "low": "2.4023",
            "close": "2.4063"
        },
        {
            "time": "30.10.2020 10:23",
            "open": "2.4063",
            "high": "2.4064",
            "low": "2.3912",
            "close": "2.3915"
        },
        {
            "time": "30.10.2020 10:24",
            "open": "2.3915",
            "high": "2.394",
            "low": "2.3915",
            "close": "2.3991"
        },
        {
            "time": "30.10.2020 10:26",
            "open": "2.3991",
            "high": "2.4014",
            "low": "2.3932",
            "close": "2.3936"
        },
        {
            "time": "30.10.2020 10:27",
            "open": "2.3936",
            "high": "2.3996",
            "low": "2.3929",
            "close": "2.393"
        },
        {
            "time": "30.10.2020 10:28",
            "open": "2.393",
            "high": "2.3932",
            "low": "2.3887",
            "close": "2.3915"
        },
        {
            "time": "30.10.2020 10:29",
            "open": "2.3915",
            "high": "2.3915",
            "low": "2.3875",
            "close": "2.3847"
        },
        {
            "time": "30.10.2020 10:32",
            "open": "2.3847",
            "high": "2.3856",
            "low": "2.3847",
            "close": "2.3834"
        },
        {
            "time": "30.10.2020 10:35",
            "open": "2.3874",
            "high": "2.3874",
            "low": "2.3874",
            "close": "2.3821"
        },
        {
            "time": "30.10.2020 10:37",
            "open": "2.3821",
            "high": "2.3824",
            "low": "2.381",
            "close": "2.3799"
        },
        {
            "time": "30.10.2020 10:38",
            "open": "2.3799",
            "high": "2.38",
            "low": "2.375",
            "close": "2.3865"
        },
        {
            "time": "30.10.2020 10:40",
            "open": "2.3865",
            "high": "2.3866",
            "low": "2.3794",
            "close": "2.3882"
        },
        {
            "time": "30.10.2020 10:41",
            "open": "2.3882",
            "high": "2.3883",
            "low": "2.3882",
            "close": "2.3888"
        },
        {
            "time": "30.10.2020 10:42",
            "open": "2.3888",
            "high": "2.3889",
            "low": "2.3888",
            "close": "2.3897"
        },
        {
            "time": "30.10.2020 10:43",
            "open": "2.3897",
            "high": "2.3897",
            "low": "2.3896",
            "close": "2.3971"
        },
        {
            "time": "30.10.2020 10:46",
            "open": "2.3971",
            "high": "2.3971",
            "low": "2.3931",
            "close": "2.4022"
        },
        {
            "time": "30.10.2020 10:48",
            "open": "2.4022",
            "high": "2.4022",
            "low": "2.4022",
            "close": "2.4037"
        },
        {
            "time": "30.10.2020 10:49",
            "open": "2.4037",
            "high": "2.4039",
            "low": "2.4037",
            "close": "2.4017"
        },
        {
            "time": "30.10.2020 10:50",
            "open": "2.4017",
            "high": "2.4017",
            "low": "2.4017",
            "close": "2.4083"
        },
        {
            "time": "30.10.2020 10:53",
            "open": "2.4083",
            "high": "2.4083",
            "low": "2.4078",
            "close": "2.4051"
        },
        {
            "time": "30.10.2020 10:54",
            "open": "2.4051",
            "high": "2.4052",
            "low": "2.4051",
            "close": "2.4055"
        },
        {
            "time": "30.10.2020 10:55",
            "open": "2.4055",
            "high": "2.4055",
            "low": "2.4055",
            "close": "2.4005"
        },
        {
            "time": "30.10.2020 10:57",
            "open": "2.4005",
            "high": "2.4005",
            "low": "2.4004",
            "close": "2.4005"
        },
        {
            "time": "30.10.2020 11:00",
            "open": "2.4005",
            "high": "2.4005",
            "low": "2.4001",
            "close": "2.4009"
        },
        {
            "time": "30.10.2020 11:02",
            "open": "2.4009",
            "high": "2.4009",
            "low": "2.4009",
            "close": "2.4047"
        },
        {
            "time": "30.10.2020 11:04",
            "open": "2.4047",
            "high": "2.4137",
            "low": "2.4035",
            "close": "2.4114"
        },
        {
            "time": "30.10.2020 11:05",
            "open": "2.4114",
            "high": "2.4124",
            "low": "2.4114",
            "close": "2.4199"
        },
        {
            "time": "30.10.2020 11:06",
            "open": "2.4199",
            "high": "2.42",
            "low": "2.4172",
            "close": "2.416"
        },
        {
            "time": "30.10.2020 11:07",
            "open": "2.416",
            "high": "2.4201",
            "low": "2.416",
            "close": "2.4133"
        },
        {
            "time": "30.10.2020 11:11",
            "open": "2.4133",
            "high": "2.4134",
            "low": "2.4133",
            "close": "2.4117"
        },
        {
            "time": "30.10.2020 11:12",
            "open": "2.4117",
            "high": "2.4118",
            "low": "2.4117",
            "close": "2.4124"
        },
        {
            "time": "30.10.2020 11:13",
            "open": "2.4124",
            "high": "2.4125",
            "low": "2.4124",
            "close": "2.4071"
        },
        {
            "time": "30.10.2020 11:16",
            "open": "2.4071",
            "high": "2.4071",
            "low": "2.4071",
            "close": "2.4088"
        },
        {
            "time": "30.10.2020 11:19",
            "open": "2.4088",
            "high": "2.4088",
            "low": "2.4088",
            "close": "2.4017"
        },
        {
            "time": "30.10.2020 11:21",
            "open": "2.4017",
            "high": "2.4017",
            "low": "2.4017",
            "close": "2.4021"
        },
        {
            "time": "30.10.2020 11:25",
            "open": "2.4021",
            "high": "2.4021",
            "low": "2.402",
            "close": "2.3962"
        },
        {
            "time": "30.10.2020 11:27",
            "open": "2.3962",
            "high": "2.3962",
            "low": "2.3962",
            "close": "2.3869"
        },
        {
            "time": "30.10.2020 11:30",
            "open": "2.3869",
            "high": "2.3869",
            "low": "2.3867",
            "close": "2.3835"
        },
        {
            "time": "30.10.2020 11:31",
            "open": "2.3835",
            "high": "2.3835",
            "low": "2.3835",
            "close": "2.374"
        },
        {
            "time": "30.10.2020 11:34",
            "open": "2.374",
            "high": "2.374",
            "low": "2.3739",
            "close": "2.3746"
        },
        {
            "time": "30.10.2020 11:35",
            "open": "2.3746",
            "high": "2.3747",
            "low": "2.3746",
            "close": "2.3841"
        },
        {
            "time": "30.10.2020 11:36",
            "open": "2.3841",
            "high": "2.3842",
            "low": "2.3841",
            "close": "2.3792"
        },
        {
            "time": "30.10.2020 11:39",
            "open": "2.3792",
            "high": "2.3792",
            "low": "2.3792",
            "close": "2.3793"
        },
        {
            "time": "30.10.2020 11:40",
            "open": "2.3793",
            "high": "2.3793",
            "low": "2.3793",
            "close": "2.3777"
        },
        {
            "time": "30.10.2020 11:41",
            "open": "2.3777",
            "high": "2.3778",
            "low": "2.3715",
            "close": "2.3754"
        },
        {
            "time": "30.10.2020 11:42",
            "open": "2.3754",
            "high": "2.3755",
            "low": "2.3754",
            "close": "2.3757"
        },
        {
            "time": "30.10.2020 11:43",
            "open": "2.3757",
            "high": "2.3757",
            "low": "2.3757",
            "close": "2.3955"
        },
        {
            "time": "30.10.2020 11:44",
            "open": "2.3955",
            "high": "2.3994",
            "low": "2.3955",
            "close": "2.404"
        },
        {
            "time": "30.10.2020 11:45",
            "open": "2.404",
            "high": "2.404",
            "low": "2.404",
            "close": "2.4051"
        },
        {
            "time": "30.10.2020 11:46",
            "open": "2.4051",
            "high": "2.4062",
            "low": "2.4051",
            "close": "2.4093"
        },
        {
            "time": "30.10.2020 11:48",
            "open": "2.4093",
            "high": "2.4093",
            "low": "2.4054",
            "close": "2.4095"
        },
        {
            "time": "30.10.2020 11:50",
            "open": "2.4095",
            "high": "2.4095",
            "low": "2.4095",
            "close": "2.4088"
        },
        {
            "time": "30.10.2020 11:55",
            "open": "2.4088",
            "high": "2.4088",
            "low": "2.4088",
            "close": "2.4139"
        },
        {
            "time": "30.10.2020 12:00",
            "open": "2.4139",
            "high": "2.4139",
            "low": "2.4139",
            "close": "2.4197"
        },
        {
            "time": "30.10.2020 12:05",
            "open": "2.4197",
            "high": "2.4197",
            "low": "2.4197",
            "close": "2.4197"
        },
        {
            "time": "30.10.2020 12:07",
            "open": "2.4197",
            "high": "2.4197",
            "low": "2.4197",
            "close": "2.4187"
        },
        {
            "time": "30.10.2020 12:10",
            "open": "2.4187",
            "high": "2.4187",
            "low": "2.4172",
            "close": "2.4159"
        },
        {
            "time": "30.10.2020 12:11",
            "open": "2.4159",
            "high": "2.4159",
            "low": "2.4159",
            "close": "2.4092"
        },
        {
            "time": "30.10.2020 12:12",
            "open": "2.4092",
            "high": "2.4092",
            "low": "2.4092",
            "close": "2.4197"
        },
        {
            "time": "30.10.2020 12:15",
            "open": "2.4197",
            "high": "2.4199",
            "low": "2.4194",
            "close": "2.41"
        },
        {
            "time": "30.10.2020 12:17",
            "open": "2.41",
            "high": "2.4101",
            "low": "2.41",
            "close": "2.4077"
        },
        {
            "time": "30.10.2020 12:25",
            "open": "2.4077",
            "high": "2.4078",
            "low": "2.4077",
            "close": "2.4105"
        },
        {
            "time": "30.10.2020 12:28",
            "open": "2.4105",
            "high": "2.4106",
            "low": "2.4105",
            "close": "2.3985"
        },
        {
            "time": "30.10.2020 12:32",
            "open": "2.3985",
            "high": "2.3993",
            "low": "2.3984",
            "close": "2.3955"
        },
        {
            "time": "30.10.2020 12:37",
            "open": "2.3955",
            "high": "2.3955",
            "low": "2.3955",
            "close": "2.409"
        },
        {
            "time": "30.10.2020 12:41",
            "open": "2.409",
            "high": "2.409",
            "low": "2.409",
            "close": "2.4109"
        },
        {
            "time": "30.10.2020 12:42",
            "open": "2.4109",
            "high": "2.4109",
            "low": "2.4109",
            "close": "2.4178"
        },
        {
            "time": "30.10.2020 12:50",
            "open": "2.4178",
            "high": "2.4178",
            "low": "2.4177",
            "close": "2.424"
        },
        {
            "time": "30.10.2020 12:53",
            "open": "2.424",
            "high": "2.424",
            "low": "2.424",
            "close": "2.4181"
        },
        {
            "time": "30.10.2020 12:55",
            "open": "2.4181",
            "high": "2.4181",
            "low": "2.4181",
            "close": "2.4109"
        },
        {
            "time": "30.10.2020 13:02",
            "open": "2.4109",
            "high": "2.4109",
            "low": "2.4109",
            "close": "2.4083"
        },
        {
            "time": "30.10.2020 13:04",
            "open": "2.4083",
            "high": "2.4083",
            "low": "2.4083",
            "close": "2.4142"
        },
        {
            "time": "30.10.2020 13:14",
            "open": "2.4142",
            "high": "2.4153",
            "low": "2.4142",
            "close": "2.4133"
        },
        {
            "time": "30.10.2020 13:15",
            "open": "2.4133",
            "high": "2.4133",
            "low": "2.4133",
            "close": "2.4236"
        },
        {
            "time": "30.10.2020 13:20",
            "open": "2.4236",
            "high": "2.4236",
            "low": "2.4236",
            "close": "2.4267"
        },
        {
            "time": "30.10.2020 13:21",
            "open": "2.4267",
            "high": "2.4268",
            "low": "2.4267",
            "close": "2.4297"
        },
        {
            "time": "30.10.2020 13:23",
            "open": "2.4297",
            "high": "2.4304",
            "low": "2.4285",
            "close": "2.43"
        },
        {
            "time": "30.10.2020 13:24",
            "open": "2.43",
            "high": "2.43",
            "low": "2.4297",
            "close": "2.432"
        },
        {
            "time": "30.10.2020 13:26",
            "open": "2.432",
            "high": "2.4454",
            "low": "2.432",
            "close": "2.45"
        },
        {
            "time": "30.10.2020 13:27",
            "open": "2.45",
            "high": "2.4531",
            "low": "2.45",
            "close": "2.45"
        },
        {
            "time": "30.10.2020 13:28",
            "open": "2.45",
            "high": "2.4507",
            "low": "2.45",
            "close": "2.4427"
        },
        {
            "time": "30.10.2020 13:30",
            "open": "2.4427",
            "high": "2.4427",
            "low": "2.4427",
            "close": "2.4509"
        },
        {
            "time": "30.10.2020 13:32",
            "open": "2.4509",
            "high": "2.451",
            "low": "2.4509",
            "close": "2.4523"
        },
        {
            "time": "30.10.2020 13:34",
            "open": "2.4523",
            "high": "2.4523",
            "low": "2.4523",
            "close": "2.453"
        },
        {
            "time": "30.10.2020 13:35",
            "open": "2.453",
            "high": "2.4556",
            "low": "2.453",
            "close": "2.4517"
        },
        {
            "time": "30.10.2020 13:36",
            "open": "2.4517",
            "high": "2.4517",
            "low": "2.4517",
            "close": "2.4485"
        },
        {
            "time": "30.10.2020 13:37",
            "open": "2.4485",
            "high": "2.4485",
            "low": "2.4464",
            "close": "2.4413"
        },
        {
            "time": "30.10.2020 13:39",
            "open": "2.4413",
            "high": "2.4414",
            "low": "2.4413",
            "close": "2.4361"
        },
        {
            "time": "30.10.2020 13:41",
            "open": "2.4361",
            "high": "2.4361",
            "low": "2.4361",
            "close": "2.4463"
        },
        {
            "time": "30.10.2020 13:44",
            "open": "2.4463",
            "high": "2.4464",
            "low": "2.4463",
            "close": "2.4432"
        },
        {
            "time": "30.10.2020 13:45",
            "open": "2.4432",
            "high": "2.4432",
            "low": "2.4432",
            "close": "2.449"
        },
        {
            "time": "30.10.2020 13:46",
            "open": "2.449",
            "high": "2.449",
            "low": "2.4487",
            "close": "2.46"
        },
        {
            "time": "30.10.2020 13:48",
            "open": "2.4601",
            "high": "2.4601",
            "low": "2.4601",
            "close": "2.4637"
        },
        {
            "time": "30.10.2020 13:49",
            "open": "2.4637",
            "high": "2.4637",
            "low": "2.4611",
            "close": "2.4599"
        },
        {
            "time": "30.10.2020 13:50",
            "open": "2.4599",
            "high": "2.4599",
            "low": "2.4521",
            "close": "2.4396"
        },
        {
            "time": "30.10.2020 13:51",
            "open": "2.4396",
            "high": "2.4569",
            "low": "2.4396",
            "close": "2.4464"
        },
        {
            "time": "30.10.2020 13:53",
            "open": "2.4464",
            "high": "2.4464",
            "low": "2.4446",
            "close": "2.4455"
        },
        {
            "time": "30.10.2020 13:55",
            "open": "2.4455",
            "high": "2.4456",
            "low": "2.4455",
            "close": "2.4485"
        },
        {
            "time": "30.10.2020 13:58",
            "open": "2.4485",
            "high": "2.4485",
            "low": "2.4484",
            "close": "2.4485"
        },
        {
            "time": "30.10.2020 14:03",
            "open": "2.4485",
            "high": "2.4485",
            "low": "2.4456",
            "close": "2.4456"
        },
        {
            "time": "30.10.2020 14:04",
            "open": "2.4456",
            "high": "2.4456",
            "low": "2.4456",
            "close": "2.4422"
        },
        {
            "time": "30.10.2020 14:06",
            "open": "2.4422",
            "high": "2.4423",
            "low": "2.4422",
            "close": "2.4431"
        },
        {
            "time": "30.10.2020 14:07",
            "open": "2.4431",
            "high": "2.4432",
            "low": "2.4431",
            "close": "2.4406"
        },
        {
            "time": "30.10.2020 14:08",
            "open": "2.4406",
            "high": "2.4406",
            "low": "2.4399",
            "close": "2.45"
        },
        {
            "time": "30.10.2020 14:13",
            "open": "2.45",
            "high": "2.4558",
            "low": "2.45",
            "close": "2.4578"
        },
        {
            "time": "30.10.2020 14:14",
            "open": "2.4578",
            "high": "2.4583",
            "low": "2.4564",
            "close": "2.4546"
        },
        {
            "time": "30.10.2020 14:17",
            "open": "2.4546",
            "high": "2.4546",
            "low": "2.4546",
            "close": "2.4442"
        },
        {
            "time": "30.10.2020 14:20",
            "open": "2.4442",
            "high": "2.4442",
            "low": "2.4442",
            "close": "2.4422"
        },
        {
            "time": "30.10.2020 14:25",
            "open": "2.4422",
            "high": "2.4448",
            "low": "2.4422",
            "close": "2.4554"
        },
        {
            "time": "30.10.2020 14:26",
            "open": "2.4554",
            "high": "2.4554",
            "low": "2.4455",
            "close": "2.446"
        },
        {
            "time": "30.10.2020 14:27",
            "open": "2.446",
            "high": "2.446",
            "low": "2.4445",
            "close": "2.4444"
        },
        {
            "time": "30.10.2020 14:30",
            "open": "2.4444",
            "high": "2.4508",
            "low": "2.4444",
            "close": "2.454"
        },
        {
            "time": "30.10.2020 14:32",
            "open": "2.454",
            "high": "2.4548",
            "low": "2.454",
            "close": "2.4507"
        },
        {
            "time": "30.10.2020 14:34",
            "open": "2.4507",
            "high": "2.4522",
            "low": "2.4486",
            "close": "2.44"
        },
        {
            "time": "30.10.2020 14:40",
            "open": "2.44",
            "high": "2.44",
            "low": "2.44",
            "close": "2.4359"
        },
        {
            "time": "30.10.2020 14:46",
            "open": "2.4359",
            "high": "2.4359",
            "low": "2.4359",
            "close": "2.4477"
        },
        {
            "time": "30.10.2020 14:51",
            "open": "2.4477",
            "high": "2.4477",
            "low": "2.4476",
            "close": "2.4477"
        },
        {
            "time": "30.10.2020 14:52",
            "open": "2.4477",
            "high": "2.4477",
            "low": "2.4467",
            "close": "2.4368"
        },
        {
            "time": "30.10.2020 14:53",
            "open": "2.4368",
            "high": "2.4368",
            "low": "2.4368",
            "close": "2.4345"
        },
        {
            "time": "30.10.2020 14:54",
            "open": "2.4345",
            "high": "2.4345",
            "low": "2.4345",
            "close": "2.4526"
        },
        {
            "time": "30.10.2020 15:04",
            "open": "2.4526",
            "high": "2.4526",
            "low": "2.4499",
            "close": "2.4441"
        },
        {
            "time": "30.10.2020 15:05",
            "open": "2.4441",
            "high": "2.4441",
            "low": "2.4441",
            "close": "2.4344"
        },
        {
            "time": "30.10.2020 15:09",
            "open": "2.4344",
            "high": "2.4344",
            "low": "2.4344",
            "close": "2.4339"
        },
        {
            "time": "30.10.2020 15:19",
            "open": "2.4339",
            "high": "2.4339",
            "low": "2.4339",
            "close": "2.4285"
        },
        {
            "time": "30.10.2020 15:23",
            "open": "2.4285",
            "high": "2.4308",
            "low": "2.4275",
            "close": "2.4269"
        },
        {
            "time": "30.10.2020 15:24",
            "open": "2.4269",
            "high": "2.4269",
            "low": "2.4269",
            "close": "2.4269"
        },
        {
            "time": "30.10.2020 15:25",
            "open": "2.4269",
            "high": "2.4269",
            "low": "2.4269",
            "close": "2.4278"
        },
        {
            "time": "30.10.2020 15:27",
            "open": "2.4278",
            "high": "2.4278",
            "low": "2.4278",
            "close": "2.4236"
        },
        {
            "time": "30.10.2020 15:30",
            "open": "2.4236",
            "high": "2.4236",
            "low": "2.4236",
            "close": "2.4236"
        },
        {
            "time": "30.10.2020 15:32",
            "open": "2.4236",
            "high": "2.4236",
            "low": "2.4236",
            "close": "2.4289"
        },
        {
            "time": "30.10.2020 15:41",
            "open": "2.4289",
            "high": "2.4289",
            "low": "2.4235",
            "close": "2.4231"
        },
        {
            "time": "30.10.2020 15:46",
            "open": "2.4231",
            "high": "2.4231",
            "low": "2.4231",
            "close": "2.4231"
        },
        {
            "time": "30.10.2020 15:51",
            "open": "2.4231",
            "high": "2.4231",
            "low": "2.4231",
            "close": "2.4186"
        },
        {
            "time": "30.10.2020 16:00",
            "open": "2.4186",
            "high": "2.4232",
            "low": "2.4186",
            "close": "2.4311"
        },
        {
            "time": "30.10.2020 16:06",
            "open": "2.4311",
            "high": "2.4311",
            "low": "2.4309",
            "close": "2.4383"
        },
        {
            "time": "30.10.2020 16:07",
            "open": "2.4383",
            "high": "2.4383",
            "low": "2.4382",
            "close": "2.4407"
        },
        {
            "time": "30.10.2020 16:10",
            "open": "2.4407",
            "high": "2.4407",
            "low": "2.4407",
            "close": "2.4462"
        },
        {
            "time": "30.10.2020 16:13",
            "open": "2.4462",
            "high": "2.4462",
            "low": "2.4462",
            "close": "2.4462"
        },
        {
            "time": "30.10.2020 16:17",
            "open": "2.4462",
            "high": "2.4467",
            "low": "2.4449",
            "close": "2.4515"
        },
        {
            "time": "30.10.2020 16:21",
            "open": "2.4515",
            "high": "2.4539",
            "low": "2.4515",
            "close": "2.4611"
        },
        {
            "time": "30.10.2020 16:37",
            "open": "2.4611",
            "high": "2.4611",
            "low": "2.4605",
            "close": "2.4686"
        },
        {
            "time": "30.10.2020 16:39",
            "open": "2.4686",
            "high": "2.4822",
            "low": "2.4686",
            "close": "2.4622"
        },
        {
            "time": "30.10.2020 16:40",
            "open": "2.4622",
            "high": "2.4622",
            "low": "2.4608",
            "close": "2.4682"
        },
        {
            "time": "30.10.2020 16:48",
            "open": "2.4682",
            "high": "2.4686",
            "low": "2.4682",
            "close": "2.4619"
        },
        {
            "time": "30.10.2020 16:57",
            "open": "2.4619",
            "high": "2.4619",
            "low": "2.4619",
            "close": "2.4651"
        },
        {
            "time": "30.10.2020 17:00",
            "open": "2.4651",
            "high": "2.4651",
            "low": "2.4476",
            "close": "2.4498"
        },
        {
            "time": "30.10.2020 17:01",
            "open": "2.4498",
            "high": "2.4499",
            "low": "2.4498",
            "close": "2.441"
        },
        {
            "time": "30.10.2020 17:02",
            "open": "2.441",
            "high": "2.441",
            "low": "2.441",
            "close": "2.4425"
        },
        {
            "time": "30.10.2020 17:04",
            "open": "2.4425",
            "high": "2.4425",
            "low": "2.4423",
            "close": "2.44"
        },
        {
            "time": "30.10.2020 17:09",
            "open": "2.44",
            "high": "2.4411",
            "low": "2.44",
            "close": "2.4361"
        },
        {
            "time": "30.10.2020 17:11",
            "open": "2.4361",
            "high": "2.4409",
            "low": "2.4357",
            "close": "2.4546"
        },
        {
            "time": "30.10.2020 17:15",
            "open": "2.4546",
            "high": "2.4548",
            "low": "2.4546",
            "close": "2.4601"
        },
        {
            "time": "30.10.2020 17:23",
            "open": "2.4601",
            "high": "2.4601",
            "low": "2.4601",
            "close": "2.4667"
        },
        {
            "time": "30.10.2020 17:28",
            "open": "2.4667",
            "high": "2.4667",
            "low": "2.4659",
            "close": "2.4585"
        },
        {
            "time": "30.10.2020 17:31",
            "open": "2.4585",
            "high": "2.4585",
            "low": "2.4578",
            "close": "2.4598"
        },
        {
            "time": "30.10.2020 17:34",
            "open": "2.4598",
            "high": "2.4598",
            "low": "2.4598",
            "close": "2.4528"
        },
        {
            "time": "30.10.2020 17:38",
            "open": "2.4528",
            "high": "2.4528",
            "low": "2.4528",
            "close": "2.4544"
        },
        {
            "time": "30.10.2020 17:39",
            "open": "2.4544",
            "high": "2.4544",
            "low": "2.4543",
            "close": "2.4554"
        },
        {
            "time": "30.10.2020 17:42",
            "open": "2.4554",
            "high": "2.4554",
            "low": "2.4553",
            "close": "2.4674"
        },
        {
            "time": "30.10.2020 17:49",
            "open": "2.4674",
            "high": "2.4676",
            "low": "2.4674",
            "close": "2.4673"
        },
        {
            "time": "30.10.2020 17:50",
            "open": "2.4673",
            "high": "2.4685",
            "low": "2.4673",
            "close": "2.4645"
        },
        {
            "time": "30.10.2020 17:52",
            "open": "2.4645",
            "high": "2.4645",
            "low": "2.4645",
            "close": "2.4647"
        },
        {
            "time": "30.10.2020 17:53",
            "open": "2.4647",
            "high": "2.4659",
            "low": "2.4647",
            "close": "2.4691"
        },
        {
            "time": "30.10.2020 17:59",
            "open": "2.4691",
            "high": "2.4691",
            "low": "2.4691",
            "close": "2.475"
        },
        {
            "time": "30.10.2020 18:01",
            "open": "2.475",
            "high": "2.475",
            "low": "2.475",
            "close": "2.4743"
        },
        {
            "time": "30.10.2020 18:02",
            "open": "2.4743",
            "high": "2.4743",
            "low": "2.4743",
            "close": "2.4823"
        },
        {
            "time": "30.10.2020 18:04",
            "open": "2.4823",
            "high": "2.4853",
            "low": "2.4805",
            "close": "2.4817"
        },
        {
            "time": "30.10.2020 18:05",
            "open": "2.4817",
            "high": "2.4817",
            "low": "2.4817",
            "close": "2.4879"
        },
        {
            "time": "30.10.2020 18:06",
            "open": "2.4879",
            "high": "2.488",
            "low": "2.4879",
            "close": "2.488"
        },
        {
            "time": "30.10.2020 18:07",
            "open": "2.488",
            "high": "2.4926",
            "low": "2.488",
            "close": "2.4855"
        },
        {
            "time": "30.10.2020 18:09",
            "open": "2.4855",
            "high": "2.4855",
            "low": "2.4854",
            "close": "2.488"
        },
        {
            "time": "30.10.2020 18:10",
            "open": "2.488",
            "high": "2.488",
            "low": "2.488",
            "close": "2.488"
        },
        {
            "time": "30.10.2020 18:12",
            "open": "2.488",
            "high": "2.488",
            "low": "2.4862",
            "close": "2.4776"
        },
        {
            "time": "30.10.2020 18:14",
            "open": "2.4776",
            "high": "2.4776",
            "low": "2.4764",
            "close": "2.4799"
        },
        {
            "time": "30.10.2020 18:17",
            "open": "2.4799",
            "high": "2.4799",
            "low": "2.4751",
            "close": "2.4865"
        },
        {
            "time": "30.10.2020 18:21",
            "open": "2.4865",
            "high": "2.4868",
            "low": "2.4865",
            "close": "2.4794"
        },
        {
            "time": "30.10.2020 18:32",
            "open": "2.4794",
            "high": "2.4794",
            "low": "2.4794",
            "close": "2.4807"
        },
        {
            "time": "30.10.2020 18:40",
            "open": "2.4807",
            "high": "2.4807",
            "low": "2.4807",
            "close": "2.4796"
        },
        {
            "time": "30.10.2020 18:41",
            "open": "2.4796",
            "high": "2.4799",
            "low": "2.4793",
            "close": "2.4752"
        },
        {
            "time": "30.10.2020 18:47",
            "open": "2.4752",
            "high": "2.4753",
            "low": "2.4752",
            "close": "2.4754"
        },
        {
            "time": "30.10.2020 18:48",
            "open": "2.4754",
            "high": "2.4754",
            "low": "2.4754",
            "close": "2.4752"
        },
        {
            "time": "30.10.2020 18:51",
            "open": "2.4752",
            "high": "2.4802",
            "low": "2.4731",
            "close": "2.4758"
        },
        {
            "time": "30.10.2020 18:55",
            "open": "2.4758",
            "high": "2.4758",
            "low": "2.4758",
            "close": "2.4786"
        },
        {
            "time": "30.10.2020 19:03",
            "open": "2.4786",
            "high": "2.4792",
            "low": "2.4786",
            "close": "2.4786"
        },
        {
            "time": "30.10.2020 19:17",
            "open": "2.4786",
            "high": "2.4786",
            "low": "2.4786",
            "close": "2.4804"
        },
        {
            "time": "30.10.2020 19:18",
            "open": "2.4804",
            "high": "2.4804",
            "low": "2.4804",
            "close": "2.4818"
        },
        {
            "time": "30.10.2020 19:23",
            "open": "2.4818",
            "high": "2.4867",
            "low": "2.4818",
            "close": "2.4798"
        },
        {
            "time": "30.10.2020 19:27",
            "open": "2.4798",
            "high": "2.4798",
            "low": "2.4785",
            "close": "2.4755"
        },
        {
            "time": "30.10.2020 19:31",
            "open": "2.4755",
            "high": "2.4755",
            "low": "2.4755",
            "close": "2.48"
        },
        {
            "time": "30.10.2020 19:44",
            "open": "2.48",
            "high": "2.48",
            "low": "2.48",
            "close": "2.4962"
        },
        {
            "time": "30.10.2020 19:48",
            "open": "2.4962",
            "high": "2.4962",
            "low": "2.4962",
            "close": "2.4951"
        },
        {
            "time": "30.10.2020 19:49",
            "open": "2.4951",
            "high": "2.4951",
            "low": "2.4949",
            "close": "2.4991"
        },
        {
            "time": "30.10.2020 19:50",
            "open": "2.4991",
            "high": "2.4998",
            "low": "2.4991",
            "close": "2.4998"
        },
        {
            "time": "30.10.2020 19:56",
            "open": "2.4998",
            "high": "2.4998",
            "low": "2.4998",
            "close": "2.4997"
        },
        {
            "time": "30.10.2020 19:58",
            "open": "2.4997",
            "high": "2.4997",
            "low": "2.4997",
            "close": "2.4997"
        },
        {
            "time": "30.10.2020 19:59",
            "open": "2.4997",
            "high": "2.4997",
            "low": "2.4997",
            "close": "2.5"
        },
        {
            "time": "30.10.2020 20:02",
            "open": "2.5",
            "high": "2.5",
            "low": "2.5",
            "close": "2.4992"
        },
        {
            "time": "30.10.2020 20:05",
            "open": "2.4992",
            "high": "2.4992",
            "low": "2.4989",
            "close": "2.4997"
        },
        {
            "time": "30.10.2020 20:06",
            "open": "2.4997",
            "high": "2.4997",
            "low": "2.4984",
            "close": "2.49"
        },
        {
            "time": "30.10.2020 20:07",
            "open": "2.49",
            "high": "2.49",
            "low": "2.49",
            "close": "2.4892"
        },
        {
            "time": "30.10.2020 20:10",
            "open": "2.4892",
            "high": "2.4892",
            "low": "2.4892",
            "close": "2.4849"
        },
        {
            "time": "30.10.2020 20:12",
            "open": "2.4849",
            "high": "2.4849",
            "low": "2.4842",
            "close": "2.4826"
        },
        {
            "time": "30.10.2020 20:13",
            "open": "2.4826",
            "high": "2.4826",
            "low": "2.4811",
            "close": "2.47"
        },
        {
            "time": "30.10.2020 20:16",
            "open": "2.47",
            "high": "2.47",
            "low": "2.47",
            "close": "2.465"
        },
        {
            "time": "30.10.2020 20:17",
            "open": "2.465",
            "high": "2.465",
            "low": "2.465",
            "close": "2.4628"
        },
        {
            "time": "30.10.2020 20:20",
            "open": "2.4628",
            "high": "2.4703",
            "low": "2.4628",
            "close": "2.4701"
        },
        {
            "time": "30.10.2020 20:24",
            "open": "2.4701",
            "high": "2.4701",
            "low": "2.4701",
            "close": "2.4781"
        },
        {
            "time": "30.10.2020 20:30",
            "open": "2.4781",
            "high": "2.4791",
            "low": "2.4781",
            "close": "2.4925"
        },
        {
            "time": "30.10.2020 20:47",
            "open": "2.4925",
            "high": "2.4925",
            "low": "2.4925",
            "close": "2.489"
        },
        {
            "time": "30.10.2020 20:53",
            "open": "2.489",
            "high": "2.4891",
            "low": "2.489",
            "close": "2.4887"
        },
        {
            "time": "30.10.2020 21:08",
            "open": "2.4887",
            "high": "2.4887",
            "low": "2.4887",
            "close": "2.4929"
        },
        {
            "time": "30.10.2020 21:17",
            "open": "2.4929",
            "high": "2.4929",
            "low": "2.4929",
            "close": "2.5"
        },
        {
            "time": "30.10.2020 21:23",
            "open": "2.5",
            "high": "2.5",
            "low": "2.5",
            "close": "2.5047"
        },
        {
            "time": "30.10.2020 21:26",
            "open": "2.5047",
            "high": "2.5048",
            "low": "2.5047",
            "close": "2.5012"
        },
        {
            "time": "30.10.2020 21:28",
            "open": "2.5012",
            "high": "2.5012",
            "low": "2.5012",
            "close": "2.4956"
        },
        {
            "time": "30.10.2020 21:31",
            "open": "2.4956",
            "high": "2.4956",
            "low": "2.4939",
            "close": "2.4822"
        },
        {
            "time": "30.10.2020 21:32",
            "open": "2.4822",
            "high": "2.4822",
            "low": "2.4822",
            "close": "2.474"
        },
        {
            "time": "30.10.2020 21:33",
            "open": "2.474",
            "high": "2.474",
            "low": "2.4674",
            "close": "2.4768"
        },
        {
            "time": "30.10.2020 21:36",
            "open": "2.4768",
            "high": "2.4768",
            "low": "2.4768",
            "close": "2.4745"
        },
        {
            "time": "30.10.2020 21:37",
            "open": "2.4745",
            "high": "2.4745",
            "low": "2.4745",
            "close": "2.4758"
        },
        {
            "time": "30.10.2020 21:38",
            "open": "2.4758",
            "high": "2.4758",
            "low": "2.4758",
            "close": "2.4738"
        },
        {
            "time": "30.10.2020 21:45",
            "open": "2.4738",
            "high": "2.4739",
            "low": "2.4738",
            "close": "2.4766"
        },
        {
            "time": "30.10.2020 21:51",
            "open": "2.4766",
            "high": "2.4766",
            "low": "2.4766",
            "close": "2.4789"
        },
        {
            "time": "30.10.2020 21:56",
            "open": "2.4789",
            "high": "2.4789",
            "low": "2.4789",
            "close": "2.4784"
        },
        {
            "time": "30.10.2020 21:57",
            "open": "2.4785",
            "high": "2.4785",
            "low": "2.4785",
            "close": "2.46"
        },
        {
            "time": "30.10.2020 22:10",
            "open": "2.46",
            "high": "2.46",
            "low": "2.46",
            "close": "2.46"
        },
        {
            "time": "30.10.2020 22:11",
            "open": "2.46",
            "high": "2.46",
            "low": "2.46",
            "close": "2.4774"
        },
        {
            "time": "30.10.2020 22:18",
            "open": "2.4774",
            "high": "2.4774",
            "low": "2.4774",
            "close": "2.4827"
        },
        {
            "time": "30.10.2020 22:41",
            "open": "2.4827",
            "high": "2.4827",
            "low": "2.4827",
            "close": "2.4882"
        },
        {
            "time": "30.10.2020 22:42",
            "open": "2.4882",
            "high": "2.4882",
            "low": "2.4882",
            "close": "2.4882"
        },
        {
            "time": "30.10.2020 22:45",
            "open": "2.4882",
            "high": "2.4918",
            "low": "2.4882",
            "close": "2.4978"
        },
        {
            "time": "30.10.2020 22:49",
            "open": "2.4978",
            "high": "2.4979",
            "low": "2.4978",
            "close": "2.4966"
        },
        {
            "time": "30.10.2020 22:51",
            "open": "2.4966",
            "high": "2.497",
            "low": "2.4966",
            "close": "2.4934"
        },
        {
            "time": "30.10.2020 22:54",
            "open": "2.4934",
            "high": "2.4934",
            "low": "2.4934",
            "close": "2.4913"
        },
        {
            "time": "30.10.2020 23:00",
            "open": "2.4913",
            "high": "2.4914",
            "low": "2.4913",
            "close": "2.4814"
        },
        {
            "time": "30.10.2020 23:11",
            "open": "2.4814",
            "high": "2.482",
            "low": "2.4814",
            "close": "2.4889"
        },
        {
            "time": "30.10.2020 23:12",
            "open": "2.4889",
            "high": "2.4893",
            "low": "2.4889",
            "close": "2.4877"
        },
        {
            "time": "30.10.2020 23:13",
            "open": "2.4877",
            "high": "2.4877",
            "low": "2.4877",
            "close": "2.4819"
        },
        {
            "time": "30.10.2020 23:29",
            "open": "2.4819",
            "high": "2.482",
            "low": "2.4819",
            "close": "2.4772"
        },
        {
            "time": "30.10.2020 23:33",
            "open": "2.4772",
            "high": "2.4772",
            "low": "2.4749",
            "close": "2.4807"
        },
        {
            "time": "30.10.2020 23:40",
            "open": "2.4807",
            "high": "2.4807",
            "low": "2.4807",
            "close": "2.4802"
        },
        {
            "time": "30.10.2020 23:48",
            "open": "2.4802",
            "high": "2.4802",
            "low": "2.4802",
            "close": "2.4728"
        },
        {
            "time": "30.10.2020 23:51",
            "open": "2.4728",
            "high": "2.4728",
            "low": "2.4722",
            "close": "2.4638"
        },
        {
            "time": "30.10.2020 23:55",
            "open": "2.4638",
            "high": "2.4638",
            "low": "2.4638",
            "close": "2.4709"
        }
    ]
}