{
    "OMG-EUR": [
        {
            "time": "18.12.2020 23:58",
            "open": "2.6307",
            "high": "2.6307",
            "low": "2.6301",
            "close": "2.6288"
        },
        {
            "time": "19.12.2020 00:04",
            "open": "2.6288",
            "high": "2.6288",
            "low": "2.6288",
            "close": "2.6335"
        },
        {
            "time": "19.12.2020 00:07",
            "open": "2.6335",
            "high": "2.6345",
            "low": "2.6335",
            "close": "2.6347"
        },
        {
            "time": "19.12.2020 00:08",
            "open": "2.6347",
            "high": "2.6347",
            "low": "2.6347",
            "close": "2.637"
        },
        {
            "time": "19.12.2020 00:09",
            "open": "2.637",
            "high": "2.637",
            "low": "2.637",
            "close": "2.6431"
        },
        {
            "time": "19.12.2020 00:26",
            "open": "2.6431",
            "high": "2.6431",
            "low": "2.6431",
            "close": "2.6429"
        },
        {
            "time": "19.12.2020 00:27",
            "open": "2.6429",
            "high": "2.6429",
            "low": "2.6426",
            "close": "2.6419"
        },
        {
            "time": "19.12.2020 00:28",
            "open": "2.6419",
            "high": "2.6421",
            "low": "2.6418",
            "close": "2.6444"
        },
        {
            "time": "19.12.2020 00:36",
            "open": "2.6444",
            "high": "2.6444",
            "low": "2.6444",
            "close": "2.6457"
        },
        {
            "time": "19.12.2020 00:43",
            "open": "2.6457",
            "high": "2.6472",
            "low": "2.6457",
            "close": "2.6472"
        },
        {
            "time": "19.12.2020 01:03",
            "open": "2.6472",
            "high": "2.6472",
            "low": "2.6472",
            "close": "2.6445"
        },
        {
            "time": "19.12.2020 01:07",
            "open": "2.6445",
            "high": "2.6445",
            "low": "2.6445",
            "close": "2.6445"
        },
        {
            "time": "19.12.2020 01:08",
            "open": "2.6445",
            "high": "2.6445",
            "low": "2.6445",
            "close": "2.6416"
        },
        {
            "time": "19.12.2020 01:20",
            "open": "2.6416",
            "high": "2.6416",
            "low": "2.6416",
            "close": "2.6416"
        },
        {
            "time": "19.12.2020 01:23",
            "open": "2.6416",
            "high": "2.6445",
            "low": "2.6416",
            "close": "2.6478"
        },
        {
            "time": "19.12.2020 01:25",
            "open": "2.6478",
            "high": "2.6478",
            "low": "2.6478",
            "close": "2.6454"
        },
        {
            "time": "19.12.2020 01:28",
            "open": "2.6454",
            "high": "2.6454",
            "low": "2.6451",
            "close": "2.6466"
        },
        {
            "time": "19.12.2020 01:30",
            "open": "2.6466",
            "high": "2.6466",
            "low": "2.6466",
            "close": "2.6492"
        },
        {
            "time": "19.12.2020 01:33",
            "open": "2.6492",
            "high": "2.6492",
            "low": "2.6492",
            "close": "2.6462"
        },
        {
            "time": "19.12.2020 01:34",
            "open": "2.6462",
            "high": "2.6462",
            "low": "2.6462",
            "close": "2.6467"
        },
        {
            "time": "19.12.2020 01:42",
            "open": "2.6467",
            "high": "2.6467",
            "low": "2.6462",
            "close": "2.6435"
        },
        {
            "time": "19.12.2020 01:47",
            "open": "2.6435",
            "high": "2.6435",
            "low": "2.6435",
            "close": "2.6579"
        },
        {
            "time": "19.12.2020 01:53",
            "open": "2.6579",
            "high": "2.6579",
            "low": "2.6579",
            "close": "2.6612"
        },
        {
            "time": "19.12.2020 01:58",
            "open": "2.6612",
            "high": "2.6613",
            "low": "2.6612",
            "close": "2.6558"
        },
        {
            "time": "19.12.2020 01:59",
            "open": "2.6558",
            "high": "2.6558",
            "low": "2.6558",
            "close": "2.6743"
        },
        {
            "time": "19.12.2020 02:14",
            "open": "2.6743",
            "high": "2.6743",
            "low": "2.6743",
            "close": "2.673"
        },
        {
            "time": "19.12.2020 02:16",
            "open": "2.673",
            "high": "2.673",
            "low": "2.673",
            "close": "2.6707"
        },
        {
            "time": "19.12.2020 02:17",
            "open": "2.6707",
            "high": "2.6707",
            "low": "2.6707",
            "close": "2.6707"
        },
        {
            "time": "19.12.2020 02:19",
            "open": "2.6707",
            "high": "2.671",
            "low": "2.6707",
            "close": "2.671"
        },
        {
            "time": "19.12.2020 02:20",
            "open": "2.671",
            "high": "2.671",
            "low": "2.6659",
            "close": "2.6572"
        },
        {
            "time": "19.12.2020 02:24",
            "open": "2.6572",
            "high": "2.6573",
            "low": "2.6572",
            "close": "2.6612"
        },
        {
            "time": "19.12.2020 02:25",
            "open": "2.6612",
            "high": "2.6612",
            "low": "2.6612",
            "close": "2.67"
        },
        {
            "time": "19.12.2020 02:31",
            "open": "2.67",
            "high": "2.6704",
            "low": "2.67",
            "close": "2.6697"
        },
        {
            "time": "19.12.2020 02:37",
            "open": "2.6697",
            "high": "2.6697",
            "low": "2.6676",
            "close": "2.6705"
        },
        {
            "time": "19.12.2020 02:44",
            "open": "2.6705",
            "high": "2.6733",
            "low": "2.6705",
            "close": "2.6736"
        },
        {
            "time": "19.12.2020 02:47",
            "open": "2.6736",
            "high": "2.6736",
            "low": "2.6736",
            "close": "2.6735"
        },
        {
            "time": "19.12.2020 02:49",
            "open": "2.6735",
            "high": "2.6735",
            "low": "2.6735",
            "close": "2.6735"
        },
        {
            "time": "19.12.2020 02:52",
            "open": "2.6735",
            "high": "2.6735",
            "low": "2.6713",
            "close": "2.6719"
        },
        {
            "time": "19.12.2020 02:55",
            "open": "2.6719",
            "high": "2.6719",
            "low": "2.6719",
            "close": "2.6749"
        },
        {
            "time": "19.12.2020 03:00",
            "open": "2.6749",
            "high": "2.6772",
            "low": "2.6742",
            "close": "2.6744"
        },
        {
            "time": "19.12.2020 03:01",
            "open": "2.6744",
            "high": "2.6744",
            "low": "2.6744",
            "close": "2.6714"
        },
        {
            "time": "19.12.2020 03:03",
            "open": "2.6714",
            "high": "2.6752",
            "low": "2.6691",
            "close": "2.6709"
        },
        {
            "time": "19.12.2020 03:09",
            "open": "2.6709",
            "high": "2.6709",
            "low": "2.6709",
            "close": "2.6787"
        },
        {
            "time": "19.12.2020 03:21",
            "open": "2.6787",
            "high": "2.6788",
            "low": "2.6787",
            "close": "2.6753"
        },
        {
            "time": "19.12.2020 03:22",
            "open": "2.6753",
            "high": "2.6753",
            "low": "2.6753",
            "close": "2.6808"
        },
        {
            "time": "19.12.2020 03:25",
            "open": "2.6808",
            "high": "2.6863",
            "low": "2.6808",
            "close": "2.6862"
        },
        {
            "time": "19.12.2020 03:26",
            "open": "2.6862",
            "high": "2.687",
            "low": "2.6861",
            "close": "2.6886"
        },
        {
            "time": "19.12.2020 03:27",
            "open": "2.6886",
            "high": "2.6887",
            "low": "2.6886",
            "close": "2.6887"
        },
        {
            "time": "19.12.2020 03:31",
            "open": "2.6887",
            "high": "2.6899",
            "low": "2.6887",
            "close": "2.6887"
        },
        {
            "time": "19.12.2020 03:37",
            "open": "2.6887",
            "high": "2.6887",
            "low": "2.6886",
            "close": "2.6935"
        },
        {
            "time": "19.12.2020 03:38",
            "open": "2.6935",
            "high": "2.6935",
            "low": "2.6935",
            "close": "2.6936"
        },
        {
            "time": "19.12.2020 03:40",
            "open": "2.6936",
            "high": "2.6955",
            "low": "2.6936",
            "close": "2.6988"
        },
        {
            "time": "19.12.2020 03:43",
            "open": "2.6988",
            "high": "2.6989",
            "low": "2.6988",
            "close": "2.6971"
        },
        {
            "time": "19.12.2020 03:45",
            "open": "2.6971",
            "high": "2.6971",
            "low": "2.6971",
            "close": "2.6896"
        },
        {
            "time": "19.12.2020 03:49",
            "open": "2.6896",
            "high": "2.6896",
            "low": "2.6896",
            "close": "2.6965"
        },
        {
            "time": "19.12.2020 04:11",
            "open": "2.6965",
            "high": "2.6965",
            "low": "2.6965",
            "close": "2.7"
        },
        {
            "time": "19.12.2020 04:16",
            "open": "2.7",
            "high": "2.7",
            "low": "2.7",
            "close": "2.7019"
        },
        {
            "time": "19.12.2020 04:22",
            "open": "2.7019",
            "high": "2.7021",
            "low": "2.7019",
            "close": "2.704"
        },
        {
            "time": "19.12.2020 04:31",
            "open": "2.704",
            "high": "2.708",
            "low": "2.704",
            "close": "2.709"
        },
        {
            "time": "19.12.2020 04:45",
            "open": "2.709",
            "high": "2.71",
            "low": "2.709",
            "close": "2.7152"
        },
        {
            "time": "19.12.2020 04:48",
            "open": "2.7152",
            "high": "2.7152",
            "low": "2.7152",
            "close": "2.7173"
        },
        {
            "time": "19.12.2020 04:51",
            "open": "2.7173",
            "high": "2.7173",
            "low": "2.7158",
            "close": "2.7226"
        },
        {
            "time": "19.12.2020 04:52",
            "open": "2.7226",
            "high": "2.7226",
            "low": "2.7226",
            "close": "2.7226"
        },
        {
            "time": "19.12.2020 04:53",
            "open": "2.7226",
            "high": "2.7226",
            "low": "2.7226",
            "close": "2.73"
        },
        {
            "time": "19.12.2020 04:55",
            "open": "2.73",
            "high": "2.7343",
            "low": "2.73",
            "close": "2.7374"
        },
        {
            "time": "19.12.2020 04:56",
            "open": "2.7374",
            "high": "2.7374",
            "low": "2.7374",
            "close": "2.7408"
        },
        {
            "time": "19.12.2020 04:57",
            "open": "2.7408",
            "high": "2.7408",
            "low": "2.7408",
            "close": "2.7407"
        },
        {
            "time": "19.12.2020 05:00",
            "open": "2.7407",
            "high": "2.743",
            "low": "2.7407",
            "close": "2.7255"
        },
        {
            "time": "19.12.2020 05:03",
            "open": "2.7255",
            "high": "2.7319",
            "low": "2.7255",
            "close": "2.7283"
        },
        {
            "time": "19.12.2020 05:08",
            "open": "2.7283",
            "high": "2.7283",
            "low": "2.7283",
            "close": "2.7227"
        },
        {
            "time": "19.12.2020 05:12",
            "open": "2.7227",
            "high": "2.7227",
            "low": "2.7227",
            "close": "2.7223"
        },
        {
            "time": "19.12.2020 05:18",
            "open": "2.7223",
            "high": "2.7223",
            "low": "2.7218",
            "close": "2.721"
        },
        {
            "time": "19.12.2020 05:21",
            "open": "2.721",
            "high": "2.721",
            "low": "2.721",
            "close": "2.7267"
        },
        {
            "time": "19.12.2020 05:22",
            "open": "2.7267",
            "high": "2.7267",
            "low": "2.7267",
            "close": "2.7243"
        },
        {
            "time": "19.12.2020 05:24",
            "open": "2.7243",
            "high": "2.7243",
            "low": "2.723",
            "close": "2.7252"
        },
        {
            "time": "19.12.2020 05:32",
            "open": "2.7252",
            "high": "2.7273",
            "low": "2.7252",
            "close": "2.7275"
        },
        {
            "time": "19.12.2020 05:33",
            "open": "2.7275",
            "high": "2.7319",
            "low": "2.7275",
            "close": "2.7274"
        },
        {
            "time": "19.12.2020 05:46",
            "open": "2.7274",
            "high": "2.7285",
            "low": "2.7271",
            "close": "2.7273"
        },
        {
            "time": "19.12.2020 05:47",
            "open": "2.7273",
            "high": "2.7281",
            "low": "2.7273",
            "close": "2.7304"
        },
        {
            "time": "19.12.2020 05:54",
            "open": "2.7304",
            "high": "2.7305",
            "low": "2.7304",
            "close": "2.7254"
        },
        {
            "time": "19.12.2020 05:58",
            "open": "2.7254",
            "high": "2.7276",
            "low": "2.7254",
            "close": "2.7233"
        },
        {
            "time": "19.12.2020 06:04",
            "open": "2.7233",
            "high": "2.7233",
            "low": "2.7218",
            "close": "2.7216"
        },
        {
            "time": "19.12.2020 06:05",
            "open": "2.7216",
            "high": "2.7245",
            "low": "2.7216",
            "close": "2.725"
        },
        {
            "time": "19.12.2020 06:10",
            "open": "2.725",
            "high": "2.725",
            "low": "2.7083",
            "close": "2.7176"
        },
        {
            "time": "19.12.2020 06:14",
            "open": "2.7176",
            "high": "2.7176",
            "low": "2.7141",
            "close": "2.7219"
        },
        {
            "time": "19.12.2020 06:18",
            "open": "2.7219",
            "high": "2.7238",
            "low": "2.7219",
            "close": "2.7257"
        },
        {
            "time": "19.12.2020 06:19",
            "open": "2.7257",
            "high": "2.7257",
            "low": "2.7256",
            "close": "2.7272"
        },
        {
            "time": "19.12.2020 06:21",
            "open": "2.7272",
            "high": "2.7272",
            "low": "2.7266",
            "close": "2.7266"
        },
        {
            "time": "19.12.2020 06:23",
            "open": "2.7266",
            "high": "2.7267",
            "low": "2.7266",
            "close": "2.7233"
        },
        {
            "time": "19.12.2020 06:24",
            "open": "2.7233",
            "high": "2.7233",
            "low": "2.7224",
            "close": "2.7231"
        },
        {
            "time": "19.12.2020 06:25",
            "open": "2.7231",
            "high": "2.7231",
            "low": "2.7224",
            "close": "2.7261"
        },
        {
            "time": "19.12.2020 06:26",
            "open": "2.7261",
            "high": "2.7269",
            "low": "2.7261",
            "close": "2.7235"
        },
        {
            "time": "19.12.2020 06:28",
            "open": "2.7235",
            "high": "2.7235",
            "low": "2.7235",
            "close": "2.7289"
        },
        {
            "time": "19.12.2020 06:29",
            "open": "2.7289",
            "high": "2.7289",
            "low": "2.7289",
            "close": "2.717"
        },
        {
            "time": "19.12.2020 06:31",
            "open": "2.717",
            "high": "2.717",
            "low": "2.717",
            "close": "2.7193"
        },
        {
            "time": "19.12.2020 06:33",
            "open": "2.7193",
            "high": "2.7193",
            "low": "2.7158",
            "close": "2.7239"
        },
        {
            "time": "19.12.2020 06:35",
            "open": "2.7239",
            "high": "2.7239",
            "low": "2.7238",
            "close": "2.7253"
        },
        {
            "time": "19.12.2020 06:39",
            "open": "2.7253",
            "high": "2.7292",
            "low": "2.7253",
            "close": "2.7265"
        },
        {
            "time": "19.12.2020 06:40",
            "open": "2.7265",
            "high": "2.7265",
            "low": "2.7265",
            "close": "2.7405"
        },
        {
            "time": "19.12.2020 06:44",
            "open": "2.7405",
            "high": "2.7405",
            "low": "2.7405",
            "close": "2.7363"
        },
        {
            "time": "19.12.2020 06:45",
            "open": "2.7363",
            "high": "2.7363",
            "low": "2.7363",
            "close": "2.7394"
        },
        {
            "time": "19.12.2020 06:47",
            "open": "2.7394",
            "high": "2.7394",
            "low": "2.7394",
            "close": "2.7445"
        },
        {
            "time": "19.12.2020 06:48",
            "open": "2.7445",
            "high": "2.7476",
            "low": "2.7436",
            "close": "2.7459"
        },
        {
            "time": "19.12.2020 06:50",
            "open": "2.7459",
            "high": "2.7485",
            "low": "2.7459",
            "close": "2.7485"
        },
        {
            "time": "19.12.2020 06:52",
            "open": "2.7485",
            "high": "2.7541",
            "low": "2.7485",
            "close": "2.7522"
        },
        {
            "time": "19.12.2020 06:53",
            "open": "2.7522",
            "high": "2.754",
            "low": "2.7522",
            "close": "2.7541"
        },
        {
            "time": "19.12.2020 06:54",
            "open": "2.7541",
            "high": "2.7541",
            "low": "2.7541",
            "close": "2.7541"
        },
        {
            "time": "19.12.2020 06:55",
            "open": "2.7541",
            "high": "2.7541",
            "low": "2.7498",
            "close": "2.7477"
        },
        {
            "time": "19.12.2020 06:56",
            "open": "2.7477",
            "high": "2.7477",
            "low": "2.7477",
            "close": "2.7541"
        },
        {
            "time": "19.12.2020 06:57",
            "open": "2.7541",
            "high": "2.7541",
            "low": "2.7541",
            "close": "2.7464"
        },
        {
            "time": "19.12.2020 07:02",
            "open": "2.7464",
            "high": "2.7464",
            "low": "2.7464",
            "close": "2.7416"
        },
        {
            "time": "19.12.2020 07:03",
            "open": "2.7416",
            "high": "2.7416",
            "low": "2.7416",
            "close": "2.746"
        },
        {
            "time": "19.12.2020 07:04",
            "open": "2.746",
            "high": "2.746",
            "low": "2.7459",
            "close": "2.7346"
        },
        {
            "time": "19.12.2020 07:13",
            "open": "2.7346",
            "high": "2.7346",
            "low": "2.7346",
            "close": "2.7346"
        },
        {
            "time": "19.12.2020 07:14",
            "open": "2.7346",
            "high": "2.7346",
            "low": "2.7346",
            "close": "2.7383"
        },
        {
            "time": "19.12.2020 07:15",
            "open": "2.7383",
            "high": "2.7384",
            "low": "2.7383",
            "close": "2.7348"
        },
        {
            "time": "19.12.2020 07:17",
            "open": "2.7348",
            "high": "2.7348",
            "low": "2.7348",
            "close": "2.7349"
        },
        {
            "time": "19.12.2020 07:18",
            "open": "2.7349",
            "high": "2.7349",
            "low": "2.7349",
            "close": "2.7349"
        },
        {
            "time": "19.12.2020 07:19",
            "open": "2.7349",
            "high": "2.7349",
            "low": "2.7245",
            "close": "2.7232"
        },
        {
            "time": "19.12.2020 07:23",
            "open": "2.7232",
            "high": "2.7232",
            "low": "2.7232",
            "close": "2.7191"
        },
        {
            "time": "19.12.2020 07:24",
            "open": "2.7191",
            "high": "2.7192",
            "low": "2.7128",
            "close": "2.7123"
        },
        {
            "time": "19.12.2020 07:25",
            "open": "2.7123",
            "high": "2.7136",
            "low": "2.7123",
            "close": "2.7156"
        },
        {
            "time": "19.12.2020 07:27",
            "open": "2.7156",
            "high": "2.7156",
            "low": "2.7155",
            "close": "2.7184"
        },
        {
            "time": "19.12.2020 07:29",
            "open": "2.7184",
            "high": "2.7184",
            "low": "2.7184",
            "close": "2.7097"
        },
        {
            "time": "19.12.2020 07:37",
            "open": "2.7097",
            "high": "2.71",
            "low": "2.7097",
            "close": "2.7083"
        },
        {
            "time": "19.12.2020 07:38",
            "open": "2.7083",
            "high": "2.7083",
            "low": "2.7082",
            "close": "2.7083"
        },
        {
            "time": "19.12.2020 07:40",
            "open": "2.7083",
            "high": "2.7083",
            "low": "2.7083",
            "close": "2.712"
        },
        {
            "time": "19.12.2020 07:44",
            "open": "2.712",
            "high": "2.712",
            "low": "2.712",
            "close": "2.7158"
        },
        {
            "time": "19.12.2020 07:50",
            "open": "2.7158",
            "high": "2.7158",
            "low": "2.7158",
            "close": "2.7118"
        },
        {
            "time": "19.12.2020 07:54",
            "open": "2.7118",
            "high": "2.7118",
            "low": "2.7118",
            "close": "2.7121"
        },
        {
            "time": "19.12.2020 08:02",
            "open": "2.7121",
            "high": "2.7121",
            "low": "2.7121",
            "close": "2.7129"
        },
        {
            "time": "19.12.2020 08:06",
            "open": "2.7129",
            "high": "2.7129",
            "low": "2.7129",
            "close": "2.7137"
        },
        {
            "time": "19.12.2020 08:07",
            "open": "2.7137",
            "high": "2.7137",
            "low": "2.7137",
            "close": "2.7092"
        },
        {
            "time": "19.12.2020 08:09",
            "open": "2.7092",
            "high": "2.7097",
            "low": "2.7071",
            "close": "2.7087"
        },
        {
            "time": "19.12.2020 08:11",
            "open": "2.7087",
            "high": "2.7087",
            "low": "2.7086",
            "close": "2.7108"
        },
        {
            "time": "19.12.2020 08:14",
            "open": "2.7108",
            "high": "2.7108",
            "low": "2.7108",
            "close": "2.7093"
        },
        {
            "time": "19.12.2020 08:16",
            "open": "2.7093",
            "high": "2.7094",
            "low": "2.7093",
            "close": "2.7088"
        },
        {
            "time": "19.12.2020 08:22",
            "open": "2.7088",
            "high": "2.7094",
            "low": "2.7088",
            "close": "2.7099"
        },
        {
            "time": "19.12.2020 08:23",
            "open": "2.7099",
            "high": "2.712",
            "low": "2.7041",
            "close": "2.7084"
        },
        {
            "time": "19.12.2020 08:32",
            "open": "2.7084",
            "high": "2.7096",
            "low": "2.7084",
            "close": "2.7044"
        },
        {
            "time": "19.12.2020 08:34",
            "open": "2.7044",
            "high": "2.7044",
            "low": "2.7044",
            "close": "2.7068"
        },
        {
            "time": "19.12.2020 08:35",
            "open": "2.7068",
            "high": "2.7068",
            "low": "2.6795",
            "close": "2.7062"
        },
        {
            "time": "19.12.2020 08:38",
            "open": "2.7062",
            "high": "2.7062",
            "low": "2.7032",
            "close": "2.7075"
        },
        {
            "time": "19.12.2020 08:41",
            "open": "2.7075",
            "high": "2.7082",
            "low": "2.7075",
            "close": "2.7143"
        },
        {
            "time": "19.12.2020 08:44",
            "open": "2.7143",
            "high": "2.7143",
            "low": "2.7107",
            "close": "2.7101"
        },
        {
            "time": "19.12.2020 08:45",
            "open": "2.7101",
            "high": "2.7101",
            "low": "2.7101",
            "close": "2.7083"
        },
        {
            "time": "19.12.2020 08:47",
            "open": "2.7083",
            "high": "2.7083",
            "low": "2.7056",
            "close": "2.7108"
        },
        {
            "time": "19.12.2020 08:50",
            "open": "2.7108",
            "high": "2.7108",
            "low": "2.7108",
            "close": "2.7095"
        },
        {
            "time": "19.12.2020 08:54",
            "open": "2.7095",
            "high": "2.7095",
            "low": "2.7095",
            "close": "2.7091"
        },
        {
            "time": "19.12.2020 08:56",
            "open": "2.7091",
            "high": "2.7091",
            "low": "2.7091",
            "close": "2.71"
        },
        {
            "time": "19.12.2020 09:00",
            "open": "2.71",
            "high": "2.71",
            "low": "2.71",
            "close": "2.7028"
        },
        {
            "time": "19.12.2020 09:02",
            "open": "2.7028",
            "high": "2.7028",
            "low": "2.6749",
            "close": "2.7058"
        },
        {
            "time": "19.12.2020 09:03",
            "open": "2.7058",
            "high": "2.7099",
            "low": "2.7058",
            "close": "2.7031"
        },
        {
            "time": "19.12.2020 09:05",
            "open": "2.7031",
            "high": "2.7031",
            "low": "2.6968",
            "close": "2.6969"
        },
        {
            "time": "19.12.2020 09:07",
            "open": "2.6969",
            "high": "2.6969",
            "low": "2.6969",
            "close": "2.7"
        },
        {
            "time": "19.12.2020 09:08",
            "open": "2.7",
            "high": "2.7",
            "low": "2.7",
            "close": "2.7062"
        },
        {
            "time": "19.12.2020 09:11",
            "open": "2.7062",
            "high": "2.7062",
            "low": "2.7058",
            "close": "2.7048"
        },
        {
            "time": "19.12.2020 09:13",
            "open": "2.7048",
            "high": "2.7049",
            "low": "2.7048",
            "close": "2.7041"
        },
        {
            "time": "19.12.2020 09:16",
            "open": "2.7041",
            "high": "2.7041",
            "low": "2.7041",
            "close": "2.7031"
        },
        {
            "time": "19.12.2020 09:17",
            "open": "2.7031",
            "high": "2.7031",
            "low": "2.703",
            "close": "2.7"
        },
        {
            "time": "19.12.2020 09:24",
            "open": "2.7",
            "high": "2.7089",
            "low": "2.6999",
            "close": "2.7115"
        },
        {
            "time": "19.12.2020 09:25",
            "open": "2.7115",
            "high": "2.7157",
            "low": "2.7115",
            "close": "2.7095"
        },
        {
            "time": "19.12.2020 09:27",
            "open": "2.7095",
            "high": "2.7095",
            "low": "2.7095",
            "close": "2.7033"
        },
        {
            "time": "19.12.2020 09:31",
            "open": "2.7033",
            "high": "2.7033",
            "low": "2.7032",
            "close": "2.7054"
        },
        {
            "time": "19.12.2020 09:33",
            "open": "2.7054",
            "high": "2.7054",
            "low": "2.7054",
            "close": "2.7075"
        },
        {
            "time": "19.12.2020 09:35",
            "open": "2.7075",
            "high": "2.7092",
            "low": "2.7075",
            "close": "2.7068"
        },
        {
            "time": "19.12.2020 09:36",
            "open": "2.7068",
            "high": "2.7068",
            "low": "2.7067",
            "close": "2.703"
        },
        {
            "time": "19.12.2020 09:38",
            "open": "2.703",
            "high": "2.7057",
            "low": "2.703",
            "close": "2.7074"
        },
        {
            "time": "19.12.2020 09:41",
            "open": "2.7074",
            "high": "2.7074",
            "low": "2.7033",
            "close": "2.7047"
        },
        {
            "time": "19.12.2020 09:42",
            "open": "2.7047",
            "high": "2.7047",
            "low": "2.7047",
            "close": "2.7117"
        },
        {
            "time": "19.12.2020 09:59",
            "open": "2.7117",
            "high": "2.7117",
            "low": "2.7117",
            "close": "2.7104"
        },
        {
            "time": "19.12.2020 10:05",
            "open": "2.7104",
            "high": "2.7104",
            "low": "2.7104",
            "close": "2.7155"
        },
        {
            "time": "19.12.2020 10:07",
            "open": "2.7155",
            "high": "2.7155",
            "low": "2.7155",
            "close": "2.7131"
        },
        {
            "time": "19.12.2020 10:08",
            "open": "2.7131",
            "high": "2.7131",
            "low": "2.7131",
            "close": "2.7164"
        },
        {
            "time": "19.12.2020 10:10",
            "open": "2.7164",
            "high": "2.7164",
            "low": "2.7164",
            "close": "2.7123"
        },
        {
            "time": "19.12.2020 10:11",
            "open": "2.7123",
            "high": "2.7123",
            "low": "2.7123",
            "close": "2.7162"
        },
        {
            "time": "19.12.2020 10:13",
            "open": "2.7162",
            "high": "2.7195",
            "low": "2.7162",
            "close": "2.7132"
        },
        {
            "time": "19.12.2020 10:15",
            "open": "2.7132",
            "high": "2.7132",
            "low": "2.7132",
            "close": "2.7196"
        },
        {
            "time": "19.12.2020 10:20",
            "open": "2.7196",
            "high": "2.7196",
            "low": "2.7196",
            "close": "2.7269"
        },
        {
            "time": "19.12.2020 10:21",
            "open": "2.7269",
            "high": "2.7269",
            "low": "2.7269",
            "close": "2.7233"
        },
        {
            "time": "19.12.2020 10:23",
            "open": "2.7233",
            "high": "2.7233",
            "low": "2.7226",
            "close": "2.7248"
        },
        {
            "time": "19.12.2020 10:25",
            "open": "2.7248",
            "high": "2.7248",
            "low": "2.7248",
            "close": "2.7184"
        },
        {
            "time": "19.12.2020 10:26",
            "open": "2.7184",
            "high": "2.7184",
            "low": "2.7184",
            "close": "2.7192"
        },
        {
            "time": "19.12.2020 10:27",
            "open": "2.7192",
            "high": "2.7193",
            "low": "2.7192",
            "close": "2.7222"
        },
        {
            "time": "19.12.2020 10:32",
            "open": "2.7222",
            "high": "2.7222",
            "low": "2.7222",
            "close": "2.72"
        },
        {
            "time": "19.12.2020 10:38",
            "open": "2.72",
            "high": "2.7206",
            "low": "2.72",
            "close": "2.7184"
        },
        {
            "time": "19.12.2020 10:41",
            "open": "2.7184",
            "high": "2.7184",
            "low": "2.7184",
            "close": "2.723"
        },
        {
            "time": "19.12.2020 10:44",
            "open": "2.723",
            "high": "2.7231",
            "low": "2.723",
            "close": "2.7242"
        },
        {
            "time": "19.12.2020 10:48",
            "open": "2.7242",
            "high": "2.7242",
            "low": "2.7182",
            "close": "2.7121"
        },
        {
            "time": "19.12.2020 10:49",
            "open": "2.7121",
            "high": "2.7129",
            "low": "2.7121",
            "close": "2.7096"
        },
        {
            "time": "19.12.2020 10:50",
            "open": "2.7096",
            "high": "2.7096",
            "low": "2.7096",
            "close": "2.7067"
        },
        {
            "time": "19.12.2020 10:53",
            "open": "2.7067",
            "high": "2.7067",
            "low": "2.7067",
            "close": "2.708"
        },
        {
            "time": "19.12.2020 10:55",
            "open": "2.708",
            "high": "2.7129",
            "low": "2.708",
            "close": "2.7119"
        },
        {
            "time": "19.12.2020 10:57",
            "open": "2.7119",
            "high": "2.7119",
            "low": "2.7119",
            "close": "2.7131"
        },
        {
            "time": "19.12.2020 10:58",
            "open": "2.7131",
            "high": "2.7149",
            "low": "2.7131",
            "close": "2.7133"
        },
        {
            "time": "19.12.2020 11:05",
            "open": "2.7133",
            "high": "2.7133",
            "low": "2.7133",
            "close": "2.7158"
        },
        {
            "time": "19.12.2020 11:06",
            "open": "2.7158",
            "high": "2.7158",
            "low": "2.7158",
            "close": "2.7224"
        },
        {
            "time": "19.12.2020 11:11",
            "open": "2.7224",
            "high": "2.7225",
            "low": "2.7224",
            "close": "2.7257"
        },
        {
            "time": "19.12.2020 11:12",
            "open": "2.7257",
            "high": "2.7257",
            "low": "2.7257",
            "close": "2.7212"
        },
        {
            "time": "19.12.2020 11:15",
            "open": "2.7212",
            "high": "2.726",
            "low": "2.7212",
            "close": "2.7213"
        },
        {
            "time": "19.12.2020 11:29",
            "open": "2.7213",
            "high": "2.7213",
            "low": "2.7213",
            "close": "2.7317"
        },
        {
            "time": "19.12.2020 11:35",
            "open": "2.7317",
            "high": "2.7317",
            "low": "2.7317",
            "close": "2.7317"
        },
        {
            "time": "19.12.2020 11:36",
            "open": "2.7317",
            "high": "2.7318",
            "low": "2.7317",
            "close": "2.7336"
        },
        {
            "time": "19.12.2020 11:39",
            "open": "2.7336",
            "high": "2.7336",
            "low": "2.7336",
            "close": "2.7345"
        },
        {
            "time": "19.12.2020 11:41",
            "open": "2.7345",
            "high": "2.7346",
            "low": "2.7345",
            "close": "2.7334"
        },
        {
            "time": "19.12.2020 11:43",
            "open": "2.7334",
            "high": "2.7334",
            "low": "2.7334",
            "close": "2.7285"
        },
        {
            "time": "19.12.2020 11:49",
            "open": "2.7285",
            "high": "2.7285",
            "low": "2.7285",
            "close": "2.7329"
        },
        {
            "time": "19.12.2020 11:55",
            "open": "2.7329",
            "high": "2.7329",
            "low": "2.727",
            "close": "2.7279"
        },
        {
            "time": "19.12.2020 11:56",
            "open": "2.7279",
            "high": "2.7279",
            "low": "2.7181",
            "close": "2.7242"
        },
        {
            "time": "19.12.2020 11:57",
            "open": "2.7242",
            "high": "2.7243",
            "low": "2.7242",
            "close": "2.7262"
        },
        {
            "time": "19.12.2020 11:58",
            "open": "2.7262",
            "high": "2.7263",
            "low": "2.7262",
            "close": "2.7299"
        },
        {
            "time": "19.12.2020 12:08",
            "open": "2.7299",
            "high": "2.731",
            "low": "2.7299",
            "close": "2.7307"
        },
        {
            "time": "19.12.2020 12:09",
            "open": "2.7307",
            "high": "2.732",
            "low": "2.7307",
            "close": "2.733"
        },
        {
            "time": "19.12.2020 12:12",
            "open": "2.733",
            "high": "2.7334",
            "low": "2.733",
            "close": "2.7211"
        },
        {
            "time": "19.12.2020 12:21",
            "open": "2.7211",
            "high": "2.7248",
            "low": "2.7211",
            "close": "2.7262"
        },
        {
            "time": "19.12.2020 12:23",
            "open": "2.7262",
            "high": "2.7268",
            "low": "2.725",
            "close": "2.7229"
        },
        {
            "time": "19.12.2020 12:27",
            "open": "2.7229",
            "high": "2.7229",
            "low": "2.7229",
            "close": "2.7198"
        },
        {
            "time": "19.12.2020 12:32",
            "open": "2.7198",
            "high": "2.7198",
            "low": "2.7198",
            "close": "2.7171"
        },
        {
            "time": "19.12.2020 12:40",
            "open": "2.7171",
            "high": "2.7171",
            "low": "2.7171",
            "close": "2.7105"
        },
        {
            "time": "19.12.2020 12:42",
            "open": "2.7105",
            "high": "2.7105",
            "low": "2.7105",
            "close": "2.708"
        },
        {
            "time": "19.12.2020 12:43",
            "open": "2.708",
            "high": "2.708",
            "low": "2.7079",
            "close": "2.7105"
        },
        {
            "time": "19.12.2020 12:44",
            "open": "2.7105",
            "high": "2.7105",
            "low": "2.7105",
            "close": "2.707"
        },
        {
            "time": "19.12.2020 12:45",
            "open": "2.707",
            "high": "2.707",
            "low": "2.707",
            "close": "2.7103"
        },
        {
            "time": "19.12.2020 12:46",
            "open": "2.7103",
            "high": "2.7103",
            "low": "2.7103",
            "close": "2.7105"
        },
        {
            "time": "19.12.2020 12:48",
            "open": "2.7105",
            "high": "2.7114",
            "low": "2.7105",
            "close": "2.7129"
        },
        {
            "time": "19.12.2020 12:51",
            "open": "2.7129",
            "high": "2.7134",
            "low": "2.7129",
            "close": "2.7139"
        },
        {
            "time": "19.12.2020 12:57",
            "open": "2.7139",
            "high": "2.7139",
            "low": "2.7139",
            "close": "2.7122"
        },
        {
            "time": "19.12.2020 12:58",
            "open": "2.7122",
            "high": "2.7123",
            "low": "2.7122",
            "close": "2.7164"
        },
        {
            "time": "19.12.2020 13:00",
            "open": "2.7164",
            "high": "2.7164",
            "low": "2.7164",
            "close": "2.717"
        },
        {
            "time": "19.12.2020 13:03",
            "open": "2.717",
            "high": "2.721",
            "low": "2.717",
            "close": "2.7152"
        },
        {
            "time": "19.12.2020 13:04",
            "open": "2.7152",
            "high": "2.7152",
            "low": "2.7122",
            "close": "2.7151"
        },
        {
            "time": "19.12.2020 13:05",
            "open": "2.7151",
            "high": "2.7177",
            "low": "2.7151",
            "close": "2.7265"
        },
        {
            "time": "19.12.2020 13:21",
            "open": "2.7265",
            "high": "2.7278",
            "low": "2.7265",
            "close": "2.7264"
        },
        {
            "time": "19.12.2020 13:27",
            "open": "2.7264",
            "high": "2.7264",
            "low": "2.7263",
            "close": "2.7326"
        },
        {
            "time": "19.12.2020 13:30",
            "open": "2.7326",
            "high": "2.7331",
            "low": "2.7326",
            "close": "2.738"
        },
        {
            "time": "19.12.2020 13:31",
            "open": "2.738",
            "high": "2.7409",
            "low": "2.7365",
            "close": "2.7337"
        },
        {
            "time": "19.12.2020 13:34",
            "open": "2.7337",
            "high": "2.7337",
            "low": "2.7337",
            "close": "2.7314"
        },
        {
            "time": "19.12.2020 13:35",
            "open": "2.7314",
            "high": "2.7314",
            "low": "2.7314",
            "close": "2.7391"
        },
        {
            "time": "19.12.2020 13:37",
            "open": "2.7391",
            "high": "2.7391",
            "low": "2.7391",
            "close": "2.7378"
        },
        {
            "time": "19.12.2020 13:38",
            "open": "2.7378",
            "high": "2.7403",
            "low": "2.7367",
            "close": "2.739"
        },
        {
            "time": "19.12.2020 13:40",
            "open": "2.739",
            "high": "2.739",
            "low": "2.7344",
            "close": "2.7426"
        },
        {
            "time": "19.12.2020 13:41",
            "open": "2.7426",
            "high": "2.7427",
            "low": "2.7337",
            "close": "2.7394"
        },
        {
            "time": "19.12.2020 13:42",
            "open": "2.7394",
            "high": "2.7402",
            "low": "2.7342",
            "close": "2.741"
        },
        {
            "time": "19.12.2020 13:44",
            "open": "2.741",
            "high": "2.741",
            "low": "2.741",
            "close": "2.7402"
        },
        {
            "time": "19.12.2020 13:46",
            "open": "2.7402",
            "high": "2.7402",
            "low": "2.7402",
            "close": "2.7408"
        },
        {
            "time": "19.12.2020 13:47",
            "open": "2.7408",
            "high": "2.7454",
            "low": "2.7408",
            "close": "2.747"
        },
        {
            "time": "19.12.2020 13:48",
            "open": "2.747",
            "high": "2.7479",
            "low": "2.7424",
            "close": "2.7437"
        },
        {
            "time": "19.12.2020 13:50",
            "open": "2.7437",
            "high": "2.7437",
            "low": "2.7437",
            "close": "2.7384"
        },
        {
            "time": "19.12.2020 13:51",
            "open": "2.7384",
            "high": "2.7384",
            "low": "2.7384",
            "close": "2.7423"
        },
        {
            "time": "19.12.2020 13:53",
            "open": "2.7423",
            "high": "2.7433",
            "low": "2.7423",
            "close": "2.7425"
        },
        {
            "time": "19.12.2020 13:54",
            "open": "2.7425",
            "high": "2.7435",
            "low": "2.7425",
            "close": "2.7422"
        },
        {
            "time": "19.12.2020 13:55",
            "open": "2.7422",
            "high": "2.7422",
            "low": "2.7393",
            "close": "2.7394"
        },
        {
            "time": "19.12.2020 13:57",
            "open": "2.7394",
            "high": "2.7394",
            "low": "2.7394",
            "close": "2.7478"
        },
        {
            "time": "19.12.2020 13:58",
            "open": "2.7478",
            "high": "2.7478",
            "low": "2.7478",
            "close": "2.7477"
        },
        {
            "time": "19.12.2020 14:01",
            "open": "2.7477",
            "high": "2.75",
            "low": "2.7477",
            "close": "2.7491"
        },
        {
            "time": "19.12.2020 14:04",
            "open": "2.7491",
            "high": "2.7491",
            "low": "2.7487",
            "close": "2.7491"
        },
        {
            "time": "19.12.2020 14:05",
            "open": "2.7491",
            "high": "2.7491",
            "low": "2.7491",
            "close": "2.7399"
        },
        {
            "time": "19.12.2020 14:10",
            "open": "2.7399",
            "high": "2.74",
            "low": "2.738",
            "close": "2.7363"
        },
        {
            "time": "19.12.2020 14:11",
            "open": "2.7363",
            "high": "2.738",
            "low": "2.7345",
            "close": "2.7371"
        },
        {
            "time": "19.12.2020 14:12",
            "open": "2.7371",
            "high": "2.7371",
            "low": "2.7371",
            "close": "2.7402"
        },
        {
            "time": "19.12.2020 14:13",
            "open": "2.7402",
            "high": "2.7402",
            "low": "2.7402",
            "close": "2.7354"
        },
        {
            "time": "19.12.2020 14:14",
            "open": "2.7354",
            "high": "2.7354",
            "low": "2.7353",
            "close": "2.7394"
        },
        {
            "time": "19.12.2020 14:16",
            "open": "2.7394",
            "high": "2.7407",
            "low": "2.7394",
            "close": "2.7514"
        },
        {
            "time": "19.12.2020 14:23",
            "open": "2.7514",
            "high": "2.7514",
            "low": "2.751",
            "close": "2.7509"
        },
        {
            "time": "19.12.2020 14:27",
            "open": "2.7509",
            "high": "2.7509",
            "low": "2.7509",
            "close": "2.7494"
        },
        {
            "time": "19.12.2020 14:28",
            "open": "2.7494",
            "high": "2.7494",
            "low": "2.7494",
            "close": "2.7464"
        },
        {
            "time": "19.12.2020 14:31",
            "open": "2.7464",
            "high": "2.7464",
            "low": "2.7464",
            "close": "2.7464"
        },
        {
            "time": "19.12.2020 14:32",
            "open": "2.7464",
            "high": "2.7505",
            "low": "2.7464",
            "close": "2.7478"
        },
        {
            "time": "19.12.2020 14:33",
            "open": "2.7478",
            "high": "2.7478",
            "low": "2.7476",
            "close": "2.7472"
        },
        {
            "time": "19.12.2020 14:37",
            "open": "2.7472",
            "high": "2.7472",
            "low": "2.7472",
            "close": "2.7476"
        },
        {
            "time": "19.12.2020 14:39",
            "open": "2.7476",
            "high": "2.7484",
            "low": "2.7476",
            "close": "2.7452"
        },
        {
            "time": "19.12.2020 14:40",
            "open": "2.7452",
            "high": "2.7452",
            "low": "2.7452",
            "close": "2.7446"
        },
        {
            "time": "19.12.2020 14:43",
            "open": "2.7446",
            "high": "2.7446",
            "low": "2.7446",
            "close": "2.7393"
        },
        {
            "time": "19.12.2020 14:46",
            "open": "2.7393",
            "high": "2.7413",
            "low": "2.7393",
            "close": "2.746"
        },
        {
            "time": "19.12.2020 14:47",
            "open": "2.746",
            "high": "2.7504",
            "low": "2.746",
            "close": "2.7532"
        },
        {
            "time": "19.12.2020 14:48",
            "open": "2.7532",
            "high": "2.7671",
            "low": "2.753",
            "close": "2.767"
        },
        {
            "time": "19.12.2020 14:50",
            "open": "2.767",
            "high": "2.767",
            "low": "2.767",
            "close": "2.767"
        },
        {
            "time": "19.12.2020 14:51",
            "open": "2.767",
            "high": "2.7717",
            "low": "2.7665",
            "close": "2.7673"
        },
        {
            "time": "19.12.2020 14:56",
            "open": "2.7673",
            "high": "2.7673",
            "low": "2.7671",
            "close": "2.7711"
        },
        {
            "time": "19.12.2020 14:57",
            "open": "2.7711",
            "high": "2.7711",
            "low": "2.7711",
            "close": "2.7668"
        },
        {
            "time": "19.12.2020 14:58",
            "open": "2.7668",
            "high": "2.7668",
            "low": "2.7668",
            "close": "2.7659"
        },
        {
            "time": "19.12.2020 14:59",
            "open": "2.7659",
            "high": "2.7659",
            "low": "2.7659",
            "close": "2.7694"
        },
        {
            "time": "19.12.2020 15:00",
            "open": "2.7694",
            "high": "2.7694",
            "low": "2.7694",
            "close": "2.7694"
        },
        {
            "time": "19.12.2020 15:01",
            "open": "2.7694",
            "high": "2.7721",
            "low": "2.7694",
            "close": "2.7668"
        },
        {
            "time": "19.12.2020 15:02",
            "open": "2.7668",
            "high": "2.7668",
            "low": "2.7494",
            "close": "2.7538"
        },
        {
            "time": "19.12.2020 15:03",
            "open": "2.7538",
            "high": "2.7538",
            "low": "2.7538",
            "close": "2.7622"
        },
        {
            "time": "19.12.2020 15:04",
            "open": "2.7622",
            "high": "2.7623",
            "low": "2.7622",
            "close": "2.7674"
        },
        {
            "time": "19.12.2020 15:06",
            "open": "2.7674",
            "high": "2.7674",
            "low": "2.7674",
            "close": "2.7613"
        },
        {
            "time": "19.12.2020 15:07",
            "open": "2.7613",
            "high": "2.7613",
            "low": "2.7613",
            "close": "2.7496"
        },
        {
            "time": "19.12.2020 15:09",
            "open": "2.7496",
            "high": "2.7496",
            "low": "2.7496",
            "close": "2.7468"
        },
        {
            "time": "19.12.2020 15:10",
            "open": "2.7468",
            "high": "2.7468",
            "low": "2.7468",
            "close": "2.747"
        },
        {
            "time": "19.12.2020 15:12",
            "open": "2.747",
            "high": "2.7492",
            "low": "2.7391",
            "close": "2.7392"
        },
        {
            "time": "19.12.2020 15:13",
            "open": "2.7392",
            "high": "2.7392",
            "low": "2.7392",
            "close": "2.7464"
        },
        {
            "time": "19.12.2020 15:21",
            "open": "2.7464",
            "high": "2.7464",
            "low": "2.7464",
            "close": "2.7412"
        },
        {
            "time": "19.12.2020 15:22",
            "open": "2.7412",
            "high": "2.7412",
            "low": "2.7412",
            "close": "2.7475"
        },
        {
            "time": "19.12.2020 15:25",
            "open": "2.7475",
            "high": "2.7475",
            "low": "2.7475",
            "close": "2.7428"
        },
        {
            "time": "19.12.2020 15:26",
            "open": "2.7428",
            "high": "2.7428",
            "low": "2.7428",
            "close": "2.7412"
        },
        {
            "time": "19.12.2020 15:28",
            "open": "2.7412",
            "high": "2.7412",
            "low": "2.73",
            "close": "2.7277"
        },
        {
            "time": "19.12.2020 15:29",
            "open": "2.7277",
            "high": "2.7277",
            "low": "2.7162",
            "close": "2.7159"
        },
        {
            "time": "19.12.2020 15:30",
            "open": "2.7159",
            "high": "2.7159",
            "low": "2.7159",
            "close": "2.7252"
        },
        {
            "time": "19.12.2020 15:31",
            "open": "2.7252",
            "high": "2.7252",
            "low": "2.7252",
            "close": "2.7268"
        },
        {
            "time": "19.12.2020 15:33",
            "open": "2.7268",
            "high": "2.7268",
            "low": "2.7245",
            "close": "2.7215"
        },
        {
            "time": "19.12.2020 15:35",
            "open": "2.7215",
            "high": "2.7215",
            "low": "2.721",
            "close": "2.7257"
        },
        {
            "time": "19.12.2020 15:40",
            "open": "2.7257",
            "high": "2.7257",
            "low": "2.7257",
            "close": "2.7276"
        },
        {
            "time": "19.12.2020 15:41",
            "open": "2.7276",
            "high": "2.7276",
            "low": "2.724",
            "close": "2.7306"
        },
        {
            "time": "19.12.2020 15:47",
            "open": "2.7306",
            "high": "2.731",
            "low": "2.7306",
            "close": "2.731"
        },
        {
            "time": "19.12.2020 15:48",
            "open": "2.731",
            "high": "2.731",
            "low": "2.731",
            "close": "2.728"
        },
        {
            "time": "19.12.2020 15:55",
            "open": "2.728",
            "high": "2.728",
            "low": "2.728",
            "close": "2.7274"
        },
        {
            "time": "19.12.2020 15:56",
            "open": "2.7274",
            "high": "2.7286",
            "low": "2.7274",
            "close": "2.7232"
        },
        {
            "time": "19.12.2020 15:57",
            "open": "2.7232",
            "high": "2.726",
            "low": "2.7225",
            "close": "2.728"
        },
        {
            "time": "19.12.2020 16:02",
            "open": "2.728",
            "high": "2.728",
            "low": "2.728",
            "close": "2.7275"
        },
        {
            "time": "19.12.2020 16:03",
            "open": "2.7275",
            "high": "2.7275",
            "low": "2.7275",
            "close": "2.7249"
        },
        {
            "time": "19.12.2020 16:11",
            "open": "2.7249",
            "high": "2.7249",
            "low": "2.7249",
            "close": "2.731"
        },
        {
            "time": "19.12.2020 16:12",
            "open": "2.731",
            "high": "2.731",
            "low": "2.731",
            "close": "2.7285"
        },
        {
            "time": "19.12.2020 16:19",
            "open": "2.7285",
            "high": "2.7286",
            "low": "2.7219",
            "close": "2.7219"
        },
        {
            "time": "19.12.2020 16:25",
            "open": "2.7219",
            "high": "2.7219",
            "low": "2.7213",
            "close": "2.7238"
        },
        {
            "time": "19.12.2020 16:35",
            "open": "2.7238",
            "high": "2.7238",
            "low": "2.7214",
            "close": "2.7172"
        },
        {
            "time": "19.12.2020 16:37",
            "open": "2.7172",
            "high": "2.7172",
            "low": "2.716",
            "close": "2.7092"
        },
        {
            "time": "19.12.2020 16:38",
            "open": "2.7092",
            "high": "2.7092",
            "low": "2.708",
            "close": "2.711"
        },
        {
            "time": "19.12.2020 16:39",
            "open": "2.711",
            "high": "2.711",
            "low": "2.711",
            "close": "2.7095"
        },
        {
            "time": "19.12.2020 16:40",
            "open": "2.7095",
            "high": "2.7095",
            "low": "2.7095",
            "close": "2.7131"
        },
        {
            "time": "19.12.2020 16:42",
            "open": "2.7131",
            "high": "2.7131",
            "low": "2.7126",
            "close": "2.7071"
        },
        {
            "time": "19.12.2020 16:44",
            "open": "2.7071",
            "high": "2.7071",
            "low": "2.7071",
            "close": "2.7074"
        },
        {
            "time": "19.12.2020 16:45",
            "open": "2.7074",
            "high": "2.7074",
            "low": "2.7074",
            "close": "2.7166"
        },
        {
            "time": "19.12.2020 16:49",
            "open": "2.7166",
            "high": "2.7166",
            "low": "2.7166",
            "close": "2.7166"
        },
        {
            "time": "19.12.2020 16:51",
            "open": "2.7166",
            "high": "2.7169",
            "low": "2.7166",
            "close": "2.724"
        },
        {
            "time": "19.12.2020 16:58",
            "open": "2.724",
            "high": "2.724",
            "low": "2.7167",
            "close": "2.7289"
        },
        {
            "time": "19.12.2020 17:00",
            "open": "2.7289",
            "high": "2.738",
            "low": "2.7289",
            "close": "2.7257"
        },
        {
            "time": "19.12.2020 17:01",
            "open": "2.7257",
            "high": "2.7317",
            "low": "2.7257",
            "close": "2.7315"
        },
        {
            "time": "19.12.2020 17:02",
            "open": "2.7315",
            "high": "2.7315",
            "low": "2.7315",
            "close": "2.7168"
        },
        {
            "time": "19.12.2020 17:05",
            "open": "2.7168",
            "high": "2.7168",
            "low": "2.7131",
            "close": "2.719"
        },
        {
            "time": "19.12.2020 17:09",
            "open": "2.719",
            "high": "2.719",
            "low": "2.719",
            "close": "2.7123"
        },
        {
            "time": "19.12.2020 17:10",
            "open": "2.7123",
            "high": "2.7123",
            "low": "2.7123",
            "close": "2.7125"
        },
        {
            "time": "19.12.2020 17:11",
            "open": "2.7125",
            "high": "2.7125",
            "low": "2.7125",
            "close": "2.7096"
        },
        {
            "time": "19.12.2020 17:12",
            "open": "2.7096",
            "high": "2.7096",
            "low": "2.7084",
            "close": "2.7129"
        },
        {
            "time": "19.12.2020 17:14",
            "open": "2.7129",
            "high": "2.7132",
            "low": "2.7105",
            "close": "2.7003"
        },
        {
            "time": "19.12.2020 17:15",
            "open": "2.7003",
            "high": "2.7086",
            "low": "2.7003",
            "close": "2.711"
        },
        {
            "time": "19.12.2020 17:17",
            "open": "2.711",
            "high": "2.711",
            "low": "2.711",
            "close": "2.7157"
        },
        {
            "time": "19.12.2020 17:18",
            "open": "2.7157",
            "high": "2.7157",
            "low": "2.7086",
            "close": "2.7147"
        },
        {
            "time": "19.12.2020 17:19",
            "open": "2.7147",
            "high": "2.7147",
            "low": "2.7066",
            "close": "2.7113"
        },
        {
            "time": "19.12.2020 17:20",
            "open": "2.7113",
            "high": "2.7126",
            "low": "2.7113",
            "close": "2.7193"
        },
        {
            "time": "19.12.2020 17:21",
            "open": "2.7193",
            "high": "2.7193",
            "low": "2.7137",
            "close": "2.722"
        },
        {
            "time": "19.12.2020 17:22",
            "open": "2.722",
            "high": "2.722",
            "low": "2.7171",
            "close": "2.7168"
        },
        {
            "time": "19.12.2020 17:23",
            "open": "2.7168",
            "high": "2.7168",
            "low": "2.7167",
            "close": "2.7183"
        },
        {
            "time": "19.12.2020 17:24",
            "open": "2.7183",
            "high": "2.7183",
            "low": "2.7183",
            "close": "2.7187"
        },
        {
            "time": "19.12.2020 17:25",
            "open": "2.7187",
            "high": "2.7187",
            "low": "2.7173",
            "close": "2.7128"
        },
        {
            "time": "19.12.2020 17:26",
            "open": "2.7128",
            "high": "2.7155",
            "low": "2.7105",
            "close": "2.7155"
        },
        {
            "time": "19.12.2020 17:29",
            "open": "2.7155",
            "high": "2.7155",
            "low": "2.7112",
            "close": "2.7116"
        },
        {
            "time": "19.12.2020 17:32",
            "open": "2.7116",
            "high": "2.7116",
            "low": "2.7116",
            "close": "2.7141"
        },
        {
            "time": "19.12.2020 17:35",
            "open": "2.7141",
            "high": "2.7141",
            "low": "2.7141",
            "close": "2.7146"
        },
        {
            "time": "19.12.2020 17:48",
            "open": "2.7146",
            "high": "2.7146",
            "low": "2.7112",
            "close": "2.7135"
        },
        {
            "time": "19.12.2020 17:55",
            "open": "2.7135",
            "high": "2.7135",
            "low": "2.7135",
            "close": "2.7183"
        },
        {
            "time": "19.12.2020 17:57",
            "open": "2.7183",
            "high": "2.7183",
            "low": "2.7183",
            "close": "2.7187"
        },
        {
            "time": "19.12.2020 17:58",
            "open": "2.7187",
            "high": "2.7198",
            "low": "2.7187",
            "close": "2.7122"
        },
        {
            "time": "19.12.2020 18:04",
            "open": "2.7122",
            "high": "2.7122",
            "low": "2.7122",
            "close": "2.7125"
        },
        {
            "time": "19.12.2020 18:06",
            "open": "2.7125",
            "high": "2.7125",
            "low": "2.7117",
            "close": "2.7133"
        },
        {
            "time": "19.12.2020 18:11",
            "open": "2.7133",
            "high": "2.7133",
            "low": "2.7133",
            "close": "2.712"
        },
        {
            "time": "19.12.2020 18:12",
            "open": "2.712",
            "high": "2.712",
            "low": "2.712",
            "close": "2.7112"
        },
        {
            "time": "19.12.2020 18:13",
            "open": "2.7112",
            "high": "2.7112",
            "low": "2.7112",
            "close": "2.703"
        },
        {
            "time": "19.12.2020 18:15",
            "open": "2.703",
            "high": "2.709",
            "low": "2.7019",
            "close": "2.7"
        },
        {
            "time": "19.12.2020 18:16",
            "open": "2.7",
            "high": "2.7",
            "low": "2.6999",
            "close": "2.7"
        },
        {
            "time": "19.12.2020 18:19",
            "open": "2.7",
            "high": "2.7",
            "low": "2.7",
            "close": "2.6977"
        },
        {
            "time": "19.12.2020 18:20",
            "open": "2.6977",
            "high": "2.6977",
            "low": "2.6977",
            "close": "2.6988"
        },
        {
            "time": "19.12.2020 18:31",
            "open": "2.6988",
            "high": "2.6988",
            "low": "2.6987",
            "close": "2.6986"
        },
        {
            "time": "19.12.2020 18:32",
            "open": "2.6986",
            "high": "2.6986",
            "low": "2.6958",
            "close": "2.6986"
        },
        {
            "time": "19.12.2020 18:33",
            "open": "2.6986",
            "high": "2.6986",
            "low": "2.6986",
            "close": "2.6999"
        },
        {
            "time": "19.12.2020 18:35",
            "open": "2.6999",
            "high": "2.6999",
            "low": "2.6999",
            "close": "2.7008"
        },
        {
            "time": "19.12.2020 18:41",
            "open": "2.7008",
            "high": "2.7008",
            "low": "2.7008",
            "close": "2.7025"
        },
        {
            "time": "19.12.2020 18:42",
            "open": "2.7025",
            "high": "2.7025",
            "low": "2.7025",
            "close": "2.7039"
        },
        {
            "time": "19.12.2020 18:43",
            "open": "2.7039",
            "high": "2.7039",
            "low": "2.7039",
            "close": "2.6979"
        },
        {
            "time": "19.12.2020 18:44",
            "open": "2.6979",
            "high": "2.7034",
            "low": "2.6979",
            "close": "2.6944"
        },
        {
            "time": "19.12.2020 18:50",
            "open": "2.6944",
            "high": "2.6944",
            "low": "2.6944",
            "close": "2.6944"
        },
        {
            "time": "19.12.2020 18:53",
            "open": "2.6944",
            "high": "2.6944",
            "low": "2.6944",
            "close": "2.6938"
        },
        {
            "time": "19.12.2020 18:59",
            "open": "2.6938",
            "high": "2.6956",
            "low": "2.6932",
            "close": "2.6897"
        },
        {
            "time": "19.12.2020 19:02",
            "open": "2.6897",
            "high": "2.6897",
            "low": "2.6897",
            "close": "2.6956"
        },
        {
            "time": "19.12.2020 19:07",
            "open": "2.6956",
            "high": "2.6958",
            "low": "2.6956",
            "close": "2.6928"
        },
        {
            "time": "19.12.2020 19:08",
            "open": "2.6928",
            "high": "2.6928",
            "low": "2.6928",
            "close": "2.6926"
        },
        {
            "time": "19.12.2020 19:10",
            "open": "2.6926",
            "high": "2.6926",
            "low": "2.6926",
            "close": "2.6888"
        },
        {
            "time": "19.12.2020 19:13",
            "open": "2.6888",
            "high": "2.6911",
            "low": "2.6888",
            "close": "2.6846"
        },
        {
            "time": "19.12.2020 19:16",
            "open": "2.6846",
            "high": "2.6846",
            "low": "2.667",
            "close": "2.6754"
        },
        {
            "time": "19.12.2020 19:17",
            "open": "2.6754",
            "high": "2.6754",
            "low": "2.6754",
            "close": "2.6706"
        },
        {
            "time": "19.12.2020 19:18",
            "open": "2.6706",
            "high": "2.6728",
            "low": "2.6705",
            "close": "2.6742"
        },
        {
            "time": "19.12.2020 19:21",
            "open": "2.6742",
            "high": "2.6742",
            "low": "2.6731",
            "close": "2.6771"
        },
        {
            "time": "19.12.2020 19:22",
            "open": "2.6771",
            "high": "2.6771",
            "low": "2.6771",
            "close": "2.684"
        },
        {
            "time": "19.12.2020 19:40",
            "open": "2.684",
            "high": "2.684",
            "low": "2.684",
            "close": "2.6766"
        },
        {
            "time": "19.12.2020 19:43",
            "open": "2.6766",
            "high": "2.6766",
            "low": "2.6766",
            "close": "2.6819"
        },
        {
            "time": "19.12.2020 19:47",
            "open": "2.6819",
            "high": "2.6819",
            "low": "2.6819",
            "close": "2.6822"
        },
        {
            "time": "19.12.2020 19:49",
            "open": "2.6822",
            "high": "2.6822",
            "low": "2.6822",
            "close": "2.6907"
        },
        {
            "time": "19.12.2020 19:59",
            "open": "2.6907",
            "high": "2.6907",
            "low": "2.6901",
            "close": "2.6844"
        },
        {
            "time": "19.12.2020 20:02",
            "open": "2.6844",
            "high": "2.6844",
            "low": "2.6844",
            "close": "2.6789"
        },
        {
            "time": "19.12.2020 20:06",
            "open": "2.6789",
            "high": "2.6789",
            "low": "2.6789",
            "close": "2.6807"
        },
        {
            "time": "19.12.2020 20:07",
            "open": "2.6807",
            "high": "2.6807",
            "low": "2.6788",
            "close": "2.6837"
        },
        {
            "time": "19.12.2020 20:08",
            "open": "2.6837",
            "high": "2.6837",
            "low": "2.6815",
            "close": "2.6818"
        },
        {
            "time": "19.12.2020 20:12",
            "open": "2.6818",
            "high": "2.6818",
            "low": "2.6818",
            "close": "2.682"
        },
        {
            "time": "19.12.2020 20:13",
            "open": "2.682",
            "high": "2.682",
            "low": "2.682",
            "close": "2.6805"
        },
        {
            "time": "19.12.2020 20:14",
            "open": "2.6805",
            "high": "2.6832",
            "low": "2.6805",
            "close": "2.6894"
        },
        {
            "time": "19.12.2020 20:17",
            "open": "2.6894",
            "high": "2.6896",
            "low": "2.6894",
            "close": "2.6822"
        },
        {
            "time": "19.12.2020 20:19",
            "open": "2.6822",
            "high": "2.6822",
            "low": "2.6812",
            "close": "2.6871"
        },
        {
            "time": "19.12.2020 20:20",
            "open": "2.6871",
            "high": "2.6871",
            "low": "2.6871",
            "close": "2.6777"
        },
        {
            "time": "19.12.2020 20:25",
            "open": "2.6777",
            "high": "2.6777",
            "low": "2.6777",
            "close": "2.6807"
        },
        {
            "time": "19.12.2020 20:34",
            "open": "2.6807",
            "high": "2.6807",
            "low": "2.6807",
            "close": "2.6798"
        },
        {
            "time": "19.12.2020 20:38",
            "open": "2.6798",
            "high": "2.6798",
            "low": "2.6797",
            "close": "2.6762"
        },
        {
            "time": "19.12.2020 20:40",
            "open": "2.6762",
            "high": "2.6763",
            "low": "2.6762",
            "close": "2.6793"
        },
        {
            "time": "19.12.2020 20:48",
            "open": "2.6793",
            "high": "2.6793",
            "low": "2.6748",
            "close": "2.6797"
        },
        {
            "time": "19.12.2020 20:49",
            "open": "2.6797",
            "high": "2.6797",
            "low": "2.6797",
            "close": "2.6728"
        },
        {
            "time": "19.12.2020 20:50",
            "open": "2.6728",
            "high": "2.6728",
            "low": "2.6727",
            "close": "2.6825"
        },
        {
            "time": "19.12.2020 20:59",
            "open": "2.6825",
            "high": "2.6825",
            "low": "2.6825",
            "close": "2.6831"
        },
        {
            "time": "19.12.2020 21:02",
            "open": "2.6831",
            "high": "2.6831",
            "low": "2.6831",
            "close": "2.6834"
        },
        {
            "time": "19.12.2020 21:04",
            "open": "2.6834",
            "high": "2.6834",
            "low": "2.6834",
            "close": "2.6747"
        },
        {
            "time": "19.12.2020 21:08",
            "open": "2.6747",
            "high": "2.6747",
            "low": "2.6747",
            "close": "2.6757"
        },
        {
            "time": "19.12.2020 21:09",
            "open": "2.6757",
            "high": "2.6787",
            "low": "2.6757",
            "close": "2.6767"
        },
        {
            "time": "19.12.2020 21:11",
            "open": "2.6767",
            "high": "2.6793",
            "low": "2.6751",
            "close": "2.675"
        },
        {
            "time": "19.12.2020 21:12",
            "open": "2.675",
            "high": "2.675",
            "low": "2.675",
            "close": "2.6707"
        },
        {
            "time": "19.12.2020 21:18",
            "open": "2.6707",
            "high": "2.6707",
            "low": "2.6707",
            "close": "2.6701"
        },
        {
            "time": "19.12.2020 21:19",
            "open": "2.6701",
            "high": "2.6701",
            "low": "2.67",
            "close": "2.6756"
        },
        {
            "time": "19.12.2020 21:25",
            "open": "2.6756",
            "high": "2.6756",
            "low": "2.6756",
            "close": "2.6755"
        },
        {
            "time": "19.12.2020 21:26",
            "open": "2.6755",
            "high": "2.6755",
            "low": "2.6755",
            "close": "2.676"
        },
        {
            "time": "19.12.2020 21:35",
            "open": "2.676",
            "high": "2.676",
            "low": "2.676",
            "close": "2.676"
        },
        {
            "time": "19.12.2020 21:36",
            "open": "2.676",
            "high": "2.676",
            "low": "2.676",
            "close": "2.6798"
        },
        {
            "time": "19.12.2020 21:38",
            "open": "2.6798",
            "high": "2.6798",
            "low": "2.6791",
            "close": "2.6701"
        },
        {
            "time": "19.12.2020 21:41",
            "open": "2.6701",
            "high": "2.6701",
            "low": "2.6701",
            "close": "2.6741"
        },
        {
            "time": "19.12.2020 21:52",
            "open": "2.6741",
            "high": "2.6741",
            "low": "2.6741",
            "close": "2.6747"
        },
        {
            "time": "19.12.2020 21:53",
            "open": "2.6747",
            "high": "2.6747",
            "low": "2.6735",
            "close": "2.673"
        },
        {
            "time": "19.12.2020 21:54",
            "open": "2.673",
            "high": "2.674",
            "low": "2.673",
            "close": "2.6726"
        },
        {
            "time": "19.12.2020 21:56",
            "open": "2.6726",
            "high": "2.6728",
            "low": "2.6726",
            "close": "2.6701"
        },
        {
            "time": "19.12.2020 21:57",
            "open": "2.6701",
            "high": "2.6701",
            "low": "2.67",
            "close": "2.67"
        },
        {
            "time": "19.12.2020 22:00",
            "open": "2.67",
            "high": "2.67",
            "low": "2.67",
            "close": "2.6655"
        },
        {
            "time": "19.12.2020 22:03",
            "open": "2.6655",
            "high": "2.6655",
            "low": "2.6655",
            "close": "2.6664"
        },
        {
            "time": "19.12.2020 22:04",
            "open": "2.6664",
            "high": "2.6664",
            "low": "2.6664",
            "close": "2.661"
        },
        {
            "time": "19.12.2020 22:08",
            "open": "2.661",
            "high": "2.661",
            "low": "2.6607",
            "close": "2.6622"
        },
        {
            "time": "19.12.2020 22:09",
            "open": "2.6622",
            "high": "2.6622",
            "low": "2.6622",
            "close": "2.6623"
        },
        {
            "time": "19.12.2020 22:10",
            "open": "2.6623",
            "high": "2.6644",
            "low": "2.6623",
            "close": "2.6624"
        },
        {
            "time": "19.12.2020 22:13",
            "open": "2.6624",
            "high": "2.6624",
            "low": "2.6554",
            "close": "2.6592"
        },
        {
            "time": "19.12.2020 22:14",
            "open": "2.6592",
            "high": "2.6592",
            "low": "2.6591",
            "close": "2.6633"
        },
        {
            "time": "19.12.2020 22:15",
            "open": "2.6633",
            "high": "2.6633",
            "low": "2.6633",
            "close": "2.6613"
        },
        {
            "time": "19.12.2020 22:16",
            "open": "2.6613",
            "high": "2.6613",
            "low": "2.6613",
            "close": "2.665"
        },
        {
            "time": "19.12.2020 22:17",
            "open": "2.665",
            "high": "2.665",
            "low": "2.665",
            "close": "2.6651"
        },
        {
            "time": "19.12.2020 22:24",
            "open": "2.6651",
            "high": "2.6651",
            "low": "2.6651",
            "close": "2.6703"
        },
        {
            "time": "19.12.2020 22:30",
            "open": "2.6703",
            "high": "2.6703",
            "low": "2.6668",
            "close": "2.6654"
        },
        {
            "time": "19.12.2020 22:43",
            "open": "2.6654",
            "high": "2.6654",
            "low": "2.6654",
            "close": "2.6677"
        },
        {
            "time": "19.12.2020 22:50",
            "open": "2.6677",
            "high": "2.6677",
            "low": "2.6677",
            "close": "2.6654"
        },
        {
            "time": "19.12.2020 23:02",
            "open": "2.6654",
            "high": "2.6654",
            "low": "2.6654",
            "close": "2.6653"
        },
        {
            "time": "19.12.2020 23:05",
            "open": "2.6653",
            "high": "2.6653",
            "low": "2.6628",
            "close": "2.66"
        },
        {
            "time": "19.12.2020 23:07",
            "open": "2.66",
            "high": "2.6609",
            "low": "2.6564",
            "close": "2.6641"
        },
        {
            "time": "19.12.2020 23:08",
            "open": "2.6641",
            "high": "2.6641",
            "low": "2.6607",
            "close": "2.6607"
        },
        {
            "time": "19.12.2020 23:09",
            "open": "2.6607",
            "high": "2.6635",
            "low": "2.6607",
            "close": "2.655"
        },
        {
            "time": "19.12.2020 23:22",
            "open": "2.655",
            "high": "2.655",
            "low": "2.655",
            "close": "2.655"
        },
        {
            "time": "19.12.2020 23:23",
            "open": "2.655",
            "high": "2.655",
            "low": "2.655",
            "close": "2.6551"
        },
        {
            "time": "19.12.2020 23:24",
            "open": "2.6551",
            "high": "2.6551",
            "low": "2.6551",
            "close": "2.655"
        },
        {
            "time": "19.12.2020 23:26",
            "open": "2.655",
            "high": "2.655",
            "low": "2.655",
            "close": "2.6556"
        },
        {
            "time": "19.12.2020 23:30",
            "open": "2.6556",
            "high": "2.6556",
            "low": "2.6556",
            "close": "2.6553"
        },
        {
            "time": "19.12.2020 23:39",
            "open": "2.6553",
            "high": "2.6553",
            "low": "2.6553",
            "close": "2.6632"
        },
        {
            "time": "19.12.2020 23:50",
            "open": "2.6632",
            "high": "2.6632",
            "low": "2.6632",
            "close": "2.6584"
        },
        {
            "time": "19.12.2020 23:52",
            "open": "2.6584",
            "high": "2.6584",
            "low": "2.6584",
            "close": "2.6607"
        },
        {
            "time": "19.12.2020 23:53",
            "open": "2.6607",
            "high": "2.6607",
            "low": "2.6607",
            "close": "2.6591"
        },
        {
            "time": "19.12.2020 23:54",
            "open": "2.6591",
            "high": "2.6591",
            "low": "2.6591",
            "close": "2.658"
        },
        {
            "time": "19.12.2020 23:55",
            "open": "2.658",
            "high": "2.658",
            "low": "2.658",
            "close": "2.6596"
        }
    ]
}