{
    "OMG-EUR": [
        {
            "time": "28.11.2020 23:59",
            "open": "3.1529",
            "high": "3.1529",
            "low": "3.1529",
            "close": "3.1586"
        },
        {
            "time": "29.11.2020 00:05",
            "open": "3.1586",
            "high": "3.1586",
            "low": "3.1586",
            "close": "3.18"
        },
        {
            "time": "29.11.2020 00:17",
            "open": "3.18",
            "high": "3.18",
            "low": "3.18",
            "close": "3.1834"
        },
        {
            "time": "29.11.2020 00:19",
            "open": "3.1834",
            "high": "3.1889",
            "low": "3.1834",
            "close": "3.1902"
        },
        {
            "time": "29.11.2020 00:35",
            "open": "3.1902",
            "high": "3.1902",
            "low": "3.1902",
            "close": "3.194"
        },
        {
            "time": "29.11.2020 00:36",
            "open": "3.194",
            "high": "3.194",
            "low": "3.194",
            "close": "3.1981"
        },
        {
            "time": "29.11.2020 00:40",
            "open": "3.1981",
            "high": "3.1981",
            "low": "3.1981",
            "close": "3.1981"
        },
        {
            "time": "29.11.2020 00:41",
            "open": "3.1981",
            "high": "3.1981",
            "low": "3.1981",
            "close": "3.1983"
        },
        {
            "time": "29.11.2020 00:44",
            "open": "3.1983",
            "high": "3.1987",
            "low": "3.1973",
            "close": "3.1792"
        },
        {
            "time": "29.11.2020 00:45",
            "open": "3.1792",
            "high": "3.1792",
            "low": "3.1792",
            "close": "3.1621"
        },
        {
            "time": "29.11.2020 01:00",
            "open": "3.1621",
            "high": "3.1621",
            "low": "3.1621",
            "close": "3.1699"
        },
        {
            "time": "29.11.2020 01:02",
            "open": "3.1699",
            "high": "3.1791",
            "low": "3.1699",
            "close": "3.1716"
        },
        {
            "time": "29.11.2020 01:03",
            "open": "3.1716",
            "high": "3.1716",
            "low": "3.1696",
            "close": "3.1697"
        },
        {
            "time": "29.11.2020 01:04",
            "open": "3.1697",
            "high": "3.1697",
            "low": "3.1678",
            "close": "3.1635"
        },
        {
            "time": "29.11.2020 01:05",
            "open": "3.1635",
            "high": "3.1635",
            "low": "3.1634",
            "close": "3.1581"
        },
        {
            "time": "29.11.2020 01:06",
            "open": "3.1581",
            "high": "3.1581",
            "low": "3.1581",
            "close": "3.145"
        },
        {
            "time": "29.11.2020 01:08",
            "open": "3.145",
            "high": "3.145",
            "low": "3.14",
            "close": "3.139"
        },
        {
            "time": "29.11.2020 01:09",
            "open": "3.139",
            "high": "3.139",
            "low": "3.139",
            "close": "3.1324"
        },
        {
            "time": "29.11.2020 01:18",
            "open": "3.1324",
            "high": "3.1348",
            "low": "3.1324",
            "close": "3.1321"
        },
        {
            "time": "29.11.2020 01:22",
            "open": "3.1321",
            "high": "3.1321",
            "low": "3.1222",
            "close": "3.1154"
        },
        {
            "time": "29.11.2020 01:23",
            "open": "3.1154",
            "high": "3.1154",
            "low": "3.1",
            "close": "3.0965"
        },
        {
            "time": "29.11.2020 01:24",
            "open": "3.0965",
            "high": "3.1",
            "low": "3.0965",
            "close": "3.0974"
        },
        {
            "time": "29.11.2020 01:25",
            "open": "3.0974",
            "high": "3.106",
            "low": "3.0964",
            "close": "3.0981"
        },
        {
            "time": "29.11.2020 01:26",
            "open": "3.0981",
            "high": "3.0981",
            "low": "3.098",
            "close": "3.0928"
        },
        {
            "time": "29.11.2020 01:28",
            "open": "3.0928",
            "high": "3.0928",
            "low": "3.088",
            "close": "3.0982"
        },
        {
            "time": "29.11.2020 01:29",
            "open": "3.0982",
            "high": "3.0984",
            "low": "3.0868",
            "close": "3.0972"
        },
        {
            "time": "29.11.2020 01:40",
            "open": "3.0972",
            "high": "3.0972",
            "low": "3.0972",
            "close": "3.1039"
        },
        {
            "time": "29.11.2020 01:43",
            "open": "3.1039",
            "high": "3.1039",
            "low": "3.1039",
            "close": "3.1025"
        },
        {
            "time": "29.11.2020 01:44",
            "open": "3.1025",
            "high": "3.1025",
            "low": "3.1025",
            "close": "3.1117"
        },
        {
            "time": "29.11.2020 01:47",
            "open": "3.1117",
            "high": "3.1119",
            "low": "3.1117",
            "close": "3.0936"
        },
        {
            "time": "29.11.2020 01:53",
            "open": "3.0936",
            "high": "3.0936",
            "low": "3.0936",
            "close": "3.1031"
        },
        {
            "time": "29.11.2020 01:54",
            "open": "3.1031",
            "high": "3.1031",
            "low": "3.1031",
            "close": "3.13"
        },
        {
            "time": "29.11.2020 01:59",
            "open": "3.13",
            "high": "3.13",
            "low": "3.1274",
            "close": "3.1158"
        },
        {
            "time": "29.11.2020 02:08",
            "open": "3.1158",
            "high": "3.1158",
            "low": "3.1158",
            "close": "3.1135"
        },
        {
            "time": "29.11.2020 02:10",
            "open": "3.1135",
            "high": "3.1135",
            "low": "3.1135",
            "close": "3.1135"
        },
        {
            "time": "29.11.2020 02:15",
            "open": "3.1135",
            "high": "3.1135",
            "low": "3.1135",
            "close": "3.1029"
        },
        {
            "time": "29.11.2020 02:16",
            "open": "3.1029",
            "high": "3.1029",
            "low": "3.1029",
            "close": "3.1017"
        },
        {
            "time": "29.11.2020 02:18",
            "open": "3.1017",
            "high": "3.1017",
            "low": "3.1017",
            "close": "3.0725"
        },
        {
            "time": "29.11.2020 02:25",
            "open": "3.0725",
            "high": "3.0725",
            "low": "3.0629",
            "close": "3.0623"
        },
        {
            "time": "29.11.2020 02:26",
            "open": "3.0623",
            "high": "3.0629",
            "low": "3.05",
            "close": "3.0484"
        },
        {
            "time": "29.11.2020 02:27",
            "open": "3.0484",
            "high": "3.0486",
            "low": "3.0484",
            "close": "3.053"
        },
        {
            "time": "29.11.2020 02:31",
            "open": "3.0461",
            "high": "3.0461",
            "low": "3.0461",
            "close": "3.051"
        },
        {
            "time": "29.11.2020 02:34",
            "open": "3.051",
            "high": "3.0537",
            "low": "3.051",
            "close": "3.0451"
        },
        {
            "time": "29.11.2020 02:35",
            "open": "3.0451",
            "high": "3.0451",
            "low": "3.0451",
            "close": "3.0416"
        },
        {
            "time": "29.11.2020 02:36",
            "open": "3.0416",
            "high": "3.0416",
            "low": "3.0416",
            "close": "3.0314"
        },
        {
            "time": "29.11.2020 02:38",
            "open": "3.0314",
            "high": "3.0361",
            "low": "3.0314",
            "close": "3.034"
        },
        {
            "time": "29.11.2020 02:40",
            "open": "3.034",
            "high": "3.034",
            "low": "3.034",
            "close": "3.0339"
        },
        {
            "time": "29.11.2020 02:44",
            "open": "3.0339",
            "high": "3.0339",
            "low": "3.0339",
            "close": "3.0567"
        },
        {
            "time": "29.11.2020 02:52",
            "open": "3.0567",
            "high": "3.0568",
            "low": "3.0567",
            "close": "3.0565"
        },
        {
            "time": "29.11.2020 02:53",
            "open": "3.0565",
            "high": "3.0639",
            "low": "3.0565",
            "close": "3.0593"
        },
        {
            "time": "29.11.2020 02:54",
            "open": "3.0593",
            "high": "3.0593",
            "low": "3.0593",
            "close": "3.0572"
        },
        {
            "time": "29.11.2020 02:56",
            "open": "3.0572",
            "high": "3.0572",
            "low": "3.0572",
            "close": "3.0497"
        },
        {
            "time": "29.11.2020 03:00",
            "open": "3.0497",
            "high": "3.0497",
            "low": "3.0497",
            "close": "3.0494"
        },
        {
            "time": "29.11.2020 03:01",
            "open": "3.0494",
            "high": "3.0494",
            "low": "3.0494",
            "close": "3.0499"
        },
        {
            "time": "29.11.2020 03:03",
            "open": "3.0499",
            "high": "3.0547",
            "low": "3.0499",
            "close": "3.0638"
        },
        {
            "time": "29.11.2020 03:06",
            "open": "3.0638",
            "high": "3.0638",
            "low": "3.0638",
            "close": "3.0638"
        },
        {
            "time": "29.11.2020 03:12",
            "open": "3.0638",
            "high": "3.0638",
            "low": "3.0638",
            "close": "3.0779"
        },
        {
            "time": "29.11.2020 03:15",
            "open": "3.0779",
            "high": "3.0779",
            "low": "3.0779",
            "close": "3.0849"
        },
        {
            "time": "29.11.2020 03:18",
            "open": "3.0849",
            "high": "3.0849",
            "low": "3.0849",
            "close": "3.0861"
        },
        {
            "time": "29.11.2020 03:23",
            "open": "3.0861",
            "high": "3.0861",
            "low": "3.0861",
            "close": "3.0849"
        },
        {
            "time": "29.11.2020 03:29",
            "open": "3.0849",
            "high": "3.0849",
            "low": "3.0849",
            "close": "3.0753"
        },
        {
            "time": "29.11.2020 03:33",
            "open": "3.0753",
            "high": "3.0753",
            "low": "3.0725",
            "close": "3.1098"
        },
        {
            "time": "29.11.2020 03:47",
            "open": "3.1098",
            "high": "3.1098",
            "low": "3.1098",
            "close": "3.1052"
        },
        {
            "time": "29.11.2020 04:07",
            "open": "3.1052",
            "high": "3.1052",
            "low": "3.1052",
            "close": "3.0926"
        },
        {
            "time": "29.11.2020 04:15",
            "open": "3.0926",
            "high": "3.0926",
            "low": "3.0926",
            "close": "3.1223"
        },
        {
            "time": "29.11.2020 04:37",
            "open": "3.1223",
            "high": "3.1223",
            "low": "3.1223",
            "close": "3.1264"
        },
        {
            "time": "29.11.2020 04:44",
            "open": "3.1264",
            "high": "3.1264",
            "low": "3.1264",
            "close": "3.1047"
        },
        {
            "time": "29.11.2020 05:36",
            "open": "3.1047",
            "high": "3.1047",
            "low": "3.1047",
            "close": "3.1035"
        },
        {
            "time": "29.11.2020 05:38",
            "open": "3.1035",
            "high": "3.1035",
            "low": "3.1035",
            "close": "3.106"
        },
        {
            "time": "29.11.2020 05:42",
            "open": "3.106",
            "high": "3.106",
            "low": "3.106",
            "close": "3.1009"
        },
        {
            "time": "29.11.2020 05:44",
            "open": "3.1009",
            "high": "3.1009",
            "low": "3.1009",
            "close": "3.101"
        },
        {
            "time": "29.11.2020 05:49",
            "open": "3.101",
            "high": "3.101",
            "low": "3.101",
            "close": "3.0947"
        },
        {
            "time": "29.11.2020 05:58",
            "open": "3.0947",
            "high": "3.0947",
            "low": "3.0947",
            "close": "3.0846"
        },
        {
            "time": "29.11.2020 06:09",
            "open": "3.0846",
            "high": "3.0846",
            "low": "3.0846",
            "close": "3.0889"
        },
        {
            "time": "29.11.2020 06:18",
            "open": "3.0889",
            "high": "3.0889",
            "low": "3.0889",
            "close": "3.0973"
        },
        {
            "time": "29.11.2020 06:19",
            "open": "3.0973",
            "high": "3.0973",
            "low": "3.0973",
            "close": "3.1034"
        },
        {
            "time": "29.11.2020 06:24",
            "open": "3.1034",
            "high": "3.1034",
            "low": "3.1034",
            "close": "3.1033"
        },
        {
            "time": "29.11.2020 06:29",
            "open": "3.1033",
            "high": "3.105",
            "low": "3.1033",
            "close": "3.1007"
        },
        {
            "time": "29.11.2020 06:59",
            "open": "3.1007",
            "high": "3.1007",
            "low": "3.1007",
            "close": "3.0761"
        },
        {
            "time": "29.11.2020 07:38",
            "open": "3.0761",
            "high": "3.0794",
            "low": "3.0761",
            "close": "3.08"
        },
        {
            "time": "29.11.2020 07:40",
            "open": "3.08",
            "high": "3.08",
            "low": "3.08",
            "close": "3.0937"
        },
        {
            "time": "29.11.2020 07:44",
            "open": "3.0937",
            "high": "3.0937",
            "low": "3.0937",
            "close": "3.0822"
        },
        {
            "time": "29.11.2020 07:57",
            "open": "3.0822",
            "high": "3.0822",
            "low": "3.0821",
            "close": "3.0825"
        },
        {
            "time": "29.11.2020 08:00",
            "open": "3.0825",
            "high": "3.0825",
            "low": "3.0825",
            "close": "3.1"
        },
        {
            "time": "29.11.2020 08:24",
            "open": "3.1",
            "high": "3.1",
            "low": "3.1",
            "close": "3.1085"
        },
        {
            "time": "29.11.2020 08:29",
            "open": "3.1085",
            "high": "3.1085",
            "low": "3.1085",
            "close": "3.1084"
        },
        {
            "time": "29.11.2020 08:31",
            "open": "3.1084",
            "high": "3.1084",
            "low": "3.1084",
            "close": "3.0992"
        },
        {
            "time": "29.11.2020 08:33",
            "open": "3.0992",
            "high": "3.0992",
            "low": "3.0992",
            "close": "3.0993"
        },
        {
            "time": "29.11.2020 08:35",
            "open": "3.0993",
            "high": "3.0993",
            "low": "3.0993",
            "close": "3.1174"
        },
        {
            "time": "29.11.2020 08:42",
            "open": "3.1174",
            "high": "3.1174",
            "low": "3.1174",
            "close": "3.1216"
        },
        {
            "time": "29.11.2020 08:44",
            "open": "3.1216",
            "high": "3.1251",
            "low": "3.1216",
            "close": "3.1299"
        },
        {
            "time": "29.11.2020 08:45",
            "open": "3.1299",
            "high": "3.1299",
            "low": "3.1299",
            "close": "3.1425"
        },
        {
            "time": "29.11.2020 08:47",
            "open": "3.1425",
            "high": "3.1425",
            "low": "3.1425",
            "close": "3.145"
        },
        {
            "time": "29.11.2020 08:49",
            "open": "3.145",
            "high": "3.145",
            "low": "3.145",
            "close": "3.1449"
        },
        {
            "time": "29.11.2020 08:50",
            "open": "3.1449",
            "high": "3.1449",
            "low": "3.1449",
            "close": "3.1498"
        },
        {
            "time": "29.11.2020 08:56",
            "open": "3.1498",
            "high": "3.1505",
            "low": "3.1498",
            "close": "3.1609"
        },
        {
            "time": "29.11.2020 08:58",
            "open": "3.1609",
            "high": "3.1609",
            "low": "3.1608",
            "close": "3.1607"
        },
        {
            "time": "29.11.2020 09:01",
            "open": "3.1607",
            "high": "3.1607",
            "low": "3.1607",
            "close": "3.1836"
        },
        {
            "time": "29.11.2020 09:06",
            "open": "3.1836",
            "high": "3.1847",
            "low": "3.1836",
            "close": "3.1905"
        },
        {
            "time": "29.11.2020 09:07",
            "open": "3.1905",
            "high": "3.1957",
            "low": "3.1905",
            "close": "3.1956"
        },
        {
            "time": "29.11.2020 09:08",
            "open": "3.1956",
            "high": "3.1964",
            "low": "3.187",
            "close": "3.1851"
        },
        {
            "time": "29.11.2020 09:10",
            "open": "3.1851",
            "high": "3.1851",
            "low": "3.1809",
            "close": "3.1927"
        },
        {
            "time": "29.11.2020 09:11",
            "open": "3.1927",
            "high": "3.1949",
            "low": "3.1927",
            "close": "3.2044"
        },
        {
            "time": "29.11.2020 09:12",
            "open": "3.2044",
            "high": "3.2044",
            "low": "3.2044",
            "close": "3.211"
        },
        {
            "time": "29.11.2020 09:13",
            "open": "3.211",
            "high": "3.211",
            "low": "3.211",
            "close": "3.2021"
        },
        {
            "time": "29.11.2020 09:14",
            "open": "3.2021",
            "high": "3.206",
            "low": "3.2021",
            "close": "3.1927"
        },
        {
            "time": "29.11.2020 09:17",
            "open": "3.1927",
            "high": "3.1927",
            "low": "3.1927",
            "close": "3.2024"
        },
        {
            "time": "29.11.2020 09:18",
            "open": "3.2024",
            "high": "3.2024",
            "low": "3.2024",
            "close": "3.2147"
        },
        {
            "time": "29.11.2020 09:20",
            "open": "3.2147",
            "high": "3.2147",
            "low": "3.2147",
            "close": "3.2152"
        },
        {
            "time": "29.11.2020 09:21",
            "open": "3.2152",
            "high": "3.2169",
            "low": "3.2152",
            "close": "3.2142"
        },
        {
            "time": "29.11.2020 09:22",
            "open": "3.2142",
            "high": "3.2142",
            "low": "3.2142",
            "close": "3.2249"
        },
        {
            "time": "29.11.2020 09:27",
            "open": "3.2249",
            "high": "3.2249",
            "low": "3.2152",
            "close": "3.2194"
        },
        {
            "time": "29.11.2020 09:29",
            "open": "3.2194",
            "high": "3.2194",
            "low": "3.21",
            "close": "3.2221"
        },
        {
            "time": "29.11.2020 09:30",
            "open": "3.2221",
            "high": "3.2221",
            "low": "3.2221",
            "close": "3.2067"
        },
        {
            "time": "29.11.2020 09:33",
            "open": "3.2067",
            "high": "3.2125",
            "low": "3.1941",
            "close": "3.1955"
        },
        {
            "time": "29.11.2020 09:34",
            "open": "3.1955",
            "high": "3.1955",
            "low": "3.1955",
            "close": "3.1999"
        },
        {
            "time": "29.11.2020 09:39",
            "open": "3.1999",
            "high": "3.1999",
            "low": "3.1999",
            "close": "3.1909"
        },
        {
            "time": "29.11.2020 09:40",
            "open": "3.1909",
            "high": "3.1909",
            "low": "3.1909",
            "close": "3.1964"
        },
        {
            "time": "29.11.2020 09:41",
            "open": "3.1964",
            "high": "3.1969",
            "low": "3.1964",
            "close": "3.196"
        },
        {
            "time": "29.11.2020 09:42",
            "open": "3.196",
            "high": "3.1999",
            "low": "3.196",
            "close": "3.2066"
        },
        {
            "time": "29.11.2020 09:44",
            "open": "3.2066",
            "high": "3.2066",
            "low": "3.2066",
            "close": "3.2149"
        },
        {
            "time": "29.11.2020 09:46",
            "open": "3.2149",
            "high": "3.2149",
            "low": "3.2149",
            "close": "3.22"
        },
        {
            "time": "29.11.2020 09:51",
            "open": "3.22",
            "high": "3.22",
            "low": "3.22",
            "close": "3.2171"
        },
        {
            "time": "29.11.2020 09:56",
            "open": "3.2171",
            "high": "3.2171",
            "low": "3.2171",
            "close": "3.22"
        },
        {
            "time": "29.11.2020 09:57",
            "open": "3.22",
            "high": "3.2249",
            "low": "3.22",
            "close": "3.221"
        },
        {
            "time": "29.11.2020 10:02",
            "open": "3.221",
            "high": "3.221",
            "low": "3.221",
            "close": "3.225"
        },
        {
            "time": "29.11.2020 10:03",
            "open": "3.225",
            "high": "3.225",
            "low": "3.225",
            "close": "3.2266"
        },
        {
            "time": "29.11.2020 10:10",
            "open": "3.2266",
            "high": "3.2266",
            "low": "3.2266",
            "close": "3.2295"
        },
        {
            "time": "29.11.2020 10:12",
            "open": "3.2295",
            "high": "3.2295",
            "low": "3.2295",
            "close": "3.2239"
        },
        {
            "time": "29.11.2020 10:13",
            "open": "3.2239",
            "high": "3.2239",
            "low": "3.2239",
            "close": "3.23"
        },
        {
            "time": "29.11.2020 10:14",
            "open": "3.23",
            "high": "3.23",
            "low": "3.2283",
            "close": "3.2303"
        },
        {
            "time": "29.11.2020 10:18",
            "open": "3.2303",
            "high": "3.2303",
            "low": "3.2303",
            "close": "3.2309"
        },
        {
            "time": "29.11.2020 10:20",
            "open": "3.2309",
            "high": "3.2309",
            "low": "3.2309",
            "close": "3.2309"
        },
        {
            "time": "29.11.2020 10:22",
            "open": "3.2309",
            "high": "3.234",
            "low": "3.2309",
            "close": "3.2357"
        },
        {
            "time": "29.11.2020 10:25",
            "open": "3.2357",
            "high": "3.2357",
            "low": "3.2357",
            "close": "3.2303"
        },
        {
            "time": "29.11.2020 10:26",
            "open": "3.2303",
            "high": "3.2303",
            "low": "3.225",
            "close": "3.225"
        },
        {
            "time": "29.11.2020 10:27",
            "open": "3.225",
            "high": "3.225",
            "low": "3.225",
            "close": "3.23"
        },
        {
            "time": "29.11.2020 10:28",
            "open": "3.23",
            "high": "3.23",
            "low": "3.23",
            "close": "3.24"
        },
        {
            "time": "29.11.2020 10:29",
            "open": "3.24",
            "high": "3.24",
            "low": "3.24",
            "close": "3.24"
        },
        {
            "time": "29.11.2020 10:30",
            "open": "3.24",
            "high": "3.24",
            "low": "3.24",
            "close": "3.2293"
        },
        {
            "time": "29.11.2020 10:32",
            "open": "3.2293",
            "high": "3.2376",
            "low": "3.2293",
            "close": "3.22"
        },
        {
            "time": "29.11.2020 10:34",
            "open": "3.22",
            "high": "3.22",
            "low": "3.22",
            "close": "3.2165"
        },
        {
            "time": "29.11.2020 10:35",
            "open": "3.2165",
            "high": "3.2165",
            "low": "3.2165",
            "close": "3.2106"
        },
        {
            "time": "29.11.2020 10:37",
            "open": "3.2106",
            "high": "3.2107",
            "low": "3.2106",
            "close": "3.1872"
        },
        {
            "time": "29.11.2020 10:40",
            "open": "3.1872",
            "high": "3.19",
            "low": "3.187",
            "close": "3.1883"
        },
        {
            "time": "29.11.2020 10:41",
            "open": "3.1883",
            "high": "3.19",
            "low": "3.188",
            "close": "3.1765"
        },
        {
            "time": "29.11.2020 10:42",
            "open": "3.1765",
            "high": "3.1765",
            "low": "3.1765",
            "close": "3.1605"
        },
        {
            "time": "29.11.2020 10:46",
            "open": "3.1605",
            "high": "3.1605",
            "low": "3.1605",
            "close": "3.1623"
        },
        {
            "time": "29.11.2020 10:47",
            "open": "3.1623",
            "high": "3.1624",
            "low": "3.1623",
            "close": "3.1604"
        },
        {
            "time": "29.11.2020 10:48",
            "open": "3.1604",
            "high": "3.1604",
            "low": "3.1604",
            "close": "3.1683"
        },
        {
            "time": "29.11.2020 10:49",
            "open": "3.1683",
            "high": "3.1683",
            "low": "3.1644",
            "close": "3.1644"
        },
        {
            "time": "29.11.2020 10:53",
            "open": "3.1644",
            "high": "3.1644",
            "low": "3.1644",
            "close": "3.1736"
        },
        {
            "time": "29.11.2020 11:00",
            "open": "3.1736",
            "high": "3.1736",
            "low": "3.1736",
            "close": "3.1714"
        },
        {
            "time": "29.11.2020 11:07",
            "open": "3.1714",
            "high": "3.1714",
            "low": "3.1714",
            "close": "3.1661"
        },
        {
            "time": "29.11.2020 11:08",
            "open": "3.1661",
            "high": "3.1661",
            "low": "3.1661",
            "close": "3.1668"
        },
        {
            "time": "29.11.2020 11:09",
            "open": "3.1668",
            "high": "3.1668",
            "low": "3.1668",
            "close": "3.1687"
        },
        {
            "time": "29.11.2020 11:13",
            "open": "3.1687",
            "high": "3.1687",
            "low": "3.1687",
            "close": "3.1767"
        },
        {
            "time": "29.11.2020 11:14",
            "open": "3.1767",
            "high": "3.1767",
            "low": "3.1767",
            "close": "3.1766"
        },
        {
            "time": "29.11.2020 11:15",
            "open": "3.1766",
            "high": "3.1766",
            "low": "3.1766",
            "close": "3.181"
        },
        {
            "time": "29.11.2020 11:17",
            "open": "3.181",
            "high": "3.181",
            "low": "3.181",
            "close": "3.1766"
        },
        {
            "time": "29.11.2020 11:18",
            "open": "3.1766",
            "high": "3.1766",
            "low": "3.1766",
            "close": "3.1766"
        },
        {
            "time": "29.11.2020 11:19",
            "open": "3.1766",
            "high": "3.1766",
            "low": "3.1763",
            "close": "3.1848"
        },
        {
            "time": "29.11.2020 11:25",
            "open": "3.1848",
            "high": "3.1848",
            "low": "3.1848",
            "close": "3.1848"
        },
        {
            "time": "29.11.2020 11:28",
            "open": "3.1848",
            "high": "3.1848",
            "low": "3.1848",
            "close": "3.1729"
        },
        {
            "time": "29.11.2020 11:49",
            "open": "3.1729",
            "high": "3.1729",
            "low": "3.1713",
            "close": "3.1831"
        },
        {
            "time": "29.11.2020 11:52",
            "open": "3.1831",
            "high": "3.1831",
            "low": "3.1831",
            "close": "3.2"
        },
        {
            "time": "29.11.2020 11:55",
            "open": "3.2",
            "high": "3.2",
            "low": "3.2",
            "close": "3.2016"
        },
        {
            "time": "29.11.2020 11:56",
            "open": "3.2016",
            "high": "3.205",
            "low": "3.2016",
            "close": "3.2084"
        },
        {
            "time": "29.11.2020 12:01",
            "open": "3.2084",
            "high": "3.2084",
            "low": "3.2084",
            "close": "3.189"
        },
        {
            "time": "29.11.2020 12:04",
            "open": "3.189",
            "high": "3.1947",
            "low": "3.189",
            "close": "3.1882"
        },
        {
            "time": "29.11.2020 12:05",
            "open": "3.1882",
            "high": "3.1882",
            "low": "3.1882",
            "close": "3.2037"
        },
        {
            "time": "29.11.2020 12:07",
            "open": "3.2037",
            "high": "3.2037",
            "low": "3.2037",
            "close": "3.2173"
        },
        {
            "time": "29.11.2020 12:12",
            "open": "3.2173",
            "high": "3.2173",
            "low": "3.2173",
            "close": "3.2104"
        },
        {
            "time": "29.11.2020 12:16",
            "open": "3.2104",
            "high": "3.2104",
            "low": "3.2104",
            "close": "3.201"
        },
        {
            "time": "29.11.2020 12:19",
            "open": "3.201",
            "high": "3.201",
            "low": "3.201",
            "close": "3.2011"
        },
        {
            "time": "29.11.2020 12:20",
            "open": "3.2011",
            "high": "3.2011",
            "low": "3.2011",
            "close": "3.1988"
        },
        {
            "time": "29.11.2020 12:21",
            "open": "3.1988",
            "high": "3.1988",
            "low": "3.1988",
            "close": "3.188"
        },
        {
            "time": "29.11.2020 12:23",
            "open": "3.188",
            "high": "3.188",
            "low": "3.1864",
            "close": "3.1807"
        },
        {
            "time": "29.11.2020 12:24",
            "open": "3.1807",
            "high": "3.1807",
            "low": "3.1807",
            "close": "3.17"
        },
        {
            "time": "29.11.2020 12:26",
            "open": "3.17",
            "high": "3.17",
            "low": "3.17",
            "close": "3.1707"
        },
        {
            "time": "29.11.2020 12:27",
            "open": "3.1707",
            "high": "3.1708",
            "low": "3.1707",
            "close": "3.1652"
        },
        {
            "time": "29.11.2020 12:29",
            "open": "3.1652",
            "high": "3.1652",
            "low": "3.1652",
            "close": "3.1709"
        },
        {
            "time": "29.11.2020 12:30",
            "open": "3.1709",
            "high": "3.1709",
            "low": "3.1709",
            "close": "3.1663"
        },
        {
            "time": "29.11.2020 12:31",
            "open": "3.1663",
            "high": "3.1663",
            "low": "3.1663",
            "close": "3.1686"
        },
        {
            "time": "29.11.2020 12:33",
            "open": "3.1686",
            "high": "3.1686",
            "low": "3.1686",
            "close": "3.1524"
        },
        {
            "time": "29.11.2020 12:41",
            "open": "3.1524",
            "high": "3.1524",
            "low": "3.1495",
            "close": "3.1624"
        },
        {
            "time": "29.11.2020 12:43",
            "open": "3.1624",
            "high": "3.1624",
            "low": "3.1624",
            "close": "3.1627"
        },
        {
            "time": "29.11.2020 12:44",
            "open": "3.1627",
            "high": "3.1627",
            "low": "3.1627",
            "close": "3.1739"
        },
        {
            "time": "29.11.2020 12:48",
            "open": "3.1739",
            "high": "3.1739",
            "low": "3.1739",
            "close": "3.1701"
        },
        {
            "time": "29.11.2020 12:49",
            "open": "3.1701",
            "high": "3.1701",
            "low": "3.1701",
            "close": "3.18"
        },
        {
            "time": "29.11.2020 12:50",
            "open": "3.18",
            "high": "3.1804",
            "low": "3.1796",
            "close": "3.1807"
        },
        {
            "time": "29.11.2020 12:55",
            "open": "3.1807",
            "high": "3.1807",
            "low": "3.1807",
            "close": "3.1888"
        },
        {
            "time": "29.11.2020 13:02",
            "open": "3.1888",
            "high": "3.1888",
            "low": "3.1888",
            "close": "3.1888"
        },
        {
            "time": "29.11.2020 13:03",
            "open": "3.1888",
            "high": "3.1888",
            "low": "3.1888",
            "close": "3.1884"
        },
        {
            "time": "29.11.2020 13:04",
            "open": "3.1884",
            "high": "3.1947",
            "low": "3.1884",
            "close": "3.2018"
        },
        {
            "time": "29.11.2020 13:05",
            "open": "3.2018",
            "high": "3.2018",
            "low": "3.2018",
            "close": "3.1898"
        },
        {
            "time": "29.11.2020 13:08",
            "open": "3.1898",
            "high": "3.1898",
            "low": "3.1887",
            "close": "3.1635"
        },
        {
            "time": "29.11.2020 13:18",
            "open": "3.1635",
            "high": "3.1635",
            "low": "3.1613",
            "close": "3.151"
        },
        {
            "time": "29.11.2020 13:19",
            "open": "3.151",
            "high": "3.151",
            "low": "3.1402",
            "close": "3.137"
        },
        {
            "time": "29.11.2020 13:22",
            "open": "3.137",
            "high": "3.137",
            "low": "3.137",
            "close": "3.1311"
        },
        {
            "time": "29.11.2020 13:24",
            "open": "3.1311",
            "high": "3.1332",
            "low": "3.1223",
            "close": "3.1244"
        },
        {
            "time": "29.11.2020 13:25",
            "open": "3.1244",
            "high": "3.1245",
            "low": "3.1244",
            "close": "3.1251"
        },
        {
            "time": "29.11.2020 13:26",
            "open": "3.1251",
            "high": "3.1251",
            "low": "3.1251",
            "close": "3.126"
        },
        {
            "time": "29.11.2020 13:28",
            "open": "3.126",
            "high": "3.1265",
            "low": "3.126",
            "close": "3.1315"
        },
        {
            "time": "29.11.2020 13:31",
            "open": "3.1315",
            "high": "3.1315",
            "low": "3.1262",
            "close": "3.123"
        },
        {
            "time": "29.11.2020 13:32",
            "open": "3.123",
            "high": "3.123",
            "low": "3.123",
            "close": "3.12"
        },
        {
            "time": "29.11.2020 13:33",
            "open": "3.12",
            "high": "3.12",
            "low": "3.1177",
            "close": "3.1136"
        },
        {
            "time": "29.11.2020 13:34",
            "open": "3.1136",
            "high": "3.1149",
            "low": "3.1136",
            "close": "3.1103"
        },
        {
            "time": "29.11.2020 13:35",
            "open": "3.1103",
            "high": "3.1103",
            "low": "3.1086",
            "close": "3.119"
        },
        {
            "time": "29.11.2020 13:38",
            "open": "3.119",
            "high": "3.119",
            "low": "3.119",
            "close": "3.1367"
        },
        {
            "time": "29.11.2020 13:41",
            "open": "3.1367",
            "high": "3.1367",
            "low": "3.1367",
            "close": "3.1173"
        },
        {
            "time": "29.11.2020 13:45",
            "open": "3.1173",
            "high": "3.1173",
            "low": "3.1173",
            "close": "3.1202"
        },
        {
            "time": "29.11.2020 13:46",
            "open": "3.1202",
            "high": "3.1202",
            "low": "3.1202",
            "close": "3.1273"
        },
        {
            "time": "29.11.2020 13:47",
            "open": "3.1273",
            "high": "3.1273",
            "low": "3.1273",
            "close": "3.1351"
        },
        {
            "time": "29.11.2020 13:48",
            "open": "3.1351",
            "high": "3.1351",
            "low": "3.1351",
            "close": "3.135"
        },
        {
            "time": "29.11.2020 13:49",
            "open": "3.135",
            "high": "3.135",
            "low": "3.135",
            "close": "3.1393"
        },
        {
            "time": "29.11.2020 13:50",
            "open": "3.1393",
            "high": "3.1393",
            "low": "3.1393",
            "close": "3.1419"
        },
        {
            "time": "29.11.2020 13:51",
            "open": "3.1419",
            "high": "3.1419",
            "low": "3.1419",
            "close": "3.1419"
        },
        {
            "time": "29.11.2020 13:58",
            "open": "3.1419",
            "high": "3.1419",
            "low": "3.1419",
            "close": "3.1415"
        },
        {
            "time": "29.11.2020 13:59",
            "open": "3.1415",
            "high": "3.1415",
            "low": "3.1388",
            "close": "3.1471"
        },
        {
            "time": "29.11.2020 14:03",
            "open": "3.1471",
            "high": "3.1471",
            "low": "3.1471",
            "close": "3.1428"
        },
        {
            "time": "29.11.2020 14:05",
            "open": "3.1428",
            "high": "3.1428",
            "low": "3.1428",
            "close": "3.1548"
        },
        {
            "time": "29.11.2020 14:13",
            "open": "3.1548",
            "high": "3.1549",
            "low": "3.1548",
            "close": "3.1555"
        },
        {
            "time": "29.11.2020 14:15",
            "open": "3.1555",
            "high": "3.1564",
            "low": "3.1555",
            "close": "3.1476"
        },
        {
            "time": "29.11.2020 14:16",
            "open": "3.1476",
            "high": "3.1476",
            "low": "3.1475",
            "close": "3.156"
        },
        {
            "time": "29.11.2020 14:19",
            "open": "3.156",
            "high": "3.156",
            "low": "3.156",
            "close": "3.15"
        },
        {
            "time": "29.11.2020 14:26",
            "open": "3.15",
            "high": "3.15",
            "low": "3.15",
            "close": "3.1565"
        },
        {
            "time": "29.11.2020 14:35",
            "open": "3.1565",
            "high": "3.1565",
            "low": "3.1565",
            "close": "3.131"
        },
        {
            "time": "29.11.2020 14:47",
            "open": "3.131",
            "high": "3.131",
            "low": "3.131",
            "close": "3.1421"
        },
        {
            "time": "29.11.2020 14:56",
            "open": "3.1421",
            "high": "3.1421",
            "low": "3.1421",
            "close": "3.1524"
        },
        {
            "time": "29.11.2020 15:02",
            "open": "3.1524",
            "high": "3.1569",
            "low": "3.1504",
            "close": "3.1631"
        },
        {
            "time": "29.11.2020 15:03",
            "open": "3.1631",
            "high": "3.1635",
            "low": "3.1631",
            "close": "3.17"
        },
        {
            "time": "29.11.2020 15:07",
            "open": "3.17",
            "high": "3.17",
            "low": "3.17",
            "close": "3.17"
        },
        {
            "time": "29.11.2020 15:08",
            "open": "3.17",
            "high": "3.17",
            "low": "3.17",
            "close": "3.1682"
        },
        {
            "time": "29.11.2020 15:11",
            "open": "3.1682",
            "high": "3.1682",
            "low": "3.1682",
            "close": "3.1575"
        },
        {
            "time": "29.11.2020 15:12",
            "open": "3.1575",
            "high": "3.1575",
            "low": "3.1575",
            "close": "3.164"
        },
        {
            "time": "29.11.2020 15:13",
            "open": "3.164",
            "high": "3.164",
            "low": "3.1576",
            "close": "3.1654"
        },
        {
            "time": "29.11.2020 15:19",
            "open": "3.1654",
            "high": "3.1654",
            "low": "3.1654",
            "close": "3.1578"
        },
        {
            "time": "29.11.2020 15:20",
            "open": "3.1578",
            "high": "3.1578",
            "low": "3.1578",
            "close": "3.1609"
        },
        {
            "time": "29.11.2020 15:24",
            "open": "3.1609",
            "high": "3.1609",
            "low": "3.1609",
            "close": "3.1595"
        },
        {
            "time": "29.11.2020 15:27",
            "open": "3.1595",
            "high": "3.1596",
            "low": "3.1595",
            "close": "3.1596"
        },
        {
            "time": "29.11.2020 15:30",
            "open": "3.1596",
            "high": "3.1596",
            "low": "3.1596",
            "close": "3.1609"
        },
        {
            "time": "29.11.2020 15:31",
            "open": "3.1609",
            "high": "3.1609",
            "low": "3.1609",
            "close": "3.166"
        },
        {
            "time": "29.11.2020 15:39",
            "open": "3.166",
            "high": "3.166",
            "low": "3.166",
            "close": "3.1624"
        },
        {
            "time": "29.11.2020 15:41",
            "open": "3.1624",
            "high": "3.1624",
            "low": "3.1624",
            "close": "3.1623"
        },
        {
            "time": "29.11.2020 15:53",
            "open": "3.1623",
            "high": "3.1623",
            "low": "3.1623",
            "close": "3.1311"
        },
        {
            "time": "29.11.2020 16:02",
            "open": "3.1311",
            "high": "3.1311",
            "low": "3.1233",
            "close": "3.1195"
        },
        {
            "time": "29.11.2020 16:03",
            "open": "3.1195",
            "high": "3.1195",
            "low": "3.1195",
            "close": "3.1371"
        },
        {
            "time": "29.11.2020 16:06",
            "open": "3.1371",
            "high": "3.1371",
            "low": "3.1371",
            "close": "3.1451"
        },
        {
            "time": "29.11.2020 16:10",
            "open": "3.1451",
            "high": "3.1451",
            "low": "3.1451",
            "close": "3.1489"
        },
        {
            "time": "29.11.2020 16:11",
            "open": "3.1489",
            "high": "3.1489",
            "low": "3.1489",
            "close": "3.1526"
        },
        {
            "time": "29.11.2020 16:14",
            "open": "3.1526",
            "high": "3.1526",
            "low": "3.1505",
            "close": "3.1589"
        },
        {
            "time": "29.11.2020 16:16",
            "open": "3.1589",
            "high": "3.1589",
            "low": "3.1589",
            "close": "3.1589"
        },
        {
            "time": "29.11.2020 16:18",
            "open": "3.1589",
            "high": "3.1589",
            "low": "3.1589",
            "close": "3.1623"
        },
        {
            "time": "29.11.2020 16:19",
            "open": "3.1623",
            "high": "3.1623",
            "low": "3.1623",
            "close": "3.1667"
        },
        {
            "time": "29.11.2020 16:20",
            "open": "3.1667",
            "high": "3.1667",
            "low": "3.1667",
            "close": "3.156"
        },
        {
            "time": "29.11.2020 16:28",
            "open": "3.156",
            "high": "3.156",
            "low": "3.156",
            "close": "3.1594"
        },
        {
            "time": "29.11.2020 16:46",
            "open": "3.1594",
            "high": "3.1594",
            "low": "3.1594",
            "close": "3.1668"
        },
        {
            "time": "29.11.2020 16:47",
            "open": "3.1668",
            "high": "3.1668",
            "low": "3.1668",
            "close": "3.1699"
        },
        {
            "time": "29.11.2020 16:48",
            "open": "3.1699",
            "high": "3.17",
            "low": "3.1699",
            "close": "3.1749"
        },
        {
            "time": "29.11.2020 16:49",
            "open": "3.1749",
            "high": "3.1749",
            "low": "3.1749",
            "close": "3.1847"
        },
        {
            "time": "29.11.2020 16:56",
            "open": "3.1847",
            "high": "3.1847",
            "low": "3.1847",
            "close": "3.1868"
        },
        {
            "time": "29.11.2020 16:58",
            "open": "3.1868",
            "high": "3.1868",
            "low": "3.1842",
            "close": "3.1841"
        },
        {
            "time": "29.11.2020 16:59",
            "open": "3.1841",
            "high": "3.1841",
            "low": "3.1841",
            "close": "3.1909"
        },
        {
            "time": "29.11.2020 17:00",
            "open": "3.1909",
            "high": "3.1921",
            "low": "3.1909",
            "close": "3.1972"
        },
        {
            "time": "29.11.2020 17:02",
            "open": "3.1972",
            "high": "3.1972",
            "low": "3.1972",
            "close": "3.1596"
        },
        {
            "time": "29.11.2020 17:05",
            "open": "3.1596",
            "high": "3.1596",
            "low": "3.1524",
            "close": "3.1223"
        },
        {
            "time": "29.11.2020 17:10",
            "open": "3.1223",
            "high": "3.1223",
            "low": "3.119",
            "close": "3.1163"
        },
        {
            "time": "29.11.2020 17:11",
            "open": "3.1163",
            "high": "3.1163",
            "low": "3.1163",
            "close": "3.11"
        },
        {
            "time": "29.11.2020 17:13",
            "open": "3.11",
            "high": "3.11",
            "low": "3.11",
            "close": "3.1208"
        },
        {
            "time": "29.11.2020 17:15",
            "open": "3.1208",
            "high": "3.1208",
            "low": "3.1208",
            "close": "3.115"
        },
        {
            "time": "29.11.2020 17:16",
            "open": "3.115",
            "high": "3.115",
            "low": "3.115",
            "close": "3.1195"
        },
        {
            "time": "29.11.2020 17:18",
            "open": "3.1195",
            "high": "3.1195",
            "low": "3.1195",
            "close": "3.127"
        },
        {
            "time": "29.11.2020 17:19",
            "open": "3.127",
            "high": "3.1272",
            "low": "3.127",
            "close": "3.109"
        },
        {
            "time": "29.11.2020 17:21",
            "open": "3.109",
            "high": "3.109",
            "low": "3.1024",
            "close": "3.1002"
        },
        {
            "time": "29.11.2020 17:22",
            "open": "3.1002",
            "high": "3.1002",
            "low": "3.1",
            "close": "3.0936"
        },
        {
            "time": "29.11.2020 17:24",
            "open": "3.0936",
            "high": "3.0936",
            "low": "3.0936",
            "close": "3.0862"
        },
        {
            "time": "29.11.2020 17:25",
            "open": "3.0862",
            "high": "3.09",
            "low": "3.083",
            "close": "3.0952"
        },
        {
            "time": "29.11.2020 17:26",
            "open": "3.0952",
            "high": "3.0952",
            "low": "3.0952",
            "close": "3.0959"
        },
        {
            "time": "29.11.2020 17:27",
            "open": "3.0959",
            "high": "3.0959",
            "low": "3.0959",
            "close": "3.0966"
        },
        {
            "time": "29.11.2020 17:34",
            "open": "3.0966",
            "high": "3.0966",
            "low": "3.0966",
            "close": "3.0958"
        },
        {
            "time": "29.11.2020 17:35",
            "open": "3.0958",
            "high": "3.0958",
            "low": "3.0933",
            "close": "3.1191"
        },
        {
            "time": "29.11.2020 17:46",
            "open": "3.1191",
            "high": "3.1191",
            "low": "3.1191",
            "close": "3.1137"
        },
        {
            "time": "29.11.2020 17:49",
            "open": "3.1137",
            "high": "3.1137",
            "low": "3.1137",
            "close": "3.1095"
        },
        {
            "time": "29.11.2020 17:50",
            "open": "3.1095",
            "high": "3.1095",
            "low": "3.1094",
            "close": "3.1232"
        },
        {
            "time": "29.11.2020 17:54",
            "open": "3.1232",
            "high": "3.1232",
            "low": "3.1232",
            "close": "3.1309"
        },
        {
            "time": "29.11.2020 17:56",
            "open": "3.1309",
            "high": "3.1312",
            "low": "3.1309",
            "close": "3.1375"
        },
        {
            "time": "29.11.2020 18:01",
            "open": "3.1375",
            "high": "3.1375",
            "low": "3.1375",
            "close": "3.145"
        },
        {
            "time": "29.11.2020 18:02",
            "open": "3.145",
            "high": "3.145",
            "low": "3.145",
            "close": "3.1492"
        },
        {
            "time": "29.11.2020 18:06",
            "open": "3.1492",
            "high": "3.1492",
            "low": "3.1492",
            "close": "3.1601"
        },
        {
            "time": "29.11.2020 18:09",
            "open": "3.1601",
            "high": "3.1619",
            "low": "3.1601",
            "close": "3.1573"
        },
        {
            "time": "29.11.2020 18:10",
            "open": "3.1573",
            "high": "3.1622",
            "low": "3.1573",
            "close": "3.1695"
        },
        {
            "time": "29.11.2020 18:11",
            "open": "3.1695",
            "high": "3.1695",
            "low": "3.1695",
            "close": "3.1762"
        },
        {
            "time": "29.11.2020 18:15",
            "open": "3.1762",
            "high": "3.1775",
            "low": "3.17",
            "close": "3.1801"
        },
        {
            "time": "29.11.2020 18:16",
            "open": "3.1801",
            "high": "3.1801",
            "low": "3.1797",
            "close": "3.1525"
        },
        {
            "time": "29.11.2020 18:20",
            "open": "3.1525",
            "high": "3.1525",
            "low": "3.1525",
            "close": "3.1615"
        },
        {
            "time": "29.11.2020 18:22",
            "open": "3.1615",
            "high": "3.1615",
            "low": "3.1615",
            "close": "3.1608"
        },
        {
            "time": "29.11.2020 18:24",
            "open": "3.1608",
            "high": "3.1608",
            "low": "3.1574",
            "close": "3.1488"
        },
        {
            "time": "29.11.2020 18:25",
            "open": "3.1488",
            "high": "3.1507",
            "low": "3.1488",
            "close": "3.1508"
        },
        {
            "time": "29.11.2020 18:26",
            "open": "3.1508",
            "high": "3.1508",
            "low": "3.1508",
            "close": "3.1493"
        },
        {
            "time": "29.11.2020 18:28",
            "open": "3.1493",
            "high": "3.1493",
            "low": "3.1493",
            "close": "3.1518"
        },
        {
            "time": "29.11.2020 18:29",
            "open": "3.1518",
            "high": "3.1518",
            "low": "3.1518",
            "close": "3.1477"
        },
        {
            "time": "29.11.2020 18:33",
            "open": "3.1477",
            "high": "3.1477",
            "low": "3.1477",
            "close": "3.1448"
        },
        {
            "time": "29.11.2020 18:37",
            "open": "3.1448",
            "high": "3.1448",
            "low": "3.1448",
            "close": "3.1436"
        },
        {
            "time": "29.11.2020 18:38",
            "open": "3.1436",
            "high": "3.1436",
            "low": "3.1436",
            "close": "3.1387"
        },
        {
            "time": "29.11.2020 18:42",
            "open": "3.1387",
            "high": "3.1387",
            "low": "3.1387",
            "close": "3.1534"
        },
        {
            "time": "29.11.2020 18:47",
            "open": "3.1534",
            "high": "3.1534",
            "low": "3.1534",
            "close": "3.1178"
        },
        {
            "time": "29.11.2020 19:06",
            "open": "3.1178",
            "high": "3.1178",
            "low": "3.1177",
            "close": "3.1144"
        },
        {
            "time": "29.11.2020 19:07",
            "open": "3.1144",
            "high": "3.1144",
            "low": "3.1124",
            "close": "3.11"
        },
        {
            "time": "29.11.2020 19:08",
            "open": "3.11",
            "high": "3.11",
            "low": "3.11",
            "close": "3.1109"
        },
        {
            "time": "29.11.2020 19:12",
            "open": "3.1109",
            "high": "3.1126",
            "low": "3.1109",
            "close": "3.1158"
        },
        {
            "time": "29.11.2020 19:15",
            "open": "3.1158",
            "high": "3.1158",
            "low": "3.1158",
            "close": "3.1158"
        },
        {
            "time": "29.11.2020 19:29",
            "open": "3.1158",
            "high": "3.1158",
            "low": "3.1158",
            "close": "3.118"
        },
        {
            "time": "29.11.2020 19:38",
            "open": "3.118",
            "high": "3.118",
            "low": "3.118",
            "close": "3.1191"
        },
        {
            "time": "29.11.2020 19:40",
            "open": "3.1191",
            "high": "3.1191",
            "low": "3.1191",
            "close": "3.1337"
        },
        {
            "time": "29.11.2020 19:54",
            "open": "3.1337",
            "high": "3.1353",
            "low": "3.1337",
            "close": "3.1303"
        },
        {
            "time": "29.11.2020 19:57",
            "open": "3.1303",
            "high": "3.1303",
            "low": "3.1303",
            "close": "3.1332"
        },
        {
            "time": "29.11.2020 20:03",
            "open": "3.1332",
            "high": "3.1332",
            "low": "3.1317",
            "close": "3.1447"
        },
        {
            "time": "29.11.2020 20:06",
            "open": "3.1447",
            "high": "3.1447",
            "low": "3.1447",
            "close": "3.13"
        },
        {
            "time": "29.11.2020 20:16",
            "open": "3.13",
            "high": "3.1364",
            "low": "3.13",
            "close": "3.1291"
        },
        {
            "time": "29.11.2020 20:18",
            "open": "3.1291",
            "high": "3.1291",
            "low": "3.1291",
            "close": "3.1244"
        },
        {
            "time": "29.11.2020 20:23",
            "open": "3.1244",
            "high": "3.1244",
            "low": "3.1243",
            "close": "3.1165"
        },
        {
            "time": "29.11.2020 20:28",
            "open": "3.1165",
            "high": "3.1165",
            "low": "3.1165",
            "close": "3.1062"
        },
        {
            "time": "29.11.2020 20:30",
            "open": "3.1062",
            "high": "3.1062",
            "low": "3.1062",
            "close": "3.111"
        },
        {
            "time": "29.11.2020 20:31",
            "open": "3.111",
            "high": "3.111",
            "low": "3.111",
            "close": "3.1106"
        },
        {
            "time": "29.11.2020 20:32",
            "open": "3.1106",
            "high": "3.1106",
            "low": "3.1106",
            "close": "3.1061"
        },
        {
            "time": "29.11.2020 20:33",
            "open": "3.1061",
            "high": "3.1074",
            "low": "3.1061",
            "close": "3.1026"
        },
        {
            "time": "29.11.2020 20:42",
            "open": "3.1026",
            "high": "3.1026",
            "low": "3.1026",
            "close": "3.1065"
        },
        {
            "time": "29.11.2020 20:45",
            "open": "3.1065",
            "high": "3.1065",
            "low": "3.1065",
            "close": "3.1026"
        },
        {
            "time": "29.11.2020 20:46",
            "open": "3.1026",
            "high": "3.1026",
            "low": "3.1026",
            "close": "3.1098"
        },
        {
            "time": "29.11.2020 20:47",
            "open": "3.1098",
            "high": "3.1098",
            "low": "3.1098",
            "close": "3.0944"
        },
        {
            "time": "29.11.2020 20:49",
            "open": "3.0944",
            "high": "3.0944",
            "low": "3.0944",
            "close": "3.0902"
        },
        {
            "time": "29.11.2020 20:51",
            "open": "3.0902",
            "high": "3.0902",
            "low": "3.0902",
            "close": "3.0915"
        },
        {
            "time": "29.11.2020 20:53",
            "open": "3.0915",
            "high": "3.0915",
            "low": "3.0855",
            "close": "3.08"
        },
        {
            "time": "29.11.2020 20:54",
            "open": "3.08",
            "high": "3.08",
            "low": "3.08",
            "close": "3.08"
        },
        {
            "time": "29.11.2020 20:55",
            "open": "3.08",
            "high": "3.0834",
            "low": "3.08",
            "close": "3.0792"
        },
        {
            "time": "29.11.2020 20:57",
            "open": "3.0792",
            "high": "3.0802",
            "low": "3.0792",
            "close": "3.0859"
        },
        {
            "time": "29.11.2020 20:59",
            "open": "3.0859",
            "high": "3.0859",
            "low": "3.0859",
            "close": "3.0921"
        },
        {
            "time": "29.11.2020 21:02",
            "open": "3.0921",
            "high": "3.0921",
            "low": "3.0921",
            "close": "3.0921"
        },
        {
            "time": "29.11.2020 21:03",
            "open": "3.0921",
            "high": "3.0921",
            "low": "3.0921",
            "close": "3.0921"
        },
        {
            "time": "29.11.2020 21:04",
            "open": "3.0921",
            "high": "3.0921",
            "low": "3.0921",
            "close": "3.094"
        },
        {
            "time": "29.11.2020 21:06",
            "open": "3.094",
            "high": "3.094",
            "low": "3.0939",
            "close": "3.0849"
        },
        {
            "time": "29.11.2020 21:08",
            "open": "3.0849",
            "high": "3.0849",
            "low": "3.0848",
            "close": "3.1"
        },
        {
            "time": "29.11.2020 21:09",
            "open": "3.1",
            "high": "3.1",
            "low": "3.1",
            "close": "3.0986"
        },
        {
            "time": "29.11.2020 21:10",
            "open": "3.0986",
            "high": "3.0986",
            "low": "3.0986",
            "close": "3.1"
        },
        {
            "time": "29.11.2020 21:11",
            "open": "3.1",
            "high": "3.1",
            "low": "3.1",
            "close": "3.0999"
        },
        {
            "time": "29.11.2020 21:13",
            "open": "3.0999",
            "high": "3.0999",
            "low": "3.0995",
            "close": "3.1"
        },
        {
            "time": "29.11.2020 21:14",
            "open": "3.1",
            "high": "3.1",
            "low": "3.1",
            "close": "3.1145"
        },
        {
            "time": "29.11.2020 21:18",
            "open": "3.1145",
            "high": "3.1145",
            "low": "3.1145",
            "close": "3.116"
        },
        {
            "time": "29.11.2020 21:19",
            "open": "3.116",
            "high": "3.116",
            "low": "3.116",
            "close": "3.1173"
        },
        {
            "time": "29.11.2020 21:25",
            "open": "3.1173",
            "high": "3.1173",
            "low": "3.1128",
            "close": "3.1175"
        },
        {
            "time": "29.11.2020 21:27",
            "open": "3.1175",
            "high": "3.1175",
            "low": "3.1175",
            "close": "3.1175"
        },
        {
            "time": "29.11.2020 21:30",
            "open": "3.1175",
            "high": "3.1175",
            "low": "3.1175",
            "close": "3.123"
        },
        {
            "time": "29.11.2020 21:32",
            "open": "3.123",
            "high": "3.123",
            "low": "3.123",
            "close": "3.1268"
        },
        {
            "time": "29.11.2020 21:33",
            "open": "3.1268",
            "high": "3.1268",
            "low": "3.126",
            "close": "3.1265"
        },
        {
            "time": "29.11.2020 21:42",
            "open": "3.1265",
            "high": "3.1265",
            "low": "3.1265",
            "close": "3.1351"
        },
        {
            "time": "29.11.2020 21:45",
            "open": "3.1351",
            "high": "3.1351",
            "low": "3.1351",
            "close": "3.1309"
        },
        {
            "time": "29.11.2020 21:48",
            "open": "3.1309",
            "high": "3.1309",
            "low": "3.1309",
            "close": "3.1562"
        },
        {
            "time": "29.11.2020 22:05",
            "open": "3.1562",
            "high": "3.1562",
            "low": "3.15",
            "close": "3.1608"
        },
        {
            "time": "29.11.2020 22:06",
            "open": "3.1608",
            "high": "3.1608",
            "low": "3.1608",
            "close": "3.1502"
        },
        {
            "time": "29.11.2020 22:07",
            "open": "3.1502",
            "high": "3.1502",
            "low": "3.1502",
            "close": "3.1682"
        },
        {
            "time": "29.11.2020 22:14",
            "open": "3.1682",
            "high": "3.169",
            "low": "3.167",
            "close": "3.17"
        },
        {
            "time": "29.11.2020 22:15",
            "open": "3.17",
            "high": "3.185",
            "low": "3.17",
            "close": "3.174"
        },
        {
            "time": "29.11.2020 22:18",
            "open": "3.174",
            "high": "3.174",
            "low": "3.1486",
            "close": "3.1583"
        },
        {
            "time": "29.11.2020 22:20",
            "open": "3.1583",
            "high": "3.1583",
            "low": "3.1583",
            "close": "3.1599"
        },
        {
            "time": "29.11.2020 22:22",
            "open": "3.1599",
            "high": "3.1599",
            "low": "3.1599",
            "close": "3.1599"
        },
        {
            "time": "29.11.2020 22:26",
            "open": "3.1599",
            "high": "3.1599",
            "low": "3.1599",
            "close": "3.1583"
        },
        {
            "time": "29.11.2020 22:27",
            "open": "3.1583",
            "high": "3.1583",
            "low": "3.1583",
            "close": "3.1745"
        },
        {
            "time": "29.11.2020 22:29",
            "open": "3.1745",
            "high": "3.1745",
            "low": "3.1685",
            "close": "3.1744"
        },
        {
            "time": "29.11.2020 22:30",
            "open": "3.1744",
            "high": "3.1744",
            "low": "3.1744",
            "close": "3.1882"
        },
        {
            "time": "29.11.2020 22:32",
            "open": "3.1882",
            "high": "3.1883",
            "low": "3.1882",
            "close": "3.1949"
        },
        {
            "time": "29.11.2020 22:34",
            "open": "3.1949",
            "high": "3.2011",
            "low": "3.1949",
            "close": "3.1875"
        },
        {
            "time": "29.11.2020 22:37",
            "open": "3.1875",
            "high": "3.1941",
            "low": "3.1875",
            "close": "3.1845"
        },
        {
            "time": "29.11.2020 22:43",
            "open": "3.1845",
            "high": "3.1845",
            "low": "3.1845",
            "close": "3.1764"
        },
        {
            "time": "29.11.2020 22:44",
            "open": "3.1764",
            "high": "3.1764",
            "low": "3.1764",
            "close": "3.1845"
        },
        {
            "time": "29.11.2020 22:46",
            "open": "3.1845",
            "high": "3.1845",
            "low": "3.1845",
            "close": "3.2"
        },
        {
            "time": "29.11.2020 22:51",
            "open": "3.2",
            "high": "3.2",
            "low": "3.2",
            "close": "3.181"
        },
        {
            "time": "29.11.2020 22:57",
            "open": "3.181",
            "high": "3.181",
            "low": "3.181",
            "close": "3.1734"
        },
        {
            "time": "29.11.2020 22:58",
            "open": "3.1734",
            "high": "3.1734",
            "low": "3.1734",
            "close": "3.1855"
        },
        {
            "time": "29.11.2020 23:00",
            "open": "3.1855",
            "high": "3.1855",
            "low": "3.1855",
            "close": "3.1774"
        },
        {
            "time": "29.11.2020 23:01",
            "open": "3.1774",
            "high": "3.1774",
            "low": "3.1735",
            "close": "3.1545"
        },
        {
            "time": "29.11.2020 23:02",
            "open": "3.1545",
            "high": "3.1545",
            "low": "3.1424",
            "close": "3.126"
        },
        {
            "time": "29.11.2020 23:03",
            "open": "3.126",
            "high": "3.1307",
            "low": "3.126",
            "close": "3.1536"
        },
        {
            "time": "29.11.2020 23:11",
            "open": "3.1536",
            "high": "3.1536",
            "low": "3.1536",
            "close": "3.128"
        },
        {
            "time": "29.11.2020 23:26",
            "open": "3.128",
            "high": "3.1281",
            "low": "3.128",
            "close": "3.1223"
        },
        {
            "time": "29.11.2020 23:28",
            "open": "3.1223",
            "high": "3.1223",
            "low": "3.1223",
            "close": "3.1209"
        },
        {
            "time": "29.11.2020 23:29",
            "open": "3.1209",
            "high": "3.121",
            "low": "3.1209",
            "close": "3.121"
        },
        {
            "time": "29.11.2020 23:30",
            "open": "3.121",
            "high": "3.121",
            "low": "3.121",
            "close": "3.1223"
        },
        {
            "time": "29.11.2020 23:31",
            "open": "3.1223",
            "high": "3.1223",
            "low": "3.1223",
            "close": "3.1119"
        },
        {
            "time": "29.11.2020 23:35",
            "open": "3.1119",
            "high": "3.1119",
            "low": "3.1119",
            "close": "3.1223"
        },
        {
            "time": "29.11.2020 23:41",
            "open": "3.1223",
            "high": "3.1223",
            "low": "3.1223",
            "close": "3.1205"
        },
        {
            "time": "29.11.2020 23:44",
            "open": "3.1205",
            "high": "3.1205",
            "low": "3.1205",
            "close": "3.1207"
        },
        {
            "time": "29.11.2020 23:45",
            "open": "3.1207",
            "high": "3.1207",
            "low": "3.1207",
            "close": "3.1354"
        }
    ]
}