{
    "OMG-EUR": [
        {
            "time": "07.11.2020 23:40",
            "open": "2.5544",
            "high": "2.5544",
            "low": "2.5544",
            "close": "2.5899"
        },
        {
            "time": "08.11.2020 00:07",
            "open": "2.5899",
            "high": "2.5972",
            "low": "2.5899",
            "close": "2.5753"
        },
        {
            "time": "08.11.2020 00:09",
            "open": "2.5753",
            "high": "2.5753",
            "low": "2.5753",
            "close": "2.5882"
        },
        {
            "time": "08.11.2020 00:14",
            "open": "2.5882",
            "high": "2.5882",
            "low": "2.5881",
            "close": "2.5754"
        },
        {
            "time": "08.11.2020 00:27",
            "open": "2.5754",
            "high": "2.5777",
            "low": "2.5754",
            "close": "2.5662"
        },
        {
            "time": "08.11.2020 00:37",
            "open": "2.5662",
            "high": "2.5781",
            "low": "2.5662",
            "close": "2.5662"
        },
        {
            "time": "08.11.2020 00:38",
            "open": "2.5662",
            "high": "2.5662",
            "low": "2.5662",
            "close": "2.5638"
        },
        {
            "time": "08.11.2020 00:41",
            "open": "2.5638",
            "high": "2.5646",
            "low": "2.5638",
            "close": "2.5812"
        },
        {
            "time": "08.11.2020 00:42",
            "open": "2.5812",
            "high": "2.5812",
            "low": "2.5812",
            "close": "2.5729"
        },
        {
            "time": "08.11.2020 00:47",
            "open": "2.5729",
            "high": "2.5729",
            "low": "2.5729",
            "close": "2.5666"
        },
        {
            "time": "08.11.2020 00:51",
            "open": "2.5666",
            "high": "2.5666",
            "low": "2.5666",
            "close": "2.5626"
        },
        {
            "time": "08.11.2020 00:58",
            "open": "2.5626",
            "high": "2.5648",
            "low": "2.5626",
            "close": "2.5543"
        },
        {
            "time": "08.11.2020 01:00",
            "open": "2.5543",
            "high": "2.5543",
            "low": "2.5543",
            "close": "2.5388"
        },
        {
            "time": "08.11.2020 01:01",
            "open": "2.5388",
            "high": "2.5388",
            "low": "2.5334",
            "close": "2.5315"
        },
        {
            "time": "08.11.2020 01:02",
            "open": "2.5315",
            "high": "2.5315",
            "low": "2.5224",
            "close": "2.5224"
        },
        {
            "time": "08.11.2020 01:03",
            "open": "2.5224",
            "high": "2.5224",
            "low": "2.5224",
            "close": "2.5224"
        },
        {
            "time": "08.11.2020 01:06",
            "open": "2.5224",
            "high": "2.5224",
            "low": "2.522",
            "close": "2.5271"
        },
        {
            "time": "08.11.2020 01:10",
            "open": "2.5271",
            "high": "2.5287",
            "low": "2.5271",
            "close": "2.52"
        },
        {
            "time": "08.11.2020 01:11",
            "open": "2.52",
            "high": "2.5346",
            "low": "2.52",
            "close": "2.5379"
        },
        {
            "time": "08.11.2020 01:32",
            "open": "2.5379",
            "high": "2.5416",
            "low": "2.5379",
            "close": "2.5499"
        },
        {
            "time": "08.11.2020 01:33",
            "open": "2.5499",
            "high": "2.55",
            "low": "2.5499",
            "close": "2.5499"
        },
        {
            "time": "08.11.2020 01:34",
            "open": "2.5499",
            "high": "2.55",
            "low": "2.5499",
            "close": "2.55"
        },
        {
            "time": "08.11.2020 01:35",
            "open": "2.55",
            "high": "2.55",
            "low": "2.55",
            "close": "2.55"
        },
        {
            "time": "08.11.2020 01:38",
            "open": "2.55",
            "high": "2.5698",
            "low": "2.55",
            "close": "2.5724"
        },
        {
            "time": "08.11.2020 01:43",
            "open": "2.5724",
            "high": "2.5864",
            "low": "2.5724",
            "close": "2.5694"
        },
        {
            "time": "08.11.2020 01:44",
            "open": "2.5694",
            "high": "2.5694",
            "low": "2.5694",
            "close": "2.5866"
        },
        {
            "time": "08.11.2020 01:46",
            "open": "2.5866",
            "high": "2.5866",
            "low": "2.5866",
            "close": "2.5656"
        },
        {
            "time": "08.11.2020 01:55",
            "open": "2.5656",
            "high": "2.5656",
            "low": "2.5655",
            "close": "2.586"
        },
        {
            "time": "08.11.2020 01:57",
            "open": "2.586",
            "high": "2.5861",
            "low": "2.586",
            "close": "2.5628"
        },
        {
            "time": "08.11.2020 02:20",
            "open": "2.5628",
            "high": "2.5628",
            "low": "2.5628",
            "close": "2.5906"
        },
        {
            "time": "08.11.2020 02:31",
            "open": "2.5906",
            "high": "2.5906",
            "low": "2.5906",
            "close": "2.6"
        },
        {
            "time": "08.11.2020 02:33",
            "open": "2.6",
            "high": "2.6056",
            "low": "2.5788",
            "close": "2.6058"
        },
        {
            "time": "08.11.2020 02:35",
            "open": "2.6058",
            "high": "2.6176",
            "low": "2.6058",
            "close": "2.6238"
        },
        {
            "time": "08.11.2020 02:54",
            "open": "2.6238",
            "high": "2.6238",
            "low": "2.6238",
            "close": "2.628"
        },
        {
            "time": "08.11.2020 03:05",
            "open": "2.628",
            "high": "2.628",
            "low": "2.628",
            "close": "2.6216"
        },
        {
            "time": "08.11.2020 03:46",
            "open": "2.6216",
            "high": "2.6216",
            "low": "2.6216",
            "close": "2.6328"
        },
        {
            "time": "08.11.2020 04:02",
            "open": "2.6328",
            "high": "2.6328",
            "low": "2.6328",
            "close": "2.6107"
        },
        {
            "time": "08.11.2020 04:20",
            "open": "2.6107",
            "high": "2.6107",
            "low": "2.6107",
            "close": "2.6118"
        },
        {
            "time": "08.11.2020 05:12",
            "open": "2.6118",
            "high": "2.6118",
            "low": "2.6115",
            "close": "2.6185"
        },
        {
            "time": "08.11.2020 05:17",
            "open": "2.6185",
            "high": "2.6185",
            "low": "2.6183",
            "close": "2.6355"
        },
        {
            "time": "08.11.2020 05:20",
            "open": "2.6355",
            "high": "2.6356",
            "low": "2.6355",
            "close": "2.6067"
        },
        {
            "time": "08.11.2020 05:39",
            "open": "2.6067",
            "high": "2.6067",
            "low": "2.6056",
            "close": "2.6054"
        },
        {
            "time": "08.11.2020 05:56",
            "open": "2.6054",
            "high": "2.6054",
            "low": "2.6054",
            "close": "2.6094"
        },
        {
            "time": "08.11.2020 06:05",
            "open": "2.6094",
            "high": "2.6094",
            "low": "2.6094",
            "close": "2.6365"
        },
        {
            "time": "08.11.2020 07:02",
            "open": "2.6365",
            "high": "2.6464",
            "low": "2.6365",
            "close": "2.6397"
        },
        {
            "time": "08.11.2020 07:03",
            "open": "2.6397",
            "high": "2.6397",
            "low": "2.6397",
            "close": "2.6299"
        },
        {
            "time": "08.11.2020 07:04",
            "open": "2.6299",
            "high": "2.6299",
            "low": "2.6299",
            "close": "2.6155"
        },
        {
            "time": "08.11.2020 07:36",
            "open": "2.6155",
            "high": "2.6165",
            "low": "2.6155",
            "close": "2.6117"
        },
        {
            "time": "08.11.2020 07:38",
            "open": "2.6117",
            "high": "2.612",
            "low": "2.6117",
            "close": "2.6235"
        },
        {
            "time": "08.11.2020 07:58",
            "open": "2.6235",
            "high": "2.6236",
            "low": "2.6235",
            "close": "2.6199"
        },
        {
            "time": "08.11.2020 08:10",
            "open": "2.6199",
            "high": "2.6202",
            "low": "2.6199",
            "close": "2.6075"
        },
        {
            "time": "08.11.2020 08:11",
            "open": "2.6075",
            "high": "2.6075",
            "low": "2.6074",
            "close": "2.6029"
        },
        {
            "time": "08.11.2020 08:13",
            "open": "2.6029",
            "high": "2.6029",
            "low": "2.6029",
            "close": "2.6001"
        },
        {
            "time": "08.11.2020 08:18",
            "open": "2.6001",
            "high": "2.6001",
            "low": "2.6001",
            "close": "2.594"
        },
        {
            "time": "08.11.2020 08:21",
            "open": "2.594",
            "high": "2.594",
            "low": "2.5883",
            "close": "2.5822"
        },
        {
            "time": "08.11.2020 08:22",
            "open": "2.5822",
            "high": "2.5822",
            "low": "2.5822",
            "close": "2.5813"
        },
        {
            "time": "08.11.2020 08:23",
            "open": "2.5813",
            "high": "2.5813",
            "low": "2.5802",
            "close": "2.5811"
        },
        {
            "time": "08.11.2020 08:25",
            "open": "2.5811",
            "high": "2.5878",
            "low": "2.5811",
            "close": "2.5842"
        },
        {
            "time": "08.11.2020 08:27",
            "open": "2.5842",
            "high": "2.5843",
            "low": "2.5825",
            "close": "2.58"
        },
        {
            "time": "08.11.2020 08:28",
            "open": "2.58",
            "high": "2.58",
            "low": "2.58",
            "close": "2.5883"
        },
        {
            "time": "08.11.2020 08:36",
            "open": "2.5883",
            "high": "2.5883",
            "low": "2.5883",
            "close": "2.5883"
        },
        {
            "time": "08.11.2020 08:37",
            "open": "2.5883",
            "high": "2.5883",
            "low": "2.5883",
            "close": "2.5883"
        },
        {
            "time": "08.11.2020 08:38",
            "open": "2.5883",
            "high": "2.5883",
            "low": "2.5883",
            "close": "2.5731"
        },
        {
            "time": "08.11.2020 08:48",
            "open": "2.5731",
            "high": "2.5731",
            "low": "2.5731",
            "close": "2.5725"
        },
        {
            "time": "08.11.2020 08:50",
            "open": "2.5725",
            "high": "2.5725",
            "low": "2.5567",
            "close": "2.5736"
        },
        {
            "time": "08.11.2020 08:55",
            "open": "2.5736",
            "high": "2.5736",
            "low": "2.5736",
            "close": "2.5698"
        },
        {
            "time": "08.11.2020 09:01",
            "open": "2.5698",
            "high": "2.5698",
            "low": "2.5698",
            "close": "2.5783"
        },
        {
            "time": "08.11.2020 09:13",
            "open": "2.5783",
            "high": "2.5784",
            "low": "2.5783",
            "close": "2.5775"
        },
        {
            "time": "08.11.2020 09:28",
            "open": "2.5775",
            "high": "2.5775",
            "low": "2.557",
            "close": "2.5653"
        },
        {
            "time": "08.11.2020 09:33",
            "open": "2.5653",
            "high": "2.5653",
            "low": "2.5653",
            "close": "2.5566"
        },
        {
            "time": "08.11.2020 09:35",
            "open": "2.5566",
            "high": "2.5566",
            "low": "2.5565",
            "close": "2.547"
        },
        {
            "time": "08.11.2020 09:37",
            "open": "2.547",
            "high": "2.547",
            "low": "2.54",
            "close": "2.55"
        },
        {
            "time": "08.11.2020 09:41",
            "open": "2.55",
            "high": "2.55",
            "low": "2.55",
            "close": "2.5463"
        },
        {
            "time": "08.11.2020 09:45",
            "open": "2.5463",
            "high": "2.5463",
            "low": "2.5463",
            "close": "2.5492"
        },
        {
            "time": "08.11.2020 09:47",
            "open": "2.5492",
            "high": "2.5492",
            "low": "2.5483",
            "close": "2.55"
        },
        {
            "time": "08.11.2020 09:48",
            "open": "2.55",
            "high": "2.55",
            "low": "2.55",
            "close": "2.5439"
        },
        {
            "time": "08.11.2020 09:49",
            "open": "2.5439",
            "high": "2.5439",
            "low": "2.5439",
            "close": "2.55"
        },
        {
            "time": "08.11.2020 09:54",
            "open": "2.55",
            "high": "2.55",
            "low": "2.55",
            "close": "2.55"
        },
        {
            "time": "08.11.2020 09:55",
            "open": "2.55",
            "high": "2.552",
            "low": "2.55",
            "close": "2.5519"
        },
        {
            "time": "08.11.2020 10:00",
            "open": "2.5519",
            "high": "2.552",
            "low": "2.5519",
            "close": "2.558"
        },
        {
            "time": "08.11.2020 10:03",
            "open": "2.558",
            "high": "2.558",
            "low": "2.558",
            "close": "2.5648"
        },
        {
            "time": "08.11.2020 10:04",
            "open": "2.5648",
            "high": "2.5689",
            "low": "2.5648",
            "close": "2.5643"
        },
        {
            "time": "08.11.2020 10:12",
            "open": "2.5705",
            "high": "2.5705",
            "low": "2.5705",
            "close": "2.5739"
        },
        {
            "time": "08.11.2020 10:23",
            "open": "2.5739",
            "high": "2.574",
            "low": "2.5739",
            "close": "2.5657"
        },
        {
            "time": "08.11.2020 10:30",
            "open": "2.5657",
            "high": "2.5657",
            "low": "2.5652",
            "close": "2.574"
        },
        {
            "time": "08.11.2020 10:33",
            "open": "2.574",
            "high": "2.574",
            "low": "2.574",
            "close": "2.575"
        },
        {
            "time": "08.11.2020 10:35",
            "open": "2.575",
            "high": "2.575",
            "low": "2.5722",
            "close": "2.5787"
        },
        {
            "time": "08.11.2020 10:47",
            "open": "2.5787",
            "high": "2.581",
            "low": "2.5787",
            "close": "2.5822"
        },
        {
            "time": "08.11.2020 10:56",
            "open": "2.5822",
            "high": "2.5822",
            "low": "2.5822",
            "close": "2.5883"
        },
        {
            "time": "08.11.2020 11:04",
            "open": "2.5883",
            "high": "2.5883",
            "low": "2.5883",
            "close": "2.5859"
        },
        {
            "time": "08.11.2020 11:05",
            "open": "2.5859",
            "high": "2.5859",
            "low": "2.5859",
            "close": "2.586"
        },
        {
            "time": "08.11.2020 11:06",
            "open": "2.586",
            "high": "2.586",
            "low": "2.5859",
            "close": "2.5859"
        },
        {
            "time": "08.11.2020 11:09",
            "open": "2.5859",
            "high": "2.5859",
            "low": "2.5859",
            "close": "2.5883"
        },
        {
            "time": "08.11.2020 11:14",
            "open": "2.5883",
            "high": "2.5883",
            "low": "2.5883",
            "close": "2.5921"
        },
        {
            "time": "08.11.2020 11:20",
            "open": "2.5921",
            "high": "2.5921",
            "low": "2.5921",
            "close": "2.5884"
        },
        {
            "time": "08.11.2020 11:24",
            "open": "2.5884",
            "high": "2.5884",
            "low": "2.5884",
            "close": "2.5919"
        },
        {
            "time": "08.11.2020 11:25",
            "open": "2.5919",
            "high": "2.5919",
            "low": "2.5919",
            "close": "2.5998"
        },
        {
            "time": "08.11.2020 11:26",
            "open": "2.5998",
            "high": "2.5998",
            "low": "2.5998",
            "close": "2.6012"
        },
        {
            "time": "08.11.2020 11:27",
            "open": "2.6012",
            "high": "2.6012",
            "low": "2.6012",
            "close": "2.6071"
        },
        {
            "time": "08.11.2020 11:31",
            "open": "2.6071",
            "high": "2.6071",
            "low": "2.6012",
            "close": "2.6065"
        },
        {
            "time": "08.11.2020 11:33",
            "open": "2.6065",
            "high": "2.6065",
            "low": "2.6065",
            "close": "2.6066"
        },
        {
            "time": "08.11.2020 11:37",
            "open": "2.6066",
            "high": "2.6066",
            "low": "2.6066",
            "close": "2.6135"
        },
        {
            "time": "08.11.2020 11:40",
            "open": "2.6135",
            "high": "2.6135",
            "low": "2.6135",
            "close": "2.6238"
        },
        {
            "time": "08.11.2020 11:41",
            "open": "2.6238",
            "high": "2.6238",
            "low": "2.6238",
            "close": "2.6266"
        },
        {
            "time": "08.11.2020 11:46",
            "open": "2.6266",
            "high": "2.627",
            "low": "2.6147",
            "close": "2.6363"
        },
        {
            "time": "08.11.2020 11:51",
            "open": "2.6363",
            "high": "2.6363",
            "low": "2.6363",
            "close": "2.6199"
        },
        {
            "time": "08.11.2020 11:53",
            "open": "2.6199",
            "high": "2.6199",
            "low": "2.6199",
            "close": "2.6331"
        },
        {
            "time": "08.11.2020 11:54",
            "open": "2.6331",
            "high": "2.6451",
            "low": "2.6331",
            "close": "2.6375"
        },
        {
            "time": "08.11.2020 12:02",
            "open": "2.6375",
            "high": "2.6375",
            "low": "2.6375",
            "close": "2.6471"
        },
        {
            "time": "08.11.2020 12:04",
            "open": "2.6471",
            "high": "2.652",
            "low": "2.6471",
            "close": "2.6522"
        },
        {
            "time": "08.11.2020 12:05",
            "open": "2.6522",
            "high": "2.6523",
            "low": "2.6522",
            "close": "2.6448"
        },
        {
            "time": "08.11.2020 12:12",
            "open": "2.6448",
            "high": "2.6451",
            "low": "2.6373",
            "close": "2.6384"
        },
        {
            "time": "08.11.2020 12:14",
            "open": "2.6384",
            "high": "2.6436",
            "low": "2.636",
            "close": "2.6476"
        },
        {
            "time": "08.11.2020 12:16",
            "open": "2.6476",
            "high": "2.6476",
            "low": "2.6475",
            "close": "2.6464"
        },
        {
            "time": "08.11.2020 12:17",
            "open": "2.6464",
            "high": "2.665",
            "low": "2.6374",
            "close": "2.6468"
        },
        {
            "time": "08.11.2020 12:23",
            "open": "2.6468",
            "high": "2.6468",
            "low": "2.6468",
            "close": "2.6468"
        },
        {
            "time": "08.11.2020 12:25",
            "open": "2.6468",
            "high": "2.6468",
            "low": "2.6468",
            "close": "2.645"
        },
        {
            "time": "08.11.2020 12:29",
            "open": "2.645",
            "high": "2.645",
            "low": "2.645",
            "close": "2.6474"
        },
        {
            "time": "08.11.2020 12:33",
            "open": "2.6474",
            "high": "2.6474",
            "low": "2.6474",
            "close": "2.6537"
        },
        {
            "time": "08.11.2020 12:35",
            "open": "2.6537",
            "high": "2.6608",
            "low": "2.6537",
            "close": "2.6558"
        },
        {
            "time": "08.11.2020 12:36",
            "open": "2.6558",
            "high": "2.6558",
            "low": "2.6558",
            "close": "2.651"
        },
        {
            "time": "08.11.2020 12:40",
            "open": "2.651",
            "high": "2.652",
            "low": "2.651",
            "close": "2.6529"
        },
        {
            "time": "08.11.2020 12:42",
            "open": "2.6529",
            "high": "2.665",
            "low": "2.6529",
            "close": "2.6521"
        },
        {
            "time": "08.11.2020 12:48",
            "open": "2.6521",
            "high": "2.6521",
            "low": "2.6521",
            "close": "2.65"
        },
        {
            "time": "08.11.2020 12:51",
            "open": "2.65",
            "high": "2.65",
            "low": "2.65",
            "close": "2.6494"
        },
        {
            "time": "08.11.2020 12:52",
            "open": "2.6494",
            "high": "2.6494",
            "low": "2.6494",
            "close": "2.6649"
        },
        {
            "time": "08.11.2020 12:55",
            "open": "2.6649",
            "high": "2.6721",
            "low": "2.6649",
            "close": "2.6683"
        },
        {
            "time": "08.11.2020 12:56",
            "open": "2.6683",
            "high": "2.6683",
            "low": "2.6682",
            "close": "2.676"
        },
        {
            "time": "08.11.2020 13:01",
            "open": "2.676",
            "high": "2.676",
            "low": "2.6686",
            "close": "2.6697"
        },
        {
            "time": "08.11.2020 13:02",
            "open": "2.6697",
            "high": "2.6697",
            "low": "2.6697",
            "close": "2.666"
        },
        {
            "time": "08.11.2020 13:07",
            "open": "2.666",
            "high": "2.666",
            "low": "2.666",
            "close": "2.66"
        },
        {
            "time": "08.11.2020 13:08",
            "open": "2.66",
            "high": "2.66",
            "low": "2.6498",
            "close": "2.6627"
        },
        {
            "time": "08.11.2020 13:13",
            "open": "2.6663",
            "high": "2.6663",
            "low": "2.6663",
            "close": "2.6698"
        },
        {
            "time": "08.11.2020 13:19",
            "open": "2.6698",
            "high": "2.6698",
            "low": "2.6626",
            "close": "2.6555"
        },
        {
            "time": "08.11.2020 13:26",
            "open": "2.6555",
            "high": "2.6555",
            "low": "2.6498",
            "close": "2.6549"
        },
        {
            "time": "08.11.2020 13:27",
            "open": "2.6549",
            "high": "2.6549",
            "low": "2.6549",
            "close": "2.65"
        },
        {
            "time": "08.11.2020 13:29",
            "open": "2.65",
            "high": "2.6502",
            "low": "2.6434",
            "close": "2.6529"
        },
        {
            "time": "08.11.2020 13:34",
            "open": "2.6529",
            "high": "2.6529",
            "low": "2.6403",
            "close": "2.6583"
        },
        {
            "time": "08.11.2020 13:36",
            "open": "2.6583",
            "high": "2.6583",
            "low": "2.6534",
            "close": "2.6387"
        },
        {
            "time": "08.11.2020 13:38",
            "open": "2.6387",
            "high": "2.6387",
            "low": "2.6387",
            "close": "2.6461"
        },
        {
            "time": "08.11.2020 13:39",
            "open": "2.6461",
            "high": "2.6461",
            "low": "2.6461",
            "close": "2.6397"
        },
        {
            "time": "08.11.2020 13:40",
            "open": "2.6397",
            "high": "2.6397",
            "low": "2.6397",
            "close": "2.646"
        },
        {
            "time": "08.11.2020 13:42",
            "open": "2.646",
            "high": "2.649",
            "low": "2.646",
            "close": "2.6529"
        },
        {
            "time": "08.11.2020 13:47",
            "open": "2.6529",
            "high": "2.6529",
            "low": "2.6493",
            "close": "2.6502"
        },
        {
            "time": "08.11.2020 13:49",
            "open": "2.6502",
            "high": "2.6502",
            "low": "2.6477",
            "close": "2.6485"
        },
        {
            "time": "08.11.2020 13:50",
            "open": "2.6485",
            "high": "2.6485",
            "low": "2.6484",
            "close": "2.654"
        },
        {
            "time": "08.11.2020 13:53",
            "open": "2.654",
            "high": "2.6601",
            "low": "2.6536",
            "close": "2.6581"
        },
        {
            "time": "08.11.2020 13:54",
            "open": "2.6581",
            "high": "2.6581",
            "low": "2.6581",
            "close": "2.661"
        },
        {
            "time": "08.11.2020 13:55",
            "open": "2.661",
            "high": "2.661",
            "low": "2.6589",
            "close": "2.6562"
        },
        {
            "time": "08.11.2020 13:56",
            "open": "2.6562",
            "high": "2.6562",
            "low": "2.6562",
            "close": "2.6607"
        },
        {
            "time": "08.11.2020 13:58",
            "open": "2.6607",
            "high": "2.6607",
            "low": "2.6607",
            "close": "2.6541"
        },
        {
            "time": "08.11.2020 14:00",
            "open": "2.6541",
            "high": "2.6653",
            "low": "2.6541",
            "close": "2.6651"
        },
        {
            "time": "08.11.2020 14:02",
            "open": "2.6651",
            "high": "2.6651",
            "low": "2.6651",
            "close": "2.6567"
        },
        {
            "time": "08.11.2020 14:05",
            "open": "2.6567",
            "high": "2.6567",
            "low": "2.6567",
            "close": "2.6567"
        },
        {
            "time": "08.11.2020 14:07",
            "open": "2.6567",
            "high": "2.6567",
            "low": "2.6567",
            "close": "2.6515"
        },
        {
            "time": "08.11.2020 14:09",
            "open": "2.6515",
            "high": "2.6515",
            "low": "2.6483",
            "close": "2.65"
        },
        {
            "time": "08.11.2020 14:11",
            "open": "2.65",
            "high": "2.65",
            "low": "2.65",
            "close": "2.6417"
        },
        {
            "time": "08.11.2020 14:13",
            "open": "2.6417",
            "high": "2.6417",
            "low": "2.6417",
            "close": "2.6545"
        },
        {
            "time": "08.11.2020 14:15",
            "open": "2.6545",
            "high": "2.6545",
            "low": "2.6545",
            "close": "2.6545"
        },
        {
            "time": "08.11.2020 14:16",
            "open": "2.6545",
            "high": "2.6545",
            "low": "2.6545",
            "close": "2.6449"
        },
        {
            "time": "08.11.2020 14:21",
            "open": "2.6449",
            "high": "2.6449",
            "low": "2.6449",
            "close": "2.6476"
        },
        {
            "time": "08.11.2020 14:22",
            "open": "2.6476",
            "high": "2.6476",
            "low": "2.6476",
            "close": "2.6483"
        },
        {
            "time": "08.11.2020 14:31",
            "open": "2.6483",
            "high": "2.6483",
            "low": "2.6483",
            "close": "2.64"
        },
        {
            "time": "08.11.2020 14:34",
            "open": "2.64",
            "high": "2.64",
            "low": "2.64",
            "close": "2.6387"
        },
        {
            "time": "08.11.2020 14:35",
            "open": "2.6387",
            "high": "2.6387",
            "low": "2.6366",
            "close": "2.656"
        },
        {
            "time": "08.11.2020 14:42",
            "open": "2.656",
            "high": "2.656",
            "low": "2.6559",
            "close": "2.639"
        },
        {
            "time": "08.11.2020 14:47",
            "open": "2.639",
            "high": "2.639",
            "low": "2.639",
            "close": "2.6446"
        },
        {
            "time": "08.11.2020 14:57",
            "open": "2.6446",
            "high": "2.6446",
            "low": "2.6446",
            "close": "2.645"
        },
        {
            "time": "08.11.2020 15:09",
            "open": "2.645",
            "high": "2.645",
            "low": "2.6449",
            "close": "2.6595"
        },
        {
            "time": "08.11.2020 15:24",
            "open": "2.6595",
            "high": "2.6647",
            "low": "2.6595",
            "close": "2.6763"
        },
        {
            "time": "08.11.2020 15:35",
            "open": "2.6763",
            "high": "2.6796",
            "low": "2.6724",
            "close": "2.674"
        },
        {
            "time": "08.11.2020 15:36",
            "open": "2.674",
            "high": "2.674",
            "low": "2.674",
            "close": "2.674"
        },
        {
            "time": "08.11.2020 15:37",
            "open": "2.674",
            "high": "2.674",
            "low": "2.674",
            "close": "2.6727"
        },
        {
            "time": "08.11.2020 15:41",
            "open": "2.6727",
            "high": "2.6727",
            "low": "2.6727",
            "close": "2.6701"
        },
        {
            "time": "08.11.2020 15:42",
            "open": "2.6701",
            "high": "2.6701",
            "low": "2.6701",
            "close": "2.68"
        },
        {
            "time": "08.11.2020 15:44",
            "open": "2.68",
            "high": "2.68",
            "low": "2.68",
            "close": "2.6799"
        },
        {
            "time": "08.11.2020 15:45",
            "open": "2.6799",
            "high": "2.68",
            "low": "2.6799",
            "close": "2.6799"
        },
        {
            "time": "08.11.2020 15:47",
            "open": "2.6799",
            "high": "2.6799",
            "low": "2.6799",
            "close": "2.6725"
        },
        {
            "time": "08.11.2020 15:49",
            "open": "2.6725",
            "high": "2.6725",
            "low": "2.6725",
            "close": "2.68"
        },
        {
            "time": "08.11.2020 15:50",
            "open": "2.68",
            "high": "2.6883",
            "low": "2.68",
            "close": "2.682"
        },
        {
            "time": "08.11.2020 15:51",
            "open": "2.682",
            "high": "2.682",
            "low": "2.6819",
            "close": "2.69"
        },
        {
            "time": "08.11.2020 15:53",
            "open": "2.69",
            "high": "2.69",
            "low": "2.69",
            "close": "2.6934"
        },
        {
            "time": "08.11.2020 15:54",
            "open": "2.6934",
            "high": "2.6934",
            "low": "2.6934",
            "close": "2.6974"
        },
        {
            "time": "08.11.2020 15:56",
            "open": "2.6974",
            "high": "2.6974",
            "low": "2.6974",
            "close": "2.7"
        },
        {
            "time": "08.11.2020 15:57",
            "open": "2.7",
            "high": "2.7",
            "low": "2.7",
            "close": "2.7012"
        },
        {
            "time": "08.11.2020 15:59",
            "open": "2.7012",
            "high": "2.7012",
            "low": "2.7012",
            "close": "2.6836"
        },
        {
            "time": "08.11.2020 16:03",
            "open": "2.6836",
            "high": "2.6836",
            "low": "2.6835",
            "close": "2.6842"
        },
        {
            "time": "08.11.2020 16:04",
            "open": "2.6842",
            "high": "2.6845",
            "low": "2.684",
            "close": "2.7091"
        },
        {
            "time": "08.11.2020 16:07",
            "open": "2.7091",
            "high": "2.7091",
            "low": "2.7091",
            "close": "2.6939"
        },
        {
            "time": "08.11.2020 16:20",
            "open": "2.6939",
            "high": "2.6939",
            "low": "2.6908",
            "close": "2.702"
        },
        {
            "time": "08.11.2020 16:22",
            "open": "2.702",
            "high": "2.702",
            "low": "2.7019",
            "close": "2.7124"
        },
        {
            "time": "08.11.2020 16:25",
            "open": "2.7124",
            "high": "2.7125",
            "low": "2.7124",
            "close": "2.7074"
        },
        {
            "time": "08.11.2020 16:26",
            "open": "2.7074",
            "high": "2.7074",
            "low": "2.7074",
            "close": "2.7108"
        },
        {
            "time": "08.11.2020 16:30",
            "open": "2.7108",
            "high": "2.7108",
            "low": "2.7108",
            "close": "2.7181"
        },
        {
            "time": "08.11.2020 16:34",
            "open": "2.7181",
            "high": "2.7189",
            "low": "2.7114",
            "close": "2.7251"
        },
        {
            "time": "08.11.2020 16:38",
            "open": "2.7251",
            "high": "2.7251",
            "low": "2.7251",
            "close": "2.7295"
        },
        {
            "time": "08.11.2020 16:39",
            "open": "2.7295",
            "high": "2.7313",
            "low": "2.7286",
            "close": "2.738"
        },
        {
            "time": "08.11.2020 16:41",
            "open": "2.738",
            "high": "2.738",
            "low": "2.738",
            "close": "2.738"
        },
        {
            "time": "08.11.2020 16:42",
            "open": "2.738",
            "high": "2.7494",
            "low": "2.7353",
            "close": "2.7489"
        },
        {
            "time": "08.11.2020 16:43",
            "open": "2.7489",
            "high": "2.75",
            "low": "2.7451",
            "close": "2.75"
        },
        {
            "time": "08.11.2020 16:44",
            "open": "2.75",
            "high": "2.7541",
            "low": "2.75",
            "close": "2.751"
        },
        {
            "time": "08.11.2020 16:45",
            "open": "2.751",
            "high": "2.7688",
            "low": "2.7499",
            "close": "2.7707"
        },
        {
            "time": "08.11.2020 16:46",
            "open": "2.7707",
            "high": "2.7728",
            "low": "2.7707",
            "close": "2.7601"
        },
        {
            "time": "08.11.2020 16:47",
            "open": "2.7601",
            "high": "2.7601",
            "low": "2.76",
            "close": "2.763"
        },
        {
            "time": "08.11.2020 16:48",
            "open": "2.763",
            "high": "2.7693",
            "low": "2.7625",
            "close": "2.76"
        },
        {
            "time": "08.11.2020 16:49",
            "open": "2.76",
            "high": "2.76",
            "low": "2.7599",
            "close": "2.7724"
        },
        {
            "time": "08.11.2020 16:50",
            "open": "2.7724",
            "high": "2.7724",
            "low": "2.7724",
            "close": "2.7755"
        },
        {
            "time": "08.11.2020 16:51",
            "open": "2.7755",
            "high": "2.7755",
            "low": "2.7755",
            "close": "2.7719"
        },
        {
            "time": "08.11.2020 16:52",
            "open": "2.7719",
            "high": "2.7719",
            "low": "2.7674",
            "close": "2.7614"
        },
        {
            "time": "08.11.2020 16:53",
            "open": "2.7614",
            "high": "2.7614",
            "low": "2.7614",
            "close": "2.7696"
        },
        {
            "time": "08.11.2020 16:55",
            "open": "2.7696",
            "high": "2.7697",
            "low": "2.7448",
            "close": "2.7457"
        },
        {
            "time": "08.11.2020 16:56",
            "open": "2.7457",
            "high": "2.7457",
            "low": "2.7297",
            "close": "2.7319"
        },
        {
            "time": "08.11.2020 16:57",
            "open": "2.7319",
            "high": "2.7457",
            "low": "2.7319",
            "close": "2.743"
        },
        {
            "time": "08.11.2020 16:58",
            "open": "2.743",
            "high": "2.7663",
            "low": "2.7429",
            "close": "2.7755"
        },
        {
            "time": "08.11.2020 17:00",
            "open": "2.7755",
            "high": "2.7844",
            "low": "2.7755",
            "close": "2.7822"
        },
        {
            "time": "08.11.2020 17:01",
            "open": "2.7822",
            "high": "2.7823",
            "low": "2.7765",
            "close": "2.7567"
        },
        {
            "time": "08.11.2020 17:02",
            "open": "2.7567",
            "high": "2.7567",
            "low": "2.7544",
            "close": "2.7544"
        },
        {
            "time": "08.11.2020 17:04",
            "open": "2.7544",
            "high": "2.7544",
            "low": "2.7544",
            "close": "2.7397"
        },
        {
            "time": "08.11.2020 17:10",
            "open": "2.7397",
            "high": "2.7435",
            "low": "2.7396",
            "close": "2.7364"
        },
        {
            "time": "08.11.2020 17:12",
            "open": "2.7364",
            "high": "2.7365",
            "low": "2.7364",
            "close": "2.7392"
        },
        {
            "time": "08.11.2020 17:15",
            "open": "2.7392",
            "high": "2.7392",
            "low": "2.7392",
            "close": "2.7298"
        },
        {
            "time": "08.11.2020 17:16",
            "open": "2.7298",
            "high": "2.7298",
            "low": "2.7217",
            "close": "2.7159"
        },
        {
            "time": "08.11.2020 17:19",
            "open": "2.7159",
            "high": "2.7159",
            "low": "2.7102",
            "close": "2.7179"
        },
        {
            "time": "08.11.2020 17:20",
            "open": "2.7179",
            "high": "2.7179",
            "low": "2.7179",
            "close": "2.7113"
        },
        {
            "time": "08.11.2020 17:21",
            "open": "2.7113",
            "high": "2.7169",
            "low": "2.7113",
            "close": "2.7154"
        },
        {
            "time": "08.11.2020 17:22",
            "open": "2.7154",
            "high": "2.7154",
            "low": "2.7154",
            "close": "2.7003"
        },
        {
            "time": "08.11.2020 17:23",
            "open": "2.7003",
            "high": "2.7003",
            "low": "2.6998",
            "close": "2.7071"
        },
        {
            "time": "08.11.2020 17:24",
            "open": "2.7071",
            "high": "2.7083",
            "low": "2.7071",
            "close": "2.7077"
        },
        {
            "time": "08.11.2020 17:25",
            "open": "2.7077",
            "high": "2.7077",
            "low": "2.7076",
            "close": "2.7008"
        },
        {
            "time": "08.11.2020 17:26",
            "open": "2.7008",
            "high": "2.7008",
            "low": "2.6996",
            "close": "2.7067"
        },
        {
            "time": "08.11.2020 17:28",
            "open": "2.7067",
            "high": "2.7095",
            "low": "2.7067",
            "close": "2.7049"
        },
        {
            "time": "08.11.2020 17:29",
            "open": "2.7049",
            "high": "2.7112",
            "low": "2.7049",
            "close": "2.7143"
        },
        {
            "time": "08.11.2020 17:30",
            "open": "2.7143",
            "high": "2.7242",
            "low": "2.7143",
            "close": "2.7184"
        },
        {
            "time": "08.11.2020 17:31",
            "open": "2.7184",
            "high": "2.7184",
            "low": "2.7184",
            "close": "2.7186"
        },
        {
            "time": "08.11.2020 17:35",
            "open": "2.7186",
            "high": "2.7186",
            "low": "2.7186",
            "close": "2.708"
        },
        {
            "time": "08.11.2020 17:39",
            "open": "2.708",
            "high": "2.7082",
            "low": "2.708",
            "close": "2.7248"
        },
        {
            "time": "08.11.2020 17:41",
            "open": "2.7248",
            "high": "2.7248",
            "low": "2.7248",
            "close": "2.7132"
        },
        {
            "time": "08.11.2020 17:45",
            "open": "2.7132",
            "high": "2.7132",
            "low": "2.7093",
            "close": "2.7174"
        },
        {
            "time": "08.11.2020 17:53",
            "open": "2.7174",
            "high": "2.7174",
            "low": "2.7064",
            "close": "2.7154"
        },
        {
            "time": "08.11.2020 17:55",
            "open": "2.7154",
            "high": "2.7154",
            "low": "2.71",
            "close": "2.71"
        },
        {
            "time": "08.11.2020 17:56",
            "open": "2.71",
            "high": "2.7101",
            "low": "2.71",
            "close": "2.7101"
        },
        {
            "time": "08.11.2020 17:57",
            "open": "2.7101",
            "high": "2.7101",
            "low": "2.7101",
            "close": "2.7105"
        },
        {
            "time": "08.11.2020 17:58",
            "open": "2.7105",
            "high": "2.7105",
            "low": "2.71",
            "close": "2.7085"
        },
        {
            "time": "08.11.2020 17:59",
            "open": "2.7085",
            "high": "2.7085",
            "low": "2.7085",
            "close": "2.7004"
        },
        {
            "time": "08.11.2020 18:00",
            "open": "2.7003",
            "high": "2.7003",
            "low": "2.7003",
            "close": "2.709"
        },
        {
            "time": "08.11.2020 18:04",
            "open": "2.709",
            "high": "2.7092",
            "low": "2.709",
            "close": "2.704"
        },
        {
            "time": "08.11.2020 18:06",
            "open": "2.704",
            "high": "2.704",
            "low": "2.704",
            "close": "2.71"
        },
        {
            "time": "08.11.2020 18:10",
            "open": "2.71",
            "high": "2.71",
            "low": "2.71",
            "close": "2.7183"
        },
        {
            "time": "08.11.2020 18:22",
            "open": "2.7183",
            "high": "2.7196",
            "low": "2.7183",
            "close": "2.7246"
        },
        {
            "time": "08.11.2020 18:24",
            "open": "2.7246",
            "high": "2.7299",
            "low": "2.7246",
            "close": "2.7154"
        },
        {
            "time": "08.11.2020 18:25",
            "open": "2.7154",
            "high": "2.7154",
            "low": "2.7154",
            "close": "2.7108"
        },
        {
            "time": "08.11.2020 18:26",
            "open": "2.7108",
            "high": "2.7189",
            "low": "2.7066",
            "close": "2.7145"
        },
        {
            "time": "08.11.2020 18:27",
            "open": "2.7145",
            "high": "2.7145",
            "low": "2.7144",
            "close": "2.7093"
        },
        {
            "time": "08.11.2020 18:33",
            "open": "2.7093",
            "high": "2.7096",
            "low": "2.7093",
            "close": "2.7101"
        },
        {
            "time": "08.11.2020 18:34",
            "open": "2.7101",
            "high": "2.7144",
            "low": "2.7101",
            "close": "2.7065"
        },
        {
            "time": "08.11.2020 18:36",
            "open": "2.7065",
            "high": "2.7071",
            "low": "2.702",
            "close": "2.702"
        },
        {
            "time": "08.11.2020 18:38",
            "open": "2.702",
            "high": "2.7039",
            "low": "2.702",
            "close": "2.702"
        },
        {
            "time": "08.11.2020 18:39",
            "open": "2.702",
            "high": "2.702",
            "low": "2.702",
            "close": "2.6978"
        },
        {
            "time": "08.11.2020 18:43",
            "open": "2.6978",
            "high": "2.6978",
            "low": "2.6974",
            "close": "2.689"
        },
        {
            "time": "08.11.2020 18:45",
            "open": "2.689",
            "high": "2.689",
            "low": "2.689",
            "close": "2.6949"
        },
        {
            "time": "08.11.2020 18:47",
            "open": "2.6949",
            "high": "2.695",
            "low": "2.6949",
            "close": "2.7022"
        },
        {
            "time": "08.11.2020 18:48",
            "open": "2.7022",
            "high": "2.7022",
            "low": "2.6948",
            "close": "2.6974"
        },
        {
            "time": "08.11.2020 18:51",
            "open": "2.6974",
            "high": "2.6974",
            "low": "2.6974",
            "close": "2.6883"
        },
        {
            "time": "08.11.2020 18:54",
            "open": "2.6883",
            "high": "2.6976",
            "low": "2.688",
            "close": "2.7029"
        },
        {
            "time": "08.11.2020 18:55",
            "open": "2.7029",
            "high": "2.7029",
            "low": "2.7029",
            "close": "2.7033"
        },
        {
            "time": "08.11.2020 18:56",
            "open": "2.7033",
            "high": "2.7035",
            "low": "2.7033",
            "close": "2.7134"
        },
        {
            "time": "08.11.2020 19:00",
            "open": "2.7134",
            "high": "2.7146",
            "low": "2.7134",
            "close": "2.7272"
        },
        {
            "time": "08.11.2020 19:02",
            "open": "2.7272",
            "high": "2.73",
            "low": "2.7263",
            "close": "2.72"
        },
        {
            "time": "08.11.2020 19:03",
            "open": "2.72",
            "high": "2.7209",
            "low": "2.7155",
            "close": "2.7196"
        },
        {
            "time": "08.11.2020 19:04",
            "open": "2.7196",
            "high": "2.7196",
            "low": "2.7195",
            "close": "2.719"
        },
        {
            "time": "08.11.2020 19:05",
            "open": "2.719",
            "high": "2.719",
            "low": "2.719",
            "close": "2.7135"
        },
        {
            "time": "08.11.2020 19:06",
            "open": "2.7135",
            "high": "2.7135",
            "low": "2.7135",
            "close": "2.7135"
        },
        {
            "time": "08.11.2020 19:09",
            "open": "2.7135",
            "high": "2.7135",
            "low": "2.7135",
            "close": "2.7035"
        },
        {
            "time": "08.11.2020 19:10",
            "open": "2.7035",
            "high": "2.7035",
            "low": "2.7035",
            "close": "2.7045"
        },
        {
            "time": "08.11.2020 19:12",
            "open": "2.7045",
            "high": "2.7045",
            "low": "2.7033",
            "close": "2.7"
        },
        {
            "time": "08.11.2020 19:13",
            "open": "2.7",
            "high": "2.7",
            "low": "2.7",
            "close": "2.698"
        },
        {
            "time": "08.11.2020 19:14",
            "open": "2.698",
            "high": "2.698",
            "low": "2.698",
            "close": "2.6978"
        },
        {
            "time": "08.11.2020 19:15",
            "open": "2.6978",
            "high": "2.6978",
            "low": "2.6978",
            "close": "2.7021"
        },
        {
            "time": "08.11.2020 19:18",
            "open": "2.7021",
            "high": "2.7021",
            "low": "2.7021",
            "close": "2.6978"
        },
        {
            "time": "08.11.2020 19:20",
            "open": "2.6978",
            "high": "2.6978",
            "low": "2.6978",
            "close": "2.6991"
        },
        {
            "time": "08.11.2020 19:22",
            "open": "2.6991",
            "high": "2.6992",
            "low": "2.6991",
            "close": "2.7065"
        },
        {
            "time": "08.11.2020 19:23",
            "open": "2.7065",
            "high": "2.7065",
            "low": "2.7065",
            "close": "2.6982"
        },
        {
            "time": "08.11.2020 19:29",
            "open": "2.6982",
            "high": "2.6982",
            "low": "2.6981",
            "close": "2.7052"
        },
        {
            "time": "08.11.2020 19:36",
            "open": "2.7052",
            "high": "2.7062",
            "low": "2.7052",
            "close": "2.7"
        },
        {
            "time": "08.11.2020 19:38",
            "open": "2.7",
            "high": "2.7",
            "low": "2.7",
            "close": "2.7"
        },
        {
            "time": "08.11.2020 19:43",
            "open": "2.7",
            "high": "2.7",
            "low": "2.7",
            "close": "2.6978"
        },
        {
            "time": "08.11.2020 19:49",
            "open": "2.6978",
            "high": "2.6978",
            "low": "2.6949",
            "close": "2.6975"
        },
        {
            "time": "08.11.2020 19:58",
            "open": "2.6975",
            "high": "2.6975",
            "low": "2.6975",
            "close": "2.7029"
        },
        {
            "time": "08.11.2020 20:00",
            "open": "2.7029",
            "high": "2.7029",
            "low": "2.7029",
            "close": "2.7009"
        },
        {
            "time": "08.11.2020 20:04",
            "open": "2.7009",
            "high": "2.7009",
            "low": "2.7009",
            "close": "2.6944"
        },
        {
            "time": "08.11.2020 20:08",
            "open": "2.6944",
            "high": "2.6944",
            "low": "2.6944",
            "close": "2.6916"
        },
        {
            "time": "08.11.2020 20:09",
            "open": "2.6916",
            "high": "2.6916",
            "low": "2.6908",
            "close": "2.69"
        },
        {
            "time": "08.11.2020 20:11",
            "open": "2.69",
            "high": "2.69",
            "low": "2.69",
            "close": "2.6878"
        },
        {
            "time": "08.11.2020 20:13",
            "open": "2.6878",
            "high": "2.6878",
            "low": "2.6878",
            "close": "2.6786"
        },
        {
            "time": "08.11.2020 20:15",
            "open": "2.6786",
            "high": "2.6786",
            "low": "2.6775",
            "close": "2.6776"
        },
        {
            "time": "08.11.2020 20:16",
            "open": "2.6776",
            "high": "2.6776",
            "low": "2.6776",
            "close": "2.6775"
        },
        {
            "time": "08.11.2020 20:18",
            "open": "2.6775",
            "high": "2.6775",
            "low": "2.6507",
            "close": "2.65"
        },
        {
            "time": "08.11.2020 20:20",
            "open": "2.65",
            "high": "2.65",
            "low": "2.65",
            "close": "2.6471"
        },
        {
            "time": "08.11.2020 20:21",
            "open": "2.6471",
            "high": "2.6471",
            "low": "2.6322",
            "close": "2.6411"
        },
        {
            "time": "08.11.2020 20:23",
            "open": "2.6411",
            "high": "2.6411",
            "low": "2.6411",
            "close": "2.6411"
        },
        {
            "time": "08.11.2020 20:24",
            "open": "2.6411",
            "high": "2.6441",
            "low": "2.6411",
            "close": "2.6504"
        },
        {
            "time": "08.11.2020 20:25",
            "open": "2.6504",
            "high": "2.6504",
            "low": "2.6504",
            "close": "2.6445"
        },
        {
            "time": "08.11.2020 20:30",
            "open": "2.6445",
            "high": "2.6445",
            "low": "2.6445",
            "close": "2.6508"
        },
        {
            "time": "08.11.2020 20:33",
            "open": "2.6508",
            "high": "2.6508",
            "low": "2.6508",
            "close": "2.6497"
        },
        {
            "time": "08.11.2020 20:36",
            "open": "2.6497",
            "high": "2.6497",
            "low": "2.6497",
            "close": "2.6571"
        },
        {
            "time": "08.11.2020 20:39",
            "open": "2.6571",
            "high": "2.6629",
            "low": "2.6571",
            "close": "2.6629"
        },
        {
            "time": "08.11.2020 20:45",
            "open": "2.6629",
            "high": "2.6629",
            "low": "2.6629",
            "close": "2.6555"
        },
        {
            "time": "08.11.2020 20:51",
            "open": "2.6555",
            "high": "2.6555",
            "low": "2.6551",
            "close": "2.6525"
        },
        {
            "time": "08.11.2020 20:53",
            "open": "2.6525",
            "high": "2.6525",
            "low": "2.6525",
            "close": "2.65"
        },
        {
            "time": "08.11.2020 20:54",
            "open": "2.65",
            "high": "2.65",
            "low": "2.65",
            "close": "2.6635"
        },
        {
            "time": "08.11.2020 21:03",
            "open": "2.6635",
            "high": "2.6635",
            "low": "2.6635",
            "close": "2.6574"
        },
        {
            "time": "08.11.2020 21:05",
            "open": "2.6574",
            "high": "2.6574",
            "low": "2.6574",
            "close": "2.6688"
        },
        {
            "time": "08.11.2020 21:08",
            "open": "2.6688",
            "high": "2.6688",
            "low": "2.6688",
            "close": "2.6684"
        },
        {
            "time": "08.11.2020 21:12",
            "open": "2.6684",
            "high": "2.6687",
            "low": "2.6684",
            "close": "2.6628"
        },
        {
            "time": "08.11.2020 21:20",
            "open": "2.6628",
            "high": "2.6628",
            "low": "2.6628",
            "close": "2.6667"
        },
        {
            "time": "08.11.2020 21:23",
            "open": "2.6667",
            "high": "2.6691",
            "low": "2.6667",
            "close": "2.6555"
        },
        {
            "time": "08.11.2020 21:27",
            "open": "2.6555",
            "high": "2.6555",
            "low": "2.6554",
            "close": "2.6548"
        },
        {
            "time": "08.11.2020 21:29",
            "open": "2.6548",
            "high": "2.6548",
            "low": "2.6548",
            "close": "2.6587"
        },
        {
            "time": "08.11.2020 21:31",
            "open": "2.6587",
            "high": "2.6587",
            "low": "2.6587",
            "close": "2.6596"
        },
        {
            "time": "08.11.2020 21:45",
            "open": "2.6596",
            "high": "2.6599",
            "low": "2.6596",
            "close": "2.652"
        },
        {
            "time": "08.11.2020 21:52",
            "open": "2.652",
            "high": "2.6527",
            "low": "2.652",
            "close": "2.6512"
        },
        {
            "time": "08.11.2020 22:07",
            "open": "2.6512",
            "high": "2.6524",
            "low": "2.6512",
            "close": "2.627"
        },
        {
            "time": "08.11.2020 22:11",
            "open": "2.627",
            "high": "2.6363",
            "low": "2.627",
            "close": "2.6296"
        },
        {
            "time": "08.11.2020 22:14",
            "open": "2.6296",
            "high": "2.6296",
            "low": "2.6296",
            "close": "2.6238"
        },
        {
            "time": "08.11.2020 22:19",
            "open": "2.6238",
            "high": "2.6238",
            "low": "2.623",
            "close": "2.6243"
        },
        {
            "time": "08.11.2020 22:20",
            "open": "2.6243",
            "high": "2.6243",
            "low": "2.6243",
            "close": "2.6171"
        },
        {
            "time": "08.11.2020 22:21",
            "open": "2.6171",
            "high": "2.6171",
            "low": "2.617",
            "close": "2.6101"
        },
        {
            "time": "08.11.2020 22:22",
            "open": "2.6101",
            "high": "2.6193",
            "low": "2.6101",
            "close": "2.6193"
        },
        {
            "time": "08.11.2020 22:23",
            "open": "2.6193",
            "high": "2.6193",
            "low": "2.6193",
            "close": "2.615"
        },
        {
            "time": "08.11.2020 22:24",
            "open": "2.615",
            "high": "2.615",
            "low": "2.615",
            "close": "2.6184"
        },
        {
            "time": "08.11.2020 22:25",
            "open": "2.6184",
            "high": "2.6279",
            "low": "2.6184",
            "close": "2.6256"
        },
        {
            "time": "08.11.2020 22:26",
            "open": "2.6256",
            "high": "2.6256",
            "low": "2.6154",
            "close": "2.61"
        },
        {
            "time": "08.11.2020 22:27",
            "open": "2.61",
            "high": "2.61",
            "low": "2.61",
            "close": "2.625"
        },
        {
            "time": "08.11.2020 22:35",
            "open": "2.625",
            "high": "2.625",
            "low": "2.625",
            "close": "2.6173"
        },
        {
            "time": "08.11.2020 22:36",
            "open": "2.6173",
            "high": "2.6173",
            "low": "2.6173",
            "close": "2.6191"
        },
        {
            "time": "08.11.2020 22:47",
            "open": "2.6191",
            "high": "2.6191",
            "low": "2.6181",
            "close": "2.6125"
        },
        {
            "time": "08.11.2020 22:55",
            "open": "2.6125",
            "high": "2.6125",
            "low": "2.6125",
            "close": "2.6365"
        },
        {
            "time": "08.11.2020 23:05",
            "open": "2.6365",
            "high": "2.6365",
            "low": "2.6365",
            "close": "2.6349"
        },
        {
            "time": "08.11.2020 23:06",
            "open": "2.6349",
            "high": "2.6349",
            "low": "2.6349",
            "close": "2.6359"
        },
        {
            "time": "08.11.2020 23:09",
            "open": "2.6359",
            "high": "2.6359",
            "low": "2.6349",
            "close": "2.625"
        },
        {
            "time": "08.11.2020 23:13",
            "open": "2.625",
            "high": "2.625",
            "low": "2.625",
            "close": "2.6409"
        },
        {
            "time": "08.11.2020 23:18",
            "open": "2.6409",
            "high": "2.6409",
            "low": "2.6355",
            "close": "2.6416"
        },
        {
            "time": "08.11.2020 23:20",
            "open": "2.6416",
            "high": "2.6416",
            "low": "2.6416",
            "close": "2.643"
        },
        {
            "time": "08.11.2020 23:26",
            "open": "2.643",
            "high": "2.6431",
            "low": "2.643",
            "close": "2.6374"
        },
        {
            "time": "08.11.2020 23:27",
            "open": "2.6374",
            "high": "2.6435",
            "low": "2.6374",
            "close": "2.6391"
        },
        {
            "time": "08.11.2020 23:32",
            "open": "2.6391",
            "high": "2.6391",
            "low": "2.6391",
            "close": "2.6481"
        },
        {
            "time": "08.11.2020 23:39",
            "open": "2.6481",
            "high": "2.6481",
            "low": "2.6481",
            "close": "2.6531"
        },
        {
            "time": "08.11.2020 23:41",
            "open": "2.6531",
            "high": "2.6531",
            "low": "2.6531",
            "close": "2.6531"
        },
        {
            "time": "08.11.2020 23:45",
            "open": "2.6531",
            "high": "2.6531",
            "low": "2.653",
            "close": "2.6571"
        },
        {
            "time": "08.11.2020 23:47",
            "open": "2.6571",
            "high": "2.66",
            "low": "2.6571",
            "close": "2.6568"
        },
        {
            "time": "08.11.2020 23:51",
            "open": "2.6568",
            "high": "2.6573",
            "low": "2.6568",
            "close": "2.6633"
        }
    ]
}