{
    "OMG-EUR": [
        {
            "time": "17.11.2020 23:57",
            "open": "2.9278",
            "high": "2.9278",
            "low": "2.9222",
            "close": "2.9307"
        },
        {
            "time": "18.11.2020 00:04",
            "open": "2.9307",
            "high": "2.9312",
            "low": "2.9296",
            "close": "2.9311"
        },
        {
            "time": "18.11.2020 00:05",
            "open": "2.9311",
            "high": "2.9311",
            "low": "2.9311",
            "close": "2.9317"
        },
        {
            "time": "18.11.2020 00:06",
            "open": "2.9317",
            "high": "2.9323",
            "low": "2.9311",
            "close": "2.9344"
        },
        {
            "time": "18.11.2020 00:12",
            "open": "2.9344",
            "high": "2.9344",
            "low": "2.9344",
            "close": "2.9278"
        },
        {
            "time": "18.11.2020 00:14",
            "open": "2.9278",
            "high": "2.9306",
            "low": "2.9278",
            "close": "2.919"
        },
        {
            "time": "18.11.2020 00:16",
            "open": "2.919",
            "high": "2.919",
            "low": "2.9154",
            "close": "2.9191"
        },
        {
            "time": "18.11.2020 00:18",
            "open": "2.9191",
            "high": "2.9278",
            "low": "2.9191",
            "close": "2.92"
        },
        {
            "time": "18.11.2020 00:26",
            "open": "2.92",
            "high": "2.92",
            "low": "2.9199",
            "close": "2.9246"
        },
        {
            "time": "18.11.2020 00:30",
            "open": "2.9246",
            "high": "2.9246",
            "low": "2.9246",
            "close": "2.9197"
        },
        {
            "time": "18.11.2020 00:32",
            "open": "2.9197",
            "high": "2.9197",
            "low": "2.9197",
            "close": "2.9277"
        },
        {
            "time": "18.11.2020 00:35",
            "open": "2.9277",
            "high": "2.9277",
            "low": "2.9277",
            "close": "2.9178"
        },
        {
            "time": "18.11.2020 00:41",
            "open": "2.9178",
            "high": "2.9215",
            "low": "2.9177",
            "close": "2.9218"
        },
        {
            "time": "18.11.2020 00:45",
            "open": "2.9218",
            "high": "2.9218",
            "low": "2.9207",
            "close": "2.9149"
        },
        {
            "time": "18.11.2020 00:46",
            "open": "2.9149",
            "high": "2.9149",
            "low": "2.9149",
            "close": "2.9215"
        },
        {
            "time": "18.11.2020 00:48",
            "open": "2.9215",
            "high": "2.9215",
            "low": "2.9215",
            "close": "2.9201"
        },
        {
            "time": "18.11.2020 01:04",
            "open": "2.9201",
            "high": "2.9201",
            "low": "2.9201",
            "close": "2.9159"
        },
        {
            "time": "18.11.2020 01:11",
            "open": "2.9159",
            "high": "2.9159",
            "low": "2.9159",
            "close": "2.9176"
        },
        {
            "time": "18.11.2020 01:14",
            "open": "2.9176",
            "high": "2.9227",
            "low": "2.9167",
            "close": "2.9227"
        },
        {
            "time": "18.11.2020 01:18",
            "open": "2.9227",
            "high": "2.9227",
            "low": "2.9227",
            "close": "2.9151"
        },
        {
            "time": "18.11.2020 01:26",
            "open": "2.9151",
            "high": "2.9151",
            "low": "2.9151",
            "close": "2.919"
        },
        {
            "time": "18.11.2020 01:28",
            "open": "2.919",
            "high": "2.9193",
            "low": "2.919",
            "close": "2.926"
        },
        {
            "time": "18.11.2020 01:29",
            "open": "2.926",
            "high": "2.926",
            "low": "2.926",
            "close": "2.9186"
        },
        {
            "time": "18.11.2020 01:33",
            "open": "2.9186",
            "high": "2.9186",
            "low": "2.9186",
            "close": "2.924"
        },
        {
            "time": "18.11.2020 01:34",
            "open": "2.924",
            "high": "2.924",
            "low": "2.924",
            "close": "2.9137"
        },
        {
            "time": "18.11.2020 01:38",
            "open": "2.9137",
            "high": "2.9143",
            "low": "2.9137",
            "close": "2.9166"
        },
        {
            "time": "18.11.2020 01:39",
            "open": "2.9166",
            "high": "2.9166",
            "low": "2.9139",
            "close": "2.9207"
        },
        {
            "time": "18.11.2020 01:40",
            "open": "2.9207",
            "high": "2.9207",
            "low": "2.9207",
            "close": "2.9334"
        },
        {
            "time": "18.11.2020 01:45",
            "open": "2.9334",
            "high": "2.9334",
            "low": "2.9334",
            "close": "2.9274"
        },
        {
            "time": "18.11.2020 01:48",
            "open": "2.9274",
            "high": "2.9274",
            "low": "2.9273",
            "close": "2.9346"
        },
        {
            "time": "18.11.2020 01:49",
            "open": "2.9346",
            "high": "2.9346",
            "low": "2.9345",
            "close": "2.9376"
        },
        {
            "time": "18.11.2020 01:52",
            "open": "2.9376",
            "high": "2.9376",
            "low": "2.9363",
            "close": "2.9401"
        },
        {
            "time": "18.11.2020 01:53",
            "open": "2.9401",
            "high": "2.9401",
            "low": "2.9401",
            "close": "2.9415"
        },
        {
            "time": "18.11.2020 01:54",
            "open": "2.9415",
            "high": "2.9429",
            "low": "2.9415",
            "close": "2.95"
        },
        {
            "time": "18.11.2020 01:55",
            "open": "2.95",
            "high": "2.9523",
            "low": "2.95",
            "close": "2.9503"
        },
        {
            "time": "18.11.2020 01:56",
            "open": "2.9503",
            "high": "2.9503",
            "low": "2.946",
            "close": "2.95"
        },
        {
            "time": "18.11.2020 02:00",
            "open": "2.95",
            "high": "2.95",
            "low": "2.95",
            "close": "2.9365"
        },
        {
            "time": "18.11.2020 02:04",
            "open": "2.9365",
            "high": "2.9365",
            "low": "2.9304",
            "close": "2.9302"
        },
        {
            "time": "18.11.2020 02:05",
            "open": "2.9302",
            "high": "2.9302",
            "low": "2.9276",
            "close": "2.9279"
        },
        {
            "time": "18.11.2020 02:06",
            "open": "2.9279",
            "high": "2.9279",
            "low": "2.9279",
            "close": "2.9311"
        },
        {
            "time": "18.11.2020 02:10",
            "open": "2.9311",
            "high": "2.9311",
            "low": "2.9291",
            "close": "2.9289"
        },
        {
            "time": "18.11.2020 02:11",
            "open": "2.9289",
            "high": "2.929",
            "low": "2.9286",
            "close": "2.926"
        },
        {
            "time": "18.11.2020 02:25",
            "open": "2.926",
            "high": "2.9272",
            "low": "2.926",
            "close": "2.9244"
        },
        {
            "time": "18.11.2020 02:26",
            "open": "2.9244",
            "high": "2.9273",
            "low": "2.9244",
            "close": "2.9373"
        },
        {
            "time": "18.11.2020 02:46",
            "open": "2.9373",
            "high": "2.9374",
            "low": "2.9373",
            "close": "2.9294"
        },
        {
            "time": "18.11.2020 03:00",
            "open": "2.9294",
            "high": "2.9294",
            "low": "2.9205",
            "close": "2.9159"
        },
        {
            "time": "18.11.2020 03:01",
            "open": "2.9159",
            "high": "2.9162",
            "low": "2.9159",
            "close": "2.914"
        },
        {
            "time": "18.11.2020 03:03",
            "open": "2.914",
            "high": "2.914",
            "low": "2.914",
            "close": "2.9145"
        },
        {
            "time": "18.11.2020 03:05",
            "open": "2.9145",
            "high": "2.9145",
            "low": "2.9133",
            "close": "2.9132"
        },
        {
            "time": "18.11.2020 03:06",
            "open": "2.9132",
            "high": "2.9132",
            "low": "2.905",
            "close": "2.9062"
        },
        {
            "time": "18.11.2020 03:07",
            "open": "2.9062",
            "high": "2.9071",
            "low": "2.8998",
            "close": "2.9011"
        },
        {
            "time": "18.11.2020 03:08",
            "open": "2.9011",
            "high": "2.9011",
            "low": "2.9003",
            "close": "2.9043"
        },
        {
            "time": "18.11.2020 03:09",
            "open": "2.9043",
            "high": "2.9043",
            "low": "2.9043",
            "close": "2.9075"
        },
        {
            "time": "18.11.2020 03:10",
            "open": "2.9075",
            "high": "2.9075",
            "low": "2.9075",
            "close": "2.9128"
        },
        {
            "time": "18.11.2020 03:12",
            "open": "2.9128",
            "high": "2.9128",
            "low": "2.9128",
            "close": "2.9125"
        },
        {
            "time": "18.11.2020 03:13",
            "open": "2.9125",
            "high": "2.9131",
            "low": "2.9119",
            "close": "2.926"
        },
        {
            "time": "18.11.2020 03:17",
            "open": "2.926",
            "high": "2.926",
            "low": "2.9259",
            "close": "2.9228"
        },
        {
            "time": "18.11.2020 03:18",
            "open": "2.9228",
            "high": "2.9228",
            "low": "2.9226",
            "close": "2.9228"
        },
        {
            "time": "18.11.2020 03:19",
            "open": "2.9228",
            "high": "2.9261",
            "low": "2.9226",
            "close": "2.9206"
        },
        {
            "time": "18.11.2020 03:24",
            "open": "2.9206",
            "high": "2.9217",
            "low": "2.9206",
            "close": "2.9239"
        },
        {
            "time": "18.11.2020 03:42",
            "open": "2.9239",
            "high": "2.9239",
            "low": "2.9239",
            "close": "2.9183"
        },
        {
            "time": "18.11.2020 03:54",
            "open": "2.9183",
            "high": "2.9183",
            "low": "2.9183",
            "close": "2.9235"
        },
        {
            "time": "18.11.2020 03:59",
            "open": "2.9235",
            "high": "2.9235",
            "low": "2.9235",
            "close": "2.9111"
        },
        {
            "time": "18.11.2020 04:15",
            "open": "2.9111",
            "high": "2.9111",
            "low": "2.9085",
            "close": "2.9034"
        },
        {
            "time": "18.11.2020 04:35",
            "open": "2.9034",
            "high": "2.9055",
            "low": "2.9034",
            "close": "2.8976"
        },
        {
            "time": "18.11.2020 04:36",
            "open": "2.8976",
            "high": "2.8976",
            "low": "2.8976",
            "close": "2.9006"
        },
        {
            "time": "18.11.2020 04:37",
            "open": "2.9006",
            "high": "2.9007",
            "low": "2.9006",
            "close": "2.8979"
        },
        {
            "time": "18.11.2020 04:40",
            "open": "2.8979",
            "high": "2.8979",
            "low": "2.8979",
            "close": "2.8979"
        },
        {
            "time": "18.11.2020 04:44",
            "open": "2.8979",
            "high": "2.8979",
            "low": "2.8979",
            "close": "2.8979"
        },
        {
            "time": "18.11.2020 04:45",
            "open": "2.8979",
            "high": "2.8979",
            "low": "2.8979",
            "close": "2.8979"
        },
        {
            "time": "18.11.2020 04:46",
            "open": "2.8979",
            "high": "2.898",
            "low": "2.8979",
            "close": "2.8979"
        },
        {
            "time": "18.11.2020 04:47",
            "open": "2.8979",
            "high": "2.8979",
            "low": "2.8979",
            "close": "2.8979"
        },
        {
            "time": "18.11.2020 04:50",
            "open": "2.8979",
            "high": "2.8979",
            "low": "2.8979",
            "close": "2.8987"
        },
        {
            "time": "18.11.2020 04:51",
            "open": "2.8987",
            "high": "2.8989",
            "low": "2.8987",
            "close": "2.8979"
        },
        {
            "time": "18.11.2020 04:54",
            "open": "2.8979",
            "high": "2.898",
            "low": "2.8979",
            "close": "2.8991"
        },
        {
            "time": "18.11.2020 04:55",
            "open": "2.8991",
            "high": "2.8991",
            "low": "2.8991",
            "close": "2.8979"
        },
        {
            "time": "18.11.2020 04:57",
            "open": "2.8979",
            "high": "2.8979",
            "low": "2.8979",
            "close": "2.8904"
        },
        {
            "time": "18.11.2020 04:58",
            "open": "2.8904",
            "high": "2.8904",
            "low": "2.8904",
            "close": "2.8957"
        },
        {
            "time": "18.11.2020 05:04",
            "open": "2.8957",
            "high": "2.8965",
            "low": "2.8957",
            "close": "2.8981"
        },
        {
            "time": "18.11.2020 05:10",
            "open": "2.8981",
            "high": "2.8989",
            "low": "2.8981",
            "close": "2.8907"
        },
        {
            "time": "18.11.2020 05:18",
            "open": "2.8907",
            "high": "2.8907",
            "low": "2.8906",
            "close": "2.8924"
        },
        {
            "time": "18.11.2020 05:19",
            "open": "2.8924",
            "high": "2.8924",
            "low": "2.8917",
            "close": "2.8979"
        },
        {
            "time": "18.11.2020 05:37",
            "open": "2.8979",
            "high": "2.899",
            "low": "2.8979",
            "close": "2.9"
        },
        {
            "time": "18.11.2020 05:39",
            "open": "2.9",
            "high": "2.9",
            "low": "2.9",
            "close": "2.8969"
        },
        {
            "time": "18.11.2020 05:40",
            "open": "2.8969",
            "high": "2.8969",
            "low": "2.8918",
            "close": "2.8945"
        },
        {
            "time": "18.11.2020 05:41",
            "open": "2.8945",
            "high": "2.8945",
            "low": "2.8945",
            "close": "2.8917"
        },
        {
            "time": "18.11.2020 05:43",
            "open": "2.8917",
            "high": "2.8944",
            "low": "2.8904",
            "close": "2.8866"
        },
        {
            "time": "18.11.2020 05:55",
            "open": "2.8866",
            "high": "2.8899",
            "low": "2.8866",
            "close": "2.89"
        },
        {
            "time": "18.11.2020 05:56",
            "open": "2.89",
            "high": "2.89",
            "low": "2.8867",
            "close": "2.8897"
        },
        {
            "time": "18.11.2020 05:57",
            "open": "2.8897",
            "high": "2.8899",
            "low": "2.8897",
            "close": "2.89"
        },
        {
            "time": "18.11.2020 05:58",
            "open": "2.89",
            "high": "2.89",
            "low": "2.8899",
            "close": "2.8899"
        },
        {
            "time": "18.11.2020 05:59",
            "open": "2.8899",
            "high": "2.8899",
            "low": "2.8899",
            "close": "2.8899"
        },
        {
            "time": "18.11.2020 06:00",
            "open": "2.8899",
            "high": "2.89",
            "low": "2.8899",
            "close": "2.89"
        },
        {
            "time": "18.11.2020 06:01",
            "open": "2.89",
            "high": "2.89",
            "low": "2.8899",
            "close": "2.8899"
        },
        {
            "time": "18.11.2020 06:02",
            "open": "2.8899",
            "high": "2.8899",
            "low": "2.8899",
            "close": "2.8899"
        },
        {
            "time": "18.11.2020 06:03",
            "open": "2.8899",
            "high": "2.8899",
            "low": "2.8899",
            "close": "2.89"
        },
        {
            "time": "18.11.2020 06:04",
            "open": "2.89",
            "high": "2.89",
            "low": "2.89",
            "close": "2.9063"
        },
        {
            "time": "18.11.2020 06:09",
            "open": "2.9063",
            "high": "2.9063",
            "low": "2.9063",
            "close": "2.9121"
        },
        {
            "time": "18.11.2020 06:10",
            "open": "2.9121",
            "high": "2.9121",
            "low": "2.9121",
            "close": "2.9084"
        },
        {
            "time": "18.11.2020 06:13",
            "open": "2.9084",
            "high": "2.9084",
            "low": "2.9084",
            "close": "2.913"
        },
        {
            "time": "18.11.2020 06:18",
            "open": "2.913",
            "high": "2.914",
            "low": "2.913",
            "close": "2.9048"
        },
        {
            "time": "18.11.2020 06:24",
            "open": "2.9048",
            "high": "2.9048",
            "low": "2.9048",
            "close": "2.907"
        },
        {
            "time": "18.11.2020 06:25",
            "open": "2.907",
            "high": "2.907",
            "low": "2.907",
            "close": "2.91"
        },
        {
            "time": "18.11.2020 06:26",
            "open": "2.91",
            "high": "2.91",
            "low": "2.9094",
            "close": "2.906"
        },
        {
            "time": "18.11.2020 06:30",
            "open": "2.906",
            "high": "2.906",
            "low": "2.906",
            "close": "2.9"
        },
        {
            "time": "18.11.2020 06:33",
            "open": "2.9",
            "high": "2.9",
            "low": "2.9",
            "close": "2.8891"
        },
        {
            "time": "18.11.2020 06:34",
            "open": "2.8891",
            "high": "2.8891",
            "low": "2.8753",
            "close": "2.8805"
        },
        {
            "time": "18.11.2020 06:35",
            "open": "2.8805",
            "high": "2.8866",
            "low": "2.8275",
            "close": "2.8517"
        },
        {
            "time": "18.11.2020 06:36",
            "open": "2.8517",
            "high": "2.8517",
            "low": "2.8255",
            "close": "2.8349"
        },
        {
            "time": "18.11.2020 06:37",
            "open": "2.8349",
            "high": "2.8468",
            "low": "2.8329",
            "close": "2.8468"
        },
        {
            "time": "18.11.2020 06:38",
            "open": "2.8468",
            "high": "2.8468",
            "low": "2.8272",
            "close": "2.8321"
        },
        {
            "time": "18.11.2020 06:39",
            "open": "2.8321",
            "high": "2.8321",
            "low": "2.813",
            "close": "2.8188"
        },
        {
            "time": "18.11.2020 06:40",
            "open": "2.8188",
            "high": "2.8366",
            "low": "2.8108",
            "close": "2.8172"
        },
        {
            "time": "18.11.2020 06:41",
            "open": "2.8172",
            "high": "2.8197",
            "low": "2.8164",
            "close": "2.8174"
        },
        {
            "time": "18.11.2020 06:42",
            "open": "2.8174",
            "high": "2.8174",
            "low": "2.7988",
            "close": "2.806"
        },
        {
            "time": "18.11.2020 06:43",
            "open": "2.806",
            "high": "2.8105",
            "low": "2.7917",
            "close": "2.7968"
        },
        {
            "time": "18.11.2020 06:44",
            "open": "2.7968",
            "high": "2.7985",
            "low": "2.7839",
            "close": "2.7876"
        },
        {
            "time": "18.11.2020 06:45",
            "open": "2.7876",
            "high": "2.7876",
            "low": "2.7628",
            "close": "2.7631"
        },
        {
            "time": "18.11.2020 06:46",
            "open": "2.7631",
            "high": "2.8194",
            "low": "2.71",
            "close": "2.7195"
        },
        {
            "time": "18.11.2020 06:47",
            "open": "2.7195",
            "high": "2.7468",
            "low": "2.7094",
            "close": "2.7285"
        },
        {
            "time": "18.11.2020 06:48",
            "open": "2.7285",
            "high": "2.7285",
            "low": "2.713",
            "close": "2.72"
        },
        {
            "time": "18.11.2020 06:49",
            "open": "2.72",
            "high": "2.728",
            "low": "2.72",
            "close": "2.7261"
        },
        {
            "time": "18.11.2020 06:50",
            "open": "2.7261",
            "high": "2.7524",
            "low": "2.7177",
            "close": "2.7495"
        },
        {
            "time": "18.11.2020 06:51",
            "open": "2.7495",
            "high": "2.7509",
            "low": "2.7413",
            "close": "2.7518"
        },
        {
            "time": "18.11.2020 06:52",
            "open": "2.7518",
            "high": "2.7839",
            "low": "2.7459",
            "close": "2.7461"
        },
        {
            "time": "18.11.2020 06:53",
            "open": "2.7461",
            "high": "2.7549",
            "low": "2.7365",
            "close": "2.7444"
        },
        {
            "time": "18.11.2020 06:54",
            "open": "2.7444",
            "high": "2.7549",
            "low": "2.7313",
            "close": "2.7465"
        },
        {
            "time": "18.11.2020 06:55",
            "open": "2.7465",
            "high": "2.7549",
            "low": "2.7306",
            "close": "2.7458"
        },
        {
            "time": "18.11.2020 06:56",
            "open": "2.7458",
            "high": "2.7692",
            "low": "2.7386",
            "close": "2.7652"
        },
        {
            "time": "18.11.2020 06:57",
            "open": "2.7652",
            "high": "2.7721",
            "low": "2.7537",
            "close": "2.7541"
        },
        {
            "time": "18.11.2020 06:58",
            "open": "2.7541",
            "high": "2.7623",
            "low": "2.7467",
            "close": "2.7542"
        },
        {
            "time": "18.11.2020 06:59",
            "open": "2.7542",
            "high": "2.7566",
            "low": "2.7486",
            "close": "2.7516"
        },
        {
            "time": "18.11.2020 07:00",
            "open": "2.7516",
            "high": "2.7523",
            "low": "2.7446",
            "close": "2.7487"
        },
        {
            "time": "18.11.2020 07:01",
            "open": "2.7487",
            "high": "2.7487",
            "low": "2.7304",
            "close": "2.7384"
        },
        {
            "time": "18.11.2020 07:02",
            "open": "2.7384",
            "high": "2.7433",
            "low": "2.7291",
            "close": "2.7393"
        },
        {
            "time": "18.11.2020 07:03",
            "open": "2.7393",
            "high": "2.7494",
            "low": "2.7379",
            "close": "2.7385"
        },
        {
            "time": "18.11.2020 07:04",
            "open": "2.7385",
            "high": "2.7471",
            "low": "2.7383",
            "close": "2.7471"
        },
        {
            "time": "18.11.2020 07:05",
            "open": "2.7471",
            "high": "2.7494",
            "low": "2.7459",
            "close": "2.7471"
        },
        {
            "time": "18.11.2020 07:06",
            "open": "2.7471",
            "high": "2.7578",
            "low": "2.7471",
            "close": "2.7687"
        },
        {
            "time": "18.11.2020 07:07",
            "open": "2.7687",
            "high": "2.7687",
            "low": "2.7686",
            "close": "2.7817"
        },
        {
            "time": "18.11.2020 07:08",
            "open": "2.7817",
            "high": "2.7817",
            "low": "2.7817",
            "close": "2.7759"
        },
        {
            "time": "18.11.2020 07:09",
            "open": "2.7759",
            "high": "2.7759",
            "low": "2.7745",
            "close": "2.7605"
        },
        {
            "time": "18.11.2020 07:10",
            "open": "2.7605",
            "high": "2.7605",
            "low": "2.7605",
            "close": "2.774"
        },
        {
            "time": "18.11.2020 07:11",
            "open": "2.774",
            "high": "2.774",
            "low": "2.7722",
            "close": "2.7711"
        },
        {
            "time": "18.11.2020 07:12",
            "open": "2.7711",
            "high": "2.7725",
            "low": "2.7711",
            "close": "2.7725"
        },
        {
            "time": "18.11.2020 07:14",
            "open": "2.7725",
            "high": "2.7883",
            "low": "2.7725",
            "close": "2.7877"
        },
        {
            "time": "18.11.2020 07:15",
            "open": "2.7877",
            "high": "2.7877",
            "low": "2.7763",
            "close": "2.7786"
        },
        {
            "time": "18.11.2020 07:16",
            "open": "2.7786",
            "high": "2.7844",
            "low": "2.7762",
            "close": "2.7765"
        },
        {
            "time": "18.11.2020 07:18",
            "open": "2.7765",
            "high": "2.7996",
            "low": "2.7765",
            "close": "2.7916"
        },
        {
            "time": "18.11.2020 07:19",
            "open": "2.7916",
            "high": "2.7916",
            "low": "2.7916",
            "close": "2.7993"
        },
        {
            "time": "18.11.2020 07:20",
            "open": "2.7993",
            "high": "2.7993",
            "low": "2.7975",
            "close": "2.8"
        },
        {
            "time": "18.11.2020 07:21",
            "open": "2.8",
            "high": "2.8",
            "low": "2.7994",
            "close": "2.7985"
        },
        {
            "time": "18.11.2020 07:22",
            "open": "2.7985",
            "high": "2.7985",
            "low": "2.7954",
            "close": "2.8019"
        },
        {
            "time": "18.11.2020 07:23",
            "open": "2.8019",
            "high": "2.8019",
            "low": "2.8019",
            "close": "2.7871"
        },
        {
            "time": "18.11.2020 07:25",
            "open": "2.7871",
            "high": "2.7871",
            "low": "2.7871",
            "close": "2.782"
        },
        {
            "time": "18.11.2020 07:26",
            "open": "2.782",
            "high": "2.782",
            "low": "2.782",
            "close": "2.7788"
        },
        {
            "time": "18.11.2020 07:27",
            "open": "2.7788",
            "high": "2.781",
            "low": "2.7788",
            "close": "2.7825"
        },
        {
            "time": "18.11.2020 07:29",
            "open": "2.7825",
            "high": "2.7825",
            "low": "2.7825",
            "close": "2.7828"
        },
        {
            "time": "18.11.2020 07:30",
            "open": "2.7828",
            "high": "2.7843",
            "low": "2.7828",
            "close": "2.79"
        },
        {
            "time": "18.11.2020 07:31",
            "open": "2.79",
            "high": "2.79",
            "low": "2.79",
            "close": "2.79"
        },
        {
            "time": "18.11.2020 07:32",
            "open": "2.79",
            "high": "2.79",
            "low": "2.79",
            "close": "2.7869"
        },
        {
            "time": "18.11.2020 07:33",
            "open": "2.7869",
            "high": "2.7869",
            "low": "2.7869",
            "close": "2.7851"
        },
        {
            "time": "18.11.2020 07:34",
            "open": "2.7851",
            "high": "2.7851",
            "low": "2.7851",
            "close": "2.7908"
        },
        {
            "time": "18.11.2020 07:36",
            "open": "2.7908",
            "high": "2.7908",
            "low": "2.7908",
            "close": "2.7908"
        },
        {
            "time": "18.11.2020 07:39",
            "open": "2.7908",
            "high": "2.7908",
            "low": "2.7892",
            "close": "2.7845"
        },
        {
            "time": "18.11.2020 07:40",
            "open": "2.7845",
            "high": "2.7845",
            "low": "2.7845",
            "close": "2.784"
        },
        {
            "time": "18.11.2020 07:41",
            "open": "2.784",
            "high": "2.784",
            "low": "2.784",
            "close": "2.792"
        },
        {
            "time": "18.11.2020 07:42",
            "open": "2.792",
            "high": "2.7922",
            "low": "2.7839",
            "close": "2.7839"
        },
        {
            "time": "18.11.2020 07:43",
            "open": "2.7839",
            "high": "2.7839",
            "low": "2.7839",
            "close": "2.7874"
        },
        {
            "time": "18.11.2020 07:45",
            "open": "2.7874",
            "high": "2.7895",
            "low": "2.7874",
            "close": "2.7895"
        },
        {
            "time": "18.11.2020 07:47",
            "open": "2.7895",
            "high": "2.7895",
            "low": "2.7895",
            "close": "2.785"
        },
        {
            "time": "18.11.2020 07:48",
            "open": "2.785",
            "high": "2.785",
            "low": "2.7823",
            "close": "2.7867"
        },
        {
            "time": "18.11.2020 07:49",
            "open": "2.7867",
            "high": "2.7867",
            "low": "2.7867",
            "close": "2.781"
        },
        {
            "time": "18.11.2020 07:52",
            "open": "2.781",
            "high": "2.781",
            "low": "2.781",
            "close": "2.7835"
        },
        {
            "time": "18.11.2020 07:53",
            "open": "2.7835",
            "high": "2.7835",
            "low": "2.7835",
            "close": "2.7906"
        },
        {
            "time": "18.11.2020 07:54",
            "open": "2.7906",
            "high": "2.7906",
            "low": "2.7906",
            "close": "2.781"
        },
        {
            "time": "18.11.2020 07:55",
            "open": "2.781",
            "high": "2.781",
            "low": "2.78",
            "close": "2.78"
        },
        {
            "time": "18.11.2020 07:56",
            "open": "2.78",
            "high": "2.7806",
            "low": "2.78",
            "close": "2.78"
        },
        {
            "time": "18.11.2020 07:57",
            "open": "2.78",
            "high": "2.78",
            "low": "2.7799",
            "close": "2.7783"
        },
        {
            "time": "18.11.2020 07:58",
            "open": "2.7783",
            "high": "2.7784",
            "low": "2.7783",
            "close": "2.7801"
        },
        {
            "time": "18.11.2020 07:59",
            "open": "2.7801",
            "high": "2.7801",
            "low": "2.7801",
            "close": "2.7688"
        },
        {
            "time": "18.11.2020 08:01",
            "open": "2.7688",
            "high": "2.7688",
            "low": "2.7688",
            "close": "2.7671"
        },
        {
            "time": "18.11.2020 08:02",
            "open": "2.7671",
            "high": "2.7791",
            "low": "2.7671",
            "close": "2.7702"
        },
        {
            "time": "18.11.2020 08:04",
            "open": "2.7702",
            "high": "2.7702",
            "low": "2.77",
            "close": "2.766"
        },
        {
            "time": "18.11.2020 08:05",
            "open": "2.766",
            "high": "2.766",
            "low": "2.76",
            "close": "2.764"
        },
        {
            "time": "18.11.2020 08:07",
            "open": "2.764",
            "high": "2.7641",
            "low": "2.764",
            "close": "2.7594"
        },
        {
            "time": "18.11.2020 08:08",
            "open": "2.7594",
            "high": "2.7594",
            "low": "2.757",
            "close": "2.7559"
        },
        {
            "time": "18.11.2020 08:09",
            "open": "2.7559",
            "high": "2.7559",
            "low": "2.7559",
            "close": "2.7549"
        },
        {
            "time": "18.11.2020 08:10",
            "open": "2.7549",
            "high": "2.7549",
            "low": "2.7465",
            "close": "2.7492"
        },
        {
            "time": "18.11.2020 08:11",
            "open": "2.7492",
            "high": "2.7492",
            "low": "2.7415",
            "close": "2.7488"
        },
        {
            "time": "18.11.2020 08:12",
            "open": "2.7488",
            "high": "2.7635",
            "low": "2.7488",
            "close": "2.7688"
        },
        {
            "time": "18.11.2020 08:13",
            "open": "2.7688",
            "high": "2.7688",
            "low": "2.7688",
            "close": "2.7674"
        },
        {
            "time": "18.11.2020 08:15",
            "open": "2.7674",
            "high": "2.7734",
            "low": "2.7674",
            "close": "2.7688"
        },
        {
            "time": "18.11.2020 08:16",
            "open": "2.7688",
            "high": "2.7688",
            "low": "2.7688",
            "close": "2.77"
        },
        {
            "time": "18.11.2020 08:17",
            "open": "2.77",
            "high": "2.77",
            "low": "2.77",
            "close": "2.77"
        },
        {
            "time": "18.11.2020 08:18",
            "open": "2.77",
            "high": "2.77",
            "low": "2.77",
            "close": "2.771"
        },
        {
            "time": "18.11.2020 08:20",
            "open": "2.771",
            "high": "2.771",
            "low": "2.771",
            "close": "2.7678"
        },
        {
            "time": "18.11.2020 08:22",
            "open": "2.7678",
            "high": "2.7678",
            "low": "2.7678",
            "close": "2.7614"
        },
        {
            "time": "18.11.2020 08:23",
            "open": "2.7614",
            "high": "2.7614",
            "low": "2.7614",
            "close": "2.7628"
        },
        {
            "time": "18.11.2020 08:24",
            "open": "2.7628",
            "high": "2.7629",
            "low": "2.7628",
            "close": "2.7548"
        },
        {
            "time": "18.11.2020 08:27",
            "open": "2.7548",
            "high": "2.7548",
            "low": "2.7548",
            "close": "2.75"
        },
        {
            "time": "18.11.2020 08:28",
            "open": "2.75",
            "high": "2.7542",
            "low": "2.7482",
            "close": "2.7601"
        },
        {
            "time": "18.11.2020 08:31",
            "open": "2.7601",
            "high": "2.7647",
            "low": "2.7601",
            "close": "2.7589"
        },
        {
            "time": "18.11.2020 08:32",
            "open": "2.7589",
            "high": "2.7589",
            "low": "2.7589",
            "close": "2.7608"
        },
        {
            "time": "18.11.2020 08:33",
            "open": "2.7608",
            "high": "2.7615",
            "low": "2.756",
            "close": "2.759"
        },
        {
            "time": "18.11.2020 08:34",
            "open": "2.759",
            "high": "2.759",
            "low": "2.759",
            "close": "2.7596"
        },
        {
            "time": "18.11.2020 08:37",
            "open": "2.7596",
            "high": "2.7596",
            "low": "2.7596",
            "close": "2.7595"
        },
        {
            "time": "18.11.2020 08:38",
            "open": "2.7595",
            "high": "2.7595",
            "low": "2.7595",
            "close": "2.758"
        },
        {
            "time": "18.11.2020 08:39",
            "open": "2.758",
            "high": "2.7666",
            "low": "2.758",
            "close": "2.7731"
        },
        {
            "time": "18.11.2020 08:46",
            "open": "2.7731",
            "high": "2.7739",
            "low": "2.7731",
            "close": "2.7759"
        },
        {
            "time": "18.11.2020 08:49",
            "open": "2.7759",
            "high": "2.7759",
            "low": "2.7759",
            "close": "2.7798"
        },
        {
            "time": "18.11.2020 08:50",
            "open": "2.7798",
            "high": "2.7798",
            "low": "2.7798",
            "close": "2.7848"
        },
        {
            "time": "18.11.2020 08:51",
            "open": "2.7848",
            "high": "2.7866",
            "low": "2.7846",
            "close": "2.7869"
        },
        {
            "time": "18.11.2020 08:52",
            "open": "2.7869",
            "high": "2.7869",
            "low": "2.7869",
            "close": "2.7874"
        },
        {
            "time": "18.11.2020 08:53",
            "open": "2.7874",
            "high": "2.7874",
            "low": "2.7834",
            "close": "2.7869"
        },
        {
            "time": "18.11.2020 08:56",
            "open": "2.7869",
            "high": "2.7906",
            "low": "2.7869",
            "close": "2.7921"
        },
        {
            "time": "18.11.2020 08:57",
            "open": "2.7921",
            "high": "2.7921",
            "low": "2.7921",
            "close": "2.7903"
        },
        {
            "time": "18.11.2020 08:58",
            "open": "2.7903",
            "high": "2.8017",
            "low": "2.7903",
            "close": "2.8044"
        },
        {
            "time": "18.11.2020 08:59",
            "open": "2.8044",
            "high": "2.8044",
            "low": "2.7947",
            "close": "2.7947"
        },
        {
            "time": "18.11.2020 09:01",
            "open": "2.7947",
            "high": "2.7947",
            "low": "2.7947",
            "close": "2.7959"
        },
        {
            "time": "18.11.2020 09:06",
            "open": "2.7959",
            "high": "2.7988",
            "low": "2.7959",
            "close": "2.7994"
        },
        {
            "time": "18.11.2020 09:07",
            "open": "2.7994",
            "high": "2.7994",
            "low": "2.7994",
            "close": "2.7981"
        },
        {
            "time": "18.11.2020 09:08",
            "open": "2.7981",
            "high": "2.7981",
            "low": "2.7981",
            "close": "2.7959"
        },
        {
            "time": "18.11.2020 09:09",
            "open": "2.7959",
            "high": "2.7959",
            "low": "2.7901",
            "close": "2.79"
        },
        {
            "time": "18.11.2020 09:11",
            "open": "2.79",
            "high": "2.79",
            "low": "2.79",
            "close": "2.79"
        },
        {
            "time": "18.11.2020 09:12",
            "open": "2.79",
            "high": "2.79",
            "low": "2.79",
            "close": "2.788"
        },
        {
            "time": "18.11.2020 09:15",
            "open": "2.788",
            "high": "2.788",
            "low": "2.7845",
            "close": "2.79"
        },
        {
            "time": "18.11.2020 09:17",
            "open": "2.79",
            "high": "2.7927",
            "low": "2.79",
            "close": "2.7927"
        },
        {
            "time": "18.11.2020 09:18",
            "open": "2.7927",
            "high": "2.7927",
            "low": "2.7927",
            "close": "2.7911"
        },
        {
            "time": "18.11.2020 09:19",
            "open": "2.7911",
            "high": "2.7911",
            "low": "2.7911",
            "close": "2.7901"
        },
        {
            "time": "18.11.2020 09:20",
            "open": "2.7901",
            "high": "2.7907",
            "low": "2.7901",
            "close": "2.788"
        },
        {
            "time": "18.11.2020 09:21",
            "open": "2.788",
            "high": "2.788",
            "low": "2.788",
            "close": "2.7848"
        },
        {
            "time": "18.11.2020 09:22",
            "open": "2.7848",
            "high": "2.7848",
            "low": "2.7845",
            "close": "2.7906"
        },
        {
            "time": "18.11.2020 09:26",
            "open": "2.7906",
            "high": "2.7918",
            "low": "2.7906",
            "close": "2.7886"
        },
        {
            "time": "18.11.2020 09:27",
            "open": "2.7886",
            "high": "2.7886",
            "low": "2.7874",
            "close": "2.7939"
        },
        {
            "time": "18.11.2020 09:28",
            "open": "2.7939",
            "high": "2.7939",
            "low": "2.7939",
            "close": "2.79"
        },
        {
            "time": "18.11.2020 09:29",
            "open": "2.79",
            "high": "2.79",
            "low": "2.788",
            "close": "2.7897"
        },
        {
            "time": "18.11.2020 09:31",
            "open": "2.7897",
            "high": "2.7897",
            "low": "2.7831",
            "close": "2.7994"
        },
        {
            "time": "18.11.2020 09:33",
            "open": "2.7994",
            "high": "2.8003",
            "low": "2.7994",
            "close": "2.8017"
        },
        {
            "time": "18.11.2020 09:34",
            "open": "2.8017",
            "high": "2.8017",
            "low": "2.7933",
            "close": "2.7946"
        },
        {
            "time": "18.11.2020 09:35",
            "open": "2.7946",
            "high": "2.7983",
            "low": "2.7946",
            "close": "2.7958"
        },
        {
            "time": "18.11.2020 09:36",
            "open": "2.7958",
            "high": "2.7958",
            "low": "2.7958",
            "close": "2.7955"
        },
        {
            "time": "18.11.2020 09:37",
            "open": "2.7955",
            "high": "2.7955",
            "low": "2.7955",
            "close": "2.7933"
        },
        {
            "time": "18.11.2020 09:38",
            "open": "2.7933",
            "high": "2.7933",
            "low": "2.7933",
            "close": "2.8"
        },
        {
            "time": "18.11.2020 09:43",
            "open": "2.8",
            "high": "2.8",
            "low": "2.8",
            "close": "2.8012"
        },
        {
            "time": "18.11.2020 09:47",
            "open": "2.8012",
            "high": "2.8012",
            "low": "2.8012",
            "close": "2.7957"
        },
        {
            "time": "18.11.2020 09:50",
            "open": "2.7957",
            "high": "2.7959",
            "low": "2.7957",
            "close": "2.7936"
        },
        {
            "time": "18.11.2020 09:54",
            "open": "2.7936",
            "high": "2.7936",
            "low": "2.7936",
            "close": "2.7957"
        },
        {
            "time": "18.11.2020 09:55",
            "open": "2.7957",
            "high": "2.7957",
            "low": "2.7955",
            "close": "2.795"
        },
        {
            "time": "18.11.2020 09:59",
            "open": "2.795",
            "high": "2.795",
            "low": "2.7889",
            "close": "2.789"
        },
        {
            "time": "18.11.2020 10:01",
            "open": "2.789",
            "high": "2.7949",
            "low": "2.7798",
            "close": "2.7854"
        },
        {
            "time": "18.11.2020 10:02",
            "open": "2.7854",
            "high": "2.7854",
            "low": "2.7785",
            "close": "2.7816"
        },
        {
            "time": "18.11.2020 10:03",
            "open": "2.7816",
            "high": "2.7816",
            "low": "2.7816",
            "close": "2.7776"
        },
        {
            "time": "18.11.2020 10:04",
            "open": "2.7776",
            "high": "2.7776",
            "low": "2.7776",
            "close": "2.7841"
        },
        {
            "time": "18.11.2020 10:05",
            "open": "2.7841",
            "high": "2.7841",
            "low": "2.7841",
            "close": "2.7781"
        },
        {
            "time": "18.11.2020 10:06",
            "open": "2.7781",
            "high": "2.7781",
            "low": "2.7781",
            "close": "2.779"
        },
        {
            "time": "18.11.2020 10:07",
            "open": "2.779",
            "high": "2.779",
            "low": "2.779",
            "close": "2.7748"
        },
        {
            "time": "18.11.2020 10:08",
            "open": "2.7748",
            "high": "2.7748",
            "low": "2.7724",
            "close": "2.774"
        },
        {
            "time": "18.11.2020 10:09",
            "open": "2.774",
            "high": "2.774",
            "low": "2.7539",
            "close": "2.7627"
        },
        {
            "time": "18.11.2020 10:10",
            "open": "2.7627",
            "high": "2.7644",
            "low": "2.7627",
            "close": "2.77"
        },
        {
            "time": "18.11.2020 10:11",
            "open": "2.77",
            "high": "2.77",
            "low": "2.77",
            "close": "2.7693"
        },
        {
            "time": "18.11.2020 10:12",
            "open": "2.7693",
            "high": "2.7715",
            "low": "2.7693",
            "close": "2.7634"
        },
        {
            "time": "18.11.2020 10:13",
            "open": "2.7634",
            "high": "2.7715",
            "low": "2.7633",
            "close": "2.7756"
        },
        {
            "time": "18.11.2020 10:15",
            "open": "2.7756",
            "high": "2.7756",
            "low": "2.7756",
            "close": "2.7764"
        },
        {
            "time": "18.11.2020 10:16",
            "open": "2.7764",
            "high": "2.7764",
            "low": "2.7764",
            "close": "2.7758"
        },
        {
            "time": "18.11.2020 10:18",
            "open": "2.7758",
            "high": "2.7758",
            "low": "2.7758",
            "close": "2.7747"
        },
        {
            "time": "18.11.2020 10:19",
            "open": "2.7747",
            "high": "2.7758",
            "low": "2.7747",
            "close": "2.7762"
        },
        {
            "time": "18.11.2020 10:20",
            "open": "2.7762",
            "high": "2.7762",
            "low": "2.7715",
            "close": "2.7718"
        },
        {
            "time": "18.11.2020 10:21",
            "open": "2.7718",
            "high": "2.7719",
            "low": "2.7718",
            "close": "2.7692"
        },
        {
            "time": "18.11.2020 10:23",
            "open": "2.7692",
            "high": "2.7707",
            "low": "2.7692",
            "close": "2.7659"
        },
        {
            "time": "18.11.2020 10:26",
            "open": "2.7659",
            "high": "2.7731",
            "low": "2.7645",
            "close": "2.771"
        },
        {
            "time": "18.11.2020 10:28",
            "open": "2.771",
            "high": "2.771",
            "low": "2.7709",
            "close": "2.764"
        },
        {
            "time": "18.11.2020 10:29",
            "open": "2.764",
            "high": "2.764",
            "low": "2.764",
            "close": "2.767"
        },
        {
            "time": "18.11.2020 10:30",
            "open": "2.767",
            "high": "2.767",
            "low": "2.767",
            "close": "2.775"
        },
        {
            "time": "18.11.2020 10:33",
            "open": "2.775",
            "high": "2.775",
            "low": "2.7725",
            "close": "2.769"
        },
        {
            "time": "18.11.2020 10:34",
            "open": "2.769",
            "high": "2.769",
            "low": "2.769",
            "close": "2.77"
        },
        {
            "time": "18.11.2020 10:35",
            "open": "2.77",
            "high": "2.7747",
            "low": "2.77",
            "close": "2.7747"
        },
        {
            "time": "18.11.2020 10:36",
            "open": "2.7747",
            "high": "2.7747",
            "low": "2.7632",
            "close": "2.7646"
        },
        {
            "time": "18.11.2020 10:43",
            "open": "2.7646",
            "high": "2.7646",
            "low": "2.7594",
            "close": "2.7599"
        },
        {
            "time": "18.11.2020 10:44",
            "open": "2.7599",
            "high": "2.7637",
            "low": "2.7599",
            "close": "2.7632"
        },
        {
            "time": "18.11.2020 10:45",
            "open": "2.7632",
            "high": "2.7632",
            "low": "2.7632",
            "close": "2.7696"
        },
        {
            "time": "18.11.2020 10:46",
            "open": "2.7696",
            "high": "2.7696",
            "low": "2.769",
            "close": "2.769"
        },
        {
            "time": "18.11.2020 10:47",
            "open": "2.769",
            "high": "2.769",
            "low": "2.769",
            "close": "2.766"
        },
        {
            "time": "18.11.2020 10:48",
            "open": "2.766",
            "high": "2.766",
            "low": "2.766",
            "close": "2.7666"
        },
        {
            "time": "18.11.2020 10:50",
            "open": "2.7666",
            "high": "2.77",
            "low": "2.7666",
            "close": "2.7729"
        },
        {
            "time": "18.11.2020 10:51",
            "open": "2.7729",
            "high": "2.7734",
            "low": "2.7729",
            "close": "2.7729"
        },
        {
            "time": "18.11.2020 10:52",
            "open": "2.7729",
            "high": "2.7738",
            "low": "2.7729",
            "close": "2.7704"
        },
        {
            "time": "18.11.2020 10:53",
            "open": "2.7704",
            "high": "2.7705",
            "low": "2.7704",
            "close": "2.7715"
        },
        {
            "time": "18.11.2020 10:54",
            "open": "2.7715",
            "high": "2.7715",
            "low": "2.7715",
            "close": "2.7719"
        },
        {
            "time": "18.11.2020 10:58",
            "open": "2.7719",
            "high": "2.7719",
            "low": "2.7719",
            "close": "2.7764"
        },
        {
            "time": "18.11.2020 10:59",
            "open": "2.7764",
            "high": "2.7764",
            "low": "2.7764",
            "close": "2.7715"
        },
        {
            "time": "18.11.2020 11:00",
            "open": "2.7715",
            "high": "2.7715",
            "low": "2.7715",
            "close": "2.7675"
        },
        {
            "time": "18.11.2020 11:01",
            "open": "2.7675",
            "high": "2.7675",
            "low": "2.7668",
            "close": "2.766"
        },
        {
            "time": "18.11.2020 11:02",
            "open": "2.766",
            "high": "2.766",
            "low": "2.766",
            "close": "2.765"
        },
        {
            "time": "18.11.2020 11:04",
            "open": "2.765",
            "high": "2.765",
            "low": "2.765",
            "close": "2.7705"
        },
        {
            "time": "18.11.2020 11:05",
            "open": "2.7705",
            "high": "2.7707",
            "low": "2.7705",
            "close": "2.7646"
        },
        {
            "time": "18.11.2020 11:06",
            "open": "2.7646",
            "high": "2.7646",
            "low": "2.7645",
            "close": "2.7616"
        },
        {
            "time": "18.11.2020 11:07",
            "open": "2.7616",
            "high": "2.7616",
            "low": "2.7616",
            "close": "2.7652"
        },
        {
            "time": "18.11.2020 11:08",
            "open": "2.7652",
            "high": "2.7652",
            "low": "2.7652",
            "close": "2.7652"
        },
        {
            "time": "18.11.2020 11:11",
            "open": "2.7652",
            "high": "2.7652",
            "low": "2.7652",
            "close": "2.7703"
        },
        {
            "time": "18.11.2020 11:12",
            "open": "2.7703",
            "high": "2.7705",
            "low": "2.7703",
            "close": "2.7764"
        },
        {
            "time": "18.11.2020 11:13",
            "open": "2.7764",
            "high": "2.7764",
            "low": "2.7764",
            "close": "2.7802"
        },
        {
            "time": "18.11.2020 11:23",
            "open": "2.7802",
            "high": "2.7803",
            "low": "2.7802",
            "close": "2.7815"
        },
        {
            "time": "18.11.2020 11:24",
            "open": "2.7815",
            "high": "2.7819",
            "low": "2.7733",
            "close": "2.7845"
        },
        {
            "time": "18.11.2020 11:28",
            "open": "2.7845",
            "high": "2.7875",
            "low": "2.7845",
            "close": "2.7884"
        },
        {
            "time": "18.11.2020 11:29",
            "open": "2.7884",
            "high": "2.7884",
            "low": "2.7884",
            "close": "2.7895"
        },
        {
            "time": "18.11.2020 11:30",
            "open": "2.7895",
            "high": "2.7896",
            "low": "2.7895",
            "close": "2.7899"
        },
        {
            "time": "18.11.2020 11:34",
            "open": "2.7899",
            "high": "2.7899",
            "low": "2.7897",
            "close": "2.7913"
        },
        {
            "time": "18.11.2020 11:37",
            "open": "2.7913",
            "high": "2.7925",
            "low": "2.7913",
            "close": "2.802"
        },
        {
            "time": "18.11.2020 11:39",
            "open": "2.802",
            "high": "2.802",
            "low": "2.8013",
            "close": "2.8026"
        },
        {
            "time": "18.11.2020 11:40",
            "open": "2.8026",
            "high": "2.8026",
            "low": "2.8026",
            "close": "2.7928"
        },
        {
            "time": "18.11.2020 11:45",
            "open": "2.7928",
            "high": "2.7928",
            "low": "2.7928",
            "close": "2.7964"
        },
        {
            "time": "18.11.2020 11:46",
            "open": "2.7964",
            "high": "2.7964",
            "low": "2.7964",
            "close": "2.7943"
        },
        {
            "time": "18.11.2020 11:48",
            "open": "2.7943",
            "high": "2.7943",
            "low": "2.7943",
            "close": "2.7942"
        },
        {
            "time": "18.11.2020 11:50",
            "open": "2.7942",
            "high": "2.7942",
            "low": "2.7942",
            "close": "2.7931"
        },
        {
            "time": "18.11.2020 11:54",
            "open": "2.7931",
            "high": "2.7931",
            "low": "2.7931",
            "close": "2.8046"
        },
        {
            "time": "18.11.2020 11:59",
            "open": "2.8046",
            "high": "2.8046",
            "low": "2.8046",
            "close": "2.7975"
        },
        {
            "time": "18.11.2020 12:03",
            "open": "2.7975",
            "high": "2.7975",
            "low": "2.7975",
            "close": "2.799"
        },
        {
            "time": "18.11.2020 12:10",
            "open": "2.799",
            "high": "2.799",
            "low": "2.7975",
            "close": "2.7929"
        },
        {
            "time": "18.11.2020 12:11",
            "open": "2.7929",
            "high": "2.7929",
            "low": "2.7929",
            "close": "2.7929"
        },
        {
            "time": "18.11.2020 12:12",
            "open": "2.7929",
            "high": "2.7929",
            "low": "2.7929",
            "close": "2.7973"
        },
        {
            "time": "18.11.2020 12:15",
            "open": "2.7973",
            "high": "2.7973",
            "low": "2.7973",
            "close": "2.7908"
        },
        {
            "time": "18.11.2020 12:22",
            "open": "2.7908",
            "high": "2.7908",
            "low": "2.7908",
            "close": "2.7973"
        },
        {
            "time": "18.11.2020 12:23",
            "open": "2.7973",
            "high": "2.7973",
            "low": "2.7973",
            "close": "2.7988"
        },
        {
            "time": "18.11.2020 12:24",
            "open": "2.7988",
            "high": "2.7988",
            "low": "2.7988",
            "close": "2.7973"
        },
        {
            "time": "18.11.2020 12:25",
            "open": "2.7973",
            "high": "2.7973",
            "low": "2.7973",
            "close": "2.8037"
        },
        {
            "time": "18.11.2020 12:29",
            "open": "2.8037",
            "high": "2.8037",
            "low": "2.8037",
            "close": "2.7958"
        },
        {
            "time": "18.11.2020 12:34",
            "open": "2.7958",
            "high": "2.7958",
            "low": "2.7958",
            "close": "2.7932"
        },
        {
            "time": "18.11.2020 12:35",
            "open": "2.7932",
            "high": "2.7932",
            "low": "2.7932",
            "close": "2.801"
        },
        {
            "time": "18.11.2020 12:38",
            "open": "2.801",
            "high": "2.801",
            "low": "2.801",
            "close": "2.7985"
        },
        {
            "time": "18.11.2020 12:40",
            "open": "2.7985",
            "high": "2.7985",
            "low": "2.7985",
            "close": "2.7994"
        },
        {
            "time": "18.11.2020 12:43",
            "open": "2.7994",
            "high": "2.8035",
            "low": "2.7994",
            "close": "2.8035"
        },
        {
            "time": "18.11.2020 12:47",
            "open": "2.8035",
            "high": "2.8035",
            "low": "2.8035",
            "close": "2.8035"
        },
        {
            "time": "18.11.2020 12:49",
            "open": "2.8035",
            "high": "2.8035",
            "low": "2.8035",
            "close": "2.8045"
        },
        {
            "time": "18.11.2020 12:53",
            "open": "2.8045",
            "high": "2.8045",
            "low": "2.8045",
            "close": "2.7975"
        },
        {
            "time": "18.11.2020 12:55",
            "open": "2.7975",
            "high": "2.7975",
            "low": "2.7975",
            "close": "2.8036"
        },
        {
            "time": "18.11.2020 12:59",
            "open": "2.8036",
            "high": "2.8036",
            "low": "2.8036",
            "close": "2.7976"
        },
        {
            "time": "18.11.2020 13:00",
            "open": "2.7976",
            "high": "2.7976",
            "low": "2.7976",
            "close": "2.8035"
        },
        {
            "time": "18.11.2020 13:02",
            "open": "2.8035",
            "high": "2.8035",
            "low": "2.8035",
            "close": "2.7912"
        },
        {
            "time": "18.11.2020 13:12",
            "open": "2.7912",
            "high": "2.7912",
            "low": "2.7912",
            "close": "2.7983"
        },
        {
            "time": "18.11.2020 13:13",
            "open": "2.7983",
            "high": "2.7983",
            "low": "2.7983",
            "close": "2.7983"
        },
        {
            "time": "18.11.2020 13:14",
            "open": "2.7983",
            "high": "2.7983",
            "low": "2.7983",
            "close": "2.7982"
        },
        {
            "time": "18.11.2020 13:15",
            "open": "2.7982",
            "high": "2.7982",
            "low": "2.7982",
            "close": "2.7977"
        },
        {
            "time": "18.11.2020 13:16",
            "open": "2.7977",
            "high": "2.7977",
            "low": "2.7977",
            "close": "2.8084"
        },
        {
            "time": "18.11.2020 13:19",
            "open": "2.8084",
            "high": "2.8084",
            "low": "2.8084",
            "close": "2.8087"
        },
        {
            "time": "18.11.2020 13:21",
            "open": "2.8087",
            "high": "2.8098",
            "low": "2.8087",
            "close": "2.8021"
        },
        {
            "time": "18.11.2020 13:23",
            "open": "2.8021",
            "high": "2.8021",
            "low": "2.8",
            "close": "2.8047"
        },
        {
            "time": "18.11.2020 13:27",
            "open": "2.8047",
            "high": "2.8064",
            "low": "2.8047",
            "close": "2.8119"
        },
        {
            "time": "18.11.2020 13:30",
            "open": "2.8119",
            "high": "2.8152",
            "low": "2.8119",
            "close": "2.8159"
        },
        {
            "time": "18.11.2020 13:32",
            "open": "2.8159",
            "high": "2.8159",
            "low": "2.8159",
            "close": "2.8079"
        },
        {
            "time": "18.11.2020 13:35",
            "open": "2.8079",
            "high": "2.809",
            "low": "2.8079",
            "close": "2.8097"
        },
        {
            "time": "18.11.2020 13:37",
            "open": "2.8097",
            "high": "2.8097",
            "low": "2.8087",
            "close": "2.819"
        },
        {
            "time": "18.11.2020 13:42",
            "open": "2.819",
            "high": "2.8214",
            "low": "2.8181",
            "close": "2.8196"
        },
        {
            "time": "18.11.2020 13:46",
            "open": "2.8196",
            "high": "2.8196",
            "low": "2.8142",
            "close": "2.8168"
        },
        {
            "time": "18.11.2020 13:47",
            "open": "2.8168",
            "high": "2.8168",
            "low": "2.8168",
            "close": "2.8103"
        },
        {
            "time": "18.11.2020 13:49",
            "open": "2.8103",
            "high": "2.8103",
            "low": "2.8103",
            "close": "2.793"
        },
        {
            "time": "18.11.2020 13:51",
            "open": "2.793",
            "high": "2.793",
            "low": "2.793",
            "close": "2.793"
        },
        {
            "time": "18.11.2020 13:53",
            "open": "2.793",
            "high": "2.793",
            "low": "2.793",
            "close": "2.791"
        },
        {
            "time": "18.11.2020 13:54",
            "open": "2.791",
            "high": "2.791",
            "low": "2.785",
            "close": "2.7845"
        },
        {
            "time": "18.11.2020 14:00",
            "open": "2.7845",
            "high": "2.7845",
            "low": "2.7789",
            "close": "2.7755"
        },
        {
            "time": "18.11.2020 14:01",
            "open": "2.7755",
            "high": "2.7798",
            "low": "2.7707",
            "close": "2.7956"
        },
        {
            "time": "18.11.2020 14:05",
            "open": "2.7956",
            "high": "2.7956",
            "low": "2.7956",
            "close": "2.799"
        },
        {
            "time": "18.11.2020 14:12",
            "open": "2.799",
            "high": "2.799",
            "low": "2.799",
            "close": "2.8023"
        },
        {
            "time": "18.11.2020 14:20",
            "open": "2.8023",
            "high": "2.8073",
            "low": "2.8023",
            "close": "2.8047"
        },
        {
            "time": "18.11.2020 14:23",
            "open": "2.8047",
            "high": "2.8054",
            "low": "2.8009",
            "close": "2.7915"
        },
        {
            "time": "18.11.2020 14:27",
            "open": "2.7915",
            "high": "2.7915",
            "low": "2.7915",
            "close": "2.7859"
        },
        {
            "time": "18.11.2020 14:31",
            "open": "2.7859",
            "high": "2.7859",
            "low": "2.7859",
            "close": "2.7798"
        },
        {
            "time": "18.11.2020 14:45",
            "open": "2.7798",
            "high": "2.7798",
            "low": "2.7798",
            "close": "2.7707"
        },
        {
            "time": "18.11.2020 14:47",
            "open": "2.7707",
            "high": "2.7707",
            "low": "2.7697",
            "close": "2.7601"
        },
        {
            "time": "18.11.2020 14:48",
            "open": "2.7601",
            "high": "2.7601",
            "low": "2.7525",
            "close": "2.7588"
        },
        {
            "time": "18.11.2020 14:49",
            "open": "2.7588",
            "high": "2.7588",
            "low": "2.7588",
            "close": "2.7604"
        },
        {
            "time": "18.11.2020 14:51",
            "open": "2.7604",
            "high": "2.7604",
            "low": "2.76",
            "close": "2.7656"
        },
        {
            "time": "18.11.2020 14:55",
            "open": "2.7656",
            "high": "2.7656",
            "low": "2.7656",
            "close": "2.7566"
        },
        {
            "time": "18.11.2020 14:58",
            "open": "2.7566",
            "high": "2.7566",
            "low": "2.748",
            "close": "2.7619"
        },
        {
            "time": "18.11.2020 14:59",
            "open": "2.7619",
            "high": "2.7619",
            "low": "2.7619",
            "close": "2.7516"
        },
        {
            "time": "18.11.2020 15:01",
            "open": "2.7516",
            "high": "2.7516",
            "low": "2.7437",
            "close": "2.7445"
        },
        {
            "time": "18.11.2020 15:02",
            "open": "2.7445",
            "high": "2.7445",
            "low": "2.7445",
            "close": "2.75"
        },
        {
            "time": "18.11.2020 15:03",
            "open": "2.75",
            "high": "2.75",
            "low": "2.7474",
            "close": "2.75"
        },
        {
            "time": "18.11.2020 15:05",
            "open": "2.75",
            "high": "2.75",
            "low": "2.75",
            "close": "2.7651"
        },
        {
            "time": "18.11.2020 15:07",
            "open": "2.7651",
            "high": "2.7651",
            "low": "2.7651",
            "close": "2.765"
        },
        {
            "time": "18.11.2020 15:09",
            "open": "2.765",
            "high": "2.765",
            "low": "2.765",
            "close": "2.7649"
        },
        {
            "time": "18.11.2020 15:10",
            "open": "2.7649",
            "high": "2.7649",
            "low": "2.7649",
            "close": "2.7675"
        },
        {
            "time": "18.11.2020 15:13",
            "open": "2.7675",
            "high": "2.7675",
            "low": "2.7675",
            "close": "2.7742"
        },
        {
            "time": "18.11.2020 15:15",
            "open": "2.7742",
            "high": "2.777",
            "low": "2.7742",
            "close": "2.7689"
        },
        {
            "time": "18.11.2020 15:18",
            "open": "2.7689",
            "high": "2.7689",
            "low": "2.7689",
            "close": "2.7676"
        },
        {
            "time": "18.11.2020 15:25",
            "open": "2.7676",
            "high": "2.7677",
            "low": "2.7676",
            "close": "2.7635"
        },
        {
            "time": "18.11.2020 15:28",
            "open": "2.7635",
            "high": "2.7635",
            "low": "2.7635",
            "close": "2.75"
        },
        {
            "time": "18.11.2020 15:32",
            "open": "2.75",
            "high": "2.75",
            "low": "2.75",
            "close": "2.7428"
        },
        {
            "time": "18.11.2020 15:33",
            "open": "2.7428",
            "high": "2.7428",
            "low": "2.7428",
            "close": "2.7444"
        },
        {
            "time": "18.11.2020 15:34",
            "open": "2.7444",
            "high": "2.7444",
            "low": "2.7434",
            "close": "2.7454"
        },
        {
            "time": "18.11.2020 15:36",
            "open": "2.7454",
            "high": "2.7459",
            "low": "2.7452",
            "close": "2.7519"
        },
        {
            "time": "18.11.2020 15:38",
            "open": "2.7519",
            "high": "2.7519",
            "low": "2.7519",
            "close": "2.7572"
        },
        {
            "time": "18.11.2020 15:40",
            "open": "2.7572",
            "high": "2.7572",
            "low": "2.7572",
            "close": "2.7626"
        },
        {
            "time": "18.11.2020 15:44",
            "open": "2.7626",
            "high": "2.7627",
            "low": "2.7626",
            "close": "2.7657"
        },
        {
            "time": "18.11.2020 15:46",
            "open": "2.7657",
            "high": "2.7657",
            "low": "2.7657",
            "close": "2.7675"
        },
        {
            "time": "18.11.2020 15:48",
            "open": "2.7675",
            "high": "2.7675",
            "low": "2.7674",
            "close": "2.76"
        },
        {
            "time": "18.11.2020 15:49",
            "open": "2.76",
            "high": "2.76",
            "low": "2.76",
            "close": "2.76"
        },
        {
            "time": "18.11.2020 15:53",
            "open": "2.76",
            "high": "2.76",
            "low": "2.76",
            "close": "2.7444"
        },
        {
            "time": "18.11.2020 15:58",
            "open": "2.7444",
            "high": "2.7444",
            "low": "2.744",
            "close": "2.7442"
        },
        {
            "time": "18.11.2020 15:59",
            "open": "2.7442",
            "high": "2.7442",
            "low": "2.7347",
            "close": "2.736"
        },
        {
            "time": "18.11.2020 16:00",
            "open": "2.736",
            "high": "2.74",
            "low": "2.7335",
            "close": "2.7405"
        },
        {
            "time": "18.11.2020 16:01",
            "open": "2.7405",
            "high": "2.7405",
            "low": "2.7363",
            "close": "2.7372"
        },
        {
            "time": "18.11.2020 16:02",
            "open": "2.7372",
            "high": "2.7393",
            "low": "2.7344",
            "close": "2.7391"
        },
        {
            "time": "18.11.2020 16:03",
            "open": "2.7391",
            "high": "2.7403",
            "low": "2.7376",
            "close": "2.7371"
        },
        {
            "time": "18.11.2020 16:04",
            "open": "2.7371",
            "high": "2.7379",
            "low": "2.7324",
            "close": "2.7349"
        },
        {
            "time": "18.11.2020 16:05",
            "open": "2.7349",
            "high": "2.7349",
            "low": "2.7316",
            "close": "2.7314"
        },
        {
            "time": "18.11.2020 16:06",
            "open": "2.7314",
            "high": "2.7326",
            "low": "2.7302",
            "close": "2.7349"
        },
        {
            "time": "18.11.2020 16:07",
            "open": "2.7349",
            "high": "2.735",
            "low": "2.7349",
            "close": "2.7304"
        },
        {
            "time": "18.11.2020 16:08",
            "open": "2.7304",
            "high": "2.7304",
            "low": "2.7304",
            "close": "2.7348"
        },
        {
            "time": "18.11.2020 16:09",
            "open": "2.7348",
            "high": "2.7348",
            "low": "2.7348",
            "close": "2.7397"
        },
        {
            "time": "18.11.2020 16:10",
            "open": "2.7397",
            "high": "2.7424",
            "low": "2.7397",
            "close": "2.735"
        },
        {
            "time": "18.11.2020 16:11",
            "open": "2.735",
            "high": "2.7395",
            "low": "2.735",
            "close": "2.74"
        },
        {
            "time": "18.11.2020 16:13",
            "open": "2.74",
            "high": "2.74",
            "low": "2.74",
            "close": "2.7326"
        },
        {
            "time": "18.11.2020 16:14",
            "open": "2.7326",
            "high": "2.7326",
            "low": "2.7296",
            "close": "2.7311"
        },
        {
            "time": "18.11.2020 16:15",
            "open": "2.7311",
            "high": "2.7311",
            "low": "2.7308",
            "close": "2.7278"
        },
        {
            "time": "18.11.2020 16:16",
            "open": "2.7278",
            "high": "2.7281",
            "low": "2.7212",
            "close": "2.721"
        },
        {
            "time": "18.11.2020 16:17",
            "open": "2.721",
            "high": "2.7222",
            "low": "2.7184",
            "close": "2.714"
        },
        {
            "time": "18.11.2020 16:18",
            "open": "2.714",
            "high": "2.714",
            "low": "2.714",
            "close": "2.7106"
        },
        {
            "time": "18.11.2020 16:19",
            "open": "2.7106",
            "high": "2.7106",
            "low": "2.7106",
            "close": "2.705"
        },
        {
            "time": "18.11.2020 16:20",
            "open": "2.705",
            "high": "2.7068",
            "low": "2.6974",
            "close": "2.7"
        },
        {
            "time": "18.11.2020 16:21",
            "open": "2.7",
            "high": "2.708",
            "low": "2.7",
            "close": "2.6993"
        },
        {
            "time": "18.11.2020 16:22",
            "open": "2.6993",
            "high": "2.7019",
            "low": "2.6993",
            "close": "2.6993"
        },
        {
            "time": "18.11.2020 16:23",
            "open": "2.6993",
            "high": "2.7025",
            "low": "2.6958",
            "close": "2.7073"
        },
        {
            "time": "18.11.2020 16:24",
            "open": "2.7073",
            "high": "2.7092",
            "low": "2.7073",
            "close": "2.7054"
        },
        {
            "time": "18.11.2020 16:25",
            "open": "2.7054",
            "high": "2.7172",
            "low": "2.7054",
            "close": "2.7172"
        },
        {
            "time": "18.11.2020 16:26",
            "open": "2.7172",
            "high": "2.7321",
            "low": "2.7172",
            "close": "2.7525"
        },
        {
            "time": "18.11.2020 16:29",
            "open": "2.7525",
            "high": "2.7584",
            "low": "2.7522",
            "close": "2.7615"
        },
        {
            "time": "18.11.2020 16:32",
            "open": "2.7615",
            "high": "2.7615",
            "low": "2.7615",
            "close": "2.7614"
        },
        {
            "time": "18.11.2020 16:33",
            "open": "2.7614",
            "high": "2.763",
            "low": "2.7614",
            "close": "2.7627"
        },
        {
            "time": "18.11.2020 16:35",
            "open": "2.7627",
            "high": "2.7627",
            "low": "2.7627",
            "close": "2.7744"
        },
        {
            "time": "18.11.2020 16:40",
            "open": "2.7744",
            "high": "2.7745",
            "low": "2.7744",
            "close": "2.7634"
        },
        {
            "time": "18.11.2020 16:41",
            "open": "2.7634",
            "high": "2.767",
            "low": "2.7628",
            "close": "2.766"
        },
        {
            "time": "18.11.2020 16:45",
            "open": "2.766",
            "high": "2.766",
            "low": "2.766",
            "close": "2.7704"
        },
        {
            "time": "18.11.2020 16:48",
            "open": "2.7704",
            "high": "2.7709",
            "low": "2.7704",
            "close": "2.764"
        },
        {
            "time": "18.11.2020 16:55",
            "open": "2.764",
            "high": "2.764",
            "low": "2.764",
            "close": "2.7641"
        },
        {
            "time": "18.11.2020 16:59",
            "open": "2.7641",
            "high": "2.7641",
            "low": "2.7641",
            "close": "2.7532"
        },
        {
            "time": "18.11.2020 17:00",
            "open": "2.7532",
            "high": "2.7532",
            "low": "2.7532",
            "close": "2.7546"
        },
        {
            "time": "18.11.2020 17:06",
            "open": "2.7546",
            "high": "2.7546",
            "low": "2.7545",
            "close": "2.765"
        },
        {
            "time": "18.11.2020 17:10",
            "open": "2.765",
            "high": "2.765",
            "low": "2.7545",
            "close": "2.755"
        },
        {
            "time": "18.11.2020 17:11",
            "open": "2.755",
            "high": "2.7556",
            "low": "2.755",
            "close": "2.744"
        },
        {
            "time": "18.11.2020 17:13",
            "open": "2.744",
            "high": "2.744",
            "low": "2.744",
            "close": "2.7411"
        },
        {
            "time": "18.11.2020 17:14",
            "open": "2.7411",
            "high": "2.7411",
            "low": "2.74",
            "close": "2.7513"
        },
        {
            "time": "18.11.2020 17:16",
            "open": "2.7513",
            "high": "2.7513",
            "low": "2.7513",
            "close": "2.74"
        },
        {
            "time": "18.11.2020 17:18",
            "open": "2.74",
            "high": "2.74",
            "low": "2.74",
            "close": "2.725"
        },
        {
            "time": "18.11.2020 17:20",
            "open": "2.725",
            "high": "2.725",
            "low": "2.7133",
            "close": "2.7277"
        },
        {
            "time": "18.11.2020 17:21",
            "open": "2.7277",
            "high": "2.7277",
            "low": "2.7221",
            "close": "2.732"
        },
        {
            "time": "18.11.2020 17:22",
            "open": "2.732",
            "high": "2.732",
            "low": "2.732",
            "close": "2.753"
        },
        {
            "time": "18.11.2020 17:34",
            "open": "2.753",
            "high": "2.753",
            "low": "2.753",
            "close": "2.7556"
        },
        {
            "time": "18.11.2020 17:36",
            "open": "2.7556",
            "high": "2.7556",
            "low": "2.7556",
            "close": "2.7481"
        },
        {
            "time": "18.11.2020 17:41",
            "open": "2.7481",
            "high": "2.7481",
            "low": "2.7461",
            "close": "2.7518"
        },
        {
            "time": "18.11.2020 17:44",
            "open": "2.7518",
            "high": "2.7518",
            "low": "2.7518",
            "close": "2.7506"
        },
        {
            "time": "18.11.2020 17:45",
            "open": "2.7506",
            "high": "2.7506",
            "low": "2.7506",
            "close": "2.748"
        },
        {
            "time": "18.11.2020 17:51",
            "open": "2.748",
            "high": "2.75",
            "low": "2.748",
            "close": "2.75"
        },
        {
            "time": "18.11.2020 17:56",
            "open": "2.75",
            "high": "2.75",
            "low": "2.75",
            "close": "2.7497"
        },
        {
            "time": "18.11.2020 17:57",
            "open": "2.7497",
            "high": "2.7497",
            "low": "2.7497",
            "close": "2.7723"
        },
        {
            "time": "18.11.2020 18:11",
            "open": "2.7723",
            "high": "2.7723",
            "low": "2.7723",
            "close": "2.7774"
        },
        {
            "time": "18.11.2020 18:14",
            "open": "2.7774",
            "high": "2.7774",
            "low": "2.7774",
            "close": "2.7773"
        },
        {
            "time": "18.11.2020 18:15",
            "open": "2.7773",
            "high": "2.7773",
            "low": "2.7773",
            "close": "2.7665"
        },
        {
            "time": "18.11.2020 18:25",
            "open": "2.7665",
            "high": "2.7665",
            "low": "2.7665",
            "close": "2.7695"
        },
        {
            "time": "18.11.2020 18:26",
            "open": "2.7695",
            "high": "2.7695",
            "low": "2.7664",
            "close": "2.7699"
        },
        {
            "time": "18.11.2020 18:29",
            "open": "2.7699",
            "high": "2.7699",
            "low": "2.7699",
            "close": "2.7762"
        },
        {
            "time": "18.11.2020 18:36",
            "open": "2.7762",
            "high": "2.7762",
            "low": "2.7762",
            "close": "2.7744"
        },
        {
            "time": "18.11.2020 18:38",
            "open": "2.7744",
            "high": "2.7744",
            "low": "2.7744",
            "close": "2.7744"
        },
        {
            "time": "18.11.2020 18:43",
            "open": "2.7744",
            "high": "2.7744",
            "low": "2.7744",
            "close": "2.7755"
        },
        {
            "time": "18.11.2020 18:44",
            "open": "2.7755",
            "high": "2.7761",
            "low": "2.7755",
            "close": "2.7773"
        },
        {
            "time": "18.11.2020 18:46",
            "open": "2.7773",
            "high": "2.7773",
            "low": "2.7773",
            "close": "2.7688"
        },
        {
            "time": "18.11.2020 18:52",
            "open": "2.7688",
            "high": "2.7688",
            "low": "2.7688",
            "close": "2.7678"
        },
        {
            "time": "18.11.2020 18:53",
            "open": "2.7678",
            "high": "2.7678",
            "low": "2.7678",
            "close": "2.7702"
        },
        {
            "time": "18.11.2020 18:54",
            "open": "2.7702",
            "high": "2.7702",
            "low": "2.7702",
            "close": "2.7698"
        },
        {
            "time": "18.11.2020 19:06",
            "open": "2.7698",
            "high": "2.7698",
            "low": "2.7698",
            "close": "2.77"
        },
        {
            "time": "18.11.2020 19:25",
            "open": "2.77",
            "high": "2.77",
            "low": "2.77",
            "close": "2.7735"
        },
        {
            "time": "18.11.2020 19:32",
            "open": "2.7735",
            "high": "2.7735",
            "low": "2.7735",
            "close": "2.7716"
        },
        {
            "time": "18.11.2020 19:38",
            "open": "2.7716",
            "high": "2.7716",
            "low": "2.7716",
            "close": "2.7676"
        },
        {
            "time": "18.11.2020 19:44",
            "open": "2.7676",
            "high": "2.7676",
            "low": "2.7676",
            "close": "2.7741"
        },
        {
            "time": "18.11.2020 19:45",
            "open": "2.7741",
            "high": "2.7741",
            "low": "2.7741",
            "close": "2.7736"
        },
        {
            "time": "18.11.2020 19:47",
            "open": "2.7736",
            "high": "2.7736",
            "low": "2.7736",
            "close": "2.7683"
        },
        {
            "time": "18.11.2020 19:49",
            "open": "2.7683",
            "high": "2.7683",
            "low": "2.7683",
            "close": "2.7597"
        },
        {
            "time": "18.11.2020 19:57",
            "open": "2.7597",
            "high": "2.7597",
            "low": "2.7597",
            "close": "2.7756"
        },
        {
            "time": "18.11.2020 20:00",
            "open": "2.7756",
            "high": "2.7756",
            "low": "2.7756",
            "close": "2.7844"
        },
        {
            "time": "18.11.2020 20:01",
            "open": "2.7844",
            "high": "2.7869",
            "low": "2.7842",
            "close": "2.7783"
        },
        {
            "time": "18.11.2020 20:13",
            "open": "2.7783",
            "high": "2.7783",
            "low": "2.7782",
            "close": "2.7616"
        },
        {
            "time": "18.11.2020 20:17",
            "open": "2.7616",
            "high": "2.7616",
            "low": "2.7607",
            "close": "2.7702"
        },
        {
            "time": "18.11.2020 20:18",
            "open": "2.7702",
            "high": "2.7702",
            "low": "2.7702",
            "close": "2.7653"
        },
        {
            "time": "18.11.2020 20:21",
            "open": "2.7653",
            "high": "2.7653",
            "low": "2.7652",
            "close": "2.7652"
        },
        {
            "time": "18.11.2020 20:23",
            "open": "2.7652",
            "high": "2.7652",
            "low": "2.7652",
            "close": "2.7649"
        },
        {
            "time": "18.11.2020 20:26",
            "open": "2.7649",
            "high": "2.7649",
            "low": "2.7649",
            "close": "2.7519"
        },
        {
            "time": "18.11.2020 20:32",
            "open": "2.7519",
            "high": "2.7519",
            "low": "2.7519",
            "close": "2.75"
        },
        {
            "time": "18.11.2020 20:33",
            "open": "2.75",
            "high": "2.75",
            "low": "2.7496",
            "close": "2.76"
        },
        {
            "time": "18.11.2020 20:34",
            "open": "2.76",
            "high": "2.76",
            "low": "2.76",
            "close": "2.753"
        },
        {
            "time": "18.11.2020 20:35",
            "open": "2.753",
            "high": "2.753",
            "low": "2.753",
            "close": "2.7583"
        },
        {
            "time": "18.11.2020 20:40",
            "open": "2.7583",
            "high": "2.7583",
            "low": "2.7581",
            "close": "2.7586"
        },
        {
            "time": "18.11.2020 20:41",
            "open": "2.7586",
            "high": "2.7586",
            "low": "2.7586",
            "close": "2.7642"
        },
        {
            "time": "18.11.2020 20:43",
            "open": "2.7642",
            "high": "2.7642",
            "low": "2.7642",
            "close": "2.7586"
        },
        {
            "time": "18.11.2020 20:44",
            "open": "2.7586",
            "high": "2.7588",
            "low": "2.7586",
            "close": "2.7593"
        },
        {
            "time": "18.11.2020 20:48",
            "open": "2.7593",
            "high": "2.7593",
            "low": "2.7593",
            "close": "2.7476"
        },
        {
            "time": "18.11.2020 20:50",
            "open": "2.7476",
            "high": "2.7476",
            "low": "2.7476",
            "close": "2.7648"
        },
        {
            "time": "18.11.2020 20:57",
            "open": "2.7648",
            "high": "2.7648",
            "low": "2.7648",
            "close": "2.758"
        },
        {
            "time": "18.11.2020 21:03",
            "open": "2.758",
            "high": "2.758",
            "low": "2.758",
            "close": "2.7554"
        },
        {
            "time": "18.11.2020 21:07",
            "open": "2.7554",
            "high": "2.7593",
            "low": "2.7549",
            "close": "2.7682"
        },
        {
            "time": "18.11.2020 21:08",
            "open": "2.7682",
            "high": "2.7682",
            "low": "2.7682",
            "close": "2.7715"
        },
        {
            "time": "18.11.2020 21:10",
            "open": "2.7715",
            "high": "2.7715",
            "low": "2.7715",
            "close": "2.7614"
        },
        {
            "time": "18.11.2020 21:16",
            "open": "2.7614",
            "high": "2.773",
            "low": "2.7613",
            "close": "2.78"
        },
        {
            "time": "18.11.2020 21:17",
            "open": "2.78",
            "high": "2.78",
            "low": "2.78",
            "close": "2.7847"
        },
        {
            "time": "18.11.2020 21:18",
            "open": "2.7847",
            "high": "2.7847",
            "low": "2.7847",
            "close": "2.7597"
        },
        {
            "time": "18.11.2020 21:32",
            "open": "2.7597",
            "high": "2.7597",
            "low": "2.7542",
            "close": "2.766"
        },
        {
            "time": "18.11.2020 21:36",
            "open": "2.766",
            "high": "2.766",
            "low": "2.766",
            "close": "2.788"
        },
        {
            "time": "18.11.2020 21:44",
            "open": "2.788",
            "high": "2.788",
            "low": "2.788",
            "close": "2.7862"
        },
        {
            "time": "18.11.2020 21:45",
            "open": "2.7862",
            "high": "2.7862",
            "low": "2.7862",
            "close": "2.7831"
        },
        {
            "time": "18.11.2020 21:50",
            "open": "2.7831",
            "high": "2.7831",
            "low": "2.7831",
            "close": "2.7922"
        },
        {
            "time": "18.11.2020 21:56",
            "open": "2.7922",
            "high": "2.7922",
            "low": "2.7922",
            "close": "2.7896"
        },
        {
            "time": "18.11.2020 22:03",
            "open": "2.7896",
            "high": "2.7896",
            "low": "2.7896",
            "close": "2.7885"
        },
        {
            "time": "18.11.2020 22:05",
            "open": "2.7885",
            "high": "2.7885",
            "low": "2.7885",
            "close": "2.7865"
        },
        {
            "time": "18.11.2020 22:06",
            "open": "2.7865",
            "high": "2.7865",
            "low": "2.7863",
            "close": "2.7851"
        },
        {
            "time": "18.11.2020 22:09",
            "open": "2.7851",
            "high": "2.7851",
            "low": "2.7851",
            "close": "2.7904"
        },
        {
            "time": "18.11.2020 22:10",
            "open": "2.7904",
            "high": "2.7971",
            "low": "2.7904",
            "close": "2.7969"
        },
        {
            "time": "18.11.2020 22:11",
            "open": "2.7969",
            "high": "2.7969",
            "low": "2.7969",
            "close": "2.7972"
        },
        {
            "time": "18.11.2020 22:14",
            "open": "2.7972",
            "high": "2.7972",
            "low": "2.7972",
            "close": "2.7999"
        },
        {
            "time": "18.11.2020 22:15",
            "open": "2.7999",
            "high": "2.7999",
            "low": "2.7966",
            "close": "2.7973"
        },
        {
            "time": "18.11.2020 22:17",
            "open": "2.7973",
            "high": "2.7973",
            "low": "2.7973",
            "close": "2.7999"
        },
        {
            "time": "18.11.2020 22:18",
            "open": "2.7999",
            "high": "2.8",
            "low": "2.7999",
            "close": "2.8007"
        },
        {
            "time": "18.11.2020 22:19",
            "open": "2.8007",
            "high": "2.8007",
            "low": "2.8007",
            "close": "2.807"
        },
        {
            "time": "18.11.2020 22:20",
            "open": "2.807",
            "high": "2.807",
            "low": "2.7979",
            "close": "2.8029"
        },
        {
            "time": "18.11.2020 22:21",
            "open": "2.8029",
            "high": "2.8029",
            "low": "2.7961",
            "close": "2.8"
        },
        {
            "time": "18.11.2020 22:23",
            "open": "2.8",
            "high": "2.8004",
            "low": "2.8",
            "close": "2.8074"
        },
        {
            "time": "18.11.2020 22:25",
            "open": "2.8074",
            "high": "2.8074",
            "low": "2.8009",
            "close": "2.7996"
        },
        {
            "time": "18.11.2020 22:26",
            "open": "2.7996",
            "high": "2.7996",
            "low": "2.7996",
            "close": "2.8023"
        },
        {
            "time": "18.11.2020 22:34",
            "open": "2.8023",
            "high": "2.8023",
            "low": "2.8023",
            "close": "2.8083"
        },
        {
            "time": "18.11.2020 22:36",
            "open": "2.8083",
            "high": "2.8083",
            "low": "2.8083",
            "close": "2.8087"
        },
        {
            "time": "18.11.2020 22:37",
            "open": "2.8087",
            "high": "2.8087",
            "low": "2.8087",
            "close": "2.8048"
        },
        {
            "time": "18.11.2020 22:39",
            "open": "2.8048",
            "high": "2.8048",
            "low": "2.8034",
            "close": "2.8053"
        },
        {
            "time": "18.11.2020 22:40",
            "open": "2.8053",
            "high": "2.8053",
            "low": "2.8053",
            "close": "2.8116"
        },
        {
            "time": "18.11.2020 22:49",
            "open": "2.8116",
            "high": "2.8117",
            "low": "2.8116",
            "close": "2.8117"
        },
        {
            "time": "18.11.2020 22:50",
            "open": "2.8117",
            "high": "2.8117",
            "low": "2.8117",
            "close": "2.8042"
        },
        {
            "time": "18.11.2020 22:52",
            "open": "2.8042",
            "high": "2.8042",
            "low": "2.8042",
            "close": "2.8117"
        },
        {
            "time": "18.11.2020 22:58",
            "open": "2.8117",
            "high": "2.8117",
            "low": "2.8117",
            "close": "2.8114"
        },
        {
            "time": "18.11.2020 23:00",
            "open": "2.8114",
            "high": "2.8114",
            "low": "2.8114",
            "close": "2.806"
        },
        {
            "time": "18.11.2020 23:01",
            "open": "2.806",
            "high": "2.81",
            "low": "2.806",
            "close": "2.81"
        },
        {
            "time": "18.11.2020 23:03",
            "open": "2.81",
            "high": "2.81",
            "low": "2.81",
            "close": "2.8117"
        },
        {
            "time": "18.11.2020 23:04",
            "open": "2.8117",
            "high": "2.815",
            "low": "2.8117",
            "close": "2.8151"
        },
        {
            "time": "18.11.2020 23:05",
            "open": "2.8151",
            "high": "2.8162",
            "low": "2.8151",
            "close": "2.8174"
        },
        {
            "time": "18.11.2020 23:06",
            "open": "2.8174",
            "high": "2.82",
            "low": "2.8174",
            "close": "2.8124"
        },
        {
            "time": "18.11.2020 23:07",
            "open": "2.8124",
            "high": "2.8124",
            "low": "2.8057",
            "close": "2.8014"
        },
        {
            "time": "18.11.2020 23:08",
            "open": "2.8014",
            "high": "2.8014",
            "low": "2.8012",
            "close": "2.8"
        },
        {
            "time": "18.11.2020 23:09",
            "open": "2.8",
            "high": "2.8",
            "low": "2.7989",
            "close": "2.805"
        },
        {
            "time": "18.11.2020 23:20",
            "open": "2.805",
            "high": "2.805",
            "low": "2.805",
            "close": "2.8118"
        },
        {
            "time": "18.11.2020 23:36",
            "open": "2.8118",
            "high": "2.812",
            "low": "2.8118",
            "close": "2.7994"
        },
        {
            "time": "18.11.2020 23:44",
            "open": "2.7994",
            "high": "2.7994",
            "low": "2.7994",
            "close": "2.7933"
        },
        {
            "time": "18.11.2020 23:45",
            "open": "2.7933",
            "high": "2.7933",
            "low": "2.7933",
            "close": "2.7902"
        },
        {
            "time": "18.11.2020 23:47",
            "open": "2.7902",
            "high": "2.7902",
            "low": "2.7902",
            "close": "2.785"
        },
        {
            "time": "18.11.2020 23:48",
            "open": "2.785",
            "high": "2.785",
            "low": "2.7848",
            "close": "2.7853"
        },
        {
            "time": "18.11.2020 23:49",
            "open": "2.7853",
            "high": "2.7853",
            "low": "2.7853",
            "close": "2.7847"
        },
        {
            "time": "18.11.2020 23:50",
            "open": "2.7847",
            "high": "2.7847",
            "low": "2.783",
            "close": "2.7978"
        }
    ]
}