{
    "OMG-EUR": [
        {
            "time": "11.12.2020 23:54",
            "open": "2.5144",
            "high": "2.5144",
            "low": "2.5144",
            "close": "2.5144"
        },
        {
            "time": "12.12.2020 00:00",
            "open": "2.5144",
            "high": "2.5144",
            "low": "2.5144",
            "close": "2.5088"
        },
        {
            "time": "12.12.2020 00:01",
            "open": "2.5088",
            "high": "2.5088",
            "low": "2.5087",
            "close": "2.5206"
        },
        {
            "time": "12.12.2020 00:03",
            "open": "2.5206",
            "high": "2.5207",
            "low": "2.5116",
            "close": "2.4982"
        },
        {
            "time": "12.12.2020 00:06",
            "open": "2.4982",
            "high": "2.4982",
            "low": "2.4982",
            "close": "2.4933"
        },
        {
            "time": "12.12.2020 00:08",
            "open": "2.4933",
            "high": "2.4933",
            "low": "2.4933",
            "close": "2.49"
        },
        {
            "time": "12.12.2020 00:10",
            "open": "2.49",
            "high": "2.49",
            "low": "2.49",
            "close": "2.4956"
        },
        {
            "time": "12.12.2020 00:11",
            "open": "2.4956",
            "high": "2.4956",
            "low": "2.4956",
            "close": "2.4896"
        },
        {
            "time": "12.12.2020 00:14",
            "open": "2.4896",
            "high": "2.4896",
            "low": "2.4896",
            "close": "2.4902"
        },
        {
            "time": "12.12.2020 00:22",
            "open": "2.4902",
            "high": "2.4902",
            "low": "2.4902",
            "close": "2.4917"
        },
        {
            "time": "12.12.2020 00:24",
            "open": "2.4917",
            "high": "2.4917",
            "low": "2.4917",
            "close": "2.4891"
        },
        {
            "time": "12.12.2020 00:27",
            "open": "2.4891",
            "high": "2.4891",
            "low": "2.4891",
            "close": "2.4871"
        },
        {
            "time": "12.12.2020 00:28",
            "open": "2.4871",
            "high": "2.4871",
            "low": "2.4871",
            "close": "2.4909"
        },
        {
            "time": "12.12.2020 00:30",
            "open": "2.4909",
            "high": "2.4909",
            "low": "2.4909",
            "close": "2.4911"
        },
        {
            "time": "12.12.2020 00:31",
            "open": "2.4911",
            "high": "2.4911",
            "low": "2.4859",
            "close": "2.4834"
        },
        {
            "time": "12.12.2020 00:35",
            "open": "2.4834",
            "high": "2.4834",
            "low": "2.4834",
            "close": "2.4801"
        },
        {
            "time": "12.12.2020 00:38",
            "open": "2.4801",
            "high": "2.4801",
            "low": "2.4801",
            "close": "2.48"
        },
        {
            "time": "12.12.2020 00:39",
            "open": "2.48",
            "high": "2.48",
            "low": "2.4681",
            "close": "2.4702"
        },
        {
            "time": "12.12.2020 00:40",
            "open": "2.4702",
            "high": "2.4702",
            "low": "2.4702",
            "close": "2.4771"
        },
        {
            "time": "12.12.2020 00:41",
            "open": "2.4771",
            "high": "2.4847",
            "low": "2.4771",
            "close": "2.4669"
        },
        {
            "time": "12.12.2020 00:44",
            "open": "2.4669",
            "high": "2.4669",
            "low": "2.4632",
            "close": "2.4692"
        },
        {
            "time": "12.12.2020 00:45",
            "open": "2.4692",
            "high": "2.4744",
            "low": "2.4692",
            "close": "2.4846"
        },
        {
            "time": "12.12.2020 00:46",
            "open": "2.4846",
            "high": "2.4847",
            "low": "2.4764",
            "close": "2.4766"
        },
        {
            "time": "12.12.2020 00:47",
            "open": "2.4766",
            "high": "2.4817",
            "low": "2.4766",
            "close": "2.4854"
        },
        {
            "time": "12.12.2020 00:48",
            "open": "2.4854",
            "high": "2.4854",
            "low": "2.4854",
            "close": "2.4848"
        },
        {
            "time": "12.12.2020 00:51",
            "open": "2.4848",
            "high": "2.4848",
            "low": "2.4848",
            "close": "2.4885"
        },
        {
            "time": "12.12.2020 00:52",
            "open": "2.4885",
            "high": "2.4885",
            "low": "2.4885",
            "close": "2.4657"
        },
        {
            "time": "12.12.2020 01:00",
            "open": "2.4657",
            "high": "2.4695",
            "low": "2.4657",
            "close": "2.4699"
        },
        {
            "time": "12.12.2020 01:01",
            "open": "2.4699",
            "high": "2.47",
            "low": "2.4699",
            "close": "2.4779"
        },
        {
            "time": "12.12.2020 01:02",
            "open": "2.4779",
            "high": "2.478",
            "low": "2.4778",
            "close": "2.4684"
        },
        {
            "time": "12.12.2020 01:03",
            "open": "2.4684",
            "high": "2.4755",
            "low": "2.4684",
            "close": "2.5003"
        },
        {
            "time": "12.12.2020 01:05",
            "open": "2.5003",
            "high": "2.5003",
            "low": "2.4952",
            "close": "2.4885"
        },
        {
            "time": "12.12.2020 01:06",
            "open": "2.4885",
            "high": "2.5092",
            "low": "2.4885",
            "close": "2.514"
        },
        {
            "time": "12.12.2020 01:07",
            "open": "2.514",
            "high": "2.514",
            "low": "2.514",
            "close": "2.5155"
        },
        {
            "time": "12.12.2020 01:13",
            "open": "2.5155",
            "high": "2.5155",
            "low": "2.5026",
            "close": "2.4969"
        },
        {
            "time": "12.12.2020 01:14",
            "open": "2.4969",
            "high": "2.4969",
            "low": "2.4969",
            "close": "2.5017"
        },
        {
            "time": "12.12.2020 01:15",
            "open": "2.5017",
            "high": "2.5017",
            "low": "2.5017",
            "close": "2.502"
        },
        {
            "time": "12.12.2020 01:16",
            "open": "2.502",
            "high": "2.502",
            "low": "2.502",
            "close": "2.5249"
        },
        {
            "time": "12.12.2020 01:18",
            "open": "2.5249",
            "high": "2.5249",
            "low": "2.5249",
            "close": "2.5319"
        },
        {
            "time": "12.12.2020 01:19",
            "open": "2.5319",
            "high": "2.5319",
            "low": "2.5319",
            "close": "2.5421"
        },
        {
            "time": "12.12.2020 01:20",
            "open": "2.5421",
            "high": "2.5451",
            "low": "2.5421",
            "close": "2.545"
        },
        {
            "time": "12.12.2020 01:21",
            "open": "2.545",
            "high": "2.545",
            "low": "2.545",
            "close": "2.5295"
        },
        {
            "time": "12.12.2020 01:23",
            "open": "2.5295",
            "high": "2.5295",
            "low": "2.5295",
            "close": "2.5372"
        },
        {
            "time": "12.12.2020 01:28",
            "open": "2.5372",
            "high": "2.5372",
            "low": "2.5372",
            "close": "2.539"
        },
        {
            "time": "12.12.2020 01:29",
            "open": "2.539",
            "high": "2.5422",
            "low": "2.539",
            "close": "2.5302"
        },
        {
            "time": "12.12.2020 01:31",
            "open": "2.5302",
            "high": "2.5302",
            "low": "2.5302",
            "close": "2.5266"
        },
        {
            "time": "12.12.2020 01:32",
            "open": "2.5266",
            "high": "2.5266",
            "low": "2.5266",
            "close": "2.5344"
        },
        {
            "time": "12.12.2020 01:34",
            "open": "2.5344",
            "high": "2.5344",
            "low": "2.5344",
            "close": "2.5402"
        },
        {
            "time": "12.12.2020 01:39",
            "open": "2.5402",
            "high": "2.5402",
            "low": "2.5402",
            "close": "2.539"
        },
        {
            "time": "12.12.2020 01:40",
            "open": "2.539",
            "high": "2.539",
            "low": "2.539",
            "close": "2.5451"
        },
        {
            "time": "12.12.2020 01:43",
            "open": "2.5451",
            "high": "2.5451",
            "low": "2.5451",
            "close": "2.5451"
        },
        {
            "time": "12.12.2020 01:45",
            "open": "2.5451",
            "high": "2.5451",
            "low": "2.5451",
            "close": "2.5362"
        },
        {
            "time": "12.12.2020 01:47",
            "open": "2.5362",
            "high": "2.5362",
            "low": "2.5362",
            "close": "2.54"
        },
        {
            "time": "12.12.2020 01:49",
            "open": "2.54",
            "high": "2.54",
            "low": "2.54",
            "close": "2.5506"
        },
        {
            "time": "12.12.2020 01:52",
            "open": "2.5506",
            "high": "2.5509",
            "low": "2.5506",
            "close": "2.5552"
        },
        {
            "time": "12.12.2020 01:55",
            "open": "2.5552",
            "high": "2.56",
            "low": "2.5552",
            "close": "2.5609"
        },
        {
            "time": "12.12.2020 01:56",
            "open": "2.5609",
            "high": "2.5609",
            "low": "2.5609",
            "close": "2.5605"
        },
        {
            "time": "12.12.2020 01:57",
            "open": "2.5605",
            "high": "2.5605",
            "low": "2.5605",
            "close": "2.5604"
        },
        {
            "time": "12.12.2020 01:58",
            "open": "2.5604",
            "high": "2.5711",
            "low": "2.5604",
            "close": "2.5801"
        },
        {
            "time": "12.12.2020 01:59",
            "open": "2.5801",
            "high": "2.5801",
            "low": "2.58",
            "close": "2.5835"
        },
        {
            "time": "12.12.2020 02:00",
            "open": "2.5835",
            "high": "2.5837",
            "low": "2.5756",
            "close": "2.5809"
        },
        {
            "time": "12.12.2020 02:14",
            "open": "2.5809",
            "high": "2.5809",
            "low": "2.5809",
            "close": "2.576"
        },
        {
            "time": "12.12.2020 02:18",
            "open": "2.576",
            "high": "2.5821",
            "low": "2.5759",
            "close": "2.5796"
        },
        {
            "time": "12.12.2020 02:29",
            "open": "2.5796",
            "high": "2.5796",
            "low": "2.5796",
            "close": "2.5789"
        },
        {
            "time": "12.12.2020 02:30",
            "open": "2.5789",
            "high": "2.5789",
            "low": "2.5789",
            "close": "2.5766"
        },
        {
            "time": "12.12.2020 02:32",
            "open": "2.5766",
            "high": "2.5766",
            "low": "2.5765",
            "close": "2.5809"
        },
        {
            "time": "12.12.2020 02:35",
            "open": "2.5809",
            "high": "2.581",
            "low": "2.5808",
            "close": "2.5783"
        },
        {
            "time": "12.12.2020 02:36",
            "open": "2.5783",
            "high": "2.5783",
            "low": "2.5783",
            "close": "2.5811"
        },
        {
            "time": "12.12.2020 02:37",
            "open": "2.5811",
            "high": "2.5811",
            "low": "2.5811",
            "close": "2.5855"
        },
        {
            "time": "12.12.2020 02:39",
            "open": "2.5855",
            "high": "2.5855",
            "low": "2.5855",
            "close": "2.5824"
        },
        {
            "time": "12.12.2020 02:41",
            "open": "2.5824",
            "high": "2.5829",
            "low": "2.5824",
            "close": "2.5823"
        },
        {
            "time": "12.12.2020 02:42",
            "open": "2.5823",
            "high": "2.5823",
            "low": "2.5821",
            "close": "2.585"
        },
        {
            "time": "12.12.2020 02:43",
            "open": "2.585",
            "high": "2.5855",
            "low": "2.585",
            "close": "2.5865"
        },
        {
            "time": "12.12.2020 02:44",
            "open": "2.5865",
            "high": "2.5865",
            "low": "2.5865",
            "close": "2.5865"
        },
        {
            "time": "12.12.2020 02:45",
            "open": "2.5865",
            "high": "2.5865",
            "low": "2.5865",
            "close": "2.593"
        },
        {
            "time": "12.12.2020 02:46",
            "open": "2.593",
            "high": "2.593",
            "low": "2.593",
            "close": "2.587"
        },
        {
            "time": "12.12.2020 02:49",
            "open": "2.587",
            "high": "2.587",
            "low": "2.5868",
            "close": "2.5917"
        },
        {
            "time": "12.12.2020 02:51",
            "open": "2.5917",
            "high": "2.5917",
            "low": "2.5917",
            "close": "2.5924"
        },
        {
            "time": "12.12.2020 02:52",
            "open": "2.5924",
            "high": "2.5924",
            "low": "2.5924",
            "close": "2.5924"
        },
        {
            "time": "12.12.2020 02:53",
            "open": "2.5924",
            "high": "2.5924",
            "low": "2.5924",
            "close": "2.5908"
        },
        {
            "time": "12.12.2020 02:55",
            "open": "2.5908",
            "high": "2.593",
            "low": "2.5908",
            "close": "2.5909"
        },
        {
            "time": "12.12.2020 02:56",
            "open": "2.5909",
            "high": "2.599",
            "low": "2.5909",
            "close": "2.599"
        },
        {
            "time": "12.12.2020 02:59",
            "open": "2.599",
            "high": "2.6",
            "low": "2.599",
            "close": "2.6"
        },
        {
            "time": "12.12.2020 03:00",
            "open": "2.6",
            "high": "2.6",
            "low": "2.6",
            "close": "2.6081"
        },
        {
            "time": "12.12.2020 03:01",
            "open": "2.6081",
            "high": "2.6081",
            "low": "2.6081",
            "close": "2.6095"
        },
        {
            "time": "12.12.2020 03:03",
            "open": "2.6095",
            "high": "2.6095",
            "low": "2.6025",
            "close": "2.6183"
        },
        {
            "time": "12.12.2020 03:07",
            "open": "2.6183",
            "high": "2.6183",
            "low": "2.6183",
            "close": "2.6079"
        },
        {
            "time": "12.12.2020 03:16",
            "open": "2.6079",
            "high": "2.6079",
            "low": "2.5828",
            "close": "2.597"
        },
        {
            "time": "12.12.2020 03:17",
            "open": "2.597",
            "high": "2.597",
            "low": "2.592",
            "close": "2.5887"
        },
        {
            "time": "12.12.2020 03:18",
            "open": "2.5887",
            "high": "2.5887",
            "low": "2.5886",
            "close": "2.5818"
        },
        {
            "time": "12.12.2020 03:19",
            "open": "2.5818",
            "high": "2.5818",
            "low": "2.58",
            "close": "2.5867"
        },
        {
            "time": "12.12.2020 03:20",
            "open": "2.5867",
            "high": "2.6074",
            "low": "2.5867",
            "close": "2.6008"
        },
        {
            "time": "12.12.2020 03:21",
            "open": "2.6008",
            "high": "2.6008",
            "low": "2.5885",
            "close": "2.5979"
        },
        {
            "time": "12.12.2020 03:22",
            "open": "2.5979",
            "high": "2.6085",
            "low": "2.5979",
            "close": "2.6064"
        },
        {
            "time": "12.12.2020 03:23",
            "open": "2.6064",
            "high": "2.6064",
            "low": "2.596",
            "close": "2.5903"
        },
        {
            "time": "12.12.2020 03:24",
            "open": "2.5903",
            "high": "2.5953",
            "low": "2.5902",
            "close": "2.602"
        },
        {
            "time": "12.12.2020 03:25",
            "open": "2.602",
            "high": "2.602",
            "low": "2.602",
            "close": "2.5957"
        },
        {
            "time": "12.12.2020 03:29",
            "open": "2.5957",
            "high": "2.5957",
            "low": "2.5957",
            "close": "2.6091"
        },
        {
            "time": "12.12.2020 03:39",
            "open": "2.6091",
            "high": "2.6098",
            "low": "2.6091",
            "close": "2.61"
        },
        {
            "time": "12.12.2020 03:41",
            "open": "2.61",
            "high": "2.61",
            "low": "2.61",
            "close": "2.6182"
        },
        {
            "time": "12.12.2020 03:44",
            "open": "2.6182",
            "high": "2.6182",
            "low": "2.6182",
            "close": "2.6181"
        },
        {
            "time": "12.12.2020 03:50",
            "open": "2.6181",
            "high": "2.6181",
            "low": "2.6181",
            "close": "2.618"
        },
        {
            "time": "12.12.2020 03:57",
            "open": "2.618",
            "high": "2.618",
            "low": "2.618",
            "close": "2.618"
        },
        {
            "time": "12.12.2020 03:58",
            "open": "2.618",
            "high": "2.618",
            "low": "2.618",
            "close": "2.625"
        },
        {
            "time": "12.12.2020 03:59",
            "open": "2.625",
            "high": "2.625",
            "low": "2.625",
            "close": "2.6103"
        },
        {
            "time": "12.12.2020 04:03",
            "open": "2.6103",
            "high": "2.6103",
            "low": "2.6103",
            "close": "2.6051"
        },
        {
            "time": "12.12.2020 04:04",
            "open": "2.6051",
            "high": "2.6051",
            "low": "2.6051",
            "close": "2.6103"
        },
        {
            "time": "12.12.2020 04:05",
            "open": "2.6103",
            "high": "2.6116",
            "low": "2.6103",
            "close": "2.6074"
        },
        {
            "time": "12.12.2020 04:06",
            "open": "2.6074",
            "high": "2.6074",
            "low": "2.6074",
            "close": "2.6074"
        },
        {
            "time": "12.12.2020 04:07",
            "open": "2.6074",
            "high": "2.6074",
            "low": "2.6074",
            "close": "2.6154"
        },
        {
            "time": "12.12.2020 04:35",
            "open": "2.6154",
            "high": "2.6155",
            "low": "2.6154",
            "close": "2.6127"
        },
        {
            "time": "12.12.2020 04:41",
            "open": "2.6127",
            "high": "2.6138",
            "low": "2.6127",
            "close": "2.6194"
        },
        {
            "time": "12.12.2020 04:43",
            "open": "2.6194",
            "high": "2.6194",
            "low": "2.6194",
            "close": "2.6164"
        },
        {
            "time": "12.12.2020 04:51",
            "open": "2.6164",
            "high": "2.6164",
            "low": "2.6164",
            "close": "2.6198"
        },
        {
            "time": "12.12.2020 04:52",
            "open": "2.6198",
            "high": "2.6198",
            "low": "2.6198",
            "close": "2.6117"
        },
        {
            "time": "12.12.2020 04:55",
            "open": "2.6117",
            "high": "2.6175",
            "low": "2.6117",
            "close": "2.6113"
        },
        {
            "time": "12.12.2020 05:00",
            "open": "2.6113",
            "high": "2.6113",
            "low": "2.6113",
            "close": "2.6153"
        },
        {
            "time": "12.12.2020 05:03",
            "open": "2.6153",
            "high": "2.6153",
            "low": "2.6153",
            "close": "2.6146"
        },
        {
            "time": "12.12.2020 05:04",
            "open": "2.6146",
            "high": "2.6146",
            "low": "2.6146",
            "close": "2.6158"
        },
        {
            "time": "12.12.2020 05:07",
            "open": "2.6158",
            "high": "2.6161",
            "low": "2.608",
            "close": "2.5969"
        },
        {
            "time": "12.12.2020 05:11",
            "open": "2.5969",
            "high": "2.5969",
            "low": "2.595",
            "close": "2.5932"
        },
        {
            "time": "12.12.2020 05:12",
            "open": "2.5932",
            "high": "2.5933",
            "low": "2.5932",
            "close": "2.5939"
        },
        {
            "time": "12.12.2020 05:15",
            "open": "2.5939",
            "high": "2.5939",
            "low": "2.5939",
            "close": "2.5979"
        },
        {
            "time": "12.12.2020 05:20",
            "open": "2.5979",
            "high": "2.6037",
            "low": "2.5979",
            "close": "2.61"
        },
        {
            "time": "12.12.2020 05:26",
            "open": "2.61",
            "high": "2.61",
            "low": "2.61",
            "close": "2.61"
        },
        {
            "time": "12.12.2020 05:28",
            "open": "2.61",
            "high": "2.61",
            "low": "2.61",
            "close": "2.6056"
        },
        {
            "time": "12.12.2020 05:48",
            "open": "2.6056",
            "high": "2.6056",
            "low": "2.6046",
            "close": "2.6005"
        },
        {
            "time": "12.12.2020 05:49",
            "open": "2.6005",
            "high": "2.6021",
            "low": "2.6005",
            "close": "2.6173"
        },
        {
            "time": "12.12.2020 05:51",
            "open": "2.6173",
            "high": "2.6173",
            "low": "2.6173",
            "close": "2.6112"
        },
        {
            "time": "12.12.2020 05:53",
            "open": "2.6112",
            "high": "2.6112",
            "low": "2.6112",
            "close": "2.6063"
        },
        {
            "time": "12.12.2020 06:02",
            "open": "2.6063",
            "high": "2.6063",
            "low": "2.6063",
            "close": "2.6063"
        },
        {
            "time": "12.12.2020 06:05",
            "open": "2.6063",
            "high": "2.6063",
            "low": "2.6063",
            "close": "2.6077"
        },
        {
            "time": "12.12.2020 06:10",
            "open": "2.6077",
            "high": "2.6077",
            "low": "2.6077",
            "close": "2.6157"
        },
        {
            "time": "12.12.2020 06:20",
            "open": "2.6157",
            "high": "2.6209",
            "low": "2.6157",
            "close": "2.6192"
        },
        {
            "time": "12.12.2020 06:21",
            "open": "2.6192",
            "high": "2.6248",
            "low": "2.6192",
            "close": "2.6139"
        },
        {
            "time": "12.12.2020 06:37",
            "open": "2.6139",
            "high": "2.6139",
            "low": "2.6094",
            "close": "2.6101"
        },
        {
            "time": "12.12.2020 06:39",
            "open": "2.6101",
            "high": "2.6101",
            "low": "2.6101",
            "close": "2.6076"
        },
        {
            "time": "12.12.2020 06:40",
            "open": "2.6076",
            "high": "2.6076",
            "low": "2.6066",
            "close": "2.6038"
        },
        {
            "time": "12.12.2020 06:42",
            "open": "2.6038",
            "high": "2.6039",
            "low": "2.6038",
            "close": "2.6046"
        },
        {
            "time": "12.12.2020 06:43",
            "open": "2.6046",
            "high": "2.6046",
            "low": "2.6046",
            "close": "2.6099"
        },
        {
            "time": "12.12.2020 06:46",
            "open": "2.6099",
            "high": "2.6099",
            "low": "2.6099",
            "close": "2.5952"
        },
        {
            "time": "12.12.2020 06:51",
            "open": "2.5952",
            "high": "2.5952",
            "low": "2.5952",
            "close": "2.6013"
        },
        {
            "time": "12.12.2020 07:01",
            "open": "2.6013",
            "high": "2.6013",
            "low": "2.6013",
            "close": "2.6082"
        },
        {
            "time": "12.12.2020 07:14",
            "open": "2.6082",
            "high": "2.6082",
            "low": "2.6082",
            "close": "2.6012"
        },
        {
            "time": "12.12.2020 07:28",
            "open": "2.6012",
            "high": "2.6012",
            "low": "2.6011",
            "close": "2.5966"
        },
        {
            "time": "12.12.2020 07:29",
            "open": "2.5966",
            "high": "2.5966",
            "low": "2.5966",
            "close": "2.6017"
        },
        {
            "time": "12.12.2020 07:31",
            "open": "2.6017",
            "high": "2.6082",
            "low": "2.6016",
            "close": "2.6026"
        },
        {
            "time": "12.12.2020 07:41",
            "open": "2.6026",
            "high": "2.6032",
            "low": "2.6026",
            "close": "2.6032"
        },
        {
            "time": "12.12.2020 07:51",
            "open": "2.6032",
            "high": "2.6048",
            "low": "2.6032",
            "close": "2.605"
        },
        {
            "time": "12.12.2020 07:52",
            "open": "2.605",
            "high": "2.605",
            "low": "2.605",
            "close": "2.6171"
        },
        {
            "time": "12.12.2020 07:56",
            "open": "2.6171",
            "high": "2.6171",
            "low": "2.6171",
            "close": "2.6164"
        },
        {
            "time": "12.12.2020 07:58",
            "open": "2.6164",
            "high": "2.6165",
            "low": "2.6164",
            "close": "2.624"
        },
        {
            "time": "12.12.2020 08:07",
            "open": "2.624",
            "high": "2.6241",
            "low": "2.624",
            "close": "2.6226"
        },
        {
            "time": "12.12.2020 08:11",
            "open": "2.6226",
            "high": "2.6226",
            "low": "2.6226",
            "close": "2.625"
        },
        {
            "time": "12.12.2020 08:12",
            "open": "2.625",
            "high": "2.626",
            "low": "2.625",
            "close": "2.6275"
        },
        {
            "time": "12.12.2020 08:13",
            "open": "2.6275",
            "high": "2.6275",
            "low": "2.6275",
            "close": "2.6252"
        },
        {
            "time": "12.12.2020 08:17",
            "open": "2.6252",
            "high": "2.6252",
            "low": "2.6252",
            "close": "2.6264"
        },
        {
            "time": "12.12.2020 08:18",
            "open": "2.6264",
            "high": "2.6296",
            "low": "2.6264",
            "close": "2.6273"
        },
        {
            "time": "12.12.2020 08:22",
            "open": "2.6273",
            "high": "2.6273",
            "low": "2.6239",
            "close": "2.6287"
        },
        {
            "time": "12.12.2020 08:47",
            "open": "2.6287",
            "high": "2.6287",
            "low": "2.6286",
            "close": "2.6346"
        },
        {
            "time": "12.12.2020 08:49",
            "open": "2.6346",
            "high": "2.6346",
            "low": "2.6346",
            "close": "2.6382"
        },
        {
            "time": "12.12.2020 08:50",
            "open": "2.6382",
            "high": "2.6383",
            "low": "2.6382",
            "close": "2.6412"
        },
        {
            "time": "12.12.2020 08:51",
            "open": "2.6412",
            "high": "2.6412",
            "low": "2.6412",
            "close": "2.6408"
        },
        {
            "time": "12.12.2020 08:53",
            "open": "2.6408",
            "high": "2.6409",
            "low": "2.6408",
            "close": "2.6408"
        },
        {
            "time": "12.12.2020 08:56",
            "open": "2.6408",
            "high": "2.6414",
            "low": "2.6408",
            "close": "2.6403"
        },
        {
            "time": "12.12.2020 08:57",
            "open": "2.6403",
            "high": "2.6403",
            "low": "2.6403",
            "close": "2.645"
        },
        {
            "time": "12.12.2020 09:02",
            "open": "2.645",
            "high": "2.6458",
            "low": "2.645",
            "close": "2.634"
        },
        {
            "time": "12.12.2020 09:13",
            "open": "2.634",
            "high": "2.634",
            "low": "2.6332",
            "close": "2.642"
        },
        {
            "time": "12.12.2020 09:14",
            "open": "2.642",
            "high": "2.6421",
            "low": "2.642",
            "close": "2.6403"
        },
        {
            "time": "12.12.2020 09:15",
            "open": "2.6403",
            "high": "2.6406",
            "low": "2.6403",
            "close": "2.634"
        },
        {
            "time": "12.12.2020 09:17",
            "open": "2.634",
            "high": "2.634",
            "low": "2.634",
            "close": "2.6349"
        },
        {
            "time": "12.12.2020 09:18",
            "open": "2.6349",
            "high": "2.6349",
            "low": "2.6349",
            "close": "2.6326"
        },
        {
            "time": "12.12.2020 09:19",
            "open": "2.6326",
            "high": "2.6326",
            "low": "2.6326",
            "close": "2.6304"
        },
        {
            "time": "12.12.2020 09:25",
            "open": "2.6304",
            "high": "2.6304",
            "low": "2.6299",
            "close": "2.6238"
        },
        {
            "time": "12.12.2020 09:35",
            "open": "2.6238",
            "high": "2.6238",
            "low": "2.6238",
            "close": "2.6288"
        },
        {
            "time": "12.12.2020 09:45",
            "open": "2.6288",
            "high": "2.6291",
            "low": "2.6288",
            "close": "2.6269"
        },
        {
            "time": "12.12.2020 09:46",
            "open": "2.6269",
            "high": "2.627",
            "low": "2.6269",
            "close": "2.6227"
        },
        {
            "time": "12.12.2020 09:47",
            "open": "2.6227",
            "high": "2.6289",
            "low": "2.6227",
            "close": "2.6241"
        },
        {
            "time": "12.12.2020 09:55",
            "open": "2.6241",
            "high": "2.6247",
            "low": "2.623",
            "close": "2.6322"
        },
        {
            "time": "12.12.2020 09:59",
            "open": "2.6322",
            "high": "2.6322",
            "low": "2.6322",
            "close": "2.6264"
        },
        {
            "time": "12.12.2020 10:01",
            "open": "2.6264",
            "high": "2.6264",
            "low": "2.6264",
            "close": "2.6262"
        },
        {
            "time": "12.12.2020 10:09",
            "open": "2.6262",
            "high": "2.6262",
            "low": "2.6262",
            "close": "2.6264"
        },
        {
            "time": "12.12.2020 10:10",
            "open": "2.6264",
            "high": "2.6264",
            "low": "2.6264",
            "close": "2.632"
        },
        {
            "time": "12.12.2020 10:16",
            "open": "2.632",
            "high": "2.632",
            "low": "2.632",
            "close": "2.6309"
        },
        {
            "time": "12.12.2020 10:17",
            "open": "2.6309",
            "high": "2.631",
            "low": "2.6309",
            "close": "2.6267"
        },
        {
            "time": "12.12.2020 10:20",
            "open": "2.6267",
            "high": "2.6267",
            "low": "2.6227",
            "close": "2.6244"
        },
        {
            "time": "12.12.2020 10:21",
            "open": "2.6244",
            "high": "2.6245",
            "low": "2.6244",
            "close": "2.6258"
        },
        {
            "time": "12.12.2020 10:24",
            "open": "2.6258",
            "high": "2.6258",
            "low": "2.6258",
            "close": "2.6229"
        },
        {
            "time": "12.12.2020 10:25",
            "open": "2.6229",
            "high": "2.6229",
            "low": "2.6229",
            "close": "2.6227"
        },
        {
            "time": "12.12.2020 10:26",
            "open": "2.6227",
            "high": "2.6227",
            "low": "2.6179",
            "close": "2.6196"
        },
        {
            "time": "12.12.2020 10:32",
            "open": "2.6196",
            "high": "2.6196",
            "low": "2.6196",
            "close": "2.625"
        },
        {
            "time": "12.12.2020 10:33",
            "open": "2.625",
            "high": "2.625",
            "low": "2.625",
            "close": "2.6192"
        },
        {
            "time": "12.12.2020 10:35",
            "open": "2.6192",
            "high": "2.6192",
            "low": "2.6161",
            "close": "2.618"
        },
        {
            "time": "12.12.2020 10:36",
            "open": "2.618",
            "high": "2.618",
            "low": "2.618",
            "close": "2.6208"
        },
        {
            "time": "12.12.2020 10:38",
            "open": "2.6208",
            "high": "2.6208",
            "low": "2.6208",
            "close": "2.6156"
        },
        {
            "time": "12.12.2020 10:39",
            "open": "2.6156",
            "high": "2.6156",
            "low": "2.6156",
            "close": "2.6121"
        },
        {
            "time": "12.12.2020 10:41",
            "open": "2.6121",
            "high": "2.6121",
            "low": "2.612",
            "close": "2.6104"
        },
        {
            "time": "12.12.2020 10:43",
            "open": "2.6104",
            "high": "2.6104",
            "low": "2.6104",
            "close": "2.6105"
        },
        {
            "time": "12.12.2020 10:44",
            "open": "2.6105",
            "high": "2.6105",
            "low": "2.6092",
            "close": "2.6088"
        },
        {
            "time": "12.12.2020 10:49",
            "open": "2.6088",
            "high": "2.6088",
            "low": "2.6088",
            "close": "2.6102"
        },
        {
            "time": "12.12.2020 10:56",
            "open": "2.6102",
            "high": "2.6102",
            "low": "2.6102",
            "close": "2.6049"
        },
        {
            "time": "12.12.2020 11:03",
            "open": "2.6049",
            "high": "2.6049",
            "low": "2.6048",
            "close": "2.6105"
        },
        {
            "time": "12.12.2020 11:08",
            "open": "2.6105",
            "high": "2.6105",
            "low": "2.6105",
            "close": "2.6083"
        },
        {
            "time": "12.12.2020 11:14",
            "open": "2.6083",
            "high": "2.6085",
            "low": "2.6083",
            "close": "2.6001"
        },
        {
            "time": "12.12.2020 11:26",
            "open": "2.6001",
            "high": "2.6001",
            "low": "2.6",
            "close": "2.6039"
        },
        {
            "time": "12.12.2020 11:36",
            "open": "2.6039",
            "high": "2.6039",
            "low": "2.6039",
            "close": "2.6008"
        },
        {
            "time": "12.12.2020 11:38",
            "open": "2.6008",
            "high": "2.6008",
            "low": "2.6007",
            "close": "2.6137"
        },
        {
            "time": "12.12.2020 11:50",
            "open": "2.6137",
            "high": "2.6141",
            "low": "2.6137",
            "close": "2.6092"
        },
        {
            "time": "12.12.2020 11:53",
            "open": "2.6092",
            "high": "2.6092",
            "low": "2.6092",
            "close": "2.6083"
        },
        {
            "time": "12.12.2020 11:55",
            "open": "2.6083",
            "high": "2.6083",
            "low": "2.6083",
            "close": "2.6126"
        },
        {
            "time": "12.12.2020 12:07",
            "open": "2.6126",
            "high": "2.6127",
            "low": "2.6126",
            "close": "2.612"
        },
        {
            "time": "12.12.2020 12:12",
            "open": "2.612",
            "high": "2.6124",
            "low": "2.612",
            "close": "2.6124"
        },
        {
            "time": "12.12.2020 12:24",
            "open": "2.6124",
            "high": "2.6124",
            "low": "2.6124",
            "close": "2.6155"
        },
        {
            "time": "12.12.2020 12:30",
            "open": "2.6155",
            "high": "2.6155",
            "low": "2.6153",
            "close": "2.6159"
        },
        {
            "time": "12.12.2020 12:31",
            "open": "2.6159",
            "high": "2.6159",
            "low": "2.6159",
            "close": "2.621"
        },
        {
            "time": "12.12.2020 12:36",
            "open": "2.621",
            "high": "2.621",
            "low": "2.621",
            "close": "2.6358"
        },
        {
            "time": "12.12.2020 12:49",
            "open": "2.6358",
            "high": "2.6359",
            "low": "2.6358",
            "close": "2.6395"
        },
        {
            "time": "12.12.2020 12:50",
            "open": "2.6395",
            "high": "2.6395",
            "low": "2.6395",
            "close": "2.641"
        },
        {
            "time": "12.12.2020 12:55",
            "open": "2.641",
            "high": "2.6482",
            "low": "2.641",
            "close": "2.6378"
        },
        {
            "time": "12.12.2020 13:00",
            "open": "2.6378",
            "high": "2.6409",
            "low": "2.6378",
            "close": "2.6308"
        },
        {
            "time": "12.12.2020 13:07",
            "open": "2.6308",
            "high": "2.6308",
            "low": "2.6308",
            "close": "2.6228"
        },
        {
            "time": "12.12.2020 13:11",
            "open": "2.6228",
            "high": "2.6228",
            "low": "2.6226",
            "close": "2.6195"
        },
        {
            "time": "12.12.2020 13:15",
            "open": "2.6195",
            "high": "2.6221",
            "low": "2.6195",
            "close": "2.6242"
        },
        {
            "time": "12.12.2020 13:24",
            "open": "2.6242",
            "high": "2.6242",
            "low": "2.6242",
            "close": "2.6271"
        },
        {
            "time": "12.12.2020 13:25",
            "open": "2.6271",
            "high": "2.6271",
            "low": "2.6271",
            "close": "2.6226"
        },
        {
            "time": "12.12.2020 13:34",
            "open": "2.6226",
            "high": "2.6236",
            "low": "2.6226",
            "close": "2.619"
        },
        {
            "time": "12.12.2020 13:35",
            "open": "2.619",
            "high": "2.619",
            "low": "2.6188",
            "close": "2.6232"
        },
        {
            "time": "12.12.2020 13:36",
            "open": "2.6232",
            "high": "2.6232",
            "low": "2.6232",
            "close": "2.619"
        },
        {
            "time": "12.12.2020 13:37",
            "open": "2.619",
            "high": "2.619",
            "low": "2.6188",
            "close": "2.6183"
        },
        {
            "time": "12.12.2020 13:39",
            "open": "2.6183",
            "high": "2.6202",
            "low": "2.6183",
            "close": "2.623"
        },
        {
            "time": "12.12.2020 13:45",
            "open": "2.623",
            "high": "2.623",
            "low": "2.623",
            "close": "2.6182"
        },
        {
            "time": "12.12.2020 13:46",
            "open": "2.6182",
            "high": "2.6182",
            "low": "2.6181",
            "close": "2.624"
        },
        {
            "time": "12.12.2020 13:50",
            "open": "2.624",
            "high": "2.624",
            "low": "2.624",
            "close": "2.6237"
        },
        {
            "time": "12.12.2020 13:54",
            "open": "2.6237",
            "high": "2.6238",
            "low": "2.6237",
            "close": "2.6194"
        },
        {
            "time": "12.12.2020 13:55",
            "open": "2.6194",
            "high": "2.6194",
            "low": "2.6194",
            "close": "2.6184"
        },
        {
            "time": "12.12.2020 13:59",
            "open": "2.6184",
            "high": "2.6184",
            "low": "2.6184",
            "close": "2.6113"
        },
        {
            "time": "12.12.2020 14:10",
            "open": "2.6113",
            "high": "2.6113",
            "low": "2.605",
            "close": "2.6045"
        },
        {
            "time": "12.12.2020 14:16",
            "open": "2.6045",
            "high": "2.6045",
            "low": "2.6045",
            "close": "2.6117"
        },
        {
            "time": "12.12.2020 14:21",
            "open": "2.6117",
            "high": "2.6117",
            "low": "2.6117",
            "close": "2.6076"
        },
        {
            "time": "12.12.2020 14:23",
            "open": "2.6076",
            "high": "2.6076",
            "low": "2.6076",
            "close": "2.613"
        },
        {
            "time": "12.12.2020 14:36",
            "open": "2.613",
            "high": "2.613",
            "low": "2.613",
            "close": "2.6128"
        },
        {
            "time": "12.12.2020 14:39",
            "open": "2.6128",
            "high": "2.6129",
            "low": "2.6128",
            "close": "2.6125"
        },
        {
            "time": "12.12.2020 14:40",
            "open": "2.6125",
            "high": "2.6125",
            "low": "2.6125",
            "close": "2.6063"
        },
        {
            "time": "12.12.2020 15:12",
            "open": "2.6063",
            "high": "2.6063",
            "low": "2.6063",
            "close": "2.6094"
        },
        {
            "time": "12.12.2020 15:13",
            "open": "2.6094",
            "high": "2.6213",
            "low": "2.6094",
            "close": "2.606"
        },
        {
            "time": "12.12.2020 15:15",
            "open": "2.606",
            "high": "2.606",
            "low": "2.606",
            "close": "2.6094"
        },
        {
            "time": "12.12.2020 15:22",
            "open": "2.6094",
            "high": "2.6094",
            "low": "2.6094",
            "close": "2.6011"
        },
        {
            "time": "12.12.2020 15:30",
            "open": "2.6011",
            "high": "2.6011",
            "low": "2.6011",
            "close": "2.6"
        },
        {
            "time": "12.12.2020 15:38",
            "open": "2.6",
            "high": "2.6",
            "low": "2.6",
            "close": "2.5976"
        },
        {
            "time": "12.12.2020 15:39",
            "open": "2.5976",
            "high": "2.5976",
            "low": "2.5976",
            "close": "2.5938"
        },
        {
            "time": "12.12.2020 15:41",
            "open": "2.5938",
            "high": "2.5938",
            "low": "2.5938",
            "close": "2.5908"
        },
        {
            "time": "12.12.2020 15:42",
            "open": "2.5908",
            "high": "2.5908",
            "low": "2.579",
            "close": "2.5712"
        },
        {
            "time": "12.12.2020 15:44",
            "open": "2.5712",
            "high": "2.5726",
            "low": "2.5699",
            "close": "2.5696"
        },
        {
            "time": "12.12.2020 15:48",
            "open": "2.5696",
            "high": "2.5696",
            "low": "2.5696",
            "close": "2.568"
        },
        {
            "time": "12.12.2020 15:49",
            "open": "2.568",
            "high": "2.568",
            "low": "2.568",
            "close": "2.575"
        },
        {
            "time": "12.12.2020 15:58",
            "open": "2.575",
            "high": "2.575",
            "low": "2.575",
            "close": "2.568"
        },
        {
            "time": "12.12.2020 16:03",
            "open": "2.568",
            "high": "2.568",
            "low": "2.568",
            "close": "2.5614"
        },
        {
            "time": "12.12.2020 16:04",
            "open": "2.5614",
            "high": "2.5629",
            "low": "2.5614",
            "close": "2.564"
        },
        {
            "time": "12.12.2020 16:14",
            "open": "2.564",
            "high": "2.564",
            "low": "2.564",
            "close": "2.5652"
        },
        {
            "time": "12.12.2020 16:18",
            "open": "2.5652",
            "high": "2.5652",
            "low": "2.5652",
            "close": "2.5705"
        },
        {
            "time": "12.12.2020 16:19",
            "open": "2.5705",
            "high": "2.5705",
            "low": "2.5655",
            "close": "2.5722"
        },
        {
            "time": "12.12.2020 16:20",
            "open": "2.5722",
            "high": "2.5722",
            "low": "2.5722",
            "close": "2.5738"
        },
        {
            "time": "12.12.2020 16:21",
            "open": "2.5738",
            "high": "2.5738",
            "low": "2.5738",
            "close": "2.5738"
        },
        {
            "time": "12.12.2020 16:24",
            "open": "2.5738",
            "high": "2.5738",
            "low": "2.5738",
            "close": "2.5714"
        },
        {
            "time": "12.12.2020 16:41",
            "open": "2.5714",
            "high": "2.5714",
            "low": "2.5714",
            "close": "2.576"
        },
        {
            "time": "12.12.2020 16:44",
            "open": "2.576",
            "high": "2.576",
            "low": "2.576",
            "close": "2.5792"
        },
        {
            "time": "12.12.2020 17:03",
            "open": "2.5792",
            "high": "2.5792",
            "low": "2.5792",
            "close": "2.5834"
        },
        {
            "time": "12.12.2020 17:04",
            "open": "2.5834",
            "high": "2.5841",
            "low": "2.5834",
            "close": "2.5847"
        },
        {
            "time": "12.12.2020 17:08",
            "open": "2.5847",
            "high": "2.5848",
            "low": "2.5847",
            "close": "2.583"
        },
        {
            "time": "12.12.2020 17:11",
            "open": "2.583",
            "high": "2.5831",
            "low": "2.583",
            "close": "2.5839"
        },
        {
            "time": "12.12.2020 17:18",
            "open": "2.5839",
            "high": "2.5839",
            "low": "2.5839",
            "close": "2.5839"
        },
        {
            "time": "12.12.2020 17:35",
            "open": "2.5839",
            "high": "2.5839",
            "low": "2.5839",
            "close": "2.5793"
        },
        {
            "time": "12.12.2020 17:41",
            "open": "2.5793",
            "high": "2.5793",
            "low": "2.5793",
            "close": "2.5765"
        },
        {
            "time": "12.12.2020 17:46",
            "open": "2.5765",
            "high": "2.5765",
            "low": "2.5765",
            "close": "2.5755"
        },
        {
            "time": "12.12.2020 17:51",
            "open": "2.5755",
            "high": "2.5755",
            "low": "2.5755",
            "close": "2.588"
        },
        {
            "time": "12.12.2020 18:01",
            "open": "2.588",
            "high": "2.588",
            "low": "2.588",
            "close": "2.5847"
        },
        {
            "time": "12.12.2020 18:05",
            "open": "2.5847",
            "high": "2.5847",
            "low": "2.5847",
            "close": "2.5806"
        },
        {
            "time": "12.12.2020 18:08",
            "open": "2.5806",
            "high": "2.5806",
            "low": "2.5806",
            "close": "2.5714"
        },
        {
            "time": "12.12.2020 18:32",
            "open": "2.5714",
            "high": "2.5761",
            "low": "2.5709",
            "close": "2.5921"
        },
        {
            "time": "12.12.2020 18:50",
            "open": "2.5921",
            "high": "2.5921",
            "low": "2.5921",
            "close": "2.5982"
        },
        {
            "time": "12.12.2020 18:57",
            "open": "2.5982",
            "high": "2.5982",
            "low": "2.5929",
            "close": "2.6"
        },
        {
            "time": "12.12.2020 19:03",
            "open": "2.6",
            "high": "2.6",
            "low": "2.6",
            "close": "2.5972"
        },
        {
            "time": "12.12.2020 19:04",
            "open": "2.5972",
            "high": "2.5972",
            "low": "2.5972",
            "close": "2.5973"
        },
        {
            "time": "12.12.2020 19:06",
            "open": "2.5973",
            "high": "2.5973",
            "low": "2.5973",
            "close": "2.5955"
        },
        {
            "time": "12.12.2020 19:18",
            "open": "2.5955",
            "high": "2.5955",
            "low": "2.5955",
            "close": "2.624"
        },
        {
            "time": "12.12.2020 19:33",
            "open": "2.624",
            "high": "2.624",
            "low": "2.624",
            "close": "2.6198"
        },
        {
            "time": "12.12.2020 19:34",
            "open": "2.6198",
            "high": "2.6198",
            "low": "2.6198",
            "close": "2.6287"
        },
        {
            "time": "12.12.2020 19:38",
            "open": "2.6287",
            "high": "2.6287",
            "low": "2.6287",
            "close": "2.6287"
        },
        {
            "time": "12.12.2020 19:40",
            "open": "2.6287",
            "high": "2.6298",
            "low": "2.6287",
            "close": "2.6297"
        },
        {
            "time": "12.12.2020 19:43",
            "open": "2.6297",
            "high": "2.6297",
            "low": "2.6297",
            "close": "2.63"
        },
        {
            "time": "12.12.2020 19:46",
            "open": "2.63",
            "high": "2.63",
            "low": "2.63",
            "close": "2.6394"
        },
        {
            "time": "12.12.2020 19:48",
            "open": "2.6394",
            "high": "2.6394",
            "low": "2.6394",
            "close": "2.6378"
        },
        {
            "time": "12.12.2020 19:49",
            "open": "2.6378",
            "high": "2.6378",
            "low": "2.6378",
            "close": "2.6298"
        },
        {
            "time": "12.12.2020 20:06",
            "open": "2.6298",
            "high": "2.6354",
            "low": "2.6298",
            "close": "2.6333"
        },
        {
            "time": "12.12.2020 20:18",
            "open": "2.6333",
            "high": "2.6333",
            "low": "2.6333",
            "close": "2.6394"
        },
        {
            "time": "12.12.2020 20:29",
            "open": "2.6394",
            "high": "2.6394",
            "low": "2.6394",
            "close": "2.64"
        },
        {
            "time": "12.12.2020 20:36",
            "open": "2.64",
            "high": "2.64",
            "low": "2.64",
            "close": "2.6395"
        },
        {
            "time": "12.12.2020 20:42",
            "open": "2.6395",
            "high": "2.64",
            "low": "2.6395",
            "close": "2.6455"
        },
        {
            "time": "12.12.2020 20:44",
            "open": "2.6455",
            "high": "2.6455",
            "low": "2.6455",
            "close": "2.6445"
        },
        {
            "time": "12.12.2020 20:49",
            "open": "2.6445",
            "high": "2.6445",
            "low": "2.6445",
            "close": "2.641"
        },
        {
            "time": "12.12.2020 21:01",
            "open": "2.641",
            "high": "2.642",
            "low": "2.6373",
            "close": "2.6336"
        },
        {
            "time": "12.12.2020 21:06",
            "open": "2.6336",
            "high": "2.6336",
            "low": "2.6336",
            "close": "2.6336"
        },
        {
            "time": "12.12.2020 21:07",
            "open": "2.6336",
            "high": "2.6336",
            "low": "2.6336",
            "close": "2.6445"
        },
        {
            "time": "12.12.2020 21:24",
            "open": "2.6445",
            "high": "2.6471",
            "low": "2.6445",
            "close": "2.652"
        },
        {
            "time": "12.12.2020 21:26",
            "open": "2.652",
            "high": "2.652",
            "low": "2.652",
            "close": "2.655"
        },
        {
            "time": "12.12.2020 21:28",
            "open": "2.655",
            "high": "2.655",
            "low": "2.6544",
            "close": "2.6558"
        },
        {
            "time": "12.12.2020 21:30",
            "open": "2.6558",
            "high": "2.66",
            "low": "2.6525",
            "close": "2.6602"
        },
        {
            "time": "12.12.2020 21:31",
            "open": "2.6602",
            "high": "2.6641",
            "low": "2.6602",
            "close": "2.6637"
        },
        {
            "time": "12.12.2020 21:32",
            "open": "2.6637",
            "high": "2.665",
            "low": "2.6637",
            "close": "2.6589"
        },
        {
            "time": "12.12.2020 21:34",
            "open": "2.6589",
            "high": "2.6589",
            "low": "2.6576",
            "close": "2.6576"
        },
        {
            "time": "12.12.2020 21:35",
            "open": "2.6576",
            "high": "2.6594",
            "low": "2.6576",
            "close": "2.6652"
        },
        {
            "time": "12.12.2020 21:40",
            "open": "2.6652",
            "high": "2.668",
            "low": "2.6652",
            "close": "2.6594"
        },
        {
            "time": "12.12.2020 21:41",
            "open": "2.6594",
            "high": "2.6594",
            "low": "2.6594",
            "close": "2.6545"
        },
        {
            "time": "12.12.2020 21:58",
            "open": "2.6545",
            "high": "2.6545",
            "low": "2.6545",
            "close": "2.6566"
        },
        {
            "time": "12.12.2020 21:59",
            "open": "2.6566",
            "high": "2.6566",
            "low": "2.6566",
            "close": "2.6634"
        },
        {
            "time": "12.12.2020 22:10",
            "open": "2.6634",
            "high": "2.6634",
            "low": "2.6634",
            "close": "2.6634"
        },
        {
            "time": "12.12.2020 22:20",
            "open": "2.6634",
            "high": "2.6677",
            "low": "2.6634",
            "close": "2.6679"
        },
        {
            "time": "12.12.2020 22:23",
            "open": "2.6679",
            "high": "2.6679",
            "low": "2.6679",
            "close": "2.6681"
        },
        {
            "time": "12.12.2020 22:30",
            "open": "2.6681",
            "high": "2.6681",
            "low": "2.6681",
            "close": "2.6637"
        },
        {
            "time": "12.12.2020 22:33",
            "open": "2.6637",
            "high": "2.6637",
            "low": "2.6637",
            "close": "2.6657"
        },
        {
            "time": "12.12.2020 22:34",
            "open": "2.6657",
            "high": "2.6657",
            "low": "2.6656",
            "close": "2.6641"
        },
        {
            "time": "12.12.2020 23:02",
            "open": "2.6641",
            "high": "2.6656",
            "low": "2.6641",
            "close": "2.6698"
        },
        {
            "time": "12.12.2020 23:06",
            "open": "2.6698",
            "high": "2.6699",
            "low": "2.6698",
            "close": "2.668"
        },
        {
            "time": "12.12.2020 23:09",
            "open": "2.668",
            "high": "2.668",
            "low": "2.661",
            "close": "2.6571"
        },
        {
            "time": "12.12.2020 23:10",
            "open": "2.6571",
            "high": "2.6571",
            "low": "2.6571",
            "close": "2.668"
        },
        {
            "time": "12.12.2020 23:15",
            "open": "2.668",
            "high": "2.668",
            "low": "2.668",
            "close": "2.6699"
        },
        {
            "time": "12.12.2020 23:16",
            "open": "2.6699",
            "high": "2.6699",
            "low": "2.6699",
            "close": "2.6715"
        },
        {
            "time": "12.12.2020 23:21",
            "open": "2.6715",
            "high": "2.677",
            "low": "2.6715",
            "close": "2.6571"
        },
        {
            "time": "12.12.2020 23:31",
            "open": "2.6571",
            "high": "2.6571",
            "low": "2.6495",
            "close": "2.6505"
        },
        {
            "time": "12.12.2020 23:32",
            "open": "2.6505",
            "high": "2.6505",
            "low": "2.6505",
            "close": "2.6586"
        }
    ]
}