{
    "OMG-EUR": [
        {
            "time": "09.12.2020 23:48",
            "open": "2.7266",
            "high": "2.7273",
            "low": "2.7266",
            "close": "2.7346"
        },
        {
            "time": "10.12.2020 00:03",
            "open": "2.7346",
            "high": "2.7346",
            "low": "2.7346",
            "close": "2.7433"
        },
        {
            "time": "10.12.2020 00:16",
            "open": "2.7433",
            "high": "2.7433",
            "low": "2.7433",
            "close": "2.7331"
        },
        {
            "time": "10.12.2020 00:23",
            "open": "2.7331",
            "high": "2.7331",
            "low": "2.7331",
            "close": "2.7292"
        },
        {
            "time": "10.12.2020 00:29",
            "open": "2.7292",
            "high": "2.7292",
            "low": "2.7292",
            "close": "2.7276"
        },
        {
            "time": "10.12.2020 00:36",
            "open": "2.7276",
            "high": "2.7303",
            "low": "2.7276",
            "close": "2.732"
        },
        {
            "time": "10.12.2020 00:38",
            "open": "2.732",
            "high": "2.732",
            "low": "2.732",
            "close": "2.7312"
        },
        {
            "time": "10.12.2020 00:45",
            "open": "2.7312",
            "high": "2.7312",
            "low": "2.7312",
            "close": "2.7315"
        },
        {
            "time": "10.12.2020 00:47",
            "open": "2.7315",
            "high": "2.7315",
            "low": "2.7315",
            "close": "2.7197"
        },
        {
            "time": "10.12.2020 00:58",
            "open": "2.7197",
            "high": "2.7198",
            "low": "2.7175",
            "close": "2.7373"
        },
        {
            "time": "10.12.2020 01:02",
            "open": "2.7373",
            "high": "2.7376",
            "low": "2.7373",
            "close": "2.7398"
        },
        {
            "time": "10.12.2020 01:03",
            "open": "2.7398",
            "high": "2.7398",
            "low": "2.7398",
            "close": "2.7385"
        },
        {
            "time": "10.12.2020 01:04",
            "open": "2.7385",
            "high": "2.7385",
            "low": "2.7385",
            "close": "2.7363"
        },
        {
            "time": "10.12.2020 01:05",
            "open": "2.7363",
            "high": "2.7363",
            "low": "2.7363",
            "close": "2.7213"
        },
        {
            "time": "10.12.2020 01:27",
            "open": "2.7213",
            "high": "2.7213",
            "low": "2.7213",
            "close": "2.7175"
        },
        {
            "time": "10.12.2020 01:31",
            "open": "2.7175",
            "high": "2.7175",
            "low": "2.7175",
            "close": "2.7175"
        },
        {
            "time": "10.12.2020 01:37",
            "open": "2.7175",
            "high": "2.7175",
            "low": "2.7125",
            "close": "2.717"
        },
        {
            "time": "10.12.2020 01:43",
            "open": "2.717",
            "high": "2.7182",
            "low": "2.717",
            "close": "2.7118"
        },
        {
            "time": "10.12.2020 01:44",
            "open": "2.7118",
            "high": "2.7175",
            "low": "2.7118",
            "close": "2.7049"
        },
        {
            "time": "10.12.2020 02:02",
            "open": "2.7049",
            "high": "2.7049",
            "low": "2.7049",
            "close": "2.7049"
        },
        {
            "time": "10.12.2020 02:07",
            "open": "2.7049",
            "high": "2.7049",
            "low": "2.7049",
            "close": "2.685"
        },
        {
            "time": "10.12.2020 02:12",
            "open": "2.685",
            "high": "2.685",
            "low": "2.685",
            "close": "2.681"
        },
        {
            "time": "10.12.2020 02:16",
            "open": "2.681",
            "high": "2.681",
            "low": "2.678",
            "close": "2.6924"
        },
        {
            "time": "10.12.2020 02:25",
            "open": "2.6924",
            "high": "2.6924",
            "low": "2.6924",
            "close": "2.6921"
        },
        {
            "time": "10.12.2020 02:26",
            "open": "2.6921",
            "high": "2.694",
            "low": "2.6921",
            "close": "2.7006"
        },
        {
            "time": "10.12.2020 02:34",
            "open": "2.7006",
            "high": "2.7006",
            "low": "2.7006",
            "close": "2.6828"
        },
        {
            "time": "10.12.2020 03:24",
            "open": "2.6828",
            "high": "2.6828",
            "low": "2.6828",
            "close": "2.6834"
        },
        {
            "time": "10.12.2020 03:27",
            "open": "2.6834",
            "high": "2.6834",
            "low": "2.6833",
            "close": "2.6777"
        },
        {
            "time": "10.12.2020 03:46",
            "open": "2.6777",
            "high": "2.6777",
            "low": "2.6777",
            "close": "2.674"
        },
        {
            "time": "10.12.2020 03:57",
            "open": "2.674",
            "high": "2.6756",
            "low": "2.674",
            "close": "2.6707"
        },
        {
            "time": "10.12.2020 04:05",
            "open": "2.6707",
            "high": "2.6707",
            "low": "2.6707",
            "close": "2.6756"
        },
        {
            "time": "10.12.2020 04:14",
            "open": "2.6756",
            "high": "2.6756",
            "low": "2.6756",
            "close": "2.6714"
        },
        {
            "time": "10.12.2020 04:16",
            "open": "2.6714",
            "high": "2.6714",
            "low": "2.6714",
            "close": "2.6763"
        },
        {
            "time": "10.12.2020 04:18",
            "open": "2.6763",
            "high": "2.6763",
            "low": "2.6763",
            "close": "2.6667"
        },
        {
            "time": "10.12.2020 04:55",
            "open": "2.6667",
            "high": "2.6706",
            "low": "2.6667",
            "close": "2.6683"
        },
        {
            "time": "10.12.2020 06:20",
            "open": "2.6683",
            "high": "2.6683",
            "low": "2.6683",
            "close": "2.66"
        },
        {
            "time": "10.12.2020 06:22",
            "open": "2.66",
            "high": "2.66",
            "low": "2.66",
            "close": "2.6569"
        },
        {
            "time": "10.12.2020 06:26",
            "open": "2.6569",
            "high": "2.6569",
            "low": "2.6569",
            "close": "2.6601"
        },
        {
            "time": "10.12.2020 06:45",
            "open": "2.6601",
            "high": "2.6601",
            "low": "2.6601",
            "close": "2.6524"
        },
        {
            "time": "10.12.2020 06:56",
            "open": "2.6524",
            "high": "2.6524",
            "low": "2.6524",
            "close": "2.6505"
        },
        {
            "time": "10.12.2020 06:58",
            "open": "2.6505",
            "high": "2.6505",
            "low": "2.6505",
            "close": "2.6545"
        },
        {
            "time": "10.12.2020 07:04",
            "open": "2.6545",
            "high": "2.6545",
            "low": "2.6545",
            "close": "2.65"
        },
        {
            "time": "10.12.2020 07:13",
            "open": "2.65",
            "high": "2.65",
            "low": "2.65",
            "close": "2.648"
        },
        {
            "time": "10.12.2020 07:16",
            "open": "2.648",
            "high": "2.648",
            "low": "2.6455",
            "close": "2.6332"
        },
        {
            "time": "10.12.2020 07:41",
            "open": "2.6332",
            "high": "2.6332",
            "low": "2.63",
            "close": "2.63"
        },
        {
            "time": "10.12.2020 07:43",
            "open": "2.63",
            "high": "2.63",
            "low": "2.63",
            "close": "2.6345"
        },
        {
            "time": "10.12.2020 07:49",
            "open": "2.6345",
            "high": "2.6345",
            "low": "2.6345",
            "close": "2.6284"
        },
        {
            "time": "10.12.2020 07:57",
            "open": "2.6284",
            "high": "2.6284",
            "low": "2.6284",
            "close": "2.6276"
        },
        {
            "time": "10.12.2020 08:00",
            "open": "2.6276",
            "high": "2.6276",
            "low": "2.6042",
            "close": "2.6162"
        },
        {
            "time": "10.12.2020 08:01",
            "open": "2.6162",
            "high": "2.6179",
            "low": "2.6162",
            "close": "2.632"
        },
        {
            "time": "10.12.2020 08:02",
            "open": "2.632",
            "high": "2.632",
            "low": "2.632",
            "close": "2.6305"
        },
        {
            "time": "10.12.2020 08:03",
            "open": "2.6305",
            "high": "2.6305",
            "low": "2.6305",
            "close": "2.6361"
        },
        {
            "time": "10.12.2020 08:11",
            "open": "2.6361",
            "high": "2.6361",
            "low": "2.6361",
            "close": "2.6361"
        },
        {
            "time": "10.12.2020 08:14",
            "open": "2.6361",
            "high": "2.6361",
            "low": "2.6361",
            "close": "2.639"
        },
        {
            "time": "10.12.2020 08:23",
            "open": "2.639",
            "high": "2.639",
            "low": "2.639",
            "close": "2.6382"
        },
        {
            "time": "10.12.2020 08:26",
            "open": "2.6382",
            "high": "2.6385",
            "low": "2.6382",
            "close": "2.6371"
        },
        {
            "time": "10.12.2020 08:28",
            "open": "2.6371",
            "high": "2.6373",
            "low": "2.6371",
            "close": "2.6443"
        },
        {
            "time": "10.12.2020 08:39",
            "open": "2.6443",
            "high": "2.6446",
            "low": "2.6443",
            "close": "2.6456"
        },
        {
            "time": "10.12.2020 08:54",
            "open": "2.6456",
            "high": "2.6457",
            "low": "2.6456",
            "close": "2.6394"
        },
        {
            "time": "10.12.2020 08:55",
            "open": "2.6394",
            "high": "2.6419",
            "low": "2.6394",
            "close": "2.6443"
        },
        {
            "time": "10.12.2020 09:00",
            "open": "2.6443",
            "high": "2.6446",
            "low": "2.6443",
            "close": "2.663"
        },
        {
            "time": "10.12.2020 09:07",
            "open": "2.663",
            "high": "2.663",
            "low": "2.663",
            "close": "2.6675"
        },
        {
            "time": "10.12.2020 09:10",
            "open": "2.6675",
            "high": "2.6676",
            "low": "2.6675",
            "close": "2.6661"
        },
        {
            "time": "10.12.2020 09:12",
            "open": "2.6661",
            "high": "2.6661",
            "low": "2.6627",
            "close": "2.6668"
        },
        {
            "time": "10.12.2020 09:14",
            "open": "2.6668",
            "high": "2.6668",
            "low": "2.6668",
            "close": "2.6629"
        },
        {
            "time": "10.12.2020 09:15",
            "open": "2.6629",
            "high": "2.6629",
            "low": "2.6629",
            "close": "2.6673"
        },
        {
            "time": "10.12.2020 09:17",
            "open": "2.6673",
            "high": "2.6673",
            "low": "2.6673",
            "close": "2.6627"
        },
        {
            "time": "10.12.2020 09:18",
            "open": "2.6627",
            "high": "2.6627",
            "low": "2.6627",
            "close": "2.658"
        },
        {
            "time": "10.12.2020 09:20",
            "open": "2.658",
            "high": "2.658",
            "low": "2.658",
            "close": "2.6614"
        },
        {
            "time": "10.12.2020 09:22",
            "open": "2.6614",
            "high": "2.6614",
            "low": "2.6614",
            "close": "2.6614"
        },
        {
            "time": "10.12.2020 09:25",
            "open": "2.6614",
            "high": "2.6614",
            "low": "2.6614",
            "close": "2.6745"
        },
        {
            "time": "10.12.2020 09:48",
            "open": "2.6745",
            "high": "2.6745",
            "low": "2.6745",
            "close": "2.6656"
        },
        {
            "time": "10.12.2020 09:51",
            "open": "2.6656",
            "high": "2.6656",
            "low": "2.6656",
            "close": "2.6676"
        },
        {
            "time": "10.12.2020 09:54",
            "open": "2.6676",
            "high": "2.6676",
            "low": "2.6675",
            "close": "2.6678"
        },
        {
            "time": "10.12.2020 10:01",
            "open": "2.6678",
            "high": "2.6679",
            "low": "2.6678",
            "close": "2.6695"
        },
        {
            "time": "10.12.2020 10:15",
            "open": "2.6695",
            "high": "2.6696",
            "low": "2.6695",
            "close": "2.6671"
        },
        {
            "time": "10.12.2020 10:20",
            "open": "2.6671",
            "high": "2.6671",
            "low": "2.6671",
            "close": "2.6665"
        },
        {
            "time": "10.12.2020 10:22",
            "open": "2.6665",
            "high": "2.6679",
            "low": "2.6665",
            "close": "2.6446"
        },
        {
            "time": "10.12.2020 10:38",
            "open": "2.6446",
            "high": "2.6446",
            "low": "2.6446",
            "close": "2.6259"
        },
        {
            "time": "10.12.2020 10:43",
            "open": "2.6259",
            "high": "2.6259",
            "low": "2.6259",
            "close": "2.6323"
        },
        {
            "time": "10.12.2020 10:52",
            "open": "2.6323",
            "high": "2.6323",
            "low": "2.6323",
            "close": "2.6323"
        },
        {
            "time": "10.12.2020 10:54",
            "open": "2.6323",
            "high": "2.6323",
            "low": "2.6323",
            "close": "2.637"
        },
        {
            "time": "10.12.2020 10:55",
            "open": "2.637",
            "high": "2.637",
            "low": "2.637",
            "close": "2.6346"
        },
        {
            "time": "10.12.2020 10:57",
            "open": "2.6346",
            "high": "2.6346",
            "low": "2.6345",
            "close": "2.6351"
        },
        {
            "time": "10.12.2020 11:04",
            "open": "2.6351",
            "high": "2.641",
            "low": "2.6351",
            "close": "2.633"
        },
        {
            "time": "10.12.2020 11:08",
            "open": "2.633",
            "high": "2.6331",
            "low": "2.633",
            "close": "2.634"
        },
        {
            "time": "10.12.2020 11:10",
            "open": "2.634",
            "high": "2.634",
            "low": "2.634",
            "close": "2.6317"
        },
        {
            "time": "10.12.2020 11:11",
            "open": "2.6317",
            "high": "2.6317",
            "low": "2.6285",
            "close": "2.6376"
        },
        {
            "time": "10.12.2020 11:17",
            "open": "2.6376",
            "high": "2.6376",
            "low": "2.6376",
            "close": "2.6333"
        },
        {
            "time": "10.12.2020 11:18",
            "open": "2.6333",
            "high": "2.6333",
            "low": "2.6333",
            "close": "2.626"
        },
        {
            "time": "10.12.2020 11:19",
            "open": "2.626",
            "high": "2.6266",
            "low": "2.626",
            "close": "2.6199"
        },
        {
            "time": "10.12.2020 11:20",
            "open": "2.6199",
            "high": "2.6199",
            "low": "2.617",
            "close": "2.6223"
        },
        {
            "time": "10.12.2020 11:25",
            "open": "2.6223",
            "high": "2.6223",
            "low": "2.6223",
            "close": "2.6326"
        },
        {
            "time": "10.12.2020 11:34",
            "open": "2.6326",
            "high": "2.6326",
            "low": "2.6326",
            "close": "2.6304"
        },
        {
            "time": "10.12.2020 11:40",
            "open": "2.6304",
            "high": "2.6304",
            "low": "2.6304",
            "close": "2.6224"
        },
        {
            "time": "10.12.2020 11:46",
            "open": "2.6224",
            "high": "2.6224",
            "low": "2.6224",
            "close": "2.6231"
        },
        {
            "time": "10.12.2020 11:52",
            "open": "2.6231",
            "high": "2.6231",
            "low": "2.6228",
            "close": "2.6132"
        },
        {
            "time": "10.12.2020 11:55",
            "open": "2.6132",
            "high": "2.6132",
            "low": "2.6093",
            "close": "2.6074"
        },
        {
            "time": "10.12.2020 11:56",
            "open": "2.6074",
            "high": "2.6074",
            "low": "2.6074",
            "close": "2.6031"
        },
        {
            "time": "10.12.2020 11:57",
            "open": "2.6031",
            "high": "2.6031",
            "low": "2.6",
            "close": "2.6044"
        },
        {
            "time": "10.12.2020 11:59",
            "open": "2.6044",
            "high": "2.6044",
            "low": "2.6044",
            "close": "2.6242"
        },
        {
            "time": "10.12.2020 12:08",
            "open": "2.6242",
            "high": "2.6243",
            "low": "2.6242",
            "close": "2.6222"
        },
        {
            "time": "10.12.2020 12:12",
            "open": "2.6222",
            "high": "2.6222",
            "low": "2.6222",
            "close": "2.62"
        },
        {
            "time": "10.12.2020 12:14",
            "open": "2.62",
            "high": "2.62",
            "low": "2.62",
            "close": "2.6193"
        },
        {
            "time": "10.12.2020 12:16",
            "open": "2.6193",
            "high": "2.6194",
            "low": "2.6193",
            "close": "2.6089"
        },
        {
            "time": "10.12.2020 12:23",
            "open": "2.6089",
            "high": "2.6089",
            "low": "2.6089",
            "close": "2.5962"
        },
        {
            "time": "10.12.2020 12:31",
            "open": "2.5962",
            "high": "2.5962",
            "low": "2.5962",
            "close": "2.613"
        },
        {
            "time": "10.12.2020 12:34",
            "open": "2.613",
            "high": "2.613",
            "low": "2.613",
            "close": "2.597"
        },
        {
            "time": "10.12.2020 12:40",
            "open": "2.597",
            "high": "2.597",
            "low": "2.597",
            "close": "2.597"
        },
        {
            "time": "10.12.2020 12:42",
            "open": "2.597",
            "high": "2.597",
            "low": "2.597",
            "close": "2.5952"
        },
        {
            "time": "10.12.2020 12:43",
            "open": "2.5952",
            "high": "2.5952",
            "low": "2.5952",
            "close": "2.595"
        },
        {
            "time": "10.12.2020 12:44",
            "open": "2.595",
            "high": "2.595",
            "low": "2.595",
            "close": "2.5961"
        },
        {
            "time": "10.12.2020 12:45",
            "open": "2.5961",
            "high": "2.5961",
            "low": "2.5944",
            "close": "2.6203"
        },
        {
            "time": "10.12.2020 13:03",
            "open": "2.6203",
            "high": "2.6203",
            "low": "2.6203",
            "close": "2.6202"
        },
        {
            "time": "10.12.2020 13:09",
            "open": "2.6202",
            "high": "2.6202",
            "low": "2.6202",
            "close": "2.6203"
        },
        {
            "time": "10.12.2020 13:17",
            "open": "2.6203",
            "high": "2.6203",
            "low": "2.6199",
            "close": "2.6204"
        },
        {
            "time": "10.12.2020 13:24",
            "open": "2.6204",
            "high": "2.6204",
            "low": "2.6204",
            "close": "2.62"
        },
        {
            "time": "10.12.2020 13:33",
            "open": "2.62",
            "high": "2.62",
            "low": "2.62",
            "close": "2.62"
        },
        {
            "time": "10.12.2020 13:35",
            "open": "2.62",
            "high": "2.62",
            "low": "2.62",
            "close": "2.607"
        },
        {
            "time": "10.12.2020 13:44",
            "open": "2.607",
            "high": "2.607",
            "low": "2.607",
            "close": "2.6071"
        },
        {
            "time": "10.12.2020 13:45",
            "open": "2.607",
            "high": "2.607",
            "low": "2.607",
            "close": "2.5917"
        },
        {
            "time": "10.12.2020 14:02",
            "open": "2.5917",
            "high": "2.5917",
            "low": "2.5917",
            "close": "2.58"
        },
        {
            "time": "10.12.2020 14:09",
            "open": "2.58",
            "high": "2.58",
            "low": "2.58",
            "close": "2.5824"
        },
        {
            "time": "10.12.2020 14:14",
            "open": "2.5824",
            "high": "2.5824",
            "low": "2.5824",
            "close": "2.5877"
        },
        {
            "time": "10.12.2020 14:16",
            "open": "2.5877",
            "high": "2.5877",
            "low": "2.5877",
            "close": "2.5878"
        },
        {
            "time": "10.12.2020 14:17",
            "open": "2.5878",
            "high": "2.5878",
            "low": "2.5878",
            "close": "2.5889"
        },
        {
            "time": "10.12.2020 14:21",
            "open": "2.5889",
            "high": "2.5889",
            "low": "2.5888",
            "close": "2.5954"
        },
        {
            "time": "10.12.2020 14:23",
            "open": "2.5954",
            "high": "2.5957",
            "low": "2.5954",
            "close": "2.5915"
        },
        {
            "time": "10.12.2020 14:25",
            "open": "2.5915",
            "high": "2.5915",
            "low": "2.59",
            "close": "2.5918"
        },
        {
            "time": "10.12.2020 14:29",
            "open": "2.5918",
            "high": "2.5918",
            "low": "2.5918",
            "close": "2.5864"
        },
        {
            "time": "10.12.2020 14:31",
            "open": "2.5864",
            "high": "2.5864",
            "low": "2.5864",
            "close": "2.5878"
        },
        {
            "time": "10.12.2020 14:32",
            "open": "2.5878",
            "high": "2.5878",
            "low": "2.5878",
            "close": "2.5835"
        },
        {
            "time": "10.12.2020 14:38",
            "open": "2.5835",
            "high": "2.5836",
            "low": "2.5835",
            "close": "2.5824"
        },
        {
            "time": "10.12.2020 14:39",
            "open": "2.5824",
            "high": "2.5824",
            "low": "2.5824",
            "close": "2.5814"
        },
        {
            "time": "10.12.2020 14:40",
            "open": "2.5814",
            "high": "2.5814",
            "low": "2.5814",
            "close": "2.58"
        },
        {
            "time": "10.12.2020 14:42",
            "open": "2.58",
            "high": "2.5801",
            "low": "2.58",
            "close": "2.5801"
        },
        {
            "time": "10.12.2020 14:43",
            "open": "2.5801",
            "high": "2.5818",
            "low": "2.5801",
            "close": "2.578"
        },
        {
            "time": "10.12.2020 14:44",
            "open": "2.578",
            "high": "2.578",
            "low": "2.5774",
            "close": "2.6047"
        },
        {
            "time": "10.12.2020 14:54",
            "open": "2.6047",
            "high": "2.6047",
            "low": "2.6047",
            "close": "2.5984"
        },
        {
            "time": "10.12.2020 14:55",
            "open": "2.5984",
            "high": "2.5984",
            "low": "2.5984",
            "close": "2.6018"
        },
        {
            "time": "10.12.2020 14:59",
            "open": "2.6018",
            "high": "2.6018",
            "low": "2.6018",
            "close": "2.605"
        },
        {
            "time": "10.12.2020 15:00",
            "open": "2.605",
            "high": "2.6115",
            "low": "2.605",
            "close": "2.6108"
        },
        {
            "time": "10.12.2020 15:01",
            "open": "2.6108",
            "high": "2.6108",
            "low": "2.6084",
            "close": "2.6034"
        },
        {
            "time": "10.12.2020 15:02",
            "open": "2.6034",
            "high": "2.6034",
            "low": "2.6034",
            "close": "2.6002"
        },
        {
            "time": "10.12.2020 15:05",
            "open": "2.6002",
            "high": "2.6002",
            "low": "2.5994",
            "close": "2.5993"
        },
        {
            "time": "10.12.2020 15:06",
            "open": "2.5993",
            "high": "2.5993",
            "low": "2.5993",
            "close": "2.595"
        },
        {
            "time": "10.12.2020 15:08",
            "open": "2.595",
            "high": "2.595",
            "low": "2.595",
            "close": "2.5772"
        },
        {
            "time": "10.12.2020 15:19",
            "open": "2.5772",
            "high": "2.5772",
            "low": "2.5772",
            "close": "2.5871"
        },
        {
            "time": "10.12.2020 15:24",
            "open": "2.5871",
            "high": "2.5871",
            "low": "2.5871",
            "close": "2.5882"
        },
        {
            "time": "10.12.2020 15:25",
            "open": "2.5882",
            "high": "2.5882",
            "low": "2.5882",
            "close": "2.5838"
        },
        {
            "time": "10.12.2020 15:26",
            "open": "2.5838",
            "high": "2.5838",
            "low": "2.5752",
            "close": "2.5799"
        },
        {
            "time": "10.12.2020 15:31",
            "open": "2.5799",
            "high": "2.5799",
            "low": "2.5799",
            "close": "2.5798"
        },
        {
            "time": "10.12.2020 15:35",
            "open": "2.5798",
            "high": "2.5798",
            "low": "2.5798",
            "close": "2.5741"
        },
        {
            "time": "10.12.2020 15:38",
            "open": "2.5741",
            "high": "2.5741",
            "low": "2.5741",
            "close": "2.568"
        },
        {
            "time": "10.12.2020 15:40",
            "open": "2.568",
            "high": "2.568",
            "low": "2.568",
            "close": "2.5661"
        },
        {
            "time": "10.12.2020 15:41",
            "open": "2.5661",
            "high": "2.5661",
            "low": "2.5614",
            "close": "2.56"
        },
        {
            "time": "10.12.2020 15:42",
            "open": "2.56",
            "high": "2.56",
            "low": "2.56",
            "close": "2.56"
        },
        {
            "time": "10.12.2020 15:49",
            "open": "2.56",
            "high": "2.56",
            "low": "2.56",
            "close": "2.5587"
        },
        {
            "time": "10.12.2020 15:54",
            "open": "2.5587",
            "high": "2.5587",
            "low": "2.5587",
            "close": "2.5534"
        },
        {
            "time": "10.12.2020 15:55",
            "open": "2.5534",
            "high": "2.5534",
            "low": "2.5502",
            "close": "2.55"
        },
        {
            "time": "10.12.2020 15:57",
            "open": "2.55",
            "high": "2.55",
            "low": "2.55",
            "close": "2.55"
        },
        {
            "time": "10.12.2020 15:58",
            "open": "2.55",
            "high": "2.5523",
            "low": "2.55",
            "close": "2.558"
        },
        {
            "time": "10.12.2020 16:00",
            "open": "2.558",
            "high": "2.5594",
            "low": "2.558",
            "close": "2.5602"
        },
        {
            "time": "10.12.2020 16:02",
            "open": "2.5602",
            "high": "2.5602",
            "low": "2.56",
            "close": "2.5634"
        },
        {
            "time": "10.12.2020 16:03",
            "open": "2.5634",
            "high": "2.5634",
            "low": "2.5634",
            "close": "2.5617"
        },
        {
            "time": "10.12.2020 16:07",
            "open": "2.5617",
            "high": "2.5617",
            "low": "2.5617",
            "close": "2.55"
        },
        {
            "time": "10.12.2020 16:09",
            "open": "2.55",
            "high": "2.55",
            "low": "2.55",
            "close": "2.5415"
        },
        {
            "time": "10.12.2020 16:10",
            "open": "2.5415",
            "high": "2.5415",
            "low": "2.5415",
            "close": "2.5415"
        },
        {
            "time": "10.12.2020 16:11",
            "open": "2.5415",
            "high": "2.542",
            "low": "2.5415",
            "close": "2.5356"
        },
        {
            "time": "10.12.2020 16:12",
            "open": "2.5356",
            "high": "2.5356",
            "low": "2.5354",
            "close": "2.5307"
        },
        {
            "time": "10.12.2020 16:14",
            "open": "2.5307",
            "high": "2.5307",
            "low": "2.5307",
            "close": "2.528"
        },
        {
            "time": "10.12.2020 16:15",
            "open": "2.528",
            "high": "2.5307",
            "low": "2.5205",
            "close": "2.5307"
        },
        {
            "time": "10.12.2020 16:16",
            "open": "2.5307",
            "high": "2.5307",
            "low": "2.5307",
            "close": "2.5325"
        },
        {
            "time": "10.12.2020 16:17",
            "open": "2.5325",
            "high": "2.5334",
            "low": "2.5325",
            "close": "2.5354"
        },
        {
            "time": "10.12.2020 16:18",
            "open": "2.5354",
            "high": "2.5355",
            "low": "2.5334",
            "close": "2.5304"
        },
        {
            "time": "10.12.2020 16:19",
            "open": "2.5304",
            "high": "2.5306",
            "low": "2.5304",
            "close": "2.536"
        },
        {
            "time": "10.12.2020 16:21",
            "open": "2.536",
            "high": "2.5468",
            "low": "2.536",
            "close": "2.552"
        },
        {
            "time": "10.12.2020 16:28",
            "open": "2.552",
            "high": "2.552",
            "low": "2.552",
            "close": "2.552"
        },
        {
            "time": "10.12.2020 16:29",
            "open": "2.552",
            "high": "2.552",
            "low": "2.552",
            "close": "2.5583"
        },
        {
            "time": "10.12.2020 16:30",
            "open": "2.5583",
            "high": "2.5586",
            "low": "2.5521",
            "close": "2.5519"
        },
        {
            "time": "10.12.2020 16:31",
            "open": "2.5519",
            "high": "2.5519",
            "low": "2.5519",
            "close": "2.5558"
        },
        {
            "time": "10.12.2020 16:32",
            "open": "2.5558",
            "high": "2.5558",
            "low": "2.5529",
            "close": "2.5487"
        },
        {
            "time": "10.12.2020 16:33",
            "open": "2.5487",
            "high": "2.5487",
            "low": "2.5487",
            "close": "2.5487"
        },
        {
            "time": "10.12.2020 16:34",
            "open": "2.5487",
            "high": "2.5487",
            "low": "2.5487",
            "close": "2.5564"
        },
        {
            "time": "10.12.2020 16:41",
            "open": "2.5564",
            "high": "2.5564",
            "low": "2.5564",
            "close": "2.5761"
        },
        {
            "time": "10.12.2020 16:51",
            "open": "2.5761",
            "high": "2.5761",
            "low": "2.57",
            "close": "2.5687"
        },
        {
            "time": "10.12.2020 16:52",
            "open": "2.5687",
            "high": "2.5687",
            "low": "2.5687",
            "close": "2.5688"
        },
        {
            "time": "10.12.2020 16:53",
            "open": "2.5688",
            "high": "2.5688",
            "low": "2.5687",
            "close": "2.5738"
        },
        {
            "time": "10.12.2020 16:54",
            "open": "2.5738",
            "high": "2.5738",
            "low": "2.5738",
            "close": "2.576"
        },
        {
            "time": "10.12.2020 16:57",
            "open": "2.576",
            "high": "2.576",
            "low": "2.576",
            "close": "2.5646"
        },
        {
            "time": "10.12.2020 17:01",
            "open": "2.5646",
            "high": "2.5646",
            "low": "2.5644",
            "close": "2.5733"
        },
        {
            "time": "10.12.2020 17:02",
            "open": "2.5733",
            "high": "2.5733",
            "low": "2.5733",
            "close": "2.5708"
        },
        {
            "time": "10.12.2020 17:08",
            "open": "2.5708",
            "high": "2.5709",
            "low": "2.5708",
            "close": "2.5841"
        },
        {
            "time": "10.12.2020 17:09",
            "open": "2.5841",
            "high": "2.5861",
            "low": "2.5841",
            "close": "2.5856"
        },
        {
            "time": "10.12.2020 17:11",
            "open": "2.5856",
            "high": "2.5856",
            "low": "2.5856",
            "close": "2.5855"
        },
        {
            "time": "10.12.2020 17:15",
            "open": "2.5855",
            "high": "2.5855",
            "low": "2.5855",
            "close": "2.587"
        },
        {
            "time": "10.12.2020 17:24",
            "open": "2.587",
            "high": "2.587",
            "low": "2.587",
            "close": "2.5883"
        },
        {
            "time": "10.12.2020 17:29",
            "open": "2.5883",
            "high": "2.5884",
            "low": "2.5883",
            "close": "2.5871"
        },
        {
            "time": "10.12.2020 17:41",
            "open": "2.5871",
            "high": "2.5874",
            "low": "2.5871",
            "close": "2.5945"
        },
        {
            "time": "10.12.2020 17:53",
            "open": "2.5945",
            "high": "2.5946",
            "low": "2.5945",
            "close": "2.5946"
        },
        {
            "time": "10.12.2020 17:55",
            "open": "2.5946",
            "high": "2.5946",
            "low": "2.5946",
            "close": "2.5917"
        },
        {
            "time": "10.12.2020 18:05",
            "open": "2.5917",
            "high": "2.5917",
            "low": "2.5917",
            "close": "2.5836"
        },
        {
            "time": "10.12.2020 18:11",
            "open": "2.5836",
            "high": "2.5836",
            "low": "2.5836",
            "close": "2.5836"
        },
        {
            "time": "10.12.2020 18:50",
            "open": "2.5836",
            "high": "2.5836",
            "low": "2.5827",
            "close": "2.583"
        },
        {
            "time": "10.12.2020 18:51",
            "open": "2.583",
            "high": "2.583",
            "low": "2.5822",
            "close": "2.5834"
        },
        {
            "time": "10.12.2020 18:52",
            "open": "2.5834",
            "high": "2.5834",
            "low": "2.5827",
            "close": "2.58"
        },
        {
            "time": "10.12.2020 18:53",
            "open": "2.58",
            "high": "2.5835",
            "low": "2.58",
            "close": "2.5852"
        },
        {
            "time": "10.12.2020 18:57",
            "open": "2.5852",
            "high": "2.5852",
            "low": "2.5852",
            "close": "2.5822"
        },
        {
            "time": "10.12.2020 19:03",
            "open": "2.5822",
            "high": "2.5824",
            "low": "2.5822",
            "close": "2.5851"
        },
        {
            "time": "10.12.2020 19:17",
            "open": "2.5851",
            "high": "2.5851",
            "low": "2.5851",
            "close": "2.5884"
        },
        {
            "time": "10.12.2020 19:26",
            "open": "2.5884",
            "high": "2.5885",
            "low": "2.5884",
            "close": "2.586"
        },
        {
            "time": "10.12.2020 19:28",
            "open": "2.586",
            "high": "2.586",
            "low": "2.586",
            "close": "2.5931"
        },
        {
            "time": "10.12.2020 19:37",
            "open": "2.5931",
            "high": "2.5932",
            "low": "2.5931",
            "close": "2.586"
        },
        {
            "time": "10.12.2020 19:43",
            "open": "2.586",
            "high": "2.586",
            "low": "2.586",
            "close": "2.5812"
        },
        {
            "time": "10.12.2020 19:48",
            "open": "2.5812",
            "high": "2.5812",
            "low": "2.5812",
            "close": "2.5781"
        },
        {
            "time": "10.12.2020 19:52",
            "open": "2.5781",
            "high": "2.5782",
            "low": "2.5781",
            "close": "2.5742"
        },
        {
            "time": "10.12.2020 19:54",
            "open": "2.5742",
            "high": "2.5742",
            "low": "2.5734",
            "close": "2.5791"
        },
        {
            "time": "10.12.2020 19:56",
            "open": "2.5791",
            "high": "2.5791",
            "low": "2.5791",
            "close": "2.5766"
        },
        {
            "time": "10.12.2020 19:57",
            "open": "2.5766",
            "high": "2.5766",
            "low": "2.5736",
            "close": "2.5736"
        },
        {
            "time": "10.12.2020 20:01",
            "open": "2.5736",
            "high": "2.5736",
            "low": "2.5734",
            "close": "2.5706"
        },
        {
            "time": "10.12.2020 20:02",
            "open": "2.5706",
            "high": "2.5706",
            "low": "2.5706",
            "close": "2.5696"
        },
        {
            "time": "10.12.2020 20:05",
            "open": "2.5696",
            "high": "2.5696",
            "low": "2.5696",
            "close": "2.5708"
        },
        {
            "time": "10.12.2020 20:07",
            "open": "2.5708",
            "high": "2.5708",
            "low": "2.5708",
            "close": "2.5701"
        },
        {
            "time": "10.12.2020 20:08",
            "open": "2.5701",
            "high": "2.5701",
            "low": "2.5701",
            "close": "2.5708"
        },
        {
            "time": "10.12.2020 20:09",
            "open": "2.5708",
            "high": "2.5708",
            "low": "2.5708",
            "close": "2.5718"
        },
        {
            "time": "10.12.2020 20:13",
            "open": "2.5718",
            "high": "2.5718",
            "low": "2.5718",
            "close": "2.5751"
        },
        {
            "time": "10.12.2020 20:16",
            "open": "2.5751",
            "high": "2.5768",
            "low": "2.5751",
            "close": "2.5779"
        },
        {
            "time": "10.12.2020 20:19",
            "open": "2.5779",
            "high": "2.5779",
            "low": "2.5779",
            "close": "2.576"
        },
        {
            "time": "10.12.2020 20:20",
            "open": "2.576",
            "high": "2.5761",
            "low": "2.576",
            "close": "2.576"
        },
        {
            "time": "10.12.2020 20:21",
            "open": "2.576",
            "high": "2.576",
            "low": "2.576",
            "close": "2.576"
        },
        {
            "time": "10.12.2020 20:22",
            "open": "2.576",
            "high": "2.576",
            "low": "2.576",
            "close": "2.5703"
        },
        {
            "time": "10.12.2020 20:23",
            "open": "2.5703",
            "high": "2.5703",
            "low": "2.5703",
            "close": "2.57"
        },
        {
            "time": "10.12.2020 20:24",
            "open": "2.57",
            "high": "2.57",
            "low": "2.5671",
            "close": "2.5678"
        },
        {
            "time": "10.12.2020 20:26",
            "open": "2.5678",
            "high": "2.5678",
            "low": "2.5678",
            "close": "2.5711"
        },
        {
            "time": "10.12.2020 20:30",
            "open": "2.5711",
            "high": "2.5711",
            "low": "2.5711",
            "close": "2.5701"
        },
        {
            "time": "10.12.2020 20:36",
            "open": "2.5701",
            "high": "2.5701",
            "low": "2.5701",
            "close": "2.5697"
        },
        {
            "time": "10.12.2020 20:37",
            "open": "2.5697",
            "high": "2.5697",
            "low": "2.5697",
            "close": "2.5707"
        },
        {
            "time": "10.12.2020 20:38",
            "open": "2.5707",
            "high": "2.5708",
            "low": "2.5707",
            "close": "2.5708"
        },
        {
            "time": "10.12.2020 20:39",
            "open": "2.5708",
            "high": "2.5708",
            "low": "2.5703",
            "close": "2.5714"
        },
        {
            "time": "10.12.2020 20:43",
            "open": "2.5714",
            "high": "2.5714",
            "low": "2.5714",
            "close": "2.5703"
        },
        {
            "time": "10.12.2020 20:51",
            "open": "2.5703",
            "high": "2.5703",
            "low": "2.5689",
            "close": "2.5903"
        },
        {
            "time": "10.12.2020 21:02",
            "open": "2.5903",
            "high": "2.5903",
            "low": "2.5903",
            "close": "2.5883"
        },
        {
            "time": "10.12.2020 21:05",
            "open": "2.5883",
            "high": "2.5902",
            "low": "2.5883",
            "close": "2.5932"
        },
        {
            "time": "10.12.2020 21:06",
            "open": "2.5932",
            "high": "2.5932",
            "low": "2.5932",
            "close": "2.5872"
        },
        {
            "time": "10.12.2020 21:12",
            "open": "2.5872",
            "high": "2.5872",
            "low": "2.5864",
            "close": "2.5919"
        },
        {
            "time": "10.12.2020 21:16",
            "open": "2.5919",
            "high": "2.5919",
            "low": "2.5868",
            "close": "2.5931"
        },
        {
            "time": "10.12.2020 21:17",
            "open": "2.5931",
            "high": "2.5932",
            "low": "2.5931",
            "close": "2.594"
        },
        {
            "time": "10.12.2020 21:18",
            "open": "2.594",
            "high": "2.5944",
            "low": "2.594",
            "close": "2.5943"
        },
        {
            "time": "10.12.2020 21:21",
            "open": "2.5943",
            "high": "2.595",
            "low": "2.5943",
            "close": "2.5902"
        },
        {
            "time": "10.12.2020 21:25",
            "open": "2.5902",
            "high": "2.5902",
            "low": "2.5901",
            "close": "2.5956"
        },
        {
            "time": "10.12.2020 21:26",
            "open": "2.5956",
            "high": "2.5976",
            "low": "2.5956",
            "close": "2.5948"
        },
        {
            "time": "10.12.2020 21:51",
            "open": "2.5948",
            "high": "2.5948",
            "low": "2.5948",
            "close": "2.591"
        },
        {
            "time": "10.12.2020 21:53",
            "open": "2.591",
            "high": "2.5969",
            "low": "2.591",
            "close": "2.5969"
        },
        {
            "time": "10.12.2020 22:12",
            "open": "2.5969",
            "high": "2.5969",
            "low": "2.5969",
            "close": "2.5969"
        },
        {
            "time": "10.12.2020 22:13",
            "open": "2.5969",
            "high": "2.5969",
            "low": "2.5969",
            "close": "2.5936"
        },
        {
            "time": "10.12.2020 22:41",
            "open": "2.5936",
            "high": "2.5936",
            "low": "2.59",
            "close": "2.5853"
        },
        {
            "time": "10.12.2020 22:45",
            "open": "2.5853",
            "high": "2.5853",
            "low": "2.5849",
            "close": "2.585"
        },
        {
            "time": "10.12.2020 22:46",
            "open": "2.585",
            "high": "2.585",
            "low": "2.5838",
            "close": "2.5839"
        },
        {
            "time": "10.12.2020 22:48",
            "open": "2.5839",
            "high": "2.5839",
            "low": "2.5839",
            "close": "2.5819"
        },
        {
            "time": "10.12.2020 22:53",
            "open": "2.5819",
            "high": "2.5819",
            "low": "2.5819",
            "close": "2.5795"
        },
        {
            "time": "10.12.2020 22:54",
            "open": "2.5795",
            "high": "2.5795",
            "low": "2.5795",
            "close": "2.5804"
        },
        {
            "time": "10.12.2020 22:55",
            "open": "2.5804",
            "high": "2.5804",
            "low": "2.5804",
            "close": "2.583"
        },
        {
            "time": "10.12.2020 22:57",
            "open": "2.583",
            "high": "2.583",
            "low": "2.583",
            "close": "2.5931"
        },
        {
            "time": "10.12.2020 23:04",
            "open": "2.5931",
            "high": "2.5931",
            "low": "2.5931",
            "close": "2.593"
        },
        {
            "time": "10.12.2020 23:05",
            "open": "2.593",
            "high": "2.593",
            "low": "2.593",
            "close": "2.593"
        },
        {
            "time": "10.12.2020 23:06",
            "open": "2.593",
            "high": "2.5954",
            "low": "2.593",
            "close": "2.5944"
        },
        {
            "time": "10.12.2020 23:08",
            "open": "2.5944",
            "high": "2.5944",
            "low": "2.5944",
            "close": "2.5787"
        },
        {
            "time": "10.12.2020 23:14",
            "open": "2.5787",
            "high": "2.5787",
            "low": "2.5784",
            "close": "2.5866"
        },
        {
            "time": "10.12.2020 23:26",
            "open": "2.5866",
            "high": "2.5866",
            "low": "2.5866",
            "close": "2.587"
        },
        {
            "time": "10.12.2020 23:27",
            "open": "2.587",
            "high": "2.587",
            "low": "2.587",
            "close": "2.5803"
        },
        {
            "time": "10.12.2020 23:32",
            "open": "2.5803",
            "high": "2.5803",
            "low": "2.5803",
            "close": "2.5802"
        },
        {
            "time": "10.12.2020 23:46",
            "open": "2.5802",
            "high": "2.5802",
            "low": "2.5802",
            "close": "2.5802"
        }
    ]
}