{
    "NU-EUR": [
        {
            "time": "09.07.2021 23:58",
            "open": "0.2044",
            "high": "0.2044",
            "low": "0.2044",
            "close": "0.2049"
        },
        {
            "time": "10.07.2021 00:00",
            "open": "0.2049",
            "high": "0.2049",
            "low": "0.2049",
            "close": "0.2049"
        },
        {
            "time": "10.07.2021 00:01",
            "open": "0.2049",
            "high": "0.2049",
            "low": "0.2045",
            "close": "0.2051"
        },
        {
            "time": "10.07.2021 00:08",
            "open": "0.2051",
            "high": "0.2052",
            "low": "0.2044",
            "close": "0.2047"
        },
        {
            "time": "10.07.2021 00:09",
            "open": "0.2047",
            "high": "0.2047",
            "low": "0.2047",
            "close": "0.2046"
        },
        {
            "time": "10.07.2021 00:10",
            "open": "0.2046",
            "high": "0.2046",
            "low": "0.2015",
            "close": "0.2012"
        },
        {
            "time": "10.07.2021 00:11",
            "open": "0.2012",
            "high": "0.2026",
            "low": "0.2006",
            "close": "0.202"
        },
        {
            "time": "10.07.2021 00:12",
            "open": "0.202",
            "high": "0.2028",
            "low": "0.202",
            "close": "0.2024"
        },
        {
            "time": "10.07.2021 00:13",
            "open": "0.2024",
            "high": "0.2024",
            "low": "0.2019",
            "close": "0.2024"
        },
        {
            "time": "10.07.2021 00:14",
            "open": "0.2024",
            "high": "0.2026",
            "low": "0.2024",
            "close": "0.2026"
        },
        {
            "time": "10.07.2021 00:15",
            "open": "0.2026",
            "high": "0.2026",
            "low": "0.2026",
            "close": "0.2031"
        },
        {
            "time": "10.07.2021 00:27",
            "open": "0.2031",
            "high": "0.2031",
            "low": "0.2029",
            "close": "0.2033"
        },
        {
            "time": "10.07.2021 00:30",
            "open": "0.2033",
            "high": "0.2041",
            "low": "0.2033",
            "close": "0.2038"
        },
        {
            "time": "10.07.2021 00:31",
            "open": "0.2038",
            "high": "0.2038",
            "low": "0.2038",
            "close": "0.2037"
        },
        {
            "time": "10.07.2021 00:33",
            "open": "0.2037",
            "high": "0.2041",
            "low": "0.2037",
            "close": "0.2041"
        },
        {
            "time": "10.07.2021 00:34",
            "open": "0.2041",
            "high": "0.2041",
            "low": "0.2039",
            "close": "0.2034"
        },
        {
            "time": "10.07.2021 00:38",
            "open": "0.2034",
            "high": "0.2034",
            "low": "0.2034",
            "close": "0.2034"
        },
        {
            "time": "10.07.2021 00:41",
            "open": "0.2034",
            "high": "0.2036",
            "low": "0.2034",
            "close": "0.2039"
        },
        {
            "time": "10.07.2021 00:42",
            "open": "0.2039",
            "high": "0.2039",
            "low": "0.2039",
            "close": "0.204"
        },
        {
            "time": "10.07.2021 00:43",
            "open": "0.204",
            "high": "0.2067",
            "low": "0.204",
            "close": "0.2051"
        },
        {
            "time": "10.07.2021 00:44",
            "open": "0.2051",
            "high": "0.2051",
            "low": "0.2051",
            "close": "0.2048"
        },
        {
            "time": "10.07.2021 00:50",
            "open": "0.2048",
            "high": "0.2048",
            "low": "0.2035",
            "close": "0.2031"
        },
        {
            "time": "10.07.2021 00:51",
            "open": "0.2031",
            "high": "0.2032",
            "low": "0.2024",
            "close": "0.2024"
        },
        {
            "time": "10.07.2021 00:52",
            "open": "0.2024",
            "high": "0.2025",
            "low": "0.2024",
            "close": "0.2024"
        },
        {
            "time": "10.07.2021 00:53",
            "open": "0.2024",
            "high": "0.2024",
            "low": "0.2024",
            "close": "0.2026"
        },
        {
            "time": "10.07.2021 00:55",
            "open": "0.2026",
            "high": "0.2026",
            "low": "0.2025",
            "close": "0.2026"
        },
        {
            "time": "10.07.2021 00:58",
            "open": "0.2026",
            "high": "0.2026",
            "low": "0.2026",
            "close": "0.2029"
        },
        {
            "time": "10.07.2021 00:59",
            "open": "0.2029",
            "high": "0.2029",
            "low": "0.2029",
            "close": "0.2029"
        },
        {
            "time": "10.07.2021 01:00",
            "open": "0.2029",
            "high": "0.203",
            "low": "0.2029",
            "close": "0.203"
        },
        {
            "time": "10.07.2021 01:01",
            "open": "0.203",
            "high": "0.2031",
            "low": "0.2025",
            "close": "0.2029"
        },
        {
            "time": "10.07.2021 01:03",
            "open": "0.2029",
            "high": "0.2031",
            "low": "0.2024",
            "close": "0.2026"
        },
        {
            "time": "10.07.2021 01:06",
            "open": "0.2026",
            "high": "0.2026",
            "low": "0.2026",
            "close": "0.2029"
        },
        {
            "time": "10.07.2021 01:07",
            "open": "0.2029",
            "high": "0.203",
            "low": "0.2029",
            "close": "0.2032"
        },
        {
            "time": "10.07.2021 01:10",
            "open": "0.2032",
            "high": "0.2034",
            "low": "0.2032",
            "close": "0.2033"
        },
        {
            "time": "10.07.2021 01:12",
            "open": "0.2033",
            "high": "0.2046",
            "low": "0.2033",
            "close": "0.2038"
        },
        {
            "time": "10.07.2021 01:16",
            "open": "0.2038",
            "high": "0.2039",
            "low": "0.2038",
            "close": "0.2033"
        },
        {
            "time": "10.07.2021 01:18",
            "open": "0.2033",
            "high": "0.2033",
            "low": "0.2028",
            "close": "0.2023"
        },
        {
            "time": "10.07.2021 01:19",
            "open": "0.2023",
            "high": "0.2037",
            "low": "0.2015",
            "close": "0.2024"
        },
        {
            "time": "10.07.2021 01:20",
            "open": "0.2024",
            "high": "0.2027",
            "low": "0.2024",
            "close": "0.202"
        },
        {
            "time": "10.07.2021 01:21",
            "open": "0.202",
            "high": "0.202",
            "low": "0.202",
            "close": "0.2027"
        },
        {
            "time": "10.07.2021 01:22",
            "open": "0.2027",
            "high": "0.2033",
            "low": "0.2027",
            "close": "0.2022"
        },
        {
            "time": "10.07.2021 01:23",
            "open": "0.2022",
            "high": "0.2022",
            "low": "0.2021",
            "close": "0.2014"
        },
        {
            "time": "10.07.2021 01:25",
            "open": "0.2014",
            "high": "0.2027",
            "low": "0.2009",
            "close": "0.2021"
        },
        {
            "time": "10.07.2021 01:26",
            "open": "0.2021",
            "high": "0.2021",
            "low": "0.2012",
            "close": "0.2011"
        },
        {
            "time": "10.07.2021 01:29",
            "open": "0.2011",
            "high": "0.2023",
            "low": "0.2011",
            "close": "0.2024"
        },
        {
            "time": "10.07.2021 01:30",
            "open": "0.2024",
            "high": "0.2026",
            "low": "0.2024",
            "close": "0.2024"
        },
        {
            "time": "10.07.2021 01:33",
            "open": "0.2024",
            "high": "0.2024",
            "low": "0.2021",
            "close": "0.202"
        },
        {
            "time": "10.07.2021 01:37",
            "open": "0.202",
            "high": "0.202",
            "low": "0.2019",
            "close": "0.2023"
        },
        {
            "time": "10.07.2021 01:40",
            "open": "0.2023",
            "high": "0.2023",
            "low": "0.2021",
            "close": "0.2021"
        },
        {
            "time": "10.07.2021 01:41",
            "open": "0.2021",
            "high": "0.2022",
            "low": "0.2021",
            "close": "0.2032"
        },
        {
            "time": "10.07.2021 01:44",
            "open": "0.2032",
            "high": "0.2032",
            "low": "0.2031",
            "close": "0.203"
        },
        {
            "time": "10.07.2021 01:45",
            "open": "0.203",
            "high": "0.203",
            "low": "0.2027",
            "close": "0.2024"
        },
        {
            "time": "10.07.2021 01:48",
            "open": "0.2024",
            "high": "0.2024",
            "low": "0.2022",
            "close": "0.202"
        },
        {
            "time": "10.07.2021 01:55",
            "open": "0.202",
            "high": "0.202",
            "low": "0.2019",
            "close": "0.2018"
        },
        {
            "time": "10.07.2021 02:05",
            "open": "0.2018",
            "high": "0.2018",
            "low": "0.2018",
            "close": "0.2018"
        },
        {
            "time": "10.07.2021 02:11",
            "open": "0.2018",
            "high": "0.2018",
            "low": "0.2018",
            "close": "0.202"
        },
        {
            "time": "10.07.2021 02:12",
            "open": "0.202",
            "high": "0.202",
            "low": "0.202",
            "close": "0.2024"
        },
        {
            "time": "10.07.2021 02:15",
            "open": "0.2024",
            "high": "0.2034",
            "low": "0.2023",
            "close": "0.2029"
        },
        {
            "time": "10.07.2021 02:23",
            "open": "0.2029",
            "high": "0.2029",
            "low": "0.2029",
            "close": "0.2026"
        },
        {
            "time": "10.07.2021 02:28",
            "open": "0.2026",
            "high": "0.2026",
            "low": "0.2026",
            "close": "0.2028"
        },
        {
            "time": "10.07.2021 02:29",
            "open": "0.2028",
            "high": "0.2028",
            "low": "0.2028",
            "close": "0.2028"
        },
        {
            "time": "10.07.2021 02:32",
            "open": "0.2028",
            "high": "0.2032",
            "low": "0.2028",
            "close": "0.2038"
        },
        {
            "time": "10.07.2021 02:33",
            "open": "0.2038",
            "high": "0.2038",
            "low": "0.2037",
            "close": "0.2038"
        },
        {
            "time": "10.07.2021 02:34",
            "open": "0.2038",
            "high": "0.2038",
            "low": "0.2038",
            "close": "0.2033"
        },
        {
            "time": "10.07.2021 02:53",
            "open": "0.2033",
            "high": "0.2033",
            "low": "0.2028",
            "close": "0.2028"
        },
        {
            "time": "10.07.2021 02:59",
            "open": "0.2028",
            "high": "0.2036",
            "low": "0.2028",
            "close": "0.2028"
        },
        {
            "time": "10.07.2021 03:03",
            "open": "0.2028",
            "high": "0.2028",
            "low": "0.2015",
            "close": "0.2011"
        },
        {
            "time": "10.07.2021 03:05",
            "open": "0.2011",
            "high": "0.2011",
            "low": "0.1986",
            "close": "0.1994"
        },
        {
            "time": "10.07.2021 03:06",
            "open": "0.1994",
            "high": "0.1994",
            "low": "0.1993",
            "close": "0.2"
        },
        {
            "time": "10.07.2021 03:07",
            "open": "0.2",
            "high": "0.2007",
            "low": "0.1999",
            "close": "0.2006"
        },
        {
            "time": "10.07.2021 03:08",
            "open": "0.2006",
            "high": "0.2015",
            "low": "0.2006",
            "close": "0.201"
        },
        {
            "time": "10.07.2021 03:09",
            "open": "0.201",
            "high": "0.2011",
            "low": "0.2009",
            "close": "0.2011"
        },
        {
            "time": "10.07.2021 03:10",
            "open": "0.2011",
            "high": "0.2011",
            "low": "0.2006",
            "close": "0.2003"
        },
        {
            "time": "10.07.2021 03:11",
            "open": "0.2003",
            "high": "0.2003",
            "low": "0.2003",
            "close": "0.2001"
        },
        {
            "time": "10.07.2021 03:14",
            "open": "0.2001",
            "high": "0.2012",
            "low": "0.2001",
            "close": "0.2006"
        },
        {
            "time": "10.07.2021 03:15",
            "open": "0.2006",
            "high": "0.2006",
            "low": "0.2006",
            "close": "0.1999"
        },
        {
            "time": "10.07.2021 03:18",
            "open": "0.1999",
            "high": "0.2003",
            "low": "0.1999",
            "close": "0.2002"
        },
        {
            "time": "10.07.2021 03:19",
            "open": "0.2002",
            "high": "0.2002",
            "low": "0.2",
            "close": "0.2003"
        },
        {
            "time": "10.07.2021 03:22",
            "open": "0.2003",
            "high": "0.2013",
            "low": "0.2003",
            "close": "0.2012"
        },
        {
            "time": "10.07.2021 03:23",
            "open": "0.2012",
            "high": "0.2012",
            "low": "0.2012",
            "close": "0.2012"
        },
        {
            "time": "10.07.2021 03:24",
            "open": "0.2012",
            "high": "0.2013",
            "low": "0.2007",
            "close": "0.2007"
        },
        {
            "time": "10.07.2021 03:25",
            "open": "0.2007",
            "high": "0.2007",
            "low": "0.2007",
            "close": "0.2012"
        },
        {
            "time": "10.07.2021 03:36",
            "open": "0.2012",
            "high": "0.2012",
            "low": "0.1998",
            "close": "0.2002"
        },
        {
            "time": "10.07.2021 03:43",
            "open": "0.2002",
            "high": "0.2002",
            "low": "0.2002",
            "close": "0.2"
        },
        {
            "time": "10.07.2021 03:53",
            "open": "0.2",
            "high": "0.2",
            "low": "0.2",
            "close": "0.1995"
        },
        {
            "time": "10.07.2021 04:01",
            "open": "0.1995",
            "high": "0.1995",
            "low": "0.1995",
            "close": "0.1991"
        },
        {
            "time": "10.07.2021 04:05",
            "open": "0.1992",
            "high": "0.1992",
            "low": "0.1992",
            "close": "0.1992"
        },
        {
            "time": "10.07.2021 04:10",
            "open": "0.1992",
            "high": "0.1992",
            "low": "0.1992",
            "close": "0.1989"
        },
        {
            "time": "10.07.2021 04:11",
            "open": "0.1989",
            "high": "0.1989",
            "low": "0.1986",
            "close": "0.1986"
        },
        {
            "time": "10.07.2021 04:13",
            "open": "0.1986",
            "high": "0.2006",
            "low": "0.1986",
            "close": "0.2001"
        },
        {
            "time": "10.07.2021 04:14",
            "open": "0.2001",
            "high": "0.201",
            "low": "0.1998",
            "close": "0.2003"
        },
        {
            "time": "10.07.2021 04:15",
            "open": "0.2003",
            "high": "0.2015",
            "low": "0.2003",
            "close": "0.2016"
        },
        {
            "time": "10.07.2021 04:16",
            "open": "0.2016",
            "high": "0.2029",
            "low": "0.2016",
            "close": "0.2024"
        },
        {
            "time": "10.07.2021 04:19",
            "open": "0.2024",
            "high": "0.2024",
            "low": "0.2012",
            "close": "0.2012"
        },
        {
            "time": "10.07.2021 04:20",
            "open": "0.2012",
            "high": "0.2012",
            "low": "0.201",
            "close": "0.201"
        },
        {
            "time": "10.07.2021 04:21",
            "open": "0.201",
            "high": "0.201",
            "low": "0.201",
            "close": "0.2008"
        },
        {
            "time": "10.07.2021 04:22",
            "open": "0.2008",
            "high": "0.2008",
            "low": "0.2003",
            "close": "0.2004"
        },
        {
            "time": "10.07.2021 04:23",
            "open": "0.2004",
            "high": "0.2004",
            "low": "0.2004",
            "close": "0.2006"
        },
        {
            "time": "10.07.2021 04:24",
            "open": "0.2006",
            "high": "0.2006",
            "low": "0.2006",
            "close": "0.2006"
        },
        {
            "time": "10.07.2021 04:31",
            "open": "0.2006",
            "high": "0.2006",
            "low": "0.2006",
            "close": "0.1998"
        },
        {
            "time": "10.07.2021 04:49",
            "open": "0.1998",
            "high": "0.1999",
            "low": "0.1998",
            "close": "0.1996"
        },
        {
            "time": "10.07.2021 04:52",
            "open": "0.1996",
            "high": "0.1996",
            "low": "0.1996",
            "close": "0.1993"
        },
        {
            "time": "10.07.2021 04:54",
            "open": "0.1993",
            "high": "0.1993",
            "low": "0.1991",
            "close": "0.1992"
        },
        {
            "time": "10.07.2021 05:06",
            "open": "0.1992",
            "high": "0.1994",
            "low": "0.1992",
            "close": "0.1996"
        },
        {
            "time": "10.07.2021 05:12",
            "open": "0.1996",
            "high": "0.2008",
            "low": "0.1996",
            "close": "0.2015"
        },
        {
            "time": "10.07.2021 05:13",
            "open": "0.2015",
            "high": "0.2016",
            "low": "0.2014",
            "close": "0.2014"
        },
        {
            "time": "10.07.2021 05:14",
            "open": "0.2014",
            "high": "0.2014",
            "low": "0.2014",
            "close": "0.2012"
        },
        {
            "time": "10.07.2021 05:18",
            "open": "0.2012",
            "high": "0.2012",
            "low": "0.2012",
            "close": "0.2004"
        },
        {
            "time": "10.07.2021 05:33",
            "open": "0.2004",
            "high": "0.2004",
            "low": "0.2004",
            "close": "0.2005"
        },
        {
            "time": "10.07.2021 05:37",
            "open": "0.2005",
            "high": "0.2005",
            "low": "0.2003",
            "close": "0.2005"
        },
        {
            "time": "10.07.2021 05:52",
            "open": "0.2005",
            "high": "0.2005",
            "low": "0.2004",
            "close": "0.2007"
        },
        {
            "time": "10.07.2021 05:57",
            "open": "0.2007",
            "high": "0.2008",
            "low": "0.2007",
            "close": "0.2007"
        },
        {
            "time": "10.07.2021 06:41",
            "open": "0.2007",
            "high": "0.2007",
            "low": "0.1997",
            "close": "0.2"
        },
        {
            "time": "10.07.2021 06:42",
            "open": "0.2",
            "high": "0.2004",
            "low": "0.1998",
            "close": "0.1998"
        },
        {
            "time": "10.07.2021 06:43",
            "open": "0.1998",
            "high": "0.1998",
            "low": "0.1998",
            "close": "0.1995"
        },
        {
            "time": "10.07.2021 07:02",
            "open": "0.1995",
            "high": "0.1995",
            "low": "0.1995",
            "close": "0.1995"
        },
        {
            "time": "10.07.2021 07:03",
            "open": "0.1995",
            "high": "0.1995",
            "low": "0.1995",
            "close": "0.1996"
        },
        {
            "time": "10.07.2021 07:04",
            "open": "0.1996",
            "high": "0.1996",
            "low": "0.1996",
            "close": "0.1998"
        },
        {
            "time": "10.07.2021 07:15",
            "open": "0.1998",
            "high": "0.1998",
            "low": "0.1998",
            "close": "0.2001"
        },
        {
            "time": "10.07.2021 07:16",
            "open": "0.2001",
            "high": "0.2001",
            "low": "0.2001",
            "close": "0.2003"
        },
        {
            "time": "10.07.2021 07:17",
            "open": "0.2003",
            "high": "0.2003",
            "low": "0.2003",
            "close": "0.2002"
        },
        {
            "time": "10.07.2021 07:18",
            "open": "0.2002",
            "high": "0.2003",
            "low": "0.2002",
            "close": "0.2003"
        },
        {
            "time": "10.07.2021 07:47",
            "open": "0.2003",
            "high": "0.2003",
            "low": "0.2003",
            "close": "0.2005"
        },
        {
            "time": "10.07.2021 08:11",
            "open": "0.2005",
            "high": "0.2006",
            "low": "0.2005",
            "close": "0.2002"
        },
        {
            "time": "10.07.2021 08:30",
            "open": "0.2002",
            "high": "0.2002",
            "low": "0.2002",
            "close": "0.2007"
        },
        {
            "time": "10.07.2021 09:00",
            "open": "0.2007",
            "high": "0.2016",
            "low": "0.2007",
            "close": "0.2013"
        },
        {
            "time": "10.07.2021 09:01",
            "open": "0.2013",
            "high": "0.2013",
            "low": "0.2009",
            "close": "0.2006"
        },
        {
            "time": "10.07.2021 09:03",
            "open": "0.2006",
            "high": "0.2006",
            "low": "0.2005",
            "close": "0.2002"
        },
        {
            "time": "10.07.2021 09:05",
            "open": "0.2002",
            "high": "0.2007",
            "low": "0.2002",
            "close": "0.2006"
        },
        {
            "time": "10.07.2021 09:06",
            "open": "0.2006",
            "high": "0.2006",
            "low": "0.2004",
            "close": "0.2004"
        },
        {
            "time": "10.07.2021 09:07",
            "open": "0.2004",
            "high": "0.2004",
            "low": "0.2002",
            "close": "0.1999"
        },
        {
            "time": "10.07.2021 09:10",
            "open": "0.1999",
            "high": "0.1999",
            "low": "0.1999",
            "close": "0.1997"
        },
        {
            "time": "10.07.2021 09:18",
            "open": "0.1997",
            "high": "0.1997",
            "low": "0.1997",
            "close": "0.1992"
        },
        {
            "time": "10.07.2021 09:32",
            "open": "0.1992",
            "high": "0.1992",
            "low": "0.1992",
            "close": "0.1993"
        },
        {
            "time": "10.07.2021 09:33",
            "open": "0.1993",
            "high": "0.1999",
            "low": "0.1993",
            "close": "0.2007"
        },
        {
            "time": "10.07.2021 09:46",
            "open": "0.2007",
            "high": "0.2007",
            "low": "0.2007",
            "close": "0.2002"
        },
        {
            "time": "10.07.2021 09:50",
            "open": "0.2002",
            "high": "0.2002",
            "low": "0.2001",
            "close": "0.2002"
        },
        {
            "time": "10.07.2021 09:51",
            "open": "0.2002",
            "high": "0.2002",
            "low": "0.2002",
            "close": "0.2006"
        },
        {
            "time": "10.07.2021 09:53",
            "open": "0.2006",
            "high": "0.2006",
            "low": "0.2003",
            "close": "0.2001"
        },
        {
            "time": "10.07.2021 10:12",
            "open": "0.2001",
            "high": "0.2001",
            "low": "0.1997",
            "close": "0.1999"
        },
        {
            "time": "10.07.2021 10:20",
            "open": "0.1999",
            "high": "0.1999",
            "low": "0.1999",
            "close": "0.2006"
        },
        {
            "time": "10.07.2021 10:21",
            "open": "0.2006",
            "high": "0.2007",
            "low": "0.2006",
            "close": "0.2008"
        },
        {
            "time": "10.07.2021 10:22",
            "open": "0.2008",
            "high": "0.2008",
            "low": "0.2008",
            "close": "0.2008"
        },
        {
            "time": "10.07.2021 10:23",
            "open": "0.2008",
            "high": "0.2008",
            "low": "0.2007",
            "close": "0.2008"
        },
        {
            "time": "10.07.2021 10:24",
            "open": "0.2008",
            "high": "0.2008",
            "low": "0.2006",
            "close": "0.1999"
        },
        {
            "time": "10.07.2021 10:32",
            "open": "0.1999",
            "high": "0.1999",
            "low": "0.1999",
            "close": "0.2001"
        },
        {
            "time": "10.07.2021 10:39",
            "open": "0.2001",
            "high": "0.2002",
            "low": "0.1992",
            "close": "0.1997"
        },
        {
            "time": "10.07.2021 10:56",
            "open": "0.1997",
            "high": "0.1997",
            "low": "0.1997",
            "close": "0.199"
        },
        {
            "time": "10.07.2021 10:58",
            "open": "0.199",
            "high": "0.1991",
            "low": "0.199",
            "close": "0.1998"
        },
        {
            "time": "10.07.2021 11:16",
            "open": "0.1998",
            "high": "0.1998",
            "low": "0.1997",
            "close": "0.1994"
        },
        {
            "time": "10.07.2021 11:17",
            "open": "0.1994",
            "high": "0.1995",
            "low": "0.1994",
            "close": "0.2"
        },
        {
            "time": "10.07.2021 11:29",
            "open": "0.2",
            "high": "0.2",
            "low": "0.2",
            "close": "0.1995"
        },
        {
            "time": "10.07.2021 11:53",
            "open": "0.1995",
            "high": "0.1998",
            "low": "0.1995",
            "close": "0.2"
        },
        {
            "time": "10.07.2021 11:54",
            "open": "0.2",
            "high": "0.2001",
            "low": "0.2",
            "close": "0.1998"
        },
        {
            "time": "10.07.2021 12:19",
            "open": "0.1998",
            "high": "0.1998",
            "low": "0.1998",
            "close": "0.1996"
        },
        {
            "time": "10.07.2021 12:20",
            "open": "0.1996",
            "high": "0.1996",
            "low": "0.1995",
            "close": "0.1994"
        },
        {
            "time": "10.07.2021 12:27",
            "open": "0.1994",
            "high": "0.1994",
            "low": "0.1991",
            "close": "0.1988"
        },
        {
            "time": "10.07.2021 12:30",
            "open": "0.1988",
            "high": "0.1988",
            "low": "0.1987",
            "close": "0.1986"
        },
        {
            "time": "10.07.2021 12:33",
            "open": "0.1986",
            "high": "0.1986",
            "low": "0.1986",
            "close": "0.1984"
        },
        {
            "time": "10.07.2021 12:44",
            "open": "0.1984",
            "high": "0.1984",
            "low": "0.1984",
            "close": "0.1985"
        },
        {
            "time": "10.07.2021 12:47",
            "open": "0.1985",
            "high": "0.1985",
            "low": "0.1985",
            "close": "0.1983"
        },
        {
            "time": "10.07.2021 12:51",
            "open": "0.1983",
            "high": "0.1983",
            "low": "0.1982",
            "close": "0.1982"
        },
        {
            "time": "10.07.2021 12:52",
            "open": "0.1982",
            "high": "0.1982",
            "low": "0.1982",
            "close": "0.198"
        },
        {
            "time": "10.07.2021 12:53",
            "open": "0.198",
            "high": "0.198",
            "low": "0.1978",
            "close": "0.1975"
        },
        {
            "time": "10.07.2021 12:59",
            "open": "0.1975",
            "high": "0.1975",
            "low": "0.1975",
            "close": "0.1972"
        },
        {
            "time": "10.07.2021 13:02",
            "open": "0.1972",
            "high": "0.1972",
            "low": "0.1972",
            "close": "0.1972"
        },
        {
            "time": "10.07.2021 13:04",
            "open": "0.1972",
            "high": "0.1972",
            "low": "0.1971",
            "close": "0.197"
        },
        {
            "time": "10.07.2021 13:08",
            "open": "0.197",
            "high": "0.197",
            "low": "0.197",
            "close": "0.1972"
        },
        {
            "time": "10.07.2021 13:14",
            "open": "0.1972",
            "high": "0.1972",
            "low": "0.1972",
            "close": "0.1973"
        },
        {
            "time": "10.07.2021 13:16",
            "open": "0.1973",
            "high": "0.1974",
            "low": "0.1973",
            "close": "0.1977"
        },
        {
            "time": "10.07.2021 13:19",
            "open": "0.1977",
            "high": "0.1977",
            "low": "0.1977",
            "close": "0.1985"
        },
        {
            "time": "10.07.2021 13:29",
            "open": "0.1985",
            "high": "0.1985",
            "low": "0.1983",
            "close": "0.1992"
        },
        {
            "time": "10.07.2021 13:36",
            "open": "0.1992",
            "high": "0.1992",
            "low": "0.1992",
            "close": "0.1985"
        },
        {
            "time": "10.07.2021 14:03",
            "open": "0.1985",
            "high": "0.1985",
            "low": "0.1985",
            "close": "0.1983"
        },
        {
            "time": "10.07.2021 14:05",
            "open": "0.1983",
            "high": "0.1983",
            "low": "0.1983",
            "close": "0.1984"
        },
        {
            "time": "10.07.2021 14:29",
            "open": "0.1984",
            "high": "0.1984",
            "low": "0.1984",
            "close": "0.1989"
        },
        {
            "time": "10.07.2021 14:38",
            "open": "0.1989",
            "high": "0.1989",
            "low": "0.1989",
            "close": "0.1983"
        },
        {
            "time": "10.07.2021 14:42",
            "open": "0.1983",
            "high": "0.1983",
            "low": "0.1983",
            "close": "0.1985"
        },
        {
            "time": "10.07.2021 14:51",
            "open": "0.1985",
            "high": "0.1987",
            "low": "0.1985",
            "close": "0.1984"
        },
        {
            "time": "10.07.2021 14:56",
            "open": "0.1984",
            "high": "0.1984",
            "low": "0.1984",
            "close": "0.1985"
        },
        {
            "time": "10.07.2021 14:59",
            "open": "0.1985",
            "high": "0.1988",
            "low": "0.1985",
            "close": "0.198"
        },
        {
            "time": "10.07.2021 15:05",
            "open": "0.198",
            "high": "0.198",
            "low": "0.198",
            "close": "0.1981"
        },
        {
            "time": "10.07.2021 15:09",
            "open": "0.1981",
            "high": "0.1981",
            "low": "0.1981",
            "close": "0.1983"
        },
        {
            "time": "10.07.2021 15:10",
            "open": "0.1983",
            "high": "0.1983",
            "low": "0.1983",
            "close": "0.1988"
        },
        {
            "time": "10.07.2021 15:12",
            "open": "0.1988",
            "high": "0.1988",
            "low": "0.1987",
            "close": "0.1987"
        },
        {
            "time": "10.07.2021 15:14",
            "open": "0.1987",
            "high": "0.1988",
            "low": "0.1987",
            "close": "0.1987"
        },
        {
            "time": "10.07.2021 15:17",
            "open": "0.1987",
            "high": "0.1988",
            "low": "0.1987",
            "close": "0.1992"
        },
        {
            "time": "10.07.2021 15:18",
            "open": "0.1992",
            "high": "0.1992",
            "low": "0.1991",
            "close": "0.1991"
        },
        {
            "time": "10.07.2021 15:19",
            "open": "0.1991",
            "high": "0.1991",
            "low": "0.1989",
            "close": "0.1996"
        },
        {
            "time": "10.07.2021 15:23",
            "open": "0.1996",
            "high": "0.1999",
            "low": "0.1996",
            "close": "0.1997"
        },
        {
            "time": "10.07.2021 15:25",
            "open": "0.1997",
            "high": "0.1997",
            "low": "0.1997",
            "close": "0.1993"
        },
        {
            "time": "10.07.2021 15:30",
            "open": "0.1993",
            "high": "0.1993",
            "low": "0.1989",
            "close": "0.199"
        },
        {
            "time": "10.07.2021 15:32",
            "open": "0.199",
            "high": "0.1994",
            "low": "0.199",
            "close": "0.1994"
        },
        {
            "time": "10.07.2021 15:38",
            "open": "0.1994",
            "high": "0.1995",
            "low": "0.1994",
            "close": "0.1989"
        },
        {
            "time": "10.07.2021 15:41",
            "open": "0.1989",
            "high": "0.1989",
            "low": "0.1988",
            "close": "0.1989"
        },
        {
            "time": "10.07.2021 15:47",
            "open": "0.1989",
            "high": "0.1989",
            "low": "0.1989",
            "close": "0.1988"
        },
        {
            "time": "10.07.2021 15:48",
            "open": "0.1988",
            "high": "0.1988",
            "low": "0.1988",
            "close": "0.1988"
        },
        {
            "time": "10.07.2021 15:53",
            "open": "0.1988",
            "high": "0.1988",
            "low": "0.1988",
            "close": "0.1988"
        },
        {
            "time": "10.07.2021 15:54",
            "open": "0.1988",
            "high": "0.1988",
            "low": "0.1988",
            "close": "0.199"
        },
        {
            "time": "10.07.2021 15:55",
            "open": "0.199",
            "high": "0.199",
            "low": "0.199",
            "close": "0.1989"
        },
        {
            "time": "10.07.2021 15:58",
            "open": "0.1989",
            "high": "0.1989",
            "low": "0.1989",
            "close": "0.1991"
        },
        {
            "time": "10.07.2021 16:09",
            "open": "0.1991",
            "high": "0.1991",
            "low": "0.1991",
            "close": "0.1989"
        },
        {
            "time": "10.07.2021 16:12",
            "open": "0.1989",
            "high": "0.1989",
            "low": "0.1989",
            "close": "0.1989"
        },
        {
            "time": "10.07.2021 16:13",
            "open": "0.1989",
            "high": "0.1989",
            "low": "0.1989",
            "close": "0.1989"
        },
        {
            "time": "10.07.2021 16:14",
            "open": "0.1989",
            "high": "0.1989",
            "low": "0.1989",
            "close": "0.1988"
        },
        {
            "time": "10.07.2021 16:18",
            "open": "0.1988",
            "high": "0.1988",
            "low": "0.1988",
            "close": "0.1988"
        },
        {
            "time": "10.07.2021 16:19",
            "open": "0.1988",
            "high": "0.1988",
            "low": "0.1988",
            "close": "0.1988"
        },
        {
            "time": "10.07.2021 16:22",
            "open": "0.1988",
            "high": "0.1988",
            "low": "0.1988",
            "close": "0.1988"
        },
        {
            "time": "10.07.2021 16:24",
            "open": "0.1988",
            "high": "0.1988",
            "low": "0.1988",
            "close": "0.1988"
        },
        {
            "time": "10.07.2021 16:26",
            "open": "0.1988",
            "high": "0.1988",
            "low": "0.1988",
            "close": "0.1986"
        },
        {
            "time": "10.07.2021 16:32",
            "open": "0.1986",
            "high": "0.1991",
            "low": "0.1986",
            "close": "0.1995"
        },
        {
            "time": "10.07.2021 16:37",
            "open": "0.1995",
            "high": "0.1995",
            "low": "0.1995",
            "close": "0.1993"
        },
        {
            "time": "10.07.2021 16:56",
            "open": "0.1993",
            "high": "0.1993",
            "low": "0.1989",
            "close": "0.1992"
        },
        {
            "time": "10.07.2021 17:02",
            "open": "0.1992",
            "high": "0.1994",
            "low": "0.1992",
            "close": "0.1992"
        },
        {
            "time": "10.07.2021 17:16",
            "open": "0.1992",
            "high": "0.1992",
            "low": "0.1991",
            "close": "0.1989"
        },
        {
            "time": "10.07.2021 17:17",
            "open": "0.1989",
            "high": "0.1989",
            "low": "0.1974",
            "close": "0.1974"
        },
        {
            "time": "10.07.2021 17:18",
            "open": "0.1974",
            "high": "0.1974",
            "low": "0.197",
            "close": "0.1973"
        },
        {
            "time": "10.07.2021 17:19",
            "open": "0.1973",
            "high": "0.1983",
            "low": "0.1973",
            "close": "0.1986"
        },
        {
            "time": "10.07.2021 17:20",
            "open": "0.1986",
            "high": "0.1986",
            "low": "0.1986",
            "close": "0.1989"
        },
        {
            "time": "10.07.2021 17:21",
            "open": "0.1989",
            "high": "0.1994",
            "low": "0.1989",
            "close": "0.1982"
        },
        {
            "time": "10.07.2021 17:28",
            "open": "0.1982",
            "high": "0.1982",
            "low": "0.1981",
            "close": "0.1983"
        },
        {
            "time": "10.07.2021 17:34",
            "open": "0.1983",
            "high": "0.1983",
            "low": "0.1983",
            "close": "0.1983"
        },
        {
            "time": "10.07.2021 17:35",
            "open": "0.1983",
            "high": "0.1983",
            "low": "0.1983",
            "close": "0.198"
        },
        {
            "time": "10.07.2021 17:41",
            "open": "0.198",
            "high": "0.198",
            "low": "0.198",
            "close": "0.198"
        },
        {
            "time": "10.07.2021 17:42",
            "open": "0.198",
            "high": "0.198",
            "low": "0.198",
            "close": "0.198"
        },
        {
            "time": "10.07.2021 17:44",
            "open": "0.198",
            "high": "0.198",
            "low": "0.198",
            "close": "0.1979"
        },
        {
            "time": "10.07.2021 17:46",
            "open": "0.1979",
            "high": "0.1979",
            "low": "0.1978",
            "close": "0.1984"
        },
        {
            "time": "10.07.2021 17:51",
            "open": "0.1984",
            "high": "0.1998",
            "low": "0.1984",
            "close": "0.1999"
        },
        {
            "time": "10.07.2021 17:52",
            "open": "0.1999",
            "high": "0.2",
            "low": "0.1999",
            "close": "0.2002"
        },
        {
            "time": "10.07.2021 17:53",
            "open": "0.2002",
            "high": "0.2002",
            "low": "0.2002",
            "close": "0.2001"
        },
        {
            "time": "10.07.2021 17:57",
            "open": "0.2001",
            "high": "0.2001",
            "low": "0.2001",
            "close": "0.1998"
        },
        {
            "time": "10.07.2021 18:01",
            "open": "0.1998",
            "high": "0.1998",
            "low": "0.1986",
            "close": "0.1987"
        },
        {
            "time": "10.07.2021 18:02",
            "open": "0.1987",
            "high": "0.1987",
            "low": "0.1985",
            "close": "0.1992"
        },
        {
            "time": "10.07.2021 18:05",
            "open": "0.1992",
            "high": "0.1993",
            "low": "0.1992",
            "close": "0.1986"
        },
        {
            "time": "10.07.2021 18:10",
            "open": "0.1986",
            "high": "0.1986",
            "low": "0.1983",
            "close": "0.1984"
        },
        {
            "time": "10.07.2021 18:11",
            "open": "0.1984",
            "high": "0.1984",
            "low": "0.1984",
            "close": "0.1987"
        },
        {
            "time": "10.07.2021 18:15",
            "open": "0.1987",
            "high": "0.1994",
            "low": "0.1987",
            "close": "0.1994"
        },
        {
            "time": "10.07.2021 18:17",
            "open": "0.1994",
            "high": "0.1994",
            "low": "0.1994",
            "close": "0.1996"
        },
        {
            "time": "10.07.2021 18:19",
            "open": "0.1996",
            "high": "0.1996",
            "low": "0.1996",
            "close": "0.1998"
        },
        {
            "time": "10.07.2021 18:22",
            "open": "0.1998",
            "high": "0.201",
            "low": "0.1998",
            "close": "0.201"
        },
        {
            "time": "10.07.2021 18:23",
            "open": "0.201",
            "high": "0.2014",
            "low": "0.201",
            "close": "0.2014"
        },
        {
            "time": "10.07.2021 18:24",
            "open": "0.2014",
            "high": "0.2014",
            "low": "0.2014",
            "close": "0.2016"
        },
        {
            "time": "10.07.2021 18:27",
            "open": "0.2016",
            "high": "0.202",
            "low": "0.2016",
            "close": "0.2024"
        },
        {
            "time": "10.07.2021 18:29",
            "open": "0.2024",
            "high": "0.2026",
            "low": "0.2024",
            "close": "0.2027"
        },
        {
            "time": "10.07.2021 18:30",
            "open": "0.2027",
            "high": "0.2031",
            "low": "0.2019",
            "close": "0.2019"
        },
        {
            "time": "10.07.2021 18:31",
            "open": "0.2019",
            "high": "0.2023",
            "low": "0.2018",
            "close": "0.2015"
        },
        {
            "time": "10.07.2021 18:34",
            "open": "0.2015",
            "high": "0.2015",
            "low": "0.2008",
            "close": "0.2017"
        },
        {
            "time": "10.07.2021 18:42",
            "open": "0.2017",
            "high": "0.2017",
            "low": "0.2017",
            "close": "0.2013"
        },
        {
            "time": "10.07.2021 18:46",
            "open": "0.2013",
            "high": "0.2013",
            "low": "0.2013",
            "close": "0.2014"
        },
        {
            "time": "10.07.2021 18:47",
            "open": "0.2014",
            "high": "0.2014",
            "low": "0.2014",
            "close": "0.2016"
        },
        {
            "time": "10.07.2021 18:51",
            "open": "0.2016",
            "high": "0.2016",
            "low": "0.2016",
            "close": "0.2016"
        },
        {
            "time": "10.07.2021 18:52",
            "open": "0.2016",
            "high": "0.2017",
            "low": "0.2016",
            "close": "0.2003"
        },
        {
            "time": "10.07.2021 19:03",
            "open": "0.2003",
            "high": "0.2004",
            "low": "0.1997",
            "close": "0.2"
        },
        {
            "time": "10.07.2021 19:07",
            "open": "0.2",
            "high": "0.2",
            "low": "0.2",
            "close": "0.1996"
        },
        {
            "time": "10.07.2021 19:10",
            "open": "0.1996",
            "high": "0.1996",
            "low": "0.1996",
            "close": "0.1996"
        },
        {
            "time": "10.07.2021 19:11",
            "open": "0.1996",
            "high": "0.1996",
            "low": "0.1993",
            "close": "0.1988"
        },
        {
            "time": "10.07.2021 19:12",
            "open": "0.1988",
            "high": "0.1988",
            "low": "0.1979",
            "close": "0.1979"
        },
        {
            "time": "10.07.2021 19:13",
            "open": "0.1979",
            "high": "0.1979",
            "low": "0.1979",
            "close": "0.1982"
        },
        {
            "time": "10.07.2021 19:15",
            "open": "0.1982",
            "high": "0.1983",
            "low": "0.1982",
            "close": "0.1978"
        },
        {
            "time": "10.07.2021 19:16",
            "open": "0.1978",
            "high": "0.1979",
            "low": "0.1977",
            "close": "0.198"
        },
        {
            "time": "10.07.2021 19:19",
            "open": "0.198",
            "high": "0.1981",
            "low": "0.198",
            "close": "0.1973"
        },
        {
            "time": "10.07.2021 19:26",
            "open": "0.1973",
            "high": "0.1973",
            "low": "0.197",
            "close": "0.1973"
        },
        {
            "time": "10.07.2021 19:28",
            "open": "0.1973",
            "high": "0.1973",
            "low": "0.197",
            "close": "0.1975"
        },
        {
            "time": "10.07.2021 19:30",
            "open": "0.1975",
            "high": "0.1975",
            "low": "0.1975",
            "close": "0.1972"
        },
        {
            "time": "10.07.2021 19:33",
            "open": "0.1972",
            "high": "0.1972",
            "low": "0.1971",
            "close": "0.1968"
        },
        {
            "time": "10.07.2021 19:36",
            "open": "0.1968",
            "high": "0.1968",
            "low": "0.1964",
            "close": "0.1962"
        },
        {
            "time": "10.07.2021 19:38",
            "open": "0.1962",
            "high": "0.1962",
            "low": "0.1962",
            "close": "0.1963"
        },
        {
            "time": "10.07.2021 19:39",
            "open": "0.1963",
            "high": "0.1979",
            "low": "0.1963",
            "close": "0.1976"
        },
        {
            "time": "10.07.2021 19:40",
            "open": "0.1976",
            "high": "0.1976",
            "low": "0.1974",
            "close": "0.1975"
        },
        {
            "time": "10.07.2021 19:42",
            "open": "0.1975",
            "high": "0.1975",
            "low": "0.1975",
            "close": "0.1975"
        },
        {
            "time": "10.07.2021 19:47",
            "open": "0.1975",
            "high": "0.1976",
            "low": "0.1975",
            "close": "0.1979"
        },
        {
            "time": "10.07.2021 20:06",
            "open": "0.1979",
            "high": "0.1979",
            "low": "0.1979",
            "close": "0.1976"
        },
        {
            "time": "10.07.2021 20:12",
            "open": "0.1976",
            "high": "0.1976",
            "low": "0.1974",
            "close": "0.1969"
        },
        {
            "time": "10.07.2021 20:17",
            "open": "0.1969",
            "high": "0.1969",
            "low": "0.1967",
            "close": "0.1962"
        },
        {
            "time": "10.07.2021 20:20",
            "open": "0.1962",
            "high": "0.1962",
            "low": "0.1958",
            "close": "0.1957"
        },
        {
            "time": "10.07.2021 20:21",
            "open": "0.1957",
            "high": "0.1962",
            "low": "0.1957",
            "close": "0.196"
        },
        {
            "time": "10.07.2021 20:22",
            "open": "0.196",
            "high": "0.196",
            "low": "0.196",
            "close": "0.1962"
        },
        {
            "time": "10.07.2021 20:29",
            "open": "0.1962",
            "high": "0.1969",
            "low": "0.1962",
            "close": "0.1961"
        },
        {
            "time": "10.07.2021 20:35",
            "open": "0.1961",
            "high": "0.1961",
            "low": "0.1961",
            "close": "0.1963"
        },
        {
            "time": "10.07.2021 20:39",
            "open": "0.1963",
            "high": "0.1963",
            "low": "0.1963",
            "close": "0.1964"
        },
        {
            "time": "10.07.2021 20:40",
            "open": "0.1964",
            "high": "0.1965",
            "low": "0.1964",
            "close": "0.1963"
        },
        {
            "time": "10.07.2021 20:50",
            "open": "0.1963",
            "high": "0.1963",
            "low": "0.1963",
            "close": "0.1968"
        },
        {
            "time": "10.07.2021 20:51",
            "open": "0.1968",
            "high": "0.1968",
            "low": "0.1968",
            "close": "0.1971"
        },
        {
            "time": "10.07.2021 20:53",
            "open": "0.1971",
            "high": "0.1971",
            "low": "0.1971",
            "close": "0.1971"
        },
        {
            "time": "10.07.2021 20:54",
            "open": "0.1971",
            "high": "0.1971",
            "low": "0.1971",
            "close": "0.1971"
        },
        {
            "time": "10.07.2021 21:05",
            "open": "0.1971",
            "high": "0.1972",
            "low": "0.1971",
            "close": "0.1968"
        },
        {
            "time": "10.07.2021 21:14",
            "open": "0.1968",
            "high": "0.1968",
            "low": "0.1968",
            "close": "0.197"
        },
        {
            "time": "10.07.2021 21:15",
            "open": "0.197",
            "high": "0.197",
            "low": "0.197",
            "close": "0.197"
        },
        {
            "time": "10.07.2021 21:23",
            "open": "0.197",
            "high": "0.1971",
            "low": "0.197",
            "close": "0.1972"
        },
        {
            "time": "10.07.2021 21:38",
            "open": "0.1972",
            "high": "0.1972",
            "low": "0.1972",
            "close": "0.1972"
        },
        {
            "time": "10.07.2021 21:45",
            "open": "0.1972",
            "high": "0.1975",
            "low": "0.1972",
            "close": "0.1975"
        },
        {
            "time": "10.07.2021 21:47",
            "open": "0.1975",
            "high": "0.1975",
            "low": "0.1975",
            "close": "0.1977"
        },
        {
            "time": "10.07.2021 21:56",
            "open": "0.1977",
            "high": "0.1977",
            "low": "0.1977",
            "close": "0.1973"
        },
        {
            "time": "10.07.2021 21:59",
            "open": "0.1973",
            "high": "0.1973",
            "low": "0.1972",
            "close": "0.1964"
        },
        {
            "time": "10.07.2021 22:09",
            "open": "0.1964",
            "high": "0.1966",
            "low": "0.1964",
            "close": "0.1962"
        },
        {
            "time": "10.07.2021 22:10",
            "open": "0.1962",
            "high": "0.1962",
            "low": "0.1961",
            "close": "0.196"
        },
        {
            "time": "10.07.2021 22:12",
            "open": "0.196",
            "high": "0.196",
            "low": "0.196",
            "close": "0.1961"
        },
        {
            "time": "10.07.2021 22:14",
            "open": "0.1961",
            "high": "0.1961",
            "low": "0.196",
            "close": "0.196"
        },
        {
            "time": "10.07.2021 22:15",
            "open": "0.196",
            "high": "0.196",
            "low": "0.196",
            "close": "0.196"
        },
        {
            "time": "10.07.2021 22:16",
            "open": "0.196",
            "high": "0.196",
            "low": "0.196",
            "close": "0.1957"
        },
        {
            "time": "10.07.2021 22:17",
            "open": "0.1957",
            "high": "0.1957",
            "low": "0.1953",
            "close": "0.1958"
        },
        {
            "time": "10.07.2021 22:21",
            "open": "0.1958",
            "high": "0.1958",
            "low": "0.1958",
            "close": "0.1968"
        },
        {
            "time": "10.07.2021 22:22",
            "open": "0.1968",
            "high": "0.1969",
            "low": "0.1965",
            "close": "0.1967"
        },
        {
            "time": "10.07.2021 22:23",
            "open": "0.1967",
            "high": "0.1967",
            "low": "0.1965",
            "close": "0.1966"
        },
        {
            "time": "10.07.2021 22:24",
            "open": "0.1966",
            "high": "0.1966",
            "low": "0.1956",
            "close": "0.1957"
        },
        {
            "time": "10.07.2021 22:25",
            "open": "0.1957",
            "high": "0.1957",
            "low": "0.1957",
            "close": "0.1956"
        },
        {
            "time": "10.07.2021 22:28",
            "open": "0.1956",
            "high": "0.1956",
            "low": "0.1953",
            "close": "0.1954"
        },
        {
            "time": "10.07.2021 22:29",
            "open": "0.1954",
            "high": "0.1954",
            "low": "0.1946",
            "close": "0.195"
        },
        {
            "time": "10.07.2021 22:30",
            "open": "0.195",
            "high": "0.1954",
            "low": "0.195",
            "close": "0.1953"
        },
        {
            "time": "10.07.2021 22:31",
            "open": "0.1953",
            "high": "0.1953",
            "low": "0.1952",
            "close": "0.1953"
        },
        {
            "time": "10.07.2021 22:33",
            "open": "0.1953",
            "high": "0.1953",
            "low": "0.1952",
            "close": "0.1952"
        },
        {
            "time": "10.07.2021 22:34",
            "open": "0.1952",
            "high": "0.1952",
            "low": "0.1949",
            "close": "0.1951"
        },
        {
            "time": "10.07.2021 22:35",
            "open": "0.1951",
            "high": "0.1951",
            "low": "0.1949",
            "close": "0.1951"
        },
        {
            "time": "10.07.2021 22:36",
            "open": "0.1951",
            "high": "0.1951",
            "low": "0.1947",
            "close": "0.195"
        },
        {
            "time": "10.07.2021 22:37",
            "open": "0.195",
            "high": "0.195",
            "low": "0.1939",
            "close": "0.1938"
        },
        {
            "time": "10.07.2021 22:38",
            "open": "0.1938",
            "high": "0.1939",
            "low": "0.1937",
            "close": "0.1939"
        },
        {
            "time": "10.07.2021 22:40",
            "open": "0.1939",
            "high": "0.1939",
            "low": "0.1939",
            "close": "0.1939"
        },
        {
            "time": "10.07.2021 22:41",
            "open": "0.1939",
            "high": "0.1939",
            "low": "0.1939",
            "close": "0.1939"
        },
        {
            "time": "10.07.2021 22:42",
            "open": "0.1939",
            "high": "0.1939",
            "low": "0.1939",
            "close": "0.1939"
        },
        {
            "time": "10.07.2021 22:43",
            "open": "0.1939",
            "high": "0.194",
            "low": "0.1939",
            "close": "0.1941"
        },
        {
            "time": "10.07.2021 22:45",
            "open": "0.1941",
            "high": "0.1963",
            "low": "0.1941",
            "close": "0.1949"
        },
        {
            "time": "10.07.2021 22:47",
            "open": "0.1949",
            "high": "0.195",
            "low": "0.1949",
            "close": "0.1951"
        },
        {
            "time": "10.07.2021 22:48",
            "open": "0.1951",
            "high": "0.1953",
            "low": "0.1947",
            "close": "0.1948"
        },
        {
            "time": "10.07.2021 22:51",
            "open": "0.1948",
            "high": "0.1948",
            "low": "0.1948",
            "close": "0.1947"
        },
        {
            "time": "10.07.2021 22:55",
            "open": "0.1947",
            "high": "0.1947",
            "low": "0.1947",
            "close": "0.1947"
        },
        {
            "time": "10.07.2021 22:56",
            "open": "0.1947",
            "high": "0.1954",
            "low": "0.1947",
            "close": "0.1954"
        },
        {
            "time": "10.07.2021 22:57",
            "open": "0.1954",
            "high": "0.1955",
            "low": "0.1953",
            "close": "0.1952"
        },
        {
            "time": "10.07.2021 22:58",
            "open": "0.1952",
            "high": "0.1953",
            "low": "0.1952",
            "close": "0.1954"
        },
        {
            "time": "10.07.2021 22:59",
            "open": "0.1954",
            "high": "0.1958",
            "low": "0.1954",
            "close": "0.1953"
        },
        {
            "time": "10.07.2021 23:00",
            "open": "0.1953",
            "high": "0.1953",
            "low": "0.1953",
            "close": "0.1954"
        },
        {
            "time": "10.07.2021 23:01",
            "open": "0.1954",
            "high": "0.1957",
            "low": "0.1954",
            "close": "0.1958"
        },
        {
            "time": "10.07.2021 23:02",
            "open": "0.1958",
            "high": "0.1958",
            "low": "0.1957",
            "close": "0.1959"
        },
        {
            "time": "10.07.2021 23:04",
            "open": "0.1959",
            "high": "0.1961",
            "low": "0.1959",
            "close": "0.196"
        },
        {
            "time": "10.07.2021 23:05",
            "open": "0.196",
            "high": "0.1964",
            "low": "0.196",
            "close": "0.1963"
        },
        {
            "time": "10.07.2021 23:06",
            "open": "0.1963",
            "high": "0.1963",
            "low": "0.1949",
            "close": "0.1951"
        },
        {
            "time": "10.07.2021 23:07",
            "open": "0.1951",
            "high": "0.1961",
            "low": "0.1951",
            "close": "0.1959"
        },
        {
            "time": "10.07.2021 23:08",
            "open": "0.1959",
            "high": "0.1967",
            "low": "0.1953",
            "close": "0.1963"
        },
        {
            "time": "10.07.2021 23:11",
            "open": "0.1963",
            "high": "0.1964",
            "low": "0.1963",
            "close": "0.1957"
        },
        {
            "time": "10.07.2021 23:13",
            "open": "0.1957",
            "high": "0.1957",
            "low": "0.1953",
            "close": "0.1953"
        },
        {
            "time": "10.07.2021 23:18",
            "open": "0.1953",
            "high": "0.1958",
            "low": "0.1953",
            "close": "0.1957"
        },
        {
            "time": "10.07.2021 23:20",
            "open": "0.1957",
            "high": "0.1957",
            "low": "0.1957",
            "close": "0.1958"
        },
        {
            "time": "10.07.2021 23:23",
            "open": "0.1958",
            "high": "0.1958",
            "low": "0.1958",
            "close": "0.1955"
        },
        {
            "time": "10.07.2021 23:29",
            "open": "0.1955",
            "high": "0.1955",
            "low": "0.1955",
            "close": "0.1951"
        }
    ]
}