{
    "NU-EUR": [
        {
            "time": "17.07.2021 23:55",
            "open": "0.1749",
            "high": "0.1749",
            "low": "0.1749",
            "close": "0.175"
        },
        {
            "time": "18.07.2021 00:03",
            "open": "0.175",
            "high": "0.175",
            "low": "0.1747",
            "close": "0.1753"
        },
        {
            "time": "18.07.2021 00:12",
            "open": "0.1753",
            "high": "0.1753",
            "low": "0.1753",
            "close": "0.1755"
        },
        {
            "time": "18.07.2021 00:19",
            "open": "0.1755",
            "high": "0.1756",
            "low": "0.1755",
            "close": "0.1758"
        },
        {
            "time": "18.07.2021 00:21",
            "open": "0.1758",
            "high": "0.1764",
            "low": "0.1758",
            "close": "0.1763"
        },
        {
            "time": "18.07.2021 00:22",
            "open": "0.1763",
            "high": "0.1763",
            "low": "0.1759",
            "close": "0.176"
        },
        {
            "time": "18.07.2021 00:23",
            "open": "0.176",
            "high": "0.176",
            "low": "0.1758",
            "close": "0.176"
        },
        {
            "time": "18.07.2021 00:24",
            "open": "0.176",
            "high": "0.176",
            "low": "0.176",
            "close": "0.1761"
        },
        {
            "time": "18.07.2021 00:25",
            "open": "0.1761",
            "high": "0.1761",
            "low": "0.1761",
            "close": "0.1754"
        },
        {
            "time": "18.07.2021 00:29",
            "open": "0.1754",
            "high": "0.1754",
            "low": "0.1753",
            "close": "0.1752"
        },
        {
            "time": "18.07.2021 00:30",
            "open": "0.1752",
            "high": "0.1752",
            "low": "0.1752",
            "close": "0.1751"
        },
        {
            "time": "18.07.2021 00:39",
            "open": "0.1751",
            "high": "0.1751",
            "low": "0.1751",
            "close": "0.1751"
        },
        {
            "time": "18.07.2021 00:40",
            "open": "0.1751",
            "high": "0.1751",
            "low": "0.1751",
            "close": "0.1754"
        },
        {
            "time": "18.07.2021 00:50",
            "open": "0.1754",
            "high": "0.1755",
            "low": "0.1754",
            "close": "0.1751"
        },
        {
            "time": "18.07.2021 01:00",
            "open": "0.1751",
            "high": "0.1751",
            "low": "0.1751",
            "close": "0.1751"
        },
        {
            "time": "18.07.2021 01:04",
            "open": "0.1751",
            "high": "0.1751",
            "low": "0.1749",
            "close": "0.1748"
        },
        {
            "time": "18.07.2021 01:05",
            "open": "0.1748",
            "high": "0.1748",
            "low": "0.1748",
            "close": "0.1744"
        },
        {
            "time": "18.07.2021 01:11",
            "open": "0.1744",
            "high": "0.1744",
            "low": "0.1744",
            "close": "0.1745"
        },
        {
            "time": "18.07.2021 01:15",
            "open": "0.1745",
            "high": "0.1745",
            "low": "0.1745",
            "close": "0.1745"
        },
        {
            "time": "18.07.2021 01:16",
            "open": "0.1745",
            "high": "0.1745",
            "low": "0.1745",
            "close": "0.1745"
        },
        {
            "time": "18.07.2021 01:17",
            "open": "0.1745",
            "high": "0.1745",
            "low": "0.1745",
            "close": "0.1745"
        },
        {
            "time": "18.07.2021 01:18",
            "open": "0.1745",
            "high": "0.1745",
            "low": "0.1745",
            "close": "0.1748"
        },
        {
            "time": "18.07.2021 01:22",
            "open": "0.1748",
            "high": "0.1748",
            "low": "0.1748",
            "close": "0.175"
        },
        {
            "time": "18.07.2021 01:28",
            "open": "0.175",
            "high": "0.175",
            "low": "0.175",
            "close": "0.1747"
        },
        {
            "time": "18.07.2021 01:31",
            "open": "0.1747",
            "high": "0.1747",
            "low": "0.1745",
            "close": "0.1747"
        },
        {
            "time": "18.07.2021 01:32",
            "open": "0.1747",
            "high": "0.175",
            "low": "0.1747",
            "close": "0.1745"
        },
        {
            "time": "18.07.2021 01:38",
            "open": "0.1745",
            "high": "0.1745",
            "low": "0.1745",
            "close": "0.1742"
        },
        {
            "time": "18.07.2021 01:42",
            "open": "0.1742",
            "high": "0.1742",
            "low": "0.1742",
            "close": "0.1749"
        },
        {
            "time": "18.07.2021 01:53",
            "open": "0.1749",
            "high": "0.1749",
            "low": "0.1749",
            "close": "0.1749"
        },
        {
            "time": "18.07.2021 01:58",
            "open": "0.1749",
            "high": "0.1749",
            "low": "0.1749",
            "close": "0.1744"
        },
        {
            "time": "18.07.2021 02:01",
            "open": "0.1744",
            "high": "0.1744",
            "low": "0.1744",
            "close": "0.1749"
        },
        {
            "time": "18.07.2021 02:05",
            "open": "0.1749",
            "high": "0.175",
            "low": "0.1749",
            "close": "0.1756"
        },
        {
            "time": "18.07.2021 02:20",
            "open": "0.1756",
            "high": "0.1758",
            "low": "0.1756",
            "close": "0.1756"
        },
        {
            "time": "18.07.2021 02:24",
            "open": "0.1756",
            "high": "0.1758",
            "low": "0.1756",
            "close": "0.1764"
        },
        {
            "time": "18.07.2021 02:35",
            "open": "0.1764",
            "high": "0.1764",
            "low": "0.1764",
            "close": "0.1765"
        },
        {
            "time": "18.07.2021 02:39",
            "open": "0.1765",
            "high": "0.1765",
            "low": "0.1763",
            "close": "0.1761"
        },
        {
            "time": "18.07.2021 02:40",
            "open": "0.1761",
            "high": "0.1761",
            "low": "0.1761",
            "close": "0.1767"
        },
        {
            "time": "18.07.2021 02:43",
            "open": "0.1767",
            "high": "0.1767",
            "low": "0.1765",
            "close": "0.1761"
        },
        {
            "time": "18.07.2021 02:45",
            "open": "0.1761",
            "high": "0.1762",
            "low": "0.1761",
            "close": "0.1764"
        },
        {
            "time": "18.07.2021 02:48",
            "open": "0.1764",
            "high": "0.1766",
            "low": "0.1764",
            "close": "0.1768"
        },
        {
            "time": "18.07.2021 02:54",
            "open": "0.1768",
            "high": "0.1768",
            "low": "0.1768",
            "close": "0.1774"
        },
        {
            "time": "18.07.2021 03:05",
            "open": "0.1774",
            "high": "0.1774",
            "low": "0.1774",
            "close": "0.1774"
        },
        {
            "time": "18.07.2021 03:06",
            "open": "0.1774",
            "high": "0.1775",
            "low": "0.1774",
            "close": "0.1773"
        },
        {
            "time": "18.07.2021 03:08",
            "open": "0.1773",
            "high": "0.1773",
            "low": "0.1764",
            "close": "0.1771"
        },
        {
            "time": "18.07.2021 03:20",
            "open": "0.1771",
            "high": "0.1773",
            "low": "0.1771",
            "close": "0.1771"
        },
        {
            "time": "18.07.2021 03:24",
            "open": "0.1771",
            "high": "0.1771",
            "low": "0.1762",
            "close": "0.1762"
        },
        {
            "time": "18.07.2021 03:28",
            "open": "0.1762",
            "high": "0.1762",
            "low": "0.1762",
            "close": "0.1764"
        },
        {
            "time": "18.07.2021 03:29",
            "open": "0.1764",
            "high": "0.1765",
            "low": "0.1764",
            "close": "0.1769"
        },
        {
            "time": "18.07.2021 03:31",
            "open": "0.1769",
            "high": "0.1769",
            "low": "0.1769",
            "close": "0.1775"
        },
        {
            "time": "18.07.2021 03:32",
            "open": "0.1775",
            "high": "0.178",
            "low": "0.1775",
            "close": "0.1779"
        },
        {
            "time": "18.07.2021 03:33",
            "open": "0.1779",
            "high": "0.1779",
            "low": "0.1779",
            "close": "0.178"
        },
        {
            "time": "18.07.2021 03:34",
            "open": "0.178",
            "high": "0.1798",
            "low": "0.178",
            "close": "0.1801"
        },
        {
            "time": "18.07.2021 03:35",
            "open": "0.1801",
            "high": "0.1801",
            "low": "0.1789",
            "close": "0.1786"
        },
        {
            "time": "18.07.2021 03:37",
            "open": "0.1786",
            "high": "0.1786",
            "low": "0.1786",
            "close": "0.1781"
        },
        {
            "time": "18.07.2021 03:38",
            "open": "0.1781",
            "high": "0.1783",
            "low": "0.1781",
            "close": "0.1784"
        },
        {
            "time": "18.07.2021 03:39",
            "open": "0.1784",
            "high": "0.1784",
            "low": "0.1784",
            "close": "0.1783"
        },
        {
            "time": "18.07.2021 03:40",
            "open": "0.1783",
            "high": "0.1783",
            "low": "0.1783",
            "close": "0.1783"
        },
        {
            "time": "18.07.2021 03:41",
            "open": "0.1783",
            "high": "0.1783",
            "low": "0.1777",
            "close": "0.1781"
        },
        {
            "time": "18.07.2021 03:45",
            "open": "0.1781",
            "high": "0.1781",
            "low": "0.1781",
            "close": "0.1783"
        },
        {
            "time": "18.07.2021 03:46",
            "open": "0.1783",
            "high": "0.1783",
            "low": "0.1783",
            "close": "0.1782"
        },
        {
            "time": "18.07.2021 03:47",
            "open": "0.1782",
            "high": "0.1782",
            "low": "0.1781",
            "close": "0.1783"
        },
        {
            "time": "18.07.2021 03:53",
            "open": "0.1783",
            "high": "0.1783",
            "low": "0.1783",
            "close": "0.1787"
        },
        {
            "time": "18.07.2021 03:59",
            "open": "0.1787",
            "high": "0.1789",
            "low": "0.1787",
            "close": "0.179"
        },
        {
            "time": "18.07.2021 04:01",
            "open": "0.179",
            "high": "0.179",
            "low": "0.1788",
            "close": "0.1788"
        },
        {
            "time": "18.07.2021 04:02",
            "open": "0.1788",
            "high": "0.1788",
            "low": "0.1788",
            "close": "0.1787"
        },
        {
            "time": "18.07.2021 04:03",
            "open": "0.1787",
            "high": "0.1787",
            "low": "0.1782",
            "close": "0.1775"
        },
        {
            "time": "18.07.2021 04:07",
            "open": "0.1775",
            "high": "0.1792",
            "low": "0.1775",
            "close": "0.178"
        },
        {
            "time": "18.07.2021 04:08",
            "open": "0.178",
            "high": "0.1792",
            "low": "0.178",
            "close": "0.1791"
        },
        {
            "time": "18.07.2021 04:09",
            "open": "0.1789",
            "high": "0.1789",
            "low": "0.1789",
            "close": "0.1791"
        },
        {
            "time": "18.07.2021 04:18",
            "open": "0.1791",
            "high": "0.1796",
            "low": "0.1791",
            "close": "0.1796"
        },
        {
            "time": "18.07.2021 04:26",
            "open": "0.1796",
            "high": "0.1796",
            "low": "0.1796",
            "close": "0.1793"
        },
        {
            "time": "18.07.2021 04:33",
            "open": "0.1793",
            "high": "0.1793",
            "low": "0.1793",
            "close": "0.1796"
        },
        {
            "time": "18.07.2021 04:34",
            "open": "0.1796",
            "high": "0.1798",
            "low": "0.1796",
            "close": "0.1796"
        },
        {
            "time": "18.07.2021 04:35",
            "open": "0.1796",
            "high": "0.1796",
            "low": "0.1794",
            "close": "0.1793"
        },
        {
            "time": "18.07.2021 04:36",
            "open": "0.1793",
            "high": "0.1793",
            "low": "0.1792",
            "close": "0.1789"
        },
        {
            "time": "18.07.2021 04:37",
            "open": "0.1789",
            "high": "0.1789",
            "low": "0.1788",
            "close": "0.179"
        },
        {
            "time": "18.07.2021 04:39",
            "open": "0.179",
            "high": "0.179",
            "low": "0.1775",
            "close": "0.1768"
        },
        {
            "time": "18.07.2021 04:40",
            "open": "0.1768",
            "high": "0.1784",
            "low": "0.1754",
            "close": "0.1776"
        },
        {
            "time": "18.07.2021 04:41",
            "open": "0.1776",
            "high": "0.1776",
            "low": "0.1775",
            "close": "0.1777"
        },
        {
            "time": "18.07.2021 04:42",
            "open": "0.1777",
            "high": "0.1789",
            "low": "0.1777",
            "close": "0.178"
        },
        {
            "time": "18.07.2021 04:43",
            "open": "0.178",
            "high": "0.1782",
            "low": "0.1779",
            "close": "0.1779"
        },
        {
            "time": "18.07.2021 04:44",
            "open": "0.1779",
            "high": "0.178",
            "low": "0.1779",
            "close": "0.178"
        },
        {
            "time": "18.07.2021 04:45",
            "open": "0.178",
            "high": "0.178",
            "low": "0.1777",
            "close": "0.1774"
        },
        {
            "time": "18.07.2021 04:47",
            "open": "0.1774",
            "high": "0.1774",
            "low": "0.1771",
            "close": "0.1771"
        },
        {
            "time": "18.07.2021 04:55",
            "open": "0.1771",
            "high": "0.1771",
            "low": "0.177",
            "close": "0.177"
        },
        {
            "time": "18.07.2021 05:01",
            "open": "0.177",
            "high": "0.177",
            "low": "0.177",
            "close": "0.1771"
        },
        {
            "time": "18.07.2021 05:03",
            "open": "0.1771",
            "high": "0.1775",
            "low": "0.1771",
            "close": "0.1775"
        },
        {
            "time": "18.07.2021 05:04",
            "open": "0.1775",
            "high": "0.1775",
            "low": "0.1775",
            "close": "0.1781"
        },
        {
            "time": "18.07.2021 05:10",
            "open": "0.1781",
            "high": "0.1786",
            "low": "0.1781",
            "close": "0.1784"
        },
        {
            "time": "18.07.2021 05:11",
            "open": "0.1784",
            "high": "0.1784",
            "low": "0.178",
            "close": "0.1785"
        },
        {
            "time": "18.07.2021 05:20",
            "open": "0.1785",
            "high": "0.1785",
            "low": "0.1776",
            "close": "0.1775"
        },
        {
            "time": "18.07.2021 05:27",
            "open": "0.1775",
            "high": "0.1775",
            "low": "0.1775",
            "close": "0.1774"
        },
        {
            "time": "18.07.2021 05:29",
            "open": "0.1774",
            "high": "0.1774",
            "low": "0.1774",
            "close": "0.1775"
        },
        {
            "time": "18.07.2021 05:33",
            "open": "0.1775",
            "high": "0.1775",
            "low": "0.1775",
            "close": "0.1787"
        },
        {
            "time": "18.07.2021 06:04",
            "open": "0.1787",
            "high": "0.1789",
            "low": "0.1787",
            "close": "0.1787"
        },
        {
            "time": "18.07.2021 06:06",
            "open": "0.1787",
            "high": "0.1787",
            "low": "0.1787",
            "close": "0.1784"
        },
        {
            "time": "18.07.2021 06:07",
            "open": "0.1784",
            "high": "0.1785",
            "low": "0.1784",
            "close": "0.1791"
        },
        {
            "time": "18.07.2021 06:17",
            "open": "0.1791",
            "high": "0.1794",
            "low": "0.1791",
            "close": "0.1791"
        },
        {
            "time": "18.07.2021 06:18",
            "open": "0.1791",
            "high": "0.1791",
            "low": "0.1791",
            "close": "0.1791"
        },
        {
            "time": "18.07.2021 06:24",
            "open": "0.1791",
            "high": "0.1791",
            "low": "0.1791",
            "close": "0.1792"
        },
        {
            "time": "18.07.2021 06:25",
            "open": "0.1792",
            "high": "0.1792",
            "low": "0.1792",
            "close": "0.1794"
        },
        {
            "time": "18.07.2021 06:27",
            "open": "0.1794",
            "high": "0.1794",
            "low": "0.1794",
            "close": "0.1791"
        },
        {
            "time": "18.07.2021 06:33",
            "open": "0.1791",
            "high": "0.1791",
            "low": "0.1791",
            "close": "0.1791"
        },
        {
            "time": "18.07.2021 06:40",
            "open": "0.1791",
            "high": "0.1791",
            "low": "0.1787",
            "close": "0.1784"
        },
        {
            "time": "18.07.2021 06:43",
            "open": "0.1784",
            "high": "0.1789",
            "low": "0.1779",
            "close": "0.1785"
        },
        {
            "time": "18.07.2021 06:47",
            "open": "0.1785",
            "high": "0.1785",
            "low": "0.1785",
            "close": "0.1786"
        },
        {
            "time": "18.07.2021 06:51",
            "open": "0.1786",
            "high": "0.1786",
            "low": "0.1786",
            "close": "0.1788"
        },
        {
            "time": "18.07.2021 06:57",
            "open": "0.1788",
            "high": "0.1788",
            "low": "0.1788",
            "close": "0.1785"
        },
        {
            "time": "18.07.2021 07:00",
            "open": "0.1785",
            "high": "0.1785",
            "low": "0.178",
            "close": "0.1782"
        },
        {
            "time": "18.07.2021 07:01",
            "open": "0.1782",
            "high": "0.1782",
            "low": "0.1781",
            "close": "0.1784"
        },
        {
            "time": "18.07.2021 07:02",
            "open": "0.1784",
            "high": "0.1784",
            "low": "0.1784",
            "close": "0.1784"
        },
        {
            "time": "18.07.2021 07:03",
            "open": "0.1784",
            "high": "0.1784",
            "low": "0.1784",
            "close": "0.1784"
        },
        {
            "time": "18.07.2021 07:07",
            "open": "0.1784",
            "high": "0.1784",
            "low": "0.1784",
            "close": "0.1783"
        },
        {
            "time": "18.07.2021 07:09",
            "open": "0.1783",
            "high": "0.1785",
            "low": "0.1783",
            "close": "0.178"
        },
        {
            "time": "18.07.2021 07:15",
            "open": "0.178",
            "high": "0.178",
            "low": "0.1772",
            "close": "0.1775"
        },
        {
            "time": "18.07.2021 07:16",
            "open": "0.1775",
            "high": "0.1775",
            "low": "0.1762",
            "close": "0.1763"
        },
        {
            "time": "18.07.2021 07:17",
            "open": "0.1763",
            "high": "0.1766",
            "low": "0.1763",
            "close": "0.1766"
        },
        {
            "time": "18.07.2021 07:18",
            "open": "0.1766",
            "high": "0.1766",
            "low": "0.1766",
            "close": "0.1762"
        },
        {
            "time": "18.07.2021 07:20",
            "open": "0.1762",
            "high": "0.1762",
            "low": "0.1762",
            "close": "0.1763"
        },
        {
            "time": "18.07.2021 07:23",
            "open": "0.1763",
            "high": "0.1765",
            "low": "0.1763",
            "close": "0.1767"
        },
        {
            "time": "18.07.2021 07:47",
            "open": "0.1767",
            "high": "0.1769",
            "low": "0.1767",
            "close": "0.1763"
        },
        {
            "time": "18.07.2021 08:06",
            "open": "0.1763",
            "high": "0.1763",
            "low": "0.1761",
            "close": "0.1763"
        },
        {
            "time": "18.07.2021 08:07",
            "open": "0.1763",
            "high": "0.1763",
            "low": "0.1763",
            "close": "0.1762"
        },
        {
            "time": "18.07.2021 08:12",
            "open": "0.1762",
            "high": "0.177",
            "low": "0.1762",
            "close": "0.177"
        },
        {
            "time": "18.07.2021 08:13",
            "open": "0.177",
            "high": "0.1772",
            "low": "0.177",
            "close": "0.1775"
        },
        {
            "time": "18.07.2021 08:32",
            "open": "0.1775",
            "high": "0.1775",
            "low": "0.1775",
            "close": "0.1772"
        },
        {
            "time": "18.07.2021 08:37",
            "open": "0.1772",
            "high": "0.1772",
            "low": "0.1772",
            "close": "0.1771"
        },
        {
            "time": "18.07.2021 08:47",
            "open": "0.1771",
            "high": "0.1771",
            "low": "0.1771",
            "close": "0.1764"
        },
        {
            "time": "18.07.2021 08:55",
            "open": "0.1764",
            "high": "0.1764",
            "low": "0.1759",
            "close": "0.1755"
        },
        {
            "time": "18.07.2021 08:56",
            "open": "0.1755",
            "high": "0.1759",
            "low": "0.1755",
            "close": "0.1756"
        },
        {
            "time": "18.07.2021 08:57",
            "open": "0.1756",
            "high": "0.1756",
            "low": "0.1756",
            "close": "0.1754"
        },
        {
            "time": "18.07.2021 08:58",
            "open": "0.1754",
            "high": "0.1755",
            "low": "0.1753",
            "close": "0.1751"
        },
        {
            "time": "18.07.2021 09:00",
            "open": "0.1751",
            "high": "0.1754",
            "low": "0.1751",
            "close": "0.1747"
        },
        {
            "time": "18.07.2021 09:13",
            "open": "0.1747",
            "high": "0.1747",
            "low": "0.1747",
            "close": "0.1747"
        },
        {
            "time": "18.07.2021 09:19",
            "open": "0.1747",
            "high": "0.1747",
            "low": "0.1747",
            "close": "0.1748"
        },
        {
            "time": "18.07.2021 09:21",
            "open": "0.1748",
            "high": "0.177",
            "low": "0.1748",
            "close": "0.1765"
        },
        {
            "time": "18.07.2021 09:22",
            "open": "0.1765",
            "high": "0.1765",
            "low": "0.176",
            "close": "0.1759"
        },
        {
            "time": "18.07.2021 09:34",
            "open": "0.1759",
            "high": "0.1759",
            "low": "0.1759",
            "close": "0.1756"
        },
        {
            "time": "18.07.2021 09:35",
            "open": "0.1756",
            "high": "0.1758",
            "low": "0.1756",
            "close": "0.1759"
        },
        {
            "time": "18.07.2021 09:55",
            "open": "0.1759",
            "high": "0.1759",
            "low": "0.1759",
            "close": "0.1756"
        },
        {
            "time": "18.07.2021 09:59",
            "open": "0.1756",
            "high": "0.1756",
            "low": "0.1756",
            "close": "0.1757"
        },
        {
            "time": "18.07.2021 10:04",
            "open": "0.1757",
            "high": "0.1762",
            "low": "0.1757",
            "close": "0.1761"
        },
        {
            "time": "18.07.2021 10:10",
            "open": "0.1761",
            "high": "0.1761",
            "low": "0.176",
            "close": "0.1757"
        },
        {
            "time": "18.07.2021 10:11",
            "open": "0.1757",
            "high": "0.1757",
            "low": "0.1756",
            "close": "0.1762"
        },
        {
            "time": "18.07.2021 10:16",
            "open": "0.1762",
            "high": "0.1762",
            "low": "0.1761",
            "close": "0.1764"
        },
        {
            "time": "18.07.2021 10:17",
            "open": "0.1764",
            "high": "0.1764",
            "low": "0.1764",
            "close": "0.1764"
        },
        {
            "time": "18.07.2021 10:18",
            "open": "0.1764",
            "high": "0.1764",
            "low": "0.1764",
            "close": "0.1771"
        },
        {
            "time": "18.07.2021 10:20",
            "open": "0.1771",
            "high": "0.1771",
            "low": "0.1771",
            "close": "0.1763"
        },
        {
            "time": "18.07.2021 10:28",
            "open": "0.1763",
            "high": "0.1763",
            "low": "0.1763",
            "close": "0.1765"
        },
        {
            "time": "18.07.2021 10:31",
            "open": "0.1765",
            "high": "0.1765",
            "low": "0.1765",
            "close": "0.1763"
        },
        {
            "time": "18.07.2021 10:33",
            "open": "0.1763",
            "high": "0.1763",
            "low": "0.1763",
            "close": "0.1763"
        },
        {
            "time": "18.07.2021 10:36",
            "open": "0.1763",
            "high": "0.1763",
            "low": "0.1763",
            "close": "0.1763"
        },
        {
            "time": "18.07.2021 10:45",
            "open": "0.1763",
            "high": "0.1763",
            "low": "0.1761",
            "close": "0.1764"
        },
        {
            "time": "18.07.2021 11:00",
            "open": "0.1764",
            "high": "0.1764",
            "low": "0.1764",
            "close": "0.1765"
        },
        {
            "time": "18.07.2021 11:04",
            "open": "0.1765",
            "high": "0.1765",
            "low": "0.1765",
            "close": "0.1764"
        },
        {
            "time": "18.07.2021 11:06",
            "open": "0.1764",
            "high": "0.1764",
            "low": "0.1763",
            "close": "0.1768"
        },
        {
            "time": "18.07.2021 11:13",
            "open": "0.1768",
            "high": "0.1771",
            "low": "0.1768",
            "close": "0.1772"
        },
        {
            "time": "18.07.2021 11:27",
            "open": "0.1772",
            "high": "0.1772",
            "low": "0.1772",
            "close": "0.1774"
        },
        {
            "time": "18.07.2021 11:33",
            "open": "0.1774",
            "high": "0.1774",
            "low": "0.1774",
            "close": "0.177"
        },
        {
            "time": "18.07.2021 11:37",
            "open": "0.177",
            "high": "0.177",
            "low": "0.177",
            "close": "0.1773"
        },
        {
            "time": "18.07.2021 11:39",
            "open": "0.1773",
            "high": "0.1773",
            "low": "0.1773",
            "close": "0.1774"
        },
        {
            "time": "18.07.2021 11:40",
            "open": "0.1774",
            "high": "0.1774",
            "low": "0.1773",
            "close": "0.1772"
        },
        {
            "time": "18.07.2021 11:41",
            "open": "0.1772",
            "high": "0.1772",
            "low": "0.1772",
            "close": "0.1773"
        },
        {
            "time": "18.07.2021 11:45",
            "open": "0.1773",
            "high": "0.1774",
            "low": "0.1773",
            "close": "0.1777"
        },
        {
            "time": "18.07.2021 11:46",
            "open": "0.1777",
            "high": "0.1777",
            "low": "0.1777",
            "close": "0.1778"
        },
        {
            "time": "18.07.2021 11:47",
            "open": "0.1778",
            "high": "0.1778",
            "low": "0.1778",
            "close": "0.1779"
        },
        {
            "time": "18.07.2021 11:48",
            "open": "0.1779",
            "high": "0.1779",
            "low": "0.1779",
            "close": "0.1766"
        },
        {
            "time": "18.07.2021 12:01",
            "open": "0.1766",
            "high": "0.1766",
            "low": "0.1762",
            "close": "0.1763"
        },
        {
            "time": "18.07.2021 12:03",
            "open": "0.1763",
            "high": "0.1763",
            "low": "0.1763",
            "close": "0.1761"
        },
        {
            "time": "18.07.2021 12:04",
            "open": "0.1761",
            "high": "0.1761",
            "low": "0.1761",
            "close": "0.176"
        },
        {
            "time": "18.07.2021 12:07",
            "open": "0.176",
            "high": "0.176",
            "low": "0.176",
            "close": "0.176"
        },
        {
            "time": "18.07.2021 12:10",
            "open": "0.176",
            "high": "0.176",
            "low": "0.1751",
            "close": "0.1749"
        },
        {
            "time": "18.07.2021 12:11",
            "open": "0.1749",
            "high": "0.1749",
            "low": "0.1749",
            "close": "0.1746"
        },
        {
            "time": "18.07.2021 12:12",
            "open": "0.1746",
            "high": "0.1746",
            "low": "0.1744",
            "close": "0.1743"
        },
        {
            "time": "18.07.2021 12:13",
            "open": "0.1743",
            "high": "0.1743",
            "low": "0.1743",
            "close": "0.1742"
        },
        {
            "time": "18.07.2021 12:17",
            "open": "0.1742",
            "high": "0.1742",
            "low": "0.1742",
            "close": "0.175"
        },
        {
            "time": "18.07.2021 12:28",
            "open": "0.175",
            "high": "0.1755",
            "low": "0.175",
            "close": "0.1756"
        },
        {
            "time": "18.07.2021 12:29",
            "open": "0.1756",
            "high": "0.1774",
            "low": "0.1756",
            "close": "0.1776"
        },
        {
            "time": "18.07.2021 12:30",
            "open": "0.1776",
            "high": "0.1776",
            "low": "0.1759",
            "close": "0.1763"
        },
        {
            "time": "18.07.2021 12:31",
            "open": "0.1763",
            "high": "0.1763",
            "low": "0.1763",
            "close": "0.1763"
        },
        {
            "time": "18.07.2021 12:33",
            "open": "0.1763",
            "high": "0.1763",
            "low": "0.1763",
            "close": "0.1759"
        },
        {
            "time": "18.07.2021 12:34",
            "open": "0.1759",
            "high": "0.1759",
            "low": "0.1759",
            "close": "0.1755"
        },
        {
            "time": "18.07.2021 12:53",
            "open": "0.1755",
            "high": "0.1755",
            "low": "0.1755",
            "close": "0.1757"
        },
        {
            "time": "18.07.2021 12:55",
            "open": "0.1757",
            "high": "0.1757",
            "low": "0.1757",
            "close": "0.1758"
        },
        {
            "time": "18.07.2021 12:57",
            "open": "0.1758",
            "high": "0.1758",
            "low": "0.1758",
            "close": "0.1757"
        },
        {
            "time": "18.07.2021 13:01",
            "open": "0.1757",
            "high": "0.1757",
            "low": "0.1757",
            "close": "0.1759"
        },
        {
            "time": "18.07.2021 13:13",
            "open": "0.1759",
            "high": "0.176",
            "low": "0.1759",
            "close": "0.1752"
        },
        {
            "time": "18.07.2021 13:20",
            "open": "0.1752",
            "high": "0.1752",
            "low": "0.1752",
            "close": "0.1752"
        },
        {
            "time": "18.07.2021 13:21",
            "open": "0.1752",
            "high": "0.1752",
            "low": "0.1752",
            "close": "0.1752"
        },
        {
            "time": "18.07.2021 13:22",
            "open": "0.1752",
            "high": "0.1752",
            "low": "0.1752",
            "close": "0.1755"
        },
        {
            "time": "18.07.2021 13:28",
            "open": "0.1755",
            "high": "0.1755",
            "low": "0.1754",
            "close": "0.1757"
        },
        {
            "time": "18.07.2021 13:29",
            "open": "0.1757",
            "high": "0.1757",
            "low": "0.1757",
            "close": "0.1759"
        },
        {
            "time": "18.07.2021 13:35",
            "open": "0.1759",
            "high": "0.1759",
            "low": "0.1759",
            "close": "0.176"
        },
        {
            "time": "18.07.2021 13:42",
            "open": "0.176",
            "high": "0.176",
            "low": "0.176",
            "close": "0.1756"
        },
        {
            "time": "18.07.2021 13:50",
            "open": "0.1756",
            "high": "0.1756",
            "low": "0.1755",
            "close": "0.1757"
        },
        {
            "time": "18.07.2021 13:56",
            "open": "0.1757",
            "high": "0.1762",
            "low": "0.1757",
            "close": "0.1761"
        },
        {
            "time": "18.07.2021 13:57",
            "open": "0.1761",
            "high": "0.1762",
            "low": "0.1761",
            "close": "0.1764"
        },
        {
            "time": "18.07.2021 14:00",
            "open": "0.1764",
            "high": "0.1764",
            "low": "0.1764",
            "close": "0.1765"
        },
        {
            "time": "18.07.2021 14:03",
            "open": "0.1765",
            "high": "0.1765",
            "low": "0.1765",
            "close": "0.1764"
        },
        {
            "time": "18.07.2021 14:05",
            "open": "0.1764",
            "high": "0.1764",
            "low": "0.1764",
            "close": "0.1756"
        },
        {
            "time": "18.07.2021 14:15",
            "open": "0.1756",
            "high": "0.1756",
            "low": "0.1756",
            "close": "0.1755"
        },
        {
            "time": "18.07.2021 14:17",
            "open": "0.1755",
            "high": "0.1755",
            "low": "0.1753",
            "close": "0.1756"
        },
        {
            "time": "18.07.2021 14:29",
            "open": "0.1756",
            "high": "0.1756",
            "low": "0.1756",
            "close": "0.1757"
        },
        {
            "time": "18.07.2021 14:33",
            "open": "0.1757",
            "high": "0.1757",
            "low": "0.1757",
            "close": "0.1757"
        },
        {
            "time": "18.07.2021 14:34",
            "open": "0.1757",
            "high": "0.1764",
            "low": "0.1757",
            "close": "0.1766"
        },
        {
            "time": "18.07.2021 14:35",
            "open": "0.1766",
            "high": "0.1766",
            "low": "0.1763",
            "close": "0.177"
        },
        {
            "time": "18.07.2021 14:42",
            "open": "0.177",
            "high": "0.177",
            "low": "0.1766",
            "close": "0.1759"
        },
        {
            "time": "18.07.2021 15:01",
            "open": "0.1759",
            "high": "0.1759",
            "low": "0.1759",
            "close": "0.1756"
        },
        {
            "time": "18.07.2021 15:02",
            "open": "0.1756",
            "high": "0.1756",
            "low": "0.1756",
            "close": "0.1753"
        },
        {
            "time": "18.07.2021 15:03",
            "open": "0.1753",
            "high": "0.1753",
            "low": "0.1753",
            "close": "0.1753"
        },
        {
            "time": "18.07.2021 15:11",
            "open": "0.1753",
            "high": "0.1753",
            "low": "0.1752",
            "close": "0.1749"
        },
        {
            "time": "18.07.2021 15:17",
            "open": "0.1749",
            "high": "0.1749",
            "low": "0.1733",
            "close": "0.1733"
        },
        {
            "time": "18.07.2021 15:18",
            "open": "0.1733",
            "high": "0.1755",
            "low": "0.1722",
            "close": "0.1741"
        },
        {
            "time": "18.07.2021 15:19",
            "open": "0.1741",
            "high": "0.175",
            "low": "0.1738",
            "close": "0.1752"
        },
        {
            "time": "18.07.2021 15:20",
            "open": "0.1752",
            "high": "0.1753",
            "low": "0.1745",
            "close": "0.1751"
        },
        {
            "time": "18.07.2021 15:21",
            "open": "0.1751",
            "high": "0.1751",
            "low": "0.1749",
            "close": "0.175"
        },
        {
            "time": "18.07.2021 15:23",
            "open": "0.175",
            "high": "0.175",
            "low": "0.175",
            "close": "0.1754"
        },
        {
            "time": "18.07.2021 15:25",
            "open": "0.1754",
            "high": "0.1754",
            "low": "0.1754",
            "close": "0.1754"
        },
        {
            "time": "18.07.2021 15:26",
            "open": "0.1754",
            "high": "0.1754",
            "low": "0.1754",
            "close": "0.1752"
        },
        {
            "time": "18.07.2021 15:31",
            "open": "0.1752",
            "high": "0.1752",
            "low": "0.1752",
            "close": "0.1749"
        },
        {
            "time": "18.07.2021 15:42",
            "open": "0.1749",
            "high": "0.1749",
            "low": "0.1748",
            "close": "0.1745"
        },
        {
            "time": "18.07.2021 15:43",
            "open": "0.1745",
            "high": "0.1745",
            "low": "0.1744",
            "close": "0.1746"
        },
        {
            "time": "18.07.2021 15:46",
            "open": "0.1746",
            "high": "0.1746",
            "low": "0.1746",
            "close": "0.1744"
        },
        {
            "time": "18.07.2021 15:47",
            "open": "0.1744",
            "high": "0.1746",
            "low": "0.1744",
            "close": "0.1744"
        },
        {
            "time": "18.07.2021 15:50",
            "open": "0.1744",
            "high": "0.1744",
            "low": "0.1744",
            "close": "0.1742"
        },
        {
            "time": "18.07.2021 15:53",
            "open": "0.1742",
            "high": "0.1742",
            "low": "0.1742",
            "close": "0.1738"
        },
        {
            "time": "18.07.2021 15:58",
            "open": "0.1738",
            "high": "0.1742",
            "low": "0.1738",
            "close": "0.1744"
        },
        {
            "time": "18.07.2021 16:01",
            "open": "0.1744",
            "high": "0.1749",
            "low": "0.1744",
            "close": "0.1752"
        },
        {
            "time": "18.07.2021 16:04",
            "open": "0.1752",
            "high": "0.1752",
            "low": "0.1752",
            "close": "0.1758"
        },
        {
            "time": "18.07.2021 16:19",
            "open": "0.1758",
            "high": "0.1758",
            "low": "0.1757",
            "close": "0.1754"
        },
        {
            "time": "18.07.2021 16:21",
            "open": "0.1754",
            "high": "0.1754",
            "low": "0.1752",
            "close": "0.1752"
        },
        {
            "time": "18.07.2021 16:31",
            "open": "0.1752",
            "high": "0.1752",
            "low": "0.1752",
            "close": "0.1743"
        },
        {
            "time": "18.07.2021 16:38",
            "open": "0.1743",
            "high": "0.1743",
            "low": "0.1743",
            "close": "0.1737"
        },
        {
            "time": "18.07.2021 16:39",
            "open": "0.1737",
            "high": "0.1737",
            "low": "0.1737",
            "close": "0.1733"
        },
        {
            "time": "18.07.2021 16:40",
            "open": "0.1733",
            "high": "0.1733",
            "low": "0.1731",
            "close": "0.1729"
        },
        {
            "time": "18.07.2021 16:41",
            "open": "0.1729",
            "high": "0.1729",
            "low": "0.1705",
            "close": "0.171"
        },
        {
            "time": "18.07.2021 16:42",
            "open": "0.171",
            "high": "0.1711",
            "low": "0.171",
            "close": "0.1707"
        },
        {
            "time": "18.07.2021 16:43",
            "open": "0.1707",
            "high": "0.172",
            "low": "0.1707",
            "close": "0.1726"
        },
        {
            "time": "18.07.2021 16:44",
            "open": "0.1726",
            "high": "0.1726",
            "low": "0.1724",
            "close": "0.1724"
        },
        {
            "time": "18.07.2021 16:56",
            "open": "0.1724",
            "high": "0.1724",
            "low": "0.1722",
            "close": "0.1723"
        },
        {
            "time": "18.07.2021 17:09",
            "open": "0.1723",
            "high": "0.1723",
            "low": "0.1721",
            "close": "0.1718"
        },
        {
            "time": "18.07.2021 17:23",
            "open": "0.1718",
            "high": "0.1719",
            "low": "0.1718",
            "close": "0.1722"
        },
        {
            "time": "18.07.2021 17:27",
            "open": "0.1722",
            "high": "0.1723",
            "low": "0.1722",
            "close": "0.172"
        },
        {
            "time": "18.07.2021 17:28",
            "open": "0.172",
            "high": "0.172",
            "low": "0.1718",
            "close": "0.1723"
        },
        {
            "time": "18.07.2021 17:39",
            "open": "0.1723",
            "high": "0.1725",
            "low": "0.1723",
            "close": "0.1724"
        },
        {
            "time": "18.07.2021 17:47",
            "open": "0.1724",
            "high": "0.1726",
            "low": "0.1724",
            "close": "0.173"
        },
        {
            "time": "18.07.2021 17:48",
            "open": "0.173",
            "high": "0.1734",
            "low": "0.173",
            "close": "0.1736"
        },
        {
            "time": "18.07.2021 17:49",
            "open": "0.1736",
            "high": "0.1736",
            "low": "0.1736",
            "close": "0.1736"
        },
        {
            "time": "18.07.2021 17:50",
            "open": "0.1736",
            "high": "0.1736",
            "low": "0.1736",
            "close": "0.1729"
        },
        {
            "time": "18.07.2021 18:01",
            "open": "0.1729",
            "high": "0.1731",
            "low": "0.1729",
            "close": "0.1727"
        },
        {
            "time": "18.07.2021 18:05",
            "open": "0.1727",
            "high": "0.1727",
            "low": "0.1727",
            "close": "0.1729"
        },
        {
            "time": "18.07.2021 18:08",
            "open": "0.1729",
            "high": "0.1729",
            "low": "0.1729",
            "close": "0.1727"
        },
        {
            "time": "18.07.2021 18:09",
            "open": "0.1727",
            "high": "0.1727",
            "low": "0.1721",
            "close": "0.1715"
        },
        {
            "time": "18.07.2021 18:11",
            "open": "0.1715",
            "high": "0.1715",
            "low": "0.1715",
            "close": "0.1726"
        },
        {
            "time": "18.07.2021 18:22",
            "open": "0.1726",
            "high": "0.1726",
            "low": "0.1725",
            "close": "0.1723"
        },
        {
            "time": "18.07.2021 18:52",
            "open": "0.1723",
            "high": "0.1723",
            "low": "0.1723",
            "close": "0.1728"
        },
        {
            "time": "18.07.2021 18:57",
            "open": "0.1728",
            "high": "0.1728",
            "low": "0.1728",
            "close": "0.1722"
        },
        {
            "time": "18.07.2021 19:05",
            "open": "0.1722",
            "high": "0.1722",
            "low": "0.1721",
            "close": "0.1726"
        },
        {
            "time": "18.07.2021 19:25",
            "open": "0.1726",
            "high": "0.1728",
            "low": "0.1726",
            "close": "0.1728"
        },
        {
            "time": "18.07.2021 19:28",
            "open": "0.1728",
            "high": "0.1728",
            "low": "0.1728",
            "close": "0.1726"
        },
        {
            "time": "18.07.2021 19:32",
            "open": "0.1726",
            "high": "0.1726",
            "low": "0.1724",
            "close": "0.1737"
        },
        {
            "time": "18.07.2021 19:47",
            "open": "0.1737",
            "high": "0.1741",
            "low": "0.1737",
            "close": "0.1742"
        },
        {
            "time": "18.07.2021 19:50",
            "open": "0.1742",
            "high": "0.1742",
            "low": "0.1742",
            "close": "0.1738"
        },
        {
            "time": "18.07.2021 19:51",
            "open": "0.1738",
            "high": "0.1738",
            "low": "0.1734",
            "close": "0.1732"
        },
        {
            "time": "18.07.2021 19:52",
            "open": "0.1732",
            "high": "0.1732",
            "low": "0.1732",
            "close": "0.1731"
        },
        {
            "time": "18.07.2021 19:53",
            "open": "0.1731",
            "high": "0.1732",
            "low": "0.1731",
            "close": "0.1733"
        },
        {
            "time": "18.07.2021 20:15",
            "open": "0.1733",
            "high": "0.1733",
            "low": "0.1732",
            "close": "0.1736"
        },
        {
            "time": "18.07.2021 20:17",
            "open": "0.1736",
            "high": "0.1742",
            "low": "0.1736",
            "close": "0.1741"
        },
        {
            "time": "18.07.2021 20:22",
            "open": "0.1741",
            "high": "0.1741",
            "low": "0.1741",
            "close": "0.1743"
        },
        {
            "time": "18.07.2021 20:23",
            "open": "0.1743",
            "high": "0.1744",
            "low": "0.1743",
            "close": "0.1746"
        },
        {
            "time": "18.07.2021 20:24",
            "open": "0.1746",
            "high": "0.1755",
            "low": "0.1746",
            "close": "0.1759"
        },
        {
            "time": "18.07.2021 20:25",
            "open": "0.1759",
            "high": "0.1759",
            "low": "0.1758",
            "close": "0.1761"
        },
        {
            "time": "18.07.2021 20:27",
            "open": "0.1761",
            "high": "0.1763",
            "low": "0.1761",
            "close": "0.1764"
        },
        {
            "time": "18.07.2021 20:29",
            "open": "0.1764",
            "high": "0.1765",
            "low": "0.1764",
            "close": "0.1762"
        },
        {
            "time": "18.07.2021 20:30",
            "open": "0.1762",
            "high": "0.1762",
            "low": "0.176",
            "close": "0.1758"
        },
        {
            "time": "18.07.2021 20:31",
            "open": "0.1758",
            "high": "0.176",
            "low": "0.1758",
            "close": "0.176"
        },
        {
            "time": "18.07.2021 20:32",
            "open": "0.176",
            "high": "0.176",
            "low": "0.1756",
            "close": "0.1747"
        },
        {
            "time": "18.07.2021 20:33",
            "open": "0.1747",
            "high": "0.1747",
            "low": "0.1745",
            "close": "0.1747"
        },
        {
            "time": "18.07.2021 20:39",
            "open": "0.1747",
            "high": "0.1747",
            "low": "0.1747",
            "close": "0.1747"
        },
        {
            "time": "18.07.2021 20:43",
            "open": "0.1747",
            "high": "0.1747",
            "low": "0.1747",
            "close": "0.1746"
        },
        {
            "time": "18.07.2021 20:55",
            "open": "0.1746",
            "high": "0.1746",
            "low": "0.1746",
            "close": "0.1745"
        },
        {
            "time": "18.07.2021 20:57",
            "open": "0.1745",
            "high": "0.1746",
            "low": "0.1745",
            "close": "0.1743"
        },
        {
            "time": "18.07.2021 21:08",
            "open": "0.1743",
            "high": "0.1743",
            "low": "0.1743",
            "close": "0.174"
        },
        {
            "time": "18.07.2021 21:25",
            "open": "0.174",
            "high": "0.174",
            "low": "0.1738",
            "close": "0.1743"
        },
        {
            "time": "18.07.2021 21:38",
            "open": "0.1743",
            "high": "0.1744",
            "low": "0.1742",
            "close": "0.1738"
        },
        {
            "time": "18.07.2021 21:53",
            "open": "0.1738",
            "high": "0.1738",
            "low": "0.1738",
            "close": "0.1741"
        },
        {
            "time": "18.07.2021 22:03",
            "open": "0.1741",
            "high": "0.1741",
            "low": "0.1739",
            "close": "0.1739"
        },
        {
            "time": "18.07.2021 22:05",
            "open": "0.1739",
            "high": "0.174",
            "low": "0.1739",
            "close": "0.1735"
        },
        {
            "time": "18.07.2021 22:30",
            "open": "0.1735",
            "high": "0.1735",
            "low": "0.1734",
            "close": "0.1737"
        },
        {
            "time": "18.07.2021 22:31",
            "open": "0.1737",
            "high": "0.1738",
            "low": "0.1737",
            "close": "0.1738"
        },
        {
            "time": "18.07.2021 22:32",
            "open": "0.1738",
            "high": "0.174",
            "low": "0.1738",
            "close": "0.1739"
        },
        {
            "time": "18.07.2021 22:50",
            "open": "0.1739",
            "high": "0.1739",
            "low": "0.1739",
            "close": "0.174"
        },
        {
            "time": "18.07.2021 22:53",
            "open": "0.174",
            "high": "0.1744",
            "low": "0.174",
            "close": "0.1742"
        },
        {
            "time": "18.07.2021 22:54",
            "open": "0.1742",
            "high": "0.1746",
            "low": "0.1741",
            "close": "0.1742"
        },
        {
            "time": "18.07.2021 22:55",
            "open": "0.1742",
            "high": "0.1745",
            "low": "0.1741",
            "close": "0.1743"
        },
        {
            "time": "18.07.2021 22:56",
            "open": "0.1743",
            "high": "0.1744",
            "low": "0.1743",
            "close": "0.1743"
        },
        {
            "time": "18.07.2021 22:57",
            "open": "0.1743",
            "high": "0.1744",
            "low": "0.1743",
            "close": "0.1743"
        },
        {
            "time": "18.07.2021 22:59",
            "open": "0.1743",
            "high": "0.1745",
            "low": "0.1743",
            "close": "0.1743"
        },
        {
            "time": "18.07.2021 23:00",
            "open": "0.1743",
            "high": "0.1745",
            "low": "0.1743",
            "close": "0.1743"
        },
        {
            "time": "18.07.2021 23:01",
            "open": "0.1743",
            "high": "0.1744",
            "low": "0.1743",
            "close": "0.1743"
        },
        {
            "time": "18.07.2021 23:02",
            "open": "0.1743",
            "high": "0.1745",
            "low": "0.1741",
            "close": "0.1741"
        },
        {
            "time": "18.07.2021 23:08",
            "open": "0.1741",
            "high": "0.1741",
            "low": "0.1739",
            "close": "0.1744"
        },
        {
            "time": "18.07.2021 23:13",
            "open": "0.1744",
            "high": "0.1744",
            "low": "0.1744",
            "close": "0.1751"
        },
        {
            "time": "18.07.2021 23:21",
            "open": "0.1751",
            "high": "0.1751",
            "low": "0.1751",
            "close": "0.1751"
        },
        {
            "time": "18.07.2021 23:26",
            "open": "0.1751",
            "high": "0.1751",
            "low": "0.1751",
            "close": "0.1747"
        },
        {
            "time": "18.07.2021 23:29",
            "open": "0.1747",
            "high": "0.1747",
            "low": "0.1746",
            "close": "0.1745"
        },
        {
            "time": "18.07.2021 23:35",
            "open": "0.1745",
            "high": "0.1745",
            "low": "0.1738",
            "close": "0.1739"
        },
        {
            "time": "18.07.2021 23:39",
            "open": "0.1739",
            "high": "0.1739",
            "low": "0.1739",
            "close": "0.1741"
        }
    ]
}