{
    "NU-EUR": [
        {
            "time": "11.07.2021 23:56",
            "open": "0.2006",
            "high": "0.2006",
            "low": "0.2006",
            "close": "0.2012"
        },
        {
            "time": "12.07.2021 00:05",
            "open": "0.2012",
            "high": "0.2012",
            "low": "0.2012",
            "close": "0.2014"
        },
        {
            "time": "12.07.2021 00:06",
            "open": "0.2014",
            "high": "0.2014",
            "low": "0.2014",
            "close": "0.2014"
        },
        {
            "time": "12.07.2021 00:10",
            "open": "0.2014",
            "high": "0.2016",
            "low": "0.2014",
            "close": "0.2015"
        },
        {
            "time": "12.07.2021 00:17",
            "open": "0.2015",
            "high": "0.2015",
            "low": "0.2014",
            "close": "0.2019"
        },
        {
            "time": "12.07.2021 00:18",
            "open": "0.2019",
            "high": "0.2019",
            "low": "0.2019",
            "close": "0.2017"
        },
        {
            "time": "12.07.2021 00:19",
            "open": "0.2017",
            "high": "0.2017",
            "low": "0.2016",
            "close": "0.202"
        },
        {
            "time": "12.07.2021 00:20",
            "open": "0.202",
            "high": "0.202",
            "low": "0.202",
            "close": "0.202"
        },
        {
            "time": "12.07.2021 00:31",
            "open": "0.202",
            "high": "0.202",
            "low": "0.202",
            "close": "0.2018"
        },
        {
            "time": "12.07.2021 00:33",
            "open": "0.2018",
            "high": "0.2018",
            "low": "0.2018",
            "close": "0.2017"
        },
        {
            "time": "12.07.2021 00:38",
            "open": "0.2017",
            "high": "0.2017",
            "low": "0.2016",
            "close": "0.2013"
        },
        {
            "time": "12.07.2021 00:41",
            "open": "0.2013",
            "high": "0.2013",
            "low": "0.2011",
            "close": "0.201"
        },
        {
            "time": "12.07.2021 00:45",
            "open": "0.201",
            "high": "0.2013",
            "low": "0.201",
            "close": "0.2021"
        },
        {
            "time": "12.07.2021 00:50",
            "open": "0.2021",
            "high": "0.2021",
            "low": "0.2021",
            "close": "0.2021"
        },
        {
            "time": "12.07.2021 00:52",
            "open": "0.2021",
            "high": "0.2023",
            "low": "0.2021",
            "close": "0.202"
        },
        {
            "time": "12.07.2021 00:53",
            "open": "0.202",
            "high": "0.202",
            "low": "0.202",
            "close": "0.2015"
        },
        {
            "time": "12.07.2021 00:56",
            "open": "0.2015",
            "high": "0.2015",
            "low": "0.1999",
            "close": "0.1999"
        },
        {
            "time": "12.07.2021 00:57",
            "open": "0.1999",
            "high": "0.2007",
            "low": "0.1998",
            "close": "0.1995"
        },
        {
            "time": "12.07.2021 01:01",
            "open": "0.1995",
            "high": "0.1999",
            "low": "0.1995",
            "close": "0.1995"
        },
        {
            "time": "12.07.2021 01:05",
            "open": "0.1995",
            "high": "0.1995",
            "low": "0.1995",
            "close": "0.1995"
        },
        {
            "time": "12.07.2021 01:25",
            "open": "0.1995",
            "high": "0.1995",
            "low": "0.1995",
            "close": "0.1995"
        },
        {
            "time": "12.07.2021 01:31",
            "open": "0.1995",
            "high": "0.1995",
            "low": "0.1995",
            "close": "0.1993"
        },
        {
            "time": "12.07.2021 01:43",
            "open": "0.1993",
            "high": "0.1993",
            "low": "0.1993",
            "close": "0.1995"
        },
        {
            "time": "12.07.2021 01:45",
            "open": "0.1995",
            "high": "0.1995",
            "low": "0.1995",
            "close": "0.1994"
        },
        {
            "time": "12.07.2021 02:02",
            "open": "0.1994",
            "high": "0.1994",
            "low": "0.1993",
            "close": "0.1995"
        },
        {
            "time": "12.07.2021 02:04",
            "open": "0.1995",
            "high": "0.1997",
            "low": "0.1995",
            "close": "0.1998"
        },
        {
            "time": "12.07.2021 02:10",
            "open": "0.1998",
            "high": "0.1999",
            "low": "0.1998",
            "close": "0.1996"
        },
        {
            "time": "12.07.2021 02:12",
            "open": "0.1996",
            "high": "0.1996",
            "low": "0.1996",
            "close": "0.1994"
        },
        {
            "time": "12.07.2021 02:26",
            "open": "0.1994",
            "high": "0.1994",
            "low": "0.1993",
            "close": "0.1995"
        },
        {
            "time": "12.07.2021 02:29",
            "open": "0.1995",
            "high": "0.2009",
            "low": "0.1995",
            "close": "0.2008"
        },
        {
            "time": "12.07.2021 02:30",
            "open": "0.2008",
            "high": "0.2008",
            "low": "0.2008",
            "close": "0.2008"
        },
        {
            "time": "12.07.2021 02:31",
            "open": "0.2008",
            "high": "0.2008",
            "low": "0.2008",
            "close": "0.2007"
        },
        {
            "time": "12.07.2021 02:32",
            "open": "0.2007",
            "high": "0.2007",
            "low": "0.2002",
            "close": "0.2004"
        },
        {
            "time": "12.07.2021 02:36",
            "open": "0.2004",
            "high": "0.2004",
            "low": "0.2002",
            "close": "0.2003"
        },
        {
            "time": "12.07.2021 02:43",
            "open": "0.2003",
            "high": "0.2004",
            "low": "0.2003",
            "close": "0.2002"
        },
        {
            "time": "12.07.2021 02:47",
            "open": "0.2002",
            "high": "0.2002",
            "low": "0.2002",
            "close": "0.2001"
        },
        {
            "time": "12.07.2021 02:51",
            "open": "0.2001",
            "high": "0.2003",
            "low": "0.2001",
            "close": "0.1997"
        },
        {
            "time": "12.07.2021 03:03",
            "open": "0.1997",
            "high": "0.1997",
            "low": "0.1995",
            "close": "0.1996"
        },
        {
            "time": "12.07.2021 03:26",
            "open": "0.1996",
            "high": "0.2001",
            "low": "0.1996",
            "close": "0.1996"
        },
        {
            "time": "12.07.2021 03:32",
            "open": "0.1996",
            "high": "0.1996",
            "low": "0.1996",
            "close": "0.1999"
        },
        {
            "time": "12.07.2021 03:49",
            "open": "0.1999",
            "high": "0.1999",
            "low": "0.1999",
            "close": "0.2"
        },
        {
            "time": "12.07.2021 04:00",
            "open": "0.2",
            "high": "0.2",
            "low": "0.2",
            "close": "0.2"
        },
        {
            "time": "12.07.2021 04:14",
            "open": "0.2",
            "high": "0.2012",
            "low": "0.2",
            "close": "0.2013"
        },
        {
            "time": "12.07.2021 04:17",
            "open": "0.2013",
            "high": "0.2013",
            "low": "0.2013",
            "close": "0.2014"
        },
        {
            "time": "12.07.2021 04:18",
            "open": "0.2014",
            "high": "0.2014",
            "low": "0.2014",
            "close": "0.2012"
        },
        {
            "time": "12.07.2021 04:26",
            "open": "0.2012",
            "high": "0.2012",
            "low": "0.2012",
            "close": "0.2012"
        },
        {
            "time": "12.07.2021 04:40",
            "open": "0.2012",
            "high": "0.2012",
            "low": "0.2012",
            "close": "0.2023"
        },
        {
            "time": "12.07.2021 05:06",
            "open": "0.2023",
            "high": "0.203",
            "low": "0.2023",
            "close": "0.203"
        },
        {
            "time": "12.07.2021 05:07",
            "open": "0.203",
            "high": "0.2031",
            "low": "0.203",
            "close": "0.2036"
        },
        {
            "time": "12.07.2021 05:09",
            "open": "0.2036",
            "high": "0.204",
            "low": "0.203",
            "close": "0.204"
        },
        {
            "time": "12.07.2021 05:10",
            "open": "0.204",
            "high": "0.204",
            "low": "0.2034",
            "close": "0.2032"
        },
        {
            "time": "12.07.2021 05:16",
            "open": "0.2032",
            "high": "0.2032",
            "low": "0.2032",
            "close": "0.2028"
        },
        {
            "time": "12.07.2021 05:18",
            "open": "0.2028",
            "high": "0.2028",
            "low": "0.2024",
            "close": "0.2025"
        },
        {
            "time": "12.07.2021 05:19",
            "open": "0.2025",
            "high": "0.2025",
            "low": "0.2025",
            "close": "0.2027"
        },
        {
            "time": "12.07.2021 05:20",
            "open": "0.2027",
            "high": "0.2027",
            "low": "0.2027",
            "close": "0.2034"
        },
        {
            "time": "12.07.2021 05:27",
            "open": "0.2034",
            "high": "0.2034",
            "low": "0.2034",
            "close": "0.2035"
        },
        {
            "time": "12.07.2021 05:32",
            "open": "0.2035",
            "high": "0.2036",
            "low": "0.2035",
            "close": "0.2034"
        },
        {
            "time": "12.07.2021 05:33",
            "open": "0.2034",
            "high": "0.2034",
            "low": "0.2034",
            "close": "0.2034"
        },
        {
            "time": "12.07.2021 05:34",
            "open": "0.2034",
            "high": "0.2034",
            "low": "0.2034",
            "close": "0.2032"
        },
        {
            "time": "12.07.2021 05:35",
            "open": "0.2032",
            "high": "0.2032",
            "low": "0.2032",
            "close": "0.2025"
        },
        {
            "time": "12.07.2021 06:04",
            "open": "0.2025",
            "high": "0.2025",
            "low": "0.2024",
            "close": "0.2026"
        },
        {
            "time": "12.07.2021 06:20",
            "open": "0.2026",
            "high": "0.2026",
            "low": "0.2025",
            "close": "0.2025"
        },
        {
            "time": "12.07.2021 06:26",
            "open": "0.2025",
            "high": "0.2025",
            "low": "0.2025",
            "close": "0.202"
        },
        {
            "time": "12.07.2021 06:29",
            "open": "0.202",
            "high": "0.202",
            "low": "0.202",
            "close": "0.2013"
        },
        {
            "time": "12.07.2021 06:43",
            "open": "0.2013",
            "high": "0.2013",
            "low": "0.2012",
            "close": "0.202"
        },
        {
            "time": "12.07.2021 06:50",
            "open": "0.202",
            "high": "0.2021",
            "low": "0.2016",
            "close": "0.2013"
        },
        {
            "time": "12.07.2021 07:05",
            "open": "0.2013",
            "high": "0.2025",
            "low": "0.2013",
            "close": "0.2023"
        },
        {
            "time": "12.07.2021 07:07",
            "open": "0.2023",
            "high": "0.2023",
            "low": "0.2023",
            "close": "0.2017"
        },
        {
            "time": "12.07.2021 07:17",
            "open": "0.2017",
            "high": "0.2017",
            "low": "0.2015",
            "close": "0.2018"
        },
        {
            "time": "12.07.2021 07:19",
            "open": "0.2018",
            "high": "0.2018",
            "low": "0.2018",
            "close": "0.2021"
        },
        {
            "time": "12.07.2021 07:44",
            "open": "0.2021",
            "high": "0.2031",
            "low": "0.2021",
            "close": "0.2019"
        },
        {
            "time": "12.07.2021 07:46",
            "open": "0.2019",
            "high": "0.2019",
            "low": "0.2018",
            "close": "0.2014"
        },
        {
            "time": "12.07.2021 07:48",
            "open": "0.2014",
            "high": "0.2014",
            "low": "0.2013",
            "close": "0.2015"
        },
        {
            "time": "12.07.2021 07:51",
            "open": "0.2015",
            "high": "0.202",
            "low": "0.2015",
            "close": "0.2025"
        },
        {
            "time": "12.07.2021 07:52",
            "open": "0.2025",
            "high": "0.2025",
            "low": "0.2019",
            "close": "0.2016"
        },
        {
            "time": "12.07.2021 07:53",
            "open": "0.2016",
            "high": "0.2017",
            "low": "0.2016",
            "close": "0.2017"
        },
        {
            "time": "12.07.2021 08:04",
            "open": "0.2017",
            "high": "0.2017",
            "low": "0.2017",
            "close": "0.2017"
        },
        {
            "time": "12.07.2021 08:06",
            "open": "0.2017",
            "high": "0.2017",
            "low": "0.2017",
            "close": "0.2018"
        },
        {
            "time": "12.07.2021 08:15",
            "open": "0.2018",
            "high": "0.2018",
            "low": "0.2018",
            "close": "0.2017"
        },
        {
            "time": "12.07.2021 08:16",
            "open": "0.2017",
            "high": "0.2019",
            "low": "0.2017",
            "close": "0.2022"
        },
        {
            "time": "12.07.2021 08:33",
            "open": "0.2022",
            "high": "0.2022",
            "low": "0.2022",
            "close": "0.202"
        },
        {
            "time": "12.07.2021 08:34",
            "open": "0.202",
            "high": "0.202",
            "low": "0.202",
            "close": "0.2018"
        },
        {
            "time": "12.07.2021 08:44",
            "open": "0.2018",
            "high": "0.2018",
            "low": "0.2018",
            "close": "0.2018"
        },
        {
            "time": "12.07.2021 08:50",
            "open": "0.2018",
            "high": "0.2018",
            "low": "0.2018",
            "close": "0.2025"
        },
        {
            "time": "12.07.2021 08:51",
            "open": "0.2025",
            "high": "0.203",
            "low": "0.2025",
            "close": "0.2031"
        },
        {
            "time": "12.07.2021 08:52",
            "open": "0.2031",
            "high": "0.2031",
            "low": "0.2031",
            "close": "0.2031"
        },
        {
            "time": "12.07.2021 08:54",
            "open": "0.2031",
            "high": "0.2032",
            "low": "0.2031",
            "close": "0.2032"
        },
        {
            "time": "12.07.2021 08:55",
            "open": "0.2032",
            "high": "0.2032",
            "low": "0.2032",
            "close": "0.2031"
        },
        {
            "time": "12.07.2021 09:03",
            "open": "0.2031",
            "high": "0.2031",
            "low": "0.2031",
            "close": "0.2031"
        },
        {
            "time": "12.07.2021 09:04",
            "open": "0.2031",
            "high": "0.2031",
            "low": "0.203",
            "close": "0.2031"
        },
        {
            "time": "12.07.2021 09:08",
            "open": "0.2031",
            "high": "0.2033",
            "low": "0.2031",
            "close": "0.2031"
        },
        {
            "time": "12.07.2021 09:10",
            "open": "0.2031",
            "high": "0.2031",
            "low": "0.2031",
            "close": "0.2027"
        },
        {
            "time": "12.07.2021 09:16",
            "open": "0.2027",
            "high": "0.2027",
            "low": "0.2024",
            "close": "0.203"
        },
        {
            "time": "12.07.2021 09:18",
            "open": "0.203",
            "high": "0.203",
            "low": "0.203",
            "close": "0.2029"
        },
        {
            "time": "12.07.2021 09:26",
            "open": "0.2029",
            "high": "0.2032",
            "low": "0.2029",
            "close": "0.2035"
        },
        {
            "time": "12.07.2021 09:27",
            "open": "0.2035",
            "high": "0.2035",
            "low": "0.2035",
            "close": "0.2028"
        },
        {
            "time": "12.07.2021 09:28",
            "open": "0.2028",
            "high": "0.2028",
            "low": "0.2028",
            "close": "0.2026"
        },
        {
            "time": "12.07.2021 09:31",
            "open": "0.2026",
            "high": "0.2026",
            "low": "0.2026",
            "close": "0.2024"
        },
        {
            "time": "12.07.2021 09:32",
            "open": "0.2024",
            "high": "0.2024",
            "low": "0.2022",
            "close": "0.2026"
        },
        {
            "time": "12.07.2021 09:33",
            "open": "0.2026",
            "high": "0.2026",
            "low": "0.2026",
            "close": "0.202"
        },
        {
            "time": "12.07.2021 09:46",
            "open": "0.202",
            "high": "0.202",
            "low": "0.2008",
            "close": "0.2009"
        },
        {
            "time": "12.07.2021 09:48",
            "open": "0.2009",
            "high": "0.2022",
            "low": "0.2009",
            "close": "0.202"
        },
        {
            "time": "12.07.2021 09:49",
            "open": "0.202",
            "high": "0.2021",
            "low": "0.202",
            "close": "0.2022"
        },
        {
            "time": "12.07.2021 09:51",
            "open": "0.2022",
            "high": "0.2028",
            "low": "0.2021",
            "close": "0.2027"
        },
        {
            "time": "12.07.2021 09:52",
            "open": "0.2027",
            "high": "0.2027",
            "low": "0.2027",
            "close": "0.2019"
        },
        {
            "time": "12.07.2021 09:54",
            "open": "0.2019",
            "high": "0.2019",
            "low": "0.2019",
            "close": "0.2024"
        },
        {
            "time": "12.07.2021 09:57",
            "open": "0.2024",
            "high": "0.2025",
            "low": "0.2024",
            "close": "0.2023"
        },
        {
            "time": "12.07.2021 09:59",
            "open": "0.2023",
            "high": "0.2024",
            "low": "0.2023",
            "close": "0.2022"
        },
        {
            "time": "12.07.2021 10:01",
            "open": "0.2022",
            "high": "0.2022",
            "low": "0.2022",
            "close": "0.2019"
        },
        {
            "time": "12.07.2021 10:13",
            "open": "0.2019",
            "high": "0.2019",
            "low": "0.2019",
            "close": "0.2029"
        },
        {
            "time": "12.07.2021 10:17",
            "open": "0.2029",
            "high": "0.2029",
            "low": "0.2029",
            "close": "0.2025"
        },
        {
            "time": "12.07.2021 10:18",
            "open": "0.2025",
            "high": "0.2026",
            "low": "0.2025",
            "close": "0.2016"
        },
        {
            "time": "12.07.2021 10:28",
            "open": "0.2016",
            "high": "0.2016",
            "low": "0.2014",
            "close": "0.2012"
        },
        {
            "time": "12.07.2021 10:29",
            "open": "0.2012",
            "high": "0.2012",
            "low": "0.2012",
            "close": "0.2011"
        },
        {
            "time": "12.07.2021 10:32",
            "open": "0.2011",
            "high": "0.2011",
            "low": "0.2011",
            "close": "0.2014"
        },
        {
            "time": "12.07.2021 10:35",
            "open": "0.2014",
            "high": "0.2029",
            "low": "0.2014",
            "close": "0.2017"
        },
        {
            "time": "12.07.2021 10:36",
            "open": "0.2017",
            "high": "0.2017",
            "low": "0.2012",
            "close": "0.2014"
        },
        {
            "time": "12.07.2021 10:39",
            "open": "0.2014",
            "high": "0.2014",
            "low": "0.2014",
            "close": "0.201"
        },
        {
            "time": "12.07.2021 10:42",
            "open": "0.201",
            "high": "0.201",
            "low": "0.201",
            "close": "0.2011"
        },
        {
            "time": "12.07.2021 10:43",
            "open": "0.2011",
            "high": "0.2011",
            "low": "0.2011",
            "close": "0.2013"
        },
        {
            "time": "12.07.2021 10:45",
            "open": "0.2013",
            "high": "0.2013",
            "low": "0.2013",
            "close": "0.2013"
        },
        {
            "time": "12.07.2021 10:50",
            "open": "0.2013",
            "high": "0.2013",
            "low": "0.2013",
            "close": "0.2012"
        },
        {
            "time": "12.07.2021 10:58",
            "open": "0.2012",
            "high": "0.2012",
            "low": "0.2012",
            "close": "0.2012"
        },
        {
            "time": "12.07.2021 10:59",
            "open": "0.2012",
            "high": "0.2013",
            "low": "0.2012",
            "close": "0.2013"
        },
        {
            "time": "12.07.2021 11:03",
            "open": "0.2013",
            "high": "0.2014",
            "low": "0.2013",
            "close": "0.2016"
        },
        {
            "time": "12.07.2021 11:06",
            "open": "0.2016",
            "high": "0.2016",
            "low": "0.2014",
            "close": "0.2014"
        },
        {
            "time": "12.07.2021 11:07",
            "open": "0.2014",
            "high": "0.2014",
            "low": "0.2014",
            "close": "0.2013"
        },
        {
            "time": "12.07.2021 11:09",
            "open": "0.2013",
            "high": "0.2013",
            "low": "0.201",
            "close": "0.2014"
        },
        {
            "time": "12.07.2021 11:10",
            "open": "0.2014",
            "high": "0.2014",
            "low": "0.2014",
            "close": "0.2015"
        },
        {
            "time": "12.07.2021 11:11",
            "open": "0.2015",
            "high": "0.2015",
            "low": "0.2012",
            "close": "0.2012"
        },
        {
            "time": "12.07.2021 11:17",
            "open": "0.2012",
            "high": "0.2012",
            "low": "0.2012",
            "close": "0.2012"
        },
        {
            "time": "12.07.2021 11:18",
            "open": "0.2012",
            "high": "0.2012",
            "low": "0.2012",
            "close": "0.2013"
        },
        {
            "time": "12.07.2021 11:19",
            "open": "0.2013",
            "high": "0.2014",
            "low": "0.2013",
            "close": "0.2013"
        },
        {
            "time": "12.07.2021 11:21",
            "open": "0.2013",
            "high": "0.2013",
            "low": "0.201",
            "close": "0.201"
        },
        {
            "time": "12.07.2021 11:22",
            "open": "0.201",
            "high": "0.201",
            "low": "0.201",
            "close": "0.201"
        },
        {
            "time": "12.07.2021 11:23",
            "open": "0.201",
            "high": "0.201",
            "low": "0.201",
            "close": "0.2007"
        },
        {
            "time": "12.07.2021 11:37",
            "open": "0.2007",
            "high": "0.2007",
            "low": "0.2006",
            "close": "0.2009"
        },
        {
            "time": "12.07.2021 11:38",
            "open": "0.2009",
            "high": "0.2019",
            "low": "0.2009",
            "close": "0.2014"
        },
        {
            "time": "12.07.2021 11:39",
            "open": "0.2014",
            "high": "0.2022",
            "low": "0.2014",
            "close": "0.2012"
        },
        {
            "time": "12.07.2021 11:40",
            "open": "0.2012",
            "high": "0.2012",
            "low": "0.2012",
            "close": "0.2012"
        },
        {
            "time": "12.07.2021 11:41",
            "open": "0.2012",
            "high": "0.2012",
            "low": "0.2012",
            "close": "0.2016"
        },
        {
            "time": "12.07.2021 11:46",
            "open": "0.2016",
            "high": "0.2016",
            "low": "0.2016",
            "close": "0.2016"
        },
        {
            "time": "12.07.2021 11:47",
            "open": "0.2016",
            "high": "0.2016",
            "low": "0.2016",
            "close": "0.2013"
        },
        {
            "time": "12.07.2021 11:48",
            "open": "0.2013",
            "high": "0.2016",
            "low": "0.2013",
            "close": "0.2015"
        },
        {
            "time": "12.07.2021 11:49",
            "open": "0.2015",
            "high": "0.2015",
            "low": "0.2012",
            "close": "0.2015"
        },
        {
            "time": "12.07.2021 11:56",
            "open": "0.2015",
            "high": "0.2015",
            "low": "0.2015",
            "close": "0.2016"
        },
        {
            "time": "12.07.2021 11:58",
            "open": "0.2016",
            "high": "0.2016",
            "low": "0.2016",
            "close": "0.2009"
        },
        {
            "time": "12.07.2021 12:00",
            "open": "0.2009",
            "high": "0.2009",
            "low": "0.2008",
            "close": "0.2004"
        },
        {
            "time": "12.07.2021 12:01",
            "open": "0.2004",
            "high": "0.2004",
            "low": "0.2003",
            "close": "0.1998"
        },
        {
            "time": "12.07.2021 12:02",
            "open": "0.1998",
            "high": "0.1998",
            "low": "0.1998",
            "close": "0.1998"
        },
        {
            "time": "12.07.2021 12:07",
            "open": "0.1998",
            "high": "0.1998",
            "low": "0.1994",
            "close": "0.1996"
        },
        {
            "time": "12.07.2021 12:09",
            "open": "0.1996",
            "high": "0.2008",
            "low": "0.1996",
            "close": "0.2003"
        },
        {
            "time": "12.07.2021 12:10",
            "open": "0.2003",
            "high": "0.2003",
            "low": "0.2003",
            "close": "0.2003"
        },
        {
            "time": "12.07.2021 12:11",
            "open": "0.2003",
            "high": "0.2003",
            "low": "0.2003",
            "close": "0.1997"
        },
        {
            "time": "12.07.2021 12:18",
            "open": "0.1997",
            "high": "0.1997",
            "low": "0.1991",
            "close": "0.1989"
        },
        {
            "time": "12.07.2021 12:19",
            "open": "0.1989",
            "high": "0.1989",
            "low": "0.1986",
            "close": "0.1984"
        },
        {
            "time": "12.07.2021 12:20",
            "open": "0.1984",
            "high": "0.1991",
            "low": "0.1984",
            "close": "0.1991"
        },
        {
            "time": "12.07.2021 12:21",
            "open": "0.1991",
            "high": "0.1991",
            "low": "0.1991",
            "close": "0.1988"
        },
        {
            "time": "12.07.2021 12:23",
            "open": "0.1988",
            "high": "0.1988",
            "low": "0.1988",
            "close": "0.1988"
        },
        {
            "time": "12.07.2021 12:24",
            "open": "0.1988",
            "high": "0.1988",
            "low": "0.1988",
            "close": "0.1987"
        },
        {
            "time": "12.07.2021 12:30",
            "open": "0.1987",
            "high": "0.1988",
            "low": "0.1986",
            "close": "0.1988"
        },
        {
            "time": "12.07.2021 12:35",
            "open": "0.1988",
            "high": "0.2007",
            "low": "0.1988",
            "close": "0.1998"
        },
        {
            "time": "12.07.2021 12:36",
            "open": "0.1998",
            "high": "0.2001",
            "low": "0.1998",
            "close": "0.1998"
        },
        {
            "time": "12.07.2021 12:37",
            "open": "0.1998",
            "high": "0.1998",
            "low": "0.1998",
            "close": "0.1998"
        },
        {
            "time": "12.07.2021 12:38",
            "open": "0.1998",
            "high": "0.2",
            "low": "0.1998",
            "close": "0.2"
        },
        {
            "time": "12.07.2021 12:39",
            "open": "0.2",
            "high": "0.2",
            "low": "0.1999",
            "close": "0.1995"
        },
        {
            "time": "12.07.2021 12:40",
            "open": "0.1995",
            "high": "0.1998",
            "low": "0.1995",
            "close": "0.1996"
        },
        {
            "time": "12.07.2021 12:48",
            "open": "0.1996",
            "high": "0.1996",
            "low": "0.1996",
            "close": "0.1995"
        },
        {
            "time": "12.07.2021 12:49",
            "open": "0.1995",
            "high": "0.1995",
            "low": "0.1995",
            "close": "0.1986"
        },
        {
            "time": "12.07.2021 12:50",
            "open": "0.1986",
            "high": "0.1986",
            "low": "0.1985",
            "close": "0.1984"
        },
        {
            "time": "12.07.2021 12:51",
            "open": "0.1984",
            "high": "0.1984",
            "low": "0.1984",
            "close": "0.1988"
        },
        {
            "time": "12.07.2021 12:54",
            "open": "0.1988",
            "high": "0.1988",
            "low": "0.1983",
            "close": "0.1985"
        },
        {
            "time": "12.07.2021 12:59",
            "open": "0.1985",
            "high": "0.1985",
            "low": "0.1982",
            "close": "0.1982"
        },
        {
            "time": "12.07.2021 13:00",
            "open": "0.1982",
            "high": "0.1982",
            "low": "0.1982",
            "close": "0.1982"
        },
        {
            "time": "12.07.2021 13:01",
            "open": "0.1982",
            "high": "0.1982",
            "low": "0.1982",
            "close": "0.1982"
        },
        {
            "time": "12.07.2021 13:02",
            "open": "0.1982",
            "high": "0.1982",
            "low": "0.1982",
            "close": "0.1982"
        },
        {
            "time": "12.07.2021 13:03",
            "open": "0.1982",
            "high": "0.1982",
            "low": "0.1982",
            "close": "0.1984"
        },
        {
            "time": "12.07.2021 13:06",
            "open": "0.1984",
            "high": "0.1984",
            "low": "0.1984",
            "close": "0.1984"
        },
        {
            "time": "12.07.2021 13:08",
            "open": "0.1984",
            "high": "0.1986",
            "low": "0.1984",
            "close": "0.1981"
        },
        {
            "time": "12.07.2021 13:14",
            "open": "0.1981",
            "high": "0.1981",
            "low": "0.1981",
            "close": "0.1985"
        },
        {
            "time": "12.07.2021 13:15",
            "open": "0.1985",
            "high": "0.1985",
            "low": "0.1985",
            "close": "0.1987"
        },
        {
            "time": "12.07.2021 13:20",
            "open": "0.1987",
            "high": "0.1988",
            "low": "0.1987",
            "close": "0.1984"
        },
        {
            "time": "12.07.2021 13:28",
            "open": "0.1984",
            "high": "0.1984",
            "low": "0.1984",
            "close": "0.1985"
        },
        {
            "time": "12.07.2021 13:37",
            "open": "0.1985",
            "high": "0.1985",
            "low": "0.1981",
            "close": "0.1984"
        },
        {
            "time": "12.07.2021 13:43",
            "open": "0.1984",
            "high": "0.1985",
            "low": "0.1984",
            "close": "0.1984"
        },
        {
            "time": "12.07.2021 13:44",
            "open": "0.1984",
            "high": "0.1984",
            "low": "0.1984",
            "close": "0.1986"
        },
        {
            "time": "12.07.2021 13:46",
            "open": "0.1986",
            "high": "0.1988",
            "low": "0.1986",
            "close": "0.1998"
        },
        {
            "time": "12.07.2021 13:47",
            "open": "0.1998",
            "high": "0.1998",
            "low": "0.1998",
            "close": "0.1995"
        },
        {
            "time": "12.07.2021 13:50",
            "open": "0.1995",
            "high": "0.1995",
            "low": "0.1995",
            "close": "0.199"
        },
        {
            "time": "12.07.2021 13:51",
            "open": "0.199",
            "high": "0.199",
            "low": "0.1989",
            "close": "0.199"
        },
        {
            "time": "12.07.2021 14:00",
            "open": "0.199",
            "high": "0.199",
            "low": "0.199",
            "close": "0.1986"
        },
        {
            "time": "12.07.2021 14:06",
            "open": "0.1986",
            "high": "0.1986",
            "low": "0.1986",
            "close": "0.1988"
        },
        {
            "time": "12.07.2021 14:11",
            "open": "0.1988",
            "high": "0.1997",
            "low": "0.1987",
            "close": "0.1991"
        },
        {
            "time": "12.07.2021 14:26",
            "open": "0.1991",
            "high": "0.1991",
            "low": "0.1985",
            "close": "0.1982"
        },
        {
            "time": "12.07.2021 14:28",
            "open": "0.1982",
            "high": "0.1982",
            "low": "0.1981",
            "close": "0.1981"
        },
        {
            "time": "12.07.2021 14:30",
            "open": "0.1981",
            "high": "0.1981",
            "low": "0.1981",
            "close": "0.198"
        },
        {
            "time": "12.07.2021 14:31",
            "open": "0.198",
            "high": "0.198",
            "low": "0.1978",
            "close": "0.1978"
        },
        {
            "time": "12.07.2021 14:40",
            "open": "0.1978",
            "high": "0.1996",
            "low": "0.1978",
            "close": "0.1996"
        },
        {
            "time": "12.07.2021 14:41",
            "open": "0.1996",
            "high": "0.1996",
            "low": "0.1996",
            "close": "0.1997"
        },
        {
            "time": "12.07.2021 14:42",
            "open": "0.1997",
            "high": "0.1997",
            "low": "0.1995",
            "close": "0.199"
        },
        {
            "time": "12.07.2021 14:44",
            "open": "0.199",
            "high": "0.199",
            "low": "0.1986",
            "close": "0.1986"
        },
        {
            "time": "12.07.2021 14:45",
            "open": "0.1986",
            "high": "0.1986",
            "low": "0.1984",
            "close": "0.1982"
        },
        {
            "time": "12.07.2021 14:47",
            "open": "0.1982",
            "high": "0.1985",
            "low": "0.1982",
            "close": "0.1983"
        },
        {
            "time": "12.07.2021 14:48",
            "open": "0.1983",
            "high": "0.1985",
            "low": "0.1981",
            "close": "0.1988"
        },
        {
            "time": "12.07.2021 14:49",
            "open": "0.1988",
            "high": "0.1988",
            "low": "0.1988",
            "close": "0.1983"
        },
        {
            "time": "12.07.2021 15:02",
            "open": "0.1983",
            "high": "0.1988",
            "low": "0.1983",
            "close": "0.1985"
        },
        {
            "time": "12.07.2021 15:04",
            "open": "0.1985",
            "high": "0.1985",
            "low": "0.1985",
            "close": "0.1987"
        },
        {
            "time": "12.07.2021 15:06",
            "open": "0.1987",
            "high": "0.1987",
            "low": "0.1987",
            "close": "0.1984"
        },
        {
            "time": "12.07.2021 15:09",
            "open": "0.1984",
            "high": "0.1984",
            "low": "0.198",
            "close": "0.1983"
        },
        {
            "time": "12.07.2021 15:10",
            "open": "0.1983",
            "high": "0.1984",
            "low": "0.1983",
            "close": "0.1982"
        },
        {
            "time": "12.07.2021 15:15",
            "open": "0.1982",
            "high": "0.1982",
            "low": "0.1982",
            "close": "0.1983"
        },
        {
            "time": "12.07.2021 15:16",
            "open": "0.1983",
            "high": "0.1983",
            "low": "0.198",
            "close": "0.1979"
        },
        {
            "time": "12.07.2021 15:18",
            "open": "0.1979",
            "high": "0.1981",
            "low": "0.1978",
            "close": "0.1981"
        },
        {
            "time": "12.07.2021 15:19",
            "open": "0.1981",
            "high": "0.1981",
            "low": "0.1977",
            "close": "0.198"
        },
        {
            "time": "12.07.2021 15:20",
            "open": "0.198",
            "high": "0.198",
            "low": "0.198",
            "close": "0.1979"
        },
        {
            "time": "12.07.2021 15:21",
            "open": "0.1979",
            "high": "0.1979",
            "low": "0.1979",
            "close": "0.1976"
        },
        {
            "time": "12.07.2021 15:24",
            "open": "0.1976",
            "high": "0.1976",
            "low": "0.1973",
            "close": "0.1972"
        },
        {
            "time": "12.07.2021 15:29",
            "open": "0.1972",
            "high": "0.1972",
            "low": "0.1972",
            "close": "0.1972"
        },
        {
            "time": "12.07.2021 15:30",
            "open": "0.1972",
            "high": "0.1972",
            "low": "0.1972",
            "close": "0.1972"
        },
        {
            "time": "12.07.2021 15:34",
            "open": "0.1972",
            "high": "0.1973",
            "low": "0.1972",
            "close": "0.1973"
        },
        {
            "time": "12.07.2021 15:43",
            "open": "0.1973",
            "high": "0.1973",
            "low": "0.1973",
            "close": "0.1973"
        },
        {
            "time": "12.07.2021 15:47",
            "open": "0.1973",
            "high": "0.1973",
            "low": "0.1973",
            "close": "0.1972"
        },
        {
            "time": "12.07.2021 15:49",
            "open": "0.1972",
            "high": "0.1972",
            "low": "0.1972",
            "close": "0.1973"
        },
        {
            "time": "12.07.2021 15:51",
            "open": "0.1973",
            "high": "0.1987",
            "low": "0.1973",
            "close": "0.1979"
        },
        {
            "time": "12.07.2021 15:55",
            "open": "0.1979",
            "high": "0.1979",
            "low": "0.1977",
            "close": "0.1981"
        },
        {
            "time": "12.07.2021 15:58",
            "open": "0.1981",
            "high": "0.1981",
            "low": "0.1981",
            "close": "0.1979"
        },
        {
            "time": "12.07.2021 15:59",
            "open": "0.1979",
            "high": "0.1979",
            "low": "0.1979",
            "close": "0.1982"
        },
        {
            "time": "12.07.2021 16:01",
            "open": "0.1982",
            "high": "0.1984",
            "low": "0.1982",
            "close": "0.1985"
        },
        {
            "time": "12.07.2021 16:02",
            "open": "0.1985",
            "high": "0.1986",
            "low": "0.1985",
            "close": "0.1989"
        },
        {
            "time": "12.07.2021 16:05",
            "open": "0.1989",
            "high": "0.1989",
            "low": "0.1989",
            "close": "0.199"
        },
        {
            "time": "12.07.2021 16:12",
            "open": "0.199",
            "high": "0.1991",
            "low": "0.199",
            "close": "0.199"
        },
        {
            "time": "12.07.2021 16:13",
            "open": "0.199",
            "high": "0.1992",
            "low": "0.199",
            "close": "0.1992"
        },
        {
            "time": "12.07.2021 16:17",
            "open": "0.1992",
            "high": "0.1996",
            "low": "0.1983",
            "close": "0.1984"
        },
        {
            "time": "12.07.2021 16:26",
            "open": "0.1984",
            "high": "0.1984",
            "low": "0.1981",
            "close": "0.1979"
        },
        {
            "time": "12.07.2021 16:27",
            "open": "0.1979",
            "high": "0.1979",
            "low": "0.1973",
            "close": "0.1974"
        },
        {
            "time": "12.07.2021 16:28",
            "open": "0.1974",
            "high": "0.1974",
            "low": "0.1974",
            "close": "0.1972"
        },
        {
            "time": "12.07.2021 16:29",
            "open": "0.1972",
            "high": "0.1973",
            "low": "0.1971",
            "close": "0.1977"
        },
        {
            "time": "12.07.2021 16:31",
            "open": "0.1977",
            "high": "0.1979",
            "low": "0.1977",
            "close": "0.1989"
        },
        {
            "time": "12.07.2021 16:37",
            "open": "0.1989",
            "high": "0.1989",
            "low": "0.1989",
            "close": "0.1989"
        },
        {
            "time": "12.07.2021 16:40",
            "open": "0.1989",
            "high": "0.1989",
            "low": "0.1989",
            "close": "0.1989"
        },
        {
            "time": "12.07.2021 16:42",
            "open": "0.1989",
            "high": "0.199",
            "low": "0.1989",
            "close": "0.1988"
        },
        {
            "time": "12.07.2021 16:43",
            "open": "0.1988",
            "high": "0.1988",
            "low": "0.1988",
            "close": "0.1991"
        },
        {
            "time": "12.07.2021 16:48",
            "open": "0.1991",
            "high": "0.1991",
            "low": "0.1991",
            "close": "0.1986"
        },
        {
            "time": "12.07.2021 17:04",
            "open": "0.1986",
            "high": "0.1986",
            "low": "0.1986",
            "close": "0.1993"
        },
        {
            "time": "12.07.2021 17:06",
            "open": "0.1993",
            "high": "0.1993",
            "low": "0.1993",
            "close": "0.1993"
        },
        {
            "time": "12.07.2021 17:07",
            "open": "0.1993",
            "high": "0.1993",
            "low": "0.1993",
            "close": "0.1988"
        },
        {
            "time": "12.07.2021 17:09",
            "open": "0.1988",
            "high": "0.1988",
            "low": "0.1988",
            "close": "0.1987"
        },
        {
            "time": "12.07.2021 17:10",
            "open": "0.1987",
            "high": "0.1987",
            "low": "0.1977",
            "close": "0.1975"
        },
        {
            "time": "12.07.2021 17:11",
            "open": "0.1975",
            "high": "0.1977",
            "low": "0.1975",
            "close": "0.1984"
        },
        {
            "time": "12.07.2021 17:12",
            "open": "0.1984",
            "high": "0.1984",
            "low": "0.1984",
            "close": "0.1983"
        },
        {
            "time": "12.07.2021 17:15",
            "open": "0.1983",
            "high": "0.1983",
            "low": "0.1983",
            "close": "0.1978"
        },
        {
            "time": "12.07.2021 17:22",
            "open": "0.1978",
            "high": "0.1978",
            "low": "0.1978",
            "close": "0.1978"
        },
        {
            "time": "12.07.2021 17:28",
            "open": "0.1978",
            "high": "0.1987",
            "low": "0.1978",
            "close": "0.1988"
        },
        {
            "time": "12.07.2021 17:29",
            "open": "0.1988",
            "high": "0.1988",
            "low": "0.1988",
            "close": "0.1993"
        },
        {
            "time": "12.07.2021 17:32",
            "open": "0.1993",
            "high": "0.1993",
            "low": "0.1993",
            "close": "0.199"
        },
        {
            "time": "12.07.2021 17:33",
            "open": "0.199",
            "high": "0.199",
            "low": "0.1989",
            "close": "0.1987"
        },
        {
            "time": "12.07.2021 17:34",
            "open": "0.1987",
            "high": "0.1987",
            "low": "0.1987",
            "close": "0.1987"
        },
        {
            "time": "12.07.2021 17:35",
            "open": "0.1987",
            "high": "0.1987",
            "low": "0.1986",
            "close": "0.1981"
        },
        {
            "time": "12.07.2021 17:37",
            "open": "0.1981",
            "high": "0.1981",
            "low": "0.1979",
            "close": "0.1982"
        },
        {
            "time": "12.07.2021 17:39",
            "open": "0.1982",
            "high": "0.1983",
            "low": "0.1982",
            "close": "0.198"
        },
        {
            "time": "12.07.2021 17:41",
            "open": "0.198",
            "high": "0.198",
            "low": "0.1976",
            "close": "0.1976"
        },
        {
            "time": "12.07.2021 17:44",
            "open": "0.1976",
            "high": "0.1976",
            "low": "0.1976",
            "close": "0.1976"
        },
        {
            "time": "12.07.2021 17:48",
            "open": "0.1976",
            "high": "0.1976",
            "low": "0.1976",
            "close": "0.1977"
        },
        {
            "time": "12.07.2021 17:49",
            "open": "0.1977",
            "high": "0.1978",
            "low": "0.1977",
            "close": "0.1979"
        },
        {
            "time": "12.07.2021 17:50",
            "open": "0.1979",
            "high": "0.1979",
            "low": "0.1979",
            "close": "0.1977"
        },
        {
            "time": "12.07.2021 17:51",
            "open": "0.1977",
            "high": "0.1978",
            "low": "0.1977",
            "close": "0.1975"
        },
        {
            "time": "12.07.2021 17:52",
            "open": "0.1975",
            "high": "0.1975",
            "low": "0.1975",
            "close": "0.1977"
        },
        {
            "time": "12.07.2021 17:55",
            "open": "0.1977",
            "high": "0.1977",
            "low": "0.1977",
            "close": "0.1968"
        },
        {
            "time": "12.07.2021 18:00",
            "open": "0.1968",
            "high": "0.1968",
            "low": "0.1966",
            "close": "0.1968"
        },
        {
            "time": "12.07.2021 18:01",
            "open": "0.1968",
            "high": "0.1968",
            "low": "0.1968",
            "close": "0.1974"
        },
        {
            "time": "12.07.2021 18:02",
            "open": "0.1974",
            "high": "0.1974",
            "low": "0.1974",
            "close": "0.1977"
        },
        {
            "time": "12.07.2021 18:03",
            "open": "0.1977",
            "high": "0.1977",
            "low": "0.1977",
            "close": "0.1976"
        },
        {
            "time": "12.07.2021 18:07",
            "open": "0.1976",
            "high": "0.1976",
            "low": "0.1976",
            "close": "0.1969"
        },
        {
            "time": "12.07.2021 18:10",
            "open": "0.1969",
            "high": "0.1969",
            "low": "0.1964",
            "close": "0.1966"
        },
        {
            "time": "12.07.2021 18:16",
            "open": "0.1968",
            "high": "0.1968",
            "low": "0.1968",
            "close": "0.1965"
        },
        {
            "time": "12.07.2021 18:20",
            "open": "0.1965",
            "high": "0.1965",
            "low": "0.1965",
            "close": "0.1965"
        },
        {
            "time": "12.07.2021 18:21",
            "open": "0.1965",
            "high": "0.1976",
            "low": "0.1964",
            "close": "0.1962"
        },
        {
            "time": "12.07.2021 18:22",
            "open": "0.1962",
            "high": "0.1962",
            "low": "0.1962",
            "close": "0.1966"
        },
        {
            "time": "12.07.2021 18:28",
            "open": "0.1966",
            "high": "0.1972",
            "low": "0.1966",
            "close": "0.1969"
        },
        {
            "time": "12.07.2021 18:31",
            "open": "0.1969",
            "high": "0.1969",
            "low": "0.1969",
            "close": "0.1973"
        },
        {
            "time": "12.07.2021 18:35",
            "open": "0.1973",
            "high": "0.1973",
            "low": "0.1972",
            "close": "0.1972"
        },
        {
            "time": "12.07.2021 18:36",
            "open": "0.1972",
            "high": "0.1972",
            "low": "0.1972",
            "close": "0.1972"
        },
        {
            "time": "12.07.2021 18:42",
            "open": "0.1972",
            "high": "0.1974",
            "low": "0.1972",
            "close": "0.197"
        },
        {
            "time": "12.07.2021 18:43",
            "open": "0.197",
            "high": "0.197",
            "low": "0.197",
            "close": "0.197"
        },
        {
            "time": "12.07.2021 18:44",
            "open": "0.197",
            "high": "0.197",
            "low": "0.1965",
            "close": "0.1966"
        },
        {
            "time": "12.07.2021 18:45",
            "open": "0.1966",
            "high": "0.1966",
            "low": "0.1965",
            "close": "0.1965"
        },
        {
            "time": "12.07.2021 18:46",
            "open": "0.1965",
            "high": "0.1965",
            "low": "0.1962",
            "close": "0.1957"
        },
        {
            "time": "12.07.2021 18:47",
            "open": "0.1957",
            "high": "0.1957",
            "low": "0.1955",
            "close": "0.1956"
        },
        {
            "time": "12.07.2021 18:48",
            "open": "0.1956",
            "high": "0.197",
            "low": "0.1956",
            "close": "0.1961"
        },
        {
            "time": "12.07.2021 18:49",
            "open": "0.1961",
            "high": "0.1964",
            "low": "0.1961",
            "close": "0.1964"
        },
        {
            "time": "12.07.2021 18:50",
            "open": "0.1964",
            "high": "0.1964",
            "low": "0.1964",
            "close": "0.1962"
        },
        {
            "time": "12.07.2021 18:51",
            "open": "0.1962",
            "high": "0.1962",
            "low": "0.1958",
            "close": "0.1967"
        },
        {
            "time": "12.07.2021 18:52",
            "open": "0.1967",
            "high": "0.1967",
            "low": "0.1967",
            "close": "0.1969"
        },
        {
            "time": "12.07.2021 18:54",
            "open": "0.1969",
            "high": "0.1969",
            "low": "0.1969",
            "close": "0.1964"
        },
        {
            "time": "12.07.2021 19:01",
            "open": "0.1964",
            "high": "0.1972",
            "low": "0.1964",
            "close": "0.1973"
        },
        {
            "time": "12.07.2021 19:06",
            "open": "0.1973",
            "high": "0.1973",
            "low": "0.1973",
            "close": "0.1966"
        },
        {
            "time": "12.07.2021 19:10",
            "open": "0.1966",
            "high": "0.1966",
            "low": "0.1963",
            "close": "0.1964"
        },
        {
            "time": "12.07.2021 19:11",
            "open": "0.1964",
            "high": "0.1964",
            "low": "0.1964",
            "close": "0.1965"
        },
        {
            "time": "12.07.2021 19:13",
            "open": "0.1965",
            "high": "0.1967",
            "low": "0.1965",
            "close": "0.1964"
        },
        {
            "time": "12.07.2021 19:20",
            "open": "0.1964",
            "high": "0.1964",
            "low": "0.1964",
            "close": "0.1969"
        },
        {
            "time": "12.07.2021 19:21",
            "open": "0.1969",
            "high": "0.1977",
            "low": "0.1969",
            "close": "0.1976"
        },
        {
            "time": "12.07.2021 19:25",
            "open": "0.1976",
            "high": "0.1978",
            "low": "0.1976",
            "close": "0.1977"
        },
        {
            "time": "12.07.2021 19:26",
            "open": "0.1977",
            "high": "0.1977",
            "low": "0.1977",
            "close": "0.1975"
        },
        {
            "time": "12.07.2021 19:30",
            "open": "0.1975",
            "high": "0.1975",
            "low": "0.1975",
            "close": "0.1972"
        },
        {
            "time": "12.07.2021 19:31",
            "open": "0.1972",
            "high": "0.1972",
            "low": "0.1966",
            "close": "0.1967"
        },
        {
            "time": "12.07.2021 19:32",
            "open": "0.1967",
            "high": "0.1967",
            "low": "0.1967",
            "close": "0.1964"
        },
        {
            "time": "12.07.2021 19:33",
            "open": "0.1964",
            "high": "0.1964",
            "low": "0.1964",
            "close": "0.196"
        },
        {
            "time": "12.07.2021 19:34",
            "open": "0.196",
            "high": "0.196",
            "low": "0.196",
            "close": "0.196"
        },
        {
            "time": "12.07.2021 19:35",
            "open": "0.196",
            "high": "0.196",
            "low": "0.1955",
            "close": "0.1954"
        },
        {
            "time": "12.07.2021 19:36",
            "open": "0.1954",
            "high": "0.1954",
            "low": "0.195",
            "close": "0.195"
        },
        {
            "time": "12.07.2021 19:38",
            "open": "0.195",
            "high": "0.195",
            "low": "0.195",
            "close": "0.1949"
        },
        {
            "time": "12.07.2021 19:39",
            "open": "0.1949",
            "high": "0.1949",
            "low": "0.1949",
            "close": "0.1949"
        },
        {
            "time": "12.07.2021 19:51",
            "open": "0.1949",
            "high": "0.1949",
            "low": "0.194",
            "close": "0.1949"
        },
        {
            "time": "12.07.2021 19:53",
            "open": "0.1949",
            "high": "0.1949",
            "low": "0.1949",
            "close": "0.1947"
        },
        {
            "time": "12.07.2021 19:54",
            "open": "0.1947",
            "high": "0.1947",
            "low": "0.1941",
            "close": "0.1945"
        },
        {
            "time": "12.07.2021 19:55",
            "open": "0.1945",
            "high": "0.1954",
            "low": "0.1945",
            "close": "0.1944"
        },
        {
            "time": "12.07.2021 19:56",
            "open": "0.1944",
            "high": "0.1944",
            "low": "0.1941",
            "close": "0.1939"
        },
        {
            "time": "12.07.2021 19:57",
            "open": "0.1939",
            "high": "0.1939",
            "low": "0.1939",
            "close": "0.1939"
        },
        {
            "time": "12.07.2021 20:00",
            "open": "0.1939",
            "high": "0.1948",
            "low": "0.1937",
            "close": "0.1948"
        },
        {
            "time": "12.07.2021 20:01",
            "open": "0.1948",
            "high": "0.1948",
            "low": "0.1944",
            "close": "0.1944"
        },
        {
            "time": "12.07.2021 20:02",
            "open": "0.1944",
            "high": "0.1944",
            "low": "0.1944",
            "close": "0.1941"
        },
        {
            "time": "12.07.2021 20:05",
            "open": "0.1941",
            "high": "0.1941",
            "low": "0.1936",
            "close": "0.1937"
        },
        {
            "time": "12.07.2021 20:06",
            "open": "0.1937",
            "high": "0.1937",
            "low": "0.1937",
            "close": "0.1934"
        },
        {
            "time": "12.07.2021 20:08",
            "open": "0.1934",
            "high": "0.1939",
            "low": "0.1934",
            "close": "0.194"
        },
        {
            "time": "12.07.2021 20:09",
            "open": "0.194",
            "high": "0.194",
            "low": "0.194",
            "close": "0.1941"
        },
        {
            "time": "12.07.2021 20:12",
            "open": "0.1941",
            "high": "0.1942",
            "low": "0.1941",
            "close": "0.1944"
        },
        {
            "time": "12.07.2021 20:13",
            "open": "0.1944",
            "high": "0.195",
            "low": "0.1944",
            "close": "0.1951"
        },
        {
            "time": "12.07.2021 20:14",
            "open": "0.1951",
            "high": "0.1951",
            "low": "0.1951",
            "close": "0.1952"
        },
        {
            "time": "12.07.2021 20:15",
            "open": "0.1952",
            "high": "0.1953",
            "low": "0.1949",
            "close": "0.1947"
        },
        {
            "time": "12.07.2021 20:17",
            "open": "0.1947",
            "high": "0.1949",
            "low": "0.1945",
            "close": "0.195"
        },
        {
            "time": "12.07.2021 20:18",
            "open": "0.195",
            "high": "0.1951",
            "low": "0.195",
            "close": "0.1946"
        },
        {
            "time": "12.07.2021 20:20",
            "open": "0.1946",
            "high": "0.1946",
            "low": "0.1941",
            "close": "0.1948"
        },
        {
            "time": "12.07.2021 20:23",
            "open": "0.1948",
            "high": "0.1953",
            "low": "0.1948",
            "close": "0.1946"
        },
        {
            "time": "12.07.2021 20:30",
            "open": "0.1946",
            "high": "0.1946",
            "low": "0.1946",
            "close": "0.1947"
        },
        {
            "time": "12.07.2021 20:31",
            "open": "0.1947",
            "high": "0.1948",
            "low": "0.1947",
            "close": "0.195"
        },
        {
            "time": "12.07.2021 20:33",
            "open": "0.195",
            "high": "0.195",
            "low": "0.195",
            "close": "0.1944"
        },
        {
            "time": "12.07.2021 20:34",
            "open": "0.1944",
            "high": "0.1944",
            "low": "0.1944",
            "close": "0.1944"
        },
        {
            "time": "12.07.2021 20:35",
            "open": "0.1944",
            "high": "0.1954",
            "low": "0.1944",
            "close": "0.1951"
        },
        {
            "time": "12.07.2021 20:37",
            "open": "0.1951",
            "high": "0.1951",
            "low": "0.1949",
            "close": "0.195"
        },
        {
            "time": "12.07.2021 20:39",
            "open": "0.195",
            "high": "0.195",
            "low": "0.195",
            "close": "0.1947"
        },
        {
            "time": "12.07.2021 20:44",
            "open": "0.1947",
            "high": "0.1947",
            "low": "0.1938",
            "close": "0.194"
        },
        {
            "time": "12.07.2021 20:46",
            "open": "0.194",
            "high": "0.194",
            "low": "0.193",
            "close": "0.1927"
        },
        {
            "time": "12.07.2021 20:47",
            "open": "0.1927",
            "high": "0.1951",
            "low": "0.1927",
            "close": "0.1944"
        },
        {
            "time": "12.07.2021 20:49",
            "open": "0.1944",
            "high": "0.1945",
            "low": "0.1944",
            "close": "0.1938"
        },
        {
            "time": "12.07.2021 20:51",
            "open": "0.1938",
            "high": "0.1938",
            "low": "0.1938",
            "close": "0.1938"
        },
        {
            "time": "12.07.2021 20:52",
            "open": "0.1938",
            "high": "0.1938",
            "low": "0.1936",
            "close": "0.1933"
        },
        {
            "time": "12.07.2021 20:53",
            "open": "0.1933",
            "high": "0.1933",
            "low": "0.1933",
            "close": "0.1933"
        },
        {
            "time": "12.07.2021 20:54",
            "open": "0.1933",
            "high": "0.1934",
            "low": "0.1933",
            "close": "0.1934"
        },
        {
            "time": "12.07.2021 20:55",
            "open": "0.1934",
            "high": "0.1934",
            "low": "0.1934",
            "close": "0.193"
        },
        {
            "time": "12.07.2021 20:56",
            "open": "0.193",
            "high": "0.193",
            "low": "0.1923",
            "close": "0.1926"
        },
        {
            "time": "12.07.2021 21:01",
            "open": "0.1926",
            "high": "0.1944",
            "low": "0.1926",
            "close": "0.1942"
        },
        {
            "time": "12.07.2021 21:02",
            "open": "0.1942",
            "high": "0.1943",
            "low": "0.1939",
            "close": "0.1948"
        },
        {
            "time": "12.07.2021 21:03",
            "open": "0.1948",
            "high": "0.1948",
            "low": "0.1944",
            "close": "0.1946"
        },
        {
            "time": "12.07.2021 21:04",
            "open": "0.1946",
            "high": "0.1946",
            "low": "0.1941",
            "close": "0.194"
        },
        {
            "time": "12.07.2021 21:05",
            "open": "0.194",
            "high": "0.1944",
            "low": "0.194",
            "close": "0.1941"
        },
        {
            "time": "12.07.2021 21:06",
            "open": "0.1941",
            "high": "0.1941",
            "low": "0.194",
            "close": "0.1942"
        },
        {
            "time": "12.07.2021 21:09",
            "open": "0.1942",
            "high": "0.1947",
            "low": "0.1942",
            "close": "0.1945"
        },
        {
            "time": "12.07.2021 21:11",
            "open": "0.1945",
            "high": "0.1945",
            "low": "0.1945",
            "close": "0.1945"
        },
        {
            "time": "12.07.2021 21:15",
            "open": "0.1945",
            "high": "0.1947",
            "low": "0.1941",
            "close": "0.1944"
        },
        {
            "time": "12.07.2021 21:16",
            "open": "0.1944",
            "high": "0.1947",
            "low": "0.1933",
            "close": "0.1939"
        },
        {
            "time": "12.07.2021 21:18",
            "open": "0.1939",
            "high": "0.1944",
            "low": "0.1939",
            "close": "0.1941"
        },
        {
            "time": "12.07.2021 21:19",
            "open": "0.1941",
            "high": "0.1941",
            "low": "0.1941",
            "close": "0.1939"
        },
        {
            "time": "12.07.2021 21:22",
            "open": "0.1939",
            "high": "0.1939",
            "low": "0.1936",
            "close": "0.1929"
        },
        {
            "time": "12.07.2021 21:34",
            "open": "0.1929",
            "high": "0.1929",
            "low": "0.1929",
            "close": "0.1922"
        },
        {
            "time": "12.07.2021 21:37",
            "open": "0.1922",
            "high": "0.1922",
            "low": "0.1922",
            "close": "0.1921"
        },
        {
            "time": "12.07.2021 21:41",
            "open": "0.1921",
            "high": "0.1936",
            "low": "0.1921",
            "close": "0.1925"
        },
        {
            "time": "12.07.2021 21:42",
            "open": "0.1925",
            "high": "0.1926",
            "low": "0.1925",
            "close": "0.1927"
        },
        {
            "time": "12.07.2021 21:43",
            "open": "0.1927",
            "high": "0.193",
            "low": "0.1927",
            "close": "0.1923"
        },
        {
            "time": "12.07.2021 21:50",
            "open": "0.1923",
            "high": "0.1923",
            "low": "0.1916",
            "close": "0.1917"
        },
        {
            "time": "12.07.2021 21:51",
            "open": "0.1917",
            "high": "0.1917",
            "low": "0.1916",
            "close": "0.1917"
        },
        {
            "time": "12.07.2021 21:53",
            "open": "0.1917",
            "high": "0.1917",
            "low": "0.1917",
            "close": "0.1918"
        },
        {
            "time": "12.07.2021 21:59",
            "open": "0.1918",
            "high": "0.1918",
            "low": "0.1918",
            "close": "0.1915"
        },
        {
            "time": "12.07.2021 22:04",
            "open": "0.1915",
            "high": "0.1915",
            "low": "0.1915",
            "close": "0.1917"
        },
        {
            "time": "12.07.2021 22:11",
            "open": "0.1917",
            "high": "0.1938",
            "low": "0.1917",
            "close": "0.1932"
        },
        {
            "time": "12.07.2021 22:12",
            "open": "0.1932",
            "high": "0.1934",
            "low": "0.1932",
            "close": "0.1932"
        },
        {
            "time": "12.07.2021 22:14",
            "open": "0.1932",
            "high": "0.1932",
            "low": "0.193",
            "close": "0.193"
        },
        {
            "time": "12.07.2021 22:23",
            "open": "0.193",
            "high": "0.193",
            "low": "0.193",
            "close": "0.1922"
        },
        {
            "time": "12.07.2021 22:29",
            "open": "0.1922",
            "high": "0.1922",
            "low": "0.1922",
            "close": "0.1927"
        },
        {
            "time": "12.07.2021 22:32",
            "open": "0.1927",
            "high": "0.1929",
            "low": "0.1927",
            "close": "0.1931"
        },
        {
            "time": "12.07.2021 22:34",
            "open": "0.1931",
            "high": "0.1931",
            "low": "0.1931",
            "close": "0.1931"
        },
        {
            "time": "12.07.2021 22:38",
            "open": "0.1931",
            "high": "0.1931",
            "low": "0.1931",
            "close": "0.1932"
        },
        {
            "time": "12.07.2021 22:39",
            "open": "0.1932",
            "high": "0.1932",
            "low": "0.1932",
            "close": "0.1934"
        },
        {
            "time": "12.07.2021 22:40",
            "open": "0.1934",
            "high": "0.1934",
            "low": "0.1934",
            "close": "0.1937"
        },
        {
            "time": "12.07.2021 22:45",
            "open": "0.1937",
            "high": "0.1937",
            "low": "0.1937",
            "close": "0.1937"
        },
        {
            "time": "12.07.2021 22:46",
            "open": "0.1937",
            "high": "0.1937",
            "low": "0.1937",
            "close": "0.1938"
        },
        {
            "time": "12.07.2021 22:47",
            "open": "0.1938",
            "high": "0.1938",
            "low": "0.1938",
            "close": "0.1938"
        },
        {
            "time": "12.07.2021 22:50",
            "open": "0.1938",
            "high": "0.1938",
            "low": "0.1938",
            "close": "0.1943"
        },
        {
            "time": "12.07.2021 22:52",
            "open": "0.1943",
            "high": "0.1945",
            "low": "0.1943",
            "close": "0.1942"
        },
        {
            "time": "12.07.2021 22:53",
            "open": "0.1942",
            "high": "0.1942",
            "low": "0.1941",
            "close": "0.1942"
        },
        {
            "time": "12.07.2021 22:54",
            "open": "0.1942",
            "high": "0.1942",
            "low": "0.1942",
            "close": "0.1942"
        },
        {
            "time": "12.07.2021 22:55",
            "open": "0.1942",
            "high": "0.1942",
            "low": "0.1938",
            "close": "0.1938"
        },
        {
            "time": "12.07.2021 22:56",
            "open": "0.1938",
            "high": "0.1938",
            "low": "0.1937",
            "close": "0.1941"
        },
        {
            "time": "12.07.2021 23:05",
            "open": "0.1941",
            "high": "0.1941",
            "low": "0.1941",
            "close": "0.1942"
        },
        {
            "time": "12.07.2021 23:06",
            "open": "0.1942",
            "high": "0.1942",
            "low": "0.1942",
            "close": "0.1941"
        },
        {
            "time": "12.07.2021 23:08",
            "open": "0.1941",
            "high": "0.1942",
            "low": "0.1941",
            "close": "0.1945"
        },
        {
            "time": "12.07.2021 23:09",
            "open": "0.1945",
            "high": "0.1946",
            "low": "0.1945",
            "close": "0.1943"
        },
        {
            "time": "12.07.2021 23:17",
            "open": "0.1943",
            "high": "0.1943",
            "low": "0.1943",
            "close": "0.1946"
        },
        {
            "time": "12.07.2021 23:22",
            "open": "0.1946",
            "high": "0.1948",
            "low": "0.1946",
            "close": "0.1948"
        },
        {
            "time": "12.07.2021 23:24",
            "open": "0.1948",
            "high": "0.1948",
            "low": "0.1945",
            "close": "0.1942"
        },
        {
            "time": "12.07.2021 23:25",
            "open": "0.1942",
            "high": "0.1945",
            "low": "0.1942",
            "close": "0.1943"
        },
        {
            "time": "12.07.2021 23:26",
            "open": "0.1943",
            "high": "0.1943",
            "low": "0.1943",
            "close": "0.1946"
        },
        {
            "time": "12.07.2021 23:28",
            "open": "0.1946",
            "high": "0.1946",
            "low": "0.1946",
            "close": "0.1943"
        }
    ]
}