{
    "NU-EUR": [
        {
            "time": "19.12.2020 23:59",
            "open": "0.1456",
            "high": "0.1456",
            "low": "0.1456",
            "close": "0.1454"
        },
        {
            "time": "20.12.2020 00:00",
            "open": "0.1454",
            "high": "0.1454",
            "low": "0.1452",
            "close": "0.1457"
        },
        {
            "time": "20.12.2020 00:01",
            "open": "0.1457",
            "high": "0.1457",
            "low": "0.1453",
            "close": "0.1455"
        },
        {
            "time": "20.12.2020 00:02",
            "open": "0.1455",
            "high": "0.1455",
            "low": "0.1455",
            "close": "0.1453"
        },
        {
            "time": "20.12.2020 00:03",
            "open": "0.1453",
            "high": "0.1455",
            "low": "0.1453",
            "close": "0.1459"
        },
        {
            "time": "20.12.2020 00:04",
            "open": "0.1459",
            "high": "0.1459",
            "low": "0.1456",
            "close": "0.1458"
        },
        {
            "time": "20.12.2020 00:06",
            "open": "0.1458",
            "high": "0.1458",
            "low": "0.1456",
            "close": "0.1456"
        },
        {
            "time": "20.12.2020 00:08",
            "open": "0.1456",
            "high": "0.1463",
            "low": "0.1455",
            "close": "0.1459"
        },
        {
            "time": "20.12.2020 00:09",
            "open": "0.1459",
            "high": "0.1459",
            "low": "0.1458",
            "close": "0.1459"
        },
        {
            "time": "20.12.2020 00:10",
            "open": "0.1459",
            "high": "0.1464",
            "low": "0.1459",
            "close": "0.1458"
        },
        {
            "time": "20.12.2020 00:11",
            "open": "0.1458",
            "high": "0.1458",
            "low": "0.1458",
            "close": "0.1462"
        },
        {
            "time": "20.12.2020 00:13",
            "open": "0.1462",
            "high": "0.1462",
            "low": "0.1458",
            "close": "0.1458"
        },
        {
            "time": "20.12.2020 00:14",
            "open": "0.1458",
            "high": "0.1458",
            "low": "0.1453",
            "close": "0.146"
        },
        {
            "time": "20.12.2020 00:15",
            "open": "0.146",
            "high": "0.1463",
            "low": "0.146",
            "close": "0.147"
        },
        {
            "time": "20.12.2020 00:16",
            "open": "0.147",
            "high": "0.1471",
            "low": "0.1466",
            "close": "0.1472"
        },
        {
            "time": "20.12.2020 00:17",
            "open": "0.1472",
            "high": "0.1473",
            "low": "0.1472",
            "close": "0.1471"
        },
        {
            "time": "20.12.2020 00:18",
            "open": "0.1471",
            "high": "0.1471",
            "low": "0.1467",
            "close": "0.147"
        },
        {
            "time": "20.12.2020 00:19",
            "open": "0.147",
            "high": "0.1475",
            "low": "0.1469",
            "close": "0.1475"
        },
        {
            "time": "20.12.2020 00:20",
            "open": "0.1475",
            "high": "0.1476",
            "low": "0.1475",
            "close": "0.1475"
        },
        {
            "time": "20.12.2020 00:21",
            "open": "0.1475",
            "high": "0.1475",
            "low": "0.1474",
            "close": "0.147"
        },
        {
            "time": "20.12.2020 00:22",
            "open": "0.147",
            "high": "0.1474",
            "low": "0.147",
            "close": "0.1473"
        },
        {
            "time": "20.12.2020 00:24",
            "open": "0.1472",
            "high": "0.1475",
            "low": "0.1472",
            "close": "0.1476"
        },
        {
            "time": "20.12.2020 12:49",
            "open": "0.144",
            "high": "0.144",
            "low": "0.144",
            "close": "0.1439"
        },
        {
            "time": "20.12.2020 12:51",
            "open": "0.1439",
            "high": "0.1441",
            "low": "0.1439",
            "close": "0.1445"
        },
        {
            "time": "20.12.2020 12:52",
            "open": "0.1445",
            "high": "0.1445",
            "low": "0.1445",
            "close": "0.1443"
        },
        {
            "time": "20.12.2020 12:53",
            "open": "0.1443",
            "high": "0.1443",
            "low": "0.1441",
            "close": "0.144"
        },
        {
            "time": "20.12.2020 12:54",
            "open": "0.144",
            "high": "0.144",
            "low": "0.144",
            "close": "0.1443"
        },
        {
            "time": "20.12.2020 12:55",
            "open": "0.1443",
            "high": "0.1443",
            "low": "0.1443",
            "close": "0.1439"
        },
        {
            "time": "20.12.2020 12:56",
            "open": "0.1439",
            "high": "0.1441",
            "low": "0.1439",
            "close": "0.1438"
        },
        {
            "time": "20.12.2020 12:57",
            "open": "0.1438",
            "high": "0.1438",
            "low": "0.1431",
            "close": "0.1439"
        },
        {
            "time": "20.12.2020 12:58",
            "open": "0.1439",
            "high": "0.1439",
            "low": "0.1439",
            "close": "0.1439"
        },
        {
            "time": "20.12.2020 12:59",
            "open": "0.1439",
            "high": "0.1439",
            "low": "0.143",
            "close": "0.1438"
        },
        {
            "time": "20.12.2020 13:00",
            "open": "0.1438",
            "high": "0.1438",
            "low": "0.1434",
            "close": "0.1432"
        },
        {
            "time": "20.12.2020 13:01",
            "open": "0.1432",
            "high": "0.1432",
            "low": "0.143",
            "close": "0.1433"
        },
        {
            "time": "20.12.2020 13:02",
            "open": "0.1433",
            "high": "0.1433",
            "low": "0.1433",
            "close": "0.1437"
        },
        {
            "time": "20.12.2020 13:03",
            "open": "0.1437",
            "high": "0.1437",
            "low": "0.1432",
            "close": "0.1433"
        },
        {
            "time": "20.12.2020 13:04",
            "open": "0.1433",
            "high": "0.1435",
            "low": "0.143",
            "close": "0.1433"
        },
        {
            "time": "20.12.2020 13:06",
            "open": "0.1433",
            "high": "0.1433",
            "low": "0.1433",
            "close": "0.1435"
        },
        {
            "time": "20.12.2020 13:07",
            "open": "0.1435",
            "high": "0.1435",
            "low": "0.1427",
            "close": "0.1432"
        },
        {
            "time": "20.12.2020 13:08",
            "open": "0.1432",
            "high": "0.1434",
            "low": "0.1432",
            "close": "0.1435"
        },
        {
            "time": "20.12.2020 13:10",
            "open": "0.1435",
            "high": "0.1435",
            "low": "0.1435",
            "close": "0.1436"
        },
        {
            "time": "20.12.2020 13:11",
            "open": "0.1436",
            "high": "0.1436",
            "low": "0.1436",
            "close": "0.1434"
        },
        {
            "time": "20.12.2020 13:12",
            "open": "0.1434",
            "high": "0.1434",
            "low": "0.1434",
            "close": "0.1434"
        },
        {
            "time": "20.12.2020 13:13",
            "open": "0.1434",
            "high": "0.1434",
            "low": "0.1434",
            "close": "0.1432"
        },
        {
            "time": "20.12.2020 13:14",
            "open": "0.1432",
            "high": "0.1435",
            "low": "0.1432",
            "close": "0.1436"
        },
        {
            "time": "20.12.2020 13:15",
            "open": "0.1436",
            "high": "0.144",
            "low": "0.1436",
            "close": "0.1441"
        },
        {
            "time": "20.12.2020 13:16",
            "open": "0.1441",
            "high": "0.1441",
            "low": "0.1441",
            "close": "0.144"
        },
        {
            "time": "20.12.2020 13:18",
            "open": "0.144",
            "high": "0.1448",
            "low": "0.144",
            "close": "0.1445"
        },
        {
            "time": "20.12.2020 13:19",
            "open": "0.1445",
            "high": "0.1445",
            "low": "0.1445",
            "close": "0.1443"
        },
        {
            "time": "20.12.2020 13:20",
            "open": "0.1443",
            "high": "0.1443",
            "low": "0.1443",
            "close": "0.1442"
        },
        {
            "time": "20.12.2020 13:21",
            "open": "0.1442",
            "high": "0.1442",
            "low": "0.1442",
            "close": "0.144"
        },
        {
            "time": "20.12.2020 13:22",
            "open": "0.144",
            "high": "0.144",
            "low": "0.1438",
            "close": "0.1437"
        },
        {
            "time": "20.12.2020 13:23",
            "open": "0.1437",
            "high": "0.1437",
            "low": "0.1437",
            "close": "0.144"
        },
        {
            "time": "20.12.2020 13:24",
            "open": "0.144",
            "high": "0.1441",
            "low": "0.1437",
            "close": "0.143"
        },
        {
            "time": "20.12.2020 13:25",
            "open": "0.143",
            "high": "0.143",
            "low": "0.143",
            "close": "0.1436"
        },
        {
            "time": "20.12.2020 13:27",
            "open": "0.1436",
            "high": "0.1436",
            "low": "0.1433",
            "close": "0.1434"
        },
        {
            "time": "20.12.2020 13:31",
            "open": "0.1434",
            "high": "0.1436",
            "low": "0.1434",
            "close": "0.1436"
        },
        {
            "time": "20.12.2020 13:32",
            "open": "0.1436",
            "high": "0.1436",
            "low": "0.1436",
            "close": "0.1435"
        },
        {
            "time": "20.12.2020 13:33",
            "open": "0.1435",
            "high": "0.1435",
            "low": "0.1435",
            "close": "0.1436"
        },
        {
            "time": "20.12.2020 13:35",
            "open": "0.1436",
            "high": "0.1436",
            "low": "0.1436",
            "close": "0.1435"
        },
        {
            "time": "20.12.2020 13:36",
            "open": "0.1435",
            "high": "0.1435",
            "low": "0.1435",
            "close": "0.1434"
        },
        {
            "time": "20.12.2020 13:37",
            "open": "0.1434",
            "high": "0.1455",
            "low": "0.1433",
            "close": "0.145"
        },
        {
            "time": "20.12.2020 13:38",
            "open": "0.1448",
            "high": "0.1448",
            "low": "0.1448",
            "close": "0.1441"
        },
        {
            "time": "20.12.2020 13:41",
            "open": "0.1441",
            "high": "0.1441",
            "low": "0.1441",
            "close": "0.1444"
        },
        {
            "time": "20.12.2020 13:43",
            "open": "0.1444",
            "high": "0.1444",
            "low": "0.1433",
            "close": "0.1436"
        },
        {
            "time": "20.12.2020 13:44",
            "open": "0.1436",
            "high": "0.1447",
            "low": "0.1436",
            "close": "0.1441"
        },
        {
            "time": "20.12.2020 13:45",
            "open": "0.1441",
            "high": "0.1444",
            "low": "0.1436",
            "close": "0.1441"
        },
        {
            "time": "20.12.2020 13:46",
            "open": "0.1441",
            "high": "0.1441",
            "low": "0.1441",
            "close": "0.1444"
        },
        {
            "time": "20.12.2020 13:47",
            "open": "0.1444",
            "high": "0.1446",
            "low": "0.1444",
            "close": "0.1448"
        },
        {
            "time": "20.12.2020 13:48",
            "open": "0.1448",
            "high": "0.1448",
            "low": "0.1445",
            "close": "0.1444"
        },
        {
            "time": "20.12.2020 13:49",
            "open": "0.1444",
            "high": "0.1446",
            "low": "0.1444",
            "close": "0.1445"
        },
        {
            "time": "20.12.2020 13:50",
            "open": "0.1445",
            "high": "0.1445",
            "low": "0.1445",
            "close": "0.1445"
        },
        {
            "time": "20.12.2020 13:51",
            "open": "0.1445",
            "high": "0.1449",
            "low": "0.1445",
            "close": "0.1447"
        },
        {
            "time": "20.12.2020 13:58",
            "open": "0.144",
            "high": "0.144",
            "low": "0.1435",
            "close": "0.1436"
        },
        {
            "time": "20.12.2020 13:59",
            "open": "0.1436",
            "high": "0.1436",
            "low": "0.1436",
            "close": "0.1435"
        },
        {
            "time": "20.12.2020 14:02",
            "open": "0.1435",
            "high": "0.1436",
            "low": "0.1435",
            "close": "0.144"
        },
        {
            "time": "20.12.2020 14:03",
            "open": "0.144",
            "high": "0.144",
            "low": "0.144",
            "close": "0.1435"
        },
        {
            "time": "20.12.2020 14:05",
            "open": "0.1435",
            "high": "0.1435",
            "low": "0.1435",
            "close": "0.1439"
        },
        {
            "time": "20.12.2020 14:07",
            "open": "0.1445",
            "high": "0.1445",
            "low": "0.1445",
            "close": "0.1448"
        },
        {
            "time": "20.12.2020 14:08",
            "open": "0.1448",
            "high": "0.145",
            "low": "0.1448",
            "close": "0.1448"
        },
        {
            "time": "20.12.2020 14:09",
            "open": "0.1448",
            "high": "0.1448",
            "low": "0.1447",
            "close": "0.1447"
        },
        {
            "time": "20.12.2020 14:10",
            "open": "0.1447",
            "high": "0.1448",
            "low": "0.1447",
            "close": "0.1447"
        },
        {
            "time": "20.12.2020 14:12",
            "open": "0.1447",
            "high": "0.1447",
            "low": "0.1447",
            "close": "0.1447"
        },
        {
            "time": "20.12.2020 14:13",
            "open": "0.1447",
            "high": "0.1447",
            "low": "0.1447",
            "close": "0.1446"
        },
        {
            "time": "20.12.2020 14:14",
            "open": "0.1446",
            "high": "0.1446",
            "low": "0.1445",
            "close": "0.1442"
        },
        {
            "time": "20.12.2020 14:15",
            "open": "0.1442",
            "high": "0.1446",
            "low": "0.1442",
            "close": "0.144"
        },
        {
            "time": "20.12.2020 14:16",
            "open": "0.144",
            "high": "0.1446",
            "low": "0.144",
            "close": "0.1443"
        },
        {
            "time": "20.12.2020 14:17",
            "open": "0.1443",
            "high": "0.1448",
            "low": "0.1438",
            "close": "0.144"
        },
        {
            "time": "20.12.2020 14:18",
            "open": "0.144",
            "high": "0.1442",
            "low": "0.144",
            "close": "0.1444"
        },
        {
            "time": "20.12.2020 14:19",
            "open": "0.1444",
            "high": "0.1444",
            "low": "0.144",
            "close": "0.1441"
        },
        {
            "time": "20.12.2020 14:20",
            "open": "0.1441",
            "high": "0.1441",
            "low": "0.144",
            "close": "0.1438"
        },
        {
            "time": "20.12.2020 14:21",
            "open": "0.1438",
            "high": "0.1438",
            "low": "0.1437",
            "close": "0.1436"
        },
        {
            "time": "20.12.2020 14:22",
            "open": "0.1436",
            "high": "0.1436",
            "low": "0.1432",
            "close": "0.1433"
        },
        {
            "time": "20.12.2020 14:23",
            "open": "0.1433",
            "high": "0.1436",
            "low": "0.1433",
            "close": "0.1434"
        },
        {
            "time": "20.12.2020 14:24",
            "open": "0.1434",
            "high": "0.144",
            "low": "0.1434",
            "close": "0.1435"
        },
        {
            "time": "20.12.2020 14:25",
            "open": "0.1435",
            "high": "0.1435",
            "low": "0.1435",
            "close": "0.1436"
        },
        {
            "time": "20.12.2020 14:26",
            "open": "0.1436",
            "high": "0.1436",
            "low": "0.1435",
            "close": "0.1437"
        },
        {
            "time": "20.12.2020 14:27",
            "open": "0.1437",
            "high": "0.1447",
            "low": "0.1437",
            "close": "0.1445"
        },
        {
            "time": "20.12.2020 14:28",
            "open": "0.1445",
            "high": "0.1447",
            "low": "0.1438",
            "close": "0.1438"
        },
        {
            "time": "20.12.2020 14:35",
            "open": "0.1437",
            "high": "0.1437",
            "low": "0.1437",
            "close": "0.1439"
        },
        {
            "time": "20.12.2020 14:36",
            "open": "0.1439",
            "high": "0.1439",
            "low": "0.1439",
            "close": "0.1441"
        },
        {
            "time": "20.12.2020 14:37",
            "open": "0.1441",
            "high": "0.1441",
            "low": "0.1441",
            "close": "0.1441"
        },
        {
            "time": "20.12.2020 14:38",
            "open": "0.1441",
            "high": "0.1447",
            "low": "0.1441",
            "close": "0.1445"
        },
        {
            "time": "20.12.2020 14:39",
            "open": "0.1445",
            "high": "0.1449",
            "low": "0.1444",
            "close": "0.1445"
        },
        {
            "time": "20.12.2020 14:40",
            "open": "0.1445",
            "high": "0.1445",
            "low": "0.1445",
            "close": "0.1447"
        },
        {
            "time": "20.12.2020 14:41",
            "open": "0.1447",
            "high": "0.1447",
            "low": "0.1447",
            "close": "0.1447"
        },
        {
            "time": "20.12.2020 14:43",
            "open": "0.1447",
            "high": "0.1448",
            "low": "0.1447",
            "close": "0.1447"
        },
        {
            "time": "20.12.2020 14:44",
            "open": "0.1447",
            "high": "0.1447",
            "low": "0.1447",
            "close": "0.1444"
        },
        {
            "time": "20.12.2020 14:47",
            "open": "0.1444",
            "high": "0.1444",
            "low": "0.1444",
            "close": "0.1443"
        },
        {
            "time": "20.12.2020 14:48",
            "open": "0.1443",
            "high": "0.1443",
            "low": "0.1443",
            "close": "0.144"
        },
        {
            "time": "20.12.2020 14:49",
            "open": "0.144",
            "high": "0.144",
            "low": "0.1434",
            "close": "0.1436"
        },
        {
            "time": "20.12.2020 14:52",
            "open": "0.1436",
            "high": "0.1437",
            "low": "0.1436",
            "close": "0.1439"
        },
        {
            "time": "20.12.2020 14:53",
            "open": "0.1439",
            "high": "0.1439",
            "low": "0.1439",
            "close": "0.1436"
        },
        {
            "time": "20.12.2020 14:55",
            "open": "0.1436",
            "high": "0.1436",
            "low": "0.1435",
            "close": "0.1435"
        },
        {
            "time": "20.12.2020 14:56",
            "open": "0.1435",
            "high": "0.1435",
            "low": "0.1434",
            "close": "0.1435"
        },
        {
            "time": "20.12.2020 14:57",
            "open": "0.1435",
            "high": "0.1435",
            "low": "0.1435",
            "close": "0.1435"
        },
        {
            "time": "20.12.2020 14:58",
            "open": "0.1435",
            "high": "0.1437",
            "low": "0.1435",
            "close": "0.1437"
        },
        {
            "time": "20.12.2020 14:59",
            "open": "0.1437",
            "high": "0.1441",
            "low": "0.1437",
            "close": "0.1441"
        },
        {
            "time": "20.12.2020 15:01",
            "open": "0.1441",
            "high": "0.1446",
            "low": "0.1441",
            "close": "0.1446"
        },
        {
            "time": "20.12.2020 15:02",
            "open": "0.1446",
            "high": "0.1448",
            "low": "0.1446",
            "close": "0.1447"
        },
        {
            "time": "20.12.2020 15:03",
            "open": "0.1447",
            "high": "0.1447",
            "low": "0.1439",
            "close": "0.1445"
        },
        {
            "time": "20.12.2020 15:04",
            "open": "0.1445",
            "high": "0.1445",
            "low": "0.1445",
            "close": "0.1442"
        },
        {
            "time": "20.12.2020 15:05",
            "open": "0.1442",
            "high": "0.1442",
            "low": "0.1442",
            "close": "0.1441"
        },
        {
            "time": "20.12.2020 15:06",
            "open": "0.1441",
            "high": "0.1441",
            "low": "0.144",
            "close": "0.1441"
        },
        {
            "time": "20.12.2020 15:07",
            "open": "0.1441",
            "high": "0.1441",
            "low": "0.1441",
            "close": "0.1441"
        },
        {
            "time": "20.12.2020 15:08",
            "open": "0.1441",
            "high": "0.1442",
            "low": "0.1441",
            "close": "0.1446"
        },
        {
            "time": "20.12.2020 15:09",
            "open": "0.1446",
            "high": "0.1446",
            "low": "0.1445",
            "close": "0.1444"
        },
        {
            "time": "20.12.2020 15:10",
            "open": "0.1444",
            "high": "0.1448",
            "low": "0.1444",
            "close": "0.1448"
        },
        {
            "time": "20.12.2020 15:11",
            "open": "0.1448",
            "high": "0.1448",
            "low": "0.1445",
            "close": "0.1445"
        },
        {
            "time": "20.12.2020 15:12",
            "open": "0.1445",
            "high": "0.1449",
            "low": "0.1445",
            "close": "0.1448"
        },
        {
            "time": "20.12.2020 15:13",
            "open": "0.1448",
            "high": "0.1449",
            "low": "0.1447",
            "close": "0.145"
        },
        {
            "time": "20.12.2020 15:15",
            "open": "0.145",
            "high": "0.1455",
            "low": "0.1445",
            "close": "0.1453"
        },
        {
            "time": "20.12.2020 15:16",
            "open": "0.1453",
            "high": "0.1453",
            "low": "0.1446",
            "close": "0.1448"
        },
        {
            "time": "20.12.2020 15:18",
            "open": "0.1448",
            "high": "0.1448",
            "low": "0.1448",
            "close": "0.1449"
        },
        {
            "time": "20.12.2020 15:19",
            "open": "0.1449",
            "high": "0.145",
            "low": "0.1448",
            "close": "0.1443"
        },
        {
            "time": "20.12.2020 15:20",
            "open": "0.1443",
            "high": "0.1443",
            "low": "0.1443",
            "close": "0.145"
        },
        {
            "time": "20.12.2020 15:24",
            "open": "0.145",
            "high": "0.1451",
            "low": "0.145",
            "close": "0.1449"
        },
        {
            "time": "20.12.2020 15:25",
            "open": "0.1449",
            "high": "0.1449",
            "low": "0.1449",
            "close": "0.1446"
        },
        {
            "time": "20.12.2020 15:31",
            "open": "0.1446",
            "high": "0.1446",
            "low": "0.1446",
            "close": "0.145"
        },
        {
            "time": "20.12.2020 15:32",
            "open": "0.145",
            "high": "0.1451",
            "low": "0.145",
            "close": "0.1453"
        },
        {
            "time": "20.12.2020 15:34",
            "open": "0.1453",
            "high": "0.1459",
            "low": "0.1453",
            "close": "0.1457"
        },
        {
            "time": "20.12.2020 15:35",
            "open": "0.1457",
            "high": "0.1465",
            "low": "0.1457",
            "close": "0.1458"
        },
        {
            "time": "20.12.2020 15:37",
            "open": "0.1458",
            "high": "0.1458",
            "low": "0.1458",
            "close": "0.1455"
        },
        {
            "time": "20.12.2020 15:38",
            "open": "0.1455",
            "high": "0.1457",
            "low": "0.1455",
            "close": "0.1457"
        },
        {
            "time": "20.12.2020 15:39",
            "open": "0.1457",
            "high": "0.1458",
            "low": "0.1457",
            "close": "0.1456"
        },
        {
            "time": "20.12.2020 15:40",
            "open": "0.1456",
            "high": "0.1464",
            "low": "0.1456",
            "close": "0.1467"
        },
        {
            "time": "20.12.2020 15:41",
            "open": "0.1467",
            "high": "0.1467",
            "low": "0.1467",
            "close": "0.1468"
        },
        {
            "time": "20.12.2020 15:43",
            "open": "0.1468",
            "high": "0.1468",
            "low": "0.1468",
            "close": "0.1467"
        },
        {
            "time": "20.12.2020 15:44",
            "open": "0.1467",
            "high": "0.1468",
            "low": "0.1467",
            "close": "0.1465"
        },
        {
            "time": "20.12.2020 15:45",
            "open": "0.1465",
            "high": "0.1465",
            "low": "0.1461",
            "close": "0.1461"
        },
        {
            "time": "20.12.2020 15:46",
            "open": "0.1461",
            "high": "0.1464",
            "low": "0.1461",
            "close": "0.1462"
        },
        {
            "time": "20.12.2020 15:47",
            "open": "0.1462",
            "high": "0.1464",
            "low": "0.1462",
            "close": "0.1462"
        },
        {
            "time": "20.12.2020 15:48",
            "open": "0.1462",
            "high": "0.1463",
            "low": "0.1462",
            "close": "0.1462"
        },
        {
            "time": "20.12.2020 15:49",
            "open": "0.1462",
            "high": "0.1462",
            "low": "0.1462",
            "close": "0.1466"
        },
        {
            "time": "20.12.2020 15:51",
            "open": "0.1466",
            "high": "0.1466",
            "low": "0.1466",
            "close": "0.1465"
        },
        {
            "time": "20.12.2020 15:52",
            "open": "0.1465",
            "high": "0.1465",
            "low": "0.1465",
            "close": "0.1464"
        },
        {
            "time": "20.12.2020 15:53",
            "open": "0.1464",
            "high": "0.1464",
            "low": "0.1464",
            "close": "0.1466"
        },
        {
            "time": "20.12.2020 15:54",
            "open": "0.1466",
            "high": "0.1466",
            "low": "0.1466",
            "close": "0.1463"
        },
        {
            "time": "20.12.2020 15:58",
            "open": "0.1463",
            "high": "0.1463",
            "low": "0.1462",
            "close": "0.1465"
        },
        {
            "time": "20.12.2020 15:59",
            "open": "0.1465",
            "high": "0.1465",
            "low": "0.1465",
            "close": "0.1464"
        },
        {
            "time": "20.12.2020 16:01",
            "open": "0.1464",
            "high": "0.1464",
            "low": "0.1464",
            "close": "0.1464"
        },
        {
            "time": "20.12.2020 16:02",
            "open": "0.1464",
            "high": "0.1464",
            "low": "0.1463",
            "close": "0.1462"
        },
        {
            "time": "20.12.2020 16:03",
            "open": "0.1462",
            "high": "0.1462",
            "low": "0.1462",
            "close": "0.1461"
        },
        {
            "time": "20.12.2020 16:06",
            "open": "0.1461",
            "high": "0.1461",
            "low": "0.1461",
            "close": "0.1463"
        },
        {
            "time": "20.12.2020 16:07",
            "open": "0.1463",
            "high": "0.1463",
            "low": "0.1463",
            "close": "0.1462"
        },
        {
            "time": "20.12.2020 16:08",
            "open": "0.1462",
            "high": "0.1463",
            "low": "0.1462",
            "close": "0.1462"
        },
        {
            "time": "20.12.2020 16:10",
            "open": "0.1462",
            "high": "0.1462",
            "low": "0.146",
            "close": "0.1463"
        },
        {
            "time": "20.12.2020 16:12",
            "open": "0.1463",
            "high": "0.1463",
            "low": "0.1463",
            "close": "0.1462"
        },
        {
            "time": "20.12.2020 16:16",
            "open": "0.1462",
            "high": "0.1462",
            "low": "0.1462",
            "close": "0.1461"
        },
        {
            "time": "20.12.2020 16:17",
            "open": "0.1461",
            "high": "0.1461",
            "low": "0.1461",
            "close": "0.146"
        },
        {
            "time": "20.12.2020 16:18",
            "open": "0.146",
            "high": "0.146",
            "low": "0.1458",
            "close": "0.1458"
        },
        {
            "time": "20.12.2020 16:19",
            "open": "0.1458",
            "high": "0.1458",
            "low": "0.1454",
            "close": "0.1455"
        },
        {
            "time": "20.12.2020 16:20",
            "open": "0.1455",
            "high": "0.1456",
            "low": "0.1454",
            "close": "0.1455"
        },
        {
            "time": "20.12.2020 16:21",
            "open": "0.1455",
            "high": "0.1455",
            "low": "0.1454",
            "close": "0.1453"
        },
        {
            "time": "20.12.2020 16:25",
            "open": "0.1453",
            "high": "0.1454",
            "low": "0.1453",
            "close": "0.1455"
        },
        {
            "time": "20.12.2020 16:26",
            "open": "0.1455",
            "high": "0.1455",
            "low": "0.1455",
            "close": "0.1454"
        },
        {
            "time": "20.12.2020 16:27",
            "open": "0.1454",
            "high": "0.1454",
            "low": "0.1451",
            "close": "0.1452"
        },
        {
            "time": "20.12.2020 16:28",
            "open": "0.1452",
            "high": "0.1452",
            "low": "0.1451",
            "close": "0.1451"
        },
        {
            "time": "20.12.2020 16:29",
            "open": "0.1451",
            "high": "0.1459",
            "low": "0.1451",
            "close": "0.1452"
        },
        {
            "time": "20.12.2020 16:30",
            "open": "0.1452",
            "high": "0.1452",
            "low": "0.1451",
            "close": "0.145"
        },
        {
            "time": "20.12.2020 16:31",
            "open": "0.145",
            "high": "0.145",
            "low": "0.145",
            "close": "0.145"
        },
        {
            "time": "20.12.2020 16:32",
            "open": "0.145",
            "high": "0.145",
            "low": "0.1444",
            "close": "0.1447"
        },
        {
            "time": "20.12.2020 16:33",
            "open": "0.1447",
            "high": "0.1447",
            "low": "0.1447",
            "close": "0.1446"
        },
        {
            "time": "20.12.2020 16:34",
            "open": "0.1446",
            "high": "0.1448",
            "low": "0.1446",
            "close": "0.1448"
        },
        {
            "time": "20.12.2020 16:35",
            "open": "0.1448",
            "high": "0.1449",
            "low": "0.1448",
            "close": "0.1447"
        },
        {
            "time": "20.12.2020 16:36",
            "open": "0.1447",
            "high": "0.1451",
            "low": "0.1447",
            "close": "0.1446"
        },
        {
            "time": "20.12.2020 16:38",
            "open": "0.1446",
            "high": "0.1446",
            "low": "0.1446",
            "close": "0.145"
        },
        {
            "time": "20.12.2020 16:39",
            "open": "0.145",
            "high": "0.1452",
            "low": "0.145",
            "close": "0.1453"
        },
        {
            "time": "20.12.2020 16:41",
            "open": "0.1453",
            "high": "0.1453",
            "low": "0.1453",
            "close": "0.1452"
        },
        {
            "time": "20.12.2020 16:42",
            "open": "0.1452",
            "high": "0.1452",
            "low": "0.1452",
            "close": "0.1452"
        },
        {
            "time": "20.12.2020 16:44",
            "open": "0.1452",
            "high": "0.1452",
            "low": "0.1449",
            "close": "0.1449"
        },
        {
            "time": "20.12.2020 16:45",
            "open": "0.1449",
            "high": "0.1449",
            "low": "0.1445",
            "close": "0.1457"
        },
        {
            "time": "20.12.2020 16:47",
            "open": "0.1457",
            "high": "0.1459",
            "low": "0.1457",
            "close": "0.1455"
        },
        {
            "time": "20.12.2020 16:48",
            "open": "0.1455",
            "high": "0.1455",
            "low": "0.1455",
            "close": "0.1452"
        },
        {
            "time": "20.12.2020 16:49",
            "open": "0.1452",
            "high": "0.1455",
            "low": "0.1452",
            "close": "0.1455"
        },
        {
            "time": "20.12.2020 16:51",
            "open": "0.1455",
            "high": "0.1455",
            "low": "0.1455",
            "close": "0.1454"
        },
        {
            "time": "20.12.2020 16:52",
            "open": "0.1454",
            "high": "0.1454",
            "low": "0.1454",
            "close": "0.146"
        },
        {
            "time": "20.12.2020 16:54",
            "open": "0.146",
            "high": "0.1462",
            "low": "0.146",
            "close": "0.146"
        },
        {
            "time": "20.12.2020 16:55",
            "open": "0.146",
            "high": "0.1464",
            "low": "0.146",
            "close": "0.1462"
        },
        {
            "time": "20.12.2020 16:56",
            "open": "0.1462",
            "high": "0.1462",
            "low": "0.146",
            "close": "0.1461"
        },
        {
            "time": "20.12.2020 16:58",
            "open": "0.1461",
            "high": "0.1463",
            "low": "0.1461",
            "close": "0.1462"
        },
        {
            "time": "20.12.2020 16:59",
            "open": "0.1462",
            "high": "0.1462",
            "low": "0.1461",
            "close": "0.1459"
        },
        {
            "time": "20.12.2020 17:00",
            "open": "0.1459",
            "high": "0.1459",
            "low": "0.1459",
            "close": "0.1458"
        },
        {
            "time": "20.12.2020 17:01",
            "open": "0.1458",
            "high": "0.1463",
            "low": "0.1458",
            "close": "0.1463"
        },
        {
            "time": "20.12.2020 17:02",
            "open": "0.1463",
            "high": "0.1464",
            "low": "0.1461",
            "close": "0.1463"
        },
        {
            "time": "20.12.2020 17:03",
            "open": "0.1463",
            "high": "0.1464",
            "low": "0.1463",
            "close": "0.1464"
        },
        {
            "time": "20.12.2020 17:04",
            "open": "0.1464",
            "high": "0.1466",
            "low": "0.1464",
            "close": "0.1465"
        },
        {
            "time": "20.12.2020 17:05",
            "open": "0.1465",
            "high": "0.1465",
            "low": "0.1462",
            "close": "0.1464"
        },
        {
            "time": "20.12.2020 17:09",
            "open": "0.1464",
            "high": "0.1465",
            "low": "0.1464",
            "close": "0.1466"
        },
        {
            "time": "20.12.2020 17:10",
            "open": "0.1466",
            "high": "0.1466",
            "low": "0.1464",
            "close": "0.1462"
        },
        {
            "time": "20.12.2020 17:11",
            "open": "0.1462",
            "high": "0.1462",
            "low": "0.1461",
            "close": "0.1457"
        },
        {
            "time": "20.12.2020 17:12",
            "open": "0.1457",
            "high": "0.1457",
            "low": "0.1457",
            "close": "0.1459"
        },
        {
            "time": "20.12.2020 17:13",
            "open": "0.1459",
            "high": "0.146",
            "low": "0.1459",
            "close": "0.1462"
        },
        {
            "time": "20.12.2020 17:14",
            "open": "0.1462",
            "high": "0.1462",
            "low": "0.1462",
            "close": "0.1461"
        },
        {
            "time": "20.12.2020 17:17",
            "open": "0.1461",
            "high": "0.1462",
            "low": "0.1459",
            "close": "0.146"
        },
        {
            "time": "20.12.2020 17:19",
            "open": "0.146",
            "high": "0.146",
            "low": "0.1451",
            "close": "0.1452"
        },
        {
            "time": "20.12.2020 17:20",
            "open": "0.1452",
            "high": "0.1452",
            "low": "0.1451",
            "close": "0.1451"
        },
        {
            "time": "20.12.2020 17:21",
            "open": "0.1451",
            "high": "0.1451",
            "low": "0.1451",
            "close": "0.1453"
        },
        {
            "time": "20.12.2020 17:22",
            "open": "0.1453",
            "high": "0.146",
            "low": "0.1452",
            "close": "0.1455"
        },
        {
            "time": "20.12.2020 17:23",
            "open": "0.1455",
            "high": "0.1455",
            "low": "0.1455",
            "close": "0.1455"
        },
        {
            "time": "20.12.2020 17:24",
            "open": "0.1455",
            "high": "0.1455",
            "low": "0.1446",
            "close": "0.1449"
        },
        {
            "time": "20.12.2020 17:25",
            "open": "0.1449",
            "high": "0.1458",
            "low": "0.1449",
            "close": "0.1459"
        },
        {
            "time": "20.12.2020 17:26",
            "open": "0.1459",
            "high": "0.1459",
            "low": "0.1457",
            "close": "0.1458"
        },
        {
            "time": "20.12.2020 17:27",
            "open": "0.1458",
            "high": "0.1458",
            "low": "0.1458",
            "close": "0.1456"
        },
        {
            "time": "20.12.2020 17:28",
            "open": "0.1456",
            "high": "0.1456",
            "low": "0.1451",
            "close": "0.1453"
        },
        {
            "time": "20.12.2020 17:29",
            "open": "0.1453",
            "high": "0.1455",
            "low": "0.1453",
            "close": "0.1454"
        },
        {
            "time": "20.12.2020 17:30",
            "open": "0.1454",
            "high": "0.1454",
            "low": "0.145",
            "close": "0.1451"
        },
        {
            "time": "20.12.2020 17:32",
            "open": "0.1451",
            "high": "0.1451",
            "low": "0.1451",
            "close": "0.1453"
        },
        {
            "time": "20.12.2020 17:33",
            "open": "0.1453",
            "high": "0.1453",
            "low": "0.1453",
            "close": "0.1452"
        },
        {
            "time": "20.12.2020 17:34",
            "open": "0.1452",
            "high": "0.1452",
            "low": "0.1452",
            "close": "0.145"
        },
        {
            "time": "20.12.2020 17:35",
            "open": "0.145",
            "high": "0.145",
            "low": "0.145",
            "close": "0.1451"
        },
        {
            "time": "20.12.2020 17:36",
            "open": "0.1451",
            "high": "0.1451",
            "low": "0.1451",
            "close": "0.1446"
        },
        {
            "time": "20.12.2020 17:37",
            "open": "0.1446",
            "high": "0.1447",
            "low": "0.1445",
            "close": "0.1444"
        },
        {
            "time": "20.12.2020 17:39",
            "open": "0.1444",
            "high": "0.1445",
            "low": "0.1444",
            "close": "0.1447"
        },
        {
            "time": "20.12.2020 17:41",
            "open": "0.1447",
            "high": "0.1447",
            "low": "0.1447",
            "close": "0.1448"
        },
        {
            "time": "20.12.2020 17:43",
            "open": "0.1448",
            "high": "0.145",
            "low": "0.1448",
            "close": "0.145"
        },
        {
            "time": "20.12.2020 17:50",
            "open": "0.145",
            "high": "0.145",
            "low": "0.1448",
            "close": "0.1451"
        },
        {
            "time": "20.12.2020 17:52",
            "open": "0.1451",
            "high": "0.1451",
            "low": "0.1451",
            "close": "0.1447"
        },
        {
            "time": "20.12.2020 17:55",
            "open": "0.1447",
            "high": "0.1447",
            "low": "0.1447",
            "close": "0.1449"
        },
        {
            "time": "20.12.2020 17:58",
            "open": "0.1449",
            "high": "0.1455",
            "low": "0.1449",
            "close": "0.1452"
        },
        {
            "time": "20.12.2020 17:59",
            "open": "0.1452",
            "high": "0.1453",
            "low": "0.1452",
            "close": "0.1446"
        },
        {
            "time": "20.12.2020 18:01",
            "open": "0.1446",
            "high": "0.1446",
            "low": "0.1446",
            "close": "0.1444"
        },
        {
            "time": "20.12.2020 18:04",
            "open": "0.1444",
            "high": "0.1444",
            "low": "0.1444",
            "close": "0.1447"
        },
        {
            "time": "20.12.2020 18:07",
            "open": "0.1447",
            "high": "0.1447",
            "low": "0.1446",
            "close": "0.1447"
        },
        {
            "time": "20.12.2020 18:08",
            "open": "0.1447",
            "high": "0.1448",
            "low": "0.1447",
            "close": "0.1447"
        },
        {
            "time": "20.12.2020 18:14",
            "open": "0.1447",
            "high": "0.1447",
            "low": "0.1447",
            "close": "0.1445"
        },
        {
            "time": "20.12.2020 18:15",
            "open": "0.1445",
            "high": "0.1446",
            "low": "0.1444",
            "close": "0.1447"
        },
        {
            "time": "20.12.2020 18:23",
            "open": "0.1447",
            "high": "0.1449",
            "low": "0.1446",
            "close": "0.1449"
        },
        {
            "time": "20.12.2020 18:24",
            "open": "0.1449",
            "high": "0.1449",
            "low": "0.1448",
            "close": "0.1448"
        },
        {
            "time": "20.12.2020 18:25",
            "open": "0.1448",
            "high": "0.1448",
            "low": "0.1447",
            "close": "0.1447"
        },
        {
            "time": "20.12.2020 18:26",
            "open": "0.1447",
            "high": "0.1447",
            "low": "0.1446",
            "close": "0.1447"
        },
        {
            "time": "20.12.2020 18:28",
            "open": "0.1447",
            "high": "0.1447",
            "low": "0.1444",
            "close": "0.1448"
        },
        {
            "time": "20.12.2020 18:33",
            "open": "0.1448",
            "high": "0.1449",
            "low": "0.1447",
            "close": "0.1448"
        },
        {
            "time": "20.12.2020 18:34",
            "open": "0.1448",
            "high": "0.1448",
            "low": "0.1447",
            "close": "0.1445"
        },
        {
            "time": "20.12.2020 18:38",
            "open": "0.1445",
            "high": "0.1445",
            "low": "0.1445",
            "close": "0.1443"
        },
        {
            "time": "20.12.2020 18:39",
            "open": "0.1443",
            "high": "0.1444",
            "low": "0.1443",
            "close": "0.1444"
        },
        {
            "time": "20.12.2020 18:44",
            "open": "0.1444",
            "high": "0.1445",
            "low": "0.1444",
            "close": "0.1444"
        },
        {
            "time": "20.12.2020 18:45",
            "open": "0.1444",
            "high": "0.1444",
            "low": "0.1444",
            "close": "0.1444"
        },
        {
            "time": "20.12.2020 18:46",
            "open": "0.1444",
            "high": "0.1445",
            "low": "0.1444",
            "close": "0.1445"
        },
        {
            "time": "20.12.2020 18:48",
            "open": "0.1445",
            "high": "0.1445",
            "low": "0.1445",
            "close": "0.1444"
        },
        {
            "time": "20.12.2020 18:49",
            "open": "0.1444",
            "high": "0.1444",
            "low": "0.1444",
            "close": "0.1444"
        },
        {
            "time": "20.12.2020 18:51",
            "open": "0.1444",
            "high": "0.1446",
            "low": "0.1444",
            "close": "0.1444"
        },
        {
            "time": "20.12.2020 18:52",
            "open": "0.1444",
            "high": "0.1444",
            "low": "0.1444",
            "close": "0.1444"
        },
        {
            "time": "20.12.2020 18:53",
            "open": "0.1444",
            "high": "0.1444",
            "low": "0.1443",
            "close": "0.1442"
        },
        {
            "time": "20.12.2020 18:55",
            "open": "0.1442",
            "high": "0.1442",
            "low": "0.1442",
            "close": "0.1442"
        },
        {
            "time": "20.12.2020 18:56",
            "open": "0.1442",
            "high": "0.1443",
            "low": "0.144",
            "close": "0.1441"
        },
        {
            "time": "20.12.2020 18:57",
            "open": "0.1441",
            "high": "0.1441",
            "low": "0.144",
            "close": "0.144"
        },
        {
            "time": "20.12.2020 18:58",
            "open": "0.144",
            "high": "0.1441",
            "low": "0.144",
            "close": "0.144"
        },
        {
            "time": "20.12.2020 18:59",
            "open": "0.144",
            "high": "0.144",
            "low": "0.1437",
            "close": "0.1436"
        },
        {
            "time": "20.12.2020 19:00",
            "open": "0.1436",
            "high": "0.1442",
            "low": "0.1436",
            "close": "0.1437"
        },
        {
            "time": "20.12.2020 19:01",
            "open": "0.1437",
            "high": "0.1438",
            "low": "0.1432",
            "close": "0.1435"
        },
        {
            "time": "20.12.2020 19:02",
            "open": "0.1435",
            "high": "0.1437",
            "low": "0.1435",
            "close": "0.1435"
        },
        {
            "time": "20.12.2020 19:03",
            "open": "0.1435",
            "high": "0.1435",
            "low": "0.1433",
            "close": "0.1434"
        },
        {
            "time": "20.12.2020 19:04",
            "open": "0.1434",
            "high": "0.1434",
            "low": "0.1434",
            "close": "0.1434"
        },
        {
            "time": "20.12.2020 19:05",
            "open": "0.1434",
            "high": "0.1434",
            "low": "0.1434",
            "close": "0.1435"
        },
        {
            "time": "20.12.2020 19:06",
            "open": "0.1435",
            "high": "0.1437",
            "low": "0.1431",
            "close": "0.1436"
        },
        {
            "time": "20.12.2020 19:07",
            "open": "0.1436",
            "high": "0.1436",
            "low": "0.1436",
            "close": "0.1438"
        },
        {
            "time": "20.12.2020 19:08",
            "open": "0.1438",
            "high": "0.1439",
            "low": "0.1431",
            "close": "0.1433"
        },
        {
            "time": "20.12.2020 19:09",
            "open": "0.1433",
            "high": "0.1464",
            "low": "0.1433",
            "close": "0.144"
        },
        {
            "time": "20.12.2020 19:10",
            "open": "0.144",
            "high": "0.1442",
            "low": "0.1439",
            "close": "0.144"
        },
        {
            "time": "20.12.2020 19:11",
            "open": "0.144",
            "high": "0.1442",
            "low": "0.144",
            "close": "0.1445"
        },
        {
            "time": "20.12.2020 19:12",
            "open": "0.1445",
            "high": "0.1445",
            "low": "0.1445",
            "close": "0.1446"
        },
        {
            "time": "20.12.2020 19:13",
            "open": "0.1446",
            "high": "0.1446",
            "low": "0.1439",
            "close": "0.144"
        },
        {
            "time": "20.12.2020 19:15",
            "open": "0.144",
            "high": "0.144",
            "low": "0.1438",
            "close": "0.1433"
        },
        {
            "time": "20.12.2020 19:16",
            "open": "0.1433",
            "high": "0.1445",
            "low": "0.1433",
            "close": "0.1434"
        },
        {
            "time": "20.12.2020 19:17",
            "open": "0.1434",
            "high": "0.1434",
            "low": "0.1406",
            "close": "0.1419"
        },
        {
            "time": "20.12.2020 19:18",
            "open": "0.1419",
            "high": "0.1419",
            "low": "0.1401",
            "close": "0.1411"
        },
        {
            "time": "20.12.2020 19:19",
            "open": "0.1411",
            "high": "0.1428",
            "low": "0.1405",
            "close": "0.1413"
        },
        {
            "time": "20.12.2020 19:20",
            "open": "0.1413",
            "high": "0.1424",
            "low": "0.1412",
            "close": "0.1423"
        },
        {
            "time": "20.12.2020 19:21",
            "open": "0.1423",
            "high": "0.1423",
            "low": "0.1413",
            "close": "0.1419"
        },
        {
            "time": "20.12.2020 19:22",
            "open": "0.1419",
            "high": "0.1419",
            "low": "0.1419",
            "close": "0.1419"
        },
        {
            "time": "20.12.2020 19:23",
            "open": "0.1419",
            "high": "0.1421",
            "low": "0.1417",
            "close": "0.142"
        },
        {
            "time": "20.12.2020 19:24",
            "open": "0.142",
            "high": "0.143",
            "low": "0.142",
            "close": "0.1427"
        },
        {
            "time": "20.12.2020 19:25",
            "open": "0.1427",
            "high": "0.143",
            "low": "0.1423",
            "close": "0.1421"
        },
        {
            "time": "20.12.2020 19:26",
            "open": "0.1421",
            "high": "0.1426",
            "low": "0.1421",
            "close": "0.1427"
        },
        {
            "time": "20.12.2020 19:28",
            "open": "0.1427",
            "high": "0.1427",
            "low": "0.1424",
            "close": "0.1425"
        },
        {
            "time": "20.12.2020 19:29",
            "open": "0.1425",
            "high": "0.1426",
            "low": "0.1417",
            "close": "0.1424"
        },
        {
            "time": "20.12.2020 19:30",
            "open": "0.1424",
            "high": "0.1426",
            "low": "0.1424",
            "close": "0.1425"
        },
        {
            "time": "20.12.2020 19:31",
            "open": "0.1425",
            "high": "0.1426",
            "low": "0.1422",
            "close": "0.1423"
        },
        {
            "time": "20.12.2020 19:32",
            "open": "0.1423",
            "high": "0.1426",
            "low": "0.1423",
            "close": "0.1424"
        },
        {
            "time": "20.12.2020 19:33",
            "open": "0.1424",
            "high": "0.1425",
            "low": "0.1424",
            "close": "0.1425"
        },
        {
            "time": "20.12.2020 19:34",
            "open": "0.1425",
            "high": "0.1425",
            "low": "0.1425",
            "close": "0.1425"
        },
        {
            "time": "20.12.2020 19:35",
            "open": "0.1425",
            "high": "0.1425",
            "low": "0.1424",
            "close": "0.1422"
        },
        {
            "time": "20.12.2020 19:36",
            "open": "0.1422",
            "high": "0.1422",
            "low": "0.1415",
            "close": "0.1417"
        },
        {
            "time": "20.12.2020 19:37",
            "open": "0.1417",
            "high": "0.1417",
            "low": "0.141",
            "close": "0.141"
        },
        {
            "time": "20.12.2020 19:38",
            "open": "0.141",
            "high": "0.1412",
            "low": "0.1409",
            "close": "0.1413"
        },
        {
            "time": "20.12.2020 19:39",
            "open": "0.1413",
            "high": "0.1427",
            "low": "0.1413",
            "close": "0.1419"
        },
        {
            "time": "20.12.2020 19:40",
            "open": "0.1419",
            "high": "0.1419",
            "low": "0.1417",
            "close": "0.1418"
        },
        {
            "time": "20.12.2020 19:41",
            "open": "0.1418",
            "high": "0.1418",
            "low": "0.1417",
            "close": "0.1418"
        },
        {
            "time": "20.12.2020 19:43",
            "open": "0.1418",
            "high": "0.1418",
            "low": "0.1418",
            "close": "0.1421"
        },
        {
            "time": "20.12.2020 19:44",
            "open": "0.1421",
            "high": "0.1425",
            "low": "0.1416",
            "close": "0.143"
        },
        {
            "time": "20.12.2020 19:45",
            "open": "0.143",
            "high": "0.143",
            "low": "0.1425",
            "close": "0.1426"
        },
        {
            "time": "20.12.2020 19:47",
            "open": "0.1426",
            "high": "0.1429",
            "low": "0.1424",
            "close": "0.1425"
        },
        {
            "time": "20.12.2020 19:48",
            "open": "0.1425",
            "high": "0.1425",
            "low": "0.1425",
            "close": "0.1425"
        },
        {
            "time": "20.12.2020 19:49",
            "open": "0.1425",
            "high": "0.1426",
            "low": "0.1425",
            "close": "0.1427"
        },
        {
            "time": "20.12.2020 19:52",
            "open": "0.1427",
            "high": "0.1436",
            "low": "0.1427",
            "close": "0.1427"
        },
        {
            "time": "20.12.2020 19:53",
            "open": "0.1427",
            "high": "0.1427",
            "low": "0.1427",
            "close": "0.1425"
        },
        {
            "time": "20.12.2020 19:55",
            "open": "0.1425",
            "high": "0.1436",
            "low": "0.1425",
            "close": "0.1426"
        },
        {
            "time": "20.12.2020 19:56",
            "open": "0.1426",
            "high": "0.1426",
            "low": "0.1417",
            "close": "0.1418"
        },
        {
            "time": "20.12.2020 19:57",
            "open": "0.1418",
            "high": "0.1421",
            "low": "0.1418",
            "close": "0.1423"
        },
        {
            "time": "20.12.2020 19:58",
            "open": "0.1423",
            "high": "0.1436",
            "low": "0.1423",
            "close": "0.1424"
        },
        {
            "time": "20.12.2020 19:59",
            "open": "0.1424",
            "high": "0.1424",
            "low": "0.1401",
            "close": "0.1409"
        },
        {
            "time": "20.12.2020 20:00",
            "open": "0.1409",
            "high": "0.1435",
            "low": "0.1409",
            "close": "0.1411"
        },
        {
            "time": "20.12.2020 20:01",
            "open": "0.1411",
            "high": "0.1411",
            "low": "0.1402",
            "close": "0.1404"
        },
        {
            "time": "20.12.2020 20:02",
            "open": "0.1404",
            "high": "0.1419",
            "low": "0.1402",
            "close": "0.1408"
        },
        {
            "time": "20.12.2020 20:03",
            "open": "0.1408",
            "high": "0.1422",
            "low": "0.1408",
            "close": "0.1419"
        },
        {
            "time": "20.12.2020 20:04",
            "open": "0.1419",
            "high": "0.1419",
            "low": "0.1415",
            "close": "0.1415"
        },
        {
            "time": "20.12.2020 20:05",
            "open": "0.1415",
            "high": "0.1415",
            "low": "0.1414",
            "close": "0.1416"
        },
        {
            "time": "20.12.2020 20:06",
            "open": "0.1416",
            "high": "0.1416",
            "low": "0.1412",
            "close": "0.1413"
        },
        {
            "time": "20.12.2020 20:07",
            "open": "0.1413",
            "high": "0.1415",
            "low": "0.1413",
            "close": "0.1413"
        },
        {
            "time": "20.12.2020 20:08",
            "open": "0.1413",
            "high": "0.1418",
            "low": "0.1413",
            "close": "0.1417"
        },
        {
            "time": "20.12.2020 20:09",
            "open": "0.1417",
            "high": "0.1417",
            "low": "0.1416",
            "close": "0.1415"
        },
        {
            "time": "20.12.2020 20:10",
            "open": "0.1415",
            "high": "0.1416",
            "low": "0.1414",
            "close": "0.1414"
        },
        {
            "time": "20.12.2020 20:11",
            "open": "0.1414",
            "high": "0.1414",
            "low": "0.1411",
            "close": "0.141"
        },
        {
            "time": "20.12.2020 20:12",
            "open": "0.141",
            "high": "0.1413",
            "low": "0.1408",
            "close": "0.141"
        },
        {
            "time": "20.12.2020 20:13",
            "open": "0.141",
            "high": "0.1412",
            "low": "0.141",
            "close": "0.1411"
        },
        {
            "time": "20.12.2020 20:14",
            "open": "0.1411",
            "high": "0.1411",
            "low": "0.1409",
            "close": "0.1411"
        },
        {
            "time": "20.12.2020 20:15",
            "open": "0.1411",
            "high": "0.1411",
            "low": "0.1408",
            "close": "0.1408"
        },
        {
            "time": "20.12.2020 20:16",
            "open": "0.1408",
            "high": "0.1409",
            "low": "0.1408",
            "close": "0.1409"
        },
        {
            "time": "20.12.2020 20:17",
            "open": "0.1409",
            "high": "0.1409",
            "low": "0.1409",
            "close": "0.1411"
        },
        {
            "time": "20.12.2020 20:18",
            "open": "0.1411",
            "high": "0.1412",
            "low": "0.141",
            "close": "0.141"
        },
        {
            "time": "20.12.2020 20:19",
            "open": "0.141",
            "high": "0.141",
            "low": "0.141",
            "close": "0.141"
        },
        {
            "time": "20.12.2020 20:20",
            "open": "0.141",
            "high": "0.141",
            "low": "0.1405",
            "close": "0.1409"
        },
        {
            "time": "20.12.2020 20:21",
            "open": "0.1409",
            "high": "0.1409",
            "low": "0.1407",
            "close": "0.1409"
        },
        {
            "time": "20.12.2020 20:22",
            "open": "0.1409",
            "high": "0.1409",
            "low": "0.1405",
            "close": "0.1408"
        },
        {
            "time": "20.12.2020 20:23",
            "open": "0.1408",
            "high": "0.1409",
            "low": "0.1408",
            "close": "0.1406"
        },
        {
            "time": "20.12.2020 20:24",
            "open": "0.1406",
            "high": "0.1407",
            "low": "0.1403",
            "close": "0.1406"
        },
        {
            "time": "20.12.2020 20:25",
            "open": "0.1406",
            "high": "0.1406",
            "low": "0.138",
            "close": "0.1389"
        },
        {
            "time": "20.12.2020 20:26",
            "open": "0.1389",
            "high": "0.1392",
            "low": "0.136",
            "close": "0.1375"
        },
        {
            "time": "20.12.2020 20:27",
            "open": "0.1375",
            "high": "0.1375",
            "low": "0.1369",
            "close": "0.1383"
        },
        {
            "time": "20.12.2020 20:28",
            "open": "0.1383",
            "high": "0.1387",
            "low": "0.1376",
            "close": "0.1385"
        },
        {
            "time": "20.12.2020 20:29",
            "open": "0.1385",
            "high": "0.1395",
            "low": "0.1385",
            "close": "0.1383"
        },
        {
            "time": "20.12.2020 20:30",
            "open": "0.1383",
            "high": "0.1392",
            "low": "0.1382",
            "close": "0.1389"
        },
        {
            "time": "20.12.2020 20:31",
            "open": "0.1389",
            "high": "0.1398",
            "low": "0.1387",
            "close": "0.1394"
        },
        {
            "time": "20.12.2020 20:32",
            "open": "0.1394",
            "high": "0.1407",
            "low": "0.1392",
            "close": "0.14"
        },
        {
            "time": "20.12.2020 20:33",
            "open": "0.14",
            "high": "0.1402",
            "low": "0.1392",
            "close": "0.1404"
        },
        {
            "time": "20.12.2020 20:34",
            "open": "0.1404",
            "high": "0.1405",
            "low": "0.1404",
            "close": "0.1404"
        },
        {
            "time": "20.12.2020 20:35",
            "open": "0.1404",
            "high": "0.1407",
            "low": "0.1403",
            "close": "0.1403"
        },
        {
            "time": "20.12.2020 20:36",
            "open": "0.1403",
            "high": "0.1417",
            "low": "0.1403",
            "close": "0.1417"
        },
        {
            "time": "20.12.2020 20:37",
            "open": "0.1417",
            "high": "0.1417",
            "low": "0.1405",
            "close": "0.141"
        },
        {
            "time": "20.12.2020 20:38",
            "open": "0.141",
            "high": "0.141",
            "low": "0.141",
            "close": "0.1409"
        },
        {
            "time": "20.12.2020 20:39",
            "open": "0.1409",
            "high": "0.1412",
            "low": "0.1408",
            "close": "0.141"
        },
        {
            "time": "20.12.2020 20:40",
            "open": "0.141",
            "high": "0.1419",
            "low": "0.141",
            "close": "0.1417"
        },
        {
            "time": "20.12.2020 20:41",
            "open": "0.1417",
            "high": "0.1421",
            "low": "0.1417",
            "close": "0.1417"
        },
        {
            "time": "20.12.2020 20:42",
            "open": "0.1417",
            "high": "0.1417",
            "low": "0.1414",
            "close": "0.1414"
        },
        {
            "time": "20.12.2020 20:43",
            "open": "0.1414",
            "high": "0.1414",
            "low": "0.1414",
            "close": "0.1415"
        },
        {
            "time": "20.12.2020 20:44",
            "open": "0.1415",
            "high": "0.1416",
            "low": "0.1401",
            "close": "0.1415"
        },
        {
            "time": "20.12.2020 20:45",
            "open": "0.1415",
            "high": "0.1415",
            "low": "0.1415",
            "close": "0.1415"
        },
        {
            "time": "20.12.2020 20:46",
            "open": "0.1415",
            "high": "0.142",
            "low": "0.1415",
            "close": "0.1418"
        },
        {
            "time": "20.12.2020 20:47",
            "open": "0.1418",
            "high": "0.1421",
            "low": "0.1418",
            "close": "0.142"
        },
        {
            "time": "20.12.2020 20:48",
            "open": "0.142",
            "high": "0.142",
            "low": "0.142",
            "close": "0.1421"
        },
        {
            "time": "20.12.2020 20:50",
            "open": "0.1421",
            "high": "0.1429",
            "low": "0.1421",
            "close": "0.1427"
        },
        {
            "time": "20.12.2020 20:51",
            "open": "0.1427",
            "high": "0.1441",
            "low": "0.1427",
            "close": "0.1429"
        },
        {
            "time": "20.12.2020 20:52",
            "open": "0.1429",
            "high": "0.1429",
            "low": "0.1426",
            "close": "0.1425"
        },
        {
            "time": "20.12.2020 20:53",
            "open": "0.1425",
            "high": "0.1427",
            "low": "0.1425",
            "close": "0.1425"
        },
        {
            "time": "20.12.2020 20:54",
            "open": "0.1425",
            "high": "0.1425",
            "low": "0.1425",
            "close": "0.1425"
        },
        {
            "time": "20.12.2020 20:55",
            "open": "0.1425",
            "high": "0.1425",
            "low": "0.1409",
            "close": "0.1407"
        },
        {
            "time": "20.12.2020 20:56",
            "open": "0.1407",
            "high": "0.1408",
            "low": "0.1398",
            "close": "0.1398"
        },
        {
            "time": "20.12.2020 20:57",
            "open": "0.1398",
            "high": "0.1398",
            "low": "0.1398",
            "close": "0.14"
        },
        {
            "time": "20.12.2020 20:58",
            "open": "0.14",
            "high": "0.1406",
            "low": "0.14",
            "close": "0.1402"
        },
        {
            "time": "20.12.2020 20:59",
            "open": "0.1402",
            "high": "0.1404",
            "low": "0.1402",
            "close": "0.1403"
        },
        {
            "time": "20.12.2020 21:00",
            "open": "0.1403",
            "high": "0.1403",
            "low": "0.1403",
            "close": "0.1407"
        },
        {
            "time": "20.12.2020 21:01",
            "open": "0.1407",
            "high": "0.1407",
            "low": "0.14",
            "close": "0.1402"
        },
        {
            "time": "20.12.2020 21:02",
            "open": "0.1402",
            "high": "0.1404",
            "low": "0.1392",
            "close": "0.14"
        },
        {
            "time": "20.12.2020 21:04",
            "open": "0.14",
            "high": "0.14",
            "low": "0.14",
            "close": "0.1402"
        },
        {
            "time": "20.12.2020 21:05",
            "open": "0.1402",
            "high": "0.1402",
            "low": "0.1402",
            "close": "0.1401"
        },
        {
            "time": "20.12.2020 21:06",
            "open": "0.1401",
            "high": "0.1401",
            "low": "0.1398",
            "close": "0.1399"
        },
        {
            "time": "20.12.2020 21:07",
            "open": "0.1399",
            "high": "0.1401",
            "low": "0.1399",
            "close": "0.1399"
        },
        {
            "time": "20.12.2020 21:08",
            "open": "0.1399",
            "high": "0.1399",
            "low": "0.1398",
            "close": "0.1399"
        },
        {
            "time": "20.12.2020 21:09",
            "open": "0.1399",
            "high": "0.14",
            "low": "0.1399",
            "close": "0.14"
        },
        {
            "time": "20.12.2020 21:10",
            "open": "0.14",
            "high": "0.14",
            "low": "0.1399",
            "close": "0.1392"
        },
        {
            "time": "20.12.2020 21:12",
            "open": "0.1392",
            "high": "0.1392",
            "low": "0.1391",
            "close": "0.139"
        },
        {
            "time": "20.12.2020 21:13",
            "open": "0.139",
            "high": "0.139",
            "low": "0.1389",
            "close": "0.1385"
        },
        {
            "time": "20.12.2020 21:14",
            "open": "0.1385",
            "high": "0.1386",
            "low": "0.1385",
            "close": "0.1389"
        },
        {
            "time": "20.12.2020 21:15",
            "open": "0.1389",
            "high": "0.14",
            "low": "0.1389",
            "close": "0.1388"
        },
        {
            "time": "20.12.2020 21:16",
            "open": "0.1388",
            "high": "0.1393",
            "low": "0.1387",
            "close": "0.1395"
        },
        {
            "time": "20.12.2020 21:17",
            "open": "0.1395",
            "high": "0.1398",
            "low": "0.1395",
            "close": "0.1393"
        },
        {
            "time": "20.12.2020 21:18",
            "open": "0.1393",
            "high": "0.1393",
            "low": "0.1391",
            "close": "0.1392"
        },
        {
            "time": "20.12.2020 21:19",
            "open": "0.1392",
            "high": "0.1403",
            "low": "0.1392",
            "close": "0.1401"
        },
        {
            "time": "20.12.2020 21:20",
            "open": "0.1401",
            "high": "0.1401",
            "low": "0.1396",
            "close": "0.1396"
        },
        {
            "time": "20.12.2020 21:21",
            "open": "0.1396",
            "high": "0.1396",
            "low": "0.1394",
            "close": "0.1393"
        },
        {
            "time": "20.12.2020 21:22",
            "open": "0.1393",
            "high": "0.1395",
            "low": "0.1393",
            "close": "0.1396"
        },
        {
            "time": "20.12.2020 21:23",
            "open": "0.1396",
            "high": "0.1397",
            "low": "0.1396",
            "close": "0.1395"
        },
        {
            "time": "20.12.2020 21:24",
            "open": "0.1395",
            "high": "0.1395",
            "low": "0.1391",
            "close": "0.1395"
        },
        {
            "time": "20.12.2020 21:25",
            "open": "0.1395",
            "high": "0.1395",
            "low": "0.1395",
            "close": "0.1394"
        },
        {
            "time": "20.12.2020 21:26",
            "open": "0.1394",
            "high": "0.1394",
            "low": "0.1393",
            "close": "0.1394"
        },
        {
            "time": "20.12.2020 21:27",
            "open": "0.1394",
            "high": "0.1394",
            "low": "0.1394",
            "close": "0.1395"
        },
        {
            "time": "20.12.2020 21:28",
            "open": "0.1395",
            "high": "0.1395",
            "low": "0.1395",
            "close": "0.1398"
        },
        {
            "time": "20.12.2020 21:29",
            "open": "0.1398",
            "high": "0.1398",
            "low": "0.1396",
            "close": "0.1398"
        },
        {
            "time": "20.12.2020 21:30",
            "open": "0.1398",
            "high": "0.1398",
            "low": "0.1398",
            "close": "0.1398"
        },
        {
            "time": "20.12.2020 21:31",
            "open": "0.1398",
            "high": "0.1398",
            "low": "0.1398",
            "close": "0.1399"
        },
        {
            "time": "20.12.2020 21:32",
            "open": "0.1399",
            "high": "0.1416",
            "low": "0.1399",
            "close": "0.1401"
        },
        {
            "time": "20.12.2020 21:33",
            "open": "0.1401",
            "high": "0.1401",
            "low": "0.1388",
            "close": "0.1389"
        },
        {
            "time": "20.12.2020 21:34",
            "open": "0.1389",
            "high": "0.1395",
            "low": "0.1388",
            "close": "0.14"
        },
        {
            "time": "20.12.2020 21:35",
            "open": "0.14",
            "high": "0.14",
            "low": "0.1397",
            "close": "0.1402"
        },
        {
            "time": "20.12.2020 21:39",
            "open": "0.1402",
            "high": "0.1402",
            "low": "0.1402",
            "close": "0.1402"
        },
        {
            "time": "20.12.2020 21:44",
            "open": "0.1402",
            "high": "0.1402",
            "low": "0.14",
            "close": "0.14"
        },
        {
            "time": "20.12.2020 21:45",
            "open": "0.14",
            "high": "0.14",
            "low": "0.1396",
            "close": "0.1398"
        },
        {
            "time": "20.12.2020 21:46",
            "open": "0.1398",
            "high": "0.1398",
            "low": "0.1388",
            "close": "0.1387"
        },
        {
            "time": "20.12.2020 21:47",
            "open": "0.1387",
            "high": "0.1391",
            "low": "0.1387",
            "close": "0.1387"
        },
        {
            "time": "20.12.2020 21:48",
            "open": "0.1387",
            "high": "0.1394",
            "low": "0.1387",
            "close": "0.139"
        },
        {
            "time": "20.12.2020 21:49",
            "open": "0.139",
            "high": "0.139",
            "low": "0.1388",
            "close": "0.139"
        },
        {
            "time": "20.12.2020 21:50",
            "open": "0.139",
            "high": "0.1397",
            "low": "0.139",
            "close": "0.1391"
        },
        {
            "time": "20.12.2020 21:51",
            "open": "0.1391",
            "high": "0.1391",
            "low": "0.1388",
            "close": "0.1388"
        },
        {
            "time": "20.12.2020 21:52",
            "open": "0.1388",
            "high": "0.1388",
            "low": "0.1387",
            "close": "0.1393"
        },
        {
            "time": "20.12.2020 21:53",
            "open": "0.1393",
            "high": "0.1393",
            "low": "0.1393",
            "close": "0.1388"
        },
        {
            "time": "20.12.2020 21:54",
            "open": "0.1388",
            "high": "0.1396",
            "low": "0.1387",
            "close": "0.1393"
        },
        {
            "time": "20.12.2020 21:55",
            "open": "0.1393",
            "high": "0.1398",
            "low": "0.1393",
            "close": "0.139"
        },
        {
            "time": "20.12.2020 21:56",
            "open": "0.139",
            "high": "0.139",
            "low": "0.1389",
            "close": "0.1393"
        },
        {
            "time": "20.12.2020 21:57",
            "open": "0.1393",
            "high": "0.1393",
            "low": "0.1388",
            "close": "0.1389"
        },
        {
            "time": "20.12.2020 21:58",
            "open": "0.1389",
            "high": "0.1393",
            "low": "0.1389",
            "close": "0.1389"
        },
        {
            "time": "20.12.2020 21:59",
            "open": "0.1389",
            "high": "0.1389",
            "low": "0.1389",
            "close": "0.1388"
        },
        {
            "time": "20.12.2020 22:00",
            "open": "0.1388",
            "high": "0.1388",
            "low": "0.1388",
            "close": "0.1398"
        },
        {
            "time": "20.12.2020 22:01",
            "open": "0.1398",
            "high": "0.1424",
            "low": "0.1393",
            "close": "0.1397"
        },
        {
            "time": "20.12.2020 22:02",
            "open": "0.1397",
            "high": "0.1398",
            "low": "0.1395",
            "close": "0.1397"
        },
        {
            "time": "20.12.2020 22:03",
            "open": "0.1397",
            "high": "0.1397",
            "low": "0.1391",
            "close": "0.1396"
        },
        {
            "time": "20.12.2020 22:04",
            "open": "0.1396",
            "high": "0.14",
            "low": "0.1388",
            "close": "0.1389"
        },
        {
            "time": "20.12.2020 22:05",
            "open": "0.1389",
            "high": "0.1389",
            "low": "0.1384",
            "close": "0.1384"
        },
        {
            "time": "20.12.2020 22:06",
            "open": "0.1384",
            "high": "0.1392",
            "low": "0.1383",
            "close": "0.1388"
        },
        {
            "time": "20.12.2020 22:07",
            "open": "0.1388",
            "high": "0.1392",
            "low": "0.1388",
            "close": "0.1391"
        },
        {
            "time": "20.12.2020 22:08",
            "open": "0.1391",
            "high": "0.1403",
            "low": "0.139",
            "close": "0.1402"
        },
        {
            "time": "20.12.2020 22:10",
            "open": "0.1402",
            "high": "0.1403",
            "low": "0.1402",
            "close": "0.1402"
        },
        {
            "time": "20.12.2020 22:13",
            "open": "0.1402",
            "high": "0.1402",
            "low": "0.1385",
            "close": "0.1393"
        },
        {
            "time": "20.12.2020 22:14",
            "open": "0.1393",
            "high": "0.1393",
            "low": "0.1393",
            "close": "0.1389"
        },
        {
            "time": "20.12.2020 22:15",
            "open": "0.1389",
            "high": "0.1392",
            "low": "0.1381",
            "close": "0.1403"
        },
        {
            "time": "20.12.2020 22:16",
            "open": "0.1403",
            "high": "0.1403",
            "low": "0.1403",
            "close": "0.1402"
        },
        {
            "time": "20.12.2020 22:17",
            "open": "0.1402",
            "high": "0.1403",
            "low": "0.1402",
            "close": "0.1403"
        },
        {
            "time": "20.12.2020 22:18",
            "open": "0.1403",
            "high": "0.1403",
            "low": "0.1403",
            "close": "0.1402"
        },
        {
            "time": "20.12.2020 22:19",
            "open": "0.1402",
            "high": "0.1403",
            "low": "0.1402",
            "close": "0.14"
        },
        {
            "time": "20.12.2020 22:20",
            "open": "0.14",
            "high": "0.1407",
            "low": "0.14",
            "close": "0.14"
        },
        {
            "time": "20.12.2020 22:21",
            "open": "0.14",
            "high": "0.14",
            "low": "0.14",
            "close": "0.14"
        },
        {
            "time": "20.12.2020 22:22",
            "open": "0.14",
            "high": "0.1401",
            "low": "0.14",
            "close": "0.1399"
        },
        {
            "time": "20.12.2020 22:23",
            "open": "0.1399",
            "high": "0.1403",
            "low": "0.1399",
            "close": "0.1403"
        },
        {
            "time": "20.12.2020 22:24",
            "open": "0.1403",
            "high": "0.1403",
            "low": "0.1403",
            "close": "0.1405"
        },
        {
            "time": "20.12.2020 22:25",
            "open": "0.1405",
            "high": "0.1405",
            "low": "0.1402",
            "close": "0.1398"
        },
        {
            "time": "20.12.2020 22:26",
            "open": "0.1398",
            "high": "0.1398",
            "low": "0.1395",
            "close": "0.1396"
        },
        {
            "time": "20.12.2020 22:27",
            "open": "0.1396",
            "high": "0.1396",
            "low": "0.1396",
            "close": "0.1406"
        },
        {
            "time": "20.12.2020 22:30",
            "open": "0.1406",
            "high": "0.1406",
            "low": "0.1403",
            "close": "0.1401"
        },
        {
            "time": "20.12.2020 22:32",
            "open": "0.1401",
            "high": "0.1404",
            "low": "0.1401",
            "close": "0.1405"
        },
        {
            "time": "20.12.2020 22:33",
            "open": "0.1405",
            "high": "0.1406",
            "low": "0.14",
            "close": "0.1407"
        },
        {
            "time": "20.12.2020 22:37",
            "open": "0.1407",
            "high": "0.1407",
            "low": "0.1407",
            "close": "0.1407"
        },
        {
            "time": "20.12.2020 22:39",
            "open": "0.1407",
            "high": "0.1407",
            "low": "0.1404",
            "close": "0.1411"
        },
        {
            "time": "20.12.2020 22:40",
            "open": "0.1411",
            "high": "0.1416",
            "low": "0.1411",
            "close": "0.1416"
        },
        {
            "time": "20.12.2020 22:41",
            "open": "0.1416",
            "high": "0.1424",
            "low": "0.1416",
            "close": "0.1425"
        },
        {
            "time": "20.12.2020 22:42",
            "open": "0.1425",
            "high": "0.1429",
            "low": "0.1425",
            "close": "0.1429"
        },
        {
            "time": "20.12.2020 22:43",
            "open": "0.1429",
            "high": "0.1435",
            "low": "0.1423",
            "close": "0.1433"
        },
        {
            "time": "20.12.2020 22:44",
            "open": "0.1433",
            "high": "0.144",
            "low": "0.1433",
            "close": "0.144"
        },
        {
            "time": "20.12.2020 22:45",
            "open": "0.144",
            "high": "0.1444",
            "low": "0.144",
            "close": "0.1445"
        },
        {
            "time": "20.12.2020 22:46",
            "open": "0.1445",
            "high": "0.1458",
            "low": "0.1445",
            "close": "0.1454"
        },
        {
            "time": "20.12.2020 22:47",
            "open": "0.1454",
            "high": "0.1459",
            "low": "0.1452",
            "close": "0.1459"
        },
        {
            "time": "20.12.2020 22:48",
            "open": "0.1459",
            "high": "0.147",
            "low": "0.1459",
            "close": "0.1469"
        },
        {
            "time": "20.12.2020 22:49",
            "open": "0.1469",
            "high": "0.148",
            "low": "0.1469",
            "close": "0.148"
        },
        {
            "time": "20.12.2020 22:50",
            "open": "0.148",
            "high": "0.1499",
            "low": "0.148",
            "close": "0.1492"
        },
        {
            "time": "20.12.2020 22:51",
            "open": "0.1492",
            "high": "0.1508",
            "low": "0.1492",
            "close": "0.1508"
        },
        {
            "time": "20.12.2020 22:52",
            "open": "0.1508",
            "high": "0.1549",
            "low": "0.1508",
            "close": "0.1537"
        },
        {
            "time": "20.12.2020 22:53",
            "open": "0.1537",
            "high": "0.1558",
            "low": "0.1537",
            "close": "0.1558"
        },
        {
            "time": "20.12.2020 22:54",
            "open": "0.1558",
            "high": "0.1566",
            "low": "0.1558",
            "close": "0.1568"
        },
        {
            "time": "20.12.2020 22:55",
            "open": "0.1568",
            "high": "0.1589",
            "low": "0.154",
            "close": "0.1574"
        },
        {
            "time": "20.12.2020 22:56",
            "open": "0.1574",
            "high": "0.1576",
            "low": "0.1543",
            "close": "0.154"
        },
        {
            "time": "20.12.2020 22:57",
            "open": "0.154",
            "high": "0.1568",
            "low": "0.154",
            "close": "0.1559"
        },
        {
            "time": "20.12.2020 22:58",
            "open": "0.1559",
            "high": "0.156",
            "low": "0.1553",
            "close": "0.156"
        },
        {
            "time": "20.12.2020 22:59",
            "open": "0.156",
            "high": "0.158",
            "low": "0.1559",
            "close": "0.1569"
        },
        {
            "time": "20.12.2020 23:00",
            "open": "0.1569",
            "high": "0.1579",
            "low": "0.1542",
            "close": "0.1557"
        },
        {
            "time": "20.12.2020 23:01",
            "open": "0.1557",
            "high": "0.1574",
            "low": "0.1508",
            "close": "0.1528"
        },
        {
            "time": "20.12.2020 23:02",
            "open": "0.1528",
            "high": "0.1529",
            "low": "0.1494",
            "close": "0.1539"
        },
        {
            "time": "20.12.2020 23:03",
            "open": "0.1539",
            "high": "0.1553",
            "low": "0.1521",
            "close": "0.1553"
        },
        {
            "time": "20.12.2020 23:04",
            "open": "0.1553",
            "high": "0.1562",
            "low": "0.1523",
            "close": "0.1551"
        },
        {
            "time": "20.12.2020 23:05",
            "open": "0.1551",
            "high": "0.1564",
            "low": "0.1545",
            "close": "0.1548"
        },
        {
            "time": "20.12.2020 23:06",
            "open": "0.1548",
            "high": "0.1563",
            "low": "0.1548",
            "close": "0.1548"
        },
        {
            "time": "20.12.2020 23:07",
            "open": "0.1548",
            "high": "0.1561",
            "low": "0.1532",
            "close": "0.1548"
        },
        {
            "time": "20.12.2020 23:08",
            "open": "0.1548",
            "high": "0.1548",
            "low": "0.1531",
            "close": "0.1529"
        },
        {
            "time": "20.12.2020 23:09",
            "open": "0.1529",
            "high": "0.1549",
            "low": "0.1523",
            "close": "0.153"
        },
        {
            "time": "20.12.2020 23:10",
            "open": "0.153",
            "high": "0.155",
            "low": "0.153",
            "close": "0.1549"
        },
        {
            "time": "20.12.2020 23:11",
            "open": "0.1549",
            "high": "0.1563",
            "low": "0.1549",
            "close": "0.1562"
        },
        {
            "time": "20.12.2020 23:12",
            "open": "0.1562",
            "high": "0.1588",
            "low": "0.1531",
            "close": "0.1589"
        },
        {
            "time": "20.12.2020 23:13",
            "open": "0.1589",
            "high": "0.162",
            "low": "0.1579",
            "close": "0.161"
        },
        {
            "time": "20.12.2020 23:14",
            "open": "0.161",
            "high": "0.168",
            "low": "0.161",
            "close": "0.167"
        },
        {
            "time": "20.12.2020 23:15",
            "open": "0.167",
            "high": "0.179",
            "low": "0.166",
            "close": "0.1757"
        },
        {
            "time": "20.12.2020 23:16",
            "open": "0.1757",
            "high": "0.1789",
            "low": "0.173",
            "close": "0.1755"
        },
        {
            "time": "20.12.2020 23:17",
            "open": "0.1755",
            "high": "0.1795",
            "low": "0.1753",
            "close": "0.1779"
        },
        {
            "time": "20.12.2020 23:18",
            "open": "0.1779",
            "high": "0.1825",
            "low": "0.1771",
            "close": "0.1825"
        },
        {
            "time": "20.12.2020 23:19",
            "open": "0.1825",
            "high": "0.1839",
            "low": "0.179",
            "close": "0.1839"
        },
        {
            "time": "20.12.2020 23:20",
            "open": "0.1839",
            "high": "0.185",
            "low": "0.1825",
            "close": "0.1834"
        },
        {
            "time": "20.12.2020 23:21",
            "open": "0.1834",
            "high": "0.1853",
            "low": "0.1801",
            "close": "0.1819"
        },
        {
            "time": "20.12.2020 23:22",
            "open": "0.1819",
            "high": "0.186",
            "low": "0.1819",
            "close": "0.1852"
        },
        {
            "time": "20.12.2020 23:23",
            "open": "0.1852",
            "high": "0.1852",
            "low": "0.1811",
            "close": "0.1813"
        },
        {
            "time": "20.12.2020 23:24",
            "open": "0.1813",
            "high": "0.182",
            "low": "0.1654",
            "close": "0.1768"
        },
        {
            "time": "20.12.2020 23:25",
            "open": "0.1768",
            "high": "0.1773",
            "low": "0.1617",
            "close": "0.1748"
        },
        {
            "time": "20.12.2020 23:26",
            "open": "0.1748",
            "high": "0.1748",
            "low": "0.1704",
            "close": "0.1721"
        },
        {
            "time": "20.12.2020 23:27",
            "open": "0.1721",
            "high": "0.1738",
            "low": "0.1721",
            "close": "0.1723"
        },
        {
            "time": "20.12.2020 23:28",
            "open": "0.1723",
            "high": "0.18",
            "low": "0.172",
            "close": "0.18"
        },
        {
            "time": "20.12.2020 23:29",
            "open": "0.18",
            "high": "0.18",
            "low": "0.178",
            "close": "0.1786"
        },
        {
            "time": "20.12.2020 23:30",
            "open": "0.1786",
            "high": "0.1791",
            "low": "0.178",
            "close": "0.1795"
        },
        {
            "time": "20.12.2020 23:31",
            "open": "0.1795",
            "high": "0.1795",
            "low": "0.1771",
            "close": "0.1789"
        },
        {
            "time": "20.12.2020 23:32",
            "open": "0.1789",
            "high": "0.1792",
            "low": "0.1789",
            "close": "0.1787"
        },
        {
            "time": "20.12.2020 23:33",
            "open": "0.1787",
            "high": "0.18",
            "low": "0.1756",
            "close": "0.1798"
        },
        {
            "time": "20.12.2020 23:34",
            "open": "0.1798",
            "high": "0.183",
            "low": "0.176",
            "close": "0.1835"
        },
        {
            "time": "20.12.2020 23:35",
            "open": "0.1835",
            "high": "0.193",
            "low": "0.1798",
            "close": "0.1922"
        },
        {
            "time": "20.12.2020 23:36",
            "open": "0.1922",
            "high": "0.195",
            "low": "0.1806",
            "close": "0.1893"
        },
        {
            "time": "20.12.2020 23:37",
            "open": "0.1893",
            "high": "0.1994",
            "low": "0.1893",
            "close": "0.19"
        },
        {
            "time": "20.12.2020 23:38",
            "open": "0.19",
            "high": "0.1985",
            "low": "0.1885",
            "close": "0.192"
        },
        {
            "time": "20.12.2020 23:39",
            "open": "0.192",
            "high": "0.195",
            "low": "0.1888",
            "close": "0.1907"
        },
        {
            "time": "20.12.2020 23:40",
            "open": "0.1907",
            "high": "0.1959",
            "low": "0.1896",
            "close": "0.1937"
        },
        {
            "time": "20.12.2020 23:41",
            "open": "0.1937",
            "high": "0.1999",
            "low": "0.1893",
            "close": "0.1998"
        },
        {
            "time": "20.12.2020 23:42",
            "open": "0.1998",
            "high": "0.201",
            "low": "0.1967",
            "close": "0.2"
        },
        {
            "time": "20.12.2020 23:43",
            "open": "0.2",
            "high": "0.208",
            "low": "0.2",
            "close": "0.207"
        },
        {
            "time": "20.12.2020 23:44",
            "open": "0.207",
            "high": "0.21",
            "low": "0.2045",
            "close": "0.2099"
        },
        {
            "time": "20.12.2020 23:45",
            "open": "0.2099",
            "high": "0.2238",
            "low": "0.2089",
            "close": "0.2187"
        },
        {
            "time": "20.12.2020 23:46",
            "open": "0.2187",
            "high": "0.2228",
            "low": "0.189",
            "close": "0.1892"
        },
        {
            "time": "20.12.2020 23:47",
            "open": "0.1892",
            "high": "0.2106",
            "low": "0.1888",
            "close": "0.2037"
        },
        {
            "time": "20.12.2020 23:48",
            "open": "0.2037",
            "high": "0.2165",
            "low": "0.1977",
            "close": "0.2162"
        },
        {
            "time": "20.12.2020 23:49",
            "open": "0.2162",
            "high": "0.2162",
            "low": "0.205",
            "close": "0.2092"
        },
        {
            "time": "20.12.2020 23:50",
            "open": "0.2092",
            "high": "0.2134",
            "low": "0.2057",
            "close": "0.2081"
        },
        {
            "time": "20.12.2020 23:51",
            "open": "0.2081",
            "high": "0.2102",
            "low": "0.2076",
            "close": "0.2081"
        },
        {
            "time": "20.12.2020 23:52",
            "open": "0.2081",
            "high": "0.2085",
            "low": "0.2001",
            "close": "0.2046"
        },
        {
            "time": "20.12.2020 23:53",
            "open": "0.2046",
            "high": "0.2047",
            "low": "0.2",
            "close": "0.202"
        },
        {
            "time": "20.12.2020 23:54",
            "open": "0.202",
            "high": "0.203",
            "low": "0.1925",
            "close": "0.192"
        },
        {
            "time": "20.12.2020 23:55",
            "open": "0.192",
            "high": "0.1999",
            "low": "0.1908",
            "close": "0.1951"
        },
        {
            "time": "20.12.2020 23:56",
            "open": "0.1951",
            "high": "0.1966",
            "low": "0.1908",
            "close": "0.1908"
        },
        {
            "time": "20.12.2020 23:57",
            "open": "0.1908",
            "high": "0.1941",
            "low": "0.1806",
            "close": "0.1806"
        },
        {
            "time": "20.12.2020 23:58",
            "open": "0.1806",
            "high": "0.1863",
            "low": "0.1772",
            "close": "0.1847"
        }
    ]
}