{
    "NU-EUR": [
        {
            "time": "22.07.2021 23:57",
            "open": "0.1613",
            "high": "0.1613",
            "low": "0.1613",
            "close": "0.1619"
        },
        {
            "time": "23.07.2021 00:00",
            "open": "0.1619",
            "high": "0.1619",
            "low": "0.1619",
            "close": "0.1627"
        },
        {
            "time": "23.07.2021 00:01",
            "open": "0.1627",
            "high": "0.1631",
            "low": "0.1627",
            "close": "0.1631"
        },
        {
            "time": "23.07.2021 00:02",
            "open": "0.1631",
            "high": "0.1634",
            "low": "0.1631",
            "close": "0.1632"
        },
        {
            "time": "23.07.2021 00:03",
            "open": "0.1632",
            "high": "0.1639",
            "low": "0.1632",
            "close": "0.1638"
        },
        {
            "time": "23.07.2021 00:04",
            "open": "0.1638",
            "high": "0.1638",
            "low": "0.1638",
            "close": "0.1639"
        },
        {
            "time": "23.07.2021 00:05",
            "open": "0.1639",
            "high": "0.1659",
            "low": "0.1639",
            "close": "0.1659"
        },
        {
            "time": "23.07.2021 00:06",
            "open": "0.1659",
            "high": "0.166",
            "low": "0.1651",
            "close": "0.165"
        },
        {
            "time": "23.07.2021 00:07",
            "open": "0.165",
            "high": "0.1651",
            "low": "0.1647",
            "close": "0.1647"
        },
        {
            "time": "23.07.2021 00:09",
            "open": "0.1647",
            "high": "0.1647",
            "low": "0.1647",
            "close": "0.1647"
        },
        {
            "time": "23.07.2021 00:11",
            "open": "0.1647",
            "high": "0.1647",
            "low": "0.1647",
            "close": "0.1647"
        },
        {
            "time": "23.07.2021 00:13",
            "open": "0.1647",
            "high": "0.1647",
            "low": "0.1647",
            "close": "0.165"
        },
        {
            "time": "23.07.2021 00:15",
            "open": "0.165",
            "high": "0.1654",
            "low": "0.165",
            "close": "0.165"
        },
        {
            "time": "23.07.2021 00:16",
            "open": "0.165",
            "high": "0.165",
            "low": "0.1648",
            "close": "0.165"
        },
        {
            "time": "23.07.2021 00:17",
            "open": "0.165",
            "high": "0.165",
            "low": "0.1649",
            "close": "0.1649"
        },
        {
            "time": "23.07.2021 00:18",
            "open": "0.1649",
            "high": "0.165",
            "low": "0.1639",
            "close": "0.1638"
        },
        {
            "time": "23.07.2021 00:21",
            "open": "0.1638",
            "high": "0.1639",
            "low": "0.1638",
            "close": "0.1639"
        },
        {
            "time": "23.07.2021 00:22",
            "open": "0.1639",
            "high": "0.1639",
            "low": "0.1636",
            "close": "0.1632"
        },
        {
            "time": "23.07.2021 00:23",
            "open": "0.1632",
            "high": "0.1632",
            "low": "0.1631",
            "close": "0.1633"
        },
        {
            "time": "23.07.2021 00:24",
            "open": "0.1633",
            "high": "0.1633",
            "low": "0.1633",
            "close": "0.1628"
        },
        {
            "time": "23.07.2021 00:27",
            "open": "0.1628",
            "high": "0.1628",
            "low": "0.1626",
            "close": "0.1624"
        },
        {
            "time": "23.07.2021 00:28",
            "open": "0.1624",
            "high": "0.1624",
            "low": "0.1624",
            "close": "0.1627"
        },
        {
            "time": "23.07.2021 00:36",
            "open": "0.1627",
            "high": "0.164",
            "low": "0.1627",
            "close": "0.1636"
        },
        {
            "time": "23.07.2021 00:37",
            "open": "0.1636",
            "high": "0.1636",
            "low": "0.1636",
            "close": "0.1638"
        },
        {
            "time": "23.07.2021 00:41",
            "open": "0.1638",
            "high": "0.1638",
            "low": "0.1638",
            "close": "0.1638"
        },
        {
            "time": "23.07.2021 00:42",
            "open": "0.1638",
            "high": "0.1638",
            "low": "0.1638",
            "close": "0.1636"
        },
        {
            "time": "23.07.2021 00:45",
            "open": "0.1636",
            "high": "0.1637",
            "low": "0.1636",
            "close": "0.1636"
        },
        {
            "time": "23.07.2021 00:47",
            "open": "0.1636",
            "high": "0.1636",
            "low": "0.1636",
            "close": "0.1636"
        },
        {
            "time": "23.07.2021 00:54",
            "open": "0.1636",
            "high": "0.1637",
            "low": "0.1636",
            "close": "0.1636"
        },
        {
            "time": "23.07.2021 00:55",
            "open": "0.1636",
            "high": "0.1636",
            "low": "0.1636",
            "close": "0.1633"
        },
        {
            "time": "23.07.2021 00:56",
            "open": "0.1633",
            "high": "0.1633",
            "low": "0.1631",
            "close": "0.1627"
        },
        {
            "time": "23.07.2021 01:00",
            "open": "0.1627",
            "high": "0.1627",
            "low": "0.1627",
            "close": "0.1627"
        },
        {
            "time": "23.07.2021 01:02",
            "open": "0.1627",
            "high": "0.1629",
            "low": "0.1627",
            "close": "0.1631"
        },
        {
            "time": "23.07.2021 01:04",
            "open": "0.1631",
            "high": "0.1633",
            "low": "0.1631",
            "close": "0.1638"
        },
        {
            "time": "23.07.2021 01:07",
            "open": "0.1638",
            "high": "0.1638",
            "low": "0.1638",
            "close": "0.1638"
        },
        {
            "time": "23.07.2021 01:11",
            "open": "0.1637",
            "high": "0.1637",
            "low": "0.1637",
            "close": "0.1647"
        },
        {
            "time": "23.07.2021 01:23",
            "open": "0.1647",
            "high": "0.1649",
            "low": "0.1647",
            "close": "0.165"
        },
        {
            "time": "23.07.2021 01:25",
            "open": "0.165",
            "high": "0.165",
            "low": "0.165",
            "close": "0.1652"
        },
        {
            "time": "23.07.2021 01:31",
            "open": "0.1652",
            "high": "0.1652",
            "low": "0.1652",
            "close": "0.165"
        },
        {
            "time": "23.07.2021 01:32",
            "open": "0.165",
            "high": "0.165",
            "low": "0.1648",
            "close": "0.1644"
        },
        {
            "time": "23.07.2021 01:42",
            "open": "0.1644",
            "high": "0.1644",
            "low": "0.1642",
            "close": "0.1642"
        },
        {
            "time": "23.07.2021 01:43",
            "open": "0.1642",
            "high": "0.1642",
            "low": "0.1642",
            "close": "0.1641"
        },
        {
            "time": "23.07.2021 01:44",
            "open": "0.1641",
            "high": "0.1641",
            "low": "0.1639",
            "close": "0.1636"
        },
        {
            "time": "23.07.2021 01:45",
            "open": "0.1636",
            "high": "0.1636",
            "low": "0.1636",
            "close": "0.1635"
        },
        {
            "time": "23.07.2021 01:47",
            "open": "0.1635",
            "high": "0.1635",
            "low": "0.1635",
            "close": "0.1636"
        },
        {
            "time": "23.07.2021 01:51",
            "open": "0.1636",
            "high": "0.1636",
            "low": "0.1636",
            "close": "0.1636"
        },
        {
            "time": "23.07.2021 01:55",
            "open": "0.1636",
            "high": "0.1636",
            "low": "0.1636",
            "close": "0.1633"
        },
        {
            "time": "23.07.2021 01:57",
            "open": "0.1629",
            "high": "0.1634",
            "low": "0.1628",
            "close": "0.163"
        },
        {
            "time": "23.07.2021 01:59",
            "open": "0.163",
            "high": "0.163",
            "low": "0.163",
            "close": "0.1633"
        },
        {
            "time": "23.07.2021 02:01",
            "open": "0.1633",
            "high": "0.1633",
            "low": "0.1633",
            "close": "0.1633"
        },
        {
            "time": "23.07.2021 02:20",
            "open": "0.1633",
            "high": "0.1633",
            "low": "0.1632",
            "close": "0.1635"
        },
        {
            "time": "23.07.2021 02:23",
            "open": "0.1635",
            "high": "0.1635",
            "low": "0.1635",
            "close": "0.1636"
        },
        {
            "time": "23.07.2021 02:24",
            "open": "0.1636",
            "high": "0.1636",
            "low": "0.1636",
            "close": "0.1634"
        },
        {
            "time": "23.07.2021 02:26",
            "open": "0.1634",
            "high": "0.1634",
            "low": "0.1633",
            "close": "0.1635"
        },
        {
            "time": "23.07.2021 02:41",
            "open": "0.1635",
            "high": "0.1641",
            "low": "0.1635",
            "close": "0.1639"
        },
        {
            "time": "23.07.2021 02:42",
            "open": "0.1639",
            "high": "0.166",
            "low": "0.1639",
            "close": "0.1652"
        },
        {
            "time": "23.07.2021 02:43",
            "open": "0.1652",
            "high": "0.1652",
            "low": "0.1646",
            "close": "0.1656"
        },
        {
            "time": "23.07.2021 03:09",
            "open": "0.1656",
            "high": "0.1658",
            "low": "0.1656",
            "close": "0.1657"
        },
        {
            "time": "23.07.2021 03:10",
            "open": "0.1657",
            "high": "0.1657",
            "low": "0.1657",
            "close": "0.1658"
        },
        {
            "time": "23.07.2021 03:16",
            "open": "0.1658",
            "high": "0.1658",
            "low": "0.1651",
            "close": "0.1658"
        },
        {
            "time": "23.07.2021 03:23",
            "open": "0.1658",
            "high": "0.1664",
            "low": "0.1658",
            "close": "0.1666"
        },
        {
            "time": "23.07.2021 03:27",
            "open": "0.1666",
            "high": "0.1666",
            "low": "0.1664",
            "close": "0.1668"
        },
        {
            "time": "23.07.2021 03:30",
            "open": "0.1668",
            "high": "0.1669",
            "low": "0.1668",
            "close": "0.167"
        },
        {
            "time": "23.07.2021 03:32",
            "open": "0.167",
            "high": "0.167",
            "low": "0.167",
            "close": "0.1673"
        },
        {
            "time": "23.07.2021 03:37",
            "open": "0.1673",
            "high": "0.1677",
            "low": "0.1673",
            "close": "0.168"
        },
        {
            "time": "23.07.2021 03:38",
            "open": "0.168",
            "high": "0.1682",
            "low": "0.168",
            "close": "0.1674"
        },
        {
            "time": "23.07.2021 03:40",
            "open": "0.1674",
            "high": "0.1675",
            "low": "0.1674",
            "close": "0.1676"
        },
        {
            "time": "23.07.2021 03:43",
            "open": "0.1676",
            "high": "0.1676",
            "low": "0.1676",
            "close": "0.1678"
        },
        {
            "time": "23.07.2021 03:44",
            "open": "0.1678",
            "high": "0.1679",
            "low": "0.1678",
            "close": "0.1683"
        },
        {
            "time": "23.07.2021 03:46",
            "open": "0.1683",
            "high": "0.1686",
            "low": "0.1666",
            "close": "0.1663"
        },
        {
            "time": "23.07.2021 03:47",
            "open": "0.1663",
            "high": "0.1667",
            "low": "0.1662",
            "close": "0.166"
        },
        {
            "time": "23.07.2021 03:48",
            "open": "0.166",
            "high": "0.166",
            "low": "0.1659",
            "close": "0.1661"
        },
        {
            "time": "23.07.2021 03:51",
            "open": "0.1661",
            "high": "0.1675",
            "low": "0.1661",
            "close": "0.1673"
        },
        {
            "time": "23.07.2021 03:52",
            "open": "0.1673",
            "high": "0.1685",
            "low": "0.1673",
            "close": "0.1684"
        },
        {
            "time": "23.07.2021 03:53",
            "open": "0.1684",
            "high": "0.1684",
            "low": "0.1681",
            "close": "0.1683"
        },
        {
            "time": "23.07.2021 03:56",
            "open": "0.1683",
            "high": "0.1683",
            "low": "0.1683",
            "close": "0.1677"
        },
        {
            "time": "23.07.2021 03:59",
            "open": "0.1677",
            "high": "0.1677",
            "low": "0.1677",
            "close": "0.1677"
        },
        {
            "time": "23.07.2021 04:00",
            "open": "0.1677",
            "high": "0.1677",
            "low": "0.1673",
            "close": "0.1673"
        },
        {
            "time": "23.07.2021 04:02",
            "open": "0.1673",
            "high": "0.1676",
            "low": "0.1673",
            "close": "0.1673"
        },
        {
            "time": "23.07.2021 04:06",
            "open": "0.1675",
            "high": "0.1675",
            "low": "0.1675",
            "close": "0.1675"
        },
        {
            "time": "23.07.2021 04:10",
            "open": "0.1675",
            "high": "0.1678",
            "low": "0.1675",
            "close": "0.1676"
        },
        {
            "time": "23.07.2021 04:13",
            "open": "0.1676",
            "high": "0.1676",
            "low": "0.1675",
            "close": "0.1684"
        },
        {
            "time": "23.07.2021 04:19",
            "open": "0.1684",
            "high": "0.1687",
            "low": "0.1684",
            "close": "0.1684"
        },
        {
            "time": "23.07.2021 04:21",
            "open": "0.1684",
            "high": "0.1684",
            "low": "0.1684",
            "close": "0.1684"
        },
        {
            "time": "23.07.2021 04:22",
            "open": "0.1684",
            "high": "0.1684",
            "low": "0.1681",
            "close": "0.1684"
        },
        {
            "time": "23.07.2021 04:24",
            "open": "0.1684",
            "high": "0.1684",
            "low": "0.1682",
            "close": "0.1684"
        },
        {
            "time": "23.07.2021 04:25",
            "open": "0.1684",
            "high": "0.1684",
            "low": "0.1681",
            "close": "0.1683"
        },
        {
            "time": "23.07.2021 04:26",
            "open": "0.1683",
            "high": "0.1683",
            "low": "0.167",
            "close": "0.1673"
        },
        {
            "time": "23.07.2021 04:27",
            "open": "0.1673",
            "high": "0.1673",
            "low": "0.1668",
            "close": "0.1671"
        },
        {
            "time": "23.07.2021 04:28",
            "open": "0.1671",
            "high": "0.1673",
            "low": "0.1665",
            "close": "0.1666"
        },
        {
            "time": "23.07.2021 04:29",
            "open": "0.1666",
            "high": "0.1666",
            "low": "0.1662",
            "close": "0.1669"
        },
        {
            "time": "23.07.2021 04:30",
            "open": "0.1669",
            "high": "0.1677",
            "low": "0.1665",
            "close": "0.1665"
        },
        {
            "time": "23.07.2021 04:31",
            "open": "0.1665",
            "high": "0.1665",
            "low": "0.1664",
            "close": "0.1664"
        },
        {
            "time": "23.07.2021 04:32",
            "open": "0.1664",
            "high": "0.1664",
            "low": "0.1664",
            "close": "0.1665"
        },
        {
            "time": "23.07.2021 04:33",
            "open": "0.1665",
            "high": "0.1666",
            "low": "0.1664",
            "close": "0.1665"
        },
        {
            "time": "23.07.2021 04:36",
            "open": "0.1665",
            "high": "0.1675",
            "low": "0.1665",
            "close": "0.1671"
        },
        {
            "time": "23.07.2021 04:38",
            "open": "0.1671",
            "high": "0.1671",
            "low": "0.167",
            "close": "0.1667"
        },
        {
            "time": "23.07.2021 04:40",
            "open": "0.1667",
            "high": "0.1671",
            "low": "0.1667",
            "close": "0.1674"
        },
        {
            "time": "23.07.2021 04:41",
            "open": "0.1674",
            "high": "0.168",
            "low": "0.1673",
            "close": "0.1665"
        },
        {
            "time": "23.07.2021 04:43",
            "open": "0.1665",
            "high": "0.1665",
            "low": "0.1662",
            "close": "0.1661"
        },
        {
            "time": "23.07.2021 04:44",
            "open": "0.1661",
            "high": "0.1661",
            "low": "0.1661",
            "close": "0.1661"
        },
        {
            "time": "23.07.2021 04:45",
            "open": "0.1661",
            "high": "0.1679",
            "low": "0.1661",
            "close": "0.1673"
        },
        {
            "time": "23.07.2021 04:46",
            "open": "0.1673",
            "high": "0.1677",
            "low": "0.1669",
            "close": "0.1673"
        },
        {
            "time": "23.07.2021 04:47",
            "open": "0.1673",
            "high": "0.1677",
            "low": "0.1673",
            "close": "0.1677"
        },
        {
            "time": "23.07.2021 04:48",
            "open": "0.1677",
            "high": "0.1682",
            "low": "0.1673",
            "close": "0.168"
        },
        {
            "time": "23.07.2021 04:49",
            "open": "0.168",
            "high": "0.1688",
            "low": "0.1676",
            "close": "0.168"
        },
        {
            "time": "23.07.2021 04:50",
            "open": "0.168",
            "high": "0.1684",
            "low": "0.168",
            "close": "0.1681"
        },
        {
            "time": "23.07.2021 04:52",
            "open": "0.1681",
            "high": "0.1681",
            "low": "0.1681",
            "close": "0.1681"
        },
        {
            "time": "23.07.2021 04:54",
            "open": "0.1681",
            "high": "0.1681",
            "low": "0.1681",
            "close": "0.168"
        },
        {
            "time": "23.07.2021 04:55",
            "open": "0.168",
            "high": "0.168",
            "low": "0.168",
            "close": "0.1682"
        },
        {
            "time": "23.07.2021 04:56",
            "open": "0.1682",
            "high": "0.1688",
            "low": "0.1682",
            "close": "0.1689"
        },
        {
            "time": "23.07.2021 04:57",
            "open": "0.1689",
            "high": "0.1689",
            "low": "0.1684",
            "close": "0.1687"
        },
        {
            "time": "23.07.2021 04:59",
            "open": "0.1687",
            "high": "0.1687",
            "low": "0.1687",
            "close": "0.1688"
        },
        {
            "time": "23.07.2021 05:00",
            "open": "0.1688",
            "high": "0.1688",
            "low": "0.1688",
            "close": "0.1684"
        },
        {
            "time": "23.07.2021 05:01",
            "open": "0.1684",
            "high": "0.1687",
            "low": "0.1683",
            "close": "0.1685"
        },
        {
            "time": "23.07.2021 05:03",
            "open": "0.1685",
            "high": "0.1688",
            "low": "0.1685",
            "close": "0.1686"
        },
        {
            "time": "23.07.2021 05:04",
            "open": "0.1686",
            "high": "0.1688",
            "low": "0.1685",
            "close": "0.1686"
        },
        {
            "time": "23.07.2021 05:05",
            "open": "0.1686",
            "high": "0.1688",
            "low": "0.1686",
            "close": "0.1685"
        },
        {
            "time": "23.07.2021 05:07",
            "open": "0.1685",
            "high": "0.1685",
            "low": "0.1685",
            "close": "0.1687"
        },
        {
            "time": "23.07.2021 05:09",
            "open": "0.1687",
            "high": "0.1688",
            "low": "0.1687",
            "close": "0.1684"
        },
        {
            "time": "23.07.2021 05:12",
            "open": "0.1684",
            "high": "0.1684",
            "low": "0.1683",
            "close": "0.1683"
        },
        {
            "time": "23.07.2021 05:14",
            "open": "0.1683",
            "high": "0.1683",
            "low": "0.168",
            "close": "0.1679"
        },
        {
            "time": "23.07.2021 05:15",
            "open": "0.1679",
            "high": "0.1679",
            "low": "0.1671",
            "close": "0.167"
        },
        {
            "time": "23.07.2021 05:16",
            "open": "0.167",
            "high": "0.167",
            "low": "0.167",
            "close": "0.1666"
        },
        {
            "time": "23.07.2021 05:24",
            "open": "0.1666",
            "high": "0.1666",
            "low": "0.1666",
            "close": "0.1666"
        },
        {
            "time": "23.07.2021 05:25",
            "open": "0.1666",
            "high": "0.1667",
            "low": "0.1666",
            "close": "0.1659"
        },
        {
            "time": "23.07.2021 05:27",
            "open": "0.1659",
            "high": "0.1659",
            "low": "0.1659",
            "close": "0.1659"
        },
        {
            "time": "23.07.2021 05:31",
            "open": "0.1659",
            "high": "0.1673",
            "low": "0.1659",
            "close": "0.1669"
        },
        {
            "time": "23.07.2021 05:32",
            "open": "0.1669",
            "high": "0.1669",
            "low": "0.1668",
            "close": "0.1671"
        },
        {
            "time": "23.07.2021 05:33",
            "open": "0.1671",
            "high": "0.1681",
            "low": "0.1671",
            "close": "0.1683"
        },
        {
            "time": "23.07.2021 05:34",
            "open": "0.1683",
            "high": "0.1683",
            "low": "0.1683",
            "close": "0.1684"
        },
        {
            "time": "23.07.2021 05:35",
            "open": "0.1684",
            "high": "0.1686",
            "low": "0.1684",
            "close": "0.1685"
        },
        {
            "time": "23.07.2021 05:36",
            "open": "0.1685",
            "high": "0.1685",
            "low": "0.1685",
            "close": "0.1685"
        },
        {
            "time": "23.07.2021 05:37",
            "open": "0.1685",
            "high": "0.1685",
            "low": "0.167",
            "close": "0.1669"
        },
        {
            "time": "23.07.2021 05:47",
            "open": "0.1669",
            "high": "0.1669",
            "low": "0.1669",
            "close": "0.1667"
        },
        {
            "time": "23.07.2021 06:01",
            "open": "0.1667",
            "high": "0.1667",
            "low": "0.1667",
            "close": "0.1665"
        },
        {
            "time": "23.07.2021 06:03",
            "open": "0.1665",
            "high": "0.1665",
            "low": "0.1665",
            "close": "0.1661"
        },
        {
            "time": "23.07.2021 06:06",
            "open": "0.1661",
            "high": "0.1662",
            "low": "0.1661",
            "close": "0.166"
        },
        {
            "time": "23.07.2021 06:09",
            "open": "0.166",
            "high": "0.1661",
            "low": "0.166",
            "close": "0.1666"
        },
        {
            "time": "23.07.2021 06:14",
            "open": "0.1666",
            "high": "0.1668",
            "low": "0.1666",
            "close": "0.1662"
        },
        {
            "time": "23.07.2021 06:19",
            "open": "0.1662",
            "high": "0.167",
            "low": "0.1662",
            "close": "0.1669"
        },
        {
            "time": "23.07.2021 06:20",
            "open": "0.1669",
            "high": "0.1669",
            "low": "0.1669",
            "close": "0.1665"
        },
        {
            "time": "23.07.2021 06:21",
            "open": "0.1665",
            "high": "0.1665",
            "low": "0.1665",
            "close": "0.1666"
        },
        {
            "time": "23.07.2021 06:22",
            "open": "0.1666",
            "high": "0.1668",
            "low": "0.1666",
            "close": "0.1666"
        },
        {
            "time": "23.07.2021 06:26",
            "open": "0.1666",
            "high": "0.1666",
            "low": "0.1666",
            "close": "0.1663"
        },
        {
            "time": "23.07.2021 06:40",
            "open": "0.1663",
            "high": "0.1663",
            "low": "0.1662",
            "close": "0.1661"
        },
        {
            "time": "23.07.2021 06:42",
            "open": "0.1661",
            "high": "0.1668",
            "low": "0.1661",
            "close": "0.1669"
        },
        {
            "time": "23.07.2021 06:43",
            "open": "0.1669",
            "high": "0.1669",
            "low": "0.1669",
            "close": "0.1666"
        },
        {
            "time": "23.07.2021 06:44",
            "open": "0.1666",
            "high": "0.1666",
            "low": "0.1663",
            "close": "0.1664"
        },
        {
            "time": "23.07.2021 06:52",
            "open": "0.1664",
            "high": "0.1664",
            "low": "0.1658",
            "close": "0.1657"
        },
        {
            "time": "23.07.2021 06:53",
            "open": "0.1657",
            "high": "0.1657",
            "low": "0.1657",
            "close": "0.1658"
        },
        {
            "time": "23.07.2021 06:55",
            "open": "0.1658",
            "high": "0.1658",
            "low": "0.1658",
            "close": "0.1661"
        },
        {
            "time": "23.07.2021 06:58",
            "open": "0.1661",
            "high": "0.1662",
            "low": "0.1661",
            "close": "0.1661"
        },
        {
            "time": "23.07.2021 07:01",
            "open": "0.1661",
            "high": "0.1661",
            "low": "0.1661",
            "close": "0.1659"
        },
        {
            "time": "23.07.2021 07:17",
            "open": "0.1659",
            "high": "0.1659",
            "low": "0.1658",
            "close": "0.166"
        },
        {
            "time": "23.07.2021 07:21",
            "open": "0.166",
            "high": "0.1663",
            "low": "0.166",
            "close": "0.1663"
        },
        {
            "time": "23.07.2021 07:27",
            "open": "0.1663",
            "high": "0.1663",
            "low": "0.1663",
            "close": "0.166"
        },
        {
            "time": "23.07.2021 07:28",
            "open": "0.166",
            "high": "0.166",
            "low": "0.166",
            "close": "0.1662"
        },
        {
            "time": "23.07.2021 07:30",
            "open": "0.1662",
            "high": "0.1662",
            "low": "0.1662",
            "close": "0.1666"
        },
        {
            "time": "23.07.2021 07:34",
            "open": "0.1666",
            "high": "0.1667",
            "low": "0.1666",
            "close": "0.167"
        },
        {
            "time": "23.07.2021 07:37",
            "open": "0.167",
            "high": "0.1674",
            "low": "0.167",
            "close": "0.1671"
        },
        {
            "time": "23.07.2021 07:38",
            "open": "0.1671",
            "high": "0.1671",
            "low": "0.1671",
            "close": "0.1667"
        },
        {
            "time": "23.07.2021 07:41",
            "open": "0.1667",
            "high": "0.1667",
            "low": "0.1665",
            "close": "0.1658"
        },
        {
            "time": "23.07.2021 07:49",
            "open": "0.1658",
            "high": "0.1658",
            "low": "0.1658",
            "close": "0.1664"
        },
        {
            "time": "23.07.2021 07:51",
            "open": "0.1664",
            "high": "0.1664",
            "low": "0.1664",
            "close": "0.1666"
        },
        {
            "time": "23.07.2021 07:53",
            "open": "0.1666",
            "high": "0.1667",
            "low": "0.1666",
            "close": "0.1667"
        },
        {
            "time": "23.07.2021 07:59",
            "open": "0.1667",
            "high": "0.1668",
            "low": "0.1662",
            "close": "0.1659"
        },
        {
            "time": "23.07.2021 08:06",
            "open": "0.1659",
            "high": "0.1659",
            "low": "0.1659",
            "close": "0.1658"
        },
        {
            "time": "23.07.2021 08:13",
            "open": "0.1658",
            "high": "0.1658",
            "low": "0.1658",
            "close": "0.1657"
        },
        {
            "time": "23.07.2021 08:22",
            "open": "0.1657",
            "high": "0.1657",
            "low": "0.1657",
            "close": "0.1659"
        },
        {
            "time": "23.07.2021 08:24",
            "open": "0.1659",
            "high": "0.1659",
            "low": "0.1659",
            "close": "0.166"
        },
        {
            "time": "23.07.2021 08:33",
            "open": "0.166",
            "high": "0.166",
            "low": "0.1656",
            "close": "0.166"
        },
        {
            "time": "23.07.2021 08:42",
            "open": "0.166",
            "high": "0.1672",
            "low": "0.166",
            "close": "0.1674"
        },
        {
            "time": "23.07.2021 08:43",
            "open": "0.1674",
            "high": "0.1691",
            "low": "0.1674",
            "close": "0.1683"
        },
        {
            "time": "23.07.2021 08:44",
            "open": "0.1683",
            "high": "0.1691",
            "low": "0.1679",
            "close": "0.1679"
        },
        {
            "time": "23.07.2021 08:45",
            "open": "0.1679",
            "high": "0.1679",
            "low": "0.1678",
            "close": "0.1679"
        },
        {
            "time": "23.07.2021 08:46",
            "open": "0.1679",
            "high": "0.1679",
            "low": "0.1679",
            "close": "0.1678"
        },
        {
            "time": "23.07.2021 08:47",
            "open": "0.1678",
            "high": "0.1678",
            "low": "0.1678",
            "close": "0.1677"
        },
        {
            "time": "23.07.2021 08:48",
            "open": "0.1677",
            "high": "0.1677",
            "low": "0.1677",
            "close": "0.1679"
        },
        {
            "time": "23.07.2021 08:49",
            "open": "0.1679",
            "high": "0.1679",
            "low": "0.1679",
            "close": "0.1675"
        },
        {
            "time": "23.07.2021 08:50",
            "open": "0.1675",
            "high": "0.1675",
            "low": "0.1675",
            "close": "0.1678"
        },
        {
            "time": "23.07.2021 08:53",
            "open": "0.1678",
            "high": "0.1678",
            "low": "0.1678",
            "close": "0.1677"
        },
        {
            "time": "23.07.2021 08:58",
            "open": "0.1677",
            "high": "0.1678",
            "low": "0.1677",
            "close": "0.1677"
        },
        {
            "time": "23.07.2021 09:01",
            "open": "0.1677",
            "high": "0.1677",
            "low": "0.1677",
            "close": "0.1678"
        },
        {
            "time": "23.07.2021 09:02",
            "open": "0.1678",
            "high": "0.1678",
            "low": "0.1678",
            "close": "0.1667"
        },
        {
            "time": "23.07.2021 09:08",
            "open": "0.1667",
            "high": "0.1667",
            "low": "0.1661",
            "close": "0.1662"
        },
        {
            "time": "23.07.2021 09:09",
            "open": "0.1662",
            "high": "0.1662",
            "low": "0.1661",
            "close": "0.1665"
        },
        {
            "time": "23.07.2021 09:12",
            "open": "0.1665",
            "high": "0.1679",
            "low": "0.1664",
            "close": "0.1674"
        },
        {
            "time": "23.07.2021 09:13",
            "open": "0.1674",
            "high": "0.1674",
            "low": "0.1669",
            "close": "0.1661"
        },
        {
            "time": "23.07.2021 09:30",
            "open": "0.1661",
            "high": "0.1662",
            "low": "0.1661",
            "close": "0.1663"
        },
        {
            "time": "23.07.2021 09:32",
            "open": "0.1663",
            "high": "0.1665",
            "low": "0.166",
            "close": "0.1663"
        },
        {
            "time": "23.07.2021 09:40",
            "open": "0.1663",
            "high": "0.1664",
            "low": "0.1663",
            "close": "0.1661"
        },
        {
            "time": "23.07.2021 09:50",
            "open": "0.1661",
            "high": "0.1662",
            "low": "0.1661",
            "close": "0.1662"
        },
        {
            "time": "23.07.2021 09:51",
            "open": "0.1662",
            "high": "0.1662",
            "low": "0.1661",
            "close": "0.1662"
        },
        {
            "time": "23.07.2021 09:52",
            "open": "0.1662",
            "high": "0.1664",
            "low": "0.1662",
            "close": "0.1661"
        },
        {
            "time": "23.07.2021 09:56",
            "open": "0.1661",
            "high": "0.1661",
            "low": "0.1661",
            "close": "0.1661"
        },
        {
            "time": "23.07.2021 09:59",
            "open": "0.1661",
            "high": "0.1661",
            "low": "0.1661",
            "close": "0.1662"
        },
        {
            "time": "23.07.2021 10:00",
            "open": "0.1662",
            "high": "0.1663",
            "low": "0.1662",
            "close": "0.1661"
        },
        {
            "time": "23.07.2021 10:01",
            "open": "0.1661",
            "high": "0.1661",
            "low": "0.166",
            "close": "0.166"
        },
        {
            "time": "23.07.2021 10:02",
            "open": "0.166",
            "high": "0.166",
            "low": "0.1658",
            "close": "0.1658"
        },
        {
            "time": "23.07.2021 10:03",
            "open": "0.1658",
            "high": "0.1662",
            "low": "0.1658",
            "close": "0.1663"
        },
        {
            "time": "23.07.2021 10:06",
            "open": "0.1663",
            "high": "0.1663",
            "low": "0.1662",
            "close": "0.1657"
        },
        {
            "time": "23.07.2021 10:15",
            "open": "0.1657",
            "high": "0.1657",
            "low": "0.1657",
            "close": "0.1654"
        },
        {
            "time": "23.07.2021 10:17",
            "open": "0.1654",
            "high": "0.1654",
            "low": "0.1651",
            "close": "0.1651"
        },
        {
            "time": "23.07.2021 10:18",
            "open": "0.1651",
            "high": "0.1651",
            "low": "0.1651",
            "close": "0.1648"
        },
        {
            "time": "23.07.2021 10:19",
            "open": "0.1648",
            "high": "0.1648",
            "low": "0.1646",
            "close": "0.164"
        },
        {
            "time": "23.07.2021 10:25",
            "open": "0.164",
            "high": "0.164",
            "low": "0.164",
            "close": "0.164"
        },
        {
            "time": "23.07.2021 10:31",
            "open": "0.164",
            "high": "0.164",
            "low": "0.164",
            "close": "0.1639"
        },
        {
            "time": "23.07.2021 10:32",
            "open": "0.1639",
            "high": "0.1639",
            "low": "0.1639",
            "close": "0.1639"
        },
        {
            "time": "23.07.2021 10:38",
            "open": "0.1639",
            "high": "0.1639",
            "low": "0.1637",
            "close": "0.1636"
        },
        {
            "time": "23.07.2021 10:42",
            "open": "0.1636",
            "high": "0.1637",
            "low": "0.1636",
            "close": "0.1635"
        },
        {
            "time": "23.07.2021 10:55",
            "open": "0.1635",
            "high": "0.1635",
            "low": "0.1634",
            "close": "0.1633"
        },
        {
            "time": "23.07.2021 10:56",
            "open": "0.1633",
            "high": "0.1638",
            "low": "0.1632",
            "close": "0.163"
        },
        {
            "time": "23.07.2021 10:58",
            "open": "0.163",
            "high": "0.163",
            "low": "0.163",
            "close": "0.1631"
        },
        {
            "time": "23.07.2021 10:59",
            "open": "0.1631",
            "high": "0.1633",
            "low": "0.1631",
            "close": "0.1633"
        },
        {
            "time": "23.07.2021 11:01",
            "open": "0.1633",
            "high": "0.1633",
            "low": "0.1631",
            "close": "0.1628"
        },
        {
            "time": "23.07.2021 11:05",
            "open": "0.1628",
            "high": "0.1632",
            "low": "0.1626",
            "close": "0.1629"
        },
        {
            "time": "23.07.2021 11:06",
            "open": "0.1629",
            "high": "0.1629",
            "low": "0.1626",
            "close": "0.1624"
        },
        {
            "time": "23.07.2021 11:07",
            "open": "0.1624",
            "high": "0.1624",
            "low": "0.1623",
            "close": "0.1624"
        },
        {
            "time": "23.07.2021 11:16",
            "open": "0.1624",
            "high": "0.1624",
            "low": "0.1624",
            "close": "0.1625"
        },
        {
            "time": "23.07.2021 11:24",
            "open": "0.1625",
            "high": "0.1625",
            "low": "0.1625",
            "close": "0.1626"
        },
        {
            "time": "23.07.2021 11:25",
            "open": "0.1626",
            "high": "0.1641",
            "low": "0.1626",
            "close": "0.1632"
        },
        {
            "time": "23.07.2021 11:26",
            "open": "0.1632",
            "high": "0.1642",
            "low": "0.1632",
            "close": "0.1641"
        },
        {
            "time": "23.07.2021 11:27",
            "open": "0.1641",
            "high": "0.1641",
            "low": "0.1637",
            "close": "0.1637"
        },
        {
            "time": "23.07.2021 11:28",
            "open": "0.1637",
            "high": "0.1644",
            "low": "0.1637",
            "close": "0.1643"
        },
        {
            "time": "23.07.2021 11:30",
            "open": "0.1643",
            "high": "0.1643",
            "low": "0.1642",
            "close": "0.1642"
        },
        {
            "time": "23.07.2021 11:31",
            "open": "0.1642",
            "high": "0.1642",
            "low": "0.1642",
            "close": "0.1636"
        },
        {
            "time": "23.07.2021 11:35",
            "open": "0.1636",
            "high": "0.1636",
            "low": "0.1636",
            "close": "0.1637"
        },
        {
            "time": "23.07.2021 11:42",
            "open": "0.1637",
            "high": "0.1642",
            "low": "0.1637",
            "close": "0.1634"
        },
        {
            "time": "23.07.2021 11:49",
            "open": "0.1634",
            "high": "0.1634",
            "low": "0.1634",
            "close": "0.1635"
        },
        {
            "time": "23.07.2021 11:54",
            "open": "0.1635",
            "high": "0.1635",
            "low": "0.1635",
            "close": "0.1635"
        },
        {
            "time": "23.07.2021 11:55",
            "open": "0.1635",
            "high": "0.1635",
            "low": "0.1635",
            "close": "0.1629"
        },
        {
            "time": "23.07.2021 12:03",
            "open": "0.1629",
            "high": "0.1629",
            "low": "0.1629",
            "close": "0.1627"
        },
        {
            "time": "23.07.2021 12:04",
            "open": "0.1627",
            "high": "0.1627",
            "low": "0.1627",
            "close": "0.1629"
        },
        {
            "time": "23.07.2021 12:06",
            "open": "0.1629",
            "high": "0.1629",
            "low": "0.1629",
            "close": "0.1628"
        },
        {
            "time": "23.07.2021 12:09",
            "open": "0.1628",
            "high": "0.1628",
            "low": "0.1628",
            "close": "0.1627"
        },
        {
            "time": "23.07.2021 12:12",
            "open": "0.1627",
            "high": "0.1627",
            "low": "0.1627",
            "close": "0.1627"
        },
        {
            "time": "23.07.2021 12:13",
            "open": "0.1627",
            "high": "0.1627",
            "low": "0.1627",
            "close": "0.1629"
        },
        {
            "time": "23.07.2021 12:14",
            "open": "0.1629",
            "high": "0.1631",
            "low": "0.1629",
            "close": "0.1628"
        },
        {
            "time": "23.07.2021 12:22",
            "open": "0.1628",
            "high": "0.1628",
            "low": "0.1628",
            "close": "0.1629"
        },
        {
            "time": "23.07.2021 12:23",
            "open": "0.1629",
            "high": "0.1629",
            "low": "0.1629",
            "close": "0.1628"
        },
        {
            "time": "23.07.2021 12:31",
            "open": "0.1628",
            "high": "0.1628",
            "low": "0.1628",
            "close": "0.1627"
        },
        {
            "time": "23.07.2021 12:32",
            "open": "0.1627",
            "high": "0.1627",
            "low": "0.1627",
            "close": "0.1628"
        },
        {
            "time": "23.07.2021 12:41",
            "open": "0.1628",
            "high": "0.1628",
            "low": "0.1628",
            "close": "0.1627"
        },
        {
            "time": "23.07.2021 12:43",
            "open": "0.1627",
            "high": "0.1629",
            "low": "0.1627",
            "close": "0.163"
        },
        {
            "time": "23.07.2021 12:44",
            "open": "0.163",
            "high": "0.163",
            "low": "0.163",
            "close": "0.1627"
        },
        {
            "time": "23.07.2021 12:53",
            "open": "0.1627",
            "high": "0.1628",
            "low": "0.1627",
            "close": "0.1628"
        },
        {
            "time": "23.07.2021 12:58",
            "open": "0.1628",
            "high": "0.1628",
            "low": "0.1628",
            "close": "0.163"
        },
        {
            "time": "23.07.2021 13:05",
            "open": "0.163",
            "high": "0.1632",
            "low": "0.163",
            "close": "0.1628"
        },
        {
            "time": "23.07.2021 13:07",
            "open": "0.1628",
            "high": "0.1628",
            "low": "0.1627",
            "close": "0.1627"
        },
        {
            "time": "23.07.2021 13:11",
            "open": "0.1627",
            "high": "0.1627",
            "low": "0.1627",
            "close": "0.1626"
        },
        {
            "time": "23.07.2021 13:17",
            "open": "0.1626",
            "high": "0.1626",
            "low": "0.1622",
            "close": "0.1622"
        },
        {
            "time": "23.07.2021 13:27",
            "open": "0.1622",
            "high": "0.1622",
            "low": "0.1622",
            "close": "0.1623"
        },
        {
            "time": "23.07.2021 13:29",
            "open": "0.1623",
            "high": "0.1623",
            "low": "0.1623",
            "close": "0.1624"
        },
        {
            "time": "23.07.2021 13:34",
            "open": "0.1624",
            "high": "0.1626",
            "low": "0.1624",
            "close": "0.1626"
        },
        {
            "time": "23.07.2021 13:45",
            "open": "0.1626",
            "high": "0.1628",
            "low": "0.1626",
            "close": "0.1624"
        },
        {
            "time": "23.07.2021 13:57",
            "open": "0.1624",
            "high": "0.1624",
            "low": "0.1623",
            "close": "0.1618"
        },
        {
            "time": "23.07.2021 14:00",
            "open": "0.1618",
            "high": "0.1618",
            "low": "0.1618",
            "close": "0.1619"
        },
        {
            "time": "23.07.2021 14:08",
            "open": "0.1619",
            "high": "0.1619",
            "low": "0.1619",
            "close": "0.162"
        },
        {
            "time": "23.07.2021 14:09",
            "open": "0.162",
            "high": "0.1621",
            "low": "0.162",
            "close": "0.1621"
        },
        {
            "time": "23.07.2021 14:19",
            "open": "0.1621",
            "high": "0.1628",
            "low": "0.1621",
            "close": "0.1627"
        },
        {
            "time": "23.07.2021 14:21",
            "open": "0.1627",
            "high": "0.1627",
            "low": "0.1627",
            "close": "0.1623"
        },
        {
            "time": "23.07.2021 14:42",
            "open": "0.1623",
            "high": "0.1623",
            "low": "0.1623",
            "close": "0.1623"
        },
        {
            "time": "23.07.2021 14:47",
            "open": "0.1623",
            "high": "0.1631",
            "low": "0.1623",
            "close": "0.1631"
        },
        {
            "time": "23.07.2021 14:48",
            "open": "0.1631",
            "high": "0.1631",
            "low": "0.1631",
            "close": "0.163"
        },
        {
            "time": "23.07.2021 14:51",
            "open": "0.163",
            "high": "0.163",
            "low": "0.163",
            "close": "0.1633"
        },
        {
            "time": "23.07.2021 14:52",
            "open": "0.1633",
            "high": "0.1633",
            "low": "0.1633",
            "close": "0.1634"
        },
        {
            "time": "23.07.2021 14:57",
            "open": "0.1634",
            "high": "0.1634",
            "low": "0.1634",
            "close": "0.164"
        },
        {
            "time": "23.07.2021 15:01",
            "open": "0.164",
            "high": "0.1645",
            "low": "0.164",
            "close": "0.1637"
        },
        {
            "time": "23.07.2021 15:06",
            "open": "0.1637",
            "high": "0.1637",
            "low": "0.1637",
            "close": "0.1633"
        },
        {
            "time": "23.07.2021 15:07",
            "open": "0.1633",
            "high": "0.1633",
            "low": "0.163",
            "close": "0.163"
        },
        {
            "time": "23.07.2021 15:11",
            "open": "0.163",
            "high": "0.1633",
            "low": "0.163",
            "close": "0.1638"
        },
        {
            "time": "23.07.2021 15:12",
            "open": "0.1638",
            "high": "0.1638",
            "low": "0.1638",
            "close": "0.1638"
        },
        {
            "time": "23.07.2021 15:21",
            "open": "0.1638",
            "high": "0.1638",
            "low": "0.1638",
            "close": "0.1635"
        },
        {
            "time": "23.07.2021 15:23",
            "open": "0.1635",
            "high": "0.1635",
            "low": "0.1635",
            "close": "0.1638"
        },
        {
            "time": "23.07.2021 15:25",
            "open": "0.1638",
            "high": "0.1638",
            "low": "0.1637",
            "close": "0.1639"
        },
        {
            "time": "23.07.2021 15:26",
            "open": "0.1639",
            "high": "0.164",
            "low": "0.1639",
            "close": "0.1638"
        },
        {
            "time": "23.07.2021 15:29",
            "open": "0.1638",
            "high": "0.1638",
            "low": "0.1638",
            "close": "0.1641"
        },
        {
            "time": "23.07.2021 15:37",
            "open": "0.1641",
            "high": "0.1642",
            "low": "0.1641",
            "close": "0.1639"
        },
        {
            "time": "23.07.2021 15:38",
            "open": "0.1639",
            "high": "0.1639",
            "low": "0.1639",
            "close": "0.1641"
        },
        {
            "time": "23.07.2021 15:40",
            "open": "0.1641",
            "high": "0.1642",
            "low": "0.1641",
            "close": "0.1642"
        },
        {
            "time": "23.07.2021 15:41",
            "open": "0.1642",
            "high": "0.1646",
            "low": "0.1642",
            "close": "0.1647"
        },
        {
            "time": "23.07.2021 15:43",
            "open": "0.1647",
            "high": "0.1715",
            "low": "0.1644",
            "close": "0.1648"
        },
        {
            "time": "23.07.2021 15:44",
            "open": "0.1648",
            "high": "0.1661",
            "low": "0.1648",
            "close": "0.1651"
        },
        {
            "time": "23.07.2021 15:45",
            "open": "0.1651",
            "high": "0.1651",
            "low": "0.1651",
            "close": "0.165"
        },
        {
            "time": "23.07.2021 15:46",
            "open": "0.165",
            "high": "0.1651",
            "low": "0.165",
            "close": "0.1655"
        },
        {
            "time": "23.07.2021 15:47",
            "open": "0.1655",
            "high": "0.1657",
            "low": "0.1651",
            "close": "0.165"
        },
        {
            "time": "23.07.2021 15:49",
            "open": "0.165",
            "high": "0.165",
            "low": "0.165",
            "close": "0.165"
        },
        {
            "time": "23.07.2021 15:50",
            "open": "0.165",
            "high": "0.165",
            "low": "0.165",
            "close": "0.1646"
        },
        {
            "time": "23.07.2021 15:59",
            "open": "0.1646",
            "high": "0.1646",
            "low": "0.1644",
            "close": "0.164"
        },
        {
            "time": "23.07.2021 16:00",
            "open": "0.164",
            "high": "0.1643",
            "low": "0.1631",
            "close": "0.1643"
        },
        {
            "time": "23.07.2021 16:04",
            "open": "0.1643",
            "high": "0.1643",
            "low": "0.1643",
            "close": "0.1643"
        },
        {
            "time": "23.07.2021 16:07",
            "open": "0.1643",
            "high": "0.1643",
            "low": "0.1643",
            "close": "0.1642"
        },
        {
            "time": "23.07.2021 16:09",
            "open": "0.1642",
            "high": "0.1642",
            "low": "0.1642",
            "close": "0.1643"
        },
        {
            "time": "23.07.2021 16:11",
            "open": "0.1643",
            "high": "0.1643",
            "low": "0.1642",
            "close": "0.1643"
        },
        {
            "time": "23.07.2021 16:15",
            "open": "0.1643",
            "high": "0.1644",
            "low": "0.1642",
            "close": "0.1642"
        },
        {
            "time": "23.07.2021 16:20",
            "open": "0.1642",
            "high": "0.1642",
            "low": "0.1641",
            "close": "0.1641"
        },
        {
            "time": "23.07.2021 16:26",
            "open": "0.1641",
            "high": "0.1641",
            "low": "0.1641",
            "close": "0.1641"
        },
        {
            "time": "23.07.2021 16:28",
            "open": "0.1641",
            "high": "0.1641",
            "low": "0.1641",
            "close": "0.1642"
        },
        {
            "time": "23.07.2021 16:29",
            "open": "0.1642",
            "high": "0.1643",
            "low": "0.1642",
            "close": "0.1643"
        },
        {
            "time": "23.07.2021 16:30",
            "open": "0.1643",
            "high": "0.1644",
            "low": "0.1643",
            "close": "0.164"
        },
        {
            "time": "23.07.2021 16:38",
            "open": "0.164",
            "high": "0.164",
            "low": "0.1639",
            "close": "0.164"
        },
        {
            "time": "23.07.2021 16:39",
            "open": "0.164",
            "high": "0.164",
            "low": "0.1637",
            "close": "0.1636"
        },
        {
            "time": "23.07.2021 16:47",
            "open": "0.1636",
            "high": "0.1636",
            "low": "0.1636",
            "close": "0.1631"
        },
        {
            "time": "23.07.2021 16:50",
            "open": "0.1631",
            "high": "0.1632",
            "low": "0.1631",
            "close": "0.1627"
        },
        {
            "time": "23.07.2021 16:51",
            "open": "0.1627",
            "high": "0.1627",
            "low": "0.1622",
            "close": "0.1629"
        },
        {
            "time": "23.07.2021 16:53",
            "open": "0.1629",
            "high": "0.1629",
            "low": "0.1629",
            "close": "0.163"
        },
        {
            "time": "23.07.2021 17:00",
            "open": "0.163",
            "high": "0.163",
            "low": "0.163",
            "close": "0.163"
        },
        {
            "time": "23.07.2021 17:01",
            "open": "0.163",
            "high": "0.1632",
            "low": "0.163",
            "close": "0.163"
        },
        {
            "time": "23.07.2021 17:05",
            "open": "0.163",
            "high": "0.163",
            "low": "0.163",
            "close": "0.1627"
        },
        {
            "time": "23.07.2021 17:06",
            "open": "0.1627",
            "high": "0.1627",
            "low": "0.1626",
            "close": "0.1626"
        },
        {
            "time": "23.07.2021 17:08",
            "open": "0.1626",
            "high": "0.1626",
            "low": "0.1626",
            "close": "0.1629"
        },
        {
            "time": "23.07.2021 17:10",
            "open": "0.1629",
            "high": "0.1629",
            "low": "0.1629",
            "close": "0.1628"
        },
        {
            "time": "23.07.2021 17:11",
            "open": "0.1628",
            "high": "0.1628",
            "low": "0.1628",
            "close": "0.1628"
        },
        {
            "time": "23.07.2021 17:13",
            "open": "0.1628",
            "high": "0.1628",
            "low": "0.1628",
            "close": "0.1626"
        },
        {
            "time": "23.07.2021 17:15",
            "open": "0.1626",
            "high": "0.1627",
            "low": "0.1623",
            "close": "0.1625"
        },
        {
            "time": "23.07.2021 17:16",
            "open": "0.1625",
            "high": "0.1625",
            "low": "0.1623",
            "close": "0.1627"
        },
        {
            "time": "23.07.2021 17:17",
            "open": "0.1627",
            "high": "0.1636",
            "low": "0.1627",
            "close": "0.1635"
        },
        {
            "time": "23.07.2021 17:18",
            "open": "0.1635",
            "high": "0.1635",
            "low": "0.1635",
            "close": "0.1635"
        },
        {
            "time": "23.07.2021 17:19",
            "open": "0.1635",
            "high": "0.1635",
            "low": "0.1635",
            "close": "0.1634"
        },
        {
            "time": "23.07.2021 17:21",
            "open": "0.1634",
            "high": "0.1635",
            "low": "0.1634",
            "close": "0.1634"
        },
        {
            "time": "23.07.2021 17:22",
            "open": "0.1634",
            "high": "0.1634",
            "low": "0.1634",
            "close": "0.1633"
        },
        {
            "time": "23.07.2021 17:25",
            "open": "0.1633",
            "high": "0.1633",
            "low": "0.1633",
            "close": "0.1633"
        },
        {
            "time": "23.07.2021 17:29",
            "open": "0.1633",
            "high": "0.1633",
            "low": "0.1633",
            "close": "0.1634"
        },
        {
            "time": "23.07.2021 17:30",
            "open": "0.1634",
            "high": "0.1634",
            "low": "0.1634",
            "close": "0.1634"
        },
        {
            "time": "23.07.2021 17:35",
            "open": "0.1634",
            "high": "0.1634",
            "low": "0.1634",
            "close": "0.1634"
        },
        {
            "time": "23.07.2021 17:36",
            "open": "0.1634",
            "high": "0.1634",
            "low": "0.1634",
            "close": "0.1634"
        },
        {
            "time": "23.07.2021 17:37",
            "open": "0.1634",
            "high": "0.1634",
            "low": "0.1634",
            "close": "0.1627"
        },
        {
            "time": "23.07.2021 17:57",
            "open": "0.1627",
            "high": "0.1627",
            "low": "0.1627",
            "close": "0.1627"
        },
        {
            "time": "23.07.2021 17:59",
            "open": "0.1627",
            "high": "0.1627",
            "low": "0.1627",
            "close": "0.1624"
        },
        {
            "time": "23.07.2021 18:02",
            "open": "0.1624",
            "high": "0.1624",
            "low": "0.1624",
            "close": "0.162"
        },
        {
            "time": "23.07.2021 18:03",
            "open": "0.162",
            "high": "0.162",
            "low": "0.162",
            "close": "0.162"
        },
        {
            "time": "23.07.2021 18:04",
            "open": "0.162",
            "high": "0.162",
            "low": "0.162",
            "close": "0.1623"
        },
        {
            "time": "23.07.2021 18:07",
            "open": "0.1623",
            "high": "0.1629",
            "low": "0.1622",
            "close": "0.1622"
        },
        {
            "time": "23.07.2021 18:08",
            "open": "0.1622",
            "high": "0.1622",
            "low": "0.1622",
            "close": "0.1621"
        },
        {
            "time": "23.07.2021 18:14",
            "open": "0.1621",
            "high": "0.1621",
            "low": "0.162",
            "close": "0.1624"
        },
        {
            "time": "23.07.2021 18:15",
            "open": "0.1624",
            "high": "0.1624",
            "low": "0.1622",
            "close": "0.1619"
        },
        {
            "time": "23.07.2021 18:18",
            "open": "0.1619",
            "high": "0.1619",
            "low": "0.1618",
            "close": "0.1613"
        },
        {
            "time": "23.07.2021 18:20",
            "open": "0.1613",
            "high": "0.1613",
            "low": "0.161",
            "close": "0.1611"
        },
        {
            "time": "23.07.2021 18:21",
            "open": "0.1611",
            "high": "0.1611",
            "low": "0.1609",
            "close": "0.1608"
        },
        {
            "time": "23.07.2021 18:22",
            "open": "0.1608",
            "high": "0.1608",
            "low": "0.1606",
            "close": "0.161"
        },
        {
            "time": "23.07.2021 18:27",
            "open": "0.161",
            "high": "0.1612",
            "low": "0.161",
            "close": "0.1611"
        },
        {
            "time": "23.07.2021 18:28",
            "open": "0.1611",
            "high": "0.1611",
            "low": "0.1611",
            "close": "0.1613"
        },
        {
            "time": "23.07.2021 18:29",
            "open": "0.1613",
            "high": "0.1615",
            "low": "0.1613",
            "close": "0.1619"
        },
        {
            "time": "23.07.2021 18:30",
            "open": "0.1619",
            "high": "0.1622",
            "low": "0.1617",
            "close": "0.1619"
        },
        {
            "time": "23.07.2021 18:31",
            "open": "0.1619",
            "high": "0.1619",
            "low": "0.1619",
            "close": "0.1621"
        },
        {
            "time": "23.07.2021 18:32",
            "open": "0.1621",
            "high": "0.1621",
            "low": "0.1621",
            "close": "0.1622"
        },
        {
            "time": "23.07.2021 18:33",
            "open": "0.1622",
            "high": "0.1627",
            "low": "0.1622",
            "close": "0.1621"
        },
        {
            "time": "23.07.2021 18:35",
            "open": "0.1621",
            "high": "0.1621",
            "low": "0.1621",
            "close": "0.1624"
        },
        {
            "time": "23.07.2021 18:36",
            "open": "0.1624",
            "high": "0.1624",
            "low": "0.1624",
            "close": "0.1623"
        },
        {
            "time": "23.07.2021 18:40",
            "open": "0.1623",
            "high": "0.1624",
            "low": "0.1623",
            "close": "0.1618"
        },
        {
            "time": "23.07.2021 18:42",
            "open": "0.1618",
            "high": "0.1618",
            "low": "0.1602",
            "close": "0.1602"
        },
        {
            "time": "23.07.2021 18:43",
            "open": "0.1602",
            "high": "0.161",
            "low": "0.1602",
            "close": "0.1608"
        },
        {
            "time": "23.07.2021 18:44",
            "open": "0.1608",
            "high": "0.1608",
            "low": "0.1608",
            "close": "0.161"
        },
        {
            "time": "23.07.2021 18:46",
            "open": "0.161",
            "high": "0.1611",
            "low": "0.161",
            "close": "0.1611"
        },
        {
            "time": "23.07.2021 18:48",
            "open": "0.1611",
            "high": "0.1611",
            "low": "0.1611",
            "close": "0.1609"
        },
        {
            "time": "23.07.2021 18:49",
            "open": "0.1609",
            "high": "0.1609",
            "low": "0.1609",
            "close": "0.1605"
        },
        {
            "time": "23.07.2021 18:50",
            "open": "0.1605",
            "high": "0.1605",
            "low": "0.1599",
            "close": "0.1602"
        },
        {
            "time": "23.07.2021 18:53",
            "open": "0.1602",
            "high": "0.1608",
            "low": "0.1602",
            "close": "0.1613"
        },
        {
            "time": "23.07.2021 18:55",
            "open": "0.1613",
            "high": "0.1622",
            "low": "0.1611",
            "close": "0.1611"
        },
        {
            "time": "23.07.2021 18:56",
            "open": "0.1611",
            "high": "0.1616",
            "low": "0.1611",
            "close": "0.1611"
        },
        {
            "time": "23.07.2021 18:57",
            "open": "0.1611",
            "high": "0.1611",
            "low": "0.1607",
            "close": "0.1607"
        },
        {
            "time": "23.07.2021 18:58",
            "open": "0.1607",
            "high": "0.1608",
            "low": "0.1607",
            "close": "0.1607"
        },
        {
            "time": "23.07.2021 18:59",
            "open": "0.1607",
            "high": "0.1614",
            "low": "0.1605",
            "close": "0.1608"
        },
        {
            "time": "23.07.2021 19:00",
            "open": "0.1608",
            "high": "0.1609",
            "low": "0.1601",
            "close": "0.16"
        },
        {
            "time": "23.07.2021 19:01",
            "open": "0.16",
            "high": "0.1601",
            "low": "0.1596",
            "close": "0.1598"
        },
        {
            "time": "23.07.2021 19:02",
            "open": "0.1598",
            "high": "0.1598",
            "low": "0.1597",
            "close": "0.1596"
        },
        {
            "time": "23.07.2021 19:03",
            "open": "0.1596",
            "high": "0.1596",
            "low": "0.1596",
            "close": "0.1597"
        },
        {
            "time": "23.07.2021 19:05",
            "open": "0.1597",
            "high": "0.1597",
            "low": "0.1597",
            "close": "0.1597"
        },
        {
            "time": "23.07.2021 19:06",
            "open": "0.1597",
            "high": "0.1597",
            "low": "0.1597",
            "close": "0.1597"
        },
        {
            "time": "23.07.2021 19:07",
            "open": "0.1597",
            "high": "0.1601",
            "low": "0.1595",
            "close": "0.1597"
        },
        {
            "time": "23.07.2021 19:08",
            "open": "0.1597",
            "high": "0.1597",
            "low": "0.1596",
            "close": "0.1596"
        },
        {
            "time": "23.07.2021 19:10",
            "open": "0.1596",
            "high": "0.1596",
            "low": "0.1596",
            "close": "0.1597"
        },
        {
            "time": "23.07.2021 19:14",
            "open": "0.1597",
            "high": "0.1597",
            "low": "0.1597",
            "close": "0.1595"
        },
        {
            "time": "23.07.2021 19:15",
            "open": "0.1595",
            "high": "0.1596",
            "low": "0.1592",
            "close": "0.1595"
        },
        {
            "time": "23.07.2021 19:19",
            "open": "0.1595",
            "high": "0.1596",
            "low": "0.1595",
            "close": "0.1594"
        },
        {
            "time": "23.07.2021 19:20",
            "open": "0.1594",
            "high": "0.1594",
            "low": "0.1592",
            "close": "0.1592"
        },
        {
            "time": "23.07.2021 19:21",
            "open": "0.1592",
            "high": "0.1593",
            "low": "0.159",
            "close": "0.1591"
        },
        {
            "time": "23.07.2021 19:23",
            "open": "0.1591",
            "high": "0.1591",
            "low": "0.1591",
            "close": "0.1593"
        },
        {
            "time": "23.07.2021 19:30",
            "open": "0.1593",
            "high": "0.1602",
            "low": "0.1593",
            "close": "0.1596"
        },
        {
            "time": "23.07.2021 19:32",
            "open": "0.1596",
            "high": "0.1596",
            "low": "0.1595",
            "close": "0.1593"
        },
        {
            "time": "23.07.2021 19:33",
            "open": "0.1593",
            "high": "0.1593",
            "low": "0.159",
            "close": "0.1589"
        },
        {
            "time": "23.07.2021 19:34",
            "open": "0.1589",
            "high": "0.1589",
            "low": "0.1586",
            "close": "0.1583"
        },
        {
            "time": "23.07.2021 19:35",
            "open": "0.1583",
            "high": "0.1583",
            "low": "0.1583",
            "close": "0.1583"
        },
        {
            "time": "23.07.2021 19:38",
            "open": "0.1583",
            "high": "0.1585",
            "low": "0.1583",
            "close": "0.1583"
        },
        {
            "time": "23.07.2021 19:40",
            "open": "0.1583",
            "high": "0.1583",
            "low": "0.1583",
            "close": "0.1583"
        },
        {
            "time": "23.07.2021 19:50",
            "open": "0.1583",
            "high": "0.1583",
            "low": "0.1583",
            "close": "0.1585"
        },
        {
            "time": "23.07.2021 19:55",
            "open": "0.1585",
            "high": "0.1585",
            "low": "0.1585",
            "close": "0.1589"
        },
        {
            "time": "23.07.2021 19:59",
            "open": "0.1589",
            "high": "0.1589",
            "low": "0.1589",
            "close": "0.1585"
        },
        {
            "time": "23.07.2021 20:05",
            "open": "0.1585",
            "high": "0.1585",
            "low": "0.1583",
            "close": "0.1582"
        },
        {
            "time": "23.07.2021 20:06",
            "open": "0.1582",
            "high": "0.1582",
            "low": "0.1582",
            "close": "0.1583"
        },
        {
            "time": "23.07.2021 20:09",
            "open": "0.1583",
            "high": "0.1585",
            "low": "0.1583",
            "close": "0.1587"
        },
        {
            "time": "23.07.2021 20:12",
            "open": "0.1587",
            "high": "0.1587",
            "low": "0.1587",
            "close": "0.1588"
        },
        {
            "time": "23.07.2021 20:15",
            "open": "0.1588",
            "high": "0.1589",
            "low": "0.1588",
            "close": "0.1586"
        },
        {
            "time": "23.07.2021 20:16",
            "open": "0.1586",
            "high": "0.1586",
            "low": "0.1586",
            "close": "0.1584"
        },
        {
            "time": "23.07.2021 20:20",
            "open": "0.1584",
            "high": "0.1584",
            "low": "0.1584",
            "close": "0.1585"
        },
        {
            "time": "23.07.2021 20:21",
            "open": "0.1585",
            "high": "0.1585",
            "low": "0.1585",
            "close": "0.1585"
        },
        {
            "time": "23.07.2021 20:29",
            "open": "0.1585",
            "high": "0.1585",
            "low": "0.1584",
            "close": "0.1588"
        },
        {
            "time": "23.07.2021 20:30",
            "open": "0.1588",
            "high": "0.1588",
            "low": "0.1585",
            "close": "0.1587"
        },
        {
            "time": "23.07.2021 20:31",
            "open": "0.1587",
            "high": "0.1587",
            "low": "0.1587",
            "close": "0.1589"
        },
        {
            "time": "23.07.2021 20:35",
            "open": "0.1589",
            "high": "0.1589",
            "low": "0.1586",
            "close": "0.1586"
        },
        {
            "time": "23.07.2021 20:44",
            "open": "0.1586",
            "high": "0.1586",
            "low": "0.1586",
            "close": "0.1585"
        },
        {
            "time": "23.07.2021 20:45",
            "open": "0.1585",
            "high": "0.1585",
            "low": "0.1585",
            "close": "0.1583"
        },
        {
            "time": "23.07.2021 20:47",
            "open": "0.1583",
            "high": "0.1583",
            "low": "0.1582",
            "close": "0.1582"
        },
        {
            "time": "23.07.2021 20:48",
            "open": "0.1582",
            "high": "0.1582",
            "low": "0.1581",
            "close": "0.1581"
        },
        {
            "time": "23.07.2021 20:49",
            "open": "0.1581",
            "high": "0.1581",
            "low": "0.1581",
            "close": "0.1583"
        },
        {
            "time": "23.07.2021 20:54",
            "open": "0.1583",
            "high": "0.1587",
            "low": "0.1583",
            "close": "0.1585"
        },
        {
            "time": "23.07.2021 20:55",
            "open": "0.1585",
            "high": "0.1585",
            "low": "0.1583",
            "close": "0.1584"
        },
        {
            "time": "23.07.2021 21:01",
            "open": "0.1584",
            "high": "0.1591",
            "low": "0.1584",
            "close": "0.1593"
        },
        {
            "time": "23.07.2021 21:02",
            "open": "0.1593",
            "high": "0.1598",
            "low": "0.1593",
            "close": "0.1588"
        },
        {
            "time": "23.07.2021 21:05",
            "open": "0.1588",
            "high": "0.1588",
            "low": "0.1588",
            "close": "0.159"
        },
        {
            "time": "23.07.2021 21:11",
            "open": "0.159",
            "high": "0.159",
            "low": "0.159",
            "close": "0.1591"
        },
        {
            "time": "23.07.2021 21:15",
            "open": "0.1591",
            "high": "0.1591",
            "low": "0.1591",
            "close": "0.16"
        },
        {
            "time": "23.07.2021 21:19",
            "open": "0.16",
            "high": "0.16",
            "low": "0.1597",
            "close": "0.1598"
        },
        {
            "time": "23.07.2021 21:20",
            "open": "0.1598",
            "high": "0.1598",
            "low": "0.1598",
            "close": "0.1598"
        },
        {
            "time": "23.07.2021 21:21",
            "open": "0.1598",
            "high": "0.1604",
            "low": "0.1598",
            "close": "0.1604"
        },
        {
            "time": "23.07.2021 21:22",
            "open": "0.1604",
            "high": "0.1604",
            "low": "0.1604",
            "close": "0.161"
        },
        {
            "time": "23.07.2021 21:24",
            "open": "0.161",
            "high": "0.1612",
            "low": "0.161",
            "close": "0.1605"
        },
        {
            "time": "23.07.2021 21:29",
            "open": "0.1605",
            "high": "0.1605",
            "low": "0.1605",
            "close": "0.1604"
        },
        {
            "time": "23.07.2021 21:32",
            "open": "0.1604",
            "high": "0.1604",
            "low": "0.1604",
            "close": "0.1605"
        },
        {
            "time": "23.07.2021 21:44",
            "open": "0.1605",
            "high": "0.1607",
            "low": "0.1605",
            "close": "0.1606"
        },
        {
            "time": "23.07.2021 21:45",
            "open": "0.1606",
            "high": "0.161",
            "low": "0.1606",
            "close": "0.1611"
        },
        {
            "time": "23.07.2021 21:46",
            "open": "0.1611",
            "high": "0.1611",
            "low": "0.1607",
            "close": "0.1611"
        },
        {
            "time": "23.07.2021 21:49",
            "open": "0.1611",
            "high": "0.1611",
            "low": "0.1611",
            "close": "0.1612"
        },
        {
            "time": "23.07.2021 21:59",
            "open": "0.1612",
            "high": "0.1612",
            "low": "0.1612",
            "close": "0.1608"
        },
        {
            "time": "23.07.2021 22:03",
            "open": "0.1608",
            "high": "0.1608",
            "low": "0.1608",
            "close": "0.1608"
        },
        {
            "time": "23.07.2021 22:05",
            "open": "0.1608",
            "high": "0.1608",
            "low": "0.1608",
            "close": "0.1614"
        },
        {
            "time": "23.07.2021 22:12",
            "open": "0.1614",
            "high": "0.1615",
            "low": "0.1614",
            "close": "0.1616"
        },
        {
            "time": "23.07.2021 22:18",
            "open": "0.1616",
            "high": "0.1626",
            "low": "0.1616",
            "close": "0.1623"
        },
        {
            "time": "23.07.2021 22:21",
            "open": "0.1623",
            "high": "0.1623",
            "low": "0.1623",
            "close": "0.1626"
        },
        {
            "time": "23.07.2021 22:22",
            "open": "0.1626",
            "high": "0.1626",
            "low": "0.1626",
            "close": "0.1624"
        },
        {
            "time": "23.07.2021 22:25",
            "open": "0.1624",
            "high": "0.1624",
            "low": "0.1624",
            "close": "0.1623"
        },
        {
            "time": "23.07.2021 22:28",
            "open": "0.1623",
            "high": "0.1623",
            "low": "0.1622",
            "close": "0.1619"
        },
        {
            "time": "23.07.2021 22:29",
            "open": "0.1619",
            "high": "0.1619",
            "low": "0.1619",
            "close": "0.162"
        },
        {
            "time": "23.07.2021 22:37",
            "open": "0.162",
            "high": "0.162",
            "low": "0.162",
            "close": "0.1623"
        },
        {
            "time": "23.07.2021 22:42",
            "open": "0.1623",
            "high": "0.1623",
            "low": "0.1623",
            "close": "0.1624"
        },
        {
            "time": "23.07.2021 22:50",
            "open": "0.1624",
            "high": "0.1624",
            "low": "0.1624",
            "close": "0.1621"
        },
        {
            "time": "23.07.2021 22:55",
            "open": "0.1621",
            "high": "0.1621",
            "low": "0.1619",
            "close": "0.1617"
        },
        {
            "time": "23.07.2021 22:59",
            "open": "0.1617",
            "high": "0.1617",
            "low": "0.1617",
            "close": "0.1617"
        },
        {
            "time": "23.07.2021 23:00",
            "open": "0.1617",
            "high": "0.1617",
            "low": "0.1617",
            "close": "0.1617"
        },
        {
            "time": "23.07.2021 23:05",
            "open": "0.1617",
            "high": "0.1617",
            "low": "0.1612",
            "close": "0.1608"
        },
        {
            "time": "23.07.2021 23:06",
            "open": "0.1608",
            "high": "0.1615",
            "low": "0.1608",
            "close": "0.1617"
        },
        {
            "time": "23.07.2021 23:11",
            "open": "0.1617",
            "high": "0.1617",
            "low": "0.1617",
            "close": "0.1619"
        },
        {
            "time": "23.07.2021 23:12",
            "open": "0.1619",
            "high": "0.1619",
            "low": "0.1619",
            "close": "0.1621"
        },
        {
            "time": "23.07.2021 23:14",
            "open": "0.1621",
            "high": "0.1621",
            "low": "0.1621",
            "close": "0.1626"
        },
        {
            "time": "23.07.2021 23:20",
            "open": "0.1626",
            "high": "0.1626",
            "low": "0.1626",
            "close": "0.1626"
        },
        {
            "time": "23.07.2021 23:24",
            "open": "0.1626",
            "high": "0.1626",
            "low": "0.1626",
            "close": "0.1626"
        },
        {
            "time": "23.07.2021 23:25",
            "open": "0.1626",
            "high": "0.1627",
            "low": "0.1626",
            "close": "0.1626"
        },
        {
            "time": "23.07.2021 23:26",
            "open": "0.1626",
            "high": "0.1626",
            "low": "0.1626",
            "close": "0.1623"
        },
        {
            "time": "23.07.2021 23:29",
            "open": "0.1623",
            "high": "0.1623",
            "low": "0.1622",
            "close": "0.162"
        },
        {
            "time": "23.07.2021 23:39",
            "open": "0.162",
            "high": "0.162",
            "low": "0.1619",
            "close": "0.1624"
        },
        {
            "time": "23.07.2021 23:46",
            "open": "0.1624",
            "high": "0.1624",
            "low": "0.1624",
            "close": "0.1626"
        }
    ]
}