{
    "NU-EUR": [
        {
            "time": "31.12.2020 23:59",
            "open": "0.1361",
            "high": "0.1361",
            "low": "0.1361",
            "close": "0.1355"
        },
        {
            "time": "01.01.2021 00:10",
            "open": "0.1355",
            "high": "0.1355",
            "low": "0.1355",
            "close": "0.1355"
        },
        {
            "time": "01.01.2021 00:22",
            "open": "0.1355",
            "high": "0.1355",
            "low": "0.1354",
            "close": "0.1354"
        },
        {
            "time": "01.01.2021 00:24",
            "open": "0.1354",
            "high": "0.1354",
            "low": "0.1354",
            "close": "0.1352"
        },
        {
            "time": "01.01.2021 00:26",
            "open": "0.1352",
            "high": "0.1352",
            "low": "0.1349",
            "close": "0.1352"
        },
        {
            "time": "01.01.2021 00:29",
            "open": "0.1352",
            "high": "0.1352",
            "low": "0.1352",
            "close": "0.1348"
        },
        {
            "time": "01.01.2021 00:30",
            "open": "0.1348",
            "high": "0.1348",
            "low": "0.1348",
            "close": "0.1348"
        },
        {
            "time": "01.01.2021 00:33",
            "open": "0.1348",
            "high": "0.1348",
            "low": "0.1348",
            "close": "0.1346"
        },
        {
            "time": "01.01.2021 00:36",
            "open": "0.1346",
            "high": "0.1346",
            "low": "0.1346",
            "close": "0.1341"
        },
        {
            "time": "01.01.2021 00:37",
            "open": "0.1341",
            "high": "0.1341",
            "low": "0.1339",
            "close": "0.1341"
        },
        {
            "time": "01.01.2021 00:38",
            "open": "0.1341",
            "high": "0.1341",
            "low": "0.1332",
            "close": "0.1334"
        },
        {
            "time": "01.01.2021 00:39",
            "open": "0.1334",
            "high": "0.1335",
            "low": "0.1334",
            "close": "0.1334"
        },
        {
            "time": "01.01.2021 00:40",
            "open": "0.1334",
            "high": "0.1337",
            "low": "0.1333",
            "close": "0.1334"
        },
        {
            "time": "01.01.2021 00:41",
            "open": "0.1334",
            "high": "0.1337",
            "low": "0.1334",
            "close": "0.1332"
        },
        {
            "time": "01.01.2021 00:42",
            "open": "0.1332",
            "high": "0.1332",
            "low": "0.1331",
            "close": "0.133"
        },
        {
            "time": "01.01.2021 00:43",
            "open": "0.133",
            "high": "0.1333",
            "low": "0.133",
            "close": "0.1329"
        },
        {
            "time": "01.01.2021 00:44",
            "open": "0.1329",
            "high": "0.1329",
            "low": "0.1323",
            "close": "0.1322"
        },
        {
            "time": "01.01.2021 00:45",
            "open": "0.1322",
            "high": "0.1322",
            "low": "0.1317",
            "close": "0.1317"
        },
        {
            "time": "01.01.2021 00:46",
            "open": "0.1317",
            "high": "0.1317",
            "low": "0.1317",
            "close": "0.1318"
        },
        {
            "time": "01.01.2021 00:47",
            "open": "0.1318",
            "high": "0.1318",
            "low": "0.1317",
            "close": "0.1318"
        },
        {
            "time": "01.01.2021 00:48",
            "open": "0.1318",
            "high": "0.1318",
            "low": "0.1317",
            "close": "0.1318"
        },
        {
            "time": "01.01.2021 00:49",
            "open": "0.1318",
            "high": "0.132",
            "low": "0.1318",
            "close": "0.1321"
        },
        {
            "time": "01.01.2021 00:50",
            "open": "0.1321",
            "high": "0.1321",
            "low": "0.1317",
            "close": "0.1319"
        },
        {
            "time": "01.01.2021 00:51",
            "open": "0.1319",
            "high": "0.1319",
            "low": "0.1319",
            "close": "0.1326"
        },
        {
            "time": "01.01.2021 00:53",
            "open": "0.1326",
            "high": "0.1326",
            "low": "0.1326",
            "close": "0.1352"
        },
        {
            "time": "01.01.2021 00:54",
            "open": "0.1352",
            "high": "0.1352",
            "low": "0.1338",
            "close": "0.1335"
        },
        {
            "time": "01.01.2021 00:55",
            "open": "0.1335",
            "high": "0.1335",
            "low": "0.1335",
            "close": "0.1335"
        },
        {
            "time": "01.01.2021 00:56",
            "open": "0.1335",
            "high": "0.1335",
            "low": "0.1333",
            "close": "0.1333"
        },
        {
            "time": "01.01.2021 00:57",
            "open": "0.1333",
            "high": "0.1333",
            "low": "0.1333",
            "close": "0.1334"
        },
        {
            "time": "01.01.2021 00:58",
            "open": "0.1334",
            "high": "0.1334",
            "low": "0.133",
            "close": "0.1336"
        },
        {
            "time": "01.01.2021 00:59",
            "open": "0.1336",
            "high": "0.1336",
            "low": "0.1336",
            "close": "0.1333"
        },
        {
            "time": "01.01.2021 01:02",
            "open": "0.1333",
            "high": "0.1333",
            "low": "0.1333",
            "close": "0.1328"
        },
        {
            "time": "01.01.2021 01:05",
            "open": "0.1328",
            "high": "0.1332",
            "low": "0.1328",
            "close": "0.1335"
        },
        {
            "time": "01.01.2021 01:07",
            "open": "0.1335",
            "high": "0.1335",
            "low": "0.1335",
            "close": "0.1337"
        },
        {
            "time": "01.01.2021 01:14",
            "open": "0.1337",
            "high": "0.1337",
            "low": "0.1328",
            "close": "0.1332"
        },
        {
            "time": "01.01.2021 01:15",
            "open": "0.1332",
            "high": "0.1332",
            "low": "0.1332",
            "close": "0.133"
        },
        {
            "time": "01.01.2021 01:20",
            "open": "0.133",
            "high": "0.133",
            "low": "0.133",
            "close": "0.134"
        },
        {
            "time": "01.01.2021 01:26",
            "open": "0.134",
            "high": "0.1346",
            "low": "0.134",
            "close": "0.135"
        },
        {
            "time": "01.01.2021 01:27",
            "open": "0.135",
            "high": "0.1351",
            "low": "0.1346",
            "close": "0.1347"
        },
        {
            "time": "01.01.2021 01:28",
            "open": "0.1347",
            "high": "0.1347",
            "low": "0.1347",
            "close": "0.1342"
        },
        {
            "time": "01.01.2021 01:33",
            "open": "0.1342",
            "high": "0.1342",
            "low": "0.1341",
            "close": "0.1342"
        },
        {
            "time": "01.01.2021 01:37",
            "open": "0.1345",
            "high": "0.1345",
            "low": "0.1345",
            "close": "0.1345"
        },
        {
            "time": "01.01.2021 01:38",
            "open": "0.1345",
            "high": "0.1345",
            "low": "0.1345",
            "close": "0.1344"
        },
        {
            "time": "01.01.2021 01:39",
            "open": "0.1344",
            "high": "0.1344",
            "low": "0.1344",
            "close": "0.1341"
        },
        {
            "time": "01.01.2021 01:45",
            "open": "0.1341",
            "high": "0.1341",
            "low": "0.1341",
            "close": "0.1342"
        },
        {
            "time": "01.01.2021 01:46",
            "open": "0.1342",
            "high": "0.1342",
            "low": "0.1342",
            "close": "0.1338"
        },
        {
            "time": "01.01.2021 01:47",
            "open": "0.1338",
            "high": "0.1338",
            "low": "0.1338",
            "close": "0.1339"
        },
        {
            "time": "01.01.2021 01:48",
            "open": "0.1339",
            "high": "0.1339",
            "low": "0.1339",
            "close": "0.1339"
        },
        {
            "time": "01.01.2021 01:49",
            "open": "0.1339",
            "high": "0.1339",
            "low": "0.1337",
            "close": "0.1336"
        },
        {
            "time": "01.01.2021 01:50",
            "open": "0.1336",
            "high": "0.1336",
            "low": "0.1333",
            "close": "0.1332"
        },
        {
            "time": "01.01.2021 01:51",
            "open": "0.1332",
            "high": "0.1334",
            "low": "0.1332",
            "close": "0.1334"
        },
        {
            "time": "01.01.2021 01:57",
            "open": "0.1334",
            "high": "0.1335",
            "low": "0.1334",
            "close": "0.1335"
        },
        {
            "time": "01.01.2021 01:58",
            "open": "0.1335",
            "high": "0.1335",
            "low": "0.1335",
            "close": "0.1343"
        },
        {
            "time": "01.01.2021 01:59",
            "open": "0.1343",
            "high": "0.1343",
            "low": "0.1343",
            "close": "0.1343"
        },
        {
            "time": "01.01.2021 02:04",
            "open": "0.1343",
            "high": "0.1343",
            "low": "0.1343",
            "close": "0.1343"
        },
        {
            "time": "01.01.2021 02:07",
            "open": "0.1343",
            "high": "0.1346",
            "low": "0.1343",
            "close": "0.1347"
        },
        {
            "time": "01.01.2021 02:17",
            "open": "0.1347",
            "high": "0.135",
            "low": "0.1347",
            "close": "0.135"
        },
        {
            "time": "01.01.2021 02:19",
            "open": "0.135",
            "high": "0.135",
            "low": "0.1327",
            "close": "0.1349"
        },
        {
            "time": "01.01.2021 02:20",
            "open": "0.1349",
            "high": "0.1349",
            "low": "0.1349",
            "close": "0.1349"
        },
        {
            "time": "01.01.2021 02:21",
            "open": "0.1349",
            "high": "0.1349",
            "low": "0.1349",
            "close": "0.135"
        },
        {
            "time": "01.01.2021 02:22",
            "open": "0.135",
            "high": "0.135",
            "low": "0.135",
            "close": "0.135"
        },
        {
            "time": "01.01.2021 02:24",
            "open": "0.135",
            "high": "0.1351",
            "low": "0.135",
            "close": "0.135"
        },
        {
            "time": "01.01.2021 02:26",
            "open": "0.135",
            "high": "0.135",
            "low": "0.135",
            "close": "0.135"
        },
        {
            "time": "01.01.2021 02:27",
            "open": "0.135",
            "high": "0.1353",
            "low": "0.135",
            "close": "0.135"
        },
        {
            "time": "01.01.2021 02:32",
            "open": "0.135",
            "high": "0.1352",
            "low": "0.1349",
            "close": "0.1352"
        },
        {
            "time": "01.01.2021 02:33",
            "open": "0.1352",
            "high": "0.1359",
            "low": "0.1352",
            "close": "0.1358"
        },
        {
            "time": "01.01.2021 02:34",
            "open": "0.1358",
            "high": "0.1358",
            "low": "0.1358",
            "close": "0.1355"
        },
        {
            "time": "01.01.2021 02:35",
            "open": "0.1355",
            "high": "0.1355",
            "low": "0.1355",
            "close": "0.1355"
        },
        {
            "time": "01.01.2021 02:36",
            "open": "0.1355",
            "high": "0.1357",
            "low": "0.1355",
            "close": "0.1365"
        },
        {
            "time": "01.01.2021 02:37",
            "open": "0.1365",
            "high": "0.1365",
            "low": "0.136",
            "close": "0.1362"
        },
        {
            "time": "01.01.2021 02:38",
            "open": "0.1362",
            "high": "0.1362",
            "low": "0.1362",
            "close": "0.1363"
        },
        {
            "time": "01.01.2021 02:39",
            "open": "0.1363",
            "high": "0.1365",
            "low": "0.1363",
            "close": "0.1363"
        },
        {
            "time": "01.01.2021 02:40",
            "open": "0.1363",
            "high": "0.137",
            "low": "0.1363",
            "close": "0.137"
        },
        {
            "time": "01.01.2021 02:41",
            "open": "0.137",
            "high": "0.138",
            "low": "0.137",
            "close": "0.138"
        },
        {
            "time": "01.01.2021 02:42",
            "open": "0.138",
            "high": "0.138",
            "low": "0.138",
            "close": "0.138"
        },
        {
            "time": "01.01.2021 02:43",
            "open": "0.138",
            "high": "0.138",
            "low": "0.138",
            "close": "0.1361"
        },
        {
            "time": "01.01.2021 02:44",
            "open": "0.1361",
            "high": "0.1361",
            "low": "0.1361",
            "close": "0.1362"
        },
        {
            "time": "01.01.2021 02:45",
            "open": "0.1362",
            "high": "0.1363",
            "low": "0.1362",
            "close": "0.137"
        },
        {
            "time": "01.01.2021 02:47",
            "open": "0.137",
            "high": "0.137",
            "low": "0.137",
            "close": "0.1362"
        },
        {
            "time": "01.01.2021 02:48",
            "open": "0.1362",
            "high": "0.1374",
            "low": "0.1362",
            "close": "0.1366"
        },
        {
            "time": "01.01.2021 02:54",
            "open": "0.1366",
            "high": "0.137",
            "low": "0.1366",
            "close": "0.1367"
        },
        {
            "time": "01.01.2021 02:55",
            "open": "0.1367",
            "high": "0.1379",
            "low": "0.1367",
            "close": "0.1366"
        },
        {
            "time": "01.01.2021 02:56",
            "open": "0.1366",
            "high": "0.1366",
            "low": "0.1366",
            "close": "0.1366"
        },
        {
            "time": "01.01.2021 02:57",
            "open": "0.1366",
            "high": "0.1367",
            "low": "0.1365",
            "close": "0.1365"
        },
        {
            "time": "01.01.2021 02:58",
            "open": "0.1365",
            "high": "0.1365",
            "low": "0.1365",
            "close": "0.1364"
        },
        {
            "time": "01.01.2021 02:59",
            "open": "0.1364",
            "high": "0.1367",
            "low": "0.1364",
            "close": "0.137"
        },
        {
            "time": "01.01.2021 03:01",
            "open": "0.137",
            "high": "0.137",
            "low": "0.137",
            "close": "0.1357"
        },
        {
            "time": "01.01.2021 03:04",
            "open": "0.1357",
            "high": "0.1358",
            "low": "0.1357",
            "close": "0.1358"
        },
        {
            "time": "01.01.2021 03:05",
            "open": "0.1358",
            "high": "0.1358",
            "low": "0.1358",
            "close": "0.1356"
        },
        {
            "time": "01.01.2021 03:06",
            "open": "0.1356",
            "high": "0.1356",
            "low": "0.1356",
            "close": "0.1361"
        },
        {
            "time": "01.01.2021 03:12",
            "open": "0.1361",
            "high": "0.1361",
            "low": "0.1361",
            "close": "0.136"
        },
        {
            "time": "01.01.2021 03:14",
            "open": "0.136",
            "high": "0.1364",
            "low": "0.136",
            "close": "0.1361"
        },
        {
            "time": "01.01.2021 03:23",
            "open": "0.1361",
            "high": "0.1361",
            "low": "0.1361",
            "close": "0.1361"
        },
        {
            "time": "01.01.2021 03:27",
            "open": "0.1361",
            "high": "0.1361",
            "low": "0.1361",
            "close": "0.1358"
        },
        {
            "time": "01.01.2021 03:31",
            "open": "0.1358",
            "high": "0.1358",
            "low": "0.1357",
            "close": "0.1357"
        },
        {
            "time": "01.01.2021 03:32",
            "open": "0.1357",
            "high": "0.1358",
            "low": "0.1357",
            "close": "0.1362"
        },
        {
            "time": "01.01.2021 03:37",
            "open": "0.1362",
            "high": "0.1363",
            "low": "0.1362",
            "close": "0.137"
        },
        {
            "time": "01.01.2021 03:41",
            "open": "0.137",
            "high": "0.137",
            "low": "0.137",
            "close": "0.1363"
        },
        {
            "time": "01.01.2021 03:43",
            "open": "0.1363",
            "high": "0.1366",
            "low": "0.1363",
            "close": "0.1363"
        },
        {
            "time": "01.01.2021 03:44",
            "open": "0.1363",
            "high": "0.1364",
            "low": "0.1363",
            "close": "0.1364"
        },
        {
            "time": "01.01.2021 03:45",
            "open": "0.1364",
            "high": "0.1364",
            "low": "0.1364",
            "close": "0.1364"
        },
        {
            "time": "01.01.2021 03:46",
            "open": "0.1364",
            "high": "0.1365",
            "low": "0.1362",
            "close": "0.1368"
        },
        {
            "time": "01.01.2021 03:51",
            "open": "0.1368",
            "high": "0.137",
            "low": "0.1364",
            "close": "0.1369"
        },
        {
            "time": "01.01.2021 03:52",
            "open": "0.1369",
            "high": "0.1378",
            "low": "0.1369",
            "close": "0.1367"
        },
        {
            "time": "01.01.2021 03:53",
            "open": "0.1367",
            "high": "0.1376",
            "low": "0.1367",
            "close": "0.1369"
        },
        {
            "time": "01.01.2021 03:58",
            "open": "0.1369",
            "high": "0.1369",
            "low": "0.1368",
            "close": "0.1365"
        },
        {
            "time": "01.01.2021 04:10",
            "open": "0.1365",
            "high": "0.1365",
            "low": "0.1364",
            "close": "0.1358"
        },
        {
            "time": "01.01.2021 04:15",
            "open": "0.1358",
            "high": "0.1358",
            "low": "0.1358",
            "close": "0.1358"
        },
        {
            "time": "01.01.2021 04:22",
            "open": "0.1358",
            "high": "0.1358",
            "low": "0.1358",
            "close": "0.1357"
        },
        {
            "time": "01.01.2021 04:23",
            "open": "0.1357",
            "high": "0.1357",
            "low": "0.1357",
            "close": "0.1353"
        },
        {
            "time": "01.01.2021 04:25",
            "open": "0.1353",
            "high": "0.1353",
            "low": "0.135",
            "close": "0.1349"
        },
        {
            "time": "01.01.2021 04:28",
            "open": "0.1349",
            "high": "0.1349",
            "low": "0.1349",
            "close": "0.1349"
        },
        {
            "time": "01.01.2021 04:30",
            "open": "0.1349",
            "high": "0.1354",
            "low": "0.1349",
            "close": "0.135"
        },
        {
            "time": "01.01.2021 04:31",
            "open": "0.135",
            "high": "0.135",
            "low": "0.135",
            "close": "0.1352"
        },
        {
            "time": "01.01.2021 04:32",
            "open": "0.1352",
            "high": "0.1352",
            "low": "0.1352",
            "close": "0.1356"
        },
        {
            "time": "01.01.2021 04:44",
            "open": "0.1356",
            "high": "0.136",
            "low": "0.1356",
            "close": "0.1358"
        },
        {
            "time": "01.01.2021 04:46",
            "open": "0.1358",
            "high": "0.1359",
            "low": "0.1358",
            "close": "0.1355"
        },
        {
            "time": "01.01.2021 04:48",
            "open": "0.1355",
            "high": "0.1355",
            "low": "0.1355",
            "close": "0.1351"
        },
        {
            "time": "01.01.2021 04:49",
            "open": "0.1351",
            "high": "0.1351",
            "low": "0.1351",
            "close": "0.1353"
        },
        {
            "time": "01.01.2021 04:50",
            "open": "0.1353",
            "high": "0.1353",
            "low": "0.1351",
            "close": "0.1353"
        },
        {
            "time": "01.01.2021 04:51",
            "open": "0.1353",
            "high": "0.1353",
            "low": "0.1353",
            "close": "0.1352"
        },
        {
            "time": "01.01.2021 05:11",
            "open": "0.1352",
            "high": "0.1359",
            "low": "0.1352",
            "close": "0.1349"
        },
        {
            "time": "01.01.2021 05:13",
            "open": "0.1349",
            "high": "0.1349",
            "low": "0.134",
            "close": "0.1341"
        },
        {
            "time": "01.01.2021 05:14",
            "open": "0.1341",
            "high": "0.1345",
            "low": "0.1341",
            "close": "0.1349"
        },
        {
            "time": "01.01.2021 05:15",
            "open": "0.1349",
            "high": "0.1349",
            "low": "0.1345",
            "close": "0.1354"
        },
        {
            "time": "01.01.2021 05:19",
            "open": "0.1354",
            "high": "0.1354",
            "low": "0.1354",
            "close": "0.1352"
        },
        {
            "time": "01.01.2021 05:22",
            "open": "0.1352",
            "high": "0.1353",
            "low": "0.1352",
            "close": "0.1351"
        },
        {
            "time": "01.01.2021 05:35",
            "open": "0.1351",
            "high": "0.1352",
            "low": "0.1351",
            "close": "0.1352"
        },
        {
            "time": "01.01.2021 05:36",
            "open": "0.1352",
            "high": "0.1353",
            "low": "0.1351",
            "close": "0.1354"
        },
        {
            "time": "01.01.2021 05:37",
            "open": "0.1354",
            "high": "0.1354",
            "low": "0.1354",
            "close": "0.1354"
        },
        {
            "time": "01.01.2021 05:40",
            "open": "0.1354",
            "high": "0.1354",
            "low": "0.1353",
            "close": "0.1353"
        },
        {
            "time": "01.01.2021 05:41",
            "open": "0.1353",
            "high": "0.1353",
            "low": "0.1352",
            "close": "0.1347"
        },
        {
            "time": "01.01.2021 05:44",
            "open": "0.1347",
            "high": "0.1348",
            "low": "0.1347",
            "close": "0.1344"
        },
        {
            "time": "01.01.2021 05:45",
            "open": "0.1344",
            "high": "0.1344",
            "low": "0.1344",
            "close": "0.1345"
        },
        {
            "time": "01.01.2021 05:46",
            "open": "0.1345",
            "high": "0.1348",
            "low": "0.1345",
            "close": "0.135"
        },
        {
            "time": "01.01.2021 05:47",
            "open": "0.135",
            "high": "0.135",
            "low": "0.135",
            "close": "0.1348"
        },
        {
            "time": "01.01.2021 05:49",
            "open": "0.1348",
            "high": "0.1348",
            "low": "0.1348",
            "close": "0.135"
        },
        {
            "time": "01.01.2021 05:56",
            "open": "0.135",
            "high": "0.135",
            "low": "0.135",
            "close": "0.1351"
        },
        {
            "time": "01.01.2021 06:00",
            "open": "0.1351",
            "high": "0.1351",
            "low": "0.1351",
            "close": "0.135"
        },
        {
            "time": "01.01.2021 06:03",
            "open": "0.135",
            "high": "0.135",
            "low": "0.135",
            "close": "0.135"
        },
        {
            "time": "01.01.2021 06:06",
            "open": "0.135",
            "high": "0.135",
            "low": "0.1349",
            "close": "0.1346"
        },
        {
            "time": "01.01.2021 06:08",
            "open": "0.1346",
            "high": "0.1346",
            "low": "0.1346",
            "close": "0.1346"
        },
        {
            "time": "01.01.2021 06:15",
            "open": "0.1346",
            "high": "0.1346",
            "low": "0.1346",
            "close": "0.1351"
        },
        {
            "time": "01.01.2021 06:18",
            "open": "0.1351",
            "high": "0.1367",
            "low": "0.1351",
            "close": "0.1367"
        },
        {
            "time": "01.01.2021 06:19",
            "open": "0.1367",
            "high": "0.1367",
            "low": "0.1366",
            "close": "0.1365"
        },
        {
            "time": "01.01.2021 06:20",
            "open": "0.1365",
            "high": "0.1365",
            "low": "0.1365",
            "close": "0.1366"
        },
        {
            "time": "01.01.2021 06:21",
            "open": "0.1366",
            "high": "0.1366",
            "low": "0.1366",
            "close": "0.1366"
        },
        {
            "time": "01.01.2021 06:22",
            "open": "0.1366",
            "high": "0.1367",
            "low": "0.1366",
            "close": "0.1367"
        },
        {
            "time": "01.01.2021 06:23",
            "open": "0.1367",
            "high": "0.1367",
            "low": "0.1357",
            "close": "0.1358"
        },
        {
            "time": "01.01.2021 06:25",
            "open": "0.1358",
            "high": "0.138",
            "low": "0.1358",
            "close": "0.1363"
        },
        {
            "time": "01.01.2021 06:26",
            "open": "0.1363",
            "high": "0.1363",
            "low": "0.1363",
            "close": "0.1358"
        },
        {
            "time": "01.01.2021 06:36",
            "open": "0.1358",
            "high": "0.1358",
            "low": "0.1358",
            "close": "0.1359"
        },
        {
            "time": "01.01.2021 06:38",
            "open": "0.1359",
            "high": "0.1359",
            "low": "0.1359",
            "close": "0.1359"
        },
        {
            "time": "01.01.2021 06:39",
            "open": "0.1359",
            "high": "0.1359",
            "low": "0.1359",
            "close": "0.1351"
        },
        {
            "time": "01.01.2021 06:41",
            "open": "0.1351",
            "high": "0.1357",
            "low": "0.1351",
            "close": "0.1358"
        },
        {
            "time": "01.01.2021 06:42",
            "open": "0.1358",
            "high": "0.1358",
            "low": "0.1358",
            "close": "0.136"
        },
        {
            "time": "01.01.2021 06:46",
            "open": "0.136",
            "high": "0.136",
            "low": "0.136",
            "close": "0.1365"
        },
        {
            "time": "01.01.2021 07:18",
            "open": "0.1365",
            "high": "0.1365",
            "low": "0.1365",
            "close": "0.137"
        },
        {
            "time": "01.01.2021 07:22",
            "open": "0.137",
            "high": "0.137",
            "low": "0.137",
            "close": "0.137"
        },
        {
            "time": "01.01.2021 07:23",
            "open": "0.137",
            "high": "0.137",
            "low": "0.137",
            "close": "0.1362"
        },
        {
            "time": "01.01.2021 07:36",
            "open": "0.1362",
            "high": "0.1362",
            "low": "0.136",
            "close": "0.136"
        },
        {
            "time": "01.01.2021 07:37",
            "open": "0.136",
            "high": "0.136",
            "low": "0.136",
            "close": "0.136"
        },
        {
            "time": "01.01.2021 07:38",
            "open": "0.136",
            "high": "0.136",
            "low": "0.136",
            "close": "0.136"
        },
        {
            "time": "01.01.2021 07:40",
            "open": "0.136",
            "high": "0.136",
            "low": "0.1359",
            "close": "0.136"
        },
        {
            "time": "01.01.2021 07:41",
            "open": "0.136",
            "high": "0.136",
            "low": "0.1359",
            "close": "0.1363"
        },
        {
            "time": "01.01.2021 07:42",
            "open": "0.1363",
            "high": "0.1363",
            "low": "0.1363",
            "close": "0.1361"
        },
        {
            "time": "01.01.2021 07:43",
            "open": "0.1361",
            "high": "0.1362",
            "low": "0.1361",
            "close": "0.1363"
        },
        {
            "time": "01.01.2021 07:51",
            "open": "0.1363",
            "high": "0.1363",
            "low": "0.1363",
            "close": "0.1363"
        },
        {
            "time": "01.01.2021 07:55",
            "open": "0.1363",
            "high": "0.1363",
            "low": "0.1363",
            "close": "0.1363"
        },
        {
            "time": "01.01.2021 07:58",
            "open": "0.1363",
            "high": "0.1375",
            "low": "0.1363",
            "close": "0.1362"
        },
        {
            "time": "01.01.2021 08:01",
            "open": "0.1362",
            "high": "0.1362",
            "low": "0.1362",
            "close": "0.136"
        },
        {
            "time": "01.01.2021 08:05",
            "open": "0.136",
            "high": "0.136",
            "low": "0.136",
            "close": "0.136"
        },
        {
            "time": "01.01.2021 08:08",
            "open": "0.136",
            "high": "0.136",
            "low": "0.136",
            "close": "0.1361"
        },
        {
            "time": "01.01.2021 08:09",
            "open": "0.1361",
            "high": "0.1361",
            "low": "0.1361",
            "close": "0.1357"
        },
        {
            "time": "01.01.2021 08:10",
            "open": "0.1357",
            "high": "0.1357",
            "low": "0.1357",
            "close": "0.136"
        },
        {
            "time": "01.01.2021 08:15",
            "open": "0.136",
            "high": "0.136",
            "low": "0.136",
            "close": "0.1352"
        },
        {
            "time": "01.01.2021 08:24",
            "open": "0.1352",
            "high": "0.1352",
            "low": "0.1352",
            "close": "0.1358"
        },
        {
            "time": "01.01.2021 08:32",
            "open": "0.1358",
            "high": "0.136",
            "low": "0.1358",
            "close": "0.136"
        },
        {
            "time": "01.01.2021 08:48",
            "open": "0.136",
            "high": "0.136",
            "low": "0.136",
            "close": "0.1353"
        },
        {
            "time": "01.01.2021 08:58",
            "open": "0.1353",
            "high": "0.1353",
            "low": "0.1353",
            "close": "0.1354"
        },
        {
            "time": "01.01.2021 09:11",
            "open": "0.1354",
            "high": "0.1354",
            "low": "0.1354",
            "close": "0.1362"
        },
        {
            "time": "01.01.2021 09:17",
            "open": "0.1362",
            "high": "0.1362",
            "low": "0.1362",
            "close": "0.1362"
        },
        {
            "time": "01.01.2021 09:19",
            "open": "0.1362",
            "high": "0.1362",
            "low": "0.1362",
            "close": "0.1362"
        },
        {
            "time": "01.01.2021 09:28",
            "open": "0.1362",
            "high": "0.1362",
            "low": "0.1362",
            "close": "0.1362"
        },
        {
            "time": "01.01.2021 09:29",
            "open": "0.1362",
            "high": "0.1362",
            "low": "0.1362",
            "close": "0.1365"
        },
        {
            "time": "01.01.2021 09:30",
            "open": "0.1365",
            "high": "0.1365",
            "low": "0.1365",
            "close": "0.1366"
        },
        {
            "time": "01.01.2021 09:33",
            "open": "0.1366",
            "high": "0.1366",
            "low": "0.1366",
            "close": "0.1368"
        },
        {
            "time": "01.01.2021 09:53",
            "open": "0.1368",
            "high": "0.1368",
            "low": "0.1368",
            "close": "0.1367"
        },
        {
            "time": "01.01.2021 09:56",
            "open": "0.1367",
            "high": "0.1367",
            "low": "0.1367",
            "close": "0.1372"
        },
        {
            "time": "01.01.2021 10:05",
            "open": "0.1372",
            "high": "0.1372",
            "low": "0.1372",
            "close": "0.1367"
        },
        {
            "time": "01.01.2021 10:15",
            "open": "0.1367",
            "high": "0.1367",
            "low": "0.1367",
            "close": "0.1373"
        },
        {
            "time": "01.01.2021 10:16",
            "open": "0.1373",
            "high": "0.1373",
            "low": "0.1372",
            "close": "0.1372"
        },
        {
            "time": "01.01.2021 10:22",
            "open": "0.1372",
            "high": "0.1372",
            "low": "0.1372",
            "close": "0.1373"
        },
        {
            "time": "01.01.2021 10:28",
            "open": "0.1373",
            "high": "0.1378",
            "low": "0.1373",
            "close": "0.1378"
        },
        {
            "time": "01.01.2021 10:35",
            "open": "0.1378",
            "high": "0.1378",
            "low": "0.1378",
            "close": "0.1374"
        },
        {
            "time": "01.01.2021 10:41",
            "open": "0.1374",
            "high": "0.1374",
            "low": "0.1374",
            "close": "0.1378"
        },
        {
            "time": "01.01.2021 10:58",
            "open": "0.1378",
            "high": "0.1378",
            "low": "0.1378",
            "close": "0.1375"
        },
        {
            "time": "01.01.2021 11:02",
            "open": "0.1375",
            "high": "0.1375",
            "low": "0.1375",
            "close": "0.1375"
        },
        {
            "time": "01.01.2021 11:04",
            "open": "0.1375",
            "high": "0.1375",
            "low": "0.1375",
            "close": "0.1375"
        },
        {
            "time": "01.01.2021 11:18",
            "open": "0.1375",
            "high": "0.1375",
            "low": "0.1372",
            "close": "0.1378"
        },
        {
            "time": "01.01.2021 11:20",
            "open": "0.1378",
            "high": "0.1378",
            "low": "0.1378",
            "close": "0.1377"
        },
        {
            "time": "01.01.2021 11:25",
            "open": "0.1377",
            "high": "0.1377",
            "low": "0.1377",
            "close": "0.1376"
        },
        {
            "time": "01.01.2021 11:36",
            "open": "0.1376",
            "high": "0.1376",
            "low": "0.1376",
            "close": "0.1374"
        },
        {
            "time": "01.01.2021 11:38",
            "open": "0.1374",
            "high": "0.1374",
            "low": "0.1374",
            "close": "0.1376"
        },
        {
            "time": "01.01.2021 11:39",
            "open": "0.1376",
            "high": "0.1376",
            "low": "0.1376",
            "close": "0.1375"
        },
        {
            "time": "01.01.2021 11:40",
            "open": "0.1375",
            "high": "0.1376",
            "low": "0.1374",
            "close": "0.1378"
        },
        {
            "time": "01.01.2021 11:42",
            "open": "0.1378",
            "high": "0.1378",
            "low": "0.1378",
            "close": "0.1378"
        },
        {
            "time": "01.01.2021 11:50",
            "open": "0.1378",
            "high": "0.1378",
            "low": "0.1378",
            "close": "0.1378"
        },
        {
            "time": "01.01.2021 11:53",
            "open": "0.1378",
            "high": "0.1378",
            "low": "0.1378",
            "close": "0.1377"
        },
        {
            "time": "01.01.2021 11:54",
            "open": "0.1377",
            "high": "0.1377",
            "low": "0.1377",
            "close": "0.1377"
        },
        {
            "time": "01.01.2021 11:56",
            "open": "0.1377",
            "high": "0.1377",
            "low": "0.1377",
            "close": "0.1377"
        },
        {
            "time": "01.01.2021 12:02",
            "open": "0.1377",
            "high": "0.1378",
            "low": "0.1377",
            "close": "0.1378"
        },
        {
            "time": "01.01.2021 12:03",
            "open": "0.1378",
            "high": "0.1381",
            "low": "0.1378",
            "close": "0.1379"
        },
        {
            "time": "01.01.2021 12:04",
            "open": "0.1379",
            "high": "0.138",
            "low": "0.1379",
            "close": "0.1379"
        },
        {
            "time": "01.01.2021 12:06",
            "open": "0.1379",
            "high": "0.138",
            "low": "0.1379",
            "close": "0.138"
        },
        {
            "time": "01.01.2021 12:07",
            "open": "0.138",
            "high": "0.138",
            "low": "0.138",
            "close": "0.138"
        },
        {
            "time": "01.01.2021 12:09",
            "open": "0.138",
            "high": "0.138",
            "low": "0.1379",
            "close": "0.1379"
        },
        {
            "time": "01.01.2021 12:10",
            "open": "0.1379",
            "high": "0.1379",
            "low": "0.1379",
            "close": "0.1379"
        },
        {
            "time": "01.01.2021 12:12",
            "open": "0.1379",
            "high": "0.1379",
            "low": "0.1379",
            "close": "0.1379"
        },
        {
            "time": "01.01.2021 12:13",
            "open": "0.1379",
            "high": "0.1379",
            "low": "0.1379",
            "close": "0.1379"
        },
        {
            "time": "01.01.2021 12:14",
            "open": "0.1379",
            "high": "0.1379",
            "low": "0.1379",
            "close": "0.1379"
        },
        {
            "time": "01.01.2021 12:18",
            "open": "0.1379",
            "high": "0.1379",
            "low": "0.1379",
            "close": "0.1378"
        },
        {
            "time": "01.01.2021 12:19",
            "open": "0.1378",
            "high": "0.1378",
            "low": "0.1378",
            "close": "0.1379"
        },
        {
            "time": "01.01.2021 12:20",
            "open": "0.1379",
            "high": "0.138",
            "low": "0.1378",
            "close": "0.138"
        },
        {
            "time": "01.01.2021 12:21",
            "open": "0.138",
            "high": "0.138",
            "low": "0.138",
            "close": "0.1383"
        },
        {
            "time": "01.01.2021 12:22",
            "open": "0.1383",
            "high": "0.1383",
            "low": "0.1381",
            "close": "0.138"
        },
        {
            "time": "01.01.2021 12:24",
            "open": "0.138",
            "high": "0.138",
            "low": "0.138",
            "close": "0.138"
        },
        {
            "time": "01.01.2021 12:25",
            "open": "0.138",
            "high": "0.138",
            "low": "0.1378",
            "close": "0.1372"
        },
        {
            "time": "01.01.2021 12:30",
            "open": "0.1372",
            "high": "0.1372",
            "low": "0.1372",
            "close": "0.1372"
        },
        {
            "time": "01.01.2021 12:31",
            "open": "0.1372",
            "high": "0.1372",
            "low": "0.1372",
            "close": "0.1372"
        },
        {
            "time": "01.01.2021 12:33",
            "open": "0.1372",
            "high": "0.1372",
            "low": "0.1371",
            "close": "0.1366"
        },
        {
            "time": "01.01.2021 12:36",
            "open": "0.1366",
            "high": "0.1366",
            "low": "0.1366",
            "close": "0.1365"
        },
        {
            "time": "01.01.2021 12:38",
            "open": "0.1365",
            "high": "0.1366",
            "low": "0.1365",
            "close": "0.1365"
        },
        {
            "time": "01.01.2021 12:39",
            "open": "0.1365",
            "high": "0.1365",
            "low": "0.1365",
            "close": "0.1366"
        },
        {
            "time": "01.01.2021 12:40",
            "open": "0.1366",
            "high": "0.1366",
            "low": "0.1365",
            "close": "0.1364"
        },
        {
            "time": "01.01.2021 12:42",
            "open": "0.1364",
            "high": "0.1366",
            "low": "0.1364",
            "close": "0.1366"
        },
        {
            "time": "01.01.2021 12:44",
            "open": "0.1366",
            "high": "0.1368",
            "low": "0.1365",
            "close": "0.1365"
        },
        {
            "time": "01.01.2021 12:45",
            "open": "0.1365",
            "high": "0.1366",
            "low": "0.1365",
            "close": "0.1366"
        },
        {
            "time": "01.01.2021 12:47",
            "open": "0.1366",
            "high": "0.1367",
            "low": "0.1366",
            "close": "0.1366"
        },
        {
            "time": "01.01.2021 12:51",
            "open": "0.1366",
            "high": "0.1375",
            "low": "0.1366",
            "close": "0.1377"
        },
        {
            "time": "01.01.2021 12:58",
            "open": "0.1377",
            "high": "0.1377",
            "low": "0.1377",
            "close": "0.138"
        },
        {
            "time": "01.01.2021 12:59",
            "open": "0.138",
            "high": "0.138",
            "low": "0.138",
            "close": "0.138"
        },
        {
            "time": "01.01.2021 13:01",
            "open": "0.138",
            "high": "0.138",
            "low": "0.138",
            "close": "0.138"
        },
        {
            "time": "01.01.2021 13:05",
            "open": "0.138",
            "high": "0.138",
            "low": "0.138",
            "close": "0.138"
        },
        {
            "time": "01.01.2021 13:06",
            "open": "0.138",
            "high": "0.138",
            "low": "0.1376",
            "close": "0.1383"
        },
        {
            "time": "01.01.2021 13:13",
            "open": "0.1383",
            "high": "0.1383",
            "low": "0.1383",
            "close": "0.1382"
        },
        {
            "time": "01.01.2021 13:15",
            "open": "0.1382",
            "high": "0.14",
            "low": "0.1382",
            "close": "0.1382"
        },
        {
            "time": "01.01.2021 13:16",
            "open": "0.1382",
            "high": "0.1388",
            "low": "0.1382",
            "close": "0.1389"
        },
        {
            "time": "01.01.2021 13:19",
            "open": "0.1389",
            "high": "0.1389",
            "low": "0.1389",
            "close": "0.139"
        },
        {
            "time": "01.01.2021 13:20",
            "open": "0.139",
            "high": "0.139",
            "low": "0.1389",
            "close": "0.1388"
        },
        {
            "time": "01.01.2021 13:21",
            "open": "0.1388",
            "high": "0.139",
            "low": "0.1382",
            "close": "0.1388"
        },
        {
            "time": "01.01.2021 13:26",
            "open": "0.1388",
            "high": "0.1389",
            "low": "0.1388",
            "close": "0.1389"
        },
        {
            "time": "01.01.2021 13:27",
            "open": "0.1389",
            "high": "0.1389",
            "low": "0.1389",
            "close": "0.1388"
        },
        {
            "time": "01.01.2021 13:29",
            "open": "0.1388",
            "high": "0.1388",
            "low": "0.1388",
            "close": "0.1386"
        },
        {
            "time": "01.01.2021 13:30",
            "open": "0.1386",
            "high": "0.1389",
            "low": "0.1386",
            "close": "0.1382"
        },
        {
            "time": "01.01.2021 13:35",
            "open": "0.1382",
            "high": "0.1382",
            "low": "0.138",
            "close": "0.1385"
        },
        {
            "time": "01.01.2021 13:36",
            "open": "0.1385",
            "high": "0.1386",
            "low": "0.1379",
            "close": "0.138"
        },
        {
            "time": "01.01.2021 13:39",
            "open": "0.138",
            "high": "0.1381",
            "low": "0.138",
            "close": "0.1379"
        },
        {
            "time": "01.01.2021 13:43",
            "open": "0.1379",
            "high": "0.1379",
            "low": "0.1379",
            "close": "0.1379"
        },
        {
            "time": "01.01.2021 13:50",
            "open": "0.1379",
            "high": "0.1382",
            "low": "0.1379",
            "close": "0.138"
        },
        {
            "time": "01.01.2021 13:51",
            "open": "0.138",
            "high": "0.14",
            "low": "0.1379",
            "close": "0.1381"
        },
        {
            "time": "01.01.2021 13:52",
            "open": "0.1381",
            "high": "0.1381",
            "low": "0.138",
            "close": "0.1379"
        },
        {
            "time": "01.01.2021 13:56",
            "open": "0.1379",
            "high": "0.1379",
            "low": "0.1379",
            "close": "0.138"
        },
        {
            "time": "01.01.2021 13:57",
            "open": "0.138",
            "high": "0.1386",
            "low": "0.138",
            "close": "0.1381"
        },
        {
            "time": "01.01.2021 13:58",
            "open": "0.1381",
            "high": "0.1381",
            "low": "0.1378",
            "close": "0.1378"
        },
        {
            "time": "01.01.2021 13:59",
            "open": "0.1378",
            "high": "0.1379",
            "low": "0.1378",
            "close": "0.1379"
        },
        {
            "time": "01.01.2021 14:00",
            "open": "0.1379",
            "high": "0.1379",
            "low": "0.1379",
            "close": "0.138"
        },
        {
            "time": "01.01.2021 14:07",
            "open": "0.138",
            "high": "0.138",
            "low": "0.138",
            "close": "0.1383"
        },
        {
            "time": "01.01.2021 14:16",
            "open": "0.1383",
            "high": "0.1383",
            "low": "0.1381",
            "close": "0.1381"
        },
        {
            "time": "01.01.2021 14:18",
            "open": "0.1381",
            "high": "0.1382",
            "low": "0.1381",
            "close": "0.1382"
        },
        {
            "time": "01.01.2021 14:20",
            "open": "0.1382",
            "high": "0.1398",
            "low": "0.1382",
            "close": "0.1389"
        },
        {
            "time": "01.01.2021 14:22",
            "open": "0.1389",
            "high": "0.1392",
            "low": "0.1389",
            "close": "0.1392"
        },
        {
            "time": "01.01.2021 14:23",
            "open": "0.1392",
            "high": "0.1397",
            "low": "0.1392",
            "close": "0.1397"
        },
        {
            "time": "01.01.2021 14:24",
            "open": "0.1397",
            "high": "0.1402",
            "low": "0.1397",
            "close": "0.1403"
        },
        {
            "time": "01.01.2021 14:25",
            "open": "0.1403",
            "high": "0.1407",
            "low": "0.1403",
            "close": "0.1407"
        },
        {
            "time": "01.01.2021 14:26",
            "open": "0.1407",
            "high": "0.1408",
            "low": "0.1407",
            "close": "0.1408"
        },
        {
            "time": "01.01.2021 14:27",
            "open": "0.1408",
            "high": "0.1408",
            "low": "0.1408",
            "close": "0.1407"
        },
        {
            "time": "01.01.2021 14:28",
            "open": "0.1407",
            "high": "0.1408",
            "low": "0.1407",
            "close": "0.1408"
        },
        {
            "time": "01.01.2021 14:29",
            "open": "0.1408",
            "high": "0.1409",
            "low": "0.1407",
            "close": "0.1408"
        },
        {
            "time": "01.01.2021 14:31",
            "open": "0.1408",
            "high": "0.1408",
            "low": "0.1407",
            "close": "0.1404"
        },
        {
            "time": "01.01.2021 14:32",
            "open": "0.1404",
            "high": "0.1404",
            "low": "0.1404",
            "close": "0.1404"
        },
        {
            "time": "01.01.2021 14:33",
            "open": "0.1404",
            "high": "0.1404",
            "low": "0.1402",
            "close": "0.1401"
        },
        {
            "time": "01.01.2021 14:34",
            "open": "0.1401",
            "high": "0.1401",
            "low": "0.1401",
            "close": "0.1402"
        },
        {
            "time": "01.01.2021 14:38",
            "open": "0.1402",
            "high": "0.1402",
            "low": "0.1402",
            "close": "0.1399"
        },
        {
            "time": "01.01.2021 14:39",
            "open": "0.1399",
            "high": "0.14",
            "low": "0.1399",
            "close": "0.1407"
        },
        {
            "time": "01.01.2021 14:40",
            "open": "0.1407",
            "high": "0.1407",
            "low": "0.1407",
            "close": "0.141"
        },
        {
            "time": "01.01.2021 14:44",
            "open": "0.141",
            "high": "0.141",
            "low": "0.141",
            "close": "0.1409"
        },
        {
            "time": "01.01.2021 14:46",
            "open": "0.1409",
            "high": "0.1409",
            "low": "0.1409",
            "close": "0.1409"
        },
        {
            "time": "01.01.2021 14:47",
            "open": "0.1409",
            "high": "0.1409",
            "low": "0.1409",
            "close": "0.141"
        },
        {
            "time": "01.01.2021 14:49",
            "open": "0.141",
            "high": "0.1414",
            "low": "0.141",
            "close": "0.1414"
        },
        {
            "time": "01.01.2021 14:52",
            "open": "0.1414",
            "high": "0.1414",
            "low": "0.1414",
            "close": "0.1412"
        },
        {
            "time": "01.01.2021 14:56",
            "open": "0.1412",
            "high": "0.1414",
            "low": "0.1412",
            "close": "0.1413"
        },
        {
            "time": "01.01.2021 14:59",
            "open": "0.1413",
            "high": "0.1413",
            "low": "0.1408",
            "close": "0.1413"
        },
        {
            "time": "01.01.2021 15:00",
            "open": "0.1413",
            "high": "0.1413",
            "low": "0.1413",
            "close": "0.141"
        },
        {
            "time": "01.01.2021 15:01",
            "open": "0.141",
            "high": "0.141",
            "low": "0.141",
            "close": "0.141"
        },
        {
            "time": "01.01.2021 15:02",
            "open": "0.141",
            "high": "0.141",
            "low": "0.141",
            "close": "0.14"
        },
        {
            "time": "01.01.2021 15:09",
            "open": "0.14",
            "high": "0.14",
            "low": "0.14",
            "close": "0.1401"
        },
        {
            "time": "01.01.2021 15:11",
            "open": "0.1401",
            "high": "0.141",
            "low": "0.1401",
            "close": "0.1405"
        },
        {
            "time": "01.01.2021 15:12",
            "open": "0.1405",
            "high": "0.1405",
            "low": "0.1404",
            "close": "0.141"
        },
        {
            "time": "01.01.2021 15:17",
            "open": "0.141",
            "high": "0.1429",
            "low": "0.141",
            "close": "0.1426"
        },
        {
            "time": "01.01.2021 15:18",
            "open": "0.1426",
            "high": "0.1426",
            "low": "0.1426",
            "close": "0.1429"
        },
        {
            "time": "01.01.2021 15:21",
            "open": "0.1429",
            "high": "0.1429",
            "low": "0.1427",
            "close": "0.1427"
        },
        {
            "time": "01.01.2021 15:22",
            "open": "0.1427",
            "high": "0.1427",
            "low": "0.1427",
            "close": "0.1429"
        },
        {
            "time": "01.01.2021 15:23",
            "open": "0.1429",
            "high": "0.1436",
            "low": "0.1429",
            "close": "0.1435"
        },
        {
            "time": "01.01.2021 15:24",
            "open": "0.1435",
            "high": "0.1435",
            "low": "0.1435",
            "close": "0.1436"
        },
        {
            "time": "01.01.2021 15:25",
            "open": "0.1436",
            "high": "0.1436",
            "low": "0.1434",
            "close": "0.1428"
        },
        {
            "time": "01.01.2021 15:26",
            "open": "0.1428",
            "high": "0.1429",
            "low": "0.1412",
            "close": "0.1421"
        },
        {
            "time": "01.01.2021 15:28",
            "open": "0.1421",
            "high": "0.1424",
            "low": "0.1421",
            "close": "0.1424"
        },
        {
            "time": "01.01.2021 15:29",
            "open": "0.1424",
            "high": "0.1426",
            "low": "0.1424",
            "close": "0.1426"
        },
        {
            "time": "01.01.2021 15:30",
            "open": "0.1426",
            "high": "0.1426",
            "low": "0.1426",
            "close": "0.1424"
        },
        {
            "time": "01.01.2021 15:32",
            "open": "0.1424",
            "high": "0.1424",
            "low": "0.1422",
            "close": "0.1422"
        },
        {
            "time": "01.01.2021 15:33",
            "open": "0.1422",
            "high": "0.1422",
            "low": "0.1422",
            "close": "0.1422"
        },
        {
            "time": "01.01.2021 15:34",
            "open": "0.1422",
            "high": "0.1422",
            "low": "0.1422",
            "close": "0.1422"
        },
        {
            "time": "01.01.2021 15:35",
            "open": "0.1422",
            "high": "0.1422",
            "low": "0.1412",
            "close": "0.141"
        },
        {
            "time": "01.01.2021 15:36",
            "open": "0.141",
            "high": "0.141",
            "low": "0.1391",
            "close": "0.1395"
        },
        {
            "time": "01.01.2021 15:37",
            "open": "0.1395",
            "high": "0.1415",
            "low": "0.1395",
            "close": "0.1409"
        },
        {
            "time": "01.01.2021 15:38",
            "open": "0.1409",
            "high": "0.1409",
            "low": "0.1407",
            "close": "0.1411"
        },
        {
            "time": "01.01.2021 15:39",
            "open": "0.1411",
            "high": "0.1411",
            "low": "0.1411",
            "close": "0.1417"
        },
        {
            "time": "01.01.2021 15:40",
            "open": "0.1417",
            "high": "0.1417",
            "low": "0.1417",
            "close": "0.1414"
        },
        {
            "time": "01.01.2021 15:41",
            "open": "0.1414",
            "high": "0.1414",
            "low": "0.141",
            "close": "0.141"
        },
        {
            "time": "01.01.2021 15:42",
            "open": "0.141",
            "high": "0.141",
            "low": "0.1404",
            "close": "0.1406"
        },
        {
            "time": "01.01.2021 15:43",
            "open": "0.1406",
            "high": "0.1406",
            "low": "0.1405",
            "close": "0.1406"
        },
        {
            "time": "01.01.2021 15:44",
            "open": "0.1406",
            "high": "0.1406",
            "low": "0.1406",
            "close": "0.1403"
        },
        {
            "time": "01.01.2021 15:45",
            "open": "0.1403",
            "high": "0.1403",
            "low": "0.1398",
            "close": "0.1408"
        },
        {
            "time": "01.01.2021 15:46",
            "open": "0.1408",
            "high": "0.1408",
            "low": "0.1402",
            "close": "0.1403"
        },
        {
            "time": "01.01.2021 15:47",
            "open": "0.1403",
            "high": "0.1403",
            "low": "0.1403",
            "close": "0.1403"
        },
        {
            "time": "01.01.2021 15:48",
            "open": "0.1403",
            "high": "0.141",
            "low": "0.1403",
            "close": "0.1403"
        },
        {
            "time": "01.01.2021 15:49",
            "open": "0.1403",
            "high": "0.1403",
            "low": "0.1403",
            "close": "0.1406"
        },
        {
            "time": "01.01.2021 15:51",
            "open": "0.1406",
            "high": "0.1406",
            "low": "0.1406",
            "close": "0.1407"
        },
        {
            "time": "01.01.2021 15:52",
            "open": "0.1407",
            "high": "0.1416",
            "low": "0.1407",
            "close": "0.1417"
        },
        {
            "time": "01.01.2021 15:53",
            "open": "0.1417",
            "high": "0.1419",
            "low": "0.1408",
            "close": "0.1409"
        },
        {
            "time": "01.01.2021 15:54",
            "open": "0.1409",
            "high": "0.1419",
            "low": "0.1409",
            "close": "0.1413"
        },
        {
            "time": "01.01.2021 15:55",
            "open": "0.1413",
            "high": "0.1423",
            "low": "0.1413",
            "close": "0.1414"
        },
        {
            "time": "01.01.2021 15:56",
            "open": "0.1414",
            "high": "0.1417",
            "low": "0.1414",
            "close": "0.1414"
        },
        {
            "time": "01.01.2021 15:57",
            "open": "0.1414",
            "high": "0.1416",
            "low": "0.1414",
            "close": "0.1416"
        },
        {
            "time": "01.01.2021 15:58",
            "open": "0.1416",
            "high": "0.1422",
            "low": "0.1415",
            "close": "0.1415"
        },
        {
            "time": "01.01.2021 15:59",
            "open": "0.1415",
            "high": "0.1415",
            "low": "0.1415",
            "close": "0.1415"
        },
        {
            "time": "01.01.2021 16:00",
            "open": "0.1415",
            "high": "0.1415",
            "low": "0.1415",
            "close": "0.1415"
        },
        {
            "time": "01.01.2021 16:01",
            "open": "0.1415",
            "high": "0.1415",
            "low": "0.1414",
            "close": "0.142"
        },
        {
            "time": "01.01.2021 16:02",
            "open": "0.142",
            "high": "0.1422",
            "low": "0.142",
            "close": "0.1422"
        },
        {
            "time": "01.01.2021 16:05",
            "open": "0.1422",
            "high": "0.1422",
            "low": "0.1409",
            "close": "0.1423"
        },
        {
            "time": "01.01.2021 16:06",
            "open": "0.1423",
            "high": "0.1424",
            "low": "0.1423",
            "close": "0.1424"
        },
        {
            "time": "01.01.2021 16:07",
            "open": "0.1424",
            "high": "0.1429",
            "low": "0.1423",
            "close": "0.1423"
        },
        {
            "time": "01.01.2021 16:08",
            "open": "0.1423",
            "high": "0.1424",
            "low": "0.1423",
            "close": "0.1424"
        },
        {
            "time": "01.01.2021 16:09",
            "open": "0.1424",
            "high": "0.1424",
            "low": "0.1424",
            "close": "0.1424"
        },
        {
            "time": "01.01.2021 16:10",
            "open": "0.1424",
            "high": "0.1424",
            "low": "0.1423",
            "close": "0.1423"
        },
        {
            "time": "01.01.2021 16:11",
            "open": "0.1423",
            "high": "0.1423",
            "low": "0.1423",
            "close": "0.1423"
        },
        {
            "time": "01.01.2021 16:12",
            "open": "0.1423",
            "high": "0.1425",
            "low": "0.1423",
            "close": "0.1425"
        },
        {
            "time": "01.01.2021 16:13",
            "open": "0.1425",
            "high": "0.1425",
            "low": "0.1423",
            "close": "0.1423"
        },
        {
            "time": "01.01.2021 16:14",
            "open": "0.1423",
            "high": "0.1424",
            "low": "0.1423",
            "close": "0.1425"
        },
        {
            "time": "01.01.2021 16:15",
            "open": "0.1425",
            "high": "0.1425",
            "low": "0.1423",
            "close": "0.1423"
        },
        {
            "time": "01.01.2021 16:16",
            "open": "0.1423",
            "high": "0.1423",
            "low": "0.1421",
            "close": "0.1421"
        },
        {
            "time": "01.01.2021 16:17",
            "open": "0.1421",
            "high": "0.1421",
            "low": "0.1415",
            "close": "0.1422"
        },
        {
            "time": "01.01.2021 16:18",
            "open": "0.1422",
            "high": "0.1427",
            "low": "0.1422",
            "close": "0.1422"
        },
        {
            "time": "01.01.2021 16:22",
            "open": "0.1422",
            "high": "0.1422",
            "low": "0.1421",
            "close": "0.1417"
        },
        {
            "time": "01.01.2021 16:23",
            "open": "0.1417",
            "high": "0.142",
            "low": "0.1417",
            "close": "0.1417"
        },
        {
            "time": "01.01.2021 16:24",
            "open": "0.1417",
            "high": "0.1417",
            "low": "0.1417",
            "close": "0.1423"
        },
        {
            "time": "01.01.2021 16:27",
            "open": "0.1423",
            "high": "0.1423",
            "low": "0.1423",
            "close": "0.1423"
        },
        {
            "time": "01.01.2021 16:28",
            "open": "0.1423",
            "high": "0.1423",
            "low": "0.1423",
            "close": "0.1426"
        },
        {
            "time": "01.01.2021 16:31",
            "open": "0.1426",
            "high": "0.1426",
            "low": "0.1426",
            "close": "0.1429"
        },
        {
            "time": "01.01.2021 16:32",
            "open": "0.1429",
            "high": "0.1429",
            "low": "0.1429",
            "close": "0.1429"
        },
        {
            "time": "01.01.2021 16:33",
            "open": "0.1429",
            "high": "0.1429",
            "low": "0.1429",
            "close": "0.1429"
        },
        {
            "time": "01.01.2021 16:37",
            "open": "0.1429",
            "high": "0.1431",
            "low": "0.1429",
            "close": "0.1428"
        },
        {
            "time": "01.01.2021 16:38",
            "open": "0.1428",
            "high": "0.1428",
            "low": "0.1428",
            "close": "0.1429"
        },
        {
            "time": "01.01.2021 16:39",
            "open": "0.1429",
            "high": "0.1429",
            "low": "0.1429",
            "close": "0.1431"
        },
        {
            "time": "01.01.2021 16:40",
            "open": "0.1431",
            "high": "0.1435",
            "low": "0.1431",
            "close": "0.1428"
        },
        {
            "time": "01.01.2021 16:42",
            "open": "0.1428",
            "high": "0.1428",
            "low": "0.142",
            "close": "0.1434"
        },
        {
            "time": "01.01.2021 16:45",
            "open": "0.1434",
            "high": "0.1434",
            "low": "0.1434",
            "close": "0.1432"
        },
        {
            "time": "01.01.2021 16:46",
            "open": "0.1432",
            "high": "0.1432",
            "low": "0.1432",
            "close": "0.1433"
        },
        {
            "time": "01.01.2021 16:47",
            "open": "0.1433",
            "high": "0.1434",
            "low": "0.1433",
            "close": "0.1433"
        },
        {
            "time": "01.01.2021 16:48",
            "open": "0.1433",
            "high": "0.1433",
            "low": "0.1433",
            "close": "0.1431"
        },
        {
            "time": "01.01.2021 16:49",
            "open": "0.1431",
            "high": "0.1431",
            "low": "0.1431",
            "close": "0.143"
        },
        {
            "time": "01.01.2021 16:50",
            "open": "0.143",
            "high": "0.1431",
            "low": "0.143",
            "close": "0.1432"
        },
        {
            "time": "01.01.2021 16:51",
            "open": "0.1432",
            "high": "0.1432",
            "low": "0.1432",
            "close": "0.1432"
        },
        {
            "time": "01.01.2021 16:52",
            "open": "0.1432",
            "high": "0.1432",
            "low": "0.1432",
            "close": "0.1431"
        },
        {
            "time": "01.01.2021 16:53",
            "open": "0.1431",
            "high": "0.1431",
            "low": "0.1431",
            "close": "0.1431"
        },
        {
            "time": "01.01.2021 16:54",
            "open": "0.1431",
            "high": "0.1432",
            "low": "0.1431",
            "close": "0.143"
        },
        {
            "time": "01.01.2021 16:55",
            "open": "0.143",
            "high": "0.1431",
            "low": "0.1405",
            "close": "0.1426"
        },
        {
            "time": "01.01.2021 16:56",
            "open": "0.1426",
            "high": "0.1427",
            "low": "0.1424",
            "close": "0.1427"
        },
        {
            "time": "01.01.2021 17:01",
            "open": "0.1427",
            "high": "0.1427",
            "low": "0.1427",
            "close": "0.1424"
        },
        {
            "time": "01.01.2021 17:05",
            "open": "0.1424",
            "high": "0.1424",
            "low": "0.1424",
            "close": "0.1425"
        },
        {
            "time": "01.01.2021 17:10",
            "open": "0.1425",
            "high": "0.1425",
            "low": "0.1425",
            "close": "0.1425"
        },
        {
            "time": "01.01.2021 17:11",
            "open": "0.1425",
            "high": "0.1435",
            "low": "0.1425",
            "close": "0.1435"
        },
        {
            "time": "01.01.2021 17:12",
            "open": "0.1435",
            "high": "0.1435",
            "low": "0.1435",
            "close": "0.1435"
        },
        {
            "time": "01.01.2021 17:13",
            "open": "0.1435",
            "high": "0.1435",
            "low": "0.1432",
            "close": "0.1432"
        },
        {
            "time": "01.01.2021 17:17",
            "open": "0.1432",
            "high": "0.1432",
            "low": "0.1432",
            "close": "0.1432"
        },
        {
            "time": "01.01.2021 17:18",
            "open": "0.1432",
            "high": "0.1432",
            "low": "0.1432",
            "close": "0.1432"
        },
        {
            "time": "01.01.2021 17:19",
            "open": "0.1432",
            "high": "0.1432",
            "low": "0.1432",
            "close": "0.143"
        },
        {
            "time": "01.01.2021 17:22",
            "open": "0.143",
            "high": "0.143",
            "low": "0.143",
            "close": "0.143"
        },
        {
            "time": "01.01.2021 17:24",
            "open": "0.143",
            "high": "0.143",
            "low": "0.143",
            "close": "0.1426"
        },
        {
            "time": "01.01.2021 17:27",
            "open": "0.1426",
            "high": "0.1429",
            "low": "0.1426",
            "close": "0.143"
        },
        {
            "time": "01.01.2021 17:31",
            "open": "0.143",
            "high": "0.143",
            "low": "0.143",
            "close": "0.143"
        },
        {
            "time": "01.01.2021 17:32",
            "open": "0.143",
            "high": "0.143",
            "low": "0.1424",
            "close": "0.1424"
        },
        {
            "time": "01.01.2021 17:33",
            "open": "0.1424",
            "high": "0.1428",
            "low": "0.1423",
            "close": "0.1428"
        },
        {
            "time": "01.01.2021 17:35",
            "open": "0.1428",
            "high": "0.1428",
            "low": "0.1428",
            "close": "0.143"
        },
        {
            "time": "01.01.2021 17:38",
            "open": "0.143",
            "high": "0.143",
            "low": "0.143",
            "close": "0.1425"
        },
        {
            "time": "01.01.2021 17:39",
            "open": "0.1425",
            "high": "0.1425",
            "low": "0.1421",
            "close": "0.1422"
        },
        {
            "time": "01.01.2021 17:40",
            "open": "0.1422",
            "high": "0.1423",
            "low": "0.1422",
            "close": "0.142"
        },
        {
            "time": "01.01.2021 17:41",
            "open": "0.142",
            "high": "0.142",
            "low": "0.142",
            "close": "0.1425"
        },
        {
            "time": "01.01.2021 17:46",
            "open": "0.1425",
            "high": "0.1427",
            "low": "0.1425",
            "close": "0.1426"
        },
        {
            "time": "01.01.2021 17:47",
            "open": "0.1426",
            "high": "0.1426",
            "low": "0.1426",
            "close": "0.1422"
        },
        {
            "time": "01.01.2021 17:48",
            "open": "0.1422",
            "high": "0.1422",
            "low": "0.1421",
            "close": "0.1422"
        },
        {
            "time": "01.01.2021 17:49",
            "open": "0.1422",
            "high": "0.1422",
            "low": "0.1421",
            "close": "0.142"
        },
        {
            "time": "01.01.2021 17:51",
            "open": "0.142",
            "high": "0.142",
            "low": "0.142",
            "close": "0.1424"
        },
        {
            "time": "01.01.2021 17:52",
            "open": "0.1424",
            "high": "0.1424",
            "low": "0.1413",
            "close": "0.142"
        },
        {
            "time": "01.01.2021 17:53",
            "open": "0.142",
            "high": "0.1422",
            "low": "0.1419",
            "close": "0.1421"
        },
        {
            "time": "01.01.2021 17:58",
            "open": "0.1421",
            "high": "0.1421",
            "low": "0.1421",
            "close": "0.1421"
        },
        {
            "time": "01.01.2021 18:03",
            "open": "0.1421",
            "high": "0.1421",
            "low": "0.1419",
            "close": "0.1419"
        },
        {
            "time": "01.01.2021 18:06",
            "open": "0.1419",
            "high": "0.1419",
            "low": "0.1419",
            "close": "0.1419"
        },
        {
            "time": "01.01.2021 18:07",
            "open": "0.1419",
            "high": "0.1419",
            "low": "0.1419",
            "close": "0.142"
        },
        {
            "time": "01.01.2021 18:08",
            "open": "0.142",
            "high": "0.1421",
            "low": "0.142",
            "close": "0.142"
        },
        {
            "time": "01.01.2021 18:09",
            "open": "0.142",
            "high": "0.142",
            "low": "0.142",
            "close": "0.1422"
        },
        {
            "time": "01.01.2021 18:10",
            "open": "0.1422",
            "high": "0.1427",
            "low": "0.1421",
            "close": "0.1419"
        },
        {
            "time": "01.01.2021 18:11",
            "open": "0.1419",
            "high": "0.1419",
            "low": "0.1419",
            "close": "0.1419"
        },
        {
            "time": "01.01.2021 18:12",
            "open": "0.1419",
            "high": "0.1419",
            "low": "0.1419",
            "close": "0.1421"
        },
        {
            "time": "01.01.2021 18:16",
            "open": "0.1421",
            "high": "0.1421",
            "low": "0.1421",
            "close": "0.1421"
        },
        {
            "time": "01.01.2021 18:17",
            "open": "0.1421",
            "high": "0.1421",
            "low": "0.1421",
            "close": "0.1415"
        },
        {
            "time": "01.01.2021 18:18",
            "open": "0.1415",
            "high": "0.1415",
            "low": "0.1415",
            "close": "0.1417"
        },
        {
            "time": "01.01.2021 18:21",
            "open": "0.1417",
            "high": "0.1419",
            "low": "0.1414",
            "close": "0.1419"
        },
        {
            "time": "01.01.2021 18:23",
            "open": "0.1419",
            "high": "0.1419",
            "low": "0.1419",
            "close": "0.1419"
        },
        {
            "time": "01.01.2021 18:24",
            "open": "0.1419",
            "high": "0.1422",
            "low": "0.1419",
            "close": "0.1416"
        },
        {
            "time": "01.01.2021 18:25",
            "open": "0.1416",
            "high": "0.1416",
            "low": "0.1416",
            "close": "0.142"
        },
        {
            "time": "01.01.2021 18:26",
            "open": "0.142",
            "high": "0.142",
            "low": "0.142",
            "close": "0.142"
        },
        {
            "time": "01.01.2021 18:27",
            "open": "0.142",
            "high": "0.142",
            "low": "0.1414",
            "close": "0.1419"
        },
        {
            "time": "01.01.2021 18:28",
            "open": "0.1419",
            "high": "0.1419",
            "low": "0.1414",
            "close": "0.1414"
        },
        {
            "time": "01.01.2021 18:30",
            "open": "0.1414",
            "high": "0.1414",
            "low": "0.1414",
            "close": "0.1418"
        },
        {
            "time": "01.01.2021 18:32",
            "open": "0.1418",
            "high": "0.1418",
            "low": "0.1418",
            "close": "0.1402"
        },
        {
            "time": "01.01.2021 18:35",
            "open": "0.1402",
            "high": "0.1408",
            "low": "0.1402",
            "close": "0.1408"
        },
        {
            "time": "01.01.2021 18:36",
            "open": "0.1408",
            "high": "0.1414",
            "low": "0.1408",
            "close": "0.1403"
        },
        {
            "time": "01.01.2021 18:39",
            "open": "0.1403",
            "high": "0.1403",
            "low": "0.1403",
            "close": "0.1403"
        },
        {
            "time": "01.01.2021 18:42",
            "open": "0.1403",
            "high": "0.1403",
            "low": "0.14",
            "close": "0.1403"
        },
        {
            "time": "01.01.2021 18:43",
            "open": "0.1403",
            "high": "0.1403",
            "low": "0.1403",
            "close": "0.14"
        },
        {
            "time": "01.01.2021 18:45",
            "open": "0.14",
            "high": "0.1405",
            "low": "0.14",
            "close": "0.14"
        },
        {
            "time": "01.01.2021 18:46",
            "open": "0.14",
            "high": "0.14",
            "low": "0.14",
            "close": "0.14"
        },
        {
            "time": "01.01.2021 18:47",
            "open": "0.14",
            "high": "0.14",
            "low": "0.14",
            "close": "0.14"
        },
        {
            "time": "01.01.2021 18:48",
            "open": "0.14",
            "high": "0.14",
            "low": "0.14",
            "close": "0.1402"
        },
        {
            "time": "01.01.2021 18:50",
            "open": "0.1402",
            "high": "0.1402",
            "low": "0.1402",
            "close": "0.1402"
        },
        {
            "time": "01.01.2021 18:51",
            "open": "0.1402",
            "high": "0.1402",
            "low": "0.1402",
            "close": "0.14"
        },
        {
            "time": "01.01.2021 18:52",
            "open": "0.14",
            "high": "0.14",
            "low": "0.14",
            "close": "0.14"
        },
        {
            "time": "01.01.2021 18:53",
            "open": "0.14",
            "high": "0.14",
            "low": "0.14",
            "close": "0.1403"
        },
        {
            "time": "01.01.2021 18:58",
            "open": "0.1403",
            "high": "0.1404",
            "low": "0.1401",
            "close": "0.1404"
        },
        {
            "time": "01.01.2021 18:59",
            "open": "0.1404",
            "high": "0.1405",
            "low": "0.1398",
            "close": "0.14"
        },
        {
            "time": "01.01.2021 19:00",
            "open": "0.14",
            "high": "0.14",
            "low": "0.1399",
            "close": "0.1398"
        },
        {
            "time": "01.01.2021 19:01",
            "open": "0.1398",
            "high": "0.1398",
            "low": "0.1396",
            "close": "0.1398"
        },
        {
            "time": "01.01.2021 19:02",
            "open": "0.1398",
            "high": "0.1398",
            "low": "0.1398",
            "close": "0.1398"
        },
        {
            "time": "01.01.2021 19:03",
            "open": "0.1398",
            "high": "0.1398",
            "low": "0.1398",
            "close": "0.14"
        },
        {
            "time": "01.01.2021 19:04",
            "open": "0.14",
            "high": "0.1406",
            "low": "0.1399",
            "close": "0.1405"
        },
        {
            "time": "01.01.2021 19:06",
            "open": "0.1405",
            "high": "0.1405",
            "low": "0.1403",
            "close": "0.1401"
        },
        {
            "time": "01.01.2021 19:08",
            "open": "0.1401",
            "high": "0.1401",
            "low": "0.1401",
            "close": "0.1403"
        },
        {
            "time": "01.01.2021 19:09",
            "open": "0.1403",
            "high": "0.1403",
            "low": "0.1403",
            "close": "0.1399"
        },
        {
            "time": "01.01.2021 19:10",
            "open": "0.1399",
            "high": "0.1399",
            "low": "0.1399",
            "close": "0.1403"
        },
        {
            "time": "01.01.2021 19:12",
            "open": "0.1403",
            "high": "0.1403",
            "low": "0.1403",
            "close": "0.14"
        },
        {
            "time": "01.01.2021 19:13",
            "open": "0.14",
            "high": "0.1402",
            "low": "0.14",
            "close": "0.1402"
        },
        {
            "time": "01.01.2021 19:14",
            "open": "0.1402",
            "high": "0.1402",
            "low": "0.1399",
            "close": "0.1403"
        },
        {
            "time": "01.01.2021 19:16",
            "open": "0.1403",
            "high": "0.1403",
            "low": "0.1403",
            "close": "0.1403"
        },
        {
            "time": "01.01.2021 19:17",
            "open": "0.1403",
            "high": "0.1412",
            "low": "0.1403",
            "close": "0.1414"
        },
        {
            "time": "01.01.2021 19:20",
            "open": "0.1414",
            "high": "0.142",
            "low": "0.1413",
            "close": "0.1413"
        },
        {
            "time": "01.01.2021 19:24",
            "open": "0.1413",
            "high": "0.1413",
            "low": "0.1413",
            "close": "0.1413"
        },
        {
            "time": "01.01.2021 19:25",
            "open": "0.1413",
            "high": "0.1413",
            "low": "0.1412",
            "close": "0.1403"
        },
        {
            "time": "01.01.2021 19:29",
            "open": "0.1403",
            "high": "0.1403",
            "low": "0.1403",
            "close": "0.14"
        },
        {
            "time": "01.01.2021 19:31",
            "open": "0.14",
            "high": "0.14",
            "low": "0.14",
            "close": "0.1399"
        },
        {
            "time": "01.01.2021 19:32",
            "open": "0.1399",
            "high": "0.1399",
            "low": "0.1399",
            "close": "0.14"
        },
        {
            "time": "01.01.2021 19:38",
            "open": "0.14",
            "high": "0.14",
            "low": "0.14",
            "close": "0.1398"
        },
        {
            "time": "01.01.2021 19:41",
            "open": "0.1398",
            "high": "0.1398",
            "low": "0.1398",
            "close": "0.1398"
        },
        {
            "time": "01.01.2021 19:42",
            "open": "0.1398",
            "high": "0.1398",
            "low": "0.1397",
            "close": "0.1398"
        },
        {
            "time": "01.01.2021 19:43",
            "open": "0.1398",
            "high": "0.1398",
            "low": "0.1395",
            "close": "0.1396"
        },
        {
            "time": "01.01.2021 19:44",
            "open": "0.1396",
            "high": "0.1396",
            "low": "0.139",
            "close": "0.139"
        },
        {
            "time": "01.01.2021 19:46",
            "open": "0.139",
            "high": "0.139",
            "low": "0.1388",
            "close": "0.1388"
        },
        {
            "time": "01.01.2021 19:47",
            "open": "0.1388",
            "high": "0.1388",
            "low": "0.138",
            "close": "0.1379"
        },
        {
            "time": "01.01.2021 19:50",
            "open": "0.1379",
            "high": "0.138",
            "low": "0.1379",
            "close": "0.1384"
        },
        {
            "time": "01.01.2021 19:54",
            "open": "0.1384",
            "high": "0.139",
            "low": "0.1384",
            "close": "0.1382"
        },
        {
            "time": "01.01.2021 19:55",
            "open": "0.1382",
            "high": "0.1384",
            "low": "0.1382",
            "close": "0.1382"
        },
        {
            "time": "01.01.2021 19:56",
            "open": "0.1382",
            "high": "0.1382",
            "low": "0.1381",
            "close": "0.1383"
        },
        {
            "time": "01.01.2021 19:58",
            "open": "0.1383",
            "high": "0.1383",
            "low": "0.1383",
            "close": "0.1383"
        },
        {
            "time": "01.01.2021 20:03",
            "open": "0.1383",
            "high": "0.1383",
            "low": "0.1383",
            "close": "0.1381"
        },
        {
            "time": "01.01.2021 20:04",
            "open": "0.1381",
            "high": "0.1381",
            "low": "0.1379",
            "close": "0.1381"
        },
        {
            "time": "01.01.2021 20:05",
            "open": "0.1381",
            "high": "0.1381",
            "low": "0.1381",
            "close": "0.1381"
        },
        {
            "time": "01.01.2021 20:07",
            "open": "0.1381",
            "high": "0.1383",
            "low": "0.1381",
            "close": "0.1379"
        },
        {
            "time": "01.01.2021 20:09",
            "open": "0.1379",
            "high": "0.1379",
            "low": "0.1379",
            "close": "0.1379"
        },
        {
            "time": "01.01.2021 20:10",
            "open": "0.1379",
            "high": "0.1379",
            "low": "0.1379",
            "close": "0.1379"
        },
        {
            "time": "01.01.2021 20:12",
            "open": "0.1379",
            "high": "0.1379",
            "low": "0.1379",
            "close": "0.138"
        },
        {
            "time": "01.01.2021 20:13",
            "open": "0.138",
            "high": "0.1384",
            "low": "0.138",
            "close": "0.1384"
        },
        {
            "time": "01.01.2021 20:17",
            "open": "0.1384",
            "high": "0.1384",
            "low": "0.1382",
            "close": "0.1382"
        },
        {
            "time": "01.01.2021 20:18",
            "open": "0.1382",
            "high": "0.1382",
            "low": "0.1369",
            "close": "0.1369"
        },
        {
            "time": "01.01.2021 20:19",
            "open": "0.1369",
            "high": "0.1369",
            "low": "0.1368",
            "close": "0.1368"
        },
        {
            "time": "01.01.2021 20:20",
            "open": "0.1368",
            "high": "0.1368",
            "low": "0.1368",
            "close": "0.1369"
        },
        {
            "time": "01.01.2021 20:21",
            "open": "0.1369",
            "high": "0.1369",
            "low": "0.1369",
            "close": "0.1368"
        },
        {
            "time": "01.01.2021 20:24",
            "open": "0.1368",
            "high": "0.1368",
            "low": "0.1368",
            "close": "0.1369"
        },
        {
            "time": "01.01.2021 20:26",
            "open": "0.1369",
            "high": "0.137",
            "low": "0.1369",
            "close": "0.137"
        },
        {
            "time": "01.01.2021 20:27",
            "open": "0.137",
            "high": "0.137",
            "low": "0.137",
            "close": "0.1369"
        },
        {
            "time": "01.01.2021 20:28",
            "open": "0.1369",
            "high": "0.1369",
            "low": "0.1361",
            "close": "0.1368"
        },
        {
            "time": "01.01.2021 20:29",
            "open": "0.1368",
            "high": "0.1368",
            "low": "0.1368",
            "close": "0.1368"
        },
        {
            "time": "01.01.2021 20:30",
            "open": "0.1368",
            "high": "0.1375",
            "low": "0.1368",
            "close": "0.1375"
        },
        {
            "time": "01.01.2021 20:31",
            "open": "0.1375",
            "high": "0.1375",
            "low": "0.1375",
            "close": "0.1375"
        },
        {
            "time": "01.01.2021 20:33",
            "open": "0.1375",
            "high": "0.1375",
            "low": "0.1375",
            "close": "0.1368"
        },
        {
            "time": "01.01.2021 20:35",
            "open": "0.1368",
            "high": "0.1368",
            "low": "0.1366",
            "close": "0.1377"
        },
        {
            "time": "01.01.2021 20:50",
            "open": "0.1377",
            "high": "0.1377",
            "low": "0.1377",
            "close": "0.1375"
        },
        {
            "time": "01.01.2021 20:55",
            "open": "0.1375",
            "high": "0.1375",
            "low": "0.1375",
            "close": "0.1377"
        },
        {
            "time": "01.01.2021 20:56",
            "open": "0.1377",
            "high": "0.1377",
            "low": "0.1377",
            "close": "0.1374"
        },
        {
            "time": "01.01.2021 21:02",
            "open": "0.1374",
            "high": "0.1421",
            "low": "0.1374",
            "close": "0.1377"
        },
        {
            "time": "01.01.2021 21:03",
            "open": "0.1377",
            "high": "0.1385",
            "low": "0.1376",
            "close": "0.1388"
        },
        {
            "time": "01.01.2021 21:04",
            "open": "0.1388",
            "high": "0.1397",
            "low": "0.1388",
            "close": "0.1397"
        },
        {
            "time": "01.01.2021 21:05",
            "open": "0.1397",
            "high": "0.1399",
            "low": "0.1397",
            "close": "0.1391"
        },
        {
            "time": "01.01.2021 21:07",
            "open": "0.1391",
            "high": "0.1391",
            "low": "0.1391",
            "close": "0.1395"
        },
        {
            "time": "01.01.2021 21:17",
            "open": "0.1395",
            "high": "0.1395",
            "low": "0.1395",
            "close": "0.139"
        },
        {
            "time": "01.01.2021 21:18",
            "open": "0.139",
            "high": "0.139",
            "low": "0.1387",
            "close": "0.1392"
        },
        {
            "time": "01.01.2021 21:19",
            "open": "0.1392",
            "high": "0.1392",
            "low": "0.1392",
            "close": "0.1403"
        },
        {
            "time": "01.01.2021 21:24",
            "open": "0.1403",
            "high": "0.1405",
            "low": "0.1402",
            "close": "0.1402"
        },
        {
            "time": "01.01.2021 21:25",
            "open": "0.1402",
            "high": "0.1402",
            "low": "0.1402",
            "close": "0.1403"
        },
        {
            "time": "01.01.2021 21:26",
            "open": "0.1403",
            "high": "0.1403",
            "low": "0.1403",
            "close": "0.139"
        },
        {
            "time": "01.01.2021 21:31",
            "open": "0.139",
            "high": "0.139",
            "low": "0.1387",
            "close": "0.1389"
        },
        {
            "time": "01.01.2021 21:40",
            "open": "0.1389",
            "high": "0.1389",
            "low": "0.1389",
            "close": "0.1392"
        },
        {
            "time": "01.01.2021 21:55",
            "open": "0.1392",
            "high": "0.1392",
            "low": "0.1392",
            "close": "0.1392"
        },
        {
            "time": "01.01.2021 21:56",
            "open": "0.1392",
            "high": "0.1392",
            "low": "0.1392",
            "close": "0.1398"
        },
        {
            "time": "01.01.2021 21:57",
            "open": "0.1398",
            "high": "0.1398",
            "low": "0.1398",
            "close": "0.1403"
        },
        {
            "time": "01.01.2021 21:59",
            "open": "0.1403",
            "high": "0.1403",
            "low": "0.1393",
            "close": "0.1399"
        },
        {
            "time": "01.01.2021 22:06",
            "open": "0.1399",
            "high": "0.1399",
            "low": "0.1399",
            "close": "0.1399"
        },
        {
            "time": "01.01.2021 22:08",
            "open": "0.1399",
            "high": "0.1399",
            "low": "0.1399",
            "close": "0.1396"
        },
        {
            "time": "01.01.2021 22:09",
            "open": "0.1396",
            "high": "0.1396",
            "low": "0.1395",
            "close": "0.139"
        },
        {
            "time": "01.01.2021 22:10",
            "open": "0.139",
            "high": "0.139",
            "low": "0.1387",
            "close": "0.138"
        },
        {
            "time": "01.01.2021 22:12",
            "open": "0.138",
            "high": "0.138",
            "low": "0.138",
            "close": "0.1379"
        },
        {
            "time": "01.01.2021 22:14",
            "open": "0.1379",
            "high": "0.1379",
            "low": "0.1378",
            "close": "0.1378"
        },
        {
            "time": "01.01.2021 22:19",
            "open": "0.1378",
            "high": "0.1378",
            "low": "0.1376",
            "close": "0.1376"
        },
        {
            "time": "01.01.2021 22:23",
            "open": "0.1376",
            "high": "0.1376",
            "low": "0.1376",
            "close": "0.1375"
        },
        {
            "time": "01.01.2021 22:25",
            "open": "0.1375",
            "high": "0.1378",
            "low": "0.1368",
            "close": "0.1378"
        },
        {
            "time": "01.01.2021 22:35",
            "open": "0.1378",
            "high": "0.1382",
            "low": "0.1378",
            "close": "0.1378"
        },
        {
            "time": "01.01.2021 22:38",
            "open": "0.1378",
            "high": "0.1378",
            "low": "0.1378",
            "close": "0.1382"
        },
        {
            "time": "01.01.2021 22:45",
            "open": "0.1382",
            "high": "0.1384",
            "low": "0.1382",
            "close": "0.1384"
        },
        {
            "time": "01.01.2021 22:47",
            "open": "0.1384",
            "high": "0.1388",
            "low": "0.1384",
            "close": "0.1385"
        },
        {
            "time": "01.01.2021 22:49",
            "open": "0.1385",
            "high": "0.1385",
            "low": "0.1385",
            "close": "0.1388"
        },
        {
            "time": "01.01.2021 22:56",
            "open": "0.1388",
            "high": "0.1388",
            "low": "0.1388",
            "close": "0.1388"
        },
        {
            "time": "01.01.2021 23:00",
            "open": "0.1388",
            "high": "0.1388",
            "low": "0.1388",
            "close": "0.1388"
        },
        {
            "time": "01.01.2021 23:11",
            "open": "0.1388",
            "high": "0.1388",
            "low": "0.1388",
            "close": "0.1389"
        },
        {
            "time": "01.01.2021 23:15",
            "open": "0.1389",
            "high": "0.139",
            "low": "0.1389",
            "close": "0.139"
        },
        {
            "time": "01.01.2021 23:28",
            "open": "0.139",
            "high": "0.139",
            "low": "0.139",
            "close": "0.1389"
        },
        {
            "time": "01.01.2021 23:30",
            "open": "0.1389",
            "high": "0.1389",
            "low": "0.136",
            "close": "0.1367"
        },
        {
            "time": "01.01.2021 23:31",
            "open": "0.1367",
            "high": "0.1374",
            "low": "0.1361",
            "close": "0.1368"
        },
        {
            "time": "01.01.2021 23:32",
            "open": "0.1368",
            "high": "0.1368",
            "low": "0.1361",
            "close": "0.1367"
        },
        {
            "time": "01.01.2021 23:34",
            "open": "0.1367",
            "high": "0.1367",
            "low": "0.1367",
            "close": "0.1367"
        },
        {
            "time": "01.01.2021 23:36",
            "open": "0.1367",
            "high": "0.1367",
            "low": "0.1367",
            "close": "0.1367"
        },
        {
            "time": "01.01.2021 23:37",
            "open": "0.1367",
            "high": "0.1367",
            "low": "0.1362",
            "close": "0.1368"
        },
        {
            "time": "01.01.2021 23:40",
            "open": "0.1368",
            "high": "0.1374",
            "low": "0.1368",
            "close": "0.1372"
        },
        {
            "time": "01.01.2021 23:45",
            "open": "0.1372",
            "high": "0.1372",
            "low": "0.1372",
            "close": "0.1374"
        },
        {
            "time": "01.01.2021 23:46",
            "open": "0.1374",
            "high": "0.1374",
            "low": "0.1374",
            "close": "0.1372"
        },
        {
            "time": "01.01.2021 23:47",
            "open": "0.1372",
            "high": "0.1386",
            "low": "0.1363",
            "close": "0.1363"
        },
        {
            "time": "01.01.2021 23:48",
            "open": "0.1363",
            "high": "0.1363",
            "low": "0.1363",
            "close": "0.137"
        },
        {
            "time": "01.01.2021 23:49",
            "open": "0.137",
            "high": "0.1381",
            "low": "0.1364",
            "close": "0.1366"
        },
        {
            "time": "01.01.2021 23:50",
            "open": "0.1366",
            "high": "0.1366",
            "low": "0.1366",
            "close": "0.1366"
        },
        {
            "time": "01.01.2021 23:51",
            "open": "0.1366",
            "high": "0.137",
            "low": "0.1365",
            "close": "0.137"
        },
        {
            "time": "01.01.2021 23:53",
            "open": "0.137",
            "high": "0.1377",
            "low": "0.137",
            "close": "0.1375"
        },
        {
            "time": "01.01.2021 23:55",
            "open": "0.1375",
            "high": "0.138",
            "low": "0.1375",
            "close": "0.1381"
        },
        {
            "time": "01.01.2021 23:56",
            "open": "0.1381",
            "high": "0.1381",
            "low": "0.1381",
            "close": "0.1378"
        }
    ]
}