{
    "NU-EUR": [
        {
            "time": "12.07.2021 23:29",
            "open": "0.1941",
            "high": "0.1941",
            "low": "0.1941",
            "close": "0.194"
        },
        {
            "time": "13.07.2021 00:05",
            "open": "0.194",
            "high": "0.194",
            "low": "0.194",
            "close": "0.1944"
        },
        {
            "time": "13.07.2021 00:06",
            "open": "0.1944",
            "high": "0.1944",
            "low": "0.1944",
            "close": "0.1948"
        },
        {
            "time": "13.07.2021 00:13",
            "open": "0.1948",
            "high": "0.1951",
            "low": "0.1948",
            "close": "0.1952"
        },
        {
            "time": "13.07.2021 00:14",
            "open": "0.1952",
            "high": "0.1956",
            "low": "0.1952",
            "close": "0.1956"
        },
        {
            "time": "13.07.2021 00:23",
            "open": "0.1956",
            "high": "0.1956",
            "low": "0.1956",
            "close": "0.1959"
        },
        {
            "time": "13.07.2021 00:25",
            "open": "0.1959",
            "high": "0.1959",
            "low": "0.1959",
            "close": "0.1961"
        },
        {
            "time": "13.07.2021 00:27",
            "open": "0.1961",
            "high": "0.1961",
            "low": "0.1961",
            "close": "0.1958"
        },
        {
            "time": "13.07.2021 00:48",
            "open": "0.1958",
            "high": "0.1958",
            "low": "0.1946",
            "close": "0.1946"
        },
        {
            "time": "13.07.2021 00:50",
            "open": "0.1946",
            "high": "0.195",
            "low": "0.1946",
            "close": "0.195"
        },
        {
            "time": "13.07.2021 00:51",
            "open": "0.195",
            "high": "0.195",
            "low": "0.195",
            "close": "0.1947"
        },
        {
            "time": "13.07.2021 00:57",
            "open": "0.1947",
            "high": "0.1957",
            "low": "0.1947",
            "close": "0.195"
        },
        {
            "time": "13.07.2021 01:01",
            "open": "0.195",
            "high": "0.195",
            "low": "0.195",
            "close": "0.1949"
        },
        {
            "time": "13.07.2021 01:02",
            "open": "0.1949",
            "high": "0.1949",
            "low": "0.1949",
            "close": "0.1947"
        },
        {
            "time": "13.07.2021 01:22",
            "open": "0.1947",
            "high": "0.1947",
            "low": "0.1947",
            "close": "0.1947"
        },
        {
            "time": "13.07.2021 01:23",
            "open": "0.1947",
            "high": "0.1947",
            "low": "0.1947",
            "close": "0.1947"
        },
        {
            "time": "13.07.2021 01:32",
            "open": "0.1947",
            "high": "0.1947",
            "low": "0.1947",
            "close": "0.1943"
        },
        {
            "time": "13.07.2021 01:54",
            "open": "0.1943",
            "high": "0.1943",
            "low": "0.1943",
            "close": "0.1938"
        },
        {
            "time": "13.07.2021 02:02",
            "open": "0.1938",
            "high": "0.1938",
            "low": "0.1936",
            "close": "0.1934"
        },
        {
            "time": "13.07.2021 02:05",
            "open": "0.1934",
            "high": "0.1934",
            "low": "0.1933",
            "close": "0.1934"
        },
        {
            "time": "13.07.2021 02:08",
            "open": "0.1934",
            "high": "0.194",
            "low": "0.1934",
            "close": "0.193"
        },
        {
            "time": "13.07.2021 02:11",
            "open": "0.193",
            "high": "0.193",
            "low": "0.193",
            "close": "0.1926"
        },
        {
            "time": "13.07.2021 02:18",
            "open": "0.1926",
            "high": "0.1926",
            "low": "0.1926",
            "close": "0.1926"
        },
        {
            "time": "13.07.2021 02:19",
            "open": "0.1926",
            "high": "0.1926",
            "low": "0.1926",
            "close": "0.1922"
        },
        {
            "time": "13.07.2021 02:21",
            "open": "0.1922",
            "high": "0.1922",
            "low": "0.1922",
            "close": "0.1929"
        },
        {
            "time": "13.07.2021 02:22",
            "open": "0.1929",
            "high": "0.1929",
            "low": "0.1929",
            "close": "0.1934"
        },
        {
            "time": "13.07.2021 02:30",
            "open": "0.1934",
            "high": "0.1936",
            "low": "0.1934",
            "close": "0.1936"
        },
        {
            "time": "13.07.2021 02:31",
            "open": "0.1936",
            "high": "0.1936",
            "low": "0.1936",
            "close": "0.194"
        },
        {
            "time": "13.07.2021 02:36",
            "open": "0.194",
            "high": "0.1942",
            "low": "0.194",
            "close": "0.1932"
        },
        {
            "time": "13.07.2021 02:39",
            "open": "0.1932",
            "high": "0.194",
            "low": "0.1928",
            "close": "0.1937"
        },
        {
            "time": "13.07.2021 02:41",
            "open": "0.1937",
            "high": "0.1937",
            "low": "0.1936",
            "close": "0.1936"
        },
        {
            "time": "13.07.2021 02:44",
            "open": "0.1936",
            "high": "0.1939",
            "low": "0.1936",
            "close": "0.1943"
        },
        {
            "time": "13.07.2021 02:51",
            "open": "0.1943",
            "high": "0.1943",
            "low": "0.1943",
            "close": "0.1941"
        },
        {
            "time": "13.07.2021 03:01",
            "open": "0.1941",
            "high": "0.1941",
            "low": "0.1941",
            "close": "0.1937"
        },
        {
            "time": "13.07.2021 03:03",
            "open": "0.1937",
            "high": "0.1937",
            "low": "0.1937",
            "close": "0.1932"
        },
        {
            "time": "13.07.2021 03:04",
            "open": "0.1932",
            "high": "0.1932",
            "low": "0.1928",
            "close": "0.1931"
        },
        {
            "time": "13.07.2021 03:05",
            "open": "0.1931",
            "high": "0.1933",
            "low": "0.1931",
            "close": "0.1929"
        },
        {
            "time": "13.07.2021 03:25",
            "open": "0.1929",
            "high": "0.1929",
            "low": "0.1929",
            "close": "0.1929"
        },
        {
            "time": "13.07.2021 03:34",
            "open": "0.1929",
            "high": "0.1929",
            "low": "0.1929",
            "close": "0.1931"
        },
        {
            "time": "13.07.2021 03:36",
            "open": "0.1931",
            "high": "0.1938",
            "low": "0.1931",
            "close": "0.1937"
        },
        {
            "time": "13.07.2021 03:41",
            "open": "0.1937",
            "high": "0.1937",
            "low": "0.1937",
            "close": "0.1936"
        },
        {
            "time": "13.07.2021 03:44",
            "open": "0.1936",
            "high": "0.1936",
            "low": "0.1936",
            "close": "0.1934"
        },
        {
            "time": "13.07.2021 04:05",
            "open": "0.1934",
            "high": "0.1934",
            "low": "0.1934",
            "close": "0.1936"
        },
        {
            "time": "13.07.2021 04:38",
            "open": "0.1936",
            "high": "0.1936",
            "low": "0.1936",
            "close": "0.1932"
        },
        {
            "time": "13.07.2021 04:42",
            "open": "0.1932",
            "high": "0.1932",
            "low": "0.1922",
            "close": "0.1921"
        },
        {
            "time": "13.07.2021 04:43",
            "open": "0.1921",
            "high": "0.1929",
            "low": "0.1917",
            "close": "0.1929"
        },
        {
            "time": "13.07.2021 04:44",
            "open": "0.1929",
            "high": "0.1935",
            "low": "0.1929",
            "close": "0.1929"
        },
        {
            "time": "13.07.2021 04:47",
            "open": "0.1929",
            "high": "0.1929",
            "low": "0.1929",
            "close": "0.192"
        },
        {
            "time": "13.07.2021 04:54",
            "open": "0.192",
            "high": "0.1933",
            "low": "0.192",
            "close": "0.1931"
        },
        {
            "time": "13.07.2021 04:55",
            "open": "0.1931",
            "high": "0.1931",
            "low": "0.1929",
            "close": "0.1922"
        },
        {
            "time": "13.07.2021 04:56",
            "open": "0.1922",
            "high": "0.1922",
            "low": "0.1921",
            "close": "0.1919"
        },
        {
            "time": "13.07.2021 04:59",
            "open": "0.1919",
            "high": "0.1919",
            "low": "0.1919",
            "close": "0.1916"
        },
        {
            "time": "13.07.2021 05:01",
            "open": "0.1916",
            "high": "0.1916",
            "low": "0.1916",
            "close": "0.1917"
        },
        {
            "time": "13.07.2021 05:02",
            "open": "0.1917",
            "high": "0.1931",
            "low": "0.1917",
            "close": "0.1919"
        },
        {
            "time": "13.07.2021 05:04",
            "open": "0.1919",
            "high": "0.1945",
            "low": "0.1919",
            "close": "0.1922"
        },
        {
            "time": "13.07.2021 05:05",
            "open": "0.1922",
            "high": "0.1924",
            "low": "0.192",
            "close": "0.1925"
        },
        {
            "time": "13.07.2021 05:07",
            "open": "0.1925",
            "high": "0.1926",
            "low": "0.1925",
            "close": "0.1926"
        },
        {
            "time": "13.07.2021 05:08",
            "open": "0.1926",
            "high": "0.1926",
            "low": "0.1926",
            "close": "0.1926"
        },
        {
            "time": "13.07.2021 05:09",
            "open": "0.1926",
            "high": "0.1926",
            "low": "0.1926",
            "close": "0.1925"
        },
        {
            "time": "13.07.2021 05:13",
            "open": "0.1925",
            "high": "0.1925",
            "low": "0.1925",
            "close": "0.1925"
        },
        {
            "time": "13.07.2021 05:15",
            "open": "0.1925",
            "high": "0.1925",
            "low": "0.1925",
            "close": "0.1926"
        },
        {
            "time": "13.07.2021 05:16",
            "open": "0.1926",
            "high": "0.1926",
            "low": "0.1926",
            "close": "0.1925"
        },
        {
            "time": "13.07.2021 05:17",
            "open": "0.1925",
            "high": "0.1925",
            "low": "0.1924",
            "close": "0.1921"
        },
        {
            "time": "13.07.2021 05:25",
            "open": "0.1921",
            "high": "0.1921",
            "low": "0.1918",
            "close": "0.1922"
        },
        {
            "time": "13.07.2021 05:27",
            "open": "0.1922",
            "high": "0.1925",
            "low": "0.1922",
            "close": "0.1922"
        },
        {
            "time": "13.07.2021 05:40",
            "open": "0.1922",
            "high": "0.1922",
            "low": "0.1922",
            "close": "0.1926"
        },
        {
            "time": "13.07.2021 05:54",
            "open": "0.1926",
            "high": "0.1926",
            "low": "0.1926",
            "close": "0.1925"
        },
        {
            "time": "13.07.2021 06:21",
            "open": "0.1925",
            "high": "0.1925",
            "low": "0.1925",
            "close": "0.1925"
        },
        {
            "time": "13.07.2021 06:32",
            "open": "0.1925",
            "high": "0.1925",
            "low": "0.1925",
            "close": "0.1925"
        },
        {
            "time": "13.07.2021 06:33",
            "open": "0.1925",
            "high": "0.1925",
            "low": "0.1925",
            "close": "0.1926"
        },
        {
            "time": "13.07.2021 06:34",
            "open": "0.1926",
            "high": "0.1926",
            "low": "0.1926",
            "close": "0.1925"
        },
        {
            "time": "13.07.2021 06:39",
            "open": "0.1925",
            "high": "0.1925",
            "low": "0.1923",
            "close": "0.1923"
        },
        {
            "time": "13.07.2021 06:55",
            "open": "0.1923",
            "high": "0.1923",
            "low": "0.1923",
            "close": "0.1924"
        },
        {
            "time": "13.07.2021 06:56",
            "open": "0.1924",
            "high": "0.1924",
            "low": "0.1924",
            "close": "0.1923"
        },
        {
            "time": "13.07.2021 07:08",
            "open": "0.1923",
            "high": "0.1923",
            "low": "0.1921",
            "close": "0.1918"
        },
        {
            "time": "13.07.2021 07:10",
            "open": "0.1918",
            "high": "0.1918",
            "low": "0.1918",
            "close": "0.1915"
        },
        {
            "time": "13.07.2021 07:11",
            "open": "0.1915",
            "high": "0.1915",
            "low": "0.1915",
            "close": "0.1913"
        },
        {
            "time": "13.07.2021 07:15",
            "open": "0.1913",
            "high": "0.1913",
            "low": "0.1912",
            "close": "0.1911"
        },
        {
            "time": "13.07.2021 07:23",
            "open": "0.1911",
            "high": "0.1911",
            "low": "0.1911",
            "close": "0.1911"
        },
        {
            "time": "13.07.2021 07:24",
            "open": "0.1911",
            "high": "0.1911",
            "low": "0.1911",
            "close": "0.1906"
        },
        {
            "time": "13.07.2021 07:42",
            "open": "0.1906",
            "high": "0.1906",
            "low": "0.1906",
            "close": "0.1907"
        },
        {
            "time": "13.07.2021 07:56",
            "open": "0.1907",
            "high": "0.1907",
            "low": "0.1907",
            "close": "0.1907"
        },
        {
            "time": "13.07.2021 08:04",
            "open": "0.1907",
            "high": "0.1907",
            "low": "0.1907",
            "close": "0.1907"
        },
        {
            "time": "13.07.2021 08:05",
            "open": "0.1907",
            "high": "0.1907",
            "low": "0.1907",
            "close": "0.1907"
        },
        {
            "time": "13.07.2021 08:07",
            "open": "0.1907",
            "high": "0.1907",
            "low": "0.1907",
            "close": "0.1907"
        },
        {
            "time": "13.07.2021 08:10",
            "open": "0.1907",
            "high": "0.1907",
            "low": "0.1907",
            "close": "0.1907"
        },
        {
            "time": "13.07.2021 08:24",
            "open": "0.1907",
            "high": "0.1907",
            "low": "0.1907",
            "close": "0.1905"
        },
        {
            "time": "13.07.2021 08:25",
            "open": "0.1905",
            "high": "0.1905",
            "low": "0.1905",
            "close": "0.1907"
        },
        {
            "time": "13.07.2021 08:59",
            "open": "0.191",
            "high": "0.191",
            "low": "0.191",
            "close": "0.1913"
        },
        {
            "time": "13.07.2021 09:02",
            "open": "0.1913",
            "high": "0.1917",
            "low": "0.1913",
            "close": "0.1914"
        },
        {
            "time": "13.07.2021 09:04",
            "open": "0.1914",
            "high": "0.1917",
            "low": "0.1914",
            "close": "0.1918"
        },
        {
            "time": "13.07.2021 09:05",
            "open": "0.1918",
            "high": "0.1918",
            "low": "0.1918",
            "close": "0.1919"
        },
        {
            "time": "13.07.2021 09:11",
            "open": "0.1919",
            "high": "0.1927",
            "low": "0.1919",
            "close": "0.1927"
        },
        {
            "time": "13.07.2021 09:12",
            "open": "0.1927",
            "high": "0.1927",
            "low": "0.1924",
            "close": "0.1925"
        },
        {
            "time": "13.07.2021 09:13",
            "open": "0.1925",
            "high": "0.1925",
            "low": "0.1924",
            "close": "0.1924"
        },
        {
            "time": "13.07.2021 09:21",
            "open": "0.1924",
            "high": "0.1924",
            "low": "0.1924",
            "close": "0.1923"
        },
        {
            "time": "13.07.2021 09:26",
            "open": "0.1923",
            "high": "0.1923",
            "low": "0.1923",
            "close": "0.1922"
        },
        {
            "time": "13.07.2021 09:32",
            "open": "0.1922",
            "high": "0.1922",
            "low": "0.1922",
            "close": "0.1921"
        },
        {
            "time": "13.07.2021 09:45",
            "open": "0.1921",
            "high": "0.1923",
            "low": "0.1918",
            "close": "0.1926"
        },
        {
            "time": "13.07.2021 09:51",
            "open": "0.1926",
            "high": "0.1926",
            "low": "0.1926",
            "close": "0.1924"
        },
        {
            "time": "13.07.2021 09:52",
            "open": "0.1924",
            "high": "0.1924",
            "low": "0.1922",
            "close": "0.1925"
        },
        {
            "time": "13.07.2021 09:55",
            "open": "0.1925",
            "high": "0.1925",
            "low": "0.1925",
            "close": "0.1925"
        },
        {
            "time": "13.07.2021 09:56",
            "open": "0.1925",
            "high": "0.1925",
            "low": "0.1925",
            "close": "0.1924"
        },
        {
            "time": "13.07.2021 09:59",
            "open": "0.1924",
            "high": "0.1924",
            "low": "0.192",
            "close": "0.1922"
        },
        {
            "time": "13.07.2021 10:04",
            "open": "0.1922",
            "high": "0.1922",
            "low": "0.1922",
            "close": "0.1925"
        },
        {
            "time": "13.07.2021 10:15",
            "open": "0.1925",
            "high": "0.1925",
            "low": "0.1925",
            "close": "0.1927"
        },
        {
            "time": "13.07.2021 10:22",
            "open": "0.1927",
            "high": "0.1927",
            "low": "0.1927",
            "close": "0.1927"
        },
        {
            "time": "13.07.2021 10:25",
            "open": "0.1927",
            "high": "0.1927",
            "low": "0.1927",
            "close": "0.1929"
        },
        {
            "time": "13.07.2021 10:37",
            "open": "0.1929",
            "high": "0.1929",
            "low": "0.1929",
            "close": "0.1929"
        },
        {
            "time": "13.07.2021 10:47",
            "open": "0.1929",
            "high": "0.1929",
            "low": "0.1929",
            "close": "0.193"
        },
        {
            "time": "13.07.2021 10:51",
            "open": "0.193",
            "high": "0.193",
            "low": "0.193",
            "close": "0.193"
        },
        {
            "time": "13.07.2021 10:57",
            "open": "0.193",
            "high": "0.193",
            "low": "0.193",
            "close": "0.1931"
        },
        {
            "time": "13.07.2021 11:12",
            "open": "0.1931",
            "high": "0.1931",
            "low": "0.1931",
            "close": "0.1931"
        },
        {
            "time": "13.07.2021 11:21",
            "open": "0.1931",
            "high": "0.1931",
            "low": "0.1931",
            "close": "0.1931"
        },
        {
            "time": "13.07.2021 11:23",
            "open": "0.1931",
            "high": "0.1931",
            "low": "0.1931",
            "close": "0.1928"
        },
        {
            "time": "13.07.2021 11:25",
            "open": "0.1928",
            "high": "0.1928",
            "low": "0.1928",
            "close": "0.1928"
        },
        {
            "time": "13.07.2021 11:27",
            "open": "0.1928",
            "high": "0.1928",
            "low": "0.1928",
            "close": "0.1928"
        },
        {
            "time": "13.07.2021 11:28",
            "open": "0.1928",
            "high": "0.1928",
            "low": "0.1928",
            "close": "0.1928"
        },
        {
            "time": "13.07.2021 11:35",
            "open": "0.1928",
            "high": "0.1929",
            "low": "0.1928",
            "close": "0.1931"
        },
        {
            "time": "13.07.2021 11:38",
            "open": "0.1931",
            "high": "0.1931",
            "low": "0.1931",
            "close": "0.1935"
        },
        {
            "time": "13.07.2021 11:42",
            "open": "0.1935",
            "high": "0.1935",
            "low": "0.1935",
            "close": "0.1933"
        },
        {
            "time": "13.07.2021 11:56",
            "open": "0.1933",
            "high": "0.1936",
            "low": "0.1933",
            "close": "0.1937"
        },
        {
            "time": "13.07.2021 11:58",
            "open": "0.1937",
            "high": "0.1937",
            "low": "0.1937",
            "close": "0.1937"
        },
        {
            "time": "13.07.2021 12:07",
            "open": "0.1937",
            "high": "0.1937",
            "low": "0.1937",
            "close": "0.1937"
        },
        {
            "time": "13.07.2021 12:14",
            "open": "0.1937",
            "high": "0.1937",
            "low": "0.1937",
            "close": "0.1938"
        },
        {
            "time": "13.07.2021 12:15",
            "open": "0.1938",
            "high": "0.1938",
            "low": "0.1938",
            "close": "0.1935"
        },
        {
            "time": "13.07.2021 12:16",
            "open": "0.1935",
            "high": "0.1935",
            "low": "0.1935",
            "close": "0.1933"
        },
        {
            "time": "13.07.2021 12:29",
            "open": "0.1933",
            "high": "0.1933",
            "low": "0.1932",
            "close": "0.1934"
        },
        {
            "time": "13.07.2021 12:30",
            "open": "0.1934",
            "high": "0.1935",
            "low": "0.1934",
            "close": "0.1932"
        },
        {
            "time": "13.07.2021 12:35",
            "open": "0.1932",
            "high": "0.1932",
            "low": "0.1931",
            "close": "0.1927"
        },
        {
            "time": "13.07.2021 12:48",
            "open": "0.1927",
            "high": "0.1928",
            "low": "0.1927",
            "close": "0.1926"
        },
        {
            "time": "13.07.2021 12:53",
            "open": "0.1926",
            "high": "0.1926",
            "low": "0.1926",
            "close": "0.1926"
        },
        {
            "time": "13.07.2021 12:54",
            "open": "0.1926",
            "high": "0.1926",
            "low": "0.1926",
            "close": "0.1924"
        },
        {
            "time": "13.07.2021 13:09",
            "open": "0.1924",
            "high": "0.1924",
            "low": "0.1923",
            "close": "0.1922"
        },
        {
            "time": "13.07.2021 13:15",
            "open": "0.1922",
            "high": "0.1922",
            "low": "0.1916",
            "close": "0.1926"
        },
        {
            "time": "13.07.2021 13:19",
            "open": "0.1926",
            "high": "0.1926",
            "low": "0.1926",
            "close": "0.193"
        },
        {
            "time": "13.07.2021 13:44",
            "open": "0.193",
            "high": "0.1931",
            "low": "0.193",
            "close": "0.1929"
        },
        {
            "time": "13.07.2021 13:48",
            "open": "0.1929",
            "high": "0.1929",
            "low": "0.1927",
            "close": "0.193"
        },
        {
            "time": "13.07.2021 13:49",
            "open": "0.193",
            "high": "0.193",
            "low": "0.193",
            "close": "0.1923"
        },
        {
            "time": "13.07.2021 13:52",
            "open": "0.1923",
            "high": "0.1923",
            "low": "0.1923",
            "close": "0.1921"
        },
        {
            "time": "13.07.2021 13:53",
            "open": "0.1921",
            "high": "0.1921",
            "low": "0.192",
            "close": "0.1915"
        },
        {
            "time": "13.07.2021 13:54",
            "open": "0.1915",
            "high": "0.1918",
            "low": "0.1915",
            "close": "0.1915"
        },
        {
            "time": "13.07.2021 14:07",
            "open": "0.1915",
            "high": "0.1916",
            "low": "0.1915",
            "close": "0.1916"
        },
        {
            "time": "13.07.2021 14:13",
            "open": "0.1916",
            "high": "0.1926",
            "low": "0.1916",
            "close": "0.1924"
        },
        {
            "time": "13.07.2021 14:16",
            "open": "0.1924",
            "high": "0.1924",
            "low": "0.1923",
            "close": "0.1914"
        },
        {
            "time": "13.07.2021 14:17",
            "open": "0.1914",
            "high": "0.1914",
            "low": "0.1914",
            "close": "0.1913"
        },
        {
            "time": "13.07.2021 14:30",
            "open": "0.1913",
            "high": "0.1914",
            "low": "0.1911",
            "close": "0.1914"
        },
        {
            "time": "13.07.2021 14:31",
            "open": "0.1914",
            "high": "0.1914",
            "low": "0.1914",
            "close": "0.1913"
        },
        {
            "time": "13.07.2021 14:37",
            "open": "0.1913",
            "high": "0.1914",
            "low": "0.1913",
            "close": "0.1912"
        },
        {
            "time": "13.07.2021 14:40",
            "open": "0.1912",
            "high": "0.1912",
            "low": "0.1912",
            "close": "0.1905"
        },
        {
            "time": "13.07.2021 14:45",
            "open": "0.1905",
            "high": "0.1905",
            "low": "0.1901",
            "close": "0.1905"
        },
        {
            "time": "13.07.2021 14:47",
            "open": "0.1905",
            "high": "0.1907",
            "low": "0.1905",
            "close": "0.1904"
        },
        {
            "time": "13.07.2021 14:57",
            "open": "0.1904",
            "high": "0.1904",
            "low": "0.1895",
            "close": "0.189"
        },
        {
            "time": "13.07.2021 14:58",
            "open": "0.189",
            "high": "0.1891",
            "low": "0.1875",
            "close": "0.1872"
        },
        {
            "time": "13.07.2021 14:59",
            "open": "0.1872",
            "high": "0.1872",
            "low": "0.1865",
            "close": "0.1871"
        },
        {
            "time": "13.07.2021 15:01",
            "open": "0.1871",
            "high": "0.1875",
            "low": "0.1871",
            "close": "0.1882"
        },
        {
            "time": "13.07.2021 15:02",
            "open": "0.1882",
            "high": "0.1884",
            "low": "0.1882",
            "close": "0.1883"
        },
        {
            "time": "13.07.2021 15:15",
            "open": "0.1883",
            "high": "0.1887",
            "low": "0.1883",
            "close": "0.1889"
        },
        {
            "time": "13.07.2021 15:16",
            "open": "0.1889",
            "high": "0.1891",
            "low": "0.1889",
            "close": "0.1888"
        },
        {
            "time": "13.07.2021 15:19",
            "open": "0.1888",
            "high": "0.1888",
            "low": "0.1888",
            "close": "0.1885"
        },
        {
            "time": "13.07.2021 15:20",
            "open": "0.1885",
            "high": "0.1885",
            "low": "0.1884",
            "close": "0.1887"
        },
        {
            "time": "13.07.2021 15:21",
            "open": "0.1887",
            "high": "0.1887",
            "low": "0.1887",
            "close": "0.1888"
        },
        {
            "time": "13.07.2021 15:25",
            "open": "0.1889",
            "high": "0.1889",
            "low": "0.1889",
            "close": "0.1887"
        },
        {
            "time": "13.07.2021 15:30",
            "open": "0.1887",
            "high": "0.1887",
            "low": "0.1887",
            "close": "0.1888"
        },
        {
            "time": "13.07.2021 15:36",
            "open": "0.1888",
            "high": "0.1888",
            "low": "0.1888",
            "close": "0.1887"
        },
        {
            "time": "13.07.2021 15:37",
            "open": "0.1887",
            "high": "0.1887",
            "low": "0.1886",
            "close": "0.1885"
        },
        {
            "time": "13.07.2021 15:45",
            "open": "0.1885",
            "high": "0.1885",
            "low": "0.1884",
            "close": "0.1889"
        },
        {
            "time": "13.07.2021 15:46",
            "open": "0.1889",
            "high": "0.1889",
            "low": "0.1889",
            "close": "0.1889"
        },
        {
            "time": "13.07.2021 15:47",
            "open": "0.1889",
            "high": "0.1889",
            "low": "0.1889",
            "close": "0.1895"
        },
        {
            "time": "13.07.2021 15:48",
            "open": "0.1895",
            "high": "0.1895",
            "low": "0.1894",
            "close": "0.1896"
        },
        {
            "time": "13.07.2021 15:49",
            "open": "0.1896",
            "high": "0.1896",
            "low": "0.1896",
            "close": "0.1892"
        },
        {
            "time": "13.07.2021 15:50",
            "open": "0.1892",
            "high": "0.1896",
            "low": "0.1892",
            "close": "0.1902"
        },
        {
            "time": "13.07.2021 15:51",
            "open": "0.1902",
            "high": "0.1906",
            "low": "0.1902",
            "close": "0.1906"
        },
        {
            "time": "13.07.2021 15:53",
            "open": "0.1906",
            "high": "0.1907",
            "low": "0.1906",
            "close": "0.1907"
        },
        {
            "time": "13.07.2021 15:54",
            "open": "0.1907",
            "high": "0.1907",
            "low": "0.1907",
            "close": "0.1907"
        },
        {
            "time": "13.07.2021 15:56",
            "open": "0.1907",
            "high": "0.1907",
            "low": "0.1907",
            "close": "0.1905"
        },
        {
            "time": "13.07.2021 15:59",
            "open": "0.1901",
            "high": "0.1901",
            "low": "0.1901",
            "close": "0.1898"
        },
        {
            "time": "13.07.2021 16:16",
            "open": "0.1898",
            "high": "0.1898",
            "low": "0.1898",
            "close": "0.1898"
        },
        {
            "time": "13.07.2021 16:18",
            "open": "0.1898",
            "high": "0.1922",
            "low": "0.1898",
            "close": "0.1902"
        },
        {
            "time": "13.07.2021 16:19",
            "open": "0.1902",
            "high": "0.1907",
            "low": "0.1902",
            "close": "0.1908"
        },
        {
            "time": "13.07.2021 16:27",
            "open": "0.1908",
            "high": "0.1908",
            "low": "0.1907",
            "close": "0.1906"
        },
        {
            "time": "13.07.2021 16:29",
            "open": "0.1906",
            "high": "0.1908",
            "low": "0.1906",
            "close": "0.1908"
        },
        {
            "time": "13.07.2021 16:31",
            "open": "0.1908",
            "high": "0.1908",
            "low": "0.1908",
            "close": "0.1904"
        },
        {
            "time": "13.07.2021 16:42",
            "open": "0.1904",
            "high": "0.1904",
            "low": "0.1904",
            "close": "0.1906"
        },
        {
            "time": "13.07.2021 16:45",
            "open": "0.1906",
            "high": "0.1906",
            "low": "0.1899",
            "close": "0.1893"
        },
        {
            "time": "13.07.2021 16:50",
            "open": "0.1893",
            "high": "0.1897",
            "low": "0.1893",
            "close": "0.1897"
        },
        {
            "time": "13.07.2021 16:51",
            "open": "0.1897",
            "high": "0.1897",
            "low": "0.1897",
            "close": "0.1898"
        },
        {
            "time": "13.07.2021 16:55",
            "open": "0.1898",
            "high": "0.1898",
            "low": "0.1898",
            "close": "0.1894"
        },
        {
            "time": "13.07.2021 16:57",
            "open": "0.1894",
            "high": "0.1894",
            "low": "0.1894",
            "close": "0.1899"
        },
        {
            "time": "13.07.2021 17:00",
            "open": "0.1899",
            "high": "0.1959",
            "low": "0.1899",
            "close": "0.1956"
        },
        {
            "time": "13.07.2021 17:01",
            "open": "0.1956",
            "high": "0.1969",
            "low": "0.1949",
            "close": "0.197"
        },
        {
            "time": "13.07.2021 17:02",
            "open": "0.197",
            "high": "0.197",
            "low": "0.196",
            "close": "0.1959"
        },
        {
            "time": "13.07.2021 17:03",
            "open": "0.1959",
            "high": "0.196",
            "low": "0.1959",
            "close": "0.1959"
        },
        {
            "time": "13.07.2021 17:05",
            "open": "0.1959",
            "high": "0.1959",
            "low": "0.1941",
            "close": "0.1936"
        },
        {
            "time": "13.07.2021 17:06",
            "open": "0.1936",
            "high": "0.1939",
            "low": "0.1933",
            "close": "0.1934"
        },
        {
            "time": "13.07.2021 17:08",
            "open": "0.1934",
            "high": "0.1935",
            "low": "0.1934",
            "close": "0.1932"
        },
        {
            "time": "13.07.2021 17:10",
            "open": "0.1932",
            "high": "0.1932",
            "low": "0.193",
            "close": "0.1926"
        },
        {
            "time": "13.07.2021 17:11",
            "open": "0.1926",
            "high": "0.1926",
            "low": "0.1926",
            "close": "0.1925"
        },
        {
            "time": "13.07.2021 17:13",
            "open": "0.1925",
            "high": "0.1925",
            "low": "0.1925",
            "close": "0.1927"
        },
        {
            "time": "13.07.2021 17:15",
            "open": "0.1927",
            "high": "0.1944",
            "low": "0.1927",
            "close": "0.1953"
        },
        {
            "time": "13.07.2021 17:17",
            "open": "0.1953",
            "high": "0.1974",
            "low": "0.1953",
            "close": "0.1967"
        },
        {
            "time": "13.07.2021 17:18",
            "open": "0.1967",
            "high": "0.1978",
            "low": "0.1967",
            "close": "0.1979"
        },
        {
            "time": "13.07.2021 17:19",
            "open": "0.1979",
            "high": "0.1979",
            "low": "0.1979",
            "close": "0.1975"
        },
        {
            "time": "13.07.2021 17:20",
            "open": "0.1975",
            "high": "0.1992",
            "low": "0.1975",
            "close": "0.1995"
        },
        {
            "time": "13.07.2021 17:21",
            "open": "0.1995",
            "high": "0.2023",
            "low": "0.1988",
            "close": "0.1983"
        },
        {
            "time": "13.07.2021 17:22",
            "open": "0.1983",
            "high": "0.2004",
            "low": "0.1968",
            "close": "0.1991"
        },
        {
            "time": "13.07.2021 17:23",
            "open": "0.1991",
            "high": "0.1994",
            "low": "0.1986",
            "close": "0.1992"
        },
        {
            "time": "13.07.2021 17:24",
            "open": "0.1992",
            "high": "0.2",
            "low": "0.1989",
            "close": "0.1995"
        },
        {
            "time": "13.07.2021 17:26",
            "open": "0.1995",
            "high": "0.1997",
            "low": "0.1995",
            "close": "0.2004"
        },
        {
            "time": "13.07.2021 17:27",
            "open": "0.2004",
            "high": "0.2011",
            "low": "0.2002",
            "close": "0.2"
        },
        {
            "time": "13.07.2021 17:28",
            "open": "0.2",
            "high": "0.2",
            "low": "0.2",
            "close": "0.2001"
        },
        {
            "time": "13.07.2021 17:29",
            "open": "0.2001",
            "high": "0.2001",
            "low": "0.1986",
            "close": "0.1989"
        },
        {
            "time": "13.07.2021 17:31",
            "open": "0.1989",
            "high": "0.1989",
            "low": "0.1987",
            "close": "0.1989"
        },
        {
            "time": "13.07.2021 17:33",
            "open": "0.1989",
            "high": "0.1989",
            "low": "0.1989",
            "close": "0.1987"
        },
        {
            "time": "13.07.2021 17:34",
            "open": "0.1987",
            "high": "0.1987",
            "low": "0.1987",
            "close": "0.1983"
        },
        {
            "time": "13.07.2021 17:35",
            "open": "0.1983",
            "high": "0.1984",
            "low": "0.1983",
            "close": "0.198"
        },
        {
            "time": "13.07.2021 17:37",
            "open": "0.198",
            "high": "0.198",
            "low": "0.1958",
            "close": "0.1957"
        },
        {
            "time": "13.07.2021 17:38",
            "open": "0.1957",
            "high": "0.1957",
            "low": "0.1951",
            "close": "0.195"
        },
        {
            "time": "13.07.2021 17:39",
            "open": "0.195",
            "high": "0.195",
            "low": "0.195",
            "close": "0.1951"
        },
        {
            "time": "13.07.2021 17:41",
            "open": "0.1951",
            "high": "0.1967",
            "low": "0.1951",
            "close": "0.1954"
        },
        {
            "time": "13.07.2021 17:42",
            "open": "0.1954",
            "high": "0.1962",
            "low": "0.1954",
            "close": "0.196"
        },
        {
            "time": "13.07.2021 17:43",
            "open": "0.196",
            "high": "0.196",
            "low": "0.196",
            "close": "0.1965"
        },
        {
            "time": "13.07.2021 17:44",
            "open": "0.1965",
            "high": "0.1971",
            "low": "0.1965",
            "close": "0.1973"
        },
        {
            "time": "13.07.2021 17:45",
            "open": "0.1973",
            "high": "0.1983",
            "low": "0.1973",
            "close": "0.1984"
        },
        {
            "time": "13.07.2021 17:46",
            "open": "0.1984",
            "high": "0.2005",
            "low": "0.1984",
            "close": "0.1987"
        },
        {
            "time": "13.07.2021 17:47",
            "open": "0.1987",
            "high": "0.1992",
            "low": "0.1987",
            "close": "0.1992"
        },
        {
            "time": "13.07.2021 17:48",
            "open": "0.1992",
            "high": "0.1992",
            "low": "0.1992",
            "close": "0.1992"
        },
        {
            "time": "13.07.2021 17:49",
            "open": "0.1992",
            "high": "0.1992",
            "low": "0.1992",
            "close": "0.1993"
        },
        {
            "time": "13.07.2021 17:52",
            "open": "0.1993",
            "high": "0.1993",
            "low": "0.1993",
            "close": "0.1993"
        },
        {
            "time": "13.07.2021 17:53",
            "open": "0.1993",
            "high": "0.1996",
            "low": "0.199",
            "close": "0.2002"
        },
        {
            "time": "13.07.2021 17:55",
            "open": "0.2002",
            "high": "0.2014",
            "low": "0.2",
            "close": "0.2007"
        },
        {
            "time": "13.07.2021 17:56",
            "open": "0.2007",
            "high": "0.2007",
            "low": "0.1992",
            "close": "0.1991"
        },
        {
            "time": "13.07.2021 17:57",
            "open": "0.1991",
            "high": "0.1999",
            "low": "0.1972",
            "close": "0.2004"
        },
        {
            "time": "13.07.2021 17:58",
            "open": "0.2004",
            "high": "0.2021",
            "low": "0.1988",
            "close": "0.1996"
        },
        {
            "time": "13.07.2021 17:59",
            "open": "0.1996",
            "high": "0.1996",
            "low": "0.198",
            "close": "0.198"
        },
        {
            "time": "13.07.2021 18:00",
            "open": "0.198",
            "high": "0.1981",
            "low": "0.1974",
            "close": "0.1972"
        },
        {
            "time": "13.07.2021 18:03",
            "open": "0.1972",
            "high": "0.1972",
            "low": "0.1962",
            "close": "0.1959"
        },
        {
            "time": "13.07.2021 18:04",
            "open": "0.1959",
            "high": "0.1967",
            "low": "0.1951",
            "close": "0.1965"
        },
        {
            "time": "13.07.2021 18:11",
            "open": "0.1965",
            "high": "0.1965",
            "low": "0.1964",
            "close": "0.1961"
        },
        {
            "time": "13.07.2021 18:12",
            "open": "0.1961",
            "high": "0.1962",
            "low": "0.1954",
            "close": "0.1957"
        },
        {
            "time": "13.07.2021 18:13",
            "open": "0.1957",
            "high": "0.1964",
            "low": "0.1957",
            "close": "0.1964"
        },
        {
            "time": "13.07.2021 18:14",
            "open": "0.1964",
            "high": "0.1964",
            "low": "0.1964",
            "close": "0.1965"
        },
        {
            "time": "13.07.2021 18:16",
            "open": "0.1965",
            "high": "0.1973",
            "low": "0.1965",
            "close": "0.1973"
        },
        {
            "time": "13.07.2021 18:17",
            "open": "0.1973",
            "high": "0.1975",
            "low": "0.1968",
            "close": "0.197"
        },
        {
            "time": "13.07.2021 18:26",
            "open": "0.197",
            "high": "0.197",
            "low": "0.1966",
            "close": "0.1971"
        },
        {
            "time": "13.07.2021 18:31",
            "open": "0.1971",
            "high": "0.1971",
            "low": "0.1969",
            "close": "0.1969"
        },
        {
            "time": "13.07.2021 18:32",
            "open": "0.1969",
            "high": "0.1969",
            "low": "0.1962",
            "close": "0.1963"
        },
        {
            "time": "13.07.2021 18:33",
            "open": "0.1963",
            "high": "0.1963",
            "low": "0.1963",
            "close": "0.1965"
        },
        {
            "time": "13.07.2021 18:36",
            "open": "0.1965",
            "high": "0.1965",
            "low": "0.1965",
            "close": "0.1957"
        },
        {
            "time": "13.07.2021 18:38",
            "open": "0.1957",
            "high": "0.1957",
            "low": "0.1957",
            "close": "0.1951"
        },
        {
            "time": "13.07.2021 18:39",
            "open": "0.1951",
            "high": "0.1976",
            "low": "0.1942",
            "close": "0.196"
        },
        {
            "time": "13.07.2021 18:40",
            "open": "0.1961",
            "high": "0.1961",
            "low": "0.1961",
            "close": "0.1948"
        },
        {
            "time": "13.07.2021 18:52",
            "open": "0.1948",
            "high": "0.1948",
            "low": "0.1948",
            "close": "0.195"
        },
        {
            "time": "13.07.2021 18:53",
            "open": "0.195",
            "high": "0.1962",
            "low": "0.1949",
            "close": "0.1954"
        },
        {
            "time": "13.07.2021 18:56",
            "open": "0.1954",
            "high": "0.2002",
            "low": "0.1954",
            "close": "0.198"
        },
        {
            "time": "13.07.2021 18:57",
            "open": "0.198",
            "high": "0.1998",
            "low": "0.198",
            "close": "0.1993"
        },
        {
            "time": "13.07.2021 18:58",
            "open": "0.1993",
            "high": "0.1993",
            "low": "0.1978",
            "close": "0.1975"
        },
        {
            "time": "13.07.2021 18:59",
            "open": "0.1975",
            "high": "0.1975",
            "low": "0.1975",
            "close": "0.1976"
        },
        {
            "time": "13.07.2021 19:00",
            "open": "0.1976",
            "high": "0.1976",
            "low": "0.1976",
            "close": "0.1978"
        },
        {
            "time": "13.07.2021 19:01",
            "open": "0.1978",
            "high": "0.1978",
            "low": "0.1978",
            "close": "0.1978"
        },
        {
            "time": "13.07.2021 19:04",
            "open": "0.1978",
            "high": "0.1978",
            "low": "0.1978",
            "close": "0.198"
        },
        {
            "time": "13.07.2021 19:12",
            "open": "0.198",
            "high": "0.198",
            "low": "0.1972",
            "close": "0.1971"
        },
        {
            "time": "13.07.2021 19:13",
            "open": "0.1971",
            "high": "0.1971",
            "low": "0.1965",
            "close": "0.1968"
        },
        {
            "time": "13.07.2021 19:20",
            "open": "0.1968",
            "high": "0.1968",
            "low": "0.1968",
            "close": "0.1968"
        },
        {
            "time": "13.07.2021 19:24",
            "open": "0.1968",
            "high": "0.1968",
            "low": "0.1968",
            "close": "0.1967"
        },
        {
            "time": "13.07.2021 19:34",
            "open": "0.1967",
            "high": "0.1967",
            "low": "0.1967",
            "close": "0.1966"
        },
        {
            "time": "13.07.2021 19:39",
            "open": "0.1966",
            "high": "0.1966",
            "low": "0.1966",
            "close": "0.1964"
        },
        {
            "time": "13.07.2021 19:40",
            "open": "0.1964",
            "high": "0.1968",
            "low": "0.1963",
            "close": "0.1971"
        },
        {
            "time": "13.07.2021 19:43",
            "open": "0.1971",
            "high": "0.2007",
            "low": "0.1971",
            "close": "0.1984"
        },
        {
            "time": "13.07.2021 19:44",
            "open": "0.1984",
            "high": "0.2002",
            "low": "0.1984",
            "close": "0.1996"
        },
        {
            "time": "13.07.2021 19:45",
            "open": "0.1996",
            "high": "0.1996",
            "low": "0.1988",
            "close": "0.1989"
        },
        {
            "time": "13.07.2021 19:46",
            "open": "0.1989",
            "high": "0.1989",
            "low": "0.1989",
            "close": "0.1991"
        },
        {
            "time": "13.07.2021 19:47",
            "open": "0.1991",
            "high": "0.1991",
            "low": "0.1979",
            "close": "0.1972"
        },
        {
            "time": "13.07.2021 19:48",
            "open": "0.1972",
            "high": "0.1972",
            "low": "0.1972",
            "close": "0.1972"
        },
        {
            "time": "13.07.2021 19:50",
            "open": "0.1972",
            "high": "0.1975",
            "low": "0.1967",
            "close": "0.1971"
        },
        {
            "time": "13.07.2021 19:51",
            "open": "0.1971",
            "high": "0.1971",
            "low": "0.1971",
            "close": "0.1968"
        },
        {
            "time": "13.07.2021 19:53",
            "open": "0.1968",
            "high": "0.1968",
            "low": "0.1968",
            "close": "0.197"
        },
        {
            "time": "13.07.2021 19:55",
            "open": "0.197",
            "high": "0.197",
            "low": "0.1968",
            "close": "0.197"
        },
        {
            "time": "13.07.2021 19:56",
            "open": "0.197",
            "high": "0.197",
            "low": "0.197",
            "close": "0.1972"
        },
        {
            "time": "13.07.2021 19:58",
            "open": "0.1972",
            "high": "0.1972",
            "low": "0.1972",
            "close": "0.1973"
        },
        {
            "time": "13.07.2021 20:00",
            "open": "0.1973",
            "high": "0.1973",
            "low": "0.1973",
            "close": "0.1971"
        },
        {
            "time": "13.07.2021 20:01",
            "open": "0.1971",
            "high": "0.1971",
            "low": "0.1969",
            "close": "0.197"
        },
        {
            "time": "13.07.2021 20:04",
            "open": "0.197",
            "high": "0.197",
            "low": "0.1969",
            "close": "0.1971"
        },
        {
            "time": "13.07.2021 20:09",
            "open": "0.1971",
            "high": "0.1972",
            "low": "0.1971",
            "close": "0.1971"
        },
        {
            "time": "13.07.2021 20:14",
            "open": "0.1971",
            "high": "0.1971",
            "low": "0.1971",
            "close": "0.1968"
        },
        {
            "time": "13.07.2021 20:16",
            "open": "0.1968",
            "high": "0.1968",
            "low": "0.1967",
            "close": "0.197"
        },
        {
            "time": "13.07.2021 20:24",
            "open": "0.197",
            "high": "0.197",
            "low": "0.197",
            "close": "0.1967"
        },
        {
            "time": "13.07.2021 20:30",
            "open": "0.1967",
            "high": "0.1967",
            "low": "0.1964",
            "close": "0.1962"
        },
        {
            "time": "13.07.2021 20:31",
            "open": "0.1962",
            "high": "0.1962",
            "low": "0.1962",
            "close": "0.1961"
        },
        {
            "time": "13.07.2021 20:33",
            "open": "0.1961",
            "high": "0.1971",
            "low": "0.1961",
            "close": "0.1968"
        },
        {
            "time": "13.07.2021 20:34",
            "open": "0.1968",
            "high": "0.1968",
            "low": "0.1968",
            "close": "0.1962"
        },
        {
            "time": "13.07.2021 20:37",
            "open": "0.1962",
            "high": "0.1962",
            "low": "0.1962",
            "close": "0.1958"
        },
        {
            "time": "13.07.2021 20:51",
            "open": "0.1958",
            "high": "0.1958",
            "low": "0.1956",
            "close": "0.1954"
        },
        {
            "time": "13.07.2021 20:56",
            "open": "0.1954",
            "high": "0.1954",
            "low": "0.1953",
            "close": "0.195"
        },
        {
            "time": "13.07.2021 20:57",
            "open": "0.195",
            "high": "0.195",
            "low": "0.1946",
            "close": "0.1945"
        },
        {
            "time": "13.07.2021 20:58",
            "open": "0.1945",
            "high": "0.1945",
            "low": "0.1945",
            "close": "0.1942"
        },
        {
            "time": "13.07.2021 21:02",
            "open": "0.1942",
            "high": "0.1942",
            "low": "0.1941",
            "close": "0.194"
        },
        {
            "time": "13.07.2021 21:06",
            "open": "0.194",
            "high": "0.195",
            "low": "0.194",
            "close": "0.1947"
        },
        {
            "time": "13.07.2021 21:07",
            "open": "0.1947",
            "high": "0.1947",
            "low": "0.1947",
            "close": "0.1947"
        },
        {
            "time": "13.07.2021 21:08",
            "open": "0.1947",
            "high": "0.1958",
            "low": "0.1947",
            "close": "0.1958"
        },
        {
            "time": "13.07.2021 21:09",
            "open": "0.1958",
            "high": "0.1958",
            "low": "0.1958",
            "close": "0.195"
        },
        {
            "time": "13.07.2021 21:10",
            "open": "0.195",
            "high": "0.195",
            "low": "0.195",
            "close": "0.194"
        },
        {
            "time": "13.07.2021 21:15",
            "open": "0.194",
            "high": "0.194",
            "low": "0.1939",
            "close": "0.1937"
        },
        {
            "time": "13.07.2021 21:16",
            "open": "0.1937",
            "high": "0.1937",
            "low": "0.1932",
            "close": "0.1926"
        },
        {
            "time": "13.07.2021 21:18",
            "open": "0.1926",
            "high": "0.1926",
            "low": "0.1926",
            "close": "0.1926"
        },
        {
            "time": "13.07.2021 21:21",
            "open": "0.1926",
            "high": "0.1926",
            "low": "0.1926",
            "close": "0.1922"
        },
        {
            "time": "13.07.2021 21:23",
            "open": "0.1922",
            "high": "0.1922",
            "low": "0.1909",
            "close": "0.1911"
        },
        {
            "time": "13.07.2021 21:24",
            "open": "0.1911",
            "high": "0.1911",
            "low": "0.1905",
            "close": "0.1906"
        },
        {
            "time": "13.07.2021 21:25",
            "open": "0.1906",
            "high": "0.1906",
            "low": "0.1905",
            "close": "0.1904"
        },
        {
            "time": "13.07.2021 21:26",
            "open": "0.1904",
            "high": "0.1904",
            "low": "0.1903",
            "close": "0.1902"
        },
        {
            "time": "13.07.2021 21:31",
            "open": "0.1902",
            "high": "0.1911",
            "low": "0.1902",
            "close": "0.1903"
        },
        {
            "time": "13.07.2021 21:35",
            "open": "0.1903",
            "high": "0.1903",
            "low": "0.1903",
            "close": "0.19"
        },
        {
            "time": "13.07.2021 21:36",
            "open": "0.19",
            "high": "0.19",
            "low": "0.19",
            "close": "0.1897"
        },
        {
            "time": "13.07.2021 21:37",
            "open": "0.1897",
            "high": "0.1904",
            "low": "0.1897",
            "close": "0.1911"
        },
        {
            "time": "13.07.2021 21:38",
            "open": "0.1911",
            "high": "0.1911",
            "low": "0.1911",
            "close": "0.1913"
        },
        {
            "time": "13.07.2021 21:54",
            "open": "0.1913",
            "high": "0.1913",
            "low": "0.1912",
            "close": "0.1906"
        },
        {
            "time": "13.07.2021 21:57",
            "open": "0.1906",
            "high": "0.1906",
            "low": "0.1906",
            "close": "0.1906"
        },
        {
            "time": "13.07.2021 22:01",
            "open": "0.1906",
            "high": "0.1908",
            "low": "0.1906",
            "close": "0.191"
        },
        {
            "time": "13.07.2021 22:07",
            "open": "0.191",
            "high": "0.191",
            "low": "0.1902",
            "close": "0.1905"
        },
        {
            "time": "13.07.2021 22:12",
            "open": "0.1905",
            "high": "0.1905",
            "low": "0.1905",
            "close": "0.1905"
        },
        {
            "time": "13.07.2021 22:13",
            "open": "0.1905",
            "high": "0.191",
            "low": "0.1905",
            "close": "0.1911"
        },
        {
            "time": "13.07.2021 22:14",
            "open": "0.1911",
            "high": "0.1911",
            "low": "0.1911",
            "close": "0.1915"
        },
        {
            "time": "13.07.2021 22:24",
            "open": "0.1915",
            "high": "0.1919",
            "low": "0.1913",
            "close": "0.1911"
        },
        {
            "time": "13.07.2021 22:25",
            "open": "0.1911",
            "high": "0.1912",
            "low": "0.1909",
            "close": "0.1911"
        },
        {
            "time": "13.07.2021 22:36",
            "open": "0.1911",
            "high": "0.1911",
            "low": "0.1911",
            "close": "0.1913"
        },
        {
            "time": "13.07.2021 22:37",
            "open": "0.1913",
            "high": "0.1913",
            "low": "0.1913",
            "close": "0.1913"
        },
        {
            "time": "13.07.2021 22:40",
            "open": "0.1913",
            "high": "0.1913",
            "low": "0.191",
            "close": "0.1911"
        },
        {
            "time": "13.07.2021 22:46",
            "open": "0.1911",
            "high": "0.1911",
            "low": "0.191",
            "close": "0.1911"
        },
        {
            "time": "13.07.2021 22:55",
            "open": "0.1911",
            "high": "0.1911",
            "low": "0.1911",
            "close": "0.1914"
        },
        {
            "time": "13.07.2021 23:01",
            "open": "0.1914",
            "high": "0.1919",
            "low": "0.1914",
            "close": "0.1919"
        },
        {
            "time": "13.07.2021 23:05",
            "open": "0.1919",
            "high": "0.1923",
            "low": "0.1919",
            "close": "0.1923"
        },
        {
            "time": "13.07.2021 23:07",
            "open": "0.1923",
            "high": "0.1923",
            "low": "0.1923",
            "close": "0.1923"
        },
        {
            "time": "13.07.2021 23:08",
            "open": "0.1923",
            "high": "0.1923",
            "low": "0.1922",
            "close": "0.1922"
        },
        {
            "time": "13.07.2021 23:10",
            "open": "0.1922",
            "high": "0.1922",
            "low": "0.1922",
            "close": "0.1922"
        },
        {
            "time": "13.07.2021 23:11",
            "open": "0.1922",
            "high": "0.1922",
            "low": "0.1922",
            "close": "0.1917"
        },
        {
            "time": "13.07.2021 23:18",
            "open": "0.1917",
            "high": "0.1918",
            "low": "0.1917",
            "close": "0.1915"
        },
        {
            "time": "13.07.2021 23:24",
            "open": "0.1915",
            "high": "0.1915",
            "low": "0.1911",
            "close": "0.1916"
        },
        {
            "time": "13.07.2021 23:29",
            "open": "0.1916",
            "high": "0.1919",
            "low": "0.1914",
            "close": "0.1917"
        },
        {
            "time": "13.07.2021 23:38",
            "open": "0.1917",
            "high": "0.1917",
            "low": "0.1917",
            "close": "0.1916"
        },
        {
            "time": "13.07.2021 23:41",
            "open": "0.1916",
            "high": "0.1916",
            "low": "0.1911",
            "close": "0.1914"
        },
        {
            "time": "13.07.2021 23:45",
            "open": "0.1914",
            "high": "0.1914",
            "low": "0.1914",
            "close": "0.1914"
        },
        {
            "time": "13.07.2021 23:46",
            "open": "0.1914",
            "high": "0.1922",
            "low": "0.1914",
            "close": "0.1927"
        },
        {
            "time": "13.07.2021 23:48",
            "open": "0.1927",
            "high": "0.1927",
            "low": "0.1927",
            "close": "0.1926"
        },
        {
            "time": "13.07.2021 23:50",
            "open": "0.1926",
            "high": "0.1926",
            "low": "0.1926",
            "close": "0.1926"
        },
        {
            "time": "13.07.2021 23:51",
            "open": "0.1926",
            "high": "0.1926",
            "low": "0.1926",
            "close": "0.1922"
        },
        {
            "time": "13.07.2021 23:52",
            "open": "0.1922",
            "high": "0.1924",
            "low": "0.1919",
            "close": "0.1919"
        },
        {
            "time": "13.07.2021 23:55",
            "open": "0.1919",
            "high": "0.1919",
            "low": "0.1912",
            "close": "0.1906"
        },
        {
            "time": "13.07.2021 23:56",
            "open": "0.1906",
            "high": "0.1906",
            "low": "0.1905",
            "close": "0.1913"
        }
    ]
}