{
    "ETC-EUR": [
        {
            "time": "29.10.2020 07:17",
            "open": "4.671",
            "high": "4.671",
            "low": "4.671",
            "close": "4.671"
        },
        {
            "time": "29.10.2020 07:28",
            "open": "4.671",
            "high": "4.673",
            "low": "4.671",
            "close": "4.667"
        },
        {
            "time": "29.10.2020 07:35",
            "open": "4.667",
            "high": "4.668",
            "low": "4.667",
            "close": "4.674"
        },
        {
            "time": "29.10.2020 08:10",
            "open": "4.674",
            "high": "4.674",
            "low": "4.674",
            "close": "4.668"
        },
        {
            "time": "29.10.2020 08:12",
            "open": "4.668",
            "high": "4.668",
            "low": "4.668",
            "close": "4.676"
        },
        {
            "time": "29.10.2020 08:14",
            "open": "4.676",
            "high": "4.676",
            "low": "4.676",
            "close": "4.681"
        },
        {
            "time": "29.10.2020 08:15",
            "open": "4.681",
            "high": "4.681",
            "low": "4.681",
            "close": "4.672"
        },
        {
            "time": "29.10.2020 08:27",
            "open": "4.672",
            "high": "4.672",
            "low": "4.672",
            "close": "4.677"
        },
        {
            "time": "29.10.2020 08:43",
            "open": "4.677",
            "high": "4.678",
            "low": "4.677",
            "close": "4.667"
        },
        {
            "time": "29.10.2020 08:44",
            "open": "4.667",
            "high": "4.682",
            "low": "4.667",
            "close": "4.672"
        },
        {
            "time": "29.10.2020 08:45",
            "open": "4.672",
            "high": "4.672",
            "low": "4.672",
            "close": "4.663"
        },
        {
            "time": "29.10.2020 08:52",
            "open": "4.663",
            "high": "4.663",
            "low": "4.663",
            "close": "4.667"
        },
        {
            "time": "29.10.2020 08:57",
            "open": "4.667",
            "high": "4.667",
            "low": "4.667",
            "close": "4.669"
        },
        {
            "time": "29.10.2020 09:13",
            "open": "4.669",
            "high": "4.669",
            "low": "4.669",
            "close": "4.668"
        },
        {
            "time": "29.10.2020 09:14",
            "open": "4.668",
            "high": "4.67",
            "low": "4.668",
            "close": "4.668"
        },
        {
            "time": "29.10.2020 09:15",
            "open": "4.668",
            "high": "4.668",
            "low": "4.668",
            "close": "4.672"
        },
        {
            "time": "29.10.2020 09:25",
            "open": "4.672",
            "high": "4.672",
            "low": "4.672",
            "close": "4.674"
        },
        {
            "time": "29.10.2020 09:37",
            "open": "4.674",
            "high": "4.674",
            "low": "4.674",
            "close": "4.67"
        },
        {
            "time": "29.10.2020 09:38",
            "open": "4.67",
            "high": "4.67",
            "low": "4.67",
            "close": "4.677"
        },
        {
            "time": "29.10.2020 09:41",
            "open": "4.677",
            "high": "4.677",
            "low": "4.677",
            "close": "4.68"
        },
        {
            "time": "29.10.2020 09:46",
            "open": "4.68",
            "high": "4.68",
            "low": "4.68",
            "close": "4.682"
        },
        {
            "time": "29.10.2020 09:52",
            "open": "4.682",
            "high": "4.682",
            "low": "4.682",
            "close": "4.673"
        },
        {
            "time": "29.10.2020 09:53",
            "open": "4.673",
            "high": "4.673",
            "low": "4.673",
            "close": "4.668"
        },
        {
            "time": "29.10.2020 10:04",
            "open": "4.668",
            "high": "4.668",
            "low": "4.667",
            "close": "4.688"
        },
        {
            "time": "29.10.2020 10:14",
            "open": "4.688",
            "high": "4.688",
            "low": "4.688",
            "close": "4.69"
        },
        {
            "time": "29.10.2020 10:30",
            "open": "4.69",
            "high": "4.69",
            "low": "4.69",
            "close": "4.691"
        },
        {
            "time": "29.10.2020 10:31",
            "open": "4.691",
            "high": "4.691",
            "low": "4.691",
            "close": "4.678"
        },
        {
            "time": "29.10.2020 10:36",
            "open": "4.678",
            "high": "4.678",
            "low": "4.678",
            "close": "4.691"
        },
        {
            "time": "29.10.2020 10:41",
            "open": "4.691",
            "high": "4.702",
            "low": "4.691",
            "close": "4.684"
        },
        {
            "time": "29.10.2020 10:44",
            "open": "4.684",
            "high": "4.684",
            "low": "4.683",
            "close": "4.686"
        },
        {
            "time": "29.10.2020 10:45",
            "open": "4.686",
            "high": "4.689",
            "low": "4.686",
            "close": "4.701"
        },
        {
            "time": "29.10.2020 10:47",
            "open": "4.701",
            "high": "4.701",
            "low": "4.691",
            "close": "4.709"
        },
        {
            "time": "29.10.2020 10:57",
            "open": "4.709",
            "high": "4.709",
            "low": "4.709",
            "close": "4.691"
        },
        {
            "time": "29.10.2020 11:03",
            "open": "4.691",
            "high": "4.691",
            "low": "4.691",
            "close": "4.695"
        },
        {
            "time": "29.10.2020 11:06",
            "open": "4.695",
            "high": "4.695",
            "low": "4.695",
            "close": "4.693"
        },
        {
            "time": "29.10.2020 11:16",
            "open": "4.693",
            "high": "4.694",
            "low": "4.693",
            "close": "4.694"
        },
        {
            "time": "29.10.2020 11:17",
            "open": "4.694",
            "high": "4.694",
            "low": "4.694",
            "close": "4.67"
        },
        {
            "time": "29.10.2020 11:42",
            "open": "4.67",
            "high": "4.67",
            "low": "4.67",
            "close": "4.669"
        },
        {
            "time": "29.10.2020 11:49",
            "open": "4.669",
            "high": "4.669",
            "low": "4.668",
            "close": "4.669"
        },
        {
            "time": "29.10.2020 11:52",
            "open": "4.669",
            "high": "4.669",
            "low": "4.668",
            "close": "4.669"
        },
        {
            "time": "29.10.2020 12:01",
            "open": "4.669",
            "high": "4.669",
            "low": "4.669",
            "close": "4.684"
        },
        {
            "time": "29.10.2020 12:13",
            "open": "4.684",
            "high": "4.684",
            "low": "4.684",
            "close": "4.68"
        },
        {
            "time": "29.10.2020 12:16",
            "open": "4.68",
            "high": "4.68",
            "low": "4.68",
            "close": "4.677"
        },
        {
            "time": "29.10.2020 12:23",
            "open": "4.677",
            "high": "4.677",
            "low": "4.677",
            "close": "4.67"
        },
        {
            "time": "29.10.2020 12:25",
            "open": "4.67",
            "high": "4.67",
            "low": "4.668",
            "close": "4.667"
        },
        {
            "time": "29.10.2020 12:28",
            "open": "4.667",
            "high": "4.667",
            "low": "4.667",
            "close": "4.667"
        },
        {
            "time": "29.10.2020 12:31",
            "open": "4.667",
            "high": "4.667",
            "low": "4.667",
            "close": "4.684"
        },
        {
            "time": "29.10.2020 12:36",
            "open": "4.684",
            "high": "4.684",
            "low": "4.682",
            "close": "4.68"
        },
        {
            "time": "29.10.2020 12:43",
            "open": "4.68",
            "high": "4.68",
            "low": "4.68",
            "close": "4.69"
        },
        {
            "time": "29.10.2020 12:45",
            "open": "4.69",
            "high": "4.69",
            "low": "4.69",
            "close": "4.701"
        },
        {
            "time": "29.10.2020 12:46",
            "open": "4.701",
            "high": "4.702",
            "low": "4.695",
            "close": "4.698"
        },
        {
            "time": "29.10.2020 12:47",
            "open": "4.698",
            "high": "4.698",
            "low": "4.698",
            "close": "4.699"
        },
        {
            "time": "29.10.2020 12:48",
            "open": "4.699",
            "high": "4.699",
            "low": "4.699",
            "close": "4.689"
        },
        {
            "time": "29.10.2020 12:52",
            "open": "4.689",
            "high": "4.689",
            "low": "4.689",
            "close": "4.689"
        },
        {
            "time": "29.10.2020 12:53",
            "open": "4.689",
            "high": "4.689",
            "low": "4.689",
            "close": "4.683"
        },
        {
            "time": "29.10.2020 12:55",
            "open": "4.683",
            "high": "4.683",
            "low": "4.683",
            "close": "4.68"
        },
        {
            "time": "29.10.2020 12:57",
            "open": "4.68",
            "high": "4.68",
            "low": "4.68",
            "close": "4.668"
        },
        {
            "time": "29.10.2020 12:59",
            "open": "4.668",
            "high": "4.669",
            "low": "4.667",
            "close": "4.657"
        },
        {
            "time": "29.10.2020 13:00",
            "open": "4.657",
            "high": "4.657",
            "low": "4.656",
            "close": "4.658"
        },
        {
            "time": "29.10.2020 13:02",
            "open": "4.658",
            "high": "4.658",
            "low": "4.658",
            "close": "4.652"
        },
        {
            "time": "29.10.2020 13:05",
            "open": "4.652",
            "high": "4.652",
            "low": "4.652",
            "close": "4.649"
        },
        {
            "time": "29.10.2020 13:07",
            "open": "4.649",
            "high": "4.649",
            "low": "4.649",
            "close": "4.65"
        },
        {
            "time": "29.10.2020 13:13",
            "open": "4.65",
            "high": "4.65",
            "low": "4.65",
            "close": "4.652"
        },
        {
            "time": "29.10.2020 13:14",
            "open": "4.652",
            "high": "4.652",
            "low": "4.652",
            "close": "4.651"
        },
        {
            "time": "29.10.2020 13:17",
            "open": "4.651",
            "high": "4.651",
            "low": "4.651",
            "close": "4.65"
        },
        {
            "time": "29.10.2020 13:18",
            "open": "4.65",
            "high": "4.65",
            "low": "4.646",
            "close": "4.646"
        },
        {
            "time": "29.10.2020 13:24",
            "open": "4.646",
            "high": "4.646",
            "low": "4.642",
            "close": "4.644"
        },
        {
            "time": "29.10.2020 13:25",
            "open": "4.644",
            "high": "4.644",
            "low": "4.644",
            "close": "4.639"
        },
        {
            "time": "29.10.2020 13:28",
            "open": "4.639",
            "high": "4.639",
            "low": "4.637",
            "close": "4.636"
        },
        {
            "time": "29.10.2020 13:31",
            "open": "4.636",
            "high": "4.639",
            "low": "4.63",
            "close": "4.639"
        },
        {
            "time": "29.10.2020 13:32",
            "open": "4.639",
            "high": "4.642",
            "low": "4.639",
            "close": "4.644"
        },
        {
            "time": "29.10.2020 13:35",
            "open": "4.644",
            "high": "4.65",
            "low": "4.643",
            "close": "4.645"
        },
        {
            "time": "29.10.2020 13:37",
            "open": "4.645",
            "high": "4.645",
            "low": "4.642",
            "close": "4.638"
        },
        {
            "time": "29.10.2020 13:38",
            "open": "4.638",
            "high": "4.638",
            "low": "4.633",
            "close": "4.637"
        },
        {
            "time": "29.10.2020 13:39",
            "open": "4.637",
            "high": "4.637",
            "low": "4.636",
            "close": "4.635"
        },
        {
            "time": "29.10.2020 13:40",
            "open": "4.635",
            "high": "4.635",
            "low": "4.635",
            "close": "4.631"
        },
        {
            "time": "29.10.2020 13:41",
            "open": "4.631",
            "high": "4.631",
            "low": "4.63",
            "close": "4.627"
        },
        {
            "time": "29.10.2020 13:43",
            "open": "4.627",
            "high": "4.627",
            "low": "4.627",
            "close": "4.62"
        },
        {
            "time": "29.10.2020 13:44",
            "open": "4.62",
            "high": "4.62",
            "low": "4.62",
            "close": "4.622"
        },
        {
            "time": "29.10.2020 13:46",
            "open": "4.622",
            "high": "4.622",
            "low": "4.622",
            "close": "4.62"
        },
        {
            "time": "29.10.2020 13:47",
            "open": "4.62",
            "high": "4.62",
            "low": "4.617",
            "close": "4.619"
        },
        {
            "time": "29.10.2020 13:48",
            "open": "4.619",
            "high": "4.628",
            "low": "4.619",
            "close": "4.626"
        },
        {
            "time": "29.10.2020 13:49",
            "open": "4.626",
            "high": "4.626",
            "low": "4.62",
            "close": "4.633"
        },
        {
            "time": "29.10.2020 13:51",
            "open": "4.633",
            "high": "4.649",
            "low": "4.633",
            "close": "4.671"
        },
        {
            "time": "29.10.2020 13:52",
            "open": "4.671",
            "high": "4.689",
            "low": "4.671",
            "close": "4.672"
        },
        {
            "time": "29.10.2020 13:58",
            "open": "4.672",
            "high": "4.672",
            "low": "4.672",
            "close": "4.661"
        },
        {
            "time": "29.10.2020 14:03",
            "open": "4.661",
            "high": "4.68",
            "low": "4.661",
            "close": "4.673"
        },
        {
            "time": "29.10.2020 14:06",
            "open": "4.673",
            "high": "4.673",
            "low": "4.673",
            "close": "4.669"
        },
        {
            "time": "29.10.2020 14:09",
            "open": "4.669",
            "high": "4.669",
            "low": "4.651",
            "close": "4.676"
        },
        {
            "time": "29.10.2020 14:10",
            "open": "4.676",
            "high": "4.68",
            "low": "4.676",
            "close": "4.675"
        },
        {
            "time": "29.10.2020 14:14",
            "open": "4.675",
            "high": "4.675",
            "low": "4.675",
            "close": "4.665"
        },
        {
            "time": "29.10.2020 14:16",
            "open": "4.665",
            "high": "4.665",
            "low": "4.665",
            "close": "4.668"
        },
        {
            "time": "29.10.2020 14:19",
            "open": "4.668",
            "high": "4.668",
            "low": "4.668",
            "close": "4.652"
        },
        {
            "time": "29.10.2020 14:20",
            "open": "4.652",
            "high": "4.652",
            "low": "4.652",
            "close": "4.651"
        },
        {
            "time": "29.10.2020 14:21",
            "open": "4.651",
            "high": "4.651",
            "low": "4.651",
            "close": "4.652"
        },
        {
            "time": "29.10.2020 14:22",
            "open": "4.651",
            "high": "4.651",
            "low": "4.651",
            "close": "4.656"
        },
        {
            "time": "29.10.2020 14:25",
            "open": "4.656",
            "high": "4.659",
            "low": "4.656",
            "close": "4.657"
        },
        {
            "time": "29.10.2020 14:27",
            "open": "4.657",
            "high": "4.657",
            "low": "4.657",
            "close": "4.683"
        },
        {
            "time": "29.10.2020 14:44",
            "open": "4.683",
            "high": "4.683",
            "low": "4.683",
            "close": "4.669"
        },
        {
            "time": "29.10.2020 14:46",
            "open": "4.669",
            "high": "4.669",
            "low": "4.669",
            "close": "4.691"
        },
        {
            "time": "29.10.2020 14:51",
            "open": "4.691",
            "high": "4.691",
            "low": "4.691",
            "close": "4.692"
        },
        {
            "time": "29.10.2020 14:52",
            "open": "4.692",
            "high": "4.692",
            "low": "4.692",
            "close": "4.689"
        },
        {
            "time": "29.10.2020 14:53",
            "open": "4.689",
            "high": "4.7",
            "low": "4.689",
            "close": "4.696"
        },
        {
            "time": "29.10.2020 14:54",
            "open": "4.696",
            "high": "4.697",
            "low": "4.696",
            "close": "4.694"
        },
        {
            "time": "29.10.2020 14:55",
            "open": "4.694",
            "high": "4.694",
            "low": "4.694",
            "close": "4.7"
        },
        {
            "time": "29.10.2020 14:56",
            "open": "4.7",
            "high": "4.7",
            "low": "4.7",
            "close": "4.692"
        },
        {
            "time": "29.10.2020 15:01",
            "open": "4.692",
            "high": "4.697",
            "low": "4.692",
            "close": "4.698"
        },
        {
            "time": "29.10.2020 15:02",
            "open": "4.698",
            "high": "4.7",
            "low": "4.698",
            "close": "4.709"
        },
        {
            "time": "29.10.2020 15:05",
            "open": "4.709",
            "high": "4.718",
            "low": "4.709",
            "close": "4.72"
        },
        {
            "time": "29.10.2020 15:07",
            "open": "4.72",
            "high": "4.723",
            "low": "4.72",
            "close": "4.722"
        },
        {
            "time": "29.10.2020 15:08",
            "open": "4.722",
            "high": "4.722",
            "low": "4.722",
            "close": "4.72"
        },
        {
            "time": "29.10.2020 15:09",
            "open": "4.72",
            "high": "4.72",
            "low": "4.72",
            "close": "4.713"
        },
        {
            "time": "29.10.2020 15:16",
            "open": "4.713",
            "high": "4.713",
            "low": "4.713",
            "close": "4.723"
        },
        {
            "time": "29.10.2020 15:17",
            "open": "4.723",
            "high": "4.723",
            "low": "4.723",
            "close": "4.713"
        },
        {
            "time": "29.10.2020 15:19",
            "open": "4.713",
            "high": "4.726",
            "low": "4.712",
            "close": "4.729"
        },
        {
            "time": "29.10.2020 15:20",
            "open": "4.729",
            "high": "4.747",
            "low": "4.729",
            "close": "4.739"
        },
        {
            "time": "29.10.2020 15:21",
            "open": "4.739",
            "high": "4.747",
            "low": "4.737",
            "close": "4.748"
        },
        {
            "time": "29.10.2020 15:23",
            "open": "4.748",
            "high": "4.748",
            "low": "4.748",
            "close": "4.747"
        },
        {
            "time": "29.10.2020 15:24",
            "open": "4.747",
            "high": "4.747",
            "low": "4.746",
            "close": "4.746"
        },
        {
            "time": "29.10.2020 15:25",
            "open": "4.746",
            "high": "4.746",
            "low": "4.732",
            "close": "4.74"
        },
        {
            "time": "29.10.2020 15:27",
            "open": "4.74",
            "high": "4.74",
            "low": "4.73",
            "close": "4.724"
        },
        {
            "time": "29.10.2020 15:29",
            "open": "4.724",
            "high": "4.73",
            "low": "4.724",
            "close": "4.723"
        },
        {
            "time": "29.10.2020 15:31",
            "open": "4.723",
            "high": "4.723",
            "low": "4.723",
            "close": "4.719"
        },
        {
            "time": "29.10.2020 15:32",
            "open": "4.719",
            "high": "4.72",
            "low": "4.719",
            "close": "4.716"
        },
        {
            "time": "29.10.2020 15:35",
            "open": "4.716",
            "high": "4.716",
            "low": "4.716",
            "close": "4.709"
        },
        {
            "time": "29.10.2020 15:37",
            "open": "4.709",
            "high": "4.71",
            "low": "4.709",
            "close": "4.718"
        },
        {
            "time": "29.10.2020 15:38",
            "open": "4.718",
            "high": "4.718",
            "low": "4.718",
            "close": "4.719"
        },
        {
            "time": "29.10.2020 15:39",
            "open": "4.719",
            "high": "4.719",
            "low": "4.719",
            "close": "4.721"
        },
        {
            "time": "29.10.2020 15:40",
            "open": "4.721",
            "high": "4.721",
            "low": "4.721",
            "close": "4.704"
        },
        {
            "time": "29.10.2020 15:45",
            "open": "4.704",
            "high": "4.704",
            "low": "4.704",
            "close": "4.713"
        },
        {
            "time": "29.10.2020 15:48",
            "open": "4.713",
            "high": "4.739",
            "low": "4.713",
            "close": "4.729"
        },
        {
            "time": "29.10.2020 15:49",
            "open": "4.729",
            "high": "4.747",
            "low": "4.729",
            "close": "4.729"
        },
        {
            "time": "29.10.2020 15:52",
            "open": "4.729",
            "high": "4.729",
            "low": "4.729",
            "close": "4.724"
        },
        {
            "time": "29.10.2020 15:54",
            "open": "4.724",
            "high": "4.736",
            "low": "4.724",
            "close": "4.738"
        },
        {
            "time": "29.10.2020 15:55",
            "open": "4.738",
            "high": "4.738",
            "low": "4.738",
            "close": "4.725"
        },
        {
            "time": "29.10.2020 15:57",
            "open": "4.725",
            "high": "4.725",
            "low": "4.725",
            "close": "4.722"
        },
        {
            "time": "29.10.2020 15:59",
            "open": "4.722",
            "high": "4.728",
            "low": "4.722",
            "close": "4.707"
        },
        {
            "time": "29.10.2020 16:18",
            "open": "4.707",
            "high": "4.707",
            "low": "4.707",
            "close": "4.724"
        },
        {
            "time": "29.10.2020 16:19",
            "open": "4.724",
            "high": "4.73",
            "low": "4.724",
            "close": "4.722"
        },
        {
            "time": "29.10.2020 16:21",
            "open": "4.722",
            "high": "4.722",
            "low": "4.722",
            "close": "4.726"
        },
        {
            "time": "29.10.2020 16:22",
            "open": "4.726",
            "high": "4.726",
            "low": "4.721",
            "close": "4.728"
        },
        {
            "time": "29.10.2020 16:26",
            "open": "4.728",
            "high": "4.728",
            "low": "4.728",
            "close": "4.729"
        },
        {
            "time": "29.10.2020 16:28",
            "open": "4.729",
            "high": "4.729",
            "low": "4.729",
            "close": "4.728"
        },
        {
            "time": "29.10.2020 16:31",
            "open": "4.728",
            "high": "4.728",
            "low": "4.728",
            "close": "4.727"
        },
        {
            "time": "29.10.2020 16:32",
            "open": "4.727",
            "high": "4.727",
            "low": "4.727",
            "close": "4.715"
        },
        {
            "time": "29.10.2020 16:34",
            "open": "4.715",
            "high": "4.725",
            "low": "4.715",
            "close": "4.725"
        },
        {
            "time": "29.10.2020 16:36",
            "open": "4.725",
            "high": "4.725",
            "low": "4.725",
            "close": "4.724"
        },
        {
            "time": "29.10.2020 16:37",
            "open": "4.724",
            "high": "4.728",
            "low": "4.724",
            "close": "4.728"
        },
        {
            "time": "29.10.2020 16:41",
            "open": "4.728",
            "high": "4.728",
            "low": "4.728",
            "close": "4.72"
        },
        {
            "time": "29.10.2020 16:42",
            "open": "4.72",
            "high": "4.72",
            "low": "4.708",
            "close": "4.703"
        },
        {
            "time": "29.10.2020 16:45",
            "open": "4.703",
            "high": "4.703",
            "low": "4.703",
            "close": "4.7"
        },
        {
            "time": "29.10.2020 16:46",
            "open": "4.7",
            "high": "4.7",
            "low": "4.693",
            "close": "4.709"
        },
        {
            "time": "29.10.2020 16:50",
            "open": "4.709",
            "high": "4.709",
            "low": "4.709",
            "close": "4.708"
        },
        {
            "time": "29.10.2020 16:52",
            "open": "4.708",
            "high": "4.709",
            "low": "4.707",
            "close": "4.725"
        },
        {
            "time": "29.10.2020 16:57",
            "open": "4.725",
            "high": "4.725",
            "low": "4.725",
            "close": "4.726"
        },
        {
            "time": "29.10.2020 17:01",
            "open": "4.726",
            "high": "4.726",
            "low": "4.726",
            "close": "4.728"
        },
        {
            "time": "29.10.2020 17:03",
            "open": "4.728",
            "high": "4.738",
            "low": "4.728",
            "close": "4.739"
        },
        {
            "time": "29.10.2020 17:04",
            "open": "4.739",
            "high": "4.739",
            "low": "4.739",
            "close": "4.743"
        },
        {
            "time": "29.10.2020 17:05",
            "open": "4.743",
            "high": "4.743",
            "low": "4.734",
            "close": "4.725"
        },
        {
            "time": "29.10.2020 17:08",
            "open": "4.725",
            "high": "4.725",
            "low": "4.724",
            "close": "4.72"
        },
        {
            "time": "29.10.2020 17:11",
            "open": "4.72",
            "high": "4.72",
            "low": "4.719",
            "close": "4.735"
        },
        {
            "time": "29.10.2020 17:22",
            "open": "4.735",
            "high": "4.735",
            "low": "4.735",
            "close": "4.723"
        },
        {
            "time": "29.10.2020 17:23",
            "open": "4.723",
            "high": "4.734",
            "low": "4.723",
            "close": "4.711"
        },
        {
            "time": "29.10.2020 17:26",
            "open": "4.711",
            "high": "4.711",
            "low": "4.711",
            "close": "4.711"
        },
        {
            "time": "29.10.2020 17:40",
            "open": "4.711",
            "high": "4.711",
            "low": "4.711",
            "close": "4.711"
        },
        {
            "time": "29.10.2020 17:41",
            "open": "4.711",
            "high": "4.711",
            "low": "4.711",
            "close": "4.711"
        },
        {
            "time": "29.10.2020 17:42",
            "open": "4.711",
            "high": "4.711",
            "low": "4.702",
            "close": "4.721"
        },
        {
            "time": "29.10.2020 17:44",
            "open": "4.721",
            "high": "4.721",
            "low": "4.721",
            "close": "4.706"
        },
        {
            "time": "29.10.2020 18:03",
            "open": "4.706",
            "high": "4.706",
            "low": "4.706",
            "close": "4.7"
        },
        {
            "time": "29.10.2020 18:04",
            "open": "4.7",
            "high": "4.7",
            "low": "4.7",
            "close": "4.703"
        },
        {
            "time": "29.10.2020 18:06",
            "open": "4.703",
            "high": "4.703",
            "low": "4.703",
            "close": "4.693"
        },
        {
            "time": "29.10.2020 18:07",
            "open": "4.693",
            "high": "4.698",
            "low": "4.692",
            "close": "4.691"
        },
        {
            "time": "29.10.2020 18:15",
            "open": "4.691",
            "high": "4.691",
            "low": "4.688",
            "close": "4.687"
        },
        {
            "time": "29.10.2020 18:17",
            "open": "4.687",
            "high": "4.687",
            "low": "4.681",
            "close": "4.68"
        },
        {
            "time": "29.10.2020 18:18",
            "open": "4.68",
            "high": "4.68",
            "low": "4.679",
            "close": "4.674"
        },
        {
            "time": "29.10.2020 18:19",
            "open": "4.674",
            "high": "4.674",
            "low": "4.674",
            "close": "4.673"
        },
        {
            "time": "29.10.2020 18:22",
            "open": "4.673",
            "high": "4.673",
            "low": "4.668",
            "close": "4.672"
        },
        {
            "time": "29.10.2020 18:29",
            "open": "4.672",
            "high": "4.672",
            "low": "4.672",
            "close": "4.678"
        },
        {
            "time": "29.10.2020 18:32",
            "open": "4.678",
            "high": "4.681",
            "low": "4.678",
            "close": "4.679"
        },
        {
            "time": "29.10.2020 18:33",
            "open": "4.679",
            "high": "4.679",
            "low": "4.679",
            "close": "4.68"
        },
        {
            "time": "29.10.2020 18:36",
            "open": "4.68",
            "high": "4.68",
            "low": "4.68",
            "close": "4.681"
        },
        {
            "time": "29.10.2020 18:37",
            "open": "4.681",
            "high": "4.681",
            "low": "4.681",
            "close": "4.69"
        },
        {
            "time": "29.10.2020 18:38",
            "open": "4.69",
            "high": "4.69",
            "low": "4.69",
            "close": "4.682"
        },
        {
            "time": "29.10.2020 18:39",
            "open": "4.682",
            "high": "4.682",
            "low": "4.682",
            "close": "4.681"
        },
        {
            "time": "29.10.2020 18:40",
            "open": "4.681",
            "high": "4.681",
            "low": "4.681",
            "close": "4.682"
        },
        {
            "time": "29.10.2020 18:45",
            "open": "4.682",
            "high": "4.682",
            "low": "4.682",
            "close": "4.672"
        },
        {
            "time": "29.10.2020 18:46",
            "open": "4.672",
            "high": "4.672",
            "low": "4.672",
            "close": "4.668"
        },
        {
            "time": "29.10.2020 18:51",
            "open": "4.668",
            "high": "4.668",
            "low": "4.663",
            "close": "4.661"
        },
        {
            "time": "29.10.2020 18:52",
            "open": "4.661",
            "high": "4.662",
            "low": "4.661",
            "close": "4.654"
        },
        {
            "time": "29.10.2020 19:13",
            "open": "4.654",
            "high": "4.654",
            "low": "4.652",
            "close": "4.692"
        },
        {
            "time": "29.10.2020 19:19",
            "open": "4.692",
            "high": "4.692",
            "low": "4.692",
            "close": "4.654"
        },
        {
            "time": "29.10.2020 19:36",
            "open": "4.654",
            "high": "4.654",
            "low": "4.653",
            "close": "4.651"
        },
        {
            "time": "29.10.2020 19:37",
            "open": "4.651",
            "high": "4.651",
            "low": "4.65",
            "close": "4.651"
        },
        {
            "time": "29.10.2020 19:38",
            "open": "4.651",
            "high": "4.651",
            "low": "4.651",
            "close": "4.647"
        },
        {
            "time": "29.10.2020 19:39",
            "open": "4.647",
            "high": "4.647",
            "low": "4.637",
            "close": "4.635"
        },
        {
            "time": "29.10.2020 19:41",
            "open": "4.635",
            "high": "4.635",
            "low": "4.635",
            "close": "4.632"
        },
        {
            "time": "29.10.2020 19:42",
            "open": "4.632",
            "high": "4.632",
            "low": "4.63",
            "close": "4.637"
        },
        {
            "time": "29.10.2020 19:53",
            "open": "4.637",
            "high": "4.637",
            "low": "4.637",
            "close": "4.637"
        },
        {
            "time": "29.10.2020 20:07",
            "open": "4.637",
            "high": "4.637",
            "low": "4.637",
            "close": "4.639"
        },
        {
            "time": "29.10.2020 20:09",
            "open": "4.639",
            "high": "4.639",
            "low": "4.639",
            "close": "4.641"
        },
        {
            "time": "29.10.2020 20:17",
            "open": "4.641",
            "high": "4.642",
            "low": "4.641",
            "close": "4.641"
        },
        {
            "time": "29.10.2020 20:19",
            "open": "4.641",
            "high": "4.641",
            "low": "4.641",
            "close": "4.642"
        },
        {
            "time": "29.10.2020 20:30",
            "open": "4.642",
            "high": "4.651",
            "low": "4.642",
            "close": "4.633"
        },
        {
            "time": "29.10.2020 20:32",
            "open": "4.633",
            "high": "4.633",
            "low": "4.633",
            "close": "4.639"
        },
        {
            "time": "29.10.2020 20:40",
            "open": "4.639",
            "high": "4.639",
            "low": "4.639",
            "close": "4.644"
        },
        {
            "time": "29.10.2020 20:43",
            "open": "4.644",
            "high": "4.644",
            "low": "4.644",
            "close": "4.649"
        },
        {
            "time": "29.10.2020 20:45",
            "open": "4.649",
            "high": "4.649",
            "low": "4.649",
            "close": "4.63"
        },
        {
            "time": "29.10.2020 21:00",
            "open": "4.63",
            "high": "4.63",
            "low": "4.628",
            "close": "4.644"
        },
        {
            "time": "29.10.2020 21:03",
            "open": "4.644",
            "high": "4.644",
            "low": "4.644",
            "close": "4.649"
        },
        {
            "time": "29.10.2020 21:05",
            "open": "4.649",
            "high": "4.649",
            "low": "4.649",
            "close": "4.63"
        },
        {
            "time": "29.10.2020 21:15",
            "open": "4.63",
            "high": "4.63",
            "low": "4.63",
            "close": "4.648"
        },
        {
            "time": "29.10.2020 21:21",
            "open": "4.648",
            "high": "4.648",
            "low": "4.648",
            "close": "4.633"
        },
        {
            "time": "29.10.2020 21:31",
            "open": "4.633",
            "high": "4.634",
            "low": "4.633",
            "close": "4.643"
        },
        {
            "time": "29.10.2020 21:45",
            "open": "4.643",
            "high": "4.643",
            "low": "4.643",
            "close": "4.644"
        },
        {
            "time": "29.10.2020 21:47",
            "open": "4.644",
            "high": "4.644",
            "low": "4.639",
            "close": "4.646"
        },
        {
            "time": "29.10.2020 21:52",
            "open": "4.646",
            "high": "4.649",
            "low": "4.646",
            "close": "4.645"
        },
        {
            "time": "29.10.2020 21:58",
            "open": "4.645",
            "high": "4.647",
            "low": "4.645",
            "close": "4.639"
        },
        {
            "time": "29.10.2020 21:59",
            "open": "4.633",
            "high": "4.633",
            "low": "4.633",
            "close": "4.63"
        },
        {
            "time": "29.10.2020 22:04",
            "open": "4.63",
            "high": "4.63",
            "low": "4.63",
            "close": "4.646"
        },
        {
            "time": "29.10.2020 22:12",
            "open": "4.646",
            "high": "4.646",
            "low": "4.646",
            "close": "4.646"
        },
        {
            "time": "29.10.2020 22:16",
            "open": "4.646",
            "high": "4.646",
            "low": "4.646",
            "close": "4.648"
        },
        {
            "time": "29.10.2020 22:19",
            "open": "4.648",
            "high": "4.648",
            "low": "4.648",
            "close": "4.648"
        },
        {
            "time": "29.10.2020 22:20",
            "open": "4.648",
            "high": "4.648",
            "low": "4.648",
            "close": "4.648"
        },
        {
            "time": "29.10.2020 22:21",
            "open": "4.648",
            "high": "4.648",
            "low": "4.648",
            "close": "4.648"
        },
        {
            "time": "29.10.2020 22:25",
            "open": "4.648",
            "high": "4.648",
            "low": "4.648",
            "close": "4.648"
        },
        {
            "time": "29.10.2020 22:27",
            "open": "4.648",
            "high": "4.648",
            "low": "4.648",
            "close": "4.647"
        },
        {
            "time": "29.10.2020 22:30",
            "open": "4.647",
            "high": "4.647",
            "low": "4.647",
            "close": "4.646"
        },
        {
            "time": "29.10.2020 22:31",
            "open": "4.646",
            "high": "4.646",
            "low": "4.646",
            "close": "4.646"
        },
        {
            "time": "29.10.2020 22:34",
            "open": "4.646",
            "high": "4.646",
            "low": "4.646",
            "close": "4.645"
        },
        {
            "time": "29.10.2020 22:37",
            "open": "4.645",
            "high": "4.645",
            "low": "4.644",
            "close": "4.645"
        },
        {
            "time": "29.10.2020 22:44",
            "open": "4.645",
            "high": "4.645",
            "low": "4.645",
            "close": "4.646"
        },
        {
            "time": "29.10.2020 22:46",
            "open": "4.646",
            "high": "4.646",
            "low": "4.646",
            "close": "4.647"
        },
        {
            "time": "29.10.2020 22:48",
            "open": "4.647",
            "high": "4.647",
            "low": "4.647",
            "close": "4.649"
        },
        {
            "time": "29.10.2020 22:50",
            "open": "4.649",
            "high": "4.65",
            "low": "4.649",
            "close": "4.664"
        },
        {
            "time": "29.10.2020 22:55",
            "open": "4.664",
            "high": "4.664",
            "low": "4.664",
            "close": "4.657"
        },
        {
            "time": "29.10.2020 22:58",
            "open": "4.657",
            "high": "4.657",
            "low": "4.652",
            "close": "4.658"
        },
        {
            "time": "29.10.2020 23:04",
            "open": "4.658",
            "high": "4.658",
            "low": "4.658",
            "close": "4.652"
        },
        {
            "time": "29.10.2020 23:05",
            "open": "4.652",
            "high": "4.652",
            "low": "4.652",
            "close": "4.649"
        },
        {
            "time": "29.10.2020 23:09",
            "open": "4.649",
            "high": "4.649",
            "low": "4.641",
            "close": "4.642"
        },
        {
            "time": "29.10.2020 23:10",
            "open": "4.642",
            "high": "4.642",
            "low": "4.642",
            "close": "4.642"
        },
        {
            "time": "29.10.2020 23:16",
            "open": "4.642",
            "high": "4.642",
            "low": "4.642",
            "close": "4.639"
        },
        {
            "time": "29.10.2020 23:17",
            "open": "4.639",
            "high": "4.639",
            "low": "4.62",
            "close": "4.619"
        },
        {
            "time": "29.10.2020 23:18",
            "open": "4.619",
            "high": "4.631",
            "low": "4.619",
            "close": "4.622"
        },
        {
            "time": "29.10.2020 23:19",
            "open": "4.622",
            "high": "4.63",
            "low": "4.622",
            "close": "4.63"
        },
        {
            "time": "29.10.2020 23:24",
            "open": "4.63",
            "high": "4.63",
            "low": "4.622",
            "close": "4.628"
        },
        {
            "time": "29.10.2020 23:35",
            "open": "4.628",
            "high": "4.628",
            "low": "4.628",
            "close": "4.622"
        },
        {
            "time": "29.10.2020 23:39",
            "open": "4.622",
            "high": "4.622",
            "low": "4.621",
            "close": "4.629"
        },
        {
            "time": "29.10.2020 23:46",
            "open": "4.629",
            "high": "4.63",
            "low": "4.629",
            "close": "4.621"
        },
        {
            "time": "29.10.2020 23:48",
            "open": "4.621",
            "high": "4.621",
            "low": "4.621",
            "close": "4.623"
        }
    ]
}