{
    "ETC-EUR": [
        {
            "time": "05.11.2020 23:59",
            "open": "4.293",
            "high": "4.296",
            "low": "4.293",
            "close": "4.292"
        },
        {
            "time": "06.11.2020 00:00",
            "open": "4.292",
            "high": "4.293",
            "low": "4.292",
            "close": "4.293"
        },
        {
            "time": "06.11.2020 00:01",
            "open": "4.293",
            "high": "4.293",
            "low": "4.293",
            "close": "4.294"
        },
        {
            "time": "06.11.2020 00:03",
            "open": "4.294",
            "high": "4.302",
            "low": "4.294",
            "close": "4.308"
        },
        {
            "time": "06.11.2020 00:04",
            "open": "4.308",
            "high": "4.317",
            "low": "4.3",
            "close": "4.315"
        },
        {
            "time": "06.11.2020 00:05",
            "open": "4.315",
            "high": "4.315",
            "low": "4.315",
            "close": "4.317"
        },
        {
            "time": "06.11.2020 00:06",
            "open": "4.317",
            "high": "4.317",
            "low": "4.317",
            "close": "4.332"
        },
        {
            "time": "06.11.2020 00:08",
            "open": "4.332",
            "high": "4.334",
            "low": "4.332",
            "close": "4.329"
        },
        {
            "time": "06.11.2020 00:13",
            "open": "4.329",
            "high": "4.336",
            "low": "4.329",
            "close": "4.328"
        },
        {
            "time": "06.11.2020 00:16",
            "open": "4.328",
            "high": "4.328",
            "low": "4.328",
            "close": "4.315"
        },
        {
            "time": "06.11.2020 00:20",
            "open": "4.315",
            "high": "4.315",
            "low": "4.315",
            "close": "4.314"
        },
        {
            "time": "06.11.2020 00:21",
            "open": "4.314",
            "high": "4.323",
            "low": "4.314",
            "close": "4.318"
        },
        {
            "time": "06.11.2020 00:23",
            "open": "4.318",
            "high": "4.318",
            "low": "4.318",
            "close": "4.326"
        },
        {
            "time": "06.11.2020 00:25",
            "open": "4.326",
            "high": "4.336",
            "low": "4.324",
            "close": "4.325"
        },
        {
            "time": "06.11.2020 00:28",
            "open": "4.325",
            "high": "4.325",
            "low": "4.325",
            "close": "4.331"
        },
        {
            "time": "06.11.2020 00:29",
            "open": "4.331",
            "high": "4.331",
            "low": "4.331",
            "close": "4.334"
        },
        {
            "time": "06.11.2020 00:33",
            "open": "4.334",
            "high": "4.334",
            "low": "4.334",
            "close": "4.334"
        },
        {
            "time": "06.11.2020 00:34",
            "open": "4.334",
            "high": "4.338",
            "low": "4.334",
            "close": "4.339"
        },
        {
            "time": "06.11.2020 00:36",
            "open": "4.339",
            "high": "4.339",
            "low": "4.339",
            "close": "4.363"
        },
        {
            "time": "06.11.2020 00:39",
            "open": "4.363",
            "high": "4.363",
            "low": "4.336",
            "close": "4.344"
        },
        {
            "time": "06.11.2020 00:40",
            "open": "4.344",
            "high": "4.344",
            "low": "4.344",
            "close": "4.34"
        },
        {
            "time": "06.11.2020 00:43",
            "open": "4.34",
            "high": "4.34",
            "low": "4.34",
            "close": "4.359"
        },
        {
            "time": "06.11.2020 00:44",
            "open": "4.359",
            "high": "4.359",
            "low": "4.359",
            "close": "4.365"
        },
        {
            "time": "06.11.2020 00:45",
            "open": "4.365",
            "high": "4.365",
            "low": "4.365",
            "close": "4.365"
        },
        {
            "time": "06.11.2020 00:46",
            "open": "4.365",
            "high": "4.375",
            "low": "4.365",
            "close": "4.362"
        },
        {
            "time": "06.11.2020 00:48",
            "open": "4.362",
            "high": "4.362",
            "low": "4.354",
            "close": "4.349"
        },
        {
            "time": "06.11.2020 00:51",
            "open": "4.349",
            "high": "4.349",
            "low": "4.349",
            "close": "4.348"
        },
        {
            "time": "06.11.2020 00:52",
            "open": "4.348",
            "high": "4.348",
            "low": "4.348",
            "close": "4.353"
        },
        {
            "time": "06.11.2020 00:53",
            "open": "4.353",
            "high": "4.353",
            "low": "4.353",
            "close": "4.356"
        },
        {
            "time": "06.11.2020 00:54",
            "open": "4.356",
            "high": "4.356",
            "low": "4.356",
            "close": "4.362"
        },
        {
            "time": "06.11.2020 01:00",
            "open": "4.362",
            "high": "4.362",
            "low": "4.362",
            "close": "4.349"
        },
        {
            "time": "06.11.2020 01:05",
            "open": "4.349",
            "high": "4.349",
            "low": "4.349",
            "close": "4.345"
        },
        {
            "time": "06.11.2020 01:07",
            "open": "4.345",
            "high": "4.346",
            "low": "4.345",
            "close": "4.343"
        },
        {
            "time": "06.11.2020 01:08",
            "open": "4.343",
            "high": "4.347",
            "low": "4.343",
            "close": "4.346"
        },
        {
            "time": "06.11.2020 01:12",
            "open": "4.346",
            "high": "4.346",
            "low": "4.346",
            "close": "4.361"
        },
        {
            "time": "06.11.2020 01:19",
            "open": "4.361",
            "high": "4.361",
            "low": "4.361",
            "close": "4.372"
        },
        {
            "time": "06.11.2020 01:23",
            "open": "4.372",
            "high": "4.372",
            "low": "4.372",
            "close": "4.377"
        },
        {
            "time": "06.11.2020 01:24",
            "open": "4.377",
            "high": "4.39",
            "low": "4.377",
            "close": "4.396"
        },
        {
            "time": "06.11.2020 01:25",
            "open": "4.396",
            "high": "4.399",
            "low": "4.395",
            "close": "4.405"
        },
        {
            "time": "06.11.2020 01:26",
            "open": "4.405",
            "high": "4.405",
            "low": "4.405",
            "close": "4.416"
        },
        {
            "time": "06.11.2020 01:28",
            "open": "4.416",
            "high": "4.433",
            "low": "4.416",
            "close": "4.419"
        },
        {
            "time": "06.11.2020 01:34",
            "open": "4.419",
            "high": "4.419",
            "low": "4.419",
            "close": "4.411"
        },
        {
            "time": "06.11.2020 01:37",
            "open": "4.411",
            "high": "4.411",
            "low": "4.411",
            "close": "4.423"
        },
        {
            "time": "06.11.2020 01:38",
            "open": "4.423",
            "high": "4.423",
            "low": "4.423",
            "close": "4.434"
        },
        {
            "time": "06.11.2020 01:39",
            "open": "4.434",
            "high": "4.435",
            "low": "4.433",
            "close": "4.438"
        },
        {
            "time": "06.11.2020 01:40",
            "open": "4.438",
            "high": "4.438",
            "low": "4.438",
            "close": "4.441"
        },
        {
            "time": "06.11.2020 01:41",
            "open": "4.441",
            "high": "4.441",
            "low": "4.439",
            "close": "4.43"
        },
        {
            "time": "06.11.2020 01:45",
            "open": "4.43",
            "high": "4.43",
            "low": "4.43",
            "close": "4.432"
        },
        {
            "time": "06.11.2020 01:46",
            "open": "4.432",
            "high": "4.435",
            "low": "4.432",
            "close": "4.427"
        },
        {
            "time": "06.11.2020 01:48",
            "open": "4.427",
            "high": "4.427",
            "low": "4.427",
            "close": "4.421"
        },
        {
            "time": "06.11.2020 01:52",
            "open": "4.421",
            "high": "4.421",
            "low": "4.421",
            "close": "4.422"
        },
        {
            "time": "06.11.2020 01:53",
            "open": "4.422",
            "high": "4.422",
            "low": "4.422",
            "close": "4.415"
        },
        {
            "time": "06.11.2020 02:00",
            "open": "4.415",
            "high": "4.427",
            "low": "4.414",
            "close": "4.409"
        },
        {
            "time": "06.11.2020 02:01",
            "open": "4.409",
            "high": "4.409",
            "low": "4.409",
            "close": "4.414"
        },
        {
            "time": "06.11.2020 02:04",
            "open": "4.414",
            "high": "4.414",
            "low": "4.409",
            "close": "4.423"
        },
        {
            "time": "06.11.2020 02:06",
            "open": "4.423",
            "high": "4.423",
            "low": "4.423",
            "close": "4.411"
        },
        {
            "time": "06.11.2020 02:07",
            "open": "4.411",
            "high": "4.411",
            "low": "4.411",
            "close": "4.418"
        },
        {
            "time": "06.11.2020 02:11",
            "open": "4.418",
            "high": "4.42",
            "low": "4.418",
            "close": "4.419"
        },
        {
            "time": "06.11.2020 02:14",
            "open": "4.419",
            "high": "4.419",
            "low": "4.419",
            "close": "4.415"
        },
        {
            "time": "06.11.2020 02:16",
            "open": "4.415",
            "high": "4.415",
            "low": "4.415",
            "close": "4.404"
        },
        {
            "time": "06.11.2020 02:17",
            "open": "4.404",
            "high": "4.404",
            "low": "4.402",
            "close": "4.401"
        },
        {
            "time": "06.11.2020 02:21",
            "open": "4.401",
            "high": "4.401",
            "low": "4.401",
            "close": "4.406"
        },
        {
            "time": "06.11.2020 02:22",
            "open": "4.406",
            "high": "4.406",
            "low": "4.406",
            "close": "4.402"
        },
        {
            "time": "06.11.2020 02:25",
            "open": "4.402",
            "high": "4.402",
            "low": "4.402",
            "close": "4.4"
        },
        {
            "time": "06.11.2020 02:38",
            "open": "4.4",
            "high": "4.4",
            "low": "4.4",
            "close": "4.417"
        },
        {
            "time": "06.11.2020 02:42",
            "open": "4.417",
            "high": "4.417",
            "low": "4.417",
            "close": "4.419"
        },
        {
            "time": "06.11.2020 02:43",
            "open": "4.419",
            "high": "4.419",
            "low": "4.419",
            "close": "4.425"
        },
        {
            "time": "06.11.2020 02:44",
            "open": "4.425",
            "high": "4.425",
            "low": "4.425",
            "close": "4.417"
        },
        {
            "time": "06.11.2020 02:45",
            "open": "4.417",
            "high": "4.43",
            "low": "4.417",
            "close": "4.406"
        },
        {
            "time": "06.11.2020 02:48",
            "open": "4.406",
            "high": "4.406",
            "low": "4.406",
            "close": "4.411"
        },
        {
            "time": "06.11.2020 02:51",
            "open": "4.411",
            "high": "4.412",
            "low": "4.411",
            "close": "4.417"
        },
        {
            "time": "06.11.2020 02:53",
            "open": "4.417",
            "high": "4.417",
            "low": "4.417",
            "close": "4.409"
        },
        {
            "time": "06.11.2020 03:00",
            "open": "4.409",
            "high": "4.409",
            "low": "4.409",
            "close": "4.413"
        },
        {
            "time": "06.11.2020 03:01",
            "open": "4.413",
            "high": "4.413",
            "low": "4.413",
            "close": "4.423"
        },
        {
            "time": "06.11.2020 03:05",
            "open": "4.423",
            "high": "4.423",
            "low": "4.423",
            "close": "4.429"
        },
        {
            "time": "06.11.2020 03:07",
            "open": "4.429",
            "high": "4.429",
            "low": "4.429",
            "close": "4.431"
        },
        {
            "time": "06.11.2020 03:08",
            "open": "4.431",
            "high": "4.431",
            "low": "4.431",
            "close": "4.441"
        },
        {
            "time": "06.11.2020 03:10",
            "open": "4.441",
            "high": "4.441",
            "low": "4.441",
            "close": "4.439"
        },
        {
            "time": "06.11.2020 03:24",
            "open": "4.439",
            "high": "4.439",
            "low": "4.439",
            "close": "4.431"
        },
        {
            "time": "06.11.2020 03:27",
            "open": "4.431",
            "high": "4.431",
            "low": "4.431",
            "close": "4.429"
        },
        {
            "time": "06.11.2020 03:28",
            "open": "4.429",
            "high": "4.429",
            "low": "4.429",
            "close": "4.428"
        },
        {
            "time": "06.11.2020 03:29",
            "open": "4.428",
            "high": "4.43",
            "low": "4.428",
            "close": "4.431"
        },
        {
            "time": "06.11.2020 03:30",
            "open": "4.431",
            "high": "4.431",
            "low": "4.431",
            "close": "4.421"
        },
        {
            "time": "06.11.2020 03:31",
            "open": "4.421",
            "high": "4.421",
            "low": "4.421",
            "close": "4.429"
        },
        {
            "time": "06.11.2020 03:32",
            "open": "4.429",
            "high": "4.429",
            "low": "4.429",
            "close": "4.429"
        },
        {
            "time": "06.11.2020 03:33",
            "open": "4.429",
            "high": "4.429",
            "low": "4.429",
            "close": "4.418"
        },
        {
            "time": "06.11.2020 03:34",
            "open": "4.418",
            "high": "4.418",
            "low": "4.418",
            "close": "4.415"
        },
        {
            "time": "06.11.2020 03:35",
            "open": "4.415",
            "high": "4.421",
            "low": "4.415",
            "close": "4.408"
        },
        {
            "time": "06.11.2020 03:36",
            "open": "4.408",
            "high": "4.408",
            "low": "4.408",
            "close": "4.411"
        },
        {
            "time": "06.11.2020 03:42",
            "open": "4.411",
            "high": "4.413",
            "low": "4.411",
            "close": "4.419"
        },
        {
            "time": "06.11.2020 03:43",
            "open": "4.419",
            "high": "4.419",
            "low": "4.413",
            "close": "4.411"
        },
        {
            "time": "06.11.2020 03:45",
            "open": "4.411",
            "high": "4.411",
            "low": "4.407",
            "close": "4.413"
        },
        {
            "time": "06.11.2020 03:48",
            "open": "4.413",
            "high": "4.413",
            "low": "4.413",
            "close": "4.418"
        },
        {
            "time": "06.11.2020 04:01",
            "open": "4.418",
            "high": "4.418",
            "low": "4.407",
            "close": "4.413"
        },
        {
            "time": "06.11.2020 04:02",
            "open": "4.413",
            "high": "4.413",
            "low": "4.403",
            "close": "4.395"
        },
        {
            "time": "06.11.2020 04:05",
            "open": "4.395",
            "high": "4.395",
            "low": "4.395",
            "close": "4.395"
        },
        {
            "time": "06.11.2020 04:11",
            "open": "4.395",
            "high": "4.395",
            "low": "4.395",
            "close": "4.393"
        },
        {
            "time": "06.11.2020 04:13",
            "open": "4.393",
            "high": "4.393",
            "low": "4.39",
            "close": "4.382"
        },
        {
            "time": "06.11.2020 04:20",
            "open": "4.382",
            "high": "4.382",
            "low": "4.382",
            "close": "4.39"
        },
        {
            "time": "06.11.2020 04:23",
            "open": "4.39",
            "high": "4.39",
            "low": "4.39",
            "close": "4.379"
        },
        {
            "time": "06.11.2020 04:26",
            "open": "4.379",
            "high": "4.379",
            "low": "4.379",
            "close": "4.389"
        },
        {
            "time": "06.11.2020 04:32",
            "open": "4.389",
            "high": "4.389",
            "low": "4.389",
            "close": "4.379"
        },
        {
            "time": "06.11.2020 04:51",
            "open": "4.379",
            "high": "4.379",
            "low": "4.379",
            "close": "4.383"
        },
        {
            "time": "06.11.2020 04:52",
            "open": "4.383",
            "high": "4.383",
            "low": "4.383",
            "close": "4.383"
        },
        {
            "time": "06.11.2020 04:53",
            "open": "4.383",
            "high": "4.383",
            "low": "4.382",
            "close": "4.377"
        },
        {
            "time": "06.11.2020 04:54",
            "open": "4.377",
            "high": "4.377",
            "low": "4.377",
            "close": "4.377"
        },
        {
            "time": "06.11.2020 04:58",
            "open": "4.377",
            "high": "4.377",
            "low": "4.377",
            "close": "4.375"
        },
        {
            "time": "06.11.2020 05:00",
            "open": "4.375",
            "high": "4.38",
            "low": "4.375",
            "close": "4.379"
        },
        {
            "time": "06.11.2020 05:02",
            "open": "4.379",
            "high": "4.384",
            "low": "4.379",
            "close": "4.391"
        },
        {
            "time": "06.11.2020 05:07",
            "open": "4.391",
            "high": "4.393",
            "low": "4.391",
            "close": "4.391"
        },
        {
            "time": "06.11.2020 05:22",
            "open": "4.391",
            "high": "4.391",
            "low": "4.391",
            "close": "4.381"
        },
        {
            "time": "06.11.2020 05:23",
            "open": "4.381",
            "high": "4.381",
            "low": "4.381",
            "close": "4.388"
        },
        {
            "time": "06.11.2020 05:30",
            "open": "4.388",
            "high": "4.388",
            "low": "4.381",
            "close": "4.389"
        },
        {
            "time": "06.11.2020 05:33",
            "open": "4.389",
            "high": "4.389",
            "low": "4.389",
            "close": "4.393"
        },
        {
            "time": "06.11.2020 05:34",
            "open": "4.393",
            "high": "4.402",
            "low": "4.393",
            "close": "4.384"
        },
        {
            "time": "06.11.2020 05:43",
            "open": "4.384",
            "high": "4.384",
            "low": "4.384",
            "close": "4.383"
        },
        {
            "time": "06.11.2020 05:53",
            "open": "4.383",
            "high": "4.383",
            "low": "4.383",
            "close": "4.379"
        },
        {
            "time": "06.11.2020 06:02",
            "open": "4.379",
            "high": "4.379",
            "low": "4.379",
            "close": "4.376"
        },
        {
            "time": "06.11.2020 06:13",
            "open": "4.376",
            "high": "4.376",
            "low": "4.376",
            "close": "4.401"
        },
        {
            "time": "06.11.2020 06:33",
            "open": "4.401",
            "high": "4.401",
            "low": "4.401",
            "close": "4.397"
        },
        {
            "time": "06.11.2020 06:38",
            "open": "4.397",
            "high": "4.418",
            "low": "4.397",
            "close": "4.4"
        },
        {
            "time": "06.11.2020 06:43",
            "open": "4.4",
            "high": "4.4",
            "low": "4.4",
            "close": "4.401"
        },
        {
            "time": "06.11.2020 06:45",
            "open": "4.401",
            "high": "4.401",
            "low": "4.401",
            "close": "4.403"
        },
        {
            "time": "06.11.2020 06:46",
            "open": "4.403",
            "high": "4.414",
            "low": "4.403",
            "close": "4.399"
        },
        {
            "time": "06.11.2020 06:49",
            "open": "4.399",
            "high": "4.399",
            "low": "4.399",
            "close": "4.404"
        },
        {
            "time": "06.11.2020 06:57",
            "open": "4.404",
            "high": "4.404",
            "low": "4.404",
            "close": "4.421"
        },
        {
            "time": "06.11.2020 07:06",
            "open": "4.421",
            "high": "4.421",
            "low": "4.421",
            "close": "4.399"
        },
        {
            "time": "06.11.2020 07:17",
            "open": "4.399",
            "high": "4.399",
            "low": "4.399",
            "close": "4.399"
        },
        {
            "time": "06.11.2020 07:22",
            "open": "4.399",
            "high": "4.399",
            "low": "4.397",
            "close": "4.397"
        },
        {
            "time": "06.11.2020 07:26",
            "open": "4.397",
            "high": "4.4",
            "low": "4.397",
            "close": "4.403"
        },
        {
            "time": "06.11.2020 07:32",
            "open": "4.403",
            "high": "4.403",
            "low": "4.403",
            "close": "4.407"
        },
        {
            "time": "06.11.2020 07:36",
            "open": "4.407",
            "high": "4.407",
            "low": "4.403",
            "close": "4.401"
        },
        {
            "time": "06.11.2020 07:37",
            "open": "4.401",
            "high": "4.401",
            "low": "4.401",
            "close": "4.403"
        },
        {
            "time": "06.11.2020 07:38",
            "open": "4.403",
            "high": "4.403",
            "low": "4.403",
            "close": "4.403"
        },
        {
            "time": "06.11.2020 07:39",
            "open": "4.403",
            "high": "4.403",
            "low": "4.403",
            "close": "4.402"
        },
        {
            "time": "06.11.2020 07:41",
            "open": "4.402",
            "high": "4.402",
            "low": "4.402",
            "close": "4.403"
        },
        {
            "time": "06.11.2020 07:42",
            "open": "4.403",
            "high": "4.403",
            "low": "4.403",
            "close": "4.403"
        },
        {
            "time": "06.11.2020 07:44",
            "open": "4.403",
            "high": "4.417",
            "low": "4.403",
            "close": "4.418"
        },
        {
            "time": "06.11.2020 07:45",
            "open": "4.418",
            "high": "4.418",
            "low": "4.418",
            "close": "4.411"
        },
        {
            "time": "06.11.2020 07:47",
            "open": "4.411",
            "high": "4.411",
            "low": "4.411",
            "close": "4.405"
        },
        {
            "time": "06.11.2020 07:51",
            "open": "4.405",
            "high": "4.409",
            "low": "4.405",
            "close": "4.412"
        },
        {
            "time": "06.11.2020 07:52",
            "open": "4.412",
            "high": "4.412",
            "low": "4.412",
            "close": "4.423"
        },
        {
            "time": "06.11.2020 07:53",
            "open": "4.423",
            "high": "4.423",
            "low": "4.415",
            "close": "4.409"
        },
        {
            "time": "06.11.2020 07:57",
            "open": "4.409",
            "high": "4.409",
            "low": "4.409",
            "close": "4.407"
        },
        {
            "time": "06.11.2020 07:58",
            "open": "4.407",
            "high": "4.407",
            "low": "4.407",
            "close": "4.4"
        },
        {
            "time": "06.11.2020 07:59",
            "open": "4.4",
            "high": "4.4",
            "low": "4.4",
            "close": "4.4"
        },
        {
            "time": "06.11.2020 08:00",
            "open": "4.4",
            "high": "4.4",
            "low": "4.4",
            "close": "4.397"
        },
        {
            "time": "06.11.2020 08:01",
            "open": "4.397",
            "high": "4.397",
            "low": "4.397",
            "close": "4.405"
        },
        {
            "time": "06.11.2020 08:05",
            "open": "4.405",
            "high": "4.405",
            "low": "4.405",
            "close": "4.409"
        },
        {
            "time": "06.11.2020 08:11",
            "open": "4.409",
            "high": "4.409",
            "low": "4.405",
            "close": "4.406"
        },
        {
            "time": "06.11.2020 08:18",
            "open": "4.406",
            "high": "4.406",
            "low": "4.406",
            "close": "4.408"
        },
        {
            "time": "06.11.2020 08:20",
            "open": "4.408",
            "high": "4.409",
            "low": "4.408",
            "close": "4.408"
        },
        {
            "time": "06.11.2020 08:21",
            "open": "4.408",
            "high": "4.408",
            "low": "4.407",
            "close": "4.407"
        },
        {
            "time": "06.11.2020 08:22",
            "open": "4.407",
            "high": "4.407",
            "low": "4.407",
            "close": "4.407"
        },
        {
            "time": "06.11.2020 08:23",
            "open": "4.407",
            "high": "4.407",
            "low": "4.406",
            "close": "4.407"
        },
        {
            "time": "06.11.2020 08:24",
            "open": "4.407",
            "high": "4.407",
            "low": "4.407",
            "close": "4.405"
        },
        {
            "time": "06.11.2020 08:26",
            "open": "4.405",
            "high": "4.406",
            "low": "4.405",
            "close": "4.41"
        },
        {
            "time": "06.11.2020 08:28",
            "open": "4.41",
            "high": "4.41",
            "low": "4.409",
            "close": "4.409"
        },
        {
            "time": "06.11.2020 08:29",
            "open": "4.409",
            "high": "4.409",
            "low": "4.408",
            "close": "4.409"
        },
        {
            "time": "06.11.2020 08:30",
            "open": "4.409",
            "high": "4.41",
            "low": "4.409",
            "close": "4.408"
        },
        {
            "time": "06.11.2020 08:31",
            "open": "4.408",
            "high": "4.408",
            "low": "4.406",
            "close": "4.407"
        },
        {
            "time": "06.11.2020 08:33",
            "open": "4.407",
            "high": "4.412",
            "low": "4.407",
            "close": "4.414"
        },
        {
            "time": "06.11.2020 08:34",
            "open": "4.414",
            "high": "4.414",
            "low": "4.414",
            "close": "4.413"
        },
        {
            "time": "06.11.2020 08:35",
            "open": "4.413",
            "high": "4.413",
            "low": "4.413",
            "close": "4.412"
        },
        {
            "time": "06.11.2020 08:36",
            "open": "4.412",
            "high": "4.412",
            "low": "4.412",
            "close": "4.4"
        },
        {
            "time": "06.11.2020 08:39",
            "open": "4.4",
            "high": "4.4",
            "low": "4.4",
            "close": "4.409"
        },
        {
            "time": "06.11.2020 08:41",
            "open": "4.409",
            "high": "4.44",
            "low": "4.409",
            "close": "4.406"
        },
        {
            "time": "06.11.2020 08:44",
            "open": "4.406",
            "high": "4.408",
            "low": "4.406",
            "close": "4.404"
        },
        {
            "time": "06.11.2020 08:45",
            "open": "4.404",
            "high": "4.404",
            "low": "4.404",
            "close": "4.402"
        },
        {
            "time": "06.11.2020 08:48",
            "open": "4.402",
            "high": "4.402",
            "low": "4.385",
            "close": "4.398"
        },
        {
            "time": "06.11.2020 08:50",
            "open": "4.398",
            "high": "4.399",
            "low": "4.398",
            "close": "4.4"
        },
        {
            "time": "06.11.2020 08:59",
            "open": "4.4",
            "high": "4.407",
            "low": "4.4",
            "close": "4.407"
        },
        {
            "time": "06.11.2020 09:02",
            "open": "4.407",
            "high": "4.407",
            "low": "4.407",
            "close": "4.403"
        },
        {
            "time": "06.11.2020 09:03",
            "open": "4.403",
            "high": "4.403",
            "low": "4.403",
            "close": "4.401"
        },
        {
            "time": "06.11.2020 09:04",
            "open": "4.401",
            "high": "4.401",
            "low": "4.401",
            "close": "4.4"
        },
        {
            "time": "06.11.2020 09:05",
            "open": "4.4",
            "high": "4.4",
            "low": "4.399",
            "close": "4.399"
        },
        {
            "time": "06.11.2020 09:07",
            "open": "4.399",
            "high": "4.4",
            "low": "4.399",
            "close": "4.399"
        },
        {
            "time": "06.11.2020 09:08",
            "open": "4.399",
            "high": "4.399",
            "low": "4.399",
            "close": "4.409"
        },
        {
            "time": "06.11.2020 09:13",
            "open": "4.409",
            "high": "4.435",
            "low": "4.409",
            "close": "4.407"
        },
        {
            "time": "06.11.2020 09:14",
            "open": "4.407",
            "high": "4.407",
            "low": "4.407",
            "close": "4.406"
        },
        {
            "time": "06.11.2020 09:15",
            "open": "4.406",
            "high": "4.406",
            "low": "4.406",
            "close": "4.411"
        },
        {
            "time": "06.11.2020 09:16",
            "open": "4.411",
            "high": "4.448",
            "low": "4.411",
            "close": "4.422"
        },
        {
            "time": "06.11.2020 09:20",
            "open": "4.422",
            "high": "4.422",
            "low": "4.422",
            "close": "4.42"
        },
        {
            "time": "06.11.2020 09:22",
            "open": "4.42",
            "high": "4.434",
            "low": "4.42",
            "close": "4.43"
        },
        {
            "time": "06.11.2020 09:23",
            "open": "4.43",
            "high": "4.433",
            "low": "4.424",
            "close": "4.422"
        },
        {
            "time": "06.11.2020 09:24",
            "open": "4.422",
            "high": "4.422",
            "low": "4.422",
            "close": "4.417"
        },
        {
            "time": "06.11.2020 09:36",
            "open": "4.417",
            "high": "4.417",
            "low": "4.417",
            "close": "4.418"
        },
        {
            "time": "06.11.2020 09:37",
            "open": "4.418",
            "high": "4.418",
            "low": "4.418",
            "close": "4.419"
        },
        {
            "time": "06.11.2020 09:38",
            "open": "4.419",
            "high": "4.419",
            "low": "4.419",
            "close": "4.413"
        },
        {
            "time": "06.11.2020 09:40",
            "open": "4.413",
            "high": "4.413",
            "low": "4.413",
            "close": "4.399"
        },
        {
            "time": "06.11.2020 09:41",
            "open": "4.399",
            "high": "4.399",
            "low": "4.399",
            "close": "4.399"
        },
        {
            "time": "06.11.2020 09:42",
            "open": "4.399",
            "high": "4.399",
            "low": "4.399",
            "close": "4.394"
        },
        {
            "time": "06.11.2020 09:43",
            "open": "4.394",
            "high": "4.394",
            "low": "4.394",
            "close": "4.399"
        },
        {
            "time": "06.11.2020 09:47",
            "open": "4.399",
            "high": "4.399",
            "low": "4.399",
            "close": "4.394"
        },
        {
            "time": "06.11.2020 09:48",
            "open": "4.394",
            "high": "4.394",
            "low": "4.394",
            "close": "4.386"
        },
        {
            "time": "06.11.2020 09:58",
            "open": "4.386",
            "high": "4.386",
            "low": "4.384",
            "close": "4.402"
        },
        {
            "time": "06.11.2020 10:04",
            "open": "4.402",
            "high": "4.402",
            "low": "4.402",
            "close": "4.406"
        },
        {
            "time": "06.11.2020 10:05",
            "open": "4.406",
            "high": "4.406",
            "low": "4.401",
            "close": "4.395"
        },
        {
            "time": "06.11.2020 10:10",
            "open": "4.395",
            "high": "4.395",
            "low": "4.395",
            "close": "4.398"
        },
        {
            "time": "06.11.2020 10:12",
            "open": "4.398",
            "high": "4.398",
            "low": "4.398",
            "close": "4.4"
        },
        {
            "time": "06.11.2020 10:15",
            "open": "4.4",
            "high": "4.4",
            "low": "4.4",
            "close": "4.393"
        },
        {
            "time": "06.11.2020 10:18",
            "open": "4.393",
            "high": "4.393",
            "low": "4.39",
            "close": "4.389"
        },
        {
            "time": "06.11.2020 10:19",
            "open": "4.389",
            "high": "4.389",
            "low": "4.384",
            "close": "4.381"
        },
        {
            "time": "06.11.2020 10:20",
            "open": "4.381",
            "high": "4.381",
            "low": "4.381",
            "close": "4.38"
        },
        {
            "time": "06.11.2020 10:21",
            "open": "4.38",
            "high": "4.38",
            "low": "4.38",
            "close": "4.376"
        },
        {
            "time": "06.11.2020 10:24",
            "open": "4.376",
            "high": "4.377",
            "low": "4.372",
            "close": "4.377"
        },
        {
            "time": "06.11.2020 10:25",
            "open": "4.377",
            "high": "4.381",
            "low": "4.377",
            "close": "4.37"
        },
        {
            "time": "06.11.2020 10:26",
            "open": "4.37",
            "high": "4.37",
            "low": "4.367",
            "close": "4.37"
        },
        {
            "time": "06.11.2020 10:28",
            "open": "4.37",
            "high": "4.37",
            "low": "4.37",
            "close": "4.365"
        },
        {
            "time": "06.11.2020 10:30",
            "open": "4.365",
            "high": "4.374",
            "low": "4.365",
            "close": "4.37"
        },
        {
            "time": "06.11.2020 10:31",
            "open": "4.37",
            "high": "4.37",
            "low": "4.37",
            "close": "4.386"
        },
        {
            "time": "06.11.2020 10:33",
            "open": "4.386",
            "high": "4.386",
            "low": "4.386",
            "close": "4.38"
        },
        {
            "time": "06.11.2020 10:36",
            "open": "4.38",
            "high": "4.381",
            "low": "4.38",
            "close": "4.387"
        },
        {
            "time": "06.11.2020 10:38",
            "open": "4.387",
            "high": "4.387",
            "low": "4.387",
            "close": "4.388"
        },
        {
            "time": "06.11.2020 10:39",
            "open": "4.388",
            "high": "4.388",
            "low": "4.388",
            "close": "4.387"
        },
        {
            "time": "06.11.2020 10:40",
            "open": "4.387",
            "high": "4.387",
            "low": "4.387",
            "close": "4.387"
        },
        {
            "time": "06.11.2020 10:41",
            "open": "4.387",
            "high": "4.387",
            "low": "4.386",
            "close": "4.386"
        },
        {
            "time": "06.11.2020 10:45",
            "open": "4.386",
            "high": "4.389",
            "low": "4.386",
            "close": "4.394"
        },
        {
            "time": "06.11.2020 10:46",
            "open": "4.394",
            "high": "4.394",
            "low": "4.389",
            "close": "4.383"
        },
        {
            "time": "06.11.2020 10:49",
            "open": "4.383",
            "high": "4.383",
            "low": "4.383",
            "close": "4.385"
        },
        {
            "time": "06.11.2020 10:53",
            "open": "4.385",
            "high": "4.385",
            "low": "4.385",
            "close": "4.391"
        },
        {
            "time": "06.11.2020 10:54",
            "open": "4.391",
            "high": "4.391",
            "low": "4.385",
            "close": "4.38"
        },
        {
            "time": "06.11.2020 10:58",
            "open": "4.38",
            "high": "4.382",
            "low": "4.38",
            "close": "4.375"
        },
        {
            "time": "06.11.2020 11:00",
            "open": "4.375",
            "high": "4.378",
            "low": "4.375",
            "close": "4.391"
        },
        {
            "time": "06.11.2020 11:02",
            "open": "4.391",
            "high": "4.401",
            "low": "4.391",
            "close": "4.408"
        },
        {
            "time": "06.11.2020 11:05",
            "open": "4.408",
            "high": "4.408",
            "low": "4.408",
            "close": "4.424"
        },
        {
            "time": "06.11.2020 11:08",
            "open": "4.424",
            "high": "4.425",
            "low": "4.424",
            "close": "4.432"
        },
        {
            "time": "06.11.2020 11:09",
            "open": "4.432",
            "high": "4.44",
            "low": "4.432",
            "close": "4.442"
        },
        {
            "time": "06.11.2020 11:10",
            "open": "4.442",
            "high": "4.45",
            "low": "4.442",
            "close": "4.448"
        },
        {
            "time": "06.11.2020 11:12",
            "open": "4.448",
            "high": "4.459",
            "low": "4.445",
            "close": "4.461"
        },
        {
            "time": "06.11.2020 11:16",
            "open": "4.461",
            "high": "4.461",
            "low": "4.461",
            "close": "4.458"
        },
        {
            "time": "06.11.2020 11:17",
            "open": "4.458",
            "high": "4.458",
            "low": "4.458",
            "close": "4.463"
        },
        {
            "time": "06.11.2020 11:19",
            "open": "4.463",
            "high": "4.465",
            "low": "4.463",
            "close": "4.467"
        },
        {
            "time": "06.11.2020 11:22",
            "open": "4.467",
            "high": "4.468",
            "low": "4.467",
            "close": "4.47"
        },
        {
            "time": "06.11.2020 11:26",
            "open": "4.47",
            "high": "4.486",
            "low": "4.47",
            "close": "4.486"
        },
        {
            "time": "06.11.2020 11:27",
            "open": "4.486",
            "high": "4.486",
            "low": "4.486",
            "close": "4.49"
        },
        {
            "time": "06.11.2020 11:28",
            "open": "4.49",
            "high": "4.554",
            "low": "4.49",
            "close": "4.551"
        },
        {
            "time": "06.11.2020 11:29",
            "open": "4.551",
            "high": "4.553",
            "low": "4.532",
            "close": "4.554"
        },
        {
            "time": "06.11.2020 11:30",
            "open": "4.554",
            "high": "4.597",
            "low": "4.554",
            "close": "4.594"
        },
        {
            "time": "06.11.2020 11:31",
            "open": "4.594",
            "high": "4.594",
            "low": "4.594",
            "close": "4.589"
        },
        {
            "time": "06.11.2020 11:32",
            "open": "4.589",
            "high": "4.589",
            "low": "4.579",
            "close": "4.582"
        },
        {
            "time": "06.11.2020 11:33",
            "open": "4.582",
            "high": "4.583",
            "low": "4.58",
            "close": "4.583"
        },
        {
            "time": "06.11.2020 11:34",
            "open": "4.583",
            "high": "4.589",
            "low": "4.578",
            "close": "4.587"
        },
        {
            "time": "06.11.2020 11:35",
            "open": "4.587",
            "high": "4.59",
            "low": "4.587",
            "close": "4.588"
        },
        {
            "time": "06.11.2020 11:37",
            "open": "4.588",
            "high": "4.588",
            "low": "4.585",
            "close": "4.596"
        },
        {
            "time": "06.11.2020 11:39",
            "open": "4.596",
            "high": "4.596",
            "low": "4.594",
            "close": "4.596"
        },
        {
            "time": "06.11.2020 11:40",
            "open": "4.596",
            "high": "4.598",
            "low": "4.596",
            "close": "4.599"
        },
        {
            "time": "06.11.2020 11:41",
            "open": "4.599",
            "high": "4.599",
            "low": "4.594",
            "close": "4.596"
        },
        {
            "time": "06.11.2020 11:42",
            "open": "4.596",
            "high": "4.598",
            "low": "4.592",
            "close": "4.592"
        },
        {
            "time": "06.11.2020 11:43",
            "open": "4.592",
            "high": "4.592",
            "low": "4.592",
            "close": "4.592"
        },
        {
            "time": "06.11.2020 11:44",
            "open": "4.592",
            "high": "4.598",
            "low": "4.592",
            "close": "4.598"
        },
        {
            "time": "06.11.2020 11:45",
            "open": "4.598",
            "high": "4.598",
            "low": "4.598",
            "close": "4.598"
        },
        {
            "time": "06.11.2020 11:46",
            "open": "4.598",
            "high": "4.598",
            "low": "4.585",
            "close": "4.574"
        },
        {
            "time": "06.11.2020 11:47",
            "open": "4.574",
            "high": "4.574",
            "low": "4.574",
            "close": "4.574"
        },
        {
            "time": "06.11.2020 11:48",
            "open": "4.574",
            "high": "4.574",
            "low": "4.542",
            "close": "4.542"
        },
        {
            "time": "06.11.2020 11:49",
            "open": "4.542",
            "high": "4.553",
            "low": "4.542",
            "close": "4.552"
        },
        {
            "time": "06.11.2020 11:51",
            "open": "4.552",
            "high": "4.552",
            "low": "4.552",
            "close": "4.553"
        },
        {
            "time": "06.11.2020 11:52",
            "open": "4.553",
            "high": "4.564",
            "low": "4.553",
            "close": "4.558"
        },
        {
            "time": "06.11.2020 11:53",
            "open": "4.558",
            "high": "4.558",
            "low": "4.558",
            "close": "4.546"
        },
        {
            "time": "06.11.2020 11:54",
            "open": "4.546",
            "high": "4.546",
            "low": "4.525",
            "close": "4.533"
        },
        {
            "time": "06.11.2020 11:59",
            "open": "4.533",
            "high": "4.533",
            "low": "4.533",
            "close": "4.535"
        },
        {
            "time": "06.11.2020 12:00",
            "open": "4.535",
            "high": "4.536",
            "low": "4.535",
            "close": "4.537"
        },
        {
            "time": "06.11.2020 12:01",
            "open": "4.537",
            "high": "4.537",
            "low": "4.537",
            "close": "4.55"
        },
        {
            "time": "06.11.2020 12:02",
            "open": "4.55",
            "high": "4.55",
            "low": "4.55",
            "close": "4.54"
        },
        {
            "time": "06.11.2020 12:03",
            "open": "4.54",
            "high": "4.553",
            "low": "4.54",
            "close": "4.529"
        },
        {
            "time": "06.11.2020 12:07",
            "open": "4.529",
            "high": "4.537",
            "low": "4.527",
            "close": "4.535"
        },
        {
            "time": "06.11.2020 12:08",
            "open": "4.535",
            "high": "4.535",
            "low": "4.535",
            "close": "4.539"
        },
        {
            "time": "06.11.2020 12:09",
            "open": "4.539",
            "high": "4.541",
            "low": "4.539",
            "close": "4.532"
        },
        {
            "time": "06.11.2020 12:10",
            "open": "4.532",
            "high": "4.534",
            "low": "4.532",
            "close": "4.536"
        },
        {
            "time": "06.11.2020 12:11",
            "open": "4.536",
            "high": "4.536",
            "low": "4.529",
            "close": "4.536"
        },
        {
            "time": "06.11.2020 12:14",
            "open": "4.536",
            "high": "4.536",
            "low": "4.531",
            "close": "4.527"
        },
        {
            "time": "06.11.2020 12:15",
            "open": "4.527",
            "high": "4.527",
            "low": "4.527",
            "close": "4.513"
        },
        {
            "time": "06.11.2020 12:20",
            "open": "4.513",
            "high": "4.513",
            "low": "4.513",
            "close": "4.519"
        },
        {
            "time": "06.11.2020 12:21",
            "open": "4.519",
            "high": "4.519",
            "low": "4.519",
            "close": "4.523"
        },
        {
            "time": "06.11.2020 12:27",
            "open": "4.523",
            "high": "4.523",
            "low": "4.523",
            "close": "4.519"
        },
        {
            "time": "06.11.2020 12:28",
            "open": "4.519",
            "high": "4.519",
            "low": "4.514",
            "close": "4.507"
        },
        {
            "time": "06.11.2020 12:30",
            "open": "4.507",
            "high": "4.507",
            "low": "4.507",
            "close": "4.511"
        },
        {
            "time": "06.11.2020 12:31",
            "open": "4.511",
            "high": "4.511",
            "low": "4.511",
            "close": "4.521"
        },
        {
            "time": "06.11.2020 12:33",
            "open": "4.521",
            "high": "4.522",
            "low": "4.521",
            "close": "4.522"
        },
        {
            "time": "06.11.2020 12:35",
            "open": "4.522",
            "high": "4.522",
            "low": "4.519",
            "close": "4.523"
        },
        {
            "time": "06.11.2020 12:36",
            "open": "4.523",
            "high": "4.523",
            "low": "4.523",
            "close": "4.522"
        },
        {
            "time": "06.11.2020 12:38",
            "open": "4.522",
            "high": "4.522",
            "low": "4.521",
            "close": "4.517"
        },
        {
            "time": "06.11.2020 12:40",
            "open": "4.517",
            "high": "4.517",
            "low": "4.515",
            "close": "4.523"
        },
        {
            "time": "06.11.2020 12:41",
            "open": "4.523",
            "high": "4.525",
            "low": "4.523",
            "close": "4.523"
        },
        {
            "time": "06.11.2020 12:49",
            "open": "4.523",
            "high": "4.523",
            "low": "4.523",
            "close": "4.517"
        },
        {
            "time": "06.11.2020 12:50",
            "open": "4.517",
            "high": "4.517",
            "low": "4.517",
            "close": "4.523"
        },
        {
            "time": "06.11.2020 12:52",
            "open": "4.523",
            "high": "4.523",
            "low": "4.521",
            "close": "4.521"
        },
        {
            "time": "06.11.2020 12:53",
            "open": "4.521",
            "high": "4.525",
            "low": "4.521",
            "close": "4.525"
        },
        {
            "time": "06.11.2020 12:57",
            "open": "4.525",
            "high": "4.525",
            "low": "4.525",
            "close": "4.524"
        },
        {
            "time": "06.11.2020 12:58",
            "open": "4.524",
            "high": "4.524",
            "low": "4.524",
            "close": "4.525"
        },
        {
            "time": "06.11.2020 13:01",
            "open": "4.525",
            "high": "4.525",
            "low": "4.525",
            "close": "4.517"
        },
        {
            "time": "06.11.2020 13:05",
            "open": "4.517",
            "high": "4.518",
            "low": "4.517",
            "close": "4.517"
        },
        {
            "time": "06.11.2020 13:06",
            "open": "4.517",
            "high": "4.517",
            "low": "4.515",
            "close": "4.517"
        },
        {
            "time": "06.11.2020 13:07",
            "open": "4.517",
            "high": "4.518",
            "low": "4.517",
            "close": "4.508"
        },
        {
            "time": "06.11.2020 13:10",
            "open": "4.508",
            "high": "4.51",
            "low": "4.508",
            "close": "4.504"
        },
        {
            "time": "06.11.2020 13:11",
            "open": "4.504",
            "high": "4.508",
            "low": "4.504",
            "close": "4.509"
        },
        {
            "time": "06.11.2020 13:13",
            "open": "4.509",
            "high": "4.509",
            "low": "4.509",
            "close": "4.509"
        },
        {
            "time": "06.11.2020 13:20",
            "open": "4.509",
            "high": "4.509",
            "low": "4.501",
            "close": "4.501"
        },
        {
            "time": "06.11.2020 13:23",
            "open": "4.501",
            "high": "4.501",
            "low": "4.501",
            "close": "4.505"
        },
        {
            "time": "06.11.2020 13:33",
            "open": "4.505",
            "high": "4.505",
            "low": "4.496",
            "close": "4.506"
        },
        {
            "time": "06.11.2020 13:34",
            "open": "4.506",
            "high": "4.506",
            "low": "4.506",
            "close": "4.506"
        },
        {
            "time": "06.11.2020 13:35",
            "open": "4.506",
            "high": "4.546",
            "low": "4.506",
            "close": "4.504"
        },
        {
            "time": "06.11.2020 13:36",
            "open": "4.504",
            "high": "4.528",
            "low": "4.504",
            "close": "4.515"
        },
        {
            "time": "06.11.2020 13:37",
            "open": "4.515",
            "high": "4.522",
            "low": "4.509",
            "close": "4.511"
        },
        {
            "time": "06.11.2020 13:38",
            "open": "4.511",
            "high": "4.511",
            "low": "4.509",
            "close": "4.498"
        },
        {
            "time": "06.11.2020 13:41",
            "open": "4.498",
            "high": "4.498",
            "low": "4.498",
            "close": "4.504"
        },
        {
            "time": "06.11.2020 13:43",
            "open": "4.504",
            "high": "4.504",
            "low": "4.504",
            "close": "4.496"
        },
        {
            "time": "06.11.2020 13:45",
            "open": "4.496",
            "high": "4.496",
            "low": "4.496",
            "close": "4.49"
        },
        {
            "time": "06.11.2020 13:54",
            "open": "4.49",
            "high": "4.491",
            "low": "4.486",
            "close": "4.484"
        },
        {
            "time": "06.11.2020 13:55",
            "open": "4.484",
            "high": "4.484",
            "low": "4.484",
            "close": "4.483"
        },
        {
            "time": "06.11.2020 13:56",
            "open": "4.483",
            "high": "4.483",
            "low": "4.483",
            "close": "4.484"
        },
        {
            "time": "06.11.2020 13:58",
            "open": "4.484",
            "high": "4.496",
            "low": "4.484",
            "close": "4.49"
        },
        {
            "time": "06.11.2020 13:59",
            "open": "4.49",
            "high": "4.49",
            "low": "4.49",
            "close": "4.496"
        },
        {
            "time": "06.11.2020 14:02",
            "open": "4.496",
            "high": "4.497",
            "low": "4.496",
            "close": "4.494"
        },
        {
            "time": "06.11.2020 14:03",
            "open": "4.494",
            "high": "4.522",
            "low": "4.494",
            "close": "4.53"
        },
        {
            "time": "06.11.2020 14:05",
            "open": "4.53",
            "high": "4.53",
            "low": "4.53",
            "close": "4.515"
        },
        {
            "time": "06.11.2020 14:11",
            "open": "4.515",
            "high": "4.515",
            "low": "4.51",
            "close": "4.525"
        },
        {
            "time": "06.11.2020 14:13",
            "open": "4.525",
            "high": "4.525",
            "low": "4.525",
            "close": "4.52"
        },
        {
            "time": "06.11.2020 14:15",
            "open": "4.52",
            "high": "4.52",
            "low": "4.516",
            "close": "4.526"
        },
        {
            "time": "06.11.2020 14:16",
            "open": "4.526",
            "high": "4.527",
            "low": "4.526",
            "close": "4.529"
        },
        {
            "time": "06.11.2020 14:19",
            "open": "4.542",
            "high": "4.542",
            "low": "4.542",
            "close": "4.543"
        },
        {
            "time": "06.11.2020 14:23",
            "open": "4.543",
            "high": "4.543",
            "low": "4.543",
            "close": "4.542"
        },
        {
            "time": "06.11.2020 14:24",
            "open": "4.542",
            "high": "4.542",
            "low": "4.542",
            "close": "4.55"
        },
        {
            "time": "06.11.2020 14:33",
            "open": "4.55",
            "high": "4.55",
            "low": "4.55",
            "close": "4.552"
        },
        {
            "time": "06.11.2020 14:34",
            "open": "4.552",
            "high": "4.552",
            "low": "4.552",
            "close": "4.561"
        },
        {
            "time": "06.11.2020 14:38",
            "open": "4.561",
            "high": "4.562",
            "low": "4.561",
            "close": "4.572"
        },
        {
            "time": "06.11.2020 14:39",
            "open": "4.572",
            "high": "4.572",
            "low": "4.572",
            "close": "4.562"
        },
        {
            "time": "06.11.2020 14:41",
            "open": "4.562",
            "high": "4.562",
            "low": "4.562",
            "close": "4.558"
        },
        {
            "time": "06.11.2020 14:42",
            "open": "4.558",
            "high": "4.558",
            "low": "4.558",
            "close": "4.574"
        },
        {
            "time": "06.11.2020 14:44",
            "open": "4.574",
            "high": "4.598",
            "low": "4.574",
            "close": "4.598"
        },
        {
            "time": "06.11.2020 14:45",
            "open": "4.598",
            "high": "4.598",
            "low": "4.598",
            "close": "4.586"
        },
        {
            "time": "06.11.2020 14:49",
            "open": "4.586",
            "high": "4.588",
            "low": "4.585",
            "close": "4.57"
        },
        {
            "time": "06.11.2020 14:50",
            "open": "4.57",
            "high": "4.57",
            "low": "4.568",
            "close": "4.564"
        },
        {
            "time": "06.11.2020 14:51",
            "open": "4.564",
            "high": "4.565",
            "low": "4.561",
            "close": "4.55"
        },
        {
            "time": "06.11.2020 14:53",
            "open": "4.55",
            "high": "4.55",
            "low": "4.55",
            "close": "4.549"
        },
        {
            "time": "06.11.2020 14:54",
            "open": "4.549",
            "high": "4.551",
            "low": "4.549",
            "close": "4.545"
        },
        {
            "time": "06.11.2020 14:55",
            "open": "4.545",
            "high": "4.551",
            "low": "4.54",
            "close": "4.535"
        },
        {
            "time": "06.11.2020 14:56",
            "open": "4.535",
            "high": "4.535",
            "low": "4.535",
            "close": "4.533"
        },
        {
            "time": "06.11.2020 14:58",
            "open": "4.533",
            "high": "4.533",
            "low": "4.533",
            "close": "4.523"
        },
        {
            "time": "06.11.2020 15:01",
            "open": "4.523",
            "high": "4.529",
            "low": "4.523",
            "close": "4.515"
        },
        {
            "time": "06.11.2020 15:03",
            "open": "4.515",
            "high": "4.517",
            "low": "4.515",
            "close": "4.526"
        },
        {
            "time": "06.11.2020 15:05",
            "open": "4.526",
            "high": "4.526",
            "low": "4.526",
            "close": "4.516"
        },
        {
            "time": "06.11.2020 15:07",
            "open": "4.516",
            "high": "4.541",
            "low": "4.516",
            "close": "4.517"
        },
        {
            "time": "06.11.2020 15:08",
            "open": "4.517",
            "high": "4.517",
            "low": "4.517",
            "close": "4.514"
        },
        {
            "time": "06.11.2020 15:10",
            "open": "4.501",
            "high": "4.501",
            "low": "4.501",
            "close": "4.527"
        },
        {
            "time": "06.11.2020 15:16",
            "open": "4.527",
            "high": "4.528",
            "low": "4.52",
            "close": "4.527"
        },
        {
            "time": "06.11.2020 15:18",
            "open": "4.527",
            "high": "4.527",
            "low": "4.523",
            "close": "4.514"
        },
        {
            "time": "06.11.2020 15:28",
            "open": "4.514",
            "high": "4.514",
            "low": "4.514",
            "close": "4.516"
        },
        {
            "time": "06.11.2020 15:34",
            "open": "4.516",
            "high": "4.523",
            "low": "4.516",
            "close": "4.515"
        },
        {
            "time": "06.11.2020 15:36",
            "open": "4.515",
            "high": "4.515",
            "low": "4.511",
            "close": "4.515"
        },
        {
            "time": "06.11.2020 15:37",
            "open": "4.515",
            "high": "4.515",
            "low": "4.515",
            "close": "4.521"
        },
        {
            "time": "06.11.2020 15:38",
            "open": "4.521",
            "high": "4.521",
            "low": "4.521",
            "close": "4.519"
        },
        {
            "time": "06.11.2020 15:39",
            "open": "4.519",
            "high": "4.519",
            "low": "4.516",
            "close": "4.518"
        },
        {
            "time": "06.11.2020 15:40",
            "open": "4.518",
            "high": "4.518",
            "low": "4.516",
            "close": "4.515"
        },
        {
            "time": "06.11.2020 15:47",
            "open": "4.515",
            "high": "4.515",
            "low": "4.515",
            "close": "4.512"
        },
        {
            "time": "06.11.2020 15:51",
            "open": "4.512",
            "high": "4.512",
            "low": "4.504",
            "close": "4.5"
        },
        {
            "time": "06.11.2020 15:56",
            "open": "4.5",
            "high": "4.5",
            "low": "4.493",
            "close": "4.506"
        },
        {
            "time": "06.11.2020 15:57",
            "open": "4.506",
            "high": "4.506",
            "low": "4.506",
            "close": "4.502"
        },
        {
            "time": "06.11.2020 15:59",
            "open": "4.502",
            "high": "4.502",
            "low": "4.502",
            "close": "4.495"
        },
        {
            "time": "06.11.2020 16:04",
            "open": "4.495",
            "high": "4.496",
            "low": "4.494",
            "close": "4.491"
        },
        {
            "time": "06.11.2020 16:05",
            "open": "4.491",
            "high": "4.491",
            "low": "4.491",
            "close": "4.488"
        },
        {
            "time": "06.11.2020 16:07",
            "open": "4.488",
            "high": "4.488",
            "low": "4.45",
            "close": "4.465"
        },
        {
            "time": "06.11.2020 16:08",
            "open": "4.465",
            "high": "4.466",
            "low": "4.464",
            "close": "4.466"
        },
        {
            "time": "06.11.2020 16:10",
            "open": "4.466",
            "high": "4.468",
            "low": "4.466",
            "close": "4.469"
        },
        {
            "time": "06.11.2020 16:11",
            "open": "4.469",
            "high": "4.469",
            "low": "4.469",
            "close": "4.47"
        },
        {
            "time": "06.11.2020 16:12",
            "open": "4.47",
            "high": "4.47",
            "low": "4.47",
            "close": "4.47"
        },
        {
            "time": "06.11.2020 16:17",
            "open": "4.47",
            "high": "4.47",
            "low": "4.47",
            "close": "4.479"
        },
        {
            "time": "06.11.2020 16:22",
            "open": "4.479",
            "high": "4.479",
            "low": "4.479",
            "close": "4.484"
        },
        {
            "time": "06.11.2020 16:23",
            "open": "4.484",
            "high": "4.484",
            "low": "4.484",
            "close": "4.483"
        },
        {
            "time": "06.11.2020 16:24",
            "open": "4.483",
            "high": "4.483",
            "low": "4.481",
            "close": "4.49"
        },
        {
            "time": "06.11.2020 16:25",
            "open": "4.49",
            "high": "4.49",
            "low": "4.49",
            "close": "4.494"
        },
        {
            "time": "06.11.2020 16:26",
            "open": "4.494",
            "high": "4.494",
            "low": "4.494",
            "close": "4.473"
        },
        {
            "time": "06.11.2020 16:29",
            "open": "4.473",
            "high": "4.473",
            "low": "4.473",
            "close": "4.477"
        },
        {
            "time": "06.11.2020 16:37",
            "open": "4.477",
            "high": "4.477",
            "low": "4.47",
            "close": "4.48"
        },
        {
            "time": "06.11.2020 16:38",
            "open": "4.48",
            "high": "4.48",
            "low": "4.48",
            "close": "4.466"
        },
        {
            "time": "06.11.2020 16:40",
            "open": "4.466",
            "high": "4.466",
            "low": "4.46",
            "close": "4.459"
        },
        {
            "time": "06.11.2020 16:44",
            "open": "4.459",
            "high": "4.461",
            "low": "4.459",
            "close": "4.468"
        },
        {
            "time": "06.11.2020 16:46",
            "open": "4.468",
            "high": "4.468",
            "low": "4.468",
            "close": "4.468"
        },
        {
            "time": "06.11.2020 16:54",
            "open": "4.468",
            "high": "4.469",
            "low": "4.468",
            "close": "4.465"
        },
        {
            "time": "06.11.2020 16:55",
            "open": "4.465",
            "high": "4.465",
            "low": "4.465",
            "close": "4.479"
        },
        {
            "time": "06.11.2020 17:01",
            "open": "4.479",
            "high": "4.511",
            "low": "4.479",
            "close": "4.521"
        },
        {
            "time": "06.11.2020 17:02",
            "open": "4.521",
            "high": "4.522",
            "low": "4.521",
            "close": "4.521"
        },
        {
            "time": "06.11.2020 17:03",
            "open": "4.521",
            "high": "4.531",
            "low": "4.521",
            "close": "4.531"
        },
        {
            "time": "06.11.2020 17:04",
            "open": "4.531",
            "high": "4.554",
            "low": "4.531",
            "close": "4.554"
        },
        {
            "time": "06.11.2020 17:05",
            "open": "4.554",
            "high": "4.57",
            "low": "4.554",
            "close": "4.556"
        },
        {
            "time": "06.11.2020 17:07",
            "open": "4.556",
            "high": "4.561",
            "low": "4.555",
            "close": "4.572"
        },
        {
            "time": "06.11.2020 17:10",
            "open": "4.572",
            "high": "4.572",
            "low": "4.572",
            "close": "4.574"
        },
        {
            "time": "06.11.2020 17:15",
            "open": "4.574",
            "high": "4.574",
            "low": "4.574",
            "close": "4.574"
        },
        {
            "time": "06.11.2020 17:18",
            "open": "4.574",
            "high": "4.577",
            "low": "4.574",
            "close": "4.582"
        },
        {
            "time": "06.11.2020 17:22",
            "open": "4.582",
            "high": "4.584",
            "low": "4.582",
            "close": "4.584"
        },
        {
            "time": "06.11.2020 17:27",
            "open": "4.584",
            "high": "4.596",
            "low": "4.584",
            "close": "4.596"
        },
        {
            "time": "06.11.2020 17:28",
            "open": "4.596",
            "high": "4.599",
            "low": "4.596",
            "close": "4.59"
        },
        {
            "time": "06.11.2020 17:30",
            "open": "4.59",
            "high": "4.59",
            "low": "4.59",
            "close": "4.597"
        },
        {
            "time": "06.11.2020 17:36",
            "open": "4.597",
            "high": "4.597",
            "low": "4.597",
            "close": "4.599"
        },
        {
            "time": "06.11.2020 17:37",
            "open": "4.599",
            "high": "4.599",
            "low": "4.598",
            "close": "4.587"
        },
        {
            "time": "06.11.2020 17:38",
            "open": "4.587",
            "high": "4.587",
            "low": "4.587",
            "close": "4.575"
        },
        {
            "time": "06.11.2020 17:42",
            "open": "4.575",
            "high": "4.575",
            "low": "4.575",
            "close": "4.564"
        },
        {
            "time": "06.11.2020 17:43",
            "open": "4.564",
            "high": "4.564",
            "low": "4.564",
            "close": "4.576"
        },
        {
            "time": "06.11.2020 17:50",
            "open": "4.576",
            "high": "4.579",
            "low": "4.576",
            "close": "4.572"
        },
        {
            "time": "06.11.2020 17:53",
            "open": "4.572",
            "high": "4.572",
            "low": "4.572",
            "close": "4.553"
        },
        {
            "time": "06.11.2020 17:55",
            "open": "4.553",
            "high": "4.553",
            "low": "4.553",
            "close": "4.553"
        },
        {
            "time": "06.11.2020 17:58",
            "open": "4.553",
            "high": "4.572",
            "low": "4.553",
            "close": "4.56"
        },
        {
            "time": "06.11.2020 18:00",
            "open": "4.56",
            "high": "4.56",
            "low": "4.56",
            "close": "4.559"
        },
        {
            "time": "06.11.2020 18:01",
            "open": "4.559",
            "high": "4.559",
            "low": "4.559",
            "close": "4.559"
        },
        {
            "time": "06.11.2020 18:04",
            "open": "4.559",
            "high": "4.559",
            "low": "4.559",
            "close": "4.559"
        },
        {
            "time": "06.11.2020 18:10",
            "open": "4.559",
            "high": "4.559",
            "low": "4.559",
            "close": "4.559"
        },
        {
            "time": "06.11.2020 18:12",
            "open": "4.559",
            "high": "4.559",
            "low": "4.559",
            "close": "4.544"
        },
        {
            "time": "06.11.2020 18:18",
            "open": "4.544",
            "high": "4.544",
            "low": "4.544",
            "close": "4.543"
        },
        {
            "time": "06.11.2020 18:19",
            "open": "4.543",
            "high": "4.543",
            "low": "4.543",
            "close": "4.541"
        },
        {
            "time": "06.11.2020 18:23",
            "open": "4.541",
            "high": "4.541",
            "low": "4.541",
            "close": "4.543"
        },
        {
            "time": "06.11.2020 18:24",
            "open": "4.543",
            "high": "4.543",
            "low": "4.543",
            "close": "4.545"
        },
        {
            "time": "06.11.2020 18:27",
            "open": "4.545",
            "high": "4.545",
            "low": "4.544",
            "close": "4.541"
        },
        {
            "time": "06.11.2020 18:29",
            "open": "4.541",
            "high": "4.541",
            "low": "4.538",
            "close": "4.54"
        },
        {
            "time": "06.11.2020 18:30",
            "open": "4.54",
            "high": "4.54",
            "low": "4.54",
            "close": "4.535"
        },
        {
            "time": "06.11.2020 18:31",
            "open": "4.535",
            "high": "4.539",
            "low": "4.535",
            "close": "4.541"
        },
        {
            "time": "06.11.2020 18:34",
            "open": "4.541",
            "high": "4.543",
            "low": "4.541",
            "close": "4.542"
        },
        {
            "time": "06.11.2020 18:35",
            "open": "4.542",
            "high": "4.542",
            "low": "4.542",
            "close": "4.54"
        },
        {
            "time": "06.11.2020 18:36",
            "open": "4.54",
            "high": "4.54",
            "low": "4.54",
            "close": "4.543"
        },
        {
            "time": "06.11.2020 18:37",
            "open": "4.543",
            "high": "4.543",
            "low": "4.543",
            "close": "4.539"
        },
        {
            "time": "06.11.2020 18:39",
            "open": "4.539",
            "high": "4.544",
            "low": "4.539",
            "close": "4.538"
        },
        {
            "time": "06.11.2020 18:41",
            "open": "4.538",
            "high": "4.538",
            "low": "4.538",
            "close": "4.526"
        },
        {
            "time": "06.11.2020 18:42",
            "open": "4.526",
            "high": "4.526",
            "low": "4.525",
            "close": "4.521"
        },
        {
            "time": "06.11.2020 18:45",
            "open": "4.521",
            "high": "4.521",
            "low": "4.521",
            "close": "4.524"
        },
        {
            "time": "06.11.2020 18:48",
            "open": "4.524",
            "high": "4.524",
            "low": "4.524",
            "close": "4.525"
        },
        {
            "time": "06.11.2020 18:50",
            "open": "4.525",
            "high": "4.525",
            "low": "4.525",
            "close": "4.525"
        },
        {
            "time": "06.11.2020 18:54",
            "open": "4.525",
            "high": "4.525",
            "low": "4.525",
            "close": "4.536"
        },
        {
            "time": "06.11.2020 19:02",
            "open": "4.536",
            "high": "4.536",
            "low": "4.536",
            "close": "4.543"
        },
        {
            "time": "06.11.2020 19:04",
            "open": "4.543",
            "high": "4.543",
            "low": "4.539",
            "close": "4.533"
        },
        {
            "time": "06.11.2020 19:08",
            "open": "4.533",
            "high": "4.533",
            "low": "4.533",
            "close": "4.531"
        },
        {
            "time": "06.11.2020 19:09",
            "open": "4.531",
            "high": "4.535",
            "low": "4.531",
            "close": "4.537"
        },
        {
            "time": "06.11.2020 19:17",
            "open": "4.537",
            "high": "4.537",
            "low": "4.537",
            "close": "4.533"
        },
        {
            "time": "06.11.2020 19:27",
            "open": "4.533",
            "high": "4.533",
            "low": "4.526",
            "close": "4.53"
        },
        {
            "time": "06.11.2020 19:34",
            "open": "4.53",
            "high": "4.53",
            "low": "4.53",
            "close": "4.539"
        },
        {
            "time": "06.11.2020 19:37",
            "open": "4.539",
            "high": "4.539",
            "low": "4.539",
            "close": "4.53"
        },
        {
            "time": "06.11.2020 19:39",
            "open": "4.53",
            "high": "4.53",
            "low": "4.526",
            "close": "4.534"
        },
        {
            "time": "06.11.2020 19:40",
            "open": "4.534",
            "high": "4.534",
            "low": "4.534",
            "close": "4.52"
        },
        {
            "time": "06.11.2020 19:46",
            "open": "4.52",
            "high": "4.52",
            "low": "4.52",
            "close": "4.521"
        },
        {
            "time": "06.11.2020 19:52",
            "open": "4.521",
            "high": "4.521",
            "low": "4.521",
            "close": "4.525"
        },
        {
            "time": "06.11.2020 19:54",
            "open": "4.525",
            "high": "4.525",
            "low": "4.525",
            "close": "4.523"
        },
        {
            "time": "06.11.2020 19:59",
            "open": "4.523",
            "high": "4.523",
            "low": "4.523",
            "close": "4.517"
        },
        {
            "time": "06.11.2020 20:03",
            "open": "4.517",
            "high": "4.517",
            "low": "4.51",
            "close": "4.514"
        },
        {
            "time": "06.11.2020 20:09",
            "open": "4.514",
            "high": "4.514",
            "low": "4.514",
            "close": "4.516"
        },
        {
            "time": "06.11.2020 20:12",
            "open": "4.516",
            "high": "4.52",
            "low": "4.516",
            "close": "4.513"
        },
        {
            "time": "06.11.2020 20:14",
            "open": "4.513",
            "high": "4.513",
            "low": "4.513",
            "close": "4.517"
        },
        {
            "time": "06.11.2020 20:15",
            "open": "4.517",
            "high": "4.517",
            "low": "4.517",
            "close": "4.52"
        },
        {
            "time": "06.11.2020 20:19",
            "open": "4.52",
            "high": "4.52",
            "low": "4.52",
            "close": "4.52"
        },
        {
            "time": "06.11.2020 20:26",
            "open": "4.52",
            "high": "4.52",
            "low": "4.52",
            "close": "4.52"
        },
        {
            "time": "06.11.2020 20:27",
            "open": "4.52",
            "high": "4.52",
            "low": "4.52",
            "close": "4.519"
        },
        {
            "time": "06.11.2020 20:29",
            "open": "4.519",
            "high": "4.521",
            "low": "4.519",
            "close": "4.511"
        },
        {
            "time": "06.11.2020 20:32",
            "open": "4.511",
            "high": "4.511",
            "low": "4.509",
            "close": "4.504"
        },
        {
            "time": "06.11.2020 20:35",
            "open": "4.504",
            "high": "4.504",
            "low": "4.5",
            "close": "4.505"
        },
        {
            "time": "06.11.2020 20:36",
            "open": "4.505",
            "high": "4.51",
            "low": "4.505",
            "close": "4.51"
        },
        {
            "time": "06.11.2020 20:43",
            "open": "4.51",
            "high": "4.511",
            "low": "4.51",
            "close": "4.51"
        },
        {
            "time": "06.11.2020 20:44",
            "open": "4.51",
            "high": "4.51",
            "low": "4.502",
            "close": "4.502"
        },
        {
            "time": "06.11.2020 20:45",
            "open": "4.502",
            "high": "4.502",
            "low": "4.5",
            "close": "4.5"
        },
        {
            "time": "06.11.2020 20:50",
            "open": "4.5",
            "high": "4.502",
            "low": "4.5",
            "close": "4.504"
        },
        {
            "time": "06.11.2020 20:51",
            "open": "4.504",
            "high": "4.504",
            "low": "4.504",
            "close": "4.502"
        },
        {
            "time": "06.11.2020 21:01",
            "open": "4.502",
            "high": "4.502",
            "low": "4.502",
            "close": "4.485"
        },
        {
            "time": "06.11.2020 21:06",
            "open": "4.485",
            "high": "4.485",
            "low": "4.485",
            "close": "4.479"
        },
        {
            "time": "06.11.2020 21:18",
            "open": "4.479",
            "high": "4.486",
            "low": "4.479",
            "close": "4.477"
        },
        {
            "time": "06.11.2020 21:19",
            "open": "4.477",
            "high": "4.477",
            "low": "4.466",
            "close": "4.463"
        },
        {
            "time": "06.11.2020 21:20",
            "open": "4.463",
            "high": "4.463",
            "low": "4.461",
            "close": "4.468"
        },
        {
            "time": "06.11.2020 21:21",
            "open": "4.468",
            "high": "4.472",
            "low": "4.464",
            "close": "4.464"
        },
        {
            "time": "06.11.2020 21:23",
            "open": "4.464",
            "high": "4.472",
            "low": "4.464",
            "close": "4.458"
        },
        {
            "time": "06.11.2020 21:24",
            "open": "4.458",
            "high": "4.458",
            "low": "4.458",
            "close": "4.469"
        },
        {
            "time": "06.11.2020 21:26",
            "open": "4.469",
            "high": "4.469",
            "low": "4.469",
            "close": "4.469"
        },
        {
            "time": "06.11.2020 21:28",
            "open": "4.469",
            "high": "4.469",
            "low": "4.469",
            "close": "4.468"
        },
        {
            "time": "06.11.2020 21:31",
            "open": "4.468",
            "high": "4.468",
            "low": "4.468",
            "close": "4.465"
        },
        {
            "time": "06.11.2020 21:33",
            "open": "4.465",
            "high": "4.468",
            "low": "4.465",
            "close": "4.463"
        },
        {
            "time": "06.11.2020 21:35",
            "open": "4.463",
            "high": "4.463",
            "low": "4.463",
            "close": "4.48"
        },
        {
            "time": "06.11.2020 21:44",
            "open": "4.48",
            "high": "4.48",
            "low": "4.48",
            "close": "4.48"
        },
        {
            "time": "06.11.2020 21:45",
            "open": "4.48",
            "high": "4.48",
            "low": "4.48",
            "close": "4.479"
        },
        {
            "time": "06.11.2020 21:46",
            "open": "4.479",
            "high": "4.479",
            "low": "4.479",
            "close": "4.48"
        },
        {
            "time": "06.11.2020 21:50",
            "open": "4.48",
            "high": "4.48",
            "low": "4.48",
            "close": "4.48"
        },
        {
            "time": "06.11.2020 21:52",
            "open": "4.48",
            "high": "4.491",
            "low": "4.48",
            "close": "4.491"
        },
        {
            "time": "06.11.2020 21:54",
            "open": "4.491",
            "high": "4.491",
            "low": "4.491",
            "close": "4.488"
        },
        {
            "time": "06.11.2020 21:58",
            "open": "4.488",
            "high": "4.488",
            "low": "4.472",
            "close": "4.482"
        },
        {
            "time": "06.11.2020 21:59",
            "open": "4.482",
            "high": "4.484",
            "low": "4.482",
            "close": "4.493"
        },
        {
            "time": "06.11.2020 22:00",
            "open": "4.493",
            "high": "4.493",
            "low": "4.493",
            "close": "4.501"
        },
        {
            "time": "06.11.2020 22:05",
            "open": "4.501",
            "high": "4.503",
            "low": "4.501",
            "close": "4.501"
        },
        {
            "time": "06.11.2020 22:08",
            "open": "4.501",
            "high": "4.514",
            "low": "4.501",
            "close": "4.503"
        },
        {
            "time": "06.11.2020 22:09",
            "open": "4.503",
            "high": "4.503",
            "low": "4.503",
            "close": "4.506"
        },
        {
            "time": "06.11.2020 22:13",
            "open": "4.506",
            "high": "4.506",
            "low": "4.506",
            "close": "4.506"
        },
        {
            "time": "06.11.2020 22:15",
            "open": "4.506",
            "high": "4.518",
            "low": "4.506",
            "close": "4.507"
        },
        {
            "time": "06.11.2020 22:19",
            "open": "4.507",
            "high": "4.507",
            "low": "4.507",
            "close": "4.504"
        },
        {
            "time": "06.11.2020 22:22",
            "open": "4.504",
            "high": "4.504",
            "low": "4.504",
            "close": "4.506"
        },
        {
            "time": "06.11.2020 22:24",
            "open": "4.506",
            "high": "4.506",
            "low": "4.506",
            "close": "4.508"
        },
        {
            "time": "06.11.2020 22:25",
            "open": "4.508",
            "high": "4.508",
            "low": "4.508",
            "close": "4.519"
        },
        {
            "time": "06.11.2020 22:28",
            "open": "4.519",
            "high": "4.519",
            "low": "4.519",
            "close": "4.514"
        },
        {
            "time": "06.11.2020 22:35",
            "open": "4.514",
            "high": "4.514",
            "low": "4.514",
            "close": "4.515"
        },
        {
            "time": "06.11.2020 22:39",
            "open": "4.515",
            "high": "4.515",
            "low": "4.515",
            "close": "4.502"
        },
        {
            "time": "06.11.2020 22:43",
            "open": "4.502",
            "high": "4.519",
            "low": "4.502",
            "close": "4.516"
        },
        {
            "time": "06.11.2020 22:46",
            "open": "4.516",
            "high": "4.519",
            "low": "4.516",
            "close": "4.52"
        },
        {
            "time": "06.11.2020 22:48",
            "open": "4.52",
            "high": "4.52",
            "low": "4.52",
            "close": "4.519"
        },
        {
            "time": "06.11.2020 22:49",
            "open": "4.519",
            "high": "4.519",
            "low": "4.519",
            "close": "4.509"
        },
        {
            "time": "06.11.2020 23:09",
            "open": "4.509",
            "high": "4.511",
            "low": "4.509",
            "close": "4.504"
        },
        {
            "time": "06.11.2020 23:10",
            "open": "4.51",
            "high": "4.51",
            "low": "4.51",
            "close": "4.502"
        },
        {
            "time": "06.11.2020 23:24",
            "open": "4.502",
            "high": "4.512",
            "low": "4.502",
            "close": "4.525"
        },
        {
            "time": "06.11.2020 23:33",
            "open": "4.525",
            "high": "4.528",
            "low": "4.525",
            "close": "4.525"
        },
        {
            "time": "06.11.2020 23:34",
            "open": "4.525",
            "high": "4.525",
            "low": "4.525",
            "close": "4.532"
        },
        {
            "time": "06.11.2020 23:35",
            "open": "4.532",
            "high": "4.532",
            "low": "4.532",
            "close": "4.534"
        },
        {
            "time": "06.11.2020 23:37",
            "open": "4.534",
            "high": "4.534",
            "low": "4.534",
            "close": "4.536"
        },
        {
            "time": "06.11.2020 23:46",
            "open": "4.536",
            "high": "4.536",
            "low": "4.536",
            "close": "4.536"
        },
        {
            "time": "06.11.2020 23:47",
            "open": "4.536",
            "high": "4.536",
            "low": "4.536",
            "close": "4.536"
        },
        {
            "time": "06.11.2020 23:49",
            "open": "4.536",
            "high": "4.536",
            "low": "4.536",
            "close": "4.543"
        },
        {
            "time": "06.11.2020 23:51",
            "open": "4.543",
            "high": "4.548",
            "low": "4.543",
            "close": "4.547"
        },
        {
            "time": "06.11.2020 23:53",
            "open": "4.547",
            "high": "4.547",
            "low": "4.547",
            "close": "4.546"
        }
    ]
}