{
    "ETC-EUR": [
        {
            "time": "14.12.2020 23:57",
            "open": "4.974",
            "high": "4.975",
            "low": "4.974",
            "close": "4.964"
        },
        {
            "time": "15.12.2020 00:06",
            "open": "4.964",
            "high": "4.964",
            "low": "4.964",
            "close": "4.964"
        },
        {
            "time": "15.12.2020 00:10",
            "open": "4.964",
            "high": "4.964",
            "low": "4.964",
            "close": "4.977"
        },
        {
            "time": "15.12.2020 00:11",
            "open": "4.977",
            "high": "4.977",
            "low": "4.977",
            "close": "4.98"
        },
        {
            "time": "15.12.2020 00:12",
            "open": "4.98",
            "high": "4.98",
            "low": "4.98",
            "close": "4.971"
        },
        {
            "time": "15.12.2020 00:13",
            "open": "4.971",
            "high": "4.971",
            "low": "4.971",
            "close": "4.983"
        },
        {
            "time": "15.12.2020 00:14",
            "open": "4.983",
            "high": "4.983",
            "low": "4.983",
            "close": "4.983"
        },
        {
            "time": "15.12.2020 00:15",
            "open": "4.983",
            "high": "4.983",
            "low": "4.983",
            "close": "4.971"
        },
        {
            "time": "15.12.2020 00:16",
            "open": "4.971",
            "high": "4.971",
            "low": "4.971",
            "close": "4.971"
        },
        {
            "time": "15.12.2020 00:35",
            "open": "4.971",
            "high": "4.971",
            "low": "4.969",
            "close": "4.965"
        },
        {
            "time": "15.12.2020 00:37",
            "open": "4.965",
            "high": "4.965",
            "low": "4.965",
            "close": "4.962"
        },
        {
            "time": "15.12.2020 00:42",
            "open": "4.962",
            "high": "4.962",
            "low": "4.962",
            "close": "4.984"
        },
        {
            "time": "15.12.2020 01:05",
            "open": "4.984",
            "high": "4.984",
            "low": "4.984",
            "close": "4.976"
        },
        {
            "time": "15.12.2020 01:07",
            "open": "4.976",
            "high": "4.976",
            "low": "4.976",
            "close": "4.963"
        },
        {
            "time": "15.12.2020 01:25",
            "open": "4.963",
            "high": "4.963",
            "low": "4.963",
            "close": "4.995"
        },
        {
            "time": "15.12.2020 01:38",
            "open": "4.995",
            "high": "4.995",
            "low": "4.995",
            "close": "4.987"
        },
        {
            "time": "15.12.2020 01:42",
            "open": "4.987",
            "high": "4.987",
            "low": "4.987",
            "close": "4.995"
        },
        {
            "time": "15.12.2020 01:56",
            "open": "4.995",
            "high": "4.995",
            "low": "4.995",
            "close": "4.989"
        },
        {
            "time": "15.12.2020 01:57",
            "open": "4.989",
            "high": "4.989",
            "low": "4.989",
            "close": "4.981"
        },
        {
            "time": "15.12.2020 02:01",
            "open": "4.981",
            "high": "4.981",
            "low": "4.981",
            "close": "4.98"
        },
        {
            "time": "15.12.2020 02:02",
            "open": "4.98",
            "high": "4.98",
            "low": "4.977",
            "close": "4.982"
        },
        {
            "time": "15.12.2020 02:03",
            "open": "4.982",
            "high": "4.982",
            "low": "4.982",
            "close": "4.981"
        },
        {
            "time": "15.12.2020 02:06",
            "open": "4.981",
            "high": "4.981",
            "low": "4.981",
            "close": "4.977"
        },
        {
            "time": "15.12.2020 02:23",
            "open": "4.977",
            "high": "4.979",
            "low": "4.977",
            "close": "4.98"
        },
        {
            "time": "15.12.2020 02:24",
            "open": "4.98",
            "high": "4.98",
            "low": "4.98",
            "close": "4.987"
        },
        {
            "time": "15.12.2020 02:26",
            "open": "4.987",
            "high": "4.993",
            "low": "4.987",
            "close": "4.976"
        },
        {
            "time": "15.12.2020 02:34",
            "open": "4.976",
            "high": "4.976",
            "low": "4.976",
            "close": "4.989"
        },
        {
            "time": "15.12.2020 02:37",
            "open": "4.989",
            "high": "4.99",
            "low": "4.989",
            "close": "4.99"
        },
        {
            "time": "15.12.2020 02:45",
            "open": "4.99",
            "high": "4.99",
            "low": "4.99",
            "close": "4.987"
        },
        {
            "time": "15.12.2020 02:52",
            "open": "4.987",
            "high": "4.987",
            "low": "4.987",
            "close": "5"
        },
        {
            "time": "15.12.2020 03:04",
            "open": "5",
            "high": "5",
            "low": "5",
            "close": "5.01"
        },
        {
            "time": "15.12.2020 03:07",
            "open": "5.01",
            "high": "5.015",
            "low": "5.01",
            "close": "5.023"
        },
        {
            "time": "15.12.2020 03:10",
            "open": "5.023",
            "high": "5.023",
            "low": "5.023",
            "close": "5.023"
        },
        {
            "time": "15.12.2020 03:12",
            "open": "5.023",
            "high": "5.023",
            "low": "5.023",
            "close": "5.019"
        },
        {
            "time": "15.12.2020 03:34",
            "open": "5.019",
            "high": "5.019",
            "low": "5.019",
            "close": "5.016"
        },
        {
            "time": "15.12.2020 03:39",
            "open": "5.016",
            "high": "5.016",
            "low": "5.016",
            "close": "5.017"
        },
        {
            "time": "15.12.2020 03:52",
            "open": "5.017",
            "high": "5.017",
            "low": "5.017",
            "close": "5.001"
        },
        {
            "time": "15.12.2020 04:03",
            "open": "5.001",
            "high": "5.019",
            "low": "4.998",
            "close": "5.009"
        },
        {
            "time": "15.12.2020 04:05",
            "open": "5.009",
            "high": "5.009",
            "low": "5.005",
            "close": "5.006"
        },
        {
            "time": "15.12.2020 04:27",
            "open": "5.006",
            "high": "5.01",
            "low": "5.006",
            "close": "5.008"
        },
        {
            "time": "15.12.2020 04:28",
            "open": "5.008",
            "high": "5.008",
            "low": "5.008",
            "close": "5.002"
        },
        {
            "time": "15.12.2020 04:30",
            "open": "5.002",
            "high": "5.003",
            "low": "5.002",
            "close": "5.01"
        },
        {
            "time": "15.12.2020 04:33",
            "open": "5.01",
            "high": "5.01",
            "low": "5.01",
            "close": "5.007"
        },
        {
            "time": "15.12.2020 04:36",
            "open": "5.007",
            "high": "5.007",
            "low": "5.007",
            "close": "5.015"
        },
        {
            "time": "15.12.2020 04:40",
            "open": "5.015",
            "high": "5.015",
            "low": "5.015",
            "close": "5.008"
        },
        {
            "time": "15.12.2020 04:42",
            "open": "5.008",
            "high": "5.008",
            "low": "5.008",
            "close": "5.007"
        },
        {
            "time": "15.12.2020 04:43",
            "open": "5.007",
            "high": "5.007",
            "low": "5.007",
            "close": "5.003"
        },
        {
            "time": "15.12.2020 04:44",
            "open": "5.003",
            "high": "5.003",
            "low": "5.003",
            "close": "5.018"
        },
        {
            "time": "15.12.2020 04:48",
            "open": "5.018",
            "high": "5.018",
            "low": "5.018",
            "close": "4.996"
        },
        {
            "time": "15.12.2020 05:11",
            "open": "4.996",
            "high": "4.996",
            "low": "4.996",
            "close": "4.995"
        },
        {
            "time": "15.12.2020 05:13",
            "open": "4.995",
            "high": "4.995",
            "low": "4.995",
            "close": "4.994"
        },
        {
            "time": "15.12.2020 05:14",
            "open": "4.994",
            "high": "4.998",
            "low": "4.994",
            "close": "5.001"
        },
        {
            "time": "15.12.2020 05:15",
            "open": "5.001",
            "high": "5.001",
            "low": "5.001",
            "close": "5.001"
        },
        {
            "time": "15.12.2020 05:38",
            "open": "5.001",
            "high": "5.001",
            "low": "5.001",
            "close": "4.996"
        },
        {
            "time": "15.12.2020 05:39",
            "open": "4.996",
            "high": "4.996",
            "low": "4.996",
            "close": "5.012"
        },
        {
            "time": "15.12.2020 05:42",
            "open": "5.012",
            "high": "5.012",
            "low": "5.012",
            "close": "4.999"
        },
        {
            "time": "15.12.2020 05:45",
            "open": "4.999",
            "high": "4.999",
            "low": "4.999",
            "close": "4.996"
        },
        {
            "time": "15.12.2020 05:46",
            "open": "4.996",
            "high": "4.996",
            "low": "4.996",
            "close": "4.996"
        },
        {
            "time": "15.12.2020 05:54",
            "open": "4.996",
            "high": "4.996",
            "low": "4.982",
            "close": "4.959"
        },
        {
            "time": "15.12.2020 05:55",
            "open": "4.959",
            "high": "4.959",
            "low": "4.955",
            "close": "4.961"
        },
        {
            "time": "15.12.2020 05:56",
            "open": "4.961",
            "high": "4.961",
            "low": "4.961",
            "close": "4.96"
        },
        {
            "time": "15.12.2020 05:57",
            "open": "4.96",
            "high": "4.96",
            "low": "4.96",
            "close": "4.961"
        },
        {
            "time": "15.12.2020 05:58",
            "open": "4.961",
            "high": "4.963",
            "low": "4.957",
            "close": "4.949"
        },
        {
            "time": "15.12.2020 06:00",
            "open": "4.949",
            "high": "4.954",
            "low": "4.949",
            "close": "4.954"
        },
        {
            "time": "15.12.2020 06:14",
            "open": "4.954",
            "high": "4.954",
            "low": "4.954",
            "close": "4.954"
        },
        {
            "time": "15.12.2020 06:15",
            "open": "4.954",
            "high": "4.954",
            "low": "4.954",
            "close": "4.949"
        },
        {
            "time": "15.12.2020 06:16",
            "open": "4.949",
            "high": "4.949",
            "low": "4.937",
            "close": "4.941"
        },
        {
            "time": "15.12.2020 06:17",
            "open": "4.941",
            "high": "4.941",
            "low": "4.941",
            "close": "4.942"
        },
        {
            "time": "15.12.2020 06:25",
            "open": "4.942",
            "high": "4.942",
            "low": "4.942",
            "close": "4.942"
        },
        {
            "time": "15.12.2020 06:26",
            "open": "4.942",
            "high": "4.942",
            "low": "4.942",
            "close": "4.942"
        },
        {
            "time": "15.12.2020 06:28",
            "open": "4.942",
            "high": "4.942",
            "low": "4.935",
            "close": "4.937"
        },
        {
            "time": "15.12.2020 06:42",
            "open": "4.937",
            "high": "4.937",
            "low": "4.937",
            "close": "4.935"
        },
        {
            "time": "15.12.2020 06:43",
            "open": "4.935",
            "high": "4.935",
            "low": "4.935",
            "close": "4.923"
        },
        {
            "time": "15.12.2020 06:44",
            "open": "4.923",
            "high": "4.923",
            "low": "4.923",
            "close": "4.923"
        },
        {
            "time": "15.12.2020 06:45",
            "open": "4.923",
            "high": "4.923",
            "low": "4.923",
            "close": "4.93"
        },
        {
            "time": "15.12.2020 06:56",
            "open": "4.93",
            "high": "4.93",
            "low": "4.93",
            "close": "4.928"
        },
        {
            "time": "15.12.2020 06:57",
            "open": "4.928",
            "high": "4.928",
            "low": "4.928",
            "close": "4.943"
        },
        {
            "time": "15.12.2020 07:01",
            "open": "4.943",
            "high": "4.944",
            "low": "4.943",
            "close": "4.93"
        },
        {
            "time": "15.12.2020 07:03",
            "open": "4.93",
            "high": "4.93",
            "low": "4.93",
            "close": "4.929"
        },
        {
            "time": "15.12.2020 07:07",
            "open": "4.929",
            "high": "4.929",
            "low": "4.929",
            "close": "4.931"
        },
        {
            "time": "15.12.2020 07:09",
            "open": "4.931",
            "high": "4.931",
            "low": "4.931",
            "close": "4.934"
        },
        {
            "time": "15.12.2020 07:11",
            "open": "4.934",
            "high": "4.934",
            "low": "4.934",
            "close": "4.939"
        },
        {
            "time": "15.12.2020 07:13",
            "open": "4.939",
            "high": "4.939",
            "low": "4.939",
            "close": "4.941"
        },
        {
            "time": "15.12.2020 07:14",
            "open": "4.941",
            "high": "4.941",
            "low": "4.941",
            "close": "4.948"
        },
        {
            "time": "15.12.2020 07:15",
            "open": "4.948",
            "high": "4.948",
            "low": "4.948",
            "close": "4.944"
        },
        {
            "time": "15.12.2020 07:16",
            "open": "4.944",
            "high": "4.945",
            "low": "4.944",
            "close": "4.954"
        },
        {
            "time": "15.12.2020 07:19",
            "open": "4.954",
            "high": "4.954",
            "low": "4.954",
            "close": "4.945"
        },
        {
            "time": "15.12.2020 07:20",
            "open": "4.945",
            "high": "4.945",
            "low": "4.945",
            "close": "4.956"
        },
        {
            "time": "15.12.2020 07:26",
            "open": "4.956",
            "high": "4.956",
            "low": "4.956",
            "close": "4.95"
        },
        {
            "time": "15.12.2020 07:38",
            "open": "4.95",
            "high": "4.95",
            "low": "4.95",
            "close": "4.965"
        },
        {
            "time": "15.12.2020 07:48",
            "open": "4.965",
            "high": "4.965",
            "low": "4.965",
            "close": "4.958"
        },
        {
            "time": "15.12.2020 08:10",
            "open": "4.958",
            "high": "4.958",
            "low": "4.958",
            "close": "4.954"
        },
        {
            "time": "15.12.2020 08:12",
            "open": "4.954",
            "high": "4.954",
            "low": "4.954",
            "close": "4.954"
        },
        {
            "time": "15.12.2020 08:15",
            "open": "4.954",
            "high": "4.957",
            "low": "4.954",
            "close": "4.961"
        },
        {
            "time": "15.12.2020 08:33",
            "open": "4.961",
            "high": "4.961",
            "low": "4.961",
            "close": "4.973"
        },
        {
            "time": "15.12.2020 08:36",
            "open": "4.973",
            "high": "4.973",
            "low": "4.962",
            "close": "4.967"
        },
        {
            "time": "15.12.2020 08:49",
            "open": "4.967",
            "high": "4.967",
            "low": "4.967",
            "close": "4.965"
        },
        {
            "time": "15.12.2020 08:52",
            "open": "4.965",
            "high": "4.965",
            "low": "4.965",
            "close": "4.98"
        },
        {
            "time": "15.12.2020 08:53",
            "open": "4.98",
            "high": "4.98",
            "low": "4.98",
            "close": "4.98"
        },
        {
            "time": "15.12.2020 08:59",
            "open": "4.98",
            "high": "4.98",
            "low": "4.98",
            "close": "4.976"
        },
        {
            "time": "15.12.2020 09:09",
            "open": "4.976",
            "high": "4.976",
            "low": "4.976",
            "close": "4.981"
        },
        {
            "time": "15.12.2020 09:12",
            "open": "4.981",
            "high": "4.981",
            "low": "4.981",
            "close": "4.98"
        },
        {
            "time": "15.12.2020 09:17",
            "open": "4.98",
            "high": "4.98",
            "low": "4.98",
            "close": "4.975"
        },
        {
            "time": "15.12.2020 09:23",
            "open": "4.975",
            "high": "4.975",
            "low": "4.975",
            "close": "4.968"
        },
        {
            "time": "15.12.2020 09:26",
            "open": "4.968",
            "high": "4.968",
            "low": "4.968",
            "close": "4.986"
        },
        {
            "time": "15.12.2020 09:33",
            "open": "4.986",
            "high": "4.986",
            "low": "4.986",
            "close": "4.986"
        },
        {
            "time": "15.12.2020 09:34",
            "open": "4.986",
            "high": "4.988",
            "low": "4.985",
            "close": "4.984"
        },
        {
            "time": "15.12.2020 09:35",
            "open": "4.984",
            "high": "4.985",
            "low": "4.984",
            "close": "4.969"
        },
        {
            "time": "15.12.2020 09:51",
            "open": "4.969",
            "high": "4.97",
            "low": "4.969",
            "close": "4.974"
        },
        {
            "time": "15.12.2020 09:52",
            "open": "4.974",
            "high": "4.974",
            "low": "4.974",
            "close": "4.972"
        },
        {
            "time": "15.12.2020 10:01",
            "open": "4.972",
            "high": "4.972",
            "low": "4.972",
            "close": "4.954"
        },
        {
            "time": "15.12.2020 10:06",
            "open": "4.954",
            "high": "4.954",
            "low": "4.952",
            "close": "4.942"
        },
        {
            "time": "15.12.2020 10:08",
            "open": "4.942",
            "high": "4.942",
            "low": "4.942",
            "close": "4.943"
        },
        {
            "time": "15.12.2020 10:10",
            "open": "4.943",
            "high": "4.943",
            "low": "4.943",
            "close": "4.943"
        },
        {
            "time": "15.12.2020 10:11",
            "open": "4.943",
            "high": "4.943",
            "low": "4.943",
            "close": "4.943"
        },
        {
            "time": "15.12.2020 10:12",
            "open": "4.943",
            "high": "4.943",
            "low": "4.943",
            "close": "4.945"
        },
        {
            "time": "15.12.2020 10:15",
            "open": "4.945",
            "high": "4.945",
            "low": "4.937",
            "close": "4.936"
        },
        {
            "time": "15.12.2020 10:19",
            "open": "4.936",
            "high": "4.936",
            "low": "4.936",
            "close": "4.927"
        },
        {
            "time": "15.12.2020 10:20",
            "open": "4.927",
            "high": "4.927",
            "low": "4.926",
            "close": "4.95"
        },
        {
            "time": "15.12.2020 10:28",
            "open": "4.95",
            "high": "4.95",
            "low": "4.95",
            "close": "4.957"
        },
        {
            "time": "15.12.2020 10:30",
            "open": "4.957",
            "high": "4.957",
            "low": "4.957",
            "close": "4.94"
        },
        {
            "time": "15.12.2020 11:14",
            "open": "4.94",
            "high": "4.94",
            "low": "4.94",
            "close": "4.932"
        },
        {
            "time": "15.12.2020 11:16",
            "open": "4.932",
            "high": "4.932",
            "low": "4.932",
            "close": "4.932"
        },
        {
            "time": "15.12.2020 11:22",
            "open": "4.932",
            "high": "4.932",
            "low": "4.932",
            "close": "4.942"
        },
        {
            "time": "15.12.2020 11:23",
            "open": "4.942",
            "high": "4.944",
            "low": "4.942",
            "close": "4.952"
        },
        {
            "time": "15.12.2020 11:29",
            "open": "4.952",
            "high": "4.952",
            "low": "4.952",
            "close": "4.952"
        },
        {
            "time": "15.12.2020 11:30",
            "open": "4.952",
            "high": "4.952",
            "low": "4.952",
            "close": "4.958"
        },
        {
            "time": "15.12.2020 11:38",
            "open": "4.958",
            "high": "4.958",
            "low": "4.958",
            "close": "4.969"
        },
        {
            "time": "15.12.2020 11:47",
            "open": "4.969",
            "high": "4.969",
            "low": "4.969",
            "close": "4.979"
        },
        {
            "time": "15.12.2020 11:48",
            "open": "4.979",
            "high": "4.981",
            "low": "4.979",
            "close": "4.972"
        },
        {
            "time": "15.12.2020 11:51",
            "open": "4.972",
            "high": "4.972",
            "low": "4.972",
            "close": "4.977"
        },
        {
            "time": "15.12.2020 11:52",
            "open": "4.977",
            "high": "4.977",
            "low": "4.977",
            "close": "4.993"
        },
        {
            "time": "15.12.2020 11:54",
            "open": "4.993",
            "high": "4.993",
            "low": "4.99",
            "close": "4.993"
        },
        {
            "time": "15.12.2020 11:55",
            "open": "4.993",
            "high": "5.005",
            "low": "4.993",
            "close": "5.012"
        },
        {
            "time": "15.12.2020 11:56",
            "open": "5.012",
            "high": "5.012",
            "low": "5.01",
            "close": "5.003"
        },
        {
            "time": "15.12.2020 11:58",
            "open": "5.003",
            "high": "5.003",
            "low": "5.003",
            "close": "5.003"
        },
        {
            "time": "15.12.2020 12:00",
            "open": "5.003",
            "high": "5.003",
            "low": "5.003",
            "close": "5.002"
        },
        {
            "time": "15.12.2020 12:06",
            "open": "5.002",
            "high": "5.002",
            "low": "5.002",
            "close": "4.993"
        },
        {
            "time": "15.12.2020 12:07",
            "open": "4.993",
            "high": "4.996",
            "low": "4.993",
            "close": "4.999"
        },
        {
            "time": "15.12.2020 12:14",
            "open": "4.999",
            "high": "4.999",
            "low": "4.999",
            "close": "5.002"
        },
        {
            "time": "15.12.2020 12:20",
            "open": "5.002",
            "high": "5.003",
            "low": "5.002",
            "close": "4.993"
        },
        {
            "time": "15.12.2020 12:21",
            "open": "4.993",
            "high": "4.993",
            "low": "4.99",
            "close": "4.99"
        },
        {
            "time": "15.12.2020 12:24",
            "open": "4.99",
            "high": "4.99",
            "low": "4.99",
            "close": "4.996"
        },
        {
            "time": "15.12.2020 12:26",
            "open": "4.996",
            "high": "5.003",
            "low": "4.995",
            "close": "4.993"
        },
        {
            "time": "15.12.2020 12:43",
            "open": "4.993",
            "high": "4.993",
            "low": "4.993",
            "close": "4.988"
        },
        {
            "time": "15.12.2020 12:45",
            "open": "4.988",
            "high": "4.988",
            "low": "4.988",
            "close": "4.991"
        },
        {
            "time": "15.12.2020 12:46",
            "open": "4.991",
            "high": "4.991",
            "low": "4.991",
            "close": "4.997"
        },
        {
            "time": "15.12.2020 12:47",
            "open": "4.997",
            "high": "4.997",
            "low": "4.997",
            "close": "4.988"
        },
        {
            "time": "15.12.2020 12:57",
            "open": "4.988",
            "high": "4.99",
            "low": "4.988",
            "close": "4.99"
        },
        {
            "time": "15.12.2020 12:58",
            "open": "4.99",
            "high": "4.998",
            "low": "4.99",
            "close": "5.005"
        },
        {
            "time": "15.12.2020 13:04",
            "open": "5.005",
            "high": "5.006",
            "low": "5.004",
            "close": "5.002"
        },
        {
            "time": "15.12.2020 13:05",
            "open": "5.002",
            "high": "5.002",
            "low": "5.002",
            "close": "5.003"
        },
        {
            "time": "15.12.2020 13:06",
            "open": "5.003",
            "high": "5.005",
            "low": "5.003",
            "close": "5.005"
        },
        {
            "time": "15.12.2020 13:07",
            "open": "5.005",
            "high": "5.032",
            "low": "5.005",
            "close": "5.013"
        },
        {
            "time": "15.12.2020 13:09",
            "open": "5.013",
            "high": "5.013",
            "low": "5.009",
            "close": "5.002"
        },
        {
            "time": "15.12.2020 13:10",
            "open": "5.002",
            "high": "5.008",
            "low": "5.002",
            "close": "5.01"
        },
        {
            "time": "15.12.2020 13:15",
            "open": "5.01",
            "high": "5.01",
            "low": "5.01",
            "close": "5.01"
        },
        {
            "time": "15.12.2020 13:16",
            "open": "5.01",
            "high": "5.012",
            "low": "5.01",
            "close": "5.018"
        },
        {
            "time": "15.12.2020 13:17",
            "open": "5.018",
            "high": "5.018",
            "low": "5.018",
            "close": "5.007"
        },
        {
            "time": "15.12.2020 13:18",
            "open": "5.007",
            "high": "5.007",
            "low": "5.007",
            "close": "5.01"
        },
        {
            "time": "15.12.2020 13:20",
            "open": "5.01",
            "high": "5.01",
            "low": "5.01",
            "close": "5.02"
        },
        {
            "time": "15.12.2020 13:29",
            "open": "5.02",
            "high": "5.02",
            "low": "5.02",
            "close": "5.016"
        },
        {
            "time": "15.12.2020 13:32",
            "open": "5.016",
            "high": "5.016",
            "low": "5.016",
            "close": "5.021"
        },
        {
            "time": "15.12.2020 13:37",
            "open": "5.021",
            "high": "5.021",
            "low": "5.021",
            "close": "5.011"
        },
        {
            "time": "15.12.2020 13:41",
            "open": "5.011",
            "high": "5.011",
            "low": "5.011",
            "close": "5.01"
        },
        {
            "time": "15.12.2020 13:43",
            "open": "5.01",
            "high": "5.015",
            "low": "5.01",
            "close": "5.006"
        },
        {
            "time": "15.12.2020 13:45",
            "open": "5.006",
            "high": "5.006",
            "low": "5.006",
            "close": "5.003"
        },
        {
            "time": "15.12.2020 13:46",
            "open": "5.003",
            "high": "5.003",
            "low": "5.003",
            "close": "5.015"
        },
        {
            "time": "15.12.2020 14:00",
            "open": "5.015",
            "high": "5.015",
            "low": "5.015",
            "close": "5.007"
        },
        {
            "time": "15.12.2020 14:10",
            "open": "5.007",
            "high": "5.015",
            "low": "5.007",
            "close": "5.013"
        },
        {
            "time": "15.12.2020 14:12",
            "open": "5.013",
            "high": "5.013",
            "low": "5.013",
            "close": "5.014"
        },
        {
            "time": "15.12.2020 14:13",
            "open": "5.014",
            "high": "5.014",
            "low": "5.013",
            "close": "5.012"
        },
        {
            "time": "15.12.2020 14:14",
            "open": "5.012",
            "high": "5.013",
            "low": "5.012",
            "close": "5.011"
        },
        {
            "time": "15.12.2020 14:15",
            "open": "5.011",
            "high": "5.014",
            "low": "5",
            "close": "5.002"
        },
        {
            "time": "15.12.2020 14:16",
            "open": "5.002",
            "high": "5.002",
            "low": "5.001",
            "close": "4.995"
        },
        {
            "time": "15.12.2020 14:18",
            "open": "4.995",
            "high": "4.995",
            "low": "4.995",
            "close": "4.999"
        },
        {
            "time": "15.12.2020 14:20",
            "open": "4.999",
            "high": "5.009",
            "low": "4.999",
            "close": "5.015"
        },
        {
            "time": "15.12.2020 14:23",
            "open": "5.015",
            "high": "5.015",
            "low": "5.006",
            "close": "5.015"
        },
        {
            "time": "15.12.2020 14:28",
            "open": "5.015",
            "high": "5.015",
            "low": "5.015",
            "close": "5.02"
        },
        {
            "time": "15.12.2020 14:29",
            "open": "5.02",
            "high": "5.02",
            "low": "5.02",
            "close": "5.021"
        },
        {
            "time": "15.12.2020 14:38",
            "open": "5.021",
            "high": "5.021",
            "low": "5.021",
            "close": "5.022"
        },
        {
            "time": "15.12.2020 14:50",
            "open": "5.022",
            "high": "5.022",
            "low": "5.022",
            "close": "5.012"
        },
        {
            "time": "15.12.2020 14:51",
            "open": "5.012",
            "high": "5.012",
            "low": "5.012",
            "close": "5.025"
        },
        {
            "time": "15.12.2020 15:11",
            "open": "5.025",
            "high": "5.025",
            "low": "5.025",
            "close": "5.019"
        },
        {
            "time": "15.12.2020 15:14",
            "open": "5.019",
            "high": "5.025",
            "low": "5.019",
            "close": "5.024"
        },
        {
            "time": "15.12.2020 15:16",
            "open": "5.024",
            "high": "5.024",
            "low": "5.024",
            "close": "5.015"
        },
        {
            "time": "15.12.2020 15:18",
            "open": "5.015",
            "high": "5.015",
            "low": "5.014",
            "close": "5.01"
        },
        {
            "time": "15.12.2020 15:20",
            "open": "5.01",
            "high": "5.01",
            "low": "5.01",
            "close": "5.01"
        },
        {
            "time": "15.12.2020 15:21",
            "open": "5.01",
            "high": "5.01",
            "low": "5",
            "close": "4.994"
        },
        {
            "time": "15.12.2020 15:22",
            "open": "4.994",
            "high": "4.994",
            "low": "4.994",
            "close": "4.994"
        },
        {
            "time": "15.12.2020 15:24",
            "open": "4.994",
            "high": "4.994",
            "low": "4.994",
            "close": "4.994"
        },
        {
            "time": "15.12.2020 15:34",
            "open": "4.994",
            "high": "4.994",
            "low": "4.994",
            "close": "5.006"
        },
        {
            "time": "15.12.2020 15:40",
            "open": "5.006",
            "high": "5.006",
            "low": "4.991",
            "close": "4.993"
        },
        {
            "time": "15.12.2020 15:41",
            "open": "4.993",
            "high": "4.993",
            "low": "4.993",
            "close": "4.997"
        },
        {
            "time": "15.12.2020 15:42",
            "open": "4.997",
            "high": "4.997",
            "low": "4.997",
            "close": "4.997"
        },
        {
            "time": "15.12.2020 15:43",
            "open": "4.997",
            "high": "4.997",
            "low": "4.997",
            "close": "4.996"
        },
        {
            "time": "15.12.2020 15:46",
            "open": "4.996",
            "high": "4.996",
            "low": "4.996",
            "close": "4.998"
        },
        {
            "time": "15.12.2020 15:48",
            "open": "4.998",
            "high": "4.998",
            "low": "4.998",
            "close": "4.998"
        },
        {
            "time": "15.12.2020 15:50",
            "open": "4.998",
            "high": "4.998",
            "low": "4.996",
            "close": "4.993"
        },
        {
            "time": "15.12.2020 15:55",
            "open": "4.993",
            "high": "4.994",
            "low": "4.993",
            "close": "4.998"
        },
        {
            "time": "15.12.2020 16:06",
            "open": "4.998",
            "high": "4.998",
            "low": "4.998",
            "close": "5.004"
        },
        {
            "time": "15.12.2020 16:11",
            "open": "5.004",
            "high": "5.004",
            "low": "5.004",
            "close": "4.994"
        },
        {
            "time": "15.12.2020 16:13",
            "open": "4.994",
            "high": "4.994",
            "low": "4.994",
            "close": "4.982"
        },
        {
            "time": "15.12.2020 16:27",
            "open": "4.982",
            "high": "4.982",
            "low": "4.982",
            "close": "4.985"
        },
        {
            "time": "15.12.2020 16:31",
            "open": "4.985",
            "high": "4.985",
            "low": "4.969",
            "close": "4.976"
        },
        {
            "time": "15.12.2020 16:38",
            "open": "4.976",
            "high": "4.976",
            "low": "4.976",
            "close": "4.976"
        },
        {
            "time": "15.12.2020 16:40",
            "open": "4.976",
            "high": "4.976",
            "low": "4.976",
            "close": "5.003"
        },
        {
            "time": "15.12.2020 17:01",
            "open": "5.003",
            "high": "5.004",
            "low": "5.001",
            "close": "4.984"
        },
        {
            "time": "15.12.2020 17:04",
            "open": "4.984",
            "high": "4.984",
            "low": "4.984",
            "close": "4.984"
        },
        {
            "time": "15.12.2020 17:10",
            "open": "4.984",
            "high": "4.984",
            "low": "4.984",
            "close": "4.997"
        },
        {
            "time": "15.12.2020 17:14",
            "open": "4.997",
            "high": "4.997",
            "low": "4.997",
            "close": "5.014"
        },
        {
            "time": "15.12.2020 17:19",
            "open": "5.014",
            "high": "5.014",
            "low": "5.014",
            "close": "5.022"
        },
        {
            "time": "15.12.2020 17:21",
            "open": "5.022",
            "high": "5.022",
            "low": "5.022",
            "close": "5.022"
        },
        {
            "time": "15.12.2020 17:24",
            "open": "5.022",
            "high": "5.022",
            "low": "5.022",
            "close": "5.015"
        },
        {
            "time": "15.12.2020 17:31",
            "open": "5.015",
            "high": "5.023",
            "low": "5.013",
            "close": "5.014"
        },
        {
            "time": "15.12.2020 17:32",
            "open": "5.014",
            "high": "5.014",
            "low": "5.011",
            "close": "5.02"
        },
        {
            "time": "15.12.2020 17:36",
            "open": "5.02",
            "high": "5.02",
            "low": "5.02",
            "close": "5.02"
        },
        {
            "time": "15.12.2020 17:37",
            "open": "5.02",
            "high": "5.02",
            "low": "5.02",
            "close": "5.023"
        },
        {
            "time": "15.12.2020 17:41",
            "open": "5.023",
            "high": "5.023",
            "low": "5.023",
            "close": "5.017"
        },
        {
            "time": "15.12.2020 17:43",
            "open": "5.017",
            "high": "5.017",
            "low": "5.017",
            "close": "5.023"
        },
        {
            "time": "15.12.2020 17:44",
            "open": "5.023",
            "high": "5.023",
            "low": "5.023",
            "close": "5.021"
        },
        {
            "time": "15.12.2020 17:45",
            "open": "5.021",
            "high": "5.021",
            "low": "5.021",
            "close": "5.013"
        },
        {
            "time": "15.12.2020 17:47",
            "open": "5.013",
            "high": "5.013",
            "low": "5.013",
            "close": "5.023"
        },
        {
            "time": "15.12.2020 17:56",
            "open": "5.023",
            "high": "5.023",
            "low": "5.023",
            "close": "5.022"
        },
        {
            "time": "15.12.2020 17:57",
            "open": "5.022",
            "high": "5.022",
            "low": "5.022",
            "close": "5.016"
        },
        {
            "time": "15.12.2020 18:07",
            "open": "5.016",
            "high": "5.016",
            "low": "5.016",
            "close": "5.013"
        },
        {
            "time": "15.12.2020 18:15",
            "open": "5.013",
            "high": "5.013",
            "low": "5.013",
            "close": "5.017"
        },
        {
            "time": "15.12.2020 18:16",
            "open": "5.017",
            "high": "5.017",
            "low": "5.017",
            "close": "5.018"
        },
        {
            "time": "15.12.2020 18:17",
            "open": "5.018",
            "high": "5.018",
            "low": "5.018",
            "close": "5.011"
        },
        {
            "time": "15.12.2020 18:19",
            "open": "5.011",
            "high": "5.011",
            "low": "5.011",
            "close": "5.01"
        },
        {
            "time": "15.12.2020 18:20",
            "open": "5.01",
            "high": "5.012",
            "low": "5.006",
            "close": "5.006"
        },
        {
            "time": "15.12.2020 18:21",
            "open": "5.006",
            "high": "5.006",
            "low": "5.006",
            "close": "5.011"
        },
        {
            "time": "15.12.2020 18:22",
            "open": "5.011",
            "high": "5.011",
            "low": "5.011",
            "close": "5.017"
        },
        {
            "time": "15.12.2020 18:24",
            "open": "5.017",
            "high": "5.02",
            "low": "5.017",
            "close": "5.01"
        },
        {
            "time": "15.12.2020 18:26",
            "open": "5.01",
            "high": "5.01",
            "low": "5.01",
            "close": "5.009"
        },
        {
            "time": "15.12.2020 18:27",
            "open": "5.009",
            "high": "5.009",
            "low": "5.009",
            "close": "5.009"
        },
        {
            "time": "15.12.2020 18:28",
            "open": "5.009",
            "high": "5.009",
            "low": "5.008",
            "close": "5.013"
        },
        {
            "time": "15.12.2020 18:30",
            "open": "5.013",
            "high": "5.014",
            "low": "5.013",
            "close": "5.019"
        },
        {
            "time": "15.12.2020 18:35",
            "open": "5.019",
            "high": "5.02",
            "low": "5.019",
            "close": "5.012"
        },
        {
            "time": "15.12.2020 18:36",
            "open": "5.012",
            "high": "5.012",
            "low": "5.012",
            "close": "5.02"
        },
        {
            "time": "15.12.2020 18:37",
            "open": "5.02",
            "high": "5.02",
            "low": "5.02",
            "close": "5.011"
        },
        {
            "time": "15.12.2020 18:38",
            "open": "5.011",
            "high": "5.022",
            "low": "5.006",
            "close": "5.014"
        },
        {
            "time": "15.12.2020 18:39",
            "open": "5.014",
            "high": "5.014",
            "low": "5.014",
            "close": "5.01"
        },
        {
            "time": "15.12.2020 18:40",
            "open": "5.01",
            "high": "5.01",
            "low": "5.004",
            "close": "5.005"
        },
        {
            "time": "15.12.2020 18:41",
            "open": "5.005",
            "high": "5.005",
            "low": "5.005",
            "close": "5.009"
        },
        {
            "time": "15.12.2020 18:44",
            "open": "5.009",
            "high": "5.01",
            "low": "5.009",
            "close": "5.011"
        },
        {
            "time": "15.12.2020 18:47",
            "open": "5.011",
            "high": "5.011",
            "low": "5.011",
            "close": "5.011"
        },
        {
            "time": "15.12.2020 18:48",
            "open": "5.011",
            "high": "5.015",
            "low": "5.011",
            "close": "5.01"
        },
        {
            "time": "15.12.2020 18:52",
            "open": "5.01",
            "high": "5.01",
            "low": "5.01",
            "close": "5.012"
        },
        {
            "time": "15.12.2020 18:57",
            "open": "5.012",
            "high": "5.012",
            "low": "5.012",
            "close": "5.013"
        },
        {
            "time": "15.12.2020 18:59",
            "open": "5.013",
            "high": "5.014",
            "low": "5.012",
            "close": "5.015"
        },
        {
            "time": "15.12.2020 19:00",
            "open": "5.015",
            "high": "5.016",
            "low": "5.015",
            "close": "5.008"
        },
        {
            "time": "15.12.2020 19:06",
            "open": "5.008",
            "high": "5.008",
            "low": "5.005",
            "close": "5.006"
        },
        {
            "time": "15.12.2020 19:07",
            "open": "5.006",
            "high": "5.006",
            "low": "5.005",
            "close": "5.002"
        },
        {
            "time": "15.12.2020 19:08",
            "open": "5.002",
            "high": "5.002",
            "low": "4.999",
            "close": "5.005"
        },
        {
            "time": "15.12.2020 19:13",
            "open": "5.005",
            "high": "5.005",
            "low": "5.005",
            "close": "5.005"
        },
        {
            "time": "15.12.2020 19:14",
            "open": "5.005",
            "high": "5.005",
            "low": "5.005",
            "close": "4.992"
        },
        {
            "time": "15.12.2020 19:17",
            "open": "4.992",
            "high": "4.992",
            "low": "4.992",
            "close": "4.998"
        },
        {
            "time": "15.12.2020 19:18",
            "open": "4.998",
            "high": "5.001",
            "low": "4.998",
            "close": "5"
        },
        {
            "time": "15.12.2020 19:22",
            "open": "5",
            "high": "5",
            "low": "4.999",
            "close": "4.997"
        },
        {
            "time": "15.12.2020 19:23",
            "open": "4.997",
            "high": "4.997",
            "low": "4.997",
            "close": "5.007"
        },
        {
            "time": "15.12.2020 19:24",
            "open": "5.007",
            "high": "5.007",
            "low": "5.007",
            "close": "5.006"
        },
        {
            "time": "15.12.2020 19:27",
            "open": "5.006",
            "high": "5.006",
            "low": "5.006",
            "close": "5.006"
        },
        {
            "time": "15.12.2020 19:35",
            "open": "5.006",
            "high": "5.006",
            "low": "5.006",
            "close": "5.01"
        },
        {
            "time": "15.12.2020 19:38",
            "open": "5.01",
            "high": "5.01",
            "low": "5.01",
            "close": "5.011"
        },
        {
            "time": "15.12.2020 19:40",
            "open": "5.011",
            "high": "5.012",
            "low": "5.009",
            "close": "5.009"
        },
        {
            "time": "15.12.2020 19:54",
            "open": "5.009",
            "high": "5.012",
            "low": "5.009",
            "close": "5.021"
        },
        {
            "time": "15.12.2020 20:03",
            "open": "5.021",
            "high": "5.021",
            "low": "5.021",
            "close": "5.012"
        },
        {
            "time": "15.12.2020 20:06",
            "open": "5.012",
            "high": "5.012",
            "low": "5.012",
            "close": "5.017"
        },
        {
            "time": "15.12.2020 20:08",
            "open": "5.017",
            "high": "5.017",
            "low": "5.017",
            "close": "5.015"
        },
        {
            "time": "15.12.2020 20:10",
            "open": "5.015",
            "high": "5.015",
            "low": "5.015",
            "close": "5.015"
        },
        {
            "time": "15.12.2020 20:11",
            "open": "5.015",
            "high": "5.015",
            "low": "5.015",
            "close": "5.016"
        },
        {
            "time": "15.12.2020 20:15",
            "open": "5.016",
            "high": "5.021",
            "low": "5.016",
            "close": "5.016"
        },
        {
            "time": "15.12.2020 20:16",
            "open": "5.016",
            "high": "5.021",
            "low": "5.016",
            "close": "5.015"
        },
        {
            "time": "15.12.2020 20:17",
            "open": "5.015",
            "high": "5.015",
            "low": "5.013",
            "close": "5.017"
        },
        {
            "time": "15.12.2020 20:21",
            "open": "5.017",
            "high": "5.017",
            "low": "5.015",
            "close": "5.01"
        },
        {
            "time": "15.12.2020 20:24",
            "open": "5.01",
            "high": "5.013",
            "low": "5.01",
            "close": "5"
        },
        {
            "time": "15.12.2020 20:30",
            "open": "5",
            "high": "5",
            "low": "5",
            "close": "5.006"
        },
        {
            "time": "15.12.2020 20:39",
            "open": "5.006",
            "high": "5.007",
            "low": "5.006",
            "close": "5.018"
        },
        {
            "time": "15.12.2020 20:43",
            "open": "5.018",
            "high": "5.019",
            "low": "5.018",
            "close": "5.017"
        },
        {
            "time": "15.12.2020 20:45",
            "open": "5.017",
            "high": "5.017",
            "low": "5.007",
            "close": "5.005"
        },
        {
            "time": "15.12.2020 20:46",
            "open": "5.005",
            "high": "5.005",
            "low": "5.005",
            "close": "5.01"
        },
        {
            "time": "15.12.2020 20:47",
            "open": "5.01",
            "high": "5.01",
            "low": "5.01",
            "close": "5.011"
        },
        {
            "time": "15.12.2020 20:48",
            "open": "5.011",
            "high": "5.011",
            "low": "5.011",
            "close": "5.013"
        },
        {
            "time": "15.12.2020 20:49",
            "open": "5.013",
            "high": "5.014",
            "low": "5.013",
            "close": "5.009"
        },
        {
            "time": "15.12.2020 20:52",
            "open": "5.009",
            "high": "5.009",
            "low": "5.009",
            "close": "5.014"
        },
        {
            "time": "15.12.2020 21:00",
            "open": "5.014",
            "high": "5.014",
            "low": "5.014",
            "close": "5.009"
        },
        {
            "time": "15.12.2020 21:03",
            "open": "5.009",
            "high": "5.009",
            "low": "5.009",
            "close": "5.009"
        },
        {
            "time": "15.12.2020 21:04",
            "open": "5.009",
            "high": "5.009",
            "low": "5.009",
            "close": "5.018"
        },
        {
            "time": "15.12.2020 21:05",
            "open": "5.018",
            "high": "5.023",
            "low": "5.018",
            "close": "5.024"
        },
        {
            "time": "15.12.2020 21:08",
            "open": "5.024",
            "high": "5.024",
            "low": "5.024",
            "close": "5.025"
        },
        {
            "time": "15.12.2020 21:14",
            "open": "5.025",
            "high": "5.026",
            "low": "5.025",
            "close": "5.027"
        },
        {
            "time": "15.12.2020 21:15",
            "open": "5.027",
            "high": "5.027",
            "low": "5.027",
            "close": "5.028"
        },
        {
            "time": "15.12.2020 21:16",
            "open": "5.028",
            "high": "5.028",
            "low": "5.02",
            "close": "5.024"
        },
        {
            "time": "15.12.2020 21:17",
            "open": "5.024",
            "high": "5.024",
            "low": "5.023",
            "close": "5.021"
        },
        {
            "time": "15.12.2020 21:18",
            "open": "5.021",
            "high": "5.034",
            "low": "5.021",
            "close": "5.031"
        },
        {
            "time": "15.12.2020 21:19",
            "open": "5.031",
            "high": "5.031",
            "low": "5.019",
            "close": "5.007"
        },
        {
            "time": "15.12.2020 21:25",
            "open": "5.007",
            "high": "5.007",
            "low": "5.007",
            "close": "5.013"
        },
        {
            "time": "15.12.2020 21:26",
            "open": "5.013",
            "high": "5.013",
            "low": "5.013",
            "close": "5.016"
        },
        {
            "time": "15.12.2020 21:28",
            "open": "5.016",
            "high": "5.017",
            "low": "5.016",
            "close": "5.017"
        },
        {
            "time": "15.12.2020 21:30",
            "open": "5.017",
            "high": "5.017",
            "low": "5.011",
            "close": "5.012"
        },
        {
            "time": "15.12.2020 21:31",
            "open": "5.012",
            "high": "5.012",
            "low": "5.012",
            "close": "5.012"
        },
        {
            "time": "15.12.2020 21:34",
            "open": "5.012",
            "high": "5.012",
            "low": "5.005",
            "close": "5.005"
        },
        {
            "time": "15.12.2020 21:38",
            "open": "5.005",
            "high": "5.011",
            "low": "5.005",
            "close": "5.016"
        },
        {
            "time": "15.12.2020 21:46",
            "open": "5.016",
            "high": "5.016",
            "low": "5.016",
            "close": "5.01"
        },
        {
            "time": "15.12.2020 21:48",
            "open": "5.01",
            "high": "5.017",
            "low": "5.01",
            "close": "5.011"
        },
        {
            "time": "15.12.2020 21:52",
            "open": "5.011",
            "high": "5.011",
            "low": "5.011",
            "close": "5.012"
        },
        {
            "time": "15.12.2020 21:54",
            "open": "5.012",
            "high": "5.012",
            "low": "5.012",
            "close": "5.01"
        },
        {
            "time": "15.12.2020 21:55",
            "open": "5.01",
            "high": "5.01",
            "low": "5.001",
            "close": "5.005"
        },
        {
            "time": "15.12.2020 22:10",
            "open": "5.005",
            "high": "5.005",
            "low": "5.005",
            "close": "5.012"
        },
        {
            "time": "15.12.2020 22:12",
            "open": "5.012",
            "high": "5.013",
            "low": "5.012",
            "close": "5.013"
        },
        {
            "time": "15.12.2020 22:13",
            "open": "5.013",
            "high": "5.013",
            "low": "5.013",
            "close": "5.013"
        },
        {
            "time": "15.12.2020 22:14",
            "open": "5.013",
            "high": "5.013",
            "low": "5.012",
            "close": "5.001"
        },
        {
            "time": "15.12.2020 22:17",
            "open": "5.001",
            "high": "5.001",
            "low": "5.001",
            "close": "4.982"
        },
        {
            "time": "15.12.2020 22:19",
            "open": "4.982",
            "high": "4.982",
            "low": "4.982",
            "close": "4.999"
        },
        {
            "time": "15.12.2020 22:24",
            "open": "4.999",
            "high": "4.999",
            "low": "4.999",
            "close": "4.988"
        },
        {
            "time": "15.12.2020 22:29",
            "open": "4.988",
            "high": "4.988",
            "low": "4.977",
            "close": "4.99"
        },
        {
            "time": "15.12.2020 22:31",
            "open": "4.99",
            "high": "4.99",
            "low": "4.981",
            "close": "5.002"
        },
        {
            "time": "15.12.2020 22:45",
            "open": "5.002",
            "high": "5.002",
            "low": "5.002",
            "close": "4.981"
        },
        {
            "time": "15.12.2020 23:03",
            "open": "4.981",
            "high": "4.981",
            "low": "4.981",
            "close": "4.991"
        },
        {
            "time": "15.12.2020 23:07",
            "open": "4.991",
            "high": "4.992",
            "low": "4.991",
            "close": "4.996"
        },
        {
            "time": "15.12.2020 23:12",
            "open": "4.996",
            "high": "5.014",
            "low": "4.996",
            "close": "4.998"
        },
        {
            "time": "15.12.2020 23:29",
            "open": "4.998",
            "high": "4.998",
            "low": "4.998",
            "close": "4.989"
        },
        {
            "time": "15.12.2020 23:30",
            "open": "4.989",
            "high": "4.989",
            "low": "4.989",
            "close": "5"
        },
        {
            "time": "15.12.2020 23:39",
            "open": "5",
            "high": "5",
            "low": "5",
            "close": "4.978"
        },
        {
            "time": "15.12.2020 23:45",
            "open": "4.978",
            "high": "4.978",
            "low": "4.978",
            "close": "4.984"
        },
        {
            "time": "15.12.2020 23:58",
            "open": "4.984",
            "high": "4.984",
            "low": "4.984",
            "close": "4.983"
        }
    ]
}