{
    "ETC-EUR": [
        {
            "time": "31.10.2020 23:57",
            "open": "4.536",
            "high": "4.539",
            "low": "4.536",
            "close": "4.531"
        },
        {
            "time": "01.11.2020 00:12",
            "open": "4.531",
            "high": "4.531",
            "low": "4.531",
            "close": "4.535"
        },
        {
            "time": "01.11.2020 00:14",
            "open": "4.535",
            "high": "4.544",
            "low": "4.531",
            "close": "4.531"
        },
        {
            "time": "01.11.2020 00:17",
            "open": "4.531",
            "high": "4.531",
            "low": "4.531",
            "close": "4.543"
        },
        {
            "time": "01.11.2020 00:18",
            "open": "4.543",
            "high": "4.543",
            "low": "4.543",
            "close": "4.529"
        },
        {
            "time": "01.11.2020 00:19",
            "open": "4.529",
            "high": "4.529",
            "low": "4.529",
            "close": "4.529"
        },
        {
            "time": "01.11.2020 00:25",
            "open": "4.529",
            "high": "4.529",
            "low": "4.529",
            "close": "4.529"
        },
        {
            "time": "01.11.2020 00:33",
            "open": "4.529",
            "high": "4.529",
            "low": "4.529",
            "close": "4.529"
        },
        {
            "time": "01.11.2020 00:34",
            "open": "4.529",
            "high": "4.53",
            "low": "4.529",
            "close": "4.529"
        },
        {
            "time": "01.11.2020 00:35",
            "open": "4.529",
            "high": "4.529",
            "low": "4.527",
            "close": "4.528"
        },
        {
            "time": "01.11.2020 00:42",
            "open": "4.528",
            "high": "4.528",
            "low": "4.528",
            "close": "4.528"
        },
        {
            "time": "01.11.2020 00:44",
            "open": "4.528",
            "high": "4.528",
            "low": "4.528",
            "close": "4.54"
        },
        {
            "time": "01.11.2020 00:47",
            "open": "4.54",
            "high": "4.54",
            "low": "4.532",
            "close": "4.534"
        },
        {
            "time": "01.11.2020 00:48",
            "open": "4.534",
            "high": "4.534",
            "low": "4.534",
            "close": "4.53"
        },
        {
            "time": "01.11.2020 00:56",
            "open": "4.53",
            "high": "4.53",
            "low": "4.53",
            "close": "4.536"
        },
        {
            "time": "01.11.2020 01:33",
            "open": "4.536",
            "high": "4.536",
            "low": "4.536",
            "close": "4.53"
        },
        {
            "time": "01.11.2020 01:39",
            "open": "4.53",
            "high": "4.53",
            "low": "4.529",
            "close": "4.529"
        },
        {
            "time": "01.11.2020 01:40",
            "open": "4.529",
            "high": "4.529",
            "low": "4.527",
            "close": "4.529"
        },
        {
            "time": "01.11.2020 01:46",
            "open": "4.529",
            "high": "4.529",
            "low": "4.529",
            "close": "4.527"
        },
        {
            "time": "01.11.2020 01:47",
            "open": "4.527",
            "high": "4.527",
            "low": "4.527",
            "close": "4.523"
        },
        {
            "time": "01.11.2020 02:28",
            "open": "4.523",
            "high": "4.523",
            "low": "4.522",
            "close": "4.519"
        },
        {
            "time": "01.11.2020 02:29",
            "open": "4.519",
            "high": "4.519",
            "low": "4.519",
            "close": "4.519"
        },
        {
            "time": "01.11.2020 02:32",
            "open": "4.519",
            "high": "4.519",
            "low": "4.519",
            "close": "4.519"
        },
        {
            "time": "01.11.2020 02:36",
            "open": "4.519",
            "high": "4.519",
            "low": "4.519",
            "close": "4.519"
        },
        {
            "time": "01.11.2020 02:44",
            "open": "4.519",
            "high": "4.519",
            "low": "4.511",
            "close": "4.513"
        },
        {
            "time": "01.11.2020 03:02",
            "open": "4.513",
            "high": "4.513",
            "low": "4.513",
            "close": "4.51"
        },
        {
            "time": "01.11.2020 03:20",
            "open": "4.51",
            "high": "4.51",
            "low": "4.503",
            "close": "4.502"
        },
        {
            "time": "01.11.2020 03:27",
            "open": "4.502",
            "high": "4.502",
            "low": "4.502",
            "close": "4.502"
        },
        {
            "time": "01.11.2020 03:34",
            "open": "4.502",
            "high": "4.502",
            "low": "4.502",
            "close": "4.502"
        },
        {
            "time": "01.11.2020 03:38",
            "open": "4.502",
            "high": "4.502",
            "low": "4.502",
            "close": "4.501"
        },
        {
            "time": "01.11.2020 03:44",
            "open": "4.501",
            "high": "4.501",
            "low": "4.501",
            "close": "4.501"
        },
        {
            "time": "01.11.2020 03:45",
            "open": "4.501",
            "high": "4.501",
            "low": "4.501",
            "close": "4.5"
        },
        {
            "time": "01.11.2020 03:48",
            "open": "4.5",
            "high": "4.5",
            "low": "4.5",
            "close": "4.5"
        },
        {
            "time": "01.11.2020 03:54",
            "open": "4.5",
            "high": "4.5",
            "low": "4.5",
            "close": "4.499"
        },
        {
            "time": "01.11.2020 03:55",
            "open": "4.499",
            "high": "4.499",
            "low": "4.499",
            "close": "4.491"
        },
        {
            "time": "01.11.2020 03:59",
            "open": "4.491",
            "high": "4.491",
            "low": "4.482",
            "close": "4.486"
        },
        {
            "time": "01.11.2020 04:05",
            "open": "4.486",
            "high": "4.486",
            "low": "4.486",
            "close": "4.494"
        },
        {
            "time": "01.11.2020 04:06",
            "open": "4.494",
            "high": "4.494",
            "low": "4.494",
            "close": "4.48"
        },
        {
            "time": "01.11.2020 04:11",
            "open": "4.48",
            "high": "4.482",
            "low": "4.478",
            "close": "4.479"
        },
        {
            "time": "01.11.2020 04:12",
            "open": "4.479",
            "high": "4.48",
            "low": "4.479",
            "close": "4.486"
        },
        {
            "time": "01.11.2020 04:14",
            "open": "4.486",
            "high": "4.486",
            "low": "4.481",
            "close": "4.483"
        },
        {
            "time": "01.11.2020 04:15",
            "open": "4.483",
            "high": "4.483",
            "low": "4.478",
            "close": "4.481"
        },
        {
            "time": "01.11.2020 04:16",
            "open": "4.481",
            "high": "4.482",
            "low": "4.481",
            "close": "4.483"
        },
        {
            "time": "01.11.2020 04:17",
            "open": "4.483",
            "high": "4.483",
            "low": "4.483",
            "close": "4.482"
        },
        {
            "time": "01.11.2020 04:18",
            "open": "4.482",
            "high": "4.482",
            "low": "4.482",
            "close": "4.478"
        },
        {
            "time": "01.11.2020 04:24",
            "open": "4.478",
            "high": "4.478",
            "low": "4.478",
            "close": "4.479"
        },
        {
            "time": "01.11.2020 04:26",
            "open": "4.479",
            "high": "4.479",
            "low": "4.479",
            "close": "4.477"
        },
        {
            "time": "01.11.2020 04:39",
            "open": "4.477",
            "high": "4.477",
            "low": "4.477",
            "close": "4.477"
        },
        {
            "time": "01.11.2020 04:45",
            "open": "4.477",
            "high": "4.477",
            "low": "4.477",
            "close": "4.489"
        },
        {
            "time": "01.11.2020 04:54",
            "open": "4.489",
            "high": "4.492",
            "low": "4.489",
            "close": "4.484"
        },
        {
            "time": "01.11.2020 05:07",
            "open": "4.484",
            "high": "4.484",
            "low": "4.484",
            "close": "4.475"
        },
        {
            "time": "01.11.2020 05:20",
            "open": "4.475",
            "high": "4.475",
            "low": "4.475",
            "close": "4.481"
        },
        {
            "time": "01.11.2020 05:40",
            "open": "4.481",
            "high": "4.484",
            "low": "4.481",
            "close": "4.484"
        },
        {
            "time": "01.11.2020 07:06",
            "open": "4.484",
            "high": "4.484",
            "low": "4.484",
            "close": "4.484"
        },
        {
            "time": "01.11.2020 07:15",
            "open": "4.484",
            "high": "4.484",
            "low": "4.484",
            "close": "4.482"
        },
        {
            "time": "01.11.2020 07:48",
            "open": "4.482",
            "high": "4.482",
            "low": "4.482",
            "close": "4.481"
        },
        {
            "time": "01.11.2020 07:57",
            "open": "4.481",
            "high": "4.481",
            "low": "4.481",
            "close": "4.481"
        },
        {
            "time": "01.11.2020 08:05",
            "open": "4.481",
            "high": "4.481",
            "low": "4.481",
            "close": "4.481"
        },
        {
            "time": "01.11.2020 08:09",
            "open": "4.481",
            "high": "4.498",
            "low": "4.481",
            "close": "4.487"
        },
        {
            "time": "01.11.2020 08:10",
            "open": "4.487",
            "high": "4.487",
            "low": "4.479",
            "close": "4.484"
        },
        {
            "time": "01.11.2020 08:11",
            "open": "4.484",
            "high": "4.498",
            "low": "4.484",
            "close": "4.482"
        },
        {
            "time": "01.11.2020 08:21",
            "open": "4.482",
            "high": "4.482",
            "low": "4.481",
            "close": "4.483"
        },
        {
            "time": "01.11.2020 08:25",
            "open": "4.483",
            "high": "4.483",
            "low": "4.483",
            "close": "4.483"
        },
        {
            "time": "01.11.2020 08:30",
            "open": "4.483",
            "high": "4.483",
            "low": "4.473",
            "close": "4.495"
        },
        {
            "time": "01.11.2020 08:44",
            "open": "4.495",
            "high": "4.495",
            "low": "4.495",
            "close": "4.495"
        },
        {
            "time": "01.11.2020 09:01",
            "open": "4.495",
            "high": "4.495",
            "low": "4.495",
            "close": "4.499"
        },
        {
            "time": "01.11.2020 09:02",
            "open": "4.499",
            "high": "4.503",
            "low": "4.499",
            "close": "4.507"
        },
        {
            "time": "01.11.2020 09:08",
            "open": "4.507",
            "high": "4.511",
            "low": "4.507",
            "close": "4.508"
        },
        {
            "time": "01.11.2020 09:11",
            "open": "4.508",
            "high": "4.508",
            "low": "4.508",
            "close": "4.502"
        },
        {
            "time": "01.11.2020 09:17",
            "open": "4.502",
            "high": "4.502",
            "low": "4.492",
            "close": "4.503"
        },
        {
            "time": "01.11.2020 09:21",
            "open": "4.503",
            "high": "4.503",
            "low": "4.503",
            "close": "4.49"
        },
        {
            "time": "01.11.2020 09:30",
            "open": "4.49",
            "high": "4.49",
            "low": "4.489",
            "close": "4.489"
        },
        {
            "time": "01.11.2020 10:04",
            "open": "4.489",
            "high": "4.489",
            "low": "4.489",
            "close": "4.49"
        },
        {
            "time": "01.11.2020 10:11",
            "open": "4.49",
            "high": "4.49",
            "low": "4.49",
            "close": "4.49"
        },
        {
            "time": "01.11.2020 10:15",
            "open": "4.49",
            "high": "4.49",
            "low": "4.49",
            "close": "4.495"
        },
        {
            "time": "01.11.2020 10:17",
            "open": "4.495",
            "high": "4.495",
            "low": "4.495",
            "close": "4.489"
        },
        {
            "time": "01.11.2020 10:23",
            "open": "4.489",
            "high": "4.489",
            "low": "4.479",
            "close": "4.493"
        },
        {
            "time": "01.11.2020 10:30",
            "open": "4.493",
            "high": "4.496",
            "low": "4.493",
            "close": "4.503"
        },
        {
            "time": "01.11.2020 10:56",
            "open": "4.503",
            "high": "4.503",
            "low": "4.503",
            "close": "4.492"
        },
        {
            "time": "01.11.2020 11:07",
            "open": "4.501",
            "high": "4.501",
            "low": "4.501",
            "close": "4.504"
        },
        {
            "time": "01.11.2020 11:13",
            "open": "4.504",
            "high": "4.504",
            "low": "4.504",
            "close": "4.498"
        },
        {
            "time": "01.11.2020 11:25",
            "open": "4.498",
            "high": "4.498",
            "low": "4.498",
            "close": "4.504"
        },
        {
            "time": "01.11.2020 11:27",
            "open": "4.504",
            "high": "4.504",
            "low": "4.504",
            "close": "4.5"
        },
        {
            "time": "01.11.2020 11:39",
            "open": "4.5",
            "high": "4.5",
            "low": "4.5",
            "close": "4.502"
        },
        {
            "time": "01.11.2020 11:48",
            "open": "4.502",
            "high": "4.504",
            "low": "4.502",
            "close": "4.503"
        },
        {
            "time": "01.11.2020 11:53",
            "open": "4.503",
            "high": "4.503",
            "low": "4.503",
            "close": "4.495"
        },
        {
            "time": "01.11.2020 11:55",
            "open": "4.495",
            "high": "4.495",
            "low": "4.495",
            "close": "4.501"
        },
        {
            "time": "01.11.2020 11:57",
            "open": "4.501",
            "high": "4.501",
            "low": "4.501",
            "close": "4.502"
        },
        {
            "time": "01.11.2020 11:58",
            "open": "4.502",
            "high": "4.502",
            "low": "4.495",
            "close": "4.503"
        },
        {
            "time": "01.11.2020 12:01",
            "open": "4.503",
            "high": "4.503",
            "low": "4.503",
            "close": "4.503"
        },
        {
            "time": "01.11.2020 12:15",
            "open": "4.503",
            "high": "4.503",
            "low": "4.498",
            "close": "4.5"
        },
        {
            "time": "01.11.2020 12:16",
            "open": "4.5",
            "high": "4.5",
            "low": "4.498",
            "close": "4.497"
        },
        {
            "time": "01.11.2020 12:20",
            "open": "4.497",
            "high": "4.497",
            "low": "4.497",
            "close": "4.49"
        },
        {
            "time": "01.11.2020 12:29",
            "open": "4.49",
            "high": "4.49",
            "low": "4.49",
            "close": "4.477"
        },
        {
            "time": "01.11.2020 12:48",
            "open": "4.477",
            "high": "4.477",
            "low": "4.471",
            "close": "4.473"
        },
        {
            "time": "01.11.2020 12:50",
            "open": "4.473",
            "high": "4.473",
            "low": "4.473",
            "close": "4.478"
        },
        {
            "time": "01.11.2020 12:55",
            "open": "4.478",
            "high": "4.478",
            "low": "4.478",
            "close": "4.487"
        },
        {
            "time": "01.11.2020 13:07",
            "open": "4.487",
            "high": "4.487",
            "low": "4.487",
            "close": "4.489"
        },
        {
            "time": "01.11.2020 13:09",
            "open": "4.489",
            "high": "4.489",
            "low": "4.483",
            "close": "4.482"
        },
        {
            "time": "01.11.2020 13:10",
            "open": "4.482",
            "high": "4.482",
            "low": "4.482",
            "close": "4.481"
        },
        {
            "time": "01.11.2020 13:15",
            "open": "4.481",
            "high": "4.481",
            "low": "4.48",
            "close": "4.482"
        },
        {
            "time": "01.11.2020 13:16",
            "open": "4.482",
            "high": "4.482",
            "low": "4.48",
            "close": "4.477"
        },
        {
            "time": "01.11.2020 13:26",
            "open": "4.477",
            "high": "4.477",
            "low": "4.476",
            "close": "4.487"
        },
        {
            "time": "01.11.2020 13:28",
            "open": "4.487",
            "high": "4.487",
            "low": "4.487",
            "close": "4.495"
        },
        {
            "time": "01.11.2020 13:35",
            "open": "4.495",
            "high": "4.495",
            "low": "4.495",
            "close": "4.487"
        },
        {
            "time": "01.11.2020 13:36",
            "open": "4.487",
            "high": "4.487",
            "low": "4.487",
            "close": "4.485"
        },
        {
            "time": "01.11.2020 13:44",
            "open": "4.485",
            "high": "4.485",
            "low": "4.485",
            "close": "4.473"
        },
        {
            "time": "01.11.2020 13:50",
            "open": "4.473",
            "high": "4.473",
            "low": "4.473",
            "close": "4.472"
        },
        {
            "time": "01.11.2020 13:51",
            "open": "4.472",
            "high": "4.472",
            "low": "4.472",
            "close": "4.476"
        },
        {
            "time": "01.11.2020 14:04",
            "open": "4.476",
            "high": "4.476",
            "low": "4.475",
            "close": "4.481"
        },
        {
            "time": "01.11.2020 14:06",
            "open": "4.481",
            "high": "4.481",
            "low": "4.481",
            "close": "4.482"
        },
        {
            "time": "01.11.2020 14:16",
            "open": "4.482",
            "high": "4.482",
            "low": "4.482",
            "close": "4.482"
        },
        {
            "time": "01.11.2020 14:28",
            "open": "4.482",
            "high": "4.482",
            "low": "4.482",
            "close": "4.493"
        },
        {
            "time": "01.11.2020 14:29",
            "open": "4.493",
            "high": "4.493",
            "low": "4.49",
            "close": "4.496"
        },
        {
            "time": "01.11.2020 14:30",
            "open": "4.496",
            "high": "4.497",
            "low": "4.496",
            "close": "4.502"
        },
        {
            "time": "01.11.2020 14:32",
            "open": "4.502",
            "high": "4.502",
            "low": "4.502",
            "close": "4.51"
        },
        {
            "time": "01.11.2020 14:33",
            "open": "4.51",
            "high": "4.51",
            "low": "4.51",
            "close": "4.509"
        },
        {
            "time": "01.11.2020 14:34",
            "open": "4.509",
            "high": "4.509",
            "low": "4.509",
            "close": "4.516"
        },
        {
            "time": "01.11.2020 14:43",
            "open": "4.516",
            "high": "4.516",
            "low": "4.516",
            "close": "4.518"
        },
        {
            "time": "01.11.2020 14:51",
            "open": "4.518",
            "high": "4.518",
            "low": "4.518",
            "close": "4.529"
        },
        {
            "time": "01.11.2020 14:59",
            "open": "4.529",
            "high": "4.529",
            "low": "4.529",
            "close": "4.53"
        },
        {
            "time": "01.11.2020 15:00",
            "open": "4.53",
            "high": "4.53",
            "low": "4.53",
            "close": "4.529"
        },
        {
            "time": "01.11.2020 15:09",
            "open": "4.529",
            "high": "4.53",
            "low": "4.529",
            "close": "4.525"
        },
        {
            "time": "01.11.2020 15:13",
            "open": "4.525",
            "high": "4.529",
            "low": "4.525",
            "close": "4.527"
        },
        {
            "time": "01.11.2020 15:17",
            "open": "4.527",
            "high": "4.527",
            "low": "4.527",
            "close": "4.512"
        },
        {
            "time": "01.11.2020 15:27",
            "open": "4.512",
            "high": "4.516",
            "low": "4.512",
            "close": "4.5"
        },
        {
            "time": "01.11.2020 15:41",
            "open": "4.5",
            "high": "4.5",
            "low": "4.499",
            "close": "4.501"
        },
        {
            "time": "01.11.2020 15:44",
            "open": "4.501",
            "high": "4.501",
            "low": "4.501",
            "close": "4.49"
        },
        {
            "time": "01.11.2020 15:54",
            "open": "4.49",
            "high": "4.49",
            "low": "4.49",
            "close": "4.502"
        },
        {
            "time": "01.11.2020 16:38",
            "open": "4.502",
            "high": "4.502",
            "low": "4.502",
            "close": "4.504"
        },
        {
            "time": "01.11.2020 16:40",
            "open": "4.504",
            "high": "4.504",
            "low": "4.504",
            "close": "4.502"
        },
        {
            "time": "01.11.2020 16:45",
            "open": "4.502",
            "high": "4.502",
            "low": "4.502",
            "close": "4.495"
        },
        {
            "time": "01.11.2020 16:49",
            "open": "4.495",
            "high": "4.506",
            "low": "4.495",
            "close": "4.509"
        },
        {
            "time": "01.11.2020 16:52",
            "open": "4.509",
            "high": "4.509",
            "low": "4.509",
            "close": "4.507"
        },
        {
            "time": "01.11.2020 16:58",
            "open": "4.507",
            "high": "4.507",
            "low": "4.507",
            "close": "4.51"
        },
        {
            "time": "01.11.2020 17:15",
            "open": "4.51",
            "high": "4.51",
            "low": "4.51",
            "close": "4.51"
        },
        {
            "time": "01.11.2020 17:20",
            "open": "4.51",
            "high": "4.511",
            "low": "4.51",
            "close": "4.505"
        },
        {
            "time": "01.11.2020 17:23",
            "open": "4.505",
            "high": "4.505",
            "low": "4.505",
            "close": "4.494"
        },
        {
            "time": "01.11.2020 17:40",
            "open": "4.494",
            "high": "4.494",
            "low": "4.494",
            "close": "4.499"
        },
        {
            "time": "01.11.2020 17:45",
            "open": "4.499",
            "high": "4.515",
            "low": "4.499",
            "close": "4.513"
        },
        {
            "time": "01.11.2020 17:46",
            "open": "4.513",
            "high": "4.513",
            "low": "4.513",
            "close": "4.511"
        },
        {
            "time": "01.11.2020 17:48",
            "open": "4.511",
            "high": "4.511",
            "low": "4.511",
            "close": "4.503"
        },
        {
            "time": "01.11.2020 18:11",
            "open": "4.503",
            "high": "4.503",
            "low": "4.503",
            "close": "4.509"
        },
        {
            "time": "01.11.2020 18:16",
            "open": "4.509",
            "high": "4.509",
            "low": "4.509",
            "close": "4.506"
        },
        {
            "time": "01.11.2020 18:24",
            "open": "4.506",
            "high": "4.506",
            "low": "4.506",
            "close": "4.507"
        },
        {
            "time": "01.11.2020 18:25",
            "open": "4.507",
            "high": "4.507",
            "low": "4.506",
            "close": "4.51"
        },
        {
            "time": "01.11.2020 18:28",
            "open": "4.51",
            "high": "4.51",
            "low": "4.51",
            "close": "4.508"
        },
        {
            "time": "01.11.2020 18:34",
            "open": "4.508",
            "high": "4.508",
            "low": "4.507",
            "close": "4.515"
        },
        {
            "time": "01.11.2020 18:37",
            "open": "4.515",
            "high": "4.516",
            "low": "4.515",
            "close": "4.51"
        },
        {
            "time": "01.11.2020 18:50",
            "open": "4.51",
            "high": "4.51",
            "low": "4.51",
            "close": "4.505"
        },
        {
            "time": "01.11.2020 19:05",
            "open": "4.505",
            "high": "4.505",
            "low": "4.505",
            "close": "4.503"
        },
        {
            "time": "01.11.2020 19:07",
            "open": "4.503",
            "high": "4.503",
            "low": "4.503",
            "close": "4.504"
        },
        {
            "time": "01.11.2020 19:08",
            "open": "4.504",
            "high": "4.504",
            "low": "4.504",
            "close": "4.503"
        },
        {
            "time": "01.11.2020 19:14",
            "open": "4.503",
            "high": "4.503",
            "low": "4.496",
            "close": "4.499"
        },
        {
            "time": "01.11.2020 19:19",
            "open": "4.499",
            "high": "4.499",
            "low": "4.499",
            "close": "4.501"
        },
        {
            "time": "01.11.2020 19:26",
            "open": "4.501",
            "high": "4.501",
            "low": "4.501",
            "close": "4.501"
        },
        {
            "time": "01.11.2020 19:30",
            "open": "4.501",
            "high": "4.501",
            "low": "4.501",
            "close": "4.506"
        },
        {
            "time": "01.11.2020 19:31",
            "open": "4.506",
            "high": "4.506",
            "low": "4.5",
            "close": "4.494"
        },
        {
            "time": "01.11.2020 19:41",
            "open": "4.494",
            "high": "4.494",
            "low": "4.494",
            "close": "4.497"
        },
        {
            "time": "01.11.2020 19:45",
            "open": "4.497",
            "high": "4.497",
            "low": "4.497",
            "close": "4.505"
        },
        {
            "time": "01.11.2020 19:48",
            "open": "4.505",
            "high": "4.505",
            "low": "4.505",
            "close": "4.506"
        },
        {
            "time": "01.11.2020 19:59",
            "open": "4.506",
            "high": "4.51",
            "low": "4.491",
            "close": "4.492"
        },
        {
            "time": "01.11.2020 20:01",
            "open": "4.492",
            "high": "4.492",
            "low": "4.492",
            "close": "4.49"
        },
        {
            "time": "01.11.2020 20:05",
            "open": "4.49",
            "high": "4.49",
            "low": "4.49",
            "close": "4.496"
        },
        {
            "time": "01.11.2020 20:09",
            "open": "4.496",
            "high": "4.496",
            "low": "4.496",
            "close": "4.498"
        },
        {
            "time": "01.11.2020 20:34",
            "open": "4.498",
            "high": "4.498",
            "low": "4.49",
            "close": "4.502"
        },
        {
            "time": "01.11.2020 20:36",
            "open": "4.502",
            "high": "4.502",
            "low": "4.502",
            "close": "4.501"
        },
        {
            "time": "01.11.2020 20:38",
            "open": "4.501",
            "high": "4.501",
            "low": "4.501",
            "close": "4.496"
        },
        {
            "time": "01.11.2020 20:42",
            "open": "4.496",
            "high": "4.496",
            "low": "4.496",
            "close": "4.489"
        },
        {
            "time": "01.11.2020 20:46",
            "open": "4.489",
            "high": "4.489",
            "low": "4.489",
            "close": "4.496"
        },
        {
            "time": "01.11.2020 20:51",
            "open": "4.496",
            "high": "4.496",
            "low": "4.496",
            "close": "4.487"
        },
        {
            "time": "01.11.2020 20:52",
            "open": "4.487",
            "high": "4.488",
            "low": "4.487",
            "close": "4.494"
        },
        {
            "time": "01.11.2020 20:57",
            "open": "4.494",
            "high": "4.494",
            "low": "4.494",
            "close": "4.493"
        },
        {
            "time": "01.11.2020 20:59",
            "open": "4.493",
            "high": "4.493",
            "low": "4.493",
            "close": "4.494"
        },
        {
            "time": "01.11.2020 21:02",
            "open": "4.494",
            "high": "4.494",
            "low": "4.489",
            "close": "4.489"
        },
        {
            "time": "01.11.2020 21:03",
            "open": "4.489",
            "high": "4.489",
            "low": "4.489",
            "close": "4.504"
        },
        {
            "time": "01.11.2020 21:18",
            "open": "4.504",
            "high": "4.504",
            "low": "4.504",
            "close": "4.507"
        },
        {
            "time": "01.11.2020 21:22",
            "open": "4.507",
            "high": "4.507",
            "low": "4.507",
            "close": "4.498"
        },
        {
            "time": "01.11.2020 21:25",
            "open": "4.498",
            "high": "4.498",
            "low": "4.498",
            "close": "4.495"
        },
        {
            "time": "01.11.2020 21:35",
            "open": "4.495",
            "high": "4.495",
            "low": "4.494",
            "close": "4.497"
        },
        {
            "time": "01.11.2020 21:41",
            "open": "4.497",
            "high": "4.497",
            "low": "4.497",
            "close": "4.515"
        },
        {
            "time": "01.11.2020 21:45",
            "open": "4.515",
            "high": "4.515",
            "low": "4.515",
            "close": "4.503"
        },
        {
            "time": "01.11.2020 21:56",
            "open": "4.503",
            "high": "4.503",
            "low": "4.503",
            "close": "4.495"
        },
        {
            "time": "01.11.2020 21:59",
            "open": "4.495",
            "high": "4.495",
            "low": "4.495",
            "close": "4.511"
        },
        {
            "time": "01.11.2020 22:09",
            "open": "4.511",
            "high": "4.511",
            "low": "4.511",
            "close": "4.516"
        },
        {
            "time": "01.11.2020 22:19",
            "open": "4.516",
            "high": "4.518",
            "low": "4.516",
            "close": "4.506"
        },
        {
            "time": "01.11.2020 22:21",
            "open": "4.506",
            "high": "4.506",
            "low": "4.506",
            "close": "4.5"
        },
        {
            "time": "01.11.2020 22:29",
            "open": "4.5",
            "high": "4.511",
            "low": "4.5",
            "close": "4.52"
        },
        {
            "time": "01.11.2020 22:38",
            "open": "4.52",
            "high": "4.525",
            "low": "4.52",
            "close": "4.522"
        },
        {
            "time": "01.11.2020 22:39",
            "open": "4.522",
            "high": "4.522",
            "low": "4.522",
            "close": "4.522"
        },
        {
            "time": "01.11.2020 22:53",
            "open": "4.522",
            "high": "4.522",
            "low": "4.522",
            "close": "4.522"
        },
        {
            "time": "01.11.2020 22:55",
            "open": "4.522",
            "high": "4.522",
            "low": "4.522",
            "close": "4.52"
        },
        {
            "time": "01.11.2020 23:01",
            "open": "4.52",
            "high": "4.52",
            "low": "4.52",
            "close": "4.509"
        },
        {
            "time": "01.11.2020 23:06",
            "open": "4.509",
            "high": "4.509",
            "low": "4.509",
            "close": "4.508"
        },
        {
            "time": "01.11.2020 23:13",
            "open": "4.508",
            "high": "4.508",
            "low": "4.508",
            "close": "4.52"
        },
        {
            "time": "01.11.2020 23:17",
            "open": "4.52",
            "high": "4.52",
            "low": "4.52",
            "close": "4.517"
        },
        {
            "time": "01.11.2020 23:23",
            "open": "4.517",
            "high": "4.517",
            "low": "4.517",
            "close": "4.521"
        },
        {
            "time": "01.11.2020 23:27",
            "open": "4.521",
            "high": "4.521",
            "low": "4.521",
            "close": "4.52"
        }
    ]
}