{
    "ETC-EUR": [
        {
            "time": "10.11.2020 23:54",
            "open": "4.377",
            "high": "4.377",
            "low": "4.377",
            "close": "4.389"
        },
        {
            "time": "11.11.2020 00:00",
            "open": "4.389",
            "high": "4.394",
            "low": "4.389",
            "close": "4.358"
        },
        {
            "time": "11.11.2020 00:15",
            "open": "4.358",
            "high": "4.37",
            "low": "4.358",
            "close": "4.363"
        },
        {
            "time": "11.11.2020 00:16",
            "open": "4.363",
            "high": "4.363",
            "low": "4.363",
            "close": "4.363"
        },
        {
            "time": "11.11.2020 00:17",
            "open": "4.363",
            "high": "4.363",
            "low": "4.349",
            "close": "4.363"
        },
        {
            "time": "11.11.2020 00:20",
            "open": "4.363",
            "high": "4.363",
            "low": "4.363",
            "close": "4.36"
        },
        {
            "time": "11.11.2020 00:23",
            "open": "4.36",
            "high": "4.36",
            "low": "4.36",
            "close": "4.358"
        },
        {
            "time": "11.11.2020 00:36",
            "open": "4.358",
            "high": "4.358",
            "low": "4.355",
            "close": "4.359"
        },
        {
            "time": "11.11.2020 00:37",
            "open": "4.359",
            "high": "4.37",
            "low": "4.359",
            "close": "4.363"
        },
        {
            "time": "11.11.2020 00:39",
            "open": "4.363",
            "high": "4.363",
            "low": "4.363",
            "close": "4.359"
        },
        {
            "time": "11.11.2020 00:56",
            "open": "4.359",
            "high": "4.359",
            "low": "4.359",
            "close": "4.364"
        },
        {
            "time": "11.11.2020 01:03",
            "open": "4.364",
            "high": "4.364",
            "low": "4.364",
            "close": "4.36"
        },
        {
            "time": "11.11.2020 01:05",
            "open": "4.36",
            "high": "4.36",
            "low": "4.36",
            "close": "4.374"
        },
        {
            "time": "11.11.2020 01:12",
            "open": "4.374",
            "high": "4.374",
            "low": "4.374",
            "close": "4.37"
        },
        {
            "time": "11.11.2020 01:13",
            "open": "4.37",
            "high": "4.378",
            "low": "4.368",
            "close": "4.372"
        },
        {
            "time": "11.11.2020 01:14",
            "open": "4.372",
            "high": "4.372",
            "low": "4.372",
            "close": "4.377"
        },
        {
            "time": "11.11.2020 01:15",
            "open": "4.377",
            "high": "4.377",
            "low": "4.376",
            "close": "4.381"
        },
        {
            "time": "11.11.2020 01:18",
            "open": "4.381",
            "high": "4.382",
            "low": "4.381",
            "close": "4.404"
        },
        {
            "time": "11.11.2020 01:31",
            "open": "4.404",
            "high": "4.406",
            "low": "4.401",
            "close": "4.404"
        },
        {
            "time": "11.11.2020 01:36",
            "open": "4.404",
            "high": "4.404",
            "low": "4.404",
            "close": "4.392"
        },
        {
            "time": "11.11.2020 01:37",
            "open": "4.392",
            "high": "4.392",
            "low": "4.392",
            "close": "4.39"
        },
        {
            "time": "11.11.2020 01:38",
            "open": "4.39",
            "high": "4.39",
            "low": "4.39",
            "close": "4.397"
        },
        {
            "time": "11.11.2020 01:43",
            "open": "4.397",
            "high": "4.397",
            "low": "4.397",
            "close": "4.397"
        },
        {
            "time": "11.11.2020 01:44",
            "open": "4.397",
            "high": "4.401",
            "low": "4.397",
            "close": "4.409"
        },
        {
            "time": "11.11.2020 01:59",
            "open": "4.409",
            "high": "4.411",
            "low": "4.409",
            "close": "4.405"
        },
        {
            "time": "11.11.2020 02:00",
            "open": "4.405",
            "high": "4.405",
            "low": "4.4",
            "close": "4.397"
        },
        {
            "time": "11.11.2020 02:17",
            "open": "4.397",
            "high": "4.397",
            "low": "4.397",
            "close": "4.395"
        },
        {
            "time": "11.11.2020 02:25",
            "open": "4.395",
            "high": "4.398",
            "low": "4.395",
            "close": "4.419"
        },
        {
            "time": "11.11.2020 02:34",
            "open": "4.419",
            "high": "4.423",
            "low": "4.419",
            "close": "4.422"
        },
        {
            "time": "11.11.2020 02:35",
            "open": "4.422",
            "high": "4.423",
            "low": "4.422",
            "close": "4.419"
        },
        {
            "time": "11.11.2020 02:36",
            "open": "4.419",
            "high": "4.423",
            "low": "4.418",
            "close": "4.423"
        },
        {
            "time": "11.11.2020 02:41",
            "open": "4.423",
            "high": "4.423",
            "low": "4.423",
            "close": "4.425"
        },
        {
            "time": "11.11.2020 02:47",
            "open": "4.425",
            "high": "4.425",
            "low": "4.425",
            "close": "4.423"
        },
        {
            "time": "11.11.2020 02:49",
            "open": "4.423",
            "high": "4.424",
            "low": "4.423",
            "close": "4.419"
        },
        {
            "time": "11.11.2020 02:50",
            "open": "4.419",
            "high": "4.419",
            "low": "4.418",
            "close": "4.418"
        },
        {
            "time": "11.11.2020 02:51",
            "open": "4.418",
            "high": "4.418",
            "low": "4.416",
            "close": "4.419"
        },
        {
            "time": "11.11.2020 02:52",
            "open": "4.419",
            "high": "4.425",
            "low": "4.419",
            "close": "4.414"
        },
        {
            "time": "11.11.2020 02:54",
            "open": "4.414",
            "high": "4.414",
            "low": "4.412",
            "close": "4.402"
        },
        {
            "time": "11.11.2020 03:05",
            "open": "4.402",
            "high": "4.403",
            "low": "4.402",
            "close": "4.41"
        },
        {
            "time": "11.11.2020 03:16",
            "open": "4.41",
            "high": "4.41",
            "low": "4.41",
            "close": "4.425"
        },
        {
            "time": "11.11.2020 03:22",
            "open": "4.425",
            "high": "4.425",
            "low": "4.425",
            "close": "4.422"
        },
        {
            "time": "11.11.2020 03:23",
            "open": "4.422",
            "high": "4.422",
            "low": "4.421",
            "close": "4.424"
        },
        {
            "time": "11.11.2020 03:25",
            "open": "4.424",
            "high": "4.424",
            "low": "4.419",
            "close": "4.403"
        },
        {
            "time": "11.11.2020 03:36",
            "open": "4.403",
            "high": "4.403",
            "low": "4.403",
            "close": "4.4"
        },
        {
            "time": "11.11.2020 03:38",
            "open": "4.4",
            "high": "4.4",
            "low": "4.4",
            "close": "4.403"
        },
        {
            "time": "11.11.2020 03:40",
            "open": "4.403",
            "high": "4.403",
            "low": "4.403",
            "close": "4.403"
        },
        {
            "time": "11.11.2020 03:42",
            "open": "4.403",
            "high": "4.414",
            "low": "4.403",
            "close": "4.409"
        },
        {
            "time": "11.11.2020 03:43",
            "open": "4.409",
            "high": "4.409",
            "low": "4.403",
            "close": "4.403"
        },
        {
            "time": "11.11.2020 03:48",
            "open": "4.403",
            "high": "4.403",
            "low": "4.403",
            "close": "4.407"
        },
        {
            "time": "11.11.2020 03:53",
            "open": "4.407",
            "high": "4.422",
            "low": "4.407",
            "close": "4.417"
        },
        {
            "time": "11.11.2020 03:54",
            "open": "4.417",
            "high": "4.418",
            "low": "4.401",
            "close": "4.403"
        },
        {
            "time": "11.11.2020 03:55",
            "open": "4.403",
            "high": "4.403",
            "low": "4.403",
            "close": "4.411"
        },
        {
            "time": "11.11.2020 04:37",
            "open": "4.411",
            "high": "4.411",
            "low": "4.41",
            "close": "4.411"
        },
        {
            "time": "11.11.2020 04:41",
            "open": "4.411",
            "high": "4.411",
            "low": "4.411",
            "close": "4.42"
        },
        {
            "time": "11.11.2020 04:46",
            "open": "4.42",
            "high": "4.42",
            "low": "4.42",
            "close": "4.421"
        },
        {
            "time": "11.11.2020 04:49",
            "open": "4.421",
            "high": "4.421",
            "low": "4.421",
            "close": "4.417"
        },
        {
            "time": "11.11.2020 05:09",
            "open": "4.417",
            "high": "4.417",
            "low": "4.417",
            "close": "4.409"
        },
        {
            "time": "11.11.2020 05:15",
            "open": "4.409",
            "high": "4.409",
            "low": "4.398",
            "close": "4.407"
        },
        {
            "time": "11.11.2020 05:18",
            "open": "4.407",
            "high": "4.407",
            "low": "4.407",
            "close": "4.395"
        },
        {
            "time": "11.11.2020 05:19",
            "open": "4.395",
            "high": "4.395",
            "low": "4.395",
            "close": "4.382"
        },
        {
            "time": "11.11.2020 05:33",
            "open": "4.382",
            "high": "4.382",
            "low": "4.382",
            "close": "4.38"
        },
        {
            "time": "11.11.2020 05:37",
            "open": "4.38",
            "high": "4.38",
            "low": "4.38",
            "close": "4.378"
        },
        {
            "time": "11.11.2020 05:38",
            "open": "4.378",
            "high": "4.378",
            "low": "4.376",
            "close": "4.373"
        },
        {
            "time": "11.11.2020 05:40",
            "open": "4.373",
            "high": "4.373",
            "low": "4.373",
            "close": "4.376"
        },
        {
            "time": "11.11.2020 05:43",
            "open": "4.376",
            "high": "4.376",
            "low": "4.376",
            "close": "4.373"
        },
        {
            "time": "11.11.2020 06:02",
            "open": "4.373",
            "high": "4.373",
            "low": "4.373",
            "close": "4.374"
        },
        {
            "time": "11.11.2020 06:03",
            "open": "4.374",
            "high": "4.384",
            "low": "4.374",
            "close": "4.385"
        },
        {
            "time": "11.11.2020 06:04",
            "open": "4.385",
            "high": "4.389",
            "low": "4.383",
            "close": "4.39"
        },
        {
            "time": "11.11.2020 06:05",
            "open": "4.39",
            "high": "4.39",
            "low": "4.39",
            "close": "4.386"
        },
        {
            "time": "11.11.2020 06:06",
            "open": "4.386",
            "high": "4.386",
            "low": "4.386",
            "close": "4.39"
        },
        {
            "time": "11.11.2020 06:09",
            "open": "4.39",
            "high": "4.39",
            "low": "4.389",
            "close": "4.39"
        },
        {
            "time": "11.11.2020 06:10",
            "open": "4.39",
            "high": "4.39",
            "low": "4.389",
            "close": "4.389"
        },
        {
            "time": "11.11.2020 06:14",
            "open": "4.389",
            "high": "4.389",
            "low": "4.389",
            "close": "4.388"
        },
        {
            "time": "11.11.2020 06:15",
            "open": "4.388",
            "high": "4.388",
            "low": "4.388",
            "close": "4.383"
        },
        {
            "time": "11.11.2020 06:16",
            "open": "4.383",
            "high": "4.383",
            "low": "4.383",
            "close": "4.379"
        },
        {
            "time": "11.11.2020 06:19",
            "open": "4.379",
            "high": "4.379",
            "low": "4.379",
            "close": "4.38"
        },
        {
            "time": "11.11.2020 06:27",
            "open": "4.38",
            "high": "4.38",
            "low": "4.38",
            "close": "4.373"
        },
        {
            "time": "11.11.2020 06:29",
            "open": "4.373",
            "high": "4.373",
            "low": "4.372",
            "close": "4.373"
        },
        {
            "time": "11.11.2020 06:30",
            "open": "4.373",
            "high": "4.374",
            "low": "4.373",
            "close": "4.372"
        },
        {
            "time": "11.11.2020 06:37",
            "open": "4.372",
            "high": "4.372",
            "low": "4.369",
            "close": "4.377"
        },
        {
            "time": "11.11.2020 06:43",
            "open": "4.377",
            "high": "4.377",
            "low": "4.377",
            "close": "4.37"
        },
        {
            "time": "11.11.2020 06:47",
            "open": "4.37",
            "high": "4.37",
            "low": "4.37",
            "close": "4.372"
        },
        {
            "time": "11.11.2020 06:49",
            "open": "4.372",
            "high": "4.372",
            "low": "4.372",
            "close": "4.368"
        },
        {
            "time": "11.11.2020 06:50",
            "open": "4.368",
            "high": "4.368",
            "low": "4.367",
            "close": "4.369"
        },
        {
            "time": "11.11.2020 06:57",
            "open": "4.369",
            "high": "4.369",
            "low": "4.369",
            "close": "4.378"
        },
        {
            "time": "11.11.2020 07:14",
            "open": "4.378",
            "high": "4.389",
            "low": "4.378",
            "close": "4.386"
        },
        {
            "time": "11.11.2020 07:15",
            "open": "4.386",
            "high": "4.386",
            "low": "4.386",
            "close": "4.386"
        },
        {
            "time": "11.11.2020 07:17",
            "open": "4.386",
            "high": "4.387",
            "low": "4.386",
            "close": "4.385"
        },
        {
            "time": "11.11.2020 07:18",
            "open": "4.385",
            "high": "4.385",
            "low": "4.385",
            "close": "4.385"
        },
        {
            "time": "11.11.2020 07:19",
            "open": "4.385",
            "high": "4.394",
            "low": "4.385",
            "close": "4.38"
        },
        {
            "time": "11.11.2020 07:23",
            "open": "4.38",
            "high": "4.38",
            "low": "4.38",
            "close": "4.397"
        },
        {
            "time": "11.11.2020 07:30",
            "open": "4.397",
            "high": "4.397",
            "low": "4.397",
            "close": "4.396"
        },
        {
            "time": "11.11.2020 07:33",
            "open": "4.396",
            "high": "4.396",
            "low": "4.396",
            "close": "4.394"
        },
        {
            "time": "11.11.2020 07:35",
            "open": "4.394",
            "high": "4.394",
            "low": "4.394",
            "close": "4.376"
        },
        {
            "time": "11.11.2020 07:46",
            "open": "4.376",
            "high": "4.376",
            "low": "4.376",
            "close": "4.38"
        },
        {
            "time": "11.11.2020 07:53",
            "open": "4.38",
            "high": "4.38",
            "low": "4.38",
            "close": "4.382"
        },
        {
            "time": "11.11.2020 07:58",
            "open": "4.382",
            "high": "4.382",
            "low": "4.38",
            "close": "4.378"
        },
        {
            "time": "11.11.2020 07:59",
            "open": "4.378",
            "high": "4.378",
            "low": "4.378",
            "close": "4.38"
        },
        {
            "time": "11.11.2020 08:01",
            "open": "4.38",
            "high": "4.384",
            "low": "4.38",
            "close": "4.378"
        },
        {
            "time": "11.11.2020 08:02",
            "open": "4.378",
            "high": "4.378",
            "low": "4.378",
            "close": "4.382"
        },
        {
            "time": "11.11.2020 08:04",
            "open": "4.382",
            "high": "4.382",
            "low": "4.382",
            "close": "4.384"
        },
        {
            "time": "11.11.2020 08:06",
            "open": "4.384",
            "high": "4.384",
            "low": "4.384",
            "close": "4.379"
        },
        {
            "time": "11.11.2020 08:07",
            "open": "4.379",
            "high": "4.38",
            "low": "4.379",
            "close": "4.388"
        },
        {
            "time": "11.11.2020 08:14",
            "open": "4.388",
            "high": "4.388",
            "low": "4.388",
            "close": "4.391"
        },
        {
            "time": "11.11.2020 08:18",
            "open": "4.391",
            "high": "4.391",
            "low": "4.388",
            "close": "4.39"
        },
        {
            "time": "11.11.2020 08:20",
            "open": "4.39",
            "high": "4.39",
            "low": "4.39",
            "close": "4.403"
        },
        {
            "time": "11.11.2020 08:26",
            "open": "4.403",
            "high": "4.407",
            "low": "4.403",
            "close": "4.408"
        },
        {
            "time": "11.11.2020 08:27",
            "open": "4.408",
            "high": "4.408",
            "low": "4.408",
            "close": "4.408"
        },
        {
            "time": "11.11.2020 08:32",
            "open": "4.408",
            "high": "4.408",
            "low": "4.408",
            "close": "4.408"
        },
        {
            "time": "11.11.2020 08:33",
            "open": "4.408",
            "high": "4.408",
            "low": "4.408",
            "close": "4.407"
        },
        {
            "time": "11.11.2020 08:38",
            "open": "4.407",
            "high": "4.407",
            "low": "4.403",
            "close": "4.394"
        },
        {
            "time": "11.11.2020 08:41",
            "open": "4.394",
            "high": "4.394",
            "low": "4.394",
            "close": "4.397"
        },
        {
            "time": "11.11.2020 08:44",
            "open": "4.397",
            "high": "4.397",
            "low": "4.397",
            "close": "4.393"
        },
        {
            "time": "11.11.2020 08:45",
            "open": "4.393",
            "high": "4.393",
            "low": "4.393",
            "close": "4.399"
        },
        {
            "time": "11.11.2020 08:47",
            "open": "4.399",
            "high": "4.4",
            "low": "4.399",
            "close": "4.395"
        },
        {
            "time": "11.11.2020 08:50",
            "open": "4.395",
            "high": "4.395",
            "low": "4.394",
            "close": "4.4"
        },
        {
            "time": "11.11.2020 08:53",
            "open": "4.4",
            "high": "4.4",
            "low": "4.4",
            "close": "4.4"
        },
        {
            "time": "11.11.2020 08:57",
            "open": "4.4",
            "high": "4.4",
            "low": "4.4",
            "close": "4.39"
        },
        {
            "time": "11.11.2020 09:08",
            "open": "4.39",
            "high": "4.39",
            "low": "4.39",
            "close": "4.395"
        },
        {
            "time": "11.11.2020 09:19",
            "open": "4.395",
            "high": "4.395",
            "low": "4.39",
            "close": "4.398"
        },
        {
            "time": "11.11.2020 09:21",
            "open": "4.398",
            "high": "4.398",
            "low": "4.397",
            "close": "4.399"
        },
        {
            "time": "11.11.2020 09:29",
            "open": "4.399",
            "high": "4.401",
            "low": "4.399",
            "close": "4.401"
        },
        {
            "time": "11.11.2020 09:30",
            "open": "4.401",
            "high": "4.401",
            "low": "4.395",
            "close": "4.4"
        },
        {
            "time": "11.11.2020 09:31",
            "open": "4.399",
            "high": "4.399",
            "low": "4.399",
            "close": "4.399"
        },
        {
            "time": "11.11.2020 09:32",
            "open": "4.399",
            "high": "4.401",
            "low": "4.399",
            "close": "4.401"
        },
        {
            "time": "11.11.2020 09:33",
            "open": "4.401",
            "high": "4.401",
            "low": "4.4",
            "close": "4.401"
        },
        {
            "time": "11.11.2020 09:34",
            "open": "4.401",
            "high": "4.401",
            "low": "4.401",
            "close": "4.4"
        },
        {
            "time": "11.11.2020 09:35",
            "open": "4.4",
            "high": "4.4",
            "low": "4.4",
            "close": "4.396"
        },
        {
            "time": "11.11.2020 09:42",
            "open": "4.396",
            "high": "4.396",
            "low": "4.396",
            "close": "4.389"
        },
        {
            "time": "11.11.2020 09:48",
            "open": "4.389",
            "high": "4.389",
            "low": "4.389",
            "close": "4.384"
        },
        {
            "time": "11.11.2020 09:50",
            "open": "4.384",
            "high": "4.384",
            "low": "4.384",
            "close": "4.387"
        },
        {
            "time": "11.11.2020 09:51",
            "open": "4.387",
            "high": "4.399",
            "low": "4.387",
            "close": "4.399"
        },
        {
            "time": "11.11.2020 09:57",
            "open": "4.393",
            "high": "4.393",
            "low": "4.393",
            "close": "4.391"
        },
        {
            "time": "11.11.2020 10:11",
            "open": "4.391",
            "high": "4.399",
            "low": "4.391",
            "close": "4.395"
        },
        {
            "time": "11.11.2020 10:23",
            "open": "4.395",
            "high": "4.395",
            "low": "4.395",
            "close": "4.39"
        },
        {
            "time": "11.11.2020 10:26",
            "open": "4.39",
            "high": "4.39",
            "low": "4.389",
            "close": "4.395"
        },
        {
            "time": "11.11.2020 10:28",
            "open": "4.395",
            "high": "4.395",
            "low": "4.395",
            "close": "4.389"
        },
        {
            "time": "11.11.2020 10:29",
            "open": "4.389",
            "high": "4.389",
            "low": "4.389",
            "close": "4.379"
        },
        {
            "time": "11.11.2020 10:36",
            "open": "4.379",
            "high": "4.379",
            "low": "4.379",
            "close": "4.386"
        },
        {
            "time": "11.11.2020 10:37",
            "open": "4.386",
            "high": "4.386",
            "low": "4.386",
            "close": "4.378"
        },
        {
            "time": "11.11.2020 10:42",
            "open": "4.378",
            "high": "4.378",
            "low": "4.378",
            "close": "4.372"
        },
        {
            "time": "11.11.2020 10:43",
            "open": "4.372",
            "high": "4.372",
            "low": "4.365",
            "close": "4.362"
        },
        {
            "time": "11.11.2020 10:44",
            "open": "4.362",
            "high": "4.362",
            "low": "4.36",
            "close": "4.353"
        },
        {
            "time": "11.11.2020 10:51",
            "open": "4.353",
            "high": "4.353",
            "low": "4.353",
            "close": "4.356"
        },
        {
            "time": "11.11.2020 10:54",
            "open": "4.356",
            "high": "4.356",
            "low": "4.355",
            "close": "4.363"
        },
        {
            "time": "11.11.2020 10:55",
            "open": "4.363",
            "high": "4.365",
            "low": "4.363",
            "close": "4.36"
        },
        {
            "time": "11.11.2020 10:58",
            "open": "4.36",
            "high": "4.365",
            "low": "4.36",
            "close": "4.367"
        },
        {
            "time": "11.11.2020 11:00",
            "open": "4.367",
            "high": "4.403",
            "low": "4.367",
            "close": "4.365"
        },
        {
            "time": "11.11.2020 11:01",
            "open": "4.365",
            "high": "4.37",
            "low": "4.365",
            "close": "4.377"
        },
        {
            "time": "11.11.2020 11:04",
            "open": "4.377",
            "high": "4.377",
            "low": "4.375",
            "close": "4.377"
        },
        {
            "time": "11.11.2020 11:05",
            "open": "4.377",
            "high": "4.386",
            "low": "4.377",
            "close": "4.377"
        },
        {
            "time": "11.11.2020 11:07",
            "open": "4.377",
            "high": "4.377",
            "low": "4.377",
            "close": "4.371"
        },
        {
            "time": "11.11.2020 11:08",
            "open": "4.371",
            "high": "4.371",
            "low": "4.371",
            "close": "4.381"
        },
        {
            "time": "11.11.2020 11:09",
            "open": "4.381",
            "high": "4.409",
            "low": "4.353",
            "close": "4.372"
        },
        {
            "time": "11.11.2020 11:10",
            "open": "4.372",
            "high": "4.376",
            "low": "4.372",
            "close": "4.38"
        },
        {
            "time": "11.11.2020 11:11",
            "open": "4.38",
            "high": "4.38",
            "low": "4.38",
            "close": "4.37"
        },
        {
            "time": "11.11.2020 11:30",
            "open": "4.37",
            "high": "4.37",
            "low": "4.37",
            "close": "4.365"
        },
        {
            "time": "11.11.2020 11:33",
            "open": "4.365",
            "high": "4.365",
            "low": "4.365",
            "close": "4.372"
        },
        {
            "time": "11.11.2020 11:40",
            "open": "4.372",
            "high": "4.372",
            "low": "4.372",
            "close": "4.387"
        },
        {
            "time": "11.11.2020 11:50",
            "open": "4.387",
            "high": "4.387",
            "low": "4.387",
            "close": "4.377"
        },
        {
            "time": "11.11.2020 11:57",
            "open": "4.377",
            "high": "4.377",
            "low": "4.376",
            "close": "4.391"
        },
        {
            "time": "11.11.2020 11:59",
            "open": "4.391",
            "high": "4.391",
            "low": "4.391",
            "close": "4.394"
        },
        {
            "time": "11.11.2020 12:00",
            "open": "4.394",
            "high": "4.394",
            "low": "4.394",
            "close": "4.395"
        },
        {
            "time": "11.11.2020 12:01",
            "open": "4.395",
            "high": "4.397",
            "low": "4.395",
            "close": "4.401"
        },
        {
            "time": "11.11.2020 12:03",
            "open": "4.401",
            "high": "4.415",
            "low": "4.401",
            "close": "4.393"
        },
        {
            "time": "11.11.2020 12:06",
            "open": "4.393",
            "high": "4.393",
            "low": "4.393",
            "close": "4.394"
        },
        {
            "time": "11.11.2020 12:07",
            "open": "4.394",
            "high": "4.394",
            "low": "4.394",
            "close": "4.377"
        },
        {
            "time": "11.11.2020 12:12",
            "open": "4.377",
            "high": "4.379",
            "low": "4.377",
            "close": "4.378"
        },
        {
            "time": "11.11.2020 12:13",
            "open": "4.378",
            "high": "4.378",
            "low": "4.378",
            "close": "4.378"
        },
        {
            "time": "11.11.2020 12:14",
            "open": "4.378",
            "high": "4.38",
            "low": "4.378",
            "close": "4.377"
        },
        {
            "time": "11.11.2020 12:17",
            "open": "4.377",
            "high": "4.377",
            "low": "4.372",
            "close": "4.385"
        },
        {
            "time": "11.11.2020 12:30",
            "open": "4.385",
            "high": "4.385",
            "low": "4.385",
            "close": "4.385"
        },
        {
            "time": "11.11.2020 12:31",
            "open": "4.385",
            "high": "4.389",
            "low": "4.385",
            "close": "4.386"
        },
        {
            "time": "11.11.2020 12:32",
            "open": "4.386",
            "high": "4.388",
            "low": "4.386",
            "close": "4.375"
        },
        {
            "time": "11.11.2020 12:36",
            "open": "4.375",
            "high": "4.375",
            "low": "4.375",
            "close": "4.386"
        },
        {
            "time": "11.11.2020 12:37",
            "open": "4.386",
            "high": "4.386",
            "low": "4.386",
            "close": "4.382"
        },
        {
            "time": "11.11.2020 12:44",
            "open": "4.382",
            "high": "4.382",
            "low": "4.382",
            "close": "4.383"
        },
        {
            "time": "11.11.2020 12:45",
            "open": "4.383",
            "high": "4.384",
            "low": "4.381",
            "close": "4.395"
        },
        {
            "time": "11.11.2020 12:46",
            "open": "4.395",
            "high": "4.398",
            "low": "4.395",
            "close": "4.379"
        },
        {
            "time": "11.11.2020 12:49",
            "open": "4.379",
            "high": "4.385",
            "low": "4.378",
            "close": "4.374"
        },
        {
            "time": "11.11.2020 13:16",
            "open": "4.374",
            "high": "4.374",
            "low": "4.373",
            "close": "4.388"
        },
        {
            "time": "11.11.2020 13:21",
            "open": "4.388",
            "high": "4.388",
            "low": "4.388",
            "close": "4.382"
        },
        {
            "time": "11.11.2020 13:36",
            "open": "4.382",
            "high": "4.382",
            "low": "4.382",
            "close": "4.386"
        },
        {
            "time": "11.11.2020 13:37",
            "open": "4.386",
            "high": "4.386",
            "low": "4.386",
            "close": "4.385"
        },
        {
            "time": "11.11.2020 13:38",
            "open": "4.385",
            "high": "4.385",
            "low": "4.385",
            "close": "4.386"
        },
        {
            "time": "11.11.2020 13:42",
            "open": "4.386",
            "high": "4.386",
            "low": "4.386",
            "close": "4.386"
        },
        {
            "time": "11.11.2020 13:46",
            "open": "4.386",
            "high": "4.386",
            "low": "4.386",
            "close": "4.382"
        },
        {
            "time": "11.11.2020 13:54",
            "open": "4.382",
            "high": "4.382",
            "low": "4.382",
            "close": "4.382"
        },
        {
            "time": "11.11.2020 13:57",
            "open": "4.382",
            "high": "4.383",
            "low": "4.382",
            "close": "4.381"
        },
        {
            "time": "11.11.2020 13:58",
            "open": "4.381",
            "high": "4.381",
            "low": "4.381",
            "close": "4.382"
        },
        {
            "time": "11.11.2020 14:03",
            "open": "4.382",
            "high": "4.382",
            "low": "4.382",
            "close": "4.381"
        },
        {
            "time": "11.11.2020 14:05",
            "open": "4.381",
            "high": "4.381",
            "low": "4.367",
            "close": "4.38"
        },
        {
            "time": "11.11.2020 14:07",
            "open": "4.38",
            "high": "4.381",
            "low": "4.38",
            "close": "4.377"
        },
        {
            "time": "11.11.2020 14:21",
            "open": "4.377",
            "high": "4.377",
            "low": "4.377",
            "close": "4.367"
        },
        {
            "time": "11.11.2020 14:23",
            "open": "4.367",
            "high": "4.388",
            "low": "4.353",
            "close": "4.372"
        },
        {
            "time": "11.11.2020 14:24",
            "open": "4.372",
            "high": "4.372",
            "low": "4.368",
            "close": "4.377"
        },
        {
            "time": "11.11.2020 14:27",
            "open": "4.377",
            "high": "4.377",
            "low": "4.377",
            "close": "4.371"
        },
        {
            "time": "11.11.2020 14:29",
            "open": "4.371",
            "high": "4.371",
            "low": "4.371",
            "close": "4.38"
        },
        {
            "time": "11.11.2020 14:30",
            "open": "4.38",
            "high": "4.38",
            "low": "4.38",
            "close": "4.38"
        },
        {
            "time": "11.11.2020 14:34",
            "open": "4.38",
            "high": "4.38",
            "low": "4.38",
            "close": "4.374"
        },
        {
            "time": "11.11.2020 14:36",
            "open": "4.374",
            "high": "4.374",
            "low": "4.374",
            "close": "4.368"
        },
        {
            "time": "11.11.2020 14:37",
            "open": "4.368",
            "high": "4.368",
            "low": "4.368",
            "close": "4.378"
        },
        {
            "time": "11.11.2020 14:38",
            "open": "4.378",
            "high": "4.378",
            "low": "4.37",
            "close": "4.38"
        },
        {
            "time": "11.11.2020 14:44",
            "open": "4.38",
            "high": "4.384",
            "low": "4.38",
            "close": "4.377"
        },
        {
            "time": "11.11.2020 14:46",
            "open": "4.377",
            "high": "4.378",
            "low": "4.356",
            "close": "4.361"
        },
        {
            "time": "11.11.2020 14:47",
            "open": "4.361",
            "high": "4.361",
            "low": "4.361",
            "close": "4.355"
        },
        {
            "time": "11.11.2020 14:48",
            "open": "4.355",
            "high": "4.355",
            "low": "4.355",
            "close": "4.36"
        },
        {
            "time": "11.11.2020 14:53",
            "open": "4.36",
            "high": "4.36",
            "low": "4.36",
            "close": "4.375"
        },
        {
            "time": "11.11.2020 14:54",
            "open": "4.375",
            "high": "4.375",
            "low": "4.362",
            "close": "4.366"
        },
        {
            "time": "11.11.2020 14:56",
            "open": "4.366",
            "high": "4.369",
            "low": "4.365",
            "close": "4.366"
        },
        {
            "time": "11.11.2020 14:57",
            "open": "4.366",
            "high": "4.366",
            "low": "4.366",
            "close": "4.364"
        },
        {
            "time": "11.11.2020 14:58",
            "open": "4.364",
            "high": "4.364",
            "low": "4.364",
            "close": "4.374"
        },
        {
            "time": "11.11.2020 15:04",
            "open": "4.374",
            "high": "4.374",
            "low": "4.364",
            "close": "4.368"
        },
        {
            "time": "11.11.2020 15:05",
            "open": "4.368",
            "high": "4.382",
            "low": "4.368",
            "close": "4.364"
        },
        {
            "time": "11.11.2020 15:09",
            "open": "4.364",
            "high": "4.367",
            "low": "4.364",
            "close": "4.376"
        },
        {
            "time": "11.11.2020 15:10",
            "open": "4.376",
            "high": "4.39",
            "low": "4.376",
            "close": "4.379"
        },
        {
            "time": "11.11.2020 15:15",
            "open": "4.379",
            "high": "4.386",
            "low": "4.379",
            "close": "4.384"
        },
        {
            "time": "11.11.2020 15:17",
            "open": "4.384",
            "high": "4.386",
            "low": "4.384",
            "close": "4.376"
        },
        {
            "time": "11.11.2020 15:20",
            "open": "4.376",
            "high": "4.376",
            "low": "4.376",
            "close": "4.377"
        },
        {
            "time": "11.11.2020 15:21",
            "open": "4.377",
            "high": "4.377",
            "low": "4.377",
            "close": "4.381"
        },
        {
            "time": "11.11.2020 15:25",
            "open": "4.381",
            "high": "4.381",
            "low": "4.381",
            "close": "4.384"
        },
        {
            "time": "11.11.2020 15:26",
            "open": "4.384",
            "high": "4.384",
            "low": "4.384",
            "close": "4.379"
        },
        {
            "time": "11.11.2020 15:27",
            "open": "4.379",
            "high": "4.382",
            "low": "4.374",
            "close": "4.372"
        },
        {
            "time": "11.11.2020 15:28",
            "open": "4.372",
            "high": "4.372",
            "low": "4.372",
            "close": "4.37"
        },
        {
            "time": "11.11.2020 15:29",
            "open": "4.37",
            "high": "4.37",
            "low": "4.362",
            "close": "4.367"
        },
        {
            "time": "11.11.2020 15:30",
            "open": "4.367",
            "high": "4.367",
            "low": "4.363",
            "close": "4.367"
        },
        {
            "time": "11.11.2020 15:35",
            "open": "4.367",
            "high": "4.367",
            "low": "4.367",
            "close": "4.366"
        },
        {
            "time": "11.11.2020 15:41",
            "open": "4.366",
            "high": "4.367",
            "low": "4.366",
            "close": "4.367"
        },
        {
            "time": "11.11.2020 15:42",
            "open": "4.367",
            "high": "4.377",
            "low": "4.367",
            "close": "4.376"
        },
        {
            "time": "11.11.2020 15:43",
            "open": "4.376",
            "high": "4.376",
            "low": "4.364",
            "close": "4.367"
        },
        {
            "time": "11.11.2020 15:44",
            "open": "4.367",
            "high": "4.375",
            "low": "4.367",
            "close": "4.369"
        },
        {
            "time": "11.11.2020 15:45",
            "open": "4.369",
            "high": "4.369",
            "low": "4.369",
            "close": "4.382"
        },
        {
            "time": "11.11.2020 15:46",
            "open": "4.382",
            "high": "4.382",
            "low": "4.378",
            "close": "4.383"
        },
        {
            "time": "11.11.2020 15:48",
            "open": "4.383",
            "high": "4.384",
            "low": "4.383",
            "close": "4.386"
        },
        {
            "time": "11.11.2020 15:49",
            "open": "4.386",
            "high": "4.386",
            "low": "4.386",
            "close": "4.386"
        },
        {
            "time": "11.11.2020 15:50",
            "open": "4.386",
            "high": "4.386",
            "low": "4.386",
            "close": "4.384"
        },
        {
            "time": "11.11.2020 15:55",
            "open": "4.384",
            "high": "4.384",
            "low": "4.383",
            "close": "4.382"
        },
        {
            "time": "11.11.2020 16:00",
            "open": "4.382",
            "high": "4.382",
            "low": "4.382",
            "close": "4.378"
        },
        {
            "time": "11.11.2020 16:01",
            "open": "4.378",
            "high": "4.378",
            "low": "4.378",
            "close": "4.368"
        },
        {
            "time": "11.11.2020 16:02",
            "open": "4.368",
            "high": "4.371",
            "low": "4.368",
            "close": "4.367"
        },
        {
            "time": "11.11.2020 16:08",
            "open": "4.367",
            "high": "4.372",
            "low": "4.367",
            "close": "4.368"
        },
        {
            "time": "11.11.2020 16:09",
            "open": "4.368",
            "high": "4.368",
            "low": "4.368",
            "close": "4.366"
        },
        {
            "time": "11.11.2020 16:10",
            "open": "4.366",
            "high": "4.366",
            "low": "4.366",
            "close": "4.373"
        },
        {
            "time": "11.11.2020 16:11",
            "open": "4.373",
            "high": "4.373",
            "low": "4.373",
            "close": "4.381"
        },
        {
            "time": "11.11.2020 16:21",
            "open": "4.381",
            "high": "4.381",
            "low": "4.381",
            "close": "4.386"
        },
        {
            "time": "11.11.2020 16:22",
            "open": "4.386",
            "high": "4.39",
            "low": "4.386",
            "close": "4.39"
        },
        {
            "time": "11.11.2020 16:23",
            "open": "4.39",
            "high": "4.43",
            "low": "4.39",
            "close": "4.43"
        },
        {
            "time": "11.11.2020 16:24",
            "open": "4.43",
            "high": "4.452",
            "low": "4.426",
            "close": "4.453"
        },
        {
            "time": "11.11.2020 16:25",
            "open": "4.453",
            "high": "4.47",
            "low": "4.453",
            "close": "4.468"
        },
        {
            "time": "11.11.2020 16:26",
            "open": "4.468",
            "high": "4.469",
            "low": "4.461",
            "close": "4.465"
        },
        {
            "time": "11.11.2020 16:27",
            "open": "4.465",
            "high": "4.469",
            "low": "4.464",
            "close": "4.469"
        },
        {
            "time": "11.11.2020 16:28",
            "open": "4.469",
            "high": "4.47",
            "low": "4.465",
            "close": "4.463"
        },
        {
            "time": "11.11.2020 16:29",
            "open": "4.463",
            "high": "4.463",
            "low": "4.463",
            "close": "4.462"
        },
        {
            "time": "11.11.2020 16:32",
            "open": "4.462",
            "high": "4.463",
            "low": "4.462",
            "close": "4.461"
        },
        {
            "time": "11.11.2020 16:34",
            "open": "4.461",
            "high": "4.463",
            "low": "4.457",
            "close": "4.467"
        },
        {
            "time": "11.11.2020 16:35",
            "open": "4.467",
            "high": "4.467",
            "low": "4.464",
            "close": "4.459"
        },
        {
            "time": "11.11.2020 16:36",
            "open": "4.459",
            "high": "4.46",
            "low": "4.453",
            "close": "4.464"
        },
        {
            "time": "11.11.2020 16:37",
            "open": "4.464",
            "high": "4.471",
            "low": "4.464",
            "close": "4.463"
        },
        {
            "time": "11.11.2020 16:39",
            "open": "4.463",
            "high": "4.463",
            "low": "4.463",
            "close": "4.443"
        },
        {
            "time": "11.11.2020 16:48",
            "open": "4.443",
            "high": "4.443",
            "low": "4.439",
            "close": "4.46"
        },
        {
            "time": "11.11.2020 16:55",
            "open": "4.46",
            "high": "4.46",
            "low": "4.46",
            "close": "4.454"
        },
        {
            "time": "11.11.2020 16:58",
            "open": "4.454",
            "high": "4.454",
            "low": "4.453",
            "close": "4.468"
        },
        {
            "time": "11.11.2020 17:05",
            "open": "4.468",
            "high": "4.47",
            "low": "4.468",
            "close": "4.472"
        },
        {
            "time": "11.11.2020 17:06",
            "open": "4.472",
            "high": "4.479",
            "low": "4.472",
            "close": "4.479"
        },
        {
            "time": "11.11.2020 17:07",
            "open": "4.479",
            "high": "4.486",
            "low": "4.471",
            "close": "4.485"
        },
        {
            "time": "11.11.2020 17:08",
            "open": "4.485",
            "high": "4.488",
            "low": "4.473",
            "close": "4.483"
        },
        {
            "time": "11.11.2020 17:09",
            "open": "4.483",
            "high": "4.486",
            "low": "4.483",
            "close": "4.48"
        },
        {
            "time": "11.11.2020 17:10",
            "open": "4.48",
            "high": "4.48",
            "low": "4.405",
            "close": "4.448"
        },
        {
            "time": "11.11.2020 17:12",
            "open": "4.448",
            "high": "4.448",
            "low": "4.448",
            "close": "4.451"
        },
        {
            "time": "11.11.2020 17:14",
            "open": "4.451",
            "high": "4.451",
            "low": "4.451",
            "close": "4.453"
        },
        {
            "time": "11.11.2020 17:16",
            "open": "4.453",
            "high": "4.453",
            "low": "4.453",
            "close": "4.45"
        },
        {
            "time": "11.11.2020 17:17",
            "open": "4.45",
            "high": "4.45",
            "low": "4.42",
            "close": "4.467"
        },
        {
            "time": "11.11.2020 17:18",
            "open": "4.467",
            "high": "4.467",
            "low": "4.467",
            "close": "4.475"
        },
        {
            "time": "11.11.2020 17:19",
            "open": "4.475",
            "high": "4.487",
            "low": "4.475",
            "close": "4.471"
        },
        {
            "time": "11.11.2020 17:20",
            "open": "4.471",
            "high": "4.471",
            "low": "4.471",
            "close": "4.482"
        },
        {
            "time": "11.11.2020 17:21",
            "open": "4.482",
            "high": "4.482",
            "low": "4.471",
            "close": "4.474"
        },
        {
            "time": "11.11.2020 17:23",
            "open": "4.474",
            "high": "4.474",
            "low": "4.472",
            "close": "4.473"
        },
        {
            "time": "11.11.2020 17:25",
            "open": "4.473",
            "high": "4.473",
            "low": "4.473",
            "close": "4.473"
        },
        {
            "time": "11.11.2020 17:26",
            "open": "4.473",
            "high": "4.473",
            "low": "4.473",
            "close": "4.474"
        },
        {
            "time": "11.11.2020 17:27",
            "open": "4.474",
            "high": "4.48",
            "low": "4.474",
            "close": "4.48"
        },
        {
            "time": "11.11.2020 17:28",
            "open": "4.48",
            "high": "4.483",
            "low": "4.48",
            "close": "4.481"
        },
        {
            "time": "11.11.2020 17:29",
            "open": "4.481",
            "high": "4.481",
            "low": "4.479",
            "close": "4.471"
        },
        {
            "time": "11.11.2020 17:31",
            "open": "4.471",
            "high": "4.471",
            "low": "4.463",
            "close": "4.457"
        },
        {
            "time": "11.11.2020 17:41",
            "open": "4.457",
            "high": "4.457",
            "low": "4.409",
            "close": "4.453"
        },
        {
            "time": "11.11.2020 17:44",
            "open": "4.453",
            "high": "4.453",
            "low": "4.453",
            "close": "4.45"
        },
        {
            "time": "11.11.2020 17:52",
            "open": "4.45",
            "high": "4.45",
            "low": "4.448",
            "close": "4.442"
        },
        {
            "time": "11.11.2020 17:53",
            "open": "4.442",
            "high": "4.447",
            "low": "4.442",
            "close": "4.446"
        },
        {
            "time": "11.11.2020 17:54",
            "open": "4.446",
            "high": "4.488",
            "low": "4.445",
            "close": "4.473"
        },
        {
            "time": "11.11.2020 17:55",
            "open": "4.473",
            "high": "4.486",
            "low": "4.473",
            "close": "4.468"
        },
        {
            "time": "11.11.2020 17:58",
            "open": "4.468",
            "high": "4.468",
            "low": "4.468",
            "close": "4.476"
        },
        {
            "time": "11.11.2020 18:03",
            "open": "4.476",
            "high": "4.476",
            "low": "4.476",
            "close": "4.475"
        },
        {
            "time": "11.11.2020 18:08",
            "open": "4.475",
            "high": "4.475",
            "low": "4.475",
            "close": "4.483"
        },
        {
            "time": "11.11.2020 18:10",
            "open": "4.483",
            "high": "4.487",
            "low": "4.483",
            "close": "4.478"
        },
        {
            "time": "11.11.2020 18:11",
            "open": "4.478",
            "high": "4.478",
            "low": "4.478",
            "close": "4.486"
        },
        {
            "time": "11.11.2020 18:12",
            "open": "4.486",
            "high": "4.486",
            "low": "4.486",
            "close": "4.486"
        },
        {
            "time": "11.11.2020 18:13",
            "open": "4.486",
            "high": "4.486",
            "low": "4.486",
            "close": "4.486"
        },
        {
            "time": "11.11.2020 18:15",
            "open": "4.486",
            "high": "4.486",
            "low": "4.486",
            "close": "4.466"
        },
        {
            "time": "11.11.2020 18:24",
            "open": "4.466",
            "high": "4.466",
            "low": "4.466",
            "close": "4.468"
        },
        {
            "time": "11.11.2020 18:30",
            "open": "4.468",
            "high": "4.468",
            "low": "4.468",
            "close": "4.461"
        },
        {
            "time": "11.11.2020 18:33",
            "open": "4.461",
            "high": "4.461",
            "low": "4.461",
            "close": "4.458"
        },
        {
            "time": "11.11.2020 18:34",
            "open": "4.458",
            "high": "4.458",
            "low": "4.458",
            "close": "4.458"
        },
        {
            "time": "11.11.2020 18:35",
            "open": "4.458",
            "high": "4.458",
            "low": "4.457",
            "close": "4.477"
        },
        {
            "time": "11.11.2020 18:36",
            "open": "4.477",
            "high": "4.477",
            "low": "4.456",
            "close": "4.457"
        },
        {
            "time": "11.11.2020 18:37",
            "open": "4.457",
            "high": "4.458",
            "low": "4.457",
            "close": "4.466"
        },
        {
            "time": "11.11.2020 18:38",
            "open": "4.466",
            "high": "4.466",
            "low": "4.457",
            "close": "4.473"
        },
        {
            "time": "11.11.2020 18:39",
            "open": "4.473",
            "high": "4.484",
            "low": "4.473",
            "close": "4.466"
        },
        {
            "time": "11.11.2020 18:41",
            "open": "4.466",
            "high": "4.466",
            "low": "4.466",
            "close": "4.457"
        },
        {
            "time": "11.11.2020 18:42",
            "open": "4.457",
            "high": "4.457",
            "low": "4.457",
            "close": "4.447"
        },
        {
            "time": "11.11.2020 18:47",
            "open": "4.447",
            "high": "4.461",
            "low": "4.447",
            "close": "4.462"
        },
        {
            "time": "11.11.2020 18:48",
            "open": "4.462",
            "high": "4.464",
            "low": "4.462",
            "close": "4.464"
        },
        {
            "time": "11.11.2020 18:49",
            "open": "4.464",
            "high": "4.464",
            "low": "4.464",
            "close": "4.463"
        },
        {
            "time": "11.11.2020 18:51",
            "open": "4.463",
            "high": "4.463",
            "low": "4.463",
            "close": "4.463"
        },
        {
            "time": "11.11.2020 18:53",
            "open": "4.463",
            "high": "4.463",
            "low": "4.463",
            "close": "4.463"
        },
        {
            "time": "11.11.2020 18:55",
            "open": "4.463",
            "high": "4.463",
            "low": "4.463",
            "close": "4.448"
        },
        {
            "time": "11.11.2020 18:56",
            "open": "4.448",
            "high": "4.448",
            "low": "4.404",
            "close": "4.414"
        },
        {
            "time": "11.11.2020 18:57",
            "open": "4.414",
            "high": "4.414",
            "low": "4.413",
            "close": "4.436"
        },
        {
            "time": "11.11.2020 18:59",
            "open": "4.436",
            "high": "4.46",
            "low": "4.436",
            "close": "4.451"
        },
        {
            "time": "11.11.2020 19:00",
            "open": "4.451",
            "high": "4.454",
            "low": "4.447",
            "close": "4.454"
        },
        {
            "time": "11.11.2020 19:02",
            "open": "4.454",
            "high": "4.455",
            "low": "4.454",
            "close": "4.455"
        },
        {
            "time": "11.11.2020 19:03",
            "open": "4.455",
            "high": "4.455",
            "low": "4.453",
            "close": "4.454"
        },
        {
            "time": "11.11.2020 19:08",
            "open": "4.454",
            "high": "4.454",
            "low": "4.454",
            "close": "4.459"
        },
        {
            "time": "11.11.2020 19:09",
            "open": "4.459",
            "high": "4.464",
            "low": "4.459",
            "close": "4.46"
        },
        {
            "time": "11.11.2020 19:14",
            "open": "4.46",
            "high": "4.46",
            "low": "4.431",
            "close": "4.458"
        },
        {
            "time": "11.11.2020 19:15",
            "open": "4.458",
            "high": "4.458",
            "low": "4.458",
            "close": "4.452"
        },
        {
            "time": "11.11.2020 19:16",
            "open": "4.452",
            "high": "4.462",
            "low": "4.447",
            "close": "4.446"
        },
        {
            "time": "11.11.2020 19:18",
            "open": "4.446",
            "high": "4.464",
            "low": "4.446",
            "close": "4.464"
        },
        {
            "time": "11.11.2020 19:19",
            "open": "4.464",
            "high": "4.464",
            "low": "4.463",
            "close": "4.427"
        },
        {
            "time": "11.11.2020 19:20",
            "open": "4.427",
            "high": "4.427",
            "low": "4.405",
            "close": "4.46"
        },
        {
            "time": "11.11.2020 19:21",
            "open": "4.46",
            "high": "4.464",
            "low": "4.46",
            "close": "4.463"
        },
        {
            "time": "11.11.2020 19:22",
            "open": "4.463",
            "high": "4.464",
            "low": "4.463",
            "close": "4.464"
        },
        {
            "time": "11.11.2020 19:23",
            "open": "4.464",
            "high": "4.464",
            "low": "4.464",
            "close": "4.464"
        },
        {
            "time": "11.11.2020 19:24",
            "open": "4.464",
            "high": "4.464",
            "low": "4.464",
            "close": "4.464"
        },
        {
            "time": "11.11.2020 19:25",
            "open": "4.464",
            "high": "4.464",
            "low": "4.464",
            "close": "4.463"
        },
        {
            "time": "11.11.2020 19:26",
            "open": "4.463",
            "high": "4.464",
            "low": "4.463",
            "close": "4.464"
        },
        {
            "time": "11.11.2020 19:27",
            "open": "4.464",
            "high": "4.464",
            "low": "4.464",
            "close": "4.464"
        },
        {
            "time": "11.11.2020 19:32",
            "open": "4.464",
            "high": "4.466",
            "low": "4.464",
            "close": "4.479"
        },
        {
            "time": "11.11.2020 19:34",
            "open": "4.479",
            "high": "4.479",
            "low": "4.475",
            "close": "4.449"
        },
        {
            "time": "11.11.2020 19:35",
            "open": "4.449",
            "high": "4.45",
            "low": "4.442",
            "close": "4.44"
        },
        {
            "time": "11.11.2020 19:36",
            "open": "4.44",
            "high": "4.444",
            "low": "4.439",
            "close": "4.444"
        },
        {
            "time": "11.11.2020 19:37",
            "open": "4.444",
            "high": "4.445",
            "low": "4.443",
            "close": "4.442"
        },
        {
            "time": "11.11.2020 19:38",
            "open": "4.442",
            "high": "4.459",
            "low": "4.442",
            "close": "4.449"
        },
        {
            "time": "11.11.2020 19:41",
            "open": "4.449",
            "high": "4.449",
            "low": "4.449",
            "close": "4.456"
        },
        {
            "time": "11.11.2020 19:43",
            "open": "4.456",
            "high": "4.456",
            "low": "4.445",
            "close": "4.455"
        },
        {
            "time": "11.11.2020 19:49",
            "open": "4.455",
            "high": "4.456",
            "low": "4.455",
            "close": "4.447"
        },
        {
            "time": "11.11.2020 19:51",
            "open": "4.447",
            "high": "4.447",
            "low": "4.446",
            "close": "4.436"
        },
        {
            "time": "11.11.2020 19:53",
            "open": "4.436",
            "high": "4.436",
            "low": "4.436",
            "close": "4.435"
        },
        {
            "time": "11.11.2020 19:56",
            "open": "4.435",
            "high": "4.435",
            "low": "4.431",
            "close": "4.433"
        },
        {
            "time": "11.11.2020 19:57",
            "open": "4.433",
            "high": "4.433",
            "low": "4.433",
            "close": "4.432"
        },
        {
            "time": "11.11.2020 19:58",
            "open": "4.432",
            "high": "4.432",
            "low": "4.432",
            "close": "4.432"
        },
        {
            "time": "11.11.2020 19:59",
            "open": "4.432",
            "high": "4.434",
            "low": "4.432",
            "close": "4.432"
        },
        {
            "time": "11.11.2020 20:01",
            "open": "4.432",
            "high": "4.433",
            "low": "4.432",
            "close": "4.449"
        },
        {
            "time": "11.11.2020 20:02",
            "open": "4.449",
            "high": "4.449",
            "low": "4.449",
            "close": "4.463"
        },
        {
            "time": "11.11.2020 20:07",
            "open": "4.463",
            "high": "4.463",
            "low": "4.463",
            "close": "4.468"
        },
        {
            "time": "11.11.2020 20:08",
            "open": "4.468",
            "high": "4.468",
            "low": "4.468",
            "close": "4.469"
        },
        {
            "time": "11.11.2020 20:09",
            "open": "4.469",
            "high": "4.481",
            "low": "4.469",
            "close": "4.482"
        },
        {
            "time": "11.11.2020 20:11",
            "open": "4.482",
            "high": "4.482",
            "low": "4.482",
            "close": "4.483"
        },
        {
            "time": "11.11.2020 20:12",
            "open": "4.483",
            "high": "4.488",
            "low": "4.483",
            "close": "4.47"
        },
        {
            "time": "11.11.2020 20:15",
            "open": "4.47",
            "high": "4.47",
            "low": "4.47",
            "close": "4.48"
        },
        {
            "time": "11.11.2020 20:21",
            "open": "4.48",
            "high": "4.49",
            "low": "4.48",
            "close": "4.485"
        },
        {
            "time": "11.11.2020 20:22",
            "open": "4.485",
            "high": "4.485",
            "low": "4.485",
            "close": "4.486"
        },
        {
            "time": "11.11.2020 20:23",
            "open": "4.486",
            "high": "4.487",
            "low": "4.486",
            "close": "4.485"
        },
        {
            "time": "11.11.2020 20:24",
            "open": "4.485",
            "high": "4.485",
            "low": "4.485",
            "close": "4.481"
        },
        {
            "time": "11.11.2020 20:25",
            "open": "4.481",
            "high": "4.481",
            "low": "4.472",
            "close": "4.47"
        },
        {
            "time": "11.11.2020 20:26",
            "open": "4.47",
            "high": "4.47",
            "low": "4.456",
            "close": "4.461"
        },
        {
            "time": "11.11.2020 20:27",
            "open": "4.461",
            "high": "4.461",
            "low": "4.461",
            "close": "4.449"
        },
        {
            "time": "11.11.2020 20:29",
            "open": "4.449",
            "high": "4.451",
            "low": "4.449",
            "close": "4.448"
        },
        {
            "time": "11.11.2020 20:30",
            "open": "4.448",
            "high": "4.448",
            "low": "4.448",
            "close": "4.471"
        },
        {
            "time": "11.11.2020 20:31",
            "open": "4.471",
            "high": "4.49",
            "low": "4.471",
            "close": "4.487"
        },
        {
            "time": "11.11.2020 20:34",
            "open": "4.487",
            "high": "4.487",
            "low": "4.487",
            "close": "4.467"
        },
        {
            "time": "11.11.2020 20:37",
            "open": "4.467",
            "high": "4.467",
            "low": "4.467",
            "close": "4.464"
        },
        {
            "time": "11.11.2020 20:41",
            "open": "4.464",
            "high": "4.464",
            "low": "4.463",
            "close": "4.47"
        },
        {
            "time": "11.11.2020 20:42",
            "open": "4.47",
            "high": "4.47",
            "low": "4.47",
            "close": "4.466"
        },
        {
            "time": "11.11.2020 20:56",
            "open": "4.466",
            "high": "4.466",
            "low": "4.449",
            "close": "4.453"
        },
        {
            "time": "11.11.2020 20:59",
            "open": "4.453",
            "high": "4.453",
            "low": "4.453",
            "close": "4.444"
        },
        {
            "time": "11.11.2020 21:02",
            "open": "4.444",
            "high": "4.444",
            "low": "4.444",
            "close": "4.47"
        },
        {
            "time": "11.11.2020 21:03",
            "open": "4.47",
            "high": "4.47",
            "low": "4.47",
            "close": "4.446"
        },
        {
            "time": "11.11.2020 21:04",
            "open": "4.446",
            "high": "4.447",
            "low": "4.446",
            "close": "4.446"
        },
        {
            "time": "11.11.2020 21:07",
            "open": "4.446",
            "high": "4.446",
            "low": "4.439",
            "close": "4.451"
        },
        {
            "time": "11.11.2020 21:08",
            "open": "4.451",
            "high": "4.451",
            "low": "4.437",
            "close": "4.438"
        },
        {
            "time": "11.11.2020 21:09",
            "open": "4.438",
            "high": "4.438",
            "low": "4.438",
            "close": "4.457"
        },
        {
            "time": "11.11.2020 21:11",
            "open": "4.457",
            "high": "4.464",
            "low": "4.457",
            "close": "4.452"
        },
        {
            "time": "11.11.2020 21:12",
            "open": "4.452",
            "high": "4.452",
            "low": "4.452",
            "close": "4.444"
        },
        {
            "time": "11.11.2020 21:17",
            "open": "4.408",
            "high": "4.408",
            "low": "4.408",
            "close": "4.45"
        },
        {
            "time": "11.11.2020 21:21",
            "open": "4.45",
            "high": "4.45",
            "low": "4.45",
            "close": "4.441"
        },
        {
            "time": "11.11.2020 21:22",
            "open": "4.441",
            "high": "4.441",
            "low": "4.441",
            "close": "4.437"
        },
        {
            "time": "11.11.2020 21:24",
            "open": "4.437",
            "high": "4.437",
            "low": "4.437",
            "close": "4.424"
        },
        {
            "time": "11.11.2020 21:29",
            "open": "4.424",
            "high": "4.424",
            "low": "4.421",
            "close": "4.42"
        },
        {
            "time": "11.11.2020 21:30",
            "open": "4.42",
            "high": "4.445",
            "low": "4.42",
            "close": "4.433"
        },
        {
            "time": "11.11.2020 21:31",
            "open": "4.433",
            "high": "4.433",
            "low": "4.433",
            "close": "4.442"
        },
        {
            "time": "11.11.2020 21:33",
            "open": "4.442",
            "high": "4.442",
            "low": "4.442",
            "close": "4.434"
        },
        {
            "time": "11.11.2020 21:37",
            "open": "4.434",
            "high": "4.434",
            "low": "4.434",
            "close": "4.431"
        },
        {
            "time": "11.11.2020 21:38",
            "open": "4.431",
            "high": "4.431",
            "low": "4.431",
            "close": "4.439"
        },
        {
            "time": "11.11.2020 21:40",
            "open": "4.439",
            "high": "4.441",
            "low": "4.434",
            "close": "4.431"
        },
        {
            "time": "11.11.2020 21:47",
            "open": "4.431",
            "high": "4.431",
            "low": "4.43",
            "close": "4.45"
        },
        {
            "time": "11.11.2020 21:49",
            "open": "4.45",
            "high": "4.451",
            "low": "4.45",
            "close": "4.444"
        },
        {
            "time": "11.11.2020 21:51",
            "open": "4.449",
            "high": "4.449",
            "low": "4.449",
            "close": "4.438"
        },
        {
            "time": "11.11.2020 21:58",
            "open": "4.438",
            "high": "4.438",
            "low": "4.438",
            "close": "4.449"
        },
        {
            "time": "11.11.2020 21:59",
            "open": "4.449",
            "high": "4.449",
            "low": "4.449",
            "close": "4.438"
        },
        {
            "time": "11.11.2020 22:09",
            "open": "4.438",
            "high": "4.439",
            "low": "4.438",
            "close": "4.439"
        },
        {
            "time": "11.11.2020 22:13",
            "open": "4.439",
            "high": "4.439",
            "low": "4.439",
            "close": "4.439"
        },
        {
            "time": "11.11.2020 22:15",
            "open": "4.439",
            "high": "4.439",
            "low": "4.439",
            "close": "4.443"
        },
        {
            "time": "11.11.2020 22:16",
            "open": "4.443",
            "high": "4.443",
            "low": "4.443",
            "close": "4.449"
        },
        {
            "time": "11.11.2020 22:24",
            "open": "4.449",
            "high": "4.449",
            "low": "4.449",
            "close": "4.442"
        },
        {
            "time": "11.11.2020 22:30",
            "open": "4.442",
            "high": "4.442",
            "low": "4.417",
            "close": "4.439"
        },
        {
            "time": "11.11.2020 22:40",
            "open": "4.439",
            "high": "4.439",
            "low": "4.439",
            "close": "4.443"
        },
        {
            "time": "11.11.2020 22:43",
            "open": "4.443",
            "high": "4.443",
            "low": "4.443",
            "close": "4.43"
        },
        {
            "time": "11.11.2020 22:48",
            "open": "4.43",
            "high": "4.43",
            "low": "4.43",
            "close": "4.428"
        },
        {
            "time": "11.11.2020 22:50",
            "open": "4.428",
            "high": "4.428",
            "low": "4.428",
            "close": "4.431"
        },
        {
            "time": "11.11.2020 22:53",
            "open": "4.431",
            "high": "4.433",
            "low": "4.431",
            "close": "4.44"
        },
        {
            "time": "11.11.2020 22:57",
            "open": "4.44",
            "high": "4.44",
            "low": "4.44",
            "close": "4.444"
        },
        {
            "time": "11.11.2020 22:59",
            "open": "4.444",
            "high": "4.466",
            "low": "4.444",
            "close": "4.44"
        },
        {
            "time": "11.11.2020 23:00",
            "open": "4.44",
            "high": "4.44",
            "low": "4.407",
            "close": "4.444"
        },
        {
            "time": "11.11.2020 23:05",
            "open": "4.444",
            "high": "4.444",
            "low": "4.444",
            "close": "4.467"
        },
        {
            "time": "11.11.2020 23:11",
            "open": "4.467",
            "high": "4.468",
            "low": "4.463",
            "close": "4.44"
        },
        {
            "time": "11.11.2020 23:27",
            "open": "4.44",
            "high": "4.44",
            "low": "4.44",
            "close": "4.441"
        },
        {
            "time": "11.11.2020 23:28",
            "open": "4.441",
            "high": "4.441",
            "low": "4.441",
            "close": "4.42"
        },
        {
            "time": "11.11.2020 23:31",
            "open": "4.42",
            "high": "4.42",
            "low": "4.42",
            "close": "4.438"
        },
        {
            "time": "11.11.2020 23:36",
            "open": "4.438",
            "high": "4.438",
            "low": "4.421",
            "close": "4.431"
        },
        {
            "time": "11.11.2020 23:37",
            "open": "4.431",
            "high": "4.431",
            "low": "4.426",
            "close": "4.429"
        },
        {
            "time": "11.11.2020 23:41",
            "open": "4.429",
            "high": "4.462",
            "low": "4.429",
            "close": "4.427"
        },
        {
            "time": "11.11.2020 23:47",
            "open": "4.427",
            "high": "4.427",
            "low": "4.427",
            "close": "4.432"
        },
        {
            "time": "11.11.2020 23:55",
            "open": "4.432",
            "high": "4.432",
            "low": "4.432",
            "close": "4.44"
        },
        {
            "time": "11.11.2020 23:56",
            "open": "4.44",
            "high": "4.44",
            "low": "4.44",
            "close": "4.433"
        }
    ]
}