{
    "ETC-EUR": [
        {
            "time": "09.12.2020 23:58",
            "open": "5.062",
            "high": "5.062",
            "low": "5.062",
            "close": "5.063"
        },
        {
            "time": "10.12.2020 00:07",
            "open": "5.063",
            "high": "5.063",
            "low": "5.063",
            "close": "5.061"
        },
        {
            "time": "10.12.2020 00:11",
            "open": "5.061",
            "high": "5.062",
            "low": "5.061",
            "close": "5.065"
        },
        {
            "time": "10.12.2020 00:14",
            "open": "5.065",
            "high": "5.065",
            "low": "5.065",
            "close": "5.06"
        },
        {
            "time": "10.12.2020 00:20",
            "open": "5.06",
            "high": "5.06",
            "low": "5.056",
            "close": "5.068"
        },
        {
            "time": "10.12.2020 00:21",
            "open": "5.068",
            "high": "5.068",
            "low": "5.068",
            "close": "5.063"
        },
        {
            "time": "10.12.2020 00:27",
            "open": "5.063",
            "high": "5.063",
            "low": "5.063",
            "close": "5.062"
        },
        {
            "time": "10.12.2020 00:29",
            "open": "5.062",
            "high": "5.062",
            "low": "5.051",
            "close": "5.055"
        },
        {
            "time": "10.12.2020 00:34",
            "open": "5.055",
            "high": "5.055",
            "low": "5.055",
            "close": "5.055"
        },
        {
            "time": "10.12.2020 00:35",
            "open": "5.055",
            "high": "5.055",
            "low": "5.055",
            "close": "5.045"
        },
        {
            "time": "10.12.2020 00:40",
            "open": "5.045",
            "high": "5.045",
            "low": "5.045",
            "close": "5.046"
        },
        {
            "time": "10.12.2020 00:42",
            "open": "5.046",
            "high": "5.046",
            "low": "5.046",
            "close": "5.048"
        },
        {
            "time": "10.12.2020 00:44",
            "open": "5.048",
            "high": "5.048",
            "low": "5.048",
            "close": "5.047"
        },
        {
            "time": "10.12.2020 00:45",
            "open": "5.047",
            "high": "5.047",
            "low": "5.047",
            "close": "5.043"
        },
        {
            "time": "10.12.2020 00:46",
            "open": "5.043",
            "high": "5.043",
            "low": "5.04",
            "close": "5.045"
        },
        {
            "time": "10.12.2020 00:47",
            "open": "5.045",
            "high": "5.045",
            "low": "5.045",
            "close": "5.045"
        },
        {
            "time": "10.12.2020 00:50",
            "open": "5.045",
            "high": "5.045",
            "low": "5.045",
            "close": "5.046"
        },
        {
            "time": "10.12.2020 00:56",
            "open": "5.046",
            "high": "5.046",
            "low": "5.046",
            "close": "5.036"
        },
        {
            "time": "10.12.2020 01:01",
            "open": "5.036",
            "high": "5.036",
            "low": "5.036",
            "close": "5.049"
        },
        {
            "time": "10.12.2020 01:06",
            "open": "5.049",
            "high": "5.049",
            "low": "5.049",
            "close": "5.049"
        },
        {
            "time": "10.12.2020 01:08",
            "open": "5.049",
            "high": "5.049",
            "low": "5.032",
            "close": "5.041"
        },
        {
            "time": "10.12.2020 01:10",
            "open": "5.041",
            "high": "5.041",
            "low": "5.041",
            "close": "5.024"
        },
        {
            "time": "10.12.2020 01:22",
            "open": "5.024",
            "high": "5.024",
            "low": "5.024",
            "close": "5.014"
        },
        {
            "time": "10.12.2020 01:23",
            "open": "5.014",
            "high": "5.014",
            "low": "5.013",
            "close": "5.016"
        },
        {
            "time": "10.12.2020 01:24",
            "open": "5.016",
            "high": "5.017",
            "low": "5.016",
            "close": "5.015"
        },
        {
            "time": "10.12.2020 01:25",
            "open": "5.015",
            "high": "5.015",
            "low": "5.013",
            "close": "5.02"
        },
        {
            "time": "10.12.2020 01:26",
            "open": "5.02",
            "high": "5.02",
            "low": "5.02",
            "close": "5.03"
        },
        {
            "time": "10.12.2020 01:28",
            "open": "5.033",
            "high": "5.033",
            "low": "5.033",
            "close": "5.021"
        },
        {
            "time": "10.12.2020 01:36",
            "open": "5.021",
            "high": "5.029",
            "low": "5.02",
            "close": "5.007"
        },
        {
            "time": "10.12.2020 01:38",
            "open": "5.007",
            "high": "5.02",
            "low": "5.007",
            "close": "5.017"
        },
        {
            "time": "10.12.2020 01:39",
            "open": "5.017",
            "high": "5.02",
            "low": "5.017",
            "close": "5.019"
        },
        {
            "time": "10.12.2020 01:40",
            "open": "5.019",
            "high": "5.023",
            "low": "5.018",
            "close": "5.023"
        },
        {
            "time": "10.12.2020 01:41",
            "open": "5.023",
            "high": "5.024",
            "low": "5.023",
            "close": "5.028"
        },
        {
            "time": "10.12.2020 01:44",
            "open": "5.028",
            "high": "5.028",
            "low": "5.028",
            "close": "5.033"
        },
        {
            "time": "10.12.2020 01:52",
            "open": "5.033",
            "high": "5.038",
            "low": "5.033",
            "close": "5.051"
        },
        {
            "time": "10.12.2020 01:53",
            "open": "5.051",
            "high": "5.051",
            "low": "5.051",
            "close": "5.039"
        },
        {
            "time": "10.12.2020 01:54",
            "open": "5.039",
            "high": "5.039",
            "low": "5.039",
            "close": "5.022"
        },
        {
            "time": "10.12.2020 02:18",
            "open": "5.022",
            "high": "5.022",
            "low": "5.022",
            "close": "5.011"
        },
        {
            "time": "10.12.2020 02:26",
            "open": "5.011",
            "high": "5.011",
            "low": "5.011",
            "close": "5.023"
        },
        {
            "time": "10.12.2020 02:27",
            "open": "5.023",
            "high": "5.023",
            "low": "5.023",
            "close": "5.026"
        },
        {
            "time": "10.12.2020 02:32",
            "open": "5.026",
            "high": "5.027",
            "low": "5.026",
            "close": "5.022"
        },
        {
            "time": "10.12.2020 02:34",
            "open": "5.022",
            "high": "5.043",
            "low": "5.022",
            "close": "5.016"
        },
        {
            "time": "10.12.2020 02:45",
            "open": "5.016",
            "high": "5.016",
            "low": "5.016",
            "close": "5.015"
        },
        {
            "time": "10.12.2020 02:56",
            "open": "5.015",
            "high": "5.015",
            "low": "5.015",
            "close": "5.032"
        },
        {
            "time": "10.12.2020 02:57",
            "open": "5.032",
            "high": "5.032",
            "low": "5.032",
            "close": "5.034"
        },
        {
            "time": "10.12.2020 03:09",
            "open": "5.034",
            "high": "5.034",
            "low": "5.032",
            "close": "5.044"
        },
        {
            "time": "10.12.2020 03:12",
            "open": "5.044",
            "high": "5.044",
            "low": "5.044",
            "close": "5.043"
        },
        {
            "time": "10.12.2020 03:14",
            "open": "5.043",
            "high": "5.043",
            "low": "5.043",
            "close": "5.043"
        },
        {
            "time": "10.12.2020 03:15",
            "open": "5.043",
            "high": "5.043",
            "low": "5.043",
            "close": "5.043"
        },
        {
            "time": "10.12.2020 03:17",
            "open": "5.043",
            "high": "5.043",
            "low": "5.043",
            "close": "5.037"
        },
        {
            "time": "10.12.2020 03:30",
            "open": "5.037",
            "high": "5.037",
            "low": "5.037",
            "close": "5.036"
        },
        {
            "time": "10.12.2020 03:32",
            "open": "5.036",
            "high": "5.036",
            "low": "5.036",
            "close": "5.026"
        },
        {
            "time": "10.12.2020 03:43",
            "open": "5.026",
            "high": "5.026",
            "low": "5.026",
            "close": "5.025"
        },
        {
            "time": "10.12.2020 04:01",
            "open": "5.025",
            "high": "5.025",
            "low": "5.025",
            "close": "5.012"
        },
        {
            "time": "10.12.2020 04:02",
            "open": "5.012",
            "high": "5.012",
            "low": "5.012",
            "close": "5.018"
        },
        {
            "time": "10.12.2020 04:28",
            "open": "5.018",
            "high": "5.018",
            "low": "5.018",
            "close": "5.039"
        },
        {
            "time": "10.12.2020 04:31",
            "open": "5.039",
            "high": "5.039",
            "low": "5.039",
            "close": "5.045"
        },
        {
            "time": "10.12.2020 04:33",
            "open": "5.045",
            "high": "5.045",
            "low": "5.045",
            "close": "5.025"
        },
        {
            "time": "10.12.2020 04:34",
            "open": "5.025",
            "high": "5.025",
            "low": "5.025",
            "close": "5.026"
        },
        {
            "time": "10.12.2020 04:36",
            "open": "5.026",
            "high": "5.026",
            "low": "5.026",
            "close": "5.047"
        },
        {
            "time": "10.12.2020 04:38",
            "open": "5.047",
            "high": "5.047",
            "low": "5.047",
            "close": "5.036"
        },
        {
            "time": "10.12.2020 04:50",
            "open": "5.036",
            "high": "5.036",
            "low": "5.036",
            "close": "5.02"
        },
        {
            "time": "10.12.2020 05:01",
            "open": "5.02",
            "high": "5.02",
            "low": "5.02",
            "close": "5.035"
        },
        {
            "time": "10.12.2020 05:06",
            "open": "5.035",
            "high": "5.035",
            "low": "5.034",
            "close": "5.033"
        },
        {
            "time": "10.12.2020 05:07",
            "open": "5.033",
            "high": "5.033",
            "low": "5.032",
            "close": "5.05"
        },
        {
            "time": "10.12.2020 05:12",
            "open": "5.05",
            "high": "5.05",
            "low": "5.049",
            "close": "5.049"
        },
        {
            "time": "10.12.2020 05:13",
            "open": "5.049",
            "high": "5.05",
            "low": "5.049",
            "close": "5.051"
        },
        {
            "time": "10.12.2020 05:14",
            "open": "5.051",
            "high": "5.055",
            "low": "5.051",
            "close": "5.044"
        },
        {
            "time": "10.12.2020 05:25",
            "open": "5.044",
            "high": "5.044",
            "low": "5.044",
            "close": "5.045"
        },
        {
            "time": "10.12.2020 05:26",
            "open": "5.045",
            "high": "5.045",
            "low": "5.045",
            "close": "5.04"
        },
        {
            "time": "10.12.2020 05:27",
            "open": "5.04",
            "high": "5.04",
            "low": "5.04",
            "close": "5.035"
        },
        {
            "time": "10.12.2020 05:28",
            "open": "5.035",
            "high": "5.035",
            "low": "5.035",
            "close": "5.031"
        },
        {
            "time": "10.12.2020 05:31",
            "open": "5.031",
            "high": "5.055",
            "low": "5.031",
            "close": "5.03"
        },
        {
            "time": "10.12.2020 05:33",
            "open": "5.03",
            "high": "5.03",
            "low": "5.028",
            "close": "5.028"
        },
        {
            "time": "10.12.2020 05:34",
            "open": "5.028",
            "high": "5.028",
            "low": "5.028",
            "close": "5.028"
        },
        {
            "time": "10.12.2020 05:42",
            "open": "5.028",
            "high": "5.028",
            "low": "5.028",
            "close": "5.021"
        },
        {
            "time": "10.12.2020 05:47",
            "open": "5.021",
            "high": "5.021",
            "low": "5.021",
            "close": "5.018"
        },
        {
            "time": "10.12.2020 05:49",
            "open": "5.018",
            "high": "5.018",
            "low": "5.018",
            "close": "5.035"
        },
        {
            "time": "10.12.2020 05:51",
            "open": "5.035",
            "high": "5.035",
            "low": "5.035",
            "close": "5.036"
        },
        {
            "time": "10.12.2020 05:55",
            "open": "5.036",
            "high": "5.036",
            "low": "5.036",
            "close": "5.018"
        },
        {
            "time": "10.12.2020 05:59",
            "open": "5.018",
            "high": "5.018",
            "low": "5.018",
            "close": "5.013"
        },
        {
            "time": "10.12.2020 06:12",
            "open": "5.013",
            "high": "5.013",
            "low": "5.013",
            "close": "5.012"
        },
        {
            "time": "10.12.2020 06:13",
            "open": "5.012",
            "high": "5.012",
            "low": "5.012",
            "close": "5.012"
        },
        {
            "time": "10.12.2020 06:15",
            "open": "5.012",
            "high": "5.012",
            "low": "4.999",
            "close": "4.998"
        },
        {
            "time": "10.12.2020 06:24",
            "open": "4.998",
            "high": "4.998",
            "low": "4.998",
            "close": "4.998"
        },
        {
            "time": "10.12.2020 06:29",
            "open": "4.998",
            "high": "4.999",
            "low": "4.984",
            "close": "4.985"
        },
        {
            "time": "10.12.2020 06:30",
            "open": "4.985",
            "high": "4.985",
            "low": "4.985",
            "close": "5.011"
        },
        {
            "time": "10.12.2020 06:36",
            "open": "5.011",
            "high": "5.011",
            "low": "5.011",
            "close": "4.996"
        },
        {
            "time": "10.12.2020 07:04",
            "open": "4.996",
            "high": "4.996",
            "low": "4.993",
            "close": "4.995"
        },
        {
            "time": "10.12.2020 07:10",
            "open": "4.995",
            "high": "4.995",
            "low": "4.995",
            "close": "4.974"
        },
        {
            "time": "10.12.2020 07:17",
            "open": "4.974",
            "high": "4.974",
            "low": "4.974",
            "close": "4.971"
        },
        {
            "time": "10.12.2020 07:25",
            "open": "4.971",
            "high": "4.971",
            "low": "4.971",
            "close": "4.975"
        },
        {
            "time": "10.12.2020 07:26",
            "open": "4.975",
            "high": "4.975",
            "low": "4.973",
            "close": "4.961"
        },
        {
            "time": "10.12.2020 07:30",
            "open": "4.961",
            "high": "4.961",
            "low": "4.961",
            "close": "4.968"
        },
        {
            "time": "10.12.2020 07:36",
            "open": "4.968",
            "high": "4.968",
            "low": "4.968",
            "close": "5.009"
        },
        {
            "time": "10.12.2020 07:40",
            "open": "5.009",
            "high": "5.009",
            "low": "4.976",
            "close": "4.98"
        },
        {
            "time": "10.12.2020 07:43",
            "open": "4.98",
            "high": "4.98",
            "low": "4.98",
            "close": "4.951"
        },
        {
            "time": "10.12.2020 08:02",
            "open": "4.951",
            "high": "4.951",
            "low": "4.951",
            "close": "4.951"
        },
        {
            "time": "10.12.2020 08:06",
            "open": "4.951",
            "high": "4.951",
            "low": "4.951",
            "close": "4.968"
        },
        {
            "time": "10.12.2020 08:09",
            "open": "4.968",
            "high": "4.968",
            "low": "4.968",
            "close": "4.965"
        },
        {
            "time": "10.12.2020 08:11",
            "open": "4.965",
            "high": "4.965",
            "low": "4.964",
            "close": "4.968"
        },
        {
            "time": "10.12.2020 08:13",
            "open": "4.968",
            "high": "4.968",
            "low": "4.967",
            "close": "4.962"
        },
        {
            "time": "10.12.2020 08:14",
            "open": "4.962",
            "high": "4.962",
            "low": "4.962",
            "close": "4.969"
        },
        {
            "time": "10.12.2020 08:23",
            "open": "4.969",
            "high": "4.969",
            "low": "4.969",
            "close": "4.969"
        },
        {
            "time": "10.12.2020 08:32",
            "open": "4.969",
            "high": "4.969",
            "low": "4.969",
            "close": "4.97"
        },
        {
            "time": "10.12.2020 08:38",
            "open": "4.97",
            "high": "4.97",
            "low": "4.97",
            "close": "4.97"
        },
        {
            "time": "10.12.2020 08:39",
            "open": "4.97",
            "high": "4.97",
            "low": "4.97",
            "close": "4.983"
        },
        {
            "time": "10.12.2020 08:43",
            "open": "4.983",
            "high": "4.983",
            "low": "4.983",
            "close": "4.965"
        },
        {
            "time": "10.12.2020 08:57",
            "open": "4.965",
            "high": "4.965",
            "low": "4.965",
            "close": "4.965"
        },
        {
            "time": "10.12.2020 08:59",
            "open": "4.965",
            "high": "4.965",
            "low": "4.965",
            "close": "4.958"
        },
        {
            "time": "10.12.2020 09:01",
            "open": "4.958",
            "high": "4.968",
            "low": "4.958",
            "close": "5.001"
        },
        {
            "time": "10.12.2020 09:13",
            "open": "5.001",
            "high": "5.001",
            "low": "5.001",
            "close": "5.003"
        },
        {
            "time": "10.12.2020 09:14",
            "open": "5.003",
            "high": "5.003",
            "low": "5.003",
            "close": "5.003"
        },
        {
            "time": "10.12.2020 09:15",
            "open": "5.003",
            "high": "5.003",
            "low": "5.003",
            "close": "4.985"
        },
        {
            "time": "10.12.2020 09:21",
            "open": "4.985",
            "high": "4.985",
            "low": "4.985",
            "close": "5"
        },
        {
            "time": "10.12.2020 09:34",
            "open": "5",
            "high": "5",
            "low": "5",
            "close": "4.986"
        },
        {
            "time": "10.12.2020 09:47",
            "open": "4.986",
            "high": "4.986",
            "low": "4.986",
            "close": "5"
        },
        {
            "time": "10.12.2020 09:53",
            "open": "5",
            "high": "5.001",
            "low": "5",
            "close": "5"
        },
        {
            "time": "10.12.2020 09:59",
            "open": "5",
            "high": "5",
            "low": "5",
            "close": "4.997"
        },
        {
            "time": "10.12.2020 10:01",
            "open": "4.997",
            "high": "5",
            "low": "4.997",
            "close": "4.985"
        },
        {
            "time": "10.12.2020 10:07",
            "open": "4.985",
            "high": "4.992",
            "low": "4.985",
            "close": "5.003"
        },
        {
            "time": "10.12.2020 10:10",
            "open": "5.003",
            "high": "5.003",
            "low": "5.001",
            "close": "5.002"
        },
        {
            "time": "10.12.2020 10:14",
            "open": "5.002",
            "high": "5.002",
            "low": "5.002",
            "close": "5.024"
        },
        {
            "time": "10.12.2020 10:19",
            "open": "5.024",
            "high": "5.024",
            "low": "5.024",
            "close": "5.026"
        },
        {
            "time": "10.12.2020 10:21",
            "open": "5.026",
            "high": "5.027",
            "low": "5.026",
            "close": "5.005"
        },
        {
            "time": "10.12.2020 10:22",
            "open": "5.005",
            "high": "5.005",
            "low": "5.005",
            "close": "5.025"
        },
        {
            "time": "10.12.2020 10:27",
            "open": "5.025",
            "high": "5.025",
            "low": "5.025",
            "close": "4.999"
        },
        {
            "time": "10.12.2020 10:39",
            "open": "4.999",
            "high": "5",
            "low": "4.999",
            "close": "4.99"
        },
        {
            "time": "10.12.2020 10:42",
            "open": "4.99",
            "high": "4.99",
            "low": "4.986",
            "close": "4.97"
        },
        {
            "time": "10.12.2020 10:43",
            "open": "4.97",
            "high": "4.97",
            "low": "4.97",
            "close": "4.953"
        },
        {
            "time": "10.12.2020 10:47",
            "open": "4.953",
            "high": "4.953",
            "low": "4.953",
            "close": "4.981"
        },
        {
            "time": "10.12.2020 10:49",
            "open": "4.981",
            "high": "4.981",
            "low": "4.954",
            "close": "4.982"
        },
        {
            "time": "10.12.2020 10:50",
            "open": "4.982",
            "high": "4.982",
            "low": "4.982",
            "close": "4.983"
        },
        {
            "time": "10.12.2020 10:54",
            "open": "4.983",
            "high": "4.983",
            "low": "4.983",
            "close": "4.967"
        },
        {
            "time": "10.12.2020 10:57",
            "open": "4.967",
            "high": "4.967",
            "low": "4.957",
            "close": "4.957"
        },
        {
            "time": "10.12.2020 10:58",
            "open": "4.957",
            "high": "4.965",
            "low": "4.956",
            "close": "4.955"
        },
        {
            "time": "10.12.2020 11:02",
            "open": "4.955",
            "high": "4.955",
            "low": "4.955",
            "close": "4.97"
        },
        {
            "time": "10.12.2020 11:05",
            "open": "4.97",
            "high": "4.97",
            "low": "4.954",
            "close": "4.953"
        },
        {
            "time": "10.12.2020 11:06",
            "open": "4.953",
            "high": "4.953",
            "low": "4.953",
            "close": "4.955"
        },
        {
            "time": "10.12.2020 11:08",
            "open": "4.955",
            "high": "4.955",
            "low": "4.95",
            "close": "4.953"
        },
        {
            "time": "10.12.2020 11:09",
            "open": "4.953",
            "high": "4.953",
            "low": "4.953",
            "close": "4.952"
        },
        {
            "time": "10.12.2020 11:10",
            "open": "4.952",
            "high": "4.952",
            "low": "4.95",
            "close": "4.951"
        },
        {
            "time": "10.12.2020 11:11",
            "open": "4.951",
            "high": "4.952",
            "low": "4.95",
            "close": "4.951"
        },
        {
            "time": "10.12.2020 11:12",
            "open": "4.951",
            "high": "4.951",
            "low": "4.951",
            "close": "4.951"
        },
        {
            "time": "10.12.2020 11:13",
            "open": "4.951",
            "high": "4.951",
            "low": "4.941",
            "close": "4.942"
        },
        {
            "time": "10.12.2020 11:15",
            "open": "4.942",
            "high": "4.942",
            "low": "4.942",
            "close": "4.961"
        },
        {
            "time": "10.12.2020 11:17",
            "open": "4.961",
            "high": "4.961",
            "low": "4.961",
            "close": "4.944"
        },
        {
            "time": "10.12.2020 11:18",
            "open": "4.944",
            "high": "4.944",
            "low": "4.944",
            "close": "4.947"
        },
        {
            "time": "10.12.2020 11:19",
            "open": "4.947",
            "high": "4.947",
            "low": "4.947",
            "close": "4.94"
        },
        {
            "time": "10.12.2020 11:22",
            "open": "4.94",
            "high": "4.94",
            "low": "4.94",
            "close": "4.939"
        },
        {
            "time": "10.12.2020 11:23",
            "open": "4.939",
            "high": "4.939",
            "low": "4.939",
            "close": "4.938"
        },
        {
            "time": "10.12.2020 11:24",
            "open": "4.938",
            "high": "4.938",
            "low": "4.938",
            "close": "4.938"
        },
        {
            "time": "10.12.2020 11:25",
            "open": "4.938",
            "high": "4.938",
            "low": "4.934",
            "close": "4.947"
        },
        {
            "time": "10.12.2020 11:35",
            "open": "4.947",
            "high": "4.947",
            "low": "4.947",
            "close": "4.933"
        },
        {
            "time": "10.12.2020 11:41",
            "open": "4.933",
            "high": "4.933",
            "low": "4.933",
            "close": "4.926"
        },
        {
            "time": "10.12.2020 11:44",
            "open": "4.926",
            "high": "4.926",
            "low": "4.926",
            "close": "4.926"
        },
        {
            "time": "10.12.2020 11:45",
            "open": "4.926",
            "high": "4.926",
            "low": "4.916",
            "close": "4.924"
        },
        {
            "time": "10.12.2020 11:56",
            "open": "4.924",
            "high": "4.924",
            "low": "4.924",
            "close": "4.917"
        },
        {
            "time": "10.12.2020 12:02",
            "open": "4.917",
            "high": "4.917",
            "low": "4.917",
            "close": "4.919"
        },
        {
            "time": "10.12.2020 12:03",
            "open": "4.919",
            "high": "4.919",
            "low": "4.919",
            "close": "4.934"
        },
        {
            "time": "10.12.2020 12:04",
            "open": "4.934",
            "high": "4.934",
            "low": "4.934",
            "close": "4.945"
        },
        {
            "time": "10.12.2020 12:05",
            "open": "4.945",
            "high": "4.945",
            "low": "4.945",
            "close": "4.969"
        },
        {
            "time": "10.12.2020 12:09",
            "open": "4.969",
            "high": "4.969",
            "low": "4.969",
            "close": "4.952"
        },
        {
            "time": "10.12.2020 12:11",
            "open": "4.952",
            "high": "4.952",
            "low": "4.952",
            "close": "4.962"
        },
        {
            "time": "10.12.2020 12:12",
            "open": "4.962",
            "high": "4.962",
            "low": "4.962",
            "close": "4.922"
        },
        {
            "time": "10.12.2020 12:20",
            "open": "4.922",
            "high": "4.922",
            "low": "4.922",
            "close": "4.913"
        },
        {
            "time": "10.12.2020 12:24",
            "open": "4.913",
            "high": "4.913",
            "low": "4.911",
            "close": "4.903"
        },
        {
            "time": "10.12.2020 12:25",
            "open": "4.903",
            "high": "4.917",
            "low": "4.903",
            "close": "4.912"
        },
        {
            "time": "10.12.2020 12:27",
            "open": "4.912",
            "high": "4.912",
            "low": "4.912",
            "close": "4.9"
        },
        {
            "time": "10.12.2020 12:28",
            "open": "4.9",
            "high": "4.9",
            "low": "4.9",
            "close": "4.901"
        },
        {
            "time": "10.12.2020 12:30",
            "open": "4.901",
            "high": "4.901",
            "low": "4.901",
            "close": "4.9"
        },
        {
            "time": "10.12.2020 12:31",
            "open": "4.9",
            "high": "4.9",
            "low": "4.897",
            "close": "4.887"
        },
        {
            "time": "10.12.2020 12:32",
            "open": "4.887",
            "high": "4.887",
            "low": "4.887",
            "close": "4.908"
        },
        {
            "time": "10.12.2020 12:37",
            "open": "4.908",
            "high": "4.909",
            "low": "4.892",
            "close": "4.905"
        },
        {
            "time": "10.12.2020 12:39",
            "open": "4.905",
            "high": "4.905",
            "low": "4.905",
            "close": "4.909"
        },
        {
            "time": "10.12.2020 12:42",
            "open": "4.909",
            "high": "4.909",
            "low": "4.909",
            "close": "4.898"
        },
        {
            "time": "10.12.2020 12:44",
            "open": "4.898",
            "high": "4.898",
            "low": "4.895",
            "close": "4.902"
        },
        {
            "time": "10.12.2020 12:47",
            "open": "4.902",
            "high": "4.902",
            "low": "4.902",
            "close": "4.919"
        },
        {
            "time": "10.12.2020 12:48",
            "open": "4.919",
            "high": "4.925",
            "low": "4.919",
            "close": "4.929"
        },
        {
            "time": "10.12.2020 12:49",
            "open": "4.929",
            "high": "4.929",
            "low": "4.915",
            "close": "4.92"
        },
        {
            "time": "10.12.2020 12:54",
            "open": "4.92",
            "high": "4.92",
            "low": "4.92",
            "close": "4.935"
        },
        {
            "time": "10.12.2020 13:04",
            "open": "4.935",
            "high": "4.943",
            "low": "4.935",
            "close": "4.936"
        },
        {
            "time": "10.12.2020 13:05",
            "open": "4.936",
            "high": "4.936",
            "low": "4.936",
            "close": "4.954"
        },
        {
            "time": "10.12.2020 13:07",
            "open": "4.954",
            "high": "4.954",
            "low": "4.929",
            "close": "4.944"
        },
        {
            "time": "10.12.2020 13:08",
            "open": "4.944",
            "high": "4.944",
            "low": "4.944",
            "close": "4.944"
        },
        {
            "time": "10.12.2020 13:09",
            "open": "4.944",
            "high": "4.944",
            "low": "4.944",
            "close": "4.933"
        },
        {
            "time": "10.12.2020 13:22",
            "open": "4.933",
            "high": "4.933",
            "low": "4.933",
            "close": "4.945"
        },
        {
            "time": "10.12.2020 13:23",
            "open": "4.945",
            "high": "4.945",
            "low": "4.932",
            "close": "4.927"
        },
        {
            "time": "10.12.2020 13:27",
            "open": "4.927",
            "high": "4.927",
            "low": "4.927",
            "close": "4.904"
        },
        {
            "time": "10.12.2020 13:46",
            "open": "4.904",
            "high": "4.904",
            "low": "4.904",
            "close": "4.906"
        },
        {
            "time": "10.12.2020 13:47",
            "open": "4.906",
            "high": "4.912",
            "low": "4.9",
            "close": "4.908"
        },
        {
            "time": "10.12.2020 13:48",
            "open": "4.908",
            "high": "4.908",
            "low": "4.908",
            "close": "4.898"
        },
        {
            "time": "10.12.2020 13:49",
            "open": "4.898",
            "high": "4.898",
            "low": "4.898",
            "close": "4.899"
        },
        {
            "time": "10.12.2020 14:01",
            "open": "4.899",
            "high": "4.899",
            "low": "4.899",
            "close": "4.887"
        },
        {
            "time": "10.12.2020 14:09",
            "open": "4.887",
            "high": "4.887",
            "low": "4.872",
            "close": "4.872"
        },
        {
            "time": "10.12.2020 14:38",
            "open": "4.872",
            "high": "4.878",
            "low": "4.872",
            "close": "4.856"
        },
        {
            "time": "10.12.2020 14:39",
            "open": "4.856",
            "high": "4.856",
            "low": "4.856",
            "close": "4.85"
        },
        {
            "time": "10.12.2020 14:41",
            "open": "4.85",
            "high": "4.85",
            "low": "4.847",
            "close": "4.84"
        },
        {
            "time": "10.12.2020 14:43",
            "open": "4.84",
            "high": "4.84",
            "low": "4.837",
            "close": "4.843"
        },
        {
            "time": "10.12.2020 14:44",
            "open": "4.843",
            "high": "4.843",
            "low": "4.843",
            "close": "4.837"
        },
        {
            "time": "10.12.2020 14:46",
            "open": "4.837",
            "high": "4.837",
            "low": "4.822",
            "close": "4.883"
        },
        {
            "time": "10.12.2020 14:54",
            "open": "4.883",
            "high": "4.896",
            "low": "4.883",
            "close": "4.88"
        },
        {
            "time": "10.12.2020 15:02",
            "open": "4.88",
            "high": "4.88",
            "low": "4.88",
            "close": "4.887"
        },
        {
            "time": "10.12.2020 15:05",
            "open": "4.887",
            "high": "4.887",
            "low": "4.887",
            "close": "4.881"
        },
        {
            "time": "10.12.2020 15:07",
            "open": "4.881",
            "high": "4.881",
            "low": "4.881",
            "close": "4.874"
        },
        {
            "time": "10.12.2020 15:10",
            "open": "4.874",
            "high": "4.874",
            "low": "4.874",
            "close": "4.863"
        },
        {
            "time": "10.12.2020 15:12",
            "open": "4.863",
            "high": "4.863",
            "low": "4.863",
            "close": "4.873"
        },
        {
            "time": "10.12.2020 15:15",
            "open": "4.873",
            "high": "4.873",
            "low": "4.873",
            "close": "4.857"
        },
        {
            "time": "10.12.2020 15:16",
            "open": "4.857",
            "high": "4.857",
            "low": "4.857",
            "close": "4.853"
        },
        {
            "time": "10.12.2020 15:27",
            "open": "4.853",
            "high": "4.855",
            "low": "4.824",
            "close": "4.853"
        },
        {
            "time": "10.12.2020 15:29",
            "open": "4.853",
            "high": "4.853",
            "low": "4.853",
            "close": "4.853"
        },
        {
            "time": "10.12.2020 15:35",
            "open": "4.853",
            "high": "4.853",
            "low": "4.853",
            "close": "4.84"
        },
        {
            "time": "10.12.2020 15:40",
            "open": "4.84",
            "high": "4.84",
            "low": "4.84",
            "close": "4.85"
        },
        {
            "time": "10.12.2020 15:45",
            "open": "4.85",
            "high": "4.85",
            "low": "4.85",
            "close": "4.822"
        },
        {
            "time": "10.12.2020 15:50",
            "open": "4.822",
            "high": "4.831",
            "low": "4.822",
            "close": "4.834"
        },
        {
            "time": "10.12.2020 15:54",
            "open": "4.834",
            "high": "4.834",
            "low": "4.834",
            "close": "4.828"
        },
        {
            "time": "10.12.2020 15:59",
            "open": "4.828",
            "high": "4.828",
            "low": "4.828",
            "close": "4.844"
        },
        {
            "time": "10.12.2020 16:02",
            "open": "4.844",
            "high": "4.845",
            "low": "4.843",
            "close": "4.846"
        },
        {
            "time": "10.12.2020 16:05",
            "open": "4.846",
            "high": "4.846",
            "low": "4.846",
            "close": "4.84"
        },
        {
            "time": "10.12.2020 16:07",
            "open": "4.84",
            "high": "4.84",
            "low": "4.84",
            "close": "4.823"
        },
        {
            "time": "10.12.2020 16:09",
            "open": "4.823",
            "high": "4.823",
            "low": "4.822",
            "close": "4.828"
        },
        {
            "time": "10.12.2020 16:11",
            "open": "4.828",
            "high": "4.833",
            "low": "4.828",
            "close": "4.822"
        },
        {
            "time": "10.12.2020 16:13",
            "open": "4.822",
            "high": "4.822",
            "low": "4.807",
            "close": "4.803"
        },
        {
            "time": "10.12.2020 16:14",
            "open": "4.803",
            "high": "4.803",
            "low": "4.8",
            "close": "4.801"
        },
        {
            "time": "10.12.2020 16:15",
            "open": "4.801",
            "high": "4.801",
            "low": "4.801",
            "close": "4.804"
        },
        {
            "time": "10.12.2020 16:16",
            "open": "4.804",
            "high": "4.805",
            "low": "4.804",
            "close": "4.801"
        },
        {
            "time": "10.12.2020 16:17",
            "open": "4.801",
            "high": "4.801",
            "low": "4.801",
            "close": "4.807"
        },
        {
            "time": "10.12.2020 16:19",
            "open": "4.807",
            "high": "4.807",
            "low": "4.807",
            "close": "4.8"
        },
        {
            "time": "10.12.2020 16:20",
            "open": "4.8",
            "high": "4.8",
            "low": "4.797",
            "close": "4.839"
        },
        {
            "time": "10.12.2020 16:24",
            "open": "4.839",
            "high": "4.839",
            "low": "4.839",
            "close": "4.833"
        },
        {
            "time": "10.12.2020 16:28",
            "open": "4.833",
            "high": "4.834",
            "low": "4.833",
            "close": "4.834"
        },
        {
            "time": "10.12.2020 16:29",
            "open": "4.834",
            "high": "4.834",
            "low": "4.834",
            "close": "4.851"
        },
        {
            "time": "10.12.2020 16:35",
            "open": "4.851",
            "high": "4.859",
            "low": "4.85",
            "close": "4.86"
        },
        {
            "time": "10.12.2020 16:42",
            "open": "4.86",
            "high": "4.861",
            "low": "4.86",
            "close": "4.849"
        },
        {
            "time": "10.12.2020 16:43",
            "open": "4.849",
            "high": "4.849",
            "low": "4.849",
            "close": "4.858"
        },
        {
            "time": "10.12.2020 16:48",
            "open": "4.858",
            "high": "4.861",
            "low": "4.858",
            "close": "4.868"
        },
        {
            "time": "10.12.2020 16:52",
            "open": "4.868",
            "high": "4.877",
            "low": "4.868",
            "close": "4.884"
        },
        {
            "time": "10.12.2020 16:55",
            "open": "4.884",
            "high": "4.884",
            "low": "4.884",
            "close": "4.873"
        },
        {
            "time": "10.12.2020 17:00",
            "open": "4.873",
            "high": "4.886",
            "low": "4.873",
            "close": "4.873"
        },
        {
            "time": "10.12.2020 17:03",
            "open": "4.873",
            "high": "4.873",
            "low": "4.873",
            "close": "4.885"
        },
        {
            "time": "10.12.2020 17:12",
            "open": "4.885",
            "high": "4.886",
            "low": "4.885",
            "close": "4.878"
        },
        {
            "time": "10.12.2020 17:14",
            "open": "4.878",
            "high": "4.878",
            "low": "4.878",
            "close": "4.888"
        },
        {
            "time": "10.12.2020 17:20",
            "open": "4.888",
            "high": "4.888",
            "low": "4.888",
            "close": "4.892"
        },
        {
            "time": "10.12.2020 17:21",
            "open": "4.892",
            "high": "4.893",
            "low": "4.892",
            "close": "4.88"
        },
        {
            "time": "10.12.2020 17:23",
            "open": "4.88",
            "high": "4.88",
            "low": "4.88",
            "close": "4.886"
        },
        {
            "time": "10.12.2020 17:24",
            "open": "4.886",
            "high": "4.886",
            "low": "4.886",
            "close": "4.893"
        },
        {
            "time": "10.12.2020 17:25",
            "open": "4.893",
            "high": "4.893",
            "low": "4.893",
            "close": "4.891"
        },
        {
            "time": "10.12.2020 17:26",
            "open": "4.891",
            "high": "4.891",
            "low": "4.891",
            "close": "4.884"
        },
        {
            "time": "10.12.2020 17:28",
            "open": "4.884",
            "high": "4.884",
            "low": "4.884",
            "close": "4.866"
        },
        {
            "time": "10.12.2020 17:29",
            "open": "4.866",
            "high": "4.866",
            "low": "4.866",
            "close": "4.886"
        },
        {
            "time": "10.12.2020 17:38",
            "open": "4.886",
            "high": "4.887",
            "low": "4.886",
            "close": "4.888"
        },
        {
            "time": "10.12.2020 17:44",
            "open": "4.888",
            "high": "4.888",
            "low": "4.888",
            "close": "4.894"
        },
        {
            "time": "10.12.2020 17:45",
            "open": "4.894",
            "high": "4.894",
            "low": "4.894",
            "close": "4.892"
        },
        {
            "time": "10.12.2020 17:47",
            "open": "4.892",
            "high": "4.892",
            "low": "4.892",
            "close": "4.891"
        },
        {
            "time": "10.12.2020 17:50",
            "open": "4.891",
            "high": "4.891",
            "low": "4.891",
            "close": "4.888"
        },
        {
            "time": "10.12.2020 17:56",
            "open": "4.888",
            "high": "4.889",
            "low": "4.888",
            "close": "4.89"
        },
        {
            "time": "10.12.2020 17:57",
            "open": "4.89",
            "high": "4.89",
            "low": "4.89",
            "close": "4.89"
        },
        {
            "time": "10.12.2020 17:58",
            "open": "4.89",
            "high": "4.896",
            "low": "4.89",
            "close": "4.891"
        },
        {
            "time": "10.12.2020 18:03",
            "open": "4.891",
            "high": "4.891",
            "low": "4.891",
            "close": "4.89"
        },
        {
            "time": "10.12.2020 18:07",
            "open": "4.89",
            "high": "4.89",
            "low": "4.878",
            "close": "4.873"
        },
        {
            "time": "10.12.2020 18:09",
            "open": "4.873",
            "high": "4.874",
            "low": "4.873",
            "close": "4.872"
        },
        {
            "time": "10.12.2020 18:12",
            "open": "4.872",
            "high": "4.872",
            "low": "4.872",
            "close": "4.888"
        },
        {
            "time": "10.12.2020 18:20",
            "open": "4.888",
            "high": "4.888",
            "low": "4.888",
            "close": "4.861"
        },
        {
            "time": "10.12.2020 18:24",
            "open": "4.861",
            "high": "4.861",
            "low": "4.86",
            "close": "4.863"
        },
        {
            "time": "10.12.2020 18:35",
            "open": "4.863",
            "high": "4.863",
            "low": "4.863",
            "close": "4.856"
        },
        {
            "time": "10.12.2020 18:43",
            "open": "4.856",
            "high": "4.856",
            "low": "4.856",
            "close": "4.872"
        },
        {
            "time": "10.12.2020 18:45",
            "open": "4.872",
            "high": "4.872",
            "low": "4.872",
            "close": "4.862"
        },
        {
            "time": "10.12.2020 18:50",
            "open": "4.862",
            "high": "4.862",
            "low": "4.857",
            "close": "4.857"
        },
        {
            "time": "10.12.2020 18:55",
            "open": "4.857",
            "high": "4.857",
            "low": "4.857",
            "close": "4.872"
        },
        {
            "time": "10.12.2020 19:07",
            "open": "4.872",
            "high": "4.872",
            "low": "4.872",
            "close": "4.883"
        },
        {
            "time": "10.12.2020 19:16",
            "open": "4.883",
            "high": "4.883",
            "low": "4.883",
            "close": "4.879"
        },
        {
            "time": "10.12.2020 19:18",
            "open": "4.879",
            "high": "4.88",
            "low": "4.879",
            "close": "4.887"
        },
        {
            "time": "10.12.2020 19:20",
            "open": "4.887",
            "high": "4.887",
            "low": "4.887",
            "close": "4.886"
        },
        {
            "time": "10.12.2020 19:31",
            "open": "4.886",
            "high": "4.886",
            "low": "4.884",
            "close": "4.887"
        },
        {
            "time": "10.12.2020 19:33",
            "open": "4.887",
            "high": "4.887",
            "low": "4.887",
            "close": "4.879"
        },
        {
            "time": "10.12.2020 19:35",
            "open": "4.879",
            "high": "4.879",
            "low": "4.879",
            "close": "4.874"
        },
        {
            "time": "10.12.2020 19:37",
            "open": "4.874",
            "high": "4.88",
            "low": "4.874",
            "close": "4.883"
        },
        {
            "time": "10.12.2020 19:39",
            "open": "4.883",
            "high": "4.883",
            "low": "4.883",
            "close": "4.884"
        },
        {
            "time": "10.12.2020 19:42",
            "open": "4.884",
            "high": "4.884",
            "low": "4.884",
            "close": "4.884"
        },
        {
            "time": "10.12.2020 19:43",
            "open": "4.884",
            "high": "4.884",
            "low": "4.884",
            "close": "4.884"
        },
        {
            "time": "10.12.2020 19:44",
            "open": "4.884",
            "high": "4.884",
            "low": "4.884",
            "close": "4.88"
        },
        {
            "time": "10.12.2020 19:45",
            "open": "4.88",
            "high": "4.901",
            "low": "4.88",
            "close": "4.878"
        },
        {
            "time": "10.12.2020 19:46",
            "open": "4.878",
            "high": "4.878",
            "low": "4.878",
            "close": "4.893"
        },
        {
            "time": "10.12.2020 19:47",
            "open": "4.893",
            "high": "4.894",
            "low": "4.891",
            "close": "4.892"
        },
        {
            "time": "10.12.2020 19:48",
            "open": "4.892",
            "high": "4.895",
            "low": "4.886",
            "close": "4.89"
        },
        {
            "time": "10.12.2020 19:49",
            "open": "4.89",
            "high": "4.89",
            "low": "4.889",
            "close": "4.895"
        },
        {
            "time": "10.12.2020 19:50",
            "open": "4.895",
            "high": "4.896",
            "low": "4.895",
            "close": "4.878"
        },
        {
            "time": "10.12.2020 19:52",
            "open": "4.878",
            "high": "4.878",
            "low": "4.878",
            "close": "4.879"
        },
        {
            "time": "10.12.2020 19:53",
            "open": "4.879",
            "high": "4.881",
            "low": "4.879",
            "close": "4.879"
        },
        {
            "time": "10.12.2020 19:54",
            "open": "4.879",
            "high": "4.879",
            "low": "4.878",
            "close": "4.87"
        },
        {
            "time": "10.12.2020 19:57",
            "open": "4.87",
            "high": "4.87",
            "low": "4.87",
            "close": "4.879"
        },
        {
            "time": "10.12.2020 19:59",
            "open": "4.879",
            "high": "4.879",
            "low": "4.866",
            "close": "4.886"
        },
        {
            "time": "10.12.2020 20:01",
            "open": "4.886",
            "high": "4.886",
            "low": "4.886",
            "close": "4.885"
        },
        {
            "time": "10.12.2020 20:02",
            "open": "4.885",
            "high": "4.893",
            "low": "4.885",
            "close": "4.882"
        },
        {
            "time": "10.12.2020 20:03",
            "open": "4.882",
            "high": "4.882",
            "low": "4.882",
            "close": "4.873"
        },
        {
            "time": "10.12.2020 20:05",
            "open": "4.873",
            "high": "4.884",
            "low": "4.873",
            "close": "4.883"
        },
        {
            "time": "10.12.2020 20:06",
            "open": "4.883",
            "high": "4.883",
            "low": "4.883",
            "close": "4.884"
        },
        {
            "time": "10.12.2020 20:07",
            "open": "4.884",
            "high": "4.884",
            "low": "4.884",
            "close": "4.9"
        },
        {
            "time": "10.12.2020 20:08",
            "open": "4.9",
            "high": "4.9",
            "low": "4.9",
            "close": "4.889"
        },
        {
            "time": "10.12.2020 20:11",
            "open": "4.889",
            "high": "4.901",
            "low": "4.889",
            "close": "4.892"
        },
        {
            "time": "10.12.2020 20:13",
            "open": "4.892",
            "high": "4.893",
            "low": "4.892",
            "close": "4.891"
        },
        {
            "time": "10.12.2020 20:18",
            "open": "4.891",
            "high": "4.891",
            "low": "4.891",
            "close": "4.892"
        },
        {
            "time": "10.12.2020 20:20",
            "open": "4.892",
            "high": "4.892",
            "low": "4.892",
            "close": "4.874"
        },
        {
            "time": "10.12.2020 20:22",
            "open": "4.874",
            "high": "4.874",
            "low": "4.874",
            "close": "4.874"
        },
        {
            "time": "10.12.2020 20:23",
            "open": "4.874",
            "high": "4.874",
            "low": "4.874",
            "close": "4.876"
        },
        {
            "time": "10.12.2020 20:24",
            "open": "4.876",
            "high": "4.876",
            "low": "4.876",
            "close": "4.872"
        },
        {
            "time": "10.12.2020 20:25",
            "open": "4.872",
            "high": "4.872",
            "low": "4.869",
            "close": "4.884"
        },
        {
            "time": "10.12.2020 20:26",
            "open": "4.884",
            "high": "4.884",
            "low": "4.884",
            "close": "4.865"
        },
        {
            "time": "10.12.2020 20:29",
            "open": "4.865",
            "high": "4.865",
            "low": "4.864",
            "close": "4.885"
        },
        {
            "time": "10.12.2020 20:30",
            "open": "4.885",
            "high": "4.885",
            "low": "4.885",
            "close": "4.876"
        },
        {
            "time": "10.12.2020 20:34",
            "open": "4.876",
            "high": "4.876",
            "low": "4.876",
            "close": "4.877"
        },
        {
            "time": "10.12.2020 20:38",
            "open": "4.877",
            "high": "4.877",
            "low": "4.876",
            "close": "4.886"
        },
        {
            "time": "10.12.2020 20:45",
            "open": "4.886",
            "high": "4.886",
            "low": "4.868",
            "close": "4.883"
        },
        {
            "time": "10.12.2020 20:49",
            "open": "4.883",
            "high": "4.883",
            "low": "4.883",
            "close": "4.872"
        },
        {
            "time": "10.12.2020 20:53",
            "open": "4.872",
            "high": "4.872",
            "low": "4.872",
            "close": "4.867"
        },
        {
            "time": "10.12.2020 20:55",
            "open": "4.867",
            "high": "4.867",
            "low": "4.867",
            "close": "4.876"
        },
        {
            "time": "10.12.2020 20:56",
            "open": "4.876",
            "high": "4.876",
            "low": "4.874",
            "close": "4.897"
        },
        {
            "time": "10.12.2020 20:58",
            "open": "4.897",
            "high": "4.907",
            "low": "4.897",
            "close": "4.907"
        },
        {
            "time": "10.12.2020 21:01",
            "open": "4.907",
            "high": "4.907",
            "low": "4.907",
            "close": "4.908"
        },
        {
            "time": "10.12.2020 21:04",
            "open": "4.908",
            "high": "4.908",
            "low": "4.908",
            "close": "4.897"
        },
        {
            "time": "10.12.2020 21:08",
            "open": "4.897",
            "high": "4.897",
            "low": "4.897",
            "close": "4.898"
        },
        {
            "time": "10.12.2020 21:14",
            "open": "4.898",
            "high": "4.898",
            "low": "4.895",
            "close": "4.897"
        },
        {
            "time": "10.12.2020 21:15",
            "open": "4.897",
            "high": "4.897",
            "low": "4.897",
            "close": "4.908"
        },
        {
            "time": "10.12.2020 21:17",
            "open": "4.908",
            "high": "4.909",
            "low": "4.908",
            "close": "4.907"
        },
        {
            "time": "10.12.2020 21:40",
            "open": "4.907",
            "high": "4.907",
            "low": "4.907",
            "close": "4.878"
        },
        {
            "time": "10.12.2020 21:41",
            "open": "4.878",
            "high": "4.896",
            "low": "4.878",
            "close": "4.895"
        },
        {
            "time": "10.12.2020 21:42",
            "open": "4.895",
            "high": "4.895",
            "low": "4.895",
            "close": "4.889"
        },
        {
            "time": "10.12.2020 21:45",
            "open": "4.889",
            "high": "4.889",
            "low": "4.889",
            "close": "4.904"
        },
        {
            "time": "10.12.2020 21:47",
            "open": "4.904",
            "high": "4.905",
            "low": "4.904",
            "close": "4.904"
        },
        {
            "time": "10.12.2020 21:49",
            "open": "4.904",
            "high": "4.904",
            "low": "4.904",
            "close": "4.906"
        },
        {
            "time": "10.12.2020 22:05",
            "open": "4.906",
            "high": "4.906",
            "low": "4.904",
            "close": "4.893"
        },
        {
            "time": "10.12.2020 22:12",
            "open": "4.893",
            "high": "4.894",
            "low": "4.893",
            "close": "4.891"
        },
        {
            "time": "10.12.2020 22:13",
            "open": "4.891",
            "high": "4.891",
            "low": "4.891",
            "close": "4.903"
        },
        {
            "time": "10.12.2020 22:15",
            "open": "4.903",
            "high": "4.903",
            "low": "4.903",
            "close": "4.901"
        },
        {
            "time": "10.12.2020 22:25",
            "open": "4.901",
            "high": "4.901",
            "low": "4.901",
            "close": "4.894"
        },
        {
            "time": "10.12.2020 22:38",
            "open": "4.894",
            "high": "4.895",
            "low": "4.894",
            "close": "4.896"
        },
        {
            "time": "10.12.2020 22:39",
            "open": "4.896",
            "high": "4.896",
            "low": "4.896",
            "close": "4.884"
        },
        {
            "time": "10.12.2020 22:44",
            "open": "4.884",
            "high": "4.884",
            "low": "4.884",
            "close": "4.892"
        },
        {
            "time": "10.12.2020 22:49",
            "open": "4.892",
            "high": "4.892",
            "low": "4.892",
            "close": "4.88"
        },
        {
            "time": "10.12.2020 22:50",
            "open": "4.88",
            "high": "4.88",
            "low": "4.874",
            "close": "4.885"
        },
        {
            "time": "10.12.2020 22:53",
            "open": "4.885",
            "high": "4.885",
            "low": "4.885",
            "close": "4.885"
        },
        {
            "time": "10.12.2020 22:59",
            "open": "4.885",
            "high": "4.885",
            "low": "4.885",
            "close": "4.904"
        },
        {
            "time": "10.12.2020 23:01",
            "open": "4.904",
            "high": "4.904",
            "low": "4.904",
            "close": "4.885"
        },
        {
            "time": "10.12.2020 23:02",
            "open": "4.885",
            "high": "4.904",
            "low": "4.885",
            "close": "4.903"
        },
        {
            "time": "10.12.2020 23:03",
            "open": "4.903",
            "high": "4.903",
            "low": "4.888",
            "close": "4.903"
        },
        {
            "time": "10.12.2020 23:06",
            "open": "4.903",
            "high": "4.903",
            "low": "4.903",
            "close": "4.885"
        },
        {
            "time": "10.12.2020 23:11",
            "open": "4.885",
            "high": "4.885",
            "low": "4.885",
            "close": "4.897"
        },
        {
            "time": "10.12.2020 23:12",
            "open": "4.897",
            "high": "4.897",
            "low": "4.897",
            "close": "4.892"
        },
        {
            "time": "10.12.2020 23:16",
            "open": "4.892",
            "high": "4.892",
            "low": "4.892",
            "close": "4.895"
        },
        {
            "time": "10.12.2020 23:32",
            "open": "4.895",
            "high": "4.895",
            "low": "4.895",
            "close": "4.88"
        },
        {
            "time": "10.12.2020 23:36",
            "open": "4.88",
            "high": "4.88",
            "low": "4.877",
            "close": "4.882"
        },
        {
            "time": "10.12.2020 23:39",
            "open": "4.882",
            "high": "4.882",
            "low": "4.882",
            "close": "4.883"
        },
        {
            "time": "10.12.2020 23:40",
            "open": "4.883",
            "high": "4.883",
            "low": "4.883",
            "close": "4.883"
        },
        {
            "time": "10.12.2020 23:41",
            "open": "4.883",
            "high": "4.883",
            "low": "4.883",
            "close": "4.884"
        },
        {
            "time": "10.12.2020 23:42",
            "open": "4.884",
            "high": "4.884",
            "low": "4.879",
            "close": "4.893"
        },
        {
            "time": "10.12.2020 23:44",
            "open": "4.893",
            "high": "4.894",
            "low": "4.893",
            "close": "4.882"
        },
        {
            "time": "10.12.2020 23:45",
            "open": "4.882",
            "high": "4.882",
            "low": "4.882",
            "close": "4.884"
        },
        {
            "time": "10.12.2020 23:48",
            "open": "4.884",
            "high": "4.884",
            "low": "4.884",
            "close": "4.884"
        },
        {
            "time": "10.12.2020 23:49",
            "open": "4.884",
            "high": "4.884",
            "low": "4.883",
            "close": "4.885"
        },
        {
            "time": "10.12.2020 23:50",
            "open": "4.885",
            "high": "4.885",
            "low": "4.883",
            "close": "4.886"
        },
        {
            "time": "10.12.2020 23:51",
            "open": "4.886",
            "high": "4.886",
            "low": "4.886",
            "close": "4.886"
        },
        {
            "time": "10.12.2020 23:52",
            "open": "4.886",
            "high": "4.886",
            "low": "4.886",
            "close": "4.899"
        },
        {
            "time": "10.12.2020 23:54",
            "open": "4.899",
            "high": "4.899",
            "low": "4.887",
            "close": "4.886"
        },
        {
            "time": "10.12.2020 23:57",
            "open": "4.886",
            "high": "4.887",
            "low": "4.886",
            "close": "4.887"
        },
        {
            "time": "10.12.2020 23:58",
            "open": "4.887",
            "high": "4.888",
            "low": "4.887",
            "close": "4.887"
        }
    ]
}