{
    "ETC-EUR": [
        {
            "time": "02.11.2020 23:55",
            "open": "4.362",
            "high": "4.362",
            "low": "4.362",
            "close": "4.373"
        },
        {
            "time": "03.11.2020 00:03",
            "open": "4.373",
            "high": "4.373",
            "low": "4.373",
            "close": "4.362"
        },
        {
            "time": "03.11.2020 00:06",
            "open": "4.362",
            "high": "4.362",
            "low": "4.362",
            "close": "4.361"
        },
        {
            "time": "03.11.2020 00:07",
            "open": "4.361",
            "high": "4.361",
            "low": "4.361",
            "close": "4.365"
        },
        {
            "time": "03.11.2020 00:08",
            "open": "4.365",
            "high": "4.371",
            "low": "4.365",
            "close": "4.359"
        },
        {
            "time": "03.11.2020 00:09",
            "open": "4.359",
            "high": "4.361",
            "low": "4.359",
            "close": "4.357"
        },
        {
            "time": "03.11.2020 00:10",
            "open": "4.357",
            "high": "4.358",
            "low": "4.357",
            "close": "4.355"
        },
        {
            "time": "03.11.2020 00:12",
            "open": "4.355",
            "high": "4.361",
            "low": "4.355",
            "close": "4.359"
        },
        {
            "time": "03.11.2020 00:13",
            "open": "4.359",
            "high": "4.362",
            "low": "4.354",
            "close": "4.354"
        },
        {
            "time": "03.11.2020 00:14",
            "open": "4.354",
            "high": "4.359",
            "low": "4.35",
            "close": "4.35"
        },
        {
            "time": "03.11.2020 00:15",
            "open": "4.35",
            "high": "4.359",
            "low": "4.35",
            "close": "4.358"
        },
        {
            "time": "03.11.2020 00:16",
            "open": "4.358",
            "high": "4.408",
            "low": "4.35",
            "close": "4.345"
        },
        {
            "time": "03.11.2020 00:18",
            "open": "4.345",
            "high": "4.345",
            "low": "4.345",
            "close": "4.341"
        },
        {
            "time": "03.11.2020 00:19",
            "open": "4.341",
            "high": "4.342",
            "low": "4.339",
            "close": "4.337"
        },
        {
            "time": "03.11.2020 00:22",
            "open": "4.337",
            "high": "4.337",
            "low": "4.336",
            "close": "4.333"
        },
        {
            "time": "03.11.2020 00:24",
            "open": "4.333",
            "high": "4.334",
            "low": "4.332",
            "close": "4.332"
        },
        {
            "time": "03.11.2020 00:25",
            "open": "4.332",
            "high": "4.332",
            "low": "4.332",
            "close": "4.332"
        },
        {
            "time": "03.11.2020 00:26",
            "open": "4.332",
            "high": "4.333",
            "low": "4.33",
            "close": "4.33"
        },
        {
            "time": "03.11.2020 00:28",
            "open": "4.33",
            "high": "4.33",
            "low": "4.325",
            "close": "4.325"
        },
        {
            "time": "03.11.2020 00:33",
            "open": "4.325",
            "high": "4.325",
            "low": "4.313",
            "close": "4.326"
        },
        {
            "time": "03.11.2020 00:38",
            "open": "4.326",
            "high": "4.326",
            "low": "4.326",
            "close": "4.326"
        },
        {
            "time": "03.11.2020 00:41",
            "open": "4.326",
            "high": "4.326",
            "low": "4.326",
            "close": "4.326"
        },
        {
            "time": "03.11.2020 00:43",
            "open": "4.334",
            "high": "4.334",
            "low": "4.334",
            "close": "4.336"
        },
        {
            "time": "03.11.2020 00:45",
            "open": "4.336",
            "high": "4.382",
            "low": "4.336",
            "close": "4.328"
        },
        {
            "time": "03.11.2020 00:46",
            "open": "4.328",
            "high": "4.328",
            "low": "4.328",
            "close": "4.331"
        },
        {
            "time": "03.11.2020 00:47",
            "open": "4.331",
            "high": "4.331",
            "low": "4.331",
            "close": "4.321"
        },
        {
            "time": "03.11.2020 00:56",
            "open": "4.321",
            "high": "4.325",
            "low": "4.321",
            "close": "4.323"
        },
        {
            "time": "03.11.2020 00:58",
            "open": "4.323",
            "high": "4.323",
            "low": "4.323",
            "close": "4.324"
        },
        {
            "time": "03.11.2020 01:00",
            "open": "4.324",
            "high": "4.326",
            "low": "4.324",
            "close": "4.323"
        },
        {
            "time": "03.11.2020 01:02",
            "open": "4.323",
            "high": "4.323",
            "low": "4.316",
            "close": "4.314"
        },
        {
            "time": "03.11.2020 01:07",
            "open": "4.314",
            "high": "4.314",
            "low": "4.314",
            "close": "4.314"
        },
        {
            "time": "03.11.2020 01:08",
            "open": "4.314",
            "high": "4.314",
            "low": "4.314",
            "close": "4.31"
        },
        {
            "time": "03.11.2020 01:10",
            "open": "4.31",
            "high": "4.31",
            "low": "4.31",
            "close": "4.317"
        },
        {
            "time": "03.11.2020 01:12",
            "open": "4.317",
            "high": "4.322",
            "low": "4.308",
            "close": "4.311"
        },
        {
            "time": "03.11.2020 01:17",
            "open": "4.311",
            "high": "4.313",
            "low": "4.311",
            "close": "4.308"
        },
        {
            "time": "03.11.2020 01:21",
            "open": "4.308",
            "high": "4.313",
            "low": "4.308",
            "close": "4.306"
        },
        {
            "time": "03.11.2020 01:25",
            "open": "4.306",
            "high": "4.306",
            "low": "4.306",
            "close": "4.309"
        },
        {
            "time": "03.11.2020 01:29",
            "open": "4.309",
            "high": "4.309",
            "low": "4.309",
            "close": "4.308"
        },
        {
            "time": "03.11.2020 01:30",
            "open": "4.308",
            "high": "4.308",
            "low": "4.308",
            "close": "4.304"
        },
        {
            "time": "03.11.2020 01:31",
            "open": "4.304",
            "high": "4.304",
            "low": "4.303",
            "close": "4.315"
        },
        {
            "time": "03.11.2020 01:59",
            "open": "4.315",
            "high": "4.315",
            "low": "4.315",
            "close": "4.3"
        },
        {
            "time": "03.11.2020 02:08",
            "open": "4.3",
            "high": "4.3",
            "low": "4.3",
            "close": "4.294"
        },
        {
            "time": "03.11.2020 02:11",
            "open": "4.294",
            "high": "4.294",
            "low": "4.294",
            "close": "4.294"
        },
        {
            "time": "03.11.2020 02:12",
            "open": "4.294",
            "high": "4.294",
            "low": "4.294",
            "close": "4.287"
        },
        {
            "time": "03.11.2020 02:13",
            "open": "4.287",
            "high": "4.287",
            "low": "4.287",
            "close": "4.287"
        },
        {
            "time": "03.11.2020 02:14",
            "open": "4.287",
            "high": "4.287",
            "low": "4.279",
            "close": "4.279"
        },
        {
            "time": "03.11.2020 02:16",
            "open": "4.279",
            "high": "4.335",
            "low": "4.279",
            "close": "4.284"
        },
        {
            "time": "03.11.2020 02:17",
            "open": "4.284",
            "high": "4.286",
            "low": "4.284",
            "close": "4.279"
        },
        {
            "time": "03.11.2020 02:19",
            "open": "4.279",
            "high": "4.284",
            "low": "4.276",
            "close": "4.285"
        },
        {
            "time": "03.11.2020 02:22",
            "open": "4.285",
            "high": "4.29",
            "low": "4.285",
            "close": "4.282"
        },
        {
            "time": "03.11.2020 02:29",
            "open": "4.282",
            "high": "4.282",
            "low": "4.282",
            "close": "4.277"
        },
        {
            "time": "03.11.2020 02:40",
            "open": "4.277",
            "high": "4.277",
            "low": "4.277",
            "close": "4.28"
        },
        {
            "time": "03.11.2020 02:42",
            "open": "4.28",
            "high": "4.281",
            "low": "4.279",
            "close": "4.276"
        },
        {
            "time": "03.11.2020 02:55",
            "open": "4.276",
            "high": "4.276",
            "low": "4.271",
            "close": "4.273"
        },
        {
            "time": "03.11.2020 02:57",
            "open": "4.273",
            "high": "4.273",
            "low": "4.271",
            "close": "4.27"
        },
        {
            "time": "03.11.2020 03:00",
            "open": "4.27",
            "high": "4.27",
            "low": "4.267",
            "close": "4.267"
        },
        {
            "time": "03.11.2020 03:18",
            "open": "4.267",
            "high": "4.267",
            "low": "4.267",
            "close": "4.266"
        },
        {
            "time": "03.11.2020 03:32",
            "open": "4.266",
            "high": "4.266",
            "low": "4.26",
            "close": "4.264"
        },
        {
            "time": "03.11.2020 03:33",
            "open": "4.264",
            "high": "4.264",
            "low": "4.26",
            "close": "4.26"
        },
        {
            "time": "03.11.2020 03:34",
            "open": "4.26",
            "high": "4.26",
            "low": "4.26",
            "close": "4.253"
        },
        {
            "time": "03.11.2020 03:35",
            "open": "4.253",
            "high": "4.253",
            "low": "4.211",
            "close": "4.218"
        },
        {
            "time": "03.11.2020 03:36",
            "open": "4.218",
            "high": "4.223",
            "low": "4.209",
            "close": "4.231"
        },
        {
            "time": "03.11.2020 03:38",
            "open": "4.231",
            "high": "4.231",
            "low": "4.231",
            "close": "4.227"
        },
        {
            "time": "03.11.2020 03:39",
            "open": "4.227",
            "high": "4.227",
            "low": "4.227",
            "close": "4.226"
        },
        {
            "time": "03.11.2020 03:40",
            "open": "4.226",
            "high": "4.226",
            "low": "4.226",
            "close": "4.222"
        },
        {
            "time": "03.11.2020 03:43",
            "open": "4.209",
            "high": "4.209",
            "low": "4.209",
            "close": "4.217"
        },
        {
            "time": "03.11.2020 03:46",
            "open": "4.217",
            "high": "4.217",
            "low": "4.217",
            "close": "4.215"
        },
        {
            "time": "03.11.2020 03:47",
            "open": "4.215",
            "high": "4.218",
            "low": "4.206",
            "close": "4.217"
        },
        {
            "time": "03.11.2020 03:51",
            "open": "4.217",
            "high": "4.217",
            "low": "4.209",
            "close": "4.205"
        },
        {
            "time": "03.11.2020 03:52",
            "open": "4.205",
            "high": "4.205",
            "low": "4.203",
            "close": "4.203"
        },
        {
            "time": "03.11.2020 03:53",
            "open": "4.203",
            "high": "4.203",
            "low": "4.2",
            "close": "4.2"
        },
        {
            "time": "03.11.2020 03:54",
            "open": "4.2",
            "high": "4.2",
            "low": "4.2",
            "close": "4.2"
        },
        {
            "time": "03.11.2020 03:55",
            "open": "4.2",
            "high": "4.2",
            "low": "4.193",
            "close": "4.194"
        },
        {
            "time": "03.11.2020 03:56",
            "open": "4.194",
            "high": "4.205",
            "low": "4.193",
            "close": "4.188"
        },
        {
            "time": "03.11.2020 03:57",
            "open": "4.188",
            "high": "4.2",
            "low": "4.187",
            "close": "4.196"
        },
        {
            "time": "03.11.2020 03:58",
            "open": "4.196",
            "high": "4.206",
            "low": "4.191",
            "close": "4.183"
        },
        {
            "time": "03.11.2020 03:59",
            "open": "4.183",
            "high": "4.19",
            "low": "4.183",
            "close": "4.181"
        },
        {
            "time": "03.11.2020 04:00",
            "open": "4.181",
            "high": "4.181",
            "low": "4.181",
            "close": "4.184"
        },
        {
            "time": "03.11.2020 04:01",
            "open": "4.184",
            "high": "4.187",
            "low": "4.181",
            "close": "4.184"
        },
        {
            "time": "03.11.2020 04:02",
            "open": "4.184",
            "high": "4.184",
            "low": "4.168",
            "close": "4.176"
        },
        {
            "time": "03.11.2020 04:03",
            "open": "4.176",
            "high": "4.176",
            "low": "4.176",
            "close": "4.177"
        },
        {
            "time": "03.11.2020 04:05",
            "open": "4.177",
            "high": "4.177",
            "low": "4.177",
            "close": "4.176"
        },
        {
            "time": "03.11.2020 04:06",
            "open": "4.176",
            "high": "4.178",
            "low": "4.176",
            "close": "4.179"
        },
        {
            "time": "03.11.2020 04:07",
            "open": "4.179",
            "high": "4.179",
            "low": "4.179",
            "close": "4.173"
        },
        {
            "time": "03.11.2020 04:08",
            "open": "4.173",
            "high": "4.173",
            "low": "4.173",
            "close": "4.168"
        },
        {
            "time": "03.11.2020 04:10",
            "open": "4.168",
            "high": "4.168",
            "low": "4.165",
            "close": "4.158"
        },
        {
            "time": "03.11.2020 04:11",
            "open": "4.158",
            "high": "4.158",
            "low": "4.13",
            "close": "4.13"
        },
        {
            "time": "03.11.2020 04:12",
            "open": "4.13",
            "high": "4.145",
            "low": "4.111",
            "close": "4.135"
        },
        {
            "time": "03.11.2020 04:13",
            "open": "4.135",
            "high": "4.138",
            "low": "4.121",
            "close": "4.121"
        },
        {
            "time": "03.11.2020 04:14",
            "open": "4.121",
            "high": "4.122",
            "low": "4.117",
            "close": "4.113"
        },
        {
            "time": "03.11.2020 04:15",
            "open": "4.113",
            "high": "4.113",
            "low": "4.113",
            "close": "4.106"
        },
        {
            "time": "03.11.2020 04:17",
            "open": "4.106",
            "high": "4.106",
            "low": "4.102",
            "close": "4.102"
        },
        {
            "time": "03.11.2020 04:18",
            "open": "4.102",
            "high": "4.102",
            "low": "4.098",
            "close": "4.084"
        },
        {
            "time": "03.11.2020 04:19",
            "open": "4.084",
            "high": "4.084",
            "low": "4.084",
            "close": "4.084"
        },
        {
            "time": "03.11.2020 04:22",
            "open": "4.084",
            "high": "4.084",
            "low": "4.084",
            "close": "4.082"
        },
        {
            "time": "03.11.2020 04:23",
            "open": "4.082",
            "high": "4.082",
            "low": "4.082",
            "close": "4.082"
        },
        {
            "time": "03.11.2020 04:24",
            "open": "4.082",
            "high": "4.083",
            "low": "4.082",
            "close": "4.088"
        },
        {
            "time": "03.11.2020 04:25",
            "open": "4.088",
            "high": "4.088",
            "low": "4.088",
            "close": "4.086"
        },
        {
            "time": "03.11.2020 04:26",
            "open": "4.086",
            "high": "4.097",
            "low": "4.086",
            "close": "4.077"
        },
        {
            "time": "03.11.2020 04:27",
            "open": "4.077",
            "high": "4.079",
            "low": "4.077",
            "close": "4.077"
        },
        {
            "time": "03.11.2020 04:29",
            "open": "4.077",
            "high": "4.08",
            "low": "4.076",
            "close": "4.071"
        },
        {
            "time": "03.11.2020 04:30",
            "open": "4.071",
            "high": "4.071",
            "low": "4.071",
            "close": "4.082"
        },
        {
            "time": "03.11.2020 04:31",
            "open": "4.082",
            "high": "4.082",
            "low": "4.072",
            "close": "4.07"
        },
        {
            "time": "03.11.2020 04:32",
            "open": "4.07",
            "high": "4.076",
            "low": "4.07",
            "close": "4.083"
        },
        {
            "time": "03.11.2020 04:34",
            "open": "4.083",
            "high": "4.085",
            "low": "4.083",
            "close": "4.086"
        },
        {
            "time": "03.11.2020 04:35",
            "open": "4.086",
            "high": "4.086",
            "low": "4.084",
            "close": "4.073"
        },
        {
            "time": "03.11.2020 04:36",
            "open": "4.073",
            "high": "4.073",
            "low": "4.005",
            "close": "4.084"
        },
        {
            "time": "03.11.2020 04:38",
            "open": "4.084",
            "high": "4.084",
            "low": "4.084",
            "close": "4.083"
        },
        {
            "time": "03.11.2020 04:39",
            "open": "4.083",
            "high": "4.083",
            "low": "4.083",
            "close": "4.108"
        },
        {
            "time": "03.11.2020 04:41",
            "open": "4.108",
            "high": "4.108",
            "low": "4.108",
            "close": "4.099"
        },
        {
            "time": "03.11.2020 04:42",
            "open": "4.099",
            "high": "4.099",
            "low": "4.099",
            "close": "4.089"
        },
        {
            "time": "03.11.2020 04:43",
            "open": "4.089",
            "high": "4.089",
            "low": "4.065",
            "close": "4.092"
        },
        {
            "time": "03.11.2020 04:49",
            "open": "4.092",
            "high": "4.092",
            "low": "4.075",
            "close": "4.091"
        },
        {
            "time": "03.11.2020 04:54",
            "open": "4.091",
            "high": "4.091",
            "low": "4.091",
            "close": "4.091"
        },
        {
            "time": "03.11.2020 04:56",
            "open": "4.091",
            "high": "4.091",
            "low": "4.091",
            "close": "4.083"
        },
        {
            "time": "03.11.2020 05:04",
            "open": "4.083",
            "high": "4.089",
            "low": "4.083",
            "close": "4.095"
        },
        {
            "time": "03.11.2020 05:12",
            "open": "4.095",
            "high": "4.095",
            "low": "4.095",
            "close": "4.086"
        },
        {
            "time": "03.11.2020 05:15",
            "open": "4.086",
            "high": "4.086",
            "low": "4.086",
            "close": "4.092"
        },
        {
            "time": "03.11.2020 05:16",
            "open": "4.092",
            "high": "4.092",
            "low": "4.092",
            "close": "4.09"
        },
        {
            "time": "03.11.2020 05:47",
            "open": "4.09",
            "high": "4.09",
            "low": "4.09",
            "close": "4.098"
        },
        {
            "time": "03.11.2020 05:51",
            "open": "4.098",
            "high": "4.098",
            "low": "4.098",
            "close": "4.093"
        },
        {
            "time": "03.11.2020 05:55",
            "open": "4.093",
            "high": "4.093",
            "low": "4.093",
            "close": "4.083"
        },
        {
            "time": "03.11.2020 05:58",
            "open": "4.083",
            "high": "4.083",
            "low": "4.07",
            "close": "4.089"
        },
        {
            "time": "03.11.2020 06:01",
            "open": "4.089",
            "high": "4.117",
            "low": "4.089",
            "close": "4.103"
        },
        {
            "time": "03.11.2020 06:03",
            "open": "4.103",
            "high": "4.109",
            "low": "4.103",
            "close": "4.109"
        },
        {
            "time": "03.11.2020 06:06",
            "open": "4.109",
            "high": "4.117",
            "low": "4.107",
            "close": "4.106"
        },
        {
            "time": "03.11.2020 06:07",
            "open": "4.106",
            "high": "4.106",
            "low": "4.106",
            "close": "4.113"
        },
        {
            "time": "03.11.2020 06:08",
            "open": "4.113",
            "high": "4.113",
            "low": "4.113",
            "close": "4.112"
        },
        {
            "time": "03.11.2020 06:09",
            "open": "4.112",
            "high": "4.112",
            "low": "4.111",
            "close": "4.117"
        },
        {
            "time": "03.11.2020 06:13",
            "open": "4.117",
            "high": "4.121",
            "low": "4.117",
            "close": "4.124"
        },
        {
            "time": "03.11.2020 06:14",
            "open": "4.124",
            "high": "4.124",
            "low": "4.124",
            "close": "4.12"
        },
        {
            "time": "03.11.2020 06:17",
            "open": "4.12",
            "high": "4.125",
            "low": "4.12",
            "close": "4.122"
        },
        {
            "time": "03.11.2020 06:18",
            "open": "4.122",
            "high": "4.126",
            "low": "4.122",
            "close": "4.124"
        },
        {
            "time": "03.11.2020 06:20",
            "open": "4.124",
            "high": "4.124",
            "low": "4.124",
            "close": "4.112"
        },
        {
            "time": "03.11.2020 06:23",
            "open": "4.112",
            "high": "4.112",
            "low": "4.112",
            "close": "4.108"
        },
        {
            "time": "03.11.2020 06:29",
            "open": "4.108",
            "high": "4.108",
            "low": "4.108",
            "close": "4.11"
        },
        {
            "time": "03.11.2020 06:41",
            "open": "4.11",
            "high": "4.114",
            "low": "4.11",
            "close": "4.092"
        },
        {
            "time": "03.11.2020 06:44",
            "open": "4.092",
            "high": "4.092",
            "low": "4.086",
            "close": "4.09"
        },
        {
            "time": "03.11.2020 06:50",
            "open": "4.09",
            "high": "4.09",
            "low": "4.088",
            "close": "4.092"
        },
        {
            "time": "03.11.2020 06:56",
            "open": "4.092",
            "high": "4.092",
            "low": "4.092",
            "close": "4.092"
        },
        {
            "time": "03.11.2020 07:02",
            "open": "4.092",
            "high": "4.093",
            "low": "4.092",
            "close": "4.08"
        },
        {
            "time": "03.11.2020 07:03",
            "open": "4.08",
            "high": "4.08",
            "low": "4.08",
            "close": "4.086"
        },
        {
            "time": "03.11.2020 07:04",
            "open": "4.086",
            "high": "4.086",
            "low": "4.08",
            "close": "4.082"
        },
        {
            "time": "03.11.2020 07:07",
            "open": "4.082",
            "high": "4.082",
            "low": "4.082",
            "close": "4.094"
        },
        {
            "time": "03.11.2020 07:09",
            "open": "4.094",
            "high": "4.094",
            "low": "4.094",
            "close": "4.087"
        },
        {
            "time": "03.11.2020 07:10",
            "open": "4.087",
            "high": "4.087",
            "low": "4.07",
            "close": "4.082"
        },
        {
            "time": "03.11.2020 07:12",
            "open": "4.082",
            "high": "4.082",
            "low": "4.082",
            "close": "4.089"
        },
        {
            "time": "03.11.2020 07:14",
            "open": "4.089",
            "high": "4.107",
            "low": "4.089",
            "close": "4.103"
        },
        {
            "time": "03.11.2020 07:17",
            "open": "4.103",
            "high": "4.103",
            "low": "4.103",
            "close": "4.101"
        },
        {
            "time": "03.11.2020 07:25",
            "open": "4.101",
            "high": "4.111",
            "low": "4.101",
            "close": "4.096"
        },
        {
            "time": "03.11.2020 07:30",
            "open": "4.096",
            "high": "4.096",
            "low": "4.084",
            "close": "4.088"
        },
        {
            "time": "03.11.2020 07:31",
            "open": "4.088",
            "high": "4.095",
            "low": "4.088",
            "close": "4.101"
        },
        {
            "time": "03.11.2020 07:33",
            "open": "4.101",
            "high": "4.101",
            "low": "4.101",
            "close": "4.094"
        },
        {
            "time": "03.11.2020 07:37",
            "open": "4.094",
            "high": "4.094",
            "low": "4.094",
            "close": "4.094"
        },
        {
            "time": "03.11.2020 07:38",
            "open": "4.094",
            "high": "4.115",
            "low": "4.088",
            "close": "4.086"
        },
        {
            "time": "03.11.2020 07:39",
            "open": "4.086",
            "high": "4.088",
            "low": "4.084",
            "close": "4.085"
        },
        {
            "time": "03.11.2020 07:40",
            "open": "4.085",
            "high": "4.09",
            "low": "4.085",
            "close": "4.093"
        },
        {
            "time": "03.11.2020 07:42",
            "open": "4.093",
            "high": "4.096",
            "low": "4.093",
            "close": "4.093"
        },
        {
            "time": "03.11.2020 07:43",
            "open": "4.093",
            "high": "4.093",
            "low": "4.093",
            "close": "4.094"
        },
        {
            "time": "03.11.2020 07:44",
            "open": "4.094",
            "high": "4.094",
            "low": "4.094",
            "close": "4.1"
        },
        {
            "time": "03.11.2020 07:48",
            "open": "4.1",
            "high": "4.101",
            "low": "4.1",
            "close": "4.105"
        },
        {
            "time": "03.11.2020 07:51",
            "open": "4.105",
            "high": "4.106",
            "low": "4.105",
            "close": "4.101"
        },
        {
            "time": "03.11.2020 07:59",
            "open": "4.101",
            "high": "4.103",
            "low": "4.101",
            "close": "4.1"
        },
        {
            "time": "03.11.2020 08:00",
            "open": "4.1",
            "high": "4.1",
            "low": "4.1",
            "close": "4.093"
        },
        {
            "time": "03.11.2020 08:01",
            "open": "4.093",
            "high": "4.093",
            "low": "4.093",
            "close": "4.089"
        },
        {
            "time": "03.11.2020 08:04",
            "open": "4.089",
            "high": "4.089",
            "low": "4.082",
            "close": "4.089"
        },
        {
            "time": "03.11.2020 08:06",
            "open": "4.089",
            "high": "4.089",
            "low": "4.089",
            "close": "4.093"
        },
        {
            "time": "03.11.2020 08:08",
            "open": "4.093",
            "high": "4.093",
            "low": "4.093",
            "close": "4.099"
        },
        {
            "time": "03.11.2020 08:09",
            "open": "4.099",
            "high": "4.099",
            "low": "4.099",
            "close": "4.09"
        },
        {
            "time": "03.11.2020 08:11",
            "open": "4.09",
            "high": "4.09",
            "low": "4.09",
            "close": "4.091"
        },
        {
            "time": "03.11.2020 08:13",
            "open": "4.091",
            "high": "4.091",
            "low": "4.091",
            "close": "4.102"
        },
        {
            "time": "03.11.2020 08:15",
            "open": "4.102",
            "high": "4.102",
            "low": "4.102",
            "close": "4.099"
        },
        {
            "time": "03.11.2020 08:17",
            "open": "4.099",
            "high": "4.1",
            "low": "4.099",
            "close": "4.109"
        },
        {
            "time": "03.11.2020 08:22",
            "open": "4.109",
            "high": "4.166",
            "low": "4.107",
            "close": "4.102"
        },
        {
            "time": "03.11.2020 08:27",
            "open": "4.102",
            "high": "4.102",
            "low": "4.102",
            "close": "4.101"
        },
        {
            "time": "03.11.2020 08:30",
            "open": "4.101",
            "high": "4.101",
            "low": "4.101",
            "close": "4.101"
        },
        {
            "time": "03.11.2020 08:33",
            "open": "4.101",
            "high": "4.101",
            "low": "4.101",
            "close": "4.101"
        },
        {
            "time": "03.11.2020 08:34",
            "open": "4.101",
            "high": "4.101",
            "low": "4.101",
            "close": "4.1"
        },
        {
            "time": "03.11.2020 08:36",
            "open": "4.1",
            "high": "4.1",
            "low": "4.1",
            "close": "4.102"
        },
        {
            "time": "03.11.2020 08:41",
            "open": "4.102",
            "high": "4.102",
            "low": "4.098",
            "close": "4.102"
        },
        {
            "time": "03.11.2020 08:46",
            "open": "4.102",
            "high": "4.102",
            "low": "4.102",
            "close": "4.095"
        },
        {
            "time": "03.11.2020 08:47",
            "open": "4.095",
            "high": "4.095",
            "low": "4.095",
            "close": "4.104"
        },
        {
            "time": "03.11.2020 08:54",
            "open": "4.104",
            "high": "4.104",
            "low": "4.104",
            "close": "4.103"
        },
        {
            "time": "03.11.2020 08:55",
            "open": "4.098",
            "high": "4.098",
            "low": "4.098",
            "close": "4.103"
        },
        {
            "time": "03.11.2020 08:57",
            "open": "4.103",
            "high": "4.103",
            "low": "4.103",
            "close": "4.1"
        },
        {
            "time": "03.11.2020 08:58",
            "open": "4.1",
            "high": "4.1",
            "low": "4.1",
            "close": "4.101"
        },
        {
            "time": "03.11.2020 08:59",
            "open": "4.101",
            "high": "4.101",
            "low": "4.101",
            "close": "4.102"
        },
        {
            "time": "03.11.2020 09:01",
            "open": "4.102",
            "high": "4.153",
            "low": "4.102",
            "close": "4.125"
        },
        {
            "time": "03.11.2020 09:02",
            "open": "4.125",
            "high": "4.126",
            "low": "4.125",
            "close": "4.118"
        },
        {
            "time": "03.11.2020 09:03",
            "open": "4.118",
            "high": "4.118",
            "low": "4.11",
            "close": "4.11"
        },
        {
            "time": "03.11.2020 09:06",
            "open": "4.11",
            "high": "4.11",
            "low": "4.11",
            "close": "4.107"
        },
        {
            "time": "03.11.2020 09:07",
            "open": "4.107",
            "high": "4.107",
            "low": "4.107",
            "close": "4.112"
        },
        {
            "time": "03.11.2020 09:11",
            "open": "4.112",
            "high": "4.112",
            "low": "4.112",
            "close": "4.127"
        },
        {
            "time": "03.11.2020 09:14",
            "open": "4.127",
            "high": "4.127",
            "low": "4.127",
            "close": "4.124"
        },
        {
            "time": "03.11.2020 09:15",
            "open": "4.124",
            "high": "4.124",
            "low": "4.124",
            "close": "4.13"
        },
        {
            "time": "03.11.2020 09:16",
            "open": "4.13",
            "high": "4.13",
            "low": "4.13",
            "close": "4.126"
        },
        {
            "time": "03.11.2020 09:17",
            "open": "4.126",
            "high": "4.136",
            "low": "4.126",
            "close": "4.121"
        },
        {
            "time": "03.11.2020 09:29",
            "open": "4.121",
            "high": "4.121",
            "low": "4.121",
            "close": "4.13"
        },
        {
            "time": "03.11.2020 09:33",
            "open": "4.13",
            "high": "4.13",
            "low": "4.13",
            "close": "4.124"
        },
        {
            "time": "03.11.2020 09:35",
            "open": "4.124",
            "high": "4.124",
            "low": "4.124",
            "close": "4.132"
        },
        {
            "time": "03.11.2020 09:36",
            "open": "4.132",
            "high": "4.139",
            "low": "4.132",
            "close": "4.135"
        },
        {
            "time": "03.11.2020 09:39",
            "open": "4.135",
            "high": "4.136",
            "low": "4.135",
            "close": "4.133"
        },
        {
            "time": "03.11.2020 09:40",
            "open": "4.133",
            "high": "4.133",
            "low": "4.133",
            "close": "4.133"
        },
        {
            "time": "03.11.2020 09:45",
            "open": "4.133",
            "high": "4.133",
            "low": "4.133",
            "close": "4.141"
        },
        {
            "time": "03.11.2020 09:48",
            "open": "4.141",
            "high": "4.141",
            "low": "4.141",
            "close": "4.139"
        },
        {
            "time": "03.11.2020 09:49",
            "open": "4.139",
            "high": "4.139",
            "low": "4.139",
            "close": "4.133"
        },
        {
            "time": "03.11.2020 09:50",
            "open": "4.133",
            "high": "4.133",
            "low": "4.13",
            "close": "4.143"
        },
        {
            "time": "03.11.2020 09:51",
            "open": "4.143",
            "high": "4.145",
            "low": "4.143",
            "close": "4.143"
        },
        {
            "time": "03.11.2020 09:52",
            "open": "4.143",
            "high": "4.149",
            "low": "4.143",
            "close": "4.146"
        },
        {
            "time": "03.11.2020 09:56",
            "open": "4.146",
            "high": "4.152",
            "low": "4.146",
            "close": "4.146"
        },
        {
            "time": "03.11.2020 09:58",
            "open": "4.146",
            "high": "4.146",
            "low": "4.146",
            "close": "4.152"
        },
        {
            "time": "03.11.2020 09:59",
            "open": "4.152",
            "high": "4.153",
            "low": "4.152",
            "close": "4.153"
        },
        {
            "time": "03.11.2020 10:00",
            "open": "4.153",
            "high": "4.153",
            "low": "4.153",
            "close": "4.153"
        },
        {
            "time": "03.11.2020 10:01",
            "open": "4.153",
            "high": "4.153",
            "low": "4.153",
            "close": "4.155"
        },
        {
            "time": "03.11.2020 10:06",
            "open": "4.155",
            "high": "4.155",
            "low": "4.155",
            "close": "4.155"
        },
        {
            "time": "03.11.2020 10:07",
            "open": "4.155",
            "high": "4.155",
            "low": "4.155",
            "close": "4.155"
        },
        {
            "time": "03.11.2020 10:08",
            "open": "4.155",
            "high": "4.17",
            "low": "4.155",
            "close": "4.169"
        },
        {
            "time": "03.11.2020 10:09",
            "open": "4.169",
            "high": "4.182",
            "low": "4.169",
            "close": "4.148"
        },
        {
            "time": "03.11.2020 10:24",
            "open": "4.148",
            "high": "4.148",
            "low": "4.148",
            "close": "4.147"
        },
        {
            "time": "03.11.2020 10:25",
            "open": "4.147",
            "high": "4.147",
            "low": "4.147",
            "close": "4.173"
        },
        {
            "time": "03.11.2020 10:28",
            "open": "4.173",
            "high": "4.175",
            "low": "4.173",
            "close": "4.164"
        },
        {
            "time": "03.11.2020 10:31",
            "open": "4.164",
            "high": "4.164",
            "low": "4.164",
            "close": "4.155"
        },
        {
            "time": "03.11.2020 10:38",
            "open": "4.155",
            "high": "4.155",
            "low": "4.155",
            "close": "4.17"
        },
        {
            "time": "03.11.2020 10:40",
            "open": "4.17",
            "high": "4.17",
            "low": "4.17",
            "close": "4.155"
        },
        {
            "time": "03.11.2020 10:41",
            "open": "4.155",
            "high": "4.155",
            "low": "4.155",
            "close": "4.175"
        },
        {
            "time": "03.11.2020 10:48",
            "open": "4.175",
            "high": "4.175",
            "low": "4.175",
            "close": "4.172"
        },
        {
            "time": "03.11.2020 10:49",
            "open": "4.172",
            "high": "4.172",
            "low": "4.172",
            "close": "4.157"
        },
        {
            "time": "03.11.2020 10:51",
            "open": "4.157",
            "high": "4.157",
            "low": "4.157",
            "close": "4.173"
        },
        {
            "time": "03.11.2020 10:56",
            "open": "4.173",
            "high": "4.173",
            "low": "4.173",
            "close": "4.155"
        },
        {
            "time": "03.11.2020 11:11",
            "open": "4.155",
            "high": "4.175",
            "low": "4.155",
            "close": "4.177"
        },
        {
            "time": "03.11.2020 11:13",
            "open": "4.177",
            "high": "4.177",
            "low": "4.177",
            "close": "4.171"
        },
        {
            "time": "03.11.2020 11:16",
            "open": "4.171",
            "high": "4.171",
            "low": "4.171",
            "close": "4.151"
        },
        {
            "time": "03.11.2020 11:22",
            "open": "4.151",
            "high": "4.151",
            "low": "4.151",
            "close": "4.157"
        },
        {
            "time": "03.11.2020 11:26",
            "open": "4.157",
            "high": "4.157",
            "low": "4.153",
            "close": "4.152"
        },
        {
            "time": "03.11.2020 11:28",
            "open": "4.152",
            "high": "4.152",
            "low": "4.146",
            "close": "4.156"
        },
        {
            "time": "03.11.2020 11:35",
            "open": "4.156",
            "high": "4.159",
            "low": "4.156",
            "close": "4.157"
        },
        {
            "time": "03.11.2020 11:42",
            "open": "4.157",
            "high": "4.157",
            "low": "4.157",
            "close": "4.172"
        },
        {
            "time": "03.11.2020 11:51",
            "open": "4.172",
            "high": "4.172",
            "low": "4.172",
            "close": "4.179"
        },
        {
            "time": "03.11.2020 11:54",
            "open": "4.179",
            "high": "4.179",
            "low": "4.179",
            "close": "4.183"
        },
        {
            "time": "03.11.2020 11:55",
            "open": "4.183",
            "high": "4.183",
            "low": "4.171",
            "close": "4.184"
        },
        {
            "time": "03.11.2020 11:57",
            "open": "4.184",
            "high": "4.189",
            "low": "4.184",
            "close": "4.19"
        },
        {
            "time": "03.11.2020 11:58",
            "open": "4.19",
            "high": "4.19",
            "low": "4.19",
            "close": "4.195"
        },
        {
            "time": "03.11.2020 11:59",
            "open": "4.195",
            "high": "4.196",
            "low": "4.195",
            "close": "4.195"
        },
        {
            "time": "03.11.2020 12:02",
            "open": "4.195",
            "high": "4.2",
            "low": "4.195",
            "close": "4.201"
        },
        {
            "time": "03.11.2020 12:07",
            "open": "4.201",
            "high": "4.223",
            "low": "4.201",
            "close": "4.209"
        },
        {
            "time": "03.11.2020 12:08",
            "open": "4.209",
            "high": "4.209",
            "low": "4.209",
            "close": "4.204"
        },
        {
            "time": "03.11.2020 12:11",
            "open": "4.204",
            "high": "4.204",
            "low": "4.204",
            "close": "4.205"
        },
        {
            "time": "03.11.2020 12:12",
            "open": "4.205",
            "high": "4.205",
            "low": "4.205",
            "close": "4.198"
        },
        {
            "time": "03.11.2020 12:18",
            "open": "4.198",
            "high": "4.198",
            "low": "4.198",
            "close": "4.211"
        },
        {
            "time": "03.11.2020 12:23",
            "open": "4.211",
            "high": "4.211",
            "low": "4.211",
            "close": "4.198"
        },
        {
            "time": "03.11.2020 12:24",
            "open": "4.198",
            "high": "4.198",
            "low": "4.198",
            "close": "4.195"
        },
        {
            "time": "03.11.2020 12:28",
            "open": "4.195",
            "high": "4.195",
            "low": "4.195",
            "close": "4.201"
        },
        {
            "time": "03.11.2020 12:31",
            "open": "4.201",
            "high": "4.201",
            "low": "4.201",
            "close": "4.197"
        },
        {
            "time": "03.11.2020 12:39",
            "open": "4.197",
            "high": "4.197",
            "low": "4.197",
            "close": "4.194"
        },
        {
            "time": "03.11.2020 12:41",
            "open": "4.194",
            "high": "4.196",
            "low": "4.194",
            "close": "4.19"
        },
        {
            "time": "03.11.2020 12:53",
            "open": "4.19",
            "high": "4.19",
            "low": "4.19",
            "close": "4.185"
        },
        {
            "time": "03.11.2020 12:54",
            "open": "4.185",
            "high": "4.185",
            "low": "4.185",
            "close": "4.192"
        },
        {
            "time": "03.11.2020 12:58",
            "open": "4.192",
            "high": "4.228",
            "low": "4.192",
            "close": "4.199"
        },
        {
            "time": "03.11.2020 13:02",
            "open": "4.199",
            "high": "4.199",
            "low": "4.199",
            "close": "4.198"
        },
        {
            "time": "03.11.2020 13:08",
            "open": "4.198",
            "high": "4.198",
            "low": "4.198",
            "close": "4.203"
        },
        {
            "time": "03.11.2020 13:10",
            "open": "4.203",
            "high": "4.203",
            "low": "4.203",
            "close": "4.198"
        },
        {
            "time": "03.11.2020 13:12",
            "open": "4.198",
            "high": "4.198",
            "low": "4.198",
            "close": "4.19"
        },
        {
            "time": "03.11.2020 13:21",
            "open": "4.19",
            "high": "4.19",
            "low": "4.19",
            "close": "4.188"
        },
        {
            "time": "03.11.2020 13:22",
            "open": "4.188",
            "high": "4.188",
            "low": "4.188",
            "close": "4.193"
        },
        {
            "time": "03.11.2020 13:24",
            "open": "4.193",
            "high": "4.196",
            "low": "4.193",
            "close": "4.195"
        },
        {
            "time": "03.11.2020 13:26",
            "open": "4.195",
            "high": "4.195",
            "low": "4.195",
            "close": "4.194"
        },
        {
            "time": "03.11.2020 13:27",
            "open": "4.194",
            "high": "4.194",
            "low": "4.194",
            "close": "4.2"
        },
        {
            "time": "03.11.2020 13:29",
            "open": "4.2",
            "high": "4.2",
            "low": "4.2",
            "close": "4.211"
        },
        {
            "time": "03.11.2020 13:37",
            "open": "4.211",
            "high": "4.211",
            "low": "4.211",
            "close": "4.213"
        },
        {
            "time": "03.11.2020 13:44",
            "open": "4.213",
            "high": "4.213",
            "low": "4.213",
            "close": "4.212"
        },
        {
            "time": "03.11.2020 13:53",
            "open": "4.212",
            "high": "4.212",
            "low": "4.212",
            "close": "4.222"
        },
        {
            "time": "03.11.2020 13:58",
            "open": "4.223",
            "high": "4.223",
            "low": "4.223",
            "close": "4.213"
        },
        {
            "time": "03.11.2020 14:00",
            "open": "4.213",
            "high": "4.213",
            "low": "4.213",
            "close": "4.215"
        },
        {
            "time": "03.11.2020 14:05",
            "open": "4.215",
            "high": "4.215",
            "low": "4.2",
            "close": "4.2"
        },
        {
            "time": "03.11.2020 14:06",
            "open": "4.2",
            "high": "4.2",
            "low": "4.198",
            "close": "4.2"
        },
        {
            "time": "03.11.2020 14:07",
            "open": "4.2",
            "high": "4.204",
            "low": "4.2",
            "close": "4.203"
        },
        {
            "time": "03.11.2020 14:08",
            "open": "4.203",
            "high": "4.203",
            "low": "4.203",
            "close": "4.214"
        },
        {
            "time": "03.11.2020 14:11",
            "open": "4.214",
            "high": "4.214",
            "low": "4.214",
            "close": "4.212"
        },
        {
            "time": "03.11.2020 14:13",
            "open": "4.212",
            "high": "4.212",
            "low": "4.212",
            "close": "4.217"
        },
        {
            "time": "03.11.2020 14:15",
            "open": "4.217",
            "high": "4.217",
            "low": "4.217",
            "close": "4.223"
        },
        {
            "time": "03.11.2020 14:17",
            "open": "4.223",
            "high": "4.24",
            "low": "4.223",
            "close": "4.219"
        },
        {
            "time": "03.11.2020 14:19",
            "open": "4.219",
            "high": "4.219",
            "low": "4.219",
            "close": "4.221"
        },
        {
            "time": "03.11.2020 14:21",
            "open": "4.221",
            "high": "4.221",
            "low": "4.221",
            "close": "4.224"
        },
        {
            "time": "03.11.2020 14:22",
            "open": "4.224",
            "high": "4.224",
            "low": "4.224",
            "close": "4.233"
        },
        {
            "time": "03.11.2020 14:23",
            "open": "4.233",
            "high": "4.234",
            "low": "4.232",
            "close": "4.242"
        },
        {
            "time": "03.11.2020 14:29",
            "open": "4.242",
            "high": "4.242",
            "low": "4.241",
            "close": "4.242"
        },
        {
            "time": "03.11.2020 14:30",
            "open": "4.242",
            "high": "4.246",
            "low": "4.242",
            "close": "4.26"
        },
        {
            "time": "03.11.2020 14:31",
            "open": "4.26",
            "high": "4.26",
            "low": "4.25",
            "close": "4.24"
        },
        {
            "time": "03.11.2020 14:34",
            "open": "4.24",
            "high": "4.24",
            "low": "4.24",
            "close": "4.238"
        },
        {
            "time": "03.11.2020 14:37",
            "open": "4.238",
            "high": "4.238",
            "low": "4.237",
            "close": "4.241"
        },
        {
            "time": "03.11.2020 14:38",
            "open": "4.241",
            "high": "4.241",
            "low": "4.241",
            "close": "4.231"
        },
        {
            "time": "03.11.2020 14:40",
            "open": "4.231",
            "high": "4.231",
            "low": "4.231",
            "close": "4.218"
        },
        {
            "time": "03.11.2020 14:44",
            "open": "4.218",
            "high": "4.218",
            "low": "4.213",
            "close": "4.22"
        },
        {
            "time": "03.11.2020 14:48",
            "open": "4.22",
            "high": "4.22",
            "low": "4.22",
            "close": "4.215"
        },
        {
            "time": "03.11.2020 14:52",
            "open": "4.215",
            "high": "4.215",
            "low": "4.215",
            "close": "4.219"
        },
        {
            "time": "03.11.2020 14:53",
            "open": "4.219",
            "high": "4.219",
            "low": "4.219",
            "close": "4.215"
        },
        {
            "time": "03.11.2020 14:55",
            "open": "4.215",
            "high": "4.215",
            "low": "4.215",
            "close": "4.216"
        },
        {
            "time": "03.11.2020 15:00",
            "open": "4.216",
            "high": "4.217",
            "low": "4.216",
            "close": "4.209"
        },
        {
            "time": "03.11.2020 15:07",
            "open": "4.209",
            "high": "4.209",
            "low": "4.209",
            "close": "4.209"
        },
        {
            "time": "03.11.2020 15:14",
            "open": "4.209",
            "high": "4.209",
            "low": "4.209",
            "close": "4.204"
        },
        {
            "time": "03.11.2020 15:15",
            "open": "4.204",
            "high": "4.206",
            "low": "4.202",
            "close": "4.211"
        },
        {
            "time": "03.11.2020 15:17",
            "open": "4.211",
            "high": "4.211",
            "low": "4.21",
            "close": "4.211"
        },
        {
            "time": "03.11.2020 15:25",
            "open": "4.211",
            "high": "4.211",
            "low": "4.211",
            "close": "4.211"
        },
        {
            "time": "03.11.2020 15:26",
            "open": "4.211",
            "high": "4.211",
            "low": "4.211",
            "close": "4.206"
        },
        {
            "time": "03.11.2020 15:37",
            "open": "4.206",
            "high": "4.206",
            "low": "4.206",
            "close": "4.208"
        },
        {
            "time": "03.11.2020 15:47",
            "open": "4.208",
            "high": "4.208",
            "low": "4.208",
            "close": "4.197"
        },
        {
            "time": "03.11.2020 15:48",
            "open": "4.197",
            "high": "4.197",
            "low": "4.197",
            "close": "4.198"
        },
        {
            "time": "03.11.2020 15:49",
            "open": "4.198",
            "high": "4.198",
            "low": "4.194",
            "close": "4.194"
        },
        {
            "time": "03.11.2020 15:50",
            "open": "4.194",
            "high": "4.194",
            "low": "4.192",
            "close": "4.19"
        },
        {
            "time": "03.11.2020 15:51",
            "open": "4.19",
            "high": "4.193",
            "low": "4.19",
            "close": "4.187"
        },
        {
            "time": "03.11.2020 15:52",
            "open": "4.187",
            "high": "4.187",
            "low": "4.185",
            "close": "4.189"
        },
        {
            "time": "03.11.2020 15:53",
            "open": "4.189",
            "high": "4.189",
            "low": "4.186",
            "close": "4.186"
        },
        {
            "time": "03.11.2020 15:54",
            "open": "4.186",
            "high": "4.196",
            "low": "4.186",
            "close": "4.185"
        },
        {
            "time": "03.11.2020 15:55",
            "open": "4.185",
            "high": "4.185",
            "low": "4.183",
            "close": "4.185"
        },
        {
            "time": "03.11.2020 15:56",
            "open": "4.185",
            "high": "4.186",
            "low": "4.184",
            "close": "4.189"
        },
        {
            "time": "03.11.2020 15:57",
            "open": "4.189",
            "high": "4.189",
            "low": "4.188",
            "close": "4.186"
        },
        {
            "time": "03.11.2020 15:58",
            "open": "4.186",
            "high": "4.186",
            "low": "4.183",
            "close": "4.184"
        },
        {
            "time": "03.11.2020 15:59",
            "open": "4.184",
            "high": "4.185",
            "low": "4.184",
            "close": "4.184"
        },
        {
            "time": "03.11.2020 16:01",
            "open": "4.184",
            "high": "4.184",
            "low": "4.182",
            "close": "4.182"
        },
        {
            "time": "03.11.2020 16:02",
            "open": "4.182",
            "high": "4.182",
            "low": "4.182",
            "close": "4.182"
        },
        {
            "time": "03.11.2020 16:03",
            "open": "4.182",
            "high": "4.182",
            "low": "4.18",
            "close": "4.182"
        },
        {
            "time": "03.11.2020 16:04",
            "open": "4.182",
            "high": "4.182",
            "low": "4.18",
            "close": "4.18"
        },
        {
            "time": "03.11.2020 16:05",
            "open": "4.18",
            "high": "4.18",
            "low": "4.179",
            "close": "4.179"
        },
        {
            "time": "03.11.2020 16:06",
            "open": "4.179",
            "high": "4.179",
            "low": "4.179",
            "close": "4.173"
        },
        {
            "time": "03.11.2020 16:09",
            "open": "4.173",
            "high": "4.173",
            "low": "4.173",
            "close": "4.163"
        },
        {
            "time": "03.11.2020 16:11",
            "open": "4.163",
            "high": "4.163",
            "low": "4.16",
            "close": "4.161"
        },
        {
            "time": "03.11.2020 16:13",
            "open": "4.161",
            "high": "4.161",
            "low": "4.161",
            "close": "4.161"
        },
        {
            "time": "03.11.2020 16:15",
            "open": "4.161",
            "high": "4.161",
            "low": "4.161",
            "close": "4.161"
        },
        {
            "time": "03.11.2020 16:16",
            "open": "4.161",
            "high": "4.161",
            "low": "4.159",
            "close": "4.161"
        },
        {
            "time": "03.11.2020 16:17",
            "open": "4.161",
            "high": "4.161",
            "low": "4.161",
            "close": "4.161"
        },
        {
            "time": "03.11.2020 16:20",
            "open": "4.161",
            "high": "4.161",
            "low": "4.161",
            "close": "4.159"
        },
        {
            "time": "03.11.2020 16:21",
            "open": "4.159",
            "high": "4.169",
            "low": "4.159",
            "close": "4.159"
        },
        {
            "time": "03.11.2020 16:22",
            "open": "4.159",
            "high": "4.159",
            "low": "4.159",
            "close": "4.159"
        },
        {
            "time": "03.11.2020 16:24",
            "open": "4.159",
            "high": "4.159",
            "low": "4.159",
            "close": "4.159"
        },
        {
            "time": "03.11.2020 16:26",
            "open": "4.159",
            "high": "4.159",
            "low": "4.159",
            "close": "4.16"
        },
        {
            "time": "03.11.2020 16:27",
            "open": "4.16",
            "high": "4.16",
            "low": "4.16",
            "close": "4.159"
        },
        {
            "time": "03.11.2020 16:28",
            "open": "4.159",
            "high": "4.159",
            "low": "4.159",
            "close": "4.159"
        },
        {
            "time": "03.11.2020 16:29",
            "open": "4.159",
            "high": "4.159",
            "low": "4.159",
            "close": "4.159"
        },
        {
            "time": "03.11.2020 16:30",
            "open": "4.159",
            "high": "4.159",
            "low": "4.159",
            "close": "4.159"
        },
        {
            "time": "03.11.2020 16:31",
            "open": "4.159",
            "high": "4.159",
            "low": "4.152",
            "close": "4.15"
        },
        {
            "time": "03.11.2020 16:32",
            "open": "4.15",
            "high": "4.15",
            "low": "4.15",
            "close": "4.15"
        },
        {
            "time": "03.11.2020 16:33",
            "open": "4.15",
            "high": "4.15",
            "low": "4.15",
            "close": "4.15"
        },
        {
            "time": "03.11.2020 16:34",
            "open": "4.15",
            "high": "4.151",
            "low": "4.15",
            "close": "4.15"
        },
        {
            "time": "03.11.2020 16:35",
            "open": "4.15",
            "high": "4.15",
            "low": "4.15",
            "close": "4.15"
        },
        {
            "time": "03.11.2020 16:36",
            "open": "4.15",
            "high": "4.15",
            "low": "4.15",
            "close": "4.15"
        },
        {
            "time": "03.11.2020 16:37",
            "open": "4.15",
            "high": "4.15",
            "low": "4.15",
            "close": "4.15"
        },
        {
            "time": "03.11.2020 16:38",
            "open": "4.15",
            "high": "4.15",
            "low": "4.15",
            "close": "4.151"
        },
        {
            "time": "03.11.2020 16:39",
            "open": "4.151",
            "high": "4.151",
            "low": "4.15",
            "close": "4.15"
        },
        {
            "time": "03.11.2020 16:40",
            "open": "4.15",
            "high": "4.15",
            "low": "4.15",
            "close": "4.15"
        },
        {
            "time": "03.11.2020 16:41",
            "open": "4.15",
            "high": "4.151",
            "low": "4.15",
            "close": "4.15"
        },
        {
            "time": "03.11.2020 16:42",
            "open": "4.15",
            "high": "4.15",
            "low": "4.15",
            "close": "4.15"
        },
        {
            "time": "03.11.2020 16:43",
            "open": "4.15",
            "high": "4.152",
            "low": "4.15",
            "close": "4.152"
        },
        {
            "time": "03.11.2020 16:44",
            "open": "4.152",
            "high": "4.152",
            "low": "4.15",
            "close": "4.15"
        },
        {
            "time": "03.11.2020 16:45",
            "open": "4.15",
            "high": "4.151",
            "low": "4.15",
            "close": "4.15"
        },
        {
            "time": "03.11.2020 16:46",
            "open": "4.15",
            "high": "4.15",
            "low": "4.15",
            "close": "4.15"
        },
        {
            "time": "03.11.2020 16:47",
            "open": "4.15",
            "high": "4.15",
            "low": "4.15",
            "close": "4.15"
        },
        {
            "time": "03.11.2020 16:50",
            "open": "4.15",
            "high": "4.15",
            "low": "4.15",
            "close": "4.15"
        },
        {
            "time": "03.11.2020 16:52",
            "open": "4.15",
            "high": "4.15",
            "low": "4.15",
            "close": "4.15"
        },
        {
            "time": "03.11.2020 16:53",
            "open": "4.15",
            "high": "4.15",
            "low": "4.14",
            "close": "4.135"
        },
        {
            "time": "03.11.2020 16:54",
            "open": "4.135",
            "high": "4.136",
            "low": "4.12",
            "close": "4.128"
        },
        {
            "time": "03.11.2020 16:55",
            "open": "4.128",
            "high": "4.132",
            "low": "4.128",
            "close": "4.131"
        },
        {
            "time": "03.11.2020 16:56",
            "open": "4.131",
            "high": "4.134",
            "low": "4.124",
            "close": "4.124"
        },
        {
            "time": "03.11.2020 16:57",
            "open": "4.124",
            "high": "4.125",
            "low": "4.122",
            "close": "4.132"
        },
        {
            "time": "03.11.2020 16:59",
            "open": "4.132",
            "high": "4.132",
            "low": "4.124",
            "close": "4.125"
        },
        {
            "time": "03.11.2020 17:02",
            "open": "4.125",
            "high": "4.152",
            "low": "4.123",
            "close": "4.124"
        },
        {
            "time": "03.11.2020 17:04",
            "open": "4.124",
            "high": "4.124",
            "low": "4.119",
            "close": "4.132"
        },
        {
            "time": "03.11.2020 17:14",
            "open": "4.132",
            "high": "4.132",
            "low": "4.132",
            "close": "4.133"
        },
        {
            "time": "03.11.2020 17:19",
            "open": "4.133",
            "high": "4.143",
            "low": "4.129",
            "close": "4.133"
        },
        {
            "time": "03.11.2020 17:28",
            "open": "4.133",
            "high": "4.133",
            "low": "4.133",
            "close": "4.124"
        },
        {
            "time": "03.11.2020 17:35",
            "open": "4.124",
            "high": "4.124",
            "low": "4.124",
            "close": "4.123"
        },
        {
            "time": "03.11.2020 17:41",
            "open": "4.123",
            "high": "4.123",
            "low": "4.117",
            "close": "4.117"
        },
        {
            "time": "03.11.2020 17:43",
            "open": "4.117",
            "high": "4.117",
            "low": "4.117",
            "close": "4.117"
        },
        {
            "time": "03.11.2020 17:47",
            "open": "4.117",
            "high": "4.117",
            "low": "4.117",
            "close": "4.118"
        },
        {
            "time": "03.11.2020 17:49",
            "open": "4.118",
            "high": "4.118",
            "low": "4.118",
            "close": "4.119"
        },
        {
            "time": "03.11.2020 17:52",
            "open": "4.119",
            "high": "4.121",
            "low": "4.119",
            "close": "4.121"
        },
        {
            "time": "03.11.2020 17:53",
            "open": "4.121",
            "high": "4.121",
            "low": "4.121",
            "close": "4.12"
        },
        {
            "time": "03.11.2020 17:55",
            "open": "4.12",
            "high": "4.12",
            "low": "4.12",
            "close": "4.127"
        },
        {
            "time": "03.11.2020 17:59",
            "open": "4.127",
            "high": "4.127",
            "low": "4.127",
            "close": "4.126"
        },
        {
            "time": "03.11.2020 18:00",
            "open": "4.126",
            "high": "4.13",
            "low": "4.126",
            "close": "4.13"
        },
        {
            "time": "03.11.2020 18:02",
            "open": "4.13",
            "high": "4.13",
            "low": "4.13",
            "close": "4.135"
        },
        {
            "time": "03.11.2020 18:04",
            "open": "4.135",
            "high": "4.135",
            "low": "4.134",
            "close": "4.133"
        },
        {
            "time": "03.11.2020 18:05",
            "open": "4.133",
            "high": "4.133",
            "low": "4.131",
            "close": "4.137"
        },
        {
            "time": "03.11.2020 18:08",
            "open": "4.137",
            "high": "4.138",
            "low": "4.137",
            "close": "4.13"
        },
        {
            "time": "03.11.2020 18:09",
            "open": "4.13",
            "high": "4.13",
            "low": "4.13",
            "close": "4.13"
        },
        {
            "time": "03.11.2020 18:10",
            "open": "4.13",
            "high": "4.13",
            "low": "4.13",
            "close": "4.124"
        },
        {
            "time": "03.11.2020 18:23",
            "open": "4.124",
            "high": "4.124",
            "low": "4.124",
            "close": "4.124"
        },
        {
            "time": "03.11.2020 18:25",
            "open": "4.124",
            "high": "4.124",
            "low": "4.124",
            "close": "4.118"
        },
        {
            "time": "03.11.2020 18:26",
            "open": "4.118",
            "high": "4.118",
            "low": "4.118",
            "close": "4.118"
        },
        {
            "time": "03.11.2020 18:33",
            "open": "4.118",
            "high": "4.118",
            "low": "4.114",
            "close": "4.114"
        },
        {
            "time": "03.11.2020 18:35",
            "open": "4.114",
            "high": "4.114",
            "low": "4.114",
            "close": "4.114"
        },
        {
            "time": "03.11.2020 18:36",
            "open": "4.114",
            "high": "4.114",
            "low": "4.114",
            "close": "4.113"
        },
        {
            "time": "03.11.2020 18:37",
            "open": "4.113",
            "high": "4.113",
            "low": "4.113",
            "close": "4.113"
        },
        {
            "time": "03.11.2020 18:38",
            "open": "4.113",
            "high": "4.113",
            "low": "4.107",
            "close": "4.105"
        },
        {
            "time": "03.11.2020 18:39",
            "open": "4.105",
            "high": "4.105",
            "low": "4.105",
            "close": "4.114"
        },
        {
            "time": "03.11.2020 18:45",
            "open": "4.114",
            "high": "4.127",
            "low": "4.112",
            "close": "4.119"
        },
        {
            "time": "03.11.2020 18:46",
            "open": "4.119",
            "high": "4.119",
            "low": "4.119",
            "close": "4.121"
        },
        {
            "time": "03.11.2020 18:48",
            "open": "4.121",
            "high": "4.14",
            "low": "4.121",
            "close": "4.13"
        },
        {
            "time": "03.11.2020 18:49",
            "open": "4.13",
            "high": "4.13",
            "low": "4.129",
            "close": "4.131"
        },
        {
            "time": "03.11.2020 18:50",
            "open": "4.131",
            "high": "4.131",
            "low": "4.123",
            "close": "4.126"
        },
        {
            "time": "03.11.2020 18:51",
            "open": "4.126",
            "high": "4.126",
            "low": "4.122",
            "close": "4.121"
        },
        {
            "time": "03.11.2020 18:52",
            "open": "4.121",
            "high": "4.121",
            "low": "4.121",
            "close": "4.122"
        },
        {
            "time": "03.11.2020 18:53",
            "open": "4.122",
            "high": "4.122",
            "low": "4.122",
            "close": "4.124"
        },
        {
            "time": "03.11.2020 18:54",
            "open": "4.124",
            "high": "4.124",
            "low": "4.124",
            "close": "4.125"
        },
        {
            "time": "03.11.2020 18:55",
            "open": "4.125",
            "high": "4.125",
            "low": "4.125",
            "close": "4.124"
        },
        {
            "time": "03.11.2020 18:57",
            "open": "4.124",
            "high": "4.124",
            "low": "4.124",
            "close": "4.119"
        },
        {
            "time": "03.11.2020 18:58",
            "open": "4.119",
            "high": "4.121",
            "low": "4.119",
            "close": "4.119"
        },
        {
            "time": "03.11.2020 19:03",
            "open": "4.119",
            "high": "4.119",
            "low": "4.119",
            "close": "4.123"
        },
        {
            "time": "03.11.2020 19:10",
            "open": "4.123",
            "high": "4.127",
            "low": "4.123",
            "close": "4.126"
        },
        {
            "time": "03.11.2020 19:11",
            "open": "4.126",
            "high": "4.126",
            "low": "4.126",
            "close": "4.111"
        },
        {
            "time": "03.11.2020 19:14",
            "open": "4.111",
            "high": "4.111",
            "low": "4.111",
            "close": "4.121"
        },
        {
            "time": "03.11.2020 19:15",
            "open": "4.121",
            "high": "4.121",
            "low": "4.119",
            "close": "4.119"
        },
        {
            "time": "03.11.2020 19:16",
            "open": "4.119",
            "high": "4.126",
            "low": "4.119",
            "close": "4.124"
        },
        {
            "time": "03.11.2020 19:17",
            "open": "4.124",
            "high": "4.124",
            "low": "4.114",
            "close": "4.115"
        },
        {
            "time": "03.11.2020 19:18",
            "open": "4.115",
            "high": "4.115",
            "low": "4.115",
            "close": "4.119"
        },
        {
            "time": "03.11.2020 19:25",
            "open": "4.119",
            "high": "4.119",
            "low": "4.119",
            "close": "4.13"
        },
        {
            "time": "03.11.2020 19:26",
            "open": "4.13",
            "high": "4.13",
            "low": "4.13",
            "close": "4.118"
        },
        {
            "time": "03.11.2020 19:27",
            "open": "4.118",
            "high": "4.118",
            "low": "4.118",
            "close": "4.119"
        },
        {
            "time": "03.11.2020 19:29",
            "open": "4.119",
            "high": "4.136",
            "low": "4.117",
            "close": "4.117"
        },
        {
            "time": "03.11.2020 19:30",
            "open": "4.117",
            "high": "4.122",
            "low": "4.117",
            "close": "4.121"
        },
        {
            "time": "03.11.2020 19:31",
            "open": "4.121",
            "high": "4.121",
            "low": "4.121",
            "close": "4.127"
        },
        {
            "time": "03.11.2020 19:32",
            "open": "4.127",
            "high": "4.127",
            "low": "4.127",
            "close": "4.12"
        },
        {
            "time": "03.11.2020 19:37",
            "open": "4.12",
            "high": "4.135",
            "low": "4.12",
            "close": "4.128"
        },
        {
            "time": "03.11.2020 19:39",
            "open": "4.128",
            "high": "4.128",
            "low": "4.128",
            "close": "4.136"
        },
        {
            "time": "03.11.2020 19:42",
            "open": "4.136",
            "high": "4.136",
            "low": "4.136",
            "close": "4.131"
        },
        {
            "time": "03.11.2020 19:44",
            "open": "4.131",
            "high": "4.131",
            "low": "4.131",
            "close": "4.127"
        },
        {
            "time": "03.11.2020 19:46",
            "open": "4.127",
            "high": "4.128",
            "low": "4.127",
            "close": "4.132"
        },
        {
            "time": "03.11.2020 19:48",
            "open": "4.132",
            "high": "4.132",
            "low": "4.13",
            "close": "4.136"
        },
        {
            "time": "03.11.2020 19:49",
            "open": "4.136",
            "high": "4.141",
            "low": "4.135",
            "close": "4.127"
        },
        {
            "time": "03.11.2020 19:50",
            "open": "4.127",
            "high": "4.127",
            "low": "4.121",
            "close": "4.13"
        },
        {
            "time": "03.11.2020 19:51",
            "open": "4.13",
            "high": "4.13",
            "low": "4.13",
            "close": "4.13"
        },
        {
            "time": "03.11.2020 19:52",
            "open": "4.13",
            "high": "4.135",
            "low": "4.125",
            "close": "4.128"
        },
        {
            "time": "03.11.2020 19:53",
            "open": "4.128",
            "high": "4.138",
            "low": "4.125",
            "close": "4.136"
        },
        {
            "time": "03.11.2020 19:54",
            "open": "4.136",
            "high": "4.146",
            "low": "4.127",
            "close": "4.136"
        },
        {
            "time": "03.11.2020 19:55",
            "open": "4.136",
            "high": "4.136",
            "low": "4.132",
            "close": "4.134"
        },
        {
            "time": "03.11.2020 19:56",
            "open": "4.134",
            "high": "4.134",
            "low": "4.126",
            "close": "4.14"
        },
        {
            "time": "03.11.2020 19:57",
            "open": "4.14",
            "high": "4.141",
            "low": "4.136",
            "close": "4.13"
        },
        {
            "time": "03.11.2020 19:58",
            "open": "4.13",
            "high": "4.139",
            "low": "4.123",
            "close": "4.128"
        },
        {
            "time": "03.11.2020 19:59",
            "open": "4.128",
            "high": "4.128",
            "low": "4.127",
            "close": "4.14"
        },
        {
            "time": "03.11.2020 20:00",
            "open": "4.14",
            "high": "4.141",
            "low": "4.13",
            "close": "4.129"
        },
        {
            "time": "03.11.2020 20:01",
            "open": "4.129",
            "high": "4.141",
            "low": "4.129",
            "close": "4.14"
        },
        {
            "time": "03.11.2020 20:02",
            "open": "4.14",
            "high": "4.14",
            "low": "4.14",
            "close": "4.139"
        },
        {
            "time": "03.11.2020 20:03",
            "open": "4.139",
            "high": "4.139",
            "low": "4.139",
            "close": "4.134"
        },
        {
            "time": "03.11.2020 20:04",
            "open": "4.134",
            "high": "4.134",
            "low": "4.133",
            "close": "4.131"
        },
        {
            "time": "03.11.2020 20:05",
            "open": "4.131",
            "high": "4.136",
            "low": "4.131",
            "close": "4.137"
        },
        {
            "time": "03.11.2020 20:07",
            "open": "4.137",
            "high": "4.137",
            "low": "4.137",
            "close": "4.136"
        },
        {
            "time": "03.11.2020 20:08",
            "open": "4.136",
            "high": "4.136",
            "low": "4.136",
            "close": "4.145"
        },
        {
            "time": "03.11.2020 20:15",
            "open": "4.145",
            "high": "4.151",
            "low": "4.145",
            "close": "4.139"
        },
        {
            "time": "03.11.2020 20:17",
            "open": "4.139",
            "high": "4.139",
            "low": "4.139",
            "close": "4.146"
        },
        {
            "time": "03.11.2020 20:18",
            "open": "4.146",
            "high": "4.146",
            "low": "4.146",
            "close": "4.144"
        },
        {
            "time": "03.11.2020 20:19",
            "open": "4.144",
            "high": "4.144",
            "low": "4.143",
            "close": "4.153"
        },
        {
            "time": "03.11.2020 20:21",
            "open": "4.153",
            "high": "4.153",
            "low": "4.153",
            "close": "4.146"
        },
        {
            "time": "03.11.2020 20:22",
            "open": "4.146",
            "high": "4.146",
            "low": "4.146",
            "close": "4.155"
        },
        {
            "time": "03.11.2020 20:23",
            "open": "4.155",
            "high": "4.156",
            "low": "4.153",
            "close": "4.157"
        },
        {
            "time": "03.11.2020 20:25",
            "open": "4.157",
            "high": "4.157",
            "low": "4.157",
            "close": "4.156"
        },
        {
            "time": "03.11.2020 20:29",
            "open": "4.156",
            "high": "4.162",
            "low": "4.156",
            "close": "4.156"
        },
        {
            "time": "03.11.2020 20:30",
            "open": "4.156",
            "high": "4.156",
            "low": "4.155",
            "close": "4.155"
        },
        {
            "time": "03.11.2020 20:35",
            "open": "4.155",
            "high": "4.155",
            "low": "4.155",
            "close": "4.148"
        },
        {
            "time": "03.11.2020 20:38",
            "open": "4.137",
            "high": "4.137",
            "low": "4.137",
            "close": "4.142"
        },
        {
            "time": "03.11.2020 20:44",
            "open": "4.142",
            "high": "4.142",
            "low": "4.136",
            "close": "4.129"
        },
        {
            "time": "03.11.2020 20:46",
            "open": "4.129",
            "high": "4.129",
            "low": "4.128",
            "close": "4.144"
        },
        {
            "time": "03.11.2020 20:53",
            "open": "4.144",
            "high": "4.144",
            "low": "4.144",
            "close": "4.151"
        },
        {
            "time": "03.11.2020 21:02",
            "open": "4.151",
            "high": "4.151",
            "low": "4.151",
            "close": "4.157"
        },
        {
            "time": "03.11.2020 21:06",
            "open": "4.157",
            "high": "4.157",
            "low": "4.15",
            "close": "4.158"
        },
        {
            "time": "03.11.2020 21:08",
            "open": "4.158",
            "high": "4.158",
            "low": "4.158",
            "close": "4.154"
        },
        {
            "time": "03.11.2020 21:17",
            "open": "4.154",
            "high": "4.201",
            "low": "4.154",
            "close": "4.213"
        },
        {
            "time": "03.11.2020 21:18",
            "open": "4.213",
            "high": "4.241",
            "low": "4.205",
            "close": "4.193"
        },
        {
            "time": "03.11.2020 21:19",
            "open": "4.193",
            "high": "4.193",
            "low": "4.193",
            "close": "4.221"
        },
        {
            "time": "03.11.2020 21:20",
            "open": "4.221",
            "high": "4.221",
            "low": "4.221",
            "close": "4.224"
        },
        {
            "time": "03.11.2020 21:21",
            "open": "4.224",
            "high": "4.225",
            "low": "4.224",
            "close": "4.224"
        },
        {
            "time": "03.11.2020 21:22",
            "open": "4.224",
            "high": "4.224",
            "low": "4.224",
            "close": "4.227"
        },
        {
            "time": "03.11.2020 21:23",
            "open": "4.227",
            "high": "4.228",
            "low": "4.219",
            "close": "4.211"
        },
        {
            "time": "03.11.2020 21:24",
            "open": "4.211",
            "high": "4.212",
            "low": "4.134",
            "close": "4.193"
        },
        {
            "time": "03.11.2020 21:25",
            "open": "4.193",
            "high": "4.196",
            "low": "4.137",
            "close": "4.197"
        },
        {
            "time": "03.11.2020 21:26",
            "open": "4.197",
            "high": "4.197",
            "low": "4.194",
            "close": "4.197"
        },
        {
            "time": "03.11.2020 21:27",
            "open": "4.197",
            "high": "4.208",
            "low": "4.196",
            "close": "4.181"
        },
        {
            "time": "03.11.2020 21:42",
            "open": "4.181",
            "high": "4.181",
            "low": "4.181",
            "close": "4.178"
        },
        {
            "time": "03.11.2020 21:45",
            "open": "4.178",
            "high": "4.192",
            "low": "4.177",
            "close": "4.161"
        },
        {
            "time": "03.11.2020 21:50",
            "open": "4.161",
            "high": "4.161",
            "low": "4.161",
            "close": "4.171"
        },
        {
            "time": "03.11.2020 21:52",
            "open": "4.171",
            "high": "4.172",
            "low": "4.171",
            "close": "4.153"
        },
        {
            "time": "03.11.2020 21:57",
            "open": "4.153",
            "high": "4.153",
            "low": "4.153",
            "close": "4.161"
        },
        {
            "time": "03.11.2020 21:58",
            "open": "4.161",
            "high": "4.161",
            "low": "4.161",
            "close": "4.162"
        },
        {
            "time": "03.11.2020 21:59",
            "open": "4.162",
            "high": "4.181",
            "low": "4.162",
            "close": "4.16"
        },
        {
            "time": "03.11.2020 22:02",
            "open": "4.16",
            "high": "4.16",
            "low": "4.16",
            "close": "4.169"
        },
        {
            "time": "03.11.2020 22:05",
            "open": "4.169",
            "high": "4.17",
            "low": "4.169",
            "close": "4.161"
        },
        {
            "time": "03.11.2020 22:18",
            "open": "4.161",
            "high": "4.161",
            "low": "4.161",
            "close": "4.156"
        },
        {
            "time": "03.11.2020 22:19",
            "open": "4.156",
            "high": "4.156",
            "low": "4.154",
            "close": "4.15"
        },
        {
            "time": "03.11.2020 22:36",
            "open": "4.15",
            "high": "4.15",
            "low": "4.149",
            "close": "4.159"
        },
        {
            "time": "03.11.2020 22:38",
            "open": "4.159",
            "high": "4.159",
            "low": "4.159",
            "close": "4.163"
        },
        {
            "time": "03.11.2020 22:44",
            "open": "4.163",
            "high": "4.163",
            "low": "4.163",
            "close": "4.157"
        },
        {
            "time": "03.11.2020 22:47",
            "open": "4.157",
            "high": "4.157",
            "low": "4.157",
            "close": "4.165"
        },
        {
            "time": "03.11.2020 22:58",
            "open": "4.165",
            "high": "4.166",
            "low": "4.165",
            "close": "4.167"
        },
        {
            "time": "03.11.2020 23:00",
            "open": "4.167",
            "high": "4.167",
            "low": "4.167",
            "close": "4.166"
        },
        {
            "time": "03.11.2020 23:03",
            "open": "4.166",
            "high": "4.166",
            "low": "4.166",
            "close": "4.164"
        },
        {
            "time": "03.11.2020 23:04",
            "open": "4.164",
            "high": "4.164",
            "low": "4.164",
            "close": "4.157"
        },
        {
            "time": "03.11.2020 23:05",
            "open": "4.157",
            "high": "4.157",
            "low": "4.156",
            "close": "4.149"
        },
        {
            "time": "03.11.2020 23:07",
            "open": "4.149",
            "high": "4.149",
            "low": "4.148",
            "close": "4.146"
        },
        {
            "time": "03.11.2020 23:12",
            "open": "4.146",
            "high": "4.146",
            "low": "4.146",
            "close": "4.147"
        },
        {
            "time": "03.11.2020 23:14",
            "open": "4.147",
            "high": "4.147",
            "low": "4.147",
            "close": "4.148"
        },
        {
            "time": "03.11.2020 23:15",
            "open": "4.148",
            "high": "4.148",
            "low": "4.148",
            "close": "4.153"
        },
        {
            "time": "03.11.2020 23:17",
            "open": "4.153",
            "high": "4.153",
            "low": "4.152",
            "close": "4.147"
        },
        {
            "time": "03.11.2020 23:19",
            "open": "4.147",
            "high": "4.147",
            "low": "4.147",
            "close": "4.157"
        },
        {
            "time": "03.11.2020 23:23",
            "open": "4.157",
            "high": "4.157",
            "low": "4.157",
            "close": "4.159"
        },
        {
            "time": "03.11.2020 23:28",
            "open": "4.159",
            "high": "4.159",
            "low": "4.159",
            "close": "4.155"
        },
        {
            "time": "03.11.2020 23:36",
            "open": "4.155",
            "high": "4.163",
            "low": "4.155",
            "close": "4.18"
        },
        {
            "time": "03.11.2020 23:41",
            "open": "4.18",
            "high": "4.182",
            "low": "4.18",
            "close": "4.181"
        },
        {
            "time": "03.11.2020 23:45",
            "open": "4.181",
            "high": "4.181",
            "low": "4.181",
            "close": "4.185"
        },
        {
            "time": "03.11.2020 23:51",
            "open": "4.185",
            "high": "4.185",
            "low": "4.185",
            "close": "4.187"
        }
    ]
}