{
    "ETC-EUR": [
        {
            "time": "19.12.2020 23:59",
            "open": "5.268",
            "high": "5.268",
            "low": "5.268",
            "close": "5.256"
        },
        {
            "time": "20.12.2020 00:08",
            "open": "5.256",
            "high": "5.256",
            "low": "5.256",
            "close": "5.252"
        },
        {
            "time": "20.12.2020 00:14",
            "open": "5.252",
            "high": "5.252",
            "low": "5.25",
            "close": "5.242"
        },
        {
            "time": "20.12.2020 00:15",
            "open": "5.242",
            "high": "5.242",
            "low": "5.241",
            "close": "5.225"
        },
        {
            "time": "20.12.2020 00:16",
            "open": "5.225",
            "high": "5.229",
            "low": "5.219",
            "close": "5.233"
        },
        {
            "time": "20.12.2020 00:18",
            "open": "5.233",
            "high": "5.233",
            "low": "5.224",
            "close": "5.227"
        },
        {
            "time": "20.12.2020 00:19",
            "open": "5.227",
            "high": "5.229",
            "low": "5.222",
            "close": "5.22"
        },
        {
            "time": "20.12.2020 00:21",
            "open": "5.22",
            "high": "5.22",
            "low": "5.219",
            "close": "5.216"
        },
        {
            "time": "20.12.2020 00:22",
            "open": "5.216",
            "high": "5.223",
            "low": "5.203",
            "close": "5.204"
        },
        {
            "time": "20.12.2020 00:24",
            "open": "5.2",
            "high": "5.2",
            "low": "5.2",
            "close": "5.201"
        },
        {
            "time": "20.12.2020 00:25",
            "open": "5.199",
            "high": "5.199",
            "low": "5.199",
            "close": "5.197"
        },
        {
            "time": "20.12.2020 12:43",
            "open": "5.374",
            "high": "5.374",
            "low": "5.374",
            "close": "5.375"
        },
        {
            "time": "20.12.2020 12:57",
            "open": "5.375",
            "high": "5.375",
            "low": "5.375",
            "close": "5.389"
        },
        {
            "time": "20.12.2020 13:00",
            "open": "5.389",
            "high": "5.396",
            "low": "5.389",
            "close": "5.375"
        },
        {
            "time": "20.12.2020 13:05",
            "open": "5.375",
            "high": "5.375",
            "low": "5.375",
            "close": "5.364"
        },
        {
            "time": "20.12.2020 13:07",
            "open": "5.364",
            "high": "5.364",
            "low": "5.364",
            "close": "5.356"
        },
        {
            "time": "20.12.2020 13:10",
            "open": "5.356",
            "high": "5.356",
            "low": "5.356",
            "close": "5.376"
        },
        {
            "time": "20.12.2020 13:11",
            "open": "5.376",
            "high": "5.376",
            "low": "5.376",
            "close": "5.366"
        },
        {
            "time": "20.12.2020 13:13",
            "open": "5.366",
            "high": "5.366",
            "low": "5.366",
            "close": "5.375"
        },
        {
            "time": "20.12.2020 13:16",
            "open": "5.375",
            "high": "5.379",
            "low": "5.375",
            "close": "5.372"
        },
        {
            "time": "20.12.2020 13:17",
            "open": "5.372",
            "high": "5.372",
            "low": "5.372",
            "close": "5.368"
        },
        {
            "time": "20.12.2020 13:18",
            "open": "5.368",
            "high": "5.368",
            "low": "5.368",
            "close": "5.371"
        },
        {
            "time": "20.12.2020 13:22",
            "open": "5.371",
            "high": "5.371",
            "low": "5.369",
            "close": "5.357"
        },
        {
            "time": "20.12.2020 13:23",
            "open": "5.357",
            "high": "5.357",
            "low": "5.357",
            "close": "5.353"
        },
        {
            "time": "20.12.2020 13:25",
            "open": "5.353",
            "high": "5.353",
            "low": "5.353",
            "close": "5.342"
        },
        {
            "time": "20.12.2020 13:27",
            "open": "5.342",
            "high": "5.342",
            "low": "5.342",
            "close": "5.355"
        },
        {
            "time": "20.12.2020 13:29",
            "open": "5.355",
            "high": "5.355",
            "low": "5.355",
            "close": "5.358"
        },
        {
            "time": "20.12.2020 13:40",
            "open": "5.338",
            "high": "5.338",
            "low": "5.338",
            "close": "5.32"
        },
        {
            "time": "20.12.2020 13:42",
            "open": "5.32",
            "high": "5.32",
            "low": "5.32",
            "close": "5.31"
        },
        {
            "time": "20.12.2020 13:43",
            "open": "5.31",
            "high": "5.31",
            "low": "5.31",
            "close": "5.303"
        },
        {
            "time": "20.12.2020 13:46",
            "open": "5.303",
            "high": "5.303",
            "low": "5.29",
            "close": "5.305"
        },
        {
            "time": "20.12.2020 13:47",
            "open": "5.305",
            "high": "5.315",
            "low": "5.305",
            "close": "5.315"
        },
        {
            "time": "20.12.2020 13:49",
            "open": "5.315",
            "high": "5.32",
            "low": "5.315",
            "close": "5.32"
        },
        {
            "time": "20.12.2020 13:52",
            "open": "5.32",
            "high": "5.321",
            "low": "5.32",
            "close": "5.321"
        },
        {
            "time": "20.12.2020 13:53",
            "open": "5.332",
            "high": "5.332",
            "low": "5.332",
            "close": "5.359"
        },
        {
            "time": "20.12.2020 13:58",
            "open": "5.359",
            "high": "5.359",
            "low": "5.359",
            "close": "5.359"
        },
        {
            "time": "20.12.2020 13:59",
            "open": "5.359",
            "high": "5.359",
            "low": "5.359",
            "close": "5.359"
        },
        {
            "time": "20.12.2020 14:01",
            "open": "5.359",
            "high": "5.359",
            "low": "5.345",
            "close": "5.359"
        },
        {
            "time": "20.12.2020 14:02",
            "open": "5.364",
            "high": "5.364",
            "low": "5.364",
            "close": "5.346"
        },
        {
            "time": "20.12.2020 14:09",
            "open": "5.346",
            "high": "5.346",
            "low": "5.346",
            "close": "5.356"
        },
        {
            "time": "20.12.2020 14:10",
            "open": "5.356",
            "high": "5.356",
            "low": "5.356",
            "close": "5.333"
        },
        {
            "time": "20.12.2020 14:11",
            "open": "5.333",
            "high": "5.333",
            "low": "5.333",
            "close": "5.318"
        },
        {
            "time": "20.12.2020 14:15",
            "open": "5.318",
            "high": "5.318",
            "low": "5.305",
            "close": "5.296"
        },
        {
            "time": "20.12.2020 14:16",
            "open": "5.296",
            "high": "5.296",
            "low": "5.296",
            "close": "5.304"
        },
        {
            "time": "20.12.2020 14:17",
            "open": "5.304",
            "high": "5.309",
            "low": "5.304",
            "close": "5.303"
        },
        {
            "time": "20.12.2020 14:18",
            "open": "5.303",
            "high": "5.32",
            "low": "5.303",
            "close": "5.307"
        },
        {
            "time": "20.12.2020 14:20",
            "open": "5.307",
            "high": "5.307",
            "low": "5.307",
            "close": "5.308"
        },
        {
            "time": "20.12.2020 14:21",
            "open": "5.308",
            "high": "5.308",
            "low": "5.308",
            "close": "5.331"
        },
        {
            "time": "20.12.2020 14:25",
            "open": "5.331",
            "high": "5.331",
            "low": "5.33",
            "close": "5.33"
        },
        {
            "time": "20.12.2020 14:27",
            "open": "5.33",
            "high": "5.33",
            "low": "5.33",
            "close": "5.324"
        },
        {
            "time": "20.12.2020 14:29",
            "open": "5.324",
            "high": "5.325",
            "low": "5.324",
            "close": "5.327"
        },
        {
            "time": "20.12.2020 14:30",
            "open": "5.327",
            "high": "5.327",
            "low": "5.327",
            "close": "5.336"
        },
        {
            "time": "20.12.2020 14:32",
            "open": "5.336",
            "high": "5.336",
            "low": "5.336",
            "close": "5.347"
        },
        {
            "time": "20.12.2020 14:33",
            "open": "5.35",
            "high": "5.35",
            "low": "5.35",
            "close": "5.352"
        },
        {
            "time": "20.12.2020 14:36",
            "open": "5.352",
            "high": "5.352",
            "low": "5.342",
            "close": "5.347"
        },
        {
            "time": "20.12.2020 14:39",
            "open": "5.347",
            "high": "5.356",
            "low": "5.347",
            "close": "5.357"
        },
        {
            "time": "20.12.2020 14:42",
            "open": "5.357",
            "high": "5.357",
            "low": "5.357",
            "close": "5.351"
        },
        {
            "time": "20.12.2020 14:46",
            "open": "5.351",
            "high": "5.351",
            "low": "5.351",
            "close": "5.365"
        },
        {
            "time": "20.12.2020 14:47",
            "open": "5.365",
            "high": "5.366",
            "low": "5.365",
            "close": "5.374"
        },
        {
            "time": "20.12.2020 14:50",
            "open": "5.374",
            "high": "5.374",
            "low": "5.374",
            "close": "5.394"
        },
        {
            "time": "20.12.2020 14:52",
            "open": "5.394",
            "high": "5.394",
            "low": "5.394",
            "close": "5.421"
        },
        {
            "time": "20.12.2020 14:54",
            "open": "5.421",
            "high": "5.421",
            "low": "5.421",
            "close": "5.429"
        },
        {
            "time": "20.12.2020 14:55",
            "open": "5.429",
            "high": "5.429",
            "low": "5.429",
            "close": "5.432"
        },
        {
            "time": "20.12.2020 14:56",
            "open": "5.432",
            "high": "5.432",
            "low": "5.422",
            "close": "5.432"
        },
        {
            "time": "20.12.2020 14:57",
            "open": "5.432",
            "high": "5.437",
            "low": "5.432",
            "close": "5.439"
        },
        {
            "time": "20.12.2020 14:58",
            "open": "5.439",
            "high": "5.44",
            "low": "5.438",
            "close": "5.438"
        },
        {
            "time": "20.12.2020 14:59",
            "open": "5.438",
            "high": "5.45",
            "low": "5.438",
            "close": "5.457"
        },
        {
            "time": "20.12.2020 15:00",
            "open": "5.457",
            "high": "5.457",
            "low": "5.436",
            "close": "5.435"
        },
        {
            "time": "20.12.2020 15:01",
            "open": "5.435",
            "high": "5.435",
            "low": "5.435",
            "close": "5.458"
        },
        {
            "time": "20.12.2020 15:03",
            "open": "5.458",
            "high": "5.461",
            "low": "5.456",
            "close": "5.461"
        },
        {
            "time": "20.12.2020 15:04",
            "open": "5.461",
            "high": "5.472",
            "low": "5.461",
            "close": "5.459"
        },
        {
            "time": "20.12.2020 15:05",
            "open": "5.459",
            "high": "5.459",
            "low": "5.442",
            "close": "5.46"
        },
        {
            "time": "20.12.2020 15:06",
            "open": "5.46",
            "high": "5.461",
            "low": "5.454",
            "close": "5.454"
        },
        {
            "time": "20.12.2020 15:07",
            "open": "5.454",
            "high": "5.46",
            "low": "5.454",
            "close": "5.458"
        },
        {
            "time": "20.12.2020 15:08",
            "open": "5.458",
            "high": "5.458",
            "low": "5.449",
            "close": "5.457"
        },
        {
            "time": "20.12.2020 15:09",
            "open": "5.457",
            "high": "5.467",
            "low": "5.457",
            "close": "5.463"
        },
        {
            "time": "20.12.2020 15:10",
            "open": "5.463",
            "high": "5.463",
            "low": "5.458",
            "close": "5.454"
        },
        {
            "time": "20.12.2020 15:11",
            "open": "5.454",
            "high": "5.454",
            "low": "5.446",
            "close": "5.455"
        },
        {
            "time": "20.12.2020 15:12",
            "open": "5.455",
            "high": "5.455",
            "low": "5.453",
            "close": "5.447"
        },
        {
            "time": "20.12.2020 15:13",
            "open": "5.447",
            "high": "5.447",
            "low": "5.442",
            "close": "5.442"
        },
        {
            "time": "20.12.2020 15:14",
            "open": "5.442",
            "high": "5.452",
            "low": "5.442",
            "close": "5.448"
        },
        {
            "time": "20.12.2020 15:15",
            "open": "5.448",
            "high": "5.457",
            "low": "5.395",
            "close": "5.45"
        },
        {
            "time": "20.12.2020 15:16",
            "open": "5.45",
            "high": "5.469",
            "low": "5.447",
            "close": "5.463"
        },
        {
            "time": "20.12.2020 15:17",
            "open": "5.463",
            "high": "5.481",
            "low": "5.463",
            "close": "5.48"
        },
        {
            "time": "20.12.2020 15:18",
            "open": "5.48",
            "high": "5.48",
            "low": "5.459",
            "close": "5.465"
        },
        {
            "time": "20.12.2020 15:19",
            "open": "5.465",
            "high": "5.468",
            "low": "5.455",
            "close": "5.46"
        },
        {
            "time": "20.12.2020 15:20",
            "open": "5.46",
            "high": "5.465",
            "low": "5.457",
            "close": "5.449"
        },
        {
            "time": "20.12.2020 15:21",
            "open": "5.449",
            "high": "5.468",
            "low": "5.449",
            "close": "5.46"
        },
        {
            "time": "20.12.2020 15:22",
            "open": "5.46",
            "high": "5.467",
            "low": "5.46",
            "close": "5.472"
        },
        {
            "time": "20.12.2020 15:23",
            "open": "5.472",
            "high": "5.474",
            "low": "5.47",
            "close": "5.478"
        },
        {
            "time": "20.12.2020 15:24",
            "open": "5.478",
            "high": "5.49",
            "low": "5.478",
            "close": "5.487"
        },
        {
            "time": "20.12.2020 15:25",
            "open": "5.487",
            "high": "5.487",
            "low": "5.47",
            "close": "5.481"
        },
        {
            "time": "20.12.2020 15:26",
            "open": "5.481",
            "high": "5.489",
            "low": "5.477",
            "close": "5.469"
        },
        {
            "time": "20.12.2020 15:28",
            "open": "5.469",
            "high": "5.479",
            "low": "5.469",
            "close": "5.471"
        },
        {
            "time": "20.12.2020 15:30",
            "open": "5.471",
            "high": "5.471",
            "low": "5.471",
            "close": "5.476"
        },
        {
            "time": "20.12.2020 15:33",
            "open": "5.476",
            "high": "5.476",
            "low": "5.476",
            "close": "5.471"
        },
        {
            "time": "20.12.2020 15:34",
            "open": "5.471",
            "high": "5.471",
            "low": "5.471",
            "close": "5.47"
        },
        {
            "time": "20.12.2020 15:35",
            "open": "5.47",
            "high": "5.47",
            "low": "5.47",
            "close": "5.47"
        },
        {
            "time": "20.12.2020 15:38",
            "open": "5.47",
            "high": "5.47",
            "low": "5.47",
            "close": "5.454"
        },
        {
            "time": "20.12.2020 15:45",
            "open": "5.454",
            "high": "5.454",
            "low": "5.454",
            "close": "5.454"
        },
        {
            "time": "20.12.2020 15:48",
            "open": "5.454",
            "high": "5.454",
            "low": "5.454",
            "close": "5.457"
        },
        {
            "time": "20.12.2020 15:54",
            "open": "5.457",
            "high": "5.46",
            "low": "5.454",
            "close": "5.463"
        },
        {
            "time": "20.12.2020 15:56",
            "open": "5.463",
            "high": "5.463",
            "low": "5.462",
            "close": "5.456"
        },
        {
            "time": "20.12.2020 16:00",
            "open": "5.456",
            "high": "5.456",
            "low": "5.456",
            "close": "5.462"
        },
        {
            "time": "20.12.2020 16:01",
            "open": "5.462",
            "high": "5.462",
            "low": "5.462",
            "close": "5.472"
        },
        {
            "time": "20.12.2020 16:02",
            "open": "5.472",
            "high": "5.472",
            "low": "5.472",
            "close": "5.478"
        },
        {
            "time": "20.12.2020 16:03",
            "open": "5.478",
            "high": "5.478",
            "low": "5.478",
            "close": "5.481"
        },
        {
            "time": "20.12.2020 16:04",
            "open": "5.481",
            "high": "5.485",
            "low": "5.481",
            "close": "5.49"
        },
        {
            "time": "20.12.2020 16:07",
            "open": "5.49",
            "high": "5.503",
            "low": "5.49",
            "close": "5.503"
        },
        {
            "time": "20.12.2020 16:08",
            "open": "5.503",
            "high": "5.517",
            "low": "5.502",
            "close": "5.524"
        },
        {
            "time": "20.12.2020 16:09",
            "open": "5.524",
            "high": "5.53",
            "low": "5.514",
            "close": "5.533"
        },
        {
            "time": "20.12.2020 16:10",
            "open": "5.533",
            "high": "5.534",
            "low": "5.533",
            "close": "5.537"
        },
        {
            "time": "20.12.2020 16:11",
            "open": "5.537",
            "high": "5.54",
            "low": "5.531",
            "close": "5.531"
        },
        {
            "time": "20.12.2020 16:12",
            "open": "5.531",
            "high": "5.531",
            "low": "5.531",
            "close": "5.533"
        },
        {
            "time": "20.12.2020 16:13",
            "open": "5.533",
            "high": "5.544",
            "low": "5.533",
            "close": "5.538"
        },
        {
            "time": "20.12.2020 16:14",
            "open": "5.538",
            "high": "5.54",
            "low": "5.528",
            "close": "5.519"
        },
        {
            "time": "20.12.2020 16:16",
            "open": "5.519",
            "high": "5.519",
            "low": "5.507",
            "close": "5.503"
        },
        {
            "time": "20.12.2020 16:17",
            "open": "5.503",
            "high": "5.503",
            "low": "5.503",
            "close": "5.491"
        },
        {
            "time": "20.12.2020 16:18",
            "open": "5.491",
            "high": "5.491",
            "low": "5.491",
            "close": "5.5"
        },
        {
            "time": "20.12.2020 16:19",
            "open": "5.5",
            "high": "5.505",
            "low": "5.5",
            "close": "5.504"
        },
        {
            "time": "20.12.2020 16:20",
            "open": "5.504",
            "high": "5.504",
            "low": "5.504",
            "close": "5.492"
        },
        {
            "time": "20.12.2020 16:21",
            "open": "5.492",
            "high": "5.492",
            "low": "5.491",
            "close": "5.49"
        },
        {
            "time": "20.12.2020 16:23",
            "open": "5.49",
            "high": "5.491",
            "low": "5.49",
            "close": "5.504"
        },
        {
            "time": "20.12.2020 16:26",
            "open": "5.504",
            "high": "5.504",
            "low": "5.504",
            "close": "5.492"
        },
        {
            "time": "20.12.2020 16:29",
            "open": "5.492",
            "high": "5.492",
            "low": "5.487",
            "close": "5.489"
        },
        {
            "time": "20.12.2020 16:31",
            "open": "5.489",
            "high": "5.489",
            "low": "5.489",
            "close": "5.495"
        },
        {
            "time": "20.12.2020 16:33",
            "open": "5.495",
            "high": "5.495",
            "low": "5.495",
            "close": "5.482"
        },
        {
            "time": "20.12.2020 16:38",
            "open": "5.482",
            "high": "5.482",
            "low": "5.482",
            "close": "5.466"
        },
        {
            "time": "20.12.2020 16:42",
            "open": "5.466",
            "high": "5.47",
            "low": "5.461",
            "close": "5.462"
        },
        {
            "time": "20.12.2020 16:43",
            "open": "5.462",
            "high": "5.466",
            "low": "5.462",
            "close": "5.461"
        },
        {
            "time": "20.12.2020 16:44",
            "open": "5.461",
            "high": "5.472",
            "low": "5.461",
            "close": "5.466"
        },
        {
            "time": "20.12.2020 16:45",
            "open": "5.466",
            "high": "5.466",
            "low": "5.466",
            "close": "5.463"
        },
        {
            "time": "20.12.2020 16:46",
            "open": "5.463",
            "high": "5.463",
            "low": "5.463",
            "close": "5.464"
        },
        {
            "time": "20.12.2020 16:47",
            "open": "5.464",
            "high": "5.472",
            "low": "5.458",
            "close": "5.487"
        },
        {
            "time": "20.12.2020 16:49",
            "open": "5.487",
            "high": "5.487",
            "low": "5.487",
            "close": "5.485"
        },
        {
            "time": "20.12.2020 16:50",
            "open": "5.485",
            "high": "5.485",
            "low": "5.485",
            "close": "5.466"
        },
        {
            "time": "20.12.2020 16:51",
            "open": "5.466",
            "high": "5.466",
            "low": "5.466",
            "close": "5.456"
        },
        {
            "time": "20.12.2020 16:52",
            "open": "5.456",
            "high": "5.463",
            "low": "5.45",
            "close": "5.45"
        },
        {
            "time": "20.12.2020 16:53",
            "open": "5.45",
            "high": "5.45",
            "low": "5.45",
            "close": "5.467"
        },
        {
            "time": "20.12.2020 16:55",
            "open": "5.467",
            "high": "5.467",
            "low": "5.467",
            "close": "5.463"
        },
        {
            "time": "20.12.2020 16:56",
            "open": "5.463",
            "high": "5.463",
            "low": "5.463",
            "close": "5.464"
        },
        {
            "time": "20.12.2020 16:57",
            "open": "5.464",
            "high": "5.464",
            "low": "5.455",
            "close": "5.468"
        },
        {
            "time": "20.12.2020 17:00",
            "open": "5.468",
            "high": "5.468",
            "low": "5.467",
            "close": "5.474"
        },
        {
            "time": "20.12.2020 17:01",
            "open": "5.474",
            "high": "5.474",
            "low": "5.463",
            "close": "5.474"
        },
        {
            "time": "20.12.2020 17:02",
            "open": "5.474",
            "high": "5.474",
            "low": "5.473",
            "close": "5.482"
        },
        {
            "time": "20.12.2020 17:05",
            "open": "5.482",
            "high": "5.482",
            "low": "5.482",
            "close": "5.484"
        },
        {
            "time": "20.12.2020 17:06",
            "open": "5.484",
            "high": "5.484",
            "low": "5.484",
            "close": "5.478"
        },
        {
            "time": "20.12.2020 17:07",
            "open": "5.478",
            "high": "5.478",
            "low": "5.478",
            "close": "5.482"
        },
        {
            "time": "20.12.2020 17:08",
            "open": "5.482",
            "high": "5.482",
            "low": "5.48",
            "close": "5.483"
        },
        {
            "time": "20.12.2020 17:09",
            "open": "5.483",
            "high": "5.484",
            "low": "5.483",
            "close": "5.486"
        },
        {
            "time": "20.12.2020 17:10",
            "open": "5.486",
            "high": "5.497",
            "low": "5.482",
            "close": "5.499"
        },
        {
            "time": "20.12.2020 17:11",
            "open": "5.499",
            "high": "5.5",
            "low": "5.499",
            "close": "5.5"
        },
        {
            "time": "20.12.2020 17:12",
            "open": "5.5",
            "high": "5.505",
            "low": "5.5",
            "close": "5.512"
        },
        {
            "time": "20.12.2020 17:13",
            "open": "5.512",
            "high": "5.512",
            "low": "5.512",
            "close": "5.493"
        },
        {
            "time": "20.12.2020 17:14",
            "open": "5.493",
            "high": "5.493",
            "low": "5.493",
            "close": "5.489"
        },
        {
            "time": "20.12.2020 17:15",
            "open": "5.489",
            "high": "5.513",
            "low": "5.489",
            "close": "5.484"
        },
        {
            "time": "20.12.2020 17:16",
            "open": "5.484",
            "high": "5.484",
            "low": "5.484",
            "close": "5.48"
        },
        {
            "time": "20.12.2020 17:17",
            "open": "5.48",
            "high": "5.48",
            "low": "5.466",
            "close": "5.477"
        },
        {
            "time": "20.12.2020 17:18",
            "open": "5.477",
            "high": "5.477",
            "low": "5.455",
            "close": "5.45"
        },
        {
            "time": "20.12.2020 17:20",
            "open": "5.45",
            "high": "5.451",
            "low": "5.45",
            "close": "5.45"
        },
        {
            "time": "20.12.2020 17:21",
            "open": "5.45",
            "high": "5.45",
            "low": "5.45",
            "close": "5.45"
        },
        {
            "time": "20.12.2020 17:22",
            "open": "5.45",
            "high": "5.455",
            "low": "5.45",
            "close": "5.45"
        },
        {
            "time": "20.12.2020 17:25",
            "open": "5.45",
            "high": "5.451",
            "low": "5.45",
            "close": "5.456"
        },
        {
            "time": "20.12.2020 17:27",
            "open": "5.456",
            "high": "5.467",
            "low": "5.456",
            "close": "5.458"
        },
        {
            "time": "20.12.2020 17:29",
            "open": "5.458",
            "high": "5.458",
            "low": "5.457",
            "close": "5.464"
        },
        {
            "time": "20.12.2020 17:32",
            "open": "5.464",
            "high": "5.464",
            "low": "5.464",
            "close": "5.469"
        },
        {
            "time": "20.12.2020 17:33",
            "open": "5.469",
            "high": "5.47",
            "low": "5.469",
            "close": "5.472"
        },
        {
            "time": "20.12.2020 17:34",
            "open": "5.472",
            "high": "5.472",
            "low": "5.472",
            "close": "5.452"
        },
        {
            "time": "20.12.2020 17:37",
            "open": "5.452",
            "high": "5.452",
            "low": "5.45",
            "close": "5.45"
        },
        {
            "time": "20.12.2020 17:38",
            "open": "5.45",
            "high": "5.45",
            "low": "5.448",
            "close": "5.442"
        },
        {
            "time": "20.12.2020 17:39",
            "open": "5.442",
            "high": "5.442",
            "low": "5.442",
            "close": "5.434"
        },
        {
            "time": "20.12.2020 17:40",
            "open": "5.434",
            "high": "5.434",
            "low": "5.434",
            "close": "5.434"
        },
        {
            "time": "20.12.2020 17:41",
            "open": "5.434",
            "high": "5.44",
            "low": "5.434",
            "close": "5.445"
        },
        {
            "time": "20.12.2020 17:44",
            "open": "5.445",
            "high": "5.446",
            "low": "5.442",
            "close": "5.436"
        },
        {
            "time": "20.12.2020 17:45",
            "open": "5.436",
            "high": "5.436",
            "low": "5.436",
            "close": "5.441"
        },
        {
            "time": "20.12.2020 17:47",
            "open": "5.441",
            "high": "5.441",
            "low": "5.441",
            "close": "5.445"
        },
        {
            "time": "20.12.2020 17:48",
            "open": "5.445",
            "high": "5.445",
            "low": "5.445",
            "close": "5.445"
        },
        {
            "time": "20.12.2020 17:49",
            "open": "5.445",
            "high": "5.445",
            "low": "5.445",
            "close": "5.443"
        },
        {
            "time": "20.12.2020 17:51",
            "open": "5.443",
            "high": "5.443",
            "low": "5.443",
            "close": "5.441"
        },
        {
            "time": "20.12.2020 17:55",
            "open": "5.441",
            "high": "5.455",
            "low": "5.441",
            "close": "5.452"
        },
        {
            "time": "20.12.2020 17:56",
            "open": "5.452",
            "high": "5.452",
            "low": "5.452",
            "close": "5.459"
        },
        {
            "time": "20.12.2020 17:58",
            "open": "5.459",
            "high": "5.463",
            "low": "5.459",
            "close": "5.433"
        },
        {
            "time": "20.12.2020 17:59",
            "open": "5.433",
            "high": "5.433",
            "low": "5.433",
            "close": "5.443"
        },
        {
            "time": "20.12.2020 18:03",
            "open": "5.443",
            "high": "5.443",
            "low": "5.443",
            "close": "5.458"
        },
        {
            "time": "20.12.2020 18:04",
            "open": "5.458",
            "high": "5.458",
            "low": "5.458",
            "close": "5.434"
        },
        {
            "time": "20.12.2020 18:08",
            "open": "5.434",
            "high": "5.434",
            "low": "5.432",
            "close": "5.437"
        },
        {
            "time": "20.12.2020 18:09",
            "open": "5.437",
            "high": "5.437",
            "low": "5.437",
            "close": "5.435"
        },
        {
            "time": "20.12.2020 18:13",
            "open": "5.435",
            "high": "5.435",
            "low": "5.435",
            "close": "5.423"
        },
        {
            "time": "20.12.2020 18:15",
            "open": "5.423",
            "high": "5.438",
            "low": "5.423",
            "close": "5.429"
        },
        {
            "time": "20.12.2020 18:16",
            "open": "5.429",
            "high": "5.429",
            "low": "5.429",
            "close": "5.42"
        },
        {
            "time": "20.12.2020 18:18",
            "open": "5.42",
            "high": "5.42",
            "low": "5.42",
            "close": "5.423"
        },
        {
            "time": "20.12.2020 18:19",
            "open": "5.423",
            "high": "5.423",
            "low": "5.422",
            "close": "5.442"
        },
        {
            "time": "20.12.2020 18:20",
            "open": "5.442",
            "high": "5.442",
            "low": "5.442",
            "close": "5.428"
        },
        {
            "time": "20.12.2020 18:23",
            "open": "5.428",
            "high": "5.43",
            "low": "5.428",
            "close": "5.425"
        },
        {
            "time": "20.12.2020 18:26",
            "open": "5.425",
            "high": "5.426",
            "low": "5.425",
            "close": "5.418"
        },
        {
            "time": "20.12.2020 18:29",
            "open": "5.418",
            "high": "5.418",
            "low": "5.418",
            "close": "5.421"
        },
        {
            "time": "20.12.2020 18:30",
            "open": "5.421",
            "high": "5.421",
            "low": "5.421",
            "close": "5.414"
        },
        {
            "time": "20.12.2020 18:31",
            "open": "5.414",
            "high": "5.414",
            "low": "5.414",
            "close": "5.401"
        },
        {
            "time": "20.12.2020 18:32",
            "open": "5.401",
            "high": "5.407",
            "low": "5.4",
            "close": "5.408"
        },
        {
            "time": "20.12.2020 18:39",
            "open": "5.408",
            "high": "5.408",
            "low": "5.408",
            "close": "5.41"
        },
        {
            "time": "20.12.2020 18:41",
            "open": "5.41",
            "high": "5.41",
            "low": "5.41",
            "close": "5.411"
        },
        {
            "time": "20.12.2020 18:43",
            "open": "5.411",
            "high": "5.411",
            "low": "5.411",
            "close": "5.417"
        },
        {
            "time": "20.12.2020 18:45",
            "open": "5.417",
            "high": "5.417",
            "low": "5.417",
            "close": "5.42"
        },
        {
            "time": "20.12.2020 18:48",
            "open": "5.42",
            "high": "5.42",
            "low": "5.412",
            "close": "5.408"
        },
        {
            "time": "20.12.2020 18:52",
            "open": "5.408",
            "high": "5.41",
            "low": "5.408",
            "close": "5.409"
        },
        {
            "time": "20.12.2020 18:53",
            "open": "5.409",
            "high": "5.409",
            "low": "5.408",
            "close": "5.405"
        },
        {
            "time": "20.12.2020 18:59",
            "open": "5.405",
            "high": "5.405",
            "low": "5.405",
            "close": "5.415"
        },
        {
            "time": "20.12.2020 19:00",
            "open": "5.415",
            "high": "5.421",
            "low": "5.415",
            "close": "5.42"
        },
        {
            "time": "20.12.2020 19:03",
            "open": "5.42",
            "high": "5.43",
            "low": "5.42",
            "close": "5.432"
        },
        {
            "time": "20.12.2020 19:04",
            "open": "5.432",
            "high": "5.436",
            "low": "5.432",
            "close": "5.406"
        },
        {
            "time": "20.12.2020 19:10",
            "open": "5.406",
            "high": "5.406",
            "low": "5.406",
            "close": "5.41"
        },
        {
            "time": "20.12.2020 19:13",
            "open": "5.41",
            "high": "5.41",
            "low": "5.41",
            "close": "5.427"
        },
        {
            "time": "20.12.2020 19:14",
            "open": "5.427",
            "high": "5.427",
            "low": "5.427",
            "close": "5.419"
        },
        {
            "time": "20.12.2020 19:15",
            "open": "5.419",
            "high": "5.419",
            "low": "5.419",
            "close": "5.424"
        },
        {
            "time": "20.12.2020 19:18",
            "open": "5.424",
            "high": "5.424",
            "low": "5.424",
            "close": "5.41"
        },
        {
            "time": "20.12.2020 19:22",
            "open": "5.41",
            "high": "5.41",
            "low": "5.41",
            "close": "5.411"
        },
        {
            "time": "20.12.2020 19:23",
            "open": "5.411",
            "high": "5.411",
            "low": "5.411",
            "close": "5.41"
        },
        {
            "time": "20.12.2020 19:24",
            "open": "5.41",
            "high": "5.41",
            "low": "5.41",
            "close": "5.422"
        },
        {
            "time": "20.12.2020 19:29",
            "open": "5.422",
            "high": "5.424",
            "low": "5.422",
            "close": "5.423"
        },
        {
            "time": "20.12.2020 19:32",
            "open": "5.423",
            "high": "5.423",
            "low": "5.423",
            "close": "5.428"
        },
        {
            "time": "20.12.2020 19:34",
            "open": "5.428",
            "high": "5.428",
            "low": "5.428",
            "close": "5.442"
        },
        {
            "time": "20.12.2020 19:35",
            "open": "5.442",
            "high": "5.442",
            "low": "5.439",
            "close": "5.438"
        },
        {
            "time": "20.12.2020 19:36",
            "open": "5.438",
            "high": "5.444",
            "low": "5.438",
            "close": "5.448"
        },
        {
            "time": "20.12.2020 19:38",
            "open": "5.448",
            "high": "5.448",
            "low": "5.448",
            "close": "5.456"
        },
        {
            "time": "20.12.2020 19:41",
            "open": "5.456",
            "high": "5.456",
            "low": "5.456",
            "close": "5.461"
        },
        {
            "time": "20.12.2020 19:48",
            "open": "5.461",
            "high": "5.461",
            "low": "5.456",
            "close": "5.457"
        },
        {
            "time": "20.12.2020 19:49",
            "open": "5.457",
            "high": "5.457",
            "low": "5.457",
            "close": "5.455"
        },
        {
            "time": "20.12.2020 19:55",
            "open": "5.455",
            "high": "5.455",
            "low": "5.455",
            "close": "5.453"
        },
        {
            "time": "20.12.2020 19:56",
            "open": "5.453",
            "high": "5.454",
            "low": "5.453",
            "close": "5.448"
        },
        {
            "time": "20.12.2020 20:03",
            "open": "5.448",
            "high": "5.448",
            "low": "5.448",
            "close": "5.437"
        },
        {
            "time": "20.12.2020 20:04",
            "open": "5.437",
            "high": "5.437",
            "low": "5.436",
            "close": "5.435"
        },
        {
            "time": "20.12.2020 20:05",
            "open": "5.435",
            "high": "5.435",
            "low": "5.434",
            "close": "5.442"
        },
        {
            "time": "20.12.2020 20:06",
            "open": "5.442",
            "high": "5.442",
            "low": "5.442",
            "close": "5.437"
        },
        {
            "time": "20.12.2020 20:07",
            "open": "5.437",
            "high": "5.437",
            "low": "5.434",
            "close": "5.435"
        },
        {
            "time": "20.12.2020 20:08",
            "open": "5.435",
            "high": "5.445",
            "low": "5.433",
            "close": "5.446"
        },
        {
            "time": "20.12.2020 20:10",
            "open": "5.446",
            "high": "5.446",
            "low": "5.446",
            "close": "5.449"
        },
        {
            "time": "20.12.2020 20:12",
            "open": "5.449",
            "high": "5.449",
            "low": "5.449",
            "close": "5.448"
        },
        {
            "time": "20.12.2020 20:13",
            "open": "5.448",
            "high": "5.458",
            "low": "5.448",
            "close": "5.436"
        },
        {
            "time": "20.12.2020 20:16",
            "open": "5.436",
            "high": "5.442",
            "low": "5.436",
            "close": "5.433"
        },
        {
            "time": "20.12.2020 20:19",
            "open": "5.433",
            "high": "5.433",
            "low": "5.433",
            "close": "5.43"
        },
        {
            "time": "20.12.2020 20:20",
            "open": "5.43",
            "high": "5.43",
            "low": "5.43",
            "close": "5.429"
        },
        {
            "time": "20.12.2020 20:22",
            "open": "5.429",
            "high": "5.438",
            "low": "5.427",
            "close": "5.417"
        },
        {
            "time": "20.12.2020 20:24",
            "open": "5.417",
            "high": "5.425",
            "low": "5.417",
            "close": "5.439"
        },
        {
            "time": "20.12.2020 20:25",
            "open": "5.439",
            "high": "5.439",
            "low": "5.439",
            "close": "5.424"
        },
        {
            "time": "20.12.2020 20:26",
            "open": "5.424",
            "high": "5.424",
            "low": "5.424",
            "close": "5.42"
        },
        {
            "time": "20.12.2020 20:27",
            "open": "5.42",
            "high": "5.422",
            "low": "5.417",
            "close": "5.424"
        },
        {
            "time": "20.12.2020 20:28",
            "open": "5.424",
            "high": "5.43",
            "low": "5.422",
            "close": "5.425"
        },
        {
            "time": "20.12.2020 20:29",
            "open": "5.425",
            "high": "5.438",
            "low": "5.424",
            "close": "5.426"
        },
        {
            "time": "20.12.2020 20:30",
            "open": "5.426",
            "high": "5.427",
            "low": "5.426",
            "close": "5.44"
        },
        {
            "time": "20.12.2020 20:33",
            "open": "5.44",
            "high": "5.44",
            "low": "5.44",
            "close": "5.445"
        },
        {
            "time": "20.12.2020 20:37",
            "open": "5.445",
            "high": "5.446",
            "low": "5.445",
            "close": "5.438"
        },
        {
            "time": "20.12.2020 20:38",
            "open": "5.438",
            "high": "5.438",
            "low": "5.438",
            "close": "5.442"
        },
        {
            "time": "20.12.2020 20:40",
            "open": "5.442",
            "high": "5.442",
            "low": "5.421",
            "close": "5.436"
        },
        {
            "time": "20.12.2020 20:42",
            "open": "5.436",
            "high": "5.436",
            "low": "5.436",
            "close": "5.435"
        },
        {
            "time": "20.12.2020 20:47",
            "open": "5.435",
            "high": "5.436",
            "low": "5.433",
            "close": "5.434"
        },
        {
            "time": "20.12.2020 20:53",
            "open": "5.434",
            "high": "5.434",
            "low": "5.432",
            "close": "5.431"
        },
        {
            "time": "20.12.2020 21:00",
            "open": "5.431",
            "high": "5.431",
            "low": "5.431",
            "close": "5.446"
        },
        {
            "time": "20.12.2020 21:01",
            "open": "5.446",
            "high": "5.449",
            "low": "5.434",
            "close": "5.443"
        },
        {
            "time": "20.12.2020 21:02",
            "open": "5.443",
            "high": "5.443",
            "low": "5.439",
            "close": "5.438"
        },
        {
            "time": "20.12.2020 21:04",
            "open": "5.438",
            "high": "5.438",
            "low": "5.438",
            "close": "5.449"
        },
        {
            "time": "20.12.2020 21:05",
            "open": "5.449",
            "high": "5.45",
            "low": "5.449",
            "close": "5.456"
        },
        {
            "time": "20.12.2020 21:06",
            "open": "5.456",
            "high": "5.456",
            "low": "5.438",
            "close": "5.455"
        },
        {
            "time": "20.12.2020 21:08",
            "open": "5.455",
            "high": "5.458",
            "low": "5.455",
            "close": "5.456"
        },
        {
            "time": "20.12.2020 21:09",
            "open": "5.456",
            "high": "5.456",
            "low": "5.455",
            "close": "5.469"
        },
        {
            "time": "20.12.2020 21:10",
            "open": "5.469",
            "high": "5.473",
            "low": "5.469",
            "close": "5.464"
        },
        {
            "time": "20.12.2020 21:14",
            "open": "5.464",
            "high": "5.464",
            "low": "5.461",
            "close": "5.461"
        },
        {
            "time": "20.12.2020 21:15",
            "open": "5.461",
            "high": "5.461",
            "low": "5.461",
            "close": "5.461"
        },
        {
            "time": "20.12.2020 21:16",
            "open": "5.461",
            "high": "5.471",
            "low": "5.461",
            "close": "5.459"
        },
        {
            "time": "20.12.2020 21:17",
            "open": "5.459",
            "high": "5.459",
            "low": "5.459",
            "close": "5.461"
        },
        {
            "time": "20.12.2020 21:18",
            "open": "5.461",
            "high": "5.461",
            "low": "5.461",
            "close": "5.468"
        },
        {
            "time": "20.12.2020 21:19",
            "open": "5.468",
            "high": "5.468",
            "low": "5.463",
            "close": "5.459"
        },
        {
            "time": "20.12.2020 21:20",
            "open": "5.459",
            "high": "5.459",
            "low": "5.459",
            "close": "5.467"
        },
        {
            "time": "20.12.2020 21:21",
            "open": "5.467",
            "high": "5.467",
            "low": "5.467",
            "close": "5.465"
        },
        {
            "time": "20.12.2020 21:26",
            "open": "5.465",
            "high": "5.465",
            "low": "5.465",
            "close": "5.456"
        },
        {
            "time": "20.12.2020 21:28",
            "open": "5.456",
            "high": "5.456",
            "low": "5.456",
            "close": "5.469"
        },
        {
            "time": "20.12.2020 21:30",
            "open": "5.469",
            "high": "5.476",
            "low": "5.468",
            "close": "5.47"
        },
        {
            "time": "20.12.2020 21:32",
            "open": "5.47",
            "high": "5.47",
            "low": "5.47",
            "close": "5.47"
        },
        {
            "time": "20.12.2020 21:34",
            "open": "5.47",
            "high": "5.47",
            "low": "5.47",
            "close": "5.48"
        },
        {
            "time": "20.12.2020 21:36",
            "open": "5.48",
            "high": "5.48",
            "low": "5.48",
            "close": "5.474"
        },
        {
            "time": "20.12.2020 21:38",
            "open": "5.474",
            "high": "5.474",
            "low": "5.473",
            "close": "5.475"
        },
        {
            "time": "20.12.2020 21:42",
            "open": "5.475",
            "high": "5.477",
            "low": "5.475",
            "close": "5.469"
        },
        {
            "time": "20.12.2020 21:43",
            "open": "5.469",
            "high": "5.483",
            "low": "5.469",
            "close": "5.476"
        },
        {
            "time": "20.12.2020 21:44",
            "open": "5.476",
            "high": "5.482",
            "low": "5.476",
            "close": "5.483"
        },
        {
            "time": "20.12.2020 21:49",
            "open": "5.483",
            "high": "5.483",
            "low": "5.475",
            "close": "5.484"
        },
        {
            "time": "20.12.2020 21:50",
            "open": "5.484",
            "high": "5.484",
            "low": "5.484",
            "close": "5.477"
        },
        {
            "time": "20.12.2020 21:52",
            "open": "5.477",
            "high": "5.48",
            "low": "5.464",
            "close": "5.466"
        },
        {
            "time": "20.12.2020 21:53",
            "open": "5.466",
            "high": "5.466",
            "low": "5.466",
            "close": "5.469"
        },
        {
            "time": "20.12.2020 21:58",
            "open": "5.469",
            "high": "5.469",
            "low": "5.469",
            "close": "5.467"
        },
        {
            "time": "20.12.2020 21:59",
            "open": "5.467",
            "high": "5.467",
            "low": "5.467",
            "close": "5.468"
        },
        {
            "time": "20.12.2020 22:00",
            "open": "5.468",
            "high": "5.47",
            "low": "5.467",
            "close": "5.471"
        },
        {
            "time": "20.12.2020 22:04",
            "open": "5.471",
            "high": "5.471",
            "low": "5.471",
            "close": "5.461"
        },
        {
            "time": "20.12.2020 22:05",
            "open": "5.461",
            "high": "5.461",
            "low": "5.461",
            "close": "5.471"
        },
        {
            "time": "20.12.2020 22:06",
            "open": "5.471",
            "high": "5.471",
            "low": "5.46",
            "close": "5.46"
        },
        {
            "time": "20.12.2020 22:08",
            "open": "5.46",
            "high": "5.466",
            "low": "5.456",
            "close": "5.453"
        },
        {
            "time": "20.12.2020 22:09",
            "open": "5.453",
            "high": "5.453",
            "low": "5.453",
            "close": "5.445"
        },
        {
            "time": "20.12.2020 22:10",
            "open": "5.445",
            "high": "5.445",
            "low": "5.445",
            "close": "5.416"
        },
        {
            "time": "20.12.2020 22:12",
            "open": "5.416",
            "high": "5.416",
            "low": "5.416",
            "close": "5.414"
        },
        {
            "time": "20.12.2020 22:14",
            "open": "5.414",
            "high": "5.414",
            "low": "5.414",
            "close": "5.406"
        },
        {
            "time": "20.12.2020 22:15",
            "open": "5.406",
            "high": "5.41",
            "low": "5.395",
            "close": "5.397"
        },
        {
            "time": "20.12.2020 22:16",
            "open": "5.397",
            "high": "5.41",
            "low": "5.397",
            "close": "5.407"
        },
        {
            "time": "20.12.2020 22:19",
            "open": "5.407",
            "high": "5.407",
            "low": "5.407",
            "close": "5.407"
        },
        {
            "time": "20.12.2020 22:20",
            "open": "5.407",
            "high": "5.407",
            "low": "5.395",
            "close": "5.396"
        },
        {
            "time": "20.12.2020 22:21",
            "open": "5.396",
            "high": "5.396",
            "low": "5.396",
            "close": "5.395"
        },
        {
            "time": "20.12.2020 22:35",
            "open": "5.395",
            "high": "5.395",
            "low": "5.377",
            "close": "5.384"
        },
        {
            "time": "20.12.2020 22:36",
            "open": "5.384",
            "high": "5.384",
            "low": "5.37",
            "close": "5.363"
        },
        {
            "time": "20.12.2020 22:37",
            "open": "5.363",
            "high": "5.363",
            "low": "5.35",
            "close": "5.362"
        },
        {
            "time": "20.12.2020 22:39",
            "open": "5.362",
            "high": "5.368",
            "low": "5.362",
            "close": "5.366"
        },
        {
            "time": "20.12.2020 22:40",
            "open": "5.366",
            "high": "5.366",
            "low": "5.361",
            "close": "5.359"
        },
        {
            "time": "20.12.2020 22:41",
            "open": "5.359",
            "high": "5.359",
            "low": "5.359",
            "close": "5.354"
        },
        {
            "time": "20.12.2020 22:42",
            "open": "5.354",
            "high": "5.354",
            "low": "5.354",
            "close": "5.359"
        },
        {
            "time": "20.12.2020 22:43",
            "open": "5.359",
            "high": "5.367",
            "low": "5.359",
            "close": "5.361"
        },
        {
            "time": "20.12.2020 22:45",
            "open": "5.361",
            "high": "5.361",
            "low": "5.351",
            "close": "5.36"
        },
        {
            "time": "20.12.2020 22:46",
            "open": "5.36",
            "high": "5.36",
            "low": "5.36",
            "close": "5.357"
        },
        {
            "time": "20.12.2020 22:48",
            "open": "5.357",
            "high": "5.357",
            "low": "5.357",
            "close": "5.357"
        },
        {
            "time": "20.12.2020 22:49",
            "open": "5.357",
            "high": "5.357",
            "low": "5.354",
            "close": "5.34"
        },
        {
            "time": "20.12.2020 22:50",
            "open": "5.34",
            "high": "5.34",
            "low": "5.34",
            "close": "5.357"
        },
        {
            "time": "20.12.2020 22:53",
            "open": "5.357",
            "high": "5.357",
            "low": "5.357",
            "close": "5.349"
        },
        {
            "time": "20.12.2020 22:54",
            "open": "5.349",
            "high": "5.351",
            "low": "5.341",
            "close": "5.351"
        },
        {
            "time": "20.12.2020 22:55",
            "open": "5.351",
            "high": "5.351",
            "low": "5.338",
            "close": "5.338"
        },
        {
            "time": "20.12.2020 22:56",
            "open": "5.338",
            "high": "5.338",
            "low": "5.335",
            "close": "5.337"
        },
        {
            "time": "20.12.2020 22:57",
            "open": "5.337",
            "high": "5.337",
            "low": "5.337",
            "close": "5.342"
        },
        {
            "time": "20.12.2020 22:58",
            "open": "5.342",
            "high": "5.342",
            "low": "5.322",
            "close": "5.32"
        },
        {
            "time": "20.12.2020 22:59",
            "open": "5.32",
            "high": "5.32",
            "low": "5.315",
            "close": "5.31"
        },
        {
            "time": "20.12.2020 23:00",
            "open": "5.31",
            "high": "5.31",
            "low": "5.31",
            "close": "5.301"
        },
        {
            "time": "20.12.2020 23:01",
            "open": "5.301",
            "high": "5.301",
            "low": "5.254",
            "close": "5.27"
        },
        {
            "time": "20.12.2020 23:02",
            "open": "5.27",
            "high": "5.27",
            "low": "5.237",
            "close": "5.217"
        },
        {
            "time": "20.12.2020 23:03",
            "open": "5.217",
            "high": "5.234",
            "low": "5.2",
            "close": "5.265"
        },
        {
            "time": "20.12.2020 23:05",
            "open": "5.265",
            "high": "5.265",
            "low": "5.265",
            "close": "5.265"
        },
        {
            "time": "20.12.2020 23:06",
            "open": "5.265",
            "high": "5.28",
            "low": "5.265",
            "close": "5.271"
        },
        {
            "time": "20.12.2020 23:07",
            "open": "5.271",
            "high": "5.272",
            "low": "5.259",
            "close": "5.244"
        },
        {
            "time": "20.12.2020 23:10",
            "open": "5.244",
            "high": "5.246",
            "low": "5.223",
            "close": "5.205"
        },
        {
            "time": "20.12.2020 23:11",
            "open": "5.205",
            "high": "5.205",
            "low": "5.205",
            "close": "5.238"
        },
        {
            "time": "20.12.2020 23:13",
            "open": "5.238",
            "high": "5.258",
            "low": "5.238",
            "close": "5.267"
        },
        {
            "time": "20.12.2020 23:14",
            "open": "5.267",
            "high": "5.267",
            "low": "5.249",
            "close": "5.261"
        },
        {
            "time": "20.12.2020 23:15",
            "open": "5.261",
            "high": "5.282",
            "low": "5.261",
            "close": "5.278"
        },
        {
            "time": "20.12.2020 23:16",
            "open": "5.278",
            "high": "5.292",
            "low": "5.278",
            "close": "5.283"
        },
        {
            "time": "20.12.2020 23:17",
            "open": "5.283",
            "high": "5.283",
            "low": "5.283",
            "close": "5.266"
        },
        {
            "time": "20.12.2020 23:18",
            "open": "5.266",
            "high": "5.266",
            "low": "5.252",
            "close": "5.261"
        },
        {
            "time": "20.12.2020 23:19",
            "open": "5.261",
            "high": "5.261",
            "low": "5.252",
            "close": "5.261"
        },
        {
            "time": "20.12.2020 23:20",
            "open": "5.261",
            "high": "5.265",
            "low": "5.261",
            "close": "5.274"
        },
        {
            "time": "20.12.2020 23:22",
            "open": "5.274",
            "high": "5.274",
            "low": "5.274",
            "close": "5.278"
        },
        {
            "time": "20.12.2020 23:23",
            "open": "5.278",
            "high": "5.278",
            "low": "5.278",
            "close": "5.286"
        },
        {
            "time": "20.12.2020 23:24",
            "open": "5.286",
            "high": "5.286",
            "low": "5.279",
            "close": "5.294"
        },
        {
            "time": "20.12.2020 23:27",
            "open": "5.294",
            "high": "5.294",
            "low": "5.294",
            "close": "5.287"
        },
        {
            "time": "20.12.2020 23:28",
            "open": "5.287",
            "high": "5.293",
            "low": "5.287",
            "close": "5.283"
        },
        {
            "time": "20.12.2020 23:29",
            "open": "5.283",
            "high": "5.284",
            "low": "5.283",
            "close": "5.278"
        },
        {
            "time": "20.12.2020 23:30",
            "open": "5.278",
            "high": "5.278",
            "low": "5.278",
            "close": "5.277"
        },
        {
            "time": "20.12.2020 23:32",
            "open": "5.277",
            "high": "5.277",
            "low": "5.277",
            "close": "5.252"
        },
        {
            "time": "20.12.2020 23:34",
            "open": "5.252",
            "high": "5.252",
            "low": "5.252",
            "close": "5.242"
        },
        {
            "time": "20.12.2020 23:35",
            "open": "5.242",
            "high": "5.258",
            "low": "5.241",
            "close": "5.246"
        },
        {
            "time": "20.12.2020 23:36",
            "open": "5.246",
            "high": "5.262",
            "low": "5.246",
            "close": "5.254"
        },
        {
            "time": "20.12.2020 23:37",
            "open": "5.254",
            "high": "5.258",
            "low": "5.254",
            "close": "5.266"
        },
        {
            "time": "20.12.2020 23:38",
            "open": "5.266",
            "high": "5.266",
            "low": "5.266",
            "close": "5.272"
        },
        {
            "time": "20.12.2020 23:40",
            "open": "5.272",
            "high": "5.274",
            "low": "5.272",
            "close": "5.265"
        },
        {
            "time": "20.12.2020 23:41",
            "open": "5.265",
            "high": "5.265",
            "low": "5.261",
            "close": "5.264"
        },
        {
            "time": "20.12.2020 23:42",
            "open": "5.264",
            "high": "5.264",
            "low": "5.258",
            "close": "5.263"
        },
        {
            "time": "20.12.2020 23:45",
            "open": "5.263",
            "high": "5.266",
            "low": "5.258",
            "close": "5.27"
        },
        {
            "time": "20.12.2020 23:46",
            "open": "5.27",
            "high": "5.27",
            "low": "5.269",
            "close": "5.266"
        },
        {
            "time": "20.12.2020 23:47",
            "open": "5.266",
            "high": "5.282",
            "low": "5.266",
            "close": "5.282"
        },
        {
            "time": "20.12.2020 23:48",
            "open": "5.282",
            "high": "5.282",
            "low": "5.273",
            "close": "5.27"
        },
        {
            "time": "20.12.2020 23:49",
            "open": "5.27",
            "high": "5.27",
            "low": "5.27",
            "close": "5.272"
        },
        {
            "time": "20.12.2020 23:50",
            "open": "5.272",
            "high": "5.272",
            "low": "5.269",
            "close": "5.272"
        },
        {
            "time": "20.12.2020 23:51",
            "open": "5.272",
            "high": "5.272",
            "low": "5.272",
            "close": "5.266"
        },
        {
            "time": "20.12.2020 23:53",
            "open": "5.266",
            "high": "5.266",
            "low": "5.266",
            "close": "5.254"
        },
        {
            "time": "20.12.2020 23:54",
            "open": "5.254",
            "high": "5.268",
            "low": "5.254",
            "close": "5.267"
        },
        {
            "time": "20.12.2020 23:55",
            "open": "5.267",
            "high": "5.267",
            "low": "5.267",
            "close": "5.262"
        },
        {
            "time": "20.12.2020 23:56",
            "open": "5.262",
            "high": "5.264",
            "low": "5.259",
            "close": "5.266"
        },
        {
            "time": "20.12.2020 23:57",
            "open": "5.266",
            "high": "5.272",
            "low": "5.265",
            "close": "5.274"
        }
    ]
}