{
    "ETC-EUR": [
        {
            "time": "05.12.2020 23:59",
            "open": "5.094",
            "high": "5.097",
            "low": "5.09",
            "close": "5.131"
        },
        {
            "time": "06.12.2020 00:30",
            "open": "5.131",
            "high": "5.131",
            "low": "5.131",
            "close": "5.114"
        },
        {
            "time": "06.12.2020 00:31",
            "open": "5.114",
            "high": "5.114",
            "low": "5.114",
            "close": "5.114"
        },
        {
            "time": "06.12.2020 00:41",
            "open": "5.114",
            "high": "5.114",
            "low": "5.114",
            "close": "5.135"
        },
        {
            "time": "06.12.2020 00:52",
            "open": "5.135",
            "high": "5.135",
            "low": "5.135",
            "close": "5.134"
        },
        {
            "time": "06.12.2020 00:53",
            "open": "5.134",
            "high": "5.134",
            "low": "5.134",
            "close": "5.138"
        },
        {
            "time": "06.12.2020 00:56",
            "open": "5.138",
            "high": "5.138",
            "low": "5.138",
            "close": "5.14"
        },
        {
            "time": "06.12.2020 00:59",
            "open": "5.14",
            "high": "5.14",
            "low": "5.14",
            "close": "5.14"
        },
        {
            "time": "06.12.2020 01:00",
            "open": "5.14",
            "high": "5.14",
            "low": "5.14",
            "close": "5.14"
        },
        {
            "time": "06.12.2020 01:05",
            "open": "5.14",
            "high": "5.165",
            "low": "5.14",
            "close": "5.164"
        },
        {
            "time": "06.12.2020 01:06",
            "open": "5.164",
            "high": "5.164",
            "low": "5.162",
            "close": "5.179"
        },
        {
            "time": "06.12.2020 01:07",
            "open": "5.179",
            "high": "5.179",
            "low": "5.179",
            "close": "5.156"
        },
        {
            "time": "06.12.2020 01:10",
            "open": "5.156",
            "high": "5.156",
            "low": "5.156",
            "close": "5.152"
        },
        {
            "time": "06.12.2020 01:12",
            "open": "5.152",
            "high": "5.16",
            "low": "5.152",
            "close": "5.151"
        },
        {
            "time": "06.12.2020 01:22",
            "open": "5.151",
            "high": "5.157",
            "low": "5.151",
            "close": "5.145"
        },
        {
            "time": "06.12.2020 01:29",
            "open": "5.145",
            "high": "5.145",
            "low": "5.145",
            "close": "5.153"
        },
        {
            "time": "06.12.2020 01:31",
            "open": "5.153",
            "high": "5.153",
            "low": "5.153",
            "close": "5.147"
        },
        {
            "time": "06.12.2020 01:34",
            "open": "5.147",
            "high": "5.147",
            "low": "5.147",
            "close": "5.163"
        },
        {
            "time": "06.12.2020 01:38",
            "open": "5.163",
            "high": "5.172",
            "low": "5.163",
            "close": "5.16"
        },
        {
            "time": "06.12.2020 01:42",
            "open": "5.16",
            "high": "5.16",
            "low": "5.16",
            "close": "5.166"
        },
        {
            "time": "06.12.2020 01:49",
            "open": "5.166",
            "high": "5.167",
            "low": "5.166",
            "close": "5.154"
        },
        {
            "time": "06.12.2020 01:50",
            "open": "5.154",
            "high": "5.154",
            "low": "5.154",
            "close": "5.18"
        },
        {
            "time": "06.12.2020 01:57",
            "open": "5.18",
            "high": "5.192",
            "low": "5.18",
            "close": "5.19"
        },
        {
            "time": "06.12.2020 01:59",
            "open": "5.19",
            "high": "5.195",
            "low": "5.19",
            "close": "5.177"
        },
        {
            "time": "06.12.2020 02:00",
            "open": "5.177",
            "high": "5.177",
            "low": "5.177",
            "close": "5.177"
        },
        {
            "time": "06.12.2020 02:01",
            "open": "5.177",
            "high": "5.177",
            "low": "5.177",
            "close": "5.177"
        },
        {
            "time": "06.12.2020 02:06",
            "open": "5.177",
            "high": "5.185",
            "low": "5.177",
            "close": "5.173"
        },
        {
            "time": "06.12.2020 02:07",
            "open": "5.173",
            "high": "5.174",
            "low": "5.173",
            "close": "5.174"
        },
        {
            "time": "06.12.2020 02:08",
            "open": "5.174",
            "high": "5.174",
            "low": "5.174",
            "close": "5.17"
        },
        {
            "time": "06.12.2020 02:09",
            "open": "5.17",
            "high": "5.171",
            "low": "5.17",
            "close": "5.172"
        },
        {
            "time": "06.12.2020 02:10",
            "open": "5.172",
            "high": "5.172",
            "low": "5.172",
            "close": "5.172"
        },
        {
            "time": "06.12.2020 02:11",
            "open": "5.172",
            "high": "5.172",
            "low": "5.171",
            "close": "5.175"
        },
        {
            "time": "06.12.2020 02:12",
            "open": "5.175",
            "high": "5.175",
            "low": "5.174",
            "close": "5.175"
        },
        {
            "time": "06.12.2020 02:16",
            "open": "5.175",
            "high": "5.179",
            "low": "5.175",
            "close": "5.174"
        },
        {
            "time": "06.12.2020 02:17",
            "open": "5.174",
            "high": "5.174",
            "low": "5.174",
            "close": "5.172"
        },
        {
            "time": "06.12.2020 02:23",
            "open": "5.172",
            "high": "5.172",
            "low": "5.172",
            "close": "5.171"
        },
        {
            "time": "06.12.2020 02:24",
            "open": "5.171",
            "high": "5.171",
            "low": "5.171",
            "close": "5.175"
        },
        {
            "time": "06.12.2020 02:34",
            "open": "5.175",
            "high": "5.175",
            "low": "5.175",
            "close": "5.176"
        },
        {
            "time": "06.12.2020 02:35",
            "open": "5.176",
            "high": "5.176",
            "low": "5.172",
            "close": "5.167"
        },
        {
            "time": "06.12.2020 02:36",
            "open": "5.167",
            "high": "5.171",
            "low": "5.167",
            "close": "5.185"
        },
        {
            "time": "06.12.2020 02:37",
            "open": "5.185",
            "high": "5.187",
            "low": "5.183",
            "close": "5.173"
        },
        {
            "time": "06.12.2020 02:40",
            "open": "5.173",
            "high": "5.173",
            "low": "5.173",
            "close": "5.174"
        },
        {
            "time": "06.12.2020 02:41",
            "open": "5.174",
            "high": "5.174",
            "low": "5.174",
            "close": "5.168"
        },
        {
            "time": "06.12.2020 02:42",
            "open": "5.168",
            "high": "5.168",
            "low": "5.168",
            "close": "5.155"
        },
        {
            "time": "06.12.2020 02:58",
            "open": "5.155",
            "high": "5.155",
            "low": "5.155",
            "close": "5.162"
        },
        {
            "time": "06.12.2020 03:01",
            "open": "5.162",
            "high": "5.162",
            "low": "5.162",
            "close": "5.157"
        },
        {
            "time": "06.12.2020 03:05",
            "open": "5.157",
            "high": "5.157",
            "low": "5.157",
            "close": "5.152"
        },
        {
            "time": "06.12.2020 03:32",
            "open": "5.152",
            "high": "5.152",
            "low": "5.152",
            "close": "5.141"
        },
        {
            "time": "06.12.2020 03:37",
            "open": "5.141",
            "high": "5.141",
            "low": "5.141",
            "close": "5.142"
        },
        {
            "time": "06.12.2020 03:40",
            "open": "5.142",
            "high": "5.142",
            "low": "5.142",
            "close": "5.143"
        },
        {
            "time": "06.12.2020 03:42",
            "open": "5.143",
            "high": "5.143",
            "low": "5.143",
            "close": "5.132"
        },
        {
            "time": "06.12.2020 03:43",
            "open": "5.132",
            "high": "5.132",
            "low": "5.129",
            "close": "5.131"
        },
        {
            "time": "06.12.2020 03:47",
            "open": "5.131",
            "high": "5.131",
            "low": "5.131",
            "close": "5.136"
        },
        {
            "time": "06.12.2020 03:48",
            "open": "5.136",
            "high": "5.141",
            "low": "5.136",
            "close": "5.123"
        },
        {
            "time": "06.12.2020 03:55",
            "open": "5.123",
            "high": "5.123",
            "low": "5.123",
            "close": "5.119"
        },
        {
            "time": "06.12.2020 03:57",
            "open": "5.119",
            "high": "5.128",
            "low": "5.119",
            "close": "5.129"
        },
        {
            "time": "06.12.2020 04:00",
            "open": "5.129",
            "high": "5.129",
            "low": "5.129",
            "close": "5.129"
        },
        {
            "time": "06.12.2020 04:01",
            "open": "5.129",
            "high": "5.129",
            "low": "5.119",
            "close": "5.121"
        },
        {
            "time": "06.12.2020 04:02",
            "open": "5.121",
            "high": "5.121",
            "low": "5.121",
            "close": "5.126"
        },
        {
            "time": "06.12.2020 04:04",
            "open": "5.126",
            "high": "5.128",
            "low": "5.126",
            "close": "5.129"
        },
        {
            "time": "06.12.2020 04:05",
            "open": "5.129",
            "high": "5.129",
            "low": "5.129",
            "close": "5.124"
        },
        {
            "time": "06.12.2020 04:06",
            "open": "5.124",
            "high": "5.124",
            "low": "5.124",
            "close": "5.125"
        },
        {
            "time": "06.12.2020 04:07",
            "open": "5.125",
            "high": "5.125",
            "low": "5.124",
            "close": "5.124"
        },
        {
            "time": "06.12.2020 04:16",
            "open": "5.124",
            "high": "5.124",
            "low": "5.117",
            "close": "5.115"
        },
        {
            "time": "06.12.2020 04:22",
            "open": "5.115",
            "high": "5.117",
            "low": "5.11",
            "close": "5.112"
        },
        {
            "time": "06.12.2020 04:24",
            "open": "5.112",
            "high": "5.112",
            "low": "5.109",
            "close": "5.117"
        },
        {
            "time": "06.12.2020 04:30",
            "open": "5.117",
            "high": "5.117",
            "low": "5.114",
            "close": "5.115"
        },
        {
            "time": "06.12.2020 04:32",
            "open": "5.115",
            "high": "5.115",
            "low": "5.115",
            "close": "5.103"
        },
        {
            "time": "06.12.2020 04:36",
            "open": "5.103",
            "high": "5.103",
            "low": "5.103",
            "close": "5.122"
        },
        {
            "time": "06.12.2020 04:40",
            "open": "5.122",
            "high": "5.122",
            "low": "5.122",
            "close": "5.113"
        },
        {
            "time": "06.12.2020 04:41",
            "open": "5.113",
            "high": "5.113",
            "low": "5.11",
            "close": "5.11"
        },
        {
            "time": "06.12.2020 04:52",
            "open": "5.11",
            "high": "5.11",
            "low": "5.11",
            "close": "5.11"
        },
        {
            "time": "06.12.2020 04:53",
            "open": "5.11",
            "high": "5.11",
            "low": "5.108",
            "close": "5.111"
        },
        {
            "time": "06.12.2020 04:54",
            "open": "5.111",
            "high": "5.111",
            "low": "5.11",
            "close": "5.113"
        },
        {
            "time": "06.12.2020 04:55",
            "open": "5.113",
            "high": "5.113",
            "low": "5.113",
            "close": "5.121"
        },
        {
            "time": "06.12.2020 05:01",
            "open": "5.121",
            "high": "5.121",
            "low": "5.121",
            "close": "5.121"
        },
        {
            "time": "06.12.2020 05:04",
            "open": "5.121",
            "high": "5.121",
            "low": "5.121",
            "close": "5.12"
        },
        {
            "time": "06.12.2020 05:05",
            "open": "5.12",
            "high": "5.12",
            "low": "5.12",
            "close": "5.119"
        },
        {
            "time": "06.12.2020 05:07",
            "open": "5.119",
            "high": "5.119",
            "low": "5.119",
            "close": "5.11"
        },
        {
            "time": "06.12.2020 05:10",
            "open": "5.11",
            "high": "5.11",
            "low": "5.11",
            "close": "5.11"
        },
        {
            "time": "06.12.2020 05:13",
            "open": "5.11",
            "high": "5.11",
            "low": "5.101",
            "close": "5.106"
        },
        {
            "time": "06.12.2020 05:14",
            "open": "5.106",
            "high": "5.106",
            "low": "5.106",
            "close": "5.1"
        },
        {
            "time": "06.12.2020 05:15",
            "open": "5.1",
            "high": "5.1",
            "low": "5.1",
            "close": "5.103"
        },
        {
            "time": "06.12.2020 05:17",
            "open": "5.103",
            "high": "5.103",
            "low": "5.103",
            "close": "5.121"
        },
        {
            "time": "06.12.2020 05:24",
            "open": "5.121",
            "high": "5.121",
            "low": "5.121",
            "close": "5.105"
        },
        {
            "time": "06.12.2020 05:28",
            "open": "5.105",
            "high": "5.105",
            "low": "5.105",
            "close": "5.118"
        },
        {
            "time": "06.12.2020 05:45",
            "open": "5.118",
            "high": "5.118",
            "low": "5.118",
            "close": "5.117"
        },
        {
            "time": "06.12.2020 05:46",
            "open": "5.117",
            "high": "5.12",
            "low": "5.117",
            "close": "5.12"
        },
        {
            "time": "06.12.2020 06:08",
            "open": "5.12",
            "high": "5.12",
            "low": "5.119",
            "close": "5.125"
        },
        {
            "time": "06.12.2020 06:09",
            "open": "5.125",
            "high": "5.125",
            "low": "5.12",
            "close": "5.119"
        },
        {
            "time": "06.12.2020 06:12",
            "open": "5.119",
            "high": "5.119",
            "low": "5.119",
            "close": "5.12"
        },
        {
            "time": "06.12.2020 06:14",
            "open": "5.12",
            "high": "5.12",
            "low": "5.12",
            "close": "5.126"
        },
        {
            "time": "06.12.2020 06:16",
            "open": "5.126",
            "high": "5.127",
            "low": "5.126",
            "close": "5.127"
        },
        {
            "time": "06.12.2020 06:18",
            "open": "5.127",
            "high": "5.127",
            "low": "5.127",
            "close": "5.107"
        },
        {
            "time": "06.12.2020 06:27",
            "open": "5.107",
            "high": "5.107",
            "low": "5.107",
            "close": "5.112"
        },
        {
            "time": "06.12.2020 06:37",
            "open": "5.112",
            "high": "5.112",
            "low": "5.112",
            "close": "5.112"
        },
        {
            "time": "06.12.2020 06:38",
            "open": "5.112",
            "high": "5.114",
            "low": "5.112",
            "close": "5.113"
        },
        {
            "time": "06.12.2020 06:40",
            "open": "5.113",
            "high": "5.113",
            "low": "5.112",
            "close": "5.112"
        },
        {
            "time": "06.12.2020 06:45",
            "open": "5.112",
            "high": "5.112",
            "low": "5.111",
            "close": "5.122"
        },
        {
            "time": "06.12.2020 06:57",
            "open": "5.122",
            "high": "5.122",
            "low": "5.122",
            "close": "5.119"
        },
        {
            "time": "06.12.2020 07:09",
            "open": "5.119",
            "high": "5.119",
            "low": "5.119",
            "close": "5.128"
        },
        {
            "time": "06.12.2020 07:32",
            "open": "5.128",
            "high": "5.128",
            "low": "5.128",
            "close": "5.128"
        },
        {
            "time": "06.12.2020 07:36",
            "open": "5.128",
            "high": "5.128",
            "low": "5.128",
            "close": "5.146"
        },
        {
            "time": "06.12.2020 07:37",
            "open": "5.146",
            "high": "5.146",
            "low": "5.146",
            "close": "5.144"
        },
        {
            "time": "06.12.2020 07:48",
            "open": "5.144",
            "high": "5.144",
            "low": "5.144",
            "close": "5.143"
        },
        {
            "time": "06.12.2020 08:02",
            "open": "5.143",
            "high": "5.143",
            "low": "5.143",
            "close": "5.132"
        },
        {
            "time": "06.12.2020 08:05",
            "open": "5.132",
            "high": "5.132",
            "low": "5.132",
            "close": "5.146"
        },
        {
            "time": "06.12.2020 08:12",
            "open": "5.146",
            "high": "5.146",
            "low": "5.143",
            "close": "5.144"
        },
        {
            "time": "06.12.2020 08:15",
            "open": "5.144",
            "high": "5.144",
            "low": "5.144",
            "close": "5.148"
        },
        {
            "time": "06.12.2020 08:20",
            "open": "5.148",
            "high": "5.148",
            "low": "5.148",
            "close": "5.153"
        },
        {
            "time": "06.12.2020 08:22",
            "open": "5.153",
            "high": "5.156",
            "low": "5.153",
            "close": "5.155"
        },
        {
            "time": "06.12.2020 08:23",
            "open": "5.155",
            "high": "5.155",
            "low": "5.155",
            "close": "5.153"
        },
        {
            "time": "06.12.2020 08:24",
            "open": "5.153",
            "high": "5.153",
            "low": "5.153",
            "close": "5.152"
        },
        {
            "time": "06.12.2020 08:25",
            "open": "5.152",
            "high": "5.165",
            "low": "5.151",
            "close": "5.164"
        },
        {
            "time": "06.12.2020 08:27",
            "open": "5.164",
            "high": "5.164",
            "low": "5.164",
            "close": "5.188"
        },
        {
            "time": "06.12.2020 08:28",
            "open": "5.188",
            "high": "5.188",
            "low": "5.168",
            "close": "5.166"
        },
        {
            "time": "06.12.2020 08:29",
            "open": "5.166",
            "high": "5.166",
            "low": "5.166",
            "close": "5.165"
        },
        {
            "time": "06.12.2020 08:30",
            "open": "5.165",
            "high": "5.165",
            "low": "5.165",
            "close": "5.164"
        },
        {
            "time": "06.12.2020 08:31",
            "open": "5.164",
            "high": "5.164",
            "low": "5.164",
            "close": "5.166"
        },
        {
            "time": "06.12.2020 08:33",
            "open": "5.166",
            "high": "5.166",
            "low": "5.166",
            "close": "5.165"
        },
        {
            "time": "06.12.2020 08:34",
            "open": "5.165",
            "high": "5.165",
            "low": "5.165",
            "close": "5.164"
        },
        {
            "time": "06.12.2020 08:35",
            "open": "5.164",
            "high": "5.164",
            "low": "5.164",
            "close": "5.163"
        },
        {
            "time": "06.12.2020 08:36",
            "open": "5.163",
            "high": "5.163",
            "low": "5.163",
            "close": "5.158"
        },
        {
            "time": "06.12.2020 08:53",
            "open": "5.158",
            "high": "5.158",
            "low": "5.158",
            "close": "5.16"
        },
        {
            "time": "06.12.2020 08:58",
            "open": "5.16",
            "high": "5.16",
            "low": "5.16",
            "close": "5.163"
        },
        {
            "time": "06.12.2020 08:59",
            "open": "5.163",
            "high": "5.163",
            "low": "5.156",
            "close": "5.167"
        },
        {
            "time": "06.12.2020 09:02",
            "open": "5.167",
            "high": "5.167",
            "low": "5.167",
            "close": "5.152"
        },
        {
            "time": "06.12.2020 09:05",
            "open": "5.152",
            "high": "5.152",
            "low": "5.152",
            "close": "5.13"
        },
        {
            "time": "06.12.2020 09:25",
            "open": "5.13",
            "high": "5.13",
            "low": "5.13",
            "close": "5.115"
        },
        {
            "time": "06.12.2020 09:26",
            "open": "5.115",
            "high": "5.115",
            "low": "5.115",
            "close": "5.132"
        },
        {
            "time": "06.12.2020 09:27",
            "open": "5.132",
            "high": "5.132",
            "low": "5.132",
            "close": "5.132"
        },
        {
            "time": "06.12.2020 09:32",
            "open": "5.132",
            "high": "5.132",
            "low": "5.132",
            "close": "5.12"
        },
        {
            "time": "06.12.2020 09:37",
            "open": "5.12",
            "high": "5.122",
            "low": "5.12",
            "close": "5.127"
        },
        {
            "time": "06.12.2020 09:38",
            "open": "5.127",
            "high": "5.127",
            "low": "5.127",
            "close": "5.159"
        },
        {
            "time": "06.12.2020 09:40",
            "open": "5.159",
            "high": "5.159",
            "low": "5.157",
            "close": "5.131"
        },
        {
            "time": "06.12.2020 09:42",
            "open": "5.131",
            "high": "5.132",
            "low": "5.131",
            "close": "5.143"
        },
        {
            "time": "06.12.2020 09:45",
            "open": "5.143",
            "high": "5.144",
            "low": "5.143",
            "close": "5.153"
        },
        {
            "time": "06.12.2020 09:48",
            "open": "5.153",
            "high": "5.153",
            "low": "5.153",
            "close": "5.131"
        },
        {
            "time": "06.12.2020 09:56",
            "open": "5.131",
            "high": "5.131",
            "low": "5.117",
            "close": "5.116"
        },
        {
            "time": "06.12.2020 09:57",
            "open": "5.116",
            "high": "5.116",
            "low": "5.116",
            "close": "5.117"
        },
        {
            "time": "06.12.2020 09:59",
            "open": "5.117",
            "high": "5.12",
            "low": "5.116",
            "close": "5.113"
        },
        {
            "time": "06.12.2020 10:00",
            "open": "5.113",
            "high": "5.113",
            "low": "5.112",
            "close": "5.113"
        },
        {
            "time": "06.12.2020 10:02",
            "open": "5.113",
            "high": "5.113",
            "low": "5.113",
            "close": "5.123"
        },
        {
            "time": "06.12.2020 10:03",
            "open": "5.123",
            "high": "5.124",
            "low": "5.123",
            "close": "5.13"
        },
        {
            "time": "06.12.2020 10:04",
            "open": "5.13",
            "high": "5.13",
            "low": "5.13",
            "close": "5.129"
        },
        {
            "time": "06.12.2020 10:08",
            "open": "5.129",
            "high": "5.129",
            "low": "5.129",
            "close": "5.142"
        },
        {
            "time": "06.12.2020 10:11",
            "open": "5.142",
            "high": "5.142",
            "low": "5.142",
            "close": "5.142"
        },
        {
            "time": "06.12.2020 10:12",
            "open": "5.142",
            "high": "5.142",
            "low": "5.119",
            "close": "5.111"
        },
        {
            "time": "06.12.2020 10:14",
            "open": "5.111",
            "high": "5.111",
            "low": "5.111",
            "close": "5.11"
        },
        {
            "time": "06.12.2020 10:15",
            "open": "5.11",
            "high": "5.11",
            "low": "5.11",
            "close": "5.126"
        },
        {
            "time": "06.12.2020 10:20",
            "open": "5.126",
            "high": "5.126",
            "low": "5.126",
            "close": "5.118"
        },
        {
            "time": "06.12.2020 10:26",
            "open": "5.118",
            "high": "5.118",
            "low": "5.116",
            "close": "5.116"
        },
        {
            "time": "06.12.2020 10:27",
            "open": "5.116",
            "high": "5.116",
            "low": "5.116",
            "close": "5.1"
        },
        {
            "time": "06.12.2020 10:37",
            "open": "5.1",
            "high": "5.1",
            "low": "5.1",
            "close": "5.095"
        },
        {
            "time": "06.12.2020 10:39",
            "open": "5.095",
            "high": "5.111",
            "low": "5.095",
            "close": "5.113"
        },
        {
            "time": "06.12.2020 10:50",
            "open": "5.113",
            "high": "5.113",
            "low": "5.113",
            "close": "5.108"
        },
        {
            "time": "06.12.2020 10:53",
            "open": "5.108",
            "high": "5.108",
            "low": "5.108",
            "close": "5.118"
        },
        {
            "time": "06.12.2020 11:08",
            "open": "5.118",
            "high": "5.118",
            "low": "5.118",
            "close": "5.121"
        },
        {
            "time": "06.12.2020 11:09",
            "open": "5.121",
            "high": "5.121",
            "low": "5.121",
            "close": "5.096"
        },
        {
            "time": "06.12.2020 11:10",
            "open": "5.096",
            "high": "5.121",
            "low": "5.095",
            "close": "5.111"
        },
        {
            "time": "06.12.2020 11:15",
            "open": "5.111",
            "high": "5.119",
            "low": "5.111",
            "close": "5.13"
        },
        {
            "time": "06.12.2020 11:20",
            "open": "5.13",
            "high": "5.13",
            "low": "5.13",
            "close": "5.129"
        },
        {
            "time": "06.12.2020 11:23",
            "open": "5.129",
            "high": "5.129",
            "low": "5.129",
            "close": "5.11"
        },
        {
            "time": "06.12.2020 11:27",
            "open": "5.11",
            "high": "5.11",
            "low": "5.11",
            "close": "5.126"
        },
        {
            "time": "06.12.2020 11:34",
            "open": "5.126",
            "high": "5.126",
            "low": "5.126",
            "close": "5.112"
        },
        {
            "time": "06.12.2020 11:44",
            "open": "5.112",
            "high": "5.112",
            "low": "5.112",
            "close": "5.106"
        },
        {
            "time": "06.12.2020 11:45",
            "open": "5.106",
            "high": "5.106",
            "low": "5.092",
            "close": "5.089"
        },
        {
            "time": "06.12.2020 11:53",
            "open": "5.089",
            "high": "5.089",
            "low": "5.089",
            "close": "5.1"
        },
        {
            "time": "06.12.2020 11:58",
            "open": "5.1",
            "high": "5.1",
            "low": "5.1",
            "close": "5.094"
        },
        {
            "time": "06.12.2020 12:03",
            "open": "5.094",
            "high": "5.094",
            "low": "5.094",
            "close": "5.117"
        },
        {
            "time": "06.12.2020 12:12",
            "open": "5.117",
            "high": "5.117",
            "low": "5.095",
            "close": "5.103"
        },
        {
            "time": "06.12.2020 12:13",
            "open": "5.103",
            "high": "5.104",
            "low": "5.101",
            "close": "5.098"
        },
        {
            "time": "06.12.2020 12:18",
            "open": "5.098",
            "high": "5.098",
            "low": "5.098",
            "close": "5.108"
        },
        {
            "time": "06.12.2020 12:21",
            "open": "5.108",
            "high": "5.108",
            "low": "5.108",
            "close": "5.094"
        },
        {
            "time": "06.12.2020 12:22",
            "open": "5.094",
            "high": "5.094",
            "low": "5.094",
            "close": "5.094"
        },
        {
            "time": "06.12.2020 12:25",
            "open": "5.094",
            "high": "5.094",
            "low": "5.085",
            "close": "5.087"
        },
        {
            "time": "06.12.2020 12:28",
            "open": "5.087",
            "high": "5.087",
            "low": "5.087",
            "close": "5.085"
        },
        {
            "time": "06.12.2020 12:29",
            "open": "5.085",
            "high": "5.085",
            "low": "5.085",
            "close": "5.081"
        },
        {
            "time": "06.12.2020 12:39",
            "open": "5.081",
            "high": "5.081",
            "low": "5.073",
            "close": "5.088"
        },
        {
            "time": "06.12.2020 12:41",
            "open": "5.088",
            "high": "5.088",
            "low": "5.088",
            "close": "5.087"
        },
        {
            "time": "06.12.2020 12:42",
            "open": "5.087",
            "high": "5.087",
            "low": "5.087",
            "close": "5.084"
        },
        {
            "time": "06.12.2020 12:43",
            "open": "5.084",
            "high": "5.091",
            "low": "5.084",
            "close": "5.094"
        },
        {
            "time": "06.12.2020 12:50",
            "open": "5.094",
            "high": "5.094",
            "low": "5.094",
            "close": "5.095"
        },
        {
            "time": "06.12.2020 12:51",
            "open": "5.095",
            "high": "5.1",
            "low": "5.08",
            "close": "5.082"
        },
        {
            "time": "06.12.2020 12:52",
            "open": "5.082",
            "high": "5.082",
            "low": "5.082",
            "close": "5.086"
        },
        {
            "time": "06.12.2020 12:54",
            "open": "5.086",
            "high": "5.086",
            "low": "5.086",
            "close": "5.099"
        },
        {
            "time": "06.12.2020 12:55",
            "open": "5.099",
            "high": "5.099",
            "low": "5.099",
            "close": "5.093"
        },
        {
            "time": "06.12.2020 12:56",
            "open": "5.093",
            "high": "5.093",
            "low": "5.093",
            "close": "5.11"
        },
        {
            "time": "06.12.2020 12:58",
            "open": "5.11",
            "high": "5.11",
            "low": "5.11",
            "close": "5.097"
        },
        {
            "time": "06.12.2020 13:00",
            "open": "5.097",
            "high": "5.101",
            "low": "5.097",
            "close": "5.097"
        },
        {
            "time": "06.12.2020 13:02",
            "open": "5.097",
            "high": "5.097",
            "low": "5.097",
            "close": "5.1"
        },
        {
            "time": "06.12.2020 13:11",
            "open": "5.1",
            "high": "5.1",
            "low": "5.1",
            "close": "5.099"
        },
        {
            "time": "06.12.2020 13:14",
            "open": "5.099",
            "high": "5.099",
            "low": "5.099",
            "close": "5.1"
        },
        {
            "time": "06.12.2020 13:16",
            "open": "5.1",
            "high": "5.103",
            "low": "5.087",
            "close": "5.108"
        },
        {
            "time": "06.12.2020 13:18",
            "open": "5.108",
            "high": "5.108",
            "low": "5.108",
            "close": "5.108"
        },
        {
            "time": "06.12.2020 13:20",
            "open": "5.108",
            "high": "5.108",
            "low": "5.108",
            "close": "5.089"
        },
        {
            "time": "06.12.2020 13:22",
            "open": "5.089",
            "high": "5.089",
            "low": "5.089",
            "close": "5.086"
        },
        {
            "time": "06.12.2020 13:26",
            "open": "5.086",
            "high": "5.086",
            "low": "5.086",
            "close": "5.089"
        },
        {
            "time": "06.12.2020 13:32",
            "open": "5.089",
            "high": "5.089",
            "low": "5.089",
            "close": "5.094"
        },
        {
            "time": "06.12.2020 13:34",
            "open": "5.094",
            "high": "5.094",
            "low": "5.094",
            "close": "5.095"
        },
        {
            "time": "06.12.2020 13:37",
            "open": "5.095",
            "high": "5.103",
            "low": "5.091",
            "close": "5.091"
        },
        {
            "time": "06.12.2020 13:43",
            "open": "5.091",
            "high": "5.091",
            "low": "5.071",
            "close": "5.089"
        },
        {
            "time": "06.12.2020 13:45",
            "open": "5.089",
            "high": "5.089",
            "low": "5.089",
            "close": "5.081"
        },
        {
            "time": "06.12.2020 13:48",
            "open": "5.081",
            "high": "5.081",
            "low": "5.081",
            "close": "5.08"
        },
        {
            "time": "06.12.2020 13:51",
            "open": "5.08",
            "high": "5.08",
            "low": "5.067",
            "close": "5.067"
        },
        {
            "time": "06.12.2020 13:52",
            "open": "5.067",
            "high": "5.067",
            "low": "5.067",
            "close": "5.053"
        },
        {
            "time": "06.12.2020 13:53",
            "open": "5.053",
            "high": "5.054",
            "low": "5.053",
            "close": "5.049"
        },
        {
            "time": "06.12.2020 13:54",
            "open": "5.049",
            "high": "5.05",
            "low": "5.048",
            "close": "5.037"
        },
        {
            "time": "06.12.2020 13:55",
            "open": "5.037",
            "high": "5.037",
            "low": "5.037",
            "close": "5.033"
        },
        {
            "time": "06.12.2020 13:56",
            "open": "5.033",
            "high": "5.033",
            "low": "5.033",
            "close": "5.041"
        },
        {
            "time": "06.12.2020 13:57",
            "open": "5.041",
            "high": "5.042",
            "low": "5.041",
            "close": "5.043"
        },
        {
            "time": "06.12.2020 14:03",
            "open": "5.043",
            "high": "5.043",
            "low": "5.042",
            "close": "5.045"
        },
        {
            "time": "06.12.2020 14:05",
            "open": "5.045",
            "high": "5.045",
            "low": "5.045",
            "close": "5.055"
        },
        {
            "time": "06.12.2020 14:06",
            "open": "5.055",
            "high": "5.055",
            "low": "5.055",
            "close": "5.026"
        },
        {
            "time": "06.12.2020 14:14",
            "open": "5.026",
            "high": "5.026",
            "low": "5.026",
            "close": "5.045"
        },
        {
            "time": "06.12.2020 14:15",
            "open": "5.045",
            "high": "5.049",
            "low": "5.045",
            "close": "5.04"
        },
        {
            "time": "06.12.2020 14:16",
            "open": "5.04",
            "high": "5.04",
            "low": "5.04",
            "close": "5.04"
        },
        {
            "time": "06.12.2020 14:17",
            "open": "5.04",
            "high": "5.042",
            "low": "5.04",
            "close": "5.041"
        },
        {
            "time": "06.12.2020 14:21",
            "open": "5.041",
            "high": "5.044",
            "low": "5.041",
            "close": "5.04"
        },
        {
            "time": "06.12.2020 14:27",
            "open": "5.04",
            "high": "5.04",
            "low": "5.04",
            "close": "5.03"
        },
        {
            "time": "06.12.2020 14:28",
            "open": "5.03",
            "high": "5.03",
            "low": "5.028",
            "close": "5.047"
        },
        {
            "time": "06.12.2020 14:30",
            "open": "5.047",
            "high": "5.047",
            "low": "5.047",
            "close": "5.041"
        },
        {
            "time": "06.12.2020 14:32",
            "open": "5.041",
            "high": "5.041",
            "low": "5.041",
            "close": "5.041"
        },
        {
            "time": "06.12.2020 14:40",
            "open": "5.041",
            "high": "5.041",
            "low": "5.012",
            "close": "5.034"
        },
        {
            "time": "06.12.2020 14:47",
            "open": "5.034",
            "high": "5.034",
            "low": "5.034",
            "close": "5.031"
        },
        {
            "time": "06.12.2020 14:59",
            "open": "5.031",
            "high": "5.031",
            "low": "5.031",
            "close": "5.031"
        },
        {
            "time": "06.12.2020 15:00",
            "open": "5.031",
            "high": "5.031",
            "low": "5.031",
            "close": "5.032"
        },
        {
            "time": "06.12.2020 15:02",
            "open": "5.032",
            "high": "5.032",
            "low": "5.032",
            "close": "5.032"
        },
        {
            "time": "06.12.2020 15:05",
            "open": "5.032",
            "high": "5.032",
            "low": "5.032",
            "close": "5.032"
        },
        {
            "time": "06.12.2020 15:07",
            "open": "5.032",
            "high": "5.043",
            "low": "5.032",
            "close": "5.042"
        },
        {
            "time": "06.12.2020 15:08",
            "open": "5.042",
            "high": "5.042",
            "low": "5.042",
            "close": "5.042"
        },
        {
            "time": "06.12.2020 15:09",
            "open": "5.042",
            "high": "5.042",
            "low": "5.042",
            "close": "5.043"
        },
        {
            "time": "06.12.2020 15:10",
            "open": "5.043",
            "high": "5.043",
            "low": "5.042",
            "close": "5.043"
        },
        {
            "time": "06.12.2020 15:11",
            "open": "5.043",
            "high": "5.043",
            "low": "5.043",
            "close": "5.043"
        },
        {
            "time": "06.12.2020 15:12",
            "open": "5.043",
            "high": "5.043",
            "low": "5.043",
            "close": "5.042"
        },
        {
            "time": "06.12.2020 15:17",
            "open": "5.042",
            "high": "5.042",
            "low": "5.042",
            "close": "5.045"
        },
        {
            "time": "06.12.2020 15:21",
            "open": "5.045",
            "high": "5.045",
            "low": "5.045",
            "close": "5.052"
        },
        {
            "time": "06.12.2020 15:22",
            "open": "5.052",
            "high": "5.052",
            "low": "5.052",
            "close": "5.056"
        },
        {
            "time": "06.12.2020 15:23",
            "open": "5.056",
            "high": "5.056",
            "low": "5.056",
            "close": "5.055"
        },
        {
            "time": "06.12.2020 15:24",
            "open": "5.055",
            "high": "5.055",
            "low": "5.055",
            "close": "5.062"
        },
        {
            "time": "06.12.2020 15:28",
            "open": "5.062",
            "high": "5.062",
            "low": "5.053",
            "close": "5.062"
        },
        {
            "time": "06.12.2020 15:29",
            "open": "5.062",
            "high": "5.062",
            "low": "5.062",
            "close": "5.068"
        },
        {
            "time": "06.12.2020 15:40",
            "open": "5.068",
            "high": "5.068",
            "low": "5.068",
            "close": "5.056"
        },
        {
            "time": "06.12.2020 15:41",
            "open": "5.056",
            "high": "5.056",
            "low": "5.056",
            "close": "5.056"
        },
        {
            "time": "06.12.2020 15:43",
            "open": "5.056",
            "high": "5.056",
            "low": "5.056",
            "close": "5.068"
        },
        {
            "time": "06.12.2020 15:44",
            "open": "5.068",
            "high": "5.069",
            "low": "5.068",
            "close": "5.065"
        },
        {
            "time": "06.12.2020 15:48",
            "open": "5.065",
            "high": "5.065",
            "low": "5.065",
            "close": "5.066"
        },
        {
            "time": "06.12.2020 15:49",
            "open": "5.066",
            "high": "5.066",
            "low": "5.066",
            "close": "5.055"
        },
        {
            "time": "06.12.2020 15:50",
            "open": "5.055",
            "high": "5.066",
            "low": "5.055",
            "close": "5.064"
        },
        {
            "time": "06.12.2020 15:51",
            "open": "5.064",
            "high": "5.064",
            "low": "5.064",
            "close": "5.067"
        },
        {
            "time": "06.12.2020 15:52",
            "open": "5.067",
            "high": "5.067",
            "low": "5.067",
            "close": "5.063"
        },
        {
            "time": "06.12.2020 15:53",
            "open": "5.063",
            "high": "5.067",
            "low": "5.062",
            "close": "5.076"
        },
        {
            "time": "06.12.2020 15:55",
            "open": "5.076",
            "high": "5.076",
            "low": "5.074",
            "close": "5.08"
        },
        {
            "time": "06.12.2020 15:57",
            "open": "5.08",
            "high": "5.08",
            "low": "5.08",
            "close": "5.092"
        },
        {
            "time": "06.12.2020 16:04",
            "open": "5.092",
            "high": "5.092",
            "low": "5.092",
            "close": "5.074"
        },
        {
            "time": "06.12.2020 16:05",
            "open": "5.074",
            "high": "5.074",
            "low": "5.067",
            "close": "5.086"
        },
        {
            "time": "06.12.2020 16:09",
            "open": "5.086",
            "high": "5.086",
            "low": "5.086",
            "close": "5.06"
        },
        {
            "time": "06.12.2020 16:15",
            "open": "5.06",
            "high": "5.06",
            "low": "5.06",
            "close": "5.08"
        },
        {
            "time": "06.12.2020 16:16",
            "open": "5.08",
            "high": "5.084",
            "low": "5.08",
            "close": "5.068"
        },
        {
            "time": "06.12.2020 16:23",
            "open": "5.068",
            "high": "5.068",
            "low": "5.068",
            "close": "5.076"
        },
        {
            "time": "06.12.2020 16:24",
            "open": "5.076",
            "high": "5.076",
            "low": "5.076",
            "close": "5.081"
        },
        {
            "time": "06.12.2020 16:28",
            "open": "5.081",
            "high": "5.081",
            "low": "5.081",
            "close": "5.084"
        },
        {
            "time": "06.12.2020 16:36",
            "open": "5.084",
            "high": "5.092",
            "low": "5.084",
            "close": "5.089"
        },
        {
            "time": "06.12.2020 16:47",
            "open": "5.089",
            "high": "5.089",
            "low": "5.089",
            "close": "5.083"
        },
        {
            "time": "06.12.2020 16:49",
            "open": "5.083",
            "high": "5.092",
            "low": "5.083",
            "close": "5.084"
        },
        {
            "time": "06.12.2020 16:50",
            "open": "5.084",
            "high": "5.084",
            "low": "5.084",
            "close": "5.089"
        },
        {
            "time": "06.12.2020 16:56",
            "open": "5.089",
            "high": "5.089",
            "low": "5.087",
            "close": "5.083"
        },
        {
            "time": "06.12.2020 17:02",
            "open": "5.083",
            "high": "5.083",
            "low": "5.083",
            "close": "5.096"
        },
        {
            "time": "06.12.2020 17:06",
            "open": "5.096",
            "high": "5.1",
            "low": "5.096",
            "close": "5.099"
        },
        {
            "time": "06.12.2020 17:07",
            "open": "5.099",
            "high": "5.099",
            "low": "5.099",
            "close": "5.093"
        },
        {
            "time": "06.12.2020 17:08",
            "open": "5.093",
            "high": "5.093",
            "low": "5.087",
            "close": "5.07"
        },
        {
            "time": "06.12.2020 17:18",
            "open": "5.07",
            "high": "5.071",
            "low": "5.07",
            "close": "5.062"
        },
        {
            "time": "06.12.2020 17:21",
            "open": "5.062",
            "high": "5.062",
            "low": "5.061",
            "close": "5.075"
        },
        {
            "time": "06.12.2020 17:25",
            "open": "5.075",
            "high": "5.075",
            "low": "5.075",
            "close": "5.053"
        },
        {
            "time": "06.12.2020 17:31",
            "open": "5.053",
            "high": "5.069",
            "low": "5.053",
            "close": "5.078"
        },
        {
            "time": "06.12.2020 17:40",
            "open": "5.078",
            "high": "5.078",
            "low": "5.078",
            "close": "5.087"
        },
        {
            "time": "06.12.2020 17:41",
            "open": "5.087",
            "high": "5.087",
            "low": "5.087",
            "close": "5.055"
        },
        {
            "time": "06.12.2020 17:43",
            "open": "5.055",
            "high": "5.056",
            "low": "5.055",
            "close": "5.061"
        },
        {
            "time": "06.12.2020 17:44",
            "open": "5.061",
            "high": "5.062",
            "low": "5.061",
            "close": "5.1"
        },
        {
            "time": "06.12.2020 17:46",
            "open": "5.1",
            "high": "5.1",
            "low": "5.1",
            "close": "5.07"
        },
        {
            "time": "06.12.2020 17:50",
            "open": "5.07",
            "high": "5.07",
            "low": "5.07",
            "close": "5.07"
        },
        {
            "time": "06.12.2020 17:52",
            "open": "5.07",
            "high": "5.07",
            "low": "5.063",
            "close": "5.085"
        },
        {
            "time": "06.12.2020 17:53",
            "open": "5.085",
            "high": "5.085",
            "low": "5.074",
            "close": "5.074"
        },
        {
            "time": "06.12.2020 17:54",
            "open": "5.074",
            "high": "5.074",
            "low": "5.074",
            "close": "5.074"
        },
        {
            "time": "06.12.2020 17:55",
            "open": "5.074",
            "high": "5.074",
            "low": "5.074",
            "close": "5.075"
        },
        {
            "time": "06.12.2020 17:56",
            "open": "5.075",
            "high": "5.075",
            "low": "5.071",
            "close": "5.09"
        },
        {
            "time": "06.12.2020 17:58",
            "open": "5.09",
            "high": "5.09",
            "low": "5.09",
            "close": "5.065"
        },
        {
            "time": "06.12.2020 18:01",
            "open": "5.065",
            "high": "5.065",
            "low": "5.065",
            "close": "5.075"
        },
        {
            "time": "06.12.2020 18:02",
            "open": "5.075",
            "high": "5.075",
            "low": "5.066",
            "close": "5.079"
        },
        {
            "time": "06.12.2020 18:04",
            "open": "5.079",
            "high": "5.079",
            "low": "5.079",
            "close": "5.077"
        },
        {
            "time": "06.12.2020 18:06",
            "open": "5.077",
            "high": "5.078",
            "low": "5.077",
            "close": "5.079"
        },
        {
            "time": "06.12.2020 18:07",
            "open": "5.079",
            "high": "5.081",
            "low": "5.079",
            "close": "5.077"
        },
        {
            "time": "06.12.2020 18:09",
            "open": "5.077",
            "high": "5.078",
            "low": "5.076",
            "close": "5.074"
        },
        {
            "time": "06.12.2020 18:10",
            "open": "5.074",
            "high": "5.074",
            "low": "5.074",
            "close": "5.074"
        },
        {
            "time": "06.12.2020 18:12",
            "open": "5.074",
            "high": "5.074",
            "low": "5.074",
            "close": "5.08"
        },
        {
            "time": "06.12.2020 18:13",
            "open": "5.08",
            "high": "5.08",
            "low": "5.08",
            "close": "5.072"
        },
        {
            "time": "06.12.2020 18:15",
            "open": "5.072",
            "high": "5.072",
            "low": "5.072",
            "close": "5.086"
        },
        {
            "time": "06.12.2020 18:16",
            "open": "5.086",
            "high": "5.086",
            "low": "5.086",
            "close": "5.077"
        },
        {
            "time": "06.12.2020 18:18",
            "open": "5.077",
            "high": "5.077",
            "low": "5.076",
            "close": "5.086"
        },
        {
            "time": "06.12.2020 18:19",
            "open": "5.086",
            "high": "5.086",
            "low": "5.086",
            "close": "5.075"
        },
        {
            "time": "06.12.2020 18:20",
            "open": "5.075",
            "high": "5.075",
            "low": "5.075",
            "close": "5.072"
        },
        {
            "time": "06.12.2020 18:25",
            "open": "5.072",
            "high": "5.072",
            "low": "5.072",
            "close": "5.071"
        },
        {
            "time": "06.12.2020 18:27",
            "open": "5.071",
            "high": "5.091",
            "low": "5.071",
            "close": "5.089"
        },
        {
            "time": "06.12.2020 18:29",
            "open": "5.089",
            "high": "5.09",
            "low": "5.089",
            "close": "5.081"
        },
        {
            "time": "06.12.2020 18:30",
            "open": "5.081",
            "high": "5.081",
            "low": "5.081",
            "close": "5.073"
        },
        {
            "time": "06.12.2020 18:31",
            "open": "5.073",
            "high": "5.073",
            "low": "5.073",
            "close": "5.073"
        },
        {
            "time": "06.12.2020 18:33",
            "open": "5.073",
            "high": "5.073",
            "low": "5.069",
            "close": "5.073"
        },
        {
            "time": "06.12.2020 18:40",
            "open": "5.073",
            "high": "5.074",
            "low": "5.07",
            "close": "5.075"
        },
        {
            "time": "06.12.2020 18:41",
            "open": "5.075",
            "high": "5.077",
            "low": "5.075",
            "close": "5.077"
        },
        {
            "time": "06.12.2020 18:42",
            "open": "5.077",
            "high": "5.078",
            "low": "5.077",
            "close": "5.079"
        },
        {
            "time": "06.12.2020 18:43",
            "open": "5.079",
            "high": "5.079",
            "low": "5.076",
            "close": "5.074"
        },
        {
            "time": "06.12.2020 18:44",
            "open": "5.074",
            "high": "5.074",
            "low": "5.067",
            "close": "5.063"
        },
        {
            "time": "06.12.2020 18:54",
            "open": "5.063",
            "high": "5.063",
            "low": "5.063",
            "close": "5.073"
        },
        {
            "time": "06.12.2020 18:55",
            "open": "5.073",
            "high": "5.073",
            "low": "5.073",
            "close": "5.072"
        },
        {
            "time": "06.12.2020 19:00",
            "open": "5.072",
            "high": "5.072",
            "low": "5.072",
            "close": "5.081"
        },
        {
            "time": "06.12.2020 19:02",
            "open": "5.081",
            "high": "5.081",
            "low": "5.074",
            "close": "5.073"
        },
        {
            "time": "06.12.2020 19:05",
            "open": "5.073",
            "high": "5.073",
            "low": "5.073",
            "close": "5.07"
        },
        {
            "time": "06.12.2020 19:17",
            "open": "5.07",
            "high": "5.07",
            "low": "5.07",
            "close": "5.073"
        },
        {
            "time": "06.12.2020 19:20",
            "open": "5.073",
            "high": "5.073",
            "low": "5.069",
            "close": "5.072"
        },
        {
            "time": "06.12.2020 19:21",
            "open": "5.072",
            "high": "5.097",
            "low": "5.072",
            "close": "5.076"
        },
        {
            "time": "06.12.2020 19:22",
            "open": "5.076",
            "high": "5.076",
            "low": "5.076",
            "close": "5.076"
        },
        {
            "time": "06.12.2020 19:23",
            "open": "5.076",
            "high": "5.076",
            "low": "5.076",
            "close": "5.077"
        },
        {
            "time": "06.12.2020 19:25",
            "open": "5.077",
            "high": "5.077",
            "low": "5.077",
            "close": "5.086"
        },
        {
            "time": "06.12.2020 19:26",
            "open": "5.086",
            "high": "5.086",
            "low": "5.086",
            "close": "5.103"
        },
        {
            "time": "06.12.2020 19:27",
            "open": "5.103",
            "high": "5.103",
            "low": "5.103",
            "close": "5.069"
        },
        {
            "time": "06.12.2020 19:30",
            "open": "5.069",
            "high": "5.069",
            "low": "5.069",
            "close": "5.069"
        },
        {
            "time": "06.12.2020 19:32",
            "open": "5.069",
            "high": "5.072",
            "low": "5.069",
            "close": "5.066"
        },
        {
            "time": "06.12.2020 19:33",
            "open": "5.066",
            "high": "5.066",
            "low": "5.064",
            "close": "5.062"
        },
        {
            "time": "06.12.2020 19:35",
            "open": "5.062",
            "high": "5.066",
            "low": "5.062",
            "close": "5.066"
        },
        {
            "time": "06.12.2020 19:38",
            "open": "5.066",
            "high": "5.068",
            "low": "5.063",
            "close": "5.065"
        },
        {
            "time": "06.12.2020 19:39",
            "open": "5.065",
            "high": "5.065",
            "low": "5.065",
            "close": "5.06"
        },
        {
            "time": "06.12.2020 19:41",
            "open": "5.06",
            "high": "5.061",
            "low": "5.06",
            "close": "5.064"
        },
        {
            "time": "06.12.2020 19:42",
            "open": "5.064",
            "high": "5.064",
            "low": "5.064",
            "close": "5.064"
        },
        {
            "time": "06.12.2020 19:43",
            "open": "5.064",
            "high": "5.064",
            "low": "5.064",
            "close": "5.07"
        },
        {
            "time": "06.12.2020 19:48",
            "open": "5.07",
            "high": "5.07",
            "low": "5.069",
            "close": "5.062"
        },
        {
            "time": "06.12.2020 19:49",
            "open": "5.062",
            "high": "5.063",
            "low": "5.062",
            "close": "5.062"
        },
        {
            "time": "06.12.2020 19:50",
            "open": "5.062",
            "high": "5.062",
            "low": "5.062",
            "close": "5.062"
        },
        {
            "time": "06.12.2020 19:52",
            "open": "5.062",
            "high": "5.062",
            "low": "5.062",
            "close": "5.061"
        },
        {
            "time": "06.12.2020 19:53",
            "open": "5.061",
            "high": "5.061",
            "low": "5.056",
            "close": "5.062"
        },
        {
            "time": "06.12.2020 19:54",
            "open": "5.062",
            "high": "5.063",
            "low": "5.062",
            "close": "5.057"
        },
        {
            "time": "06.12.2020 19:55",
            "open": "5.057",
            "high": "5.057",
            "low": "5.057",
            "close": "5.054"
        },
        {
            "time": "06.12.2020 19:56",
            "open": "5.054",
            "high": "5.054",
            "low": "5.049",
            "close": "5.046"
        },
        {
            "time": "06.12.2020 19:57",
            "open": "5.046",
            "high": "5.046",
            "low": "5.046",
            "close": "5.059"
        },
        {
            "time": "06.12.2020 19:58",
            "open": "5.059",
            "high": "5.059",
            "low": "5.059",
            "close": "5.053"
        },
        {
            "time": "06.12.2020 20:00",
            "open": "5.053",
            "high": "5.056",
            "low": "5.053",
            "close": "5.057"
        },
        {
            "time": "06.12.2020 20:01",
            "open": "5.057",
            "high": "5.087",
            "low": "5.057",
            "close": "5.069"
        },
        {
            "time": "06.12.2020 20:02",
            "open": "5.069",
            "high": "5.069",
            "low": "5.054",
            "close": "5.056"
        },
        {
            "time": "06.12.2020 20:03",
            "open": "5.056",
            "high": "5.056",
            "low": "5.055",
            "close": "5.069"
        },
        {
            "time": "06.12.2020 20:04",
            "open": "5.069",
            "high": "5.07",
            "low": "5.069",
            "close": "5.061"
        },
        {
            "time": "06.12.2020 20:05",
            "open": "5.061",
            "high": "5.07",
            "low": "5.061",
            "close": "5.069"
        },
        {
            "time": "06.12.2020 20:09",
            "open": "5.069",
            "high": "5.071",
            "low": "5.069",
            "close": "5.062"
        },
        {
            "time": "06.12.2020 20:11",
            "open": "5.062",
            "high": "5.068",
            "low": "5.062",
            "close": "5.065"
        },
        {
            "time": "06.12.2020 20:12",
            "open": "5.065",
            "high": "5.066",
            "low": "5.065",
            "close": "5.069"
        },
        {
            "time": "06.12.2020 20:13",
            "open": "5.069",
            "high": "5.069",
            "low": "5.069",
            "close": "5.054"
        },
        {
            "time": "06.12.2020 20:23",
            "open": "5.054",
            "high": "5.054",
            "low": "5.054",
            "close": "5.047"
        },
        {
            "time": "06.12.2020 20:24",
            "open": "5.047",
            "high": "5.047",
            "low": "5.047",
            "close": "5.054"
        },
        {
            "time": "06.12.2020 20:28",
            "open": "5.054",
            "high": "5.054",
            "low": "5.054",
            "close": "5.058"
        },
        {
            "time": "06.12.2020 20:36",
            "open": "5.058",
            "high": "5.061",
            "low": "5.058",
            "close": "5.054"
        },
        {
            "time": "06.12.2020 20:39",
            "open": "5.054",
            "high": "5.054",
            "low": "5.054",
            "close": "5.054"
        },
        {
            "time": "06.12.2020 20:40",
            "open": "5.054",
            "high": "5.073",
            "low": "5.054",
            "close": "5.062"
        },
        {
            "time": "06.12.2020 20:43",
            "open": "5.062",
            "high": "5.062",
            "low": "5.062",
            "close": "5.066"
        },
        {
            "time": "06.12.2020 20:45",
            "open": "5.066",
            "high": "5.066",
            "low": "5.066",
            "close": "5.069"
        },
        {
            "time": "06.12.2020 20:47",
            "open": "5.069",
            "high": "5.069",
            "low": "5.069",
            "close": "5.056"
        },
        {
            "time": "06.12.2020 20:49",
            "open": "5.056",
            "high": "5.058",
            "low": "5.056",
            "close": "5.058"
        },
        {
            "time": "06.12.2020 20:50",
            "open": "5.058",
            "high": "5.058",
            "low": "5.058",
            "close": "5.068"
        },
        {
            "time": "06.12.2020 20:56",
            "open": "5.068",
            "high": "5.069",
            "low": "5.068",
            "close": "5.064"
        },
        {
            "time": "06.12.2020 20:57",
            "open": "5.064",
            "high": "5.086",
            "low": "5.064",
            "close": "5.065"
        },
        {
            "time": "06.12.2020 20:58",
            "open": "5.065",
            "high": "5.065",
            "low": "5.065",
            "close": "5.066"
        },
        {
            "time": "06.12.2020 21:00",
            "open": "5.066",
            "high": "5.066",
            "low": "5.066",
            "close": "5.066"
        },
        {
            "time": "06.12.2020 21:01",
            "open": "5.066",
            "high": "5.066",
            "low": "5.066",
            "close": "5.067"
        },
        {
            "time": "06.12.2020 21:05",
            "open": "5.067",
            "high": "5.067",
            "low": "5.067",
            "close": "5.072"
        },
        {
            "time": "06.12.2020 21:06",
            "open": "5.072",
            "high": "5.073",
            "low": "5.069",
            "close": "5.069"
        },
        {
            "time": "06.12.2020 21:07",
            "open": "5.069",
            "high": "5.106",
            "low": "5.069",
            "close": "5.075"
        },
        {
            "time": "06.12.2020 21:08",
            "open": "5.075",
            "high": "5.075",
            "low": "5.075",
            "close": "5.072"
        },
        {
            "time": "06.12.2020 21:10",
            "open": "5.072",
            "high": "5.072",
            "low": "5.072",
            "close": "5.078"
        },
        {
            "time": "06.12.2020 21:11",
            "open": "5.078",
            "high": "5.078",
            "low": "5.078",
            "close": "5.078"
        },
        {
            "time": "06.12.2020 21:15",
            "open": "5.078",
            "high": "5.078",
            "low": "5.063",
            "close": "5.08"
        },
        {
            "time": "06.12.2020 21:17",
            "open": "5.08",
            "high": "5.08",
            "low": "5.08",
            "close": "5.065"
        },
        {
            "time": "06.12.2020 21:18",
            "open": "5.065",
            "high": "5.065",
            "low": "5.065",
            "close": "5.074"
        },
        {
            "time": "06.12.2020 21:20",
            "open": "5.074",
            "high": "5.074",
            "low": "5.074",
            "close": "5.086"
        },
        {
            "time": "06.12.2020 21:21",
            "open": "5.086",
            "high": "5.086",
            "low": "5.086",
            "close": "5.071"
        },
        {
            "time": "06.12.2020 21:22",
            "open": "5.071",
            "high": "5.071",
            "low": "5.064",
            "close": "5.083"
        },
        {
            "time": "06.12.2020 21:30",
            "open": "5.083",
            "high": "5.083",
            "low": "5.083",
            "close": "5.068"
        },
        {
            "time": "06.12.2020 21:35",
            "open": "5.068",
            "high": "5.068",
            "low": "5.068",
            "close": "5.053"
        },
        {
            "time": "06.12.2020 21:40",
            "open": "5.053",
            "high": "5.053",
            "low": "5.053",
            "close": "5.067"
        },
        {
            "time": "06.12.2020 21:44",
            "open": "5.067",
            "high": "5.067",
            "low": "5.067",
            "close": "5.09"
        },
        {
            "time": "06.12.2020 21:49",
            "open": "5.09",
            "high": "5.09",
            "low": "5.09",
            "close": "5.07"
        },
        {
            "time": "06.12.2020 21:51",
            "open": "5.07",
            "high": "5.07",
            "low": "5.07",
            "close": "5.061"
        },
        {
            "time": "06.12.2020 21:55",
            "open": "5.061",
            "high": "5.061",
            "low": "5.061",
            "close": "5.076"
        },
        {
            "time": "06.12.2020 22:00",
            "open": "5.076",
            "high": "5.077",
            "low": "5.07",
            "close": "5.069"
        },
        {
            "time": "06.12.2020 22:01",
            "open": "5.069",
            "high": "5.069",
            "low": "5.069",
            "close": "5.069"
        },
        {
            "time": "06.12.2020 22:02",
            "open": "5.069",
            "high": "5.069",
            "low": "5.069",
            "close": "5.076"
        },
        {
            "time": "06.12.2020 22:04",
            "open": "5.076",
            "high": "5.077",
            "low": "5.067",
            "close": "5.067"
        },
        {
            "time": "06.12.2020 22:07",
            "open": "5.067",
            "high": "5.067",
            "low": "5.066",
            "close": "5.054"
        },
        {
            "time": "06.12.2020 22:09",
            "open": "5.054",
            "high": "5.054",
            "low": "5.054",
            "close": "5.075"
        },
        {
            "time": "06.12.2020 22:19",
            "open": "5.075",
            "high": "5.075",
            "low": "5.075",
            "close": "5.065"
        },
        {
            "time": "06.12.2020 22:20",
            "open": "5.065",
            "high": "5.065",
            "low": "5.065",
            "close": "5.067"
        },
        {
            "time": "06.12.2020 22:23",
            "open": "5.067",
            "high": "5.067",
            "low": "5.066",
            "close": "5.068"
        },
        {
            "time": "06.12.2020 22:40",
            "open": "5.068",
            "high": "5.068",
            "low": "5.068",
            "close": "5.066"
        },
        {
            "time": "06.12.2020 22:44",
            "open": "5.066",
            "high": "5.066",
            "low": "5.066",
            "close": "5.084"
        },
        {
            "time": "06.12.2020 22:49",
            "open": "5.084",
            "high": "5.084",
            "low": "5.084",
            "close": "5.079"
        },
        {
            "time": "06.12.2020 22:55",
            "open": "5.079",
            "high": "5.079",
            "low": "5.079",
            "close": "5.083"
        },
        {
            "time": "06.12.2020 22:57",
            "open": "5.083",
            "high": "5.084",
            "low": "5.083",
            "close": "5.079"
        },
        {
            "time": "06.12.2020 23:05",
            "open": "5.079",
            "high": "5.079",
            "low": "5.079",
            "close": "5.087"
        },
        {
            "time": "06.12.2020 23:07",
            "open": "5.087",
            "high": "5.087",
            "low": "5.087",
            "close": "5.088"
        },
        {
            "time": "06.12.2020 23:09",
            "open": "5.088",
            "high": "5.088",
            "low": "5.088",
            "close": "5.077"
        },
        {
            "time": "06.12.2020 23:12",
            "open": "5.077",
            "high": "5.077",
            "low": "5.077",
            "close": "5.094"
        },
        {
            "time": "06.12.2020 23:14",
            "open": "5.094",
            "high": "5.094",
            "low": "5.094",
            "close": "5.087"
        },
        {
            "time": "06.12.2020 23:15",
            "open": "5.087",
            "high": "5.087",
            "low": "5.087",
            "close": "5.09"
        },
        {
            "time": "06.12.2020 23:18",
            "open": "5.09",
            "high": "5.091",
            "low": "5.089",
            "close": "5.091"
        },
        {
            "time": "06.12.2020 23:24",
            "open": "5.091",
            "high": "5.091",
            "low": "5.091",
            "close": "5.091"
        },
        {
            "time": "06.12.2020 23:27",
            "open": "5.091",
            "high": "5.091",
            "low": "5.091",
            "close": "5.09"
        },
        {
            "time": "06.12.2020 23:33",
            "open": "5.09",
            "high": "5.09",
            "low": "5.09",
            "close": "5.067"
        },
        {
            "time": "06.12.2020 23:36",
            "open": "5.067",
            "high": "5.067",
            "low": "5.061",
            "close": "5.053"
        },
        {
            "time": "06.12.2020 23:37",
            "open": "5.053",
            "high": "5.06",
            "low": "5.05",
            "close": "5.056"
        },
        {
            "time": "06.12.2020 23:38",
            "open": "5.056",
            "high": "5.058",
            "low": "5.056",
            "close": "5.057"
        },
        {
            "time": "06.12.2020 23:39",
            "open": "5.057",
            "high": "5.057",
            "low": "5.057",
            "close": "5.062"
        },
        {
            "time": "06.12.2020 23:40",
            "open": "5.062",
            "high": "5.062",
            "low": "5.061",
            "close": "5.057"
        },
        {
            "time": "06.12.2020 23:42",
            "open": "5.057",
            "high": "5.057",
            "low": "5.057",
            "close": "5.077"
        },
        {
            "time": "06.12.2020 23:51",
            "open": "5.077",
            "high": "5.095",
            "low": "5.077",
            "close": "5.066"
        },
        {
            "time": "06.12.2020 23:52",
            "open": "5.066",
            "high": "5.066",
            "low": "5.066",
            "close": "5.074"
        },
        {
            "time": "06.12.2020 23:55",
            "open": "5.074",
            "high": "5.075",
            "low": "5.072",
            "close": "5.089"
        },
        {
            "time": "06.12.2020 23:56",
            "open": "5.089",
            "high": "5.089",
            "low": "5.089",
            "close": "5.066"
        }
    ]
}