{
    "ETC-EUR": [
        {
            "time": "14.11.2020 23:59",
            "open": "4.329",
            "high": "4.329",
            "low": "4.307",
            "close": "4.328"
        },
        {
            "time": "15.11.2020 00:00",
            "open": "4.328",
            "high": "4.329",
            "low": "4.328",
            "close": "4.331"
        },
        {
            "time": "15.11.2020 00:02",
            "open": "4.331",
            "high": "4.333",
            "low": "4.331",
            "close": "4.333"
        },
        {
            "time": "15.11.2020 00:03",
            "open": "4.333",
            "high": "4.334",
            "low": "4.333",
            "close": "4.321"
        },
        {
            "time": "15.11.2020 00:06",
            "open": "4.321",
            "high": "4.321",
            "low": "4.32",
            "close": "4.34"
        },
        {
            "time": "15.11.2020 00:11",
            "open": "4.34",
            "high": "4.34",
            "low": "4.34",
            "close": "4.327"
        },
        {
            "time": "15.11.2020 00:12",
            "open": "4.327",
            "high": "4.327",
            "low": "4.327",
            "close": "4.34"
        },
        {
            "time": "15.11.2020 00:15",
            "open": "4.34",
            "high": "4.34",
            "low": "4.34",
            "close": "4.327"
        },
        {
            "time": "15.11.2020 00:33",
            "open": "4.327",
            "high": "4.353",
            "low": "4.327",
            "close": "4.327"
        },
        {
            "time": "15.11.2020 00:35",
            "open": "4.327",
            "high": "4.327",
            "low": "4.32",
            "close": "4.329"
        },
        {
            "time": "15.11.2020 00:38",
            "open": "4.329",
            "high": "4.329",
            "low": "4.329",
            "close": "4.327"
        },
        {
            "time": "15.11.2020 00:41",
            "open": "4.327",
            "high": "4.327",
            "low": "4.327",
            "close": "4.328"
        },
        {
            "time": "15.11.2020 00:42",
            "open": "4.328",
            "high": "4.328",
            "low": "4.328",
            "close": "4.336"
        },
        {
            "time": "15.11.2020 00:45",
            "open": "4.336",
            "high": "4.336",
            "low": "4.336",
            "close": "4.334"
        },
        {
            "time": "15.11.2020 00:47",
            "open": "4.334",
            "high": "4.34",
            "low": "4.333",
            "close": "4.329"
        },
        {
            "time": "15.11.2020 00:49",
            "open": "4.329",
            "high": "4.329",
            "low": "4.329",
            "close": "4.334"
        },
        {
            "time": "15.11.2020 01:21",
            "open": "4.334",
            "high": "4.334",
            "low": "4.333",
            "close": "4.346"
        },
        {
            "time": "15.11.2020 01:23",
            "open": "4.346",
            "high": "4.346",
            "low": "4.346",
            "close": "4.327"
        },
        {
            "time": "15.11.2020 01:33",
            "open": "4.327",
            "high": "4.327",
            "low": "4.327",
            "close": "4.337"
        },
        {
            "time": "15.11.2020 01:37",
            "open": "4.337",
            "high": "4.337",
            "low": "4.337",
            "close": "4.325"
        },
        {
            "time": "15.11.2020 01:40",
            "open": "4.325",
            "high": "4.325",
            "low": "4.325",
            "close": "4.336"
        },
        {
            "time": "15.11.2020 01:42",
            "open": "4.336",
            "high": "4.336",
            "low": "4.335",
            "close": "4.327"
        },
        {
            "time": "15.11.2020 01:45",
            "open": "4.327",
            "high": "4.327",
            "low": "4.327",
            "close": "4.322"
        },
        {
            "time": "15.11.2020 01:57",
            "open": "4.322",
            "high": "4.323",
            "low": "4.322",
            "close": "4.325"
        },
        {
            "time": "15.11.2020 02:05",
            "open": "4.325",
            "high": "4.334",
            "low": "4.325",
            "close": "4.329"
        },
        {
            "time": "15.11.2020 02:08",
            "open": "4.329",
            "high": "4.329",
            "low": "4.328",
            "close": "4.328"
        },
        {
            "time": "15.11.2020 02:13",
            "open": "4.328",
            "high": "4.329",
            "low": "4.328",
            "close": "4.329"
        },
        {
            "time": "15.11.2020 02:15",
            "open": "4.329",
            "high": "4.329",
            "low": "4.329",
            "close": "4.334"
        },
        {
            "time": "15.11.2020 02:27",
            "open": "4.334",
            "high": "4.334",
            "low": "4.334",
            "close": "4.332"
        },
        {
            "time": "15.11.2020 02:38",
            "open": "4.332",
            "high": "4.332",
            "low": "4.332",
            "close": "4.33"
        },
        {
            "time": "15.11.2020 02:55",
            "open": "4.33",
            "high": "4.33",
            "low": "4.33",
            "close": "4.335"
        },
        {
            "time": "15.11.2020 02:57",
            "open": "4.335",
            "high": "4.335",
            "low": "4.335",
            "close": "4.33"
        },
        {
            "time": "15.11.2020 02:58",
            "open": "4.33",
            "high": "4.33",
            "low": "4.33",
            "close": "4.336"
        },
        {
            "time": "15.11.2020 02:59",
            "open": "4.336",
            "high": "4.336",
            "low": "4.336",
            "close": "4.329"
        },
        {
            "time": "15.11.2020 03:00",
            "open": "4.329",
            "high": "4.329",
            "low": "4.329",
            "close": "4.334"
        },
        {
            "time": "15.11.2020 03:03",
            "open": "4.334",
            "high": "4.334",
            "low": "4.334",
            "close": "4.334"
        },
        {
            "time": "15.11.2020 03:05",
            "open": "4.334",
            "high": "4.334",
            "low": "4.334",
            "close": "4.329"
        },
        {
            "time": "15.11.2020 03:07",
            "open": "4.329",
            "high": "4.329",
            "low": "4.329",
            "close": "4.329"
        },
        {
            "time": "15.11.2020 03:16",
            "open": "4.329",
            "high": "4.329",
            "low": "4.329",
            "close": "4.328"
        },
        {
            "time": "15.11.2020 03:27",
            "open": "4.328",
            "high": "4.328",
            "low": "4.328",
            "close": "4.328"
        },
        {
            "time": "15.11.2020 03:32",
            "open": "4.328",
            "high": "4.328",
            "low": "4.328",
            "close": "4.328"
        },
        {
            "time": "15.11.2020 03:33",
            "open": "4.328",
            "high": "4.329",
            "low": "4.328",
            "close": "4.337"
        },
        {
            "time": "15.11.2020 03:35",
            "open": "4.337",
            "high": "4.337",
            "low": "4.337",
            "close": "4.335"
        },
        {
            "time": "15.11.2020 03:36",
            "open": "4.335",
            "high": "4.335",
            "low": "4.335",
            "close": "4.337"
        },
        {
            "time": "15.11.2020 03:37",
            "open": "4.337",
            "high": "4.337",
            "low": "4.337",
            "close": "4.337"
        },
        {
            "time": "15.11.2020 03:40",
            "open": "4.337",
            "high": "4.338",
            "low": "4.337",
            "close": "4.349"
        },
        {
            "time": "15.11.2020 04:02",
            "open": "4.349",
            "high": "4.349",
            "low": "4.349",
            "close": "4.373"
        },
        {
            "time": "15.11.2020 04:18",
            "open": "4.373",
            "high": "4.373",
            "low": "4.373",
            "close": "4.337"
        },
        {
            "time": "15.11.2020 04:19",
            "open": "4.337",
            "high": "4.337",
            "low": "4.337",
            "close": "4.349"
        },
        {
            "time": "15.11.2020 04:20",
            "open": "4.349",
            "high": "4.349",
            "low": "4.334",
            "close": "4.348"
        },
        {
            "time": "15.11.2020 04:26",
            "open": "4.348",
            "high": "4.349",
            "low": "4.347",
            "close": "4.333"
        },
        {
            "time": "15.11.2020 04:43",
            "open": "4.333",
            "high": "4.344",
            "low": "4.33",
            "close": "4.333"
        },
        {
            "time": "15.11.2020 04:46",
            "open": "4.333",
            "high": "4.347",
            "low": "4.333",
            "close": "4.35"
        },
        {
            "time": "15.11.2020 04:47",
            "open": "4.35",
            "high": "4.351",
            "low": "4.35",
            "close": "4.349"
        },
        {
            "time": "15.11.2020 04:48",
            "open": "4.349",
            "high": "4.352",
            "low": "4.349",
            "close": "4.351"
        },
        {
            "time": "15.11.2020 04:49",
            "open": "4.351",
            "high": "4.354",
            "low": "4.351",
            "close": "4.35"
        },
        {
            "time": "15.11.2020 04:51",
            "open": "4.35",
            "high": "4.35",
            "low": "4.35",
            "close": "4.352"
        },
        {
            "time": "15.11.2020 04:52",
            "open": "4.352",
            "high": "4.352",
            "low": "4.352",
            "close": "4.352"
        },
        {
            "time": "15.11.2020 04:53",
            "open": "4.352",
            "high": "4.36",
            "low": "4.352",
            "close": "4.359"
        },
        {
            "time": "15.11.2020 04:54",
            "open": "4.359",
            "high": "4.36",
            "low": "4.356",
            "close": "4.359"
        },
        {
            "time": "15.11.2020 04:55",
            "open": "4.359",
            "high": "4.359",
            "low": "4.358",
            "close": "4.353"
        },
        {
            "time": "15.11.2020 04:56",
            "open": "4.353",
            "high": "4.357",
            "low": "4.332",
            "close": "4.35"
        },
        {
            "time": "15.11.2020 04:57",
            "open": "4.35",
            "high": "4.351",
            "low": "4.35",
            "close": "4.332"
        },
        {
            "time": "15.11.2020 05:03",
            "open": "4.332",
            "high": "4.332",
            "low": "4.332",
            "close": "4.346"
        },
        {
            "time": "15.11.2020 05:33",
            "open": "4.346",
            "high": "4.347",
            "low": "4.346",
            "close": "4.347"
        },
        {
            "time": "15.11.2020 05:42",
            "open": "4.347",
            "high": "4.347",
            "low": "4.347",
            "close": "4.346"
        },
        {
            "time": "15.11.2020 05:43",
            "open": "4.346",
            "high": "4.346",
            "low": "4.346",
            "close": "4.344"
        },
        {
            "time": "15.11.2020 05:44",
            "open": "4.344",
            "high": "4.345",
            "low": "4.333",
            "close": "4.343"
        },
        {
            "time": "15.11.2020 05:45",
            "open": "4.343",
            "high": "4.344",
            "low": "4.343",
            "close": "4.347"
        },
        {
            "time": "15.11.2020 05:46",
            "open": "4.347",
            "high": "4.349",
            "low": "4.347",
            "close": "4.345"
        },
        {
            "time": "15.11.2020 05:47",
            "open": "4.345",
            "high": "4.345",
            "low": "4.345",
            "close": "4.346"
        },
        {
            "time": "15.11.2020 05:55",
            "open": "4.346",
            "high": "4.346",
            "low": "4.346",
            "close": "4.345"
        },
        {
            "time": "15.11.2020 05:56",
            "open": "4.345",
            "high": "4.349",
            "low": "4.345",
            "close": "4.35"
        },
        {
            "time": "15.11.2020 05:58",
            "open": "4.35",
            "high": "4.35",
            "low": "4.35",
            "close": "4.349"
        },
        {
            "time": "15.11.2020 06:00",
            "open": "4.349",
            "high": "4.349",
            "low": "4.349",
            "close": "4.35"
        },
        {
            "time": "15.11.2020 06:03",
            "open": "4.35",
            "high": "4.35",
            "low": "4.35",
            "close": "4.347"
        },
        {
            "time": "15.11.2020 06:04",
            "open": "4.347",
            "high": "4.347",
            "low": "4.347",
            "close": "4.344"
        },
        {
            "time": "15.11.2020 06:11",
            "open": "4.344",
            "high": "4.346",
            "low": "4.344",
            "close": "4.356"
        },
        {
            "time": "15.11.2020 06:22",
            "open": "4.356",
            "high": "4.356",
            "low": "4.356",
            "close": "4.359"
        },
        {
            "time": "15.11.2020 06:23",
            "open": "4.359",
            "high": "4.359",
            "low": "4.359",
            "close": "4.346"
        },
        {
            "time": "15.11.2020 06:44",
            "open": "4.346",
            "high": "4.346",
            "low": "4.346",
            "close": "4.348"
        },
        {
            "time": "15.11.2020 06:54",
            "open": "4.348",
            "high": "4.348",
            "low": "4.348",
            "close": "4.345"
        },
        {
            "time": "15.11.2020 06:57",
            "open": "4.345",
            "high": "4.346",
            "low": "4.345",
            "close": "4.339"
        },
        {
            "time": "15.11.2020 07:51",
            "open": "4.339",
            "high": "4.339",
            "low": "4.338",
            "close": "4.352"
        },
        {
            "time": "15.11.2020 07:53",
            "open": "4.352",
            "high": "4.352",
            "low": "4.352",
            "close": "4.333"
        },
        {
            "time": "15.11.2020 07:56",
            "open": "4.333",
            "high": "4.341",
            "low": "4.333",
            "close": "4.335"
        },
        {
            "time": "15.11.2020 07:57",
            "open": "4.335",
            "high": "4.335",
            "low": "4.335",
            "close": "4.338"
        },
        {
            "time": "15.11.2020 07:58",
            "open": "4.338",
            "high": "4.339",
            "low": "4.338",
            "close": "4.342"
        },
        {
            "time": "15.11.2020 08:13",
            "open": "4.342",
            "high": "4.342",
            "low": "4.342",
            "close": "4.361"
        },
        {
            "time": "15.11.2020 08:16",
            "open": "4.361",
            "high": "4.373",
            "low": "4.361",
            "close": "4.342"
        },
        {
            "time": "15.11.2020 08:17",
            "open": "4.342",
            "high": "4.342",
            "low": "4.342",
            "close": "4.341"
        },
        {
            "time": "15.11.2020 08:18",
            "open": "4.341",
            "high": "4.341",
            "low": "4.341",
            "close": "4.34"
        },
        {
            "time": "15.11.2020 08:32",
            "open": "4.34",
            "high": "4.341",
            "low": "4.34",
            "close": "4.34"
        },
        {
            "time": "15.11.2020 08:33",
            "open": "4.34",
            "high": "4.34",
            "low": "4.34",
            "close": "4.337"
        },
        {
            "time": "15.11.2020 08:37",
            "open": "4.337",
            "high": "4.337",
            "low": "4.335",
            "close": "4.334"
        },
        {
            "time": "15.11.2020 08:56",
            "open": "4.334",
            "high": "4.361",
            "low": "4.334",
            "close": "4.333"
        },
        {
            "time": "15.11.2020 08:58",
            "open": "4.333",
            "high": "4.333",
            "low": "4.333",
            "close": "4.336"
        },
        {
            "time": "15.11.2020 09:04",
            "open": "4.336",
            "high": "4.336",
            "low": "4.336",
            "close": "4.34"
        },
        {
            "time": "15.11.2020 09:08",
            "open": "4.34",
            "high": "4.374",
            "low": "4.34",
            "close": "4.353"
        },
        {
            "time": "15.11.2020 09:09",
            "open": "4.353",
            "high": "4.353",
            "low": "4.353",
            "close": "4.342"
        },
        {
            "time": "15.11.2020 09:37",
            "open": "4.342",
            "high": "4.342",
            "low": "4.332",
            "close": "4.334"
        },
        {
            "time": "15.11.2020 09:53",
            "open": "4.334",
            "high": "4.334",
            "low": "4.333",
            "close": "4.352"
        },
        {
            "time": "15.11.2020 10:05",
            "open": "4.352",
            "high": "4.352",
            "low": "4.352",
            "close": "4.344"
        },
        {
            "time": "15.11.2020 10:06",
            "open": "4.344",
            "high": "4.344",
            "low": "4.344",
            "close": "4.355"
        },
        {
            "time": "15.11.2020 10:18",
            "open": "4.355",
            "high": "4.355",
            "low": "4.355",
            "close": "4.355"
        },
        {
            "time": "15.11.2020 10:19",
            "open": "4.355",
            "high": "4.355",
            "low": "4.344",
            "close": "4.356"
        },
        {
            "time": "15.11.2020 10:21",
            "open": "4.356",
            "high": "4.356",
            "low": "4.356",
            "close": "4.344"
        },
        {
            "time": "15.11.2020 10:34",
            "open": "4.344",
            "high": "4.344",
            "low": "4.333",
            "close": "4.335"
        },
        {
            "time": "15.11.2020 10:35",
            "open": "4.335",
            "high": "4.335",
            "low": "4.335",
            "close": "4.347"
        },
        {
            "time": "15.11.2020 10:50",
            "open": "4.347",
            "high": "4.347",
            "low": "4.347",
            "close": "4.359"
        },
        {
            "time": "15.11.2020 10:58",
            "open": "4.359",
            "high": "4.361",
            "low": "4.359",
            "close": "4.344"
        },
        {
            "time": "15.11.2020 10:59",
            "open": "4.344",
            "high": "4.344",
            "low": "4.344",
            "close": "4.356"
        },
        {
            "time": "15.11.2020 11:12",
            "open": "4.356",
            "high": "4.356",
            "low": "4.356",
            "close": "4.346"
        },
        {
            "time": "15.11.2020 11:20",
            "open": "4.346",
            "high": "4.346",
            "low": "4.346",
            "close": "4.331"
        },
        {
            "time": "15.11.2020 11:22",
            "open": "4.331",
            "high": "4.331",
            "low": "4.331",
            "close": "4.329"
        },
        {
            "time": "15.11.2020 11:23",
            "open": "4.329",
            "high": "4.33",
            "low": "4.328",
            "close": "4.335"
        },
        {
            "time": "15.11.2020 11:24",
            "open": "4.335",
            "high": "4.335",
            "low": "4.335",
            "close": "4.328"
        },
        {
            "time": "15.11.2020 11:25",
            "open": "4.328",
            "high": "4.328",
            "low": "4.328",
            "close": "4.328"
        },
        {
            "time": "15.11.2020 11:28",
            "open": "4.328",
            "high": "4.33",
            "low": "4.328",
            "close": "4.33"
        },
        {
            "time": "15.11.2020 11:29",
            "open": "4.33",
            "high": "4.33",
            "low": "4.33",
            "close": "4.329"
        },
        {
            "time": "15.11.2020 11:32",
            "open": "4.329",
            "high": "4.33",
            "low": "4.329",
            "close": "4.355"
        },
        {
            "time": "15.11.2020 11:33",
            "open": "4.355",
            "high": "4.375",
            "low": "4.352",
            "close": "4.334"
        },
        {
            "time": "15.11.2020 11:35",
            "open": "4.334",
            "high": "4.368",
            "low": "4.333",
            "close": "4.334"
        },
        {
            "time": "15.11.2020 11:40",
            "open": "4.334",
            "high": "4.335",
            "low": "4.334",
            "close": "4.36"
        },
        {
            "time": "15.11.2020 11:42",
            "open": "4.36",
            "high": "4.36",
            "low": "4.36",
            "close": "4.364"
        },
        {
            "time": "15.11.2020 11:51",
            "open": "4.364",
            "high": "4.364",
            "low": "4.336",
            "close": "4.333"
        },
        {
            "time": "15.11.2020 12:01",
            "open": "4.333",
            "high": "4.333",
            "low": "4.332",
            "close": "4.333"
        },
        {
            "time": "15.11.2020 12:03",
            "open": "4.333",
            "high": "4.333",
            "low": "4.333",
            "close": "4.362"
        },
        {
            "time": "15.11.2020 12:09",
            "open": "4.362",
            "high": "4.363",
            "low": "4.362",
            "close": "4.337"
        },
        {
            "time": "15.11.2020 12:11",
            "open": "4.337",
            "high": "4.337",
            "low": "4.337",
            "close": "4.338"
        },
        {
            "time": "15.11.2020 12:17",
            "open": "4.338",
            "high": "4.338",
            "low": "4.338",
            "close": "4.335"
        },
        {
            "time": "15.11.2020 12:19",
            "open": "4.335",
            "high": "4.335",
            "low": "4.335",
            "close": "4.344"
        },
        {
            "time": "15.11.2020 12:29",
            "open": "4.344",
            "high": "4.344",
            "low": "4.343",
            "close": "4.344"
        },
        {
            "time": "15.11.2020 12:31",
            "open": "4.344",
            "high": "4.347",
            "low": "4.344",
            "close": "4.344"
        },
        {
            "time": "15.11.2020 12:33",
            "open": "4.344",
            "high": "4.344",
            "low": "4.344",
            "close": "4.349"
        },
        {
            "time": "15.11.2020 12:35",
            "open": "4.349",
            "high": "4.358",
            "low": "4.349",
            "close": "4.337"
        },
        {
            "time": "15.11.2020 12:48",
            "open": "4.337",
            "high": "4.337",
            "low": "4.337",
            "close": "4.337"
        },
        {
            "time": "15.11.2020 12:50",
            "open": "4.337",
            "high": "4.337",
            "low": "4.335",
            "close": "4.332"
        },
        {
            "time": "15.11.2020 12:52",
            "open": "4.332",
            "high": "4.332",
            "low": "4.332",
            "close": "4.351"
        },
        {
            "time": "15.11.2020 12:53",
            "open": "4.351",
            "high": "4.351",
            "low": "4.351",
            "close": "4.33"
        },
        {
            "time": "15.11.2020 13:00",
            "open": "4.33",
            "high": "4.331",
            "low": "4.33",
            "close": "4.328"
        },
        {
            "time": "15.11.2020 13:01",
            "open": "4.328",
            "high": "4.328",
            "low": "4.328",
            "close": "4.329"
        },
        {
            "time": "15.11.2020 13:02",
            "open": "4.329",
            "high": "4.329",
            "low": "4.328",
            "close": "4.328"
        },
        {
            "time": "15.11.2020 13:03",
            "open": "4.328",
            "high": "4.329",
            "low": "4.328",
            "close": "4.329"
        },
        {
            "time": "15.11.2020 13:07",
            "open": "4.329",
            "high": "4.329",
            "low": "4.329",
            "close": "4.348"
        },
        {
            "time": "15.11.2020 13:17",
            "open": "4.348",
            "high": "4.348",
            "low": "4.348",
            "close": "4.337"
        },
        {
            "time": "15.11.2020 13:25",
            "open": "4.337",
            "high": "4.337",
            "low": "4.337",
            "close": "4.332"
        },
        {
            "time": "15.11.2020 13:28",
            "open": "4.332",
            "high": "4.332",
            "low": "4.332",
            "close": "4.333"
        },
        {
            "time": "15.11.2020 13:29",
            "open": "4.333",
            "high": "4.356",
            "low": "4.333",
            "close": "4.336"
        },
        {
            "time": "15.11.2020 13:32",
            "open": "4.336",
            "high": "4.336",
            "low": "4.336",
            "close": "4.333"
        },
        {
            "time": "15.11.2020 13:37",
            "open": "4.333",
            "high": "4.334",
            "low": "4.333",
            "close": "4.332"
        },
        {
            "time": "15.11.2020 13:43",
            "open": "4.332",
            "high": "4.332",
            "low": "4.33",
            "close": "4.332"
        },
        {
            "time": "15.11.2020 13:44",
            "open": "4.332",
            "high": "4.332",
            "low": "4.329",
            "close": "4.354"
        },
        {
            "time": "15.11.2020 13:50",
            "open": "4.354",
            "high": "4.355",
            "low": "4.337",
            "close": "4.356"
        },
        {
            "time": "15.11.2020 13:59",
            "open": "4.356",
            "high": "4.356",
            "low": "4.356",
            "close": "4.332"
        },
        {
            "time": "15.11.2020 14:03",
            "open": "4.332",
            "high": "4.333",
            "low": "4.332",
            "close": "4.333"
        },
        {
            "time": "15.11.2020 14:04",
            "open": "4.333",
            "high": "4.333",
            "low": "4.333",
            "close": "4.356"
        },
        {
            "time": "15.11.2020 14:06",
            "open": "4.356",
            "high": "4.356",
            "low": "4.356",
            "close": "4.356"
        },
        {
            "time": "15.11.2020 14:08",
            "open": "4.356",
            "high": "4.356",
            "low": "4.356",
            "close": "4.331"
        },
        {
            "time": "15.11.2020 14:12",
            "open": "4.331",
            "high": "4.331",
            "low": "4.331",
            "close": "4.357"
        },
        {
            "time": "15.11.2020 14:16",
            "open": "4.357",
            "high": "4.357",
            "low": "4.357",
            "close": "4.356"
        },
        {
            "time": "15.11.2020 14:17",
            "open": "4.356",
            "high": "4.356",
            "low": "4.356",
            "close": "4.339"
        },
        {
            "time": "15.11.2020 14:19",
            "open": "4.339",
            "high": "4.339",
            "low": "4.339",
            "close": "4.356"
        },
        {
            "time": "15.11.2020 14:28",
            "open": "4.356",
            "high": "4.357",
            "low": "4.356",
            "close": "4.341"
        },
        {
            "time": "15.11.2020 14:30",
            "open": "4.341",
            "high": "4.341",
            "low": "4.34",
            "close": "4.337"
        },
        {
            "time": "15.11.2020 14:31",
            "open": "4.337",
            "high": "4.342",
            "low": "4.331",
            "close": "4.331"
        },
        {
            "time": "15.11.2020 14:36",
            "open": "4.331",
            "high": "4.352",
            "low": "4.331",
            "close": "4.355"
        },
        {
            "time": "15.11.2020 14:49",
            "open": "4.355",
            "high": "4.355",
            "low": "4.355",
            "close": "4.354"
        },
        {
            "time": "15.11.2020 14:58",
            "open": "4.354",
            "high": "4.358",
            "low": "4.354",
            "close": "4.348"
        },
        {
            "time": "15.11.2020 15:02",
            "open": "4.348",
            "high": "4.348",
            "low": "4.348",
            "close": "4.347"
        },
        {
            "time": "15.11.2020 15:03",
            "open": "4.347",
            "high": "4.347",
            "low": "4.347",
            "close": "4.349"
        },
        {
            "time": "15.11.2020 15:09",
            "open": "4.349",
            "high": "4.349",
            "low": "4.349",
            "close": "4.35"
        },
        {
            "time": "15.11.2020 15:11",
            "open": "4.35",
            "high": "4.35",
            "low": "4.35",
            "close": "4.356"
        },
        {
            "time": "15.11.2020 15:18",
            "open": "4.356",
            "high": "4.356",
            "low": "4.356",
            "close": "4.353"
        },
        {
            "time": "15.11.2020 15:19",
            "open": "4.353",
            "high": "4.355",
            "low": "4.353",
            "close": "4.353"
        },
        {
            "time": "15.11.2020 15:23",
            "open": "4.353",
            "high": "4.353",
            "low": "4.353",
            "close": "4.357"
        },
        {
            "time": "15.11.2020 15:43",
            "open": "4.357",
            "high": "4.357",
            "low": "4.357",
            "close": "4.353"
        },
        {
            "time": "15.11.2020 15:46",
            "open": "4.353",
            "high": "4.353",
            "low": "4.353",
            "close": "4.339"
        },
        {
            "time": "15.11.2020 15:48",
            "open": "4.339",
            "high": "4.339",
            "low": "4.339",
            "close": "4.352"
        },
        {
            "time": "15.11.2020 15:53",
            "open": "4.352",
            "high": "4.352",
            "low": "4.352",
            "close": "4.333"
        },
        {
            "time": "15.11.2020 16:17",
            "open": "4.333",
            "high": "4.333",
            "low": "4.332",
            "close": "4.348"
        },
        {
            "time": "15.11.2020 16:28",
            "open": "4.348",
            "high": "4.348",
            "low": "4.348",
            "close": "4.347"
        },
        {
            "time": "15.11.2020 16:49",
            "open": "4.347",
            "high": "4.347",
            "low": "4.347",
            "close": "4.348"
        },
        {
            "time": "15.11.2020 16:54",
            "open": "4.348",
            "high": "4.348",
            "low": "4.348",
            "close": "4.343"
        },
        {
            "time": "15.11.2020 16:59",
            "open": "4.343",
            "high": "4.343",
            "low": "4.343",
            "close": "4.335"
        },
        {
            "time": "15.11.2020 17:02",
            "open": "4.335",
            "high": "4.335",
            "low": "4.335",
            "close": "4.332"
        },
        {
            "time": "15.11.2020 17:08",
            "open": "4.332",
            "high": "4.332",
            "low": "4.332",
            "close": "4.328"
        },
        {
            "time": "15.11.2020 17:15",
            "open": "4.328",
            "high": "4.328",
            "low": "4.328",
            "close": "4.351"
        },
        {
            "time": "15.11.2020 17:18",
            "open": "4.351",
            "high": "4.356",
            "low": "4.351",
            "close": "4.336"
        },
        {
            "time": "15.11.2020 17:20",
            "open": "4.336",
            "high": "4.336",
            "low": "4.328",
            "close": "4.33"
        },
        {
            "time": "15.11.2020 17:21",
            "open": "4.33",
            "high": "4.33",
            "low": "4.33",
            "close": "4.328"
        },
        {
            "time": "15.11.2020 17:25",
            "open": "4.328",
            "high": "4.328",
            "low": "4.328",
            "close": "4.33"
        },
        {
            "time": "15.11.2020 17:27",
            "open": "4.33",
            "high": "4.33",
            "low": "4.33",
            "close": "4.332"
        },
        {
            "time": "15.11.2020 17:28",
            "open": "4.332",
            "high": "4.332",
            "low": "4.332",
            "close": "4.33"
        },
        {
            "time": "15.11.2020 17:29",
            "open": "4.33",
            "high": "4.33",
            "low": "4.33",
            "close": "4.328"
        },
        {
            "time": "15.11.2020 17:30",
            "open": "4.328",
            "high": "4.328",
            "low": "4.328",
            "close": "4.329"
        },
        {
            "time": "15.11.2020 17:31",
            "open": "4.329",
            "high": "4.329",
            "low": "4.328",
            "close": "4.328"
        },
        {
            "time": "15.11.2020 17:33",
            "open": "4.328",
            "high": "4.328",
            "low": "4.328",
            "close": "4.328"
        },
        {
            "time": "15.11.2020 17:41",
            "open": "4.328",
            "high": "4.328",
            "low": "4.328",
            "close": "4.329"
        },
        {
            "time": "15.11.2020 17:46",
            "open": "4.329",
            "high": "4.329",
            "low": "4.329",
            "close": "4.33"
        },
        {
            "time": "15.11.2020 18:05",
            "open": "4.33",
            "high": "4.33",
            "low": "4.329",
            "close": "4.349"
        },
        {
            "time": "15.11.2020 18:19",
            "open": "4.349",
            "high": "4.354",
            "low": "4.349",
            "close": "4.331"
        },
        {
            "time": "15.11.2020 18:32",
            "open": "4.331",
            "high": "4.331",
            "low": "4.331",
            "close": "4.334"
        },
        {
            "time": "15.11.2020 18:33",
            "open": "4.334",
            "high": "4.334",
            "low": "4.334",
            "close": "4.329"
        },
        {
            "time": "15.11.2020 18:37",
            "open": "4.329",
            "high": "4.329",
            "low": "4.329",
            "close": "4.354"
        },
        {
            "time": "15.11.2020 18:43",
            "open": "4.354",
            "high": "4.354",
            "low": "4.354",
            "close": "4.353"
        },
        {
            "time": "15.11.2020 18:50",
            "open": "4.353",
            "high": "4.353",
            "low": "4.353",
            "close": "4.356"
        },
        {
            "time": "15.11.2020 18:59",
            "open": "4.356",
            "high": "4.356",
            "low": "4.356",
            "close": "4.335"
        },
        {
            "time": "15.11.2020 19:04",
            "open": "4.335",
            "high": "4.335",
            "low": "4.335",
            "close": "4.328"
        },
        {
            "time": "15.11.2020 19:05",
            "open": "4.328",
            "high": "4.328",
            "low": "4.328",
            "close": "4.33"
        },
        {
            "time": "15.11.2020 19:06",
            "open": "4.33",
            "high": "4.33",
            "low": "4.25",
            "close": "4.315"
        },
        {
            "time": "15.11.2020 19:07",
            "open": "4.315",
            "high": "4.317",
            "low": "4.31",
            "close": "4.308"
        },
        {
            "time": "15.11.2020 19:08",
            "open": "4.308",
            "high": "4.314",
            "low": "4.306",
            "close": "4.316"
        },
        {
            "time": "15.11.2020 19:09",
            "open": "4.316",
            "high": "4.316",
            "low": "4.314",
            "close": "4.31"
        },
        {
            "time": "15.11.2020 19:10",
            "open": "4.31",
            "high": "4.315",
            "low": "4.291",
            "close": "4.309"
        },
        {
            "time": "15.11.2020 19:13",
            "open": "4.309",
            "high": "4.31",
            "low": "4.308",
            "close": "4.295"
        },
        {
            "time": "15.11.2020 19:15",
            "open": "4.295",
            "high": "4.295",
            "low": "4.295",
            "close": "4.326"
        },
        {
            "time": "15.11.2020 19:17",
            "open": "4.326",
            "high": "4.33",
            "low": "4.301",
            "close": "4.311"
        },
        {
            "time": "15.11.2020 19:22",
            "open": "4.311",
            "high": "4.311",
            "low": "4.311",
            "close": "4.307"
        },
        {
            "time": "15.11.2020 19:26",
            "open": "4.307",
            "high": "4.308",
            "low": "4.307",
            "close": "4.304"
        },
        {
            "time": "15.11.2020 19:30",
            "open": "4.304",
            "high": "4.308",
            "low": "4.304",
            "close": "4.31"
        },
        {
            "time": "15.11.2020 19:33",
            "open": "4.31",
            "high": "4.31",
            "low": "4.309",
            "close": "4.299"
        },
        {
            "time": "15.11.2020 19:36",
            "open": "4.299",
            "high": "4.299",
            "low": "4.299",
            "close": "4.303"
        },
        {
            "time": "15.11.2020 19:38",
            "open": "4.303",
            "high": "4.303",
            "low": "4.297",
            "close": "4.324"
        },
        {
            "time": "15.11.2020 19:39",
            "open": "4.324",
            "high": "4.324",
            "low": "4.324",
            "close": "4.299"
        },
        {
            "time": "15.11.2020 19:40",
            "open": "4.299",
            "high": "4.299",
            "low": "4.299",
            "close": "4.302"
        },
        {
            "time": "15.11.2020 19:41",
            "open": "4.302",
            "high": "4.302",
            "low": "4.302",
            "close": "4.32"
        },
        {
            "time": "15.11.2020 19:50",
            "open": "4.32",
            "high": "4.32",
            "low": "4.32",
            "close": "4.314"
        },
        {
            "time": "15.11.2020 20:05",
            "open": "4.314",
            "high": "4.315",
            "low": "4.314",
            "close": "4.327"
        },
        {
            "time": "15.11.2020 20:06",
            "open": "4.327",
            "high": "4.327",
            "low": "4.322",
            "close": "4.301"
        },
        {
            "time": "15.11.2020 20:15",
            "open": "4.301",
            "high": "4.301",
            "low": "4.3",
            "close": "4.313"
        },
        {
            "time": "15.11.2020 20:18",
            "open": "4.313",
            "high": "4.338",
            "low": "4.313",
            "close": "4.314"
        },
        {
            "time": "15.11.2020 20:19",
            "open": "4.314",
            "high": "4.314",
            "low": "4.309",
            "close": "4.332"
        },
        {
            "time": "15.11.2020 20:32",
            "open": "4.332",
            "high": "4.332",
            "low": "4.332",
            "close": "4.304"
        },
        {
            "time": "15.11.2020 20:41",
            "open": "4.304",
            "high": "4.307",
            "low": "4.304",
            "close": "4.284"
        },
        {
            "time": "15.11.2020 20:50",
            "open": "4.284",
            "high": "4.284",
            "low": "4.284",
            "close": "4.316"
        },
        {
            "time": "15.11.2020 20:52",
            "open": "4.316",
            "high": "4.316",
            "low": "4.316",
            "close": "4.312"
        },
        {
            "time": "15.11.2020 20:58",
            "open": "4.312",
            "high": "4.312",
            "low": "4.312",
            "close": "4.31"
        },
        {
            "time": "15.11.2020 21:00",
            "open": "4.31",
            "high": "4.31",
            "low": "4.31",
            "close": "4.311"
        },
        {
            "time": "15.11.2020 21:09",
            "open": "4.311",
            "high": "4.312",
            "low": "4.311",
            "close": "4.323"
        },
        {
            "time": "15.11.2020 21:18",
            "open": "4.323",
            "high": "4.323",
            "low": "4.323",
            "close": "4.295"
        },
        {
            "time": "15.11.2020 21:23",
            "open": "4.295",
            "high": "4.295",
            "low": "4.295",
            "close": "4.298"
        },
        {
            "time": "15.11.2020 21:24",
            "open": "4.298",
            "high": "4.298",
            "low": "4.297",
            "close": "4.285"
        },
        {
            "time": "15.11.2020 21:39",
            "open": "4.285",
            "high": "4.285",
            "low": "4.285",
            "close": "4.301"
        },
        {
            "time": "15.11.2020 21:44",
            "open": "4.301",
            "high": "4.301",
            "low": "4.301",
            "close": "4.301"
        },
        {
            "time": "15.11.2020 21:46",
            "open": "4.301",
            "high": "4.301",
            "low": "4.301",
            "close": "4.283"
        },
        {
            "time": "15.11.2020 21:53",
            "open": "4.283",
            "high": "4.283",
            "low": "4.283",
            "close": "4.299"
        },
        {
            "time": "15.11.2020 22:01",
            "open": "4.299",
            "high": "4.299",
            "low": "4.299",
            "close": "4.296"
        },
        {
            "time": "15.11.2020 22:02",
            "open": "4.296",
            "high": "4.299",
            "low": "4.296",
            "close": "4.285"
        },
        {
            "time": "15.11.2020 22:18",
            "open": "4.285",
            "high": "4.292",
            "low": "4.285",
            "close": "4.294"
        },
        {
            "time": "15.11.2020 22:19",
            "open": "4.294",
            "high": "4.294",
            "low": "4.294",
            "close": "4.28"
        },
        {
            "time": "15.11.2020 22:20",
            "open": "4.28",
            "high": "4.28",
            "low": "4.28",
            "close": "4.281"
        },
        {
            "time": "15.11.2020 22:26",
            "open": "4.281",
            "high": "4.281",
            "low": "4.28",
            "close": "4.282"
        },
        {
            "time": "15.11.2020 22:41",
            "open": "4.282",
            "high": "4.282",
            "low": "4.281",
            "close": "4.28"
        },
        {
            "time": "15.11.2020 22:42",
            "open": "4.28",
            "high": "4.28",
            "low": "4.28",
            "close": "4.284"
        },
        {
            "time": "15.11.2020 22:45",
            "open": "4.284",
            "high": "4.284",
            "low": "4.284",
            "close": "4.283"
        },
        {
            "time": "15.11.2020 22:47",
            "open": "4.283",
            "high": "4.283",
            "low": "4.234",
            "close": "4.27"
        },
        {
            "time": "15.11.2020 22:48",
            "open": "4.27",
            "high": "4.277",
            "low": "4.27",
            "close": "4.276"
        },
        {
            "time": "15.11.2020 22:49",
            "open": "4.276",
            "high": "4.277",
            "low": "4.275",
            "close": "4.272"
        },
        {
            "time": "15.11.2020 23:00",
            "open": "4.272",
            "high": "4.272",
            "low": "4.268",
            "close": "4.269"
        },
        {
            "time": "15.11.2020 23:03",
            "open": "4.269",
            "high": "4.269",
            "low": "4.269",
            "close": "4.268"
        },
        {
            "time": "15.11.2020 23:04",
            "open": "4.268",
            "high": "4.268",
            "low": "4.267",
            "close": "4.269"
        },
        {
            "time": "15.11.2020 23:05",
            "open": "4.269",
            "high": "4.269",
            "low": "4.268",
            "close": "4.265"
        },
        {
            "time": "15.11.2020 23:08",
            "open": "4.265",
            "high": "4.265",
            "low": "4.265",
            "close": "4.265"
        },
        {
            "time": "15.11.2020 23:09",
            "open": "4.265",
            "high": "4.265",
            "low": "4.265",
            "close": "4.266"
        },
        {
            "time": "15.11.2020 23:10",
            "open": "4.266",
            "high": "4.266",
            "low": "4.266",
            "close": "4.267"
        },
        {
            "time": "15.11.2020 23:11",
            "open": "4.267",
            "high": "4.268",
            "low": "4.249",
            "close": "4.268"
        },
        {
            "time": "15.11.2020 23:12",
            "open": "4.268",
            "high": "4.269",
            "low": "4.259",
            "close": "4.267"
        },
        {
            "time": "15.11.2020 23:13",
            "open": "4.267",
            "high": "4.267",
            "low": "4.267",
            "close": "4.268"
        },
        {
            "time": "15.11.2020 23:15",
            "open": "4.268",
            "high": "4.268",
            "low": "4.268",
            "close": "4.286"
        },
        {
            "time": "15.11.2020 23:30",
            "open": "4.286",
            "high": "4.286",
            "low": "4.286",
            "close": "4.289"
        },
        {
            "time": "15.11.2020 23:47",
            "open": "4.289",
            "high": "4.295",
            "low": "4.289",
            "close": "4.286"
        },
        {
            "time": "15.11.2020 23:53",
            "open": "4.286",
            "high": "4.286",
            "low": "4.286",
            "close": "4.293"
        },
        {
            "time": "15.11.2020 23:54",
            "open": "4.293",
            "high": "4.293",
            "low": "4.291",
            "close": "4.288"
        },
        {
            "time": "15.11.2020 23:55",
            "open": "4.288",
            "high": "4.293",
            "low": "4.288",
            "close": "4.291"
        },
        {
            "time": "15.11.2020 23:58",
            "open": "4.291",
            "high": "4.291",
            "low": "4.29",
            "close": "4.292"
        }
    ]
}