{
    "ETC-EUR": [
        {
            "time": "04.11.2020 23:52",
            "open": "4.2",
            "high": "4.2",
            "low": "4.197",
            "close": "4.201"
        },
        {
            "time": "05.11.2020 00:00",
            "open": "4.201",
            "high": "4.201",
            "low": "4.201",
            "close": "4.202"
        },
        {
            "time": "05.11.2020 00:02",
            "open": "4.202",
            "high": "4.202",
            "low": "4.202",
            "close": "4.202"
        },
        {
            "time": "05.11.2020 00:04",
            "open": "4.202",
            "high": "4.202",
            "low": "4.202",
            "close": "4.201"
        },
        {
            "time": "05.11.2020 00:06",
            "open": "4.201",
            "high": "4.201",
            "low": "4.201",
            "close": "4.201"
        },
        {
            "time": "05.11.2020 00:11",
            "open": "4.201",
            "high": "4.201",
            "low": "4.196",
            "close": "4.194"
        },
        {
            "time": "05.11.2020 00:12",
            "open": "4.194",
            "high": "4.194",
            "low": "4.193",
            "close": "4.191"
        },
        {
            "time": "05.11.2020 00:14",
            "open": "4.191",
            "high": "4.196",
            "low": "4.189",
            "close": "4.192"
        },
        {
            "time": "05.11.2020 00:16",
            "open": "4.192",
            "high": "4.194",
            "low": "4.19",
            "close": "4.185"
        },
        {
            "time": "05.11.2020 00:18",
            "open": "4.185",
            "high": "4.192",
            "low": "4.185",
            "close": "4.182"
        },
        {
            "time": "05.11.2020 00:29",
            "open": "4.182",
            "high": "4.182",
            "low": "4.182",
            "close": "4.182"
        },
        {
            "time": "05.11.2020 00:30",
            "open": "4.182",
            "high": "4.182",
            "low": "4.182",
            "close": "4.182"
        },
        {
            "time": "05.11.2020 00:31",
            "open": "4.182",
            "high": "4.182",
            "low": "4.182",
            "close": "4.18"
        },
        {
            "time": "05.11.2020 00:33",
            "open": "4.18",
            "high": "4.18",
            "low": "4.18",
            "close": "4.18"
        },
        {
            "time": "05.11.2020 00:34",
            "open": "4.18",
            "high": "4.181",
            "low": "4.18",
            "close": "4.18"
        },
        {
            "time": "05.11.2020 00:35",
            "open": "4.18",
            "high": "4.18",
            "low": "4.18",
            "close": "4.18"
        },
        {
            "time": "05.11.2020 00:36",
            "open": "4.18",
            "high": "4.18",
            "low": "4.18",
            "close": "4.18"
        },
        {
            "time": "05.11.2020 00:37",
            "open": "4.18",
            "high": "4.18",
            "low": "4.18",
            "close": "4.18"
        },
        {
            "time": "05.11.2020 00:38",
            "open": "4.18",
            "high": "4.18",
            "low": "4.18",
            "close": "4.18"
        },
        {
            "time": "05.11.2020 00:39",
            "open": "4.18",
            "high": "4.182",
            "low": "4.18",
            "close": "4.181"
        },
        {
            "time": "05.11.2020 00:40",
            "open": "4.181",
            "high": "4.181",
            "low": "4.18",
            "close": "4.18"
        },
        {
            "time": "05.11.2020 00:43",
            "open": "4.18",
            "high": "4.18",
            "low": "4.18",
            "close": "4.18"
        },
        {
            "time": "05.11.2020 00:44",
            "open": "4.18",
            "high": "4.18",
            "low": "4.18",
            "close": "4.18"
        },
        {
            "time": "05.11.2020 00:46",
            "open": "4.18",
            "high": "4.18",
            "low": "4.18",
            "close": "4.18"
        },
        {
            "time": "05.11.2020 00:47",
            "open": "4.18",
            "high": "4.18",
            "low": "4.18",
            "close": "4.18"
        },
        {
            "time": "05.11.2020 00:55",
            "open": "4.18",
            "high": "4.18",
            "low": "4.18",
            "close": "4.177"
        },
        {
            "time": "05.11.2020 00:56",
            "open": "4.177",
            "high": "4.178",
            "low": "4.177",
            "close": "4.177"
        },
        {
            "time": "05.11.2020 00:57",
            "open": "4.177",
            "high": "4.179",
            "low": "4.177",
            "close": "4.176"
        },
        {
            "time": "05.11.2020 00:58",
            "open": "4.176",
            "high": "4.176",
            "low": "4.176",
            "close": "4.176"
        },
        {
            "time": "05.11.2020 00:59",
            "open": "4.176",
            "high": "4.18",
            "low": "4.176",
            "close": "4.181"
        },
        {
            "time": "05.11.2020 01:01",
            "open": "4.181",
            "high": "4.181",
            "low": "4.18",
            "close": "4.184"
        },
        {
            "time": "05.11.2020 01:02",
            "open": "4.184",
            "high": "4.184",
            "low": "4.184",
            "close": "4.182"
        },
        {
            "time": "05.11.2020 01:03",
            "open": "4.182",
            "high": "4.19",
            "low": "4.182",
            "close": "4.192"
        },
        {
            "time": "05.11.2020 01:04",
            "open": "4.192",
            "high": "4.192",
            "low": "4.192",
            "close": "4.195"
        },
        {
            "time": "05.11.2020 01:05",
            "open": "4.195",
            "high": "4.195",
            "low": "4.195",
            "close": "4.191"
        },
        {
            "time": "05.11.2020 01:10",
            "open": "4.191",
            "high": "4.191",
            "low": "4.191",
            "close": "4.178"
        },
        {
            "time": "05.11.2020 01:17",
            "open": "4.178",
            "high": "4.178",
            "low": "4.178",
            "close": "4.184"
        },
        {
            "time": "05.11.2020 01:18",
            "open": "4.184",
            "high": "4.184",
            "low": "4.184",
            "close": "4.19"
        },
        {
            "time": "05.11.2020 01:21",
            "open": "4.19",
            "high": "4.19",
            "low": "4.19",
            "close": "4.202"
        },
        {
            "time": "05.11.2020 01:23",
            "open": "4.202",
            "high": "4.202",
            "low": "4.202",
            "close": "4.189"
        },
        {
            "time": "05.11.2020 01:27",
            "open": "4.189",
            "high": "4.189",
            "low": "4.186",
            "close": "4.185"
        },
        {
            "time": "05.11.2020 01:28",
            "open": "4.185",
            "high": "4.189",
            "low": "4.185",
            "close": "4.186"
        },
        {
            "time": "05.11.2020 01:36",
            "open": "4.186",
            "high": "4.186",
            "low": "4.186",
            "close": "4.189"
        },
        {
            "time": "05.11.2020 01:38",
            "open": "4.189",
            "high": "4.189",
            "low": "4.184",
            "close": "4.184"
        },
        {
            "time": "05.11.2020 01:40",
            "open": "4.184",
            "high": "4.184",
            "low": "4.184",
            "close": "4.183"
        },
        {
            "time": "05.11.2020 01:41",
            "open": "4.183",
            "high": "4.184",
            "low": "4.182",
            "close": "4.183"
        },
        {
            "time": "05.11.2020 01:42",
            "open": "4.183",
            "high": "4.183",
            "low": "4.181",
            "close": "4.179"
        },
        {
            "time": "05.11.2020 01:44",
            "open": "4.179",
            "high": "4.183",
            "low": "4.179",
            "close": "4.18"
        },
        {
            "time": "05.11.2020 01:45",
            "open": "4.18",
            "high": "4.182",
            "low": "4.18",
            "close": "4.182"
        },
        {
            "time": "05.11.2020 01:46",
            "open": "4.182",
            "high": "4.182",
            "low": "4.182",
            "close": "4.179"
        },
        {
            "time": "05.11.2020 01:47",
            "open": "4.179",
            "high": "4.179",
            "low": "4.179",
            "close": "4.179"
        },
        {
            "time": "05.11.2020 01:48",
            "open": "4.179",
            "high": "4.179",
            "low": "4.179",
            "close": "4.184"
        },
        {
            "time": "05.11.2020 02:04",
            "open": "4.184",
            "high": "4.184",
            "low": "4.184",
            "close": "4.181"
        },
        {
            "time": "05.11.2020 02:06",
            "open": "4.181",
            "high": "4.181",
            "low": "4.181",
            "close": "4.187"
        },
        {
            "time": "05.11.2020 02:11",
            "open": "4.187",
            "high": "4.187",
            "low": "4.187",
            "close": "4.19"
        },
        {
            "time": "05.11.2020 02:12",
            "open": "4.19",
            "high": "4.192",
            "low": "4.19",
            "close": "4.192"
        },
        {
            "time": "05.11.2020 02:15",
            "open": "4.192",
            "high": "4.192",
            "low": "4.192",
            "close": "4.186"
        },
        {
            "time": "05.11.2020 02:22",
            "open": "4.186",
            "high": "4.189",
            "low": "4.186",
            "close": "4.182"
        },
        {
            "time": "05.11.2020 02:45",
            "open": "4.182",
            "high": "4.182",
            "low": "4.182",
            "close": "4.184"
        },
        {
            "time": "05.11.2020 03:01",
            "open": "4.184",
            "high": "4.185",
            "low": "4.184",
            "close": "4.19"
        },
        {
            "time": "05.11.2020 03:15",
            "open": "4.19",
            "high": "4.19",
            "low": "4.19",
            "close": "4.192"
        },
        {
            "time": "05.11.2020 03:16",
            "open": "4.192",
            "high": "4.192",
            "low": "4.192",
            "close": "4.182"
        },
        {
            "time": "05.11.2020 03:25",
            "open": "4.182",
            "high": "4.182",
            "low": "4.182",
            "close": "4.176"
        },
        {
            "time": "05.11.2020 03:26",
            "open": "4.176",
            "high": "4.176",
            "low": "4.176",
            "close": "4.176"
        },
        {
            "time": "05.11.2020 03:32",
            "open": "4.176",
            "high": "4.176",
            "low": "4.176",
            "close": "4.172"
        },
        {
            "time": "05.11.2020 03:38",
            "open": "4.172",
            "high": "4.172",
            "low": "4.172",
            "close": "4.165"
        },
        {
            "time": "05.11.2020 03:40",
            "open": "4.165",
            "high": "4.165",
            "low": "4.158",
            "close": "4.169"
        },
        {
            "time": "05.11.2020 03:57",
            "open": "4.169",
            "high": "4.169",
            "low": "4.169",
            "close": "4.171"
        },
        {
            "time": "05.11.2020 04:01",
            "open": "4.171",
            "high": "4.172",
            "low": "4.171",
            "close": "4.17"
        },
        {
            "time": "05.11.2020 04:17",
            "open": "4.17",
            "high": "4.17",
            "low": "4.17",
            "close": "4.167"
        },
        {
            "time": "05.11.2020 04:20",
            "open": "4.167",
            "high": "4.167",
            "low": "4.166",
            "close": "4.162"
        },
        {
            "time": "05.11.2020 04:22",
            "open": "4.162",
            "high": "4.163",
            "low": "4.162",
            "close": "4.161"
        },
        {
            "time": "05.11.2020 04:40",
            "open": "4.161",
            "high": "4.161",
            "low": "4.161",
            "close": "4.187"
        },
        {
            "time": "05.11.2020 05:20",
            "open": "4.187",
            "high": "4.187",
            "low": "4.187",
            "close": "4.184"
        },
        {
            "time": "05.11.2020 05:46",
            "open": "4.184",
            "high": "4.185",
            "low": "4.184",
            "close": "4.193"
        },
        {
            "time": "05.11.2020 06:25",
            "open": "4.193",
            "high": "4.194",
            "low": "4.193",
            "close": "4.171"
        },
        {
            "time": "05.11.2020 06:40",
            "open": "4.171",
            "high": "4.171",
            "low": "4.171",
            "close": "4.168"
        },
        {
            "time": "05.11.2020 06:44",
            "open": "4.168",
            "high": "4.168",
            "low": "4.168",
            "close": "4.17"
        },
        {
            "time": "05.11.2020 06:48",
            "open": "4.17",
            "high": "4.17",
            "low": "4.17",
            "close": "4.183"
        },
        {
            "time": "05.11.2020 06:52",
            "open": "4.183",
            "high": "4.183",
            "low": "4.183",
            "close": "4.184"
        },
        {
            "time": "05.11.2020 07:11",
            "open": "4.184",
            "high": "4.201",
            "low": "4.184",
            "close": "4.183"
        },
        {
            "time": "05.11.2020 07:20",
            "open": "4.183",
            "high": "4.183",
            "low": "4.176",
            "close": "4.169"
        },
        {
            "time": "05.11.2020 07:35",
            "open": "4.169",
            "high": "4.182",
            "low": "4.169",
            "close": "4.165"
        },
        {
            "time": "05.11.2020 07:40",
            "open": "4.165",
            "high": "4.165",
            "low": "4.163",
            "close": "4.17"
        },
        {
            "time": "05.11.2020 07:55",
            "open": "4.17",
            "high": "4.171",
            "low": "4.17",
            "close": "4.173"
        },
        {
            "time": "05.11.2020 07:57",
            "open": "4.173",
            "high": "4.173",
            "low": "4.173",
            "close": "4.167"
        },
        {
            "time": "05.11.2020 07:59",
            "open": "4.167",
            "high": "4.167",
            "low": "4.167",
            "close": "4.167"
        },
        {
            "time": "05.11.2020 08:00",
            "open": "4.167",
            "high": "4.167",
            "low": "4.167",
            "close": "4.181"
        },
        {
            "time": "05.11.2020 08:03",
            "open": "4.181",
            "high": "4.181",
            "low": "4.18",
            "close": "4.174"
        },
        {
            "time": "05.11.2020 08:13",
            "open": "4.174",
            "high": "4.174",
            "low": "4.174",
            "close": "4.171"
        },
        {
            "time": "05.11.2020 08:19",
            "open": "4.171",
            "high": "4.171",
            "low": "4.171",
            "close": "4.169"
        },
        {
            "time": "05.11.2020 08:21",
            "open": "4.169",
            "high": "4.169",
            "low": "4.169",
            "close": "4.168"
        },
        {
            "time": "05.11.2020 08:22",
            "open": "4.168",
            "high": "4.179",
            "low": "4.168",
            "close": "4.179"
        },
        {
            "time": "05.11.2020 08:27",
            "open": "4.179",
            "high": "4.179",
            "low": "4.179",
            "close": "4.178"
        },
        {
            "time": "05.11.2020 08:32",
            "open": "4.178",
            "high": "4.178",
            "low": "4.178",
            "close": "4.181"
        },
        {
            "time": "05.11.2020 08:35",
            "open": "4.181",
            "high": "4.181",
            "low": "4.181",
            "close": "4.183"
        },
        {
            "time": "05.11.2020 08:36",
            "open": "4.183",
            "high": "4.183",
            "low": "4.183",
            "close": "4.179"
        },
        {
            "time": "05.11.2020 08:41",
            "open": "4.179",
            "high": "4.18",
            "low": "4.179",
            "close": "4.174"
        },
        {
            "time": "05.11.2020 08:42",
            "open": "4.174",
            "high": "4.174",
            "low": "4.174",
            "close": "4.171"
        },
        {
            "time": "05.11.2020 08:45",
            "open": "4.171",
            "high": "4.171",
            "low": "4.171",
            "close": "4.173"
        },
        {
            "time": "05.11.2020 08:49",
            "open": "4.173",
            "high": "4.173",
            "low": "4.173",
            "close": "4.166"
        },
        {
            "time": "05.11.2020 08:57",
            "open": "4.166",
            "high": "4.167",
            "low": "4.166",
            "close": "4.175"
        },
        {
            "time": "05.11.2020 09:04",
            "open": "4.175",
            "high": "4.175",
            "low": "4.175",
            "close": "4.164"
        },
        {
            "time": "05.11.2020 09:05",
            "open": "4.164",
            "high": "4.166",
            "low": "4.164",
            "close": "4.148"
        },
        {
            "time": "05.11.2020 09:08",
            "open": "4.148",
            "high": "4.151",
            "low": "4.148",
            "close": "4.148"
        },
        {
            "time": "05.11.2020 09:11",
            "open": "4.148",
            "high": "4.148",
            "low": "4.145",
            "close": "4.138"
        },
        {
            "time": "05.11.2020 09:15",
            "open": "4.138",
            "high": "4.14",
            "low": "4.138",
            "close": "4.133"
        },
        {
            "time": "05.11.2020 09:16",
            "open": "4.133",
            "high": "4.133",
            "low": "4.133",
            "close": "4.129"
        },
        {
            "time": "05.11.2020 09:17",
            "open": "4.129",
            "high": "4.129",
            "low": "4.129",
            "close": "4.128"
        },
        {
            "time": "05.11.2020 09:18",
            "open": "4.128",
            "high": "4.13",
            "low": "4.125",
            "close": "4.13"
        },
        {
            "time": "05.11.2020 09:19",
            "open": "4.13",
            "high": "4.13",
            "low": "4.126",
            "close": "4.124"
        },
        {
            "time": "05.11.2020 09:20",
            "open": "4.124",
            "high": "4.129",
            "low": "4.12",
            "close": "4.127"
        },
        {
            "time": "05.11.2020 09:23",
            "open": "4.127",
            "high": "4.127",
            "low": "4.127",
            "close": "4.127"
        },
        {
            "time": "05.11.2020 09:29",
            "open": "4.127",
            "high": "4.127",
            "low": "4.127",
            "close": "4.133"
        },
        {
            "time": "05.11.2020 09:31",
            "open": "4.133",
            "high": "4.138",
            "low": "4.133",
            "close": "4.129"
        },
        {
            "time": "05.11.2020 09:35",
            "open": "4.129",
            "high": "4.129",
            "low": "4.124",
            "close": "4.122"
        },
        {
            "time": "05.11.2020 09:36",
            "open": "4.122",
            "high": "4.122",
            "low": "4.12",
            "close": "4.12"
        },
        {
            "time": "05.11.2020 09:37",
            "open": "4.12",
            "high": "4.121",
            "low": "4.12",
            "close": "4.117"
        },
        {
            "time": "05.11.2020 09:38",
            "open": "4.114",
            "high": "4.114",
            "low": "4.114",
            "close": "4.105"
        },
        {
            "time": "05.11.2020 09:43",
            "open": "4.105",
            "high": "4.105",
            "low": "4.105",
            "close": "4.107"
        },
        {
            "time": "05.11.2020 09:44",
            "open": "4.107",
            "high": "4.115",
            "low": "4.107",
            "close": "4.123"
        },
        {
            "time": "05.11.2020 09:47",
            "open": "4.123",
            "high": "4.123",
            "low": "4.122",
            "close": "4.141"
        },
        {
            "time": "05.11.2020 09:49",
            "open": "4.141",
            "high": "4.142",
            "low": "4.141",
            "close": "4.151"
        },
        {
            "time": "05.11.2020 09:50",
            "open": "4.151",
            "high": "4.151",
            "low": "4.147",
            "close": "4.152"
        },
        {
            "time": "05.11.2020 09:57",
            "open": "4.152",
            "high": "4.163",
            "low": "4.152",
            "close": "4.157"
        },
        {
            "time": "05.11.2020 10:00",
            "open": "4.157",
            "high": "4.158",
            "low": "4.157",
            "close": "4.147"
        },
        {
            "time": "05.11.2020 10:01",
            "open": "4.147",
            "high": "4.147",
            "low": "4.147",
            "close": "4.15"
        },
        {
            "time": "05.11.2020 10:08",
            "open": "4.15",
            "high": "4.15",
            "low": "4.15",
            "close": "4.148"
        },
        {
            "time": "05.11.2020 10:11",
            "open": "4.148",
            "high": "4.148",
            "low": "4.142",
            "close": "4.142"
        },
        {
            "time": "05.11.2020 10:15",
            "open": "4.142",
            "high": "4.142",
            "low": "4.142",
            "close": "4.141"
        },
        {
            "time": "05.11.2020 10:18",
            "open": "4.141",
            "high": "4.141",
            "low": "4.141",
            "close": "4.15"
        },
        {
            "time": "05.11.2020 10:19",
            "open": "4.15",
            "high": "4.15",
            "low": "4.15",
            "close": "4.145"
        },
        {
            "time": "05.11.2020 10:21",
            "open": "4.145",
            "high": "4.145",
            "low": "4.141",
            "close": "4.151"
        },
        {
            "time": "05.11.2020 10:23",
            "open": "4.151",
            "high": "4.151",
            "low": "4.15",
            "close": "4.144"
        },
        {
            "time": "05.11.2020 10:26",
            "open": "4.144",
            "high": "4.144",
            "low": "4.138",
            "close": "4.142"
        },
        {
            "time": "05.11.2020 10:27",
            "open": "4.142",
            "high": "4.142",
            "low": "4.137",
            "close": "4.133"
        },
        {
            "time": "05.11.2020 10:30",
            "open": "4.133",
            "high": "4.133",
            "low": "4.131",
            "close": "4.149"
        },
        {
            "time": "05.11.2020 10:31",
            "open": "4.149",
            "high": "4.153",
            "low": "4.149",
            "close": "4.152"
        },
        {
            "time": "05.11.2020 10:37",
            "open": "4.152",
            "high": "4.152",
            "low": "4.152",
            "close": "4.152"
        },
        {
            "time": "05.11.2020 10:38",
            "open": "4.152",
            "high": "4.153",
            "low": "4.152",
            "close": "4.144"
        },
        {
            "time": "05.11.2020 10:40",
            "open": "4.144",
            "high": "4.144",
            "low": "4.144",
            "close": "4.143"
        },
        {
            "time": "05.11.2020 10:42",
            "open": "4.143",
            "high": "4.143",
            "low": "4.143",
            "close": "4.141"
        },
        {
            "time": "05.11.2020 10:43",
            "open": "4.141",
            "high": "4.141",
            "low": "4.14",
            "close": "4.138"
        },
        {
            "time": "05.11.2020 10:46",
            "open": "4.138",
            "high": "4.138",
            "low": "4.138",
            "close": "4.141"
        },
        {
            "time": "05.11.2020 10:48",
            "open": "4.141",
            "high": "4.143",
            "low": "4.14",
            "close": "4.141"
        },
        {
            "time": "05.11.2020 10:50",
            "open": "4.141",
            "high": "4.141",
            "low": "4.141",
            "close": "4.141"
        },
        {
            "time": "05.11.2020 10:51",
            "open": "4.141",
            "high": "4.141",
            "low": "4.141",
            "close": "4.138"
        },
        {
            "time": "05.11.2020 10:53",
            "open": "4.138",
            "high": "4.138",
            "low": "4.138",
            "close": "4.138"
        },
        {
            "time": "05.11.2020 10:59",
            "open": "4.138",
            "high": "4.138",
            "low": "4.138",
            "close": "4.139"
        },
        {
            "time": "05.11.2020 11:14",
            "open": "4.139",
            "high": "4.141",
            "low": "4.134",
            "close": "4.148"
        },
        {
            "time": "05.11.2020 11:18",
            "open": "4.148",
            "high": "4.153",
            "low": "4.148",
            "close": "4.141"
        },
        {
            "time": "05.11.2020 11:20",
            "open": "4.141",
            "high": "4.141",
            "low": "4.141",
            "close": "4.147"
        },
        {
            "time": "05.11.2020 11:22",
            "open": "4.147",
            "high": "4.147",
            "low": "4.147",
            "close": "4.147"
        },
        {
            "time": "05.11.2020 11:24",
            "open": "4.147",
            "high": "4.147",
            "low": "4.146",
            "close": "4.15"
        },
        {
            "time": "05.11.2020 11:26",
            "open": "4.15",
            "high": "4.15",
            "low": "4.15",
            "close": "4.149"
        },
        {
            "time": "05.11.2020 11:27",
            "open": "4.149",
            "high": "4.149",
            "low": "4.149",
            "close": "4.151"
        },
        {
            "time": "05.11.2020 11:28",
            "open": "4.151",
            "high": "4.151",
            "low": "4.151",
            "close": "4.158"
        },
        {
            "time": "05.11.2020 11:30",
            "open": "4.158",
            "high": "4.158",
            "low": "4.158",
            "close": "4.161"
        },
        {
            "time": "05.11.2020 11:31",
            "open": "4.161",
            "high": "4.161",
            "low": "4.161",
            "close": "4.155"
        },
        {
            "time": "05.11.2020 11:32",
            "open": "4.155",
            "high": "4.155",
            "low": "4.155",
            "close": "4.18"
        },
        {
            "time": "05.11.2020 12:01",
            "open": "4.18",
            "high": "4.18",
            "low": "4.18",
            "close": "4.186"
        },
        {
            "time": "05.11.2020 12:03",
            "open": "4.186",
            "high": "4.186",
            "low": "4.186",
            "close": "4.183"
        },
        {
            "time": "05.11.2020 12:04",
            "open": "4.183",
            "high": "4.183",
            "low": "4.183",
            "close": "4.168"
        },
        {
            "time": "05.11.2020 12:06",
            "open": "4.168",
            "high": "4.175",
            "low": "4.168",
            "close": "4.185"
        },
        {
            "time": "05.11.2020 12:08",
            "open": "4.185",
            "high": "4.185",
            "low": "4.184",
            "close": "4.164"
        },
        {
            "time": "05.11.2020 12:21",
            "open": "4.164",
            "high": "4.164",
            "low": "4.164",
            "close": "4.174"
        },
        {
            "time": "05.11.2020 12:42",
            "open": "4.174",
            "high": "4.18",
            "low": "4.174",
            "close": "4.177"
        },
        {
            "time": "05.11.2020 12:43",
            "open": "4.177",
            "high": "4.177",
            "low": "4.177",
            "close": "4.181"
        },
        {
            "time": "05.11.2020 12:55",
            "open": "4.181",
            "high": "4.181",
            "low": "4.18",
            "close": "4.169"
        },
        {
            "time": "05.11.2020 12:58",
            "open": "4.169",
            "high": "4.169",
            "low": "4.169",
            "close": "4.18"
        },
        {
            "time": "05.11.2020 13:04",
            "open": "4.18",
            "high": "4.18",
            "low": "4.18",
            "close": "4.169"
        },
        {
            "time": "05.11.2020 13:09",
            "open": "4.169",
            "high": "4.169",
            "low": "4.169",
            "close": "4.173"
        },
        {
            "time": "05.11.2020 13:12",
            "open": "4.173",
            "high": "4.173",
            "low": "4.169",
            "close": "4.18"
        },
        {
            "time": "05.11.2020 13:16",
            "open": "4.18",
            "high": "4.182",
            "low": "4.18",
            "close": "4.167"
        },
        {
            "time": "05.11.2020 13:28",
            "open": "4.167",
            "high": "4.174",
            "low": "4.167",
            "close": "4.163"
        },
        {
            "time": "05.11.2020 13:30",
            "open": "4.163",
            "high": "4.163",
            "low": "4.161",
            "close": "4.172"
        },
        {
            "time": "05.11.2020 13:40",
            "open": "4.172",
            "high": "4.172",
            "low": "4.172",
            "close": "4.166"
        },
        {
            "time": "05.11.2020 13:41",
            "open": "4.166",
            "high": "4.166",
            "low": "4.166",
            "close": "4.169"
        },
        {
            "time": "05.11.2020 13:42",
            "open": "4.169",
            "high": "4.169",
            "low": "4.169",
            "close": "4.166"
        },
        {
            "time": "05.11.2020 13:43",
            "open": "4.166",
            "high": "4.166",
            "low": "4.166",
            "close": "4.158"
        },
        {
            "time": "05.11.2020 13:45",
            "open": "4.158",
            "high": "4.164",
            "low": "4.155",
            "close": "4.161"
        },
        {
            "time": "05.11.2020 13:48",
            "open": "4.161",
            "high": "4.161",
            "low": "4.161",
            "close": "4.167"
        },
        {
            "time": "05.11.2020 13:53",
            "open": "4.167",
            "high": "4.171",
            "low": "4.167",
            "close": "4.169"
        },
        {
            "time": "05.11.2020 14:00",
            "open": "4.169",
            "high": "4.169",
            "low": "4.169",
            "close": "4.157"
        },
        {
            "time": "05.11.2020 14:08",
            "open": "4.157",
            "high": "4.157",
            "low": "4.12",
            "close": "4.155"
        },
        {
            "time": "05.11.2020 14:09",
            "open": "4.155",
            "high": "4.156",
            "low": "4.155",
            "close": "4.169"
        },
        {
            "time": "05.11.2020 14:11",
            "open": "4.169",
            "high": "4.17",
            "low": "4.169",
            "close": "4.159"
        },
        {
            "time": "05.11.2020 14:14",
            "open": "4.159",
            "high": "4.159",
            "low": "4.159",
            "close": "4.156"
        },
        {
            "time": "05.11.2020 14:15",
            "open": "4.156",
            "high": "4.156",
            "low": "4.153",
            "close": "4.152"
        },
        {
            "time": "05.11.2020 14:17",
            "open": "4.152",
            "high": "4.152",
            "low": "4.152",
            "close": "4.161"
        },
        {
            "time": "05.11.2020 14:18",
            "open": "4.161",
            "high": "4.161",
            "low": "4.161",
            "close": "4.162"
        },
        {
            "time": "05.11.2020 14:25",
            "open": "4.162",
            "high": "4.165",
            "low": "4.162",
            "close": "4.158"
        },
        {
            "time": "05.11.2020 14:34",
            "open": "4.158",
            "high": "4.158",
            "low": "4.158",
            "close": "4.155"
        },
        {
            "time": "05.11.2020 14:38",
            "open": "4.155",
            "high": "4.155",
            "low": "4.155",
            "close": "4.166"
        },
        {
            "time": "05.11.2020 14:40",
            "open": "4.166",
            "high": "4.166",
            "low": "4.165",
            "close": "4.189"
        },
        {
            "time": "05.11.2020 14:41",
            "open": "4.189",
            "high": "4.189",
            "low": "4.189",
            "close": "4.189"
        },
        {
            "time": "05.11.2020 14:42",
            "open": "4.189",
            "high": "4.201",
            "low": "4.189",
            "close": "4.196"
        },
        {
            "time": "05.11.2020 14:43",
            "open": "4.196",
            "high": "4.196",
            "low": "4.196",
            "close": "4.204"
        },
        {
            "time": "05.11.2020 14:45",
            "open": "4.204",
            "high": "4.236",
            "low": "4.193",
            "close": "4.203"
        },
        {
            "time": "05.11.2020 14:48",
            "open": "4.203",
            "high": "4.203",
            "low": "4.2",
            "close": "4.187"
        },
        {
            "time": "05.11.2020 14:49",
            "open": "4.187",
            "high": "4.187",
            "low": "4.187",
            "close": "4.18"
        },
        {
            "time": "05.11.2020 14:50",
            "open": "4.18",
            "high": "4.18",
            "low": "4.18",
            "close": "4.188"
        },
        {
            "time": "05.11.2020 14:51",
            "open": "4.188",
            "high": "4.188",
            "low": "4.188",
            "close": "4.18"
        },
        {
            "time": "05.11.2020 14:52",
            "open": "4.18",
            "high": "4.187",
            "low": "4.18",
            "close": "4.2"
        },
        {
            "time": "05.11.2020 14:56",
            "open": "4.2",
            "high": "4.2",
            "low": "4.2",
            "close": "4.2"
        },
        {
            "time": "05.11.2020 14:58",
            "open": "4.2",
            "high": "4.2",
            "low": "4.2",
            "close": "4.195"
        },
        {
            "time": "05.11.2020 15:01",
            "open": "4.195",
            "high": "4.201",
            "low": "4.195",
            "close": "4.215"
        },
        {
            "time": "05.11.2020 15:06",
            "open": "4.215",
            "high": "4.215",
            "low": "4.215",
            "close": "4.224"
        },
        {
            "time": "05.11.2020 15:12",
            "open": "4.224",
            "high": "4.224",
            "low": "4.224",
            "close": "4.229"
        },
        {
            "time": "05.11.2020 15:14",
            "open": "4.229",
            "high": "4.229",
            "low": "4.229",
            "close": "4.238"
        },
        {
            "time": "05.11.2020 15:15",
            "open": "4.238",
            "high": "4.238",
            "low": "4.238",
            "close": "4.238"
        },
        {
            "time": "05.11.2020 15:16",
            "open": "4.238",
            "high": "4.25",
            "low": "4.238",
            "close": "4.25"
        },
        {
            "time": "05.11.2020 15:19",
            "open": "4.25",
            "high": "4.262",
            "low": "4.25",
            "close": "4.263"
        },
        {
            "time": "05.11.2020 15:21",
            "open": "4.263",
            "high": "4.263",
            "low": "4.263",
            "close": "4.263"
        },
        {
            "time": "05.11.2020 15:22",
            "open": "4.263",
            "high": "4.288",
            "low": "4.263",
            "close": "4.285"
        },
        {
            "time": "05.11.2020 15:24",
            "open": "4.285",
            "high": "4.295",
            "low": "4.275",
            "close": "4.277"
        },
        {
            "time": "05.11.2020 15:28",
            "open": "4.277",
            "high": "4.278",
            "low": "4.27",
            "close": "4.27"
        },
        {
            "time": "05.11.2020 15:30",
            "open": "4.27",
            "high": "4.275",
            "low": "4.27",
            "close": "4.259"
        },
        {
            "time": "05.11.2020 15:35",
            "open": "4.259",
            "high": "4.265",
            "low": "4.252",
            "close": "4.256"
        },
        {
            "time": "05.11.2020 15:36",
            "open": "4.256",
            "high": "4.258",
            "low": "4.255",
            "close": "4.255"
        },
        {
            "time": "05.11.2020 15:37",
            "open": "4.255",
            "high": "4.256",
            "low": "4.255",
            "close": "4.255"
        },
        {
            "time": "05.11.2020 15:38",
            "open": "4.255",
            "high": "4.255",
            "low": "4.255",
            "close": "4.25"
        },
        {
            "time": "05.11.2020 15:42",
            "open": "4.25",
            "high": "4.25",
            "low": "4.247",
            "close": "4.247"
        },
        {
            "time": "05.11.2020 15:47",
            "open": "4.247",
            "high": "4.247",
            "low": "4.247",
            "close": "4.249"
        },
        {
            "time": "05.11.2020 15:48",
            "open": "4.249",
            "high": "4.249",
            "low": "4.248",
            "close": "4.251"
        },
        {
            "time": "05.11.2020 15:50",
            "open": "4.251",
            "high": "4.251",
            "low": "4.251",
            "close": "4.248"
        },
        {
            "time": "05.11.2020 15:51",
            "open": "4.248",
            "high": "4.248",
            "low": "4.245",
            "close": "4.254"
        },
        {
            "time": "05.11.2020 15:52",
            "open": "4.254",
            "high": "4.254",
            "low": "4.254",
            "close": "4.27"
        },
        {
            "time": "05.11.2020 15:56",
            "open": "4.27",
            "high": "4.28",
            "low": "4.268",
            "close": "4.274"
        },
        {
            "time": "05.11.2020 15:57",
            "open": "4.274",
            "high": "4.274",
            "low": "4.272",
            "close": "4.273"
        },
        {
            "time": "05.11.2020 16:01",
            "open": "4.273",
            "high": "4.303",
            "low": "4.273",
            "close": "4.283"
        },
        {
            "time": "05.11.2020 16:02",
            "open": "4.283",
            "high": "4.283",
            "low": "4.283",
            "close": "4.282"
        },
        {
            "time": "05.11.2020 16:03",
            "open": "4.282",
            "high": "4.282",
            "low": "4.281",
            "close": "4.277"
        },
        {
            "time": "05.11.2020 16:05",
            "open": "4.277",
            "high": "4.285",
            "low": "4.277",
            "close": "4.282"
        },
        {
            "time": "05.11.2020 16:07",
            "open": "4.282",
            "high": "4.296",
            "low": "4.28",
            "close": "4.292"
        },
        {
            "time": "05.11.2020 16:08",
            "open": "4.292",
            "high": "4.298",
            "low": "4.292",
            "close": "4.293"
        },
        {
            "time": "05.11.2020 16:09",
            "open": "4.293",
            "high": "4.304",
            "low": "4.293",
            "close": "4.304"
        },
        {
            "time": "05.11.2020 16:10",
            "open": "4.304",
            "high": "4.313",
            "low": "4.304",
            "close": "4.314"
        },
        {
            "time": "05.11.2020 16:11",
            "open": "4.314",
            "high": "4.33",
            "low": "4.314",
            "close": "4.317"
        },
        {
            "time": "05.11.2020 16:12",
            "open": "4.317",
            "high": "4.353",
            "low": "4.317",
            "close": "4.361"
        },
        {
            "time": "05.11.2020 16:13",
            "open": "4.361",
            "high": "4.361",
            "low": "4.356",
            "close": "4.365"
        },
        {
            "time": "05.11.2020 16:14",
            "open": "4.365",
            "high": "4.366",
            "low": "4.361",
            "close": "4.348"
        },
        {
            "time": "05.11.2020 16:15",
            "open": "4.348",
            "high": "4.366",
            "low": "4.346",
            "close": "4.364"
        },
        {
            "time": "05.11.2020 16:16",
            "open": "4.364",
            "high": "4.46",
            "low": "4.364",
            "close": "4.379"
        },
        {
            "time": "05.11.2020 16:18",
            "open": "4.379",
            "high": "4.392",
            "low": "4.378",
            "close": "4.402"
        },
        {
            "time": "05.11.2020 16:19",
            "open": "4.402",
            "high": "4.449",
            "low": "4.402",
            "close": "4.418"
        },
        {
            "time": "05.11.2020 16:20",
            "open": "4.418",
            "high": "4.418",
            "low": "4.418",
            "close": "4.414"
        },
        {
            "time": "05.11.2020 16:21",
            "open": "4.414",
            "high": "4.415",
            "low": "4.414",
            "close": "4.45"
        },
        {
            "time": "05.11.2020 16:27",
            "open": "4.45",
            "high": "4.45",
            "low": "4.411",
            "close": "4.419"
        },
        {
            "time": "05.11.2020 16:29",
            "open": "4.419",
            "high": "4.426",
            "low": "4.415",
            "close": "4.419"
        },
        {
            "time": "05.11.2020 16:30",
            "open": "4.419",
            "high": "4.439",
            "low": "4.419",
            "close": "4.432"
        },
        {
            "time": "05.11.2020 16:34",
            "open": "4.432",
            "high": "4.432",
            "low": "4.432",
            "close": "4.377"
        },
        {
            "time": "05.11.2020 16:35",
            "open": "4.377",
            "high": "4.377",
            "low": "4.377",
            "close": "4.406"
        },
        {
            "time": "05.11.2020 16:36",
            "open": "4.406",
            "high": "4.41",
            "low": "4.406",
            "close": "4.41"
        },
        {
            "time": "05.11.2020 16:37",
            "open": "4.41",
            "high": "4.411",
            "low": "4.407",
            "close": "4.407"
        },
        {
            "time": "05.11.2020 16:39",
            "open": "4.407",
            "high": "4.407",
            "low": "4.407",
            "close": "4.411"
        },
        {
            "time": "05.11.2020 16:40",
            "open": "4.411",
            "high": "4.411",
            "low": "4.411",
            "close": "4.407"
        },
        {
            "time": "05.11.2020 16:43",
            "open": "4.407",
            "high": "4.407",
            "low": "4.389",
            "close": "4.377"
        },
        {
            "time": "05.11.2020 16:44",
            "open": "4.377",
            "high": "4.442",
            "low": "4.27",
            "close": "4.367"
        },
        {
            "time": "05.11.2020 16:50",
            "open": "4.367",
            "high": "4.37",
            "low": "4.365",
            "close": "4.36"
        },
        {
            "time": "05.11.2020 16:51",
            "open": "4.36",
            "high": "4.368",
            "low": "4.36",
            "close": "4.365"
        },
        {
            "time": "05.11.2020 16:54",
            "open": "4.361",
            "high": "4.361",
            "low": "4.361",
            "close": "4.414"
        },
        {
            "time": "05.11.2020 16:58",
            "open": "4.414",
            "high": "4.436",
            "low": "4.411",
            "close": "4.38"
        },
        {
            "time": "05.11.2020 16:59",
            "open": "4.38",
            "high": "4.392",
            "low": "4.273",
            "close": "4.39"
        },
        {
            "time": "05.11.2020 17:00",
            "open": "4.39",
            "high": "4.39",
            "low": "4.332",
            "close": "4.39"
        },
        {
            "time": "05.11.2020 17:01",
            "open": "4.39",
            "high": "4.413",
            "low": "4.39",
            "close": "4.414"
        },
        {
            "time": "05.11.2020 17:02",
            "open": "4.414",
            "high": "4.423",
            "low": "4.413",
            "close": "4.427"
        },
        {
            "time": "05.11.2020 17:03",
            "open": "4.427",
            "high": "4.444",
            "low": "4.339",
            "close": "4.443"
        },
        {
            "time": "05.11.2020 17:04",
            "open": "4.443",
            "high": "4.443",
            "low": "4.434",
            "close": "4.443"
        },
        {
            "time": "05.11.2020 17:05",
            "open": "4.443",
            "high": "4.446",
            "low": "4.443",
            "close": "4.448"
        },
        {
            "time": "05.11.2020 17:06",
            "open": "4.448",
            "high": "4.449",
            "low": "4.447",
            "close": "4.446"
        },
        {
            "time": "05.11.2020 17:12",
            "open": "4.446",
            "high": "4.446",
            "low": "4.446",
            "close": "4.449"
        },
        {
            "time": "05.11.2020 17:14",
            "open": "4.449",
            "high": "4.456",
            "low": "4.449",
            "close": "4.441"
        },
        {
            "time": "05.11.2020 17:16",
            "open": "4.441",
            "high": "4.454",
            "low": "4.441",
            "close": "4.424"
        },
        {
            "time": "05.11.2020 17:17",
            "open": "4.424",
            "high": "4.424",
            "low": "4.416",
            "close": "4.418"
        },
        {
            "time": "05.11.2020 17:22",
            "open": "4.418",
            "high": "4.418",
            "low": "4.418",
            "close": "4.396"
        },
        {
            "time": "05.11.2020 17:23",
            "open": "4.396",
            "high": "4.439",
            "low": "4.396",
            "close": "4.423"
        },
        {
            "time": "05.11.2020 17:26",
            "open": "4.423",
            "high": "4.423",
            "low": "4.413",
            "close": "4.439"
        },
        {
            "time": "05.11.2020 17:27",
            "open": "4.439",
            "high": "4.442",
            "low": "4.428",
            "close": "4.43"
        },
        {
            "time": "05.11.2020 17:28",
            "open": "4.43",
            "high": "4.432",
            "low": "4.405",
            "close": "4.433"
        },
        {
            "time": "05.11.2020 17:29",
            "open": "4.433",
            "high": "4.433",
            "low": "4.425",
            "close": "4.428"
        },
        {
            "time": "05.11.2020 17:30",
            "open": "4.428",
            "high": "4.428",
            "low": "4.428",
            "close": "4.429"
        },
        {
            "time": "05.11.2020 17:31",
            "open": "4.429",
            "high": "4.43",
            "low": "4.428",
            "close": "4.43"
        },
        {
            "time": "05.11.2020 17:32",
            "open": "4.43",
            "high": "4.431",
            "low": "4.43",
            "close": "4.424"
        },
        {
            "time": "05.11.2020 17:33",
            "open": "4.424",
            "high": "4.432",
            "low": "4.414",
            "close": "4.43"
        },
        {
            "time": "05.11.2020 17:34",
            "open": "4.43",
            "high": "4.43",
            "low": "4.43",
            "close": "4.429"
        },
        {
            "time": "05.11.2020 17:35",
            "open": "4.429",
            "high": "4.429",
            "low": "4.429",
            "close": "4.429"
        },
        {
            "time": "05.11.2020 17:36",
            "open": "4.429",
            "high": "4.429",
            "low": "4.429",
            "close": "4.418"
        },
        {
            "time": "05.11.2020 17:37",
            "open": "4.418",
            "high": "4.418",
            "low": "4.418",
            "close": "4.413"
        },
        {
            "time": "05.11.2020 17:38",
            "open": "4.413",
            "high": "4.413",
            "low": "4.413",
            "close": "4.426"
        },
        {
            "time": "05.11.2020 17:39",
            "open": "4.426",
            "high": "4.426",
            "low": "4.408",
            "close": "4.408"
        },
        {
            "time": "05.11.2020 17:40",
            "open": "4.408",
            "high": "4.408",
            "low": "4.407",
            "close": "4.394"
        },
        {
            "time": "05.11.2020 17:43",
            "open": "4.394",
            "high": "4.394",
            "low": "4.392",
            "close": "4.395"
        },
        {
            "time": "05.11.2020 17:45",
            "open": "4.395",
            "high": "4.395",
            "low": "4.395",
            "close": "4.389"
        },
        {
            "time": "05.11.2020 17:46",
            "open": "4.389",
            "high": "4.39",
            "low": "4.389",
            "close": "4.431"
        },
        {
            "time": "05.11.2020 17:47",
            "open": "4.431",
            "high": "4.431",
            "low": "4.431",
            "close": "4.429"
        },
        {
            "time": "05.11.2020 17:48",
            "open": "4.429",
            "high": "4.449",
            "low": "4.429",
            "close": "4.445"
        },
        {
            "time": "05.11.2020 17:49",
            "open": "4.445",
            "high": "4.445",
            "low": "4.441",
            "close": "4.44"
        },
        {
            "time": "05.11.2020 17:51",
            "open": "4.44",
            "high": "4.44",
            "low": "4.428",
            "close": "4.424"
        },
        {
            "time": "05.11.2020 17:53",
            "open": "4.424",
            "high": "4.424",
            "low": "4.424",
            "close": "4.425"
        },
        {
            "time": "05.11.2020 17:54",
            "open": "4.425",
            "high": "4.425",
            "low": "4.425",
            "close": "4.424"
        },
        {
            "time": "05.11.2020 17:56",
            "open": "4.424",
            "high": "4.424",
            "low": "4.411",
            "close": "4.408"
        },
        {
            "time": "05.11.2020 17:57",
            "open": "4.408",
            "high": "4.449",
            "low": "4.408",
            "close": "4.427"
        },
        {
            "time": "05.11.2020 17:59",
            "open": "4.427",
            "high": "4.427",
            "low": "4.416",
            "close": "4.421"
        },
        {
            "time": "05.11.2020 18:00",
            "open": "4.421",
            "high": "4.421",
            "low": "4.421",
            "close": "4.409"
        },
        {
            "time": "05.11.2020 18:01",
            "open": "4.409",
            "high": "4.409",
            "low": "4.407",
            "close": "4.38"
        },
        {
            "time": "05.11.2020 18:03",
            "open": "4.38",
            "high": "4.38",
            "low": "4.38",
            "close": "4.378"
        },
        {
            "time": "05.11.2020 18:04",
            "open": "4.378",
            "high": "4.391",
            "low": "4.378",
            "close": "4.397"
        },
        {
            "time": "05.11.2020 18:05",
            "open": "4.397",
            "high": "4.4",
            "low": "4.395",
            "close": "4.395"
        },
        {
            "time": "05.11.2020 18:07",
            "open": "4.395",
            "high": "4.408",
            "low": "4.395",
            "close": "4.411"
        },
        {
            "time": "05.11.2020 18:08",
            "open": "4.411",
            "high": "4.411",
            "low": "4.411",
            "close": "4.404"
        },
        {
            "time": "05.11.2020 18:09",
            "open": "4.404",
            "high": "4.421",
            "low": "4.404",
            "close": "4.408"
        },
        {
            "time": "05.11.2020 18:10",
            "open": "4.408",
            "high": "4.408",
            "low": "4.408",
            "close": "4.405"
        },
        {
            "time": "05.11.2020 18:12",
            "open": "4.405",
            "high": "4.41",
            "low": "4.405",
            "close": "4.407"
        },
        {
            "time": "05.11.2020 18:15",
            "open": "4.407",
            "high": "4.407",
            "low": "4.396",
            "close": "4.414"
        },
        {
            "time": "05.11.2020 18:16",
            "open": "4.414",
            "high": "4.414",
            "low": "4.414",
            "close": "4.385"
        },
        {
            "time": "05.11.2020 18:18",
            "open": "4.385",
            "high": "4.392",
            "low": "4.385",
            "close": "4.401"
        },
        {
            "time": "05.11.2020 18:19",
            "open": "4.401",
            "high": "4.401",
            "low": "4.401",
            "close": "4.39"
        },
        {
            "time": "05.11.2020 18:21",
            "open": "4.39",
            "high": "4.39",
            "low": "4.39",
            "close": "4.394"
        },
        {
            "time": "05.11.2020 18:22",
            "open": "4.394",
            "high": "4.394",
            "low": "4.39",
            "close": "4.387"
        },
        {
            "time": "05.11.2020 18:23",
            "open": "4.387",
            "high": "4.388",
            "low": "4.387",
            "close": "4.383"
        },
        {
            "time": "05.11.2020 18:25",
            "open": "4.383",
            "high": "4.385",
            "low": "4.383",
            "close": "4.387"
        },
        {
            "time": "05.11.2020 18:26",
            "open": "4.387",
            "high": "4.389",
            "low": "4.378",
            "close": "4.384"
        },
        {
            "time": "05.11.2020 18:28",
            "open": "4.384",
            "high": "4.384",
            "low": "4.383",
            "close": "4.377"
        },
        {
            "time": "05.11.2020 18:29",
            "open": "4.377",
            "high": "4.381",
            "low": "4.33",
            "close": "4.354"
        },
        {
            "time": "05.11.2020 18:31",
            "open": "4.354",
            "high": "4.354",
            "low": "4.346",
            "close": "4.332"
        },
        {
            "time": "05.11.2020 18:32",
            "open": "4.332",
            "high": "4.34",
            "low": "4.332",
            "close": "4.328"
        },
        {
            "time": "05.11.2020 18:33",
            "open": "4.328",
            "high": "4.345",
            "low": "4.328",
            "close": "4.355"
        },
        {
            "time": "05.11.2020 18:34",
            "open": "4.355",
            "high": "4.358",
            "low": "4.355",
            "close": "4.352"
        },
        {
            "time": "05.11.2020 18:35",
            "open": "4.352",
            "high": "4.375",
            "low": "4.345",
            "close": "4.342"
        },
        {
            "time": "05.11.2020 18:36",
            "open": "4.342",
            "high": "4.342",
            "low": "4.335",
            "close": "4.335"
        },
        {
            "time": "05.11.2020 18:39",
            "open": "4.335",
            "high": "4.335",
            "low": "4.335",
            "close": "4.342"
        },
        {
            "time": "05.11.2020 18:41",
            "open": "4.342",
            "high": "4.348",
            "low": "4.342",
            "close": "4.341"
        },
        {
            "time": "05.11.2020 18:42",
            "open": "4.341",
            "high": "4.387",
            "low": "4.341",
            "close": "4.394"
        },
        {
            "time": "05.11.2020 18:43",
            "open": "4.394",
            "high": "4.445",
            "low": "4.394",
            "close": "4.407"
        },
        {
            "time": "05.11.2020 18:45",
            "open": "4.407",
            "high": "4.407",
            "low": "4.387",
            "close": "4.405"
        },
        {
            "time": "05.11.2020 18:46",
            "open": "4.405",
            "high": "4.444",
            "low": "4.368",
            "close": "4.348"
        },
        {
            "time": "05.11.2020 18:47",
            "open": "4.348",
            "high": "4.361",
            "low": "4.348",
            "close": "4.356"
        },
        {
            "time": "05.11.2020 18:48",
            "open": "4.356",
            "high": "4.362",
            "low": "4.356",
            "close": "4.347"
        },
        {
            "time": "05.11.2020 18:49",
            "open": "4.347",
            "high": "4.347",
            "low": "4.346",
            "close": "4.336"
        },
        {
            "time": "05.11.2020 18:50",
            "open": "4.338",
            "high": "4.342",
            "low": "4.332",
            "close": "4.344"
        },
        {
            "time": "05.11.2020 18:51",
            "open": "4.344",
            "high": "4.344",
            "low": "4.343",
            "close": "4.331"
        },
        {
            "time": "05.11.2020 18:52",
            "open": "4.331",
            "high": "4.331",
            "low": "4.331",
            "close": "4.33"
        },
        {
            "time": "05.11.2020 18:53",
            "open": "4.33",
            "high": "4.33",
            "low": "4.328",
            "close": "4.324"
        },
        {
            "time": "05.11.2020 18:55",
            "open": "4.324",
            "high": "4.324",
            "low": "4.322",
            "close": "4.324"
        },
        {
            "time": "05.11.2020 18:57",
            "open": "4.324",
            "high": "4.327",
            "low": "4.324",
            "close": "4.329"
        },
        {
            "time": "05.11.2020 18:59",
            "open": "4.329",
            "high": "4.332",
            "low": "4.329",
            "close": "4.327"
        },
        {
            "time": "05.11.2020 19:04",
            "open": "4.327",
            "high": "4.327",
            "low": "4.327",
            "close": "4.322"
        },
        {
            "time": "05.11.2020 19:05",
            "open": "4.322",
            "high": "4.322",
            "low": "4.322",
            "close": "4.309"
        },
        {
            "time": "05.11.2020 19:07",
            "open": "4.309",
            "high": "4.309",
            "low": "4.308",
            "close": "4.319"
        },
        {
            "time": "05.11.2020 19:08",
            "open": "4.319",
            "high": "4.32",
            "low": "4.319",
            "close": "4.302"
        },
        {
            "time": "05.11.2020 19:11",
            "open": "4.302",
            "high": "4.302",
            "low": "4.302",
            "close": "4.31"
        },
        {
            "time": "05.11.2020 19:12",
            "open": "4.31",
            "high": "4.31",
            "low": "4.31",
            "close": "4.309"
        },
        {
            "time": "05.11.2020 19:14",
            "open": "4.309",
            "high": "4.309",
            "low": "4.309",
            "close": "4.307"
        },
        {
            "time": "05.11.2020 19:17",
            "open": "4.307",
            "high": "4.307",
            "low": "4.307",
            "close": "4.303"
        },
        {
            "time": "05.11.2020 19:18",
            "open": "4.303",
            "high": "4.303",
            "low": "4.303",
            "close": "4.301"
        },
        {
            "time": "05.11.2020 19:19",
            "open": "4.301",
            "high": "4.301",
            "low": "4.301",
            "close": "4.303"
        },
        {
            "time": "05.11.2020 19:21",
            "open": "4.303",
            "high": "4.303",
            "low": "4.303",
            "close": "4.31"
        },
        {
            "time": "05.11.2020 19:24",
            "open": "4.31",
            "high": "4.31",
            "low": "4.31",
            "close": "4.311"
        },
        {
            "time": "05.11.2020 19:25",
            "open": "4.311",
            "high": "4.327",
            "low": "4.311",
            "close": "4.307"
        },
        {
            "time": "05.11.2020 19:27",
            "open": "4.307",
            "high": "4.332",
            "low": "4.307",
            "close": "4.307"
        },
        {
            "time": "05.11.2020 19:32",
            "open": "4.307",
            "high": "4.307",
            "low": "4.307",
            "close": "4.304"
        },
        {
            "time": "05.11.2020 19:33",
            "open": "4.304",
            "high": "4.306",
            "low": "4.303",
            "close": "4.312"
        },
        {
            "time": "05.11.2020 19:34",
            "open": "4.312",
            "high": "4.312",
            "low": "4.312",
            "close": "4.321"
        },
        {
            "time": "05.11.2020 19:36",
            "open": "4.321",
            "high": "4.321",
            "low": "4.321",
            "close": "4.3"
        },
        {
            "time": "05.11.2020 19:38",
            "open": "4.3",
            "high": "4.3",
            "low": "4.3",
            "close": "4.3"
        },
        {
            "time": "05.11.2020 19:39",
            "open": "4.3",
            "high": "4.302",
            "low": "4.3",
            "close": "4.298"
        },
        {
            "time": "05.11.2020 19:44",
            "open": "4.298",
            "high": "4.299",
            "low": "4.298",
            "close": "4.297"
        },
        {
            "time": "05.11.2020 19:45",
            "open": "4.297",
            "high": "4.297",
            "low": "4.29",
            "close": "4.293"
        },
        {
            "time": "05.11.2020 19:48",
            "open": "4.293",
            "high": "4.294",
            "low": "4.293",
            "close": "4.295"
        },
        {
            "time": "05.11.2020 19:57",
            "open": "4.295",
            "high": "4.295",
            "low": "4.295",
            "close": "4.296"
        },
        {
            "time": "05.11.2020 19:59",
            "open": "4.296",
            "high": "4.296",
            "low": "4.296",
            "close": "4.291"
        },
        {
            "time": "05.11.2020 20:02",
            "open": "4.291",
            "high": "4.291",
            "low": "4.288",
            "close": "4.295"
        },
        {
            "time": "05.11.2020 20:28",
            "open": "4.295",
            "high": "4.295",
            "low": "4.295",
            "close": "4.305"
        },
        {
            "time": "05.11.2020 20:38",
            "open": "4.305",
            "high": "4.46",
            "low": "4.3",
            "close": "4.299"
        },
        {
            "time": "05.11.2020 20:39",
            "open": "4.299",
            "high": "4.299",
            "low": "4.297",
            "close": "4.298"
        },
        {
            "time": "05.11.2020 20:55",
            "open": "4.298",
            "high": "4.298",
            "low": "4.298",
            "close": "4.297"
        },
        {
            "time": "05.11.2020 20:56",
            "open": "4.297",
            "high": "4.297",
            "low": "4.289",
            "close": "4.296"
        },
        {
            "time": "05.11.2020 20:57",
            "open": "4.296",
            "high": "4.305",
            "low": "4.296",
            "close": "4.298"
        },
        {
            "time": "05.11.2020 21:00",
            "open": "4.298",
            "high": "4.299",
            "low": "4.298",
            "close": "4.297"
        },
        {
            "time": "05.11.2020 21:03",
            "open": "4.297",
            "high": "4.297",
            "low": "4.297",
            "close": "4.287"
        },
        {
            "time": "05.11.2020 21:07",
            "open": "4.287",
            "high": "4.287",
            "low": "4.284",
            "close": "4.286"
        },
        {
            "time": "05.11.2020 21:09",
            "open": "4.286",
            "high": "4.286",
            "low": "4.286",
            "close": "4.289"
        },
        {
            "time": "05.11.2020 21:10",
            "open": "4.291",
            "high": "4.291",
            "low": "4.291",
            "close": "4.291"
        },
        {
            "time": "05.11.2020 21:13",
            "open": "4.291",
            "high": "4.291",
            "low": "4.285",
            "close": "4.291"
        },
        {
            "time": "05.11.2020 21:15",
            "open": "4.291",
            "high": "4.291",
            "low": "4.291",
            "close": "4.295"
        },
        {
            "time": "05.11.2020 21:16",
            "open": "4.295",
            "high": "4.295",
            "low": "4.293",
            "close": "4.287"
        },
        {
            "time": "05.11.2020 21:20",
            "open": "4.287",
            "high": "4.287",
            "low": "4.285",
            "close": "4.298"
        },
        {
            "time": "05.11.2020 21:21",
            "open": "4.298",
            "high": "4.299",
            "low": "4.298",
            "close": "4.294"
        },
        {
            "time": "05.11.2020 21:24",
            "open": "4.294",
            "high": "4.294",
            "low": "4.294",
            "close": "4.289"
        },
        {
            "time": "05.11.2020 21:25",
            "open": "4.289",
            "high": "4.289",
            "low": "4.289",
            "close": "4.289"
        },
        {
            "time": "05.11.2020 21:28",
            "open": "4.289",
            "high": "4.289",
            "low": "4.286",
            "close": "4.287"
        },
        {
            "time": "05.11.2020 21:31",
            "open": "4.287",
            "high": "4.291",
            "low": "4.287",
            "close": "4.287"
        },
        {
            "time": "05.11.2020 21:36",
            "open": "4.287",
            "high": "4.287",
            "low": "4.283",
            "close": "4.287"
        },
        {
            "time": "05.11.2020 21:41",
            "open": "4.287",
            "high": "4.287",
            "low": "4.286",
            "close": "4.287"
        },
        {
            "time": "05.11.2020 21:50",
            "open": "4.287",
            "high": "4.287",
            "low": "4.286",
            "close": "4.293"
        },
        {
            "time": "05.11.2020 21:51",
            "open": "4.293",
            "high": "4.294",
            "low": "4.293",
            "close": "4.288"
        },
        {
            "time": "05.11.2020 22:01",
            "open": "4.288",
            "high": "4.289",
            "low": "4.288",
            "close": "4.289"
        },
        {
            "time": "05.11.2020 22:02",
            "open": "4.289",
            "high": "4.289",
            "low": "4.289",
            "close": "4.289"
        },
        {
            "time": "05.11.2020 22:03",
            "open": "4.289",
            "high": "4.289",
            "low": "4.289",
            "close": "4.287"
        },
        {
            "time": "05.11.2020 22:04",
            "open": "4.287",
            "high": "4.287",
            "low": "4.287",
            "close": "4.287"
        },
        {
            "time": "05.11.2020 22:05",
            "open": "4.287",
            "high": "4.287",
            "low": "4.287",
            "close": "4.287"
        },
        {
            "time": "05.11.2020 22:07",
            "open": "4.287",
            "high": "4.287",
            "low": "4.285",
            "close": "4.289"
        },
        {
            "time": "05.11.2020 22:10",
            "open": "4.289",
            "high": "4.291",
            "low": "4.289",
            "close": "4.284"
        },
        {
            "time": "05.11.2020 22:12",
            "open": "4.284",
            "high": "4.284",
            "low": "4.282",
            "close": "4.281"
        },
        {
            "time": "05.11.2020 22:13",
            "open": "4.281",
            "high": "4.291",
            "low": "4.281",
            "close": "4.289"
        },
        {
            "time": "05.11.2020 22:14",
            "open": "4.289",
            "high": "4.289",
            "low": "4.289",
            "close": "4.281"
        },
        {
            "time": "05.11.2020 22:15",
            "open": "4.281",
            "high": "4.281",
            "low": "4.281",
            "close": "4.282"
        },
        {
            "time": "05.11.2020 22:16",
            "open": "4.282",
            "high": "4.282",
            "low": "4.282",
            "close": "4.281"
        },
        {
            "time": "05.11.2020 22:20",
            "open": "4.281",
            "high": "4.283",
            "low": "4.28",
            "close": "4.282"
        },
        {
            "time": "05.11.2020 22:21",
            "open": "4.282",
            "high": "4.282",
            "low": "4.28",
            "close": "4.279"
        },
        {
            "time": "05.11.2020 22:22",
            "open": "4.279",
            "high": "4.28",
            "low": "4.278",
            "close": "4.278"
        },
        {
            "time": "05.11.2020 22:23",
            "open": "4.278",
            "high": "4.278",
            "low": "4.278",
            "close": "4.286"
        },
        {
            "time": "05.11.2020 22:24",
            "open": "4.286",
            "high": "4.286",
            "low": "4.276",
            "close": "4.291"
        },
        {
            "time": "05.11.2020 22:25",
            "open": "4.291",
            "high": "4.291",
            "low": "4.291",
            "close": "4.283"
        },
        {
            "time": "05.11.2020 22:26",
            "open": "4.283",
            "high": "4.283",
            "low": "4.283",
            "close": "4.279"
        },
        {
            "time": "05.11.2020 22:27",
            "open": "4.279",
            "high": "4.279",
            "low": "4.278",
            "close": "4.284"
        },
        {
            "time": "05.11.2020 22:28",
            "open": "4.284",
            "high": "4.285",
            "low": "4.284",
            "close": "4.288"
        },
        {
            "time": "05.11.2020 22:30",
            "open": "4.288",
            "high": "4.288",
            "low": "4.288",
            "close": "4.283"
        },
        {
            "time": "05.11.2020 22:32",
            "open": "4.283",
            "high": "4.283",
            "low": "4.283",
            "close": "4.272"
        },
        {
            "time": "05.11.2020 22:39",
            "open": "4.272",
            "high": "4.272",
            "low": "4.272",
            "close": "4.277"
        },
        {
            "time": "05.11.2020 22:40",
            "open": "4.277",
            "high": "4.277",
            "low": "4.274",
            "close": "4.275"
        },
        {
            "time": "05.11.2020 22:41",
            "open": "4.275",
            "high": "4.275",
            "low": "4.27",
            "close": "4.276"
        },
        {
            "time": "05.11.2020 22:42",
            "open": "4.276",
            "high": "4.276",
            "low": "4.272",
            "close": "4.27"
        },
        {
            "time": "05.11.2020 22:43",
            "open": "4.27",
            "high": "4.272",
            "low": "4.27",
            "close": "4.278"
        },
        {
            "time": "05.11.2020 22:44",
            "open": "4.278",
            "high": "4.279",
            "low": "4.275",
            "close": "4.275"
        },
        {
            "time": "05.11.2020 22:45",
            "open": "4.275",
            "high": "4.277",
            "low": "4.275",
            "close": "4.273"
        },
        {
            "time": "05.11.2020 22:46",
            "open": "4.273",
            "high": "4.273",
            "low": "4.272",
            "close": "4.27"
        },
        {
            "time": "05.11.2020 22:47",
            "open": "4.27",
            "high": "4.271",
            "low": "4.268",
            "close": "4.268"
        },
        {
            "time": "05.11.2020 22:48",
            "open": "4.268",
            "high": "4.273",
            "low": "4.268",
            "close": "4.269"
        },
        {
            "time": "05.11.2020 22:49",
            "open": "4.269",
            "high": "4.269",
            "low": "4.268",
            "close": "4.269"
        },
        {
            "time": "05.11.2020 22:50",
            "open": "4.269",
            "high": "4.269",
            "low": "4.269",
            "close": "4.265"
        },
        {
            "time": "05.11.2020 22:51",
            "open": "4.265",
            "high": "4.265",
            "low": "4.265",
            "close": "4.264"
        },
        {
            "time": "05.11.2020 22:53",
            "open": "4.264",
            "high": "4.267",
            "low": "4.264",
            "close": "4.265"
        },
        {
            "time": "05.11.2020 22:54",
            "open": "4.265",
            "high": "4.265",
            "low": "4.265",
            "close": "4.265"
        },
        {
            "time": "05.11.2020 22:55",
            "open": "4.265",
            "high": "4.265",
            "low": "4.265",
            "close": "4.263"
        },
        {
            "time": "05.11.2020 22:56",
            "open": "4.263",
            "high": "4.264",
            "low": "4.263",
            "close": "4.263"
        },
        {
            "time": "05.11.2020 22:57",
            "open": "4.263",
            "high": "4.263",
            "low": "4.259",
            "close": "4.265"
        },
        {
            "time": "05.11.2020 22:58",
            "open": "4.265",
            "high": "4.265",
            "low": "4.264",
            "close": "4.263"
        },
        {
            "time": "05.11.2020 22:59",
            "open": "4.263",
            "high": "4.268",
            "low": "4.263",
            "close": "4.265"
        },
        {
            "time": "05.11.2020 23:00",
            "open": "4.265",
            "high": "4.265",
            "low": "4.265",
            "close": "4.262"
        },
        {
            "time": "05.11.2020 23:01",
            "open": "4.262",
            "high": "4.264",
            "low": "4.262",
            "close": "4.265"
        },
        {
            "time": "05.11.2020 23:02",
            "open": "4.265",
            "high": "4.268",
            "low": "4.264",
            "close": "4.269"
        },
        {
            "time": "05.11.2020 23:03",
            "open": "4.269",
            "high": "4.277",
            "low": "4.269",
            "close": "4.27"
        },
        {
            "time": "05.11.2020 23:06",
            "open": "4.27",
            "high": "4.27",
            "low": "4.27",
            "close": "4.271"
        },
        {
            "time": "05.11.2020 23:07",
            "open": "4.271",
            "high": "4.28",
            "low": "4.271",
            "close": "4.268"
        },
        {
            "time": "05.11.2020 23:08",
            "open": "4.268",
            "high": "4.268",
            "low": "4.268",
            "close": "4.257"
        },
        {
            "time": "05.11.2020 23:20",
            "open": "4.257",
            "high": "4.265",
            "low": "4.257",
            "close": "4.279"
        },
        {
            "time": "05.11.2020 23:23",
            "open": "4.279",
            "high": "4.286",
            "low": "4.27",
            "close": "4.274"
        },
        {
            "time": "05.11.2020 23:24",
            "open": "4.274",
            "high": "4.276",
            "low": "4.274",
            "close": "4.269"
        },
        {
            "time": "05.11.2020 23:25",
            "open": "4.269",
            "high": "4.269",
            "low": "4.269",
            "close": "4.271"
        },
        {
            "time": "05.11.2020 23:28",
            "open": "4.271",
            "high": "4.275",
            "low": "4.271",
            "close": "4.277"
        },
        {
            "time": "05.11.2020 23:29",
            "open": "4.277",
            "high": "4.279",
            "low": "4.277",
            "close": "4.274"
        },
        {
            "time": "05.11.2020 23:32",
            "open": "4.274",
            "high": "4.274",
            "low": "4.274",
            "close": "4.28"
        },
        {
            "time": "05.11.2020 23:33",
            "open": "4.28",
            "high": "4.28",
            "low": "4.28",
            "close": "4.283"
        },
        {
            "time": "05.11.2020 23:35",
            "open": "4.283",
            "high": "4.283",
            "low": "4.283",
            "close": "4.285"
        },
        {
            "time": "05.11.2020 23:37",
            "open": "4.285",
            "high": "4.285",
            "low": "4.283",
            "close": "4.286"
        },
        {
            "time": "05.11.2020 23:38",
            "open": "4.286",
            "high": "4.286",
            "low": "4.286",
            "close": "4.282"
        },
        {
            "time": "05.11.2020 23:39",
            "open": "4.282",
            "high": "4.287",
            "low": "4.281",
            "close": "4.281"
        },
        {
            "time": "05.11.2020 23:41",
            "open": "4.281",
            "high": "4.282",
            "low": "4.28",
            "close": "4.289"
        },
        {
            "time": "05.11.2020 23:42",
            "open": "4.289",
            "high": "4.289",
            "low": "4.289",
            "close": "4.291"
        },
        {
            "time": "05.11.2020 23:43",
            "open": "4.291",
            "high": "4.291",
            "low": "4.291",
            "close": "4.299"
        },
        {
            "time": "05.11.2020 23:45",
            "open": "4.299",
            "high": "4.479",
            "low": "4.299",
            "close": "4.305"
        },
        {
            "time": "05.11.2020 23:46",
            "open": "4.305",
            "high": "4.305",
            "low": "4.299",
            "close": "4.301"
        },
        {
            "time": "05.11.2020 23:47",
            "open": "4.301",
            "high": "4.304",
            "low": "4.301",
            "close": "4.297"
        },
        {
            "time": "05.11.2020 23:51",
            "open": "4.297",
            "high": "4.297",
            "low": "4.292",
            "close": "4.289"
        },
        {
            "time": "05.11.2020 23:52",
            "open": "4.289",
            "high": "4.295",
            "low": "4.289",
            "close": "4.295"
        },
        {
            "time": "05.11.2020 23:53",
            "open": "4.295",
            "high": "4.295",
            "low": "4.295",
            "close": "4.296"
        },
        {
            "time": "05.11.2020 23:55",
            "open": "4.296",
            "high": "4.297",
            "low": "4.293",
            "close": "4.293"
        },
        {
            "time": "05.11.2020 23:58",
            "open": "4.293",
            "high": "4.298",
            "low": "4.293",
            "close": "4.293"
        }
    ]
}