{
    "ETC-EUR": [
        {
            "time": "13.11.2020 23:50",
            "open": "4.348",
            "high": "4.348",
            "low": "4.348",
            "close": "4.348"
        },
        {
            "time": "14.11.2020 00:06",
            "open": "4.348",
            "high": "4.348",
            "low": "4.348",
            "close": "4.348"
        },
        {
            "time": "14.11.2020 00:07",
            "open": "4.348",
            "high": "4.35",
            "low": "4.348",
            "close": "4.344"
        },
        {
            "time": "14.11.2020 00:08",
            "open": "4.344",
            "high": "4.344",
            "low": "4.341",
            "close": "4.342"
        },
        {
            "time": "14.11.2020 00:10",
            "open": "4.342",
            "high": "4.349",
            "low": "4.342",
            "close": "4.357"
        },
        {
            "time": "14.11.2020 00:12",
            "open": "4.357",
            "high": "4.357",
            "low": "4.357",
            "close": "4.35"
        },
        {
            "time": "14.11.2020 00:13",
            "open": "4.35",
            "high": "4.35",
            "low": "4.35",
            "close": "4.351"
        },
        {
            "time": "14.11.2020 00:14",
            "open": "4.351",
            "high": "4.351",
            "low": "4.351",
            "close": "4.35"
        },
        {
            "time": "14.11.2020 00:15",
            "open": "4.35",
            "high": "4.353",
            "low": "4.35",
            "close": "4.351"
        },
        {
            "time": "14.11.2020 00:18",
            "open": "4.351",
            "high": "4.352",
            "low": "4.351",
            "close": "4.36"
        },
        {
            "time": "14.11.2020 00:19",
            "open": "4.36",
            "high": "4.36",
            "low": "4.36",
            "close": "4.352"
        },
        {
            "time": "14.11.2020 00:20",
            "open": "4.352",
            "high": "4.352",
            "low": "4.352",
            "close": "4.363"
        },
        {
            "time": "14.11.2020 00:25",
            "open": "4.363",
            "high": "4.363",
            "low": "4.363",
            "close": "4.361"
        },
        {
            "time": "14.11.2020 00:26",
            "open": "4.361",
            "high": "4.361",
            "low": "4.361",
            "close": "4.362"
        },
        {
            "time": "14.11.2020 00:31",
            "open": "4.362",
            "high": "4.364",
            "low": "4.362",
            "close": "4.363"
        },
        {
            "time": "14.11.2020 00:32",
            "open": "4.363",
            "high": "4.363",
            "low": "4.363",
            "close": "4.364"
        },
        {
            "time": "14.11.2020 00:38",
            "open": "4.364",
            "high": "4.364",
            "low": "4.364",
            "close": "4.352"
        },
        {
            "time": "14.11.2020 00:42",
            "open": "4.352",
            "high": "4.352",
            "low": "4.352",
            "close": "4.353"
        },
        {
            "time": "14.11.2020 00:43",
            "open": "4.353",
            "high": "4.357",
            "low": "4.353",
            "close": "4.354"
        },
        {
            "time": "14.11.2020 00:44",
            "open": "4.354",
            "high": "4.354",
            "low": "4.352",
            "close": "4.355"
        },
        {
            "time": "14.11.2020 00:46",
            "open": "4.355",
            "high": "4.356",
            "low": "4.355",
            "close": "4.354"
        },
        {
            "time": "14.11.2020 00:48",
            "open": "4.354",
            "high": "4.354",
            "low": "4.354",
            "close": "4.359"
        },
        {
            "time": "14.11.2020 00:53",
            "open": "4.359",
            "high": "4.359",
            "low": "4.359",
            "close": "4.361"
        },
        {
            "time": "14.11.2020 01:05",
            "open": "4.361",
            "high": "4.361",
            "low": "4.36",
            "close": "4.354"
        },
        {
            "time": "14.11.2020 01:06",
            "open": "4.354",
            "high": "4.354",
            "low": "4.354",
            "close": "4.359"
        },
        {
            "time": "14.11.2020 01:07",
            "open": "4.359",
            "high": "4.362",
            "low": "4.359",
            "close": "4.351"
        },
        {
            "time": "14.11.2020 01:09",
            "open": "4.351",
            "high": "4.351",
            "low": "4.351",
            "close": "4.351"
        },
        {
            "time": "14.11.2020 01:13",
            "open": "4.351",
            "high": "4.351",
            "low": "4.351",
            "close": "4.345"
        },
        {
            "time": "14.11.2020 01:14",
            "open": "4.345",
            "high": "4.356",
            "low": "4.345",
            "close": "4.353"
        },
        {
            "time": "14.11.2020 01:15",
            "open": "4.353",
            "high": "4.354",
            "low": "4.353",
            "close": "4.34"
        },
        {
            "time": "14.11.2020 01:28",
            "open": "4.34",
            "high": "4.341",
            "low": "4.34",
            "close": "4.34"
        },
        {
            "time": "14.11.2020 01:31",
            "open": "4.34",
            "high": "4.34",
            "low": "4.34",
            "close": "4.353"
        },
        {
            "time": "14.11.2020 01:36",
            "open": "4.353",
            "high": "4.355",
            "low": "4.353",
            "close": "4.356"
        },
        {
            "time": "14.11.2020 01:37",
            "open": "4.356",
            "high": "4.356",
            "low": "4.356",
            "close": "4.357"
        },
        {
            "time": "14.11.2020 01:38",
            "open": "4.357",
            "high": "4.357",
            "low": "4.357",
            "close": "4.364"
        },
        {
            "time": "14.11.2020 01:39",
            "open": "4.364",
            "high": "4.364",
            "low": "4.364",
            "close": "4.36"
        },
        {
            "time": "14.11.2020 01:42",
            "open": "4.36",
            "high": "4.361",
            "low": "4.36",
            "close": "4.356"
        },
        {
            "time": "14.11.2020 01:44",
            "open": "4.356",
            "high": "4.356",
            "low": "4.355",
            "close": "4.362"
        },
        {
            "time": "14.11.2020 01:55",
            "open": "4.362",
            "high": "4.363",
            "low": "4.362",
            "close": "4.349"
        },
        {
            "time": "14.11.2020 02:06",
            "open": "4.349",
            "high": "4.349",
            "low": "4.349",
            "close": "4.347"
        },
        {
            "time": "14.11.2020 02:11",
            "open": "4.347",
            "high": "4.347",
            "low": "4.347",
            "close": "4.338"
        },
        {
            "time": "14.11.2020 02:14",
            "open": "4.338",
            "high": "4.338",
            "low": "4.337",
            "close": "4.337"
        },
        {
            "time": "14.11.2020 02:18",
            "open": "4.337",
            "high": "4.337",
            "low": "4.337",
            "close": "4.347"
        },
        {
            "time": "14.11.2020 02:24",
            "open": "4.347",
            "high": "4.347",
            "low": "4.347",
            "close": "4.343"
        },
        {
            "time": "14.11.2020 02:33",
            "open": "4.343",
            "high": "4.343",
            "low": "4.343",
            "close": "4.342"
        },
        {
            "time": "14.11.2020 02:35",
            "open": "4.342",
            "high": "4.342",
            "low": "4.339",
            "close": "4.342"
        },
        {
            "time": "14.11.2020 02:38",
            "open": "4.342",
            "high": "4.342",
            "low": "4.342",
            "close": "4.349"
        },
        {
            "time": "14.11.2020 02:40",
            "open": "4.349",
            "high": "4.349",
            "low": "4.349",
            "close": "4.348"
        },
        {
            "time": "14.11.2020 02:43",
            "open": "4.348",
            "high": "4.348",
            "low": "4.346",
            "close": "4.359"
        },
        {
            "time": "14.11.2020 03:12",
            "open": "4.359",
            "high": "4.361",
            "low": "4.359",
            "close": "4.36"
        },
        {
            "time": "14.11.2020 03:14",
            "open": "4.36",
            "high": "4.36",
            "low": "4.36",
            "close": "4.372"
        },
        {
            "time": "14.11.2020 03:32",
            "open": "4.372",
            "high": "4.372",
            "low": "4.372",
            "close": "4.38"
        },
        {
            "time": "14.11.2020 03:37",
            "open": "4.38",
            "high": "4.382",
            "low": "4.38",
            "close": "4.398"
        },
        {
            "time": "14.11.2020 03:38",
            "open": "4.398",
            "high": "4.4",
            "low": "4.384",
            "close": "4.386"
        },
        {
            "time": "14.11.2020 03:40",
            "open": "4.386",
            "high": "4.392",
            "low": "4.386",
            "close": "4.389"
        },
        {
            "time": "14.11.2020 03:42",
            "open": "4.389",
            "high": "4.389",
            "low": "4.389",
            "close": "4.384"
        },
        {
            "time": "14.11.2020 03:43",
            "open": "4.384",
            "high": "4.384",
            "low": "4.384",
            "close": "4.385"
        },
        {
            "time": "14.11.2020 03:44",
            "open": "4.385",
            "high": "4.385",
            "low": "4.385",
            "close": "4.378"
        },
        {
            "time": "14.11.2020 03:47",
            "open": "4.378",
            "high": "4.383",
            "low": "4.37",
            "close": "4.382"
        },
        {
            "time": "14.11.2020 03:52",
            "open": "4.382",
            "high": "4.389",
            "low": "4.375",
            "close": "4.376"
        },
        {
            "time": "14.11.2020 03:53",
            "open": "4.376",
            "high": "4.377",
            "low": "4.376",
            "close": "4.375"
        },
        {
            "time": "14.11.2020 03:58",
            "open": "4.375",
            "high": "4.375",
            "low": "4.375",
            "close": "4.385"
        },
        {
            "time": "14.11.2020 04:04",
            "open": "4.385",
            "high": "4.385",
            "low": "4.385",
            "close": "4.393"
        },
        {
            "time": "14.11.2020 04:33",
            "open": "4.393",
            "high": "4.393",
            "low": "4.392",
            "close": "4.383"
        },
        {
            "time": "14.11.2020 05:01",
            "open": "4.383",
            "high": "4.383",
            "low": "4.383",
            "close": "4.364"
        },
        {
            "time": "14.11.2020 05:10",
            "open": "4.364",
            "high": "4.364",
            "low": "4.364",
            "close": "4.359"
        },
        {
            "time": "14.11.2020 05:11",
            "open": "4.359",
            "high": "4.359",
            "low": "4.359",
            "close": "4.36"
        },
        {
            "time": "14.11.2020 05:12",
            "open": "4.36",
            "high": "4.36",
            "low": "4.36",
            "close": "4.36"
        },
        {
            "time": "14.11.2020 05:20",
            "open": "4.36",
            "high": "4.36",
            "low": "4.36",
            "close": "4.352"
        },
        {
            "time": "14.11.2020 05:42",
            "open": "4.352",
            "high": "4.352",
            "low": "4.352",
            "close": "4.342"
        },
        {
            "time": "14.11.2020 05:50",
            "open": "4.342",
            "high": "4.342",
            "low": "4.342",
            "close": "4.339"
        },
        {
            "time": "14.11.2020 05:52",
            "open": "4.339",
            "high": "4.339",
            "low": "4.339",
            "close": "4.338"
        },
        {
            "time": "14.11.2020 06:02",
            "open": "4.338",
            "high": "4.338",
            "low": "4.338",
            "close": "4.338"
        },
        {
            "time": "14.11.2020 06:03",
            "open": "4.338",
            "high": "4.338",
            "low": "4.338",
            "close": "4.337"
        },
        {
            "time": "14.11.2020 06:05",
            "open": "4.337",
            "high": "4.337",
            "low": "4.337",
            "close": "4.338"
        },
        {
            "time": "14.11.2020 06:06",
            "open": "4.338",
            "high": "4.338",
            "low": "4.338",
            "close": "4.337"
        },
        {
            "time": "14.11.2020 06:10",
            "open": "4.337",
            "high": "4.337",
            "low": "4.337",
            "close": "4.338"
        },
        {
            "time": "14.11.2020 06:17",
            "open": "4.338",
            "high": "4.338",
            "low": "4.338",
            "close": "4.345"
        },
        {
            "time": "14.11.2020 06:18",
            "open": "4.345",
            "high": "4.345",
            "low": "4.344",
            "close": "4.338"
        },
        {
            "time": "14.11.2020 06:22",
            "open": "4.338",
            "high": "4.338",
            "low": "4.338",
            "close": "4.349"
        },
        {
            "time": "14.11.2020 06:24",
            "open": "4.349",
            "high": "4.349",
            "low": "4.349",
            "close": "4.342"
        },
        {
            "time": "14.11.2020 06:25",
            "open": "4.342",
            "high": "4.344",
            "low": "4.342",
            "close": "4.35"
        },
        {
            "time": "14.11.2020 06:30",
            "open": "4.35",
            "high": "4.35",
            "low": "4.35",
            "close": "4.349"
        },
        {
            "time": "14.11.2020 06:31",
            "open": "4.349",
            "high": "4.349",
            "low": "4.349",
            "close": "4.352"
        },
        {
            "time": "14.11.2020 06:37",
            "open": "4.352",
            "high": "4.352",
            "low": "4.352",
            "close": "4.352"
        },
        {
            "time": "14.11.2020 06:38",
            "open": "4.352",
            "high": "4.352",
            "low": "4.352",
            "close": "4.351"
        },
        {
            "time": "14.11.2020 06:41",
            "open": "4.351",
            "high": "4.351",
            "low": "4.35",
            "close": "4.351"
        },
        {
            "time": "14.11.2020 06:43",
            "open": "4.351",
            "high": "4.352",
            "low": "4.351",
            "close": "4.35"
        },
        {
            "time": "14.11.2020 06:49",
            "open": "4.35",
            "high": "4.351",
            "low": "4.35",
            "close": "4.348"
        },
        {
            "time": "14.11.2020 06:55",
            "open": "4.348",
            "high": "4.349",
            "low": "4.348",
            "close": "4.352"
        },
        {
            "time": "14.11.2020 06:59",
            "open": "4.352",
            "high": "4.352",
            "low": "4.352",
            "close": "4.348"
        },
        {
            "time": "14.11.2020 07:13",
            "open": "4.348",
            "high": "4.348",
            "low": "4.348",
            "close": "4.352"
        },
        {
            "time": "14.11.2020 07:14",
            "open": "4.352",
            "high": "4.352",
            "low": "4.352",
            "close": "4.352"
        },
        {
            "time": "14.11.2020 07:16",
            "open": "4.352",
            "high": "4.352",
            "low": "4.352",
            "close": "4.352"
        },
        {
            "time": "14.11.2020 07:25",
            "open": "4.352",
            "high": "4.352",
            "low": "4.352",
            "close": "4.352"
        },
        {
            "time": "14.11.2020 07:30",
            "open": "4.352",
            "high": "4.352",
            "low": "4.352",
            "close": "4.352"
        },
        {
            "time": "14.11.2020 07:32",
            "open": "4.352",
            "high": "4.352",
            "low": "4.352",
            "close": "4.352"
        },
        {
            "time": "14.11.2020 07:33",
            "open": "4.352",
            "high": "4.352",
            "low": "4.352",
            "close": "4.356"
        },
        {
            "time": "14.11.2020 07:37",
            "open": "4.356",
            "high": "4.356",
            "low": "4.356",
            "close": "4.369"
        },
        {
            "time": "14.11.2020 07:40",
            "open": "4.369",
            "high": "4.369",
            "low": "4.369",
            "close": "4.353"
        },
        {
            "time": "14.11.2020 08:03",
            "open": "4.353",
            "high": "4.353",
            "low": "4.353",
            "close": "4.34"
        },
        {
            "time": "14.11.2020 08:17",
            "open": "4.34",
            "high": "4.342",
            "low": "4.34",
            "close": "4.339"
        },
        {
            "time": "14.11.2020 08:21",
            "open": "4.339",
            "high": "4.339",
            "low": "4.339",
            "close": "4.34"
        },
        {
            "time": "14.11.2020 08:26",
            "open": "4.34",
            "high": "4.344",
            "low": "4.34",
            "close": "4.345"
        },
        {
            "time": "14.11.2020 08:28",
            "open": "4.345",
            "high": "4.345",
            "low": "4.345",
            "close": "4.341"
        },
        {
            "time": "14.11.2020 08:30",
            "open": "4.341",
            "high": "4.341",
            "low": "4.341",
            "close": "4.34"
        },
        {
            "time": "14.11.2020 08:33",
            "open": "4.34",
            "high": "4.34",
            "low": "4.34",
            "close": "4.339"
        },
        {
            "time": "14.11.2020 08:35",
            "open": "4.339",
            "high": "4.339",
            "low": "4.339",
            "close": "4.339"
        },
        {
            "time": "14.11.2020 08:46",
            "open": "4.339",
            "high": "4.339",
            "low": "4.339",
            "close": "4.339"
        },
        {
            "time": "14.11.2020 08:48",
            "open": "4.339",
            "high": "4.339",
            "low": "4.339",
            "close": "4.339"
        },
        {
            "time": "14.11.2020 08:52",
            "open": "4.339",
            "high": "4.339",
            "low": "4.339",
            "close": "4.344"
        },
        {
            "time": "14.11.2020 08:56",
            "open": "4.344",
            "high": "4.349",
            "low": "4.344",
            "close": "4.347"
        },
        {
            "time": "14.11.2020 08:58",
            "open": "4.347",
            "high": "4.347",
            "low": "4.347",
            "close": "4.351"
        },
        {
            "time": "14.11.2020 09:05",
            "open": "4.351",
            "high": "4.351",
            "low": "4.351",
            "close": "4.339"
        },
        {
            "time": "14.11.2020 09:15",
            "open": "4.339",
            "high": "4.339",
            "low": "4.339",
            "close": "4.338"
        },
        {
            "time": "14.11.2020 09:16",
            "open": "4.338",
            "high": "4.338",
            "low": "4.338",
            "close": "4.338"
        },
        {
            "time": "14.11.2020 09:21",
            "open": "4.338",
            "high": "4.338",
            "low": "4.338",
            "close": "4.35"
        },
        {
            "time": "14.11.2020 09:29",
            "open": "4.35",
            "high": "4.35",
            "low": "4.35",
            "close": "4.347"
        },
        {
            "time": "14.11.2020 09:30",
            "open": "4.347",
            "high": "4.347",
            "low": "4.347",
            "close": "4.353"
        },
        {
            "time": "14.11.2020 09:31",
            "open": "4.353",
            "high": "4.353",
            "low": "4.353",
            "close": "4.361"
        },
        {
            "time": "14.11.2020 09:38",
            "open": "4.361",
            "high": "4.361",
            "low": "4.361",
            "close": "4.357"
        },
        {
            "time": "14.11.2020 09:47",
            "open": "4.357",
            "high": "4.357",
            "low": "4.356",
            "close": "4.357"
        },
        {
            "time": "14.11.2020 09:51",
            "open": "4.357",
            "high": "4.357",
            "low": "4.357",
            "close": "4.38"
        },
        {
            "time": "14.11.2020 09:59",
            "open": "4.38",
            "high": "4.38",
            "low": "4.36",
            "close": "4.38"
        },
        {
            "time": "14.11.2020 10:05",
            "open": "4.38",
            "high": "4.394",
            "low": "4.38",
            "close": "4.363"
        },
        {
            "time": "14.11.2020 10:08",
            "open": "4.363",
            "high": "4.363",
            "low": "4.362",
            "close": "4.361"
        },
        {
            "time": "14.11.2020 10:09",
            "open": "4.361",
            "high": "4.362",
            "low": "4.358",
            "close": "4.365"
        },
        {
            "time": "14.11.2020 10:13",
            "open": "4.365",
            "high": "4.365",
            "low": "4.365",
            "close": "4.369"
        },
        {
            "time": "14.11.2020 10:14",
            "open": "4.369",
            "high": "4.369",
            "low": "4.365",
            "close": "4.372"
        },
        {
            "time": "14.11.2020 10:16",
            "open": "4.372",
            "high": "4.372",
            "low": "4.372",
            "close": "4.374"
        },
        {
            "time": "14.11.2020 10:19",
            "open": "4.374",
            "high": "4.374",
            "low": "4.374",
            "close": "4.352"
        },
        {
            "time": "14.11.2020 10:30",
            "open": "4.352",
            "high": "4.353",
            "low": "4.351",
            "close": "4.345"
        },
        {
            "time": "14.11.2020 10:34",
            "open": "4.345",
            "high": "4.345",
            "low": "4.34",
            "close": "4.348"
        },
        {
            "time": "14.11.2020 10:40",
            "open": "4.348",
            "high": "4.348",
            "low": "4.348",
            "close": "4.347"
        },
        {
            "time": "14.11.2020 10:43",
            "open": "4.347",
            "high": "4.349",
            "low": "4.347",
            "close": "4.35"
        },
        {
            "time": "14.11.2020 10:45",
            "open": "4.35",
            "high": "4.35",
            "low": "4.35",
            "close": "4.35"
        },
        {
            "time": "14.11.2020 10:53",
            "open": "4.35",
            "high": "4.35",
            "low": "4.35",
            "close": "4.341"
        },
        {
            "time": "14.11.2020 10:55",
            "open": "4.341",
            "high": "4.341",
            "low": "4.34",
            "close": "4.338"
        },
        {
            "time": "14.11.2020 10:56",
            "open": "4.338",
            "high": "4.338",
            "low": "4.337",
            "close": "4.35"
        },
        {
            "time": "14.11.2020 11:03",
            "open": "4.35",
            "high": "4.35",
            "low": "4.35",
            "close": "4.351"
        },
        {
            "time": "14.11.2020 11:05",
            "open": "4.351",
            "high": "4.351",
            "low": "4.351",
            "close": "4.351"
        },
        {
            "time": "14.11.2020 11:09",
            "open": "4.351",
            "high": "4.354",
            "low": "4.351",
            "close": "4.354"
        },
        {
            "time": "14.11.2020 11:10",
            "open": "4.354",
            "high": "4.354",
            "low": "4.354",
            "close": "4.359"
        },
        {
            "time": "14.11.2020 11:20",
            "open": "4.359",
            "high": "4.359",
            "low": "4.359",
            "close": "4.368"
        },
        {
            "time": "14.11.2020 11:34",
            "open": "4.368",
            "high": "4.368",
            "low": "4.368",
            "close": "4.355"
        },
        {
            "time": "14.11.2020 12:02",
            "open": "4.355",
            "high": "4.355",
            "low": "4.355",
            "close": "4.358"
        },
        {
            "time": "14.11.2020 12:03",
            "open": "4.358",
            "high": "4.358",
            "low": "4.355",
            "close": "4.357"
        },
        {
            "time": "14.11.2020 12:04",
            "open": "4.357",
            "high": "4.357",
            "low": "4.357",
            "close": "4.365"
        },
        {
            "time": "14.11.2020 12:05",
            "open": "4.365",
            "high": "4.365",
            "low": "4.365",
            "close": "4.361"
        },
        {
            "time": "14.11.2020 12:06",
            "open": "4.361",
            "high": "4.361",
            "low": "4.361",
            "close": "4.359"
        },
        {
            "time": "14.11.2020 12:07",
            "open": "4.359",
            "high": "4.362",
            "low": "4.359",
            "close": "4.369"
        },
        {
            "time": "14.11.2020 12:09",
            "open": "4.369",
            "high": "4.37",
            "low": "4.369",
            "close": "4.36"
        },
        {
            "time": "14.11.2020 12:15",
            "open": "4.36",
            "high": "4.362",
            "low": "4.36",
            "close": "4.368"
        },
        {
            "time": "14.11.2020 12:19",
            "open": "4.368",
            "high": "4.368",
            "low": "4.368",
            "close": "4.362"
        },
        {
            "time": "14.11.2020 12:35",
            "open": "4.362",
            "high": "4.362",
            "low": "4.362",
            "close": "4.366"
        },
        {
            "time": "14.11.2020 12:44",
            "open": "4.366",
            "high": "4.366",
            "low": "4.366",
            "close": "4.376"
        },
        {
            "time": "14.11.2020 12:46",
            "open": "4.376",
            "high": "4.376",
            "low": "4.365",
            "close": "4.355"
        },
        {
            "time": "14.11.2020 12:48",
            "open": "4.355",
            "high": "4.355",
            "low": "4.355",
            "close": "4.365"
        },
        {
            "time": "14.11.2020 12:50",
            "open": "4.365",
            "high": "4.365",
            "low": "4.364",
            "close": "4.38"
        },
        {
            "time": "14.11.2020 12:51",
            "open": "4.38",
            "high": "4.38",
            "low": "4.38",
            "close": "4.367"
        },
        {
            "time": "14.11.2020 12:56",
            "open": "4.367",
            "high": "4.367",
            "low": "4.366",
            "close": "4.388"
        },
        {
            "time": "14.11.2020 12:57",
            "open": "4.388",
            "high": "4.388",
            "low": "4.388",
            "close": "4.362"
        },
        {
            "time": "14.11.2020 13:02",
            "open": "4.362",
            "high": "4.362",
            "low": "4.362",
            "close": "4.387"
        },
        {
            "time": "14.11.2020 13:04",
            "open": "4.387",
            "high": "4.388",
            "low": "4.387",
            "close": "4.366"
        },
        {
            "time": "14.11.2020 13:07",
            "open": "4.366",
            "high": "4.366",
            "low": "4.366",
            "close": "4.378"
        },
        {
            "time": "14.11.2020 13:20",
            "open": "4.378",
            "high": "4.378",
            "low": "4.378",
            "close": "4.39"
        },
        {
            "time": "14.11.2020 13:25",
            "open": "4.39",
            "high": "4.39",
            "low": "4.39",
            "close": "4.365"
        },
        {
            "time": "14.11.2020 13:27",
            "open": "4.365",
            "high": "4.365",
            "low": "4.363",
            "close": "4.362"
        },
        {
            "time": "14.11.2020 13:28",
            "open": "4.362",
            "high": "4.362",
            "low": "4.362",
            "close": "4.392"
        },
        {
            "time": "14.11.2020 13:32",
            "open": "4.392",
            "high": "4.392",
            "low": "4.392",
            "close": "4.372"
        },
        {
            "time": "14.11.2020 13:41",
            "open": "4.372",
            "high": "4.372",
            "low": "4.372",
            "close": "4.371"
        },
        {
            "time": "14.11.2020 13:48",
            "open": "4.371",
            "high": "4.371",
            "low": "4.37",
            "close": "4.358"
        },
        {
            "time": "14.11.2020 13:50",
            "open": "4.358",
            "high": "4.358",
            "low": "4.358",
            "close": "4.37"
        },
        {
            "time": "14.11.2020 13:53",
            "open": "4.37",
            "high": "4.371",
            "low": "4.37",
            "close": "4.377"
        },
        {
            "time": "14.11.2020 14:02",
            "open": "4.377",
            "high": "4.377",
            "low": "4.377",
            "close": "4.371"
        },
        {
            "time": "14.11.2020 14:04",
            "open": "4.371",
            "high": "4.377",
            "low": "4.371",
            "close": "4.378"
        },
        {
            "time": "14.11.2020 14:07",
            "open": "4.378",
            "high": "4.378",
            "low": "4.378",
            "close": "4.378"
        },
        {
            "time": "14.11.2020 14:08",
            "open": "4.378",
            "high": "4.378",
            "low": "4.378",
            "close": "4.377"
        },
        {
            "time": "14.11.2020 14:19",
            "open": "4.377",
            "high": "4.377",
            "low": "4.367",
            "close": "4.362"
        },
        {
            "time": "14.11.2020 14:22",
            "open": "4.362",
            "high": "4.362",
            "low": "4.362",
            "close": "4.379"
        },
        {
            "time": "14.11.2020 14:25",
            "open": "4.379",
            "high": "4.38",
            "low": "4.379",
            "close": "4.371"
        },
        {
            "time": "14.11.2020 14:27",
            "open": "4.371",
            "high": "4.371",
            "low": "4.371",
            "close": "4.371"
        },
        {
            "time": "14.11.2020 14:30",
            "open": "4.371",
            "high": "4.371",
            "low": "4.371",
            "close": "4.361"
        },
        {
            "time": "14.11.2020 14:32",
            "open": "4.361",
            "high": "4.362",
            "low": "4.354",
            "close": "4.357"
        },
        {
            "time": "14.11.2020 14:36",
            "open": "4.357",
            "high": "4.357",
            "low": "4.357",
            "close": "4.358"
        },
        {
            "time": "14.11.2020 14:37",
            "open": "4.358",
            "high": "4.358",
            "low": "4.358",
            "close": "4.379"
        },
        {
            "time": "14.11.2020 14:40",
            "open": "4.379",
            "high": "4.383",
            "low": "4.379",
            "close": "4.362"
        },
        {
            "time": "14.11.2020 14:41",
            "open": "4.362",
            "high": "4.362",
            "low": "4.361",
            "close": "4.356"
        },
        {
            "time": "14.11.2020 14:43",
            "open": "4.356",
            "high": "4.356",
            "low": "4.356",
            "close": "4.357"
        },
        {
            "time": "14.11.2020 14:45",
            "open": "4.357",
            "high": "4.357",
            "low": "4.357",
            "close": "4.341"
        },
        {
            "time": "14.11.2020 14:47",
            "open": "4.341",
            "high": "4.341",
            "low": "4.341",
            "close": "4.356"
        },
        {
            "time": "14.11.2020 14:48",
            "open": "4.356",
            "high": "4.356",
            "low": "4.356",
            "close": "4.357"
        },
        {
            "time": "14.11.2020 14:49",
            "open": "4.357",
            "high": "4.357",
            "low": "4.357",
            "close": "4.357"
        },
        {
            "time": "14.11.2020 14:50",
            "open": "4.357",
            "high": "4.357",
            "low": "4.357",
            "close": "4.383"
        },
        {
            "time": "14.11.2020 14:52",
            "open": "4.383",
            "high": "4.383",
            "low": "4.383",
            "close": "4.357"
        },
        {
            "time": "14.11.2020 14:53",
            "open": "4.357",
            "high": "4.357",
            "low": "4.351",
            "close": "4.351"
        },
        {
            "time": "14.11.2020 14:54",
            "open": "4.351",
            "high": "4.352",
            "low": "4.351",
            "close": "4.378"
        },
        {
            "time": "14.11.2020 15:03",
            "open": "4.378",
            "high": "4.378",
            "low": "4.358",
            "close": "4.359"
        },
        {
            "time": "14.11.2020 15:04",
            "open": "4.359",
            "high": "4.379",
            "low": "4.357",
            "close": "4.353"
        },
        {
            "time": "14.11.2020 15:06",
            "open": "4.353",
            "high": "4.353",
            "low": "4.353",
            "close": "4.348"
        },
        {
            "time": "14.11.2020 15:20",
            "open": "4.348",
            "high": "4.349",
            "low": "4.348",
            "close": "4.343"
        },
        {
            "time": "14.11.2020 15:21",
            "open": "4.343",
            "high": "4.343",
            "low": "4.336",
            "close": "4.362"
        },
        {
            "time": "14.11.2020 15:26",
            "open": "4.362",
            "high": "4.362",
            "low": "4.362",
            "close": "4.36"
        },
        {
            "time": "14.11.2020 15:36",
            "open": "4.36",
            "high": "4.36",
            "low": "4.36",
            "close": "4.349"
        },
        {
            "time": "14.11.2020 15:45",
            "open": "4.349",
            "high": "4.353",
            "low": "4.349",
            "close": "4.358"
        },
        {
            "time": "14.11.2020 15:46",
            "open": "4.358",
            "high": "4.358",
            "low": "4.358",
            "close": "4.356"
        },
        {
            "time": "14.11.2020 15:51",
            "open": "4.356",
            "high": "4.36",
            "low": "4.356",
            "close": "4.355"
        },
        {
            "time": "14.11.2020 15:54",
            "open": "4.355",
            "high": "4.355",
            "low": "4.355",
            "close": "4.353"
        },
        {
            "time": "14.11.2020 15:55",
            "open": "4.353",
            "high": "4.355",
            "low": "4.353",
            "close": "4.357"
        },
        {
            "time": "14.11.2020 15:57",
            "open": "4.357",
            "high": "4.357",
            "low": "4.357",
            "close": "4.346"
        },
        {
            "time": "14.11.2020 15:58",
            "open": "4.346",
            "high": "4.346",
            "low": "4.346",
            "close": "4.345"
        },
        {
            "time": "14.11.2020 16:01",
            "open": "4.345",
            "high": "4.345",
            "low": "4.345",
            "close": "4.343"
        },
        {
            "time": "14.11.2020 16:16",
            "open": "4.343",
            "high": "4.343",
            "low": "4.343",
            "close": "4.345"
        },
        {
            "time": "14.11.2020 16:17",
            "open": "4.345",
            "high": "4.345",
            "low": "4.345",
            "close": "4.344"
        },
        {
            "time": "14.11.2020 16:19",
            "open": "4.344",
            "high": "4.344",
            "low": "4.344",
            "close": "4.346"
        },
        {
            "time": "14.11.2020 16:20",
            "open": "4.346",
            "high": "4.346",
            "low": "4.346",
            "close": "4.346"
        },
        {
            "time": "14.11.2020 16:28",
            "open": "4.346",
            "high": "4.346",
            "low": "4.346",
            "close": "4.346"
        },
        {
            "time": "14.11.2020 16:36",
            "open": "4.346",
            "high": "4.346",
            "low": "4.338",
            "close": "4.358"
        },
        {
            "time": "14.11.2020 16:53",
            "open": "4.358",
            "high": "4.36",
            "low": "4.358",
            "close": "4.361"
        },
        {
            "time": "14.11.2020 17:03",
            "open": "4.361",
            "high": "4.361",
            "low": "4.361",
            "close": "4.376"
        },
        {
            "time": "14.11.2020 17:06",
            "open": "4.376",
            "high": "4.376",
            "low": "4.344",
            "close": "4.355"
        },
        {
            "time": "14.11.2020 17:07",
            "open": "4.355",
            "high": "4.355",
            "low": "4.355",
            "close": "4.344"
        },
        {
            "time": "14.11.2020 17:21",
            "open": "4.344",
            "high": "4.344",
            "low": "4.344",
            "close": "4.338"
        },
        {
            "time": "14.11.2020 17:23",
            "open": "4.338",
            "high": "4.338",
            "low": "4.338",
            "close": "4.351"
        },
        {
            "time": "14.11.2020 17:30",
            "open": "4.351",
            "high": "4.351",
            "low": "4.344",
            "close": "4.343"
        },
        {
            "time": "14.11.2020 17:31",
            "open": "4.343",
            "high": "4.343",
            "low": "4.343",
            "close": "4.348"
        },
        {
            "time": "14.11.2020 17:32",
            "open": "4.348",
            "high": "4.349",
            "low": "4.348",
            "close": "4.348"
        },
        {
            "time": "14.11.2020 17:33",
            "open": "4.348",
            "high": "4.348",
            "low": "4.348",
            "close": "4.358"
        },
        {
            "time": "14.11.2020 17:45",
            "open": "4.358",
            "high": "4.358",
            "low": "4.349",
            "close": "4.353"
        },
        {
            "time": "14.11.2020 17:47",
            "open": "4.353",
            "high": "4.353",
            "low": "4.352",
            "close": "4.348"
        },
        {
            "time": "14.11.2020 17:48",
            "open": "4.348",
            "high": "4.348",
            "low": "4.348",
            "close": "4.347"
        },
        {
            "time": "14.11.2020 17:49",
            "open": "4.347",
            "high": "4.347",
            "low": "4.347",
            "close": "4.385"
        },
        {
            "time": "14.11.2020 17:50",
            "open": "4.385",
            "high": "4.386",
            "low": "4.385",
            "close": "4.358"
        },
        {
            "time": "14.11.2020 17:51",
            "open": "4.358",
            "high": "4.358",
            "low": "4.358",
            "close": "4.349"
        },
        {
            "time": "14.11.2020 17:53",
            "open": "4.349",
            "high": "4.349",
            "low": "4.349",
            "close": "4.345"
        },
        {
            "time": "14.11.2020 18:06",
            "open": "4.345",
            "high": "4.345",
            "low": "4.345",
            "close": "4.353"
        },
        {
            "time": "14.11.2020 18:11",
            "open": "4.353",
            "high": "4.353",
            "low": "4.353",
            "close": "4.355"
        },
        {
            "time": "14.11.2020 18:12",
            "open": "4.355",
            "high": "4.355",
            "low": "4.355",
            "close": "4.355"
        },
        {
            "time": "14.11.2020 18:20",
            "open": "4.355",
            "high": "4.355",
            "low": "4.355",
            "close": "4.357"
        },
        {
            "time": "14.11.2020 18:21",
            "open": "4.357",
            "high": "4.357",
            "low": "4.357",
            "close": "4.346"
        },
        {
            "time": "14.11.2020 18:23",
            "open": "4.346",
            "high": "4.346",
            "low": "4.346",
            "close": "4.348"
        },
        {
            "time": "14.11.2020 18:24",
            "open": "4.348",
            "high": "4.348",
            "low": "4.348",
            "close": "4.35"
        },
        {
            "time": "14.11.2020 18:25",
            "open": "4.35",
            "high": "4.35",
            "low": "4.349",
            "close": "4.341"
        },
        {
            "time": "14.11.2020 18:29",
            "open": "4.341",
            "high": "4.341",
            "low": "4.341",
            "close": "4.34"
        },
        {
            "time": "14.11.2020 18:31",
            "open": "4.34",
            "high": "4.34",
            "low": "4.34",
            "close": "4.339"
        },
        {
            "time": "14.11.2020 18:32",
            "open": "4.339",
            "high": "4.339",
            "low": "4.339",
            "close": "4.338"
        },
        {
            "time": "14.11.2020 18:36",
            "open": "4.338",
            "high": "4.338",
            "low": "4.338",
            "close": "4.34"
        },
        {
            "time": "14.11.2020 18:39",
            "open": "4.34",
            "high": "4.345",
            "low": "4.34",
            "close": "4.34"
        },
        {
            "time": "14.11.2020 18:42",
            "open": "4.34",
            "high": "4.34",
            "low": "4.34",
            "close": "4.347"
        },
        {
            "time": "14.11.2020 18:43",
            "open": "4.347",
            "high": "4.363",
            "low": "4.347",
            "close": "4.348"
        },
        {
            "time": "14.11.2020 18:45",
            "open": "4.348",
            "high": "4.348",
            "low": "4.348",
            "close": "4.34"
        },
        {
            "time": "14.11.2020 18:47",
            "open": "4.34",
            "high": "4.34",
            "low": "4.34",
            "close": "4.338"
        },
        {
            "time": "14.11.2020 18:58",
            "open": "4.338",
            "high": "4.339",
            "low": "4.336",
            "close": "4.346"
        },
        {
            "time": "14.11.2020 19:09",
            "open": "4.346",
            "high": "4.346",
            "low": "4.346",
            "close": "4.338"
        },
        {
            "time": "14.11.2020 19:30",
            "open": "4.338",
            "high": "4.338",
            "low": "4.338",
            "close": "4.354"
        },
        {
            "time": "14.11.2020 20:05",
            "open": "4.354",
            "high": "4.363",
            "low": "4.354",
            "close": "4.353"
        },
        {
            "time": "14.11.2020 20:12",
            "open": "4.353",
            "high": "4.353",
            "low": "4.353",
            "close": "4.342"
        },
        {
            "time": "14.11.2020 20:22",
            "open": "4.342",
            "high": "4.342",
            "low": "4.342",
            "close": "4.343"
        },
        {
            "time": "14.11.2020 20:23",
            "open": "4.343",
            "high": "4.343",
            "low": "4.342",
            "close": "4.353"
        },
        {
            "time": "14.11.2020 20:32",
            "open": "4.353",
            "high": "4.353",
            "low": "4.353",
            "close": "4.353"
        },
        {
            "time": "14.11.2020 20:48",
            "open": "4.353",
            "high": "4.353",
            "low": "4.353",
            "close": "4.343"
        },
        {
            "time": "14.11.2020 20:49",
            "open": "4.343",
            "high": "4.343",
            "low": "4.34",
            "close": "4.354"
        },
        {
            "time": "14.11.2020 20:51",
            "open": "4.354",
            "high": "4.354",
            "low": "4.342",
            "close": "4.342"
        },
        {
            "time": "14.11.2020 21:07",
            "open": "4.342",
            "high": "4.342",
            "low": "4.342",
            "close": "4.349"
        },
        {
            "time": "14.11.2020 21:09",
            "open": "4.349",
            "high": "4.349",
            "low": "4.349",
            "close": "4.351"
        },
        {
            "time": "14.11.2020 21:13",
            "open": "4.351",
            "high": "4.351",
            "low": "4.351",
            "close": "4.349"
        },
        {
            "time": "14.11.2020 21:18",
            "open": "4.349",
            "high": "4.349",
            "low": "4.349",
            "close": "4.345"
        },
        {
            "time": "14.11.2020 21:27",
            "open": "4.345",
            "high": "4.345",
            "low": "4.345",
            "close": "4.348"
        },
        {
            "time": "14.11.2020 21:37",
            "open": "4.348",
            "high": "4.348",
            "low": "4.348",
            "close": "4.348"
        },
        {
            "time": "14.11.2020 21:40",
            "open": "4.348",
            "high": "4.35",
            "low": "4.348",
            "close": "4.34"
        },
        {
            "time": "14.11.2020 21:48",
            "open": "4.34",
            "high": "4.34",
            "low": "4.34",
            "close": "4.341"
        },
        {
            "time": "14.11.2020 22:02",
            "open": "4.341",
            "high": "4.341",
            "low": "4.341",
            "close": "4.336"
        },
        {
            "time": "14.11.2020 22:07",
            "open": "4.336",
            "high": "4.336",
            "low": "4.334",
            "close": "4.331"
        },
        {
            "time": "14.11.2020 22:11",
            "open": "4.331",
            "high": "4.331",
            "low": "4.331",
            "close": "4.342"
        },
        {
            "time": "14.11.2020 22:12",
            "open": "4.342",
            "high": "4.342",
            "low": "4.342",
            "close": "4.342"
        },
        {
            "time": "14.11.2020 22:14",
            "open": "4.342",
            "high": "4.342",
            "low": "4.342",
            "close": "4.342"
        },
        {
            "time": "14.11.2020 22:16",
            "open": "4.342",
            "high": "4.342",
            "low": "4.342",
            "close": "4.342"
        },
        {
            "time": "14.11.2020 22:17",
            "open": "4.342",
            "high": "4.342",
            "low": "4.342",
            "close": "4.335"
        },
        {
            "time": "14.11.2020 22:22",
            "open": "4.335",
            "high": "4.335",
            "low": "4.335",
            "close": "4.332"
        },
        {
            "time": "14.11.2020 22:23",
            "open": "4.332",
            "high": "4.332",
            "low": "4.332",
            "close": "4.331"
        },
        {
            "time": "14.11.2020 22:24",
            "open": "4.331",
            "high": "4.331",
            "low": "4.331",
            "close": "4.332"
        },
        {
            "time": "14.11.2020 22:27",
            "open": "4.332",
            "high": "4.332",
            "low": "4.332",
            "close": "4.338"
        },
        {
            "time": "14.11.2020 22:28",
            "open": "4.338",
            "high": "4.343",
            "low": "4.338",
            "close": "4.333"
        },
        {
            "time": "14.11.2020 22:31",
            "open": "4.333",
            "high": "4.34",
            "low": "4.333",
            "close": "4.332"
        },
        {
            "time": "14.11.2020 22:38",
            "open": "4.332",
            "high": "4.332",
            "low": "4.332",
            "close": "4.331"
        },
        {
            "time": "14.11.2020 22:39",
            "open": "4.331",
            "high": "4.331",
            "low": "4.331",
            "close": "4.33"
        },
        {
            "time": "14.11.2020 22:40",
            "open": "4.33",
            "high": "4.33",
            "low": "4.33",
            "close": "4.33"
        },
        {
            "time": "14.11.2020 22:41",
            "open": "4.33",
            "high": "4.33",
            "low": "4.33",
            "close": "4.33"
        },
        {
            "time": "14.11.2020 22:43",
            "open": "4.33",
            "high": "4.33",
            "low": "4.33",
            "close": "4.33"
        },
        {
            "time": "14.11.2020 22:44",
            "open": "4.33",
            "high": "4.33",
            "low": "4.33",
            "close": "4.329"
        },
        {
            "time": "14.11.2020 22:46",
            "open": "4.329",
            "high": "4.329",
            "low": "4.324",
            "close": "4.327"
        },
        {
            "time": "14.11.2020 22:50",
            "open": "4.327",
            "high": "4.327",
            "low": "4.327",
            "close": "4.324"
        },
        {
            "time": "14.11.2020 22:51",
            "open": "4.324",
            "high": "4.324",
            "low": "4.32",
            "close": "4.316"
        },
        {
            "time": "14.11.2020 23:09",
            "open": "4.316",
            "high": "4.317",
            "low": "4.316",
            "close": "4.33"
        },
        {
            "time": "14.11.2020 23:17",
            "open": "4.33",
            "high": "4.33",
            "low": "4.326",
            "close": "4.315"
        },
        {
            "time": "14.11.2020 23:18",
            "open": "4.315",
            "high": "4.315",
            "low": "4.312",
            "close": "4.312"
        },
        {
            "time": "14.11.2020 23:30",
            "open": "4.312",
            "high": "4.312",
            "low": "4.312",
            "close": "4.31"
        },
        {
            "time": "14.11.2020 23:31",
            "open": "4.31",
            "high": "4.31",
            "low": "4.305",
            "close": "4.308"
        },
        {
            "time": "14.11.2020 23:32",
            "open": "4.308",
            "high": "4.312",
            "low": "4.307",
            "close": "4.308"
        },
        {
            "time": "14.11.2020 23:33",
            "open": "4.308",
            "high": "4.308",
            "low": "4.308",
            "close": "4.308"
        },
        {
            "time": "14.11.2020 23:34",
            "open": "4.308",
            "high": "4.308",
            "low": "4.304",
            "close": "4.307"
        },
        {
            "time": "14.11.2020 23:35",
            "open": "4.307",
            "high": "4.31",
            "low": "4.306",
            "close": "4.307"
        },
        {
            "time": "14.11.2020 23:36",
            "open": "4.307",
            "high": "4.315",
            "low": "4.307",
            "close": "4.304"
        },
        {
            "time": "14.11.2020 23:37",
            "open": "4.304",
            "high": "4.304",
            "low": "4.304",
            "close": "4.305"
        },
        {
            "time": "14.11.2020 23:38",
            "open": "4.305",
            "high": "4.307",
            "low": "4.305",
            "close": "4.312"
        },
        {
            "time": "14.11.2020 23:40",
            "open": "4.312",
            "high": "4.312",
            "low": "4.312",
            "close": "4.302"
        },
        {
            "time": "14.11.2020 23:42",
            "open": "4.302",
            "high": "4.302",
            "low": "4.302",
            "close": "4.311"
        },
        {
            "time": "14.11.2020 23:43",
            "open": "4.311",
            "high": "4.312",
            "low": "4.311",
            "close": "4.306"
        },
        {
            "time": "14.11.2020 23:45",
            "open": "4.306",
            "high": "4.306",
            "low": "4.306",
            "close": "4.319"
        },
        {
            "time": "14.11.2020 23:55",
            "open": "4.319",
            "high": "4.349",
            "low": "4.319",
            "close": "4.329"
        },
        {
            "time": "14.11.2020 23:57",
            "open": "4.329",
            "high": "4.376",
            "low": "4.302",
            "close": "4.325"
        },
        {
            "time": "14.11.2020 23:58",
            "open": "4.325",
            "high": "4.327",
            "low": "4.325",
            "close": "4.329"
        }
    ]
}