{
    "ETC-EUR": [
        {
            "time": "06.12.2020 23:59",
            "open": "5.066",
            "high": "5.066",
            "low": "5.065",
            "close": "5.076"
        },
        {
            "time": "07.12.2020 00:02",
            "open": "5.076",
            "high": "5.076",
            "low": "5.076",
            "close": "5.075"
        },
        {
            "time": "07.12.2020 00:05",
            "open": "5.075",
            "high": "5.075",
            "low": "5.074",
            "close": "5.076"
        },
        {
            "time": "07.12.2020 00:07",
            "open": "5.076",
            "high": "5.077",
            "low": "5.074",
            "close": "5.093"
        },
        {
            "time": "07.12.2020 00:11",
            "open": "5.093",
            "high": "5.093",
            "low": "5.09",
            "close": "5.09"
        },
        {
            "time": "07.12.2020 00:12",
            "open": "5.09",
            "high": "5.09",
            "low": "5.09",
            "close": "5.09"
        },
        {
            "time": "07.12.2020 00:13",
            "open": "5.09",
            "high": "5.091",
            "low": "5.09",
            "close": "5.087"
        },
        {
            "time": "07.12.2020 00:14",
            "open": "5.087",
            "high": "5.091",
            "low": "5.087",
            "close": "5.096"
        },
        {
            "time": "07.12.2020 00:17",
            "open": "5.096",
            "high": "5.096",
            "low": "5.096",
            "close": "5.097"
        },
        {
            "time": "07.12.2020 00:19",
            "open": "5.097",
            "high": "5.097",
            "low": "5.097",
            "close": "5.098"
        },
        {
            "time": "07.12.2020 00:20",
            "open": "5.098",
            "high": "5.099",
            "low": "5.094",
            "close": "5.087"
        },
        {
            "time": "07.12.2020 00:21",
            "open": "5.087",
            "high": "5.094",
            "low": "5.084",
            "close": "5.099"
        },
        {
            "time": "07.12.2020 00:22",
            "open": "5.099",
            "high": "5.099",
            "low": "5.089",
            "close": "5.097"
        },
        {
            "time": "07.12.2020 00:25",
            "open": "5.097",
            "high": "5.097",
            "low": "5.097",
            "close": "5.09"
        },
        {
            "time": "07.12.2020 00:26",
            "open": "5.09",
            "high": "5.092",
            "low": "5.089",
            "close": "5.092"
        },
        {
            "time": "07.12.2020 00:27",
            "open": "5.092",
            "high": "5.094",
            "low": "5.092",
            "close": "5.099"
        },
        {
            "time": "07.12.2020 00:39",
            "open": "5.099",
            "high": "5.106",
            "low": "5.099",
            "close": "5.101"
        },
        {
            "time": "07.12.2020 00:40",
            "open": "5.101",
            "high": "5.101",
            "low": "5.101",
            "close": "5.105"
        },
        {
            "time": "07.12.2020 00:41",
            "open": "5.105",
            "high": "5.105",
            "low": "5.105",
            "close": "5.102"
        },
        {
            "time": "07.12.2020 00:42",
            "open": "5.102",
            "high": "5.102",
            "low": "5.102",
            "close": "5.096"
        },
        {
            "time": "07.12.2020 00:43",
            "open": "5.096",
            "high": "5.096",
            "low": "5.096",
            "close": "5.097"
        },
        {
            "time": "07.12.2020 00:44",
            "open": "5.097",
            "high": "5.097",
            "low": "5.096",
            "close": "5.096"
        },
        {
            "time": "07.12.2020 00:45",
            "open": "5.096",
            "high": "5.096",
            "low": "5.095",
            "close": "5.088"
        },
        {
            "time": "07.12.2020 00:47",
            "open": "5.088",
            "high": "5.088",
            "low": "5.088",
            "close": "5.092"
        },
        {
            "time": "07.12.2020 00:49",
            "open": "5.092",
            "high": "5.092",
            "low": "5.091",
            "close": "5.091"
        },
        {
            "time": "07.12.2020 00:50",
            "open": "5.091",
            "high": "5.092",
            "low": "5.091",
            "close": "5.09"
        },
        {
            "time": "07.12.2020 00:51",
            "open": "5.09",
            "high": "5.09",
            "low": "5.09",
            "close": "5.101"
        },
        {
            "time": "07.12.2020 00:59",
            "open": "5.101",
            "high": "5.101",
            "low": "5.101",
            "close": "5.093"
        },
        {
            "time": "07.12.2020 01:00",
            "open": "5.093",
            "high": "5.093",
            "low": "5.093",
            "close": "5.1"
        },
        {
            "time": "07.12.2020 01:04",
            "open": "5.1",
            "high": "5.13",
            "low": "5.1",
            "close": "5.096"
        },
        {
            "time": "07.12.2020 01:07",
            "open": "5.096",
            "high": "5.096",
            "low": "5.096",
            "close": "5.1"
        },
        {
            "time": "07.12.2020 01:09",
            "open": "5.1",
            "high": "5.101",
            "low": "5.1",
            "close": "5.108"
        },
        {
            "time": "07.12.2020 01:12",
            "open": "5.108",
            "high": "5.108",
            "low": "5.108",
            "close": "5.104"
        },
        {
            "time": "07.12.2020 01:23",
            "open": "5.104",
            "high": "5.104",
            "low": "5.104",
            "close": "5.095"
        },
        {
            "time": "07.12.2020 01:26",
            "open": "5.095",
            "high": "5.095",
            "low": "5.09",
            "close": "5.094"
        },
        {
            "time": "07.12.2020 01:31",
            "open": "5.094",
            "high": "5.094",
            "low": "5.094",
            "close": "5.089"
        },
        {
            "time": "07.12.2020 01:52",
            "open": "5.089",
            "high": "5.089",
            "low": "5.087",
            "close": "5.092"
        },
        {
            "time": "07.12.2020 01:54",
            "open": "5.092",
            "high": "5.092",
            "low": "5.092",
            "close": "5.092"
        },
        {
            "time": "07.12.2020 01:55",
            "open": "5.092",
            "high": "5.092",
            "low": "5.092",
            "close": "5.084"
        },
        {
            "time": "07.12.2020 02:11",
            "open": "5.084",
            "high": "5.084",
            "low": "5.084",
            "close": "5.087"
        },
        {
            "time": "07.12.2020 02:23",
            "open": "5.087",
            "high": "5.087",
            "low": "5.087",
            "close": "5.067"
        },
        {
            "time": "07.12.2020 02:30",
            "open": "5.067",
            "high": "5.067",
            "low": "5.067",
            "close": "5.074"
        },
        {
            "time": "07.12.2020 02:32",
            "open": "5.074",
            "high": "5.074",
            "low": "5.071",
            "close": "5.063"
        },
        {
            "time": "07.12.2020 03:10",
            "open": "5.063",
            "high": "5.063",
            "low": "5.063",
            "close": "5.062"
        },
        {
            "time": "07.12.2020 03:11",
            "open": "5.062",
            "high": "5.063",
            "low": "5.062",
            "close": "5.06"
        },
        {
            "time": "07.12.2020 03:14",
            "open": "5.06",
            "high": "5.06",
            "low": "5.06",
            "close": "5.061"
        },
        {
            "time": "07.12.2020 03:16",
            "open": "5.061",
            "high": "5.061",
            "low": "5.061",
            "close": "5.062"
        },
        {
            "time": "07.12.2020 03:17",
            "open": "5.062",
            "high": "5.062",
            "low": "5.053",
            "close": "5.062"
        },
        {
            "time": "07.12.2020 03:34",
            "open": "5.062",
            "high": "5.062",
            "low": "5.062",
            "close": "5.067"
        },
        {
            "time": "07.12.2020 03:53",
            "open": "5.067",
            "high": "5.067",
            "low": "5.067",
            "close": "5.065"
        },
        {
            "time": "07.12.2020 04:23",
            "open": "5.065",
            "high": "5.065",
            "low": "5.065",
            "close": "5.053"
        },
        {
            "time": "07.12.2020 04:27",
            "open": "5.053",
            "high": "5.053",
            "low": "5.053",
            "close": "5.054"
        },
        {
            "time": "07.12.2020 04:35",
            "open": "5.054",
            "high": "5.054",
            "low": "5.054",
            "close": "5.055"
        },
        {
            "time": "07.12.2020 04:38",
            "open": "5.055",
            "high": "5.055",
            "low": "5.055",
            "close": "5.052"
        },
        {
            "time": "07.12.2020 04:41",
            "open": "5.052",
            "high": "5.052",
            "low": "5.052",
            "close": "5.059"
        },
        {
            "time": "07.12.2020 04:44",
            "open": "5.059",
            "high": "5.059",
            "low": "5.059",
            "close": "5.056"
        },
        {
            "time": "07.12.2020 04:49",
            "open": "5.064",
            "high": "5.064",
            "low": "5.064",
            "close": "5.061"
        },
        {
            "time": "07.12.2020 05:15",
            "open": "5.061",
            "high": "5.061",
            "low": "5.061",
            "close": "5.061"
        },
        {
            "time": "07.12.2020 05:21",
            "open": "5.061",
            "high": "5.061",
            "low": "5.06",
            "close": "5.059"
        },
        {
            "time": "07.12.2020 05:23",
            "open": "5.059",
            "high": "5.059",
            "low": "5.059",
            "close": "5.058"
        },
        {
            "time": "07.12.2020 05:24",
            "open": "5.058",
            "high": "5.058",
            "low": "5.058",
            "close": "5.058"
        },
        {
            "time": "07.12.2020 05:27",
            "open": "5.058",
            "high": "5.058",
            "low": "5.058",
            "close": "5.054"
        },
        {
            "time": "07.12.2020 05:33",
            "open": "5.054",
            "high": "5.054",
            "low": "5.054",
            "close": "5.063"
        },
        {
            "time": "07.12.2020 05:38",
            "open": "5.063",
            "high": "5.067",
            "low": "5.063",
            "close": "5.062"
        },
        {
            "time": "07.12.2020 05:39",
            "open": "5.062",
            "high": "5.062",
            "low": "5.062",
            "close": "5.074"
        },
        {
            "time": "07.12.2020 05:47",
            "open": "5.074",
            "high": "5.075",
            "low": "5.074",
            "close": "5.075"
        },
        {
            "time": "07.12.2020 05:50",
            "open": "5.075",
            "high": "5.091",
            "low": "5.075",
            "close": "5.094"
        },
        {
            "time": "07.12.2020 05:51",
            "open": "5.094",
            "high": "5.094",
            "low": "5.092",
            "close": "5.087"
        },
        {
            "time": "07.12.2020 05:54",
            "open": "5.087",
            "high": "5.087",
            "low": "5.087",
            "close": "5.087"
        },
        {
            "time": "07.12.2020 05:55",
            "open": "5.087",
            "high": "5.088",
            "low": "5.087",
            "close": "5.083"
        },
        {
            "time": "07.12.2020 05:59",
            "open": "5.083",
            "high": "5.083",
            "low": "5.083",
            "close": "5.086"
        },
        {
            "time": "07.12.2020 06:00",
            "open": "5.086",
            "high": "5.086",
            "low": "5.086",
            "close": "5.072"
        },
        {
            "time": "07.12.2020 06:09",
            "open": "5.072",
            "high": "5.072",
            "low": "5.072",
            "close": "5.081"
        },
        {
            "time": "07.12.2020 06:23",
            "open": "5.081",
            "high": "5.084",
            "low": "5.081",
            "close": "5.076"
        },
        {
            "time": "07.12.2020 06:25",
            "open": "5.076",
            "high": "5.077",
            "low": "5.076",
            "close": "5.081"
        },
        {
            "time": "07.12.2020 06:30",
            "open": "5.081",
            "high": "5.081",
            "low": "5.081",
            "close": "5.088"
        },
        {
            "time": "07.12.2020 06:31",
            "open": "5.088",
            "high": "5.088",
            "low": "5.088",
            "close": "5.09"
        },
        {
            "time": "07.12.2020 06:40",
            "open": "5.09",
            "high": "5.09",
            "low": "5.09",
            "close": "5.079"
        },
        {
            "time": "07.12.2020 06:54",
            "open": "5.079",
            "high": "5.079",
            "low": "5.079",
            "close": "5.079"
        },
        {
            "time": "07.12.2020 06:59",
            "open": "5.079",
            "high": "5.079",
            "low": "5.079",
            "close": "5.083"
        },
        {
            "time": "07.12.2020 07:00",
            "open": "5.083",
            "high": "5.094",
            "low": "5.081",
            "close": "5.076"
        },
        {
            "time": "07.12.2020 07:03",
            "open": "5.076",
            "high": "5.076",
            "low": "5.076",
            "close": "5.088"
        },
        {
            "time": "07.12.2020 07:04",
            "open": "5.088",
            "high": "5.088",
            "low": "5.085",
            "close": "5.083"
        },
        {
            "time": "07.12.2020 07:05",
            "open": "5.083",
            "high": "5.085",
            "low": "5.083",
            "close": "5.083"
        },
        {
            "time": "07.12.2020 07:10",
            "open": "5.083",
            "high": "5.086",
            "low": "5.083",
            "close": "5.081"
        },
        {
            "time": "07.12.2020 07:13",
            "open": "5.081",
            "high": "5.081",
            "low": "5.081",
            "close": "5.088"
        },
        {
            "time": "07.12.2020 07:14",
            "open": "5.088",
            "high": "5.088",
            "low": "5.088",
            "close": "5.096"
        },
        {
            "time": "07.12.2020 07:17",
            "open": "5.096",
            "high": "5.096",
            "low": "5.096",
            "close": "5.099"
        },
        {
            "time": "07.12.2020 07:22",
            "open": "5.099",
            "high": "5.099",
            "low": "5.099",
            "close": "5.095"
        },
        {
            "time": "07.12.2020 07:25",
            "open": "5.095",
            "high": "5.095",
            "low": "5.095",
            "close": "5.097"
        },
        {
            "time": "07.12.2020 07:27",
            "open": "5.097",
            "high": "5.097",
            "low": "5.097",
            "close": "5.099"
        },
        {
            "time": "07.12.2020 07:30",
            "open": "5.099",
            "high": "5.099",
            "low": "5.099",
            "close": "5.088"
        },
        {
            "time": "07.12.2020 07:35",
            "open": "5.088",
            "high": "5.088",
            "low": "5.088",
            "close": "5.095"
        },
        {
            "time": "07.12.2020 07:37",
            "open": "5.095",
            "high": "5.095",
            "low": "5.094",
            "close": "5.092"
        },
        {
            "time": "07.12.2020 07:41",
            "open": "5.092",
            "high": "5.093",
            "low": "5.092",
            "close": "5.099"
        },
        {
            "time": "07.12.2020 07:50",
            "open": "5.099",
            "high": "5.099",
            "low": "5.099",
            "close": "5.098"
        },
        {
            "time": "07.12.2020 07:52",
            "open": "5.098",
            "high": "5.098",
            "low": "5.098",
            "close": "5.093"
        },
        {
            "time": "07.12.2020 07:55",
            "open": "5.093",
            "high": "5.093",
            "low": "5.093",
            "close": "5.091"
        },
        {
            "time": "07.12.2020 07:59",
            "open": "5.091",
            "high": "5.091",
            "low": "5.091",
            "close": "5.095"
        },
        {
            "time": "07.12.2020 08:00",
            "open": "5.095",
            "high": "5.095",
            "low": "5.095",
            "close": "5.1"
        },
        {
            "time": "07.12.2020 08:01",
            "open": "5.1",
            "high": "5.1",
            "low": "5.1",
            "close": "5.099"
        },
        {
            "time": "07.12.2020 08:06",
            "open": "5.099",
            "high": "5.099",
            "low": "5.099",
            "close": "5.099"
        },
        {
            "time": "07.12.2020 08:09",
            "open": "5.099",
            "high": "5.1",
            "low": "5.099",
            "close": "5.115"
        },
        {
            "time": "07.12.2020 08:10",
            "open": "5.115",
            "high": "5.115",
            "low": "5.115",
            "close": "5.12"
        },
        {
            "time": "07.12.2020 08:23",
            "open": "5.12",
            "high": "5.12",
            "low": "5.12",
            "close": "5.12"
        },
        {
            "time": "07.12.2020 08:25",
            "open": "5.12",
            "high": "5.12",
            "low": "5.12",
            "close": "5.121"
        },
        {
            "time": "07.12.2020 08:31",
            "open": "5.121",
            "high": "5.121",
            "low": "5.121",
            "close": "5.11"
        },
        {
            "time": "07.12.2020 08:35",
            "open": "5.11",
            "high": "5.11",
            "low": "5.11",
            "close": "5.121"
        },
        {
            "time": "07.12.2020 08:39",
            "open": "5.121",
            "high": "5.121",
            "low": "5.121",
            "close": "5.124"
        },
        {
            "time": "07.12.2020 08:48",
            "open": "5.124",
            "high": "5.124",
            "low": "5.124",
            "close": "5.124"
        },
        {
            "time": "07.12.2020 08:54",
            "open": "5.124",
            "high": "5.127",
            "low": "5.124",
            "close": "5.126"
        },
        {
            "time": "07.12.2020 08:55",
            "open": "5.126",
            "high": "5.126",
            "low": "5.126",
            "close": "5.129"
        },
        {
            "time": "07.12.2020 08:56",
            "open": "5.129",
            "high": "5.129",
            "low": "5.129",
            "close": "5.116"
        },
        {
            "time": "07.12.2020 09:04",
            "open": "5.116",
            "high": "5.116",
            "low": "5.116",
            "close": "5.121"
        },
        {
            "time": "07.12.2020 09:05",
            "open": "5.121",
            "high": "5.121",
            "low": "5.121",
            "close": "5.123"
        },
        {
            "time": "07.12.2020 09:08",
            "open": "5.123",
            "high": "5.123",
            "low": "5.123",
            "close": "5.1"
        },
        {
            "time": "07.12.2020 09:19",
            "open": "5.1",
            "high": "5.123",
            "low": "5.1",
            "close": "5.127"
        },
        {
            "time": "07.12.2020 09:23",
            "open": "5.127",
            "high": "5.127",
            "low": "5.127",
            "close": "5.116"
        },
        {
            "time": "07.12.2020 09:25",
            "open": "5.116",
            "high": "5.116",
            "low": "5.116",
            "close": "5.104"
        },
        {
            "time": "07.12.2020 09:39",
            "open": "5.104",
            "high": "5.104",
            "low": "5.104",
            "close": "5.103"
        },
        {
            "time": "07.12.2020 09:40",
            "open": "5.103",
            "high": "5.103",
            "low": "5.101",
            "close": "5.103"
        },
        {
            "time": "07.12.2020 09:43",
            "open": "5.103",
            "high": "5.103",
            "low": "5.103",
            "close": "5.102"
        },
        {
            "time": "07.12.2020 09:45",
            "open": "5.102",
            "high": "5.103",
            "low": "5.102",
            "close": "5.098"
        },
        {
            "time": "07.12.2020 10:04",
            "open": "5.098",
            "high": "5.1",
            "low": "5.098",
            "close": "5.108"
        },
        {
            "time": "07.12.2020 10:12",
            "open": "5.108",
            "high": "5.108",
            "low": "5.108",
            "close": "5.1"
        },
        {
            "time": "07.12.2020 10:13",
            "open": "5.1",
            "high": "5.101",
            "low": "5.1",
            "close": "5.103"
        },
        {
            "time": "07.12.2020 10:21",
            "open": "5.103",
            "high": "5.103",
            "low": "5.103",
            "close": "5.101"
        },
        {
            "time": "07.12.2020 10:24",
            "open": "5.101",
            "high": "5.101",
            "low": "5.101",
            "close": "5.102"
        },
        {
            "time": "07.12.2020 10:25",
            "open": "5.102",
            "high": "5.128",
            "low": "5.102",
            "close": "5.101"
        },
        {
            "time": "07.12.2020 10:28",
            "open": "5.101",
            "high": "5.101",
            "low": "5.097",
            "close": "5.09"
        },
        {
            "time": "07.12.2020 10:37",
            "open": "5.09",
            "high": "5.09",
            "low": "5.09",
            "close": "5.11"
        },
        {
            "time": "07.12.2020 10:46",
            "open": "5.11",
            "high": "5.128",
            "low": "5.11",
            "close": "5.113"
        },
        {
            "time": "07.12.2020 10:47",
            "open": "5.113",
            "high": "5.114",
            "low": "5.113",
            "close": "5.102"
        },
        {
            "time": "07.12.2020 10:49",
            "open": "5.102",
            "high": "5.102",
            "low": "5.1",
            "close": "5.105"
        },
        {
            "time": "07.12.2020 10:54",
            "open": "5.105",
            "high": "5.105",
            "low": "5.105",
            "close": "5.102"
        },
        {
            "time": "07.12.2020 10:55",
            "open": "5.102",
            "high": "5.102",
            "low": "5.102",
            "close": "5.1"
        },
        {
            "time": "07.12.2020 10:57",
            "open": "5.1",
            "high": "5.1",
            "low": "5.1",
            "close": "5.101"
        },
        {
            "time": "07.12.2020 10:58",
            "open": "5.101",
            "high": "5.101",
            "low": "5.1",
            "close": "5.1"
        },
        {
            "time": "07.12.2020 11:04",
            "open": "5.1",
            "high": "5.1",
            "low": "5.1",
            "close": "5.1"
        },
        {
            "time": "07.12.2020 11:05",
            "open": "5.1",
            "high": "5.1",
            "low": "5.1",
            "close": "5.1"
        },
        {
            "time": "07.12.2020 11:06",
            "open": "5.1",
            "high": "5.1",
            "low": "5.1",
            "close": "5.1"
        },
        {
            "time": "07.12.2020 11:07",
            "open": "5.1",
            "high": "5.1",
            "low": "5.1",
            "close": "5.1"
        },
        {
            "time": "07.12.2020 11:11",
            "open": "5.1",
            "high": "5.1",
            "low": "5.093",
            "close": "5.084"
        },
        {
            "time": "07.12.2020 11:12",
            "open": "5.084",
            "high": "5.084",
            "low": "5.084",
            "close": "5.094"
        },
        {
            "time": "07.12.2020 11:13",
            "open": "5.094",
            "high": "5.094",
            "low": "5.094",
            "close": "5.097"
        },
        {
            "time": "07.12.2020 11:17",
            "open": "5.097",
            "high": "5.098",
            "low": "5.097",
            "close": "5.119"
        },
        {
            "time": "07.12.2020 11:22",
            "open": "5.119",
            "high": "5.125",
            "low": "5.119",
            "close": "5.089"
        },
        {
            "time": "07.12.2020 11:25",
            "open": "5.089",
            "high": "5.089",
            "low": "5.089",
            "close": "5.09"
        },
        {
            "time": "07.12.2020 11:26",
            "open": "5.09",
            "high": "5.09",
            "low": "5.087",
            "close": "5.091"
        },
        {
            "time": "07.12.2020 11:32",
            "open": "5.091",
            "high": "5.091",
            "low": "5.091",
            "close": "5.09"
        },
        {
            "time": "07.12.2020 11:41",
            "open": "5.09",
            "high": "5.09",
            "low": "5.089",
            "close": "5.096"
        },
        {
            "time": "07.12.2020 11:48",
            "open": "5.096",
            "high": "5.097",
            "low": "5.096",
            "close": "5.091"
        },
        {
            "time": "07.12.2020 11:55",
            "open": "5.091",
            "high": "5.091",
            "low": "5.091",
            "close": "5.099"
        },
        {
            "time": "07.12.2020 12:01",
            "open": "5.099",
            "high": "5.099",
            "low": "5.099",
            "close": "5.089"
        },
        {
            "time": "07.12.2020 12:02",
            "open": "5.089",
            "high": "5.089",
            "low": "5.089",
            "close": "5.099"
        },
        {
            "time": "07.12.2020 12:04",
            "open": "5.099",
            "high": "5.1",
            "low": "5.099",
            "close": "5.097"
        },
        {
            "time": "07.12.2020 12:06",
            "open": "5.097",
            "high": "5.097",
            "low": "5.097",
            "close": "5.084"
        },
        {
            "time": "07.12.2020 12:09",
            "open": "5.084",
            "high": "5.084",
            "low": "5.084",
            "close": "5.076"
        },
        {
            "time": "07.12.2020 12:13",
            "open": "5.076",
            "high": "5.076",
            "low": "5.076",
            "close": "5.076"
        },
        {
            "time": "07.12.2020 12:16",
            "open": "5.076",
            "high": "5.076",
            "low": "5.076",
            "close": "5.088"
        },
        {
            "time": "07.12.2020 12:19",
            "open": "5.088",
            "high": "5.088",
            "low": "5.088",
            "close": "5.093"
        },
        {
            "time": "07.12.2020 12:20",
            "open": "5.093",
            "high": "5.098",
            "low": "5.093",
            "close": "5.078"
        },
        {
            "time": "07.12.2020 12:22",
            "open": "5.078",
            "high": "5.078",
            "low": "5.078",
            "close": "5.092"
        },
        {
            "time": "07.12.2020 12:25",
            "open": "5.092",
            "high": "5.093",
            "low": "5.092",
            "close": "5.088"
        },
        {
            "time": "07.12.2020 12:26",
            "open": "5.088",
            "high": "5.089",
            "low": "5.088",
            "close": "5.074"
        },
        {
            "time": "07.12.2020 12:35",
            "open": "5.074",
            "high": "5.074",
            "low": "5.074",
            "close": "5.076"
        },
        {
            "time": "07.12.2020 12:50",
            "open": "5.076",
            "high": "5.076",
            "low": "5.076",
            "close": "5.082"
        },
        {
            "time": "07.12.2020 12:52",
            "open": "5.082",
            "high": "5.082",
            "low": "5.082",
            "close": "5.071"
        },
        {
            "time": "07.12.2020 12:56",
            "open": "5.071",
            "high": "5.071",
            "low": "5.071",
            "close": "5.079"
        },
        {
            "time": "07.12.2020 12:57",
            "open": "5.079",
            "high": "5.079",
            "low": "5.079",
            "close": "5.073"
        },
        {
            "time": "07.12.2020 12:59",
            "open": "5.073",
            "high": "5.073",
            "low": "5.073",
            "close": "5.078"
        },
        {
            "time": "07.12.2020 13:13",
            "open": "5.078",
            "high": "5.078",
            "low": "5.078",
            "close": "5.067"
        },
        {
            "time": "07.12.2020 13:22",
            "open": "5.067",
            "high": "5.067",
            "low": "5.067",
            "close": "5.098"
        },
        {
            "time": "07.12.2020 13:30",
            "open": "5.098",
            "high": "5.099",
            "low": "5.098",
            "close": "5.082"
        },
        {
            "time": "07.12.2020 13:32",
            "open": "5.082",
            "high": "5.082",
            "low": "5.082",
            "close": "5.095"
        },
        {
            "time": "07.12.2020 13:34",
            "open": "5.095",
            "high": "5.095",
            "low": "5.087",
            "close": "5.09"
        },
        {
            "time": "07.12.2020 13:39",
            "open": "5.09",
            "high": "5.098",
            "low": "5.089",
            "close": "5.097"
        },
        {
            "time": "07.12.2020 13:41",
            "open": "5.097",
            "high": "5.098",
            "low": "5.097",
            "close": "5.094"
        },
        {
            "time": "07.12.2020 13:48",
            "open": "5.094",
            "high": "5.094",
            "low": "5.094",
            "close": "5.115"
        },
        {
            "time": "07.12.2020 13:49",
            "open": "5.115",
            "high": "5.116",
            "low": "5.097",
            "close": "5.098"
        },
        {
            "time": "07.12.2020 13:51",
            "open": "5.098",
            "high": "5.098",
            "low": "5.098",
            "close": "5.102"
        },
        {
            "time": "07.12.2020 13:56",
            "open": "5.102",
            "high": "5.102",
            "low": "5.095",
            "close": "5.101"
        },
        {
            "time": "07.12.2020 13:57",
            "open": "5.101",
            "high": "5.101",
            "low": "5.095",
            "close": "5.096"
        },
        {
            "time": "07.12.2020 13:58",
            "open": "5.096",
            "high": "5.096",
            "low": "5.096",
            "close": "5.117"
        },
        {
            "time": "07.12.2020 14:02",
            "open": "5.117",
            "high": "5.118",
            "low": "5.099",
            "close": "5.115"
        },
        {
            "time": "07.12.2020 14:05",
            "open": "5.115",
            "high": "5.115",
            "low": "5.115",
            "close": "5.097"
        },
        {
            "time": "07.12.2020 14:06",
            "open": "5.097",
            "high": "5.097",
            "low": "5.097",
            "close": "5.113"
        },
        {
            "time": "07.12.2020 14:14",
            "open": "5.113",
            "high": "5.113",
            "low": "5.113",
            "close": "5.097"
        },
        {
            "time": "07.12.2020 14:15",
            "open": "5.097",
            "high": "5.097",
            "low": "5.095",
            "close": "5.095"
        },
        {
            "time": "07.12.2020 14:16",
            "open": "5.095",
            "high": "5.095",
            "low": "5.095",
            "close": "5.101"
        },
        {
            "time": "07.12.2020 14:17",
            "open": "5.101",
            "high": "5.101",
            "low": "5.096",
            "close": "5.102"
        },
        {
            "time": "07.12.2020 14:19",
            "open": "5.102",
            "high": "5.102",
            "low": "5.101",
            "close": "5.094"
        },
        {
            "time": "07.12.2020 14:25",
            "open": "5.094",
            "high": "5.094",
            "low": "5.094",
            "close": "5.111"
        },
        {
            "time": "07.12.2020 14:36",
            "open": "5.111",
            "high": "5.111",
            "low": "5.111",
            "close": "5.099"
        },
        {
            "time": "07.12.2020 14:39",
            "open": "5.099",
            "high": "5.099",
            "low": "5.099",
            "close": "5.098"
        },
        {
            "time": "07.12.2020 14:41",
            "open": "5.098",
            "high": "5.098",
            "low": "5.096",
            "close": "5.094"
        },
        {
            "time": "07.12.2020 14:42",
            "open": "5.094",
            "high": "5.098",
            "low": "5.094",
            "close": "5.094"
        },
        {
            "time": "07.12.2020 14:43",
            "open": "5.094",
            "high": "5.094",
            "low": "5.094",
            "close": "5.094"
        },
        {
            "time": "07.12.2020 14:44",
            "open": "5.094",
            "high": "5.098",
            "low": "5.094",
            "close": "5.094"
        },
        {
            "time": "07.12.2020 14:45",
            "open": "5.094",
            "high": "5.094",
            "low": "5.094",
            "close": "5.094"
        },
        {
            "time": "07.12.2020 14:47",
            "open": "5.094",
            "high": "5.094",
            "low": "5.094",
            "close": "5.099"
        },
        {
            "time": "07.12.2020 14:48",
            "open": "5.099",
            "high": "5.099",
            "low": "5.099",
            "close": "5.1"
        },
        {
            "time": "07.12.2020 15:03",
            "open": "5.1",
            "high": "5.1",
            "low": "5.094",
            "close": "5.097"
        },
        {
            "time": "07.12.2020 15:05",
            "open": "5.097",
            "high": "5.097",
            "low": "5.097",
            "close": "5.11"
        },
        {
            "time": "07.12.2020 15:06",
            "open": "5.11",
            "high": "5.111",
            "low": "5.11",
            "close": "5.095"
        },
        {
            "time": "07.12.2020 15:08",
            "open": "5.095",
            "high": "5.095",
            "low": "5.095",
            "close": "5.095"
        },
        {
            "time": "07.12.2020 15:09",
            "open": "5.095",
            "high": "5.095",
            "low": "5.095",
            "close": "5.095"
        },
        {
            "time": "07.12.2020 15:18",
            "open": "5.095",
            "high": "5.095",
            "low": "5.095",
            "close": "5.124"
        },
        {
            "time": "07.12.2020 15:37",
            "open": "5.124",
            "high": "5.125",
            "low": "5.124",
            "close": "5.1"
        },
        {
            "time": "07.12.2020 15:38",
            "open": "5.1",
            "high": "5.1",
            "low": "5.1",
            "close": "5.097"
        },
        {
            "time": "07.12.2020 15:39",
            "open": "5.097",
            "high": "5.097",
            "low": "5.097",
            "close": "5.097"
        },
        {
            "time": "07.12.2020 15:43",
            "open": "5.097",
            "high": "5.097",
            "low": "5.097",
            "close": "5.097"
        },
        {
            "time": "07.12.2020 15:44",
            "open": "5.097",
            "high": "5.097",
            "low": "5.09",
            "close": "5.097"
        },
        {
            "time": "07.12.2020 15:45",
            "open": "5.097",
            "high": "5.097",
            "low": "5.097",
            "close": "5.101"
        },
        {
            "time": "07.12.2020 15:47",
            "open": "5.101",
            "high": "5.101",
            "low": "5.101",
            "close": "5.1"
        },
        {
            "time": "07.12.2020 15:48",
            "open": "5.1",
            "high": "5.1",
            "low": "5.096",
            "close": "5.101"
        },
        {
            "time": "07.12.2020 15:49",
            "open": "5.101",
            "high": "5.101",
            "low": "5.101",
            "close": "5.102"
        },
        {
            "time": "07.12.2020 15:50",
            "open": "5.102",
            "high": "5.102",
            "low": "5.102",
            "close": "5.092"
        },
        {
            "time": "07.12.2020 15:51",
            "open": "5.092",
            "high": "5.092",
            "low": "5.092",
            "close": "5.113"
        },
        {
            "time": "07.12.2020 15:57",
            "open": "5.113",
            "high": "5.113",
            "low": "5.113",
            "close": "5.104"
        },
        {
            "time": "07.12.2020 15:58",
            "open": "5.104",
            "high": "5.104",
            "low": "5.104",
            "close": "5.121"
        },
        {
            "time": "07.12.2020 15:59",
            "open": "5.121",
            "high": "5.121",
            "low": "5.121",
            "close": "5.116"
        },
        {
            "time": "07.12.2020 16:00",
            "open": "5.116",
            "high": "5.116",
            "low": "5.116",
            "close": "5.112"
        },
        {
            "time": "07.12.2020 16:01",
            "open": "5.112",
            "high": "5.112",
            "low": "5.112",
            "close": "5.114"
        },
        {
            "time": "07.12.2020 16:05",
            "open": "5.114",
            "high": "5.117",
            "low": "5.114",
            "close": "5.109"
        },
        {
            "time": "07.12.2020 16:14",
            "open": "5.109",
            "high": "5.109",
            "low": "5.109",
            "close": "5.112"
        },
        {
            "time": "07.12.2020 16:15",
            "open": "5.112",
            "high": "5.112",
            "low": "5.112",
            "close": "5.105"
        },
        {
            "time": "07.12.2020 16:16",
            "open": "5.105",
            "high": "5.105",
            "low": "5.105",
            "close": "5.117"
        },
        {
            "time": "07.12.2020 16:19",
            "open": "5.117",
            "high": "5.117",
            "low": "5.117",
            "close": "5.109"
        },
        {
            "time": "07.12.2020 16:22",
            "open": "5.109",
            "high": "5.109",
            "low": "5.109",
            "close": "5.116"
        },
        {
            "time": "07.12.2020 16:23",
            "open": "5.116",
            "high": "5.12",
            "low": "5.116",
            "close": "5.113"
        },
        {
            "time": "07.12.2020 16:24",
            "open": "5.113",
            "high": "5.113",
            "low": "5.113",
            "close": "5.117"
        },
        {
            "time": "07.12.2020 16:30",
            "open": "5.117",
            "high": "5.117",
            "low": "5.117",
            "close": "5.122"
        },
        {
            "time": "07.12.2020 16:31",
            "open": "5.122",
            "high": "5.122",
            "low": "5.122",
            "close": "5.121"
        },
        {
            "time": "07.12.2020 16:32",
            "open": "5.121",
            "high": "5.125",
            "low": "5.121",
            "close": "5.118"
        },
        {
            "time": "07.12.2020 16:34",
            "open": "5.118",
            "high": "5.119",
            "low": "5.118",
            "close": "5.118"
        },
        {
            "time": "07.12.2020 16:37",
            "open": "5.118",
            "high": "5.118",
            "low": "5.118",
            "close": "5.123"
        },
        {
            "time": "07.12.2020 16:50",
            "open": "5.123",
            "high": "5.124",
            "low": "5.123",
            "close": "5.119"
        },
        {
            "time": "07.12.2020 16:51",
            "open": "5.119",
            "high": "5.12",
            "low": "5.119",
            "close": "5.118"
        },
        {
            "time": "07.12.2020 17:03",
            "open": "5.118",
            "high": "5.118",
            "low": "5.118",
            "close": "5.109"
        },
        {
            "time": "07.12.2020 17:04",
            "open": "5.109",
            "high": "5.109",
            "low": "5.109",
            "close": "5.118"
        },
        {
            "time": "07.12.2020 17:06",
            "open": "5.118",
            "high": "5.118",
            "low": "5.118",
            "close": "5.117"
        },
        {
            "time": "07.12.2020 17:10",
            "open": "5.117",
            "high": "5.117",
            "low": "5.115",
            "close": "5.112"
        },
        {
            "time": "07.12.2020 17:14",
            "open": "5.112",
            "high": "5.112",
            "low": "5.112",
            "close": "5.119"
        },
        {
            "time": "07.12.2020 17:17",
            "open": "5.119",
            "high": "5.121",
            "low": "5.119",
            "close": "5.117"
        },
        {
            "time": "07.12.2020 17:19",
            "open": "5.117",
            "high": "5.117",
            "low": "5.117",
            "close": "5.112"
        },
        {
            "time": "07.12.2020 17:20",
            "open": "5.112",
            "high": "5.112",
            "low": "5.112",
            "close": "5.12"
        },
        {
            "time": "07.12.2020 17:22",
            "open": "5.12",
            "high": "5.121",
            "low": "5.12",
            "close": "5.122"
        },
        {
            "time": "07.12.2020 17:24",
            "open": "5.122",
            "high": "5.122",
            "low": "5.122",
            "close": "5.125"
        },
        {
            "time": "07.12.2020 17:31",
            "open": "5.125",
            "high": "5.128",
            "low": "5.125",
            "close": "5.127"
        },
        {
            "time": "07.12.2020 17:32",
            "open": "5.127",
            "high": "5.13",
            "low": "5.127",
            "close": "5.13"
        },
        {
            "time": "07.12.2020 17:33",
            "open": "5.13",
            "high": "5.13",
            "low": "5.128",
            "close": "5.128"
        },
        {
            "time": "07.12.2020 17:35",
            "open": "5.128",
            "high": "5.128",
            "low": "5.128",
            "close": "5.127"
        },
        {
            "time": "07.12.2020 17:37",
            "open": "5.127",
            "high": "5.128",
            "low": "5.127",
            "close": "5.124"
        },
        {
            "time": "07.12.2020 17:38",
            "open": "5.124",
            "high": "5.124",
            "low": "5.123",
            "close": "5.123"
        },
        {
            "time": "07.12.2020 17:41",
            "open": "5.123",
            "high": "5.123",
            "low": "5.123",
            "close": "5.118"
        },
        {
            "time": "07.12.2020 17:48",
            "open": "5.118",
            "high": "5.118",
            "low": "5.118",
            "close": "5.115"
        },
        {
            "time": "07.12.2020 17:50",
            "open": "5.115",
            "high": "5.115",
            "low": "5.115",
            "close": "5.121"
        },
        {
            "time": "07.12.2020 17:53",
            "open": "5.121",
            "high": "5.121",
            "low": "5.121",
            "close": "5.127"
        },
        {
            "time": "07.12.2020 17:55",
            "open": "5.127",
            "high": "5.127",
            "low": "5.127",
            "close": "5.125"
        },
        {
            "time": "07.12.2020 17:57",
            "open": "5.125",
            "high": "5.125",
            "low": "5.125",
            "close": "5.12"
        },
        {
            "time": "07.12.2020 18:00",
            "open": "5.12",
            "high": "5.12",
            "low": "5.12",
            "close": "5.111"
        },
        {
            "time": "07.12.2020 18:01",
            "open": "5.111",
            "high": "5.111",
            "low": "5.111",
            "close": "5.114"
        },
        {
            "time": "07.12.2020 18:06",
            "open": "5.114",
            "high": "5.114",
            "low": "5.103",
            "close": "5.102"
        },
        {
            "time": "07.12.2020 18:07",
            "open": "5.102",
            "high": "5.116",
            "low": "5.102",
            "close": "5.121"
        },
        {
            "time": "07.12.2020 18:10",
            "open": "5.121",
            "high": "5.127",
            "low": "5.121",
            "close": "5.115"
        },
        {
            "time": "07.12.2020 18:28",
            "open": "5.115",
            "high": "5.123",
            "low": "5.114",
            "close": "5.115"
        },
        {
            "time": "07.12.2020 18:29",
            "open": "5.115",
            "high": "5.115",
            "low": "5.114",
            "close": "5.114"
        },
        {
            "time": "07.12.2020 18:31",
            "open": "5.114",
            "high": "5.114",
            "low": "5.113",
            "close": "5.112"
        },
        {
            "time": "07.12.2020 18:37",
            "open": "5.112",
            "high": "5.115",
            "low": "5.112",
            "close": "5.112"
        },
        {
            "time": "07.12.2020 18:38",
            "open": "5.112",
            "high": "5.112",
            "low": "5.106",
            "close": "5.113"
        },
        {
            "time": "07.12.2020 18:42",
            "open": "5.113",
            "high": "5.113",
            "low": "5.105",
            "close": "5.103"
        },
        {
            "time": "07.12.2020 18:43",
            "open": "5.103",
            "high": "5.106",
            "low": "5.103",
            "close": "5.106"
        },
        {
            "time": "07.12.2020 18:47",
            "open": "5.106",
            "high": "5.107",
            "low": "5.104",
            "close": "5.111"
        },
        {
            "time": "07.12.2020 18:48",
            "open": "5.111",
            "high": "5.111",
            "low": "5.11",
            "close": "5.106"
        },
        {
            "time": "07.12.2020 18:49",
            "open": "5.106",
            "high": "5.106",
            "low": "5.105",
            "close": "5.106"
        },
        {
            "time": "07.12.2020 18:50",
            "open": "5.106",
            "high": "5.106",
            "low": "5.103",
            "close": "5.108"
        },
        {
            "time": "07.12.2020 18:53",
            "open": "5.108",
            "high": "5.108",
            "low": "5.108",
            "close": "5.112"
        },
        {
            "time": "07.12.2020 19:02",
            "open": "5.112",
            "high": "5.112",
            "low": "5.112",
            "close": "5.104"
        },
        {
            "time": "07.12.2020 19:03",
            "open": "5.104",
            "high": "5.104",
            "low": "5.104",
            "close": "5.101"
        },
        {
            "time": "07.12.2020 19:05",
            "open": "5.101",
            "high": "5.101",
            "low": "5.1",
            "close": "5.09"
        },
        {
            "time": "07.12.2020 19:12",
            "open": "5.09",
            "high": "5.09",
            "low": "5.09",
            "close": "5.091"
        },
        {
            "time": "07.12.2020 19:13",
            "open": "5.091",
            "high": "5.091",
            "low": "5.091",
            "close": "5.09"
        },
        {
            "time": "07.12.2020 19:20",
            "open": "5.09",
            "high": "5.09",
            "low": "5.087",
            "close": "5.087"
        },
        {
            "time": "07.12.2020 19:21",
            "open": "5.087",
            "high": "5.087",
            "low": "5.057",
            "close": "5.052"
        },
        {
            "time": "07.12.2020 19:23",
            "open": "5.052",
            "high": "5.057",
            "low": "5.052",
            "close": "5.058"
        },
        {
            "time": "07.12.2020 19:24",
            "open": "5.058",
            "high": "5.06",
            "low": "5.058",
            "close": "5.059"
        },
        {
            "time": "07.12.2020 19:25",
            "open": "5.059",
            "high": "5.061",
            "low": "5.059",
            "close": "5.058"
        },
        {
            "time": "07.12.2020 19:26",
            "open": "5.058",
            "high": "5.058",
            "low": "5.058",
            "close": "5.058"
        },
        {
            "time": "07.12.2020 19:29",
            "open": "5.058",
            "high": "5.058",
            "low": "5.058",
            "close": "5.058"
        },
        {
            "time": "07.12.2020 19:30",
            "open": "5.058",
            "high": "5.062",
            "low": "5.058",
            "close": "5.057"
        },
        {
            "time": "07.12.2020 19:32",
            "open": "5.057",
            "high": "5.057",
            "low": "5.057",
            "close": "5.056"
        },
        {
            "time": "07.12.2020 19:41",
            "open": "5.056",
            "high": "5.056",
            "low": "5.056",
            "close": "5.063"
        },
        {
            "time": "07.12.2020 19:43",
            "open": "5.063",
            "high": "5.064",
            "low": "5.063",
            "close": "5.057"
        },
        {
            "time": "07.12.2020 19:45",
            "open": "5.057",
            "high": "5.057",
            "low": "5.057",
            "close": "5.056"
        },
        {
            "time": "07.12.2020 19:46",
            "open": "5.056",
            "high": "5.056",
            "low": "5.056",
            "close": "5.056"
        },
        {
            "time": "07.12.2020 19:47",
            "open": "5.056",
            "high": "5.056",
            "low": "5.05",
            "close": "5.043"
        },
        {
            "time": "07.12.2020 19:51",
            "open": "5.043",
            "high": "5.043",
            "low": "5.043",
            "close": "5.056"
        },
        {
            "time": "07.12.2020 19:54",
            "open": "5.056",
            "high": "5.056",
            "low": "5.056",
            "close": "5.041"
        },
        {
            "time": "07.12.2020 19:57",
            "open": "5.041",
            "high": "5.041",
            "low": "5.041",
            "close": "5.038"
        },
        {
            "time": "07.12.2020 20:01",
            "open": "5.038",
            "high": "5.039",
            "low": "5.035",
            "close": "5.064"
        },
        {
            "time": "07.12.2020 20:06",
            "open": "5.064",
            "high": "5.064",
            "low": "5.059",
            "close": "5.051"
        },
        {
            "time": "07.12.2020 20:12",
            "open": "5.051",
            "high": "5.051",
            "low": "5.051",
            "close": "5.042"
        },
        {
            "time": "07.12.2020 20:14",
            "open": "5.042",
            "high": "5.042",
            "low": "5.042",
            "close": "5.038"
        },
        {
            "time": "07.12.2020 20:19",
            "open": "5.038",
            "high": "5.038",
            "low": "5.036",
            "close": "5.045"
        },
        {
            "time": "07.12.2020 20:23",
            "open": "5.045",
            "high": "5.045",
            "low": "5.045",
            "close": "5.048"
        },
        {
            "time": "07.12.2020 20:31",
            "open": "5.048",
            "high": "5.049",
            "low": "5.048",
            "close": "5.05"
        },
        {
            "time": "07.12.2020 20:32",
            "open": "5.05",
            "high": "5.05",
            "low": "5.05",
            "close": "5.045"
        },
        {
            "time": "07.12.2020 20:33",
            "open": "5.045",
            "high": "5.045",
            "low": "5.045",
            "close": "5.042"
        },
        {
            "time": "07.12.2020 20:34",
            "open": "5.042",
            "high": "5.042",
            "low": "5.04",
            "close": "5.039"
        },
        {
            "time": "07.12.2020 20:35",
            "open": "5.039",
            "high": "5.039",
            "low": "5.039",
            "close": "5.041"
        },
        {
            "time": "07.12.2020 20:43",
            "open": "5.041",
            "high": "5.041",
            "low": "5.041",
            "close": "5.041"
        },
        {
            "time": "07.12.2020 20:51",
            "open": "5.041",
            "high": "5.041",
            "low": "5.041",
            "close": "5.046"
        },
        {
            "time": "07.12.2020 20:54",
            "open": "5.046",
            "high": "5.048",
            "low": "5.046",
            "close": "5.05"
        },
        {
            "time": "07.12.2020 20:55",
            "open": "5.05",
            "high": "5.05",
            "low": "5.05",
            "close": "5.05"
        },
        {
            "time": "07.12.2020 20:59",
            "open": "5.05",
            "high": "5.05",
            "low": "5.05",
            "close": "5.037"
        },
        {
            "time": "07.12.2020 21:02",
            "open": "5.037",
            "high": "5.037",
            "low": "5.037",
            "close": "5.046"
        },
        {
            "time": "07.12.2020 21:04",
            "open": "5.046",
            "high": "5.046",
            "low": "5.046",
            "close": "5.034"
        },
        {
            "time": "07.12.2020 21:12",
            "open": "5.034",
            "high": "5.034",
            "low": "5.034",
            "close": "5.041"
        },
        {
            "time": "07.12.2020 21:13",
            "open": "5.041",
            "high": "5.041",
            "low": "5.041",
            "close": "5.044"
        },
        {
            "time": "07.12.2020 21:22",
            "open": "5.044",
            "high": "5.046",
            "low": "5.044",
            "close": "5.048"
        },
        {
            "time": "07.12.2020 21:25",
            "open": "5.048",
            "high": "5.048",
            "low": "5.047",
            "close": "5.043"
        },
        {
            "time": "07.12.2020 21:26",
            "open": "5.043",
            "high": "5.043",
            "low": "5.042",
            "close": "5.05"
        },
        {
            "time": "07.12.2020 21:28",
            "open": "5.05",
            "high": "5.05",
            "low": "5.05",
            "close": "5.05"
        },
        {
            "time": "07.12.2020 21:32",
            "open": "5.05",
            "high": "5.05",
            "low": "5.05",
            "close": "5.05"
        },
        {
            "time": "07.12.2020 21:33",
            "open": "5.05",
            "high": "5.05",
            "low": "5.05",
            "close": "5.05"
        },
        {
            "time": "07.12.2020 21:39",
            "open": "5.05",
            "high": "5.05",
            "low": "5.05",
            "close": "5.05"
        },
        {
            "time": "07.12.2020 21:40",
            "open": "5.05",
            "high": "5.05",
            "low": "5.05",
            "close": "5.05"
        },
        {
            "time": "07.12.2020 21:44",
            "open": "5.05",
            "high": "5.05",
            "low": "5.05",
            "close": "5.05"
        },
        {
            "time": "07.12.2020 21:58",
            "open": "5.05",
            "high": "5.05",
            "low": "5.05",
            "close": "5.05"
        },
        {
            "time": "07.12.2020 21:59",
            "open": "5.05",
            "high": "5.05",
            "low": "5.05",
            "close": "5.05"
        },
        {
            "time": "07.12.2020 22:00",
            "open": "5.05",
            "high": "5.05",
            "low": "5.05",
            "close": "5.05"
        },
        {
            "time": "07.12.2020 22:02",
            "open": "5.05",
            "high": "5.05",
            "low": "5.05",
            "close": "5.047"
        },
        {
            "time": "07.12.2020 22:03",
            "open": "5.047",
            "high": "5.047",
            "low": "5.047",
            "close": "5.05"
        },
        {
            "time": "07.12.2020 22:05",
            "open": "5.05",
            "high": "5.05",
            "low": "5.05",
            "close": "5.05"
        },
        {
            "time": "07.12.2020 22:08",
            "open": "5.05",
            "high": "5.05",
            "low": "5.05",
            "close": "5.063"
        },
        {
            "time": "07.12.2020 22:09",
            "open": "5.063",
            "high": "5.071",
            "low": "5.063",
            "close": "5.074"
        },
        {
            "time": "07.12.2020 22:11",
            "open": "5.074",
            "high": "5.074",
            "low": "5.074",
            "close": "5.06"
        },
        {
            "time": "07.12.2020 22:12",
            "open": "5.06",
            "high": "5.06",
            "low": "5.06",
            "close": "5.068"
        },
        {
            "time": "07.12.2020 22:14",
            "open": "5.068",
            "high": "5.068",
            "low": "5.068",
            "close": "5.068"
        },
        {
            "time": "07.12.2020 22:17",
            "open": "5.068",
            "high": "5.068",
            "low": "5.068",
            "close": "5.066"
        },
        {
            "time": "07.12.2020 22:24",
            "open": "5.066",
            "high": "5.066",
            "low": "5.066",
            "close": "5.075"
        },
        {
            "time": "07.12.2020 22:25",
            "open": "5.075",
            "high": "5.075",
            "low": "5.069",
            "close": "5.073"
        },
        {
            "time": "07.12.2020 22:30",
            "open": "5.073",
            "high": "5.073",
            "low": "5.073",
            "close": "5.086"
        },
        {
            "time": "07.12.2020 22:31",
            "open": "5.086",
            "high": "5.086",
            "low": "5.086",
            "close": "5.072"
        },
        {
            "time": "07.12.2020 22:33",
            "open": "5.072",
            "high": "5.072",
            "low": "5.072",
            "close": "5.074"
        },
        {
            "time": "07.12.2020 22:36",
            "open": "5.074",
            "high": "5.075",
            "low": "5.074",
            "close": "5.091"
        },
        {
            "time": "07.12.2020 22:37",
            "open": "5.091",
            "high": "5.091",
            "low": "5.091",
            "close": "5.071"
        },
        {
            "time": "07.12.2020 22:45",
            "open": "5.071",
            "high": "5.071",
            "low": "5.071",
            "close": "5.076"
        },
        {
            "time": "07.12.2020 22:46",
            "open": "5.076",
            "high": "5.076",
            "low": "5.076",
            "close": "5.075"
        },
        {
            "time": "07.12.2020 22:47",
            "open": "5.075",
            "high": "5.075",
            "low": "5.075",
            "close": "5.082"
        },
        {
            "time": "07.12.2020 22:48",
            "open": "5.082",
            "high": "5.082",
            "low": "5.082",
            "close": "5.075"
        },
        {
            "time": "07.12.2020 22:51",
            "open": "5.075",
            "high": "5.075",
            "low": "5.075",
            "close": "5.085"
        },
        {
            "time": "07.12.2020 22:52",
            "open": "5.085",
            "high": "5.085",
            "low": "5.085",
            "close": "5.071"
        },
        {
            "time": "07.12.2020 22:57",
            "open": "5.071",
            "high": "5.071",
            "low": "5.071",
            "close": "5.071"
        },
        {
            "time": "07.12.2020 22:59",
            "open": "5.071",
            "high": "5.071",
            "low": "5.071",
            "close": "5.073"
        },
        {
            "time": "07.12.2020 23:03",
            "open": "5.073",
            "high": "5.073",
            "low": "5.073",
            "close": "5.082"
        },
        {
            "time": "07.12.2020 23:05",
            "open": "5.082",
            "high": "5.083",
            "low": "5.072",
            "close": "5.088"
        },
        {
            "time": "07.12.2020 23:17",
            "open": "5.088",
            "high": "5.092",
            "low": "5.088",
            "close": "5.076"
        },
        {
            "time": "07.12.2020 23:22",
            "open": "5.076",
            "high": "5.076",
            "low": "5.075",
            "close": "5.064"
        },
        {
            "time": "07.12.2020 23:32",
            "open": "5.064",
            "high": "5.065",
            "low": "5.063",
            "close": "5.063"
        },
        {
            "time": "07.12.2020 23:33",
            "open": "5.063",
            "high": "5.063",
            "low": "5.062",
            "close": "5.063"
        },
        {
            "time": "07.12.2020 23:40",
            "open": "5.063",
            "high": "5.063",
            "low": "5.063",
            "close": "5.063"
        },
        {
            "time": "07.12.2020 23:43",
            "open": "5.063",
            "high": "5.063",
            "low": "5.063",
            "close": "5.092"
        },
        {
            "time": "07.12.2020 23:45",
            "open": "5.092",
            "high": "5.093",
            "low": "5.092",
            "close": "5.081"
        },
        {
            "time": "07.12.2020 23:53",
            "open": "5.081",
            "high": "5.082",
            "low": "5.081",
            "close": "5.082"
        },
        {
            "time": "07.12.2020 23:54",
            "open": "5.082",
            "high": "5.082",
            "low": "5.082",
            "close": "5.087"
        }
    ]
}