{
    "ETC-EUR": [
        {
            "time": "30.10.2020 23:57",
            "open": "4.577",
            "high": "4.577",
            "low": "4.577",
            "close": "4.569"
        },
        {
            "time": "31.10.2020 00:01",
            "open": "4.569",
            "high": "4.569",
            "low": "4.569",
            "close": "4.571"
        },
        {
            "time": "31.10.2020 00:29",
            "open": "4.571",
            "high": "4.571",
            "low": "4.571",
            "close": "4.571"
        },
        {
            "time": "31.10.2020 00:33",
            "open": "4.571",
            "high": "4.571",
            "low": "4.571",
            "close": "4.562"
        },
        {
            "time": "31.10.2020 00:35",
            "open": "4.562",
            "high": "4.562",
            "low": "4.562",
            "close": "4.568"
        },
        {
            "time": "31.10.2020 00:36",
            "open": "4.568",
            "high": "4.568",
            "low": "4.568",
            "close": "4.557"
        },
        {
            "time": "31.10.2020 00:38",
            "open": "4.557",
            "high": "4.557",
            "low": "4.552",
            "close": "4.548"
        },
        {
            "time": "31.10.2020 00:39",
            "open": "4.548",
            "high": "4.548",
            "low": "4.548",
            "close": "4.541"
        },
        {
            "time": "31.10.2020 00:40",
            "open": "4.541",
            "high": "4.542",
            "low": "4.541",
            "close": "4.541"
        },
        {
            "time": "31.10.2020 00:41",
            "open": "4.541",
            "high": "4.541",
            "low": "4.537",
            "close": "4.531"
        },
        {
            "time": "31.10.2020 00:42",
            "open": "4.531",
            "high": "4.531",
            "low": "4.531",
            "close": "4.531"
        },
        {
            "time": "31.10.2020 00:44",
            "open": "4.531",
            "high": "4.531",
            "low": "4.531",
            "close": "4.519"
        },
        {
            "time": "31.10.2020 00:54",
            "open": "4.519",
            "high": "4.525",
            "low": "4.516",
            "close": "4.522"
        },
        {
            "time": "31.10.2020 00:55",
            "open": "4.522",
            "high": "4.522",
            "low": "4.518",
            "close": "4.519"
        },
        {
            "time": "31.10.2020 00:56",
            "open": "4.515",
            "high": "4.515",
            "low": "4.515",
            "close": "4.531"
        },
        {
            "time": "31.10.2020 01:50",
            "open": "4.531",
            "high": "4.531",
            "low": "4.531",
            "close": "4.521"
        },
        {
            "time": "31.10.2020 02:23",
            "open": "4.521",
            "high": "4.521",
            "low": "4.521",
            "close": "4.521"
        },
        {
            "time": "31.10.2020 02:24",
            "open": "4.516",
            "high": "4.516",
            "low": "4.516",
            "close": "4.525"
        },
        {
            "time": "31.10.2020 02:54",
            "open": "4.525",
            "high": "4.525",
            "low": "4.525",
            "close": "4.525"
        },
        {
            "time": "31.10.2020 03:19",
            "open": "4.525",
            "high": "4.525",
            "low": "4.525",
            "close": "4.542"
        },
        {
            "time": "31.10.2020 03:38",
            "open": "4.542",
            "high": "4.542",
            "low": "4.542",
            "close": "4.525"
        },
        {
            "time": "31.10.2020 04:21",
            "open": "4.525",
            "high": "4.525",
            "low": "4.525",
            "close": "4.508"
        },
        {
            "time": "31.10.2020 04:49",
            "open": "4.508",
            "high": "4.508",
            "low": "4.508",
            "close": "4.522"
        },
        {
            "time": "31.10.2020 05:22",
            "open": "4.522",
            "high": "4.53",
            "low": "4.522",
            "close": "4.501"
        },
        {
            "time": "31.10.2020 06:19",
            "open": "4.501",
            "high": "4.501",
            "low": "4.501",
            "close": "4.502"
        },
        {
            "time": "31.10.2020 06:27",
            "open": "4.502",
            "high": "4.502",
            "low": "4.501",
            "close": "4.512"
        },
        {
            "time": "31.10.2020 06:49",
            "open": "4.512",
            "high": "4.512",
            "low": "4.512",
            "close": "4.5"
        },
        {
            "time": "31.10.2020 07:05",
            "open": "4.5",
            "high": "4.5",
            "low": "4.499",
            "close": "4.515"
        },
        {
            "time": "31.10.2020 07:15",
            "open": "4.515",
            "high": "4.515",
            "low": "4.515",
            "close": "4.508"
        },
        {
            "time": "31.10.2020 07:27",
            "open": "4.508",
            "high": "4.508",
            "low": "4.508",
            "close": "4.523"
        },
        {
            "time": "31.10.2020 07:51",
            "open": "4.523",
            "high": "4.523",
            "low": "4.523",
            "close": "4.529"
        },
        {
            "time": "31.10.2020 08:13",
            "open": "4.529",
            "high": "4.529",
            "low": "4.529",
            "close": "4.544"
        },
        {
            "time": "31.10.2020 08:27",
            "open": "4.544",
            "high": "4.544",
            "low": "4.544",
            "close": "4.56"
        },
        {
            "time": "31.10.2020 08:35",
            "open": "4.56",
            "high": "4.568",
            "low": "4.56",
            "close": "4.559"
        },
        {
            "time": "31.10.2020 08:42",
            "open": "4.559",
            "high": "4.559",
            "low": "4.559",
            "close": "4.544"
        },
        {
            "time": "31.10.2020 09:16",
            "open": "4.544",
            "high": "4.546",
            "low": "4.544",
            "close": "4.564"
        },
        {
            "time": "31.10.2020 09:17",
            "open": "4.564",
            "high": "4.564",
            "low": "4.564",
            "close": "4.556"
        },
        {
            "time": "31.10.2020 09:22",
            "open": "4.556",
            "high": "4.556",
            "low": "4.556",
            "close": "4.561"
        },
        {
            "time": "31.10.2020 09:48",
            "open": "4.561",
            "high": "4.561",
            "low": "4.561",
            "close": "4.557"
        },
        {
            "time": "31.10.2020 10:10",
            "open": "4.557",
            "high": "4.567",
            "low": "4.557",
            "close": "4.56"
        },
        {
            "time": "31.10.2020 10:11",
            "open": "4.56",
            "high": "4.572",
            "low": "4.558",
            "close": "4.559"
        },
        {
            "time": "31.10.2020 10:15",
            "open": "4.559",
            "high": "4.559",
            "low": "4.559",
            "close": "4.559"
        },
        {
            "time": "31.10.2020 10:23",
            "open": "4.559",
            "high": "4.559",
            "low": "4.551",
            "close": "4.553"
        },
        {
            "time": "31.10.2020 10:25",
            "open": "4.553",
            "high": "4.553",
            "low": "4.553",
            "close": "4.559"
        },
        {
            "time": "31.10.2020 10:27",
            "open": "4.559",
            "high": "4.559",
            "low": "4.559",
            "close": "4.556"
        },
        {
            "time": "31.10.2020 10:34",
            "open": "4.556",
            "high": "4.558",
            "low": "4.556",
            "close": "4.566"
        },
        {
            "time": "31.10.2020 10:38",
            "open": "4.566",
            "high": "4.566",
            "low": "4.566",
            "close": "4.558"
        },
        {
            "time": "31.10.2020 10:49",
            "open": "4.558",
            "high": "4.558",
            "low": "4.558",
            "close": "4.552"
        },
        {
            "time": "31.10.2020 11:03",
            "open": "4.552",
            "high": "4.552",
            "low": "4.552",
            "close": "4.551"
        },
        {
            "time": "31.10.2020 11:04",
            "open": "4.551",
            "high": "4.551",
            "low": "4.551",
            "close": "4.556"
        },
        {
            "time": "31.10.2020 11:05",
            "open": "4.556",
            "high": "4.556",
            "low": "4.556",
            "close": "4.572"
        },
        {
            "time": "31.10.2020 11:06",
            "open": "4.572",
            "high": "4.594",
            "low": "4.572",
            "close": "4.551"
        },
        {
            "time": "31.10.2020 11:11",
            "open": "4.551",
            "high": "4.551",
            "low": "4.551",
            "close": "4.552"
        },
        {
            "time": "31.10.2020 11:13",
            "open": "4.552",
            "high": "4.552",
            "low": "4.551",
            "close": "4.556"
        },
        {
            "time": "31.10.2020 11:14",
            "open": "4.556",
            "high": "4.556",
            "low": "4.556",
            "close": "4.551"
        },
        {
            "time": "31.10.2020 11:16",
            "open": "4.551",
            "high": "4.551",
            "low": "4.55",
            "close": "4.542"
        },
        {
            "time": "31.10.2020 11:21",
            "open": "4.542",
            "high": "4.542",
            "low": "4.542",
            "close": "4.538"
        },
        {
            "time": "31.10.2020 11:23",
            "open": "4.538",
            "high": "4.538",
            "low": "4.538",
            "close": "4.531"
        },
        {
            "time": "31.10.2020 11:25",
            "open": "4.518",
            "high": "4.518",
            "low": "4.518",
            "close": "4.525"
        },
        {
            "time": "31.10.2020 11:29",
            "open": "4.525",
            "high": "4.525",
            "low": "4.525",
            "close": "4.521"
        },
        {
            "time": "31.10.2020 11:43",
            "open": "4.521",
            "high": "4.521",
            "low": "4.521",
            "close": "4.53"
        },
        {
            "time": "31.10.2020 11:44",
            "open": "4.53",
            "high": "4.534",
            "low": "4.53",
            "close": "4.543"
        },
        {
            "time": "31.10.2020 11:54",
            "open": "4.543",
            "high": "4.543",
            "low": "4.543",
            "close": "4.536"
        },
        {
            "time": "31.10.2020 12:05",
            "open": "4.536",
            "high": "4.536",
            "low": "4.536",
            "close": "4.535"
        },
        {
            "time": "31.10.2020 12:06",
            "open": "4.535",
            "high": "4.535",
            "low": "4.535",
            "close": "4.532"
        },
        {
            "time": "31.10.2020 12:07",
            "open": "4.532",
            "high": "4.535",
            "low": "4.532",
            "close": "4.536"
        },
        {
            "time": "31.10.2020 12:08",
            "open": "4.536",
            "high": "4.536",
            "low": "4.535",
            "close": "4.534"
        },
        {
            "time": "31.10.2020 12:09",
            "open": "4.534",
            "high": "4.535",
            "low": "4.534",
            "close": "4.535"
        },
        {
            "time": "31.10.2020 12:11",
            "open": "4.535",
            "high": "4.535",
            "low": "4.517",
            "close": "4.539"
        },
        {
            "time": "31.10.2020 12:20",
            "open": "4.539",
            "high": "4.539",
            "low": "4.539",
            "close": "4.521"
        },
        {
            "time": "31.10.2020 12:35",
            "open": "4.521",
            "high": "4.521",
            "low": "4.521",
            "close": "4.531"
        },
        {
            "time": "31.10.2020 12:44",
            "open": "4.531",
            "high": "4.531",
            "low": "4.531",
            "close": "4.53"
        },
        {
            "time": "31.10.2020 12:55",
            "open": "4.53",
            "high": "4.53",
            "low": "4.527",
            "close": "4.532"
        },
        {
            "time": "31.10.2020 13:01",
            "open": "4.532",
            "high": "4.532",
            "low": "4.532",
            "close": "4.532"
        },
        {
            "time": "31.10.2020 13:02",
            "open": "4.532",
            "high": "4.532",
            "low": "4.532",
            "close": "4.537"
        },
        {
            "time": "31.10.2020 13:04",
            "open": "4.537",
            "high": "4.537",
            "low": "4.537",
            "close": "4.544"
        },
        {
            "time": "31.10.2020 13:07",
            "open": "4.544",
            "high": "4.551",
            "low": "4.544",
            "close": "4.551"
        },
        {
            "time": "31.10.2020 13:09",
            "open": "4.551",
            "high": "4.551",
            "low": "4.541",
            "close": "4.543"
        },
        {
            "time": "31.10.2020 13:15",
            "open": "4.543",
            "high": "4.543",
            "low": "4.543",
            "close": "4.549"
        },
        {
            "time": "31.10.2020 13:21",
            "open": "4.549",
            "high": "4.549",
            "low": "4.549",
            "close": "4.542"
        },
        {
            "time": "31.10.2020 13:26",
            "open": "4.542",
            "high": "4.542",
            "low": "4.542",
            "close": "4.539"
        },
        {
            "time": "31.10.2020 13:30",
            "open": "4.539",
            "high": "4.539",
            "low": "4.539",
            "close": "4.548"
        },
        {
            "time": "31.10.2020 13:36",
            "open": "4.548",
            "high": "4.548",
            "low": "4.548",
            "close": "4.547"
        },
        {
            "time": "31.10.2020 13:37",
            "open": "4.547",
            "high": "4.56",
            "low": "4.547",
            "close": "4.535"
        },
        {
            "time": "31.10.2020 13:38",
            "open": "4.535",
            "high": "4.535",
            "low": "4.535",
            "close": "4.537"
        },
        {
            "time": "31.10.2020 13:49",
            "open": "4.537",
            "high": "4.537",
            "low": "4.537",
            "close": "4.541"
        },
        {
            "time": "31.10.2020 13:50",
            "open": "4.541",
            "high": "4.541",
            "low": "4.541",
            "close": "4.545"
        },
        {
            "time": "31.10.2020 14:05",
            "open": "4.545",
            "high": "4.557",
            "low": "4.545",
            "close": "4.556"
        },
        {
            "time": "31.10.2020 14:06",
            "open": "4.556",
            "high": "4.556",
            "low": "4.556",
            "close": "4.555"
        },
        {
            "time": "31.10.2020 14:07",
            "open": "4.555",
            "high": "4.557",
            "low": "4.555",
            "close": "4.539"
        },
        {
            "time": "31.10.2020 14:11",
            "open": "4.539",
            "high": "4.539",
            "low": "4.539",
            "close": "4.538"
        },
        {
            "time": "31.10.2020 14:23",
            "open": "4.538",
            "high": "4.541",
            "low": "4.538",
            "close": "4.538"
        },
        {
            "time": "31.10.2020 14:28",
            "open": "4.538",
            "high": "4.538",
            "low": "4.538",
            "close": "4.544"
        },
        {
            "time": "31.10.2020 14:32",
            "open": "4.544",
            "high": "4.544",
            "low": "4.544",
            "close": "4.544"
        },
        {
            "time": "31.10.2020 14:39",
            "open": "4.544",
            "high": "4.548",
            "low": "4.544",
            "close": "4.551"
        },
        {
            "time": "31.10.2020 14:44",
            "open": "4.551",
            "high": "4.554",
            "low": "4.551",
            "close": "4.545"
        },
        {
            "time": "31.10.2020 14:54",
            "open": "4.545",
            "high": "4.545",
            "low": "4.545",
            "close": "4.545"
        },
        {
            "time": "31.10.2020 14:56",
            "open": "4.545",
            "high": "4.545",
            "low": "4.545",
            "close": "4.536"
        },
        {
            "time": "31.10.2020 14:59",
            "open": "4.536",
            "high": "4.536",
            "low": "4.536",
            "close": "4.534"
        },
        {
            "time": "31.10.2020 15:01",
            "open": "4.534",
            "high": "4.534",
            "low": "4.534",
            "close": "4.544"
        },
        {
            "time": "31.10.2020 15:10",
            "open": "4.544",
            "high": "4.544",
            "low": "4.544",
            "close": "4.544"
        },
        {
            "time": "31.10.2020 15:23",
            "open": "4.544",
            "high": "4.545",
            "low": "4.544",
            "close": "4.527"
        },
        {
            "time": "31.10.2020 15:28",
            "open": "4.527",
            "high": "4.527",
            "low": "4.527",
            "close": "4.534"
        },
        {
            "time": "31.10.2020 15:31",
            "open": "4.534",
            "high": "4.534",
            "low": "4.534",
            "close": "4.537"
        },
        {
            "time": "31.10.2020 15:32",
            "open": "4.537",
            "high": "4.537",
            "low": "4.537",
            "close": "4.535"
        },
        {
            "time": "31.10.2020 15:36",
            "open": "4.535",
            "high": "4.535",
            "low": "4.535",
            "close": "4.528"
        },
        {
            "time": "31.10.2020 15:40",
            "open": "4.528",
            "high": "4.529",
            "low": "4.528",
            "close": "4.525"
        },
        {
            "time": "31.10.2020 15:41",
            "open": "4.525",
            "high": "4.535",
            "low": "4.525",
            "close": "4.532"
        },
        {
            "time": "31.10.2020 15:44",
            "open": "4.532",
            "high": "4.532",
            "low": "4.532",
            "close": "4.537"
        },
        {
            "time": "31.10.2020 15:46",
            "open": "4.537",
            "high": "4.537",
            "low": "4.537",
            "close": "4.537"
        },
        {
            "time": "31.10.2020 15:50",
            "open": "4.537",
            "high": "4.537",
            "low": "4.535",
            "close": "4.541"
        },
        {
            "time": "31.10.2020 15:51",
            "open": "4.541",
            "high": "4.542",
            "low": "4.541",
            "close": "4.535"
        },
        {
            "time": "31.10.2020 15:53",
            "open": "4.535",
            "high": "4.535",
            "low": "4.533",
            "close": "4.533"
        },
        {
            "time": "31.10.2020 15:54",
            "open": "4.533",
            "high": "4.536",
            "low": "4.533",
            "close": "4.532"
        },
        {
            "time": "31.10.2020 15:58",
            "open": "4.532",
            "high": "4.532",
            "low": "4.532",
            "close": "4.533"
        },
        {
            "time": "31.10.2020 16:05",
            "open": "4.533",
            "high": "4.533",
            "low": "4.533",
            "close": "4.532"
        },
        {
            "time": "31.10.2020 16:09",
            "open": "4.532",
            "high": "4.532",
            "low": "4.532",
            "close": "4.534"
        },
        {
            "time": "31.10.2020 16:11",
            "open": "4.534",
            "high": "4.534",
            "low": "4.534",
            "close": "4.532"
        },
        {
            "time": "31.10.2020 16:19",
            "open": "4.532",
            "high": "4.532",
            "low": "4.532",
            "close": "4.529"
        },
        {
            "time": "31.10.2020 16:25",
            "open": "4.529",
            "high": "4.532",
            "low": "4.529",
            "close": "4.542"
        },
        {
            "time": "31.10.2020 16:37",
            "open": "4.544",
            "high": "4.544",
            "low": "4.544",
            "close": "4.54"
        },
        {
            "time": "31.10.2020 16:49",
            "open": "4.54",
            "high": "4.54",
            "low": "4.54",
            "close": "4.54"
        },
        {
            "time": "31.10.2020 16:50",
            "open": "4.54",
            "high": "4.54",
            "low": "4.539",
            "close": "4.552"
        },
        {
            "time": "31.10.2020 16:51",
            "open": "4.552",
            "high": "4.552",
            "low": "4.552",
            "close": "4.537"
        },
        {
            "time": "31.10.2020 17:05",
            "open": "4.537",
            "high": "4.537",
            "low": "4.536",
            "close": "4.535"
        },
        {
            "time": "31.10.2020 17:17",
            "open": "4.535",
            "high": "4.535",
            "low": "4.535",
            "close": "4.516"
        },
        {
            "time": "31.10.2020 17:26",
            "open": "4.516",
            "high": "4.516",
            "low": "4.512",
            "close": "4.52"
        },
        {
            "time": "31.10.2020 17:29",
            "open": "4.52",
            "high": "4.52",
            "low": "4.52",
            "close": "4.513"
        },
        {
            "time": "31.10.2020 17:31",
            "open": "4.513",
            "high": "4.553",
            "low": "4.513",
            "close": "4.522"
        },
        {
            "time": "31.10.2020 17:32",
            "open": "4.522",
            "high": "4.522",
            "low": "4.52",
            "close": "4.528"
        },
        {
            "time": "31.10.2020 17:35",
            "open": "4.528",
            "high": "4.528",
            "low": "4.528",
            "close": "4.532"
        },
        {
            "time": "31.10.2020 17:39",
            "open": "4.532",
            "high": "4.532",
            "low": "4.532",
            "close": "4.529"
        },
        {
            "time": "31.10.2020 17:47",
            "open": "4.529",
            "high": "4.529",
            "low": "4.529",
            "close": "4.515"
        },
        {
            "time": "31.10.2020 18:08",
            "open": "4.515",
            "high": "4.515",
            "low": "4.511",
            "close": "4.519"
        },
        {
            "time": "31.10.2020 18:10",
            "open": "4.519",
            "high": "4.519",
            "low": "4.518",
            "close": "4.527"
        },
        {
            "time": "31.10.2020 18:26",
            "open": "4.527",
            "high": "4.527",
            "low": "4.527",
            "close": "4.522"
        },
        {
            "time": "31.10.2020 18:32",
            "open": "4.522",
            "high": "4.522",
            "low": "4.522",
            "close": "4.522"
        },
        {
            "time": "31.10.2020 18:33",
            "open": "4.522",
            "high": "4.522",
            "low": "4.522",
            "close": "4.526"
        },
        {
            "time": "31.10.2020 18:42",
            "open": "4.526",
            "high": "4.526",
            "low": "4.526",
            "close": "4.529"
        },
        {
            "time": "31.10.2020 18:45",
            "open": "4.529",
            "high": "4.529",
            "low": "4.529",
            "close": "4.535"
        },
        {
            "time": "31.10.2020 18:47",
            "open": "4.535",
            "high": "4.536",
            "low": "4.535",
            "close": "4.528"
        },
        {
            "time": "31.10.2020 18:52",
            "open": "4.528",
            "high": "4.528",
            "low": "4.528",
            "close": "4.536"
        },
        {
            "time": "31.10.2020 18:53",
            "open": "4.536",
            "high": "4.537",
            "low": "4.536",
            "close": "4.536"
        },
        {
            "time": "31.10.2020 18:55",
            "open": "4.536",
            "high": "4.536",
            "low": "4.536",
            "close": "4.536"
        },
        {
            "time": "31.10.2020 19:01",
            "open": "4.536",
            "high": "4.536",
            "low": "4.536",
            "close": "4.536"
        },
        {
            "time": "31.10.2020 19:02",
            "open": "4.536",
            "high": "4.536",
            "low": "4.536",
            "close": "4.52"
        },
        {
            "time": "31.10.2020 19:10",
            "open": "4.52",
            "high": "4.52",
            "low": "4.52",
            "close": "4.518"
        },
        {
            "time": "31.10.2020 19:15",
            "open": "4.518",
            "high": "4.518",
            "low": "4.517",
            "close": "4.522"
        },
        {
            "time": "31.10.2020 19:16",
            "open": "4.522",
            "high": "4.522",
            "low": "4.522",
            "close": "4.521"
        },
        {
            "time": "31.10.2020 19:25",
            "open": "4.521",
            "high": "4.527",
            "low": "4.521",
            "close": "4.518"
        },
        {
            "time": "31.10.2020 19:26",
            "open": "4.518",
            "high": "4.537",
            "low": "4.518",
            "close": "4.528"
        },
        {
            "time": "31.10.2020 19:28",
            "open": "4.528",
            "high": "4.528",
            "low": "4.528",
            "close": "4.517"
        },
        {
            "time": "31.10.2020 19:39",
            "open": "4.517",
            "high": "4.517",
            "low": "4.517",
            "close": "4.513"
        },
        {
            "time": "31.10.2020 19:41",
            "open": "4.513",
            "high": "4.514",
            "low": "4.513",
            "close": "4.517"
        },
        {
            "time": "31.10.2020 19:46",
            "open": "4.517",
            "high": "4.517",
            "low": "4.517",
            "close": "4.52"
        },
        {
            "time": "31.10.2020 19:51",
            "open": "4.52",
            "high": "4.52",
            "low": "4.52",
            "close": "4.519"
        },
        {
            "time": "31.10.2020 19:52",
            "open": "4.519",
            "high": "4.519",
            "low": "4.519",
            "close": "4.523"
        },
        {
            "time": "31.10.2020 19:54",
            "open": "4.523",
            "high": "4.523",
            "low": "4.523",
            "close": "4.516"
        },
        {
            "time": "31.10.2020 19:56",
            "open": "4.516",
            "high": "4.516",
            "low": "4.516",
            "close": "4.519"
        },
        {
            "time": "31.10.2020 19:59",
            "open": "4.519",
            "high": "4.53",
            "low": "4.519",
            "close": "4.522"
        },
        {
            "time": "31.10.2020 20:04",
            "open": "4.522",
            "high": "4.522",
            "low": "4.522",
            "close": "4.516"
        },
        {
            "time": "31.10.2020 20:05",
            "open": "4.516",
            "high": "4.516",
            "low": "4.516",
            "close": "4.519"
        },
        {
            "time": "31.10.2020 20:27",
            "open": "4.519",
            "high": "4.521",
            "low": "4.519",
            "close": "4.521"
        },
        {
            "time": "31.10.2020 20:29",
            "open": "4.521",
            "high": "4.521",
            "low": "4.521",
            "close": "4.511"
        },
        {
            "time": "31.10.2020 20:41",
            "open": "4.511",
            "high": "4.511",
            "low": "4.511",
            "close": "4.513"
        },
        {
            "time": "31.10.2020 20:51",
            "open": "4.513",
            "high": "4.513",
            "low": "4.513",
            "close": "4.512"
        },
        {
            "time": "31.10.2020 20:59",
            "open": "4.512",
            "high": "4.512",
            "low": "4.512",
            "close": "4.518"
        },
        {
            "time": "31.10.2020 21:11",
            "open": "4.518",
            "high": "4.518",
            "low": "4.518",
            "close": "4.514"
        },
        {
            "time": "31.10.2020 21:12",
            "open": "4.514",
            "high": "4.519",
            "low": "4.514",
            "close": "4.517"
        },
        {
            "time": "31.10.2020 21:19",
            "open": "4.517",
            "high": "4.517",
            "low": "4.517",
            "close": "4.515"
        },
        {
            "time": "31.10.2020 21:23",
            "open": "4.515",
            "high": "4.515",
            "low": "4.515",
            "close": "4.516"
        },
        {
            "time": "31.10.2020 21:33",
            "open": "4.516",
            "high": "4.516",
            "low": "4.516",
            "close": "4.517"
        },
        {
            "time": "31.10.2020 21:38",
            "open": "4.517",
            "high": "4.517",
            "low": "4.517",
            "close": "4.516"
        },
        {
            "time": "31.10.2020 21:40",
            "open": "4.516",
            "high": "4.516",
            "low": "4.516",
            "close": "4.517"
        },
        {
            "time": "31.10.2020 21:56",
            "open": "4.517",
            "high": "4.518",
            "low": "4.517",
            "close": "4.523"
        },
        {
            "time": "31.10.2020 22:01",
            "open": "4.523",
            "high": "4.523",
            "low": "4.523",
            "close": "4.516"
        },
        {
            "time": "31.10.2020 22:02",
            "open": "4.516",
            "high": "4.516",
            "low": "4.516",
            "close": "4.519"
        },
        {
            "time": "31.10.2020 22:07",
            "open": "4.519",
            "high": "4.521",
            "low": "4.519",
            "close": "4.52"
        },
        {
            "time": "31.10.2020 22:08",
            "open": "4.52",
            "high": "4.52",
            "low": "4.52",
            "close": "4.52"
        },
        {
            "time": "31.10.2020 22:09",
            "open": "4.52",
            "high": "4.52",
            "low": "4.52",
            "close": "4.519"
        },
        {
            "time": "31.10.2020 22:15",
            "open": "4.519",
            "high": "4.519",
            "low": "4.519",
            "close": "4.521"
        },
        {
            "time": "31.10.2020 22:16",
            "open": "4.521",
            "high": "4.522",
            "low": "4.521",
            "close": "4.522"
        },
        {
            "time": "31.10.2020 22:20",
            "open": "4.522",
            "high": "4.522",
            "low": "4.522",
            "close": "4.522"
        },
        {
            "time": "31.10.2020 22:36",
            "open": "4.522",
            "high": "4.524",
            "low": "4.521",
            "close": "4.521"
        },
        {
            "time": "31.10.2020 22:37",
            "open": "4.521",
            "high": "4.522",
            "low": "4.521",
            "close": "4.522"
        },
        {
            "time": "31.10.2020 22:38",
            "open": "4.522",
            "high": "4.522",
            "low": "4.521",
            "close": "4.52"
        },
        {
            "time": "31.10.2020 22:39",
            "open": "4.52",
            "high": "4.52",
            "low": "4.52",
            "close": "4.522"
        },
        {
            "time": "31.10.2020 22:40",
            "open": "4.522",
            "high": "4.541",
            "low": "4.522",
            "close": "4.524"
        },
        {
            "time": "31.10.2020 22:41",
            "open": "4.524",
            "high": "4.524",
            "low": "4.52",
            "close": "4.521"
        },
        {
            "time": "31.10.2020 22:42",
            "open": "4.521",
            "high": "4.521",
            "low": "4.521",
            "close": "4.523"
        },
        {
            "time": "31.10.2020 23:07",
            "open": "4.523",
            "high": "4.523",
            "low": "4.523",
            "close": "4.525"
        },
        {
            "time": "31.10.2020 23:09",
            "open": "4.525",
            "high": "4.526",
            "low": "4.525",
            "close": "4.523"
        },
        {
            "time": "31.10.2020 23:10",
            "open": "4.523",
            "high": "4.523",
            "low": "4.523",
            "close": "4.53"
        },
        {
            "time": "31.10.2020 23:15",
            "open": "4.53",
            "high": "4.531",
            "low": "4.53",
            "close": "4.533"
        },
        {
            "time": "31.10.2020 23:41",
            "open": "4.533",
            "high": "4.533",
            "low": "4.533",
            "close": "4.536"
        },
        {
            "time": "31.10.2020 23:56",
            "open": "4.536",
            "high": "4.536",
            "low": "4.536",
            "close": "4.536"
        }
    ]
}