{
    "ETC-EUR": [
        {
            "time": "13.12.2020 23:48",
            "open": "5.008",
            "high": "5.008",
            "low": "5.008",
            "close": "5.014"
        },
        {
            "time": "14.12.2020 00:01",
            "open": "5.014",
            "high": "5.014",
            "low": "5.014",
            "close": "5.01"
        },
        {
            "time": "14.12.2020 00:06",
            "open": "5.01",
            "high": "5.01",
            "low": "5.01",
            "close": "5.015"
        },
        {
            "time": "14.12.2020 00:14",
            "open": "5.015",
            "high": "5.015",
            "low": "5.015",
            "close": "5.038"
        },
        {
            "time": "14.12.2020 00:19",
            "open": "5.038",
            "high": "5.038",
            "low": "5.038",
            "close": "5.036"
        },
        {
            "time": "14.12.2020 00:20",
            "open": "5.036",
            "high": "5.036",
            "low": "5.028",
            "close": "5.041"
        },
        {
            "time": "14.12.2020 00:32",
            "open": "5.041",
            "high": "5.041",
            "low": "5.041",
            "close": "5.036"
        },
        {
            "time": "14.12.2020 00:51",
            "open": "5.036",
            "high": "5.036",
            "low": "5.036",
            "close": "5.023"
        },
        {
            "time": "14.12.2020 01:22",
            "open": "5.023",
            "high": "5.023",
            "low": "5.023",
            "close": "5.015"
        },
        {
            "time": "14.12.2020 01:37",
            "open": "5.015",
            "high": "5.015",
            "low": "5.014",
            "close": "5.014"
        },
        {
            "time": "14.12.2020 01:38",
            "open": "5.014",
            "high": "5.014",
            "low": "5.014",
            "close": "5.039"
        },
        {
            "time": "14.12.2020 01:42",
            "open": "5.039",
            "high": "5.039",
            "low": "5.031",
            "close": "5.026"
        },
        {
            "time": "14.12.2020 01:45",
            "open": "5.026",
            "high": "5.026",
            "low": "5.025",
            "close": "5.014"
        },
        {
            "time": "14.12.2020 01:47",
            "open": "5.014",
            "high": "5.014",
            "low": "5.014",
            "close": "5.009"
        },
        {
            "time": "14.12.2020 01:50",
            "open": "5.009",
            "high": "5.009",
            "low": "5.009",
            "close": "5.032"
        },
        {
            "time": "14.12.2020 02:31",
            "open": "5.032",
            "high": "5.032",
            "low": "5.032",
            "close": "5.02"
        },
        {
            "time": "14.12.2020 02:53",
            "open": "5.02",
            "high": "5.021",
            "low": "5.02",
            "close": "5.026"
        },
        {
            "time": "14.12.2020 02:58",
            "open": "5.026",
            "high": "5.026",
            "low": "5.026",
            "close": "5.024"
        },
        {
            "time": "14.12.2020 02:59",
            "open": "5.024",
            "high": "5.025",
            "low": "5.024",
            "close": "5.02"
        },
        {
            "time": "14.12.2020 03:01",
            "open": "5.02",
            "high": "5.02",
            "low": "5.02",
            "close": "5.028"
        },
        {
            "time": "14.12.2020 03:02",
            "open": "5.028",
            "high": "5.028",
            "low": "5.028",
            "close": "5.035"
        },
        {
            "time": "14.12.2020 03:12",
            "open": "5.035",
            "high": "5.035",
            "low": "5.035",
            "close": "5.056"
        },
        {
            "time": "14.12.2020 03:41",
            "open": "5.056",
            "high": "5.056",
            "low": "5.056",
            "close": "5.059"
        },
        {
            "time": "14.12.2020 03:46",
            "open": "5.059",
            "high": "5.059",
            "low": "5.056",
            "close": "5.06"
        },
        {
            "time": "14.12.2020 03:47",
            "open": "5.06",
            "high": "5.06",
            "low": "5.06",
            "close": "5.059"
        },
        {
            "time": "14.12.2020 03:48",
            "open": "5.059",
            "high": "5.06",
            "low": "5.059",
            "close": "5.063"
        },
        {
            "time": "14.12.2020 03:49",
            "open": "5.063",
            "high": "5.063",
            "low": "5.063",
            "close": "5.06"
        },
        {
            "time": "14.12.2020 03:51",
            "open": "5.06",
            "high": "5.06",
            "low": "5.06",
            "close": "5.052"
        },
        {
            "time": "14.12.2020 04:36",
            "open": "5.052",
            "high": "5.052",
            "low": "5.052",
            "close": "5.029"
        },
        {
            "time": "14.12.2020 05:09",
            "open": "5.029",
            "high": "5.029",
            "low": "5.029",
            "close": "5.027"
        },
        {
            "time": "14.12.2020 05:16",
            "open": "5.027",
            "high": "5.027",
            "low": "5.027",
            "close": "5.005"
        },
        {
            "time": "14.12.2020 05:21",
            "open": "5.005",
            "high": "5.005",
            "low": "4.996",
            "close": "4.99"
        },
        {
            "time": "14.12.2020 05:23",
            "open": "4.99",
            "high": "4.99",
            "low": "4.989",
            "close": "4.998"
        },
        {
            "time": "14.12.2020 05:24",
            "open": "4.998",
            "high": "4.998",
            "low": "4.983",
            "close": "4.984"
        },
        {
            "time": "14.12.2020 05:25",
            "open": "4.984",
            "high": "4.984",
            "low": "4.984",
            "close": "4.98"
        },
        {
            "time": "14.12.2020 05:27",
            "open": "4.98",
            "high": "4.98",
            "low": "4.98",
            "close": "4.974"
        },
        {
            "time": "14.12.2020 05:28",
            "open": "4.974",
            "high": "4.974",
            "low": "4.974",
            "close": "4.979"
        },
        {
            "time": "14.12.2020 05:33",
            "open": "4.979",
            "high": "4.985",
            "low": "4.979",
            "close": "4.974"
        },
        {
            "time": "14.12.2020 05:37",
            "open": "4.974",
            "high": "4.974",
            "low": "4.97",
            "close": "4.973"
        },
        {
            "time": "14.12.2020 05:40",
            "open": "4.973",
            "high": "4.973",
            "low": "4.973",
            "close": "4.966"
        },
        {
            "time": "14.12.2020 05:44",
            "open": "4.966",
            "high": "4.966",
            "low": "4.966",
            "close": "4.96"
        },
        {
            "time": "14.12.2020 05:47",
            "open": "4.96",
            "high": "4.96",
            "low": "4.95",
            "close": "4.951"
        },
        {
            "time": "14.12.2020 05:48",
            "open": "4.951",
            "high": "4.952",
            "low": "4.948",
            "close": "4.948"
        },
        {
            "time": "14.12.2020 05:50",
            "open": "4.948",
            "high": "4.948",
            "low": "4.948",
            "close": "4.94"
        },
        {
            "time": "14.12.2020 05:51",
            "open": "4.94",
            "high": "4.94",
            "low": "4.94",
            "close": "4.943"
        },
        {
            "time": "14.12.2020 05:52",
            "open": "4.943",
            "high": "4.954",
            "low": "4.943",
            "close": "4.952"
        },
        {
            "time": "14.12.2020 05:53",
            "open": "4.952",
            "high": "4.952",
            "low": "4.952",
            "close": "4.945"
        },
        {
            "time": "14.12.2020 05:56",
            "open": "4.945",
            "high": "4.945",
            "low": "4.945",
            "close": "4.961"
        },
        {
            "time": "14.12.2020 06:09",
            "open": "4.961",
            "high": "4.961",
            "low": "4.961",
            "close": "4.963"
        },
        {
            "time": "14.12.2020 06:35",
            "open": "4.963",
            "high": "4.963",
            "low": "4.963",
            "close": "4.962"
        },
        {
            "time": "14.12.2020 06:36",
            "open": "4.962",
            "high": "4.962",
            "low": "4.962",
            "close": "4.969"
        },
        {
            "time": "14.12.2020 06:37",
            "open": "4.969",
            "high": "4.969",
            "low": "4.969",
            "close": "4.971"
        },
        {
            "time": "14.12.2020 06:39",
            "open": "4.971",
            "high": "4.971",
            "low": "4.971",
            "close": "4.965"
        },
        {
            "time": "14.12.2020 06:48",
            "open": "4.965",
            "high": "4.976",
            "low": "4.965",
            "close": "4.969"
        },
        {
            "time": "14.12.2020 06:51",
            "open": "4.969",
            "high": "4.969",
            "low": "4.969",
            "close": "4.973"
        },
        {
            "time": "14.12.2020 06:53",
            "open": "4.973",
            "high": "4.973",
            "low": "4.973",
            "close": "4.963"
        },
        {
            "time": "14.12.2020 06:55",
            "open": "4.963",
            "high": "4.963",
            "low": "4.961",
            "close": "4.962"
        },
        {
            "time": "14.12.2020 06:56",
            "open": "4.962",
            "high": "4.962",
            "low": "4.962",
            "close": "4.962"
        },
        {
            "time": "14.12.2020 06:57",
            "open": "4.962",
            "high": "4.972",
            "low": "4.962",
            "close": "4.968"
        },
        {
            "time": "14.12.2020 07:01",
            "open": "4.968",
            "high": "4.98",
            "low": "4.968",
            "close": "4.985"
        },
        {
            "time": "14.12.2020 07:02",
            "open": "4.985",
            "high": "4.985",
            "low": "4.984",
            "close": "4.987"
        },
        {
            "time": "14.12.2020 07:08",
            "open": "4.987",
            "high": "4.987",
            "low": "4.987",
            "close": "4.986"
        },
        {
            "time": "14.12.2020 07:11",
            "open": "4.986",
            "high": "4.986",
            "low": "4.986",
            "close": "4.987"
        },
        {
            "time": "14.12.2020 07:16",
            "open": "4.987",
            "high": "4.987",
            "low": "4.987",
            "close": "4.99"
        },
        {
            "time": "14.12.2020 07:33",
            "open": "4.99",
            "high": "4.99",
            "low": "4.99",
            "close": "4.991"
        },
        {
            "time": "14.12.2020 07:37",
            "open": "4.991",
            "high": "4.991",
            "low": "4.991",
            "close": "4.982"
        },
        {
            "time": "14.12.2020 07:42",
            "open": "4.982",
            "high": "4.982",
            "low": "4.982",
            "close": "4.967"
        },
        {
            "time": "14.12.2020 07:56",
            "open": "4.967",
            "high": "4.967",
            "low": "4.967",
            "close": "4.979"
        },
        {
            "time": "14.12.2020 08:01",
            "open": "4.979",
            "high": "4.979",
            "low": "4.979",
            "close": "4.954"
        },
        {
            "time": "14.12.2020 08:19",
            "open": "4.954",
            "high": "4.954",
            "low": "4.954",
            "close": "4.954"
        },
        {
            "time": "14.12.2020 08:20",
            "open": "4.954",
            "high": "4.954",
            "low": "4.954",
            "close": "4.972"
        },
        {
            "time": "14.12.2020 08:23",
            "open": "4.972",
            "high": "4.972",
            "low": "4.972",
            "close": "4.98"
        },
        {
            "time": "14.12.2020 08:26",
            "open": "4.98",
            "high": "4.98",
            "low": "4.98",
            "close": "4.974"
        },
        {
            "time": "14.12.2020 08:31",
            "open": "4.974",
            "high": "4.974",
            "low": "4.974",
            "close": "4.992"
        },
        {
            "time": "14.12.2020 08:41",
            "open": "4.992",
            "high": "4.992",
            "low": "4.992",
            "close": "4.998"
        },
        {
            "time": "14.12.2020 08:48",
            "open": "4.998",
            "high": "4.998",
            "low": "4.998",
            "close": "4.997"
        },
        {
            "time": "14.12.2020 08:49",
            "open": "4.997",
            "high": "4.997",
            "low": "4.997",
            "close": "5"
        },
        {
            "time": "14.12.2020 08:50",
            "open": "5",
            "high": "5",
            "low": "4.997",
            "close": "4.994"
        },
        {
            "time": "14.12.2020 08:51",
            "open": "4.994",
            "high": "4.994",
            "low": "4.994",
            "close": "4.972"
        },
        {
            "time": "14.12.2020 09:03",
            "open": "4.972",
            "high": "4.972",
            "low": "4.972",
            "close": "4.994"
        },
        {
            "time": "14.12.2020 09:10",
            "open": "4.994",
            "high": "4.994",
            "low": "4.99",
            "close": "4.982"
        },
        {
            "time": "14.12.2020 09:11",
            "open": "4.982",
            "high": "4.982",
            "low": "4.982",
            "close": "4.978"
        },
        {
            "time": "14.12.2020 09:12",
            "open": "4.978",
            "high": "4.978",
            "low": "4.978",
            "close": "4.98"
        },
        {
            "time": "14.12.2020 09:13",
            "open": "4.98",
            "high": "4.98",
            "low": "4.98",
            "close": "4.98"
        },
        {
            "time": "14.12.2020 09:19",
            "open": "4.98",
            "high": "4.98",
            "low": "4.98",
            "close": "4.981"
        },
        {
            "time": "14.12.2020 09:21",
            "open": "4.981",
            "high": "4.984",
            "low": "4.981",
            "close": "4.975"
        },
        {
            "time": "14.12.2020 09:25",
            "open": "4.975",
            "high": "4.975",
            "low": "4.975",
            "close": "4.972"
        },
        {
            "time": "14.12.2020 09:36",
            "open": "4.972",
            "high": "4.972",
            "low": "4.972",
            "close": "4.976"
        },
        {
            "time": "14.12.2020 09:44",
            "open": "4.976",
            "high": "4.976",
            "low": "4.976",
            "close": "4.969"
        },
        {
            "time": "14.12.2020 09:48",
            "open": "4.969",
            "high": "4.969",
            "low": "4.969",
            "close": "4.993"
        },
        {
            "time": "14.12.2020 09:58",
            "open": "4.993",
            "high": "4.994",
            "low": "4.993",
            "close": "4.991"
        },
        {
            "time": "14.12.2020 09:59",
            "open": "4.991",
            "high": "4.995",
            "low": "4.991",
            "close": "4.994"
        },
        {
            "time": "14.12.2020 10:03",
            "open": "4.994",
            "high": "4.994",
            "low": "4.994",
            "close": "4.993"
        },
        {
            "time": "14.12.2020 10:05",
            "open": "4.993",
            "high": "4.993",
            "low": "4.993",
            "close": "4.993"
        },
        {
            "time": "14.12.2020 10:10",
            "open": "4.993",
            "high": "4.994",
            "low": "4.993",
            "close": "4.979"
        },
        {
            "time": "14.12.2020 10:13",
            "open": "4.979",
            "high": "4.979",
            "low": "4.978",
            "close": "4.979"
        },
        {
            "time": "14.12.2020 10:14",
            "open": "4.979",
            "high": "4.98",
            "low": "4.979",
            "close": "4.961"
        },
        {
            "time": "14.12.2020 10:24",
            "open": "4.961",
            "high": "4.965",
            "low": "4.961",
            "close": "4.963"
        },
        {
            "time": "14.12.2020 10:25",
            "open": "4.963",
            "high": "4.963",
            "low": "4.963",
            "close": "4.954"
        },
        {
            "time": "14.12.2020 10:34",
            "open": "4.954",
            "high": "4.964",
            "low": "4.954",
            "close": "4.977"
        },
        {
            "time": "14.12.2020 10:36",
            "open": "4.977",
            "high": "4.977",
            "low": "4.977",
            "close": "4.975"
        },
        {
            "time": "14.12.2020 10:37",
            "open": "4.975",
            "high": "4.975",
            "low": "4.975",
            "close": "4.988"
        },
        {
            "time": "14.12.2020 10:55",
            "open": "4.988",
            "high": "4.988",
            "low": "4.988",
            "close": "4.985"
        },
        {
            "time": "14.12.2020 11:07",
            "open": "4.985",
            "high": "4.985",
            "low": "4.985",
            "close": "4.996"
        },
        {
            "time": "14.12.2020 11:12",
            "open": "4.996",
            "high": "4.996",
            "low": "4.996",
            "close": "4.982"
        },
        {
            "time": "14.12.2020 11:28",
            "open": "4.982",
            "high": "4.984",
            "low": "4.982",
            "close": "4.974"
        },
        {
            "time": "14.12.2020 11:29",
            "open": "4.974",
            "high": "4.974",
            "low": "4.974",
            "close": "4.976"
        },
        {
            "time": "14.12.2020 11:42",
            "open": "4.976",
            "high": "4.976",
            "low": "4.976",
            "close": "4.953"
        },
        {
            "time": "14.12.2020 11:48",
            "open": "4.953",
            "high": "4.953",
            "low": "4.949",
            "close": "4.938"
        },
        {
            "time": "14.12.2020 11:51",
            "open": "4.938",
            "high": "4.938",
            "low": "4.936",
            "close": "4.931"
        },
        {
            "time": "14.12.2020 11:52",
            "open": "4.931",
            "high": "4.931",
            "low": "4.931",
            "close": "4.943"
        },
        {
            "time": "14.12.2020 11:58",
            "open": "4.943",
            "high": "4.943",
            "low": "4.943",
            "close": "4.945"
        },
        {
            "time": "14.12.2020 12:01",
            "open": "4.945",
            "high": "4.945",
            "low": "4.945",
            "close": "4.93"
        },
        {
            "time": "14.12.2020 12:07",
            "open": "4.93",
            "high": "4.93",
            "low": "4.93",
            "close": "4.926"
        },
        {
            "time": "14.12.2020 12:09",
            "open": "4.926",
            "high": "4.926",
            "low": "4.92",
            "close": "4.918"
        },
        {
            "time": "14.12.2020 12:10",
            "open": "4.918",
            "high": "4.918",
            "low": "4.918",
            "close": "4.92"
        },
        {
            "time": "14.12.2020 12:11",
            "open": "4.92",
            "high": "4.92",
            "low": "4.92",
            "close": "4.913"
        },
        {
            "time": "14.12.2020 12:12",
            "open": "4.913",
            "high": "4.913",
            "low": "4.912",
            "close": "4.919"
        },
        {
            "time": "14.12.2020 12:25",
            "open": "4.919",
            "high": "4.919",
            "low": "4.919",
            "close": "4.928"
        },
        {
            "time": "14.12.2020 12:42",
            "open": "4.928",
            "high": "4.928",
            "low": "4.927",
            "close": "4.919"
        },
        {
            "time": "14.12.2020 12:45",
            "open": "4.919",
            "high": "4.919",
            "low": "4.919",
            "close": "4.92"
        },
        {
            "time": "14.12.2020 12:46",
            "open": "4.92",
            "high": "4.925",
            "low": "4.92",
            "close": "4.939"
        },
        {
            "time": "14.12.2020 13:05",
            "open": "4.939",
            "high": "4.948",
            "low": "4.939",
            "close": "4.944"
        },
        {
            "time": "14.12.2020 13:06",
            "open": "4.944",
            "high": "4.944",
            "low": "4.944",
            "close": "4.936"
        },
        {
            "time": "14.12.2020 13:16",
            "open": "4.936",
            "high": "4.936",
            "low": "4.936",
            "close": "4.929"
        },
        {
            "time": "14.12.2020 13:18",
            "open": "4.929",
            "high": "4.929",
            "low": "4.929",
            "close": "4.922"
        },
        {
            "time": "14.12.2020 13:21",
            "open": "4.922",
            "high": "4.922",
            "low": "4.922",
            "close": "4.922"
        },
        {
            "time": "14.12.2020 13:27",
            "open": "4.922",
            "high": "4.933",
            "low": "4.922",
            "close": "4.92"
        },
        {
            "time": "14.12.2020 13:37",
            "open": "4.92",
            "high": "4.92",
            "low": "4.92",
            "close": "4.92"
        },
        {
            "time": "14.12.2020 13:39",
            "open": "4.92",
            "high": "4.92",
            "low": "4.92",
            "close": "4.919"
        },
        {
            "time": "14.12.2020 13:41",
            "open": "4.919",
            "high": "4.919",
            "low": "4.919",
            "close": "4.924"
        },
        {
            "time": "14.12.2020 13:47",
            "open": "4.924",
            "high": "4.924",
            "low": "4.922",
            "close": "4.927"
        },
        {
            "time": "14.12.2020 14:00",
            "open": "4.927",
            "high": "4.934",
            "low": "4.927",
            "close": "4.919"
        },
        {
            "time": "14.12.2020 14:01",
            "open": "4.919",
            "high": "4.919",
            "low": "4.919",
            "close": "4.928"
        },
        {
            "time": "14.12.2020 14:06",
            "open": "4.928",
            "high": "4.928",
            "low": "4.928",
            "close": "4.928"
        },
        {
            "time": "14.12.2020 14:07",
            "open": "4.928",
            "high": "4.928",
            "low": "4.928",
            "close": "4.932"
        },
        {
            "time": "14.12.2020 14:08",
            "open": "4.932",
            "high": "4.939",
            "low": "4.932",
            "close": "4.93"
        },
        {
            "time": "14.12.2020 14:30",
            "open": "4.93",
            "high": "4.93",
            "low": "4.93",
            "close": "4.932"
        },
        {
            "time": "14.12.2020 14:33",
            "open": "4.932",
            "high": "4.934",
            "low": "4.932",
            "close": "4.956"
        },
        {
            "time": "14.12.2020 14:41",
            "open": "4.956",
            "high": "4.956",
            "low": "4.956",
            "close": "4.964"
        },
        {
            "time": "14.12.2020 14:45",
            "open": "4.964",
            "high": "4.97",
            "low": "4.964",
            "close": "4.953"
        },
        {
            "time": "14.12.2020 14:47",
            "open": "4.953",
            "high": "4.953",
            "low": "4.953",
            "close": "4.958"
        },
        {
            "time": "14.12.2020 14:50",
            "open": "4.958",
            "high": "4.958",
            "low": "4.958",
            "close": "4.958"
        },
        {
            "time": "14.12.2020 14:58",
            "open": "4.958",
            "high": "4.958",
            "low": "4.957",
            "close": "4.945"
        },
        {
            "time": "14.12.2020 15:03",
            "open": "4.945",
            "high": "4.945",
            "low": "4.945",
            "close": "4.944"
        },
        {
            "time": "14.12.2020 15:19",
            "open": "4.944",
            "high": "4.945",
            "low": "4.944",
            "close": "4.922"
        },
        {
            "time": "14.12.2020 15:23",
            "open": "4.922",
            "high": "4.922",
            "low": "4.922",
            "close": "4.919"
        },
        {
            "time": "14.12.2020 15:27",
            "open": "4.919",
            "high": "4.921",
            "low": "4.919",
            "close": "4.926"
        },
        {
            "time": "14.12.2020 15:31",
            "open": "4.926",
            "high": "4.926",
            "low": "4.92",
            "close": "4.927"
        },
        {
            "time": "14.12.2020 15:35",
            "open": "4.927",
            "high": "4.927",
            "low": "4.927",
            "close": "4.929"
        },
        {
            "time": "14.12.2020 15:37",
            "open": "4.929",
            "high": "4.929",
            "low": "4.929",
            "close": "4.931"
        },
        {
            "time": "14.12.2020 15:39",
            "open": "4.931",
            "high": "4.931",
            "low": "4.93",
            "close": "4.923"
        },
        {
            "time": "14.12.2020 15:45",
            "open": "4.923",
            "high": "4.923",
            "low": "4.923",
            "close": "4.948"
        },
        {
            "time": "14.12.2020 15:53",
            "open": "4.948",
            "high": "4.948",
            "low": "4.948",
            "close": "4.953"
        },
        {
            "time": "14.12.2020 15:56",
            "open": "4.953",
            "high": "4.962",
            "low": "4.953",
            "close": "4.95"
        },
        {
            "time": "14.12.2020 15:59",
            "open": "4.95",
            "high": "4.95",
            "low": "4.95",
            "close": "4.981"
        },
        {
            "time": "14.12.2020 16:06",
            "open": "4.981",
            "high": "4.981",
            "low": "4.981",
            "close": "4.982"
        },
        {
            "time": "14.12.2020 16:07",
            "open": "4.982",
            "high": "4.982",
            "low": "4.982",
            "close": "4.988"
        },
        {
            "time": "14.12.2020 16:09",
            "open": "4.988",
            "high": "4.988",
            "low": "4.988",
            "close": "4.995"
        },
        {
            "time": "14.12.2020 16:10",
            "open": "4.995",
            "high": "4.995",
            "low": "4.988",
            "close": "4.991"
        },
        {
            "time": "14.12.2020 16:11",
            "open": "4.991",
            "high": "4.991",
            "low": "4.991",
            "close": "4.997"
        },
        {
            "time": "14.12.2020 16:12",
            "open": "4.997",
            "high": "4.997",
            "low": "4.996",
            "close": "5.003"
        },
        {
            "time": "14.12.2020 16:13",
            "open": "5.003",
            "high": "5.004",
            "low": "4.999",
            "close": "5.004"
        },
        {
            "time": "14.12.2020 16:14",
            "open": "5.004",
            "high": "5.004",
            "low": "5.003",
            "close": "4.999"
        },
        {
            "time": "14.12.2020 16:15",
            "open": "4.999",
            "high": "4.999",
            "low": "4.999",
            "close": "5.005"
        },
        {
            "time": "14.12.2020 16:16",
            "open": "5.005",
            "high": "5.005",
            "low": "5.005",
            "close": "4.997"
        },
        {
            "time": "14.12.2020 16:31",
            "open": "4.997",
            "high": "4.997",
            "low": "4.997",
            "close": "4.998"
        },
        {
            "time": "14.12.2020 16:32",
            "open": "4.998",
            "high": "5.004",
            "low": "4.998",
            "close": "4.989"
        },
        {
            "time": "14.12.2020 16:36",
            "open": "4.989",
            "high": "4.991",
            "low": "4.989",
            "close": "4.989"
        },
        {
            "time": "14.12.2020 16:37",
            "open": "4.989",
            "high": "4.989",
            "low": "4.989",
            "close": "4.99"
        },
        {
            "time": "14.12.2020 16:39",
            "open": "4.99",
            "high": "4.99",
            "low": "4.99",
            "close": "4.982"
        },
        {
            "time": "14.12.2020 16:48",
            "open": "4.982",
            "high": "4.982",
            "low": "4.982",
            "close": "4.997"
        },
        {
            "time": "14.12.2020 16:56",
            "open": "4.997",
            "high": "4.997",
            "low": "4.993",
            "close": "4.988"
        },
        {
            "time": "14.12.2020 17:00",
            "open": "4.988",
            "high": "4.99",
            "low": "4.985",
            "close": "4.996"
        },
        {
            "time": "14.12.2020 17:07",
            "open": "4.996",
            "high": "4.996",
            "low": "4.996",
            "close": "4.971"
        },
        {
            "time": "14.12.2020 17:10",
            "open": "4.971",
            "high": "4.971",
            "low": "4.967",
            "close": "4.953"
        },
        {
            "time": "14.12.2020 17:12",
            "open": "4.953",
            "high": "4.953",
            "low": "4.946",
            "close": "4.942"
        },
        {
            "time": "14.12.2020 17:15",
            "open": "4.942",
            "high": "4.942",
            "low": "4.937",
            "close": "4.937"
        },
        {
            "time": "14.12.2020 17:17",
            "open": "4.937",
            "high": "4.939",
            "low": "4.937",
            "close": "4.94"
        },
        {
            "time": "14.12.2020 17:18",
            "open": "4.94",
            "high": "4.94",
            "low": "4.94",
            "close": "4.939"
        },
        {
            "time": "14.12.2020 17:20",
            "open": "4.939",
            "high": "4.939",
            "low": "4.939",
            "close": "4.934"
        },
        {
            "time": "14.12.2020 17:22",
            "open": "4.934",
            "high": "4.934",
            "low": "4.934",
            "close": "4.934"
        },
        {
            "time": "14.12.2020 17:23",
            "open": "4.934",
            "high": "4.936",
            "low": "4.934",
            "close": "4.932"
        },
        {
            "time": "14.12.2020 17:27",
            "open": "4.932",
            "high": "4.932",
            "low": "4.932",
            "close": "4.935"
        },
        {
            "time": "14.12.2020 17:28",
            "open": "4.935",
            "high": "4.936",
            "low": "4.933",
            "close": "4.942"
        },
        {
            "time": "14.12.2020 17:31",
            "open": "4.942",
            "high": "4.942",
            "low": "4.941",
            "close": "4.947"
        },
        {
            "time": "14.12.2020 17:33",
            "open": "4.947",
            "high": "4.953",
            "low": "4.947",
            "close": "4.953"
        },
        {
            "time": "14.12.2020 17:36",
            "open": "4.953",
            "high": "4.954",
            "low": "4.953",
            "close": "4.94"
        },
        {
            "time": "14.12.2020 17:39",
            "open": "4.94",
            "high": "4.945",
            "low": "4.94",
            "close": "4.935"
        },
        {
            "time": "14.12.2020 17:40",
            "open": "4.935",
            "high": "4.935",
            "low": "4.935",
            "close": "4.94"
        },
        {
            "time": "14.12.2020 17:43",
            "open": "4.94",
            "high": "4.94",
            "low": "4.94",
            "close": "4.932"
        },
        {
            "time": "14.12.2020 17:45",
            "open": "4.932",
            "high": "4.936",
            "low": "4.932",
            "close": "4.933"
        },
        {
            "time": "14.12.2020 17:46",
            "open": "4.933",
            "high": "4.933",
            "low": "4.933",
            "close": "4.931"
        },
        {
            "time": "14.12.2020 17:48",
            "open": "4.931",
            "high": "4.931",
            "low": "4.931",
            "close": "4.935"
        },
        {
            "time": "14.12.2020 17:49",
            "open": "4.935",
            "high": "4.936",
            "low": "4.932",
            "close": "4.938"
        },
        {
            "time": "14.12.2020 17:59",
            "open": "4.938",
            "high": "4.938",
            "low": "4.938",
            "close": "4.947"
        },
        {
            "time": "14.12.2020 18:01",
            "open": "4.947",
            "high": "4.947",
            "low": "4.947",
            "close": "4.93"
        },
        {
            "time": "14.12.2020 18:05",
            "open": "4.93",
            "high": "4.93",
            "low": "4.93",
            "close": "4.937"
        },
        {
            "time": "14.12.2020 18:06",
            "open": "4.937",
            "high": "4.937",
            "low": "4.937",
            "close": "4.931"
        },
        {
            "time": "14.12.2020 18:11",
            "open": "4.931",
            "high": "4.931",
            "low": "4.931",
            "close": "4.93"
        },
        {
            "time": "14.12.2020 18:14",
            "open": "4.93",
            "high": "4.93",
            "low": "4.93",
            "close": "4.93"
        },
        {
            "time": "14.12.2020 18:15",
            "open": "4.93",
            "high": "4.93",
            "low": "4.93",
            "close": "4.932"
        },
        {
            "time": "14.12.2020 18:17",
            "open": "4.932",
            "high": "4.933",
            "low": "4.932",
            "close": "4.936"
        },
        {
            "time": "14.12.2020 18:19",
            "open": "4.936",
            "high": "4.936",
            "low": "4.932",
            "close": "4.93"
        },
        {
            "time": "14.12.2020 18:22",
            "open": "4.93",
            "high": "4.93",
            "low": "4.93",
            "close": "4.93"
        },
        {
            "time": "14.12.2020 18:24",
            "open": "4.93",
            "high": "4.93",
            "low": "4.93",
            "close": "4.94"
        },
        {
            "time": "14.12.2020 18:26",
            "open": "4.94",
            "high": "4.94",
            "low": "4.94",
            "close": "4.937"
        },
        {
            "time": "14.12.2020 18:29",
            "open": "4.937",
            "high": "4.937",
            "low": "4.937",
            "close": "4.935"
        },
        {
            "time": "14.12.2020 18:30",
            "open": "4.935",
            "high": "4.935",
            "low": "4.935",
            "close": "4.932"
        },
        {
            "time": "14.12.2020 18:33",
            "open": "4.932",
            "high": "4.932",
            "low": "4.932",
            "close": "4.934"
        },
        {
            "time": "14.12.2020 18:34",
            "open": "4.934",
            "high": "4.934",
            "low": "4.934",
            "close": "4.942"
        },
        {
            "time": "14.12.2020 18:36",
            "open": "4.942",
            "high": "4.942",
            "low": "4.942",
            "close": "4.937"
        },
        {
            "time": "14.12.2020 18:37",
            "open": "4.937",
            "high": "4.937",
            "low": "4.931",
            "close": "4.93"
        },
        {
            "time": "14.12.2020 18:38",
            "open": "4.93",
            "high": "4.931",
            "low": "4.928",
            "close": "4.939"
        },
        {
            "time": "14.12.2020 18:40",
            "open": "4.939",
            "high": "4.939",
            "low": "4.939",
            "close": "4.928"
        },
        {
            "time": "14.12.2020 18:43",
            "open": "4.928",
            "high": "4.928",
            "low": "4.928",
            "close": "4.933"
        },
        {
            "time": "14.12.2020 18:47",
            "open": "4.933",
            "high": "4.933",
            "low": "4.933",
            "close": "4.94"
        },
        {
            "time": "14.12.2020 18:52",
            "open": "4.94",
            "high": "4.94",
            "low": "4.93",
            "close": "4.93"
        },
        {
            "time": "14.12.2020 18:53",
            "open": "4.93",
            "high": "4.93",
            "low": "4.928",
            "close": "4.931"
        },
        {
            "time": "14.12.2020 18:54",
            "open": "4.931",
            "high": "4.931",
            "low": "4.924",
            "close": "4.931"
        },
        {
            "time": "14.12.2020 18:58",
            "open": "4.931",
            "high": "4.931",
            "low": "4.931",
            "close": "4.931"
        },
        {
            "time": "14.12.2020 18:59",
            "open": "4.931",
            "high": "4.931",
            "low": "4.931",
            "close": "4.94"
        },
        {
            "time": "14.12.2020 19:00",
            "open": "4.94",
            "high": "4.942",
            "low": "4.94",
            "close": "4.948"
        },
        {
            "time": "14.12.2020 19:02",
            "open": "4.948",
            "high": "4.948",
            "low": "4.946",
            "close": "4.952"
        },
        {
            "time": "14.12.2020 19:03",
            "open": "4.952",
            "high": "4.962",
            "low": "4.95",
            "close": "4.959"
        },
        {
            "time": "14.12.2020 19:04",
            "open": "4.959",
            "high": "4.959",
            "low": "4.959",
            "close": "4.944"
        },
        {
            "time": "14.12.2020 19:11",
            "open": "4.944",
            "high": "4.944",
            "low": "4.944",
            "close": "4.946"
        },
        {
            "time": "14.12.2020 19:15",
            "open": "4.946",
            "high": "4.946",
            "low": "4.946",
            "close": "4.96"
        },
        {
            "time": "14.12.2020 19:22",
            "open": "4.96",
            "high": "4.96",
            "low": "4.96",
            "close": "4.957"
        },
        {
            "time": "14.12.2020 19:23",
            "open": "4.957",
            "high": "4.957",
            "low": "4.957",
            "close": "4.967"
        },
        {
            "time": "14.12.2020 19:30",
            "open": "4.967",
            "high": "4.967",
            "low": "4.967",
            "close": "4.963"
        },
        {
            "time": "14.12.2020 19:35",
            "open": "4.963",
            "high": "4.963",
            "low": "4.963",
            "close": "4.956"
        },
        {
            "time": "14.12.2020 19:36",
            "open": "4.956",
            "high": "4.956",
            "low": "4.956",
            "close": "4.958"
        },
        {
            "time": "14.12.2020 19:45",
            "open": "4.958",
            "high": "4.958",
            "low": "4.958",
            "close": "4.954"
        },
        {
            "time": "14.12.2020 19:46",
            "open": "4.954",
            "high": "4.954",
            "low": "4.954",
            "close": "4.962"
        },
        {
            "time": "14.12.2020 19:48",
            "open": "4.962",
            "high": "4.962",
            "low": "4.962",
            "close": "4.955"
        },
        {
            "time": "14.12.2020 19:49",
            "open": "4.955",
            "high": "4.955",
            "low": "4.955",
            "close": "4.962"
        },
        {
            "time": "14.12.2020 19:51",
            "open": "4.962",
            "high": "4.965",
            "low": "4.962",
            "close": "4.956"
        },
        {
            "time": "14.12.2020 19:52",
            "open": "4.956",
            "high": "4.956",
            "low": "4.956",
            "close": "4.965"
        },
        {
            "time": "14.12.2020 19:53",
            "open": "4.965",
            "high": "4.965",
            "low": "4.965",
            "close": "4.972"
        },
        {
            "time": "14.12.2020 19:57",
            "open": "4.972",
            "high": "4.973",
            "low": "4.972",
            "close": "4.961"
        },
        {
            "time": "14.12.2020 19:58",
            "open": "4.961",
            "high": "4.961",
            "low": "4.961",
            "close": "4.975"
        },
        {
            "time": "14.12.2020 20:00",
            "open": "4.975",
            "high": "4.975",
            "low": "4.975",
            "close": "4.975"
        },
        {
            "time": "14.12.2020 20:03",
            "open": "4.975",
            "high": "4.98",
            "low": "4.975",
            "close": "4.975"
        },
        {
            "time": "14.12.2020 20:04",
            "open": "4.975",
            "high": "4.975",
            "low": "4.964",
            "close": "4.958"
        },
        {
            "time": "14.12.2020 20:06",
            "open": "4.958",
            "high": "4.958",
            "low": "4.958",
            "close": "4.967"
        },
        {
            "time": "14.12.2020 20:07",
            "open": "4.967",
            "high": "4.967",
            "low": "4.967",
            "close": "4.961"
        },
        {
            "time": "14.12.2020 20:09",
            "open": "4.961",
            "high": "4.961",
            "low": "4.961",
            "close": "4.964"
        },
        {
            "time": "14.12.2020 20:10",
            "open": "4.964",
            "high": "4.964",
            "low": "4.964",
            "close": "4.955"
        },
        {
            "time": "14.12.2020 20:30",
            "open": "4.955",
            "high": "4.955",
            "low": "4.952",
            "close": "4.953"
        },
        {
            "time": "14.12.2020 20:36",
            "open": "4.953",
            "high": "4.953",
            "low": "4.953",
            "close": "4.952"
        },
        {
            "time": "14.12.2020 20:42",
            "open": "4.952",
            "high": "4.952",
            "low": "4.952",
            "close": "4.958"
        },
        {
            "time": "14.12.2020 20:44",
            "open": "4.958",
            "high": "4.96",
            "low": "4.958",
            "close": "4.953"
        },
        {
            "time": "14.12.2020 20:45",
            "open": "4.953",
            "high": "4.953",
            "low": "4.953",
            "close": "4.952"
        },
        {
            "time": "14.12.2020 20:47",
            "open": "4.952",
            "high": "4.952",
            "low": "4.952",
            "close": "4.953"
        },
        {
            "time": "14.12.2020 20:50",
            "open": "4.953",
            "high": "4.955",
            "low": "4.953",
            "close": "4.957"
        },
        {
            "time": "14.12.2020 20:51",
            "open": "4.957",
            "high": "4.957",
            "low": "4.957",
            "close": "4.95"
        },
        {
            "time": "14.12.2020 20:54",
            "open": "4.95",
            "high": "4.95",
            "low": "4.945",
            "close": "4.95"
        },
        {
            "time": "14.12.2020 20:55",
            "open": "4.95",
            "high": "4.95",
            "low": "4.95",
            "close": "4.955"
        },
        {
            "time": "14.12.2020 21:00",
            "open": "4.955",
            "high": "4.955",
            "low": "4.946",
            "close": "4.95"
        },
        {
            "time": "14.12.2020 21:06",
            "open": "4.95",
            "high": "4.95",
            "low": "4.95",
            "close": "4.947"
        },
        {
            "time": "14.12.2020 21:13",
            "open": "4.947",
            "high": "4.948",
            "low": "4.947",
            "close": "4.949"
        },
        {
            "time": "14.12.2020 21:14",
            "open": "4.949",
            "high": "4.95",
            "low": "4.943",
            "close": "4.951"
        },
        {
            "time": "14.12.2020 21:15",
            "open": "4.951",
            "high": "4.952",
            "low": "4.951",
            "close": "4.943"
        },
        {
            "time": "14.12.2020 21:16",
            "open": "4.943",
            "high": "4.943",
            "low": "4.943",
            "close": "4.947"
        },
        {
            "time": "14.12.2020 21:17",
            "open": "4.947",
            "high": "4.947",
            "low": "4.945",
            "close": "4.943"
        },
        {
            "time": "14.12.2020 21:18",
            "open": "4.943",
            "high": "4.953",
            "low": "4.943",
            "close": "4.943"
        },
        {
            "time": "14.12.2020 21:19",
            "open": "4.943",
            "high": "4.943",
            "low": "4.943",
            "close": "4.943"
        },
        {
            "time": "14.12.2020 21:21",
            "open": "4.943",
            "high": "4.945",
            "low": "4.943",
            "close": "4.946"
        },
        {
            "time": "14.12.2020 21:26",
            "open": "4.946",
            "high": "4.946",
            "low": "4.946",
            "close": "4.947"
        },
        {
            "time": "14.12.2020 21:29",
            "open": "4.947",
            "high": "4.948",
            "low": "4.947",
            "close": "4.951"
        },
        {
            "time": "14.12.2020 21:33",
            "open": "4.951",
            "high": "4.951",
            "low": "4.951",
            "close": "4.948"
        },
        {
            "time": "14.12.2020 21:36",
            "open": "4.948",
            "high": "4.948",
            "low": "4.948",
            "close": "4.96"
        },
        {
            "time": "14.12.2020 21:50",
            "open": "4.96",
            "high": "4.96",
            "low": "4.96",
            "close": "4.957"
        },
        {
            "time": "14.12.2020 21:57",
            "open": "4.957",
            "high": "4.957",
            "low": "4.957",
            "close": "4.959"
        },
        {
            "time": "14.12.2020 21:59",
            "open": "4.959",
            "high": "4.959",
            "low": "4.952",
            "close": "4.957"
        },
        {
            "time": "14.12.2020 22:03",
            "open": "4.957",
            "high": "4.957",
            "low": "4.957",
            "close": "4.961"
        },
        {
            "time": "14.12.2020 22:04",
            "open": "4.961",
            "high": "4.961",
            "low": "4.961",
            "close": "4.952"
        },
        {
            "time": "14.12.2020 22:06",
            "open": "4.952",
            "high": "4.952",
            "low": "4.952",
            "close": "4.961"
        },
        {
            "time": "14.12.2020 22:07",
            "open": "4.961",
            "high": "4.963",
            "low": "4.961",
            "close": "4.964"
        },
        {
            "time": "14.12.2020 22:08",
            "open": "4.964",
            "high": "4.965",
            "low": "4.955",
            "close": "4.955"
        },
        {
            "time": "14.12.2020 22:09",
            "open": "4.955",
            "high": "4.955",
            "low": "4.955",
            "close": "4.955"
        },
        {
            "time": "14.12.2020 22:11",
            "open": "4.955",
            "high": "4.955",
            "low": "4.955",
            "close": "4.935"
        },
        {
            "time": "14.12.2020 22:19",
            "open": "4.935",
            "high": "4.935",
            "low": "4.935",
            "close": "4.944"
        },
        {
            "time": "14.12.2020 22:20",
            "open": "4.944",
            "high": "4.944",
            "low": "4.944",
            "close": "4.936"
        },
        {
            "time": "14.12.2020 22:21",
            "open": "4.936",
            "high": "4.936",
            "low": "4.936",
            "close": "4.939"
        },
        {
            "time": "14.12.2020 22:25",
            "open": "4.939",
            "high": "4.939",
            "low": "4.939",
            "close": "4.932"
        },
        {
            "time": "14.12.2020 22:29",
            "open": "4.932",
            "high": "4.932",
            "low": "4.932",
            "close": "4.939"
        },
        {
            "time": "14.12.2020 22:40",
            "open": "4.939",
            "high": "4.939",
            "low": "4.939",
            "close": "4.953"
        },
        {
            "time": "14.12.2020 22:54",
            "open": "4.953",
            "high": "4.953",
            "low": "4.953",
            "close": "4.942"
        },
        {
            "time": "14.12.2020 22:55",
            "open": "4.942",
            "high": "4.942",
            "low": "4.942",
            "close": "4.943"
        },
        {
            "time": "14.12.2020 23:02",
            "open": "4.943",
            "high": "4.943",
            "low": "4.943",
            "close": "4.936"
        },
        {
            "time": "14.12.2020 23:08",
            "open": "4.936",
            "high": "4.936",
            "low": "4.936",
            "close": "4.945"
        },
        {
            "time": "14.12.2020 23:13",
            "open": "4.945",
            "high": "4.945",
            "low": "4.945",
            "close": "4.962"
        },
        {
            "time": "14.12.2020 23:31",
            "open": "4.962",
            "high": "4.962",
            "low": "4.95",
            "close": "4.956"
        },
        {
            "time": "14.12.2020 23:32",
            "open": "4.956",
            "high": "4.956",
            "low": "4.955",
            "close": "4.956"
        },
        {
            "time": "14.12.2020 23:33",
            "open": "4.956",
            "high": "4.956",
            "low": "4.956",
            "close": "4.955"
        },
        {
            "time": "14.12.2020 23:34",
            "open": "4.955",
            "high": "4.96",
            "low": "4.955",
            "close": "4.954"
        },
        {
            "time": "14.12.2020 23:35",
            "open": "4.954",
            "high": "4.964",
            "low": "4.954",
            "close": "4.963"
        },
        {
            "time": "14.12.2020 23:37",
            "open": "4.963",
            "high": "4.963",
            "low": "4.963",
            "close": "4.971"
        },
        {
            "time": "14.12.2020 23:39",
            "open": "4.971",
            "high": "4.971",
            "low": "4.971",
            "close": "4.968"
        },
        {
            "time": "14.12.2020 23:44",
            "open": "4.968",
            "high": "4.968",
            "low": "4.966",
            "close": "4.967"
        },
        {
            "time": "14.12.2020 23:45",
            "open": "4.967",
            "high": "4.967",
            "low": "4.967",
            "close": "4.97"
        },
        {
            "time": "14.12.2020 23:49",
            "open": "4.97",
            "high": "4.97",
            "low": "4.97",
            "close": "4.969"
        },
        {
            "time": "14.12.2020 23:50",
            "open": "4.969",
            "high": "4.969",
            "low": "4.969",
            "close": "4.978"
        },
        {
            "time": "14.12.2020 23:54",
            "open": "4.978",
            "high": "4.978",
            "low": "4.978",
            "close": "4.981"
        },
        {
            "time": "14.12.2020 23:55",
            "open": "4.981",
            "high": "4.981",
            "low": "4.981",
            "close": "4.971"
        },
        {
            "time": "14.12.2020 23:56",
            "open": "4.971",
            "high": "4.973",
            "low": "4.971",
            "close": "4.974"
        }
    ]
}