{
    "XTZ-EUR": [
        {
            "time": "13.11.2020 23:59",
            "open": "1.81646",
            "high": "1.81646",
            "low": "1.81646",
            "close": "1.81464"
        },
        {
            "time": "14.11.2020 00:02",
            "open": "1.81464",
            "high": "1.81464",
            "low": "1.81464",
            "close": "1.80811"
        },
        {
            "time": "14.11.2020 00:04",
            "open": "1.80811",
            "high": "1.80811",
            "low": "1.80811",
            "close": "1.81216"
        },
        {
            "time": "14.11.2020 00:05",
            "open": "1.81216",
            "high": "1.81216",
            "low": "1.81216",
            "close": "1.81216"
        },
        {
            "time": "14.11.2020 00:09",
            "open": "1.81216",
            "high": "1.81216",
            "low": "1.81216",
            "close": "1.8171"
        },
        {
            "time": "14.11.2020 00:19",
            "open": "1.8171",
            "high": "1.8171",
            "low": "1.8171",
            "close": "1.8171"
        },
        {
            "time": "14.11.2020 00:21",
            "open": "1.8171",
            "high": "1.8171",
            "low": "1.8171",
            "close": "1.8156"
        },
        {
            "time": "14.11.2020 00:22",
            "open": "1.8156",
            "high": "1.8156",
            "low": "1.8156",
            "close": "1.81003"
        },
        {
            "time": "14.11.2020 00:25",
            "open": "1.81003",
            "high": "1.81003",
            "low": "1.81003",
            "close": "1.8112"
        },
        {
            "time": "14.11.2020 00:27",
            "open": "1.8112",
            "high": "1.8112",
            "low": "1.8112",
            "close": "1.80732"
        },
        {
            "time": "14.11.2020 00:28",
            "open": "1.80732",
            "high": "1.80732",
            "low": "1.80592",
            "close": "1.81175"
        },
        {
            "time": "14.11.2020 00:35",
            "open": "1.81175",
            "high": "1.81175",
            "low": "1.81175",
            "close": "1.81316"
        },
        {
            "time": "14.11.2020 00:38",
            "open": "1.81316",
            "high": "1.81415",
            "low": "1.81316",
            "close": "1.81362"
        },
        {
            "time": "14.11.2020 00:40",
            "open": "1.81362",
            "high": "1.81362",
            "low": "1.81362",
            "close": "1.81208"
        },
        {
            "time": "14.11.2020 00:46",
            "open": "1.81208",
            "high": "1.81208",
            "low": "1.81208",
            "close": "1.82296"
        },
        {
            "time": "14.11.2020 01:01",
            "open": "1.82296",
            "high": "1.82296",
            "low": "1.82296",
            "close": "1.82345"
        },
        {
            "time": "14.11.2020 01:03",
            "open": "1.82345",
            "high": "1.827",
            "low": "1.82345",
            "close": "1.81773"
        },
        {
            "time": "14.11.2020 01:06",
            "open": "1.81773",
            "high": "1.81773",
            "low": "1.8131",
            "close": "1.809"
        },
        {
            "time": "14.11.2020 01:07",
            "open": "1.809",
            "high": "1.809",
            "low": "1.809",
            "close": "1.80512"
        },
        {
            "time": "14.11.2020 01:09",
            "open": "1.80512",
            "high": "1.80512",
            "low": "1.80512",
            "close": "1.80995"
        },
        {
            "time": "14.11.2020 01:11",
            "open": "1.80995",
            "high": "1.80995",
            "low": "1.80995",
            "close": "1.80866"
        },
        {
            "time": "14.11.2020 01:15",
            "open": "1.80866",
            "high": "1.80967",
            "low": "1.80866",
            "close": "1.8072"
        },
        {
            "time": "14.11.2020 01:17",
            "open": "1.8072",
            "high": "1.8072",
            "low": "1.8072",
            "close": "1.80768"
        },
        {
            "time": "14.11.2020 01:18",
            "open": "1.80768",
            "high": "1.80768",
            "low": "1.80768",
            "close": "1.8053"
        },
        {
            "time": "14.11.2020 01:19",
            "open": "1.8053",
            "high": "1.8053",
            "low": "1.8053",
            "close": "1.80529"
        },
        {
            "time": "14.11.2020 01:21",
            "open": "1.80529",
            "high": "1.80529",
            "low": "1.80529",
            "close": "1.80123"
        },
        {
            "time": "14.11.2020 01:22",
            "open": "1.80123",
            "high": "1.80123",
            "low": "1.79633",
            "close": "1.80139"
        },
        {
            "time": "14.11.2020 01:23",
            "open": "1.80139",
            "high": "1.80139",
            "low": "1.79717",
            "close": "1.80369"
        },
        {
            "time": "14.11.2020 01:33",
            "open": "1.80369",
            "high": "1.80373",
            "low": "1.80369",
            "close": "1.80321"
        },
        {
            "time": "14.11.2020 01:36",
            "open": "1.80321",
            "high": "1.80321",
            "low": "1.80321",
            "close": "1.80419"
        },
        {
            "time": "14.11.2020 01:40",
            "open": "1.80419",
            "high": "1.80419",
            "low": "1.80419",
            "close": "1.80565"
        },
        {
            "time": "14.11.2020 01:42",
            "open": "1.80565",
            "high": "1.80699",
            "low": "1.80565",
            "close": "1.80243"
        },
        {
            "time": "14.11.2020 01:52",
            "open": "1.80243",
            "high": "1.80243",
            "low": "1.80243",
            "close": "1.8047"
        },
        {
            "time": "14.11.2020 01:56",
            "open": "1.8047",
            "high": "1.8047",
            "low": "1.8047",
            "close": "1.79914"
        },
        {
            "time": "14.11.2020 02:04",
            "open": "1.79914",
            "high": "1.79915",
            "low": "1.79914",
            "close": "1.7996"
        },
        {
            "time": "14.11.2020 02:05",
            "open": "1.7996",
            "high": "1.7996",
            "low": "1.79836",
            "close": "1.79845"
        },
        {
            "time": "14.11.2020 02:06",
            "open": "1.79845",
            "high": "1.79845",
            "low": "1.79845",
            "close": "1.79365"
        },
        {
            "time": "14.11.2020 02:12",
            "open": "1.79365",
            "high": "1.79365",
            "low": "1.79365",
            "close": "1.78931"
        },
        {
            "time": "14.11.2020 02:14",
            "open": "1.78931",
            "high": "1.78931",
            "low": "1.78931",
            "close": "1.7938"
        },
        {
            "time": "14.11.2020 02:16",
            "open": "1.7938",
            "high": "1.7938",
            "low": "1.7938",
            "close": "1.79759"
        },
        {
            "time": "14.11.2020 02:37",
            "open": "1.79759",
            "high": "1.79759",
            "low": "1.79759",
            "close": "1.79453"
        },
        {
            "time": "14.11.2020 02:46",
            "open": "1.79453",
            "high": "1.79453",
            "low": "1.79453",
            "close": "1.79153"
        },
        {
            "time": "14.11.2020 02:52",
            "open": "1.79153",
            "high": "1.79269",
            "low": "1.79153",
            "close": "1.7915"
        },
        {
            "time": "14.11.2020 02:56",
            "open": "1.7915",
            "high": "1.7915",
            "low": "1.7915",
            "close": "1.792"
        },
        {
            "time": "14.11.2020 02:57",
            "open": "1.792",
            "high": "1.792",
            "low": "1.792",
            "close": "1.79283"
        },
        {
            "time": "14.11.2020 03:11",
            "open": "1.79283",
            "high": "1.79284",
            "low": "1.79283",
            "close": "1.791"
        },
        {
            "time": "14.11.2020 03:14",
            "open": "1.791",
            "high": "1.791",
            "low": "1.791",
            "close": "1.78975"
        },
        {
            "time": "14.11.2020 03:15",
            "open": "1.78975",
            "high": "1.79179",
            "low": "1.78975",
            "close": "1.79411"
        },
        {
            "time": "14.11.2020 03:17",
            "open": "1.79411",
            "high": "1.79411",
            "low": "1.79411",
            "close": "1.79519"
        },
        {
            "time": "14.11.2020 03:20",
            "open": "1.79519",
            "high": "1.7952",
            "low": "1.79519",
            "close": "1.7947"
        },
        {
            "time": "14.11.2020 03:21",
            "open": "1.7947",
            "high": "1.7947",
            "low": "1.7947",
            "close": "1.7943"
        },
        {
            "time": "14.11.2020 03:23",
            "open": "1.7943",
            "high": "1.7943",
            "low": "1.7943",
            "close": "1.79772"
        },
        {
            "time": "14.11.2020 03:30",
            "open": "1.79772",
            "high": "1.79772",
            "low": "1.79772",
            "close": "1.80466"
        },
        {
            "time": "14.11.2020 03:33",
            "open": "1.80466",
            "high": "1.80466",
            "low": "1.80466",
            "close": "1.80799"
        },
        {
            "time": "14.11.2020 03:44",
            "open": "1.80799",
            "high": "1.80799",
            "low": "1.80799",
            "close": "1.7975"
        },
        {
            "time": "14.11.2020 03:45",
            "open": "1.7975",
            "high": "1.7975",
            "low": "1.7975",
            "close": "1.79429"
        },
        {
            "time": "14.11.2020 03:47",
            "open": "1.79429",
            "high": "1.79429",
            "low": "1.79429",
            "close": "1.79319"
        },
        {
            "time": "14.11.2020 03:48",
            "open": "1.79319",
            "high": "1.79319",
            "low": "1.79319",
            "close": "1.79558"
        },
        {
            "time": "14.11.2020 04:07",
            "open": "1.79558",
            "high": "1.79558",
            "low": "1.79558",
            "close": "1.79585"
        },
        {
            "time": "14.11.2020 04:15",
            "open": "1.79585",
            "high": "1.79585",
            "low": "1.79585",
            "close": "1.79564"
        },
        {
            "time": "14.11.2020 04:16",
            "open": "1.79564",
            "high": "1.79564",
            "low": "1.79564",
            "close": "1.79342"
        },
        {
            "time": "14.11.2020 04:23",
            "open": "1.79342",
            "high": "1.79342",
            "low": "1.79342",
            "close": "1.79395"
        },
        {
            "time": "14.11.2020 04:25",
            "open": "1.79395",
            "high": "1.79395",
            "low": "1.79395",
            "close": "1.78821"
        },
        {
            "time": "14.11.2020 04:38",
            "open": "1.78821",
            "high": "1.78821",
            "low": "1.78821",
            "close": "1.78611"
        },
        {
            "time": "14.11.2020 04:39",
            "open": "1.78611",
            "high": "1.78611",
            "low": "1.78611",
            "close": "1.78628"
        },
        {
            "time": "14.11.2020 04:40",
            "open": "1.78628",
            "high": "1.78628",
            "low": "1.78628",
            "close": "1.79261"
        },
        {
            "time": "14.11.2020 04:55",
            "open": "1.79261",
            "high": "1.79261",
            "low": "1.79261",
            "close": "1.79261"
        },
        {
            "time": "14.11.2020 04:58",
            "open": "1.79261",
            "high": "1.79261",
            "low": "1.79261",
            "close": "1.7876"
        },
        {
            "time": "14.11.2020 05:07",
            "open": "1.7876",
            "high": "1.7876",
            "low": "1.7876",
            "close": "1.7815"
        },
        {
            "time": "14.11.2020 05:16",
            "open": "1.7815",
            "high": "1.7815",
            "low": "1.7815",
            "close": "1.78192"
        },
        {
            "time": "14.11.2020 05:19",
            "open": "1.78192",
            "high": "1.78192",
            "low": "1.78",
            "close": "1.78026"
        },
        {
            "time": "14.11.2020 05:20",
            "open": "1.78026",
            "high": "1.78127",
            "low": "1.78026",
            "close": "1.78318"
        },
        {
            "time": "14.11.2020 05:29",
            "open": "1.78318",
            "high": "1.78318",
            "low": "1.78318",
            "close": "1.78318"
        },
        {
            "time": "14.11.2020 05:30",
            "open": "1.78318",
            "high": "1.78318",
            "low": "1.78318",
            "close": "1.7786"
        },
        {
            "time": "14.11.2020 05:38",
            "open": "1.7786",
            "high": "1.7786",
            "low": "1.7786",
            "close": "1.7761"
        },
        {
            "time": "14.11.2020 05:40",
            "open": "1.7761",
            "high": "1.7761",
            "low": "1.7761",
            "close": "1.77762"
        },
        {
            "time": "14.11.2020 05:45",
            "open": "1.77762",
            "high": "1.77762",
            "low": "1.77762",
            "close": "1.78014"
        },
        {
            "time": "14.11.2020 05:59",
            "open": "1.78014",
            "high": "1.78022",
            "low": "1.78014",
            "close": "1.77825"
        },
        {
            "time": "14.11.2020 06:06",
            "open": "1.77825",
            "high": "1.77825",
            "low": "1.77825",
            "close": "1.77733"
        },
        {
            "time": "14.11.2020 06:07",
            "open": "1.77733",
            "high": "1.77733",
            "low": "1.77733",
            "close": "1.79295"
        },
        {
            "time": "14.11.2020 06:17",
            "open": "1.79295",
            "high": "1.79295",
            "low": "1.79065",
            "close": "1.79322"
        },
        {
            "time": "14.11.2020 06:18",
            "open": "1.79322",
            "high": "1.79322",
            "low": "1.79237",
            "close": "1.78866"
        },
        {
            "time": "14.11.2020 06:19",
            "open": "1.78866",
            "high": "1.78866",
            "low": "1.78326",
            "close": "1.77845"
        },
        {
            "time": "14.11.2020 06:20",
            "open": "1.77845",
            "high": "1.77845",
            "low": "1.77813",
            "close": "1.77678"
        },
        {
            "time": "14.11.2020 06:22",
            "open": "1.77678",
            "high": "1.77697",
            "low": "1.77678",
            "close": "1.78536"
        },
        {
            "time": "14.11.2020 06:34",
            "open": "1.78536",
            "high": "1.78536",
            "low": "1.78536",
            "close": "1.78472"
        },
        {
            "time": "14.11.2020 06:37",
            "open": "1.78472",
            "high": "1.78472",
            "low": "1.78472",
            "close": "1.78249"
        },
        {
            "time": "14.11.2020 06:41",
            "open": "1.78249",
            "high": "1.78249",
            "low": "1.78249",
            "close": "1.7848"
        },
        {
            "time": "14.11.2020 06:42",
            "open": "1.7848",
            "high": "1.7848",
            "low": "1.7848",
            "close": "1.77953"
        },
        {
            "time": "14.11.2020 06:46",
            "open": "1.77953",
            "high": "1.77953",
            "low": "1.77953",
            "close": "1.77953"
        },
        {
            "time": "14.11.2020 06:49",
            "open": "1.77953",
            "high": "1.77953",
            "low": "1.77953",
            "close": "1.7757"
        },
        {
            "time": "14.11.2020 06:53",
            "open": "1.7757",
            "high": "1.7757",
            "low": "1.7757",
            "close": "1.78353"
        },
        {
            "time": "14.11.2020 07:01",
            "open": "1.78353",
            "high": "1.78353",
            "low": "1.78353",
            "close": "1.78579"
        },
        {
            "time": "14.11.2020 07:09",
            "open": "1.78579",
            "high": "1.78579",
            "low": "1.78579",
            "close": "1.77708"
        },
        {
            "time": "14.11.2020 07:11",
            "open": "1.77708",
            "high": "1.77849",
            "low": "1.77692",
            "close": "1.77985"
        },
        {
            "time": "14.11.2020 07:14",
            "open": "1.77985",
            "high": "1.78022",
            "low": "1.77985",
            "close": "1.77941"
        },
        {
            "time": "14.11.2020 07:28",
            "open": "1.77941",
            "high": "1.77941",
            "low": "1.7791",
            "close": "1.77899"
        },
        {
            "time": "14.11.2020 07:29",
            "open": "1.77899",
            "high": "1.77899",
            "low": "1.77899",
            "close": "1.77759"
        },
        {
            "time": "14.11.2020 07:31",
            "open": "1.77759",
            "high": "1.77759",
            "low": "1.77759",
            "close": "1.77445"
        },
        {
            "time": "14.11.2020 07:33",
            "open": "1.77445",
            "high": "1.77445",
            "low": "1.77443",
            "close": "1.77296"
        },
        {
            "time": "14.11.2020 07:34",
            "open": "1.77296",
            "high": "1.77296",
            "low": "1.77249",
            "close": "1.77368"
        },
        {
            "time": "14.11.2020 07:38",
            "open": "1.77368",
            "high": "1.77368",
            "low": "1.77368",
            "close": "1.77112"
        },
        {
            "time": "14.11.2020 07:44",
            "open": "1.77112",
            "high": "1.77112",
            "low": "1.77112",
            "close": "1.76932"
        },
        {
            "time": "14.11.2020 07:45",
            "open": "1.76932",
            "high": "1.76935",
            "low": "1.76932",
            "close": "1.77375"
        },
        {
            "time": "14.11.2020 07:55",
            "open": "1.77375",
            "high": "1.77375",
            "low": "1.77304",
            "close": "1.77456"
        },
        {
            "time": "14.11.2020 07:57",
            "open": "1.77456",
            "high": "1.77456",
            "low": "1.77456",
            "close": "1.774"
        },
        {
            "time": "14.11.2020 07:58",
            "open": "1.774",
            "high": "1.774",
            "low": "1.774",
            "close": "1.77386"
        },
        {
            "time": "14.11.2020 08:00",
            "open": "1.77386",
            "high": "1.7739",
            "low": "1.77386",
            "close": "1.77349"
        },
        {
            "time": "14.11.2020 08:13",
            "open": "1.77349",
            "high": "1.77349",
            "low": "1.77349",
            "close": "1.76935"
        },
        {
            "time": "14.11.2020 08:15",
            "open": "1.76935",
            "high": "1.76935",
            "low": "1.7676",
            "close": "1.765"
        },
        {
            "time": "14.11.2020 08:17",
            "open": "1.765",
            "high": "1.765",
            "low": "1.7636",
            "close": "1.76286"
        },
        {
            "time": "14.11.2020 08:18",
            "open": "1.76286",
            "high": "1.76297",
            "low": "1.7628",
            "close": "1.7631"
        },
        {
            "time": "14.11.2020 08:20",
            "open": "1.7631",
            "high": "1.7631",
            "low": "1.76101",
            "close": "1.7635"
        },
        {
            "time": "14.11.2020 08:22",
            "open": "1.7635",
            "high": "1.7635",
            "low": "1.7635",
            "close": "1.7635"
        },
        {
            "time": "14.11.2020 08:23",
            "open": "1.7635",
            "high": "1.7635",
            "low": "1.7635",
            "close": "1.762"
        },
        {
            "time": "14.11.2020 08:25",
            "open": "1.762",
            "high": "1.762",
            "low": "1.762",
            "close": "1.76679"
        },
        {
            "time": "14.11.2020 08:34",
            "open": "1.76679",
            "high": "1.76679",
            "low": "1.76679",
            "close": "1.76421"
        },
        {
            "time": "14.11.2020 08:35",
            "open": "1.76421",
            "high": "1.76755",
            "low": "1.76381",
            "close": "1.7676"
        },
        {
            "time": "14.11.2020 08:37",
            "open": "1.7676",
            "high": "1.7676",
            "low": "1.7676",
            "close": "1.76778"
        },
        {
            "time": "14.11.2020 08:39",
            "open": "1.76778",
            "high": "1.76778",
            "low": "1.76778",
            "close": "1.76549"
        },
        {
            "time": "14.11.2020 08:41",
            "open": "1.76549",
            "high": "1.76549",
            "low": "1.76549",
            "close": "1.7689"
        },
        {
            "time": "14.11.2020 08:51",
            "open": "1.7689",
            "high": "1.7689",
            "low": "1.7689",
            "close": "1.7696"
        },
        {
            "time": "14.11.2020 08:54",
            "open": "1.7696",
            "high": "1.7696",
            "low": "1.7696",
            "close": "1.76969"
        },
        {
            "time": "14.11.2020 09:00",
            "open": "1.76969",
            "high": "1.77042",
            "low": "1.76969",
            "close": "1.7703"
        },
        {
            "time": "14.11.2020 09:01",
            "open": "1.7703",
            "high": "1.7703",
            "low": "1.767",
            "close": "1.7756"
        },
        {
            "time": "14.11.2020 09:05",
            "open": "1.7756",
            "high": "1.7756",
            "low": "1.7756",
            "close": "1.7686"
        },
        {
            "time": "14.11.2020 09:10",
            "open": "1.7686",
            "high": "1.7686",
            "low": "1.7686",
            "close": "1.77069"
        },
        {
            "time": "14.11.2020 09:12",
            "open": "1.77069",
            "high": "1.77129",
            "low": "1.77069",
            "close": "1.7686"
        },
        {
            "time": "14.11.2020 09:14",
            "open": "1.7686",
            "high": "1.7686",
            "low": "1.76318",
            "close": "1.761"
        },
        {
            "time": "14.11.2020 09:15",
            "open": "1.761",
            "high": "1.761",
            "low": "1.75883",
            "close": "1.75675"
        },
        {
            "time": "14.11.2020 09:16",
            "open": "1.75675",
            "high": "1.75725",
            "low": "1.75361",
            "close": "1.7587"
        },
        {
            "time": "14.11.2020 09:18",
            "open": "1.7587",
            "high": "1.7587",
            "low": "1.7556",
            "close": "1.7588"
        },
        {
            "time": "14.11.2020 09:19",
            "open": "1.7588",
            "high": "1.7589",
            "low": "1.7588",
            "close": "1.7589"
        },
        {
            "time": "14.11.2020 09:20",
            "open": "1.7589",
            "high": "1.7605",
            "low": "1.75581",
            "close": "1.7599"
        },
        {
            "time": "14.11.2020 09:21",
            "open": "1.7599",
            "high": "1.76101",
            "low": "1.75299",
            "close": "1.7512"
        },
        {
            "time": "14.11.2020 09:22",
            "open": "1.7512",
            "high": "1.75819",
            "low": "1.7512",
            "close": "1.7602"
        },
        {
            "time": "14.11.2020 09:23",
            "open": "1.7602",
            "high": "1.7602",
            "low": "1.75888",
            "close": "1.7602"
        },
        {
            "time": "14.11.2020 09:24",
            "open": "1.7602",
            "high": "1.7602",
            "low": "1.75644",
            "close": "1.75341"
        },
        {
            "time": "14.11.2020 09:25",
            "open": "1.75341",
            "high": "1.75341",
            "low": "1.74887",
            "close": "1.74892"
        },
        {
            "time": "14.11.2020 09:27",
            "open": "1.74892",
            "high": "1.75251",
            "low": "1.74892",
            "close": "1.75325"
        },
        {
            "time": "14.11.2020 09:28",
            "open": "1.75325",
            "high": "1.75325",
            "low": "1.75325",
            "close": "1.74958"
        },
        {
            "time": "14.11.2020 09:30",
            "open": "1.74958",
            "high": "1.74958",
            "low": "1.74958",
            "close": "1.75449"
        },
        {
            "time": "14.11.2020 09:34",
            "open": "1.75449",
            "high": "1.75449",
            "low": "1.75449",
            "close": "1.75628"
        },
        {
            "time": "14.11.2020 09:35",
            "open": "1.75628",
            "high": "1.75628",
            "low": "1.75628",
            "close": "1.75302"
        },
        {
            "time": "14.11.2020 09:39",
            "open": "1.75302",
            "high": "1.75302",
            "low": "1.75302",
            "close": "1.74953"
        },
        {
            "time": "14.11.2020 09:40",
            "open": "1.74953",
            "high": "1.75127",
            "low": "1.74953",
            "close": "1.75228"
        },
        {
            "time": "14.11.2020 09:42",
            "open": "1.75228",
            "high": "1.75228",
            "low": "1.75228",
            "close": "1.75429"
        },
        {
            "time": "14.11.2020 09:52",
            "open": "1.75429",
            "high": "1.75429",
            "low": "1.75429",
            "close": "1.7543"
        },
        {
            "time": "14.11.2020 09:53",
            "open": "1.7543",
            "high": "1.7543",
            "low": "1.7543",
            "close": "1.75804"
        },
        {
            "time": "14.11.2020 09:54",
            "open": "1.75804",
            "high": "1.75804",
            "low": "1.75804",
            "close": "1.7565"
        },
        {
            "time": "14.11.2020 09:58",
            "open": "1.7565",
            "high": "1.7565",
            "low": "1.7565",
            "close": "1.75218"
        },
        {
            "time": "14.11.2020 09:59",
            "open": "1.75218",
            "high": "1.7543",
            "low": "1.75218",
            "close": "1.7511"
        },
        {
            "time": "14.11.2020 10:02",
            "open": "1.7511",
            "high": "1.7511",
            "low": "1.7511",
            "close": "1.74918"
        },
        {
            "time": "14.11.2020 10:08",
            "open": "1.74918",
            "high": "1.74918",
            "low": "1.74918",
            "close": "1.74703"
        },
        {
            "time": "14.11.2020 10:10",
            "open": "1.74703",
            "high": "1.74703",
            "low": "1.74703",
            "close": "1.7521"
        },
        {
            "time": "14.11.2020 10:11",
            "open": "1.7521",
            "high": "1.7521",
            "low": "1.7521",
            "close": "1.75069"
        },
        {
            "time": "14.11.2020 10:15",
            "open": "1.75069",
            "high": "1.75069",
            "low": "1.7506",
            "close": "1.75456"
        },
        {
            "time": "14.11.2020 10:25",
            "open": "1.75456",
            "high": "1.7546",
            "low": "1.75456",
            "close": "1.75"
        },
        {
            "time": "14.11.2020 10:26",
            "open": "1.75",
            "high": "1.75",
            "low": "1.75",
            "close": "1.74809"
        },
        {
            "time": "14.11.2020 10:27",
            "open": "1.74809",
            "high": "1.74809",
            "low": "1.74809",
            "close": "1.7474"
        },
        {
            "time": "14.11.2020 10:29",
            "open": "1.7474",
            "high": "1.7474",
            "low": "1.74409",
            "close": "1.74383"
        },
        {
            "time": "14.11.2020 10:30",
            "open": "1.74383",
            "high": "1.74453",
            "low": "1.74383",
            "close": "1.74164"
        },
        {
            "time": "14.11.2020 10:31",
            "open": "1.74164",
            "high": "1.74164",
            "low": "1.74",
            "close": "1.74228"
        },
        {
            "time": "14.11.2020 10:33",
            "open": "1.74228",
            "high": "1.74228",
            "low": "1.74228",
            "close": "1.74072"
        },
        {
            "time": "14.11.2020 10:34",
            "open": "1.74072",
            "high": "1.74072",
            "low": "1.74072",
            "close": "1.74166"
        },
        {
            "time": "14.11.2020 10:35",
            "open": "1.74166",
            "high": "1.74166",
            "low": "1.74166",
            "close": "1.74669"
        },
        {
            "time": "14.11.2020 10:37",
            "open": "1.74669",
            "high": "1.74916",
            "low": "1.74669",
            "close": "1.74719"
        },
        {
            "time": "14.11.2020 10:39",
            "open": "1.74719",
            "high": "1.74759",
            "low": "1.74718",
            "close": "1.74622"
        },
        {
            "time": "14.11.2020 10:40",
            "open": "1.74622",
            "high": "1.74916",
            "low": "1.74618",
            "close": "1.74576"
        },
        {
            "time": "14.11.2020 10:41",
            "open": "1.74576",
            "high": "1.74576",
            "low": "1.74576",
            "close": "1.7439"
        },
        {
            "time": "14.11.2020 10:43",
            "open": "1.7439",
            "high": "1.74541",
            "low": "1.7436",
            "close": "1.7456"
        },
        {
            "time": "14.11.2020 10:44",
            "open": "1.7456",
            "high": "1.7456",
            "low": "1.7427",
            "close": "1.75041"
        },
        {
            "time": "14.11.2020 10:46",
            "open": "1.75041",
            "high": "1.75041",
            "low": "1.75041",
            "close": "1.7501"
        },
        {
            "time": "14.11.2020 10:50",
            "open": "1.7501",
            "high": "1.7501",
            "low": "1.7501",
            "close": "1.745"
        },
        {
            "time": "14.11.2020 10:55",
            "open": "1.745",
            "high": "1.745",
            "low": "1.745",
            "close": "1.74675"
        },
        {
            "time": "14.11.2020 10:56",
            "open": "1.74675",
            "high": "1.74675",
            "low": "1.7408",
            "close": "1.74102"
        },
        {
            "time": "14.11.2020 10:57",
            "open": "1.74102",
            "high": "1.74102",
            "low": "1.74102",
            "close": "1.73871"
        },
        {
            "time": "14.11.2020 10:58",
            "open": "1.73871",
            "high": "1.73871",
            "low": "1.73871",
            "close": "1.73841"
        },
        {
            "time": "14.11.2020 10:59",
            "open": "1.73841",
            "high": "1.7408",
            "low": "1.73736",
            "close": "1.75647"
        },
        {
            "time": "14.11.2020 11:03",
            "open": "1.75647",
            "high": "1.75726",
            "low": "1.75647",
            "close": "1.75349"
        },
        {
            "time": "14.11.2020 11:04",
            "open": "1.75349",
            "high": "1.75349",
            "low": "1.75349",
            "close": "1.75515"
        },
        {
            "time": "14.11.2020 11:06",
            "open": "1.75515",
            "high": "1.75515",
            "low": "1.75515",
            "close": "1.75567"
        },
        {
            "time": "14.11.2020 11:11",
            "open": "1.75567",
            "high": "1.75572",
            "low": "1.75567",
            "close": "1.75473"
        },
        {
            "time": "14.11.2020 11:12",
            "open": "1.75473",
            "high": "1.75473",
            "low": "1.75473",
            "close": "1.75273"
        },
        {
            "time": "14.11.2020 11:14",
            "open": "1.75273",
            "high": "1.75273",
            "low": "1.75273",
            "close": "1.75569"
        },
        {
            "time": "14.11.2020 11:21",
            "open": "1.75569",
            "high": "1.75569",
            "low": "1.75569",
            "close": "1.75249"
        },
        {
            "time": "14.11.2020 11:24",
            "open": "1.75249",
            "high": "1.75548",
            "low": "1.75249",
            "close": "1.75284"
        },
        {
            "time": "14.11.2020 11:27",
            "open": "1.75284",
            "high": "1.75284",
            "low": "1.75284",
            "close": "1.75729"
        },
        {
            "time": "14.11.2020 11:28",
            "open": "1.75729",
            "high": "1.75729",
            "low": "1.75729",
            "close": "1.75546"
        },
        {
            "time": "14.11.2020 11:31",
            "open": "1.75546",
            "high": "1.75546",
            "low": "1.75529",
            "close": "1.75151"
        },
        {
            "time": "14.11.2020 11:32",
            "open": "1.75151",
            "high": "1.75151",
            "low": "1.75151",
            "close": "1.75"
        },
        {
            "time": "14.11.2020 11:39",
            "open": "1.75",
            "high": "1.75",
            "low": "1.75",
            "close": "1.75004"
        },
        {
            "time": "14.11.2020 11:40",
            "open": "1.75004",
            "high": "1.75004",
            "low": "1.75004",
            "close": "1.75"
        },
        {
            "time": "14.11.2020 11:41",
            "open": "1.75",
            "high": "1.75",
            "low": "1.75",
            "close": "1.75229"
        },
        {
            "time": "14.11.2020 11:45",
            "open": "1.75229",
            "high": "1.75229",
            "low": "1.75229",
            "close": "1.7522"
        },
        {
            "time": "14.11.2020 11:48",
            "open": "1.7522",
            "high": "1.7522",
            "low": "1.7522",
            "close": "1.7502"
        },
        {
            "time": "14.11.2020 11:49",
            "open": "1.7502",
            "high": "1.7517",
            "low": "1.7502",
            "close": "1.75187"
        },
        {
            "time": "14.11.2020 11:50",
            "open": "1.75187",
            "high": "1.75187",
            "low": "1.75187",
            "close": "1.75157"
        },
        {
            "time": "14.11.2020 11:51",
            "open": "1.75157",
            "high": "1.75157",
            "low": "1.75157",
            "close": "1.75"
        },
        {
            "time": "14.11.2020 11:52",
            "open": "1.75",
            "high": "1.75",
            "low": "1.75",
            "close": "1.74839"
        },
        {
            "time": "14.11.2020 11:55",
            "open": "1.74839",
            "high": "1.74839",
            "low": "1.74839",
            "close": "1.7463"
        },
        {
            "time": "14.11.2020 11:59",
            "open": "1.7463",
            "high": "1.7463",
            "low": "1.7463",
            "close": "1.74976"
        },
        {
            "time": "14.11.2020 12:01",
            "open": "1.74976",
            "high": "1.7503",
            "low": "1.74976",
            "close": "1.75115"
        },
        {
            "time": "14.11.2020 12:05",
            "open": "1.75115",
            "high": "1.75115",
            "low": "1.75115",
            "close": "1.75037"
        },
        {
            "time": "14.11.2020 12:07",
            "open": "1.75037",
            "high": "1.75037",
            "low": "1.75037",
            "close": "1.75729"
        },
        {
            "time": "14.11.2020 12:10",
            "open": "1.75729",
            "high": "1.75833",
            "low": "1.75729",
            "close": "1.7553"
        },
        {
            "time": "14.11.2020 12:11",
            "open": "1.7553",
            "high": "1.7553",
            "low": "1.7553",
            "close": "1.75815"
        },
        {
            "time": "14.11.2020 12:14",
            "open": "1.75815",
            "high": "1.75942",
            "low": "1.75815",
            "close": "1.75591"
        },
        {
            "time": "14.11.2020 12:15",
            "open": "1.75591",
            "high": "1.75591",
            "low": "1.75591",
            "close": "1.75699"
        },
        {
            "time": "14.11.2020 12:16",
            "open": "1.75699",
            "high": "1.75699",
            "low": "1.75399",
            "close": "1.7548"
        },
        {
            "time": "14.11.2020 12:20",
            "open": "1.7548",
            "high": "1.7548",
            "low": "1.7545",
            "close": "1.75802"
        },
        {
            "time": "14.11.2020 12:24",
            "open": "1.75802",
            "high": "1.75804",
            "low": "1.75802",
            "close": "1.75744"
        },
        {
            "time": "14.11.2020 12:25",
            "open": "1.75744",
            "high": "1.75744",
            "low": "1.75744",
            "close": "1.7548"
        },
        {
            "time": "14.11.2020 12:30",
            "open": "1.7548",
            "high": "1.7548",
            "low": "1.75412",
            "close": "1.7564"
        },
        {
            "time": "14.11.2020 12:31",
            "open": "1.7564",
            "high": "1.7564",
            "low": "1.7564",
            "close": "1.75615"
        },
        {
            "time": "14.11.2020 12:33",
            "open": "1.75615",
            "high": "1.75615",
            "low": "1.75615",
            "close": "1.7542"
        },
        {
            "time": "14.11.2020 12:35",
            "open": "1.7542",
            "high": "1.7542",
            "low": "1.7542",
            "close": "1.75999"
        },
        {
            "time": "14.11.2020 12:37",
            "open": "1.75999",
            "high": "1.75999",
            "low": "1.75999",
            "close": "1.7574"
        },
        {
            "time": "14.11.2020 12:40",
            "open": "1.7574",
            "high": "1.7574",
            "low": "1.7574",
            "close": "1.75957"
        },
        {
            "time": "14.11.2020 12:46",
            "open": "1.75957",
            "high": "1.75957",
            "low": "1.75957",
            "close": "1.75518"
        },
        {
            "time": "14.11.2020 12:49",
            "open": "1.75518",
            "high": "1.75518",
            "low": "1.75518",
            "close": "1.7538"
        },
        {
            "time": "14.11.2020 12:50",
            "open": "1.7538",
            "high": "1.7538",
            "low": "1.7538",
            "close": "1.75444"
        },
        {
            "time": "14.11.2020 12:51",
            "open": "1.75444",
            "high": "1.75529",
            "low": "1.75444",
            "close": "1.75529"
        },
        {
            "time": "14.11.2020 12:52",
            "open": "1.75529",
            "high": "1.76045",
            "low": "1.75529",
            "close": "1.7573"
        },
        {
            "time": "14.11.2020 12:55",
            "open": "1.7573",
            "high": "1.7603",
            "low": "1.7573",
            "close": "1.76214"
        },
        {
            "time": "14.11.2020 12:56",
            "open": "1.76214",
            "high": "1.76214",
            "low": "1.76214",
            "close": "1.76088"
        },
        {
            "time": "14.11.2020 12:59",
            "open": "1.76088",
            "high": "1.76088",
            "low": "1.76088",
            "close": "1.7592"
        },
        {
            "time": "14.11.2020 13:00",
            "open": "1.7592",
            "high": "1.7592",
            "low": "1.7592",
            "close": "1.756"
        },
        {
            "time": "14.11.2020 13:04",
            "open": "1.756",
            "high": "1.756",
            "low": "1.75275",
            "close": "1.75035"
        },
        {
            "time": "14.11.2020 13:05",
            "open": "1.75035",
            "high": "1.75035",
            "low": "1.75035",
            "close": "1.75532"
        },
        {
            "time": "14.11.2020 13:08",
            "open": "1.75532",
            "high": "1.75532",
            "low": "1.75532",
            "close": "1.75212"
        },
        {
            "time": "14.11.2020 13:10",
            "open": "1.75212",
            "high": "1.75212",
            "low": "1.75212",
            "close": "1.75809"
        },
        {
            "time": "14.11.2020 13:13",
            "open": "1.75809",
            "high": "1.75829",
            "low": "1.75809",
            "close": "1.75613"
        },
        {
            "time": "14.11.2020 13:15",
            "open": "1.75613",
            "high": "1.75959",
            "low": "1.75613",
            "close": "1.75921"
        },
        {
            "time": "14.11.2020 13:19",
            "open": "1.7565",
            "high": "1.75959",
            "low": "1.7565",
            "close": "1.75959"
        },
        {
            "time": "14.11.2020 13:20",
            "open": "1.75959",
            "high": "1.75959",
            "low": "1.75959",
            "close": "1.756"
        },
        {
            "time": "14.11.2020 13:23",
            "open": "1.756",
            "high": "1.756",
            "low": "1.75495",
            "close": "1.75585"
        },
        {
            "time": "14.11.2020 13:24",
            "open": "1.75585",
            "high": "1.75585",
            "low": "1.75585",
            "close": "1.75054"
        },
        {
            "time": "14.11.2020 13:27",
            "open": "1.75054",
            "high": "1.75414",
            "low": "1.75054",
            "close": "1.75454"
        },
        {
            "time": "14.11.2020 13:29",
            "open": "1.75454",
            "high": "1.75454",
            "low": "1.75454",
            "close": "1.75119"
        },
        {
            "time": "14.11.2020 13:32",
            "open": "1.75119",
            "high": "1.75119",
            "low": "1.75119",
            "close": "1.7531"
        },
        {
            "time": "14.11.2020 13:33",
            "open": "1.7531",
            "high": "1.7531",
            "low": "1.7531",
            "close": "1.75459"
        },
        {
            "time": "14.11.2020 13:34",
            "open": "1.75459",
            "high": "1.75459",
            "low": "1.75459",
            "close": "1.75949"
        },
        {
            "time": "14.11.2020 13:39",
            "open": "1.75949",
            "high": "1.75949",
            "low": "1.75949",
            "close": "1.76312"
        },
        {
            "time": "14.11.2020 13:45",
            "open": "1.76312",
            "high": "1.76312",
            "low": "1.76312",
            "close": "1.76312"
        },
        {
            "time": "14.11.2020 13:49",
            "open": "1.76312",
            "high": "1.76312",
            "low": "1.76312",
            "close": "1.76031"
        },
        {
            "time": "14.11.2020 13:50",
            "open": "1.76031",
            "high": "1.76031",
            "low": "1.76031",
            "close": "1.76339"
        },
        {
            "time": "14.11.2020 13:55",
            "open": "1.76339",
            "high": "1.76339",
            "low": "1.76339",
            "close": "1.76579"
        },
        {
            "time": "14.11.2020 13:59",
            "open": "1.76579",
            "high": "1.76584",
            "low": "1.76579",
            "close": "1.75967"
        },
        {
            "time": "14.11.2020 14:00",
            "open": "1.75967",
            "high": "1.76239",
            "low": "1.75967",
            "close": "1.7603"
        },
        {
            "time": "14.11.2020 14:01",
            "open": "1.7603",
            "high": "1.76612",
            "low": "1.7603",
            "close": "1.76628"
        },
        {
            "time": "14.11.2020 14:03",
            "open": "1.76628",
            "high": "1.76716",
            "low": "1.76628",
            "close": "1.76392"
        },
        {
            "time": "14.11.2020 14:04",
            "open": "1.76392",
            "high": "1.76392",
            "low": "1.76392",
            "close": "1.76431"
        },
        {
            "time": "14.11.2020 14:06",
            "open": "1.76431",
            "high": "1.76431",
            "low": "1.76431",
            "close": "1.76342"
        },
        {
            "time": "14.11.2020 14:08",
            "open": "1.76342",
            "high": "1.76342",
            "low": "1.76342",
            "close": "1.75936"
        },
        {
            "time": "14.11.2020 14:14",
            "open": "1.75936",
            "high": "1.75936",
            "low": "1.75936",
            "close": "1.7604"
        },
        {
            "time": "14.11.2020 14:19",
            "open": "1.7604",
            "high": "1.7604",
            "low": "1.7604",
            "close": "1.76449"
        },
        {
            "time": "14.11.2020 14:23",
            "open": "1.76449",
            "high": "1.76449",
            "low": "1.76449",
            "close": "1.76593"
        },
        {
            "time": "14.11.2020 14:25",
            "open": "1.76593",
            "high": "1.76593",
            "low": "1.76292",
            "close": "1.76878"
        },
        {
            "time": "14.11.2020 14:31",
            "open": "1.76878",
            "high": "1.76996",
            "low": "1.76878",
            "close": "1.76606"
        },
        {
            "time": "14.11.2020 14:33",
            "open": "1.76606",
            "high": "1.7662",
            "low": "1.76606",
            "close": "1.7658"
        },
        {
            "time": "14.11.2020 14:38",
            "open": "1.7658",
            "high": "1.7658",
            "low": "1.7658",
            "close": "1.76508"
        },
        {
            "time": "14.11.2020 14:45",
            "open": "1.76508",
            "high": "1.76508",
            "low": "1.76508",
            "close": "1.7618"
        },
        {
            "time": "14.11.2020 14:46",
            "open": "1.7618",
            "high": "1.7625",
            "low": "1.7618",
            "close": "1.76418"
        },
        {
            "time": "14.11.2020 14:53",
            "open": "1.76418",
            "high": "1.76418",
            "low": "1.76418",
            "close": "1.7639"
        },
        {
            "time": "14.11.2020 14:56",
            "open": "1.7639",
            "high": "1.76409",
            "low": "1.7639",
            "close": "1.76779"
        },
        {
            "time": "14.11.2020 14:57",
            "open": "1.76779",
            "high": "1.76868",
            "low": "1.76779",
            "close": "1.76741"
        },
        {
            "time": "14.11.2020 15:01",
            "open": "1.76741",
            "high": "1.76741",
            "low": "1.76741",
            "close": "1.76548"
        },
        {
            "time": "14.11.2020 15:05",
            "open": "1.76548",
            "high": "1.76548",
            "low": "1.76548",
            "close": "1.77002"
        },
        {
            "time": "14.11.2020 15:07",
            "open": "1.77002",
            "high": "1.77002",
            "low": "1.77002",
            "close": "1.7716"
        },
        {
            "time": "14.11.2020 15:09",
            "open": "1.7716",
            "high": "1.77374",
            "low": "1.7716",
            "close": "1.78062"
        },
        {
            "time": "14.11.2020 15:10",
            "open": "1.78062",
            "high": "1.78305",
            "low": "1.78062",
            "close": "1.78089"
        },
        {
            "time": "14.11.2020 15:11",
            "open": "1.78089",
            "high": "1.78249",
            "low": "1.78089",
            "close": "1.78177"
        },
        {
            "time": "14.11.2020 15:13",
            "open": "1.78177",
            "high": "1.78177",
            "low": "1.78177",
            "close": "1.78079"
        },
        {
            "time": "14.11.2020 15:17",
            "open": "1.78079",
            "high": "1.78103",
            "low": "1.78079",
            "close": "1.78316"
        },
        {
            "time": "14.11.2020 15:18",
            "open": "1.78316",
            "high": "1.78357",
            "low": "1.78316",
            "close": "1.78037"
        },
        {
            "time": "14.11.2020 15:21",
            "open": "1.78037",
            "high": "1.78037",
            "low": "1.78037",
            "close": "1.78085"
        },
        {
            "time": "14.11.2020 15:23",
            "open": "1.78085",
            "high": "1.78085",
            "low": "1.78085",
            "close": "1.77675"
        },
        {
            "time": "14.11.2020 15:24",
            "open": "1.77675",
            "high": "1.77675",
            "low": "1.77658",
            "close": "1.78045"
        },
        {
            "time": "14.11.2020 15:25",
            "open": "1.78045",
            "high": "1.78069",
            "low": "1.7773",
            "close": "1.7812"
        },
        {
            "time": "14.11.2020 15:26",
            "open": "1.7812",
            "high": "1.7812",
            "low": "1.7812",
            "close": "1.7803"
        },
        {
            "time": "14.11.2020 15:27",
            "open": "1.7803",
            "high": "1.78159",
            "low": "1.7803",
            "close": "1.78374"
        },
        {
            "time": "14.11.2020 15:28",
            "open": "1.78374",
            "high": "1.78374",
            "low": "1.78374",
            "close": "1.78458"
        },
        {
            "time": "14.11.2020 15:34",
            "open": "1.78458",
            "high": "1.7846",
            "low": "1.78458",
            "close": "1.78102"
        },
        {
            "time": "14.11.2020 15:36",
            "open": "1.78102",
            "high": "1.78109",
            "low": "1.78102",
            "close": "1.78318"
        },
        {
            "time": "14.11.2020 15:44",
            "open": "1.78318",
            "high": "1.78318",
            "low": "1.78318",
            "close": "1.7821"
        },
        {
            "time": "14.11.2020 15:48",
            "open": "1.7821",
            "high": "1.7821",
            "low": "1.7821",
            "close": "1.78198"
        },
        {
            "time": "14.11.2020 15:51",
            "open": "1.78198",
            "high": "1.78319",
            "low": "1.78198",
            "close": "1.7822"
        },
        {
            "time": "14.11.2020 15:57",
            "open": "1.7822",
            "high": "1.7822",
            "low": "1.7822",
            "close": "1.7836"
        },
        {
            "time": "14.11.2020 15:58",
            "open": "1.7836",
            "high": "1.7836",
            "low": "1.7836",
            "close": "1.78135"
        },
        {
            "time": "14.11.2020 16:00",
            "open": "1.78135",
            "high": "1.7846",
            "low": "1.78135",
            "close": "1.78136"
        },
        {
            "time": "14.11.2020 16:02",
            "open": "1.78136",
            "high": "1.78448",
            "low": "1.78136",
            "close": "1.78089"
        },
        {
            "time": "14.11.2020 16:05",
            "open": "1.78089",
            "high": "1.78089",
            "low": "1.78089",
            "close": "1.77688"
        },
        {
            "time": "14.11.2020 16:07",
            "open": "1.77688",
            "high": "1.7769",
            "low": "1.77688",
            "close": "1.7787"
        },
        {
            "time": "14.11.2020 16:12",
            "open": "1.7787",
            "high": "1.7787",
            "low": "1.7787",
            "close": "1.77414"
        },
        {
            "time": "14.11.2020 16:16",
            "open": "1.77414",
            "high": "1.77414",
            "low": "1.77414",
            "close": "1.77893"
        },
        {
            "time": "14.11.2020 16:18",
            "open": "1.77893",
            "high": "1.77893",
            "low": "1.77893",
            "close": "1.77847"
        },
        {
            "time": "14.11.2020 16:19",
            "open": "1.77847",
            "high": "1.77847",
            "low": "1.77847",
            "close": "1.78058"
        },
        {
            "time": "14.11.2020 16:21",
            "open": "1.78058",
            "high": "1.78059",
            "low": "1.78058",
            "close": "1.7762"
        },
        {
            "time": "14.11.2020 16:23",
            "open": "1.7762",
            "high": "1.7762",
            "low": "1.77105",
            "close": "1.77596"
        },
        {
            "time": "14.11.2020 16:26",
            "open": "1.77596",
            "high": "1.77695",
            "low": "1.77243",
            "close": "1.77499"
        },
        {
            "time": "14.11.2020 16:27",
            "open": "1.77499",
            "high": "1.77499",
            "low": "1.77499",
            "close": "1.77418"
        },
        {
            "time": "14.11.2020 16:28",
            "open": "1.77418",
            "high": "1.77418",
            "low": "1.77418",
            "close": "1.77693"
        },
        {
            "time": "14.11.2020 16:30",
            "open": "1.77693",
            "high": "1.77693",
            "low": "1.77693",
            "close": "1.77055"
        },
        {
            "time": "14.11.2020 16:32",
            "open": "1.77055",
            "high": "1.77055",
            "low": "1.77052",
            "close": "1.7699"
        },
        {
            "time": "14.11.2020 16:33",
            "open": "1.7699",
            "high": "1.77235",
            "low": "1.7699",
            "close": "1.77929"
        },
        {
            "time": "14.11.2020 16:35",
            "open": "1.77929",
            "high": "1.77965",
            "low": "1.77632",
            "close": "1.77663"
        },
        {
            "time": "14.11.2020 16:40",
            "open": "1.77663",
            "high": "1.77663",
            "low": "1.77663",
            "close": "1.77665"
        },
        {
            "time": "14.11.2020 16:41",
            "open": "1.77665",
            "high": "1.77665",
            "low": "1.77665",
            "close": "1.777"
        },
        {
            "time": "14.11.2020 16:45",
            "open": "1.777",
            "high": "1.777",
            "low": "1.777",
            "close": "1.77837"
        },
        {
            "time": "14.11.2020 16:48",
            "open": "1.77837",
            "high": "1.77837",
            "low": "1.77837",
            "close": "1.77631"
        },
        {
            "time": "14.11.2020 16:59",
            "open": "1.77631",
            "high": "1.77631",
            "low": "1.77561",
            "close": "1.76878"
        },
        {
            "time": "14.11.2020 17:02",
            "open": "1.76878",
            "high": "1.76878",
            "low": "1.76878",
            "close": "1.7683"
        },
        {
            "time": "14.11.2020 17:03",
            "open": "1.7683",
            "high": "1.77227",
            "low": "1.7683",
            "close": "1.77352"
        },
        {
            "time": "14.11.2020 17:05",
            "open": "1.77352",
            "high": "1.77352",
            "low": "1.77352",
            "close": "1.77865"
        },
        {
            "time": "14.11.2020 17:07",
            "open": "1.77865",
            "high": "1.77867",
            "low": "1.77865",
            "close": "1.78438"
        },
        {
            "time": "14.11.2020 17:10",
            "open": "1.78438",
            "high": "1.78438",
            "low": "1.78438",
            "close": "1.78568"
        },
        {
            "time": "14.11.2020 17:12",
            "open": "1.78568",
            "high": "1.78568",
            "low": "1.7833",
            "close": "1.78289"
        },
        {
            "time": "14.11.2020 17:14",
            "open": "1.78289",
            "high": "1.78289",
            "low": "1.78289",
            "close": "1.7844"
        },
        {
            "time": "14.11.2020 17:19",
            "open": "1.7844",
            "high": "1.7844",
            "low": "1.7844",
            "close": "1.7844"
        },
        {
            "time": "14.11.2020 17:22",
            "open": "1.7844",
            "high": "1.7844",
            "low": "1.7844",
            "close": "1.78061"
        },
        {
            "time": "14.11.2020 17:25",
            "open": "1.78061",
            "high": "1.78061",
            "low": "1.78061",
            "close": "1.78409"
        },
        {
            "time": "14.11.2020 17:28",
            "open": "1.78409",
            "high": "1.78409",
            "low": "1.78409",
            "close": "1.78132"
        },
        {
            "time": "14.11.2020 17:31",
            "open": "1.78132",
            "high": "1.78132",
            "low": "1.78132",
            "close": "1.7779"
        },
        {
            "time": "14.11.2020 17:34",
            "open": "1.7779",
            "high": "1.7779",
            "low": "1.7779",
            "close": "1.77907"
        },
        {
            "time": "14.11.2020 17:38",
            "open": "1.77907",
            "high": "1.77907",
            "low": "1.77907",
            "close": "1.7776"
        },
        {
            "time": "14.11.2020 17:42",
            "open": "1.7776",
            "high": "1.78",
            "low": "1.7776",
            "close": "1.78099"
        },
        {
            "time": "14.11.2020 17:44",
            "open": "1.78099",
            "high": "1.78099",
            "low": "1.78099",
            "close": "1.775"
        },
        {
            "time": "14.11.2020 17:46",
            "open": "1.775",
            "high": "1.775",
            "low": "1.775",
            "close": "1.76931"
        },
        {
            "time": "14.11.2020 17:47",
            "open": "1.76931",
            "high": "1.76931",
            "low": "1.76931",
            "close": "1.76729"
        },
        {
            "time": "14.11.2020 17:50",
            "open": "1.76729",
            "high": "1.76729",
            "low": "1.76729",
            "close": "1.7631"
        },
        {
            "time": "14.11.2020 17:53",
            "open": "1.7631",
            "high": "1.7631",
            "low": "1.7631",
            "close": "1.76628"
        },
        {
            "time": "14.11.2020 17:54",
            "open": "1.76628",
            "high": "1.76628",
            "low": "1.76628",
            "close": "1.76658"
        },
        {
            "time": "14.11.2020 17:57",
            "open": "1.76658",
            "high": "1.76658",
            "low": "1.76658",
            "close": "1.7643"
        },
        {
            "time": "14.11.2020 17:59",
            "open": "1.7643",
            "high": "1.7643",
            "low": "1.7639",
            "close": "1.76475"
        },
        {
            "time": "14.11.2020 18:05",
            "open": "1.76475",
            "high": "1.76475",
            "low": "1.76423",
            "close": "1.76155"
        },
        {
            "time": "14.11.2020 18:06",
            "open": "1.76155",
            "high": "1.76157",
            "low": "1.76155",
            "close": "1.75748"
        },
        {
            "time": "14.11.2020 18:14",
            "open": "1.75748",
            "high": "1.75748",
            "low": "1.75748",
            "close": "1.75625"
        },
        {
            "time": "14.11.2020 18:15",
            "open": "1.75625",
            "high": "1.75625",
            "low": "1.75625",
            "close": "1.75625"
        },
        {
            "time": "14.11.2020 18:16",
            "open": "1.75625",
            "high": "1.75625",
            "low": "1.75625",
            "close": "1.75557"
        },
        {
            "time": "14.11.2020 18:19",
            "open": "1.75557",
            "high": "1.75557",
            "low": "1.75557",
            "close": "1.75829"
        },
        {
            "time": "14.11.2020 18:20",
            "open": "1.75829",
            "high": "1.76062",
            "low": "1.75829",
            "close": "1.76572"
        },
        {
            "time": "14.11.2020 18:21",
            "open": "1.76572",
            "high": "1.76572",
            "low": "1.7657",
            "close": "1.76229"
        },
        {
            "time": "14.11.2020 18:25",
            "open": "1.76229",
            "high": "1.7623",
            "low": "1.76229",
            "close": "1.7656"
        },
        {
            "time": "14.11.2020 18:32",
            "open": "1.7656",
            "high": "1.7671",
            "low": "1.7656",
            "close": "1.77063"
        },
        {
            "time": "14.11.2020 18:34",
            "open": "1.77063",
            "high": "1.77063",
            "low": "1.77063",
            "close": "1.76437"
        },
        {
            "time": "14.11.2020 18:36",
            "open": "1.76437",
            "high": "1.76437",
            "low": "1.76437",
            "close": "1.76773"
        },
        {
            "time": "14.11.2020 18:37",
            "open": "1.76773",
            "high": "1.76776",
            "low": "1.76773",
            "close": "1.77277"
        },
        {
            "time": "14.11.2020 18:42",
            "open": "1.77277",
            "high": "1.77277",
            "low": "1.77277",
            "close": "1.7734"
        },
        {
            "time": "14.11.2020 18:43",
            "open": "1.7734",
            "high": "1.7734",
            "low": "1.77214",
            "close": "1.77577"
        },
        {
            "time": "14.11.2020 18:44",
            "open": "1.77577",
            "high": "1.77579",
            "low": "1.77577",
            "close": "1.77431"
        },
        {
            "time": "14.11.2020 18:47",
            "open": "1.77431",
            "high": "1.77431",
            "low": "1.77431",
            "close": "1.7743"
        },
        {
            "time": "14.11.2020 18:48",
            "open": "1.7743",
            "high": "1.7743",
            "low": "1.7743",
            "close": "1.7728"
        },
        {
            "time": "14.11.2020 18:49",
            "open": "1.7728",
            "high": "1.7728",
            "low": "1.7728",
            "close": "1.77416"
        },
        {
            "time": "14.11.2020 18:54",
            "open": "1.77416",
            "high": "1.77416",
            "low": "1.77416",
            "close": "1.7762"
        },
        {
            "time": "14.11.2020 18:57",
            "open": "1.7762",
            "high": "1.77754",
            "low": "1.7762",
            "close": "1.777"
        },
        {
            "time": "14.11.2020 19:01",
            "open": "1.777",
            "high": "1.777",
            "low": "1.77493",
            "close": "1.77986"
        },
        {
            "time": "14.11.2020 19:02",
            "open": "1.77986",
            "high": "1.77986",
            "low": "1.77986",
            "close": "1.77861"
        },
        {
            "time": "14.11.2020 19:05",
            "open": "1.77861",
            "high": "1.77861",
            "low": "1.77861",
            "close": "1.77928"
        },
        {
            "time": "14.11.2020 19:07",
            "open": "1.77928",
            "high": "1.77928",
            "low": "1.77928",
            "close": "1.7775"
        },
        {
            "time": "14.11.2020 19:08",
            "open": "1.7775",
            "high": "1.77874",
            "low": "1.77714",
            "close": "1.7795"
        },
        {
            "time": "14.11.2020 19:09",
            "open": "1.7795",
            "high": "1.7795",
            "low": "1.7795",
            "close": "1.77759"
        },
        {
            "time": "14.11.2020 19:14",
            "open": "1.77759",
            "high": "1.77759",
            "low": "1.77759",
            "close": "1.77989"
        },
        {
            "time": "14.11.2020 19:16",
            "open": "1.77989",
            "high": "1.77989",
            "low": "1.77989",
            "close": "1.77423"
        },
        {
            "time": "14.11.2020 19:21",
            "open": "1.77423",
            "high": "1.77423",
            "low": "1.7726",
            "close": "1.7739"
        },
        {
            "time": "14.11.2020 19:26",
            "open": "1.7739",
            "high": "1.7739",
            "low": "1.7739",
            "close": "1.77063"
        },
        {
            "time": "14.11.2020 19:33",
            "open": "1.77063",
            "high": "1.771",
            "low": "1.76668",
            "close": "1.77271"
        },
        {
            "time": "14.11.2020 19:37",
            "open": "1.77271",
            "high": "1.77271",
            "low": "1.77271",
            "close": "1.7704"
        },
        {
            "time": "14.11.2020 19:38",
            "open": "1.7704",
            "high": "1.7704",
            "low": "1.76851",
            "close": "1.76913"
        },
        {
            "time": "14.11.2020 19:48",
            "open": "1.76913",
            "high": "1.76913",
            "low": "1.76913",
            "close": "1.76745"
        },
        {
            "time": "14.11.2020 19:57",
            "open": "1.76745",
            "high": "1.76745",
            "low": "1.76745",
            "close": "1.7656"
        },
        {
            "time": "14.11.2020 19:59",
            "open": "1.7656",
            "high": "1.7656",
            "low": "1.7656",
            "close": "1.76586"
        },
        {
            "time": "14.11.2020 20:01",
            "open": "1.76586",
            "high": "1.76888",
            "low": "1.76586",
            "close": "1.76586"
        },
        {
            "time": "14.11.2020 20:04",
            "open": "1.76586",
            "high": "1.76586",
            "low": "1.76586",
            "close": "1.7736"
        },
        {
            "time": "14.11.2020 20:10",
            "open": "1.7736",
            "high": "1.7736",
            "low": "1.7736",
            "close": "1.7735"
        },
        {
            "time": "14.11.2020 20:12",
            "open": "1.7735",
            "high": "1.7735",
            "low": "1.7735",
            "close": "1.7736"
        },
        {
            "time": "14.11.2020 20:14",
            "open": "1.7736",
            "high": "1.77485",
            "low": "1.7736",
            "close": "1.77526"
        },
        {
            "time": "14.11.2020 20:20",
            "open": "1.77526",
            "high": "1.77526",
            "low": "1.77526",
            "close": "1.77831"
        },
        {
            "time": "14.11.2020 20:22",
            "open": "1.77831",
            "high": "1.77837",
            "low": "1.77831",
            "close": "1.77689"
        },
        {
            "time": "14.11.2020 20:23",
            "open": "1.77689",
            "high": "1.77689",
            "low": "1.77689",
            "close": "1.76695"
        },
        {
            "time": "14.11.2020 20:27",
            "open": "1.76695",
            "high": "1.76695",
            "low": "1.76695",
            "close": "1.76765"
        },
        {
            "time": "14.11.2020 20:35",
            "open": "1.76765",
            "high": "1.76765",
            "low": "1.76765",
            "close": "1.7687"
        },
        {
            "time": "14.11.2020 20:36",
            "open": "1.7687",
            "high": "1.7687",
            "low": "1.7687",
            "close": "1.7683"
        },
        {
            "time": "14.11.2020 20:37",
            "open": "1.7683",
            "high": "1.7683",
            "low": "1.7683",
            "close": "1.7667"
        },
        {
            "time": "14.11.2020 20:40",
            "open": "1.7667",
            "high": "1.7667",
            "low": "1.7667",
            "close": "1.76356"
        },
        {
            "time": "14.11.2020 20:42",
            "open": "1.76356",
            "high": "1.76356",
            "low": "1.76356",
            "close": "1.7661"
        },
        {
            "time": "14.11.2020 20:44",
            "open": "1.7661",
            "high": "1.7661",
            "low": "1.7661",
            "close": "1.7691"
        },
        {
            "time": "14.11.2020 20:47",
            "open": "1.7691",
            "high": "1.7691",
            "low": "1.7691",
            "close": "1.77159"
        },
        {
            "time": "14.11.2020 20:49",
            "open": "1.77159",
            "high": "1.77191",
            "low": "1.77159",
            "close": "1.7664"
        },
        {
            "time": "14.11.2020 20:53",
            "open": "1.7664",
            "high": "1.7664",
            "low": "1.7664",
            "close": "1.76613"
        },
        {
            "time": "14.11.2020 20:55",
            "open": "1.76613",
            "high": "1.76613",
            "low": "1.76613",
            "close": "1.76969"
        },
        {
            "time": "14.11.2020 20:57",
            "open": "1.76969",
            "high": "1.76969",
            "low": "1.76969",
            "close": "1.76759"
        },
        {
            "time": "14.11.2020 21:14",
            "open": "1.76759",
            "high": "1.76759",
            "low": "1.76759",
            "close": "1.7681"
        },
        {
            "time": "14.11.2020 21:41",
            "open": "1.7681",
            "high": "1.7681",
            "low": "1.7681",
            "close": "1.76815"
        },
        {
            "time": "14.11.2020 21:51",
            "open": "1.76815",
            "high": "1.76815",
            "low": "1.76815",
            "close": "1.771"
        },
        {
            "time": "14.11.2020 21:52",
            "open": "1.771",
            "high": "1.771",
            "low": "1.771",
            "close": "1.7705"
        },
        {
            "time": "14.11.2020 21:57",
            "open": "1.7705",
            "high": "1.7705",
            "low": "1.7705",
            "close": "1.7727"
        },
        {
            "time": "14.11.2020 22:00",
            "open": "1.7727",
            "high": "1.7727",
            "low": "1.7727",
            "close": "1.7719"
        },
        {
            "time": "14.11.2020 22:03",
            "open": "1.7719",
            "high": "1.7719",
            "low": "1.7719",
            "close": "1.7712"
        },
        {
            "time": "14.11.2020 22:04",
            "open": "1.7712",
            "high": "1.7715",
            "low": "1.7712",
            "close": "1.7705"
        },
        {
            "time": "14.11.2020 22:07",
            "open": "1.7705",
            "high": "1.7705",
            "low": "1.7705",
            "close": "1.7705"
        },
        {
            "time": "14.11.2020 22:11",
            "open": "1.7705",
            "high": "1.7705",
            "low": "1.7705",
            "close": "1.76857"
        },
        {
            "time": "14.11.2020 22:16",
            "open": "1.76857",
            "high": "1.76857",
            "low": "1.76857",
            "close": "1.77009"
        },
        {
            "time": "14.11.2020 22:17",
            "open": "1.77009",
            "high": "1.7703",
            "low": "1.77009",
            "close": "1.7693"
        },
        {
            "time": "14.11.2020 22:20",
            "open": "1.7693",
            "high": "1.7693",
            "low": "1.7693",
            "close": "1.7665"
        },
        {
            "time": "14.11.2020 22:26",
            "open": "1.7665",
            "high": "1.76866",
            "low": "1.76608",
            "close": "1.76866"
        },
        {
            "time": "14.11.2020 22:28",
            "open": "1.76866",
            "high": "1.76866",
            "low": "1.76866",
            "close": "1.7691"
        },
        {
            "time": "14.11.2020 22:30",
            "open": "1.7691",
            "high": "1.7691",
            "low": "1.7691",
            "close": "1.76775"
        },
        {
            "time": "14.11.2020 22:31",
            "open": "1.76775",
            "high": "1.76775",
            "low": "1.76775",
            "close": "1.7711"
        },
        {
            "time": "14.11.2020 22:35",
            "open": "1.7711",
            "high": "1.7711",
            "low": "1.7711",
            "close": "1.7668"
        },
        {
            "time": "14.11.2020 22:40",
            "open": "1.7668",
            "high": "1.7668",
            "low": "1.7668",
            "close": "1.77074"
        },
        {
            "time": "14.11.2020 22:50",
            "open": "1.77074",
            "high": "1.77074",
            "low": "1.77074",
            "close": "1.76973"
        },
        {
            "time": "14.11.2020 22:53",
            "open": "1.76973",
            "high": "1.76973",
            "low": "1.76973",
            "close": "1.7677"
        },
        {
            "time": "14.11.2020 22:59",
            "open": "1.7677",
            "high": "1.7677",
            "low": "1.7677",
            "close": "1.77084"
        },
        {
            "time": "14.11.2020 23:04",
            "open": "1.77084",
            "high": "1.77084",
            "low": "1.77084",
            "close": "1.77185"
        },
        {
            "time": "14.11.2020 23:11",
            "open": "1.77185",
            "high": "1.77185",
            "low": "1.7703",
            "close": "1.76729"
        },
        {
            "time": "14.11.2020 23:12",
            "open": "1.76729",
            "high": "1.76729",
            "low": "1.76729",
            "close": "1.7716"
        },
        {
            "time": "14.11.2020 23:19",
            "open": "1.7716",
            "high": "1.7716",
            "low": "1.7716",
            "close": "1.76836"
        },
        {
            "time": "14.11.2020 23:20",
            "open": "1.76836",
            "high": "1.7725",
            "low": "1.76836",
            "close": "1.7735"
        },
        {
            "time": "14.11.2020 23:30",
            "open": "1.7735",
            "high": "1.7735",
            "low": "1.7735",
            "close": "1.7698"
        },
        {
            "time": "14.11.2020 23:32",
            "open": "1.7698",
            "high": "1.7698",
            "low": "1.7698",
            "close": "1.7662"
        },
        {
            "time": "14.11.2020 23:36",
            "open": "1.7662",
            "high": "1.7662",
            "low": "1.76291",
            "close": "1.7676"
        }
    ]
}