{
    "XTZ-EUR": [
        {
            "time": "07.11.2020 23:57",
            "open": "1.70484",
            "high": "1.70484",
            "low": "1.70484",
            "close": "1.6991"
        },
        {
            "time": "08.11.2020 00:00",
            "open": "1.6991",
            "high": "1.6991",
            "low": "1.6991",
            "close": "1.70499"
        },
        {
            "time": "08.11.2020 00:05",
            "open": "1.70499",
            "high": "1.70499",
            "low": "1.70499",
            "close": "1.70499"
        },
        {
            "time": "08.11.2020 00:06",
            "open": "1.70499",
            "high": "1.71638",
            "low": "1.70499",
            "close": "1.70404"
        },
        {
            "time": "08.11.2020 00:07",
            "open": "1.70404",
            "high": "1.70404",
            "low": "1.70404",
            "close": "1.71658"
        },
        {
            "time": "08.11.2020 00:11",
            "open": "1.71658",
            "high": "1.7204",
            "low": "1.71658",
            "close": "1.71999"
        },
        {
            "time": "08.11.2020 00:12",
            "open": "1.7186",
            "high": "1.7186",
            "low": "1.7186",
            "close": "1.70973"
        },
        {
            "time": "08.11.2020 00:18",
            "open": "1.70973",
            "high": "1.70974",
            "low": "1.70973",
            "close": "1.70238"
        },
        {
            "time": "08.11.2020 00:20",
            "open": "1.70238",
            "high": "1.7024",
            "low": "1.70238",
            "close": "1.70239"
        },
        {
            "time": "08.11.2020 00:21",
            "open": "1.70239",
            "high": "1.70239",
            "low": "1.69614",
            "close": "1.70332"
        },
        {
            "time": "08.11.2020 00:26",
            "open": "1.70332",
            "high": "1.70333",
            "low": "1.70332",
            "close": "1.69545"
        },
        {
            "time": "08.11.2020 00:35",
            "open": "1.69545",
            "high": "1.69545",
            "low": "1.69545",
            "close": "1.6936"
        },
        {
            "time": "08.11.2020 00:39",
            "open": "1.6936",
            "high": "1.6936",
            "low": "1.6936",
            "close": "1.68942"
        },
        {
            "time": "08.11.2020 00:45",
            "open": "1.68942",
            "high": "1.68942",
            "low": "1.68941",
            "close": "1.68941"
        },
        {
            "time": "08.11.2020 00:46",
            "open": "1.68941",
            "high": "1.68941",
            "low": "1.68941",
            "close": "1.69987"
        },
        {
            "time": "08.11.2020 00:54",
            "open": "1.69987",
            "high": "1.69987",
            "low": "1.69987",
            "close": "1.69415"
        },
        {
            "time": "08.11.2020 00:57",
            "open": "1.69415",
            "high": "1.69415",
            "low": "1.69415",
            "close": "1.69456"
        },
        {
            "time": "08.11.2020 00:59",
            "open": "1.69456",
            "high": "1.69456",
            "low": "1.69456",
            "close": "1.68876"
        },
        {
            "time": "08.11.2020 01:00",
            "open": "1.68876",
            "high": "1.68876",
            "low": "1.68841",
            "close": "1.6773"
        },
        {
            "time": "08.11.2020 01:02",
            "open": "1.6773",
            "high": "1.6773",
            "low": "1.67532",
            "close": "1.67011"
        },
        {
            "time": "08.11.2020 01:06",
            "open": "1.67011",
            "high": "1.67011",
            "low": "1.65742",
            "close": "1.66022"
        },
        {
            "time": "08.11.2020 01:07",
            "open": "1.66022",
            "high": "1.66022",
            "low": "1.66022",
            "close": "1.66813"
        },
        {
            "time": "08.11.2020 01:15",
            "open": "1.66813",
            "high": "1.66813",
            "low": "1.66749",
            "close": "1.65741"
        },
        {
            "time": "08.11.2020 01:16",
            "open": "1.65741",
            "high": "1.65741",
            "low": "1.65741",
            "close": "1.6569"
        },
        {
            "time": "08.11.2020 01:19",
            "open": "1.6569",
            "high": "1.6569",
            "low": "1.6569",
            "close": "1.6723"
        },
        {
            "time": "08.11.2020 01:20",
            "open": "1.6723",
            "high": "1.6723",
            "low": "1.6723",
            "close": "1.67931"
        },
        {
            "time": "08.11.2020 01:24",
            "open": "1.67931",
            "high": "1.67931",
            "low": "1.67931",
            "close": "1.68891"
        },
        {
            "time": "08.11.2020 01:32",
            "open": "1.68891",
            "high": "1.69725",
            "low": "1.68891",
            "close": "1.69614"
        },
        {
            "time": "08.11.2020 01:36",
            "open": "1.69614",
            "high": "1.69626",
            "low": "1.69597",
            "close": "1.69584"
        },
        {
            "time": "08.11.2020 01:38",
            "open": "1.69584",
            "high": "1.69584",
            "low": "1.69584",
            "close": "1.69573"
        },
        {
            "time": "08.11.2020 01:40",
            "open": "1.69573",
            "high": "1.69573",
            "low": "1.69573",
            "close": "1.68092"
        },
        {
            "time": "08.11.2020 01:41",
            "open": "1.68092",
            "high": "1.68092",
            "low": "1.68092",
            "close": "1.6963"
        },
        {
            "time": "08.11.2020 01:44",
            "open": "1.6963",
            "high": "1.6963",
            "low": "1.69484",
            "close": "1.69166"
        },
        {
            "time": "08.11.2020 01:48",
            "open": "1.69166",
            "high": "1.69183",
            "low": "1.69166",
            "close": "1.69055"
        },
        {
            "time": "08.11.2020 01:56",
            "open": "1.69055",
            "high": "1.69055",
            "low": "1.69055",
            "close": "1.70443"
        },
        {
            "time": "08.11.2020 01:58",
            "open": "1.70443",
            "high": "1.70446",
            "low": "1.70419",
            "close": "1.70446"
        },
        {
            "time": "08.11.2020 01:59",
            "open": "1.70446",
            "high": "1.70446",
            "low": "1.70446",
            "close": "1.69056"
        },
        {
            "time": "08.11.2020 02:00",
            "open": "1.69056",
            "high": "1.69056",
            "low": "1.69056",
            "close": "1.68899"
        },
        {
            "time": "08.11.2020 02:02",
            "open": "1.68899",
            "high": "1.68899",
            "low": "1.68755",
            "close": "1.68083"
        },
        {
            "time": "08.11.2020 02:03",
            "open": "1.68083",
            "high": "1.68083",
            "low": "1.68083",
            "close": "1.68081"
        },
        {
            "time": "08.11.2020 02:04",
            "open": "1.68081",
            "high": "1.68081",
            "low": "1.67999",
            "close": "1.67851"
        },
        {
            "time": "08.11.2020 02:05",
            "open": "1.67851",
            "high": "1.67851",
            "low": "1.67765",
            "close": "1.67765"
        },
        {
            "time": "08.11.2020 02:06",
            "open": "1.67765",
            "high": "1.67765",
            "low": "1.67765",
            "close": "1.67765"
        },
        {
            "time": "08.11.2020 02:07",
            "open": "1.67765",
            "high": "1.67765",
            "low": "1.67765",
            "close": "1.67761"
        },
        {
            "time": "08.11.2020 02:08",
            "open": "1.67761",
            "high": "1.67761",
            "low": "1.67761",
            "close": "1.68071"
        },
        {
            "time": "08.11.2020 02:21",
            "open": "1.68071",
            "high": "1.68271",
            "low": "1.68071",
            "close": "1.68489"
        },
        {
            "time": "08.11.2020 02:22",
            "open": "1.68489",
            "high": "1.68547",
            "low": "1.68489",
            "close": "1.69655"
        },
        {
            "time": "08.11.2020 02:24",
            "open": "1.69655",
            "high": "1.69658",
            "low": "1.69655",
            "close": "1.70617"
        },
        {
            "time": "08.11.2020 02:26",
            "open": "1.70617",
            "high": "1.70619",
            "low": "1.70616",
            "close": "1.70809"
        },
        {
            "time": "08.11.2020 02:31",
            "open": "1.70809",
            "high": "1.71508",
            "low": "1.70809",
            "close": "1.71388"
        },
        {
            "time": "08.11.2020 02:32",
            "open": "1.71388",
            "high": "1.71538",
            "low": "1.70999",
            "close": "1.7128"
        },
        {
            "time": "08.11.2020 02:33",
            "open": "1.7128",
            "high": "1.717",
            "low": "1.7128",
            "close": "1.7157"
        },
        {
            "time": "08.11.2020 02:34",
            "open": "1.7157",
            "high": "1.7157",
            "low": "1.7157",
            "close": "1.7178"
        },
        {
            "time": "08.11.2020 02:35",
            "open": "1.7178",
            "high": "1.72008",
            "low": "1.7164",
            "close": "1.70657"
        },
        {
            "time": "08.11.2020 02:37",
            "open": "1.70657",
            "high": "1.7209",
            "low": "1.70657",
            "close": "1.72098"
        },
        {
            "time": "08.11.2020 02:38",
            "open": "1.72098",
            "high": "1.72098",
            "low": "1.7187",
            "close": "1.7187"
        },
        {
            "time": "08.11.2020 02:39",
            "open": "1.7187",
            "high": "1.7189",
            "low": "1.70833",
            "close": "1.71606"
        },
        {
            "time": "08.11.2020 02:41",
            "open": "1.71606",
            "high": "1.71877",
            "low": "1.71488",
            "close": "1.7149"
        },
        {
            "time": "08.11.2020 02:42",
            "open": "1.7149",
            "high": "1.7149",
            "low": "1.70856",
            "close": "1.70859"
        },
        {
            "time": "08.11.2020 02:45",
            "open": "1.70859",
            "high": "1.70859",
            "low": "1.70859",
            "close": "1.70854"
        },
        {
            "time": "08.11.2020 02:46",
            "open": "1.70854",
            "high": "1.71268",
            "low": "1.70854",
            "close": "1.71358"
        },
        {
            "time": "08.11.2020 02:47",
            "open": "1.71358",
            "high": "1.71479",
            "low": "1.71188",
            "close": "1.71649"
        },
        {
            "time": "08.11.2020 02:48",
            "open": "1.71649",
            "high": "1.71649",
            "low": "1.71649",
            "close": "1.70736"
        },
        {
            "time": "08.11.2020 02:55",
            "open": "1.70736",
            "high": "1.70738",
            "low": "1.70736",
            "close": "1.70738"
        },
        {
            "time": "08.11.2020 02:56",
            "open": "1.70738",
            "high": "1.70738",
            "low": "1.70738",
            "close": "1.70738"
        },
        {
            "time": "08.11.2020 02:57",
            "open": "1.70738",
            "high": "1.70738",
            "low": "1.70738",
            "close": "1.7105"
        },
        {
            "time": "08.11.2020 02:59",
            "open": "1.7105",
            "high": "1.7105",
            "low": "1.7105",
            "close": "1.70773"
        },
        {
            "time": "08.11.2020 03:00",
            "open": "1.70773",
            "high": "1.70773",
            "low": "1.70736",
            "close": "1.70738"
        },
        {
            "time": "08.11.2020 03:02",
            "open": "1.70738",
            "high": "1.70738",
            "low": "1.70738",
            "close": "1.70264"
        },
        {
            "time": "08.11.2020 03:04",
            "open": "1.70264",
            "high": "1.70264",
            "low": "1.70264",
            "close": "1.71147"
        },
        {
            "time": "08.11.2020 03:20",
            "open": "1.71147",
            "high": "1.71147",
            "low": "1.71147",
            "close": "1.70599"
        },
        {
            "time": "08.11.2020 03:40",
            "open": "1.70599",
            "high": "1.70599",
            "low": "1.70599",
            "close": "1.70498"
        },
        {
            "time": "08.11.2020 03:42",
            "open": "1.70498",
            "high": "1.70498",
            "low": "1.70498",
            "close": "1.7"
        },
        {
            "time": "08.11.2020 03:57",
            "open": "1.7",
            "high": "1.7",
            "low": "1.7",
            "close": "1.6947"
        },
        {
            "time": "08.11.2020 04:05",
            "open": "1.6947",
            "high": "1.6947",
            "low": "1.69427",
            "close": "1.69427"
        },
        {
            "time": "08.11.2020 04:06",
            "open": "1.69427",
            "high": "1.69428",
            "low": "1.69427",
            "close": "1.69427"
        },
        {
            "time": "08.11.2020 04:07",
            "open": "1.69427",
            "high": "1.69428",
            "low": "1.69427",
            "close": "1.69427"
        },
        {
            "time": "08.11.2020 04:08",
            "open": "1.69427",
            "high": "1.69427",
            "low": "1.6897",
            "close": "1.69593"
        },
        {
            "time": "08.11.2020 04:12",
            "open": "1.69593",
            "high": "1.69595",
            "low": "1.69593",
            "close": "1.69602"
        },
        {
            "time": "08.11.2020 04:14",
            "open": "1.69602",
            "high": "1.69602",
            "low": "1.69602",
            "close": "1.69983"
        },
        {
            "time": "08.11.2020 04:16",
            "open": "1.69983",
            "high": "1.69985",
            "low": "1.69983",
            "close": "1.70109"
        },
        {
            "time": "08.11.2020 04:17",
            "open": "1.70109",
            "high": "1.70109",
            "low": "1.70109",
            "close": "1.69848"
        },
        {
            "time": "08.11.2020 04:39",
            "open": "1.69848",
            "high": "1.69848",
            "low": "1.69848",
            "close": "1.69777"
        },
        {
            "time": "08.11.2020 04:49",
            "open": "1.69777",
            "high": "1.69777",
            "low": "1.69777",
            "close": "1.69053"
        },
        {
            "time": "08.11.2020 04:55",
            "open": "1.69053",
            "high": "1.69053",
            "low": "1.69053",
            "close": "1.69049"
        },
        {
            "time": "08.11.2020 05:04",
            "open": "1.69049",
            "high": "1.69049",
            "low": "1.69049",
            "close": "1.69093"
        },
        {
            "time": "08.11.2020 05:10",
            "open": "1.69093",
            "high": "1.69093",
            "low": "1.69093",
            "close": "1.67937"
        },
        {
            "time": "08.11.2020 05:39",
            "open": "1.67937",
            "high": "1.67937",
            "low": "1.67937",
            "close": "1.67083"
        },
        {
            "time": "08.11.2020 05:41",
            "open": "1.67083",
            "high": "1.67083",
            "low": "1.67083",
            "close": "1.6801"
        },
        {
            "time": "08.11.2020 06:30",
            "open": "1.6801",
            "high": "1.6801",
            "low": "1.6801",
            "close": "1.67595"
        },
        {
            "time": "08.11.2020 06:50",
            "open": "1.67595",
            "high": "1.67595",
            "low": "1.67595",
            "close": "1.68441"
        },
        {
            "time": "08.11.2020 06:57",
            "open": "1.68441",
            "high": "1.68449",
            "low": "1.68441",
            "close": "1.68683"
        },
        {
            "time": "08.11.2020 06:58",
            "open": "1.68683",
            "high": "1.68683",
            "low": "1.68683",
            "close": "1.67885"
        },
        {
            "time": "08.11.2020 07:01",
            "open": "1.67885",
            "high": "1.67885",
            "low": "1.67885",
            "close": "1.68763"
        },
        {
            "time": "08.11.2020 07:03",
            "open": "1.68763",
            "high": "1.68966",
            "low": "1.68763",
            "close": "1.68251"
        },
        {
            "time": "08.11.2020 07:07",
            "open": "1.68251",
            "high": "1.68251",
            "low": "1.68251",
            "close": "1.68255"
        },
        {
            "time": "08.11.2020 07:17",
            "open": "1.68255",
            "high": "1.68255",
            "low": "1.68255",
            "close": "1.68105"
        },
        {
            "time": "08.11.2020 07:33",
            "open": "1.68105",
            "high": "1.68105",
            "low": "1.68105",
            "close": "1.69251"
        },
        {
            "time": "08.11.2020 07:38",
            "open": "1.69251",
            "high": "1.69252",
            "low": "1.69251",
            "close": "1.68188"
        },
        {
            "time": "08.11.2020 07:41",
            "open": "1.68188",
            "high": "1.68188",
            "low": "1.68188",
            "close": "1.71201"
        },
        {
            "time": "08.11.2020 07:52",
            "open": "1.71201",
            "high": "1.71201",
            "low": "1.69948",
            "close": "1.71395"
        },
        {
            "time": "08.11.2020 07:57",
            "open": "1.71395",
            "high": "1.71395",
            "low": "1.71395",
            "close": "1.70704"
        },
        {
            "time": "08.11.2020 08:07",
            "open": "1.70704",
            "high": "1.70704",
            "low": "1.70704",
            "close": "1.71372"
        },
        {
            "time": "08.11.2020 08:20",
            "open": "1.71372",
            "high": "1.71372",
            "low": "1.71372",
            "close": "1.71569"
        },
        {
            "time": "08.11.2020 08:23",
            "open": "1.71569",
            "high": "1.71569",
            "low": "1.71569",
            "close": "1.70759"
        },
        {
            "time": "08.11.2020 08:47",
            "open": "1.70759",
            "high": "1.70759",
            "low": "1.70742",
            "close": "1.713"
        },
        {
            "time": "08.11.2020 08:53",
            "open": "1.713",
            "high": "1.7131",
            "low": "1.713",
            "close": "1.71961"
        },
        {
            "time": "08.11.2020 08:58",
            "open": "1.71961",
            "high": "1.71961",
            "low": "1.71961",
            "close": "1.7192"
        },
        {
            "time": "08.11.2020 09:03",
            "open": "1.7192",
            "high": "1.7208",
            "low": "1.7192",
            "close": "1.722"
        },
        {
            "time": "08.11.2020 09:04",
            "open": "1.722",
            "high": "1.72318",
            "low": "1.722",
            "close": "1.72464"
        },
        {
            "time": "08.11.2020 09:22",
            "open": "1.72464",
            "high": "1.72882",
            "low": "1.72464",
            "close": "1.72318"
        },
        {
            "time": "08.11.2020 09:23",
            "open": "1.72318",
            "high": "1.72877",
            "low": "1.72317",
            "close": "1.72317"
        },
        {
            "time": "08.11.2020 09:25",
            "open": "1.72317",
            "high": "1.72317",
            "low": "1.72156",
            "close": "1.72076"
        },
        {
            "time": "08.11.2020 09:26",
            "open": "1.72076",
            "high": "1.72076",
            "low": "1.72076",
            "close": "1.71704"
        },
        {
            "time": "08.11.2020 09:27",
            "open": "1.71704",
            "high": "1.71704",
            "low": "1.71704",
            "close": "1.71704"
        },
        {
            "time": "08.11.2020 09:28",
            "open": "1.71704",
            "high": "1.71704",
            "low": "1.71496",
            "close": "1.71495"
        },
        {
            "time": "08.11.2020 09:30",
            "open": "1.71495",
            "high": "1.7213",
            "low": "1.71495",
            "close": "1.72108"
        },
        {
            "time": "08.11.2020 09:31",
            "open": "1.72108",
            "high": "1.72108",
            "low": "1.71454",
            "close": "1.72131"
        },
        {
            "time": "08.11.2020 09:32",
            "open": "1.72131",
            "high": "1.72788",
            "low": "1.71457",
            "close": "1.71457"
        },
        {
            "time": "08.11.2020 09:33",
            "open": "1.71457",
            "high": "1.71457",
            "low": "1.71457",
            "close": "1.71457"
        },
        {
            "time": "08.11.2020 09:38",
            "open": "1.71457",
            "high": "1.71457",
            "low": "1.71457",
            "close": "1.71457"
        },
        {
            "time": "08.11.2020 09:39",
            "open": "1.71457",
            "high": "1.71457",
            "low": "1.71456",
            "close": "1.71457"
        },
        {
            "time": "08.11.2020 09:40",
            "open": "1.71457",
            "high": "1.71457",
            "low": "1.71457",
            "close": "1.71457"
        },
        {
            "time": "08.11.2020 09:41",
            "open": "1.71457",
            "high": "1.71457",
            "low": "1.71456",
            "close": "1.71457"
        },
        {
            "time": "08.11.2020 09:42",
            "open": "1.71457",
            "high": "1.71457",
            "low": "1.71457",
            "close": "1.71457"
        },
        {
            "time": "08.11.2020 09:44",
            "open": "1.71457",
            "high": "1.71457",
            "low": "1.71457",
            "close": "1.70796"
        },
        {
            "time": "08.11.2020 09:48",
            "open": "1.70796",
            "high": "1.71265",
            "low": "1.70796",
            "close": "1.71263"
        },
        {
            "time": "08.11.2020 09:49",
            "open": "1.71263",
            "high": "1.71263",
            "low": "1.71263",
            "close": "1.71265"
        },
        {
            "time": "08.11.2020 09:50",
            "open": "1.71265",
            "high": "1.71265",
            "low": "1.71265",
            "close": "1.72528"
        },
        {
            "time": "08.11.2020 10:01",
            "open": "1.72528",
            "high": "1.73",
            "low": "1.72528",
            "close": "1.73"
        },
        {
            "time": "08.11.2020 10:02",
            "open": "1.73",
            "high": "1.73625",
            "low": "1.72304",
            "close": "1.74"
        },
        {
            "time": "08.11.2020 10:07",
            "open": "1.74",
            "high": "1.74299",
            "low": "1.74",
            "close": "1.743"
        },
        {
            "time": "08.11.2020 10:11",
            "open": "1.743",
            "high": "1.74414",
            "low": "1.743",
            "close": "1.7493"
        },
        {
            "time": "08.11.2020 10:17",
            "open": "1.7493",
            "high": "1.74999",
            "low": "1.7493",
            "close": "1.74414"
        },
        {
            "time": "08.11.2020 10:18",
            "open": "1.74414",
            "high": "1.74414",
            "low": "1.74414",
            "close": "1.74106"
        },
        {
            "time": "08.11.2020 10:19",
            "open": "1.74108",
            "high": "1.74108",
            "low": "1.74108",
            "close": "1.73343"
        },
        {
            "time": "08.11.2020 10:27",
            "open": "1.73343",
            "high": "1.7369",
            "low": "1.73074",
            "close": "1.73816"
        },
        {
            "time": "08.11.2020 10:33",
            "open": "1.73816",
            "high": "1.74526",
            "low": "1.73816",
            "close": "1.74"
        },
        {
            "time": "08.11.2020 10:35",
            "open": "1.74",
            "high": "1.74",
            "low": "1.74",
            "close": "1.73282"
        },
        {
            "time": "08.11.2020 10:36",
            "open": "1.73282",
            "high": "1.73282",
            "low": "1.73282",
            "close": "1.73964"
        },
        {
            "time": "08.11.2020 10:38",
            "open": "1.73964",
            "high": "1.73964",
            "low": "1.73964",
            "close": "1.74036"
        },
        {
            "time": "08.11.2020 10:41",
            "open": "1.74036",
            "high": "1.74036",
            "low": "1.74036",
            "close": "1.7358"
        },
        {
            "time": "08.11.2020 10:44",
            "open": "1.7358",
            "high": "1.7358",
            "low": "1.7358",
            "close": "1.73983"
        },
        {
            "time": "08.11.2020 10:49",
            "open": "1.73983",
            "high": "1.73985",
            "low": "1.73983",
            "close": "1.74545"
        },
        {
            "time": "08.11.2020 10:56",
            "open": "1.74545",
            "high": "1.74545",
            "low": "1.74545",
            "close": "1.74995"
        },
        {
            "time": "08.11.2020 10:59",
            "open": "1.74995",
            "high": "1.74995",
            "low": "1.74995",
            "close": "1.73973"
        },
        {
            "time": "08.11.2020 11:00",
            "open": "1.73973",
            "high": "1.73973",
            "low": "1.73973",
            "close": "1.74995"
        },
        {
            "time": "08.11.2020 11:03",
            "open": "1.74995",
            "high": "1.74995",
            "low": "1.74995",
            "close": "1.73973"
        },
        {
            "time": "08.11.2020 11:12",
            "open": "1.73973",
            "high": "1.73973",
            "low": "1.73973",
            "close": "1.74845"
        },
        {
            "time": "08.11.2020 11:16",
            "open": "1.74845",
            "high": "1.74845",
            "low": "1.74081",
            "close": "1.74955"
        },
        {
            "time": "08.11.2020 11:24",
            "open": "1.74955",
            "high": "1.74955",
            "low": "1.74955",
            "close": "1.74955"
        },
        {
            "time": "08.11.2020 11:25",
            "open": "1.74955",
            "high": "1.74955",
            "low": "1.74955",
            "close": "1.75"
        },
        {
            "time": "08.11.2020 11:28",
            "open": "1.75",
            "high": "1.75545",
            "low": "1.75",
            "close": "1.7416"
        },
        {
            "time": "08.11.2020 11:29",
            "open": "1.7416",
            "high": "1.75539",
            "low": "1.7416",
            "close": "1.75354"
        },
        {
            "time": "08.11.2020 11:30",
            "open": "1.75354",
            "high": "1.75354",
            "low": "1.74165",
            "close": "1.74167"
        },
        {
            "time": "08.11.2020 11:36",
            "open": "1.74167",
            "high": "1.74167",
            "low": "1.74164",
            "close": "1.74849"
        },
        {
            "time": "08.11.2020 11:40",
            "open": "1.74849",
            "high": "1.74849",
            "low": "1.74849",
            "close": "1.74853"
        },
        {
            "time": "08.11.2020 11:43",
            "open": "1.74853",
            "high": "1.74853",
            "low": "1.74853",
            "close": "1.74853"
        },
        {
            "time": "08.11.2020 11:44",
            "open": "1.74853",
            "high": "1.74853",
            "low": "1.74166",
            "close": "1.74162"
        },
        {
            "time": "08.11.2020 11:46",
            "open": "1.74162",
            "high": "1.74162",
            "low": "1.74162",
            "close": "1.74173"
        },
        {
            "time": "08.11.2020 11:48",
            "open": "1.74173",
            "high": "1.75074",
            "low": "1.74161",
            "close": "1.74244"
        },
        {
            "time": "08.11.2020 11:49",
            "open": "1.74244",
            "high": "1.74244",
            "low": "1.74239",
            "close": "1.74244"
        },
        {
            "time": "08.11.2020 11:50",
            "open": "1.74244",
            "high": "1.74244",
            "low": "1.74244",
            "close": "1.74245"
        },
        {
            "time": "08.11.2020 11:52",
            "open": "1.74245",
            "high": "1.74245",
            "low": "1.74244",
            "close": "1.74244"
        },
        {
            "time": "08.11.2020 11:53",
            "open": "1.74244",
            "high": "1.74244",
            "low": "1.74244",
            "close": "1.74795"
        },
        {
            "time": "08.11.2020 11:54",
            "open": "1.74795",
            "high": "1.74795",
            "low": "1.74795",
            "close": "1.74245"
        },
        {
            "time": "08.11.2020 11:55",
            "open": "1.74245",
            "high": "1.74245",
            "low": "1.74245",
            "close": "1.74245"
        },
        {
            "time": "08.11.2020 11:56",
            "open": "1.74245",
            "high": "1.74245",
            "low": "1.74245",
            "close": "1.74245"
        },
        {
            "time": "08.11.2020 11:58",
            "open": "1.74245",
            "high": "1.75056",
            "low": "1.74245",
            "close": "1.75058"
        },
        {
            "time": "08.11.2020 12:01",
            "open": "1.75058",
            "high": "1.7506",
            "low": "1.75058",
            "close": "1.7506"
        },
        {
            "time": "08.11.2020 12:02",
            "open": "1.7506",
            "high": "1.7506",
            "low": "1.74258",
            "close": "1.74258"
        },
        {
            "time": "08.11.2020 12:04",
            "open": "1.74258",
            "high": "1.74258",
            "low": "1.74258",
            "close": "1.74859"
        },
        {
            "time": "08.11.2020 12:09",
            "open": "1.74859",
            "high": "1.74859",
            "low": "1.74859",
            "close": "1.75075"
        },
        {
            "time": "08.11.2020 12:10",
            "open": "1.75075",
            "high": "1.75075",
            "low": "1.75075",
            "close": "1.75321"
        },
        {
            "time": "08.11.2020 12:18",
            "open": "1.75321",
            "high": "1.75446",
            "low": "1.75321",
            "close": "1.74584"
        },
        {
            "time": "08.11.2020 12:20",
            "open": "1.74584",
            "high": "1.74584",
            "low": "1.7458",
            "close": "1.75447"
        },
        {
            "time": "08.11.2020 12:24",
            "open": "1.75447",
            "high": "1.75447",
            "low": "1.75447",
            "close": "1.75428"
        },
        {
            "time": "08.11.2020 12:25",
            "open": "1.75428",
            "high": "1.7543",
            "low": "1.75428",
            "close": "1.75401"
        },
        {
            "time": "08.11.2020 12:27",
            "open": "1.75401",
            "high": "1.76",
            "low": "1.75401",
            "close": "1.76251"
        },
        {
            "time": "08.11.2020 12:28",
            "open": "1.76251",
            "high": "1.76717",
            "low": "1.76251",
            "close": "1.76717"
        },
        {
            "time": "08.11.2020 12:29",
            "open": "1.76717",
            "high": "1.77",
            "low": "1.76717",
            "close": "1.77257"
        },
        {
            "time": "08.11.2020 12:30",
            "open": "1.77257",
            "high": "1.776",
            "low": "1.77257",
            "close": "1.77428"
        },
        {
            "time": "08.11.2020 12:31",
            "open": "1.77428",
            "high": "1.7743",
            "low": "1.77428",
            "close": "1.775"
        },
        {
            "time": "08.11.2020 12:32",
            "open": "1.775",
            "high": "1.775",
            "low": "1.775",
            "close": "1.7782"
        },
        {
            "time": "08.11.2020 12:38",
            "open": "1.7782",
            "high": "1.78498",
            "low": "1.7782",
            "close": "1.77372"
        },
        {
            "time": "08.11.2020 12:46",
            "open": "1.77372",
            "high": "1.77372",
            "low": "1.76573",
            "close": "1.77037"
        },
        {
            "time": "08.11.2020 12:51",
            "open": "1.77037",
            "high": "1.77037",
            "low": "1.77037",
            "close": "1.76988"
        },
        {
            "time": "08.11.2020 12:52",
            "open": "1.76988",
            "high": "1.76988",
            "low": "1.76988",
            "close": "1.76996"
        },
        {
            "time": "08.11.2020 12:54",
            "open": "1.76996",
            "high": "1.76996",
            "low": "1.76996",
            "close": "1.77501"
        },
        {
            "time": "08.11.2020 12:56",
            "open": "1.77501",
            "high": "1.7751",
            "low": "1.77501",
            "close": "1.77006"
        },
        {
            "time": "08.11.2020 13:00",
            "open": "1.77006",
            "high": "1.77295",
            "low": "1.77006",
            "close": "1.774"
        },
        {
            "time": "08.11.2020 13:06",
            "open": "1.774",
            "high": "1.774",
            "low": "1.774",
            "close": "1.774"
        },
        {
            "time": "08.11.2020 13:08",
            "open": "1.774",
            "high": "1.774",
            "low": "1.774",
            "close": "1.77287"
        },
        {
            "time": "08.11.2020 13:10",
            "open": "1.77089",
            "high": "1.77089",
            "low": "1.77089",
            "close": "1.7784"
        },
        {
            "time": "08.11.2020 13:19",
            "open": "1.7784",
            "high": "1.7784",
            "low": "1.7784",
            "close": "1.77105"
        },
        {
            "time": "08.11.2020 13:20",
            "open": "1.77105",
            "high": "1.78144",
            "low": "1.77105",
            "close": "1.77999"
        },
        {
            "time": "08.11.2020 13:26",
            "open": "1.77999",
            "high": "1.78001",
            "low": "1.77999",
            "close": "1.78009"
        },
        {
            "time": "08.11.2020 13:27",
            "open": "1.78009",
            "high": "1.78009",
            "low": "1.78009",
            "close": "1.78096"
        },
        {
            "time": "08.11.2020 13:28",
            "open": "1.78096",
            "high": "1.78096",
            "low": "1.78096",
            "close": "1.77927"
        },
        {
            "time": "08.11.2020 13:29",
            "open": "1.77927",
            "high": "1.77927",
            "low": "1.77927",
            "close": "1.77987"
        },
        {
            "time": "08.11.2020 13:30",
            "open": "1.77987",
            "high": "1.77987",
            "low": "1.77987",
            "close": "1.77986"
        },
        {
            "time": "08.11.2020 13:31",
            "open": "1.77986",
            "high": "1.77986",
            "low": "1.77986",
            "close": "1.77805"
        },
        {
            "time": "08.11.2020 13:37",
            "open": "1.77805",
            "high": "1.77805",
            "low": "1.77805",
            "close": "1.782"
        },
        {
            "time": "08.11.2020 13:40",
            "open": "1.782",
            "high": "1.785",
            "low": "1.782",
            "close": "1.782"
        },
        {
            "time": "08.11.2020 13:44",
            "open": "1.782",
            "high": "1.782",
            "low": "1.782",
            "close": "1.77847"
        },
        {
            "time": "08.11.2020 13:46",
            "open": "1.77847",
            "high": "1.77847",
            "low": "1.77847",
            "close": "1.77953"
        },
        {
            "time": "08.11.2020 13:51",
            "open": "1.77953",
            "high": "1.77953",
            "low": "1.77953",
            "close": "1.78528"
        },
        {
            "time": "08.11.2020 13:52",
            "open": "1.78528",
            "high": "1.78528",
            "low": "1.78528",
            "close": "1.78528"
        },
        {
            "time": "08.11.2020 13:53",
            "open": "1.78528",
            "high": "1.78528",
            "low": "1.78528",
            "close": "1.78528"
        },
        {
            "time": "08.11.2020 13:56",
            "open": "1.78528",
            "high": "1.78528",
            "low": "1.78528",
            "close": "1.77997"
        },
        {
            "time": "08.11.2020 14:01",
            "open": "1.77997",
            "high": "1.78528",
            "low": "1.77997",
            "close": "1.78527"
        },
        {
            "time": "08.11.2020 14:03",
            "open": "1.78527",
            "high": "1.78527",
            "low": "1.78527",
            "close": "1.78528"
        },
        {
            "time": "08.11.2020 14:06",
            "open": "1.78528",
            "high": "1.78528",
            "low": "1.78528",
            "close": "1.77805"
        },
        {
            "time": "08.11.2020 14:12",
            "open": "1.77805",
            "high": "1.77805",
            "low": "1.77386",
            "close": "1.77491"
        },
        {
            "time": "08.11.2020 14:13",
            "open": "1.77491",
            "high": "1.77499",
            "low": "1.77491",
            "close": "1.77499"
        },
        {
            "time": "08.11.2020 14:14",
            "open": "1.77499",
            "high": "1.775",
            "low": "1.77499",
            "close": "1.775"
        },
        {
            "time": "08.11.2020 14:15",
            "open": "1.775",
            "high": "1.77692",
            "low": "1.775",
            "close": "1.77862"
        },
        {
            "time": "08.11.2020 14:22",
            "open": "1.77862",
            "high": "1.77862",
            "low": "1.77862",
            "close": "1.77692"
        },
        {
            "time": "08.11.2020 14:23",
            "open": "1.77692",
            "high": "1.77692",
            "low": "1.775",
            "close": "1.77501"
        },
        {
            "time": "08.11.2020 14:25",
            "open": "1.77501",
            "high": "1.77501",
            "low": "1.77501",
            "close": "1.775"
        },
        {
            "time": "08.11.2020 14:26",
            "open": "1.775",
            "high": "1.775",
            "low": "1.76888",
            "close": "1.77203"
        },
        {
            "time": "08.11.2020 14:27",
            "open": "1.77203",
            "high": "1.77203",
            "low": "1.76333",
            "close": "1.76629"
        },
        {
            "time": "08.11.2020 14:28",
            "open": "1.76629",
            "high": "1.76629",
            "low": "1.76629",
            "close": "1.76621"
        },
        {
            "time": "08.11.2020 14:29",
            "open": "1.76621",
            "high": "1.76621",
            "low": "1.76621",
            "close": "1.7596"
        },
        {
            "time": "08.11.2020 14:30",
            "open": "1.7596",
            "high": "1.76272",
            "low": "1.7596",
            "close": "1.75361"
        },
        {
            "time": "08.11.2020 14:31",
            "open": "1.75361",
            "high": "1.75361",
            "low": "1.75361",
            "close": "1.76109"
        },
        {
            "time": "08.11.2020 14:32",
            "open": "1.76109",
            "high": "1.76109",
            "low": "1.76109",
            "close": "1.76066"
        },
        {
            "time": "08.11.2020 14:38",
            "open": "1.76066",
            "high": "1.76066",
            "low": "1.76066",
            "close": "1.75783"
        },
        {
            "time": "08.11.2020 14:40",
            "open": "1.75783",
            "high": "1.75783",
            "low": "1.75775",
            "close": "1.76447"
        },
        {
            "time": "08.11.2020 14:41",
            "open": "1.76447",
            "high": "1.76447",
            "low": "1.76447",
            "close": "1.76442"
        },
        {
            "time": "08.11.2020 14:42",
            "open": "1.76442",
            "high": "1.76442",
            "low": "1.76442",
            "close": "1.76453"
        },
        {
            "time": "08.11.2020 14:45",
            "open": "1.76453",
            "high": "1.76453",
            "low": "1.76453",
            "close": "1.76454"
        },
        {
            "time": "08.11.2020 14:46",
            "open": "1.76454",
            "high": "1.76454",
            "low": "1.76454",
            "close": "1.76446"
        },
        {
            "time": "08.11.2020 14:50",
            "open": "1.76446",
            "high": "1.7646",
            "low": "1.76446",
            "close": "1.75773"
        },
        {
            "time": "08.11.2020 14:55",
            "open": "1.75773",
            "high": "1.75773",
            "low": "1.75773",
            "close": "1.76081"
        },
        {
            "time": "08.11.2020 15:06",
            "open": "1.76081",
            "high": "1.76081",
            "low": "1.76081",
            "close": "1.75961"
        },
        {
            "time": "08.11.2020 15:07",
            "open": "1.75961",
            "high": "1.75961",
            "low": "1.7596",
            "close": "1.76467"
        },
        {
            "time": "08.11.2020 15:12",
            "open": "1.76467",
            "high": "1.76467",
            "low": "1.76467",
            "close": "1.77082"
        },
        {
            "time": "08.11.2020 15:16",
            "open": "1.77082",
            "high": "1.77082",
            "low": "1.7708",
            "close": "1.76553"
        },
        {
            "time": "08.11.2020 15:17",
            "open": "1.76553",
            "high": "1.76553",
            "low": "1.76553",
            "close": "1.76556"
        },
        {
            "time": "08.11.2020 15:18",
            "open": "1.76556",
            "high": "1.76556",
            "low": "1.76556",
            "close": "1.76579"
        },
        {
            "time": "08.11.2020 15:19",
            "open": "1.76579",
            "high": "1.76579",
            "low": "1.76579",
            "close": "1.76721"
        },
        {
            "time": "08.11.2020 15:22",
            "open": "1.76721",
            "high": "1.76721",
            "low": "1.76721",
            "close": "1.77507"
        },
        {
            "time": "08.11.2020 15:26",
            "open": "1.77507",
            "high": "1.77507",
            "low": "1.77507",
            "close": "1.77507"
        },
        {
            "time": "08.11.2020 15:27",
            "open": "1.77507",
            "high": "1.77507",
            "low": "1.77507",
            "close": "1.7778"
        },
        {
            "time": "08.11.2020 15:28",
            "open": "1.7778",
            "high": "1.7778",
            "low": "1.7778",
            "close": "1.77481"
        },
        {
            "time": "08.11.2020 15:29",
            "open": "1.77481",
            "high": "1.77481",
            "low": "1.77481",
            "close": "1.77076"
        },
        {
            "time": "08.11.2020 15:30",
            "open": "1.77076",
            "high": "1.7748",
            "low": "1.77057",
            "close": "1.7748"
        },
        {
            "time": "08.11.2020 15:31",
            "open": "1.7748",
            "high": "1.7748",
            "low": "1.7748",
            "close": "1.7726"
        },
        {
            "time": "08.11.2020 15:32",
            "open": "1.7726",
            "high": "1.7736",
            "low": "1.7726",
            "close": "1.77479"
        },
        {
            "time": "08.11.2020 15:34",
            "open": "1.77479",
            "high": "1.7748",
            "low": "1.77479",
            "close": "1.77249"
        },
        {
            "time": "08.11.2020 15:36",
            "open": "1.77249",
            "high": "1.77249",
            "low": "1.77249",
            "close": "1.78319"
        },
        {
            "time": "08.11.2020 15:39",
            "open": "1.78319",
            "high": "1.78319",
            "low": "1.78319",
            "close": "1.78528"
        },
        {
            "time": "08.11.2020 15:43",
            "open": "1.78528",
            "high": "1.78528",
            "low": "1.78528",
            "close": "1.78528"
        },
        {
            "time": "08.11.2020 15:44",
            "open": "1.78528",
            "high": "1.78528",
            "low": "1.78528",
            "close": "1.78237"
        },
        {
            "time": "08.11.2020 15:45",
            "open": "1.78237",
            "high": "1.78238",
            "low": "1.78237",
            "close": "1.78657"
        },
        {
            "time": "08.11.2020 15:47",
            "open": "1.78657",
            "high": "1.78657",
            "low": "1.78657",
            "close": "1.78914"
        },
        {
            "time": "08.11.2020 15:48",
            "open": "1.78914",
            "high": "1.79018",
            "low": "1.7887",
            "close": "1.79162"
        },
        {
            "time": "08.11.2020 15:50",
            "open": "1.79162",
            "high": "1.79249",
            "low": "1.79162",
            "close": "1.78913"
        },
        {
            "time": "08.11.2020 15:52",
            "open": "1.78913",
            "high": "1.78913",
            "low": "1.78913",
            "close": "1.7886"
        },
        {
            "time": "08.11.2020 15:55",
            "open": "1.7886",
            "high": "1.7886",
            "low": "1.7886",
            "close": "1.7893"
        },
        {
            "time": "08.11.2020 15:58",
            "open": "1.7893",
            "high": "1.7893",
            "low": "1.7893",
            "close": "1.7955"
        },
        {
            "time": "08.11.2020 16:00",
            "open": "1.7955",
            "high": "1.7955",
            "low": "1.7955",
            "close": "1.7955"
        },
        {
            "time": "08.11.2020 16:01",
            "open": "1.7955",
            "high": "1.79725",
            "low": "1.78866",
            "close": "1.79364"
        },
        {
            "time": "08.11.2020 16:02",
            "open": "1.79364",
            "high": "1.79364",
            "low": "1.79364",
            "close": "1.79298"
        },
        {
            "time": "08.11.2020 16:03",
            "open": "1.79298",
            "high": "1.79298",
            "low": "1.7923",
            "close": "1.79304"
        },
        {
            "time": "08.11.2020 16:09",
            "open": "1.79304",
            "high": "1.79304",
            "low": "1.79304",
            "close": "1.79653"
        },
        {
            "time": "08.11.2020 16:12",
            "open": "1.79653",
            "high": "1.79653",
            "low": "1.79653",
            "close": "1.799"
        },
        {
            "time": "08.11.2020 16:13",
            "open": "1.799",
            "high": "1.79916",
            "low": "1.799",
            "close": "1.79906"
        },
        {
            "time": "08.11.2020 16:14",
            "open": "1.79906",
            "high": "1.79936",
            "low": "1.79906",
            "close": "1.79989"
        },
        {
            "time": "08.11.2020 16:16",
            "open": "1.79989",
            "high": "1.79989",
            "low": "1.79989",
            "close": "1.79611"
        },
        {
            "time": "08.11.2020 16:17",
            "open": "1.79611",
            "high": "1.79611",
            "low": "1.78737",
            "close": "1.79365"
        },
        {
            "time": "08.11.2020 16:19",
            "open": "1.79365",
            "high": "1.79365",
            "low": "1.79365",
            "close": "1.78976"
        },
        {
            "time": "08.11.2020 16:20",
            "open": "1.78976",
            "high": "1.78978",
            "low": "1.78976",
            "close": "1.79415"
        },
        {
            "time": "08.11.2020 16:22",
            "open": "1.79415",
            "high": "1.79415",
            "low": "1.7941",
            "close": "1.792"
        },
        {
            "time": "08.11.2020 16:23",
            "open": "1.792",
            "high": "1.792",
            "low": "1.792",
            "close": "1.7949"
        },
        {
            "time": "08.11.2020 16:24",
            "open": "1.7949",
            "high": "1.795",
            "low": "1.7949",
            "close": "1.79566"
        },
        {
            "time": "08.11.2020 16:26",
            "open": "1.79566",
            "high": "1.79566",
            "low": "1.79566",
            "close": "1.79279"
        },
        {
            "time": "08.11.2020 16:30",
            "open": "1.79279",
            "high": "1.79891",
            "low": "1.79279",
            "close": "1.79279"
        },
        {
            "time": "08.11.2020 16:31",
            "open": "1.79279",
            "high": "1.79279",
            "low": "1.79279",
            "close": "1.79368"
        },
        {
            "time": "08.11.2020 16:34",
            "open": "1.79368",
            "high": "1.79368",
            "low": "1.79368",
            "close": "1.79233"
        },
        {
            "time": "08.11.2020 16:35",
            "open": "1.79233",
            "high": "1.79877",
            "low": "1.79233",
            "close": "1.78983"
        },
        {
            "time": "08.11.2020 16:37",
            "open": "1.78983",
            "high": "1.79454",
            "low": "1.78983",
            "close": "1.79251"
        },
        {
            "time": "08.11.2020 16:39",
            "open": "1.79251",
            "high": "1.79251",
            "low": "1.79239",
            "close": "1.79876"
        },
        {
            "time": "08.11.2020 16:45",
            "open": "1.79876",
            "high": "1.79876",
            "low": "1.79876",
            "close": "1.7941"
        },
        {
            "time": "08.11.2020 16:50",
            "open": "1.7941",
            "high": "1.7941",
            "low": "1.7941",
            "close": "1.79045"
        },
        {
            "time": "08.11.2020 16:51",
            "open": "1.79045",
            "high": "1.79045",
            "low": "1.79001",
            "close": "1.7917"
        },
        {
            "time": "08.11.2020 16:54",
            "open": "1.7917",
            "high": "1.7917",
            "low": "1.7917",
            "close": "1.79876"
        },
        {
            "time": "08.11.2020 17:02",
            "open": "1.79876",
            "high": "1.8",
            "low": "1.79876",
            "close": "1.8"
        },
        {
            "time": "08.11.2020 17:03",
            "open": "1.8",
            "high": "1.8025",
            "low": "1.8",
            "close": "1.806"
        },
        {
            "time": "08.11.2020 17:05",
            "open": "1.806",
            "high": "1.81139",
            "low": "1.806",
            "close": "1.80487"
        },
        {
            "time": "08.11.2020 17:07",
            "open": "1.80487",
            "high": "1.80487",
            "low": "1.80451",
            "close": "1.79931"
        },
        {
            "time": "08.11.2020 17:08",
            "open": "1.79931",
            "high": "1.79931",
            "low": "1.7988",
            "close": "1.8021"
        },
        {
            "time": "08.11.2020 17:09",
            "open": "1.8021",
            "high": "1.81387",
            "low": "1.7995",
            "close": "1.79431"
        },
        {
            "time": "08.11.2020 17:10",
            "open": "1.79431",
            "high": "1.81374",
            "low": "1.79431",
            "close": "1.79869"
        },
        {
            "time": "08.11.2020 17:11",
            "open": "1.79869",
            "high": "1.79869",
            "low": "1.79485",
            "close": "1.79229"
        },
        {
            "time": "08.11.2020 17:12",
            "open": "1.79229",
            "high": "1.79229",
            "low": "1.79229",
            "close": "1.79177"
        },
        {
            "time": "08.11.2020 17:14",
            "open": "1.79177",
            "high": "1.79177",
            "low": "1.79177",
            "close": "1.78544"
        },
        {
            "time": "08.11.2020 17:19",
            "open": "1.78544",
            "high": "1.78569",
            "low": "1.78544",
            "close": "1.78927"
        },
        {
            "time": "08.11.2020 17:24",
            "open": "1.78927",
            "high": "1.78927",
            "low": "1.78927",
            "close": "1.78238"
        },
        {
            "time": "08.11.2020 17:25",
            "open": "1.78238",
            "high": "1.78238",
            "low": "1.78238",
            "close": "1.78408"
        },
        {
            "time": "08.11.2020 17:29",
            "open": "1.78408",
            "high": "1.78467",
            "low": "1.77986",
            "close": "1.7855"
        },
        {
            "time": "08.11.2020 17:30",
            "open": "1.7855",
            "high": "1.7855",
            "low": "1.7855",
            "close": "1.7847"
        },
        {
            "time": "08.11.2020 17:31",
            "open": "1.7847",
            "high": "1.7952",
            "low": "1.7847",
            "close": "1.79202"
        },
        {
            "time": "08.11.2020 17:32",
            "open": "1.79202",
            "high": "1.79202",
            "low": "1.79202",
            "close": "1.78642"
        },
        {
            "time": "08.11.2020 17:34",
            "open": "1.78642",
            "high": "1.78642",
            "low": "1.78642",
            "close": "1.79497"
        },
        {
            "time": "08.11.2020 17:35",
            "open": "1.79497",
            "high": "1.7953",
            "low": "1.79497",
            "close": "1.7864"
        },
        {
            "time": "08.11.2020 17:38",
            "open": "1.7864",
            "high": "1.7864",
            "low": "1.78611",
            "close": "1.7903"
        },
        {
            "time": "08.11.2020 17:41",
            "open": "1.7903",
            "high": "1.7903",
            "low": "1.78429",
            "close": "1.78386"
        },
        {
            "time": "08.11.2020 17:45",
            "open": "1.78386",
            "high": "1.78386",
            "low": "1.78385",
            "close": "1.79031"
        },
        {
            "time": "08.11.2020 17:46",
            "open": "1.79031",
            "high": "1.79033",
            "low": "1.78433",
            "close": "1.78919"
        },
        {
            "time": "08.11.2020 17:48",
            "open": "1.78919",
            "high": "1.78919",
            "low": "1.78919",
            "close": "1.79567"
        },
        {
            "time": "08.11.2020 17:50",
            "open": "1.79567",
            "high": "1.79567",
            "low": "1.79567",
            "close": "1.79443"
        },
        {
            "time": "08.11.2020 17:52",
            "open": "1.79443",
            "high": "1.79443",
            "low": "1.79443",
            "close": "1.79359"
        },
        {
            "time": "08.11.2020 17:54",
            "open": "1.79359",
            "high": "1.79359",
            "low": "1.79359",
            "close": "1.78434"
        },
        {
            "time": "08.11.2020 18:00",
            "open": "1.78434",
            "high": "1.78434",
            "low": "1.78434",
            "close": "1.77817"
        },
        {
            "time": "08.11.2020 18:02",
            "open": "1.77817",
            "high": "1.77817",
            "low": "1.77817",
            "close": "1.77795"
        },
        {
            "time": "08.11.2020 18:03",
            "open": "1.77795",
            "high": "1.77795",
            "low": "1.77795",
            "close": "1.77798"
        },
        {
            "time": "08.11.2020 18:05",
            "open": "1.77798",
            "high": "1.7822",
            "low": "1.77794",
            "close": "1.78109"
        },
        {
            "time": "08.11.2020 18:06",
            "open": "1.78109",
            "high": "1.78111",
            "low": "1.78109",
            "close": "1.78218"
        },
        {
            "time": "08.11.2020 18:09",
            "open": "1.78218",
            "high": "1.78218",
            "low": "1.78218",
            "close": "1.7844"
        },
        {
            "time": "08.11.2020 18:13",
            "open": "1.7844",
            "high": "1.7844",
            "low": "1.7844",
            "close": "1.7844"
        },
        {
            "time": "08.11.2020 18:14",
            "open": "1.7844",
            "high": "1.7844",
            "low": "1.7844",
            "close": "1.7844"
        },
        {
            "time": "08.11.2020 18:16",
            "open": "1.7844",
            "high": "1.7844",
            "low": "1.7844",
            "close": "1.7854"
        },
        {
            "time": "08.11.2020 18:19",
            "open": "1.7854",
            "high": "1.78948",
            "low": "1.7854",
            "close": "1.78115"
        },
        {
            "time": "08.11.2020 18:20",
            "open": "1.78115",
            "high": "1.7851",
            "low": "1.78115",
            "close": "1.79294"
        },
        {
            "time": "08.11.2020 18:24",
            "open": "1.79294",
            "high": "1.79294",
            "low": "1.78422",
            "close": "1.79435"
        },
        {
            "time": "08.11.2020 18:25",
            "open": "1.79435",
            "high": "1.7954",
            "low": "1.79435",
            "close": "1.79581"
        },
        {
            "time": "08.11.2020 18:26",
            "open": "1.79581",
            "high": "1.79605",
            "low": "1.79581",
            "close": "1.79274"
        },
        {
            "time": "08.11.2020 18:33",
            "open": "1.79274",
            "high": "1.79274",
            "low": "1.78987",
            "close": "1.7933"
        },
        {
            "time": "08.11.2020 18:34",
            "open": "1.7933",
            "high": "1.7933",
            "low": "1.7933",
            "close": "1.7908"
        },
        {
            "time": "08.11.2020 18:35",
            "open": "1.7908",
            "high": "1.8185",
            "low": "1.78678",
            "close": "1.793"
        },
        {
            "time": "08.11.2020 18:36",
            "open": "1.793",
            "high": "1.79367",
            "low": "1.792",
            "close": "1.79423"
        },
        {
            "time": "08.11.2020 18:38",
            "open": "1.79423",
            "high": "1.79423",
            "low": "1.79423",
            "close": "1.79205"
        },
        {
            "time": "08.11.2020 18:39",
            "open": "1.79205",
            "high": "1.79205",
            "low": "1.79201",
            "close": "1.79268"
        },
        {
            "time": "08.11.2020 18:40",
            "open": "1.79268",
            "high": "1.79268",
            "low": "1.79268",
            "close": "1.79268"
        },
        {
            "time": "08.11.2020 18:41",
            "open": "1.79268",
            "high": "1.79269",
            "low": "1.79188",
            "close": "1.79478"
        },
        {
            "time": "08.11.2020 18:43",
            "open": "1.79478",
            "high": "1.79478",
            "low": "1.79478",
            "close": "1.79509"
        },
        {
            "time": "08.11.2020 18:44",
            "open": "1.79509",
            "high": "1.7981",
            "low": "1.79457",
            "close": "1.79463"
        },
        {
            "time": "08.11.2020 18:45",
            "open": "1.79463",
            "high": "1.79463",
            "low": "1.79463",
            "close": "1.79686"
        },
        {
            "time": "08.11.2020 18:46",
            "open": "1.79686",
            "high": "1.79686",
            "low": "1.79543",
            "close": "1.79521"
        },
        {
            "time": "08.11.2020 18:47",
            "open": "1.79521",
            "high": "1.7985",
            "low": "1.79514",
            "close": "1.7971"
        },
        {
            "time": "08.11.2020 18:48",
            "open": "1.7971",
            "high": "1.7971",
            "low": "1.79395",
            "close": "1.79392"
        },
        {
            "time": "08.11.2020 18:49",
            "open": "1.79392",
            "high": "1.79581",
            "low": "1.79392",
            "close": "1.79337"
        },
        {
            "time": "08.11.2020 18:50",
            "open": "1.79337",
            "high": "1.79338",
            "low": "1.79337",
            "close": "1.79648"
        },
        {
            "time": "08.11.2020 18:51",
            "open": "1.79648",
            "high": "1.79671",
            "low": "1.79338",
            "close": "1.79426"
        },
        {
            "time": "08.11.2020 18:52",
            "open": "1.79426",
            "high": "1.7949",
            "low": "1.79426",
            "close": "1.79571"
        },
        {
            "time": "08.11.2020 18:55",
            "open": "1.79571",
            "high": "1.79979",
            "low": "1.79408",
            "close": "1.79723"
        },
        {
            "time": "08.11.2020 18:58",
            "open": "1.79723",
            "high": "1.79723",
            "low": "1.79723",
            "close": "1.79723"
        },
        {
            "time": "08.11.2020 18:59",
            "open": "1.79723",
            "high": "1.79723",
            "low": "1.79575",
            "close": "1.80014"
        },
        {
            "time": "08.11.2020 19:07",
            "open": "1.80014",
            "high": "1.80014",
            "low": "1.80014",
            "close": "1.80015"
        },
        {
            "time": "08.11.2020 19:08",
            "open": "1.80015",
            "high": "1.80015",
            "low": "1.80015",
            "close": "1.80001"
        },
        {
            "time": "08.11.2020 19:09",
            "open": "1.80001",
            "high": "1.80098",
            "low": "1.80001",
            "close": "1.80001"
        },
        {
            "time": "08.11.2020 19:11",
            "open": "1.80001",
            "high": "1.80001",
            "low": "1.79848",
            "close": "1.79853"
        },
        {
            "time": "08.11.2020 19:12",
            "open": "1.79853",
            "high": "1.79916",
            "low": "1.79853",
            "close": "1.78764"
        },
        {
            "time": "08.11.2020 19:16",
            "open": "1.78764",
            "high": "1.78764",
            "low": "1.78764",
            "close": "1.78802"
        },
        {
            "time": "08.11.2020 19:17",
            "open": "1.78802",
            "high": "1.78802",
            "low": "1.78802",
            "close": "1.78846"
        },
        {
            "time": "08.11.2020 19:18",
            "open": "1.78846",
            "high": "1.78848",
            "low": "1.78846",
            "close": "1.7872"
        },
        {
            "time": "08.11.2020 19:21",
            "open": "1.7872",
            "high": "1.7872",
            "low": "1.7872",
            "close": "1.78471"
        },
        {
            "time": "08.11.2020 19:22",
            "open": "1.78471",
            "high": "1.78471",
            "low": "1.78471",
            "close": "1.78776"
        },
        {
            "time": "08.11.2020 19:23",
            "open": "1.78776",
            "high": "1.78778",
            "low": "1.78776",
            "close": "1.7813"
        },
        {
            "time": "08.11.2020 19:25",
            "open": "1.7813",
            "high": "1.7813",
            "low": "1.78111",
            "close": "1.78084"
        },
        {
            "time": "08.11.2020 19:26",
            "open": "1.78084",
            "high": "1.78084",
            "low": "1.78084",
            "close": "1.77872"
        },
        {
            "time": "08.11.2020 19:27",
            "open": "1.77872",
            "high": "1.77872",
            "low": "1.77851",
            "close": "1.78167"
        },
        {
            "time": "08.11.2020 19:28",
            "open": "1.78167",
            "high": "1.78167",
            "low": "1.7793",
            "close": "1.7792"
        },
        {
            "time": "08.11.2020 19:29",
            "open": "1.7792",
            "high": "1.7792",
            "low": "1.7792",
            "close": "1.77804"
        },
        {
            "time": "08.11.2020 19:31",
            "open": "1.77804",
            "high": "1.77806",
            "low": "1.77804",
            "close": "1.7772"
        },
        {
            "time": "08.11.2020 19:32",
            "open": "1.7772",
            "high": "1.7772",
            "low": "1.7772",
            "close": "1.7802"
        },
        {
            "time": "08.11.2020 19:33",
            "open": "1.7802",
            "high": "1.7802",
            "low": "1.7802",
            "close": "1.7784"
        },
        {
            "time": "08.11.2020 19:34",
            "open": "1.7784",
            "high": "1.78039",
            "low": "1.7784",
            "close": "1.77879"
        },
        {
            "time": "08.11.2020 19:37",
            "open": "1.77879",
            "high": "1.80037",
            "low": "1.77753",
            "close": "1.77921"
        },
        {
            "time": "08.11.2020 19:38",
            "open": "1.77921",
            "high": "1.77921",
            "low": "1.77921",
            "close": "1.78097"
        },
        {
            "time": "08.11.2020 19:40",
            "open": "1.78097",
            "high": "1.78097",
            "low": "1.78097",
            "close": "1.78358"
        },
        {
            "time": "08.11.2020 19:41",
            "open": "1.78358",
            "high": "1.78358",
            "low": "1.78185",
            "close": "1.78228"
        },
        {
            "time": "08.11.2020 19:42",
            "open": "1.78228",
            "high": "1.78228",
            "low": "1.78228",
            "close": "1.78077"
        },
        {
            "time": "08.11.2020 19:43",
            "open": "1.78077",
            "high": "1.78192",
            "low": "1.77612",
            "close": "1.77822"
        },
        {
            "time": "08.11.2020 19:44",
            "open": "1.77822",
            "high": "1.78228",
            "low": "1.7772",
            "close": "1.78068"
        },
        {
            "time": "08.11.2020 19:47",
            "open": "1.78068",
            "high": "1.78068",
            "low": "1.77951",
            "close": "1.77902"
        },
        {
            "time": "08.11.2020 19:48",
            "open": "1.77902",
            "high": "1.7794",
            "low": "1.77902",
            "close": "1.781"
        },
        {
            "time": "08.11.2020 19:50",
            "open": "1.781",
            "high": "1.78228",
            "low": "1.781",
            "close": "1.78371"
        },
        {
            "time": "08.11.2020 19:52",
            "open": "1.78371",
            "high": "1.78371",
            "low": "1.7828",
            "close": "1.7828"
        },
        {
            "time": "08.11.2020 19:53",
            "open": "1.7828",
            "high": "1.78592",
            "low": "1.7828",
            "close": "1.78099"
        },
        {
            "time": "08.11.2020 19:58",
            "open": "1.78099",
            "high": "1.78099",
            "low": "1.78099",
            "close": "1.78401"
        },
        {
            "time": "08.11.2020 20:02",
            "open": "1.78401",
            "high": "1.78402",
            "low": "1.78381",
            "close": "1.78446"
        },
        {
            "time": "08.11.2020 20:04",
            "open": "1.78446",
            "high": "1.78446",
            "low": "1.78125",
            "close": "1.78111"
        },
        {
            "time": "08.11.2020 20:05",
            "open": "1.78111",
            "high": "1.78111",
            "low": "1.78111",
            "close": "1.78047"
        },
        {
            "time": "08.11.2020 20:07",
            "open": "1.78047",
            "high": "1.78047",
            "low": "1.77762",
            "close": "1.77615"
        },
        {
            "time": "08.11.2020 20:08",
            "open": "1.77615",
            "high": "1.77844",
            "low": "1.77615",
            "close": "1.77933"
        },
        {
            "time": "08.11.2020 20:09",
            "open": "1.77933",
            "high": "1.77951",
            "low": "1.77933",
            "close": "1.77801"
        },
        {
            "time": "08.11.2020 20:10",
            "open": "1.77801",
            "high": "1.77801",
            "low": "1.77781",
            "close": "1.78024"
        },
        {
            "time": "08.11.2020 20:11",
            "open": "1.78024",
            "high": "1.78024",
            "low": "1.78024",
            "close": "1.78074"
        },
        {
            "time": "08.11.2020 20:12",
            "open": "1.78074",
            "high": "1.78074",
            "low": "1.77822",
            "close": "1.77513"
        },
        {
            "time": "08.11.2020 20:13",
            "open": "1.77513",
            "high": "1.77513",
            "low": "1.77513",
            "close": "1.77508"
        },
        {
            "time": "08.11.2020 20:17",
            "open": "1.77508",
            "high": "1.77508",
            "low": "1.77508",
            "close": "1.7718"
        },
        {
            "time": "08.11.2020 20:18",
            "open": "1.7718",
            "high": "1.7718",
            "low": "1.76926",
            "close": "1.76926"
        },
        {
            "time": "08.11.2020 20:20",
            "open": "1.76926",
            "high": "1.76926",
            "low": "1.76642",
            "close": "1.76394"
        },
        {
            "time": "08.11.2020 20:21",
            "open": "1.76394",
            "high": "1.76394",
            "low": "1.76394",
            "close": "1.7666"
        },
        {
            "time": "08.11.2020 20:22",
            "open": "1.7666",
            "high": "1.7666",
            "low": "1.7666",
            "close": "1.7666"
        },
        {
            "time": "08.11.2020 20:25",
            "open": "1.7666",
            "high": "1.7666",
            "low": "1.7666",
            "close": "1.76105"
        },
        {
            "time": "08.11.2020 20:28",
            "open": "1.76105",
            "high": "1.76105",
            "low": "1.76105",
            "close": "1.7592"
        },
        {
            "time": "08.11.2020 20:29",
            "open": "1.7592",
            "high": "1.7592",
            "low": "1.7572",
            "close": "1.75885"
        },
        {
            "time": "08.11.2020 20:31",
            "open": "1.75885",
            "high": "1.75885",
            "low": "1.75885",
            "close": "1.76771"
        },
        {
            "time": "08.11.2020 20:39",
            "open": "1.76771",
            "high": "1.76771",
            "low": "1.76771",
            "close": "1.77"
        },
        {
            "time": "08.11.2020 20:40",
            "open": "1.77",
            "high": "1.77",
            "low": "1.76967",
            "close": "1.76971"
        },
        {
            "time": "08.11.2020 20:42",
            "open": "1.76971",
            "high": "1.76971",
            "low": "1.76836",
            "close": "1.76494"
        },
        {
            "time": "08.11.2020 20:43",
            "open": "1.76494",
            "high": "1.76494",
            "low": "1.76494",
            "close": "1.76869"
        },
        {
            "time": "08.11.2020 20:44",
            "open": "1.76869",
            "high": "1.76871",
            "low": "1.76869",
            "close": "1.77"
        },
        {
            "time": "08.11.2020 20:45",
            "open": "1.77",
            "high": "1.77",
            "low": "1.77",
            "close": "1.76355"
        },
        {
            "time": "08.11.2020 20:49",
            "open": "1.76355",
            "high": "1.7656",
            "low": "1.76355",
            "close": "1.76318"
        },
        {
            "time": "08.11.2020 20:51",
            "open": "1.76318",
            "high": "1.76318",
            "low": "1.76318",
            "close": "1.7638"
        },
        {
            "time": "08.11.2020 20:52",
            "open": "1.7638",
            "high": "1.76417",
            "low": "1.7638",
            "close": "1.76"
        },
        {
            "time": "08.11.2020 20:53",
            "open": "1.76",
            "high": "1.76",
            "low": "1.76",
            "close": "1.75912"
        },
        {
            "time": "08.11.2020 20:57",
            "open": "1.75912",
            "high": "1.75912",
            "low": "1.75912",
            "close": "1.75943"
        },
        {
            "time": "08.11.2020 20:58",
            "open": "1.75943",
            "high": "1.75943",
            "low": "1.75806",
            "close": "1.76771"
        },
        {
            "time": "08.11.2020 21:07",
            "open": "1.76771",
            "high": "1.76771",
            "low": "1.76721",
            "close": "1.76393"
        },
        {
            "time": "08.11.2020 21:08",
            "open": "1.76393",
            "high": "1.76393",
            "low": "1.76393",
            "close": "1.76907"
        },
        {
            "time": "08.11.2020 21:09",
            "open": "1.76907",
            "high": "1.76907",
            "low": "1.76907",
            "close": "1.76563"
        },
        {
            "time": "08.11.2020 21:10",
            "open": "1.76563",
            "high": "1.76868",
            "low": "1.76563",
            "close": "1.76921"
        },
        {
            "time": "08.11.2020 21:11",
            "open": "1.76921",
            "high": "1.76968",
            "low": "1.76921",
            "close": "1.7679"
        },
        {
            "time": "08.11.2020 21:12",
            "open": "1.7679",
            "high": "1.7679",
            "low": "1.7679",
            "close": "1.76962"
        },
        {
            "time": "08.11.2020 21:15",
            "open": "1.76962",
            "high": "1.76962",
            "low": "1.76962",
            "close": "1.76451"
        },
        {
            "time": "08.11.2020 21:18",
            "open": "1.76451",
            "high": "1.76451",
            "low": "1.76451",
            "close": "1.7644"
        },
        {
            "time": "08.11.2020 21:19",
            "open": "1.7644",
            "high": "1.7644",
            "low": "1.7644",
            "close": "1.7674"
        },
        {
            "time": "08.11.2020 21:20",
            "open": "1.7674",
            "high": "1.7674",
            "low": "1.76733",
            "close": "1.76904"
        },
        {
            "time": "08.11.2020 21:22",
            "open": "1.76904",
            "high": "1.76904",
            "low": "1.76904",
            "close": "1.76551"
        },
        {
            "time": "08.11.2020 21:23",
            "open": "1.76551",
            "high": "1.76891",
            "low": "1.76551",
            "close": "1.7631"
        },
        {
            "time": "08.11.2020 21:25",
            "open": "1.7631",
            "high": "1.7631",
            "low": "1.7631",
            "close": "1.75941"
        },
        {
            "time": "08.11.2020 21:26",
            "open": "1.75941",
            "high": "1.75941",
            "low": "1.75941",
            "close": "1.75704"
        },
        {
            "time": "08.11.2020 21:27",
            "open": "1.75704",
            "high": "1.75704",
            "low": "1.75412",
            "close": "1.7544"
        },
        {
            "time": "08.11.2020 21:28",
            "open": "1.7544",
            "high": "1.7544",
            "low": "1.7544",
            "close": "1.75477"
        },
        {
            "time": "08.11.2020 21:30",
            "open": "1.75477",
            "high": "1.75695",
            "low": "1.75475",
            "close": "1.75718"
        },
        {
            "time": "08.11.2020 21:31",
            "open": "1.75718",
            "high": "1.75718",
            "low": "1.75718",
            "close": "1.75423"
        },
        {
            "time": "08.11.2020 21:32",
            "open": "1.75423",
            "high": "1.75423",
            "low": "1.75423",
            "close": "1.75047"
        },
        {
            "time": "08.11.2020 21:34",
            "open": "1.75047",
            "high": "1.75183",
            "low": "1.75047",
            "close": "1.75418"
        },
        {
            "time": "08.11.2020 21:35",
            "open": "1.75418",
            "high": "1.75418",
            "low": "1.75418",
            "close": "1.75075"
        },
        {
            "time": "08.11.2020 21:36",
            "open": "1.75075",
            "high": "1.75075",
            "low": "1.75075",
            "close": "1.75193"
        },
        {
            "time": "08.11.2020 21:38",
            "open": "1.75193",
            "high": "1.75193",
            "low": "1.75193",
            "close": "1.75815"
        },
        {
            "time": "08.11.2020 21:40",
            "open": "1.75815",
            "high": "1.75862",
            "low": "1.75815",
            "close": "1.76368"
        },
        {
            "time": "08.11.2020 21:44",
            "open": "1.76368",
            "high": "1.76368",
            "low": "1.76368",
            "close": "1.76263"
        },
        {
            "time": "08.11.2020 21:46",
            "open": "1.76263",
            "high": "1.76263",
            "low": "1.76263",
            "close": "1.76095"
        },
        {
            "time": "08.11.2020 21:49",
            "open": "1.76095",
            "high": "1.76095",
            "low": "1.76095",
            "close": "1.76019"
        },
        {
            "time": "08.11.2020 21:50",
            "open": "1.76019",
            "high": "1.76019",
            "low": "1.76019",
            "close": "1.75938"
        },
        {
            "time": "08.11.2020 21:51",
            "open": "1.75938",
            "high": "1.75938",
            "low": "1.75938",
            "close": "1.76288"
        },
        {
            "time": "08.11.2020 21:52",
            "open": "1.76288",
            "high": "1.76288",
            "low": "1.76288",
            "close": "1.7634"
        },
        {
            "time": "08.11.2020 22:07",
            "open": "1.7634",
            "high": "1.7634",
            "low": "1.7634",
            "close": "1.755"
        },
        {
            "time": "08.11.2020 22:10",
            "open": "1.755",
            "high": "1.75538",
            "low": "1.755",
            "close": "1.75037"
        },
        {
            "time": "08.11.2020 22:11",
            "open": "1.75037",
            "high": "1.75037",
            "low": "1.74966",
            "close": "1.74684"
        },
        {
            "time": "08.11.2020 22:12",
            "open": "1.74684",
            "high": "1.7495",
            "low": "1.74684",
            "close": "1.74651"
        },
        {
            "time": "08.11.2020 22:14",
            "open": "1.74651",
            "high": "1.74651",
            "low": "1.74651",
            "close": "1.74527"
        },
        {
            "time": "08.11.2020 22:15",
            "open": "1.74527",
            "high": "1.74527",
            "low": "1.74391",
            "close": "1.74273"
        },
        {
            "time": "08.11.2020 22:16",
            "open": "1.74273",
            "high": "1.74273",
            "low": "1.74273",
            "close": "1.74558"
        },
        {
            "time": "08.11.2020 22:19",
            "open": "1.74558",
            "high": "1.74558",
            "low": "1.74558",
            "close": "1.74"
        },
        {
            "time": "08.11.2020 22:21",
            "open": "1.74",
            "high": "1.74",
            "low": "1.74",
            "close": "1.7431"
        },
        {
            "time": "08.11.2020 22:25",
            "open": "1.7431",
            "high": "1.7431",
            "low": "1.7431",
            "close": "1.74058"
        },
        {
            "time": "08.11.2020 22:26",
            "open": "1.74058",
            "high": "1.74058",
            "low": "1.73871",
            "close": "1.73671"
        },
        {
            "time": "08.11.2020 22:27",
            "open": "1.73671",
            "high": "1.73671",
            "low": "1.73447",
            "close": "1.73467"
        },
        {
            "time": "08.11.2020 22:28",
            "open": "1.73467",
            "high": "1.73497",
            "low": "1.73467",
            "close": "1.73497"
        },
        {
            "time": "08.11.2020 22:32",
            "open": "1.73497",
            "high": "1.73499",
            "low": "1.73497",
            "close": "1.735"
        },
        {
            "time": "08.11.2020 22:33",
            "open": "1.735",
            "high": "1.735",
            "low": "1.735",
            "close": "1.74111"
        },
        {
            "time": "08.11.2020 22:36",
            "open": "1.74111",
            "high": "1.743",
            "low": "1.74111",
            "close": "1.74"
        },
        {
            "time": "08.11.2020 22:37",
            "open": "1.74",
            "high": "1.74",
            "low": "1.74",
            "close": "1.73751"
        },
        {
            "time": "08.11.2020 22:39",
            "open": "1.73751",
            "high": "1.73751",
            "low": "1.73751",
            "close": "1.73623"
        },
        {
            "time": "08.11.2020 22:43",
            "open": "1.73623",
            "high": "1.73949",
            "low": "1.73623",
            "close": "1.738"
        },
        {
            "time": "08.11.2020 22:46",
            "open": "1.738",
            "high": "1.738",
            "low": "1.738",
            "close": "1.733"
        },
        {
            "time": "08.11.2020 22:50",
            "open": "1.733",
            "high": "1.733",
            "low": "1.73234",
            "close": "1.7328"
        },
        {
            "time": "08.11.2020 22:51",
            "open": "1.7328",
            "high": "1.7328",
            "low": "1.7328",
            "close": "1.73143"
        },
        {
            "time": "08.11.2020 22:55",
            "open": "1.73143",
            "high": "1.73143",
            "low": "1.73043",
            "close": "1.7402"
        },
        {
            "time": "08.11.2020 22:59",
            "open": "1.7402",
            "high": "1.74022",
            "low": "1.7402",
            "close": "1.73949"
        },
        {
            "time": "08.11.2020 23:01",
            "open": "1.73949",
            "high": "1.73949",
            "low": "1.73949",
            "close": "1.745"
        },
        {
            "time": "08.11.2020 23:10",
            "open": "1.745",
            "high": "1.74706",
            "low": "1.745",
            "close": "1.74141"
        },
        {
            "time": "08.11.2020 23:15",
            "open": "1.74141",
            "high": "1.74141",
            "low": "1.74141",
            "close": "1.74795"
        },
        {
            "time": "08.11.2020 23:21",
            "open": "1.74795",
            "high": "1.74795",
            "low": "1.74795",
            "close": "1.747"
        },
        {
            "time": "08.11.2020 23:22",
            "open": "1.747",
            "high": "1.747",
            "low": "1.746",
            "close": "1.74638"
        },
        {
            "time": "08.11.2020 23:24",
            "open": "1.74638",
            "high": "1.74638",
            "low": "1.74638",
            "close": "1.7472"
        },
        {
            "time": "08.11.2020 23:30",
            "open": "1.7472",
            "high": "1.7472",
            "low": "1.7472",
            "close": "1.75055"
        },
        {
            "time": "08.11.2020 23:31",
            "open": "1.75055",
            "high": "1.75055",
            "low": "1.75055",
            "close": "1.75378"
        },
        {
            "time": "08.11.2020 23:34",
            "open": "1.75378",
            "high": "1.75378",
            "low": "1.75378",
            "close": "1.75492"
        },
        {
            "time": "08.11.2020 23:35",
            "open": "1.75492",
            "high": "1.75492",
            "low": "1.75492",
            "close": "1.752"
        }
    ]
}