{
    "XTZ-EUR": [
        {
            "time": "13.12.2020 23:56",
            "open": "1.83031",
            "high": "1.83031",
            "low": "1.83031",
            "close": "1.83205"
        },
        {
            "time": "14.12.2020 00:03",
            "open": "1.83205",
            "high": "1.83205",
            "low": "1.83205",
            "close": "1.8334"
        },
        {
            "time": "14.12.2020 00:10",
            "open": "1.8334",
            "high": "1.8334",
            "low": "1.8334",
            "close": "1.83652"
        },
        {
            "time": "14.12.2020 00:17",
            "open": "1.83652",
            "high": "1.83709",
            "low": "1.83652",
            "close": "1.8359"
        },
        {
            "time": "14.12.2020 00:21",
            "open": "1.8359",
            "high": "1.8359",
            "low": "1.8359",
            "close": "1.8339"
        },
        {
            "time": "14.12.2020 00:22",
            "open": "1.8339",
            "high": "1.8339",
            "low": "1.8339",
            "close": "1.83718"
        },
        {
            "time": "14.12.2020 00:23",
            "open": "1.83718",
            "high": "1.83718",
            "low": "1.83718",
            "close": "1.83541"
        },
        {
            "time": "14.12.2020 00:26",
            "open": "1.83541",
            "high": "1.83541",
            "low": "1.83541",
            "close": "1.8394"
        },
        {
            "time": "14.12.2020 00:29",
            "open": "1.8394",
            "high": "1.8394",
            "low": "1.8394",
            "close": "1.8394"
        },
        {
            "time": "14.12.2020 00:30",
            "open": "1.8394",
            "high": "1.8394",
            "low": "1.8394",
            "close": "1.83386"
        },
        {
            "time": "14.12.2020 00:35",
            "open": "1.83386",
            "high": "1.83809",
            "low": "1.83386",
            "close": "1.83225"
        },
        {
            "time": "14.12.2020 00:36",
            "open": "1.83225",
            "high": "1.83225",
            "low": "1.83225",
            "close": "1.82851"
        },
        {
            "time": "14.12.2020 00:37",
            "open": "1.82851",
            "high": "1.82851",
            "low": "1.82851",
            "close": "1.82749"
        },
        {
            "time": "14.12.2020 00:38",
            "open": "1.82749",
            "high": "1.82749",
            "low": "1.82749",
            "close": "1.82678"
        },
        {
            "time": "14.12.2020 00:41",
            "open": "1.82678",
            "high": "1.82678",
            "low": "1.82678",
            "close": "1.82622"
        },
        {
            "time": "14.12.2020 00:42",
            "open": "1.82622",
            "high": "1.82622",
            "low": "1.82622",
            "close": "1.8315"
        },
        {
            "time": "14.12.2020 00:49",
            "open": "1.8315",
            "high": "1.8315",
            "low": "1.8315",
            "close": "1.83739"
        },
        {
            "time": "14.12.2020 00:59",
            "open": "1.83739",
            "high": "1.83739",
            "low": "1.83739",
            "close": "1.83785"
        },
        {
            "time": "14.12.2020 01:00",
            "open": "1.83785",
            "high": "1.83785",
            "low": "1.83785",
            "close": "1.83742"
        },
        {
            "time": "14.12.2020 01:04",
            "open": "1.83742",
            "high": "1.83742",
            "low": "1.83742",
            "close": "1.83157"
        },
        {
            "time": "14.12.2020 01:08",
            "open": "1.83157",
            "high": "1.83157",
            "low": "1.83",
            "close": "1.84059"
        },
        {
            "time": "14.12.2020 01:19",
            "open": "1.84059",
            "high": "1.84059",
            "low": "1.84059",
            "close": "1.84059"
        },
        {
            "time": "14.12.2020 01:23",
            "open": "1.84059",
            "high": "1.84059",
            "low": "1.84059",
            "close": "1.85558"
        },
        {
            "time": "14.12.2020 01:30",
            "open": "1.85558",
            "high": "1.85558",
            "low": "1.85558",
            "close": "1.8587"
        },
        {
            "time": "14.12.2020 01:34",
            "open": "1.8587",
            "high": "1.8587",
            "low": "1.8587",
            "close": "1.85234"
        },
        {
            "time": "14.12.2020 01:37",
            "open": "1.85234",
            "high": "1.85234",
            "low": "1.85234",
            "close": "1.85388"
        },
        {
            "time": "14.12.2020 01:38",
            "open": "1.85388",
            "high": "1.85388",
            "low": "1.85388",
            "close": "1.85319"
        },
        {
            "time": "14.12.2020 01:42",
            "open": "1.85319",
            "high": "1.85319",
            "low": "1.85319",
            "close": "1.8423"
        },
        {
            "time": "14.12.2020 01:48",
            "open": "1.8423",
            "high": "1.8423",
            "low": "1.8423",
            "close": "1.84629"
        },
        {
            "time": "14.12.2020 01:54",
            "open": "1.84629",
            "high": "1.8464",
            "low": "1.84629",
            "close": "1.8463"
        },
        {
            "time": "14.12.2020 01:55",
            "open": "1.8463",
            "high": "1.8463",
            "low": "1.8463",
            "close": "1.8475"
        },
        {
            "time": "14.12.2020 01:56",
            "open": "1.8475",
            "high": "1.8475",
            "low": "1.8475",
            "close": "1.84615"
        },
        {
            "time": "14.12.2020 01:58",
            "open": "1.84615",
            "high": "1.84615",
            "low": "1.84615",
            "close": "1.8553"
        },
        {
            "time": "14.12.2020 02:05",
            "open": "1.8553",
            "high": "1.8553",
            "low": "1.8553",
            "close": "1.85618"
        },
        {
            "time": "14.12.2020 02:06",
            "open": "1.85618",
            "high": "1.85618",
            "low": "1.85618",
            "close": "1.84714"
        },
        {
            "time": "14.12.2020 02:09",
            "open": "1.84714",
            "high": "1.84714",
            "low": "1.84714",
            "close": "1.85219"
        },
        {
            "time": "14.12.2020 02:17",
            "open": "1.85219",
            "high": "1.85219",
            "low": "1.85219",
            "close": "1.85225"
        },
        {
            "time": "14.12.2020 02:21",
            "open": "1.85225",
            "high": "1.85225",
            "low": "1.84886",
            "close": "1.84901"
        },
        {
            "time": "14.12.2020 02:23",
            "open": "1.84901",
            "high": "1.8492",
            "low": "1.8489",
            "close": "1.85878"
        },
        {
            "time": "14.12.2020 02:34",
            "open": "1.85878",
            "high": "1.85878",
            "low": "1.85878",
            "close": "1.8537"
        },
        {
            "time": "14.12.2020 02:44",
            "open": "1.8537",
            "high": "1.85554",
            "low": "1.8537",
            "close": "1.85942"
        },
        {
            "time": "14.12.2020 02:45",
            "open": "1.85942",
            "high": "1.86002",
            "low": "1.85942",
            "close": "1.86129"
        },
        {
            "time": "14.12.2020 02:50",
            "open": "1.86129",
            "high": "1.86129",
            "low": "1.86059",
            "close": "1.862"
        },
        {
            "time": "14.12.2020 02:54",
            "open": "1.862",
            "high": "1.862",
            "low": "1.862",
            "close": "1.86555"
        },
        {
            "time": "14.12.2020 02:57",
            "open": "1.86555",
            "high": "1.86555",
            "low": "1.86527",
            "close": "1.858"
        },
        {
            "time": "14.12.2020 03:07",
            "open": "1.858",
            "high": "1.858",
            "low": "1.85633",
            "close": "1.85242"
        },
        {
            "time": "14.12.2020 03:26",
            "open": "1.85242",
            "high": "1.85242",
            "low": "1.85242",
            "close": "1.8515"
        },
        {
            "time": "14.12.2020 03:32",
            "open": "1.8515",
            "high": "1.8515",
            "low": "1.8515",
            "close": "1.8644"
        },
        {
            "time": "14.12.2020 04:29",
            "open": "1.8644",
            "high": "1.8644",
            "low": "1.86221",
            "close": "1.86215"
        },
        {
            "time": "14.12.2020 04:35",
            "open": "1.86215",
            "high": "1.86215",
            "low": "1.86215",
            "close": "1.86829"
        },
        {
            "time": "14.12.2020 04:41",
            "open": "1.86829",
            "high": "1.86829",
            "low": "1.86829",
            "close": "1.85663"
        },
        {
            "time": "14.12.2020 04:58",
            "open": "1.85663",
            "high": "1.85663",
            "low": "1.85663",
            "close": "1.85892"
        },
        {
            "time": "14.12.2020 05:14",
            "open": "1.85892",
            "high": "1.85892",
            "low": "1.85892",
            "close": "1.85873"
        },
        {
            "time": "14.12.2020 05:17",
            "open": "1.85873",
            "high": "1.85873",
            "low": "1.85873",
            "close": "1.85859"
        },
        {
            "time": "14.12.2020 05:18",
            "open": "1.85859",
            "high": "1.85859",
            "low": "1.85859",
            "close": "1.8467"
        },
        {
            "time": "14.12.2020 05:21",
            "open": "1.8467",
            "high": "1.8467",
            "low": "1.84532",
            "close": "1.84278"
        },
        {
            "time": "14.12.2020 05:31",
            "open": "1.84278",
            "high": "1.84278",
            "low": "1.84278",
            "close": "1.84054"
        },
        {
            "time": "14.12.2020 05:35",
            "open": "1.84054",
            "high": "1.84054",
            "low": "1.84054",
            "close": "1.8387"
        },
        {
            "time": "14.12.2020 05:41",
            "open": "1.8387",
            "high": "1.8387",
            "low": "1.8387",
            "close": "1.83489"
        },
        {
            "time": "14.12.2020 05:52",
            "open": "1.83489",
            "high": "1.83489",
            "low": "1.83489",
            "close": "1.8313"
        },
        {
            "time": "14.12.2020 05:54",
            "open": "1.8313",
            "high": "1.8313",
            "low": "1.82896",
            "close": "1.83453"
        },
        {
            "time": "14.12.2020 05:56",
            "open": "1.83453",
            "high": "1.83453",
            "low": "1.83453",
            "close": "1.83701"
        },
        {
            "time": "14.12.2020 05:57",
            "open": "1.83701",
            "high": "1.83701",
            "low": "1.83701",
            "close": "1.8356"
        },
        {
            "time": "14.12.2020 06:01",
            "open": "1.8356",
            "high": "1.8356",
            "low": "1.83161",
            "close": "1.8363"
        },
        {
            "time": "14.12.2020 06:48",
            "open": "1.8363",
            "high": "1.8363",
            "low": "1.8363",
            "close": "1.8347"
        },
        {
            "time": "14.12.2020 06:51",
            "open": "1.8347",
            "high": "1.8347",
            "low": "1.8347",
            "close": "1.8367"
        },
        {
            "time": "14.12.2020 06:53",
            "open": "1.8367",
            "high": "1.8367",
            "low": "1.8367",
            "close": "1.83351"
        },
        {
            "time": "14.12.2020 06:55",
            "open": "1.83351",
            "high": "1.83351",
            "low": "1.83351",
            "close": "1.84183"
        },
        {
            "time": "14.12.2020 07:02",
            "open": "1.84183",
            "high": "1.84183",
            "low": "1.84183",
            "close": "1.8395"
        },
        {
            "time": "14.12.2020 07:07",
            "open": "1.8395",
            "high": "1.8395",
            "low": "1.8395",
            "close": "1.83969"
        },
        {
            "time": "14.12.2020 07:27",
            "open": "1.83969",
            "high": "1.83969",
            "low": "1.83948",
            "close": "1.83512"
        },
        {
            "time": "14.12.2020 07:28",
            "open": "1.83512",
            "high": "1.83512",
            "low": "1.83512",
            "close": "1.833"
        },
        {
            "time": "14.12.2020 07:29",
            "open": "1.833",
            "high": "1.833",
            "low": "1.833",
            "close": "1.8303"
        },
        {
            "time": "14.12.2020 07:30",
            "open": "1.8303",
            "high": "1.8303",
            "low": "1.8303",
            "close": "1.8303"
        },
        {
            "time": "14.12.2020 07:31",
            "open": "1.8303",
            "high": "1.8303",
            "low": "1.8303",
            "close": "1.82945"
        },
        {
            "time": "14.12.2020 07:41",
            "open": "1.82945",
            "high": "1.82945",
            "low": "1.82945",
            "close": "1.82945"
        },
        {
            "time": "14.12.2020 07:42",
            "open": "1.82945",
            "high": "1.82945",
            "low": "1.82945",
            "close": "1.82522"
        },
        {
            "time": "14.12.2020 07:49",
            "open": "1.82522",
            "high": "1.82522",
            "low": "1.82522",
            "close": "1.82952"
        },
        {
            "time": "14.12.2020 08:09",
            "open": "1.82952",
            "high": "1.82952",
            "low": "1.82952",
            "close": "1.833"
        },
        {
            "time": "14.12.2020 08:10",
            "open": "1.833",
            "high": "1.83329",
            "low": "1.833",
            "close": "1.83079"
        },
        {
            "time": "14.12.2020 08:14",
            "open": "1.83079",
            "high": "1.83079",
            "low": "1.83079",
            "close": "1.8316"
        },
        {
            "time": "14.12.2020 08:20",
            "open": "1.8316",
            "high": "1.8316",
            "low": "1.8316",
            "close": "1.83082"
        },
        {
            "time": "14.12.2020 08:21",
            "open": "1.83082",
            "high": "1.83082",
            "low": "1.83082",
            "close": "1.83238"
        },
        {
            "time": "14.12.2020 08:26",
            "open": "1.83238",
            "high": "1.83238",
            "low": "1.83238",
            "close": "1.83031"
        },
        {
            "time": "14.12.2020 08:30",
            "open": "1.83031",
            "high": "1.83031",
            "low": "1.83031",
            "close": "1.83262"
        },
        {
            "time": "14.12.2020 08:40",
            "open": "1.83262",
            "high": "1.83262",
            "low": "1.83262",
            "close": "1.83333"
        },
        {
            "time": "14.12.2020 08:50",
            "open": "1.83333",
            "high": "1.83333",
            "low": "1.83333",
            "close": "1.83259"
        },
        {
            "time": "14.12.2020 09:01",
            "open": "1.83259",
            "high": "1.83326",
            "low": "1.83259",
            "close": "1.83796"
        },
        {
            "time": "14.12.2020 09:05",
            "open": "1.83796",
            "high": "1.83796",
            "low": "1.83796",
            "close": "1.8373"
        },
        {
            "time": "14.12.2020 09:07",
            "open": "1.8373",
            "high": "1.8373",
            "low": "1.8373",
            "close": "1.83796"
        },
        {
            "time": "14.12.2020 09:09",
            "open": "1.83796",
            "high": "1.83842",
            "low": "1.83796",
            "close": "1.83886"
        },
        {
            "time": "14.12.2020 09:13",
            "open": "1.83886",
            "high": "1.83886",
            "low": "1.83886",
            "close": "1.84102"
        },
        {
            "time": "14.12.2020 09:15",
            "open": "1.84102",
            "high": "1.84102",
            "low": "1.84102",
            "close": "1.83863"
        },
        {
            "time": "14.12.2020 09:20",
            "open": "1.83863",
            "high": "1.83863",
            "low": "1.83863",
            "close": "1.84081"
        },
        {
            "time": "14.12.2020 09:22",
            "open": "1.84081",
            "high": "1.84081",
            "low": "1.83609",
            "close": "1.83901"
        },
        {
            "time": "14.12.2020 09:24",
            "open": "1.83901",
            "high": "1.83902",
            "low": "1.83901",
            "close": "1.83543"
        },
        {
            "time": "14.12.2020 09:25",
            "open": "1.83543",
            "high": "1.83543",
            "low": "1.83543",
            "close": "1.83875"
        },
        {
            "time": "14.12.2020 09:27",
            "open": "1.83875",
            "high": "1.83875",
            "low": "1.83875",
            "close": "1.8366"
        },
        {
            "time": "14.12.2020 09:29",
            "open": "1.8366",
            "high": "1.8366",
            "low": "1.8366",
            "close": "1.83708"
        },
        {
            "time": "14.12.2020 09:31",
            "open": "1.83708",
            "high": "1.83708",
            "low": "1.83708",
            "close": "1.83819"
        },
        {
            "time": "14.12.2020 09:32",
            "open": "1.83819",
            "high": "1.83819",
            "low": "1.83819",
            "close": "1.8379"
        },
        {
            "time": "14.12.2020 09:33",
            "open": "1.8379",
            "high": "1.8379",
            "low": "1.8379",
            "close": "1.8399"
        },
        {
            "time": "14.12.2020 09:35",
            "open": "1.8399",
            "high": "1.8399",
            "low": "1.83697",
            "close": "1.83949"
        },
        {
            "time": "14.12.2020 09:50",
            "open": "1.83949",
            "high": "1.83949",
            "low": "1.83949",
            "close": "1.8385"
        },
        {
            "time": "14.12.2020 09:51",
            "open": "1.8385",
            "high": "1.8385",
            "low": "1.8385",
            "close": "1.8406"
        },
        {
            "time": "14.12.2020 09:58",
            "open": "1.8406",
            "high": "1.8406",
            "low": "1.8406",
            "close": "1.83835"
        },
        {
            "time": "14.12.2020 10:02",
            "open": "1.83835",
            "high": "1.83835",
            "low": "1.83835",
            "close": "1.8397"
        },
        {
            "time": "14.12.2020 10:04",
            "open": "1.8397",
            "high": "1.8397",
            "low": "1.8397",
            "close": "1.8313"
        },
        {
            "time": "14.12.2020 10:22",
            "open": "1.8313",
            "high": "1.8313",
            "low": "1.8313",
            "close": "1.83031"
        },
        {
            "time": "14.12.2020 10:24",
            "open": "1.83031",
            "high": "1.83031",
            "low": "1.82749",
            "close": "1.82671"
        },
        {
            "time": "14.12.2020 10:33",
            "open": "1.82671",
            "high": "1.82671",
            "low": "1.82451",
            "close": "1.82831"
        },
        {
            "time": "14.12.2020 10:36",
            "open": "1.82831",
            "high": "1.83116",
            "low": "1.82831",
            "close": "1.82658"
        },
        {
            "time": "14.12.2020 10:40",
            "open": "1.82658",
            "high": "1.82658",
            "low": "1.82658",
            "close": "1.82889"
        },
        {
            "time": "14.12.2020 10:43",
            "open": "1.82889",
            "high": "1.82889",
            "low": "1.82889",
            "close": "1.82979"
        },
        {
            "time": "14.12.2020 10:49",
            "open": "1.82979",
            "high": "1.83008",
            "low": "1.82979",
            "close": "1.83008"
        },
        {
            "time": "14.12.2020 10:50",
            "open": "1.83008",
            "high": "1.83008",
            "low": "1.83008",
            "close": "1.82915"
        },
        {
            "time": "14.12.2020 10:51",
            "open": "1.82915",
            "high": "1.82915",
            "low": "1.82915",
            "close": "1.8315"
        },
        {
            "time": "14.12.2020 10:53",
            "open": "1.8315",
            "high": "1.8315",
            "low": "1.8315",
            "close": "1.83253"
        },
        {
            "time": "14.12.2020 10:59",
            "open": "1.83253",
            "high": "1.83253",
            "low": "1.83253",
            "close": "1.83024"
        },
        {
            "time": "14.12.2020 11:05",
            "open": "1.83024",
            "high": "1.83024",
            "low": "1.83024",
            "close": "1.83768"
        },
        {
            "time": "14.12.2020 11:09",
            "open": "1.83768",
            "high": "1.83802",
            "low": "1.83768",
            "close": "1.8397"
        },
        {
            "time": "14.12.2020 11:12",
            "open": "1.8397",
            "high": "1.8397",
            "low": "1.8397",
            "close": "1.8369"
        },
        {
            "time": "14.12.2020 11:17",
            "open": "1.8369",
            "high": "1.8369",
            "low": "1.8369",
            "close": "1.83819"
        },
        {
            "time": "14.12.2020 11:39",
            "open": "1.83819",
            "high": "1.83819",
            "low": "1.83819",
            "close": "1.83789"
        },
        {
            "time": "14.12.2020 11:41",
            "open": "1.83789",
            "high": "1.83789",
            "low": "1.8369",
            "close": "1.834"
        },
        {
            "time": "14.12.2020 11:45",
            "open": "1.834",
            "high": "1.834",
            "low": "1.834",
            "close": "1.8198"
        },
        {
            "time": "14.12.2020 11:53",
            "open": "1.8198",
            "high": "1.8198",
            "low": "1.8198",
            "close": "1.8198"
        },
        {
            "time": "14.12.2020 11:54",
            "open": "1.8198",
            "high": "1.8198",
            "low": "1.8198",
            "close": "1.81766"
        },
        {
            "time": "14.12.2020 11:55",
            "open": "1.81766",
            "high": "1.81766",
            "low": "1.81727",
            "close": "1.8198"
        },
        {
            "time": "14.12.2020 11:56",
            "open": "1.8198",
            "high": "1.82",
            "low": "1.8198",
            "close": "1.81411"
        },
        {
            "time": "14.12.2020 11:59",
            "open": "1.81411",
            "high": "1.81411",
            "low": "1.81411",
            "close": "1.8152"
        },
        {
            "time": "14.12.2020 12:00",
            "open": "1.8152",
            "high": "1.8152",
            "low": "1.8152",
            "close": "1.81556"
        },
        {
            "time": "14.12.2020 12:01",
            "open": "1.81556",
            "high": "1.81556",
            "low": "1.81556",
            "close": "1.813"
        },
        {
            "time": "14.12.2020 12:04",
            "open": "1.813",
            "high": "1.813",
            "low": "1.813",
            "close": "1.81"
        },
        {
            "time": "14.12.2020 12:06",
            "open": "1.81",
            "high": "1.81",
            "low": "1.805",
            "close": "1.80211"
        },
        {
            "time": "14.12.2020 12:09",
            "open": "1.80211",
            "high": "1.80211",
            "low": "1.8",
            "close": "1.79804"
        },
        {
            "time": "14.12.2020 12:10",
            "open": "1.79804",
            "high": "1.79844",
            "low": "1.79804",
            "close": "1.79599"
        },
        {
            "time": "14.12.2020 12:11",
            "open": "1.79599",
            "high": "1.79599",
            "low": "1.7945",
            "close": "1.79893"
        },
        {
            "time": "14.12.2020 12:12",
            "open": "1.79893",
            "high": "1.79893",
            "low": "1.79893",
            "close": "1.79902"
        },
        {
            "time": "14.12.2020 12:13",
            "open": "1.79902",
            "high": "1.79902",
            "low": "1.79902",
            "close": "1.80151"
        },
        {
            "time": "14.12.2020 12:15",
            "open": "1.80151",
            "high": "1.80151",
            "low": "1.80151",
            "close": "1.80586"
        },
        {
            "time": "14.12.2020 12:23",
            "open": "1.80586",
            "high": "1.80586",
            "low": "1.80586",
            "close": "1.80868"
        },
        {
            "time": "14.12.2020 12:24",
            "open": "1.80868",
            "high": "1.80868",
            "low": "1.80868",
            "close": "1.81"
        },
        {
            "time": "14.12.2020 12:37",
            "open": "1.81",
            "high": "1.81016",
            "low": "1.81",
            "close": "1.81059"
        },
        {
            "time": "14.12.2020 12:38",
            "open": "1.81059",
            "high": "1.81059",
            "low": "1.80756",
            "close": "1.8099"
        },
        {
            "time": "14.12.2020 12:39",
            "open": "1.8099",
            "high": "1.8099",
            "low": "1.8099",
            "close": "1.80984"
        },
        {
            "time": "14.12.2020 12:40",
            "open": "1.80984",
            "high": "1.80984",
            "low": "1.80929",
            "close": "1.80608"
        },
        {
            "time": "14.12.2020 12:42",
            "open": "1.80608",
            "high": "1.80608",
            "low": "1.80608",
            "close": "1.80216"
        },
        {
            "time": "14.12.2020 12:43",
            "open": "1.80216",
            "high": "1.80216",
            "low": "1.80024",
            "close": "1.80062"
        },
        {
            "time": "14.12.2020 12:48",
            "open": "1.80062",
            "high": "1.80537",
            "low": "1.80062",
            "close": "1.8078"
        },
        {
            "time": "14.12.2020 12:50",
            "open": "1.8078",
            "high": "1.8078",
            "low": "1.8078",
            "close": "1.8073"
        },
        {
            "time": "14.12.2020 12:53",
            "open": "1.8073",
            "high": "1.8073",
            "low": "1.8073",
            "close": "1.8027"
        },
        {
            "time": "14.12.2020 12:55",
            "open": "1.8027",
            "high": "1.80569",
            "low": "1.8027",
            "close": "1.80714"
        },
        {
            "time": "14.12.2020 12:57",
            "open": "1.80714",
            "high": "1.80714",
            "low": "1.80714",
            "close": "1.80625"
        },
        {
            "time": "14.12.2020 12:58",
            "open": "1.80625",
            "high": "1.80625",
            "low": "1.80625",
            "close": "1.80955"
        },
        {
            "time": "14.12.2020 13:02",
            "open": "1.80955",
            "high": "1.80955",
            "low": "1.80955",
            "close": "1.81007"
        },
        {
            "time": "14.12.2020 13:03",
            "open": "1.81007",
            "high": "1.81007",
            "low": "1.81007",
            "close": "1.80926"
        },
        {
            "time": "14.12.2020 13:07",
            "open": "1.80926",
            "high": "1.80926",
            "low": "1.80926",
            "close": "1.8005"
        },
        {
            "time": "14.12.2020 13:11",
            "open": "1.8005",
            "high": "1.8005",
            "low": "1.8005",
            "close": "1.80113"
        },
        {
            "time": "14.12.2020 13:12",
            "open": "1.80113",
            "high": "1.80113",
            "low": "1.80113",
            "close": "1.79948"
        },
        {
            "time": "14.12.2020 13:18",
            "open": "1.79948",
            "high": "1.79948",
            "low": "1.79948",
            "close": "1.79921"
        },
        {
            "time": "14.12.2020 13:21",
            "open": "1.79921",
            "high": "1.79921",
            "low": "1.79921",
            "close": "1.80166"
        },
        {
            "time": "14.12.2020 13:26",
            "open": "1.80166",
            "high": "1.80166",
            "low": "1.80166",
            "close": "1.8041"
        },
        {
            "time": "14.12.2020 13:32",
            "open": "1.8041",
            "high": "1.8041",
            "low": "1.8041",
            "close": "1.80279"
        },
        {
            "time": "14.12.2020 13:33",
            "open": "1.80279",
            "high": "1.80279",
            "low": "1.79921",
            "close": "1.80187"
        },
        {
            "time": "14.12.2020 13:36",
            "open": "1.80187",
            "high": "1.80187",
            "low": "1.80134",
            "close": "1.8001"
        },
        {
            "time": "14.12.2020 13:37",
            "open": "1.8001",
            "high": "1.8001",
            "low": "1.8001",
            "close": "1.80374"
        },
        {
            "time": "14.12.2020 13:43",
            "open": "1.80374",
            "high": "1.80374",
            "low": "1.80374",
            "close": "1.80431"
        },
        {
            "time": "14.12.2020 13:45",
            "open": "1.80431",
            "high": "1.80431",
            "low": "1.80113",
            "close": "1.80153"
        },
        {
            "time": "14.12.2020 13:47",
            "open": "1.80153",
            "high": "1.80153",
            "low": "1.80153",
            "close": "1.80413"
        },
        {
            "time": "14.12.2020 13:49",
            "open": "1.80413",
            "high": "1.80413",
            "low": "1.80122",
            "close": "1.79942"
        },
        {
            "time": "14.12.2020 13:56",
            "open": "1.79942",
            "high": "1.79942",
            "low": "1.79942",
            "close": "1.80387"
        },
        {
            "time": "14.12.2020 13:58",
            "open": "1.80387",
            "high": "1.80387",
            "low": "1.80387",
            "close": "1.80298"
        },
        {
            "time": "14.12.2020 14:04",
            "open": "1.80298",
            "high": "1.80298",
            "low": "1.80298",
            "close": "1.79562"
        },
        {
            "time": "14.12.2020 14:09",
            "open": "1.79562",
            "high": "1.79562",
            "low": "1.79562",
            "close": "1.79895"
        },
        {
            "time": "14.12.2020 14:11",
            "open": "1.79895",
            "high": "1.79895",
            "low": "1.79895",
            "close": "1.7919"
        },
        {
            "time": "14.12.2020 14:19",
            "open": "1.7919",
            "high": "1.7919",
            "low": "1.7919",
            "close": "1.79302"
        },
        {
            "time": "14.12.2020 14:20",
            "open": "1.79302",
            "high": "1.79302",
            "low": "1.79302",
            "close": "1.7919"
        },
        {
            "time": "14.12.2020 14:21",
            "open": "1.7919",
            "high": "1.7919",
            "low": "1.7919",
            "close": "1.7918"
        },
        {
            "time": "14.12.2020 14:22",
            "open": "1.7918",
            "high": "1.7918",
            "low": "1.7918",
            "close": "1.79316"
        },
        {
            "time": "14.12.2020 14:24",
            "open": "1.79316",
            "high": "1.79316",
            "low": "1.79316",
            "close": "1.7935"
        },
        {
            "time": "14.12.2020 14:25",
            "open": "1.7935",
            "high": "1.7935",
            "low": "1.7935",
            "close": "1.79267"
        },
        {
            "time": "14.12.2020 14:27",
            "open": "1.79267",
            "high": "1.79267",
            "low": "1.79267",
            "close": "1.79441"
        },
        {
            "time": "14.12.2020 14:29",
            "open": "1.79441",
            "high": "1.79709",
            "low": "1.79441",
            "close": "1.79358"
        },
        {
            "time": "14.12.2020 14:32",
            "open": "1.79358",
            "high": "1.79668",
            "low": "1.79358",
            "close": "1.80599"
        },
        {
            "time": "14.12.2020 14:37",
            "open": "1.80599",
            "high": "1.80599",
            "low": "1.80599",
            "close": "1.8054"
        },
        {
            "time": "14.12.2020 14:38",
            "open": "1.8054",
            "high": "1.80739",
            "low": "1.80381",
            "close": "1.8088"
        },
        {
            "time": "14.12.2020 14:41",
            "open": "1.8088",
            "high": "1.8088",
            "low": "1.8088",
            "close": "1.81111"
        },
        {
            "time": "14.12.2020 14:45",
            "open": "1.81111",
            "high": "1.81111",
            "low": "1.81111",
            "close": "1.80944"
        },
        {
            "time": "14.12.2020 14:46",
            "open": "1.80944",
            "high": "1.80944",
            "low": "1.80919",
            "close": "1.80935"
        },
        {
            "time": "14.12.2020 14:48",
            "open": "1.80935",
            "high": "1.80937",
            "low": "1.80935",
            "close": "1.8087"
        },
        {
            "time": "14.12.2020 14:50",
            "open": "1.8087",
            "high": "1.8087",
            "low": "1.8087",
            "close": "1.8087"
        },
        {
            "time": "14.12.2020 14:51",
            "open": "1.8087",
            "high": "1.8087",
            "low": "1.8087",
            "close": "1.80612"
        },
        {
            "time": "14.12.2020 14:56",
            "open": "1.80612",
            "high": "1.80612",
            "low": "1.80612",
            "close": "1.80811"
        },
        {
            "time": "14.12.2020 14:57",
            "open": "1.80811",
            "high": "1.80811",
            "low": "1.80811",
            "close": "1.80851"
        },
        {
            "time": "14.12.2020 14:59",
            "open": "1.80851",
            "high": "1.80851",
            "low": "1.80851",
            "close": "1.80795"
        },
        {
            "time": "14.12.2020 15:00",
            "open": "1.80795",
            "high": "1.80795",
            "low": "1.80795",
            "close": "1.80443"
        },
        {
            "time": "14.12.2020 15:01",
            "open": "1.80443",
            "high": "1.80443",
            "low": "1.80443",
            "close": "1.80758"
        },
        {
            "time": "14.12.2020 15:05",
            "open": "1.80758",
            "high": "1.80789",
            "low": "1.80758",
            "close": "1.80295"
        },
        {
            "time": "14.12.2020 15:06",
            "open": "1.80295",
            "high": "1.80295",
            "low": "1.80295",
            "close": "1.80313"
        },
        {
            "time": "14.12.2020 15:07",
            "open": "1.80313",
            "high": "1.80313",
            "low": "1.80313",
            "close": "1.80341"
        },
        {
            "time": "14.12.2020 15:09",
            "open": "1.80341",
            "high": "1.80341",
            "low": "1.80341",
            "close": "1.80538"
        },
        {
            "time": "14.12.2020 15:12",
            "open": "1.80538",
            "high": "1.80539",
            "low": "1.80538",
            "close": "1.80209"
        },
        {
            "time": "14.12.2020 15:20",
            "open": "1.80209",
            "high": "1.80209",
            "low": "1.80209",
            "close": "1.8017"
        },
        {
            "time": "14.12.2020 15:24",
            "open": "1.8017",
            "high": "1.8017",
            "low": "1.8017",
            "close": "1.79729"
        },
        {
            "time": "14.12.2020 15:25",
            "open": "1.79729",
            "high": "1.79729",
            "low": "1.79729",
            "close": "1.80257"
        },
        {
            "time": "14.12.2020 15:29",
            "open": "1.80257",
            "high": "1.80257",
            "low": "1.80257",
            "close": "1.79931"
        },
        {
            "time": "14.12.2020 15:30",
            "open": "1.79931",
            "high": "1.8021",
            "low": "1.79931",
            "close": "1.79729"
        },
        {
            "time": "14.12.2020 15:32",
            "open": "1.79729",
            "high": "1.79887",
            "low": "1.79729",
            "close": "1.79881"
        },
        {
            "time": "14.12.2020 15:34",
            "open": "1.79881",
            "high": "1.79881",
            "low": "1.79881",
            "close": "1.80324"
        },
        {
            "time": "14.12.2020 15:36",
            "open": "1.80324",
            "high": "1.80326",
            "low": "1.80324",
            "close": "1.8027"
        },
        {
            "time": "14.12.2020 15:41",
            "open": "1.8027",
            "high": "1.8027",
            "low": "1.80209",
            "close": "1.80299"
        },
        {
            "time": "14.12.2020 15:43",
            "open": "1.80299",
            "high": "1.80326",
            "low": "1.79996",
            "close": "1.80259"
        },
        {
            "time": "14.12.2020 15:44",
            "open": "1.80259",
            "high": "1.80259",
            "low": "1.80259",
            "close": "1.79996"
        },
        {
            "time": "14.12.2020 15:45",
            "open": "1.79996",
            "high": "1.80191",
            "low": "1.79996",
            "close": "1.80434"
        },
        {
            "time": "14.12.2020 15:46",
            "open": "1.80434",
            "high": "1.80434",
            "low": "1.80434",
            "close": "1.80271"
        },
        {
            "time": "14.12.2020 15:48",
            "open": "1.80271",
            "high": "1.80271",
            "low": "1.80271",
            "close": "1.80362"
        },
        {
            "time": "14.12.2020 15:50",
            "open": "1.80362",
            "high": "1.80362",
            "low": "1.80362",
            "close": "1.80979"
        },
        {
            "time": "14.12.2020 15:51",
            "open": "1.80979",
            "high": "1.81109",
            "low": "1.80979",
            "close": "1.80732"
        },
        {
            "time": "14.12.2020 15:52",
            "open": "1.80732",
            "high": "1.81079",
            "low": "1.80732",
            "close": "1.8088"
        },
        {
            "time": "14.12.2020 15:53",
            "open": "1.8088",
            "high": "1.8088",
            "low": "1.8088",
            "close": "1.80591"
        },
        {
            "time": "14.12.2020 15:55",
            "open": "1.80591",
            "high": "1.80591",
            "low": "1.80591",
            "close": "1.80431"
        },
        {
            "time": "14.12.2020 15:56",
            "open": "1.80431",
            "high": "1.80431",
            "low": "1.80431",
            "close": "1.80486"
        },
        {
            "time": "14.12.2020 16:00",
            "open": "1.80486",
            "high": "1.80486",
            "low": "1.80486",
            "close": "1.80768"
        },
        {
            "time": "14.12.2020 16:03",
            "open": "1.80768",
            "high": "1.80768",
            "low": "1.80768",
            "close": "1.80988"
        },
        {
            "time": "14.12.2020 16:04",
            "open": "1.80988",
            "high": "1.80988",
            "low": "1.80988",
            "close": "1.81663"
        },
        {
            "time": "14.12.2020 16:05",
            "open": "1.81663",
            "high": "1.81706",
            "low": "1.81663",
            "close": "1.81819"
        },
        {
            "time": "14.12.2020 16:06",
            "open": "1.81819",
            "high": "1.82051",
            "low": "1.81819",
            "close": "1.8182"
        },
        {
            "time": "14.12.2020 16:07",
            "open": "1.8182",
            "high": "1.8182",
            "low": "1.8182",
            "close": "1.82499"
        },
        {
            "time": "14.12.2020 16:08",
            "open": "1.82499",
            "high": "1.82499",
            "low": "1.82452",
            "close": "1.81992"
        },
        {
            "time": "14.12.2020 16:09",
            "open": "1.81992",
            "high": "1.82455",
            "low": "1.81992",
            "close": "1.8217"
        },
        {
            "time": "14.12.2020 16:10",
            "open": "1.8217",
            "high": "1.8217",
            "low": "1.8217",
            "close": "1.82813"
        },
        {
            "time": "14.12.2020 16:11",
            "open": "1.82813",
            "high": "1.82813",
            "low": "1.82813",
            "close": "1.82414"
        },
        {
            "time": "14.12.2020 16:28",
            "open": "1.82414",
            "high": "1.82414",
            "low": "1.82414",
            "close": "1.82583"
        },
        {
            "time": "14.12.2020 16:29",
            "open": "1.82583",
            "high": "1.8272",
            "low": "1.82583",
            "close": "1.83156"
        },
        {
            "time": "14.12.2020 16:33",
            "open": "1.83156",
            "high": "1.83156",
            "low": "1.83042",
            "close": "1.82538"
        },
        {
            "time": "14.12.2020 16:37",
            "open": "1.82538",
            "high": "1.82538",
            "low": "1.82538",
            "close": "1.82624"
        },
        {
            "time": "14.12.2020 16:39",
            "open": "1.82624",
            "high": "1.82624",
            "low": "1.82624",
            "close": "1.82614"
        },
        {
            "time": "14.12.2020 16:40",
            "open": "1.82614",
            "high": "1.82614",
            "low": "1.82614",
            "close": "1.82555"
        },
        {
            "time": "14.12.2020 16:44",
            "open": "1.82555",
            "high": "1.82557",
            "low": "1.82555",
            "close": "1.82477"
        },
        {
            "time": "14.12.2020 16:45",
            "open": "1.82477",
            "high": "1.82477",
            "low": "1.82477",
            "close": "1.82516"
        },
        {
            "time": "14.12.2020 16:48",
            "open": "1.82516",
            "high": "1.82516",
            "low": "1.82516",
            "close": "1.82151"
        },
        {
            "time": "14.12.2020 16:49",
            "open": "1.82151",
            "high": "1.82449",
            "low": "1.82151",
            "close": "1.82078"
        },
        {
            "time": "14.12.2020 16:50",
            "open": "1.82078",
            "high": "1.82078",
            "low": "1.82078",
            "close": "1.82136"
        },
        {
            "time": "14.12.2020 16:51",
            "open": "1.82136",
            "high": "1.82136",
            "low": "1.8188",
            "close": "1.82266"
        },
        {
            "time": "14.12.2020 16:53",
            "open": "1.82266",
            "high": "1.82266",
            "low": "1.82266",
            "close": "1.82266"
        },
        {
            "time": "14.12.2020 16:56",
            "open": "1.82266",
            "high": "1.82266",
            "low": "1.82201",
            "close": "1.82586"
        },
        {
            "time": "14.12.2020 16:57",
            "open": "1.82586",
            "high": "1.8259",
            "low": "1.82586",
            "close": "1.82385"
        },
        {
            "time": "14.12.2020 16:58",
            "open": "1.82385",
            "high": "1.82798",
            "low": "1.82385",
            "close": "1.8249"
        },
        {
            "time": "14.12.2020 16:59",
            "open": "1.8249",
            "high": "1.8249",
            "low": "1.8249",
            "close": "1.8249"
        },
        {
            "time": "14.12.2020 17:00",
            "open": "1.8249",
            "high": "1.8249",
            "low": "1.8234",
            "close": "1.82389"
        },
        {
            "time": "14.12.2020 17:02",
            "open": "1.82389",
            "high": "1.82831",
            "low": "1.82389",
            "close": "1.8186"
        },
        {
            "time": "14.12.2020 17:08",
            "open": "1.8186",
            "high": "1.8186",
            "low": "1.8186",
            "close": "1.8128"
        },
        {
            "time": "14.12.2020 17:10",
            "open": "1.8128",
            "high": "1.81339",
            "low": "1.80906",
            "close": "1.81184"
        },
        {
            "time": "14.12.2020 17:11",
            "open": "1.81184",
            "high": "1.81673",
            "low": "1.81184",
            "close": "1.81517"
        },
        {
            "time": "14.12.2020 17:12",
            "open": "1.81517",
            "high": "1.81517",
            "low": "1.81517",
            "close": "1.81414"
        },
        {
            "time": "14.12.2020 17:15",
            "open": "1.81414",
            "high": "1.81468",
            "low": "1.81414",
            "close": "1.81146"
        },
        {
            "time": "14.12.2020 17:16",
            "open": "1.81146",
            "high": "1.81146",
            "low": "1.81146",
            "close": "1.80676"
        },
        {
            "time": "14.12.2020 17:17",
            "open": "1.80676",
            "high": "1.80676",
            "low": "1.80516",
            "close": "1.81226"
        },
        {
            "time": "14.12.2020 17:20",
            "open": "1.81226",
            "high": "1.8136",
            "low": "1.81226",
            "close": "1.81066"
        },
        {
            "time": "14.12.2020 17:26",
            "open": "1.81066",
            "high": "1.81066",
            "low": "1.81066",
            "close": "1.8142"
        },
        {
            "time": "14.12.2020 17:31",
            "open": "1.8142",
            "high": "1.8142",
            "low": "1.8142",
            "close": "1.8148"
        },
        {
            "time": "14.12.2020 17:35",
            "open": "1.8148",
            "high": "1.8174",
            "low": "1.8148",
            "close": "1.81899"
        },
        {
            "time": "14.12.2020 17:36",
            "open": "1.81899",
            "high": "1.81899",
            "low": "1.81899",
            "close": "1.81439"
        },
        {
            "time": "14.12.2020 17:40",
            "open": "1.81439",
            "high": "1.81439",
            "low": "1.81439",
            "close": "1.81153"
        },
        {
            "time": "14.12.2020 17:41",
            "open": "1.81153",
            "high": "1.81153",
            "low": "1.81153",
            "close": "1.8134"
        },
        {
            "time": "14.12.2020 17:43",
            "open": "1.8134",
            "high": "1.8134",
            "low": "1.8134",
            "close": "1.81229"
        },
        {
            "time": "14.12.2020 17:45",
            "open": "1.81229",
            "high": "1.81229",
            "low": "1.81229",
            "close": "1.81719"
        },
        {
            "time": "14.12.2020 17:48",
            "open": "1.81719",
            "high": "1.81719",
            "low": "1.81719",
            "close": "1.8163"
        },
        {
            "time": "14.12.2020 17:50",
            "open": "1.8163",
            "high": "1.8163",
            "low": "1.8163",
            "close": "1.8179"
        },
        {
            "time": "14.12.2020 17:53",
            "open": "1.8179",
            "high": "1.8179",
            "low": "1.8179",
            "close": "1.8182"
        },
        {
            "time": "14.12.2020 17:54",
            "open": "1.8182",
            "high": "1.8182",
            "low": "1.8182",
            "close": "1.81515"
        },
        {
            "time": "14.12.2020 17:55",
            "open": "1.81515",
            "high": "1.81515",
            "low": "1.81515",
            "close": "1.8191"
        },
        {
            "time": "14.12.2020 18:02",
            "open": "1.8191",
            "high": "1.8191",
            "low": "1.81584",
            "close": "1.81584"
        },
        {
            "time": "14.12.2020 18:03",
            "open": "1.81584",
            "high": "1.81584",
            "low": "1.81584",
            "close": "1.8103"
        },
        {
            "time": "14.12.2020 18:05",
            "open": "1.8103",
            "high": "1.8103",
            "low": "1.8103",
            "close": "1.812"
        },
        {
            "time": "14.12.2020 18:06",
            "open": "1.812",
            "high": "1.81282",
            "low": "1.812",
            "close": "1.8158"
        },
        {
            "time": "14.12.2020 18:10",
            "open": "1.8158",
            "high": "1.8158",
            "low": "1.8158",
            "close": "1.8154"
        },
        {
            "time": "14.12.2020 18:12",
            "open": "1.8154",
            "high": "1.8154",
            "low": "1.8154",
            "close": "1.8161"
        },
        {
            "time": "14.12.2020 18:15",
            "open": "1.8161",
            "high": "1.8161",
            "low": "1.8161",
            "close": "1.8152"
        },
        {
            "time": "14.12.2020 18:27",
            "open": "1.8152",
            "high": "1.8152",
            "low": "1.8152",
            "close": "1.8151"
        },
        {
            "time": "14.12.2020 18:39",
            "open": "1.8151",
            "high": "1.81792",
            "low": "1.8151",
            "close": "1.81732"
        },
        {
            "time": "14.12.2020 18:41",
            "open": "1.81732",
            "high": "1.8192",
            "low": "1.81732",
            "close": "1.81819"
        },
        {
            "time": "14.12.2020 18:50",
            "open": "1.81819",
            "high": "1.81819",
            "low": "1.81819",
            "close": "1.81819"
        },
        {
            "time": "14.12.2020 18:51",
            "open": "1.81819",
            "high": "1.81819",
            "low": "1.81819",
            "close": "1.81818"
        },
        {
            "time": "14.12.2020 18:52",
            "open": "1.81818",
            "high": "1.81818",
            "low": "1.81818",
            "close": "1.81698"
        },
        {
            "time": "14.12.2020 18:55",
            "open": "1.81698",
            "high": "1.81704",
            "low": "1.81693",
            "close": "1.81693"
        },
        {
            "time": "14.12.2020 18:56",
            "open": "1.81693",
            "high": "1.81819",
            "low": "1.81693",
            "close": "1.8189"
        },
        {
            "time": "14.12.2020 18:57",
            "open": "1.8189",
            "high": "1.8189",
            "low": "1.8189",
            "close": "1.81824"
        },
        {
            "time": "14.12.2020 18:58",
            "open": "1.81824",
            "high": "1.81824",
            "low": "1.81813",
            "close": "1.8225"
        },
        {
            "time": "14.12.2020 19:00",
            "open": "1.8225",
            "high": "1.8225",
            "low": "1.8225",
            "close": "1.82339"
        },
        {
            "time": "14.12.2020 19:01",
            "open": "1.82339",
            "high": "1.8234",
            "low": "1.82339",
            "close": "1.8234"
        },
        {
            "time": "14.12.2020 19:02",
            "open": "1.8234",
            "high": "1.8234",
            "low": "1.8234",
            "close": "1.82693"
        },
        {
            "time": "14.12.2020 19:04",
            "open": "1.82693",
            "high": "1.82694",
            "low": "1.82545",
            "close": "1.82469"
        },
        {
            "time": "14.12.2020 19:07",
            "open": "1.82469",
            "high": "1.8247",
            "low": "1.82469",
            "close": "1.82996"
        },
        {
            "time": "14.12.2020 19:12",
            "open": "1.82996",
            "high": "1.82996",
            "low": "1.82996",
            "close": "1.83"
        },
        {
            "time": "14.12.2020 19:14",
            "open": "1.83",
            "high": "1.83",
            "low": "1.83",
            "close": "1.83835"
        },
        {
            "time": "14.12.2020 19:19",
            "open": "1.83835",
            "high": "1.83835",
            "low": "1.83835",
            "close": "1.83823"
        },
        {
            "time": "14.12.2020 19:32",
            "open": "1.83823",
            "high": "1.83823",
            "low": "1.83823",
            "close": "1.8397"
        },
        {
            "time": "14.12.2020 19:33",
            "open": "1.8397",
            "high": "1.84",
            "low": "1.8397",
            "close": "1.84138"
        },
        {
            "time": "14.12.2020 19:40",
            "open": "1.84138",
            "high": "1.8414",
            "low": "1.84138",
            "close": "1.83842"
        },
        {
            "time": "14.12.2020 19:43",
            "open": "1.83842",
            "high": "1.83842",
            "low": "1.83842",
            "close": "1.83461"
        },
        {
            "time": "14.12.2020 19:47",
            "open": "1.83461",
            "high": "1.83461",
            "low": "1.83461",
            "close": "1.83767"
        },
        {
            "time": "14.12.2020 19:51",
            "open": "1.83767",
            "high": "1.83798",
            "low": "1.83767",
            "close": "1.83692"
        },
        {
            "time": "14.12.2020 19:52",
            "open": "1.83692",
            "high": "1.83692",
            "low": "1.83451",
            "close": "1.83431"
        },
        {
            "time": "14.12.2020 19:53",
            "open": "1.83431",
            "high": "1.83459",
            "low": "1.83431",
            "close": "1.83568"
        },
        {
            "time": "14.12.2020 19:58",
            "open": "1.83568",
            "high": "1.8357",
            "low": "1.83568",
            "close": "1.8358"
        },
        {
            "time": "14.12.2020 20:29",
            "open": "1.8358",
            "high": "1.8358",
            "low": "1.8358",
            "close": "1.83224"
        },
        {
            "time": "14.12.2020 20:31",
            "open": "1.83224",
            "high": "1.83224",
            "low": "1.83224",
            "close": "1.83224"
        },
        {
            "time": "14.12.2020 20:33",
            "open": "1.83224",
            "high": "1.83224",
            "low": "1.83224",
            "close": "1.83224"
        },
        {
            "time": "14.12.2020 20:34",
            "open": "1.83224",
            "high": "1.83224",
            "low": "1.83224",
            "close": "1.83409"
        },
        {
            "time": "14.12.2020 20:41",
            "open": "1.83409",
            "high": "1.83409",
            "low": "1.83409",
            "close": "1.83106"
        },
        {
            "time": "14.12.2020 20:42",
            "open": "1.83106",
            "high": "1.83109",
            "low": "1.83106",
            "close": "1.83646"
        },
        {
            "time": "14.12.2020 20:44",
            "open": "1.83646",
            "high": "1.83646",
            "low": "1.83646",
            "close": "1.83446"
        },
        {
            "time": "14.12.2020 20:48",
            "open": "1.83446",
            "high": "1.83446",
            "low": "1.83071",
            "close": "1.83477"
        },
        {
            "time": "14.12.2020 20:52",
            "open": "1.83477",
            "high": "1.836",
            "low": "1.83477",
            "close": "1.83231"
        },
        {
            "time": "14.12.2020 20:53",
            "open": "1.83231",
            "high": "1.83231",
            "low": "1.83231",
            "close": "1.8364"
        },
        {
            "time": "14.12.2020 20:54",
            "open": "1.8364",
            "high": "1.8364",
            "low": "1.8364",
            "close": "1.83205"
        },
        {
            "time": "14.12.2020 20:57",
            "open": "1.83205",
            "high": "1.83205",
            "low": "1.83205",
            "close": "1.83918"
        },
        {
            "time": "14.12.2020 21:02",
            "open": "1.83918",
            "high": "1.8392",
            "low": "1.83918",
            "close": "1.8373"
        },
        {
            "time": "14.12.2020 21:06",
            "open": "1.8373",
            "high": "1.8373",
            "low": "1.8373",
            "close": "1.83921"
        },
        {
            "time": "14.12.2020 21:10",
            "open": "1.83921",
            "high": "1.83921",
            "low": "1.83921",
            "close": "1.84121"
        },
        {
            "time": "14.12.2020 21:12",
            "open": "1.84121",
            "high": "1.84121",
            "low": "1.84121",
            "close": "1.8409"
        },
        {
            "time": "14.12.2020 21:17",
            "open": "1.8409",
            "high": "1.8409",
            "low": "1.8409",
            "close": "1.8395"
        },
        {
            "time": "14.12.2020 21:21",
            "open": "1.8395",
            "high": "1.8395",
            "low": "1.83518",
            "close": "1.836"
        },
        {
            "time": "14.12.2020 21:23",
            "open": "1.836",
            "high": "1.836",
            "low": "1.836",
            "close": "1.83203"
        },
        {
            "time": "14.12.2020 21:24",
            "open": "1.83203",
            "high": "1.83203",
            "low": "1.83203",
            "close": "1.8314"
        },
        {
            "time": "14.12.2020 21:26",
            "open": "1.8314",
            "high": "1.8314",
            "low": "1.8314",
            "close": "1.82909"
        },
        {
            "time": "14.12.2020 21:28",
            "open": "1.82909",
            "high": "1.82909",
            "low": "1.82909",
            "close": "1.8359"
        },
        {
            "time": "14.12.2020 21:35",
            "open": "1.8359",
            "high": "1.8359",
            "low": "1.8359",
            "close": "1.83559"
        },
        {
            "time": "14.12.2020 21:38",
            "open": "1.83559",
            "high": "1.83559",
            "low": "1.83559",
            "close": "1.83587"
        },
        {
            "time": "14.12.2020 21:40",
            "open": "1.83587",
            "high": "1.83587",
            "low": "1.83587",
            "close": "1.83821"
        },
        {
            "time": "14.12.2020 21:49",
            "open": "1.83821",
            "high": "1.83821",
            "low": "1.83821",
            "close": "1.83729"
        },
        {
            "time": "14.12.2020 21:51",
            "open": "1.83729",
            "high": "1.83729",
            "low": "1.83729",
            "close": "1.83811"
        },
        {
            "time": "14.12.2020 21:54",
            "open": "1.83811",
            "high": "1.83811",
            "low": "1.83811",
            "close": "1.83842"
        },
        {
            "time": "14.12.2020 21:59",
            "open": "1.83842",
            "high": "1.83842",
            "low": "1.83842",
            "close": "1.8328"
        },
        {
            "time": "14.12.2020 22:04",
            "open": "1.8328",
            "high": "1.8328",
            "low": "1.8328",
            "close": "1.83671"
        },
        {
            "time": "14.12.2020 22:07",
            "open": "1.83671",
            "high": "1.83671",
            "low": "1.83671",
            "close": "1.83711"
        },
        {
            "time": "14.12.2020 22:09",
            "open": "1.83711",
            "high": "1.83711",
            "low": "1.83711",
            "close": "1.83334"
        },
        {
            "time": "14.12.2020 22:12",
            "open": "1.83334",
            "high": "1.83334",
            "low": "1.83334",
            "close": "1.83463"
        },
        {
            "time": "14.12.2020 22:14",
            "open": "1.83463",
            "high": "1.83463",
            "low": "1.83463",
            "close": "1.8313"
        },
        {
            "time": "14.12.2020 22:15",
            "open": "1.8313",
            "high": "1.8347",
            "low": "1.8313",
            "close": "1.83121"
        },
        {
            "time": "14.12.2020 22:19",
            "open": "1.83121",
            "high": "1.83128",
            "low": "1.83121",
            "close": "1.8324"
        },
        {
            "time": "14.12.2020 22:26",
            "open": "1.8324",
            "high": "1.8324",
            "low": "1.82881",
            "close": "1.8297"
        },
        {
            "time": "14.12.2020 22:27",
            "open": "1.8297",
            "high": "1.8297",
            "low": "1.8297",
            "close": "1.8268"
        },
        {
            "time": "14.12.2020 22:28",
            "open": "1.8268",
            "high": "1.8268",
            "low": "1.8268",
            "close": "1.8302"
        },
        {
            "time": "14.12.2020 22:29",
            "open": "1.8302",
            "high": "1.8302",
            "low": "1.8302",
            "close": "1.83418"
        },
        {
            "time": "14.12.2020 22:37",
            "open": "1.83418",
            "high": "1.83418",
            "low": "1.83418",
            "close": "1.8341"
        },
        {
            "time": "14.12.2020 22:38",
            "open": "1.8341",
            "high": "1.8341",
            "low": "1.8341",
            "close": "1.83124"
        },
        {
            "time": "14.12.2020 22:39",
            "open": "1.83124",
            "high": "1.83124",
            "low": "1.83124",
            "close": "1.83124"
        },
        {
            "time": "14.12.2020 22:40",
            "open": "1.83124",
            "high": "1.83124",
            "low": "1.83124",
            "close": "1.83078"
        },
        {
            "time": "14.12.2020 22:43",
            "open": "1.83078",
            "high": "1.83078",
            "low": "1.82721",
            "close": "1.83022"
        },
        {
            "time": "14.12.2020 22:47",
            "open": "1.83022",
            "high": "1.83022",
            "low": "1.83022",
            "close": "1.83075"
        },
        {
            "time": "14.12.2020 22:48",
            "open": "1.83075",
            "high": "1.83075",
            "low": "1.83075",
            "close": "1.83095"
        },
        {
            "time": "14.12.2020 22:51",
            "open": "1.83095",
            "high": "1.83095",
            "low": "1.83095",
            "close": "1.8303"
        },
        {
            "time": "14.12.2020 22:53",
            "open": "1.8303",
            "high": "1.8303",
            "low": "1.8303",
            "close": "1.82996"
        },
        {
            "time": "14.12.2020 22:55",
            "open": "1.82996",
            "high": "1.83244",
            "low": "1.82996",
            "close": "1.829"
        },
        {
            "time": "14.12.2020 22:56",
            "open": "1.829",
            "high": "1.829",
            "low": "1.829",
            "close": "1.83059"
        },
        {
            "time": "14.12.2020 22:57",
            "open": "1.83059",
            "high": "1.83059",
            "low": "1.83059",
            "close": "1.83239"
        },
        {
            "time": "14.12.2020 22:58",
            "open": "1.83239",
            "high": "1.83239",
            "low": "1.83239",
            "close": "1.83"
        },
        {
            "time": "14.12.2020 22:59",
            "open": "1.83",
            "high": "1.83",
            "low": "1.83",
            "close": "1.83243"
        },
        {
            "time": "14.12.2020 23:00",
            "open": "1.83243",
            "high": "1.83243",
            "low": "1.83243",
            "close": "1.82891"
        },
        {
            "time": "14.12.2020 23:01",
            "open": "1.82891",
            "high": "1.82891",
            "low": "1.82891",
            "close": "1.83413"
        },
        {
            "time": "14.12.2020 23:05",
            "open": "1.83413",
            "high": "1.83413",
            "low": "1.83413",
            "close": "1.83443"
        },
        {
            "time": "14.12.2020 23:06",
            "open": "1.83443",
            "high": "1.83443",
            "low": "1.83443",
            "close": "1.8315"
        },
        {
            "time": "14.12.2020 23:09",
            "open": "1.8315",
            "high": "1.8315",
            "low": "1.8315",
            "close": "1.83294"
        },
        {
            "time": "14.12.2020 23:14",
            "open": "1.83294",
            "high": "1.83294",
            "low": "1.8301",
            "close": "1.83013"
        },
        {
            "time": "14.12.2020 23:15",
            "open": "1.83013",
            "high": "1.83013",
            "low": "1.83013",
            "close": "1.83145"
        },
        {
            "time": "14.12.2020 23:21",
            "open": "1.83145",
            "high": "1.83145",
            "low": "1.83145",
            "close": "1.83558"
        },
        {
            "time": "14.12.2020 23:24",
            "open": "1.83558",
            "high": "1.83558",
            "low": "1.83558",
            "close": "1.8354"
        },
        {
            "time": "14.12.2020 23:27",
            "open": "1.8354",
            "high": "1.8354",
            "low": "1.8354",
            "close": "1.8354"
        },
        {
            "time": "14.12.2020 23:28",
            "open": "1.8354",
            "high": "1.8354",
            "low": "1.8354",
            "close": "1.84"
        },
        {
            "time": "14.12.2020 23:29",
            "open": "1.84",
            "high": "1.84",
            "low": "1.84",
            "close": "1.84097"
        },
        {
            "time": "14.12.2020 23:30",
            "open": "1.84097",
            "high": "1.84097",
            "low": "1.84097",
            "close": "1.83952"
        },
        {
            "time": "14.12.2020 23:38",
            "open": "1.83952",
            "high": "1.83952",
            "low": "1.83952",
            "close": "1.84133"
        },
        {
            "time": "14.12.2020 23:39",
            "open": "1.84133",
            "high": "1.84133",
            "low": "1.84133",
            "close": "1.83858"
        },
        {
            "time": "14.12.2020 23:40",
            "open": "1.83858",
            "high": "1.8387",
            "low": "1.83858",
            "close": "1.84109"
        },
        {
            "time": "14.12.2020 23:43",
            "open": "1.84109",
            "high": "1.84109",
            "low": "1.84109",
            "close": "1.83829"
        },
        {
            "time": "14.12.2020 23:45",
            "open": "1.83829",
            "high": "1.83829",
            "low": "1.83829",
            "close": "1.8372"
        },
        {
            "time": "14.12.2020 23:49",
            "open": "1.8372",
            "high": "1.8372",
            "low": "1.8372",
            "close": "1.83419"
        },
        {
            "time": "14.12.2020 23:53",
            "open": "1.83419",
            "high": "1.83661",
            "low": "1.83419",
            "close": "1.8369"
        },
        {
            "time": "14.12.2020 23:54",
            "open": "1.8369",
            "high": "1.8369",
            "low": "1.8369",
            "close": "1.83737"
        }
    ]
}