{
    "XTZ-EUR": [
        {
            "time": "10.11.2020 23:58",
            "open": "1.84909",
            "high": "1.84909",
            "low": "1.84867",
            "close": "1.8475"
        },
        {
            "time": "11.11.2020 00:03",
            "open": "1.8475",
            "high": "1.8475",
            "low": "1.8475",
            "close": "1.84457"
        },
        {
            "time": "11.11.2020 00:04",
            "open": "1.84457",
            "high": "1.84458",
            "low": "1.83925",
            "close": "1.8437"
        },
        {
            "time": "11.11.2020 00:07",
            "open": "1.8437",
            "high": "1.8437",
            "low": "1.83763",
            "close": "1.83763"
        },
        {
            "time": "11.11.2020 00:08",
            "open": "1.83763",
            "high": "1.83763",
            "low": "1.83414",
            "close": "1.83947"
        },
        {
            "time": "11.11.2020 00:09",
            "open": "1.83947",
            "high": "1.83996",
            "low": "1.83947",
            "close": "1.83517"
        },
        {
            "time": "11.11.2020 00:10",
            "open": "1.83517",
            "high": "1.83518",
            "low": "1.83517",
            "close": "1.82982"
        },
        {
            "time": "11.11.2020 00:13",
            "open": "1.82982",
            "high": "1.82982",
            "low": "1.82982",
            "close": "1.82698"
        },
        {
            "time": "11.11.2020 00:16",
            "open": "1.82698",
            "high": "1.82698",
            "low": "1.82698",
            "close": "1.826"
        },
        {
            "time": "11.11.2020 00:18",
            "open": "1.826",
            "high": "1.826",
            "low": "1.826",
            "close": "1.82482"
        },
        {
            "time": "11.11.2020 00:19",
            "open": "1.82482",
            "high": "1.82482",
            "low": "1.82482",
            "close": "1.82588"
        },
        {
            "time": "11.11.2020 00:20",
            "open": "1.82588",
            "high": "1.82588",
            "low": "1.82588",
            "close": "1.82691"
        },
        {
            "time": "11.11.2020 00:21",
            "open": "1.82691",
            "high": "1.82691",
            "low": "1.8237",
            "close": "1.82997"
        },
        {
            "time": "11.11.2020 00:23",
            "open": "1.82997",
            "high": "1.82999",
            "low": "1.82997",
            "close": "1.82948"
        },
        {
            "time": "11.11.2020 00:29",
            "open": "1.82948",
            "high": "1.82948",
            "low": "1.82948",
            "close": "1.82918"
        },
        {
            "time": "11.11.2020 00:31",
            "open": "1.82918",
            "high": "1.8292",
            "low": "1.82918",
            "close": "1.82609"
        },
        {
            "time": "11.11.2020 00:34",
            "open": "1.82609",
            "high": "1.82609",
            "low": "1.82609",
            "close": "1.82091"
        },
        {
            "time": "11.11.2020 00:35",
            "open": "1.82091",
            "high": "1.82091",
            "low": "1.82091",
            "close": "1.82204"
        },
        {
            "time": "11.11.2020 00:37",
            "open": "1.82204",
            "high": "1.82204",
            "low": "1.82204",
            "close": "1.8276"
        },
        {
            "time": "11.11.2020 00:38",
            "open": "1.8276",
            "high": "1.8283",
            "low": "1.8275",
            "close": "1.82497"
        },
        {
            "time": "11.11.2020 00:39",
            "open": "1.82497",
            "high": "1.8264",
            "low": "1.82497",
            "close": "1.8205"
        },
        {
            "time": "11.11.2020 00:44",
            "open": "1.8205",
            "high": "1.8205",
            "low": "1.8205",
            "close": "1.8211"
        },
        {
            "time": "11.11.2020 00:45",
            "open": "1.8211",
            "high": "1.82226",
            "low": "1.8211",
            "close": "1.8194"
        },
        {
            "time": "11.11.2020 00:48",
            "open": "1.8194",
            "high": "1.8194",
            "low": "1.8194",
            "close": "1.82163"
        },
        {
            "time": "11.11.2020 00:51",
            "open": "1.82163",
            "high": "1.82249",
            "low": "1.82162",
            "close": "1.82041"
        },
        {
            "time": "11.11.2020 00:55",
            "open": "1.82041",
            "high": "1.82041",
            "low": "1.82041",
            "close": "1.82096"
        },
        {
            "time": "11.11.2020 00:56",
            "open": "1.82096",
            "high": "1.82096",
            "low": "1.82096",
            "close": "1.82192"
        },
        {
            "time": "11.11.2020 00:58",
            "open": "1.82192",
            "high": "1.82192",
            "low": "1.82192",
            "close": "1.82278"
        },
        {
            "time": "11.11.2020 01:00",
            "open": "1.82278",
            "high": "1.82278",
            "low": "1.82278",
            "close": "1.8257"
        },
        {
            "time": "11.11.2020 01:01",
            "open": "1.8257",
            "high": "1.82679",
            "low": "1.8257",
            "close": "1.82279"
        },
        {
            "time": "11.11.2020 01:03",
            "open": "1.82279",
            "high": "1.82279",
            "low": "1.82279",
            "close": "1.82219"
        },
        {
            "time": "11.11.2020 01:04",
            "open": "1.82219",
            "high": "1.82562",
            "low": "1.82219",
            "close": "1.82413"
        },
        {
            "time": "11.11.2020 01:05",
            "open": "1.82413",
            "high": "1.82413",
            "low": "1.81959",
            "close": "1.81833"
        },
        {
            "time": "11.11.2020 01:06",
            "open": "1.81833",
            "high": "1.81833",
            "low": "1.81833",
            "close": "1.81567"
        },
        {
            "time": "11.11.2020 01:07",
            "open": "1.81567",
            "high": "1.8235",
            "low": "1.8153",
            "close": "1.82562"
        },
        {
            "time": "11.11.2020 01:08",
            "open": "1.82562",
            "high": "1.82562",
            "low": "1.82562",
            "close": "1.82739"
        },
        {
            "time": "11.11.2020 01:09",
            "open": "1.82739",
            "high": "1.82762",
            "low": "1.82739",
            "close": "1.8303"
        },
        {
            "time": "11.11.2020 01:11",
            "open": "1.8303",
            "high": "1.8303",
            "low": "1.8303",
            "close": "1.82813"
        },
        {
            "time": "11.11.2020 01:13",
            "open": "1.82813",
            "high": "1.82813",
            "low": "1.82813",
            "close": "1.83532"
        },
        {
            "time": "11.11.2020 01:15",
            "open": "1.83532",
            "high": "1.83532",
            "low": "1.83532",
            "close": "1.8365"
        },
        {
            "time": "11.11.2020 01:17",
            "open": "1.8365",
            "high": "1.8365",
            "low": "1.8365",
            "close": "1.8473"
        },
        {
            "time": "11.11.2020 01:28",
            "open": "1.8473",
            "high": "1.84851",
            "low": "1.8473",
            "close": "1.8442"
        },
        {
            "time": "11.11.2020 01:29",
            "open": "1.8442",
            "high": "1.8442",
            "low": "1.8442",
            "close": "1.84641"
        },
        {
            "time": "11.11.2020 01:30",
            "open": "1.84641",
            "high": "1.84641",
            "low": "1.84641",
            "close": "1.8482"
        },
        {
            "time": "11.11.2020 01:31",
            "open": "1.8482",
            "high": "1.84838",
            "low": "1.8482",
            "close": "1.85248"
        },
        {
            "time": "11.11.2020 01:34",
            "open": "1.85248",
            "high": "1.85248",
            "low": "1.84776",
            "close": "1.84846"
        },
        {
            "time": "11.11.2020 01:36",
            "open": "1.84846",
            "high": "1.84846",
            "low": "1.84846",
            "close": "1.85145"
        },
        {
            "time": "11.11.2020 01:41",
            "open": "1.85145",
            "high": "1.85145",
            "low": "1.85051",
            "close": "1.85275"
        },
        {
            "time": "11.11.2020 01:43",
            "open": "1.85275",
            "high": "1.85275",
            "low": "1.85275",
            "close": "1.85503"
        },
        {
            "time": "11.11.2020 01:44",
            "open": "1.85503",
            "high": "1.85503",
            "low": "1.85503",
            "close": "1.84892"
        },
        {
            "time": "11.11.2020 01:49",
            "open": "1.84892",
            "high": "1.85",
            "low": "1.84817",
            "close": "1.8522"
        },
        {
            "time": "11.11.2020 01:53",
            "open": "1.8522",
            "high": "1.8522",
            "low": "1.8522",
            "close": "1.85055"
        },
        {
            "time": "11.11.2020 01:55",
            "open": "1.85055",
            "high": "1.85331",
            "low": "1.85042",
            "close": "1.84925"
        },
        {
            "time": "11.11.2020 01:56",
            "open": "1.84925",
            "high": "1.84925",
            "low": "1.84915",
            "close": "1.84988"
        },
        {
            "time": "11.11.2020 01:59",
            "open": "1.84988",
            "high": "1.84988",
            "low": "1.84774",
            "close": "1.85118"
        },
        {
            "time": "11.11.2020 02:00",
            "open": "1.85118",
            "high": "1.85118",
            "low": "1.85118",
            "close": "1.84789"
        },
        {
            "time": "11.11.2020 02:02",
            "open": "1.84789",
            "high": "1.84789",
            "low": "1.84756",
            "close": "1.84295"
        },
        {
            "time": "11.11.2020 02:03",
            "open": "1.84295",
            "high": "1.8466",
            "low": "1.84295",
            "close": "1.84653"
        },
        {
            "time": "11.11.2020 02:04",
            "open": "1.84653",
            "high": "1.84653",
            "low": "1.84444",
            "close": "1.84606"
        },
        {
            "time": "11.11.2020 02:15",
            "open": "1.84606",
            "high": "1.84606",
            "low": "1.84606",
            "close": "1.84274"
        },
        {
            "time": "11.11.2020 02:17",
            "open": "1.84274",
            "high": "1.84276",
            "low": "1.84274",
            "close": "1.84419"
        },
        {
            "time": "11.11.2020 02:20",
            "open": "1.84419",
            "high": "1.84479",
            "low": "1.84419",
            "close": "1.84013"
        },
        {
            "time": "11.11.2020 02:21",
            "open": "1.84013",
            "high": "1.84013",
            "low": "1.84013",
            "close": "1.84313"
        },
        {
            "time": "11.11.2020 02:28",
            "open": "1.84313",
            "high": "1.84313",
            "low": "1.8427",
            "close": "1.84193"
        },
        {
            "time": "11.11.2020 02:32",
            "open": "1.84193",
            "high": "1.84193",
            "low": "1.84193",
            "close": "1.84265"
        },
        {
            "time": "11.11.2020 02:37",
            "open": "1.84265",
            "high": "1.84265",
            "low": "1.84265",
            "close": "1.8425"
        },
        {
            "time": "11.11.2020 02:41",
            "open": "1.8425",
            "high": "1.8425",
            "low": "1.8425",
            "close": "1.8425"
        },
        {
            "time": "11.11.2020 02:43",
            "open": "1.8425",
            "high": "1.8425",
            "low": "1.8425",
            "close": "1.84506"
        },
        {
            "time": "11.11.2020 02:45",
            "open": "1.84506",
            "high": "1.84506",
            "low": "1.84501",
            "close": "1.84772"
        },
        {
            "time": "11.11.2020 02:47",
            "open": "1.84772",
            "high": "1.84772",
            "low": "1.84772",
            "close": "1.84675"
        },
        {
            "time": "11.11.2020 02:58",
            "open": "1.84675",
            "high": "1.84737",
            "low": "1.84675",
            "close": "1.8485"
        },
        {
            "time": "11.11.2020 02:59",
            "open": "1.8485",
            "high": "1.8485",
            "low": "1.8485",
            "close": "1.84602"
        },
        {
            "time": "11.11.2020 03:04",
            "open": "1.84602",
            "high": "1.84929",
            "low": "1.84602",
            "close": "1.851"
        },
        {
            "time": "11.11.2020 03:05",
            "open": "1.851",
            "high": "1.8515",
            "low": "1.851",
            "close": "1.8518"
        },
        {
            "time": "11.11.2020 03:06",
            "open": "1.8518",
            "high": "1.85259",
            "low": "1.8518",
            "close": "1.85434"
        },
        {
            "time": "11.11.2020 03:08",
            "open": "1.85434",
            "high": "1.855",
            "low": "1.85434",
            "close": "1.85801"
        },
        {
            "time": "11.11.2020 03:09",
            "open": "1.85801",
            "high": "1.85909",
            "low": "1.8528",
            "close": "1.8536"
        },
        {
            "time": "11.11.2020 03:10",
            "open": "1.8536",
            "high": "1.8559",
            "low": "1.8536",
            "close": "1.8534"
        },
        {
            "time": "11.11.2020 03:13",
            "open": "1.8534",
            "high": "1.8534",
            "low": "1.8534",
            "close": "1.85375"
        },
        {
            "time": "11.11.2020 03:14",
            "open": "1.85375",
            "high": "1.85425",
            "low": "1.85375",
            "close": "1.85594"
        },
        {
            "time": "11.11.2020 03:15",
            "open": "1.85594",
            "high": "1.85594",
            "low": "1.85594",
            "close": "1.8549"
        },
        {
            "time": "11.11.2020 03:16",
            "open": "1.8549",
            "high": "1.85803",
            "low": "1.85461",
            "close": "1.857"
        },
        {
            "time": "11.11.2020 03:17",
            "open": "1.857",
            "high": "1.857",
            "low": "1.857",
            "close": "1.85921"
        },
        {
            "time": "11.11.2020 03:21",
            "open": "1.85921",
            "high": "1.85921",
            "low": "1.85921",
            "close": "1.85595"
        },
        {
            "time": "11.11.2020 03:28",
            "open": "1.85595",
            "high": "1.85595",
            "low": "1.85593",
            "close": "1.8511"
        },
        {
            "time": "11.11.2020 03:29",
            "open": "1.8511",
            "high": "1.8511",
            "low": "1.84869",
            "close": "1.84329"
        },
        {
            "time": "11.11.2020 03:35",
            "open": "1.84329",
            "high": "1.84329",
            "low": "1.84312",
            "close": "1.8372"
        },
        {
            "time": "11.11.2020 03:37",
            "open": "1.8372",
            "high": "1.8372",
            "low": "1.8361",
            "close": "1.8336"
        },
        {
            "time": "11.11.2020 03:38",
            "open": "1.8336",
            "high": "1.8336",
            "low": "1.8322",
            "close": "1.83515"
        },
        {
            "time": "11.11.2020 03:41",
            "open": "1.83515",
            "high": "1.8359",
            "low": "1.83069",
            "close": "1.83166"
        },
        {
            "time": "11.11.2020 03:44",
            "open": "1.83166",
            "high": "1.83166",
            "low": "1.83166",
            "close": "1.83131"
        },
        {
            "time": "11.11.2020 03:47",
            "open": "1.83131",
            "high": "1.83131",
            "low": "1.8312",
            "close": "1.82691"
        },
        {
            "time": "11.11.2020 03:49",
            "open": "1.82691",
            "high": "1.82691",
            "low": "1.82691",
            "close": "1.83121"
        },
        {
            "time": "11.11.2020 03:53",
            "open": "1.83121",
            "high": "1.83393",
            "low": "1.83121",
            "close": "1.8415"
        },
        {
            "time": "11.11.2020 04:11",
            "open": "1.8415",
            "high": "1.8415",
            "low": "1.8415",
            "close": "1.84889"
        },
        {
            "time": "11.11.2020 04:16",
            "open": "1.84889",
            "high": "1.85609",
            "low": "1.84889",
            "close": "1.85304"
        },
        {
            "time": "11.11.2020 04:17",
            "open": "1.85304",
            "high": "1.85306",
            "low": "1.85304",
            "close": "1.85531"
        },
        {
            "time": "11.11.2020 04:18",
            "open": "1.85531",
            "high": "1.85763",
            "low": "1.85531",
            "close": "1.85667"
        },
        {
            "time": "11.11.2020 04:19",
            "open": "1.85667",
            "high": "1.85667",
            "low": "1.85663",
            "close": "1.85399"
        },
        {
            "time": "11.11.2020 04:21",
            "open": "1.85399",
            "high": "1.85399",
            "low": "1.85399",
            "close": "1.85877"
        },
        {
            "time": "11.11.2020 04:27",
            "open": "1.85877",
            "high": "1.8588",
            "low": "1.85877",
            "close": "1.85399"
        },
        {
            "time": "11.11.2020 04:49",
            "open": "1.85399",
            "high": "1.85399",
            "low": "1.85399",
            "close": "1.8551"
        },
        {
            "time": "11.11.2020 04:56",
            "open": "1.8551",
            "high": "1.8551",
            "low": "1.8551",
            "close": "1.854"
        },
        {
            "time": "11.11.2020 04:57",
            "open": "1.854",
            "high": "1.854",
            "low": "1.854",
            "close": "1.8565"
        },
        {
            "time": "11.11.2020 05:02",
            "open": "1.8565",
            "high": "1.8565",
            "low": "1.85375",
            "close": "1.8566"
        },
        {
            "time": "11.11.2020 05:05",
            "open": "1.8566",
            "high": "1.8566",
            "low": "1.85404",
            "close": "1.85759"
        },
        {
            "time": "11.11.2020 05:06",
            "open": "1.85759",
            "high": "1.85759",
            "low": "1.85759",
            "close": "1.84021"
        },
        {
            "time": "11.11.2020 05:13",
            "open": "1.84021",
            "high": "1.84021",
            "low": "1.84021",
            "close": "1.8398"
        },
        {
            "time": "11.11.2020 05:14",
            "open": "1.8398",
            "high": "1.8398",
            "low": "1.8398",
            "close": "1.83664"
        },
        {
            "time": "11.11.2020 05:15",
            "open": "1.83664",
            "high": "1.83664",
            "low": "1.83425",
            "close": "1.84169"
        },
        {
            "time": "11.11.2020 05:19",
            "open": "1.84169",
            "high": "1.84169",
            "low": "1.84169",
            "close": "1.84169"
        },
        {
            "time": "11.11.2020 05:20",
            "open": "1.84169",
            "high": "1.84169",
            "low": "1.84169",
            "close": "1.83386"
        },
        {
            "time": "11.11.2020 05:34",
            "open": "1.83386",
            "high": "1.83386",
            "low": "1.83385",
            "close": "1.8341"
        },
        {
            "time": "11.11.2020 06:10",
            "open": "1.8341",
            "high": "1.8341",
            "low": "1.8341",
            "close": "1.83719"
        },
        {
            "time": "11.11.2020 06:12",
            "open": "1.83719",
            "high": "1.83719",
            "low": "1.83719",
            "close": "1.82922"
        },
        {
            "time": "11.11.2020 06:22",
            "open": "1.82922",
            "high": "1.82922",
            "low": "1.82538",
            "close": "1.82681"
        },
        {
            "time": "11.11.2020 06:23",
            "open": "1.82681",
            "high": "1.82818",
            "low": "1.82681",
            "close": "1.8257"
        },
        {
            "time": "11.11.2020 06:26",
            "open": "1.8257",
            "high": "1.8257",
            "low": "1.82366",
            "close": "1.82071"
        },
        {
            "time": "11.11.2020 06:27",
            "open": "1.82071",
            "high": "1.82259",
            "low": "1.82",
            "close": "1.81833"
        },
        {
            "time": "11.11.2020 06:31",
            "open": "1.81833",
            "high": "1.81833",
            "low": "1.818",
            "close": "1.8204"
        },
        {
            "time": "11.11.2020 06:32",
            "open": "1.8204",
            "high": "1.8205",
            "low": "1.8204",
            "close": "1.81938"
        },
        {
            "time": "11.11.2020 06:40",
            "open": "1.81938",
            "high": "1.81938",
            "low": "1.81938",
            "close": "1.82122"
        },
        {
            "time": "11.11.2020 06:50",
            "open": "1.82122",
            "high": "1.82122",
            "low": "1.8202",
            "close": "1.82151"
        },
        {
            "time": "11.11.2020 06:55",
            "open": "1.82151",
            "high": "1.82151",
            "low": "1.8205",
            "close": "1.82422"
        },
        {
            "time": "11.11.2020 07:04",
            "open": "1.82422",
            "high": "1.82422",
            "low": "1.82422",
            "close": "1.82422"
        },
        {
            "time": "11.11.2020 07:09",
            "open": "1.82422",
            "high": "1.82422",
            "low": "1.82422",
            "close": "1.82504"
        },
        {
            "time": "11.11.2020 07:14",
            "open": "1.82504",
            "high": "1.82506",
            "low": "1.82504",
            "close": "1.82872"
        },
        {
            "time": "11.11.2020 07:15",
            "open": "1.82872",
            "high": "1.82872",
            "low": "1.82872",
            "close": "1.8246"
        },
        {
            "time": "11.11.2020 07:23",
            "open": "1.8246",
            "high": "1.8246",
            "low": "1.8246",
            "close": "1.82559"
        },
        {
            "time": "11.11.2020 07:24",
            "open": "1.82559",
            "high": "1.82629",
            "low": "1.82559",
            "close": "1.82972"
        },
        {
            "time": "11.11.2020 07:25",
            "open": "1.82972",
            "high": "1.82972",
            "low": "1.82972",
            "close": "1.82972"
        },
        {
            "time": "11.11.2020 07:30",
            "open": "1.82972",
            "high": "1.82972",
            "low": "1.82972",
            "close": "1.8282"
        },
        {
            "time": "11.11.2020 07:37",
            "open": "1.8282",
            "high": "1.8282",
            "low": "1.8282",
            "close": "1.8276"
        },
        {
            "time": "11.11.2020 07:42",
            "open": "1.8276",
            "high": "1.8276",
            "low": "1.8276",
            "close": "1.82601"
        },
        {
            "time": "11.11.2020 07:45",
            "open": "1.82601",
            "high": "1.82601",
            "low": "1.82601",
            "close": "1.82295"
        },
        {
            "time": "11.11.2020 07:46",
            "open": "1.82295",
            "high": "1.82295",
            "low": "1.81692",
            "close": "1.81141"
        },
        {
            "time": "11.11.2020 07:47",
            "open": "1.81141",
            "high": "1.81141",
            "low": "1.81141",
            "close": "1.8115"
        },
        {
            "time": "11.11.2020 07:48",
            "open": "1.8115",
            "high": "1.8115",
            "low": "1.8115",
            "close": "1.81584"
        },
        {
            "time": "11.11.2020 07:50",
            "open": "1.81584",
            "high": "1.81584",
            "low": "1.81584",
            "close": "1.8068"
        },
        {
            "time": "11.11.2020 07:54",
            "open": "1.8068",
            "high": "1.8068",
            "low": "1.8068",
            "close": "1.81"
        },
        {
            "time": "11.11.2020 07:56",
            "open": "1.81",
            "high": "1.81048",
            "low": "1.81",
            "close": "1.80919"
        },
        {
            "time": "11.11.2020 07:59",
            "open": "1.80919",
            "high": "1.80919",
            "low": "1.80919",
            "close": "1.813"
        },
        {
            "time": "11.11.2020 08:00",
            "open": "1.813",
            "high": "1.813",
            "low": "1.813",
            "close": "1.81047"
        },
        {
            "time": "11.11.2020 08:01",
            "open": "1.81047",
            "high": "1.81047",
            "low": "1.81047",
            "close": "1.8117"
        },
        {
            "time": "11.11.2020 08:02",
            "open": "1.8117",
            "high": "1.81229",
            "low": "1.8117",
            "close": "1.81346"
        },
        {
            "time": "11.11.2020 08:04",
            "open": "1.81346",
            "high": "1.81346",
            "low": "1.81346",
            "close": "1.81439"
        },
        {
            "time": "11.11.2020 08:07",
            "open": "1.81439",
            "high": "1.81439",
            "low": "1.81439",
            "close": "1.81504"
        },
        {
            "time": "11.11.2020 08:08",
            "open": "1.81504",
            "high": "1.81504",
            "low": "1.81504",
            "close": "1.82099"
        },
        {
            "time": "11.11.2020 08:13",
            "open": "1.82099",
            "high": "1.82099",
            "low": "1.82099",
            "close": "1.82261"
        },
        {
            "time": "11.11.2020 08:16",
            "open": "1.82261",
            "high": "1.82261",
            "low": "1.82261",
            "close": "1.8212"
        },
        {
            "time": "11.11.2020 08:17",
            "open": "1.8212",
            "high": "1.8212",
            "low": "1.8212",
            "close": "1.82158"
        },
        {
            "time": "11.11.2020 08:18",
            "open": "1.82158",
            "high": "1.82158",
            "low": "1.82001",
            "close": "1.82141"
        },
        {
            "time": "11.11.2020 08:20",
            "open": "1.82141",
            "high": "1.82141",
            "low": "1.82141",
            "close": "1.82241"
        },
        {
            "time": "11.11.2020 08:24",
            "open": "1.82241",
            "high": "1.82241",
            "low": "1.82241",
            "close": "1.82509"
        },
        {
            "time": "11.11.2020 08:28",
            "open": "1.82509",
            "high": "1.82509",
            "low": "1.82509",
            "close": "1.82608"
        },
        {
            "time": "11.11.2020 08:35",
            "open": "1.82608",
            "high": "1.8279",
            "low": "1.82608",
            "close": "1.82762"
        },
        {
            "time": "11.11.2020 08:36",
            "open": "1.82762",
            "high": "1.82762",
            "low": "1.82762",
            "close": "1.82535"
        },
        {
            "time": "11.11.2020 08:40",
            "open": "1.82535",
            "high": "1.82535",
            "low": "1.82535",
            "close": "1.8252"
        },
        {
            "time": "11.11.2020 08:42",
            "open": "1.8252",
            "high": "1.8252",
            "low": "1.8252",
            "close": "1.82606"
        },
        {
            "time": "11.11.2020 08:46",
            "open": "1.82606",
            "high": "1.82606",
            "low": "1.82606",
            "close": "1.82569"
        },
        {
            "time": "11.11.2020 08:54",
            "open": "1.82569",
            "high": "1.82569",
            "low": "1.82569",
            "close": "1.82436"
        },
        {
            "time": "11.11.2020 09:03",
            "open": "1.82436",
            "high": "1.82436",
            "low": "1.82436",
            "close": "1.82677"
        },
        {
            "time": "11.11.2020 09:14",
            "open": "1.82677",
            "high": "1.82677",
            "low": "1.82677",
            "close": "1.8271"
        },
        {
            "time": "11.11.2020 09:15",
            "open": "1.8271",
            "high": "1.8271",
            "low": "1.8271",
            "close": "1.82561"
        },
        {
            "time": "11.11.2020 09:20",
            "open": "1.82561",
            "high": "1.82561",
            "low": "1.82561",
            "close": "1.82592"
        },
        {
            "time": "11.11.2020 09:22",
            "open": "1.82592",
            "high": "1.82593",
            "low": "1.82592",
            "close": "1.82327"
        },
        {
            "time": "11.11.2020 09:23",
            "open": "1.82327",
            "high": "1.82327",
            "low": "1.82327",
            "close": "1.82286"
        },
        {
            "time": "11.11.2020 09:25",
            "open": "1.82286",
            "high": "1.82459",
            "low": "1.82286",
            "close": "1.82395"
        },
        {
            "time": "11.11.2020 09:29",
            "open": "1.82395",
            "high": "1.82395",
            "low": "1.82395",
            "close": "1.82255"
        },
        {
            "time": "11.11.2020 09:34",
            "open": "1.82255",
            "high": "1.82257",
            "low": "1.82054",
            "close": "1.82049"
        },
        {
            "time": "11.11.2020 09:35",
            "open": "1.82049",
            "high": "1.82049",
            "low": "1.81994",
            "close": "1.8205"
        },
        {
            "time": "11.11.2020 09:40",
            "open": "1.8205",
            "high": "1.8205",
            "low": "1.8205",
            "close": "1.81981"
        },
        {
            "time": "11.11.2020 09:43",
            "open": "1.81981",
            "high": "1.81981",
            "low": "1.81981",
            "close": "1.8179"
        },
        {
            "time": "11.11.2020 09:47",
            "open": "1.8179",
            "high": "1.8179",
            "low": "1.8179",
            "close": "1.82244"
        },
        {
            "time": "11.11.2020 09:54",
            "open": "1.82244",
            "high": "1.82244",
            "low": "1.82244",
            "close": "1.81761"
        },
        {
            "time": "11.11.2020 09:56",
            "open": "1.81761",
            "high": "1.81761",
            "low": "1.8176",
            "close": "1.8185"
        },
        {
            "time": "11.11.2020 09:57",
            "open": "1.8185",
            "high": "1.8185",
            "low": "1.8185",
            "close": "1.82136"
        },
        {
            "time": "11.11.2020 10:04",
            "open": "1.82136",
            "high": "1.82136",
            "low": "1.82136",
            "close": "1.82787"
        },
        {
            "time": "11.11.2020 10:18",
            "open": "1.82787",
            "high": "1.82788",
            "low": "1.82787",
            "close": "1.82815"
        },
        {
            "time": "11.11.2020 10:22",
            "open": "1.82815",
            "high": "1.82815",
            "low": "1.82587",
            "close": "1.8228"
        },
        {
            "time": "11.11.2020 10:26",
            "open": "1.8228",
            "high": "1.8228",
            "low": "1.8228",
            "close": "1.81799"
        },
        {
            "time": "11.11.2020 10:33",
            "open": "1.81799",
            "high": "1.81799",
            "low": "1.81799",
            "close": "1.8149"
        },
        {
            "time": "11.11.2020 10:36",
            "open": "1.8149",
            "high": "1.81707",
            "low": "1.8149",
            "close": "1.81353"
        },
        {
            "time": "11.11.2020 10:37",
            "open": "1.81353",
            "high": "1.81353",
            "low": "1.80701",
            "close": "1.81198"
        },
        {
            "time": "11.11.2020 10:38",
            "open": "1.81198",
            "high": "1.81198",
            "low": "1.81198",
            "close": "1.8112"
        },
        {
            "time": "11.11.2020 10:39",
            "open": "1.8112",
            "high": "1.8112",
            "low": "1.8112",
            "close": "1.81277"
        },
        {
            "time": "11.11.2020 10:40",
            "open": "1.81277",
            "high": "1.81277",
            "low": "1.8112",
            "close": "1.8085"
        },
        {
            "time": "11.11.2020 10:41",
            "open": "1.8085",
            "high": "1.8085",
            "low": "1.8085",
            "close": "1.81091"
        },
        {
            "time": "11.11.2020 10:42",
            "open": "1.81091",
            "high": "1.81091",
            "low": "1.81091",
            "close": "1.805"
        },
        {
            "time": "11.11.2020 10:44",
            "open": "1.805",
            "high": "1.805",
            "low": "1.805",
            "close": "1.80181"
        },
        {
            "time": "11.11.2020 10:45",
            "open": "1.80181",
            "high": "1.80181",
            "low": "1.8",
            "close": "1.7954"
        },
        {
            "time": "11.11.2020 10:47",
            "open": "1.7954",
            "high": "1.7954",
            "low": "1.7954",
            "close": "1.795"
        },
        {
            "time": "11.11.2020 10:49",
            "open": "1.795",
            "high": "1.795",
            "low": "1.7935",
            "close": "1.79606"
        },
        {
            "time": "11.11.2020 10:51",
            "open": "1.79606",
            "high": "1.79883",
            "low": "1.79472",
            "close": "1.7962"
        },
        {
            "time": "11.11.2020 10:52",
            "open": "1.7962",
            "high": "1.79901",
            "low": "1.7962",
            "close": "1.80087"
        },
        {
            "time": "11.11.2020 10:54",
            "open": "1.80087",
            "high": "1.80087",
            "low": "1.7968",
            "close": "1.80075"
        },
        {
            "time": "11.11.2020 10:55",
            "open": "1.80075",
            "high": "1.80075",
            "low": "1.79738",
            "close": "1.80549"
        },
        {
            "time": "11.11.2020 11:00",
            "open": "1.80549",
            "high": "1.80566",
            "low": "1.80549",
            "close": "1.80607"
        },
        {
            "time": "11.11.2020 11:01",
            "open": "1.80607",
            "high": "1.80683",
            "low": "1.80607",
            "close": "1.80802"
        },
        {
            "time": "11.11.2020 11:03",
            "open": "1.80802",
            "high": "1.80929",
            "low": "1.80802",
            "close": "1.81131"
        },
        {
            "time": "11.11.2020 11:04",
            "open": "1.81131",
            "high": "1.81259",
            "low": "1.80941",
            "close": "1.81277"
        },
        {
            "time": "11.11.2020 11:06",
            "open": "1.81277",
            "high": "1.81277",
            "low": "1.81277",
            "close": "1.81591"
        },
        {
            "time": "11.11.2020 11:11",
            "open": "1.81591",
            "high": "1.81591",
            "low": "1.81591",
            "close": "1.81566"
        },
        {
            "time": "11.11.2020 11:13",
            "open": "1.81566",
            "high": "1.81568",
            "low": "1.81566",
            "close": "1.81772"
        },
        {
            "time": "11.11.2020 11:15",
            "open": "1.81772",
            "high": "1.81772",
            "low": "1.81461",
            "close": "1.81798"
        },
        {
            "time": "11.11.2020 11:16",
            "open": "1.81798",
            "high": "1.81798",
            "low": "1.81295",
            "close": "1.81276"
        },
        {
            "time": "11.11.2020 11:17",
            "open": "1.81276",
            "high": "1.81276",
            "low": "1.81272",
            "close": "1.81579"
        },
        {
            "time": "11.11.2020 11:18",
            "open": "1.81579",
            "high": "1.81589",
            "low": "1.81579",
            "close": "1.8111"
        },
        {
            "time": "11.11.2020 11:19",
            "open": "1.8111",
            "high": "1.8132",
            "low": "1.81057",
            "close": "1.81067"
        },
        {
            "time": "11.11.2020 11:23",
            "open": "1.81067",
            "high": "1.81067",
            "low": "1.81067",
            "close": "1.81218"
        },
        {
            "time": "11.11.2020 11:27",
            "open": "1.81218",
            "high": "1.81218",
            "low": "1.81218",
            "close": "1.81152"
        },
        {
            "time": "11.11.2020 11:30",
            "open": "1.81152",
            "high": "1.81152",
            "low": "1.81152",
            "close": "1.81544"
        },
        {
            "time": "11.11.2020 11:35",
            "open": "1.81544",
            "high": "1.81553",
            "low": "1.8126",
            "close": "1.81445"
        },
        {
            "time": "11.11.2020 11:37",
            "open": "1.81445",
            "high": "1.81445",
            "low": "1.81445",
            "close": "1.8118"
        },
        {
            "time": "11.11.2020 11:38",
            "open": "1.8118",
            "high": "1.81529",
            "low": "1.8118",
            "close": "1.81643"
        },
        {
            "time": "11.11.2020 11:50",
            "open": "1.81643",
            "high": "1.81643",
            "low": "1.81643",
            "close": "1.81669"
        },
        {
            "time": "11.11.2020 11:54",
            "open": "1.81669",
            "high": "1.81799",
            "low": "1.81381",
            "close": "1.82147"
        },
        {
            "time": "11.11.2020 12:02",
            "open": "1.82147",
            "high": "1.82147",
            "low": "1.8175",
            "close": "1.82136"
        },
        {
            "time": "11.11.2020 12:03",
            "open": "1.82136",
            "high": "1.82136",
            "low": "1.82136",
            "close": "1.81849"
        },
        {
            "time": "11.11.2020 12:06",
            "open": "1.81849",
            "high": "1.81849",
            "low": "1.81849",
            "close": "1.8144"
        },
        {
            "time": "11.11.2020 12:09",
            "open": "1.8144",
            "high": "1.8144",
            "low": "1.8144",
            "close": "1.82066"
        },
        {
            "time": "11.11.2020 12:12",
            "open": "1.82066",
            "high": "1.82066",
            "low": "1.82066",
            "close": "1.81983"
        },
        {
            "time": "11.11.2020 12:14",
            "open": "1.81983",
            "high": "1.81983",
            "low": "1.81983",
            "close": "1.82017"
        },
        {
            "time": "11.11.2020 12:16",
            "open": "1.82017",
            "high": "1.82017",
            "low": "1.82017",
            "close": "1.82081"
        },
        {
            "time": "11.11.2020 12:17",
            "open": "1.82081",
            "high": "1.82081",
            "low": "1.82081",
            "close": "1.82211"
        },
        {
            "time": "11.11.2020 12:20",
            "open": "1.82211",
            "high": "1.82211",
            "low": "1.82211",
            "close": "1.8202"
        },
        {
            "time": "11.11.2020 12:21",
            "open": "1.8202",
            "high": "1.8202",
            "low": "1.8202",
            "close": "1.81984"
        },
        {
            "time": "11.11.2020 12:22",
            "open": "1.81984",
            "high": "1.81984",
            "low": "1.81984",
            "close": "1.81467"
        },
        {
            "time": "11.11.2020 12:31",
            "open": "1.81467",
            "high": "1.81467",
            "low": "1.81467",
            "close": "1.81534"
        },
        {
            "time": "11.11.2020 12:33",
            "open": "1.81534",
            "high": "1.81534",
            "low": "1.81429",
            "close": "1.81399"
        },
        {
            "time": "11.11.2020 12:34",
            "open": "1.81399",
            "high": "1.81399",
            "low": "1.81399",
            "close": "1.81465"
        },
        {
            "time": "11.11.2020 12:38",
            "open": "1.81465",
            "high": "1.81465",
            "low": "1.81465",
            "close": "1.81038"
        },
        {
            "time": "11.11.2020 12:41",
            "open": "1.81038",
            "high": "1.81038",
            "low": "1.81038",
            "close": "1.80739"
        },
        {
            "time": "11.11.2020 12:43",
            "open": "1.80739",
            "high": "1.80739",
            "low": "1.80739",
            "close": "1.80711"
        },
        {
            "time": "11.11.2020 12:45",
            "open": "1.80711",
            "high": "1.80711",
            "low": "1.80711",
            "close": "1.80366"
        },
        {
            "time": "11.11.2020 12:46",
            "open": "1.80366",
            "high": "1.80839",
            "low": "1.80341",
            "close": "1.7997"
        },
        {
            "time": "11.11.2020 12:51",
            "open": "1.7997",
            "high": "1.7997",
            "low": "1.7997",
            "close": "1.80119"
        },
        {
            "time": "11.11.2020 12:53",
            "open": "1.80119",
            "high": "1.80119",
            "low": "1.79824",
            "close": "1.80039"
        },
        {
            "time": "11.11.2020 12:54",
            "open": "1.80039",
            "high": "1.80039",
            "low": "1.80039",
            "close": "1.79551"
        },
        {
            "time": "11.11.2020 12:56",
            "open": "1.79551",
            "high": "1.80009",
            "low": "1.79551",
            "close": "1.80047"
        },
        {
            "time": "11.11.2020 12:59",
            "open": "1.80047",
            "high": "1.80047",
            "low": "1.80047",
            "close": "1.79949"
        },
        {
            "time": "11.11.2020 13:00",
            "open": "1.79949",
            "high": "1.79949",
            "low": "1.79949",
            "close": "1.79831"
        },
        {
            "time": "11.11.2020 13:05",
            "open": "1.79831",
            "high": "1.79831",
            "low": "1.79831",
            "close": "1.7979"
        },
        {
            "time": "11.11.2020 13:06",
            "open": "1.7979",
            "high": "1.7979",
            "low": "1.7979",
            "close": "1.80279"
        },
        {
            "time": "11.11.2020 13:08",
            "open": "1.80279",
            "high": "1.80661",
            "low": "1.80279",
            "close": "1.80678"
        },
        {
            "time": "11.11.2020 13:10",
            "open": "1.80678",
            "high": "1.80707",
            "low": "1.80678",
            "close": "1.80553"
        },
        {
            "time": "11.11.2020 13:11",
            "open": "1.80553",
            "high": "1.80553",
            "low": "1.80553",
            "close": "1.81"
        },
        {
            "time": "11.11.2020 13:12",
            "open": "1.81",
            "high": "1.81",
            "low": "1.81",
            "close": "1.81134"
        },
        {
            "time": "11.11.2020 13:14",
            "open": "1.81134",
            "high": "1.81134",
            "low": "1.81134",
            "close": "1.81512"
        },
        {
            "time": "11.11.2020 13:20",
            "open": "1.81512",
            "high": "1.81524",
            "low": "1.81512",
            "close": "1.81628"
        },
        {
            "time": "11.11.2020 13:21",
            "open": "1.81628",
            "high": "1.81628",
            "low": "1.81628",
            "close": "1.81699"
        },
        {
            "time": "11.11.2020 13:22",
            "open": "1.81699",
            "high": "1.81699",
            "low": "1.81699",
            "close": "1.81739"
        },
        {
            "time": "11.11.2020 13:23",
            "open": "1.81739",
            "high": "1.8174",
            "low": "1.81739",
            "close": "1.8182"
        },
        {
            "time": "11.11.2020 13:24",
            "open": "1.8182",
            "high": "1.8182",
            "low": "1.8182",
            "close": "1.81663"
        },
        {
            "time": "11.11.2020 13:29",
            "open": "1.81663",
            "high": "1.81663",
            "low": "1.81663",
            "close": "1.82006"
        },
        {
            "time": "11.11.2020 13:30",
            "open": "1.82006",
            "high": "1.82025",
            "low": "1.82006",
            "close": "1.81524"
        },
        {
            "time": "11.11.2020 13:37",
            "open": "1.81524",
            "high": "1.81524",
            "low": "1.81255",
            "close": "1.81517"
        },
        {
            "time": "11.11.2020 13:39",
            "open": "1.81517",
            "high": "1.81517",
            "low": "1.81517",
            "close": "1.8157"
        },
        {
            "time": "11.11.2020 13:40",
            "open": "1.8157",
            "high": "1.81578",
            "low": "1.8157",
            "close": "1.81763"
        },
        {
            "time": "11.11.2020 13:42",
            "open": "1.81763",
            "high": "1.81763",
            "low": "1.81763",
            "close": "1.8145"
        },
        {
            "time": "11.11.2020 13:44",
            "open": "1.8145",
            "high": "1.8145",
            "low": "1.81255",
            "close": "1.81143"
        },
        {
            "time": "11.11.2020 13:46",
            "open": "1.81143",
            "high": "1.81143",
            "low": "1.81143",
            "close": "1.80589"
        },
        {
            "time": "11.11.2020 13:52",
            "open": "1.80589",
            "high": "1.80619",
            "low": "1.80589",
            "close": "1.80342"
        },
        {
            "time": "11.11.2020 13:54",
            "open": "1.80342",
            "high": "1.8066",
            "low": "1.80342",
            "close": "1.80483"
        },
        {
            "time": "11.11.2020 13:55",
            "open": "1.80483",
            "high": "1.80483",
            "low": "1.80483",
            "close": "1.80371"
        },
        {
            "time": "11.11.2020 13:56",
            "open": "1.80371",
            "high": "1.80371",
            "low": "1.80144",
            "close": "1.80303"
        },
        {
            "time": "11.11.2020 13:57",
            "open": "1.80303",
            "high": "1.80303",
            "low": "1.79796",
            "close": "1.79648"
        },
        {
            "time": "11.11.2020 13:58",
            "open": "1.79648",
            "high": "1.80013",
            "low": "1.79628",
            "close": "1.7985"
        },
        {
            "time": "11.11.2020 14:00",
            "open": "1.7985",
            "high": "1.7985",
            "low": "1.7985",
            "close": "1.80526"
        },
        {
            "time": "11.11.2020 14:03",
            "open": "1.80526",
            "high": "1.80526",
            "low": "1.80526",
            "close": "1.79975"
        },
        {
            "time": "11.11.2020 14:08",
            "open": "1.79975",
            "high": "1.79975",
            "low": "1.79975",
            "close": "1.80457"
        },
        {
            "time": "11.11.2020 14:14",
            "open": "1.80457",
            "high": "1.80457",
            "low": "1.80457",
            "close": "1.80082"
        },
        {
            "time": "11.11.2020 14:15",
            "open": "1.80082",
            "high": "1.80082",
            "low": "1.80082",
            "close": "1.8028"
        },
        {
            "time": "11.11.2020 14:17",
            "open": "1.8028",
            "high": "1.8028",
            "low": "1.8028",
            "close": "1.80256"
        },
        {
            "time": "11.11.2020 14:21",
            "open": "1.80256",
            "high": "1.80256",
            "low": "1.80256",
            "close": "1.80335"
        },
        {
            "time": "11.11.2020 14:22",
            "open": "1.80335",
            "high": "1.8034",
            "low": "1.80335",
            "close": "1.79977"
        },
        {
            "time": "11.11.2020 14:24",
            "open": "1.79977",
            "high": "1.8011",
            "low": "1.79977",
            "close": "1.8011"
        },
        {
            "time": "11.11.2020 14:26",
            "open": "1.8011",
            "high": "1.8011",
            "low": "1.8011",
            "close": "1.80081"
        },
        {
            "time": "11.11.2020 14:30",
            "open": "1.80081",
            "high": "1.80081",
            "low": "1.80081",
            "close": "1.80194"
        },
        {
            "time": "11.11.2020 14:31",
            "open": "1.80194",
            "high": "1.80194",
            "low": "1.80194",
            "close": "1.80195"
        },
        {
            "time": "11.11.2020 14:32",
            "open": "1.80195",
            "high": "1.80195",
            "low": "1.80195",
            "close": "1.80299"
        },
        {
            "time": "11.11.2020 14:34",
            "open": "1.80299",
            "high": "1.80406",
            "low": "1.80299",
            "close": "1.79978"
        },
        {
            "time": "11.11.2020 14:41",
            "open": "1.79978",
            "high": "1.7998",
            "low": "1.79965",
            "close": "1.8002"
        },
        {
            "time": "11.11.2020 14:42",
            "open": "1.8002",
            "high": "1.8002",
            "low": "1.8002",
            "close": "1.79657"
        },
        {
            "time": "11.11.2020 14:46",
            "open": "1.79657",
            "high": "1.79657",
            "low": "1.79657",
            "close": "1.79819"
        },
        {
            "time": "11.11.2020 14:47",
            "open": "1.79819",
            "high": "1.79819",
            "low": "1.79819",
            "close": "1.79444"
        },
        {
            "time": "11.11.2020 14:48",
            "open": "1.79444",
            "high": "1.79769",
            "low": "1.79444",
            "close": "1.80109"
        },
        {
            "time": "11.11.2020 14:56",
            "open": "1.80109",
            "high": "1.80218",
            "low": "1.80109",
            "close": "1.8052"
        },
        {
            "time": "11.11.2020 14:57",
            "open": "1.8052",
            "high": "1.80609",
            "low": "1.8052",
            "close": "1.80431"
        },
        {
            "time": "11.11.2020 14:58",
            "open": "1.80431",
            "high": "1.80722",
            "low": "1.80431",
            "close": "1.80342"
        },
        {
            "time": "11.11.2020 15:00",
            "open": "1.80342",
            "high": "1.80342",
            "low": "1.80342",
            "close": "1.81088"
        },
        {
            "time": "11.11.2020 15:04",
            "open": "1.81088",
            "high": "1.81197",
            "low": "1.81088",
            "close": "1.81019"
        },
        {
            "time": "11.11.2020 15:05",
            "open": "1.81019",
            "high": "1.813",
            "low": "1.81013",
            "close": "1.8133"
        },
        {
            "time": "11.11.2020 15:08",
            "open": "1.8133",
            "high": "1.8133",
            "low": "1.8133",
            "close": "1.8132"
        },
        {
            "time": "11.11.2020 15:09",
            "open": "1.8132",
            "high": "1.81393",
            "low": "1.8132",
            "close": "1.81897"
        },
        {
            "time": "11.11.2020 15:11",
            "open": "1.81897",
            "high": "1.81897",
            "low": "1.8135",
            "close": "1.81239"
        },
        {
            "time": "11.11.2020 15:14",
            "open": "1.81239",
            "high": "1.81239",
            "low": "1.81239",
            "close": "1.80697"
        },
        {
            "time": "11.11.2020 15:17",
            "open": "1.80697",
            "high": "1.80697",
            "low": "1.8062",
            "close": "1.80268"
        },
        {
            "time": "11.11.2020 15:20",
            "open": "1.80268",
            "high": "1.80268",
            "low": "1.80268",
            "close": "1.8037"
        },
        {
            "time": "11.11.2020 15:21",
            "open": "1.8037",
            "high": "1.8037",
            "low": "1.8037",
            "close": "1.8027"
        },
        {
            "time": "11.11.2020 15:27",
            "open": "1.8027",
            "high": "1.8033",
            "low": "1.8027",
            "close": "1.80587"
        },
        {
            "time": "11.11.2020 15:29",
            "open": "1.80587",
            "high": "1.80587",
            "low": "1.80587",
            "close": "1.8027"
        },
        {
            "time": "11.11.2020 15:31",
            "open": "1.8027",
            "high": "1.8027",
            "low": "1.8027",
            "close": "1.80506"
        },
        {
            "time": "11.11.2020 15:34",
            "open": "1.80506",
            "high": "1.80506",
            "low": "1.80506",
            "close": "1.80533"
        },
        {
            "time": "11.11.2020 15:35",
            "open": "1.80533",
            "high": "1.80585",
            "low": "1.80533",
            "close": "1.80585"
        },
        {
            "time": "11.11.2020 15:36",
            "open": "1.80585",
            "high": "1.80585",
            "low": "1.80585",
            "close": "1.80856"
        },
        {
            "time": "11.11.2020 15:42",
            "open": "1.80856",
            "high": "1.80856",
            "low": "1.80856",
            "close": "1.80849"
        },
        {
            "time": "11.11.2020 15:43",
            "open": "1.80849",
            "high": "1.80849",
            "low": "1.80849",
            "close": "1.80871"
        },
        {
            "time": "11.11.2020 15:44",
            "open": "1.80871",
            "high": "1.80879",
            "low": "1.80871",
            "close": "1.80788"
        },
        {
            "time": "11.11.2020 15:45",
            "open": "1.80788",
            "high": "1.80788",
            "low": "1.80788",
            "close": "1.80788"
        },
        {
            "time": "11.11.2020 15:46",
            "open": "1.80788",
            "high": "1.80888",
            "low": "1.80533",
            "close": "1.80705"
        },
        {
            "time": "11.11.2020 15:49",
            "open": "1.80705",
            "high": "1.80705",
            "low": "1.80705",
            "close": "1.80696"
        },
        {
            "time": "11.11.2020 15:50",
            "open": "1.80696",
            "high": "1.81221",
            "low": "1.80696",
            "close": "1.81424"
        },
        {
            "time": "11.11.2020 15:51",
            "open": "1.81424",
            "high": "1.81424",
            "low": "1.81424",
            "close": "1.81298"
        },
        {
            "time": "11.11.2020 15:53",
            "open": "1.81298",
            "high": "1.8148",
            "low": "1.81298",
            "close": "1.81022"
        },
        {
            "time": "11.11.2020 15:54",
            "open": "1.81022",
            "high": "1.81022",
            "low": "1.8043",
            "close": "1.79698"
        },
        {
            "time": "11.11.2020 15:55",
            "open": "1.79698",
            "high": "1.79698",
            "low": "1.79698",
            "close": "1.80152"
        },
        {
            "time": "11.11.2020 15:56",
            "open": "1.80152",
            "high": "1.8025",
            "low": "1.80152",
            "close": "1.80785"
        },
        {
            "time": "11.11.2020 15:57",
            "open": "1.80785",
            "high": "1.80785",
            "low": "1.80785",
            "close": "1.80893"
        },
        {
            "time": "11.11.2020 15:58",
            "open": "1.80893",
            "high": "1.813",
            "low": "1.80893",
            "close": "1.81389"
        },
        {
            "time": "11.11.2020 15:59",
            "open": "1.81389",
            "high": "1.8147",
            "low": "1.81389",
            "close": "1.81462"
        },
        {
            "time": "11.11.2020 16:00",
            "open": "1.81462",
            "high": "1.81462",
            "low": "1.81462",
            "close": "1.81176"
        },
        {
            "time": "11.11.2020 16:02",
            "open": "1.81176",
            "high": "1.81543",
            "low": "1.81162",
            "close": "1.8136"
        },
        {
            "time": "11.11.2020 16:03",
            "open": "1.8136",
            "high": "1.8136",
            "low": "1.8136",
            "close": "1.81382"
        },
        {
            "time": "11.11.2020 16:04",
            "open": "1.81382",
            "high": "1.81382",
            "low": "1.8138",
            "close": "1.81678"
        },
        {
            "time": "11.11.2020 16:05",
            "open": "1.81678",
            "high": "1.81729",
            "low": "1.81564",
            "close": "1.82135"
        },
        {
            "time": "11.11.2020 16:07",
            "open": "1.82135",
            "high": "1.82135",
            "low": "1.82135",
            "close": "1.81778"
        },
        {
            "time": "11.11.2020 16:09",
            "open": "1.81778",
            "high": "1.81778",
            "low": "1.81778",
            "close": "1.82018"
        },
        {
            "time": "11.11.2020 16:12",
            "open": "1.82018",
            "high": "1.8226",
            "low": "1.82018",
            "close": "1.82277"
        },
        {
            "time": "11.11.2020 16:13",
            "open": "1.82277",
            "high": "1.82335",
            "low": "1.82277",
            "close": "1.82415"
        },
        {
            "time": "11.11.2020 16:14",
            "open": "1.82415",
            "high": "1.82415",
            "low": "1.82415",
            "close": "1.82126"
        },
        {
            "time": "11.11.2020 16:16",
            "open": "1.82126",
            "high": "1.82126",
            "low": "1.82126",
            "close": "1.82418"
        },
        {
            "time": "11.11.2020 16:18",
            "open": "1.82418",
            "high": "1.825",
            "low": "1.82418",
            "close": "1.827"
        },
        {
            "time": "11.11.2020 16:19",
            "open": "1.827",
            "high": "1.827",
            "low": "1.827",
            "close": "1.83"
        },
        {
            "time": "11.11.2020 16:20",
            "open": "1.83",
            "high": "1.8303",
            "low": "1.83",
            "close": "1.8301"
        },
        {
            "time": "11.11.2020 16:21",
            "open": "1.8301",
            "high": "1.8301",
            "low": "1.8283",
            "close": "1.82949"
        },
        {
            "time": "11.11.2020 16:22",
            "open": "1.82949",
            "high": "1.82949",
            "low": "1.82949",
            "close": "1.82899"
        },
        {
            "time": "11.11.2020 16:26",
            "open": "1.82899",
            "high": "1.82899",
            "low": "1.82899",
            "close": "1.82178"
        },
        {
            "time": "11.11.2020 16:32",
            "open": "1.82178",
            "high": "1.8245",
            "low": "1.82178",
            "close": "1.82328"
        },
        {
            "time": "11.11.2020 16:35",
            "open": "1.82328",
            "high": "1.82328",
            "low": "1.8198",
            "close": "1.82032"
        },
        {
            "time": "11.11.2020 16:37",
            "open": "1.82032",
            "high": "1.82032",
            "low": "1.82032",
            "close": "1.81948"
        },
        {
            "time": "11.11.2020 16:46",
            "open": "1.81948",
            "high": "1.81948",
            "low": "1.81948",
            "close": "1.81755"
        },
        {
            "time": "11.11.2020 16:47",
            "open": "1.81755",
            "high": "1.81755",
            "low": "1.81549",
            "close": "1.81769"
        },
        {
            "time": "11.11.2020 16:50",
            "open": "1.81769",
            "high": "1.81769",
            "low": "1.81769",
            "close": "1.81844"
        },
        {
            "time": "11.11.2020 16:52",
            "open": "1.81844",
            "high": "1.81844",
            "low": "1.81844",
            "close": "1.81622"
        },
        {
            "time": "11.11.2020 16:53",
            "open": "1.81622",
            "high": "1.81622",
            "low": "1.81622",
            "close": "1.82081"
        },
        {
            "time": "11.11.2020 16:55",
            "open": "1.82081",
            "high": "1.82081",
            "low": "1.82081",
            "close": "1.8209"
        },
        {
            "time": "11.11.2020 16:58",
            "open": "1.8209",
            "high": "1.82119",
            "low": "1.81842",
            "close": "1.82337"
        },
        {
            "time": "11.11.2020 17:02",
            "open": "1.82337",
            "high": "1.82338",
            "low": "1.82207",
            "close": "1.8253"
        },
        {
            "time": "11.11.2020 17:04",
            "open": "1.8253",
            "high": "1.82644",
            "low": "1.82426",
            "close": "1.82719"
        },
        {
            "time": "11.11.2020 17:06",
            "open": "1.82719",
            "high": "1.82732",
            "low": "1.82629",
            "close": "1.8256"
        },
        {
            "time": "11.11.2020 17:09",
            "open": "1.8256",
            "high": "1.8256",
            "low": "1.8256",
            "close": "1.82675"
        },
        {
            "time": "11.11.2020 17:11",
            "open": "1.82675",
            "high": "1.82675",
            "low": "1.82579",
            "close": "1.82629"
        },
        {
            "time": "11.11.2020 17:12",
            "open": "1.82629",
            "high": "1.82649",
            "low": "1.82274",
            "close": "1.82271"
        },
        {
            "time": "11.11.2020 17:15",
            "open": "1.82271",
            "high": "1.82271",
            "low": "1.82271",
            "close": "1.82519"
        },
        {
            "time": "11.11.2020 17:21",
            "open": "1.82519",
            "high": "1.82519",
            "low": "1.82519",
            "close": "1.823"
        },
        {
            "time": "11.11.2020 17:23",
            "open": "1.823",
            "high": "1.823",
            "low": "1.823",
            "close": "1.8219"
        },
        {
            "time": "11.11.2020 17:25",
            "open": "1.8219",
            "high": "1.82437",
            "low": "1.8219",
            "close": "1.82798"
        },
        {
            "time": "11.11.2020 17:27",
            "open": "1.82798",
            "high": "1.82798",
            "low": "1.82798",
            "close": "1.83"
        },
        {
            "time": "11.11.2020 17:29",
            "open": "1.83",
            "high": "1.8304",
            "low": "1.83",
            "close": "1.82844"
        },
        {
            "time": "11.11.2020 17:31",
            "open": "1.82844",
            "high": "1.82844",
            "low": "1.82842",
            "close": "1.8323"
        },
        {
            "time": "11.11.2020 17:32",
            "open": "1.8323",
            "high": "1.83236",
            "low": "1.8323",
            "close": "1.83236"
        },
        {
            "time": "11.11.2020 17:33",
            "open": "1.83236",
            "high": "1.83236",
            "low": "1.83236",
            "close": "1.8263"
        },
        {
            "time": "11.11.2020 17:34",
            "open": "1.8263",
            "high": "1.8263",
            "low": "1.8263",
            "close": "1.83236"
        },
        {
            "time": "11.11.2020 17:37",
            "open": "1.83236",
            "high": "1.83504",
            "low": "1.83236",
            "close": "1.83174"
        },
        {
            "time": "11.11.2020 17:38",
            "open": "1.83174",
            "high": "1.83174",
            "low": "1.83174",
            "close": "1.83344"
        },
        {
            "time": "11.11.2020 17:40",
            "open": "1.83344",
            "high": "1.83351",
            "low": "1.83344",
            "close": "1.83808"
        },
        {
            "time": "11.11.2020 17:41",
            "open": "1.83808",
            "high": "1.8399",
            "low": "1.83808",
            "close": "1.83796"
        },
        {
            "time": "11.11.2020 17:42",
            "open": "1.83796",
            "high": "1.84077",
            "low": "1.83796",
            "close": "1.83885"
        },
        {
            "time": "11.11.2020 17:43",
            "open": "1.83885",
            "high": "1.83999",
            "low": "1.83885",
            "close": "1.83942"
        },
        {
            "time": "11.11.2020 17:45",
            "open": "1.83942",
            "high": "1.84028",
            "low": "1.83942",
            "close": "1.83642"
        },
        {
            "time": "11.11.2020 17:46",
            "open": "1.83642",
            "high": "1.83642",
            "low": "1.83642",
            "close": "1.8362"
        },
        {
            "time": "11.11.2020 17:47",
            "open": "1.8362",
            "high": "1.83921",
            "low": "1.8333",
            "close": "1.83459"
        },
        {
            "time": "11.11.2020 17:48",
            "open": "1.83459",
            "high": "1.8358",
            "low": "1.83459",
            "close": "1.83588"
        },
        {
            "time": "11.11.2020 17:49",
            "open": "1.83588",
            "high": "1.83588",
            "low": "1.83588",
            "close": "1.83588"
        },
        {
            "time": "11.11.2020 17:50",
            "open": "1.83588",
            "high": "1.83588",
            "low": "1.83588",
            "close": "1.83588"
        },
        {
            "time": "11.11.2020 17:51",
            "open": "1.83588",
            "high": "1.83588",
            "low": "1.83588",
            "close": "1.83588"
        },
        {
            "time": "11.11.2020 17:52",
            "open": "1.83588",
            "high": "1.83588",
            "low": "1.83588",
            "close": "1.83545"
        },
        {
            "time": "11.11.2020 17:53",
            "open": "1.83545",
            "high": "1.839",
            "low": "1.83545",
            "close": "1.84151"
        },
        {
            "time": "11.11.2020 17:54",
            "open": "1.84151",
            "high": "1.84151",
            "low": "1.83966",
            "close": "1.84317"
        },
        {
            "time": "11.11.2020 17:55",
            "open": "1.84317",
            "high": "1.84317",
            "low": "1.84317",
            "close": "1.84079"
        },
        {
            "time": "11.11.2020 17:57",
            "open": "1.84079",
            "high": "1.84079",
            "low": "1.84079",
            "close": "1.84118"
        },
        {
            "time": "11.11.2020 17:58",
            "open": "1.84118",
            "high": "1.84118",
            "low": "1.84118",
            "close": "1.83979"
        },
        {
            "time": "11.11.2020 17:59",
            "open": "1.83979",
            "high": "1.83979",
            "low": "1.83979",
            "close": "1.83668"
        },
        {
            "time": "11.11.2020 18:01",
            "open": "1.83668",
            "high": "1.8378",
            "low": "1.83668",
            "close": "1.83837"
        },
        {
            "time": "11.11.2020 18:02",
            "open": "1.83837",
            "high": "1.83837",
            "low": "1.83837",
            "close": "1.83879"
        },
        {
            "time": "11.11.2020 18:03",
            "open": "1.83879",
            "high": "1.8388",
            "low": "1.83879",
            "close": "1.83765"
        },
        {
            "time": "11.11.2020 18:05",
            "open": "1.83765",
            "high": "1.83765",
            "low": "1.83765",
            "close": "1.83675"
        },
        {
            "time": "11.11.2020 18:06",
            "open": "1.83675",
            "high": "1.83675",
            "low": "1.83675",
            "close": "1.8366"
        },
        {
            "time": "11.11.2020 18:07",
            "open": "1.8366",
            "high": "1.8377",
            "low": "1.8366",
            "close": "1.83573"
        },
        {
            "time": "11.11.2020 18:08",
            "open": "1.83573",
            "high": "1.83755",
            "low": "1.83573",
            "close": "1.83552"
        },
        {
            "time": "11.11.2020 18:10",
            "open": "1.83552",
            "high": "1.8392",
            "low": "1.83552",
            "close": "1.83919"
        },
        {
            "time": "11.11.2020 18:11",
            "open": "1.83919",
            "high": "1.83919",
            "low": "1.83919",
            "close": "1.83799"
        },
        {
            "time": "11.11.2020 18:13",
            "open": "1.83799",
            "high": "1.83799",
            "low": "1.83799",
            "close": "1.84132"
        },
        {
            "time": "11.11.2020 18:16",
            "open": "1.84132",
            "high": "1.8419",
            "low": "1.84131",
            "close": "1.8455"
        },
        {
            "time": "11.11.2020 18:18",
            "open": "1.8455",
            "high": "1.8455",
            "low": "1.84062",
            "close": "1.83842"
        },
        {
            "time": "11.11.2020 18:20",
            "open": "1.83842",
            "high": "1.83842",
            "low": "1.83842",
            "close": "1.8349"
        },
        {
            "time": "11.11.2020 18:22",
            "open": "1.8349",
            "high": "1.83494",
            "low": "1.8349",
            "close": "1.8396"
        },
        {
            "time": "11.11.2020 18:25",
            "open": "1.8396",
            "high": "1.8396",
            "low": "1.8396",
            "close": "1.83799"
        },
        {
            "time": "11.11.2020 18:27",
            "open": "1.83799",
            "high": "1.83799",
            "low": "1.83799",
            "close": "1.83435"
        },
        {
            "time": "11.11.2020 18:34",
            "open": "1.83435",
            "high": "1.83435",
            "low": "1.83435",
            "close": "1.83559"
        },
        {
            "time": "11.11.2020 18:36",
            "open": "1.83559",
            "high": "1.83559",
            "low": "1.83559",
            "close": "1.83729"
        },
        {
            "time": "11.11.2020 18:37",
            "open": "1.83729",
            "high": "1.83729",
            "low": "1.83729",
            "close": "1.83277"
        },
        {
            "time": "11.11.2020 18:38",
            "open": "1.83277",
            "high": "1.83549",
            "low": "1.83277",
            "close": "1.83195"
        },
        {
            "time": "11.11.2020 18:40",
            "open": "1.83195",
            "high": "1.83529",
            "low": "1.83195",
            "close": "1.8363"
        },
        {
            "time": "11.11.2020 18:41",
            "open": "1.8363",
            "high": "1.8363",
            "low": "1.8363",
            "close": "1.83044"
        },
        {
            "time": "11.11.2020 18:52",
            "open": "1.83044",
            "high": "1.83044",
            "low": "1.82916",
            "close": "1.82818"
        },
        {
            "time": "11.11.2020 18:53",
            "open": "1.82818",
            "high": "1.83489",
            "low": "1.82818",
            "close": "1.83352"
        },
        {
            "time": "11.11.2020 18:58",
            "open": "1.83352",
            "high": "1.83393",
            "low": "1.83352",
            "close": "1.83266"
        },
        {
            "time": "11.11.2020 19:01",
            "open": "1.83266",
            "high": "1.83266",
            "low": "1.83265",
            "close": "1.83763"
        },
        {
            "time": "11.11.2020 19:05",
            "open": "1.83763",
            "high": "1.8377",
            "low": "1.83763",
            "close": "1.84065"
        },
        {
            "time": "11.11.2020 19:06",
            "open": "1.84065",
            "high": "1.84065",
            "low": "1.84065",
            "close": "1.84419"
        },
        {
            "time": "11.11.2020 19:07",
            "open": "1.84419",
            "high": "1.84482",
            "low": "1.84002",
            "close": "1.8433"
        },
        {
            "time": "11.11.2020 19:09",
            "open": "1.8433",
            "high": "1.8433",
            "low": "1.8433",
            "close": "1.83881"
        },
        {
            "time": "11.11.2020 19:10",
            "open": "1.83881",
            "high": "1.84218",
            "low": "1.83881",
            "close": "1.84117"
        },
        {
            "time": "11.11.2020 19:11",
            "open": "1.84117",
            "high": "1.84117",
            "low": "1.84117",
            "close": "1.83611"
        },
        {
            "time": "11.11.2020 19:12",
            "open": "1.83611",
            "high": "1.83611",
            "low": "1.83611",
            "close": "1.83787"
        },
        {
            "time": "11.11.2020 19:14",
            "open": "1.83787",
            "high": "1.83787",
            "low": "1.83787",
            "close": "1.83338"
        },
        {
            "time": "11.11.2020 19:17",
            "open": "1.83338",
            "high": "1.83338",
            "low": "1.83281",
            "close": "1.83618"
        },
        {
            "time": "11.11.2020 19:18",
            "open": "1.83618",
            "high": "1.83618",
            "low": "1.83618",
            "close": "1.83281"
        },
        {
            "time": "11.11.2020 19:19",
            "open": "1.83281",
            "high": "1.83281",
            "low": "1.83281",
            "close": "1.8333"
        },
        {
            "time": "11.11.2020 19:24",
            "open": "1.8333",
            "high": "1.8333",
            "low": "1.831",
            "close": "1.8352"
        },
        {
            "time": "11.11.2020 19:27",
            "open": "1.8352",
            "high": "1.83637",
            "low": "1.8352",
            "close": "1.83695"
        },
        {
            "time": "11.11.2020 19:28",
            "open": "1.83695",
            "high": "1.83699",
            "low": "1.83695",
            "close": "1.83182"
        },
        {
            "time": "11.11.2020 19:29",
            "open": "1.83182",
            "high": "1.83182",
            "low": "1.83182",
            "close": "1.8339"
        },
        {
            "time": "11.11.2020 19:33",
            "open": "1.8339",
            "high": "1.8339",
            "low": "1.8339",
            "close": "1.83201"
        },
        {
            "time": "11.11.2020 19:35",
            "open": "1.83201",
            "high": "1.83201",
            "low": "1.83201",
            "close": "1.83721"
        },
        {
            "time": "11.11.2020 19:40",
            "open": "1.83721",
            "high": "1.83721",
            "low": "1.834",
            "close": "1.84751"
        },
        {
            "time": "11.11.2020 19:48",
            "open": "1.84751",
            "high": "1.84751",
            "low": "1.84751",
            "close": "1.83788"
        },
        {
            "time": "11.11.2020 19:53",
            "open": "1.83788",
            "high": "1.8379",
            "low": "1.83788",
            "close": "1.83789"
        },
        {
            "time": "11.11.2020 19:54",
            "open": "1.83789",
            "high": "1.83789",
            "low": "1.83789",
            "close": "1.8394"
        },
        {
            "time": "11.11.2020 19:56",
            "open": "1.8394",
            "high": "1.8399",
            "low": "1.8394",
            "close": "1.834"
        },
        {
            "time": "11.11.2020 19:57",
            "open": "1.834",
            "high": "1.834",
            "low": "1.834",
            "close": "1.83085"
        },
        {
            "time": "11.11.2020 19:58",
            "open": "1.83085",
            "high": "1.83604",
            "low": "1.83085",
            "close": "1.83555"
        },
        {
            "time": "11.11.2020 19:59",
            "open": "1.83555",
            "high": "1.8371",
            "low": "1.83555",
            "close": "1.8323"
        },
        {
            "time": "11.11.2020 20:04",
            "open": "1.8323",
            "high": "1.8323",
            "low": "1.8323",
            "close": "1.83239"
        },
        {
            "time": "11.11.2020 20:05",
            "open": "1.83239",
            "high": "1.83239",
            "low": "1.83239",
            "close": "1.83631"
        },
        {
            "time": "11.11.2020 20:09",
            "open": "1.83631",
            "high": "1.83819",
            "low": "1.83631",
            "close": "1.84437"
        },
        {
            "time": "11.11.2020 20:11",
            "open": "1.84437",
            "high": "1.8444",
            "low": "1.84437",
            "close": "1.84748"
        },
        {
            "time": "11.11.2020 20:12",
            "open": "1.84748",
            "high": "1.84751",
            "low": "1.84748",
            "close": "1.84449"
        },
        {
            "time": "11.11.2020 20:17",
            "open": "1.84449",
            "high": "1.84449",
            "low": "1.84289",
            "close": "1.84403"
        },
        {
            "time": "11.11.2020 20:18",
            "open": "1.84403",
            "high": "1.84403",
            "low": "1.84403",
            "close": "1.8433"
        },
        {
            "time": "11.11.2020 20:22",
            "open": "1.8433",
            "high": "1.8433",
            "low": "1.8433",
            "close": "1.84302"
        },
        {
            "time": "11.11.2020 20:24",
            "open": "1.84302",
            "high": "1.84302",
            "low": "1.84302",
            "close": "1.83815"
        },
        {
            "time": "11.11.2020 20:26",
            "open": "1.83815",
            "high": "1.83815",
            "low": "1.83595",
            "close": "1.83892"
        },
        {
            "time": "11.11.2020 20:28",
            "open": "1.83892",
            "high": "1.83892",
            "low": "1.83776",
            "close": "1.83577"
        },
        {
            "time": "11.11.2020 20:29",
            "open": "1.83577",
            "high": "1.83901",
            "low": "1.83479",
            "close": "1.829"
        },
        {
            "time": "11.11.2020 20:30",
            "open": "1.829",
            "high": "1.829",
            "low": "1.82885",
            "close": "1.8263"
        },
        {
            "time": "11.11.2020 20:31",
            "open": "1.8263",
            "high": "1.8263",
            "low": "1.82518",
            "close": "1.82531"
        },
        {
            "time": "11.11.2020 20:32",
            "open": "1.82531",
            "high": "1.82531",
            "low": "1.8252",
            "close": "1.83174"
        },
        {
            "time": "11.11.2020 20:38",
            "open": "1.83174",
            "high": "1.83174",
            "low": "1.83174",
            "close": "1.83339"
        },
        {
            "time": "11.11.2020 20:39",
            "open": "1.83339",
            "high": "1.83341",
            "low": "1.83339",
            "close": "1.82881"
        },
        {
            "time": "11.11.2020 20:40",
            "open": "1.82881",
            "high": "1.82881",
            "low": "1.82881",
            "close": "1.83365"
        },
        {
            "time": "11.11.2020 20:41",
            "open": "1.83365",
            "high": "1.83365",
            "low": "1.83365",
            "close": "1.82897"
        },
        {
            "time": "11.11.2020 20:45",
            "open": "1.82897",
            "high": "1.82901",
            "low": "1.82897",
            "close": "1.83015"
        },
        {
            "time": "11.11.2020 20:46",
            "open": "1.83015",
            "high": "1.83015",
            "low": "1.83015",
            "close": "1.83444"
        },
        {
            "time": "11.11.2020 20:47",
            "open": "1.83444",
            "high": "1.83444",
            "low": "1.83444",
            "close": "1.83166"
        },
        {
            "time": "11.11.2020 20:50",
            "open": "1.83166",
            "high": "1.83166",
            "low": "1.83166",
            "close": "1.8349"
        },
        {
            "time": "11.11.2020 20:52",
            "open": "1.8349",
            "high": "1.8349",
            "low": "1.8349",
            "close": "1.83046"
        },
        {
            "time": "11.11.2020 21:01",
            "open": "1.83046",
            "high": "1.83053",
            "low": "1.82764",
            "close": "1.8302"
        },
        {
            "time": "11.11.2020 21:02",
            "open": "1.8302",
            "high": "1.8302",
            "low": "1.8302",
            "close": "1.82078"
        },
        {
            "time": "11.11.2020 21:06",
            "open": "1.82078",
            "high": "1.82078",
            "low": "1.82078",
            "close": "1.82185"
        },
        {
            "time": "11.11.2020 21:07",
            "open": "1.82185",
            "high": "1.82185",
            "low": "1.82185",
            "close": "1.81873"
        },
        {
            "time": "11.11.2020 21:08",
            "open": "1.81873",
            "high": "1.81873",
            "low": "1.81873",
            "close": "1.81974"
        },
        {
            "time": "11.11.2020 21:10",
            "open": "1.81974",
            "high": "1.82",
            "low": "1.81611",
            "close": "1.8201"
        },
        {
            "time": "11.11.2020 21:16",
            "open": "1.8201",
            "high": "1.8201",
            "low": "1.81993",
            "close": "1.81761"
        },
        {
            "time": "11.11.2020 21:19",
            "open": "1.82222",
            "high": "1.82222",
            "low": "1.82222",
            "close": "1.82323"
        },
        {
            "time": "11.11.2020 21:20",
            "open": "1.82323",
            "high": "1.82323",
            "low": "1.82323",
            "close": "1.8198"
        },
        {
            "time": "11.11.2020 21:21",
            "open": "1.8198",
            "high": "1.82389",
            "low": "1.8198",
            "close": "1.82262"
        },
        {
            "time": "11.11.2020 21:22",
            "open": "1.82262",
            "high": "1.82262",
            "low": "1.82262",
            "close": "1.8223"
        },
        {
            "time": "11.11.2020 21:25",
            "open": "1.8223",
            "high": "1.8223",
            "low": "1.8223",
            "close": "1.82096"
        },
        {
            "time": "11.11.2020 21:26",
            "open": "1.82096",
            "high": "1.82096",
            "low": "1.82096",
            "close": "1.81399"
        },
        {
            "time": "11.11.2020 21:27",
            "open": "1.81399",
            "high": "1.81399",
            "low": "1.81399",
            "close": "1.81557"
        },
        {
            "time": "11.11.2020 21:29",
            "open": "1.81557",
            "high": "1.81602",
            "low": "1.8125",
            "close": "1.80994"
        },
        {
            "time": "11.11.2020 21:30",
            "open": "1.80994",
            "high": "1.80994",
            "low": "1.80918",
            "close": "1.80083"
        },
        {
            "time": "11.11.2020 21:33",
            "open": "1.80083",
            "high": "1.805",
            "low": "1.80083",
            "close": "1.8067"
        },
        {
            "time": "11.11.2020 21:34",
            "open": "1.8067",
            "high": "1.8067",
            "low": "1.8067",
            "close": "1.80773"
        },
        {
            "time": "11.11.2020 21:35",
            "open": "1.80773",
            "high": "1.80773",
            "low": "1.80721",
            "close": "1.81019"
        },
        {
            "time": "11.11.2020 21:36",
            "open": "1.81019",
            "high": "1.81019",
            "low": "1.81019",
            "close": "1.8081"
        },
        {
            "time": "11.11.2020 21:37",
            "open": "1.8081",
            "high": "1.81019",
            "low": "1.8081",
            "close": "1.80698"
        },
        {
            "time": "11.11.2020 21:38",
            "open": "1.80698",
            "high": "1.80698",
            "low": "1.80698",
            "close": "1.8097"
        },
        {
            "time": "11.11.2020 21:39",
            "open": "1.8097",
            "high": "1.81019",
            "low": "1.8097",
            "close": "1.81539"
        },
        {
            "time": "11.11.2020 21:41",
            "open": "1.81539",
            "high": "1.81539",
            "low": "1.8144",
            "close": "1.81179"
        },
        {
            "time": "11.11.2020 21:42",
            "open": "1.81179",
            "high": "1.81179",
            "low": "1.81179",
            "close": "1.81256"
        },
        {
            "time": "11.11.2020 21:43",
            "open": "1.81256",
            "high": "1.81256",
            "low": "1.8091",
            "close": "1.81337"
        },
        {
            "time": "11.11.2020 21:44",
            "open": "1.81337",
            "high": "1.81337",
            "low": "1.81337",
            "close": "1.80728"
        },
        {
            "time": "11.11.2020 21:45",
            "open": "1.80728",
            "high": "1.81091",
            "low": "1.80728",
            "close": "1.8113"
        },
        {
            "time": "11.11.2020 21:49",
            "open": "1.8113",
            "high": "1.8113",
            "low": "1.8113",
            "close": "1.8107"
        },
        {
            "time": "11.11.2020 21:52",
            "open": "1.8107",
            "high": "1.8107",
            "low": "1.8107",
            "close": "1.81176"
        },
        {
            "time": "11.11.2020 21:56",
            "open": "1.81176",
            "high": "1.81176",
            "low": "1.81162",
            "close": "1.81096"
        },
        {
            "time": "11.11.2020 21:58",
            "open": "1.81096",
            "high": "1.8123",
            "low": "1.80853",
            "close": "1.81109"
        },
        {
            "time": "11.11.2020 21:59",
            "open": "1.81109",
            "high": "1.81109",
            "low": "1.81109",
            "close": "1.8142"
        },
        {
            "time": "11.11.2020 22:01",
            "open": "1.8142",
            "high": "1.8142",
            "low": "1.8142",
            "close": "1.81718"
        },
        {
            "time": "11.11.2020 22:05",
            "open": "1.81718",
            "high": "1.81731",
            "low": "1.81718",
            "close": "1.81939"
        },
        {
            "time": "11.11.2020 22:09",
            "open": "1.81939",
            "high": "1.81939",
            "low": "1.81939",
            "close": "1.81429"
        },
        {
            "time": "11.11.2020 22:11",
            "open": "1.81429",
            "high": "1.81429",
            "low": "1.81429",
            "close": "1.81427"
        },
        {
            "time": "11.11.2020 22:13",
            "open": "1.81427",
            "high": "1.81427",
            "low": "1.8142",
            "close": "1.81617"
        },
        {
            "time": "11.11.2020 22:15",
            "open": "1.81617",
            "high": "1.81645",
            "low": "1.81617",
            "close": "1.8166"
        },
        {
            "time": "11.11.2020 22:16",
            "open": "1.8166",
            "high": "1.8166",
            "low": "1.8166",
            "close": "1.8169"
        },
        {
            "time": "11.11.2020 22:17",
            "open": "1.8169",
            "high": "1.8169",
            "low": "1.8169",
            "close": "1.81394"
        },
        {
            "time": "11.11.2020 22:19",
            "open": "1.81394",
            "high": "1.81717",
            "low": "1.81394",
            "close": "1.81718"
        },
        {
            "time": "11.11.2020 22:20",
            "open": "1.81718",
            "high": "1.8172",
            "low": "1.81718",
            "close": "1.81638"
        },
        {
            "time": "11.11.2020 22:21",
            "open": "1.81638",
            "high": "1.81639",
            "low": "1.81638",
            "close": "1.80698"
        },
        {
            "time": "11.11.2020 22:25",
            "open": "1.80698",
            "high": "1.80698",
            "low": "1.80698",
            "close": "1.80651"
        },
        {
            "time": "11.11.2020 22:26",
            "open": "1.80651",
            "high": "1.80651",
            "low": "1.80651",
            "close": "1.80599"
        },
        {
            "time": "11.11.2020 22:27",
            "open": "1.80599",
            "high": "1.80599",
            "low": "1.80599",
            "close": "1.81367"
        },
        {
            "time": "11.11.2020 22:29",
            "open": "1.81367",
            "high": "1.81367",
            "low": "1.8131",
            "close": "1.81783"
        },
        {
            "time": "11.11.2020 22:31",
            "open": "1.81783",
            "high": "1.81783",
            "low": "1.81523",
            "close": "1.81527"
        },
        {
            "time": "11.11.2020 22:32",
            "open": "1.81527",
            "high": "1.81527",
            "low": "1.81527",
            "close": "1.8188"
        },
        {
            "time": "11.11.2020 22:35",
            "open": "1.8188",
            "high": "1.8188",
            "low": "1.8188",
            "close": "1.81647"
        },
        {
            "time": "11.11.2020 22:38",
            "open": "1.81647",
            "high": "1.81647",
            "low": "1.81647",
            "close": "1.81745"
        },
        {
            "time": "11.11.2020 22:39",
            "open": "1.81745",
            "high": "1.81745",
            "low": "1.81745",
            "close": "1.81389"
        },
        {
            "time": "11.11.2020 22:40",
            "open": "1.81389",
            "high": "1.8163",
            "low": "1.81389",
            "close": "1.81437"
        },
        {
            "time": "11.11.2020 22:49",
            "open": "1.81437",
            "high": "1.81439",
            "low": "1.81437",
            "close": "1.81542"
        },
        {
            "time": "11.11.2020 22:50",
            "open": "1.81542",
            "high": "1.8163",
            "low": "1.81542",
            "close": "1.82094"
        },
        {
            "time": "11.11.2020 22:53",
            "open": "1.82094",
            "high": "1.82094",
            "low": "1.82094",
            "close": "1.82295"
        },
        {
            "time": "11.11.2020 22:57",
            "open": "1.82295",
            "high": "1.82439",
            "low": "1.82295",
            "close": "1.82218"
        },
        {
            "time": "11.11.2020 22:59",
            "open": "1.82218",
            "high": "1.82451",
            "low": "1.82105",
            "close": "1.8236"
        },
        {
            "time": "11.11.2020 23:04",
            "open": "1.8236",
            "high": "1.8236",
            "low": "1.8236",
            "close": "1.8223"
        },
        {
            "time": "11.11.2020 23:05",
            "open": "1.8223",
            "high": "1.8223",
            "low": "1.8223",
            "close": "1.82178"
        },
        {
            "time": "11.11.2020 23:06",
            "open": "1.82178",
            "high": "1.82178",
            "low": "1.82178",
            "close": "1.82437"
        },
        {
            "time": "11.11.2020 23:11",
            "open": "1.82437",
            "high": "1.82437",
            "low": "1.82437",
            "close": "1.82588"
        },
        {
            "time": "11.11.2020 23:15",
            "open": "1.82588",
            "high": "1.82588",
            "low": "1.82588",
            "close": "1.82277"
        },
        {
            "time": "11.11.2020 23:18",
            "open": "1.82277",
            "high": "1.82277",
            "low": "1.82277",
            "close": "1.8253"
        },
        {
            "time": "11.11.2020 23:19",
            "open": "1.8253",
            "high": "1.8253",
            "low": "1.8253",
            "close": "1.82658"
        },
        {
            "time": "11.11.2020 23:20",
            "open": "1.82658",
            "high": "1.82658",
            "low": "1.82658",
            "close": "1.82241"
        },
        {
            "time": "11.11.2020 23:22",
            "open": "1.82241",
            "high": "1.8244",
            "low": "1.82241",
            "close": "1.82298"
        },
        {
            "time": "11.11.2020 23:24",
            "open": "1.82298",
            "high": "1.82298",
            "low": "1.82298",
            "close": "1.82477"
        },
        {
            "time": "11.11.2020 23:29",
            "open": "1.82477",
            "high": "1.82477",
            "low": "1.82477",
            "close": "1.82068"
        },
        {
            "time": "11.11.2020 23:30",
            "open": "1.82068",
            "high": "1.82068",
            "low": "1.82068",
            "close": "1.8214"
        },
        {
            "time": "11.11.2020 23:31",
            "open": "1.8214",
            "high": "1.82241",
            "low": "1.81851",
            "close": "1.81976"
        },
        {
            "time": "11.11.2020 23:40",
            "open": "1.81976",
            "high": "1.81976",
            "low": "1.81976",
            "close": "1.81984"
        },
        {
            "time": "11.11.2020 23:43",
            "open": "1.81984",
            "high": "1.8228",
            "low": "1.81979",
            "close": "1.8219"
        },
        {
            "time": "11.11.2020 23:44",
            "open": "1.8219",
            "high": "1.8228",
            "low": "1.8219",
            "close": "1.822"
        },
        {
            "time": "11.11.2020 23:46",
            "open": "1.822",
            "high": "1.822",
            "low": "1.822",
            "close": "1.82125"
        },
        {
            "time": "11.11.2020 23:53",
            "open": "1.82125",
            "high": "1.82288",
            "low": "1.82125",
            "close": "1.81754"
        }
    ]
}