{
    "XTZ-EUR": [
        {
            "time": "17.07.2021 23:58",
            "open": "2.06274",
            "high": "2.06274",
            "low": "2.06274",
            "close": "2.06352"
        },
        {
            "time": "18.07.2021 00:00",
            "open": "2.06352",
            "high": "2.06352",
            "low": "2.05993",
            "close": "2.06229"
        },
        {
            "time": "18.07.2021 00:02",
            "open": "2.06229",
            "high": "2.06229",
            "low": "2.06229",
            "close": "2.05793"
        },
        {
            "time": "18.07.2021 00:08",
            "open": "2.05793",
            "high": "2.05793",
            "low": "2.05662",
            "close": "2.06187"
        },
        {
            "time": "18.07.2021 00:15",
            "open": "2.06187",
            "high": "2.06219",
            "low": "2.04958",
            "close": "2.04927"
        },
        {
            "time": "18.07.2021 00:16",
            "open": "2.04927",
            "high": "2.05218",
            "low": "2.04927",
            "close": "2.05687"
        },
        {
            "time": "18.07.2021 00:17",
            "open": "2.05687",
            "high": "2.05687",
            "low": "2.05687",
            "close": "2.05666"
        },
        {
            "time": "18.07.2021 00:18",
            "open": "2.05666",
            "high": "2.05666",
            "low": "2.05666",
            "close": "2.05692"
        },
        {
            "time": "18.07.2021 00:23",
            "open": "2.05692",
            "high": "2.05692",
            "low": "2.05692",
            "close": "2.05696"
        },
        {
            "time": "18.07.2021 00:36",
            "open": "2.05696",
            "high": "2.05696",
            "low": "2.05666",
            "close": "2.0593"
        },
        {
            "time": "18.07.2021 00:37",
            "open": "2.0593",
            "high": "2.05938",
            "low": "2.0593",
            "close": "2.05654"
        },
        {
            "time": "18.07.2021 00:38",
            "open": "2.05654",
            "high": "2.05675",
            "low": "2.05654",
            "close": "2.05564"
        },
        {
            "time": "18.07.2021 00:40",
            "open": "2.05564",
            "high": "2.05564",
            "low": "2.05564",
            "close": "2.05516"
        },
        {
            "time": "18.07.2021 00:41",
            "open": "2.05516",
            "high": "2.05516",
            "low": "2.05516",
            "close": "2.05531"
        },
        {
            "time": "18.07.2021 00:43",
            "open": "2.05531",
            "high": "2.05531",
            "low": "2.05275",
            "close": "2.05494"
        },
        {
            "time": "18.07.2021 00:45",
            "open": "2.05494",
            "high": "2.05564",
            "low": "2.05494",
            "close": "2.05931"
        },
        {
            "time": "18.07.2021 00:53",
            "open": "2.05931",
            "high": "2.05931",
            "low": "2.05931",
            "close": "2.05931"
        },
        {
            "time": "18.07.2021 00:55",
            "open": "2.05931",
            "high": "2.05931",
            "low": "2.05931",
            "close": "2.04727"
        },
        {
            "time": "18.07.2021 01:01",
            "open": "2.04727",
            "high": "2.04727",
            "low": "2.045",
            "close": "2.04753"
        },
        {
            "time": "18.07.2021 01:03",
            "open": "2.04753",
            "high": "2.04753",
            "low": "2.04402",
            "close": "2.04785"
        },
        {
            "time": "18.07.2021 01:04",
            "open": "2.04785",
            "high": "2.04785",
            "low": "2.04785",
            "close": "2.04203"
        },
        {
            "time": "18.07.2021 01:10",
            "open": "2.04203",
            "high": "2.04205",
            "low": "2.04203",
            "close": "2.04801"
        },
        {
            "time": "18.07.2021 01:13",
            "open": "2.04801",
            "high": "2.04801",
            "low": "2.04801",
            "close": "2.04932"
        },
        {
            "time": "18.07.2021 01:14",
            "open": "2.04932",
            "high": "2.04932",
            "low": "2.04932",
            "close": "2.04638"
        },
        {
            "time": "18.07.2021 01:15",
            "open": "2.04638",
            "high": "2.04638",
            "low": "2.04638",
            "close": "2.0488"
        },
        {
            "time": "18.07.2021 01:21",
            "open": "2.0488",
            "high": "2.0488",
            "low": "2.0488",
            "close": "2.04851"
        },
        {
            "time": "18.07.2021 01:23",
            "open": "2.04851",
            "high": "2.04906",
            "low": "2.04843",
            "close": "2.04661"
        },
        {
            "time": "18.07.2021 01:34",
            "open": "2.04661",
            "high": "2.04661",
            "low": "2.04661",
            "close": "2.04561"
        },
        {
            "time": "18.07.2021 01:36",
            "open": "2.04561",
            "high": "2.04561",
            "low": "2.04561",
            "close": "2.04032"
        },
        {
            "time": "18.07.2021 01:39",
            "open": "2.04032",
            "high": "2.04032",
            "low": "2.04032",
            "close": "2.04131"
        },
        {
            "time": "18.07.2021 01:40",
            "open": "2.04131",
            "high": "2.04131",
            "low": "2.04131",
            "close": "2.04216"
        },
        {
            "time": "18.07.2021 01:42",
            "open": "2.04216",
            "high": "2.04216",
            "low": "2.04216",
            "close": "2.05034"
        },
        {
            "time": "18.07.2021 01:45",
            "open": "2.05034",
            "high": "2.05034",
            "low": "2.05034",
            "close": "2.04189"
        },
        {
            "time": "18.07.2021 01:46",
            "open": "2.04189",
            "high": "2.04189",
            "low": "2.04",
            "close": "2.03766"
        },
        {
            "time": "18.07.2021 01:47",
            "open": "2.03766",
            "high": "2.03766",
            "low": "2.03667",
            "close": "2.03779"
        },
        {
            "time": "18.07.2021 01:50",
            "open": "2.03779",
            "high": "2.03779",
            "low": "2.03779",
            "close": "2.04215"
        },
        {
            "time": "18.07.2021 01:54",
            "open": "2.04215",
            "high": "2.04215",
            "low": "2.04215",
            "close": "2.03944"
        },
        {
            "time": "18.07.2021 02:01",
            "open": "2.03944",
            "high": "2.03944",
            "low": "2.03944",
            "close": "2.04055"
        },
        {
            "time": "18.07.2021 02:03",
            "open": "2.04055",
            "high": "2.04055",
            "low": "2.04055",
            "close": "2.0457"
        },
        {
            "time": "18.07.2021 02:05",
            "open": "2.0457",
            "high": "2.05348",
            "low": "2.0457",
            "close": "2.04966"
        },
        {
            "time": "18.07.2021 02:06",
            "open": "2.04966",
            "high": "2.04966",
            "low": "2.04936",
            "close": "2.04634"
        },
        {
            "time": "18.07.2021 02:08",
            "open": "2.04634",
            "high": "2.04634",
            "low": "2.04634",
            "close": "2.04574"
        },
        {
            "time": "18.07.2021 02:12",
            "open": "2.04574",
            "high": "2.04574",
            "low": "2.04574",
            "close": "2.04771"
        },
        {
            "time": "18.07.2021 02:18",
            "open": "2.04771",
            "high": "2.04771",
            "low": "2.04771",
            "close": "2.05285"
        },
        {
            "time": "18.07.2021 02:28",
            "open": "2.05285",
            "high": "2.05287",
            "low": "2.05285",
            "close": "2.055"
        },
        {
            "time": "18.07.2021 02:31",
            "open": "2.055",
            "high": "2.055",
            "low": "2.055",
            "close": "2.06"
        },
        {
            "time": "18.07.2021 02:35",
            "open": "2.06",
            "high": "2.06781",
            "low": "2.06",
            "close": "2.06996"
        },
        {
            "time": "18.07.2021 02:36",
            "open": "2.06996",
            "high": "2.07",
            "low": "2.06996",
            "close": "2.07374"
        },
        {
            "time": "18.07.2021 02:38",
            "open": "2.07374",
            "high": "2.07374",
            "low": "2.07374",
            "close": "2.075"
        },
        {
            "time": "18.07.2021 02:39",
            "open": "2.075",
            "high": "2.08",
            "low": "2.075",
            "close": "2.085"
        },
        {
            "time": "18.07.2021 02:46",
            "open": "2.085",
            "high": "2.085",
            "low": "2.08153",
            "close": "2.0836"
        },
        {
            "time": "18.07.2021 02:48",
            "open": "2.0836",
            "high": "2.0836",
            "low": "2.08129",
            "close": "2.0772"
        },
        {
            "time": "18.07.2021 02:49",
            "open": "2.0772",
            "high": "2.0772",
            "low": "2.07574",
            "close": "2.0843"
        },
        {
            "time": "18.07.2021 02:51",
            "open": "2.0843",
            "high": "2.08486",
            "low": "2.0843",
            "close": "2.0873"
        },
        {
            "time": "18.07.2021 02:54",
            "open": "2.0873",
            "high": "2.0873",
            "low": "2.0873",
            "close": "2.09"
        },
        {
            "time": "18.07.2021 02:55",
            "open": "2.09",
            "high": "2.1047",
            "low": "2.09",
            "close": "2.09724"
        },
        {
            "time": "18.07.2021 02:56",
            "open": "2.09724",
            "high": "2.09724",
            "low": "2.09375",
            "close": "2.09"
        },
        {
            "time": "18.07.2021 02:57",
            "open": "2.09",
            "high": "2.09",
            "low": "2.09",
            "close": "2.1"
        },
        {
            "time": "18.07.2021 03:01",
            "open": "2.1",
            "high": "2.1",
            "low": "2.1",
            "close": "2.09835"
        },
        {
            "time": "18.07.2021 03:02",
            "open": "2.09835",
            "high": "2.09835",
            "low": "2.09409",
            "close": "2.09"
        },
        {
            "time": "18.07.2021 03:05",
            "open": "2.09",
            "high": "2.09",
            "low": "2.09",
            "close": "2.09921"
        },
        {
            "time": "18.07.2021 03:09",
            "open": "2.09921",
            "high": "2.09921",
            "low": "2.09921",
            "close": "2.095"
        },
        {
            "time": "18.07.2021 03:11",
            "open": "2.095",
            "high": "2.095",
            "low": "2.095",
            "close": "2.09979"
        },
        {
            "time": "18.07.2021 03:13",
            "open": "2.09979",
            "high": "2.09979",
            "low": "2.09979",
            "close": "2.09833"
        },
        {
            "time": "18.07.2021 03:14",
            "open": "2.09833",
            "high": "2.1",
            "low": "2.09833",
            "close": "2.1006"
        },
        {
            "time": "18.07.2021 03:20",
            "open": "2.1006",
            "high": "2.10122",
            "low": "2.09867",
            "close": "2.09794"
        },
        {
            "time": "18.07.2021 03:21",
            "open": "2.09794",
            "high": "2.10082",
            "low": "2.09794",
            "close": "2.10439"
        },
        {
            "time": "18.07.2021 03:29",
            "open": "2.10439",
            "high": "2.10439",
            "low": "2.10439",
            "close": "2.10062"
        },
        {
            "time": "18.07.2021 03:30",
            "open": "2.10062",
            "high": "2.10224",
            "low": "2.09835",
            "close": "2.1016"
        },
        {
            "time": "18.07.2021 03:31",
            "open": "2.1016",
            "high": "2.105",
            "low": "2.1016",
            "close": "2.105"
        },
        {
            "time": "18.07.2021 03:33",
            "open": "2.105",
            "high": "2.105",
            "low": "2.105",
            "close": "2.10361"
        },
        {
            "time": "18.07.2021 03:34",
            "open": "2.10361",
            "high": "2.10361",
            "low": "2.10359",
            "close": "2.10228"
        },
        {
            "time": "18.07.2021 03:38",
            "open": "2.10228",
            "high": "2.10228",
            "low": "2.10228",
            "close": "2.10233"
        },
        {
            "time": "18.07.2021 03:44",
            "open": "2.10233",
            "high": "2.10347",
            "low": "2.10233",
            "close": "2.09857"
        },
        {
            "time": "18.07.2021 03:48",
            "open": "2.09857",
            "high": "2.09857",
            "low": "2.09857",
            "close": "2.10256"
        },
        {
            "time": "18.07.2021 03:49",
            "open": "2.10256",
            "high": "2.10256",
            "low": "2.10256",
            "close": "2.10079"
        },
        {
            "time": "18.07.2021 03:53",
            "open": "2.10079",
            "high": "2.10079",
            "low": "2.10079",
            "close": "2.10337"
        },
        {
            "time": "18.07.2021 03:55",
            "open": "2.10337",
            "high": "2.10337",
            "low": "2.10337",
            "close": "2.10066"
        },
        {
            "time": "18.07.2021 04:00",
            "open": "2.10066",
            "high": "2.10066",
            "low": "2.10066",
            "close": "2.09805"
        },
        {
            "time": "18.07.2021 04:02",
            "open": "2.09805",
            "high": "2.09805",
            "low": "2.09805",
            "close": "2.095"
        },
        {
            "time": "18.07.2021 04:04",
            "open": "2.095",
            "high": "2.095",
            "low": "2.095",
            "close": "2.09805"
        },
        {
            "time": "18.07.2021 04:06",
            "open": "2.09805",
            "high": "2.09805",
            "low": "2.09805",
            "close": "2.10302"
        },
        {
            "time": "18.07.2021 04:09",
            "open": "2.10302",
            "high": "2.10302",
            "low": "2.10302",
            "close": "2.1032"
        },
        {
            "time": "18.07.2021 04:15",
            "open": "2.1032",
            "high": "2.1032",
            "low": "2.1032",
            "close": "2.105"
        },
        {
            "time": "18.07.2021 04:16",
            "open": "2.105",
            "high": "2.105",
            "low": "2.105",
            "close": "2.10688"
        },
        {
            "time": "18.07.2021 04:18",
            "open": "2.10688",
            "high": "2.10688",
            "low": "2.10688",
            "close": "2.10705"
        },
        {
            "time": "18.07.2021 04:19",
            "open": "2.10705",
            "high": "2.10705",
            "low": "2.10705",
            "close": "2.10733"
        },
        {
            "time": "18.07.2021 04:27",
            "open": "2.10733",
            "high": "2.11",
            "low": "2.10733",
            "close": "2.11002"
        },
        {
            "time": "18.07.2021 04:28",
            "open": "2.11002",
            "high": "2.11002",
            "low": "2.11002",
            "close": "2.11028"
        },
        {
            "time": "18.07.2021 04:29",
            "open": "2.11028",
            "high": "2.11028",
            "low": "2.11028",
            "close": "2.11235"
        },
        {
            "time": "18.07.2021 04:32",
            "open": "2.11235",
            "high": "2.11235",
            "low": "2.11235",
            "close": "2.11235"
        },
        {
            "time": "18.07.2021 04:33",
            "open": "2.11235",
            "high": "2.11235",
            "low": "2.11235",
            "close": "2.101"
        },
        {
            "time": "18.07.2021 04:37",
            "open": "2.101",
            "high": "2.101",
            "low": "2.08347",
            "close": "2.08731"
        },
        {
            "time": "18.07.2021 04:38",
            "open": "2.08731",
            "high": "2.08788",
            "low": "2.08731",
            "close": "2.095"
        },
        {
            "time": "18.07.2021 04:43",
            "open": "2.095",
            "high": "2.095",
            "low": "2.095",
            "close": "2.0949"
        },
        {
            "time": "18.07.2021 04:44",
            "open": "2.0949",
            "high": "2.0949",
            "low": "2.0949",
            "close": "2.09491"
        },
        {
            "time": "18.07.2021 04:45",
            "open": "2.09491",
            "high": "2.09491",
            "low": "2.09491",
            "close": "2.09674"
        },
        {
            "time": "18.07.2021 04:47",
            "open": "2.09674",
            "high": "2.09674",
            "low": "2.09674",
            "close": "2.0949"
        },
        {
            "time": "18.07.2021 04:49",
            "open": "2.0949",
            "high": "2.0949",
            "low": "2.0949",
            "close": "2.0949"
        },
        {
            "time": "18.07.2021 04:50",
            "open": "2.0949",
            "high": "2.0949",
            "low": "2.0949",
            "close": "2.0949"
        },
        {
            "time": "18.07.2021 04:51",
            "open": "2.0949",
            "high": "2.0949",
            "low": "2.0949",
            "close": "2.0949"
        },
        {
            "time": "18.07.2021 04:52",
            "open": "2.0949",
            "high": "2.0949",
            "low": "2.0949",
            "close": "2.09491"
        },
        {
            "time": "18.07.2021 04:53",
            "open": "2.09491",
            "high": "2.09491",
            "low": "2.0949",
            "close": "2.09491"
        },
        {
            "time": "18.07.2021 04:55",
            "open": "2.09491",
            "high": "2.09606",
            "low": "2.09491",
            "close": "2.09924"
        },
        {
            "time": "18.07.2021 04:56",
            "open": "2.09924",
            "high": "2.09924",
            "low": "2.0949",
            "close": "2.0949"
        },
        {
            "time": "18.07.2021 04:57",
            "open": "2.0949",
            "high": "2.0949",
            "low": "2.0949",
            "close": "2.09491"
        },
        {
            "time": "18.07.2021 04:58",
            "open": "2.09491",
            "high": "2.0965",
            "low": "2.09491",
            "close": "2.0949"
        },
        {
            "time": "18.07.2021 05:06",
            "open": "2.0949",
            "high": "2.0949",
            "low": "2.0949",
            "close": "2.0949"
        },
        {
            "time": "18.07.2021 05:07",
            "open": "2.0949",
            "high": "2.0949",
            "low": "2.0949",
            "close": "2.0949"
        },
        {
            "time": "18.07.2021 05:08",
            "open": "2.0949",
            "high": "2.0949",
            "low": "2.0949",
            "close": "2.0949"
        },
        {
            "time": "18.07.2021 05:10",
            "open": "2.0949",
            "high": "2.0965",
            "low": "2.0949",
            "close": "2.09511"
        },
        {
            "time": "18.07.2021 05:11",
            "open": "2.09511",
            "high": "2.09533",
            "low": "2.09331",
            "close": "2.09261"
        },
        {
            "time": "18.07.2021 05:12",
            "open": "2.09261",
            "high": "2.09261",
            "low": "2.09261",
            "close": "2.09079"
        },
        {
            "time": "18.07.2021 05:13",
            "open": "2.09079",
            "high": "2.09079",
            "low": "2.09079",
            "close": "2.09303"
        },
        {
            "time": "18.07.2021 05:15",
            "open": "2.09303",
            "high": "2.09303",
            "low": "2.09303",
            "close": "2.09387"
        },
        {
            "time": "18.07.2021 05:20",
            "open": "2.09387",
            "high": "2.09387",
            "low": "2.09387",
            "close": "2.0885"
        },
        {
            "time": "18.07.2021 05:31",
            "open": "2.0885",
            "high": "2.0885",
            "low": "2.0885",
            "close": "2.09047"
        },
        {
            "time": "18.07.2021 05:41",
            "open": "2.09047",
            "high": "2.09047",
            "low": "2.09047",
            "close": "2.0976"
        },
        {
            "time": "18.07.2021 05:52",
            "open": "2.0976",
            "high": "2.09796",
            "low": "2.09549",
            "close": "2.09757"
        },
        {
            "time": "18.07.2021 05:58",
            "open": "2.09757",
            "high": "2.0979",
            "low": "2.09531",
            "close": "2.09804"
        },
        {
            "time": "18.07.2021 06:01",
            "open": "2.09804",
            "high": "2.09804",
            "low": "2.09804",
            "close": "2.1"
        },
        {
            "time": "18.07.2021 06:03",
            "open": "2.1",
            "high": "2.1",
            "low": "2.1",
            "close": "2.1"
        },
        {
            "time": "18.07.2021 06:07",
            "open": "2.1",
            "high": "2.1",
            "low": "2.1",
            "close": "2.09579"
        },
        {
            "time": "18.07.2021 06:09",
            "open": "2.09579",
            "high": "2.09579",
            "low": "2.09579",
            "close": "2.09485"
        },
        {
            "time": "18.07.2021 06:11",
            "open": "2.09485",
            "high": "2.09485",
            "low": "2.08328",
            "close": "2.08175"
        },
        {
            "time": "18.07.2021 06:13",
            "open": "2.08175",
            "high": "2.08184",
            "low": "2.08175",
            "close": "2.08417"
        },
        {
            "time": "18.07.2021 06:14",
            "open": "2.08417",
            "high": "2.08417",
            "low": "2.08417",
            "close": "2.08352"
        },
        {
            "time": "18.07.2021 06:19",
            "open": "2.08352",
            "high": "2.08352",
            "low": "2.08352",
            "close": "2.08452"
        },
        {
            "time": "18.07.2021 06:20",
            "open": "2.08452",
            "high": "2.08452",
            "low": "2.08452",
            "close": "2.08743"
        },
        {
            "time": "18.07.2021 06:31",
            "open": "2.08743",
            "high": "2.08743",
            "low": "2.08743",
            "close": "2.08342"
        },
        {
            "time": "18.07.2021 06:42",
            "open": "2.08342",
            "high": "2.08404",
            "low": "2.08342",
            "close": "2.08493"
        },
        {
            "time": "18.07.2021 06:45",
            "open": "2.08493",
            "high": "2.08493",
            "low": "2.08493",
            "close": "2.08"
        },
        {
            "time": "18.07.2021 06:51",
            "open": "2.08",
            "high": "2.08",
            "low": "2.07879",
            "close": "2.08232"
        },
        {
            "time": "18.07.2021 06:59",
            "open": "2.08232",
            "high": "2.08232",
            "low": "2.08232",
            "close": "2.0821"
        },
        {
            "time": "18.07.2021 07:04",
            "open": "2.0821",
            "high": "2.08325",
            "low": "2.0821",
            "close": "2.08469"
        },
        {
            "time": "18.07.2021 07:06",
            "open": "2.08469",
            "high": "2.08469",
            "low": "2.08469",
            "close": "2.08743"
        },
        {
            "time": "18.07.2021 07:07",
            "open": "2.08743",
            "high": "2.08743",
            "low": "2.08743",
            "close": "2.08175"
        },
        {
            "time": "18.07.2021 07:13",
            "open": "2.08175",
            "high": "2.08175",
            "low": "2.08175",
            "close": "2.08386"
        },
        {
            "time": "18.07.2021 07:20",
            "open": "2.08386",
            "high": "2.08386",
            "low": "2.08386",
            "close": "2.08531"
        },
        {
            "time": "18.07.2021 07:22",
            "open": "2.08531",
            "high": "2.08532",
            "low": "2.08531",
            "close": "2.08771"
        },
        {
            "time": "18.07.2021 07:40",
            "open": "2.08771",
            "high": "2.08784",
            "low": "2.08771",
            "close": "2.09"
        },
        {
            "time": "18.07.2021 07:44",
            "open": "2.09",
            "high": "2.09",
            "low": "2.09",
            "close": "2.08682"
        },
        {
            "time": "18.07.2021 07:57",
            "open": "2.08682",
            "high": "2.08682",
            "low": "2.08682",
            "close": "2.08"
        },
        {
            "time": "18.07.2021 08:06",
            "open": "2.08",
            "high": "2.08",
            "low": "2.075",
            "close": "2.07"
        },
        {
            "time": "18.07.2021 08:07",
            "open": "2.07",
            "high": "2.07",
            "low": "2.07",
            "close": "2.06826"
        },
        {
            "time": "18.07.2021 08:08",
            "open": "2.06826",
            "high": "2.06826",
            "low": "2.06826",
            "close": "2.06605"
        },
        {
            "time": "18.07.2021 08:11",
            "open": "2.06605",
            "high": "2.06606",
            "low": "2.065",
            "close": "2.06871"
        },
        {
            "time": "18.07.2021 08:14",
            "open": "2.06871",
            "high": "2.06871",
            "low": "2.06871",
            "close": "2.0707"
        },
        {
            "time": "18.07.2021 08:18",
            "open": "2.0707",
            "high": "2.0707",
            "low": "2.0707",
            "close": "2.06918"
        },
        {
            "time": "18.07.2021 08:20",
            "open": "2.06918",
            "high": "2.06918",
            "low": "2.06918",
            "close": "2.075"
        },
        {
            "time": "18.07.2021 08:25",
            "open": "2.075",
            "high": "2.07606",
            "low": "2.075",
            "close": "2.07521"
        },
        {
            "time": "18.07.2021 08:30",
            "open": "2.07521",
            "high": "2.07521",
            "low": "2.07444",
            "close": "2.07553"
        },
        {
            "time": "18.07.2021 08:34",
            "open": "2.07553",
            "high": "2.07553",
            "low": "2.07553",
            "close": "2.07202"
        },
        {
            "time": "18.07.2021 08:40",
            "open": "2.07202",
            "high": "2.07202",
            "low": "2.07202",
            "close": "2.07197"
        },
        {
            "time": "18.07.2021 08:42",
            "open": "2.07197",
            "high": "2.07197",
            "low": "2.07197",
            "close": "2.06825"
        },
        {
            "time": "18.07.2021 08:47",
            "open": "2.06825",
            "high": "2.06825",
            "low": "2.06825",
            "close": "2.065"
        },
        {
            "time": "18.07.2021 08:48",
            "open": "2.065",
            "high": "2.065",
            "low": "2.065",
            "close": "2.06934"
        },
        {
            "time": "18.07.2021 09:08",
            "open": "2.06934",
            "high": "2.06934",
            "low": "2.06934",
            "close": "2.06861"
        },
        {
            "time": "18.07.2021 09:09",
            "open": "2.06861",
            "high": "2.06861",
            "low": "2.06861",
            "close": "2.06903"
        },
        {
            "time": "18.07.2021 09:13",
            "open": "2.06903",
            "high": "2.06903",
            "low": "2.06903",
            "close": "2.072"
        },
        {
            "time": "18.07.2021 09:14",
            "open": "2.072",
            "high": "2.072",
            "low": "2.072",
            "close": "2.07161"
        },
        {
            "time": "18.07.2021 09:17",
            "open": "2.07161",
            "high": "2.07161",
            "low": "2.07161",
            "close": "2.07003"
        },
        {
            "time": "18.07.2021 09:20",
            "open": "2.07003",
            "high": "2.07003",
            "low": "2.06927",
            "close": "2.07058"
        },
        {
            "time": "18.07.2021 09:30",
            "open": "2.07058",
            "high": "2.07058",
            "low": "2.07058",
            "close": "2.075"
        },
        {
            "time": "18.07.2021 09:31",
            "open": "2.075",
            "high": "2.075",
            "low": "2.075",
            "close": "2.07553"
        },
        {
            "time": "18.07.2021 09:37",
            "open": "2.07553",
            "high": "2.07553",
            "low": "2.07553",
            "close": "2.07062"
        },
        {
            "time": "18.07.2021 09:42",
            "open": "2.07062",
            "high": "2.07062",
            "low": "2.07062",
            "close": "2.07299"
        },
        {
            "time": "18.07.2021 09:47",
            "open": "2.07299",
            "high": "2.07299",
            "low": "2.07299",
            "close": "2.07584"
        },
        {
            "time": "18.07.2021 09:48",
            "open": "2.07584",
            "high": "2.07584",
            "low": "2.07584",
            "close": "2.08"
        },
        {
            "time": "18.07.2021 09:49",
            "open": "2.08",
            "high": "2.0827",
            "low": "2.08",
            "close": "2.07882"
        },
        {
            "time": "18.07.2021 09:51",
            "open": "2.07882",
            "high": "2.07902",
            "low": "2.07882",
            "close": "2.07"
        },
        {
            "time": "18.07.2021 09:56",
            "open": "2.07",
            "high": "2.07",
            "low": "2.07",
            "close": "2.07424"
        },
        {
            "time": "18.07.2021 10:05",
            "open": "2.07424",
            "high": "2.07424",
            "low": "2.07389",
            "close": "2.07418"
        },
        {
            "time": "18.07.2021 10:10",
            "open": "2.07418",
            "high": "2.07418",
            "low": "2.07418",
            "close": "2.07548"
        },
        {
            "time": "18.07.2021 10:13",
            "open": "2.07548",
            "high": "2.07548",
            "low": "2.07418",
            "close": "2.08"
        },
        {
            "time": "18.07.2021 10:19",
            "open": "2.08",
            "high": "2.08",
            "low": "2.08",
            "close": "2.085"
        },
        {
            "time": "18.07.2021 10:20",
            "open": "2.085",
            "high": "2.085",
            "low": "2.085",
            "close": "2.07279"
        },
        {
            "time": "18.07.2021 10:33",
            "open": "2.07279",
            "high": "2.07279",
            "low": "2.07279",
            "close": "2.07411"
        },
        {
            "time": "18.07.2021 10:38",
            "open": "2.07411",
            "high": "2.07426",
            "low": "2.07411",
            "close": "2.07897"
        },
        {
            "time": "18.07.2021 10:40",
            "open": "2.07897",
            "high": "2.07897",
            "low": "2.07897",
            "close": "2.07801"
        },
        {
            "time": "18.07.2021 10:41",
            "open": "2.07801",
            "high": "2.07801",
            "low": "2.07801",
            "close": "2.07395"
        },
        {
            "time": "18.07.2021 10:47",
            "open": "2.07395",
            "high": "2.0763",
            "low": "2.07395",
            "close": "2.07662"
        },
        {
            "time": "18.07.2021 10:49",
            "open": "2.07662",
            "high": "2.0771",
            "low": "2.07662",
            "close": "2.0796"
        },
        {
            "time": "18.07.2021 10:50",
            "open": "2.0796",
            "high": "2.07983",
            "low": "2.0796",
            "close": "2.0771"
        },
        {
            "time": "18.07.2021 10:54",
            "open": "2.0771",
            "high": "2.0771",
            "low": "2.0771",
            "close": "2.07761"
        },
        {
            "time": "18.07.2021 10:57",
            "open": "2.07761",
            "high": "2.07761",
            "low": "2.07761",
            "close": "2.07746"
        },
        {
            "time": "18.07.2021 10:58",
            "open": "2.07746",
            "high": "2.07746",
            "low": "2.07713",
            "close": "2.07657"
        },
        {
            "time": "18.07.2021 11:02",
            "open": "2.07657",
            "high": "2.07657",
            "low": "2.07657",
            "close": "2.07657"
        },
        {
            "time": "18.07.2021 11:03",
            "open": "2.07657",
            "high": "2.07657",
            "low": "2.07657",
            "close": "2.07694"
        },
        {
            "time": "18.07.2021 11:09",
            "open": "2.07694",
            "high": "2.07694",
            "low": "2.07694",
            "close": "2.07518"
        },
        {
            "time": "18.07.2021 11:20",
            "open": "2.07518",
            "high": "2.07518",
            "low": "2.07518",
            "close": "2.07502"
        },
        {
            "time": "18.07.2021 11:21",
            "open": "2.07502",
            "high": "2.07502",
            "low": "2.07502",
            "close": "2.08078"
        },
        {
            "time": "18.07.2021 11:35",
            "open": "2.08078",
            "high": "2.08078",
            "low": "2.07801",
            "close": "2.08208"
        },
        {
            "time": "18.07.2021 11:41",
            "open": "2.08208",
            "high": "2.08208",
            "low": "2.08208",
            "close": "2.08373"
        },
        {
            "time": "18.07.2021 11:46",
            "open": "2.08373",
            "high": "2.08603",
            "low": "2.08175",
            "close": "2.075"
        },
        {
            "time": "18.07.2021 12:02",
            "open": "2.075",
            "high": "2.075",
            "low": "2.075",
            "close": "2.07423"
        },
        {
            "time": "18.07.2021 12:03",
            "open": "2.07423",
            "high": "2.07423",
            "low": "2.07423",
            "close": "2.07585"
        },
        {
            "time": "18.07.2021 12:07",
            "open": "2.07585",
            "high": "2.07585",
            "low": "2.07585",
            "close": "2.07544"
        },
        {
            "time": "18.07.2021 12:08",
            "open": "2.07544",
            "high": "2.07544",
            "low": "2.07544",
            "close": "2.07324"
        },
        {
            "time": "18.07.2021 12:09",
            "open": "2.07324",
            "high": "2.07324",
            "low": "2.07324",
            "close": "2.07"
        },
        {
            "time": "18.07.2021 12:12",
            "open": "2.07",
            "high": "2.07",
            "low": "2.07",
            "close": "2.07441"
        },
        {
            "time": "18.07.2021 12:17",
            "open": "2.07441",
            "high": "2.07441",
            "low": "2.07441",
            "close": "2.07548"
        },
        {
            "time": "18.07.2021 12:19",
            "open": "2.07548",
            "high": "2.07548",
            "low": "2.07548",
            "close": "2.07771"
        },
        {
            "time": "18.07.2021 12:22",
            "open": "2.07771",
            "high": "2.07771",
            "low": "2.07771",
            "close": "2.07589"
        },
        {
            "time": "18.07.2021 12:25",
            "open": "2.07589",
            "high": "2.07589",
            "low": "2.07589",
            "close": "2.07781"
        },
        {
            "time": "18.07.2021 12:26",
            "open": "2.07781",
            "high": "2.07781",
            "low": "2.07753",
            "close": "2.08"
        },
        {
            "time": "18.07.2021 12:28",
            "open": "2.08",
            "high": "2.08",
            "low": "2.08",
            "close": "2.08195"
        },
        {
            "time": "18.07.2021 12:29",
            "open": "2.08195",
            "high": "2.08405",
            "low": "2.08195",
            "close": "2.08107"
        },
        {
            "time": "18.07.2021 12:30",
            "open": "2.08107",
            "high": "2.08107",
            "low": "2.08107",
            "close": "2.0783"
        },
        {
            "time": "18.07.2021 12:34",
            "open": "2.0783",
            "high": "2.0783",
            "low": "2.0783",
            "close": "2.07315"
        },
        {
            "time": "18.07.2021 12:36",
            "open": "2.07315",
            "high": "2.07315",
            "low": "2.07315",
            "close": "2.0735"
        },
        {
            "time": "18.07.2021 12:40",
            "open": "2.0735",
            "high": "2.0735",
            "low": "2.0735",
            "close": "2.07352"
        },
        {
            "time": "18.07.2021 12:45",
            "open": "2.07352",
            "high": "2.07359",
            "low": "2.07352",
            "close": "2.07095"
        },
        {
            "time": "18.07.2021 12:47",
            "open": "2.07095",
            "high": "2.07095",
            "low": "2.07082",
            "close": "2.07793"
        },
        {
            "time": "18.07.2021 12:58",
            "open": "2.07793",
            "high": "2.07793",
            "low": "2.07793",
            "close": "2.07853"
        },
        {
            "time": "18.07.2021 12:59",
            "open": "2.07853",
            "high": "2.07853",
            "low": "2.07853",
            "close": "2.07684"
        },
        {
            "time": "18.07.2021 13:01",
            "open": "2.07684",
            "high": "2.07684",
            "low": "2.07684",
            "close": "2.07982"
        },
        {
            "time": "18.07.2021 13:05",
            "open": "2.07982",
            "high": "2.07982",
            "low": "2.07982",
            "close": "2.08107"
        },
        {
            "time": "18.07.2021 13:07",
            "open": "2.08107",
            "high": "2.08107",
            "low": "2.08107",
            "close": "2.08296"
        },
        {
            "time": "18.07.2021 13:13",
            "open": "2.08296",
            "high": "2.08382",
            "low": "2.08296",
            "close": "2.085"
        },
        {
            "time": "18.07.2021 13:14",
            "open": "2.085",
            "high": "2.08585",
            "low": "2.085",
            "close": "2.08224"
        },
        {
            "time": "18.07.2021 13:18",
            "open": "2.08224",
            "high": "2.08224",
            "low": "2.08224",
            "close": "2.08127"
        },
        {
            "time": "18.07.2021 13:19",
            "open": "2.08127",
            "high": "2.08143",
            "low": "2.08127",
            "close": "2.08031"
        },
        {
            "time": "18.07.2021 13:21",
            "open": "2.08031",
            "high": "2.08196",
            "low": "2.08031",
            "close": "2.08532"
        },
        {
            "time": "18.07.2021 13:26",
            "open": "2.08532",
            "high": "2.08532",
            "low": "2.08532",
            "close": "2.08532"
        },
        {
            "time": "18.07.2021 13:34",
            "open": "2.08532",
            "high": "2.08598",
            "low": "2.08532",
            "close": "2.08483"
        },
        {
            "time": "18.07.2021 13:36",
            "open": "2.08483",
            "high": "2.08483",
            "low": "2.08483",
            "close": "2.08584"
        },
        {
            "time": "18.07.2021 13:37",
            "open": "2.08584",
            "high": "2.08809",
            "low": "2.08584",
            "close": "2.08903"
        },
        {
            "time": "18.07.2021 13:42",
            "open": "2.08903",
            "high": "2.08903",
            "low": "2.08903",
            "close": "2.09"
        },
        {
            "time": "18.07.2021 13:43",
            "open": "2.09",
            "high": "2.09",
            "low": "2.09",
            "close": "2.08914"
        },
        {
            "time": "18.07.2021 13:50",
            "open": "2.08914",
            "high": "2.08914",
            "low": "2.08914",
            "close": "2.08833"
        },
        {
            "time": "18.07.2021 13:59",
            "open": "2.08833",
            "high": "2.08898",
            "low": "2.08833",
            "close": "2.09"
        },
        {
            "time": "18.07.2021 14:00",
            "open": "2.09",
            "high": "2.09",
            "low": "2.09",
            "close": "2.09"
        },
        {
            "time": "18.07.2021 14:03",
            "open": "2.09",
            "high": "2.09",
            "low": "2.09",
            "close": "2.09"
        },
        {
            "time": "18.07.2021 14:04",
            "open": "2.09",
            "high": "2.09",
            "low": "2.09",
            "close": "2.08897"
        },
        {
            "time": "18.07.2021 14:06",
            "open": "2.08897",
            "high": "2.08897",
            "low": "2.08897",
            "close": "2.08654"
        },
        {
            "time": "18.07.2021 14:07",
            "open": "2.08654",
            "high": "2.08654",
            "low": "2.08654",
            "close": "2.08825"
        },
        {
            "time": "18.07.2021 14:10",
            "open": "2.08825",
            "high": "2.08883",
            "low": "2.08825",
            "close": "2.08876"
        },
        {
            "time": "18.07.2021 14:11",
            "open": "2.08876",
            "high": "2.08876",
            "low": "2.08876",
            "close": "2.08671"
        },
        {
            "time": "18.07.2021 14:13",
            "open": "2.08671",
            "high": "2.08876",
            "low": "2.08671",
            "close": "2.08799"
        },
        {
            "time": "18.07.2021 14:16",
            "open": "2.08799",
            "high": "2.08799",
            "low": "2.08799",
            "close": "2.08654"
        },
        {
            "time": "18.07.2021 14:17",
            "open": "2.08654",
            "high": "2.08654",
            "low": "2.08654",
            "close": "2.08696"
        },
        {
            "time": "18.07.2021 14:19",
            "open": "2.08696",
            "high": "2.08696",
            "low": "2.08696",
            "close": "2.08363"
        },
        {
            "time": "18.07.2021 14:22",
            "open": "2.08363",
            "high": "2.08363",
            "low": "2.08363",
            "close": "2.08029"
        },
        {
            "time": "18.07.2021 14:24",
            "open": "2.08029",
            "high": "2.08253",
            "low": "2.08029",
            "close": "2.08259"
        },
        {
            "time": "18.07.2021 14:27",
            "open": "2.08259",
            "high": "2.08259",
            "low": "2.08259",
            "close": "2.08369"
        },
        {
            "time": "18.07.2021 14:29",
            "open": "2.08369",
            "high": "2.08469",
            "low": "2.08369",
            "close": "2.08243"
        },
        {
            "time": "18.07.2021 14:31",
            "open": "2.08243",
            "high": "2.08243",
            "low": "2.08243",
            "close": "2.08393"
        },
        {
            "time": "18.07.2021 14:32",
            "open": "2.08393",
            "high": "2.08393",
            "low": "2.08393",
            "close": "2.08275"
        },
        {
            "time": "18.07.2021 14:33",
            "open": "2.08275",
            "high": "2.08275",
            "low": "2.08275",
            "close": "2.08275"
        },
        {
            "time": "18.07.2021 14:34",
            "open": "2.08275",
            "high": "2.08275",
            "low": "2.08275",
            "close": "2.08723"
        },
        {
            "time": "18.07.2021 14:37",
            "open": "2.08723",
            "high": "2.08723",
            "low": "2.08723",
            "close": "2.08638"
        },
        {
            "time": "18.07.2021 14:42",
            "open": "2.08638",
            "high": "2.08638",
            "low": "2.08638",
            "close": "2.08825"
        },
        {
            "time": "18.07.2021 14:47",
            "open": "2.08825",
            "high": "2.08825",
            "low": "2.08825",
            "close": "2.08577"
        },
        {
            "time": "18.07.2021 14:50",
            "open": "2.08577",
            "high": "2.08577",
            "low": "2.08577",
            "close": "2.08286"
        },
        {
            "time": "18.07.2021 14:53",
            "open": "2.08286",
            "high": "2.08286",
            "low": "2.08196",
            "close": "2.08195"
        },
        {
            "time": "18.07.2021 14:58",
            "open": "2.08195",
            "high": "2.08195",
            "low": "2.08195",
            "close": "2.08434"
        },
        {
            "time": "18.07.2021 15:01",
            "open": "2.08434",
            "high": "2.08434",
            "low": "2.08434",
            "close": "2.08672"
        },
        {
            "time": "18.07.2021 15:06",
            "open": "2.08672",
            "high": "2.08672",
            "low": "2.08672",
            "close": "2.08756"
        },
        {
            "time": "18.07.2021 15:09",
            "open": "2.08756",
            "high": "2.08756",
            "low": "2.08756",
            "close": "2.08254"
        },
        {
            "time": "18.07.2021 15:12",
            "open": "2.08254",
            "high": "2.08254",
            "low": "2.08254",
            "close": "2.08307"
        },
        {
            "time": "18.07.2021 15:14",
            "open": "2.08307",
            "high": "2.08307",
            "low": "2.08307",
            "close": "2.08434"
        },
        {
            "time": "18.07.2021 15:19",
            "open": "2.08434",
            "high": "2.08434",
            "low": "2.08434",
            "close": "2.08195"
        },
        {
            "time": "18.07.2021 15:27",
            "open": "2.08195",
            "high": "2.08195",
            "low": "2.08",
            "close": "2.07746"
        },
        {
            "time": "18.07.2021 15:35",
            "open": "2.07746",
            "high": "2.07746",
            "low": "2.07746",
            "close": "2.075"
        },
        {
            "time": "18.07.2021 15:43",
            "open": "2.075",
            "high": "2.075",
            "low": "2.075",
            "close": "2.0746"
        },
        {
            "time": "18.07.2021 15:48",
            "open": "2.0746",
            "high": "2.0746",
            "low": "2.0746",
            "close": "2.07374"
        },
        {
            "time": "18.07.2021 15:51",
            "open": "2.07374",
            "high": "2.07374",
            "low": "2.07374",
            "close": "2.07266"
        },
        {
            "time": "18.07.2021 15:53",
            "open": "2.07266",
            "high": "2.07266",
            "low": "2.07266",
            "close": "2.07534"
        },
        {
            "time": "18.07.2021 15:55",
            "open": "2.07534",
            "high": "2.07535",
            "low": "2.07534",
            "close": "2.07692"
        },
        {
            "time": "18.07.2021 15:56",
            "open": "2.07692",
            "high": "2.07692",
            "low": "2.07692",
            "close": "2.07743"
        },
        {
            "time": "18.07.2021 15:57",
            "open": "2.07743",
            "high": "2.07743",
            "low": "2.07743",
            "close": "2.08134"
        },
        {
            "time": "18.07.2021 16:11",
            "open": "2.08134",
            "high": "2.08134",
            "low": "2.08134",
            "close": "2.08223"
        },
        {
            "time": "18.07.2021 16:13",
            "open": "2.08223",
            "high": "2.08223",
            "low": "2.08223",
            "close": "2.07953"
        },
        {
            "time": "18.07.2021 16:16",
            "open": "2.07953",
            "high": "2.07953",
            "low": "2.07953",
            "close": "2.08414"
        },
        {
            "time": "18.07.2021 16:17",
            "open": "2.08414",
            "high": "2.08414",
            "low": "2.08414",
            "close": "2.08448"
        },
        {
            "time": "18.07.2021 16:19",
            "open": "2.08448",
            "high": "2.08449",
            "low": "2.08448",
            "close": "2.085"
        },
        {
            "time": "18.07.2021 16:20",
            "open": "2.085",
            "high": "2.085",
            "low": "2.085",
            "close": "2.07947"
        },
        {
            "time": "18.07.2021 16:28",
            "open": "2.07947",
            "high": "2.07955",
            "low": "2.07947",
            "close": "2.07943"
        },
        {
            "time": "18.07.2021 16:29",
            "open": "2.07943",
            "high": "2.08112",
            "low": "2.07929",
            "close": "2.07896"
        },
        {
            "time": "18.07.2021 16:30",
            "open": "2.07896",
            "high": "2.07896",
            "low": "2.07896",
            "close": "2.07828"
        },
        {
            "time": "18.07.2021 16:32",
            "open": "2.07828",
            "high": "2.07828",
            "low": "2.07828",
            "close": "2.07"
        },
        {
            "time": "18.07.2021 16:38",
            "open": "2.07",
            "high": "2.07",
            "low": "2.065",
            "close": "2.06"
        },
        {
            "time": "18.07.2021 16:39",
            "open": "2.06",
            "high": "2.06",
            "low": "2.05917",
            "close": "2.05605"
        },
        {
            "time": "18.07.2021 16:40",
            "open": "2.05605",
            "high": "2.05605",
            "low": "2.04682",
            "close": "2.045"
        },
        {
            "time": "18.07.2021 16:41",
            "open": "2.045",
            "high": "2.04773",
            "low": "2.02327",
            "close": "2.03003"
        },
        {
            "time": "18.07.2021 16:42",
            "open": "2.03003",
            "high": "2.03809",
            "low": "2.03003",
            "close": "2.04"
        },
        {
            "time": "18.07.2021 16:43",
            "open": "2.04",
            "high": "2.04124",
            "low": "2.04",
            "close": "2.03849"
        },
        {
            "time": "18.07.2021 16:44",
            "open": "2.03849",
            "high": "2.04106",
            "low": "2.03849",
            "close": "2.03"
        },
        {
            "time": "18.07.2021 16:48",
            "open": "2.03",
            "high": "2.03",
            "low": "2.03",
            "close": "2.03558"
        },
        {
            "time": "18.07.2021 16:51",
            "open": "2.03558",
            "high": "2.03558",
            "low": "2.03558",
            "close": "2.03526"
        },
        {
            "time": "18.07.2021 16:53",
            "open": "2.03526",
            "high": "2.03526",
            "low": "2.03512",
            "close": "2.03504"
        },
        {
            "time": "18.07.2021 16:55",
            "open": "2.03504",
            "high": "2.03504",
            "low": "2.03504",
            "close": "2.03042"
        },
        {
            "time": "18.07.2021 16:56",
            "open": "2.03042",
            "high": "2.03042",
            "low": "2.03042",
            "close": "2.02847"
        },
        {
            "time": "18.07.2021 16:58",
            "open": "2.02847",
            "high": "2.02847",
            "low": "2.02847",
            "close": "2.03125"
        },
        {
            "time": "18.07.2021 16:59",
            "open": "2.03125",
            "high": "2.03127",
            "low": "2.03125",
            "close": "2.025"
        },
        {
            "time": "18.07.2021 17:00",
            "open": "2.025",
            "high": "2.025",
            "low": "2.025",
            "close": "2.02929"
        },
        {
            "time": "18.07.2021 17:01",
            "open": "2.02929",
            "high": "2.02929",
            "low": "2.02929",
            "close": "2.035"
        },
        {
            "time": "18.07.2021 17:02",
            "open": "2.035",
            "high": "2.035",
            "low": "2.035",
            "close": "2.03374"
        },
        {
            "time": "18.07.2021 17:04",
            "open": "2.03374",
            "high": "2.03413",
            "low": "2.03374",
            "close": "2.03413"
        },
        {
            "time": "18.07.2021 17:06",
            "open": "2.03413",
            "high": "2.03413",
            "low": "2.03413",
            "close": "2.03929"
        },
        {
            "time": "18.07.2021 17:07",
            "open": "2.03929",
            "high": "2.03929",
            "low": "2.03929",
            "close": "2.03943"
        },
        {
            "time": "18.07.2021 17:08",
            "open": "2.03943",
            "high": "2.04",
            "low": "2.03943",
            "close": "2.03926"
        },
        {
            "time": "18.07.2021 17:11",
            "open": "2.03926",
            "high": "2.04054",
            "low": "2.03926",
            "close": "2.04067"
        },
        {
            "time": "18.07.2021 17:12",
            "open": "2.04067",
            "high": "2.04067",
            "low": "2.04067",
            "close": "2.04074"
        },
        {
            "time": "18.07.2021 17:14",
            "open": "2.04074",
            "high": "2.04074",
            "low": "2.04074",
            "close": "2.03952"
        },
        {
            "time": "18.07.2021 17:16",
            "open": "2.03952",
            "high": "2.03992",
            "low": "2.03952",
            "close": "2.03886"
        },
        {
            "time": "18.07.2021 17:17",
            "open": "2.03886",
            "high": "2.03886",
            "low": "2.03693",
            "close": "2.03517"
        },
        {
            "time": "18.07.2021 17:20",
            "open": "2.03517",
            "high": "2.03517",
            "low": "2.03517",
            "close": "2.04057"
        },
        {
            "time": "18.07.2021 17:26",
            "open": "2.04057",
            "high": "2.0406",
            "low": "2.04057",
            "close": "2.04244"
        },
        {
            "time": "18.07.2021 17:28",
            "open": "2.04244",
            "high": "2.04268",
            "low": "2.04244",
            "close": "2.045"
        },
        {
            "time": "18.07.2021 17:32",
            "open": "2.045",
            "high": "2.045",
            "low": "2.045",
            "close": "2.04708"
        },
        {
            "time": "18.07.2021 17:38",
            "open": "2.04708",
            "high": "2.04708",
            "low": "2.04708",
            "close": "2.04376"
        },
        {
            "time": "18.07.2021 17:42",
            "open": "2.04376",
            "high": "2.04376",
            "low": "2.04376",
            "close": "2.04013"
        },
        {
            "time": "18.07.2021 17:46",
            "open": "2.04013",
            "high": "2.041",
            "low": "2.04013",
            "close": "2.04246"
        },
        {
            "time": "18.07.2021 17:51",
            "open": "2.04246",
            "high": "2.0435",
            "low": "2.04246",
            "close": "2.04249"
        },
        {
            "time": "18.07.2021 17:53",
            "open": "2.04249",
            "high": "2.04249",
            "low": "2.04249",
            "close": "2.035"
        },
        {
            "time": "18.07.2021 17:57",
            "open": "2.035",
            "high": "2.035",
            "low": "2.035",
            "close": "2.03597"
        },
        {
            "time": "18.07.2021 17:59",
            "open": "2.03597",
            "high": "2.03597",
            "low": "2.03597",
            "close": "2.03596"
        },
        {
            "time": "18.07.2021 18:00",
            "open": "2.03596",
            "high": "2.03596",
            "low": "2.03596",
            "close": "2.03881"
        },
        {
            "time": "18.07.2021 18:01",
            "open": "2.03881",
            "high": "2.03881",
            "low": "2.03479",
            "close": "2.03241"
        },
        {
            "time": "18.07.2021 18:02",
            "open": "2.03241",
            "high": "2.03306",
            "low": "2.03241",
            "close": "2.03361"
        },
        {
            "time": "18.07.2021 18:06",
            "open": "2.03361",
            "high": "2.03361",
            "low": "2.03361",
            "close": "2.03821"
        },
        {
            "time": "18.07.2021 18:08",
            "open": "2.03821",
            "high": "2.03821",
            "low": "2.03821",
            "close": "2.03827"
        },
        {
            "time": "18.07.2021 18:10",
            "open": "2.03827",
            "high": "2.03827",
            "low": "2.03827",
            "close": "2.03945"
        },
        {
            "time": "18.07.2021 18:16",
            "open": "2.03945",
            "high": "2.03945",
            "low": "2.03916",
            "close": "2.04226"
        },
        {
            "time": "18.07.2021 18:17",
            "open": "2.04226",
            "high": "2.04226",
            "low": "2.04226",
            "close": "2.04222"
        },
        {
            "time": "18.07.2021 18:20",
            "open": "2.04222",
            "high": "2.04222",
            "low": "2.04222",
            "close": "2.04261"
        },
        {
            "time": "18.07.2021 18:21",
            "open": "2.04261",
            "high": "2.04261",
            "low": "2.04261",
            "close": "2.04151"
        },
        {
            "time": "18.07.2021 18:23",
            "open": "2.04151",
            "high": "2.0418",
            "low": "2.04151",
            "close": "2.04163"
        },
        {
            "time": "18.07.2021 18:24",
            "open": "2.04163",
            "high": "2.04185",
            "low": "2.04163",
            "close": "2.04332"
        },
        {
            "time": "18.07.2021 18:28",
            "open": "2.04332",
            "high": "2.04332",
            "low": "2.04332",
            "close": "2.03748"
        },
        {
            "time": "18.07.2021 18:32",
            "open": "2.03748",
            "high": "2.0401",
            "low": "2.03748",
            "close": "2.03807"
        },
        {
            "time": "18.07.2021 18:33",
            "open": "2.03807",
            "high": "2.03807",
            "low": "2.03807",
            "close": "2.0354"
        },
        {
            "time": "18.07.2021 18:41",
            "open": "2.0354",
            "high": "2.0354",
            "low": "2.0354",
            "close": "2.045"
        },
        {
            "time": "18.07.2021 18:49",
            "open": "2.045",
            "high": "2.04611",
            "low": "2.045",
            "close": "2.04734"
        },
        {
            "time": "18.07.2021 18:52",
            "open": "2.04734",
            "high": "2.04734",
            "low": "2.04734",
            "close": "2.04439"
        },
        {
            "time": "18.07.2021 18:53",
            "open": "2.04439",
            "high": "2.04439",
            "low": "2.04439",
            "close": "2.04531"
        },
        {
            "time": "18.07.2021 18:54",
            "open": "2.04531",
            "high": "2.04531",
            "low": "2.04531",
            "close": "2.04258"
        },
        {
            "time": "18.07.2021 19:00",
            "open": "2.04258",
            "high": "2.04265",
            "low": "2.04217",
            "close": "2.0392"
        },
        {
            "time": "18.07.2021 19:02",
            "open": "2.0392",
            "high": "2.0392",
            "low": "2.0392",
            "close": "2.04031"
        },
        {
            "time": "18.07.2021 19:04",
            "open": "2.04031",
            "high": "2.04268",
            "low": "2.04031",
            "close": "2.03999"
        },
        {
            "time": "18.07.2021 19:08",
            "open": "2.03999",
            "high": "2.03999",
            "low": "2.03999",
            "close": "2.04096"
        },
        {
            "time": "18.07.2021 19:13",
            "open": "2.04096",
            "high": "2.04096",
            "low": "2.04096",
            "close": "2.04093"
        },
        {
            "time": "18.07.2021 19:14",
            "open": "2.04093",
            "high": "2.04152",
            "low": "2.03888",
            "close": "2.04024"
        },
        {
            "time": "18.07.2021 19:16",
            "open": "2.04024",
            "high": "2.04024",
            "low": "2.04024",
            "close": "2.04232"
        },
        {
            "time": "18.07.2021 19:18",
            "open": "2.04232",
            "high": "2.04232",
            "low": "2.04207",
            "close": "2.04255"
        },
        {
            "time": "18.07.2021 19:19",
            "open": "2.04255",
            "high": "2.04256",
            "low": "2.04255",
            "close": "2.05"
        },
        {
            "time": "18.07.2021 19:28",
            "open": "2.05",
            "high": "2.05",
            "low": "2.05",
            "close": "2.05388"
        },
        {
            "time": "18.07.2021 19:29",
            "open": "2.05388",
            "high": "2.05388",
            "low": "2.05388",
            "close": "2.0506"
        },
        {
            "time": "18.07.2021 19:30",
            "open": "2.0506",
            "high": "2.0506",
            "low": "2.0506",
            "close": "2.04783"
        },
        {
            "time": "18.07.2021 19:39",
            "open": "2.04783",
            "high": "2.04788",
            "low": "2.04783",
            "close": "2.04857"
        },
        {
            "time": "18.07.2021 19:41",
            "open": "2.04857",
            "high": "2.04857",
            "low": "2.04857",
            "close": "2.04745"
        },
        {
            "time": "18.07.2021 19:42",
            "open": "2.04745",
            "high": "2.04745",
            "low": "2.04745",
            "close": "2.055"
        },
        {
            "time": "18.07.2021 19:45",
            "open": "2.055",
            "high": "2.055",
            "low": "2.055",
            "close": "2.06"
        },
        {
            "time": "18.07.2021 19:46",
            "open": "2.06",
            "high": "2.06288",
            "low": "2.06",
            "close": "2.05859"
        },
        {
            "time": "18.07.2021 19:48",
            "open": "2.05859",
            "high": "2.05859",
            "low": "2.05827",
            "close": "2.05762"
        },
        {
            "time": "18.07.2021 19:51",
            "open": "2.05762",
            "high": "2.05785",
            "low": "2.05741",
            "close": "2.05716"
        },
        {
            "time": "18.07.2021 19:52",
            "open": "2.05716",
            "high": "2.05863",
            "low": "2.05716",
            "close": "2.05819"
        },
        {
            "time": "18.07.2021 19:53",
            "open": "2.05819",
            "high": "2.05819",
            "low": "2.05819",
            "close": "2.05914"
        },
        {
            "time": "18.07.2021 19:54",
            "open": "2.05914",
            "high": "2.05914",
            "low": "2.05914",
            "close": "2.05991"
        },
        {
            "time": "18.07.2021 20:05",
            "open": "2.05991",
            "high": "2.05991",
            "low": "2.05593",
            "close": "2.05884"
        },
        {
            "time": "18.07.2021 20:06",
            "open": "2.05884",
            "high": "2.05884",
            "low": "2.05605",
            "close": "2.05884"
        },
        {
            "time": "18.07.2021 20:07",
            "open": "2.05884",
            "high": "2.05884",
            "low": "2.05884",
            "close": "2.05807"
        },
        {
            "time": "18.07.2021 20:08",
            "open": "2.05807",
            "high": "2.05807",
            "low": "2.05807",
            "close": "2.06338"
        },
        {
            "time": "18.07.2021 20:14",
            "open": "2.06338",
            "high": "2.06368",
            "low": "2.06338",
            "close": "2.05901"
        },
        {
            "time": "18.07.2021 20:15",
            "open": "2.05901",
            "high": "2.05901",
            "low": "2.05901",
            "close": "2.065"
        },
        {
            "time": "18.07.2021 20:18",
            "open": "2.065",
            "high": "2.065",
            "low": "2.065",
            "close": "2.06286"
        },
        {
            "time": "18.07.2021 20:20",
            "open": "2.06286",
            "high": "2.06286",
            "low": "2.06286",
            "close": "2.05815"
        },
        {
            "time": "18.07.2021 20:22",
            "open": "2.05815",
            "high": "2.05815",
            "low": "2.05701",
            "close": "2.05779"
        },
        {
            "time": "18.07.2021 20:24",
            "open": "2.05779",
            "high": "2.05779",
            "low": "2.05533",
            "close": "2.05533"
        },
        {
            "time": "18.07.2021 20:25",
            "open": "2.05533",
            "high": "2.05533",
            "low": "2.05533",
            "close": "2.0595"
        },
        {
            "time": "18.07.2021 20:26",
            "open": "2.0595",
            "high": "2.0599",
            "low": "2.0595",
            "close": "2.05797"
        },
        {
            "time": "18.07.2021 20:32",
            "open": "2.05797",
            "high": "2.05797",
            "low": "2.05797",
            "close": "2.05894"
        },
        {
            "time": "18.07.2021 20:33",
            "open": "2.05894",
            "high": "2.05992",
            "low": "2.05894",
            "close": "2.05972"
        },
        {
            "time": "18.07.2021 20:34",
            "open": "2.05972",
            "high": "2.05973",
            "low": "2.05965",
            "close": "2.05953"
        },
        {
            "time": "18.07.2021 20:35",
            "open": "2.05953",
            "high": "2.06064",
            "low": "2.05953",
            "close": "2.06064"
        },
        {
            "time": "18.07.2021 20:36",
            "open": "2.06064",
            "high": "2.06339",
            "low": "2.06064",
            "close": "2.055"
        },
        {
            "time": "18.07.2021 20:44",
            "open": "2.055",
            "high": "2.055",
            "low": "2.055",
            "close": "2.05631"
        },
        {
            "time": "18.07.2021 20:45",
            "open": "2.05631",
            "high": "2.05964",
            "low": "2.05631",
            "close": "2.05733"
        },
        {
            "time": "18.07.2021 20:47",
            "open": "2.05733",
            "high": "2.05733",
            "low": "2.05733",
            "close": "2.05431"
        },
        {
            "time": "18.07.2021 20:49",
            "open": "2.05431",
            "high": "2.05431",
            "low": "2.05431",
            "close": "2.05619"
        },
        {
            "time": "18.07.2021 20:58",
            "open": "2.05619",
            "high": "2.05619",
            "low": "2.05619",
            "close": "2.05649"
        },
        {
            "time": "18.07.2021 20:59",
            "open": "2.05649",
            "high": "2.05649",
            "low": "2.05649",
            "close": "2.05622"
        },
        {
            "time": "18.07.2021 21:02",
            "open": "2.05622",
            "high": "2.05622",
            "low": "2.05622",
            "close": "2.05574"
        },
        {
            "time": "18.07.2021 21:04",
            "open": "2.05574",
            "high": "2.05616",
            "low": "2.05574",
            "close": "2.05478"
        },
        {
            "time": "18.07.2021 21:08",
            "open": "2.05478",
            "high": "2.05478",
            "low": "2.05478",
            "close": "2.0558"
        },
        {
            "time": "18.07.2021 21:09",
            "open": "2.0558",
            "high": "2.0558",
            "low": "2.0558",
            "close": "2.05572"
        },
        {
            "time": "18.07.2021 21:21",
            "open": "2.05572",
            "high": "2.05572",
            "low": "2.05541",
            "close": "2.05727"
        },
        {
            "time": "18.07.2021 21:25",
            "open": "2.05727",
            "high": "2.07498",
            "low": "2.05697",
            "close": "2.0661"
        },
        {
            "time": "18.07.2021 21:26",
            "open": "2.0661",
            "high": "2.0661",
            "low": "2.06568",
            "close": "2.06"
        },
        {
            "time": "18.07.2021 21:29",
            "open": "2.06",
            "high": "2.06",
            "low": "2.05877",
            "close": "2.05783"
        },
        {
            "time": "18.07.2021 21:31",
            "open": "2.05783",
            "high": "2.05783",
            "low": "2.05783",
            "close": "2.0591"
        },
        {
            "time": "18.07.2021 21:36",
            "open": "2.0591",
            "high": "2.0591",
            "low": "2.0591",
            "close": "2.06215"
        },
        {
            "time": "18.07.2021 21:38",
            "open": "2.06215",
            "high": "2.06215",
            "low": "2.06001",
            "close": "2.06004"
        },
        {
            "time": "18.07.2021 21:39",
            "open": "2.06004",
            "high": "2.06006",
            "low": "2.06004",
            "close": "2.05961"
        },
        {
            "time": "18.07.2021 21:41",
            "open": "2.05961",
            "high": "2.05961",
            "low": "2.05961",
            "close": "2.055"
        },
        {
            "time": "18.07.2021 21:44",
            "open": "2.055",
            "high": "2.05526",
            "low": "2.055",
            "close": "2.05435"
        },
        {
            "time": "18.07.2021 21:45",
            "open": "2.05435",
            "high": "2.05435",
            "low": "2.0541",
            "close": "2.05404"
        },
        {
            "time": "18.07.2021 21:46",
            "open": "2.05404",
            "high": "2.05404",
            "low": "2.05404",
            "close": "2.05417"
        },
        {
            "time": "18.07.2021 22:00",
            "open": "2.05417",
            "high": "2.05417",
            "low": "2.05417",
            "close": "2.05484"
        },
        {
            "time": "18.07.2021 22:01",
            "open": "2.05484",
            "high": "2.05484",
            "low": "2.05484",
            "close": "2.05"
        },
        {
            "time": "18.07.2021 22:03",
            "open": "2.05",
            "high": "2.05",
            "low": "2.04745",
            "close": "2.04745"
        },
        {
            "time": "18.07.2021 22:04",
            "open": "2.04745",
            "high": "2.04745",
            "low": "2.04356",
            "close": "2.04575"
        },
        {
            "time": "18.07.2021 22:05",
            "open": "2.04575",
            "high": "2.04607",
            "low": "2.04575",
            "close": "2.04735"
        },
        {
            "time": "18.07.2021 22:06",
            "open": "2.04735",
            "high": "2.04735",
            "low": "2.04468",
            "close": "2.0502"
        },
        {
            "time": "18.07.2021 22:08",
            "open": "2.0502",
            "high": "2.0502",
            "low": "2.0502",
            "close": "2.05161"
        },
        {
            "time": "18.07.2021 22:09",
            "open": "2.05161",
            "high": "2.05742",
            "low": "2.05161",
            "close": "2.0562"
        },
        {
            "time": "18.07.2021 22:13",
            "open": "2.0562",
            "high": "2.05926",
            "low": "2.0562",
            "close": "2.05697"
        },
        {
            "time": "18.07.2021 22:16",
            "open": "2.05697",
            "high": "2.05697",
            "low": "2.05695",
            "close": "2.05783"
        },
        {
            "time": "18.07.2021 22:17",
            "open": "2.05783",
            "high": "2.05783",
            "low": "2.05783",
            "close": "2.05423"
        },
        {
            "time": "18.07.2021 22:23",
            "open": "2.05423",
            "high": "2.05423",
            "low": "2.05423",
            "close": "2.04965"
        },
        {
            "time": "18.07.2021 22:27",
            "open": "2.04965",
            "high": "2.04965",
            "low": "2.04965",
            "close": "2.05141"
        },
        {
            "time": "18.07.2021 22:32",
            "open": "2.05141",
            "high": "2.05141",
            "low": "2.05103",
            "close": "2.04834"
        },
        {
            "time": "18.07.2021 22:34",
            "open": "2.04834",
            "high": "2.04834",
            "low": "2.04834",
            "close": "2.04553"
        },
        {
            "time": "18.07.2021 22:36",
            "open": "2.04553",
            "high": "2.04553",
            "low": "2.04553",
            "close": "2.04574"
        },
        {
            "time": "18.07.2021 22:40",
            "open": "2.04574",
            "high": "2.04574",
            "low": "2.04574",
            "close": "2.04553"
        },
        {
            "time": "18.07.2021 22:44",
            "open": "2.04553",
            "high": "2.04553",
            "low": "2.045",
            "close": "2.0494"
        },
        {
            "time": "18.07.2021 22:46",
            "open": "2.0494",
            "high": "2.04952",
            "low": "2.0494",
            "close": "2.04704"
        },
        {
            "time": "18.07.2021 22:47",
            "open": "2.04704",
            "high": "2.04704",
            "low": "2.04704",
            "close": "2.04884"
        },
        {
            "time": "18.07.2021 22:50",
            "open": "2.04884",
            "high": "2.04884",
            "low": "2.04884",
            "close": "2.04896"
        },
        {
            "time": "18.07.2021 22:53",
            "open": "2.04896",
            "high": "2.04896",
            "low": "2.04896",
            "close": "2.04762"
        },
        {
            "time": "18.07.2021 22:54",
            "open": "2.04762",
            "high": "2.05042",
            "low": "2.04762",
            "close": "2.04864"
        },
        {
            "time": "18.07.2021 22:55",
            "open": "2.04864",
            "high": "2.04865",
            "low": "2.04864",
            "close": "2.045"
        },
        {
            "time": "18.07.2021 22:58",
            "open": "2.045",
            "high": "2.045",
            "low": "2.045",
            "close": "2.04254"
        },
        {
            "time": "18.07.2021 22:59",
            "open": "2.04254",
            "high": "2.04254",
            "low": "2.04254",
            "close": "2.04"
        },
        {
            "time": "18.07.2021 23:00",
            "open": "2.04",
            "high": "2.04",
            "low": "2.03833",
            "close": "2.04"
        },
        {
            "time": "18.07.2021 23:01",
            "open": "2.04",
            "high": "2.04",
            "low": "2.04",
            "close": "2.03921"
        },
        {
            "time": "18.07.2021 23:03",
            "open": "2.03921",
            "high": "2.03921",
            "low": "2.03921",
            "close": "2.04232"
        },
        {
            "time": "18.07.2021 23:12",
            "open": "2.04232",
            "high": "2.04232",
            "low": "2.04232",
            "close": "2.04585"
        },
        {
            "time": "18.07.2021 23:13",
            "open": "2.04585",
            "high": "2.04585",
            "low": "2.04547",
            "close": "2.05"
        },
        {
            "time": "18.07.2021 23:15",
            "open": "2.05",
            "high": "2.05042",
            "low": "2.05",
            "close": "2.055"
        },
        {
            "time": "18.07.2021 23:23",
            "open": "2.055",
            "high": "2.055",
            "low": "2.055",
            "close": "2.05075"
        },
        {
            "time": "18.07.2021 23:30",
            "open": "2.05075",
            "high": "2.05075",
            "low": "2.04987",
            "close": "2.05294"
        },
        {
            "time": "18.07.2021 23:34",
            "open": "2.05294",
            "high": "2.05294",
            "low": "2.05294",
            "close": "2.05008"
        },
        {
            "time": "18.07.2021 23:46",
            "open": "2.05008",
            "high": "2.05008",
            "low": "2.05008",
            "close": "2.055"
        },
        {
            "time": "18.07.2021 23:48",
            "open": "2.055",
            "high": "2.06097",
            "low": "2.055",
            "close": "2.065"
        },
        {
            "time": "18.07.2021 23:49",
            "open": "2.065",
            "high": "2.06776",
            "low": "2.06122",
            "close": "2.07"
        },
        {
            "time": "18.07.2021 23:50",
            "open": "2.07",
            "high": "2.07974",
            "low": "2.07",
            "close": "2.07443"
        },
        {
            "time": "18.07.2021 23:51",
            "open": "2.07443",
            "high": "2.07443",
            "low": "2.07223",
            "close": "2.07084"
        },
        {
            "time": "18.07.2021 23:54",
            "open": "2.07084",
            "high": "2.07084",
            "low": "2.07074",
            "close": "2.06926"
        },
        {
            "time": "18.07.2021 23:55",
            "open": "2.06926",
            "high": "2.06926",
            "low": "2.06926",
            "close": "2.07002"
        },
        {
            "time": "18.07.2021 23:56",
            "open": "2.07002",
            "high": "2.07011",
            "low": "2.07002",
            "close": "2.07505"
        },
        {
            "time": "18.07.2021 23:58",
            "open": "2.07505",
            "high": "2.07506",
            "low": "2.07505",
            "close": "2.07017"
        }
    ]
}