{
    "XTZ-EUR": [
        {
            "time": "01.11.2020 23:58",
            "open": "1.70163",
            "high": "1.70163",
            "low": "1.70163",
            "close": "1.69965"
        },
        {
            "time": "02.11.2020 00:03",
            "open": "1.69965",
            "high": "1.69965",
            "low": "1.69965",
            "close": "1.69648"
        },
        {
            "time": "02.11.2020 00:04",
            "open": "1.69648",
            "high": "1.69648",
            "low": "1.69246",
            "close": "1.69509"
        },
        {
            "time": "02.11.2020 00:07",
            "open": "1.69509",
            "high": "1.69509",
            "low": "1.69509",
            "close": "1.69766"
        },
        {
            "time": "02.11.2020 00:08",
            "open": "1.69766",
            "high": "1.69766",
            "low": "1.69766",
            "close": "1.70289"
        },
        {
            "time": "02.11.2020 00:12",
            "open": "1.70289",
            "high": "1.70289",
            "low": "1.70289",
            "close": "1.70752"
        },
        {
            "time": "02.11.2020 00:21",
            "open": "1.70752",
            "high": "1.71926",
            "low": "1.70752",
            "close": "1.71498"
        },
        {
            "time": "02.11.2020 00:22",
            "open": "1.71498",
            "high": "1.71498",
            "low": "1.71498",
            "close": "1.712"
        },
        {
            "time": "02.11.2020 00:23",
            "open": "1.712",
            "high": "1.712",
            "low": "1.71117",
            "close": "1.70859"
        },
        {
            "time": "02.11.2020 00:26",
            "open": "1.70859",
            "high": "1.70859",
            "low": "1.70859",
            "close": "1.70939"
        },
        {
            "time": "02.11.2020 00:33",
            "open": "1.70939",
            "high": "1.70939",
            "low": "1.70939",
            "close": "1.70709"
        },
        {
            "time": "02.11.2020 00:34",
            "open": "1.70709",
            "high": "1.70709",
            "low": "1.70709",
            "close": "1.71007"
        },
        {
            "time": "02.11.2020 00:39",
            "open": "1.71007",
            "high": "1.71007",
            "low": "1.71007",
            "close": "1.70842"
        },
        {
            "time": "02.11.2020 00:47",
            "open": "1.70842",
            "high": "1.70842",
            "low": "1.70842",
            "close": "1.707"
        },
        {
            "time": "02.11.2020 00:48",
            "open": "1.707",
            "high": "1.707",
            "low": "1.707",
            "close": "1.7058"
        },
        {
            "time": "02.11.2020 00:52",
            "open": "1.7058",
            "high": "1.7058",
            "low": "1.7058",
            "close": "1.71089"
        },
        {
            "time": "02.11.2020 00:58",
            "open": "1.71089",
            "high": "1.71804",
            "low": "1.71089",
            "close": "1.71914"
        },
        {
            "time": "02.11.2020 00:59",
            "open": "1.71914",
            "high": "1.71914",
            "low": "1.71766",
            "close": "1.71912"
        },
        {
            "time": "02.11.2020 01:01",
            "open": "1.71912",
            "high": "1.72078",
            "low": "1.71912",
            "close": "1.7199"
        },
        {
            "time": "02.11.2020 01:03",
            "open": "1.7199",
            "high": "1.7199",
            "low": "1.7199",
            "close": "1.7199"
        },
        {
            "time": "02.11.2020 01:04",
            "open": "1.7199",
            "high": "1.72043",
            "low": "1.7199",
            "close": "1.72409"
        },
        {
            "time": "02.11.2020 01:07",
            "open": "1.72409",
            "high": "1.7268",
            "low": "1.72409",
            "close": "1.7279"
        },
        {
            "time": "02.11.2020 01:09",
            "open": "1.7279",
            "high": "1.7279",
            "low": "1.7279",
            "close": "1.72671"
        },
        {
            "time": "02.11.2020 01:11",
            "open": "1.72671",
            "high": "1.72671",
            "low": "1.72671",
            "close": "1.73"
        },
        {
            "time": "02.11.2020 01:16",
            "open": "1.73",
            "high": "1.73198",
            "low": "1.73",
            "close": "1.73293"
        },
        {
            "time": "02.11.2020 01:18",
            "open": "1.73293",
            "high": "1.734",
            "low": "1.73293",
            "close": "1.7341"
        },
        {
            "time": "02.11.2020 01:20",
            "open": "1.7341",
            "high": "1.7341",
            "low": "1.7341",
            "close": "1.72955"
        },
        {
            "time": "02.11.2020 01:21",
            "open": "1.72955",
            "high": "1.72955",
            "low": "1.72955",
            "close": "1.73045"
        },
        {
            "time": "02.11.2020 01:34",
            "open": "1.73045",
            "high": "1.73045",
            "low": "1.73045",
            "close": "1.7333"
        },
        {
            "time": "02.11.2020 01:39",
            "open": "1.7333",
            "high": "1.7333",
            "low": "1.7333",
            "close": "1.73532"
        },
        {
            "time": "02.11.2020 01:42",
            "open": "1.73532",
            "high": "1.7354",
            "low": "1.73532",
            "close": "1.73843"
        },
        {
            "time": "02.11.2020 01:44",
            "open": "1.73843",
            "high": "1.74",
            "low": "1.73843",
            "close": "1.743"
        },
        {
            "time": "02.11.2020 01:45",
            "open": "1.743",
            "high": "1.75",
            "low": "1.743",
            "close": "1.7508"
        },
        {
            "time": "02.11.2020 01:46",
            "open": "1.7508",
            "high": "1.7535",
            "low": "1.7508",
            "close": "1.75483"
        },
        {
            "time": "02.11.2020 01:47",
            "open": "1.75483",
            "high": "1.7571",
            "low": "1.75483",
            "close": "1.75898"
        },
        {
            "time": "02.11.2020 01:48",
            "open": "1.75898",
            "high": "1.7768",
            "low": "1.75898",
            "close": "1.7686"
        },
        {
            "time": "02.11.2020 01:49",
            "open": "1.7686",
            "high": "1.7772",
            "low": "1.76653",
            "close": "1.77378"
        },
        {
            "time": "02.11.2020 01:50",
            "open": "1.77378",
            "high": "1.77781",
            "low": "1.77092",
            "close": "1.77363"
        },
        {
            "time": "02.11.2020 01:52",
            "open": "1.77363",
            "high": "1.77371",
            "low": "1.77363",
            "close": "1.77159"
        },
        {
            "time": "02.11.2020 01:56",
            "open": "1.77159",
            "high": "1.77159",
            "low": "1.77159",
            "close": "1.76918"
        },
        {
            "time": "02.11.2020 01:57",
            "open": "1.76918",
            "high": "1.76918",
            "low": "1.76918",
            "close": "1.76921"
        },
        {
            "time": "02.11.2020 01:58",
            "open": "1.76921",
            "high": "1.76921",
            "low": "1.76442",
            "close": "1.76285"
        },
        {
            "time": "02.11.2020 01:59",
            "open": "1.76285",
            "high": "1.76285",
            "low": "1.76102",
            "close": "1.76268"
        },
        {
            "time": "02.11.2020 02:01",
            "open": "1.76268",
            "high": "1.76268",
            "low": "1.76268",
            "close": "1.76014"
        },
        {
            "time": "02.11.2020 02:02",
            "open": "1.76014",
            "high": "1.76014",
            "low": "1.75964",
            "close": "1.76052"
        },
        {
            "time": "02.11.2020 02:05",
            "open": "1.76097",
            "high": "1.76097",
            "low": "1.76097",
            "close": "1.75644"
        },
        {
            "time": "02.11.2020 02:24",
            "open": "1.75644",
            "high": "1.75644",
            "low": "1.75644",
            "close": "1.75882"
        },
        {
            "time": "02.11.2020 02:26",
            "open": "1.75882",
            "high": "1.75883",
            "low": "1.75882",
            "close": "1.7562"
        },
        {
            "time": "02.11.2020 02:33",
            "open": "1.7562",
            "high": "1.7562",
            "low": "1.7562",
            "close": "1.7556"
        },
        {
            "time": "02.11.2020 02:35",
            "open": "1.7556",
            "high": "1.7556",
            "low": "1.7556",
            "close": "1.75121"
        },
        {
            "time": "02.11.2020 02:37",
            "open": "1.75121",
            "high": "1.75121",
            "low": "1.75121",
            "close": "1.75389"
        },
        {
            "time": "02.11.2020 02:38",
            "open": "1.75389",
            "high": "1.75389",
            "low": "1.75104",
            "close": "1.75211"
        },
        {
            "time": "02.11.2020 02:39",
            "open": "1.75211",
            "high": "1.75211",
            "low": "1.75211",
            "close": "1.7618"
        },
        {
            "time": "02.11.2020 02:43",
            "open": "1.7618",
            "high": "1.7618",
            "low": "1.7618",
            "close": "1.75962"
        },
        {
            "time": "02.11.2020 02:44",
            "open": "1.75962",
            "high": "1.75962",
            "low": "1.75962",
            "close": "1.76137"
        },
        {
            "time": "02.11.2020 02:46",
            "open": "1.75903",
            "high": "1.75903",
            "low": "1.75903",
            "close": "1.75721"
        },
        {
            "time": "02.11.2020 02:48",
            "open": "1.75721",
            "high": "1.75721",
            "low": "1.7571",
            "close": "1.75374"
        },
        {
            "time": "02.11.2020 02:50",
            "open": "1.75374",
            "high": "1.75374",
            "low": "1.75374",
            "close": "1.75039"
        },
        {
            "time": "02.11.2020 02:54",
            "open": "1.75039",
            "high": "1.75039",
            "low": "1.75039",
            "close": "1.74806"
        },
        {
            "time": "02.11.2020 02:55",
            "open": "1.74806",
            "high": "1.74806",
            "low": "1.74806",
            "close": "1.75521"
        },
        {
            "time": "02.11.2020 02:56",
            "open": "1.75521",
            "high": "1.75521",
            "low": "1.75521",
            "close": "1.75245"
        },
        {
            "time": "02.11.2020 03:01",
            "open": "1.75245",
            "high": "1.75245",
            "low": "1.75245",
            "close": "1.75057"
        },
        {
            "time": "02.11.2020 03:02",
            "open": "1.75057",
            "high": "1.75057",
            "low": "1.74852",
            "close": "1.74211"
        },
        {
            "time": "02.11.2020 03:12",
            "open": "1.74211",
            "high": "1.74211",
            "low": "1.7421",
            "close": "1.7357"
        },
        {
            "time": "02.11.2020 03:14",
            "open": "1.7357",
            "high": "1.7357",
            "low": "1.73494",
            "close": "1.73799"
        },
        {
            "time": "02.11.2020 03:15",
            "open": "1.73799",
            "high": "1.73799",
            "low": "1.73798",
            "close": "1.7388"
        },
        {
            "time": "02.11.2020 03:17",
            "open": "1.7388",
            "high": "1.7388",
            "low": "1.7388",
            "close": "1.74109"
        },
        {
            "time": "02.11.2020 03:29",
            "open": "1.74109",
            "high": "1.74109",
            "low": "1.74109",
            "close": "1.74186"
        },
        {
            "time": "02.11.2020 03:35",
            "open": "1.74186",
            "high": "1.74186",
            "low": "1.74076",
            "close": "1.72258"
        },
        {
            "time": "02.11.2020 03:54",
            "open": "1.72258",
            "high": "1.72258",
            "low": "1.72258",
            "close": "1.72242"
        },
        {
            "time": "02.11.2020 03:55",
            "open": "1.72242",
            "high": "1.72242",
            "low": "1.72242",
            "close": "1.72295"
        },
        {
            "time": "02.11.2020 03:56",
            "open": "1.72295",
            "high": "1.72297",
            "low": "1.72295",
            "close": "1.72498"
        },
        {
            "time": "02.11.2020 03:57",
            "open": "1.72498",
            "high": "1.72498",
            "low": "1.72487",
            "close": "1.72727"
        },
        {
            "time": "02.11.2020 03:58",
            "open": "1.72727",
            "high": "1.72734",
            "low": "1.72727",
            "close": "1.7239"
        },
        {
            "time": "02.11.2020 04:19",
            "open": "1.7239",
            "high": "1.7239",
            "low": "1.7239",
            "close": "1.72843"
        },
        {
            "time": "02.11.2020 04:34",
            "open": "1.72843",
            "high": "1.72843",
            "low": "1.72843",
            "close": "1.72376"
        },
        {
            "time": "02.11.2020 04:37",
            "open": "1.72376",
            "high": "1.72376",
            "low": "1.72376",
            "close": "1.72618"
        },
        {
            "time": "02.11.2020 04:39",
            "open": "1.72618",
            "high": "1.72618",
            "low": "1.72618",
            "close": "1.7266"
        },
        {
            "time": "02.11.2020 04:57",
            "open": "1.7266",
            "high": "1.7266",
            "low": "1.7256",
            "close": "1.72437"
        },
        {
            "time": "02.11.2020 05:27",
            "open": "1.72437",
            "high": "1.72437",
            "low": "1.7235",
            "close": "1.7225"
        },
        {
            "time": "02.11.2020 05:28",
            "open": "1.7225",
            "high": "1.7225",
            "low": "1.72162",
            "close": "1.72257"
        },
        {
            "time": "02.11.2020 05:29",
            "open": "1.72257",
            "high": "1.72257",
            "low": "1.72257",
            "close": "1.71611"
        },
        {
            "time": "02.11.2020 05:35",
            "open": "1.71611",
            "high": "1.71611",
            "low": "1.71611",
            "close": "1.71951"
        },
        {
            "time": "02.11.2020 05:36",
            "open": "1.71951",
            "high": "1.71951",
            "low": "1.71951",
            "close": "1.71352"
        },
        {
            "time": "02.11.2020 05:53",
            "open": "1.71352",
            "high": "1.71352",
            "low": "1.7112",
            "close": "1.71208"
        },
        {
            "time": "02.11.2020 05:55",
            "open": "1.71208",
            "high": "1.71208",
            "low": "1.71208",
            "close": "1.71068"
        },
        {
            "time": "02.11.2020 06:04",
            "open": "1.71068",
            "high": "1.71068",
            "low": "1.71068",
            "close": "1.71489"
        },
        {
            "time": "02.11.2020 06:12",
            "open": "1.71489",
            "high": "1.71489",
            "low": "1.71489",
            "close": "1.72252"
        },
        {
            "time": "02.11.2020 06:45",
            "open": "1.72252",
            "high": "1.72252",
            "low": "1.72252",
            "close": "1.72345"
        },
        {
            "time": "02.11.2020 06:50",
            "open": "1.72345",
            "high": "1.72354",
            "low": "1.72345",
            "close": "1.72293"
        },
        {
            "time": "02.11.2020 06:54",
            "open": "1.72293",
            "high": "1.72293",
            "low": "1.7229",
            "close": "1.71973"
        },
        {
            "time": "02.11.2020 06:56",
            "open": "1.71973",
            "high": "1.71973",
            "low": "1.71973",
            "close": "1.72322"
        },
        {
            "time": "02.11.2020 07:04",
            "open": "1.72322",
            "high": "1.72322",
            "low": "1.72322",
            "close": "1.72662"
        },
        {
            "time": "02.11.2020 07:39",
            "open": "1.72662",
            "high": "1.72662",
            "low": "1.72662",
            "close": "1.72629"
        },
        {
            "time": "02.11.2020 07:40",
            "open": "1.72629",
            "high": "1.72629",
            "low": "1.72629",
            "close": "1.7255"
        },
        {
            "time": "02.11.2020 07:41",
            "open": "1.7255",
            "high": "1.72743",
            "low": "1.7255",
            "close": "1.72739"
        },
        {
            "time": "02.11.2020 07:43",
            "open": "1.72739",
            "high": "1.72739",
            "low": "1.72739",
            "close": "1.726"
        },
        {
            "time": "02.11.2020 07:52",
            "open": "1.726",
            "high": "1.726",
            "low": "1.726",
            "close": "1.7262"
        },
        {
            "time": "02.11.2020 07:55",
            "open": "1.7262",
            "high": "1.7262",
            "low": "1.7262",
            "close": "1.72451"
        },
        {
            "time": "02.11.2020 07:58",
            "open": "1.72451",
            "high": "1.7246",
            "low": "1.72451",
            "close": "1.72313"
        },
        {
            "time": "02.11.2020 08:01",
            "open": "1.72313",
            "high": "1.72313",
            "low": "1.72313",
            "close": "1.7198"
        },
        {
            "time": "02.11.2020 08:04",
            "open": "1.7198",
            "high": "1.7198",
            "low": "1.71747",
            "close": "1.72181"
        },
        {
            "time": "02.11.2020 08:09",
            "open": "1.72181",
            "high": "1.722",
            "low": "1.72181",
            "close": "1.72639"
        },
        {
            "time": "02.11.2020 08:15",
            "open": "1.72639",
            "high": "1.72639",
            "low": "1.72639",
            "close": "1.72049"
        },
        {
            "time": "02.11.2020 08:27",
            "open": "1.72049",
            "high": "1.72049",
            "low": "1.72049",
            "close": "1.72057"
        },
        {
            "time": "02.11.2020 08:28",
            "open": "1.72057",
            "high": "1.725",
            "low": "1.7205",
            "close": "1.72061"
        },
        {
            "time": "02.11.2020 08:29",
            "open": "1.72061",
            "high": "1.72061",
            "low": "1.72061",
            "close": "1.72151"
        },
        {
            "time": "02.11.2020 08:30",
            "open": "1.72151",
            "high": "1.72151",
            "low": "1.71911",
            "close": "1.71839"
        },
        {
            "time": "02.11.2020 08:31",
            "open": "1.71839",
            "high": "1.7186",
            "low": "1.71839",
            "close": "1.72139"
        },
        {
            "time": "02.11.2020 08:35",
            "open": "1.72139",
            "high": "1.72139",
            "low": "1.7182",
            "close": "1.71887"
        },
        {
            "time": "02.11.2020 08:37",
            "open": "1.71887",
            "high": "1.72134",
            "low": "1.71887",
            "close": "1.71967"
        },
        {
            "time": "02.11.2020 08:45",
            "open": "1.71967",
            "high": "1.72359",
            "low": "1.71967",
            "close": "1.72241"
        },
        {
            "time": "02.11.2020 08:57",
            "open": "1.72241",
            "high": "1.72241",
            "low": "1.72241",
            "close": "1.72451"
        },
        {
            "time": "02.11.2020 08:59",
            "open": "1.72451",
            "high": "1.72451",
            "low": "1.72451",
            "close": "1.72863"
        },
        {
            "time": "02.11.2020 09:03",
            "open": "1.72863",
            "high": "1.72863",
            "low": "1.72863",
            "close": "1.72859"
        },
        {
            "time": "02.11.2020 09:04",
            "open": "1.72859",
            "high": "1.72859",
            "low": "1.72859",
            "close": "1.72773"
        },
        {
            "time": "02.11.2020 09:07",
            "open": "1.72773",
            "high": "1.72773",
            "low": "1.7273",
            "close": "1.72156"
        },
        {
            "time": "02.11.2020 09:13",
            "open": "1.72156",
            "high": "1.72158",
            "low": "1.72156",
            "close": "1.72249"
        },
        {
            "time": "02.11.2020 09:19",
            "open": "1.72249",
            "high": "1.72249",
            "low": "1.72249",
            "close": "1.72389"
        },
        {
            "time": "02.11.2020 09:20",
            "open": "1.72389",
            "high": "1.72389",
            "low": "1.72389",
            "close": "1.72617"
        },
        {
            "time": "02.11.2020 09:22",
            "open": "1.72617",
            "high": "1.72617",
            "low": "1.72617",
            "close": "1.72146"
        },
        {
            "time": "02.11.2020 09:25",
            "open": "1.72146",
            "high": "1.72146",
            "low": "1.71655",
            "close": "1.71303"
        },
        {
            "time": "02.11.2020 09:26",
            "open": "1.71303",
            "high": "1.71303",
            "low": "1.70963",
            "close": "1.70937"
        },
        {
            "time": "02.11.2020 09:27",
            "open": "1.70937",
            "high": "1.70937",
            "low": "1.70937",
            "close": "1.70709"
        },
        {
            "time": "02.11.2020 09:30",
            "open": "1.70709",
            "high": "1.70803",
            "low": "1.70709",
            "close": "1.70883"
        },
        {
            "time": "02.11.2020 09:33",
            "open": "1.70883",
            "high": "1.70883",
            "low": "1.70541",
            "close": "1.7"
        },
        {
            "time": "02.11.2020 09:36",
            "open": "1.7",
            "high": "1.7",
            "low": "1.69437",
            "close": "1.69"
        },
        {
            "time": "02.11.2020 09:37",
            "open": "1.69",
            "high": "1.693",
            "low": "1.686",
            "close": "1.6934"
        },
        {
            "time": "02.11.2020 09:40",
            "open": "1.6934",
            "high": "1.6934",
            "low": "1.6934",
            "close": "1.69266"
        },
        {
            "time": "02.11.2020 09:41",
            "open": "1.69266",
            "high": "1.69266",
            "low": "1.69266",
            "close": "1.68926"
        },
        {
            "time": "02.11.2020 09:42",
            "open": "1.68926",
            "high": "1.68926",
            "low": "1.6853",
            "close": "1.68643"
        },
        {
            "time": "02.11.2020 09:43",
            "open": "1.68643",
            "high": "1.68643",
            "low": "1.68643",
            "close": "1.69159"
        },
        {
            "time": "02.11.2020 09:44",
            "open": "1.69159",
            "high": "1.69168",
            "low": "1.69159",
            "close": "1.69348"
        },
        {
            "time": "02.11.2020 09:45",
            "open": "1.69348",
            "high": "1.69348",
            "low": "1.69269",
            "close": "1.69178"
        },
        {
            "time": "02.11.2020 09:46",
            "open": "1.69178",
            "high": "1.69178",
            "low": "1.69178",
            "close": "1.683"
        },
        {
            "time": "02.11.2020 09:49",
            "open": "1.683",
            "high": "1.683",
            "low": "1.68",
            "close": "1.68561"
        },
        {
            "time": "02.11.2020 09:52",
            "open": "1.68561",
            "high": "1.6884",
            "low": "1.68561",
            "close": "1.67568"
        },
        {
            "time": "02.11.2020 09:56",
            "open": "1.67568",
            "high": "1.67568",
            "low": "1.67568",
            "close": "1.67"
        },
        {
            "time": "02.11.2020 09:57",
            "open": "1.67",
            "high": "1.67",
            "low": "1.667",
            "close": "1.66714"
        },
        {
            "time": "02.11.2020 09:58",
            "open": "1.66714",
            "high": "1.66714",
            "low": "1.66714",
            "close": "1.66"
        },
        {
            "time": "02.11.2020 09:59",
            "open": "1.66",
            "high": "1.66165",
            "low": "1.659",
            "close": "1.65024"
        },
        {
            "time": "02.11.2020 10:00",
            "open": "1.65024",
            "high": "1.65024",
            "low": "1.65024",
            "close": "1.66054"
        },
        {
            "time": "02.11.2020 10:03",
            "open": "1.66054",
            "high": "1.66054",
            "low": "1.66035",
            "close": "1.6629"
        },
        {
            "time": "02.11.2020 10:05",
            "open": "1.6629",
            "high": "1.66639",
            "low": "1.6629",
            "close": "1.6642"
        },
        {
            "time": "02.11.2020 10:07",
            "open": "1.6642",
            "high": "1.66537",
            "low": "1.6642",
            "close": "1.67117"
        },
        {
            "time": "02.11.2020 10:09",
            "open": "1.67117",
            "high": "1.67117",
            "low": "1.67117",
            "close": "1.6749"
        },
        {
            "time": "02.11.2020 10:10",
            "open": "1.6749",
            "high": "1.6749",
            "low": "1.6749",
            "close": "1.67172"
        },
        {
            "time": "02.11.2020 10:16",
            "open": "1.67172",
            "high": "1.67172",
            "low": "1.67172",
            "close": "1.66799"
        },
        {
            "time": "02.11.2020 10:20",
            "open": "1.66799",
            "high": "1.66799",
            "low": "1.66799",
            "close": "1.66765"
        },
        {
            "time": "02.11.2020 10:21",
            "open": "1.66765",
            "high": "1.66765",
            "low": "1.66765",
            "close": "1.66813"
        },
        {
            "time": "02.11.2020 10:23",
            "open": "1.66813",
            "high": "1.66813",
            "low": "1.66813",
            "close": "1.67172"
        },
        {
            "time": "02.11.2020 10:26",
            "open": "1.67172",
            "high": "1.67172",
            "low": "1.67172",
            "close": "1.66858"
        },
        {
            "time": "02.11.2020 10:29",
            "open": "1.66858",
            "high": "1.66858",
            "low": "1.66554",
            "close": "1.66812"
        },
        {
            "time": "02.11.2020 10:30",
            "open": "1.66812",
            "high": "1.66812",
            "low": "1.66812",
            "close": "1.67103"
        },
        {
            "time": "02.11.2020 10:32",
            "open": "1.67103",
            "high": "1.67219",
            "low": "1.67103",
            "close": "1.67615"
        },
        {
            "time": "02.11.2020 10:36",
            "open": "1.67615",
            "high": "1.67647",
            "low": "1.67334",
            "close": "1.6759"
        },
        {
            "time": "02.11.2020 10:37",
            "open": "1.6759",
            "high": "1.6759",
            "low": "1.6759",
            "close": "1.67797"
        },
        {
            "time": "02.11.2020 10:38",
            "open": "1.67797",
            "high": "1.67801",
            "low": "1.67797",
            "close": "1.67921"
        },
        {
            "time": "02.11.2020 10:44",
            "open": "1.67921",
            "high": "1.67921",
            "low": "1.67921",
            "close": "1.67801"
        },
        {
            "time": "02.11.2020 10:45",
            "open": "1.67801",
            "high": "1.67801",
            "low": "1.67801",
            "close": "1.67738"
        },
        {
            "time": "02.11.2020 10:46",
            "open": "1.67738",
            "high": "1.67738",
            "low": "1.67738",
            "close": "1.67981"
        },
        {
            "time": "02.11.2020 10:49",
            "open": "1.68018",
            "high": "1.68018",
            "low": "1.68018",
            "close": "1.68109"
        },
        {
            "time": "02.11.2020 10:55",
            "open": "1.68109",
            "high": "1.68109",
            "low": "1.68109",
            "close": "1.6769"
        },
        {
            "time": "02.11.2020 10:57",
            "open": "1.6769",
            "high": "1.6769",
            "low": "1.6769",
            "close": "1.67229"
        },
        {
            "time": "02.11.2020 11:02",
            "open": "1.67229",
            "high": "1.67229",
            "low": "1.67229",
            "close": "1.67409"
        },
        {
            "time": "02.11.2020 11:03",
            "open": "1.67409",
            "high": "1.6741",
            "low": "1.67409",
            "close": "1.67379"
        },
        {
            "time": "02.11.2020 11:05",
            "open": "1.67379",
            "high": "1.67379",
            "low": "1.67379",
            "close": "1.67659"
        },
        {
            "time": "02.11.2020 11:06",
            "open": "1.67659",
            "high": "1.67659",
            "low": "1.67659",
            "close": "1.67649"
        },
        {
            "time": "02.11.2020 11:08",
            "open": "1.67649",
            "high": "1.67649",
            "low": "1.67649",
            "close": "1.6749"
        },
        {
            "time": "02.11.2020 11:11",
            "open": "1.6749",
            "high": "1.6749",
            "low": "1.6749",
            "close": "1.675"
        },
        {
            "time": "02.11.2020 11:13",
            "open": "1.675",
            "high": "1.67599",
            "low": "1.675",
            "close": "1.6757"
        },
        {
            "time": "02.11.2020 11:14",
            "open": "1.6757",
            "high": "1.6757",
            "low": "1.6757",
            "close": "1.67574"
        },
        {
            "time": "02.11.2020 11:15",
            "open": "1.67574",
            "high": "1.67574",
            "low": "1.6757",
            "close": "1.67502"
        },
        {
            "time": "02.11.2020 11:17",
            "open": "1.67502",
            "high": "1.67502",
            "low": "1.6716",
            "close": "1.66823"
        },
        {
            "time": "02.11.2020 11:18",
            "open": "1.66823",
            "high": "1.66823",
            "low": "1.66439",
            "close": "1.67006"
        },
        {
            "time": "02.11.2020 11:19",
            "open": "1.67006",
            "high": "1.67006",
            "low": "1.67006",
            "close": "1.67674"
        },
        {
            "time": "02.11.2020 11:22",
            "open": "1.67674",
            "high": "1.67674",
            "low": "1.67674",
            "close": "1.67749"
        },
        {
            "time": "02.11.2020 11:24",
            "open": "1.67749",
            "high": "1.67749",
            "low": "1.67749",
            "close": "1.67688"
        },
        {
            "time": "02.11.2020 11:26",
            "open": "1.67688",
            "high": "1.67688",
            "low": "1.67688",
            "close": "1.67859"
        },
        {
            "time": "02.11.2020 11:28",
            "open": "1.67859",
            "high": "1.6786",
            "low": "1.67859",
            "close": "1.67824"
        },
        {
            "time": "02.11.2020 11:29",
            "open": "1.67824",
            "high": "1.67824",
            "low": "1.67824",
            "close": "1.6788"
        },
        {
            "time": "02.11.2020 11:30",
            "open": "1.6788",
            "high": "1.6788",
            "low": "1.6786",
            "close": "1.68119"
        },
        {
            "time": "02.11.2020 11:32",
            "open": "1.68119",
            "high": "1.68119",
            "low": "1.68119",
            "close": "1.68464"
        },
        {
            "time": "02.11.2020 11:34",
            "open": "1.68464",
            "high": "1.68464",
            "low": "1.68464",
            "close": "1.68567"
        },
        {
            "time": "02.11.2020 11:35",
            "open": "1.68567",
            "high": "1.68567",
            "low": "1.68567",
            "close": "1.67448"
        },
        {
            "time": "02.11.2020 11:42",
            "open": "1.67448",
            "high": "1.67448",
            "low": "1.67448",
            "close": "1.67578"
        },
        {
            "time": "02.11.2020 11:44",
            "open": "1.67578",
            "high": "1.67578",
            "low": "1.67578",
            "close": "1.6762"
        },
        {
            "time": "02.11.2020 11:47",
            "open": "1.6762",
            "high": "1.6762",
            "low": "1.67366",
            "close": "1.67659"
        },
        {
            "time": "02.11.2020 11:48",
            "open": "1.67659",
            "high": "1.67659",
            "low": "1.67659",
            "close": "1.67543"
        },
        {
            "time": "02.11.2020 11:54",
            "open": "1.67543",
            "high": "1.67543",
            "low": "1.67344",
            "close": "1.66768"
        },
        {
            "time": "02.11.2020 11:58",
            "open": "1.66768",
            "high": "1.66768",
            "low": "1.66124",
            "close": "1.65817"
        },
        {
            "time": "02.11.2020 12:01",
            "open": "1.65817",
            "high": "1.65817",
            "low": "1.65817",
            "close": "1.65937"
        },
        {
            "time": "02.11.2020 12:04",
            "open": "1.65937",
            "high": "1.65937",
            "low": "1.65937",
            "close": "1.66388"
        },
        {
            "time": "02.11.2020 12:05",
            "open": "1.66388",
            "high": "1.66665",
            "low": "1.66388",
            "close": "1.66682"
        },
        {
            "time": "02.11.2020 12:06",
            "open": "1.66682",
            "high": "1.66729",
            "low": "1.66682",
            "close": "1.66836"
        },
        {
            "time": "02.11.2020 12:07",
            "open": "1.66836",
            "high": "1.66836",
            "low": "1.66617",
            "close": "1.66458"
        },
        {
            "time": "02.11.2020 12:10",
            "open": "1.66458",
            "high": "1.66458",
            "low": "1.66458",
            "close": "1.66179"
        },
        {
            "time": "02.11.2020 12:11",
            "open": "1.66179",
            "high": "1.66199",
            "low": "1.66133",
            "close": "1.66201"
        },
        {
            "time": "02.11.2020 12:12",
            "open": "1.66201",
            "high": "1.66201",
            "low": "1.66201",
            "close": "1.66"
        },
        {
            "time": "02.11.2020 12:14",
            "open": "1.66",
            "high": "1.66",
            "low": "1.66",
            "close": "1.66"
        },
        {
            "time": "02.11.2020 12:16",
            "open": "1.66",
            "high": "1.66",
            "low": "1.66",
            "close": "1.6557"
        },
        {
            "time": "02.11.2020 12:22",
            "open": "1.6557",
            "high": "1.65572",
            "low": "1.6557",
            "close": "1.65671"
        },
        {
            "time": "02.11.2020 12:23",
            "open": "1.65671",
            "high": "1.65671",
            "low": "1.65671",
            "close": "1.65186"
        },
        {
            "time": "02.11.2020 12:24",
            "open": "1.65186",
            "high": "1.65186",
            "low": "1.64988",
            "close": "1.6472"
        },
        {
            "time": "02.11.2020 12:25",
            "open": "1.6472",
            "high": "1.6474",
            "low": "1.64668",
            "close": "1.64202"
        },
        {
            "time": "02.11.2020 12:26",
            "open": "1.64202",
            "high": "1.65518",
            "low": "1.64202",
            "close": "1.65407"
        },
        {
            "time": "02.11.2020 12:27",
            "open": "1.65407",
            "high": "1.65407",
            "low": "1.647",
            "close": "1.65089"
        },
        {
            "time": "02.11.2020 12:28",
            "open": "1.65089",
            "high": "1.65089",
            "low": "1.65089",
            "close": "1.65429"
        },
        {
            "time": "02.11.2020 12:29",
            "open": "1.65429",
            "high": "1.6543",
            "low": "1.65429",
            "close": "1.6578"
        },
        {
            "time": "02.11.2020 12:30",
            "open": "1.6578",
            "high": "1.66008",
            "low": "1.6578",
            "close": "1.66149"
        },
        {
            "time": "02.11.2020 12:31",
            "open": "1.66149",
            "high": "1.6615",
            "low": "1.66149",
            "close": "1.66339"
        },
        {
            "time": "02.11.2020 12:32",
            "open": "1.66339",
            "high": "1.66339",
            "low": "1.6632",
            "close": "1.65849"
        },
        {
            "time": "02.11.2020 12:33",
            "open": "1.65849",
            "high": "1.6631",
            "low": "1.65849",
            "close": "1.66136"
        },
        {
            "time": "02.11.2020 12:38",
            "open": "1.66136",
            "high": "1.66136",
            "low": "1.66136",
            "close": "1.66157"
        },
        {
            "time": "02.11.2020 12:42",
            "open": "1.66157",
            "high": "1.66157",
            "low": "1.66157",
            "close": "1.65612"
        },
        {
            "time": "02.11.2020 12:44",
            "open": "1.65612",
            "high": "1.65612",
            "low": "1.65192",
            "close": "1.65979"
        },
        {
            "time": "02.11.2020 12:47",
            "open": "1.65979",
            "high": "1.6657",
            "low": "1.65979",
            "close": "1.6587"
        },
        {
            "time": "02.11.2020 12:49",
            "open": "1.6587",
            "high": "1.66128",
            "low": "1.6587",
            "close": "1.66269"
        },
        {
            "time": "02.11.2020 12:50",
            "open": "1.66269",
            "high": "1.66269",
            "low": "1.66269",
            "close": "1.6628"
        },
        {
            "time": "02.11.2020 12:51",
            "open": "1.6628",
            "high": "1.66311",
            "low": "1.6628",
            "close": "1.6568"
        },
        {
            "time": "02.11.2020 12:59",
            "open": "1.6568",
            "high": "1.6568",
            "low": "1.6568",
            "close": "1.64961"
        },
        {
            "time": "02.11.2020 13:03",
            "open": "1.64961",
            "high": "1.64961",
            "low": "1.64961",
            "close": "1.65218"
        },
        {
            "time": "02.11.2020 13:07",
            "open": "1.65218",
            "high": "1.65218",
            "low": "1.65218",
            "close": "1.65309"
        },
        {
            "time": "02.11.2020 13:09",
            "open": "1.65309",
            "high": "1.65309",
            "low": "1.65309",
            "close": "1.6503"
        },
        {
            "time": "02.11.2020 13:10",
            "open": "1.6503",
            "high": "1.6503",
            "low": "1.6503",
            "close": "1.64432"
        },
        {
            "time": "02.11.2020 13:11",
            "open": "1.64432",
            "high": "1.64432",
            "low": "1.64432",
            "close": "1.64238"
        },
        {
            "time": "02.11.2020 13:12",
            "open": "1.64238",
            "high": "1.64238",
            "low": "1.64004",
            "close": "1.6411"
        },
        {
            "time": "02.11.2020 13:15",
            "open": "1.6411",
            "high": "1.6411",
            "low": "1.6411",
            "close": "1.65105"
        },
        {
            "time": "02.11.2020 13:17",
            "open": "1.65105",
            "high": "1.65105",
            "low": "1.65105",
            "close": "1.6512"
        },
        {
            "time": "02.11.2020 13:27",
            "open": "1.6512",
            "high": "1.6512",
            "low": "1.6512",
            "close": "1.65356"
        },
        {
            "time": "02.11.2020 13:29",
            "open": "1.65356",
            "high": "1.65356",
            "low": "1.65356",
            "close": "1.64673"
        },
        {
            "time": "02.11.2020 13:34",
            "open": "1.64673",
            "high": "1.64673",
            "low": "1.64673",
            "close": "1.6419"
        },
        {
            "time": "02.11.2020 13:37",
            "open": "1.6419",
            "high": "1.64192",
            "low": "1.63747",
            "close": "1.63367"
        },
        {
            "time": "02.11.2020 13:38",
            "open": "1.63367",
            "high": "1.63367",
            "low": "1.63367",
            "close": "1.63291"
        },
        {
            "time": "02.11.2020 13:39",
            "open": "1.63291",
            "high": "1.63836",
            "low": "1.63291",
            "close": "1.63164"
        },
        {
            "time": "02.11.2020 13:42",
            "open": "1.63164",
            "high": "1.63261",
            "low": "1.63164",
            "close": "1.63"
        },
        {
            "time": "02.11.2020 13:44",
            "open": "1.63",
            "high": "1.63",
            "low": "1.63",
            "close": "1.63022"
        },
        {
            "time": "02.11.2020 13:45",
            "open": "1.63022",
            "high": "1.63022",
            "low": "1.63022",
            "close": "1.62304"
        },
        {
            "time": "02.11.2020 13:46",
            "open": "1.62304",
            "high": "1.62304",
            "low": "1.61512",
            "close": "1.63018"
        },
        {
            "time": "02.11.2020 13:47",
            "open": "1.63018",
            "high": "1.63018",
            "low": "1.63018",
            "close": "1.6288"
        },
        {
            "time": "02.11.2020 13:49",
            "open": "1.6288",
            "high": "1.63",
            "low": "1.6288",
            "close": "1.62964"
        },
        {
            "time": "02.11.2020 13:51",
            "open": "1.62964",
            "high": "1.62964",
            "low": "1.62964",
            "close": "1.63304"
        },
        {
            "time": "02.11.2020 13:52",
            "open": "1.63304",
            "high": "1.63352",
            "low": "1.63304",
            "close": "1.63042"
        },
        {
            "time": "02.11.2020 13:53",
            "open": "1.63042",
            "high": "1.63042",
            "low": "1.63042",
            "close": "1.6297"
        },
        {
            "time": "02.11.2020 14:01",
            "open": "1.6297",
            "high": "1.6297",
            "low": "1.6297",
            "close": "1.63073"
        },
        {
            "time": "02.11.2020 14:04",
            "open": "1.63073",
            "high": "1.63073",
            "low": "1.63073",
            "close": "1.6382"
        },
        {
            "time": "02.11.2020 14:08",
            "open": "1.6382",
            "high": "1.6382",
            "low": "1.6382",
            "close": "1.6402"
        },
        {
            "time": "02.11.2020 14:19",
            "open": "1.6402",
            "high": "1.6402",
            "low": "1.6402",
            "close": "1.64"
        },
        {
            "time": "02.11.2020 14:21",
            "open": "1.64",
            "high": "1.64",
            "low": "1.64",
            "close": "1.64197"
        },
        {
            "time": "02.11.2020 14:22",
            "open": "1.64197",
            "high": "1.64197",
            "low": "1.64197",
            "close": "1.64219"
        },
        {
            "time": "02.11.2020 14:25",
            "open": "1.64219",
            "high": "1.64221",
            "low": "1.64219",
            "close": "1.6428"
        },
        {
            "time": "02.11.2020 14:26",
            "open": "1.6428",
            "high": "1.6428",
            "low": "1.6428",
            "close": "1.6439"
        },
        {
            "time": "02.11.2020 14:28",
            "open": "1.6439",
            "high": "1.6439",
            "low": "1.6439",
            "close": "1.64538"
        },
        {
            "time": "02.11.2020 14:32",
            "open": "1.64538",
            "high": "1.64538",
            "low": "1.64538",
            "close": "1.6483"
        },
        {
            "time": "02.11.2020 14:33",
            "open": "1.6483",
            "high": "1.65069",
            "low": "1.6483",
            "close": "1.65218"
        },
        {
            "time": "02.11.2020 14:34",
            "open": "1.65218",
            "high": "1.65218",
            "low": "1.65218",
            "close": "1.65245"
        },
        {
            "time": "02.11.2020 14:36",
            "open": "1.65245",
            "high": "1.65245",
            "low": "1.65245",
            "close": "1.65012"
        },
        {
            "time": "02.11.2020 14:37",
            "open": "1.65012",
            "high": "1.65012",
            "low": "1.65012",
            "close": "1.6476"
        },
        {
            "time": "02.11.2020 14:40",
            "open": "1.6476",
            "high": "1.6476",
            "low": "1.6476",
            "close": "1.65173"
        },
        {
            "time": "02.11.2020 14:45",
            "open": "1.65173",
            "high": "1.65173",
            "low": "1.65173",
            "close": "1.65204"
        },
        {
            "time": "02.11.2020 14:46",
            "open": "1.65204",
            "high": "1.65204",
            "low": "1.64861",
            "close": "1.6516"
        },
        {
            "time": "02.11.2020 14:47",
            "open": "1.6516",
            "high": "1.6516",
            "low": "1.65138",
            "close": "1.65057"
        },
        {
            "time": "02.11.2020 14:48",
            "open": "1.65057",
            "high": "1.65057",
            "low": "1.65057",
            "close": "1.65308"
        },
        {
            "time": "02.11.2020 14:50",
            "open": "1.65308",
            "high": "1.65308",
            "low": "1.65289",
            "close": "1.65282"
        },
        {
            "time": "02.11.2020 14:51",
            "open": "1.65282",
            "high": "1.65365",
            "low": "1.65282",
            "close": "1.65045"
        },
        {
            "time": "02.11.2020 14:52",
            "open": "1.65045",
            "high": "1.65045",
            "low": "1.64818",
            "close": "1.64831"
        },
        {
            "time": "02.11.2020 14:54",
            "open": "1.64831",
            "high": "1.64831",
            "low": "1.6472",
            "close": "1.64595"
        },
        {
            "time": "02.11.2020 14:55",
            "open": "1.64595",
            "high": "1.64595",
            "low": "1.64595",
            "close": "1.64595"
        },
        {
            "time": "02.11.2020 14:57",
            "open": "1.64595",
            "high": "1.64595",
            "low": "1.64595",
            "close": "1.64002"
        },
        {
            "time": "02.11.2020 15:00",
            "open": "1.64002",
            "high": "1.6425",
            "low": "1.64002",
            "close": "1.64013"
        },
        {
            "time": "02.11.2020 15:05",
            "open": "1.64013",
            "high": "1.64013",
            "low": "1.64013",
            "close": "1.6424"
        },
        {
            "time": "02.11.2020 15:06",
            "open": "1.6424",
            "high": "1.6424",
            "low": "1.6424",
            "close": "1.63547"
        },
        {
            "time": "02.11.2020 15:08",
            "open": "1.63547",
            "high": "1.63547",
            "low": "1.63151",
            "close": "1.62908"
        },
        {
            "time": "02.11.2020 15:10",
            "open": "1.62908",
            "high": "1.62908",
            "low": "1.62908",
            "close": "1.6258"
        },
        {
            "time": "02.11.2020 15:13",
            "open": "1.6258",
            "high": "1.63058",
            "low": "1.6258",
            "close": "1.63139"
        },
        {
            "time": "02.11.2020 15:17",
            "open": "1.63139",
            "high": "1.63139",
            "low": "1.63139",
            "close": "1.63197"
        },
        {
            "time": "02.11.2020 15:20",
            "open": "1.63197",
            "high": "1.63197",
            "low": "1.62944",
            "close": "1.64044"
        },
        {
            "time": "02.11.2020 15:27",
            "open": "1.64044",
            "high": "1.64044",
            "low": "1.64044",
            "close": "1.64248"
        },
        {
            "time": "02.11.2020 15:29",
            "open": "1.64248",
            "high": "1.64259",
            "low": "1.64099",
            "close": "1.64256"
        },
        {
            "time": "02.11.2020 15:31",
            "open": "1.64256",
            "high": "1.64388",
            "low": "1.64256",
            "close": "1.6476"
        },
        {
            "time": "02.11.2020 15:34",
            "open": "1.6476",
            "high": "1.6476",
            "low": "1.6476",
            "close": "1.6476"
        },
        {
            "time": "02.11.2020 15:39",
            "open": "1.6476",
            "high": "1.6476",
            "low": "1.6476",
            "close": "1.6457"
        },
        {
            "time": "02.11.2020 15:41",
            "open": "1.6457",
            "high": "1.6457",
            "low": "1.6457",
            "close": "1.64596"
        },
        {
            "time": "02.11.2020 15:45",
            "open": "1.64596",
            "high": "1.64596",
            "low": "1.64537",
            "close": "1.64727"
        },
        {
            "time": "02.11.2020 15:46",
            "open": "1.64727",
            "high": "1.64727",
            "low": "1.64727",
            "close": "1.64759"
        },
        {
            "time": "02.11.2020 15:49",
            "open": "1.64759",
            "high": "1.64759",
            "low": "1.64759",
            "close": "1.64678"
        },
        {
            "time": "02.11.2020 15:50",
            "open": "1.64678",
            "high": "1.64678",
            "low": "1.64678",
            "close": "1.64518"
        },
        {
            "time": "02.11.2020 15:51",
            "open": "1.64518",
            "high": "1.64518",
            "low": "1.64518",
            "close": "1.64696"
        },
        {
            "time": "02.11.2020 16:00",
            "open": "1.64696",
            "high": "1.64696",
            "low": "1.64696",
            "close": "1.64649"
        },
        {
            "time": "02.11.2020 16:13",
            "open": "1.64649",
            "high": "1.64649",
            "low": "1.64649",
            "close": "1.64399"
        },
        {
            "time": "02.11.2020 16:24",
            "open": "1.64399",
            "high": "1.64399",
            "low": "1.64399",
            "close": "1.64529"
        },
        {
            "time": "02.11.2020 16:25",
            "open": "1.64529",
            "high": "1.64529",
            "low": "1.64529",
            "close": "1.64724"
        },
        {
            "time": "02.11.2020 16:26",
            "open": "1.64724",
            "high": "1.64724",
            "low": "1.64724",
            "close": "1.6458"
        },
        {
            "time": "02.11.2020 16:28",
            "open": "1.6458",
            "high": "1.6458",
            "low": "1.6458",
            "close": "1.6476"
        },
        {
            "time": "02.11.2020 16:29",
            "open": "1.6476",
            "high": "1.6476",
            "low": "1.6476",
            "close": "1.64521"
        },
        {
            "time": "02.11.2020 16:33",
            "open": "1.64521",
            "high": "1.64521",
            "low": "1.64521",
            "close": "1.6518"
        },
        {
            "time": "02.11.2020 16:35",
            "open": "1.6518",
            "high": "1.6518",
            "low": "1.6518",
            "close": "1.65331"
        },
        {
            "time": "02.11.2020 16:38",
            "open": "1.65331",
            "high": "1.65331",
            "low": "1.65011",
            "close": "1.65179"
        },
        {
            "time": "02.11.2020 16:40",
            "open": "1.65179",
            "high": "1.65179",
            "low": "1.65179",
            "close": "1.65188"
        },
        {
            "time": "02.11.2020 16:41",
            "open": "1.65188",
            "high": "1.65188",
            "low": "1.65188",
            "close": "1.6536"
        },
        {
            "time": "02.11.2020 16:44",
            "open": "1.6536",
            "high": "1.65517",
            "low": "1.6536",
            "close": "1.65238"
        },
        {
            "time": "02.11.2020 16:48",
            "open": "1.65238",
            "high": "1.65238",
            "low": "1.65238",
            "close": "1.64816"
        },
        {
            "time": "02.11.2020 16:49",
            "open": "1.64816",
            "high": "1.64816",
            "low": "1.64816",
            "close": "1.65381"
        },
        {
            "time": "02.11.2020 16:50",
            "open": "1.65381",
            "high": "1.65381",
            "low": "1.65381",
            "close": "1.65124"
        },
        {
            "time": "02.11.2020 16:51",
            "open": "1.65124",
            "high": "1.6513",
            "low": "1.65124",
            "close": "1.6529"
        },
        {
            "time": "02.11.2020 16:54",
            "open": "1.6529",
            "high": "1.6529",
            "low": "1.6529",
            "close": "1.653"
        },
        {
            "time": "02.11.2020 16:58",
            "open": "1.653",
            "high": "1.65457",
            "low": "1.653",
            "close": "1.6532"
        },
        {
            "time": "02.11.2020 17:00",
            "open": "1.6532",
            "high": "1.6532",
            "low": "1.6532",
            "close": "1.655"
        },
        {
            "time": "02.11.2020 17:02",
            "open": "1.655",
            "high": "1.655",
            "low": "1.655",
            "close": "1.65339"
        },
        {
            "time": "02.11.2020 17:04",
            "open": "1.65339",
            "high": "1.65473",
            "low": "1.65247",
            "close": "1.65381"
        },
        {
            "time": "02.11.2020 17:06",
            "open": "1.65381",
            "high": "1.65381",
            "low": "1.65381",
            "close": "1.64932"
        },
        {
            "time": "02.11.2020 17:09",
            "open": "1.64932",
            "high": "1.64932",
            "low": "1.64932",
            "close": "1.6567"
        },
        {
            "time": "02.11.2020 17:12",
            "open": "1.6567",
            "high": "1.66185",
            "low": "1.6567",
            "close": "1.6599"
        },
        {
            "time": "02.11.2020 17:13",
            "open": "1.6599",
            "high": "1.6599",
            "low": "1.6599",
            "close": "1.66104"
        },
        {
            "time": "02.11.2020 17:19",
            "open": "1.66104",
            "high": "1.66104",
            "low": "1.65686",
            "close": "1.6592"
        },
        {
            "time": "02.11.2020 17:20",
            "open": "1.6592",
            "high": "1.6592",
            "low": "1.6592",
            "close": "1.65315"
        },
        {
            "time": "02.11.2020 17:22",
            "open": "1.65685",
            "high": "1.65685",
            "low": "1.65685",
            "close": "1.66126"
        },
        {
            "time": "02.11.2020 17:23",
            "open": "1.66126",
            "high": "1.66128",
            "low": "1.66126",
            "close": "1.66128"
        },
        {
            "time": "02.11.2020 17:24",
            "open": "1.66128",
            "high": "1.66128",
            "low": "1.66128",
            "close": "1.66338"
        },
        {
            "time": "02.11.2020 17:25",
            "open": "1.66338",
            "high": "1.66338",
            "low": "1.66338",
            "close": "1.6633"
        },
        {
            "time": "02.11.2020 17:26",
            "open": "1.6633",
            "high": "1.6662",
            "low": "1.6633",
            "close": "1.6604"
        },
        {
            "time": "02.11.2020 17:31",
            "open": "1.6604",
            "high": "1.6604",
            "low": "1.6604",
            "close": "1.65616"
        },
        {
            "time": "02.11.2020 17:32",
            "open": "1.65616",
            "high": "1.65616",
            "low": "1.65601",
            "close": "1.65433"
        },
        {
            "time": "02.11.2020 17:33",
            "open": "1.65433",
            "high": "1.65433",
            "low": "1.65337",
            "close": "1.65443"
        },
        {
            "time": "02.11.2020 17:35",
            "open": "1.65443",
            "high": "1.65468",
            "low": "1.65443",
            "close": "1.65387"
        },
        {
            "time": "02.11.2020 17:36",
            "open": "1.65387",
            "high": "1.65387",
            "low": "1.65387",
            "close": "1.6553"
        },
        {
            "time": "02.11.2020 17:40",
            "open": "1.6553",
            "high": "1.6553",
            "low": "1.6553",
            "close": "1.65396"
        },
        {
            "time": "02.11.2020 17:41",
            "open": "1.65396",
            "high": "1.65396",
            "low": "1.65396",
            "close": "1.65485"
        },
        {
            "time": "02.11.2020 17:42",
            "open": "1.65485",
            "high": "1.65485",
            "low": "1.65485",
            "close": "1.65447"
        },
        {
            "time": "02.11.2020 17:43",
            "open": "1.65447",
            "high": "1.65447",
            "low": "1.65447",
            "close": "1.65113"
        },
        {
            "time": "02.11.2020 17:45",
            "open": "1.65113",
            "high": "1.65113",
            "low": "1.65032",
            "close": "1.6523"
        },
        {
            "time": "02.11.2020 17:47",
            "open": "1.6523",
            "high": "1.6523",
            "low": "1.6523",
            "close": "1.6503"
        },
        {
            "time": "02.11.2020 17:55",
            "open": "1.6503",
            "high": "1.6503",
            "low": "1.6503",
            "close": "1.65628"
        },
        {
            "time": "02.11.2020 17:59",
            "open": "1.65632",
            "high": "1.65632",
            "low": "1.65632",
            "close": "1.6546"
        },
        {
            "time": "02.11.2020 18:03",
            "open": "1.6546",
            "high": "1.6546",
            "low": "1.6546",
            "close": "1.65387"
        },
        {
            "time": "02.11.2020 18:04",
            "open": "1.65387",
            "high": "1.65387",
            "low": "1.65387",
            "close": "1.64936"
        },
        {
            "time": "02.11.2020 18:06",
            "open": "1.64936",
            "high": "1.64936",
            "low": "1.64936",
            "close": "1.65374"
        },
        {
            "time": "02.11.2020 18:09",
            "open": "1.65374",
            "high": "1.65374",
            "low": "1.65354",
            "close": "1.65451"
        },
        {
            "time": "02.11.2020 18:17",
            "open": "1.65451",
            "high": "1.65521",
            "low": "1.65451",
            "close": "1.65699"
        },
        {
            "time": "02.11.2020 18:19",
            "open": "1.65699",
            "high": "1.65699",
            "low": "1.65699",
            "close": "1.65195"
        },
        {
            "time": "02.11.2020 18:20",
            "open": "1.65195",
            "high": "1.65195",
            "low": "1.65195",
            "close": "1.6558"
        },
        {
            "time": "02.11.2020 18:25",
            "open": "1.6558",
            "high": "1.6558",
            "low": "1.6558",
            "close": "1.657"
        },
        {
            "time": "02.11.2020 18:27",
            "open": "1.657",
            "high": "1.657",
            "low": "1.657",
            "close": "1.65932"
        },
        {
            "time": "02.11.2020 18:29",
            "open": "1.65932",
            "high": "1.65932",
            "low": "1.65932",
            "close": "1.65644"
        },
        {
            "time": "02.11.2020 18:30",
            "open": "1.65644",
            "high": "1.65644",
            "low": "1.65644",
            "close": "1.6518"
        },
        {
            "time": "02.11.2020 18:34",
            "open": "1.6518",
            "high": "1.6518",
            "low": "1.65018",
            "close": "1.6495"
        },
        {
            "time": "02.11.2020 18:35",
            "open": "1.6495",
            "high": "1.6495",
            "low": "1.6495",
            "close": "1.648"
        },
        {
            "time": "02.11.2020 18:36",
            "open": "1.648",
            "high": "1.648",
            "low": "1.6469",
            "close": "1.6458"
        },
        {
            "time": "02.11.2020 18:39",
            "open": "1.6458",
            "high": "1.6458",
            "low": "1.6458",
            "close": "1.6477"
        },
        {
            "time": "02.11.2020 18:41",
            "open": "1.6477",
            "high": "1.6477",
            "low": "1.6477",
            "close": "1.64706"
        },
        {
            "time": "02.11.2020 18:42",
            "open": "1.64706",
            "high": "1.64706",
            "low": "1.64706",
            "close": "1.64826"
        },
        {
            "time": "02.11.2020 18:43",
            "open": "1.64826",
            "high": "1.64826",
            "low": "1.6464",
            "close": "1.64726"
        },
        {
            "time": "02.11.2020 18:44",
            "open": "1.64726",
            "high": "1.64726",
            "low": "1.64726",
            "close": "1.64415"
        },
        {
            "time": "02.11.2020 18:45",
            "open": "1.64415",
            "high": "1.64415",
            "low": "1.64415",
            "close": "1.64681"
        },
        {
            "time": "02.11.2020 18:46",
            "open": "1.64681",
            "high": "1.64681",
            "low": "1.64681",
            "close": "1.65108"
        },
        {
            "time": "02.11.2020 18:47",
            "open": "1.65108",
            "high": "1.65108",
            "low": "1.65108",
            "close": "1.6499"
        },
        {
            "time": "02.11.2020 18:48",
            "open": "1.6499",
            "high": "1.6499",
            "low": "1.6499",
            "close": "1.64"
        },
        {
            "time": "02.11.2020 18:50",
            "open": "1.64",
            "high": "1.64111",
            "low": "1.63913",
            "close": "1.6409"
        },
        {
            "time": "02.11.2020 18:56",
            "open": "1.6409",
            "high": "1.6409",
            "low": "1.6409",
            "close": "1.64251"
        },
        {
            "time": "02.11.2020 18:59",
            "open": "1.64251",
            "high": "1.64251",
            "low": "1.64251",
            "close": "1.6396"
        },
        {
            "time": "02.11.2020 19:00",
            "open": "1.6396",
            "high": "1.6396",
            "low": "1.6396",
            "close": "1.6382"
        },
        {
            "time": "02.11.2020 19:02",
            "open": "1.6382",
            "high": "1.6382",
            "low": "1.6382",
            "close": "1.6373"
        },
        {
            "time": "02.11.2020 19:04",
            "open": "1.6373",
            "high": "1.6373",
            "low": "1.63721",
            "close": "1.6416"
        },
        {
            "time": "02.11.2020 19:05",
            "open": "1.6416",
            "high": "1.6416",
            "low": "1.6416",
            "close": "1.64315"
        },
        {
            "time": "02.11.2020 19:06",
            "open": "1.64315",
            "high": "1.64315",
            "low": "1.64315",
            "close": "1.64284"
        },
        {
            "time": "02.11.2020 19:07",
            "open": "1.64284",
            "high": "1.64284",
            "low": "1.64284",
            "close": "1.64143"
        },
        {
            "time": "02.11.2020 19:08",
            "open": "1.64143",
            "high": "1.64143",
            "low": "1.64143",
            "close": "1.64469"
        },
        {
            "time": "02.11.2020 19:14",
            "open": "1.64469",
            "high": "1.64469",
            "low": "1.64469",
            "close": "1.64111"
        },
        {
            "time": "02.11.2020 19:17",
            "open": "1.64111",
            "high": "1.64111",
            "low": "1.64111",
            "close": "1.64054"
        },
        {
            "time": "02.11.2020 19:20",
            "open": "1.64054",
            "high": "1.64054",
            "low": "1.64054",
            "close": "1.63782"
        },
        {
            "time": "02.11.2020 19:27",
            "open": "1.63782",
            "high": "1.63782",
            "low": "1.63782",
            "close": "1.6392"
        },
        {
            "time": "02.11.2020 19:30",
            "open": "1.6392",
            "high": "1.6392",
            "low": "1.63612",
            "close": "1.63849"
        },
        {
            "time": "02.11.2020 19:31",
            "open": "1.63849",
            "high": "1.63849",
            "low": "1.6379",
            "close": "1.64029"
        },
        {
            "time": "02.11.2020 19:32",
            "open": "1.64029",
            "high": "1.64038",
            "low": "1.63671",
            "close": "1.6385"
        },
        {
            "time": "02.11.2020 19:33",
            "open": "1.6385",
            "high": "1.63909",
            "low": "1.6385",
            "close": "1.6396"
        },
        {
            "time": "02.11.2020 19:34",
            "open": "1.6396",
            "high": "1.6396",
            "low": "1.6396",
            "close": "1.63749"
        },
        {
            "time": "02.11.2020 19:35",
            "open": "1.63749",
            "high": "1.63749",
            "low": "1.63749",
            "close": "1.63657"
        },
        {
            "time": "02.11.2020 19:36",
            "open": "1.63657",
            "high": "1.63657",
            "low": "1.63657",
            "close": "1.63483"
        },
        {
            "time": "02.11.2020 19:46",
            "open": "1.63483",
            "high": "1.63483",
            "low": "1.63251",
            "close": "1.63611"
        },
        {
            "time": "02.11.2020 19:53",
            "open": "1.63611",
            "high": "1.63611",
            "low": "1.6332",
            "close": "1.63533"
        },
        {
            "time": "02.11.2020 19:57",
            "open": "1.63533",
            "high": "1.63561",
            "low": "1.63533",
            "close": "1.6364"
        },
        {
            "time": "02.11.2020 20:00",
            "open": "1.6364",
            "high": "1.63641",
            "low": "1.6364",
            "close": "1.6387"
        },
        {
            "time": "02.11.2020 20:04",
            "open": "1.6387",
            "high": "1.6387",
            "low": "1.6387",
            "close": "1.6384"
        },
        {
            "time": "02.11.2020 20:10",
            "open": "1.6384",
            "high": "1.6384",
            "low": "1.6384",
            "close": "1.6399"
        },
        {
            "time": "02.11.2020 20:15",
            "open": "1.6399",
            "high": "1.64131",
            "low": "1.6399",
            "close": "1.64861"
        },
        {
            "time": "02.11.2020 20:16",
            "open": "1.64861",
            "high": "1.65102",
            "low": "1.64861",
            "close": "1.65408"
        },
        {
            "time": "02.11.2020 20:25",
            "open": "1.65408",
            "high": "1.65408",
            "low": "1.65408",
            "close": "1.65038"
        },
        {
            "time": "02.11.2020 20:26",
            "open": "1.65038",
            "high": "1.65148",
            "low": "1.65038",
            "close": "1.65251"
        },
        {
            "time": "02.11.2020 20:27",
            "open": "1.65251",
            "high": "1.65251",
            "low": "1.65251",
            "close": "1.65212"
        },
        {
            "time": "02.11.2020 20:31",
            "open": "1.65212",
            "high": "1.65212",
            "low": "1.65085",
            "close": "1.6529"
        },
        {
            "time": "02.11.2020 20:32",
            "open": "1.6529",
            "high": "1.6529",
            "low": "1.64843",
            "close": "1.6527"
        },
        {
            "time": "02.11.2020 20:38",
            "open": "1.6527",
            "high": "1.65329",
            "low": "1.6527",
            "close": "1.65002"
        },
        {
            "time": "02.11.2020 20:41",
            "open": "1.65002",
            "high": "1.65002",
            "low": "1.65002",
            "close": "1.6496"
        },
        {
            "time": "02.11.2020 20:47",
            "open": "1.6496",
            "high": "1.65002",
            "low": "1.6496",
            "close": "1.64487"
        },
        {
            "time": "02.11.2020 21:01",
            "open": "1.64487",
            "high": "1.64487",
            "low": "1.64487",
            "close": "1.65118"
        },
        {
            "time": "02.11.2020 21:14",
            "open": "1.65118",
            "high": "1.65118",
            "low": "1.64832",
            "close": "1.65471"
        },
        {
            "time": "02.11.2020 21:20",
            "open": "1.65471",
            "high": "1.65471",
            "low": "1.65471",
            "close": "1.65465"
        },
        {
            "time": "02.11.2020 21:21",
            "open": "1.65465",
            "high": "1.65465",
            "low": "1.65454",
            "close": "1.65821"
        },
        {
            "time": "02.11.2020 21:23",
            "open": "1.65821",
            "high": "1.65821",
            "low": "1.65821",
            "close": "1.65342"
        },
        {
            "time": "02.11.2020 21:27",
            "open": "1.65342",
            "high": "1.65342",
            "low": "1.65021",
            "close": "1.64961"
        },
        {
            "time": "02.11.2020 21:29",
            "open": "1.64961",
            "high": "1.64961",
            "low": "1.64951",
            "close": "1.65263"
        },
        {
            "time": "02.11.2020 21:30",
            "open": "1.65263",
            "high": "1.65263",
            "low": "1.65263",
            "close": "1.6529"
        },
        {
            "time": "02.11.2020 21:31",
            "open": "1.6529",
            "high": "1.6529",
            "low": "1.6529",
            "close": "1.64975"
        },
        {
            "time": "02.11.2020 21:34",
            "open": "1.64975",
            "high": "1.64975",
            "low": "1.64975",
            "close": "1.64885"
        },
        {
            "time": "02.11.2020 21:37",
            "open": "1.64885",
            "high": "1.64885",
            "low": "1.64885",
            "close": "1.64411"
        },
        {
            "time": "02.11.2020 21:38",
            "open": "1.64411",
            "high": "1.64411",
            "low": "1.64411",
            "close": "1.64825"
        },
        {
            "time": "02.11.2020 21:42",
            "open": "1.64825",
            "high": "1.64825",
            "low": "1.64825",
            "close": "1.64798"
        },
        {
            "time": "02.11.2020 21:43",
            "open": "1.64798",
            "high": "1.64798",
            "low": "1.64798",
            "close": "1.64532"
        },
        {
            "time": "02.11.2020 21:44",
            "open": "1.64532",
            "high": "1.64532",
            "low": "1.64532",
            "close": "1.64619"
        },
        {
            "time": "02.11.2020 21:49",
            "open": "1.64619",
            "high": "1.6462",
            "low": "1.64619",
            "close": "1.64849"
        },
        {
            "time": "02.11.2020 21:55",
            "open": "1.64849",
            "high": "1.64849",
            "low": "1.64836",
            "close": "1.64836"
        },
        {
            "time": "02.11.2020 21:56",
            "open": "1.64836",
            "high": "1.64836",
            "low": "1.64836",
            "close": "1.64814"
        },
        {
            "time": "02.11.2020 21:58",
            "open": "1.64814",
            "high": "1.64814",
            "low": "1.64814",
            "close": "1.64776"
        },
        {
            "time": "02.11.2020 22:01",
            "open": "1.64776",
            "high": "1.64776",
            "low": "1.64776",
            "close": "1.64729"
        },
        {
            "time": "02.11.2020 22:02",
            "open": "1.64729",
            "high": "1.64729",
            "low": "1.64729",
            "close": "1.64728"
        },
        {
            "time": "02.11.2020 22:04",
            "open": "1.64728",
            "high": "1.64728",
            "low": "1.64728",
            "close": "1.6444"
        },
        {
            "time": "02.11.2020 22:09",
            "open": "1.6444",
            "high": "1.6444",
            "low": "1.6444",
            "close": "1.6444"
        },
        {
            "time": "02.11.2020 22:13",
            "open": "1.6444",
            "high": "1.6444",
            "low": "1.6444",
            "close": "1.64289"
        },
        {
            "time": "02.11.2020 22:14",
            "open": "1.64289",
            "high": "1.64626",
            "low": "1.64289",
            "close": "1.6488"
        },
        {
            "time": "02.11.2020 22:15",
            "open": "1.6488",
            "high": "1.6488",
            "low": "1.64635",
            "close": "1.65077"
        },
        {
            "time": "02.11.2020 22:17",
            "open": "1.65077",
            "high": "1.65077",
            "low": "1.65077",
            "close": "1.64922"
        },
        {
            "time": "02.11.2020 22:18",
            "open": "1.64922",
            "high": "1.64922",
            "low": "1.64922",
            "close": "1.6481"
        },
        {
            "time": "02.11.2020 22:19",
            "open": "1.6481",
            "high": "1.6481",
            "low": "1.6481",
            "close": "1.65085"
        },
        {
            "time": "02.11.2020 22:25",
            "open": "1.65085",
            "high": "1.65085",
            "low": "1.65085",
            "close": "1.65409"
        },
        {
            "time": "02.11.2020 22:40",
            "open": "1.65409",
            "high": "1.65409",
            "low": "1.65409",
            "close": "1.6518"
        },
        {
            "time": "02.11.2020 22:41",
            "open": "1.6518",
            "high": "1.6518",
            "low": "1.6518",
            "close": "1.65129"
        },
        {
            "time": "02.11.2020 22:53",
            "open": "1.65129",
            "high": "1.65129",
            "low": "1.65129",
            "close": "1.64918"
        },
        {
            "time": "02.11.2020 23:00",
            "open": "1.64918",
            "high": "1.64918",
            "low": "1.64918",
            "close": "1.65047"
        },
        {
            "time": "02.11.2020 23:08",
            "open": "1.65047",
            "high": "1.65047",
            "low": "1.65047",
            "close": "1.64918"
        },
        {
            "time": "02.11.2020 23:10",
            "open": "1.64918",
            "high": "1.64918",
            "low": "1.64918",
            "close": "1.64573"
        },
        {
            "time": "02.11.2020 23:13",
            "open": "1.64573",
            "high": "1.64573",
            "low": "1.64573",
            "close": "1.64487"
        },
        {
            "time": "02.11.2020 23:16",
            "open": "1.64487",
            "high": "1.64487",
            "low": "1.64487",
            "close": "1.64449"
        },
        {
            "time": "02.11.2020 23:17",
            "open": "1.64449",
            "high": "1.64449",
            "low": "1.64449",
            "close": "1.642"
        },
        {
            "time": "02.11.2020 23:25",
            "open": "1.642",
            "high": "1.642",
            "low": "1.64087",
            "close": "1.6432"
        },
        {
            "time": "02.11.2020 23:27",
            "open": "1.6432",
            "high": "1.6432",
            "low": "1.6432",
            "close": "1.64697"
        },
        {
            "time": "02.11.2020 23:30",
            "open": "1.64697",
            "high": "1.64697",
            "low": "1.64697",
            "close": "1.64172"
        },
        {
            "time": "02.11.2020 23:45",
            "open": "1.64172",
            "high": "1.64172",
            "low": "1.64172",
            "close": "1.64337"
        },
        {
            "time": "02.11.2020 23:48",
            "open": "1.64337",
            "high": "1.64337",
            "low": "1.64323",
            "close": "1.63239"
        }
    ]
}