{
    "XTZ-EUR": [
        {
            "time": "30.12.2020 23:56",
            "open": "1.61754",
            "high": "1.61754",
            "low": "1.61754",
            "close": "1.61654"
        },
        {
            "time": "31.12.2020 00:01",
            "open": "1.61654",
            "high": "1.61654",
            "low": "1.61654",
            "close": "1.61687"
        },
        {
            "time": "31.12.2020 00:02",
            "open": "1.61687",
            "high": "1.61687",
            "low": "1.61687",
            "close": "1.62136"
        },
        {
            "time": "31.12.2020 00:07",
            "open": "1.62136",
            "high": "1.62233",
            "low": "1.62087",
            "close": "1.62106"
        },
        {
            "time": "31.12.2020 00:08",
            "open": "1.62106",
            "high": "1.62106",
            "low": "1.62106",
            "close": "1.61786"
        },
        {
            "time": "31.12.2020 00:12",
            "open": "1.61786",
            "high": "1.61786",
            "low": "1.61786",
            "close": "1.61708"
        },
        {
            "time": "31.12.2020 00:15",
            "open": "1.61708",
            "high": "1.61708",
            "low": "1.61708",
            "close": "1.6168"
        },
        {
            "time": "31.12.2020 00:18",
            "open": "1.6168",
            "high": "1.6168",
            "low": "1.6168",
            "close": "1.61462"
        },
        {
            "time": "31.12.2020 00:19",
            "open": "1.61462",
            "high": "1.61462",
            "low": "1.61462",
            "close": "1.61785"
        },
        {
            "time": "31.12.2020 00:20",
            "open": "1.61785",
            "high": "1.61785",
            "low": "1.61499",
            "close": "1.61469"
        },
        {
            "time": "31.12.2020 00:21",
            "open": "1.61469",
            "high": "1.61469",
            "low": "1.61469",
            "close": "1.61685"
        },
        {
            "time": "31.12.2020 00:23",
            "open": "1.61685",
            "high": "1.61685",
            "low": "1.61685",
            "close": "1.61387"
        },
        {
            "time": "31.12.2020 00:31",
            "open": "1.61387",
            "high": "1.61387",
            "low": "1.61387",
            "close": "1.6165"
        },
        {
            "time": "31.12.2020 00:36",
            "open": "1.6165",
            "high": "1.6165",
            "low": "1.6165",
            "close": "1.61399"
        },
        {
            "time": "31.12.2020 00:39",
            "open": "1.61399",
            "high": "1.61407",
            "low": "1.61399",
            "close": "1.61748"
        },
        {
            "time": "31.12.2020 00:44",
            "open": "1.61748",
            "high": "1.61753",
            "low": "1.61748",
            "close": "1.61385"
        },
        {
            "time": "31.12.2020 00:45",
            "open": "1.61385",
            "high": "1.61385",
            "low": "1.61338",
            "close": "1.61811"
        },
        {
            "time": "31.12.2020 00:47",
            "open": "1.61811",
            "high": "1.61811",
            "low": "1.61811",
            "close": "1.61845"
        },
        {
            "time": "31.12.2020 00:48",
            "open": "1.61845",
            "high": "1.61845",
            "low": "1.61845",
            "close": "1.61838"
        },
        {
            "time": "31.12.2020 00:50",
            "open": "1.61838",
            "high": "1.62046",
            "low": "1.61838",
            "close": "1.62028"
        },
        {
            "time": "31.12.2020 00:51",
            "open": "1.62028",
            "high": "1.62028",
            "low": "1.62028",
            "close": "1.61893"
        },
        {
            "time": "31.12.2020 00:53",
            "open": "1.61893",
            "high": "1.61893",
            "low": "1.61893",
            "close": "1.61765"
        },
        {
            "time": "31.12.2020 00:56",
            "open": "1.61765",
            "high": "1.61765",
            "low": "1.61765",
            "close": "1.61613"
        },
        {
            "time": "31.12.2020 00:57",
            "open": "1.61613",
            "high": "1.61613",
            "low": "1.61599",
            "close": "1.6182"
        },
        {
            "time": "31.12.2020 01:01",
            "open": "1.6182",
            "high": "1.6182",
            "low": "1.6182",
            "close": "1.61524"
        },
        {
            "time": "31.12.2020 01:03",
            "open": "1.61524",
            "high": "1.61524",
            "low": "1.61524",
            "close": "1.61035"
        },
        {
            "time": "31.12.2020 01:04",
            "open": "1.61035",
            "high": "1.61035",
            "low": "1.61035",
            "close": "1.61282"
        },
        {
            "time": "31.12.2020 01:05",
            "open": "1.61282",
            "high": "1.61282",
            "low": "1.61282",
            "close": "1.61244"
        },
        {
            "time": "31.12.2020 01:08",
            "open": "1.61244",
            "high": "1.61244",
            "low": "1.61244",
            "close": "1.61"
        },
        {
            "time": "31.12.2020 01:09",
            "open": "1.61",
            "high": "1.61",
            "low": "1.61",
            "close": "1.61"
        },
        {
            "time": "31.12.2020 01:10",
            "open": "1.61",
            "high": "1.61",
            "low": "1.60582",
            "close": "1.60793"
        },
        {
            "time": "31.12.2020 01:13",
            "open": "1.60793",
            "high": "1.60795",
            "low": "1.60793",
            "close": "1.60756"
        },
        {
            "time": "31.12.2020 01:15",
            "open": "1.60756",
            "high": "1.60756",
            "low": "1.60756",
            "close": "1.60756"
        },
        {
            "time": "31.12.2020 01:20",
            "open": "1.60756",
            "high": "1.60756",
            "low": "1.60756",
            "close": "1.60756"
        },
        {
            "time": "31.12.2020 01:21",
            "open": "1.60756",
            "high": "1.60756",
            "low": "1.60756",
            "close": "1.60736"
        },
        {
            "time": "31.12.2020 01:22",
            "open": "1.60736",
            "high": "1.60736",
            "low": "1.60418",
            "close": "1.60199"
        },
        {
            "time": "31.12.2020 01:25",
            "open": "1.60199",
            "high": "1.60199",
            "low": "1.6",
            "close": "1.60756"
        },
        {
            "time": "31.12.2020 01:26",
            "open": "1.60756",
            "high": "1.60977",
            "low": "1.60756",
            "close": "1.60924"
        },
        {
            "time": "31.12.2020 01:27",
            "open": "1.60924",
            "high": "1.60941",
            "low": "1.60924",
            "close": "1.60745"
        },
        {
            "time": "31.12.2020 01:30",
            "open": "1.60745",
            "high": "1.6077",
            "low": "1.60745",
            "close": "1.60698"
        },
        {
            "time": "31.12.2020 01:36",
            "open": "1.60698",
            "high": "1.60698",
            "low": "1.60698",
            "close": "1.60087"
        },
        {
            "time": "31.12.2020 01:41",
            "open": "1.60087",
            "high": "1.60087",
            "low": "1.60077",
            "close": "1.59866"
        },
        {
            "time": "31.12.2020 01:42",
            "open": "1.59866",
            "high": "1.59866",
            "low": "1.59866",
            "close": "1.60354"
        },
        {
            "time": "31.12.2020 01:46",
            "open": "1.60354",
            "high": "1.60354",
            "low": "1.60354",
            "close": "1.60358"
        },
        {
            "time": "31.12.2020 01:47",
            "open": "1.60358",
            "high": "1.60358",
            "low": "1.60358",
            "close": "1.60163"
        },
        {
            "time": "31.12.2020 01:51",
            "open": "1.60163",
            "high": "1.60163",
            "low": "1.60163",
            "close": "1.6017"
        },
        {
            "time": "31.12.2020 01:52",
            "open": "1.6017",
            "high": "1.60176",
            "low": "1.6017",
            "close": "1.60176"
        },
        {
            "time": "31.12.2020 01:54",
            "open": "1.60176",
            "high": "1.60176",
            "low": "1.60176",
            "close": "1.60156"
        },
        {
            "time": "31.12.2020 01:55",
            "open": "1.60156",
            "high": "1.60156",
            "low": "1.5985",
            "close": "1.593"
        },
        {
            "time": "31.12.2020 01:58",
            "open": "1.593",
            "high": "1.593",
            "low": "1.59272",
            "close": "1.592"
        },
        {
            "time": "31.12.2020 02:01",
            "open": "1.592",
            "high": "1.592",
            "low": "1.58254",
            "close": "1.58243"
        },
        {
            "time": "31.12.2020 02:02",
            "open": "1.58243",
            "high": "1.59015",
            "low": "1.58057",
            "close": "1.59543"
        },
        {
            "time": "31.12.2020 02:03",
            "open": "1.59543",
            "high": "1.59543",
            "low": "1.59543",
            "close": "1.59998"
        },
        {
            "time": "31.12.2020 02:05",
            "open": "1.59998",
            "high": "1.59998",
            "low": "1.59998",
            "close": "1.59526"
        },
        {
            "time": "31.12.2020 02:06",
            "open": "1.59526",
            "high": "1.59526",
            "low": "1.59526",
            "close": "1.58651"
        },
        {
            "time": "31.12.2020 02:09",
            "open": "1.58651",
            "high": "1.58651",
            "low": "1.57602",
            "close": "1.57611"
        },
        {
            "time": "31.12.2020 02:10",
            "open": "1.57611",
            "high": "1.57613",
            "low": "1.56924",
            "close": "1.59166"
        },
        {
            "time": "31.12.2020 02:11",
            "open": "1.59166",
            "high": "1.5919",
            "low": "1.59166",
            "close": "1.58551"
        },
        {
            "time": "31.12.2020 02:12",
            "open": "1.58551",
            "high": "1.58551",
            "low": "1.58551",
            "close": "1.58429"
        },
        {
            "time": "31.12.2020 02:13",
            "open": "1.58429",
            "high": "1.58429",
            "low": "1.58429",
            "close": "1.5843"
        },
        {
            "time": "31.12.2020 02:14",
            "open": "1.5843",
            "high": "1.5843",
            "low": "1.5843",
            "close": "1.58962"
        },
        {
            "time": "31.12.2020 02:16",
            "open": "1.58962",
            "high": "1.58962",
            "low": "1.5866",
            "close": "1.58635"
        },
        {
            "time": "31.12.2020 02:18",
            "open": "1.58635",
            "high": "1.58635",
            "low": "1.58363",
            "close": "1.58612"
        },
        {
            "time": "31.12.2020 02:24",
            "open": "1.58612",
            "high": "1.58612",
            "low": "1.58612",
            "close": "1.58364"
        },
        {
            "time": "31.12.2020 02:26",
            "open": "1.58364",
            "high": "1.58364",
            "low": "1.58364",
            "close": "1.58188"
        },
        {
            "time": "31.12.2020 02:27",
            "open": "1.58188",
            "high": "1.58188",
            "low": "1.58188",
            "close": "1.57892"
        },
        {
            "time": "31.12.2020 02:28",
            "open": "1.57892",
            "high": "1.58004",
            "low": "1.57892",
            "close": "1.58291"
        },
        {
            "time": "31.12.2020 02:30",
            "open": "1.58291",
            "high": "1.58291",
            "low": "1.58151",
            "close": "1.58282"
        },
        {
            "time": "31.12.2020 02:33",
            "open": "1.58282",
            "high": "1.58282",
            "low": "1.58282",
            "close": "1.58634"
        },
        {
            "time": "31.12.2020 02:36",
            "open": "1.58634",
            "high": "1.58634",
            "low": "1.58634",
            "close": "1.58579"
        },
        {
            "time": "31.12.2020 02:37",
            "open": "1.58579",
            "high": "1.58579",
            "low": "1.58579",
            "close": "1.58736"
        },
        {
            "time": "31.12.2020 02:43",
            "open": "1.58736",
            "high": "1.58736",
            "low": "1.58736",
            "close": "1.58715"
        },
        {
            "time": "31.12.2020 02:50",
            "open": "1.58715",
            "high": "1.58715",
            "low": "1.58715",
            "close": "1.59024"
        },
        {
            "time": "31.12.2020 02:51",
            "open": "1.59024",
            "high": "1.59024",
            "low": "1.59024",
            "close": "1.59024"
        },
        {
            "time": "31.12.2020 02:52",
            "open": "1.59024",
            "high": "1.59024",
            "low": "1.59024",
            "close": "1.59064"
        },
        {
            "time": "31.12.2020 03:03",
            "open": "1.59064",
            "high": "1.59064",
            "low": "1.59064",
            "close": "1.59071"
        },
        {
            "time": "31.12.2020 03:07",
            "open": "1.59071",
            "high": "1.59131",
            "low": "1.59071",
            "close": "1.591"
        },
        {
            "time": "31.12.2020 03:13",
            "open": "1.591",
            "high": "1.591",
            "low": "1.591",
            "close": "1.591"
        },
        {
            "time": "31.12.2020 03:15",
            "open": "1.591",
            "high": "1.591",
            "low": "1.591",
            "close": "1.591"
        },
        {
            "time": "31.12.2020 03:16",
            "open": "1.591",
            "high": "1.591",
            "low": "1.591",
            "close": "1.59663"
        },
        {
            "time": "31.12.2020 03:18",
            "open": "1.59663",
            "high": "1.59663",
            "low": "1.59663",
            "close": "1.59899"
        },
        {
            "time": "31.12.2020 03:24",
            "open": "1.59899",
            "high": "1.59899",
            "low": "1.59899",
            "close": "1.59617"
        },
        {
            "time": "31.12.2020 03:25",
            "open": "1.59617",
            "high": "1.59617",
            "low": "1.59617",
            "close": "1.59703"
        },
        {
            "time": "31.12.2020 03:33",
            "open": "1.59703",
            "high": "1.59703",
            "low": "1.59487",
            "close": "1.59336"
        },
        {
            "time": "31.12.2020 03:38",
            "open": "1.59336",
            "high": "1.59336",
            "low": "1.59336",
            "close": "1.58981"
        },
        {
            "time": "31.12.2020 03:41",
            "open": "1.58981",
            "high": "1.58981",
            "low": "1.58981",
            "close": "1.59335"
        },
        {
            "time": "31.12.2020 03:45",
            "open": "1.59335",
            "high": "1.59335",
            "low": "1.59005",
            "close": "1.59227"
        },
        {
            "time": "31.12.2020 03:46",
            "open": "1.59227",
            "high": "1.59227",
            "low": "1.59227",
            "close": "1.5898"
        },
        {
            "time": "31.12.2020 03:47",
            "open": "1.5898",
            "high": "1.5898",
            "low": "1.5898",
            "close": "1.59377"
        },
        {
            "time": "31.12.2020 03:48",
            "open": "1.59377",
            "high": "1.59377",
            "low": "1.59377",
            "close": "1.59327"
        },
        {
            "time": "31.12.2020 03:56",
            "open": "1.59327",
            "high": "1.59327",
            "low": "1.59327",
            "close": "1.59578"
        },
        {
            "time": "31.12.2020 03:58",
            "open": "1.59578",
            "high": "1.59578",
            "low": "1.59578",
            "close": "1.59148"
        },
        {
            "time": "31.12.2020 04:01",
            "open": "1.59148",
            "high": "1.59148",
            "low": "1.59148",
            "close": "1.59104"
        },
        {
            "time": "31.12.2020 04:04",
            "open": "1.59104",
            "high": "1.59104",
            "low": "1.59104",
            "close": "1.59414"
        },
        {
            "time": "31.12.2020 04:07",
            "open": "1.59414",
            "high": "1.59414",
            "low": "1.59414",
            "close": "1.5939"
        },
        {
            "time": "31.12.2020 04:10",
            "open": "1.5939",
            "high": "1.5939",
            "low": "1.5939",
            "close": "1.59447"
        },
        {
            "time": "31.12.2020 04:13",
            "open": "1.59447",
            "high": "1.59452",
            "low": "1.59447",
            "close": "1.59383"
        },
        {
            "time": "31.12.2020 04:15",
            "open": "1.59383",
            "high": "1.59383",
            "low": "1.59383",
            "close": "1.59427"
        },
        {
            "time": "31.12.2020 04:25",
            "open": "1.59427",
            "high": "1.59427",
            "low": "1.59427",
            "close": "1.5978"
        },
        {
            "time": "31.12.2020 04:26",
            "open": "1.5978",
            "high": "1.5978",
            "low": "1.5978",
            "close": "1.59892"
        },
        {
            "time": "31.12.2020 04:49",
            "open": "1.59892",
            "high": "1.59892",
            "low": "1.59186",
            "close": "1.59818"
        },
        {
            "time": "31.12.2020 04:55",
            "open": "1.59818",
            "high": "1.59818",
            "low": "1.59818",
            "close": "1.5943"
        },
        {
            "time": "31.12.2020 05:12",
            "open": "1.5943",
            "high": "1.5943",
            "low": "1.5943",
            "close": "1.59188"
        },
        {
            "time": "31.12.2020 05:25",
            "open": "1.59188",
            "high": "1.59188",
            "low": "1.59186",
            "close": "1.59343"
        },
        {
            "time": "31.12.2020 05:27",
            "open": "1.59343",
            "high": "1.59825",
            "low": "1.59343",
            "close": "1.601"
        },
        {
            "time": "31.12.2020 05:34",
            "open": "1.59826",
            "high": "1.59826",
            "low": "1.59826",
            "close": "1.59882"
        },
        {
            "time": "31.12.2020 05:54",
            "open": "1.59882",
            "high": "1.59882",
            "low": "1.59882",
            "close": "1.59541"
        },
        {
            "time": "31.12.2020 05:55",
            "open": "1.59541",
            "high": "1.59541",
            "low": "1.59541",
            "close": "1.59831"
        },
        {
            "time": "31.12.2020 05:57",
            "open": "1.59831",
            "high": "1.59837",
            "low": "1.59831",
            "close": "1.59759"
        },
        {
            "time": "31.12.2020 05:58",
            "open": "1.59759",
            "high": "1.59759",
            "low": "1.59687",
            "close": "1.5962"
        },
        {
            "time": "31.12.2020 06:02",
            "open": "1.5962",
            "high": "1.5962",
            "low": "1.5962",
            "close": "1.59501"
        },
        {
            "time": "31.12.2020 06:08",
            "open": "1.59501",
            "high": "1.5983",
            "low": "1.59501",
            "close": "1.5939"
        },
        {
            "time": "31.12.2020 06:23",
            "open": "1.5939",
            "high": "1.5939",
            "low": "1.5939",
            "close": "1.59815"
        },
        {
            "time": "31.12.2020 06:30",
            "open": "1.59815",
            "high": "1.59815",
            "low": "1.59813",
            "close": "1.59578"
        },
        {
            "time": "31.12.2020 06:40",
            "open": "1.59578",
            "high": "1.60192",
            "low": "1.59578",
            "close": "1.59984"
        },
        {
            "time": "31.12.2020 06:41",
            "open": "1.59984",
            "high": "1.59984",
            "low": "1.59984",
            "close": "1.60256"
        },
        {
            "time": "31.12.2020 06:42",
            "open": "1.60256",
            "high": "1.60552",
            "low": "1.60256",
            "close": "1.60123"
        },
        {
            "time": "31.12.2020 06:43",
            "open": "1.60123",
            "high": "1.60123",
            "low": "1.60123",
            "close": "1.60376"
        },
        {
            "time": "31.12.2020 06:45",
            "open": "1.60376",
            "high": "1.60376",
            "low": "1.60376",
            "close": "1.60558"
        },
        {
            "time": "31.12.2020 06:46",
            "open": "1.60558",
            "high": "1.60558",
            "low": "1.60558",
            "close": "1.59829"
        },
        {
            "time": "31.12.2020 06:48",
            "open": "1.59829",
            "high": "1.5987",
            "low": "1.59829",
            "close": "1.60041"
        },
        {
            "time": "31.12.2020 06:49",
            "open": "1.60041",
            "high": "1.60041",
            "low": "1.60041",
            "close": "1.59432"
        },
        {
            "time": "31.12.2020 06:56",
            "open": "1.59432",
            "high": "1.59432",
            "low": "1.59432",
            "close": "1.59815"
        },
        {
            "time": "31.12.2020 07:04",
            "open": "1.59815",
            "high": "1.59815",
            "low": "1.59815",
            "close": "1.59989"
        },
        {
            "time": "31.12.2020 07:06",
            "open": "1.59989",
            "high": "1.59989",
            "low": "1.59989",
            "close": "1.59815"
        },
        {
            "time": "31.12.2020 07:08",
            "open": "1.59815",
            "high": "1.59815",
            "low": "1.59815",
            "close": "1.60194"
        },
        {
            "time": "31.12.2020 07:10",
            "open": "1.60194",
            "high": "1.60266",
            "low": "1.60194",
            "close": "1.59997"
        },
        {
            "time": "31.12.2020 07:12",
            "open": "1.59997",
            "high": "1.59997",
            "low": "1.59997",
            "close": "1.60436"
        },
        {
            "time": "31.12.2020 07:23",
            "open": "1.60436",
            "high": "1.60436",
            "low": "1.60436",
            "close": "1.601"
        },
        {
            "time": "31.12.2020 07:26",
            "open": "1.601",
            "high": "1.60209",
            "low": "1.601",
            "close": "1.60178"
        },
        {
            "time": "31.12.2020 07:27",
            "open": "1.60178",
            "high": "1.60178",
            "low": "1.60178",
            "close": "1.6044"
        },
        {
            "time": "31.12.2020 07:30",
            "open": "1.6044",
            "high": "1.6044",
            "low": "1.6044",
            "close": "1.60661"
        },
        {
            "time": "31.12.2020 07:31",
            "open": "1.60661",
            "high": "1.60661",
            "low": "1.60661",
            "close": "1.60655"
        },
        {
            "time": "31.12.2020 07:33",
            "open": "1.60655",
            "high": "1.60655",
            "low": "1.60655",
            "close": "1.605"
        },
        {
            "time": "31.12.2020 07:41",
            "open": "1.605",
            "high": "1.60657",
            "low": "1.605",
            "close": "1.60728"
        },
        {
            "time": "31.12.2020 07:47",
            "open": "1.60728",
            "high": "1.60728",
            "low": "1.60724",
            "close": "1.6068"
        },
        {
            "time": "31.12.2020 07:48",
            "open": "1.6068",
            "high": "1.6068",
            "low": "1.6068",
            "close": "1.60405"
        },
        {
            "time": "31.12.2020 07:49",
            "open": "1.60405",
            "high": "1.60405",
            "low": "1.60405",
            "close": "1.60791"
        },
        {
            "time": "31.12.2020 08:01",
            "open": "1.60791",
            "high": "1.60791",
            "low": "1.60776",
            "close": "1.60782"
        },
        {
            "time": "31.12.2020 08:02",
            "open": "1.60782",
            "high": "1.61413",
            "low": "1.60782",
            "close": "1.61544"
        },
        {
            "time": "31.12.2020 08:03",
            "open": "1.61544",
            "high": "1.61741",
            "low": "1.61544",
            "close": "1.62013"
        },
        {
            "time": "31.12.2020 08:05",
            "open": "1.62013",
            "high": "1.62013",
            "low": "1.62013",
            "close": "1.62012"
        },
        {
            "time": "31.12.2020 08:07",
            "open": "1.62012",
            "high": "1.62012",
            "low": "1.6199",
            "close": "1.62013"
        },
        {
            "time": "31.12.2020 08:08",
            "open": "1.62013",
            "high": "1.625",
            "low": "1.62013",
            "close": "1.62934"
        },
        {
            "time": "31.12.2020 08:09",
            "open": "1.62934",
            "high": "1.62992",
            "low": "1.62934",
            "close": "1.6294"
        },
        {
            "time": "31.12.2020 08:10",
            "open": "1.6294",
            "high": "1.62997",
            "low": "1.6294",
            "close": "1.63106"
        },
        {
            "time": "31.12.2020 08:11",
            "open": "1.63106",
            "high": "1.63544",
            "low": "1.63106",
            "close": "1.63122"
        },
        {
            "time": "31.12.2020 08:12",
            "open": "1.63122",
            "high": "1.63122",
            "low": "1.63065",
            "close": "1.63215"
        },
        {
            "time": "31.12.2020 08:13",
            "open": "1.63215",
            "high": "1.63674",
            "low": "1.63001",
            "close": "1.63372"
        },
        {
            "time": "31.12.2020 08:14",
            "open": "1.63372",
            "high": "1.63372",
            "low": "1.63372",
            "close": "1.63141"
        },
        {
            "time": "31.12.2020 08:15",
            "open": "1.63141",
            "high": "1.63141",
            "low": "1.63",
            "close": "1.63"
        },
        {
            "time": "31.12.2020 08:16",
            "open": "1.63",
            "high": "1.63",
            "low": "1.62961",
            "close": "1.6294"
        },
        {
            "time": "31.12.2020 08:17",
            "open": "1.6294",
            "high": "1.6294",
            "low": "1.62603",
            "close": "1.62637"
        },
        {
            "time": "31.12.2020 08:20",
            "open": "1.62637",
            "high": "1.62637",
            "low": "1.62636",
            "close": "1.62481"
        },
        {
            "time": "31.12.2020 08:23",
            "open": "1.62481",
            "high": "1.62481",
            "low": "1.62481",
            "close": "1.62671"
        },
        {
            "time": "31.12.2020 08:28",
            "open": "1.62671",
            "high": "1.62671",
            "low": "1.62671",
            "close": "1.61384"
        },
        {
            "time": "31.12.2020 08:39",
            "open": "1.61384",
            "high": "1.61384",
            "low": "1.61384",
            "close": "1.61384"
        },
        {
            "time": "31.12.2020 08:41",
            "open": "1.61384",
            "high": "1.61384",
            "low": "1.61384",
            "close": "1.61384"
        },
        {
            "time": "31.12.2020 08:42",
            "open": "1.61384",
            "high": "1.61384",
            "low": "1.61384",
            "close": "1.61385"
        },
        {
            "time": "31.12.2020 08:45",
            "open": "1.61385",
            "high": "1.61678",
            "low": "1.61385",
            "close": "1.61849"
        },
        {
            "time": "31.12.2020 08:51",
            "open": "1.61849",
            "high": "1.61849",
            "low": "1.61849",
            "close": "1.61934"
        },
        {
            "time": "31.12.2020 08:52",
            "open": "1.61934",
            "high": "1.61934",
            "low": "1.61934",
            "close": "1.61974"
        },
        {
            "time": "31.12.2020 08:54",
            "open": "1.61974",
            "high": "1.61974",
            "low": "1.61385",
            "close": "1.61384"
        },
        {
            "time": "31.12.2020 08:55",
            "open": "1.61384",
            "high": "1.61384",
            "low": "1.61384",
            "close": "1.61569"
        },
        {
            "time": "31.12.2020 08:56",
            "open": "1.61569",
            "high": "1.61569",
            "low": "1.61569",
            "close": "1.61678"
        },
        {
            "time": "31.12.2020 09:00",
            "open": "1.61678",
            "high": "1.61679",
            "low": "1.61678",
            "close": "1.61442"
        },
        {
            "time": "31.12.2020 09:02",
            "open": "1.61442",
            "high": "1.61442",
            "low": "1.61442",
            "close": "1.61384"
        },
        {
            "time": "31.12.2020 09:03",
            "open": "1.61384",
            "high": "1.61384",
            "low": "1.6108",
            "close": "1.6108"
        },
        {
            "time": "31.12.2020 09:04",
            "open": "1.6108",
            "high": "1.6108",
            "low": "1.61023",
            "close": "1.61023"
        },
        {
            "time": "31.12.2020 09:07",
            "open": "1.61023",
            "high": "1.61023",
            "low": "1.61023",
            "close": "1.60972"
        },
        {
            "time": "31.12.2020 09:08",
            "open": "1.60972",
            "high": "1.60972",
            "low": "1.60972",
            "close": "1.61022"
        },
        {
            "time": "31.12.2020 09:09",
            "open": "1.61022",
            "high": "1.61022",
            "low": "1.61022",
            "close": "1.61023"
        },
        {
            "time": "31.12.2020 09:11",
            "open": "1.61023",
            "high": "1.61341",
            "low": "1.61023",
            "close": "1.61295"
        },
        {
            "time": "31.12.2020 09:13",
            "open": "1.61295",
            "high": "1.61295",
            "low": "1.61295",
            "close": "1.61292"
        },
        {
            "time": "31.12.2020 09:15",
            "open": "1.61292",
            "high": "1.61292",
            "low": "1.61292",
            "close": "1.61113"
        },
        {
            "time": "31.12.2020 09:16",
            "open": "1.61113",
            "high": "1.61113",
            "low": "1.61113",
            "close": "1.61145"
        },
        {
            "time": "31.12.2020 09:17",
            "open": "1.61145",
            "high": "1.61145",
            "low": "1.61145",
            "close": "1.61128"
        },
        {
            "time": "31.12.2020 09:18",
            "open": "1.61128",
            "high": "1.61128",
            "low": "1.61128",
            "close": "1.61261"
        },
        {
            "time": "31.12.2020 09:21",
            "open": "1.61261",
            "high": "1.61261",
            "low": "1.61261",
            "close": "1.60947"
        },
        {
            "time": "31.12.2020 09:22",
            "open": "1.60947",
            "high": "1.60949",
            "low": "1.60947",
            "close": "1.60905"
        },
        {
            "time": "31.12.2020 09:23",
            "open": "1.60905",
            "high": "1.60905",
            "low": "1.60904",
            "close": "1.60992"
        },
        {
            "time": "31.12.2020 09:25",
            "open": "1.60992",
            "high": "1.60992",
            "low": "1.60992",
            "close": "1.6067"
        },
        {
            "time": "31.12.2020 09:27",
            "open": "1.6067",
            "high": "1.6067",
            "low": "1.6067",
            "close": "1.60679"
        },
        {
            "time": "31.12.2020 09:29",
            "open": "1.60679",
            "high": "1.60686",
            "low": "1.60679",
            "close": "1.60874"
        },
        {
            "time": "31.12.2020 09:30",
            "open": "1.60874",
            "high": "1.60874",
            "low": "1.60874",
            "close": "1.61055"
        },
        {
            "time": "31.12.2020 09:33",
            "open": "1.61055",
            "high": "1.61055",
            "low": "1.61055",
            "close": "1.60908"
        },
        {
            "time": "31.12.2020 09:34",
            "open": "1.60908",
            "high": "1.6091",
            "low": "1.60908",
            "close": "1.60961"
        },
        {
            "time": "31.12.2020 09:38",
            "open": "1.60961",
            "high": "1.60961",
            "low": "1.60961",
            "close": "1.60987"
        },
        {
            "time": "31.12.2020 09:40",
            "open": "1.60987",
            "high": "1.60987",
            "low": "1.60987",
            "close": "1.61165"
        },
        {
            "time": "31.12.2020 09:44",
            "open": "1.61165",
            "high": "1.61165",
            "low": "1.61165",
            "close": "1.61175"
        },
        {
            "time": "31.12.2020 09:45",
            "open": "1.61175",
            "high": "1.61175",
            "low": "1.60891",
            "close": "1.61027"
        },
        {
            "time": "31.12.2020 09:51",
            "open": "1.61027",
            "high": "1.61027",
            "low": "1.61027",
            "close": "1.61363"
        },
        {
            "time": "31.12.2020 09:54",
            "open": "1.61363",
            "high": "1.61363",
            "low": "1.61363",
            "close": "1.61485"
        },
        {
            "time": "31.12.2020 09:58",
            "open": "1.61485",
            "high": "1.61485",
            "low": "1.61485",
            "close": "1.61513"
        },
        {
            "time": "31.12.2020 09:59",
            "open": "1.61513",
            "high": "1.61513",
            "low": "1.61513",
            "close": "1.6125"
        },
        {
            "time": "31.12.2020 10:02",
            "open": "1.6125",
            "high": "1.6125",
            "low": "1.6125",
            "close": "1.61419"
        },
        {
            "time": "31.12.2020 10:03",
            "open": "1.61419",
            "high": "1.61447",
            "low": "1.61419",
            "close": "1.61501"
        },
        {
            "time": "31.12.2020 10:05",
            "open": "1.61501",
            "high": "1.61501",
            "low": "1.61501",
            "close": "1.61485"
        },
        {
            "time": "31.12.2020 10:06",
            "open": "1.61485",
            "high": "1.61485",
            "low": "1.61485",
            "close": "1.61154"
        },
        {
            "time": "31.12.2020 10:07",
            "open": "1.61154",
            "high": "1.61182",
            "low": "1.61153",
            "close": "1.61684"
        },
        {
            "time": "31.12.2020 10:09",
            "open": "1.61684",
            "high": "1.61685",
            "low": "1.61684",
            "close": "1.6179"
        },
        {
            "time": "31.12.2020 10:10",
            "open": "1.6179",
            "high": "1.6179",
            "low": "1.6179",
            "close": "1.61789"
        },
        {
            "time": "31.12.2020 10:11",
            "open": "1.61789",
            "high": "1.61789",
            "low": "1.61789",
            "close": "1.6179"
        },
        {
            "time": "31.12.2020 10:12",
            "open": "1.6179",
            "high": "1.62145",
            "low": "1.6179",
            "close": "1.61748"
        },
        {
            "time": "31.12.2020 10:13",
            "open": "1.61748",
            "high": "1.61748",
            "low": "1.61748",
            "close": "1.61614"
        },
        {
            "time": "31.12.2020 10:15",
            "open": "1.61614",
            "high": "1.61614",
            "low": "1.61373",
            "close": "1.61139"
        },
        {
            "time": "31.12.2020 10:17",
            "open": "1.61139",
            "high": "1.61139",
            "low": "1.61137",
            "close": "1.6221"
        },
        {
            "time": "31.12.2020 10:20",
            "open": "1.6221",
            "high": "1.62325",
            "low": "1.6221",
            "close": "1.61894"
        },
        {
            "time": "31.12.2020 10:21",
            "open": "1.61894",
            "high": "1.62142",
            "low": "1.61894",
            "close": "1.62094"
        },
        {
            "time": "31.12.2020 10:23",
            "open": "1.62094",
            "high": "1.62242",
            "low": "1.62094",
            "close": "1.62637"
        },
        {
            "time": "31.12.2020 10:26",
            "open": "1.62637",
            "high": "1.62637",
            "low": "1.62637",
            "close": "1.63"
        },
        {
            "time": "31.12.2020 10:31",
            "open": "1.63",
            "high": "1.635",
            "low": "1.63",
            "close": "1.635"
        },
        {
            "time": "31.12.2020 10:33",
            "open": "1.635",
            "high": "1.635",
            "low": "1.63289",
            "close": "1.6263"
        },
        {
            "time": "31.12.2020 10:34",
            "open": "1.6263",
            "high": "1.6263",
            "low": "1.6263",
            "close": "1.62674"
        },
        {
            "time": "31.12.2020 10:36",
            "open": "1.62674",
            "high": "1.62674",
            "low": "1.62674",
            "close": "1.62967"
        },
        {
            "time": "31.12.2020 10:37",
            "open": "1.62967",
            "high": "1.62967",
            "low": "1.62967",
            "close": "1.62523"
        },
        {
            "time": "31.12.2020 10:38",
            "open": "1.62523",
            "high": "1.62523",
            "low": "1.62523",
            "close": "1.62921"
        },
        {
            "time": "31.12.2020 10:39",
            "open": "1.62921",
            "high": "1.62921",
            "low": "1.62921",
            "close": "1.62171"
        },
        {
            "time": "31.12.2020 10:40",
            "open": "1.62171",
            "high": "1.62171",
            "low": "1.62171",
            "close": "1.63"
        },
        {
            "time": "31.12.2020 10:49",
            "open": "1.63",
            "high": "1.63",
            "low": "1.63",
            "close": "1.63"
        },
        {
            "time": "31.12.2020 10:50",
            "open": "1.63",
            "high": "1.63214",
            "low": "1.63",
            "close": "1.62993"
        },
        {
            "time": "31.12.2020 10:52",
            "open": "1.62993",
            "high": "1.62993",
            "low": "1.6284",
            "close": "1.62986"
        },
        {
            "time": "31.12.2020 10:54",
            "open": "1.62986",
            "high": "1.62986",
            "low": "1.62986",
            "close": "1.63133"
        },
        {
            "time": "31.12.2020 10:59",
            "open": "1.63133",
            "high": "1.63133",
            "low": "1.63133",
            "close": "1.62923"
        },
        {
            "time": "31.12.2020 11:01",
            "open": "1.62923",
            "high": "1.62923",
            "low": "1.62923",
            "close": "1.6284"
        },
        {
            "time": "31.12.2020 11:04",
            "open": "1.6284",
            "high": "1.6284",
            "low": "1.6284",
            "close": "1.62357"
        },
        {
            "time": "31.12.2020 11:08",
            "open": "1.62357",
            "high": "1.62357",
            "low": "1.62357",
            "close": "1.628"
        },
        {
            "time": "31.12.2020 11:10",
            "open": "1.628",
            "high": "1.628",
            "low": "1.628",
            "close": "1.628"
        },
        {
            "time": "31.12.2020 11:12",
            "open": "1.628",
            "high": "1.628",
            "low": "1.628",
            "close": "1.639"
        },
        {
            "time": "31.12.2020 11:17",
            "open": "1.639",
            "high": "1.639",
            "low": "1.639",
            "close": "1.63814"
        },
        {
            "time": "31.12.2020 11:18",
            "open": "1.63814",
            "high": "1.63814",
            "low": "1.63812",
            "close": "1.639"
        },
        {
            "time": "31.12.2020 11:19",
            "open": "1.639",
            "high": "1.639",
            "low": "1.63899",
            "close": "1.639"
        },
        {
            "time": "31.12.2020 11:21",
            "open": "1.639",
            "high": "1.6414",
            "low": "1.639",
            "close": "1.6414"
        },
        {
            "time": "31.12.2020 11:22",
            "open": "1.6414",
            "high": "1.64775",
            "low": "1.6414",
            "close": "1.64519"
        },
        {
            "time": "31.12.2020 11:23",
            "open": "1.64519",
            "high": "1.67028",
            "low": "1.64519",
            "close": "1.64817"
        },
        {
            "time": "31.12.2020 11:24",
            "open": "1.64817",
            "high": "1.65106",
            "low": "1.64509",
            "close": "1.64949"
        },
        {
            "time": "31.12.2020 11:26",
            "open": "1.64949",
            "high": "1.64949",
            "low": "1.64949",
            "close": "1.64615"
        },
        {
            "time": "31.12.2020 11:27",
            "open": "1.64615",
            "high": "1.64615",
            "low": "1.64614",
            "close": "1.64633"
        },
        {
            "time": "31.12.2020 11:28",
            "open": "1.64633",
            "high": "1.64711",
            "low": "1.64633",
            "close": "1.64662"
        },
        {
            "time": "31.12.2020 11:29",
            "open": "1.64662",
            "high": "1.64662",
            "low": "1.64662",
            "close": "1.6455"
        },
        {
            "time": "31.12.2020 11:32",
            "open": "1.6455",
            "high": "1.64551",
            "low": "1.64538",
            "close": "1.64579"
        },
        {
            "time": "31.12.2020 11:33",
            "open": "1.64579",
            "high": "1.64582",
            "low": "1.64579",
            "close": "1.6522"
        },
        {
            "time": "31.12.2020 11:37",
            "open": "1.6522",
            "high": "1.6522",
            "low": "1.64657",
            "close": "1.64958"
        },
        {
            "time": "31.12.2020 11:38",
            "open": "1.64958",
            "high": "1.64958",
            "low": "1.64958",
            "close": "1.6482"
        },
        {
            "time": "31.12.2020 11:40",
            "open": "1.6482",
            "high": "1.6482",
            "low": "1.6482",
            "close": "1.64655"
        },
        {
            "time": "31.12.2020 11:41",
            "open": "1.64655",
            "high": "1.64655",
            "low": "1.64655",
            "close": "1.64454"
        },
        {
            "time": "31.12.2020 11:43",
            "open": "1.64454",
            "high": "1.64771",
            "low": "1.64454",
            "close": "1.64802"
        },
        {
            "time": "31.12.2020 11:47",
            "open": "1.64802",
            "high": "1.64802",
            "low": "1.64802",
            "close": "1.64655"
        },
        {
            "time": "31.12.2020 11:48",
            "open": "1.64655",
            "high": "1.64655",
            "low": "1.64484",
            "close": "1.64739"
        },
        {
            "time": "31.12.2020 11:52",
            "open": "1.64739",
            "high": "1.64739",
            "low": "1.64348",
            "close": "1.6436"
        },
        {
            "time": "31.12.2020 11:53",
            "open": "1.6436",
            "high": "1.6436",
            "low": "1.6436",
            "close": "1.64904"
        },
        {
            "time": "31.12.2020 11:56",
            "open": "1.64904",
            "high": "1.64904",
            "low": "1.64904",
            "close": "1.64929"
        },
        {
            "time": "31.12.2020 11:57",
            "open": "1.64929",
            "high": "1.64929",
            "low": "1.64695",
            "close": "1.64682"
        },
        {
            "time": "31.12.2020 11:58",
            "open": "1.64682",
            "high": "1.64682",
            "low": "1.64682",
            "close": "1.64899"
        },
        {
            "time": "31.12.2020 12:00",
            "open": "1.64899",
            "high": "1.64899",
            "low": "1.64899",
            "close": "1.6436"
        },
        {
            "time": "31.12.2020 12:02",
            "open": "1.6436",
            "high": "1.6436",
            "low": "1.6436",
            "close": "1.642"
        },
        {
            "time": "31.12.2020 12:03",
            "open": "1.642",
            "high": "1.642",
            "low": "1.642",
            "close": "1.64093"
        },
        {
            "time": "31.12.2020 12:04",
            "open": "1.64093",
            "high": "1.64093",
            "low": "1.64093",
            "close": "1.64067"
        },
        {
            "time": "31.12.2020 12:06",
            "open": "1.64067",
            "high": "1.64067",
            "low": "1.64067",
            "close": "1.63971"
        },
        {
            "time": "31.12.2020 12:07",
            "open": "1.63971",
            "high": "1.63971",
            "low": "1.63971",
            "close": "1.64083"
        },
        {
            "time": "31.12.2020 12:14",
            "open": "1.64083",
            "high": "1.64083",
            "low": "1.64083",
            "close": "1.64074"
        },
        {
            "time": "31.12.2020 12:15",
            "open": "1.64074",
            "high": "1.64074",
            "low": "1.64074",
            "close": "1.63901"
        },
        {
            "time": "31.12.2020 12:16",
            "open": "1.63901",
            "high": "1.63901",
            "low": "1.63901",
            "close": "1.639"
        },
        {
            "time": "31.12.2020 12:17",
            "open": "1.639",
            "high": "1.639",
            "low": "1.639",
            "close": "1.639"
        },
        {
            "time": "31.12.2020 12:19",
            "open": "1.639",
            "high": "1.639",
            "low": "1.639",
            "close": "1.63899"
        },
        {
            "time": "31.12.2020 12:20",
            "open": "1.63899",
            "high": "1.63899",
            "low": "1.63684",
            "close": "1.63703"
        },
        {
            "time": "31.12.2020 12:23",
            "open": "1.63703",
            "high": "1.63703",
            "low": "1.63606",
            "close": "1.63262"
        },
        {
            "time": "31.12.2020 12:24",
            "open": "1.63262",
            "high": "1.63262",
            "low": "1.63",
            "close": "1.63503"
        },
        {
            "time": "31.12.2020 12:26",
            "open": "1.63503",
            "high": "1.63642",
            "low": "1.63442",
            "close": "1.63507"
        },
        {
            "time": "31.12.2020 12:28",
            "open": "1.63507",
            "high": "1.63507",
            "low": "1.63507",
            "close": "1.63492"
        },
        {
            "time": "31.12.2020 12:30",
            "open": "1.63492",
            "high": "1.63492",
            "low": "1.63355",
            "close": "1.63317"
        },
        {
            "time": "31.12.2020 12:31",
            "open": "1.63317",
            "high": "1.63317",
            "low": "1.63317",
            "close": "1.63396"
        },
        {
            "time": "31.12.2020 12:32",
            "open": "1.63396",
            "high": "1.63422",
            "low": "1.63396",
            "close": "1.63493"
        },
        {
            "time": "31.12.2020 12:36",
            "open": "1.63493",
            "high": "1.63495",
            "low": "1.63493",
            "close": "1.63682"
        },
        {
            "time": "31.12.2020 12:39",
            "open": "1.63682",
            "high": "1.63682",
            "low": "1.63682",
            "close": "1.63493"
        },
        {
            "time": "31.12.2020 12:41",
            "open": "1.63493",
            "high": "1.63493",
            "low": "1.63493",
            "close": "1.63607"
        },
        {
            "time": "31.12.2020 12:46",
            "open": "1.63607",
            "high": "1.63684",
            "low": "1.63607",
            "close": "1.63793"
        },
        {
            "time": "31.12.2020 12:47",
            "open": "1.63793",
            "high": "1.63793",
            "low": "1.63793",
            "close": "1.63828"
        },
        {
            "time": "31.12.2020 12:54",
            "open": "1.63828",
            "high": "1.63828",
            "low": "1.63828",
            "close": "1.63793"
        },
        {
            "time": "31.12.2020 12:55",
            "open": "1.63793",
            "high": "1.63793",
            "low": "1.63793",
            "close": "1.63567"
        },
        {
            "time": "31.12.2020 12:58",
            "open": "1.63567",
            "high": "1.63567",
            "low": "1.63567",
            "close": "1.6341"
        },
        {
            "time": "31.12.2020 12:59",
            "open": "1.6341",
            "high": "1.63442",
            "low": "1.6341",
            "close": "1.63141"
        },
        {
            "time": "31.12.2020 13:00",
            "open": "1.63141",
            "high": "1.6356",
            "low": "1.63141",
            "close": "1.63634"
        },
        {
            "time": "31.12.2020 13:02",
            "open": "1.63634",
            "high": "1.63636",
            "low": "1.63634",
            "close": "1.63761"
        },
        {
            "time": "31.12.2020 13:04",
            "open": "1.63761",
            "high": "1.63761",
            "low": "1.6356",
            "close": "1.63566"
        },
        {
            "time": "31.12.2020 13:05",
            "open": "1.63566",
            "high": "1.63699",
            "low": "1.63566",
            "close": "1.63806"
        },
        {
            "time": "31.12.2020 13:06",
            "open": "1.63806",
            "high": "1.63806",
            "low": "1.63806",
            "close": "1.63802"
        },
        {
            "time": "31.12.2020 13:09",
            "open": "1.63802",
            "high": "1.63802",
            "low": "1.63802",
            "close": "1.63776"
        },
        {
            "time": "31.12.2020 13:12",
            "open": "1.63776",
            "high": "1.63776",
            "low": "1.63776",
            "close": "1.6334"
        },
        {
            "time": "31.12.2020 13:16",
            "open": "1.6334",
            "high": "1.6334",
            "low": "1.6334",
            "close": "1.63544"
        },
        {
            "time": "31.12.2020 13:18",
            "open": "1.63544",
            "high": "1.63544",
            "low": "1.63348",
            "close": "1.63386"
        },
        {
            "time": "31.12.2020 13:21",
            "open": "1.63386",
            "high": "1.63386",
            "low": "1.63386",
            "close": "1.63647"
        },
        {
            "time": "31.12.2020 13:25",
            "open": "1.63647",
            "high": "1.63647",
            "low": "1.63647",
            "close": "1.63386"
        },
        {
            "time": "31.12.2020 13:26",
            "open": "1.63386",
            "high": "1.63386",
            "low": "1.63325",
            "close": "1.63256"
        },
        {
            "time": "31.12.2020 13:27",
            "open": "1.63256",
            "high": "1.63256",
            "low": "1.63256",
            "close": "1.63"
        },
        {
            "time": "31.12.2020 13:28",
            "open": "1.63",
            "high": "1.63",
            "low": "1.63",
            "close": "1.63001"
        },
        {
            "time": "31.12.2020 13:29",
            "open": "1.63001",
            "high": "1.63001",
            "low": "1.63001",
            "close": "1.63134"
        },
        {
            "time": "31.12.2020 13:31",
            "open": "1.63134",
            "high": "1.63134",
            "low": "1.63134",
            "close": "1.63"
        },
        {
            "time": "31.12.2020 13:32",
            "open": "1.63",
            "high": "1.63",
            "low": "1.6299",
            "close": "1.63172"
        },
        {
            "time": "31.12.2020 13:33",
            "open": "1.63172",
            "high": "1.63172",
            "low": "1.63172",
            "close": "1.62962"
        },
        {
            "time": "31.12.2020 13:35",
            "open": "1.62962",
            "high": "1.63111",
            "low": "1.62962",
            "close": "1.6315"
        },
        {
            "time": "31.12.2020 13:38",
            "open": "1.6315",
            "high": "1.6315",
            "low": "1.6315",
            "close": "1.63233"
        },
        {
            "time": "31.12.2020 13:40",
            "open": "1.63233",
            "high": "1.63233",
            "low": "1.63233",
            "close": "1.6359"
        },
        {
            "time": "31.12.2020 13:42",
            "open": "1.6359",
            "high": "1.6359",
            "low": "1.6359",
            "close": "1.63597"
        },
        {
            "time": "31.12.2020 13:44",
            "open": "1.63597",
            "high": "1.63597",
            "low": "1.6353",
            "close": "1.6265"
        },
        {
            "time": "31.12.2020 13:47",
            "open": "1.6265",
            "high": "1.6265",
            "low": "1.6265",
            "close": "1.62542"
        },
        {
            "time": "31.12.2020 13:48",
            "open": "1.62542",
            "high": "1.62619",
            "low": "1.62542",
            "close": "1.62669"
        },
        {
            "time": "31.12.2020 13:49",
            "open": "1.62669",
            "high": "1.62669",
            "low": "1.62669",
            "close": "1.62649"
        },
        {
            "time": "31.12.2020 13:50",
            "open": "1.62649",
            "high": "1.62674",
            "low": "1.62649",
            "close": "1.62617"
        },
        {
            "time": "31.12.2020 13:51",
            "open": "1.62617",
            "high": "1.62617",
            "low": "1.62445",
            "close": "1.62018"
        },
        {
            "time": "31.12.2020 13:54",
            "open": "1.62018",
            "high": "1.62018",
            "low": "1.61996",
            "close": "1.61497"
        },
        {
            "time": "31.12.2020 13:55",
            "open": "1.61497",
            "high": "1.62079",
            "low": "1.61497",
            "close": "1.61475"
        },
        {
            "time": "31.12.2020 13:57",
            "open": "1.61475",
            "high": "1.61475",
            "low": "1.60431",
            "close": "1.61168"
        },
        {
            "time": "31.12.2020 13:58",
            "open": "1.61168",
            "high": "1.61266",
            "low": "1.61168",
            "close": "1.61165"
        },
        {
            "time": "31.12.2020 14:00",
            "open": "1.61165",
            "high": "1.61165",
            "low": "1.61165",
            "close": "1.61263"
        },
        {
            "time": "31.12.2020 14:01",
            "open": "1.61263",
            "high": "1.61266",
            "low": "1.61263",
            "close": "1.61743"
        },
        {
            "time": "31.12.2020 14:02",
            "open": "1.61743",
            "high": "1.61743",
            "low": "1.61743",
            "close": "1.61743"
        },
        {
            "time": "31.12.2020 14:04",
            "open": "1.61743",
            "high": "1.61743",
            "low": "1.61743",
            "close": "1.6144"
        },
        {
            "time": "31.12.2020 14:05",
            "open": "1.6144",
            "high": "1.618",
            "low": "1.61005",
            "close": "1.60386"
        },
        {
            "time": "31.12.2020 14:06",
            "open": "1.60386",
            "high": "1.60721",
            "low": "1.58645",
            "close": "1.59952"
        },
        {
            "time": "31.12.2020 14:07",
            "open": "1.59952",
            "high": "1.59956",
            "low": "1.59925",
            "close": "1.60458"
        },
        {
            "time": "31.12.2020 14:08",
            "open": "1.60458",
            "high": "1.60458",
            "low": "1.60458",
            "close": "1.6063"
        },
        {
            "time": "31.12.2020 14:10",
            "open": "1.6063",
            "high": "1.6063",
            "low": "1.6063",
            "close": "1.60629"
        },
        {
            "time": "31.12.2020 14:11",
            "open": "1.60629",
            "high": "1.60629",
            "low": "1.60504",
            "close": "1.6063"
        },
        {
            "time": "31.12.2020 14:12",
            "open": "1.6063",
            "high": "1.62206",
            "low": "1.6063",
            "close": "1.60337"
        },
        {
            "time": "31.12.2020 14:13",
            "open": "1.60337",
            "high": "1.60337",
            "low": "1.599",
            "close": "1.61198"
        },
        {
            "time": "31.12.2020 14:14",
            "open": "1.61198",
            "high": "1.61198",
            "low": "1.59495",
            "close": "1.61429"
        },
        {
            "time": "31.12.2020 14:15",
            "open": "1.61429",
            "high": "1.61429",
            "low": "1.60747",
            "close": "1.61365"
        },
        {
            "time": "31.12.2020 14:16",
            "open": "1.61365",
            "high": "1.61399",
            "low": "1.61364",
            "close": "1.61253"
        },
        {
            "time": "31.12.2020 14:17",
            "open": "1.61253",
            "high": "1.61253",
            "low": "1.61253",
            "close": "1.6151"
        },
        {
            "time": "31.12.2020 14:18",
            "open": "1.6151",
            "high": "1.61548",
            "low": "1.61509",
            "close": "1.61712"
        },
        {
            "time": "31.12.2020 14:19",
            "open": "1.61712",
            "high": "1.61712",
            "low": "1.61249",
            "close": "1.61094"
        },
        {
            "time": "31.12.2020 14:20",
            "open": "1.61094",
            "high": "1.61094",
            "low": "1.61094",
            "close": "1.61294"
        },
        {
            "time": "31.12.2020 14:22",
            "open": "1.61294",
            "high": "1.61294",
            "low": "1.61294",
            "close": "1.61723"
        },
        {
            "time": "31.12.2020 14:25",
            "open": "1.61723",
            "high": "1.61723",
            "low": "1.61723",
            "close": "1.61507"
        },
        {
            "time": "31.12.2020 14:26",
            "open": "1.61507",
            "high": "1.61507",
            "low": "1.61114",
            "close": "1.6227"
        },
        {
            "time": "31.12.2020 14:31",
            "open": "1.6227",
            "high": "1.62321",
            "low": "1.61999",
            "close": "1.61994"
        },
        {
            "time": "31.12.2020 14:34",
            "open": "1.61994",
            "high": "1.61994",
            "low": "1.61994",
            "close": "1.6189"
        },
        {
            "time": "31.12.2020 14:37",
            "open": "1.6189",
            "high": "1.6189",
            "low": "1.61888",
            "close": "1.6233"
        },
        {
            "time": "31.12.2020 14:39",
            "open": "1.6233",
            "high": "1.6233",
            "low": "1.6233",
            "close": "1.62352"
        },
        {
            "time": "31.12.2020 14:40",
            "open": "1.62352",
            "high": "1.62352",
            "low": "1.62352",
            "close": "1.62352"
        },
        {
            "time": "31.12.2020 14:41",
            "open": "1.62352",
            "high": "1.62352",
            "low": "1.62352",
            "close": "1.62325"
        },
        {
            "time": "31.12.2020 14:42",
            "open": "1.62325",
            "high": "1.62325",
            "low": "1.62325",
            "close": "1.62498"
        },
        {
            "time": "31.12.2020 14:43",
            "open": "1.62498",
            "high": "1.62498",
            "low": "1.62498",
            "close": "1.6237"
        },
        {
            "time": "31.12.2020 14:47",
            "open": "1.6237",
            "high": "1.6237",
            "low": "1.6237",
            "close": "1.62002"
        },
        {
            "time": "31.12.2020 14:48",
            "open": "1.62002",
            "high": "1.62002",
            "low": "1.62",
            "close": "1.62"
        },
        {
            "time": "31.12.2020 14:50",
            "open": "1.62",
            "high": "1.62482",
            "low": "1.62",
            "close": "1.62193"
        },
        {
            "time": "31.12.2020 14:51",
            "open": "1.62193",
            "high": "1.62523",
            "low": "1.62193",
            "close": "1.62528"
        },
        {
            "time": "31.12.2020 14:52",
            "open": "1.62528",
            "high": "1.62681",
            "low": "1.62528",
            "close": "1.62651"
        },
        {
            "time": "31.12.2020 14:54",
            "open": "1.62651",
            "high": "1.62651",
            "low": "1.62651",
            "close": "1.62299"
        },
        {
            "time": "31.12.2020 14:55",
            "open": "1.62299",
            "high": "1.62299",
            "low": "1.62299",
            "close": "1.62582"
        },
        {
            "time": "31.12.2020 15:00",
            "open": "1.62582",
            "high": "1.62582",
            "low": "1.62582",
            "close": "1.62581"
        },
        {
            "time": "31.12.2020 15:09",
            "open": "1.62581",
            "high": "1.62589",
            "low": "1.62581",
            "close": "1.62559"
        },
        {
            "time": "31.12.2020 15:10",
            "open": "1.62559",
            "high": "1.62616",
            "low": "1.62559",
            "close": "1.62359"
        },
        {
            "time": "31.12.2020 15:12",
            "open": "1.62359",
            "high": "1.62359",
            "low": "1.62359",
            "close": "1.62873"
        },
        {
            "time": "31.12.2020 15:14",
            "open": "1.62873",
            "high": "1.635",
            "low": "1.62873",
            "close": "1.63709"
        },
        {
            "time": "31.12.2020 15:15",
            "open": "1.63709",
            "high": "1.63709",
            "low": "1.63709",
            "close": "1.63655"
        },
        {
            "time": "31.12.2020 15:16",
            "open": "1.63655",
            "high": "1.63655",
            "low": "1.63655",
            "close": "1.63558"
        },
        {
            "time": "31.12.2020 15:18",
            "open": "1.63558",
            "high": "1.63558",
            "low": "1.63558",
            "close": "1.63865"
        },
        {
            "time": "31.12.2020 15:19",
            "open": "1.63865",
            "high": "1.64431",
            "low": "1.63748",
            "close": "1.64085"
        },
        {
            "time": "31.12.2020 15:21",
            "open": "1.64085",
            "high": "1.64085",
            "low": "1.63614",
            "close": "1.64071"
        },
        {
            "time": "31.12.2020 15:22",
            "open": "1.64071",
            "high": "1.64071",
            "low": "1.64071",
            "close": "1.64201"
        },
        {
            "time": "31.12.2020 15:23",
            "open": "1.64201",
            "high": "1.64201",
            "low": "1.64201",
            "close": "1.63793"
        },
        {
            "time": "31.12.2020 15:25",
            "open": "1.63793",
            "high": "1.63793",
            "low": "1.63793",
            "close": "1.63614"
        },
        {
            "time": "31.12.2020 15:26",
            "open": "1.63614",
            "high": "1.63714",
            "low": "1.63614",
            "close": "1.63833"
        },
        {
            "time": "31.12.2020 15:28",
            "open": "1.63833",
            "high": "1.63833",
            "low": "1.63833",
            "close": "1.64516"
        },
        {
            "time": "31.12.2020 15:29",
            "open": "1.64516",
            "high": "1.64516",
            "low": "1.64516",
            "close": "1.63572"
        },
        {
            "time": "31.12.2020 15:30",
            "open": "1.63572",
            "high": "1.63572",
            "low": "1.63572",
            "close": "1.64005"
        },
        {
            "time": "31.12.2020 15:32",
            "open": "1.64005",
            "high": "1.64005",
            "low": "1.64005",
            "close": "1.6378"
        },
        {
            "time": "31.12.2020 15:33",
            "open": "1.6378",
            "high": "1.63782",
            "low": "1.6378",
            "close": "1.63679"
        },
        {
            "time": "31.12.2020 15:35",
            "open": "1.63679",
            "high": "1.63726",
            "low": "1.63679",
            "close": "1.63782"
        },
        {
            "time": "31.12.2020 15:37",
            "open": "1.63782",
            "high": "1.63978",
            "low": "1.63782",
            "close": "1.63923"
        },
        {
            "time": "31.12.2020 15:40",
            "open": "1.63923",
            "high": "1.63923",
            "low": "1.63923",
            "close": "1.64042"
        },
        {
            "time": "31.12.2020 15:41",
            "open": "1.64042",
            "high": "1.64631",
            "low": "1.64042",
            "close": "1.64462"
        },
        {
            "time": "31.12.2020 15:42",
            "open": "1.64462",
            "high": "1.64462",
            "low": "1.64462",
            "close": "1.64366"
        },
        {
            "time": "31.12.2020 15:44",
            "open": "1.64366",
            "high": "1.64366",
            "low": "1.64366",
            "close": "1.64184"
        },
        {
            "time": "31.12.2020 15:45",
            "open": "1.64184",
            "high": "1.64184",
            "low": "1.64184",
            "close": "1.63854"
        },
        {
            "time": "31.12.2020 15:47",
            "open": "1.63854",
            "high": "1.63883",
            "low": "1.63854",
            "close": "1.63652"
        },
        {
            "time": "31.12.2020 15:48",
            "open": "1.63652",
            "high": "1.63653",
            "low": "1.63652",
            "close": "1.64596"
        },
        {
            "time": "31.12.2020 15:50",
            "open": "1.64596",
            "high": "1.64596",
            "low": "1.64596",
            "close": "1.64775"
        },
        {
            "time": "31.12.2020 15:51",
            "open": "1.64775",
            "high": "1.64775",
            "low": "1.64775",
            "close": "1.64892"
        },
        {
            "time": "31.12.2020 15:52",
            "open": "1.64892",
            "high": "1.65",
            "low": "1.64892",
            "close": "1.648"
        },
        {
            "time": "31.12.2020 15:56",
            "open": "1.648",
            "high": "1.648",
            "low": "1.64762",
            "close": "1.6432"
        },
        {
            "time": "31.12.2020 15:58",
            "open": "1.6432",
            "high": "1.6432",
            "low": "1.6432",
            "close": "1.64337"
        },
        {
            "time": "31.12.2020 16:00",
            "open": "1.64337",
            "high": "1.64355",
            "low": "1.64337",
            "close": "1.64501"
        },
        {
            "time": "31.12.2020 16:01",
            "open": "1.64501",
            "high": "1.64535",
            "low": "1.64501",
            "close": "1.64126"
        },
        {
            "time": "31.12.2020 16:02",
            "open": "1.64126",
            "high": "1.64176",
            "low": "1.64126",
            "close": "1.65"
        },
        {
            "time": "31.12.2020 16:05",
            "open": "1.65",
            "high": "1.65",
            "low": "1.65",
            "close": "1.65"
        },
        {
            "time": "31.12.2020 16:07",
            "open": "1.65",
            "high": "1.65468",
            "low": "1.65",
            "close": "1.65326"
        },
        {
            "time": "31.12.2020 16:08",
            "open": "1.65326",
            "high": "1.65326",
            "low": "1.65326",
            "close": "1.6522"
        },
        {
            "time": "31.12.2020 16:11",
            "open": "1.6522",
            "high": "1.6524",
            "low": "1.6522",
            "close": "1.65237"
        },
        {
            "time": "31.12.2020 16:13",
            "open": "1.65237",
            "high": "1.65237",
            "low": "1.65237",
            "close": "1.6427"
        },
        {
            "time": "31.12.2020 16:14",
            "open": "1.6427",
            "high": "1.64452",
            "low": "1.642",
            "close": "1.64697"
        },
        {
            "time": "31.12.2020 16:16",
            "open": "1.64697",
            "high": "1.64697",
            "low": "1.64697",
            "close": "1.64783"
        },
        {
            "time": "31.12.2020 16:18",
            "open": "1.64783",
            "high": "1.64783",
            "low": "1.64783",
            "close": "1.64827"
        },
        {
            "time": "31.12.2020 16:19",
            "open": "1.64827",
            "high": "1.64827",
            "low": "1.64827",
            "close": "1.64783"
        },
        {
            "time": "31.12.2020 16:21",
            "open": "1.64783",
            "high": "1.64783",
            "low": "1.64783",
            "close": "1.64813"
        },
        {
            "time": "31.12.2020 16:23",
            "open": "1.64813",
            "high": "1.64813",
            "low": "1.64813",
            "close": "1.64784"
        },
        {
            "time": "31.12.2020 16:27",
            "open": "1.64784",
            "high": "1.64784",
            "low": "1.64784",
            "close": "1.64784"
        },
        {
            "time": "31.12.2020 16:29",
            "open": "1.64784",
            "high": "1.64784",
            "low": "1.64784",
            "close": "1.64783"
        },
        {
            "time": "31.12.2020 16:30",
            "open": "1.64783",
            "high": "1.64783",
            "low": "1.64407",
            "close": "1.64225"
        },
        {
            "time": "31.12.2020 16:31",
            "open": "1.64225",
            "high": "1.64225",
            "low": "1.64225",
            "close": "1.64201"
        },
        {
            "time": "31.12.2020 16:32",
            "open": "1.64201",
            "high": "1.64419",
            "low": "1.64199",
            "close": "1.63994"
        },
        {
            "time": "31.12.2020 16:36",
            "open": "1.63994",
            "high": "1.63994",
            "low": "1.63994",
            "close": "1.64343"
        },
        {
            "time": "31.12.2020 16:38",
            "open": "1.64343",
            "high": "1.64343",
            "low": "1.64343",
            "close": "1.63948"
        },
        {
            "time": "31.12.2020 16:39",
            "open": "1.63948",
            "high": "1.63948",
            "low": "1.63948",
            "close": "1.63967"
        },
        {
            "time": "31.12.2020 16:41",
            "open": "1.63967",
            "high": "1.63967",
            "low": "1.62762",
            "close": "1.64081"
        },
        {
            "time": "31.12.2020 16:43",
            "open": "1.64081",
            "high": "1.64339",
            "low": "1.64072",
            "close": "1.63528"
        },
        {
            "time": "31.12.2020 16:46",
            "open": "1.63528",
            "high": "1.63528",
            "low": "1.63528",
            "close": "1.6347"
        },
        {
            "time": "31.12.2020 16:48",
            "open": "1.6347",
            "high": "1.6347",
            "low": "1.6347",
            "close": "1.64205"
        },
        {
            "time": "31.12.2020 16:54",
            "open": "1.64205",
            "high": "1.64205",
            "low": "1.64205",
            "close": "1.63914"
        },
        {
            "time": "31.12.2020 17:01",
            "open": "1.63914",
            "high": "1.63914",
            "low": "1.63414",
            "close": "1.634"
        },
        {
            "time": "31.12.2020 17:05",
            "open": "1.634",
            "high": "1.634",
            "low": "1.634",
            "close": "1.63776"
        },
        {
            "time": "31.12.2020 17:06",
            "open": "1.63776",
            "high": "1.63776",
            "low": "1.62287",
            "close": "1.63715"
        },
        {
            "time": "31.12.2020 17:08",
            "open": "1.63715",
            "high": "1.63715",
            "low": "1.63715",
            "close": "1.63715"
        },
        {
            "time": "31.12.2020 17:09",
            "open": "1.63715",
            "high": "1.63715",
            "low": "1.63715",
            "close": "1.6344"
        },
        {
            "time": "31.12.2020 17:12",
            "open": "1.6344",
            "high": "1.6344",
            "low": "1.6344",
            "close": "1.63472"
        },
        {
            "time": "31.12.2020 17:14",
            "open": "1.63472",
            "high": "1.637",
            "low": "1.63472",
            "close": "1.64337"
        },
        {
            "time": "31.12.2020 17:15",
            "open": "1.64337",
            "high": "1.64337",
            "low": "1.64337",
            "close": "1.64572"
        },
        {
            "time": "31.12.2020 17:20",
            "open": "1.64572",
            "high": "1.64574",
            "low": "1.64572",
            "close": "1.64483"
        },
        {
            "time": "31.12.2020 17:21",
            "open": "1.64483",
            "high": "1.64483",
            "low": "1.64483",
            "close": "1.64435"
        },
        {
            "time": "31.12.2020 17:22",
            "open": "1.64435",
            "high": "1.64435",
            "low": "1.64113",
            "close": "1.64616"
        },
        {
            "time": "31.12.2020 17:23",
            "open": "1.64616",
            "high": "1.64686",
            "low": "1.64616",
            "close": "1.64968"
        },
        {
            "time": "31.12.2020 17:27",
            "open": "1.64968",
            "high": "1.64968",
            "low": "1.64968",
            "close": "1.64828"
        },
        {
            "time": "31.12.2020 17:29",
            "open": "1.64828",
            "high": "1.64828",
            "low": "1.64828",
            "close": "1.6434"
        },
        {
            "time": "31.12.2020 17:33",
            "open": "1.6434",
            "high": "1.6434",
            "low": "1.6434",
            "close": "1.6475"
        },
        {
            "time": "31.12.2020 17:37",
            "open": "1.6475",
            "high": "1.6475",
            "low": "1.6475",
            "close": "1.64739"
        },
        {
            "time": "31.12.2020 17:38",
            "open": "1.64739",
            "high": "1.64739",
            "low": "1.64415",
            "close": "1.64619"
        },
        {
            "time": "31.12.2020 17:39",
            "open": "1.64619",
            "high": "1.64619",
            "low": "1.64619",
            "close": "1.64436"
        },
        {
            "time": "31.12.2020 17:44",
            "open": "1.64436",
            "high": "1.64436",
            "low": "1.64436",
            "close": "1.63827"
        },
        {
            "time": "31.12.2020 17:50",
            "open": "1.63827",
            "high": "1.63827",
            "low": "1.63827",
            "close": "1.62964"
        },
        {
            "time": "31.12.2020 17:51",
            "open": "1.62964",
            "high": "1.62964",
            "low": "1.62964",
            "close": "1.63132"
        },
        {
            "time": "31.12.2020 17:56",
            "open": "1.63132",
            "high": "1.63132",
            "low": "1.6313",
            "close": "1.63263"
        },
        {
            "time": "31.12.2020 18:01",
            "open": "1.63263",
            "high": "1.64995",
            "low": "1.63263",
            "close": "1.63415"
        },
        {
            "time": "31.12.2020 18:02",
            "open": "1.63415",
            "high": "1.63415",
            "low": "1.63415",
            "close": "1.63176"
        },
        {
            "time": "31.12.2020 18:03",
            "open": "1.63176",
            "high": "1.63176",
            "low": "1.63176",
            "close": "1.63685"
        },
        {
            "time": "31.12.2020 18:04",
            "open": "1.63685",
            "high": "1.63685",
            "low": "1.63685",
            "close": "1.63409"
        },
        {
            "time": "31.12.2020 18:06",
            "open": "1.63409",
            "high": "1.63409",
            "low": "1.63409",
            "close": "1.63409"
        },
        {
            "time": "31.12.2020 18:07",
            "open": "1.63409",
            "high": "1.63409",
            "low": "1.63409",
            "close": "1.63176"
        },
        {
            "time": "31.12.2020 18:10",
            "open": "1.63176",
            "high": "1.63176",
            "low": "1.63137",
            "close": "1.63541"
        },
        {
            "time": "31.12.2020 18:13",
            "open": "1.63541",
            "high": "1.63541",
            "low": "1.63541",
            "close": "1.63189"
        },
        {
            "time": "31.12.2020 18:14",
            "open": "1.63189",
            "high": "1.63545",
            "low": "1.63189",
            "close": "1.63943"
        },
        {
            "time": "31.12.2020 18:15",
            "open": "1.63943",
            "high": "1.63943",
            "low": "1.63943",
            "close": "1.64343"
        },
        {
            "time": "31.12.2020 18:19",
            "open": "1.64343",
            "high": "1.64343",
            "low": "1.64115",
            "close": "1.64121"
        },
        {
            "time": "31.12.2020 18:21",
            "open": "1.64121",
            "high": "1.64121",
            "low": "1.64121",
            "close": "1.64128"
        },
        {
            "time": "31.12.2020 18:22",
            "open": "1.64128",
            "high": "1.64128",
            "low": "1.64128",
            "close": "1.64267"
        },
        {
            "time": "31.12.2020 18:23",
            "open": "1.64267",
            "high": "1.64267",
            "low": "1.64267",
            "close": "1.646"
        },
        {
            "time": "31.12.2020 18:24",
            "open": "1.646",
            "high": "1.646",
            "low": "1.646",
            "close": "1.64474"
        },
        {
            "time": "31.12.2020 18:25",
            "open": "1.64474",
            "high": "1.64474",
            "low": "1.64474",
            "close": "1.646"
        },
        {
            "time": "31.12.2020 18:28",
            "open": "1.646",
            "high": "1.646",
            "low": "1.646",
            "close": "1.64665"
        },
        {
            "time": "31.12.2020 18:30",
            "open": "1.64665",
            "high": "1.64665",
            "low": "1.64665",
            "close": "1.64986"
        },
        {
            "time": "31.12.2020 18:32",
            "open": "1.64986",
            "high": "1.64986",
            "low": "1.64832",
            "close": "1.64787"
        },
        {
            "time": "31.12.2020 18:33",
            "open": "1.64787",
            "high": "1.64998",
            "low": "1.64787",
            "close": "1.64995"
        },
        {
            "time": "31.12.2020 18:36",
            "open": "1.64995",
            "high": "1.64997",
            "low": "1.64995",
            "close": "1.64839"
        },
        {
            "time": "31.12.2020 18:37",
            "open": "1.64839",
            "high": "1.64839",
            "low": "1.64839",
            "close": "1.64402"
        },
        {
            "time": "31.12.2020 18:38",
            "open": "1.64402",
            "high": "1.64545",
            "low": "1.64402",
            "close": "1.64097"
        },
        {
            "time": "31.12.2020 18:39",
            "open": "1.64097",
            "high": "1.64545",
            "low": "1.64097",
            "close": "1.64545"
        },
        {
            "time": "31.12.2020 18:40",
            "open": "1.64545",
            "high": "1.64838",
            "low": "1.64545",
            "close": "1.6484"
        },
        {
            "time": "31.12.2020 18:43",
            "open": "1.6484",
            "high": "1.6484",
            "low": "1.6484",
            "close": "1.64976"
        },
        {
            "time": "31.12.2020 18:45",
            "open": "1.64976",
            "high": "1.64998",
            "low": "1.64976",
            "close": "1.64766"
        },
        {
            "time": "31.12.2020 18:49",
            "open": "1.64766",
            "high": "1.64766",
            "low": "1.64766",
            "close": "1.64766"
        },
        {
            "time": "31.12.2020 18:51",
            "open": "1.64766",
            "high": "1.64824",
            "low": "1.64766",
            "close": "1.64387"
        },
        {
            "time": "31.12.2020 18:53",
            "open": "1.64387",
            "high": "1.64743",
            "low": "1.64387",
            "close": "1.6479"
        },
        {
            "time": "31.12.2020 18:56",
            "open": "1.6479",
            "high": "1.64906",
            "low": "1.6479",
            "close": "1.64578"
        },
        {
            "time": "31.12.2020 19:00",
            "open": "1.64888",
            "high": "1.64888",
            "low": "1.64888",
            "close": "1.6486"
        },
        {
            "time": "31.12.2020 19:02",
            "open": "1.6486",
            "high": "1.6486",
            "low": "1.6486",
            "close": "1.64624"
        },
        {
            "time": "31.12.2020 19:07",
            "open": "1.64624",
            "high": "1.64689",
            "low": "1.64624",
            "close": "1.64404"
        },
        {
            "time": "31.12.2020 19:09",
            "open": "1.64404",
            "high": "1.64404",
            "low": "1.64404",
            "close": "1.64405"
        },
        {
            "time": "31.12.2020 19:10",
            "open": "1.64405",
            "high": "1.64753",
            "low": "1.64403",
            "close": "1.64334"
        },
        {
            "time": "31.12.2020 19:11",
            "open": "1.64334",
            "high": "1.64581",
            "low": "1.64334",
            "close": "1.64144"
        },
        {
            "time": "31.12.2020 19:14",
            "open": "1.64144",
            "high": "1.64144",
            "low": "1.64144",
            "close": "1.64209"
        },
        {
            "time": "31.12.2020 19:16",
            "open": "1.64209",
            "high": "1.64209",
            "low": "1.64209",
            "close": "1.6407"
        },
        {
            "time": "31.12.2020 19:19",
            "open": "1.6407",
            "high": "1.6407",
            "low": "1.6407",
            "close": "1.64151"
        },
        {
            "time": "31.12.2020 19:27",
            "open": "1.64151",
            "high": "1.64151",
            "low": "1.64151",
            "close": "1.64265"
        },
        {
            "time": "31.12.2020 19:29",
            "open": "1.64265",
            "high": "1.64533",
            "low": "1.64265",
            "close": "1.64632"
        },
        {
            "time": "31.12.2020 19:31",
            "open": "1.64632",
            "high": "1.64632",
            "low": "1.64632",
            "close": "1.64299"
        },
        {
            "time": "31.12.2020 19:37",
            "open": "1.64299",
            "high": "1.64299",
            "low": "1.64299",
            "close": "1.64327"
        },
        {
            "time": "31.12.2020 19:40",
            "open": "1.64327",
            "high": "1.64327",
            "low": "1.64327",
            "close": "1.64515"
        },
        {
            "time": "31.12.2020 19:44",
            "open": "1.64515",
            "high": "1.64515",
            "low": "1.64515",
            "close": "1.64487"
        },
        {
            "time": "31.12.2020 19:45",
            "open": "1.64487",
            "high": "1.64491",
            "low": "1.64487",
            "close": "1.64537"
        },
        {
            "time": "31.12.2020 19:48",
            "open": "1.64537",
            "high": "1.64543",
            "low": "1.64537",
            "close": "1.64219"
        },
        {
            "time": "31.12.2020 19:55",
            "open": "1.64219",
            "high": "1.64311",
            "low": "1.64219",
            "close": "1.64525"
        },
        {
            "time": "31.12.2020 19:56",
            "open": "1.64525",
            "high": "1.64525",
            "low": "1.64525",
            "close": "1.64383"
        },
        {
            "time": "31.12.2020 19:59",
            "open": "1.64383",
            "high": "1.64383",
            "low": "1.64362",
            "close": "1.64639"
        },
        {
            "time": "31.12.2020 20:02",
            "open": "1.64639",
            "high": "1.64639",
            "low": "1.64639",
            "close": "1.64638"
        },
        {
            "time": "31.12.2020 20:03",
            "open": "1.64638",
            "high": "1.64638",
            "low": "1.64638",
            "close": "1.64362"
        },
        {
            "time": "31.12.2020 20:04",
            "open": "1.64362",
            "high": "1.64362",
            "low": "1.64355",
            "close": "1.64999"
        },
        {
            "time": "31.12.2020 20:05",
            "open": "1.64999",
            "high": "1.65",
            "low": "1.64999",
            "close": "1.65"
        },
        {
            "time": "31.12.2020 20:06",
            "open": "1.65",
            "high": "1.65",
            "low": "1.65",
            "close": "1.6477"
        },
        {
            "time": "31.12.2020 20:07",
            "open": "1.6477",
            "high": "1.6477",
            "low": "1.6477",
            "close": "1.64672"
        },
        {
            "time": "31.12.2020 20:19",
            "open": "1.64672",
            "high": "1.64672",
            "low": "1.64672",
            "close": "1.64673"
        },
        {
            "time": "31.12.2020 20:20",
            "open": "1.64673",
            "high": "1.64673",
            "low": "1.64673",
            "close": "1.65"
        },
        {
            "time": "31.12.2020 20:21",
            "open": "1.65",
            "high": "1.65103",
            "low": "1.65",
            "close": "1.65031"
        },
        {
            "time": "31.12.2020 20:22",
            "open": "1.65031",
            "high": "1.65031",
            "low": "1.64777",
            "close": "1.65203"
        },
        {
            "time": "31.12.2020 20:35",
            "open": "1.65203",
            "high": "1.65203",
            "low": "1.6488",
            "close": "1.65134"
        },
        {
            "time": "31.12.2020 20:38",
            "open": "1.65134",
            "high": "1.65134",
            "low": "1.65132",
            "close": "1.64924"
        },
        {
            "time": "31.12.2020 20:39",
            "open": "1.64924",
            "high": "1.64924",
            "low": "1.64924",
            "close": "1.6509"
        },
        {
            "time": "31.12.2020 20:40",
            "open": "1.6509",
            "high": "1.6509",
            "low": "1.64845",
            "close": "1.64821"
        },
        {
            "time": "31.12.2020 20:41",
            "open": "1.64821",
            "high": "1.64821",
            "low": "1.64821",
            "close": "1.6536"
        },
        {
            "time": "31.12.2020 20:46",
            "open": "1.6536",
            "high": "1.6536",
            "low": "1.6536",
            "close": "1.65522"
        },
        {
            "time": "31.12.2020 20:52",
            "open": "1.65522",
            "high": "1.65523",
            "low": "1.65522",
            "close": "1.65412"
        },
        {
            "time": "31.12.2020 20:54",
            "open": "1.65412",
            "high": "1.65412",
            "low": "1.65412",
            "close": "1.65323"
        },
        {
            "time": "31.12.2020 20:59",
            "open": "1.65323",
            "high": "1.65323",
            "low": "1.65323",
            "close": "1.65135"
        },
        {
            "time": "31.12.2020 21:08",
            "open": "1.65135",
            "high": "1.65135",
            "low": "1.65135",
            "close": "1.64868"
        },
        {
            "time": "31.12.2020 21:10",
            "open": "1.64868",
            "high": "1.6534",
            "low": "1.64868",
            "close": "1.65315"
        },
        {
            "time": "31.12.2020 21:11",
            "open": "1.65315",
            "high": "1.65315",
            "low": "1.65315",
            "close": "1.64568"
        },
        {
            "time": "31.12.2020 21:15",
            "open": "1.64568",
            "high": "1.64568",
            "low": "1.64568",
            "close": "1.65212"
        },
        {
            "time": "31.12.2020 21:20",
            "open": "1.65212",
            "high": "1.65212",
            "low": "1.65212",
            "close": "1.65186"
        },
        {
            "time": "31.12.2020 21:23",
            "open": "1.65186",
            "high": "1.65186",
            "low": "1.65186",
            "close": "1.6502"
        },
        {
            "time": "31.12.2020 21:36",
            "open": "1.6502",
            "high": "1.6502",
            "low": "1.6502",
            "close": "1.6502"
        },
        {
            "time": "31.12.2020 21:37",
            "open": "1.6502",
            "high": "1.65179",
            "low": "1.6502",
            "close": "1.65315"
        },
        {
            "time": "31.12.2020 21:43",
            "open": "1.65315",
            "high": "1.65315",
            "low": "1.65315",
            "close": "1.65299"
        },
        {
            "time": "31.12.2020 21:45",
            "open": "1.65299",
            "high": "1.65299",
            "low": "1.65299",
            "close": "1.64965"
        },
        {
            "time": "31.12.2020 21:48",
            "open": "1.64965",
            "high": "1.64965",
            "low": "1.64965",
            "close": "1.65224"
        },
        {
            "time": "31.12.2020 21:52",
            "open": "1.65224",
            "high": "1.65224",
            "low": "1.65224",
            "close": "1.64333"
        },
        {
            "time": "31.12.2020 22:13",
            "open": "1.64333",
            "high": "1.64333",
            "low": "1.64333",
            "close": "1.64454"
        },
        {
            "time": "31.12.2020 22:15",
            "open": "1.64454",
            "high": "1.64469",
            "low": "1.64454",
            "close": "1.64467"
        },
        {
            "time": "31.12.2020 22:17",
            "open": "1.64467",
            "high": "1.64467",
            "low": "1.64467",
            "close": "1.63984"
        },
        {
            "time": "31.12.2020 22:22",
            "open": "1.63984",
            "high": "1.63984",
            "low": "1.63984",
            "close": "1.6412"
        },
        {
            "time": "31.12.2020 22:24",
            "open": "1.6412",
            "high": "1.6412",
            "low": "1.6412",
            "close": "1.63734"
        },
        {
            "time": "31.12.2020 22:28",
            "open": "1.63734",
            "high": "1.63734",
            "low": "1.63544",
            "close": "1.63494"
        },
        {
            "time": "31.12.2020 22:34",
            "open": "1.63494",
            "high": "1.63494",
            "low": "1.63494",
            "close": "1.63418"
        },
        {
            "time": "31.12.2020 22:46",
            "open": "1.63418",
            "high": "1.63418",
            "low": "1.63418",
            "close": "1.63418"
        },
        {
            "time": "31.12.2020 22:47",
            "open": "1.63418",
            "high": "1.63418",
            "low": "1.63418",
            "close": "1.63227"
        },
        {
            "time": "31.12.2020 22:53",
            "open": "1.63227",
            "high": "1.63227",
            "low": "1.63175",
            "close": "1.63816"
        },
        {
            "time": "31.12.2020 22:56",
            "open": "1.63816",
            "high": "1.63818",
            "low": "1.63816",
            "close": "1.63761"
        },
        {
            "time": "31.12.2020 23:09",
            "open": "1.63761",
            "high": "1.63761",
            "low": "1.63761",
            "close": "1.63641"
        },
        {
            "time": "31.12.2020 23:23",
            "open": "1.63641",
            "high": "1.63641",
            "low": "1.63331",
            "close": "1.63332"
        },
        {
            "time": "31.12.2020 23:24",
            "open": "1.63332",
            "high": "1.63332",
            "low": "1.63332",
            "close": "1.63787"
        },
        {
            "time": "31.12.2020 23:29",
            "open": "1.63787",
            "high": "1.63787",
            "low": "1.63787",
            "close": "1.63786"
        },
        {
            "time": "31.12.2020 23:30",
            "open": "1.63786",
            "high": "1.63786",
            "low": "1.63786",
            "close": "1.63504"
        },
        {
            "time": "31.12.2020 23:36",
            "open": "1.63504",
            "high": "1.63504",
            "low": "1.63504",
            "close": "1.63948"
        },
        {
            "time": "31.12.2020 23:37",
            "open": "1.63948",
            "high": "1.63948",
            "low": "1.63948",
            "close": "1.63918"
        },
        {
            "time": "31.12.2020 23:46",
            "open": "1.63918",
            "high": "1.63918",
            "low": "1.63918",
            "close": "1.63918"
        },
        {
            "time": "31.12.2020 23:47",
            "open": "1.63918",
            "high": "1.63918",
            "low": "1.63918",
            "close": "1.63918"
        },
        {
            "time": "31.12.2020 23:54",
            "open": "1.63918",
            "high": "1.63918",
            "low": "1.63918",
            "close": "1.6369"
        },
        {
            "time": "31.12.2020 23:55",
            "open": "1.6369",
            "high": "1.6369",
            "low": "1.63689",
            "close": "1.63689"
        },
        {
            "time": "31.12.2020 23:57",
            "open": "1.63689",
            "high": "1.63689",
            "low": "1.63689",
            "close": "1.63711"
        }
    ]
}