{
    "XTZ-EUR": [
        {
            "time": "15.11.2020 23:58",
            "open": "1.69968",
            "high": "1.7002",
            "low": "1.69968",
            "close": "1.70458"
        },
        {
            "time": "16.11.2020 00:00",
            "open": "1.70458",
            "high": "1.70539",
            "low": "1.70458",
            "close": "1.71036"
        },
        {
            "time": "16.11.2020 00:01",
            "open": "1.71036",
            "high": "1.71386",
            "low": "1.71036",
            "close": "1.70869"
        },
        {
            "time": "16.11.2020 00:05",
            "open": "1.70869",
            "high": "1.70869",
            "low": "1.70869",
            "close": "1.70447"
        },
        {
            "time": "16.11.2020 00:06",
            "open": "1.70447",
            "high": "1.70447",
            "low": "1.70447",
            "close": "1.70438"
        },
        {
            "time": "16.11.2020 00:07",
            "open": "1.70438",
            "high": "1.7044",
            "low": "1.70438",
            "close": "1.70508"
        },
        {
            "time": "16.11.2020 00:09",
            "open": "1.70508",
            "high": "1.70508",
            "low": "1.70508",
            "close": "1.70388"
        },
        {
            "time": "16.11.2020 00:14",
            "open": "1.70388",
            "high": "1.7039",
            "low": "1.70388",
            "close": "1.7061"
        },
        {
            "time": "16.11.2020 00:15",
            "open": "1.7061",
            "high": "1.7073",
            "low": "1.7061",
            "close": "1.70742"
        },
        {
            "time": "16.11.2020 00:22",
            "open": "1.70742",
            "high": "1.71217",
            "low": "1.7061",
            "close": "1.70686"
        },
        {
            "time": "16.11.2020 00:23",
            "open": "1.70686",
            "high": "1.70686",
            "low": "1.70686",
            "close": "1.70283"
        },
        {
            "time": "16.11.2020 00:27",
            "open": "1.70283",
            "high": "1.70598",
            "low": "1.70283",
            "close": "1.706"
        },
        {
            "time": "16.11.2020 00:28",
            "open": "1.706",
            "high": "1.7072",
            "low": "1.7058",
            "close": "1.706"
        },
        {
            "time": "16.11.2020 00:29",
            "open": "1.706",
            "high": "1.706",
            "low": "1.706",
            "close": "1.70598"
        },
        {
            "time": "16.11.2020 00:30",
            "open": "1.70598",
            "high": "1.70698",
            "low": "1.70598",
            "close": "1.70808"
        },
        {
            "time": "16.11.2020 00:35",
            "open": "1.70808",
            "high": "1.70975",
            "low": "1.70808",
            "close": "1.70821"
        },
        {
            "time": "16.11.2020 00:36",
            "open": "1.70821",
            "high": "1.70821",
            "low": "1.70821",
            "close": "1.70803"
        },
        {
            "time": "16.11.2020 00:37",
            "open": "1.70803",
            "high": "1.70803",
            "low": "1.70803",
            "close": "1.70991"
        },
        {
            "time": "16.11.2020 00:39",
            "open": "1.70991",
            "high": "1.70991",
            "low": "1.70991",
            "close": "1.70561"
        },
        {
            "time": "16.11.2020 00:41",
            "open": "1.70561",
            "high": "1.70561",
            "low": "1.70561",
            "close": "1.70809"
        },
        {
            "time": "16.11.2020 00:43",
            "open": "1.70809",
            "high": "1.70809",
            "low": "1.70809",
            "close": "1.7"
        },
        {
            "time": "16.11.2020 00:49",
            "open": "1.7",
            "high": "1.7",
            "low": "1.7",
            "close": "1.7029"
        },
        {
            "time": "16.11.2020 00:53",
            "open": "1.7029",
            "high": "1.7029",
            "low": "1.7029",
            "close": "1.70528"
        },
        {
            "time": "16.11.2020 00:54",
            "open": "1.70528",
            "high": "1.70808",
            "low": "1.70425",
            "close": "1.7"
        },
        {
            "time": "16.11.2020 01:00",
            "open": "1.7",
            "high": "1.7",
            "low": "1.7",
            "close": "1.6957"
        },
        {
            "time": "16.11.2020 01:01",
            "open": "1.6957",
            "high": "1.6957",
            "low": "1.6957",
            "close": "1.70251"
        },
        {
            "time": "16.11.2020 01:04",
            "open": "1.70251",
            "high": "1.70251",
            "low": "1.70251",
            "close": "1.7005"
        },
        {
            "time": "16.11.2020 01:08",
            "open": "1.7005",
            "high": "1.7005",
            "low": "1.7005",
            "close": "1.7019"
        },
        {
            "time": "16.11.2020 01:12",
            "open": "1.7019",
            "high": "1.7019",
            "low": "1.7019",
            "close": "1.69602"
        },
        {
            "time": "16.11.2020 01:14",
            "open": "1.69602",
            "high": "1.69602",
            "low": "1.69602",
            "close": "1.69343"
        },
        {
            "time": "16.11.2020 01:21",
            "open": "1.69343",
            "high": "1.69343",
            "low": "1.69343",
            "close": "1.694"
        },
        {
            "time": "16.11.2020 01:29",
            "open": "1.694",
            "high": "1.694",
            "low": "1.6939",
            "close": "1.69158"
        },
        {
            "time": "16.11.2020 01:31",
            "open": "1.69158",
            "high": "1.6927",
            "low": "1.68885",
            "close": "1.6927"
        },
        {
            "time": "16.11.2020 01:34",
            "open": "1.6927",
            "high": "1.6927",
            "low": "1.6927",
            "close": "1.6983"
        },
        {
            "time": "16.11.2020 01:35",
            "open": "1.6983",
            "high": "1.6993",
            "low": "1.6983",
            "close": "1.70479"
        },
        {
            "time": "16.11.2020 01:37",
            "open": "1.70479",
            "high": "1.70479",
            "low": "1.70479",
            "close": "1.70778"
        },
        {
            "time": "16.11.2020 01:40",
            "open": "1.70778",
            "high": "1.70778",
            "low": "1.70778",
            "close": "1.70613"
        },
        {
            "time": "16.11.2020 01:45",
            "open": "1.70613",
            "high": "1.70613",
            "low": "1.70613",
            "close": "1.70506"
        },
        {
            "time": "16.11.2020 01:47",
            "open": "1.70506",
            "high": "1.70506",
            "low": "1.70506",
            "close": "1.70466"
        },
        {
            "time": "16.11.2020 01:50",
            "open": "1.70466",
            "high": "1.70466",
            "low": "1.70466",
            "close": "1.71036"
        },
        {
            "time": "16.11.2020 01:56",
            "open": "1.71036",
            "high": "1.71141",
            "low": "1.71036",
            "close": "1.71225"
        },
        {
            "time": "16.11.2020 01:58",
            "open": "1.71225",
            "high": "1.71225",
            "low": "1.71225",
            "close": "1.71028"
        },
        {
            "time": "16.11.2020 02:00",
            "open": "1.71028",
            "high": "1.71028",
            "low": "1.71028",
            "close": "1.71478"
        },
        {
            "time": "16.11.2020 02:05",
            "open": "1.71478",
            "high": "1.71478",
            "low": "1.71478",
            "close": "1.71348"
        },
        {
            "time": "16.11.2020 02:09",
            "open": "1.71348",
            "high": "1.71348",
            "low": "1.71348",
            "close": "1.70824"
        },
        {
            "time": "16.11.2020 02:23",
            "open": "1.70824",
            "high": "1.70824",
            "low": "1.70695",
            "close": "1.7052"
        },
        {
            "time": "16.11.2020 02:24",
            "open": "1.7052",
            "high": "1.7052",
            "low": "1.7052",
            "close": "1.71259"
        },
        {
            "time": "16.11.2020 02:26",
            "open": "1.71259",
            "high": "1.71259",
            "low": "1.7101",
            "close": "1.70822"
        },
        {
            "time": "16.11.2020 02:29",
            "open": "1.70822",
            "high": "1.70822",
            "low": "1.70822",
            "close": "1.7057"
        },
        {
            "time": "16.11.2020 02:32",
            "open": "1.7057",
            "high": "1.7057",
            "low": "1.7057",
            "close": "1.70543"
        },
        {
            "time": "16.11.2020 02:34",
            "open": "1.70543",
            "high": "1.70543",
            "low": "1.70523",
            "close": "1.7045"
        },
        {
            "time": "16.11.2020 02:35",
            "open": "1.7045",
            "high": "1.7055",
            "low": "1.7045",
            "close": "1.70766"
        },
        {
            "time": "16.11.2020 02:40",
            "open": "1.70766",
            "high": "1.70766",
            "low": "1.70766",
            "close": "1.70804"
        },
        {
            "time": "16.11.2020 02:41",
            "open": "1.70804",
            "high": "1.70804",
            "low": "1.70804",
            "close": "1.70628"
        },
        {
            "time": "16.11.2020 02:45",
            "open": "1.70628",
            "high": "1.7064",
            "low": "1.70628",
            "close": "1.70609"
        },
        {
            "time": "16.11.2020 02:46",
            "open": "1.70609",
            "high": "1.70609",
            "low": "1.70609",
            "close": "1.7022"
        },
        {
            "time": "16.11.2020 02:49",
            "open": "1.7022",
            "high": "1.7033",
            "low": "1.7022",
            "close": "1.70219"
        },
        {
            "time": "16.11.2020 02:53",
            "open": "1.70219",
            "high": "1.70219",
            "low": "1.70219",
            "close": "1.70127"
        },
        {
            "time": "16.11.2020 02:57",
            "open": "1.70127",
            "high": "1.70127",
            "low": "1.70127",
            "close": "1.70157"
        },
        {
            "time": "16.11.2020 02:59",
            "open": "1.70157",
            "high": "1.70159",
            "low": "1.70157",
            "close": "1.70366"
        },
        {
            "time": "16.11.2020 03:00",
            "open": "1.70366",
            "high": "1.70368",
            "low": "1.70366",
            "close": "1.7031"
        },
        {
            "time": "16.11.2020 03:02",
            "open": "1.7031",
            "high": "1.7031",
            "low": "1.7031",
            "close": "1.7086"
        },
        {
            "time": "16.11.2020 03:03",
            "open": "1.7086",
            "high": "1.7086",
            "low": "1.7086",
            "close": "1.69816"
        },
        {
            "time": "16.11.2020 03:09",
            "open": "1.69816",
            "high": "1.69921",
            "low": "1.69815",
            "close": "1.69665"
        },
        {
            "time": "16.11.2020 03:11",
            "open": "1.69665",
            "high": "1.69665",
            "low": "1.69601",
            "close": "1.69686"
        },
        {
            "time": "16.11.2020 03:12",
            "open": "1.69686",
            "high": "1.69688",
            "low": "1.69686",
            "close": "1.69566"
        },
        {
            "time": "16.11.2020 03:16",
            "open": "1.69566",
            "high": "1.69566",
            "low": "1.69566",
            "close": "1.69885"
        },
        {
            "time": "16.11.2020 03:20",
            "open": "1.69885",
            "high": "1.69885",
            "low": "1.69884",
            "close": "1.69884"
        },
        {
            "time": "16.11.2020 03:25",
            "open": "1.69884",
            "high": "1.69884",
            "low": "1.69884",
            "close": "1.6944"
        },
        {
            "time": "16.11.2020 03:31",
            "open": "1.6944",
            "high": "1.6944",
            "low": "1.6944",
            "close": "1.69448"
        },
        {
            "time": "16.11.2020 03:36",
            "open": "1.69448",
            "high": "1.69448",
            "low": "1.69448",
            "close": "1.69376"
        },
        {
            "time": "16.11.2020 03:46",
            "open": "1.69376",
            "high": "1.69376",
            "low": "1.69376",
            "close": "1.69322"
        },
        {
            "time": "16.11.2020 03:48",
            "open": "1.69322",
            "high": "1.69322",
            "low": "1.69322",
            "close": "1.69238"
        },
        {
            "time": "16.11.2020 03:50",
            "open": "1.69238",
            "high": "1.69647",
            "low": "1.69238",
            "close": "1.6886"
        },
        {
            "time": "16.11.2020 03:59",
            "open": "1.6886",
            "high": "1.6886",
            "low": "1.6886",
            "close": "1.69158"
        },
        {
            "time": "16.11.2020 04:00",
            "open": "1.69158",
            "high": "1.69158",
            "low": "1.69158",
            "close": "1.6909"
        },
        {
            "time": "16.11.2020 04:01",
            "open": "1.6909",
            "high": "1.6925",
            "low": "1.6909",
            "close": "1.69622"
        },
        {
            "time": "16.11.2020 04:20",
            "open": "1.69622",
            "high": "1.69622",
            "low": "1.69622",
            "close": "1.69952"
        },
        {
            "time": "16.11.2020 04:26",
            "open": "1.69952",
            "high": "1.69952",
            "low": "1.69952",
            "close": "1.70016"
        },
        {
            "time": "16.11.2020 04:30",
            "open": "1.70016",
            "high": "1.70016",
            "low": "1.70016",
            "close": "1.70298"
        },
        {
            "time": "16.11.2020 04:39",
            "open": "1.70298",
            "high": "1.70298",
            "low": "1.70298",
            "close": "1.70298"
        },
        {
            "time": "16.11.2020 04:40",
            "open": "1.70298",
            "high": "1.70298",
            "low": "1.70298",
            "close": "1.7053"
        },
        {
            "time": "16.11.2020 04:42",
            "open": "1.7053",
            "high": "1.7053",
            "low": "1.7053",
            "close": "1.70498"
        },
        {
            "time": "16.11.2020 04:55",
            "open": "1.70498",
            "high": "1.70498",
            "low": "1.70498",
            "close": "1.70698"
        },
        {
            "time": "16.11.2020 05:15",
            "open": "1.70698",
            "high": "1.70718",
            "low": "1.70698",
            "close": "1.7087"
        },
        {
            "time": "16.11.2020 05:32",
            "open": "1.7087",
            "high": "1.7087",
            "low": "1.7087",
            "close": "1.7091"
        },
        {
            "time": "16.11.2020 05:34",
            "open": "1.7091",
            "high": "1.7091",
            "low": "1.7091",
            "close": "1.7062"
        },
        {
            "time": "16.11.2020 05:54",
            "open": "1.7062",
            "high": "1.7062",
            "low": "1.7062",
            "close": "1.7145"
        },
        {
            "time": "16.11.2020 06:07",
            "open": "1.7145",
            "high": "1.7145",
            "low": "1.7145",
            "close": "1.7175"
        },
        {
            "time": "16.11.2020 06:32",
            "open": "1.7175",
            "high": "1.7175",
            "low": "1.7175",
            "close": "1.71714"
        },
        {
            "time": "16.11.2020 06:58",
            "open": "1.71714",
            "high": "1.71716",
            "low": "1.71714",
            "close": "1.71886"
        },
        {
            "time": "16.11.2020 07:01",
            "open": "1.71886",
            "high": "1.71886",
            "low": "1.71886",
            "close": "1.7214"
        },
        {
            "time": "16.11.2020 07:02",
            "open": "1.7214",
            "high": "1.7214",
            "low": "1.71533",
            "close": "1.71485"
        },
        {
            "time": "16.11.2020 07:04",
            "open": "1.71485",
            "high": "1.71485",
            "low": "1.71485",
            "close": "1.7175"
        },
        {
            "time": "16.11.2020 07:17",
            "open": "1.7175",
            "high": "1.7175",
            "low": "1.7175",
            "close": "1.71998"
        },
        {
            "time": "16.11.2020 07:21",
            "open": "1.71998",
            "high": "1.71998",
            "low": "1.71933",
            "close": "1.7203"
        },
        {
            "time": "16.11.2020 07:30",
            "open": "1.7203",
            "high": "1.7203",
            "low": "1.7203",
            "close": "1.7226"
        },
        {
            "time": "16.11.2020 07:33",
            "open": "1.7226",
            "high": "1.72317",
            "low": "1.7226",
            "close": "1.7246"
        },
        {
            "time": "16.11.2020 07:34",
            "open": "1.7246",
            "high": "1.7246",
            "low": "1.7246",
            "close": "1.725"
        },
        {
            "time": "16.11.2020 07:35",
            "open": "1.725",
            "high": "1.725",
            "low": "1.725",
            "close": "1.72516"
        },
        {
            "time": "16.11.2020 07:54",
            "open": "1.72516",
            "high": "1.72516",
            "low": "1.72516",
            "close": "1.72265"
        },
        {
            "time": "16.11.2020 07:55",
            "open": "1.72265",
            "high": "1.72265",
            "low": "1.72265",
            "close": "1.7221"
        },
        {
            "time": "16.11.2020 07:56",
            "open": "1.7221",
            "high": "1.7221",
            "low": "1.7221",
            "close": "1.72208"
        },
        {
            "time": "16.11.2020 07:59",
            "open": "1.72208",
            "high": "1.72208",
            "low": "1.72208",
            "close": "1.72231"
        },
        {
            "time": "16.11.2020 08:00",
            "open": "1.72231",
            "high": "1.72231",
            "low": "1.72231",
            "close": "1.7237"
        },
        {
            "time": "16.11.2020 08:01",
            "open": "1.7237",
            "high": "1.7237",
            "low": "1.72319",
            "close": "1.72042"
        },
        {
            "time": "16.11.2020 08:14",
            "open": "1.72042",
            "high": "1.72042",
            "low": "1.72042",
            "close": "1.72487"
        },
        {
            "time": "16.11.2020 08:18",
            "open": "1.72487",
            "high": "1.72487",
            "low": "1.72487",
            "close": "1.7233"
        },
        {
            "time": "16.11.2020 08:25",
            "open": "1.7233",
            "high": "1.7233",
            "low": "1.7233",
            "close": "1.72534"
        },
        {
            "time": "16.11.2020 08:34",
            "open": "1.72534",
            "high": "1.72534",
            "low": "1.7216",
            "close": "1.71793"
        },
        {
            "time": "16.11.2020 08:35",
            "open": "1.71793",
            "high": "1.71815",
            "low": "1.7175",
            "close": "1.71852"
        },
        {
            "time": "16.11.2020 08:39",
            "open": "1.71852",
            "high": "1.71852",
            "low": "1.71852",
            "close": "1.71232"
        },
        {
            "time": "16.11.2020 08:43",
            "open": "1.71232",
            "high": "1.71232",
            "low": "1.71232",
            "close": "1.71541"
        },
        {
            "time": "16.11.2020 08:44",
            "open": "1.71541",
            "high": "1.71541",
            "low": "1.71541",
            "close": "1.71519"
        },
        {
            "time": "16.11.2020 08:45",
            "open": "1.71519",
            "high": "1.71519",
            "low": "1.71519",
            "close": "1.71503"
        },
        {
            "time": "16.11.2020 08:48",
            "open": "1.71503",
            "high": "1.71504",
            "low": "1.71503",
            "close": "1.71603"
        },
        {
            "time": "16.11.2020 08:52",
            "open": "1.71603",
            "high": "1.71609",
            "low": "1.71603",
            "close": "1.71713"
        },
        {
            "time": "16.11.2020 08:53",
            "open": "1.71713",
            "high": "1.71713",
            "low": "1.71713",
            "close": "1.71845"
        },
        {
            "time": "16.11.2020 08:55",
            "open": "1.71845",
            "high": "1.71845",
            "low": "1.71845",
            "close": "1.72038"
        },
        {
            "time": "16.11.2020 09:01",
            "open": "1.72038",
            "high": "1.72038",
            "low": "1.72038",
            "close": "1.719"
        },
        {
            "time": "16.11.2020 09:02",
            "open": "1.719",
            "high": "1.719",
            "low": "1.719",
            "close": "1.72383"
        },
        {
            "time": "16.11.2020 09:16",
            "open": "1.72383",
            "high": "1.72385",
            "low": "1.72383",
            "close": "1.72715"
        },
        {
            "time": "16.11.2020 09:20",
            "open": "1.72715",
            "high": "1.72717",
            "low": "1.72715",
            "close": "1.727"
        },
        {
            "time": "16.11.2020 09:26",
            "open": "1.727",
            "high": "1.727",
            "low": "1.727",
            "close": "1.72311"
        },
        {
            "time": "16.11.2020 09:29",
            "open": "1.72311",
            "high": "1.72311",
            "low": "1.72311",
            "close": "1.72348"
        },
        {
            "time": "16.11.2020 09:30",
            "open": "1.72348",
            "high": "1.72451",
            "low": "1.7225",
            "close": "1.7218"
        },
        {
            "time": "16.11.2020 09:32",
            "open": "1.7218",
            "high": "1.7218",
            "low": "1.7218",
            "close": "1.7205"
        },
        {
            "time": "16.11.2020 09:34",
            "open": "1.7205",
            "high": "1.7205",
            "low": "1.7205",
            "close": "1.7244"
        },
        {
            "time": "16.11.2020 09:35",
            "open": "1.7244",
            "high": "1.7244",
            "low": "1.7244",
            "close": "1.72811"
        },
        {
            "time": "16.11.2020 09:36",
            "open": "1.72811",
            "high": "1.72811",
            "low": "1.72811",
            "close": "1.72634"
        },
        {
            "time": "16.11.2020 09:40",
            "open": "1.72634",
            "high": "1.72634",
            "low": "1.72634",
            "close": "1.7306"
        },
        {
            "time": "16.11.2020 09:48",
            "open": "1.7306",
            "high": "1.7306",
            "low": "1.7306",
            "close": "1.72304"
        },
        {
            "time": "16.11.2020 09:55",
            "open": "1.72304",
            "high": "1.72304",
            "low": "1.72304",
            "close": "1.7245"
        },
        {
            "time": "16.11.2020 09:59",
            "open": "1.7245",
            "high": "1.7245",
            "low": "1.7245",
            "close": "1.72647"
        },
        {
            "time": "16.11.2020 10:00",
            "open": "1.72647",
            "high": "1.72647",
            "low": "1.72647",
            "close": "1.72618"
        },
        {
            "time": "16.11.2020 10:01",
            "open": "1.72618",
            "high": "1.72618",
            "low": "1.72584",
            "close": "1.7257"
        },
        {
            "time": "16.11.2020 10:07",
            "open": "1.7257",
            "high": "1.7257",
            "low": "1.7257",
            "close": "1.7228"
        },
        {
            "time": "16.11.2020 10:19",
            "open": "1.7228",
            "high": "1.7228",
            "low": "1.7228",
            "close": "1.7216"
        },
        {
            "time": "16.11.2020 10:20",
            "open": "1.7216",
            "high": "1.7216",
            "low": "1.7216",
            "close": "1.71894"
        },
        {
            "time": "16.11.2020 10:21",
            "open": "1.71894",
            "high": "1.71894",
            "low": "1.71894",
            "close": "1.7218"
        },
        {
            "time": "16.11.2020 10:22",
            "open": "1.7218",
            "high": "1.7218",
            "low": "1.71896",
            "close": "1.72194"
        },
        {
            "time": "16.11.2020 10:28",
            "open": "1.72194",
            "high": "1.7251",
            "low": "1.72194",
            "close": "1.72429"
        },
        {
            "time": "16.11.2020 10:34",
            "open": "1.72429",
            "high": "1.72432",
            "low": "1.72429",
            "close": "1.72319"
        },
        {
            "time": "16.11.2020 10:38",
            "open": "1.72319",
            "high": "1.725",
            "low": "1.72002",
            "close": "1.722"
        },
        {
            "time": "16.11.2020 10:43",
            "open": "1.722",
            "high": "1.722",
            "low": "1.722",
            "close": "1.72165"
        },
        {
            "time": "16.11.2020 10:45",
            "open": "1.71861",
            "high": "1.71861",
            "low": "1.71861",
            "close": "1.71861"
        },
        {
            "time": "16.11.2020 10:48",
            "open": "1.71861",
            "high": "1.71861",
            "low": "1.71861",
            "close": "1.72127"
        },
        {
            "time": "16.11.2020 10:51",
            "open": "1.72127",
            "high": "1.72127",
            "low": "1.72127",
            "close": "1.7216"
        },
        {
            "time": "16.11.2020 10:57",
            "open": "1.7216",
            "high": "1.723",
            "low": "1.7216",
            "close": "1.72268"
        },
        {
            "time": "16.11.2020 10:58",
            "open": "1.72268",
            "high": "1.72268",
            "low": "1.72268",
            "close": "1.7254"
        },
        {
            "time": "16.11.2020 11:01",
            "open": "1.7254",
            "high": "1.7254",
            "low": "1.72216",
            "close": "1.7255"
        },
        {
            "time": "16.11.2020 11:06",
            "open": "1.7255",
            "high": "1.7255",
            "low": "1.7255",
            "close": "1.7255"
        },
        {
            "time": "16.11.2020 11:07",
            "open": "1.7255",
            "high": "1.7255",
            "low": "1.7255",
            "close": "1.72683"
        },
        {
            "time": "16.11.2020 11:09",
            "open": "1.72683",
            "high": "1.72683",
            "low": "1.72683",
            "close": "1.7264"
        },
        {
            "time": "16.11.2020 11:10",
            "open": "1.7264",
            "high": "1.7267",
            "low": "1.7264",
            "close": "1.7253"
        },
        {
            "time": "16.11.2020 11:12",
            "open": "1.7253",
            "high": "1.7253",
            "low": "1.7253",
            "close": "1.72308"
        },
        {
            "time": "16.11.2020 11:14",
            "open": "1.72308",
            "high": "1.72308",
            "low": "1.722",
            "close": "1.7255"
        },
        {
            "time": "16.11.2020 11:17",
            "open": "1.7255",
            "high": "1.72589",
            "low": "1.7255",
            "close": "1.7307"
        },
        {
            "time": "16.11.2020 11:21",
            "open": "1.7307",
            "high": "1.7307",
            "low": "1.7307",
            "close": "1.7303"
        },
        {
            "time": "16.11.2020 11:22",
            "open": "1.7303",
            "high": "1.7303",
            "low": "1.7303",
            "close": "1.73202"
        },
        {
            "time": "16.11.2020 11:29",
            "open": "1.73202",
            "high": "1.73781",
            "low": "1.73202",
            "close": "1.7345"
        },
        {
            "time": "16.11.2020 11:30",
            "open": "1.7345",
            "high": "1.738",
            "low": "1.73421",
            "close": "1.73151"
        },
        {
            "time": "16.11.2020 11:33",
            "open": "1.73151",
            "high": "1.73151",
            "low": "1.73151",
            "close": "1.7332"
        },
        {
            "time": "16.11.2020 11:36",
            "open": "1.7332",
            "high": "1.7332",
            "low": "1.7332",
            "close": "1.73576"
        },
        {
            "time": "16.11.2020 11:38",
            "open": "1.73576",
            "high": "1.73576",
            "low": "1.73576",
            "close": "1.73576"
        },
        {
            "time": "16.11.2020 11:39",
            "open": "1.73576",
            "high": "1.73576",
            "low": "1.73576",
            "close": "1.73573"
        },
        {
            "time": "16.11.2020 11:42",
            "open": "1.73573",
            "high": "1.74266",
            "low": "1.73573",
            "close": "1.7403"
        },
        {
            "time": "16.11.2020 11:48",
            "open": "1.7403",
            "high": "1.7403",
            "low": "1.7403",
            "close": "1.74156"
        },
        {
            "time": "16.11.2020 11:50",
            "open": "1.74156",
            "high": "1.74156",
            "low": "1.74156",
            "close": "1.74069"
        },
        {
            "time": "16.11.2020 11:52",
            "open": "1.74069",
            "high": "1.74069",
            "low": "1.74069",
            "close": "1.7408"
        },
        {
            "time": "16.11.2020 11:55",
            "open": "1.7408",
            "high": "1.7408",
            "low": "1.7408",
            "close": "1.74272"
        },
        {
            "time": "16.11.2020 11:59",
            "open": "1.74272",
            "high": "1.74272",
            "low": "1.74272",
            "close": "1.74134"
        },
        {
            "time": "16.11.2020 12:01",
            "open": "1.74134",
            "high": "1.74134",
            "low": "1.74115",
            "close": "1.74088"
        },
        {
            "time": "16.11.2020 12:05",
            "open": "1.74088",
            "high": "1.74088",
            "low": "1.74088",
            "close": "1.73523"
        },
        {
            "time": "16.11.2020 12:17",
            "open": "1.73523",
            "high": "1.7368",
            "low": "1.72",
            "close": "1.72268"
        },
        {
            "time": "16.11.2020 12:18",
            "open": "1.72268",
            "high": "1.7227",
            "low": "1.72268",
            "close": "1.73333"
        },
        {
            "time": "16.11.2020 12:26",
            "open": "1.73333",
            "high": "1.73382",
            "low": "1.73333",
            "close": "1.73348"
        },
        {
            "time": "16.11.2020 12:27",
            "open": "1.73348",
            "high": "1.73348",
            "low": "1.73348",
            "close": "1.73395"
        },
        {
            "time": "16.11.2020 12:28",
            "open": "1.73395",
            "high": "1.73397",
            "low": "1.73395",
            "close": "1.73293"
        },
        {
            "time": "16.11.2020 12:30",
            "open": "1.73293",
            "high": "1.73293",
            "low": "1.73293",
            "close": "1.729"
        },
        {
            "time": "16.11.2020 12:32",
            "open": "1.729",
            "high": "1.729",
            "low": "1.729",
            "close": "1.72909"
        },
        {
            "time": "16.11.2020 12:34",
            "open": "1.72909",
            "high": "1.72909",
            "low": "1.72909",
            "close": "1.73295"
        },
        {
            "time": "16.11.2020 12:39",
            "open": "1.73295",
            "high": "1.73295",
            "low": "1.73295",
            "close": "1.73273"
        },
        {
            "time": "16.11.2020 12:43",
            "open": "1.73273",
            "high": "1.73273",
            "low": "1.73273",
            "close": "1.73174"
        },
        {
            "time": "16.11.2020 12:48",
            "open": "1.73174",
            "high": "1.73174",
            "low": "1.73174",
            "close": "1.73274"
        },
        {
            "time": "16.11.2020 12:50",
            "open": "1.73274",
            "high": "1.73274",
            "low": "1.72959",
            "close": "1.72835"
        },
        {
            "time": "16.11.2020 13:01",
            "open": "1.72835",
            "high": "1.72835",
            "low": "1.72835",
            "close": "1.72852"
        },
        {
            "time": "16.11.2020 13:03",
            "open": "1.72852",
            "high": "1.73106",
            "low": "1.72852",
            "close": "1.72972"
        },
        {
            "time": "16.11.2020 13:04",
            "open": "1.72972",
            "high": "1.72974",
            "low": "1.72972",
            "close": "1.72391"
        },
        {
            "time": "16.11.2020 13:05",
            "open": "1.72391",
            "high": "1.72396",
            "low": "1.72391",
            "close": "1.72625"
        },
        {
            "time": "16.11.2020 13:06",
            "open": "1.72625",
            "high": "1.72625",
            "low": "1.72218",
            "close": "1.72578"
        },
        {
            "time": "16.11.2020 13:07",
            "open": "1.72578",
            "high": "1.72578",
            "low": "1.72578",
            "close": "1.72443"
        },
        {
            "time": "16.11.2020 13:09",
            "open": "1.72443",
            "high": "1.72443",
            "low": "1.72443",
            "close": "1.7219"
        },
        {
            "time": "16.11.2020 13:11",
            "open": "1.7219",
            "high": "1.7219",
            "low": "1.7219",
            "close": "1.72761"
        },
        {
            "time": "16.11.2020 13:16",
            "open": "1.72761",
            "high": "1.72761",
            "low": "1.72761",
            "close": "1.72761"
        },
        {
            "time": "16.11.2020 13:18",
            "open": "1.72761",
            "high": "1.72882",
            "low": "1.72638",
            "close": "1.72628"
        },
        {
            "time": "16.11.2020 13:19",
            "open": "1.72628",
            "high": "1.72628",
            "low": "1.72628",
            "close": "1.72884"
        },
        {
            "time": "16.11.2020 13:20",
            "open": "1.72884",
            "high": "1.72884",
            "low": "1.72884",
            "close": "1.72884"
        },
        {
            "time": "16.11.2020 13:23",
            "open": "1.72884",
            "high": "1.72884",
            "low": "1.72884",
            "close": "1.72978"
        },
        {
            "time": "16.11.2020 13:25",
            "open": "1.72978",
            "high": "1.72978",
            "low": "1.72978",
            "close": "1.7288"
        },
        {
            "time": "16.11.2020 13:26",
            "open": "1.7288",
            "high": "1.7288",
            "low": "1.72864",
            "close": "1.72817"
        },
        {
            "time": "16.11.2020 13:27",
            "open": "1.72817",
            "high": "1.72817",
            "low": "1.72817",
            "close": "1.73136"
        },
        {
            "time": "16.11.2020 13:29",
            "open": "1.73136",
            "high": "1.73176",
            "low": "1.73136",
            "close": "1.72987"
        },
        {
            "time": "16.11.2020 13:34",
            "open": "1.72987",
            "high": "1.72987",
            "low": "1.72987",
            "close": "1.7294"
        },
        {
            "time": "16.11.2020 13:35",
            "open": "1.7294",
            "high": "1.72948",
            "low": "1.7294",
            "close": "1.72375"
        },
        {
            "time": "16.11.2020 13:38",
            "open": "1.72375",
            "high": "1.72375",
            "low": "1.72357",
            "close": "1.7265"
        },
        {
            "time": "16.11.2020 13:40",
            "open": "1.7265",
            "high": "1.72652",
            "low": "1.7265",
            "close": "1.72652"
        },
        {
            "time": "16.11.2020 13:41",
            "open": "1.72652",
            "high": "1.72652",
            "low": "1.72652",
            "close": "1.72652"
        },
        {
            "time": "16.11.2020 13:42",
            "open": "1.72652",
            "high": "1.72652",
            "low": "1.72652",
            "close": "1.72641"
        },
        {
            "time": "16.11.2020 13:43",
            "open": "1.72641",
            "high": "1.72641",
            "low": "1.72641",
            "close": "1.72821"
        },
        {
            "time": "16.11.2020 13:56",
            "open": "1.72821",
            "high": "1.72821",
            "low": "1.72821",
            "close": "1.72555"
        },
        {
            "time": "16.11.2020 13:57",
            "open": "1.72555",
            "high": "1.72555",
            "low": "1.72555",
            "close": "1.72669"
        },
        {
            "time": "16.11.2020 13:58",
            "open": "1.72669",
            "high": "1.72669",
            "low": "1.72669",
            "close": "1.72943"
        },
        {
            "time": "16.11.2020 14:06",
            "open": "1.72943",
            "high": "1.72943",
            "low": "1.72943",
            "close": "1.72947"
        },
        {
            "time": "16.11.2020 14:08",
            "open": "1.72947",
            "high": "1.72947",
            "low": "1.72947",
            "close": "1.72628"
        },
        {
            "time": "16.11.2020 14:09",
            "open": "1.72628",
            "high": "1.72628",
            "low": "1.72628",
            "close": "1.7291"
        },
        {
            "time": "16.11.2020 14:10",
            "open": "1.7291",
            "high": "1.7291",
            "low": "1.7291",
            "close": "1.72909"
        },
        {
            "time": "16.11.2020 14:23",
            "open": "1.72909",
            "high": "1.72909",
            "low": "1.72909",
            "close": "1.72566"
        },
        {
            "time": "16.11.2020 14:25",
            "open": "1.72566",
            "high": "1.72566",
            "low": "1.72566",
            "close": "1.72796"
        },
        {
            "time": "16.11.2020 14:26",
            "open": "1.72796",
            "high": "1.72796",
            "low": "1.72796",
            "close": "1.72923"
        },
        {
            "time": "16.11.2020 14:28",
            "open": "1.72923",
            "high": "1.72923",
            "low": "1.72923",
            "close": "1.73027"
        },
        {
            "time": "16.11.2020 14:33",
            "open": "1.73027",
            "high": "1.73027",
            "low": "1.73027",
            "close": "1.73502"
        },
        {
            "time": "16.11.2020 14:36",
            "open": "1.73502",
            "high": "1.73502",
            "low": "1.73502",
            "close": "1.73868"
        },
        {
            "time": "16.11.2020 14:37",
            "open": "1.73868",
            "high": "1.73868",
            "low": "1.73868",
            "close": "1.73781"
        },
        {
            "time": "16.11.2020 14:38",
            "open": "1.73781",
            "high": "1.73781",
            "low": "1.73781",
            "close": "1.7397"
        },
        {
            "time": "16.11.2020 14:40",
            "open": "1.7397",
            "high": "1.7397",
            "low": "1.7397",
            "close": "1.74"
        },
        {
            "time": "16.11.2020 14:41",
            "open": "1.74",
            "high": "1.74",
            "low": "1.74",
            "close": "1.74298"
        },
        {
            "time": "16.11.2020 14:42",
            "open": "1.74298",
            "high": "1.74298",
            "low": "1.74298",
            "close": "1.74296"
        },
        {
            "time": "16.11.2020 14:43",
            "open": "1.74296",
            "high": "1.74385",
            "low": "1.74296",
            "close": "1.74599"
        },
        {
            "time": "16.11.2020 14:45",
            "open": "1.74599",
            "high": "1.746",
            "low": "1.74595",
            "close": "1.74223"
        },
        {
            "time": "16.11.2020 14:48",
            "open": "1.74223",
            "high": "1.74223",
            "low": "1.73966",
            "close": "1.73527"
        },
        {
            "time": "16.11.2020 14:50",
            "open": "1.73527",
            "high": "1.73527",
            "low": "1.73527",
            "close": "1.74042"
        },
        {
            "time": "16.11.2020 14:52",
            "open": "1.74042",
            "high": "1.74042",
            "low": "1.74042",
            "close": "1.74035"
        },
        {
            "time": "16.11.2020 14:54",
            "open": "1.74035",
            "high": "1.74035",
            "low": "1.74035",
            "close": "1.74195"
        },
        {
            "time": "16.11.2020 14:56",
            "open": "1.74195",
            "high": "1.74195",
            "low": "1.73879",
            "close": "1.74356"
        },
        {
            "time": "16.11.2020 14:57",
            "open": "1.74356",
            "high": "1.74356",
            "low": "1.74356",
            "close": "1.74036"
        },
        {
            "time": "16.11.2020 14:59",
            "open": "1.74036",
            "high": "1.74036",
            "low": "1.74036",
            "close": "1.74041"
        },
        {
            "time": "16.11.2020 15:00",
            "open": "1.74041",
            "high": "1.74463",
            "low": "1.74041",
            "close": "1.74463"
        },
        {
            "time": "16.11.2020 15:01",
            "open": "1.74463",
            "high": "1.74463",
            "low": "1.74463",
            "close": "1.746"
        },
        {
            "time": "16.11.2020 15:03",
            "open": "1.746",
            "high": "1.746",
            "low": "1.746",
            "close": "1.74923"
        },
        {
            "time": "16.11.2020 15:05",
            "open": "1.74923",
            "high": "1.74925",
            "low": "1.74923",
            "close": "1.74913"
        },
        {
            "time": "16.11.2020 15:06",
            "open": "1.74913",
            "high": "1.74913",
            "low": "1.74913",
            "close": "1.74792"
        },
        {
            "time": "16.11.2020 15:08",
            "open": "1.74792",
            "high": "1.74792",
            "low": "1.74792",
            "close": "1.74656"
        },
        {
            "time": "16.11.2020 15:09",
            "open": "1.74656",
            "high": "1.7676",
            "low": "1.74656",
            "close": "1.747"
        },
        {
            "time": "16.11.2020 15:10",
            "open": "1.747",
            "high": "1.75139",
            "low": "1.747",
            "close": "1.75034"
        },
        {
            "time": "16.11.2020 15:11",
            "open": "1.75034",
            "high": "1.75034",
            "low": "1.75034",
            "close": "1.74834"
        },
        {
            "time": "16.11.2020 15:14",
            "open": "1.74834",
            "high": "1.75186",
            "low": "1.74834",
            "close": "1.75281"
        },
        {
            "time": "16.11.2020 15:15",
            "open": "1.75281",
            "high": "1.75281",
            "low": "1.75281",
            "close": "1.75363"
        },
        {
            "time": "16.11.2020 15:17",
            "open": "1.75363",
            "high": "1.75363",
            "low": "1.75363",
            "close": "1.75548"
        },
        {
            "time": "16.11.2020 15:18",
            "open": "1.75548",
            "high": "1.75707",
            "low": "1.75548",
            "close": "1.75649"
        },
        {
            "time": "16.11.2020 15:20",
            "open": "1.75649",
            "high": "1.75649",
            "low": "1.75649",
            "close": "1.75676"
        },
        {
            "time": "16.11.2020 15:21",
            "open": "1.75676",
            "high": "1.75676",
            "low": "1.75676",
            "close": "1.75731"
        },
        {
            "time": "16.11.2020 15:26",
            "open": "1.75731",
            "high": "1.75733",
            "low": "1.75731",
            "close": "1.75841"
        },
        {
            "time": "16.11.2020 15:27",
            "open": "1.75841",
            "high": "1.76294",
            "low": "1.75841",
            "close": "1.76279"
        },
        {
            "time": "16.11.2020 15:28",
            "open": "1.76279",
            "high": "1.76279",
            "low": "1.76279",
            "close": "1.75889"
        },
        {
            "time": "16.11.2020 15:32",
            "open": "1.75889",
            "high": "1.75889",
            "low": "1.75889",
            "close": "1.75748"
        },
        {
            "time": "16.11.2020 15:33",
            "open": "1.75748",
            "high": "1.75748",
            "low": "1.75629",
            "close": "1.75102"
        },
        {
            "time": "16.11.2020 15:34",
            "open": "1.75102",
            "high": "1.75162",
            "low": "1.75102",
            "close": "1.75173"
        },
        {
            "time": "16.11.2020 15:35",
            "open": "1.75173",
            "high": "1.75173",
            "low": "1.75173",
            "close": "1.756"
        },
        {
            "time": "16.11.2020 15:36",
            "open": "1.756",
            "high": "1.756",
            "low": "1.756",
            "close": "1.7538"
        },
        {
            "time": "16.11.2020 15:40",
            "open": "1.7538",
            "high": "1.7538",
            "low": "1.7538",
            "close": "1.75552"
        },
        {
            "time": "16.11.2020 15:41",
            "open": "1.75552",
            "high": "1.75552",
            "low": "1.75334",
            "close": "1.75585"
        },
        {
            "time": "16.11.2020 15:42",
            "open": "1.75585",
            "high": "1.75585",
            "low": "1.75585",
            "close": "1.75886"
        },
        {
            "time": "16.11.2020 15:43",
            "open": "1.75886",
            "high": "1.75886",
            "low": "1.75588",
            "close": "1.76059"
        },
        {
            "time": "16.11.2020 15:45",
            "open": "1.76059",
            "high": "1.76059",
            "low": "1.76001",
            "close": "1.76002"
        },
        {
            "time": "16.11.2020 15:47",
            "open": "1.76002",
            "high": "1.76002",
            "low": "1.76002",
            "close": "1.76001"
        },
        {
            "time": "16.11.2020 15:48",
            "open": "1.76001",
            "high": "1.76001",
            "low": "1.75563",
            "close": "1.75502"
        },
        {
            "time": "16.11.2020 15:49",
            "open": "1.75502",
            "high": "1.75503",
            "low": "1.75502",
            "close": "1.75336"
        },
        {
            "time": "16.11.2020 15:50",
            "open": "1.75336",
            "high": "1.75336",
            "low": "1.75336",
            "close": "1.75462"
        },
        {
            "time": "16.11.2020 15:51",
            "open": "1.75462",
            "high": "1.75462",
            "low": "1.75395",
            "close": "1.75814"
        },
        {
            "time": "16.11.2020 15:53",
            "open": "1.75814",
            "high": "1.75859",
            "low": "1.75814",
            "close": "1.76259"
        },
        {
            "time": "16.11.2020 15:56",
            "open": "1.76259",
            "high": "1.76259",
            "low": "1.76259",
            "close": "1.76249"
        },
        {
            "time": "16.11.2020 15:57",
            "open": "1.76249",
            "high": "1.76249",
            "low": "1.76249",
            "close": "1.76328"
        },
        {
            "time": "16.11.2020 16:03",
            "open": "1.76328",
            "high": "1.76328",
            "low": "1.7629",
            "close": "1.76545"
        },
        {
            "time": "16.11.2020 16:05",
            "open": "1.76545",
            "high": "1.76545",
            "low": "1.76545",
            "close": "1.76728"
        },
        {
            "time": "16.11.2020 16:06",
            "open": "1.76728",
            "high": "1.76728",
            "low": "1.76728",
            "close": "1.76582"
        },
        {
            "time": "16.11.2020 16:07",
            "open": "1.76582",
            "high": "1.76585",
            "low": "1.76582",
            "close": "1.76545"
        },
        {
            "time": "16.11.2020 16:10",
            "open": "1.76545",
            "high": "1.76545",
            "low": "1.76545",
            "close": "1.76298"
        },
        {
            "time": "16.11.2020 16:12",
            "open": "1.76298",
            "high": "1.76298",
            "low": "1.76292",
            "close": "1.76155"
        },
        {
            "time": "16.11.2020 16:13",
            "open": "1.76155",
            "high": "1.76155",
            "low": "1.76155",
            "close": "1.76155"
        },
        {
            "time": "16.11.2020 16:14",
            "open": "1.76155",
            "high": "1.76155",
            "low": "1.76155",
            "close": "1.76148"
        },
        {
            "time": "16.11.2020 16:16",
            "open": "1.76148",
            "high": "1.76148",
            "low": "1.76148",
            "close": "1.76092"
        },
        {
            "time": "16.11.2020 16:18",
            "open": "1.76092",
            "high": "1.76275",
            "low": "1.76092",
            "close": "1.76254"
        },
        {
            "time": "16.11.2020 16:19",
            "open": "1.76254",
            "high": "1.76254",
            "low": "1.76216",
            "close": "1.76217"
        },
        {
            "time": "16.11.2020 16:20",
            "open": "1.76217",
            "high": "1.76499",
            "low": "1.76217",
            "close": "1.764"
        },
        {
            "time": "16.11.2020 16:24",
            "open": "1.764",
            "high": "1.764",
            "low": "1.764",
            "close": "1.76056"
        },
        {
            "time": "16.11.2020 16:25",
            "open": "1.76056",
            "high": "1.76056",
            "low": "1.76056",
            "close": "1.76314"
        },
        {
            "time": "16.11.2020 16:26",
            "open": "1.76314",
            "high": "1.76316",
            "low": "1.76058",
            "close": "1.7625"
        },
        {
            "time": "16.11.2020 16:31",
            "open": "1.7625",
            "high": "1.7625",
            "low": "1.7625",
            "close": "1.7625"
        },
        {
            "time": "16.11.2020 16:32",
            "open": "1.7625",
            "high": "1.76581",
            "low": "1.7625",
            "close": "1.76667"
        },
        {
            "time": "16.11.2020 16:33",
            "open": "1.76667",
            "high": "1.76667",
            "low": "1.76667",
            "close": "1.7688"
        },
        {
            "time": "16.11.2020 16:37",
            "open": "1.7688",
            "high": "1.7688",
            "low": "1.7688",
            "close": "1.76269"
        },
        {
            "time": "16.11.2020 16:38",
            "open": "1.76269",
            "high": "1.76269",
            "low": "1.76269",
            "close": "1.76113"
        },
        {
            "time": "16.11.2020 16:39",
            "open": "1.76113",
            "high": "1.76113",
            "low": "1.76113",
            "close": "1.76431"
        },
        {
            "time": "16.11.2020 16:40",
            "open": "1.76431",
            "high": "1.76431",
            "low": "1.76431",
            "close": "1.76246"
        },
        {
            "time": "16.11.2020 16:42",
            "open": "1.76246",
            "high": "1.76246",
            "low": "1.76246",
            "close": "1.75925"
        },
        {
            "time": "16.11.2020 16:46",
            "open": "1.75925",
            "high": "1.75925",
            "low": "1.75925",
            "close": "1.75912"
        },
        {
            "time": "16.11.2020 16:47",
            "open": "1.75912",
            "high": "1.75912",
            "low": "1.75912",
            "close": "1.75691"
        },
        {
            "time": "16.11.2020 16:48",
            "open": "1.75691",
            "high": "1.75691",
            "low": "1.75691",
            "close": "1.75941"
        },
        {
            "time": "16.11.2020 16:51",
            "open": "1.75941",
            "high": "1.76039",
            "low": "1.75941",
            "close": "1.76709"
        },
        {
            "time": "16.11.2020 17:01",
            "open": "1.76709",
            "high": "1.76709",
            "low": "1.76709",
            "close": "1.765"
        },
        {
            "time": "16.11.2020 17:03",
            "open": "1.765",
            "high": "1.765",
            "low": "1.765",
            "close": "1.765"
        },
        {
            "time": "16.11.2020 17:04",
            "open": "1.765",
            "high": "1.765",
            "low": "1.765",
            "close": "1.77"
        },
        {
            "time": "16.11.2020 17:05",
            "open": "1.77",
            "high": "1.77",
            "low": "1.77",
            "close": "1.75556"
        },
        {
            "time": "16.11.2020 17:08",
            "open": "1.75556",
            "high": "1.75556",
            "low": "1.75556",
            "close": "1.75728"
        },
        {
            "time": "16.11.2020 17:09",
            "open": "1.75728",
            "high": "1.75728",
            "low": "1.75728",
            "close": "1.76481"
        },
        {
            "time": "16.11.2020 17:12",
            "open": "1.76481",
            "high": "1.76481",
            "low": "1.76481",
            "close": "1.76179"
        },
        {
            "time": "16.11.2020 17:13",
            "open": "1.76179",
            "high": "1.76179",
            "low": "1.76179",
            "close": "1.76676"
        },
        {
            "time": "16.11.2020 17:15",
            "open": "1.76676",
            "high": "1.76679",
            "low": "1.76676",
            "close": "1.76784"
        },
        {
            "time": "16.11.2020 17:16",
            "open": "1.76784",
            "high": "1.76794",
            "low": "1.76781",
            "close": "1.76533"
        },
        {
            "time": "16.11.2020 17:20",
            "open": "1.76533",
            "high": "1.76533",
            "low": "1.76335",
            "close": "1.76956"
        },
        {
            "time": "16.11.2020 17:22",
            "open": "1.76956",
            "high": "1.76956",
            "low": "1.76956",
            "close": "1.76741"
        },
        {
            "time": "16.11.2020 17:23",
            "open": "1.76741",
            "high": "1.76741",
            "low": "1.76741",
            "close": "1.76984"
        },
        {
            "time": "16.11.2020 17:24",
            "open": "1.76984",
            "high": "1.76984",
            "low": "1.76984",
            "close": "1.76886"
        },
        {
            "time": "16.11.2020 17:25",
            "open": "1.76886",
            "high": "1.76886",
            "low": "1.76856",
            "close": "1.76741"
        },
        {
            "time": "16.11.2020 17:26",
            "open": "1.76741",
            "high": "1.76741",
            "low": "1.76698",
            "close": "1.76414"
        },
        {
            "time": "16.11.2020 17:31",
            "open": "1.76414",
            "high": "1.76414",
            "low": "1.76414",
            "close": "1.76365"
        },
        {
            "time": "16.11.2020 17:34",
            "open": "1.76365",
            "high": "1.76772",
            "low": "1.76301",
            "close": "1.76767"
        },
        {
            "time": "16.11.2020 17:35",
            "open": "1.76767",
            "high": "1.76767",
            "low": "1.76767",
            "close": "1.76046"
        },
        {
            "time": "16.11.2020 17:37",
            "open": "1.76046",
            "high": "1.76046",
            "low": "1.76046",
            "close": "1.76046"
        },
        {
            "time": "16.11.2020 17:38",
            "open": "1.76046",
            "high": "1.76046",
            "low": "1.75876",
            "close": "1.75892"
        },
        {
            "time": "16.11.2020 17:50",
            "open": "1.75892",
            "high": "1.76046",
            "low": "1.75788",
            "close": "1.75917"
        },
        {
            "time": "16.11.2020 17:51",
            "open": "1.75917",
            "high": "1.75917",
            "low": "1.75767",
            "close": "1.75823"
        },
        {
            "time": "16.11.2020 17:55",
            "open": "1.75823",
            "high": "1.75823",
            "low": "1.75823",
            "close": "1.76339"
        },
        {
            "time": "16.11.2020 17:56",
            "open": "1.76339",
            "high": "1.76339",
            "low": "1.76339",
            "close": "1.76034"
        },
        {
            "time": "16.11.2020 17:57",
            "open": "1.76034",
            "high": "1.76034",
            "low": "1.76034",
            "close": "1.76034"
        },
        {
            "time": "16.11.2020 17:59",
            "open": "1.76034",
            "high": "1.76034",
            "low": "1.76034",
            "close": "1.76077"
        },
        {
            "time": "16.11.2020 18:00",
            "open": "1.76077",
            "high": "1.76262",
            "low": "1.76077",
            "close": "1.76267"
        },
        {
            "time": "16.11.2020 18:03",
            "open": "1.76267",
            "high": "1.76267",
            "low": "1.75953",
            "close": "1.76257"
        },
        {
            "time": "16.11.2020 18:05",
            "open": "1.76257",
            "high": "1.76257",
            "low": "1.76257",
            "close": "1.76374"
        },
        {
            "time": "16.11.2020 18:06",
            "open": "1.76374",
            "high": "1.76374",
            "low": "1.76374",
            "close": "1.76357"
        },
        {
            "time": "16.11.2020 18:07",
            "open": "1.76357",
            "high": "1.76357",
            "low": "1.76357",
            "close": "1.76357"
        },
        {
            "time": "16.11.2020 18:09",
            "open": "1.76357",
            "high": "1.76357",
            "low": "1.76357",
            "close": "1.76632"
        },
        {
            "time": "16.11.2020 18:12",
            "open": "1.76632",
            "high": "1.76632",
            "low": "1.76632",
            "close": "1.76626"
        },
        {
            "time": "16.11.2020 18:13",
            "open": "1.76626",
            "high": "1.76626",
            "low": "1.76626",
            "close": "1.76686"
        },
        {
            "time": "16.11.2020 18:14",
            "open": "1.76686",
            "high": "1.76687",
            "low": "1.76686",
            "close": "1.76684"
        },
        {
            "time": "16.11.2020 18:15",
            "open": "1.76684",
            "high": "1.76684",
            "low": "1.76338",
            "close": "1.75968"
        },
        {
            "time": "16.11.2020 18:17",
            "open": "1.75968",
            "high": "1.75968",
            "low": "1.75968",
            "close": "1.76233"
        },
        {
            "time": "16.11.2020 18:19",
            "open": "1.76233",
            "high": "1.76233",
            "low": "1.76233",
            "close": "1.76233"
        },
        {
            "time": "16.11.2020 18:21",
            "open": "1.76233",
            "high": "1.76233",
            "low": "1.76233",
            "close": "1.76592"
        },
        {
            "time": "16.11.2020 18:22",
            "open": "1.76592",
            "high": "1.76594",
            "low": "1.76592",
            "close": "1.76207"
        },
        {
            "time": "16.11.2020 18:25",
            "open": "1.76207",
            "high": "1.76553",
            "low": "1.76207",
            "close": "1.7657"
        },
        {
            "time": "16.11.2020 18:29",
            "open": "1.7657",
            "high": "1.7657",
            "low": "1.7657",
            "close": "1.76635"
        },
        {
            "time": "16.11.2020 18:37",
            "open": "1.76635",
            "high": "1.76635",
            "low": "1.76635",
            "close": "1.76543"
        },
        {
            "time": "16.11.2020 18:44",
            "open": "1.76543",
            "high": "1.76543",
            "low": "1.76242",
            "close": "1.7668"
        },
        {
            "time": "16.11.2020 18:47",
            "open": "1.7668",
            "high": "1.7668",
            "low": "1.7668",
            "close": "1.76401"
        },
        {
            "time": "16.11.2020 18:49",
            "open": "1.76401",
            "high": "1.76401",
            "low": "1.76401",
            "close": "1.76445"
        },
        {
            "time": "16.11.2020 18:51",
            "open": "1.76445",
            "high": "1.76445",
            "low": "1.76445",
            "close": "1.76592"
        },
        {
            "time": "16.11.2020 18:54",
            "open": "1.76592",
            "high": "1.766",
            "low": "1.76586",
            "close": "1.76702"
        },
        {
            "time": "16.11.2020 18:57",
            "open": "1.76702",
            "high": "1.76702",
            "low": "1.76702",
            "close": "1.76507"
        },
        {
            "time": "16.11.2020 18:59",
            "open": "1.76507",
            "high": "1.76507",
            "low": "1.76507",
            "close": "1.76615"
        },
        {
            "time": "16.11.2020 19:04",
            "open": "1.76615",
            "high": "1.76686",
            "low": "1.76615",
            "close": "1.76002"
        },
        {
            "time": "16.11.2020 19:09",
            "open": "1.76002",
            "high": "1.76002",
            "low": "1.76002",
            "close": "1.76161"
        },
        {
            "time": "16.11.2020 19:10",
            "open": "1.76161",
            "high": "1.76568",
            "low": "1.76161",
            "close": "1.76484"
        },
        {
            "time": "16.11.2020 19:13",
            "open": "1.76484",
            "high": "1.76484",
            "low": "1.76484",
            "close": "1.76495"
        },
        {
            "time": "16.11.2020 19:14",
            "open": "1.76495",
            "high": "1.76531",
            "low": "1.76495",
            "close": "1.76634"
        },
        {
            "time": "16.11.2020 19:15",
            "open": "1.76634",
            "high": "1.76634",
            "low": "1.76634",
            "close": "1.76629"
        },
        {
            "time": "16.11.2020 19:19",
            "open": "1.76629",
            "high": "1.76629",
            "low": "1.76217",
            "close": "1.76544"
        },
        {
            "time": "16.11.2020 19:23",
            "open": "1.76544",
            "high": "1.76544",
            "low": "1.76542",
            "close": "1.76383"
        },
        {
            "time": "16.11.2020 19:26",
            "open": "1.76383",
            "high": "1.76383",
            "low": "1.76383",
            "close": "1.76383"
        },
        {
            "time": "16.11.2020 19:27",
            "open": "1.76383",
            "high": "1.76383",
            "low": "1.76383",
            "close": "1.76"
        },
        {
            "time": "16.11.2020 19:30",
            "open": "1.76",
            "high": "1.76274",
            "low": "1.76",
            "close": "1.76"
        },
        {
            "time": "16.11.2020 19:32",
            "open": "1.76",
            "high": "1.76287",
            "low": "1.76",
            "close": "1.76179"
        },
        {
            "time": "16.11.2020 19:33",
            "open": "1.76179",
            "high": "1.76179",
            "low": "1.75702",
            "close": "1.76173"
        },
        {
            "time": "16.11.2020 19:34",
            "open": "1.76173",
            "high": "1.76173",
            "low": "1.76173",
            "close": "1.75868"
        },
        {
            "time": "16.11.2020 19:35",
            "open": "1.75868",
            "high": "1.75868",
            "low": "1.75868",
            "close": "1.76191"
        },
        {
            "time": "16.11.2020 19:37",
            "open": "1.76191",
            "high": "1.76191",
            "low": "1.76191",
            "close": "1.76189"
        },
        {
            "time": "16.11.2020 19:38",
            "open": "1.76189",
            "high": "1.76189",
            "low": "1.76189",
            "close": "1.76186"
        },
        {
            "time": "16.11.2020 19:41",
            "open": "1.76186",
            "high": "1.76186",
            "low": "1.76047",
            "close": "1.76073"
        },
        {
            "time": "16.11.2020 19:42",
            "open": "1.76073",
            "high": "1.76075",
            "low": "1.76073",
            "close": "1.76137"
        },
        {
            "time": "16.11.2020 19:47",
            "open": "1.76137",
            "high": "1.76137",
            "low": "1.76125",
            "close": "1.75757"
        },
        {
            "time": "16.11.2020 19:49",
            "open": "1.75757",
            "high": "1.75757",
            "low": "1.75757",
            "close": "1.75773"
        },
        {
            "time": "16.11.2020 19:50",
            "open": "1.75773",
            "high": "1.76117",
            "low": "1.75773",
            "close": "1.75886"
        },
        {
            "time": "16.11.2020 19:51",
            "open": "1.75886",
            "high": "1.76192",
            "low": "1.75886",
            "close": "1.76028"
        },
        {
            "time": "16.11.2020 19:52",
            "open": "1.76028",
            "high": "1.76028",
            "low": "1.76028",
            "close": "1.7615"
        },
        {
            "time": "16.11.2020 19:54",
            "open": "1.7615",
            "high": "1.76202",
            "low": "1.75806",
            "close": "1.75807"
        },
        {
            "time": "16.11.2020 19:55",
            "open": "1.75807",
            "high": "1.75807",
            "low": "1.75806",
            "close": "1.76216"
        },
        {
            "time": "16.11.2020 19:56",
            "open": "1.76216",
            "high": "1.76216",
            "low": "1.75858",
            "close": "1.76201"
        },
        {
            "time": "16.11.2020 19:57",
            "open": "1.76201",
            "high": "1.76309",
            "low": "1.76201",
            "close": "1.75928"
        },
        {
            "time": "16.11.2020 19:58",
            "open": "1.75928",
            "high": "1.75928",
            "low": "1.75928",
            "close": "1.76088"
        },
        {
            "time": "16.11.2020 20:00",
            "open": "1.76088",
            "high": "1.76088",
            "low": "1.76088",
            "close": "1.76257"
        },
        {
            "time": "16.11.2020 20:03",
            "open": "1.76257",
            "high": "1.76257",
            "low": "1.76257",
            "close": "1.7605"
        },
        {
            "time": "16.11.2020 20:04",
            "open": "1.7605",
            "high": "1.7605",
            "low": "1.7605",
            "close": "1.76075"
        },
        {
            "time": "16.11.2020 20:06",
            "open": "1.76075",
            "high": "1.76075",
            "low": "1.76075",
            "close": "1.75727"
        },
        {
            "time": "16.11.2020 20:09",
            "open": "1.75727",
            "high": "1.75727",
            "low": "1.75727",
            "close": "1.7585"
        },
        {
            "time": "16.11.2020 20:14",
            "open": "1.7585",
            "high": "1.76062",
            "low": "1.7585",
            "close": "1.75977"
        },
        {
            "time": "16.11.2020 20:15",
            "open": "1.75977",
            "high": "1.75977",
            "low": "1.75977",
            "close": "1.75921"
        },
        {
            "time": "16.11.2020 20:16",
            "open": "1.75921",
            "high": "1.76106",
            "low": "1.7567",
            "close": "1.76049"
        },
        {
            "time": "16.11.2020 20:17",
            "open": "1.76049",
            "high": "1.76049",
            "low": "1.76049",
            "close": "1.76106"
        },
        {
            "time": "16.11.2020 20:18",
            "open": "1.76106",
            "high": "1.76106",
            "low": "1.76106",
            "close": "1.76004"
        },
        {
            "time": "16.11.2020 20:20",
            "open": "1.76004",
            "high": "1.76004",
            "low": "1.76004",
            "close": "1.75664"
        },
        {
            "time": "16.11.2020 20:24",
            "open": "1.75664",
            "high": "1.75664",
            "low": "1.7566",
            "close": "1.75526"
        },
        {
            "time": "16.11.2020 20:27",
            "open": "1.75526",
            "high": "1.75562",
            "low": "1.75526",
            "close": "1.7561"
        },
        {
            "time": "16.11.2020 20:31",
            "open": "1.7561",
            "high": "1.7561",
            "low": "1.7561",
            "close": "1.75891"
        },
        {
            "time": "16.11.2020 20:34",
            "open": "1.75891",
            "high": "1.75891",
            "low": "1.75891",
            "close": "1.75854"
        },
        {
            "time": "16.11.2020 20:39",
            "open": "1.75854",
            "high": "1.75854",
            "low": "1.75521",
            "close": "1.75649"
        },
        {
            "time": "16.11.2020 20:41",
            "open": "1.75649",
            "high": "1.75701",
            "low": "1.75649",
            "close": "1.7568"
        },
        {
            "time": "16.11.2020 20:42",
            "open": "1.7568",
            "high": "1.7568",
            "low": "1.75399",
            "close": "1.75699"
        },
        {
            "time": "16.11.2020 20:43",
            "open": "1.75699",
            "high": "1.75699",
            "low": "1.75699",
            "close": "1.75701"
        },
        {
            "time": "16.11.2020 20:44",
            "open": "1.75701",
            "high": "1.75701",
            "low": "1.75701",
            "close": "1.75835"
        },
        {
            "time": "16.11.2020 20:46",
            "open": "1.75835",
            "high": "1.75835",
            "low": "1.75835",
            "close": "1.75929"
        },
        {
            "time": "16.11.2020 20:47",
            "open": "1.75929",
            "high": "1.75929",
            "low": "1.75926",
            "close": "1.75494"
        },
        {
            "time": "16.11.2020 20:49",
            "open": "1.75494",
            "high": "1.75987",
            "low": "1.75494",
            "close": "1.75504"
        },
        {
            "time": "16.11.2020 20:50",
            "open": "1.75504",
            "high": "1.75504",
            "low": "1.75504",
            "close": "1.75876"
        },
        {
            "time": "16.11.2020 20:53",
            "open": "1.75876",
            "high": "1.75876",
            "low": "1.75876",
            "close": "1.75843"
        },
        {
            "time": "16.11.2020 20:54",
            "open": "1.75843",
            "high": "1.75843",
            "low": "1.75843",
            "close": "1.755"
        },
        {
            "time": "16.11.2020 20:56",
            "open": "1.755",
            "high": "1.755",
            "low": "1.755",
            "close": "1.75587"
        },
        {
            "time": "16.11.2020 21:03",
            "open": "1.75587",
            "high": "1.75877",
            "low": "1.75587",
            "close": "1.75495"
        },
        {
            "time": "16.11.2020 21:04",
            "open": "1.75495",
            "high": "1.75495",
            "low": "1.75495",
            "close": "1.75398"
        },
        {
            "time": "16.11.2020 21:05",
            "open": "1.75398",
            "high": "1.75398",
            "low": "1.7523",
            "close": "1.75429"
        },
        {
            "time": "16.11.2020 21:07",
            "open": "1.75429",
            "high": "1.75429",
            "low": "1.75429",
            "close": "1.75619"
        },
        {
            "time": "16.11.2020 21:10",
            "open": "1.75619",
            "high": "1.75619",
            "low": "1.75619",
            "close": "1.75569"
        },
        {
            "time": "16.11.2020 21:15",
            "open": "1.75569",
            "high": "1.75569",
            "low": "1.75569",
            "close": "1.75382"
        },
        {
            "time": "16.11.2020 21:17",
            "open": "1.75382",
            "high": "1.75382",
            "low": "1.75382",
            "close": "1.75663"
        },
        {
            "time": "16.11.2020 21:21",
            "open": "1.75663",
            "high": "1.75663",
            "low": "1.75663",
            "close": "1.75629"
        },
        {
            "time": "16.11.2020 21:23",
            "open": "1.75629",
            "high": "1.75629",
            "low": "1.75629",
            "close": "1.75442"
        },
        {
            "time": "16.11.2020 21:27",
            "open": "1.75442",
            "high": "1.75442",
            "low": "1.75442",
            "close": "1.75793"
        },
        {
            "time": "16.11.2020 21:29",
            "open": "1.75793",
            "high": "1.75793",
            "low": "1.75442",
            "close": "1.75518"
        },
        {
            "time": "16.11.2020 21:31",
            "open": "1.75518",
            "high": "1.75518",
            "low": "1.75518",
            "close": "1.75269"
        },
        {
            "time": "16.11.2020 21:39",
            "open": "1.75269",
            "high": "1.75269",
            "low": "1.75269",
            "close": "1.75283"
        },
        {
            "time": "16.11.2020 21:43",
            "open": "1.75283",
            "high": "1.75283",
            "low": "1.75283",
            "close": "1.75"
        },
        {
            "time": "16.11.2020 21:50",
            "open": "1.75",
            "high": "1.75",
            "low": "1.75",
            "close": "1.7543"
        },
        {
            "time": "16.11.2020 21:59",
            "open": "1.7543",
            "high": "1.7543",
            "low": "1.7543",
            "close": "1.75008"
        },
        {
            "time": "16.11.2020 22:03",
            "open": "1.75008",
            "high": "1.75008",
            "low": "1.75008",
            "close": "1.75008"
        },
        {
            "time": "16.11.2020 22:14",
            "open": "1.75008",
            "high": "1.75008",
            "low": "1.75008",
            "close": "1.75008"
        },
        {
            "time": "16.11.2020 22:15",
            "open": "1.75008",
            "high": "1.75008",
            "low": "1.75008",
            "close": "1.75559"
        },
        {
            "time": "16.11.2020 22:17",
            "open": "1.75559",
            "high": "1.75559",
            "low": "1.75559",
            "close": "1.75663"
        },
        {
            "time": "16.11.2020 22:40",
            "open": "1.75663",
            "high": "1.75663",
            "low": "1.75663",
            "close": "1.75366"
        },
        {
            "time": "16.11.2020 22:47",
            "open": "1.75366",
            "high": "1.75417",
            "low": "1.75366",
            "close": "1.746"
        },
        {
            "time": "16.11.2020 22:48",
            "open": "1.746",
            "high": "1.746",
            "low": "1.74596",
            "close": "1.74187"
        },
        {
            "time": "16.11.2020 22:50",
            "open": "1.74187",
            "high": "1.74271",
            "low": "1.74187",
            "close": "1.7433"
        },
        {
            "time": "16.11.2020 22:52",
            "open": "1.7433",
            "high": "1.7433",
            "low": "1.7433",
            "close": "1.74851"
        },
        {
            "time": "16.11.2020 23:04",
            "open": "1.74851",
            "high": "1.74851",
            "low": "1.74851",
            "close": "1.7493"
        },
        {
            "time": "16.11.2020 23:07",
            "open": "1.7493",
            "high": "1.74989",
            "low": "1.7493",
            "close": "1.75"
        },
        {
            "time": "16.11.2020 23:10",
            "open": "1.75",
            "high": "1.75",
            "low": "1.75",
            "close": "1.75"
        },
        {
            "time": "16.11.2020 23:18",
            "open": "1.75",
            "high": "1.75",
            "low": "1.75",
            "close": "1.74719"
        },
        {
            "time": "16.11.2020 23:20",
            "open": "1.74719",
            "high": "1.74719",
            "low": "1.7466",
            "close": "1.75042"
        },
        {
            "time": "16.11.2020 23:22",
            "open": "1.75042",
            "high": "1.75179",
            "low": "1.75042",
            "close": "1.75019"
        },
        {
            "time": "16.11.2020 23:24",
            "open": "1.75019",
            "high": "1.7506",
            "low": "1.75019",
            "close": "1.75103"
        },
        {
            "time": "16.11.2020 23:25",
            "open": "1.75103",
            "high": "1.75103",
            "low": "1.75103",
            "close": "1.75217"
        },
        {
            "time": "16.11.2020 23:26",
            "open": "1.75217",
            "high": "1.75217",
            "low": "1.75217",
            "close": "1.75184"
        },
        {
            "time": "16.11.2020 23:30",
            "open": "1.75184",
            "high": "1.75286",
            "low": "1.74886",
            "close": "1.75322"
        },
        {
            "time": "16.11.2020 23:31",
            "open": "1.75322",
            "high": "1.75322",
            "low": "1.75322",
            "close": "1.75338"
        },
        {
            "time": "16.11.2020 23:32",
            "open": "1.75338",
            "high": "1.75338",
            "low": "1.75338",
            "close": "1.75314"
        },
        {
            "time": "16.11.2020 23:34",
            "open": "1.75314",
            "high": "1.75314",
            "low": "1.75314",
            "close": "1.75363"
        },
        {
            "time": "16.11.2020 23:36",
            "open": "1.75363",
            "high": "1.75363",
            "low": "1.75363",
            "close": "1.75802"
        },
        {
            "time": "16.11.2020 23:37",
            "open": "1.75802",
            "high": "1.75802",
            "low": "1.75802",
            "close": "1.7544"
        },
        {
            "time": "16.11.2020 23:39",
            "open": "1.7544",
            "high": "1.7544",
            "low": "1.7544",
            "close": "1.75673"
        },
        {
            "time": "16.11.2020 23:41",
            "open": "1.75673",
            "high": "1.75673",
            "low": "1.75673",
            "close": "1.75881"
        },
        {
            "time": "16.11.2020 23:44",
            "open": "1.75881",
            "high": "1.75881",
            "low": "1.75881",
            "close": "1.75521"
        },
        {
            "time": "16.11.2020 23:45",
            "open": "1.75521",
            "high": "1.75521",
            "low": "1.75521",
            "close": "1.75927"
        },
        {
            "time": "16.11.2020 23:47",
            "open": "1.75927",
            "high": "1.75927",
            "low": "1.75927",
            "close": "1.7566"
        },
        {
            "time": "16.11.2020 23:48",
            "open": "1.7566",
            "high": "1.75965",
            "low": "1.7566",
            "close": "1.7594"
        },
        {
            "time": "16.11.2020 23:49",
            "open": "1.7594",
            "high": "1.7594",
            "low": "1.7594",
            "close": "1.75787"
        },
        {
            "time": "16.11.2020 23:52",
            "open": "1.75787",
            "high": "1.75789",
            "low": "1.75787",
            "close": "1.755"
        },
        {
            "time": "16.11.2020 23:57",
            "open": "1.755",
            "high": "1.755",
            "low": "1.755",
            "close": "1.75509"
        },
        {
            "time": "16.11.2020 23:58",
            "open": "1.75509",
            "high": "1.75509",
            "low": "1.75509",
            "close": "1.75209"
        }
    ]
}