{
    "XTZ-EUR": [
        {
            "time": "11.11.2020 23:59",
            "open": "1.81754",
            "high": "1.81754",
            "low": "1.81741",
            "close": "1.81745"
        },
        {
            "time": "12.11.2020 00:00",
            "open": "1.81745",
            "high": "1.81745",
            "low": "1.81745",
            "close": "1.8168"
        },
        {
            "time": "12.11.2020 00:01",
            "open": "1.8168",
            "high": "1.8168",
            "low": "1.8168",
            "close": "1.8149"
        },
        {
            "time": "12.11.2020 00:07",
            "open": "1.8149",
            "high": "1.8149",
            "low": "1.8149",
            "close": "1.81379"
        },
        {
            "time": "12.11.2020 00:08",
            "open": "1.81379",
            "high": "1.81379",
            "low": "1.81379",
            "close": "1.8074"
        },
        {
            "time": "12.11.2020 00:26",
            "open": "1.8074",
            "high": "1.8074",
            "low": "1.8074",
            "close": "1.81081"
        },
        {
            "time": "12.11.2020 00:31",
            "open": "1.81081",
            "high": "1.81081",
            "low": "1.81081",
            "close": "1.80758"
        },
        {
            "time": "12.11.2020 00:35",
            "open": "1.80758",
            "high": "1.80758",
            "low": "1.80758",
            "close": "1.80788"
        },
        {
            "time": "12.11.2020 00:41",
            "open": "1.80788",
            "high": "1.8079",
            "low": "1.80788",
            "close": "1.807"
        },
        {
            "time": "12.11.2020 00:45",
            "open": "1.807",
            "high": "1.807",
            "low": "1.807",
            "close": "1.804"
        },
        {
            "time": "12.11.2020 00:48",
            "open": "1.804",
            "high": "1.804",
            "low": "1.804",
            "close": "1.80319"
        },
        {
            "time": "12.11.2020 00:54",
            "open": "1.80319",
            "high": "1.80319",
            "low": "1.80319",
            "close": "1.80175"
        },
        {
            "time": "12.11.2020 01:00",
            "open": "1.80175",
            "high": "1.80176",
            "low": "1.8017",
            "close": "1.80082"
        },
        {
            "time": "12.11.2020 01:01",
            "open": "1.80082",
            "high": "1.80082",
            "low": "1.8",
            "close": "1.7986"
        },
        {
            "time": "12.11.2020 01:02",
            "open": "1.7986",
            "high": "1.7986",
            "low": "1.79528",
            "close": "1.79208"
        },
        {
            "time": "12.11.2020 01:03",
            "open": "1.79208",
            "high": "1.79208",
            "low": "1.7903",
            "close": "1.79029"
        },
        {
            "time": "12.11.2020 01:04",
            "open": "1.79029",
            "high": "1.79029",
            "low": "1.79",
            "close": "1.79081"
        },
        {
            "time": "12.11.2020 01:05",
            "open": "1.79081",
            "high": "1.79084",
            "low": "1.79067",
            "close": "1.79067"
        },
        {
            "time": "12.11.2020 01:06",
            "open": "1.79067",
            "high": "1.79067",
            "low": "1.79067",
            "close": "1.78602"
        },
        {
            "time": "12.11.2020 01:09",
            "open": "1.78602",
            "high": "1.78604",
            "low": "1.78",
            "close": "1.78"
        },
        {
            "time": "12.11.2020 01:10",
            "open": "1.78",
            "high": "1.78",
            "low": "1.77",
            "close": "1.77719"
        },
        {
            "time": "12.11.2020 01:11",
            "open": "1.77719",
            "high": "1.7977",
            "low": "1.77719",
            "close": "1.78473"
        },
        {
            "time": "12.11.2020 01:12",
            "open": "1.78473",
            "high": "1.78473",
            "low": "1.78431",
            "close": "1.7817"
        },
        {
            "time": "12.11.2020 01:15",
            "open": "1.7817",
            "high": "1.7817",
            "low": "1.7817",
            "close": "1.79173"
        },
        {
            "time": "12.11.2020 01:19",
            "open": "1.79173",
            "high": "1.79173",
            "low": "1.79173",
            "close": "1.78703"
        },
        {
            "time": "12.11.2020 01:22",
            "open": "1.78703",
            "high": "1.78703",
            "low": "1.78703",
            "close": "1.79219"
        },
        {
            "time": "12.11.2020 01:23",
            "open": "1.79219",
            "high": "1.79219",
            "low": "1.79219",
            "close": "1.78921"
        },
        {
            "time": "12.11.2020 01:24",
            "open": "1.78921",
            "high": "1.78921",
            "low": "1.78921",
            "close": "1.79306"
        },
        {
            "time": "12.11.2020 01:29",
            "open": "1.79306",
            "high": "1.79306",
            "low": "1.79306",
            "close": "1.79504"
        },
        {
            "time": "12.11.2020 01:32",
            "open": "1.79504",
            "high": "1.79505",
            "low": "1.79504",
            "close": "1.78961"
        },
        {
            "time": "12.11.2020 01:34",
            "open": "1.78961",
            "high": "1.78961",
            "low": "1.78744",
            "close": "1.78998"
        },
        {
            "time": "12.11.2020 01:38",
            "open": "1.78998",
            "high": "1.78998",
            "low": "1.78998",
            "close": "1.78841"
        },
        {
            "time": "12.11.2020 01:41",
            "open": "1.78841",
            "high": "1.78841",
            "low": "1.78841",
            "close": "1.79562"
        },
        {
            "time": "12.11.2020 01:46",
            "open": "1.79562",
            "high": "1.79562",
            "low": "1.79562",
            "close": "1.79039"
        },
        {
            "time": "12.11.2020 01:47",
            "open": "1.79039",
            "high": "1.79039",
            "low": "1.79039",
            "close": "1.78158"
        },
        {
            "time": "12.11.2020 02:08",
            "open": "1.78158",
            "high": "1.78158",
            "low": "1.77784",
            "close": "1.78494"
        },
        {
            "time": "12.11.2020 02:09",
            "open": "1.78494",
            "high": "1.78494",
            "low": "1.78494",
            "close": "1.79587"
        },
        {
            "time": "12.11.2020 02:13",
            "open": "1.79587",
            "high": "1.79587",
            "low": "1.79587",
            "close": "1.8"
        },
        {
            "time": "12.11.2020 02:19",
            "open": "1.8",
            "high": "1.80072",
            "low": "1.8",
            "close": "1.7994"
        },
        {
            "time": "12.11.2020 02:20",
            "open": "1.7994",
            "high": "1.7994",
            "low": "1.79894",
            "close": "1.79708"
        },
        {
            "time": "12.11.2020 03:21",
            "open": "1.79708",
            "high": "1.79708",
            "low": "1.79708",
            "close": "1.8"
        },
        {
            "time": "12.11.2020 03:23",
            "open": "1.8",
            "high": "1.8",
            "low": "1.79946",
            "close": "1.8"
        },
        {
            "time": "12.11.2020 03:24",
            "open": "1.8",
            "high": "1.80599",
            "low": "1.8",
            "close": "1.80882"
        },
        {
            "time": "12.11.2020 03:26",
            "open": "1.80882",
            "high": "1.80943",
            "low": "1.80882",
            "close": "1.81395"
        },
        {
            "time": "12.11.2020 03:28",
            "open": "1.81395",
            "high": "1.81399",
            "low": "1.81167",
            "close": "1.81381"
        },
        {
            "time": "12.11.2020 04:32",
            "open": "1.81381",
            "high": "1.81381",
            "low": "1.81381",
            "close": "1.81655"
        },
        {
            "time": "12.11.2020 04:38",
            "open": "1.81655",
            "high": "1.81655",
            "low": "1.81655",
            "close": "1.81582"
        },
        {
            "time": "12.11.2020 04:41",
            "open": "1.81582",
            "high": "1.81582",
            "low": "1.81582",
            "close": "1.81468"
        },
        {
            "time": "12.11.2020 04:56",
            "open": "1.81468",
            "high": "1.81468",
            "low": "1.81468",
            "close": "1.81494"
        },
        {
            "time": "12.11.2020 05:28",
            "open": "1.80841",
            "high": "1.80841",
            "low": "1.80841",
            "close": "1.81234"
        },
        {
            "time": "12.11.2020 05:30",
            "open": "1.81234",
            "high": "1.81234",
            "low": "1.81234",
            "close": "1.81391"
        },
        {
            "time": "12.11.2020 05:48",
            "open": "1.81391",
            "high": "1.81482",
            "low": "1.81391",
            "close": "1.81738"
        },
        {
            "time": "12.11.2020 05:51",
            "open": "1.81738",
            "high": "1.81738",
            "low": "1.81738",
            "close": "1.81962"
        },
        {
            "time": "12.11.2020 05:52",
            "open": "1.81962",
            "high": "1.81962",
            "low": "1.81962",
            "close": "1.82125"
        },
        {
            "time": "12.11.2020 06:01",
            "open": "1.82125",
            "high": "1.82125",
            "low": "1.82125",
            "close": "1.82449"
        },
        {
            "time": "12.11.2020 06:04",
            "open": "1.82449",
            "high": "1.82449",
            "low": "1.82449",
            "close": "1.827"
        },
        {
            "time": "12.11.2020 06:05",
            "open": "1.827",
            "high": "1.82722",
            "low": "1.827",
            "close": "1.82418"
        },
        {
            "time": "12.11.2020 06:09",
            "open": "1.82418",
            "high": "1.82418",
            "low": "1.82418",
            "close": "1.82121"
        },
        {
            "time": "12.11.2020 06:19",
            "open": "1.82121",
            "high": "1.82121",
            "low": "1.82121",
            "close": "1.82632"
        },
        {
            "time": "12.11.2020 06:20",
            "open": "1.82632",
            "high": "1.82649",
            "low": "1.82632",
            "close": "1.82949"
        },
        {
            "time": "12.11.2020 06:21",
            "open": "1.82949",
            "high": "1.82953",
            "low": "1.82949",
            "close": "1.8303"
        },
        {
            "time": "12.11.2020 06:31",
            "open": "1.8303",
            "high": "1.8303",
            "low": "1.8303",
            "close": "1.82902"
        },
        {
            "time": "12.11.2020 06:35",
            "open": "1.82902",
            "high": "1.82902",
            "low": "1.82723",
            "close": "1.8277"
        },
        {
            "time": "12.11.2020 06:37",
            "open": "1.8277",
            "high": "1.8277",
            "low": "1.8277",
            "close": "1.82359"
        },
        {
            "time": "12.11.2020 06:40",
            "open": "1.82359",
            "high": "1.82359",
            "low": "1.82359",
            "close": "1.81968"
        },
        {
            "time": "12.11.2020 06:45",
            "open": "1.81968",
            "high": "1.81968",
            "low": "1.81609",
            "close": "1.81918"
        },
        {
            "time": "12.11.2020 06:55",
            "open": "1.81918",
            "high": "1.81918",
            "low": "1.81918",
            "close": "1.8234"
        },
        {
            "time": "12.11.2020 06:57",
            "open": "1.8234",
            "high": "1.8234",
            "low": "1.82218",
            "close": "1.8234"
        },
        {
            "time": "12.11.2020 06:58",
            "open": "1.8234",
            "high": "1.8234",
            "low": "1.8234",
            "close": "1.8221"
        },
        {
            "time": "12.11.2020 06:59",
            "open": "1.8221",
            "high": "1.8221",
            "low": "1.8221",
            "close": "1.82139"
        },
        {
            "time": "12.11.2020 07:02",
            "open": "1.82139",
            "high": "1.82139",
            "low": "1.82139",
            "close": "1.81891"
        },
        {
            "time": "12.11.2020 07:12",
            "open": "1.81891",
            "high": "1.81891",
            "low": "1.81888",
            "close": "1.8271"
        },
        {
            "time": "12.11.2020 07:32",
            "open": "1.8271",
            "high": "1.8271",
            "low": "1.8271",
            "close": "1.82411"
        },
        {
            "time": "12.11.2020 07:35",
            "open": "1.82411",
            "high": "1.82411",
            "low": "1.82411",
            "close": "1.824"
        },
        {
            "time": "12.11.2020 07:47",
            "open": "1.824",
            "high": "1.8249",
            "low": "1.824",
            "close": "1.82669"
        },
        {
            "time": "12.11.2020 07:57",
            "open": "1.82669",
            "high": "1.82669",
            "low": "1.82669",
            "close": "1.83158"
        },
        {
            "time": "12.11.2020 08:01",
            "open": "1.83158",
            "high": "1.83158",
            "low": "1.83158",
            "close": "1.8307"
        },
        {
            "time": "12.11.2020 08:02",
            "open": "1.8307",
            "high": "1.8307",
            "low": "1.8307",
            "close": "1.83151"
        },
        {
            "time": "12.11.2020 08:05",
            "open": "1.83151",
            "high": "1.83151",
            "low": "1.83151",
            "close": "1.83126"
        },
        {
            "time": "12.11.2020 08:07",
            "open": "1.83126",
            "high": "1.83126",
            "low": "1.83126",
            "close": "1.8299"
        },
        {
            "time": "12.11.2020 08:08",
            "open": "1.8299",
            "high": "1.8299",
            "low": "1.8299",
            "close": "1.8304"
        },
        {
            "time": "12.11.2020 08:33",
            "open": "1.8304",
            "high": "1.8304",
            "low": "1.8304",
            "close": "1.8247"
        },
        {
            "time": "12.11.2020 08:45",
            "open": "1.8247",
            "high": "1.8247",
            "low": "1.8247",
            "close": "1.82166"
        },
        {
            "time": "12.11.2020 08:48",
            "open": "1.82166",
            "high": "1.82166",
            "low": "1.82166",
            "close": "1.8242"
        },
        {
            "time": "12.11.2020 08:49",
            "open": "1.8242",
            "high": "1.8242",
            "low": "1.8228",
            "close": "1.8231"
        },
        {
            "time": "12.11.2020 08:50",
            "open": "1.8231",
            "high": "1.8231",
            "low": "1.8231",
            "close": "1.8241"
        },
        {
            "time": "12.11.2020 08:53",
            "open": "1.8241",
            "high": "1.8241",
            "low": "1.8241",
            "close": "1.8241"
        },
        {
            "time": "12.11.2020 08:58",
            "open": "1.8241",
            "high": "1.82679",
            "low": "1.8241",
            "close": "1.82064"
        },
        {
            "time": "12.11.2020 08:59",
            "open": "1.82064",
            "high": "1.82064",
            "low": "1.82064",
            "close": "1.82"
        },
        {
            "time": "12.11.2020 09:05",
            "open": "1.82",
            "high": "1.82",
            "low": "1.82",
            "close": "1.82368"
        },
        {
            "time": "12.11.2020 09:06",
            "open": "1.82368",
            "high": "1.82368",
            "low": "1.82368",
            "close": "1.82589"
        },
        {
            "time": "12.11.2020 09:10",
            "open": "1.82589",
            "high": "1.82589",
            "low": "1.82589",
            "close": "1.82"
        },
        {
            "time": "12.11.2020 09:19",
            "open": "1.82",
            "high": "1.82",
            "low": "1.82",
            "close": "1.82"
        },
        {
            "time": "12.11.2020 09:20",
            "open": "1.82",
            "high": "1.82",
            "low": "1.8157",
            "close": "1.81305"
        },
        {
            "time": "12.11.2020 09:21",
            "open": "1.81305",
            "high": "1.81305",
            "low": "1.81305",
            "close": "1.81383"
        },
        {
            "time": "12.11.2020 09:24",
            "open": "1.81383",
            "high": "1.81637",
            "low": "1.81383",
            "close": "1.81742"
        },
        {
            "time": "12.11.2020 09:25",
            "open": "1.81742",
            "high": "1.81742",
            "low": "1.81691",
            "close": "1.81572"
        },
        {
            "time": "12.11.2020 09:27",
            "open": "1.81572",
            "high": "1.81572",
            "low": "1.81514",
            "close": "1.8165"
        },
        {
            "time": "12.11.2020 09:31",
            "open": "1.8165",
            "high": "1.8165",
            "low": "1.8165",
            "close": "1.81948"
        },
        {
            "time": "12.11.2020 09:34",
            "open": "1.81948",
            "high": "1.81948",
            "low": "1.81948",
            "close": "1.81899"
        },
        {
            "time": "12.11.2020 09:38",
            "open": "1.81899",
            "high": "1.81899",
            "low": "1.81899",
            "close": "1.81998"
        },
        {
            "time": "12.11.2020 09:41",
            "open": "1.81998",
            "high": "1.81998",
            "low": "1.81998",
            "close": "1.8187"
        },
        {
            "time": "12.11.2020 09:44",
            "open": "1.8187",
            "high": "1.8187",
            "low": "1.8187",
            "close": "1.8176"
        },
        {
            "time": "12.11.2020 09:45",
            "open": "1.8176",
            "high": "1.8176",
            "low": "1.81503",
            "close": "1.8152"
        },
        {
            "time": "12.11.2020 09:46",
            "open": "1.8152",
            "high": "1.8152",
            "low": "1.8152",
            "close": "1.81636"
        },
        {
            "time": "12.11.2020 09:48",
            "open": "1.81636",
            "high": "1.81636",
            "low": "1.81636",
            "close": "1.81068"
        },
        {
            "time": "12.11.2020 09:52",
            "open": "1.81068",
            "high": "1.81068",
            "low": "1.81068",
            "close": "1.81172"
        },
        {
            "time": "12.11.2020 09:54",
            "open": "1.81172",
            "high": "1.81172",
            "low": "1.81056",
            "close": "1.80431"
        },
        {
            "time": "12.11.2020 09:57",
            "open": "1.80431",
            "high": "1.80431",
            "low": "1.80431",
            "close": "1.80596"
        },
        {
            "time": "12.11.2020 09:59",
            "open": "1.80596",
            "high": "1.80598",
            "low": "1.80596",
            "close": "1.80322"
        },
        {
            "time": "12.11.2020 10:03",
            "open": "1.80322",
            "high": "1.80322",
            "low": "1.80322",
            "close": "1.8027"
        },
        {
            "time": "12.11.2020 10:05",
            "open": "1.8027",
            "high": "1.8027",
            "low": "1.8027",
            "close": "1.8077"
        },
        {
            "time": "12.11.2020 10:10",
            "open": "1.8077",
            "high": "1.8077",
            "low": "1.8077",
            "close": "1.8043"
        },
        {
            "time": "12.11.2020 10:13",
            "open": "1.8043",
            "high": "1.8043",
            "low": "1.8043",
            "close": "1.80608"
        },
        {
            "time": "12.11.2020 10:16",
            "open": "1.80608",
            "high": "1.80608",
            "low": "1.80608",
            "close": "1.80628"
        },
        {
            "time": "12.11.2020 10:17",
            "open": "1.80628",
            "high": "1.80628",
            "low": "1.80628",
            "close": "1.80647"
        },
        {
            "time": "12.11.2020 10:19",
            "open": "1.80647",
            "high": "1.80647",
            "low": "1.80647",
            "close": "1.80647"
        },
        {
            "time": "12.11.2020 10:20",
            "open": "1.80647",
            "high": "1.80647",
            "low": "1.8041",
            "close": "1.80762"
        },
        {
            "time": "12.11.2020 10:22",
            "open": "1.80762",
            "high": "1.80762",
            "low": "1.80762",
            "close": "1.80688"
        },
        {
            "time": "12.11.2020 10:23",
            "open": "1.80688",
            "high": "1.80688",
            "low": "1.8037",
            "close": "1.80684"
        },
        {
            "time": "12.11.2020 10:26",
            "open": "1.80684",
            "high": "1.80684",
            "low": "1.80684",
            "close": "1.8065"
        },
        {
            "time": "12.11.2020 10:27",
            "open": "1.8065",
            "high": "1.8065",
            "low": "1.8065",
            "close": "1.8078"
        },
        {
            "time": "12.11.2020 10:34",
            "open": "1.8078",
            "high": "1.8078",
            "low": "1.8078",
            "close": "1.80229"
        },
        {
            "time": "12.11.2020 10:46",
            "open": "1.80229",
            "high": "1.80229",
            "low": "1.80229",
            "close": "1.80492"
        },
        {
            "time": "12.11.2020 10:47",
            "open": "1.80492",
            "high": "1.80492",
            "low": "1.80492",
            "close": "1.80072"
        },
        {
            "time": "12.11.2020 10:49",
            "open": "1.80072",
            "high": "1.80072",
            "low": "1.8",
            "close": "1.79839"
        },
        {
            "time": "12.11.2020 10:54",
            "open": "1.79839",
            "high": "1.79839",
            "low": "1.79839",
            "close": "1.79915"
        },
        {
            "time": "12.11.2020 10:55",
            "open": "1.79915",
            "high": "1.80101",
            "low": "1.79915",
            "close": "1.80102"
        },
        {
            "time": "12.11.2020 10:57",
            "open": "1.80102",
            "high": "1.80509",
            "low": "1.80102",
            "close": "1.79784"
        },
        {
            "time": "12.11.2020 10:58",
            "open": "1.79784",
            "high": "1.79784",
            "low": "1.79784",
            "close": "1.79748"
        },
        {
            "time": "12.11.2020 10:59",
            "open": "1.79748",
            "high": "1.80081",
            "low": "1.79738",
            "close": "1.80474"
        },
        {
            "time": "12.11.2020 11:00",
            "open": "1.80474",
            "high": "1.80533",
            "low": "1.80474",
            "close": "1.80738"
        },
        {
            "time": "12.11.2020 11:03",
            "open": "1.80738",
            "high": "1.80738",
            "low": "1.80738",
            "close": "1.80738"
        },
        {
            "time": "12.11.2020 11:04",
            "open": "1.80738",
            "high": "1.81041",
            "low": "1.80738",
            "close": "1.81631"
        },
        {
            "time": "12.11.2020 11:05",
            "open": "1.81631",
            "high": "1.81631",
            "low": "1.81238",
            "close": "1.81236"
        },
        {
            "time": "12.11.2020 11:06",
            "open": "1.81236",
            "high": "1.81398",
            "low": "1.81021",
            "close": "1.80883"
        },
        {
            "time": "12.11.2020 11:12",
            "open": "1.80883",
            "high": "1.80883",
            "low": "1.80883",
            "close": "1.81284"
        },
        {
            "time": "12.11.2020 11:13",
            "open": "1.81284",
            "high": "1.81284",
            "low": "1.81284",
            "close": "1.8123"
        },
        {
            "time": "12.11.2020 11:15",
            "open": "1.8123",
            "high": "1.8123",
            "low": "1.8123",
            "close": "1.80598"
        },
        {
            "time": "12.11.2020 11:16",
            "open": "1.80598",
            "high": "1.80598",
            "low": "1.8049",
            "close": "1.798"
        },
        {
            "time": "12.11.2020 11:18",
            "open": "1.798",
            "high": "1.798",
            "low": "1.795",
            "close": "1.794"
        },
        {
            "time": "12.11.2020 11:19",
            "open": "1.794",
            "high": "1.794",
            "low": "1.78868",
            "close": "1.78776"
        },
        {
            "time": "12.11.2020 11:20",
            "open": "1.78776",
            "high": "1.78776",
            "low": "1.78",
            "close": "1.7798"
        },
        {
            "time": "12.11.2020 11:21",
            "open": "1.7798",
            "high": "1.78467",
            "low": "1.7798",
            "close": "1.78719"
        },
        {
            "time": "12.11.2020 11:23",
            "open": "1.78719",
            "high": "1.79104",
            "low": "1.78719",
            "close": "1.79042"
        },
        {
            "time": "12.11.2020 11:25",
            "open": "1.79042",
            "high": "1.79042",
            "low": "1.78467",
            "close": "1.79086"
        },
        {
            "time": "12.11.2020 11:27",
            "open": "1.79086",
            "high": "1.79086",
            "low": "1.79086",
            "close": "1.7935"
        },
        {
            "time": "12.11.2020 11:28",
            "open": "1.7935",
            "high": "1.7935",
            "low": "1.7935",
            "close": "1.79228"
        },
        {
            "time": "12.11.2020 11:29",
            "open": "1.79228",
            "high": "1.79228",
            "low": "1.79228",
            "close": "1.79145"
        },
        {
            "time": "12.11.2020 11:30",
            "open": "1.79145",
            "high": "1.79145",
            "low": "1.79145",
            "close": "1.79239"
        },
        {
            "time": "12.11.2020 11:31",
            "open": "1.79239",
            "high": "1.79239",
            "low": "1.79202",
            "close": "1.7947"
        },
        {
            "time": "12.11.2020 11:36",
            "open": "1.7947",
            "high": "1.7947",
            "low": "1.7947",
            "close": "1.7886"
        },
        {
            "time": "12.11.2020 11:42",
            "open": "1.7886",
            "high": "1.7886",
            "low": "1.78746",
            "close": "1.78876"
        },
        {
            "time": "12.11.2020 11:43",
            "open": "1.78876",
            "high": "1.78876",
            "low": "1.78876",
            "close": "1.78383"
        },
        {
            "time": "12.11.2020 11:44",
            "open": "1.78383",
            "high": "1.78383",
            "low": "1.78253",
            "close": "1.78102"
        },
        {
            "time": "12.11.2020 11:45",
            "open": "1.78102",
            "high": "1.78102",
            "low": "1.78102",
            "close": "1.78031"
        },
        {
            "time": "12.11.2020 11:46",
            "open": "1.78031",
            "high": "1.78033",
            "low": "1.78031",
            "close": "1.78469"
        },
        {
            "time": "12.11.2020 11:47",
            "open": "1.78469",
            "high": "1.78469",
            "low": "1.78469",
            "close": "1.784"
        },
        {
            "time": "12.11.2020 11:49",
            "open": "1.784",
            "high": "1.784",
            "low": "1.784",
            "close": "1.78317"
        },
        {
            "time": "12.11.2020 11:50",
            "open": "1.78317",
            "high": "1.78317",
            "low": "1.78317",
            "close": "1.78017"
        },
        {
            "time": "12.11.2020 11:54",
            "open": "1.78017",
            "high": "1.78017",
            "low": "1.78017",
            "close": "1.77622"
        },
        {
            "time": "12.11.2020 11:55",
            "open": "1.77622",
            "high": "1.77622",
            "low": "1.77622",
            "close": "1.77539"
        },
        {
            "time": "12.11.2020 11:56",
            "open": "1.77539",
            "high": "1.77539",
            "low": "1.77539",
            "close": "1.77617"
        },
        {
            "time": "12.11.2020 11:57",
            "open": "1.77617",
            "high": "1.77617",
            "low": "1.7653",
            "close": "1.7645"
        },
        {
            "time": "12.11.2020 11:58",
            "open": "1.7645",
            "high": "1.7645",
            "low": "1.7645",
            "close": "1.76335"
        },
        {
            "time": "12.11.2020 11:59",
            "open": "1.76335",
            "high": "1.76335",
            "low": "1.759",
            "close": "1.75876"
        },
        {
            "time": "12.11.2020 12:00",
            "open": "1.75876",
            "high": "1.75876",
            "low": "1.75529",
            "close": "1.7605"
        },
        {
            "time": "12.11.2020 12:01",
            "open": "1.7605",
            "high": "1.76186",
            "low": "1.75909",
            "close": "1.76276"
        },
        {
            "time": "12.11.2020 12:02",
            "open": "1.76276",
            "high": "1.76483",
            "low": "1.75987",
            "close": "1.76963"
        },
        {
            "time": "12.11.2020 12:03",
            "open": "1.76963",
            "high": "1.76963",
            "low": "1.76963",
            "close": "1.7674"
        },
        {
            "time": "12.11.2020 12:04",
            "open": "1.7674",
            "high": "1.76963",
            "low": "1.7674",
            "close": "1.77458"
        },
        {
            "time": "12.11.2020 12:05",
            "open": "1.77458",
            "high": "1.77799",
            "low": "1.77458",
            "close": "1.78323"
        },
        {
            "time": "12.11.2020 12:06",
            "open": "1.78323",
            "high": "1.78323",
            "low": "1.78323",
            "close": "1.78477"
        },
        {
            "time": "12.11.2020 12:07",
            "open": "1.78477",
            "high": "1.78477",
            "low": "1.78477",
            "close": "1.78572"
        },
        {
            "time": "12.11.2020 12:08",
            "open": "1.78572",
            "high": "1.78572",
            "low": "1.78572",
            "close": "1.78138"
        },
        {
            "time": "12.11.2020 12:10",
            "open": "1.78138",
            "high": "1.78138",
            "low": "1.7746",
            "close": "1.77806"
        },
        {
            "time": "12.11.2020 12:11",
            "open": "1.77806",
            "high": "1.7786",
            "low": "1.77806",
            "close": "1.77489"
        },
        {
            "time": "12.11.2020 12:12",
            "open": "1.77489",
            "high": "1.77489",
            "low": "1.77489",
            "close": "1.77465"
        },
        {
            "time": "12.11.2020 12:13",
            "open": "1.77465",
            "high": "1.77777",
            "low": "1.77465",
            "close": "1.77762"
        },
        {
            "time": "12.11.2020 12:14",
            "open": "1.77762",
            "high": "1.77762",
            "low": "1.7736",
            "close": "1.77411"
        },
        {
            "time": "12.11.2020 12:17",
            "open": "1.77411",
            "high": "1.77411",
            "low": "1.77411",
            "close": "1.772"
        },
        {
            "time": "12.11.2020 12:23",
            "open": "1.772",
            "high": "1.772",
            "low": "1.772",
            "close": "1.7735"
        },
        {
            "time": "12.11.2020 12:26",
            "open": "1.7735",
            "high": "1.77695",
            "low": "1.7735",
            "close": "1.77132"
        },
        {
            "time": "12.11.2020 12:27",
            "open": "1.77132",
            "high": "1.77132",
            "low": "1.77132",
            "close": "1.77655"
        },
        {
            "time": "12.11.2020 12:28",
            "open": "1.77655",
            "high": "1.77655",
            "low": "1.7736",
            "close": "1.77692"
        },
        {
            "time": "12.11.2020 12:30",
            "open": "1.77692",
            "high": "1.77692",
            "low": "1.77692",
            "close": "1.77283"
        },
        {
            "time": "12.11.2020 12:31",
            "open": "1.77283",
            "high": "1.77634",
            "low": "1.77283",
            "close": "1.77378"
        },
        {
            "time": "12.11.2020 12:34",
            "open": "1.77378",
            "high": "1.77378",
            "low": "1.77054",
            "close": "1.77361"
        },
        {
            "time": "12.11.2020 12:35",
            "open": "1.77361",
            "high": "1.77361",
            "low": "1.77361",
            "close": "1.77567"
        },
        {
            "time": "12.11.2020 12:36",
            "open": "1.77567",
            "high": "1.77567",
            "low": "1.77567",
            "close": "1.77146"
        },
        {
            "time": "12.11.2020 12:37",
            "open": "1.77146",
            "high": "1.77146",
            "low": "1.77146",
            "close": "1.77398"
        },
        {
            "time": "12.11.2020 12:41",
            "open": "1.77398",
            "high": "1.77398",
            "low": "1.77398",
            "close": "1.77553"
        },
        {
            "time": "12.11.2020 12:42",
            "open": "1.77553",
            "high": "1.77554",
            "low": "1.77553",
            "close": "1.77223"
        },
        {
            "time": "12.11.2020 12:43",
            "open": "1.77223",
            "high": "1.77223",
            "low": "1.77223",
            "close": "1.77305"
        },
        {
            "time": "12.11.2020 12:46",
            "open": "1.77305",
            "high": "1.77305",
            "low": "1.77305",
            "close": "1.77158"
        },
        {
            "time": "12.11.2020 12:47",
            "open": "1.77158",
            "high": "1.77158",
            "low": "1.76998",
            "close": "1.77643"
        },
        {
            "time": "12.11.2020 12:57",
            "open": "1.77643",
            "high": "1.77643",
            "low": "1.77643",
            "close": "1.77592"
        },
        {
            "time": "12.11.2020 12:58",
            "open": "1.77592",
            "high": "1.77592",
            "low": "1.77592",
            "close": "1.77142"
        },
        {
            "time": "12.11.2020 13:00",
            "open": "1.77142",
            "high": "1.77145",
            "low": "1.77142",
            "close": "1.76758"
        },
        {
            "time": "12.11.2020 13:01",
            "open": "1.76758",
            "high": "1.76758",
            "low": "1.76161",
            "close": "1.7615"
        },
        {
            "time": "12.11.2020 13:03",
            "open": "1.7615",
            "high": "1.7615",
            "low": "1.76",
            "close": "1.75558"
        },
        {
            "time": "12.11.2020 13:05",
            "open": "1.75558",
            "high": "1.75558",
            "low": "1.75558",
            "close": "1.76609"
        },
        {
            "time": "12.11.2020 13:08",
            "open": "1.76606",
            "high": "1.76606",
            "low": "1.76606",
            "close": "1.76588"
        },
        {
            "time": "12.11.2020 13:09",
            "open": "1.76588",
            "high": "1.76624",
            "low": "1.76588",
            "close": "1.76745"
        },
        {
            "time": "12.11.2020 13:12",
            "open": "1.76745",
            "high": "1.76784",
            "low": "1.76745",
            "close": "1.76543"
        },
        {
            "time": "12.11.2020 13:14",
            "open": "1.76543",
            "high": "1.76543",
            "low": "1.76543",
            "close": "1.76253"
        },
        {
            "time": "12.11.2020 13:15",
            "open": "1.76253",
            "high": "1.76253",
            "low": "1.76253",
            "close": "1.76608"
        },
        {
            "time": "12.11.2020 13:16",
            "open": "1.76608",
            "high": "1.7713",
            "low": "1.76608",
            "close": "1.77415"
        },
        {
            "time": "12.11.2020 13:18",
            "open": "1.77415",
            "high": "1.77518",
            "low": "1.77415",
            "close": "1.7726"
        },
        {
            "time": "12.11.2020 13:20",
            "open": "1.7726",
            "high": "1.7726",
            "low": "1.7726",
            "close": "1.77487"
        },
        {
            "time": "12.11.2020 13:21",
            "open": "1.77487",
            "high": "1.77487",
            "low": "1.77487",
            "close": "1.77691"
        },
        {
            "time": "12.11.2020 13:27",
            "open": "1.77691",
            "high": "1.77691",
            "low": "1.77691",
            "close": "1.77772"
        },
        {
            "time": "12.11.2020 13:29",
            "open": "1.77772",
            "high": "1.77823",
            "low": "1.77772",
            "close": "1.78359"
        },
        {
            "time": "12.11.2020 13:32",
            "open": "1.78359",
            "high": "1.7848",
            "low": "1.78359",
            "close": "1.78129"
        },
        {
            "time": "12.11.2020 13:45",
            "open": "1.78129",
            "high": "1.78129",
            "low": "1.78129",
            "close": "1.78488"
        },
        {
            "time": "12.11.2020 13:47",
            "open": "1.78488",
            "high": "1.78488",
            "low": "1.78488",
            "close": "1.78417"
        },
        {
            "time": "12.11.2020 13:49",
            "open": "1.78417",
            "high": "1.78417",
            "low": "1.78417",
            "close": "1.78081"
        },
        {
            "time": "12.11.2020 13:50",
            "open": "1.78081",
            "high": "1.78081",
            "low": "1.78081",
            "close": "1.78477"
        },
        {
            "time": "12.11.2020 13:52",
            "open": "1.78477",
            "high": "1.78477",
            "low": "1.78477",
            "close": "1.7815"
        },
        {
            "time": "12.11.2020 13:59",
            "open": "1.7815",
            "high": "1.7815",
            "low": "1.7815",
            "close": "1.78167"
        },
        {
            "time": "12.11.2020 14:04",
            "open": "1.78167",
            "high": "1.78168",
            "low": "1.78167",
            "close": "1.7772"
        },
        {
            "time": "12.11.2020 14:06",
            "open": "1.7772",
            "high": "1.7772",
            "low": "1.77048",
            "close": "1.77148"
        },
        {
            "time": "12.11.2020 14:08",
            "open": "1.77148",
            "high": "1.77148",
            "low": "1.77148",
            "close": "1.77122"
        },
        {
            "time": "12.11.2020 14:10",
            "open": "1.77122",
            "high": "1.77122",
            "low": "1.77122",
            "close": "1.76967"
        },
        {
            "time": "12.11.2020 14:14",
            "open": "1.76967",
            "high": "1.76967",
            "low": "1.76731",
            "close": "1.7681"
        },
        {
            "time": "12.11.2020 14:15",
            "open": "1.7681",
            "high": "1.7681",
            "low": "1.7681",
            "close": "1.76538"
        },
        {
            "time": "12.11.2020 14:16",
            "open": "1.76538",
            "high": "1.76538",
            "low": "1.76538",
            "close": "1.7645"
        },
        {
            "time": "12.11.2020 14:17",
            "open": "1.7645",
            "high": "1.76534",
            "low": "1.7645",
            "close": "1.76367"
        },
        {
            "time": "12.11.2020 14:19",
            "open": "1.76367",
            "high": "1.76367",
            "low": "1.7619",
            "close": "1.76649"
        },
        {
            "time": "12.11.2020 14:21",
            "open": "1.76649",
            "high": "1.76649",
            "low": "1.76649",
            "close": "1.77156"
        },
        {
            "time": "12.11.2020 14:23",
            "open": "1.77156",
            "high": "1.77156",
            "low": "1.77156",
            "close": "1.77577"
        },
        {
            "time": "12.11.2020 14:27",
            "open": "1.77577",
            "high": "1.77577",
            "low": "1.77577",
            "close": "1.77547"
        },
        {
            "time": "12.11.2020 14:30",
            "open": "1.77547",
            "high": "1.77547",
            "low": "1.77547",
            "close": "1.77409"
        },
        {
            "time": "12.11.2020 14:31",
            "open": "1.77409",
            "high": "1.77409",
            "low": "1.77409",
            "close": "1.77217"
        },
        {
            "time": "12.11.2020 14:32",
            "open": "1.77217",
            "high": "1.77219",
            "low": "1.77217",
            "close": "1.77133"
        },
        {
            "time": "12.11.2020 14:38",
            "open": "1.77133",
            "high": "1.77133",
            "low": "1.76818",
            "close": "1.77128"
        },
        {
            "time": "12.11.2020 14:46",
            "open": "1.77128",
            "high": "1.77128",
            "low": "1.77128",
            "close": "1.76988"
        },
        {
            "time": "12.11.2020 14:49",
            "open": "1.76988",
            "high": "1.76988",
            "low": "1.76988",
            "close": "1.7672"
        },
        {
            "time": "12.11.2020 14:50",
            "open": "1.7672",
            "high": "1.7672",
            "low": "1.7672",
            "close": "1.769"
        },
        {
            "time": "12.11.2020 14:51",
            "open": "1.769",
            "high": "1.769",
            "low": "1.769",
            "close": "1.77034"
        },
        {
            "time": "12.11.2020 14:52",
            "open": "1.77034",
            "high": "1.77034",
            "low": "1.77034",
            "close": "1.76623"
        },
        {
            "time": "12.11.2020 14:55",
            "open": "1.76623",
            "high": "1.767",
            "low": "1.76623",
            "close": "1.76424"
        },
        {
            "time": "12.11.2020 14:57",
            "open": "1.76424",
            "high": "1.76424",
            "low": "1.76424",
            "close": "1.76"
        },
        {
            "time": "12.11.2020 15:00",
            "open": "1.76",
            "high": "1.76",
            "low": "1.7595",
            "close": "1.76327"
        },
        {
            "time": "12.11.2020 15:05",
            "open": "1.76327",
            "high": "1.76327",
            "low": "1.76326",
            "close": "1.76766"
        },
        {
            "time": "12.11.2020 15:07",
            "open": "1.76766",
            "high": "1.76766",
            "low": "1.76766",
            "close": "1.75625"
        },
        {
            "time": "12.11.2020 15:12",
            "open": "1.75625",
            "high": "1.75625",
            "low": "1.7555",
            "close": "1.75698"
        },
        {
            "time": "12.11.2020 15:14",
            "open": "1.75698",
            "high": "1.75866",
            "low": "1.75698",
            "close": "1.755"
        },
        {
            "time": "12.11.2020 15:16",
            "open": "1.755",
            "high": "1.755",
            "low": "1.75",
            "close": "1.75538"
        },
        {
            "time": "12.11.2020 15:17",
            "open": "1.75538",
            "high": "1.75538",
            "low": "1.75538",
            "close": "1.75529"
        },
        {
            "time": "12.11.2020 15:18",
            "open": "1.75529",
            "high": "1.75529",
            "low": "1.75529",
            "close": "1.7546"
        },
        {
            "time": "12.11.2020 15:19",
            "open": "1.7546",
            "high": "1.7546",
            "low": "1.75457",
            "close": "1.75707"
        },
        {
            "time": "12.11.2020 15:20",
            "open": "1.75707",
            "high": "1.76483",
            "low": "1.7562",
            "close": "1.7598"
        },
        {
            "time": "12.11.2020 15:22",
            "open": "1.7598",
            "high": "1.7598",
            "low": "1.7598",
            "close": "1.75965"
        },
        {
            "time": "12.11.2020 15:23",
            "open": "1.75965",
            "high": "1.75965",
            "low": "1.75965",
            "close": "1.763"
        },
        {
            "time": "12.11.2020 15:25",
            "open": "1.763",
            "high": "1.763",
            "low": "1.763",
            "close": "1.7598"
        },
        {
            "time": "12.11.2020 15:29",
            "open": "1.7598",
            "high": "1.7598",
            "low": "1.7598",
            "close": "1.75666"
        },
        {
            "time": "12.11.2020 15:31",
            "open": "1.75666",
            "high": "1.75666",
            "low": "1.75666",
            "close": "1.7515"
        },
        {
            "time": "12.11.2020 15:33",
            "open": "1.7515",
            "high": "1.7515",
            "low": "1.7515",
            "close": "1.75416"
        },
        {
            "time": "12.11.2020 15:34",
            "open": "1.75416",
            "high": "1.75416",
            "low": "1.74887",
            "close": "1.74862"
        },
        {
            "time": "12.11.2020 15:35",
            "open": "1.74862",
            "high": "1.74862",
            "low": "1.74862",
            "close": "1.74858"
        },
        {
            "time": "12.11.2020 15:37",
            "open": "1.74858",
            "high": "1.74858",
            "low": "1.74858",
            "close": "1.75017"
        },
        {
            "time": "12.11.2020 15:40",
            "open": "1.75017",
            "high": "1.75017",
            "low": "1.74847",
            "close": "1.75026"
        },
        {
            "time": "12.11.2020 15:43",
            "open": "1.75026",
            "high": "1.75028",
            "low": "1.75026",
            "close": "1.74847"
        },
        {
            "time": "12.11.2020 15:44",
            "open": "1.74847",
            "high": "1.74847",
            "low": "1.74847",
            "close": "1.74949"
        },
        {
            "time": "12.11.2020 15:45",
            "open": "1.74949",
            "high": "1.7495",
            "low": "1.74949",
            "close": "1.75713"
        },
        {
            "time": "12.11.2020 15:47",
            "open": "1.75713",
            "high": "1.75713",
            "low": "1.75565",
            "close": "1.75449"
        },
        {
            "time": "12.11.2020 15:53",
            "open": "1.75449",
            "high": "1.75801",
            "low": "1.75423",
            "close": "1.75448"
        },
        {
            "time": "12.11.2020 15:54",
            "open": "1.75448",
            "high": "1.75448",
            "low": "1.7542",
            "close": "1.75459"
        },
        {
            "time": "12.11.2020 15:55",
            "open": "1.75459",
            "high": "1.75459",
            "low": "1.75459",
            "close": "1.74775"
        },
        {
            "time": "12.11.2020 15:59",
            "open": "1.74775",
            "high": "1.74775",
            "low": "1.74775",
            "close": "1.74785"
        },
        {
            "time": "12.11.2020 16:01",
            "open": "1.74785",
            "high": "1.74819",
            "low": "1.74785",
            "close": "1.74857"
        },
        {
            "time": "12.11.2020 16:02",
            "open": "1.74857",
            "high": "1.74857",
            "low": "1.74503",
            "close": "1.74959"
        },
        {
            "time": "12.11.2020 16:03",
            "open": "1.74959",
            "high": "1.75167",
            "low": "1.74959",
            "close": "1.75004"
        },
        {
            "time": "12.11.2020 16:05",
            "open": "1.75004",
            "high": "1.75059",
            "low": "1.75004",
            "close": "1.74985"
        },
        {
            "time": "12.11.2020 16:10",
            "open": "1.74985",
            "high": "1.74985",
            "low": "1.7497",
            "close": "1.74826"
        },
        {
            "time": "12.11.2020 16:11",
            "open": "1.74826",
            "high": "1.74826",
            "low": "1.74826",
            "close": "1.75312"
        },
        {
            "time": "12.11.2020 16:12",
            "open": "1.75312",
            "high": "1.75312",
            "low": "1.75312",
            "close": "1.75317"
        },
        {
            "time": "12.11.2020 16:14",
            "open": "1.75317",
            "high": "1.75317",
            "low": "1.75317",
            "close": "1.7493"
        },
        {
            "time": "12.11.2020 16:16",
            "open": "1.7493",
            "high": "1.7493",
            "low": "1.7493",
            "close": "1.75199"
        },
        {
            "time": "12.11.2020 16:17",
            "open": "1.75199",
            "high": "1.75199",
            "low": "1.75199",
            "close": "1.75259"
        },
        {
            "time": "12.11.2020 16:19",
            "open": "1.75259",
            "high": "1.75331",
            "low": "1.75259",
            "close": "1.7553"
        },
        {
            "time": "12.11.2020 16:21",
            "open": "1.7553",
            "high": "1.7553",
            "low": "1.7553",
            "close": "1.75617"
        },
        {
            "time": "12.11.2020 16:22",
            "open": "1.75617",
            "high": "1.75617",
            "low": "1.75617",
            "close": "1.74774"
        },
        {
            "time": "12.11.2020 16:25",
            "open": "1.74774",
            "high": "1.74774",
            "low": "1.74774",
            "close": "1.74789"
        },
        {
            "time": "12.11.2020 16:27",
            "open": "1.74789",
            "high": "1.74789",
            "low": "1.74789",
            "close": "1.74472"
        },
        {
            "time": "12.11.2020 16:28",
            "open": "1.74472",
            "high": "1.74472",
            "low": "1.74472",
            "close": "1.75302"
        },
        {
            "time": "12.11.2020 16:34",
            "open": "1.75302",
            "high": "1.75302",
            "low": "1.753",
            "close": "1.75306"
        },
        {
            "time": "12.11.2020 16:35",
            "open": "1.75306",
            "high": "1.75306",
            "low": "1.75238",
            "close": "1.7512"
        },
        {
            "time": "12.11.2020 16:37",
            "open": "1.7512",
            "high": "1.75206",
            "low": "1.7512",
            "close": "1.74811"
        },
        {
            "time": "12.11.2020 16:39",
            "open": "1.74811",
            "high": "1.74811",
            "low": "1.74811",
            "close": "1.75172"
        },
        {
            "time": "12.11.2020 16:40",
            "open": "1.75172",
            "high": "1.75172",
            "low": "1.75172",
            "close": "1.75332"
        },
        {
            "time": "12.11.2020 16:44",
            "open": "1.75332",
            "high": "1.75332",
            "low": "1.75332",
            "close": "1.75438"
        },
        {
            "time": "12.11.2020 16:47",
            "open": "1.75438",
            "high": "1.75438",
            "low": "1.75438",
            "close": "1.7561"
        },
        {
            "time": "12.11.2020 16:53",
            "open": "1.7561",
            "high": "1.75629",
            "low": "1.7561",
            "close": "1.75688"
        },
        {
            "time": "12.11.2020 16:54",
            "open": "1.75688",
            "high": "1.75688",
            "low": "1.75688",
            "close": "1.75699"
        },
        {
            "time": "12.11.2020 16:55",
            "open": "1.75699",
            "high": "1.75699",
            "low": "1.75699",
            "close": "1.75882"
        },
        {
            "time": "12.11.2020 16:57",
            "open": "1.75882",
            "high": "1.76009",
            "low": "1.75882",
            "close": "1.75829"
        },
        {
            "time": "12.11.2020 17:00",
            "open": "1.75829",
            "high": "1.75829",
            "low": "1.75829",
            "close": "1.75374"
        },
        {
            "time": "12.11.2020 17:02",
            "open": "1.75374",
            "high": "1.75374",
            "low": "1.75374",
            "close": "1.75"
        },
        {
            "time": "12.11.2020 17:06",
            "open": "1.75",
            "high": "1.75",
            "low": "1.75",
            "close": "1.74879"
        },
        {
            "time": "12.11.2020 17:07",
            "open": "1.74879",
            "high": "1.7504",
            "low": "1.74879",
            "close": "1.75369"
        },
        {
            "time": "12.11.2020 17:09",
            "open": "1.75369",
            "high": "1.75369",
            "low": "1.75369",
            "close": "1.75341"
        },
        {
            "time": "12.11.2020 17:10",
            "open": "1.75341",
            "high": "1.75341",
            "low": "1.75341",
            "close": "1.75207"
        },
        {
            "time": "12.11.2020 17:14",
            "open": "1.75207",
            "high": "1.75207",
            "low": "1.75207",
            "close": "1.75121"
        },
        {
            "time": "12.11.2020 17:15",
            "open": "1.75121",
            "high": "1.7514",
            "low": "1.75121",
            "close": "1.75108"
        },
        {
            "time": "12.11.2020 17:16",
            "open": "1.75108",
            "high": "1.75108",
            "low": "1.75108",
            "close": "1.75666"
        },
        {
            "time": "12.11.2020 17:18",
            "open": "1.75666",
            "high": "1.75666",
            "low": "1.75666",
            "close": "1.75854"
        },
        {
            "time": "12.11.2020 17:19",
            "open": "1.75854",
            "high": "1.75854",
            "low": "1.75854",
            "close": "1.7569"
        },
        {
            "time": "12.11.2020 17:20",
            "open": "1.7569",
            "high": "1.7569",
            "low": "1.7569",
            "close": "1.75495"
        },
        {
            "time": "12.11.2020 17:26",
            "open": "1.75495",
            "high": "1.75495",
            "low": "1.75495",
            "close": "1.74724"
        },
        {
            "time": "12.11.2020 17:35",
            "open": "1.74724",
            "high": "1.74724",
            "low": "1.74724",
            "close": "1.7446"
        },
        {
            "time": "12.11.2020 17:36",
            "open": "1.7446",
            "high": "1.7466",
            "low": "1.7446",
            "close": "1.74911"
        },
        {
            "time": "12.11.2020 17:39",
            "open": "1.74911",
            "high": "1.74911",
            "low": "1.74911",
            "close": "1.74483"
        },
        {
            "time": "12.11.2020 17:42",
            "open": "1.74483",
            "high": "1.74556",
            "low": "1.74477",
            "close": "1.74739"
        },
        {
            "time": "12.11.2020 17:43",
            "open": "1.74739",
            "high": "1.7474",
            "low": "1.74739",
            "close": "1.74669"
        },
        {
            "time": "12.11.2020 17:44",
            "open": "1.74669",
            "high": "1.74669",
            "low": "1.74002",
            "close": "1.74008"
        },
        {
            "time": "12.11.2020 17:45",
            "open": "1.74008",
            "high": "1.74318",
            "low": "1.74008",
            "close": "1.74309"
        },
        {
            "time": "12.11.2020 17:48",
            "open": "1.74309",
            "high": "1.74309",
            "low": "1.74309",
            "close": "1.74002"
        },
        {
            "time": "12.11.2020 17:49",
            "open": "1.74002",
            "high": "1.74071",
            "low": "1.74",
            "close": "1.74156"
        },
        {
            "time": "12.11.2020 17:50",
            "open": "1.74156",
            "high": "1.74156",
            "low": "1.74153",
            "close": "1.74409"
        },
        {
            "time": "12.11.2020 17:51",
            "open": "1.74409",
            "high": "1.746",
            "low": "1.74409",
            "close": "1.74626"
        },
        {
            "time": "12.11.2020 17:53",
            "open": "1.74626",
            "high": "1.74956",
            "low": "1.74626",
            "close": "1.74959"
        },
        {
            "time": "12.11.2020 17:54",
            "open": "1.74959",
            "high": "1.74959",
            "low": "1.74959",
            "close": "1.749"
        },
        {
            "time": "12.11.2020 17:57",
            "open": "1.749",
            "high": "1.749",
            "low": "1.749",
            "close": "1.74919"
        },
        {
            "time": "12.11.2020 18:00",
            "open": "1.74919",
            "high": "1.75058",
            "low": "1.74919",
            "close": "1.74718"
        },
        {
            "time": "12.11.2020 18:01",
            "open": "1.74718",
            "high": "1.74718",
            "low": "1.74718",
            "close": "1.75208"
        },
        {
            "time": "12.11.2020 18:03",
            "open": "1.75208",
            "high": "1.75208",
            "low": "1.75208",
            "close": "1.74861"
        },
        {
            "time": "12.11.2020 18:04",
            "open": "1.74861",
            "high": "1.74861",
            "low": "1.7465",
            "close": "1.74877"
        },
        {
            "time": "12.11.2020 18:07",
            "open": "1.74877",
            "high": "1.74877",
            "low": "1.74877",
            "close": "1.7476"
        },
        {
            "time": "12.11.2020 18:11",
            "open": "1.7476",
            "high": "1.7476",
            "low": "1.7476",
            "close": "1.7439"
        },
        {
            "time": "12.11.2020 18:14",
            "open": "1.7439",
            "high": "1.7439",
            "low": "1.7439",
            "close": "1.7475"
        },
        {
            "time": "12.11.2020 18:17",
            "open": "1.7475",
            "high": "1.7507",
            "low": "1.7475",
            "close": "1.75218"
        },
        {
            "time": "12.11.2020 18:18",
            "open": "1.75218",
            "high": "1.75218",
            "low": "1.75218",
            "close": "1.75088"
        },
        {
            "time": "12.11.2020 18:20",
            "open": "1.75088",
            "high": "1.75211",
            "low": "1.75088",
            "close": "1.75319"
        },
        {
            "time": "12.11.2020 18:21",
            "open": "1.75319",
            "high": "1.75319",
            "low": "1.75319",
            "close": "1.75349"
        },
        {
            "time": "12.11.2020 18:25",
            "open": "1.75349",
            "high": "1.75349",
            "low": "1.75349",
            "close": "1.74962"
        },
        {
            "time": "12.11.2020 18:29",
            "open": "1.74962",
            "high": "1.74962",
            "low": "1.74962",
            "close": "1.74794"
        },
        {
            "time": "12.11.2020 18:30",
            "open": "1.74794",
            "high": "1.74794",
            "low": "1.74794",
            "close": "1.74782"
        },
        {
            "time": "12.11.2020 18:32",
            "open": "1.74782",
            "high": "1.74782",
            "low": "1.7464",
            "close": "1.75119"
        },
        {
            "time": "12.11.2020 18:34",
            "open": "1.75119",
            "high": "1.75119",
            "low": "1.75119",
            "close": "1.7468"
        },
        {
            "time": "12.11.2020 18:36",
            "open": "1.7468",
            "high": "1.7468",
            "low": "1.7468",
            "close": "1.74563"
        },
        {
            "time": "12.11.2020 18:37",
            "open": "1.74563",
            "high": "1.74563",
            "low": "1.74563",
            "close": "1.74799"
        },
        {
            "time": "12.11.2020 18:39",
            "open": "1.74799",
            "high": "1.74799",
            "low": "1.74799",
            "close": "1.75039"
        },
        {
            "time": "12.11.2020 18:42",
            "open": "1.75039",
            "high": "1.75039",
            "low": "1.749",
            "close": "1.74702"
        },
        {
            "time": "12.11.2020 18:43",
            "open": "1.74702",
            "high": "1.74702",
            "low": "1.74702",
            "close": "1.74702"
        },
        {
            "time": "12.11.2020 18:46",
            "open": "1.74702",
            "high": "1.74702",
            "low": "1.74638",
            "close": "1.74406"
        },
        {
            "time": "12.11.2020 18:49",
            "open": "1.74406",
            "high": "1.74406",
            "low": "1.74406",
            "close": "1.74347"
        },
        {
            "time": "12.11.2020 18:51",
            "open": "1.74347",
            "high": "1.74347",
            "low": "1.74347",
            "close": "1.744"
        },
        {
            "time": "12.11.2020 18:52",
            "open": "1.744",
            "high": "1.744",
            "low": "1.744",
            "close": "1.74561"
        },
        {
            "time": "12.11.2020 18:54",
            "open": "1.74561",
            "high": "1.74561",
            "low": "1.74511",
            "close": "1.74"
        },
        {
            "time": "12.11.2020 18:56",
            "open": "1.74",
            "high": "1.74",
            "low": "1.74",
            "close": "1.73856"
        },
        {
            "time": "12.11.2020 18:57",
            "open": "1.73856",
            "high": "1.73856",
            "low": "1.73794",
            "close": "1.73771"
        },
        {
            "time": "12.11.2020 18:58",
            "open": "1.73771",
            "high": "1.73771",
            "low": "1.73771",
            "close": "1.73827"
        },
        {
            "time": "12.11.2020 19:00",
            "open": "1.73827",
            "high": "1.7398",
            "low": "1.73827",
            "close": "1.73827"
        },
        {
            "time": "12.11.2020 19:01",
            "open": "1.73827",
            "high": "1.73967",
            "low": "1.737",
            "close": "1.74492"
        },
        {
            "time": "12.11.2020 19:08",
            "open": "1.74492",
            "high": "1.74492",
            "low": "1.74458",
            "close": "1.74458"
        },
        {
            "time": "12.11.2020 19:11",
            "open": "1.74458",
            "high": "1.74458",
            "low": "1.74458",
            "close": "1.74539"
        },
        {
            "time": "12.11.2020 19:14",
            "open": "1.74539",
            "high": "1.74539",
            "low": "1.74539",
            "close": "1.7406"
        },
        {
            "time": "12.11.2020 19:21",
            "open": "1.7406",
            "high": "1.7406",
            "low": "1.7406",
            "close": "1.74477"
        },
        {
            "time": "12.11.2020 19:23",
            "open": "1.74477",
            "high": "1.74477",
            "low": "1.7427",
            "close": "1.74479"
        },
        {
            "time": "12.11.2020 19:25",
            "open": "1.74479",
            "high": "1.74479",
            "low": "1.74479",
            "close": "1.74561"
        },
        {
            "time": "12.11.2020 19:26",
            "open": "1.74561",
            "high": "1.74561",
            "low": "1.7448",
            "close": "1.75073"
        },
        {
            "time": "12.11.2020 19:29",
            "open": "1.75073",
            "high": "1.75402",
            "low": "1.75071",
            "close": "1.75563"
        },
        {
            "time": "12.11.2020 19:34",
            "open": "1.75563",
            "high": "1.75563",
            "low": "1.75563",
            "close": "1.75563"
        },
        {
            "time": "12.11.2020 19:36",
            "open": "1.75563",
            "high": "1.75563",
            "low": "1.75563",
            "close": "1.75602"
        },
        {
            "time": "12.11.2020 19:38",
            "open": "1.75602",
            "high": "1.75602",
            "low": "1.75602",
            "close": "1.75599"
        },
        {
            "time": "12.11.2020 19:39",
            "open": "1.75599",
            "high": "1.75599",
            "low": "1.75599",
            "close": "1.75128"
        },
        {
            "time": "12.11.2020 19:42",
            "open": "1.75128",
            "high": "1.75128",
            "low": "1.75128",
            "close": "1.75606"
        },
        {
            "time": "12.11.2020 19:44",
            "open": "1.75606",
            "high": "1.75606",
            "low": "1.75606",
            "close": "1.7539"
        },
        {
            "time": "12.11.2020 19:45",
            "open": "1.7539",
            "high": "1.75484",
            "low": "1.75387",
            "close": "1.75299"
        },
        {
            "time": "12.11.2020 19:46",
            "open": "1.75299",
            "high": "1.75299",
            "low": "1.75299",
            "close": "1.75368"
        },
        {
            "time": "12.11.2020 19:47",
            "open": "1.75368",
            "high": "1.75368",
            "low": "1.75368",
            "close": "1.75414"
        },
        {
            "time": "12.11.2020 19:48",
            "open": "1.75414",
            "high": "1.75415",
            "low": "1.75414",
            "close": "1.75378"
        },
        {
            "time": "12.11.2020 19:53",
            "open": "1.75378",
            "high": "1.75378",
            "low": "1.75378",
            "close": "1.75369"
        },
        {
            "time": "12.11.2020 19:56",
            "open": "1.75369",
            "high": "1.75369",
            "low": "1.75369",
            "close": "1.75478"
        },
        {
            "time": "12.11.2020 19:57",
            "open": "1.75478",
            "high": "1.75566",
            "low": "1.75478",
            "close": "1.75212"
        },
        {
            "time": "12.11.2020 19:59",
            "open": "1.75212",
            "high": "1.75212",
            "low": "1.75212",
            "close": "1.75529"
        },
        {
            "time": "12.11.2020 20:00",
            "open": "1.75529",
            "high": "1.75569",
            "low": "1.75529",
            "close": "1.75529"
        },
        {
            "time": "12.11.2020 20:02",
            "open": "1.75529",
            "high": "1.75529",
            "low": "1.752",
            "close": "1.75689"
        },
        {
            "time": "12.11.2020 20:03",
            "open": "1.75689",
            "high": "1.75689",
            "low": "1.75689",
            "close": "1.75667"
        },
        {
            "time": "12.11.2020 20:04",
            "open": "1.75667",
            "high": "1.75668",
            "low": "1.75382",
            "close": "1.75738"
        },
        {
            "time": "12.11.2020 20:07",
            "open": "1.75738",
            "high": "1.75869",
            "low": "1.75738",
            "close": "1.7557"
        },
        {
            "time": "12.11.2020 20:08",
            "open": "1.7557",
            "high": "1.7557",
            "low": "1.7557",
            "close": "1.75644"
        },
        {
            "time": "12.11.2020 20:10",
            "open": "1.75644",
            "high": "1.75644",
            "low": "1.75644",
            "close": "1.7555"
        },
        {
            "time": "12.11.2020 20:12",
            "open": "1.7555",
            "high": "1.7555",
            "low": "1.7554",
            "close": "1.75148"
        },
        {
            "time": "12.11.2020 20:21",
            "open": "1.75148",
            "high": "1.75148",
            "low": "1.75148",
            "close": "1.75109"
        },
        {
            "time": "12.11.2020 20:22",
            "open": "1.75109",
            "high": "1.75109",
            "low": "1.75109",
            "close": "1.75268"
        },
        {
            "time": "12.11.2020 20:26",
            "open": "1.75268",
            "high": "1.7543",
            "low": "1.75268",
            "close": "1.7545"
        },
        {
            "time": "12.11.2020 20:27",
            "open": "1.7545",
            "high": "1.7545",
            "low": "1.7545",
            "close": "1.75379"
        },
        {
            "time": "12.11.2020 20:28",
            "open": "1.75379",
            "high": "1.7538",
            "low": "1.7522",
            "close": "1.75089"
        },
        {
            "time": "12.11.2020 20:31",
            "open": "1.75089",
            "high": "1.75089",
            "low": "1.75089",
            "close": "1.7499"
        },
        {
            "time": "12.11.2020 20:32",
            "open": "1.7499",
            "high": "1.7499",
            "low": "1.7499",
            "close": "1.74865"
        },
        {
            "time": "12.11.2020 20:36",
            "open": "1.74865",
            "high": "1.74865",
            "low": "1.74565",
            "close": "1.74554"
        },
        {
            "time": "12.11.2020 20:37",
            "open": "1.74554",
            "high": "1.74795",
            "low": "1.74554",
            "close": "1.75144"
        },
        {
            "time": "12.11.2020 20:40",
            "open": "1.75144",
            "high": "1.75144",
            "low": "1.74883",
            "close": "1.74674"
        },
        {
            "time": "12.11.2020 20:41",
            "open": "1.74674",
            "high": "1.74674",
            "low": "1.74674",
            "close": "1.74792"
        },
        {
            "time": "12.11.2020 20:43",
            "open": "1.74792",
            "high": "1.74828",
            "low": "1.74774",
            "close": "1.74914"
        },
        {
            "time": "12.11.2020 20:44",
            "open": "1.74914",
            "high": "1.74914",
            "low": "1.74914",
            "close": "1.75189"
        },
        {
            "time": "12.11.2020 20:51",
            "open": "1.75189",
            "high": "1.75189",
            "low": "1.75189",
            "close": "1.75214"
        },
        {
            "time": "12.11.2020 20:52",
            "open": "1.75214",
            "high": "1.75214",
            "low": "1.75119",
            "close": "1.75472"
        },
        {
            "time": "12.11.2020 20:58",
            "open": "1.75472",
            "high": "1.75472",
            "low": "1.75472",
            "close": "1.75619"
        },
        {
            "time": "12.11.2020 20:59",
            "open": "1.75619",
            "high": "1.7562",
            "low": "1.75619",
            "close": "1.75341"
        },
        {
            "time": "12.11.2020 21:00",
            "open": "1.75341",
            "high": "1.75341",
            "low": "1.75341",
            "close": "1.754"
        },
        {
            "time": "12.11.2020 21:01",
            "open": "1.754",
            "high": "1.754",
            "low": "1.754",
            "close": "1.7558"
        },
        {
            "time": "12.11.2020 21:03",
            "open": "1.7558",
            "high": "1.7558",
            "low": "1.7558",
            "close": "1.7552"
        },
        {
            "time": "12.11.2020 21:04",
            "open": "1.7552",
            "high": "1.7552",
            "low": "1.7552",
            "close": "1.75251"
        },
        {
            "time": "12.11.2020 21:06",
            "open": "1.75251",
            "high": "1.75251",
            "low": "1.75251",
            "close": "1.75842"
        },
        {
            "time": "12.11.2020 21:10",
            "open": "1.75842",
            "high": "1.75842",
            "low": "1.75842",
            "close": "1.7581"
        },
        {
            "time": "12.11.2020 21:21",
            "open": "1.7581",
            "high": "1.7581",
            "low": "1.7581",
            "close": "1.7589"
        },
        {
            "time": "12.11.2020 21:23",
            "open": "1.7589",
            "high": "1.7589",
            "low": "1.7589",
            "close": "1.7586"
        },
        {
            "time": "12.11.2020 21:26",
            "open": "1.7586",
            "high": "1.7586",
            "low": "1.7586",
            "close": "1.7582"
        },
        {
            "time": "12.11.2020 21:28",
            "open": "1.7582",
            "high": "1.7582",
            "low": "1.7582",
            "close": "1.7586"
        },
        {
            "time": "12.11.2020 21:29",
            "open": "1.7586",
            "high": "1.75878",
            "low": "1.7586",
            "close": "1.75606"
        },
        {
            "time": "12.11.2020 21:30",
            "open": "1.75606",
            "high": "1.75606",
            "low": "1.75604",
            "close": "1.76119"
        },
        {
            "time": "12.11.2020 21:34",
            "open": "1.76119",
            "high": "1.76119",
            "low": "1.76119",
            "close": "1.7587"
        },
        {
            "time": "12.11.2020 21:38",
            "open": "1.7587",
            "high": "1.7587",
            "low": "1.7587",
            "close": "1.7598"
        },
        {
            "time": "12.11.2020 21:39",
            "open": "1.7598",
            "high": "1.76033",
            "low": "1.7598",
            "close": "1.75665"
        },
        {
            "time": "12.11.2020 21:40",
            "open": "1.75665",
            "high": "1.75665",
            "low": "1.75643",
            "close": "1.758"
        },
        {
            "time": "12.11.2020 21:41",
            "open": "1.758",
            "high": "1.758",
            "low": "1.75472",
            "close": "1.756"
        },
        {
            "time": "12.11.2020 21:45",
            "open": "1.756",
            "high": "1.756",
            "low": "1.756",
            "close": "1.756"
        },
        {
            "time": "12.11.2020 21:47",
            "open": "1.756",
            "high": "1.756",
            "low": "1.756",
            "close": "1.7595"
        },
        {
            "time": "12.11.2020 21:50",
            "open": "1.7595",
            "high": "1.7595",
            "low": "1.7595",
            "close": "1.75828"
        },
        {
            "time": "12.11.2020 21:51",
            "open": "1.75828",
            "high": "1.75828",
            "low": "1.75828",
            "close": "1.75651"
        },
        {
            "time": "12.11.2020 21:54",
            "open": "1.75651",
            "high": "1.75651",
            "low": "1.75651",
            "close": "1.7578"
        },
        {
            "time": "12.11.2020 21:55",
            "open": "1.7578",
            "high": "1.7578",
            "low": "1.7578",
            "close": "1.7544"
        },
        {
            "time": "12.11.2020 21:56",
            "open": "1.7544",
            "high": "1.7544",
            "low": "1.7544",
            "close": "1.75384"
        },
        {
            "time": "12.11.2020 21:57",
            "open": "1.75384",
            "high": "1.75384",
            "low": "1.75384",
            "close": "1.7562"
        },
        {
            "time": "12.11.2020 21:58",
            "open": "1.7562",
            "high": "1.7562",
            "low": "1.7562",
            "close": "1.75479"
        },
        {
            "time": "12.11.2020 21:59",
            "open": "1.75479",
            "high": "1.75479",
            "low": "1.75479",
            "close": "1.7506"
        },
        {
            "time": "12.11.2020 22:01",
            "open": "1.7506",
            "high": "1.7506",
            "low": "1.7506",
            "close": "1.7484"
        },
        {
            "time": "12.11.2020 22:03",
            "open": "1.7484",
            "high": "1.7484",
            "low": "1.7484",
            "close": "1.75507"
        },
        {
            "time": "12.11.2020 22:08",
            "open": "1.75507",
            "high": "1.75507",
            "low": "1.75507",
            "close": "1.75084"
        },
        {
            "time": "12.11.2020 22:10",
            "open": "1.75084",
            "high": "1.75084",
            "low": "1.75084",
            "close": "1.7527"
        },
        {
            "time": "12.11.2020 22:11",
            "open": "1.7527",
            "high": "1.7527",
            "low": "1.7527",
            "close": "1.75064"
        },
        {
            "time": "12.11.2020 22:16",
            "open": "1.75064",
            "high": "1.75064",
            "low": "1.75064",
            "close": "1.75496"
        },
        {
            "time": "12.11.2020 22:17",
            "open": "1.75496",
            "high": "1.75496",
            "low": "1.75496",
            "close": "1.75496"
        },
        {
            "time": "12.11.2020 22:18",
            "open": "1.75496",
            "high": "1.75509",
            "low": "1.75326",
            "close": "1.7548"
        },
        {
            "time": "12.11.2020 22:21",
            "open": "1.7548",
            "high": "1.7548",
            "low": "1.7548",
            "close": "1.75218"
        },
        {
            "time": "12.11.2020 22:23",
            "open": "1.75218",
            "high": "1.75218",
            "low": "1.75171",
            "close": "1.75544"
        },
        {
            "time": "12.11.2020 22:24",
            "open": "1.75544",
            "high": "1.75557",
            "low": "1.75544",
            "close": "1.75558"
        },
        {
            "time": "12.11.2020 22:25",
            "open": "1.75558",
            "high": "1.75558",
            "low": "1.75312",
            "close": "1.7551"
        },
        {
            "time": "12.11.2020 22:27",
            "open": "1.7551",
            "high": "1.75531",
            "low": "1.75499",
            "close": "1.7553"
        },
        {
            "time": "12.11.2020 22:28",
            "open": "1.7553",
            "high": "1.7553",
            "low": "1.7553",
            "close": "1.7553"
        },
        {
            "time": "12.11.2020 22:29",
            "open": "1.7553",
            "high": "1.7553",
            "low": "1.7553",
            "close": "1.7546"
        },
        {
            "time": "12.11.2020 22:31",
            "open": "1.7546",
            "high": "1.7546",
            "low": "1.7546",
            "close": "1.7516"
        },
        {
            "time": "12.11.2020 22:33",
            "open": "1.7516",
            "high": "1.75529",
            "low": "1.7516",
            "close": "1.75478"
        },
        {
            "time": "12.11.2020 22:35",
            "open": "1.75478",
            "high": "1.75599",
            "low": "1.75478",
            "close": "1.7546"
        },
        {
            "time": "12.11.2020 22:36",
            "open": "1.7546",
            "high": "1.7546",
            "low": "1.7546",
            "close": "1.75148"
        },
        {
            "time": "12.11.2020 22:37",
            "open": "1.75148",
            "high": "1.7554",
            "low": "1.75148",
            "close": "1.75251"
        },
        {
            "time": "12.11.2020 22:38",
            "open": "1.75251",
            "high": "1.75251",
            "low": "1.75251",
            "close": "1.7549"
        },
        {
            "time": "12.11.2020 22:39",
            "open": "1.7549",
            "high": "1.756",
            "low": "1.7549",
            "close": "1.75497"
        },
        {
            "time": "12.11.2020 22:44",
            "open": "1.75497",
            "high": "1.75497",
            "low": "1.75497",
            "close": "1.75201"
        },
        {
            "time": "12.11.2020 22:47",
            "open": "1.75201",
            "high": "1.75201",
            "low": "1.75201",
            "close": "1.75489"
        },
        {
            "time": "12.11.2020 22:49",
            "open": "1.75489",
            "high": "1.75489",
            "low": "1.75489",
            "close": "1.7547"
        },
        {
            "time": "12.11.2020 22:51",
            "open": "1.7547",
            "high": "1.7547",
            "low": "1.7547",
            "close": "1.75328"
        },
        {
            "time": "12.11.2020 22:52",
            "open": "1.75328",
            "high": "1.75328",
            "low": "1.75328",
            "close": "1.75278"
        },
        {
            "time": "12.11.2020 22:53",
            "open": "1.75278",
            "high": "1.75278",
            "low": "1.75278",
            "close": "1.75454"
        },
        {
            "time": "12.11.2020 22:55",
            "open": "1.75454",
            "high": "1.75454",
            "low": "1.75452",
            "close": "1.75474"
        },
        {
            "time": "12.11.2020 22:56",
            "open": "1.75474",
            "high": "1.75667",
            "low": "1.75474",
            "close": "1.7559"
        },
        {
            "time": "12.11.2020 22:57",
            "open": "1.7559",
            "high": "1.7559",
            "low": "1.7559",
            "close": "1.75948"
        },
        {
            "time": "12.11.2020 22:58",
            "open": "1.75948",
            "high": "1.75948",
            "low": "1.75899",
            "close": "1.7633"
        },
        {
            "time": "12.11.2020 22:59",
            "open": "1.7633",
            "high": "1.7639",
            "low": "1.7633",
            "close": "1.75964"
        },
        {
            "time": "12.11.2020 23:00",
            "open": "1.75964",
            "high": "1.75964",
            "low": "1.75921",
            "close": "1.7601"
        },
        {
            "time": "12.11.2020 23:01",
            "open": "1.7601",
            "high": "1.7601",
            "low": "1.7601",
            "close": "1.76095"
        },
        {
            "time": "12.11.2020 23:02",
            "open": "1.76095",
            "high": "1.76095",
            "low": "1.76095",
            "close": "1.76229"
        },
        {
            "time": "12.11.2020 23:05",
            "open": "1.76229",
            "high": "1.76229",
            "low": "1.76229",
            "close": "1.76209"
        },
        {
            "time": "12.11.2020 23:06",
            "open": "1.76209",
            "high": "1.76209",
            "low": "1.76209",
            "close": "1.76032"
        },
        {
            "time": "12.11.2020 23:07",
            "open": "1.76032",
            "high": "1.76032",
            "low": "1.76032",
            "close": "1.76627"
        },
        {
            "time": "12.11.2020 23:08",
            "open": "1.76627",
            "high": "1.76665",
            "low": "1.76627",
            "close": "1.76043"
        },
        {
            "time": "12.11.2020 23:10",
            "open": "1.76043",
            "high": "1.76043",
            "low": "1.76043",
            "close": "1.75987"
        },
        {
            "time": "12.11.2020 23:11",
            "open": "1.75987",
            "high": "1.75987",
            "low": "1.75987",
            "close": "1.75672"
        },
        {
            "time": "12.11.2020 23:15",
            "open": "1.75672",
            "high": "1.75672",
            "low": "1.75672",
            "close": "1.75894"
        },
        {
            "time": "12.11.2020 23:18",
            "open": "1.75894",
            "high": "1.75894",
            "low": "1.75822",
            "close": "1.75864"
        },
        {
            "time": "12.11.2020 23:22",
            "open": "1.75864",
            "high": "1.76384",
            "low": "1.75864",
            "close": "1.7619"
        },
        {
            "time": "12.11.2020 23:25",
            "open": "1.7619",
            "high": "1.76386",
            "low": "1.7619",
            "close": "1.7656"
        },
        {
            "time": "12.11.2020 23:27",
            "open": "1.7656",
            "high": "1.7656",
            "low": "1.7656",
            "close": "1.76368"
        },
        {
            "time": "12.11.2020 23:29",
            "open": "1.76368",
            "high": "1.7637",
            "low": "1.76368",
            "close": "1.7637"
        },
        {
            "time": "12.11.2020 23:31",
            "open": "1.7637",
            "high": "1.7637",
            "low": "1.7637",
            "close": "1.7641"
        },
        {
            "time": "12.11.2020 23:33",
            "open": "1.7641",
            "high": "1.7641",
            "low": "1.7641",
            "close": "1.76633"
        },
        {
            "time": "12.11.2020 23:35",
            "open": "1.76633",
            "high": "1.76639",
            "low": "1.76633",
            "close": "1.76528"
        },
        {
            "time": "12.11.2020 23:36",
            "open": "1.76528",
            "high": "1.76529",
            "low": "1.76223",
            "close": "1.7595"
        },
        {
            "time": "12.11.2020 23:39",
            "open": "1.7595",
            "high": "1.75979",
            "low": "1.7595",
            "close": "1.76286"
        }
    ]
}