{
    "XTZ-EUR": [
        {
            "time": "12.12.2020 23:54",
            "open": "1.7786",
            "high": "1.7786",
            "low": "1.77514",
            "close": "1.7703"
        },
        {
            "time": "13.12.2020 00:03",
            "open": "1.7703",
            "high": "1.7703",
            "low": "1.7703",
            "close": "1.77046"
        },
        {
            "time": "13.12.2020 00:04",
            "open": "1.77046",
            "high": "1.77046",
            "low": "1.77046",
            "close": "1.76959"
        },
        {
            "time": "13.12.2020 00:05",
            "open": "1.76959",
            "high": "1.76961",
            "low": "1.76959",
            "close": "1.7719"
        },
        {
            "time": "13.12.2020 00:14",
            "open": "1.7719",
            "high": "1.7719",
            "low": "1.7719",
            "close": "1.7719"
        },
        {
            "time": "13.12.2020 00:16",
            "open": "1.7719",
            "high": "1.7719",
            "low": "1.7719",
            "close": "1.77351"
        },
        {
            "time": "13.12.2020 00:18",
            "open": "1.77351",
            "high": "1.77351",
            "low": "1.77351",
            "close": "1.7708"
        },
        {
            "time": "13.12.2020 00:26",
            "open": "1.7708",
            "high": "1.7708",
            "low": "1.7708",
            "close": "1.7711"
        },
        {
            "time": "13.12.2020 00:29",
            "open": "1.7711",
            "high": "1.7711",
            "low": "1.7711",
            "close": "1.7699"
        },
        {
            "time": "13.12.2020 00:30",
            "open": "1.7699",
            "high": "1.7699",
            "low": "1.76982",
            "close": "1.76758"
        },
        {
            "time": "13.12.2020 00:33",
            "open": "1.76758",
            "high": "1.76758",
            "low": "1.76758",
            "close": "1.77"
        },
        {
            "time": "13.12.2020 00:37",
            "open": "1.77",
            "high": "1.77",
            "low": "1.76729",
            "close": "1.76605"
        },
        {
            "time": "13.12.2020 00:41",
            "open": "1.76605",
            "high": "1.76605",
            "low": "1.76605",
            "close": "1.7662"
        },
        {
            "time": "13.12.2020 00:44",
            "open": "1.7662",
            "high": "1.7662",
            "low": "1.7662",
            "close": "1.7644"
        },
        {
            "time": "13.12.2020 00:47",
            "open": "1.7644",
            "high": "1.7644",
            "low": "1.7644",
            "close": "1.7643"
        },
        {
            "time": "13.12.2020 00:51",
            "open": "1.7643",
            "high": "1.7643",
            "low": "1.7643",
            "close": "1.7643"
        },
        {
            "time": "13.12.2020 00:52",
            "open": "1.7643",
            "high": "1.7643",
            "low": "1.76221",
            "close": "1.7644"
        },
        {
            "time": "13.12.2020 00:57",
            "open": "1.7644",
            "high": "1.7644",
            "low": "1.7644",
            "close": "1.76386"
        },
        {
            "time": "13.12.2020 00:58",
            "open": "1.76386",
            "high": "1.76386",
            "low": "1.76386",
            "close": "1.76382"
        },
        {
            "time": "13.12.2020 00:59",
            "open": "1.76382",
            "high": "1.76386",
            "low": "1.76382",
            "close": "1.7644"
        },
        {
            "time": "13.12.2020 01:00",
            "open": "1.7644",
            "high": "1.7644",
            "low": "1.7644",
            "close": "1.76967"
        },
        {
            "time": "13.12.2020 01:01",
            "open": "1.76967",
            "high": "1.76967",
            "low": "1.76967",
            "close": "1.77203"
        },
        {
            "time": "13.12.2020 01:02",
            "open": "1.77203",
            "high": "1.77203",
            "low": "1.77203",
            "close": "1.77207"
        },
        {
            "time": "13.12.2020 01:05",
            "open": "1.77207",
            "high": "1.77207",
            "low": "1.77203",
            "close": "1.77258"
        },
        {
            "time": "13.12.2020 01:08",
            "open": "1.77258",
            "high": "1.77278",
            "low": "1.77258",
            "close": "1.76974"
        },
        {
            "time": "13.12.2020 01:09",
            "open": "1.76974",
            "high": "1.76974",
            "low": "1.76974",
            "close": "1.76783"
        },
        {
            "time": "13.12.2020 01:11",
            "open": "1.76783",
            "high": "1.76783",
            "low": "1.76783",
            "close": "1.76556"
        },
        {
            "time": "13.12.2020 01:13",
            "open": "1.76556",
            "high": "1.76556",
            "low": "1.76531",
            "close": "1.764"
        },
        {
            "time": "13.12.2020 01:14",
            "open": "1.764",
            "high": "1.764",
            "low": "1.764",
            "close": "1.7658"
        },
        {
            "time": "13.12.2020 01:17",
            "open": "1.7658",
            "high": "1.7658",
            "low": "1.7658",
            "close": "1.76843"
        },
        {
            "time": "13.12.2020 01:25",
            "open": "1.76843",
            "high": "1.76843",
            "low": "1.76843",
            "close": "1.76669"
        },
        {
            "time": "13.12.2020 01:30",
            "open": "1.76669",
            "high": "1.76669",
            "low": "1.76669",
            "close": "1.76349"
        },
        {
            "time": "13.12.2020 01:33",
            "open": "1.76349",
            "high": "1.76686",
            "low": "1.76349",
            "close": "1.76122"
        },
        {
            "time": "13.12.2020 01:39",
            "open": "1.76122",
            "high": "1.76122",
            "low": "1.76122",
            "close": "1.7641"
        },
        {
            "time": "13.12.2020 01:40",
            "open": "1.7641",
            "high": "1.7641",
            "low": "1.7641",
            "close": "1.762"
        },
        {
            "time": "13.12.2020 01:42",
            "open": "1.762",
            "high": "1.762",
            "low": "1.762",
            "close": "1.76257"
        },
        {
            "time": "13.12.2020 02:01",
            "open": "1.76257",
            "high": "1.76257",
            "low": "1.76257",
            "close": "1.76748"
        },
        {
            "time": "13.12.2020 02:03",
            "open": "1.76748",
            "high": "1.76748",
            "low": "1.76748",
            "close": "1.7683"
        },
        {
            "time": "13.12.2020 02:05",
            "open": "1.7683",
            "high": "1.7683",
            "low": "1.7683",
            "close": "1.77315"
        },
        {
            "time": "13.12.2020 02:07",
            "open": "1.77315",
            "high": "1.77315",
            "low": "1.77315",
            "close": "1.77325"
        },
        {
            "time": "13.12.2020 02:08",
            "open": "1.77325",
            "high": "1.77325",
            "low": "1.77325",
            "close": "1.77111"
        },
        {
            "time": "13.12.2020 02:11",
            "open": "1.77111",
            "high": "1.77111",
            "low": "1.77111",
            "close": "1.7714"
        },
        {
            "time": "13.12.2020 02:13",
            "open": "1.7714",
            "high": "1.7714",
            "low": "1.7714",
            "close": "1.77325"
        },
        {
            "time": "13.12.2020 02:28",
            "open": "1.7735",
            "high": "1.7735",
            "low": "1.7735",
            "close": "1.77527"
        },
        {
            "time": "13.12.2020 02:35",
            "open": "1.77527",
            "high": "1.77527",
            "low": "1.77527",
            "close": "1.77368"
        },
        {
            "time": "13.12.2020 02:38",
            "open": "1.77368",
            "high": "1.77368",
            "low": "1.77368",
            "close": "1.77627"
        },
        {
            "time": "13.12.2020 02:45",
            "open": "1.77627",
            "high": "1.77627",
            "low": "1.77627",
            "close": "1.7753"
        },
        {
            "time": "13.12.2020 02:59",
            "open": "1.7753",
            "high": "1.7753",
            "low": "1.7753",
            "close": "1.7713"
        },
        {
            "time": "13.12.2020 03:18",
            "open": "1.7713",
            "high": "1.7713",
            "low": "1.76834",
            "close": "1.76698"
        },
        {
            "time": "13.12.2020 03:20",
            "open": "1.76698",
            "high": "1.767",
            "low": "1.76698",
            "close": "1.77094"
        },
        {
            "time": "13.12.2020 03:32",
            "open": "1.77094",
            "high": "1.77094",
            "low": "1.77094",
            "close": "1.7728"
        },
        {
            "time": "13.12.2020 03:36",
            "open": "1.7728",
            "high": "1.7728",
            "low": "1.7728",
            "close": "1.76874"
        },
        {
            "time": "13.12.2020 03:40",
            "open": "1.76874",
            "high": "1.76874",
            "low": "1.76846",
            "close": "1.76651"
        },
        {
            "time": "13.12.2020 04:06",
            "open": "1.76651",
            "high": "1.769",
            "low": "1.76651",
            "close": "1.76878"
        },
        {
            "time": "13.12.2020 04:07",
            "open": "1.76878",
            "high": "1.76878",
            "low": "1.76586",
            "close": "1.76484"
        },
        {
            "time": "13.12.2020 04:20",
            "open": "1.76484",
            "high": "1.76484",
            "low": "1.76484",
            "close": "1.76316"
        },
        {
            "time": "13.12.2020 04:39",
            "open": "1.76316",
            "high": "1.76316",
            "low": "1.76316",
            "close": "1.7638"
        },
        {
            "time": "13.12.2020 04:59",
            "open": "1.7638",
            "high": "1.7638",
            "low": "1.7638",
            "close": "1.76029"
        },
        {
            "time": "13.12.2020 05:16",
            "open": "1.76029",
            "high": "1.76029",
            "low": "1.75759",
            "close": "1.76086"
        },
        {
            "time": "13.12.2020 05:18",
            "open": "1.76086",
            "high": "1.76086",
            "low": "1.76086",
            "close": "1.76428"
        },
        {
            "time": "13.12.2020 05:31",
            "open": "1.76428",
            "high": "1.76428",
            "low": "1.76428",
            "close": "1.7683"
        },
        {
            "time": "13.12.2020 05:38",
            "open": "1.7683",
            "high": "1.7683",
            "low": "1.7683",
            "close": "1.7754"
        },
        {
            "time": "13.12.2020 06:36",
            "open": "1.7754",
            "high": "1.7754",
            "low": "1.7754",
            "close": "1.7699"
        },
        {
            "time": "13.12.2020 06:55",
            "open": "1.7699",
            "high": "1.7699",
            "low": "1.7699",
            "close": "1.7702"
        },
        {
            "time": "13.12.2020 06:56",
            "open": "1.7702",
            "high": "1.7702",
            "low": "1.7702",
            "close": "1.7715"
        },
        {
            "time": "13.12.2020 07:13",
            "open": "1.7715",
            "high": "1.7715",
            "low": "1.7715",
            "close": "1.7732"
        },
        {
            "time": "13.12.2020 07:27",
            "open": "1.7732",
            "high": "1.7732",
            "low": "1.7732",
            "close": "1.77319"
        },
        {
            "time": "13.12.2020 07:28",
            "open": "1.77319",
            "high": "1.77319",
            "low": "1.77319",
            "close": "1.7701"
        },
        {
            "time": "13.12.2020 07:33",
            "open": "1.7701",
            "high": "1.7701",
            "low": "1.7701",
            "close": "1.771"
        },
        {
            "time": "13.12.2020 07:35",
            "open": "1.771",
            "high": "1.771",
            "low": "1.771",
            "close": "1.7752"
        },
        {
            "time": "13.12.2020 07:39",
            "open": "1.7752",
            "high": "1.7752",
            "low": "1.7752",
            "close": "1.7754"
        },
        {
            "time": "13.12.2020 07:43",
            "open": "1.7754",
            "high": "1.7754",
            "low": "1.7754",
            "close": "1.77592"
        },
        {
            "time": "13.12.2020 07:47",
            "open": "1.77592",
            "high": "1.77592",
            "low": "1.77592",
            "close": "1.7786"
        },
        {
            "time": "13.12.2020 08:03",
            "open": "1.7786",
            "high": "1.7786",
            "low": "1.7786",
            "close": "1.78066"
        },
        {
            "time": "13.12.2020 08:04",
            "open": "1.78066",
            "high": "1.78066",
            "low": "1.78066",
            "close": "1.77612"
        },
        {
            "time": "13.12.2020 08:05",
            "open": "1.77612",
            "high": "1.77612",
            "low": "1.77612",
            "close": "1.77968"
        },
        {
            "time": "13.12.2020 08:07",
            "open": "1.77968",
            "high": "1.77968",
            "low": "1.77968",
            "close": "1.77952"
        },
        {
            "time": "13.12.2020 08:10",
            "open": "1.77952",
            "high": "1.77952",
            "low": "1.77952",
            "close": "1.78124"
        },
        {
            "time": "13.12.2020 08:13",
            "open": "1.78124",
            "high": "1.78299",
            "low": "1.78124",
            "close": "1.78198"
        },
        {
            "time": "13.12.2020 08:16",
            "open": "1.78198",
            "high": "1.782",
            "low": "1.78198",
            "close": "1.77852"
        },
        {
            "time": "13.12.2020 08:25",
            "open": "1.77852",
            "high": "1.77931",
            "low": "1.77852",
            "close": "1.77674"
        },
        {
            "time": "13.12.2020 08:27",
            "open": "1.77674",
            "high": "1.77674",
            "low": "1.77674",
            "close": "1.77875"
        },
        {
            "time": "13.12.2020 08:35",
            "open": "1.77875",
            "high": "1.77875",
            "low": "1.77875",
            "close": "1.7839"
        },
        {
            "time": "13.12.2020 08:37",
            "open": "1.7839",
            "high": "1.7839",
            "low": "1.7839",
            "close": "1.78436"
        },
        {
            "time": "13.12.2020 08:38",
            "open": "1.78436",
            "high": "1.785",
            "low": "1.78436",
            "close": "1.78371"
        },
        {
            "time": "13.12.2020 08:41",
            "open": "1.78371",
            "high": "1.78371",
            "low": "1.78371",
            "close": "1.78507"
        },
        {
            "time": "13.12.2020 08:44",
            "open": "1.78507",
            "high": "1.78507",
            "low": "1.78507",
            "close": "1.78482"
        },
        {
            "time": "13.12.2020 08:45",
            "open": "1.78482",
            "high": "1.78482",
            "low": "1.78482",
            "close": "1.78604"
        },
        {
            "time": "13.12.2020 08:49",
            "open": "1.78604",
            "high": "1.78604",
            "low": "1.78604",
            "close": "1.78265"
        },
        {
            "time": "13.12.2020 08:50",
            "open": "1.78265",
            "high": "1.78265",
            "low": "1.78265",
            "close": "1.78586"
        },
        {
            "time": "13.12.2020 08:56",
            "open": "1.78586",
            "high": "1.78586",
            "low": "1.78586",
            "close": "1.78575"
        },
        {
            "time": "13.12.2020 08:58",
            "open": "1.78575",
            "high": "1.7869",
            "low": "1.78575",
            "close": "1.7869"
        },
        {
            "time": "13.12.2020 08:59",
            "open": "1.7869",
            "high": "1.7869",
            "low": "1.7869",
            "close": "1.7887"
        },
        {
            "time": "13.12.2020 09:00",
            "open": "1.7887",
            "high": "1.7887",
            "low": "1.7887",
            "close": "1.7887"
        },
        {
            "time": "13.12.2020 09:03",
            "open": "1.7887",
            "high": "1.7887",
            "low": "1.7887",
            "close": "1.79"
        },
        {
            "time": "13.12.2020 09:04",
            "open": "1.79",
            "high": "1.79",
            "low": "1.79",
            "close": "1.793"
        },
        {
            "time": "13.12.2020 09:06",
            "open": "1.793",
            "high": "1.793",
            "low": "1.793",
            "close": "1.79278"
        },
        {
            "time": "13.12.2020 09:09",
            "open": "1.79278",
            "high": "1.7928",
            "low": "1.79278",
            "close": "1.7928"
        },
        {
            "time": "13.12.2020 09:12",
            "open": "1.7928",
            "high": "1.7928",
            "low": "1.7928",
            "close": "1.7926"
        },
        {
            "time": "13.12.2020 09:15",
            "open": "1.7926",
            "high": "1.7926",
            "low": "1.7926",
            "close": "1.793"
        },
        {
            "time": "13.12.2020 09:18",
            "open": "1.793",
            "high": "1.79343",
            "low": "1.793",
            "close": "1.7965"
        },
        {
            "time": "13.12.2020 09:19",
            "open": "1.7965",
            "high": "1.7965",
            "low": "1.7965",
            "close": "1.7972"
        },
        {
            "time": "13.12.2020 09:22",
            "open": "1.7972",
            "high": "1.7972",
            "low": "1.7972",
            "close": "1.79748"
        },
        {
            "time": "13.12.2020 09:23",
            "open": "1.79748",
            "high": "1.79748",
            "low": "1.79748",
            "close": "1.7928"
        },
        {
            "time": "13.12.2020 09:26",
            "open": "1.7928",
            "high": "1.7928",
            "low": "1.7928",
            "close": "1.7892"
        },
        {
            "time": "13.12.2020 09:28",
            "open": "1.7892",
            "high": "1.7892",
            "low": "1.7892",
            "close": "1.78841"
        },
        {
            "time": "13.12.2020 09:31",
            "open": "1.78841",
            "high": "1.78841",
            "low": "1.78841",
            "close": "1.79492"
        },
        {
            "time": "13.12.2020 09:35",
            "open": "1.79492",
            "high": "1.79492",
            "low": "1.79492",
            "close": "1.79181"
        },
        {
            "time": "13.12.2020 09:37",
            "open": "1.79181",
            "high": "1.79181",
            "low": "1.79181",
            "close": "1.7936"
        },
        {
            "time": "13.12.2020 09:39",
            "open": "1.7936",
            "high": "1.7936",
            "low": "1.7936",
            "close": "1.7918"
        },
        {
            "time": "13.12.2020 09:40",
            "open": "1.7918",
            "high": "1.7918",
            "low": "1.78981",
            "close": "1.7951"
        },
        {
            "time": "13.12.2020 09:44",
            "open": "1.7951",
            "high": "1.7951",
            "low": "1.7951",
            "close": "1.7958"
        },
        {
            "time": "13.12.2020 09:45",
            "open": "1.7958",
            "high": "1.79647",
            "low": "1.7958",
            "close": "1.795"
        },
        {
            "time": "13.12.2020 09:46",
            "open": "1.795",
            "high": "1.795",
            "low": "1.795",
            "close": "1.79772"
        },
        {
            "time": "13.12.2020 09:47",
            "open": "1.79772",
            "high": "1.79772",
            "low": "1.79772",
            "close": "1.7962"
        },
        {
            "time": "13.12.2020 09:51",
            "open": "1.7962",
            "high": "1.7962",
            "low": "1.7962",
            "close": "1.79295"
        },
        {
            "time": "13.12.2020 09:52",
            "open": "1.79295",
            "high": "1.7956",
            "low": "1.79295",
            "close": "1.79513"
        },
        {
            "time": "13.12.2020 09:53",
            "open": "1.79513",
            "high": "1.79513",
            "low": "1.79513",
            "close": "1.79849"
        },
        {
            "time": "13.12.2020 09:56",
            "open": "1.79849",
            "high": "1.79849",
            "low": "1.79849",
            "close": "1.79884"
        },
        {
            "time": "13.12.2020 09:57",
            "open": "1.79884",
            "high": "1.79886",
            "low": "1.79884",
            "close": "1.79886"
        },
        {
            "time": "13.12.2020 10:02",
            "open": "1.79886",
            "high": "1.79886",
            "low": "1.79513",
            "close": "1.79131"
        },
        {
            "time": "13.12.2020 10:04",
            "open": "1.79131",
            "high": "1.79131",
            "low": "1.79131",
            "close": "1.79545"
        },
        {
            "time": "13.12.2020 10:05",
            "open": "1.79545",
            "high": "1.79545",
            "low": "1.79545",
            "close": "1.7944"
        },
        {
            "time": "13.12.2020 10:07",
            "open": "1.7944",
            "high": "1.7944",
            "low": "1.7944",
            "close": "1.79393"
        },
        {
            "time": "13.12.2020 10:08",
            "open": "1.79393",
            "high": "1.79554",
            "low": "1.79393",
            "close": "1.7937"
        },
        {
            "time": "13.12.2020 10:10",
            "open": "1.7937",
            "high": "1.7937",
            "low": "1.7937",
            "close": "1.78701"
        },
        {
            "time": "13.12.2020 10:13",
            "open": "1.78701",
            "high": "1.78701",
            "low": "1.78693",
            "close": "1.78766"
        },
        {
            "time": "13.12.2020 10:14",
            "open": "1.78766",
            "high": "1.78766",
            "low": "1.78766",
            "close": "1.78901"
        },
        {
            "time": "13.12.2020 10:15",
            "open": "1.78901",
            "high": "1.78901",
            "low": "1.78901",
            "close": "1.78891"
        },
        {
            "time": "13.12.2020 10:16",
            "open": "1.78891",
            "high": "1.78891",
            "low": "1.78891",
            "close": "1.79"
        },
        {
            "time": "13.12.2020 10:22",
            "open": "1.79",
            "high": "1.79",
            "low": "1.79",
            "close": "1.78807"
        },
        {
            "time": "13.12.2020 10:23",
            "open": "1.78807",
            "high": "1.78928",
            "low": "1.78807",
            "close": "1.78687"
        },
        {
            "time": "13.12.2020 10:24",
            "open": "1.78687",
            "high": "1.7891",
            "low": "1.78687",
            "close": "1.7891"
        },
        {
            "time": "13.12.2020 10:25",
            "open": "1.7891",
            "high": "1.7891",
            "low": "1.7891",
            "close": "1.786"
        },
        {
            "time": "13.12.2020 10:30",
            "open": "1.786",
            "high": "1.786",
            "low": "1.786",
            "close": "1.786"
        },
        {
            "time": "13.12.2020 10:35",
            "open": "1.786",
            "high": "1.786",
            "low": "1.786",
            "close": "1.7857"
        },
        {
            "time": "13.12.2020 10:36",
            "open": "1.7857",
            "high": "1.7857",
            "low": "1.7857",
            "close": "1.7823"
        },
        {
            "time": "13.12.2020 10:37",
            "open": "1.7823",
            "high": "1.7823",
            "low": "1.76631",
            "close": "1.7735"
        },
        {
            "time": "13.12.2020 10:38",
            "open": "1.7735",
            "high": "1.7737",
            "low": "1.77229",
            "close": "1.7726"
        },
        {
            "time": "13.12.2020 10:39",
            "open": "1.7726",
            "high": "1.78029",
            "low": "1.7726",
            "close": "1.7783"
        },
        {
            "time": "13.12.2020 10:41",
            "open": "1.7783",
            "high": "1.7783",
            "low": "1.77757",
            "close": "1.77879"
        },
        {
            "time": "13.12.2020 10:43",
            "open": "1.77879",
            "high": "1.77879",
            "low": "1.77501",
            "close": "1.776"
        },
        {
            "time": "13.12.2020 10:44",
            "open": "1.776",
            "high": "1.77601",
            "low": "1.7738",
            "close": "1.77464"
        },
        {
            "time": "13.12.2020 10:46",
            "open": "1.77464",
            "high": "1.7766",
            "low": "1.77464",
            "close": "1.7779"
        },
        {
            "time": "13.12.2020 10:48",
            "open": "1.7779",
            "high": "1.7779",
            "low": "1.7779",
            "close": "1.77677"
        },
        {
            "time": "13.12.2020 10:50",
            "open": "1.77677",
            "high": "1.77704",
            "low": "1.77677",
            "close": "1.7777"
        },
        {
            "time": "13.12.2020 10:51",
            "open": "1.7777",
            "high": "1.7777",
            "low": "1.7777",
            "close": "1.77876"
        },
        {
            "time": "13.12.2020 10:53",
            "open": "1.77876",
            "high": "1.77876",
            "low": "1.77876",
            "close": "1.77738"
        },
        {
            "time": "13.12.2020 10:55",
            "open": "1.77738",
            "high": "1.7798",
            "low": "1.77738",
            "close": "1.78"
        },
        {
            "time": "13.12.2020 10:58",
            "open": "1.78",
            "high": "1.78",
            "low": "1.77738",
            "close": "1.7817"
        },
        {
            "time": "13.12.2020 11:01",
            "open": "1.7817",
            "high": "1.7828",
            "low": "1.7817",
            "close": "1.7821"
        },
        {
            "time": "13.12.2020 11:02",
            "open": "1.7821",
            "high": "1.7821",
            "low": "1.7821",
            "close": "1.782"
        },
        {
            "time": "13.12.2020 11:03",
            "open": "1.782",
            "high": "1.782",
            "low": "1.782",
            "close": "1.7804"
        },
        {
            "time": "13.12.2020 11:06",
            "open": "1.7804",
            "high": "1.7811",
            "low": "1.7804",
            "close": "1.7835"
        },
        {
            "time": "13.12.2020 11:11",
            "open": "1.7835",
            "high": "1.7835",
            "low": "1.7835",
            "close": "1.7831"
        },
        {
            "time": "13.12.2020 11:13",
            "open": "1.7831",
            "high": "1.7831",
            "low": "1.7831",
            "close": "1.78257"
        },
        {
            "time": "13.12.2020 11:14",
            "open": "1.78257",
            "high": "1.78257",
            "low": "1.78257",
            "close": "1.7812"
        },
        {
            "time": "13.12.2020 11:15",
            "open": "1.7812",
            "high": "1.7812",
            "low": "1.7812",
            "close": "1.7831"
        },
        {
            "time": "13.12.2020 11:17",
            "open": "1.7831",
            "high": "1.7831",
            "low": "1.7831",
            "close": "1.7806"
        },
        {
            "time": "13.12.2020 11:18",
            "open": "1.7806",
            "high": "1.7825",
            "low": "1.7806",
            "close": "1.78099"
        },
        {
            "time": "13.12.2020 11:20",
            "open": "1.78099",
            "high": "1.78099",
            "low": "1.78099",
            "close": "1.78368"
        },
        {
            "time": "13.12.2020 11:23",
            "open": "1.78368",
            "high": "1.78368",
            "low": "1.78368",
            "close": "1.7824"
        },
        {
            "time": "13.12.2020 11:24",
            "open": "1.7824",
            "high": "1.7824",
            "low": "1.7824",
            "close": "1.7828"
        },
        {
            "time": "13.12.2020 11:27",
            "open": "1.7828",
            "high": "1.7832",
            "low": "1.7828",
            "close": "1.78062"
        },
        {
            "time": "13.12.2020 11:28",
            "open": "1.78062",
            "high": "1.78062",
            "low": "1.78061",
            "close": "1.7828"
        },
        {
            "time": "13.12.2020 11:30",
            "open": "1.7828",
            "high": "1.7828",
            "low": "1.77961",
            "close": "1.7824"
        },
        {
            "time": "13.12.2020 11:31",
            "open": "1.7824",
            "high": "1.7824",
            "low": "1.7824",
            "close": "1.7823"
        },
        {
            "time": "13.12.2020 11:32",
            "open": "1.7823",
            "high": "1.7823",
            "low": "1.7823",
            "close": "1.7823"
        },
        {
            "time": "13.12.2020 11:37",
            "open": "1.7823",
            "high": "1.7823",
            "low": "1.7823",
            "close": "1.77864"
        },
        {
            "time": "13.12.2020 11:40",
            "open": "1.77864",
            "high": "1.78155",
            "low": "1.77864",
            "close": "1.7798"
        },
        {
            "time": "13.12.2020 11:50",
            "open": "1.7798",
            "high": "1.7798",
            "low": "1.7798",
            "close": "1.7828"
        },
        {
            "time": "13.12.2020 11:51",
            "open": "1.7828",
            "high": "1.7828",
            "low": "1.7828",
            "close": "1.7828"
        },
        {
            "time": "13.12.2020 11:52",
            "open": "1.7828",
            "high": "1.7868",
            "low": "1.7828",
            "close": "1.7847"
        },
        {
            "time": "13.12.2020 11:53",
            "open": "1.7847",
            "high": "1.7847",
            "low": "1.78218",
            "close": "1.7847"
        },
        {
            "time": "13.12.2020 11:55",
            "open": "1.7847",
            "high": "1.7847",
            "low": "1.7847",
            "close": "1.7839"
        },
        {
            "time": "13.12.2020 12:02",
            "open": "1.7839",
            "high": "1.7839",
            "low": "1.7839",
            "close": "1.7832"
        },
        {
            "time": "13.12.2020 12:06",
            "open": "1.7832",
            "high": "1.7832",
            "low": "1.7832",
            "close": "1.78317"
        },
        {
            "time": "13.12.2020 12:07",
            "open": "1.78317",
            "high": "1.78317",
            "low": "1.78317",
            "close": "1.78"
        },
        {
            "time": "13.12.2020 12:10",
            "open": "1.78",
            "high": "1.78",
            "low": "1.78",
            "close": "1.78"
        },
        {
            "time": "13.12.2020 12:12",
            "open": "1.78",
            "high": "1.78",
            "low": "1.78",
            "close": "1.77772"
        },
        {
            "time": "13.12.2020 12:13",
            "open": "1.77772",
            "high": "1.77772",
            "low": "1.77772",
            "close": "1.77734"
        },
        {
            "time": "13.12.2020 12:14",
            "open": "1.77734",
            "high": "1.7799",
            "low": "1.77734",
            "close": "1.78038"
        },
        {
            "time": "13.12.2020 12:29",
            "open": "1.78038",
            "high": "1.78038",
            "low": "1.78038",
            "close": "1.78034"
        },
        {
            "time": "13.12.2020 12:35",
            "open": "1.78034",
            "high": "1.78034",
            "low": "1.78034",
            "close": "1.7782"
        },
        {
            "time": "13.12.2020 12:36",
            "open": "1.7782",
            "high": "1.77973",
            "low": "1.7782",
            "close": "1.77973"
        },
        {
            "time": "13.12.2020 12:37",
            "open": "1.77973",
            "high": "1.77973",
            "low": "1.77973",
            "close": "1.77884"
        },
        {
            "time": "13.12.2020 12:45",
            "open": "1.77884",
            "high": "1.77884",
            "low": "1.77884",
            "close": "1.77975"
        },
        {
            "time": "13.12.2020 12:48",
            "open": "1.77975",
            "high": "1.77975",
            "low": "1.77975",
            "close": "1.78"
        },
        {
            "time": "13.12.2020 12:50",
            "open": "1.78",
            "high": "1.78",
            "low": "1.78",
            "close": "1.78"
        },
        {
            "time": "13.12.2020 12:52",
            "open": "1.78",
            "high": "1.78",
            "low": "1.7793",
            "close": "1.77764"
        },
        {
            "time": "13.12.2020 12:55",
            "open": "1.77764",
            "high": "1.78006",
            "low": "1.77764",
            "close": "1.77956"
        },
        {
            "time": "13.12.2020 12:57",
            "open": "1.77956",
            "high": "1.77956",
            "low": "1.77956",
            "close": "1.78118"
        },
        {
            "time": "13.12.2020 13:02",
            "open": "1.78118",
            "high": "1.78118",
            "low": "1.78118",
            "close": "1.7798"
        },
        {
            "time": "13.12.2020 13:09",
            "open": "1.7798",
            "high": "1.7798",
            "low": "1.7798",
            "close": "1.77759"
        },
        {
            "time": "13.12.2020 13:10",
            "open": "1.77759",
            "high": "1.77968",
            "low": "1.77759",
            "close": "1.77939"
        },
        {
            "time": "13.12.2020 13:13",
            "open": "1.77939",
            "high": "1.77939",
            "low": "1.77939",
            "close": "1.78"
        },
        {
            "time": "13.12.2020 13:25",
            "open": "1.78",
            "high": "1.78",
            "low": "1.78",
            "close": "1.78003"
        },
        {
            "time": "13.12.2020 13:29",
            "open": "1.78003",
            "high": "1.78003",
            "low": "1.78003",
            "close": "1.77962"
        },
        {
            "time": "13.12.2020 13:31",
            "open": "1.77962",
            "high": "1.77962",
            "low": "1.77962",
            "close": "1.78048"
        },
        {
            "time": "13.12.2020 13:34",
            "open": "1.78048",
            "high": "1.78048",
            "low": "1.78048",
            "close": "1.78187"
        },
        {
            "time": "13.12.2020 13:49",
            "open": "1.78187",
            "high": "1.78187",
            "low": "1.78187",
            "close": "1.78187"
        },
        {
            "time": "13.12.2020 13:51",
            "open": "1.78187",
            "high": "1.782",
            "low": "1.78187",
            "close": "1.782"
        },
        {
            "time": "13.12.2020 13:55",
            "open": "1.782",
            "high": "1.782",
            "low": "1.782",
            "close": "1.7845"
        },
        {
            "time": "13.12.2020 13:59",
            "open": "1.7845",
            "high": "1.7845",
            "low": "1.7845",
            "close": "1.7845"
        },
        {
            "time": "13.12.2020 14:00",
            "open": "1.7845",
            "high": "1.7845",
            "low": "1.7845",
            "close": "1.7877"
        },
        {
            "time": "13.12.2020 14:02",
            "open": "1.7877",
            "high": "1.7877",
            "low": "1.7877",
            "close": "1.78843"
        },
        {
            "time": "13.12.2020 14:04",
            "open": "1.78843",
            "high": "1.7897",
            "low": "1.78843",
            "close": "1.78989"
        },
        {
            "time": "13.12.2020 14:06",
            "open": "1.78989",
            "high": "1.78989",
            "low": "1.78989",
            "close": "1.79"
        },
        {
            "time": "13.12.2020 14:07",
            "open": "1.79",
            "high": "1.79",
            "low": "1.79",
            "close": "1.78995"
        },
        {
            "time": "13.12.2020 14:09",
            "open": "1.78995",
            "high": "1.79",
            "low": "1.78995",
            "close": "1.78498"
        },
        {
            "time": "13.12.2020 14:11",
            "open": "1.78498",
            "high": "1.78498",
            "low": "1.78498",
            "close": "1.79"
        },
        {
            "time": "13.12.2020 14:17",
            "open": "1.79",
            "high": "1.79",
            "low": "1.79",
            "close": "1.78998"
        },
        {
            "time": "13.12.2020 14:18",
            "open": "1.78998",
            "high": "1.78999",
            "low": "1.78998",
            "close": "1.79"
        },
        {
            "time": "13.12.2020 14:19",
            "open": "1.79",
            "high": "1.79",
            "low": "1.79",
            "close": "1.79"
        },
        {
            "time": "13.12.2020 14:20",
            "open": "1.79",
            "high": "1.7919",
            "low": "1.79",
            "close": "1.79021"
        },
        {
            "time": "13.12.2020 14:23",
            "open": "1.79021",
            "high": "1.79021",
            "low": "1.78887",
            "close": "1.7877"
        },
        {
            "time": "13.12.2020 14:26",
            "open": "1.7877",
            "high": "1.7891",
            "low": "1.7877",
            "close": "1.7892"
        },
        {
            "time": "13.12.2020 14:27",
            "open": "1.7892",
            "high": "1.7892",
            "low": "1.7892",
            "close": "1.78887"
        },
        {
            "time": "13.12.2020 14:29",
            "open": "1.78887",
            "high": "1.78887",
            "low": "1.7881",
            "close": "1.78754"
        },
        {
            "time": "13.12.2020 14:30",
            "open": "1.78754",
            "high": "1.79086",
            "low": "1.78754",
            "close": "1.78947"
        },
        {
            "time": "13.12.2020 14:31",
            "open": "1.78947",
            "high": "1.78947",
            "low": "1.78947",
            "close": "1.7893"
        },
        {
            "time": "13.12.2020 14:32",
            "open": "1.7893",
            "high": "1.78981",
            "low": "1.78657",
            "close": "1.78889"
        },
        {
            "time": "13.12.2020 14:34",
            "open": "1.78889",
            "high": "1.78889",
            "low": "1.78889",
            "close": "1.7888"
        },
        {
            "time": "13.12.2020 14:35",
            "open": "1.7888",
            "high": "1.7913",
            "low": "1.7888",
            "close": "1.7899"
        },
        {
            "time": "13.12.2020 14:36",
            "open": "1.7899",
            "high": "1.7899",
            "low": "1.7899",
            "close": "1.78656"
        },
        {
            "time": "13.12.2020 14:37",
            "open": "1.78656",
            "high": "1.78945",
            "low": "1.78656",
            "close": "1.78918"
        },
        {
            "time": "13.12.2020 14:38",
            "open": "1.78918",
            "high": "1.78918",
            "low": "1.78918",
            "close": "1.78899"
        },
        {
            "time": "13.12.2020 14:39",
            "open": "1.78899",
            "high": "1.78899",
            "low": "1.78899",
            "close": "1.78899"
        },
        {
            "time": "13.12.2020 14:40",
            "open": "1.78899",
            "high": "1.78899",
            "low": "1.78899",
            "close": "1.79"
        },
        {
            "time": "13.12.2020 14:42",
            "open": "1.79",
            "high": "1.79",
            "low": "1.79",
            "close": "1.7874"
        },
        {
            "time": "13.12.2020 14:44",
            "open": "1.7874",
            "high": "1.7874",
            "low": "1.78729",
            "close": "1.78969"
        },
        {
            "time": "13.12.2020 14:45",
            "open": "1.78969",
            "high": "1.78969",
            "low": "1.78969",
            "close": "1.7869"
        },
        {
            "time": "13.12.2020 14:49",
            "open": "1.7869",
            "high": "1.7869",
            "low": "1.7869",
            "close": "1.78366"
        },
        {
            "time": "13.12.2020 14:50",
            "open": "1.78366",
            "high": "1.78366",
            "low": "1.78366",
            "close": "1.78779"
        },
        {
            "time": "13.12.2020 14:51",
            "open": "1.78779",
            "high": "1.78779",
            "low": "1.78779",
            "close": "1.78729"
        },
        {
            "time": "13.12.2020 14:52",
            "open": "1.78729",
            "high": "1.78729",
            "low": "1.78729",
            "close": "1.78837"
        },
        {
            "time": "13.12.2020 14:54",
            "open": "1.78837",
            "high": "1.78837",
            "low": "1.78837",
            "close": "1.78543"
        },
        {
            "time": "13.12.2020 14:55",
            "open": "1.78543",
            "high": "1.7883",
            "low": "1.78543",
            "close": "1.78586"
        },
        {
            "time": "13.12.2020 14:58",
            "open": "1.78586",
            "high": "1.78931",
            "low": "1.78586",
            "close": "1.78653"
        },
        {
            "time": "13.12.2020 14:59",
            "open": "1.78653",
            "high": "1.7894",
            "low": "1.78653",
            "close": "1.78871"
        },
        {
            "time": "13.12.2020 15:00",
            "open": "1.78871",
            "high": "1.78871",
            "low": "1.78871",
            "close": "1.78499"
        },
        {
            "time": "13.12.2020 15:02",
            "open": "1.78499",
            "high": "1.78499",
            "low": "1.78195",
            "close": "1.78452"
        },
        {
            "time": "13.12.2020 15:03",
            "open": "1.78452",
            "high": "1.78452",
            "low": "1.78452",
            "close": "1.78558"
        },
        {
            "time": "13.12.2020 15:10",
            "open": "1.78558",
            "high": "1.78558",
            "low": "1.78558",
            "close": "1.78789"
        },
        {
            "time": "13.12.2020 15:12",
            "open": "1.78789",
            "high": "1.78789",
            "low": "1.78789",
            "close": "1.78584"
        },
        {
            "time": "13.12.2020 15:14",
            "open": "1.78584",
            "high": "1.78584",
            "low": "1.78584",
            "close": "1.78997"
        },
        {
            "time": "13.12.2020 15:15",
            "open": "1.78997",
            "high": "1.78997",
            "low": "1.78997",
            "close": "1.79"
        },
        {
            "time": "13.12.2020 15:18",
            "open": "1.79",
            "high": "1.79",
            "low": "1.79",
            "close": "1.79444"
        },
        {
            "time": "13.12.2020 15:19",
            "open": "1.79444",
            "high": "1.79444",
            "low": "1.79444",
            "close": "1.79215"
        },
        {
            "time": "13.12.2020 15:20",
            "open": "1.79215",
            "high": "1.79215",
            "low": "1.79215",
            "close": "1.7943"
        },
        {
            "time": "13.12.2020 15:24",
            "open": "1.7943",
            "high": "1.7943",
            "low": "1.7943",
            "close": "1.7924"
        },
        {
            "time": "13.12.2020 15:26",
            "open": "1.7924",
            "high": "1.7924",
            "low": "1.7924",
            "close": "1.7926"
        },
        {
            "time": "13.12.2020 15:28",
            "open": "1.7926",
            "high": "1.7926",
            "low": "1.7926",
            "close": "1.791"
        },
        {
            "time": "13.12.2020 15:29",
            "open": "1.791",
            "high": "1.791",
            "low": "1.78842",
            "close": "1.78596"
        },
        {
            "time": "13.12.2020 15:33",
            "open": "1.78596",
            "high": "1.78596",
            "low": "1.78596",
            "close": "1.78452"
        },
        {
            "time": "13.12.2020 15:35",
            "open": "1.78452",
            "high": "1.78452",
            "low": "1.78452",
            "close": "1.78315"
        },
        {
            "time": "13.12.2020 15:42",
            "open": "1.78315",
            "high": "1.78315",
            "low": "1.78002",
            "close": "1.7801"
        },
        {
            "time": "13.12.2020 15:43",
            "open": "1.7801",
            "high": "1.7801",
            "low": "1.7801",
            "close": "1.77906"
        },
        {
            "time": "13.12.2020 15:46",
            "open": "1.77906",
            "high": "1.77906",
            "low": "1.77906",
            "close": "1.7795"
        },
        {
            "time": "13.12.2020 15:47",
            "open": "1.7795",
            "high": "1.78281",
            "low": "1.77933",
            "close": "1.78338"
        },
        {
            "time": "13.12.2020 15:53",
            "open": "1.78338",
            "high": "1.78338",
            "low": "1.78338",
            "close": "1.783"
        },
        {
            "time": "13.12.2020 15:54",
            "open": "1.783",
            "high": "1.783",
            "low": "1.783",
            "close": "1.78404"
        },
        {
            "time": "13.12.2020 15:57",
            "open": "1.78404",
            "high": "1.78404",
            "low": "1.78404",
            "close": "1.78506"
        },
        {
            "time": "13.12.2020 15:59",
            "open": "1.78506",
            "high": "1.78506",
            "low": "1.78506",
            "close": "1.78321"
        },
        {
            "time": "13.12.2020 16:00",
            "open": "1.78321",
            "high": "1.78321",
            "low": "1.78321",
            "close": "1.7843"
        },
        {
            "time": "13.12.2020 16:04",
            "open": "1.7843",
            "high": "1.7843",
            "low": "1.7843",
            "close": "1.7853"
        },
        {
            "time": "13.12.2020 16:08",
            "open": "1.7853",
            "high": "1.7853",
            "low": "1.7853",
            "close": "1.78536"
        },
        {
            "time": "13.12.2020 16:09",
            "open": "1.78536",
            "high": "1.7873",
            "low": "1.78536",
            "close": "1.78382"
        },
        {
            "time": "13.12.2020 16:10",
            "open": "1.78382",
            "high": "1.7865",
            "low": "1.78382",
            "close": "1.77922"
        },
        {
            "time": "13.12.2020 16:13",
            "open": "1.77922",
            "high": "1.77922",
            "low": "1.77922",
            "close": "1.78069"
        },
        {
            "time": "13.12.2020 16:15",
            "open": "1.78069",
            "high": "1.78069",
            "low": "1.78069",
            "close": "1.7808"
        },
        {
            "time": "13.12.2020 16:17",
            "open": "1.7808",
            "high": "1.78298",
            "low": "1.7808",
            "close": "1.7742"
        },
        {
            "time": "13.12.2020 16:19",
            "open": "1.7742",
            "high": "1.7742",
            "low": "1.7742",
            "close": "1.77938"
        },
        {
            "time": "13.12.2020 16:22",
            "open": "1.77938",
            "high": "1.77938",
            "low": "1.77938",
            "close": "1.78045"
        },
        {
            "time": "13.12.2020 16:25",
            "open": "1.78045",
            "high": "1.78045",
            "low": "1.78043",
            "close": "1.7816"
        },
        {
            "time": "13.12.2020 16:27",
            "open": "1.7816",
            "high": "1.7816",
            "low": "1.7816",
            "close": "1.77891"
        },
        {
            "time": "13.12.2020 16:30",
            "open": "1.77891",
            "high": "1.77891",
            "low": "1.77891",
            "close": "1.78179"
        },
        {
            "time": "13.12.2020 16:33",
            "open": "1.78179",
            "high": "1.78179",
            "low": "1.78179",
            "close": "1.7799"
        },
        {
            "time": "13.12.2020 16:34",
            "open": "1.7799",
            "high": "1.7799",
            "low": "1.7799",
            "close": "1.78179"
        },
        {
            "time": "13.12.2020 16:35",
            "open": "1.78179",
            "high": "1.78179",
            "low": "1.78179",
            "close": "1.78645"
        },
        {
            "time": "13.12.2020 16:36",
            "open": "1.78645",
            "high": "1.78645",
            "low": "1.78645",
            "close": "1.78274"
        },
        {
            "time": "13.12.2020 16:37",
            "open": "1.78274",
            "high": "1.78274",
            "low": "1.78274",
            "close": "1.78879"
        },
        {
            "time": "13.12.2020 16:41",
            "open": "1.78879",
            "high": "1.78879",
            "low": "1.78879",
            "close": "1.78861"
        },
        {
            "time": "13.12.2020 16:42",
            "open": "1.78861",
            "high": "1.78861",
            "low": "1.78861",
            "close": "1.7852"
        },
        {
            "time": "13.12.2020 16:44",
            "open": "1.7852",
            "high": "1.7852",
            "low": "1.7852",
            "close": "1.78826"
        },
        {
            "time": "13.12.2020 16:47",
            "open": "1.78826",
            "high": "1.78826",
            "low": "1.78826",
            "close": "1.78769"
        },
        {
            "time": "13.12.2020 16:48",
            "open": "1.78769",
            "high": "1.78769",
            "low": "1.78769",
            "close": "1.78618"
        },
        {
            "time": "13.12.2020 16:52",
            "open": "1.78618",
            "high": "1.78618",
            "low": "1.78618",
            "close": "1.78526"
        },
        {
            "time": "13.12.2020 16:53",
            "open": "1.78526",
            "high": "1.78526",
            "low": "1.78082",
            "close": "1.78531"
        },
        {
            "time": "13.12.2020 16:56",
            "open": "1.78531",
            "high": "1.78531",
            "low": "1.78531",
            "close": "1.78648"
        },
        {
            "time": "13.12.2020 16:57",
            "open": "1.78648",
            "high": "1.78758",
            "low": "1.78648",
            "close": "1.78352"
        },
        {
            "time": "13.12.2020 17:00",
            "open": "1.78352",
            "high": "1.79",
            "low": "1.78352",
            "close": "1.79398"
        },
        {
            "time": "13.12.2020 17:01",
            "open": "1.79398",
            "high": "1.79529",
            "low": "1.79398",
            "close": "1.7917"
        },
        {
            "time": "13.12.2020 17:02",
            "open": "1.7917",
            "high": "1.7917",
            "low": "1.7917",
            "close": "1.7937"
        },
        {
            "time": "13.12.2020 17:03",
            "open": "1.7937",
            "high": "1.794",
            "low": "1.7937",
            "close": "1.7963"
        },
        {
            "time": "13.12.2020 17:05",
            "open": "1.7963",
            "high": "1.7963",
            "low": "1.7963",
            "close": "1.7964"
        },
        {
            "time": "13.12.2020 17:06",
            "open": "1.7964",
            "high": "1.7964",
            "low": "1.7964",
            "close": "1.79785"
        },
        {
            "time": "13.12.2020 17:10",
            "open": "1.79785",
            "high": "1.79785",
            "low": "1.79785",
            "close": "1.79549"
        },
        {
            "time": "13.12.2020 17:11",
            "open": "1.79549",
            "high": "1.79549",
            "low": "1.79515",
            "close": "1.79261"
        },
        {
            "time": "13.12.2020 17:12",
            "open": "1.79261",
            "high": "1.79261",
            "low": "1.79261",
            "close": "1.79"
        },
        {
            "time": "13.12.2020 17:15",
            "open": "1.79",
            "high": "1.79",
            "low": "1.79",
            "close": "1.78896"
        },
        {
            "time": "13.12.2020 17:16",
            "open": "1.78896",
            "high": "1.7914",
            "low": "1.78896",
            "close": "1.79745"
        },
        {
            "time": "13.12.2020 17:20",
            "open": "1.79745",
            "high": "1.79745",
            "low": "1.79745",
            "close": "1.79775"
        },
        {
            "time": "13.12.2020 17:21",
            "open": "1.79775",
            "high": "1.79775",
            "low": "1.79775",
            "close": "1.79914"
        },
        {
            "time": "13.12.2020 17:22",
            "open": "1.79914",
            "high": "1.79914",
            "low": "1.79914",
            "close": "1.79984"
        },
        {
            "time": "13.12.2020 17:23",
            "open": "1.79984",
            "high": "1.8",
            "low": "1.79984",
            "close": "1.8025"
        },
        {
            "time": "13.12.2020 17:25",
            "open": "1.8025",
            "high": "1.8025",
            "low": "1.8025",
            "close": "1.8025"
        },
        {
            "time": "13.12.2020 17:27",
            "open": "1.8025",
            "high": "1.80295",
            "low": "1.8025",
            "close": "1.81"
        },
        {
            "time": "13.12.2020 17:30",
            "open": "1.81",
            "high": "1.814",
            "low": "1.81",
            "close": "1.814"
        },
        {
            "time": "13.12.2020 17:31",
            "open": "1.814",
            "high": "1.814",
            "low": "1.814",
            "close": "1.81475"
        },
        {
            "time": "13.12.2020 17:32",
            "open": "1.81475",
            "high": "1.81475",
            "low": "1.81475",
            "close": "1.81744"
        },
        {
            "time": "13.12.2020 17:33",
            "open": "1.81744",
            "high": "1.81744",
            "low": "1.81744",
            "close": "1.81822"
        },
        {
            "time": "13.12.2020 17:34",
            "open": "1.81822",
            "high": "1.82272",
            "low": "1.81822",
            "close": "1.821"
        },
        {
            "time": "13.12.2020 17:35",
            "open": "1.821",
            "high": "1.8246",
            "low": "1.821",
            "close": "1.8265"
        },
        {
            "time": "13.12.2020 17:36",
            "open": "1.8265",
            "high": "1.8306",
            "low": "1.8265",
            "close": "1.83194"
        },
        {
            "time": "13.12.2020 17:37",
            "open": "1.83194",
            "high": "1.83194",
            "low": "1.82912",
            "close": "1.83301"
        },
        {
            "time": "13.12.2020 17:38",
            "open": "1.83301",
            "high": "1.83301",
            "low": "1.83301",
            "close": "1.83558"
        },
        {
            "time": "13.12.2020 17:39",
            "open": "1.83558",
            "high": "1.83569",
            "low": "1.83558",
            "close": "1.82542"
        },
        {
            "time": "13.12.2020 17:41",
            "open": "1.82542",
            "high": "1.82563",
            "low": "1.82282",
            "close": "1.8284"
        },
        {
            "time": "13.12.2020 17:42",
            "open": "1.8284",
            "high": "1.83093",
            "low": "1.8284",
            "close": "1.83236"
        },
        {
            "time": "13.12.2020 17:44",
            "open": "1.83236",
            "high": "1.84075",
            "low": "1.83236",
            "close": "1.82844"
        },
        {
            "time": "13.12.2020 17:47",
            "open": "1.82844",
            "high": "1.82844",
            "low": "1.82844",
            "close": "1.83428"
        },
        {
            "time": "13.12.2020 17:48",
            "open": "1.83428",
            "high": "1.8343",
            "low": "1.83428",
            "close": "1.83481"
        },
        {
            "time": "13.12.2020 17:50",
            "open": "1.83481",
            "high": "1.83481",
            "low": "1.8337",
            "close": "1.83148"
        },
        {
            "time": "13.12.2020 17:51",
            "open": "1.83148",
            "high": "1.8315",
            "low": "1.82828",
            "close": "1.82581"
        },
        {
            "time": "13.12.2020 17:54",
            "open": "1.82581",
            "high": "1.82927",
            "low": "1.82541",
            "close": "1.82927"
        },
        {
            "time": "13.12.2020 17:55",
            "open": "1.82927",
            "high": "1.8337",
            "low": "1.82927",
            "close": "1.8353"
        },
        {
            "time": "13.12.2020 17:56",
            "open": "1.8353",
            "high": "1.8353",
            "low": "1.83192",
            "close": "1.82916"
        },
        {
            "time": "13.12.2020 17:57",
            "open": "1.82916",
            "high": "1.82916",
            "low": "1.82848",
            "close": "1.82832"
        },
        {
            "time": "13.12.2020 18:00",
            "open": "1.82832",
            "high": "1.82847",
            "low": "1.82832",
            "close": "1.8258"
        },
        {
            "time": "13.12.2020 18:01",
            "open": "1.8258",
            "high": "1.83173",
            "low": "1.8258",
            "close": "1.83814"
        },
        {
            "time": "13.12.2020 18:06",
            "open": "1.83814",
            "high": "1.83814",
            "low": "1.83529",
            "close": "1.83501"
        },
        {
            "time": "13.12.2020 18:07",
            "open": "1.83501",
            "high": "1.83501",
            "low": "1.83326",
            "close": "1.82779"
        },
        {
            "time": "13.12.2020 18:09",
            "open": "1.82779",
            "high": "1.82779",
            "low": "1.82622",
            "close": "1.8298"
        },
        {
            "time": "13.12.2020 18:10",
            "open": "1.8298",
            "high": "1.8298",
            "low": "1.8298",
            "close": "1.8304"
        },
        {
            "time": "13.12.2020 18:11",
            "open": "1.8304",
            "high": "1.83424",
            "low": "1.8304",
            "close": "1.83541"
        },
        {
            "time": "13.12.2020 18:13",
            "open": "1.83541",
            "high": "1.83541",
            "low": "1.83295",
            "close": "1.8332"
        },
        {
            "time": "13.12.2020 18:14",
            "open": "1.8332",
            "high": "1.8332",
            "low": "1.83308",
            "close": "1.83445"
        },
        {
            "time": "13.12.2020 18:17",
            "open": "1.83445",
            "high": "1.83445",
            "low": "1.83445",
            "close": "1.82777"
        },
        {
            "time": "13.12.2020 18:20",
            "open": "1.82777",
            "high": "1.82777",
            "low": "1.82777",
            "close": "1.82848"
        },
        {
            "time": "13.12.2020 18:26",
            "open": "1.82848",
            "high": "1.82848",
            "low": "1.82848",
            "close": "1.82912"
        },
        {
            "time": "13.12.2020 18:27",
            "open": "1.82912",
            "high": "1.83154",
            "low": "1.82447",
            "close": "1.82447"
        },
        {
            "time": "13.12.2020 18:28",
            "open": "1.82447",
            "high": "1.82449",
            "low": "1.82447",
            "close": "1.8261"
        },
        {
            "time": "13.12.2020 18:30",
            "open": "1.8261",
            "high": "1.8261",
            "low": "1.8261",
            "close": "1.8275"
        },
        {
            "time": "13.12.2020 18:32",
            "open": "1.8275",
            "high": "1.8275",
            "low": "1.826",
            "close": "1.82818"
        },
        {
            "time": "13.12.2020 18:33",
            "open": "1.82818",
            "high": "1.82821",
            "low": "1.82818",
            "close": "1.82896"
        },
        {
            "time": "13.12.2020 18:34",
            "open": "1.82896",
            "high": "1.82896",
            "low": "1.82896",
            "close": "1.826"
        },
        {
            "time": "13.12.2020 18:35",
            "open": "1.826",
            "high": "1.826",
            "low": "1.82454",
            "close": "1.82598"
        },
        {
            "time": "13.12.2020 18:37",
            "open": "1.82598",
            "high": "1.82598",
            "low": "1.82598",
            "close": "1.83038"
        },
        {
            "time": "13.12.2020 18:46",
            "open": "1.83038",
            "high": "1.83038",
            "low": "1.83038",
            "close": "1.83092"
        },
        {
            "time": "13.12.2020 18:53",
            "open": "1.83092",
            "high": "1.83092",
            "low": "1.82866",
            "close": "1.83158"
        },
        {
            "time": "13.12.2020 18:55",
            "open": "1.83158",
            "high": "1.83158",
            "low": "1.83158",
            "close": "1.82802"
        },
        {
            "time": "13.12.2020 18:56",
            "open": "1.82802",
            "high": "1.83068",
            "low": "1.82802",
            "close": "1.83166"
        },
        {
            "time": "13.12.2020 18:58",
            "open": "1.83166",
            "high": "1.83298",
            "low": "1.83166",
            "close": "1.83659"
        },
        {
            "time": "13.12.2020 19:04",
            "open": "1.83659",
            "high": "1.83659",
            "low": "1.83659",
            "close": "1.83018"
        },
        {
            "time": "13.12.2020 19:06",
            "open": "1.83018",
            "high": "1.83018",
            "low": "1.83018",
            "close": "1.82681"
        },
        {
            "time": "13.12.2020 19:07",
            "open": "1.82681",
            "high": "1.82681",
            "low": "1.82681",
            "close": "1.82616"
        },
        {
            "time": "13.12.2020 19:09",
            "open": "1.82616",
            "high": "1.8332",
            "low": "1.82616",
            "close": "1.83141"
        },
        {
            "time": "13.12.2020 19:11",
            "open": "1.83141",
            "high": "1.83518",
            "low": "1.83141",
            "close": "1.83569"
        },
        {
            "time": "13.12.2020 19:12",
            "open": "1.83569",
            "high": "1.8431",
            "low": "1.83569",
            "close": "1.84619"
        },
        {
            "time": "13.12.2020 19:13",
            "open": "1.84619",
            "high": "1.85",
            "low": "1.84566",
            "close": "1.84976"
        },
        {
            "time": "13.12.2020 19:14",
            "open": "1.84976",
            "high": "1.84988",
            "low": "1.84976",
            "close": "1.84915"
        },
        {
            "time": "13.12.2020 19:15",
            "open": "1.84915",
            "high": "1.851",
            "low": "1.84915",
            "close": "1.851"
        },
        {
            "time": "13.12.2020 19:16",
            "open": "1.851",
            "high": "1.8517",
            "low": "1.851",
            "close": "1.84664"
        },
        {
            "time": "13.12.2020 19:18",
            "open": "1.84664",
            "high": "1.8489",
            "low": "1.84664",
            "close": "1.84725"
        },
        {
            "time": "13.12.2020 19:20",
            "open": "1.84725",
            "high": "1.84727",
            "low": "1.84725",
            "close": "1.851"
        },
        {
            "time": "13.12.2020 19:23",
            "open": "1.851",
            "high": "1.85101",
            "low": "1.851",
            "close": "1.84838"
        },
        {
            "time": "13.12.2020 19:25",
            "open": "1.84838",
            "high": "1.84838",
            "low": "1.84838",
            "close": "1.85"
        },
        {
            "time": "13.12.2020 19:27",
            "open": "1.85",
            "high": "1.85",
            "low": "1.85",
            "close": "1.8549"
        },
        {
            "time": "13.12.2020 19:28",
            "open": "1.8549",
            "high": "1.85721",
            "low": "1.8549",
            "close": "1.85996"
        },
        {
            "time": "13.12.2020 19:29",
            "open": "1.85996",
            "high": "1.86546",
            "low": "1.85566",
            "close": "1.86169"
        },
        {
            "time": "13.12.2020 19:30",
            "open": "1.86169",
            "high": "1.86546",
            "low": "1.86169",
            "close": "1.86546"
        },
        {
            "time": "13.12.2020 19:31",
            "open": "1.86546",
            "high": "1.8656",
            "low": "1.86546",
            "close": "1.86751"
        },
        {
            "time": "13.12.2020 19:32",
            "open": "1.86751",
            "high": "1.86751",
            "low": "1.86751",
            "close": "1.86865"
        },
        {
            "time": "13.12.2020 19:33",
            "open": "1.86865",
            "high": "1.87022",
            "low": "1.86865",
            "close": "1.86587"
        },
        {
            "time": "13.12.2020 19:35",
            "open": "1.86587",
            "high": "1.86698",
            "low": "1.86587",
            "close": "1.8664"
        },
        {
            "time": "13.12.2020 19:36",
            "open": "1.8664",
            "high": "1.86779",
            "low": "1.8664",
            "close": "1.86525"
        },
        {
            "time": "13.12.2020 19:37",
            "open": "1.86525",
            "high": "1.86525",
            "low": "1.86525",
            "close": "1.871"
        },
        {
            "time": "13.12.2020 19:38",
            "open": "1.871",
            "high": "1.871",
            "low": "1.871",
            "close": "1.87218"
        },
        {
            "time": "13.12.2020 19:39",
            "open": "1.87218",
            "high": "1.87218",
            "low": "1.87218",
            "close": "1.867"
        },
        {
            "time": "13.12.2020 19:40",
            "open": "1.867",
            "high": "1.867",
            "low": "1.867",
            "close": "1.8485"
        },
        {
            "time": "13.12.2020 19:51",
            "open": "1.8485",
            "high": "1.8485",
            "low": "1.8485",
            "close": "1.84911"
        },
        {
            "time": "13.12.2020 19:53",
            "open": "1.84911",
            "high": "1.84911",
            "low": "1.84911",
            "close": "1.85467"
        },
        {
            "time": "13.12.2020 19:58",
            "open": "1.85467",
            "high": "1.85506",
            "low": "1.85467",
            "close": "1.85413"
        },
        {
            "time": "13.12.2020 20:00",
            "open": "1.85413",
            "high": "1.85413",
            "low": "1.85413",
            "close": "1.8518"
        },
        {
            "time": "13.12.2020 20:03",
            "open": "1.8518",
            "high": "1.8518",
            "low": "1.8518",
            "close": "1.85647"
        },
        {
            "time": "13.12.2020 20:04",
            "open": "1.85647",
            "high": "1.85647",
            "low": "1.85647",
            "close": "1.8539"
        },
        {
            "time": "13.12.2020 20:05",
            "open": "1.8539",
            "high": "1.8539",
            "low": "1.8539",
            "close": "1.8551"
        },
        {
            "time": "13.12.2020 20:07",
            "open": "1.8551",
            "high": "1.8551",
            "low": "1.8551",
            "close": "1.85191"
        },
        {
            "time": "13.12.2020 20:10",
            "open": "1.85191",
            "high": "1.85191",
            "low": "1.85191",
            "close": "1.85325"
        },
        {
            "time": "13.12.2020 20:11",
            "open": "1.85325",
            "high": "1.85325",
            "low": "1.85325",
            "close": "1.85475"
        },
        {
            "time": "13.12.2020 20:12",
            "open": "1.85475",
            "high": "1.85475",
            "low": "1.85475",
            "close": "1.85647"
        },
        {
            "time": "13.12.2020 20:14",
            "open": "1.85647",
            "high": "1.85647",
            "low": "1.85249",
            "close": "1.85475"
        },
        {
            "time": "13.12.2020 20:15",
            "open": "1.85475",
            "high": "1.85475",
            "low": "1.85475",
            "close": "1.85241"
        },
        {
            "time": "13.12.2020 20:16",
            "open": "1.85241",
            "high": "1.85241",
            "low": "1.85241",
            "close": "1.85241"
        },
        {
            "time": "13.12.2020 20:17",
            "open": "1.85241",
            "high": "1.8528",
            "low": "1.85241",
            "close": "1.85643"
        },
        {
            "time": "13.12.2020 20:21",
            "open": "1.85643",
            "high": "1.85643",
            "low": "1.85643",
            "close": "1.85997"
        },
        {
            "time": "13.12.2020 20:24",
            "open": "1.85997",
            "high": "1.85997",
            "low": "1.85997",
            "close": "1.85681"
        },
        {
            "time": "13.12.2020 20:25",
            "open": "1.85681",
            "high": "1.85681",
            "low": "1.85681",
            "close": "1.86147"
        },
        {
            "time": "13.12.2020 20:27",
            "open": "1.86147",
            "high": "1.86147",
            "low": "1.86147",
            "close": "1.86206"
        },
        {
            "time": "13.12.2020 20:29",
            "open": "1.86206",
            "high": "1.86206",
            "low": "1.86206",
            "close": "1.86169"
        },
        {
            "time": "13.12.2020 20:30",
            "open": "1.86169",
            "high": "1.86337",
            "low": "1.86169",
            "close": "1.86337"
        },
        {
            "time": "13.12.2020 20:33",
            "open": "1.86337",
            "high": "1.86382",
            "low": "1.86337",
            "close": "1.8622"
        },
        {
            "time": "13.12.2020 20:38",
            "open": "1.8622",
            "high": "1.8622",
            "low": "1.8622",
            "close": "1.8616"
        },
        {
            "time": "13.12.2020 20:39",
            "open": "1.8616",
            "high": "1.8616",
            "low": "1.86051",
            "close": "1.86137"
        },
        {
            "time": "13.12.2020 20:42",
            "open": "1.86137",
            "high": "1.86345",
            "low": "1.86137",
            "close": "1.86122"
        },
        {
            "time": "13.12.2020 20:46",
            "open": "1.86122",
            "high": "1.86122",
            "low": "1.86122",
            "close": "1.8627"
        },
        {
            "time": "13.12.2020 20:50",
            "open": "1.8627",
            "high": "1.8627",
            "low": "1.8627",
            "close": "1.85898"
        },
        {
            "time": "13.12.2020 20:51",
            "open": "1.85898",
            "high": "1.85898",
            "low": "1.85898",
            "close": "1.85923"
        },
        {
            "time": "13.12.2020 20:52",
            "open": "1.85923",
            "high": "1.85923",
            "low": "1.85923",
            "close": "1.85569"
        },
        {
            "time": "13.12.2020 20:55",
            "open": "1.85569",
            "high": "1.85569",
            "low": "1.85569",
            "close": "1.85551"
        },
        {
            "time": "13.12.2020 20:57",
            "open": "1.85551",
            "high": "1.85551",
            "low": "1.85551",
            "close": "1.85564"
        },
        {
            "time": "13.12.2020 20:58",
            "open": "1.85564",
            "high": "1.85564",
            "low": "1.85564",
            "close": "1.85501"
        },
        {
            "time": "13.12.2020 20:59",
            "open": "1.85501",
            "high": "1.85501",
            "low": "1.85501",
            "close": "1.85759"
        },
        {
            "time": "13.12.2020 21:01",
            "open": "1.85759",
            "high": "1.85759",
            "low": "1.85757",
            "close": "1.855"
        },
        {
            "time": "13.12.2020 21:02",
            "open": "1.855",
            "high": "1.855",
            "low": "1.855",
            "close": "1.85608"
        },
        {
            "time": "13.12.2020 21:03",
            "open": "1.85608",
            "high": "1.85608",
            "low": "1.85608",
            "close": "1.856"
        },
        {
            "time": "13.12.2020 21:05",
            "open": "1.856",
            "high": "1.856",
            "low": "1.85261",
            "close": "1.85196"
        },
        {
            "time": "13.12.2020 21:12",
            "open": "1.85196",
            "high": "1.85196",
            "low": "1.85196",
            "close": "1.84535"
        },
        {
            "time": "13.12.2020 21:14",
            "open": "1.84535",
            "high": "1.84535",
            "low": "1.84535",
            "close": "1.84816"
        },
        {
            "time": "13.12.2020 21:19",
            "open": "1.84816",
            "high": "1.84816",
            "low": "1.84816",
            "close": "1.84816"
        },
        {
            "time": "13.12.2020 21:24",
            "open": "1.84816",
            "high": "1.84816",
            "low": "1.84816",
            "close": "1.84975"
        },
        {
            "time": "13.12.2020 21:25",
            "open": "1.84975",
            "high": "1.84975",
            "low": "1.84975",
            "close": "1.84453"
        },
        {
            "time": "13.12.2020 21:26",
            "open": "1.84453",
            "high": "1.84453",
            "low": "1.84453",
            "close": "1.84453"
        },
        {
            "time": "13.12.2020 21:30",
            "open": "1.84453",
            "high": "1.84453",
            "low": "1.84453",
            "close": "1.8364"
        },
        {
            "time": "13.12.2020 21:31",
            "open": "1.8364",
            "high": "1.8364",
            "low": "1.8364",
            "close": "1.83931"
        },
        {
            "time": "13.12.2020 21:32",
            "open": "1.83931",
            "high": "1.83931",
            "low": "1.838",
            "close": "1.83778"
        },
        {
            "time": "13.12.2020 21:33",
            "open": "1.83778",
            "high": "1.83778",
            "low": "1.83642",
            "close": "1.8382"
        },
        {
            "time": "13.12.2020 21:35",
            "open": "1.8382",
            "high": "1.8382",
            "low": "1.8382",
            "close": "1.8401"
        },
        {
            "time": "13.12.2020 21:37",
            "open": "1.8401",
            "high": "1.8401",
            "low": "1.8401",
            "close": "1.8385"
        },
        {
            "time": "13.12.2020 21:40",
            "open": "1.8385",
            "high": "1.8385",
            "low": "1.8376",
            "close": "1.8399"
        },
        {
            "time": "13.12.2020 21:45",
            "open": "1.8399",
            "high": "1.8399",
            "low": "1.8399",
            "close": "1.84087"
        },
        {
            "time": "13.12.2020 21:46",
            "open": "1.84087",
            "high": "1.84087",
            "low": "1.84087",
            "close": "1.83753"
        },
        {
            "time": "13.12.2020 21:53",
            "open": "1.83753",
            "high": "1.84063",
            "low": "1.83753",
            "close": "1.84492"
        },
        {
            "time": "13.12.2020 21:56",
            "open": "1.84492",
            "high": "1.84492",
            "low": "1.84492",
            "close": "1.84565"
        },
        {
            "time": "13.12.2020 21:57",
            "open": "1.84565",
            "high": "1.84565",
            "low": "1.84565",
            "close": "1.843"
        },
        {
            "time": "13.12.2020 21:59",
            "open": "1.843",
            "high": "1.843",
            "low": "1.84136",
            "close": "1.84044"
        },
        {
            "time": "13.12.2020 22:01",
            "open": "1.84044",
            "high": "1.84044",
            "low": "1.84044",
            "close": "1.84489"
        },
        {
            "time": "13.12.2020 22:05",
            "open": "1.84489",
            "high": "1.84489",
            "low": "1.84489",
            "close": "1.84491"
        },
        {
            "time": "13.12.2020 22:09",
            "open": "1.84491",
            "high": "1.84491",
            "low": "1.84491",
            "close": "1.84496"
        },
        {
            "time": "13.12.2020 22:13",
            "open": "1.84496",
            "high": "1.84496",
            "low": "1.84496",
            "close": "1.84645"
        },
        {
            "time": "13.12.2020 22:14",
            "open": "1.84645",
            "high": "1.84645",
            "low": "1.84645",
            "close": "1.84046"
        },
        {
            "time": "13.12.2020 22:22",
            "open": "1.84046",
            "high": "1.84046",
            "low": "1.84046",
            "close": "1.843"
        },
        {
            "time": "13.12.2020 22:23",
            "open": "1.843",
            "high": "1.843",
            "low": "1.843",
            "close": "1.84055"
        },
        {
            "time": "13.12.2020 22:24",
            "open": "1.84055",
            "high": "1.84055",
            "low": "1.84055",
            "close": "1.84298"
        },
        {
            "time": "13.12.2020 22:25",
            "open": "1.84298",
            "high": "1.84298",
            "low": "1.84298",
            "close": "1.84061"
        },
        {
            "time": "13.12.2020 22:26",
            "open": "1.84061",
            "high": "1.84061",
            "low": "1.84061",
            "close": "1.84407"
        },
        {
            "time": "13.12.2020 22:27",
            "open": "1.84407",
            "high": "1.84736",
            "low": "1.84407",
            "close": "1.8476"
        },
        {
            "time": "13.12.2020 22:29",
            "open": "1.8476",
            "high": "1.8476",
            "low": "1.8476",
            "close": "1.84948"
        },
        {
            "time": "13.12.2020 22:30",
            "open": "1.84948",
            "high": "1.84948",
            "low": "1.84948",
            "close": "1.8491"
        },
        {
            "time": "13.12.2020 22:32",
            "open": "1.8491",
            "high": "1.8491",
            "low": "1.8491",
            "close": "1.84294"
        },
        {
            "time": "13.12.2020 22:34",
            "open": "1.84294",
            "high": "1.84294",
            "low": "1.84292",
            "close": "1.8427"
        },
        {
            "time": "13.12.2020 22:35",
            "open": "1.8427",
            "high": "1.8427",
            "low": "1.8427",
            "close": "1.84732"
        },
        {
            "time": "13.12.2020 22:44",
            "open": "1.84732",
            "high": "1.84732",
            "low": "1.84732",
            "close": "1.84722"
        },
        {
            "time": "13.12.2020 22:45",
            "open": "1.84722",
            "high": "1.84722",
            "low": "1.8472",
            "close": "1.8444"
        },
        {
            "time": "13.12.2020 22:49",
            "open": "1.8444",
            "high": "1.8444",
            "low": "1.84354",
            "close": "1.84347"
        },
        {
            "time": "13.12.2020 22:51",
            "open": "1.84347",
            "high": "1.84347",
            "low": "1.84314",
            "close": "1.84901"
        },
        {
            "time": "13.12.2020 22:56",
            "open": "1.84901",
            "high": "1.84901",
            "low": "1.84901",
            "close": "1.84747"
        },
        {
            "time": "13.12.2020 23:00",
            "open": "1.84747",
            "high": "1.84747",
            "low": "1.84747",
            "close": "1.84757"
        },
        {
            "time": "13.12.2020 23:03",
            "open": "1.84757",
            "high": "1.84757",
            "low": "1.84757",
            "close": "1.84333"
        },
        {
            "time": "13.12.2020 23:07",
            "open": "1.84333",
            "high": "1.84333",
            "low": "1.83368",
            "close": "1.84046"
        },
        {
            "time": "13.12.2020 23:08",
            "open": "1.84046",
            "high": "1.84046",
            "low": "1.83956",
            "close": "1.8359"
        },
        {
            "time": "13.12.2020 23:10",
            "open": "1.8359",
            "high": "1.8359",
            "low": "1.8359",
            "close": "1.83734"
        },
        {
            "time": "13.12.2020 23:14",
            "open": "1.83734",
            "high": "1.83734",
            "low": "1.83734",
            "close": "1.83123"
        },
        {
            "time": "13.12.2020 23:17",
            "open": "1.83123",
            "high": "1.83123",
            "low": "1.82672",
            "close": "1.82285"
        },
        {
            "time": "13.12.2020 23:21",
            "open": "1.82285",
            "high": "1.82285",
            "low": "1.82285",
            "close": "1.81864"
        },
        {
            "time": "13.12.2020 23:22",
            "open": "1.81864",
            "high": "1.81864",
            "low": "1.81864",
            "close": "1.82352"
        },
        {
            "time": "13.12.2020 23:26",
            "open": "1.82352",
            "high": "1.82352",
            "low": "1.82352",
            "close": "1.82494"
        },
        {
            "time": "13.12.2020 23:32",
            "open": "1.82494",
            "high": "1.82494",
            "low": "1.82494",
            "close": "1.82625"
        },
        {
            "time": "13.12.2020 23:35",
            "open": "1.82625",
            "high": "1.83139",
            "low": "1.82625",
            "close": "1.82909"
        },
        {
            "time": "13.12.2020 23:39",
            "open": "1.82909",
            "high": "1.82909",
            "low": "1.82909",
            "close": "1.82771"
        },
        {
            "time": "13.12.2020 23:47",
            "open": "1.82771",
            "high": "1.82771",
            "low": "1.82771",
            "close": "1.83031"
        }
    ]
}