{
    "XTZ-EUR": [
        {
            "time": "30.10.2020 23:59",
            "open": "1.63408",
            "high": "1.63408",
            "low": "1.63408",
            "close": "1.6354"
        },
        {
            "time": "31.10.2020 00:02",
            "open": "1.6354",
            "high": "1.6354",
            "low": "1.6354",
            "close": "1.63004"
        },
        {
            "time": "31.10.2020 00:14",
            "open": "1.63004",
            "high": "1.63004",
            "low": "1.62678",
            "close": "1.62599"
        },
        {
            "time": "31.10.2020 00:16",
            "open": "1.62599",
            "high": "1.6274",
            "low": "1.62599",
            "close": "1.63323"
        },
        {
            "time": "31.10.2020 00:20",
            "open": "1.63323",
            "high": "1.63323",
            "low": "1.63323",
            "close": "1.6369"
        },
        {
            "time": "31.10.2020 00:29",
            "open": "1.6369",
            "high": "1.6369",
            "low": "1.6369",
            "close": "1.635"
        },
        {
            "time": "31.10.2020 00:35",
            "open": "1.635",
            "high": "1.635",
            "low": "1.635",
            "close": "1.63442"
        },
        {
            "time": "31.10.2020 00:38",
            "open": "1.63442",
            "high": "1.63442",
            "low": "1.63442",
            "close": "1.63649"
        },
        {
            "time": "31.10.2020 00:42",
            "open": "1.63649",
            "high": "1.63649",
            "low": "1.63649",
            "close": "1.6367"
        },
        {
            "time": "31.10.2020 00:44",
            "open": "1.6367",
            "high": "1.6367",
            "low": "1.6367",
            "close": "1.6374"
        },
        {
            "time": "31.10.2020 00:50",
            "open": "1.6374",
            "high": "1.6374",
            "low": "1.6374",
            "close": "1.63896"
        },
        {
            "time": "31.10.2020 00:54",
            "open": "1.63896",
            "high": "1.63896",
            "low": "1.63896",
            "close": "1.6371"
        },
        {
            "time": "31.10.2020 01:01",
            "open": "1.6371",
            "high": "1.6371",
            "low": "1.63442",
            "close": "1.6373"
        },
        {
            "time": "31.10.2020 01:02",
            "open": "1.6373",
            "high": "1.6373",
            "low": "1.6373",
            "close": "1.63378"
        },
        {
            "time": "31.10.2020 01:05",
            "open": "1.63378",
            "high": "1.6338",
            "low": "1.63378",
            "close": "1.63058"
        },
        {
            "time": "31.10.2020 01:07",
            "open": "1.63058",
            "high": "1.6306",
            "low": "1.63058",
            "close": "1.6304"
        },
        {
            "time": "31.10.2020 01:08",
            "open": "1.6304",
            "high": "1.6304",
            "low": "1.6304",
            "close": "1.62841"
        },
        {
            "time": "31.10.2020 01:10",
            "open": "1.62841",
            "high": "1.62841",
            "low": "1.62841",
            "close": "1.62929"
        },
        {
            "time": "31.10.2020 01:11",
            "open": "1.62929",
            "high": "1.62929",
            "low": "1.62929",
            "close": "1.6327"
        },
        {
            "time": "31.10.2020 01:17",
            "open": "1.6327",
            "high": "1.6327",
            "low": "1.6327",
            "close": "1.62973"
        },
        {
            "time": "31.10.2020 01:18",
            "open": "1.62973",
            "high": "1.62973",
            "low": "1.62973",
            "close": "1.64141"
        },
        {
            "time": "31.10.2020 01:25",
            "open": "1.64141",
            "high": "1.64445",
            "low": "1.64141",
            "close": "1.64605"
        },
        {
            "time": "31.10.2020 01:26",
            "open": "1.64605",
            "high": "1.64605",
            "low": "1.64605",
            "close": "1.6463"
        },
        {
            "time": "31.10.2020 01:28",
            "open": "1.6463",
            "high": "1.6463",
            "low": "1.6459",
            "close": "1.6485"
        },
        {
            "time": "31.10.2020 01:30",
            "open": "1.6485",
            "high": "1.65",
            "low": "1.64756",
            "close": "1.647"
        },
        {
            "time": "31.10.2020 01:33",
            "open": "1.647",
            "high": "1.647",
            "low": "1.647",
            "close": "1.65339"
        },
        {
            "time": "31.10.2020 01:37",
            "open": "1.65339",
            "high": "1.65339",
            "low": "1.65339",
            "close": "1.65751"
        },
        {
            "time": "31.10.2020 01:38",
            "open": "1.65751",
            "high": "1.65751",
            "low": "1.65751",
            "close": "1.65832"
        },
        {
            "time": "31.10.2020 01:39",
            "open": "1.65832",
            "high": "1.659",
            "low": "1.65832",
            "close": "1.66605"
        },
        {
            "time": "31.10.2020 01:41",
            "open": "1.66605",
            "high": "1.6695",
            "low": "1.66605",
            "close": "1.67359"
        },
        {
            "time": "31.10.2020 01:44",
            "open": "1.67359",
            "high": "1.67359",
            "low": "1.67359",
            "close": "1.6695"
        },
        {
            "time": "31.10.2020 01:45",
            "open": "1.6695",
            "high": "1.6695",
            "low": "1.66855",
            "close": "1.66575"
        },
        {
            "time": "31.10.2020 01:46",
            "open": "1.66575",
            "high": "1.66656",
            "low": "1.66575",
            "close": "1.66141"
        },
        {
            "time": "31.10.2020 01:47",
            "open": "1.66141",
            "high": "1.66141",
            "low": "1.66141",
            "close": "1.66279"
        },
        {
            "time": "31.10.2020 01:51",
            "open": "1.66279",
            "high": "1.66279",
            "low": "1.66279",
            "close": "1.66269"
        },
        {
            "time": "31.10.2020 01:54",
            "open": "1.66269",
            "high": "1.66269",
            "low": "1.66269",
            "close": "1.66902"
        },
        {
            "time": "31.10.2020 02:06",
            "open": "1.66902",
            "high": "1.66902",
            "low": "1.66902",
            "close": "1.67023"
        },
        {
            "time": "31.10.2020 02:07",
            "open": "1.67023",
            "high": "1.67027",
            "low": "1.67023",
            "close": "1.66781"
        },
        {
            "time": "31.10.2020 02:10",
            "open": "1.66781",
            "high": "1.66781",
            "low": "1.66781",
            "close": "1.66781"
        },
        {
            "time": "31.10.2020 02:20",
            "open": "1.66781",
            "high": "1.66781",
            "low": "1.66781",
            "close": "1.66906"
        },
        {
            "time": "31.10.2020 02:21",
            "open": "1.66906",
            "high": "1.66906",
            "low": "1.66906",
            "close": "1.67003"
        },
        {
            "time": "31.10.2020 02:33",
            "open": "1.67003",
            "high": "1.67003",
            "low": "1.67003",
            "close": "1.66468"
        },
        {
            "time": "31.10.2020 02:34",
            "open": "1.66468",
            "high": "1.66468",
            "low": "1.66468",
            "close": "1.66337"
        },
        {
            "time": "31.10.2020 02:48",
            "open": "1.66337",
            "high": "1.66625",
            "low": "1.66337",
            "close": "1.66515"
        },
        {
            "time": "31.10.2020 02:54",
            "open": "1.66515",
            "high": "1.66515",
            "low": "1.66515",
            "close": "1.64969"
        },
        {
            "time": "31.10.2020 03:23",
            "open": "1.64969",
            "high": "1.64969",
            "low": "1.64834",
            "close": "1.64599"
        },
        {
            "time": "31.10.2020 03:25",
            "open": "1.64599",
            "high": "1.64599",
            "low": "1.64599",
            "close": "1.6457"
        },
        {
            "time": "31.10.2020 03:31",
            "open": "1.6457",
            "high": "1.6457",
            "low": "1.6457",
            "close": "1.65661"
        },
        {
            "time": "31.10.2020 03:32",
            "open": "1.65661",
            "high": "1.65661",
            "low": "1.65661",
            "close": "1.65866"
        },
        {
            "time": "31.10.2020 03:33",
            "open": "1.65866",
            "high": "1.65866",
            "low": "1.65443",
            "close": "1.65182"
        },
        {
            "time": "31.10.2020 03:35",
            "open": "1.65182",
            "high": "1.6558",
            "low": "1.6518",
            "close": "1.6548"
        },
        {
            "time": "31.10.2020 03:39",
            "open": "1.6548",
            "high": "1.6548",
            "low": "1.6548",
            "close": "1.65469"
        },
        {
            "time": "31.10.2020 03:40",
            "open": "1.65469",
            "high": "1.6558",
            "low": "1.6542",
            "close": "1.6581"
        },
        {
            "time": "31.10.2020 03:43",
            "open": "1.6581",
            "high": "1.6581",
            "low": "1.6581",
            "close": "1.65721"
        },
        {
            "time": "31.10.2020 03:44",
            "open": "1.65721",
            "high": "1.65721",
            "low": "1.65721",
            "close": "1.65744"
        },
        {
            "time": "31.10.2020 03:52",
            "open": "1.65744",
            "high": "1.65744",
            "low": "1.65744",
            "close": "1.65423"
        },
        {
            "time": "31.10.2020 03:54",
            "open": "1.65423",
            "high": "1.65423",
            "low": "1.65423",
            "close": "1.64865"
        },
        {
            "time": "31.10.2020 03:56",
            "open": "1.64865",
            "high": "1.64865",
            "low": "1.64865",
            "close": "1.6464"
        },
        {
            "time": "31.10.2020 04:46",
            "open": "1.6464",
            "high": "1.6464",
            "low": "1.6464",
            "close": "1.6485"
        },
        {
            "time": "31.10.2020 04:50",
            "open": "1.6485",
            "high": "1.6485",
            "low": "1.6485",
            "close": "1.65266"
        },
        {
            "time": "31.10.2020 04:52",
            "open": "1.65266",
            "high": "1.65266",
            "low": "1.65266",
            "close": "1.6556"
        },
        {
            "time": "31.10.2020 05:17",
            "open": "1.6556",
            "high": "1.6556",
            "low": "1.6556",
            "close": "1.65605"
        },
        {
            "time": "31.10.2020 05:19",
            "open": "1.65605",
            "high": "1.65605",
            "low": "1.65605",
            "close": "1.6488"
        },
        {
            "time": "31.10.2020 05:55",
            "open": "1.6488",
            "high": "1.6488",
            "low": "1.6488",
            "close": "1.6509"
        },
        {
            "time": "31.10.2020 05:56",
            "open": "1.6509",
            "high": "1.6509",
            "low": "1.6509",
            "close": "1.64912"
        },
        {
            "time": "31.10.2020 05:58",
            "open": "1.64912",
            "high": "1.64912",
            "low": "1.64847",
            "close": "1.64529"
        },
        {
            "time": "31.10.2020 05:59",
            "open": "1.64529",
            "high": "1.64529",
            "low": "1.64529",
            "close": "1.64671"
        },
        {
            "time": "31.10.2020 06:00",
            "open": "1.64671",
            "high": "1.64673",
            "low": "1.64671",
            "close": "1.65071"
        },
        {
            "time": "31.10.2020 06:01",
            "open": "1.65071",
            "high": "1.65071",
            "low": "1.65071",
            "close": "1.64799"
        },
        {
            "time": "31.10.2020 06:16",
            "open": "1.64799",
            "high": "1.64799",
            "low": "1.64799",
            "close": "1.64559"
        },
        {
            "time": "31.10.2020 06:20",
            "open": "1.64559",
            "high": "1.64559",
            "low": "1.64559",
            "close": "1.6481"
        },
        {
            "time": "31.10.2020 06:23",
            "open": "1.6481",
            "high": "1.6481",
            "low": "1.6481",
            "close": "1.65279"
        },
        {
            "time": "31.10.2020 06:30",
            "open": "1.65279",
            "high": "1.65279",
            "low": "1.65279",
            "close": "1.64734"
        },
        {
            "time": "31.10.2020 06:36",
            "open": "1.64734",
            "high": "1.64734",
            "low": "1.64734",
            "close": "1.64791"
        },
        {
            "time": "31.10.2020 06:37",
            "open": "1.64791",
            "high": "1.64791",
            "low": "1.64791",
            "close": "1.6578"
        },
        {
            "time": "31.10.2020 06:41",
            "open": "1.6578",
            "high": "1.66259",
            "low": "1.6578",
            "close": "1.66595"
        },
        {
            "time": "31.10.2020 06:42",
            "open": "1.66595",
            "high": "1.66595",
            "low": "1.66416",
            "close": "1.6615"
        },
        {
            "time": "31.10.2020 06:43",
            "open": "1.6615",
            "high": "1.6615",
            "low": "1.65038",
            "close": "1.6476"
        },
        {
            "time": "31.10.2020 06:44",
            "open": "1.6476",
            "high": "1.65595",
            "low": "1.64372",
            "close": "1.65151"
        },
        {
            "time": "31.10.2020 06:45",
            "open": "1.65151",
            "high": "1.65151",
            "low": "1.64924",
            "close": "1.65491"
        },
        {
            "time": "31.10.2020 06:46",
            "open": "1.65491",
            "high": "1.65738",
            "low": "1.65488",
            "close": "1.66003"
        },
        {
            "time": "31.10.2020 06:47",
            "open": "1.66003",
            "high": "1.66656",
            "low": "1.66003",
            "close": "1.66508"
        },
        {
            "time": "31.10.2020 06:48",
            "open": "1.66508",
            "high": "1.66508",
            "low": "1.65212",
            "close": "1.657"
        },
        {
            "time": "31.10.2020 06:49",
            "open": "1.657",
            "high": "1.66067",
            "low": "1.65699",
            "close": "1.6619"
        },
        {
            "time": "31.10.2020 06:50",
            "open": "1.6619",
            "high": "1.6619",
            "low": "1.6617",
            "close": "1.65961"
        },
        {
            "time": "31.10.2020 06:51",
            "open": "1.65961",
            "high": "1.65961",
            "low": "1.65918",
            "close": "1.65917"
        },
        {
            "time": "31.10.2020 06:56",
            "open": "1.65917",
            "high": "1.65917",
            "low": "1.65917",
            "close": "1.66239"
        },
        {
            "time": "31.10.2020 06:57",
            "open": "1.66239",
            "high": "1.66239",
            "low": "1.65872",
            "close": "1.66088"
        },
        {
            "time": "31.10.2020 06:58",
            "open": "1.66088",
            "high": "1.6632",
            "low": "1.66086",
            "close": "1.66109"
        },
        {
            "time": "31.10.2020 06:59",
            "open": "1.66109",
            "high": "1.66109",
            "low": "1.66069",
            "close": "1.66001"
        },
        {
            "time": "31.10.2020 07:00",
            "open": "1.66001",
            "high": "1.66001",
            "low": "1.65644",
            "close": "1.65618"
        },
        {
            "time": "31.10.2020 07:01",
            "open": "1.65618",
            "high": "1.65618",
            "low": "1.64972",
            "close": "1.6437"
        },
        {
            "time": "31.10.2020 07:02",
            "open": "1.6437",
            "high": "1.64674",
            "low": "1.63912",
            "close": "1.64414"
        },
        {
            "time": "31.10.2020 07:03",
            "open": "1.64414",
            "high": "1.64414",
            "low": "1.64414",
            "close": "1.63547"
        },
        {
            "time": "31.10.2020 07:05",
            "open": "1.63547",
            "high": "1.63547",
            "low": "1.63547",
            "close": "1.64087"
        },
        {
            "time": "31.10.2020 07:06",
            "open": "1.64087",
            "high": "1.64359",
            "low": "1.64087",
            "close": "1.64888"
        },
        {
            "time": "31.10.2020 07:07",
            "open": "1.64888",
            "high": "1.65179",
            "low": "1.64888",
            "close": "1.64998"
        },
        {
            "time": "31.10.2020 07:08",
            "open": "1.64998",
            "high": "1.65625",
            "low": "1.64998",
            "close": "1.65503"
        },
        {
            "time": "31.10.2020 07:09",
            "open": "1.65503",
            "high": "1.65503",
            "low": "1.65314",
            "close": "1.65587"
        },
        {
            "time": "31.10.2020 07:10",
            "open": "1.65587",
            "high": "1.6573",
            "low": "1.65586",
            "close": "1.6588"
        },
        {
            "time": "31.10.2020 07:11",
            "open": "1.6588",
            "high": "1.65896",
            "low": "1.6588",
            "close": "1.66222"
        },
        {
            "time": "31.10.2020 07:16",
            "open": "1.66222",
            "high": "1.66222",
            "low": "1.66222",
            "close": "1.66289"
        },
        {
            "time": "31.10.2020 07:18",
            "open": "1.66289",
            "high": "1.66289",
            "low": "1.66289",
            "close": "1.66739"
        },
        {
            "time": "31.10.2020 07:23",
            "open": "1.66739",
            "high": "1.66739",
            "low": "1.66739",
            "close": "1.66416"
        },
        {
            "time": "31.10.2020 07:24",
            "open": "1.66416",
            "high": "1.66416",
            "low": "1.66416",
            "close": "1.66879"
        },
        {
            "time": "31.10.2020 07:30",
            "open": "1.66879",
            "high": "1.6688",
            "low": "1.66879",
            "close": "1.67528"
        },
        {
            "time": "31.10.2020 07:31",
            "open": "1.67528",
            "high": "1.67528",
            "low": "1.67528",
            "close": "1.67606"
        },
        {
            "time": "31.10.2020 07:33",
            "open": "1.67606",
            "high": "1.67606",
            "low": "1.67606",
            "close": "1.67733"
        },
        {
            "time": "31.10.2020 07:34",
            "open": "1.67733",
            "high": "1.67911",
            "low": "1.67733",
            "close": "1.67442"
        },
        {
            "time": "31.10.2020 07:38",
            "open": "1.67442",
            "high": "1.67442",
            "low": "1.67442",
            "close": "1.67051"
        },
        {
            "time": "31.10.2020 07:39",
            "open": "1.67051",
            "high": "1.67246",
            "low": "1.66959",
            "close": "1.67379"
        },
        {
            "time": "31.10.2020 07:40",
            "open": "1.67379",
            "high": "1.67379",
            "low": "1.67379",
            "close": "1.6752"
        },
        {
            "time": "31.10.2020 07:42",
            "open": "1.6752",
            "high": "1.6752",
            "low": "1.6752",
            "close": "1.67903"
        },
        {
            "time": "31.10.2020 07:45",
            "open": "1.67903",
            "high": "1.67903",
            "low": "1.67869",
            "close": "1.67989"
        },
        {
            "time": "31.10.2020 07:46",
            "open": "1.67989",
            "high": "1.67989",
            "low": "1.67716",
            "close": "1.67668"
        },
        {
            "time": "31.10.2020 07:48",
            "open": "1.67668",
            "high": "1.67668",
            "low": "1.67668",
            "close": "1.67894"
        },
        {
            "time": "31.10.2020 07:56",
            "open": "1.67894",
            "high": "1.67894",
            "low": "1.67894",
            "close": "1.6797"
        },
        {
            "time": "31.10.2020 07:58",
            "open": "1.6797",
            "high": "1.67999",
            "low": "1.6797",
            "close": "1.6798"
        },
        {
            "time": "31.10.2020 08:01",
            "open": "1.6798",
            "high": "1.68084",
            "low": "1.6798",
            "close": "1.68189"
        },
        {
            "time": "31.10.2020 08:02",
            "open": "1.68189",
            "high": "1.6819",
            "low": "1.68189",
            "close": "1.67776"
        },
        {
            "time": "31.10.2020 08:05",
            "open": "1.67776",
            "high": "1.67776",
            "low": "1.67776",
            "close": "1.67669"
        },
        {
            "time": "31.10.2020 08:07",
            "open": "1.67669",
            "high": "1.67669",
            "low": "1.67669",
            "close": "1.6763"
        },
        {
            "time": "31.10.2020 08:09",
            "open": "1.6763",
            "high": "1.67658",
            "low": "1.6763",
            "close": "1.675"
        },
        {
            "time": "31.10.2020 08:12",
            "open": "1.675",
            "high": "1.675",
            "low": "1.675",
            "close": "1.67749"
        },
        {
            "time": "31.10.2020 08:14",
            "open": "1.67749",
            "high": "1.67857",
            "low": "1.67749",
            "close": "1.67577"
        },
        {
            "time": "31.10.2020 08:15",
            "open": "1.67577",
            "high": "1.67577",
            "low": "1.67577",
            "close": "1.67325"
        },
        {
            "time": "31.10.2020 08:16",
            "open": "1.67325",
            "high": "1.67325",
            "low": "1.67242",
            "close": "1.6705"
        },
        {
            "time": "31.10.2020 08:19",
            "open": "1.6705",
            "high": "1.6705",
            "low": "1.6705",
            "close": "1.67216"
        },
        {
            "time": "31.10.2020 08:20",
            "open": "1.67216",
            "high": "1.67216",
            "low": "1.67216",
            "close": "1.67357"
        },
        {
            "time": "31.10.2020 08:23",
            "open": "1.67357",
            "high": "1.67359",
            "low": "1.67357",
            "close": "1.67168"
        },
        {
            "time": "31.10.2020 08:25",
            "open": "1.67168",
            "high": "1.67168",
            "low": "1.67168",
            "close": "1.67405"
        },
        {
            "time": "31.10.2020 08:29",
            "open": "1.67405",
            "high": "1.67405",
            "low": "1.67405",
            "close": "1.67408"
        },
        {
            "time": "31.10.2020 08:30",
            "open": "1.67408",
            "high": "1.67408",
            "low": "1.67408",
            "close": "1.67615"
        },
        {
            "time": "31.10.2020 08:32",
            "open": "1.67615",
            "high": "1.67615",
            "low": "1.67615",
            "close": "1.67535"
        },
        {
            "time": "31.10.2020 08:33",
            "open": "1.67535",
            "high": "1.67535",
            "low": "1.67535",
            "close": "1.6766"
        },
        {
            "time": "31.10.2020 08:35",
            "open": "1.6766",
            "high": "1.67706",
            "low": "1.6766",
            "close": "1.67274"
        },
        {
            "time": "31.10.2020 08:36",
            "open": "1.67274",
            "high": "1.67419",
            "low": "1.67274",
            "close": "1.67396"
        },
        {
            "time": "31.10.2020 08:39",
            "open": "1.67396",
            "high": "1.67396",
            "low": "1.67396",
            "close": "1.67338"
        },
        {
            "time": "31.10.2020 08:42",
            "open": "1.67338",
            "high": "1.67338",
            "low": "1.67338",
            "close": "1.6717"
        },
        {
            "time": "31.10.2020 08:43",
            "open": "1.6717",
            "high": "1.6717",
            "low": "1.66756",
            "close": "1.6729"
        },
        {
            "time": "31.10.2020 08:44",
            "open": "1.6729",
            "high": "1.67292",
            "low": "1.6684",
            "close": "1.6652"
        },
        {
            "time": "31.10.2020 08:46",
            "open": "1.6652",
            "high": "1.6652",
            "low": "1.66503",
            "close": "1.66143"
        },
        {
            "time": "31.10.2020 08:48",
            "open": "1.66143",
            "high": "1.66143",
            "low": "1.66143",
            "close": "1.66399"
        },
        {
            "time": "31.10.2020 08:49",
            "open": "1.66399",
            "high": "1.66534",
            "low": "1.66399",
            "close": "1.66252"
        },
        {
            "time": "31.10.2020 08:50",
            "open": "1.66252",
            "high": "1.66252",
            "low": "1.66242",
            "close": "1.66"
        },
        {
            "time": "31.10.2020 08:52",
            "open": "1.66",
            "high": "1.66",
            "low": "1.66",
            "close": "1.6581"
        },
        {
            "time": "31.10.2020 08:53",
            "open": "1.6581",
            "high": "1.66218",
            "low": "1.6581",
            "close": "1.66521"
        },
        {
            "time": "31.10.2020 08:54",
            "open": "1.66521",
            "high": "1.6659",
            "low": "1.66333",
            "close": "1.66278"
        },
        {
            "time": "31.10.2020 08:55",
            "open": "1.66278",
            "high": "1.67232",
            "low": "1.66278",
            "close": "1.66991"
        },
        {
            "time": "31.10.2020 08:56",
            "open": "1.66991",
            "high": "1.66991",
            "low": "1.66936",
            "close": "1.66964"
        },
        {
            "time": "31.10.2020 08:57",
            "open": "1.66964",
            "high": "1.66989",
            "low": "1.66964",
            "close": "1.66998"
        },
        {
            "time": "31.10.2020 08:58",
            "open": "1.66998",
            "high": "1.66998",
            "low": "1.66998",
            "close": "1.66767"
        },
        {
            "time": "31.10.2020 08:59",
            "open": "1.66767",
            "high": "1.66767",
            "low": "1.66699",
            "close": "1.6699"
        },
        {
            "time": "31.10.2020 09:01",
            "open": "1.6699",
            "high": "1.6699",
            "low": "1.6699",
            "close": "1.6615"
        },
        {
            "time": "31.10.2020 09:05",
            "open": "1.6615",
            "high": "1.6615",
            "low": "1.65686",
            "close": "1.6626"
        },
        {
            "time": "31.10.2020 09:07",
            "open": "1.6626",
            "high": "1.66421",
            "low": "1.6626",
            "close": "1.66491"
        },
        {
            "time": "31.10.2020 09:08",
            "open": "1.66491",
            "high": "1.66491",
            "low": "1.66273",
            "close": "1.66618"
        },
        {
            "time": "31.10.2020 09:09",
            "open": "1.66618",
            "high": "1.66618",
            "low": "1.66618",
            "close": "1.66879"
        },
        {
            "time": "31.10.2020 09:10",
            "open": "1.66879",
            "high": "1.66939",
            "low": "1.66879",
            "close": "1.66939"
        },
        {
            "time": "31.10.2020 09:11",
            "open": "1.66939",
            "high": "1.66939",
            "low": "1.66939",
            "close": "1.6712"
        },
        {
            "time": "31.10.2020 09:13",
            "open": "1.6712",
            "high": "1.6712",
            "low": "1.6712",
            "close": "1.66824"
        },
        {
            "time": "31.10.2020 09:15",
            "open": "1.66824",
            "high": "1.67089",
            "low": "1.66824",
            "close": "1.67067"
        },
        {
            "time": "31.10.2020 09:16",
            "open": "1.67067",
            "high": "1.67067",
            "low": "1.67067",
            "close": "1.67415"
        },
        {
            "time": "31.10.2020 09:17",
            "open": "1.67415",
            "high": "1.67415",
            "low": "1.6715",
            "close": "1.6711"
        },
        {
            "time": "31.10.2020 09:18",
            "open": "1.6711",
            "high": "1.6711",
            "low": "1.6711",
            "close": "1.66819"
        },
        {
            "time": "31.10.2020 09:20",
            "open": "1.66819",
            "high": "1.67071",
            "low": "1.66819",
            "close": "1.66886"
        },
        {
            "time": "31.10.2020 09:22",
            "open": "1.66886",
            "high": "1.66886",
            "low": "1.6664",
            "close": "1.66773"
        },
        {
            "time": "31.10.2020 09:23",
            "open": "1.66773",
            "high": "1.66773",
            "low": "1.66773",
            "close": "1.66807"
        },
        {
            "time": "31.10.2020 09:24",
            "open": "1.66807",
            "high": "1.66807",
            "low": "1.66807",
            "close": "1.66889"
        },
        {
            "time": "31.10.2020 09:29",
            "open": "1.66889",
            "high": "1.66889",
            "low": "1.6655",
            "close": "1.66191"
        },
        {
            "time": "31.10.2020 09:30",
            "open": "1.66191",
            "high": "1.66191",
            "low": "1.66191",
            "close": "1.66501"
        },
        {
            "time": "31.10.2020 09:31",
            "open": "1.66501",
            "high": "1.66501",
            "low": "1.66501",
            "close": "1.66796"
        },
        {
            "time": "31.10.2020 09:32",
            "open": "1.66796",
            "high": "1.66915",
            "low": "1.66796",
            "close": "1.67149"
        },
        {
            "time": "31.10.2020 09:33",
            "open": "1.67149",
            "high": "1.67149",
            "low": "1.67149",
            "close": "1.6702"
        },
        {
            "time": "31.10.2020 09:38",
            "open": "1.6702",
            "high": "1.6725",
            "low": "1.6702",
            "close": "1.67724"
        },
        {
            "time": "31.10.2020 09:40",
            "open": "1.67724",
            "high": "1.67729",
            "low": "1.67511",
            "close": "1.67051"
        },
        {
            "time": "31.10.2020 09:41",
            "open": "1.67051",
            "high": "1.67286",
            "low": "1.67051",
            "close": "1.67522"
        },
        {
            "time": "31.10.2020 09:42",
            "open": "1.67522",
            "high": "1.67522",
            "low": "1.67522",
            "close": "1.67789"
        },
        {
            "time": "31.10.2020 09:48",
            "open": "1.67789",
            "high": "1.67789",
            "low": "1.67789",
            "close": "1.67812"
        },
        {
            "time": "31.10.2020 09:49",
            "open": "1.67812",
            "high": "1.67897",
            "low": "1.67812",
            "close": "1.6773"
        },
        {
            "time": "31.10.2020 09:50",
            "open": "1.6773",
            "high": "1.68023",
            "low": "1.6773",
            "close": "1.67591"
        },
        {
            "time": "31.10.2020 09:51",
            "open": "1.67591",
            "high": "1.67591",
            "low": "1.67591",
            "close": "1.6787"
        },
        {
            "time": "31.10.2020 09:54",
            "open": "1.6787",
            "high": "1.6787",
            "low": "1.6787",
            "close": "1.6787"
        },
        {
            "time": "31.10.2020 09:55",
            "open": "1.6787",
            "high": "1.683",
            "low": "1.6787",
            "close": "1.6839"
        },
        {
            "time": "31.10.2020 09:59",
            "open": "1.6839",
            "high": "1.6839",
            "low": "1.6839",
            "close": "1.68163"
        },
        {
            "time": "31.10.2020 10:00",
            "open": "1.68163",
            "high": "1.68165",
            "low": "1.68163",
            "close": "1.6799"
        },
        {
            "time": "31.10.2020 10:03",
            "open": "1.6799",
            "high": "1.6799",
            "low": "1.6799",
            "close": "1.67901"
        },
        {
            "time": "31.10.2020 10:04",
            "open": "1.67901",
            "high": "1.67901",
            "low": "1.67901",
            "close": "1.67453"
        },
        {
            "time": "31.10.2020 10:10",
            "open": "1.67453",
            "high": "1.67453",
            "low": "1.67453",
            "close": "1.67819"
        },
        {
            "time": "31.10.2020 10:16",
            "open": "1.67819",
            "high": "1.6782",
            "low": "1.67573",
            "close": "1.67278"
        },
        {
            "time": "31.10.2020 10:18",
            "open": "1.67278",
            "high": "1.6754",
            "low": "1.67278",
            "close": "1.67909"
        },
        {
            "time": "31.10.2020 10:24",
            "open": "1.67909",
            "high": "1.67909",
            "low": "1.67514",
            "close": "1.6773"
        },
        {
            "time": "31.10.2020 10:25",
            "open": "1.6773",
            "high": "1.6773",
            "low": "1.6773",
            "close": "1.67759"
        },
        {
            "time": "31.10.2020 10:26",
            "open": "1.67759",
            "high": "1.67759",
            "low": "1.6774",
            "close": "1.67766"
        },
        {
            "time": "31.10.2020 10:27",
            "open": "1.67766",
            "high": "1.67766",
            "low": "1.67766",
            "close": "1.6771"
        },
        {
            "time": "31.10.2020 10:28",
            "open": "1.6771",
            "high": "1.6771",
            "low": "1.6771",
            "close": "1.6775"
        },
        {
            "time": "31.10.2020 10:30",
            "open": "1.6775",
            "high": "1.6775",
            "low": "1.6775",
            "close": "1.67801"
        },
        {
            "time": "31.10.2020 10:32",
            "open": "1.67801",
            "high": "1.67801",
            "low": "1.67801",
            "close": "1.68161"
        },
        {
            "time": "31.10.2020 10:34",
            "open": "1.68161",
            "high": "1.68161",
            "low": "1.68161",
            "close": "1.68319"
        },
        {
            "time": "31.10.2020 10:35",
            "open": "1.68319",
            "high": "1.68319",
            "low": "1.68319",
            "close": "1.68178"
        },
        {
            "time": "31.10.2020 10:36",
            "open": "1.68178",
            "high": "1.68178",
            "low": "1.68178",
            "close": "1.6823"
        },
        {
            "time": "31.10.2020 10:37",
            "open": "1.6823",
            "high": "1.6823",
            "low": "1.6823",
            "close": "1.6817"
        },
        {
            "time": "31.10.2020 10:38",
            "open": "1.6817",
            "high": "1.6818",
            "low": "1.6817",
            "close": "1.67902"
        },
        {
            "time": "31.10.2020 10:41",
            "open": "1.67902",
            "high": "1.68429",
            "low": "1.67902",
            "close": "1.6831"
        },
        {
            "time": "31.10.2020 10:42",
            "open": "1.6831",
            "high": "1.6831",
            "low": "1.6831",
            "close": "1.68616"
        },
        {
            "time": "31.10.2020 10:43",
            "open": "1.68616",
            "high": "1.68616",
            "low": "1.68616",
            "close": "1.68579"
        },
        {
            "time": "31.10.2020 10:44",
            "open": "1.68579",
            "high": "1.68579",
            "low": "1.68579",
            "close": "1.6841"
        },
        {
            "time": "31.10.2020 10:45",
            "open": "1.6841",
            "high": "1.6841",
            "low": "1.6841",
            "close": "1.685"
        },
        {
            "time": "31.10.2020 10:48",
            "open": "1.685",
            "high": "1.685",
            "low": "1.6831",
            "close": "1.6831"
        },
        {
            "time": "31.10.2020 10:49",
            "open": "1.6831",
            "high": "1.6831",
            "low": "1.6831",
            "close": "1.68115"
        },
        {
            "time": "31.10.2020 10:50",
            "open": "1.68115",
            "high": "1.68115",
            "low": "1.68115",
            "close": "1.6849"
        },
        {
            "time": "31.10.2020 10:54",
            "open": "1.6849",
            "high": "1.6849",
            "low": "1.6849",
            "close": "1.68273"
        },
        {
            "time": "31.10.2020 10:55",
            "open": "1.68273",
            "high": "1.68273",
            "low": "1.68",
            "close": "1.68053"
        },
        {
            "time": "31.10.2020 10:56",
            "open": "1.68053",
            "high": "1.68318",
            "low": "1.68053",
            "close": "1.68014"
        },
        {
            "time": "31.10.2020 10:57",
            "open": "1.68014",
            "high": "1.6856",
            "low": "1.68014",
            "close": "1.6854"
        },
        {
            "time": "31.10.2020 10:58",
            "open": "1.6854",
            "high": "1.6854",
            "low": "1.6854",
            "close": "1.68799"
        },
        {
            "time": "31.10.2020 11:00",
            "open": "1.68799",
            "high": "1.68799",
            "low": "1.68431",
            "close": "1.68353"
        },
        {
            "time": "31.10.2020 11:03",
            "open": "1.68353",
            "high": "1.68353",
            "low": "1.68353",
            "close": "1.69042"
        },
        {
            "time": "31.10.2020 11:04",
            "open": "1.69042",
            "high": "1.69042",
            "low": "1.68649",
            "close": "1.68979"
        },
        {
            "time": "31.10.2020 11:05",
            "open": "1.68979",
            "high": "1.68979",
            "low": "1.67992",
            "close": "1.68485"
        },
        {
            "time": "31.10.2020 11:06",
            "open": "1.68485",
            "high": "1.68617",
            "low": "1.68147",
            "close": "1.68143"
        },
        {
            "time": "31.10.2020 11:07",
            "open": "1.68143",
            "high": "1.68143",
            "low": "1.68143",
            "close": "1.67934"
        },
        {
            "time": "31.10.2020 11:08",
            "open": "1.67934",
            "high": "1.67934",
            "low": "1.67451",
            "close": "1.68049"
        },
        {
            "time": "31.10.2020 11:09",
            "open": "1.68049",
            "high": "1.68049",
            "low": "1.68042",
            "close": "1.68089"
        },
        {
            "time": "31.10.2020 11:10",
            "open": "1.68089",
            "high": "1.68089",
            "low": "1.68089",
            "close": "1.67724"
        },
        {
            "time": "31.10.2020 11:11",
            "open": "1.67724",
            "high": "1.67724",
            "low": "1.67235",
            "close": "1.67119"
        },
        {
            "time": "31.10.2020 11:12",
            "open": "1.67119",
            "high": "1.67119",
            "low": "1.67119",
            "close": "1.67209"
        },
        {
            "time": "31.10.2020 11:13",
            "open": "1.67209",
            "high": "1.67209",
            "low": "1.67209",
            "close": "1.67117"
        },
        {
            "time": "31.10.2020 11:14",
            "open": "1.67117",
            "high": "1.67117",
            "low": "1.67117",
            "close": "1.6702"
        },
        {
            "time": "31.10.2020 11:15",
            "open": "1.6702",
            "high": "1.6702",
            "low": "1.6702",
            "close": "1.67327"
        },
        {
            "time": "31.10.2020 11:16",
            "open": "1.67327",
            "high": "1.67327",
            "low": "1.67327",
            "close": "1.67469"
        },
        {
            "time": "31.10.2020 11:17",
            "open": "1.67469",
            "high": "1.67469",
            "low": "1.67469",
            "close": "1.67573"
        },
        {
            "time": "31.10.2020 11:18",
            "open": "1.67573",
            "high": "1.67573",
            "low": "1.67573",
            "close": "1.67132"
        },
        {
            "time": "31.10.2020 11:20",
            "open": "1.67132",
            "high": "1.67132",
            "low": "1.67001",
            "close": "1.66929"
        },
        {
            "time": "31.10.2020 11:21",
            "open": "1.66929",
            "high": "1.66929",
            "low": "1.66929",
            "close": "1.67062"
        },
        {
            "time": "31.10.2020 11:22",
            "open": "1.67062",
            "high": "1.67062",
            "low": "1.67062",
            "close": "1.66992"
        },
        {
            "time": "31.10.2020 11:23",
            "open": "1.66992",
            "high": "1.66992",
            "low": "1.66223",
            "close": "1.66748"
        },
        {
            "time": "31.10.2020 11:24",
            "open": "1.66748",
            "high": "1.6675",
            "low": "1.66748",
            "close": "1.66018"
        },
        {
            "time": "31.10.2020 11:25",
            "open": "1.66018",
            "high": "1.66807",
            "low": "1.66018",
            "close": "1.66592"
        },
        {
            "time": "31.10.2020 11:26",
            "open": "1.66592",
            "high": "1.66592",
            "low": "1.66338",
            "close": "1.66775"
        },
        {
            "time": "31.10.2020 11:27",
            "open": "1.66775",
            "high": "1.6681",
            "low": "1.66775",
            "close": "1.66509"
        },
        {
            "time": "31.10.2020 11:29",
            "open": "1.66509",
            "high": "1.66667",
            "low": "1.66509",
            "close": "1.66766"
        },
        {
            "time": "31.10.2020 11:30",
            "open": "1.66766",
            "high": "1.66766",
            "low": "1.66766",
            "close": "1.67247"
        },
        {
            "time": "31.10.2020 11:31",
            "open": "1.67247",
            "high": "1.67247",
            "low": "1.67247",
            "close": "1.67081"
        },
        {
            "time": "31.10.2020 11:33",
            "open": "1.67081",
            "high": "1.67247",
            "low": "1.67081",
            "close": "1.67285"
        },
        {
            "time": "31.10.2020 11:36",
            "open": "1.67285",
            "high": "1.67749",
            "low": "1.67285",
            "close": "1.67541"
        },
        {
            "time": "31.10.2020 11:37",
            "open": "1.67541",
            "high": "1.67541",
            "low": "1.67541",
            "close": "1.67505"
        },
        {
            "time": "31.10.2020 11:39",
            "open": "1.67505",
            "high": "1.67505",
            "low": "1.67505",
            "close": "1.676"
        },
        {
            "time": "31.10.2020 11:41",
            "open": "1.676",
            "high": "1.676",
            "low": "1.676",
            "close": "1.67608"
        },
        {
            "time": "31.10.2020 11:43",
            "open": "1.67608",
            "high": "1.6761",
            "low": "1.67608",
            "close": "1.67388"
        },
        {
            "time": "31.10.2020 11:44",
            "open": "1.67388",
            "high": "1.67388",
            "low": "1.67388",
            "close": "1.67389"
        },
        {
            "time": "31.10.2020 11:45",
            "open": "1.67389",
            "high": "1.67389",
            "low": "1.67389",
            "close": "1.6723"
        },
        {
            "time": "31.10.2020 11:49",
            "open": "1.6723",
            "high": "1.6723",
            "low": "1.6723",
            "close": "1.67479"
        },
        {
            "time": "31.10.2020 11:50",
            "open": "1.67479",
            "high": "1.67479",
            "low": "1.67479",
            "close": "1.6745"
        },
        {
            "time": "31.10.2020 11:51",
            "open": "1.6745",
            "high": "1.6745",
            "low": "1.6745",
            "close": "1.67752"
        },
        {
            "time": "31.10.2020 11:53",
            "open": "1.67752",
            "high": "1.67752",
            "low": "1.6763",
            "close": "1.6763"
        },
        {
            "time": "31.10.2020 11:54",
            "open": "1.6763",
            "high": "1.6763",
            "low": "1.6763",
            "close": "1.6756"
        },
        {
            "time": "31.10.2020 11:55",
            "open": "1.6756",
            "high": "1.6756",
            "low": "1.6756",
            "close": "1.67539"
        },
        {
            "time": "31.10.2020 11:56",
            "open": "1.67539",
            "high": "1.67539",
            "low": "1.6727",
            "close": "1.67739"
        },
        {
            "time": "31.10.2020 11:57",
            "open": "1.67739",
            "high": "1.67739",
            "low": "1.67739",
            "close": "1.67432"
        },
        {
            "time": "31.10.2020 11:59",
            "open": "1.67432",
            "high": "1.67432",
            "low": "1.67432",
            "close": "1.67559"
        },
        {
            "time": "31.10.2020 12:00",
            "open": "1.67559",
            "high": "1.67559",
            "low": "1.67559",
            "close": "1.67753"
        },
        {
            "time": "31.10.2020 12:01",
            "open": "1.67753",
            "high": "1.67753",
            "low": "1.67753",
            "close": "1.67451"
        },
        {
            "time": "31.10.2020 12:02",
            "open": "1.67451",
            "high": "1.67451",
            "low": "1.67451",
            "close": "1.6748"
        },
        {
            "time": "31.10.2020 12:07",
            "open": "1.6748",
            "high": "1.6748",
            "low": "1.6748",
            "close": "1.6721"
        },
        {
            "time": "31.10.2020 12:08",
            "open": "1.6721",
            "high": "1.6721",
            "low": "1.6721",
            "close": "1.677"
        },
        {
            "time": "31.10.2020 12:09",
            "open": "1.677",
            "high": "1.677",
            "low": "1.677",
            "close": "1.6741"
        },
        {
            "time": "31.10.2020 12:10",
            "open": "1.6741",
            "high": "1.6741",
            "low": "1.6741",
            "close": "1.672"
        },
        {
            "time": "31.10.2020 12:13",
            "open": "1.672",
            "high": "1.6739",
            "low": "1.672",
            "close": "1.67459"
        },
        {
            "time": "31.10.2020 12:14",
            "open": "1.67459",
            "high": "1.67459",
            "low": "1.67074",
            "close": "1.66741"
        },
        {
            "time": "31.10.2020 12:19",
            "open": "1.66638",
            "high": "1.66638",
            "low": "1.66638",
            "close": "1.6685"
        },
        {
            "time": "31.10.2020 12:23",
            "open": "1.6685",
            "high": "1.6685",
            "low": "1.6685",
            "close": "1.66779"
        },
        {
            "time": "31.10.2020 12:26",
            "open": "1.66779",
            "high": "1.66779",
            "low": "1.66779",
            "close": "1.66973"
        },
        {
            "time": "31.10.2020 12:29",
            "open": "1.66973",
            "high": "1.66973",
            "low": "1.66973",
            "close": "1.6681"
        },
        {
            "time": "31.10.2020 12:31",
            "open": "1.6681",
            "high": "1.6681",
            "low": "1.6681",
            "close": "1.66502"
        },
        {
            "time": "31.10.2020 12:32",
            "open": "1.66502",
            "high": "1.66502",
            "low": "1.66467",
            "close": "1.66675"
        },
        {
            "time": "31.10.2020 12:35",
            "open": "1.66675",
            "high": "1.66675",
            "low": "1.66675",
            "close": "1.66686"
        },
        {
            "time": "31.10.2020 12:36",
            "open": "1.66686",
            "high": "1.66686",
            "low": "1.66686",
            "close": "1.66465"
        },
        {
            "time": "31.10.2020 12:37",
            "open": "1.66465",
            "high": "1.66465",
            "low": "1.66465",
            "close": "1.66733"
        },
        {
            "time": "31.10.2020 12:38",
            "open": "1.66733",
            "high": "1.66738",
            "low": "1.6648",
            "close": "1.66829"
        },
        {
            "time": "31.10.2020 12:40",
            "open": "1.66829",
            "high": "1.66829",
            "low": "1.66829",
            "close": "1.66254"
        },
        {
            "time": "31.10.2020 12:45",
            "open": "1.66254",
            "high": "1.66254",
            "low": "1.66254",
            "close": "1.6642"
        },
        {
            "time": "31.10.2020 12:46",
            "open": "1.6642",
            "high": "1.6642",
            "low": "1.6642",
            "close": "1.66489"
        },
        {
            "time": "31.10.2020 12:47",
            "open": "1.66489",
            "high": "1.66489",
            "low": "1.66489",
            "close": "1.6651"
        },
        {
            "time": "31.10.2020 12:49",
            "open": "1.6651",
            "high": "1.6651",
            "low": "1.6651",
            "close": "1.665"
        },
        {
            "time": "31.10.2020 12:50",
            "open": "1.665",
            "high": "1.665",
            "low": "1.665",
            "close": "1.665"
        },
        {
            "time": "31.10.2020 12:52",
            "open": "1.665",
            "high": "1.66691",
            "low": "1.665",
            "close": "1.66685"
        },
        {
            "time": "31.10.2020 12:53",
            "open": "1.66685",
            "high": "1.66685",
            "low": "1.66685",
            "close": "1.6659"
        },
        {
            "time": "31.10.2020 12:54",
            "open": "1.6659",
            "high": "1.6659",
            "low": "1.6659",
            "close": "1.66403"
        },
        {
            "time": "31.10.2020 12:55",
            "open": "1.66403",
            "high": "1.66403",
            "low": "1.66403",
            "close": "1.66669"
        },
        {
            "time": "31.10.2020 12:56",
            "open": "1.66669",
            "high": "1.6668",
            "low": "1.66669",
            "close": "1.66525"
        },
        {
            "time": "31.10.2020 13:00",
            "open": "1.66525",
            "high": "1.66829",
            "low": "1.66433",
            "close": "1.67997"
        },
        {
            "time": "31.10.2020 13:03",
            "open": "1.67997",
            "high": "1.67997",
            "low": "1.6795",
            "close": "1.68106"
        },
        {
            "time": "31.10.2020 13:10",
            "open": "1.68106",
            "high": "1.68106",
            "low": "1.68021",
            "close": "1.6813"
        },
        {
            "time": "31.10.2020 13:13",
            "open": "1.6813",
            "high": "1.6813",
            "low": "1.6813",
            "close": "1.68171"
        },
        {
            "time": "31.10.2020 13:14",
            "open": "1.68171",
            "high": "1.68171",
            "low": "1.68171",
            "close": "1.68412"
        },
        {
            "time": "31.10.2020 13:15",
            "open": "1.68412",
            "high": "1.68412",
            "low": "1.68412",
            "close": "1.67807"
        },
        {
            "time": "31.10.2020 13:18",
            "open": "1.67807",
            "high": "1.67807",
            "low": "1.67807",
            "close": "1.67977"
        },
        {
            "time": "31.10.2020 13:19",
            "open": "1.67977",
            "high": "1.67977",
            "low": "1.67977",
            "close": "1.67999"
        },
        {
            "time": "31.10.2020 13:21",
            "open": "1.67999",
            "high": "1.67999",
            "low": "1.67999",
            "close": "1.6804"
        },
        {
            "time": "31.10.2020 13:25",
            "open": "1.6804",
            "high": "1.6804",
            "low": "1.6804",
            "close": "1.6814"
        },
        {
            "time": "31.10.2020 13:26",
            "open": "1.6814",
            "high": "1.6814",
            "low": "1.6814",
            "close": "1.6809"
        },
        {
            "time": "31.10.2020 13:28",
            "open": "1.6809",
            "high": "1.6809",
            "low": "1.6809",
            "close": "1.67978"
        },
        {
            "time": "31.10.2020 13:40",
            "open": "1.67978",
            "high": "1.67978",
            "low": "1.67978",
            "close": "1.6814"
        },
        {
            "time": "31.10.2020 13:42",
            "open": "1.6814",
            "high": "1.6814",
            "low": "1.6814",
            "close": "1.6814"
        },
        {
            "time": "31.10.2020 13:43",
            "open": "1.6814",
            "high": "1.6814",
            "low": "1.6814",
            "close": "1.68169"
        },
        {
            "time": "31.10.2020 13:44",
            "open": "1.68169",
            "high": "1.68169",
            "low": "1.67871",
            "close": "1.6777"
        },
        {
            "time": "31.10.2020 13:46",
            "open": "1.6777",
            "high": "1.6777",
            "low": "1.6777",
            "close": "1.67456"
        },
        {
            "time": "31.10.2020 13:49",
            "open": "1.67456",
            "high": "1.6762",
            "low": "1.67346",
            "close": "1.67544"
        },
        {
            "time": "31.10.2020 13:50",
            "open": "1.67544",
            "high": "1.67544",
            "low": "1.67544",
            "close": "1.6733"
        },
        {
            "time": "31.10.2020 13:52",
            "open": "1.6733",
            "high": "1.67336",
            "low": "1.671",
            "close": "1.67389"
        },
        {
            "time": "31.10.2020 13:53",
            "open": "1.67389",
            "high": "1.67519",
            "low": "1.67389",
            "close": "1.6742"
        },
        {
            "time": "31.10.2020 13:54",
            "open": "1.6742",
            "high": "1.6742",
            "low": "1.6742",
            "close": "1.6738"
        },
        {
            "time": "31.10.2020 13:55",
            "open": "1.6738",
            "high": "1.6738",
            "low": "1.6738",
            "close": "1.68291"
        },
        {
            "time": "31.10.2020 14:03",
            "open": "1.68291",
            "high": "1.68291",
            "low": "1.68291",
            "close": "1.67984"
        },
        {
            "time": "31.10.2020 14:06",
            "open": "1.67984",
            "high": "1.67984",
            "low": "1.67984",
            "close": "1.67983"
        },
        {
            "time": "31.10.2020 14:07",
            "open": "1.67983",
            "high": "1.67983",
            "low": "1.67983",
            "close": "1.6788"
        },
        {
            "time": "31.10.2020 14:09",
            "open": "1.6788",
            "high": "1.6788",
            "low": "1.6788",
            "close": "1.67608"
        },
        {
            "time": "31.10.2020 14:10",
            "open": "1.67608",
            "high": "1.6778",
            "low": "1.6748",
            "close": "1.67511"
        },
        {
            "time": "31.10.2020 14:20",
            "open": "1.67511",
            "high": "1.67511",
            "low": "1.67511",
            "close": "1.67579"
        },
        {
            "time": "31.10.2020 14:22",
            "open": "1.67579",
            "high": "1.67579",
            "low": "1.67353",
            "close": "1.67659"
        },
        {
            "time": "31.10.2020 14:26",
            "open": "1.67659",
            "high": "1.67659",
            "low": "1.67659",
            "close": "1.67969"
        },
        {
            "time": "31.10.2020 14:28",
            "open": "1.67969",
            "high": "1.67969",
            "low": "1.67969",
            "close": "1.6788"
        },
        {
            "time": "31.10.2020 14:30",
            "open": "1.6788",
            "high": "1.67889",
            "low": "1.6788",
            "close": "1.6791"
        },
        {
            "time": "31.10.2020 14:31",
            "open": "1.6791",
            "high": "1.6791",
            "low": "1.6791",
            "close": "1.679"
        },
        {
            "time": "31.10.2020 14:36",
            "open": "1.679",
            "high": "1.67913",
            "low": "1.679",
            "close": "1.67804"
        },
        {
            "time": "31.10.2020 14:37",
            "open": "1.67804",
            "high": "1.67804",
            "low": "1.67756",
            "close": "1.68401"
        },
        {
            "time": "31.10.2020 14:41",
            "open": "1.68401",
            "high": "1.69659",
            "low": "1.68401",
            "close": "1.69684"
        },
        {
            "time": "31.10.2020 14:42",
            "open": "1.69684",
            "high": "1.69684",
            "low": "1.69143",
            "close": "1.69569"
        },
        {
            "time": "31.10.2020 14:43",
            "open": "1.69569",
            "high": "1.69569",
            "low": "1.69569",
            "close": "1.69229"
        },
        {
            "time": "31.10.2020 14:44",
            "open": "1.69229",
            "high": "1.69229",
            "low": "1.68869",
            "close": "1.68749"
        },
        {
            "time": "31.10.2020 14:45",
            "open": "1.68749",
            "high": "1.68775",
            "low": "1.68749",
            "close": "1.6868"
        },
        {
            "time": "31.10.2020 14:46",
            "open": "1.6868",
            "high": "1.6868",
            "low": "1.6868",
            "close": "1.68579"
        },
        {
            "time": "31.10.2020 14:48",
            "open": "1.68579",
            "high": "1.6887",
            "low": "1.68579",
            "close": "1.68474"
        },
        {
            "time": "31.10.2020 14:49",
            "open": "1.68474",
            "high": "1.68474",
            "low": "1.68474",
            "close": "1.68855"
        },
        {
            "time": "31.10.2020 14:50",
            "open": "1.68855",
            "high": "1.68855",
            "low": "1.68855",
            "close": "1.68979"
        },
        {
            "time": "31.10.2020 14:53",
            "open": "1.68979",
            "high": "1.68979",
            "low": "1.68979",
            "close": "1.69081"
        },
        {
            "time": "31.10.2020 14:54",
            "open": "1.69081",
            "high": "1.69081",
            "low": "1.69081",
            "close": "1.69082"
        },
        {
            "time": "31.10.2020 14:55",
            "open": "1.69082",
            "high": "1.69082",
            "low": "1.69082",
            "close": "1.69079"
        },
        {
            "time": "31.10.2020 14:56",
            "open": "1.69079",
            "high": "1.69079",
            "low": "1.69079",
            "close": "1.6905"
        },
        {
            "time": "31.10.2020 15:00",
            "open": "1.6905",
            "high": "1.6905",
            "low": "1.6905",
            "close": "1.6914"
        },
        {
            "time": "31.10.2020 15:02",
            "open": "1.6914",
            "high": "1.6914",
            "low": "1.6914",
            "close": "1.6948"
        },
        {
            "time": "31.10.2020 15:03",
            "open": "1.6948",
            "high": "1.6948",
            "low": "1.6948",
            "close": "1.69316"
        },
        {
            "time": "31.10.2020 15:06",
            "open": "1.69316",
            "high": "1.69316",
            "low": "1.69316",
            "close": "1.69319"
        },
        {
            "time": "31.10.2020 15:07",
            "open": "1.69319",
            "high": "1.69319",
            "low": "1.68692",
            "close": "1.68616"
        },
        {
            "time": "31.10.2020 15:08",
            "open": "1.68616",
            "high": "1.68769",
            "low": "1.68616",
            "close": "1.6855"
        },
        {
            "time": "31.10.2020 15:14",
            "open": "1.6855",
            "high": "1.6855",
            "low": "1.6855",
            "close": "1.6888"
        },
        {
            "time": "31.10.2020 15:17",
            "open": "1.6888",
            "high": "1.6888",
            "low": "1.6888",
            "close": "1.68564"
        },
        {
            "time": "31.10.2020 15:18",
            "open": "1.68564",
            "high": "1.68564",
            "low": "1.68564",
            "close": "1.687"
        },
        {
            "time": "31.10.2020 15:29",
            "open": "1.687",
            "high": "1.687",
            "low": "1.687",
            "close": "1.68629"
        },
        {
            "time": "31.10.2020 15:30",
            "open": "1.68629",
            "high": "1.68629",
            "low": "1.68629",
            "close": "1.6888"
        },
        {
            "time": "31.10.2020 15:39",
            "open": "1.6888",
            "high": "1.6888",
            "low": "1.6888",
            "close": "1.69614"
        },
        {
            "time": "31.10.2020 15:45",
            "open": "1.69614",
            "high": "1.69618",
            "low": "1.69614",
            "close": "1.69917"
        },
        {
            "time": "31.10.2020 15:46",
            "open": "1.69917",
            "high": "1.69952",
            "low": "1.69917",
            "close": "1.69851"
        },
        {
            "time": "31.10.2020 15:47",
            "open": "1.69851",
            "high": "1.69851",
            "low": "1.69841",
            "close": "1.6982"
        },
        {
            "time": "31.10.2020 15:49",
            "open": "1.6982",
            "high": "1.6982",
            "low": "1.6982",
            "close": "1.70008"
        },
        {
            "time": "31.10.2020 15:50",
            "open": "1.70008",
            "high": "1.70008",
            "low": "1.6998",
            "close": "1.6996"
        },
        {
            "time": "31.10.2020 15:57",
            "open": "1.6996",
            "high": "1.6996",
            "low": "1.6996",
            "close": "1.6996"
        },
        {
            "time": "31.10.2020 15:58",
            "open": "1.6996",
            "high": "1.6996",
            "low": "1.69867",
            "close": "1.70068"
        },
        {
            "time": "31.10.2020 15:59",
            "open": "1.70068",
            "high": "1.70068",
            "low": "1.698",
            "close": "1.69534"
        },
        {
            "time": "31.10.2020 16:00",
            "open": "1.69534",
            "high": "1.69702",
            "low": "1.69296",
            "close": "1.69296"
        },
        {
            "time": "31.10.2020 16:02",
            "open": "1.69296",
            "high": "1.69296",
            "low": "1.69296",
            "close": "1.69545"
        },
        {
            "time": "31.10.2020 16:06",
            "open": "1.69545",
            "high": "1.69761",
            "low": "1.69545",
            "close": "1.6953"
        },
        {
            "time": "31.10.2020 16:09",
            "open": "1.6953",
            "high": "1.6953",
            "low": "1.6953",
            "close": "1.69666"
        },
        {
            "time": "31.10.2020 16:14",
            "open": "1.69666",
            "high": "1.69666",
            "low": "1.69666",
            "close": "1.69681"
        },
        {
            "time": "31.10.2020 16:17",
            "open": "1.69681",
            "high": "1.69681",
            "low": "1.69681",
            "close": "1.69566"
        },
        {
            "time": "31.10.2020 16:20",
            "open": "1.69566",
            "high": "1.69566",
            "low": "1.69566",
            "close": "1.6967"
        },
        {
            "time": "31.10.2020 16:25",
            "open": "1.6967",
            "high": "1.6967",
            "low": "1.6967",
            "close": "1.69829"
        },
        {
            "time": "31.10.2020 16:34",
            "open": "1.69829",
            "high": "1.69928",
            "low": "1.69829",
            "close": "1.697"
        },
        {
            "time": "31.10.2020 16:35",
            "open": "1.697",
            "high": "1.697",
            "low": "1.697",
            "close": "1.698"
        },
        {
            "time": "31.10.2020 16:37",
            "open": "1.698",
            "high": "1.698",
            "low": "1.698",
            "close": "1.69628"
        },
        {
            "time": "31.10.2020 16:40",
            "open": "1.69628",
            "high": "1.69628",
            "low": "1.69628",
            "close": "1.6974"
        },
        {
            "time": "31.10.2020 16:43",
            "open": "1.6974",
            "high": "1.6981",
            "low": "1.6974",
            "close": "1.6981"
        },
        {
            "time": "31.10.2020 16:44",
            "open": "1.6981",
            "high": "1.6981",
            "low": "1.69596",
            "close": "1.6981"
        },
        {
            "time": "31.10.2020 16:45",
            "open": "1.6981",
            "high": "1.6981",
            "low": "1.6981",
            "close": "1.69642"
        },
        {
            "time": "31.10.2020 16:46",
            "open": "1.69642",
            "high": "1.69642",
            "low": "1.69642",
            "close": "1.6999"
        },
        {
            "time": "31.10.2020 16:50",
            "open": "1.6999",
            "high": "1.6999",
            "low": "1.6987",
            "close": "1.69747"
        },
        {
            "time": "31.10.2020 16:51",
            "open": "1.69747",
            "high": "1.69747",
            "low": "1.69747",
            "close": "1.69745"
        },
        {
            "time": "31.10.2020 16:52",
            "open": "1.69745",
            "high": "1.69745",
            "low": "1.69745",
            "close": "1.6993"
        },
        {
            "time": "31.10.2020 16:53",
            "open": "1.6993",
            "high": "1.6993",
            "low": "1.6993",
            "close": "1.70079"
        },
        {
            "time": "31.10.2020 16:58",
            "open": "1.70079",
            "high": "1.70156",
            "low": "1.70079",
            "close": "1.70291"
        },
        {
            "time": "31.10.2020 16:59",
            "open": "1.70291",
            "high": "1.70291",
            "low": "1.70291",
            "close": "1.70807"
        },
        {
            "time": "31.10.2020 17:00",
            "open": "1.70807",
            "high": "1.70807",
            "low": "1.70807",
            "close": "1.70573"
        },
        {
            "time": "31.10.2020 17:01",
            "open": "1.70573",
            "high": "1.70573",
            "low": "1.70573",
            "close": "1.70081"
        },
        {
            "time": "31.10.2020 17:03",
            "open": "1.70081",
            "high": "1.70081",
            "low": "1.70081",
            "close": "1.70467"
        },
        {
            "time": "31.10.2020 17:05",
            "open": "1.70467",
            "high": "1.70467",
            "low": "1.69771",
            "close": "1.7007"
        },
        {
            "time": "31.10.2020 17:06",
            "open": "1.7007",
            "high": "1.7007",
            "low": "1.7007",
            "close": "1.70332"
        },
        {
            "time": "31.10.2020 17:09",
            "open": "1.70332",
            "high": "1.70332",
            "low": "1.70332",
            "close": "1.7044"
        },
        {
            "time": "31.10.2020 17:10",
            "open": "1.7044",
            "high": "1.7044",
            "low": "1.7044",
            "close": "1.70458"
        },
        {
            "time": "31.10.2020 17:16",
            "open": "1.70458",
            "high": "1.70458",
            "low": "1.70458",
            "close": "1.70458"
        },
        {
            "time": "31.10.2020 17:22",
            "open": "1.70458",
            "high": "1.70458",
            "low": "1.70458",
            "close": "1.70429"
        },
        {
            "time": "31.10.2020 17:23",
            "open": "1.70429",
            "high": "1.70429",
            "low": "1.69914",
            "close": "1.6995"
        },
        {
            "time": "31.10.2020 17:24",
            "open": "1.6995",
            "high": "1.6995",
            "low": "1.6995",
            "close": "1.7014"
        },
        {
            "time": "31.10.2020 17:25",
            "open": "1.7014",
            "high": "1.7014",
            "low": "1.7014",
            "close": "1.70286"
        },
        {
            "time": "31.10.2020 17:26",
            "open": "1.70286",
            "high": "1.70286",
            "low": "1.70286",
            "close": "1.7025"
        },
        {
            "time": "31.10.2020 17:28",
            "open": "1.7025",
            "high": "1.7025",
            "low": "1.7025",
            "close": "1.70634"
        },
        {
            "time": "31.10.2020 17:36",
            "open": "1.70634",
            "high": "1.70634",
            "low": "1.70634",
            "close": "1.70549"
        },
        {
            "time": "31.10.2020 17:37",
            "open": "1.70549",
            "high": "1.70549",
            "low": "1.70549",
            "close": "1.7058"
        },
        {
            "time": "31.10.2020 17:39",
            "open": "1.7058",
            "high": "1.7058",
            "low": "1.7058",
            "close": "1.70338"
        },
        {
            "time": "31.10.2020 17:44",
            "open": "1.70338",
            "high": "1.7037",
            "low": "1.70338",
            "close": "1.7025"
        },
        {
            "time": "31.10.2020 17:45",
            "open": "1.7025",
            "high": "1.70326",
            "low": "1.7025",
            "close": "1.70366"
        },
        {
            "time": "31.10.2020 17:48",
            "open": "1.70366",
            "high": "1.70366",
            "low": "1.70366",
            "close": "1.7021"
        },
        {
            "time": "31.10.2020 17:52",
            "open": "1.7021",
            "high": "1.7021",
            "low": "1.7021",
            "close": "1.70208"
        },
        {
            "time": "31.10.2020 17:55",
            "open": "1.70208",
            "high": "1.70208",
            "low": "1.69935",
            "close": "1.70128"
        },
        {
            "time": "31.10.2020 18:02",
            "open": "1.70128",
            "high": "1.70128",
            "low": "1.70128",
            "close": "1.70185"
        },
        {
            "time": "31.10.2020 18:04",
            "open": "1.70185",
            "high": "1.70185",
            "low": "1.70185",
            "close": "1.70058"
        },
        {
            "time": "31.10.2020 18:07",
            "open": "1.70058",
            "high": "1.70058",
            "low": "1.70058",
            "close": "1.69983"
        },
        {
            "time": "31.10.2020 18:08",
            "open": "1.69983",
            "high": "1.69983",
            "low": "1.69983",
            "close": "1.70119"
        },
        {
            "time": "31.10.2020 18:11",
            "open": "1.70119",
            "high": "1.70121",
            "low": "1.70119",
            "close": "1.7026"
        },
        {
            "time": "31.10.2020 18:14",
            "open": "1.7026",
            "high": "1.70262",
            "low": "1.7026",
            "close": "1.70659"
        },
        {
            "time": "31.10.2020 18:20",
            "open": "1.70659",
            "high": "1.7066",
            "low": "1.7044",
            "close": "1.70555"
        },
        {
            "time": "31.10.2020 18:21",
            "open": "1.70555",
            "high": "1.70557",
            "low": "1.7055",
            "close": "1.7115"
        },
        {
            "time": "31.10.2020 18:29",
            "open": "1.7115",
            "high": "1.71523",
            "low": "1.7115",
            "close": "1.71199"
        },
        {
            "time": "31.10.2020 18:30",
            "open": "1.71199",
            "high": "1.71459",
            "low": "1.71199",
            "close": "1.72"
        },
        {
            "time": "31.10.2020 18:35",
            "open": "1.72",
            "high": "1.72",
            "low": "1.72",
            "close": "1.72046"
        },
        {
            "time": "31.10.2020 18:36",
            "open": "1.72046",
            "high": "1.72478",
            "low": "1.72046",
            "close": "1.72565"
        },
        {
            "time": "31.10.2020 18:37",
            "open": "1.72565",
            "high": "1.731",
            "low": "1.72565",
            "close": "1.72323"
        },
        {
            "time": "31.10.2020 18:38",
            "open": "1.72323",
            "high": "1.72617",
            "low": "1.72321",
            "close": "1.7271"
        },
        {
            "time": "31.10.2020 18:41",
            "open": "1.7271",
            "high": "1.7271",
            "low": "1.7269",
            "close": "1.72503"
        },
        {
            "time": "31.10.2020 18:42",
            "open": "1.72503",
            "high": "1.72503",
            "low": "1.72503",
            "close": "1.7209"
        },
        {
            "time": "31.10.2020 18:43",
            "open": "1.7209",
            "high": "1.72544",
            "low": "1.7209",
            "close": "1.72048"
        },
        {
            "time": "31.10.2020 18:44",
            "open": "1.72048",
            "high": "1.72048",
            "low": "1.72048",
            "close": "1.72619"
        },
        {
            "time": "31.10.2020 18:45",
            "open": "1.72619",
            "high": "1.72719",
            "low": "1.72354",
            "close": "1.72269"
        },
        {
            "time": "31.10.2020 18:46",
            "open": "1.72269",
            "high": "1.72322",
            "low": "1.72049",
            "close": "1.72522"
        },
        {
            "time": "31.10.2020 18:48",
            "open": "1.72522",
            "high": "1.72565",
            "low": "1.72522",
            "close": "1.72328"
        },
        {
            "time": "31.10.2020 18:49",
            "open": "1.72328",
            "high": "1.72328",
            "low": "1.72328",
            "close": "1.7214"
        },
        {
            "time": "31.10.2020 18:50",
            "open": "1.7214",
            "high": "1.72199",
            "low": "1.72047",
            "close": "1.72324"
        },
        {
            "time": "31.10.2020 18:51",
            "open": "1.72324",
            "high": "1.72324",
            "low": "1.72324",
            "close": "1.72951"
        },
        {
            "time": "31.10.2020 18:54",
            "open": "1.72951",
            "high": "1.73091",
            "low": "1.72951",
            "close": "1.72705"
        },
        {
            "time": "31.10.2020 18:55",
            "open": "1.72705",
            "high": "1.72705",
            "low": "1.72705",
            "close": "1.7312"
        },
        {
            "time": "31.10.2020 18:56",
            "open": "1.7312",
            "high": "1.7325",
            "low": "1.7312",
            "close": "1.7285"
        },
        {
            "time": "31.10.2020 18:57",
            "open": "1.7285",
            "high": "1.7285",
            "low": "1.7285",
            "close": "1.72489"
        },
        {
            "time": "31.10.2020 18:58",
            "open": "1.72489",
            "high": "1.72634",
            "low": "1.72489",
            "close": "1.7284"
        },
        {
            "time": "31.10.2020 18:59",
            "open": "1.7284",
            "high": "1.734",
            "low": "1.7284",
            "close": "1.73272"
        },
        {
            "time": "31.10.2020 19:00",
            "open": "1.73272",
            "high": "1.73272",
            "low": "1.73272",
            "close": "1.72486"
        },
        {
            "time": "31.10.2020 19:04",
            "open": "1.72486",
            "high": "1.72486",
            "low": "1.72486",
            "close": "1.72339"
        },
        {
            "time": "31.10.2020 19:05",
            "open": "1.72339",
            "high": "1.72339",
            "low": "1.713",
            "close": "1.71793"
        },
        {
            "time": "31.10.2020 19:06",
            "open": "1.71793",
            "high": "1.71831",
            "low": "1.71793",
            "close": "1.7066"
        },
        {
            "time": "31.10.2020 19:12",
            "open": "1.7066",
            "high": "1.7066",
            "low": "1.7066",
            "close": "1.70491"
        },
        {
            "time": "31.10.2020 19:13",
            "open": "1.70491",
            "high": "1.70491",
            "low": "1.70491",
            "close": "1.7066"
        },
        {
            "time": "31.10.2020 19:15",
            "open": "1.7066",
            "high": "1.7066",
            "low": "1.7066",
            "close": "1.7066"
        },
        {
            "time": "31.10.2020 19:17",
            "open": "1.7066",
            "high": "1.7066",
            "low": "1.7066",
            "close": "1.71066"
        },
        {
            "time": "31.10.2020 19:18",
            "open": "1.71066",
            "high": "1.71086",
            "low": "1.71066",
            "close": "1.71"
        },
        {
            "time": "31.10.2020 19:19",
            "open": "1.71",
            "high": "1.71",
            "low": "1.71",
            "close": "1.70829"
        },
        {
            "time": "31.10.2020 19:20",
            "open": "1.70829",
            "high": "1.70829",
            "low": "1.70829",
            "close": "1.71101"
        },
        {
            "time": "31.10.2020 19:24",
            "open": "1.71101",
            "high": "1.71101",
            "low": "1.70972",
            "close": "1.7122"
        },
        {
            "time": "31.10.2020 19:25",
            "open": "1.7122",
            "high": "1.7122",
            "low": "1.7122",
            "close": "1.70667"
        },
        {
            "time": "31.10.2020 19:27",
            "open": "1.70667",
            "high": "1.7098",
            "low": "1.70667",
            "close": "1.71213"
        },
        {
            "time": "31.10.2020 19:28",
            "open": "1.71213",
            "high": "1.71213",
            "low": "1.71213",
            "close": "1.71285"
        },
        {
            "time": "31.10.2020 19:30",
            "open": "1.71285",
            "high": "1.71285",
            "low": "1.71285",
            "close": "1.71163"
        },
        {
            "time": "31.10.2020 19:31",
            "open": "1.71163",
            "high": "1.71163",
            "low": "1.71163",
            "close": "1.704"
        },
        {
            "time": "31.10.2020 19:35",
            "open": "1.704",
            "high": "1.704",
            "low": "1.704",
            "close": "1.7026"
        },
        {
            "time": "31.10.2020 19:40",
            "open": "1.7026",
            "high": "1.7026",
            "low": "1.7",
            "close": "1.6972"
        },
        {
            "time": "31.10.2020 19:41",
            "open": "1.6972",
            "high": "1.6972",
            "low": "1.69474",
            "close": "1.69469"
        },
        {
            "time": "31.10.2020 19:42",
            "open": "1.69469",
            "high": "1.69473",
            "low": "1.69468",
            "close": "1.69855"
        },
        {
            "time": "31.10.2020 19:45",
            "open": "1.69855",
            "high": "1.69855",
            "low": "1.69855",
            "close": "1.69988"
        },
        {
            "time": "31.10.2020 19:46",
            "open": "1.69988",
            "high": "1.7",
            "low": "1.69988",
            "close": "1.69739"
        },
        {
            "time": "31.10.2020 19:47",
            "open": "1.69739",
            "high": "1.69739",
            "low": "1.69461",
            "close": "1.69796"
        },
        {
            "time": "31.10.2020 19:48",
            "open": "1.69796",
            "high": "1.69796",
            "low": "1.69796",
            "close": "1.69885"
        },
        {
            "time": "31.10.2020 19:49",
            "open": "1.69885",
            "high": "1.69885",
            "low": "1.69517",
            "close": "1.69361"
        },
        {
            "time": "31.10.2020 19:50",
            "open": "1.69361",
            "high": "1.69361",
            "low": "1.69361",
            "close": "1.69129"
        },
        {
            "time": "31.10.2020 19:53",
            "open": "1.69129",
            "high": "1.69129",
            "low": "1.69129",
            "close": "1.69132"
        },
        {
            "time": "31.10.2020 19:55",
            "open": "1.69132",
            "high": "1.69134",
            "low": "1.69132",
            "close": "1.68974"
        },
        {
            "time": "31.10.2020 19:59",
            "open": "1.68974",
            "high": "1.68984",
            "low": "1.68676",
            "close": "1.6854"
        },
        {
            "time": "31.10.2020 20:03",
            "open": "1.6854",
            "high": "1.6854",
            "low": "1.6854",
            "close": "1.685"
        },
        {
            "time": "31.10.2020 20:07",
            "open": "1.685",
            "high": "1.685",
            "low": "1.685",
            "close": "1.68586"
        },
        {
            "time": "31.10.2020 20:08",
            "open": "1.68586",
            "high": "1.68586",
            "low": "1.6854",
            "close": "1.68844"
        },
        {
            "time": "31.10.2020 20:09",
            "open": "1.68844",
            "high": "1.68844",
            "low": "1.68844",
            "close": "1.6964"
        },
        {
            "time": "31.10.2020 20:15",
            "open": "1.6964",
            "high": "1.69646",
            "low": "1.6964",
            "close": "1.69299"
        },
        {
            "time": "31.10.2020 20:19",
            "open": "1.69299",
            "high": "1.69299",
            "low": "1.69299",
            "close": "1.69088"
        },
        {
            "time": "31.10.2020 20:22",
            "open": "1.69088",
            "high": "1.69088",
            "low": "1.69088",
            "close": "1.69158"
        },
        {
            "time": "31.10.2020 20:24",
            "open": "1.69158",
            "high": "1.69643",
            "low": "1.69158",
            "close": "1.69601"
        },
        {
            "time": "31.10.2020 20:25",
            "open": "1.69601",
            "high": "1.69601",
            "low": "1.69601",
            "close": "1.70075"
        },
        {
            "time": "31.10.2020 20:27",
            "open": "1.70075",
            "high": "1.70075",
            "low": "1.70075",
            "close": "1.69405"
        },
        {
            "time": "31.10.2020 20:29",
            "open": "1.69405",
            "high": "1.69875",
            "low": "1.69405",
            "close": "1.70026"
        },
        {
            "time": "31.10.2020 20:31",
            "open": "1.70026",
            "high": "1.70026",
            "low": "1.70026",
            "close": "1.70137"
        },
        {
            "time": "31.10.2020 20:33",
            "open": "1.70137",
            "high": "1.70137",
            "low": "1.70137",
            "close": "1.70115"
        },
        {
            "time": "31.10.2020 20:36",
            "open": "1.70115",
            "high": "1.70115",
            "low": "1.70115",
            "close": "1.6999"
        },
        {
            "time": "31.10.2020 20:45",
            "open": "1.6999",
            "high": "1.6999",
            "low": "1.6999",
            "close": "1.6947"
        },
        {
            "time": "31.10.2020 20:47",
            "open": "1.6947",
            "high": "1.6947",
            "low": "1.6947",
            "close": "1.70096"
        },
        {
            "time": "31.10.2020 20:52",
            "open": "1.70096",
            "high": "1.7024",
            "low": "1.70096",
            "close": "1.70561"
        },
        {
            "time": "31.10.2020 20:53",
            "open": "1.70561",
            "high": "1.70561",
            "low": "1.70561",
            "close": "1.70358"
        },
        {
            "time": "31.10.2020 20:55",
            "open": "1.70358",
            "high": "1.70358",
            "low": "1.70358",
            "close": "1.70112"
        },
        {
            "time": "31.10.2020 20:56",
            "open": "1.70112",
            "high": "1.70112",
            "low": "1.70112",
            "close": "1.70548"
        },
        {
            "time": "31.10.2020 21:01",
            "open": "1.70548",
            "high": "1.7055",
            "low": "1.70548",
            "close": "1.70566"
        },
        {
            "time": "31.10.2020 21:02",
            "open": "1.70566",
            "high": "1.70566",
            "low": "1.70566",
            "close": "1.71"
        },
        {
            "time": "31.10.2020 21:08",
            "open": "1.71",
            "high": "1.71",
            "low": "1.71",
            "close": "1.71"
        },
        {
            "time": "31.10.2020 21:09",
            "open": "1.71",
            "high": "1.71",
            "low": "1.71",
            "close": "1.71402"
        },
        {
            "time": "31.10.2020 21:19",
            "open": "1.71402",
            "high": "1.71402",
            "low": "1.71402",
            "close": "1.71181"
        },
        {
            "time": "31.10.2020 21:20",
            "open": "1.71181",
            "high": "1.71181",
            "low": "1.71181",
            "close": "1.7104"
        },
        {
            "time": "31.10.2020 21:21",
            "open": "1.7104",
            "high": "1.7104",
            "low": "1.70837",
            "close": "1.70633"
        },
        {
            "time": "31.10.2020 21:22",
            "open": "1.70633",
            "high": "1.70633",
            "low": "1.70633",
            "close": "1.70984"
        },
        {
            "time": "31.10.2020 21:25",
            "open": "1.70984",
            "high": "1.70984",
            "low": "1.70984",
            "close": "1.70808"
        },
        {
            "time": "31.10.2020 21:27",
            "open": "1.70808",
            "high": "1.70808",
            "low": "1.70808",
            "close": "1.7118"
        },
        {
            "time": "31.10.2020 21:29",
            "open": "1.7118",
            "high": "1.7118",
            "low": "1.7118",
            "close": "1.70808"
        },
        {
            "time": "31.10.2020 21:43",
            "open": "1.70808",
            "high": "1.70808",
            "low": "1.70808",
            "close": "1.70988"
        },
        {
            "time": "31.10.2020 21:50",
            "open": "1.70988",
            "high": "1.70988",
            "low": "1.70988",
            "close": "1.71146"
        },
        {
            "time": "31.10.2020 21:59",
            "open": "1.71146",
            "high": "1.71254",
            "low": "1.71096",
            "close": "1.70825"
        },
        {
            "time": "31.10.2020 22:03",
            "open": "1.70825",
            "high": "1.70825",
            "low": "1.70825",
            "close": "1.71159"
        },
        {
            "time": "31.10.2020 22:05",
            "open": "1.71159",
            "high": "1.71159",
            "low": "1.71159",
            "close": "1.70938"
        },
        {
            "time": "31.10.2020 22:08",
            "open": "1.70938",
            "high": "1.70938",
            "low": "1.70938",
            "close": "1.71004"
        },
        {
            "time": "31.10.2020 22:09",
            "open": "1.71004",
            "high": "1.71006",
            "low": "1.71004",
            "close": "1.705"
        },
        {
            "time": "31.10.2020 22:21",
            "open": "1.705",
            "high": "1.705",
            "low": "1.705",
            "close": "1.70207"
        },
        {
            "time": "31.10.2020 22:25",
            "open": "1.70207",
            "high": "1.70207",
            "low": "1.70207",
            "close": "1.70579"
        },
        {
            "time": "31.10.2020 22:34",
            "open": "1.70579",
            "high": "1.70579",
            "low": "1.70579",
            "close": "1.7051"
        },
        {
            "time": "31.10.2020 22:35",
            "open": "1.7051",
            "high": "1.7051",
            "low": "1.7051",
            "close": "1.70555"
        },
        {
            "time": "31.10.2020 22:38",
            "open": "1.70555",
            "high": "1.70555",
            "low": "1.70555",
            "close": "1.7042"
        },
        {
            "time": "31.10.2020 22:39",
            "open": "1.7042",
            "high": "1.7042",
            "low": "1.7042",
            "close": "1.704"
        },
        {
            "time": "31.10.2020 22:40",
            "open": "1.704",
            "high": "1.704",
            "low": "1.704",
            "close": "1.7023"
        },
        {
            "time": "31.10.2020 22:42",
            "open": "1.7023",
            "high": "1.7023",
            "low": "1.7023",
            "close": "1.7018"
        },
        {
            "time": "31.10.2020 22:49",
            "open": "1.7018",
            "high": "1.7018",
            "low": "1.7018",
            "close": "1.69969"
        },
        {
            "time": "31.10.2020 22:50",
            "open": "1.69969",
            "high": "1.69969",
            "low": "1.69969",
            "close": "1.7037"
        },
        {
            "time": "31.10.2020 22:56",
            "open": "1.7037",
            "high": "1.7037",
            "low": "1.7028",
            "close": "1.70125"
        },
        {
            "time": "31.10.2020 22:59",
            "open": "1.70125",
            "high": "1.70125",
            "low": "1.6993",
            "close": "1.6978"
        },
        {
            "time": "31.10.2020 23:01",
            "open": "1.6978",
            "high": "1.6978",
            "low": "1.6978",
            "close": "1.70003"
        },
        {
            "time": "31.10.2020 23:08",
            "open": "1.70003",
            "high": "1.70003",
            "low": "1.70003",
            "close": "1.7051"
        },
        {
            "time": "31.10.2020 23:15",
            "open": "1.7051",
            "high": "1.7051",
            "low": "1.7051",
            "close": "1.70939"
        },
        {
            "time": "31.10.2020 23:19",
            "open": "1.70939",
            "high": "1.70952",
            "low": "1.70939",
            "close": "1.71149"
        },
        {
            "time": "31.10.2020 23:20",
            "open": "1.71149",
            "high": "1.7115",
            "low": "1.71149",
            "close": "1.70867"
        },
        {
            "time": "31.10.2020 23:22",
            "open": "1.70867",
            "high": "1.70867",
            "low": "1.70867",
            "close": "1.70613"
        },
        {
            "time": "31.10.2020 23:25",
            "open": "1.70613",
            "high": "1.70613",
            "low": "1.70601",
            "close": "1.70458"
        },
        {
            "time": "31.10.2020 23:26",
            "open": "1.70458",
            "high": "1.7046",
            "low": "1.70458",
            "close": "1.7016"
        },
        {
            "time": "31.10.2020 23:27",
            "open": "1.7016",
            "high": "1.7016",
            "low": "1.7016",
            "close": "1.70266"
        },
        {
            "time": "31.10.2020 23:28",
            "open": "1.70266",
            "high": "1.70279",
            "low": "1.70266",
            "close": "1.70351"
        },
        {
            "time": "31.10.2020 23:31",
            "open": "1.70351",
            "high": "1.70351",
            "low": "1.70351",
            "close": "1.70341"
        },
        {
            "time": "31.10.2020 23:32",
            "open": "1.70341",
            "high": "1.70341",
            "low": "1.70341",
            "close": "1.69739"
        },
        {
            "time": "31.10.2020 23:34",
            "open": "1.69739",
            "high": "1.69739",
            "low": "1.69669",
            "close": "1.69469"
        },
        {
            "time": "31.10.2020 23:35",
            "open": "1.69469",
            "high": "1.69817",
            "low": "1.69469",
            "close": "1.69127"
        },
        {
            "time": "31.10.2020 23:47",
            "open": "1.69127",
            "high": "1.69127",
            "low": "1.6903",
            "close": "1.69193"
        }
    ]
}