{
    "XTZ-EUR": [
        {
            "time": "06.12.2020 23:56",
            "open": "1.88592",
            "high": "1.88592",
            "low": "1.88592",
            "close": "1.9"
        },
        {
            "time": "07.12.2020 00:06",
            "open": "1.9",
            "high": "1.9",
            "low": "1.9",
            "close": "1.90218"
        },
        {
            "time": "07.12.2020 00:07",
            "open": "1.90218",
            "high": "1.90218",
            "low": "1.90218",
            "close": "1.91615"
        },
        {
            "time": "07.12.2020 00:19",
            "open": "1.91615",
            "high": "1.91615",
            "low": "1.91615",
            "close": "1.91"
        },
        {
            "time": "07.12.2020 00:20",
            "open": "1.91",
            "high": "1.91266",
            "low": "1.91",
            "close": "1.91265"
        },
        {
            "time": "07.12.2020 00:22",
            "open": "1.91265",
            "high": "1.91265",
            "low": "1.91265",
            "close": "1.91395"
        },
        {
            "time": "07.12.2020 00:25",
            "open": "1.91395",
            "high": "1.91395",
            "low": "1.91395",
            "close": "1.91498"
        },
        {
            "time": "07.12.2020 00:27",
            "open": "1.91498",
            "high": "1.91498",
            "low": "1.91467",
            "close": "1.90971"
        },
        {
            "time": "07.12.2020 00:28",
            "open": "1.90971",
            "high": "1.90971",
            "low": "1.90971",
            "close": "1.91833"
        },
        {
            "time": "07.12.2020 00:32",
            "open": "1.91833",
            "high": "1.91833",
            "low": "1.91833",
            "close": "1.91743"
        },
        {
            "time": "07.12.2020 00:33",
            "open": "1.91743",
            "high": "1.91743",
            "low": "1.91721",
            "close": "1.9186"
        },
        {
            "time": "07.12.2020 00:38",
            "open": "1.9186",
            "high": "1.9186",
            "low": "1.9186",
            "close": "1.91758"
        },
        {
            "time": "07.12.2020 00:40",
            "open": "1.91758",
            "high": "1.91758",
            "low": "1.91758",
            "close": "1.91811"
        },
        {
            "time": "07.12.2020 00:42",
            "open": "1.91811",
            "high": "1.9186",
            "low": "1.91516",
            "close": "1.91855"
        },
        {
            "time": "07.12.2020 00:44",
            "open": "1.91855",
            "high": "1.91855",
            "low": "1.91521",
            "close": "1.91539"
        },
        {
            "time": "07.12.2020 00:45",
            "open": "1.91539",
            "high": "1.91539",
            "low": "1.91539",
            "close": "1.91213"
        },
        {
            "time": "07.12.2020 00:46",
            "open": "1.91213",
            "high": "1.91213",
            "low": "1.91121",
            "close": "1.91608"
        },
        {
            "time": "07.12.2020 00:49",
            "open": "1.91608",
            "high": "1.91608",
            "low": "1.91608",
            "close": "1.9131"
        },
        {
            "time": "07.12.2020 00:50",
            "open": "1.9131",
            "high": "1.9131",
            "low": "1.9131",
            "close": "1.91425"
        },
        {
            "time": "07.12.2020 00:52",
            "open": "1.91425",
            "high": "1.91529",
            "low": "1.91425",
            "close": "1.91856"
        },
        {
            "time": "07.12.2020 00:59",
            "open": "1.91856",
            "high": "1.91856",
            "low": "1.91856",
            "close": "1.9179"
        },
        {
            "time": "07.12.2020 01:00",
            "open": "1.9179",
            "high": "1.9188",
            "low": "1.9179",
            "close": "1.91233"
        },
        {
            "time": "07.12.2020 01:06",
            "open": "1.91233",
            "high": "1.9127",
            "low": "1.91233",
            "close": "1.91251"
        },
        {
            "time": "07.12.2020 01:09",
            "open": "1.91251",
            "high": "1.91455",
            "low": "1.91251",
            "close": "1.9112"
        },
        {
            "time": "07.12.2020 01:10",
            "open": "1.9112",
            "high": "1.9112",
            "low": "1.9112",
            "close": "1.90886"
        },
        {
            "time": "07.12.2020 01:15",
            "open": "1.90886",
            "high": "1.90886",
            "low": "1.90886",
            "close": "1.90522"
        },
        {
            "time": "07.12.2020 01:16",
            "open": "1.90522",
            "high": "1.90522",
            "low": "1.90473",
            "close": "1.90601"
        },
        {
            "time": "07.12.2020 01:17",
            "open": "1.90601",
            "high": "1.90601",
            "low": "1.90601",
            "close": "1.90783"
        },
        {
            "time": "07.12.2020 01:23",
            "open": "1.90783",
            "high": "1.90786",
            "low": "1.90783",
            "close": "1.90424"
        },
        {
            "time": "07.12.2020 01:43",
            "open": "1.90424",
            "high": "1.90424",
            "low": "1.90424",
            "close": "1.90456"
        },
        {
            "time": "07.12.2020 01:45",
            "open": "1.90456",
            "high": "1.90456",
            "low": "1.90456",
            "close": "1.90496"
        },
        {
            "time": "07.12.2020 02:01",
            "open": "1.90496",
            "high": "1.90496",
            "low": "1.90496",
            "close": "1.9014"
        },
        {
            "time": "07.12.2020 02:02",
            "open": "1.9014",
            "high": "1.9014",
            "low": "1.9014",
            "close": "1.89804"
        },
        {
            "time": "07.12.2020 02:06",
            "open": "1.89804",
            "high": "1.89804",
            "low": "1.89123",
            "close": "1.891"
        },
        {
            "time": "07.12.2020 02:07",
            "open": "1.891",
            "high": "1.891",
            "low": "1.891",
            "close": "1.88767"
        },
        {
            "time": "07.12.2020 02:08",
            "open": "1.88767",
            "high": "1.88767",
            "low": "1.88767",
            "close": "1.88648"
        },
        {
            "time": "07.12.2020 02:12",
            "open": "1.88648",
            "high": "1.88648",
            "low": "1.88648",
            "close": "1.88531"
        },
        {
            "time": "07.12.2020 02:14",
            "open": "1.88531",
            "high": "1.88531",
            "low": "1.8853",
            "close": "1.8837"
        },
        {
            "time": "07.12.2020 02:18",
            "open": "1.8837",
            "high": "1.8837",
            "low": "1.8837",
            "close": "1.88588"
        },
        {
            "time": "07.12.2020 02:20",
            "open": "1.88588",
            "high": "1.88588",
            "low": "1.88588",
            "close": "1.8845"
        },
        {
            "time": "07.12.2020 02:21",
            "open": "1.8845",
            "high": "1.8845",
            "low": "1.88222",
            "close": "1.883"
        },
        {
            "time": "07.12.2020 02:23",
            "open": "1.883",
            "high": "1.883",
            "low": "1.88",
            "close": "1.87611"
        },
        {
            "time": "07.12.2020 02:29",
            "open": "1.87611",
            "high": "1.87611",
            "low": "1.87611",
            "close": "1.87412"
        },
        {
            "time": "07.12.2020 02:30",
            "open": "1.87412",
            "high": "1.87412",
            "low": "1.87412",
            "close": "1.87635"
        },
        {
            "time": "07.12.2020 02:32",
            "open": "1.87635",
            "high": "1.87635",
            "low": "1.87633",
            "close": "1.876"
        },
        {
            "time": "07.12.2020 02:35",
            "open": "1.876",
            "high": "1.876",
            "low": "1.876",
            "close": "1.874"
        },
        {
            "time": "07.12.2020 02:49",
            "open": "1.874",
            "high": "1.874",
            "low": "1.874",
            "close": "1.88009"
        },
        {
            "time": "07.12.2020 02:57",
            "open": "1.88009",
            "high": "1.88009",
            "low": "1.88009",
            "close": "1.88142"
        },
        {
            "time": "07.12.2020 02:58",
            "open": "1.88142",
            "high": "1.88142",
            "low": "1.88142",
            "close": "1.88089"
        },
        {
            "time": "07.12.2020 03:00",
            "open": "1.88089",
            "high": "1.88126",
            "low": "1.88089",
            "close": "1.8836"
        },
        {
            "time": "07.12.2020 03:08",
            "open": "1.8836",
            "high": "1.8836",
            "low": "1.8836",
            "close": "1.87857"
        },
        {
            "time": "07.12.2020 03:26",
            "open": "1.87857",
            "high": "1.87857",
            "low": "1.87857",
            "close": "1.88445"
        },
        {
            "time": "07.12.2020 03:55",
            "open": "1.88445",
            "high": "1.88446",
            "low": "1.88445",
            "close": "1.8878"
        },
        {
            "time": "07.12.2020 03:56",
            "open": "1.8878",
            "high": "1.8878",
            "low": "1.88418",
            "close": "1.88464"
        },
        {
            "time": "07.12.2020 03:59",
            "open": "1.88464",
            "high": "1.88464",
            "low": "1.88464",
            "close": "1.88524"
        },
        {
            "time": "07.12.2020 04:03",
            "open": "1.88524",
            "high": "1.88524",
            "low": "1.88524",
            "close": "1.88897"
        },
        {
            "time": "07.12.2020 04:08",
            "open": "1.88897",
            "high": "1.88897",
            "low": "1.88897",
            "close": "1.89161"
        },
        {
            "time": "07.12.2020 04:12",
            "open": "1.89161",
            "high": "1.89177",
            "low": "1.89161",
            "close": "1.89113"
        },
        {
            "time": "07.12.2020 04:15",
            "open": "1.89113",
            "high": "1.89113",
            "low": "1.89113",
            "close": "1.88652"
        },
        {
            "time": "07.12.2020 04:28",
            "open": "1.88652",
            "high": "1.88652",
            "low": "1.88652",
            "close": "1.88863"
        },
        {
            "time": "07.12.2020 04:32",
            "open": "1.88863",
            "high": "1.88863",
            "low": "1.88863",
            "close": "1.89082"
        },
        {
            "time": "07.12.2020 04:35",
            "open": "1.89082",
            "high": "1.89082",
            "low": "1.89082",
            "close": "1.89419"
        },
        {
            "time": "07.12.2020 04:52",
            "open": "1.89419",
            "high": "1.89419",
            "low": "1.89419",
            "close": "1.88573"
        },
        {
            "time": "07.12.2020 05:10",
            "open": "1.88573",
            "high": "1.88573",
            "low": "1.88573",
            "close": "1.88839"
        },
        {
            "time": "07.12.2020 05:17",
            "open": "1.88839",
            "high": "1.88839",
            "low": "1.88839",
            "close": "1.8854"
        },
        {
            "time": "07.12.2020 05:34",
            "open": "1.8854",
            "high": "1.8854",
            "low": "1.8854",
            "close": "1.89401"
        },
        {
            "time": "07.12.2020 05:55",
            "open": "1.89401",
            "high": "1.89401",
            "low": "1.89401",
            "close": "1.894"
        },
        {
            "time": "07.12.2020 06:07",
            "open": "1.894",
            "high": "1.894",
            "low": "1.894",
            "close": "1.89387"
        },
        {
            "time": "07.12.2020 06:10",
            "open": "1.89387",
            "high": "1.89387",
            "low": "1.89387",
            "close": "1.89745"
        },
        {
            "time": "07.12.2020 06:12",
            "open": "1.89745",
            "high": "1.89745",
            "low": "1.89745",
            "close": "1.89744"
        },
        {
            "time": "07.12.2020 06:28",
            "open": "1.89744",
            "high": "1.89744",
            "low": "1.89744",
            "close": "1.89744"
        },
        {
            "time": "07.12.2020 06:29",
            "open": "1.89744",
            "high": "1.89744",
            "low": "1.89744",
            "close": "1.9"
        },
        {
            "time": "07.12.2020 06:30",
            "open": "1.9",
            "high": "1.9",
            "low": "1.9",
            "close": "1.9"
        },
        {
            "time": "07.12.2020 06:32",
            "open": "1.9",
            "high": "1.90235",
            "low": "1.9",
            "close": "1.90076"
        },
        {
            "time": "07.12.2020 06:34",
            "open": "1.90076",
            "high": "1.90076",
            "low": "1.90076",
            "close": "1.89899"
        },
        {
            "time": "07.12.2020 06:43",
            "open": "1.89899",
            "high": "1.89899",
            "low": "1.89899",
            "close": "1.90081"
        },
        {
            "time": "07.12.2020 07:03",
            "open": "1.90081",
            "high": "1.90081",
            "low": "1.90081",
            "close": "1.9051"
        },
        {
            "time": "07.12.2020 07:16",
            "open": "1.9051",
            "high": "1.9051",
            "low": "1.90181",
            "close": "1.90479"
        },
        {
            "time": "07.12.2020 07:18",
            "open": "1.90479",
            "high": "1.90479",
            "low": "1.90479",
            "close": "1.9041"
        },
        {
            "time": "07.12.2020 07:20",
            "open": "1.9041",
            "high": "1.9041",
            "low": "1.9041",
            "close": "1.90503"
        },
        {
            "time": "07.12.2020 07:22",
            "open": "1.90503",
            "high": "1.90503",
            "low": "1.90503",
            "close": "1.90385"
        },
        {
            "time": "07.12.2020 07:29",
            "open": "1.90385",
            "high": "1.90385",
            "low": "1.90385",
            "close": "1.9055"
        },
        {
            "time": "07.12.2020 07:32",
            "open": "1.9055",
            "high": "1.9055",
            "low": "1.9055",
            "close": "1.90204"
        },
        {
            "time": "07.12.2020 07:38",
            "open": "1.90204",
            "high": "1.90204",
            "low": "1.90204",
            "close": "1.90222"
        },
        {
            "time": "07.12.2020 07:44",
            "open": "1.90222",
            "high": "1.90222",
            "low": "1.90222",
            "close": "1.9051"
        },
        {
            "time": "07.12.2020 07:53",
            "open": "1.9051",
            "high": "1.9051",
            "low": "1.9048",
            "close": "1.90508"
        },
        {
            "time": "07.12.2020 07:54",
            "open": "1.90508",
            "high": "1.90508",
            "low": "1.90508",
            "close": "1.9051"
        },
        {
            "time": "07.12.2020 07:56",
            "open": "1.9051",
            "high": "1.9051",
            "low": "1.90277",
            "close": "1.9049"
        },
        {
            "time": "07.12.2020 08:02",
            "open": "1.9049",
            "high": "1.9049",
            "low": "1.9049",
            "close": "1.90308"
        },
        {
            "time": "07.12.2020 08:04",
            "open": "1.90308",
            "high": "1.90308",
            "low": "1.902",
            "close": "1.9008"
        },
        {
            "time": "07.12.2020 08:06",
            "open": "1.9008",
            "high": "1.9008",
            "low": "1.9008",
            "close": "1.90124"
        },
        {
            "time": "07.12.2020 08:20",
            "open": "1.90124",
            "high": "1.90126",
            "low": "1.90124",
            "close": "1.90364"
        },
        {
            "time": "07.12.2020 08:26",
            "open": "1.90364",
            "high": "1.90364",
            "low": "1.90364",
            "close": "1.90337"
        },
        {
            "time": "07.12.2020 08:27",
            "open": "1.90337",
            "high": "1.9034",
            "low": "1.90337",
            "close": "1.90394"
        },
        {
            "time": "07.12.2020 08:28",
            "open": "1.90394",
            "high": "1.90394",
            "low": "1.90394",
            "close": "1.8985"
        },
        {
            "time": "07.12.2020 08:40",
            "open": "1.8985",
            "high": "1.8985",
            "low": "1.8985",
            "close": "1.89799"
        },
        {
            "time": "07.12.2020 08:41",
            "open": "1.89799",
            "high": "1.89799",
            "low": "1.89799",
            "close": "1.89547"
        },
        {
            "time": "07.12.2020 08:42",
            "open": "1.89547",
            "high": "1.89547",
            "low": "1.89377",
            "close": "1.89377"
        },
        {
            "time": "07.12.2020 08:43",
            "open": "1.89377",
            "high": "1.89377",
            "low": "1.89377",
            "close": "1.89377"
        },
        {
            "time": "07.12.2020 08:45",
            "open": "1.89377",
            "high": "1.89377",
            "low": "1.89377",
            "close": "1.89377"
        },
        {
            "time": "07.12.2020 08:46",
            "open": "1.89377",
            "high": "1.89377",
            "low": "1.89377",
            "close": "1.8955"
        },
        {
            "time": "07.12.2020 08:48",
            "open": "1.8955",
            "high": "1.8955",
            "low": "1.89305",
            "close": "1.88943"
        },
        {
            "time": "07.12.2020 08:51",
            "open": "1.88943",
            "high": "1.88943",
            "low": "1.88719",
            "close": "1.88874"
        },
        {
            "time": "07.12.2020 08:52",
            "open": "1.88874",
            "high": "1.88874",
            "low": "1.88867",
            "close": "1.8876"
        },
        {
            "time": "07.12.2020 08:56",
            "open": "1.8876",
            "high": "1.89252",
            "low": "1.8876",
            "close": "1.89193"
        },
        {
            "time": "07.12.2020 08:57",
            "open": "1.89193",
            "high": "1.89193",
            "low": "1.89193",
            "close": "1.89123"
        },
        {
            "time": "07.12.2020 08:58",
            "open": "1.89123",
            "high": "1.89123",
            "low": "1.89123",
            "close": "1.88924"
        },
        {
            "time": "07.12.2020 09:02",
            "open": "1.88924",
            "high": "1.88924",
            "low": "1.88924",
            "close": "1.88991"
        },
        {
            "time": "07.12.2020 09:03",
            "open": "1.88991",
            "high": "1.88991",
            "low": "1.88961",
            "close": "1.8888"
        },
        {
            "time": "07.12.2020 09:10",
            "open": "1.8888",
            "high": "1.8888",
            "low": "1.88852",
            "close": "1.88853"
        },
        {
            "time": "07.12.2020 09:18",
            "open": "1.88853",
            "high": "1.88853",
            "low": "1.88853",
            "close": "1.88868"
        },
        {
            "time": "07.12.2020 09:22",
            "open": "1.88868",
            "high": "1.8887",
            "low": "1.88868",
            "close": "1.88683"
        },
        {
            "time": "07.12.2020 09:28",
            "open": "1.88683",
            "high": "1.88683",
            "low": "1.88683",
            "close": "1.8865"
        },
        {
            "time": "07.12.2020 09:29",
            "open": "1.8865",
            "high": "1.8865",
            "low": "1.8865",
            "close": "1.8847"
        },
        {
            "time": "07.12.2020 09:30",
            "open": "1.8847",
            "high": "1.8847",
            "low": "1.8847",
            "close": "1.88721"
        },
        {
            "time": "07.12.2020 09:32",
            "open": "1.88721",
            "high": "1.88745",
            "low": "1.88721",
            "close": "1.88861"
        },
        {
            "time": "07.12.2020 09:38",
            "open": "1.88861",
            "high": "1.88861",
            "low": "1.88861",
            "close": "1.88949"
        },
        {
            "time": "07.12.2020 09:39",
            "open": "1.88949",
            "high": "1.88949",
            "low": "1.88949",
            "close": "1.88944"
        },
        {
            "time": "07.12.2020 09:40",
            "open": "1.88944",
            "high": "1.88944",
            "low": "1.88944",
            "close": "1.88871"
        },
        {
            "time": "07.12.2020 09:45",
            "open": "1.88871",
            "high": "1.88871",
            "low": "1.88871",
            "close": "1.88872"
        },
        {
            "time": "07.12.2020 09:47",
            "open": "1.88872",
            "high": "1.88872",
            "low": "1.88869",
            "close": "1.8899"
        },
        {
            "time": "07.12.2020 09:49",
            "open": "1.8899",
            "high": "1.8899",
            "low": "1.8899",
            "close": "1.8872"
        },
        {
            "time": "07.12.2020 09:51",
            "open": "1.8872",
            "high": "1.8872",
            "low": "1.8872",
            "close": "1.8874"
        },
        {
            "time": "07.12.2020 09:52",
            "open": "1.8874",
            "high": "1.8874",
            "low": "1.8874",
            "close": "1.8874"
        },
        {
            "time": "07.12.2020 09:53",
            "open": "1.8874",
            "high": "1.8874",
            "low": "1.88515",
            "close": "1.88973"
        },
        {
            "time": "07.12.2020 09:57",
            "open": "1.88973",
            "high": "1.88973",
            "low": "1.88973",
            "close": "1.88995"
        },
        {
            "time": "07.12.2020 10:00",
            "open": "1.88995",
            "high": "1.88995",
            "low": "1.88995",
            "close": "1.8908"
        },
        {
            "time": "07.12.2020 10:01",
            "open": "1.8908",
            "high": "1.8915",
            "low": "1.8908",
            "close": "1.88805"
        },
        {
            "time": "07.12.2020 10:02",
            "open": "1.88805",
            "high": "1.88805",
            "low": "1.88805",
            "close": "1.8903"
        },
        {
            "time": "07.12.2020 10:03",
            "open": "1.8903",
            "high": "1.8903",
            "low": "1.8903",
            "close": "1.8868"
        },
        {
            "time": "07.12.2020 10:04",
            "open": "1.8868",
            "high": "1.8868",
            "low": "1.8868",
            "close": "1.8911"
        },
        {
            "time": "07.12.2020 10:05",
            "open": "1.8911",
            "high": "1.8911",
            "low": "1.8911",
            "close": "1.89067"
        },
        {
            "time": "07.12.2020 10:09",
            "open": "1.89067",
            "high": "1.89067",
            "low": "1.89067",
            "close": "1.88796"
        },
        {
            "time": "07.12.2020 10:10",
            "open": "1.88796",
            "high": "1.88796",
            "low": "1.88796",
            "close": "1.8897"
        },
        {
            "time": "07.12.2020 10:11",
            "open": "1.8897",
            "high": "1.8897",
            "low": "1.8897",
            "close": "1.88988"
        },
        {
            "time": "07.12.2020 10:14",
            "open": "1.88988",
            "high": "1.89171",
            "low": "1.88988",
            "close": "1.88847"
        },
        {
            "time": "07.12.2020 10:15",
            "open": "1.88847",
            "high": "1.88847",
            "low": "1.88847",
            "close": "1.89"
        },
        {
            "time": "07.12.2020 10:16",
            "open": "1.89",
            "high": "1.89",
            "low": "1.89",
            "close": "1.88797"
        },
        {
            "time": "07.12.2020 10:18",
            "open": "1.88797",
            "high": "1.88797",
            "low": "1.88797",
            "close": "1.8879"
        },
        {
            "time": "07.12.2020 10:19",
            "open": "1.8879",
            "high": "1.8879",
            "low": "1.8879",
            "close": "1.886"
        },
        {
            "time": "07.12.2020 10:20",
            "open": "1.886",
            "high": "1.88769",
            "low": "1.886",
            "close": "1.886"
        },
        {
            "time": "07.12.2020 10:22",
            "open": "1.886",
            "high": "1.886",
            "low": "1.88558",
            "close": "1.88559"
        },
        {
            "time": "07.12.2020 10:24",
            "open": "1.88559",
            "high": "1.88559",
            "low": "1.88451",
            "close": "1.88675"
        },
        {
            "time": "07.12.2020 10:29",
            "open": "1.88675",
            "high": "1.88675",
            "low": "1.88675",
            "close": "1.88941"
        },
        {
            "time": "07.12.2020 10:36",
            "open": "1.88941",
            "high": "1.88941",
            "low": "1.88941",
            "close": "1.887"
        },
        {
            "time": "07.12.2020 10:37",
            "open": "1.887",
            "high": "1.887",
            "low": "1.887",
            "close": "1.88733"
        },
        {
            "time": "07.12.2020 10:46",
            "open": "1.88733",
            "high": "1.88733",
            "low": "1.88733",
            "close": "1.89145"
        },
        {
            "time": "07.12.2020 10:48",
            "open": "1.89145",
            "high": "1.89145",
            "low": "1.89145",
            "close": "1.8906"
        },
        {
            "time": "07.12.2020 10:53",
            "open": "1.8906",
            "high": "1.8906",
            "low": "1.8902",
            "close": "1.8853"
        },
        {
            "time": "07.12.2020 11:01",
            "open": "1.8853",
            "high": "1.8853",
            "low": "1.8853",
            "close": "1.883"
        },
        {
            "time": "07.12.2020 11:03",
            "open": "1.883",
            "high": "1.883",
            "low": "1.883",
            "close": "1.88478"
        },
        {
            "time": "07.12.2020 11:05",
            "open": "1.88478",
            "high": "1.88502",
            "low": "1.88478",
            "close": "1.88192"
        },
        {
            "time": "07.12.2020 11:08",
            "open": "1.88192",
            "high": "1.88192",
            "low": "1.88192",
            "close": "1.885"
        },
        {
            "time": "07.12.2020 11:10",
            "open": "1.885",
            "high": "1.885",
            "low": "1.885",
            "close": "1.89021"
        },
        {
            "time": "07.12.2020 11:16",
            "open": "1.89021",
            "high": "1.89021",
            "low": "1.89021",
            "close": "1.8854"
        },
        {
            "time": "07.12.2020 11:18",
            "open": "1.8854",
            "high": "1.8854",
            "low": "1.8854",
            "close": "1.88184"
        },
        {
            "time": "07.12.2020 11:20",
            "open": "1.88184",
            "high": "1.88184",
            "low": "1.88184",
            "close": "1.88184"
        },
        {
            "time": "07.12.2020 11:22",
            "open": "1.88184",
            "high": "1.88184",
            "low": "1.88184",
            "close": "1.88282"
        },
        {
            "time": "07.12.2020 11:25",
            "open": "1.88282",
            "high": "1.88282",
            "low": "1.88282",
            "close": "1.88"
        },
        {
            "time": "07.12.2020 11:30",
            "open": "1.88",
            "high": "1.88",
            "low": "1.88",
            "close": "1.88001"
        },
        {
            "time": "07.12.2020 11:37",
            "open": "1.88001",
            "high": "1.88001",
            "low": "1.88",
            "close": "1.88068"
        },
        {
            "time": "07.12.2020 11:40",
            "open": "1.88068",
            "high": "1.88068",
            "low": "1.88068",
            "close": "1.88268"
        },
        {
            "time": "07.12.2020 11:43",
            "open": "1.88268",
            "high": "1.88268",
            "low": "1.88268",
            "close": "1.8799"
        },
        {
            "time": "07.12.2020 11:49",
            "open": "1.8799",
            "high": "1.8799",
            "low": "1.8799",
            "close": "1.881"
        },
        {
            "time": "07.12.2020 11:53",
            "open": "1.881",
            "high": "1.88139",
            "low": "1.881",
            "close": "1.87901"
        },
        {
            "time": "07.12.2020 11:54",
            "open": "1.87901",
            "high": "1.87901",
            "low": "1.87901",
            "close": "1.879"
        },
        {
            "time": "07.12.2020 11:55",
            "open": "1.879",
            "high": "1.879",
            "low": "1.879",
            "close": "1.87923"
        },
        {
            "time": "07.12.2020 11:56",
            "open": "1.87923",
            "high": "1.87923",
            "low": "1.87923",
            "close": "1.87701"
        },
        {
            "time": "07.12.2020 11:57",
            "open": "1.87701",
            "high": "1.87701",
            "low": "1.87699",
            "close": "1.87939"
        },
        {
            "time": "07.12.2020 11:58",
            "open": "1.87939",
            "high": "1.87966",
            "low": "1.87939",
            "close": "1.87966"
        },
        {
            "time": "07.12.2020 12:00",
            "open": "1.87966",
            "high": "1.87966",
            "low": "1.87966",
            "close": "1.87886"
        },
        {
            "time": "07.12.2020 12:01",
            "open": "1.87886",
            "high": "1.87886",
            "low": "1.87886",
            "close": "1.88075"
        },
        {
            "time": "07.12.2020 12:02",
            "open": "1.88075",
            "high": "1.88075",
            "low": "1.87841",
            "close": "1.88321"
        },
        {
            "time": "07.12.2020 12:04",
            "open": "1.88321",
            "high": "1.88321",
            "low": "1.88313",
            "close": "1.88296"
        },
        {
            "time": "07.12.2020 12:05",
            "open": "1.88296",
            "high": "1.88296",
            "low": "1.88296",
            "close": "1.88293"
        },
        {
            "time": "07.12.2020 12:06",
            "open": "1.88293",
            "high": "1.88293",
            "low": "1.88293",
            "close": "1.88281"
        },
        {
            "time": "07.12.2020 12:10",
            "open": "1.88281",
            "high": "1.88281",
            "low": "1.88278",
            "close": "1.8804"
        },
        {
            "time": "07.12.2020 12:17",
            "open": "1.8804",
            "high": "1.8804",
            "low": "1.8804",
            "close": "1.88332"
        },
        {
            "time": "07.12.2020 12:18",
            "open": "1.88332",
            "high": "1.88332",
            "low": "1.8816",
            "close": "1.88181"
        },
        {
            "time": "07.12.2020 12:20",
            "open": "1.88181",
            "high": "1.88431",
            "low": "1.88181",
            "close": "1.88506"
        },
        {
            "time": "07.12.2020 12:21",
            "open": "1.88506",
            "high": "1.88506",
            "low": "1.88506",
            "close": "1.88479"
        },
        {
            "time": "07.12.2020 12:24",
            "open": "1.88479",
            "high": "1.88479",
            "low": "1.88479",
            "close": "1.88363"
        },
        {
            "time": "07.12.2020 12:25",
            "open": "1.88363",
            "high": "1.88363",
            "low": "1.88363",
            "close": "1.88492"
        },
        {
            "time": "07.12.2020 12:26",
            "open": "1.88492",
            "high": "1.88492",
            "low": "1.88492",
            "close": "1.88384"
        },
        {
            "time": "07.12.2020 12:28",
            "open": "1.88384",
            "high": "1.88397",
            "low": "1.88384",
            "close": "1.8787"
        },
        {
            "time": "07.12.2020 12:30",
            "open": "1.8787",
            "high": "1.8787",
            "low": "1.8787",
            "close": "1.88127"
        },
        {
            "time": "07.12.2020 12:31",
            "open": "1.88127",
            "high": "1.88127",
            "low": "1.88127",
            "close": "1.88184"
        },
        {
            "time": "07.12.2020 12:34",
            "open": "1.88184",
            "high": "1.88184",
            "low": "1.88134",
            "close": "1.88289"
        },
        {
            "time": "07.12.2020 12:36",
            "open": "1.88289",
            "high": "1.88289",
            "low": "1.88289",
            "close": "1.88309"
        },
        {
            "time": "07.12.2020 12:46",
            "open": "1.88309",
            "high": "1.88309",
            "low": "1.88289",
            "close": "1.88291"
        },
        {
            "time": "07.12.2020 12:47",
            "open": "1.88291",
            "high": "1.88291",
            "low": "1.88291",
            "close": "1.88292"
        },
        {
            "time": "07.12.2020 12:50",
            "open": "1.88292",
            "high": "1.88292",
            "low": "1.88081",
            "close": "1.88301"
        },
        {
            "time": "07.12.2020 12:51",
            "open": "1.88301",
            "high": "1.88301",
            "low": "1.88301",
            "close": "1.88021"
        },
        {
            "time": "07.12.2020 12:54",
            "open": "1.88021",
            "high": "1.88021",
            "low": "1.88021",
            "close": "1.87681"
        },
        {
            "time": "07.12.2020 12:57",
            "open": "1.87681",
            "high": "1.87681",
            "low": "1.875",
            "close": "1.8758"
        },
        {
            "time": "07.12.2020 12:59",
            "open": "1.8758",
            "high": "1.8758",
            "low": "1.87341",
            "close": "1.874"
        },
        {
            "time": "07.12.2020 13:00",
            "open": "1.874",
            "high": "1.874",
            "low": "1.874",
            "close": "1.87578"
        },
        {
            "time": "07.12.2020 13:01",
            "open": "1.87578",
            "high": "1.87578",
            "low": "1.87561",
            "close": "1.88807"
        },
        {
            "time": "07.12.2020 13:06",
            "open": "1.88807",
            "high": "1.88807",
            "low": "1.88807",
            "close": "1.89199"
        },
        {
            "time": "07.12.2020 13:07",
            "open": "1.89199",
            "high": "1.89199",
            "low": "1.89199",
            "close": "1.89198"
        },
        {
            "time": "07.12.2020 13:08",
            "open": "1.89198",
            "high": "1.89198",
            "low": "1.89198",
            "close": "1.89117"
        },
        {
            "time": "07.12.2020 13:11",
            "open": "1.89117",
            "high": "1.89117",
            "low": "1.89117",
            "close": "1.88725"
        },
        {
            "time": "07.12.2020 13:17",
            "open": "1.88725",
            "high": "1.88725",
            "low": "1.88725",
            "close": "1.88879"
        },
        {
            "time": "07.12.2020 13:18",
            "open": "1.88879",
            "high": "1.88879",
            "low": "1.88879",
            "close": "1.88998"
        },
        {
            "time": "07.12.2020 13:24",
            "open": "1.88998",
            "high": "1.89336",
            "low": "1.88998",
            "close": "1.89566"
        },
        {
            "time": "07.12.2020 13:25",
            "open": "1.89566",
            "high": "1.89566",
            "low": "1.89566",
            "close": "1.89764"
        },
        {
            "time": "07.12.2020 13:35",
            "open": "1.89764",
            "high": "1.89764",
            "low": "1.89764",
            "close": "1.89763"
        },
        {
            "time": "07.12.2020 13:38",
            "open": "1.89763",
            "high": "1.89763",
            "low": "1.89763",
            "close": "1.9"
        },
        {
            "time": "07.12.2020 13:39",
            "open": "1.9",
            "high": "1.90075",
            "low": "1.8993",
            "close": "1.90027"
        },
        {
            "time": "07.12.2020 13:40",
            "open": "1.90027",
            "high": "1.90027",
            "low": "1.90027",
            "close": "1.90898"
        },
        {
            "time": "07.12.2020 13:41",
            "open": "1.90898",
            "high": "1.90898",
            "low": "1.90719",
            "close": "1.91"
        },
        {
            "time": "07.12.2020 13:43",
            "open": "1.91",
            "high": "1.91",
            "low": "1.91",
            "close": "1.911"
        },
        {
            "time": "07.12.2020 13:45",
            "open": "1.911",
            "high": "1.91124",
            "low": "1.90692",
            "close": "1.91216"
        },
        {
            "time": "07.12.2020 13:47",
            "open": "1.91216",
            "high": "1.91445",
            "low": "1.91216",
            "close": "1.9114"
        },
        {
            "time": "07.12.2020 13:53",
            "open": "1.9114",
            "high": "1.9114",
            "low": "1.9114",
            "close": "1.90851"
        },
        {
            "time": "07.12.2020 13:55",
            "open": "1.90851",
            "high": "1.90851",
            "low": "1.90851",
            "close": "1.9095"
        },
        {
            "time": "07.12.2020 13:59",
            "open": "1.9095",
            "high": "1.9095",
            "low": "1.9095",
            "close": "1.90493"
        },
        {
            "time": "07.12.2020 14:06",
            "open": "1.90493",
            "high": "1.90545",
            "low": "1.90441",
            "close": "1.90613"
        },
        {
            "time": "07.12.2020 14:08",
            "open": "1.90613",
            "high": "1.90613",
            "low": "1.90613",
            "close": "1.90793"
        },
        {
            "time": "07.12.2020 14:13",
            "open": "1.90793",
            "high": "1.90867",
            "low": "1.90793",
            "close": "1.90613"
        },
        {
            "time": "07.12.2020 14:20",
            "open": "1.90613",
            "high": "1.90613",
            "low": "1.90297",
            "close": "1.9051"
        },
        {
            "time": "07.12.2020 14:22",
            "open": "1.9051",
            "high": "1.9051",
            "low": "1.9051",
            "close": "1.9043"
        },
        {
            "time": "07.12.2020 14:32",
            "open": "1.9043",
            "high": "1.9043",
            "low": "1.9043",
            "close": "1.90444"
        },
        {
            "time": "07.12.2020 14:34",
            "open": "1.90444",
            "high": "1.9054",
            "low": "1.90444",
            "close": "1.90328"
        },
        {
            "time": "07.12.2020 14:46",
            "open": "1.90328",
            "high": "1.90328",
            "low": "1.90328",
            "close": "1.904"
        },
        {
            "time": "07.12.2020 14:49",
            "open": "1.904",
            "high": "1.904",
            "low": "1.904",
            "close": "1.90689"
        },
        {
            "time": "07.12.2020 14:51",
            "open": "1.90689",
            "high": "1.90689",
            "low": "1.90689",
            "close": "1.90201"
        },
        {
            "time": "07.12.2020 14:52",
            "open": "1.90201",
            "high": "1.90559",
            "low": "1.90201",
            "close": "1.90584"
        },
        {
            "time": "07.12.2020 14:53",
            "open": "1.90584",
            "high": "1.90584",
            "low": "1.90584",
            "close": "1.90356"
        },
        {
            "time": "07.12.2020 14:56",
            "open": "1.90356",
            "high": "1.90356",
            "low": "1.90356",
            "close": "1.89901"
        },
        {
            "time": "07.12.2020 14:57",
            "open": "1.89901",
            "high": "1.89901",
            "low": "1.89901",
            "close": "1.9021"
        },
        {
            "time": "07.12.2020 14:58",
            "open": "1.9021",
            "high": "1.9021",
            "low": "1.9021",
            "close": "1.9016"
        },
        {
            "time": "07.12.2020 15:00",
            "open": "1.9016",
            "high": "1.9016",
            "low": "1.9016",
            "close": "1.90115"
        },
        {
            "time": "07.12.2020 15:01",
            "open": "1.90115",
            "high": "1.90115",
            "low": "1.90115",
            "close": "1.89455"
        },
        {
            "time": "07.12.2020 15:03",
            "open": "1.89455",
            "high": "1.89455",
            "low": "1.89455",
            "close": "1.89159"
        },
        {
            "time": "07.12.2020 15:11",
            "open": "1.89159",
            "high": "1.89265",
            "low": "1.89159",
            "close": "1.89"
        },
        {
            "time": "07.12.2020 15:12",
            "open": "1.89",
            "high": "1.89",
            "low": "1.89",
            "close": "1.88435"
        },
        {
            "time": "07.12.2020 15:14",
            "open": "1.88435",
            "high": "1.88435",
            "low": "1.88435",
            "close": "1.88266"
        },
        {
            "time": "07.12.2020 15:15",
            "open": "1.88266",
            "high": "1.88599",
            "low": "1.88266",
            "close": "1.88447"
        },
        {
            "time": "07.12.2020 15:18",
            "open": "1.88447",
            "high": "1.88447",
            "low": "1.88447",
            "close": "1.88925"
        },
        {
            "time": "07.12.2020 15:19",
            "open": "1.88925",
            "high": "1.88925",
            "low": "1.88925",
            "close": "1.89639"
        },
        {
            "time": "07.12.2020 15:22",
            "open": "1.89639",
            "high": "1.89639",
            "low": "1.89639",
            "close": "1.89161"
        },
        {
            "time": "07.12.2020 15:24",
            "open": "1.89161",
            "high": "1.89541",
            "low": "1.89161",
            "close": "1.895"
        },
        {
            "time": "07.12.2020 15:25",
            "open": "1.895",
            "high": "1.895",
            "low": "1.895",
            "close": "1.89354"
        },
        {
            "time": "07.12.2020 15:27",
            "open": "1.89354",
            "high": "1.89354",
            "low": "1.89354",
            "close": "1.89383"
        },
        {
            "time": "07.12.2020 15:30",
            "open": "1.89383",
            "high": "1.90012",
            "low": "1.89383",
            "close": "1.8968"
        },
        {
            "time": "07.12.2020 15:33",
            "open": "1.8968",
            "high": "1.8968",
            "low": "1.8968",
            "close": "1.89627"
        },
        {
            "time": "07.12.2020 15:37",
            "open": "1.89627",
            "high": "1.89627",
            "low": "1.89627",
            "close": "1.8859"
        },
        {
            "time": "07.12.2020 15:42",
            "open": "1.8859",
            "high": "1.8859",
            "low": "1.88308",
            "close": "1.88628"
        },
        {
            "time": "07.12.2020 15:43",
            "open": "1.88628",
            "high": "1.88628",
            "low": "1.88628",
            "close": "1.88161"
        },
        {
            "time": "07.12.2020 15:44",
            "open": "1.88161",
            "high": "1.88161",
            "low": "1.88161",
            "close": "1.8911"
        },
        {
            "time": "07.12.2020 15:47",
            "open": "1.8911",
            "high": "1.8911",
            "low": "1.8911",
            "close": "1.88746"
        },
        {
            "time": "07.12.2020 15:49",
            "open": "1.88746",
            "high": "1.88746",
            "low": "1.88746",
            "close": "1.88874"
        },
        {
            "time": "07.12.2020 15:50",
            "open": "1.88874",
            "high": "1.88874",
            "low": "1.88874",
            "close": "1.89355"
        },
        {
            "time": "07.12.2020 15:54",
            "open": "1.89355",
            "high": "1.89355",
            "low": "1.89355",
            "close": "1.89195"
        },
        {
            "time": "07.12.2020 15:55",
            "open": "1.89195",
            "high": "1.89195",
            "low": "1.89195",
            "close": "1.89255"
        },
        {
            "time": "07.12.2020 16:01",
            "open": "1.89255",
            "high": "1.89255",
            "low": "1.89255",
            "close": "1.89093"
        },
        {
            "time": "07.12.2020 16:05",
            "open": "1.89093",
            "high": "1.89093",
            "low": "1.89093",
            "close": "1.89223"
        },
        {
            "time": "07.12.2020 16:08",
            "open": "1.89223",
            "high": "1.89223",
            "low": "1.89223",
            "close": "1.8946"
        },
        {
            "time": "07.12.2020 16:19",
            "open": "1.8946",
            "high": "1.8946",
            "low": "1.8946",
            "close": "1.89618"
        },
        {
            "time": "07.12.2020 16:20",
            "open": "1.89618",
            "high": "1.89618",
            "low": "1.89618",
            "close": "1.8927"
        },
        {
            "time": "07.12.2020 16:23",
            "open": "1.8927",
            "high": "1.8927",
            "low": "1.8927",
            "close": "1.89442"
        },
        {
            "time": "07.12.2020 16:27",
            "open": "1.89442",
            "high": "1.89442",
            "low": "1.8941",
            "close": "1.89599"
        },
        {
            "time": "07.12.2020 16:29",
            "open": "1.89599",
            "high": "1.89599",
            "low": "1.89599",
            "close": "1.895"
        },
        {
            "time": "07.12.2020 16:30",
            "open": "1.895",
            "high": "1.895",
            "low": "1.895",
            "close": "1.8926"
        },
        {
            "time": "07.12.2020 16:36",
            "open": "1.8926",
            "high": "1.8926",
            "low": "1.8926",
            "close": "1.89248"
        },
        {
            "time": "07.12.2020 16:37",
            "open": "1.89248",
            "high": "1.89248",
            "low": "1.89248",
            "close": "1.89308"
        },
        {
            "time": "07.12.2020 16:39",
            "open": "1.89308",
            "high": "1.89377",
            "low": "1.89308",
            "close": "1.8927"
        },
        {
            "time": "07.12.2020 16:45",
            "open": "1.8927",
            "high": "1.8927",
            "low": "1.8927",
            "close": "1.89288"
        },
        {
            "time": "07.12.2020 16:47",
            "open": "1.89288",
            "high": "1.89496",
            "low": "1.89288",
            "close": "1.89496"
        },
        {
            "time": "07.12.2020 16:48",
            "open": "1.89496",
            "high": "1.89619",
            "low": "1.89496",
            "close": "1.89543"
        },
        {
            "time": "07.12.2020 16:49",
            "open": "1.89543",
            "high": "1.89619",
            "low": "1.89543",
            "close": "1.89599"
        },
        {
            "time": "07.12.2020 17:03",
            "open": "1.89599",
            "high": "1.896",
            "low": "1.89005",
            "close": "1.88932"
        },
        {
            "time": "07.12.2020 17:05",
            "open": "1.88932",
            "high": "1.88932",
            "low": "1.88932",
            "close": "1.89599"
        },
        {
            "time": "07.12.2020 17:06",
            "open": "1.89599",
            "high": "1.89599",
            "low": "1.89599",
            "close": "1.8934"
        },
        {
            "time": "07.12.2020 17:08",
            "open": "1.8934",
            "high": "1.8934",
            "low": "1.8934",
            "close": "1.89385"
        },
        {
            "time": "07.12.2020 17:10",
            "open": "1.89385",
            "high": "1.89385",
            "low": "1.89252",
            "close": "1.89251"
        },
        {
            "time": "07.12.2020 17:11",
            "open": "1.89251",
            "high": "1.89251",
            "low": "1.8897",
            "close": "1.88922"
        },
        {
            "time": "07.12.2020 17:12",
            "open": "1.88922",
            "high": "1.88922",
            "low": "1.88922",
            "close": "1.88931"
        },
        {
            "time": "07.12.2020 17:14",
            "open": "1.88931",
            "high": "1.88931",
            "low": "1.88931",
            "close": "1.895"
        },
        {
            "time": "07.12.2020 17:18",
            "open": "1.895",
            "high": "1.895",
            "low": "1.895",
            "close": "1.8956"
        },
        {
            "time": "07.12.2020 17:19",
            "open": "1.8956",
            "high": "1.89608",
            "low": "1.8931",
            "close": "1.89447"
        },
        {
            "time": "07.12.2020 17:21",
            "open": "1.89447",
            "high": "1.89447",
            "low": "1.89447",
            "close": "1.89749"
        },
        {
            "time": "07.12.2020 17:23",
            "open": "1.89749",
            "high": "1.89749",
            "low": "1.89749",
            "close": "1.8961"
        },
        {
            "time": "07.12.2020 17:24",
            "open": "1.8961",
            "high": "1.8961",
            "low": "1.8961",
            "close": "1.89689"
        },
        {
            "time": "07.12.2020 17:26",
            "open": "1.89689",
            "high": "1.89689",
            "low": "1.89689",
            "close": "1.89688"
        },
        {
            "time": "07.12.2020 17:27",
            "open": "1.89688",
            "high": "1.89816",
            "low": "1.89688",
            "close": "1.89466"
        },
        {
            "time": "07.12.2020 17:29",
            "open": "1.89466",
            "high": "1.89466",
            "low": "1.89466",
            "close": "1.89472"
        },
        {
            "time": "07.12.2020 17:30",
            "open": "1.89472",
            "high": "1.89472",
            "low": "1.89472",
            "close": "1.89708"
        },
        {
            "time": "07.12.2020 17:31",
            "open": "1.89708",
            "high": "1.89708",
            "low": "1.89464",
            "close": "1.89607"
        },
        {
            "time": "07.12.2020 17:32",
            "open": "1.89607",
            "high": "1.89607",
            "low": "1.89607",
            "close": "1.89464"
        },
        {
            "time": "07.12.2020 17:33",
            "open": "1.89464",
            "high": "1.89464",
            "low": "1.89464",
            "close": "1.89551"
        },
        {
            "time": "07.12.2020 17:34",
            "open": "1.89551",
            "high": "1.89577",
            "low": "1.89551",
            "close": "1.89336"
        },
        {
            "time": "07.12.2020 17:37",
            "open": "1.89336",
            "high": "1.89336",
            "low": "1.89336",
            "close": "1.89098"
        },
        {
            "time": "07.12.2020 17:39",
            "open": "1.89098",
            "high": "1.89098",
            "low": "1.89098",
            "close": "1.88852"
        },
        {
            "time": "07.12.2020 17:45",
            "open": "1.88852",
            "high": "1.88852",
            "low": "1.88852",
            "close": "1.88982"
        },
        {
            "time": "07.12.2020 17:46",
            "open": "1.88982",
            "high": "1.88982",
            "low": "1.88974",
            "close": "1.89486"
        },
        {
            "time": "07.12.2020 17:49",
            "open": "1.89486",
            "high": "1.89487",
            "low": "1.89486",
            "close": "1.89519"
        },
        {
            "time": "07.12.2020 17:50",
            "open": "1.89519",
            "high": "1.89519",
            "low": "1.89519",
            "close": "1.89521"
        },
        {
            "time": "07.12.2020 17:51",
            "open": "1.89521",
            "high": "1.89521",
            "low": "1.89521",
            "close": "1.89571"
        },
        {
            "time": "07.12.2020 17:52",
            "open": "1.89571",
            "high": "1.89571",
            "low": "1.89571",
            "close": "1.8947"
        },
        {
            "time": "07.12.2020 17:54",
            "open": "1.8947",
            "high": "1.8947",
            "low": "1.8947",
            "close": "1.8918"
        },
        {
            "time": "07.12.2020 17:58",
            "open": "1.8918",
            "high": "1.89215",
            "low": "1.8918",
            "close": "1.89232"
        },
        {
            "time": "07.12.2020 17:59",
            "open": "1.89232",
            "high": "1.89232",
            "low": "1.89232",
            "close": "1.88972"
        },
        {
            "time": "07.12.2020 18:02",
            "open": "1.88972",
            "high": "1.88972",
            "low": "1.88972",
            "close": "1.88972"
        },
        {
            "time": "07.12.2020 18:03",
            "open": "1.88972",
            "high": "1.88972",
            "low": "1.88972",
            "close": "1.89299"
        },
        {
            "time": "07.12.2020 18:09",
            "open": "1.89299",
            "high": "1.89299",
            "low": "1.89299",
            "close": "1.88957"
        },
        {
            "time": "07.12.2020 18:10",
            "open": "1.88957",
            "high": "1.88957",
            "low": "1.88957",
            "close": "1.89002"
        },
        {
            "time": "07.12.2020 18:13",
            "open": "1.89002",
            "high": "1.89002",
            "low": "1.89002",
            "close": "1.88989"
        },
        {
            "time": "07.12.2020 18:15",
            "open": "1.88989",
            "high": "1.89038",
            "low": "1.88989",
            "close": "1.8933"
        },
        {
            "time": "07.12.2020 18:18",
            "open": "1.8933",
            "high": "1.8933",
            "low": "1.8933",
            "close": "1.8917"
        },
        {
            "time": "07.12.2020 18:28",
            "open": "1.8917",
            "high": "1.8917",
            "low": "1.8917",
            "close": "1.8919"
        },
        {
            "time": "07.12.2020 18:30",
            "open": "1.8919",
            "high": "1.8919",
            "low": "1.8919",
            "close": "1.8919"
        },
        {
            "time": "07.12.2020 18:31",
            "open": "1.8919",
            "high": "1.8919",
            "low": "1.8919",
            "close": "1.89082"
        },
        {
            "time": "07.12.2020 18:33",
            "open": "1.89082",
            "high": "1.8909",
            "low": "1.89082",
            "close": "1.88785"
        },
        {
            "time": "07.12.2020 18:35",
            "open": "1.88785",
            "high": "1.88785",
            "low": "1.88785",
            "close": "1.8917"
        },
        {
            "time": "07.12.2020 18:51",
            "open": "1.8917",
            "high": "1.8917",
            "low": "1.8917",
            "close": "1.8906"
        },
        {
            "time": "07.12.2020 18:53",
            "open": "1.8906",
            "high": "1.8906",
            "low": "1.8906",
            "close": "1.8904"
        },
        {
            "time": "07.12.2020 18:54",
            "open": "1.8904",
            "high": "1.8904",
            "low": "1.8904",
            "close": "1.88989"
        },
        {
            "time": "07.12.2020 18:55",
            "open": "1.88989",
            "high": "1.88989",
            "low": "1.88655",
            "close": "1.88979"
        },
        {
            "time": "07.12.2020 18:59",
            "open": "1.88979",
            "high": "1.88979",
            "low": "1.88979",
            "close": "1.88929"
        },
        {
            "time": "07.12.2020 19:00",
            "open": "1.88929",
            "high": "1.88929",
            "low": "1.88929",
            "close": "1.88764"
        },
        {
            "time": "07.12.2020 19:01",
            "open": "1.88764",
            "high": "1.89",
            "low": "1.88764",
            "close": "1.88817"
        },
        {
            "time": "07.12.2020 19:08",
            "open": "1.88817",
            "high": "1.88817",
            "low": "1.88817",
            "close": "1.88651"
        },
        {
            "time": "07.12.2020 19:10",
            "open": "1.88651",
            "high": "1.88712",
            "low": "1.88651",
            "close": "1.88684"
        },
        {
            "time": "07.12.2020 19:11",
            "open": "1.88684",
            "high": "1.88684",
            "low": "1.88684",
            "close": "1.88181"
        },
        {
            "time": "07.12.2020 19:18",
            "open": "1.88181",
            "high": "1.88181",
            "low": "1.88",
            "close": "1.87605"
        },
        {
            "time": "07.12.2020 19:19",
            "open": "1.87605",
            "high": "1.87605",
            "low": "1.87495",
            "close": "1.87226"
        },
        {
            "time": "07.12.2020 19:21",
            "open": "1.87226",
            "high": "1.87226",
            "low": "1.86982",
            "close": "1.86698"
        },
        {
            "time": "07.12.2020 19:22",
            "open": "1.86698",
            "high": "1.86698",
            "low": "1.847",
            "close": "1.84815"
        },
        {
            "time": "07.12.2020 19:23",
            "open": "1.84815",
            "high": "1.84843",
            "low": "1.84815",
            "close": "1.84808"
        },
        {
            "time": "07.12.2020 19:24",
            "open": "1.84808",
            "high": "1.84918",
            "low": "1.84808",
            "close": "1.85263"
        },
        {
            "time": "07.12.2020 19:28",
            "open": "1.85263",
            "high": "1.85263",
            "low": "1.85263",
            "close": "1.84924"
        },
        {
            "time": "07.12.2020 19:30",
            "open": "1.84924",
            "high": "1.84924",
            "low": "1.84924",
            "close": "1.85256"
        },
        {
            "time": "07.12.2020 19:31",
            "open": "1.85256",
            "high": "1.85256",
            "low": "1.85256",
            "close": "1.85471"
        },
        {
            "time": "07.12.2020 19:32",
            "open": "1.85471",
            "high": "1.85471",
            "low": "1.85471",
            "close": "1.85415"
        },
        {
            "time": "07.12.2020 19:33",
            "open": "1.85415",
            "high": "1.85878",
            "low": "1.85415",
            "close": "1.85406"
        },
        {
            "time": "07.12.2020 19:34",
            "open": "1.85406",
            "high": "1.85406",
            "low": "1.85406",
            "close": "1.85719"
        },
        {
            "time": "07.12.2020 19:37",
            "open": "1.85719",
            "high": "1.85719",
            "low": "1.85719",
            "close": "1.856"
        },
        {
            "time": "07.12.2020 19:38",
            "open": "1.856",
            "high": "1.85738",
            "low": "1.856",
            "close": "1.8578"
        },
        {
            "time": "07.12.2020 19:40",
            "open": "1.8578",
            "high": "1.8578",
            "low": "1.8578",
            "close": "1.8573"
        },
        {
            "time": "07.12.2020 19:41",
            "open": "1.8573",
            "high": "1.85749",
            "low": "1.8573",
            "close": "1.85751"
        },
        {
            "time": "07.12.2020 19:42",
            "open": "1.85751",
            "high": "1.85751",
            "low": "1.85426",
            "close": "1.85623"
        },
        {
            "time": "07.12.2020 19:43",
            "open": "1.85623",
            "high": "1.85623",
            "low": "1.85623",
            "close": "1.85409"
        },
        {
            "time": "07.12.2020 19:44",
            "open": "1.85409",
            "high": "1.85409",
            "low": "1.85409",
            "close": "1.85409"
        },
        {
            "time": "07.12.2020 19:45",
            "open": "1.85409",
            "high": "1.85409",
            "low": "1.85409",
            "close": "1.85"
        },
        {
            "time": "07.12.2020 19:47",
            "open": "1.85",
            "high": "1.85",
            "low": "1.8481",
            "close": "1.84707"
        },
        {
            "time": "07.12.2020 19:48",
            "open": "1.84707",
            "high": "1.84707",
            "low": "1.84044",
            "close": "1.85073"
        },
        {
            "time": "07.12.2020 19:50",
            "open": "1.85073",
            "high": "1.85073",
            "low": "1.85073",
            "close": "1.84965"
        },
        {
            "time": "07.12.2020 19:51",
            "open": "1.84965",
            "high": "1.85196",
            "low": "1.84761",
            "close": "1.85036"
        },
        {
            "time": "07.12.2020 19:53",
            "open": "1.85036",
            "high": "1.85036",
            "low": "1.85036",
            "close": "1.85032"
        },
        {
            "time": "07.12.2020 19:55",
            "open": "1.85032",
            "high": "1.85329",
            "low": "1.84992",
            "close": "1.8489"
        },
        {
            "time": "07.12.2020 19:56",
            "open": "1.8489",
            "high": "1.84981",
            "low": "1.8489",
            "close": "1.84981"
        },
        {
            "time": "07.12.2020 19:59",
            "open": "1.84981",
            "high": "1.84981",
            "low": "1.84981",
            "close": "1.84963"
        },
        {
            "time": "07.12.2020 20:00",
            "open": "1.84963",
            "high": "1.85048",
            "low": "1.84943",
            "close": "1.8563"
        },
        {
            "time": "07.12.2020 20:03",
            "open": "1.8563",
            "high": "1.85669",
            "low": "1.8563",
            "close": "1.8581"
        },
        {
            "time": "07.12.2020 20:04",
            "open": "1.8581",
            "high": "1.8581",
            "low": "1.8581",
            "close": "1.85234"
        },
        {
            "time": "07.12.2020 20:09",
            "open": "1.85234",
            "high": "1.85234",
            "low": "1.85234",
            "close": "1.85602"
        },
        {
            "time": "07.12.2020 20:10",
            "open": "1.85602",
            "high": "1.85602",
            "low": "1.85602",
            "close": "1.853"
        },
        {
            "time": "07.12.2020 20:12",
            "open": "1.853",
            "high": "1.853",
            "low": "1.853",
            "close": "1.8554"
        },
        {
            "time": "07.12.2020 20:15",
            "open": "1.8554",
            "high": "1.85549",
            "low": "1.85528",
            "close": "1.8536"
        },
        {
            "time": "07.12.2020 20:18",
            "open": "1.8536",
            "high": "1.8536",
            "low": "1.8536",
            "close": "1.84974"
        },
        {
            "time": "07.12.2020 20:19",
            "open": "1.84974",
            "high": "1.84974",
            "low": "1.84974",
            "close": "1.85391"
        },
        {
            "time": "07.12.2020 20:21",
            "open": "1.85391",
            "high": "1.85391",
            "low": "1.85391",
            "close": "1.85171"
        },
        {
            "time": "07.12.2020 20:22",
            "open": "1.85171",
            "high": "1.85171",
            "low": "1.85151",
            "close": "1.85626"
        },
        {
            "time": "07.12.2020 20:24",
            "open": "1.85626",
            "high": "1.85626",
            "low": "1.85626",
            "close": "1.8558"
        },
        {
            "time": "07.12.2020 20:25",
            "open": "1.8558",
            "high": "1.8558",
            "low": "1.8558",
            "close": "1.85447"
        },
        {
            "time": "07.12.2020 20:26",
            "open": "1.85447",
            "high": "1.85447",
            "low": "1.85447",
            "close": "1.85646"
        },
        {
            "time": "07.12.2020 20:28",
            "open": "1.85646",
            "high": "1.85646",
            "low": "1.85646",
            "close": "1.8561"
        },
        {
            "time": "07.12.2020 20:30",
            "open": "1.8561",
            "high": "1.8561",
            "low": "1.8561",
            "close": "1.85527"
        },
        {
            "time": "07.12.2020 20:33",
            "open": "1.85527",
            "high": "1.85527",
            "low": "1.85527",
            "close": "1.85527"
        },
        {
            "time": "07.12.2020 20:34",
            "open": "1.85527",
            "high": "1.85527",
            "low": "1.85527",
            "close": "1.85459"
        },
        {
            "time": "07.12.2020 20:35",
            "open": "1.85459",
            "high": "1.85459",
            "low": "1.85224",
            "close": "1.85085"
        },
        {
            "time": "07.12.2020 20:36",
            "open": "1.85085",
            "high": "1.85289",
            "low": "1.85085",
            "close": "1.85338"
        },
        {
            "time": "07.12.2020 20:37",
            "open": "1.85338",
            "high": "1.85399",
            "low": "1.85338",
            "close": "1.85428"
        },
        {
            "time": "07.12.2020 20:38",
            "open": "1.85428",
            "high": "1.85428",
            "low": "1.85428",
            "close": "1.8539"
        },
        {
            "time": "07.12.2020 20:39",
            "open": "1.8539",
            "high": "1.8539",
            "low": "1.85132",
            "close": "1.85441"
        },
        {
            "time": "07.12.2020 20:40",
            "open": "1.85441",
            "high": "1.85441",
            "low": "1.8532",
            "close": "1.85438"
        },
        {
            "time": "07.12.2020 20:41",
            "open": "1.85438",
            "high": "1.85438",
            "low": "1.85438",
            "close": "1.85"
        },
        {
            "time": "07.12.2020 20:43",
            "open": "1.85",
            "high": "1.85",
            "low": "1.85",
            "close": "1.85249"
        },
        {
            "time": "07.12.2020 20:46",
            "open": "1.85249",
            "high": "1.85249",
            "low": "1.85249",
            "close": "1.85339"
        },
        {
            "time": "07.12.2020 20:49",
            "open": "1.85339",
            "high": "1.85339",
            "low": "1.85339",
            "close": "1.84862"
        },
        {
            "time": "07.12.2020 20:50",
            "open": "1.84862",
            "high": "1.84862",
            "low": "1.84862",
            "close": "1.85423"
        },
        {
            "time": "07.12.2020 20:52",
            "open": "1.85423",
            "high": "1.85423",
            "low": "1.85423",
            "close": "1.85409"
        },
        {
            "time": "07.12.2020 20:53",
            "open": "1.85409",
            "high": "1.85409",
            "low": "1.85409",
            "close": "1.85267"
        },
        {
            "time": "07.12.2020 20:55",
            "open": "1.85267",
            "high": "1.8527",
            "low": "1.85267",
            "close": "1.8509"
        },
        {
            "time": "07.12.2020 21:00",
            "open": "1.8509",
            "high": "1.8509",
            "low": "1.8509",
            "close": "1.8523"
        },
        {
            "time": "07.12.2020 21:01",
            "open": "1.8523",
            "high": "1.8523",
            "low": "1.85",
            "close": "1.8532"
        },
        {
            "time": "07.12.2020 21:06",
            "open": "1.8532",
            "high": "1.8532",
            "low": "1.8532",
            "close": "1.8525"
        },
        {
            "time": "07.12.2020 21:07",
            "open": "1.8525",
            "high": "1.8528",
            "low": "1.8525",
            "close": "1.85215"
        },
        {
            "time": "07.12.2020 21:10",
            "open": "1.85215",
            "high": "1.8522",
            "low": "1.85215",
            "close": "1.85009"
        },
        {
            "time": "07.12.2020 21:12",
            "open": "1.85009",
            "high": "1.85009",
            "low": "1.85009",
            "close": "1.8497"
        },
        {
            "time": "07.12.2020 21:14",
            "open": "1.8497",
            "high": "1.8497",
            "low": "1.8497",
            "close": "1.84694"
        },
        {
            "time": "07.12.2020 21:16",
            "open": "1.84694",
            "high": "1.8515",
            "low": "1.84694",
            "close": "1.85169"
        },
        {
            "time": "07.12.2020 21:18",
            "open": "1.85169",
            "high": "1.85169",
            "low": "1.85169",
            "close": "1.8527"
        },
        {
            "time": "07.12.2020 21:20",
            "open": "1.85002",
            "high": "1.85002",
            "low": "1.85002",
            "close": "1.85648"
        },
        {
            "time": "07.12.2020 21:23",
            "open": "1.85648",
            "high": "1.85648",
            "low": "1.85609",
            "close": "1.85812"
        },
        {
            "time": "07.12.2020 21:25",
            "open": "1.85812",
            "high": "1.85818",
            "low": "1.85812",
            "close": "1.8579"
        },
        {
            "time": "07.12.2020 21:26",
            "open": "1.8579",
            "high": "1.8579",
            "low": "1.8579",
            "close": "1.85754"
        },
        {
            "time": "07.12.2020 21:28",
            "open": "1.85754",
            "high": "1.85754",
            "low": "1.85491",
            "close": "1.85833"
        },
        {
            "time": "07.12.2020 21:35",
            "open": "1.85833",
            "high": "1.85833",
            "low": "1.85833",
            "close": "1.85994"
        },
        {
            "time": "07.12.2020 21:37",
            "open": "1.85994",
            "high": "1.85994",
            "low": "1.85677",
            "close": "1.85682"
        },
        {
            "time": "07.12.2020 21:40",
            "open": "1.85682",
            "high": "1.85682",
            "low": "1.85679",
            "close": "1.85585"
        },
        {
            "time": "07.12.2020 21:43",
            "open": "1.85585",
            "high": "1.85585",
            "low": "1.85585",
            "close": "1.8542"
        },
        {
            "time": "07.12.2020 21:46",
            "open": "1.8542",
            "high": "1.8542",
            "low": "1.85379",
            "close": "1.85134"
        },
        {
            "time": "07.12.2020 21:57",
            "open": "1.85134",
            "high": "1.85134",
            "low": "1.85134",
            "close": "1.85002"
        },
        {
            "time": "07.12.2020 22:02",
            "open": "1.85002",
            "high": "1.8513",
            "low": "1.85002",
            "close": "1.85602"
        },
        {
            "time": "07.12.2020 22:08",
            "open": "1.85602",
            "high": "1.85602",
            "low": "1.85602",
            "close": "1.85165"
        },
        {
            "time": "07.12.2020 22:10",
            "open": "1.85165",
            "high": "1.85165",
            "low": "1.8497",
            "close": "1.8509"
        },
        {
            "time": "07.12.2020 22:11",
            "open": "1.8509",
            "high": "1.85254",
            "low": "1.8487",
            "close": "1.851"
        },
        {
            "time": "07.12.2020 22:13",
            "open": "1.851",
            "high": "1.85242",
            "low": "1.851",
            "close": "1.85342"
        },
        {
            "time": "07.12.2020 22:14",
            "open": "1.85342",
            "high": "1.85404",
            "low": "1.85342",
            "close": "1.85404"
        },
        {
            "time": "07.12.2020 22:15",
            "open": "1.85404",
            "high": "1.85404",
            "low": "1.85404",
            "close": "1.85204"
        },
        {
            "time": "07.12.2020 22:16",
            "open": "1.85204",
            "high": "1.85404",
            "low": "1.85204",
            "close": "1.85719"
        },
        {
            "time": "07.12.2020 22:20",
            "open": "1.85719",
            "high": "1.85719",
            "low": "1.85586",
            "close": "1.854"
        },
        {
            "time": "07.12.2020 22:21",
            "open": "1.854",
            "high": "1.854",
            "low": "1.854",
            "close": "1.85668"
        },
        {
            "time": "07.12.2020 22:22",
            "open": "1.85668",
            "high": "1.85668",
            "low": "1.85668",
            "close": "1.85411"
        },
        {
            "time": "07.12.2020 22:23",
            "open": "1.85411",
            "high": "1.85668",
            "low": "1.85382",
            "close": "1.8584"
        },
        {
            "time": "07.12.2020 22:25",
            "open": "1.8584",
            "high": "1.8584",
            "low": "1.8584",
            "close": "1.8596"
        },
        {
            "time": "07.12.2020 22:28",
            "open": "1.8596",
            "high": "1.8596",
            "low": "1.8576",
            "close": "1.85974"
        },
        {
            "time": "07.12.2020 22:29",
            "open": "1.85974",
            "high": "1.85974",
            "low": "1.85974",
            "close": "1.85948"
        },
        {
            "time": "07.12.2020 22:32",
            "open": "1.85948",
            "high": "1.86016",
            "low": "1.85948",
            "close": "1.86016"
        },
        {
            "time": "07.12.2020 22:33",
            "open": "1.86016",
            "high": "1.86016",
            "low": "1.86016",
            "close": "1.85934"
        },
        {
            "time": "07.12.2020 22:35",
            "open": "1.85934",
            "high": "1.85934",
            "low": "1.85934",
            "close": "1.86129"
        },
        {
            "time": "07.12.2020 22:37",
            "open": "1.86129",
            "high": "1.86129",
            "low": "1.86129",
            "close": "1.8576"
        },
        {
            "time": "07.12.2020 22:38",
            "open": "1.8576",
            "high": "1.8576",
            "low": "1.8576",
            "close": "1.85994"
        },
        {
            "time": "07.12.2020 22:39",
            "open": "1.85994",
            "high": "1.85994",
            "low": "1.85994",
            "close": "1.8599"
        },
        {
            "time": "07.12.2020 22:47",
            "open": "1.8599",
            "high": "1.8599",
            "low": "1.8599",
            "close": "1.86227"
        },
        {
            "time": "07.12.2020 22:51",
            "open": "1.86227",
            "high": "1.86228",
            "low": "1.86227",
            "close": "1.862"
        },
        {
            "time": "07.12.2020 22:52",
            "open": "1.862",
            "high": "1.862",
            "low": "1.862",
            "close": "1.85627"
        },
        {
            "time": "07.12.2020 22:55",
            "open": "1.85627",
            "high": "1.86058",
            "low": "1.85627",
            "close": "1.85616"
        },
        {
            "time": "07.12.2020 22:56",
            "open": "1.85616",
            "high": "1.85616",
            "low": "1.85616",
            "close": "1.85825"
        },
        {
            "time": "07.12.2020 22:59",
            "open": "1.85825",
            "high": "1.85825",
            "low": "1.85461",
            "close": "1.85824"
        },
        {
            "time": "07.12.2020 23:00",
            "open": "1.85824",
            "high": "1.85824",
            "low": "1.85824",
            "close": "1.85718"
        },
        {
            "time": "07.12.2020 23:05",
            "open": "1.85718",
            "high": "1.85718",
            "low": "1.85718",
            "close": "1.85735"
        },
        {
            "time": "07.12.2020 23:06",
            "open": "1.85735",
            "high": "1.85888",
            "low": "1.85735",
            "close": "1.85993"
        },
        {
            "time": "07.12.2020 23:07",
            "open": "1.85993",
            "high": "1.85993",
            "low": "1.85993",
            "close": "1.85672"
        },
        {
            "time": "07.12.2020 23:10",
            "open": "1.85672",
            "high": "1.85937",
            "low": "1.85672",
            "close": "1.85937"
        },
        {
            "time": "07.12.2020 23:16",
            "open": "1.85937",
            "high": "1.85937",
            "low": "1.85937",
            "close": "1.85927"
        },
        {
            "time": "07.12.2020 23:17",
            "open": "1.85927",
            "high": "1.85927",
            "low": "1.85927",
            "close": "1.861"
        },
        {
            "time": "07.12.2020 23:19",
            "open": "1.861",
            "high": "1.861",
            "low": "1.86081",
            "close": "1.86385"
        },
        {
            "time": "07.12.2020 23:20",
            "open": "1.86385",
            "high": "1.86385",
            "low": "1.86385",
            "close": "1.86171"
        },
        {
            "time": "07.12.2020 23:21",
            "open": "1.86171",
            "high": "1.86171",
            "low": "1.86138",
            "close": "1.8618"
        },
        {
            "time": "07.12.2020 23:22",
            "open": "1.8618",
            "high": "1.8618",
            "low": "1.8618",
            "close": "1.86312"
        },
        {
            "time": "07.12.2020 23:24",
            "open": "1.86312",
            "high": "1.86312",
            "low": "1.86312",
            "close": "1.8607"
        },
        {
            "time": "07.12.2020 23:33",
            "open": "1.8607",
            "high": "1.8607",
            "low": "1.8607",
            "close": "1.86455"
        },
        {
            "time": "07.12.2020 23:40",
            "open": "1.86455",
            "high": "1.86455",
            "low": "1.86455",
            "close": "1.86455"
        },
        {
            "time": "07.12.2020 23:41",
            "open": "1.86455",
            "high": "1.86455",
            "low": "1.86455",
            "close": "1.86455"
        },
        {
            "time": "07.12.2020 23:43",
            "open": "1.86455",
            "high": "1.86455",
            "low": "1.86455",
            "close": "1.86543"
        },
        {
            "time": "07.12.2020 23:45",
            "open": "1.86543",
            "high": "1.86543",
            "low": "1.86543",
            "close": "1.86455"
        },
        {
            "time": "07.12.2020 23:49",
            "open": "1.86455",
            "high": "1.86455",
            "low": "1.86446",
            "close": "1.86393"
        },
        {
            "time": "07.12.2020 23:53",
            "open": "1.86393",
            "high": "1.86393",
            "low": "1.86372",
            "close": "1.8664"
        },
        {
            "time": "07.12.2020 23:55",
            "open": "1.8664",
            "high": "1.8664",
            "low": "1.86616",
            "close": "1.86604"
        },
        {
            "time": "07.12.2020 23:56",
            "open": "1.86604",
            "high": "1.86604",
            "low": "1.86604",
            "close": "1.86463"
        },
        {
            "time": "07.12.2020 23:58",
            "open": "1.86463",
            "high": "1.86463",
            "low": "1.86463",
            "close": "1.86463"
        }
    ]
}