{
    "EOS-EUR": [
        {
            "time": "13.11.2020 23:59",
            "open": "2.203",
            "high": "2.203",
            "low": "2.203",
            "close": "2.205"
        },
        {
            "time": "14.11.2020 00:00",
            "open": "2.205",
            "high": "2.205",
            "low": "2.205",
            "close": "2.203"
        },
        {
            "time": "14.11.2020 00:01",
            "open": "2.203",
            "high": "2.203",
            "low": "2.203",
            "close": "2.198"
        },
        {
            "time": "14.11.2020 00:03",
            "open": "2.198",
            "high": "2.198",
            "low": "2.198",
            "close": "2.205"
        },
        {
            "time": "14.11.2020 00:15",
            "open": "2.205",
            "high": "2.205",
            "low": "2.204",
            "close": "2.195"
        },
        {
            "time": "14.11.2020 00:25",
            "open": "2.195",
            "high": "2.195",
            "low": "2.194",
            "close": "2.193"
        },
        {
            "time": "14.11.2020 00:30",
            "open": "2.193",
            "high": "2.193",
            "low": "2.192",
            "close": "2.193"
        },
        {
            "time": "14.11.2020 00:47",
            "open": "2.193",
            "high": "2.193",
            "low": "2.192",
            "close": "2.193"
        },
        {
            "time": "14.11.2020 00:48",
            "open": "2.193",
            "high": "2.193",
            "low": "2.193",
            "close": "2.197"
        },
        {
            "time": "14.11.2020 00:51",
            "open": "2.197",
            "high": "2.197",
            "low": "2.197",
            "close": "2.197"
        },
        {
            "time": "14.11.2020 00:56",
            "open": "2.197",
            "high": "2.197",
            "low": "2.197",
            "close": "2.199"
        },
        {
            "time": "14.11.2020 01:02",
            "open": "2.199",
            "high": "2.199",
            "low": "2.199",
            "close": "2.198"
        },
        {
            "time": "14.11.2020 01:06",
            "open": "2.198",
            "high": "2.198",
            "low": "2.194",
            "close": "2.184"
        },
        {
            "time": "14.11.2020 01:14",
            "open": "2.184",
            "high": "2.184",
            "low": "2.184",
            "close": "2.186"
        },
        {
            "time": "14.11.2020 01:15",
            "open": "2.186",
            "high": "2.188",
            "low": "2.186",
            "close": "2.184"
        },
        {
            "time": "14.11.2020 01:16",
            "open": "2.184",
            "high": "2.184",
            "low": "2.183",
            "close": "2.175"
        },
        {
            "time": "14.11.2020 01:19",
            "open": "2.175",
            "high": "2.175",
            "low": "2.173",
            "close": "2.173"
        },
        {
            "time": "14.11.2020 01:20",
            "open": "2.173",
            "high": "2.177",
            "low": "2.172",
            "close": "2.172"
        },
        {
            "time": "14.11.2020 01:21",
            "open": "2.172",
            "high": "2.172",
            "low": "2.172",
            "close": "2.172"
        },
        {
            "time": "14.11.2020 01:22",
            "open": "2.172",
            "high": "2.172",
            "low": "2.166",
            "close": "2.17"
        },
        {
            "time": "14.11.2020 01:23",
            "open": "2.17",
            "high": "2.17",
            "low": "2.17",
            "close": "2.172"
        },
        {
            "time": "14.11.2020 01:25",
            "open": "2.172",
            "high": "2.172",
            "low": "2.172",
            "close": "2.173"
        },
        {
            "time": "14.11.2020 01:26",
            "open": "2.173",
            "high": "2.173",
            "low": "2.172",
            "close": "2.172"
        },
        {
            "time": "14.11.2020 01:28",
            "open": "2.172",
            "high": "2.172",
            "low": "2.172",
            "close": "2.177"
        },
        {
            "time": "14.11.2020 01:30",
            "open": "2.177",
            "high": "2.177",
            "low": "2.177",
            "close": "2.187"
        },
        {
            "time": "14.11.2020 01:35",
            "open": "2.187",
            "high": "2.187",
            "low": "2.187",
            "close": "2.185"
        },
        {
            "time": "14.11.2020 01:39",
            "open": "2.185",
            "high": "2.185",
            "low": "2.185",
            "close": "2.184"
        },
        {
            "time": "14.11.2020 01:45",
            "open": "2.184",
            "high": "2.184",
            "low": "2.184",
            "close": "2.187"
        },
        {
            "time": "14.11.2020 01:50",
            "open": "2.187",
            "high": "2.187",
            "low": "2.187",
            "close": "2.188"
        },
        {
            "time": "14.11.2020 01:52",
            "open": "2.188",
            "high": "2.188",
            "low": "2.188",
            "close": "2.185"
        },
        {
            "time": "14.11.2020 01:53",
            "open": "2.185",
            "high": "2.185",
            "low": "2.185",
            "close": "2.177"
        },
        {
            "time": "14.11.2020 02:05",
            "open": "2.177",
            "high": "2.177",
            "low": "2.175",
            "close": "2.174"
        },
        {
            "time": "14.11.2020 02:07",
            "open": "2.174",
            "high": "2.174",
            "low": "2.174",
            "close": "2.177"
        },
        {
            "time": "14.11.2020 02:12",
            "open": "2.177",
            "high": "2.177",
            "low": "2.177",
            "close": "2.176"
        },
        {
            "time": "14.11.2020 02:17",
            "open": "2.176",
            "high": "2.176",
            "low": "2.175",
            "close": "2.183"
        },
        {
            "time": "14.11.2020 02:33",
            "open": "2.183",
            "high": "2.183",
            "low": "2.183",
            "close": "2.17"
        },
        {
            "time": "14.11.2020 02:49",
            "open": "2.17",
            "high": "2.17",
            "low": "2.17",
            "close": "2.17"
        },
        {
            "time": "14.11.2020 02:50",
            "open": "2.17",
            "high": "2.17",
            "low": "2.17",
            "close": "2.171"
        },
        {
            "time": "14.11.2020 02:54",
            "open": "2.171",
            "high": "2.171",
            "low": "2.171",
            "close": "2.177"
        },
        {
            "time": "14.11.2020 02:57",
            "open": "2.177",
            "high": "2.177",
            "low": "2.173",
            "close": "2.18"
        },
        {
            "time": "14.11.2020 03:04",
            "open": "2.18",
            "high": "2.18",
            "low": "2.18",
            "close": "2.176"
        },
        {
            "time": "14.11.2020 03:07",
            "open": "2.176",
            "high": "2.176",
            "low": "2.176",
            "close": "2.174"
        },
        {
            "time": "14.11.2020 03:21",
            "open": "2.174",
            "high": "2.175",
            "low": "2.174",
            "close": "2.175"
        },
        {
            "time": "14.11.2020 03:34",
            "open": "2.175",
            "high": "2.175",
            "low": "2.175",
            "close": "2.174"
        },
        {
            "time": "14.11.2020 03:35",
            "open": "2.174",
            "high": "2.174",
            "low": "2.174",
            "close": "2.18"
        },
        {
            "time": "14.11.2020 03:45",
            "open": "2.18",
            "high": "2.18",
            "low": "2.18",
            "close": "2.176"
        },
        {
            "time": "14.11.2020 03:48",
            "open": "2.176",
            "high": "2.176",
            "low": "2.176",
            "close": "2.175"
        },
        {
            "time": "14.11.2020 04:14",
            "open": "2.175",
            "high": "2.175",
            "low": "2.175",
            "close": "2.18"
        },
        {
            "time": "14.11.2020 04:27",
            "open": "2.18",
            "high": "2.18",
            "low": "2.18",
            "close": "2.179"
        },
        {
            "time": "14.11.2020 04:30",
            "open": "2.179",
            "high": "2.179",
            "low": "2.179",
            "close": "2.171"
        },
        {
            "time": "14.11.2020 04:50",
            "open": "2.171",
            "high": "2.171",
            "low": "2.171",
            "close": "2.172"
        },
        {
            "time": "14.11.2020 04:51",
            "open": "2.172",
            "high": "2.172",
            "low": "2.172",
            "close": "2.175"
        },
        {
            "time": "14.11.2020 05:02",
            "open": "2.175",
            "high": "2.175",
            "low": "2.175",
            "close": "2.169"
        },
        {
            "time": "14.11.2020 05:10",
            "open": "2.169",
            "high": "2.169",
            "low": "2.169",
            "close": "2.167"
        },
        {
            "time": "14.11.2020 05:14",
            "open": "2.167",
            "high": "2.167",
            "low": "2.167",
            "close": "2.161"
        },
        {
            "time": "14.11.2020 05:19",
            "open": "2.161",
            "high": "2.162",
            "low": "2.161",
            "close": "2.163"
        },
        {
            "time": "14.11.2020 05:20",
            "open": "2.163",
            "high": "2.163",
            "low": "2.163",
            "close": "2.167"
        },
        {
            "time": "14.11.2020 05:46",
            "open": "2.167",
            "high": "2.167",
            "low": "2.167",
            "close": "2.16"
        },
        {
            "time": "14.11.2020 06:01",
            "open": "2.16",
            "high": "2.16",
            "low": "2.16",
            "close": "2.16"
        },
        {
            "time": "14.11.2020 06:02",
            "open": "2.16",
            "high": "2.161",
            "low": "2.16",
            "close": "2.16"
        },
        {
            "time": "14.11.2020 06:12",
            "open": "2.16",
            "high": "2.16",
            "low": "2.16",
            "close": "2.17"
        },
        {
            "time": "14.11.2020 06:59",
            "open": "2.17",
            "high": "2.17",
            "low": "2.17",
            "close": "2.171"
        },
        {
            "time": "14.11.2020 07:00",
            "open": "2.171",
            "high": "2.171",
            "low": "2.171",
            "close": "2.17"
        },
        {
            "time": "14.11.2020 07:04",
            "open": "2.17",
            "high": "2.17",
            "low": "2.17",
            "close": "2.169"
        },
        {
            "time": "14.11.2020 07:33",
            "open": "2.169",
            "high": "2.169",
            "low": "2.169",
            "close": "2.168"
        },
        {
            "time": "14.11.2020 07:45",
            "open": "2.168",
            "high": "2.168",
            "low": "2.168",
            "close": "2.166"
        },
        {
            "time": "14.11.2020 07:46",
            "open": "2.166",
            "high": "2.166",
            "low": "2.166",
            "close": "2.167"
        },
        {
            "time": "14.11.2020 07:50",
            "open": "2.167",
            "high": "2.167",
            "low": "2.167",
            "close": "2.169"
        },
        {
            "time": "14.11.2020 07:59",
            "open": "2.169",
            "high": "2.169",
            "low": "2.169",
            "close": "2.172"
        },
        {
            "time": "14.11.2020 08:05",
            "open": "2.172",
            "high": "2.172",
            "low": "2.172",
            "close": "2.167"
        },
        {
            "time": "14.11.2020 08:10",
            "open": "2.167",
            "high": "2.167",
            "low": "2.167",
            "close": "2.162"
        },
        {
            "time": "14.11.2020 08:30",
            "open": "2.162",
            "high": "2.162",
            "low": "2.162",
            "close": "2.165"
        },
        {
            "time": "14.11.2020 08:34",
            "open": "2.165",
            "high": "2.165",
            "low": "2.165",
            "close": "2.169"
        },
        {
            "time": "14.11.2020 08:53",
            "open": "2.169",
            "high": "2.169",
            "low": "2.169",
            "close": "2.17"
        },
        {
            "time": "14.11.2020 09:00",
            "open": "2.17",
            "high": "2.171",
            "low": "2.17",
            "close": "2.173"
        },
        {
            "time": "14.11.2020 09:06",
            "open": "2.173",
            "high": "2.173",
            "low": "2.173",
            "close": "2.173"
        },
        {
            "time": "14.11.2020 09:07",
            "open": "2.173",
            "high": "2.173",
            "low": "2.173",
            "close": "2.17"
        },
        {
            "time": "14.11.2020 09:09",
            "open": "2.17",
            "high": "2.17",
            "low": "2.17",
            "close": "2.17"
        },
        {
            "time": "14.11.2020 09:10",
            "open": "2.17",
            "high": "2.17",
            "low": "2.17",
            "close": "2.164"
        },
        {
            "time": "14.11.2020 09:14",
            "open": "2.164",
            "high": "2.164",
            "low": "2.164",
            "close": "2.16"
        },
        {
            "time": "14.11.2020 09:16",
            "open": "2.16",
            "high": "2.16",
            "low": "2.16",
            "close": "2.16"
        },
        {
            "time": "14.11.2020 09:21",
            "open": "2.16",
            "high": "2.16",
            "low": "2.155",
            "close": "2.157"
        },
        {
            "time": "14.11.2020 09:22",
            "open": "2.157",
            "high": "2.158",
            "low": "2.157",
            "close": "2.159"
        },
        {
            "time": "14.11.2020 09:23",
            "open": "2.159",
            "high": "2.159",
            "low": "2.159",
            "close": "2.155"
        },
        {
            "time": "14.11.2020 09:29",
            "open": "2.155",
            "high": "2.155",
            "low": "2.155",
            "close": "2.153"
        },
        {
            "time": "14.11.2020 09:30",
            "open": "2.153",
            "high": "2.153",
            "low": "2.153",
            "close": "2.16"
        },
        {
            "time": "14.11.2020 09:31",
            "open": "2.16",
            "high": "2.16",
            "low": "2.16",
            "close": "2.159"
        },
        {
            "time": "14.11.2020 09:33",
            "open": "2.159",
            "high": "2.159",
            "low": "2.159",
            "close": "2.155"
        },
        {
            "time": "14.11.2020 09:45",
            "open": "2.155",
            "high": "2.156",
            "low": "2.155",
            "close": "2.158"
        },
        {
            "time": "14.11.2020 09:47",
            "open": "2.158",
            "high": "2.158",
            "low": "2.158",
            "close": "2.157"
        },
        {
            "time": "14.11.2020 09:53",
            "open": "2.157",
            "high": "2.157",
            "low": "2.157",
            "close": "2.156"
        },
        {
            "time": "14.11.2020 09:54",
            "open": "2.156",
            "high": "2.156",
            "low": "2.156",
            "close": "2.158"
        },
        {
            "time": "14.11.2020 09:56",
            "open": "2.158",
            "high": "2.158",
            "low": "2.158",
            "close": "2.151"
        },
        {
            "time": "14.11.2020 10:04",
            "open": "2.151",
            "high": "2.151",
            "low": "2.151",
            "close": "2.144"
        },
        {
            "time": "14.11.2020 10:05",
            "open": "2.144",
            "high": "2.145",
            "low": "2.142",
            "close": "2.143"
        },
        {
            "time": "14.11.2020 10:06",
            "open": "2.143",
            "high": "2.143",
            "low": "2.143",
            "close": "2.142"
        },
        {
            "time": "14.11.2020 10:07",
            "open": "2.142",
            "high": "2.142",
            "low": "2.142",
            "close": "2.148"
        },
        {
            "time": "14.11.2020 10:09",
            "open": "2.148",
            "high": "2.148",
            "low": "2.148",
            "close": "2.148"
        },
        {
            "time": "14.11.2020 10:10",
            "open": "2.148",
            "high": "2.148",
            "low": "2.148",
            "close": "2.147"
        },
        {
            "time": "14.11.2020 10:14",
            "open": "2.147",
            "high": "2.147",
            "low": "2.147",
            "close": "2.152"
        },
        {
            "time": "14.11.2020 10:22",
            "open": "2.152",
            "high": "2.152",
            "low": "2.152",
            "close": "2.15"
        },
        {
            "time": "14.11.2020 10:23",
            "open": "2.15",
            "high": "2.15",
            "low": "2.15",
            "close": "2.149"
        },
        {
            "time": "14.11.2020 10:25",
            "open": "2.149",
            "high": "2.149",
            "low": "2.149",
            "close": "2.148"
        },
        {
            "time": "14.11.2020 10:28",
            "open": "2.148",
            "high": "2.148",
            "low": "2.148",
            "close": "2.146"
        },
        {
            "time": "14.11.2020 10:30",
            "open": "2.146",
            "high": "2.146",
            "low": "2.146",
            "close": "2.141"
        },
        {
            "time": "14.11.2020 10:32",
            "open": "2.141",
            "high": "2.141",
            "low": "2.141",
            "close": "2.14"
        },
        {
            "time": "14.11.2020 10:35",
            "open": "2.14",
            "high": "2.14",
            "low": "2.136",
            "close": "2.142"
        },
        {
            "time": "14.11.2020 10:38",
            "open": "2.142",
            "high": "2.142",
            "low": "2.142",
            "close": "2.14"
        },
        {
            "time": "14.11.2020 10:40",
            "open": "2.14",
            "high": "2.14",
            "low": "2.14",
            "close": "2.144"
        },
        {
            "time": "14.11.2020 10:46",
            "open": "2.144",
            "high": "2.144",
            "low": "2.144",
            "close": "2.147"
        },
        {
            "time": "14.11.2020 10:48",
            "open": "2.147",
            "high": "2.148",
            "low": "2.147",
            "close": "2.14"
        },
        {
            "time": "14.11.2020 10:55",
            "open": "2.14",
            "high": "2.14",
            "low": "2.139",
            "close": "2.139"
        },
        {
            "time": "14.11.2020 10:56",
            "open": "2.139",
            "high": "2.139",
            "low": "2.139",
            "close": "2.135"
        },
        {
            "time": "14.11.2020 10:58",
            "open": "2.135",
            "high": "2.135",
            "low": "2.135",
            "close": "2.135"
        },
        {
            "time": "14.11.2020 11:01",
            "open": "2.135",
            "high": "2.135",
            "low": "2.135",
            "close": "2.137"
        },
        {
            "time": "14.11.2020 11:02",
            "open": "2.137",
            "high": "2.138",
            "low": "2.135",
            "close": "2.139"
        },
        {
            "time": "14.11.2020 11:03",
            "open": "2.139",
            "high": "2.139",
            "low": "2.139",
            "close": "2.141"
        },
        {
            "time": "14.11.2020 11:17",
            "open": "2.141",
            "high": "2.141",
            "low": "2.141",
            "close": "2.144"
        },
        {
            "time": "14.11.2020 11:18",
            "open": "2.144",
            "high": "2.144",
            "low": "2.144",
            "close": "2.139"
        },
        {
            "time": "14.11.2020 11:19",
            "open": "2.139",
            "high": "2.139",
            "low": "2.139",
            "close": "2.144"
        },
        {
            "time": "14.11.2020 11:29",
            "open": "2.144",
            "high": "2.144",
            "low": "2.144",
            "close": "2.142"
        },
        {
            "time": "14.11.2020 11:36",
            "open": "2.142",
            "high": "2.142",
            "low": "2.142",
            "close": "2.139"
        },
        {
            "time": "14.11.2020 11:37",
            "open": "2.139",
            "high": "2.139",
            "low": "2.139",
            "close": "2.137"
        },
        {
            "time": "14.11.2020 11:39",
            "open": "2.137",
            "high": "2.137",
            "low": "2.137",
            "close": "2.137"
        },
        {
            "time": "14.11.2020 11:43",
            "open": "2.137",
            "high": "2.137",
            "low": "2.137",
            "close": "2.139"
        },
        {
            "time": "14.11.2020 11:44",
            "open": "2.139",
            "high": "2.139",
            "low": "2.139",
            "close": "2.136"
        },
        {
            "time": "14.11.2020 11:52",
            "open": "2.136",
            "high": "2.136",
            "low": "2.136",
            "close": "2.137"
        },
        {
            "time": "14.11.2020 11:59",
            "open": "2.137",
            "high": "2.137",
            "low": "2.137",
            "close": "2.137"
        },
        {
            "time": "14.11.2020 12:00",
            "open": "2.137",
            "high": "2.137",
            "low": "2.137",
            "close": "2.135"
        },
        {
            "time": "14.11.2020 12:01",
            "open": "2.135",
            "high": "2.135",
            "low": "2.135",
            "close": "2.138"
        },
        {
            "time": "14.11.2020 12:03",
            "open": "2.138",
            "high": "2.138",
            "low": "2.138",
            "close": "2.138"
        },
        {
            "time": "14.11.2020 12:04",
            "open": "2.138",
            "high": "2.138",
            "low": "2.138",
            "close": "2.138"
        },
        {
            "time": "14.11.2020 12:11",
            "open": "2.138",
            "high": "2.138",
            "low": "2.138",
            "close": "2.141"
        },
        {
            "time": "14.11.2020 12:14",
            "open": "2.141",
            "high": "2.141",
            "low": "2.141",
            "close": "2.138"
        },
        {
            "time": "14.11.2020 12:15",
            "open": "2.138",
            "high": "2.138",
            "low": "2.138",
            "close": "2.141"
        },
        {
            "time": "14.11.2020 12:16",
            "open": "2.141",
            "high": "2.141",
            "low": "2.141",
            "close": "2.14"
        },
        {
            "time": "14.11.2020 12:19",
            "open": "2.14",
            "high": "2.14",
            "low": "2.14",
            "close": "2.141"
        },
        {
            "time": "14.11.2020 12:22",
            "open": "2.141",
            "high": "2.141",
            "low": "2.138",
            "close": "2.139"
        },
        {
            "time": "14.11.2020 12:33",
            "open": "2.139",
            "high": "2.139",
            "low": "2.139",
            "close": "2.137"
        },
        {
            "time": "14.11.2020 12:34",
            "open": "2.137",
            "high": "2.137",
            "low": "2.137",
            "close": "2.137"
        },
        {
            "time": "14.11.2020 12:35",
            "open": "2.137",
            "high": "2.137",
            "low": "2.137",
            "close": "2.139"
        },
        {
            "time": "14.11.2020 12:36",
            "open": "2.139",
            "high": "2.139",
            "low": "2.139",
            "close": "2.141"
        },
        {
            "time": "14.11.2020 12:47",
            "open": "2.141",
            "high": "2.141",
            "low": "2.141",
            "close": "2.143"
        },
        {
            "time": "14.11.2020 12:53",
            "open": "2.143",
            "high": "2.143",
            "low": "2.143",
            "close": "2.147"
        },
        {
            "time": "14.11.2020 12:59",
            "open": "2.147",
            "high": "2.147",
            "low": "2.147",
            "close": "2.145"
        },
        {
            "time": "14.11.2020 13:00",
            "open": "2.145",
            "high": "2.145",
            "low": "2.144",
            "close": "2.137"
        },
        {
            "time": "14.11.2020 13:05",
            "open": "2.137",
            "high": "2.137",
            "low": "2.137",
            "close": "2.138"
        },
        {
            "time": "14.11.2020 13:09",
            "open": "2.138",
            "high": "2.141",
            "low": "2.138",
            "close": "2.141"
        },
        {
            "time": "14.11.2020 13:15",
            "open": "2.141",
            "high": "2.141",
            "low": "2.138",
            "close": "2.138"
        },
        {
            "time": "14.11.2020 13:16",
            "open": "2.138",
            "high": "2.138",
            "low": "2.138",
            "close": "2.143"
        },
        {
            "time": "14.11.2020 13:19",
            "open": "2.143",
            "high": "2.143",
            "low": "2.143",
            "close": "2.144"
        },
        {
            "time": "14.11.2020 13:23",
            "open": "2.144",
            "high": "2.144",
            "low": "2.142",
            "close": "2.139"
        },
        {
            "time": "14.11.2020 13:27",
            "open": "2.139",
            "high": "2.139",
            "low": "2.139",
            "close": "2.139"
        },
        {
            "time": "14.11.2020 13:30",
            "open": "2.139",
            "high": "2.139",
            "low": "2.139",
            "close": "2.141"
        },
        {
            "time": "14.11.2020 13:39",
            "open": "2.141",
            "high": "2.141",
            "low": "2.141",
            "close": "2.143"
        },
        {
            "time": "14.11.2020 13:41",
            "open": "2.143",
            "high": "2.143",
            "low": "2.143",
            "close": "2.147"
        },
        {
            "time": "14.11.2020 13:45",
            "open": "2.147",
            "high": "2.147",
            "low": "2.147",
            "close": "2.144"
        },
        {
            "time": "14.11.2020 13:48",
            "open": "2.144",
            "high": "2.144",
            "low": "2.144",
            "close": "2.15"
        },
        {
            "time": "14.11.2020 13:55",
            "open": "2.15",
            "high": "2.15",
            "low": "2.15",
            "close": "2.153"
        },
        {
            "time": "14.11.2020 13:56",
            "open": "2.153",
            "high": "2.155",
            "low": "2.153",
            "close": "2.153"
        },
        {
            "time": "14.11.2020 13:59",
            "open": "2.153",
            "high": "2.153",
            "low": "2.153",
            "close": "2.154"
        },
        {
            "time": "14.11.2020 14:00",
            "open": "2.154",
            "high": "2.154",
            "low": "2.154",
            "close": "2.149"
        },
        {
            "time": "14.11.2020 14:01",
            "open": "2.149",
            "high": "2.149",
            "low": "2.149",
            "close": "2.145"
        },
        {
            "time": "14.11.2020 14:06",
            "open": "2.145",
            "high": "2.145",
            "low": "2.145",
            "close": "2.148"
        },
        {
            "time": "14.11.2020 14:09",
            "open": "2.148",
            "high": "2.148",
            "low": "2.148",
            "close": "2.146"
        },
        {
            "time": "14.11.2020 14:15",
            "open": "2.146",
            "high": "2.146",
            "low": "2.146",
            "close": "2.149"
        },
        {
            "time": "14.11.2020 14:20",
            "open": "2.149",
            "high": "2.15",
            "low": "2.147",
            "close": "2.149"
        },
        {
            "time": "14.11.2020 14:23",
            "open": "2.149",
            "high": "2.149",
            "low": "2.149",
            "close": "2.151"
        },
        {
            "time": "14.11.2020 14:29",
            "open": "2.151",
            "high": "2.151",
            "low": "2.149",
            "close": "2.149"
        },
        {
            "time": "14.11.2020 14:31",
            "open": "2.149",
            "high": "2.149",
            "low": "2.149",
            "close": "2.152"
        },
        {
            "time": "14.11.2020 14:32",
            "open": "2.152",
            "high": "2.152",
            "low": "2.152",
            "close": "2.149"
        },
        {
            "time": "14.11.2020 14:37",
            "open": "2.149",
            "high": "2.149",
            "low": "2.149",
            "close": "2.147"
        },
        {
            "time": "14.11.2020 14:38",
            "open": "2.147",
            "high": "2.147",
            "low": "2.147",
            "close": "2.147"
        },
        {
            "time": "14.11.2020 14:40",
            "open": "2.147",
            "high": "2.147",
            "low": "2.147",
            "close": "2.144"
        },
        {
            "time": "14.11.2020 14:41",
            "open": "2.144",
            "high": "2.144",
            "low": "2.144",
            "close": "2.146"
        },
        {
            "time": "14.11.2020 14:42",
            "open": "2.146",
            "high": "2.146",
            "low": "2.146",
            "close": "2.147"
        },
        {
            "time": "14.11.2020 14:44",
            "open": "2.147",
            "high": "2.147",
            "low": "2.147",
            "close": "2.146"
        },
        {
            "time": "14.11.2020 14:46",
            "open": "2.146",
            "high": "2.146",
            "low": "2.146",
            "close": "2.139"
        },
        {
            "time": "14.11.2020 14:55",
            "open": "2.139",
            "high": "2.139",
            "low": "2.131",
            "close": "2.132"
        },
        {
            "time": "14.11.2020 14:56",
            "open": "2.132",
            "high": "2.132",
            "low": "2.132",
            "close": "2.136"
        },
        {
            "time": "14.11.2020 14:57",
            "open": "2.136",
            "high": "2.138",
            "low": "2.136",
            "close": "2.14"
        },
        {
            "time": "14.11.2020 14:58",
            "open": "2.14",
            "high": "2.14",
            "low": "2.14",
            "close": "2.144"
        },
        {
            "time": "14.11.2020 15:00",
            "open": "2.144",
            "high": "2.144",
            "low": "2.142",
            "close": "2.144"
        },
        {
            "time": "14.11.2020 15:01",
            "open": "2.144",
            "high": "2.144",
            "low": "2.144",
            "close": "2.144"
        },
        {
            "time": "14.11.2020 15:03",
            "open": "2.144",
            "high": "2.144",
            "low": "2.144",
            "close": "2.144"
        },
        {
            "time": "14.11.2020 15:07",
            "open": "2.144",
            "high": "2.144",
            "low": "2.144",
            "close": "2.138"
        },
        {
            "time": "14.11.2020 15:16",
            "open": "2.138",
            "high": "2.138",
            "low": "2.138",
            "close": "2.144"
        },
        {
            "time": "14.11.2020 15:28",
            "open": "2.144",
            "high": "2.144",
            "low": "2.144",
            "close": "2.146"
        },
        {
            "time": "14.11.2020 15:32",
            "open": "2.146",
            "high": "2.146",
            "low": "2.146",
            "close": "2.143"
        },
        {
            "time": "14.11.2020 15:36",
            "open": "2.143",
            "high": "2.143",
            "low": "2.143",
            "close": "2.148"
        },
        {
            "time": "14.11.2020 15:46",
            "open": "2.148",
            "high": "2.148",
            "low": "2.148",
            "close": "2.146"
        },
        {
            "time": "14.11.2020 15:48",
            "open": "2.146",
            "high": "2.146",
            "low": "2.146",
            "close": "2.146"
        },
        {
            "time": "14.11.2020 15:57",
            "open": "2.146",
            "high": "2.146",
            "low": "2.146",
            "close": "2.145"
        },
        {
            "time": "14.11.2020 15:59",
            "open": "2.145",
            "high": "2.145",
            "low": "2.145",
            "close": "2.148"
        },
        {
            "time": "14.11.2020 16:00",
            "open": "2.148",
            "high": "2.148",
            "low": "2.148",
            "close": "2.145"
        },
        {
            "time": "14.11.2020 16:02",
            "open": "2.145",
            "high": "2.145",
            "low": "2.145",
            "close": "2.147"
        },
        {
            "time": "14.11.2020 16:03",
            "open": "2.147",
            "high": "2.147",
            "low": "2.147",
            "close": "2.142"
        },
        {
            "time": "14.11.2020 16:10",
            "open": "2.142",
            "high": "2.142",
            "low": "2.142",
            "close": "2.142"
        },
        {
            "time": "14.11.2020 16:13",
            "open": "2.142",
            "high": "2.142",
            "low": "2.139",
            "close": "2.139"
        },
        {
            "time": "14.11.2020 16:14",
            "open": "2.139",
            "high": "2.139",
            "low": "2.137",
            "close": "2.139"
        },
        {
            "time": "14.11.2020 16:15",
            "open": "2.139",
            "high": "2.139",
            "low": "2.137",
            "close": "2.137"
        },
        {
            "time": "14.11.2020 16:16",
            "open": "2.137",
            "high": "2.137",
            "low": "2.137",
            "close": "2.14"
        },
        {
            "time": "14.11.2020 16:27",
            "open": "2.14",
            "high": "2.14",
            "low": "2.14",
            "close": "2.138"
        },
        {
            "time": "14.11.2020 16:28",
            "open": "2.138",
            "high": "2.138",
            "low": "2.138",
            "close": "2.138"
        },
        {
            "time": "14.11.2020 16:43",
            "open": "2.138",
            "high": "2.138",
            "low": "2.138",
            "close": "2.137"
        },
        {
            "time": "14.11.2020 16:48",
            "open": "2.137",
            "high": "2.137",
            "low": "2.137",
            "close": "2.136"
        },
        {
            "time": "14.11.2020 16:49",
            "open": "2.136",
            "high": "2.136",
            "low": "2.136",
            "close": "2.141"
        },
        {
            "time": "14.11.2020 16:59",
            "open": "2.141",
            "high": "2.141",
            "low": "2.141",
            "close": "2.136"
        },
        {
            "time": "14.11.2020 17:01",
            "open": "2.136",
            "high": "2.136",
            "low": "2.136",
            "close": "2.142"
        },
        {
            "time": "14.11.2020 17:09",
            "open": "2.142",
            "high": "2.142",
            "low": "2.142",
            "close": "2.142"
        },
        {
            "time": "14.11.2020 17:10",
            "open": "2.142",
            "high": "2.145",
            "low": "2.142",
            "close": "2.144"
        },
        {
            "time": "14.11.2020 17:16",
            "open": "2.144",
            "high": "2.144",
            "low": "2.144",
            "close": "2.144"
        },
        {
            "time": "14.11.2020 17:36",
            "open": "2.144",
            "high": "2.144",
            "low": "2.144",
            "close": "2.144"
        },
        {
            "time": "14.11.2020 17:38",
            "open": "2.144",
            "high": "2.144",
            "low": "2.144",
            "close": "2.144"
        },
        {
            "time": "14.11.2020 17:41",
            "open": "2.144",
            "high": "2.144",
            "low": "2.144",
            "close": "2.144"
        },
        {
            "time": "14.11.2020 17:42",
            "open": "2.144",
            "high": "2.144",
            "low": "2.144",
            "close": "2.143"
        },
        {
            "time": "14.11.2020 17:43",
            "open": "2.143",
            "high": "2.144",
            "low": "2.143",
            "close": "2.138"
        },
        {
            "time": "14.11.2020 17:46",
            "open": "2.138",
            "high": "2.138",
            "low": "2.136",
            "close": "2.138"
        },
        {
            "time": "14.11.2020 17:47",
            "open": "2.138",
            "high": "2.139",
            "low": "2.138",
            "close": "2.136"
        },
        {
            "time": "14.11.2020 17:48",
            "open": "2.136",
            "high": "2.136",
            "low": "2.136",
            "close": "2.14"
        },
        {
            "time": "14.11.2020 17:50",
            "open": "2.14",
            "high": "2.14",
            "low": "2.14",
            "close": "2.135"
        },
        {
            "time": "14.11.2020 17:51",
            "open": "2.135",
            "high": "2.135",
            "low": "2.135",
            "close": "2.138"
        },
        {
            "time": "14.11.2020 17:55",
            "open": "2.138",
            "high": "2.138",
            "low": "2.138",
            "close": "2.137"
        },
        {
            "time": "14.11.2020 17:58",
            "open": "2.137",
            "high": "2.137",
            "low": "2.137",
            "close": "2.136"
        },
        {
            "time": "14.11.2020 18:00",
            "open": "2.136",
            "high": "2.136",
            "low": "2.136",
            "close": "2.131"
        },
        {
            "time": "14.11.2020 18:04",
            "open": "2.131",
            "high": "2.131",
            "low": "2.131",
            "close": "2.13"
        },
        {
            "time": "14.11.2020 18:05",
            "open": "2.13",
            "high": "2.13",
            "low": "2.126",
            "close": "2.124"
        },
        {
            "time": "14.11.2020 18:11",
            "open": "2.124",
            "high": "2.124",
            "low": "2.124",
            "close": "2.124"
        },
        {
            "time": "14.11.2020 18:12",
            "open": "2.124",
            "high": "2.124",
            "low": "2.123",
            "close": "2.122"
        },
        {
            "time": "14.11.2020 18:14",
            "open": "2.122",
            "high": "2.122",
            "low": "2.122",
            "close": "2.12"
        },
        {
            "time": "14.11.2020 18:16",
            "open": "2.12",
            "high": "2.12",
            "low": "2.12",
            "close": "2.124"
        },
        {
            "time": "14.11.2020 18:17",
            "open": "2.124",
            "high": "2.13",
            "low": "2.124",
            "close": "2.126"
        },
        {
            "time": "14.11.2020 18:18",
            "open": "2.126",
            "high": "2.126",
            "low": "2.126",
            "close": "2.131"
        },
        {
            "time": "14.11.2020 18:20",
            "open": "2.131",
            "high": "2.131",
            "low": "2.131",
            "close": "2.135"
        },
        {
            "time": "14.11.2020 18:22",
            "open": "2.135",
            "high": "2.135",
            "low": "2.134",
            "close": "2.134"
        },
        {
            "time": "14.11.2020 18:23",
            "open": "2.134",
            "high": "2.134",
            "low": "2.134",
            "close": "2.132"
        },
        {
            "time": "14.11.2020 18:24",
            "open": "2.132",
            "high": "2.133",
            "low": "2.132",
            "close": "2.136"
        },
        {
            "time": "14.11.2020 18:30",
            "open": "2.136",
            "high": "2.136",
            "low": "2.136",
            "close": "2.136"
        },
        {
            "time": "14.11.2020 18:34",
            "open": "2.136",
            "high": "2.136",
            "low": "2.136",
            "close": "2.134"
        },
        {
            "time": "14.11.2020 18:36",
            "open": "2.134",
            "high": "2.134",
            "low": "2.134",
            "close": "2.139"
        },
        {
            "time": "14.11.2020 18:38",
            "open": "2.139",
            "high": "2.14",
            "low": "2.139",
            "close": "2.142"
        },
        {
            "time": "14.11.2020 18:39",
            "open": "2.142",
            "high": "2.144",
            "low": "2.142",
            "close": "2.145"
        },
        {
            "time": "14.11.2020 18:41",
            "open": "2.145",
            "high": "2.145",
            "low": "2.145",
            "close": "2.143"
        },
        {
            "time": "14.11.2020 18:54",
            "open": "2.143",
            "high": "2.143",
            "low": "2.143",
            "close": "2.147"
        },
        {
            "time": "14.11.2020 18:58",
            "open": "2.147",
            "high": "2.147",
            "low": "2.147",
            "close": "2.148"
        },
        {
            "time": "14.11.2020 19:02",
            "open": "2.148",
            "high": "2.148",
            "low": "2.148",
            "close": "2.148"
        },
        {
            "time": "14.11.2020 19:09",
            "open": "2.148",
            "high": "2.148",
            "low": "2.147",
            "close": "2.149"
        },
        {
            "time": "14.11.2020 19:11",
            "open": "2.149",
            "high": "2.149",
            "low": "2.149",
            "close": "2.148"
        },
        {
            "time": "14.11.2020 19:13",
            "open": "2.148",
            "high": "2.149",
            "low": "2.148",
            "close": "2.147"
        },
        {
            "time": "14.11.2020 19:24",
            "open": "2.147",
            "high": "2.147",
            "low": "2.147",
            "close": "2.149"
        },
        {
            "time": "14.11.2020 19:25",
            "open": "2.149",
            "high": "2.149",
            "low": "2.149",
            "close": "2.147"
        },
        {
            "time": "14.11.2020 19:27",
            "open": "2.147",
            "high": "2.147",
            "low": "2.147",
            "close": "2.149"
        },
        {
            "time": "14.11.2020 19:28",
            "open": "2.149",
            "high": "2.149",
            "low": "2.149",
            "close": "2.149"
        },
        {
            "time": "14.11.2020 19:37",
            "open": "2.149",
            "high": "2.149",
            "low": "2.149",
            "close": "2.147"
        },
        {
            "time": "14.11.2020 19:40",
            "open": "2.147",
            "high": "2.147",
            "low": "2.147",
            "close": "2.15"
        },
        {
            "time": "14.11.2020 19:41",
            "open": "2.15",
            "high": "2.15",
            "low": "2.15",
            "close": "2.147"
        },
        {
            "time": "14.11.2020 19:43",
            "open": "2.147",
            "high": "2.147",
            "low": "2.147",
            "close": "2.147"
        },
        {
            "time": "14.11.2020 19:44",
            "open": "2.147",
            "high": "2.147",
            "low": "2.147",
            "close": "2.144"
        },
        {
            "time": "14.11.2020 19:57",
            "open": "2.144",
            "high": "2.144",
            "low": "2.144",
            "close": "2.147"
        },
        {
            "time": "14.11.2020 19:59",
            "open": "2.147",
            "high": "2.147",
            "low": "2.147",
            "close": "2.146"
        },
        {
            "time": "14.11.2020 20:00",
            "open": "2.146",
            "high": "2.146",
            "low": "2.146",
            "close": "2.145"
        },
        {
            "time": "14.11.2020 20:01",
            "open": "2.145",
            "high": "2.145",
            "low": "2.145",
            "close": "2.142"
        },
        {
            "time": "14.11.2020 20:02",
            "open": "2.142",
            "high": "2.142",
            "low": "2.142",
            "close": "2.151"
        },
        {
            "time": "14.11.2020 20:15",
            "open": "2.151",
            "high": "2.151",
            "low": "2.151",
            "close": "2.149"
        },
        {
            "time": "14.11.2020 20:23",
            "open": "2.149",
            "high": "2.149",
            "low": "2.149",
            "close": "2.141"
        },
        {
            "time": "14.11.2020 20:25",
            "open": "2.141",
            "high": "2.141",
            "low": "2.139",
            "close": "2.139"
        },
        {
            "time": "14.11.2020 20:26",
            "open": "2.139",
            "high": "2.139",
            "low": "2.136",
            "close": "2.141"
        },
        {
            "time": "14.11.2020 20:33",
            "open": "2.141",
            "high": "2.141",
            "low": "2.141",
            "close": "2.139"
        },
        {
            "time": "14.11.2020 20:34",
            "open": "2.139",
            "high": "2.139",
            "low": "2.139",
            "close": "2.141"
        },
        {
            "time": "14.11.2020 20:36",
            "open": "2.141",
            "high": "2.141",
            "low": "2.141",
            "close": "2.14"
        },
        {
            "time": "14.11.2020 20:38",
            "open": "2.14",
            "high": "2.141",
            "low": "2.14",
            "close": "2.139"
        },
        {
            "time": "14.11.2020 20:41",
            "open": "2.139",
            "high": "2.139",
            "low": "2.139",
            "close": "2.138"
        },
        {
            "time": "14.11.2020 20:43",
            "open": "2.138",
            "high": "2.138",
            "low": "2.138",
            "close": "2.139"
        },
        {
            "time": "14.11.2020 20:46",
            "open": "2.139",
            "high": "2.139",
            "low": "2.139",
            "close": "2.14"
        },
        {
            "time": "14.11.2020 20:53",
            "open": "2.14",
            "high": "2.14",
            "low": "2.14",
            "close": "2.138"
        },
        {
            "time": "14.11.2020 21:00",
            "open": "2.138",
            "high": "2.138",
            "low": "2.138",
            "close": "2.138"
        },
        {
            "time": "14.11.2020 21:04",
            "open": "2.138",
            "high": "2.138",
            "low": "2.138",
            "close": "2.137"
        },
        {
            "time": "14.11.2020 21:08",
            "open": "2.137",
            "high": "2.137",
            "low": "2.137",
            "close": "2.144"
        },
        {
            "time": "14.11.2020 21:16",
            "open": "2.144",
            "high": "2.144",
            "low": "2.144",
            "close": "2.143"
        },
        {
            "time": "14.11.2020 21:18",
            "open": "2.143",
            "high": "2.143",
            "low": "2.142",
            "close": "2.145"
        },
        {
            "time": "14.11.2020 21:19",
            "open": "2.145",
            "high": "2.145",
            "low": "2.145",
            "close": "2.145"
        },
        {
            "time": "14.11.2020 21:21",
            "open": "2.145",
            "high": "2.145",
            "low": "2.145",
            "close": "2.145"
        },
        {
            "time": "14.11.2020 21:24",
            "open": "2.145",
            "high": "2.145",
            "low": "2.145",
            "close": "2.142"
        },
        {
            "time": "14.11.2020 21:31",
            "open": "2.142",
            "high": "2.142",
            "low": "2.142",
            "close": "2.143"
        },
        {
            "time": "14.11.2020 21:32",
            "open": "2.143",
            "high": "2.143",
            "low": "2.143",
            "close": "2.145"
        },
        {
            "time": "14.11.2020 21:33",
            "open": "2.145",
            "high": "2.145",
            "low": "2.145",
            "close": "2.148"
        },
        {
            "time": "14.11.2020 21:40",
            "open": "2.148",
            "high": "2.148",
            "low": "2.148",
            "close": "2.147"
        },
        {
            "time": "14.11.2020 21:45",
            "open": "2.147",
            "high": "2.147",
            "low": "2.147",
            "close": "2.147"
        },
        {
            "time": "14.11.2020 21:47",
            "open": "2.147",
            "high": "2.147",
            "low": "2.147",
            "close": "2.145"
        },
        {
            "time": "14.11.2020 21:52",
            "open": "2.145",
            "high": "2.145",
            "low": "2.145",
            "close": "2.147"
        },
        {
            "time": "14.11.2020 21:53",
            "open": "2.147",
            "high": "2.149",
            "low": "2.147",
            "close": "2.148"
        },
        {
            "time": "14.11.2020 21:58",
            "open": "2.148",
            "high": "2.148",
            "low": "2.148",
            "close": "2.149"
        },
        {
            "time": "14.11.2020 22:01",
            "open": "2.149",
            "high": "2.149",
            "low": "2.149",
            "close": "2.149"
        },
        {
            "time": "14.11.2020 22:02",
            "open": "2.149",
            "high": "2.149",
            "low": "2.149",
            "close": "2.145"
        },
        {
            "time": "14.11.2020 22:09",
            "open": "2.145",
            "high": "2.145",
            "low": "2.145",
            "close": "2.147"
        },
        {
            "time": "14.11.2020 22:10",
            "open": "2.147",
            "high": "2.147",
            "low": "2.147",
            "close": "2.141"
        },
        {
            "time": "14.11.2020 22:25",
            "open": "2.141",
            "high": "2.141",
            "low": "2.141",
            "close": "2.141"
        },
        {
            "time": "14.11.2020 22:27",
            "open": "2.141",
            "high": "2.144",
            "low": "2.141",
            "close": "2.142"
        },
        {
            "time": "14.11.2020 22:30",
            "open": "2.142",
            "high": "2.142",
            "low": "2.142",
            "close": "2.142"
        },
        {
            "time": "14.11.2020 22:31",
            "open": "2.142",
            "high": "2.142",
            "low": "2.142",
            "close": "2.142"
        },
        {
            "time": "14.11.2020 22:32",
            "open": "2.142",
            "high": "2.146",
            "low": "2.142",
            "close": "2.146"
        },
        {
            "time": "14.11.2020 22:33",
            "open": "2.146",
            "high": "2.146",
            "low": "2.146",
            "close": "2.142"
        },
        {
            "time": "14.11.2020 22:41",
            "open": "2.142",
            "high": "2.142",
            "low": "2.142",
            "close": "2.142"
        },
        {
            "time": "14.11.2020 22:42",
            "open": "2.142",
            "high": "2.142",
            "low": "2.142",
            "close": "2.142"
        },
        {
            "time": "14.11.2020 22:44",
            "open": "2.142",
            "high": "2.142",
            "low": "2.139",
            "close": "2.141"
        },
        {
            "time": "14.11.2020 22:48",
            "open": "2.141",
            "high": "2.141",
            "low": "2.141",
            "close": "2.141"
        },
        {
            "time": "14.11.2020 22:50",
            "open": "2.141",
            "high": "2.141",
            "low": "2.141",
            "close": "2.14"
        },
        {
            "time": "14.11.2020 22:53",
            "open": "2.14",
            "high": "2.14",
            "low": "2.14",
            "close": "2.148"
        },
        {
            "time": "14.11.2020 23:02",
            "open": "2.148",
            "high": "2.148",
            "low": "2.145",
            "close": "2.148"
        },
        {
            "time": "14.11.2020 23:07",
            "open": "2.148",
            "high": "2.148",
            "low": "2.148",
            "close": "2.148"
        },
        {
            "time": "14.11.2020 23:15",
            "open": "2.148",
            "high": "2.148",
            "low": "2.148",
            "close": "2.146"
        },
        {
            "time": "14.11.2020 23:17",
            "open": "2.146",
            "high": "2.146",
            "low": "2.146",
            "close": "2.149"
        },
        {
            "time": "14.11.2020 23:24",
            "open": "2.149",
            "high": "2.15",
            "low": "2.149",
            "close": "2.149"
        },
        {
            "time": "14.11.2020 23:27",
            "open": "2.149",
            "high": "2.149",
            "low": "2.149",
            "close": "2.142"
        },
        {
            "time": "14.11.2020 23:37",
            "open": "2.142",
            "high": "2.142",
            "low": "2.142",
            "close": "2.139"
        },
        {
            "time": "14.11.2020 23:39",
            "open": "2.139",
            "high": "2.139",
            "low": "2.139",
            "close": "2.141"
        },
        {
            "time": "14.11.2020 23:41",
            "open": "2.141",
            "high": "2.141",
            "low": "2.141",
            "close": "2.142"
        },
        {
            "time": "14.11.2020 23:49",
            "open": "2.142",
            "high": "2.142",
            "low": "2.142",
            "close": "2.147"
        },
        {
            "time": "14.11.2020 23:53",
            "open": "2.147",
            "high": "2.147",
            "low": "2.147",
            "close": "2.147"
        },
        {
            "time": "14.11.2020 23:55",
            "open": "2.147",
            "high": "2.147",
            "low": "2.147",
            "close": "2.144"
        }
    ]
}