{
    "EOS-EUR": [
        {
            "time": "14.12.2020 23:53",
            "open": "2.343",
            "high": "2.343",
            "low": "2.343",
            "close": "2.346"
        },
        {
            "time": "15.12.2020 00:00",
            "open": "2.346",
            "high": "2.346",
            "low": "2.346",
            "close": "2.34"
        },
        {
            "time": "15.12.2020 00:05",
            "open": "2.34",
            "high": "2.34",
            "low": "2.34",
            "close": "2.346"
        },
        {
            "time": "15.12.2020 00:11",
            "open": "2.346",
            "high": "2.346",
            "low": "2.346",
            "close": "2.35"
        },
        {
            "time": "15.12.2020 00:15",
            "open": "2.35",
            "high": "2.35",
            "low": "2.35",
            "close": "2.347"
        },
        {
            "time": "15.12.2020 00:25",
            "open": "2.347",
            "high": "2.347",
            "low": "2.347",
            "close": "2.349"
        },
        {
            "time": "15.12.2020 00:30",
            "open": "2.349",
            "high": "2.349",
            "low": "2.349",
            "close": "2.34"
        },
        {
            "time": "15.12.2020 00:41",
            "open": "2.34",
            "high": "2.34",
            "low": "2.34",
            "close": "2.339"
        },
        {
            "time": "15.12.2020 00:42",
            "open": "2.339",
            "high": "2.34",
            "low": "2.339",
            "close": "2.341"
        },
        {
            "time": "15.12.2020 00:44",
            "open": "2.341",
            "high": "2.341",
            "low": "2.341",
            "close": "2.34"
        },
        {
            "time": "15.12.2020 00:45",
            "open": "2.34",
            "high": "2.34",
            "low": "2.34",
            "close": "2.341"
        },
        {
            "time": "15.12.2020 00:49",
            "open": "2.341",
            "high": "2.341",
            "low": "2.341",
            "close": "2.339"
        },
        {
            "time": "15.12.2020 00:54",
            "open": "2.339",
            "high": "2.339",
            "low": "2.339",
            "close": "2.341"
        },
        {
            "time": "15.12.2020 00:56",
            "open": "2.341",
            "high": "2.341",
            "low": "2.341",
            "close": "2.342"
        },
        {
            "time": "15.12.2020 01:22",
            "open": "2.342",
            "high": "2.342",
            "low": "2.342",
            "close": "2.346"
        },
        {
            "time": "15.12.2020 01:24",
            "open": "2.346",
            "high": "2.346",
            "low": "2.346",
            "close": "2.342"
        },
        {
            "time": "15.12.2020 01:26",
            "open": "2.342",
            "high": "2.342",
            "low": "2.342",
            "close": "2.342"
        },
        {
            "time": "15.12.2020 01:32",
            "open": "2.342",
            "high": "2.342",
            "low": "2.342",
            "close": "2.342"
        },
        {
            "time": "15.12.2020 01:33",
            "open": "2.342",
            "high": "2.342",
            "low": "2.342",
            "close": "2.35"
        },
        {
            "time": "15.12.2020 01:38",
            "open": "2.35",
            "high": "2.35",
            "low": "2.35",
            "close": "2.35"
        },
        {
            "time": "15.12.2020 01:44",
            "open": "2.35",
            "high": "2.35",
            "low": "2.35",
            "close": "2.349"
        },
        {
            "time": "15.12.2020 01:48",
            "open": "2.349",
            "high": "2.349",
            "low": "2.349",
            "close": "2.349"
        },
        {
            "time": "15.12.2020 01:50",
            "open": "2.349",
            "high": "2.35",
            "low": "2.349",
            "close": "2.346"
        },
        {
            "time": "15.12.2020 01:56",
            "open": "2.346",
            "high": "2.346",
            "low": "2.346",
            "close": "2.348"
        },
        {
            "time": "15.12.2020 01:58",
            "open": "2.348",
            "high": "2.348",
            "low": "2.348",
            "close": "2.346"
        },
        {
            "time": "15.12.2020 02:00",
            "open": "2.346",
            "high": "2.346",
            "low": "2.346",
            "close": "2.345"
        },
        {
            "time": "15.12.2020 02:13",
            "open": "2.345",
            "high": "2.345",
            "low": "2.344",
            "close": "2.339"
        },
        {
            "time": "15.12.2020 02:16",
            "open": "2.339",
            "high": "2.339",
            "low": "2.339",
            "close": "2.34"
        },
        {
            "time": "15.12.2020 02:20",
            "open": "2.34",
            "high": "2.34",
            "low": "2.34",
            "close": "2.34"
        },
        {
            "time": "15.12.2020 02:29",
            "open": "2.34",
            "high": "2.34",
            "low": "2.34",
            "close": "2.34"
        },
        {
            "time": "15.12.2020 02:30",
            "open": "2.34",
            "high": "2.34",
            "low": "2.34",
            "close": "2.34"
        },
        {
            "time": "15.12.2020 02:31",
            "open": "2.34",
            "high": "2.34",
            "low": "2.34",
            "close": "2.34"
        },
        {
            "time": "15.12.2020 02:36",
            "open": "2.34",
            "high": "2.34",
            "low": "2.34",
            "close": "2.346"
        },
        {
            "time": "15.12.2020 02:43",
            "open": "2.346",
            "high": "2.346",
            "low": "2.346",
            "close": "2.348"
        },
        {
            "time": "15.12.2020 02:51",
            "open": "2.348",
            "high": "2.348",
            "low": "2.348",
            "close": "2.349"
        },
        {
            "time": "15.12.2020 02:58",
            "open": "2.349",
            "high": "2.349",
            "low": "2.349",
            "close": "2.351"
        },
        {
            "time": "15.12.2020 03:03",
            "open": "2.351",
            "high": "2.351",
            "low": "2.35",
            "close": "2.358"
        },
        {
            "time": "15.12.2020 03:05",
            "open": "2.358",
            "high": "2.359",
            "low": "2.358",
            "close": "2.36"
        },
        {
            "time": "15.12.2020 03:06",
            "open": "2.36",
            "high": "2.362",
            "low": "2.358",
            "close": "2.357"
        },
        {
            "time": "15.12.2020 03:07",
            "open": "2.357",
            "high": "2.357",
            "low": "2.355",
            "close": "2.357"
        },
        {
            "time": "15.12.2020 03:08",
            "open": "2.357",
            "high": "2.357",
            "low": "2.357",
            "close": "2.357"
        },
        {
            "time": "15.12.2020 03:11",
            "open": "2.357",
            "high": "2.357",
            "low": "2.356",
            "close": "2.359"
        },
        {
            "time": "15.12.2020 03:12",
            "open": "2.359",
            "high": "2.359",
            "low": "2.359",
            "close": "2.362"
        },
        {
            "time": "15.12.2020 03:14",
            "open": "2.362",
            "high": "2.362",
            "low": "2.36",
            "close": "2.362"
        },
        {
            "time": "15.12.2020 03:15",
            "open": "2.362",
            "high": "2.362",
            "low": "2.362",
            "close": "2.359"
        },
        {
            "time": "15.12.2020 03:17",
            "open": "2.359",
            "high": "2.359",
            "low": "2.359",
            "close": "2.359"
        },
        {
            "time": "15.12.2020 03:19",
            "open": "2.359",
            "high": "2.359",
            "low": "2.359",
            "close": "2.358"
        },
        {
            "time": "15.12.2020 03:32",
            "open": "2.358",
            "high": "2.358",
            "low": "2.358",
            "close": "2.359"
        },
        {
            "time": "15.12.2020 03:33",
            "open": "2.359",
            "high": "2.359",
            "low": "2.359",
            "close": "2.359"
        },
        {
            "time": "15.12.2020 03:34",
            "open": "2.359",
            "high": "2.359",
            "low": "2.359",
            "close": "2.36"
        },
        {
            "time": "15.12.2020 03:37",
            "open": "2.36",
            "high": "2.36",
            "low": "2.36",
            "close": "2.357"
        },
        {
            "time": "15.12.2020 03:38",
            "open": "2.357",
            "high": "2.357",
            "low": "2.357",
            "close": "2.358"
        },
        {
            "time": "15.12.2020 03:40",
            "open": "2.358",
            "high": "2.358",
            "low": "2.358",
            "close": "2.352"
        },
        {
            "time": "15.12.2020 03:56",
            "open": "2.352",
            "high": "2.352",
            "low": "2.352",
            "close": "2.351"
        },
        {
            "time": "15.12.2020 03:57",
            "open": "2.351",
            "high": "2.351",
            "low": "2.351",
            "close": "2.351"
        },
        {
            "time": "15.12.2020 03:58",
            "open": "2.351",
            "high": "2.351",
            "low": "2.351",
            "close": "2.351"
        },
        {
            "time": "15.12.2020 04:17",
            "open": "2.351",
            "high": "2.351",
            "low": "2.351",
            "close": "2.351"
        },
        {
            "time": "15.12.2020 04:18",
            "open": "2.351",
            "high": "2.351",
            "low": "2.351",
            "close": "2.35"
        },
        {
            "time": "15.12.2020 04:19",
            "open": "2.35",
            "high": "2.351",
            "low": "2.35",
            "close": "2.345"
        },
        {
            "time": "15.12.2020 04:24",
            "open": "2.345",
            "high": "2.345",
            "low": "2.345",
            "close": "2.351"
        },
        {
            "time": "15.12.2020 04:25",
            "open": "2.351",
            "high": "2.351",
            "low": "2.351",
            "close": "2.352"
        },
        {
            "time": "15.12.2020 04:45",
            "open": "2.352",
            "high": "2.352",
            "low": "2.351",
            "close": "2.352"
        },
        {
            "time": "15.12.2020 04:48",
            "open": "2.352",
            "high": "2.352",
            "low": "2.351",
            "close": "2.345"
        },
        {
            "time": "15.12.2020 05:06",
            "open": "2.345",
            "high": "2.346",
            "low": "2.345",
            "close": "2.345"
        },
        {
            "time": "15.12.2020 05:08",
            "open": "2.345",
            "high": "2.345",
            "low": "2.345",
            "close": "2.345"
        },
        {
            "time": "15.12.2020 05:32",
            "open": "2.345",
            "high": "2.345",
            "low": "2.345",
            "close": "2.345"
        },
        {
            "time": "15.12.2020 05:38",
            "open": "2.345",
            "high": "2.345",
            "low": "2.345",
            "close": "2.34"
        },
        {
            "time": "15.12.2020 05:48",
            "open": "2.34",
            "high": "2.34",
            "low": "2.34",
            "close": "2.332"
        },
        {
            "time": "15.12.2020 05:57",
            "open": "2.332",
            "high": "2.332",
            "low": "2.332",
            "close": "2.326"
        },
        {
            "time": "15.12.2020 05:58",
            "open": "2.326",
            "high": "2.326",
            "low": "2.326",
            "close": "2.325"
        },
        {
            "time": "15.12.2020 05:59",
            "open": "2.325",
            "high": "2.325",
            "low": "2.325",
            "close": "2.331"
        },
        {
            "time": "15.12.2020 06:03",
            "open": "2.331",
            "high": "2.331",
            "low": "2.331",
            "close": "2.332"
        },
        {
            "time": "15.12.2020 06:10",
            "open": "2.332",
            "high": "2.332",
            "low": "2.332",
            "close": "2.324"
        },
        {
            "time": "15.12.2020 06:34",
            "open": "2.324",
            "high": "2.324",
            "low": "2.324",
            "close": "2.323"
        },
        {
            "time": "15.12.2020 06:35",
            "open": "2.323",
            "high": "2.323",
            "low": "2.323",
            "close": "2.318"
        },
        {
            "time": "15.12.2020 06:44",
            "open": "2.318",
            "high": "2.318",
            "low": "2.318",
            "close": "2.322"
        },
        {
            "time": "15.12.2020 06:56",
            "open": "2.322",
            "high": "2.322",
            "low": "2.322",
            "close": "2.322"
        },
        {
            "time": "15.12.2020 06:58",
            "open": "2.322",
            "high": "2.322",
            "low": "2.322",
            "close": "2.32"
        },
        {
            "time": "15.12.2020 07:00",
            "open": "2.32",
            "high": "2.32",
            "low": "2.32",
            "close": "2.32"
        },
        {
            "time": "15.12.2020 07:03",
            "open": "2.32",
            "high": "2.321",
            "low": "2.32",
            "close": "2.322"
        },
        {
            "time": "15.12.2020 07:09",
            "open": "2.322",
            "high": "2.322",
            "low": "2.322",
            "close": "2.327"
        },
        {
            "time": "15.12.2020 07:14",
            "open": "2.327",
            "high": "2.327",
            "low": "2.327",
            "close": "2.327"
        },
        {
            "time": "15.12.2020 07:23",
            "open": "2.327",
            "high": "2.327",
            "low": "2.327",
            "close": "2.327"
        },
        {
            "time": "15.12.2020 07:44",
            "open": "2.327",
            "high": "2.328",
            "low": "2.327",
            "close": "2.321"
        },
        {
            "time": "15.12.2020 07:50",
            "open": "2.321",
            "high": "2.324",
            "low": "2.321",
            "close": "2.321"
        },
        {
            "time": "15.12.2020 07:51",
            "open": "2.321",
            "high": "2.321",
            "low": "2.321",
            "close": "2.323"
        },
        {
            "time": "15.12.2020 08:05",
            "open": "2.323",
            "high": "2.323",
            "low": "2.323",
            "close": "2.325"
        },
        {
            "time": "15.12.2020 08:13",
            "open": "2.325",
            "high": "2.325",
            "low": "2.325",
            "close": "2.328"
        },
        {
            "time": "15.12.2020 08:17",
            "open": "2.328",
            "high": "2.328",
            "low": "2.328",
            "close": "2.331"
        },
        {
            "time": "15.12.2020 08:20",
            "open": "2.331",
            "high": "2.331",
            "low": "2.331",
            "close": "2.331"
        },
        {
            "time": "15.12.2020 08:21",
            "open": "2.331",
            "high": "2.331",
            "low": "2.331",
            "close": "2.333"
        },
        {
            "time": "15.12.2020 08:23",
            "open": "2.333",
            "high": "2.333",
            "low": "2.331",
            "close": "2.331"
        },
        {
            "time": "15.12.2020 08:27",
            "open": "2.331",
            "high": "2.331",
            "low": "2.331",
            "close": "2.331"
        },
        {
            "time": "15.12.2020 08:31",
            "open": "2.331",
            "high": "2.331",
            "low": "2.331",
            "close": "2.33"
        },
        {
            "time": "15.12.2020 08:32",
            "open": "2.33",
            "high": "2.33",
            "low": "2.33",
            "close": "2.329"
        },
        {
            "time": "15.12.2020 08:33",
            "open": "2.329",
            "high": "2.329",
            "low": "2.329",
            "close": "2.332"
        },
        {
            "time": "15.12.2020 08:35",
            "open": "2.332",
            "high": "2.332",
            "low": "2.332",
            "close": "2.33"
        },
        {
            "time": "15.12.2020 08:36",
            "open": "2.33",
            "high": "2.33",
            "low": "2.33",
            "close": "2.33"
        },
        {
            "time": "15.12.2020 08:43",
            "open": "2.33",
            "high": "2.33",
            "low": "2.33",
            "close": "2.33"
        },
        {
            "time": "15.12.2020 08:45",
            "open": "2.33",
            "high": "2.33",
            "low": "2.329",
            "close": "2.334"
        },
        {
            "time": "15.12.2020 08:53",
            "open": "2.334",
            "high": "2.334",
            "low": "2.332",
            "close": "2.332"
        },
        {
            "time": "15.12.2020 08:54",
            "open": "2.332",
            "high": "2.332",
            "low": "2.332",
            "close": "2.335"
        },
        {
            "time": "15.12.2020 08:56",
            "open": "2.335",
            "high": "2.335",
            "low": "2.335",
            "close": "2.341"
        },
        {
            "time": "15.12.2020 09:04",
            "open": "2.341",
            "high": "2.341",
            "low": "2.341",
            "close": "2.343"
        },
        {
            "time": "15.12.2020 09:10",
            "open": "2.343",
            "high": "2.343",
            "low": "2.343",
            "close": "2.336"
        },
        {
            "time": "15.12.2020 09:21",
            "open": "2.336",
            "high": "2.337",
            "low": "2.336",
            "close": "2.336"
        },
        {
            "time": "15.12.2020 09:23",
            "open": "2.336",
            "high": "2.336",
            "low": "2.336",
            "close": "2.336"
        },
        {
            "time": "15.12.2020 09:27",
            "open": "2.336",
            "high": "2.336",
            "low": "2.336",
            "close": "2.339"
        },
        {
            "time": "15.12.2020 09:29",
            "open": "2.339",
            "high": "2.339",
            "low": "2.339",
            "close": "2.344"
        },
        {
            "time": "15.12.2020 09:40",
            "open": "2.344",
            "high": "2.344",
            "low": "2.344",
            "close": "2.344"
        },
        {
            "time": "15.12.2020 09:42",
            "open": "2.344",
            "high": "2.344",
            "low": "2.344",
            "close": "2.343"
        },
        {
            "time": "15.12.2020 09:43",
            "open": "2.343",
            "high": "2.343",
            "low": "2.343",
            "close": "2.339"
        },
        {
            "time": "15.12.2020 09:47",
            "open": "2.339",
            "high": "2.339",
            "low": "2.339",
            "close": "2.337"
        },
        {
            "time": "15.12.2020 09:49",
            "open": "2.337",
            "high": "2.337",
            "low": "2.337",
            "close": "2.333"
        },
        {
            "time": "15.12.2020 09:50",
            "open": "2.333",
            "high": "2.333",
            "low": "2.333",
            "close": "2.332"
        },
        {
            "time": "15.12.2020 09:51",
            "open": "2.332",
            "high": "2.332",
            "low": "2.332",
            "close": "2.332"
        },
        {
            "time": "15.12.2020 10:00",
            "open": "2.332",
            "high": "2.332",
            "low": "2.329",
            "close": "2.331"
        },
        {
            "time": "15.12.2020 10:01",
            "open": "2.331",
            "high": "2.331",
            "low": "2.331",
            "close": "2.328"
        },
        {
            "time": "15.12.2020 10:05",
            "open": "2.328",
            "high": "2.328",
            "low": "2.326",
            "close": "2.325"
        },
        {
            "time": "15.12.2020 10:06",
            "open": "2.325",
            "high": "2.325",
            "low": "2.322",
            "close": "2.322"
        },
        {
            "time": "15.12.2020 10:07",
            "open": "2.322",
            "high": "2.322",
            "low": "2.316",
            "close": "2.323"
        },
        {
            "time": "15.12.2020 10:08",
            "open": "2.323",
            "high": "2.323",
            "low": "2.323",
            "close": "2.323"
        },
        {
            "time": "15.12.2020 10:09",
            "open": "2.323",
            "high": "2.323",
            "low": "2.323",
            "close": "2.318"
        },
        {
            "time": "15.12.2020 10:14",
            "open": "2.318",
            "high": "2.318",
            "low": "2.318",
            "close": "2.317"
        },
        {
            "time": "15.12.2020 10:16",
            "open": "2.317",
            "high": "2.317",
            "low": "2.317",
            "close": "2.316"
        },
        {
            "time": "15.12.2020 10:20",
            "open": "2.316",
            "high": "2.318",
            "low": "2.316",
            "close": "2.318"
        },
        {
            "time": "15.12.2020 10:21",
            "open": "2.318",
            "high": "2.318",
            "low": "2.318",
            "close": "2.323"
        },
        {
            "time": "15.12.2020 10:24",
            "open": "2.323",
            "high": "2.323",
            "low": "2.323",
            "close": "2.321"
        },
        {
            "time": "15.12.2020 10:25",
            "open": "2.321",
            "high": "2.325",
            "low": "2.321",
            "close": "2.323"
        },
        {
            "time": "15.12.2020 10:34",
            "open": "2.323",
            "high": "2.323",
            "low": "2.323",
            "close": "2.32"
        },
        {
            "time": "15.12.2020 10:35",
            "open": "2.32",
            "high": "2.32",
            "low": "2.32",
            "close": "2.319"
        },
        {
            "time": "15.12.2020 10:38",
            "open": "2.319",
            "high": "2.319",
            "low": "2.319",
            "close": "2.32"
        },
        {
            "time": "15.12.2020 10:40",
            "open": "2.32",
            "high": "2.323",
            "low": "2.32",
            "close": "2.322"
        },
        {
            "time": "15.12.2020 10:42",
            "open": "2.322",
            "high": "2.322",
            "low": "2.322",
            "close": "2.328"
        },
        {
            "time": "15.12.2020 10:51",
            "open": "2.328",
            "high": "2.328",
            "low": "2.328",
            "close": "2.324"
        },
        {
            "time": "15.12.2020 10:52",
            "open": "2.324",
            "high": "2.324",
            "low": "2.324",
            "close": "2.326"
        },
        {
            "time": "15.12.2020 10:58",
            "open": "2.326",
            "high": "2.326",
            "low": "2.326",
            "close": "2.324"
        },
        {
            "time": "15.12.2020 11:00",
            "open": "2.324",
            "high": "2.324",
            "low": "2.324",
            "close": "2.324"
        },
        {
            "time": "15.12.2020 11:12",
            "open": "2.324",
            "high": "2.324",
            "low": "2.324",
            "close": "2.323"
        },
        {
            "time": "15.12.2020 11:14",
            "open": "2.323",
            "high": "2.323",
            "low": "2.323",
            "close": "2.32"
        },
        {
            "time": "15.12.2020 11:15",
            "open": "2.32",
            "high": "2.32",
            "low": "2.32",
            "close": "2.323"
        },
        {
            "time": "15.12.2020 11:19",
            "open": "2.323",
            "high": "2.323",
            "low": "2.323",
            "close": "2.323"
        },
        {
            "time": "15.12.2020 11:21",
            "open": "2.323",
            "high": "2.323",
            "low": "2.323",
            "close": "2.327"
        },
        {
            "time": "15.12.2020 11:22",
            "open": "2.327",
            "high": "2.327",
            "low": "2.327",
            "close": "2.327"
        },
        {
            "time": "15.12.2020 11:24",
            "open": "2.327",
            "high": "2.327",
            "low": "2.327",
            "close": "2.326"
        },
        {
            "time": "15.12.2020 11:25",
            "open": "2.326",
            "high": "2.326",
            "low": "2.325",
            "close": "2.325"
        },
        {
            "time": "15.12.2020 11:26",
            "open": "2.325",
            "high": "2.325",
            "low": "2.325",
            "close": "2.326"
        },
        {
            "time": "15.12.2020 11:27",
            "open": "2.326",
            "high": "2.326",
            "low": "2.326",
            "close": "2.337"
        },
        {
            "time": "15.12.2020 11:35",
            "open": "2.337",
            "high": "2.337",
            "low": "2.337",
            "close": "2.334"
        },
        {
            "time": "15.12.2020 11:36",
            "open": "2.334",
            "high": "2.334",
            "low": "2.334",
            "close": "2.35"
        },
        {
            "time": "15.12.2020 11:49",
            "open": "2.35",
            "high": "2.35",
            "low": "2.35",
            "close": "2.354"
        },
        {
            "time": "15.12.2020 11:50",
            "open": "2.354",
            "high": "2.356",
            "low": "2.354",
            "close": "2.362"
        },
        {
            "time": "15.12.2020 11:57",
            "open": "2.362",
            "high": "2.362",
            "low": "2.362",
            "close": "2.363"
        },
        {
            "time": "15.12.2020 11:58",
            "open": "2.363",
            "high": "2.366",
            "low": "2.363",
            "close": "2.359"
        },
        {
            "time": "15.12.2020 12:02",
            "open": "2.359",
            "high": "2.359",
            "low": "2.358",
            "close": "2.36"
        },
        {
            "time": "15.12.2020 12:03",
            "open": "2.36",
            "high": "2.36",
            "low": "2.36",
            "close": "2.359"
        },
        {
            "time": "15.12.2020 12:04",
            "open": "2.359",
            "high": "2.359",
            "low": "2.359",
            "close": "2.356"
        },
        {
            "time": "15.12.2020 12:07",
            "open": "2.356",
            "high": "2.356",
            "low": "2.356",
            "close": "2.357"
        },
        {
            "time": "15.12.2020 12:17",
            "open": "2.357",
            "high": "2.357",
            "low": "2.357",
            "close": "2.36"
        },
        {
            "time": "15.12.2020 12:19",
            "open": "2.36",
            "high": "2.36",
            "low": "2.36",
            "close": "2.355"
        },
        {
            "time": "15.12.2020 12:21",
            "open": "2.355",
            "high": "2.355",
            "low": "2.355",
            "close": "2.356"
        },
        {
            "time": "15.12.2020 12:24",
            "open": "2.356",
            "high": "2.356",
            "low": "2.356",
            "close": "2.356"
        },
        {
            "time": "15.12.2020 12:29",
            "open": "2.356",
            "high": "2.356",
            "low": "2.356",
            "close": "2.353"
        },
        {
            "time": "15.12.2020 12:30",
            "open": "2.353",
            "high": "2.353",
            "low": "2.35",
            "close": "2.35"
        },
        {
            "time": "15.12.2020 12:31",
            "open": "2.35",
            "high": "2.35",
            "low": "2.35",
            "close": "2.35"
        },
        {
            "time": "15.12.2020 12:34",
            "open": "2.35",
            "high": "2.35",
            "low": "2.35",
            "close": "2.35"
        },
        {
            "time": "15.12.2020 12:36",
            "open": "2.35",
            "high": "2.35",
            "low": "2.35",
            "close": "2.349"
        },
        {
            "time": "15.12.2020 12:43",
            "open": "2.349",
            "high": "2.349",
            "low": "2.349",
            "close": "2.349"
        },
        {
            "time": "15.12.2020 12:45",
            "open": "2.349",
            "high": "2.351",
            "low": "2.349",
            "close": "2.347"
        },
        {
            "time": "15.12.2020 12:51",
            "open": "2.347",
            "high": "2.347",
            "low": "2.347",
            "close": "2.351"
        },
        {
            "time": "15.12.2020 12:52",
            "open": "2.351",
            "high": "2.351",
            "low": "2.351",
            "close": "2.352"
        },
        {
            "time": "15.12.2020 12:56",
            "open": "2.352",
            "high": "2.352",
            "low": "2.352",
            "close": "2.353"
        },
        {
            "time": "15.12.2020 12:57",
            "open": "2.353",
            "high": "2.353",
            "low": "2.353",
            "close": "2.352"
        },
        {
            "time": "15.12.2020 12:58",
            "open": "2.352",
            "high": "2.352",
            "low": "2.352",
            "close": "2.36"
        },
        {
            "time": "15.12.2020 13:04",
            "open": "2.36",
            "high": "2.36",
            "low": "2.36",
            "close": "2.364"
        },
        {
            "time": "15.12.2020 13:13",
            "open": "2.364",
            "high": "2.364",
            "low": "2.364",
            "close": "2.361"
        },
        {
            "time": "15.12.2020 13:15",
            "open": "2.361",
            "high": "2.361",
            "low": "2.361",
            "close": "2.366"
        },
        {
            "time": "15.12.2020 13:16",
            "open": "2.366",
            "high": "2.369",
            "low": "2.366",
            "close": "2.369"
        },
        {
            "time": "15.12.2020 13:18",
            "open": "2.369",
            "high": "2.369",
            "low": "2.369",
            "close": "2.369"
        },
        {
            "time": "15.12.2020 13:19",
            "open": "2.369",
            "high": "2.369",
            "low": "2.369",
            "close": "2.367"
        },
        {
            "time": "15.12.2020 13:21",
            "open": "2.367",
            "high": "2.367",
            "low": "2.367",
            "close": "2.37"
        },
        {
            "time": "15.12.2020 13:22",
            "open": "2.37",
            "high": "2.37",
            "low": "2.37",
            "close": "2.372"
        },
        {
            "time": "15.12.2020 13:23",
            "open": "2.372",
            "high": "2.384",
            "low": "2.372",
            "close": "2.386"
        },
        {
            "time": "15.12.2020 13:24",
            "open": "2.386",
            "high": "2.386",
            "low": "2.383",
            "close": "2.384"
        },
        {
            "time": "15.12.2020 13:27",
            "open": "2.384",
            "high": "2.384",
            "low": "2.382",
            "close": "2.378"
        },
        {
            "time": "15.12.2020 13:30",
            "open": "2.378",
            "high": "2.378",
            "low": "2.378",
            "close": "2.375"
        },
        {
            "time": "15.12.2020 13:32",
            "open": "2.375",
            "high": "2.375",
            "low": "2.375",
            "close": "2.375"
        },
        {
            "time": "15.12.2020 13:33",
            "open": "2.375",
            "high": "2.377",
            "low": "2.375",
            "close": "2.37"
        },
        {
            "time": "15.12.2020 13:35",
            "open": "2.37",
            "high": "2.373",
            "low": "2.37",
            "close": "2.367"
        },
        {
            "time": "15.12.2020 13:39",
            "open": "2.367",
            "high": "2.367",
            "low": "2.367",
            "close": "2.367"
        },
        {
            "time": "15.12.2020 13:40",
            "open": "2.367",
            "high": "2.367",
            "low": "2.367",
            "close": "2.368"
        },
        {
            "time": "15.12.2020 13:41",
            "open": "2.368",
            "high": "2.368",
            "low": "2.368",
            "close": "2.369"
        },
        {
            "time": "15.12.2020 13:43",
            "open": "2.369",
            "high": "2.369",
            "low": "2.369",
            "close": "2.369"
        },
        {
            "time": "15.12.2020 13:44",
            "open": "2.369",
            "high": "2.369",
            "low": "2.369",
            "close": "2.364"
        },
        {
            "time": "15.12.2020 13:47",
            "open": "2.364",
            "high": "2.364",
            "low": "2.364",
            "close": "2.365"
        },
        {
            "time": "15.12.2020 13:49",
            "open": "2.365",
            "high": "2.365",
            "low": "2.365",
            "close": "2.368"
        },
        {
            "time": "15.12.2020 13:53",
            "open": "2.368",
            "high": "2.368",
            "low": "2.368",
            "close": "2.364"
        },
        {
            "time": "15.12.2020 13:55",
            "open": "2.364",
            "high": "2.364",
            "low": "2.364",
            "close": "2.366"
        },
        {
            "time": "15.12.2020 13:56",
            "open": "2.366",
            "high": "2.366",
            "low": "2.366",
            "close": "2.367"
        },
        {
            "time": "15.12.2020 14:02",
            "open": "2.367",
            "high": "2.367",
            "low": "2.367",
            "close": "2.366"
        },
        {
            "time": "15.12.2020 14:03",
            "open": "2.366",
            "high": "2.366",
            "low": "2.366",
            "close": "2.366"
        },
        {
            "time": "15.12.2020 14:04",
            "open": "2.366",
            "high": "2.366",
            "low": "2.365",
            "close": "2.364"
        },
        {
            "time": "15.12.2020 14:05",
            "open": "2.364",
            "high": "2.364",
            "low": "2.364",
            "close": "2.361"
        },
        {
            "time": "15.12.2020 14:07",
            "open": "2.361",
            "high": "2.361",
            "low": "2.359",
            "close": "2.37"
        },
        {
            "time": "15.12.2020 14:23",
            "open": "2.37",
            "high": "2.37",
            "low": "2.37",
            "close": "2.373"
        },
        {
            "time": "15.12.2020 14:26",
            "open": "2.373",
            "high": "2.374",
            "low": "2.373",
            "close": "2.37"
        },
        {
            "time": "15.12.2020 14:29",
            "open": "2.37",
            "high": "2.37",
            "low": "2.37",
            "close": "2.369"
        },
        {
            "time": "15.12.2020 14:35",
            "open": "2.369",
            "high": "2.369",
            "low": "2.368",
            "close": "2.369"
        },
        {
            "time": "15.12.2020 14:38",
            "open": "2.369",
            "high": "2.369",
            "low": "2.369",
            "close": "2.369"
        },
        {
            "time": "15.12.2020 14:41",
            "open": "2.369",
            "high": "2.369",
            "low": "2.369",
            "close": "2.369"
        },
        {
            "time": "15.12.2020 14:44",
            "open": "2.369",
            "high": "2.37",
            "low": "2.369",
            "close": "2.367"
        },
        {
            "time": "15.12.2020 14:48",
            "open": "2.367",
            "high": "2.367",
            "low": "2.367",
            "close": "2.365"
        },
        {
            "time": "15.12.2020 14:50",
            "open": "2.365",
            "high": "2.365",
            "low": "2.365",
            "close": "2.364"
        },
        {
            "time": "15.12.2020 14:51",
            "open": "2.364",
            "high": "2.364",
            "low": "2.359",
            "close": "2.359"
        },
        {
            "time": "15.12.2020 14:52",
            "open": "2.359",
            "high": "2.359",
            "low": "2.359",
            "close": "2.365"
        },
        {
            "time": "15.12.2020 15:00",
            "open": "2.365",
            "high": "2.365",
            "low": "2.365",
            "close": "2.371"
        },
        {
            "time": "15.12.2020 15:08",
            "open": "2.371",
            "high": "2.371",
            "low": "2.371",
            "close": "2.365"
        },
        {
            "time": "15.12.2020 15:10",
            "open": "2.365",
            "high": "2.365",
            "low": "2.365",
            "close": "2.369"
        },
        {
            "time": "15.12.2020 15:12",
            "open": "2.369",
            "high": "2.369",
            "low": "2.369",
            "close": "2.368"
        },
        {
            "time": "15.12.2020 15:17",
            "open": "2.368",
            "high": "2.368",
            "low": "2.368",
            "close": "2.365"
        },
        {
            "time": "15.12.2020 15:18",
            "open": "2.365",
            "high": "2.365",
            "low": "2.365",
            "close": "2.36"
        },
        {
            "time": "15.12.2020 15:22",
            "open": "2.36",
            "high": "2.36",
            "low": "2.36",
            "close": "2.359"
        },
        {
            "time": "15.12.2020 15:26",
            "open": "2.359",
            "high": "2.359",
            "low": "2.358",
            "close": "2.361"
        },
        {
            "time": "15.12.2020 15:28",
            "open": "2.361",
            "high": "2.361",
            "low": "2.361",
            "close": "2.355"
        },
        {
            "time": "15.12.2020 15:33",
            "open": "2.355",
            "high": "2.355",
            "low": "2.355",
            "close": "2.356"
        },
        {
            "time": "15.12.2020 15:35",
            "open": "2.356",
            "high": "2.356",
            "low": "2.356",
            "close": "2.359"
        },
        {
            "time": "15.12.2020 15:37",
            "open": "2.359",
            "high": "2.359",
            "low": "2.359",
            "close": "2.359"
        },
        {
            "time": "15.12.2020 15:40",
            "open": "2.359",
            "high": "2.359",
            "low": "2.359",
            "close": "2.352"
        },
        {
            "time": "15.12.2020 15:43",
            "open": "2.352",
            "high": "2.352",
            "low": "2.352",
            "close": "2.351"
        },
        {
            "time": "15.12.2020 15:46",
            "open": "2.351",
            "high": "2.351",
            "low": "2.351",
            "close": "2.355"
        },
        {
            "time": "15.12.2020 15:47",
            "open": "2.355",
            "high": "2.356",
            "low": "2.355",
            "close": "2.352"
        },
        {
            "time": "15.12.2020 15:48",
            "open": "2.352",
            "high": "2.356",
            "low": "2.352",
            "close": "2.356"
        },
        {
            "time": "15.12.2020 15:49",
            "open": "2.356",
            "high": "2.356",
            "low": "2.356",
            "close": "2.353"
        },
        {
            "time": "15.12.2020 15:52",
            "open": "2.353",
            "high": "2.353",
            "low": "2.353",
            "close": "2.355"
        },
        {
            "time": "15.12.2020 15:53",
            "open": "2.355",
            "high": "2.355",
            "low": "2.353",
            "close": "2.356"
        },
        {
            "time": "15.12.2020 15:55",
            "open": "2.356",
            "high": "2.356",
            "low": "2.356",
            "close": "2.356"
        },
        {
            "time": "15.12.2020 15:57",
            "open": "2.356",
            "high": "2.359",
            "low": "2.355",
            "close": "2.364"
        },
        {
            "time": "15.12.2020 16:01",
            "open": "2.364",
            "high": "2.364",
            "low": "2.364",
            "close": "2.363"
        },
        {
            "time": "15.12.2020 16:02",
            "open": "2.363",
            "high": "2.363",
            "low": "2.363",
            "close": "2.363"
        },
        {
            "time": "15.12.2020 16:07",
            "open": "2.363",
            "high": "2.363",
            "low": "2.363",
            "close": "2.359"
        },
        {
            "time": "15.12.2020 16:09",
            "open": "2.359",
            "high": "2.359",
            "low": "2.359",
            "close": "2.356"
        },
        {
            "time": "15.12.2020 16:13",
            "open": "2.356",
            "high": "2.356",
            "low": "2.356",
            "close": "2.354"
        },
        {
            "time": "15.12.2020 16:15",
            "open": "2.354",
            "high": "2.354",
            "low": "2.354",
            "close": "2.365"
        },
        {
            "time": "15.12.2020 16:19",
            "open": "2.365",
            "high": "2.365",
            "low": "2.365",
            "close": "2.357"
        },
        {
            "time": "15.12.2020 16:25",
            "open": "2.357",
            "high": "2.357",
            "low": "2.357",
            "close": "2.362"
        },
        {
            "time": "15.12.2020 16:27",
            "open": "2.362",
            "high": "2.362",
            "low": "2.361",
            "close": "2.363"
        },
        {
            "time": "15.12.2020 16:29",
            "open": "2.363",
            "high": "2.363",
            "low": "2.36",
            "close": "2.36"
        },
        {
            "time": "15.12.2020 16:34",
            "open": "2.36",
            "high": "2.361",
            "low": "2.36",
            "close": "2.362"
        },
        {
            "time": "15.12.2020 16:36",
            "open": "2.362",
            "high": "2.362",
            "low": "2.362",
            "close": "2.362"
        },
        {
            "time": "15.12.2020 16:42",
            "open": "2.362",
            "high": "2.365",
            "low": "2.362",
            "close": "2.362"
        },
        {
            "time": "15.12.2020 16:43",
            "open": "2.362",
            "high": "2.362",
            "low": "2.362",
            "close": "2.364"
        },
        {
            "time": "15.12.2020 16:47",
            "open": "2.364",
            "high": "2.364",
            "low": "2.364",
            "close": "2.364"
        },
        {
            "time": "15.12.2020 16:48",
            "open": "2.364",
            "high": "2.364",
            "low": "2.364",
            "close": "2.365"
        },
        {
            "time": "15.12.2020 16:50",
            "open": "2.365",
            "high": "2.365",
            "low": "2.365",
            "close": "2.388"
        },
        {
            "time": "15.12.2020 17:01",
            "open": "2.388",
            "high": "2.388",
            "low": "2.376",
            "close": "2.373"
        },
        {
            "time": "15.12.2020 17:02",
            "open": "2.373",
            "high": "2.373",
            "low": "2.373",
            "close": "2.374"
        },
        {
            "time": "15.12.2020 17:04",
            "open": "2.374",
            "high": "2.374",
            "low": "2.374",
            "close": "2.37"
        },
        {
            "time": "15.12.2020 17:05",
            "open": "2.37",
            "high": "2.37",
            "low": "2.37",
            "close": "2.368"
        },
        {
            "time": "15.12.2020 17:08",
            "open": "2.368",
            "high": "2.368",
            "low": "2.368",
            "close": "2.373"
        },
        {
            "time": "15.12.2020 17:09",
            "open": "2.373",
            "high": "2.373",
            "low": "2.372",
            "close": "2.373"
        },
        {
            "time": "15.12.2020 17:11",
            "open": "2.373",
            "high": "2.373",
            "low": "2.373",
            "close": "2.37"
        },
        {
            "time": "15.12.2020 17:12",
            "open": "2.37",
            "high": "2.37",
            "low": "2.37",
            "close": "2.376"
        },
        {
            "time": "15.12.2020 17:16",
            "open": "2.376",
            "high": "2.376",
            "low": "2.376",
            "close": "2.377"
        },
        {
            "time": "15.12.2020 17:17",
            "open": "2.377",
            "high": "2.377",
            "low": "2.374",
            "close": "2.376"
        },
        {
            "time": "15.12.2020 17:19",
            "open": "2.376",
            "high": "2.377",
            "low": "2.376",
            "close": "2.371"
        },
        {
            "time": "15.12.2020 17:20",
            "open": "2.371",
            "high": "2.371",
            "low": "2.371",
            "close": "2.372"
        },
        {
            "time": "15.12.2020 17:24",
            "open": "2.372",
            "high": "2.372",
            "low": "2.372",
            "close": "2.377"
        },
        {
            "time": "15.12.2020 17:25",
            "open": "2.377",
            "high": "2.378",
            "low": "2.377",
            "close": "2.378"
        },
        {
            "time": "15.12.2020 17:26",
            "open": "2.378",
            "high": "2.378",
            "low": "2.378",
            "close": "2.378"
        },
        {
            "time": "15.12.2020 17:27",
            "open": "2.378",
            "high": "2.378",
            "low": "2.374",
            "close": "2.378"
        },
        {
            "time": "15.12.2020 17:28",
            "open": "2.378",
            "high": "2.378",
            "low": "2.378",
            "close": "2.373"
        },
        {
            "time": "15.12.2020 17:32",
            "open": "2.373",
            "high": "2.373",
            "low": "2.373",
            "close": "2.371"
        },
        {
            "time": "15.12.2020 17:33",
            "open": "2.371",
            "high": "2.371",
            "low": "2.371",
            "close": "2.371"
        },
        {
            "time": "15.12.2020 17:34",
            "open": "2.371",
            "high": "2.376",
            "low": "2.371",
            "close": "2.373"
        },
        {
            "time": "15.12.2020 17:35",
            "open": "2.373",
            "high": "2.373",
            "low": "2.371",
            "close": "2.378"
        },
        {
            "time": "15.12.2020 17:39",
            "open": "2.378",
            "high": "2.382",
            "low": "2.378",
            "close": "2.38"
        },
        {
            "time": "15.12.2020 17:41",
            "open": "2.38",
            "high": "2.38",
            "low": "2.379",
            "close": "2.381"
        },
        {
            "time": "15.12.2020 17:43",
            "open": "2.381",
            "high": "2.381",
            "low": "2.379",
            "close": "2.378"
        },
        {
            "time": "15.12.2020 17:44",
            "open": "2.378",
            "high": "2.378",
            "low": "2.378",
            "close": "2.377"
        },
        {
            "time": "15.12.2020 17:47",
            "open": "2.377",
            "high": "2.377",
            "low": "2.377",
            "close": "2.375"
        },
        {
            "time": "15.12.2020 17:48",
            "open": "2.375",
            "high": "2.375",
            "low": "2.375",
            "close": "2.376"
        },
        {
            "time": "15.12.2020 17:49",
            "open": "2.376",
            "high": "2.376",
            "low": "2.376",
            "close": "2.376"
        },
        {
            "time": "15.12.2020 17:51",
            "open": "2.376",
            "high": "2.376",
            "low": "2.376",
            "close": "2.374"
        },
        {
            "time": "15.12.2020 17:57",
            "open": "2.374",
            "high": "2.374",
            "low": "2.374",
            "close": "2.373"
        },
        {
            "time": "15.12.2020 17:58",
            "open": "2.373",
            "high": "2.373",
            "low": "2.373",
            "close": "2.372"
        },
        {
            "time": "15.12.2020 18:00",
            "open": "2.372",
            "high": "2.372",
            "low": "2.372",
            "close": "2.375"
        },
        {
            "time": "15.12.2020 18:02",
            "open": "2.375",
            "high": "2.375",
            "low": "2.375",
            "close": "2.375"
        },
        {
            "time": "15.12.2020 18:03",
            "open": "2.375",
            "high": "2.375",
            "low": "2.375",
            "close": "2.376"
        },
        {
            "time": "15.12.2020 18:04",
            "open": "2.376",
            "high": "2.376",
            "low": "2.376",
            "close": "2.377"
        },
        {
            "time": "15.12.2020 18:05",
            "open": "2.377",
            "high": "2.377",
            "low": "2.377",
            "close": "2.374"
        },
        {
            "time": "15.12.2020 18:07",
            "open": "2.374",
            "high": "2.375",
            "low": "2.374",
            "close": "2.375"
        },
        {
            "time": "15.12.2020 18:11",
            "open": "2.375",
            "high": "2.375",
            "low": "2.375",
            "close": "2.377"
        },
        {
            "time": "15.12.2020 18:16",
            "open": "2.377",
            "high": "2.377",
            "low": "2.377",
            "close": "2.376"
        },
        {
            "time": "15.12.2020 18:20",
            "open": "2.376",
            "high": "2.376",
            "low": "2.376",
            "close": "2.375"
        },
        {
            "time": "15.12.2020 18:21",
            "open": "2.375",
            "high": "2.375",
            "low": "2.375",
            "close": "2.375"
        },
        {
            "time": "15.12.2020 18:22",
            "open": "2.375",
            "high": "2.375",
            "low": "2.374",
            "close": "2.377"
        },
        {
            "time": "15.12.2020 18:23",
            "open": "2.377",
            "high": "2.377",
            "low": "2.377",
            "close": "2.377"
        },
        {
            "time": "15.12.2020 18:24",
            "open": "2.377",
            "high": "2.377",
            "low": "2.377",
            "close": "2.378"
        },
        {
            "time": "15.12.2020 18:25",
            "open": "2.378",
            "high": "2.378",
            "low": "2.378",
            "close": "2.372"
        },
        {
            "time": "15.12.2020 18:27",
            "open": "2.372",
            "high": "2.372",
            "low": "2.372",
            "close": "2.369"
        },
        {
            "time": "15.12.2020 18:28",
            "open": "2.369",
            "high": "2.369",
            "low": "2.369",
            "close": "2.374"
        },
        {
            "time": "15.12.2020 18:30",
            "open": "2.374",
            "high": "2.375",
            "low": "2.374",
            "close": "2.375"
        },
        {
            "time": "15.12.2020 18:33",
            "open": "2.375",
            "high": "2.375",
            "low": "2.374",
            "close": "2.377"
        },
        {
            "time": "15.12.2020 18:35",
            "open": "2.377",
            "high": "2.377",
            "low": "2.377",
            "close": "2.374"
        },
        {
            "time": "15.12.2020 18:36",
            "open": "2.374",
            "high": "2.378",
            "low": "2.374",
            "close": "2.378"
        },
        {
            "time": "15.12.2020 18:37",
            "open": "2.378",
            "high": "2.378",
            "low": "2.378",
            "close": "2.378"
        },
        {
            "time": "15.12.2020 18:38",
            "open": "2.378",
            "high": "2.378",
            "low": "2.378",
            "close": "2.374"
        },
        {
            "time": "15.12.2020 18:39",
            "open": "2.374",
            "high": "2.374",
            "low": "2.374",
            "close": "2.377"
        },
        {
            "time": "15.12.2020 18:42",
            "open": "2.377",
            "high": "2.377",
            "low": "2.377",
            "close": "2.375"
        },
        {
            "time": "15.12.2020 18:44",
            "open": "2.375",
            "high": "2.375",
            "low": "2.375",
            "close": "2.376"
        },
        {
            "time": "15.12.2020 18:48",
            "open": "2.376",
            "high": "2.377",
            "low": "2.376",
            "close": "2.377"
        },
        {
            "time": "15.12.2020 18:49",
            "open": "2.377",
            "high": "2.378",
            "low": "2.377",
            "close": "2.374"
        },
        {
            "time": "15.12.2020 18:52",
            "open": "2.374",
            "high": "2.374",
            "low": "2.374",
            "close": "2.369"
        },
        {
            "time": "15.12.2020 18:57",
            "open": "2.369",
            "high": "2.369",
            "low": "2.369",
            "close": "2.371"
        },
        {
            "time": "15.12.2020 19:00",
            "open": "2.371",
            "high": "2.372",
            "low": "2.371",
            "close": "2.367"
        },
        {
            "time": "15.12.2020 19:01",
            "open": "2.367",
            "high": "2.373",
            "low": "2.367",
            "close": "2.371"
        },
        {
            "time": "15.12.2020 19:02",
            "open": "2.371",
            "high": "2.371",
            "low": "2.371",
            "close": "2.371"
        },
        {
            "time": "15.12.2020 19:03",
            "open": "2.371",
            "high": "2.371",
            "low": "2.367",
            "close": "2.368"
        },
        {
            "time": "15.12.2020 19:04",
            "open": "2.368",
            "high": "2.368",
            "low": "2.368",
            "close": "2.371"
        },
        {
            "time": "15.12.2020 19:05",
            "open": "2.371",
            "high": "2.371",
            "low": "2.371",
            "close": "2.37"
        },
        {
            "time": "15.12.2020 19:10",
            "open": "2.37",
            "high": "2.37",
            "low": "2.37",
            "close": "2.367"
        },
        {
            "time": "15.12.2020 19:12",
            "open": "2.367",
            "high": "2.37",
            "low": "2.367",
            "close": "2.37"
        },
        {
            "time": "15.12.2020 19:14",
            "open": "2.37",
            "high": "2.37",
            "low": "2.37",
            "close": "2.369"
        },
        {
            "time": "15.12.2020 19:16",
            "open": "2.369",
            "high": "2.369",
            "low": "2.369",
            "close": "2.37"
        },
        {
            "time": "15.12.2020 19:19",
            "open": "2.37",
            "high": "2.371",
            "low": "2.37",
            "close": "2.37"
        },
        {
            "time": "15.12.2020 19:20",
            "open": "2.37",
            "high": "2.37",
            "low": "2.37",
            "close": "2.368"
        },
        {
            "time": "15.12.2020 19:22",
            "open": "2.368",
            "high": "2.368",
            "low": "2.368",
            "close": "2.371"
        },
        {
            "time": "15.12.2020 19:23",
            "open": "2.371",
            "high": "2.371",
            "low": "2.371",
            "close": "2.37"
        },
        {
            "time": "15.12.2020 19:24",
            "open": "2.37",
            "high": "2.37",
            "low": "2.37",
            "close": "2.371"
        },
        {
            "time": "15.12.2020 19:26",
            "open": "2.371",
            "high": "2.372",
            "low": "2.371",
            "close": "2.372"
        },
        {
            "time": "15.12.2020 19:28",
            "open": "2.372",
            "high": "2.374",
            "low": "2.372",
            "close": "2.377"
        },
        {
            "time": "15.12.2020 19:32",
            "open": "2.377",
            "high": "2.377",
            "low": "2.377",
            "close": "2.372"
        },
        {
            "time": "15.12.2020 19:34",
            "open": "2.372",
            "high": "2.372",
            "low": "2.372",
            "close": "2.373"
        },
        {
            "time": "15.12.2020 19:36",
            "open": "2.373",
            "high": "2.373",
            "low": "2.373",
            "close": "2.38"
        },
        {
            "time": "15.12.2020 19:38",
            "open": "2.38",
            "high": "2.381",
            "low": "2.38",
            "close": "2.378"
        },
        {
            "time": "15.12.2020 19:39",
            "open": "2.378",
            "high": "2.379",
            "low": "2.378",
            "close": "2.377"
        },
        {
            "time": "15.12.2020 19:41",
            "open": "2.377",
            "high": "2.377",
            "low": "2.377",
            "close": "2.374"
        },
        {
            "time": "15.12.2020 19:45",
            "open": "2.374",
            "high": "2.374",
            "low": "2.374",
            "close": "2.375"
        },
        {
            "time": "15.12.2020 19:49",
            "open": "2.375",
            "high": "2.375",
            "low": "2.375",
            "close": "2.379"
        },
        {
            "time": "15.12.2020 19:55",
            "open": "2.379",
            "high": "2.379",
            "low": "2.379",
            "close": "2.378"
        },
        {
            "time": "15.12.2020 19:56",
            "open": "2.378",
            "high": "2.378",
            "low": "2.378",
            "close": "2.378"
        },
        {
            "time": "15.12.2020 19:58",
            "open": "2.378",
            "high": "2.378",
            "low": "2.378",
            "close": "2.38"
        },
        {
            "time": "15.12.2020 20:11",
            "open": "2.38",
            "high": "2.381",
            "low": "2.38",
            "close": "2.381"
        },
        {
            "time": "15.12.2020 20:12",
            "open": "2.381",
            "high": "2.381",
            "low": "2.381",
            "close": "2.381"
        },
        {
            "time": "15.12.2020 20:13",
            "open": "2.381",
            "high": "2.381",
            "low": "2.381",
            "close": "2.379"
        },
        {
            "time": "15.12.2020 20:14",
            "open": "2.379",
            "high": "2.379",
            "low": "2.379",
            "close": "2.378"
        },
        {
            "time": "15.12.2020 20:17",
            "open": "2.378",
            "high": "2.381",
            "low": "2.378",
            "close": "2.377"
        },
        {
            "time": "15.12.2020 20:19",
            "open": "2.377",
            "high": "2.377",
            "low": "2.377",
            "close": "2.381"
        },
        {
            "time": "15.12.2020 20:22",
            "open": "2.381",
            "high": "2.381",
            "low": "2.379",
            "close": "2.377"
        },
        {
            "time": "15.12.2020 20:25",
            "open": "2.377",
            "high": "2.377",
            "low": "2.376",
            "close": "2.376"
        },
        {
            "time": "15.12.2020 20:29",
            "open": "2.376",
            "high": "2.376",
            "low": "2.376",
            "close": "2.376"
        },
        {
            "time": "15.12.2020 20:31",
            "open": "2.376",
            "high": "2.376",
            "low": "2.376",
            "close": "2.376"
        },
        {
            "time": "15.12.2020 20:32",
            "open": "2.376",
            "high": "2.376",
            "low": "2.376",
            "close": "2.378"
        },
        {
            "time": "15.12.2020 20:33",
            "open": "2.378",
            "high": "2.378",
            "low": "2.378",
            "close": "2.377"
        },
        {
            "time": "15.12.2020 20:37",
            "open": "2.377",
            "high": "2.378",
            "low": "2.374",
            "close": "2.378"
        },
        {
            "time": "15.12.2020 20:38",
            "open": "2.378",
            "high": "2.378",
            "low": "2.377",
            "close": "2.38"
        },
        {
            "time": "15.12.2020 20:40",
            "open": "2.38",
            "high": "2.381",
            "low": "2.38",
            "close": "2.376"
        },
        {
            "time": "15.12.2020 20:41",
            "open": "2.376",
            "high": "2.376",
            "low": "2.376",
            "close": "2.377"
        },
        {
            "time": "15.12.2020 20:43",
            "open": "2.377",
            "high": "2.377",
            "low": "2.377",
            "close": "2.377"
        },
        {
            "time": "15.12.2020 20:48",
            "open": "2.377",
            "high": "2.377",
            "low": "2.377",
            "close": "2.374"
        },
        {
            "time": "15.12.2020 20:55",
            "open": "2.374",
            "high": "2.374",
            "low": "2.374",
            "close": "2.372"
        },
        {
            "time": "15.12.2020 20:57",
            "open": "2.372",
            "high": "2.372",
            "low": "2.372",
            "close": "2.374"
        },
        {
            "time": "15.12.2020 20:59",
            "open": "2.374",
            "high": "2.374",
            "low": "2.374",
            "close": "2.372"
        },
        {
            "time": "15.12.2020 21:03",
            "open": "2.372",
            "high": "2.372",
            "low": "2.372",
            "close": "2.374"
        },
        {
            "time": "15.12.2020 21:04",
            "open": "2.374",
            "high": "2.374",
            "low": "2.374",
            "close": "2.37"
        },
        {
            "time": "15.12.2020 21:05",
            "open": "2.37",
            "high": "2.372",
            "low": "2.37",
            "close": "2.372"
        },
        {
            "time": "15.12.2020 21:08",
            "open": "2.372",
            "high": "2.372",
            "low": "2.372",
            "close": "2.372"
        },
        {
            "time": "15.12.2020 21:09",
            "open": "2.372",
            "high": "2.372",
            "low": "2.372",
            "close": "2.37"
        },
        {
            "time": "15.12.2020 21:12",
            "open": "2.37",
            "high": "2.37",
            "low": "2.37",
            "close": "2.373"
        },
        {
            "time": "15.12.2020 21:13",
            "open": "2.373",
            "high": "2.373",
            "low": "2.373",
            "close": "2.375"
        },
        {
            "time": "15.12.2020 21:14",
            "open": "2.375",
            "high": "2.375",
            "low": "2.375",
            "close": "2.375"
        },
        {
            "time": "15.12.2020 21:16",
            "open": "2.375",
            "high": "2.376",
            "low": "2.373",
            "close": "2.375"
        },
        {
            "time": "15.12.2020 21:17",
            "open": "2.375",
            "high": "2.377",
            "low": "2.374",
            "close": "2.376"
        },
        {
            "time": "15.12.2020 21:18",
            "open": "2.376",
            "high": "2.377",
            "low": "2.376",
            "close": "2.374"
        },
        {
            "time": "15.12.2020 21:19",
            "open": "2.374",
            "high": "2.374",
            "low": "2.373",
            "close": "2.376"
        },
        {
            "time": "15.12.2020 21:21",
            "open": "2.376",
            "high": "2.376",
            "low": "2.375",
            "close": "2.372"
        },
        {
            "time": "15.12.2020 21:22",
            "open": "2.372",
            "high": "2.373",
            "low": "2.371",
            "close": "2.372"
        },
        {
            "time": "15.12.2020 21:23",
            "open": "2.372",
            "high": "2.372",
            "low": "2.369",
            "close": "2.373"
        },
        {
            "time": "15.12.2020 21:24",
            "open": "2.373",
            "high": "2.373",
            "low": "2.373",
            "close": "2.375"
        },
        {
            "time": "15.12.2020 21:29",
            "open": "2.375",
            "high": "2.375",
            "low": "2.375",
            "close": "2.375"
        },
        {
            "time": "15.12.2020 21:32",
            "open": "2.375",
            "high": "2.375",
            "low": "2.375",
            "close": "2.376"
        },
        {
            "time": "15.12.2020 21:37",
            "open": "2.376",
            "high": "2.376",
            "low": "2.376",
            "close": "2.373"
        },
        {
            "time": "15.12.2020 21:40",
            "open": "2.373",
            "high": "2.373",
            "low": "2.373",
            "close": "2.377"
        },
        {
            "time": "15.12.2020 21:48",
            "open": "2.377",
            "high": "2.377",
            "low": "2.377",
            "close": "2.373"
        },
        {
            "time": "15.12.2020 21:50",
            "open": "2.373",
            "high": "2.373",
            "low": "2.373",
            "close": "2.373"
        },
        {
            "time": "15.12.2020 21:52",
            "open": "2.373",
            "high": "2.374",
            "low": "2.373",
            "close": "2.372"
        },
        {
            "time": "15.12.2020 21:53",
            "open": "2.372",
            "high": "2.372",
            "low": "2.371",
            "close": "2.372"
        },
        {
            "time": "15.12.2020 21:55",
            "open": "2.372",
            "high": "2.372",
            "low": "2.369",
            "close": "2.371"
        },
        {
            "time": "15.12.2020 22:00",
            "open": "2.371",
            "high": "2.371",
            "low": "2.371",
            "close": "2.372"
        },
        {
            "time": "15.12.2020 22:08",
            "open": "2.372",
            "high": "2.372",
            "low": "2.372",
            "close": "2.37"
        },
        {
            "time": "15.12.2020 22:11",
            "open": "2.37",
            "high": "2.37",
            "low": "2.37",
            "close": "2.368"
        },
        {
            "time": "15.12.2020 22:12",
            "open": "2.368",
            "high": "2.368",
            "low": "2.368",
            "close": "2.368"
        },
        {
            "time": "15.12.2020 22:15",
            "open": "2.368",
            "high": "2.368",
            "low": "2.365",
            "close": "2.362"
        },
        {
            "time": "15.12.2020 22:16",
            "open": "2.362",
            "high": "2.362",
            "low": "2.361",
            "close": "2.36"
        },
        {
            "time": "15.12.2020 22:17",
            "open": "2.36",
            "high": "2.36",
            "low": "2.351",
            "close": "2.353"
        },
        {
            "time": "15.12.2020 22:18",
            "open": "2.353",
            "high": "2.353",
            "low": "2.35",
            "close": "2.353"
        },
        {
            "time": "15.12.2020 22:25",
            "open": "2.353",
            "high": "2.353",
            "low": "2.353",
            "close": "2.349"
        },
        {
            "time": "15.12.2020 22:28",
            "open": "2.349",
            "high": "2.349",
            "low": "2.349",
            "close": "2.351"
        },
        {
            "time": "15.12.2020 22:30",
            "open": "2.351",
            "high": "2.351",
            "low": "2.351",
            "close": "2.354"
        },
        {
            "time": "15.12.2020 22:34",
            "open": "2.354",
            "high": "2.354",
            "low": "2.354",
            "close": "2.356"
        },
        {
            "time": "15.12.2020 22:35",
            "open": "2.356",
            "high": "2.356",
            "low": "2.356",
            "close": "2.356"
        },
        {
            "time": "15.12.2020 22:39",
            "open": "2.356",
            "high": "2.356",
            "low": "2.356",
            "close": "2.351"
        },
        {
            "time": "15.12.2020 22:41",
            "open": "2.351",
            "high": "2.351",
            "low": "2.351",
            "close": "2.357"
        },
        {
            "time": "15.12.2020 22:46",
            "open": "2.357",
            "high": "2.357",
            "low": "2.357",
            "close": "2.356"
        },
        {
            "time": "15.12.2020 22:49",
            "open": "2.356",
            "high": "2.356",
            "low": "2.356",
            "close": "2.359"
        },
        {
            "time": "15.12.2020 23:00",
            "open": "2.359",
            "high": "2.359",
            "low": "2.359",
            "close": "2.357"
        },
        {
            "time": "15.12.2020 23:03",
            "open": "2.357",
            "high": "2.357",
            "low": "2.357",
            "close": "2.357"
        },
        {
            "time": "15.12.2020 23:07",
            "open": "2.357",
            "high": "2.357",
            "low": "2.357",
            "close": "2.361"
        },
        {
            "time": "15.12.2020 23:17",
            "open": "2.361",
            "high": "2.361",
            "low": "2.361",
            "close": "2.362"
        },
        {
            "time": "15.12.2020 23:20",
            "open": "2.362",
            "high": "2.362",
            "low": "2.362",
            "close": "2.358"
        },
        {
            "time": "15.12.2020 23:21",
            "open": "2.358",
            "high": "2.358",
            "low": "2.358",
            "close": "2.361"
        },
        {
            "time": "15.12.2020 23:22",
            "open": "2.361",
            "high": "2.361",
            "low": "2.361",
            "close": "2.359"
        },
        {
            "time": "15.12.2020 23:28",
            "open": "2.359",
            "high": "2.363",
            "low": "2.359",
            "close": "2.361"
        },
        {
            "time": "15.12.2020 23:30",
            "open": "2.361",
            "high": "2.361",
            "low": "2.361",
            "close": "2.361"
        },
        {
            "time": "15.12.2020 23:31",
            "open": "2.361",
            "high": "2.361",
            "low": "2.361",
            "close": "2.36"
        },
        {
            "time": "15.12.2020 23:33",
            "open": "2.36",
            "high": "2.36",
            "low": "2.36",
            "close": "2.363"
        },
        {
            "time": "15.12.2020 23:37",
            "open": "2.363",
            "high": "2.363",
            "low": "2.363",
            "close": "2.36"
        },
        {
            "time": "15.12.2020 23:38",
            "open": "2.36",
            "high": "2.36",
            "low": "2.36",
            "close": "2.36"
        }
    ]
}