{
    "EOS-EUR": [
        {
            "time": "05.12.2020 23:58",
            "open": "2.458",
            "high": "2.458",
            "low": "2.458",
            "close": "2.466"
        },
        {
            "time": "06.12.2020 00:01",
            "open": "2.466",
            "high": "2.466",
            "low": "2.465",
            "close": "2.457"
        },
        {
            "time": "06.12.2020 00:02",
            "open": "2.457",
            "high": "2.458",
            "low": "2.457",
            "close": "2.464"
        },
        {
            "time": "06.12.2020 00:03",
            "open": "2.464",
            "high": "2.464",
            "low": "2.464",
            "close": "2.466"
        },
        {
            "time": "06.12.2020 00:05",
            "open": "2.466",
            "high": "2.466",
            "low": "2.466",
            "close": "2.47"
        },
        {
            "time": "06.12.2020 00:08",
            "open": "2.47",
            "high": "2.47",
            "low": "2.47",
            "close": "2.469"
        },
        {
            "time": "06.12.2020 00:09",
            "open": "2.469",
            "high": "2.47",
            "low": "2.469",
            "close": "2.47"
        },
        {
            "time": "06.12.2020 00:19",
            "open": "2.47",
            "high": "2.47",
            "low": "2.47",
            "close": "2.467"
        },
        {
            "time": "06.12.2020 00:23",
            "open": "2.467",
            "high": "2.468",
            "low": "2.467",
            "close": "2.47"
        },
        {
            "time": "06.12.2020 00:26",
            "open": "2.47",
            "high": "2.47",
            "low": "2.47",
            "close": "2.47"
        },
        {
            "time": "06.12.2020 00:28",
            "open": "2.47",
            "high": "2.47",
            "low": "2.47",
            "close": "2.47"
        },
        {
            "time": "06.12.2020 00:38",
            "open": "2.47",
            "high": "2.47",
            "low": "2.47",
            "close": "2.47"
        },
        {
            "time": "06.12.2020 00:41",
            "open": "2.47",
            "high": "2.47",
            "low": "2.47",
            "close": "2.473"
        },
        {
            "time": "06.12.2020 00:42",
            "open": "2.473",
            "high": "2.474",
            "low": "2.473",
            "close": "2.476"
        },
        {
            "time": "06.12.2020 00:43",
            "open": "2.476",
            "high": "2.478",
            "low": "2.476",
            "close": "2.479"
        },
        {
            "time": "06.12.2020 00:44",
            "open": "2.479",
            "high": "2.479",
            "low": "2.478",
            "close": "2.478"
        },
        {
            "time": "06.12.2020 00:45",
            "open": "2.478",
            "high": "2.478",
            "low": "2.478",
            "close": "2.478"
        },
        {
            "time": "06.12.2020 00:47",
            "open": "2.478",
            "high": "2.478",
            "low": "2.478",
            "close": "2.48"
        },
        {
            "time": "06.12.2020 00:52",
            "open": "2.48",
            "high": "2.48",
            "low": "2.48",
            "close": "2.486"
        },
        {
            "time": "06.12.2020 00:53",
            "open": "2.486",
            "high": "2.486",
            "low": "2.486",
            "close": "2.488"
        },
        {
            "time": "06.12.2020 00:57",
            "open": "2.488",
            "high": "2.488",
            "low": "2.488",
            "close": "2.485"
        },
        {
            "time": "06.12.2020 01:01",
            "open": "2.485",
            "high": "2.49",
            "low": "2.485",
            "close": "2.492"
        },
        {
            "time": "06.12.2020 01:02",
            "open": "2.492",
            "high": "2.492",
            "low": "2.492",
            "close": "2.494"
        },
        {
            "time": "06.12.2020 01:03",
            "open": "2.494",
            "high": "2.496",
            "low": "2.494",
            "close": "2.496"
        },
        {
            "time": "06.12.2020 01:04",
            "open": "2.496",
            "high": "2.496",
            "low": "2.496",
            "close": "2.497"
        },
        {
            "time": "06.12.2020 01:05",
            "open": "2.497",
            "high": "2.497",
            "low": "2.497",
            "close": "2.489"
        },
        {
            "time": "06.12.2020 01:10",
            "open": "2.489",
            "high": "2.489",
            "low": "2.488",
            "close": "2.489"
        },
        {
            "time": "06.12.2020 01:11",
            "open": "2.489",
            "high": "2.489",
            "low": "2.482",
            "close": "2.484"
        },
        {
            "time": "06.12.2020 01:16",
            "open": "2.484",
            "high": "2.484",
            "low": "2.484",
            "close": "2.484"
        },
        {
            "time": "06.12.2020 01:17",
            "open": "2.484",
            "high": "2.484",
            "low": "2.484",
            "close": "2.485"
        },
        {
            "time": "06.12.2020 01:18",
            "open": "2.485",
            "high": "2.485",
            "low": "2.485",
            "close": "2.485"
        },
        {
            "time": "06.12.2020 01:19",
            "open": "2.485",
            "high": "2.485",
            "low": "2.485",
            "close": "2.49"
        },
        {
            "time": "06.12.2020 01:27",
            "open": "2.49",
            "high": "2.49",
            "low": "2.49",
            "close": "2.497"
        },
        {
            "time": "06.12.2020 01:38",
            "open": "2.497",
            "high": "2.5",
            "low": "2.497",
            "close": "2.5"
        },
        {
            "time": "06.12.2020 01:42",
            "open": "2.5",
            "high": "2.5",
            "low": "2.5",
            "close": "2.494"
        },
        {
            "time": "06.12.2020 01:47",
            "open": "2.494",
            "high": "2.494",
            "low": "2.494",
            "close": "2.491"
        },
        {
            "time": "06.12.2020 01:49",
            "open": "2.491",
            "high": "2.491",
            "low": "2.491",
            "close": "2.502"
        },
        {
            "time": "06.12.2020 01:55",
            "open": "2.502",
            "high": "2.502",
            "low": "2.499",
            "close": "2.504"
        },
        {
            "time": "06.12.2020 01:59",
            "open": "2.504",
            "high": "2.504",
            "low": "2.503",
            "close": "2.502"
        },
        {
            "time": "06.12.2020 02:00",
            "open": "2.502",
            "high": "2.502",
            "low": "2.502",
            "close": "2.498"
        },
        {
            "time": "06.12.2020 02:01",
            "open": "2.498",
            "high": "2.498",
            "low": "2.498",
            "close": "2.493"
        },
        {
            "time": "06.12.2020 02:11",
            "open": "2.493",
            "high": "2.493",
            "low": "2.492",
            "close": "2.488"
        },
        {
            "time": "06.12.2020 02:14",
            "open": "2.488",
            "high": "2.488",
            "low": "2.488",
            "close": "2.497"
        },
        {
            "time": "06.12.2020 02:21",
            "open": "2.497",
            "high": "2.497",
            "low": "2.497",
            "close": "2.493"
        },
        {
            "time": "06.12.2020 02:25",
            "open": "2.493",
            "high": "2.493",
            "low": "2.493",
            "close": "2.486"
        },
        {
            "time": "06.12.2020 02:37",
            "open": "2.486",
            "high": "2.486",
            "low": "2.486",
            "close": "2.487"
        },
        {
            "time": "06.12.2020 02:42",
            "open": "2.487",
            "high": "2.487",
            "low": "2.487",
            "close": "2.485"
        },
        {
            "time": "06.12.2020 02:43",
            "open": "2.485",
            "high": "2.485",
            "low": "2.485",
            "close": "2.484"
        },
        {
            "time": "06.12.2020 02:45",
            "open": "2.484",
            "high": "2.484",
            "low": "2.484",
            "close": "2.482"
        },
        {
            "time": "06.12.2020 02:47",
            "open": "2.482",
            "high": "2.482",
            "low": "2.482",
            "close": "2.484"
        },
        {
            "time": "06.12.2020 02:50",
            "open": "2.484",
            "high": "2.484",
            "low": "2.484",
            "close": "2.484"
        },
        {
            "time": "06.12.2020 02:52",
            "open": "2.484",
            "high": "2.484",
            "low": "2.484",
            "close": "2.483"
        },
        {
            "time": "06.12.2020 02:53",
            "open": "2.483",
            "high": "2.484",
            "low": "2.483",
            "close": "2.481"
        },
        {
            "time": "06.12.2020 02:56",
            "open": "2.481",
            "high": "2.481",
            "low": "2.481",
            "close": "2.482"
        },
        {
            "time": "06.12.2020 02:57",
            "open": "2.482",
            "high": "2.482",
            "low": "2.482",
            "close": "2.482"
        },
        {
            "time": "06.12.2020 02:59",
            "open": "2.482",
            "high": "2.482",
            "low": "2.482",
            "close": "2.482"
        },
        {
            "time": "06.12.2020 03:03",
            "open": "2.482",
            "high": "2.482",
            "low": "2.482",
            "close": "2.481"
        },
        {
            "time": "06.12.2020 03:04",
            "open": "2.481",
            "high": "2.482",
            "low": "2.481",
            "close": "2.481"
        },
        {
            "time": "06.12.2020 03:05",
            "open": "2.481",
            "high": "2.481",
            "low": "2.481",
            "close": "2.479"
        },
        {
            "time": "06.12.2020 03:06",
            "open": "2.479",
            "high": "2.479",
            "low": "2.477",
            "close": "2.477"
        },
        {
            "time": "06.12.2020 03:07",
            "open": "2.477",
            "high": "2.477",
            "low": "2.477",
            "close": "2.476"
        },
        {
            "time": "06.12.2020 03:11",
            "open": "2.476",
            "high": "2.476",
            "low": "2.476",
            "close": "2.475"
        },
        {
            "time": "06.12.2020 03:12",
            "open": "2.475",
            "high": "2.475",
            "low": "2.475",
            "close": "2.477"
        },
        {
            "time": "06.12.2020 03:15",
            "open": "2.477",
            "high": "2.477",
            "low": "2.476",
            "close": "2.475"
        },
        {
            "time": "06.12.2020 03:28",
            "open": "2.475",
            "high": "2.475",
            "low": "2.475",
            "close": "2.478"
        },
        {
            "time": "06.12.2020 03:31",
            "open": "2.478",
            "high": "2.478",
            "low": "2.478",
            "close": "2.476"
        },
        {
            "time": "06.12.2020 03:35",
            "open": "2.476",
            "high": "2.476",
            "low": "2.475",
            "close": "2.473"
        },
        {
            "time": "06.12.2020 03:36",
            "open": "2.473",
            "high": "2.473",
            "low": "2.473",
            "close": "2.471"
        },
        {
            "time": "06.12.2020 03:37",
            "open": "2.471",
            "high": "2.471",
            "low": "2.471",
            "close": "2.47"
        },
        {
            "time": "06.12.2020 03:41",
            "open": "2.47",
            "high": "2.47",
            "low": "2.47",
            "close": "2.475"
        },
        {
            "time": "06.12.2020 03:45",
            "open": "2.475",
            "high": "2.475",
            "low": "2.475",
            "close": "2.475"
        },
        {
            "time": "06.12.2020 03:48",
            "open": "2.475",
            "high": "2.475",
            "low": "2.475",
            "close": "2.471"
        },
        {
            "time": "06.12.2020 04:06",
            "open": "2.471",
            "high": "2.471",
            "low": "2.471",
            "close": "2.47"
        },
        {
            "time": "06.12.2020 05:06",
            "open": "2.47",
            "high": "2.47",
            "low": "2.47",
            "close": "2.47"
        },
        {
            "time": "06.12.2020 05:57",
            "open": "2.47",
            "high": "2.47",
            "low": "2.47",
            "close": "2.468"
        },
        {
            "time": "06.12.2020 05:59",
            "open": "2.468",
            "high": "2.468",
            "low": "2.468",
            "close": "2.463"
        },
        {
            "time": "06.12.2020 06:08",
            "open": "2.463",
            "high": "2.463",
            "low": "2.463",
            "close": "2.45"
        },
        {
            "time": "06.12.2020 06:26",
            "open": "2.45",
            "high": "2.45",
            "low": "2.45",
            "close": "2.448"
        },
        {
            "time": "06.12.2020 06:28",
            "open": "2.448",
            "high": "2.448",
            "low": "2.448",
            "close": "2.449"
        },
        {
            "time": "06.12.2020 06:30",
            "open": "2.449",
            "high": "2.449",
            "low": "2.449",
            "close": "2.46"
        },
        {
            "time": "06.12.2020 06:59",
            "open": "2.46",
            "high": "2.46",
            "low": "2.46",
            "close": "2.459"
        },
        {
            "time": "06.12.2020 07:05",
            "open": "2.459",
            "high": "2.459",
            "low": "2.459",
            "close": "2.455"
        },
        {
            "time": "06.12.2020 07:06",
            "open": "2.455",
            "high": "2.455",
            "low": "2.455",
            "close": "2.457"
        },
        {
            "time": "06.12.2020 07:08",
            "open": "2.457",
            "high": "2.457",
            "low": "2.454",
            "close": "2.453"
        },
        {
            "time": "06.12.2020 07:09",
            "open": "2.453",
            "high": "2.453",
            "low": "2.453",
            "close": "2.452"
        },
        {
            "time": "06.12.2020 07:12",
            "open": "2.452",
            "high": "2.452",
            "low": "2.452",
            "close": "2.458"
        },
        {
            "time": "06.12.2020 07:20",
            "open": "2.458",
            "high": "2.458",
            "low": "2.458",
            "close": "2.462"
        },
        {
            "time": "06.12.2020 07:21",
            "open": "2.462",
            "high": "2.462",
            "low": "2.462",
            "close": "2.461"
        },
        {
            "time": "06.12.2020 07:22",
            "open": "2.461",
            "high": "2.462",
            "low": "2.461",
            "close": "2.461"
        },
        {
            "time": "06.12.2020 07:33",
            "open": "2.461",
            "high": "2.461",
            "low": "2.461",
            "close": "2.461"
        },
        {
            "time": "06.12.2020 07:34",
            "open": "2.461",
            "high": "2.461",
            "low": "2.461",
            "close": "2.462"
        },
        {
            "time": "06.12.2020 07:35",
            "open": "2.462",
            "high": "2.462",
            "low": "2.462",
            "close": "2.462"
        },
        {
            "time": "06.12.2020 07:36",
            "open": "2.462",
            "high": "2.462",
            "low": "2.462",
            "close": "2.463"
        },
        {
            "time": "06.12.2020 07:45",
            "open": "2.463",
            "high": "2.463",
            "low": "2.463",
            "close": "2.463"
        },
        {
            "time": "06.12.2020 07:46",
            "open": "2.463",
            "high": "2.463",
            "low": "2.463",
            "close": "2.461"
        },
        {
            "time": "06.12.2020 07:54",
            "open": "2.461",
            "high": "2.461",
            "low": "2.461",
            "close": "2.461"
        },
        {
            "time": "06.12.2020 07:56",
            "open": "2.461",
            "high": "2.461",
            "low": "2.461",
            "close": "2.46"
        },
        {
            "time": "06.12.2020 08:01",
            "open": "2.46",
            "high": "2.463",
            "low": "2.46",
            "close": "2.459"
        },
        {
            "time": "06.12.2020 08:02",
            "open": "2.459",
            "high": "2.462",
            "low": "2.459",
            "close": "2.461"
        },
        {
            "time": "06.12.2020 08:06",
            "open": "2.461",
            "high": "2.461",
            "low": "2.461",
            "close": "2.46"
        },
        {
            "time": "06.12.2020 08:10",
            "open": "2.46",
            "high": "2.46",
            "low": "2.46",
            "close": "2.463"
        },
        {
            "time": "06.12.2020 08:23",
            "open": "2.463",
            "high": "2.463",
            "low": "2.463",
            "close": "2.468"
        },
        {
            "time": "06.12.2020 08:27",
            "open": "2.468",
            "high": "2.468",
            "low": "2.468",
            "close": "2.468"
        },
        {
            "time": "06.12.2020 08:30",
            "open": "2.468",
            "high": "2.468",
            "low": "2.468",
            "close": "2.47"
        },
        {
            "time": "06.12.2020 08:31",
            "open": "2.47",
            "high": "2.471",
            "low": "2.47",
            "close": "2.469"
        },
        {
            "time": "06.12.2020 08:41",
            "open": "2.469",
            "high": "2.469",
            "low": "2.469",
            "close": "2.47"
        },
        {
            "time": "06.12.2020 08:48",
            "open": "2.47",
            "high": "2.47",
            "low": "2.47",
            "close": "2.465"
        },
        {
            "time": "06.12.2020 08:52",
            "open": "2.465",
            "high": "2.465",
            "low": "2.465",
            "close": "2.47"
        },
        {
            "time": "06.12.2020 08:58",
            "open": "2.47",
            "high": "2.471",
            "low": "2.47",
            "close": "2.472"
        },
        {
            "time": "06.12.2020 09:03",
            "open": "2.472",
            "high": "2.472",
            "low": "2.472",
            "close": "2.469"
        },
        {
            "time": "06.12.2020 09:04",
            "open": "2.469",
            "high": "2.469",
            "low": "2.469",
            "close": "2.467"
        },
        {
            "time": "06.12.2020 09:09",
            "open": "2.467",
            "high": "2.467",
            "low": "2.467",
            "close": "2.465"
        },
        {
            "time": "06.12.2020 09:24",
            "open": "2.465",
            "high": "2.465",
            "low": "2.465",
            "close": "2.458"
        },
        {
            "time": "06.12.2020 09:26",
            "open": "2.458",
            "high": "2.458",
            "low": "2.458",
            "close": "2.46"
        },
        {
            "time": "06.12.2020 09:30",
            "open": "2.46",
            "high": "2.46",
            "low": "2.46",
            "close": "2.458"
        },
        {
            "time": "06.12.2020 09:32",
            "open": "2.458",
            "high": "2.458",
            "low": "2.458",
            "close": "2.454"
        },
        {
            "time": "06.12.2020 09:33",
            "open": "2.454",
            "high": "2.455",
            "low": "2.454",
            "close": "2.45"
        },
        {
            "time": "06.12.2020 09:34",
            "open": "2.45",
            "high": "2.45",
            "low": "2.45",
            "close": "2.451"
        },
        {
            "time": "06.12.2020 09:35",
            "open": "2.451",
            "high": "2.451",
            "low": "2.451",
            "close": "2.449"
        },
        {
            "time": "06.12.2020 09:37",
            "open": "2.449",
            "high": "2.449",
            "low": "2.449",
            "close": "2.442"
        },
        {
            "time": "06.12.2020 09:39",
            "open": "2.442",
            "high": "2.442",
            "low": "2.442",
            "close": "2.442"
        },
        {
            "time": "06.12.2020 09:40",
            "open": "2.442",
            "high": "2.442",
            "low": "2.442",
            "close": "2.44"
        },
        {
            "time": "06.12.2020 09:41",
            "open": "2.44",
            "high": "2.441",
            "low": "2.44",
            "close": "2.441"
        },
        {
            "time": "06.12.2020 09:44",
            "open": "2.441",
            "high": "2.441",
            "low": "2.441",
            "close": "2.44"
        },
        {
            "time": "06.12.2020 09:45",
            "open": "2.44",
            "high": "2.44",
            "low": "2.44",
            "close": "2.446"
        },
        {
            "time": "06.12.2020 09:56",
            "open": "2.446",
            "high": "2.446",
            "low": "2.442",
            "close": "2.44"
        },
        {
            "time": "06.12.2020 09:58",
            "open": "2.44",
            "high": "2.44",
            "low": "2.44",
            "close": "2.434"
        },
        {
            "time": "06.12.2020 09:59",
            "open": "2.434",
            "high": "2.434",
            "low": "2.434",
            "close": "2.437"
        },
        {
            "time": "06.12.2020 10:05",
            "open": "2.437",
            "high": "2.437",
            "low": "2.437",
            "close": "2.445"
        },
        {
            "time": "06.12.2020 10:07",
            "open": "2.445",
            "high": "2.445",
            "low": "2.445",
            "close": "2.442"
        },
        {
            "time": "06.12.2020 10:08",
            "open": "2.442",
            "high": "2.442",
            "low": "2.442",
            "close": "2.442"
        },
        {
            "time": "06.12.2020 10:10",
            "open": "2.442",
            "high": "2.442",
            "low": "2.442",
            "close": "2.436"
        },
        {
            "time": "06.12.2020 10:12",
            "open": "2.436",
            "high": "2.436",
            "low": "2.436",
            "close": "2.435"
        },
        {
            "time": "06.12.2020 10:13",
            "open": "2.435",
            "high": "2.435",
            "low": "2.435",
            "close": "2.436"
        },
        {
            "time": "06.12.2020 10:15",
            "open": "2.436",
            "high": "2.436",
            "low": "2.436",
            "close": "2.439"
        },
        {
            "time": "06.12.2020 10:19",
            "open": "2.439",
            "high": "2.439",
            "low": "2.439",
            "close": "2.438"
        },
        {
            "time": "06.12.2020 10:20",
            "open": "2.438",
            "high": "2.438",
            "low": "2.438",
            "close": "2.44"
        },
        {
            "time": "06.12.2020 10:23",
            "open": "2.44",
            "high": "2.44",
            "low": "2.44",
            "close": "2.436"
        },
        {
            "time": "06.12.2020 10:29",
            "open": "2.436",
            "high": "2.436",
            "low": "2.436",
            "close": "2.427"
        },
        {
            "time": "06.12.2020 10:36",
            "open": "2.427",
            "high": "2.427",
            "low": "2.427",
            "close": "2.424"
        },
        {
            "time": "06.12.2020 10:37",
            "open": "2.424",
            "high": "2.424",
            "low": "2.416",
            "close": "2.418"
        },
        {
            "time": "06.12.2020 10:38",
            "open": "2.418",
            "high": "2.424",
            "low": "2.418",
            "close": "2.421"
        },
        {
            "time": "06.12.2020 10:42",
            "open": "2.421",
            "high": "2.421",
            "low": "2.421",
            "close": "2.421"
        },
        {
            "time": "06.12.2020 10:50",
            "open": "2.421",
            "high": "2.421",
            "low": "2.421",
            "close": "2.429"
        },
        {
            "time": "06.12.2020 10:56",
            "open": "2.429",
            "high": "2.429",
            "low": "2.429",
            "close": "2.435"
        },
        {
            "time": "06.12.2020 11:02",
            "open": "2.435",
            "high": "2.435",
            "low": "2.435",
            "close": "2.435"
        },
        {
            "time": "06.12.2020 11:06",
            "open": "2.435",
            "high": "2.435",
            "low": "2.435",
            "close": "2.43"
        },
        {
            "time": "06.12.2020 11:08",
            "open": "2.43",
            "high": "2.43",
            "low": "2.43",
            "close": "2.429"
        },
        {
            "time": "06.12.2020 11:12",
            "open": "2.429",
            "high": "2.429",
            "low": "2.429",
            "close": "2.43"
        },
        {
            "time": "06.12.2020 11:13",
            "open": "2.43",
            "high": "2.43",
            "low": "2.425",
            "close": "2.425"
        },
        {
            "time": "06.12.2020 11:14",
            "open": "2.425",
            "high": "2.425",
            "low": "2.424",
            "close": "2.428"
        },
        {
            "time": "06.12.2020 11:15",
            "open": "2.428",
            "high": "2.428",
            "low": "2.428",
            "close": "2.432"
        },
        {
            "time": "06.12.2020 11:25",
            "open": "2.432",
            "high": "2.432",
            "low": "2.432",
            "close": "2.435"
        },
        {
            "time": "06.12.2020 11:28",
            "open": "2.435",
            "high": "2.435",
            "low": "2.435",
            "close": "2.439"
        },
        {
            "time": "06.12.2020 11:36",
            "open": "2.439",
            "high": "2.439",
            "low": "2.439",
            "close": "2.439"
        },
        {
            "time": "06.12.2020 11:39",
            "open": "2.439",
            "high": "2.439",
            "low": "2.436",
            "close": "2.436"
        },
        {
            "time": "06.12.2020 11:44",
            "open": "2.436",
            "high": "2.436",
            "low": "2.436",
            "close": "2.435"
        },
        {
            "time": "06.12.2020 11:47",
            "open": "2.435",
            "high": "2.435",
            "low": "2.435",
            "close": "2.43"
        },
        {
            "time": "06.12.2020 11:50",
            "open": "2.43",
            "high": "2.43",
            "low": "2.43",
            "close": "2.428"
        },
        {
            "time": "06.12.2020 11:52",
            "open": "2.428",
            "high": "2.43",
            "low": "2.428",
            "close": "2.43"
        },
        {
            "time": "06.12.2020 11:58",
            "open": "2.43",
            "high": "2.43",
            "low": "2.43",
            "close": "2.431"
        },
        {
            "time": "06.12.2020 12:03",
            "open": "2.431",
            "high": "2.435",
            "low": "2.431",
            "close": "2.433"
        },
        {
            "time": "06.12.2020 12:04",
            "open": "2.433",
            "high": "2.433",
            "low": "2.433",
            "close": "2.433"
        },
        {
            "time": "06.12.2020 12:07",
            "open": "2.433",
            "high": "2.433",
            "low": "2.433",
            "close": "2.433"
        },
        {
            "time": "06.12.2020 12:13",
            "open": "2.433",
            "high": "2.433",
            "low": "2.433",
            "close": "2.437"
        },
        {
            "time": "06.12.2020 12:14",
            "open": "2.437",
            "high": "2.437",
            "low": "2.436",
            "close": "2.424"
        },
        {
            "time": "06.12.2020 12:27",
            "open": "2.424",
            "high": "2.424",
            "low": "2.424",
            "close": "2.422"
        },
        {
            "time": "06.12.2020 12:29",
            "open": "2.422",
            "high": "2.422",
            "low": "2.422",
            "close": "2.436"
        },
        {
            "time": "06.12.2020 12:51",
            "open": "2.436",
            "high": "2.436",
            "low": "2.435",
            "close": "2.437"
        },
        {
            "time": "06.12.2020 12:53",
            "open": "2.437",
            "high": "2.437",
            "low": "2.437",
            "close": "2.437"
        },
        {
            "time": "06.12.2020 12:54",
            "open": "2.437",
            "high": "2.437",
            "low": "2.437",
            "close": "2.443"
        },
        {
            "time": "06.12.2020 13:00",
            "open": "2.443",
            "high": "2.443",
            "low": "2.443",
            "close": "2.441"
        },
        {
            "time": "06.12.2020 13:01",
            "open": "2.441",
            "high": "2.444",
            "low": "2.441",
            "close": "2.445"
        },
        {
            "time": "06.12.2020 13:02",
            "open": "2.445",
            "high": "2.445",
            "low": "2.445",
            "close": "2.445"
        },
        {
            "time": "06.12.2020 13:03",
            "open": "2.445",
            "high": "2.445",
            "low": "2.445",
            "close": "2.438"
        },
        {
            "time": "06.12.2020 13:13",
            "open": "2.438",
            "high": "2.438",
            "low": "2.438",
            "close": "2.425"
        },
        {
            "time": "06.12.2020 13:43",
            "open": "2.425",
            "high": "2.425",
            "low": "2.425",
            "close": "2.419"
        },
        {
            "time": "06.12.2020 13:51",
            "open": "2.419",
            "high": "2.419",
            "low": "2.419",
            "close": "2.417"
        },
        {
            "time": "06.12.2020 13:52",
            "open": "2.417",
            "high": "2.417",
            "low": "2.411",
            "close": "2.412"
        },
        {
            "time": "06.12.2020 13:53",
            "open": "2.412",
            "high": "2.412",
            "low": "2.411",
            "close": "2.413"
        },
        {
            "time": "06.12.2020 13:54",
            "open": "2.413",
            "high": "2.413",
            "low": "2.413",
            "close": "2.412"
        },
        {
            "time": "06.12.2020 13:55",
            "open": "2.412",
            "high": "2.412",
            "low": "2.41",
            "close": "2.413"
        },
        {
            "time": "06.12.2020 13:56",
            "open": "2.413",
            "high": "2.413",
            "low": "2.413",
            "close": "2.414"
        },
        {
            "time": "06.12.2020 14:08",
            "open": "2.414",
            "high": "2.414",
            "low": "2.414",
            "close": "2.421"
        },
        {
            "time": "06.12.2020 14:11",
            "open": "2.421",
            "high": "2.423",
            "low": "2.421",
            "close": "2.417"
        },
        {
            "time": "06.12.2020 14:17",
            "open": "2.417",
            "high": "2.417",
            "low": "2.417",
            "close": "2.42"
        },
        {
            "time": "06.12.2020 14:18",
            "open": "2.42",
            "high": "2.42",
            "low": "2.42",
            "close": "2.419"
        },
        {
            "time": "06.12.2020 14:27",
            "open": "2.419",
            "high": "2.42",
            "low": "2.419",
            "close": "2.418"
        },
        {
            "time": "06.12.2020 14:29",
            "open": "2.418",
            "high": "2.418",
            "low": "2.418",
            "close": "2.42"
        },
        {
            "time": "06.12.2020 14:32",
            "open": "2.42",
            "high": "2.42",
            "low": "2.416",
            "close": "2.413"
        },
        {
            "time": "06.12.2020 14:33",
            "open": "2.413",
            "high": "2.413",
            "low": "2.413",
            "close": "2.407"
        },
        {
            "time": "06.12.2020 14:36",
            "open": "2.407",
            "high": "2.407",
            "low": "2.407",
            "close": "2.406"
        },
        {
            "time": "06.12.2020 14:37",
            "open": "2.406",
            "high": "2.406",
            "low": "2.406",
            "close": "2.409"
        },
        {
            "time": "06.12.2020 14:44",
            "open": "2.409",
            "high": "2.409",
            "low": "2.409",
            "close": "2.408"
        },
        {
            "time": "06.12.2020 14:46",
            "open": "2.408",
            "high": "2.408",
            "low": "2.408",
            "close": "2.409"
        },
        {
            "time": "06.12.2020 14:47",
            "open": "2.409",
            "high": "2.409",
            "low": "2.409",
            "close": "2.409"
        },
        {
            "time": "06.12.2020 14:49",
            "open": "2.409",
            "high": "2.409",
            "low": "2.409",
            "close": "2.412"
        },
        {
            "time": "06.12.2020 14:50",
            "open": "2.412",
            "high": "2.412",
            "low": "2.412",
            "close": "2.418"
        },
        {
            "time": "06.12.2020 14:58",
            "open": "2.418",
            "high": "2.419",
            "low": "2.418",
            "close": "2.418"
        },
        {
            "time": "06.12.2020 14:59",
            "open": "2.418",
            "high": "2.42",
            "low": "2.418",
            "close": "2.433"
        },
        {
            "time": "06.12.2020 15:20",
            "open": "2.433",
            "high": "2.433",
            "low": "2.433",
            "close": "2.432"
        },
        {
            "time": "06.12.2020 15:21",
            "open": "2.432",
            "high": "2.432",
            "low": "2.432",
            "close": "2.438"
        },
        {
            "time": "06.12.2020 15:24",
            "open": "2.438",
            "high": "2.438",
            "low": "2.438",
            "close": "2.439"
        },
        {
            "time": "06.12.2020 15:26",
            "open": "2.439",
            "high": "2.439",
            "low": "2.439",
            "close": "2.436"
        },
        {
            "time": "06.12.2020 15:35",
            "open": "2.436",
            "high": "2.436",
            "low": "2.436",
            "close": "2.44"
        },
        {
            "time": "06.12.2020 15:39",
            "open": "2.44",
            "high": "2.44",
            "low": "2.44",
            "close": "2.44"
        },
        {
            "time": "06.12.2020 15:43",
            "open": "2.44",
            "high": "2.44",
            "low": "2.44",
            "close": "2.435"
        },
        {
            "time": "06.12.2020 15:46",
            "open": "2.435",
            "high": "2.436",
            "low": "2.435",
            "close": "2.436"
        },
        {
            "time": "06.12.2020 16:00",
            "open": "2.436",
            "high": "2.436",
            "low": "2.436",
            "close": "2.437"
        },
        {
            "time": "06.12.2020 16:11",
            "open": "2.437",
            "high": "2.437",
            "low": "2.437",
            "close": "2.435"
        },
        {
            "time": "06.12.2020 16:18",
            "open": "2.435",
            "high": "2.435",
            "low": "2.435",
            "close": "2.438"
        },
        {
            "time": "06.12.2020 16:23",
            "open": "2.438",
            "high": "2.438",
            "low": "2.438",
            "close": "2.437"
        },
        {
            "time": "06.12.2020 16:25",
            "open": "2.437",
            "high": "2.437",
            "low": "2.437",
            "close": "2.439"
        },
        {
            "time": "06.12.2020 16:26",
            "open": "2.439",
            "high": "2.441",
            "low": "2.439",
            "close": "2.435"
        },
        {
            "time": "06.12.2020 16:28",
            "open": "2.435",
            "high": "2.435",
            "low": "2.435",
            "close": "2.44"
        },
        {
            "time": "06.12.2020 16:29",
            "open": "2.44",
            "high": "2.44",
            "low": "2.44",
            "close": "2.437"
        },
        {
            "time": "06.12.2020 16:31",
            "open": "2.437",
            "high": "2.438",
            "low": "2.437",
            "close": "2.439"
        },
        {
            "time": "06.12.2020 16:32",
            "open": "2.439",
            "high": "2.439",
            "low": "2.439",
            "close": "2.436"
        },
        {
            "time": "06.12.2020 16:34",
            "open": "2.436",
            "high": "2.436",
            "low": "2.436",
            "close": "2.436"
        },
        {
            "time": "06.12.2020 16:44",
            "open": "2.436",
            "high": "2.436",
            "low": "2.436",
            "close": "2.437"
        },
        {
            "time": "06.12.2020 16:45",
            "open": "2.437",
            "high": "2.437",
            "low": "2.437",
            "close": "2.436"
        },
        {
            "time": "06.12.2020 16:46",
            "open": "2.436",
            "high": "2.436",
            "low": "2.436",
            "close": "2.436"
        },
        {
            "time": "06.12.2020 16:47",
            "open": "2.436",
            "high": "2.436",
            "low": "2.436",
            "close": "2.44"
        },
        {
            "time": "06.12.2020 16:51",
            "open": "2.44",
            "high": "2.44",
            "low": "2.44",
            "close": "2.441"
        },
        {
            "time": "06.12.2020 16:52",
            "open": "2.441",
            "high": "2.441",
            "low": "2.441",
            "close": "2.434"
        },
        {
            "time": "06.12.2020 16:54",
            "open": "2.434",
            "high": "2.434",
            "low": "2.434",
            "close": "2.437"
        },
        {
            "time": "06.12.2020 16:57",
            "open": "2.437",
            "high": "2.437",
            "low": "2.437",
            "close": "2.437"
        },
        {
            "time": "06.12.2020 16:58",
            "open": "2.437",
            "high": "2.437",
            "low": "2.437",
            "close": "2.452"
        },
        {
            "time": "06.12.2020 17:08",
            "open": "2.452",
            "high": "2.452",
            "low": "2.452",
            "close": "2.449"
        },
        {
            "time": "06.12.2020 17:10",
            "open": "2.449",
            "high": "2.449",
            "low": "2.449",
            "close": "2.448"
        },
        {
            "time": "06.12.2020 17:11",
            "open": "2.448",
            "high": "2.448",
            "low": "2.448",
            "close": "2.447"
        },
        {
            "time": "06.12.2020 17:13",
            "open": "2.447",
            "high": "2.45",
            "low": "2.447",
            "close": "2.43"
        },
        {
            "time": "06.12.2020 17:18",
            "open": "2.43",
            "high": "2.43",
            "low": "2.43",
            "close": "2.427"
        },
        {
            "time": "06.12.2020 17:19",
            "open": "2.427",
            "high": "2.427",
            "low": "2.427",
            "close": "2.427"
        },
        {
            "time": "06.12.2020 17:21",
            "open": "2.427",
            "high": "2.43",
            "low": "2.427",
            "close": "2.422"
        },
        {
            "time": "06.12.2020 17:26",
            "open": "2.422",
            "high": "2.422",
            "low": "2.422",
            "close": "2.427"
        },
        {
            "time": "06.12.2020 17:27",
            "open": "2.427",
            "high": "2.427",
            "low": "2.424",
            "close": "2.428"
        },
        {
            "time": "06.12.2020 17:28",
            "open": "2.428",
            "high": "2.429",
            "low": "2.424",
            "close": "2.424"
        },
        {
            "time": "06.12.2020 17:29",
            "open": "2.424",
            "high": "2.429",
            "low": "2.424",
            "close": "2.425"
        },
        {
            "time": "06.12.2020 17:30",
            "open": "2.425",
            "high": "2.425",
            "low": "2.423",
            "close": "2.43"
        },
        {
            "time": "06.12.2020 17:33",
            "open": "2.43",
            "high": "2.43",
            "low": "2.43",
            "close": "2.425"
        },
        {
            "time": "06.12.2020 17:35",
            "open": "2.425",
            "high": "2.425",
            "low": "2.425",
            "close": "2.426"
        },
        {
            "time": "06.12.2020 17:36",
            "open": "2.426",
            "high": "2.426",
            "low": "2.426",
            "close": "2.43"
        },
        {
            "time": "06.12.2020 17:38",
            "open": "2.43",
            "high": "2.43",
            "low": "2.43",
            "close": "2.43"
        },
        {
            "time": "06.12.2020 17:39",
            "open": "2.43",
            "high": "2.43",
            "low": "2.426",
            "close": "2.43"
        },
        {
            "time": "06.12.2020 17:42",
            "open": "2.43",
            "high": "2.43",
            "low": "2.43",
            "close": "2.432"
        },
        {
            "time": "06.12.2020 17:45",
            "open": "2.432",
            "high": "2.432",
            "low": "2.431",
            "close": "2.431"
        },
        {
            "time": "06.12.2020 17:47",
            "open": "2.431",
            "high": "2.431",
            "low": "2.431",
            "close": "2.431"
        },
        {
            "time": "06.12.2020 17:48",
            "open": "2.431",
            "high": "2.431",
            "low": "2.431",
            "close": "2.432"
        },
        {
            "time": "06.12.2020 17:54",
            "open": "2.432",
            "high": "2.432",
            "low": "2.432",
            "close": "2.43"
        },
        {
            "time": "06.12.2020 17:58",
            "open": "2.43",
            "high": "2.43",
            "low": "2.43",
            "close": "2.43"
        },
        {
            "time": "06.12.2020 17:59",
            "open": "2.43",
            "high": "2.43",
            "low": "2.43",
            "close": "2.431"
        },
        {
            "time": "06.12.2020 18:01",
            "open": "2.431",
            "high": "2.431",
            "low": "2.431",
            "close": "2.433"
        },
        {
            "time": "06.12.2020 18:08",
            "open": "2.433",
            "high": "2.433",
            "low": "2.431",
            "close": "2.429"
        },
        {
            "time": "06.12.2020 18:10",
            "open": "2.429",
            "high": "2.431",
            "low": "2.429",
            "close": "2.431"
        },
        {
            "time": "06.12.2020 18:11",
            "open": "2.431",
            "high": "2.431",
            "low": "2.43",
            "close": "2.43"
        },
        {
            "time": "06.12.2020 18:12",
            "open": "2.43",
            "high": "2.433",
            "low": "2.43",
            "close": "2.437"
        },
        {
            "time": "06.12.2020 18:18",
            "open": "2.437",
            "high": "2.437",
            "low": "2.437",
            "close": "2.439"
        },
        {
            "time": "06.12.2020 18:21",
            "open": "2.439",
            "high": "2.439",
            "low": "2.439",
            "close": "2.439"
        },
        {
            "time": "06.12.2020 18:22",
            "open": "2.439",
            "high": "2.439",
            "low": "2.439",
            "close": "2.435"
        },
        {
            "time": "06.12.2020 18:29",
            "open": "2.435",
            "high": "2.435",
            "low": "2.435",
            "close": "2.441"
        },
        {
            "time": "06.12.2020 18:41",
            "open": "2.441",
            "high": "2.441",
            "low": "2.441",
            "close": "2.441"
        },
        {
            "time": "06.12.2020 18:42",
            "open": "2.441",
            "high": "2.441",
            "low": "2.441",
            "close": "2.44"
        },
        {
            "time": "06.12.2020 18:49",
            "open": "2.44",
            "high": "2.44",
            "low": "2.44",
            "close": "2.434"
        },
        {
            "time": "06.12.2020 18:53",
            "open": "2.434",
            "high": "2.434",
            "low": "2.434",
            "close": "2.438"
        },
        {
            "time": "06.12.2020 18:59",
            "open": "2.438",
            "high": "2.438",
            "low": "2.438",
            "close": "2.434"
        },
        {
            "time": "06.12.2020 19:00",
            "open": "2.434",
            "high": "2.435",
            "low": "2.434",
            "close": "2.44"
        },
        {
            "time": "06.12.2020 19:01",
            "open": "2.44",
            "high": "2.44",
            "low": "2.44",
            "close": "2.44"
        },
        {
            "time": "06.12.2020 19:02",
            "open": "2.44",
            "high": "2.44",
            "low": "2.439",
            "close": "2.435"
        },
        {
            "time": "06.12.2020 19:04",
            "open": "2.435",
            "high": "2.435",
            "low": "2.435",
            "close": "2.439"
        },
        {
            "time": "06.12.2020 19:09",
            "open": "2.439",
            "high": "2.439",
            "low": "2.435",
            "close": "2.435"
        },
        {
            "time": "06.12.2020 19:11",
            "open": "2.435",
            "high": "2.435",
            "low": "2.435",
            "close": "2.439"
        },
        {
            "time": "06.12.2020 19:12",
            "open": "2.439",
            "high": "2.439",
            "low": "2.439",
            "close": "2.441"
        },
        {
            "time": "06.12.2020 19:15",
            "open": "2.441",
            "high": "2.441",
            "low": "2.441",
            "close": "2.44"
        },
        {
            "time": "06.12.2020 19:24",
            "open": "2.44",
            "high": "2.44",
            "low": "2.44",
            "close": "2.44"
        },
        {
            "time": "06.12.2020 19:25",
            "open": "2.44",
            "high": "2.44",
            "low": "2.44",
            "close": "2.441"
        },
        {
            "time": "06.12.2020 19:26",
            "open": "2.441",
            "high": "2.441",
            "low": "2.441",
            "close": "2.439"
        },
        {
            "time": "06.12.2020 19:29",
            "open": "2.439",
            "high": "2.439",
            "low": "2.439",
            "close": "2.439"
        },
        {
            "time": "06.12.2020 19:37",
            "open": "2.439",
            "high": "2.439",
            "low": "2.439",
            "close": "2.439"
        },
        {
            "time": "06.12.2020 19:41",
            "open": "2.439",
            "high": "2.439",
            "low": "2.439",
            "close": "2.442"
        },
        {
            "time": "06.12.2020 19:53",
            "open": "2.442",
            "high": "2.442",
            "low": "2.441",
            "close": "2.439"
        },
        {
            "time": "06.12.2020 19:58",
            "open": "2.439",
            "high": "2.439",
            "low": "2.439",
            "close": "2.437"
        },
        {
            "time": "06.12.2020 20:00",
            "open": "2.437",
            "high": "2.437",
            "low": "2.437",
            "close": "2.438"
        },
        {
            "time": "06.12.2020 20:01",
            "open": "2.438",
            "high": "2.438",
            "low": "2.437",
            "close": "2.439"
        },
        {
            "time": "06.12.2020 20:02",
            "open": "2.439",
            "high": "2.439",
            "low": "2.439",
            "close": "2.439"
        },
        {
            "time": "06.12.2020 20:04",
            "open": "2.439",
            "high": "2.439",
            "low": "2.439",
            "close": "2.442"
        },
        {
            "time": "06.12.2020 20:05",
            "open": "2.442",
            "high": "2.443",
            "low": "2.442",
            "close": "2.441"
        },
        {
            "time": "06.12.2020 20:06",
            "open": "2.441",
            "high": "2.441",
            "low": "2.441",
            "close": "2.441"
        },
        {
            "time": "06.12.2020 20:08",
            "open": "2.441",
            "high": "2.441",
            "low": "2.441",
            "close": "2.441"
        },
        {
            "time": "06.12.2020 20:10",
            "open": "2.441",
            "high": "2.444",
            "low": "2.44",
            "close": "2.443"
        },
        {
            "time": "06.12.2020 20:11",
            "open": "2.443",
            "high": "2.444",
            "low": "2.441",
            "close": "2.444"
        },
        {
            "time": "06.12.2020 20:12",
            "open": "2.444",
            "high": "2.444",
            "low": "2.444",
            "close": "2.443"
        },
        {
            "time": "06.12.2020 20:14",
            "open": "2.443",
            "high": "2.443",
            "low": "2.443",
            "close": "2.436"
        },
        {
            "time": "06.12.2020 20:24",
            "open": "2.436",
            "high": "2.436",
            "low": "2.436",
            "close": "2.432"
        },
        {
            "time": "06.12.2020 20:26",
            "open": "2.432",
            "high": "2.437",
            "low": "2.432",
            "close": "2.442"
        },
        {
            "time": "06.12.2020 20:36",
            "open": "2.442",
            "high": "2.442",
            "low": "2.442",
            "close": "2.446"
        },
        {
            "time": "06.12.2020 20:42",
            "open": "2.446",
            "high": "2.446",
            "low": "2.446",
            "close": "2.445"
        },
        {
            "time": "06.12.2020 20:45",
            "open": "2.445",
            "high": "2.445",
            "low": "2.445",
            "close": "2.446"
        },
        {
            "time": "06.12.2020 20:47",
            "open": "2.446",
            "high": "2.446",
            "low": "2.446",
            "close": "2.449"
        },
        {
            "time": "06.12.2020 20:49",
            "open": "2.449",
            "high": "2.449",
            "low": "2.449",
            "close": "2.45"
        },
        {
            "time": "06.12.2020 20:52",
            "open": "2.45",
            "high": "2.45",
            "low": "2.45",
            "close": "2.454"
        },
        {
            "time": "06.12.2020 20:55",
            "open": "2.454",
            "high": "2.454",
            "low": "2.454",
            "close": "2.455"
        },
        {
            "time": "06.12.2020 20:56",
            "open": "2.455",
            "high": "2.455",
            "low": "2.455",
            "close": "2.458"
        },
        {
            "time": "06.12.2020 20:57",
            "open": "2.458",
            "high": "2.458",
            "low": "2.458",
            "close": "2.457"
        },
        {
            "time": "06.12.2020 21:04",
            "open": "2.457",
            "high": "2.457",
            "low": "2.457",
            "close": "2.457"
        },
        {
            "time": "06.12.2020 21:05",
            "open": "2.457",
            "high": "2.457",
            "low": "2.457",
            "close": "2.456"
        },
        {
            "time": "06.12.2020 21:10",
            "open": "2.456",
            "high": "2.456",
            "low": "2.456",
            "close": "2.46"
        },
        {
            "time": "06.12.2020 21:11",
            "open": "2.46",
            "high": "2.46",
            "low": "2.46",
            "close": "2.452"
        },
        {
            "time": "06.12.2020 21:12",
            "open": "2.452",
            "high": "2.452",
            "low": "2.452",
            "close": "2.452"
        },
        {
            "time": "06.12.2020 21:13",
            "open": "2.452",
            "high": "2.452",
            "low": "2.452",
            "close": "2.457"
        },
        {
            "time": "06.12.2020 21:14",
            "open": "2.457",
            "high": "2.457",
            "low": "2.453",
            "close": "2.457"
        },
        {
            "time": "06.12.2020 21:15",
            "open": "2.457",
            "high": "2.457",
            "low": "2.457",
            "close": "2.452"
        },
        {
            "time": "06.12.2020 21:22",
            "open": "2.452",
            "high": "2.452",
            "low": "2.451",
            "close": "2.453"
        },
        {
            "time": "06.12.2020 21:26",
            "open": "2.453",
            "high": "2.453",
            "low": "2.453",
            "close": "2.452"
        },
        {
            "time": "06.12.2020 21:29",
            "open": "2.452",
            "high": "2.452",
            "low": "2.45",
            "close": "2.454"
        },
        {
            "time": "06.12.2020 21:32",
            "open": "2.454",
            "high": "2.454",
            "low": "2.454",
            "close": "2.452"
        },
        {
            "time": "06.12.2020 21:36",
            "open": "2.452",
            "high": "2.452",
            "low": "2.452",
            "close": "2.452"
        },
        {
            "time": "06.12.2020 21:41",
            "open": "2.452",
            "high": "2.452",
            "low": "2.452",
            "close": "2.45"
        },
        {
            "time": "06.12.2020 21:46",
            "open": "2.45",
            "high": "2.45",
            "low": "2.45",
            "close": "2.448"
        },
        {
            "time": "06.12.2020 21:58",
            "open": "2.448",
            "high": "2.448",
            "low": "2.448",
            "close": "2.442"
        },
        {
            "time": "06.12.2020 22:08",
            "open": "2.442",
            "high": "2.442",
            "low": "2.442",
            "close": "2.442"
        },
        {
            "time": "06.12.2020 22:12",
            "open": "2.442",
            "high": "2.442",
            "low": "2.442",
            "close": "2.446"
        },
        {
            "time": "06.12.2020 22:15",
            "open": "2.446",
            "high": "2.446",
            "low": "2.446",
            "close": "2.446"
        },
        {
            "time": "06.12.2020 22:17",
            "open": "2.446",
            "high": "2.446",
            "low": "2.446",
            "close": "2.445"
        },
        {
            "time": "06.12.2020 22:21",
            "open": "2.445",
            "high": "2.445",
            "low": "2.445",
            "close": "2.448"
        },
        {
            "time": "06.12.2020 22:22",
            "open": "2.448",
            "high": "2.448",
            "low": "2.445",
            "close": "2.444"
        },
        {
            "time": "06.12.2020 22:25",
            "open": "2.444",
            "high": "2.444",
            "low": "2.444",
            "close": "2.447"
        },
        {
            "time": "06.12.2020 22:29",
            "open": "2.447",
            "high": "2.447",
            "low": "2.447",
            "close": "2.448"
        },
        {
            "time": "06.12.2020 22:36",
            "open": "2.448",
            "high": "2.448",
            "low": "2.448",
            "close": "2.449"
        },
        {
            "time": "06.12.2020 22:40",
            "open": "2.449",
            "high": "2.449",
            "low": "2.449",
            "close": "2.455"
        },
        {
            "time": "06.12.2020 22:46",
            "open": "2.455",
            "high": "2.455",
            "low": "2.455",
            "close": "2.456"
        },
        {
            "time": "06.12.2020 22:48",
            "open": "2.456",
            "high": "2.456",
            "low": "2.456",
            "close": "2.455"
        },
        {
            "time": "06.12.2020 22:49",
            "open": "2.455",
            "high": "2.455",
            "low": "2.455",
            "close": "2.457"
        },
        {
            "time": "06.12.2020 22:50",
            "open": "2.457",
            "high": "2.457",
            "low": "2.455",
            "close": "2.456"
        },
        {
            "time": "06.12.2020 22:59",
            "open": "2.456",
            "high": "2.456",
            "low": "2.456",
            "close": "2.458"
        },
        {
            "time": "06.12.2020 23:06",
            "open": "2.458",
            "high": "2.459",
            "low": "2.458",
            "close": "2.457"
        },
        {
            "time": "06.12.2020 23:13",
            "open": "2.457",
            "high": "2.457",
            "low": "2.457",
            "close": "2.462"
        },
        {
            "time": "06.12.2020 23:19",
            "open": "2.462",
            "high": "2.463",
            "low": "2.46",
            "close": "2.462"
        },
        {
            "time": "06.12.2020 23:21",
            "open": "2.462",
            "high": "2.462",
            "low": "2.462",
            "close": "2.461"
        },
        {
            "time": "06.12.2020 23:28",
            "open": "2.461",
            "high": "2.462",
            "low": "2.461",
            "close": "2.448"
        },
        {
            "time": "06.12.2020 23:31",
            "open": "2.448",
            "high": "2.448",
            "low": "2.448",
            "close": "2.45"
        },
        {
            "time": "06.12.2020 23:32",
            "open": "2.45",
            "high": "2.45",
            "low": "2.45",
            "close": "2.45"
        },
        {
            "time": "06.12.2020 23:33",
            "open": "2.45",
            "high": "2.45",
            "low": "2.45",
            "close": "2.444"
        },
        {
            "time": "06.12.2020 23:36",
            "open": "2.444",
            "high": "2.444",
            "low": "2.444",
            "close": "2.437"
        },
        {
            "time": "06.12.2020 23:39",
            "open": "2.437",
            "high": "2.437",
            "low": "2.437",
            "close": "2.441"
        },
        {
            "time": "06.12.2020 23:44",
            "open": "2.441",
            "high": "2.441",
            "low": "2.441",
            "close": "2.441"
        },
        {
            "time": "06.12.2020 23:46",
            "open": "2.441",
            "high": "2.441",
            "low": "2.441",
            "close": "2.446"
        },
        {
            "time": "06.12.2020 23:54",
            "open": "2.446",
            "high": "2.446",
            "low": "2.446",
            "close": "2.446"
        },
        {
            "time": "06.12.2020 23:56",
            "open": "2.446",
            "high": "2.446",
            "low": "2.446",
            "close": "2.449"
        }
    ]
}