{
    "EOS-EUR": [
        {
            "time": "06.12.2020 23:57",
            "open": "2.449",
            "high": "2.449",
            "low": "2.449",
            "close": "2.467"
        },
        {
            "time": "07.12.2020 00:11",
            "open": "2.467",
            "high": "2.467",
            "low": "2.467",
            "close": "2.47"
        },
        {
            "time": "07.12.2020 00:12",
            "open": "2.47",
            "high": "2.47",
            "low": "2.47",
            "close": "2.462"
        },
        {
            "time": "07.12.2020 00:13",
            "open": "2.462",
            "high": "2.462",
            "low": "2.462",
            "close": "2.463"
        },
        {
            "time": "07.12.2020 00:14",
            "open": "2.463",
            "high": "2.465",
            "low": "2.463",
            "close": "2.472"
        },
        {
            "time": "07.12.2020 00:15",
            "open": "2.472",
            "high": "2.472",
            "low": "2.472",
            "close": "2.473"
        },
        {
            "time": "07.12.2020 00:16",
            "open": "2.473",
            "high": "2.473",
            "low": "2.473",
            "close": "2.473"
        },
        {
            "time": "07.12.2020 00:17",
            "open": "2.473",
            "high": "2.473",
            "low": "2.473",
            "close": "2.473"
        },
        {
            "time": "07.12.2020 00:18",
            "open": "2.473",
            "high": "2.473",
            "low": "2.473",
            "close": "2.471"
        },
        {
            "time": "07.12.2020 00:19",
            "open": "2.471",
            "high": "2.471",
            "low": "2.471",
            "close": "2.47"
        },
        {
            "time": "07.12.2020 00:29",
            "open": "2.47",
            "high": "2.471",
            "low": "2.47",
            "close": "2.471"
        },
        {
            "time": "07.12.2020 00:30",
            "open": "2.471",
            "high": "2.471",
            "low": "2.471",
            "close": "2.471"
        },
        {
            "time": "07.12.2020 00:31",
            "open": "2.471",
            "high": "2.471",
            "low": "2.471",
            "close": "2.472"
        },
        {
            "time": "07.12.2020 00:33",
            "open": "2.472",
            "high": "2.472",
            "low": "2.471",
            "close": "2.471"
        },
        {
            "time": "07.12.2020 00:35",
            "open": "2.471",
            "high": "2.471",
            "low": "2.471",
            "close": "2.475"
        },
        {
            "time": "07.12.2020 00:37",
            "open": "2.475",
            "high": "2.475",
            "low": "2.475",
            "close": "2.472"
        },
        {
            "time": "07.12.2020 00:38",
            "open": "2.472",
            "high": "2.472",
            "low": "2.471",
            "close": "2.471"
        },
        {
            "time": "07.12.2020 00:40",
            "open": "2.471",
            "high": "2.471",
            "low": "2.471",
            "close": "2.471"
        },
        {
            "time": "07.12.2020 00:41",
            "open": "2.471",
            "high": "2.474",
            "low": "2.471",
            "close": "2.474"
        },
        {
            "time": "07.12.2020 00:42",
            "open": "2.474",
            "high": "2.474",
            "low": "2.474",
            "close": "2.47"
        },
        {
            "time": "07.12.2020 00:45",
            "open": "2.47",
            "high": "2.47",
            "low": "2.47",
            "close": "2.47"
        },
        {
            "time": "07.12.2020 00:58",
            "open": "2.47",
            "high": "2.47",
            "low": "2.47",
            "close": "2.475"
        },
        {
            "time": "07.12.2020 00:59",
            "open": "2.475",
            "high": "2.475",
            "low": "2.471",
            "close": "2.464"
        },
        {
            "time": "07.12.2020 01:06",
            "open": "2.464",
            "high": "2.464",
            "low": "2.464",
            "close": "2.465"
        },
        {
            "time": "07.12.2020 01:09",
            "open": "2.465",
            "high": "2.466",
            "low": "2.464",
            "close": "2.461"
        },
        {
            "time": "07.12.2020 01:13",
            "open": "2.461",
            "high": "2.461",
            "low": "2.461",
            "close": "2.458"
        },
        {
            "time": "07.12.2020 01:15",
            "open": "2.458",
            "high": "2.458",
            "low": "2.458",
            "close": "2.457"
        },
        {
            "time": "07.12.2020 01:17",
            "open": "2.457",
            "high": "2.457",
            "low": "2.457",
            "close": "2.459"
        },
        {
            "time": "07.12.2020 01:20",
            "open": "2.459",
            "high": "2.459",
            "low": "2.459",
            "close": "2.458"
        },
        {
            "time": "07.12.2020 01:23",
            "open": "2.458",
            "high": "2.458",
            "low": "2.458",
            "close": "2.458"
        },
        {
            "time": "07.12.2020 01:24",
            "open": "2.458",
            "high": "2.458",
            "low": "2.458",
            "close": "2.455"
        },
        {
            "time": "07.12.2020 01:36",
            "open": "2.455",
            "high": "2.455",
            "low": "2.455",
            "close": "2.457"
        },
        {
            "time": "07.12.2020 01:38",
            "open": "2.457",
            "high": "2.457",
            "low": "2.457",
            "close": "2.457"
        },
        {
            "time": "07.12.2020 01:39",
            "open": "2.457",
            "high": "2.457",
            "low": "2.457",
            "close": "2.453"
        },
        {
            "time": "07.12.2020 01:44",
            "open": "2.453",
            "high": "2.453",
            "low": "2.453",
            "close": "2.453"
        },
        {
            "time": "07.12.2020 01:45",
            "open": "2.453",
            "high": "2.453",
            "low": "2.45",
            "close": "2.449"
        },
        {
            "time": "07.12.2020 01:46",
            "open": "2.449",
            "high": "2.449",
            "low": "2.449",
            "close": "2.453"
        },
        {
            "time": "07.12.2020 01:50",
            "open": "2.453",
            "high": "2.453",
            "low": "2.453",
            "close": "2.453"
        },
        {
            "time": "07.12.2020 02:00",
            "open": "2.453",
            "high": "2.455",
            "low": "2.453",
            "close": "2.449"
        },
        {
            "time": "07.12.2020 02:02",
            "open": "2.449",
            "high": "2.449",
            "low": "2.449",
            "close": "2.453"
        },
        {
            "time": "07.12.2020 02:04",
            "open": "2.453",
            "high": "2.453",
            "low": "2.453",
            "close": "2.45"
        },
        {
            "time": "07.12.2020 02:12",
            "open": "2.45",
            "high": "2.45",
            "low": "2.45",
            "close": "2.438"
        },
        {
            "time": "07.12.2020 02:28",
            "open": "2.438",
            "high": "2.438",
            "low": "2.438",
            "close": "2.439"
        },
        {
            "time": "07.12.2020 02:30",
            "open": "2.439",
            "high": "2.439",
            "low": "2.439",
            "close": "2.443"
        },
        {
            "time": "07.12.2020 02:40",
            "open": "2.443",
            "high": "2.443",
            "low": "2.443",
            "close": "2.447"
        },
        {
            "time": "07.12.2020 03:01",
            "open": "2.447",
            "high": "2.447",
            "low": "2.447",
            "close": "2.442"
        },
        {
            "time": "07.12.2020 03:22",
            "open": "2.442",
            "high": "2.442",
            "low": "2.442",
            "close": "2.443"
        },
        {
            "time": "07.12.2020 03:44",
            "open": "2.443",
            "high": "2.443",
            "low": "2.443",
            "close": "2.444"
        },
        {
            "time": "07.12.2020 04:14",
            "open": "2.444",
            "high": "2.444",
            "low": "2.444",
            "close": "2.438"
        },
        {
            "time": "07.12.2020 04:27",
            "open": "2.438",
            "high": "2.438",
            "low": "2.438",
            "close": "2.44"
        },
        {
            "time": "07.12.2020 04:33",
            "open": "2.44",
            "high": "2.44",
            "low": "2.44",
            "close": "2.439"
        },
        {
            "time": "07.12.2020 04:39",
            "open": "2.439",
            "high": "2.439",
            "low": "2.439",
            "close": "2.44"
        },
        {
            "time": "07.12.2020 04:50",
            "open": "2.442",
            "high": "2.442",
            "low": "2.442",
            "close": "2.448"
        },
        {
            "time": "07.12.2020 05:42",
            "open": "2.448",
            "high": "2.448",
            "low": "2.448",
            "close": "2.461"
        },
        {
            "time": "07.12.2020 05:49",
            "open": "2.461",
            "high": "2.461",
            "low": "2.461",
            "close": "2.462"
        },
        {
            "time": "07.12.2020 05:51",
            "open": "2.462",
            "high": "2.462",
            "low": "2.462",
            "close": "2.463"
        },
        {
            "time": "07.12.2020 05:53",
            "open": "2.463",
            "high": "2.463",
            "low": "2.463",
            "close": "2.462"
        },
        {
            "time": "07.12.2020 06:01",
            "open": "2.459",
            "high": "2.459",
            "low": "2.459",
            "close": "2.454"
        },
        {
            "time": "07.12.2020 06:19",
            "open": "2.454",
            "high": "2.454",
            "low": "2.454",
            "close": "2.453"
        },
        {
            "time": "07.12.2020 06:22",
            "open": "2.453",
            "high": "2.453",
            "low": "2.453",
            "close": "2.454"
        },
        {
            "time": "07.12.2020 06:27",
            "open": "2.454",
            "high": "2.455",
            "low": "2.454",
            "close": "2.467"
        },
        {
            "time": "07.12.2020 06:37",
            "open": "2.467",
            "high": "2.467",
            "low": "2.464",
            "close": "2.465"
        },
        {
            "time": "07.12.2020 06:40",
            "open": "2.465",
            "high": "2.465",
            "low": "2.465",
            "close": "2.466"
        },
        {
            "time": "07.12.2020 06:41",
            "open": "2.466",
            "high": "2.466",
            "low": "2.466",
            "close": "2.456"
        },
        {
            "time": "07.12.2020 06:57",
            "open": "2.456",
            "high": "2.456",
            "low": "2.456",
            "close": "2.457"
        },
        {
            "time": "07.12.2020 06:59",
            "open": "2.457",
            "high": "2.457",
            "low": "2.457",
            "close": "2.458"
        },
        {
            "time": "07.12.2020 07:00",
            "open": "2.458",
            "high": "2.458",
            "low": "2.458",
            "close": "2.459"
        },
        {
            "time": "07.12.2020 07:01",
            "open": "2.459",
            "high": "2.459",
            "low": "2.457",
            "close": "2.458"
        },
        {
            "time": "07.12.2020 07:06",
            "open": "2.458",
            "high": "2.458",
            "low": "2.458",
            "close": "2.466"
        },
        {
            "time": "07.12.2020 07:07",
            "open": "2.466",
            "high": "2.466",
            "low": "2.466",
            "close": "2.465"
        },
        {
            "time": "07.12.2020 07:12",
            "open": "2.465",
            "high": "2.465",
            "low": "2.465",
            "close": "2.466"
        },
        {
            "time": "07.12.2020 07:14",
            "open": "2.466",
            "high": "2.466",
            "low": "2.466",
            "close": "2.469"
        },
        {
            "time": "07.12.2020 07:16",
            "open": "2.469",
            "high": "2.469",
            "low": "2.469",
            "close": "2.472"
        },
        {
            "time": "07.12.2020 07:17",
            "open": "2.472",
            "high": "2.472",
            "low": "2.472",
            "close": "2.466"
        },
        {
            "time": "07.12.2020 07:30",
            "open": "2.466",
            "high": "2.466",
            "low": "2.466",
            "close": "2.462"
        },
        {
            "time": "07.12.2020 07:35",
            "open": "2.462",
            "high": "2.462",
            "low": "2.462",
            "close": "2.465"
        },
        {
            "time": "07.12.2020 07:38",
            "open": "2.465",
            "high": "2.468",
            "low": "2.465",
            "close": "2.463"
        },
        {
            "time": "07.12.2020 07:40",
            "open": "2.463",
            "high": "2.463",
            "low": "2.461",
            "close": "2.466"
        },
        {
            "time": "07.12.2020 07:51",
            "open": "2.466",
            "high": "2.466",
            "low": "2.466",
            "close": "2.467"
        },
        {
            "time": "07.12.2020 08:00",
            "open": "2.467",
            "high": "2.467",
            "low": "2.467",
            "close": "2.469"
        },
        {
            "time": "07.12.2020 08:19",
            "open": "2.469",
            "high": "2.469",
            "low": "2.469",
            "close": "2.472"
        },
        {
            "time": "07.12.2020 08:30",
            "open": "2.472",
            "high": "2.472",
            "low": "2.472",
            "close": "2.471"
        },
        {
            "time": "07.12.2020 08:31",
            "open": "2.471",
            "high": "2.473",
            "low": "2.471",
            "close": "2.466"
        },
        {
            "time": "07.12.2020 08:35",
            "open": "2.466",
            "high": "2.466",
            "low": "2.464",
            "close": "2.468"
        },
        {
            "time": "07.12.2020 08:43",
            "open": "2.468",
            "high": "2.468",
            "low": "2.468",
            "close": "2.467"
        },
        {
            "time": "07.12.2020 08:45",
            "open": "2.467",
            "high": "2.467",
            "low": "2.467",
            "close": "2.471"
        },
        {
            "time": "07.12.2020 08:54",
            "open": "2.471",
            "high": "2.471",
            "low": "2.471",
            "close": "2.469"
        },
        {
            "time": "07.12.2020 08:58",
            "open": "2.469",
            "high": "2.469",
            "low": "2.469",
            "close": "2.469"
        },
        {
            "time": "07.12.2020 09:01",
            "open": "2.469",
            "high": "2.469",
            "low": "2.469",
            "close": "2.459"
        },
        {
            "time": "07.12.2020 09:04",
            "open": "2.459",
            "high": "2.459",
            "low": "2.459",
            "close": "2.465"
        },
        {
            "time": "07.12.2020 09:05",
            "open": "2.465",
            "high": "2.465",
            "low": "2.465",
            "close": "2.459"
        },
        {
            "time": "07.12.2020 09:06",
            "open": "2.459",
            "high": "2.459",
            "low": "2.459",
            "close": "2.46"
        },
        {
            "time": "07.12.2020 09:10",
            "open": "2.46",
            "high": "2.46",
            "low": "2.46",
            "close": "2.461"
        },
        {
            "time": "07.12.2020 09:20",
            "open": "2.461",
            "high": "2.462",
            "low": "2.461",
            "close": "2.459"
        },
        {
            "time": "07.12.2020 09:21",
            "open": "2.459",
            "high": "2.459",
            "low": "2.458",
            "close": "2.457"
        },
        {
            "time": "07.12.2020 09:34",
            "open": "2.457",
            "high": "2.457",
            "low": "2.455",
            "close": "2.457"
        },
        {
            "time": "07.12.2020 09:35",
            "open": "2.457",
            "high": "2.457",
            "low": "2.457",
            "close": "2.46"
        },
        {
            "time": "07.12.2020 09:36",
            "open": "2.46",
            "high": "2.46",
            "low": "2.456",
            "close": "2.455"
        },
        {
            "time": "07.12.2020 09:37",
            "open": "2.455",
            "high": "2.455",
            "low": "2.455",
            "close": "2.459"
        },
        {
            "time": "07.12.2020 09:42",
            "open": "2.459",
            "high": "2.459",
            "low": "2.459",
            "close": "2.457"
        },
        {
            "time": "07.12.2020 09:48",
            "open": "2.457",
            "high": "2.457",
            "low": "2.457",
            "close": "2.456"
        },
        {
            "time": "07.12.2020 09:50",
            "open": "2.456",
            "high": "2.457",
            "low": "2.455",
            "close": "2.453"
        },
        {
            "time": "07.12.2020 09:52",
            "open": "2.453",
            "high": "2.453",
            "low": "2.449",
            "close": "2.454"
        },
        {
            "time": "07.12.2020 10:04",
            "open": "2.454",
            "high": "2.454",
            "low": "2.454",
            "close": "2.456"
        },
        {
            "time": "07.12.2020 10:05",
            "open": "2.456",
            "high": "2.459",
            "low": "2.456",
            "close": "2.456"
        },
        {
            "time": "07.12.2020 10:10",
            "open": "2.456",
            "high": "2.456",
            "low": "2.455",
            "close": "2.454"
        },
        {
            "time": "07.12.2020 10:13",
            "open": "2.454",
            "high": "2.454",
            "low": "2.454",
            "close": "2.457"
        },
        {
            "time": "07.12.2020 10:14",
            "open": "2.457",
            "high": "2.457",
            "low": "2.457",
            "close": "2.46"
        },
        {
            "time": "07.12.2020 10:17",
            "open": "2.46",
            "high": "2.46",
            "low": "2.46",
            "close": "2.457"
        },
        {
            "time": "07.12.2020 10:20",
            "open": "2.457",
            "high": "2.457",
            "low": "2.457",
            "close": "2.458"
        },
        {
            "time": "07.12.2020 10:22",
            "open": "2.458",
            "high": "2.458",
            "low": "2.458",
            "close": "2.458"
        },
        {
            "time": "07.12.2020 10:23",
            "open": "2.458",
            "high": "2.458",
            "low": "2.458",
            "close": "2.454"
        },
        {
            "time": "07.12.2020 10:30",
            "open": "2.454",
            "high": "2.454",
            "low": "2.454",
            "close": "2.462"
        },
        {
            "time": "07.12.2020 10:44",
            "open": "2.462",
            "high": "2.462",
            "low": "2.462",
            "close": "2.462"
        },
        {
            "time": "07.12.2020 10:45",
            "open": "2.462",
            "high": "2.462",
            "low": "2.462",
            "close": "2.462"
        },
        {
            "time": "07.12.2020 10:48",
            "open": "2.462",
            "high": "2.462",
            "low": "2.462",
            "close": "2.461"
        },
        {
            "time": "07.12.2020 10:50",
            "open": "2.461",
            "high": "2.461",
            "low": "2.461",
            "close": "2.461"
        },
        {
            "time": "07.12.2020 10:53",
            "open": "2.461",
            "high": "2.461",
            "low": "2.461",
            "close": "2.457"
        },
        {
            "time": "07.12.2020 10:56",
            "open": "2.457",
            "high": "2.457",
            "low": "2.457",
            "close": "2.456"
        },
        {
            "time": "07.12.2020 11:01",
            "open": "2.456",
            "high": "2.456",
            "low": "2.456",
            "close": "2.455"
        },
        {
            "time": "07.12.2020 11:03",
            "open": "2.455",
            "high": "2.455",
            "low": "2.455",
            "close": "2.45"
        },
        {
            "time": "07.12.2020 11:09",
            "open": "2.45",
            "high": "2.45",
            "low": "2.45",
            "close": "2.457"
        },
        {
            "time": "07.12.2020 11:19",
            "open": "2.457",
            "high": "2.457",
            "low": "2.457",
            "close": "2.458"
        },
        {
            "time": "07.12.2020 11:20",
            "open": "2.458",
            "high": "2.458",
            "low": "2.458",
            "close": "2.453"
        },
        {
            "time": "07.12.2020 11:27",
            "open": "2.453",
            "high": "2.453",
            "low": "2.453",
            "close": "2.451"
        },
        {
            "time": "07.12.2020 11:29",
            "open": "2.451",
            "high": "2.451",
            "low": "2.451",
            "close": "2.457"
        },
        {
            "time": "07.12.2020 11:40",
            "open": "2.457",
            "high": "2.457",
            "low": "2.457",
            "close": "2.458"
        },
        {
            "time": "07.12.2020 11:46",
            "open": "2.458",
            "high": "2.458",
            "low": "2.458",
            "close": "2.454"
        },
        {
            "time": "07.12.2020 11:58",
            "open": "2.454",
            "high": "2.454",
            "low": "2.454",
            "close": "2.454"
        },
        {
            "time": "07.12.2020 12:00",
            "open": "2.454",
            "high": "2.454",
            "low": "2.454",
            "close": "2.46"
        },
        {
            "time": "07.12.2020 12:13",
            "open": "2.46",
            "high": "2.46",
            "low": "2.46",
            "close": "2.455"
        },
        {
            "time": "07.12.2020 12:17",
            "open": "2.455",
            "high": "2.455",
            "low": "2.455",
            "close": "2.455"
        },
        {
            "time": "07.12.2020 12:18",
            "open": "2.455",
            "high": "2.455",
            "low": "2.455",
            "close": "2.456"
        },
        {
            "time": "07.12.2020 12:19",
            "open": "2.456",
            "high": "2.456",
            "low": "2.456",
            "close": "2.459"
        },
        {
            "time": "07.12.2020 12:24",
            "open": "2.459",
            "high": "2.459",
            "low": "2.459",
            "close": "2.455"
        },
        {
            "time": "07.12.2020 12:28",
            "open": "2.455",
            "high": "2.455",
            "low": "2.455",
            "close": "2.45"
        },
        {
            "time": "07.12.2020 12:34",
            "open": "2.45",
            "high": "2.45",
            "low": "2.45",
            "close": "2.45"
        },
        {
            "time": "07.12.2020 12:36",
            "open": "2.45",
            "high": "2.45",
            "low": "2.45",
            "close": "2.453"
        },
        {
            "time": "07.12.2020 12:37",
            "open": "2.453",
            "high": "2.453",
            "low": "2.453",
            "close": "2.45"
        },
        {
            "time": "07.12.2020 12:54",
            "open": "2.45",
            "high": "2.45",
            "low": "2.45",
            "close": "2.447"
        },
        {
            "time": "07.12.2020 12:55",
            "open": "2.447",
            "high": "2.447",
            "low": "2.446",
            "close": "2.442"
        },
        {
            "time": "07.12.2020 12:59",
            "open": "2.442",
            "high": "2.442",
            "low": "2.442",
            "close": "2.442"
        },
        {
            "time": "07.12.2020 13:02",
            "open": "2.442",
            "high": "2.442",
            "low": "2.44",
            "close": "2.443"
        },
        {
            "time": "07.12.2020 13:04",
            "open": "2.443",
            "high": "2.443",
            "low": "2.443",
            "close": "2.448"
        },
        {
            "time": "07.12.2020 13:06",
            "open": "2.448",
            "high": "2.448",
            "low": "2.448",
            "close": "2.448"
        },
        {
            "time": "07.12.2020 13:10",
            "open": "2.448",
            "high": "2.448",
            "low": "2.448",
            "close": "2.448"
        },
        {
            "time": "07.12.2020 13:14",
            "open": "2.448",
            "high": "2.448",
            "low": "2.448",
            "close": "2.448"
        },
        {
            "time": "07.12.2020 13:16",
            "open": "2.448",
            "high": "2.448",
            "low": "2.448",
            "close": "2.442"
        },
        {
            "time": "07.12.2020 13:19",
            "open": "2.442",
            "high": "2.442",
            "low": "2.442",
            "close": "2.453"
        },
        {
            "time": "07.12.2020 13:26",
            "open": "2.453",
            "high": "2.453",
            "low": "2.453",
            "close": "2.453"
        },
        {
            "time": "07.12.2020 13:27",
            "open": "2.453",
            "high": "2.453",
            "low": "2.453",
            "close": "2.457"
        },
        {
            "time": "07.12.2020 13:29",
            "open": "2.457",
            "high": "2.457",
            "low": "2.457",
            "close": "2.459"
        },
        {
            "time": "07.12.2020 13:37",
            "open": "2.459",
            "high": "2.459",
            "low": "2.459",
            "close": "2.462"
        },
        {
            "time": "07.12.2020 13:38",
            "open": "2.462",
            "high": "2.462",
            "low": "2.462",
            "close": "2.472"
        },
        {
            "time": "07.12.2020 13:40",
            "open": "2.472",
            "high": "2.472",
            "low": "2.472",
            "close": "2.467"
        },
        {
            "time": "07.12.2020 13:42",
            "open": "2.467",
            "high": "2.468",
            "low": "2.467",
            "close": "2.472"
        },
        {
            "time": "07.12.2020 13:45",
            "open": "2.472",
            "high": "2.472",
            "low": "2.465",
            "close": "2.469"
        },
        {
            "time": "07.12.2020 13:47",
            "open": "2.469",
            "high": "2.469",
            "low": "2.469",
            "close": "2.47"
        },
        {
            "time": "07.12.2020 13:48",
            "open": "2.47",
            "high": "2.47",
            "low": "2.47",
            "close": "2.472"
        },
        {
            "time": "07.12.2020 13:49",
            "open": "2.472",
            "high": "2.472",
            "low": "2.472",
            "close": "2.471"
        },
        {
            "time": "07.12.2020 13:51",
            "open": "2.471",
            "high": "2.471",
            "low": "2.471",
            "close": "2.47"
        },
        {
            "time": "07.12.2020 13:52",
            "open": "2.47",
            "high": "2.47",
            "low": "2.47",
            "close": "2.471"
        },
        {
            "time": "07.12.2020 13:55",
            "open": "2.471",
            "high": "2.471",
            "low": "2.471",
            "close": "2.472"
        },
        {
            "time": "07.12.2020 14:00",
            "open": "2.472",
            "high": "2.472",
            "low": "2.472",
            "close": "2.465"
        },
        {
            "time": "07.12.2020 14:07",
            "open": "2.465",
            "high": "2.465",
            "low": "2.465",
            "close": "2.466"
        },
        {
            "time": "07.12.2020 14:10",
            "open": "2.466",
            "high": "2.466",
            "low": "2.466",
            "close": "2.472"
        },
        {
            "time": "07.12.2020 14:18",
            "open": "2.472",
            "high": "2.472",
            "low": "2.47",
            "close": "2.465"
        },
        {
            "time": "07.12.2020 14:21",
            "open": "2.465",
            "high": "2.465",
            "low": "2.465",
            "close": "2.465"
        },
        {
            "time": "07.12.2020 14:33",
            "open": "2.465",
            "high": "2.465",
            "low": "2.465",
            "close": "2.469"
        },
        {
            "time": "07.12.2020 14:34",
            "open": "2.469",
            "high": "2.469",
            "low": "2.469",
            "close": "2.467"
        },
        {
            "time": "07.12.2020 14:37",
            "open": "2.467",
            "high": "2.467",
            "low": "2.467",
            "close": "2.468"
        },
        {
            "time": "07.12.2020 14:43",
            "open": "2.468",
            "high": "2.468",
            "low": "2.467",
            "close": "2.467"
        },
        {
            "time": "07.12.2020 14:46",
            "open": "2.467",
            "high": "2.47",
            "low": "2.467",
            "close": "2.472"
        },
        {
            "time": "07.12.2020 14:48",
            "open": "2.472",
            "high": "2.472",
            "low": "2.472",
            "close": "2.475"
        },
        {
            "time": "07.12.2020 14:49",
            "open": "2.475",
            "high": "2.475",
            "low": "2.475",
            "close": "2.473"
        },
        {
            "time": "07.12.2020 14:53",
            "open": "2.473",
            "high": "2.474",
            "low": "2.473",
            "close": "2.45"
        },
        {
            "time": "07.12.2020 15:03",
            "open": "2.45",
            "high": "2.45",
            "low": "2.45",
            "close": "2.454"
        },
        {
            "time": "07.12.2020 15:05",
            "open": "2.454",
            "high": "2.454",
            "low": "2.454",
            "close": "2.447"
        },
        {
            "time": "07.12.2020 15:07",
            "open": "2.447",
            "high": "2.447",
            "low": "2.447",
            "close": "2.441"
        },
        {
            "time": "07.12.2020 15:10",
            "open": "2.441",
            "high": "2.442",
            "low": "2.44",
            "close": "2.442"
        },
        {
            "time": "07.12.2020 15:16",
            "open": "2.442",
            "high": "2.442",
            "low": "2.44",
            "close": "2.438"
        },
        {
            "time": "07.12.2020 15:17",
            "open": "2.438",
            "high": "2.438",
            "low": "2.438",
            "close": "2.452"
        },
        {
            "time": "07.12.2020 15:22",
            "open": "2.452",
            "high": "2.452",
            "low": "2.452",
            "close": "2.453"
        },
        {
            "time": "07.12.2020 15:23",
            "open": "2.453",
            "high": "2.453",
            "low": "2.453",
            "close": "2.458"
        },
        {
            "time": "07.12.2020 15:27",
            "open": "2.458",
            "high": "2.461",
            "low": "2.458",
            "close": "2.453"
        },
        {
            "time": "07.12.2020 15:40",
            "open": "2.453",
            "high": "2.453",
            "low": "2.453",
            "close": "2.449"
        },
        {
            "time": "07.12.2020 15:45",
            "open": "2.449",
            "high": "2.449",
            "low": "2.449",
            "close": "2.457"
        },
        {
            "time": "07.12.2020 15:48",
            "open": "2.457",
            "high": "2.457",
            "low": "2.457",
            "close": "2.461"
        },
        {
            "time": "07.12.2020 16:01",
            "open": "2.461",
            "high": "2.461",
            "low": "2.461",
            "close": "2.46"
        },
        {
            "time": "07.12.2020 16:05",
            "open": "2.46",
            "high": "2.462",
            "low": "2.459",
            "close": "2.462"
        },
        {
            "time": "07.12.2020 16:11",
            "open": "2.462",
            "high": "2.462",
            "low": "2.462",
            "close": "2.465"
        },
        {
            "time": "07.12.2020 16:24",
            "open": "2.465",
            "high": "2.465",
            "low": "2.465",
            "close": "2.466"
        },
        {
            "time": "07.12.2020 16:32",
            "open": "2.466",
            "high": "2.466",
            "low": "2.466",
            "close": "2.467"
        },
        {
            "time": "07.12.2020 16:44",
            "open": "2.467",
            "high": "2.467",
            "low": "2.467",
            "close": "2.467"
        },
        {
            "time": "07.12.2020 16:45",
            "open": "2.467",
            "high": "2.467",
            "low": "2.467",
            "close": "2.47"
        },
        {
            "time": "07.12.2020 16:48",
            "open": "2.47",
            "high": "2.47",
            "low": "2.47",
            "close": "2.465"
        },
        {
            "time": "07.12.2020 16:49",
            "open": "2.465",
            "high": "2.465",
            "low": "2.465",
            "close": "2.465"
        },
        {
            "time": "07.12.2020 16:51",
            "open": "2.465",
            "high": "2.465",
            "low": "2.465",
            "close": "2.465"
        },
        {
            "time": "07.12.2020 16:52",
            "open": "2.465",
            "high": "2.465",
            "low": "2.465",
            "close": "2.468"
        },
        {
            "time": "07.12.2020 16:54",
            "open": "2.468",
            "high": "2.469",
            "low": "2.464",
            "close": "2.466"
        },
        {
            "time": "07.12.2020 16:56",
            "open": "2.466",
            "high": "2.466",
            "low": "2.466",
            "close": "2.468"
        },
        {
            "time": "07.12.2020 17:00",
            "open": "2.468",
            "high": "2.474",
            "low": "2.468",
            "close": "2.474"
        },
        {
            "time": "07.12.2020 17:01",
            "open": "2.474",
            "high": "2.481",
            "low": "2.474",
            "close": "2.476"
        },
        {
            "time": "07.12.2020 17:02",
            "open": "2.476",
            "high": "2.476",
            "low": "2.476",
            "close": "2.47"
        },
        {
            "time": "07.12.2020 17:05",
            "open": "2.47",
            "high": "2.47",
            "low": "2.47",
            "close": "2.466"
        },
        {
            "time": "07.12.2020 17:08",
            "open": "2.466",
            "high": "2.468",
            "low": "2.466",
            "close": "2.471"
        },
        {
            "time": "07.12.2020 17:09",
            "open": "2.471",
            "high": "2.471",
            "low": "2.471",
            "close": "2.47"
        },
        {
            "time": "07.12.2020 17:10",
            "open": "2.47",
            "high": "2.47",
            "low": "2.468",
            "close": "2.468"
        },
        {
            "time": "07.12.2020 17:12",
            "open": "2.468",
            "high": "2.468",
            "low": "2.468",
            "close": "2.471"
        },
        {
            "time": "07.12.2020 17:13",
            "open": "2.471",
            "high": "2.471",
            "low": "2.471",
            "close": "2.471"
        },
        {
            "time": "07.12.2020 17:14",
            "open": "2.471",
            "high": "2.471",
            "low": "2.471",
            "close": "2.471"
        },
        {
            "time": "07.12.2020 17:15",
            "open": "2.471",
            "high": "2.471",
            "low": "2.471",
            "close": "2.473"
        },
        {
            "time": "07.12.2020 17:17",
            "open": "2.473",
            "high": "2.473",
            "low": "2.473",
            "close": "2.472"
        },
        {
            "time": "07.12.2020 17:18",
            "open": "2.472",
            "high": "2.472",
            "low": "2.469",
            "close": "2.469"
        },
        {
            "time": "07.12.2020 17:19",
            "open": "2.469",
            "high": "2.472",
            "low": "2.469",
            "close": "2.473"
        },
        {
            "time": "07.12.2020 17:23",
            "open": "2.473",
            "high": "2.473",
            "low": "2.473",
            "close": "2.472"
        },
        {
            "time": "07.12.2020 17:25",
            "open": "2.472",
            "high": "2.472",
            "low": "2.472",
            "close": "2.47"
        },
        {
            "time": "07.12.2020 17:26",
            "open": "2.47",
            "high": "2.47",
            "low": "2.47",
            "close": "2.462"
        },
        {
            "time": "07.12.2020 17:31",
            "open": "2.462",
            "high": "2.465",
            "low": "2.461",
            "close": "2.463"
        },
        {
            "time": "07.12.2020 17:32",
            "open": "2.463",
            "high": "2.463",
            "low": "2.463",
            "close": "2.463"
        },
        {
            "time": "07.12.2020 17:33",
            "open": "2.463",
            "high": "2.463",
            "low": "2.457",
            "close": "2.455"
        },
        {
            "time": "07.12.2020 17:34",
            "open": "2.455",
            "high": "2.455",
            "low": "2.455",
            "close": "2.453"
        },
        {
            "time": "07.12.2020 17:35",
            "open": "2.453",
            "high": "2.453",
            "low": "2.447",
            "close": "2.448"
        },
        {
            "time": "07.12.2020 17:36",
            "open": "2.448",
            "high": "2.448",
            "low": "2.443",
            "close": "2.446"
        },
        {
            "time": "07.12.2020 17:37",
            "open": "2.446",
            "high": "2.448",
            "low": "2.445",
            "close": "2.447"
        },
        {
            "time": "07.12.2020 17:38",
            "open": "2.447",
            "high": "2.447",
            "low": "2.447",
            "close": "2.444"
        },
        {
            "time": "07.12.2020 17:39",
            "open": "2.444",
            "high": "2.444",
            "low": "2.444",
            "close": "2.444"
        },
        {
            "time": "07.12.2020 17:40",
            "open": "2.444",
            "high": "2.444",
            "low": "2.444",
            "close": "2.444"
        },
        {
            "time": "07.12.2020 17:41",
            "open": "2.444",
            "high": "2.444",
            "low": "2.444",
            "close": "2.444"
        },
        {
            "time": "07.12.2020 17:42",
            "open": "2.444",
            "high": "2.446",
            "low": "2.444",
            "close": "2.447"
        },
        {
            "time": "07.12.2020 17:43",
            "open": "2.447",
            "high": "2.447",
            "low": "2.447",
            "close": "2.446"
        },
        {
            "time": "07.12.2020 17:44",
            "open": "2.446",
            "high": "2.446",
            "low": "2.446",
            "close": "2.445"
        },
        {
            "time": "07.12.2020 17:46",
            "open": "2.445",
            "high": "2.448",
            "low": "2.445",
            "close": "2.447"
        },
        {
            "time": "07.12.2020 17:47",
            "open": "2.447",
            "high": "2.447",
            "low": "2.447",
            "close": "2.448"
        },
        {
            "time": "07.12.2020 17:48",
            "open": "2.448",
            "high": "2.448",
            "low": "2.448",
            "close": "2.45"
        },
        {
            "time": "07.12.2020 17:50",
            "open": "2.45",
            "high": "2.45",
            "low": "2.45",
            "close": "2.45"
        },
        {
            "time": "07.12.2020 17:54",
            "open": "2.45",
            "high": "2.45",
            "low": "2.45",
            "close": "2.447"
        },
        {
            "time": "07.12.2020 17:56",
            "open": "2.447",
            "high": "2.449",
            "low": "2.446",
            "close": "2.447"
        },
        {
            "time": "07.12.2020 17:57",
            "open": "2.447",
            "high": "2.447",
            "low": "2.444",
            "close": "2.443"
        },
        {
            "time": "07.12.2020 18:00",
            "open": "2.443",
            "high": "2.447",
            "low": "2.443",
            "close": "2.446"
        },
        {
            "time": "07.12.2020 18:01",
            "open": "2.446",
            "high": "2.446",
            "low": "2.443",
            "close": "2.443"
        },
        {
            "time": "07.12.2020 18:02",
            "open": "2.443",
            "high": "2.443",
            "low": "2.44",
            "close": "2.442"
        },
        {
            "time": "07.12.2020 18:03",
            "open": "2.442",
            "high": "2.442",
            "low": "2.442",
            "close": "2.441"
        },
        {
            "time": "07.12.2020 18:04",
            "open": "2.441",
            "high": "2.441",
            "low": "2.441",
            "close": "2.441"
        },
        {
            "time": "07.12.2020 18:05",
            "open": "2.441",
            "high": "2.441",
            "low": "2.441",
            "close": "2.443"
        },
        {
            "time": "07.12.2020 18:08",
            "open": "2.443",
            "high": "2.443",
            "low": "2.443",
            "close": "2.446"
        },
        {
            "time": "07.12.2020 18:20",
            "open": "2.446",
            "high": "2.446",
            "low": "2.444",
            "close": "2.445"
        },
        {
            "time": "07.12.2020 18:24",
            "open": "2.445",
            "high": "2.445",
            "low": "2.445",
            "close": "2.446"
        },
        {
            "time": "07.12.2020 18:25",
            "open": "2.446",
            "high": "2.446",
            "low": "2.446",
            "close": "2.444"
        },
        {
            "time": "07.12.2020 18:26",
            "open": "2.444",
            "high": "2.444",
            "low": "2.444",
            "close": "2.442"
        },
        {
            "time": "07.12.2020 18:35",
            "open": "2.442",
            "high": "2.442",
            "low": "2.442",
            "close": "2.441"
        },
        {
            "time": "07.12.2020 18:43",
            "open": "2.441",
            "high": "2.441",
            "low": "2.441",
            "close": "2.444"
        },
        {
            "time": "07.12.2020 18:46",
            "open": "2.444",
            "high": "2.444",
            "low": "2.444",
            "close": "2.441"
        },
        {
            "time": "07.12.2020 18:47",
            "open": "2.441",
            "high": "2.441",
            "low": "2.441",
            "close": "2.445"
        },
        {
            "time": "07.12.2020 18:49",
            "open": "2.445",
            "high": "2.445",
            "low": "2.445",
            "close": "2.443"
        },
        {
            "time": "07.12.2020 18:53",
            "open": "2.443",
            "high": "2.443",
            "low": "2.443",
            "close": "2.441"
        },
        {
            "time": "07.12.2020 18:56",
            "open": "2.441",
            "high": "2.441",
            "low": "2.44",
            "close": "2.44"
        },
        {
            "time": "07.12.2020 19:00",
            "open": "2.44",
            "high": "2.44",
            "low": "2.437",
            "close": "2.44"
        },
        {
            "time": "07.12.2020 19:02",
            "open": "2.44",
            "high": "2.44",
            "low": "2.44",
            "close": "2.441"
        },
        {
            "time": "07.12.2020 19:05",
            "open": "2.441",
            "high": "2.441",
            "low": "2.441",
            "close": "2.44"
        },
        {
            "time": "07.12.2020 19:07",
            "open": "2.44",
            "high": "2.44",
            "low": "2.44",
            "close": "2.438"
        },
        {
            "time": "07.12.2020 19:10",
            "open": "2.438",
            "high": "2.438",
            "low": "2.438",
            "close": "2.427"
        },
        {
            "time": "07.12.2020 19:13",
            "open": "2.427",
            "high": "2.433",
            "low": "2.427",
            "close": "2.432"
        },
        {
            "time": "07.12.2020 19:14",
            "open": "2.432",
            "high": "2.432",
            "low": "2.432",
            "close": "2.431"
        },
        {
            "time": "07.12.2020 19:15",
            "open": "2.431",
            "high": "2.432",
            "low": "2.431",
            "close": "2.426"
        },
        {
            "time": "07.12.2020 19:18",
            "open": "2.426",
            "high": "2.426",
            "low": "2.425",
            "close": "2.422"
        },
        {
            "time": "07.12.2020 19:19",
            "open": "2.422",
            "high": "2.422",
            "low": "2.413",
            "close": "2.415"
        },
        {
            "time": "07.12.2020 19:20",
            "open": "2.415",
            "high": "2.415",
            "low": "2.414",
            "close": "2.414"
        },
        {
            "time": "07.12.2020 19:21",
            "open": "2.414",
            "high": "2.415",
            "low": "2.414",
            "close": "2.414"
        },
        {
            "time": "07.12.2020 19:22",
            "open": "2.414",
            "high": "2.414",
            "low": "2.404",
            "close": "2.405"
        },
        {
            "time": "07.12.2020 19:23",
            "open": "2.405",
            "high": "2.411",
            "low": "2.404",
            "close": "2.406"
        },
        {
            "time": "07.12.2020 19:24",
            "open": "2.406",
            "high": "2.408",
            "low": "2.406",
            "close": "2.409"
        },
        {
            "time": "07.12.2020 19:25",
            "open": "2.409",
            "high": "2.409",
            "low": "2.406",
            "close": "2.407"
        },
        {
            "time": "07.12.2020 19:26",
            "open": "2.407",
            "high": "2.408",
            "low": "2.405",
            "close": "2.406"
        },
        {
            "time": "07.12.2020 19:27",
            "open": "2.406",
            "high": "2.407",
            "low": "2.406",
            "close": "2.407"
        },
        {
            "time": "07.12.2020 19:29",
            "open": "2.407",
            "high": "2.408",
            "low": "2.405",
            "close": "2.404"
        },
        {
            "time": "07.12.2020 19:30",
            "open": "2.404",
            "high": "2.405",
            "low": "2.404",
            "close": "2.405"
        },
        {
            "time": "07.12.2020 19:31",
            "open": "2.405",
            "high": "2.405",
            "low": "2.405",
            "close": "2.407"
        },
        {
            "time": "07.12.2020 19:32",
            "open": "2.407",
            "high": "2.407",
            "low": "2.407",
            "close": "2.407"
        },
        {
            "time": "07.12.2020 19:38",
            "open": "2.407",
            "high": "2.407",
            "low": "2.407",
            "close": "2.404"
        },
        {
            "time": "07.12.2020 19:40",
            "open": "2.404",
            "high": "2.404",
            "low": "2.404",
            "close": "2.406"
        },
        {
            "time": "07.12.2020 19:43",
            "open": "2.406",
            "high": "2.406",
            "low": "2.406",
            "close": "2.404"
        },
        {
            "time": "07.12.2020 19:44",
            "open": "2.404",
            "high": "2.404",
            "low": "2.404",
            "close": "2.404"
        },
        {
            "time": "07.12.2020 19:45",
            "open": "2.404",
            "high": "2.406",
            "low": "2.404",
            "close": "2.401"
        },
        {
            "time": "07.12.2020 19:46",
            "open": "2.401",
            "high": "2.401",
            "low": "2.401",
            "close": "2.404"
        },
        {
            "time": "07.12.2020 19:47",
            "open": "2.404",
            "high": "2.404",
            "low": "2.404",
            "close": "2.405"
        },
        {
            "time": "07.12.2020 19:49",
            "open": "2.405",
            "high": "2.406",
            "low": "2.405",
            "close": "2.408"
        },
        {
            "time": "07.12.2020 19:50",
            "open": "2.408",
            "high": "2.412",
            "low": "2.408",
            "close": "2.411"
        },
        {
            "time": "07.12.2020 19:51",
            "open": "2.411",
            "high": "2.411",
            "low": "2.409",
            "close": "2.413"
        },
        {
            "time": "07.12.2020 19:52",
            "open": "2.413",
            "high": "2.413",
            "low": "2.413",
            "close": "2.411"
        },
        {
            "time": "07.12.2020 19:53",
            "open": "2.411",
            "high": "2.412",
            "low": "2.411",
            "close": "2.407"
        },
        {
            "time": "07.12.2020 19:54",
            "open": "2.407",
            "high": "2.408",
            "low": "2.407",
            "close": "2.413"
        },
        {
            "time": "07.12.2020 20:04",
            "open": "2.413",
            "high": "2.418",
            "low": "2.413",
            "close": "2.415"
        },
        {
            "time": "07.12.2020 20:09",
            "open": "2.415",
            "high": "2.415",
            "low": "2.415",
            "close": "2.414"
        },
        {
            "time": "07.12.2020 20:10",
            "open": "2.414",
            "high": "2.414",
            "low": "2.414",
            "close": "2.41"
        },
        {
            "time": "07.12.2020 20:15",
            "open": "2.41",
            "high": "2.41",
            "low": "2.41",
            "close": "2.413"
        },
        {
            "time": "07.12.2020 20:16",
            "open": "2.413",
            "high": "2.413",
            "low": "2.413",
            "close": "2.413"
        },
        {
            "time": "07.12.2020 20:23",
            "open": "2.413",
            "high": "2.413",
            "low": "2.413",
            "close": "2.412"
        },
        {
            "time": "07.12.2020 20:38",
            "open": "2.412",
            "high": "2.412",
            "low": "2.412",
            "close": "2.412"
        },
        {
            "time": "07.12.2020 20:40",
            "open": "2.412",
            "high": "2.412",
            "low": "2.412",
            "close": "2.412"
        },
        {
            "time": "07.12.2020 20:41",
            "open": "2.412",
            "high": "2.412",
            "low": "2.412",
            "close": "2.413"
        },
        {
            "time": "07.12.2020 20:43",
            "open": "2.413",
            "high": "2.413",
            "low": "2.413",
            "close": "2.411"
        },
        {
            "time": "07.12.2020 20:47",
            "open": "2.411",
            "high": "2.411",
            "low": "2.411",
            "close": "2.408"
        },
        {
            "time": "07.12.2020 20:50",
            "open": "2.408",
            "high": "2.408",
            "low": "2.408",
            "close": "2.41"
        },
        {
            "time": "07.12.2020 20:51",
            "open": "2.41",
            "high": "2.41",
            "low": "2.41",
            "close": "2.412"
        },
        {
            "time": "07.12.2020 20:52",
            "open": "2.412",
            "high": "2.412",
            "low": "2.412",
            "close": "2.415"
        },
        {
            "time": "07.12.2020 20:53",
            "open": "2.415",
            "high": "2.415",
            "low": "2.415",
            "close": "2.416"
        },
        {
            "time": "07.12.2020 20:56",
            "open": "2.416",
            "high": "2.416",
            "low": "2.416",
            "close": "2.415"
        },
        {
            "time": "07.12.2020 20:59",
            "open": "2.415",
            "high": "2.415",
            "low": "2.415",
            "close": "2.413"
        },
        {
            "time": "07.12.2020 21:01",
            "open": "2.413",
            "high": "2.413",
            "low": "2.412",
            "close": "2.411"
        },
        {
            "time": "07.12.2020 21:02",
            "open": "2.411",
            "high": "2.411",
            "low": "2.411",
            "close": "2.411"
        },
        {
            "time": "07.12.2020 21:04",
            "open": "2.411",
            "high": "2.411",
            "low": "2.409",
            "close": "2.412"
        },
        {
            "time": "07.12.2020 21:10",
            "open": "2.412",
            "high": "2.412",
            "low": "2.412",
            "close": "2.408"
        },
        {
            "time": "07.12.2020 21:14",
            "open": "2.408",
            "high": "2.412",
            "low": "2.408",
            "close": "2.409"
        },
        {
            "time": "07.12.2020 21:15",
            "open": "2.409",
            "high": "2.409",
            "low": "2.409",
            "close": "2.409"
        },
        {
            "time": "07.12.2020 21:17",
            "open": "2.409",
            "high": "2.409",
            "low": "2.409",
            "close": "2.415"
        },
        {
            "time": "07.12.2020 21:20",
            "open": "2.417",
            "high": "2.417",
            "low": "2.417",
            "close": "2.419"
        },
        {
            "time": "07.12.2020 21:23",
            "open": "2.419",
            "high": "2.419",
            "low": "2.419",
            "close": "2.422"
        },
        {
            "time": "07.12.2020 21:27",
            "open": "2.422",
            "high": "2.422",
            "low": "2.422",
            "close": "2.42"
        },
        {
            "time": "07.12.2020 21:31",
            "open": "2.42",
            "high": "2.42",
            "low": "2.42",
            "close": "2.422"
        },
        {
            "time": "07.12.2020 21:36",
            "open": "2.422",
            "high": "2.422",
            "low": "2.422",
            "close": "2.42"
        },
        {
            "time": "07.12.2020 21:39",
            "open": "2.42",
            "high": "2.42",
            "low": "2.42",
            "close": "2.424"
        },
        {
            "time": "07.12.2020 21:40",
            "open": "2.424",
            "high": "2.424",
            "low": "2.424",
            "close": "2.417"
        },
        {
            "time": "07.12.2020 21:45",
            "open": "2.417",
            "high": "2.417",
            "low": "2.417",
            "close": "2.42"
        },
        {
            "time": "07.12.2020 21:47",
            "open": "2.42",
            "high": "2.42",
            "low": "2.42",
            "close": "2.416"
        },
        {
            "time": "07.12.2020 21:48",
            "open": "2.416",
            "high": "2.416",
            "low": "2.416",
            "close": "2.42"
        },
        {
            "time": "07.12.2020 21:53",
            "open": "2.42",
            "high": "2.42",
            "low": "2.42",
            "close": "2.419"
        },
        {
            "time": "07.12.2020 21:54",
            "open": "2.419",
            "high": "2.419",
            "low": "2.419",
            "close": "2.418"
        },
        {
            "time": "07.12.2020 21:56",
            "open": "2.418",
            "high": "2.418",
            "low": "2.418",
            "close": "2.415"
        },
        {
            "time": "07.12.2020 22:00",
            "open": "2.415",
            "high": "2.415",
            "low": "2.415",
            "close": "2.413"
        },
        {
            "time": "07.12.2020 22:01",
            "open": "2.413",
            "high": "2.413",
            "low": "2.413",
            "close": "2.413"
        },
        {
            "time": "07.12.2020 22:02",
            "open": "2.413",
            "high": "2.413",
            "low": "2.413",
            "close": "2.418"
        },
        {
            "time": "07.12.2020 22:10",
            "open": "2.418",
            "high": "2.418",
            "low": "2.418",
            "close": "2.419"
        },
        {
            "time": "07.12.2020 22:26",
            "open": "2.419",
            "high": "2.419",
            "low": "2.419",
            "close": "2.422"
        },
        {
            "time": "07.12.2020 22:31",
            "open": "2.422",
            "high": "2.422",
            "low": "2.422",
            "close": "2.42"
        },
        {
            "time": "07.12.2020 22:32",
            "open": "2.42",
            "high": "2.42",
            "low": "2.42",
            "close": "2.422"
        },
        {
            "time": "07.12.2020 22:42",
            "open": "2.422",
            "high": "2.422",
            "low": "2.422",
            "close": "2.425"
        },
        {
            "time": "07.12.2020 22:49",
            "open": "2.425",
            "high": "2.425",
            "low": "2.425",
            "close": "2.425"
        },
        {
            "time": "07.12.2020 22:50",
            "open": "2.425",
            "high": "2.425",
            "low": "2.425",
            "close": "2.422"
        },
        {
            "time": "07.12.2020 22:58",
            "open": "2.422",
            "high": "2.422",
            "low": "2.422",
            "close": "2.425"
        },
        {
            "time": "07.12.2020 23:03",
            "open": "2.425",
            "high": "2.425",
            "low": "2.425",
            "close": "2.429"
        },
        {
            "time": "07.12.2020 23:17",
            "open": "2.429",
            "high": "2.429",
            "low": "2.429",
            "close": "2.435"
        },
        {
            "time": "07.12.2020 23:19",
            "open": "2.435",
            "high": "2.435",
            "low": "2.435",
            "close": "2.437"
        },
        {
            "time": "07.12.2020 23:22",
            "open": "2.437",
            "high": "2.437",
            "low": "2.437",
            "close": "2.437"
        },
        {
            "time": "07.12.2020 23:24",
            "open": "2.437",
            "high": "2.437",
            "low": "2.437",
            "close": "2.427"
        },
        {
            "time": "07.12.2020 23:31",
            "open": "2.427",
            "high": "2.427",
            "low": "2.427",
            "close": "2.429"
        },
        {
            "time": "07.12.2020 23:37",
            "open": "2.429",
            "high": "2.429",
            "low": "2.429",
            "close": "2.433"
        },
        {
            "time": "07.12.2020 23:45",
            "open": "2.433",
            "high": "2.433",
            "low": "2.433",
            "close": "2.429"
        },
        {
            "time": "07.12.2020 23:47",
            "open": "2.429",
            "high": "2.429",
            "low": "2.429",
            "close": "2.434"
        },
        {
            "time": "07.12.2020 23:54",
            "open": "2.434",
            "high": "2.434",
            "low": "2.434",
            "close": "2.431"
        },
        {
            "time": "07.12.2020 23:56",
            "open": "2.431",
            "high": "2.431",
            "low": "2.431",
            "close": "2.435"
        }
    ]
}