{
    "EOS-EUR": [
        {
            "time": "08.12.2020 23:59",
            "open": "2.295",
            "high": "2.295",
            "low": "2.29",
            "close": "2.288"
        },
        {
            "time": "09.12.2020 00:00",
            "open": "2.288",
            "high": "2.288",
            "low": "2.27",
            "close": "2.285"
        },
        {
            "time": "09.12.2020 00:01",
            "open": "2.285",
            "high": "2.309",
            "low": "2.285",
            "close": "2.301"
        },
        {
            "time": "09.12.2020 00:02",
            "open": "2.301",
            "high": "2.304",
            "low": "2.293",
            "close": "2.298"
        },
        {
            "time": "09.12.2020 00:03",
            "open": "2.298",
            "high": "2.302",
            "low": "2.297",
            "close": "2.302"
        },
        {
            "time": "09.12.2020 00:04",
            "open": "2.302",
            "high": "2.302",
            "low": "2.298",
            "close": "2.296"
        },
        {
            "time": "09.12.2020 00:05",
            "open": "2.296",
            "high": "2.296",
            "low": "2.286",
            "close": "2.29"
        },
        {
            "time": "09.12.2020 00:06",
            "open": "2.29",
            "high": "2.29",
            "low": "2.288",
            "close": "2.287"
        },
        {
            "time": "09.12.2020 00:07",
            "open": "2.287",
            "high": "2.287",
            "low": "2.287",
            "close": "2.281"
        },
        {
            "time": "09.12.2020 00:08",
            "open": "2.281",
            "high": "2.283",
            "low": "2.281",
            "close": "2.281"
        },
        {
            "time": "09.12.2020 00:09",
            "open": "2.281",
            "high": "2.281",
            "low": "2.28",
            "close": "2.285"
        },
        {
            "time": "09.12.2020 00:10",
            "open": "2.285",
            "high": "2.285",
            "low": "2.284",
            "close": "2.289"
        },
        {
            "time": "09.12.2020 00:11",
            "open": "2.289",
            "high": "2.289",
            "low": "2.285",
            "close": "2.284"
        },
        {
            "time": "09.12.2020 00:12",
            "open": "2.284",
            "high": "2.284",
            "low": "2.284",
            "close": "2.288"
        },
        {
            "time": "09.12.2020 00:13",
            "open": "2.288",
            "high": "2.288",
            "low": "2.284",
            "close": "2.282"
        },
        {
            "time": "09.12.2020 00:14",
            "open": "2.282",
            "high": "2.285",
            "low": "2.282",
            "close": "2.282"
        },
        {
            "time": "09.12.2020 00:15",
            "open": "2.282",
            "high": "2.282",
            "low": "2.278",
            "close": "2.281"
        },
        {
            "time": "09.12.2020 00:16",
            "open": "2.281",
            "high": "2.289",
            "low": "2.281",
            "close": "2.291"
        },
        {
            "time": "09.12.2020 00:17",
            "open": "2.291",
            "high": "2.295",
            "low": "2.291",
            "close": "2.301"
        },
        {
            "time": "09.12.2020 00:18",
            "open": "2.301",
            "high": "2.301",
            "low": "2.296",
            "close": "2.299"
        },
        {
            "time": "09.12.2020 00:19",
            "open": "2.299",
            "high": "2.302",
            "low": "2.293",
            "close": "2.302"
        },
        {
            "time": "09.12.2020 00:20",
            "open": "2.302",
            "high": "2.304",
            "low": "2.302",
            "close": "2.303"
        },
        {
            "time": "09.12.2020 00:21",
            "open": "2.303",
            "high": "2.303",
            "low": "2.302",
            "close": "2.304"
        },
        {
            "time": "09.12.2020 00:22",
            "open": "2.304",
            "high": "2.304",
            "low": "2.304",
            "close": "2.304"
        },
        {
            "time": "09.12.2020 00:24",
            "open": "2.304",
            "high": "2.304",
            "low": "2.3",
            "close": "2.302"
        },
        {
            "time": "09.12.2020 00:25",
            "open": "2.302",
            "high": "2.302",
            "low": "2.3",
            "close": "2.299"
        },
        {
            "time": "09.12.2020 00:26",
            "open": "2.299",
            "high": "2.299",
            "low": "2.299",
            "close": "2.302"
        },
        {
            "time": "09.12.2020 00:27",
            "open": "2.302",
            "high": "2.302",
            "low": "2.301",
            "close": "2.3"
        },
        {
            "time": "09.12.2020 00:28",
            "open": "2.3",
            "high": "2.3",
            "low": "2.293",
            "close": "2.296"
        },
        {
            "time": "09.12.2020 00:29",
            "open": "2.296",
            "high": "2.296",
            "low": "2.296",
            "close": "2.293"
        },
        {
            "time": "09.12.2020 00:30",
            "open": "2.293",
            "high": "2.293",
            "low": "2.293",
            "close": "2.302"
        },
        {
            "time": "09.12.2020 00:31",
            "open": "2.302",
            "high": "2.302",
            "low": "2.302",
            "close": "2.309"
        },
        {
            "time": "09.12.2020 00:35",
            "open": "2.309",
            "high": "2.309",
            "low": "2.309",
            "close": "2.309"
        },
        {
            "time": "09.12.2020 00:36",
            "open": "2.309",
            "high": "2.31",
            "low": "2.309",
            "close": "2.312"
        },
        {
            "time": "09.12.2020 00:38",
            "open": "2.312",
            "high": "2.319",
            "low": "2.311",
            "close": "2.317"
        },
        {
            "time": "09.12.2020 00:39",
            "open": "2.317",
            "high": "2.317",
            "low": "2.31",
            "close": "2.315"
        },
        {
            "time": "09.12.2020 00:40",
            "open": "2.315",
            "high": "2.317",
            "low": "2.315",
            "close": "2.312"
        },
        {
            "time": "09.12.2020 00:41",
            "open": "2.312",
            "high": "2.312",
            "low": "2.312",
            "close": "2.309"
        },
        {
            "time": "09.12.2020 00:56",
            "open": "2.309",
            "high": "2.312",
            "low": "2.309",
            "close": "2.314"
        },
        {
            "time": "09.12.2020 00:57",
            "open": "2.314",
            "high": "2.316",
            "low": "2.314",
            "close": "2.311"
        },
        {
            "time": "09.12.2020 01:00",
            "open": "2.311",
            "high": "2.316",
            "low": "2.311",
            "close": "2.316"
        },
        {
            "time": "09.12.2020 01:01",
            "open": "2.316",
            "high": "2.316",
            "low": "2.314",
            "close": "2.317"
        },
        {
            "time": "09.12.2020 01:02",
            "open": "2.317",
            "high": "2.32",
            "low": "2.315",
            "close": "2.308"
        },
        {
            "time": "09.12.2020 01:03",
            "open": "2.308",
            "high": "2.309",
            "low": "2.308",
            "close": "2.305"
        },
        {
            "time": "09.12.2020 01:04",
            "open": "2.305",
            "high": "2.305",
            "low": "2.305",
            "close": "2.3"
        },
        {
            "time": "09.12.2020 01:08",
            "open": "2.3",
            "high": "2.3",
            "low": "2.297",
            "close": "2.298"
        },
        {
            "time": "09.12.2020 01:09",
            "open": "2.298",
            "high": "2.298",
            "low": "2.295",
            "close": "2.31"
        },
        {
            "time": "09.12.2020 01:21",
            "open": "2.31",
            "high": "2.31",
            "low": "2.309",
            "close": "2.313"
        },
        {
            "time": "09.12.2020 01:28",
            "open": "2.313",
            "high": "2.313",
            "low": "2.313",
            "close": "2.307"
        },
        {
            "time": "09.12.2020 01:34",
            "open": "2.307",
            "high": "2.307",
            "low": "2.306",
            "close": "2.31"
        },
        {
            "time": "09.12.2020 01:35",
            "open": "2.31",
            "high": "2.31",
            "low": "2.308",
            "close": "2.306"
        },
        {
            "time": "09.12.2020 01:37",
            "open": "2.306",
            "high": "2.306",
            "low": "2.306",
            "close": "2.306"
        },
        {
            "time": "09.12.2020 01:38",
            "open": "2.306",
            "high": "2.306",
            "low": "2.306",
            "close": "2.307"
        },
        {
            "time": "09.12.2020 01:39",
            "open": "2.307",
            "high": "2.307",
            "low": "2.307",
            "close": "2.293"
        },
        {
            "time": "09.12.2020 01:55",
            "open": "2.293",
            "high": "2.293",
            "low": "2.293",
            "close": "2.293"
        },
        {
            "time": "09.12.2020 01:56",
            "open": "2.293",
            "high": "2.293",
            "low": "2.293",
            "close": "2.29"
        },
        {
            "time": "09.12.2020 01:57",
            "open": "2.29",
            "high": "2.29",
            "low": "2.29",
            "close": "2.283"
        },
        {
            "time": "09.12.2020 02:12",
            "open": "2.283",
            "high": "2.283",
            "low": "2.28",
            "close": "2.271"
        },
        {
            "time": "09.12.2020 02:13",
            "open": "2.271",
            "high": "2.276",
            "low": "2.271",
            "close": "2.276"
        },
        {
            "time": "09.12.2020 02:14",
            "open": "2.276",
            "high": "2.28",
            "low": "2.275",
            "close": "2.27"
        },
        {
            "time": "09.12.2020 02:15",
            "open": "2.27",
            "high": "2.273",
            "low": "2.27",
            "close": "2.281"
        },
        {
            "time": "09.12.2020 02:16",
            "open": "2.281",
            "high": "2.31",
            "low": "2.276",
            "close": "2.281"
        },
        {
            "time": "09.12.2020 02:17",
            "open": "2.281",
            "high": "2.281",
            "low": "2.281",
            "close": "2.285"
        },
        {
            "time": "09.12.2020 02:18",
            "open": "2.285",
            "high": "2.286",
            "low": "2.285",
            "close": "2.287"
        },
        {
            "time": "09.12.2020 02:19",
            "open": "2.287",
            "high": "2.287",
            "low": "2.286",
            "close": "2.287"
        },
        {
            "time": "09.12.2020 02:21",
            "open": "2.287",
            "high": "2.287",
            "low": "2.287",
            "close": "2.289"
        },
        {
            "time": "09.12.2020 02:22",
            "open": "2.289",
            "high": "2.289",
            "low": "2.287",
            "close": "2.287"
        },
        {
            "time": "09.12.2020 02:23",
            "open": "2.287",
            "high": "2.288",
            "low": "2.287",
            "close": "2.289"
        },
        {
            "time": "09.12.2020 02:25",
            "open": "2.289",
            "high": "2.289",
            "low": "2.289",
            "close": "2.289"
        },
        {
            "time": "09.12.2020 02:27",
            "open": "2.289",
            "high": "2.289",
            "low": "2.289",
            "close": "2.289"
        },
        {
            "time": "09.12.2020 02:28",
            "open": "2.289",
            "high": "2.289",
            "low": "2.289",
            "close": "2.289"
        },
        {
            "time": "09.12.2020 02:29",
            "open": "2.289",
            "high": "2.289",
            "low": "2.289",
            "close": "2.288"
        },
        {
            "time": "09.12.2020 02:30",
            "open": "2.288",
            "high": "2.288",
            "low": "2.288",
            "close": "2.286"
        },
        {
            "time": "09.12.2020 02:31",
            "open": "2.286",
            "high": "2.286",
            "low": "2.286",
            "close": "2.285"
        },
        {
            "time": "09.12.2020 02:32",
            "open": "2.285",
            "high": "2.285",
            "low": "2.285",
            "close": "2.287"
        },
        {
            "time": "09.12.2020 02:33",
            "open": "2.287",
            "high": "2.287",
            "low": "2.285",
            "close": "2.285"
        },
        {
            "time": "09.12.2020 02:37",
            "open": "2.285",
            "high": "2.285",
            "low": "2.284",
            "close": "2.286"
        },
        {
            "time": "09.12.2020 02:53",
            "open": "2.286",
            "high": "2.286",
            "low": "2.286",
            "close": "2.287"
        },
        {
            "time": "09.12.2020 02:54",
            "open": "2.287",
            "high": "2.287",
            "low": "2.287",
            "close": "2.285"
        },
        {
            "time": "09.12.2020 03:01",
            "open": "2.285",
            "high": "2.285",
            "low": "2.285",
            "close": "2.292"
        },
        {
            "time": "09.12.2020 03:06",
            "open": "2.292",
            "high": "2.292",
            "low": "2.292",
            "close": "2.285"
        },
        {
            "time": "09.12.2020 03:10",
            "open": "2.285",
            "high": "2.285",
            "low": "2.285",
            "close": "2.289"
        },
        {
            "time": "09.12.2020 03:14",
            "open": "2.289",
            "high": "2.289",
            "low": "2.289",
            "close": "2.285"
        },
        {
            "time": "09.12.2020 03:16",
            "open": "2.285",
            "high": "2.285",
            "low": "2.285",
            "close": "2.297"
        },
        {
            "time": "09.12.2020 03:29",
            "open": "2.297",
            "high": "2.297",
            "low": "2.297",
            "close": "2.291"
        },
        {
            "time": "09.12.2020 03:34",
            "open": "2.291",
            "high": "2.291",
            "low": "2.291",
            "close": "2.296"
        },
        {
            "time": "09.12.2020 03:36",
            "open": "2.296",
            "high": "2.296",
            "low": "2.296",
            "close": "2.294"
        },
        {
            "time": "09.12.2020 03:37",
            "open": "2.294",
            "high": "2.294",
            "low": "2.294",
            "close": "2.297"
        },
        {
            "time": "09.12.2020 03:41",
            "open": "2.297",
            "high": "2.297",
            "low": "2.297",
            "close": "2.298"
        },
        {
            "time": "09.12.2020 03:45",
            "open": "2.298",
            "high": "2.298",
            "low": "2.298",
            "close": "2.298"
        },
        {
            "time": "09.12.2020 03:46",
            "open": "2.298",
            "high": "2.298",
            "low": "2.298",
            "close": "2.296"
        },
        {
            "time": "09.12.2020 03:48",
            "open": "2.296",
            "high": "2.296",
            "low": "2.296",
            "close": "2.297"
        },
        {
            "time": "09.12.2020 03:50",
            "open": "2.297",
            "high": "2.297",
            "low": "2.297",
            "close": "2.298"
        },
        {
            "time": "09.12.2020 03:51",
            "open": "2.298",
            "high": "2.298",
            "low": "2.298",
            "close": "2.29"
        },
        {
            "time": "09.12.2020 04:03",
            "open": "2.29",
            "high": "2.29",
            "low": "2.29",
            "close": "2.298"
        },
        {
            "time": "09.12.2020 04:17",
            "open": "2.298",
            "high": "2.298",
            "low": "2.298",
            "close": "2.295"
        },
        {
            "time": "09.12.2020 04:21",
            "open": "2.295",
            "high": "2.295",
            "low": "2.295",
            "close": "2.295"
        },
        {
            "time": "09.12.2020 04:23",
            "open": "2.295",
            "high": "2.295",
            "low": "2.295",
            "close": "2.294"
        },
        {
            "time": "09.12.2020 04:43",
            "open": "2.294",
            "high": "2.294",
            "low": "2.294",
            "close": "2.301"
        },
        {
            "time": "09.12.2020 04:58",
            "open": "2.301",
            "high": "2.301",
            "low": "2.301",
            "close": "2.295"
        },
        {
            "time": "09.12.2020 05:03",
            "open": "2.295",
            "high": "2.295",
            "low": "2.295",
            "close": "2.294"
        },
        {
            "time": "09.12.2020 05:11",
            "open": "2.294",
            "high": "2.294",
            "low": "2.294",
            "close": "2.294"
        },
        {
            "time": "09.12.2020 05:20",
            "open": "2.294",
            "high": "2.294",
            "low": "2.294",
            "close": "2.296"
        },
        {
            "time": "09.12.2020 05:33",
            "open": "2.296",
            "high": "2.296",
            "low": "2.296",
            "close": "2.296"
        },
        {
            "time": "09.12.2020 05:42",
            "open": "2.296",
            "high": "2.296",
            "low": "2.293",
            "close": "2.29"
        },
        {
            "time": "09.12.2020 05:49",
            "open": "2.29",
            "high": "2.29",
            "low": "2.29",
            "close": "2.289"
        },
        {
            "time": "09.12.2020 05:52",
            "open": "2.289",
            "high": "2.289",
            "low": "2.288",
            "close": "2.285"
        },
        {
            "time": "09.12.2020 05:54",
            "open": "2.285",
            "high": "2.285",
            "low": "2.285",
            "close": "2.285"
        },
        {
            "time": "09.12.2020 05:56",
            "open": "2.285",
            "high": "2.285",
            "low": "2.285",
            "close": "2.285"
        },
        {
            "time": "09.12.2020 05:57",
            "open": "2.285",
            "high": "2.285",
            "low": "2.284",
            "close": "2.28"
        },
        {
            "time": "09.12.2020 05:58",
            "open": "2.28",
            "high": "2.28",
            "low": "2.28",
            "close": "2.282"
        },
        {
            "time": "09.12.2020 06:01",
            "open": "2.282",
            "high": "2.282",
            "low": "2.282",
            "close": "2.284"
        },
        {
            "time": "09.12.2020 06:05",
            "open": "2.284",
            "high": "2.284",
            "low": "2.284",
            "close": "2.287"
        },
        {
            "time": "09.12.2020 06:08",
            "open": "2.287",
            "high": "2.287",
            "low": "2.287",
            "close": "2.288"
        },
        {
            "time": "09.12.2020 06:09",
            "open": "2.288",
            "high": "2.288",
            "low": "2.285",
            "close": "2.284"
        },
        {
            "time": "09.12.2020 06:17",
            "open": "2.284",
            "high": "2.284",
            "low": "2.284",
            "close": "2.276"
        },
        {
            "time": "09.12.2020 06:30",
            "open": "2.276",
            "high": "2.276",
            "low": "2.276",
            "close": "2.276"
        },
        {
            "time": "09.12.2020 06:31",
            "open": "2.276",
            "high": "2.276",
            "low": "2.276",
            "close": "2.286"
        },
        {
            "time": "09.12.2020 06:33",
            "open": "2.286",
            "high": "2.286",
            "low": "2.286",
            "close": "2.283"
        },
        {
            "time": "09.12.2020 06:36",
            "open": "2.283",
            "high": "2.285",
            "low": "2.283",
            "close": "2.28"
        },
        {
            "time": "09.12.2020 06:38",
            "open": "2.28",
            "high": "2.28",
            "low": "2.28",
            "close": "2.281"
        },
        {
            "time": "09.12.2020 06:40",
            "open": "2.281",
            "high": "2.281",
            "low": "2.281",
            "close": "2.28"
        },
        {
            "time": "09.12.2020 06:46",
            "open": "2.28",
            "high": "2.28",
            "low": "2.28",
            "close": "2.282"
        },
        {
            "time": "09.12.2020 07:01",
            "open": "2.282",
            "high": "2.282",
            "low": "2.282",
            "close": "2.284"
        },
        {
            "time": "09.12.2020 07:04",
            "open": "2.284",
            "high": "2.284",
            "low": "2.284",
            "close": "2.285"
        },
        {
            "time": "09.12.2020 07:06",
            "open": "2.285",
            "high": "2.285",
            "low": "2.285",
            "close": "2.286"
        },
        {
            "time": "09.12.2020 07:15",
            "open": "2.286",
            "high": "2.286",
            "low": "2.286",
            "close": "2.29"
        },
        {
            "time": "09.12.2020 07:18",
            "open": "2.29",
            "high": "2.29",
            "low": "2.29",
            "close": "2.291"
        },
        {
            "time": "09.12.2020 07:19",
            "open": "2.291",
            "high": "2.291",
            "low": "2.291",
            "close": "2.285"
        },
        {
            "time": "09.12.2020 07:27",
            "open": "2.285",
            "high": "2.285",
            "low": "2.285",
            "close": "2.283"
        },
        {
            "time": "09.12.2020 07:29",
            "open": "2.283",
            "high": "2.283",
            "low": "2.283",
            "close": "2.282"
        },
        {
            "time": "09.12.2020 07:30",
            "open": "2.282",
            "high": "2.282",
            "low": "2.282",
            "close": "2.284"
        },
        {
            "time": "09.12.2020 07:43",
            "open": "2.284",
            "high": "2.288",
            "low": "2.284",
            "close": "2.285"
        },
        {
            "time": "09.12.2020 07:47",
            "open": "2.285",
            "high": "2.285",
            "low": "2.285",
            "close": "2.286"
        },
        {
            "time": "09.12.2020 07:48",
            "open": "2.286",
            "high": "2.286",
            "low": "2.286",
            "close": "2.286"
        },
        {
            "time": "09.12.2020 07:52",
            "open": "2.286",
            "high": "2.286",
            "low": "2.286",
            "close": "2.288"
        },
        {
            "time": "09.12.2020 07:59",
            "open": "2.288",
            "high": "2.288",
            "low": "2.288",
            "close": "2.287"
        },
        {
            "time": "09.12.2020 08:01",
            "open": "2.287",
            "high": "2.287",
            "low": "2.287",
            "close": "2.291"
        },
        {
            "time": "09.12.2020 08:05",
            "open": "2.291",
            "high": "2.291",
            "low": "2.291",
            "close": "2.291"
        },
        {
            "time": "09.12.2020 08:07",
            "open": "2.291",
            "high": "2.291",
            "low": "2.291",
            "close": "2.29"
        },
        {
            "time": "09.12.2020 08:10",
            "open": "2.29",
            "high": "2.29",
            "low": "2.29",
            "close": "2.285"
        },
        {
            "time": "09.12.2020 08:12",
            "open": "2.285",
            "high": "2.287",
            "low": "2.284",
            "close": "2.285"
        },
        {
            "time": "09.12.2020 08:25",
            "open": "2.285",
            "high": "2.285",
            "low": "2.285",
            "close": "2.284"
        },
        {
            "time": "09.12.2020 08:28",
            "open": "2.284",
            "high": "2.284",
            "low": "2.284",
            "close": "2.284"
        },
        {
            "time": "09.12.2020 08:32",
            "open": "2.284",
            "high": "2.284",
            "low": "2.284",
            "close": "2.282"
        },
        {
            "time": "09.12.2020 08:33",
            "open": "2.282",
            "high": "2.282",
            "low": "2.282",
            "close": "2.281"
        },
        {
            "time": "09.12.2020 08:35",
            "open": "2.281",
            "high": "2.281",
            "low": "2.281",
            "close": "2.282"
        },
        {
            "time": "09.12.2020 08:36",
            "open": "2.282",
            "high": "2.282",
            "low": "2.282",
            "close": "2.284"
        },
        {
            "time": "09.12.2020 08:38",
            "open": "2.284",
            "high": "2.284",
            "low": "2.284",
            "close": "2.281"
        },
        {
            "time": "09.12.2020 08:41",
            "open": "2.281",
            "high": "2.281",
            "low": "2.281",
            "close": "2.281"
        },
        {
            "time": "09.12.2020 08:42",
            "open": "2.281",
            "high": "2.281",
            "low": "2.279",
            "close": "2.278"
        },
        {
            "time": "09.12.2020 08:45",
            "open": "2.278",
            "high": "2.278",
            "low": "2.275",
            "close": "2.27"
        },
        {
            "time": "09.12.2020 08:46",
            "open": "2.27",
            "high": "2.27",
            "low": "2.27",
            "close": "2.265"
        },
        {
            "time": "09.12.2020 08:48",
            "open": "2.265",
            "high": "2.265",
            "low": "2.26",
            "close": "2.256"
        },
        {
            "time": "09.12.2020 08:49",
            "open": "2.256",
            "high": "2.26",
            "low": "2.256",
            "close": "2.253"
        },
        {
            "time": "09.12.2020 08:50",
            "open": "2.253",
            "high": "2.255",
            "low": "2.251",
            "close": "2.25"
        },
        {
            "time": "09.12.2020 08:51",
            "open": "2.25",
            "high": "2.25",
            "low": "2.239",
            "close": "2.25"
        },
        {
            "time": "09.12.2020 08:52",
            "open": "2.25",
            "high": "2.251",
            "low": "2.245",
            "close": "2.244"
        },
        {
            "time": "09.12.2020 08:53",
            "open": "2.244",
            "high": "2.244",
            "low": "2.24",
            "close": "2.245"
        },
        {
            "time": "09.12.2020 08:55",
            "open": "2.245",
            "high": "2.246",
            "low": "2.241",
            "close": "2.244"
        },
        {
            "time": "09.12.2020 08:56",
            "open": "2.244",
            "high": "2.244",
            "low": "2.244",
            "close": "2.242"
        },
        {
            "time": "09.12.2020 08:59",
            "open": "2.242",
            "high": "2.242",
            "low": "2.242",
            "close": "2.24"
        },
        {
            "time": "09.12.2020 09:14",
            "open": "2.244",
            "high": "2.244",
            "low": "2.243",
            "close": "2.247"
        },
        {
            "time": "09.12.2020 09:15",
            "open": "2.247",
            "high": "2.247",
            "low": "2.245",
            "close": "2.246"
        },
        {
            "time": "09.12.2020 09:16",
            "open": "2.246",
            "high": "2.246",
            "low": "2.246",
            "close": "2.247"
        },
        {
            "time": "09.12.2020 09:17",
            "open": "2.247",
            "high": "2.248",
            "low": "2.246",
            "close": "2.244"
        },
        {
            "time": "09.12.2020 09:18",
            "open": "2.244",
            "high": "2.244",
            "low": "2.242",
            "close": "2.242"
        },
        {
            "time": "09.12.2020 09:19",
            "open": "2.242",
            "high": "2.243",
            "low": "2.242",
            "close": "2.239"
        },
        {
            "time": "09.12.2020 09:21",
            "open": "2.239",
            "high": "2.239",
            "low": "2.236",
            "close": "2.232"
        },
        {
            "time": "09.12.2020 09:23",
            "open": "2.232",
            "high": "2.233",
            "low": "2.229",
            "close": "2.234"
        },
        {
            "time": "09.12.2020 09:24",
            "open": "2.234",
            "high": "2.234",
            "low": "2.231",
            "close": "2.229"
        },
        {
            "time": "09.12.2020 09:25",
            "open": "2.229",
            "high": "2.229",
            "low": "2.222",
            "close": "2.223"
        },
        {
            "time": "09.12.2020 09:27",
            "open": "2.223",
            "high": "2.223",
            "low": "2.223",
            "close": "2.223"
        },
        {
            "time": "09.12.2020 09:28",
            "open": "2.223",
            "high": "2.223",
            "low": "2.215",
            "close": "2.22"
        },
        {
            "time": "09.12.2020 09:29",
            "open": "2.22",
            "high": "2.22",
            "low": "2.22",
            "close": "2.217"
        },
        {
            "time": "09.12.2020 09:30",
            "open": "2.217",
            "high": "2.228",
            "low": "2.217",
            "close": "2.218"
        },
        {
            "time": "09.12.2020 09:31",
            "open": "2.218",
            "high": "2.224",
            "low": "2.218",
            "close": "2.214"
        },
        {
            "time": "09.12.2020 09:32",
            "open": "2.214",
            "high": "2.216",
            "low": "2.208",
            "close": "2.2"
        },
        {
            "time": "09.12.2020 09:33",
            "open": "2.2",
            "high": "2.217",
            "low": "2.198",
            "close": "2.209"
        },
        {
            "time": "09.12.2020 09:34",
            "open": "2.209",
            "high": "2.21",
            "low": "2.206",
            "close": "2.205"
        },
        {
            "time": "09.12.2020 09:35",
            "open": "2.205",
            "high": "2.206",
            "low": "2.204",
            "close": "2.203"
        },
        {
            "time": "09.12.2020 09:36",
            "open": "2.203",
            "high": "2.214",
            "low": "2.203",
            "close": "2.215"
        },
        {
            "time": "09.12.2020 09:37",
            "open": "2.215",
            "high": "2.218",
            "low": "2.212",
            "close": "2.216"
        },
        {
            "time": "09.12.2020 09:38",
            "open": "2.216",
            "high": "2.216",
            "low": "2.211",
            "close": "2.214"
        },
        {
            "time": "09.12.2020 09:39",
            "open": "2.214",
            "high": "2.214",
            "low": "2.214",
            "close": "2.221"
        },
        {
            "time": "09.12.2020 09:40",
            "open": "2.221",
            "high": "2.221",
            "low": "2.215",
            "close": "2.217"
        },
        {
            "time": "09.12.2020 09:41",
            "open": "2.217",
            "high": "2.22",
            "low": "2.217",
            "close": "2.224"
        },
        {
            "time": "09.12.2020 09:42",
            "open": "2.224",
            "high": "2.227",
            "low": "2.223",
            "close": "2.227"
        },
        {
            "time": "09.12.2020 09:44",
            "open": "2.227",
            "high": "2.227",
            "low": "2.227",
            "close": "2.228"
        },
        {
            "time": "09.12.2020 09:45",
            "open": "2.228",
            "high": "2.228",
            "low": "2.228",
            "close": "2.23"
        },
        {
            "time": "09.12.2020 09:46",
            "open": "2.23",
            "high": "2.23",
            "low": "2.229",
            "close": "2.23"
        },
        {
            "time": "09.12.2020 09:48",
            "open": "2.23",
            "high": "2.23",
            "low": "2.229",
            "close": "2.23"
        },
        {
            "time": "09.12.2020 09:49",
            "open": "2.23",
            "high": "2.23",
            "low": "2.23",
            "close": "2.233"
        },
        {
            "time": "09.12.2020 09:51",
            "open": "2.233",
            "high": "2.233",
            "low": "2.233",
            "close": "2.237"
        },
        {
            "time": "09.12.2020 09:52",
            "open": "2.237",
            "high": "2.237",
            "low": "2.237",
            "close": "2.239"
        },
        {
            "time": "09.12.2020 09:53",
            "open": "2.239",
            "high": "2.239",
            "low": "2.239",
            "close": "2.241"
        },
        {
            "time": "09.12.2020 09:56",
            "open": "2.241",
            "high": "2.241",
            "low": "2.241",
            "close": "2.24"
        },
        {
            "time": "09.12.2020 09:57",
            "open": "2.24",
            "high": "2.245",
            "low": "2.239",
            "close": "2.246"
        },
        {
            "time": "09.12.2020 09:59",
            "open": "2.246",
            "high": "2.246",
            "low": "2.244",
            "close": "2.245"
        },
        {
            "time": "09.12.2020 10:00",
            "open": "2.245",
            "high": "2.245",
            "low": "2.245",
            "close": "2.246"
        },
        {
            "time": "09.12.2020 10:01",
            "open": "2.246",
            "high": "2.246",
            "low": "2.246",
            "close": "2.248"
        },
        {
            "time": "09.12.2020 10:02",
            "open": "2.248",
            "high": "2.249",
            "low": "2.248",
            "close": "2.25"
        },
        {
            "time": "09.12.2020 10:05",
            "open": "2.25",
            "high": "2.253",
            "low": "2.25",
            "close": "2.257"
        },
        {
            "time": "09.12.2020 10:08",
            "open": "2.257",
            "high": "2.257",
            "low": "2.251",
            "close": "2.251"
        },
        {
            "time": "09.12.2020 10:09",
            "open": "2.251",
            "high": "2.253",
            "low": "2.251",
            "close": "2.259"
        },
        {
            "time": "09.12.2020 10:11",
            "open": "2.259",
            "high": "2.259",
            "low": "2.255",
            "close": "2.251"
        },
        {
            "time": "09.12.2020 10:15",
            "open": "2.251",
            "high": "2.259",
            "low": "2.251",
            "close": "2.256"
        },
        {
            "time": "09.12.2020 10:16",
            "open": "2.256",
            "high": "2.256",
            "low": "2.256",
            "close": "2.259"
        },
        {
            "time": "09.12.2020 10:18",
            "open": "2.259",
            "high": "2.259",
            "low": "2.259",
            "close": "2.257"
        },
        {
            "time": "09.12.2020 10:19",
            "open": "2.257",
            "high": "2.257",
            "low": "2.257",
            "close": "2.258"
        },
        {
            "time": "09.12.2020 10:20",
            "open": "2.258",
            "high": "2.259",
            "low": "2.257",
            "close": "2.258"
        },
        {
            "time": "09.12.2020 10:21",
            "open": "2.258",
            "high": "2.258",
            "low": "2.258",
            "close": "2.263"
        },
        {
            "time": "09.12.2020 10:22",
            "open": "2.263",
            "high": "2.263",
            "low": "2.263",
            "close": "2.263"
        },
        {
            "time": "09.12.2020 10:25",
            "open": "2.263",
            "high": "2.263",
            "low": "2.263",
            "close": "2.265"
        },
        {
            "time": "09.12.2020 10:27",
            "open": "2.265",
            "high": "2.265",
            "low": "2.264",
            "close": "2.266"
        },
        {
            "time": "09.12.2020 10:28",
            "open": "2.266",
            "high": "2.267",
            "low": "2.265",
            "close": "2.266"
        },
        {
            "time": "09.12.2020 10:29",
            "open": "2.266",
            "high": "2.266",
            "low": "2.266",
            "close": "2.264"
        },
        {
            "time": "09.12.2020 10:30",
            "open": "2.264",
            "high": "2.264",
            "low": "2.263",
            "close": "2.258"
        },
        {
            "time": "09.12.2020 10:31",
            "open": "2.258",
            "high": "2.258",
            "low": "2.258",
            "close": "2.248"
        },
        {
            "time": "09.12.2020 10:37",
            "open": "2.248",
            "high": "2.248",
            "low": "2.246",
            "close": "2.256"
        },
        {
            "time": "09.12.2020 10:41",
            "open": "2.256",
            "high": "2.256",
            "low": "2.256",
            "close": "2.263"
        },
        {
            "time": "09.12.2020 10:46",
            "open": "2.263",
            "high": "2.265",
            "low": "2.259",
            "close": "2.259"
        },
        {
            "time": "09.12.2020 10:50",
            "open": "2.259",
            "high": "2.259",
            "low": "2.259",
            "close": "2.257"
        },
        {
            "time": "09.12.2020 10:51",
            "open": "2.257",
            "high": "2.257",
            "low": "2.256",
            "close": "2.268"
        },
        {
            "time": "09.12.2020 10:56",
            "open": "2.268",
            "high": "2.269",
            "low": "2.268",
            "close": "2.272"
        },
        {
            "time": "09.12.2020 10:58",
            "open": "2.272",
            "high": "2.276",
            "low": "2.272",
            "close": "2.275"
        },
        {
            "time": "09.12.2020 10:59",
            "open": "2.275",
            "high": "2.279",
            "low": "2.274",
            "close": "2.275"
        },
        {
            "time": "09.12.2020 11:00",
            "open": "2.275",
            "high": "2.275",
            "low": "2.274",
            "close": "2.267"
        },
        {
            "time": "09.12.2020 11:02",
            "open": "2.267",
            "high": "2.269",
            "low": "2.267",
            "close": "2.266"
        },
        {
            "time": "09.12.2020 11:03",
            "open": "2.266",
            "high": "2.269",
            "low": "2.266",
            "close": "2.266"
        },
        {
            "time": "09.12.2020 11:04",
            "open": "2.266",
            "high": "2.266",
            "low": "2.266",
            "close": "2.265"
        },
        {
            "time": "09.12.2020 11:05",
            "open": "2.265",
            "high": "2.265",
            "low": "2.265",
            "close": "2.263"
        },
        {
            "time": "09.12.2020 11:07",
            "open": "2.263",
            "high": "2.263",
            "low": "2.262",
            "close": "2.269"
        },
        {
            "time": "09.12.2020 11:19",
            "open": "2.269",
            "high": "2.27",
            "low": "2.269",
            "close": "2.276"
        },
        {
            "time": "09.12.2020 11:21",
            "open": "2.276",
            "high": "2.276",
            "low": "2.276",
            "close": "2.277"
        },
        {
            "time": "09.12.2020 11:22",
            "open": "2.277",
            "high": "2.277",
            "low": "2.277",
            "close": "2.277"
        },
        {
            "time": "09.12.2020 11:23",
            "open": "2.277",
            "high": "2.277",
            "low": "2.277",
            "close": "2.277"
        },
        {
            "time": "09.12.2020 11:24",
            "open": "2.277",
            "high": "2.277",
            "low": "2.277",
            "close": "2.282"
        },
        {
            "time": "09.12.2020 11:25",
            "open": "2.282",
            "high": "2.283",
            "low": "2.282",
            "close": "2.278"
        },
        {
            "time": "09.12.2020 11:26",
            "open": "2.278",
            "high": "2.278",
            "low": "2.278",
            "close": "2.285"
        },
        {
            "time": "09.12.2020 11:29",
            "open": "2.285",
            "high": "2.285",
            "low": "2.285",
            "close": "2.287"
        },
        {
            "time": "09.12.2020 11:31",
            "open": "2.287",
            "high": "2.287",
            "low": "2.287",
            "close": "2.291"
        },
        {
            "time": "09.12.2020 11:33",
            "open": "2.291",
            "high": "2.291",
            "low": "2.291",
            "close": "2.296"
        },
        {
            "time": "09.12.2020 11:34",
            "open": "2.296",
            "high": "2.296",
            "low": "2.289",
            "close": "2.288"
        },
        {
            "time": "09.12.2020 11:37",
            "open": "2.288",
            "high": "2.289",
            "low": "2.287",
            "close": "2.283"
        },
        {
            "time": "09.12.2020 11:38",
            "open": "2.283",
            "high": "2.283",
            "low": "2.283",
            "close": "2.284"
        },
        {
            "time": "09.12.2020 11:39",
            "open": "2.284",
            "high": "2.284",
            "low": "2.282",
            "close": "2.283"
        },
        {
            "time": "09.12.2020 11:40",
            "open": "2.283",
            "high": "2.283",
            "low": "2.279",
            "close": "2.278"
        },
        {
            "time": "09.12.2020 11:43",
            "open": "2.278",
            "high": "2.278",
            "low": "2.278",
            "close": "2.281"
        },
        {
            "time": "09.12.2020 11:44",
            "open": "2.281",
            "high": "2.282",
            "low": "2.279",
            "close": "2.283"
        },
        {
            "time": "09.12.2020 11:46",
            "open": "2.283",
            "high": "2.283",
            "low": "2.283",
            "close": "2.291"
        },
        {
            "time": "09.12.2020 11:48",
            "open": "2.291",
            "high": "2.291",
            "low": "2.291",
            "close": "2.282"
        },
        {
            "time": "09.12.2020 11:56",
            "open": "2.282",
            "high": "2.282",
            "low": "2.282",
            "close": "2.285"
        },
        {
            "time": "09.12.2020 11:58",
            "open": "2.285",
            "high": "2.289",
            "low": "2.285",
            "close": "2.289"
        },
        {
            "time": "09.12.2020 12:04",
            "open": "2.289",
            "high": "2.289",
            "low": "2.289",
            "close": "2.286"
        },
        {
            "time": "09.12.2020 12:05",
            "open": "2.286",
            "high": "2.286",
            "low": "2.286",
            "close": "2.286"
        },
        {
            "time": "09.12.2020 12:06",
            "open": "2.286",
            "high": "2.286",
            "low": "2.285",
            "close": "2.285"
        },
        {
            "time": "09.12.2020 12:08",
            "open": "2.285",
            "high": "2.285",
            "low": "2.285",
            "close": "2.287"
        },
        {
            "time": "09.12.2020 12:09",
            "open": "2.287",
            "high": "2.287",
            "low": "2.287",
            "close": "2.287"
        },
        {
            "time": "09.12.2020 12:10",
            "open": "2.287",
            "high": "2.287",
            "low": "2.287",
            "close": "2.287"
        },
        {
            "time": "09.12.2020 12:12",
            "open": "2.287",
            "high": "2.294",
            "low": "2.287",
            "close": "2.295"
        },
        {
            "time": "09.12.2020 12:13",
            "open": "2.295",
            "high": "2.297",
            "low": "2.294",
            "close": "2.3"
        },
        {
            "time": "09.12.2020 12:14",
            "open": "2.3",
            "high": "2.3",
            "low": "2.3",
            "close": "2.3"
        },
        {
            "time": "09.12.2020 12:15",
            "open": "2.3",
            "high": "2.301",
            "low": "2.299",
            "close": "2.298"
        },
        {
            "time": "09.12.2020 12:16",
            "open": "2.298",
            "high": "2.298",
            "low": "2.298",
            "close": "2.296"
        },
        {
            "time": "09.12.2020 12:17",
            "open": "2.296",
            "high": "2.296",
            "low": "2.296",
            "close": "2.297"
        },
        {
            "time": "09.12.2020 12:18",
            "open": "2.297",
            "high": "2.297",
            "low": "2.297",
            "close": "2.292"
        },
        {
            "time": "09.12.2020 12:24",
            "open": "2.292",
            "high": "2.295",
            "low": "2.292",
            "close": "2.293"
        },
        {
            "time": "09.12.2020 12:25",
            "open": "2.293",
            "high": "2.293",
            "low": "2.292",
            "close": "2.289"
        },
        {
            "time": "09.12.2020 12:31",
            "open": "2.289",
            "high": "2.289",
            "low": "2.289",
            "close": "2.289"
        },
        {
            "time": "09.12.2020 12:33",
            "open": "2.289",
            "high": "2.289",
            "low": "2.289",
            "close": "2.293"
        },
        {
            "time": "09.12.2020 12:37",
            "open": "2.293",
            "high": "2.293",
            "low": "2.293",
            "close": "2.292"
        },
        {
            "time": "09.12.2020 12:38",
            "open": "2.292",
            "high": "2.292",
            "low": "2.291",
            "close": "2.289"
        },
        {
            "time": "09.12.2020 12:40",
            "open": "2.289",
            "high": "2.289",
            "low": "2.289",
            "close": "2.292"
        },
        {
            "time": "09.12.2020 12:44",
            "open": "2.292",
            "high": "2.292",
            "low": "2.292",
            "close": "2.294"
        },
        {
            "time": "09.12.2020 12:45",
            "open": "2.294",
            "high": "2.294",
            "low": "2.294",
            "close": "2.292"
        },
        {
            "time": "09.12.2020 12:46",
            "open": "2.292",
            "high": "2.292",
            "low": "2.292",
            "close": "2.295"
        },
        {
            "time": "09.12.2020 12:48",
            "open": "2.295",
            "high": "2.297",
            "low": "2.295",
            "close": "2.295"
        },
        {
            "time": "09.12.2020 12:50",
            "open": "2.295",
            "high": "2.295",
            "low": "2.295",
            "close": "2.295"
        },
        {
            "time": "09.12.2020 12:51",
            "open": "2.295",
            "high": "2.297",
            "low": "2.295",
            "close": "2.3"
        },
        {
            "time": "09.12.2020 12:52",
            "open": "2.3",
            "high": "2.3",
            "low": "2.3",
            "close": "2.301"
        },
        {
            "time": "09.12.2020 12:53",
            "open": "2.301",
            "high": "2.301",
            "low": "2.301",
            "close": "2.302"
        },
        {
            "time": "09.12.2020 12:54",
            "open": "2.302",
            "high": "2.302",
            "low": "2.302",
            "close": "2.299"
        },
        {
            "time": "09.12.2020 12:56",
            "open": "2.299",
            "high": "2.299",
            "low": "2.299",
            "close": "2.3"
        },
        {
            "time": "09.12.2020 12:58",
            "open": "2.3",
            "high": "2.3",
            "low": "2.3",
            "close": "2.299"
        },
        {
            "time": "09.12.2020 13:00",
            "open": "2.299",
            "high": "2.3",
            "low": "2.299",
            "close": "2.297"
        },
        {
            "time": "09.12.2020 13:02",
            "open": "2.297",
            "high": "2.297",
            "low": "2.294",
            "close": "2.302"
        },
        {
            "time": "09.12.2020 13:06",
            "open": "2.302",
            "high": "2.302",
            "low": "2.302",
            "close": "2.304"
        },
        {
            "time": "09.12.2020 13:07",
            "open": "2.304",
            "high": "2.304",
            "low": "2.304",
            "close": "2.303"
        },
        {
            "time": "09.12.2020 13:08",
            "open": "2.303",
            "high": "2.303",
            "low": "2.303",
            "close": "2.306"
        },
        {
            "time": "09.12.2020 13:09",
            "open": "2.306",
            "high": "2.306",
            "low": "2.306",
            "close": "2.305"
        },
        {
            "time": "09.12.2020 13:11",
            "open": "2.305",
            "high": "2.307",
            "low": "2.305",
            "close": "2.305"
        },
        {
            "time": "09.12.2020 13:12",
            "open": "2.305",
            "high": "2.305",
            "low": "2.305",
            "close": "2.304"
        },
        {
            "time": "09.12.2020 13:14",
            "open": "2.304",
            "high": "2.304",
            "low": "2.301",
            "close": "2.302"
        },
        {
            "time": "09.12.2020 13:15",
            "open": "2.302",
            "high": "2.302",
            "low": "2.302",
            "close": "2.297"
        },
        {
            "time": "09.12.2020 13:17",
            "open": "2.297",
            "high": "2.297",
            "low": "2.297",
            "close": "2.302"
        },
        {
            "time": "09.12.2020 13:19",
            "open": "2.302",
            "high": "2.302",
            "low": "2.302",
            "close": "2.3"
        },
        {
            "time": "09.12.2020 13:25",
            "open": "2.3",
            "high": "2.3",
            "low": "2.3",
            "close": "2.302"
        },
        {
            "time": "09.12.2020 13:28",
            "open": "2.302",
            "high": "2.302",
            "low": "2.302",
            "close": "2.304"
        },
        {
            "time": "09.12.2020 13:32",
            "open": "2.304",
            "high": "2.304",
            "low": "2.304",
            "close": "2.303"
        },
        {
            "time": "09.12.2020 13:33",
            "open": "2.303",
            "high": "2.303",
            "low": "2.303",
            "close": "2.304"
        },
        {
            "time": "09.12.2020 13:34",
            "open": "2.304",
            "high": "2.304",
            "low": "2.304",
            "close": "2.299"
        },
        {
            "time": "09.12.2020 13:42",
            "open": "2.299",
            "high": "2.299",
            "low": "2.299",
            "close": "2.294"
        },
        {
            "time": "09.12.2020 13:48",
            "open": "2.294",
            "high": "2.294",
            "low": "2.294",
            "close": "2.293"
        },
        {
            "time": "09.12.2020 13:50",
            "open": "2.293",
            "high": "2.294",
            "low": "2.291",
            "close": "2.294"
        },
        {
            "time": "09.12.2020 13:51",
            "open": "2.294",
            "high": "2.294",
            "low": "2.29",
            "close": "2.286"
        },
        {
            "time": "09.12.2020 13:53",
            "open": "2.286",
            "high": "2.286",
            "low": "2.286",
            "close": "2.284"
        },
        {
            "time": "09.12.2020 13:54",
            "open": "2.284",
            "high": "2.284",
            "low": "2.283",
            "close": "2.282"
        },
        {
            "time": "09.12.2020 13:55",
            "open": "2.282",
            "high": "2.282",
            "low": "2.282",
            "close": "2.28"
        },
        {
            "time": "09.12.2020 13:56",
            "open": "2.28",
            "high": "2.28",
            "low": "2.278",
            "close": "2.28"
        },
        {
            "time": "09.12.2020 13:57",
            "open": "2.28",
            "high": "2.28",
            "low": "2.28",
            "close": "2.283"
        },
        {
            "time": "09.12.2020 13:58",
            "open": "2.283",
            "high": "2.283",
            "low": "2.283",
            "close": "2.28"
        },
        {
            "time": "09.12.2020 13:59",
            "open": "2.28",
            "high": "2.28",
            "low": "2.28",
            "close": "2.283"
        },
        {
            "time": "09.12.2020 14:00",
            "open": "2.283",
            "high": "2.283",
            "low": "2.283",
            "close": "2.284"
        },
        {
            "time": "09.12.2020 14:02",
            "open": "2.284",
            "high": "2.284",
            "low": "2.283",
            "close": "2.287"
        },
        {
            "time": "09.12.2020 14:03",
            "open": "2.287",
            "high": "2.287",
            "low": "2.287",
            "close": "2.289"
        },
        {
            "time": "09.12.2020 14:04",
            "open": "2.289",
            "high": "2.289",
            "low": "2.289",
            "close": "2.28"
        },
        {
            "time": "09.12.2020 14:14",
            "open": "2.28",
            "high": "2.282",
            "low": "2.28",
            "close": "2.279"
        },
        {
            "time": "09.12.2020 14:15",
            "open": "2.279",
            "high": "2.279",
            "low": "2.279",
            "close": "2.289"
        },
        {
            "time": "09.12.2020 14:25",
            "open": "2.289",
            "high": "2.289",
            "low": "2.289",
            "close": "2.285"
        },
        {
            "time": "09.12.2020 14:29",
            "open": "2.285",
            "high": "2.285",
            "low": "2.285",
            "close": "2.285"
        },
        {
            "time": "09.12.2020 14:30",
            "open": "2.285",
            "high": "2.285",
            "low": "2.285",
            "close": "2.287"
        },
        {
            "time": "09.12.2020 14:32",
            "open": "2.287",
            "high": "2.287",
            "low": "2.284",
            "close": "2.289"
        },
        {
            "time": "09.12.2020 14:35",
            "open": "2.289",
            "high": "2.289",
            "low": "2.289",
            "close": "2.289"
        },
        {
            "time": "09.12.2020 14:37",
            "open": "2.289",
            "high": "2.289",
            "low": "2.289",
            "close": "2.296"
        },
        {
            "time": "09.12.2020 14:41",
            "open": "2.296",
            "high": "2.296",
            "low": "2.296",
            "close": "2.295"
        },
        {
            "time": "09.12.2020 14:44",
            "open": "2.295",
            "high": "2.295",
            "low": "2.295",
            "close": "2.295"
        },
        {
            "time": "09.12.2020 14:45",
            "open": "2.295",
            "high": "2.295",
            "low": "2.292",
            "close": "2.291"
        },
        {
            "time": "09.12.2020 14:48",
            "open": "2.291",
            "high": "2.291",
            "low": "2.291",
            "close": "2.293"
        },
        {
            "time": "09.12.2020 14:50",
            "open": "2.293",
            "high": "2.293",
            "low": "2.293",
            "close": "2.297"
        },
        {
            "time": "09.12.2020 14:51",
            "open": "2.297",
            "high": "2.299",
            "low": "2.297",
            "close": "2.301"
        },
        {
            "time": "09.12.2020 14:52",
            "open": "2.301",
            "high": "2.301",
            "low": "2.301",
            "close": "2.305"
        },
        {
            "time": "09.12.2020 14:54",
            "open": "2.305",
            "high": "2.305",
            "low": "2.304",
            "close": "2.305"
        },
        {
            "time": "09.12.2020 14:55",
            "open": "2.305",
            "high": "2.305",
            "low": "2.305",
            "close": "2.306"
        },
        {
            "time": "09.12.2020 14:58",
            "open": "2.306",
            "high": "2.307",
            "low": "2.306",
            "close": "2.308"
        },
        {
            "time": "09.12.2020 14:59",
            "open": "2.308",
            "high": "2.308",
            "low": "2.308",
            "close": "2.307"
        },
        {
            "time": "09.12.2020 15:00",
            "open": "2.307",
            "high": "2.31",
            "low": "2.307",
            "close": "2.313"
        },
        {
            "time": "09.12.2020 15:01",
            "open": "2.313",
            "high": "2.313",
            "low": "2.31",
            "close": "2.312"
        },
        {
            "time": "09.12.2020 15:02",
            "open": "2.312",
            "high": "2.312",
            "low": "2.31",
            "close": "2.308"
        },
        {
            "time": "09.12.2020 15:03",
            "open": "2.308",
            "high": "2.308",
            "low": "2.308",
            "close": "2.301"
        },
        {
            "time": "09.12.2020 15:04",
            "open": "2.301",
            "high": "2.302",
            "low": "2.301",
            "close": "2.303"
        },
        {
            "time": "09.12.2020 15:08",
            "open": "2.303",
            "high": "2.304",
            "low": "2.303",
            "close": "2.306"
        },
        {
            "time": "09.12.2020 15:13",
            "open": "2.306",
            "high": "2.314",
            "low": "2.306",
            "close": "2.31"
        },
        {
            "time": "09.12.2020 15:16",
            "open": "2.31",
            "high": "2.31",
            "low": "2.308",
            "close": "2.314"
        },
        {
            "time": "09.12.2020 15:18",
            "open": "2.314",
            "high": "2.314",
            "low": "2.314",
            "close": "2.309"
        },
        {
            "time": "09.12.2020 15:20",
            "open": "2.309",
            "high": "2.313",
            "low": "2.309",
            "close": "2.313"
        },
        {
            "time": "09.12.2020 15:21",
            "open": "2.313",
            "high": "2.313",
            "low": "2.313",
            "close": "2.314"
        },
        {
            "time": "09.12.2020 15:22",
            "open": "2.314",
            "high": "2.314",
            "low": "2.309",
            "close": "2.314"
        },
        {
            "time": "09.12.2020 15:24",
            "open": "2.314",
            "high": "2.314",
            "low": "2.31",
            "close": "2.313"
        },
        {
            "time": "09.12.2020 15:26",
            "open": "2.313",
            "high": "2.313",
            "low": "2.311",
            "close": "2.314"
        },
        {
            "time": "09.12.2020 15:27",
            "open": "2.314",
            "high": "2.314",
            "low": "2.314",
            "close": "2.313"
        },
        {
            "time": "09.12.2020 15:28",
            "open": "2.313",
            "high": "2.313",
            "low": "2.313",
            "close": "2.311"
        },
        {
            "time": "09.12.2020 15:29",
            "open": "2.311",
            "high": "2.311",
            "low": "2.311",
            "close": "2.314"
        },
        {
            "time": "09.12.2020 15:33",
            "open": "2.314",
            "high": "2.314",
            "low": "2.311",
            "close": "2.315"
        },
        {
            "time": "09.12.2020 15:36",
            "open": "2.315",
            "high": "2.315",
            "low": "2.312",
            "close": "2.314"
        },
        {
            "time": "09.12.2020 15:40",
            "open": "2.314",
            "high": "2.314",
            "low": "2.314",
            "close": "2.314"
        },
        {
            "time": "09.12.2020 15:41",
            "open": "2.314",
            "high": "2.314",
            "low": "2.314",
            "close": "2.319"
        },
        {
            "time": "09.12.2020 15:42",
            "open": "2.319",
            "high": "2.319",
            "low": "2.319",
            "close": "2.318"
        },
        {
            "time": "09.12.2020 15:43",
            "open": "2.318",
            "high": "2.318",
            "low": "2.318",
            "close": "2.32"
        },
        {
            "time": "09.12.2020 15:47",
            "open": "2.32",
            "high": "2.32",
            "low": "2.319",
            "close": "2.318"
        },
        {
            "time": "09.12.2020 15:48",
            "open": "2.318",
            "high": "2.318",
            "low": "2.318",
            "close": "2.318"
        },
        {
            "time": "09.12.2020 15:49",
            "open": "2.318",
            "high": "2.318",
            "low": "2.318",
            "close": "2.316"
        },
        {
            "time": "09.12.2020 15:50",
            "open": "2.316",
            "high": "2.316",
            "low": "2.316",
            "close": "2.313"
        },
        {
            "time": "09.12.2020 15:51",
            "open": "2.313",
            "high": "2.313",
            "low": "2.313",
            "close": "2.317"
        },
        {
            "time": "09.12.2020 15:55",
            "open": "2.317",
            "high": "2.317",
            "low": "2.317",
            "close": "2.313"
        },
        {
            "time": "09.12.2020 16:02",
            "open": "2.313",
            "high": "2.313",
            "low": "2.313",
            "close": "2.308"
        },
        {
            "time": "09.12.2020 16:03",
            "open": "2.308",
            "high": "2.308",
            "low": "2.308",
            "close": "2.309"
        },
        {
            "time": "09.12.2020 16:05",
            "open": "2.309",
            "high": "2.309",
            "low": "2.309",
            "close": "2.304"
        },
        {
            "time": "09.12.2020 16:08",
            "open": "2.304",
            "high": "2.304",
            "low": "2.303",
            "close": "2.304"
        },
        {
            "time": "09.12.2020 16:09",
            "open": "2.304",
            "high": "2.304",
            "low": "2.304",
            "close": "2.306"
        },
        {
            "time": "09.12.2020 16:13",
            "open": "2.306",
            "high": "2.306",
            "low": "2.306",
            "close": "2.302"
        },
        {
            "time": "09.12.2020 16:16",
            "open": "2.302",
            "high": "2.305",
            "low": "2.3",
            "close": "2.301"
        },
        {
            "time": "09.12.2020 16:23",
            "open": "2.301",
            "high": "2.301",
            "low": "2.301",
            "close": "2.3"
        },
        {
            "time": "09.12.2020 16:29",
            "open": "2.3",
            "high": "2.3",
            "low": "2.3",
            "close": "2.299"
        },
        {
            "time": "09.12.2020 16:30",
            "open": "2.299",
            "high": "2.299",
            "low": "2.299",
            "close": "2.299"
        },
        {
            "time": "09.12.2020 16:36",
            "open": "2.299",
            "high": "2.299",
            "low": "2.299",
            "close": "2.297"
        },
        {
            "time": "09.12.2020 16:37",
            "open": "2.297",
            "high": "2.297",
            "low": "2.297",
            "close": "2.297"
        },
        {
            "time": "09.12.2020 16:43",
            "open": "2.297",
            "high": "2.297",
            "low": "2.297",
            "close": "2.296"
        },
        {
            "time": "09.12.2020 16:44",
            "open": "2.296",
            "high": "2.296",
            "low": "2.294",
            "close": "2.295"
        },
        {
            "time": "09.12.2020 16:45",
            "open": "2.295",
            "high": "2.295",
            "low": "2.294",
            "close": "2.293"
        },
        {
            "time": "09.12.2020 16:47",
            "open": "2.293",
            "high": "2.293",
            "low": "2.291",
            "close": "2.299"
        },
        {
            "time": "09.12.2020 16:50",
            "open": "2.299",
            "high": "2.299",
            "low": "2.299",
            "close": "2.302"
        },
        {
            "time": "09.12.2020 16:58",
            "open": "2.302",
            "high": "2.302",
            "low": "2.302",
            "close": "2.298"
        },
        {
            "time": "09.12.2020 17:00",
            "open": "2.298",
            "high": "2.305",
            "low": "2.298",
            "close": "2.29"
        },
        {
            "time": "09.12.2020 17:03",
            "open": "2.29",
            "high": "2.29",
            "low": "2.29",
            "close": "2.285"
        },
        {
            "time": "09.12.2020 17:04",
            "open": "2.285",
            "high": "2.286",
            "low": "2.285",
            "close": "2.287"
        },
        {
            "time": "09.12.2020 17:07",
            "open": "2.287",
            "high": "2.287",
            "low": "2.287",
            "close": "2.288"
        },
        {
            "time": "09.12.2020 17:10",
            "open": "2.288",
            "high": "2.288",
            "low": "2.288",
            "close": "2.287"
        },
        {
            "time": "09.12.2020 17:13",
            "open": "2.287",
            "high": "2.287",
            "low": "2.287",
            "close": "2.284"
        },
        {
            "time": "09.12.2020 17:14",
            "open": "2.284",
            "high": "2.284",
            "low": "2.284",
            "close": "2.288"
        },
        {
            "time": "09.12.2020 17:16",
            "open": "2.288",
            "high": "2.288",
            "low": "2.288",
            "close": "2.297"
        },
        {
            "time": "09.12.2020 17:19",
            "open": "2.297",
            "high": "2.297",
            "low": "2.297",
            "close": "2.301"
        },
        {
            "time": "09.12.2020 17:20",
            "open": "2.301",
            "high": "2.302",
            "low": "2.301",
            "close": "2.296"
        },
        {
            "time": "09.12.2020 17:21",
            "open": "2.296",
            "high": "2.296",
            "low": "2.296",
            "close": "2.297"
        },
        {
            "time": "09.12.2020 17:28",
            "open": "2.297",
            "high": "2.297",
            "low": "2.297",
            "close": "2.307"
        },
        {
            "time": "09.12.2020 17:29",
            "open": "2.307",
            "high": "2.307",
            "low": "2.306",
            "close": "2.3"
        },
        {
            "time": "09.12.2020 17:33",
            "open": "2.3",
            "high": "2.3",
            "low": "2.3",
            "close": "2.298"
        },
        {
            "time": "09.12.2020 17:34",
            "open": "2.298",
            "high": "2.298",
            "low": "2.298",
            "close": "2.301"
        },
        {
            "time": "09.12.2020 17:37",
            "open": "2.301",
            "high": "2.301",
            "low": "2.301",
            "close": "2.299"
        },
        {
            "time": "09.12.2020 17:38",
            "open": "2.299",
            "high": "2.299",
            "low": "2.299",
            "close": "2.302"
        },
        {
            "time": "09.12.2020 17:39",
            "open": "2.302",
            "high": "2.302",
            "low": "2.302",
            "close": "2.303"
        },
        {
            "time": "09.12.2020 17:41",
            "open": "2.303",
            "high": "2.303",
            "low": "2.303",
            "close": "2.304"
        },
        {
            "time": "09.12.2020 17:50",
            "open": "2.304",
            "high": "2.304",
            "low": "2.304",
            "close": "2.31"
        },
        {
            "time": "09.12.2020 17:54",
            "open": "2.31",
            "high": "2.31",
            "low": "2.31",
            "close": "2.31"
        },
        {
            "time": "09.12.2020 17:56",
            "open": "2.31",
            "high": "2.311",
            "low": "2.31",
            "close": "2.311"
        },
        {
            "time": "09.12.2020 18:00",
            "open": "2.311",
            "high": "2.311",
            "low": "2.311",
            "close": "2.312"
        },
        {
            "time": "09.12.2020 18:01",
            "open": "2.312",
            "high": "2.312",
            "low": "2.312",
            "close": "2.31"
        },
        {
            "time": "09.12.2020 18:02",
            "open": "2.31",
            "high": "2.311",
            "low": "2.31",
            "close": "2.308"
        },
        {
            "time": "09.12.2020 18:04",
            "open": "2.308",
            "high": "2.308",
            "low": "2.308",
            "close": "2.31"
        },
        {
            "time": "09.12.2020 18:05",
            "open": "2.31",
            "high": "2.31",
            "low": "2.31",
            "close": "2.315"
        },
        {
            "time": "09.12.2020 18:08",
            "open": "2.315",
            "high": "2.315",
            "low": "2.312",
            "close": "2.314"
        },
        {
            "time": "09.12.2020 18:10",
            "open": "2.314",
            "high": "2.314",
            "low": "2.313",
            "close": "2.313"
        },
        {
            "time": "09.12.2020 18:11",
            "open": "2.313",
            "high": "2.313",
            "low": "2.313",
            "close": "2.322"
        },
        {
            "time": "09.12.2020 18:15",
            "open": "2.322",
            "high": "2.333",
            "low": "2.322",
            "close": "2.334"
        },
        {
            "time": "09.12.2020 18:16",
            "open": "2.334",
            "high": "2.339",
            "low": "2.328",
            "close": "2.335"
        },
        {
            "time": "09.12.2020 18:17",
            "open": "2.335",
            "high": "2.34",
            "low": "2.335",
            "close": "2.338"
        },
        {
            "time": "09.12.2020 18:18",
            "open": "2.338",
            "high": "2.339",
            "low": "2.336",
            "close": "2.34"
        },
        {
            "time": "09.12.2020 18:19",
            "open": "2.34",
            "high": "2.345",
            "low": "2.34",
            "close": "2.34"
        },
        {
            "time": "09.12.2020 18:20",
            "open": "2.34",
            "high": "2.34",
            "low": "2.307",
            "close": "2.315"
        },
        {
            "time": "09.12.2020 18:21",
            "open": "2.315",
            "high": "2.318",
            "low": "2.313",
            "close": "2.307"
        },
        {
            "time": "09.12.2020 18:22",
            "open": "2.307",
            "high": "2.307",
            "low": "2.307",
            "close": "2.307"
        },
        {
            "time": "09.12.2020 18:23",
            "open": "2.307",
            "high": "2.307",
            "low": "2.307",
            "close": "2.306"
        },
        {
            "time": "09.12.2020 18:24",
            "open": "2.306",
            "high": "2.306",
            "low": "2.306",
            "close": "2.305"
        },
        {
            "time": "09.12.2020 18:25",
            "open": "2.305",
            "high": "2.31",
            "low": "2.304",
            "close": "2.31"
        },
        {
            "time": "09.12.2020 18:26",
            "open": "2.31",
            "high": "2.31",
            "low": "2.308",
            "close": "2.307"
        },
        {
            "time": "09.12.2020 18:27",
            "open": "2.307",
            "high": "2.308",
            "low": "2.306",
            "close": "2.309"
        },
        {
            "time": "09.12.2020 18:28",
            "open": "2.309",
            "high": "2.31",
            "low": "2.308",
            "close": "2.313"
        },
        {
            "time": "09.12.2020 18:29",
            "open": "2.313",
            "high": "2.313",
            "low": "2.313",
            "close": "2.312"
        },
        {
            "time": "09.12.2020 18:30",
            "open": "2.312",
            "high": "2.312",
            "low": "2.312",
            "close": "2.311"
        },
        {
            "time": "09.12.2020 18:32",
            "open": "2.311",
            "high": "2.311",
            "low": "2.311",
            "close": "2.313"
        },
        {
            "time": "09.12.2020 18:33",
            "open": "2.313",
            "high": "2.313",
            "low": "2.313",
            "close": "2.314"
        },
        {
            "time": "09.12.2020 18:36",
            "open": "2.314",
            "high": "2.314",
            "low": "2.314",
            "close": "2.313"
        },
        {
            "time": "09.12.2020 18:39",
            "open": "2.313",
            "high": "2.313",
            "low": "2.313",
            "close": "2.312"
        },
        {
            "time": "09.12.2020 18:41",
            "open": "2.312",
            "high": "2.312",
            "low": "2.311",
            "close": "2.314"
        },
        {
            "time": "09.12.2020 18:42",
            "open": "2.314",
            "high": "2.314",
            "low": "2.314",
            "close": "2.313"
        },
        {
            "time": "09.12.2020 18:43",
            "open": "2.313",
            "high": "2.313",
            "low": "2.313",
            "close": "2.312"
        },
        {
            "time": "09.12.2020 18:44",
            "open": "2.312",
            "high": "2.312",
            "low": "2.312",
            "close": "2.312"
        },
        {
            "time": "09.12.2020 18:54",
            "open": "2.312",
            "high": "2.312",
            "low": "2.312",
            "close": "2.309"
        },
        {
            "time": "09.12.2020 19:00",
            "open": "2.309",
            "high": "2.309",
            "low": "2.309",
            "close": "2.311"
        },
        {
            "time": "09.12.2020 19:01",
            "open": "2.311",
            "high": "2.311",
            "low": "2.311",
            "close": "2.314"
        },
        {
            "time": "09.12.2020 19:02",
            "open": "2.314",
            "high": "2.314",
            "low": "2.311",
            "close": "2.315"
        },
        {
            "time": "09.12.2020 19:03",
            "open": "2.315",
            "high": "2.315",
            "low": "2.315",
            "close": "2.311"
        },
        {
            "time": "09.12.2020 19:08",
            "open": "2.311",
            "high": "2.311",
            "low": "2.311",
            "close": "2.314"
        },
        {
            "time": "09.12.2020 19:17",
            "open": "2.314",
            "high": "2.314",
            "low": "2.314",
            "close": "2.315"
        },
        {
            "time": "09.12.2020 19:18",
            "open": "2.315",
            "high": "2.315",
            "low": "2.311",
            "close": "2.312"
        },
        {
            "time": "09.12.2020 19:19",
            "open": "2.312",
            "high": "2.312",
            "low": "2.31",
            "close": "2.312"
        },
        {
            "time": "09.12.2020 19:20",
            "open": "2.312",
            "high": "2.312",
            "low": "2.312",
            "close": "2.308"
        },
        {
            "time": "09.12.2020 19:21",
            "open": "2.308",
            "high": "2.308",
            "low": "2.308",
            "close": "2.301"
        },
        {
            "time": "09.12.2020 19:27",
            "open": "2.301",
            "high": "2.301",
            "low": "2.301",
            "close": "2.302"
        },
        {
            "time": "09.12.2020 19:30",
            "open": "2.302",
            "high": "2.304",
            "low": "2.302",
            "close": "2.302"
        },
        {
            "time": "09.12.2020 19:31",
            "open": "2.302",
            "high": "2.302",
            "low": "2.302",
            "close": "2.306"
        },
        {
            "time": "09.12.2020 19:36",
            "open": "2.306",
            "high": "2.306",
            "low": "2.306",
            "close": "2.307"
        },
        {
            "time": "09.12.2020 19:38",
            "open": "2.307",
            "high": "2.307",
            "low": "2.304",
            "close": "2.3"
        },
        {
            "time": "09.12.2020 19:42",
            "open": "2.3",
            "high": "2.3",
            "low": "2.3",
            "close": "2.302"
        },
        {
            "time": "09.12.2020 19:44",
            "open": "2.302",
            "high": "2.302",
            "low": "2.302",
            "close": "2.299"
        },
        {
            "time": "09.12.2020 19:45",
            "open": "2.299",
            "high": "2.299",
            "low": "2.299",
            "close": "2.303"
        },
        {
            "time": "09.12.2020 19:46",
            "open": "2.303",
            "high": "2.303",
            "low": "2.303",
            "close": "2.301"
        },
        {
            "time": "09.12.2020 19:47",
            "open": "2.301",
            "high": "2.301",
            "low": "2.3",
            "close": "2.3"
        },
        {
            "time": "09.12.2020 19:48",
            "open": "2.3",
            "high": "2.3",
            "low": "2.3",
            "close": "2.296"
        },
        {
            "time": "09.12.2020 19:49",
            "open": "2.296",
            "high": "2.297",
            "low": "2.295",
            "close": "2.295"
        },
        {
            "time": "09.12.2020 19:50",
            "open": "2.295",
            "high": "2.295",
            "low": "2.295",
            "close": "2.298"
        },
        {
            "time": "09.12.2020 19:51",
            "open": "2.298",
            "high": "2.298",
            "low": "2.298",
            "close": "2.295"
        },
        {
            "time": "09.12.2020 19:53",
            "open": "2.295",
            "high": "2.295",
            "low": "2.294",
            "close": "2.293"
        },
        {
            "time": "09.12.2020 19:55",
            "open": "2.293",
            "high": "2.293",
            "low": "2.293",
            "close": "2.295"
        },
        {
            "time": "09.12.2020 19:56",
            "open": "2.295",
            "high": "2.295",
            "low": "2.295",
            "close": "2.296"
        },
        {
            "time": "09.12.2020 19:59",
            "open": "2.296",
            "high": "2.296",
            "low": "2.296",
            "close": "2.301"
        },
        {
            "time": "09.12.2020 20:03",
            "open": "2.301",
            "high": "2.301",
            "low": "2.301",
            "close": "2.303"
        },
        {
            "time": "09.12.2020 20:04",
            "open": "2.303",
            "high": "2.303",
            "low": "2.303",
            "close": "2.302"
        },
        {
            "time": "09.12.2020 20:07",
            "open": "2.302",
            "high": "2.302",
            "low": "2.302",
            "close": "2.302"
        },
        {
            "time": "09.12.2020 20:08",
            "open": "2.302",
            "high": "2.302",
            "low": "2.302",
            "close": "2.3"
        },
        {
            "time": "09.12.2020 20:10",
            "open": "2.3",
            "high": "2.3",
            "low": "2.3",
            "close": "2.298"
        },
        {
            "time": "09.12.2020 20:15",
            "open": "2.298",
            "high": "2.298",
            "low": "2.297",
            "close": "2.299"
        },
        {
            "time": "09.12.2020 20:21",
            "open": "2.299",
            "high": "2.299",
            "low": "2.299",
            "close": "2.297"
        },
        {
            "time": "09.12.2020 20:25",
            "open": "2.297",
            "high": "2.297",
            "low": "2.297",
            "close": "2.296"
        },
        {
            "time": "09.12.2020 20:26",
            "open": "2.296",
            "high": "2.296",
            "low": "2.296",
            "close": "2.295"
        },
        {
            "time": "09.12.2020 20:29",
            "open": "2.295",
            "high": "2.295",
            "low": "2.295",
            "close": "2.296"
        },
        {
            "time": "09.12.2020 20:31",
            "open": "2.296",
            "high": "2.296",
            "low": "2.296",
            "close": "2.296"
        },
        {
            "time": "09.12.2020 20:32",
            "open": "2.296",
            "high": "2.296",
            "low": "2.296",
            "close": "2.295"
        },
        {
            "time": "09.12.2020 20:33",
            "open": "2.295",
            "high": "2.296",
            "low": "2.295",
            "close": "2.299"
        },
        {
            "time": "09.12.2020 20:34",
            "open": "2.299",
            "high": "2.299",
            "low": "2.299",
            "close": "2.296"
        },
        {
            "time": "09.12.2020 20:39",
            "open": "2.296",
            "high": "2.296",
            "low": "2.296",
            "close": "2.292"
        },
        {
            "time": "09.12.2020 20:40",
            "open": "2.292",
            "high": "2.292",
            "low": "2.292",
            "close": "2.294"
        },
        {
            "time": "09.12.2020 20:41",
            "open": "2.294",
            "high": "2.294",
            "low": "2.294",
            "close": "2.29"
        },
        {
            "time": "09.12.2020 20:42",
            "open": "2.29",
            "high": "2.29",
            "low": "2.29",
            "close": "2.293"
        },
        {
            "time": "09.12.2020 20:47",
            "open": "2.293",
            "high": "2.293",
            "low": "2.292",
            "close": "2.292"
        },
        {
            "time": "09.12.2020 20:49",
            "open": "2.292",
            "high": "2.292",
            "low": "2.292",
            "close": "2.295"
        },
        {
            "time": "09.12.2020 20:50",
            "open": "2.295",
            "high": "2.295",
            "low": "2.295",
            "close": "2.297"
        },
        {
            "time": "09.12.2020 21:01",
            "open": "2.297",
            "high": "2.297",
            "low": "2.297",
            "close": "2.297"
        },
        {
            "time": "09.12.2020 21:02",
            "open": "2.297",
            "high": "2.297",
            "low": "2.297",
            "close": "2.297"
        },
        {
            "time": "09.12.2020 21:10",
            "open": "2.297",
            "high": "2.297",
            "low": "2.297",
            "close": "2.298"
        },
        {
            "time": "09.12.2020 21:18",
            "open": "2.298",
            "high": "2.298",
            "low": "2.298",
            "close": "2.297"
        },
        {
            "time": "09.12.2020 21:19",
            "open": "2.297",
            "high": "2.297",
            "low": "2.294",
            "close": "2.297"
        },
        {
            "time": "09.12.2020 21:20",
            "open": "2.297",
            "high": "2.297",
            "low": "2.297",
            "close": "2.29"
        },
        {
            "time": "09.12.2020 21:27",
            "open": "2.29",
            "high": "2.29",
            "low": "2.29",
            "close": "2.292"
        },
        {
            "time": "09.12.2020 21:31",
            "open": "2.292",
            "high": "2.292",
            "low": "2.292",
            "close": "2.29"
        },
        {
            "time": "09.12.2020 21:32",
            "open": "2.29",
            "high": "2.29",
            "low": "2.29",
            "close": "2.288"
        },
        {
            "time": "09.12.2020 21:35",
            "open": "2.288",
            "high": "2.29",
            "low": "2.288",
            "close": "2.295"
        },
        {
            "time": "09.12.2020 21:37",
            "open": "2.295",
            "high": "2.295",
            "low": "2.295",
            "close": "2.296"
        },
        {
            "time": "09.12.2020 21:39",
            "open": "2.296",
            "high": "2.296",
            "low": "2.296",
            "close": "2.3"
        },
        {
            "time": "09.12.2020 21:41",
            "open": "2.3",
            "high": "2.3",
            "low": "2.299",
            "close": "2.3"
        },
        {
            "time": "09.12.2020 21:42",
            "open": "2.3",
            "high": "2.3",
            "low": "2.3",
            "close": "2.3"
        },
        {
            "time": "09.12.2020 21:45",
            "open": "2.3",
            "high": "2.3",
            "low": "2.3",
            "close": "2.31"
        },
        {
            "time": "09.12.2020 21:50",
            "open": "2.31",
            "high": "2.312",
            "low": "2.31",
            "close": "2.311"
        },
        {
            "time": "09.12.2020 21:52",
            "open": "2.311",
            "high": "2.311",
            "low": "2.311",
            "close": "2.316"
        },
        {
            "time": "09.12.2020 22:06",
            "open": "2.316",
            "high": "2.316",
            "low": "2.314",
            "close": "2.315"
        },
        {
            "time": "09.12.2020 22:08",
            "open": "2.315",
            "high": "2.315",
            "low": "2.312",
            "close": "2.316"
        },
        {
            "time": "09.12.2020 22:09",
            "open": "2.316",
            "high": "2.316",
            "low": "2.316",
            "close": "2.317"
        },
        {
            "time": "09.12.2020 22:10",
            "open": "2.317",
            "high": "2.317",
            "low": "2.317",
            "close": "2.315"
        },
        {
            "time": "09.12.2020 22:11",
            "open": "2.315",
            "high": "2.315",
            "low": "2.315",
            "close": "2.319"
        },
        {
            "time": "09.12.2020 22:13",
            "open": "2.319",
            "high": "2.319",
            "low": "2.319",
            "close": "2.316"
        },
        {
            "time": "09.12.2020 22:18",
            "open": "2.316",
            "high": "2.316",
            "low": "2.316",
            "close": "2.313"
        },
        {
            "time": "09.12.2020 22:19",
            "open": "2.313",
            "high": "2.313",
            "low": "2.313",
            "close": "2.318"
        },
        {
            "time": "09.12.2020 22:20",
            "open": "2.318",
            "high": "2.318",
            "low": "2.317",
            "close": "2.315"
        },
        {
            "time": "09.12.2020 22:22",
            "open": "2.315",
            "high": "2.315",
            "low": "2.315",
            "close": "2.318"
        },
        {
            "time": "09.12.2020 22:23",
            "open": "2.318",
            "high": "2.318",
            "low": "2.318",
            "close": "2.322"
        },
        {
            "time": "09.12.2020 22:24",
            "open": "2.322",
            "high": "2.322",
            "low": "2.322",
            "close": "2.325"
        },
        {
            "time": "09.12.2020 22:25",
            "open": "2.325",
            "high": "2.325",
            "low": "2.325",
            "close": "2.326"
        },
        {
            "time": "09.12.2020 22:28",
            "open": "2.326",
            "high": "2.326",
            "low": "2.325",
            "close": "2.33"
        },
        {
            "time": "09.12.2020 22:31",
            "open": "2.33",
            "high": "2.33",
            "low": "2.33",
            "close": "2.338"
        },
        {
            "time": "09.12.2020 22:32",
            "open": "2.338",
            "high": "2.338",
            "low": "2.336",
            "close": "2.333"
        },
        {
            "time": "09.12.2020 22:34",
            "open": "2.333",
            "high": "2.337",
            "low": "2.333",
            "close": "2.336"
        },
        {
            "time": "09.12.2020 22:35",
            "open": "2.336",
            "high": "2.336",
            "low": "2.336",
            "close": "2.338"
        },
        {
            "time": "09.12.2020 22:37",
            "open": "2.338",
            "high": "2.338",
            "low": "2.338",
            "close": "2.341"
        },
        {
            "time": "09.12.2020 22:38",
            "open": "2.341",
            "high": "2.343",
            "low": "2.34",
            "close": "2.348"
        },
        {
            "time": "09.12.2020 22:39",
            "open": "2.348",
            "high": "2.348",
            "low": "2.348",
            "close": "2.342"
        },
        {
            "time": "09.12.2020 22:40",
            "open": "2.342",
            "high": "2.342",
            "low": "2.342",
            "close": "2.342"
        },
        {
            "time": "09.12.2020 22:42",
            "open": "2.342",
            "high": "2.346",
            "low": "2.342",
            "close": "2.342"
        },
        {
            "time": "09.12.2020 22:44",
            "open": "2.342",
            "high": "2.342",
            "low": "2.342",
            "close": "2.338"
        },
        {
            "time": "09.12.2020 22:46",
            "open": "2.338",
            "high": "2.338",
            "low": "2.338",
            "close": "2.33"
        },
        {
            "time": "09.12.2020 22:48",
            "open": "2.33",
            "high": "2.33",
            "low": "2.33",
            "close": "2.326"
        },
        {
            "time": "09.12.2020 22:49",
            "open": "2.326",
            "high": "2.326",
            "low": "2.326",
            "close": "2.328"
        },
        {
            "time": "09.12.2020 22:50",
            "open": "2.328",
            "high": "2.328",
            "low": "2.328",
            "close": "2.332"
        },
        {
            "time": "09.12.2020 22:52",
            "open": "2.332",
            "high": "2.332",
            "low": "2.332",
            "close": "2.332"
        },
        {
            "time": "09.12.2020 22:54",
            "open": "2.332",
            "high": "2.333",
            "low": "2.332",
            "close": "2.332"
        },
        {
            "time": "09.12.2020 22:58",
            "open": "2.332",
            "high": "2.332",
            "low": "2.332",
            "close": "2.336"
        },
        {
            "time": "09.12.2020 23:00",
            "open": "2.336",
            "high": "2.336",
            "low": "2.332",
            "close": "2.339"
        },
        {
            "time": "09.12.2020 23:02",
            "open": "2.339",
            "high": "2.339",
            "low": "2.339",
            "close": "2.337"
        },
        {
            "time": "09.12.2020 23:04",
            "open": "2.337",
            "high": "2.337",
            "low": "2.337",
            "close": "2.34"
        },
        {
            "time": "09.12.2020 23:13",
            "open": "2.34",
            "high": "2.34",
            "low": "2.34",
            "close": "2.331"
        },
        {
            "time": "09.12.2020 23:23",
            "open": "2.331",
            "high": "2.333",
            "low": "2.331",
            "close": "2.331"
        },
        {
            "time": "09.12.2020 23:25",
            "open": "2.331",
            "high": "2.331",
            "low": "2.331",
            "close": "2.334"
        },
        {
            "time": "09.12.2020 23:26",
            "open": "2.334",
            "high": "2.334",
            "low": "2.334",
            "close": "2.334"
        },
        {
            "time": "09.12.2020 23:27",
            "open": "2.334",
            "high": "2.334",
            "low": "2.334",
            "close": "2.333"
        },
        {
            "time": "09.12.2020 23:31",
            "open": "2.333",
            "high": "2.333",
            "low": "2.333",
            "close": "2.331"
        },
        {
            "time": "09.12.2020 23:32",
            "open": "2.331",
            "high": "2.331",
            "low": "2.33",
            "close": "2.33"
        },
        {
            "time": "09.12.2020 23:34",
            "open": "2.33",
            "high": "2.33",
            "low": "2.33",
            "close": "2.331"
        },
        {
            "time": "09.12.2020 23:36",
            "open": "2.331",
            "high": "2.332",
            "low": "2.331",
            "close": "2.333"
        },
        {
            "time": "09.12.2020 23:37",
            "open": "2.333",
            "high": "2.333",
            "low": "2.333",
            "close": "2.333"
        },
        {
            "time": "09.12.2020 23:42",
            "open": "2.333",
            "high": "2.333",
            "low": "2.333",
            "close": "2.326"
        },
        {
            "time": "09.12.2020 23:45",
            "open": "2.326",
            "high": "2.326",
            "low": "2.326",
            "close": "2.337"
        },
        {
            "time": "09.12.2020 23:50",
            "open": "2.337",
            "high": "2.337",
            "low": "2.336",
            "close": "2.334"
        },
        {
            "time": "09.12.2020 23:55",
            "open": "2.334",
            "high": "2.334",
            "low": "2.334",
            "close": "2.334"
        },
        {
            "time": "09.12.2020 23:56",
            "open": "2.334",
            "high": "2.334",
            "low": "2.334",
            "close": "2.336"
        }
    ]
}