{
    "EOS-EUR": [
        {
            "time": "09.11.2020 23:54",
            "open": "2.114",
            "high": "2.114",
            "low": "2.114",
            "close": "2.112"
        },
        {
            "time": "10.11.2020 00:00",
            "open": "2.112",
            "high": "2.112",
            "low": "2.111",
            "close": "2.115"
        },
        {
            "time": "10.11.2020 00:02",
            "open": "2.115",
            "high": "2.115",
            "low": "2.115",
            "close": "2.113"
        },
        {
            "time": "10.11.2020 00:07",
            "open": "2.113",
            "high": "2.114",
            "low": "2.113",
            "close": "2.112"
        },
        {
            "time": "10.11.2020 00:08",
            "open": "2.112",
            "high": "2.112",
            "low": "2.109",
            "close": "2.114"
        },
        {
            "time": "10.11.2020 00:11",
            "open": "2.114",
            "high": "2.114",
            "low": "2.111",
            "close": "2.112"
        },
        {
            "time": "10.11.2020 00:15",
            "open": "2.112",
            "high": "2.114",
            "low": "2.112",
            "close": "2.112"
        },
        {
            "time": "10.11.2020 00:16",
            "open": "2.112",
            "high": "2.115",
            "low": "2.112",
            "close": "2.114"
        },
        {
            "time": "10.11.2020 00:20",
            "open": "2.114",
            "high": "2.114",
            "low": "2.111",
            "close": "2.112"
        },
        {
            "time": "10.11.2020 00:21",
            "open": "2.112",
            "high": "2.112",
            "low": "2.112",
            "close": "2.112"
        },
        {
            "time": "10.11.2020 00:24",
            "open": "2.112",
            "high": "2.112",
            "low": "2.112",
            "close": "2.112"
        },
        {
            "time": "10.11.2020 00:25",
            "open": "2.112",
            "high": "2.112",
            "low": "2.112",
            "close": "2.112"
        },
        {
            "time": "10.11.2020 00:27",
            "open": "2.112",
            "high": "2.112",
            "low": "2.112",
            "close": "2.113"
        },
        {
            "time": "10.11.2020 00:31",
            "open": "2.113",
            "high": "2.113",
            "low": "2.11",
            "close": "2.111"
        },
        {
            "time": "10.11.2020 00:37",
            "open": "2.111",
            "high": "2.111",
            "low": "2.111",
            "close": "2.111"
        },
        {
            "time": "10.11.2020 00:38",
            "open": "2.111",
            "high": "2.111",
            "low": "2.111",
            "close": "2.11"
        },
        {
            "time": "10.11.2020 00:43",
            "open": "2.11",
            "high": "2.11",
            "low": "2.11",
            "close": "2.112"
        },
        {
            "time": "10.11.2020 00:47",
            "open": "2.112",
            "high": "2.112",
            "low": "2.112",
            "close": "2.111"
        },
        {
            "time": "10.11.2020 00:48",
            "open": "2.111",
            "high": "2.111",
            "low": "2.111",
            "close": "2.111"
        },
        {
            "time": "10.11.2020 00:57",
            "open": "2.111",
            "high": "2.111",
            "low": "2.111",
            "close": "2.112"
        },
        {
            "time": "10.11.2020 01:08",
            "open": "2.112",
            "high": "2.112",
            "low": "2.112",
            "close": "2.11"
        },
        {
            "time": "10.11.2020 01:13",
            "open": "2.11",
            "high": "2.11",
            "low": "2.11",
            "close": "2.106"
        },
        {
            "time": "10.11.2020 01:19",
            "open": "2.106",
            "high": "2.106",
            "low": "2.106",
            "close": "2.104"
        },
        {
            "time": "10.11.2020 01:24",
            "open": "2.104",
            "high": "2.104",
            "low": "2.104",
            "close": "2.106"
        },
        {
            "time": "10.11.2020 01:25",
            "open": "2.106",
            "high": "2.106",
            "low": "2.106",
            "close": "2.105"
        },
        {
            "time": "10.11.2020 01:26",
            "open": "2.105",
            "high": "2.107",
            "low": "2.105",
            "close": "2.11"
        },
        {
            "time": "10.11.2020 01:33",
            "open": "2.11",
            "high": "2.11",
            "low": "2.11",
            "close": "2.108"
        },
        {
            "time": "10.11.2020 01:34",
            "open": "2.108",
            "high": "2.108",
            "low": "2.108",
            "close": "2.11"
        },
        {
            "time": "10.11.2020 01:49",
            "open": "2.11",
            "high": "2.11",
            "low": "2.11",
            "close": "2.112"
        },
        {
            "time": "10.11.2020 01:58",
            "open": "2.112",
            "high": "2.112",
            "low": "2.112",
            "close": "2.117"
        },
        {
            "time": "10.11.2020 02:00",
            "open": "2.117",
            "high": "2.117",
            "low": "2.117",
            "close": "2.112"
        },
        {
            "time": "10.11.2020 02:08",
            "open": "2.112",
            "high": "2.112",
            "low": "2.112",
            "close": "2.119"
        },
        {
            "time": "10.11.2020 02:10",
            "open": "2.119",
            "high": "2.119",
            "low": "2.119",
            "close": "2.12"
        },
        {
            "time": "10.11.2020 02:20",
            "open": "2.12",
            "high": "2.12",
            "low": "2.12",
            "close": "2.119"
        },
        {
            "time": "10.11.2020 02:24",
            "open": "2.119",
            "high": "2.119",
            "low": "2.119",
            "close": "2.122"
        },
        {
            "time": "10.11.2020 02:28",
            "open": "2.122",
            "high": "2.122",
            "low": "2.122",
            "close": "2.119"
        },
        {
            "time": "10.11.2020 02:36",
            "open": "2.119",
            "high": "2.119",
            "low": "2.119",
            "close": "2.119"
        },
        {
            "time": "10.11.2020 02:42",
            "open": "2.119",
            "high": "2.119",
            "low": "2.119",
            "close": "2.121"
        },
        {
            "time": "10.11.2020 02:45",
            "open": "2.121",
            "high": "2.121",
            "low": "2.121",
            "close": "2.122"
        },
        {
            "time": "10.11.2020 02:46",
            "open": "2.122",
            "high": "2.123",
            "low": "2.122",
            "close": "2.114"
        },
        {
            "time": "10.11.2020 03:18",
            "open": "2.114",
            "high": "2.114",
            "low": "2.114",
            "close": "2.115"
        },
        {
            "time": "10.11.2020 03:25",
            "open": "2.115",
            "high": "2.115",
            "low": "2.115",
            "close": "2.117"
        },
        {
            "time": "10.11.2020 03:43",
            "open": "2.117",
            "high": "2.117",
            "low": "2.117",
            "close": "2.116"
        },
        {
            "time": "10.11.2020 04:03",
            "open": "2.116",
            "high": "2.116",
            "low": "2.116",
            "close": "2.109"
        },
        {
            "time": "10.11.2020 04:08",
            "open": "2.109",
            "high": "2.109",
            "low": "2.109",
            "close": "2.111"
        },
        {
            "time": "10.11.2020 04:20",
            "open": "2.111",
            "high": "2.111",
            "low": "2.111",
            "close": "2.109"
        },
        {
            "time": "10.11.2020 04:23",
            "open": "2.109",
            "high": "2.111",
            "low": "2.109",
            "close": "2.114"
        },
        {
            "time": "10.11.2020 04:57",
            "open": "2.114",
            "high": "2.114",
            "low": "2.114",
            "close": "2.115"
        },
        {
            "time": "10.11.2020 05:50",
            "open": "2.115",
            "high": "2.115",
            "low": "2.115",
            "close": "2.115"
        },
        {
            "time": "10.11.2020 06:02",
            "open": "2.115",
            "high": "2.115",
            "low": "2.115",
            "close": "2.114"
        },
        {
            "time": "10.11.2020 06:32",
            "open": "2.114",
            "high": "2.114",
            "low": "2.114",
            "close": "2.112"
        },
        {
            "time": "10.11.2020 06:33",
            "open": "2.112",
            "high": "2.112",
            "low": "2.112",
            "close": "2.11"
        },
        {
            "time": "10.11.2020 06:35",
            "open": "2.11",
            "high": "2.11",
            "low": "2.109",
            "close": "2.113"
        },
        {
            "time": "10.11.2020 06:47",
            "open": "2.113",
            "high": "2.113",
            "low": "2.113",
            "close": "2.113"
        },
        {
            "time": "10.11.2020 06:56",
            "open": "2.113",
            "high": "2.113",
            "low": "2.113",
            "close": "2.11"
        },
        {
            "time": "10.11.2020 07:06",
            "open": "2.11",
            "high": "2.11",
            "low": "2.11",
            "close": "2.112"
        },
        {
            "time": "10.11.2020 07:18",
            "open": "2.112",
            "high": "2.112",
            "low": "2.112",
            "close": "2.107"
        },
        {
            "time": "10.11.2020 07:29",
            "open": "2.107",
            "high": "2.107",
            "low": "2.107",
            "close": "2.106"
        },
        {
            "time": "10.11.2020 07:30",
            "open": "2.106",
            "high": "2.106",
            "low": "2.106",
            "close": "2.098"
        },
        {
            "time": "10.11.2020 07:42",
            "open": "2.098",
            "high": "2.098",
            "low": "2.098",
            "close": "2.098"
        },
        {
            "time": "10.11.2020 07:44",
            "open": "2.098",
            "high": "2.098",
            "low": "2.098",
            "close": "2.104"
        },
        {
            "time": "10.11.2020 07:47",
            "open": "2.104",
            "high": "2.104",
            "low": "2.104",
            "close": "2.107"
        },
        {
            "time": "10.11.2020 07:51",
            "open": "2.107",
            "high": "2.107",
            "low": "2.107",
            "close": "2.106"
        },
        {
            "time": "10.11.2020 07:54",
            "open": "2.106",
            "high": "2.106",
            "low": "2.106",
            "close": "2.108"
        },
        {
            "time": "10.11.2020 08:01",
            "open": "2.108",
            "high": "2.108",
            "low": "2.108",
            "close": "2.108"
        },
        {
            "time": "10.11.2020 08:06",
            "open": "2.108",
            "high": "2.108",
            "low": "2.108",
            "close": "2.11"
        },
        {
            "time": "10.11.2020 08:16",
            "open": "2.11",
            "high": "2.11",
            "low": "2.11",
            "close": "2.11"
        },
        {
            "time": "10.11.2020 08:17",
            "open": "2.11",
            "high": "2.11",
            "low": "2.11",
            "close": "2.111"
        },
        {
            "time": "10.11.2020 08:19",
            "open": "2.111",
            "high": "2.111",
            "low": "2.111",
            "close": "2.107"
        },
        {
            "time": "10.11.2020 08:27",
            "open": "2.107",
            "high": "2.107",
            "low": "2.107",
            "close": "2.108"
        },
        {
            "time": "10.11.2020 08:31",
            "open": "2.108",
            "high": "2.108",
            "low": "2.108",
            "close": "2.111"
        },
        {
            "time": "10.11.2020 08:36",
            "open": "2.111",
            "high": "2.111",
            "low": "2.111",
            "close": "2.111"
        },
        {
            "time": "10.11.2020 08:37",
            "open": "2.111",
            "high": "2.113",
            "low": "2.111",
            "close": "2.118"
        },
        {
            "time": "10.11.2020 08:38",
            "open": "2.118",
            "high": "2.118",
            "low": "2.118",
            "close": "2.118"
        },
        {
            "time": "10.11.2020 08:39",
            "open": "2.118",
            "high": "2.118",
            "low": "2.118",
            "close": "2.12"
        },
        {
            "time": "10.11.2020 08:41",
            "open": "2.12",
            "high": "2.12",
            "low": "2.12",
            "close": "2.121"
        },
        {
            "time": "10.11.2020 08:44",
            "open": "2.121",
            "high": "2.121",
            "low": "2.121",
            "close": "2.125"
        },
        {
            "time": "10.11.2020 08:49",
            "open": "2.125",
            "high": "2.125",
            "low": "2.125",
            "close": "2.123"
        },
        {
            "time": "10.11.2020 08:50",
            "open": "2.123",
            "high": "2.123",
            "low": "2.123",
            "close": "2.13"
        },
        {
            "time": "10.11.2020 08:55",
            "open": "2.13",
            "high": "2.131",
            "low": "2.13",
            "close": "2.128"
        },
        {
            "time": "10.11.2020 08:56",
            "open": "2.128",
            "high": "2.129",
            "low": "2.128",
            "close": "2.126"
        },
        {
            "time": "10.11.2020 08:59",
            "open": "2.126",
            "high": "2.126",
            "low": "2.126",
            "close": "2.127"
        },
        {
            "time": "10.11.2020 09:01",
            "open": "2.127",
            "high": "2.127",
            "low": "2.127",
            "close": "2.126"
        },
        {
            "time": "10.11.2020 09:02",
            "open": "2.126",
            "high": "2.126",
            "low": "2.126",
            "close": "2.128"
        },
        {
            "time": "10.11.2020 09:03",
            "open": "2.128",
            "high": "2.128",
            "low": "2.128",
            "close": "2.132"
        },
        {
            "time": "10.11.2020 09:07",
            "open": "2.132",
            "high": "2.132",
            "low": "2.132",
            "close": "2.133"
        },
        {
            "time": "10.11.2020 09:08",
            "open": "2.133",
            "high": "2.133",
            "low": "2.133",
            "close": "2.136"
        },
        {
            "time": "10.11.2020 09:09",
            "open": "2.136",
            "high": "2.136",
            "low": "2.136",
            "close": "2.139"
        },
        {
            "time": "10.11.2020 09:12",
            "open": "2.139",
            "high": "2.139",
            "low": "2.139",
            "close": "2.136"
        },
        {
            "time": "10.11.2020 09:14",
            "open": "2.136",
            "high": "2.136",
            "low": "2.136",
            "close": "2.136"
        },
        {
            "time": "10.11.2020 09:15",
            "open": "2.136",
            "high": "2.136",
            "low": "2.136",
            "close": "2.132"
        },
        {
            "time": "10.11.2020 09:20",
            "open": "2.132",
            "high": "2.132",
            "low": "2.132",
            "close": "2.132"
        },
        {
            "time": "10.11.2020 09:23",
            "open": "2.132",
            "high": "2.132",
            "low": "2.132",
            "close": "2.133"
        },
        {
            "time": "10.11.2020 09:24",
            "open": "2.133",
            "high": "2.133",
            "low": "2.132",
            "close": "2.132"
        },
        {
            "time": "10.11.2020 09:25",
            "open": "2.132",
            "high": "2.132",
            "low": "2.132",
            "close": "2.133"
        },
        {
            "time": "10.11.2020 09:30",
            "open": "2.133",
            "high": "2.133",
            "low": "2.133",
            "close": "2.133"
        },
        {
            "time": "10.11.2020 09:33",
            "open": "2.133",
            "high": "2.133",
            "low": "2.133",
            "close": "2.132"
        },
        {
            "time": "10.11.2020 09:36",
            "open": "2.132",
            "high": "2.132",
            "low": "2.132",
            "close": "2.129"
        },
        {
            "time": "10.11.2020 09:43",
            "open": "2.129",
            "high": "2.129",
            "low": "2.129",
            "close": "2.13"
        },
        {
            "time": "10.11.2020 09:44",
            "open": "2.13",
            "high": "2.13",
            "low": "2.129",
            "close": "2.129"
        },
        {
            "time": "10.11.2020 09:46",
            "open": "2.129",
            "high": "2.129",
            "low": "2.129",
            "close": "2.132"
        },
        {
            "time": "10.11.2020 09:47",
            "open": "2.132",
            "high": "2.132",
            "low": "2.132",
            "close": "2.132"
        },
        {
            "time": "10.11.2020 09:48",
            "open": "2.132",
            "high": "2.134",
            "low": "2.132",
            "close": "2.131"
        },
        {
            "time": "10.11.2020 09:49",
            "open": "2.131",
            "high": "2.131",
            "low": "2.131",
            "close": "2.134"
        },
        {
            "time": "10.11.2020 09:50",
            "open": "2.134",
            "high": "2.134",
            "low": "2.134",
            "close": "2.134"
        },
        {
            "time": "10.11.2020 09:51",
            "open": "2.134",
            "high": "2.134",
            "low": "2.132",
            "close": "2.133"
        },
        {
            "time": "10.11.2020 09:53",
            "open": "2.133",
            "high": "2.133",
            "low": "2.133",
            "close": "2.126"
        },
        {
            "time": "10.11.2020 09:58",
            "open": "2.126",
            "high": "2.126",
            "low": "2.126",
            "close": "2.129"
        },
        {
            "time": "10.11.2020 09:59",
            "open": "2.129",
            "high": "2.129",
            "low": "2.126",
            "close": "2.131"
        },
        {
            "time": "10.11.2020 10:03",
            "open": "2.131",
            "high": "2.131",
            "low": "2.131",
            "close": "2.132"
        },
        {
            "time": "10.11.2020 10:04",
            "open": "2.132",
            "high": "2.132",
            "low": "2.132",
            "close": "2.127"
        },
        {
            "time": "10.11.2020 10:09",
            "open": "2.127",
            "high": "2.127",
            "low": "2.127",
            "close": "2.13"
        },
        {
            "time": "10.11.2020 10:14",
            "open": "2.13",
            "high": "2.131",
            "low": "2.13",
            "close": "2.128"
        },
        {
            "time": "10.11.2020 10:16",
            "open": "2.128",
            "high": "2.128",
            "low": "2.128",
            "close": "2.128"
        },
        {
            "time": "10.11.2020 10:18",
            "open": "2.128",
            "high": "2.13",
            "low": "2.128",
            "close": "2.13"
        },
        {
            "time": "10.11.2020 10:19",
            "open": "2.13",
            "high": "2.13",
            "low": "2.13",
            "close": "2.133"
        },
        {
            "time": "10.11.2020 10:20",
            "open": "2.133",
            "high": "2.133",
            "low": "2.133",
            "close": "2.133"
        },
        {
            "time": "10.11.2020 10:21",
            "open": "2.133",
            "high": "2.133",
            "low": "2.133",
            "close": "2.133"
        },
        {
            "time": "10.11.2020 10:24",
            "open": "2.133",
            "high": "2.133",
            "low": "2.133",
            "close": "2.133"
        },
        {
            "time": "10.11.2020 10:26",
            "open": "2.133",
            "high": "2.133",
            "low": "2.133",
            "close": "2.134"
        },
        {
            "time": "10.11.2020 10:32",
            "open": "2.134",
            "high": "2.135",
            "low": "2.134",
            "close": "2.136"
        },
        {
            "time": "10.11.2020 10:43",
            "open": "2.136",
            "high": "2.136",
            "low": "2.136",
            "close": "2.139"
        },
        {
            "time": "10.11.2020 10:45",
            "open": "2.139",
            "high": "2.139",
            "low": "2.139",
            "close": "2.139"
        },
        {
            "time": "10.11.2020 10:50",
            "open": "2.139",
            "high": "2.139",
            "low": "2.139",
            "close": "2.14"
        },
        {
            "time": "10.11.2020 10:54",
            "open": "2.14",
            "high": "2.14",
            "low": "2.14",
            "close": "2.139"
        },
        {
            "time": "10.11.2020 10:56",
            "open": "2.139",
            "high": "2.139",
            "low": "2.139",
            "close": "2.139"
        },
        {
            "time": "10.11.2020 10:58",
            "open": "2.139",
            "high": "2.14",
            "low": "2.139",
            "close": "2.139"
        },
        {
            "time": "10.11.2020 10:59",
            "open": "2.139",
            "high": "2.139",
            "low": "2.139",
            "close": "2.141"
        },
        {
            "time": "10.11.2020 11:03",
            "open": "2.141",
            "high": "2.141",
            "low": "2.141",
            "close": "2.138"
        },
        {
            "time": "10.11.2020 11:05",
            "open": "2.138",
            "high": "2.138",
            "low": "2.138",
            "close": "2.139"
        },
        {
            "time": "10.11.2020 11:07",
            "open": "2.139",
            "high": "2.139",
            "low": "2.139",
            "close": "2.136"
        },
        {
            "time": "10.11.2020 11:16",
            "open": "2.136",
            "high": "2.136",
            "low": "2.136",
            "close": "2.138"
        },
        {
            "time": "10.11.2020 11:18",
            "open": "2.138",
            "high": "2.138",
            "low": "2.138",
            "close": "2.137"
        },
        {
            "time": "10.11.2020 11:36",
            "open": "2.137",
            "high": "2.137",
            "low": "2.137",
            "close": "2.141"
        },
        {
            "time": "10.11.2020 11:38",
            "open": "2.141",
            "high": "2.141",
            "low": "2.141",
            "close": "2.138"
        },
        {
            "time": "10.11.2020 11:41",
            "open": "2.138",
            "high": "2.138",
            "low": "2.138",
            "close": "2.141"
        },
        {
            "time": "10.11.2020 11:42",
            "open": "2.141",
            "high": "2.141",
            "low": "2.141",
            "close": "2.13"
        },
        {
            "time": "10.11.2020 11:49",
            "open": "2.13",
            "high": "2.13",
            "low": "2.128",
            "close": "2.13"
        },
        {
            "time": "10.11.2020 11:50",
            "open": "2.13",
            "high": "2.13",
            "low": "2.13",
            "close": "2.129"
        },
        {
            "time": "10.11.2020 11:53",
            "open": "2.129",
            "high": "2.129",
            "low": "2.129",
            "close": "2.13"
        },
        {
            "time": "10.11.2020 11:54",
            "open": "2.13",
            "high": "2.13",
            "low": "2.129",
            "close": "2.122"
        },
        {
            "time": "10.11.2020 11:55",
            "open": "2.122",
            "high": "2.122",
            "low": "2.122",
            "close": "2.124"
        },
        {
            "time": "10.11.2020 11:56",
            "open": "2.124",
            "high": "2.124",
            "low": "2.124",
            "close": "2.125"
        },
        {
            "time": "10.11.2020 11:58",
            "open": "2.125",
            "high": "2.125",
            "low": "2.125",
            "close": "2.13"
        },
        {
            "time": "10.11.2020 12:02",
            "open": "2.13",
            "high": "2.13",
            "low": "2.13",
            "close": "2.127"
        },
        {
            "time": "10.11.2020 12:06",
            "open": "2.127",
            "high": "2.129",
            "low": "2.127",
            "close": "2.128"
        },
        {
            "time": "10.11.2020 12:08",
            "open": "2.128",
            "high": "2.128",
            "low": "2.128",
            "close": "2.126"
        },
        {
            "time": "10.11.2020 12:09",
            "open": "2.126",
            "high": "2.126",
            "low": "2.125",
            "close": "2.125"
        },
        {
            "time": "10.11.2020 12:12",
            "open": "2.125",
            "high": "2.125",
            "low": "2.125",
            "close": "2.122"
        },
        {
            "time": "10.11.2020 12:14",
            "open": "2.122",
            "high": "2.122",
            "low": "2.122",
            "close": "2.122"
        },
        {
            "time": "10.11.2020 12:15",
            "open": "2.122",
            "high": "2.123",
            "low": "2.122",
            "close": "2.123"
        },
        {
            "time": "10.11.2020 12:17",
            "open": "2.123",
            "high": "2.123",
            "low": "2.123",
            "close": "2.123"
        },
        {
            "time": "10.11.2020 12:18",
            "open": "2.123",
            "high": "2.123",
            "low": "2.123",
            "close": "2.123"
        },
        {
            "time": "10.11.2020 12:19",
            "open": "2.123",
            "high": "2.123",
            "low": "2.123",
            "close": "2.123"
        },
        {
            "time": "10.11.2020 12:20",
            "open": "2.123",
            "high": "2.123",
            "low": "2.123",
            "close": "2.12"
        },
        {
            "time": "10.11.2020 12:22",
            "open": "2.12",
            "high": "2.12",
            "low": "2.12",
            "close": "2.119"
        },
        {
            "time": "10.11.2020 12:26",
            "open": "2.119",
            "high": "2.119",
            "low": "2.119",
            "close": "2.122"
        },
        {
            "time": "10.11.2020 12:27",
            "open": "2.122",
            "high": "2.122",
            "low": "2.122",
            "close": "2.123"
        },
        {
            "time": "10.11.2020 12:29",
            "open": "2.123",
            "high": "2.123",
            "low": "2.123",
            "close": "2.127"
        },
        {
            "time": "10.11.2020 12:32",
            "open": "2.127",
            "high": "2.127",
            "low": "2.127",
            "close": "2.128"
        },
        {
            "time": "10.11.2020 12:36",
            "open": "2.128",
            "high": "2.128",
            "low": "2.123",
            "close": "2.127"
        },
        {
            "time": "10.11.2020 12:42",
            "open": "2.127",
            "high": "2.127",
            "low": "2.127",
            "close": "2.129"
        },
        {
            "time": "10.11.2020 12:49",
            "open": "2.129",
            "high": "2.129",
            "low": "2.129",
            "close": "2.132"
        },
        {
            "time": "10.11.2020 12:54",
            "open": "2.132",
            "high": "2.132",
            "low": "2.132",
            "close": "2.132"
        },
        {
            "time": "10.11.2020 12:55",
            "open": "2.132",
            "high": "2.132",
            "low": "2.131",
            "close": "2.132"
        },
        {
            "time": "10.11.2020 12:57",
            "open": "2.132",
            "high": "2.132",
            "low": "2.132",
            "close": "2.137"
        },
        {
            "time": "10.11.2020 12:58",
            "open": "2.137",
            "high": "2.138",
            "low": "2.137",
            "close": "2.134"
        },
        {
            "time": "10.11.2020 12:59",
            "open": "2.134",
            "high": "2.134",
            "low": "2.134",
            "close": "2.137"
        },
        {
            "time": "10.11.2020 13:01",
            "open": "2.137",
            "high": "2.137",
            "low": "2.137",
            "close": "2.132"
        },
        {
            "time": "10.11.2020 13:05",
            "open": "2.132",
            "high": "2.133",
            "low": "2.132",
            "close": "2.138"
        },
        {
            "time": "10.11.2020 13:11",
            "open": "2.138",
            "high": "2.138",
            "low": "2.138",
            "close": "2.137"
        },
        {
            "time": "10.11.2020 13:12",
            "open": "2.137",
            "high": "2.137",
            "low": "2.137",
            "close": "2.135"
        },
        {
            "time": "10.11.2020 13:14",
            "open": "2.135",
            "high": "2.135",
            "low": "2.135",
            "close": "2.138"
        },
        {
            "time": "10.11.2020 13:16",
            "open": "2.138",
            "high": "2.139",
            "low": "2.138",
            "close": "2.136"
        },
        {
            "time": "10.11.2020 13:17",
            "open": "2.136",
            "high": "2.136",
            "low": "2.136",
            "close": "2.136"
        },
        {
            "time": "10.11.2020 13:21",
            "open": "2.136",
            "high": "2.136",
            "low": "2.136",
            "close": "2.131"
        },
        {
            "time": "10.11.2020 13:28",
            "open": "2.131",
            "high": "2.131",
            "low": "2.131",
            "close": "2.134"
        },
        {
            "time": "10.11.2020 13:32",
            "open": "2.134",
            "high": "2.134",
            "low": "2.134",
            "close": "2.129"
        },
        {
            "time": "10.11.2020 13:34",
            "open": "2.129",
            "high": "2.13",
            "low": "2.129",
            "close": "2.125"
        },
        {
            "time": "10.11.2020 13:36",
            "open": "2.125",
            "high": "2.125",
            "low": "2.123",
            "close": "2.123"
        },
        {
            "time": "10.11.2020 13:44",
            "open": "2.123",
            "high": "2.125",
            "low": "2.123",
            "close": "2.128"
        },
        {
            "time": "10.11.2020 13:56",
            "open": "2.128",
            "high": "2.128",
            "low": "2.128",
            "close": "2.126"
        },
        {
            "time": "10.11.2020 13:59",
            "open": "2.126",
            "high": "2.126",
            "low": "2.126",
            "close": "2.125"
        },
        {
            "time": "10.11.2020 14:00",
            "open": "2.125",
            "high": "2.125",
            "low": "2.125",
            "close": "2.123"
        },
        {
            "time": "10.11.2020 14:02",
            "open": "2.123",
            "high": "2.123",
            "low": "2.123",
            "close": "2.124"
        },
        {
            "time": "10.11.2020 14:04",
            "open": "2.124",
            "high": "2.124",
            "low": "2.124",
            "close": "2.117"
        },
        {
            "time": "10.11.2020 14:13",
            "open": "2.117",
            "high": "2.117",
            "low": "2.117",
            "close": "2.116"
        },
        {
            "time": "10.11.2020 14:14",
            "open": "2.116",
            "high": "2.116",
            "low": "2.116",
            "close": "2.117"
        },
        {
            "time": "10.11.2020 14:16",
            "open": "2.117",
            "high": "2.117",
            "low": "2.117",
            "close": "2.115"
        },
        {
            "time": "10.11.2020 14:26",
            "open": "2.115",
            "high": "2.115",
            "low": "2.115",
            "close": "2.117"
        },
        {
            "time": "10.11.2020 14:31",
            "open": "2.117",
            "high": "2.117",
            "low": "2.117",
            "close": "2.12"
        },
        {
            "time": "10.11.2020 14:36",
            "open": "2.12",
            "high": "2.12",
            "low": "2.12",
            "close": "2.121"
        },
        {
            "time": "10.11.2020 14:38",
            "open": "2.121",
            "high": "2.121",
            "low": "2.121",
            "close": "2.118"
        },
        {
            "time": "10.11.2020 14:40",
            "open": "2.118",
            "high": "2.118",
            "low": "2.118",
            "close": "2.119"
        },
        {
            "time": "10.11.2020 14:42",
            "open": "2.119",
            "high": "2.119",
            "low": "2.119",
            "close": "2.12"
        },
        {
            "time": "10.11.2020 14:46",
            "open": "2.12",
            "high": "2.12",
            "low": "2.12",
            "close": "2.121"
        },
        {
            "time": "10.11.2020 14:47",
            "open": "2.121",
            "high": "2.121",
            "low": "2.121",
            "close": "2.121"
        },
        {
            "time": "10.11.2020 14:49",
            "open": "2.121",
            "high": "2.121",
            "low": "2.121",
            "close": "2.12"
        },
        {
            "time": "10.11.2020 14:52",
            "open": "2.12",
            "high": "2.12",
            "low": "2.119",
            "close": "2.121"
        },
        {
            "time": "10.11.2020 14:53",
            "open": "2.121",
            "high": "2.121",
            "low": "2.121",
            "close": "2.123"
        },
        {
            "time": "10.11.2020 14:59",
            "open": "2.123",
            "high": "2.123",
            "low": "2.123",
            "close": "2.121"
        },
        {
            "time": "10.11.2020 15:01",
            "open": "2.121",
            "high": "2.121",
            "low": "2.12",
            "close": "2.119"
        },
        {
            "time": "10.11.2020 15:06",
            "open": "2.119",
            "high": "2.119",
            "low": "2.119",
            "close": "2.118"
        },
        {
            "time": "10.11.2020 15:09",
            "open": "2.118",
            "high": "2.118",
            "low": "2.118",
            "close": "2.116"
        },
        {
            "time": "10.11.2020 15:12",
            "open": "2.116",
            "high": "2.116",
            "low": "2.116",
            "close": "2.116"
        },
        {
            "time": "10.11.2020 15:13",
            "open": "2.116",
            "high": "2.116",
            "low": "2.115",
            "close": "2.118"
        },
        {
            "time": "10.11.2020 15:15",
            "open": "2.118",
            "high": "2.118",
            "low": "2.118",
            "close": "2.111"
        },
        {
            "time": "10.11.2020 15:22",
            "open": "2.111",
            "high": "2.111",
            "low": "2.111",
            "close": "2.111"
        },
        {
            "time": "10.11.2020 15:25",
            "open": "2.111",
            "high": "2.113",
            "low": "2.111",
            "close": "2.118"
        },
        {
            "time": "10.11.2020 15:31",
            "open": "2.118",
            "high": "2.118",
            "low": "2.118",
            "close": "2.118"
        },
        {
            "time": "10.11.2020 15:34",
            "open": "2.118",
            "high": "2.118",
            "low": "2.117",
            "close": "2.108"
        },
        {
            "time": "10.11.2020 15:45",
            "open": "2.108",
            "high": "2.108",
            "low": "2.108",
            "close": "2.108"
        },
        {
            "time": "10.11.2020 15:50",
            "open": "2.108",
            "high": "2.108",
            "low": "2.105",
            "close": "2.106"
        },
        {
            "time": "10.11.2020 15:52",
            "open": "2.106",
            "high": "2.106",
            "low": "2.103",
            "close": "2.111"
        },
        {
            "time": "10.11.2020 16:00",
            "open": "2.111",
            "high": "2.111",
            "low": "2.111",
            "close": "2.106"
        },
        {
            "time": "10.11.2020 16:01",
            "open": "2.106",
            "high": "2.106",
            "low": "2.106",
            "close": "2.105"
        },
        {
            "time": "10.11.2020 16:02",
            "open": "2.105",
            "high": "2.105",
            "low": "2.105",
            "close": "2.107"
        },
        {
            "time": "10.11.2020 16:05",
            "open": "2.107",
            "high": "2.109",
            "low": "2.107",
            "close": "2.11"
        },
        {
            "time": "10.11.2020 16:08",
            "open": "2.11",
            "high": "2.11",
            "low": "2.11",
            "close": "2.108"
        },
        {
            "time": "10.11.2020 16:16",
            "open": "2.108",
            "high": "2.109",
            "low": "2.108",
            "close": "2.103"
        },
        {
            "time": "10.11.2020 16:18",
            "open": "2.103",
            "high": "2.103",
            "low": "2.103",
            "close": "2.103"
        },
        {
            "time": "10.11.2020 16:19",
            "open": "2.103",
            "high": "2.103",
            "low": "2.103",
            "close": "2.102"
        },
        {
            "time": "10.11.2020 16:22",
            "open": "2.102",
            "high": "2.102",
            "low": "2.102",
            "close": "2.1"
        },
        {
            "time": "10.11.2020 16:24",
            "open": "2.1",
            "high": "2.1",
            "low": "2.1",
            "close": "2.101"
        },
        {
            "time": "10.11.2020 16:26",
            "open": "2.101",
            "high": "2.101",
            "low": "2.101",
            "close": "2.102"
        },
        {
            "time": "10.11.2020 16:28",
            "open": "2.102",
            "high": "2.102",
            "low": "2.102",
            "close": "2.102"
        },
        {
            "time": "10.11.2020 16:31",
            "open": "2.102",
            "high": "2.102",
            "low": "2.102",
            "close": "2.105"
        },
        {
            "time": "10.11.2020 16:32",
            "open": "2.105",
            "high": "2.107",
            "low": "2.105",
            "close": "2.103"
        },
        {
            "time": "10.11.2020 16:33",
            "open": "2.103",
            "high": "2.103",
            "low": "2.103",
            "close": "2.104"
        },
        {
            "time": "10.11.2020 16:34",
            "open": "2.104",
            "high": "2.104",
            "low": "2.104",
            "close": "2.103"
        },
        {
            "time": "10.11.2020 16:35",
            "open": "2.103",
            "high": "2.103",
            "low": "2.103",
            "close": "2.103"
        },
        {
            "time": "10.11.2020 16:38",
            "open": "2.103",
            "high": "2.103",
            "low": "2.103",
            "close": "2.104"
        },
        {
            "time": "10.11.2020 16:39",
            "open": "2.104",
            "high": "2.104",
            "low": "2.104",
            "close": "2.105"
        },
        {
            "time": "10.11.2020 16:40",
            "open": "2.105",
            "high": "2.105",
            "low": "2.104",
            "close": "2.101"
        },
        {
            "time": "10.11.2020 16:43",
            "open": "2.101",
            "high": "2.101",
            "low": "2.101",
            "close": "2.106"
        },
        {
            "time": "10.11.2020 16:46",
            "open": "2.106",
            "high": "2.106",
            "low": "2.106",
            "close": "2.103"
        },
        {
            "time": "10.11.2020 16:51",
            "open": "2.103",
            "high": "2.103",
            "low": "2.103",
            "close": "2.104"
        },
        {
            "time": "10.11.2020 16:52",
            "open": "2.104",
            "high": "2.106",
            "low": "2.104",
            "close": "2.112"
        },
        {
            "time": "10.11.2020 16:54",
            "open": "2.112",
            "high": "2.112",
            "low": "2.112",
            "close": "2.108"
        },
        {
            "time": "10.11.2020 16:56",
            "open": "2.108",
            "high": "2.108",
            "low": "2.108",
            "close": "2.108"
        },
        {
            "time": "10.11.2020 16:58",
            "open": "2.108",
            "high": "2.108",
            "low": "2.108",
            "close": "2.108"
        },
        {
            "time": "10.11.2020 17:01",
            "open": "2.108",
            "high": "2.108",
            "low": "2.108",
            "close": "2.105"
        },
        {
            "time": "10.11.2020 17:03",
            "open": "2.105",
            "high": "2.105",
            "low": "2.105",
            "close": "2.12"
        },
        {
            "time": "10.11.2020 17:13",
            "open": "2.12",
            "high": "2.12",
            "low": "2.12",
            "close": "2.12"
        },
        {
            "time": "10.11.2020 17:16",
            "open": "2.12",
            "high": "2.12",
            "low": "2.12",
            "close": "2.119"
        },
        {
            "time": "10.11.2020 17:19",
            "open": "2.119",
            "high": "2.12",
            "low": "2.119",
            "close": "2.122"
        },
        {
            "time": "10.11.2020 17:22",
            "open": "2.122",
            "high": "2.122",
            "low": "2.122",
            "close": "2.121"
        },
        {
            "time": "10.11.2020 17:25",
            "open": "2.121",
            "high": "2.121",
            "low": "2.121",
            "close": "2.119"
        },
        {
            "time": "10.11.2020 17:27",
            "open": "2.119",
            "high": "2.119",
            "low": "2.119",
            "close": "2.12"
        },
        {
            "time": "10.11.2020 17:30",
            "open": "2.12",
            "high": "2.12",
            "low": "2.12",
            "close": "2.12"
        },
        {
            "time": "10.11.2020 17:31",
            "open": "2.12",
            "high": "2.12",
            "low": "2.12",
            "close": "2.12"
        },
        {
            "time": "10.11.2020 17:33",
            "open": "2.12",
            "high": "2.12",
            "low": "2.12",
            "close": "2.121"
        },
        {
            "time": "10.11.2020 17:35",
            "open": "2.121",
            "high": "2.121",
            "low": "2.121",
            "close": "2.126"
        },
        {
            "time": "10.11.2020 17:39",
            "open": "2.126",
            "high": "2.126",
            "low": "2.126",
            "close": "2.122"
        },
        {
            "time": "10.11.2020 17:52",
            "open": "2.122",
            "high": "2.122",
            "low": "2.121",
            "close": "2.124"
        },
        {
            "time": "10.11.2020 17:55",
            "open": "2.124",
            "high": "2.124",
            "low": "2.124",
            "close": "2.117"
        },
        {
            "time": "10.11.2020 18:01",
            "open": "2.117",
            "high": "2.117",
            "low": "2.117",
            "close": "2.12"
        },
        {
            "time": "10.11.2020 18:02",
            "open": "2.12",
            "high": "2.12",
            "low": "2.12",
            "close": "2.115"
        },
        {
            "time": "10.11.2020 18:05",
            "open": "2.115",
            "high": "2.115",
            "low": "2.115",
            "close": "2.116"
        },
        {
            "time": "10.11.2020 18:06",
            "open": "2.116",
            "high": "2.116",
            "low": "2.116",
            "close": "2.118"
        },
        {
            "time": "10.11.2020 18:09",
            "open": "2.118",
            "high": "2.118",
            "low": "2.118",
            "close": "2.116"
        },
        {
            "time": "10.11.2020 18:13",
            "open": "2.116",
            "high": "2.117",
            "low": "2.116",
            "close": "2.116"
        },
        {
            "time": "10.11.2020 18:18",
            "open": "2.116",
            "high": "2.116",
            "low": "2.116",
            "close": "2.111"
        },
        {
            "time": "10.11.2020 18:36",
            "open": "2.111",
            "high": "2.112",
            "low": "2.111",
            "close": "2.112"
        },
        {
            "time": "10.11.2020 18:37",
            "open": "2.112",
            "high": "2.113",
            "low": "2.112",
            "close": "2.11"
        },
        {
            "time": "10.11.2020 18:39",
            "open": "2.11",
            "high": "2.11",
            "low": "2.11",
            "close": "2.112"
        },
        {
            "time": "10.11.2020 18:42",
            "open": "2.112",
            "high": "2.112",
            "low": "2.112",
            "close": "2.112"
        },
        {
            "time": "10.11.2020 18:43",
            "open": "2.112",
            "high": "2.112",
            "low": "2.112",
            "close": "2.113"
        },
        {
            "time": "10.11.2020 18:44",
            "open": "2.113",
            "high": "2.114",
            "low": "2.113",
            "close": "2.115"
        },
        {
            "time": "10.11.2020 18:45",
            "open": "2.115",
            "high": "2.115",
            "low": "2.115",
            "close": "2.116"
        },
        {
            "time": "10.11.2020 18:46",
            "open": "2.116",
            "high": "2.116",
            "low": "2.116",
            "close": "2.117"
        },
        {
            "time": "10.11.2020 18:47",
            "open": "2.117",
            "high": "2.117",
            "low": "2.117",
            "close": "2.116"
        },
        {
            "time": "10.11.2020 18:48",
            "open": "2.116",
            "high": "2.116",
            "low": "2.116",
            "close": "2.118"
        },
        {
            "time": "10.11.2020 18:51",
            "open": "2.118",
            "high": "2.118",
            "low": "2.114",
            "close": "2.115"
        },
        {
            "time": "10.11.2020 18:53",
            "open": "2.115",
            "high": "2.115",
            "low": "2.115",
            "close": "2.116"
        },
        {
            "time": "10.11.2020 18:57",
            "open": "2.116",
            "high": "2.116",
            "low": "2.113",
            "close": "2.116"
        },
        {
            "time": "10.11.2020 18:59",
            "open": "2.116",
            "high": "2.116",
            "low": "2.116",
            "close": "2.111"
        },
        {
            "time": "10.11.2020 19:04",
            "open": "2.111",
            "high": "2.114",
            "low": "2.11",
            "close": "2.108"
        },
        {
            "time": "10.11.2020 19:06",
            "open": "2.108",
            "high": "2.108",
            "low": "2.108",
            "close": "2.108"
        },
        {
            "time": "10.11.2020 19:07",
            "open": "2.108",
            "high": "2.108",
            "low": "2.108",
            "close": "2.11"
        },
        {
            "time": "10.11.2020 19:25",
            "open": "2.11",
            "high": "2.11",
            "low": "2.11",
            "close": "2.108"
        },
        {
            "time": "10.11.2020 19:31",
            "open": "2.108",
            "high": "2.108",
            "low": "2.108",
            "close": "2.105"
        },
        {
            "time": "10.11.2020 19:32",
            "open": "2.105",
            "high": "2.105",
            "low": "2.105",
            "close": "2.107"
        },
        {
            "time": "10.11.2020 19:33",
            "open": "2.107",
            "high": "2.107",
            "low": "2.107",
            "close": "2.106"
        },
        {
            "time": "10.11.2020 19:35",
            "open": "2.106",
            "high": "2.106",
            "low": "2.106",
            "close": "2.109"
        },
        {
            "time": "10.11.2020 19:37",
            "open": "2.109",
            "high": "2.109",
            "low": "2.109",
            "close": "2.106"
        },
        {
            "time": "10.11.2020 19:38",
            "open": "2.106",
            "high": "2.106",
            "low": "2.106",
            "close": "2.115"
        },
        {
            "time": "10.11.2020 19:53",
            "open": "2.115",
            "high": "2.115",
            "low": "2.115",
            "close": "2.118"
        },
        {
            "time": "10.11.2020 19:54",
            "open": "2.118",
            "high": "2.118",
            "low": "2.118",
            "close": "2.116"
        },
        {
            "time": "10.11.2020 19:57",
            "open": "2.116",
            "high": "2.116",
            "low": "2.116",
            "close": "2.112"
        },
        {
            "time": "10.11.2020 20:03",
            "open": "2.112",
            "high": "2.112",
            "low": "2.112",
            "close": "2.113"
        },
        {
            "time": "10.11.2020 20:08",
            "open": "2.113",
            "high": "2.113",
            "low": "2.113",
            "close": "2.116"
        },
        {
            "time": "10.11.2020 20:09",
            "open": "2.116",
            "high": "2.117",
            "low": "2.114",
            "close": "2.115"
        },
        {
            "time": "10.11.2020 20:10",
            "open": "2.115",
            "high": "2.115",
            "low": "2.115",
            "close": "2.111"
        },
        {
            "time": "10.11.2020 20:15",
            "open": "2.111",
            "high": "2.111",
            "low": "2.111",
            "close": "2.112"
        },
        {
            "time": "10.11.2020 20:25",
            "open": "2.112",
            "high": "2.112",
            "low": "2.112",
            "close": "2.113"
        },
        {
            "time": "10.11.2020 20:26",
            "open": "2.113",
            "high": "2.113",
            "low": "2.113",
            "close": "2.115"
        },
        {
            "time": "10.11.2020 20:27",
            "open": "2.115",
            "high": "2.115",
            "low": "2.115",
            "close": "2.114"
        },
        {
            "time": "10.11.2020 20:33",
            "open": "2.114",
            "high": "2.114",
            "low": "2.114",
            "close": "2.113"
        },
        {
            "time": "10.11.2020 20:35",
            "open": "2.113",
            "high": "2.113",
            "low": "2.113",
            "close": "2.114"
        },
        {
            "time": "10.11.2020 20:37",
            "open": "2.114",
            "high": "2.114",
            "low": "2.114",
            "close": "2.117"
        },
        {
            "time": "10.11.2020 20:38",
            "open": "2.117",
            "high": "2.117",
            "low": "2.114",
            "close": "2.115"
        },
        {
            "time": "10.11.2020 20:52",
            "open": "2.115",
            "high": "2.118",
            "low": "2.115",
            "close": "2.118"
        },
        {
            "time": "10.11.2020 20:53",
            "open": "2.118",
            "high": "2.118",
            "low": "2.118",
            "close": "2.116"
        },
        {
            "time": "10.11.2020 21:00",
            "open": "2.116",
            "high": "2.116",
            "low": "2.116",
            "close": "2.119"
        },
        {
            "time": "10.11.2020 21:02",
            "open": "2.119",
            "high": "2.12",
            "low": "2.119",
            "close": "2.119"
        },
        {
            "time": "10.11.2020 21:03",
            "open": "2.119",
            "high": "2.119",
            "low": "2.119",
            "close": "2.119"
        },
        {
            "time": "10.11.2020 21:09",
            "open": "2.119",
            "high": "2.119",
            "low": "2.119",
            "close": "2.117"
        },
        {
            "time": "10.11.2020 21:16",
            "open": "2.117",
            "high": "2.117",
            "low": "2.117",
            "close": "2.116"
        },
        {
            "time": "10.11.2020 21:18",
            "open": "2.116",
            "high": "2.116",
            "low": "2.116",
            "close": "2.117"
        },
        {
            "time": "10.11.2020 21:24",
            "open": "2.117",
            "high": "2.117",
            "low": "2.117",
            "close": "2.119"
        },
        {
            "time": "10.11.2020 21:27",
            "open": "2.119",
            "high": "2.119",
            "low": "2.119",
            "close": "2.121"
        },
        {
            "time": "10.11.2020 21:32",
            "open": "2.121",
            "high": "2.121",
            "low": "2.121",
            "close": "2.118"
        },
        {
            "time": "10.11.2020 21:33",
            "open": "2.118",
            "high": "2.118",
            "low": "2.118",
            "close": "2.118"
        },
        {
            "time": "10.11.2020 21:35",
            "open": "2.118",
            "high": "2.121",
            "low": "2.118",
            "close": "2.122"
        },
        {
            "time": "10.11.2020 21:39",
            "open": "2.122",
            "high": "2.122",
            "low": "2.122",
            "close": "2.121"
        },
        {
            "time": "10.11.2020 21:43",
            "open": "2.121",
            "high": "2.121",
            "low": "2.121",
            "close": "2.118"
        },
        {
            "time": "10.11.2020 21:44",
            "open": "2.118",
            "high": "2.118",
            "low": "2.118",
            "close": "2.121"
        },
        {
            "time": "10.11.2020 21:47",
            "open": "2.121",
            "high": "2.121",
            "low": "2.121",
            "close": "2.121"
        },
        {
            "time": "10.11.2020 21:48",
            "open": "2.121",
            "high": "2.121",
            "low": "2.121",
            "close": "2.117"
        },
        {
            "time": "10.11.2020 21:54",
            "open": "2.117",
            "high": "2.117",
            "low": "2.117",
            "close": "2.116"
        },
        {
            "time": "10.11.2020 21:55",
            "open": "2.116",
            "high": "2.116",
            "low": "2.116",
            "close": "2.121"
        },
        {
            "time": "10.11.2020 22:07",
            "open": "2.121",
            "high": "2.121",
            "low": "2.121",
            "close": "2.121"
        },
        {
            "time": "10.11.2020 22:14",
            "open": "2.121",
            "high": "2.121",
            "low": "2.119",
            "close": "2.118"
        },
        {
            "time": "10.11.2020 22:19",
            "open": "2.118",
            "high": "2.118",
            "low": "2.118",
            "close": "2.118"
        },
        {
            "time": "10.11.2020 22:22",
            "open": "2.118",
            "high": "2.118",
            "low": "2.118",
            "close": "2.122"
        },
        {
            "time": "10.11.2020 22:25",
            "open": "2.122",
            "high": "2.122",
            "low": "2.122",
            "close": "2.119"
        },
        {
            "time": "10.11.2020 22:26",
            "open": "2.119",
            "high": "2.119",
            "low": "2.119",
            "close": "2.12"
        },
        {
            "time": "10.11.2020 22:35",
            "open": "2.12",
            "high": "2.12",
            "low": "2.12",
            "close": "2.121"
        },
        {
            "time": "10.11.2020 22:37",
            "open": "2.121",
            "high": "2.121",
            "low": "2.121",
            "close": "2.12"
        },
        {
            "time": "10.11.2020 22:38",
            "open": "2.12",
            "high": "2.12",
            "low": "2.12",
            "close": "2.121"
        },
        {
            "time": "10.11.2020 22:42",
            "open": "2.121",
            "high": "2.121",
            "low": "2.121",
            "close": "2.121"
        },
        {
            "time": "10.11.2020 22:47",
            "open": "2.121",
            "high": "2.121",
            "low": "2.121",
            "close": "2.116"
        },
        {
            "time": "10.11.2020 22:52",
            "open": "2.116",
            "high": "2.116",
            "low": "2.116",
            "close": "2.119"
        },
        {
            "time": "10.11.2020 22:53",
            "open": "2.119",
            "high": "2.119",
            "low": "2.119",
            "close": "2.118"
        },
        {
            "time": "10.11.2020 22:56",
            "open": "2.118",
            "high": "2.118",
            "low": "2.118",
            "close": "2.117"
        },
        {
            "time": "10.11.2020 22:57",
            "open": "2.117",
            "high": "2.117",
            "low": "2.117",
            "close": "2.121"
        },
        {
            "time": "10.11.2020 23:01",
            "open": "2.121",
            "high": "2.121",
            "low": "2.121",
            "close": "2.122"
        },
        {
            "time": "10.11.2020 23:02",
            "open": "2.122",
            "high": "2.122",
            "low": "2.122",
            "close": "2.121"
        },
        {
            "time": "10.11.2020 23:06",
            "open": "2.121",
            "high": "2.121",
            "low": "2.121",
            "close": "2.121"
        },
        {
            "time": "10.11.2020 23:11",
            "open": "2.121",
            "high": "2.123",
            "low": "2.12",
            "close": "2.121"
        },
        {
            "time": "10.11.2020 23:13",
            "open": "2.121",
            "high": "2.121",
            "low": "2.121",
            "close": "2.119"
        },
        {
            "time": "10.11.2020 23:16",
            "open": "2.119",
            "high": "2.119",
            "low": "2.119",
            "close": "2.119"
        },
        {
            "time": "10.11.2020 23:17",
            "open": "2.119",
            "high": "2.119",
            "low": "2.119",
            "close": "2.122"
        },
        {
            "time": "10.11.2020 23:20",
            "open": "2.122",
            "high": "2.123",
            "low": "2.122",
            "close": "2.119"
        },
        {
            "time": "10.11.2020 23:21",
            "open": "2.119",
            "high": "2.119",
            "low": "2.119",
            "close": "2.122"
        },
        {
            "time": "10.11.2020 23:25",
            "open": "2.122",
            "high": "2.123",
            "low": "2.122",
            "close": "2.123"
        },
        {
            "time": "10.11.2020 23:26",
            "open": "2.123",
            "high": "2.123",
            "low": "2.123",
            "close": "2.12"
        },
        {
            "time": "10.11.2020 23:30",
            "open": "2.12",
            "high": "2.12",
            "low": "2.12",
            "close": "2.121"
        },
        {
            "time": "10.11.2020 23:34",
            "open": "2.121",
            "high": "2.121",
            "low": "2.121",
            "close": "2.123"
        },
        {
            "time": "10.11.2020 23:38",
            "open": "2.123",
            "high": "2.123",
            "low": "2.123",
            "close": "2.12"
        },
        {
            "time": "10.11.2020 23:39",
            "open": "2.12",
            "high": "2.12",
            "low": "2.12",
            "close": "2.124"
        },
        {
            "time": "10.11.2020 23:47",
            "open": "2.124",
            "high": "2.124",
            "low": "2.124",
            "close": "2.124"
        },
        {
            "time": "10.11.2020 23:48",
            "open": "2.124",
            "high": "2.124",
            "low": "2.124",
            "close": "2.124"
        },
        {
            "time": "10.11.2020 23:51",
            "open": "2.124",
            "high": "2.124",
            "low": "2.124",
            "close": "2.124"
        },
        {
            "time": "10.11.2020 23:52",
            "open": "2.124",
            "high": "2.124",
            "low": "2.124",
            "close": "2.125"
        },
        {
            "time": "10.11.2020 23:54",
            "open": "2.125",
            "high": "2.126",
            "low": "2.125",
            "close": "2.126"
        },
        {
            "time": "10.11.2020 23:56",
            "open": "2.126",
            "high": "2.126",
            "low": "2.126",
            "close": "2.126"
        }
    ]
}