{
    "EOS-EUR": [
        {
            "time": "30.10.2020 23:53",
            "open": "2.156",
            "high": "2.156",
            "low": "2.156",
            "close": "2.156"
        },
        {
            "time": "31.10.2020 00:00",
            "open": "2.156",
            "high": "2.156",
            "low": "2.156",
            "close": "2.156"
        },
        {
            "time": "31.10.2020 00:01",
            "open": "2.156",
            "high": "2.156",
            "low": "2.156",
            "close": "2.157"
        },
        {
            "time": "31.10.2020 00:03",
            "open": "2.157",
            "high": "2.157",
            "low": "2.157",
            "close": "2.158"
        },
        {
            "time": "31.10.2020 00:07",
            "open": "2.158",
            "high": "2.158",
            "low": "2.158",
            "close": "2.157"
        },
        {
            "time": "31.10.2020 00:10",
            "open": "2.157",
            "high": "2.157",
            "low": "2.157",
            "close": "2.159"
        },
        {
            "time": "31.10.2020 00:11",
            "open": "2.159",
            "high": "2.159",
            "low": "2.157",
            "close": "2.157"
        },
        {
            "time": "31.10.2020 00:12",
            "open": "2.157",
            "high": "2.157",
            "low": "2.157",
            "close": "2.16"
        },
        {
            "time": "31.10.2020 00:13",
            "open": "2.16",
            "high": "2.16",
            "low": "2.16",
            "close": "2.157"
        },
        {
            "time": "31.10.2020 00:14",
            "open": "2.157",
            "high": "2.157",
            "low": "2.157",
            "close": "2.157"
        },
        {
            "time": "31.10.2020 00:15",
            "open": "2.157",
            "high": "2.157",
            "low": "2.157",
            "close": "2.156"
        },
        {
            "time": "31.10.2020 00:17",
            "open": "2.156",
            "high": "2.156",
            "low": "2.156",
            "close": "2.159"
        },
        {
            "time": "31.10.2020 00:18",
            "open": "2.159",
            "high": "2.159",
            "low": "2.159",
            "close": "2.158"
        },
        {
            "time": "31.10.2020 00:20",
            "open": "2.156",
            "high": "2.156",
            "low": "2.156",
            "close": "2.157"
        },
        {
            "time": "31.10.2020 00:29",
            "open": "2.157",
            "high": "2.157",
            "low": "2.157",
            "close": "2.157"
        },
        {
            "time": "31.10.2020 00:30",
            "open": "2.157",
            "high": "2.16",
            "low": "2.157",
            "close": "2.16"
        },
        {
            "time": "31.10.2020 00:32",
            "open": "2.16",
            "high": "2.16",
            "low": "2.16",
            "close": "2.159"
        },
        {
            "time": "31.10.2020 00:33",
            "open": "2.159",
            "high": "2.159",
            "low": "2.159",
            "close": "2.158"
        },
        {
            "time": "31.10.2020 00:36",
            "open": "2.158",
            "high": "2.158",
            "low": "2.158",
            "close": "2.157"
        },
        {
            "time": "31.10.2020 00:38",
            "open": "2.157",
            "high": "2.157",
            "low": "2.157",
            "close": "2.155"
        },
        {
            "time": "31.10.2020 00:39",
            "open": "2.155",
            "high": "2.155",
            "low": "2.155",
            "close": "2.155"
        },
        {
            "time": "31.10.2020 00:42",
            "open": "2.155",
            "high": "2.155",
            "low": "2.155",
            "close": "2.158"
        },
        {
            "time": "31.10.2020 00:46",
            "open": "2.158",
            "high": "2.158",
            "low": "2.158",
            "close": "2.158"
        },
        {
            "time": "31.10.2020 00:47",
            "open": "2.158",
            "high": "2.158",
            "low": "2.158",
            "close": "2.158"
        },
        {
            "time": "31.10.2020 00:49",
            "open": "2.158",
            "high": "2.158",
            "low": "2.158",
            "close": "2.157"
        },
        {
            "time": "31.10.2020 00:53",
            "open": "2.157",
            "high": "2.157",
            "low": "2.157",
            "close": "2.157"
        },
        {
            "time": "31.10.2020 00:54",
            "open": "2.157",
            "high": "2.157",
            "low": "2.157",
            "close": "2.153"
        },
        {
            "time": "31.10.2020 00:59",
            "open": "2.153",
            "high": "2.153",
            "low": "2.153",
            "close": "2.151"
        },
        {
            "time": "31.10.2020 01:02",
            "open": "2.151",
            "high": "2.151",
            "low": "2.15",
            "close": "2.147"
        },
        {
            "time": "31.10.2020 01:03",
            "open": "2.147",
            "high": "2.15",
            "low": "2.146",
            "close": "2.148"
        },
        {
            "time": "31.10.2020 01:04",
            "open": "2.148",
            "high": "2.148",
            "low": "2.148",
            "close": "2.146"
        },
        {
            "time": "31.10.2020 01:06",
            "open": "2.146",
            "high": "2.149",
            "low": "2.146",
            "close": "2.146"
        },
        {
            "time": "31.10.2020 01:09",
            "open": "2.146",
            "high": "2.146",
            "low": "2.146",
            "close": "2.146"
        },
        {
            "time": "31.10.2020 01:18",
            "open": "2.146",
            "high": "2.146",
            "low": "2.146",
            "close": "2.146"
        },
        {
            "time": "31.10.2020 01:20",
            "open": "2.146",
            "high": "2.146",
            "low": "2.145",
            "close": "2.157"
        },
        {
            "time": "31.10.2020 01:29",
            "open": "2.157",
            "high": "2.157",
            "low": "2.154",
            "close": "2.158"
        },
        {
            "time": "31.10.2020 01:30",
            "open": "2.158",
            "high": "2.158",
            "low": "2.158",
            "close": "2.163"
        },
        {
            "time": "31.10.2020 01:42",
            "open": "2.163",
            "high": "2.163",
            "low": "2.163",
            "close": "2.163"
        },
        {
            "time": "31.10.2020 01:43",
            "open": "2.163",
            "high": "2.163",
            "low": "2.163",
            "close": "2.162"
        },
        {
            "time": "31.10.2020 01:44",
            "open": "2.162",
            "high": "2.162",
            "low": "2.162",
            "close": "2.163"
        },
        {
            "time": "31.10.2020 01:46",
            "open": "2.163",
            "high": "2.163",
            "low": "2.163",
            "close": "2.16"
        },
        {
            "time": "31.10.2020 01:51",
            "open": "2.16",
            "high": "2.16",
            "low": "2.16",
            "close": "2.16"
        },
        {
            "time": "31.10.2020 01:56",
            "open": "2.16",
            "high": "2.16",
            "low": "2.16",
            "close": "2.161"
        },
        {
            "time": "31.10.2020 02:05",
            "open": "2.161",
            "high": "2.161",
            "low": "2.161",
            "close": "2.161"
        },
        {
            "time": "31.10.2020 02:14",
            "open": "2.161",
            "high": "2.161",
            "low": "2.161",
            "close": "2.161"
        },
        {
            "time": "31.10.2020 02:15",
            "open": "2.161",
            "high": "2.161",
            "low": "2.161",
            "close": "2.162"
        },
        {
            "time": "31.10.2020 02:16",
            "open": "2.162",
            "high": "2.162",
            "low": "2.162",
            "close": "2.16"
        },
        {
            "time": "31.10.2020 02:17",
            "open": "2.16",
            "high": "2.16",
            "low": "2.16",
            "close": "2.163"
        },
        {
            "time": "31.10.2020 02:18",
            "open": "2.163",
            "high": "2.163",
            "low": "2.163",
            "close": "2.159"
        },
        {
            "time": "31.10.2020 02:24",
            "open": "2.159",
            "high": "2.159",
            "low": "2.159",
            "close": "2.159"
        },
        {
            "time": "31.10.2020 02:32",
            "open": "2.159",
            "high": "2.159",
            "low": "2.159",
            "close": "2.155"
        },
        {
            "time": "31.10.2020 02:54",
            "open": "2.155",
            "high": "2.155",
            "low": "2.155",
            "close": "2.158"
        },
        {
            "time": "31.10.2020 02:56",
            "open": "2.158",
            "high": "2.158",
            "low": "2.158",
            "close": "2.158"
        },
        {
            "time": "31.10.2020 02:58",
            "open": "2.158",
            "high": "2.158",
            "low": "2.158",
            "close": "2.158"
        },
        {
            "time": "31.10.2020 02:59",
            "open": "2.158",
            "high": "2.158",
            "low": "2.158",
            "close": "2.156"
        },
        {
            "time": "31.10.2020 03:00",
            "open": "2.156",
            "high": "2.156",
            "low": "2.156",
            "close": "2.156"
        },
        {
            "time": "31.10.2020 03:01",
            "open": "2.156",
            "high": "2.156",
            "low": "2.156",
            "close": "2.162"
        },
        {
            "time": "31.10.2020 03:07",
            "open": "2.162",
            "high": "2.162",
            "low": "2.162",
            "close": "2.159"
        },
        {
            "time": "31.10.2020 03:11",
            "open": "2.159",
            "high": "2.159",
            "low": "2.159",
            "close": "2.161"
        },
        {
            "time": "31.10.2020 03:15",
            "open": "2.161",
            "high": "2.161",
            "low": "2.161",
            "close": "2.16"
        },
        {
            "time": "31.10.2020 03:28",
            "open": "2.16",
            "high": "2.16",
            "low": "2.16",
            "close": "2.157"
        },
        {
            "time": "31.10.2020 03:33",
            "open": "2.157",
            "high": "2.157",
            "low": "2.157",
            "close": "2.16"
        },
        {
            "time": "31.10.2020 03:44",
            "open": "2.16",
            "high": "2.16",
            "low": "2.16",
            "close": "2.159"
        },
        {
            "time": "31.10.2020 03:46",
            "open": "2.159",
            "high": "2.159",
            "low": "2.159",
            "close": "2.159"
        },
        {
            "time": "31.10.2020 03:49",
            "open": "2.159",
            "high": "2.159",
            "low": "2.159",
            "close": "2.157"
        },
        {
            "time": "31.10.2020 03:50",
            "open": "2.157",
            "high": "2.157",
            "low": "2.157",
            "close": "2.161"
        },
        {
            "time": "31.10.2020 04:05",
            "open": "2.161",
            "high": "2.161",
            "low": "2.161",
            "close": "2.15"
        },
        {
            "time": "31.10.2020 04:13",
            "open": "2.15",
            "high": "2.15",
            "low": "2.15",
            "close": "2.151"
        },
        {
            "time": "31.10.2020 04:15",
            "open": "2.151",
            "high": "2.151",
            "low": "2.151",
            "close": "2.147"
        },
        {
            "time": "31.10.2020 04:28",
            "open": "2.147",
            "high": "2.147",
            "low": "2.147",
            "close": "2.154"
        },
        {
            "time": "31.10.2020 04:31",
            "open": "2.154",
            "high": "2.154",
            "low": "2.154",
            "close": "2.151"
        },
        {
            "time": "31.10.2020 04:52",
            "open": "2.151",
            "high": "2.151",
            "low": "2.151",
            "close": "2.154"
        },
        {
            "time": "31.10.2020 05:05",
            "open": "2.154",
            "high": "2.154",
            "low": "2.154",
            "close": "2.155"
        },
        {
            "time": "31.10.2020 05:11",
            "open": "2.155",
            "high": "2.155",
            "low": "2.155",
            "close": "2.153"
        },
        {
            "time": "31.10.2020 05:13",
            "open": "2.153",
            "high": "2.153",
            "low": "2.153",
            "close": "2.154"
        },
        {
            "time": "31.10.2020 05:48",
            "open": "2.154",
            "high": "2.154",
            "low": "2.154",
            "close": "2.151"
        },
        {
            "time": "31.10.2020 05:51",
            "open": "2.151",
            "high": "2.151",
            "low": "2.151",
            "close": "2.155"
        },
        {
            "time": "31.10.2020 06:09",
            "open": "2.155",
            "high": "2.155",
            "low": "2.155",
            "close": "2.155"
        },
        {
            "time": "31.10.2020 06:10",
            "open": "2.155",
            "high": "2.155",
            "low": "2.155",
            "close": "2.151"
        },
        {
            "time": "31.10.2020 06:16",
            "open": "2.151",
            "high": "2.151",
            "low": "2.151",
            "close": "2.151"
        },
        {
            "time": "31.10.2020 06:22",
            "open": "2.151",
            "high": "2.151",
            "low": "2.151",
            "close": "2.151"
        },
        {
            "time": "31.10.2020 06:38",
            "open": "2.151",
            "high": "2.151",
            "low": "2.151",
            "close": "2.154"
        },
        {
            "time": "31.10.2020 06:39",
            "open": "2.154",
            "high": "2.154",
            "low": "2.151",
            "close": "2.153"
        },
        {
            "time": "31.10.2020 06:41",
            "open": "2.153",
            "high": "2.153",
            "low": "2.153",
            "close": "2.154"
        },
        {
            "time": "31.10.2020 06:44",
            "open": "2.154",
            "high": "2.154",
            "low": "2.154",
            "close": "2.154"
        },
        {
            "time": "31.10.2020 06:55",
            "open": "2.154",
            "high": "2.154",
            "low": "2.154",
            "close": "2.155"
        },
        {
            "time": "31.10.2020 07:09",
            "open": "2.155",
            "high": "2.155",
            "low": "2.155",
            "close": "2.158"
        },
        {
            "time": "31.10.2020 07:15",
            "open": "2.158",
            "high": "2.158",
            "low": "2.158",
            "close": "2.158"
        },
        {
            "time": "31.10.2020 07:23",
            "open": "2.158",
            "high": "2.158",
            "low": "2.157",
            "close": "2.162"
        },
        {
            "time": "31.10.2020 07:30",
            "open": "2.162",
            "high": "2.162",
            "low": "2.162",
            "close": "2.16"
        },
        {
            "time": "31.10.2020 07:43",
            "open": "2.16",
            "high": "2.16",
            "low": "2.16",
            "close": "2.162"
        },
        {
            "time": "31.10.2020 07:44",
            "open": "2.162",
            "high": "2.162",
            "low": "2.162",
            "close": "2.162"
        },
        {
            "time": "31.10.2020 07:45",
            "open": "2.162",
            "high": "2.162",
            "low": "2.162",
            "close": "2.163"
        },
        {
            "time": "31.10.2020 08:07",
            "open": "2.163",
            "high": "2.164",
            "low": "2.163",
            "close": "2.162"
        },
        {
            "time": "31.10.2020 08:08",
            "open": "2.162",
            "high": "2.162",
            "low": "2.162",
            "close": "2.163"
        },
        {
            "time": "31.10.2020 08:14",
            "open": "2.163",
            "high": "2.163",
            "low": "2.162",
            "close": "2.159"
        },
        {
            "time": "31.10.2020 08:27",
            "open": "2.159",
            "high": "2.159",
            "low": "2.159",
            "close": "2.16"
        },
        {
            "time": "31.10.2020 08:34",
            "open": "2.16",
            "high": "2.16",
            "low": "2.16",
            "close": "2.156"
        },
        {
            "time": "31.10.2020 08:37",
            "open": "2.156",
            "high": "2.156",
            "low": "2.156",
            "close": "2.158"
        },
        {
            "time": "31.10.2020 08:45",
            "open": "2.158",
            "high": "2.158",
            "low": "2.158",
            "close": "2.157"
        },
        {
            "time": "31.10.2020 08:47",
            "open": "2.157",
            "high": "2.157",
            "low": "2.157",
            "close": "2.158"
        },
        {
            "time": "31.10.2020 08:56",
            "open": "2.158",
            "high": "2.158",
            "low": "2.158",
            "close": "2.159"
        },
        {
            "time": "31.10.2020 08:59",
            "open": "2.159",
            "high": "2.159",
            "low": "2.159",
            "close": "2.164"
        },
        {
            "time": "31.10.2020 09:10",
            "open": "2.164",
            "high": "2.164",
            "low": "2.161",
            "close": "2.163"
        },
        {
            "time": "31.10.2020 09:12",
            "open": "2.163",
            "high": "2.163",
            "low": "2.163",
            "close": "2.163"
        },
        {
            "time": "31.10.2020 09:15",
            "open": "2.163",
            "high": "2.163",
            "low": "2.163",
            "close": "2.163"
        },
        {
            "time": "31.10.2020 09:20",
            "open": "2.163",
            "high": "2.165",
            "low": "2.163",
            "close": "2.165"
        },
        {
            "time": "31.10.2020 09:21",
            "open": "2.165",
            "high": "2.166",
            "low": "2.165",
            "close": "2.166"
        },
        {
            "time": "31.10.2020 09:23",
            "open": "2.166",
            "high": "2.166",
            "low": "2.165",
            "close": "2.168"
        },
        {
            "time": "31.10.2020 09:27",
            "open": "2.168",
            "high": "2.168",
            "low": "2.168",
            "close": "2.169"
        },
        {
            "time": "31.10.2020 09:28",
            "open": "2.169",
            "high": "2.172",
            "low": "2.169",
            "close": "2.173"
        },
        {
            "time": "31.10.2020 09:29",
            "open": "2.173",
            "high": "2.173",
            "low": "2.173",
            "close": "2.175"
        },
        {
            "time": "31.10.2020 09:30",
            "open": "2.175",
            "high": "2.189",
            "low": "2.175",
            "close": "2.181"
        },
        {
            "time": "31.10.2020 09:31",
            "open": "2.181",
            "high": "2.181",
            "low": "2.181",
            "close": "2.186"
        },
        {
            "time": "31.10.2020 09:32",
            "open": "2.186",
            "high": "2.186",
            "low": "2.186",
            "close": "2.182"
        },
        {
            "time": "31.10.2020 09:33",
            "open": "2.182",
            "high": "2.182",
            "low": "2.182",
            "close": "2.182"
        },
        {
            "time": "31.10.2020 09:36",
            "open": "2.182",
            "high": "2.182",
            "low": "2.182",
            "close": "2.184"
        },
        {
            "time": "31.10.2020 09:40",
            "open": "2.184",
            "high": "2.184",
            "low": "2.184",
            "close": "2.186"
        },
        {
            "time": "31.10.2020 09:41",
            "open": "2.186",
            "high": "2.186",
            "low": "2.184",
            "close": "2.182"
        },
        {
            "time": "31.10.2020 09:46",
            "open": "2.182",
            "high": "2.182",
            "low": "2.182",
            "close": "2.185"
        },
        {
            "time": "31.10.2020 09:47",
            "open": "2.185",
            "high": "2.185",
            "low": "2.185",
            "close": "2.182"
        },
        {
            "time": "31.10.2020 09:51",
            "open": "2.182",
            "high": "2.182",
            "low": "2.182",
            "close": "2.18"
        },
        {
            "time": "31.10.2020 09:52",
            "open": "2.18",
            "high": "2.18",
            "low": "2.179",
            "close": "2.182"
        },
        {
            "time": "31.10.2020 09:56",
            "open": "2.182",
            "high": "2.182",
            "low": "2.182",
            "close": "2.182"
        },
        {
            "time": "31.10.2020 10:02",
            "open": "2.182",
            "high": "2.184",
            "low": "2.182",
            "close": "2.184"
        },
        {
            "time": "31.10.2020 10:05",
            "open": "2.184",
            "high": "2.186",
            "low": "2.184",
            "close": "2.183"
        },
        {
            "time": "31.10.2020 10:06",
            "open": "2.183",
            "high": "2.184",
            "low": "2.183",
            "close": "2.185"
        },
        {
            "time": "31.10.2020 10:08",
            "open": "2.185",
            "high": "2.185",
            "low": "2.185",
            "close": "2.186"
        },
        {
            "time": "31.10.2020 10:12",
            "open": "2.186",
            "high": "2.186",
            "low": "2.186",
            "close": "2.186"
        },
        {
            "time": "31.10.2020 10:14",
            "open": "2.186",
            "high": "2.186",
            "low": "2.186",
            "close": "2.188"
        },
        {
            "time": "31.10.2020 10:15",
            "open": "2.188",
            "high": "2.188",
            "low": "2.188",
            "close": "2.186"
        },
        {
            "time": "31.10.2020 10:18",
            "open": "2.186",
            "high": "2.191",
            "low": "2.186",
            "close": "2.197"
        },
        {
            "time": "31.10.2020 10:19",
            "open": "2.197",
            "high": "2.197",
            "low": "2.196",
            "close": "2.193"
        },
        {
            "time": "31.10.2020 10:20",
            "open": "2.193",
            "high": "2.193",
            "low": "2.193",
            "close": "2.193"
        },
        {
            "time": "31.10.2020 10:21",
            "open": "2.193",
            "high": "2.194",
            "low": "2.193",
            "close": "2.187"
        },
        {
            "time": "31.10.2020 10:23",
            "open": "2.187",
            "high": "2.187",
            "low": "2.187",
            "close": "2.186"
        },
        {
            "time": "31.10.2020 10:24",
            "open": "2.186",
            "high": "2.186",
            "low": "2.184",
            "close": "2.186"
        },
        {
            "time": "31.10.2020 10:25",
            "open": "2.186",
            "high": "2.186",
            "low": "2.186",
            "close": "2.184"
        },
        {
            "time": "31.10.2020 10:27",
            "open": "2.184",
            "high": "2.184",
            "low": "2.184",
            "close": "2.188"
        },
        {
            "time": "31.10.2020 10:30",
            "open": "2.188",
            "high": "2.188",
            "low": "2.188",
            "close": "2.189"
        },
        {
            "time": "31.10.2020 10:31",
            "open": "2.189",
            "high": "2.189",
            "low": "2.189",
            "close": "2.19"
        },
        {
            "time": "31.10.2020 10:32",
            "open": "2.19",
            "high": "2.19",
            "low": "2.19",
            "close": "2.19"
        },
        {
            "time": "31.10.2020 10:36",
            "open": "2.19",
            "high": "2.19",
            "low": "2.19",
            "close": "2.191"
        },
        {
            "time": "31.10.2020 10:39",
            "open": "2.191",
            "high": "2.191",
            "low": "2.191",
            "close": "2.188"
        },
        {
            "time": "31.10.2020 10:40",
            "open": "2.188",
            "high": "2.188",
            "low": "2.188",
            "close": "2.192"
        },
        {
            "time": "31.10.2020 10:43",
            "open": "2.192",
            "high": "2.192",
            "low": "2.192",
            "close": "2.188"
        },
        {
            "time": "31.10.2020 10:53",
            "open": "2.188",
            "high": "2.188",
            "low": "2.188",
            "close": "2.185"
        },
        {
            "time": "31.10.2020 10:54",
            "open": "2.185",
            "high": "2.186",
            "low": "2.185",
            "close": "2.18"
        },
        {
            "time": "31.10.2020 10:55",
            "open": "2.18",
            "high": "2.181",
            "low": "2.18",
            "close": "2.188"
        },
        {
            "time": "31.10.2020 10:56",
            "open": "2.188",
            "high": "2.2",
            "low": "2.186",
            "close": "2.187"
        },
        {
            "time": "31.10.2020 10:57",
            "open": "2.187",
            "high": "2.198",
            "low": "2.187",
            "close": "2.19"
        },
        {
            "time": "31.10.2020 10:58",
            "open": "2.19",
            "high": "2.19",
            "low": "2.19",
            "close": "2.192"
        },
        {
            "time": "31.10.2020 11:01",
            "open": "2.192",
            "high": "2.192",
            "low": "2.192",
            "close": "2.191"
        },
        {
            "time": "31.10.2020 11:05",
            "open": "2.191",
            "high": "2.191",
            "low": "2.191",
            "close": "2.187"
        },
        {
            "time": "31.10.2020 11:07",
            "open": "2.187",
            "high": "2.191",
            "low": "2.187",
            "close": "2.184"
        },
        {
            "time": "31.10.2020 11:08",
            "open": "2.184",
            "high": "2.184",
            "low": "2.184",
            "close": "2.186"
        },
        {
            "time": "31.10.2020 11:09",
            "open": "2.186",
            "high": "2.186",
            "low": "2.186",
            "close": "2.176"
        },
        {
            "time": "31.10.2020 11:11",
            "open": "2.176",
            "high": "2.178",
            "low": "2.176",
            "close": "2.177"
        },
        {
            "time": "31.10.2020 11:12",
            "open": "2.177",
            "high": "2.177",
            "low": "2.177",
            "close": "2.181"
        },
        {
            "time": "31.10.2020 11:16",
            "open": "2.181",
            "high": "2.181",
            "low": "2.181",
            "close": "2.183"
        },
        {
            "time": "31.10.2020 11:17",
            "open": "2.183",
            "high": "2.183",
            "low": "2.181",
            "close": "2.177"
        },
        {
            "time": "31.10.2020 11:20",
            "open": "2.177",
            "high": "2.177",
            "low": "2.177",
            "close": "2.178"
        },
        {
            "time": "31.10.2020 11:21",
            "open": "2.178",
            "high": "2.18",
            "low": "2.178",
            "close": "2.176"
        },
        {
            "time": "31.10.2020 11:22",
            "open": "2.176",
            "high": "2.176",
            "low": "2.173",
            "close": "2.17"
        },
        {
            "time": "31.10.2020 11:23",
            "open": "2.17",
            "high": "2.17",
            "low": "2.17",
            "close": "2.171"
        },
        {
            "time": "31.10.2020 11:24",
            "open": "2.167",
            "high": "2.167",
            "low": "2.167",
            "close": "2.172"
        },
        {
            "time": "31.10.2020 11:26",
            "open": "2.172",
            "high": "2.173",
            "low": "2.166",
            "close": "2.168"
        },
        {
            "time": "31.10.2020 11:27",
            "open": "2.168",
            "high": "2.171",
            "low": "2.167",
            "close": "2.174"
        },
        {
            "time": "31.10.2020 11:28",
            "open": "2.174",
            "high": "2.174",
            "low": "2.174",
            "close": "2.169"
        },
        {
            "time": "31.10.2020 11:29",
            "open": "2.169",
            "high": "2.17",
            "low": "2.169",
            "close": "2.169"
        },
        {
            "time": "31.10.2020 11:30",
            "open": "2.169",
            "high": "2.169",
            "low": "2.169",
            "close": "2.172"
        },
        {
            "time": "31.10.2020 11:31",
            "open": "2.172",
            "high": "2.172",
            "low": "2.172",
            "close": "2.175"
        },
        {
            "time": "31.10.2020 11:33",
            "open": "2.175",
            "high": "2.175",
            "low": "2.175",
            "close": "2.175"
        },
        {
            "time": "31.10.2020 11:35",
            "open": "2.175",
            "high": "2.175",
            "low": "2.175",
            "close": "2.177"
        },
        {
            "time": "31.10.2020 11:36",
            "open": "2.177",
            "high": "2.177",
            "low": "2.177",
            "close": "2.178"
        },
        {
            "time": "31.10.2020 11:37",
            "open": "2.178",
            "high": "2.179",
            "low": "2.177",
            "close": "2.176"
        },
        {
            "time": "31.10.2020 11:38",
            "open": "2.176",
            "high": "2.176",
            "low": "2.176",
            "close": "2.175"
        },
        {
            "time": "31.10.2020 11:40",
            "open": "2.175",
            "high": "2.175",
            "low": "2.175",
            "close": "2.178"
        },
        {
            "time": "31.10.2020 11:42",
            "open": "2.178",
            "high": "2.178",
            "low": "2.178",
            "close": "2.18"
        },
        {
            "time": "31.10.2020 11:45",
            "open": "2.18",
            "high": "2.18",
            "low": "2.177",
            "close": "2.177"
        },
        {
            "time": "31.10.2020 11:46",
            "open": "2.177",
            "high": "2.177",
            "low": "2.177",
            "close": "2.178"
        },
        {
            "time": "31.10.2020 11:47",
            "open": "2.178",
            "high": "2.178",
            "low": "2.178",
            "close": "2.175"
        },
        {
            "time": "31.10.2020 11:48",
            "open": "2.175",
            "high": "2.175",
            "low": "2.175",
            "close": "2.175"
        },
        {
            "time": "31.10.2020 11:49",
            "open": "2.175",
            "high": "2.175",
            "low": "2.175",
            "close": "2.176"
        },
        {
            "time": "31.10.2020 11:50",
            "open": "2.176",
            "high": "2.176",
            "low": "2.176",
            "close": "2.176"
        },
        {
            "time": "31.10.2020 11:51",
            "open": "2.176",
            "high": "2.176",
            "low": "2.176",
            "close": "2.182"
        },
        {
            "time": "31.10.2020 11:53",
            "open": "2.182",
            "high": "2.182",
            "low": "2.182",
            "close": "2.181"
        },
        {
            "time": "31.10.2020 11:54",
            "open": "2.181",
            "high": "2.181",
            "low": "2.181",
            "close": "2.182"
        },
        {
            "time": "31.10.2020 11:55",
            "open": "2.182",
            "high": "2.182",
            "low": "2.182",
            "close": "2.183"
        },
        {
            "time": "31.10.2020 11:57",
            "open": "2.183",
            "high": "2.183",
            "low": "2.183",
            "close": "2.185"
        },
        {
            "time": "31.10.2020 11:58",
            "open": "2.185",
            "high": "2.185",
            "low": "2.182",
            "close": "2.18"
        },
        {
            "time": "31.10.2020 12:01",
            "open": "2.18",
            "high": "2.18",
            "low": "2.18",
            "close": "2.181"
        },
        {
            "time": "31.10.2020 12:02",
            "open": "2.181",
            "high": "2.181",
            "low": "2.181",
            "close": "2.179"
        },
        {
            "time": "31.10.2020 12:03",
            "open": "2.179",
            "high": "2.179",
            "low": "2.176",
            "close": "2.176"
        },
        {
            "time": "31.10.2020 12:04",
            "open": "2.176",
            "high": "2.176",
            "low": "2.176",
            "close": "2.178"
        },
        {
            "time": "31.10.2020 12:13",
            "open": "2.178",
            "high": "2.178",
            "low": "2.178",
            "close": "2.177"
        },
        {
            "time": "31.10.2020 12:17",
            "open": "2.177",
            "high": "2.177",
            "low": "2.177",
            "close": "2.18"
        },
        {
            "time": "31.10.2020 12:18",
            "open": "2.18",
            "high": "2.18",
            "low": "2.18",
            "close": "2.179"
        },
        {
            "time": "31.10.2020 12:19",
            "open": "2.179",
            "high": "2.179",
            "low": "2.179",
            "close": "2.176"
        },
        {
            "time": "31.10.2020 12:24",
            "open": "2.176",
            "high": "2.176",
            "low": "2.176",
            "close": "2.174"
        },
        {
            "time": "31.10.2020 12:30",
            "open": "2.174",
            "high": "2.174",
            "low": "2.174",
            "close": "2.173"
        },
        {
            "time": "31.10.2020 12:31",
            "open": "2.173",
            "high": "2.173",
            "low": "2.173",
            "close": "2.173"
        },
        {
            "time": "31.10.2020 12:32",
            "open": "2.173",
            "high": "2.173",
            "low": "2.173",
            "close": "2.173"
        },
        {
            "time": "31.10.2020 12:33",
            "open": "2.173",
            "high": "2.173",
            "low": "2.173",
            "close": "2.173"
        },
        {
            "time": "31.10.2020 12:36",
            "open": "2.173",
            "high": "2.173",
            "low": "2.173",
            "close": "2.174"
        },
        {
            "time": "31.10.2020 12:37",
            "open": "2.174",
            "high": "2.174",
            "low": "2.174",
            "close": "2.176"
        },
        {
            "time": "31.10.2020 12:38",
            "open": "2.176",
            "high": "2.176",
            "low": "2.176",
            "close": "2.18"
        },
        {
            "time": "31.10.2020 12:39",
            "open": "2.18",
            "high": "2.18",
            "low": "2.18",
            "close": "2.177"
        },
        {
            "time": "31.10.2020 12:41",
            "open": "2.177",
            "high": "2.178",
            "low": "2.176",
            "close": "2.178"
        },
        {
            "time": "31.10.2020 12:46",
            "open": "2.178",
            "high": "2.178",
            "low": "2.178",
            "close": "2.181"
        },
        {
            "time": "31.10.2020 12:50",
            "open": "2.181",
            "high": "2.181",
            "low": "2.181",
            "close": "2.18"
        },
        {
            "time": "31.10.2020 12:51",
            "open": "2.18",
            "high": "2.18",
            "low": "2.18",
            "close": "2.18"
        },
        {
            "time": "31.10.2020 12:54",
            "open": "2.18",
            "high": "2.18",
            "low": "2.18",
            "close": "2.184"
        },
        {
            "time": "31.10.2020 12:57",
            "open": "2.184",
            "high": "2.184",
            "low": "2.184",
            "close": "2.181"
        },
        {
            "time": "31.10.2020 13:00",
            "open": "2.181",
            "high": "2.182",
            "low": "2.18",
            "close": "2.18"
        },
        {
            "time": "31.10.2020 13:01",
            "open": "2.18",
            "high": "2.183",
            "low": "2.18",
            "close": "2.183"
        },
        {
            "time": "31.10.2020 13:02",
            "open": "2.183",
            "high": "2.183",
            "low": "2.183",
            "close": "2.182"
        },
        {
            "time": "31.10.2020 13:03",
            "open": "2.182",
            "high": "2.182",
            "low": "2.182",
            "close": "2.181"
        },
        {
            "time": "31.10.2020 13:04",
            "open": "2.181",
            "high": "2.181",
            "low": "2.181",
            "close": "2.181"
        },
        {
            "time": "31.10.2020 13:05",
            "open": "2.181",
            "high": "2.181",
            "low": "2.181",
            "close": "2.183"
        },
        {
            "time": "31.10.2020 13:08",
            "open": "2.183",
            "high": "2.183",
            "low": "2.182",
            "close": "2.19"
        },
        {
            "time": "31.10.2020 13:10",
            "open": "2.19",
            "high": "2.19",
            "low": "2.19",
            "close": "2.187"
        },
        {
            "time": "31.10.2020 13:11",
            "open": "2.187",
            "high": "2.187",
            "low": "2.187",
            "close": "2.189"
        },
        {
            "time": "31.10.2020 13:14",
            "open": "2.189",
            "high": "2.189",
            "low": "2.189",
            "close": "2.186"
        },
        {
            "time": "31.10.2020 13:18",
            "open": "2.186",
            "high": "2.186",
            "low": "2.186",
            "close": "2.187"
        },
        {
            "time": "31.10.2020 13:21",
            "open": "2.187",
            "high": "2.187",
            "low": "2.187",
            "close": "2.187"
        },
        {
            "time": "31.10.2020 13:24",
            "open": "2.187",
            "high": "2.187",
            "low": "2.187",
            "close": "2.19"
        },
        {
            "time": "31.10.2020 13:28",
            "open": "2.19",
            "high": "2.19",
            "low": "2.19",
            "close": "2.187"
        },
        {
            "time": "31.10.2020 13:30",
            "open": "2.187",
            "high": "2.187",
            "low": "2.187",
            "close": "2.188"
        },
        {
            "time": "31.10.2020 13:32",
            "open": "2.188",
            "high": "2.19",
            "low": "2.188",
            "close": "2.19"
        },
        {
            "time": "31.10.2020 13:34",
            "open": "2.19",
            "high": "2.19",
            "low": "2.189",
            "close": "2.187"
        },
        {
            "time": "31.10.2020 13:36",
            "open": "2.187",
            "high": "2.187",
            "low": "2.187",
            "close": "2.184"
        },
        {
            "time": "31.10.2020 13:37",
            "open": "2.184",
            "high": "2.184",
            "low": "2.184",
            "close": "2.185"
        },
        {
            "time": "31.10.2020 13:38",
            "open": "2.185",
            "high": "2.185",
            "low": "2.185",
            "close": "2.185"
        },
        {
            "time": "31.10.2020 13:39",
            "open": "2.185",
            "high": "2.186",
            "low": "2.185",
            "close": "2.184"
        },
        {
            "time": "31.10.2020 13:41",
            "open": "2.184",
            "high": "2.184",
            "low": "2.184",
            "close": "2.187"
        },
        {
            "time": "31.10.2020 13:45",
            "open": "2.187",
            "high": "2.187",
            "low": "2.187",
            "close": "2.185"
        },
        {
            "time": "31.10.2020 13:47",
            "open": "2.185",
            "high": "2.185",
            "low": "2.185",
            "close": "2.188"
        },
        {
            "time": "31.10.2020 13:48",
            "open": "2.188",
            "high": "2.188",
            "low": "2.188",
            "close": "2.188"
        },
        {
            "time": "31.10.2020 13:52",
            "open": "2.188",
            "high": "2.188",
            "low": "2.186",
            "close": "2.187"
        },
        {
            "time": "31.10.2020 13:54",
            "open": "2.187",
            "high": "2.187",
            "low": "2.187",
            "close": "2.189"
        },
        {
            "time": "31.10.2020 13:55",
            "open": "2.189",
            "high": "2.189",
            "low": "2.189",
            "close": "2.185"
        },
        {
            "time": "31.10.2020 13:58",
            "open": "2.185",
            "high": "2.185",
            "low": "2.185",
            "close": "2.186"
        },
        {
            "time": "31.10.2020 14:01",
            "open": "2.186",
            "high": "2.186",
            "low": "2.186",
            "close": "2.186"
        },
        {
            "time": "31.10.2020 14:02",
            "open": "2.186",
            "high": "2.188",
            "low": "2.186",
            "close": "2.186"
        },
        {
            "time": "31.10.2020 14:10",
            "open": "2.186",
            "high": "2.186",
            "low": "2.186",
            "close": "2.188"
        },
        {
            "time": "31.10.2020 14:11",
            "open": "2.188",
            "high": "2.188",
            "low": "2.188",
            "close": "2.185"
        },
        {
            "time": "31.10.2020 14:13",
            "open": "2.185",
            "high": "2.185",
            "low": "2.185",
            "close": "2.186"
        },
        {
            "time": "31.10.2020 14:15",
            "open": "2.186",
            "high": "2.186",
            "low": "2.186",
            "close": "2.184"
        },
        {
            "time": "31.10.2020 14:16",
            "open": "2.184",
            "high": "2.184",
            "low": "2.184",
            "close": "2.183"
        },
        {
            "time": "31.10.2020 14:17",
            "open": "2.183",
            "high": "2.183",
            "low": "2.183",
            "close": "2.183"
        },
        {
            "time": "31.10.2020 14:18",
            "open": "2.183",
            "high": "2.183",
            "low": "2.183",
            "close": "2.187"
        },
        {
            "time": "31.10.2020 14:22",
            "open": "2.187",
            "high": "2.187",
            "low": "2.187",
            "close": "2.186"
        },
        {
            "time": "31.10.2020 14:27",
            "open": "2.186",
            "high": "2.186",
            "low": "2.186",
            "close": "2.186"
        },
        {
            "time": "31.10.2020 14:28",
            "open": "2.186",
            "high": "2.186",
            "low": "2.186",
            "close": "2.188"
        },
        {
            "time": "31.10.2020 14:29",
            "open": "2.188",
            "high": "2.188",
            "low": "2.188",
            "close": "2.189"
        },
        {
            "time": "31.10.2020 14:30",
            "open": "2.189",
            "high": "2.189",
            "low": "2.189",
            "close": "2.188"
        },
        {
            "time": "31.10.2020 14:31",
            "open": "2.188",
            "high": "2.188",
            "low": "2.188",
            "close": "2.189"
        },
        {
            "time": "31.10.2020 14:36",
            "open": "2.189",
            "high": "2.189",
            "low": "2.189",
            "close": "2.189"
        },
        {
            "time": "31.10.2020 14:39",
            "open": "2.189",
            "high": "2.189",
            "low": "2.189",
            "close": "2.194"
        },
        {
            "time": "31.10.2020 14:43",
            "open": "2.194",
            "high": "2.194",
            "low": "2.194",
            "close": "2.192"
        },
        {
            "time": "31.10.2020 14:44",
            "open": "2.192",
            "high": "2.192",
            "low": "2.192",
            "close": "2.188"
        },
        {
            "time": "31.10.2020 14:46",
            "open": "2.188",
            "high": "2.188",
            "low": "2.188",
            "close": "2.191"
        },
        {
            "time": "31.10.2020 14:47",
            "open": "2.191",
            "high": "2.191",
            "low": "2.188",
            "close": "2.192"
        },
        {
            "time": "31.10.2020 14:49",
            "open": "2.192",
            "high": "2.192",
            "low": "2.192",
            "close": "2.191"
        },
        {
            "time": "31.10.2020 14:50",
            "open": "2.191",
            "high": "2.191",
            "low": "2.191",
            "close": "2.189"
        },
        {
            "time": "31.10.2020 14:52",
            "open": "2.189",
            "high": "2.189",
            "low": "2.189",
            "close": "2.189"
        },
        {
            "time": "31.10.2020 14:53",
            "open": "2.189",
            "high": "2.189",
            "low": "2.189",
            "close": "2.19"
        },
        {
            "time": "31.10.2020 14:55",
            "open": "2.19",
            "high": "2.19",
            "low": "2.19",
            "close": "2.188"
        },
        {
            "time": "31.10.2020 14:57",
            "open": "2.188",
            "high": "2.188",
            "low": "2.188",
            "close": "2.186"
        },
        {
            "time": "31.10.2020 15:05",
            "open": "2.186",
            "high": "2.188",
            "low": "2.186",
            "close": "2.186"
        },
        {
            "time": "31.10.2020 15:09",
            "open": "2.186",
            "high": "2.188",
            "low": "2.186",
            "close": "2.187"
        },
        {
            "time": "31.10.2020 15:12",
            "open": "2.187",
            "high": "2.187",
            "low": "2.187",
            "close": "2.187"
        },
        {
            "time": "31.10.2020 15:13",
            "open": "2.187",
            "high": "2.187",
            "low": "2.187",
            "close": "2.187"
        },
        {
            "time": "31.10.2020 15:16",
            "open": "2.187",
            "high": "2.19",
            "low": "2.187",
            "close": "2.186"
        },
        {
            "time": "31.10.2020 15:19",
            "open": "2.186",
            "high": "2.186",
            "low": "2.186",
            "close": "2.184"
        },
        {
            "time": "31.10.2020 15:20",
            "open": "2.184",
            "high": "2.184",
            "low": "2.181",
            "close": "2.183"
        },
        {
            "time": "31.10.2020 15:22",
            "open": "2.183",
            "high": "2.183",
            "low": "2.183",
            "close": "2.18"
        },
        {
            "time": "31.10.2020 15:23",
            "open": "2.18",
            "high": "2.18",
            "low": "2.18",
            "close": "2.18"
        },
        {
            "time": "31.10.2020 15:28",
            "open": "2.18",
            "high": "2.18",
            "low": "2.179",
            "close": "2.179"
        },
        {
            "time": "31.10.2020 15:29",
            "open": "2.179",
            "high": "2.179",
            "low": "2.179",
            "close": "2.183"
        },
        {
            "time": "31.10.2020 15:34",
            "open": "2.183",
            "high": "2.183",
            "low": "2.183",
            "close": "2.18"
        },
        {
            "time": "31.10.2020 15:39",
            "open": "2.18",
            "high": "2.18",
            "low": "2.18",
            "close": "2.179"
        },
        {
            "time": "31.10.2020 15:40",
            "open": "2.179",
            "high": "2.182",
            "low": "2.179",
            "close": "2.18"
        },
        {
            "time": "31.10.2020 15:41",
            "open": "2.18",
            "high": "2.18",
            "low": "2.18",
            "close": "2.184"
        },
        {
            "time": "31.10.2020 15:50",
            "open": "2.184",
            "high": "2.184",
            "low": "2.184",
            "close": "2.183"
        },
        {
            "time": "31.10.2020 15:52",
            "open": "2.183",
            "high": "2.183",
            "low": "2.183",
            "close": "2.184"
        },
        {
            "time": "31.10.2020 15:58",
            "open": "2.184",
            "high": "2.184",
            "low": "2.184",
            "close": "2.179"
        },
        {
            "time": "31.10.2020 16:00",
            "open": "2.179",
            "high": "2.179",
            "low": "2.179",
            "close": "2.179"
        },
        {
            "time": "31.10.2020 16:01",
            "open": "2.179",
            "high": "2.179",
            "low": "2.179",
            "close": "2.185"
        },
        {
            "time": "31.10.2020 16:02",
            "open": "2.185",
            "high": "2.185",
            "low": "2.18",
            "close": "2.183"
        },
        {
            "time": "31.10.2020 16:07",
            "open": "2.183",
            "high": "2.183",
            "low": "2.183",
            "close": "2.18"
        },
        {
            "time": "31.10.2020 16:08",
            "open": "2.18",
            "high": "2.18",
            "low": "2.18",
            "close": "2.179"
        },
        {
            "time": "31.10.2020 16:09",
            "open": "2.179",
            "high": "2.179",
            "low": "2.179",
            "close": "2.179"
        },
        {
            "time": "31.10.2020 16:10",
            "open": "2.179",
            "high": "2.179",
            "low": "2.179",
            "close": "2.178"
        },
        {
            "time": "31.10.2020 16:13",
            "open": "2.178",
            "high": "2.178",
            "low": "2.178",
            "close": "2.178"
        },
        {
            "time": "31.10.2020 16:16",
            "open": "2.178",
            "high": "2.178",
            "low": "2.175",
            "close": "2.174"
        },
        {
            "time": "31.10.2020 16:17",
            "open": "2.174",
            "high": "2.174",
            "low": "2.174",
            "close": "2.175"
        },
        {
            "time": "31.10.2020 16:19",
            "open": "2.175",
            "high": "2.175",
            "low": "2.175",
            "close": "2.18"
        },
        {
            "time": "31.10.2020 16:23",
            "open": "2.18",
            "high": "2.18",
            "low": "2.18",
            "close": "2.178"
        },
        {
            "time": "31.10.2020 16:24",
            "open": "2.178",
            "high": "2.178",
            "low": "2.178",
            "close": "2.178"
        },
        {
            "time": "31.10.2020 16:27",
            "open": "2.178",
            "high": "2.178",
            "low": "2.178",
            "close": "2.18"
        },
        {
            "time": "31.10.2020 16:29",
            "open": "2.18",
            "high": "2.182",
            "low": "2.18",
            "close": "2.179"
        },
        {
            "time": "31.10.2020 16:31",
            "open": "2.179",
            "high": "2.179",
            "low": "2.179",
            "close": "2.179"
        },
        {
            "time": "31.10.2020 16:32",
            "open": "2.179",
            "high": "2.179",
            "low": "2.179",
            "close": "2.18"
        },
        {
            "time": "31.10.2020 16:39",
            "open": "2.18",
            "high": "2.18",
            "low": "2.18",
            "close": "2.18"
        },
        {
            "time": "31.10.2020 16:40",
            "open": "2.18",
            "high": "2.18",
            "low": "2.18",
            "close": "2.177"
        },
        {
            "time": "31.10.2020 16:42",
            "open": "2.177",
            "high": "2.177",
            "low": "2.177",
            "close": "2.177"
        },
        {
            "time": "31.10.2020 16:45",
            "open": "2.177",
            "high": "2.178",
            "low": "2.177",
            "close": "2.181"
        },
        {
            "time": "31.10.2020 16:46",
            "open": "2.181",
            "high": "2.181",
            "low": "2.181",
            "close": "2.18"
        },
        {
            "time": "31.10.2020 16:48",
            "open": "2.18",
            "high": "2.18",
            "low": "2.18",
            "close": "2.18"
        },
        {
            "time": "31.10.2020 16:51",
            "open": "2.18",
            "high": "2.18",
            "low": "2.18",
            "close": "2.18"
        },
        {
            "time": "31.10.2020 16:52",
            "open": "2.18",
            "high": "2.18",
            "low": "2.18",
            "close": "2.18"
        },
        {
            "time": "31.10.2020 16:58",
            "open": "2.18",
            "high": "2.18",
            "low": "2.18",
            "close": "2.184"
        },
        {
            "time": "31.10.2020 16:59",
            "open": "2.184",
            "high": "2.184",
            "low": "2.179",
            "close": "2.184"
        },
        {
            "time": "31.10.2020 17:04",
            "open": "2.184",
            "high": "2.184",
            "low": "2.184",
            "close": "2.182"
        },
        {
            "time": "31.10.2020 17:05",
            "open": "2.182",
            "high": "2.182",
            "low": "2.182",
            "close": "2.183"
        },
        {
            "time": "31.10.2020 17:07",
            "open": "2.183",
            "high": "2.183",
            "low": "2.183",
            "close": "2.181"
        },
        {
            "time": "31.10.2020 17:14",
            "open": "2.181",
            "high": "2.181",
            "low": "2.181",
            "close": "2.181"
        },
        {
            "time": "31.10.2020 17:15",
            "open": "2.181",
            "high": "2.181",
            "low": "2.181",
            "close": "2.184"
        },
        {
            "time": "31.10.2020 17:16",
            "open": "2.184",
            "high": "2.184",
            "low": "2.184",
            "close": "2.183"
        },
        {
            "time": "31.10.2020 17:19",
            "open": "2.183",
            "high": "2.183",
            "low": "2.183",
            "close": "2.184"
        },
        {
            "time": "31.10.2020 17:20",
            "open": "2.184",
            "high": "2.184",
            "low": "2.184",
            "close": "2.181"
        },
        {
            "time": "31.10.2020 17:22",
            "open": "2.181",
            "high": "2.181",
            "low": "2.181",
            "close": "2.18"
        },
        {
            "time": "31.10.2020 17:24",
            "open": "2.18",
            "high": "2.18",
            "low": "2.18",
            "close": "2.18"
        },
        {
            "time": "31.10.2020 17:25",
            "open": "2.18",
            "high": "2.18",
            "low": "2.18",
            "close": "2.182"
        },
        {
            "time": "31.10.2020 17:29",
            "open": "2.182",
            "high": "2.182",
            "low": "2.182",
            "close": "2.181"
        },
        {
            "time": "31.10.2020 17:31",
            "open": "2.181",
            "high": "2.181",
            "low": "2.181",
            "close": "2.181"
        },
        {
            "time": "31.10.2020 17:34",
            "open": "2.181",
            "high": "2.181",
            "low": "2.181",
            "close": "2.181"
        },
        {
            "time": "31.10.2020 17:35",
            "open": "2.181",
            "high": "2.181",
            "low": "2.181",
            "close": "2.177"
        },
        {
            "time": "31.10.2020 17:38",
            "open": "2.177",
            "high": "2.177",
            "low": "2.177",
            "close": "2.175"
        },
        {
            "time": "31.10.2020 17:46",
            "open": "2.175",
            "high": "2.175",
            "low": "2.175",
            "close": "2.175"
        },
        {
            "time": "31.10.2020 17:50",
            "open": "2.175",
            "high": "2.175",
            "low": "2.175",
            "close": "2.178"
        },
        {
            "time": "31.10.2020 17:51",
            "open": "2.178",
            "high": "2.178",
            "low": "2.178",
            "close": "2.178"
        },
        {
            "time": "31.10.2020 17:52",
            "open": "2.178",
            "high": "2.178",
            "low": "2.178",
            "close": "2.176"
        },
        {
            "time": "31.10.2020 17:53",
            "open": "2.176",
            "high": "2.176",
            "low": "2.176",
            "close": "2.175"
        },
        {
            "time": "31.10.2020 17:56",
            "open": "2.175",
            "high": "2.175",
            "low": "2.175",
            "close": "2.175"
        },
        {
            "time": "31.10.2020 17:58",
            "open": "2.175",
            "high": "2.175",
            "low": "2.175",
            "close": "2.178"
        },
        {
            "time": "31.10.2020 18:01",
            "open": "2.178",
            "high": "2.178",
            "low": "2.178",
            "close": "2.175"
        },
        {
            "time": "31.10.2020 18:05",
            "open": "2.175",
            "high": "2.175",
            "low": "2.175",
            "close": "2.174"
        },
        {
            "time": "31.10.2020 18:08",
            "open": "2.174",
            "high": "2.174",
            "low": "2.173",
            "close": "2.172"
        },
        {
            "time": "31.10.2020 18:22",
            "open": "2.172",
            "high": "2.172",
            "low": "2.17",
            "close": "2.17"
        },
        {
            "time": "31.10.2020 18:23",
            "open": "2.17",
            "high": "2.17",
            "low": "2.17",
            "close": "2.17"
        },
        {
            "time": "31.10.2020 18:24",
            "open": "2.17",
            "high": "2.17",
            "low": "2.17",
            "close": "2.172"
        },
        {
            "time": "31.10.2020 18:26",
            "open": "2.172",
            "high": "2.172",
            "low": "2.172",
            "close": "2.169"
        },
        {
            "time": "31.10.2020 18:30",
            "open": "2.169",
            "high": "2.169",
            "low": "2.169",
            "close": "2.17"
        },
        {
            "time": "31.10.2020 18:32",
            "open": "2.17",
            "high": "2.17",
            "low": "2.17",
            "close": "2.17"
        },
        {
            "time": "31.10.2020 18:34",
            "open": "2.17",
            "high": "2.17",
            "low": "2.17",
            "close": "2.17"
        },
        {
            "time": "31.10.2020 18:37",
            "open": "2.17",
            "high": "2.17",
            "low": "2.17",
            "close": "2.17"
        },
        {
            "time": "31.10.2020 18:40",
            "open": "2.17",
            "high": "2.173",
            "low": "2.17",
            "close": "2.172"
        },
        {
            "time": "31.10.2020 18:48",
            "open": "2.172",
            "high": "2.172",
            "low": "2.172",
            "close": "2.17"
        },
        {
            "time": "31.10.2020 18:52",
            "open": "2.17",
            "high": "2.173",
            "low": "2.17",
            "close": "2.171"
        },
        {
            "time": "31.10.2020 18:56",
            "open": "2.171",
            "high": "2.171",
            "low": "2.171",
            "close": "2.169"
        },
        {
            "time": "31.10.2020 18:59",
            "open": "2.169",
            "high": "2.169",
            "low": "2.169",
            "close": "2.166"
        },
        {
            "time": "31.10.2020 19:02",
            "open": "2.166",
            "high": "2.166",
            "low": "2.166",
            "close": "2.168"
        },
        {
            "time": "31.10.2020 19:07",
            "open": "2.168",
            "high": "2.168",
            "low": "2.168",
            "close": "2.166"
        },
        {
            "time": "31.10.2020 19:12",
            "open": "2.166",
            "high": "2.166",
            "low": "2.166",
            "close": "2.166"
        },
        {
            "time": "31.10.2020 19:15",
            "open": "2.166",
            "high": "2.166",
            "low": "2.165",
            "close": "2.164"
        },
        {
            "time": "31.10.2020 19:16",
            "open": "2.164",
            "high": "2.164",
            "low": "2.164",
            "close": "2.168"
        },
        {
            "time": "31.10.2020 19:18",
            "open": "2.168",
            "high": "2.168",
            "low": "2.168",
            "close": "2.165"
        },
        {
            "time": "31.10.2020 19:20",
            "open": "2.165",
            "high": "2.165",
            "low": "2.165",
            "close": "2.166"
        },
        {
            "time": "31.10.2020 19:26",
            "open": "2.166",
            "high": "2.166",
            "low": "2.166",
            "close": "2.166"
        },
        {
            "time": "31.10.2020 19:27",
            "open": "2.166",
            "high": "2.166",
            "low": "2.166",
            "close": "2.167"
        },
        {
            "time": "31.10.2020 19:28",
            "open": "2.167",
            "high": "2.167",
            "low": "2.167",
            "close": "2.167"
        },
        {
            "time": "31.10.2020 19:30",
            "open": "2.167",
            "high": "2.167",
            "low": "2.167",
            "close": "2.167"
        },
        {
            "time": "31.10.2020 19:32",
            "open": "2.167",
            "high": "2.169",
            "low": "2.167",
            "close": "2.165"
        },
        {
            "time": "31.10.2020 19:33",
            "open": "2.165",
            "high": "2.165",
            "low": "2.165",
            "close": "2.169"
        },
        {
            "time": "31.10.2020 19:34",
            "open": "2.169",
            "high": "2.169",
            "low": "2.169",
            "close": "2.168"
        },
        {
            "time": "31.10.2020 19:36",
            "open": "2.168",
            "high": "2.168",
            "low": "2.168",
            "close": "2.168"
        },
        {
            "time": "31.10.2020 19:37",
            "open": "2.168",
            "high": "2.168",
            "low": "2.168",
            "close": "2.169"
        },
        {
            "time": "31.10.2020 19:41",
            "open": "2.169",
            "high": "2.169",
            "low": "2.169",
            "close": "2.162"
        },
        {
            "time": "31.10.2020 19:42",
            "open": "2.162",
            "high": "2.162",
            "low": "2.161",
            "close": "2.161"
        },
        {
            "time": "31.10.2020 19:43",
            "open": "2.161",
            "high": "2.164",
            "low": "2.161",
            "close": "2.16"
        },
        {
            "time": "31.10.2020 19:44",
            "open": "2.16",
            "high": "2.162",
            "low": "2.16",
            "close": "2.16"
        },
        {
            "time": "31.10.2020 19:45",
            "open": "2.16",
            "high": "2.161",
            "low": "2.16",
            "close": "2.163"
        },
        {
            "time": "31.10.2020 19:46",
            "open": "2.163",
            "high": "2.165",
            "low": "2.163",
            "close": "2.166"
        },
        {
            "time": "31.10.2020 19:50",
            "open": "2.166",
            "high": "2.166",
            "low": "2.166",
            "close": "2.166"
        },
        {
            "time": "31.10.2020 19:51",
            "open": "2.166",
            "high": "2.166",
            "low": "2.166",
            "close": "2.168"
        },
        {
            "time": "31.10.2020 19:53",
            "open": "2.168",
            "high": "2.168",
            "low": "2.168",
            "close": "2.174"
        },
        {
            "time": "31.10.2020 19:55",
            "open": "2.174",
            "high": "2.174",
            "low": "2.174",
            "close": "2.174"
        },
        {
            "time": "31.10.2020 19:56",
            "open": "2.174",
            "high": "2.174",
            "low": "2.171",
            "close": "2.171"
        },
        {
            "time": "31.10.2020 19:57",
            "open": "2.171",
            "high": "2.171",
            "low": "2.171",
            "close": "2.168"
        },
        {
            "time": "31.10.2020 19:59",
            "open": "2.168",
            "high": "2.168",
            "low": "2.167",
            "close": "2.169"
        },
        {
            "time": "31.10.2020 20:02",
            "open": "2.169",
            "high": "2.169",
            "low": "2.167",
            "close": "2.166"
        },
        {
            "time": "31.10.2020 20:04",
            "open": "2.166",
            "high": "2.169",
            "low": "2.166",
            "close": "2.168"
        },
        {
            "time": "31.10.2020 20:06",
            "open": "2.168",
            "high": "2.168",
            "low": "2.168",
            "close": "2.17"
        },
        {
            "time": "31.10.2020 20:10",
            "open": "2.17",
            "high": "2.17",
            "low": "2.17",
            "close": "2.167"
        },
        {
            "time": "31.10.2020 20:12",
            "open": "2.167",
            "high": "2.168",
            "low": "2.167",
            "close": "2.171"
        },
        {
            "time": "31.10.2020 20:14",
            "open": "2.171",
            "high": "2.171",
            "low": "2.171",
            "close": "2.168"
        },
        {
            "time": "31.10.2020 20:16",
            "open": "2.168",
            "high": "2.168",
            "low": "2.168",
            "close": "2.169"
        },
        {
            "time": "31.10.2020 20:18",
            "open": "2.169",
            "high": "2.169",
            "low": "2.169",
            "close": "2.171"
        },
        {
            "time": "31.10.2020 20:20",
            "open": "2.171",
            "high": "2.171",
            "low": "2.171",
            "close": "2.169"
        },
        {
            "time": "31.10.2020 20:22",
            "open": "2.169",
            "high": "2.169",
            "low": "2.169",
            "close": "2.172"
        },
        {
            "time": "31.10.2020 20:27",
            "open": "2.172",
            "high": "2.172",
            "low": "2.172",
            "close": "2.172"
        },
        {
            "time": "31.10.2020 20:28",
            "open": "2.172",
            "high": "2.172",
            "low": "2.172",
            "close": "2.169"
        },
        {
            "time": "31.10.2020 20:36",
            "open": "2.169",
            "high": "2.169",
            "low": "2.169",
            "close": "2.168"
        },
        {
            "time": "31.10.2020 20:40",
            "open": "2.168",
            "high": "2.168",
            "low": "2.168",
            "close": "2.168"
        },
        {
            "time": "31.10.2020 20:45",
            "open": "2.168",
            "high": "2.168",
            "low": "2.168",
            "close": "2.166"
        },
        {
            "time": "31.10.2020 20:46",
            "open": "2.166",
            "high": "2.166",
            "low": "2.166",
            "close": "2.166"
        },
        {
            "time": "31.10.2020 20:47",
            "open": "2.166",
            "high": "2.166",
            "low": "2.166",
            "close": "2.167"
        },
        {
            "time": "31.10.2020 20:50",
            "open": "2.167",
            "high": "2.167",
            "low": "2.167",
            "close": "2.167"
        },
        {
            "time": "31.10.2020 20:51",
            "open": "2.167",
            "high": "2.167",
            "low": "2.167",
            "close": "2.172"
        },
        {
            "time": "31.10.2020 20:52",
            "open": "2.172",
            "high": "2.172",
            "low": "2.172",
            "close": "2.166"
        },
        {
            "time": "31.10.2020 20:55",
            "open": "2.166",
            "high": "2.169",
            "low": "2.166",
            "close": "2.167"
        },
        {
            "time": "31.10.2020 21:00",
            "open": "2.167",
            "high": "2.169",
            "low": "2.167",
            "close": "2.173"
        },
        {
            "time": "31.10.2020 21:05",
            "open": "2.173",
            "high": "2.173",
            "low": "2.173",
            "close": "2.173"
        },
        {
            "time": "31.10.2020 21:06",
            "open": "2.173",
            "high": "2.175",
            "low": "2.173",
            "close": "2.175"
        },
        {
            "time": "31.10.2020 21:07",
            "open": "2.175",
            "high": "2.175",
            "low": "2.174",
            "close": "2.176"
        },
        {
            "time": "31.10.2020 21:10",
            "open": "2.176",
            "high": "2.176",
            "low": "2.176",
            "close": "2.175"
        },
        {
            "time": "31.10.2020 21:15",
            "open": "2.175",
            "high": "2.175",
            "low": "2.175",
            "close": "2.174"
        },
        {
            "time": "31.10.2020 21:16",
            "open": "2.174",
            "high": "2.174",
            "low": "2.174",
            "close": "2.174"
        },
        {
            "time": "31.10.2020 21:19",
            "open": "2.174",
            "high": "2.174",
            "low": "2.174",
            "close": "2.178"
        },
        {
            "time": "31.10.2020 21:21",
            "open": "2.178",
            "high": "2.178",
            "low": "2.178",
            "close": "2.175"
        },
        {
            "time": "31.10.2020 21:22",
            "open": "2.175",
            "high": "2.175",
            "low": "2.175",
            "close": "2.175"
        },
        {
            "time": "31.10.2020 21:24",
            "open": "2.175",
            "high": "2.175",
            "low": "2.175",
            "close": "2.176"
        },
        {
            "time": "31.10.2020 21:27",
            "open": "2.176",
            "high": "2.176",
            "low": "2.176",
            "close": "2.176"
        },
        {
            "time": "31.10.2020 21:29",
            "open": "2.176",
            "high": "2.176",
            "low": "2.176",
            "close": "2.177"
        },
        {
            "time": "31.10.2020 21:30",
            "open": "2.177",
            "high": "2.177",
            "low": "2.177",
            "close": "2.178"
        },
        {
            "time": "31.10.2020 21:32",
            "open": "2.178",
            "high": "2.178",
            "low": "2.177",
            "close": "2.176"
        },
        {
            "time": "31.10.2020 21:33",
            "open": "2.176",
            "high": "2.176",
            "low": "2.176",
            "close": "2.178"
        },
        {
            "time": "31.10.2020 21:36",
            "open": "2.178",
            "high": "2.178",
            "low": "2.178",
            "close": "2.175"
        },
        {
            "time": "31.10.2020 21:37",
            "open": "2.175",
            "high": "2.175",
            "low": "2.175",
            "close": "2.175"
        },
        {
            "time": "31.10.2020 21:38",
            "open": "2.175",
            "high": "2.175",
            "low": "2.175",
            "close": "2.175"
        },
        {
            "time": "31.10.2020 21:43",
            "open": "2.175",
            "high": "2.175",
            "low": "2.172",
            "close": "2.165"
        },
        {
            "time": "31.10.2020 21:46",
            "open": "2.165",
            "high": "2.166",
            "low": "2.165",
            "close": "2.17"
        },
        {
            "time": "31.10.2020 21:50",
            "open": "2.17",
            "high": "2.17",
            "low": "2.17",
            "close": "2.17"
        },
        {
            "time": "31.10.2020 21:55",
            "open": "2.17",
            "high": "2.17",
            "low": "2.17",
            "close": "2.172"
        },
        {
            "time": "31.10.2020 21:57",
            "open": "2.172",
            "high": "2.172",
            "low": "2.169",
            "close": "2.169"
        },
        {
            "time": "31.10.2020 22:02",
            "open": "2.169",
            "high": "2.169",
            "low": "2.169",
            "close": "2.17"
        },
        {
            "time": "31.10.2020 22:08",
            "open": "2.17",
            "high": "2.17",
            "low": "2.17",
            "close": "2.171"
        },
        {
            "time": "31.10.2020 22:11",
            "open": "2.171",
            "high": "2.171",
            "low": "2.171",
            "close": "2.174"
        },
        {
            "time": "31.10.2020 22:14",
            "open": "2.174",
            "high": "2.174",
            "low": "2.174",
            "close": "2.171"
        },
        {
            "time": "31.10.2020 22:16",
            "open": "2.171",
            "high": "2.171",
            "low": "2.171",
            "close": "2.171"
        },
        {
            "time": "31.10.2020 22:17",
            "open": "2.171",
            "high": "2.171",
            "low": "2.171",
            "close": "2.174"
        },
        {
            "time": "31.10.2020 22:18",
            "open": "2.174",
            "high": "2.174",
            "low": "2.174",
            "close": "2.171"
        },
        {
            "time": "31.10.2020 22:19",
            "open": "2.171",
            "high": "2.171",
            "low": "2.171",
            "close": "2.17"
        },
        {
            "time": "31.10.2020 22:22",
            "open": "2.17",
            "high": "2.17",
            "low": "2.17",
            "close": "2.169"
        },
        {
            "time": "31.10.2020 22:28",
            "open": "2.169",
            "high": "2.169",
            "low": "2.169",
            "close": "2.169"
        },
        {
            "time": "31.10.2020 22:33",
            "open": "2.169",
            "high": "2.169",
            "low": "2.169",
            "close": "2.169"
        },
        {
            "time": "31.10.2020 22:40",
            "open": "2.169",
            "high": "2.169",
            "low": "2.168",
            "close": "2.168"
        },
        {
            "time": "31.10.2020 22:42",
            "open": "2.168",
            "high": "2.168",
            "low": "2.168",
            "close": "2.168"
        },
        {
            "time": "31.10.2020 22:45",
            "open": "2.168",
            "high": "2.168",
            "low": "2.168",
            "close": "2.168"
        },
        {
            "time": "31.10.2020 22:48",
            "open": "2.168",
            "high": "2.168",
            "low": "2.168",
            "close": "2.168"
        },
        {
            "time": "31.10.2020 22:49",
            "open": "2.168",
            "high": "2.168",
            "low": "2.168",
            "close": "2.168"
        },
        {
            "time": "31.10.2020 22:51",
            "open": "2.168",
            "high": "2.168",
            "low": "2.168",
            "close": "2.168"
        },
        {
            "time": "31.10.2020 22:54",
            "open": "2.168",
            "high": "2.168",
            "low": "2.168",
            "close": "2.168"
        },
        {
            "time": "31.10.2020 22:57",
            "open": "2.168",
            "high": "2.168",
            "low": "2.168",
            "close": "2.172"
        },
        {
            "time": "31.10.2020 22:59",
            "open": "2.172",
            "high": "2.172",
            "low": "2.169",
            "close": "2.169"
        },
        {
            "time": "31.10.2020 23:00",
            "open": "2.169",
            "high": "2.169",
            "low": "2.169",
            "close": "2.169"
        },
        {
            "time": "31.10.2020 23:01",
            "open": "2.169",
            "high": "2.169",
            "low": "2.169",
            "close": "2.169"
        },
        {
            "time": "31.10.2020 23:04",
            "open": "2.169",
            "high": "2.169",
            "low": "2.169",
            "close": "2.168"
        },
        {
            "time": "31.10.2020 23:07",
            "open": "2.168",
            "high": "2.168",
            "low": "2.168",
            "close": "2.168"
        },
        {
            "time": "31.10.2020 23:11",
            "open": "2.168",
            "high": "2.168",
            "low": "2.168",
            "close": "2.169"
        },
        {
            "time": "31.10.2020 23:13",
            "open": "2.169",
            "high": "2.169",
            "low": "2.169",
            "close": "2.17"
        },
        {
            "time": "31.10.2020 23:15",
            "open": "2.17",
            "high": "2.17",
            "low": "2.17",
            "close": "2.173"
        },
        {
            "time": "31.10.2020 23:20",
            "open": "2.173",
            "high": "2.173",
            "low": "2.173",
            "close": "2.173"
        },
        {
            "time": "31.10.2020 23:21",
            "open": "2.173",
            "high": "2.173",
            "low": "2.173",
            "close": "2.176"
        },
        {
            "time": "31.10.2020 23:24",
            "open": "2.176",
            "high": "2.176",
            "low": "2.176",
            "close": "2.173"
        },
        {
            "time": "31.10.2020 23:26",
            "open": "2.173",
            "high": "2.176",
            "low": "2.173",
            "close": "2.175"
        },
        {
            "time": "31.10.2020 23:28",
            "open": "2.175",
            "high": "2.175",
            "low": "2.173",
            "close": "2.175"
        },
        {
            "time": "31.10.2020 23:30",
            "open": "2.175",
            "high": "2.175",
            "low": "2.175",
            "close": "2.175"
        },
        {
            "time": "31.10.2020 23:33",
            "open": "2.175",
            "high": "2.175",
            "low": "2.173",
            "close": "2.174"
        },
        {
            "time": "31.10.2020 23:39",
            "open": "2.174",
            "high": "2.174",
            "low": "2.174",
            "close": "2.173"
        },
        {
            "time": "31.10.2020 23:41",
            "open": "2.173",
            "high": "2.178",
            "low": "2.173",
            "close": "2.175"
        },
        {
            "time": "31.10.2020 23:42",
            "open": "2.175",
            "high": "2.175",
            "low": "2.175",
            "close": "2.175"
        },
        {
            "time": "31.10.2020 23:45",
            "open": "2.175",
            "high": "2.179",
            "low": "2.175",
            "close": "2.178"
        },
        {
            "time": "31.10.2020 23:48",
            "open": "2.178",
            "high": "2.178",
            "low": "2.178",
            "close": "2.177"
        },
        {
            "time": "31.10.2020 23:51",
            "open": "2.177",
            "high": "2.177",
            "low": "2.177",
            "close": "2.177"
        }
    ]
}