{
    "EOS-EUR": [
        {
            "time": "29.10.2020 07:13",
            "open": "2.271",
            "high": "2.271",
            "low": "2.271",
            "close": "2.27"
        },
        {
            "time": "29.10.2020 07:20",
            "open": "2.27",
            "high": "2.27",
            "low": "2.27",
            "close": "2.27"
        },
        {
            "time": "29.10.2020 07:21",
            "open": "2.27",
            "high": "2.27",
            "low": "2.27",
            "close": "2.276"
        },
        {
            "time": "29.10.2020 07:43",
            "open": "2.276",
            "high": "2.276",
            "low": "2.276",
            "close": "2.275"
        },
        {
            "time": "29.10.2020 07:46",
            "open": "2.275",
            "high": "2.275",
            "low": "2.275",
            "close": "2.275"
        },
        {
            "time": "29.10.2020 08:00",
            "open": "2.275",
            "high": "2.275",
            "low": "2.275",
            "close": "2.282"
        },
        {
            "time": "29.10.2020 08:02",
            "open": "2.282",
            "high": "2.282",
            "low": "2.282",
            "close": "2.274"
        },
        {
            "time": "29.10.2020 08:10",
            "open": "2.274",
            "high": "2.274",
            "low": "2.274",
            "close": "2.275"
        },
        {
            "time": "29.10.2020 08:17",
            "open": "2.275",
            "high": "2.275",
            "low": "2.275",
            "close": "2.272"
        },
        {
            "time": "29.10.2020 08:23",
            "open": "2.272",
            "high": "2.272",
            "low": "2.272",
            "close": "2.272"
        },
        {
            "time": "29.10.2020 08:24",
            "open": "2.272",
            "high": "2.272",
            "low": "2.272",
            "close": "2.272"
        },
        {
            "time": "29.10.2020 08:25",
            "open": "2.272",
            "high": "2.272",
            "low": "2.272",
            "close": "2.274"
        },
        {
            "time": "29.10.2020 08:26",
            "open": "2.274",
            "high": "2.274",
            "low": "2.274",
            "close": "2.271"
        },
        {
            "time": "29.10.2020 08:30",
            "open": "2.271",
            "high": "2.271",
            "low": "2.27",
            "close": "2.271"
        },
        {
            "time": "29.10.2020 08:33",
            "open": "2.271",
            "high": "2.271",
            "low": "2.271",
            "close": "2.271"
        },
        {
            "time": "29.10.2020 08:37",
            "open": "2.271",
            "high": "2.271",
            "low": "2.271",
            "close": "2.268"
        },
        {
            "time": "29.10.2020 08:46",
            "open": "2.268",
            "high": "2.268",
            "low": "2.268",
            "close": "2.269"
        },
        {
            "time": "29.10.2020 08:50",
            "open": "2.269",
            "high": "2.269",
            "low": "2.269",
            "close": "2.265"
        },
        {
            "time": "29.10.2020 08:58",
            "open": "2.265",
            "high": "2.266",
            "low": "2.265",
            "close": "2.268"
        },
        {
            "time": "29.10.2020 09:21",
            "open": "2.268",
            "high": "2.268",
            "low": "2.268",
            "close": "2.271"
        },
        {
            "time": "29.10.2020 09:26",
            "open": "2.271",
            "high": "2.271",
            "low": "2.271",
            "close": "2.272"
        },
        {
            "time": "29.10.2020 09:30",
            "open": "2.272",
            "high": "2.272",
            "low": "2.272",
            "close": "2.272"
        },
        {
            "time": "29.10.2020 09:32",
            "open": "2.272",
            "high": "2.272",
            "low": "2.271",
            "close": "2.273"
        },
        {
            "time": "29.10.2020 09:33",
            "open": "2.273",
            "high": "2.273",
            "low": "2.273",
            "close": "2.272"
        },
        {
            "time": "29.10.2020 09:45",
            "open": "2.272",
            "high": "2.272",
            "low": "2.272",
            "close": "2.27"
        },
        {
            "time": "29.10.2020 09:47",
            "open": "2.27",
            "high": "2.27",
            "low": "2.27",
            "close": "2.271"
        },
        {
            "time": "29.10.2020 09:49",
            "open": "2.271",
            "high": "2.271",
            "low": "2.271",
            "close": "2.273"
        },
        {
            "time": "29.10.2020 09:50",
            "open": "2.273",
            "high": "2.273",
            "low": "2.273",
            "close": "2.271"
        },
        {
            "time": "29.10.2020 09:52",
            "open": "2.271",
            "high": "2.271",
            "low": "2.271",
            "close": "2.27"
        },
        {
            "time": "29.10.2020 09:53",
            "open": "2.27",
            "high": "2.27",
            "low": "2.27",
            "close": "2.271"
        },
        {
            "time": "29.10.2020 10:03",
            "open": "2.271",
            "high": "2.271",
            "low": "2.271",
            "close": "2.268"
        },
        {
            "time": "29.10.2020 10:07",
            "open": "2.268",
            "high": "2.268",
            "low": "2.268",
            "close": "2.27"
        },
        {
            "time": "29.10.2020 10:20",
            "open": "2.27",
            "high": "2.27",
            "low": "2.27",
            "close": "2.273"
        },
        {
            "time": "29.10.2020 10:25",
            "open": "2.273",
            "high": "2.273",
            "low": "2.269",
            "close": "2.268"
        },
        {
            "time": "29.10.2020 10:32",
            "open": "2.268",
            "high": "2.268",
            "low": "2.268",
            "close": "2.266"
        },
        {
            "time": "29.10.2020 10:37",
            "open": "2.266",
            "high": "2.266",
            "low": "2.266",
            "close": "2.263"
        },
        {
            "time": "29.10.2020 10:39",
            "open": "2.263",
            "high": "2.263",
            "low": "2.263",
            "close": "2.268"
        },
        {
            "time": "29.10.2020 10:41",
            "open": "2.268",
            "high": "2.268",
            "low": "2.268",
            "close": "2.264"
        },
        {
            "time": "29.10.2020 10:43",
            "open": "2.264",
            "high": "2.264",
            "low": "2.264",
            "close": "2.268"
        },
        {
            "time": "29.10.2020 10:45",
            "open": "2.268",
            "high": "2.268",
            "low": "2.268",
            "close": "2.27"
        },
        {
            "time": "29.10.2020 10:52",
            "open": "2.27",
            "high": "2.27",
            "low": "2.27",
            "close": "2.27"
        },
        {
            "time": "29.10.2020 10:56",
            "open": "2.27",
            "high": "2.27",
            "low": "2.27",
            "close": "2.269"
        },
        {
            "time": "29.10.2020 11:04",
            "open": "2.269",
            "high": "2.269",
            "low": "2.269",
            "close": "2.269"
        },
        {
            "time": "29.10.2020 11:05",
            "open": "2.269",
            "high": "2.269",
            "low": "2.269",
            "close": "2.271"
        },
        {
            "time": "29.10.2020 11:09",
            "open": "2.271",
            "high": "2.271",
            "low": "2.271",
            "close": "2.265"
        },
        {
            "time": "29.10.2020 11:13",
            "open": "2.265",
            "high": "2.265",
            "low": "2.265",
            "close": "2.267"
        },
        {
            "time": "29.10.2020 11:15",
            "open": "2.267",
            "high": "2.269",
            "low": "2.267",
            "close": "2.263"
        },
        {
            "time": "29.10.2020 11:19",
            "open": "2.263",
            "high": "2.266",
            "low": "2.263",
            "close": "2.259"
        },
        {
            "time": "29.10.2020 11:30",
            "open": "2.259",
            "high": "2.259",
            "low": "2.259",
            "close": "2.264"
        },
        {
            "time": "29.10.2020 11:32",
            "open": "2.264",
            "high": "2.264",
            "low": "2.264",
            "close": "2.263"
        },
        {
            "time": "29.10.2020 11:33",
            "open": "2.263",
            "high": "2.263",
            "low": "2.26",
            "close": "2.258"
        },
        {
            "time": "29.10.2020 11:37",
            "open": "2.258",
            "high": "2.258",
            "low": "2.258",
            "close": "2.257"
        },
        {
            "time": "29.10.2020 11:39",
            "open": "2.257",
            "high": "2.257",
            "low": "2.257",
            "close": "2.255"
        },
        {
            "time": "29.10.2020 11:40",
            "open": "2.255",
            "high": "2.255",
            "low": "2.254",
            "close": "2.254"
        },
        {
            "time": "29.10.2020 11:41",
            "open": "2.254",
            "high": "2.254",
            "low": "2.254",
            "close": "2.253"
        },
        {
            "time": "29.10.2020 11:42",
            "open": "2.253",
            "high": "2.253",
            "low": "2.253",
            "close": "2.252"
        },
        {
            "time": "29.10.2020 11:50",
            "open": "2.252",
            "high": "2.252",
            "low": "2.252",
            "close": "2.254"
        },
        {
            "time": "29.10.2020 11:55",
            "open": "2.254",
            "high": "2.254",
            "low": "2.254",
            "close": "2.255"
        },
        {
            "time": "29.10.2020 11:57",
            "open": "2.255",
            "high": "2.255",
            "low": "2.255",
            "close": "2.251"
        },
        {
            "time": "29.10.2020 12:02",
            "open": "2.251",
            "high": "2.251",
            "low": "2.251",
            "close": "2.25"
        },
        {
            "time": "29.10.2020 12:03",
            "open": "2.25",
            "high": "2.25",
            "low": "2.25",
            "close": "2.255"
        },
        {
            "time": "29.10.2020 12:07",
            "open": "2.255",
            "high": "2.255",
            "low": "2.255",
            "close": "2.26"
        },
        {
            "time": "29.10.2020 12:08",
            "open": "2.26",
            "high": "2.26",
            "low": "2.26",
            "close": "2.259"
        },
        {
            "time": "29.10.2020 12:16",
            "open": "2.259",
            "high": "2.259",
            "low": "2.259",
            "close": "2.254"
        },
        {
            "time": "29.10.2020 12:24",
            "open": "2.254",
            "high": "2.254",
            "low": "2.254",
            "close": "2.254"
        },
        {
            "time": "29.10.2020 12:28",
            "open": "2.254",
            "high": "2.258",
            "low": "2.254",
            "close": "2.259"
        },
        {
            "time": "29.10.2020 12:31",
            "open": "2.259",
            "high": "2.259",
            "low": "2.259",
            "close": "2.26"
        },
        {
            "time": "29.10.2020 12:33",
            "open": "2.26",
            "high": "2.26",
            "low": "2.26",
            "close": "2.256"
        },
        {
            "time": "29.10.2020 12:43",
            "open": "2.256",
            "high": "2.256",
            "low": "2.256",
            "close": "2.258"
        },
        {
            "time": "29.10.2020 12:44",
            "open": "2.258",
            "high": "2.258",
            "low": "2.258",
            "close": "2.255"
        },
        {
            "time": "29.10.2020 12:46",
            "open": "2.255",
            "high": "2.255",
            "low": "2.255",
            "close": "2.257"
        },
        {
            "time": "29.10.2020 12:51",
            "open": "2.257",
            "high": "2.257",
            "low": "2.257",
            "close": "2.256"
        },
        {
            "time": "29.10.2020 12:52",
            "open": "2.256",
            "high": "2.256",
            "low": "2.256",
            "close": "2.257"
        },
        {
            "time": "29.10.2020 12:54",
            "open": "2.259",
            "high": "2.259",
            "low": "2.259",
            "close": "2.255"
        },
        {
            "time": "29.10.2020 12:59",
            "open": "2.255",
            "high": "2.255",
            "low": "2.25",
            "close": "2.254"
        },
        {
            "time": "29.10.2020 13:01",
            "open": "2.254",
            "high": "2.254",
            "low": "2.254",
            "close": "2.25"
        },
        {
            "time": "29.10.2020 13:06",
            "open": "2.25",
            "high": "2.25",
            "low": "2.25",
            "close": "2.251"
        },
        {
            "time": "29.10.2020 13:11",
            "open": "2.251",
            "high": "2.251",
            "low": "2.248",
            "close": "2.253"
        },
        {
            "time": "29.10.2020 13:16",
            "open": "2.253",
            "high": "2.253",
            "low": "2.253",
            "close": "2.248"
        },
        {
            "time": "29.10.2020 13:18",
            "open": "2.248",
            "high": "2.248",
            "low": "2.248",
            "close": "2.249"
        },
        {
            "time": "29.10.2020 13:19",
            "open": "2.249",
            "high": "2.25",
            "low": "2.249",
            "close": "2.247"
        },
        {
            "time": "29.10.2020 13:21",
            "open": "2.247",
            "high": "2.247",
            "low": "2.247",
            "close": "2.245"
        },
        {
            "time": "29.10.2020 13:22",
            "open": "2.245",
            "high": "2.245",
            "low": "2.245",
            "close": "2.244"
        },
        {
            "time": "29.10.2020 13:25",
            "open": "2.244",
            "high": "2.244",
            "low": "2.239",
            "close": "2.242"
        },
        {
            "time": "29.10.2020 13:26",
            "open": "2.242",
            "high": "2.242",
            "low": "2.242",
            "close": "2.238"
        },
        {
            "time": "29.10.2020 13:27",
            "open": "2.238",
            "high": "2.238",
            "low": "2.234",
            "close": "2.234"
        },
        {
            "time": "29.10.2020 13:28",
            "open": "2.234",
            "high": "2.235",
            "low": "2.227",
            "close": "2.232"
        },
        {
            "time": "29.10.2020 13:29",
            "open": "2.232",
            "high": "2.232",
            "low": "2.232",
            "close": "2.231"
        },
        {
            "time": "29.10.2020 13:30",
            "open": "2.231",
            "high": "2.231",
            "low": "2.231",
            "close": "2.23"
        },
        {
            "time": "29.10.2020 13:31",
            "open": "2.23",
            "high": "2.23",
            "low": "2.23",
            "close": "2.242"
        },
        {
            "time": "29.10.2020 13:33",
            "open": "2.242",
            "high": "2.242",
            "low": "2.242",
            "close": "2.243"
        },
        {
            "time": "29.10.2020 13:35",
            "open": "2.243",
            "high": "2.243",
            "low": "2.243",
            "close": "2.245"
        },
        {
            "time": "29.10.2020 13:37",
            "open": "2.245",
            "high": "2.247",
            "low": "2.245",
            "close": "2.247"
        },
        {
            "time": "29.10.2020 13:39",
            "open": "2.247",
            "high": "2.25",
            "low": "2.247",
            "close": "2.253"
        },
        {
            "time": "29.10.2020 13:41",
            "open": "2.253",
            "high": "2.253",
            "low": "2.253",
            "close": "2.253"
        },
        {
            "time": "29.10.2020 13:43",
            "open": "2.253",
            "high": "2.253",
            "low": "2.251",
            "close": "2.25"
        },
        {
            "time": "29.10.2020 13:44",
            "open": "2.25",
            "high": "2.25",
            "low": "2.25",
            "close": "2.248"
        },
        {
            "time": "29.10.2020 13:46",
            "open": "2.248",
            "high": "2.248",
            "low": "2.248",
            "close": "2.248"
        },
        {
            "time": "29.10.2020 13:47",
            "open": "2.248",
            "high": "2.248",
            "low": "2.246",
            "close": "2.253"
        },
        {
            "time": "29.10.2020 13:51",
            "open": "2.253",
            "high": "2.253",
            "low": "2.249",
            "close": "2.252"
        },
        {
            "time": "29.10.2020 13:52",
            "open": "2.252",
            "high": "2.253",
            "low": "2.252",
            "close": "2.25"
        },
        {
            "time": "29.10.2020 13:54",
            "open": "2.25",
            "high": "2.25",
            "low": "2.25",
            "close": "2.254"
        },
        {
            "time": "29.10.2020 13:55",
            "open": "2.254",
            "high": "2.254",
            "low": "2.254",
            "close": "2.252"
        },
        {
            "time": "29.10.2020 13:56",
            "open": "2.252",
            "high": "2.252",
            "low": "2.252",
            "close": "2.248"
        },
        {
            "time": "29.10.2020 14:03",
            "open": "2.248",
            "high": "2.248",
            "low": "2.248",
            "close": "2.254"
        },
        {
            "time": "29.10.2020 14:04",
            "open": "2.254",
            "high": "2.254",
            "low": "2.254",
            "close": "2.254"
        },
        {
            "time": "29.10.2020 14:07",
            "open": "2.254",
            "high": "2.254",
            "low": "2.254",
            "close": "2.253"
        },
        {
            "time": "29.10.2020 14:09",
            "open": "2.253",
            "high": "2.253",
            "low": "2.252",
            "close": "2.251"
        },
        {
            "time": "29.10.2020 14:14",
            "open": "2.251",
            "high": "2.251",
            "low": "2.251",
            "close": "2.248"
        },
        {
            "time": "29.10.2020 14:22",
            "open": "2.248",
            "high": "2.248",
            "low": "2.248",
            "close": "2.248"
        },
        {
            "time": "29.10.2020 14:25",
            "open": "2.248",
            "high": "2.248",
            "low": "2.248",
            "close": "2.254"
        },
        {
            "time": "29.10.2020 14:31",
            "open": "2.254",
            "high": "2.254",
            "low": "2.254",
            "close": "2.255"
        },
        {
            "time": "29.10.2020 14:33",
            "open": "2.255",
            "high": "2.258",
            "low": "2.255",
            "close": "2.259"
        },
        {
            "time": "29.10.2020 14:34",
            "open": "2.259",
            "high": "2.26",
            "low": "2.259",
            "close": "2.258"
        },
        {
            "time": "29.10.2020 14:47",
            "open": "2.258",
            "high": "2.258",
            "low": "2.258",
            "close": "2.256"
        },
        {
            "time": "29.10.2020 14:48",
            "open": "2.256",
            "high": "2.257",
            "low": "2.256",
            "close": "2.26"
        },
        {
            "time": "29.10.2020 14:50",
            "open": "2.26",
            "high": "2.26",
            "low": "2.26",
            "close": "2.261"
        },
        {
            "time": "29.10.2020 14:53",
            "open": "2.261",
            "high": "2.262",
            "low": "2.259",
            "close": "2.26"
        },
        {
            "time": "29.10.2020 14:55",
            "open": "2.26",
            "high": "2.26",
            "low": "2.26",
            "close": "2.26"
        },
        {
            "time": "29.10.2020 15:01",
            "open": "2.26",
            "high": "2.26",
            "low": "2.257",
            "close": "2.261"
        },
        {
            "time": "29.10.2020 15:04",
            "open": "2.261",
            "high": "2.261",
            "low": "2.261",
            "close": "2.263"
        },
        {
            "time": "29.10.2020 15:17",
            "open": "2.263",
            "high": "2.263",
            "low": "2.263",
            "close": "2.264"
        },
        {
            "time": "29.10.2020 15:18",
            "open": "2.264",
            "high": "2.265",
            "low": "2.264",
            "close": "2.266"
        },
        {
            "time": "29.10.2020 15:19",
            "open": "2.266",
            "high": "2.266",
            "low": "2.266",
            "close": "2.267"
        },
        {
            "time": "29.10.2020 15:20",
            "open": "2.267",
            "high": "2.267",
            "low": "2.267",
            "close": "2.268"
        },
        {
            "time": "29.10.2020 15:21",
            "open": "2.268",
            "high": "2.268",
            "low": "2.268",
            "close": "2.269"
        },
        {
            "time": "29.10.2020 15:23",
            "open": "2.269",
            "high": "2.269",
            "low": "2.269",
            "close": "2.271"
        },
        {
            "time": "29.10.2020 15:24",
            "open": "2.271",
            "high": "2.272",
            "low": "2.271",
            "close": "2.272"
        },
        {
            "time": "29.10.2020 15:28",
            "open": "2.272",
            "high": "2.272",
            "low": "2.272",
            "close": "2.267"
        },
        {
            "time": "29.10.2020 15:40",
            "open": "2.267",
            "high": "2.267",
            "low": "2.267",
            "close": "2.269"
        },
        {
            "time": "29.10.2020 15:44",
            "open": "2.269",
            "high": "2.269",
            "low": "2.269",
            "close": "2.272"
        },
        {
            "time": "29.10.2020 15:48",
            "open": "2.272",
            "high": "2.272",
            "low": "2.272",
            "close": "2.271"
        },
        {
            "time": "29.10.2020 15:54",
            "open": "2.271",
            "high": "2.271",
            "low": "2.269",
            "close": "2.269"
        },
        {
            "time": "29.10.2020 16:00",
            "open": "2.269",
            "high": "2.269",
            "low": "2.269",
            "close": "2.268"
        },
        {
            "time": "29.10.2020 16:02",
            "open": "2.268",
            "high": "2.268",
            "low": "2.268",
            "close": "2.268"
        },
        {
            "time": "29.10.2020 16:03",
            "open": "2.268",
            "high": "2.268",
            "low": "2.268",
            "close": "2.272"
        },
        {
            "time": "29.10.2020 16:06",
            "open": "2.272",
            "high": "2.272",
            "low": "2.272",
            "close": "2.271"
        },
        {
            "time": "29.10.2020 16:12",
            "open": "2.271",
            "high": "2.271",
            "low": "2.271",
            "close": "2.269"
        },
        {
            "time": "29.10.2020 16:13",
            "open": "2.269",
            "high": "2.269",
            "low": "2.269",
            "close": "2.277"
        },
        {
            "time": "29.10.2020 16:17",
            "open": "2.277",
            "high": "2.277",
            "low": "2.277",
            "close": "2.273"
        },
        {
            "time": "29.10.2020 16:19",
            "open": "2.273",
            "high": "2.273",
            "low": "2.273",
            "close": "2.274"
        },
        {
            "time": "29.10.2020 16:20",
            "open": "2.274",
            "high": "2.274",
            "low": "2.274",
            "close": "2.282"
        },
        {
            "time": "29.10.2020 16:22",
            "open": "2.282",
            "high": "2.286",
            "low": "2.282",
            "close": "2.28"
        },
        {
            "time": "29.10.2020 16:25",
            "open": "2.28",
            "high": "2.28",
            "low": "2.279",
            "close": "2.283"
        },
        {
            "time": "29.10.2020 16:29",
            "open": "2.283",
            "high": "2.284",
            "low": "2.283",
            "close": "2.279"
        },
        {
            "time": "29.10.2020 16:30",
            "open": "2.279",
            "high": "2.279",
            "low": "2.279",
            "close": "2.278"
        },
        {
            "time": "29.10.2020 16:31",
            "open": "2.278",
            "high": "2.278",
            "low": "2.278",
            "close": "2.281"
        },
        {
            "time": "29.10.2020 16:32",
            "open": "2.281",
            "high": "2.281",
            "low": "2.277",
            "close": "2.28"
        },
        {
            "time": "29.10.2020 16:33",
            "open": "2.28",
            "high": "2.28",
            "low": "2.277",
            "close": "2.279"
        },
        {
            "time": "29.10.2020 16:41",
            "open": "2.279",
            "high": "2.279",
            "low": "2.279",
            "close": "2.275"
        },
        {
            "time": "29.10.2020 16:44",
            "open": "2.275",
            "high": "2.275",
            "low": "2.275",
            "close": "2.276"
        },
        {
            "time": "29.10.2020 16:45",
            "open": "2.276",
            "high": "2.28",
            "low": "2.276",
            "close": "2.277"
        },
        {
            "time": "29.10.2020 16:50",
            "open": "2.277",
            "high": "2.277",
            "low": "2.276",
            "close": "2.282"
        },
        {
            "time": "29.10.2020 16:51",
            "open": "2.282",
            "high": "2.283",
            "low": "2.282",
            "close": "2.282"
        },
        {
            "time": "29.10.2020 16:53",
            "open": "2.282",
            "high": "2.282",
            "low": "2.282",
            "close": "2.281"
        },
        {
            "time": "29.10.2020 16:58",
            "open": "2.281",
            "high": "2.281",
            "low": "2.281",
            "close": "2.279"
        },
        {
            "time": "29.10.2020 17:00",
            "open": "2.279",
            "high": "2.281",
            "low": "2.279",
            "close": "2.275"
        },
        {
            "time": "29.10.2020 17:02",
            "open": "2.275",
            "high": "2.275",
            "low": "2.275",
            "close": "2.277"
        },
        {
            "time": "29.10.2020 17:04",
            "open": "2.277",
            "high": "2.277",
            "low": "2.277",
            "close": "2.278"
        },
        {
            "time": "29.10.2020 17:08",
            "open": "2.278",
            "high": "2.278",
            "low": "2.278",
            "close": "2.276"
        },
        {
            "time": "29.10.2020 17:11",
            "open": "2.276",
            "high": "2.276",
            "low": "2.273",
            "close": "2.279"
        },
        {
            "time": "29.10.2020 17:19",
            "open": "2.279",
            "high": "2.279",
            "low": "2.276",
            "close": "2.275"
        },
        {
            "time": "29.10.2020 17:22",
            "open": "2.275",
            "high": "2.275",
            "low": "2.275",
            "close": "2.274"
        },
        {
            "time": "29.10.2020 17:24",
            "open": "2.274",
            "high": "2.275",
            "low": "2.274",
            "close": "2.272"
        },
        {
            "time": "29.10.2020 17:25",
            "open": "2.272",
            "high": "2.272",
            "low": "2.272",
            "close": "2.277"
        },
        {
            "time": "29.10.2020 17:34",
            "open": "2.277",
            "high": "2.277",
            "low": "2.276",
            "close": "2.28"
        },
        {
            "time": "29.10.2020 17:41",
            "open": "2.28",
            "high": "2.28",
            "low": "2.28",
            "close": "2.279"
        },
        {
            "time": "29.10.2020 17:43",
            "open": "2.279",
            "high": "2.279",
            "low": "2.276",
            "close": "2.281"
        },
        {
            "time": "29.10.2020 17:48",
            "open": "2.281",
            "high": "2.281",
            "low": "2.281",
            "close": "2.277"
        },
        {
            "time": "29.10.2020 17:49",
            "open": "2.277",
            "high": "2.277",
            "low": "2.277",
            "close": "2.278"
        },
        {
            "time": "29.10.2020 17:58",
            "open": "2.278",
            "high": "2.278",
            "low": "2.278",
            "close": "2.278"
        },
        {
            "time": "29.10.2020 18:04",
            "open": "2.278",
            "high": "2.278",
            "low": "2.278",
            "close": "2.28"
        },
        {
            "time": "29.10.2020 18:05",
            "open": "2.28",
            "high": "2.28",
            "low": "2.28",
            "close": "2.28"
        },
        {
            "time": "29.10.2020 18:06",
            "open": "2.28",
            "high": "2.28",
            "low": "2.28",
            "close": "2.279"
        },
        {
            "time": "29.10.2020 18:07",
            "open": "2.279",
            "high": "2.279",
            "low": "2.279",
            "close": "2.277"
        },
        {
            "time": "29.10.2020 18:09",
            "open": "2.277",
            "high": "2.277",
            "low": "2.274",
            "close": "2.276"
        },
        {
            "time": "29.10.2020 18:15",
            "open": "2.276",
            "high": "2.276",
            "low": "2.276",
            "close": "2.275"
        },
        {
            "time": "29.10.2020 18:16",
            "open": "2.275",
            "high": "2.275",
            "low": "2.273",
            "close": "2.273"
        },
        {
            "time": "29.10.2020 18:18",
            "open": "2.273",
            "high": "2.273",
            "low": "2.273",
            "close": "2.27"
        },
        {
            "time": "29.10.2020 18:26",
            "open": "2.27",
            "high": "2.27",
            "low": "2.27",
            "close": "2.274"
        },
        {
            "time": "29.10.2020 18:35",
            "open": "2.274",
            "high": "2.274",
            "low": "2.273",
            "close": "2.273"
        },
        {
            "time": "29.10.2020 18:39",
            "open": "2.273",
            "high": "2.273",
            "low": "2.273",
            "close": "2.277"
        },
        {
            "time": "29.10.2020 18:42",
            "open": "2.277",
            "high": "2.277",
            "low": "2.277",
            "close": "2.273"
        },
        {
            "time": "29.10.2020 18:47",
            "open": "2.273",
            "high": "2.273",
            "low": "2.273",
            "close": "2.269"
        },
        {
            "time": "29.10.2020 18:48",
            "open": "2.269",
            "high": "2.269",
            "low": "2.269",
            "close": "2.27"
        },
        {
            "time": "29.10.2020 18:58",
            "open": "2.27",
            "high": "2.27",
            "low": "2.27",
            "close": "2.27"
        },
        {
            "time": "29.10.2020 18:59",
            "open": "2.27",
            "high": "2.27",
            "low": "2.27",
            "close": "2.27"
        },
        {
            "time": "29.10.2020 19:06",
            "open": "2.27",
            "high": "2.27",
            "low": "2.27",
            "close": "2.273"
        },
        {
            "time": "29.10.2020 19:07",
            "open": "2.273",
            "high": "2.273",
            "low": "2.272",
            "close": "2.266"
        },
        {
            "time": "29.10.2020 19:15",
            "open": "2.266",
            "high": "2.266",
            "low": "2.266",
            "close": "2.266"
        },
        {
            "time": "29.10.2020 19:16",
            "open": "2.266",
            "high": "2.266",
            "low": "2.266",
            "close": "2.265"
        },
        {
            "time": "29.10.2020 19:18",
            "open": "2.265",
            "high": "2.265",
            "low": "2.265",
            "close": "2.264"
        },
        {
            "time": "29.10.2020 19:21",
            "open": "2.264",
            "high": "2.264",
            "low": "2.264",
            "close": "2.263"
        },
        {
            "time": "29.10.2020 19:28",
            "open": "2.263",
            "high": "2.263",
            "low": "2.263",
            "close": "2.263"
        },
        {
            "time": "29.10.2020 19:30",
            "open": "2.263",
            "high": "2.264",
            "low": "2.263",
            "close": "2.263"
        },
        {
            "time": "29.10.2020 19:45",
            "open": "2.263",
            "high": "2.263",
            "low": "2.262",
            "close": "2.264"
        },
        {
            "time": "29.10.2020 19:47",
            "open": "2.264",
            "high": "2.264",
            "low": "2.263",
            "close": "2.263"
        },
        {
            "time": "29.10.2020 19:48",
            "open": "2.263",
            "high": "2.263",
            "low": "2.263",
            "close": "2.265"
        },
        {
            "time": "29.10.2020 20:00",
            "open": "2.265",
            "high": "2.265",
            "low": "2.263",
            "close": "2.264"
        },
        {
            "time": "29.10.2020 20:06",
            "open": "2.264",
            "high": "2.264",
            "low": "2.264",
            "close": "2.263"
        },
        {
            "time": "29.10.2020 20:07",
            "open": "2.263",
            "high": "2.263",
            "low": "2.263",
            "close": "2.263"
        },
        {
            "time": "29.10.2020 20:09",
            "open": "2.263",
            "high": "2.263",
            "low": "2.261",
            "close": "2.262"
        },
        {
            "time": "29.10.2020 20:11",
            "open": "2.262",
            "high": "2.264",
            "low": "2.262",
            "close": "2.263"
        },
        {
            "time": "29.10.2020 20:12",
            "open": "2.263",
            "high": "2.263",
            "low": "2.263",
            "close": "2.261"
        },
        {
            "time": "29.10.2020 20:16",
            "open": "2.261",
            "high": "2.261",
            "low": "2.258",
            "close": "2.257"
        },
        {
            "time": "29.10.2020 20:17",
            "open": "2.257",
            "high": "2.257",
            "low": "2.257",
            "close": "2.261"
        },
        {
            "time": "29.10.2020 20:26",
            "open": "2.261",
            "high": "2.261",
            "low": "2.261",
            "close": "2.257"
        },
        {
            "time": "29.10.2020 20:29",
            "open": "2.257",
            "high": "2.257",
            "low": "2.257",
            "close": "2.257"
        },
        {
            "time": "29.10.2020 20:42",
            "open": "2.257",
            "high": "2.257",
            "low": "2.257",
            "close": "2.259"
        },
        {
            "time": "29.10.2020 20:47",
            "open": "2.259",
            "high": "2.259",
            "low": "2.259",
            "close": "2.257"
        },
        {
            "time": "29.10.2020 20:52",
            "open": "2.257",
            "high": "2.257",
            "low": "2.257",
            "close": "2.257"
        },
        {
            "time": "29.10.2020 20:53",
            "open": "2.257",
            "high": "2.257",
            "low": "2.257",
            "close": "2.257"
        },
        {
            "time": "29.10.2020 20:56",
            "open": "2.257",
            "high": "2.257",
            "low": "2.257",
            "close": "2.258"
        },
        {
            "time": "29.10.2020 20:58",
            "open": "2.258",
            "high": "2.258",
            "low": "2.258",
            "close": "2.257"
        },
        {
            "time": "29.10.2020 20:59",
            "open": "2.257",
            "high": "2.257",
            "low": "2.257",
            "close": "2.255"
        },
        {
            "time": "29.10.2020 21:00",
            "open": "2.255",
            "high": "2.255",
            "low": "2.255",
            "close": "2.259"
        },
        {
            "time": "29.10.2020 21:14",
            "open": "2.259",
            "high": "2.26",
            "low": "2.259",
            "close": "2.259"
        },
        {
            "time": "29.10.2020 21:25",
            "open": "2.259",
            "high": "2.259",
            "low": "2.259",
            "close": "2.256"
        },
        {
            "time": "29.10.2020 21:33",
            "open": "2.256",
            "high": "2.256",
            "low": "2.256",
            "close": "2.255"
        },
        {
            "time": "29.10.2020 21:34",
            "open": "2.255",
            "high": "2.255",
            "low": "2.255",
            "close": "2.255"
        },
        {
            "time": "29.10.2020 21:36",
            "open": "2.255",
            "high": "2.255",
            "low": "2.255",
            "close": "2.259"
        },
        {
            "time": "29.10.2020 21:39",
            "open": "2.259",
            "high": "2.259",
            "low": "2.259",
            "close": "2.256"
        },
        {
            "time": "29.10.2020 21:40",
            "open": "2.256",
            "high": "2.256",
            "low": "2.256",
            "close": "2.26"
        },
        {
            "time": "29.10.2020 21:41",
            "open": "2.26",
            "high": "2.26",
            "low": "2.26",
            "close": "2.259"
        },
        {
            "time": "29.10.2020 21:44",
            "open": "2.259",
            "high": "2.259",
            "low": "2.257",
            "close": "2.256"
        },
        {
            "time": "29.10.2020 21:46",
            "open": "2.256",
            "high": "2.256",
            "low": "2.256",
            "close": "2.255"
        },
        {
            "time": "29.10.2020 21:49",
            "open": "2.255",
            "high": "2.255",
            "low": "2.255",
            "close": "2.259"
        },
        {
            "time": "29.10.2020 21:57",
            "open": "2.259",
            "high": "2.259",
            "low": "2.259",
            "close": "2.258"
        },
        {
            "time": "29.10.2020 22:03",
            "open": "2.258",
            "high": "2.258",
            "low": "2.258",
            "close": "2.254"
        },
        {
            "time": "29.10.2020 22:05",
            "open": "2.254",
            "high": "2.254",
            "low": "2.254",
            "close": "2.255"
        },
        {
            "time": "29.10.2020 22:08",
            "open": "2.255",
            "high": "2.255",
            "low": "2.255",
            "close": "2.258"
        },
        {
            "time": "29.10.2020 22:09",
            "open": "2.258",
            "high": "2.258",
            "low": "2.258",
            "close": "2.258"
        },
        {
            "time": "29.10.2020 22:21",
            "open": "2.258",
            "high": "2.258",
            "low": "2.258",
            "close": "2.256"
        },
        {
            "time": "29.10.2020 22:38",
            "open": "2.256",
            "high": "2.256",
            "low": "2.254",
            "close": "2.254"
        },
        {
            "time": "29.10.2020 22:48",
            "open": "2.254",
            "high": "2.254",
            "low": "2.254",
            "close": "2.257"
        },
        {
            "time": "29.10.2020 22:52",
            "open": "2.257",
            "high": "2.26",
            "low": "2.257",
            "close": "2.255"
        },
        {
            "time": "29.10.2020 23:07",
            "open": "2.255",
            "high": "2.255",
            "low": "2.255",
            "close": "2.255"
        },
        {
            "time": "29.10.2020 23:08",
            "open": "2.255",
            "high": "2.255",
            "low": "2.255",
            "close": "2.257"
        },
        {
            "time": "29.10.2020 23:16",
            "open": "2.257",
            "high": "2.258",
            "low": "2.257",
            "close": "2.254"
        },
        {
            "time": "29.10.2020 23:17",
            "open": "2.254",
            "high": "2.254",
            "low": "2.254",
            "close": "2.252"
        },
        {
            "time": "29.10.2020 23:31",
            "open": "2.252",
            "high": "2.252",
            "low": "2.252",
            "close": "2.254"
        },
        {
            "time": "29.10.2020 23:33",
            "open": "2.254",
            "high": "2.254",
            "low": "2.254",
            "close": "2.255"
        },
        {
            "time": "29.10.2020 23:35",
            "open": "2.255",
            "high": "2.255",
            "low": "2.255",
            "close": "2.255"
        },
        {
            "time": "29.10.2020 23:45",
            "open": "2.255",
            "high": "2.257",
            "low": "2.255",
            "close": "2.258"
        },
        {
            "time": "29.10.2020 23:47",
            "open": "2.258",
            "high": "2.258",
            "low": "2.258",
            "close": "2.254"
        },
        {
            "time": "29.10.2020 23:48",
            "open": "2.254",
            "high": "2.254",
            "low": "2.254",
            "close": "2.252"
        },
        {
            "time": "29.10.2020 23:50",
            "open": "2.252",
            "high": "2.252",
            "low": "2.251",
            "close": "2.253"
        }
    ]
}