{
    "EOS-EUR": [
        {
            "time": "12.12.2020 23:52",
            "open": "2.3",
            "high": "2.3",
            "low": "2.3",
            "close": "2.3"
        },
        {
            "time": "13.12.2020 00:00",
            "open": "2.3",
            "high": "2.304",
            "low": "2.3",
            "close": "2.299"
        },
        {
            "time": "13.12.2020 00:03",
            "open": "2.299",
            "high": "2.299",
            "low": "2.299",
            "close": "2.297"
        },
        {
            "time": "13.12.2020 00:07",
            "open": "2.297",
            "high": "2.298",
            "low": "2.297",
            "close": "2.297"
        },
        {
            "time": "13.12.2020 00:10",
            "open": "2.297",
            "high": "2.297",
            "low": "2.297",
            "close": "2.297"
        },
        {
            "time": "13.12.2020 00:15",
            "open": "2.297",
            "high": "2.297",
            "low": "2.297",
            "close": "2.297"
        },
        {
            "time": "13.12.2020 00:21",
            "open": "2.297",
            "high": "2.297",
            "low": "2.297",
            "close": "2.294"
        },
        {
            "time": "13.12.2020 00:23",
            "open": "2.294",
            "high": "2.294",
            "low": "2.294",
            "close": "2.292"
        },
        {
            "time": "13.12.2020 00:25",
            "open": "2.292",
            "high": "2.292",
            "low": "2.292",
            "close": "2.295"
        },
        {
            "time": "13.12.2020 00:29",
            "open": "2.295",
            "high": "2.295",
            "low": "2.295",
            "close": "2.296"
        },
        {
            "time": "13.12.2020 00:30",
            "open": "2.296",
            "high": "2.296",
            "low": "2.296",
            "close": "2.292"
        },
        {
            "time": "13.12.2020 00:34",
            "open": "2.292",
            "high": "2.292",
            "low": "2.292",
            "close": "2.292"
        },
        {
            "time": "13.12.2020 00:37",
            "open": "2.292",
            "high": "2.292",
            "low": "2.292",
            "close": "2.292"
        },
        {
            "time": "13.12.2020 00:42",
            "open": "2.292",
            "high": "2.292",
            "low": "2.292",
            "close": "2.289"
        },
        {
            "time": "13.12.2020 00:43",
            "open": "2.289",
            "high": "2.289",
            "low": "2.289",
            "close": "2.291"
        },
        {
            "time": "13.12.2020 00:46",
            "open": "2.291",
            "high": "2.291",
            "low": "2.291",
            "close": "2.294"
        },
        {
            "time": "13.12.2020 01:06",
            "open": "2.294",
            "high": "2.294",
            "low": "2.294",
            "close": "2.296"
        },
        {
            "time": "13.12.2020 01:10",
            "open": "2.296",
            "high": "2.296",
            "low": "2.296",
            "close": "2.277"
        },
        {
            "time": "13.12.2020 01:45",
            "open": "2.277",
            "high": "2.277",
            "low": "2.277",
            "close": "2.278"
        },
        {
            "time": "13.12.2020 01:47",
            "open": "2.278",
            "high": "2.278",
            "low": "2.278",
            "close": "2.278"
        },
        {
            "time": "13.12.2020 01:58",
            "open": "2.278",
            "high": "2.278",
            "low": "2.278",
            "close": "2.276"
        },
        {
            "time": "13.12.2020 02:01",
            "open": "2.276",
            "high": "2.276",
            "low": "2.275",
            "close": "2.284"
        },
        {
            "time": "13.12.2020 02:10",
            "open": "2.284",
            "high": "2.284",
            "low": "2.284",
            "close": "2.278"
        },
        {
            "time": "13.12.2020 02:16",
            "open": "2.278",
            "high": "2.278",
            "low": "2.278",
            "close": "2.281"
        },
        {
            "time": "13.12.2020 02:30",
            "open": "2.282",
            "high": "2.282",
            "low": "2.282",
            "close": "2.282"
        },
        {
            "time": "13.12.2020 02:45",
            "open": "2.282",
            "high": "2.282",
            "low": "2.282",
            "close": "2.28"
        },
        {
            "time": "13.12.2020 02:56",
            "open": "2.28",
            "high": "2.281",
            "low": "2.28",
            "close": "2.278"
        },
        {
            "time": "13.12.2020 03:02",
            "open": "2.278",
            "high": "2.278",
            "low": "2.278",
            "close": "2.281"
        },
        {
            "time": "13.12.2020 03:07",
            "open": "2.281",
            "high": "2.281",
            "low": "2.281",
            "close": "2.278"
        },
        {
            "time": "13.12.2020 03:19",
            "open": "2.278",
            "high": "2.278",
            "low": "2.278",
            "close": "2.28"
        },
        {
            "time": "13.12.2020 03:20",
            "open": "2.28",
            "high": "2.28",
            "low": "2.28",
            "close": "2.282"
        },
        {
            "time": "13.12.2020 03:23",
            "open": "2.282",
            "high": "2.282",
            "low": "2.282",
            "close": "2.283"
        },
        {
            "time": "13.12.2020 04:00",
            "open": "2.283",
            "high": "2.283",
            "low": "2.283",
            "close": "2.283"
        },
        {
            "time": "13.12.2020 04:01",
            "open": "2.283",
            "high": "2.283",
            "low": "2.283",
            "close": "2.282"
        },
        {
            "time": "13.12.2020 04:11",
            "open": "2.282",
            "high": "2.282",
            "low": "2.282",
            "close": "2.284"
        },
        {
            "time": "13.12.2020 04:17",
            "open": "2.284",
            "high": "2.284",
            "low": "2.284",
            "close": "2.279"
        },
        {
            "time": "13.12.2020 04:35",
            "open": "2.279",
            "high": "2.279",
            "low": "2.279",
            "close": "2.279"
        },
        {
            "time": "13.12.2020 04:36",
            "open": "2.279",
            "high": "2.279",
            "low": "2.278",
            "close": "2.283"
        },
        {
            "time": "13.12.2020 05:04",
            "open": "2.283",
            "high": "2.283",
            "low": "2.283",
            "close": "2.28"
        },
        {
            "time": "13.12.2020 05:26",
            "open": "2.28",
            "high": "2.28",
            "low": "2.279",
            "close": "2.284"
        },
        {
            "time": "13.12.2020 05:33",
            "open": "2.284",
            "high": "2.284",
            "low": "2.284",
            "close": "2.288"
        },
        {
            "time": "13.12.2020 05:42",
            "open": "2.288",
            "high": "2.288",
            "low": "2.288",
            "close": "2.291"
        },
        {
            "time": "13.12.2020 06:06",
            "open": "2.291",
            "high": "2.291",
            "low": "2.291",
            "close": "2.293"
        },
        {
            "time": "13.12.2020 06:28",
            "open": "2.293",
            "high": "2.293",
            "low": "2.293",
            "close": "2.293"
        },
        {
            "time": "13.12.2020 06:32",
            "open": "2.293",
            "high": "2.293",
            "low": "2.293",
            "close": "2.295"
        },
        {
            "time": "13.12.2020 06:37",
            "open": "2.295",
            "high": "2.295",
            "low": "2.295",
            "close": "2.294"
        },
        {
            "time": "13.12.2020 06:38",
            "open": "2.294",
            "high": "2.294",
            "low": "2.294",
            "close": "2.29"
        },
        {
            "time": "13.12.2020 06:50",
            "open": "2.29",
            "high": "2.29",
            "low": "2.29",
            "close": "2.295"
        },
        {
            "time": "13.12.2020 07:14",
            "open": "2.295",
            "high": "2.295",
            "low": "2.295",
            "close": "2.301"
        },
        {
            "time": "13.12.2020 07:18",
            "open": "2.301",
            "high": "2.301",
            "low": "2.301",
            "close": "2.299"
        },
        {
            "time": "13.12.2020 07:24",
            "open": "2.299",
            "high": "2.299",
            "low": "2.299",
            "close": "2.296"
        },
        {
            "time": "13.12.2020 07:34",
            "open": "2.296",
            "high": "2.296",
            "low": "2.296",
            "close": "2.295"
        },
        {
            "time": "13.12.2020 07:39",
            "open": "2.295",
            "high": "2.295",
            "low": "2.295",
            "close": "2.3"
        },
        {
            "time": "13.12.2020 07:42",
            "open": "2.3",
            "high": "2.3",
            "low": "2.3",
            "close": "2.31"
        },
        {
            "time": "13.12.2020 08:00",
            "open": "2.31",
            "high": "2.312",
            "low": "2.31",
            "close": "2.315"
        },
        {
            "time": "13.12.2020 08:04",
            "open": "2.315",
            "high": "2.315",
            "low": "2.315",
            "close": "2.314"
        },
        {
            "time": "13.12.2020 08:08",
            "open": "2.314",
            "high": "2.325",
            "low": "2.314",
            "close": "2.327"
        },
        {
            "time": "13.12.2020 08:09",
            "open": "2.327",
            "high": "2.336",
            "low": "2.327",
            "close": "2.324"
        },
        {
            "time": "13.12.2020 08:12",
            "open": "2.324",
            "high": "2.324",
            "low": "2.324",
            "close": "2.327"
        },
        {
            "time": "13.12.2020 08:14",
            "open": "2.327",
            "high": "2.327",
            "low": "2.327",
            "close": "2.328"
        },
        {
            "time": "13.12.2020 08:15",
            "open": "2.328",
            "high": "2.328",
            "low": "2.328",
            "close": "2.326"
        },
        {
            "time": "13.12.2020 08:29",
            "open": "2.326",
            "high": "2.326",
            "low": "2.326",
            "close": "2.324"
        },
        {
            "time": "13.12.2020 08:30",
            "open": "2.324",
            "high": "2.324",
            "low": "2.324",
            "close": "2.326"
        },
        {
            "time": "13.12.2020 08:31",
            "open": "2.326",
            "high": "2.326",
            "low": "2.326",
            "close": "2.33"
        },
        {
            "time": "13.12.2020 08:45",
            "open": "2.33",
            "high": "2.33",
            "low": "2.33",
            "close": "2.334"
        },
        {
            "time": "13.12.2020 08:46",
            "open": "2.334",
            "high": "2.334",
            "low": "2.334",
            "close": "2.335"
        },
        {
            "time": "13.12.2020 08:49",
            "open": "2.335",
            "high": "2.335",
            "low": "2.335",
            "close": "2.339"
        },
        {
            "time": "13.12.2020 08:50",
            "open": "2.339",
            "high": "2.342",
            "low": "2.339",
            "close": "2.345"
        },
        {
            "time": "13.12.2020 08:51",
            "open": "2.345",
            "high": "2.345",
            "low": "2.343",
            "close": "2.337"
        },
        {
            "time": "13.12.2020 08:53",
            "open": "2.337",
            "high": "2.337",
            "low": "2.337",
            "close": "2.339"
        },
        {
            "time": "13.12.2020 08:55",
            "open": "2.339",
            "high": "2.339",
            "low": "2.339",
            "close": "2.336"
        },
        {
            "time": "13.12.2020 08:57",
            "open": "2.336",
            "high": "2.336",
            "low": "2.336",
            "close": "2.338"
        },
        {
            "time": "13.12.2020 08:58",
            "open": "2.338",
            "high": "2.338",
            "low": "2.338",
            "close": "2.347"
        },
        {
            "time": "13.12.2020 09:04",
            "open": "2.347",
            "high": "2.348",
            "low": "2.347",
            "close": "2.336"
        },
        {
            "time": "13.12.2020 09:10",
            "open": "2.336",
            "high": "2.336",
            "low": "2.336",
            "close": "2.337"
        },
        {
            "time": "13.12.2020 09:14",
            "open": "2.337",
            "high": "2.337",
            "low": "2.337",
            "close": "2.338"
        },
        {
            "time": "13.12.2020 09:15",
            "open": "2.338",
            "high": "2.338",
            "low": "2.338",
            "close": "2.339"
        },
        {
            "time": "13.12.2020 09:25",
            "open": "2.339",
            "high": "2.34",
            "low": "2.339",
            "close": "2.334"
        },
        {
            "time": "13.12.2020 09:31",
            "open": "2.334",
            "high": "2.334",
            "low": "2.334",
            "close": "2.335"
        },
        {
            "time": "13.12.2020 09:32",
            "open": "2.335",
            "high": "2.335",
            "low": "2.335",
            "close": "2.333"
        },
        {
            "time": "13.12.2020 09:35",
            "open": "2.333",
            "high": "2.333",
            "low": "2.333",
            "close": "2.334"
        },
        {
            "time": "13.12.2020 09:36",
            "open": "2.334",
            "high": "2.334",
            "low": "2.334",
            "close": "2.334"
        },
        {
            "time": "13.12.2020 09:39",
            "open": "2.334",
            "high": "2.334",
            "low": "2.334",
            "close": "2.335"
        },
        {
            "time": "13.12.2020 09:40",
            "open": "2.335",
            "high": "2.336",
            "low": "2.335",
            "close": "2.337"
        },
        {
            "time": "13.12.2020 09:49",
            "open": "2.337",
            "high": "2.343",
            "low": "2.337",
            "close": "2.348"
        },
        {
            "time": "13.12.2020 09:52",
            "open": "2.348",
            "high": "2.348",
            "low": "2.348",
            "close": "2.345"
        },
        {
            "time": "13.12.2020 09:55",
            "open": "2.345",
            "high": "2.345",
            "low": "2.345",
            "close": "2.349"
        },
        {
            "time": "13.12.2020 09:58",
            "open": "2.349",
            "high": "2.349",
            "low": "2.346",
            "close": "2.348"
        },
        {
            "time": "13.12.2020 10:00",
            "open": "2.348",
            "high": "2.348",
            "low": "2.348",
            "close": "2.35"
        },
        {
            "time": "13.12.2020 10:01",
            "open": "2.35",
            "high": "2.352",
            "low": "2.35",
            "close": "2.354"
        },
        {
            "time": "13.12.2020 10:02",
            "open": "2.354",
            "high": "2.354",
            "low": "2.354",
            "close": "2.344"
        },
        {
            "time": "13.12.2020 10:04",
            "open": "2.344",
            "high": "2.344",
            "low": "2.343",
            "close": "2.341"
        },
        {
            "time": "13.12.2020 10:07",
            "open": "2.341",
            "high": "2.344",
            "low": "2.341",
            "close": "2.345"
        },
        {
            "time": "13.12.2020 10:09",
            "open": "2.345",
            "high": "2.345",
            "low": "2.345",
            "close": "2.342"
        },
        {
            "time": "13.12.2020 10:10",
            "open": "2.342",
            "high": "2.342",
            "low": "2.342",
            "close": "2.341"
        },
        {
            "time": "13.12.2020 10:12",
            "open": "2.341",
            "high": "2.341",
            "low": "2.341",
            "close": "2.34"
        },
        {
            "time": "13.12.2020 10:16",
            "open": "2.34",
            "high": "2.34",
            "low": "2.34",
            "close": "2.343"
        },
        {
            "time": "13.12.2020 10:17",
            "open": "2.343",
            "high": "2.343",
            "low": "2.343",
            "close": "2.345"
        },
        {
            "time": "13.12.2020 10:20",
            "open": "2.345",
            "high": "2.345",
            "low": "2.345",
            "close": "2.344"
        },
        {
            "time": "13.12.2020 10:22",
            "open": "2.344",
            "high": "2.344",
            "low": "2.344",
            "close": "2.342"
        },
        {
            "time": "13.12.2020 10:40",
            "open": "2.342",
            "high": "2.342",
            "low": "2.335",
            "close": "2.342"
        },
        {
            "time": "13.12.2020 10:52",
            "open": "2.342",
            "high": "2.342",
            "low": "2.342",
            "close": "2.344"
        },
        {
            "time": "13.12.2020 10:54",
            "open": "2.344",
            "high": "2.344",
            "low": "2.344",
            "close": "2.344"
        },
        {
            "time": "13.12.2020 10:55",
            "open": "2.344",
            "high": "2.344",
            "low": "2.344",
            "close": "2.344"
        },
        {
            "time": "13.12.2020 10:56",
            "open": "2.344",
            "high": "2.344",
            "low": "2.344",
            "close": "2.354"
        },
        {
            "time": "13.12.2020 11:02",
            "open": "2.354",
            "high": "2.357",
            "low": "2.354",
            "close": "2.354"
        },
        {
            "time": "13.12.2020 11:03",
            "open": "2.354",
            "high": "2.354",
            "low": "2.354",
            "close": "2.355"
        },
        {
            "time": "13.12.2020 11:04",
            "open": "2.355",
            "high": "2.355",
            "low": "2.355",
            "close": "2.355"
        },
        {
            "time": "13.12.2020 11:05",
            "open": "2.355",
            "high": "2.355",
            "low": "2.355",
            "close": "2.35"
        },
        {
            "time": "13.12.2020 11:07",
            "open": "2.35",
            "high": "2.35",
            "low": "2.35",
            "close": "2.345"
        },
        {
            "time": "13.12.2020 11:09",
            "open": "2.345",
            "high": "2.345",
            "low": "2.345",
            "close": "2.351"
        },
        {
            "time": "13.12.2020 11:13",
            "open": "2.351",
            "high": "2.351",
            "low": "2.351",
            "close": "2.347"
        },
        {
            "time": "13.12.2020 11:16",
            "open": "2.347",
            "high": "2.347",
            "low": "2.347",
            "close": "2.347"
        },
        {
            "time": "13.12.2020 11:17",
            "open": "2.347",
            "high": "2.347",
            "low": "2.347",
            "close": "2.347"
        },
        {
            "time": "13.12.2020 11:23",
            "open": "2.347",
            "high": "2.347",
            "low": "2.347",
            "close": "2.345"
        },
        {
            "time": "13.12.2020 11:24",
            "open": "2.345",
            "high": "2.345",
            "low": "2.345",
            "close": "2.344"
        },
        {
            "time": "13.12.2020 11:25",
            "open": "2.344",
            "high": "2.344",
            "low": "2.344",
            "close": "2.344"
        },
        {
            "time": "13.12.2020 11:26",
            "open": "2.344",
            "high": "2.344",
            "low": "2.344",
            "close": "2.344"
        },
        {
            "time": "13.12.2020 11:27",
            "open": "2.344",
            "high": "2.344",
            "low": "2.344",
            "close": "2.344"
        },
        {
            "time": "13.12.2020 11:30",
            "open": "2.344",
            "high": "2.345",
            "low": "2.344",
            "close": "2.344"
        },
        {
            "time": "13.12.2020 11:31",
            "open": "2.344",
            "high": "2.344",
            "low": "2.344",
            "close": "2.344"
        },
        {
            "time": "13.12.2020 11:32",
            "open": "2.344",
            "high": "2.344",
            "low": "2.344",
            "close": "2.345"
        },
        {
            "time": "13.12.2020 11:33",
            "open": "2.345",
            "high": "2.345",
            "low": "2.345",
            "close": "2.349"
        },
        {
            "time": "13.12.2020 11:36",
            "open": "2.349",
            "high": "2.349",
            "low": "2.349",
            "close": "2.35"
        },
        {
            "time": "13.12.2020 11:40",
            "open": "2.35",
            "high": "2.35",
            "low": "2.35",
            "close": "2.345"
        },
        {
            "time": "13.12.2020 11:41",
            "open": "2.345",
            "high": "2.345",
            "low": "2.345",
            "close": "2.344"
        },
        {
            "time": "13.12.2020 11:43",
            "open": "2.344",
            "high": "2.345",
            "low": "2.342",
            "close": "2.339"
        },
        {
            "time": "13.12.2020 11:44",
            "open": "2.339",
            "high": "2.339",
            "low": "2.339",
            "close": "2.341"
        },
        {
            "time": "13.12.2020 11:45",
            "open": "2.341",
            "high": "2.341",
            "low": "2.341",
            "close": "2.342"
        },
        {
            "time": "13.12.2020 11:46",
            "open": "2.342",
            "high": "2.342",
            "low": "2.342",
            "close": "2.342"
        },
        {
            "time": "13.12.2020 11:50",
            "open": "2.342",
            "high": "2.342",
            "low": "2.342",
            "close": "2.341"
        },
        {
            "time": "13.12.2020 11:51",
            "open": "2.341",
            "high": "2.342",
            "low": "2.341",
            "close": "2.341"
        },
        {
            "time": "13.12.2020 11:52",
            "open": "2.341",
            "high": "2.341",
            "low": "2.341",
            "close": "2.341"
        },
        {
            "time": "13.12.2020 12:01",
            "open": "2.341",
            "high": "2.341",
            "low": "2.341",
            "close": "2.337"
        },
        {
            "time": "13.12.2020 12:08",
            "open": "2.337",
            "high": "2.337",
            "low": "2.337",
            "close": "2.339"
        },
        {
            "time": "13.12.2020 12:09",
            "open": "2.339",
            "high": "2.339",
            "low": "2.339",
            "close": "2.334"
        },
        {
            "time": "13.12.2020 12:13",
            "open": "2.334",
            "high": "2.334",
            "low": "2.333",
            "close": "2.336"
        },
        {
            "time": "13.12.2020 12:15",
            "open": "2.336",
            "high": "2.336",
            "low": "2.336",
            "close": "2.336"
        },
        {
            "time": "13.12.2020 12:16",
            "open": "2.336",
            "high": "2.336",
            "low": "2.336",
            "close": "2.339"
        },
        {
            "time": "13.12.2020 12:19",
            "open": "2.339",
            "high": "2.339",
            "low": "2.336",
            "close": "2.34"
        },
        {
            "time": "13.12.2020 12:21",
            "open": "2.34",
            "high": "2.34",
            "low": "2.34",
            "close": "2.341"
        },
        {
            "time": "13.12.2020 12:24",
            "open": "2.341",
            "high": "2.342",
            "low": "2.341",
            "close": "2.343"
        },
        {
            "time": "13.12.2020 12:32",
            "open": "2.343",
            "high": "2.343",
            "low": "2.343",
            "close": "2.345"
        },
        {
            "time": "13.12.2020 12:39",
            "open": "2.345",
            "high": "2.345",
            "low": "2.345",
            "close": "2.349"
        },
        {
            "time": "13.12.2020 12:43",
            "open": "2.349",
            "high": "2.349",
            "low": "2.349",
            "close": "2.347"
        },
        {
            "time": "13.12.2020 12:44",
            "open": "2.347",
            "high": "2.347",
            "low": "2.347",
            "close": "2.346"
        },
        {
            "time": "13.12.2020 12:45",
            "open": "2.346",
            "high": "2.346",
            "low": "2.346",
            "close": "2.344"
        },
        {
            "time": "13.12.2020 12:46",
            "open": "2.344",
            "high": "2.344",
            "low": "2.342",
            "close": "2.339"
        },
        {
            "time": "13.12.2020 12:50",
            "open": "2.339",
            "high": "2.34",
            "low": "2.339",
            "close": "2.338"
        },
        {
            "time": "13.12.2020 12:55",
            "open": "2.338",
            "high": "2.338",
            "low": "2.337",
            "close": "2.337"
        },
        {
            "time": "13.12.2020 12:56",
            "open": "2.337",
            "high": "2.337",
            "low": "2.337",
            "close": "2.339"
        },
        {
            "time": "13.12.2020 13:03",
            "open": "2.339",
            "high": "2.339",
            "low": "2.339",
            "close": "2.343"
        },
        {
            "time": "13.12.2020 13:06",
            "open": "2.343",
            "high": "2.343",
            "low": "2.343",
            "close": "2.343"
        },
        {
            "time": "13.12.2020 13:08",
            "open": "2.343",
            "high": "2.343",
            "low": "2.343",
            "close": "2.341"
        },
        {
            "time": "13.12.2020 13:11",
            "open": "2.341",
            "high": "2.341",
            "low": "2.338",
            "close": "2.341"
        },
        {
            "time": "13.12.2020 13:12",
            "open": "2.341",
            "high": "2.341",
            "low": "2.341",
            "close": "2.335"
        },
        {
            "time": "13.12.2020 13:14",
            "open": "2.335",
            "high": "2.335",
            "low": "2.335",
            "close": "2.334"
        },
        {
            "time": "13.12.2020 13:17",
            "open": "2.334",
            "high": "2.334",
            "low": "2.334",
            "close": "2.329"
        },
        {
            "time": "13.12.2020 13:18",
            "open": "2.329",
            "high": "2.329",
            "low": "2.329",
            "close": "2.329"
        },
        {
            "time": "13.12.2020 13:20",
            "open": "2.329",
            "high": "2.329",
            "low": "2.329",
            "close": "2.329"
        },
        {
            "time": "13.12.2020 13:21",
            "open": "2.329",
            "high": "2.329",
            "low": "2.329",
            "close": "2.335"
        },
        {
            "time": "13.12.2020 13:24",
            "open": "2.335",
            "high": "2.337",
            "low": "2.335",
            "close": "2.336"
        },
        {
            "time": "13.12.2020 13:28",
            "open": "2.336",
            "high": "2.336",
            "low": "2.336",
            "close": "2.337"
        },
        {
            "time": "13.12.2020 13:32",
            "open": "2.337",
            "high": "2.337",
            "low": "2.337",
            "close": "2.342"
        },
        {
            "time": "13.12.2020 13:35",
            "open": "2.342",
            "high": "2.343",
            "low": "2.342",
            "close": "2.342"
        },
        {
            "time": "13.12.2020 13:36",
            "open": "2.342",
            "high": "2.342",
            "low": "2.342",
            "close": "2.343"
        },
        {
            "time": "13.12.2020 13:37",
            "open": "2.343",
            "high": "2.343",
            "low": "2.343",
            "close": "2.344"
        },
        {
            "time": "13.12.2020 13:40",
            "open": "2.344",
            "high": "2.344",
            "low": "2.343",
            "close": "2.341"
        },
        {
            "time": "13.12.2020 13:41",
            "open": "2.341",
            "high": "2.341",
            "low": "2.341",
            "close": "2.341"
        },
        {
            "time": "13.12.2020 13:42",
            "open": "2.341",
            "high": "2.341",
            "low": "2.341",
            "close": "2.342"
        },
        {
            "time": "13.12.2020 13:43",
            "open": "2.342",
            "high": "2.342",
            "low": "2.342",
            "close": "2.341"
        },
        {
            "time": "13.12.2020 13:44",
            "open": "2.341",
            "high": "2.341",
            "low": "2.341",
            "close": "2.342"
        },
        {
            "time": "13.12.2020 13:47",
            "open": "2.342",
            "high": "2.342",
            "low": "2.342",
            "close": "2.337"
        },
        {
            "time": "13.12.2020 13:53",
            "open": "2.337",
            "high": "2.337",
            "low": "2.337",
            "close": "2.335"
        },
        {
            "time": "13.12.2020 13:54",
            "open": "2.335",
            "high": "2.335",
            "low": "2.335",
            "close": "2.341"
        },
        {
            "time": "13.12.2020 14:03",
            "open": "2.341",
            "high": "2.341",
            "low": "2.341",
            "close": "2.343"
        },
        {
            "time": "13.12.2020 14:05",
            "open": "2.343",
            "high": "2.343",
            "low": "2.343",
            "close": "2.34"
        },
        {
            "time": "13.12.2020 14:06",
            "open": "2.34",
            "high": "2.341",
            "low": "2.34",
            "close": "2.34"
        },
        {
            "time": "13.12.2020 14:14",
            "open": "2.34",
            "high": "2.34",
            "low": "2.34",
            "close": "2.338"
        },
        {
            "time": "13.12.2020 14:15",
            "open": "2.338",
            "high": "2.338",
            "low": "2.338",
            "close": "2.335"
        },
        {
            "time": "13.12.2020 14:19",
            "open": "2.335",
            "high": "2.335",
            "low": "2.335",
            "close": "2.339"
        },
        {
            "time": "13.12.2020 14:25",
            "open": "2.339",
            "high": "2.342",
            "low": "2.337",
            "close": "2.335"
        },
        {
            "time": "13.12.2020 14:31",
            "open": "2.335",
            "high": "2.335",
            "low": "2.335",
            "close": "2.34"
        },
        {
            "time": "13.12.2020 14:37",
            "open": "2.34",
            "high": "2.34",
            "low": "2.34",
            "close": "2.339"
        },
        {
            "time": "13.12.2020 14:38",
            "open": "2.339",
            "high": "2.339",
            "low": "2.339",
            "close": "2.337"
        },
        {
            "time": "13.12.2020 14:39",
            "open": "2.337",
            "high": "2.34",
            "low": "2.337",
            "close": "2.338"
        },
        {
            "time": "13.12.2020 14:42",
            "open": "2.338",
            "high": "2.338",
            "low": "2.338",
            "close": "2.337"
        },
        {
            "time": "13.12.2020 14:43",
            "open": "2.337",
            "high": "2.337",
            "low": "2.337",
            "close": "2.338"
        },
        {
            "time": "13.12.2020 14:46",
            "open": "2.338",
            "high": "2.34",
            "low": "2.338",
            "close": "2.339"
        },
        {
            "time": "13.12.2020 14:50",
            "open": "2.339",
            "high": "2.339",
            "low": "2.339",
            "close": "2.335"
        },
        {
            "time": "13.12.2020 15:01",
            "open": "2.335",
            "high": "2.335",
            "low": "2.335",
            "close": "2.332"
        },
        {
            "time": "13.12.2020 15:02",
            "open": "2.332",
            "high": "2.332",
            "low": "2.332",
            "close": "2.332"
        },
        {
            "time": "13.12.2020 15:03",
            "open": "2.332",
            "high": "2.332",
            "low": "2.332",
            "close": "2.34"
        },
        {
            "time": "13.12.2020 15:17",
            "open": "2.34",
            "high": "2.34",
            "low": "2.34",
            "close": "2.342"
        },
        {
            "time": "13.12.2020 15:23",
            "open": "2.342",
            "high": "2.342",
            "low": "2.342",
            "close": "2.34"
        },
        {
            "time": "13.12.2020 15:25",
            "open": "2.34",
            "high": "2.34",
            "low": "2.339",
            "close": "2.338"
        },
        {
            "time": "13.12.2020 15:27",
            "open": "2.338",
            "high": "2.338",
            "low": "2.338",
            "close": "2.341"
        },
        {
            "time": "13.12.2020 15:28",
            "open": "2.341",
            "high": "2.341",
            "low": "2.341",
            "close": "2.338"
        },
        {
            "time": "13.12.2020 15:31",
            "open": "2.338",
            "high": "2.338",
            "low": "2.338",
            "close": "2.339"
        },
        {
            "time": "13.12.2020 15:33",
            "open": "2.339",
            "high": "2.339",
            "low": "2.338",
            "close": "2.338"
        },
        {
            "time": "13.12.2020 15:34",
            "open": "2.338",
            "high": "2.338",
            "low": "2.337",
            "close": "2.337"
        },
        {
            "time": "13.12.2020 15:35",
            "open": "2.337",
            "high": "2.337",
            "low": "2.337",
            "close": "2.334"
        },
        {
            "time": "13.12.2020 15:36",
            "open": "2.334",
            "high": "2.334",
            "low": "2.334",
            "close": "2.334"
        },
        {
            "time": "13.12.2020 15:37",
            "open": "2.334",
            "high": "2.334",
            "low": "2.333",
            "close": "2.333"
        },
        {
            "time": "13.12.2020 15:38",
            "open": "2.333",
            "high": "2.333",
            "low": "2.333",
            "close": "2.335"
        },
        {
            "time": "13.12.2020 15:39",
            "open": "2.335",
            "high": "2.335",
            "low": "2.334",
            "close": "2.335"
        },
        {
            "time": "13.12.2020 15:41",
            "open": "2.335",
            "high": "2.335",
            "low": "2.335",
            "close": "2.332"
        },
        {
            "time": "13.12.2020 15:43",
            "open": "2.332",
            "high": "2.333",
            "low": "2.332",
            "close": "2.334"
        },
        {
            "time": "13.12.2020 15:44",
            "open": "2.334",
            "high": "2.334",
            "low": "2.334",
            "close": "2.333"
        },
        {
            "time": "13.12.2020 15:45",
            "open": "2.333",
            "high": "2.333",
            "low": "2.333",
            "close": "2.334"
        },
        {
            "time": "13.12.2020 15:46",
            "open": "2.334",
            "high": "2.334",
            "low": "2.334",
            "close": "2.333"
        },
        {
            "time": "13.12.2020 15:50",
            "open": "2.333",
            "high": "2.333",
            "low": "2.333",
            "close": "2.331"
        },
        {
            "time": "13.12.2020 15:52",
            "open": "2.331",
            "high": "2.331",
            "low": "2.331",
            "close": "2.334"
        },
        {
            "time": "13.12.2020 15:53",
            "open": "2.334",
            "high": "2.334",
            "low": "2.334",
            "close": "2.333"
        },
        {
            "time": "13.12.2020 15:57",
            "open": "2.333",
            "high": "2.333",
            "low": "2.333",
            "close": "2.335"
        },
        {
            "time": "13.12.2020 16:11",
            "open": "2.335",
            "high": "2.336",
            "low": "2.335",
            "close": "2.333"
        },
        {
            "time": "13.12.2020 16:12",
            "open": "2.333",
            "high": "2.333",
            "low": "2.329",
            "close": "2.329"
        },
        {
            "time": "13.12.2020 16:14",
            "open": "2.329",
            "high": "2.329",
            "low": "2.329",
            "close": "2.327"
        },
        {
            "time": "13.12.2020 16:15",
            "open": "2.327",
            "high": "2.327",
            "low": "2.327",
            "close": "2.328"
        },
        {
            "time": "13.12.2020 16:16",
            "open": "2.328",
            "high": "2.328",
            "low": "2.328",
            "close": "2.327"
        },
        {
            "time": "13.12.2020 16:18",
            "open": "2.327",
            "high": "2.327",
            "low": "2.324",
            "close": "2.319"
        },
        {
            "time": "13.12.2020 16:19",
            "open": "2.319",
            "high": "2.319",
            "low": "2.318",
            "close": "2.316"
        },
        {
            "time": "13.12.2020 16:20",
            "open": "2.316",
            "high": "2.316",
            "low": "2.316",
            "close": "2.316"
        },
        {
            "time": "13.12.2020 16:21",
            "open": "2.316",
            "high": "2.316",
            "low": "2.316",
            "close": "2.316"
        },
        {
            "time": "13.12.2020 16:23",
            "open": "2.316",
            "high": "2.316",
            "low": "2.316",
            "close": "2.318"
        },
        {
            "time": "13.12.2020 16:25",
            "open": "2.318",
            "high": "2.318",
            "low": "2.317",
            "close": "2.312"
        },
        {
            "time": "13.12.2020 16:27",
            "open": "2.312",
            "high": "2.312",
            "low": "2.312",
            "close": "2.31"
        },
        {
            "time": "13.12.2020 16:29",
            "open": "2.31",
            "high": "2.31",
            "low": "2.31",
            "close": "2.312"
        },
        {
            "time": "13.12.2020 16:34",
            "open": "2.312",
            "high": "2.312",
            "low": "2.312",
            "close": "2.314"
        },
        {
            "time": "13.12.2020 16:35",
            "open": "2.314",
            "high": "2.314",
            "low": "2.314",
            "close": "2.319"
        },
        {
            "time": "13.12.2020 16:39",
            "open": "2.319",
            "high": "2.319",
            "low": "2.319",
            "close": "2.32"
        },
        {
            "time": "13.12.2020 16:40",
            "open": "2.32",
            "high": "2.321",
            "low": "2.32",
            "close": "2.318"
        },
        {
            "time": "13.12.2020 16:41",
            "open": "2.318",
            "high": "2.318",
            "low": "2.318",
            "close": "2.315"
        },
        {
            "time": "13.12.2020 16:45",
            "open": "2.315",
            "high": "2.315",
            "low": "2.315",
            "close": "2.317"
        },
        {
            "time": "13.12.2020 16:48",
            "open": "2.317",
            "high": "2.317",
            "low": "2.314",
            "close": "2.315"
        },
        {
            "time": "13.12.2020 16:52",
            "open": "2.315",
            "high": "2.315",
            "low": "2.315",
            "close": "2.318"
        },
        {
            "time": "13.12.2020 16:56",
            "open": "2.318",
            "high": "2.318",
            "low": "2.317",
            "close": "2.317"
        },
        {
            "time": "13.12.2020 16:57",
            "open": "2.317",
            "high": "2.317",
            "low": "2.317",
            "close": "2.334"
        },
        {
            "time": "13.12.2020 17:02",
            "open": "2.334",
            "high": "2.334",
            "low": "2.334",
            "close": "2.332"
        },
        {
            "time": "13.12.2020 17:04",
            "open": "2.332",
            "high": "2.333",
            "low": "2.332",
            "close": "2.332"
        },
        {
            "time": "13.12.2020 17:05",
            "open": "2.332",
            "high": "2.332",
            "low": "2.332",
            "close": "2.335"
        },
        {
            "time": "13.12.2020 17:08",
            "open": "2.335",
            "high": "2.338",
            "low": "2.335",
            "close": "2.332"
        },
        {
            "time": "13.12.2020 17:10",
            "open": "2.332",
            "high": "2.34",
            "low": "2.33",
            "close": "2.339"
        },
        {
            "time": "13.12.2020 17:11",
            "open": "2.339",
            "high": "2.34",
            "low": "2.339",
            "close": "2.343"
        },
        {
            "time": "13.12.2020 17:12",
            "open": "2.343",
            "high": "2.344",
            "low": "2.343",
            "close": "2.349"
        },
        {
            "time": "13.12.2020 17:13",
            "open": "2.349",
            "high": "2.35",
            "low": "2.348",
            "close": "2.35"
        },
        {
            "time": "13.12.2020 17:14",
            "open": "2.35",
            "high": "2.35",
            "low": "2.346",
            "close": "2.349"
        },
        {
            "time": "13.12.2020 17:15",
            "open": "2.349",
            "high": "2.349",
            "low": "2.348",
            "close": "2.356"
        },
        {
            "time": "13.12.2020 17:17",
            "open": "2.356",
            "high": "2.356",
            "low": "2.351",
            "close": "2.353"
        },
        {
            "time": "13.12.2020 17:18",
            "open": "2.353",
            "high": "2.353",
            "low": "2.353",
            "close": "2.354"
        },
        {
            "time": "13.12.2020 17:19",
            "open": "2.354",
            "high": "2.354",
            "low": "2.354",
            "close": "2.351"
        },
        {
            "time": "13.12.2020 17:22",
            "open": "2.351",
            "high": "2.351",
            "low": "2.351",
            "close": "2.356"
        },
        {
            "time": "13.12.2020 17:25",
            "open": "2.356",
            "high": "2.356",
            "low": "2.356",
            "close": "2.361"
        },
        {
            "time": "13.12.2020 17:27",
            "open": "2.361",
            "high": "2.361",
            "low": "2.361",
            "close": "2.358"
        },
        {
            "time": "13.12.2020 17:29",
            "open": "2.358",
            "high": "2.358",
            "low": "2.358",
            "close": "2.361"
        },
        {
            "time": "13.12.2020 17:30",
            "open": "2.361",
            "high": "2.361",
            "low": "2.361",
            "close": "2.367"
        },
        {
            "time": "13.12.2020 17:32",
            "open": "2.367",
            "high": "2.367",
            "low": "2.367",
            "close": "2.369"
        },
        {
            "time": "13.12.2020 17:33",
            "open": "2.369",
            "high": "2.374",
            "low": "2.369",
            "close": "2.375"
        },
        {
            "time": "13.12.2020 17:35",
            "open": "2.375",
            "high": "2.375",
            "low": "2.375",
            "close": "2.38"
        },
        {
            "time": "13.12.2020 17:36",
            "open": "2.38",
            "high": "2.384",
            "low": "2.38",
            "close": "2.387"
        },
        {
            "time": "13.12.2020 17:37",
            "open": "2.387",
            "high": "2.387",
            "low": "2.386",
            "close": "2.389"
        },
        {
            "time": "13.12.2020 17:38",
            "open": "2.389",
            "high": "2.391",
            "low": "2.389",
            "close": "2.387"
        },
        {
            "time": "13.12.2020 17:39",
            "open": "2.387",
            "high": "2.389",
            "low": "2.387",
            "close": "2.38"
        },
        {
            "time": "13.12.2020 17:41",
            "open": "2.38",
            "high": "2.38",
            "low": "2.38",
            "close": "2.385"
        },
        {
            "time": "13.12.2020 17:42",
            "open": "2.385",
            "high": "2.385",
            "low": "2.384",
            "close": "2.383"
        },
        {
            "time": "13.12.2020 17:45",
            "open": "2.383",
            "high": "2.383",
            "low": "2.379",
            "close": "2.38"
        },
        {
            "time": "13.12.2020 17:49",
            "open": "2.38",
            "high": "2.38",
            "low": "2.38",
            "close": "2.381"
        },
        {
            "time": "13.12.2020 17:56",
            "open": "2.381",
            "high": "2.381",
            "low": "2.381",
            "close": "2.372"
        },
        {
            "time": "13.12.2020 18:01",
            "open": "2.372",
            "high": "2.372",
            "low": "2.371",
            "close": "2.373"
        },
        {
            "time": "13.12.2020 18:04",
            "open": "2.373",
            "high": "2.373",
            "low": "2.373",
            "close": "2.373"
        },
        {
            "time": "13.12.2020 18:05",
            "open": "2.373",
            "high": "2.38",
            "low": "2.373",
            "close": "2.378"
        },
        {
            "time": "13.12.2020 18:06",
            "open": "2.378",
            "high": "2.378",
            "low": "2.378",
            "close": "2.375"
        },
        {
            "time": "13.12.2020 18:07",
            "open": "2.375",
            "high": "2.375",
            "low": "2.371",
            "close": "2.362"
        },
        {
            "time": "13.12.2020 18:09",
            "open": "2.362",
            "high": "2.362",
            "low": "2.362",
            "close": "2.367"
        },
        {
            "time": "13.12.2020 18:10",
            "open": "2.367",
            "high": "2.367",
            "low": "2.367",
            "close": "2.364"
        },
        {
            "time": "13.12.2020 18:19",
            "open": "2.364",
            "high": "2.364",
            "low": "2.364",
            "close": "2.363"
        },
        {
            "time": "13.12.2020 18:20",
            "open": "2.363",
            "high": "2.363",
            "low": "2.363",
            "close": "2.364"
        },
        {
            "time": "13.12.2020 18:21",
            "open": "2.364",
            "high": "2.366",
            "low": "2.362",
            "close": "2.364"
        },
        {
            "time": "13.12.2020 18:26",
            "open": "2.364",
            "high": "2.364",
            "low": "2.364",
            "close": "2.364"
        },
        {
            "time": "13.12.2020 18:27",
            "open": "2.364",
            "high": "2.364",
            "low": "2.364",
            "close": "2.367"
        },
        {
            "time": "13.12.2020 18:28",
            "open": "2.367",
            "high": "2.367",
            "low": "2.367",
            "close": "2.368"
        },
        {
            "time": "13.12.2020 18:30",
            "open": "2.368",
            "high": "2.368",
            "low": "2.368",
            "close": "2.37"
        },
        {
            "time": "13.12.2020 18:33",
            "open": "2.37",
            "high": "2.371",
            "low": "2.37",
            "close": "2.371"
        },
        {
            "time": "13.12.2020 18:34",
            "open": "2.371",
            "high": "2.373",
            "low": "2.371",
            "close": "2.37"
        },
        {
            "time": "13.12.2020 18:35",
            "open": "2.37",
            "high": "2.371",
            "low": "2.37",
            "close": "2.37"
        },
        {
            "time": "13.12.2020 18:43",
            "open": "2.37",
            "high": "2.37",
            "low": "2.37",
            "close": "2.37"
        },
        {
            "time": "13.12.2020 18:44",
            "open": "2.37",
            "high": "2.37",
            "low": "2.37",
            "close": "2.366"
        },
        {
            "time": "13.12.2020 18:54",
            "open": "2.366",
            "high": "2.366",
            "low": "2.366",
            "close": "2.372"
        },
        {
            "time": "13.12.2020 19:00",
            "open": "2.372",
            "high": "2.372",
            "low": "2.372",
            "close": "2.364"
        },
        {
            "time": "13.12.2020 19:10",
            "open": "2.364",
            "high": "2.364",
            "low": "2.362",
            "close": "2.364"
        },
        {
            "time": "13.12.2020 19:11",
            "open": "2.364",
            "high": "2.364",
            "low": "2.363",
            "close": "2.363"
        },
        {
            "time": "13.12.2020 19:12",
            "open": "2.363",
            "high": "2.363",
            "low": "2.363",
            "close": "2.364"
        },
        {
            "time": "13.12.2020 19:14",
            "open": "2.364",
            "high": "2.364",
            "low": "2.364",
            "close": "2.366"
        },
        {
            "time": "13.12.2020 19:21",
            "open": "2.366",
            "high": "2.367",
            "low": "2.366",
            "close": "2.368"
        },
        {
            "time": "13.12.2020 19:28",
            "open": "2.368",
            "high": "2.368",
            "low": "2.368",
            "close": "2.371"
        },
        {
            "time": "13.12.2020 19:29",
            "open": "2.371",
            "high": "2.389",
            "low": "2.369",
            "close": "2.369"
        },
        {
            "time": "13.12.2020 19:31",
            "open": "2.369",
            "high": "2.369",
            "low": "2.369",
            "close": "2.369"
        },
        {
            "time": "13.12.2020 19:32",
            "open": "2.369",
            "high": "2.369",
            "low": "2.369",
            "close": "2.37"
        },
        {
            "time": "13.12.2020 19:34",
            "open": "2.37",
            "high": "2.37",
            "low": "2.37",
            "close": "2.37"
        },
        {
            "time": "13.12.2020 19:35",
            "open": "2.37",
            "high": "2.37",
            "low": "2.37",
            "close": "2.37"
        },
        {
            "time": "13.12.2020 19:38",
            "open": "2.37",
            "high": "2.37",
            "low": "2.37",
            "close": "2.37"
        },
        {
            "time": "13.12.2020 19:40",
            "open": "2.37",
            "high": "2.37",
            "low": "2.37",
            "close": "2.372"
        },
        {
            "time": "13.12.2020 19:42",
            "open": "2.372",
            "high": "2.372",
            "low": "2.372",
            "close": "2.37"
        },
        {
            "time": "13.12.2020 19:45",
            "open": "2.37",
            "high": "2.37",
            "low": "2.37",
            "close": "2.371"
        },
        {
            "time": "13.12.2020 19:49",
            "open": "2.371",
            "high": "2.371",
            "low": "2.371",
            "close": "2.371"
        },
        {
            "time": "13.12.2020 19:50",
            "open": "2.371",
            "high": "2.374",
            "low": "2.371",
            "close": "2.37"
        },
        {
            "time": "13.12.2020 19:53",
            "open": "2.37",
            "high": "2.37",
            "low": "2.37",
            "close": "2.369"
        },
        {
            "time": "13.12.2020 19:57",
            "open": "2.369",
            "high": "2.369",
            "low": "2.369",
            "close": "2.37"
        },
        {
            "time": "13.12.2020 20:01",
            "open": "2.37",
            "high": "2.37",
            "low": "2.37",
            "close": "2.371"
        },
        {
            "time": "13.12.2020 20:03",
            "open": "2.371",
            "high": "2.371",
            "low": "2.371",
            "close": "2.372"
        },
        {
            "time": "13.12.2020 20:04",
            "open": "2.372",
            "high": "2.372",
            "low": "2.372",
            "close": "2.376"
        },
        {
            "time": "13.12.2020 20:06",
            "open": "2.376",
            "high": "2.376",
            "low": "2.376",
            "close": "2.374"
        },
        {
            "time": "13.12.2020 20:09",
            "open": "2.374",
            "high": "2.374",
            "low": "2.374",
            "close": "2.374"
        },
        {
            "time": "13.12.2020 20:14",
            "open": "2.374",
            "high": "2.374",
            "low": "2.374",
            "close": "2.373"
        },
        {
            "time": "13.12.2020 20:16",
            "open": "2.373",
            "high": "2.373",
            "low": "2.373",
            "close": "2.37"
        },
        {
            "time": "13.12.2020 20:17",
            "open": "2.37",
            "high": "2.37",
            "low": "2.37",
            "close": "2.368"
        },
        {
            "time": "13.12.2020 20:19",
            "open": "2.368",
            "high": "2.368",
            "low": "2.368",
            "close": "2.367"
        },
        {
            "time": "13.12.2020 20:22",
            "open": "2.367",
            "high": "2.367",
            "low": "2.367",
            "close": "2.372"
        },
        {
            "time": "13.12.2020 20:23",
            "open": "2.372",
            "high": "2.372",
            "low": "2.372",
            "close": "2.373"
        },
        {
            "time": "13.12.2020 20:24",
            "open": "2.373",
            "high": "2.373",
            "low": "2.373",
            "close": "2.369"
        },
        {
            "time": "13.12.2020 20:27",
            "open": "2.369",
            "high": "2.369",
            "low": "2.369",
            "close": "2.371"
        },
        {
            "time": "13.12.2020 20:28",
            "open": "2.371",
            "high": "2.371",
            "low": "2.37",
            "close": "2.37"
        },
        {
            "time": "13.12.2020 20:29",
            "open": "2.37",
            "high": "2.37",
            "low": "2.37",
            "close": "2.369"
        },
        {
            "time": "13.12.2020 20:30",
            "open": "2.369",
            "high": "2.37",
            "low": "2.369",
            "close": "2.369"
        },
        {
            "time": "13.12.2020 20:34",
            "open": "2.369",
            "high": "2.371",
            "low": "2.367",
            "close": "2.369"
        },
        {
            "time": "13.12.2020 20:39",
            "open": "2.369",
            "high": "2.372",
            "low": "2.369",
            "close": "2.369"
        },
        {
            "time": "13.12.2020 20:44",
            "open": "2.369",
            "high": "2.369",
            "low": "2.369",
            "close": "2.37"
        },
        {
            "time": "13.12.2020 20:45",
            "open": "2.37",
            "high": "2.37",
            "low": "2.37",
            "close": "2.37"
        },
        {
            "time": "13.12.2020 20:46",
            "open": "2.37",
            "high": "2.37",
            "low": "2.37",
            "close": "2.37"
        },
        {
            "time": "13.12.2020 20:47",
            "open": "2.37",
            "high": "2.37",
            "low": "2.37",
            "close": "2.373"
        },
        {
            "time": "13.12.2020 20:48",
            "open": "2.373",
            "high": "2.373",
            "low": "2.373",
            "close": "2.364"
        },
        {
            "time": "13.12.2020 20:51",
            "open": "2.364",
            "high": "2.364",
            "low": "2.364",
            "close": "2.365"
        },
        {
            "time": "13.12.2020 20:53",
            "open": "2.365",
            "high": "2.365",
            "low": "2.364",
            "close": "2.362"
        },
        {
            "time": "13.12.2020 20:57",
            "open": "2.362",
            "high": "2.362",
            "low": "2.362",
            "close": "2.362"
        },
        {
            "time": "13.12.2020 21:01",
            "open": "2.362",
            "high": "2.364",
            "low": "2.362",
            "close": "2.359"
        },
        {
            "time": "13.12.2020 21:04",
            "open": "2.359",
            "high": "2.359",
            "low": "2.359",
            "close": "2.358"
        },
        {
            "time": "13.12.2020 21:05",
            "open": "2.358",
            "high": "2.358",
            "low": "2.358",
            "close": "2.359"
        },
        {
            "time": "13.12.2020 21:06",
            "open": "2.359",
            "high": "2.361",
            "low": "2.359",
            "close": "2.359"
        },
        {
            "time": "13.12.2020 21:07",
            "open": "2.359",
            "high": "2.359",
            "low": "2.359",
            "close": "2.358"
        },
        {
            "time": "13.12.2020 21:10",
            "open": "2.358",
            "high": "2.358",
            "low": "2.358",
            "close": "2.358"
        },
        {
            "time": "13.12.2020 21:14",
            "open": "2.358",
            "high": "2.358",
            "low": "2.358",
            "close": "2.361"
        },
        {
            "time": "13.12.2020 21:17",
            "open": "2.361",
            "high": "2.362",
            "low": "2.361",
            "close": "2.362"
        },
        {
            "time": "13.12.2020 21:19",
            "open": "2.362",
            "high": "2.362",
            "low": "2.362",
            "close": "2.362"
        },
        {
            "time": "13.12.2020 21:22",
            "open": "2.362",
            "high": "2.362",
            "low": "2.362",
            "close": "2.351"
        },
        {
            "time": "13.12.2020 21:30",
            "open": "2.351",
            "high": "2.352",
            "low": "2.349",
            "close": "2.351"
        },
        {
            "time": "13.12.2020 21:31",
            "open": "2.351",
            "high": "2.351",
            "low": "2.351",
            "close": "2.352"
        },
        {
            "time": "13.12.2020 21:34",
            "open": "2.352",
            "high": "2.352",
            "low": "2.351",
            "close": "2.353"
        },
        {
            "time": "13.12.2020 21:38",
            "open": "2.353",
            "high": "2.353",
            "low": "2.353",
            "close": "2.357"
        },
        {
            "time": "13.12.2020 21:39",
            "open": "2.357",
            "high": "2.357",
            "low": "2.354",
            "close": "2.355"
        },
        {
            "time": "13.12.2020 21:44",
            "open": "2.355",
            "high": "2.355",
            "low": "2.355",
            "close": "2.358"
        },
        {
            "time": "13.12.2020 21:50",
            "open": "2.358",
            "high": "2.358",
            "low": "2.358",
            "close": "2.358"
        },
        {
            "time": "13.12.2020 21:53",
            "open": "2.358",
            "high": "2.359",
            "low": "2.358",
            "close": "2.359"
        },
        {
            "time": "13.12.2020 21:56",
            "open": "2.359",
            "high": "2.36",
            "low": "2.358",
            "close": "2.358"
        },
        {
            "time": "13.12.2020 22:01",
            "open": "2.358",
            "high": "2.358",
            "low": "2.357",
            "close": "2.359"
        },
        {
            "time": "13.12.2020 22:02",
            "open": "2.359",
            "high": "2.359",
            "low": "2.359",
            "close": "2.359"
        },
        {
            "time": "13.12.2020 22:04",
            "open": "2.359",
            "high": "2.359",
            "low": "2.357",
            "close": "2.356"
        },
        {
            "time": "13.12.2020 22:07",
            "open": "2.356",
            "high": "2.356",
            "low": "2.355",
            "close": "2.358"
        },
        {
            "time": "13.12.2020 22:09",
            "open": "2.358",
            "high": "2.358",
            "low": "2.358",
            "close": "2.361"
        },
        {
            "time": "13.12.2020 22:16",
            "open": "2.361",
            "high": "2.361",
            "low": "2.361",
            "close": "2.36"
        },
        {
            "time": "13.12.2020 22:17",
            "open": "2.36",
            "high": "2.36",
            "low": "2.36",
            "close": "2.357"
        },
        {
            "time": "13.12.2020 22:19",
            "open": "2.357",
            "high": "2.357",
            "low": "2.357",
            "close": "2.36"
        },
        {
            "time": "13.12.2020 22:24",
            "open": "2.36",
            "high": "2.36",
            "low": "2.36",
            "close": "2.357"
        },
        {
            "time": "13.12.2020 22:32",
            "open": "2.357",
            "high": "2.357",
            "low": "2.357",
            "close": "2.357"
        },
        {
            "time": "13.12.2020 22:33",
            "open": "2.357",
            "high": "2.357",
            "low": "2.357",
            "close": "2.359"
        },
        {
            "time": "13.12.2020 22:37",
            "open": "2.359",
            "high": "2.359",
            "low": "2.359",
            "close": "2.354"
        },
        {
            "time": "13.12.2020 22:40",
            "open": "2.354",
            "high": "2.354",
            "low": "2.354",
            "close": "2.355"
        },
        {
            "time": "13.12.2020 22:43",
            "open": "2.355",
            "high": "2.355",
            "low": "2.355",
            "close": "2.357"
        },
        {
            "time": "13.12.2020 22:44",
            "open": "2.357",
            "high": "2.357",
            "low": "2.357",
            "close": "2.36"
        },
        {
            "time": "13.12.2020 22:46",
            "open": "2.36",
            "high": "2.36",
            "low": "2.358",
            "close": "2.359"
        },
        {
            "time": "13.12.2020 22:47",
            "open": "2.359",
            "high": "2.359",
            "low": "2.359",
            "close": "2.359"
        },
        {
            "time": "13.12.2020 22:49",
            "open": "2.359",
            "high": "2.359",
            "low": "2.359",
            "close": "2.361"
        },
        {
            "time": "13.12.2020 22:55",
            "open": "2.361",
            "high": "2.361",
            "low": "2.361",
            "close": "2.358"
        },
        {
            "time": "13.12.2020 22:57",
            "open": "2.358",
            "high": "2.358",
            "low": "2.358",
            "close": "2.357"
        },
        {
            "time": "13.12.2020 22:59",
            "open": "2.357",
            "high": "2.357",
            "low": "2.357",
            "close": "2.357"
        },
        {
            "time": "13.12.2020 23:15",
            "open": "2.357",
            "high": "2.357",
            "low": "2.357",
            "close": "2.346"
        },
        {
            "time": "13.12.2020 23:17",
            "open": "2.346",
            "high": "2.346",
            "low": "2.346",
            "close": "2.341"
        },
        {
            "time": "13.12.2020 23:20",
            "open": "2.341",
            "high": "2.341",
            "low": "2.341",
            "close": "2.34"
        },
        {
            "time": "13.12.2020 23:21",
            "open": "2.34",
            "high": "2.34",
            "low": "2.34",
            "close": "2.335"
        },
        {
            "time": "13.12.2020 23:22",
            "open": "2.335",
            "high": "2.335",
            "low": "2.33",
            "close": "2.33"
        },
        {
            "time": "13.12.2020 23:23",
            "open": "2.33",
            "high": "2.33",
            "low": "2.33",
            "close": "2.333"
        },
        {
            "time": "13.12.2020 23:24",
            "open": "2.333",
            "high": "2.333",
            "low": "2.333",
            "close": "2.332"
        },
        {
            "time": "13.12.2020 23:25",
            "open": "2.332",
            "high": "2.332",
            "low": "2.332",
            "close": "2.335"
        },
        {
            "time": "13.12.2020 23:29",
            "open": "2.335",
            "high": "2.335",
            "low": "2.335",
            "close": "2.337"
        },
        {
            "time": "13.12.2020 23:38",
            "open": "2.337",
            "high": "2.337",
            "low": "2.337",
            "close": "2.335"
        },
        {
            "time": "13.12.2020 23:39",
            "open": "2.335",
            "high": "2.335",
            "low": "2.335",
            "close": "2.335"
        },
        {
            "time": "13.12.2020 23:40",
            "open": "2.335",
            "high": "2.335",
            "low": "2.334",
            "close": "2.342"
        },
        {
            "time": "13.12.2020 23:41",
            "open": "2.342",
            "high": "2.342",
            "low": "2.342",
            "close": "2.34"
        },
        {
            "time": "13.12.2020 23:44",
            "open": "2.34",
            "high": "2.34",
            "low": "2.34",
            "close": "2.34"
        },
        {
            "time": "13.12.2020 23:45",
            "open": "2.34",
            "high": "2.34",
            "low": "2.34",
            "close": "2.334"
        },
        {
            "time": "13.12.2020 23:46",
            "open": "2.334",
            "high": "2.334",
            "low": "2.33",
            "close": "2.333"
        },
        {
            "time": "13.12.2020 23:47",
            "open": "2.333",
            "high": "2.333",
            "low": "2.333",
            "close": "2.341"
        },
        {
            "time": "13.12.2020 23:54",
            "open": "2.341",
            "high": "2.341",
            "low": "2.341",
            "close": "2.341"
        },
        {
            "time": "13.12.2020 23:55",
            "open": "2.341",
            "high": "2.341",
            "low": "2.341",
            "close": "2.341"
        }
    ]
}