{
    "EOS-EUR": [
        {
            "time": "28.11.2020 23:59",
            "open": "2.515",
            "high": "2.515",
            "low": "2.512",
            "close": "2.51"
        },
        {
            "time": "29.11.2020 00:00",
            "open": "2.51",
            "high": "2.51",
            "low": "2.51",
            "close": "2.515"
        },
        {
            "time": "29.11.2020 00:07",
            "open": "2.515",
            "high": "2.515",
            "low": "2.515",
            "close": "2.518"
        },
        {
            "time": "29.11.2020 00:08",
            "open": "2.518",
            "high": "2.518",
            "low": "2.518",
            "close": "2.517"
        },
        {
            "time": "29.11.2020 00:09",
            "open": "2.517",
            "high": "2.517",
            "low": "2.517",
            "close": "2.52"
        },
        {
            "time": "29.11.2020 00:12",
            "open": "2.52",
            "high": "2.52",
            "low": "2.52",
            "close": "2.522"
        },
        {
            "time": "29.11.2020 00:13",
            "open": "2.522",
            "high": "2.522",
            "low": "2.522",
            "close": "2.53"
        },
        {
            "time": "29.11.2020 00:14",
            "open": "2.53",
            "high": "2.53",
            "low": "2.53",
            "close": "2.531"
        },
        {
            "time": "29.11.2020 00:15",
            "open": "2.531",
            "high": "2.533",
            "low": "2.531",
            "close": "2.535"
        },
        {
            "time": "29.11.2020 00:16",
            "open": "2.535",
            "high": "2.535",
            "low": "2.535",
            "close": "2.538"
        },
        {
            "time": "29.11.2020 00:17",
            "open": "2.538",
            "high": "2.538",
            "low": "2.536",
            "close": "2.54"
        },
        {
            "time": "29.11.2020 00:19",
            "open": "2.54",
            "high": "2.54",
            "low": "2.54",
            "close": "2.525"
        },
        {
            "time": "29.11.2020 00:20",
            "open": "2.525",
            "high": "2.525",
            "low": "2.525",
            "close": "2.526"
        },
        {
            "time": "29.11.2020 00:21",
            "open": "2.526",
            "high": "2.527",
            "low": "2.526",
            "close": "2.525"
        },
        {
            "time": "29.11.2020 00:22",
            "open": "2.525",
            "high": "2.525",
            "low": "2.523",
            "close": "2.523"
        },
        {
            "time": "29.11.2020 00:28",
            "open": "2.523",
            "high": "2.523",
            "low": "2.523",
            "close": "2.523"
        },
        {
            "time": "29.11.2020 00:29",
            "open": "2.523",
            "high": "2.528",
            "low": "2.523",
            "close": "2.531"
        },
        {
            "time": "29.11.2020 00:30",
            "open": "2.531",
            "high": "2.531",
            "low": "2.531",
            "close": "2.528"
        },
        {
            "time": "29.11.2020 00:32",
            "open": "2.528",
            "high": "2.529",
            "low": "2.528",
            "close": "2.525"
        },
        {
            "time": "29.11.2020 00:34",
            "open": "2.525",
            "high": "2.525",
            "low": "2.525",
            "close": "2.527"
        },
        {
            "time": "29.11.2020 00:36",
            "open": "2.527",
            "high": "2.527",
            "low": "2.527",
            "close": "2.523"
        },
        {
            "time": "29.11.2020 00:40",
            "open": "2.523",
            "high": "2.523",
            "low": "2.523",
            "close": "2.521"
        },
        {
            "time": "29.11.2020 00:41",
            "open": "2.521",
            "high": "2.521",
            "low": "2.521",
            "close": "2.525"
        },
        {
            "time": "29.11.2020 00:42",
            "open": "2.525",
            "high": "2.525",
            "low": "2.525",
            "close": "2.515"
        },
        {
            "time": "29.11.2020 00:45",
            "open": "2.515",
            "high": "2.515",
            "low": "2.515",
            "close": "2.515"
        },
        {
            "time": "29.11.2020 00:46",
            "open": "2.515",
            "high": "2.515",
            "low": "2.512",
            "close": "2.506"
        },
        {
            "time": "29.11.2020 00:50",
            "open": "2.506",
            "high": "2.506",
            "low": "2.506",
            "close": "2.515"
        },
        {
            "time": "29.11.2020 01:04",
            "open": "2.515",
            "high": "2.515",
            "low": "2.515",
            "close": "2.485"
        },
        {
            "time": "29.11.2020 01:06",
            "open": "2.485",
            "high": "2.49",
            "low": "2.485",
            "close": "2.488"
        },
        {
            "time": "29.11.2020 01:07",
            "open": "2.488",
            "high": "2.488",
            "low": "2.488",
            "close": "2.493"
        },
        {
            "time": "29.11.2020 01:08",
            "open": "2.493",
            "high": "2.493",
            "low": "2.489",
            "close": "2.471"
        },
        {
            "time": "29.11.2020 01:09",
            "open": "2.471",
            "high": "2.479",
            "low": "2.468",
            "close": "2.48"
        },
        {
            "time": "29.11.2020 01:13",
            "open": "2.48",
            "high": "2.48",
            "low": "2.473",
            "close": "2.473"
        },
        {
            "time": "29.11.2020 01:14",
            "open": "2.473",
            "high": "2.473",
            "low": "2.473",
            "close": "2.482"
        },
        {
            "time": "29.11.2020 01:16",
            "open": "2.482",
            "high": "2.482",
            "low": "2.482",
            "close": "2.479"
        },
        {
            "time": "29.11.2020 01:19",
            "open": "2.479",
            "high": "2.479",
            "low": "2.479",
            "close": "2.479"
        },
        {
            "time": "29.11.2020 01:20",
            "open": "2.479",
            "high": "2.479",
            "low": "2.478",
            "close": "2.461"
        },
        {
            "time": "29.11.2020 01:21",
            "open": "2.461",
            "high": "2.461",
            "low": "2.461",
            "close": "2.459"
        },
        {
            "time": "29.11.2020 01:22",
            "open": "2.459",
            "high": "2.459",
            "low": "2.452",
            "close": "2.45"
        },
        {
            "time": "29.11.2020 01:23",
            "open": "2.45",
            "high": "2.45",
            "low": "2.442",
            "close": "2.456"
        },
        {
            "time": "29.11.2020 01:24",
            "open": "2.456",
            "high": "2.456",
            "low": "2.455",
            "close": "2.454"
        },
        {
            "time": "29.11.2020 01:25",
            "open": "2.454",
            "high": "2.454",
            "low": "2.454",
            "close": "2.449"
        },
        {
            "time": "29.11.2020 01:27",
            "open": "2.449",
            "high": "2.45",
            "low": "2.447",
            "close": "2.453"
        },
        {
            "time": "29.11.2020 01:29",
            "open": "2.453",
            "high": "2.453",
            "low": "2.449",
            "close": "2.446"
        },
        {
            "time": "29.11.2020 01:30",
            "open": "2.446",
            "high": "2.449",
            "low": "2.446",
            "close": "2.448"
        },
        {
            "time": "29.11.2020 01:31",
            "open": "2.448",
            "high": "2.448",
            "low": "2.444",
            "close": "2.444"
        },
        {
            "time": "29.11.2020 01:32",
            "open": "2.444",
            "high": "2.444",
            "low": "2.444",
            "close": "2.453"
        },
        {
            "time": "29.11.2020 01:35",
            "open": "2.453",
            "high": "2.453",
            "low": "2.453",
            "close": "2.451"
        },
        {
            "time": "29.11.2020 01:36",
            "open": "2.451",
            "high": "2.455",
            "low": "2.449",
            "close": "2.455"
        },
        {
            "time": "29.11.2020 01:40",
            "open": "2.455",
            "high": "2.455",
            "low": "2.455",
            "close": "2.454"
        },
        {
            "time": "29.11.2020 01:41",
            "open": "2.454",
            "high": "2.454",
            "low": "2.454",
            "close": "2.458"
        },
        {
            "time": "29.11.2020 01:55",
            "open": "2.458",
            "high": "2.462",
            "low": "2.458",
            "close": "2.466"
        },
        {
            "time": "29.11.2020 01:56",
            "open": "2.466",
            "high": "2.466",
            "low": "2.465",
            "close": "2.464"
        },
        {
            "time": "29.11.2020 01:57",
            "open": "2.464",
            "high": "2.464",
            "low": "2.464",
            "close": "2.463"
        },
        {
            "time": "29.11.2020 01:58",
            "open": "2.463",
            "high": "2.463",
            "low": "2.463",
            "close": "2.463"
        },
        {
            "time": "29.11.2020 02:00",
            "open": "2.463",
            "high": "2.463",
            "low": "2.463",
            "close": "2.464"
        },
        {
            "time": "29.11.2020 02:04",
            "open": "2.464",
            "high": "2.464",
            "low": "2.464",
            "close": "2.461"
        },
        {
            "time": "29.11.2020 02:10",
            "open": "2.461",
            "high": "2.461",
            "low": "2.461",
            "close": "2.456"
        },
        {
            "time": "29.11.2020 02:17",
            "open": "2.456",
            "high": "2.457",
            "low": "2.456",
            "close": "2.457"
        },
        {
            "time": "29.11.2020 02:18",
            "open": "2.457",
            "high": "2.457",
            "low": "2.457",
            "close": "2.453"
        },
        {
            "time": "29.11.2020 02:20",
            "open": "2.453",
            "high": "2.453",
            "low": "2.453",
            "close": "2.446"
        },
        {
            "time": "29.11.2020 02:25",
            "open": "2.446",
            "high": "2.446",
            "low": "2.446",
            "close": "2.44"
        },
        {
            "time": "29.11.2020 02:26",
            "open": "2.44",
            "high": "2.44",
            "low": "2.44",
            "close": "2.436"
        },
        {
            "time": "29.11.2020 02:27",
            "open": "2.436",
            "high": "2.436",
            "low": "2.435",
            "close": "2.436"
        },
        {
            "time": "29.11.2020 02:28",
            "open": "2.436",
            "high": "2.437",
            "low": "2.436",
            "close": "2.43"
        },
        {
            "time": "29.11.2020 02:29",
            "open": "2.429",
            "high": "2.429",
            "low": "2.429",
            "close": "2.442"
        },
        {
            "time": "29.11.2020 02:34",
            "open": "2.442",
            "high": "2.442",
            "low": "2.442",
            "close": "2.447"
        },
        {
            "time": "29.11.2020 02:35",
            "open": "2.447",
            "high": "2.449",
            "low": "2.447",
            "close": "2.438"
        },
        {
            "time": "29.11.2020 02:46",
            "open": "2.438",
            "high": "2.438",
            "low": "2.438",
            "close": "2.439"
        },
        {
            "time": "29.11.2020 02:47",
            "open": "2.439",
            "high": "2.439",
            "low": "2.439",
            "close": "2.437"
        },
        {
            "time": "29.11.2020 02:48",
            "open": "2.437",
            "high": "2.437",
            "low": "2.437",
            "close": "2.444"
        },
        {
            "time": "29.11.2020 02:53",
            "open": "2.444",
            "high": "2.444",
            "low": "2.444",
            "close": "2.449"
        },
        {
            "time": "29.11.2020 02:56",
            "open": "2.449",
            "high": "2.449",
            "low": "2.449",
            "close": "2.445"
        },
        {
            "time": "29.11.2020 02:58",
            "open": "2.445",
            "high": "2.445",
            "low": "2.445",
            "close": "2.449"
        },
        {
            "time": "29.11.2020 03:05",
            "open": "2.449",
            "high": "2.449",
            "low": "2.449",
            "close": "2.45"
        },
        {
            "time": "29.11.2020 03:06",
            "open": "2.45",
            "high": "2.45",
            "low": "2.45",
            "close": "2.465"
        },
        {
            "time": "29.11.2020 03:19",
            "open": "2.465",
            "high": "2.465",
            "low": "2.465",
            "close": "2.461"
        },
        {
            "time": "29.11.2020 03:20",
            "open": "2.461",
            "high": "2.461",
            "low": "2.461",
            "close": "2.473"
        },
        {
            "time": "29.11.2020 03:41",
            "open": "2.473",
            "high": "2.473",
            "low": "2.473",
            "close": "2.475"
        },
        {
            "time": "29.11.2020 03:44",
            "open": "2.475",
            "high": "2.475",
            "low": "2.475",
            "close": "2.477"
        },
        {
            "time": "29.11.2020 03:52",
            "open": "2.477",
            "high": "2.477",
            "low": "2.477",
            "close": "2.482"
        },
        {
            "time": "29.11.2020 03:54",
            "open": "2.482",
            "high": "2.482",
            "low": "2.482",
            "close": "2.479"
        },
        {
            "time": "29.11.2020 03:58",
            "open": "2.479",
            "high": "2.479",
            "low": "2.479",
            "close": "2.475"
        },
        {
            "time": "29.11.2020 04:16",
            "open": "2.475",
            "high": "2.475",
            "low": "2.475",
            "close": "2.482"
        },
        {
            "time": "29.11.2020 04:33",
            "open": "2.482",
            "high": "2.482",
            "low": "2.482",
            "close": "2.49"
        },
        {
            "time": "29.11.2020 04:39",
            "open": "2.49",
            "high": "2.49",
            "low": "2.49",
            "close": "2.481"
        },
        {
            "time": "29.11.2020 04:49",
            "open": "2.481",
            "high": "2.481",
            "low": "2.481",
            "close": "2.485"
        },
        {
            "time": "29.11.2020 04:53",
            "open": "2.485",
            "high": "2.485",
            "low": "2.485",
            "close": "2.494"
        },
        {
            "time": "29.11.2020 05:00",
            "open": "2.494",
            "high": "2.494",
            "low": "2.494",
            "close": "2.482"
        },
        {
            "time": "29.11.2020 05:09",
            "open": "2.482",
            "high": "2.482",
            "low": "2.482",
            "close": "2.483"
        },
        {
            "time": "29.11.2020 05:15",
            "open": "2.483",
            "high": "2.483",
            "low": "2.483",
            "close": "2.481"
        },
        {
            "time": "29.11.2020 05:33",
            "open": "2.481",
            "high": "2.481",
            "low": "2.481",
            "close": "2.483"
        },
        {
            "time": "29.11.2020 05:42",
            "open": "2.483",
            "high": "2.483",
            "low": "2.483",
            "close": "2.475"
        },
        {
            "time": "29.11.2020 05:59",
            "open": "2.475",
            "high": "2.475",
            "low": "2.475",
            "close": "2.473"
        },
        {
            "time": "29.11.2020 06:15",
            "open": "2.473",
            "high": "2.473",
            "low": "2.473",
            "close": "2.485"
        },
        {
            "time": "29.11.2020 06:24",
            "open": "2.485",
            "high": "2.485",
            "low": "2.485",
            "close": "2.486"
        },
        {
            "time": "29.11.2020 06:35",
            "open": "2.486",
            "high": "2.486",
            "low": "2.486",
            "close": "2.483"
        },
        {
            "time": "29.11.2020 06:43",
            "open": "2.483",
            "high": "2.483",
            "low": "2.483",
            "close": "2.483"
        },
        {
            "time": "29.11.2020 06:50",
            "open": "2.483",
            "high": "2.483",
            "low": "2.483",
            "close": "2.479"
        },
        {
            "time": "29.11.2020 06:58",
            "open": "2.479",
            "high": "2.479",
            "low": "2.477",
            "close": "2.475"
        },
        {
            "time": "29.11.2020 07:05",
            "open": "2.475",
            "high": "2.475",
            "low": "2.475",
            "close": "2.458"
        },
        {
            "time": "29.11.2020 07:17",
            "open": "2.458",
            "high": "2.458",
            "low": "2.458",
            "close": "2.463"
        },
        {
            "time": "29.11.2020 07:38",
            "open": "2.463",
            "high": "2.463",
            "low": "2.463",
            "close": "2.471"
        },
        {
            "time": "29.11.2020 07:46",
            "open": "2.471",
            "high": "2.471",
            "low": "2.471",
            "close": "2.465"
        },
        {
            "time": "29.11.2020 08:03",
            "open": "2.465",
            "high": "2.465",
            "low": "2.465",
            "close": "2.46"
        },
        {
            "time": "29.11.2020 08:06",
            "open": "2.46",
            "high": "2.46",
            "low": "2.459",
            "close": "2.478"
        },
        {
            "time": "29.11.2020 08:21",
            "open": "2.478",
            "high": "2.478",
            "low": "2.478",
            "close": "2.49"
        },
        {
            "time": "29.11.2020 08:35",
            "open": "2.49",
            "high": "2.49",
            "low": "2.49",
            "close": "2.501"
        },
        {
            "time": "29.11.2020 08:47",
            "open": "2.501",
            "high": "2.501",
            "low": "2.501",
            "close": "2.501"
        },
        {
            "time": "29.11.2020 08:48",
            "open": "2.501",
            "high": "2.501",
            "low": "2.501",
            "close": "2.507"
        },
        {
            "time": "29.11.2020 08:52",
            "open": "2.507",
            "high": "2.507",
            "low": "2.507",
            "close": "2.507"
        },
        {
            "time": "29.11.2020 08:54",
            "open": "2.507",
            "high": "2.507",
            "low": "2.507",
            "close": "2.508"
        },
        {
            "time": "29.11.2020 08:57",
            "open": "2.508",
            "high": "2.508",
            "low": "2.508",
            "close": "2.509"
        },
        {
            "time": "29.11.2020 09:02",
            "open": "2.509",
            "high": "2.51",
            "low": "2.509",
            "close": "2.516"
        },
        {
            "time": "29.11.2020 09:04",
            "open": "2.516",
            "high": "2.516",
            "low": "2.516",
            "close": "2.522"
        },
        {
            "time": "29.11.2020 09:06",
            "open": "2.522",
            "high": "2.524",
            "low": "2.522",
            "close": "2.527"
        },
        {
            "time": "29.11.2020 09:08",
            "open": "2.527",
            "high": "2.527",
            "low": "2.527",
            "close": "2.529"
        },
        {
            "time": "29.11.2020 09:13",
            "open": "2.529",
            "high": "2.529",
            "low": "2.529",
            "close": "2.539"
        },
        {
            "time": "29.11.2020 09:14",
            "open": "2.539",
            "high": "2.539",
            "low": "2.535",
            "close": "2.538"
        },
        {
            "time": "29.11.2020 09:15",
            "open": "2.538",
            "high": "2.538",
            "low": "2.538",
            "close": "2.541"
        },
        {
            "time": "29.11.2020 09:16",
            "open": "2.541",
            "high": "2.541",
            "low": "2.541",
            "close": "2.542"
        },
        {
            "time": "29.11.2020 09:20",
            "open": "2.542",
            "high": "2.542",
            "low": "2.542",
            "close": "2.537"
        },
        {
            "time": "29.11.2020 09:21",
            "open": "2.537",
            "high": "2.538",
            "low": "2.537",
            "close": "2.541"
        },
        {
            "time": "29.11.2020 09:25",
            "open": "2.541",
            "high": "2.541",
            "low": "2.541",
            "close": "2.544"
        },
        {
            "time": "29.11.2020 09:26",
            "open": "2.544",
            "high": "2.548",
            "low": "2.544",
            "close": "2.548"
        },
        {
            "time": "29.11.2020 09:27",
            "open": "2.548",
            "high": "2.548",
            "low": "2.547",
            "close": "2.544"
        },
        {
            "time": "29.11.2020 09:29",
            "open": "2.544",
            "high": "2.544",
            "low": "2.544",
            "close": "2.545"
        },
        {
            "time": "29.11.2020 09:31",
            "open": "2.545",
            "high": "2.558",
            "low": "2.543",
            "close": "2.544"
        },
        {
            "time": "29.11.2020 09:32",
            "open": "2.544",
            "high": "2.546",
            "low": "2.54",
            "close": "2.54"
        },
        {
            "time": "29.11.2020 09:33",
            "open": "2.54",
            "high": "2.54",
            "low": "2.535",
            "close": "2.535"
        },
        {
            "time": "29.11.2020 09:34",
            "open": "2.535",
            "high": "2.544",
            "low": "2.535",
            "close": "2.535"
        },
        {
            "time": "29.11.2020 09:35",
            "open": "2.535",
            "high": "2.54",
            "low": "2.535",
            "close": "2.535"
        },
        {
            "time": "29.11.2020 09:36",
            "open": "2.535",
            "high": "2.535",
            "low": "2.535",
            "close": "2.544"
        },
        {
            "time": "29.11.2020 09:38",
            "open": "2.544",
            "high": "2.544",
            "low": "2.544",
            "close": "2.537"
        },
        {
            "time": "29.11.2020 09:39",
            "open": "2.537",
            "high": "2.537",
            "low": "2.537",
            "close": "2.534"
        },
        {
            "time": "29.11.2020 09:41",
            "open": "2.534",
            "high": "2.536",
            "low": "2.534",
            "close": "2.536"
        },
        {
            "time": "29.11.2020 09:42",
            "open": "2.536",
            "high": "2.536",
            "low": "2.536",
            "close": "2.537"
        },
        {
            "time": "29.11.2020 09:49",
            "open": "2.537",
            "high": "2.537",
            "low": "2.537",
            "close": "2.537"
        },
        {
            "time": "29.11.2020 09:51",
            "open": "2.537",
            "high": "2.537",
            "low": "2.537",
            "close": "2.536"
        },
        {
            "time": "29.11.2020 09:52",
            "open": "2.536",
            "high": "2.536",
            "low": "2.536",
            "close": "2.536"
        },
        {
            "time": "29.11.2020 09:54",
            "open": "2.536",
            "high": "2.536",
            "low": "2.536",
            "close": "2.533"
        },
        {
            "time": "29.11.2020 09:55",
            "open": "2.533",
            "high": "2.533",
            "low": "2.533",
            "close": "2.535"
        },
        {
            "time": "29.11.2020 09:57",
            "open": "2.535",
            "high": "2.535",
            "low": "2.535",
            "close": "2.54"
        },
        {
            "time": "29.11.2020 09:59",
            "open": "2.54",
            "high": "2.54",
            "low": "2.54",
            "close": "2.542"
        },
        {
            "time": "29.11.2020 10:00",
            "open": "2.542",
            "high": "2.542",
            "low": "2.542",
            "close": "2.536"
        },
        {
            "time": "29.11.2020 10:05",
            "open": "2.536",
            "high": "2.536",
            "low": "2.536",
            "close": "2.518"
        },
        {
            "time": "29.11.2020 10:06",
            "open": "2.518",
            "high": "2.519",
            "low": "2.518",
            "close": "2.519"
        },
        {
            "time": "29.11.2020 10:07",
            "open": "2.519",
            "high": "2.519",
            "low": "2.519",
            "close": "2.525"
        },
        {
            "time": "29.11.2020 10:09",
            "open": "2.525",
            "high": "2.525",
            "low": "2.525",
            "close": "2.528"
        },
        {
            "time": "29.11.2020 10:10",
            "open": "2.528",
            "high": "2.529",
            "low": "2.528",
            "close": "2.527"
        },
        {
            "time": "29.11.2020 10:15",
            "open": "2.527",
            "high": "2.527",
            "low": "2.527",
            "close": "2.527"
        },
        {
            "time": "29.11.2020 10:16",
            "open": "2.527",
            "high": "2.527",
            "low": "2.527",
            "close": "2.529"
        },
        {
            "time": "29.11.2020 10:17",
            "open": "2.529",
            "high": "2.529",
            "low": "2.528",
            "close": "2.53"
        },
        {
            "time": "29.11.2020 10:21",
            "open": "2.53",
            "high": "2.53",
            "low": "2.53",
            "close": "2.53"
        },
        {
            "time": "29.11.2020 10:23",
            "open": "2.53",
            "high": "2.53",
            "low": "2.53",
            "close": "2.535"
        },
        {
            "time": "29.11.2020 10:25",
            "open": "2.535",
            "high": "2.535",
            "low": "2.535",
            "close": "2.53"
        },
        {
            "time": "29.11.2020 10:26",
            "open": "2.53",
            "high": "2.53",
            "low": "2.53",
            "close": "2.534"
        },
        {
            "time": "29.11.2020 10:28",
            "open": "2.534",
            "high": "2.534",
            "low": "2.534",
            "close": "2.535"
        },
        {
            "time": "29.11.2020 10:29",
            "open": "2.535",
            "high": "2.535",
            "low": "2.535",
            "close": "2.538"
        },
        {
            "time": "29.11.2020 10:32",
            "open": "2.538",
            "high": "2.538",
            "low": "2.534",
            "close": "2.53"
        },
        {
            "time": "29.11.2020 10:33",
            "open": "2.53",
            "high": "2.533",
            "low": "2.53",
            "close": "2.53"
        },
        {
            "time": "29.11.2020 10:36",
            "open": "2.53",
            "high": "2.53",
            "low": "2.53",
            "close": "2.532"
        },
        {
            "time": "29.11.2020 10:37",
            "open": "2.532",
            "high": "2.534",
            "low": "2.532",
            "close": "2.532"
        },
        {
            "time": "29.11.2020 10:38",
            "open": "2.532",
            "high": "2.532",
            "low": "2.532",
            "close": "2.53"
        },
        {
            "time": "29.11.2020 10:39",
            "open": "2.53",
            "high": "2.53",
            "low": "2.53",
            "close": "2.527"
        },
        {
            "time": "29.11.2020 10:40",
            "open": "2.527",
            "high": "2.529",
            "low": "2.527",
            "close": "2.53"
        },
        {
            "time": "29.11.2020 10:41",
            "open": "2.53",
            "high": "2.53",
            "low": "2.53",
            "close": "2.53"
        },
        {
            "time": "29.11.2020 10:44",
            "open": "2.53",
            "high": "2.53",
            "low": "2.53",
            "close": "2.52"
        },
        {
            "time": "29.11.2020 10:46",
            "open": "2.52",
            "high": "2.52",
            "low": "2.52",
            "close": "2.523"
        },
        {
            "time": "29.11.2020 10:47",
            "open": "2.523",
            "high": "2.523",
            "low": "2.523",
            "close": "2.521"
        },
        {
            "time": "29.11.2020 10:51",
            "open": "2.521",
            "high": "2.521",
            "low": "2.521",
            "close": "2.518"
        },
        {
            "time": "29.11.2020 10:55",
            "open": "2.518",
            "high": "2.518",
            "low": "2.518",
            "close": "2.523"
        },
        {
            "time": "29.11.2020 10:59",
            "open": "2.523",
            "high": "2.523",
            "low": "2.523",
            "close": "2.522"
        },
        {
            "time": "29.11.2020 11:00",
            "open": "2.522",
            "high": "2.522",
            "low": "2.519",
            "close": "2.518"
        },
        {
            "time": "29.11.2020 11:02",
            "open": "2.518",
            "high": "2.518",
            "low": "2.518",
            "close": "2.513"
        },
        {
            "time": "29.11.2020 11:03",
            "open": "2.513",
            "high": "2.513",
            "low": "2.513",
            "close": "2.511"
        },
        {
            "time": "29.11.2020 11:06",
            "open": "2.511",
            "high": "2.511",
            "low": "2.511",
            "close": "2.513"
        },
        {
            "time": "29.11.2020 11:11",
            "open": "2.513",
            "high": "2.514",
            "low": "2.511",
            "close": "2.517"
        },
        {
            "time": "29.11.2020 11:13",
            "open": "2.517",
            "high": "2.518",
            "low": "2.517",
            "close": "2.521"
        },
        {
            "time": "29.11.2020 11:16",
            "open": "2.521",
            "high": "2.521",
            "low": "2.521",
            "close": "2.527"
        },
        {
            "time": "29.11.2020 11:21",
            "open": "2.527",
            "high": "2.527",
            "low": "2.527",
            "close": "2.529"
        },
        {
            "time": "29.11.2020 11:22",
            "open": "2.529",
            "high": "2.529",
            "low": "2.525",
            "close": "2.529"
        },
        {
            "time": "29.11.2020 11:23",
            "open": "2.529",
            "high": "2.529",
            "low": "2.529",
            "close": "2.528"
        },
        {
            "time": "29.11.2020 11:26",
            "open": "2.528",
            "high": "2.529",
            "low": "2.528",
            "close": "2.526"
        },
        {
            "time": "29.11.2020 11:30",
            "open": "2.526",
            "high": "2.526",
            "low": "2.526",
            "close": "2.519"
        },
        {
            "time": "29.11.2020 11:31",
            "open": "2.519",
            "high": "2.519",
            "low": "2.519",
            "close": "2.52"
        },
        {
            "time": "29.11.2020 11:32",
            "open": "2.52",
            "high": "2.52",
            "low": "2.52",
            "close": "2.52"
        },
        {
            "time": "29.11.2020 11:33",
            "open": "2.52",
            "high": "2.52",
            "low": "2.52",
            "close": "2.519"
        },
        {
            "time": "29.11.2020 11:35",
            "open": "2.519",
            "high": "2.519",
            "low": "2.519",
            "close": "2.52"
        },
        {
            "time": "29.11.2020 11:36",
            "open": "2.52",
            "high": "2.52",
            "low": "2.52",
            "close": "2.52"
        },
        {
            "time": "29.11.2020 11:40",
            "open": "2.52",
            "high": "2.522",
            "low": "2.52",
            "close": "2.526"
        },
        {
            "time": "29.11.2020 11:42",
            "open": "2.526",
            "high": "2.526",
            "low": "2.526",
            "close": "2.526"
        },
        {
            "time": "29.11.2020 11:43",
            "open": "2.526",
            "high": "2.526",
            "low": "2.526",
            "close": "2.525"
        },
        {
            "time": "29.11.2020 11:48",
            "open": "2.525",
            "high": "2.525",
            "low": "2.525",
            "close": "2.523"
        },
        {
            "time": "29.11.2020 11:50",
            "open": "2.523",
            "high": "2.528",
            "low": "2.523",
            "close": "2.53"
        },
        {
            "time": "29.11.2020 11:52",
            "open": "2.53",
            "high": "2.53",
            "low": "2.53",
            "close": "2.538"
        },
        {
            "time": "29.11.2020 11:53",
            "open": "2.538",
            "high": "2.538",
            "low": "2.538",
            "close": "2.553"
        },
        {
            "time": "29.11.2020 11:56",
            "open": "2.553",
            "high": "2.553",
            "low": "2.553",
            "close": "2.548"
        },
        {
            "time": "29.11.2020 11:57",
            "open": "2.548",
            "high": "2.554",
            "low": "2.548",
            "close": "2.556"
        },
        {
            "time": "29.11.2020 11:58",
            "open": "2.556",
            "high": "2.559",
            "low": "2.555",
            "close": "2.561"
        },
        {
            "time": "29.11.2020 11:59",
            "open": "2.561",
            "high": "2.564",
            "low": "2.561",
            "close": "2.562"
        },
        {
            "time": "29.11.2020 12:00",
            "open": "2.562",
            "high": "2.562",
            "low": "2.561",
            "close": "2.562"
        },
        {
            "time": "29.11.2020 12:01",
            "open": "2.562",
            "high": "2.562",
            "low": "2.562",
            "close": "2.562"
        },
        {
            "time": "29.11.2020 12:02",
            "open": "2.562",
            "high": "2.562",
            "low": "2.558",
            "close": "2.55"
        },
        {
            "time": "29.11.2020 12:03",
            "open": "2.55",
            "high": "2.55",
            "low": "2.55",
            "close": "2.547"
        },
        {
            "time": "29.11.2020 12:04",
            "open": "2.547",
            "high": "2.547",
            "low": "2.547",
            "close": "2.552"
        },
        {
            "time": "29.11.2020 12:07",
            "open": "2.552",
            "high": "2.562",
            "low": "2.552",
            "close": "2.561"
        },
        {
            "time": "29.11.2020 12:08",
            "open": "2.561",
            "high": "2.561",
            "low": "2.561",
            "close": "2.559"
        },
        {
            "time": "29.11.2020 12:09",
            "open": "2.559",
            "high": "2.559",
            "low": "2.558",
            "close": "2.556"
        },
        {
            "time": "29.11.2020 12:11",
            "open": "2.556",
            "high": "2.561",
            "low": "2.556",
            "close": "2.561"
        },
        {
            "time": "29.11.2020 12:12",
            "open": "2.561",
            "high": "2.565",
            "low": "2.561",
            "close": "2.562"
        },
        {
            "time": "29.11.2020 12:13",
            "open": "2.562",
            "high": "2.564",
            "low": "2.562",
            "close": "2.563"
        },
        {
            "time": "29.11.2020 12:14",
            "open": "2.563",
            "high": "2.568",
            "low": "2.562",
            "close": "2.57"
        },
        {
            "time": "29.11.2020 12:15",
            "open": "2.57",
            "high": "2.586",
            "low": "2.57",
            "close": "2.59"
        },
        {
            "time": "29.11.2020 12:16",
            "open": "2.59",
            "high": "2.596",
            "low": "2.582",
            "close": "2.566"
        },
        {
            "time": "29.11.2020 12:17",
            "open": "2.566",
            "high": "2.567",
            "low": "2.542",
            "close": "2.567"
        },
        {
            "time": "29.11.2020 12:18",
            "open": "2.567",
            "high": "2.567",
            "low": "2.563",
            "close": "2.566"
        },
        {
            "time": "29.11.2020 12:19",
            "open": "2.566",
            "high": "2.566",
            "low": "2.56",
            "close": "2.563"
        },
        {
            "time": "29.11.2020 12:20",
            "open": "2.563",
            "high": "2.563",
            "low": "2.563",
            "close": "2.545"
        },
        {
            "time": "29.11.2020 12:25",
            "open": "2.545",
            "high": "2.545",
            "low": "2.543",
            "close": "2.538"
        },
        {
            "time": "29.11.2020 12:26",
            "open": "2.538",
            "high": "2.539",
            "low": "2.532",
            "close": "2.538"
        },
        {
            "time": "29.11.2020 12:27",
            "open": "2.538",
            "high": "2.54",
            "low": "2.538",
            "close": "2.537"
        },
        {
            "time": "29.11.2020 12:28",
            "open": "2.537",
            "high": "2.537",
            "low": "2.531",
            "close": "2.538"
        },
        {
            "time": "29.11.2020 12:29",
            "open": "2.538",
            "high": "2.538",
            "low": "2.523",
            "close": "2.537"
        },
        {
            "time": "29.11.2020 12:30",
            "open": "2.537",
            "high": "2.541",
            "low": "2.537",
            "close": "2.537"
        },
        {
            "time": "29.11.2020 12:31",
            "open": "2.537",
            "high": "2.537",
            "low": "2.531",
            "close": "2.532"
        },
        {
            "time": "29.11.2020 12:32",
            "open": "2.532",
            "high": "2.532",
            "low": "2.532",
            "close": "2.534"
        },
        {
            "time": "29.11.2020 12:33",
            "open": "2.534",
            "high": "2.534",
            "low": "2.534",
            "close": "2.527"
        },
        {
            "time": "29.11.2020 12:35",
            "open": "2.527",
            "high": "2.527",
            "low": "2.527",
            "close": "2.526"
        },
        {
            "time": "29.11.2020 12:37",
            "open": "2.526",
            "high": "2.526",
            "low": "2.526",
            "close": "2.521"
        },
        {
            "time": "29.11.2020 12:38",
            "open": "2.521",
            "high": "2.522",
            "low": "2.521",
            "close": "2.523"
        },
        {
            "time": "29.11.2020 12:40",
            "open": "2.523",
            "high": "2.523",
            "low": "2.523",
            "close": "2.521"
        },
        {
            "time": "29.11.2020 12:41",
            "open": "2.521",
            "high": "2.521",
            "low": "2.516",
            "close": "2.52"
        },
        {
            "time": "29.11.2020 12:45",
            "open": "2.52",
            "high": "2.52",
            "low": "2.52",
            "close": "2.527"
        },
        {
            "time": "29.11.2020 12:46",
            "open": "2.527",
            "high": "2.528",
            "low": "2.527",
            "close": "2.529"
        },
        {
            "time": "29.11.2020 12:48",
            "open": "2.529",
            "high": "2.529",
            "low": "2.529",
            "close": "2.529"
        },
        {
            "time": "29.11.2020 12:59",
            "open": "2.529",
            "high": "2.529",
            "low": "2.528",
            "close": "2.531"
        },
        {
            "time": "29.11.2020 13:01",
            "open": "2.531",
            "high": "2.532",
            "low": "2.531",
            "close": "2.531"
        },
        {
            "time": "29.11.2020 13:03",
            "open": "2.531",
            "high": "2.531",
            "low": "2.531",
            "close": "2.527"
        },
        {
            "time": "29.11.2020 13:08",
            "open": "2.527",
            "high": "2.527",
            "low": "2.527",
            "close": "2.512"
        },
        {
            "time": "29.11.2020 13:14",
            "open": "2.512",
            "high": "2.512",
            "low": "2.512",
            "close": "2.516"
        },
        {
            "time": "29.11.2020 13:15",
            "open": "2.516",
            "high": "2.516",
            "low": "2.516",
            "close": "2.512"
        },
        {
            "time": "29.11.2020 13:18",
            "open": "2.512",
            "high": "2.512",
            "low": "2.5",
            "close": "2.49"
        },
        {
            "time": "29.11.2020 13:19",
            "open": "2.49",
            "high": "2.49",
            "low": "2.489",
            "close": "2.496"
        },
        {
            "time": "29.11.2020 13:20",
            "open": "2.496",
            "high": "2.496",
            "low": "2.493",
            "close": "2.494"
        },
        {
            "time": "29.11.2020 13:21",
            "open": "2.494",
            "high": "2.494",
            "low": "2.494",
            "close": "2.493"
        },
        {
            "time": "29.11.2020 13:22",
            "open": "2.493",
            "high": "2.493",
            "low": "2.491",
            "close": "2.494"
        },
        {
            "time": "29.11.2020 13:23",
            "open": "2.494",
            "high": "2.495",
            "low": "2.494",
            "close": "2.499"
        },
        {
            "time": "29.11.2020 13:24",
            "open": "2.499",
            "high": "2.499",
            "low": "2.499",
            "close": "2.5"
        },
        {
            "time": "29.11.2020 13:30",
            "open": "2.5",
            "high": "2.5",
            "low": "2.5",
            "close": "2.503"
        },
        {
            "time": "29.11.2020 13:31",
            "open": "2.503",
            "high": "2.503",
            "low": "2.503",
            "close": "2.493"
        },
        {
            "time": "29.11.2020 13:34",
            "open": "2.493",
            "high": "2.493",
            "low": "2.493",
            "close": "2.494"
        },
        {
            "time": "29.11.2020 13:35",
            "open": "2.494",
            "high": "2.495",
            "low": "2.494",
            "close": "2.496"
        },
        {
            "time": "29.11.2020 13:36",
            "open": "2.496",
            "high": "2.496",
            "low": "2.494",
            "close": "2.497"
        },
        {
            "time": "29.11.2020 13:37",
            "open": "2.497",
            "high": "2.501",
            "low": "2.497",
            "close": "2.504"
        },
        {
            "time": "29.11.2020 13:43",
            "open": "2.504",
            "high": "2.504",
            "low": "2.504",
            "close": "2.507"
        },
        {
            "time": "29.11.2020 13:49",
            "open": "2.507",
            "high": "2.51",
            "low": "2.507",
            "close": "2.51"
        },
        {
            "time": "29.11.2020 13:58",
            "open": "2.51",
            "high": "2.511",
            "low": "2.51",
            "close": "2.51"
        },
        {
            "time": "29.11.2020 13:59",
            "open": "2.51",
            "high": "2.51",
            "low": "2.51",
            "close": "2.51"
        },
        {
            "time": "29.11.2020 14:00",
            "open": "2.51",
            "high": "2.51",
            "low": "2.51",
            "close": "2.514"
        },
        {
            "time": "29.11.2020 14:01",
            "open": "2.514",
            "high": "2.514",
            "low": "2.514",
            "close": "2.514"
        },
        {
            "time": "29.11.2020 14:02",
            "open": "2.514",
            "high": "2.514",
            "low": "2.514",
            "close": "2.521"
        },
        {
            "time": "29.11.2020 14:05",
            "open": "2.521",
            "high": "2.521",
            "low": "2.521",
            "close": "2.521"
        },
        {
            "time": "29.11.2020 14:09",
            "open": "2.521",
            "high": "2.521",
            "low": "2.521",
            "close": "2.518"
        },
        {
            "time": "29.11.2020 14:16",
            "open": "2.518",
            "high": "2.519",
            "low": "2.518",
            "close": "2.527"
        },
        {
            "time": "29.11.2020 14:18",
            "open": "2.527",
            "high": "2.527",
            "low": "2.527",
            "close": "2.536"
        },
        {
            "time": "29.11.2020 14:25",
            "open": "2.536",
            "high": "2.536",
            "low": "2.536",
            "close": "2.532"
        },
        {
            "time": "29.11.2020 14:26",
            "open": "2.532",
            "high": "2.532",
            "low": "2.532",
            "close": "2.529"
        },
        {
            "time": "29.11.2020 14:29",
            "open": "2.529",
            "high": "2.53",
            "low": "2.529",
            "close": "2.528"
        },
        {
            "time": "29.11.2020 14:31",
            "open": "2.528",
            "high": "2.528",
            "low": "2.528",
            "close": "2.53"
        },
        {
            "time": "29.11.2020 14:33",
            "open": "2.53",
            "high": "2.53",
            "low": "2.53",
            "close": "2.529"
        },
        {
            "time": "29.11.2020 14:36",
            "open": "2.529",
            "high": "2.53",
            "low": "2.529",
            "close": "2.528"
        },
        {
            "time": "29.11.2020 14:38",
            "open": "2.528",
            "high": "2.528",
            "low": "2.528",
            "close": "2.521"
        },
        {
            "time": "29.11.2020 14:44",
            "open": "2.521",
            "high": "2.521",
            "low": "2.521",
            "close": "2.517"
        },
        {
            "time": "29.11.2020 14:45",
            "open": "2.517",
            "high": "2.517",
            "low": "2.517",
            "close": "2.524"
        },
        {
            "time": "29.11.2020 14:50",
            "open": "2.524",
            "high": "2.525",
            "low": "2.524",
            "close": "2.526"
        },
        {
            "time": "29.11.2020 14:52",
            "open": "2.526",
            "high": "2.527",
            "low": "2.526",
            "close": "2.527"
        },
        {
            "time": "29.11.2020 14:55",
            "open": "2.527",
            "high": "2.527",
            "low": "2.527",
            "close": "2.534"
        },
        {
            "time": "29.11.2020 14:59",
            "open": "2.534",
            "high": "2.534",
            "low": "2.534",
            "close": "2.534"
        },
        {
            "time": "29.11.2020 15:00",
            "open": "2.534",
            "high": "2.538",
            "low": "2.534",
            "close": "2.535"
        },
        {
            "time": "29.11.2020 15:03",
            "open": "2.535",
            "high": "2.535",
            "low": "2.535",
            "close": "2.533"
        },
        {
            "time": "29.11.2020 15:04",
            "open": "2.533",
            "high": "2.533",
            "low": "2.533",
            "close": "2.533"
        },
        {
            "time": "29.11.2020 15:05",
            "open": "2.533",
            "high": "2.533",
            "low": "2.533",
            "close": "2.539"
        },
        {
            "time": "29.11.2020 15:15",
            "open": "2.539",
            "high": "2.539",
            "low": "2.539",
            "close": "2.529"
        },
        {
            "time": "29.11.2020 15:18",
            "open": "2.529",
            "high": "2.529",
            "low": "2.529",
            "close": "2.529"
        },
        {
            "time": "29.11.2020 15:26",
            "open": "2.529",
            "high": "2.529",
            "low": "2.529",
            "close": "2.527"
        },
        {
            "time": "29.11.2020 15:30",
            "open": "2.527",
            "high": "2.527",
            "low": "2.527",
            "close": "2.524"
        },
        {
            "time": "29.11.2020 15:31",
            "open": "2.524",
            "high": "2.524",
            "low": "2.524",
            "close": "2.525"
        },
        {
            "time": "29.11.2020 15:32",
            "open": "2.525",
            "high": "2.525",
            "low": "2.525",
            "close": "2.525"
        },
        {
            "time": "29.11.2020 15:34",
            "open": "2.525",
            "high": "2.525",
            "low": "2.525",
            "close": "2.525"
        },
        {
            "time": "29.11.2020 15:39",
            "open": "2.525",
            "high": "2.525",
            "low": "2.525",
            "close": "2.525"
        },
        {
            "time": "29.11.2020 15:41",
            "open": "2.525",
            "high": "2.525",
            "low": "2.525",
            "close": "2.523"
        },
        {
            "time": "29.11.2020 15:43",
            "open": "2.523",
            "high": "2.523",
            "low": "2.523",
            "close": "2.518"
        },
        {
            "time": "29.11.2020 15:44",
            "open": "2.518",
            "high": "2.518",
            "low": "2.518",
            "close": "2.514"
        },
        {
            "time": "29.11.2020 15:45",
            "open": "2.514",
            "high": "2.514",
            "low": "2.514",
            "close": "2.516"
        },
        {
            "time": "29.11.2020 15:47",
            "open": "2.516",
            "high": "2.516",
            "low": "2.516",
            "close": "2.517"
        },
        {
            "time": "29.11.2020 15:48",
            "open": "2.517",
            "high": "2.517",
            "low": "2.517",
            "close": "2.511"
        },
        {
            "time": "29.11.2020 15:53",
            "open": "2.511",
            "high": "2.511",
            "low": "2.511",
            "close": "2.51"
        },
        {
            "time": "29.11.2020 16:00",
            "open": "2.51",
            "high": "2.51",
            "low": "2.505",
            "close": "2.505"
        },
        {
            "time": "29.11.2020 16:01",
            "open": "2.505",
            "high": "2.506",
            "low": "2.501",
            "close": "2.509"
        },
        {
            "time": "29.11.2020 16:07",
            "open": "2.509",
            "high": "2.509",
            "low": "2.509",
            "close": "2.51"
        },
        {
            "time": "29.11.2020 16:12",
            "open": "2.51",
            "high": "2.51",
            "low": "2.51",
            "close": "2.512"
        },
        {
            "time": "29.11.2020 16:14",
            "open": "2.512",
            "high": "2.513",
            "low": "2.511",
            "close": "2.512"
        },
        {
            "time": "29.11.2020 16:18",
            "open": "2.512",
            "high": "2.512",
            "low": "2.512",
            "close": "2.516"
        },
        {
            "time": "29.11.2020 16:22",
            "open": "2.516",
            "high": "2.517",
            "low": "2.514",
            "close": "2.514"
        },
        {
            "time": "29.11.2020 16:23",
            "open": "2.514",
            "high": "2.514",
            "low": "2.514",
            "close": "2.508"
        },
        {
            "time": "29.11.2020 16:29",
            "open": "2.508",
            "high": "2.511",
            "low": "2.508",
            "close": "2.514"
        },
        {
            "time": "29.11.2020 16:32",
            "open": "2.514",
            "high": "2.514",
            "low": "2.514",
            "close": "2.515"
        },
        {
            "time": "29.11.2020 16:33",
            "open": "2.515",
            "high": "2.515",
            "low": "2.515",
            "close": "2.504"
        },
        {
            "time": "29.11.2020 16:34",
            "open": "2.504",
            "high": "2.504",
            "low": "2.501",
            "close": "2.498"
        },
        {
            "time": "29.11.2020 16:35",
            "open": "2.498",
            "high": "2.498",
            "low": "2.498",
            "close": "2.496"
        },
        {
            "time": "29.11.2020 16:36",
            "open": "2.496",
            "high": "2.496",
            "low": "2.487",
            "close": "2.489"
        },
        {
            "time": "29.11.2020 16:37",
            "open": "2.489",
            "high": "2.489",
            "low": "2.489",
            "close": "2.489"
        },
        {
            "time": "29.11.2020 16:39",
            "open": "2.489",
            "high": "2.492",
            "low": "2.489",
            "close": "2.486"
        },
        {
            "time": "29.11.2020 16:40",
            "open": "2.486",
            "high": "2.486",
            "low": "2.478",
            "close": "2.479"
        },
        {
            "time": "29.11.2020 16:41",
            "open": "2.479",
            "high": "2.479",
            "low": "2.479",
            "close": "2.483"
        },
        {
            "time": "29.11.2020 16:42",
            "open": "2.483",
            "high": "2.483",
            "low": "2.482",
            "close": "2.48"
        },
        {
            "time": "29.11.2020 16:43",
            "open": "2.48",
            "high": "2.48",
            "low": "2.472",
            "close": "2.482"
        },
        {
            "time": "29.11.2020 16:44",
            "open": "2.482",
            "high": "2.482",
            "low": "2.479",
            "close": "2.479"
        },
        {
            "time": "29.11.2020 16:45",
            "open": "2.479",
            "high": "2.484",
            "low": "2.477",
            "close": "2.479"
        },
        {
            "time": "29.11.2020 16:46",
            "open": "2.479",
            "high": "2.479",
            "low": "2.479",
            "close": "2.484"
        },
        {
            "time": "29.11.2020 16:48",
            "open": "2.484",
            "high": "2.485",
            "low": "2.484",
            "close": "2.483"
        },
        {
            "time": "29.11.2020 16:49",
            "open": "2.483",
            "high": "2.483",
            "low": "2.478",
            "close": "2.479"
        },
        {
            "time": "29.11.2020 16:50",
            "open": "2.479",
            "high": "2.479",
            "low": "2.475",
            "close": "2.476"
        },
        {
            "time": "29.11.2020 16:51",
            "open": "2.476",
            "high": "2.476",
            "low": "2.476",
            "close": "2.479"
        },
        {
            "time": "29.11.2020 16:53",
            "open": "2.479",
            "high": "2.481",
            "low": "2.476",
            "close": "2.482"
        },
        {
            "time": "29.11.2020 16:58",
            "open": "2.482",
            "high": "2.482",
            "low": "2.482",
            "close": "2.484"
        },
        {
            "time": "29.11.2020 16:59",
            "open": "2.484",
            "high": "2.484",
            "low": "2.484",
            "close": "2.484"
        },
        {
            "time": "29.11.2020 17:00",
            "open": "2.484",
            "high": "2.484",
            "low": "2.482",
            "close": "2.481"
        },
        {
            "time": "29.11.2020 17:03",
            "open": "2.481",
            "high": "2.481",
            "low": "2.481",
            "close": "2.482"
        },
        {
            "time": "29.11.2020 17:04",
            "open": "2.482",
            "high": "2.482",
            "low": "2.482",
            "close": "2.48"
        },
        {
            "time": "29.11.2020 17:05",
            "open": "2.48",
            "high": "2.48",
            "low": "2.463",
            "close": "2.463"
        },
        {
            "time": "29.11.2020 17:06",
            "open": "2.463",
            "high": "2.464",
            "low": "2.46",
            "close": "2.46"
        },
        {
            "time": "29.11.2020 17:07",
            "open": "2.46",
            "high": "2.46",
            "low": "2.448",
            "close": "2.455"
        },
        {
            "time": "29.11.2020 17:08",
            "open": "2.455",
            "high": "2.455",
            "low": "2.455",
            "close": "2.459"
        },
        {
            "time": "29.11.2020 17:11",
            "open": "2.459",
            "high": "2.459",
            "low": "2.459",
            "close": "2.452"
        },
        {
            "time": "29.11.2020 17:13",
            "open": "2.452",
            "high": "2.452",
            "low": "2.452",
            "close": "2.462"
        },
        {
            "time": "29.11.2020 17:18",
            "open": "2.462",
            "high": "2.462",
            "low": "2.462",
            "close": "2.458"
        },
        {
            "time": "29.11.2020 17:20",
            "open": "2.458",
            "high": "2.458",
            "low": "2.453",
            "close": "2.451"
        },
        {
            "time": "29.11.2020 17:21",
            "open": "2.451",
            "high": "2.452",
            "low": "2.451",
            "close": "2.45"
        },
        {
            "time": "29.11.2020 17:22",
            "open": "2.45",
            "high": "2.45",
            "low": "2.45",
            "close": "2.45"
        },
        {
            "time": "29.11.2020 17:24",
            "open": "2.45",
            "high": "2.45",
            "low": "2.45",
            "close": "2.454"
        },
        {
            "time": "29.11.2020 17:26",
            "open": "2.454",
            "high": "2.454",
            "low": "2.454",
            "close": "2.452"
        },
        {
            "time": "29.11.2020 17:27",
            "open": "2.452",
            "high": "2.452",
            "low": "2.452",
            "close": "2.457"
        },
        {
            "time": "29.11.2020 17:28",
            "open": "2.457",
            "high": "2.457",
            "low": "2.452",
            "close": "2.455"
        },
        {
            "time": "29.11.2020 17:29",
            "open": "2.455",
            "high": "2.455",
            "low": "2.455",
            "close": "2.456"
        },
        {
            "time": "29.11.2020 17:30",
            "open": "2.456",
            "high": "2.456",
            "low": "2.452",
            "close": "2.462"
        },
        {
            "time": "29.11.2020 17:32",
            "open": "2.462",
            "high": "2.462",
            "low": "2.462",
            "close": "2.464"
        },
        {
            "time": "29.11.2020 17:34",
            "open": "2.464",
            "high": "2.464",
            "low": "2.462",
            "close": "2.465"
        },
        {
            "time": "29.11.2020 17:35",
            "open": "2.465",
            "high": "2.465",
            "low": "2.464",
            "close": "2.462"
        },
        {
            "time": "29.11.2020 17:36",
            "open": "2.462",
            "high": "2.462",
            "low": "2.462",
            "close": "2.458"
        },
        {
            "time": "29.11.2020 17:37",
            "open": "2.458",
            "high": "2.458",
            "low": "2.456",
            "close": "2.463"
        },
        {
            "time": "29.11.2020 17:39",
            "open": "2.463",
            "high": "2.463",
            "low": "2.463",
            "close": "2.459"
        },
        {
            "time": "29.11.2020 17:40",
            "open": "2.459",
            "high": "2.465",
            "low": "2.459",
            "close": "2.468"
        },
        {
            "time": "29.11.2020 17:42",
            "open": "2.468",
            "high": "2.468",
            "low": "2.468",
            "close": "2.464"
        },
        {
            "time": "29.11.2020 17:43",
            "open": "2.464",
            "high": "2.464",
            "low": "2.464",
            "close": "2.468"
        },
        {
            "time": "29.11.2020 17:44",
            "open": "2.468",
            "high": "2.468",
            "low": "2.468",
            "close": "2.47"
        },
        {
            "time": "29.11.2020 17:46",
            "open": "2.47",
            "high": "2.471",
            "low": "2.47",
            "close": "2.469"
        },
        {
            "time": "29.11.2020 17:47",
            "open": "2.469",
            "high": "2.472",
            "low": "2.469",
            "close": "2.468"
        },
        {
            "time": "29.11.2020 17:48",
            "open": "2.468",
            "high": "2.472",
            "low": "2.468",
            "close": "2.471"
        },
        {
            "time": "29.11.2020 17:50",
            "open": "2.471",
            "high": "2.472",
            "low": "2.471",
            "close": "2.474"
        },
        {
            "time": "29.11.2020 17:51",
            "open": "2.474",
            "high": "2.474",
            "low": "2.474",
            "close": "2.477"
        },
        {
            "time": "29.11.2020 17:52",
            "open": "2.477",
            "high": "2.477",
            "low": "2.477",
            "close": "2.474"
        },
        {
            "time": "29.11.2020 17:54",
            "open": "2.474",
            "high": "2.474",
            "low": "2.474",
            "close": "2.473"
        },
        {
            "time": "29.11.2020 17:55",
            "open": "2.473",
            "high": "2.473",
            "low": "2.473",
            "close": "2.479"
        },
        {
            "time": "29.11.2020 17:56",
            "open": "2.479",
            "high": "2.479",
            "low": "2.479",
            "close": "2.478"
        },
        {
            "time": "29.11.2020 18:00",
            "open": "2.478",
            "high": "2.478",
            "low": "2.471",
            "close": "2.478"
        },
        {
            "time": "29.11.2020 18:01",
            "open": "2.478",
            "high": "2.478",
            "low": "2.478",
            "close": "2.482"
        },
        {
            "time": "29.11.2020 18:05",
            "open": "2.482",
            "high": "2.482",
            "low": "2.482",
            "close": "2.482"
        },
        {
            "time": "29.11.2020 18:10",
            "open": "2.482",
            "high": "2.482",
            "low": "2.482",
            "close": "2.501"
        },
        {
            "time": "29.11.2020 18:16",
            "open": "2.501",
            "high": "2.507",
            "low": "2.501",
            "close": "2.501"
        },
        {
            "time": "29.11.2020 18:17",
            "open": "2.501",
            "high": "2.501",
            "low": "2.501",
            "close": "2.502"
        },
        {
            "time": "29.11.2020 18:18",
            "open": "2.502",
            "high": "2.509",
            "low": "2.502",
            "close": "2.511"
        },
        {
            "time": "29.11.2020 18:19",
            "open": "2.511",
            "high": "2.512",
            "low": "2.511",
            "close": "2.513"
        },
        {
            "time": "29.11.2020 18:20",
            "open": "2.513",
            "high": "2.518",
            "low": "2.513",
            "close": "2.529"
        },
        {
            "time": "29.11.2020 18:21",
            "open": "2.529",
            "high": "2.53",
            "low": "2.529",
            "close": "2.534"
        },
        {
            "time": "29.11.2020 18:22",
            "open": "2.534",
            "high": "2.534",
            "low": "2.534",
            "close": "2.536"
        },
        {
            "time": "29.11.2020 18:23",
            "open": "2.536",
            "high": "2.543",
            "low": "2.536",
            "close": "2.536"
        },
        {
            "time": "29.11.2020 18:27",
            "open": "2.536",
            "high": "2.536",
            "low": "2.536",
            "close": "2.53"
        },
        {
            "time": "29.11.2020 18:28",
            "open": "2.53",
            "high": "2.53",
            "low": "2.529",
            "close": "2.535"
        },
        {
            "time": "29.11.2020 18:29",
            "open": "2.535",
            "high": "2.535",
            "low": "2.535",
            "close": "2.535"
        },
        {
            "time": "29.11.2020 18:30",
            "open": "2.535",
            "high": "2.535",
            "low": "2.535",
            "close": "2.528"
        },
        {
            "time": "29.11.2020 18:35",
            "open": "2.528",
            "high": "2.528",
            "low": "2.527",
            "close": "2.522"
        },
        {
            "time": "29.11.2020 18:37",
            "open": "2.522",
            "high": "2.522",
            "low": "2.522",
            "close": "2.522"
        },
        {
            "time": "29.11.2020 18:38",
            "open": "2.522",
            "high": "2.523",
            "low": "2.522",
            "close": "2.525"
        },
        {
            "time": "29.11.2020 18:39",
            "open": "2.525",
            "high": "2.525",
            "low": "2.525",
            "close": "2.518"
        },
        {
            "time": "29.11.2020 18:43",
            "open": "2.518",
            "high": "2.518",
            "low": "2.517",
            "close": "2.517"
        },
        {
            "time": "29.11.2020 18:44",
            "open": "2.517",
            "high": "2.517",
            "low": "2.517",
            "close": "2.517"
        },
        {
            "time": "29.11.2020 18:45",
            "open": "2.517",
            "high": "2.517",
            "low": "2.517",
            "close": "2.519"
        },
        {
            "time": "29.11.2020 18:47",
            "open": "2.519",
            "high": "2.519",
            "low": "2.519",
            "close": "2.504"
        },
        {
            "time": "29.11.2020 19:02",
            "open": "2.504",
            "high": "2.504",
            "low": "2.484",
            "close": "2.501"
        },
        {
            "time": "29.11.2020 19:03",
            "open": "2.501",
            "high": "2.504",
            "low": "2.501",
            "close": "2.501"
        },
        {
            "time": "29.11.2020 19:04",
            "open": "2.501",
            "high": "2.501",
            "low": "2.496",
            "close": "2.503"
        },
        {
            "time": "29.11.2020 19:06",
            "open": "2.503",
            "high": "2.503",
            "low": "2.503",
            "close": "2.499"
        },
        {
            "time": "29.11.2020 19:07",
            "open": "2.499",
            "high": "2.499",
            "low": "2.498",
            "close": "2.502"
        },
        {
            "time": "29.11.2020 19:08",
            "open": "2.502",
            "high": "2.503",
            "low": "2.502",
            "close": "2.499"
        },
        {
            "time": "29.11.2020 19:11",
            "open": "2.499",
            "high": "2.499",
            "low": "2.499",
            "close": "2.5"
        },
        {
            "time": "29.11.2020 19:15",
            "open": "2.5",
            "high": "2.5",
            "low": "2.5",
            "close": "2.497"
        },
        {
            "time": "29.11.2020 19:17",
            "open": "2.497",
            "high": "2.497",
            "low": "2.497",
            "close": "2.495"
        },
        {
            "time": "29.11.2020 19:18",
            "open": "2.495",
            "high": "2.497",
            "low": "2.495",
            "close": "2.495"
        },
        {
            "time": "29.11.2020 19:19",
            "open": "2.495",
            "high": "2.495",
            "low": "2.495",
            "close": "2.496"
        },
        {
            "time": "29.11.2020 19:20",
            "open": "2.496",
            "high": "2.496",
            "low": "2.496",
            "close": "2.492"
        },
        {
            "time": "29.11.2020 19:21",
            "open": "2.492",
            "high": "2.492",
            "low": "2.49",
            "close": "2.495"
        },
        {
            "time": "29.11.2020 19:23",
            "open": "2.495",
            "high": "2.495",
            "low": "2.495",
            "close": "2.495"
        },
        {
            "time": "29.11.2020 19:25",
            "open": "2.495",
            "high": "2.495",
            "low": "2.495",
            "close": "2.494"
        },
        {
            "time": "29.11.2020 19:28",
            "open": "2.494",
            "high": "2.494",
            "low": "2.494",
            "close": "2.494"
        },
        {
            "time": "29.11.2020 19:29",
            "open": "2.494",
            "high": "2.494",
            "low": "2.494",
            "close": "2.493"
        },
        {
            "time": "29.11.2020 19:30",
            "open": "2.493",
            "high": "2.493",
            "low": "2.493",
            "close": "2.496"
        },
        {
            "time": "29.11.2020 19:31",
            "open": "2.496",
            "high": "2.499",
            "low": "2.496",
            "close": "2.502"
        },
        {
            "time": "29.11.2020 19:34",
            "open": "2.502",
            "high": "2.503",
            "low": "2.502",
            "close": "2.502"
        },
        {
            "time": "29.11.2020 19:35",
            "open": "2.502",
            "high": "2.502",
            "low": "2.502",
            "close": "2.497"
        },
        {
            "time": "29.11.2020 19:36",
            "open": "2.497",
            "high": "2.497",
            "low": "2.497",
            "close": "2.5"
        },
        {
            "time": "29.11.2020 19:38",
            "open": "2.5",
            "high": "2.5",
            "low": "2.5",
            "close": "2.497"
        },
        {
            "time": "29.11.2020 19:39",
            "open": "2.497",
            "high": "2.498",
            "low": "2.497",
            "close": "2.498"
        },
        {
            "time": "29.11.2020 19:43",
            "open": "2.498",
            "high": "2.498",
            "low": "2.498",
            "close": "2.498"
        },
        {
            "time": "29.11.2020 19:44",
            "open": "2.498",
            "high": "2.498",
            "low": "2.498",
            "close": "2.494"
        },
        {
            "time": "29.11.2020 19:46",
            "open": "2.494",
            "high": "2.494",
            "low": "2.494",
            "close": "2.495"
        },
        {
            "time": "29.11.2020 19:47",
            "open": "2.495",
            "high": "2.495",
            "low": "2.495",
            "close": "2.501"
        },
        {
            "time": "29.11.2020 19:48",
            "open": "2.501",
            "high": "2.501",
            "low": "2.501",
            "close": "2.503"
        },
        {
            "time": "29.11.2020 19:49",
            "open": "2.503",
            "high": "2.505",
            "low": "2.503",
            "close": "2.504"
        },
        {
            "time": "29.11.2020 19:50",
            "open": "2.504",
            "high": "2.504",
            "low": "2.504",
            "close": "2.505"
        },
        {
            "time": "29.11.2020 19:53",
            "open": "2.505",
            "high": "2.505",
            "low": "2.505",
            "close": "2.501"
        },
        {
            "time": "29.11.2020 19:55",
            "open": "2.501",
            "high": "2.504",
            "low": "2.501",
            "close": "2.507"
        },
        {
            "time": "29.11.2020 20:00",
            "open": "2.507",
            "high": "2.507",
            "low": "2.507",
            "close": "2.501"
        },
        {
            "time": "29.11.2020 20:03",
            "open": "2.501",
            "high": "2.501",
            "low": "2.501",
            "close": "2.501"
        },
        {
            "time": "29.11.2020 20:04",
            "open": "2.501",
            "high": "2.501",
            "low": "2.501",
            "close": "2.502"
        },
        {
            "time": "29.11.2020 20:05",
            "open": "2.502",
            "high": "2.502",
            "low": "2.502",
            "close": "2.504"
        },
        {
            "time": "29.11.2020 20:08",
            "open": "2.504",
            "high": "2.506",
            "low": "2.504",
            "close": "2.5"
        },
        {
            "time": "29.11.2020 20:12",
            "open": "2.5",
            "high": "2.5",
            "low": "2.5",
            "close": "2.501"
        },
        {
            "time": "29.11.2020 20:14",
            "open": "2.501",
            "high": "2.501",
            "low": "2.501",
            "close": "2.498"
        },
        {
            "time": "29.11.2020 20:16",
            "open": "2.498",
            "high": "2.498",
            "low": "2.498",
            "close": "2.499"
        },
        {
            "time": "29.11.2020 20:18",
            "open": "2.499",
            "high": "2.499",
            "low": "2.499",
            "close": "2.501"
        },
        {
            "time": "29.11.2020 20:20",
            "open": "2.501",
            "high": "2.501",
            "low": "2.501",
            "close": "2.502"
        },
        {
            "time": "29.11.2020 20:21",
            "open": "2.502",
            "high": "2.502",
            "low": "2.502",
            "close": "2.502"
        },
        {
            "time": "29.11.2020 20:23",
            "open": "2.502",
            "high": "2.502",
            "low": "2.502",
            "close": "2.491"
        },
        {
            "time": "29.11.2020 20:29",
            "open": "2.491",
            "high": "2.491",
            "low": "2.491",
            "close": "2.491"
        },
        {
            "time": "29.11.2020 20:30",
            "open": "2.491",
            "high": "2.491",
            "low": "2.491",
            "close": "2.484"
        },
        {
            "time": "29.11.2020 20:39",
            "open": "2.484",
            "high": "2.484",
            "low": "2.484",
            "close": "2.49"
        },
        {
            "time": "29.11.2020 20:43",
            "open": "2.49",
            "high": "2.49",
            "low": "2.489",
            "close": "2.484"
        },
        {
            "time": "29.11.2020 20:46",
            "open": "2.484",
            "high": "2.484",
            "low": "2.484",
            "close": "2.483"
        },
        {
            "time": "29.11.2020 20:48",
            "open": "2.483",
            "high": "2.483",
            "low": "2.483",
            "close": "2.482"
        },
        {
            "time": "29.11.2020 20:49",
            "open": "2.482",
            "high": "2.482",
            "low": "2.482",
            "close": "2.482"
        },
        {
            "time": "29.11.2020 20:50",
            "open": "2.482",
            "high": "2.482",
            "low": "2.482",
            "close": "2.485"
        },
        {
            "time": "29.11.2020 20:51",
            "open": "2.485",
            "high": "2.485",
            "low": "2.485",
            "close": "2.482"
        },
        {
            "time": "29.11.2020 20:53",
            "open": "2.482",
            "high": "2.482",
            "low": "2.482",
            "close": "2.48"
        },
        {
            "time": "29.11.2020 20:54",
            "open": "2.48",
            "high": "2.48",
            "low": "2.48",
            "close": "2.48"
        },
        {
            "time": "29.11.2020 21:00",
            "open": "2.48",
            "high": "2.483",
            "low": "2.48",
            "close": "2.486"
        },
        {
            "time": "29.11.2020 21:01",
            "open": "2.486",
            "high": "2.487",
            "low": "2.486",
            "close": "2.489"
        },
        {
            "time": "29.11.2020 21:02",
            "open": "2.489",
            "high": "2.49",
            "low": "2.489",
            "close": "2.485"
        },
        {
            "time": "29.11.2020 21:03",
            "open": "2.485",
            "high": "2.485",
            "low": "2.485",
            "close": "2.485"
        },
        {
            "time": "29.11.2020 21:06",
            "open": "2.485",
            "high": "2.485",
            "low": "2.485",
            "close": "2.489"
        },
        {
            "time": "29.11.2020 21:12",
            "open": "2.489",
            "high": "2.489",
            "low": "2.488",
            "close": "2.495"
        },
        {
            "time": "29.11.2020 21:16",
            "open": "2.495",
            "high": "2.495",
            "low": "2.495",
            "close": "2.495"
        },
        {
            "time": "29.11.2020 21:18",
            "open": "2.495",
            "high": "2.495",
            "low": "2.495",
            "close": "2.501"
        },
        {
            "time": "29.11.2020 21:23",
            "open": "2.501",
            "high": "2.501",
            "low": "2.501",
            "close": "2.498"
        },
        {
            "time": "29.11.2020 21:24",
            "open": "2.498",
            "high": "2.498",
            "low": "2.498",
            "close": "2.5"
        },
        {
            "time": "29.11.2020 21:25",
            "open": "2.5",
            "high": "2.5",
            "low": "2.5",
            "close": "2.499"
        },
        {
            "time": "29.11.2020 21:26",
            "open": "2.499",
            "high": "2.5",
            "low": "2.499",
            "close": "2.5"
        },
        {
            "time": "29.11.2020 21:28",
            "open": "2.5",
            "high": "2.5",
            "low": "2.5",
            "close": "2.5"
        },
        {
            "time": "29.11.2020 21:30",
            "open": "2.5",
            "high": "2.5",
            "low": "2.5",
            "close": "2.5"
        },
        {
            "time": "29.11.2020 21:33",
            "open": "2.5",
            "high": "2.5",
            "low": "2.5",
            "close": "2.5"
        },
        {
            "time": "29.11.2020 21:39",
            "open": "2.5",
            "high": "2.5",
            "low": "2.5",
            "close": "2.5"
        },
        {
            "time": "29.11.2020 21:40",
            "open": "2.5",
            "high": "2.5",
            "low": "2.5",
            "close": "2.499"
        },
        {
            "time": "29.11.2020 21:42",
            "open": "2.499",
            "high": "2.499",
            "low": "2.499",
            "close": "2.5"
        },
        {
            "time": "29.11.2020 21:43",
            "open": "2.5",
            "high": "2.503",
            "low": "2.5",
            "close": "2.505"
        },
        {
            "time": "29.11.2020 21:47",
            "open": "2.505",
            "high": "2.505",
            "low": "2.505",
            "close": "2.506"
        },
        {
            "time": "29.11.2020 21:48",
            "open": "2.506",
            "high": "2.506",
            "low": "2.506",
            "close": "2.508"
        },
        {
            "time": "29.11.2020 21:49",
            "open": "2.508",
            "high": "2.511",
            "low": "2.508",
            "close": "2.515"
        },
        {
            "time": "29.11.2020 21:53",
            "open": "2.515",
            "high": "2.52",
            "low": "2.515",
            "close": "2.515"
        },
        {
            "time": "29.11.2020 21:56",
            "open": "2.515",
            "high": "2.515",
            "low": "2.515",
            "close": "2.517"
        },
        {
            "time": "29.11.2020 21:57",
            "open": "2.517",
            "high": "2.517",
            "low": "2.517",
            "close": "2.525"
        },
        {
            "time": "29.11.2020 22:00",
            "open": "2.525",
            "high": "2.525",
            "low": "2.525",
            "close": "2.532"
        },
        {
            "time": "29.11.2020 22:02",
            "open": "2.532",
            "high": "2.532",
            "low": "2.532",
            "close": "2.535"
        },
        {
            "time": "29.11.2020 22:06",
            "open": "2.535",
            "high": "2.535",
            "low": "2.535",
            "close": "2.53"
        },
        {
            "time": "29.11.2020 22:07",
            "open": "2.53",
            "high": "2.53",
            "low": "2.53",
            "close": "2.529"
        },
        {
            "time": "29.11.2020 22:10",
            "open": "2.529",
            "high": "2.532",
            "low": "2.529",
            "close": "2.532"
        },
        {
            "time": "29.11.2020 22:11",
            "open": "2.532",
            "high": "2.535",
            "low": "2.529",
            "close": "2.53"
        },
        {
            "time": "29.11.2020 22:12",
            "open": "2.53",
            "high": "2.53",
            "low": "2.53",
            "close": "2.53"
        },
        {
            "time": "29.11.2020 22:13",
            "open": "2.53",
            "high": "2.536",
            "low": "2.53",
            "close": "2.538"
        },
        {
            "time": "29.11.2020 22:14",
            "open": "2.538",
            "high": "2.538",
            "low": "2.538",
            "close": "2.54"
        },
        {
            "time": "29.11.2020 22:15",
            "open": "2.54",
            "high": "2.54",
            "low": "2.54",
            "close": "2.536"
        },
        {
            "time": "29.11.2020 22:18",
            "open": "2.536",
            "high": "2.536",
            "low": "2.536",
            "close": "2.535"
        },
        {
            "time": "29.11.2020 22:22",
            "open": "2.535",
            "high": "2.535",
            "low": "2.535",
            "close": "2.534"
        },
        {
            "time": "29.11.2020 22:24",
            "open": "2.534",
            "high": "2.534",
            "low": "2.534",
            "close": "2.533"
        },
        {
            "time": "29.11.2020 22:25",
            "open": "2.533",
            "high": "2.535",
            "low": "2.533",
            "close": "2.535"
        },
        {
            "time": "29.11.2020 22:26",
            "open": "2.535",
            "high": "2.535",
            "low": "2.535",
            "close": "2.534"
        },
        {
            "time": "29.11.2020 22:27",
            "open": "2.534",
            "high": "2.535",
            "low": "2.531",
            "close": "2.535"
        },
        {
            "time": "29.11.2020 22:28",
            "open": "2.535",
            "high": "2.54",
            "low": "2.535",
            "close": "2.536"
        },
        {
            "time": "29.11.2020 22:29",
            "open": "2.536",
            "high": "2.539",
            "low": "2.535",
            "close": "2.535"
        },
        {
            "time": "29.11.2020 22:30",
            "open": "2.535",
            "high": "2.538",
            "low": "2.535",
            "close": "2.544"
        },
        {
            "time": "29.11.2020 22:31",
            "open": "2.544",
            "high": "2.545",
            "low": "2.544",
            "close": "2.546"
        },
        {
            "time": "29.11.2020 22:32",
            "open": "2.546",
            "high": "2.547",
            "low": "2.544",
            "close": "2.547"
        },
        {
            "time": "29.11.2020 22:34",
            "open": "2.547",
            "high": "2.547",
            "low": "2.547",
            "close": "2.543"
        },
        {
            "time": "29.11.2020 22:35",
            "open": "2.543",
            "high": "2.543",
            "low": "2.543",
            "close": "2.54"
        },
        {
            "time": "29.11.2020 22:36",
            "open": "2.54",
            "high": "2.54",
            "low": "2.54",
            "close": "2.534"
        },
        {
            "time": "29.11.2020 22:42",
            "open": "2.534",
            "high": "2.534",
            "low": "2.533",
            "close": "2.536"
        },
        {
            "time": "29.11.2020 22:43",
            "open": "2.536",
            "high": "2.537",
            "low": "2.536",
            "close": "2.537"
        },
        {
            "time": "29.11.2020 22:44",
            "open": "2.537",
            "high": "2.537",
            "low": "2.537",
            "close": "2.54"
        },
        {
            "time": "29.11.2020 22:45",
            "open": "2.54",
            "high": "2.54",
            "low": "2.54",
            "close": "2.543"
        },
        {
            "time": "29.11.2020 22:46",
            "open": "2.543",
            "high": "2.545",
            "low": "2.543",
            "close": "2.543"
        },
        {
            "time": "29.11.2020 22:47",
            "open": "2.543",
            "high": "2.545",
            "low": "2.543",
            "close": "2.545"
        },
        {
            "time": "29.11.2020 22:48",
            "open": "2.545",
            "high": "2.545",
            "low": "2.545",
            "close": "2.544"
        },
        {
            "time": "29.11.2020 22:49",
            "open": "2.544",
            "high": "2.544",
            "low": "2.543",
            "close": "2.541"
        },
        {
            "time": "29.11.2020 22:50",
            "open": "2.541",
            "high": "2.541",
            "low": "2.54",
            "close": "2.542"
        },
        {
            "time": "29.11.2020 22:52",
            "open": "2.542",
            "high": "2.542",
            "low": "2.542",
            "close": "2.543"
        },
        {
            "time": "29.11.2020 22:53",
            "open": "2.543",
            "high": "2.543",
            "low": "2.543",
            "close": "2.549"
        },
        {
            "time": "29.11.2020 22:54",
            "open": "2.549",
            "high": "2.549",
            "low": "2.547",
            "close": "2.549"
        },
        {
            "time": "29.11.2020 22:55",
            "open": "2.549",
            "high": "2.55",
            "low": "2.549",
            "close": "2.542"
        },
        {
            "time": "29.11.2020 22:56",
            "open": "2.542",
            "high": "2.542",
            "low": "2.542",
            "close": "2.538"
        },
        {
            "time": "29.11.2020 22:58",
            "open": "2.538",
            "high": "2.54",
            "low": "2.538",
            "close": "2.541"
        },
        {
            "time": "29.11.2020 23:01",
            "open": "2.541",
            "high": "2.541",
            "low": "2.541",
            "close": "2.528"
        },
        {
            "time": "29.11.2020 23:06",
            "open": "2.528",
            "high": "2.529",
            "low": "2.528",
            "close": "2.525"
        },
        {
            "time": "29.11.2020 23:07",
            "open": "2.525",
            "high": "2.525",
            "low": "2.525",
            "close": "2.53"
        },
        {
            "time": "29.11.2020 23:10",
            "open": "2.53",
            "high": "2.53",
            "low": "2.53",
            "close": "2.531"
        },
        {
            "time": "29.11.2020 23:11",
            "open": "2.531",
            "high": "2.531",
            "low": "2.531",
            "close": "2.53"
        },
        {
            "time": "29.11.2020 23:12",
            "open": "2.53",
            "high": "2.53",
            "low": "2.53",
            "close": "2.529"
        },
        {
            "time": "29.11.2020 23:15",
            "open": "2.529",
            "high": "2.529",
            "low": "2.529",
            "close": "2.528"
        },
        {
            "time": "29.11.2020 23:16",
            "open": "2.528",
            "high": "2.529",
            "low": "2.525",
            "close": "2.528"
        },
        {
            "time": "29.11.2020 23:18",
            "open": "2.528",
            "high": "2.528",
            "low": "2.528",
            "close": "2.514"
        },
        {
            "time": "29.11.2020 23:21",
            "open": "2.514",
            "high": "2.514",
            "low": "2.514",
            "close": "2.517"
        },
        {
            "time": "29.11.2020 23:22",
            "open": "2.517",
            "high": "2.517",
            "low": "2.517",
            "close": "2.518"
        },
        {
            "time": "29.11.2020 23:23",
            "open": "2.518",
            "high": "2.518",
            "low": "2.518",
            "close": "2.515"
        },
        {
            "time": "29.11.2020 23:26",
            "open": "2.515",
            "high": "2.516",
            "low": "2.515",
            "close": "2.517"
        },
        {
            "time": "29.11.2020 23:28",
            "open": "2.517",
            "high": "2.517",
            "low": "2.517",
            "close": "2.517"
        },
        {
            "time": "29.11.2020 23:29",
            "open": "2.517",
            "high": "2.517",
            "low": "2.517",
            "close": "2.518"
        },
        {
            "time": "29.11.2020 23:30",
            "open": "2.518",
            "high": "2.518",
            "low": "2.518",
            "close": "2.52"
        },
        {
            "time": "29.11.2020 23:35",
            "open": "2.52",
            "high": "2.52",
            "low": "2.517",
            "close": "2.518"
        },
        {
            "time": "29.11.2020 23:38",
            "open": "2.518",
            "high": "2.519",
            "low": "2.517",
            "close": "2.518"
        }
    ]
}