{
    "NMR-EUR": [
        {
            "time": "10.12.2020 23:48",
            "open": "22.2659",
            "high": "22.2659",
            "low": "22.2659",
            "close": "22.2507"
        },
        {
            "time": "11.12.2020 00:02",
            "open": "22.2507",
            "high": "22.2507",
            "low": "22.2507",
            "close": "22.3127"
        },
        {
            "time": "11.12.2020 00:03",
            "open": "22.3127",
            "high": "22.5103",
            "low": "22.3127",
            "close": "22.5103"
        },
        {
            "time": "11.12.2020 00:04",
            "open": "22.5103",
            "high": "22.5103",
            "low": "22.5103",
            "close": "22.6531"
        },
        {
            "time": "11.12.2020 00:05",
            "open": "22.6531",
            "high": "22.6531",
            "low": "22.6531",
            "close": "22.7338"
        },
        {
            "time": "11.12.2020 00:06",
            "open": "22.7338",
            "high": "22.7338",
            "low": "22.5509",
            "close": "22.5599"
        },
        {
            "time": "11.12.2020 00:07",
            "open": "22.5599",
            "high": "22.5599",
            "low": "22.5599",
            "close": "22.5599"
        },
        {
            "time": "11.12.2020 00:16",
            "open": "22.5599",
            "high": "22.5599",
            "low": "22.4444",
            "close": "22.3674"
        },
        {
            "time": "11.12.2020 00:20",
            "open": "22.3674",
            "high": "22.3674",
            "low": "22.3674",
            "close": "22.35"
        },
        {
            "time": "11.12.2020 00:22",
            "open": "22.35",
            "high": "22.35",
            "low": "22.35",
            "close": "22.35"
        },
        {
            "time": "11.12.2020 00:23",
            "open": "22.35",
            "high": "22.35",
            "low": "22.35",
            "close": "22.239"
        },
        {
            "time": "11.12.2020 00:25",
            "open": "22.239",
            "high": "22.239",
            "low": "22.2111",
            "close": "22.2359"
        },
        {
            "time": "11.12.2020 00:26",
            "open": "22.2359",
            "high": "22.2389",
            "low": "22.1953",
            "close": "22.1633"
        },
        {
            "time": "11.12.2020 00:27",
            "open": "22.1633",
            "high": "22.168",
            "low": "22.14",
            "close": "22.1037"
        },
        {
            "time": "11.12.2020 00:29",
            "open": "22.1037",
            "high": "22.1085",
            "low": "22.0947",
            "close": "22.0808"
        },
        {
            "time": "11.12.2020 00:30",
            "open": "22.0808",
            "high": "22.0818",
            "low": "22.0804",
            "close": "22.0641"
        },
        {
            "time": "11.12.2020 00:32",
            "open": "22.0641",
            "high": "22.0641",
            "low": "22.0641",
            "close": "22.0327"
        },
        {
            "time": "11.12.2020 00:33",
            "open": "22.0327",
            "high": "22.0327",
            "low": "22.0327",
            "close": "22.0033"
        },
        {
            "time": "11.12.2020 00:34",
            "open": "22.0033",
            "high": "22.0033",
            "low": "22.0033",
            "close": "21.916"
        },
        {
            "time": "11.12.2020 00:39",
            "open": "21.916",
            "high": "22.1248",
            "low": "21.916",
            "close": "21.9021"
        },
        {
            "time": "11.12.2020 00:41",
            "open": "21.9021",
            "high": "21.9021",
            "low": "21.9021",
            "close": "21.8989"
        },
        {
            "time": "11.12.2020 00:50",
            "open": "21.8989",
            "high": "21.9002",
            "low": "21.8989",
            "close": "22.26"
        },
        {
            "time": "11.12.2020 01:07",
            "open": "22.26",
            "high": "22.26",
            "low": "22.26",
            "close": "22.122"
        },
        {
            "time": "11.12.2020 01:10",
            "open": "22.122",
            "high": "22.122",
            "low": "22.122",
            "close": "22.0154"
        },
        {
            "time": "11.12.2020 01:17",
            "open": "22.0154",
            "high": "22.0154",
            "low": "22.0154",
            "close": "21.9804"
        },
        {
            "time": "11.12.2020 01:18",
            "open": "21.9804",
            "high": "21.9804",
            "low": "21.9804",
            "close": "21.914"
        },
        {
            "time": "11.12.2020 01:20",
            "open": "21.914",
            "high": "21.9215",
            "low": "21.914",
            "close": "21.9"
        },
        {
            "time": "11.12.2020 01:28",
            "open": "21.9",
            "high": "21.9",
            "low": "21.9",
            "close": "21.9"
        },
        {
            "time": "11.12.2020 01:35",
            "open": "21.9",
            "high": "21.9002",
            "low": "21.9",
            "close": "21.8878"
        },
        {
            "time": "11.12.2020 01:36",
            "open": "21.8878",
            "high": "21.9312",
            "low": "21.8553",
            "close": "21.8602"
        },
        {
            "time": "11.12.2020 01:37",
            "open": "21.8602",
            "high": "21.8686",
            "low": "21.8602",
            "close": "21.8384"
        },
        {
            "time": "11.12.2020 01:39",
            "open": "21.8384",
            "high": "21.8384",
            "low": "21.8163",
            "close": "21.8"
        },
        {
            "time": "11.12.2020 01:44",
            "open": "21.8",
            "high": "21.8",
            "low": "21.8",
            "close": "21.8074"
        },
        {
            "time": "11.12.2020 01:47",
            "open": "21.8074",
            "high": "21.8074",
            "low": "21.8074",
            "close": "21.75"
        },
        {
            "time": "11.12.2020 01:52",
            "open": "21.75",
            "high": "21.75",
            "low": "21.7258",
            "close": "21.7"
        },
        {
            "time": "11.12.2020 01:53",
            "open": "21.7",
            "high": "21.7",
            "low": "21.696",
            "close": "21.7336"
        },
        {
            "time": "11.12.2020 02:01",
            "open": "21.7336",
            "high": "21.7336",
            "low": "21.7336",
            "close": "21.7372"
        },
        {
            "time": "11.12.2020 02:02",
            "open": "21.7372",
            "high": "21.7372",
            "low": "21.6962",
            "close": "21.7717"
        },
        {
            "time": "11.12.2020 02:09",
            "open": "21.7717",
            "high": "21.7717",
            "low": "21.7717",
            "close": "21.9026"
        },
        {
            "time": "11.12.2020 02:11",
            "open": "21.9026",
            "high": "21.9027",
            "low": "21.9026",
            "close": "21.8655"
        },
        {
            "time": "11.12.2020 02:13",
            "open": "21.8655",
            "high": "21.8655",
            "low": "21.8646",
            "close": "21.864"
        },
        {
            "time": "11.12.2020 02:26",
            "open": "21.864",
            "high": "21.864",
            "low": "21.864",
            "close": "21.864"
        },
        {
            "time": "11.12.2020 02:27",
            "open": "21.864",
            "high": "21.864",
            "low": "21.864",
            "close": "21.696"
        },
        {
            "time": "11.12.2020 02:31",
            "open": "21.696",
            "high": "21.696",
            "low": "21.696",
            "close": "21.6961"
        },
        {
            "time": "11.12.2020 02:32",
            "open": "21.6961",
            "high": "21.8513",
            "low": "21.6961",
            "close": "21.9056"
        },
        {
            "time": "11.12.2020 02:33",
            "open": "21.9056",
            "high": "21.9818",
            "low": "21.9056",
            "close": "22.0451"
        },
        {
            "time": "11.12.2020 02:34",
            "open": "22.0451",
            "high": "22.3648",
            "low": "22.0451",
            "close": "22.4196"
        },
        {
            "time": "11.12.2020 02:35",
            "open": "22.4196",
            "high": "22.5664",
            "low": "22.4196",
            "close": "22.5344"
        },
        {
            "time": "11.12.2020 02:36",
            "open": "22.5344",
            "high": "22.5489",
            "low": "22.501",
            "close": "22.5159"
        },
        {
            "time": "11.12.2020 02:37",
            "open": "22.5159",
            "high": "22.5952",
            "low": "22.5159",
            "close": "22.7"
        },
        {
            "time": "11.12.2020 02:38",
            "open": "22.7",
            "high": "22.7081",
            "low": "22.7",
            "close": "22.6519"
        },
        {
            "time": "11.12.2020 02:39",
            "open": "22.6519",
            "high": "22.6519",
            "low": "22.6519",
            "close": "22.1547"
        },
        {
            "time": "11.12.2020 02:41",
            "open": "22.1547",
            "high": "22.1547",
            "low": "22.1219",
            "close": "22.1488"
        },
        {
            "time": "11.12.2020 02:42",
            "open": "22.1488",
            "high": "22.1488",
            "low": "22.1488",
            "close": "22.1361"
        },
        {
            "time": "11.12.2020 02:47",
            "open": "22.1361",
            "high": "22.1361",
            "low": "22.1361",
            "close": "21.94"
        },
        {
            "time": "11.12.2020 02:51",
            "open": "21.94",
            "high": "21.94",
            "low": "21.94",
            "close": "21.8165"
        },
        {
            "time": "11.12.2020 02:52",
            "open": "21.8165",
            "high": "21.8165",
            "low": "21.8163",
            "close": "21.8586"
        },
        {
            "time": "11.12.2020 02:53",
            "open": "21.8586",
            "high": "21.8586",
            "low": "21.835",
            "close": "21.835"
        },
        {
            "time": "11.12.2020 02:54",
            "open": "21.835",
            "high": "21.8357",
            "low": "21.8339",
            "close": "21.9752"
        },
        {
            "time": "11.12.2020 03:00",
            "open": "21.9752",
            "high": "21.9752",
            "low": "21.9752",
            "close": "22.0746"
        },
        {
            "time": "11.12.2020 03:07",
            "open": "22.0746",
            "high": "22.0746",
            "low": "22.0669",
            "close": "22.1633"
        },
        {
            "time": "11.12.2020 03:08",
            "open": "22.1633",
            "high": "22.1633",
            "low": "22.1633",
            "close": "22.1391"
        },
        {
            "time": "11.12.2020 03:10",
            "open": "22.1391",
            "high": "22.1391",
            "low": "22.1389",
            "close": "22.1633"
        },
        {
            "time": "11.12.2020 03:12",
            "open": "22.1633",
            "high": "22.1633",
            "low": "22.1633",
            "close": "22.0893"
        },
        {
            "time": "11.12.2020 03:15",
            "open": "22.0893",
            "high": "22.0893",
            "low": "22.0893",
            "close": "22.0308"
        },
        {
            "time": "11.12.2020 03:16",
            "open": "22.0308",
            "high": "22.0309",
            "low": "22.0307",
            "close": "22.1153"
        },
        {
            "time": "11.12.2020 03:25",
            "open": "22.1153",
            "high": "22.1153",
            "low": "22.1153",
            "close": "21.9654"
        },
        {
            "time": "11.12.2020 03:40",
            "open": "21.9654",
            "high": "21.9654",
            "low": "21.9654",
            "close": "22.3302"
        },
        {
            "time": "11.12.2020 03:41",
            "open": "22.3302",
            "high": "22.5103",
            "low": "22.3302",
            "close": "22.5102"
        },
        {
            "time": "11.12.2020 03:42",
            "open": "22.5102",
            "high": "22.6829",
            "low": "22.51",
            "close": "22.75"
        },
        {
            "time": "11.12.2020 03:43",
            "open": "22.75",
            "high": "22.9281",
            "low": "22.6962",
            "close": "22.9915"
        },
        {
            "time": "11.12.2020 03:44",
            "open": "22.9915",
            "high": "23",
            "low": "22.9584",
            "close": "22.9997"
        },
        {
            "time": "11.12.2020 03:45",
            "open": "22.9997",
            "high": "23.1",
            "low": "22.9831",
            "close": "23.1763"
        },
        {
            "time": "11.12.2020 03:46",
            "open": "23.1763",
            "high": "23.3659",
            "low": "23.1763",
            "close": "23.3708"
        },
        {
            "time": "11.12.2020 03:47",
            "open": "23.3708",
            "high": "23.3708",
            "low": "23.2504",
            "close": "23.2373"
        },
        {
            "time": "11.12.2020 03:48",
            "open": "23.2373",
            "high": "23.5299",
            "low": "22.6463",
            "close": "22.6945"
        },
        {
            "time": "11.12.2020 03:49",
            "open": "22.6945",
            "high": "23.5123",
            "low": "22.6945",
            "close": "23.3164"
        },
        {
            "time": "11.12.2020 03:50",
            "open": "23.3164",
            "high": "23.3164",
            "low": "23.1001",
            "close": "23.2085"
        },
        {
            "time": "11.12.2020 03:51",
            "open": "23.2085",
            "high": "23.3493",
            "low": "23.2085",
            "close": "23.4466"
        },
        {
            "time": "11.12.2020 03:52",
            "open": "23.4466",
            "high": "23.4466",
            "low": "23.3693",
            "close": "23.5513"
        },
        {
            "time": "11.12.2020 03:53",
            "open": "23.5513",
            "high": "23.6525",
            "low": "23.4332",
            "close": "23.5189"
        },
        {
            "time": "11.12.2020 03:54",
            "open": "23.5189",
            "high": "23.5189",
            "low": "23.4277",
            "close": "23.4173"
        },
        {
            "time": "11.12.2020 03:55",
            "open": "23.4173",
            "high": "23.4173",
            "low": "23.4173",
            "close": "22.9784"
        },
        {
            "time": "11.12.2020 03:56",
            "open": "22.9784",
            "high": "22.9784",
            "low": "22.9784",
            "close": "22.9782"
        },
        {
            "time": "11.12.2020 03:57",
            "open": "22.9782",
            "high": "23.0253",
            "low": "22.8161",
            "close": "22.7781"
        },
        {
            "time": "11.12.2020 03:58",
            "open": "22.7781",
            "high": "22.7782",
            "low": "22.6215",
            "close": "22.9944"
        },
        {
            "time": "11.12.2020 03:59",
            "open": "22.9944",
            "high": "23.3226",
            "low": "22.9944",
            "close": "23.4702"
        },
        {
            "time": "11.12.2020 04:00",
            "open": "23.4702",
            "high": "23.4702",
            "low": "23.4073",
            "close": "23.4468"
        },
        {
            "time": "11.12.2020 04:01",
            "open": "23.4468",
            "high": "23.9973",
            "low": "23.4468",
            "close": "23.8793"
        },
        {
            "time": "11.12.2020 04:02",
            "open": "23.8793",
            "high": "24.1",
            "low": "23.8793",
            "close": "24.1167"
        },
        {
            "time": "11.12.2020 04:03",
            "open": "24.1167",
            "high": "24.1877",
            "low": "24.1139",
            "close": "24.1877"
        },
        {
            "time": "11.12.2020 04:04",
            "open": "24.1877",
            "high": "24.1877",
            "low": "23.6887",
            "close": "23.8921"
        },
        {
            "time": "11.12.2020 04:05",
            "open": "23.8921",
            "high": "24.2736",
            "low": "23.8921",
            "close": "24.2891"
        },
        {
            "time": "11.12.2020 04:06",
            "open": "24.2891",
            "high": "24.3982",
            "low": "23.9664",
            "close": "24.0792"
        },
        {
            "time": "11.12.2020 04:07",
            "open": "24.0792",
            "high": "24.139",
            "low": "24.071",
            "close": "24.3094"
        },
        {
            "time": "11.12.2020 04:08",
            "open": "24.3094",
            "high": "24.3932",
            "low": "24.0678",
            "close": "24.2283"
        },
        {
            "time": "11.12.2020 04:09",
            "open": "24.2283",
            "high": "24.3489",
            "low": "24.1182",
            "close": "24.3991"
        },
        {
            "time": "11.12.2020 04:10",
            "open": "24.3991",
            "high": "24.99",
            "low": "23.9536",
            "close": "23.9489"
        },
        {
            "time": "11.12.2020 04:11",
            "open": "23.9489",
            "high": "23.9489",
            "low": "23.618",
            "close": "23.6619"
        },
        {
            "time": "11.12.2020 04:12",
            "open": "23.6619",
            "high": "24.3019",
            "low": "23.5987",
            "close": "23.87"
        },
        {
            "time": "11.12.2020 04:13",
            "open": "23.87",
            "high": "24.0716",
            "low": "23.5968",
            "close": "24.0718"
        },
        {
            "time": "11.12.2020 04:14",
            "open": "24.0718",
            "high": "24.0718",
            "low": "23.9794",
            "close": "24.0063"
        },
        {
            "time": "11.12.2020 04:15",
            "open": "24.0063",
            "high": "24.0063",
            "low": "23.6607",
            "close": "23.6625"
        },
        {
            "time": "11.12.2020 04:16",
            "open": "23.6625",
            "high": "23.7491",
            "low": "23.6625",
            "close": "23.8956"
        },
        {
            "time": "11.12.2020 04:17",
            "open": "23.8956",
            "high": "23.8956",
            "low": "23.6466",
            "close": "23.5589"
        },
        {
            "time": "11.12.2020 04:19",
            "open": "23.5589",
            "high": "23.5589",
            "low": "23.5312",
            "close": "23.5266"
        },
        {
            "time": "11.12.2020 04:20",
            "open": "23.5266",
            "high": "23.5266",
            "low": "23.4556",
            "close": "23.3691"
        },
        {
            "time": "11.12.2020 04:21",
            "open": "23.3691",
            "high": "23.4243",
            "low": "23.3688",
            "close": "23.3077"
        },
        {
            "time": "11.12.2020 04:22",
            "open": "23.3077",
            "high": "23.3077",
            "low": "23.0986",
            "close": "23.2662"
        },
        {
            "time": "11.12.2020 04:23",
            "open": "23.2662",
            "high": "23.2662",
            "low": "23.2575",
            "close": "23.3287"
        },
        {
            "time": "11.12.2020 04:24",
            "open": "23.3287",
            "high": "23.4243",
            "low": "23.3287",
            "close": "23.5274"
        },
        {
            "time": "11.12.2020 04:25",
            "open": "23.5274",
            "high": "23.7661",
            "low": "23.5274",
            "close": "23.7648"
        },
        {
            "time": "11.12.2020 04:26",
            "open": "23.7648",
            "high": "23.7648",
            "low": "23.6249",
            "close": "23.5273"
        },
        {
            "time": "11.12.2020 04:27",
            "open": "23.5273",
            "high": "23.5273",
            "low": "23.0753",
            "close": "23.0701"
        },
        {
            "time": "11.12.2020 04:28",
            "open": "23.0701",
            "high": "23.4715",
            "low": "23.0701",
            "close": "23.4465"
        },
        {
            "time": "11.12.2020 04:29",
            "open": "23.4465",
            "high": "23.4465",
            "low": "23.4464",
            "close": "23.2726"
        },
        {
            "time": "11.12.2020 04:30",
            "open": "23.2726",
            "high": "23.2726",
            "low": "23.2726",
            "close": "23.2184"
        },
        {
            "time": "11.12.2020 04:31",
            "open": "23.2184",
            "high": "23.2184",
            "low": "23.1133",
            "close": "23.0979"
        },
        {
            "time": "11.12.2020 04:32",
            "open": "23.0979",
            "high": "23.0979",
            "low": "22.97",
            "close": "22.9382"
        },
        {
            "time": "11.12.2020 04:33",
            "open": "22.9382",
            "high": "23.1975",
            "low": "22.9382",
            "close": "23.0614"
        },
        {
            "time": "11.12.2020 04:34",
            "open": "23.0614",
            "high": "23.0614",
            "low": "23.0614",
            "close": "23.0377"
        },
        {
            "time": "11.12.2020 04:35",
            "open": "23.0377",
            "high": "23.0377",
            "low": "23.0377",
            "close": "22.905"
        },
        {
            "time": "11.12.2020 04:36",
            "open": "22.905",
            "high": "23.0439",
            "low": "22.905",
            "close": "22.9077"
        },
        {
            "time": "11.12.2020 04:37",
            "open": "22.9077",
            "high": "22.9077",
            "low": "22.7435",
            "close": "22.7848"
        },
        {
            "time": "11.12.2020 04:38",
            "open": "22.7848",
            "high": "22.7848",
            "low": "22.7728",
            "close": "22.9894"
        },
        {
            "time": "11.12.2020 04:41",
            "open": "22.9894",
            "high": "23.0657",
            "low": "22.9894",
            "close": "23.1173"
        },
        {
            "time": "11.12.2020 04:42",
            "open": "23.1173",
            "high": "23.1469",
            "low": "23.0294",
            "close": "23.0426"
        },
        {
            "time": "11.12.2020 04:43",
            "open": "23.0426",
            "high": "23.0426",
            "low": "23.0426",
            "close": "22.859"
        },
        {
            "time": "11.12.2020 04:49",
            "open": "22.859",
            "high": "22.859",
            "low": "22.6277",
            "close": "22.7233"
        },
        {
            "time": "11.12.2020 04:51",
            "open": "22.7233",
            "high": "22.7233",
            "low": "22.7233",
            "close": "22.5845"
        },
        {
            "time": "11.12.2020 05:00",
            "open": "22.5845",
            "high": "22.5845",
            "low": "22.5235",
            "close": "22.6101"
        },
        {
            "time": "11.12.2020 05:01",
            "open": "22.6101",
            "high": "22.6101",
            "low": "22.5436",
            "close": "22.5686"
        },
        {
            "time": "11.12.2020 05:05",
            "open": "22.5686",
            "high": "22.7214",
            "low": "22.5686",
            "close": "22.7205"
        },
        {
            "time": "11.12.2020 05:07",
            "open": "22.7205",
            "high": "22.7205",
            "low": "22.6603",
            "close": "22.7728"
        },
        {
            "time": "11.12.2020 05:11",
            "open": "22.7728",
            "high": "22.7728",
            "low": "22.7728",
            "close": "22.7352"
        },
        {
            "time": "11.12.2020 05:12",
            "open": "22.7352",
            "high": "22.755",
            "low": "22.7352",
            "close": "22.752"
        },
        {
            "time": "11.12.2020 05:13",
            "open": "22.752",
            "high": "22.8699",
            "low": "22.752",
            "close": "22.9022"
        },
        {
            "time": "11.12.2020 05:19",
            "open": "22.9022",
            "high": "22.9022",
            "low": "22.9022",
            "close": "22.8551"
        },
        {
            "time": "11.12.2020 05:20",
            "open": "22.8551",
            "high": "22.8551",
            "low": "22.8551",
            "close": "22.7613"
        },
        {
            "time": "11.12.2020 05:27",
            "open": "22.7613",
            "high": "22.7613",
            "low": "22.7498",
            "close": "22.6416"
        },
        {
            "time": "11.12.2020 05:28",
            "open": "22.6416",
            "high": "22.6416",
            "low": "22.6416",
            "close": "22.6345"
        },
        {
            "time": "11.12.2020 05:29",
            "open": "22.6345",
            "high": "22.6345",
            "low": "22.6345",
            "close": "22.5905"
        },
        {
            "time": "11.12.2020 05:30",
            "open": "22.5905",
            "high": "22.5905",
            "low": "22.5905",
            "close": "22.6854"
        },
        {
            "time": "11.12.2020 05:31",
            "open": "22.6854",
            "high": "22.6854",
            "low": "22.6854",
            "close": "22.691"
        },
        {
            "time": "11.12.2020 05:32",
            "open": "22.691",
            "high": "22.691",
            "low": "22.691",
            "close": "22.756"
        },
        {
            "time": "11.12.2020 05:33",
            "open": "22.756",
            "high": "22.756",
            "low": "22.691",
            "close": "22.6072"
        },
        {
            "time": "11.12.2020 05:36",
            "open": "22.6072",
            "high": "22.6072",
            "low": "22.6072",
            "close": "22.5739"
        },
        {
            "time": "11.12.2020 05:41",
            "open": "22.5739",
            "high": "22.5739",
            "low": "22.4531",
            "close": "22.379"
        },
        {
            "time": "11.12.2020 05:46",
            "open": "22.379",
            "high": "22.4949",
            "low": "22.379",
            "close": "22.6252"
        },
        {
            "time": "11.12.2020 05:49",
            "open": "22.6252",
            "high": "22.6252",
            "low": "22.5051",
            "close": "22.4966"
        },
        {
            "time": "11.12.2020 05:51",
            "open": "22.4966",
            "high": "22.4966",
            "low": "22.4904",
            "close": "22.5414"
        },
        {
            "time": "11.12.2020 05:52",
            "open": "22.5414",
            "high": "22.5414",
            "low": "22.462",
            "close": "22.5557"
        },
        {
            "time": "11.12.2020 05:54",
            "open": "22.5557",
            "high": "22.5557",
            "low": "22.5557",
            "close": "22.578"
        },
        {
            "time": "11.12.2020 05:55",
            "open": "22.578",
            "high": "22.578",
            "low": "22.578",
            "close": "22.606"
        },
        {
            "time": "11.12.2020 05:56",
            "open": "22.606",
            "high": "22.606",
            "low": "22.606",
            "close": "22.7654"
        },
        {
            "time": "11.12.2020 05:57",
            "open": "22.7654",
            "high": "22.7654",
            "low": "22.6549",
            "close": "22.5651"
        },
        {
            "time": "11.12.2020 05:58",
            "open": "22.5651",
            "high": "22.5651",
            "low": "22.5651",
            "close": "22.6098"
        },
        {
            "time": "11.12.2020 06:02",
            "open": "22.6098",
            "high": "22.6098",
            "low": "22.6098",
            "close": "22.5999"
        },
        {
            "time": "11.12.2020 06:03",
            "open": "22.5999",
            "high": "22.5999",
            "low": "22.5999",
            "close": "22.5788"
        },
        {
            "time": "11.12.2020 06:04",
            "open": "22.5788",
            "high": "22.5788",
            "low": "22.5788",
            "close": "22.5924"
        },
        {
            "time": "11.12.2020 06:08",
            "open": "22.5924",
            "high": "22.5924",
            "low": "22.4567",
            "close": "22.3364"
        },
        {
            "time": "11.12.2020 06:10",
            "open": "22.3364",
            "high": "22.3364",
            "low": "22.3364",
            "close": "22.2806"
        },
        {
            "time": "11.12.2020 06:11",
            "open": "22.2806",
            "high": "22.2806",
            "low": "22.2806",
            "close": "22.31"
        },
        {
            "time": "11.12.2020 06:16",
            "open": "22.31",
            "high": "22.3219",
            "low": "22.31",
            "close": "22.221"
        },
        {
            "time": "11.12.2020 06:24",
            "open": "22.221",
            "high": "22.2228",
            "low": "22.221",
            "close": "22.2428"
        },
        {
            "time": "11.12.2020 06:25",
            "open": "22.2428",
            "high": "22.2428",
            "low": "22.2428",
            "close": "22.2"
        },
        {
            "time": "11.12.2020 06:27",
            "open": "22.2",
            "high": "22.2",
            "low": "22.1633",
            "close": "22.0876"
        },
        {
            "time": "11.12.2020 06:29",
            "open": "22.0876",
            "high": "22.0918",
            "low": "22.0876",
            "close": "22.005"
        },
        {
            "time": "11.12.2020 06:31",
            "open": "22.005",
            "high": "22.005",
            "low": "21.99",
            "close": "21.9173"
        },
        {
            "time": "11.12.2020 06:32",
            "open": "21.9173",
            "high": "21.9173",
            "low": "21.9173",
            "close": "21.9173"
        },
        {
            "time": "11.12.2020 06:33",
            "open": "21.9173",
            "high": "21.9173",
            "low": "21.89",
            "close": "21.9403"
        },
        {
            "time": "11.12.2020 06:34",
            "open": "21.9403",
            "high": "21.9403",
            "low": "21.9403",
            "close": "21.96"
        },
        {
            "time": "11.12.2020 06:38",
            "open": "21.96",
            "high": "21.96",
            "low": "21.9403",
            "close": "21.965"
        },
        {
            "time": "11.12.2020 06:39",
            "open": "21.965",
            "high": "21.965",
            "low": "21.965",
            "close": "21.9659"
        },
        {
            "time": "11.12.2020 06:40",
            "open": "21.9659",
            "high": "21.9659",
            "low": "21.9659",
            "close": "21.95"
        },
        {
            "time": "11.12.2020 06:41",
            "open": "21.95",
            "high": "21.95",
            "low": "21.95",
            "close": "21.9403"
        },
        {
            "time": "11.12.2020 06:43",
            "open": "21.9403",
            "high": "21.9403",
            "low": "21.9403",
            "close": "21.8957"
        },
        {
            "time": "11.12.2020 06:44",
            "open": "21.8957",
            "high": "21.8957",
            "low": "21.8957",
            "close": "21.8957"
        },
        {
            "time": "11.12.2020 06:45",
            "open": "21.8957",
            "high": "21.8957",
            "low": "21.85",
            "close": "21.8617"
        },
        {
            "time": "11.12.2020 06:53",
            "open": "21.8617",
            "high": "21.8617",
            "low": "21.8617",
            "close": "21.86"
        },
        {
            "time": "11.12.2020 06:54",
            "open": "21.86",
            "high": "21.86",
            "low": "21.86",
            "close": "21.8163"
        },
        {
            "time": "11.12.2020 06:58",
            "open": "21.8163",
            "high": "21.8163",
            "low": "21.6487",
            "close": "21.6927"
        },
        {
            "time": "11.12.2020 06:59",
            "open": "21.6927",
            "high": "21.6927",
            "low": "21.6559",
            "close": "21.6137"
        },
        {
            "time": "11.12.2020 07:00",
            "open": "21.6137",
            "high": "21.6439",
            "low": "21.6",
            "close": "21.7582"
        },
        {
            "time": "11.12.2020 07:10",
            "open": "21.7582",
            "high": "21.8554",
            "low": "21.7582",
            "close": "21.7505"
        },
        {
            "time": "11.12.2020 07:11",
            "open": "21.7505",
            "high": "21.7505",
            "low": "21.727",
            "close": "21.7474"
        },
        {
            "time": "11.12.2020 07:12",
            "open": "21.7474",
            "high": "21.7474",
            "low": "21.6863",
            "close": "21.7184"
        },
        {
            "time": "11.12.2020 07:16",
            "open": "21.7184",
            "high": "21.7184",
            "low": "21.7184",
            "close": "21.65"
        },
        {
            "time": "11.12.2020 07:22",
            "open": "21.65",
            "high": "21.65",
            "low": "21.51",
            "close": "21.5"
        },
        {
            "time": "11.12.2020 07:23",
            "open": "21.5",
            "high": "21.6439",
            "low": "21.5",
            "close": "21.5632"
        },
        {
            "time": "11.12.2020 07:24",
            "open": "21.5632",
            "high": "21.5632",
            "low": "21.5632",
            "close": "21.6339"
        },
        {
            "time": "11.12.2020 07:29",
            "open": "21.6339",
            "high": "21.6339",
            "low": "21.6339",
            "close": "21.562"
        },
        {
            "time": "11.12.2020 07:35",
            "open": "21.562",
            "high": "21.562",
            "low": "21.562",
            "close": "21.51"
        },
        {
            "time": "11.12.2020 07:36",
            "open": "21.51",
            "high": "21.51",
            "low": "21.51",
            "close": "21.51"
        },
        {
            "time": "11.12.2020 07:37",
            "open": "21.51",
            "high": "21.51",
            "low": "21.51",
            "close": "21.454"
        },
        {
            "time": "11.12.2020 07:38",
            "open": "21.454",
            "high": "21.4754",
            "low": "21.454",
            "close": "21.4988"
        },
        {
            "time": "11.12.2020 07:40",
            "open": "21.4988",
            "high": "21.4988",
            "low": "21.4988",
            "close": "21.5041"
        },
        {
            "time": "11.12.2020 07:43",
            "open": "21.5041",
            "high": "21.5041",
            "low": "21.5041",
            "close": "21.4637"
        },
        {
            "time": "11.12.2020 07:44",
            "open": "21.4637",
            "high": "21.4637",
            "low": "21.4635",
            "close": "21.5428"
        },
        {
            "time": "11.12.2020 07:45",
            "open": "21.5428",
            "high": "21.5953",
            "low": "21.5428",
            "close": "21.714"
        },
        {
            "time": "11.12.2020 07:46",
            "open": "21.714",
            "high": "21.714",
            "low": "21.714",
            "close": "21.7141"
        },
        {
            "time": "11.12.2020 07:47",
            "open": "21.7141",
            "high": "21.7141",
            "low": "21.7141",
            "close": "21.7141"
        },
        {
            "time": "11.12.2020 07:48",
            "open": "21.7141",
            "high": "21.7141",
            "low": "21.7141",
            "close": "21.7141"
        },
        {
            "time": "11.12.2020 07:57",
            "open": "21.7141",
            "high": "21.7141",
            "low": "21.7141",
            "close": "21.7141"
        },
        {
            "time": "11.12.2020 07:58",
            "open": "21.7141",
            "high": "21.7141",
            "low": "21.6426",
            "close": "21.51"
        },
        {
            "time": "11.12.2020 08:01",
            "open": "21.51",
            "high": "21.51",
            "low": "21.51",
            "close": "21.5"
        },
        {
            "time": "11.12.2020 08:02",
            "open": "21.5",
            "high": "21.5",
            "low": "21.5",
            "close": "21.4848"
        },
        {
            "time": "11.12.2020 08:04",
            "open": "21.4848",
            "high": "21.4848",
            "low": "21.48",
            "close": "21.48"
        },
        {
            "time": "11.12.2020 08:05",
            "open": "21.48",
            "high": "21.48",
            "low": "21.48",
            "close": "21.527"
        },
        {
            "time": "11.12.2020 08:14",
            "open": "21.527",
            "high": "21.527",
            "low": "21.527",
            "close": "21.483"
        },
        {
            "time": "11.12.2020 08:15",
            "open": "21.483",
            "high": "21.4975",
            "low": "21.483",
            "close": "21.6269"
        },
        {
            "time": "11.12.2020 08:16",
            "open": "21.6269",
            "high": "21.6269",
            "low": "21.4765",
            "close": "21.5104"
        },
        {
            "time": "11.12.2020 08:17",
            "open": "21.5104",
            "high": "21.5156",
            "low": "21.5085",
            "close": "21.4765"
        },
        {
            "time": "11.12.2020 08:19",
            "open": "21.4765",
            "high": "21.4765",
            "low": "21.4765",
            "close": "21.5502"
        },
        {
            "time": "11.12.2020 08:28",
            "open": "21.5502",
            "high": "21.5502",
            "low": "21.5502",
            "close": "21.4681"
        },
        {
            "time": "11.12.2020 08:30",
            "open": "21.4681",
            "high": "21.4681",
            "low": "21.4679",
            "close": "21.4322"
        },
        {
            "time": "11.12.2020 08:32",
            "open": "21.4322",
            "high": "21.4322",
            "low": "21.3501",
            "close": "21.4695"
        },
        {
            "time": "11.12.2020 08:33",
            "open": "21.4695",
            "high": "21.4695",
            "low": "21.4686",
            "close": "21.5843"
        },
        {
            "time": "11.12.2020 08:43",
            "open": "21.5843",
            "high": "21.5843",
            "low": "21.5843",
            "close": "21.566"
        },
        {
            "time": "11.12.2020 09:02",
            "open": "21.566",
            "high": "21.566",
            "low": "21.566",
            "close": "21.5775"
        },
        {
            "time": "11.12.2020 09:03",
            "open": "21.5775",
            "high": "21.5776",
            "low": "21.5775",
            "close": "21.5688"
        },
        {
            "time": "11.12.2020 09:07",
            "open": "21.5688",
            "high": "21.5912",
            "low": "21.5688",
            "close": "21.5229"
        },
        {
            "time": "11.12.2020 09:09",
            "open": "21.5229",
            "high": "21.5715",
            "low": "21.5229",
            "close": "21.5292"
        },
        {
            "time": "11.12.2020 09:12",
            "open": "21.5292",
            "high": "21.5292",
            "low": "21.5292",
            "close": "21.5293"
        },
        {
            "time": "11.12.2020 09:16",
            "open": "21.5293",
            "high": "21.5293",
            "low": "21.4987",
            "close": "21.5001"
        },
        {
            "time": "11.12.2020 09:17",
            "open": "21.5001",
            "high": "21.5001",
            "low": "21.5001",
            "close": "21.4679"
        },
        {
            "time": "11.12.2020 09:19",
            "open": "21.4679",
            "high": "21.4679",
            "low": "21.4679",
            "close": "21.5958"
        },
        {
            "time": "11.12.2020 09:23",
            "open": "21.5958",
            "high": "21.6213",
            "low": "21.5958",
            "close": "21.7189"
        },
        {
            "time": "11.12.2020 09:30",
            "open": "21.7189",
            "high": "21.7189",
            "low": "21.7189",
            "close": "21.6833"
        },
        {
            "time": "11.12.2020 09:35",
            "open": "21.6833",
            "high": "21.6833",
            "low": "21.6833",
            "close": "21.6742"
        },
        {
            "time": "11.12.2020 09:36",
            "open": "21.6742",
            "high": "21.6742",
            "low": "21.6742",
            "close": "21.6789"
        },
        {
            "time": "11.12.2020 09:39",
            "open": "21.6789",
            "high": "21.6789",
            "low": "21.6789",
            "close": "21.6727"
        },
        {
            "time": "11.12.2020 09:40",
            "open": "21.6727",
            "high": "21.6727",
            "low": "21.6727",
            "close": "21.6222"
        },
        {
            "time": "11.12.2020 09:46",
            "open": "21.6222",
            "high": "21.6222",
            "low": "21.6222",
            "close": "21.5729"
        },
        {
            "time": "11.12.2020 09:47",
            "open": "21.5729",
            "high": "21.5729",
            "low": "21.5729",
            "close": "21.5902"
        },
        {
            "time": "11.12.2020 09:50",
            "open": "21.5902",
            "high": "21.5902",
            "low": "21.59",
            "close": "21.5687"
        },
        {
            "time": "11.12.2020 09:53",
            "open": "21.5687",
            "high": "21.5687",
            "low": "21.5687",
            "close": "21.5687"
        },
        {
            "time": "11.12.2020 09:54",
            "open": "21.5687",
            "high": "21.5687",
            "low": "21.5687",
            "close": "21.5675"
        },
        {
            "time": "11.12.2020 09:55",
            "open": "21.5675",
            "high": "21.5675",
            "low": "21.5675",
            "close": "21.4679"
        },
        {
            "time": "11.12.2020 09:56",
            "open": "21.4679",
            "high": "21.4679",
            "low": "21.4679",
            "close": "21.4703"
        },
        {
            "time": "11.12.2020 10:02",
            "open": "21.4703",
            "high": "21.4703",
            "low": "21.4208",
            "close": "21.4331"
        },
        {
            "time": "11.12.2020 10:03",
            "open": "21.4331",
            "high": "21.4331",
            "low": "21.4331",
            "close": "21.4334"
        },
        {
            "time": "11.12.2020 10:05",
            "open": "21.4334",
            "high": "21.4921",
            "low": "21.4333",
            "close": "21.4203"
        },
        {
            "time": "11.12.2020 10:06",
            "open": "21.4203",
            "high": "21.4203",
            "low": "21.1165",
            "close": "21.3907"
        },
        {
            "time": "11.12.2020 10:08",
            "open": "21.3907",
            "high": "21.4908",
            "low": "21.3448",
            "close": "21.2583"
        },
        {
            "time": "11.12.2020 10:09",
            "open": "21.2583",
            "high": "21.3236",
            "low": "21.2583",
            "close": "21.4188"
        },
        {
            "time": "11.12.2020 10:10",
            "open": "21.4188",
            "high": "21.4188",
            "low": "21.4188",
            "close": "21.3682"
        },
        {
            "time": "11.12.2020 10:17",
            "open": "21.3682",
            "high": "21.3682",
            "low": "21.3682",
            "close": "21.3139"
        },
        {
            "time": "11.12.2020 10:23",
            "open": "21.3139",
            "high": "21.3139",
            "low": "21.3139",
            "close": "21.356"
        },
        {
            "time": "11.12.2020 10:24",
            "open": "21.356",
            "high": "21.356",
            "low": "21.356",
            "close": "21.442"
        },
        {
            "time": "11.12.2020 10:26",
            "open": "21.442",
            "high": "21.4549",
            "low": "21.442",
            "close": "21.4199"
        },
        {
            "time": "11.12.2020 10:30",
            "open": "21.4199",
            "high": "21.475",
            "low": "21.4199",
            "close": "21.5567"
        },
        {
            "time": "11.12.2020 10:34",
            "open": "21.5567",
            "high": "21.5567",
            "low": "21.5567",
            "close": "21.5107"
        },
        {
            "time": "11.12.2020 10:36",
            "open": "21.5107",
            "high": "21.5107",
            "low": "21.5107",
            "close": "21.5401"
        },
        {
            "time": "11.12.2020 10:40",
            "open": "21.5401",
            "high": "21.5401",
            "low": "21.5401",
            "close": "21.437"
        },
        {
            "time": "11.12.2020 10:44",
            "open": "21.437",
            "high": "21.437",
            "low": "21.1711",
            "close": "21.3736"
        },
        {
            "time": "11.12.2020 10:45",
            "open": "21.3736",
            "high": "21.3736",
            "low": "21.3732",
            "close": "21.3743"
        },
        {
            "time": "11.12.2020 10:46",
            "open": "21.3743",
            "high": "21.3743",
            "low": "21.3041",
            "close": "21.2687"
        },
        {
            "time": "11.12.2020 10:47",
            "open": "21.2687",
            "high": "21.4615",
            "low": "21.2646",
            "close": "21.3753"
        },
        {
            "time": "11.12.2020 10:48",
            "open": "21.3753",
            "high": "21.3753",
            "low": "21.3268",
            "close": "21.3062"
        },
        {
            "time": "11.12.2020 10:49",
            "open": "21.3062",
            "high": "21.3062",
            "low": "21.3062",
            "close": "21.2747"
        },
        {
            "time": "11.12.2020 10:51",
            "open": "21.2747",
            "high": "21.2747",
            "low": "21.083",
            "close": "21.1266"
        },
        {
            "time": "11.12.2020 10:53",
            "open": "21.1266",
            "high": "21.1266",
            "low": "20.98",
            "close": "21.0804"
        },
        {
            "time": "11.12.2020 10:55",
            "open": "21.0804",
            "high": "21.0804",
            "low": "21.0801",
            "close": "21.1524"
        },
        {
            "time": "11.12.2020 10:58",
            "open": "21.1524",
            "high": "21.1524",
            "low": "21.1508",
            "close": "21.1471"
        },
        {
            "time": "11.12.2020 11:02",
            "open": "21.1471",
            "high": "21.1471",
            "low": "21.1471",
            "close": "21.1041"
        },
        {
            "time": "11.12.2020 11:05",
            "open": "21.1041",
            "high": "21.1041",
            "low": "21.104",
            "close": "21.147"
        },
        {
            "time": "11.12.2020 11:06",
            "open": "21.147",
            "high": "21.147",
            "low": "21.147",
            "close": "21.0801"
        },
        {
            "time": "11.12.2020 11:08",
            "open": "21.0801",
            "high": "21.0801",
            "low": "21.0714",
            "close": "21.1306"
        },
        {
            "time": "11.12.2020 11:10",
            "open": "21.1306",
            "high": "21.1306",
            "low": "21.1306",
            "close": "21.1176"
        },
        {
            "time": "11.12.2020 11:11",
            "open": "21.1176",
            "high": "21.1176",
            "low": "21.1176",
            "close": "21.0488"
        },
        {
            "time": "11.12.2020 11:17",
            "open": "21.0488",
            "high": "21.0488",
            "low": "21.0488",
            "close": "21.0182"
        },
        {
            "time": "11.12.2020 11:22",
            "open": "21.0182",
            "high": "21.0182",
            "low": "20.8",
            "close": "21.0929"
        },
        {
            "time": "11.12.2020 11:26",
            "open": "21.0929",
            "high": "21.0929",
            "low": "21.0929",
            "close": "21.0978"
        },
        {
            "time": "11.12.2020 11:29",
            "open": "21.0978",
            "high": "21.0978",
            "low": "21.0977",
            "close": "21.1078"
        },
        {
            "time": "11.12.2020 11:30",
            "open": "21.1078",
            "high": "21.1078",
            "low": "21.1078",
            "close": "21.2341"
        },
        {
            "time": "11.12.2020 11:31",
            "open": "21.2341",
            "high": "21.2341",
            "low": "21.2341",
            "close": "21.2418"
        },
        {
            "time": "11.12.2020 11:32",
            "open": "21.2418",
            "high": "21.2418",
            "low": "21.2418",
            "close": "21.2463"
        },
        {
            "time": "11.12.2020 11:33",
            "open": "21.2463",
            "high": "21.2463",
            "low": "21.2463",
            "close": "21.2193"
        },
        {
            "time": "11.12.2020 11:39",
            "open": "21.2193",
            "high": "21.2219",
            "low": "21.2193",
            "close": "21.1876"
        },
        {
            "time": "11.12.2020 11:40",
            "open": "21.1876",
            "high": "21.1876",
            "low": "21.1876",
            "close": "21.2369"
        },
        {
            "time": "11.12.2020 11:41",
            "open": "21.2369",
            "high": "21.2369",
            "low": "21.2369",
            "close": "21.2843"
        },
        {
            "time": "11.12.2020 11:42",
            "open": "21.2843",
            "high": "21.3677",
            "low": "21.2843",
            "close": "21.1851"
        },
        {
            "time": "11.12.2020 11:49",
            "open": "21.1851",
            "high": "21.1851",
            "low": "21.1451",
            "close": "21.1078"
        },
        {
            "time": "11.12.2020 11:50",
            "open": "21.1078",
            "high": "21.1078",
            "low": "21.0456",
            "close": "21.2399"
        },
        {
            "time": "11.12.2020 11:58",
            "open": "21.2399",
            "high": "21.2399",
            "low": "21.2399",
            "close": "21.2399"
        },
        {
            "time": "11.12.2020 12:09",
            "open": "21.2399",
            "high": "21.2399",
            "low": "21.2399",
            "close": "21.2112"
        },
        {
            "time": "11.12.2020 12:12",
            "open": "21.2112",
            "high": "21.2613",
            "low": "21.2112",
            "close": "21.2411"
        },
        {
            "time": "11.12.2020 12:14",
            "open": "21.2411",
            "high": "21.2411",
            "low": "21.2411",
            "close": "21.1736"
        },
        {
            "time": "11.12.2020 12:15",
            "open": "21.1736",
            "high": "21.1736",
            "low": "21.1736",
            "close": "21.2038"
        },
        {
            "time": "11.12.2020 12:17",
            "open": "21.2038",
            "high": "21.2038",
            "low": "21.2038",
            "close": "21.1"
        },
        {
            "time": "11.12.2020 12:26",
            "open": "21.1",
            "high": "21.1",
            "low": "20.8515",
            "close": "21.0848"
        },
        {
            "time": "11.12.2020 12:27",
            "open": "21.0848",
            "high": "21.0848",
            "low": "21.0848",
            "close": "20.9172"
        },
        {
            "time": "11.12.2020 12:45",
            "open": "20.9172",
            "high": "20.9172",
            "low": "20.9172",
            "close": "20.9172"
        },
        {
            "time": "11.12.2020 12:54",
            "open": "20.9172",
            "high": "20.9172",
            "low": "20.9172",
            "close": "20.9172"
        },
        {
            "time": "11.12.2020 12:55",
            "open": "20.9172",
            "high": "20.9172",
            "low": "20.9172",
            "close": "20.8957"
        },
        {
            "time": "11.12.2020 12:58",
            "open": "20.8957",
            "high": "20.8994",
            "low": "20.8957",
            "close": "20.8994"
        },
        {
            "time": "11.12.2020 12:59",
            "open": "20.8994",
            "high": "20.8994",
            "low": "20.8994",
            "close": "20.8632"
        },
        {
            "time": "11.12.2020 13:00",
            "open": "20.8632",
            "high": "20.8632",
            "low": "20.8632",
            "close": "20.9829"
        },
        {
            "time": "11.12.2020 13:03",
            "open": "20.9829",
            "high": "21.0603",
            "low": "20.9829",
            "close": "21.0163"
        },
        {
            "time": "11.12.2020 13:04",
            "open": "21.0163",
            "high": "21.0163",
            "low": "21.0163",
            "close": "21.0878"
        },
        {
            "time": "11.12.2020 13:08",
            "open": "21.0878",
            "high": "21.2441",
            "low": "21.0878",
            "close": "21.0213"
        },
        {
            "time": "11.12.2020 13:09",
            "open": "21.0213",
            "high": "21.1908",
            "low": "21.0213",
            "close": "21.2183"
        },
        {
            "time": "11.12.2020 13:10",
            "open": "21.2183",
            "high": "21.2183",
            "low": "21.2067",
            "close": "21.0594"
        },
        {
            "time": "11.12.2020 13:17",
            "open": "21.0594",
            "high": "21.0594",
            "low": "21.0594",
            "close": "21.2441"
        },
        {
            "time": "11.12.2020 13:18",
            "open": "21.2441",
            "high": "21.2441",
            "low": "21.2441",
            "close": "21.4657"
        },
        {
            "time": "11.12.2020 13:24",
            "open": "21.4657",
            "high": "21.4657",
            "low": "21.4657",
            "close": "21.2749"
        },
        {
            "time": "11.12.2020 13:37",
            "open": "21.2749",
            "high": "21.2749",
            "low": "21.2749",
            "close": "21.234"
        },
        {
            "time": "11.12.2020 13:38",
            "open": "21.234",
            "high": "21.2976",
            "low": "21.2086",
            "close": "21.3278"
        },
        {
            "time": "11.12.2020 13:43",
            "open": "21.3278",
            "high": "21.3278",
            "low": "21.3278",
            "close": "21.3278"
        },
        {
            "time": "11.12.2020 13:44",
            "open": "21.3278",
            "high": "21.3278",
            "low": "21.3278",
            "close": "21.33"
        },
        {
            "time": "11.12.2020 13:45",
            "open": "21.33",
            "high": "21.33",
            "low": "21.33",
            "close": "21.33"
        },
        {
            "time": "11.12.2020 13:46",
            "open": "21.33",
            "high": "21.33",
            "low": "21.33",
            "close": "21.3363"
        },
        {
            "time": "11.12.2020 13:52",
            "open": "21.3363",
            "high": "21.3371",
            "low": "21.3363",
            "close": "21.4179"
        },
        {
            "time": "11.12.2020 13:53",
            "open": "21.4179",
            "high": "21.4179",
            "low": "21.4179",
            "close": "21.4011"
        },
        {
            "time": "11.12.2020 13:54",
            "open": "21.4011",
            "high": "21.4011",
            "low": "21.3688",
            "close": "21.3412"
        },
        {
            "time": "11.12.2020 13:57",
            "open": "21.3412",
            "high": "21.3413",
            "low": "21.3412",
            "close": "21.3053"
        },
        {
            "time": "11.12.2020 13:58",
            "open": "21.3053",
            "high": "21.3053",
            "low": "21.3053",
            "close": "21.3426"
        },
        {
            "time": "11.12.2020 14:02",
            "open": "21.3426",
            "high": "21.3426",
            "low": "21.3426",
            "close": "21.3306"
        },
        {
            "time": "11.12.2020 14:03",
            "open": "21.3306",
            "high": "21.3306",
            "low": "21.3306",
            "close": "21.3692"
        },
        {
            "time": "11.12.2020 14:06",
            "open": "21.3692",
            "high": "21.5116",
            "low": "21.3692",
            "close": "21.5364"
        },
        {
            "time": "11.12.2020 14:07",
            "open": "21.5364",
            "high": "21.5365",
            "low": "21.5364",
            "close": "21.5851"
        },
        {
            "time": "11.12.2020 14:08",
            "open": "21.5851",
            "high": "21.6164",
            "low": "21.5851",
            "close": "21.6094"
        },
        {
            "time": "11.12.2020 14:09",
            "open": "21.6094",
            "high": "21.6094",
            "low": "21.6094",
            "close": "21.3491"
        },
        {
            "time": "11.12.2020 14:13",
            "open": "21.3491",
            "high": "21.3493",
            "low": "21.3491",
            "close": "21.381"
        },
        {
            "time": "11.12.2020 14:17",
            "open": "21.381",
            "high": "21.381",
            "low": "21.381",
            "close": "21.5522"
        },
        {
            "time": "11.12.2020 14:19",
            "open": "21.5522",
            "high": "21.5789",
            "low": "21.5522",
            "close": "21.6094"
        },
        {
            "time": "11.12.2020 14:22",
            "open": "21.6094",
            "high": "21.6094",
            "low": "21.6094",
            "close": "21.7041"
        },
        {
            "time": "11.12.2020 14:27",
            "open": "21.7041",
            "high": "21.7041",
            "low": "21.7041",
            "close": "21.7503"
        },
        {
            "time": "11.12.2020 14:28",
            "open": "21.7503",
            "high": "21.7503",
            "low": "21.7503",
            "close": "21.6991"
        },
        {
            "time": "11.12.2020 14:30",
            "open": "21.6991",
            "high": "21.6991",
            "low": "21.6991",
            "close": "21.6975"
        },
        {
            "time": "11.12.2020 14:31",
            "open": "21.6975",
            "high": "21.6975",
            "low": "21.6975",
            "close": "21.73"
        },
        {
            "time": "11.12.2020 14:32",
            "open": "21.73",
            "high": "21.73",
            "low": "21.73",
            "close": "21.7995"
        },
        {
            "time": "11.12.2020 14:33",
            "open": "21.7995",
            "high": "22.1633",
            "low": "21.7995",
            "close": "22.1472"
        },
        {
            "time": "11.12.2020 14:34",
            "open": "22.1472",
            "high": "22.1472",
            "low": "22.1472",
            "close": "22.2944"
        },
        {
            "time": "11.12.2020 14:35",
            "open": "22.2944",
            "high": "22.4124",
            "low": "22.2944",
            "close": "22.451"
        },
        {
            "time": "11.12.2020 14:36",
            "open": "22.451",
            "high": "22.62",
            "low": "22.3405",
            "close": "22.2434"
        },
        {
            "time": "11.12.2020 14:37",
            "open": "22.2434",
            "high": "22.3342",
            "low": "22.1997",
            "close": "22.3564"
        },
        {
            "time": "11.12.2020 14:38",
            "open": "22.3564",
            "high": "22.3564",
            "low": "22.2817",
            "close": "22.2817"
        },
        {
            "time": "11.12.2020 14:39",
            "open": "22.2817",
            "high": "22.2817",
            "low": "22.2817",
            "close": "22.2817"
        },
        {
            "time": "11.12.2020 14:40",
            "open": "22.2817",
            "high": "22.2817",
            "low": "22.2435",
            "close": "22.2475"
        },
        {
            "time": "11.12.2020 14:42",
            "open": "22.2475",
            "high": "22.2475",
            "low": "21.8683",
            "close": "21.9637"
        },
        {
            "time": "11.12.2020 14:43",
            "open": "21.9637",
            "high": "22.3343",
            "low": "21.9637",
            "close": "22.2422"
        },
        {
            "time": "11.12.2020 14:44",
            "open": "22.2422",
            "high": "22.2422",
            "low": "21.9504",
            "close": "21.9624"
        },
        {
            "time": "11.12.2020 14:46",
            "open": "21.9624",
            "high": "21.9624",
            "low": "21.8814",
            "close": "21.5312"
        },
        {
            "time": "11.12.2020 14:55",
            "open": "21.5312",
            "high": "21.71",
            "low": "21.5312",
            "close": "21.6835"
        },
        {
            "time": "11.12.2020 14:59",
            "open": "21.6835",
            "high": "21.6835",
            "low": "21.6835",
            "close": "21.5898"
        },
        {
            "time": "11.12.2020 15:02",
            "open": "21.5898",
            "high": "21.5898",
            "low": "21.567",
            "close": "21.5007"
        },
        {
            "time": "11.12.2020 15:05",
            "open": "21.5007",
            "high": "21.5007",
            "low": "21.5007",
            "close": "21.6512"
        },
        {
            "time": "11.12.2020 15:07",
            "open": "21.6512",
            "high": "21.6512",
            "low": "21.6512",
            "close": "21.6572"
        },
        {
            "time": "11.12.2020 15:13",
            "open": "21.6572",
            "high": "21.6642",
            "low": "21.6572",
            "close": "21.6699"
        },
        {
            "time": "11.12.2020 15:17",
            "open": "21.6699",
            "high": "21.6699",
            "low": "21.6699",
            "close": "21.6132"
        },
        {
            "time": "11.12.2020 15:19",
            "open": "21.6132",
            "high": "21.6132",
            "low": "21.6132",
            "close": "21.4752"
        },
        {
            "time": "11.12.2020 15:23",
            "open": "21.4752",
            "high": "21.4835",
            "low": "21.4726",
            "close": "21.5113"
        },
        {
            "time": "11.12.2020 15:24",
            "open": "21.5113",
            "high": "21.55",
            "low": "21.5113",
            "close": "21.5501"
        },
        {
            "time": "11.12.2020 15:25",
            "open": "21.5501",
            "high": "21.7936",
            "low": "21.5501",
            "close": "21.6717"
        },
        {
            "time": "11.12.2020 15:35",
            "open": "21.6717",
            "high": "21.6717",
            "low": "21.6717",
            "close": "21.7103"
        },
        {
            "time": "11.12.2020 15:44",
            "open": "21.7103",
            "high": "21.7103",
            "low": "21.5535",
            "close": "21.55"
        },
        {
            "time": "11.12.2020 15:45",
            "open": "21.55",
            "high": "21.6707",
            "low": "21.55",
            "close": "21.6929"
        },
        {
            "time": "11.12.2020 15:47",
            "open": "21.6929",
            "high": "21.9062",
            "low": "21.6929",
            "close": "21.9184"
        },
        {
            "time": "11.12.2020 15:48",
            "open": "21.9184",
            "high": "21.9185",
            "low": "21.9184",
            "close": "21.9141"
        },
        {
            "time": "11.12.2020 15:49",
            "open": "21.9141",
            "high": "21.9142",
            "low": "21.9141",
            "close": "21.8338"
        },
        {
            "time": "11.12.2020 15:50",
            "open": "21.8338",
            "high": "21.8338",
            "low": "21.7498",
            "close": "21.7296"
        },
        {
            "time": "11.12.2020 15:51",
            "open": "21.7296",
            "high": "21.7296",
            "low": "21.7296",
            "close": "21.6615"
        },
        {
            "time": "11.12.2020 15:52",
            "open": "21.6615",
            "high": "21.6615",
            "low": "21.6615",
            "close": "21.5976"
        },
        {
            "time": "11.12.2020 15:53",
            "open": "21.5976",
            "high": "21.5976",
            "low": "21.5883",
            "close": "21.5019"
        },
        {
            "time": "11.12.2020 15:56",
            "open": "21.5019",
            "high": "21.5019",
            "low": "21.4912",
            "close": "21.5682"
        },
        {
            "time": "11.12.2020 16:00",
            "open": "21.5682",
            "high": "21.5682",
            "low": "21.5682",
            "close": "21.6862"
        },
        {
            "time": "11.12.2020 16:01",
            "open": "21.6862",
            "high": "21.6862",
            "low": "21.6862",
            "close": "21.6348"
        },
        {
            "time": "11.12.2020 16:09",
            "open": "21.6348",
            "high": "21.6348",
            "low": "21.6348",
            "close": "21.5608"
        },
        {
            "time": "11.12.2020 16:13",
            "open": "21.5608",
            "high": "21.5654",
            "low": "21.5608",
            "close": "21.6098"
        },
        {
            "time": "11.12.2020 16:14",
            "open": "21.6098",
            "high": "21.6098",
            "low": "21.6098",
            "close": "21.5654"
        },
        {
            "time": "11.12.2020 16:16",
            "open": "21.5654",
            "high": "21.5654",
            "low": "21.5654",
            "close": "21.5655"
        },
        {
            "time": "11.12.2020 16:21",
            "open": "21.5655",
            "high": "21.5655",
            "low": "21.5655",
            "close": "21.5578"
        },
        {
            "time": "11.12.2020 16:23",
            "open": "21.5578",
            "high": "21.566",
            "low": "21.5578",
            "close": "21.5017"
        },
        {
            "time": "11.12.2020 16:24",
            "open": "21.5017",
            "high": "21.5288",
            "low": "21.5017",
            "close": "21.5234"
        },
        {
            "time": "11.12.2020 16:26",
            "open": "21.5234",
            "high": "21.5234",
            "low": "21.5234",
            "close": "21.4817"
        },
        {
            "time": "11.12.2020 16:27",
            "open": "21.4817",
            "high": "21.5112",
            "low": "21.4817",
            "close": "21.4282"
        },
        {
            "time": "11.12.2020 16:30",
            "open": "21.4282",
            "high": "21.4282",
            "low": "21.4282",
            "close": "21.4982"
        },
        {
            "time": "11.12.2020 16:31",
            "open": "21.4982",
            "high": "21.4982",
            "low": "21.4982",
            "close": "21.4982"
        },
        {
            "time": "11.12.2020 16:32",
            "open": "21.4982",
            "high": "21.4982",
            "low": "21.4753",
            "close": "21.4753"
        },
        {
            "time": "11.12.2020 16:33",
            "open": "21.4753",
            "high": "21.4753",
            "low": "21.4753",
            "close": "21.5313"
        },
        {
            "time": "11.12.2020 16:36",
            "open": "21.5313",
            "high": "21.5501",
            "low": "21.5313",
            "close": "21.5501"
        },
        {
            "time": "11.12.2020 16:38",
            "open": "21.5501",
            "high": "21.5503",
            "low": "21.5501",
            "close": "21.5503"
        },
        {
            "time": "11.12.2020 16:39",
            "open": "21.5503",
            "high": "21.5503",
            "low": "21.55",
            "close": "21.5703"
        },
        {
            "time": "11.12.2020 16:40",
            "open": "21.5703",
            "high": "21.58",
            "low": "21.5703",
            "close": "21.5963"
        },
        {
            "time": "11.12.2020 16:41",
            "open": "21.5963",
            "high": "21.9275",
            "low": "21.5963",
            "close": "21.8527"
        },
        {
            "time": "11.12.2020 16:42",
            "open": "21.8527",
            "high": "21.8527",
            "low": "21.8527",
            "close": "21.8442"
        },
        {
            "time": "11.12.2020 16:43",
            "open": "21.8442",
            "high": "21.9269",
            "low": "21.844",
            "close": "21.99"
        },
        {
            "time": "11.12.2020 16:47",
            "open": "21.99",
            "high": "21.99",
            "low": "21.99",
            "close": "22.0819"
        },
        {
            "time": "11.12.2020 16:48",
            "open": "22.0819",
            "high": "22.0819",
            "low": "22.0819",
            "close": "22.04"
        },
        {
            "time": "11.12.2020 16:49",
            "open": "22.04",
            "high": "22.04",
            "low": "22.04",
            "close": "22.0122"
        },
        {
            "time": "11.12.2020 16:50",
            "open": "22.0122",
            "high": "22.0122",
            "low": "22",
            "close": "21.9969"
        },
        {
            "time": "11.12.2020 16:53",
            "open": "21.9969",
            "high": "21.9969",
            "low": "21.9484",
            "close": "21.9427"
        },
        {
            "time": "11.12.2020 16:54",
            "open": "21.9427",
            "high": "21.9427",
            "low": "21.8345",
            "close": "21.8369"
        },
        {
            "time": "11.12.2020 16:55",
            "open": "21.8369",
            "high": "21.8369",
            "low": "21.763",
            "close": "21.7597"
        },
        {
            "time": "11.12.2020 16:56",
            "open": "21.7597",
            "high": "21.7668",
            "low": "21.7327",
            "close": "21.7378"
        },
        {
            "time": "11.12.2020 16:57",
            "open": "21.7378",
            "high": "21.7498",
            "low": "21.7",
            "close": "21.5942"
        },
        {
            "time": "11.12.2020 17:00",
            "open": "21.5942",
            "high": "21.5952",
            "low": "21.5942",
            "close": "21.6749"
        },
        {
            "time": "11.12.2020 17:01",
            "open": "21.6749",
            "high": "21.7003",
            "low": "21.6749",
            "close": "21.6977"
        },
        {
            "time": "11.12.2020 17:02",
            "open": "21.6977",
            "high": "21.6977",
            "low": "21.6977",
            "close": "21.7013"
        },
        {
            "time": "11.12.2020 17:11",
            "open": "21.7013",
            "high": "21.7013",
            "low": "21.7011",
            "close": "21.5503"
        },
        {
            "time": "11.12.2020 17:16",
            "open": "21.5503",
            "high": "21.5587",
            "low": "21.5501",
            "close": "21.4439"
        },
        {
            "time": "11.12.2020 17:23",
            "open": "21.4439",
            "high": "21.4439",
            "low": "21.4439",
            "close": "21.4282"
        },
        {
            "time": "11.12.2020 17:26",
            "open": "21.4282",
            "high": "21.4282",
            "low": "21.4282",
            "close": "21.4146"
        },
        {
            "time": "11.12.2020 17:28",
            "open": "21.4146",
            "high": "21.4146",
            "low": "21.4146",
            "close": "21.2342"
        },
        {
            "time": "11.12.2020 17:43",
            "open": "21.2342",
            "high": "21.2342",
            "low": "21.1898",
            "close": "21.1687"
        },
        {
            "time": "11.12.2020 17:44",
            "open": "21.1687",
            "high": "21.6136",
            "low": "21.1687",
            "close": "21.5699"
        },
        {
            "time": "11.12.2020 17:45",
            "open": "21.5699",
            "high": "21.6977",
            "low": "21.5699",
            "close": "21.7929"
        },
        {
            "time": "11.12.2020 17:46",
            "open": "21.7929",
            "high": "21.7929",
            "low": "21.7286",
            "close": "21.264"
        },
        {
            "time": "11.12.2020 17:52",
            "open": "21.264",
            "high": "21.264",
            "low": "21.264",
            "close": "21.3055"
        },
        {
            "time": "11.12.2020 17:53",
            "open": "21.3055",
            "high": "21.3055",
            "low": "21.3055",
            "close": "21.3225"
        },
        {
            "time": "11.12.2020 17:58",
            "open": "21.3225",
            "high": "21.3501",
            "low": "21.3225",
            "close": "21.6232"
        },
        {
            "time": "11.12.2020 17:59",
            "open": "21.6232",
            "high": "21.8741",
            "low": "21.6232",
            "close": "21.6075"
        },
        {
            "time": "11.12.2020 18:03",
            "open": "21.6075",
            "high": "21.6075",
            "low": "21.6075",
            "close": "21.3962"
        },
        {
            "time": "11.12.2020 18:15",
            "open": "21.3962",
            "high": "21.5631",
            "low": "21.3962",
            "close": "21.4618"
        },
        {
            "time": "11.12.2020 18:16",
            "open": "21.4618",
            "high": "21.5004",
            "low": "21.4617",
            "close": "21.4001"
        },
        {
            "time": "11.12.2020 18:38",
            "open": "21.4001",
            "high": "21.4001",
            "low": "21.4001",
            "close": "21.451"
        },
        {
            "time": "11.12.2020 18:46",
            "open": "21.451",
            "high": "21.5569",
            "low": "21.4015",
            "close": "21.4704"
        },
        {
            "time": "11.12.2020 18:47",
            "open": "21.4704",
            "high": "21.4704",
            "low": "21.4704",
            "close": "21.4739"
        },
        {
            "time": "11.12.2020 18:48",
            "open": "21.4739",
            "high": "21.4741",
            "low": "21.4739",
            "close": "21.4736"
        },
        {
            "time": "11.12.2020 18:50",
            "open": "21.4736",
            "high": "21.4737",
            "low": "21.4736",
            "close": "21.479"
        },
        {
            "time": "11.12.2020 18:52",
            "open": "21.479",
            "high": "21.479",
            "low": "21.479",
            "close": "21.4696"
        },
        {
            "time": "11.12.2020 18:53",
            "open": "21.4696",
            "high": "21.4696",
            "low": "21.468",
            "close": "21.4813"
        },
        {
            "time": "11.12.2020 18:54",
            "open": "21.4813",
            "high": "21.4814",
            "low": "21.4813",
            "close": "21.5036"
        },
        {
            "time": "11.12.2020 19:00",
            "open": "21.5036",
            "high": "21.5549",
            "low": "21.4977",
            "close": "21.5064"
        },
        {
            "time": "11.12.2020 19:05",
            "open": "21.5064",
            "high": "21.51",
            "low": "21.5064",
            "close": "21.4976"
        },
        {
            "time": "11.12.2020 19:06",
            "open": "21.4976",
            "high": "21.4976",
            "low": "21.474",
            "close": "21.5009"
        },
        {
            "time": "11.12.2020 19:08",
            "open": "21.5009",
            "high": "21.5009",
            "low": "21.5009",
            "close": "21.4993"
        },
        {
            "time": "11.12.2020 19:09",
            "open": "21.4993",
            "high": "21.5098",
            "low": "21.4993",
            "close": "21.4975"
        },
        {
            "time": "11.12.2020 19:11",
            "open": "21.4975",
            "high": "21.5994",
            "low": "21.4975",
            "close": "21.7905"
        },
        {
            "time": "11.12.2020 19:13",
            "open": "21.7905",
            "high": "21.7906",
            "low": "21.7729",
            "close": "21.7718"
        },
        {
            "time": "11.12.2020 19:17",
            "open": "21.7718",
            "high": "21.7718",
            "low": "21.7718",
            "close": "21.7951"
        },
        {
            "time": "11.12.2020 19:18",
            "open": "21.7951",
            "high": "21.835",
            "low": "21.7951",
            "close": "21.8405"
        },
        {
            "time": "11.12.2020 19:19",
            "open": "21.8405",
            "high": "21.8543",
            "low": "21.8405",
            "close": "21.854"
        },
        {
            "time": "11.12.2020 19:22",
            "open": "21.854",
            "high": "21.854",
            "low": "21.854",
            "close": "21.8569"
        },
        {
            "time": "11.12.2020 19:24",
            "open": "21.8569",
            "high": "22.15",
            "low": "21.8569",
            "close": "22.15"
        },
        {
            "time": "11.12.2020 19:25",
            "open": "22.15",
            "high": "22.1728",
            "low": "22",
            "close": "21.9662"
        },
        {
            "time": "11.12.2020 19:27",
            "open": "21.9662",
            "high": "21.9662",
            "low": "21.9662",
            "close": "21.8586"
        },
        {
            "time": "11.12.2020 19:30",
            "open": "21.8586",
            "high": "21.8586",
            "low": "21.8586",
            "close": "21.7979"
        },
        {
            "time": "11.12.2020 19:34",
            "open": "21.7979",
            "high": "21.7979",
            "low": "21.77",
            "close": "21.7744"
        },
        {
            "time": "11.12.2020 19:35",
            "open": "21.7744",
            "high": "21.7744",
            "low": "21.7744",
            "close": "21.8086"
        },
        {
            "time": "11.12.2020 19:38",
            "open": "21.8086",
            "high": "21.8086",
            "low": "21.8086",
            "close": "21.7768"
        },
        {
            "time": "11.12.2020 19:42",
            "open": "21.7768",
            "high": "21.8586",
            "low": "21.7768",
            "close": "21.9778"
        },
        {
            "time": "11.12.2020 20:01",
            "open": "21.9778",
            "high": "21.9778",
            "low": "21.9778",
            "close": "21.7148"
        },
        {
            "time": "11.12.2020 20:02",
            "open": "21.7148",
            "high": "21.7148",
            "low": "21.7148",
            "close": "21.6242"
        },
        {
            "time": "11.12.2020 20:03",
            "open": "21.6242",
            "high": "21.6242",
            "low": "21.6242",
            "close": "21.6068"
        },
        {
            "time": "11.12.2020 20:04",
            "open": "21.6068",
            "high": "21.6598",
            "low": "21.6068",
            "close": "21.9773"
        },
        {
            "time": "11.12.2020 20:05",
            "open": "21.9773",
            "high": "21.9773",
            "low": "21.9773",
            "close": "21.8647"
        },
        {
            "time": "11.12.2020 20:06",
            "open": "21.8647",
            "high": "21.8647",
            "low": "21.7019",
            "close": "21.6688"
        },
        {
            "time": "11.12.2020 20:07",
            "open": "21.6688",
            "high": "21.8769",
            "low": "21.6688",
            "close": "21.8105"
        },
        {
            "time": "11.12.2020 20:10",
            "open": "21.8105",
            "high": "21.8105",
            "low": "21.8105",
            "close": "21.8056"
        },
        {
            "time": "11.12.2020 20:11",
            "open": "21.8056",
            "high": "21.8056",
            "low": "21.8056",
            "close": "21.7743"
        },
        {
            "time": "11.12.2020 20:14",
            "open": "21.7743",
            "high": "21.7784",
            "low": "21.7658",
            "close": "21.7444"
        },
        {
            "time": "11.12.2020 20:15",
            "open": "21.7444",
            "high": "21.7444",
            "low": "21.6832",
            "close": "21.678"
        },
        {
            "time": "11.12.2020 20:16",
            "open": "21.678",
            "high": "21.6936",
            "low": "21.4373",
            "close": "21.6681"
        },
        {
            "time": "11.12.2020 20:17",
            "open": "21.6681",
            "high": "21.7267",
            "low": "21.6681",
            "close": "21.7144"
        },
        {
            "time": "11.12.2020 20:18",
            "open": "21.7144",
            "high": "21.7144",
            "low": "21.6433",
            "close": "21.493"
        },
        {
            "time": "11.12.2020 20:28",
            "open": "21.493",
            "high": "21.493",
            "low": "21.493",
            "close": "21.52"
        },
        {
            "time": "11.12.2020 20:30",
            "open": "21.52",
            "high": "21.5305",
            "low": "21.52",
            "close": "21.6227"
        },
        {
            "time": "11.12.2020 20:31",
            "open": "21.6227",
            "high": "21.6227",
            "low": "21.6227",
            "close": "21.5432"
        },
        {
            "time": "11.12.2020 20:37",
            "open": "21.5432",
            "high": "21.5432",
            "low": "21.543",
            "close": "21.5643"
        },
        {
            "time": "11.12.2020 20:42",
            "open": "21.5643",
            "high": "21.825",
            "low": "21.5643",
            "close": "21.8088"
        },
        {
            "time": "11.12.2020 20:43",
            "open": "21.8088",
            "high": "21.9477",
            "low": "21.8088",
            "close": "21.9426"
        },
        {
            "time": "11.12.2020 20:44",
            "open": "21.9426",
            "high": "22.005",
            "low": "21.9426",
            "close": "21.9826"
        },
        {
            "time": "11.12.2020 20:45",
            "open": "21.9826",
            "high": "22.1632",
            "low": "21.9137",
            "close": "21.9009"
        },
        {
            "time": "11.12.2020 20:46",
            "open": "21.9009",
            "high": "21.9009",
            "low": "21.9009",
            "close": "21.9194"
        },
        {
            "time": "11.12.2020 20:47",
            "open": "21.9194",
            "high": "21.9317",
            "low": "21.8963",
            "close": "21.9129"
        },
        {
            "time": "11.12.2020 20:48",
            "open": "21.9129",
            "high": "21.9129",
            "low": "21.9129",
            "close": "21.9335"
        },
        {
            "time": "11.12.2020 20:51",
            "open": "21.9335",
            "high": "21.955",
            "low": "21.9335",
            "close": "21.9177"
        },
        {
            "time": "11.12.2020 21:12",
            "open": "21.9177",
            "high": "21.9177",
            "low": "21.86",
            "close": "21.7864"
        },
        {
            "time": "11.12.2020 21:15",
            "open": "21.7864",
            "high": "21.7864",
            "low": "21.7864",
            "close": "22.0473"
        },
        {
            "time": "11.12.2020 21:16",
            "open": "22.0473",
            "high": "22.0474",
            "low": "22.0473",
            "close": "22.1"
        },
        {
            "time": "11.12.2020 21:22",
            "open": "22.1",
            "high": "22.1416",
            "low": "22.1",
            "close": "22.0868"
        },
        {
            "time": "11.12.2020 21:25",
            "open": "22.0868",
            "high": "22.0868",
            "low": "22.0868",
            "close": "22.0868"
        },
        {
            "time": "11.12.2020 21:27",
            "open": "22.0868",
            "high": "22.0868",
            "low": "22.0868",
            "close": "21.8979"
        },
        {
            "time": "11.12.2020 21:39",
            "open": "21.8979",
            "high": "21.9117",
            "low": "21.8979",
            "close": "21.9117"
        },
        {
            "time": "11.12.2020 21:43",
            "open": "21.9117",
            "high": "21.9117",
            "low": "21.9117",
            "close": "21.874"
        },
        {
            "time": "11.12.2020 21:46",
            "open": "21.874",
            "high": "21.874",
            "low": "21.874",
            "close": "21.8235"
        },
        {
            "time": "11.12.2020 21:49",
            "open": "21.8235",
            "high": "21.8235",
            "low": "21.8235",
            "close": "21.8235"
        },
        {
            "time": "11.12.2020 21:50",
            "open": "21.8235",
            "high": "21.8235",
            "low": "21.8235",
            "close": "22.06"
        },
        {
            "time": "11.12.2020 22:01",
            "open": "22.06",
            "high": "22.1633",
            "low": "22.06",
            "close": "22.17"
        },
        {
            "time": "11.12.2020 22:02",
            "open": "22.17",
            "high": "22.17",
            "low": "22.1486",
            "close": "22.165"
        },
        {
            "time": "11.12.2020 22:03",
            "open": "22.165",
            "high": "22.2135",
            "low": "22.1391",
            "close": "22.0887"
        },
        {
            "time": "11.12.2020 22:08",
            "open": "22.0887",
            "high": "22.1263",
            "low": "22.0887",
            "close": "22.1336"
        },
        {
            "time": "11.12.2020 22:12",
            "open": "22.1336",
            "high": "22.1336",
            "low": "22.1336",
            "close": "22.136"
        },
        {
            "time": "11.12.2020 22:13",
            "open": "22.136",
            "high": "22.1533",
            "low": "22.136",
            "close": "22.1155"
        },
        {
            "time": "11.12.2020 22:15",
            "open": "22.1155",
            "high": "22.1155",
            "low": "22.1155",
            "close": "22.11"
        },
        {
            "time": "11.12.2020 22:19",
            "open": "22.11",
            "high": "22.11",
            "low": "22.11",
            "close": "21.869"
        },
        {
            "time": "11.12.2020 22:20",
            "open": "21.869",
            "high": "21.8898",
            "low": "21.869",
            "close": "21.995"
        },
        {
            "time": "11.12.2020 22:39",
            "open": "21.995",
            "high": "22.0308",
            "low": "21.9926",
            "close": "21.9431"
        },
        {
            "time": "11.12.2020 22:40",
            "open": "21.9431",
            "high": "21.9431",
            "low": "21.9265",
            "close": "21.8335"
        },
        {
            "time": "11.12.2020 22:41",
            "open": "21.8335",
            "high": "21.8335",
            "low": "21.8335",
            "close": "21.8163"
        },
        {
            "time": "11.12.2020 22:42",
            "open": "21.8163",
            "high": "21.8163",
            "low": "21.81",
            "close": "21.8"
        },
        {
            "time": "11.12.2020 22:44",
            "open": "21.8",
            "high": "21.8",
            "low": "21.8",
            "close": "21.6645"
        },
        {
            "time": "11.12.2020 22:51",
            "open": "21.6645",
            "high": "21.6645",
            "low": "21.6136",
            "close": "21.5844"
        },
        {
            "time": "11.12.2020 22:52",
            "open": "21.5844",
            "high": "21.5907",
            "low": "21.5844",
            "close": "21.6571"
        },
        {
            "time": "11.12.2020 22:55",
            "open": "21.6571",
            "high": "21.6571",
            "low": "21.6571",
            "close": "21.6184"
        },
        {
            "time": "11.12.2020 23:00",
            "open": "21.6184",
            "high": "21.6651",
            "low": "21.6184",
            "close": "21.8132"
        },
        {
            "time": "11.12.2020 23:01",
            "open": "21.8132",
            "high": "21.8652",
            "low": "21.8132",
            "close": "21.876"
        },
        {
            "time": "11.12.2020 23:15",
            "open": "21.876",
            "high": "21.876",
            "low": "21.82",
            "close": "21.6445"
        },
        {
            "time": "11.12.2020 23:30",
            "open": "21.6445",
            "high": "21.6445",
            "low": "21.6445",
            "close": "21.7226"
        },
        {
            "time": "11.12.2020 23:36",
            "open": "21.7226",
            "high": "21.7226",
            "low": "21.7226",
            "close": "21.6986"
        },
        {
            "time": "11.12.2020 23:41",
            "open": "21.6986",
            "high": "21.723",
            "low": "21.6986",
            "close": "21.6756"
        },
        {
            "time": "11.12.2020 23:42",
            "open": "21.6756",
            "high": "21.6932",
            "low": "21.6756",
            "close": "21.6766"
        },
        {
            "time": "11.12.2020 23:43",
            "open": "21.6766",
            "high": "21.6766",
            "low": "21.6766",
            "close": "21.6766"
        },
        {
            "time": "11.12.2020 23:45",
            "open": "21.6766",
            "high": "21.6766",
            "low": "21.6766",
            "close": "21.6632"
        },
        {
            "time": "11.12.2020 23:49",
            "open": "21.6632",
            "high": "21.6818",
            "low": "21.6632",
            "close": "21.6763"
        },
        {
            "time": "11.12.2020 23:50",
            "open": "21.6763",
            "high": "21.6764",
            "low": "21.577",
            "close": "21.5995"
        },
        {
            "time": "11.12.2020 23:51",
            "open": "21.5995",
            "high": "21.5995",
            "low": "21.5497",
            "close": "21.5346"
        },
        {
            "time": "11.12.2020 23:52",
            "open": "21.5346",
            "high": "21.5648",
            "low": "21.5314",
            "close": "21.5512"
        },
        {
            "time": "11.12.2020 23:53",
            "open": "21.5512",
            "high": "21.5515",
            "low": "21.52",
            "close": "21.5241"
        },
        {
            "time": "11.12.2020 23:54",
            "open": "21.5241",
            "high": "21.5241",
            "low": "21.5241",
            "close": "21.5255"
        },
        {
            "time": "11.12.2020 23:55",
            "open": "21.5255",
            "high": "21.5332",
            "low": "21.5255",
            "close": "21.5379"
        },
        {
            "time": "11.12.2020 23:57",
            "open": "21.5379",
            "high": "21.5501",
            "low": "21.5371",
            "close": "21.5984"
        }
    ]
}