{
    "NMR-EUR": [
        {
            "time": "19.01.2021 23:59",
            "open": "24.1562",
            "high": "24.1562",
            "low": "24.1534",
            "close": "24.1265"
        },
        {
            "time": "20.01.2021 00:00",
            "open": "24.1265",
            "high": "24.1265",
            "low": "24.0947",
            "close": "24.1135"
        },
        {
            "time": "20.01.2021 00:02",
            "open": "24.1135",
            "high": "24.1135",
            "low": "24.1134",
            "close": "24.0079"
        },
        {
            "time": "20.01.2021 00:08",
            "open": "24.0079",
            "high": "24.0079",
            "low": "23.8147",
            "close": "23.8748"
        },
        {
            "time": "20.01.2021 00:09",
            "open": "23.8748",
            "high": "23.8748",
            "low": "23.8748",
            "close": "23.8013"
        },
        {
            "time": "20.01.2021 00:10",
            "open": "23.8013",
            "high": "23.8013",
            "low": "23.8013",
            "close": "23.8"
        },
        {
            "time": "20.01.2021 00:11",
            "open": "23.8",
            "high": "23.8",
            "low": "23.7805",
            "close": "23.7466"
        },
        {
            "time": "20.01.2021 00:16",
            "open": "23.7466",
            "high": "23.7869",
            "low": "23.7466",
            "close": "23.796"
        },
        {
            "time": "20.01.2021 00:17",
            "open": "23.796",
            "high": "23.796",
            "low": "23.728",
            "close": "23.728"
        },
        {
            "time": "20.01.2021 00:21",
            "open": "23.728",
            "high": "23.728",
            "low": "23.728",
            "close": "23.6687"
        },
        {
            "time": "20.01.2021 00:24",
            "open": "23.6687",
            "high": "23.6687",
            "low": "23.667",
            "close": "23.667"
        },
        {
            "time": "20.01.2021 00:25",
            "open": "23.667",
            "high": "23.667",
            "low": "23.5937",
            "close": "23.6646"
        },
        {
            "time": "20.01.2021 00:26",
            "open": "23.6646",
            "high": "23.6646",
            "low": "23.6646",
            "close": "23.6459"
        },
        {
            "time": "20.01.2021 00:27",
            "open": "23.6459",
            "high": "23.6459",
            "low": "23.6459",
            "close": "23.6299"
        },
        {
            "time": "20.01.2021 00:30",
            "open": "23.6299",
            "high": "23.8023",
            "low": "23.6299",
            "close": "23.7274"
        },
        {
            "time": "20.01.2021 00:31",
            "open": "23.7274",
            "high": "23.7274",
            "low": "23.7274",
            "close": "23.7049"
        },
        {
            "time": "20.01.2021 00:32",
            "open": "23.7049",
            "high": "23.7049",
            "low": "23.7049",
            "close": "23.5946"
        },
        {
            "time": "20.01.2021 00:35",
            "open": "23.5946",
            "high": "23.6456",
            "low": "23.5946",
            "close": "23.6397"
        },
        {
            "time": "20.01.2021 00:39",
            "open": "23.6397",
            "high": "23.6397",
            "low": "23.6397",
            "close": "23.5937"
        },
        {
            "time": "20.01.2021 00:41",
            "open": "23.5937",
            "high": "23.5937",
            "low": "23.5937",
            "close": "23.5937"
        },
        {
            "time": "20.01.2021 00:42",
            "open": "23.5937",
            "high": "23.5937",
            "low": "23.5937",
            "close": "23.55"
        },
        {
            "time": "20.01.2021 00:43",
            "open": "23.55",
            "high": "23.55",
            "low": "23.55",
            "close": "23.51"
        },
        {
            "time": "20.01.2021 00:45",
            "open": "23.51",
            "high": "23.51",
            "low": "23.5002",
            "close": "23.5001"
        },
        {
            "time": "20.01.2021 00:46",
            "open": "23.5001",
            "high": "23.5001",
            "low": "23.438",
            "close": "23.4001"
        },
        {
            "time": "20.01.2021 00:47",
            "open": "23.4001",
            "high": "23.4001",
            "low": "23.4",
            "close": "23.4"
        },
        {
            "time": "20.01.2021 00:55",
            "open": "23.4",
            "high": "23.44",
            "low": "23.4",
            "close": "23.4045"
        },
        {
            "time": "20.01.2021 00:56",
            "open": "23.4045",
            "high": "23.44",
            "low": "23.4045",
            "close": "23.4085"
        },
        {
            "time": "20.01.2021 00:58",
            "open": "23.4085",
            "high": "23.652",
            "low": "23.4085",
            "close": "23.361"
        },
        {
            "time": "20.01.2021 01:00",
            "open": "23.361",
            "high": "23.361",
            "low": "23.3524",
            "close": "23.412"
        },
        {
            "time": "20.01.2021 01:05",
            "open": "23.412",
            "high": "23.412",
            "low": "23.412",
            "close": "23.55"
        },
        {
            "time": "20.01.2021 01:10",
            "open": "23.55",
            "high": "23.6815",
            "low": "23.5449",
            "close": "23.6647"
        },
        {
            "time": "20.01.2021 01:11",
            "open": "23.6647",
            "high": "23.7222",
            "low": "23.6647",
            "close": "23.6937"
        },
        {
            "time": "20.01.2021 01:13",
            "open": "23.6937",
            "high": "23.6937",
            "low": "23.6937",
            "close": "23.7534"
        },
        {
            "time": "20.01.2021 01:14",
            "open": "23.7534",
            "high": "23.7534",
            "low": "23.7534",
            "close": "23.7754"
        },
        {
            "time": "20.01.2021 01:16",
            "open": "23.7754",
            "high": "23.7936",
            "low": "23.7754",
            "close": "23.7817"
        },
        {
            "time": "20.01.2021 01:18",
            "open": "23.7817",
            "high": "23.7817",
            "low": "23.7817",
            "close": "23.7621"
        },
        {
            "time": "20.01.2021 01:20",
            "open": "23.7621",
            "high": "23.7621",
            "low": "23.7621",
            "close": "23.6215"
        },
        {
            "time": "20.01.2021 01:21",
            "open": "23.6215",
            "high": "23.6215",
            "low": "23.6215",
            "close": "23.4933"
        },
        {
            "time": "20.01.2021 01:22",
            "open": "23.4933",
            "high": "23.4933",
            "low": "23.4933",
            "close": "23.3607"
        },
        {
            "time": "20.01.2021 01:23",
            "open": "23.3607",
            "high": "23.4023",
            "low": "23.3607",
            "close": "23.3608"
        },
        {
            "time": "20.01.2021 01:24",
            "open": "23.3608",
            "high": "23.3608",
            "low": "23.3607",
            "close": "23.3666"
        },
        {
            "time": "20.01.2021 01:25",
            "open": "23.3666",
            "high": "23.3666",
            "low": "23.3666",
            "close": "23.3681"
        },
        {
            "time": "20.01.2021 01:26",
            "open": "23.3681",
            "high": "23.4955",
            "low": "23.3681",
            "close": "23.4556"
        },
        {
            "time": "20.01.2021 01:27",
            "open": "23.4556",
            "high": "23.4792",
            "low": "23.4556",
            "close": "23.4237"
        },
        {
            "time": "20.01.2021 01:31",
            "open": "23.4237",
            "high": "23.4237",
            "low": "23.4237",
            "close": "23.476"
        },
        {
            "time": "20.01.2021 01:35",
            "open": "23.476",
            "high": "23.476",
            "low": "23.476",
            "close": "23.476"
        },
        {
            "time": "20.01.2021 01:36",
            "open": "23.476",
            "high": "23.476",
            "low": "23.476",
            "close": "23.5073"
        },
        {
            "time": "20.01.2021 01:43",
            "open": "23.5073",
            "high": "23.5073",
            "low": "23.4781",
            "close": "23.688"
        },
        {
            "time": "20.01.2021 02:04",
            "open": "23.688",
            "high": "23.688",
            "low": "23.3858",
            "close": "23.43"
        },
        {
            "time": "20.01.2021 02:10",
            "open": "23.43",
            "high": "23.43",
            "low": "23.4299",
            "close": "23.3567"
        },
        {
            "time": "20.01.2021 02:26",
            "open": "23.3567",
            "high": "23.3567",
            "low": "23.3567",
            "close": "23.33"
        },
        {
            "time": "20.01.2021 02:39",
            "open": "23.33",
            "high": "23.33",
            "low": "23.33",
            "close": "23.33"
        },
        {
            "time": "20.01.2021 02:41",
            "open": "23.33",
            "high": "23.33",
            "low": "23.2793",
            "close": "23.3002"
        },
        {
            "time": "20.01.2021 02:42",
            "open": "23.3002",
            "high": "23.3596",
            "low": "23.3002",
            "close": "23.2808"
        },
        {
            "time": "20.01.2021 02:43",
            "open": "23.2808",
            "high": "23.2808",
            "low": "23.2808",
            "close": "23.2793"
        },
        {
            "time": "20.01.2021 02:45",
            "open": "23.2793",
            "high": "23.2793",
            "low": "23.2335",
            "close": "23.1816"
        },
        {
            "time": "20.01.2021 03:04",
            "open": "23.1816",
            "high": "23.1816",
            "low": "23.1815",
            "close": "23.15"
        },
        {
            "time": "20.01.2021 03:08",
            "open": "23.15",
            "high": "23.2304",
            "low": "23.15",
            "close": "23.2304"
        },
        {
            "time": "20.01.2021 03:09",
            "open": "23.2304",
            "high": "23.2304",
            "low": "23.2304",
            "close": "23.1694"
        },
        {
            "time": "20.01.2021 03:10",
            "open": "23.1694",
            "high": "23.3306",
            "low": "23.1694",
            "close": "23.3306"
        },
        {
            "time": "20.01.2021 03:11",
            "open": "23.3306",
            "high": "23.3306",
            "low": "23.2103",
            "close": "23.237"
        },
        {
            "time": "20.01.2021 03:32",
            "open": "23.237",
            "high": "23.237",
            "low": "23.237",
            "close": "23.3549"
        },
        {
            "time": "20.01.2021 03:41",
            "open": "23.3549",
            "high": "23.3549",
            "low": "23.3549",
            "close": "23.5083"
        },
        {
            "time": "20.01.2021 03:42",
            "open": "23.5083",
            "high": "23.5083",
            "low": "23.5083",
            "close": "23.488"
        },
        {
            "time": "20.01.2021 03:44",
            "open": "23.488",
            "high": "23.488",
            "low": "23.488",
            "close": "23.5756"
        },
        {
            "time": "20.01.2021 03:45",
            "open": "23.5756",
            "high": "23.593",
            "low": "23.5756",
            "close": "23.5951"
        },
        {
            "time": "20.01.2021 03:53",
            "open": "23.5951",
            "high": "23.5951",
            "low": "23.5951",
            "close": "23.5317"
        },
        {
            "time": "20.01.2021 03:54",
            "open": "23.5317",
            "high": "23.5317",
            "low": "23.5317",
            "close": "23.5532"
        },
        {
            "time": "20.01.2021 03:56",
            "open": "23.5532",
            "high": "23.5532",
            "low": "23.5532",
            "close": "23.5532"
        },
        {
            "time": "20.01.2021 03:57",
            "open": "23.5532",
            "high": "23.5532",
            "low": "23.5532",
            "close": "23.595"
        },
        {
            "time": "20.01.2021 04:00",
            "open": "23.595",
            "high": "23.5951",
            "low": "23.543",
            "close": "23.6208"
        },
        {
            "time": "20.01.2021 04:03",
            "open": "23.6208",
            "high": "23.7222",
            "low": "23.6207",
            "close": "23.6744"
        },
        {
            "time": "20.01.2021 04:04",
            "open": "23.6744",
            "high": "23.6744",
            "low": "23.6743",
            "close": "23.6439"
        },
        {
            "time": "20.01.2021 04:06",
            "open": "23.6439",
            "high": "23.6439",
            "low": "23.634",
            "close": "23.5039"
        },
        {
            "time": "20.01.2021 04:09",
            "open": "23.5039",
            "high": "23.5039",
            "low": "23.5039",
            "close": "23.5666"
        },
        {
            "time": "20.01.2021 04:10",
            "open": "23.5669",
            "high": "23.5669",
            "low": "23.5669",
            "close": "23.4231"
        },
        {
            "time": "20.01.2021 04:30",
            "open": "23.4231",
            "high": "23.4231",
            "low": "23.4231",
            "close": "23.3488"
        },
        {
            "time": "20.01.2021 04:36",
            "open": "23.3488",
            "high": "23.3488",
            "low": "23.3488",
            "close": "23.2335"
        },
        {
            "time": "20.01.2021 04:37",
            "open": "23.2335",
            "high": "23.2335",
            "low": "23.2335",
            "close": "23.2306"
        },
        {
            "time": "20.01.2021 04:38",
            "open": "23.2306",
            "high": "23.2306",
            "low": "23.2306",
            "close": "23.227"
        },
        {
            "time": "20.01.2021 04:44",
            "open": "23.227",
            "high": "23.227",
            "low": "23.227",
            "close": "23.2306"
        },
        {
            "time": "20.01.2021 04:58",
            "open": "23.2306",
            "high": "23.2597",
            "low": "23.2306",
            "close": "23.2384"
        },
        {
            "time": "20.01.2021 05:01",
            "open": "23.2384",
            "high": "23.2384",
            "low": "23.2384",
            "close": "23.1535"
        },
        {
            "time": "20.01.2021 05:03",
            "open": "23.1535",
            "high": "23.1535",
            "low": "23.1535",
            "close": "23.2096"
        },
        {
            "time": "20.01.2021 05:09",
            "open": "23.2096",
            "high": "23.2096",
            "low": "23.2096",
            "close": "23.3517"
        },
        {
            "time": "20.01.2021 05:10",
            "open": "23.3517",
            "high": "23.3517",
            "low": "23.3517",
            "close": "23.3517"
        },
        {
            "time": "20.01.2021 05:14",
            "open": "23.3517",
            "high": "23.3517",
            "low": "23.3517",
            "close": "23.1303"
        },
        {
            "time": "20.01.2021 05:16",
            "open": "23.1303",
            "high": "23.1303",
            "low": "23.1301",
            "close": "23.2524"
        },
        {
            "time": "20.01.2021 05:28",
            "open": "23.2524",
            "high": "23.2524",
            "low": "23.2524",
            "close": "23.2836"
        },
        {
            "time": "20.01.2021 05:59",
            "open": "23.2836",
            "high": "23.2836",
            "low": "23.2836",
            "close": "23.4073"
        },
        {
            "time": "20.01.2021 06:06",
            "open": "23.4073",
            "high": "23.4073",
            "low": "23.4073",
            "close": "23.4073"
        },
        {
            "time": "20.01.2021 06:13",
            "open": "23.4073",
            "high": "23.4073",
            "low": "23.4073",
            "close": "23.3197"
        },
        {
            "time": "20.01.2021 06:19",
            "open": "23.3197",
            "high": "23.3197",
            "low": "23.3197",
            "close": "23.2859"
        },
        {
            "time": "20.01.2021 06:25",
            "open": "23.2859",
            "high": "23.286",
            "low": "23.2859",
            "close": "23.3886"
        },
        {
            "time": "20.01.2021 06:30",
            "open": "23.3886",
            "high": "23.4122",
            "low": "23.3886",
            "close": "23.5371"
        },
        {
            "time": "20.01.2021 06:32",
            "open": "23.5371",
            "high": "23.5371",
            "low": "23.5371",
            "close": "23.5363"
        },
        {
            "time": "20.01.2021 06:44",
            "open": "23.5363",
            "high": "23.5363",
            "low": "23.5363",
            "close": "23.4777"
        },
        {
            "time": "20.01.2021 06:50",
            "open": "23.4777",
            "high": "23.4777",
            "low": "23.4777",
            "close": "23.315"
        },
        {
            "time": "20.01.2021 06:52",
            "open": "23.315",
            "high": "23.315",
            "low": "23.315",
            "close": "23.315"
        },
        {
            "time": "20.01.2021 06:53",
            "open": "23.315",
            "high": "23.315",
            "low": "23.315",
            "close": "23.2945"
        },
        {
            "time": "20.01.2021 06:58",
            "open": "23.2945",
            "high": "23.2945",
            "low": "23.2924",
            "close": "23.3151"
        },
        {
            "time": "20.01.2021 07:07",
            "open": "23.3151",
            "high": "23.3156",
            "low": "23.3151",
            "close": "23.2888"
        },
        {
            "time": "20.01.2021 07:08",
            "open": "23.2888",
            "high": "23.2888",
            "low": "23.2888",
            "close": "23.2743"
        },
        {
            "time": "20.01.2021 07:09",
            "open": "23.2743",
            "high": "23.2744",
            "low": "23.2743",
            "close": "23.21"
        },
        {
            "time": "20.01.2021 07:17",
            "open": "23.21",
            "high": "23.21",
            "low": "23.21",
            "close": "23.1981"
        },
        {
            "time": "20.01.2021 07:18",
            "open": "23.1981",
            "high": "23.1981",
            "low": "23.1981",
            "close": "23.185"
        },
        {
            "time": "20.01.2021 07:21",
            "open": "23.185",
            "high": "23.185",
            "low": "23.1763",
            "close": "23.21"
        },
        {
            "time": "20.01.2021 07:22",
            "open": "23.21",
            "high": "23.21",
            "low": "23.21",
            "close": "23.2358"
        },
        {
            "time": "20.01.2021 07:23",
            "open": "23.2358",
            "high": "23.2358",
            "low": "23.2358",
            "close": "23.4681"
        },
        {
            "time": "20.01.2021 07:30",
            "open": "23.4681",
            "high": "23.4681",
            "low": "23.4681",
            "close": "23.3359"
        },
        {
            "time": "20.01.2021 07:50",
            "open": "23.3359",
            "high": "23.3359",
            "low": "23.3359",
            "close": "23.3253"
        },
        {
            "time": "20.01.2021 07:53",
            "open": "23.3253",
            "high": "23.3253",
            "low": "23.3234",
            "close": "23.3493"
        },
        {
            "time": "20.01.2021 08:02",
            "open": "23.3493",
            "high": "23.3493",
            "low": "23.3493",
            "close": "23.2992"
        },
        {
            "time": "20.01.2021 08:08",
            "open": "23.2992",
            "high": "23.2992",
            "low": "23.2992",
            "close": "23.4184"
        },
        {
            "time": "20.01.2021 08:16",
            "open": "23.4184",
            "high": "23.4304",
            "low": "23.4184",
            "close": "23.4615"
        },
        {
            "time": "20.01.2021 08:20",
            "open": "23.4615",
            "high": "23.4615",
            "low": "23.4615",
            "close": "23.523"
        },
        {
            "time": "20.01.2021 08:26",
            "open": "23.523",
            "high": "23.523",
            "low": "23.523",
            "close": "23.593"
        },
        {
            "time": "20.01.2021 08:31",
            "open": "23.593",
            "high": "23.593",
            "low": "23.593",
            "close": "23.7221"
        },
        {
            "time": "20.01.2021 08:34",
            "open": "23.7221",
            "high": "23.7221",
            "low": "23.7221",
            "close": "23.6366"
        },
        {
            "time": "20.01.2021 08:36",
            "open": "23.6366",
            "high": "23.6366",
            "low": "23.6366",
            "close": "23.7222"
        },
        {
            "time": "20.01.2021 08:38",
            "open": "23.7222",
            "high": "23.7222",
            "low": "23.7222",
            "close": "23.7347"
        },
        {
            "time": "20.01.2021 08:40",
            "open": "23.7347",
            "high": "23.7347",
            "low": "23.7347",
            "close": "23.7717"
        },
        {
            "time": "20.01.2021 08:53",
            "open": "23.7717",
            "high": "23.7717",
            "low": "23.7717",
            "close": "23.6813"
        },
        {
            "time": "20.01.2021 08:56",
            "open": "23.6813",
            "high": "23.6813",
            "low": "23.6813",
            "close": "23.7531"
        },
        {
            "time": "20.01.2021 08:57",
            "open": "23.7531",
            "high": "23.7531",
            "low": "23.7531",
            "close": "23.6467"
        },
        {
            "time": "20.01.2021 08:59",
            "open": "23.6467",
            "high": "23.6467",
            "low": "23.6467",
            "close": "23.4881"
        },
        {
            "time": "20.01.2021 09:07",
            "open": "23.4881",
            "high": "23.4881",
            "low": "23.3607",
            "close": "23.4097"
        },
        {
            "time": "20.01.2021 09:09",
            "open": "23.4097",
            "high": "23.4097",
            "low": "23.397",
            "close": "23.4067"
        },
        {
            "time": "20.01.2021 09:10",
            "open": "23.4067",
            "high": "23.4067",
            "low": "23.4067",
            "close": "23.398"
        },
        {
            "time": "20.01.2021 09:11",
            "open": "23.398",
            "high": "23.398",
            "low": "23.398",
            "close": "23.2335"
        },
        {
            "time": "20.01.2021 09:17",
            "open": "23.2335",
            "high": "23.2335",
            "low": "23.2335",
            "close": "23.2"
        },
        {
            "time": "20.01.2021 09:18",
            "open": "23.2",
            "high": "23.2",
            "low": "23.1763",
            "close": "23.1763"
        },
        {
            "time": "20.01.2021 09:19",
            "open": "23.1763",
            "high": "23.1763",
            "low": "23.1763",
            "close": "23.158"
        },
        {
            "time": "20.01.2021 09:21",
            "open": "23.158",
            "high": "23.2575",
            "low": "23.158",
            "close": "23.258"
        },
        {
            "time": "20.01.2021 09:22",
            "open": "23.258",
            "high": "23.258",
            "low": "23.258",
            "close": "23.406"
        },
        {
            "time": "20.01.2021 09:33",
            "open": "23.406",
            "high": "23.4463",
            "low": "23.3999",
            "close": "23.3862"
        },
        {
            "time": "20.01.2021 09:34",
            "open": "23.3862",
            "high": "23.3862",
            "low": "23.3581",
            "close": "23.4165"
        },
        {
            "time": "20.01.2021 09:35",
            "open": "23.4165",
            "high": "23.4165",
            "low": "23.4165",
            "close": "23.4"
        },
        {
            "time": "20.01.2021 09:37",
            "open": "23.4",
            "high": "23.4",
            "low": "23.4",
            "close": "23.3944"
        },
        {
            "time": "20.01.2021 09:38",
            "open": "23.3944",
            "high": "23.3944",
            "low": "23.3944",
            "close": "23.3622"
        },
        {
            "time": "20.01.2021 09:40",
            "open": "23.3622",
            "high": "23.3622",
            "low": "23.3622",
            "close": "23.3582"
        },
        {
            "time": "20.01.2021 09:54",
            "open": "23.3582",
            "high": "23.3582",
            "low": "23.3383",
            "close": "23.3402"
        },
        {
            "time": "20.01.2021 09:55",
            "open": "23.3402",
            "high": "23.3402",
            "low": "23.34",
            "close": "23.34"
        },
        {
            "time": "20.01.2021 09:58",
            "open": "23.34",
            "high": "23.34",
            "low": "23.34",
            "close": "23.34"
        },
        {
            "time": "20.01.2021 09:59",
            "open": "23.34",
            "high": "23.34",
            "low": "23.34",
            "close": "23.3401"
        },
        {
            "time": "20.01.2021 10:01",
            "open": "23.3401",
            "high": "23.4252",
            "low": "23.3401",
            "close": "23.34"
        },
        {
            "time": "20.01.2021 10:03",
            "open": "23.34",
            "high": "23.34",
            "low": "23.34",
            "close": "23.34"
        },
        {
            "time": "20.01.2021 10:04",
            "open": "23.34",
            "high": "23.34",
            "low": "23.34",
            "close": "23.34"
        },
        {
            "time": "20.01.2021 10:05",
            "open": "23.34",
            "high": "23.34",
            "low": "23.34",
            "close": "23.3419"
        },
        {
            "time": "20.01.2021 10:06",
            "open": "23.3419",
            "high": "23.3419",
            "low": "23.3394",
            "close": "23.2749"
        },
        {
            "time": "20.01.2021 10:08",
            "open": "23.2749",
            "high": "23.2749",
            "low": "23.2749",
            "close": "23.309"
        },
        {
            "time": "20.01.2021 10:10",
            "open": "23.309",
            "high": "23.309",
            "low": "23.309",
            "close": "23.4032"
        },
        {
            "time": "20.01.2021 10:12",
            "open": "23.4032",
            "high": "23.4203",
            "low": "23.4032",
            "close": "23.5199"
        },
        {
            "time": "20.01.2021 10:23",
            "open": "23.5199",
            "high": "23.5199",
            "low": "23.5199",
            "close": "23.593"
        },
        {
            "time": "20.01.2021 10:24",
            "open": "23.593",
            "high": "23.593",
            "low": "23.593",
            "close": "23.7222"
        },
        {
            "time": "20.01.2021 10:26",
            "open": "23.7222",
            "high": "23.7222",
            "low": "23.6771",
            "close": "23.677"
        },
        {
            "time": "20.01.2021 10:27",
            "open": "23.677",
            "high": "23.677",
            "low": "23.6498",
            "close": "23.627"
        },
        {
            "time": "20.01.2021 10:28",
            "open": "23.627",
            "high": "23.627",
            "low": "23.5998",
            "close": "23.5919"
        },
        {
            "time": "20.01.2021 10:29",
            "open": "23.5919",
            "high": "23.5919",
            "low": "23.5878",
            "close": "23.6368"
        },
        {
            "time": "20.01.2021 10:30",
            "open": "23.6368",
            "high": "23.6368",
            "low": "23.4885",
            "close": "23.3607"
        },
        {
            "time": "20.01.2021 10:31",
            "open": "23.3607",
            "high": "23.3704",
            "low": "23.34",
            "close": "23.3215"
        },
        {
            "time": "20.01.2021 10:32",
            "open": "23.3215",
            "high": "23.3215",
            "low": "23.3",
            "close": "23.2953"
        },
        {
            "time": "20.01.2021 10:34",
            "open": "23.2953",
            "high": "23.2953",
            "low": "23.2953",
            "close": "23.2335"
        },
        {
            "time": "20.01.2021 10:35",
            "open": "23.2335",
            "high": "23.2335",
            "low": "23.2335",
            "close": "23.3006"
        },
        {
            "time": "20.01.2021 10:36",
            "open": "23.3006",
            "high": "23.3006",
            "low": "23.3006",
            "close": "23.2335"
        },
        {
            "time": "20.01.2021 10:37",
            "open": "23.2335",
            "high": "23.2335",
            "low": "23.2335",
            "close": "23.2"
        },
        {
            "time": "20.01.2021 10:38",
            "open": "23.2",
            "high": "23.2",
            "low": "23.1591",
            "close": "23.1733"
        },
        {
            "time": "20.01.2021 10:39",
            "open": "23.1733",
            "high": "23.1733",
            "low": "23.1733",
            "close": "23.2207"
        },
        {
            "time": "20.01.2021 10:40",
            "open": "23.2207",
            "high": "23.2207",
            "low": "23.2207",
            "close": "23.1413"
        },
        {
            "time": "20.01.2021 10:41",
            "open": "23.1413",
            "high": "23.1413",
            "low": "23.1413",
            "close": "23.1413"
        },
        {
            "time": "20.01.2021 10:46",
            "open": "23.1413",
            "high": "23.1413",
            "low": "23.1413",
            "close": "23.2342"
        },
        {
            "time": "20.01.2021 10:49",
            "open": "23.2342",
            "high": "23.2602",
            "low": "23.2342",
            "close": "23.1371"
        },
        {
            "time": "20.01.2021 10:53",
            "open": "23.1371",
            "high": "23.1439",
            "low": "23.1371",
            "close": "23.2169"
        },
        {
            "time": "20.01.2021 10:56",
            "open": "23.2169",
            "high": "23.2169",
            "low": "23.2169",
            "close": "23.2412"
        },
        {
            "time": "20.01.2021 10:57",
            "open": "23.2412",
            "high": "23.2412",
            "low": "23.2412",
            "close": "23.1978"
        },
        {
            "time": "20.01.2021 10:58",
            "open": "23.1978",
            "high": "23.1978",
            "low": "23.1978",
            "close": "23.2216"
        },
        {
            "time": "20.01.2021 10:59",
            "open": "23.2216",
            "high": "23.2216",
            "low": "23.2216",
            "close": "23.2498"
        },
        {
            "time": "20.01.2021 11:00",
            "open": "23.2498",
            "high": "23.2498",
            "low": "23.2498",
            "close": "23.2615"
        },
        {
            "time": "20.01.2021 11:05",
            "open": "23.2615",
            "high": "23.2616",
            "low": "23.117",
            "close": "23.1532"
        },
        {
            "time": "20.01.2021 11:07",
            "open": "23.1532",
            "high": "23.1532",
            "low": "23.1277",
            "close": "23.1606"
        },
        {
            "time": "20.01.2021 11:14",
            "open": "23.1606",
            "high": "23.1606",
            "low": "23.1605",
            "close": "23.2092"
        },
        {
            "time": "20.01.2021 11:16",
            "open": "23.2092",
            "high": "23.2139",
            "low": "23.2092",
            "close": "23.2435"
        },
        {
            "time": "20.01.2021 11:36",
            "open": "23.2435",
            "high": "23.2461",
            "low": "23.2435",
            "close": "23.1436"
        },
        {
            "time": "20.01.2021 11:48",
            "open": "23.1436",
            "high": "23.2141",
            "low": "23.1376",
            "close": "23.2076"
        },
        {
            "time": "20.01.2021 11:54",
            "open": "23.2076",
            "high": "23.2076",
            "low": "23.2076",
            "close": "23.2268"
        },
        {
            "time": "20.01.2021 12:07",
            "open": "23.2268",
            "high": "23.2268",
            "low": "23.2268",
            "close": "23.2232"
        },
        {
            "time": "20.01.2021 12:08",
            "open": "23.2232",
            "high": "23.2232",
            "low": "23.2232",
            "close": "23.2358"
        },
        {
            "time": "20.01.2021 12:12",
            "open": "23.2358",
            "high": "23.2438",
            "low": "23.2358",
            "close": "23.2279"
        },
        {
            "time": "20.01.2021 12:13",
            "open": "23.2279",
            "high": "23.2279",
            "low": "23.2279",
            "close": "23.1111"
        },
        {
            "time": "20.01.2021 12:16",
            "open": "23.1111",
            "high": "23.1111",
            "low": "23.1",
            "close": "23.1124"
        },
        {
            "time": "20.01.2021 12:17",
            "open": "23.1124",
            "high": "23.1124",
            "low": "23.07",
            "close": "23.0693"
        },
        {
            "time": "20.01.2021 12:18",
            "open": "23.0693",
            "high": "23.1348",
            "low": "23",
            "close": "23.1348"
        },
        {
            "time": "20.01.2021 12:19",
            "open": "23.1348",
            "high": "23.135",
            "low": "23.1348",
            "close": "23.117"
        },
        {
            "time": "20.01.2021 12:21",
            "open": "23.117",
            "high": "23.1188",
            "low": "23.117",
            "close": "23.135"
        },
        {
            "time": "20.01.2021 12:23",
            "open": "23.135",
            "high": "23.135",
            "low": "23.135",
            "close": "23.108"
        },
        {
            "time": "20.01.2021 12:25",
            "open": "23.108",
            "high": "23.108",
            "low": "23.108",
            "close": "23.0354"
        },
        {
            "time": "20.01.2021 12:26",
            "open": "23.0354",
            "high": "23.0354",
            "low": "23.0204",
            "close": "23.1407"
        },
        {
            "time": "20.01.2021 12:27",
            "open": "23.1407",
            "high": "23.1407",
            "low": "23.1407",
            "close": "23.1406"
        },
        {
            "time": "20.01.2021 12:36",
            "open": "23.1406",
            "high": "23.1406",
            "low": "23.1406",
            "close": "23.1362"
        },
        {
            "time": "20.01.2021 12:49",
            "open": "23.1362",
            "high": "23.1362",
            "low": "23.1362",
            "close": "23.0689"
        },
        {
            "time": "20.01.2021 12:56",
            "open": "23.0689",
            "high": "23.1405",
            "low": "23.0689",
            "close": "23.1014"
        },
        {
            "time": "20.01.2021 13:07",
            "open": "23.1014",
            "high": "23.1014",
            "low": "23.1014",
            "close": "23.0273"
        },
        {
            "time": "20.01.2021 13:08",
            "open": "23.0273",
            "high": "23.0273",
            "low": "22.9491",
            "close": "23.0707"
        },
        {
            "time": "20.01.2021 13:09",
            "open": "23.0707",
            "high": "23.0707",
            "low": "23.0707",
            "close": "23.097"
        },
        {
            "time": "20.01.2021 13:11",
            "open": "23.097",
            "high": "23.097",
            "low": "23.0749",
            "close": "23.097"
        },
        {
            "time": "20.01.2021 13:14",
            "open": "23.023",
            "high": "23.023",
            "low": "23.023",
            "close": "23.0791"
        },
        {
            "time": "20.01.2021 13:32",
            "open": "23.0791",
            "high": "23.0791",
            "low": "23.0791",
            "close": "23.1397"
        },
        {
            "time": "20.01.2021 13:37",
            "open": "23.1397",
            "high": "23.1398",
            "low": "23.1397",
            "close": "23.1163"
        },
        {
            "time": "20.01.2021 13:38",
            "open": "23.1163",
            "high": "23.1163",
            "low": "23.1161",
            "close": "23.0651"
        },
        {
            "time": "20.01.2021 13:39",
            "open": "23.0651",
            "high": "23.0651",
            "low": "23.0648",
            "close": "23.081"
        },
        {
            "time": "20.01.2021 13:40",
            "open": "23.081",
            "high": "23.081",
            "low": "23.0132",
            "close": "22.9491"
        },
        {
            "time": "20.01.2021 13:42",
            "open": "22.9491",
            "high": "22.9491",
            "low": "22.9",
            "close": "22.8591"
        },
        {
            "time": "20.01.2021 13:44",
            "open": "22.8591",
            "high": "22.8591",
            "low": "22.8591",
            "close": "22.9275"
        },
        {
            "time": "20.01.2021 13:45",
            "open": "22.9275",
            "high": "22.9513",
            "low": "22.9275",
            "close": "22.913"
        },
        {
            "time": "20.01.2021 13:46",
            "open": "22.913",
            "high": "23.0995",
            "low": "22.913",
            "close": "22.9"
        },
        {
            "time": "20.01.2021 13:49",
            "open": "22.9",
            "high": "22.9",
            "low": "22.852",
            "close": "22.9348"
        },
        {
            "time": "20.01.2021 13:51",
            "open": "22.9348",
            "high": "22.9348",
            "low": "22.9348",
            "close": "22.9285"
        },
        {
            "time": "20.01.2021 13:53",
            "open": "22.9285",
            "high": "22.9285",
            "low": "22.9285",
            "close": "22.865"
        },
        {
            "time": "20.01.2021 13:56",
            "open": "22.865",
            "high": "22.9053",
            "low": "22.865",
            "close": "22.8794"
        },
        {
            "time": "20.01.2021 13:57",
            "open": "22.8794",
            "high": "22.9001",
            "low": "22.8794",
            "close": "22.9001"
        },
        {
            "time": "20.01.2021 13:58",
            "open": "22.9001",
            "high": "22.9001",
            "low": "22.9",
            "close": "22.9332"
        },
        {
            "time": "20.01.2021 14:05",
            "open": "22.9332",
            "high": "22.9332",
            "low": "22.9332",
            "close": "22.9485"
        },
        {
            "time": "20.01.2021 14:08",
            "open": "22.9485",
            "high": "22.9485",
            "low": "22.9485",
            "close": "22.984"
        },
        {
            "time": "20.01.2021 14:09",
            "open": "22.984",
            "high": "22.984",
            "low": "22.984",
            "close": "22.984"
        },
        {
            "time": "20.01.2021 14:10",
            "open": "22.984",
            "high": "23.0692",
            "low": "22.984",
            "close": "23.14"
        },
        {
            "time": "20.01.2021 14:11",
            "open": "23.14",
            "high": "23.14",
            "low": "23.14",
            "close": "23.1405"
        },
        {
            "time": "20.01.2021 14:12",
            "open": "23.1405",
            "high": "23.3614",
            "low": "23.1405",
            "close": "23.3614"
        },
        {
            "time": "20.01.2021 14:14",
            "open": "23.3614",
            "high": "23.3614",
            "low": "23.3614",
            "close": "23.4621"
        },
        {
            "time": "20.01.2021 14:18",
            "open": "23.4621",
            "high": "23.4621",
            "low": "23.4621",
            "close": "23.3701"
        },
        {
            "time": "20.01.2021 14:20",
            "open": "23.3701",
            "high": "23.3701",
            "low": "23.3",
            "close": "23.3508"
        },
        {
            "time": "20.01.2021 14:21",
            "open": "23.3508",
            "high": "23.3508",
            "low": "23.3508",
            "close": "23.1614"
        },
        {
            "time": "20.01.2021 14:23",
            "open": "23.1614",
            "high": "23.1614",
            "low": "23.1614",
            "close": "23.03"
        },
        {
            "time": "20.01.2021 14:26",
            "open": "23.03",
            "high": "23.03",
            "low": "23.03",
            "close": "22.981"
        },
        {
            "time": "20.01.2021 14:27",
            "open": "22.981",
            "high": "22.981",
            "low": "22.981",
            "close": "22.9786"
        },
        {
            "time": "20.01.2021 14:30",
            "open": "22.9786",
            "high": "22.9786",
            "low": "22.9786",
            "close": "22.9927"
        },
        {
            "time": "20.01.2021 14:34",
            "open": "22.9927",
            "high": "22.9927",
            "low": "22.9927",
            "close": "23.0076"
        },
        {
            "time": "20.01.2021 14:36",
            "open": "23.0076",
            "high": "23.029",
            "low": "23.0076",
            "close": "22.9517"
        },
        {
            "time": "20.01.2021 14:42",
            "open": "22.9517",
            "high": "22.9517",
            "low": "22.9516",
            "close": "23.2102"
        },
        {
            "time": "20.01.2021 14:49",
            "open": "23.2102",
            "high": "23.2103",
            "low": "23.2102",
            "close": "23.1522"
        },
        {
            "time": "20.01.2021 14:59",
            "open": "23.1522",
            "high": "23.1523",
            "low": "23.1522",
            "close": "23.1717"
        },
        {
            "time": "20.01.2021 15:00",
            "open": "23.1717",
            "high": "23.1717",
            "low": "23.1717",
            "close": "23.068"
        },
        {
            "time": "20.01.2021 15:02",
            "open": "23.068",
            "high": "23.068",
            "low": "23.068",
            "close": "23.0467"
        },
        {
            "time": "20.01.2021 15:05",
            "open": "23.0467",
            "high": "23.0467",
            "low": "23.0467",
            "close": "22.9516"
        },
        {
            "time": "20.01.2021 15:07",
            "open": "22.9516",
            "high": "22.9516",
            "low": "22.9516",
            "close": "22.9849"
        },
        {
            "time": "20.01.2021 15:13",
            "open": "22.9849",
            "high": "22.9849",
            "low": "22.9849",
            "close": "23.0475"
        },
        {
            "time": "20.01.2021 15:14",
            "open": "23.0475",
            "high": "23.0475",
            "low": "23.0475",
            "close": "22.9625"
        },
        {
            "time": "20.01.2021 15:15",
            "open": "22.9625",
            "high": "23.0389",
            "low": "22.8001",
            "close": "23.0314"
        },
        {
            "time": "20.01.2021 15:16",
            "open": "23.0314",
            "high": "23.0314",
            "low": "23.0314",
            "close": "23.0876"
        },
        {
            "time": "20.01.2021 15:23",
            "open": "23.0876",
            "high": "23.0876",
            "low": "23.0875",
            "close": "23.1895"
        },
        {
            "time": "20.01.2021 15:27",
            "open": "23.1895",
            "high": "23.1895",
            "low": "23.1895",
            "close": "23.1725"
        },
        {
            "time": "20.01.2021 15:28",
            "open": "23.1725",
            "high": "23.1919",
            "low": "23.1725",
            "close": "23.2096"
        },
        {
            "time": "20.01.2021 15:31",
            "open": "23.2096",
            "high": "23.2096",
            "low": "23.2096",
            "close": "23.3011"
        },
        {
            "time": "20.01.2021 15:35",
            "open": "23.3011",
            "high": "23.3011",
            "low": "23.3011",
            "close": "23.3011"
        },
        {
            "time": "20.01.2021 15:36",
            "open": "23.3011",
            "high": "23.3011",
            "low": "23.3011",
            "close": "23.0628"
        },
        {
            "time": "20.01.2021 15:41",
            "open": "23.0628",
            "high": "23.0628",
            "low": "23.0628",
            "close": "23.0628"
        },
        {
            "time": "20.01.2021 15:46",
            "open": "23.0628",
            "high": "23.0628",
            "low": "23.0628",
            "close": "23.0985"
        },
        {
            "time": "20.01.2021 15:48",
            "open": "23.0985",
            "high": "23.0985",
            "low": "23.0985",
            "close": "23.0205"
        },
        {
            "time": "20.01.2021 16:06",
            "open": "23.0205",
            "high": "23.0205",
            "low": "23.0205",
            "close": "22.9986"
        },
        {
            "time": "20.01.2021 16:12",
            "open": "22.9986",
            "high": "23.03",
            "low": "22.9986",
            "close": "23.1099"
        },
        {
            "time": "20.01.2021 16:14",
            "open": "23.1099",
            "high": "23.3366",
            "low": "23.1099",
            "close": "23.2722"
        },
        {
            "time": "20.01.2021 16:15",
            "open": "23.2722",
            "high": "23.2961",
            "low": "23.272",
            "close": "23.2243"
        },
        {
            "time": "20.01.2021 16:17",
            "open": "23.2243",
            "high": "23.2243",
            "low": "23.2",
            "close": "23.2195"
        },
        {
            "time": "20.01.2021 16:20",
            "open": "23.2195",
            "high": "23.2195",
            "low": "23.2195",
            "close": "23.2014"
        },
        {
            "time": "20.01.2021 16:21",
            "open": "23.2014",
            "high": "23.2014",
            "low": "23.2014",
            "close": "23.1524"
        },
        {
            "time": "20.01.2021 16:22",
            "open": "23.1524",
            "high": "23.1524",
            "low": "23.1524",
            "close": "23.1"
        },
        {
            "time": "20.01.2021 16:32",
            "open": "23.1",
            "high": "23.1",
            "low": "23.1",
            "close": "23.0783"
        },
        {
            "time": "20.01.2021 16:33",
            "open": "23.0783",
            "high": "23.0783",
            "low": "23.0783",
            "close": "23.0994"
        },
        {
            "time": "20.01.2021 16:34",
            "open": "23.0994",
            "high": "23.0994",
            "low": "22.981",
            "close": "22.9686"
        },
        {
            "time": "20.01.2021 16:38",
            "open": "22.9686",
            "high": "22.9769",
            "low": "22.9686",
            "close": "23.0066"
        },
        {
            "time": "20.01.2021 16:39",
            "open": "23.0066",
            "high": "23.0066",
            "low": "23.0066",
            "close": "23.066"
        },
        {
            "time": "20.01.2021 16:40",
            "open": "23.066",
            "high": "23.1",
            "low": "23.066",
            "close": "23.1524"
        },
        {
            "time": "20.01.2021 16:41",
            "open": "23.1524",
            "high": "23.1524",
            "low": "23.1524",
            "close": "23.0988"
        },
        {
            "time": "20.01.2021 16:45",
            "open": "23.0988",
            "high": "23.0988",
            "low": "23.09",
            "close": "23.1009"
        },
        {
            "time": "20.01.2021 16:47",
            "open": "23.1009",
            "high": "23.1564",
            "low": "23.0601",
            "close": "22.8559"
        },
        {
            "time": "20.01.2021 16:49",
            "open": "22.8559",
            "high": "22.8559",
            "low": "22.8559",
            "close": "22.8559"
        },
        {
            "time": "20.01.2021 16:50",
            "open": "22.8559",
            "high": "22.8559",
            "low": "22.6334",
            "close": "22.6075"
        },
        {
            "time": "20.01.2021 16:51",
            "open": "22.6075",
            "high": "22.6394",
            "low": "22.5978",
            "close": "22.6397"
        },
        {
            "time": "20.01.2021 16:52",
            "open": "22.6397",
            "high": "22.6501",
            "low": "22.6397",
            "close": "22.65"
        },
        {
            "time": "20.01.2021 16:53",
            "open": "22.65",
            "high": "22.65",
            "low": "22.65",
            "close": "22.65"
        },
        {
            "time": "20.01.2021 16:54",
            "open": "22.65",
            "high": "22.9573",
            "low": "22.65",
            "close": "22.8651"
        },
        {
            "time": "20.01.2021 16:55",
            "open": "22.8651",
            "high": "22.8651",
            "low": "22.85",
            "close": "22.5502"
        },
        {
            "time": "20.01.2021 17:01",
            "open": "22.5502",
            "high": "22.5502",
            "low": "22.5502",
            "close": "22.5616"
        },
        {
            "time": "20.01.2021 17:03",
            "open": "22.5616",
            "high": "22.5616",
            "low": "22.5616",
            "close": "22.5512"
        },
        {
            "time": "20.01.2021 17:04",
            "open": "22.5512",
            "high": "22.5512",
            "low": "22.5512",
            "close": "22.5512"
        },
        {
            "time": "20.01.2021 17:05",
            "open": "22.5512",
            "high": "22.5512",
            "low": "22.5512",
            "close": "22.5512"
        },
        {
            "time": "20.01.2021 17:06",
            "open": "22.5512",
            "high": "22.5512",
            "low": "22.52",
            "close": "22.6804"
        },
        {
            "time": "20.01.2021 17:10",
            "open": "22.6804",
            "high": "22.6804",
            "low": "22.6671",
            "close": "22.52"
        },
        {
            "time": "20.01.2021 17:13",
            "open": "22.52",
            "high": "22.52",
            "low": "22.4525",
            "close": "22.49"
        },
        {
            "time": "20.01.2021 17:14",
            "open": "22.49",
            "high": "22.6083",
            "low": "22.49",
            "close": "22.5"
        },
        {
            "time": "20.01.2021 17:15",
            "open": "22.5",
            "high": "22.5576",
            "low": "22.5",
            "close": "22.5555"
        },
        {
            "time": "20.01.2021 17:16",
            "open": "22.5555",
            "high": "22.7304",
            "low": "22.5555",
            "close": "22.732"
        },
        {
            "time": "20.01.2021 17:17",
            "open": "22.732",
            "high": "23.0832",
            "low": "22.7284",
            "close": "22.9985"
        },
        {
            "time": "20.01.2021 17:18",
            "open": "22.9985",
            "high": "22.9985",
            "low": "22.8716",
            "close": "23.0829"
        },
        {
            "time": "20.01.2021 17:19",
            "open": "23.0829",
            "high": "23.0832",
            "low": "23.0829",
            "close": "23.0073"
        },
        {
            "time": "20.01.2021 17:20",
            "open": "23.0073",
            "high": "23.164",
            "low": "23.0071",
            "close": "23.1008"
        },
        {
            "time": "20.01.2021 17:24",
            "open": "23.1008",
            "high": "23.1008",
            "low": "23.1008",
            "close": "23.1187"
        },
        {
            "time": "20.01.2021 17:30",
            "open": "23.1187",
            "high": "23.1187",
            "low": "23.1187",
            "close": "23.139"
        },
        {
            "time": "20.01.2021 17:31",
            "open": "23.139",
            "high": "23.139",
            "low": "23.1362",
            "close": "23.165"
        },
        {
            "time": "20.01.2021 17:32",
            "open": "23.165",
            "high": "23.1652",
            "low": "23.165",
            "close": "23.2096"
        },
        {
            "time": "20.01.2021 17:33",
            "open": "23.2096",
            "high": "23.2338",
            "low": "23.2096",
            "close": "23.2062"
        },
        {
            "time": "20.01.2021 17:59",
            "open": "23.2062",
            "high": "23.2062",
            "low": "23.2062",
            "close": "23.1187"
        },
        {
            "time": "20.01.2021 18:00",
            "open": "23.1187",
            "high": "23.1187",
            "low": "23.0473",
            "close": "23.1145"
        },
        {
            "time": "20.01.2021 18:07",
            "open": "23.1145",
            "high": "23.1193",
            "low": "23.1145",
            "close": "23.1407"
        },
        {
            "time": "20.01.2021 18:13",
            "open": "23.1407",
            "high": "23.1407",
            "low": "23.1407",
            "close": "23.11"
        },
        {
            "time": "20.01.2021 18:25",
            "open": "23.11",
            "high": "23.11",
            "low": "23.11",
            "close": "23.1785"
        },
        {
            "time": "20.01.2021 18:27",
            "open": "23.1785",
            "high": "23.1785",
            "low": "23.1785",
            "close": "23.1808"
        },
        {
            "time": "20.01.2021 18:29",
            "open": "23.1808",
            "high": "23.1808",
            "low": "23.1808",
            "close": "23.2108"
        },
        {
            "time": "20.01.2021 18:35",
            "open": "23.2108",
            "high": "23.2108",
            "low": "23.2108",
            "close": "23.2397"
        },
        {
            "time": "20.01.2021 18:37",
            "open": "23.2397",
            "high": "23.2397",
            "low": "23.2397",
            "close": "23.2397"
        },
        {
            "time": "20.01.2021 18:38",
            "open": "23.2397",
            "high": "23.2397",
            "low": "23.2397",
            "close": "23.1959"
        },
        {
            "time": "20.01.2021 18:41",
            "open": "23.1959",
            "high": "23.1959",
            "low": "23.1959",
            "close": "23.2199"
        },
        {
            "time": "20.01.2021 18:43",
            "open": "23.2199",
            "high": "23.2199",
            "low": "23.2199",
            "close": "23.3072"
        },
        {
            "time": "20.01.2021 18:53",
            "open": "23.3072",
            "high": "23.35",
            "low": "23.3072",
            "close": "23.3515"
        },
        {
            "time": "20.01.2021 19:03",
            "open": "23.3515",
            "high": "23.3515",
            "low": "23.3515",
            "close": "23.3515"
        },
        {
            "time": "20.01.2021 19:04",
            "open": "23.3515",
            "high": "23.4345",
            "low": "23.3515",
            "close": "23.4517"
        },
        {
            "time": "20.01.2021 19:10",
            "open": "23.4517",
            "high": "23.4517",
            "low": "23.4517",
            "close": "23.4645"
        },
        {
            "time": "20.01.2021 19:11",
            "open": "23.4645",
            "high": "23.4884",
            "low": "23.4645",
            "close": "23.5253"
        },
        {
            "time": "20.01.2021 19:13",
            "open": "23.5253",
            "high": "23.5756",
            "low": "23.5253",
            "close": "23.5707"
        },
        {
            "time": "20.01.2021 19:14",
            "open": "23.5707",
            "high": "23.5707",
            "low": "23.5707",
            "close": "23.5707"
        },
        {
            "time": "20.01.2021 19:15",
            "open": "23.5707",
            "high": "23.5707",
            "low": "23.5707",
            "close": "23.5811"
        },
        {
            "time": "20.01.2021 19:17",
            "open": "23.5811",
            "high": "23.8223",
            "low": "23.5811",
            "close": "23.7709"
        },
        {
            "time": "20.01.2021 19:18",
            "open": "23.7709",
            "high": "23.7709",
            "low": "23.5731",
            "close": "23.8223"
        },
        {
            "time": "20.01.2021 19:19",
            "open": "23.8223",
            "high": "23.8485",
            "low": "23.7566",
            "close": "23.8481"
        },
        {
            "time": "20.01.2021 19:20",
            "open": "23.8481",
            "high": "23.8834",
            "low": "23.8481",
            "close": "23.8961"
        },
        {
            "time": "20.01.2021 19:22",
            "open": "23.8961",
            "high": "23.8961",
            "low": "23.8961",
            "close": "23.8961"
        },
        {
            "time": "20.01.2021 19:23",
            "open": "23.8961",
            "high": "23.9436",
            "low": "23.8961",
            "close": "23.9245"
        },
        {
            "time": "20.01.2021 19:24",
            "open": "23.9245",
            "high": "23.9577",
            "low": "23.8999",
            "close": "23.7196"
        },
        {
            "time": "20.01.2021 19:30",
            "open": "23.7196",
            "high": "23.7196",
            "low": "23.7145",
            "close": "23.6263"
        },
        {
            "time": "20.01.2021 19:31",
            "open": "23.6263",
            "high": "23.6265",
            "low": "23.5777",
            "close": "23.7063"
        },
        {
            "time": "20.01.2021 19:32",
            "open": "23.7063",
            "high": "23.7084",
            "low": "23.7063",
            "close": "23.6611"
        },
        {
            "time": "20.01.2021 19:36",
            "open": "23.6611",
            "high": "23.6611",
            "low": "23.6611",
            "close": "23.5801"
        },
        {
            "time": "20.01.2021 19:45",
            "open": "23.5801",
            "high": "23.5801",
            "low": "23.5801",
            "close": "23.6447"
        },
        {
            "time": "20.01.2021 19:47",
            "open": "23.6447",
            "high": "23.6447",
            "low": "23.6447",
            "close": "23.6576"
        },
        {
            "time": "20.01.2021 19:49",
            "open": "23.6576",
            "high": "23.6662",
            "low": "23.6576",
            "close": "23.6662"
        },
        {
            "time": "20.01.2021 19:51",
            "open": "23.6662",
            "high": "23.6662",
            "low": "23.6662",
            "close": "23.7482"
        },
        {
            "time": "20.01.2021 19:56",
            "open": "23.7482",
            "high": "23.7483",
            "low": "23.7482",
            "close": "23.7528"
        },
        {
            "time": "20.01.2021 19:57",
            "open": "23.7528",
            "high": "23.8104",
            "low": "23.7528",
            "close": "23.8104"
        },
        {
            "time": "20.01.2021 19:58",
            "open": "23.8104",
            "high": "24.0196",
            "low": "23.8104",
            "close": "23.9451"
        },
        {
            "time": "20.01.2021 19:59",
            "open": "23.9451",
            "high": "23.9451",
            "low": "23.7827",
            "close": "23.8416"
        },
        {
            "time": "20.01.2021 20:01",
            "open": "23.8416",
            "high": "23.8416",
            "low": "23.8414",
            "close": "23.7767"
        },
        {
            "time": "20.01.2021 20:23",
            "open": "23.7767",
            "high": "23.7767",
            "low": "23.7767",
            "close": "23.7793"
        },
        {
            "time": "20.01.2021 20:26",
            "open": "23.7793",
            "high": "23.8599",
            "low": "23.7793",
            "close": "23.7292"
        },
        {
            "time": "20.01.2021 20:27",
            "open": "23.7292",
            "high": "23.7292",
            "low": "23.7292",
            "close": "23.7292"
        },
        {
            "time": "20.01.2021 20:30",
            "open": "23.7292",
            "high": "23.7294",
            "low": "23.7292",
            "close": "23.7224"
        },
        {
            "time": "20.01.2021 20:41",
            "open": "23.7224",
            "high": "23.7224",
            "low": "23.7224",
            "close": "23.6644"
        },
        {
            "time": "20.01.2021 20:42",
            "open": "23.6644",
            "high": "23.6644",
            "low": "23.6644",
            "close": "23.6942"
        },
        {
            "time": "20.01.2021 20:52",
            "open": "23.6942",
            "high": "23.6942",
            "low": "23.6942",
            "close": "23.6492"
        },
        {
            "time": "20.01.2021 20:55",
            "open": "23.6492",
            "high": "23.6492",
            "low": "23.6492",
            "close": "23.7296"
        },
        {
            "time": "20.01.2021 20:56",
            "open": "23.7296",
            "high": "23.7296",
            "low": "23.7296",
            "close": "23.6714"
        },
        {
            "time": "20.01.2021 20:57",
            "open": "23.6714",
            "high": "23.7248",
            "low": "23.6714",
            "close": "23.7417"
        },
        {
            "time": "20.01.2021 21:02",
            "open": "23.7417",
            "high": "23.7417",
            "low": "23.7417",
            "close": "23.7877"
        },
        {
            "time": "20.01.2021 21:06",
            "open": "23.7877",
            "high": "23.7877",
            "low": "23.7877",
            "close": "23.7442"
        },
        {
            "time": "20.01.2021 21:10",
            "open": "23.7442",
            "high": "23.7442",
            "low": "23.7417",
            "close": "23.6983"
        },
        {
            "time": "20.01.2021 21:16",
            "open": "23.6983",
            "high": "23.6985",
            "low": "23.6983",
            "close": "23.6985"
        },
        {
            "time": "20.01.2021 21:23",
            "open": "23.6985",
            "high": "23.6985",
            "low": "23.6985",
            "close": "23.6796"
        },
        {
            "time": "20.01.2021 21:33",
            "open": "23.6796",
            "high": "23.6822",
            "low": "23.6796",
            "close": "23.6173"
        },
        {
            "time": "20.01.2021 22:10",
            "open": "23.6173",
            "high": "23.6173",
            "low": "23.6105",
            "close": "23.5701"
        },
        {
            "time": "20.01.2021 22:19",
            "open": "23.5701",
            "high": "23.5701",
            "low": "23.5701",
            "close": "23.5525"
        },
        {
            "time": "20.01.2021 22:31",
            "open": "23.5525",
            "high": "23.5525",
            "low": "23.5525",
            "close": "23.4886"
        },
        {
            "time": "20.01.2021 22:37",
            "open": "23.4886",
            "high": "23.4886",
            "low": "23.4886",
            "close": "23.4886"
        },
        {
            "time": "20.01.2021 22:38",
            "open": "23.4886",
            "high": "23.4886",
            "low": "23.4886",
            "close": "23.5094"
        },
        {
            "time": "20.01.2021 22:40",
            "open": "23.5094",
            "high": "23.5094",
            "low": "23.5093",
            "close": "23.6129"
        },
        {
            "time": "20.01.2021 22:46",
            "open": "23.6129",
            "high": "23.6129",
            "low": "23.6129",
            "close": "23.6095"
        },
        {
            "time": "20.01.2021 22:49",
            "open": "23.6095",
            "high": "23.6184",
            "low": "23.6095",
            "close": "23.599"
        },
        {
            "time": "20.01.2021 22:50",
            "open": "23.599",
            "high": "23.599",
            "low": "23.599",
            "close": "23.6184"
        },
        {
            "time": "20.01.2021 22:56",
            "open": "23.6184",
            "high": "23.6406",
            "low": "23.6184",
            "close": "23.6223"
        },
        {
            "time": "20.01.2021 22:59",
            "open": "23.6223",
            "high": "23.6223",
            "low": "23.6223",
            "close": "23.5789"
        },
        {
            "time": "20.01.2021 23:00",
            "open": "23.5789",
            "high": "23.5789",
            "low": "23.546",
            "close": "23.6083"
        },
        {
            "time": "20.01.2021 23:01",
            "open": "23.6083",
            "high": "23.6083",
            "low": "23.6083",
            "close": "23.532"
        },
        {
            "time": "20.01.2021 23:30",
            "open": "23.532",
            "high": "23.532",
            "low": "23.532",
            "close": "23.6003"
        },
        {
            "time": "20.01.2021 23:35",
            "open": "23.6003",
            "high": "23.6003",
            "low": "23.5678",
            "close": "23.5607"
        },
        {
            "time": "20.01.2021 23:38",
            "open": "23.5607",
            "high": "23.5608",
            "low": "23.481",
            "close": "23.4882"
        },
        {
            "time": "20.01.2021 23:39",
            "open": "23.4882",
            "high": "23.4882",
            "low": "23.488",
            "close": "23.552"
        },
        {
            "time": "20.01.2021 23:43",
            "open": "23.552",
            "high": "23.552",
            "low": "23.552",
            "close": "23.559"
        },
        {
            "time": "20.01.2021 23:45",
            "open": "23.559",
            "high": "23.559",
            "low": "23.559",
            "close": "23.5683"
        },
        {
            "time": "20.01.2021 23:49",
            "open": "23.5683",
            "high": "23.5683",
            "low": "23.5683",
            "close": "23.5684"
        },
        {
            "time": "20.01.2021 23:52",
            "open": "23.5684",
            "high": "23.5872",
            "low": "23.4984",
            "close": "23.5987"
        },
        {
            "time": "20.01.2021 23:53",
            "open": "23.5987",
            "high": "23.6012",
            "low": "23.5987",
            "close": "23.5746"
        }
    ]
}