{
    "NMR-EUR": [
        {
            "time": "15.12.2020 23:55",
            "open": "22.3088",
            "high": "22.3088",
            "low": "22.3088",
            "close": "22.3366"
        },
        {
            "time": "16.12.2020 00:01",
            "open": "22.3366",
            "high": "22.3491",
            "low": "22.3366",
            "close": "22.3492"
        },
        {
            "time": "16.12.2020 00:03",
            "open": "22.3492",
            "high": "22.3492",
            "low": "22.3492",
            "close": "22.296"
        },
        {
            "time": "16.12.2020 00:12",
            "open": "22.296",
            "high": "22.296",
            "low": "22.296",
            "close": "22.325"
        },
        {
            "time": "16.12.2020 00:24",
            "open": "22.325",
            "high": "22.3253",
            "low": "22.325",
            "close": "22.2845"
        },
        {
            "time": "16.12.2020 00:30",
            "open": "22.2845",
            "high": "22.2845",
            "low": "22.2818",
            "close": "22.3391"
        },
        {
            "time": "16.12.2020 00:31",
            "open": "22.3391",
            "high": "22.3391",
            "low": "22.3391",
            "close": "22.3443"
        },
        {
            "time": "16.12.2020 00:34",
            "open": "22.3443",
            "high": "22.3443",
            "low": "22.3443",
            "close": "22.3303"
        },
        {
            "time": "16.12.2020 00:40",
            "open": "22.3303",
            "high": "22.3303",
            "low": "22.2766",
            "close": "22.341"
        },
        {
            "time": "16.12.2020 00:41",
            "open": "22.341",
            "high": "22.341",
            "low": "22.341",
            "close": "22.2704"
        },
        {
            "time": "16.12.2020 00:42",
            "open": "22.2704",
            "high": "22.2704",
            "low": "22.2704",
            "close": "22.2782"
        },
        {
            "time": "16.12.2020 00:48",
            "open": "22.2782",
            "high": "22.2782",
            "low": "22.2781",
            "close": "22.2709"
        },
        {
            "time": "16.12.2020 00:49",
            "open": "22.2709",
            "high": "22.2709",
            "low": "22.2675",
            "close": "22.3269"
        },
        {
            "time": "16.12.2020 00:51",
            "open": "22.3269",
            "high": "22.3269",
            "low": "22.3269",
            "close": "22.3269"
        },
        {
            "time": "16.12.2020 01:01",
            "open": "22.3269",
            "high": "22.3269",
            "low": "22.3269",
            "close": "22.3"
        },
        {
            "time": "16.12.2020 01:02",
            "open": "22.3",
            "high": "22.3",
            "low": "22.3",
            "close": "22.2226"
        },
        {
            "time": "16.12.2020 01:05",
            "open": "22.2226",
            "high": "22.2696",
            "low": "22.2226",
            "close": "22.2598"
        },
        {
            "time": "16.12.2020 01:07",
            "open": "22.2598",
            "high": "22.2695",
            "low": "22.2598",
            "close": "22.2165"
        },
        {
            "time": "16.12.2020 01:09",
            "open": "22.2165",
            "high": "22.2165",
            "low": "22.2163",
            "close": "22.2773"
        },
        {
            "time": "16.12.2020 01:55",
            "open": "22.2773",
            "high": "22.2773",
            "low": "22.2773",
            "close": "22.2706"
        },
        {
            "time": "16.12.2020 02:00",
            "open": "22.2706",
            "high": "22.2728",
            "low": "22.2706",
            "close": "22.2621"
        },
        {
            "time": "16.12.2020 02:01",
            "open": "22.2621",
            "high": "22.2621",
            "low": "22.2621",
            "close": "22.2621"
        },
        {
            "time": "16.12.2020 02:02",
            "open": "22.2621",
            "high": "22.2683",
            "low": "22.2621",
            "close": "22.2163"
        },
        {
            "time": "16.12.2020 02:06",
            "open": "22.2163",
            "high": "22.2163",
            "low": "22.2162",
            "close": "22.1338"
        },
        {
            "time": "16.12.2020 02:07",
            "open": "22.1338",
            "high": "22.1338",
            "low": "21.95",
            "close": "21.9595"
        },
        {
            "time": "16.12.2020 02:17",
            "open": "21.9595",
            "high": "21.9595",
            "low": "21.9594",
            "close": "22.0432"
        },
        {
            "time": "16.12.2020 02:18",
            "open": "22.0432",
            "high": "22.0434",
            "low": "22.0432",
            "close": "21.9502"
        },
        {
            "time": "16.12.2020 02:21",
            "open": "21.9502",
            "high": "21.9502",
            "low": "21.95",
            "close": "21.9412"
        },
        {
            "time": "16.12.2020 02:25",
            "open": "21.9412",
            "high": "21.9412",
            "low": "21.9412",
            "close": "21.92"
        },
        {
            "time": "16.12.2020 02:26",
            "open": "21.92",
            "high": "21.92",
            "low": "21.915",
            "close": "21.91"
        },
        {
            "time": "16.12.2020 02:41",
            "open": "21.91",
            "high": "21.91",
            "low": "21.9",
            "close": "21.89"
        },
        {
            "time": "16.12.2020 02:43",
            "open": "21.89",
            "high": "21.89",
            "low": "21.89",
            "close": "21.88"
        },
        {
            "time": "16.12.2020 02:46",
            "open": "21.88",
            "high": "21.88",
            "low": "21.88",
            "close": "21.8875"
        },
        {
            "time": "16.12.2020 02:47",
            "open": "21.8875",
            "high": "21.8877",
            "low": "21.8875",
            "close": "22.0002"
        },
        {
            "time": "16.12.2020 03:10",
            "open": "22.0002",
            "high": "22.0002",
            "low": "22",
            "close": "22"
        },
        {
            "time": "16.12.2020 03:21",
            "open": "22",
            "high": "22",
            "low": "22",
            "close": "21.9834"
        },
        {
            "time": "16.12.2020 03:22",
            "open": "21.9834",
            "high": "21.9834",
            "low": "21.9834",
            "close": "21.9071"
        },
        {
            "time": "16.12.2020 04:12",
            "open": "21.9071",
            "high": "21.9071",
            "low": "21.9071",
            "close": "21.9071"
        },
        {
            "time": "16.12.2020 04:14",
            "open": "21.9071",
            "high": "21.9071",
            "low": "21.9071",
            "close": "21.9071"
        },
        {
            "time": "16.12.2020 04:15",
            "open": "21.9071",
            "high": "21.9071",
            "low": "21.9071",
            "close": "21.9244"
        },
        {
            "time": "16.12.2020 04:17",
            "open": "21.9244",
            "high": "21.9244",
            "low": "21.9244",
            "close": "21.9244"
        },
        {
            "time": "16.12.2020 04:18",
            "open": "21.9244",
            "high": "21.9244",
            "low": "21.9244",
            "close": "21.9071"
        },
        {
            "time": "16.12.2020 04:19",
            "open": "21.9071",
            "high": "21.9071",
            "low": "21.9071",
            "close": "21.8525"
        },
        {
            "time": "16.12.2020 04:20",
            "open": "21.8525",
            "high": "21.9342",
            "low": "21.8513",
            "close": "21.87"
        },
        {
            "time": "16.12.2020 04:28",
            "open": "21.87",
            "high": "21.87",
            "low": "21.87",
            "close": "21.861"
        },
        {
            "time": "16.12.2020 04:32",
            "open": "21.861",
            "high": "21.861",
            "low": "21.861",
            "close": "21.8513"
        },
        {
            "time": "16.12.2020 04:34",
            "open": "21.8513",
            "high": "21.8513",
            "low": "21.849",
            "close": "21.849"
        },
        {
            "time": "16.12.2020 04:36",
            "open": "21.849",
            "high": "21.849",
            "low": "21.849",
            "close": "21.826"
        },
        {
            "time": "16.12.2020 04:37",
            "open": "21.826",
            "high": "21.826",
            "low": "21.826",
            "close": "21.826"
        },
        {
            "time": "16.12.2020 04:39",
            "open": "21.826",
            "high": "21.826",
            "low": "21.826",
            "close": "21.826"
        },
        {
            "time": "16.12.2020 04:40",
            "open": "21.826",
            "high": "21.826",
            "low": "21.8163",
            "close": "21.8163"
        },
        {
            "time": "16.12.2020 04:41",
            "open": "21.8163",
            "high": "21.8163",
            "low": "21.81",
            "close": "21.8489"
        },
        {
            "time": "16.12.2020 04:45",
            "open": "21.8489",
            "high": "21.9325",
            "low": "21.8489",
            "close": "21.9479"
        },
        {
            "time": "16.12.2020 04:49",
            "open": "21.9479",
            "high": "21.9481",
            "low": "21.9479",
            "close": "21.9776"
        },
        {
            "time": "16.12.2020 04:50",
            "open": "21.9776",
            "high": "21.9776",
            "low": "21.9277",
            "close": "21.8823"
        },
        {
            "time": "16.12.2020 05:06",
            "open": "21.8823",
            "high": "21.8823",
            "low": "21.8823",
            "close": "21.9771"
        },
        {
            "time": "16.12.2020 05:25",
            "open": "21.9771",
            "high": "21.9771",
            "low": "21.9771",
            "close": "21.9831"
        },
        {
            "time": "16.12.2020 05:27",
            "open": "21.9831",
            "high": "21.9831",
            "low": "21.9831",
            "close": "22.096"
        },
        {
            "time": "16.12.2020 05:31",
            "open": "22.096",
            "high": "22.096",
            "low": "22.096",
            "close": "22.0794"
        },
        {
            "time": "16.12.2020 05:44",
            "open": "22.0794",
            "high": "22.0794",
            "low": "22.0794",
            "close": "22.0794"
        },
        {
            "time": "16.12.2020 05:50",
            "open": "22.0794",
            "high": "22.0794",
            "low": "22.0496",
            "close": "22.0496"
        },
        {
            "time": "16.12.2020 05:51",
            "open": "22.0496",
            "high": "22.0496",
            "low": "22.0496",
            "close": "21.9871"
        },
        {
            "time": "16.12.2020 05:53",
            "open": "21.9871",
            "high": "21.9871",
            "low": "21.9871",
            "close": "21.9486"
        },
        {
            "time": "16.12.2020 05:56",
            "open": "21.9486",
            "high": "21.9486",
            "low": "21.9294",
            "close": "21.875"
        },
        {
            "time": "16.12.2020 05:57",
            "open": "21.875",
            "high": "21.875",
            "low": "21.875",
            "close": "21.8983"
        },
        {
            "time": "16.12.2020 06:01",
            "open": "21.8983",
            "high": "21.8984",
            "low": "21.8983",
            "close": "21.8984"
        },
        {
            "time": "16.12.2020 06:05",
            "open": "21.8984",
            "high": "21.8984",
            "low": "21.8984",
            "close": "21.929"
        },
        {
            "time": "16.12.2020 06:13",
            "open": "21.929",
            "high": "21.9321",
            "low": "21.929",
            "close": "21.9364"
        },
        {
            "time": "16.12.2020 06:18",
            "open": "21.9364",
            "high": "21.9364",
            "low": "21.9364",
            "close": "21.9397"
        },
        {
            "time": "16.12.2020 06:19",
            "open": "21.9397",
            "high": "21.9397",
            "low": "21.9397",
            "close": "21.9732"
        },
        {
            "time": "16.12.2020 06:33",
            "open": "21.9732",
            "high": "21.9732",
            "low": "21.9732",
            "close": "21.9212"
        },
        {
            "time": "16.12.2020 06:36",
            "open": "21.9212",
            "high": "21.9212",
            "low": "21.9212",
            "close": "21.9323"
        },
        {
            "time": "16.12.2020 06:37",
            "open": "21.9323",
            "high": "21.9323",
            "low": "21.9323",
            "close": "21.9323"
        },
        {
            "time": "16.12.2020 06:44",
            "open": "21.9323",
            "high": "21.9323",
            "low": "21.9323",
            "close": "21.9323"
        },
        {
            "time": "16.12.2020 06:49",
            "open": "21.9323",
            "high": "21.9323",
            "low": "21.9323",
            "close": "21.8804"
        },
        {
            "time": "16.12.2020 06:51",
            "open": "21.8804",
            "high": "21.9408",
            "low": "21.8804",
            "close": "21.8863"
        },
        {
            "time": "16.12.2020 06:53",
            "open": "21.8863",
            "high": "21.8863",
            "low": "21.8863",
            "close": "21.88"
        },
        {
            "time": "16.12.2020 06:55",
            "open": "21.88",
            "high": "21.88",
            "low": "21.8498",
            "close": "21.9135"
        },
        {
            "time": "16.12.2020 06:58",
            "open": "21.9135",
            "high": "21.9135",
            "low": "21.9135",
            "close": "21.902"
        },
        {
            "time": "16.12.2020 06:59",
            "open": "21.902",
            "high": "21.902",
            "low": "21.8442",
            "close": "21.8926"
        },
        {
            "time": "16.12.2020 07:00",
            "open": "21.8926",
            "high": "21.8926",
            "low": "21.8926",
            "close": "21.8442"
        },
        {
            "time": "16.12.2020 07:01",
            "open": "21.8442",
            "high": "21.8442",
            "low": "21.8173",
            "close": "21.8525"
        },
        {
            "time": "16.12.2020 07:02",
            "open": "21.8525",
            "high": "21.8525",
            "low": "21.8525",
            "close": "21.8537"
        },
        {
            "time": "16.12.2020 07:06",
            "open": "21.8537",
            "high": "21.8537",
            "low": "21.8537",
            "close": "21.9214"
        },
        {
            "time": "16.12.2020 07:09",
            "open": "21.9214",
            "high": "21.9214",
            "low": "21.9214",
            "close": "21.9041"
        },
        {
            "time": "16.12.2020 07:10",
            "open": "21.9041",
            "high": "21.9042",
            "low": "21.9041",
            "close": "21.9049"
        },
        {
            "time": "16.12.2020 07:13",
            "open": "21.9049",
            "high": "21.9239",
            "low": "21.9049",
            "close": "21.9432"
        },
        {
            "time": "16.12.2020 07:17",
            "open": "21.9432",
            "high": "21.9432",
            "low": "21.9432",
            "close": "21.9419"
        },
        {
            "time": "16.12.2020 07:19",
            "open": "21.9419",
            "high": "21.9419",
            "low": "21.9419",
            "close": "21.9641"
        },
        {
            "time": "16.12.2020 07:24",
            "open": "21.9641",
            "high": "21.9641",
            "low": "21.9641",
            "close": "21.9596"
        },
        {
            "time": "16.12.2020 07:28",
            "open": "21.9596",
            "high": "21.9596",
            "low": "21.9596",
            "close": "21.88"
        },
        {
            "time": "16.12.2020 07:32",
            "open": "21.88",
            "high": "21.9777",
            "low": "21.81",
            "close": "21.9304"
        },
        {
            "time": "16.12.2020 07:34",
            "open": "21.9304",
            "high": "21.97",
            "low": "21.9304",
            "close": "21.9027"
        },
        {
            "time": "16.12.2020 07:35",
            "open": "21.9027",
            "high": "21.9027",
            "low": "21.9027",
            "close": "21.9427"
        },
        {
            "time": "16.12.2020 07:36",
            "open": "21.9427",
            "high": "21.989",
            "low": "21.9427",
            "close": "21.89"
        },
        {
            "time": "16.12.2020 07:38",
            "open": "21.89",
            "high": "21.89",
            "low": "21.89",
            "close": "21.8813"
        },
        {
            "time": "16.12.2020 07:39",
            "open": "21.8813",
            "high": "21.8813",
            "low": "21.8813",
            "close": "21.8262"
        },
        {
            "time": "16.12.2020 07:41",
            "open": "21.8262",
            "high": "21.8262",
            "low": "21.8262",
            "close": "21.83"
        },
        {
            "time": "16.12.2020 07:43",
            "open": "21.83",
            "high": "21.83",
            "low": "21.83",
            "close": "21.8299"
        },
        {
            "time": "16.12.2020 07:45",
            "open": "21.8299",
            "high": "21.8521",
            "low": "21.8299",
            "close": "21.85"
        },
        {
            "time": "16.12.2020 07:46",
            "open": "21.85",
            "high": "21.85",
            "low": "21.85",
            "close": "21.8614"
        },
        {
            "time": "16.12.2020 07:48",
            "open": "21.8614",
            "high": "21.8614",
            "low": "21.8614",
            "close": "21.8896"
        },
        {
            "time": "16.12.2020 07:49",
            "open": "21.8896",
            "high": "21.8896",
            "low": "21.8896",
            "close": "21.878"
        },
        {
            "time": "16.12.2020 07:53",
            "open": "21.878",
            "high": "21.878",
            "low": "21.878",
            "close": "21.8651"
        },
        {
            "time": "16.12.2020 07:55",
            "open": "21.8651",
            "high": "21.8651",
            "low": "21.8651",
            "close": "21.8117"
        },
        {
            "time": "16.12.2020 07:56",
            "open": "21.8117",
            "high": "21.8759",
            "low": "21.8116",
            "close": "21.8002"
        },
        {
            "time": "16.12.2020 08:00",
            "open": "21.8002",
            "high": "21.8002",
            "low": "21.7859",
            "close": "21.7859"
        },
        {
            "time": "16.12.2020 08:01",
            "open": "21.7859",
            "high": "23.9565",
            "low": "21.75",
            "close": "21.8721"
        },
        {
            "time": "16.12.2020 08:02",
            "open": "21.8721",
            "high": "21.9841",
            "low": "21.8418",
            "close": "22.1"
        },
        {
            "time": "16.12.2020 08:03",
            "open": "22.1",
            "high": "22.1091",
            "low": "22.1",
            "close": "22.096"
        },
        {
            "time": "16.12.2020 08:04",
            "open": "22.096",
            "high": "22.0973",
            "low": "22.096",
            "close": "22.1167"
        },
        {
            "time": "16.12.2020 08:06",
            "open": "22.1167",
            "high": "22.2536",
            "low": "22.1167",
            "close": "22.2835"
        },
        {
            "time": "16.12.2020 08:07",
            "open": "22.2835",
            "high": "22.3213",
            "low": "22.2835",
            "close": "22.2481"
        },
        {
            "time": "16.12.2020 08:08",
            "open": "22.2481",
            "high": "22.2481",
            "low": "22.2382",
            "close": "22.1587"
        },
        {
            "time": "16.12.2020 08:09",
            "open": "22.1587",
            "high": "22.1587",
            "low": "21.968",
            "close": "21.9095"
        },
        {
            "time": "16.12.2020 08:10",
            "open": "21.9095",
            "high": "21.9095",
            "low": "21.9095",
            "close": "21.8651"
        },
        {
            "time": "16.12.2020 08:11",
            "open": "21.8651",
            "high": "22.1628",
            "low": "21.8651",
            "close": "22.0809"
        },
        {
            "time": "16.12.2020 08:13",
            "open": "22.0809",
            "high": "22.0809",
            "low": "21.954",
            "close": "21.9668"
        },
        {
            "time": "16.12.2020 08:14",
            "open": "21.9668",
            "high": "21.9668",
            "low": "21.7625",
            "close": "21.8982"
        },
        {
            "time": "16.12.2020 08:15",
            "open": "21.8982",
            "high": "22.1904",
            "low": "21.8982",
            "close": "22.0842"
        },
        {
            "time": "16.12.2020 08:16",
            "open": "22.0842",
            "high": "22.0842",
            "low": "22.0842",
            "close": "21.9769"
        },
        {
            "time": "16.12.2020 08:17",
            "open": "21.9769",
            "high": "21.9769",
            "low": "21.9769",
            "close": "21.9"
        },
        {
            "time": "16.12.2020 08:19",
            "open": "21.9",
            "high": "21.9",
            "low": "21.8929",
            "close": "21.7954"
        },
        {
            "time": "16.12.2020 08:20",
            "open": "21.7954",
            "high": "21.8564",
            "low": "21.7091",
            "close": "21.8711"
        },
        {
            "time": "16.12.2020 08:22",
            "open": "21.8711",
            "high": "21.8711",
            "low": "21.8711",
            "close": "21.8929"
        },
        {
            "time": "16.12.2020 08:24",
            "open": "21.8929",
            "high": "21.8929",
            "low": "21.8929",
            "close": "21.9256"
        },
        {
            "time": "16.12.2020 08:27",
            "open": "21.9256",
            "high": "21.9256",
            "low": "21.9256",
            "close": "21.8974"
        },
        {
            "time": "16.12.2020 08:28",
            "open": "21.8974",
            "high": "21.8974",
            "low": "21.8974",
            "close": "21.8929"
        },
        {
            "time": "16.12.2020 08:29",
            "open": "21.8929",
            "high": "21.8929",
            "low": "21.8929",
            "close": "21.8892"
        },
        {
            "time": "16.12.2020 08:33",
            "open": "21.8892",
            "high": "21.8892",
            "low": "21.8892",
            "close": "21.8589"
        },
        {
            "time": "16.12.2020 08:35",
            "open": "21.8589",
            "high": "21.8589",
            "low": "21.8589",
            "close": "21.8856"
        },
        {
            "time": "16.12.2020 08:37",
            "open": "21.8856",
            "high": "21.8856",
            "low": "21.8855",
            "close": "21.9926"
        },
        {
            "time": "16.12.2020 08:39",
            "open": "21.9926",
            "high": "21.9926",
            "low": "21.9926",
            "close": "21.9815"
        },
        {
            "time": "16.12.2020 08:40",
            "open": "21.9815",
            "high": "21.9818",
            "low": "21.9815",
            "close": "21.9773"
        },
        {
            "time": "16.12.2020 08:43",
            "open": "21.9773",
            "high": "21.9818",
            "low": "21.9773",
            "close": "21.9818"
        },
        {
            "time": "16.12.2020 08:44",
            "open": "21.9818",
            "high": "21.9818",
            "low": "21.9818",
            "close": "21.9556"
        },
        {
            "time": "16.12.2020 08:45",
            "open": "21.9556",
            "high": "21.9556",
            "low": "21.9556",
            "close": "21.9524"
        },
        {
            "time": "16.12.2020 08:46",
            "open": "21.9524",
            "high": "21.9617",
            "low": "21.9263",
            "close": "21.9277"
        },
        {
            "time": "16.12.2020 08:47",
            "open": "21.9277",
            "high": "21.9277",
            "low": "21.9269",
            "close": "21.963"
        },
        {
            "time": "16.12.2020 08:48",
            "open": "21.963",
            "high": "21.9632",
            "low": "21.963",
            "close": "21.9685"
        },
        {
            "time": "16.12.2020 08:51",
            "open": "21.9685",
            "high": "21.9685",
            "low": "21.9642",
            "close": "21.965"
        },
        {
            "time": "16.12.2020 08:54",
            "open": "21.965",
            "high": "21.965",
            "low": "21.922",
            "close": "21.9678"
        },
        {
            "time": "16.12.2020 08:59",
            "open": "21.9678",
            "high": "21.9678",
            "low": "21.9678",
            "close": "21.9678"
        },
        {
            "time": "16.12.2020 09:00",
            "open": "21.9678",
            "high": "22.0112",
            "low": "21.9678",
            "close": "21.9842"
        },
        {
            "time": "16.12.2020 09:01",
            "open": "21.9842",
            "high": "22.0112",
            "low": "21.9842",
            "close": "22.0112"
        },
        {
            "time": "16.12.2020 09:04",
            "open": "22.0112",
            "high": "22.0112",
            "low": "22",
            "close": "21.9981"
        },
        {
            "time": "16.12.2020 09:15",
            "open": "21.9981",
            "high": "21.9987",
            "low": "21.9981",
            "close": "21.983"
        },
        {
            "time": "16.12.2020 09:16",
            "open": "21.983",
            "high": "22.0123",
            "low": "21.983",
            "close": "21.9532"
        },
        {
            "time": "16.12.2020 09:17",
            "open": "21.9532",
            "high": "21.9532",
            "low": "21.9532",
            "close": "21.9035"
        },
        {
            "time": "16.12.2020 09:23",
            "open": "21.9035",
            "high": "21.9748",
            "low": "21.9035",
            "close": "21.94"
        },
        {
            "time": "16.12.2020 09:30",
            "open": "21.94",
            "high": "21.94",
            "low": "21.94",
            "close": "21.9714"
        },
        {
            "time": "16.12.2020 09:32",
            "open": "21.9714",
            "high": "21.9714",
            "low": "21.9714",
            "close": "21.9008"
        },
        {
            "time": "16.12.2020 09:34",
            "open": "21.9008",
            "high": "21.9606",
            "low": "21.8731",
            "close": "21.891"
        },
        {
            "time": "16.12.2020 09:42",
            "open": "21.891",
            "high": "21.9107",
            "low": "21.891",
            "close": "21.8784"
        },
        {
            "time": "16.12.2020 09:43",
            "open": "21.8784",
            "high": "21.8784",
            "low": "21.8784",
            "close": "21.8744"
        },
        {
            "time": "16.12.2020 09:45",
            "open": "21.8744",
            "high": "21.8971",
            "low": "21.8744",
            "close": "21.8775"
        },
        {
            "time": "16.12.2020 09:47",
            "open": "21.8775",
            "high": "21.8795",
            "low": "21.8775",
            "close": "21.8894"
        },
        {
            "time": "16.12.2020 09:48",
            "open": "21.8894",
            "high": "21.8894",
            "low": "21.8894",
            "close": "21.8981"
        },
        {
            "time": "16.12.2020 09:49",
            "open": "21.8981",
            "high": "21.8981",
            "low": "21.898",
            "close": "21.898"
        },
        {
            "time": "16.12.2020 09:50",
            "open": "21.898",
            "high": "21.898",
            "low": "21.898",
            "close": "21.8864"
        },
        {
            "time": "16.12.2020 09:54",
            "open": "21.8864",
            "high": "21.8864",
            "low": "21.8864",
            "close": "21.906"
        },
        {
            "time": "16.12.2020 09:57",
            "open": "21.906",
            "high": "21.9228",
            "low": "21.906",
            "close": "21.9003"
        },
        {
            "time": "16.12.2020 09:58",
            "open": "21.9003",
            "high": "21.9209",
            "low": "21.9003",
            "close": "21.8415"
        },
        {
            "time": "16.12.2020 10:05",
            "open": "21.8415",
            "high": "21.8415",
            "low": "21.8147",
            "close": "21.892"
        },
        {
            "time": "16.12.2020 10:06",
            "open": "21.892",
            "high": "21.892",
            "low": "21.892",
            "close": "21.898"
        },
        {
            "time": "16.12.2020 10:07",
            "open": "21.898",
            "high": "21.898",
            "low": "21.898",
            "close": "21.9005"
        },
        {
            "time": "16.12.2020 10:21",
            "open": "21.9005",
            "high": "21.9008",
            "low": "21.9005",
            "close": "21.905"
        },
        {
            "time": "16.12.2020 10:23",
            "open": "21.905",
            "high": "21.905",
            "low": "21.905",
            "close": "21.8903"
        },
        {
            "time": "16.12.2020 10:24",
            "open": "21.8903",
            "high": "21.8903",
            "low": "21.8903",
            "close": "21.894"
        },
        {
            "time": "16.12.2020 10:26",
            "open": "21.894",
            "high": "21.894",
            "low": "21.894",
            "close": "21.9055"
        },
        {
            "time": "16.12.2020 10:37",
            "open": "21.9055",
            "high": "21.9055",
            "low": "21.9055",
            "close": "21.82"
        },
        {
            "time": "16.12.2020 10:40",
            "open": "21.82",
            "high": "21.82",
            "low": "21.82",
            "close": "21.9032"
        },
        {
            "time": "16.12.2020 10:42",
            "open": "21.9032",
            "high": "21.9034",
            "low": "21.9032",
            "close": "21.8525"
        },
        {
            "time": "16.12.2020 10:47",
            "open": "21.8525",
            "high": "21.8525",
            "low": "21.8264",
            "close": "22.0351"
        },
        {
            "time": "16.12.2020 11:04",
            "open": "22.0351",
            "high": "22.0351",
            "low": "22.0351",
            "close": "22.0391"
        },
        {
            "time": "16.12.2020 11:05",
            "open": "22.0391",
            "high": "22.0391",
            "low": "22.0391",
            "close": "22.008"
        },
        {
            "time": "16.12.2020 11:06",
            "open": "22.008",
            "high": "22.1191",
            "low": "22.008",
            "close": "22.1554"
        },
        {
            "time": "16.12.2020 11:08",
            "open": "22.1554",
            "high": "22.1876",
            "low": "22.136",
            "close": "22.2059"
        },
        {
            "time": "16.12.2020 11:11",
            "open": "22.2059",
            "high": "22.2059",
            "low": "22.2059",
            "close": "22.2058"
        },
        {
            "time": "16.12.2020 11:23",
            "open": "22.2058",
            "high": "22.2058",
            "low": "22.2058",
            "close": "22.2303"
        },
        {
            "time": "16.12.2020 11:29",
            "open": "22.2303",
            "high": "22.2303",
            "low": "22.2303",
            "close": "22.0003"
        },
        {
            "time": "16.12.2020 11:39",
            "open": "22.0003",
            "high": "22.0003",
            "low": "22",
            "close": "22.0001"
        },
        {
            "time": "16.12.2020 11:40",
            "open": "22.0001",
            "high": "22.0479",
            "low": "22.0001",
            "close": "22"
        },
        {
            "time": "16.12.2020 11:57",
            "open": "22",
            "high": "22",
            "low": "21.95",
            "close": "21.9127"
        },
        {
            "time": "16.12.2020 11:58",
            "open": "21.9127",
            "high": "21.9127",
            "low": "21.9127",
            "close": "21.8807"
        },
        {
            "time": "16.12.2020 11:59",
            "open": "21.8807",
            "high": "21.9861",
            "low": "21.8807",
            "close": "21.9826"
        },
        {
            "time": "16.12.2020 12:04",
            "open": "21.9826",
            "high": "22.0111",
            "low": "21.9826",
            "close": "21.9852"
        },
        {
            "time": "16.12.2020 12:06",
            "open": "21.9852",
            "high": "21.9852",
            "low": "21.9852",
            "close": "21.9309"
        },
        {
            "time": "16.12.2020 12:13",
            "open": "21.9309",
            "high": "21.9471",
            "low": "21.8807",
            "close": "21.9031"
        },
        {
            "time": "16.12.2020 12:14",
            "open": "21.9031",
            "high": "21.9031",
            "low": "21.9031",
            "close": "21.9048"
        },
        {
            "time": "16.12.2020 12:15",
            "open": "21.9048",
            "high": "21.9048",
            "low": "21.9048",
            "close": "21.9034"
        },
        {
            "time": "16.12.2020 12:16",
            "open": "21.9034",
            "high": "21.9193",
            "low": "21.9034",
            "close": "21.8957"
        },
        {
            "time": "16.12.2020 12:20",
            "open": "21.8957",
            "high": "21.8984",
            "low": "21.8957",
            "close": "21.8876"
        },
        {
            "time": "16.12.2020 12:21",
            "open": "21.8983",
            "high": "21.8983",
            "low": "21.8983",
            "close": "21.9343"
        },
        {
            "time": "16.12.2020 12:35",
            "open": "21.9343",
            "high": "21.9347",
            "low": "21.9343",
            "close": "21.9453"
        },
        {
            "time": "16.12.2020 12:37",
            "open": "21.9453",
            "high": "21.9453",
            "low": "21.9453",
            "close": "21.9"
        },
        {
            "time": "16.12.2020 12:40",
            "open": "21.9",
            "high": "21.9",
            "low": "21.9",
            "close": "21.9"
        },
        {
            "time": "16.12.2020 12:48",
            "open": "21.9",
            "high": "21.9",
            "low": "21.9",
            "close": "21.94"
        },
        {
            "time": "16.12.2020 12:52",
            "open": "21.94",
            "high": "21.94",
            "low": "21.94",
            "close": "21.929"
        },
        {
            "time": "16.12.2020 12:58",
            "open": "21.929",
            "high": "21.929",
            "low": "21.929",
            "close": "21.9289"
        },
        {
            "time": "16.12.2020 12:59",
            "open": "21.9289",
            "high": "21.9289",
            "low": "21.9289",
            "close": "21.9537"
        },
        {
            "time": "16.12.2020 13:02",
            "open": "21.9537",
            "high": "21.9552",
            "low": "21.9537",
            "close": "21.9962"
        },
        {
            "time": "16.12.2020 13:12",
            "open": "21.9962",
            "high": "21.9962",
            "low": "21.9962",
            "close": "21.9552"
        },
        {
            "time": "16.12.2020 13:14",
            "open": "21.9552",
            "high": "21.9552",
            "low": "21.9552",
            "close": "21.9962"
        },
        {
            "time": "16.12.2020 13:15",
            "open": "21.9962",
            "high": "21.9962",
            "low": "21.9962",
            "close": "22.1008"
        },
        {
            "time": "16.12.2020 13:26",
            "open": "22.1008",
            "high": "22.1293",
            "low": "22.1008",
            "close": "21.9962"
        },
        {
            "time": "16.12.2020 13:30",
            "open": "21.9962",
            "high": "21.9962",
            "low": "21.9962",
            "close": "21.9438"
        },
        {
            "time": "16.12.2020 13:32",
            "open": "21.9438",
            "high": "21.9438",
            "low": "21.9438",
            "close": "22.092"
        },
        {
            "time": "16.12.2020 13:40",
            "open": "22.092",
            "high": "22.1268",
            "low": "22.092",
            "close": "21.9056"
        },
        {
            "time": "16.12.2020 13:48",
            "open": "21.9056",
            "high": "21.9056",
            "low": "21.9055",
            "close": "21.9"
        },
        {
            "time": "16.12.2020 13:49",
            "open": "21.9",
            "high": "21.9",
            "low": "21.8232",
            "close": "21.8981"
        },
        {
            "time": "16.12.2020 13:51",
            "open": "21.8981",
            "high": "21.9026",
            "low": "21.8981",
            "close": "21.9"
        },
        {
            "time": "16.12.2020 13:54",
            "open": "21.9",
            "high": "21.9",
            "low": "21.9",
            "close": "21.9154"
        },
        {
            "time": "16.12.2020 13:55",
            "open": "21.9154",
            "high": "21.9284",
            "low": "21.9154",
            "close": "21.9678"
        },
        {
            "time": "16.12.2020 13:58",
            "open": "21.9678",
            "high": "21.9678",
            "low": "21.9678",
            "close": "21.9807"
        },
        {
            "time": "16.12.2020 14:02",
            "open": "21.9807",
            "high": "21.9809",
            "low": "21.9807",
            "close": "21.9907"
        },
        {
            "time": "16.12.2020 14:05",
            "open": "21.9907",
            "high": "22.0177",
            "low": "21.9907",
            "close": "21.9738"
        },
        {
            "time": "16.12.2020 14:07",
            "open": "21.9738",
            "high": "21.9738",
            "low": "21.9738",
            "close": "22.0724"
        },
        {
            "time": "16.12.2020 14:20",
            "open": "22.0724",
            "high": "22.0724",
            "low": "22.0724",
            "close": "22.1503"
        },
        {
            "time": "16.12.2020 14:27",
            "open": "22.1503",
            "high": "22.1504",
            "low": "22.1468",
            "close": "22.0754"
        },
        {
            "time": "16.12.2020 14:30",
            "open": "22.0754",
            "high": "22.0754",
            "low": "22.0752",
            "close": "22.2012"
        },
        {
            "time": "16.12.2020 14:34",
            "open": "22.2012",
            "high": "22.2047",
            "low": "22.2012",
            "close": "22.2144"
        },
        {
            "time": "16.12.2020 14:42",
            "open": "22.2144",
            "high": "22.5",
            "low": "22.2144",
            "close": "22.3074"
        },
        {
            "time": "16.12.2020 14:43",
            "open": "22.3074",
            "high": "22.3198",
            "low": "22.2948",
            "close": "22.3211"
        },
        {
            "time": "16.12.2020 14:44",
            "open": "22.3211",
            "high": "22.3352",
            "low": "22.3211",
            "close": "22.3416"
        },
        {
            "time": "16.12.2020 14:45",
            "open": "22.3416",
            "high": "22.3416",
            "low": "22.3416",
            "close": "21.9587"
        },
        {
            "time": "16.12.2020 14:47",
            "open": "21.9587",
            "high": "21.9587",
            "low": "21.9587",
            "close": "22.0786"
        },
        {
            "time": "16.12.2020 14:49",
            "open": "22.0786",
            "high": "22.0793",
            "low": "22.0786",
            "close": "22.0811"
        },
        {
            "time": "16.12.2020 14:56",
            "open": "22.0811",
            "high": "22.0811",
            "low": "22.0811",
            "close": "22.0793"
        },
        {
            "time": "16.12.2020 15:00",
            "open": "22.0793",
            "high": "22.0793",
            "low": "22.0776",
            "close": "22.0714"
        },
        {
            "time": "16.12.2020 15:05",
            "open": "22.0714",
            "high": "22.0714",
            "low": "22.0714",
            "close": "22.0744"
        },
        {
            "time": "16.12.2020 15:06",
            "open": "22.0744",
            "high": "22.0919",
            "low": "22.0452",
            "close": "22.2087"
        },
        {
            "time": "16.12.2020 15:08",
            "open": "22.2087",
            "high": "22.317",
            "low": "22.1892",
            "close": "22.1707"
        },
        {
            "time": "16.12.2020 15:11",
            "open": "22.1707",
            "high": "22.1807",
            "low": "22.1707",
            "close": "22.3442"
        },
        {
            "time": "16.12.2020 15:12",
            "open": "22.3442",
            "high": "22.5",
            "low": "22.3442",
            "close": "22.5"
        },
        {
            "time": "16.12.2020 15:13",
            "open": "22.5",
            "high": "22.5982",
            "low": "22.4472",
            "close": "22.5206"
        },
        {
            "time": "16.12.2020 15:14",
            "open": "22.5206",
            "high": "22.6299",
            "low": "22.4729",
            "close": "22.5284"
        },
        {
            "time": "16.12.2020 15:15",
            "open": "22.5284",
            "high": "22.6073",
            "low": "22.5284",
            "close": "22.5284"
        },
        {
            "time": "16.12.2020 15:16",
            "open": "22.5284",
            "high": "22.5366",
            "low": "22.4745",
            "close": "22.5028"
        },
        {
            "time": "16.12.2020 15:18",
            "open": "22.5028",
            "high": "22.5177",
            "low": "22.5028",
            "close": "22.4899"
        },
        {
            "time": "16.12.2020 15:19",
            "open": "22.4899",
            "high": "22.4899",
            "low": "22.401",
            "close": "22.4803"
        },
        {
            "time": "16.12.2020 15:20",
            "open": "22.4803",
            "high": "22.4817",
            "low": "22.4803",
            "close": "22.4556"
        },
        {
            "time": "16.12.2020 15:21",
            "open": "22.4556",
            "high": "22.7385",
            "low": "22.4538",
            "close": "22.5414"
        },
        {
            "time": "16.12.2020 15:25",
            "open": "22.5414",
            "high": "22.5414",
            "low": "22.45",
            "close": "22.45"
        },
        {
            "time": "16.12.2020 15:28",
            "open": "22.45",
            "high": "22.45",
            "low": "22.0494",
            "close": "22.1896"
        },
        {
            "time": "16.12.2020 15:29",
            "open": "22.1896",
            "high": "22.3057",
            "low": "22.1896",
            "close": "22.1663"
        },
        {
            "time": "16.12.2020 15:30",
            "open": "22.1663",
            "high": "22.3409",
            "low": "22.1663",
            "close": "22.1745"
        },
        {
            "time": "16.12.2020 15:31",
            "open": "22.1745",
            "high": "22.1745",
            "low": "22.1639",
            "close": "22.3114"
        },
        {
            "time": "16.12.2020 15:34",
            "open": "22.3114",
            "high": "22.3114",
            "low": "22.3114",
            "close": "22.237"
        },
        {
            "time": "16.12.2020 15:35",
            "open": "22.237",
            "high": "22.237",
            "low": "22.2262",
            "close": "22.3144"
        },
        {
            "time": "16.12.2020 15:36",
            "open": "22.3144",
            "high": "22.3144",
            "low": "22.3144",
            "close": "22.2881"
        },
        {
            "time": "16.12.2020 15:37",
            "open": "22.2881",
            "high": "22.2881",
            "low": "22.1609",
            "close": "22.2375"
        },
        {
            "time": "16.12.2020 15:38",
            "open": "22.2375",
            "high": "22.2419",
            "low": "22.2375",
            "close": "22.2763"
        },
        {
            "time": "16.12.2020 15:39",
            "open": "22.2763",
            "high": "22.308",
            "low": "22.2162",
            "close": "22.2886"
        },
        {
            "time": "16.12.2020 15:40",
            "open": "22.2886",
            "high": "22.308",
            "low": "22.1662",
            "close": "22.1608"
        },
        {
            "time": "16.12.2020 15:41",
            "open": "22.1608",
            "high": "22.1608",
            "low": "22.1608",
            "close": "22.2286"
        },
        {
            "time": "16.12.2020 15:42",
            "open": "22.2286",
            "high": "22.2287",
            "low": "22.2286",
            "close": "22.2287"
        },
        {
            "time": "16.12.2020 15:44",
            "open": "22.2287",
            "high": "22.2287",
            "low": "22.2287",
            "close": "22.1655"
        },
        {
            "time": "16.12.2020 15:45",
            "open": "22.1655",
            "high": "22.1655",
            "low": "22.07",
            "close": "22.2353"
        },
        {
            "time": "16.12.2020 15:46",
            "open": "22.2353",
            "high": "22.2353",
            "low": "22.2353",
            "close": "22.2353"
        },
        {
            "time": "16.12.2020 15:48",
            "open": "22.2353",
            "high": "22.2353",
            "low": "22.2353",
            "close": "22.2111"
        },
        {
            "time": "16.12.2020 15:49",
            "open": "22.2111",
            "high": "22.4197",
            "low": "22.2111",
            "close": "22.5103"
        },
        {
            "time": "16.12.2020 15:50",
            "open": "22.5103",
            "high": "22.5103",
            "low": "22.5103",
            "close": "22.5521"
        },
        {
            "time": "16.12.2020 15:51",
            "open": "22.5521",
            "high": "22.5521",
            "low": "22.5521",
            "close": "22.5521"
        },
        {
            "time": "16.12.2020 15:53",
            "open": "22.5521",
            "high": "22.5521",
            "low": "22.5128",
            "close": "22.4816"
        },
        {
            "time": "16.12.2020 15:54",
            "open": "22.4816",
            "high": "22.5389",
            "low": "22.4816",
            "close": "22.6514"
        },
        {
            "time": "16.12.2020 15:55",
            "open": "22.6514",
            "high": "22.6514",
            "low": "22.6514",
            "close": "22.5869"
        },
        {
            "time": "16.12.2020 15:56",
            "open": "22.5869",
            "high": "22.5869",
            "low": "22.3633",
            "close": "22.4615"
        },
        {
            "time": "16.12.2020 15:57",
            "open": "22.4615",
            "high": "22.4754",
            "low": "22.352",
            "close": "22.4065"
        },
        {
            "time": "16.12.2020 15:58",
            "open": "22.4065",
            "high": "22.4603",
            "low": "22.4065",
            "close": "22.4009"
        },
        {
            "time": "16.12.2020 15:59",
            "open": "22.4009",
            "high": "22.4603",
            "low": "22.4009",
            "close": "22.5505"
        },
        {
            "time": "16.12.2020 16:00",
            "open": "22.5505",
            "high": "22.6426",
            "low": "22.5505",
            "close": "22.6415"
        },
        {
            "time": "16.12.2020 16:01",
            "open": "22.6415",
            "high": "22.6415",
            "low": "22.6415",
            "close": "22.7119"
        },
        {
            "time": "16.12.2020 16:04",
            "open": "22.7119",
            "high": "22.7119",
            "low": "22.7119",
            "close": "22.7094"
        },
        {
            "time": "16.12.2020 16:06",
            "open": "22.7094",
            "high": "22.7583",
            "low": "22.7094",
            "close": "22.7607"
        },
        {
            "time": "16.12.2020 16:07",
            "open": "22.7607",
            "high": "22.7613",
            "low": "22.7019",
            "close": "22.745"
        },
        {
            "time": "16.12.2020 16:08",
            "open": "22.745",
            "high": "22.7775",
            "low": "22.7136",
            "close": "22.7819"
        },
        {
            "time": "16.12.2020 16:09",
            "open": "22.7819",
            "high": "22.7882",
            "low": "22.707",
            "close": "22.7721"
        },
        {
            "time": "16.12.2020 16:10",
            "open": "22.7721",
            "high": "22.795",
            "low": "22.772",
            "close": "22.795"
        },
        {
            "time": "16.12.2020 16:11",
            "open": "22.795",
            "high": "22.8527",
            "low": "22.795",
            "close": "22.805"
        },
        {
            "time": "16.12.2020 16:13",
            "open": "22.805",
            "high": "22.805",
            "low": "22.7151",
            "close": "22.7027"
        },
        {
            "time": "16.12.2020 16:17",
            "open": "22.7027",
            "high": "22.7246",
            "low": "22.6678",
            "close": "22.708"
        },
        {
            "time": "16.12.2020 16:18",
            "open": "22.708",
            "high": "22.708",
            "low": "22.708",
            "close": "22.6688"
        },
        {
            "time": "16.12.2020 16:21",
            "open": "22.6688",
            "high": "22.6846",
            "low": "22.6687",
            "close": "22.6678"
        },
        {
            "time": "16.12.2020 16:22",
            "open": "22.6678",
            "high": "22.6678",
            "low": "22.6181",
            "close": "22.6068"
        },
        {
            "time": "16.12.2020 16:25",
            "open": "22.6068",
            "high": "22.6068",
            "low": "22.6068",
            "close": "22.6283"
        },
        {
            "time": "16.12.2020 16:26",
            "open": "22.6283",
            "high": "22.6409",
            "low": "22.6279",
            "close": "22.583"
        },
        {
            "time": "16.12.2020 16:33",
            "open": "22.583",
            "high": "22.583",
            "low": "22.583",
            "close": "22.5802"
        },
        {
            "time": "16.12.2020 16:34",
            "open": "22.5802",
            "high": "22.5802",
            "low": "22.5802",
            "close": "22.6443"
        },
        {
            "time": "16.12.2020 16:39",
            "open": "22.6443",
            "high": "22.68",
            "low": "22.6268",
            "close": "22.745"
        },
        {
            "time": "16.12.2020 16:43",
            "open": "22.745",
            "high": "22.745",
            "low": "22.745",
            "close": "22.745"
        },
        {
            "time": "16.12.2020 16:44",
            "open": "22.745",
            "high": "22.8",
            "low": "22.745",
            "close": "22.7612"
        },
        {
            "time": "16.12.2020 16:47",
            "open": "22.7612",
            "high": "22.8427",
            "low": "22.6873",
            "close": "22.757"
        },
        {
            "time": "16.12.2020 16:54",
            "open": "22.757",
            "high": "22.757",
            "low": "22.757",
            "close": "22.7065"
        },
        {
            "time": "16.12.2020 16:56",
            "open": "22.7065",
            "high": "22.7065",
            "low": "22.7065",
            "close": "22.5804"
        },
        {
            "time": "16.12.2020 17:00",
            "open": "22.5804",
            "high": "22.5804",
            "low": "22.5802",
            "close": "22.6401"
        },
        {
            "time": "16.12.2020 17:01",
            "open": "22.6401",
            "high": "22.6401",
            "low": "22.6401",
            "close": "22.5802"
        },
        {
            "time": "16.12.2020 17:02",
            "open": "22.5802",
            "high": "22.5802",
            "low": "22.5802",
            "close": "22.57"
        },
        {
            "time": "16.12.2020 17:06",
            "open": "22.57",
            "high": "22.57",
            "low": "22.57",
            "close": "22.57"
        },
        {
            "time": "16.12.2020 17:07",
            "open": "22.57",
            "high": "22.5939",
            "low": "22.57",
            "close": "22.5979"
        },
        {
            "time": "16.12.2020 17:09",
            "open": "22.5979",
            "high": "22.5979",
            "low": "22.5979",
            "close": "22.605"
        },
        {
            "time": "16.12.2020 17:10",
            "open": "22.605",
            "high": "22.605",
            "low": "22.6035",
            "close": "22.6464"
        },
        {
            "time": "16.12.2020 17:15",
            "open": "22.6464",
            "high": "22.6989",
            "low": "22.6464",
            "close": "22.6674"
        },
        {
            "time": "16.12.2020 17:16",
            "open": "22.6674",
            "high": "22.6674",
            "low": "22.649",
            "close": "22.7168"
        },
        {
            "time": "16.12.2020 17:17",
            "open": "22.7168",
            "high": "22.8042",
            "low": "22.7167",
            "close": "22.7787"
        },
        {
            "time": "16.12.2020 17:19",
            "open": "22.7787",
            "high": "22.7787",
            "low": "22.7787",
            "close": "22.678"
        },
        {
            "time": "16.12.2020 17:20",
            "open": "22.678",
            "high": "22.678",
            "low": "22.678",
            "close": "22.7687"
        },
        {
            "time": "16.12.2020 17:22",
            "open": "22.7687",
            "high": "22.7687",
            "low": "22.7687",
            "close": "22.7328"
        },
        {
            "time": "16.12.2020 17:24",
            "open": "22.7328",
            "high": "22.7789",
            "low": "22.7328",
            "close": "22.7177"
        },
        {
            "time": "16.12.2020 17:25",
            "open": "22.7177",
            "high": "22.7177",
            "low": "22.7177",
            "close": "22.7177"
        },
        {
            "time": "16.12.2020 17:27",
            "open": "22.7177",
            "high": "22.7177",
            "low": "22.7177",
            "close": "22.7286"
        },
        {
            "time": "16.12.2020 17:29",
            "open": "22.7286",
            "high": "22.7456",
            "low": "22.7285",
            "close": "22.6792"
        },
        {
            "time": "16.12.2020 17:37",
            "open": "22.6792",
            "high": "23.2807",
            "low": "22.5872",
            "close": "22.7768"
        },
        {
            "time": "16.12.2020 17:38",
            "open": "22.7768",
            "high": "22.7768",
            "low": "22.7768",
            "close": "22.6951"
        },
        {
            "time": "16.12.2020 17:39",
            "open": "22.6951",
            "high": "22.6951",
            "low": "22.6951",
            "close": "22.7477"
        },
        {
            "time": "16.12.2020 17:40",
            "open": "22.7477",
            "high": "22.7768",
            "low": "22.7477",
            "close": "22.7544"
        },
        {
            "time": "16.12.2020 17:41",
            "open": "22.7544",
            "high": "22.7544",
            "low": "22.6343",
            "close": "22.6155"
        },
        {
            "time": "16.12.2020 17:42",
            "open": "22.6155",
            "high": "22.7189",
            "low": "22.6155",
            "close": "22.7709"
        },
        {
            "time": "16.12.2020 17:43",
            "open": "22.7709",
            "high": "22.7709",
            "low": "22.7709",
            "close": "22.7771"
        },
        {
            "time": "16.12.2020 17:50",
            "open": "22.7771",
            "high": "22.7941",
            "low": "22.7771",
            "close": "22.7941"
        },
        {
            "time": "16.12.2020 17:51",
            "open": "22.7941",
            "high": "22.8337",
            "low": "22.7941",
            "close": "22.7831"
        },
        {
            "time": "16.12.2020 17:54",
            "open": "22.7831",
            "high": "22.7971",
            "low": "22.7831",
            "close": "22.7504"
        },
        {
            "time": "16.12.2020 18:00",
            "open": "22.7504",
            "high": "22.7504",
            "low": "22.7504",
            "close": "22.7657"
        },
        {
            "time": "16.12.2020 18:01",
            "open": "22.7657",
            "high": "22.7657",
            "low": "22.7657",
            "close": "22.7883"
        },
        {
            "time": "16.12.2020 18:06",
            "open": "22.7883",
            "high": "22.7883",
            "low": "22.7883",
            "close": "22.785"
        },
        {
            "time": "16.12.2020 18:13",
            "open": "22.785",
            "high": "22.785",
            "low": "22.78",
            "close": "22.78"
        },
        {
            "time": "16.12.2020 18:14",
            "open": "22.78",
            "high": "22.78",
            "low": "22.7678",
            "close": "22.786"
        },
        {
            "time": "16.12.2020 18:15",
            "open": "22.786",
            "high": "22.786",
            "low": "22.7856",
            "close": "22.7902"
        },
        {
            "time": "16.12.2020 18:16",
            "open": "22.7902",
            "high": "22.7902",
            "low": "22.7902",
            "close": "22.735"
        },
        {
            "time": "16.12.2020 18:24",
            "open": "22.735",
            "high": "22.735",
            "low": "22.735",
            "close": "22.7172"
        },
        {
            "time": "16.12.2020 18:26",
            "open": "22.7172",
            "high": "22.7172",
            "low": "22.7172",
            "close": "22.7154"
        },
        {
            "time": "16.12.2020 18:27",
            "open": "22.7154",
            "high": "22.7154",
            "low": "22.6727",
            "close": "22.6819"
        },
        {
            "time": "16.12.2020 18:28",
            "open": "22.6819",
            "high": "22.6819",
            "low": "22.6038",
            "close": "22.6702"
        },
        {
            "time": "16.12.2020 18:29",
            "open": "22.6702",
            "high": "22.6702",
            "low": "22.6288",
            "close": "22.6035"
        },
        {
            "time": "16.12.2020 18:30",
            "open": "22.6035",
            "high": "22.6035",
            "low": "22.5798",
            "close": "22.5988"
        },
        {
            "time": "16.12.2020 18:34",
            "open": "22.5988",
            "high": "22.5988",
            "low": "22.5543",
            "close": "22.546"
        },
        {
            "time": "16.12.2020 18:35",
            "open": "22.546",
            "high": "22.5667",
            "low": "22.5431",
            "close": "22.5637"
        },
        {
            "time": "16.12.2020 18:36",
            "open": "22.5637",
            "high": "22.5637",
            "low": "22.5635",
            "close": "22.6139"
        },
        {
            "time": "16.12.2020 18:37",
            "open": "22.6139",
            "high": "22.634",
            "low": "22.5554",
            "close": "22.6029"
        },
        {
            "time": "16.12.2020 18:38",
            "open": "22.6029",
            "high": "22.6037",
            "low": "22.5038",
            "close": "22.6258"
        },
        {
            "time": "16.12.2020 18:39",
            "open": "22.6258",
            "high": "22.6258",
            "low": "22.5823",
            "close": "22.6014"
        },
        {
            "time": "16.12.2020 18:40",
            "open": "22.6014",
            "high": "22.6058",
            "low": "22.6014",
            "close": "22.5666"
        },
        {
            "time": "16.12.2020 18:41",
            "open": "22.5666",
            "high": "22.5796",
            "low": "22.5466",
            "close": "22.5642"
        },
        {
            "time": "16.12.2020 18:42",
            "open": "22.5642",
            "high": "22.5642",
            "low": "22.5627",
            "close": "22.5035"
        },
        {
            "time": "16.12.2020 18:45",
            "open": "22.5035",
            "high": "22.5401",
            "low": "22.5035",
            "close": "22.545"
        },
        {
            "time": "16.12.2020 18:46",
            "open": "22.545",
            "high": "22.5833",
            "low": "22.4986",
            "close": "22.4962"
        },
        {
            "time": "16.12.2020 18:47",
            "open": "22.4962",
            "high": "22.5237",
            "low": "22.4672",
            "close": "22.4765"
        },
        {
            "time": "16.12.2020 18:48",
            "open": "22.4765",
            "high": "22.4765",
            "low": "22.4476",
            "close": "22.4479"
        },
        {
            "time": "16.12.2020 18:49",
            "open": "22.4479",
            "high": "22.4813",
            "low": "22.439",
            "close": "22.4523"
        },
        {
            "time": "16.12.2020 18:50",
            "open": "22.4523",
            "high": "22.4523",
            "low": "22.4494",
            "close": "22.4223"
        },
        {
            "time": "16.12.2020 18:51",
            "open": "22.4223",
            "high": "22.4688",
            "low": "22.4223",
            "close": "22.4452"
        },
        {
            "time": "16.12.2020 18:52",
            "open": "22.4452",
            "high": "22.4695",
            "low": "22.4335",
            "close": "22.4489"
        },
        {
            "time": "16.12.2020 18:53",
            "open": "22.4489",
            "high": "22.4506",
            "low": "22.4464",
            "close": "22.4364"
        },
        {
            "time": "16.12.2020 18:54",
            "open": "22.4364",
            "high": "22.4367",
            "low": "22.4045",
            "close": "22.409"
        },
        {
            "time": "16.12.2020 18:55",
            "open": "22.409",
            "high": "22.42",
            "low": "22.4032",
            "close": "22.4422"
        },
        {
            "time": "16.12.2020 18:57",
            "open": "22.4422",
            "high": "22.4422",
            "low": "22.4048",
            "close": "22.3928"
        },
        {
            "time": "16.12.2020 19:00",
            "open": "22.3928",
            "high": "22.4003",
            "low": "22.3928",
            "close": "22.4536"
        },
        {
            "time": "16.12.2020 19:02",
            "open": "22.4536",
            "high": "22.4536",
            "low": "22.4506",
            "close": "22.4117"
        },
        {
            "time": "16.12.2020 19:05",
            "open": "22.4117",
            "high": "22.4121",
            "low": "22.3902",
            "close": "22.389"
        },
        {
            "time": "16.12.2020 19:06",
            "open": "22.389",
            "high": "22.3951",
            "low": "22.3651",
            "close": "22.3651"
        },
        {
            "time": "16.12.2020 19:07",
            "open": "22.3651",
            "high": "22.3748",
            "low": "22.3547",
            "close": "22.3701"
        },
        {
            "time": "16.12.2020 19:08",
            "open": "22.3701",
            "high": "22.3701",
            "low": "22.3701",
            "close": "22.3565"
        },
        {
            "time": "16.12.2020 19:09",
            "open": "22.3565",
            "high": "22.3571",
            "low": "22.3424",
            "close": "22.3514"
        },
        {
            "time": "16.12.2020 19:10",
            "open": "22.3514",
            "high": "22.3514",
            "low": "22.3284",
            "close": "22.3676"
        },
        {
            "time": "16.12.2020 19:13",
            "open": "22.3676",
            "high": "22.3694",
            "low": "22.2401",
            "close": "22.211"
        },
        {
            "time": "16.12.2020 19:14",
            "open": "22.211",
            "high": "22.2701",
            "low": "22.211",
            "close": "22.2062"
        },
        {
            "time": "16.12.2020 19:15",
            "open": "22.2062",
            "high": "22.2062",
            "low": "22.1957",
            "close": "22.2435"
        },
        {
            "time": "16.12.2020 19:16",
            "open": "22.2435",
            "high": "22.2706",
            "low": "22.2361",
            "close": "22.2374"
        },
        {
            "time": "16.12.2020 19:18",
            "open": "22.2374",
            "high": "22.2437",
            "low": "22.2341",
            "close": "22.2242"
        },
        {
            "time": "16.12.2020 19:20",
            "open": "22.2242",
            "high": "22.2333",
            "low": "22.224",
            "close": "22.2299"
        },
        {
            "time": "16.12.2020 19:21",
            "open": "22.2299",
            "high": "22.2386",
            "low": "22.2299",
            "close": "22.3145"
        },
        {
            "time": "16.12.2020 19:23",
            "open": "22.3145",
            "high": "22.3145",
            "low": "22.2966",
            "close": "22.2783"
        },
        {
            "time": "16.12.2020 19:25",
            "open": "22.2783",
            "high": "22.2884",
            "low": "22.2783",
            "close": "22.3098"
        },
        {
            "time": "16.12.2020 19:27",
            "open": "22.3098",
            "high": "22.3098",
            "low": "22.3098",
            "close": "22.3206"
        },
        {
            "time": "16.12.2020 19:28",
            "open": "22.3206",
            "high": "22.3489",
            "low": "22.3206",
            "close": "22.3581"
        },
        {
            "time": "16.12.2020 19:32",
            "open": "22.3581",
            "high": "22.3581",
            "low": "22.358",
            "close": "22.358"
        },
        {
            "time": "16.12.2020 19:33",
            "open": "22.358",
            "high": "22.3581",
            "low": "22.3359",
            "close": "22.289"
        },
        {
            "time": "16.12.2020 19:37",
            "open": "22.289",
            "high": "22.3756",
            "low": "22.2694",
            "close": "22.3579"
        },
        {
            "time": "16.12.2020 19:38",
            "open": "22.3579",
            "high": "22.3579",
            "low": "22.3579",
            "close": "22.2839"
        },
        {
            "time": "16.12.2020 19:43",
            "open": "22.2839",
            "high": "22.2839",
            "low": "22.27",
            "close": "22.2956"
        },
        {
            "time": "16.12.2020 19:50",
            "open": "22.2956",
            "high": "22.3116",
            "low": "22.2673",
            "close": "22.3358"
        },
        {
            "time": "16.12.2020 19:51",
            "open": "22.3358",
            "high": "22.3358",
            "low": "22.3358",
            "close": "22.3083"
        },
        {
            "time": "16.12.2020 19:53",
            "open": "22.3083",
            "high": "22.3193",
            "low": "22.3083",
            "close": "22.2536"
        },
        {
            "time": "16.12.2020 19:54",
            "open": "22.2536",
            "high": "22.2536",
            "low": "22.1181",
            "close": "22.3174"
        },
        {
            "time": "16.12.2020 19:58",
            "open": "22.3174",
            "high": "22.3174",
            "low": "22.3174",
            "close": "22.3116"
        },
        {
            "time": "16.12.2020 20:00",
            "open": "22.3116",
            "high": "22.3167",
            "low": "22.3",
            "close": "22.407"
        },
        {
            "time": "16.12.2020 20:02",
            "open": "22.407",
            "high": "22.407",
            "low": "22.4062",
            "close": "22.3641"
        },
        {
            "time": "16.12.2020 20:03",
            "open": "22.3641",
            "high": "22.3641",
            "low": "22.3069",
            "close": "22.335"
        },
        {
            "time": "16.12.2020 20:04",
            "open": "22.335",
            "high": "22.335",
            "low": "22.325",
            "close": "22.3317"
        },
        {
            "time": "16.12.2020 20:05",
            "open": "22.3317",
            "high": "22.3317",
            "low": "22.3127",
            "close": "22.2702"
        },
        {
            "time": "16.12.2020 20:12",
            "open": "22.2702",
            "high": "22.2702",
            "low": "22.2701",
            "close": "22.3648"
        },
        {
            "time": "16.12.2020 20:14",
            "open": "22.3648",
            "high": "22.5483",
            "low": "22.3648",
            "close": "22.4427"
        },
        {
            "time": "16.12.2020 20:19",
            "open": "22.4427",
            "high": "22.4427",
            "low": "22.4427",
            "close": "22.4375"
        },
        {
            "time": "16.12.2020 20:21",
            "open": "22.4375",
            "high": "22.4375",
            "low": "22.4375",
            "close": "22.3782"
        },
        {
            "time": "16.12.2020 20:28",
            "open": "22.3782",
            "high": "22.3782",
            "low": "22.3782",
            "close": "22.2885"
        },
        {
            "time": "16.12.2020 20:29",
            "open": "22.2885",
            "high": "22.2885",
            "low": "22.2593",
            "close": "22.2766"
        },
        {
            "time": "16.12.2020 20:31",
            "open": "22.2766",
            "high": "22.2766",
            "low": "22.2765",
            "close": "22.3223"
        },
        {
            "time": "16.12.2020 20:33",
            "open": "22.3223",
            "high": "22.3223",
            "low": "22.3223",
            "close": "22.3059"
        },
        {
            "time": "16.12.2020 20:34",
            "open": "22.3059",
            "high": "22.3059",
            "low": "22.3059",
            "close": "22.3301"
        },
        {
            "time": "16.12.2020 20:35",
            "open": "22.3301",
            "high": "22.3301",
            "low": "22.33",
            "close": "22.462"
        },
        {
            "time": "16.12.2020 20:39",
            "open": "22.462",
            "high": "22.4621",
            "low": "22.462",
            "close": "22.462"
        },
        {
            "time": "16.12.2020 20:40",
            "open": "22.462",
            "high": "22.5073",
            "low": "22.462",
            "close": "22.4499"
        },
        {
            "time": "16.12.2020 20:41",
            "open": "22.4499",
            "high": "22.5451",
            "low": "22.2284",
            "close": "22.2372"
        },
        {
            "time": "16.12.2020 20:43",
            "open": "22.2372",
            "high": "22.2375",
            "low": "22.2",
            "close": "22.2126"
        },
        {
            "time": "16.12.2020 20:44",
            "open": "22.2126",
            "high": "22.2526",
            "low": "22.2126",
            "close": "22.4017"
        },
        {
            "time": "16.12.2020 20:45",
            "open": "22.4017",
            "high": "22.4017",
            "low": "22.4017",
            "close": "22.4143"
        },
        {
            "time": "16.12.2020 20:46",
            "open": "22.4143",
            "high": "22.4143",
            "low": "22.2257",
            "close": "22.3334"
        },
        {
            "time": "16.12.2020 20:48",
            "open": "22.3334",
            "high": "22.3335",
            "low": "22.3334",
            "close": "22.2679"
        },
        {
            "time": "16.12.2020 20:49",
            "open": "22.2679",
            "high": "22.2679",
            "low": "22.2475",
            "close": "22.3034"
        },
        {
            "time": "16.12.2020 20:50",
            "open": "22.3034",
            "high": "22.3034",
            "low": "22.3034",
            "close": "22.3191"
        },
        {
            "time": "16.12.2020 20:52",
            "open": "22.3191",
            "high": "22.3191",
            "low": "22.3144",
            "close": "22.2821"
        },
        {
            "time": "16.12.2020 20:53",
            "open": "22.2821",
            "high": "22.2821",
            "low": "22.2819",
            "close": "22.3354"
        },
        {
            "time": "16.12.2020 20:56",
            "open": "22.3354",
            "high": "22.3354",
            "low": "22.2498",
            "close": "22.3354"
        },
        {
            "time": "16.12.2020 20:57",
            "open": "22.3354",
            "high": "22.4686",
            "low": "22.3354",
            "close": "22.3675"
        },
        {
            "time": "16.12.2020 20:59",
            "open": "22.3675",
            "high": "22.4355",
            "low": "22.2282",
            "close": "22.3711"
        },
        {
            "time": "16.12.2020 21:00",
            "open": "22.3711",
            "high": "22.3711",
            "low": "22.3711",
            "close": "22.3717"
        },
        {
            "time": "16.12.2020 21:07",
            "open": "22.3717",
            "high": "22.3774",
            "low": "22.3717",
            "close": "22.3702"
        },
        {
            "time": "16.12.2020 21:09",
            "open": "22.3702",
            "high": "22.3702",
            "low": "22.3702",
            "close": "22.2739"
        },
        {
            "time": "16.12.2020 21:10",
            "open": "22.2739",
            "high": "22.2739",
            "low": "22.2657",
            "close": "22.4161"
        },
        {
            "time": "16.12.2020 21:16",
            "open": "22.4161",
            "high": "22.4162",
            "low": "22.4161",
            "close": "22.2967"
        },
        {
            "time": "16.12.2020 21:17",
            "open": "22.2967",
            "high": "22.3849",
            "low": "22.2967",
            "close": "22.4485"
        },
        {
            "time": "16.12.2020 21:20",
            "open": "22.4485",
            "high": "22.4485",
            "low": "22.4485",
            "close": "22.3864"
        },
        {
            "time": "16.12.2020 21:21",
            "open": "22.3864",
            "high": "22.3864",
            "low": "22.3762",
            "close": "22.459"
        },
        {
            "time": "16.12.2020 21:22",
            "open": "22.459",
            "high": "22.459",
            "low": "22.3248",
            "close": "22.3882"
        },
        {
            "time": "16.12.2020 21:26",
            "open": "22.3882",
            "high": "22.3882",
            "low": "22.3882",
            "close": "22.4191"
        },
        {
            "time": "16.12.2020 21:28",
            "open": "22.4191",
            "high": "22.4191",
            "low": "22.3869",
            "close": "22.33"
        },
        {
            "time": "16.12.2020 21:29",
            "open": "22.33",
            "high": "22.3368",
            "low": "22.2915",
            "close": "22.2915"
        },
        {
            "time": "16.12.2020 21:30",
            "open": "22.2915",
            "high": "22.2915",
            "low": "22.2915",
            "close": "22.3455"
        },
        {
            "time": "16.12.2020 21:34",
            "open": "22.3455",
            "high": "22.3455",
            "low": "22.3455",
            "close": "22.3414"
        },
        {
            "time": "16.12.2020 21:35",
            "open": "22.3414",
            "high": "22.3414",
            "low": "22.3414",
            "close": "22.3279"
        },
        {
            "time": "16.12.2020 21:36",
            "open": "22.3279",
            "high": "22.3279",
            "low": "22.3279",
            "close": "22.2638"
        },
        {
            "time": "16.12.2020 21:39",
            "open": "22.2638",
            "high": "22.2638",
            "low": "22.2638",
            "close": "22.3344"
        },
        {
            "time": "16.12.2020 21:41",
            "open": "22.3344",
            "high": "22.3863",
            "low": "22.3344",
            "close": "22.3342"
        },
        {
            "time": "16.12.2020 21:42",
            "open": "22.3342",
            "high": "22.3345",
            "low": "22.3342",
            "close": "22.3344"
        },
        {
            "time": "16.12.2020 21:45",
            "open": "22.3344",
            "high": "22.3344",
            "low": "22.3344",
            "close": "22.45"
        },
        {
            "time": "16.12.2020 21:55",
            "open": "22.45",
            "high": "22.45",
            "low": "22.45",
            "close": "22.45"
        },
        {
            "time": "16.12.2020 21:56",
            "open": "22.45",
            "high": "22.45",
            "low": "22.45",
            "close": "22.5121"
        },
        {
            "time": "16.12.2020 22:02",
            "open": "22.5121",
            "high": "22.5121",
            "low": "22.5121",
            "close": "22.5016"
        },
        {
            "time": "16.12.2020 22:16",
            "open": "22.5016",
            "high": "22.5016",
            "low": "22.4919",
            "close": "22.5019"
        },
        {
            "time": "16.12.2020 22:35",
            "open": "22.5019",
            "high": "22.5019",
            "low": "22.5019",
            "close": "22.5909"
        },
        {
            "time": "16.12.2020 22:37",
            "open": "22.5909",
            "high": "22.5909",
            "low": "22.5909",
            "close": "22.6179"
        },
        {
            "time": "16.12.2020 22:40",
            "open": "22.6179",
            "high": "22.6179",
            "low": "22.5152",
            "close": "22.5883"
        },
        {
            "time": "16.12.2020 22:41",
            "open": "22.5883",
            "high": "22.5883",
            "low": "22.5883",
            "close": "22.5448"
        },
        {
            "time": "16.12.2020 22:50",
            "open": "22.5448",
            "high": "22.5448",
            "low": "22.5448",
            "close": "22.5318"
        },
        {
            "time": "16.12.2020 22:53",
            "open": "22.5318",
            "high": "22.5318",
            "low": "22.49",
            "close": "22.6385"
        },
        {
            "time": "16.12.2020 23:04",
            "open": "22.6385",
            "high": "22.6387",
            "low": "22.6385",
            "close": "22.5561"
        },
        {
            "time": "16.12.2020 23:12",
            "open": "22.5561",
            "high": "22.5561",
            "low": "22.5552",
            "close": "22.5281"
        },
        {
            "time": "16.12.2020 23:15",
            "open": "22.5281",
            "high": "22.5281",
            "low": "22.5281",
            "close": "22.5168"
        },
        {
            "time": "16.12.2020 23:16",
            "open": "22.5168",
            "high": "22.5776",
            "low": "22.5168",
            "close": "22.556"
        },
        {
            "time": "16.12.2020 23:18",
            "open": "22.556",
            "high": "22.556",
            "low": "22.556",
            "close": "22.556"
        },
        {
            "time": "16.12.2020 23:19",
            "open": "22.556",
            "high": "22.556",
            "low": "22.556",
            "close": "22.556"
        },
        {
            "time": "16.12.2020 23:20",
            "open": "22.556",
            "high": "22.6714",
            "low": "22.556",
            "close": "22.5427"
        },
        {
            "time": "16.12.2020 23:21",
            "open": "22.5427",
            "high": "22.5427",
            "low": "22.5427",
            "close": "22.5426"
        },
        {
            "time": "16.12.2020 23:22",
            "open": "22.5426",
            "high": "22.5427",
            "low": "22.4899",
            "close": "22.4234"
        },
        {
            "time": "16.12.2020 23:23",
            "open": "22.4234",
            "high": "22.4604",
            "low": "22.2883",
            "close": "22.2918"
        },
        {
            "time": "16.12.2020 23:26",
            "open": "22.2918",
            "high": "22.2918",
            "low": "22.2918",
            "close": "22.3078"
        },
        {
            "time": "16.12.2020 23:27",
            "open": "22.3078",
            "high": "22.3078",
            "low": "22.2059",
            "close": "22.2699"
        },
        {
            "time": "16.12.2020 23:29",
            "open": "22.2699",
            "high": "22.2699",
            "low": "22.2699",
            "close": "22.2699"
        },
        {
            "time": "16.12.2020 23:35",
            "open": "22.2699",
            "high": "22.2699",
            "low": "22.2699",
            "close": "22.2"
        },
        {
            "time": "16.12.2020 23:36",
            "open": "22.2",
            "high": "22.2",
            "low": "22.2",
            "close": "22.2"
        },
        {
            "time": "16.12.2020 23:40",
            "open": "22.2",
            "high": "22.2",
            "low": "22.2",
            "close": "22.2"
        },
        {
            "time": "16.12.2020 23:42",
            "open": "22.2",
            "high": "22.2",
            "low": "22.118",
            "close": "22.237"
        },
        {
            "time": "16.12.2020 23:44",
            "open": "22.237",
            "high": "22.237",
            "low": "22.237",
            "close": "22.1222"
        },
        {
            "time": "16.12.2020 23:45",
            "open": "22.1222",
            "high": "22.1224",
            "low": "22.1206",
            "close": "22.1206"
        },
        {
            "time": "16.12.2020 23:47",
            "open": "22.1206",
            "high": "22.1206",
            "low": "22.1179",
            "close": "22.2004"
        },
        {
            "time": "16.12.2020 23:48",
            "open": "22.2004",
            "high": "22.2004",
            "low": "22.2004",
            "close": "22.2038"
        },
        {
            "time": "16.12.2020 23:50",
            "open": "22.2038",
            "high": "22.2038",
            "low": "22.2038",
            "close": "22.2066"
        },
        {
            "time": "16.12.2020 23:51",
            "open": "22.2066",
            "high": "22.2066",
            "low": "22.2066",
            "close": "22.15"
        }
    ]
}