{
    "NMR-EUR": [
        {
            "time": "12.11.2020 23:57",
            "open": "20.1025",
            "high": "20.1025",
            "low": "20.1025",
            "close": "20.1421"
        },
        {
            "time": "13.11.2020 00:07",
            "open": "20.1421",
            "high": "20.1421",
            "low": "20.1421",
            "close": "20.2372"
        },
        {
            "time": "13.11.2020 00:12",
            "open": "20.2372",
            "high": "20.2377",
            "low": "20.2372",
            "close": "20.1852"
        },
        {
            "time": "13.11.2020 00:14",
            "open": "20.1852",
            "high": "20.1852",
            "low": "20.15",
            "close": "20.2212"
        },
        {
            "time": "13.11.2020 00:45",
            "open": "20.2212",
            "high": "20.2212",
            "low": "20.2212",
            "close": "20.0781"
        },
        {
            "time": "13.11.2020 00:57",
            "open": "20.0781",
            "high": "20.0781",
            "low": "20.0781",
            "close": "20.0887"
        },
        {
            "time": "13.11.2020 00:58",
            "open": "20.0887",
            "high": "20.0887",
            "low": "20.0887",
            "close": "20.0747"
        },
        {
            "time": "13.11.2020 00:59",
            "open": "20.0747",
            "high": "20.0747",
            "low": "20.0747",
            "close": "20"
        },
        {
            "time": "13.11.2020 01:03",
            "open": "20",
            "high": "20",
            "low": "20",
            "close": "20.0096"
        },
        {
            "time": "13.11.2020 01:13",
            "open": "20.0096",
            "high": "20.0718",
            "low": "20.0096",
            "close": "20"
        },
        {
            "time": "13.11.2020 01:15",
            "open": "20",
            "high": "20",
            "low": "20",
            "close": "20"
        },
        {
            "time": "13.11.2020 01:17",
            "open": "20",
            "high": "20.1071",
            "low": "20",
            "close": "20.0824"
        },
        {
            "time": "13.11.2020 01:33",
            "open": "20.0824",
            "high": "20.0824",
            "low": "20.0824",
            "close": "20.065"
        },
        {
            "time": "13.11.2020 01:34",
            "open": "20.065",
            "high": "20.065",
            "low": "20.065",
            "close": "20.1708"
        },
        {
            "time": "13.11.2020 01:41",
            "open": "20.1708",
            "high": "20.1709",
            "low": "20.1708",
            "close": "20.1709"
        },
        {
            "time": "13.11.2020 02:08",
            "open": "20.1709",
            "high": "20.1709",
            "low": "20.1709",
            "close": "20.1432"
        },
        {
            "time": "13.11.2020 02:10",
            "open": "20.1432",
            "high": "20.1432",
            "low": "20.1298",
            "close": "20.2183"
        },
        {
            "time": "13.11.2020 02:33",
            "open": "20.2183",
            "high": "20.2183",
            "low": "20.2183",
            "close": "20.262"
        },
        {
            "time": "13.11.2020 02:55",
            "open": "20.262",
            "high": "20.2928",
            "low": "20.262",
            "close": "20.2086"
        },
        {
            "time": "13.11.2020 03:32",
            "open": "20.1988",
            "high": "20.1988",
            "low": "20.1988",
            "close": "20.1553"
        },
        {
            "time": "13.11.2020 03:47",
            "open": "20.1553",
            "high": "20.1553",
            "low": "20.1553",
            "close": "20.1946"
        },
        {
            "time": "13.11.2020 03:50",
            "open": "20.1946",
            "high": "20.1946",
            "low": "20.1946",
            "close": "20.3299"
        },
        {
            "time": "13.11.2020 04:16",
            "open": "20.3299",
            "high": "20.377",
            "low": "20.3299",
            "close": "20.57"
        },
        {
            "time": "13.11.2020 04:31",
            "open": "20.57",
            "high": "20.5865",
            "low": "20.57",
            "close": "20.6593"
        },
        {
            "time": "13.11.2020 04:45",
            "open": "20.6593",
            "high": "20.6635",
            "low": "20.6593",
            "close": "20.6559"
        },
        {
            "time": "13.11.2020 04:55",
            "open": "20.6559",
            "high": "20.6559",
            "low": "20.6559",
            "close": "20.5586"
        },
        {
            "time": "13.11.2020 04:58",
            "open": "20.5586",
            "high": "20.5761",
            "low": "20",
            "close": "20.1659"
        },
        {
            "time": "13.11.2020 04:59",
            "open": "20.1659",
            "high": "20.1659",
            "low": "20.1659",
            "close": "20.1851"
        },
        {
            "time": "13.11.2020 05:00",
            "open": "20.1851",
            "high": "20.2738",
            "low": "20.1851",
            "close": "20.2358"
        },
        {
            "time": "13.11.2020 05:01",
            "open": "20.2358",
            "high": "20.2358",
            "low": "20.2019",
            "close": "20.2412"
        },
        {
            "time": "13.11.2020 05:54",
            "open": "20.2412",
            "high": "20.2412",
            "low": "20.2287",
            "close": "20.125"
        },
        {
            "time": "13.11.2020 06:14",
            "open": "20.125",
            "high": "20.125",
            "low": "20.1036",
            "close": "20.1015"
        },
        {
            "time": "13.11.2020 06:28",
            "open": "20.1015",
            "high": "20.1015",
            "low": "20.1015",
            "close": "20.0467"
        },
        {
            "time": "13.11.2020 06:43",
            "open": "20.0467",
            "high": "20.0467",
            "low": "20.0467",
            "close": "20"
        },
        {
            "time": "13.11.2020 06:48",
            "open": "20",
            "high": "20",
            "low": "20",
            "close": "20.0263"
        },
        {
            "time": "13.11.2020 06:55",
            "open": "20.0263",
            "high": "20.0263",
            "low": "20.0263",
            "close": "20.0002"
        },
        {
            "time": "13.11.2020 07:11",
            "open": "20.0002",
            "high": "20.0039",
            "low": "20",
            "close": "20"
        },
        {
            "time": "13.11.2020 07:12",
            "open": "20",
            "high": "20",
            "low": "20",
            "close": "20"
        },
        {
            "time": "13.11.2020 07:13",
            "open": "20",
            "high": "20.0003",
            "low": "20",
            "close": "20.0001"
        },
        {
            "time": "13.11.2020 07:14",
            "open": "20.0001",
            "high": "20.0001",
            "low": "20.0001",
            "close": "20.004"
        },
        {
            "time": "13.11.2020 07:15",
            "open": "20.004",
            "high": "20.004",
            "low": "20.004",
            "close": "20"
        },
        {
            "time": "13.11.2020 07:19",
            "open": "20",
            "high": "20",
            "low": "20",
            "close": "19.9694"
        },
        {
            "time": "13.11.2020 07:21",
            "open": "19.9694",
            "high": "19.9694",
            "low": "19.9694",
            "close": "20.0279"
        },
        {
            "time": "13.11.2020 07:29",
            "open": "20.0279",
            "high": "20.0279",
            "low": "20.0279",
            "close": "20.0432"
        },
        {
            "time": "13.11.2020 07:34",
            "open": "20.0432",
            "high": "20.102",
            "low": "20.0426",
            "close": "20.1947"
        },
        {
            "time": "13.11.2020 07:43",
            "open": "20.1947",
            "high": "20.1947",
            "low": "20.1947",
            "close": "20.204"
        },
        {
            "time": "13.11.2020 07:48",
            "open": "20.204",
            "high": "20.204",
            "low": "20.204",
            "close": "20.1866"
        },
        {
            "time": "13.11.2020 07:49",
            "open": "20.1866",
            "high": "20.1866",
            "low": "20.17",
            "close": "20.181"
        },
        {
            "time": "13.11.2020 07:50",
            "open": "20.181",
            "high": "20.1857",
            "low": "20.16",
            "close": "20.1857"
        },
        {
            "time": "13.11.2020 07:51",
            "open": "20.1857",
            "high": "20.1857",
            "low": "20.146",
            "close": "20.1367"
        },
        {
            "time": "13.11.2020 07:52",
            "open": "20.1367",
            "high": "20.1367",
            "low": "20.135",
            "close": "20.1289"
        },
        {
            "time": "13.11.2020 07:53",
            "open": "20.1289",
            "high": "20.1289",
            "low": "20.1199",
            "close": "20.0794"
        },
        {
            "time": "13.11.2020 07:55",
            "open": "20.0794",
            "high": "20.1119",
            "low": "20.06",
            "close": "20.1155"
        },
        {
            "time": "13.11.2020 08:04",
            "open": "20.1155",
            "high": "20.1156",
            "low": "20.1155",
            "close": "20.133"
        },
        {
            "time": "13.11.2020 08:05",
            "open": "20.133",
            "high": "20.1333",
            "low": "20.132",
            "close": "20.145"
        },
        {
            "time": "13.11.2020 08:09",
            "open": "20.145",
            "high": "20.145",
            "low": "20.145",
            "close": "20.1509"
        },
        {
            "time": "13.11.2020 08:13",
            "open": "20.1509",
            "high": "20.1509",
            "low": "20.1509",
            "close": "20.1509"
        },
        {
            "time": "13.11.2020 08:16",
            "open": "20.1509",
            "high": "20.1509",
            "low": "20.1509",
            "close": "20.219"
        },
        {
            "time": "13.11.2020 08:25",
            "open": "20.219",
            "high": "20.2262",
            "low": "20.219",
            "close": "20.2994"
        },
        {
            "time": "13.11.2020 08:38",
            "open": "20.2994",
            "high": "20.3037",
            "low": "20.2994",
            "close": "20.3297"
        },
        {
            "time": "13.11.2020 09:04",
            "open": "20.3297",
            "high": "20.3297",
            "low": "20.3295",
            "close": "20.3383"
        },
        {
            "time": "13.11.2020 09:10",
            "open": "20.3383",
            "high": "20.3383",
            "low": "20.3383",
            "close": "20.354"
        },
        {
            "time": "13.11.2020 09:16",
            "open": "20.354",
            "high": "20.354",
            "low": "20.354",
            "close": "20.3383"
        },
        {
            "time": "13.11.2020 09:21",
            "open": "20.3383",
            "high": "20.3383",
            "low": "20.3383",
            "close": "20.3383"
        },
        {
            "time": "13.11.2020 09:35",
            "open": "20.3383",
            "high": "20.3383",
            "low": "20.3383",
            "close": "20.4254"
        },
        {
            "time": "13.11.2020 10:14",
            "open": "20.4254",
            "high": "20.4254",
            "low": "20.4254",
            "close": "20.4481"
        },
        {
            "time": "13.11.2020 10:27",
            "open": "20.4481",
            "high": "20.4481",
            "low": "20.4481",
            "close": "20.4381"
        },
        {
            "time": "13.11.2020 10:39",
            "open": "20.4381",
            "high": "20.4381",
            "low": "20.4381",
            "close": "20.4228"
        },
        {
            "time": "13.11.2020 10:45",
            "open": "20.4228",
            "high": "20.5821",
            "low": "20.4228",
            "close": "20.6535"
        },
        {
            "time": "13.11.2020 10:46",
            "open": "20.6535",
            "high": "20.6642",
            "low": "20.6535",
            "close": "20.6577"
        },
        {
            "time": "13.11.2020 10:47",
            "open": "20.6577",
            "high": "20.6577",
            "low": "20.6549",
            "close": "20.6349"
        },
        {
            "time": "13.11.2020 10:48",
            "open": "20.6349",
            "high": "20.6349",
            "low": "20.6349",
            "close": "20.6535"
        },
        {
            "time": "13.11.2020 10:55",
            "open": "20.6535",
            "high": "20.6535",
            "low": "20.6535",
            "close": "20.6794"
        },
        {
            "time": "13.11.2020 11:02",
            "open": "20.6794",
            "high": "20.6825",
            "low": "20.6794",
            "close": "20.6825"
        },
        {
            "time": "13.11.2020 11:05",
            "open": "20.6825",
            "high": "20.8635",
            "low": "20.6825",
            "close": "20.6524"
        },
        {
            "time": "13.11.2020 11:08",
            "open": "20.6524",
            "high": "20.6524",
            "low": "20.6465",
            "close": "20.6348"
        },
        {
            "time": "13.11.2020 11:09",
            "open": "20.6348",
            "high": "20.6348",
            "low": "20.6348",
            "close": "20.5818"
        },
        {
            "time": "13.11.2020 11:10",
            "open": "20.5818",
            "high": "20.5941",
            "low": "20.5818",
            "close": "20.4335"
        },
        {
            "time": "13.11.2020 11:16",
            "open": "20.4335",
            "high": "20.4335",
            "low": "20.4335",
            "close": "20.377"
        },
        {
            "time": "13.11.2020 11:22",
            "open": "20.377",
            "high": "20.377",
            "low": "20.2025",
            "close": "20.3273"
        },
        {
            "time": "13.11.2020 11:28",
            "open": "20.3273",
            "high": "20.3273",
            "low": "20.3273",
            "close": "20.3031"
        },
        {
            "time": "13.11.2020 11:53",
            "open": "20.3031",
            "high": "20.3031",
            "low": "20.3031",
            "close": "20.2907"
        },
        {
            "time": "13.11.2020 11:59",
            "open": "20.2907",
            "high": "20.2907",
            "low": "20.2907",
            "close": "20.1892"
        },
        {
            "time": "13.11.2020 12:02",
            "open": "20.1892",
            "high": "20.2519",
            "low": "20.1892",
            "close": "20.1634"
        },
        {
            "time": "13.11.2020 12:05",
            "open": "20.1634",
            "high": "20.1634",
            "low": "20.1634",
            "close": "20.1376"
        },
        {
            "time": "13.11.2020 12:10",
            "open": "20.1376",
            "high": "20.1376",
            "low": "20.1156",
            "close": "20.0899"
        },
        {
            "time": "13.11.2020 12:17",
            "open": "20.0899",
            "high": "20.0899",
            "low": "20.0899",
            "close": "20.1655"
        },
        {
            "time": "13.11.2020 12:50",
            "open": "20.1655",
            "high": "20.1655",
            "low": "20.1655",
            "close": "20.2291"
        },
        {
            "time": "13.11.2020 12:52",
            "open": "20.2291",
            "high": "20.2428",
            "low": "20.2291",
            "close": "20.2338"
        },
        {
            "time": "13.11.2020 12:53",
            "open": "20.2338",
            "high": "20.2338",
            "low": "20.1815",
            "close": "20.2663"
        },
        {
            "time": "13.11.2020 13:04",
            "open": "20.2663",
            "high": "20.2663",
            "low": "20.2663",
            "close": "20.2663"
        },
        {
            "time": "13.11.2020 13:09",
            "open": "20.2663",
            "high": "20.2663",
            "low": "20.2663",
            "close": "20.27"
        },
        {
            "time": "13.11.2020 13:19",
            "open": "20.27",
            "high": "20.2785",
            "low": "20.27",
            "close": "20.3875"
        },
        {
            "time": "13.11.2020 13:34",
            "open": "20.3875",
            "high": "20.5179",
            "low": "20.3875",
            "close": "20.5749"
        },
        {
            "time": "13.11.2020 13:35",
            "open": "20.5749",
            "high": "20.694",
            "low": "20.5749",
            "close": "20.7524"
        },
        {
            "time": "13.11.2020 13:36",
            "open": "20.7524",
            "high": "20.7796",
            "low": "20.7524",
            "close": "20.7314"
        },
        {
            "time": "13.11.2020 13:37",
            "open": "20.7314",
            "high": "20.7314",
            "low": "20.7314",
            "close": "20.515"
        },
        {
            "time": "13.11.2020 13:50",
            "open": "20.515",
            "high": "20.5278",
            "low": "20.515",
            "close": "20.4869"
        },
        {
            "time": "13.11.2020 14:00",
            "open": "20.4869",
            "high": "20.4869",
            "low": "20.4869",
            "close": "20.4293"
        },
        {
            "time": "13.11.2020 14:01",
            "open": "20.4293",
            "high": "20.4293",
            "low": "20.4293",
            "close": "20.4485"
        },
        {
            "time": "13.11.2020 14:09",
            "open": "20.4485",
            "high": "20.5884",
            "low": "20.4485",
            "close": "20.7454"
        },
        {
            "time": "13.11.2020 14:10",
            "open": "20.9835",
            "high": "20.9835",
            "low": "20.9835",
            "close": "20.9948"
        },
        {
            "time": "13.11.2020 14:11",
            "open": "20.9948",
            "high": "21.115",
            "low": "20.9948",
            "close": "20.9956"
        },
        {
            "time": "13.11.2020 14:12",
            "open": "20.9956",
            "high": "20.9956",
            "low": "20.9042",
            "close": "20.871"
        },
        {
            "time": "13.11.2020 14:13",
            "open": "20.871",
            "high": "20.871",
            "low": "20.8406",
            "close": "20.8796"
        },
        {
            "time": "13.11.2020 14:26",
            "open": "20.8796",
            "high": "20.8796",
            "low": "20.8796",
            "close": "20.8885"
        },
        {
            "time": "13.11.2020 14:44",
            "open": "20.8885",
            "high": "20.8885",
            "low": "20.8885",
            "close": "20.9046"
        },
        {
            "time": "13.11.2020 14:49",
            "open": "20.9046",
            "high": "21.2935",
            "low": "20.9046",
            "close": "20.9929"
        },
        {
            "time": "13.11.2020 14:53",
            "open": "20.9929",
            "high": "21.1115",
            "low": "20.8323",
            "close": "21.0226"
        },
        {
            "time": "13.11.2020 14:58",
            "open": "21.0226",
            "high": "21.0226",
            "low": "21.0226",
            "close": "21.0292"
        },
        {
            "time": "13.11.2020 15:00",
            "open": "21.0292",
            "high": "21.1304",
            "low": "21.0292",
            "close": "21.0312"
        },
        {
            "time": "13.11.2020 15:01",
            "open": "21.0312",
            "high": "21.0312",
            "low": "21.0312",
            "close": "21.0239"
        },
        {
            "time": "13.11.2020 15:02",
            "open": "21.0239",
            "high": "21.0536",
            "low": "21.0239",
            "close": "21.0872"
        },
        {
            "time": "13.11.2020 15:14",
            "open": "21.0872",
            "high": "21.0872",
            "low": "21.0872",
            "close": "21.0872"
        },
        {
            "time": "13.11.2020 15:15",
            "open": "21.0872",
            "high": "21.0872",
            "low": "20.9706",
            "close": "21.0869"
        },
        {
            "time": "13.11.2020 15:22",
            "open": "21.0869",
            "high": "21.0869",
            "low": "21.0869",
            "close": "21.0327"
        },
        {
            "time": "13.11.2020 15:24",
            "open": "21.0327",
            "high": "21.0327",
            "low": "21.0327",
            "close": "21.0636"
        },
        {
            "time": "13.11.2020 15:32",
            "open": "21.0636",
            "high": "21.0636",
            "low": "21.0636",
            "close": "21.0361"
        },
        {
            "time": "13.11.2020 15:39",
            "open": "21.0361",
            "high": "21.0361",
            "low": "21.0361",
            "close": "21.0368"
        },
        {
            "time": "13.11.2020 15:45",
            "open": "21.0368",
            "high": "21.0368",
            "low": "21.0368",
            "close": "20.9915"
        },
        {
            "time": "13.11.2020 15:56",
            "open": "20.9915",
            "high": "20.9915",
            "low": "20.9915",
            "close": "21.0184"
        },
        {
            "time": "13.11.2020 15:57",
            "open": "21.0184",
            "high": "21.0184",
            "low": "21.0184",
            "close": "21.0398"
        },
        {
            "time": "13.11.2020 16:04",
            "open": "21.0398",
            "high": "21.0398",
            "low": "21.0398",
            "close": "21.0348"
        },
        {
            "time": "13.11.2020 16:08",
            "open": "21.0348",
            "high": "21.0348",
            "low": "21.0348",
            "close": "21.151"
        },
        {
            "time": "13.11.2020 16:23",
            "open": "21.151",
            "high": "21.7411",
            "low": "21.151",
            "close": "21.1233"
        },
        {
            "time": "13.11.2020 16:25",
            "open": "21.1233",
            "high": "21.1233",
            "low": "21.1233",
            "close": "21.1496"
        },
        {
            "time": "13.11.2020 16:26",
            "open": "21.1496",
            "high": "21.16",
            "low": "21.1496",
            "close": "21.1134"
        },
        {
            "time": "13.11.2020 16:28",
            "open": "21.1134",
            "high": "21.1135",
            "low": "21.1134",
            "close": "21.1485"
        },
        {
            "time": "13.11.2020 16:31",
            "open": "21.1485",
            "high": "21.1485",
            "low": "21.1485",
            "close": "21.089"
        },
        {
            "time": "13.11.2020 16:33",
            "open": "21.089",
            "high": "21.089",
            "low": "21.0725",
            "close": "21.0579"
        },
        {
            "time": "13.11.2020 16:34",
            "open": "21.0579",
            "high": "21.0971",
            "low": "21.0549",
            "close": "21.005"
        },
        {
            "time": "13.11.2020 16:36",
            "open": "21.005",
            "high": "21.005",
            "low": "20.9948",
            "close": "20.9283"
        },
        {
            "time": "13.11.2020 16:37",
            "open": "20.9283",
            "high": "20.9283",
            "low": "20.9283",
            "close": "20.7909"
        },
        {
            "time": "13.11.2020 16:38",
            "open": "20.7909",
            "high": "20.7909",
            "low": "20.7601",
            "close": "20.7"
        },
        {
            "time": "13.11.2020 16:39",
            "open": "20.7",
            "high": "20.7",
            "low": "20.652",
            "close": "20.7088"
        },
        {
            "time": "13.11.2020 16:49",
            "open": "20.7088",
            "high": "20.7135",
            "low": "20.7033",
            "close": "20.6792"
        },
        {
            "time": "13.11.2020 16:52",
            "open": "20.6792",
            "high": "20.6792",
            "low": "20.658",
            "close": "20.6434"
        },
        {
            "time": "13.11.2020 16:53",
            "open": "20.6434",
            "high": "20.6434",
            "low": "20.6434",
            "close": "20.5876"
        },
        {
            "time": "13.11.2020 16:58",
            "open": "20.5876",
            "high": "20.5876",
            "low": "20.5876",
            "close": "20.5749"
        },
        {
            "time": "13.11.2020 17:05",
            "open": "20.5749",
            "high": "20.5749",
            "low": "20.5179",
            "close": "20.5136"
        },
        {
            "time": "13.11.2020 17:06",
            "open": "20.5136",
            "high": "20.5136",
            "low": "20.5",
            "close": "20.398"
        },
        {
            "time": "13.11.2020 17:11",
            "open": "20.398",
            "high": "20.398",
            "low": "20.398",
            "close": "20.4068"
        },
        {
            "time": "13.11.2020 17:13",
            "open": "20.4068",
            "high": "20.4068",
            "low": "20.4068",
            "close": "20.5853"
        },
        {
            "time": "13.11.2020 17:35",
            "open": "20.5853",
            "high": "20.5853",
            "low": "20.5853",
            "close": "20.6566"
        },
        {
            "time": "13.11.2020 17:36",
            "open": "20.6566",
            "high": "20.6896",
            "low": "20.6566",
            "close": "20.6394"
        },
        {
            "time": "13.11.2020 17:43",
            "open": "20.6394",
            "high": "20.6394",
            "low": "20.6394",
            "close": "20.5357"
        },
        {
            "time": "13.11.2020 17:45",
            "open": "20.5357",
            "high": "20.5357",
            "low": "20.5357",
            "close": "20.588"
        },
        {
            "time": "13.11.2020 17:51",
            "open": "20.588",
            "high": "20.588",
            "low": "20.588",
            "close": "20.5964"
        },
        {
            "time": "13.11.2020 18:04",
            "open": "20.5964",
            "high": "20.5964",
            "low": "20.5964",
            "close": "20.5687"
        },
        {
            "time": "13.11.2020 18:08",
            "open": "20.5687",
            "high": "20.5687",
            "low": "20.5687",
            "close": "20.5943"
        },
        {
            "time": "13.11.2020 18:14",
            "open": "20.5943",
            "high": "20.5943",
            "low": "20.5943",
            "close": "20.6413"
        },
        {
            "time": "13.11.2020 18:24",
            "open": "20.6413",
            "high": "20.657",
            "low": "20.6413",
            "close": "20.7038"
        },
        {
            "time": "13.11.2020 18:28",
            "open": "20.7038",
            "high": "20.7592",
            "low": "20.7038",
            "close": "20.8959"
        },
        {
            "time": "13.11.2020 18:42",
            "open": "20.8959",
            "high": "20.8959",
            "low": "20.8959",
            "close": "20.8237"
        },
        {
            "time": "13.11.2020 19:20",
            "open": "20.8237",
            "high": "20.9241",
            "low": "20.8237",
            "close": "20.8389"
        },
        {
            "time": "13.11.2020 19:24",
            "open": "20.8389",
            "high": "20.8389",
            "low": "20.8389",
            "close": "20.8036"
        },
        {
            "time": "13.11.2020 19:30",
            "open": "20.8036",
            "high": "20.8036",
            "low": "20.8036",
            "close": "20.7149"
        },
        {
            "time": "13.11.2020 19:34",
            "open": "20.7149",
            "high": "20.7149",
            "low": "20.7149",
            "close": "20.6434"
        },
        {
            "time": "13.11.2020 19:38",
            "open": "20.6434",
            "high": "20.6451",
            "low": "20.6434",
            "close": "20.6206"
        },
        {
            "time": "13.11.2020 19:42",
            "open": "20.6206",
            "high": "20.6206",
            "low": "20.6206",
            "close": "20.6264"
        },
        {
            "time": "13.11.2020 19:44",
            "open": "20.6264",
            "high": "20.6264",
            "low": "20.6264",
            "close": "20.6536"
        },
        {
            "time": "13.11.2020 19:56",
            "open": "20.6536",
            "high": "20.6536",
            "low": "20.6536",
            "close": "20.595"
        },
        {
            "time": "13.11.2020 20:00",
            "open": "20.595",
            "high": "20.595",
            "low": "20.595",
            "close": "20.4961"
        },
        {
            "time": "13.11.2020 20:04",
            "open": "20.4961",
            "high": "20.4961",
            "low": "20.4937",
            "close": "20.4932"
        },
        {
            "time": "13.11.2020 20:05",
            "open": "20.4932",
            "high": "20.5142",
            "low": "20.4932",
            "close": "20.5224"
        },
        {
            "time": "13.11.2020 20:10",
            "open": "20.5224",
            "high": "20.5224",
            "low": "20.5224",
            "close": "20.6226"
        },
        {
            "time": "13.11.2020 20:23",
            "open": "20.6226",
            "high": "20.6226",
            "low": "20.6226",
            "close": "20.5898"
        },
        {
            "time": "13.11.2020 20:41",
            "open": "20.5898",
            "high": "20.5903",
            "low": "20.5269",
            "close": "20.5169"
        },
        {
            "time": "13.11.2020 20:47",
            "open": "20.5169",
            "high": "20.5169",
            "low": "20.5169",
            "close": "20.535"
        },
        {
            "time": "13.11.2020 20:51",
            "open": "20.535",
            "high": "20.5375",
            "low": "20.5344",
            "close": "20.5212"
        },
        {
            "time": "13.11.2020 20:52",
            "open": "20.5212",
            "high": "20.5212",
            "low": "20.5212",
            "close": "20.5656"
        },
        {
            "time": "13.11.2020 21:00",
            "open": "20.5656",
            "high": "20.5656",
            "low": "20.5656",
            "close": "20.5651"
        },
        {
            "time": "13.11.2020 21:06",
            "open": "20.5651",
            "high": "20.5651",
            "low": "20.5185",
            "close": "20.5932"
        },
        {
            "time": "13.11.2020 21:31",
            "open": "20.5932",
            "high": "20.6109",
            "low": "20.5932",
            "close": "20.6816"
        },
        {
            "time": "13.11.2020 21:34",
            "open": "20.6816",
            "high": "20.6816",
            "low": "20.6816",
            "close": "20.6536"
        },
        {
            "time": "13.11.2020 21:40",
            "open": "20.6536",
            "high": "20.6536",
            "low": "20.6536",
            "close": "20.5998"
        },
        {
            "time": "13.11.2020 21:50",
            "open": "20.5998",
            "high": "20.5998",
            "low": "20.5998",
            "close": "20.5789"
        },
        {
            "time": "13.11.2020 21:57",
            "open": "20.5789",
            "high": "20.5789",
            "low": "20.5789",
            "close": "20.5119"
        },
        {
            "time": "13.11.2020 21:58",
            "open": "20.5119",
            "high": "20.5119",
            "low": "20.5119",
            "close": "20.5703"
        },
        {
            "time": "13.11.2020 22:02",
            "open": "20.5703",
            "high": "20.5703",
            "low": "20.5703",
            "close": "20.6329"
        },
        {
            "time": "13.11.2020 22:49",
            "open": "20.6329",
            "high": "20.6329",
            "low": "20.6329",
            "close": "20.6507"
        },
        {
            "time": "13.11.2020 23:00",
            "open": "20.6507",
            "high": "20.7008",
            "low": "20.6507",
            "close": "20.6591"
        },
        {
            "time": "13.11.2020 23:01",
            "open": "20.6591",
            "high": "20.6591",
            "low": "20.6591",
            "close": "20.6452"
        },
        {
            "time": "13.11.2020 23:02",
            "open": "20.6452",
            "high": "20.6452",
            "low": "20.6452",
            "close": "20.5988"
        },
        {
            "time": "13.11.2020 23:12",
            "open": "20.5988",
            "high": "20.5988",
            "low": "20.5988",
            "close": "20.6325"
        },
        {
            "time": "13.11.2020 23:41",
            "open": "20.6325",
            "high": "20.6624",
            "low": "20.6325",
            "close": "20.6449"
        },
        {
            "time": "13.11.2020 23:43",
            "open": "20.6449",
            "high": "20.6526",
            "low": "20.6449",
            "close": "20.6712"
        }
    ]
}