{
    "NMR-EUR": [
        {
            "time": "01.12.2020 23:58",
            "open": "26.3272",
            "high": "26.3272",
            "low": "26.3272",
            "close": "26.3441"
        },
        {
            "time": "02.12.2020 00:00",
            "open": "26.3441",
            "high": "26.3441",
            "low": "26.3441",
            "close": "26.2924"
        },
        {
            "time": "02.12.2020 00:02",
            "open": "26.2924",
            "high": "26.2924",
            "low": "26.2924",
            "close": "26.2463"
        },
        {
            "time": "02.12.2020 00:03",
            "open": "26.2463",
            "high": "26.2846",
            "low": "26.2463",
            "close": "26.2"
        },
        {
            "time": "02.12.2020 00:04",
            "open": "26.2",
            "high": "26.2",
            "low": "26.2",
            "close": "26.2254"
        },
        {
            "time": "02.12.2020 00:08",
            "open": "26.2254",
            "high": "26.2254",
            "low": "26.2254",
            "close": "26.1383"
        },
        {
            "time": "02.12.2020 00:12",
            "open": "26.1383",
            "high": "26.1383",
            "low": "26.093",
            "close": "26.2099"
        },
        {
            "time": "02.12.2020 00:15",
            "open": "26.2099",
            "high": "26.283",
            "low": "26.2099",
            "close": "26.1745"
        },
        {
            "time": "02.12.2020 00:17",
            "open": "26.1745",
            "high": "26.1745",
            "low": "26.1745",
            "close": "26.1744"
        },
        {
            "time": "02.12.2020 00:18",
            "open": "26.1744",
            "high": "26.1744",
            "low": "26.1744",
            "close": "26.1719"
        },
        {
            "time": "02.12.2020 00:20",
            "open": "26.1719",
            "high": "26.1719",
            "low": "26.1719",
            "close": "26.158"
        },
        {
            "time": "02.12.2020 00:25",
            "open": "26.158",
            "high": "26.158",
            "low": "26.0856",
            "close": "26.06"
        },
        {
            "time": "02.12.2020 00:27",
            "open": "26.06",
            "high": "26.06",
            "low": "25.9803",
            "close": "25.9107"
        },
        {
            "time": "02.12.2020 00:28",
            "open": "25.9107",
            "high": "25.9107",
            "low": "25.896",
            "close": "25.8062"
        },
        {
            "time": "02.12.2020 00:29",
            "open": "25.8062",
            "high": "25.9361",
            "low": "25.8",
            "close": "25.9"
        },
        {
            "time": "02.12.2020 00:39",
            "open": "25.9",
            "high": "25.9356",
            "low": "25.9",
            "close": "25.8634"
        },
        {
            "time": "02.12.2020 00:42",
            "open": "25.8634",
            "high": "25.8634",
            "low": "25.8634",
            "close": "25.837"
        },
        {
            "time": "02.12.2020 00:43",
            "open": "25.837",
            "high": "25.837",
            "low": "25.837",
            "close": "25.9122"
        },
        {
            "time": "02.12.2020 00:52",
            "open": "25.9122",
            "high": "25.9213",
            "low": "25.9094",
            "close": "25.9412"
        },
        {
            "time": "02.12.2020 00:56",
            "open": "25.9412",
            "high": "25.9412",
            "low": "25.9412",
            "close": "25.8"
        },
        {
            "time": "02.12.2020 01:05",
            "open": "25.8",
            "high": "25.8",
            "low": "25.8",
            "close": "25.75"
        },
        {
            "time": "02.12.2020 01:06",
            "open": "25.75",
            "high": "25.75",
            "low": "25.72",
            "close": "26.0611"
        },
        {
            "time": "02.12.2020 01:39",
            "open": "26.0611",
            "high": "26.0611",
            "low": "26.0611",
            "close": "26.0611"
        },
        {
            "time": "02.12.2020 01:43",
            "open": "26.0611",
            "high": "26.0611",
            "low": "26.0611",
            "close": "26.0611"
        },
        {
            "time": "02.12.2020 01:49",
            "open": "26.0611",
            "high": "26.0611",
            "low": "26.0611",
            "close": "26.1673"
        },
        {
            "time": "02.12.2020 02:35",
            "open": "26.1673",
            "high": "26.1827",
            "low": "26.1673",
            "close": "26.3273"
        },
        {
            "time": "02.12.2020 02:40",
            "open": "26.3273",
            "high": "26.3273",
            "low": "26.3273",
            "close": "26.39"
        },
        {
            "time": "02.12.2020 02:41",
            "open": "26.39",
            "high": "26.39",
            "low": "26.37",
            "close": "26.3699"
        },
        {
            "time": "02.12.2020 02:44",
            "open": "26.3699",
            "high": "26.3699",
            "low": "26.3699",
            "close": "26.3519"
        },
        {
            "time": "02.12.2020 03:14",
            "open": "26.3519",
            "high": "26.49",
            "low": "26.3519",
            "close": "26.51"
        },
        {
            "time": "02.12.2020 03:15",
            "open": "26.51",
            "high": "26.9031",
            "low": "26.51",
            "close": "26.6343"
        },
        {
            "time": "02.12.2020 03:16",
            "open": "26.6343",
            "high": "26.6343",
            "low": "26.6343",
            "close": "26.4228"
        },
        {
            "time": "02.12.2020 03:28",
            "open": "26.4228",
            "high": "26.5136",
            "low": "26.4228",
            "close": "26.3273"
        },
        {
            "time": "02.12.2020 03:37",
            "open": "26.3273",
            "high": "26.3273",
            "low": "26.3273",
            "close": "26.273"
        },
        {
            "time": "02.12.2020 03:38",
            "open": "26.273",
            "high": "26.273",
            "low": "26.273",
            "close": "26.262"
        },
        {
            "time": "02.12.2020 03:45",
            "open": "26.262",
            "high": "26.262",
            "low": "26.262",
            "close": "26.1224"
        },
        {
            "time": "02.12.2020 03:53",
            "open": "26.1224",
            "high": "26.1224",
            "low": "26.1195",
            "close": "26.1424"
        },
        {
            "time": "02.12.2020 03:57",
            "open": "26.1424",
            "high": "26.1424",
            "low": "26.1195",
            "close": "25.9803"
        },
        {
            "time": "02.12.2020 04:00",
            "open": "25.9803",
            "high": "25.9803",
            "low": "25.9107",
            "close": "25.9077"
        },
        {
            "time": "02.12.2020 04:10",
            "open": "25.9077",
            "high": "25.9077",
            "low": "25.9077",
            "close": "25.9495"
        },
        {
            "time": "02.12.2020 04:13",
            "open": "25.9495",
            "high": "25.9495",
            "low": "25.9495",
            "close": "25.8787"
        },
        {
            "time": "02.12.2020 04:14",
            "open": "25.8787",
            "high": "25.8787",
            "low": "25.8787",
            "close": "25.7811"
        },
        {
            "time": "02.12.2020 04:21",
            "open": "25.7811",
            "high": "25.7811",
            "low": "25.7811",
            "close": "25.7205"
        },
        {
            "time": "02.12.2020 04:23",
            "open": "25.7205",
            "high": "25.7205",
            "low": "25.7205",
            "close": "25.8185"
        },
        {
            "time": "02.12.2020 04:26",
            "open": "25.8185",
            "high": "25.8185",
            "low": "25.8185",
            "close": "25.7559"
        },
        {
            "time": "02.12.2020 04:35",
            "open": "25.7559",
            "high": "25.7559",
            "low": "25.7559",
            "close": "25.765"
        },
        {
            "time": "02.12.2020 04:51",
            "open": "25.765",
            "high": "25.765",
            "low": "25.7566",
            "close": "25.8034"
        },
        {
            "time": "02.12.2020 04:52",
            "open": "25.8034",
            "high": "25.8034",
            "low": "25.8034",
            "close": "25.8938"
        },
        {
            "time": "02.12.2020 04:55",
            "open": "25.8938",
            "high": "25.8938",
            "low": "25.8938",
            "close": "25.7588"
        },
        {
            "time": "02.12.2020 05:04",
            "open": "25.7588",
            "high": "25.7588",
            "low": "25.7316",
            "close": "25.8691"
        },
        {
            "time": "02.12.2020 05:08",
            "open": "25.8691",
            "high": "25.8691",
            "low": "25.8691",
            "close": "25.7591"
        },
        {
            "time": "02.12.2020 05:17",
            "open": "25.7591",
            "high": "25.7591",
            "low": "25.7591",
            "close": "25.7183"
        },
        {
            "time": "02.12.2020 05:30",
            "open": "25.7183",
            "high": "25.7183",
            "low": "25.7177",
            "close": "25.7553"
        },
        {
            "time": "02.12.2020 05:34",
            "open": "25.7553",
            "high": "25.7553",
            "low": "25.7553",
            "close": "25.9246"
        },
        {
            "time": "02.12.2020 06:00",
            "open": "25.9246",
            "high": "25.9248",
            "low": "25.9246",
            "close": "26"
        },
        {
            "time": "02.12.2020 06:15",
            "open": "26",
            "high": "26",
            "low": "26",
            "close": "25.994"
        },
        {
            "time": "02.12.2020 06:19",
            "open": "25.994",
            "high": "25.994",
            "low": "25.994",
            "close": "26"
        },
        {
            "time": "02.12.2020 06:20",
            "open": "26",
            "high": "26",
            "low": "26",
            "close": "25.818"
        },
        {
            "time": "02.12.2020 06:50",
            "open": "25.818",
            "high": "25.818",
            "low": "25.818",
            "close": "25.8827"
        },
        {
            "time": "02.12.2020 06:53",
            "open": "25.8827",
            "high": "25.8873",
            "low": "25.8827",
            "close": "26.1568"
        },
        {
            "time": "02.12.2020 07:17",
            "open": "26.1568",
            "high": "26.16",
            "low": "26.1568",
            "close": "26.1575"
        },
        {
            "time": "02.12.2020 07:18",
            "open": "26.1575",
            "high": "26.1575",
            "low": "26.1575",
            "close": "26.1517"
        },
        {
            "time": "02.12.2020 07:23",
            "open": "26.1517",
            "high": "26.1519",
            "low": "26.1517",
            "close": "26.1321"
        },
        {
            "time": "02.12.2020 07:27",
            "open": "26.1321",
            "high": "26.1346",
            "low": "26.1321",
            "close": "26.1357"
        },
        {
            "time": "02.12.2020 07:28",
            "open": "26.1357",
            "high": "26.1357",
            "low": "26.1357",
            "close": "26.1604"
        },
        {
            "time": "02.12.2020 07:29",
            "open": "26.1604",
            "high": "26.1604",
            "low": "26.1604",
            "close": "26.1612"
        },
        {
            "time": "02.12.2020 07:33",
            "open": "26.1612",
            "high": "26.2072",
            "low": "26.1612",
            "close": "26.1919"
        },
        {
            "time": "02.12.2020 07:38",
            "open": "26.1919",
            "high": "26.1919",
            "low": "26.1919",
            "close": "26.1248"
        },
        {
            "time": "02.12.2020 07:56",
            "open": "26.1248",
            "high": "26.1248",
            "low": "26.1248",
            "close": "26.078"
        },
        {
            "time": "02.12.2020 07:57",
            "open": "26.078",
            "high": "26.078",
            "low": "26.078",
            "close": "26.0161"
        },
        {
            "time": "02.12.2020 08:03",
            "open": "26.0161",
            "high": "26.0163",
            "low": "26.0161",
            "close": "25.9773"
        },
        {
            "time": "02.12.2020 08:06",
            "open": "25.9773",
            "high": "25.9773",
            "low": "25.9773",
            "close": "25.9124"
        },
        {
            "time": "02.12.2020 08:09",
            "open": "25.9124",
            "high": "25.9131",
            "low": "25.9124",
            "close": "25.9054"
        },
        {
            "time": "02.12.2020 08:10",
            "open": "25.9054",
            "high": "25.9054",
            "low": "25.8391",
            "close": "25.7925"
        },
        {
            "time": "02.12.2020 08:12",
            "open": "25.7925",
            "high": "25.8259",
            "low": "25.7925",
            "close": "25.8079"
        },
        {
            "time": "02.12.2020 08:15",
            "open": "25.8079",
            "high": "25.8079",
            "low": "25.8079",
            "close": "25.9505"
        },
        {
            "time": "02.12.2020 08:27",
            "open": "25.9505",
            "high": "25.9505",
            "low": "25.9505",
            "close": "25.8672"
        },
        {
            "time": "02.12.2020 08:33",
            "open": "25.8672",
            "high": "25.8672",
            "low": "25.8672",
            "close": "25.7864"
        },
        {
            "time": "02.12.2020 08:36",
            "open": "25.7864",
            "high": "25.7864",
            "low": "25.7864",
            "close": "25.8633"
        },
        {
            "time": "02.12.2020 08:42",
            "open": "25.8633",
            "high": "25.8633",
            "low": "25.8633",
            "close": "25.8633"
        },
        {
            "time": "02.12.2020 08:43",
            "open": "25.8633",
            "high": "25.8633",
            "low": "25.8633",
            "close": "25.8633"
        },
        {
            "time": "02.12.2020 08:46",
            "open": "25.8633",
            "high": "25.8633",
            "low": "25.8633",
            "close": "26.3273"
        },
        {
            "time": "02.12.2020 08:55",
            "open": "26.3273",
            "high": "26.5502",
            "low": "26.3273",
            "close": "26.533"
        },
        {
            "time": "02.12.2020 08:56",
            "open": "26.533",
            "high": "26.533",
            "low": "26.533",
            "close": "26.5121"
        },
        {
            "time": "02.12.2020 08:57",
            "open": "26.5121",
            "high": "26.5121",
            "low": "26.5121",
            "close": "26.5121"
        },
        {
            "time": "02.12.2020 08:58",
            "open": "26.5121",
            "high": "26.5121",
            "low": "26.5121",
            "close": "26.5121"
        },
        {
            "time": "02.12.2020 09:01",
            "open": "26.5121",
            "high": "26.5121",
            "low": "26.5121",
            "close": "26.4452"
        },
        {
            "time": "02.12.2020 09:03",
            "open": "26.4452",
            "high": "26.4452",
            "low": "26.4452",
            "close": "26.3975"
        },
        {
            "time": "02.12.2020 09:06",
            "open": "26.3975",
            "high": "26.4871",
            "low": "26.3975",
            "close": "26.4217"
        },
        {
            "time": "02.12.2020 09:09",
            "open": "26.4217",
            "high": "26.4219",
            "low": "26.4217",
            "close": "26.4123"
        },
        {
            "time": "02.12.2020 09:21",
            "open": "26.4123",
            "high": "26.4123",
            "low": "26.4123",
            "close": "26.4225"
        },
        {
            "time": "02.12.2020 09:23",
            "open": "26.4225",
            "high": "26.4516",
            "low": "26.4225",
            "close": "26.3802"
        },
        {
            "time": "02.12.2020 09:27",
            "open": "26.3802",
            "high": "26.4614",
            "low": "26.3802",
            "close": "26.5554"
        },
        {
            "time": "02.12.2020 09:31",
            "open": "26.5554",
            "high": "26.5554",
            "low": "26.5554",
            "close": "26.3746"
        },
        {
            "time": "02.12.2020 09:49",
            "open": "26.3746",
            "high": "26.3746",
            "low": "26.3746",
            "close": "26.4897"
        },
        {
            "time": "02.12.2020 09:56",
            "open": "26.4897",
            "high": "26.4897",
            "low": "26.4897",
            "close": "26.4136"
        },
        {
            "time": "02.12.2020 09:59",
            "open": "26.4136",
            "high": "26.4136",
            "low": "26.4136",
            "close": "26.3469"
        },
        {
            "time": "02.12.2020 10:03",
            "open": "26.3469",
            "high": "26.3469",
            "low": "26.3469",
            "close": "26.4"
        },
        {
            "time": "02.12.2020 10:14",
            "open": "26.4",
            "high": "26.4",
            "low": "26.4",
            "close": "26.452"
        },
        {
            "time": "02.12.2020 10:15",
            "open": "26.452",
            "high": "26.452",
            "low": "26.3899",
            "close": "26.4271"
        },
        {
            "time": "02.12.2020 10:22",
            "open": "26.4271",
            "high": "26.4271",
            "low": "26.427",
            "close": "26.4412"
        },
        {
            "time": "02.12.2020 10:24",
            "open": "26.4412",
            "high": "26.4412",
            "low": "26.4042",
            "close": "26.4915"
        },
        {
            "time": "02.12.2020 10:28",
            "open": "26.4915",
            "high": "26.4933",
            "low": "26.4915",
            "close": "26.6483"
        },
        {
            "time": "02.12.2020 10:29",
            "open": "26.6483",
            "high": "26.6483",
            "low": "26.6435",
            "close": "26.5497"
        },
        {
            "time": "02.12.2020 10:33",
            "open": "26.5497",
            "high": "26.5497",
            "low": "26.5496",
            "close": "26.5591"
        },
        {
            "time": "02.12.2020 10:35",
            "open": "26.5591",
            "high": "26.5591",
            "low": "26.5591",
            "close": "26.6426"
        },
        {
            "time": "02.12.2020 10:40",
            "open": "26.6426",
            "high": "26.6426",
            "low": "26.5767",
            "close": "26.5872"
        },
        {
            "time": "02.12.2020 10:41",
            "open": "26.5872",
            "high": "26.5872",
            "low": "26.497",
            "close": "26.4659"
        },
        {
            "time": "02.12.2020 10:55",
            "open": "26.4659",
            "high": "26.4659",
            "low": "26.4646",
            "close": "26.4645"
        },
        {
            "time": "02.12.2020 10:57",
            "open": "26.4645",
            "high": "26.4645",
            "low": "26.4645",
            "close": "26.4416"
        },
        {
            "time": "02.12.2020 10:58",
            "open": "26.4416",
            "high": "26.4416",
            "low": "26.4416",
            "close": "26.5228"
        },
        {
            "time": "02.12.2020 11:00",
            "open": "26.5228",
            "high": "26.5228",
            "low": "26.5228",
            "close": "26.4913"
        },
        {
            "time": "02.12.2020 11:32",
            "open": "26.4913",
            "high": "26.4913",
            "low": "26.4913",
            "close": "26.43"
        },
        {
            "time": "02.12.2020 11:37",
            "open": "26.43",
            "high": "26.43",
            "low": "26.43",
            "close": "26.551"
        },
        {
            "time": "02.12.2020 11:50",
            "open": "26.551",
            "high": "26.551",
            "low": "26.551",
            "close": "26.5181"
        },
        {
            "time": "02.12.2020 11:53",
            "open": "26.5181",
            "high": "26.5181",
            "low": "26.5181",
            "close": "26.3886"
        },
        {
            "time": "02.12.2020 12:03",
            "open": "26.3886",
            "high": "26.3886",
            "low": "26.3885",
            "close": "26.4739"
        },
        {
            "time": "02.12.2020 12:30",
            "open": "26.4739",
            "high": "26.4739",
            "low": "26.4739",
            "close": "26.4852"
        },
        {
            "time": "02.12.2020 12:41",
            "open": "26.4852",
            "high": "26.4852",
            "low": "26.4852",
            "close": "26.4798"
        },
        {
            "time": "02.12.2020 12:45",
            "open": "26.4798",
            "high": "26.4798",
            "low": "26.4798",
            "close": "26.397"
        },
        {
            "time": "02.12.2020 12:46",
            "open": "26.397",
            "high": "26.397",
            "low": "26.397",
            "close": "26.3885"
        },
        {
            "time": "02.12.2020 13:03",
            "open": "26.3885",
            "high": "26.3885",
            "low": "26.3885",
            "close": "26.3165"
        },
        {
            "time": "02.12.2020 13:13",
            "open": "26.3165",
            "high": "26.3165",
            "low": "26.3165",
            "close": "26.2696"
        },
        {
            "time": "02.12.2020 13:20",
            "open": "26.2696",
            "high": "26.2696",
            "low": "26.2696",
            "close": "26.1777"
        },
        {
            "time": "02.12.2020 13:25",
            "open": "26.1777",
            "high": "26.1777",
            "low": "26.1777",
            "close": "26.1072"
        },
        {
            "time": "02.12.2020 13:26",
            "open": "26.1072",
            "high": "26.1087",
            "low": "26.1072",
            "close": "26.3224"
        },
        {
            "time": "02.12.2020 13:41",
            "open": "26.3224",
            "high": "26.3224",
            "low": "26.2536",
            "close": "26.2315"
        },
        {
            "time": "02.12.2020 13:42",
            "open": "26.2315",
            "high": "26.2315",
            "low": "26.2315",
            "close": "26.5355"
        },
        {
            "time": "02.12.2020 14:17",
            "open": "26.5355",
            "high": "26.5355",
            "low": "26.5355",
            "close": "26.495"
        },
        {
            "time": "02.12.2020 14:18",
            "open": "26.495",
            "high": "26.5106",
            "low": "26.495",
            "close": "26.4482"
        },
        {
            "time": "02.12.2020 14:19",
            "open": "26.4482",
            "high": "26.4482",
            "low": "26.4482",
            "close": "26.39"
        },
        {
            "time": "02.12.2020 14:20",
            "open": "26.39",
            "high": "26.39",
            "low": "26.39",
            "close": "26.5271"
        },
        {
            "time": "02.12.2020 14:22",
            "open": "26.5271",
            "high": "26.5272",
            "low": "26.5271",
            "close": "26.5014"
        },
        {
            "time": "02.12.2020 14:26",
            "open": "26.5014",
            "high": "26.5414",
            "low": "26.5014",
            "close": "26.5413"
        },
        {
            "time": "02.12.2020 14:28",
            "open": "26.5413",
            "high": "26.5413",
            "low": "26.5413",
            "close": "26.6743"
        },
        {
            "time": "02.12.2020 14:30",
            "open": "26.6743",
            "high": "26.7916",
            "low": "26.6743",
            "close": "26.8559"
        },
        {
            "time": "02.12.2020 14:33",
            "open": "26.8559",
            "high": "26.8873",
            "low": "26.8559",
            "close": "26.7925"
        },
        {
            "time": "02.12.2020 14:38",
            "open": "26.7925",
            "high": "26.7925",
            "low": "26.7925",
            "close": "26.6145"
        },
        {
            "time": "02.12.2020 14:50",
            "open": "26.6145",
            "high": "26.6166",
            "low": "26.6145",
            "close": "26.6317"
        },
        {
            "time": "02.12.2020 15:02",
            "open": "26.6317",
            "high": "26.6317",
            "low": "26.6317",
            "close": "26.6735"
        },
        {
            "time": "02.12.2020 15:09",
            "open": "26.6735",
            "high": "26.6737",
            "low": "26.6735",
            "close": "26.7371"
        },
        {
            "time": "02.12.2020 15:16",
            "open": "26.7371",
            "high": "26.7586",
            "low": "26.7371",
            "close": "26.7754"
        },
        {
            "time": "02.12.2020 15:18",
            "open": "26.7754",
            "high": "26.8075",
            "low": "26.7754",
            "close": "26.7754"
        },
        {
            "time": "02.12.2020 15:19",
            "open": "26.7754",
            "high": "26.7754",
            "low": "26.7754",
            "close": "26.8035"
        },
        {
            "time": "02.12.2020 15:20",
            "open": "26.8035",
            "high": "26.8035",
            "low": "26.8035",
            "close": "26.7415"
        },
        {
            "time": "02.12.2020 15:21",
            "open": "26.7415",
            "high": "26.7415",
            "low": "26.7415",
            "close": "26.7427"
        },
        {
            "time": "02.12.2020 15:23",
            "open": "26.7427",
            "high": "26.7427",
            "low": "26.6766",
            "close": "26.704"
        },
        {
            "time": "02.12.2020 15:25",
            "open": "26.704",
            "high": "26.704",
            "low": "26.704",
            "close": "26.5862"
        },
        {
            "time": "02.12.2020 15:29",
            "open": "26.5862",
            "high": "26.5862",
            "low": "26.586",
            "close": "26.6306"
        },
        {
            "time": "02.12.2020 15:36",
            "open": "26.6306",
            "high": "26.6306",
            "low": "26.6306",
            "close": "26.4346"
        },
        {
            "time": "02.12.2020 15:44",
            "open": "26.4346",
            "high": "26.4346",
            "low": "26.4346",
            "close": "26.3274"
        },
        {
            "time": "02.12.2020 16:00",
            "open": "26.3274",
            "high": "26.3274",
            "low": "26.3274",
            "close": "26.3274"
        },
        {
            "time": "02.12.2020 16:01",
            "open": "26.3274",
            "high": "26.3274",
            "low": "26.3273",
            "close": "26.2315"
        },
        {
            "time": "02.12.2020 16:03",
            "open": "26.2315",
            "high": "26.2315",
            "low": "26.2315",
            "close": "26.101"
        },
        {
            "time": "02.12.2020 16:08",
            "open": "26.101",
            "high": "26.1238",
            "low": "26.101",
            "close": "26.1632"
        },
        {
            "time": "02.12.2020 16:12",
            "open": "26.1632",
            "high": "26.1632",
            "low": "26.1229",
            "close": "26.4066"
        },
        {
            "time": "02.12.2020 16:16",
            "open": "26.4066",
            "high": "26.5729",
            "low": "26.4066",
            "close": "26.6743"
        },
        {
            "time": "02.12.2020 16:17",
            "open": "26.6743",
            "high": "26.713",
            "low": "26.6743",
            "close": "26.56"
        },
        {
            "time": "02.12.2020 16:31",
            "open": "26.56",
            "high": "26.5612",
            "low": "26.56",
            "close": "26.3273"
        },
        {
            "time": "02.12.2020 16:38",
            "open": "26.3273",
            "high": "26.3273",
            "low": "26.3216",
            "close": "26.4397"
        },
        {
            "time": "02.12.2020 16:46",
            "open": "26.4397",
            "high": "26.4397",
            "low": "26.4397",
            "close": "26.3745"
        },
        {
            "time": "02.12.2020 17:11",
            "open": "26.3745",
            "high": "26.3745",
            "low": "26.3745",
            "close": "26.3445"
        },
        {
            "time": "02.12.2020 17:15",
            "open": "26.3445",
            "high": "26.3445",
            "low": "26.3445",
            "close": "26.45"
        },
        {
            "time": "02.12.2020 17:18",
            "open": "26.45",
            "high": "26.45",
            "low": "26.45",
            "close": "26.4041"
        },
        {
            "time": "02.12.2020 17:22",
            "open": "26.4041",
            "high": "26.4041",
            "low": "26.4041",
            "close": "26.5041"
        },
        {
            "time": "02.12.2020 17:26",
            "open": "26.5041",
            "high": "26.6743",
            "low": "26.5041",
            "close": "26.7277"
        },
        {
            "time": "02.12.2020 17:29",
            "open": "26.7277",
            "high": "26.7277",
            "low": "26.6605",
            "close": "26.816"
        },
        {
            "time": "02.12.2020 17:32",
            "open": "26.816",
            "high": "26.8163",
            "low": "26.816",
            "close": "26.7046"
        },
        {
            "time": "02.12.2020 17:40",
            "open": "26.7046",
            "high": "26.7046",
            "low": "26.7046",
            "close": "26.605"
        },
        {
            "time": "02.12.2020 17:42",
            "open": "26.605",
            "high": "26.605",
            "low": "26.605",
            "close": "26.4655"
        },
        {
            "time": "02.12.2020 17:45",
            "open": "26.4655",
            "high": "26.4655",
            "low": "26.3273",
            "close": "26.2766"
        },
        {
            "time": "02.12.2020 17:50",
            "open": "26.2766",
            "high": "26.2766",
            "low": "26.2412",
            "close": "26.2649"
        },
        {
            "time": "02.12.2020 17:54",
            "open": "26.2649",
            "high": "26.2649",
            "low": "26.2649",
            "close": "26.2649"
        },
        {
            "time": "02.12.2020 17:55",
            "open": "26.2649",
            "high": "26.2649",
            "low": "26.2649",
            "close": "26.2041"
        },
        {
            "time": "02.12.2020 17:59",
            "open": "26.2041",
            "high": "26.2041",
            "low": "26.2041",
            "close": "26.1999"
        },
        {
            "time": "02.12.2020 18:03",
            "open": "26.1999",
            "high": "26.1999",
            "low": "26.1999",
            "close": "26.5055"
        },
        {
            "time": "02.12.2020 18:11",
            "open": "26.5055",
            "high": "26.5544",
            "low": "26.5055",
            "close": "26.5734"
        },
        {
            "time": "02.12.2020 18:12",
            "open": "26.5734",
            "high": "26.6117",
            "low": "26.5261",
            "close": "26.5586"
        },
        {
            "time": "02.12.2020 18:16",
            "open": "26.5586",
            "high": "26.5586",
            "low": "26.5586",
            "close": "26.5099"
        },
        {
            "time": "02.12.2020 18:17",
            "open": "26.5099",
            "high": "26.5099",
            "low": "26.5099",
            "close": "26.5078"
        },
        {
            "time": "02.12.2020 18:20",
            "open": "26.5078",
            "high": "26.5078",
            "low": "26.4324",
            "close": "26.5078"
        },
        {
            "time": "02.12.2020 18:21",
            "open": "26.5078",
            "high": "26.5078",
            "low": "26.4984",
            "close": "26.387"
        },
        {
            "time": "02.12.2020 18:23",
            "open": "26.387",
            "high": "26.387",
            "low": "26.387",
            "close": "26.5076"
        },
        {
            "time": "02.12.2020 18:24",
            "open": "26.5076",
            "high": "26.5078",
            "low": "26.5004",
            "close": "26.3957"
        },
        {
            "time": "02.12.2020 18:26",
            "open": "26.3957",
            "high": "26.3957",
            "low": "26.3957",
            "close": "26.4241"
        },
        {
            "time": "02.12.2020 18:30",
            "open": "26.4241",
            "high": "26.4241",
            "low": "26.4241",
            "close": "26.17"
        },
        {
            "time": "02.12.2020 18:38",
            "open": "26.17",
            "high": "26.17",
            "low": "26.17",
            "close": "26.1611"
        },
        {
            "time": "02.12.2020 18:46",
            "open": "26.1611",
            "high": "26.1645",
            "low": "26.1611",
            "close": "26.1613"
        },
        {
            "time": "02.12.2020 18:47",
            "open": "26.1613",
            "high": "26.1613",
            "low": "26.1613",
            "close": "26.1905"
        },
        {
            "time": "02.12.2020 18:48",
            "open": "26.1905",
            "high": "26.1905",
            "low": "26.1905",
            "close": "26.1801"
        },
        {
            "time": "02.12.2020 18:49",
            "open": "26.1801",
            "high": "26.1946",
            "low": "26.1801",
            "close": "26.1332"
        },
        {
            "time": "02.12.2020 18:50",
            "open": "26.1332",
            "high": "26.1767",
            "low": "26.1315",
            "close": "26.2179"
        },
        {
            "time": "02.12.2020 19:04",
            "open": "26.2179",
            "high": "26.2179",
            "low": "26.2176",
            "close": "26.2176"
        },
        {
            "time": "02.12.2020 19:16",
            "open": "26.2176",
            "high": "26.2176",
            "low": "26.1924",
            "close": "26.142"
        },
        {
            "time": "02.12.2020 19:17",
            "open": "26.142",
            "high": "26.142",
            "low": "26.142",
            "close": "26.1743"
        },
        {
            "time": "02.12.2020 19:21",
            "open": "26.1743",
            "high": "26.1743",
            "low": "26.1743",
            "close": "26.142"
        },
        {
            "time": "02.12.2020 19:32",
            "open": "26.142",
            "high": "26.142",
            "low": "26.142",
            "close": "26.142"
        },
        {
            "time": "02.12.2020 19:36",
            "open": "26.142",
            "high": "26.142",
            "low": "26.142",
            "close": "26.1613"
        },
        {
            "time": "02.12.2020 19:37",
            "open": "26.1613",
            "high": "26.1613",
            "low": "26.1613",
            "close": "26.164"
        },
        {
            "time": "02.12.2020 19:38",
            "open": "26.164",
            "high": "26.1891",
            "low": "26.164",
            "close": "26.07"
        },
        {
            "time": "02.12.2020 19:42",
            "open": "26.07",
            "high": "26.07",
            "low": "26.07",
            "close": "26.07"
        },
        {
            "time": "02.12.2020 19:44",
            "open": "26.07",
            "high": "26.07",
            "low": "26.07",
            "close": "26.0703"
        },
        {
            "time": "02.12.2020 19:46",
            "open": "26.0703",
            "high": "26.0729",
            "low": "26.0703",
            "close": "26.016"
        },
        {
            "time": "02.12.2020 19:47",
            "open": "26.016",
            "high": "26.016",
            "low": "26.0127",
            "close": "26.1028"
        },
        {
            "time": "02.12.2020 19:49",
            "open": "26.1028",
            "high": "26.1028",
            "low": "26.0643",
            "close": "26.3189"
        },
        {
            "time": "02.12.2020 19:56",
            "open": "26.3189",
            "high": "26.3189",
            "low": "26.3189",
            "close": "26.3111"
        },
        {
            "time": "02.12.2020 19:59",
            "open": "26.3111",
            "high": "26.3111",
            "low": "26.3111",
            "close": "26.37"
        },
        {
            "time": "02.12.2020 20:01",
            "open": "26.37",
            "high": "26.3702",
            "low": "26.37",
            "close": "26.3438"
        },
        {
            "time": "02.12.2020 20:04",
            "open": "26.3438",
            "high": "26.344",
            "low": "26.3438",
            "close": "26.2947"
        },
        {
            "time": "02.12.2020 20:17",
            "open": "26.2947",
            "high": "26.2947",
            "low": "26.2947",
            "close": "26.1542"
        },
        {
            "time": "02.12.2020 20:21",
            "open": "26.1542",
            "high": "26.1542",
            "low": "26.1542",
            "close": "26.1871"
        },
        {
            "time": "02.12.2020 20:31",
            "open": "26.1871",
            "high": "26.1871",
            "low": "26.1871",
            "close": "26.1607"
        },
        {
            "time": "02.12.2020 20:44",
            "open": "26.1607",
            "high": "26.1607",
            "low": "26.1607",
            "close": "26.1679"
        },
        {
            "time": "02.12.2020 20:45",
            "open": "26.1679",
            "high": "26.1679",
            "low": "26.1679",
            "close": "26.1576"
        },
        {
            "time": "02.12.2020 20:48",
            "open": "26.1576",
            "high": "26.1856",
            "low": "26.1576",
            "close": "26.1564"
        },
        {
            "time": "02.12.2020 20:49",
            "open": "26.1564",
            "high": "26.1564",
            "low": "26.1564",
            "close": "26.1806"
        },
        {
            "time": "02.12.2020 20:53",
            "open": "26.1806",
            "high": "26.1806",
            "low": "26.1806",
            "close": "26.1972"
        },
        {
            "time": "02.12.2020 20:54",
            "open": "26.1972",
            "high": "26.1972",
            "low": "26.1972",
            "close": "26.2006"
        },
        {
            "time": "02.12.2020 20:55",
            "open": "26.2006",
            "high": "26.2006",
            "low": "26.2006",
            "close": "26.1311"
        },
        {
            "time": "02.12.2020 20:56",
            "open": "26.1311",
            "high": "26.1311",
            "low": "26.1311",
            "close": "26.0797"
        },
        {
            "time": "02.12.2020 20:59",
            "open": "26.0797",
            "high": "26.0797",
            "low": "26.0575",
            "close": "26.0983"
        },
        {
            "time": "02.12.2020 21:05",
            "open": "26.0983",
            "high": "26.0984",
            "low": "26.0983",
            "close": "26.0502"
        },
        {
            "time": "02.12.2020 21:06",
            "open": "26.0502",
            "high": "26.0502",
            "low": "26.0378",
            "close": "25.9803"
        },
        {
            "time": "02.12.2020 21:07",
            "open": "25.9803",
            "high": "26.0334",
            "low": "25.98",
            "close": "26.0495"
        },
        {
            "time": "02.12.2020 21:10",
            "open": "26.0495",
            "high": "26.0495",
            "low": "26.0495",
            "close": "26.0188"
        },
        {
            "time": "02.12.2020 21:12",
            "open": "26.0188",
            "high": "26.0412",
            "low": "26.0188",
            "close": "26.0152"
        },
        {
            "time": "02.12.2020 21:13",
            "open": "26.0152",
            "high": "26.0534",
            "low": "26.0152",
            "close": "26.0611"
        },
        {
            "time": "02.12.2020 21:14",
            "open": "26.0611",
            "high": "26.1671",
            "low": "26.0611",
            "close": "26.07"
        },
        {
            "time": "02.12.2020 21:18",
            "open": "26.07",
            "high": "26.07",
            "low": "26.07",
            "close": "26.0863"
        },
        {
            "time": "02.12.2020 21:28",
            "open": "26.0863",
            "high": "26.0863",
            "low": "26.0863",
            "close": "26.1681"
        },
        {
            "time": "02.12.2020 21:30",
            "open": "26.1681",
            "high": "26.1681",
            "low": "26.1681",
            "close": "26.1773"
        },
        {
            "time": "02.12.2020 21:31",
            "open": "26.1773",
            "high": "26.1773",
            "low": "26.1773",
            "close": "26.0596"
        },
        {
            "time": "02.12.2020 21:35",
            "open": "26.0596",
            "high": "26.0596",
            "low": "26.0596",
            "close": "26.1004"
        },
        {
            "time": "02.12.2020 21:36",
            "open": "26.1004",
            "high": "26.1004",
            "low": "26.1004",
            "close": "26.1235"
        },
        {
            "time": "02.12.2020 21:46",
            "open": "26.1235",
            "high": "26.1235",
            "low": "26.1235",
            "close": "26.1004"
        },
        {
            "time": "02.12.2020 21:47",
            "open": "26.1004",
            "high": "26.1004",
            "low": "26.1004",
            "close": "26.1004"
        },
        {
            "time": "02.12.2020 21:48",
            "open": "26.1004",
            "high": "26.1004",
            "low": "26.1004",
            "close": "26.1419"
        },
        {
            "time": "02.12.2020 21:59",
            "open": "26.1419",
            "high": "26.182",
            "low": "26.1419",
            "close": "26.1378"
        },
        {
            "time": "02.12.2020 22:04",
            "open": "26.1378",
            "high": "26.1583",
            "low": "26.1378",
            "close": "26.0683"
        },
        {
            "time": "02.12.2020 22:07",
            "open": "26.0683",
            "high": "26.0683",
            "low": "26.0683",
            "close": "26.0664"
        },
        {
            "time": "02.12.2020 22:11",
            "open": "26.0664",
            "high": "26.0664",
            "low": "26.0664",
            "close": "26.0573"
        },
        {
            "time": "02.12.2020 22:17",
            "open": "26.0573",
            "high": "26.0664",
            "low": "26.0573",
            "close": "26.2082"
        },
        {
            "time": "02.12.2020 22:23",
            "open": "26.2082",
            "high": "26.2105",
            "low": "26.1323",
            "close": "26.2319"
        },
        {
            "time": "02.12.2020 22:27",
            "open": "26.2319",
            "high": "26.2319",
            "low": "26.2203",
            "close": "26.1427"
        },
        {
            "time": "02.12.2020 22:43",
            "open": "26.1427",
            "high": "26.1427",
            "low": "26.1383",
            "close": "26.1"
        },
        {
            "time": "02.12.2020 22:47",
            "open": "26.1",
            "high": "26.1",
            "low": "26.1",
            "close": "26.0758"
        },
        {
            "time": "02.12.2020 22:56",
            "open": "26.0758",
            "high": "26.0758",
            "low": "26.0758",
            "close": "26.073"
        },
        {
            "time": "02.12.2020 23:03",
            "open": "26.073",
            "high": "26.073",
            "low": "26.073",
            "close": "26.0921"
        },
        {
            "time": "02.12.2020 23:05",
            "open": "26.0921",
            "high": "26.0921",
            "low": "26.0096",
            "close": "26.01"
        },
        {
            "time": "02.12.2020 23:10",
            "open": "26.01",
            "high": "26.01",
            "low": "25.8683",
            "close": "25.9881"
        },
        {
            "time": "02.12.2020 23:11",
            "open": "25.9881",
            "high": "25.9881",
            "low": "25.9881",
            "close": "25.9459"
        },
        {
            "time": "02.12.2020 23:14",
            "open": "25.9459",
            "high": "26.0579",
            "low": "25.9459",
            "close": "26.058"
        },
        {
            "time": "02.12.2020 23:18",
            "open": "26.058",
            "high": "26.058",
            "low": "26.058",
            "close": "26.0591"
        },
        {
            "time": "02.12.2020 23:28",
            "open": "26.0591",
            "high": "26.0591",
            "low": "26.0591",
            "close": "26.0573"
        },
        {
            "time": "02.12.2020 23:32",
            "open": "26.0573",
            "high": "26.0573",
            "low": "26.0573",
            "close": "26.06"
        },
        {
            "time": "02.12.2020 23:34",
            "open": "26.06",
            "high": "26.0683",
            "low": "26.06",
            "close": "26.077"
        },
        {
            "time": "02.12.2020 23:35",
            "open": "26.077",
            "high": "26.077",
            "low": "26.077",
            "close": "26.1801"
        },
        {
            "time": "02.12.2020 23:40",
            "open": "26.1801",
            "high": "26.2817",
            "low": "26.1134",
            "close": "26.3177"
        },
        {
            "time": "02.12.2020 23:42",
            "open": "26.3177",
            "high": "26.3453",
            "low": "26.3177",
            "close": "26.3368"
        },
        {
            "time": "02.12.2020 23:43",
            "open": "26.3368",
            "high": "26.3368",
            "low": "26.2571",
            "close": "26.4148"
        },
        {
            "time": "02.12.2020 23:44",
            "open": "26.4148",
            "high": "26.4148",
            "low": "26.4148",
            "close": "26.2824"
        },
        {
            "time": "02.12.2020 23:45",
            "open": "26.2824",
            "high": "26.2824",
            "low": "26.2822",
            "close": "26.3336"
        },
        {
            "time": "02.12.2020 23:46",
            "open": "26.3336",
            "high": "26.3336",
            "low": "26.3336",
            "close": "26.3636"
        },
        {
            "time": "02.12.2020 23:48",
            "open": "26.3636",
            "high": "26.3969",
            "low": "26.3636",
            "close": "26.4"
        },
        {
            "time": "02.12.2020 23:57",
            "open": "26.4",
            "high": "26.4",
            "low": "26.39",
            "close": "26.3368"
        }
    ]
}