{
    "NMR-EUR": [
        {
            "time": "14.12.2020 23:53",
            "open": "23.6476",
            "high": "23.6476",
            "low": "23.6476",
            "close": "23.72"
        },
        {
            "time": "15.12.2020 00:03",
            "open": "23.72",
            "high": "23.72",
            "low": "23.671",
            "close": "23.7215"
        },
        {
            "time": "15.12.2020 00:06",
            "open": "23.7215",
            "high": "23.7215",
            "low": "23.7215",
            "close": "23.7215"
        },
        {
            "time": "15.12.2020 00:10",
            "open": "23.7215",
            "high": "23.7215",
            "low": "23.7215",
            "close": "23.6341"
        },
        {
            "time": "15.12.2020 00:15",
            "open": "23.6341",
            "high": "23.6341",
            "low": "23.6341",
            "close": "23.5742"
        },
        {
            "time": "15.12.2020 00:16",
            "open": "23.5742",
            "high": "23.5742",
            "low": "23.5726",
            "close": "23.5601"
        },
        {
            "time": "15.12.2020 00:17",
            "open": "23.5601",
            "high": "23.5601",
            "low": "23.4832",
            "close": "23.4792"
        },
        {
            "time": "15.12.2020 00:18",
            "open": "23.4792",
            "high": "23.4792",
            "low": "23.4792",
            "close": "23.461"
        },
        {
            "time": "15.12.2020 00:25",
            "open": "23.461",
            "high": "23.461",
            "low": "23.4575",
            "close": "23.4654"
        },
        {
            "time": "15.12.2020 00:26",
            "open": "23.4654",
            "high": "23.4654",
            "low": "23.4583",
            "close": "23.5073"
        },
        {
            "time": "15.12.2020 00:27",
            "open": "23.5073",
            "high": "23.5073",
            "low": "23.4661",
            "close": "23.5073"
        },
        {
            "time": "15.12.2020 00:28",
            "open": "23.5073",
            "high": "23.5073",
            "low": "23.4553",
            "close": "23.4541"
        },
        {
            "time": "15.12.2020 00:29",
            "open": "23.4541",
            "high": "23.4541",
            "low": "23.4366",
            "close": "23.4409"
        },
        {
            "time": "15.12.2020 00:30",
            "open": "23.4409",
            "high": "23.4409",
            "low": "23.4409",
            "close": "23.4475"
        },
        {
            "time": "15.12.2020 00:31",
            "open": "23.4475",
            "high": "23.4475",
            "low": "23.4475",
            "close": "23.4307"
        },
        {
            "time": "15.12.2020 00:34",
            "open": "23.4307",
            "high": "23.4307",
            "low": "23.3914",
            "close": "23.3901"
        },
        {
            "time": "15.12.2020 00:35",
            "open": "23.3901",
            "high": "23.3914",
            "low": "23.3901",
            "close": "23.3988"
        },
        {
            "time": "15.12.2020 00:41",
            "open": "23.3988",
            "high": "23.3988",
            "low": "23.3988",
            "close": "23.2963"
        },
        {
            "time": "15.12.2020 00:43",
            "open": "23.2963",
            "high": "23.2963",
            "low": "23.2943",
            "close": "23.527"
        },
        {
            "time": "15.12.2020 00:47",
            "open": "23.527",
            "high": "23.527",
            "low": "23.527",
            "close": "23.5048"
        },
        {
            "time": "15.12.2020 00:48",
            "open": "23.5048",
            "high": "23.5048",
            "low": "23.5048",
            "close": "23.5684"
        },
        {
            "time": "15.12.2020 00:51",
            "open": "23.5684",
            "high": "23.5684",
            "low": "23.5684",
            "close": "23.5969"
        },
        {
            "time": "15.12.2020 01:02",
            "open": "23.5969",
            "high": "23.5969",
            "low": "23.5969",
            "close": "23.5937"
        },
        {
            "time": "15.12.2020 01:05",
            "open": "23.5937",
            "high": "23.5937",
            "low": "23.5937",
            "close": "23.4949"
        },
        {
            "time": "15.12.2020 01:11",
            "open": "23.4949",
            "high": "23.4949",
            "low": "23.4949",
            "close": "23.3202"
        },
        {
            "time": "15.12.2020 01:12",
            "open": "23.3202",
            "high": "23.3615",
            "low": "23.32",
            "close": "23.3585"
        },
        {
            "time": "15.12.2020 01:24",
            "open": "23.3585",
            "high": "23.3587",
            "low": "23.3585",
            "close": "23.3596"
        },
        {
            "time": "15.12.2020 01:31",
            "open": "23.3596",
            "high": "23.7861",
            "low": "23.3596",
            "close": "23.6752"
        },
        {
            "time": "15.12.2020 01:35",
            "open": "23.6752",
            "high": "23.6752",
            "low": "23.6752",
            "close": "23.6516"
        },
        {
            "time": "15.12.2020 01:37",
            "open": "23.6516",
            "high": "23.6516",
            "low": "23.6516",
            "close": "23.68"
        },
        {
            "time": "15.12.2020 01:47",
            "open": "23.68",
            "high": "23.68",
            "low": "23.6616",
            "close": "23.6005"
        },
        {
            "time": "15.12.2020 01:48",
            "open": "23.6005",
            "high": "23.6005",
            "low": "23.6005",
            "close": "23.6064"
        },
        {
            "time": "15.12.2020 01:54",
            "open": "23.6064",
            "high": "23.6064",
            "low": "23.6064",
            "close": "23.5863"
        },
        {
            "time": "15.12.2020 01:56",
            "open": "23.5863",
            "high": "23.5863",
            "low": "23.5092",
            "close": "23.6187"
        },
        {
            "time": "15.12.2020 02:01",
            "open": "23.6187",
            "high": "23.6187",
            "low": "23.6187",
            "close": "23.5438"
        },
        {
            "time": "15.12.2020 02:12",
            "open": "23.5438",
            "high": "23.5438",
            "low": "23.532",
            "close": "23.5409"
        },
        {
            "time": "15.12.2020 02:13",
            "open": "23.5409",
            "high": "23.5409",
            "low": "23.5408",
            "close": "23.5421"
        },
        {
            "time": "15.12.2020 02:14",
            "open": "23.5421",
            "high": "23.5462",
            "low": "23.5376",
            "close": "23.5456"
        },
        {
            "time": "15.12.2020 02:15",
            "open": "23.5456",
            "high": "23.5456",
            "low": "23.5423",
            "close": "23.4542"
        },
        {
            "time": "15.12.2020 02:37",
            "open": "23.4542",
            "high": "23.4542",
            "low": "23.3",
            "close": "23.3"
        },
        {
            "time": "15.12.2020 02:39",
            "open": "23.3",
            "high": "23.3",
            "low": "23.3",
            "close": "23.2838"
        },
        {
            "time": "15.12.2020 02:45",
            "open": "23.2838",
            "high": "23.2854",
            "low": "23.2838",
            "close": "23.2831"
        },
        {
            "time": "15.12.2020 02:46",
            "open": "23.2831",
            "high": "23.2831",
            "low": "23.2043",
            "close": "23.1758"
        },
        {
            "time": "15.12.2020 02:49",
            "open": "23.1758",
            "high": "23.1758",
            "low": "23.1758",
            "close": "23.1758"
        },
        {
            "time": "15.12.2020 02:56",
            "open": "23.1758",
            "high": "23.1758",
            "low": "23.1758",
            "close": "23.1202"
        },
        {
            "time": "15.12.2020 02:57",
            "open": "23.1202",
            "high": "23.1202",
            "low": "23.1202",
            "close": "23.1332"
        },
        {
            "time": "15.12.2020 02:58",
            "open": "23.1332",
            "high": "23.1332",
            "low": "23.1332",
            "close": "23.1246"
        },
        {
            "time": "15.12.2020 03:00",
            "open": "23.1246",
            "high": "23.3929",
            "low": "23.1213",
            "close": "23.5513"
        },
        {
            "time": "15.12.2020 03:01",
            "open": "23.5513",
            "high": "23.5513",
            "low": "23.5513",
            "close": "23.3225"
        },
        {
            "time": "15.12.2020 03:05",
            "open": "23.3225",
            "high": "23.3376",
            "low": "23.3108",
            "close": "23.3316"
        },
        {
            "time": "15.12.2020 03:06",
            "open": "23.3316",
            "high": "23.3316",
            "low": "23.3316",
            "close": "23.3369"
        },
        {
            "time": "15.12.2020 03:10",
            "open": "23.3369",
            "high": "23.3369",
            "low": "23.3369",
            "close": "23.3231"
        },
        {
            "time": "15.12.2020 03:12",
            "open": "23.3231",
            "high": "23.3231",
            "low": "23.2985",
            "close": "23.545"
        },
        {
            "time": "15.12.2020 03:19",
            "open": "23.545",
            "high": "23.545",
            "low": "23.545",
            "close": "23.4076"
        },
        {
            "time": "15.12.2020 03:24",
            "open": "23.4076",
            "high": "23.4076",
            "low": "23.4076",
            "close": "23.3514"
        },
        {
            "time": "15.12.2020 03:26",
            "open": "23.3514",
            "high": "23.3514",
            "low": "23.3512",
            "close": "23.2533"
        },
        {
            "time": "15.12.2020 03:36",
            "open": "23.2533",
            "high": "23.5175",
            "low": "23.2533",
            "close": "23.5712"
        },
        {
            "time": "15.12.2020 03:38",
            "open": "23.5712",
            "high": "23.5712",
            "low": "23.5712",
            "close": "23.2714"
        },
        {
            "time": "15.12.2020 03:45",
            "open": "23.2714",
            "high": "23.2714",
            "low": "23.2712",
            "close": "23.3085"
        },
        {
            "time": "15.12.2020 04:24",
            "open": "23.3085",
            "high": "23.3085",
            "low": "23.3085",
            "close": "23.3385"
        },
        {
            "time": "15.12.2020 04:26",
            "open": "23.3385",
            "high": "23.3385",
            "low": "23.3385",
            "close": "23.3461"
        },
        {
            "time": "15.12.2020 05:02",
            "open": "23.3461",
            "high": "23.3461",
            "low": "23.3461",
            "close": "23.278"
        },
        {
            "time": "15.12.2020 05:07",
            "open": "23.278",
            "high": "23.278",
            "low": "23.278",
            "close": "23.2555"
        },
        {
            "time": "15.12.2020 05:08",
            "open": "23.2555",
            "high": "23.2555",
            "low": "23.252",
            "close": "23.2403"
        },
        {
            "time": "15.12.2020 05:09",
            "open": "23.2403",
            "high": "23.2403",
            "low": "23.2043",
            "close": "23.2246"
        },
        {
            "time": "15.12.2020 05:10",
            "open": "23.2246",
            "high": "23.232",
            "low": "23.2246",
            "close": "23.2357"
        },
        {
            "time": "15.12.2020 05:11",
            "open": "23.2357",
            "high": "23.2357",
            "low": "23.1736",
            "close": "23.1924"
        },
        {
            "time": "15.12.2020 05:21",
            "open": "23.1924",
            "high": "23.1924",
            "low": "23.1924",
            "close": "23.3036"
        },
        {
            "time": "15.12.2020 05:24",
            "open": "23.3036",
            "high": "23.3036",
            "low": "23.3036",
            "close": "23.2422"
        },
        {
            "time": "15.12.2020 05:30",
            "open": "23.2422",
            "high": "23.2833",
            "low": "23.2422",
            "close": "23.3937"
        },
        {
            "time": "15.12.2020 05:31",
            "open": "23.3937",
            "high": "23.4007",
            "low": "23.3937",
            "close": "23.1992"
        },
        {
            "time": "15.12.2020 05:45",
            "open": "23.1992",
            "high": "23.2677",
            "low": "23.1992",
            "close": "23.2568"
        },
        {
            "time": "15.12.2020 05:52",
            "open": "23.2568",
            "high": "23.2568",
            "low": "23.2568",
            "close": "23.1"
        },
        {
            "time": "15.12.2020 05:55",
            "open": "23.1",
            "high": "23.1",
            "low": "23.1",
            "close": "23.1629"
        },
        {
            "time": "15.12.2020 05:59",
            "open": "23.1629",
            "high": "23.1631",
            "low": "23.1629",
            "close": "23.139"
        },
        {
            "time": "15.12.2020 06:05",
            "open": "23.139",
            "high": "23.2208",
            "low": "23.139",
            "close": "23.1655"
        },
        {
            "time": "15.12.2020 06:06",
            "open": "23.1655",
            "high": "23.1655",
            "low": "23.1655",
            "close": "23.0972"
        },
        {
            "time": "15.12.2020 06:10",
            "open": "23.0972",
            "high": "23.0972",
            "low": "23.0972",
            "close": "23"
        },
        {
            "time": "15.12.2020 06:18",
            "open": "23",
            "high": "23",
            "low": "23",
            "close": "22.9901"
        },
        {
            "time": "15.12.2020 06:19",
            "open": "22.9901",
            "high": "22.9901",
            "low": "22.9901",
            "close": "22.9534"
        },
        {
            "time": "15.12.2020 06:20",
            "open": "22.9534",
            "high": "22.9534",
            "low": "22.9534",
            "close": "22.947"
        },
        {
            "time": "15.12.2020 06:25",
            "open": "22.947",
            "high": "23.0161",
            "low": "22.947",
            "close": "22.9237"
        },
        {
            "time": "15.12.2020 06:27",
            "open": "22.9237",
            "high": "22.9418",
            "low": "22.9171",
            "close": "22.9651"
        },
        {
            "time": "15.12.2020 06:28",
            "open": "22.9651",
            "high": "22.9703",
            "low": "22.963",
            "close": "22.9774"
        },
        {
            "time": "15.12.2020 06:29",
            "open": "22.9774",
            "high": "22.9774",
            "low": "22.9774",
            "close": "23.0146"
        },
        {
            "time": "15.12.2020 06:30",
            "open": "23.0146",
            "high": "23.0148",
            "low": "22.9683",
            "close": "22.9593"
        },
        {
            "time": "15.12.2020 06:31",
            "open": "22.9593",
            "high": "23.1291",
            "low": "22.9593",
            "close": "23.114"
        },
        {
            "time": "15.12.2020 06:32",
            "open": "23.114",
            "high": "23.1338",
            "low": "23.114",
            "close": "22.9718"
        },
        {
            "time": "15.12.2020 06:33",
            "open": "22.9718",
            "high": "22.9718",
            "low": "22.9718",
            "close": "23.0074"
        },
        {
            "time": "15.12.2020 06:34",
            "open": "23.0074",
            "high": "23.0513",
            "low": "23.0074",
            "close": "23.0498"
        },
        {
            "time": "15.12.2020 06:36",
            "open": "23.0498",
            "high": "23.079",
            "low": "23.0498",
            "close": "23.0815"
        },
        {
            "time": "15.12.2020 06:39",
            "open": "23.0815",
            "high": "23.0977",
            "low": "23.0815",
            "close": "23.0778"
        },
        {
            "time": "15.12.2020 06:40",
            "open": "23.0778",
            "high": "23.0778",
            "low": "23.0778",
            "close": "23.0133"
        },
        {
            "time": "15.12.2020 06:41",
            "open": "23.0133",
            "high": "23.0133",
            "low": "23.0133",
            "close": "23.0821"
        },
        {
            "time": "15.12.2020 06:42",
            "open": "23.0821",
            "high": "23.1106",
            "low": "23.0821",
            "close": "23.0654"
        },
        {
            "time": "15.12.2020 06:44",
            "open": "23.0654",
            "high": "23.0673",
            "low": "23.0548",
            "close": "22.9"
        },
        {
            "time": "15.12.2020 06:45",
            "open": "22.9",
            "high": "22.9",
            "low": "22.8825",
            "close": "22.8773"
        },
        {
            "time": "15.12.2020 06:46",
            "open": "22.8773",
            "high": "22.9277",
            "low": "22.8773",
            "close": "22.898"
        },
        {
            "time": "15.12.2020 06:47",
            "open": "22.898",
            "high": "22.9383",
            "low": "22.898",
            "close": "23.0665"
        },
        {
            "time": "15.12.2020 06:48",
            "open": "23.0665",
            "high": "23.0796",
            "low": "22.9441",
            "close": "22.9793"
        },
        {
            "time": "15.12.2020 06:49",
            "open": "22.9793",
            "high": "23.0259",
            "low": "22.9793",
            "close": "23.011"
        },
        {
            "time": "15.12.2020 06:51",
            "open": "23.011",
            "high": "23.011",
            "low": "23.004",
            "close": "23.0116"
        },
        {
            "time": "15.12.2020 06:52",
            "open": "23.0116",
            "high": "23.0116",
            "low": "23.0116",
            "close": "23.024"
        },
        {
            "time": "15.12.2020 06:53",
            "open": "23.024",
            "high": "23.1209",
            "low": "23.024",
            "close": "23.0979"
        },
        {
            "time": "15.12.2020 06:54",
            "open": "23.0979",
            "high": "23.1788",
            "low": "23.0979",
            "close": "23.172"
        },
        {
            "time": "15.12.2020 06:59",
            "open": "23.172",
            "high": "23.172",
            "low": "23.172",
            "close": "23.1745"
        },
        {
            "time": "15.12.2020 07:02",
            "open": "23.1745",
            "high": "23.1745",
            "low": "23.1745",
            "close": "23.1962"
        },
        {
            "time": "15.12.2020 07:07",
            "open": "23.1962",
            "high": "23.2057",
            "low": "23.1962",
            "close": "23.1497"
        },
        {
            "time": "15.12.2020 07:12",
            "open": "23.1497",
            "high": "23.1497",
            "low": "23.1497",
            "close": "23.1497"
        },
        {
            "time": "15.12.2020 07:19",
            "open": "23.1497",
            "high": "23.1497",
            "low": "23.1497",
            "close": "23.1864"
        },
        {
            "time": "15.12.2020 07:25",
            "open": "23.1864",
            "high": "23.2095",
            "low": "23.1864",
            "close": "23.3146"
        },
        {
            "time": "15.12.2020 07:27",
            "open": "23.3146",
            "high": "23.3231",
            "low": "23.3146",
            "close": "23.2559"
        },
        {
            "time": "15.12.2020 07:29",
            "open": "23.2559",
            "high": "23.2559",
            "low": "23.2559",
            "close": "23.2292"
        },
        {
            "time": "15.12.2020 07:30",
            "open": "23.2292",
            "high": "23.2292",
            "low": "23.0243",
            "close": "23.0368"
        },
        {
            "time": "15.12.2020 07:31",
            "open": "23.0368",
            "high": "23.2374",
            "low": "23.0368",
            "close": "23.2478"
        },
        {
            "time": "15.12.2020 07:32",
            "open": "23.2478",
            "high": "23.2478",
            "low": "23.1674",
            "close": "23.0586"
        },
        {
            "time": "15.12.2020 07:33",
            "open": "23.0586",
            "high": "23.0724",
            "low": "23.0586",
            "close": "23.1275"
        },
        {
            "time": "15.12.2020 07:35",
            "open": "23.1275",
            "high": "23.1821",
            "low": "23.1275",
            "close": "23.1"
        },
        {
            "time": "15.12.2020 07:36",
            "open": "23.1",
            "high": "23.1",
            "low": "23.1",
            "close": "23.1202"
        },
        {
            "time": "15.12.2020 07:37",
            "open": "23.1202",
            "high": "23.1202",
            "low": "23.1202",
            "close": "23.1741"
        },
        {
            "time": "15.12.2020 07:38",
            "open": "23.1741",
            "high": "23.1741",
            "low": "23.142",
            "close": "23.1421"
        },
        {
            "time": "15.12.2020 07:42",
            "open": "23.1421",
            "high": "23.1421",
            "low": "23.1421",
            "close": "23.1907"
        },
        {
            "time": "15.12.2020 07:43",
            "open": "23.1907",
            "high": "23.1907",
            "low": "23.1907",
            "close": "23.2959"
        },
        {
            "time": "15.12.2020 07:45",
            "open": "23.2959",
            "high": "23.2959",
            "low": "23.2959",
            "close": "23.2959"
        },
        {
            "time": "15.12.2020 07:46",
            "open": "23.2959",
            "high": "23.2959",
            "low": "23.2959",
            "close": "23.2546"
        },
        {
            "time": "15.12.2020 07:49",
            "open": "23.2546",
            "high": "23.2546",
            "low": "23.2546",
            "close": "23.2285"
        },
        {
            "time": "15.12.2020 07:50",
            "open": "23.2285",
            "high": "23.2285",
            "low": "23.2285",
            "close": "23.2288"
        },
        {
            "time": "15.12.2020 07:57",
            "open": "23.2288",
            "high": "23.2319",
            "low": "23.2288",
            "close": "23.1809"
        },
        {
            "time": "15.12.2020 07:59",
            "open": "23.1809",
            "high": "23.2019",
            "low": "23.1809",
            "close": "23.1359"
        },
        {
            "time": "15.12.2020 08:02",
            "open": "23.1359",
            "high": "23.1359",
            "low": "23.1359",
            "close": "23.2015"
        },
        {
            "time": "15.12.2020 08:06",
            "open": "23.2015",
            "high": "23.2017",
            "low": "23.2015",
            "close": "23.2048"
        },
        {
            "time": "15.12.2020 08:07",
            "open": "23.2048",
            "high": "23.2048",
            "low": "23.2048",
            "close": "23.1364"
        },
        {
            "time": "15.12.2020 08:08",
            "open": "23.1364",
            "high": "23.1364",
            "low": "23.1364",
            "close": "23.0504"
        },
        {
            "time": "15.12.2020 08:09",
            "open": "23.0504",
            "high": "23.0504",
            "low": "23.0504",
            "close": "23.0467"
        },
        {
            "time": "15.12.2020 08:10",
            "open": "23.0467",
            "high": "23.2883",
            "low": "23.0467",
            "close": "23.287"
        },
        {
            "time": "15.12.2020 08:11",
            "open": "23.287",
            "high": "23.3018",
            "low": "23.1185",
            "close": "23.1559"
        },
        {
            "time": "15.12.2020 08:12",
            "open": "23.1559",
            "high": "23.1998",
            "low": "23.15",
            "close": "23.1"
        },
        {
            "time": "15.12.2020 08:14",
            "open": "23.1",
            "high": "23.1",
            "low": "23.1",
            "close": "23.0641"
        },
        {
            "time": "15.12.2020 08:16",
            "open": "23.0641",
            "high": "23.3118",
            "low": "23.0641",
            "close": "23.2226"
        },
        {
            "time": "15.12.2020 08:17",
            "open": "23.2226",
            "high": "23.2241",
            "low": "23.1614",
            "close": "23.1882"
        },
        {
            "time": "15.12.2020 08:20",
            "open": "23.1882",
            "high": "23.1882",
            "low": "23.1856",
            "close": "23.2735"
        },
        {
            "time": "15.12.2020 08:21",
            "open": "23.2735",
            "high": "23.4981",
            "low": "23.2735",
            "close": "23.3526"
        },
        {
            "time": "15.12.2020 08:22",
            "open": "23.3526",
            "high": "23.5339",
            "low": "23.3526",
            "close": "23.3151"
        },
        {
            "time": "15.12.2020 08:24",
            "open": "23.3151",
            "high": "23.3364",
            "low": "23.3151",
            "close": "23.3498"
        },
        {
            "time": "15.12.2020 08:25",
            "open": "23.3498",
            "high": "23.3541",
            "low": "23.3124",
            "close": "23.3192"
        },
        {
            "time": "15.12.2020 08:26",
            "open": "23.3192",
            "high": "23.3193",
            "low": "23.3192",
            "close": "23.2509"
        },
        {
            "time": "15.12.2020 08:33",
            "open": "23.2509",
            "high": "23.2509",
            "low": "23.2509",
            "close": "23.2633"
        },
        {
            "time": "15.12.2020 08:35",
            "open": "23.2633",
            "high": "23.2633",
            "low": "23.2633",
            "close": "23.1164"
        },
        {
            "time": "15.12.2020 08:40",
            "open": "23.1164",
            "high": "23.1164",
            "low": "23.1164",
            "close": "23.1426"
        },
        {
            "time": "15.12.2020 08:41",
            "open": "23.1426",
            "high": "23.3677",
            "low": "23.1426",
            "close": "23.401"
        },
        {
            "time": "15.12.2020 08:43",
            "open": "23.401",
            "high": "23.401",
            "low": "23.401",
            "close": "23.2758"
        },
        {
            "time": "15.12.2020 08:46",
            "open": "23.2758",
            "high": "23.2984",
            "low": "23.2758",
            "close": "23.2974"
        },
        {
            "time": "15.12.2020 08:50",
            "open": "23.2974",
            "high": "23.2974",
            "low": "23.2974",
            "close": "23.2947"
        },
        {
            "time": "15.12.2020 08:54",
            "open": "23.2947",
            "high": "23.2947",
            "low": "23.2231",
            "close": "23.4435"
        },
        {
            "time": "15.12.2020 08:59",
            "open": "23.4435",
            "high": "23.5004",
            "low": "23.4435",
            "close": "23.5288"
        },
        {
            "time": "15.12.2020 09:11",
            "open": "23.5288",
            "high": "23.536",
            "low": "23.5288",
            "close": "23.5131"
        },
        {
            "time": "15.12.2020 09:16",
            "open": "23.5131",
            "high": "23.5513",
            "low": "23.5131",
            "close": "23.5458"
        },
        {
            "time": "15.12.2020 09:22",
            "open": "23.5458",
            "high": "23.6032",
            "low": "23.5458",
            "close": "23.6032"
        },
        {
            "time": "15.12.2020 09:24",
            "open": "23.6032",
            "high": "23.6452",
            "low": "23.5756",
            "close": "23.4879"
        },
        {
            "time": "15.12.2020 09:25",
            "open": "23.4879",
            "high": "23.4879",
            "low": "23.4043",
            "close": "23.372"
        },
        {
            "time": "15.12.2020 09:26",
            "open": "23.372",
            "high": "23.3732",
            "low": "23.372",
            "close": "23.2851"
        },
        {
            "time": "15.12.2020 09:30",
            "open": "23.2851",
            "high": "23.2851",
            "low": "23.2851",
            "close": "23.3554"
        },
        {
            "time": "15.12.2020 09:43",
            "open": "23.3554",
            "high": "23.4012",
            "low": "23.3554",
            "close": "23.4963"
        },
        {
            "time": "15.12.2020 09:44",
            "open": "23.4963",
            "high": "23.6435",
            "low": "23.3502",
            "close": "23.3943"
        },
        {
            "time": "15.12.2020 09:45",
            "open": "23.3943",
            "high": "23.6062",
            "low": "23.3941",
            "close": "23.3401"
        },
        {
            "time": "15.12.2020 09:57",
            "open": "23.3401",
            "high": "23.3401",
            "low": "23.3401",
            "close": "23.4466"
        },
        {
            "time": "15.12.2020 10:04",
            "open": "23.4466",
            "high": "23.4466",
            "low": "23.4466",
            "close": "23.4466"
        },
        {
            "time": "15.12.2020 10:05",
            "open": "23.4466",
            "high": "23.5911",
            "low": "23.4466",
            "close": "23.5256"
        },
        {
            "time": "15.12.2020 10:06",
            "open": "23.5256",
            "high": "23.5396",
            "low": "23.5203",
            "close": "23.4425"
        },
        {
            "time": "15.12.2020 10:11",
            "open": "23.4425",
            "high": "23.4425",
            "low": "23.4425",
            "close": "23.4002"
        },
        {
            "time": "15.12.2020 10:13",
            "open": "23.4002",
            "high": "23.4571",
            "low": "23.4002",
            "close": "23.4581"
        },
        {
            "time": "15.12.2020 10:14",
            "open": "23.4581",
            "high": "23.4581",
            "low": "23.4581",
            "close": "23.4033"
        },
        {
            "time": "15.12.2020 10:16",
            "open": "23.4033",
            "high": "23.4033",
            "low": "23.4033",
            "close": "23.4243"
        },
        {
            "time": "15.12.2020 10:18",
            "open": "23.4243",
            "high": "23.4243",
            "low": "23.4243",
            "close": "23.2043"
        },
        {
            "time": "15.12.2020 10:40",
            "open": "23.2043",
            "high": "23.2044",
            "low": "23.2043",
            "close": "23.2043"
        },
        {
            "time": "15.12.2020 10:41",
            "open": "23.2043",
            "high": "23.2043",
            "low": "23.2043",
            "close": "23.1966"
        },
        {
            "time": "15.12.2020 10:45",
            "open": "23.1966",
            "high": "23.1974",
            "low": "23.1966",
            "close": "23.2001"
        },
        {
            "time": "15.12.2020 10:46",
            "open": "23.2001",
            "high": "23.2342",
            "low": "23.2001",
            "close": "23.1868"
        },
        {
            "time": "15.12.2020 10:58",
            "open": "23.1868",
            "high": "23.1868",
            "low": "23.1703",
            "close": "23.1767"
        },
        {
            "time": "15.12.2020 10:59",
            "open": "23.1767",
            "high": "23.1767",
            "low": "23.1767",
            "close": "23.2249"
        },
        {
            "time": "15.12.2020 11:06",
            "open": "23.2249",
            "high": "23.2249",
            "low": "23.2249",
            "close": "23.1805"
        },
        {
            "time": "15.12.2020 11:11",
            "open": "23.1805",
            "high": "23.2003",
            "low": "23.1805",
            "close": "23.2004"
        },
        {
            "time": "15.12.2020 11:14",
            "open": "23.2004",
            "high": "23.2005",
            "low": "23.2001",
            "close": "23.2"
        },
        {
            "time": "15.12.2020 11:15",
            "open": "23.2",
            "high": "23.2003",
            "low": "23.2",
            "close": "23.2001"
        },
        {
            "time": "15.12.2020 11:16",
            "open": "23.2001",
            "high": "23.2001",
            "low": "23.2001",
            "close": "23.227"
        },
        {
            "time": "15.12.2020 11:25",
            "open": "23.227",
            "high": "23.2272",
            "low": "23.227",
            "close": "23.227"
        },
        {
            "time": "15.12.2020 11:26",
            "open": "23.227",
            "high": "23.2272",
            "low": "23.227",
            "close": "23.237"
        },
        {
            "time": "15.12.2020 11:28",
            "open": "23.237",
            "high": "23.2372",
            "low": "23.237",
            "close": "23.2127"
        },
        {
            "time": "15.12.2020 11:30",
            "open": "23.2127",
            "high": "23.2127",
            "low": "23.2127",
            "close": "23.2478"
        },
        {
            "time": "15.12.2020 11:40",
            "open": "23.2478",
            "high": "23.2478",
            "low": "23.2335",
            "close": "23.2001"
        },
        {
            "time": "15.12.2020 11:41",
            "open": "23.2001",
            "high": "23.2003",
            "low": "23.2",
            "close": "23.2001"
        },
        {
            "time": "15.12.2020 11:42",
            "open": "23.2001",
            "high": "23.3563",
            "low": "23.2001",
            "close": "23.2965"
        },
        {
            "time": "15.12.2020 11:43",
            "open": "23.2965",
            "high": "23.2965",
            "low": "23.2867",
            "close": "23.2464"
        },
        {
            "time": "15.12.2020 11:44",
            "open": "23.2464",
            "high": "23.2464",
            "low": "23.2464",
            "close": "23.2248"
        },
        {
            "time": "15.12.2020 11:45",
            "open": "23.2248",
            "high": "23.2248",
            "low": "23.2248",
            "close": "23.2228"
        },
        {
            "time": "15.12.2020 11:46",
            "open": "23.2228",
            "high": "23.3394",
            "low": "23.2216",
            "close": "23.3131"
        },
        {
            "time": "15.12.2020 11:50",
            "open": "23.3131",
            "high": "23.3132",
            "low": "23.3131",
            "close": "23.2746"
        },
        {
            "time": "15.12.2020 11:54",
            "open": "23.2746",
            "high": "23.3021",
            "low": "23.2746",
            "close": "23.2973"
        },
        {
            "time": "15.12.2020 11:58",
            "open": "23.2973",
            "high": "23.2973",
            "low": "23.2973",
            "close": "23.2788"
        },
        {
            "time": "15.12.2020 11:59",
            "open": "23.2788",
            "high": "23.3021",
            "low": "23.2788",
            "close": "23.2541"
        },
        {
            "time": "15.12.2020 12:00",
            "open": "23.2541",
            "high": "23.3019",
            "low": "23.2514",
            "close": "23.3014"
        },
        {
            "time": "15.12.2020 12:01",
            "open": "23.3014",
            "high": "23.3014",
            "low": "23.3014",
            "close": "23.2832"
        },
        {
            "time": "15.12.2020 12:03",
            "open": "23.2832",
            "high": "23.2832",
            "low": "23.2832",
            "close": "23.3064"
        },
        {
            "time": "15.12.2020 12:06",
            "open": "23.3064",
            "high": "23.3064",
            "low": "23.2715",
            "close": "23.2445"
        },
        {
            "time": "15.12.2020 12:11",
            "open": "23.2445",
            "high": "23.2445",
            "low": "23.2445",
            "close": "23.2636"
        },
        {
            "time": "15.12.2020 12:12",
            "open": "23.2636",
            "high": "23.2636",
            "low": "23.2636",
            "close": "23.2929"
        },
        {
            "time": "15.12.2020 12:13",
            "open": "23.2929",
            "high": "23.2929",
            "low": "23.2929",
            "close": "23.2687"
        },
        {
            "time": "15.12.2020 12:25",
            "open": "23.2687",
            "high": "23.2687",
            "low": "23.2687",
            "close": "23.2279"
        },
        {
            "time": "15.12.2020 12:45",
            "open": "23.2279",
            "high": "23.2279",
            "low": "23.2279",
            "close": "23.2314"
        },
        {
            "time": "15.12.2020 12:46",
            "open": "23.2314",
            "high": "23.2314",
            "low": "23.2314",
            "close": "23.2876"
        },
        {
            "time": "15.12.2020 12:48",
            "open": "23.2876",
            "high": "23.2876",
            "low": "23.2876",
            "close": "23.2374"
        },
        {
            "time": "15.12.2020 13:03",
            "open": "23.2374",
            "high": "23.2482",
            "low": "23.2374",
            "close": "23.2361"
        },
        {
            "time": "15.12.2020 13:04",
            "open": "23.2361",
            "high": "23.2361",
            "low": "23.2361",
            "close": "23.2"
        },
        {
            "time": "15.12.2020 13:06",
            "open": "23.2",
            "high": "23.2242",
            "low": "23.2",
            "close": "23.2"
        },
        {
            "time": "15.12.2020 13:07",
            "open": "23.2",
            "high": "23.2",
            "low": "23.2",
            "close": "23.2001"
        },
        {
            "time": "15.12.2020 13:08",
            "open": "23.2001",
            "high": "23.2001",
            "low": "23.2001",
            "close": "23.2"
        },
        {
            "time": "15.12.2020 13:11",
            "open": "23.2",
            "high": "23.2043",
            "low": "23.2",
            "close": "23.2001"
        },
        {
            "time": "15.12.2020 13:12",
            "open": "23.2001",
            "high": "23.2044",
            "low": "23.2",
            "close": "23.2001"
        },
        {
            "time": "15.12.2020 13:13",
            "open": "23.2001",
            "high": "23.2031",
            "low": "23.2001",
            "close": "23.2019"
        },
        {
            "time": "15.12.2020 13:14",
            "open": "23.2019",
            "high": "23.202",
            "low": "23.2001",
            "close": "23.2782"
        },
        {
            "time": "15.12.2020 13:24",
            "open": "23.2782",
            "high": "23.2792",
            "low": "23.2782",
            "close": "23.2787"
        },
        {
            "time": "15.12.2020 13:25",
            "open": "23.2787",
            "high": "23.5512",
            "low": "23.2787",
            "close": "23.3786"
        },
        {
            "time": "15.12.2020 13:26",
            "open": "23.3786",
            "high": "23.4047",
            "low": "23.3771",
            "close": "23.4419"
        },
        {
            "time": "15.12.2020 13:27",
            "open": "23.4419",
            "high": "23.4816",
            "low": "23.4419",
            "close": "23.4609"
        },
        {
            "time": "15.12.2020 13:28",
            "open": "23.4609",
            "high": "23.4609",
            "low": "23.3351",
            "close": "23.34"
        },
        {
            "time": "15.12.2020 13:31",
            "open": "23.34",
            "high": "23.34",
            "low": "23.34",
            "close": "23.3452"
        },
        {
            "time": "15.12.2020 13:33",
            "open": "23.3452",
            "high": "23.3452",
            "low": "23.3452",
            "close": "23.2383"
        },
        {
            "time": "15.12.2020 13:41",
            "open": "23.2383",
            "high": "23.2384",
            "low": "23.2383",
            "close": "23.2214"
        },
        {
            "time": "15.12.2020 13:42",
            "open": "23.2214",
            "high": "23.2214",
            "low": "23.2214",
            "close": "23.2"
        },
        {
            "time": "15.12.2020 13:43",
            "open": "23.2",
            "high": "23.22",
            "low": "23.2",
            "close": "23.2"
        },
        {
            "time": "15.12.2020 13:45",
            "open": "23.2",
            "high": "23.2",
            "low": "23.2",
            "close": "23.2"
        },
        {
            "time": "15.12.2020 13:46",
            "open": "23.2",
            "high": "23.215",
            "low": "23.2",
            "close": "23.3186"
        },
        {
            "time": "15.12.2020 13:50",
            "open": "23.3186",
            "high": "23.3186",
            "low": "23.3186",
            "close": "23.3564"
        },
        {
            "time": "15.12.2020 13:51",
            "open": "23.3564",
            "high": "23.5251",
            "low": "23.3564",
            "close": "23.5251"
        },
        {
            "time": "15.12.2020 13:52",
            "open": "23.5251",
            "high": "23.5251",
            "low": "23.5251",
            "close": "23.5171"
        },
        {
            "time": "15.12.2020 13:56",
            "open": "23.5171",
            "high": "23.5171",
            "low": "23.5171",
            "close": "23.5513"
        },
        {
            "time": "15.12.2020 13:59",
            "open": "23.5513",
            "high": "23.5513",
            "low": "23.5513",
            "close": "23.5651"
        },
        {
            "time": "15.12.2020 14:02",
            "open": "23.5651",
            "high": "23.5651",
            "low": "23.5635",
            "close": "23.5195"
        },
        {
            "time": "15.12.2020 14:04",
            "open": "23.5195",
            "high": "23.5195",
            "low": "23.5195",
            "close": "23.4984"
        },
        {
            "time": "15.12.2020 14:05",
            "open": "23.4984",
            "high": "23.4984",
            "low": "23.4607",
            "close": "23.4092"
        },
        {
            "time": "15.12.2020 14:09",
            "open": "23.4092",
            "high": "23.4092",
            "low": "23.3952",
            "close": "23.4715"
        },
        {
            "time": "15.12.2020 14:11",
            "open": "23.4715",
            "high": "23.4779",
            "low": "23.4274",
            "close": "23.4274"
        },
        {
            "time": "15.12.2020 14:12",
            "open": "23.4274",
            "high": "23.4274",
            "low": "23.3062",
            "close": "23.3277"
        },
        {
            "time": "15.12.2020 14:13",
            "open": "23.3277",
            "high": "23.3326",
            "low": "23.2994",
            "close": "23.2425"
        },
        {
            "time": "15.12.2020 14:14",
            "open": "23.2425",
            "high": "23.2464",
            "low": "23.2425",
            "close": "23.2311"
        },
        {
            "time": "15.12.2020 14:16",
            "open": "23.2311",
            "high": "23.2311",
            "low": "23.1919",
            "close": "23.1843"
        },
        {
            "time": "15.12.2020 14:22",
            "open": "23.1843",
            "high": "23.1843",
            "low": "23.1843",
            "close": "23.1795"
        },
        {
            "time": "15.12.2020 14:27",
            "open": "23.1795",
            "high": "23.3785",
            "low": "23.1795",
            "close": "23.2921"
        },
        {
            "time": "15.12.2020 14:28",
            "open": "23.2921",
            "high": "23.2921",
            "low": "23.2493",
            "close": "23.3024"
        },
        {
            "time": "15.12.2020 14:29",
            "open": "23.3024",
            "high": "23.3671",
            "low": "23.3024",
            "close": "23.476"
        },
        {
            "time": "15.12.2020 14:30",
            "open": "23.476",
            "high": "23.476",
            "low": "23.476",
            "close": "23.3428"
        },
        {
            "time": "15.12.2020 14:31",
            "open": "23.3428",
            "high": "23.3428",
            "low": "23.2043",
            "close": "23.1446"
        },
        {
            "time": "15.12.2020 14:33",
            "open": "23.1446",
            "high": "23.1635",
            "low": "23.1446",
            "close": "23.2219"
        },
        {
            "time": "15.12.2020 14:34",
            "open": "23.2219",
            "high": "23.2219",
            "low": "23.2219",
            "close": "23.1792"
        },
        {
            "time": "15.12.2020 14:35",
            "open": "23.1792",
            "high": "23.2388",
            "low": "23.1771",
            "close": "23.2784"
        },
        {
            "time": "15.12.2020 14:38",
            "open": "23.2784",
            "high": "23.352",
            "low": "23.2095",
            "close": "23.1165"
        },
        {
            "time": "15.12.2020 14:41",
            "open": "23.1165",
            "high": "23.1341",
            "low": "23.1165",
            "close": "23.1925"
        },
        {
            "time": "15.12.2020 14:43",
            "open": "23.1925",
            "high": "23.1925",
            "low": "23.1925",
            "close": "23.16"
        },
        {
            "time": "15.12.2020 14:45",
            "open": "23.16",
            "high": "23.2169",
            "low": "23.16",
            "close": "23.2207"
        },
        {
            "time": "15.12.2020 14:46",
            "open": "23.2207",
            "high": "23.2246",
            "low": "23.2207",
            "close": "23.1647"
        },
        {
            "time": "15.12.2020 14:53",
            "open": "23.1647",
            "high": "23.1647",
            "low": "23.1647",
            "close": "23.178"
        },
        {
            "time": "15.12.2020 14:54",
            "open": "23.178",
            "high": "23.2",
            "low": "23.178",
            "close": "23.2167"
        },
        {
            "time": "15.12.2020 14:57",
            "open": "23.2167",
            "high": "23.222",
            "low": "23.2",
            "close": "23.21"
        },
        {
            "time": "15.12.2020 14:58",
            "open": "23.21",
            "high": "23.2631",
            "low": "23.21",
            "close": "23.2631"
        },
        {
            "time": "15.12.2020 15:07",
            "open": "23.2631",
            "high": "23.2631",
            "low": "23.2631",
            "close": "23.21"
        },
        {
            "time": "15.12.2020 15:17",
            "open": "23.21",
            "high": "23.21",
            "low": "23.21",
            "close": "23.21"
        },
        {
            "time": "15.12.2020 15:18",
            "open": "23.21",
            "high": "23.2204",
            "low": "23.2",
            "close": "23.2038"
        },
        {
            "time": "15.12.2020 15:19",
            "open": "23.2038",
            "high": "23.2038",
            "low": "23.2038",
            "close": "23.266"
        },
        {
            "time": "15.12.2020 15:21",
            "open": "23.266",
            "high": "23.266",
            "low": "23.266",
            "close": "23.2522"
        },
        {
            "time": "15.12.2020 15:23",
            "open": "23.2522",
            "high": "23.2638",
            "low": "23.2522",
            "close": "23.2038"
        },
        {
            "time": "15.12.2020 15:24",
            "open": "23.2038",
            "high": "23.206",
            "low": "23.2038",
            "close": "23.2038"
        },
        {
            "time": "15.12.2020 15:25",
            "open": "23.2038",
            "high": "23.2118",
            "low": "23.2",
            "close": "23.2"
        },
        {
            "time": "15.12.2020 15:27",
            "open": "23.2",
            "high": "23.2274",
            "low": "23.2",
            "close": "23.2222"
        },
        {
            "time": "15.12.2020 15:29",
            "open": "23.2222",
            "high": "23.2222",
            "low": "23.2222",
            "close": "23.2025"
        },
        {
            "time": "15.12.2020 15:32",
            "open": "23.2025",
            "high": "23.2209",
            "low": "23.2",
            "close": "23.2179"
        },
        {
            "time": "15.12.2020 15:39",
            "open": "23.2179",
            "high": "23.2179",
            "low": "23.2",
            "close": "23.2"
        },
        {
            "time": "15.12.2020 15:40",
            "open": "23.2",
            "high": "23.2",
            "low": "23.2",
            "close": "23.0685"
        },
        {
            "time": "15.12.2020 15:41",
            "open": "23.0685",
            "high": "23.0685",
            "low": "23.0685",
            "close": "23.07"
        },
        {
            "time": "15.12.2020 15:42",
            "open": "23.07",
            "high": "23.0707",
            "low": "23",
            "close": "22.9995"
        },
        {
            "time": "15.12.2020 15:43",
            "open": "22.9995",
            "high": "22.9995",
            "low": "22.9901",
            "close": "23.0144"
        },
        {
            "time": "15.12.2020 15:44",
            "open": "23.0144",
            "high": "23.0144",
            "low": "22.9386",
            "close": "22.9155"
        },
        {
            "time": "15.12.2020 15:46",
            "open": "22.9155",
            "high": "22.9362",
            "low": "22.9155",
            "close": "23.0101"
        },
        {
            "time": "15.12.2020 15:47",
            "open": "23.0101",
            "high": "23.0102",
            "low": "23.0038",
            "close": "22.9242"
        },
        {
            "time": "15.12.2020 15:48",
            "open": "22.9242",
            "high": "22.9242",
            "low": "22.9242",
            "close": "22.9996"
        },
        {
            "time": "15.12.2020 15:52",
            "open": "22.9996",
            "high": "23.215",
            "low": "22.9996",
            "close": "23.0671"
        },
        {
            "time": "15.12.2020 15:53",
            "open": "23.0671",
            "high": "23.0671",
            "low": "23.0632",
            "close": "23.0808"
        },
        {
            "time": "15.12.2020 15:55",
            "open": "23.0808",
            "high": "23.0808",
            "low": "23.0808",
            "close": "23.1223"
        },
        {
            "time": "15.12.2020 16:05",
            "open": "23.1223",
            "high": "23.1223",
            "low": "23.1223",
            "close": "23.0892"
        },
        {
            "time": "15.12.2020 16:06",
            "open": "23.0892",
            "high": "23.0892",
            "low": "23.0892",
            "close": "23.1089"
        },
        {
            "time": "15.12.2020 16:07",
            "open": "23.1089",
            "high": "23.1089",
            "low": "23.1088",
            "close": "22.925"
        },
        {
            "time": "15.12.2020 16:12",
            "open": "22.925",
            "high": "22.925",
            "low": "22.925",
            "close": "22.925"
        },
        {
            "time": "15.12.2020 16:13",
            "open": "22.925",
            "high": "22.925",
            "low": "22.9242",
            "close": "22.9367"
        },
        {
            "time": "15.12.2020 16:14",
            "open": "22.9367",
            "high": "22.9367",
            "low": "22.9367",
            "close": "22.9336"
        },
        {
            "time": "15.12.2020 16:15",
            "open": "22.9336",
            "high": "23.158",
            "low": "22.9336",
            "close": "23.1653"
        },
        {
            "time": "15.12.2020 16:16",
            "open": "23.1653",
            "high": "23.1653",
            "low": "23.1499",
            "close": "23.0459"
        },
        {
            "time": "15.12.2020 16:17",
            "open": "23.0459",
            "high": "23.046",
            "low": "23.0459",
            "close": "23.1729"
        },
        {
            "time": "15.12.2020 16:19",
            "open": "23.1729",
            "high": "23.1729",
            "low": "23.1729",
            "close": "23.0065"
        },
        {
            "time": "15.12.2020 16:25",
            "open": "23.0065",
            "high": "23.0065",
            "low": "23.0065",
            "close": "23.0205"
        },
        {
            "time": "15.12.2020 16:31",
            "open": "23.0205",
            "high": "23.0205",
            "low": "23.0205",
            "close": "22.99"
        },
        {
            "time": "15.12.2020 16:40",
            "open": "22.99",
            "high": "22.99",
            "low": "22.99",
            "close": "22.9602"
        },
        {
            "time": "15.12.2020 16:42",
            "open": "22.9602",
            "high": "22.9602",
            "low": "22.9602",
            "close": "22.9457"
        },
        {
            "time": "15.12.2020 16:46",
            "open": "22.9457",
            "high": "22.9457",
            "low": "22.9457",
            "close": "22.93"
        },
        {
            "time": "15.12.2020 16:48",
            "open": "22.93",
            "high": "22.93",
            "low": "22.93",
            "close": "22.8573"
        },
        {
            "time": "15.12.2020 16:52",
            "open": "22.8573",
            "high": "22.8724",
            "low": "22.8024",
            "close": "22.8724"
        },
        {
            "time": "15.12.2020 16:58",
            "open": "22.8724",
            "high": "22.8724",
            "low": "22.854",
            "close": "22.854"
        },
        {
            "time": "15.12.2020 16:59",
            "open": "22.854",
            "high": "22.854",
            "low": "22.845",
            "close": "22.845"
        },
        {
            "time": "15.12.2020 17:00",
            "open": "22.845",
            "high": "22.845",
            "low": "22.845",
            "close": "22.841"
        },
        {
            "time": "15.12.2020 17:01",
            "open": "22.841",
            "high": "22.841",
            "low": "22.8298",
            "close": "22.802"
        },
        {
            "time": "15.12.2020 17:02",
            "open": "22.802",
            "high": "22.802",
            "low": "22.8",
            "close": "22.7955"
        },
        {
            "time": "15.12.2020 17:03",
            "open": "22.7955",
            "high": "23.9811",
            "low": "22.746",
            "close": "22.86"
        },
        {
            "time": "15.12.2020 17:05",
            "open": "22.86",
            "high": "22.86",
            "low": "22.86",
            "close": "22.8147"
        },
        {
            "time": "15.12.2020 17:08",
            "open": "22.8147",
            "high": "22.8147",
            "low": "22.8147",
            "close": "22.8703"
        },
        {
            "time": "15.12.2020 17:10",
            "open": "22.8703",
            "high": "22.8703",
            "low": "22.8703",
            "close": "22.8921"
        },
        {
            "time": "15.12.2020 17:14",
            "open": "22.8921",
            "high": "22.8921",
            "low": "22.8921",
            "close": "22.8466"
        },
        {
            "time": "15.12.2020 17:22",
            "open": "22.8466",
            "high": "22.8466",
            "low": "22.8141",
            "close": "22.9012"
        },
        {
            "time": "15.12.2020 17:27",
            "open": "22.9012",
            "high": "22.9012",
            "low": "22.9012",
            "close": "22.8965"
        },
        {
            "time": "15.12.2020 17:30",
            "open": "22.8965",
            "high": "22.8965",
            "low": "22.8965",
            "close": "22.8627"
        },
        {
            "time": "15.12.2020 17:31",
            "open": "22.8627",
            "high": "22.8627",
            "low": "22.8627",
            "close": "22.8"
        },
        {
            "time": "15.12.2020 17:32",
            "open": "22.8",
            "high": "22.8537",
            "low": "22.6409",
            "close": "22.7656"
        },
        {
            "time": "15.12.2020 17:35",
            "open": "22.7656",
            "high": "22.7656",
            "low": "22.7656",
            "close": "22.7656"
        },
        {
            "time": "15.12.2020 17:36",
            "open": "22.7656",
            "high": "22.7656",
            "low": "22.7656",
            "close": "22.7797"
        },
        {
            "time": "15.12.2020 17:37",
            "open": "22.7797",
            "high": "22.7797",
            "low": "22.7797",
            "close": "22.7746"
        },
        {
            "time": "15.12.2020 17:39",
            "open": "22.7746",
            "high": "22.7796",
            "low": "22.7746",
            "close": "22.71"
        },
        {
            "time": "15.12.2020 17:41",
            "open": "22.71",
            "high": "22.7384",
            "low": "22.71",
            "close": "22.685"
        },
        {
            "time": "15.12.2020 17:42",
            "open": "22.685",
            "high": "22.7304",
            "low": "22.685",
            "close": "22.661"
        },
        {
            "time": "15.12.2020 17:49",
            "open": "22.661",
            "high": "22.661",
            "low": "22.661",
            "close": "22.7104"
        },
        {
            "time": "15.12.2020 17:53",
            "open": "22.7104",
            "high": "22.7104",
            "low": "22.7104",
            "close": "22.6342"
        },
        {
            "time": "15.12.2020 17:54",
            "open": "22.6342",
            "high": "22.6342",
            "low": "22.6331",
            "close": "22.5837"
        },
        {
            "time": "15.12.2020 17:55",
            "open": "22.5837",
            "high": "22.6724",
            "low": "22.5837",
            "close": "22.5864"
        },
        {
            "time": "15.12.2020 17:56",
            "open": "22.5864",
            "high": "22.6227",
            "low": "22.5864",
            "close": "22.5947"
        },
        {
            "time": "15.12.2020 17:58",
            "open": "22.5947",
            "high": "22.5955",
            "low": "22.525",
            "close": "22.532"
        },
        {
            "time": "15.12.2020 17:59",
            "open": "22.532",
            "high": "22.5836",
            "low": "22.532",
            "close": "22.574"
        },
        {
            "time": "15.12.2020 18:00",
            "open": "22.574",
            "high": "22.574",
            "low": "22.5",
            "close": "22.5415"
        },
        {
            "time": "15.12.2020 18:04",
            "open": "22.5415",
            "high": "22.5419",
            "low": "22.5415",
            "close": "22.5448"
        },
        {
            "time": "15.12.2020 18:05",
            "open": "22.5448",
            "high": "22.5514",
            "low": "22.5448",
            "close": "22.5901"
        },
        {
            "time": "15.12.2020 18:06",
            "open": "22.5901",
            "high": "22.628",
            "low": "22.5901",
            "close": "22.5947"
        },
        {
            "time": "15.12.2020 18:08",
            "open": "22.5947",
            "high": "22.6005",
            "low": "22.5947",
            "close": "22.6005"
        },
        {
            "time": "15.12.2020 18:09",
            "open": "22.6005",
            "high": "22.6005",
            "low": "22.5922",
            "close": "22.5293"
        },
        {
            "time": "15.12.2020 18:10",
            "open": "22.5293",
            "high": "22.5293",
            "low": "22.5293",
            "close": "22.49"
        },
        {
            "time": "15.12.2020 18:13",
            "open": "22.49",
            "high": "22.5708",
            "low": "22.4875",
            "close": "22.4877"
        },
        {
            "time": "15.12.2020 18:14",
            "open": "22.4877",
            "high": "22.6003",
            "low": "22.4877",
            "close": "22.4874"
        },
        {
            "time": "15.12.2020 18:15",
            "open": "22.4874",
            "high": "22.5379",
            "low": "22.4874",
            "close": "22.5353"
        },
        {
            "time": "15.12.2020 18:17",
            "open": "22.5353",
            "high": "22.5353",
            "low": "22.5353",
            "close": "22.5689"
        },
        {
            "time": "15.12.2020 18:19",
            "open": "22.5689",
            "high": "22.5689",
            "low": "22.5689",
            "close": "22.5689"
        },
        {
            "time": "15.12.2020 18:22",
            "open": "22.5689",
            "high": "22.5689",
            "low": "22.4874",
            "close": "22.6005"
        },
        {
            "time": "15.12.2020 18:24",
            "open": "22.6005",
            "high": "22.6005",
            "low": "22.6005",
            "close": "22.4902"
        },
        {
            "time": "15.12.2020 18:25",
            "open": "22.4902",
            "high": "22.6005",
            "low": "22.4902",
            "close": "22.4902"
        },
        {
            "time": "15.12.2020 18:27",
            "open": "22.4902",
            "high": "22.4902",
            "low": "22.4902",
            "close": "22.5454"
        },
        {
            "time": "15.12.2020 18:28",
            "open": "22.5454",
            "high": "22.5454",
            "low": "22.5454",
            "close": "22.5454"
        },
        {
            "time": "15.12.2020 18:32",
            "open": "22.5454",
            "high": "22.5454",
            "low": "22.49",
            "close": "22.49"
        },
        {
            "time": "15.12.2020 18:34",
            "open": "22.49",
            "high": "22.49",
            "low": "22.1429",
            "close": "22.4349"
        },
        {
            "time": "15.12.2020 18:35",
            "open": "22.4349",
            "high": "22.6003",
            "low": "22.4349",
            "close": "22.4311"
        },
        {
            "time": "15.12.2020 18:37",
            "open": "22.4311",
            "high": "22.4311",
            "low": "22.4311",
            "close": "22.4276"
        },
        {
            "time": "15.12.2020 18:38",
            "open": "22.4276",
            "high": "22.5391",
            "low": "22.4276",
            "close": "22.4867"
        },
        {
            "time": "15.12.2020 18:43",
            "open": "22.4867",
            "high": "22.5448",
            "low": "22.4867",
            "close": "22.5567"
        },
        {
            "time": "15.12.2020 18:46",
            "open": "22.5567",
            "high": "22.5567",
            "low": "22.5567",
            "close": "22.5444"
        },
        {
            "time": "15.12.2020 18:47",
            "open": "22.5444",
            "high": "22.5444",
            "low": "22.5444",
            "close": "22.4527"
        },
        {
            "time": "15.12.2020 18:48",
            "open": "22.4527",
            "high": "22.4527",
            "low": "22.4509",
            "close": "22.55"
        },
        {
            "time": "15.12.2020 18:50",
            "open": "22.55",
            "high": "22.55",
            "low": "22.55",
            "close": "22.5499"
        },
        {
            "time": "15.12.2020 18:51",
            "open": "22.5499",
            "high": "22.55",
            "low": "22.5499",
            "close": "22.5498"
        },
        {
            "time": "15.12.2020 18:52",
            "open": "22.5498",
            "high": "22.5498",
            "low": "22.5498",
            "close": "22.5"
        },
        {
            "time": "15.12.2020 18:56",
            "open": "22.5",
            "high": "22.5",
            "low": "22.5",
            "close": "22.5"
        },
        {
            "time": "15.12.2020 18:57",
            "open": "22.5",
            "high": "22.5",
            "low": "22.5",
            "close": "22.5"
        },
        {
            "time": "15.12.2020 18:59",
            "open": "22.5",
            "high": "22.5",
            "low": "22.4547",
            "close": "22.5"
        },
        {
            "time": "15.12.2020 19:00",
            "open": "22.5",
            "high": "22.5",
            "low": "22.458",
            "close": "22.5"
        },
        {
            "time": "15.12.2020 19:01",
            "open": "22.5",
            "high": "22.5",
            "low": "22.4789",
            "close": "22.5"
        },
        {
            "time": "15.12.2020 19:02",
            "open": "22.5",
            "high": "22.5",
            "low": "22.5",
            "close": "22.4707"
        },
        {
            "time": "15.12.2020 19:03",
            "open": "22.4707",
            "high": "22.4707",
            "low": "22.4705",
            "close": "22.5"
        },
        {
            "time": "15.12.2020 19:07",
            "open": "22.5",
            "high": "22.5",
            "low": "22.4919",
            "close": "22.5"
        },
        {
            "time": "15.12.2020 19:08",
            "open": "22.5",
            "high": "22.5",
            "low": "22.4772",
            "close": "22.5"
        },
        {
            "time": "15.12.2020 19:09",
            "open": "22.5",
            "high": "22.5",
            "low": "22.4654",
            "close": "22.5"
        },
        {
            "time": "15.12.2020 19:10",
            "open": "22.5",
            "high": "22.5",
            "low": "22.4831",
            "close": "22.5"
        },
        {
            "time": "15.12.2020 19:11",
            "open": "22.5",
            "high": "22.5",
            "low": "22.5",
            "close": "22.5"
        },
        {
            "time": "15.12.2020 19:12",
            "open": "22.5",
            "high": "22.5",
            "low": "22.5",
            "close": "22.5"
        },
        {
            "time": "15.12.2020 19:14",
            "open": "22.5",
            "high": "22.5",
            "low": "22.4848",
            "close": "22.5"
        },
        {
            "time": "15.12.2020 19:15",
            "open": "22.5",
            "high": "22.5",
            "low": "22.5",
            "close": "22.5"
        },
        {
            "time": "15.12.2020 19:16",
            "open": "22.5",
            "high": "22.5",
            "low": "22.5",
            "close": "22.5"
        },
        {
            "time": "15.12.2020 19:17",
            "open": "22.5",
            "high": "22.5",
            "low": "22.5",
            "close": "22.5"
        },
        {
            "time": "15.12.2020 19:18",
            "open": "22.5",
            "high": "22.5",
            "low": "22.5",
            "close": "22.4978"
        },
        {
            "time": "15.12.2020 19:19",
            "open": "22.4978",
            "high": "22.4978",
            "low": "22.4978",
            "close": "22.4998"
        },
        {
            "time": "15.12.2020 19:20",
            "open": "22.4998",
            "high": "22.4998",
            "low": "22.4998",
            "close": "22.45"
        },
        {
            "time": "15.12.2020 19:22",
            "open": "22.45",
            "high": "22.45",
            "low": "22.45",
            "close": "22.4998"
        },
        {
            "time": "15.12.2020 19:23",
            "open": "22.4998",
            "high": "22.5",
            "low": "22.4998",
            "close": "22.5"
        },
        {
            "time": "15.12.2020 19:24",
            "open": "22.5",
            "high": "22.5",
            "low": "22.4999",
            "close": "22.5"
        },
        {
            "time": "15.12.2020 19:25",
            "open": "22.5",
            "high": "22.5",
            "low": "22.5",
            "close": "22.5"
        },
        {
            "time": "15.12.2020 19:26",
            "open": "22.5",
            "high": "22.5",
            "low": "22.4998",
            "close": "22.5"
        },
        {
            "time": "15.12.2020 19:27",
            "open": "22.5",
            "high": "22.5",
            "low": "22.5",
            "close": "22.5"
        },
        {
            "time": "15.12.2020 19:30",
            "open": "22.5",
            "high": "22.5",
            "low": "22.5",
            "close": "22.49"
        },
        {
            "time": "15.12.2020 19:32",
            "open": "22.49",
            "high": "22.49",
            "low": "22.49",
            "close": "22.49"
        },
        {
            "time": "15.12.2020 19:33",
            "open": "22.49",
            "high": "22.5",
            "low": "22.4659",
            "close": "22.5"
        },
        {
            "time": "15.12.2020 19:37",
            "open": "22.5",
            "high": "22.5",
            "low": "22.5",
            "close": "22.4423"
        },
        {
            "time": "15.12.2020 19:39",
            "open": "22.4423",
            "high": "22.5",
            "low": "22.4423",
            "close": "22.4393"
        },
        {
            "time": "15.12.2020 19:40",
            "open": "22.4393",
            "high": "22.4477",
            "low": "22.4393",
            "close": "22.4368"
        },
        {
            "time": "15.12.2020 19:41",
            "open": "22.4368",
            "high": "22.4474",
            "low": "22.4368",
            "close": "22.4852"
        },
        {
            "time": "15.12.2020 19:43",
            "open": "22.4852",
            "high": "22.5",
            "low": "22.4852",
            "close": "22.477"
        },
        {
            "time": "15.12.2020 19:44",
            "open": "22.477",
            "high": "22.477",
            "low": "22.477",
            "close": "22.4395"
        },
        {
            "time": "15.12.2020 19:45",
            "open": "22.4395",
            "high": "22.4395",
            "low": "22.4395",
            "close": "22.5"
        },
        {
            "time": "15.12.2020 19:48",
            "open": "22.5",
            "high": "22.5",
            "low": "22.5",
            "close": "22.5"
        },
        {
            "time": "15.12.2020 19:50",
            "open": "22.5",
            "high": "22.5",
            "low": "22.5",
            "close": "22.4454"
        },
        {
            "time": "15.12.2020 19:51",
            "open": "22.4454",
            "high": "22.5",
            "low": "22.4454",
            "close": "22.49"
        },
        {
            "time": "15.12.2020 19:52",
            "open": "22.49",
            "high": "22.5",
            "low": "22.49",
            "close": "22.5"
        },
        {
            "time": "15.12.2020 19:53",
            "open": "22.5",
            "high": "22.5",
            "low": "22.5",
            "close": "22.5"
        },
        {
            "time": "15.12.2020 19:54",
            "open": "22.5",
            "high": "22.5",
            "low": "22.5",
            "close": "22.5"
        },
        {
            "time": "15.12.2020 19:55",
            "open": "22.5",
            "high": "22.5",
            "low": "22.5",
            "close": "22.5"
        },
        {
            "time": "15.12.2020 19:57",
            "open": "22.5",
            "high": "22.5",
            "low": "22.5",
            "close": "22.4393"
        },
        {
            "time": "15.12.2020 19:59",
            "open": "22.4393",
            "high": "22.4393",
            "low": "22.4393",
            "close": "22.5"
        },
        {
            "time": "15.12.2020 20:03",
            "open": "22.5",
            "high": "22.5",
            "low": "22.5",
            "close": "22.5"
        },
        {
            "time": "15.12.2020 20:04",
            "open": "22.5",
            "high": "22.5",
            "low": "22.5",
            "close": "22.425"
        },
        {
            "time": "15.12.2020 20:08",
            "open": "22.425",
            "high": "22.425",
            "low": "22.425",
            "close": "22.41"
        },
        {
            "time": "15.12.2020 20:09",
            "open": "22.41",
            "high": "22.41",
            "low": "22.3284",
            "close": "22.3286"
        },
        {
            "time": "15.12.2020 20:17",
            "open": "22.3286",
            "high": "22.3286",
            "low": "22.3281",
            "close": "22.4"
        },
        {
            "time": "15.12.2020 20:21",
            "open": "22.4",
            "high": "22.4",
            "low": "22.4",
            "close": "22.3913"
        },
        {
            "time": "15.12.2020 20:23",
            "open": "22.3913",
            "high": "22.3971",
            "low": "22.3913",
            "close": "22.397"
        },
        {
            "time": "15.12.2020 20:28",
            "open": "22.397",
            "high": "22.4",
            "low": "22.397",
            "close": "22.4"
        },
        {
            "time": "15.12.2020 20:33",
            "open": "22.4",
            "high": "22.4",
            "low": "22.4",
            "close": "22.4"
        },
        {
            "time": "15.12.2020 20:34",
            "open": "22.4",
            "high": "22.4",
            "low": "22.4",
            "close": "22.4"
        },
        {
            "time": "15.12.2020 20:35",
            "open": "22.4",
            "high": "22.4",
            "low": "22.4",
            "close": "22.4"
        },
        {
            "time": "15.12.2020 20:36",
            "open": "22.4",
            "high": "22.4",
            "low": "22.4",
            "close": "22.4"
        },
        {
            "time": "15.12.2020 20:37",
            "open": "22.4",
            "high": "22.4",
            "low": "22.4",
            "close": "22.4"
        },
        {
            "time": "15.12.2020 20:38",
            "open": "22.4",
            "high": "22.4",
            "low": "22.3291",
            "close": "22.4"
        },
        {
            "time": "15.12.2020 20:39",
            "open": "22.4",
            "high": "22.4",
            "low": "22.4",
            "close": "22.4"
        },
        {
            "time": "15.12.2020 20:40",
            "open": "22.4",
            "high": "22.4",
            "low": "22.285",
            "close": "22.3121"
        },
        {
            "time": "15.12.2020 20:41",
            "open": "22.3121",
            "high": "22.4",
            "low": "22.3121",
            "close": "22.3998"
        },
        {
            "time": "15.12.2020 20:42",
            "open": "22.3998",
            "high": "22.4",
            "low": "22.3998",
            "close": "22.3997"
        },
        {
            "time": "15.12.2020 20:43",
            "open": "22.3997",
            "high": "22.3997",
            "low": "22.3166",
            "close": "22.3807"
        },
        {
            "time": "15.12.2020 20:44",
            "open": "22.3807",
            "high": "22.3807",
            "low": "22.3616",
            "close": "22.3616"
        },
        {
            "time": "15.12.2020 20:45",
            "open": "22.3616",
            "high": "22.3616",
            "low": "22.3616",
            "close": "22.3616"
        },
        {
            "time": "15.12.2020 20:46",
            "open": "22.3616",
            "high": "22.3616",
            "low": "22.0714",
            "close": "22.2323"
        },
        {
            "time": "15.12.2020 20:49",
            "open": "22.2323",
            "high": "22.3723",
            "low": "22.204",
            "close": "22.2167"
        },
        {
            "time": "15.12.2020 20:52",
            "open": "22.2167",
            "high": "22.3993",
            "low": "22.2167",
            "close": "22.3016"
        },
        {
            "time": "15.12.2020 20:53",
            "open": "22.3016",
            "high": "22.3016",
            "low": "22.3015",
            "close": "22.3015"
        },
        {
            "time": "15.12.2020 20:54",
            "open": "22.3015",
            "high": "22.3015",
            "low": "22.215",
            "close": "22.2898"
        },
        {
            "time": "15.12.2020 20:55",
            "open": "22.2898",
            "high": "22.2911",
            "low": "22.2484",
            "close": "22.2054"
        },
        {
            "time": "15.12.2020 20:56",
            "open": "22.2054",
            "high": "22.2054",
            "low": "22.2052",
            "close": "22.206"
        },
        {
            "time": "15.12.2020 20:57",
            "open": "22.206",
            "high": "22.2069",
            "low": "22.206",
            "close": "22.3874"
        },
        {
            "time": "15.12.2020 21:00",
            "open": "22.3874",
            "high": "22.3874",
            "low": "22.3874",
            "close": "22.3506"
        },
        {
            "time": "15.12.2020 21:04",
            "open": "22.3506",
            "high": "22.3506",
            "low": "22.3506",
            "close": "22.3502"
        },
        {
            "time": "15.12.2020 21:05",
            "open": "22.3502",
            "high": "22.3711",
            "low": "22.3502",
            "close": "22.3521"
        },
        {
            "time": "15.12.2020 21:08",
            "open": "22.3521",
            "high": "22.3631",
            "low": "22.2797",
            "close": "22.3355"
        },
        {
            "time": "15.12.2020 21:09",
            "open": "22.3355",
            "high": "22.3355",
            "low": "22.2601",
            "close": "22.3345"
        },
        {
            "time": "15.12.2020 21:10",
            "open": "22.3345",
            "high": "22.3345",
            "low": "22.3344",
            "close": "22.3344"
        },
        {
            "time": "15.12.2020 21:11",
            "open": "22.3344",
            "high": "22.3344",
            "low": "22.3344",
            "close": "22.3344"
        },
        {
            "time": "15.12.2020 21:13",
            "open": "22.3344",
            "high": "22.3344",
            "low": "22.3344",
            "close": "22.2199"
        },
        {
            "time": "15.12.2020 21:14",
            "open": "22.2199",
            "high": "22.3343",
            "low": "22.2199",
            "close": "22.3343"
        },
        {
            "time": "15.12.2020 21:15",
            "open": "22.3343",
            "high": "22.3343",
            "low": "22.3343",
            "close": "22.2239"
        },
        {
            "time": "15.12.2020 21:16",
            "open": "22.2239",
            "high": "22.3343",
            "low": "22.2239",
            "close": "22.3343"
        },
        {
            "time": "15.12.2020 21:17",
            "open": "22.3343",
            "high": "22.3343",
            "low": "22.3343",
            "close": "22.3343"
        },
        {
            "time": "15.12.2020 21:18",
            "open": "22.3343",
            "high": "22.3998",
            "low": "22.3343",
            "close": "22.3095"
        },
        {
            "time": "15.12.2020 21:21",
            "open": "22.3095",
            "high": "22.3095",
            "low": "22.2599",
            "close": "22.3957"
        },
        {
            "time": "15.12.2020 21:29",
            "open": "22.3957",
            "high": "22.3957",
            "low": "22.3957",
            "close": "22.3957"
        },
        {
            "time": "15.12.2020 21:30",
            "open": "22.3957",
            "high": "22.3957",
            "low": "22.3957",
            "close": "22.4"
        },
        {
            "time": "15.12.2020 21:41",
            "open": "22.4",
            "high": "22.4",
            "low": "22.4",
            "close": "22.3999"
        },
        {
            "time": "15.12.2020 21:42",
            "open": "22.3999",
            "high": "22.3999",
            "low": "22.3998",
            "close": "22.4"
        },
        {
            "time": "15.12.2020 21:43",
            "open": "22.4",
            "high": "22.4",
            "low": "22.4",
            "close": "22.4"
        },
        {
            "time": "15.12.2020 21:44",
            "open": "22.4",
            "high": "22.4",
            "low": "22.4",
            "close": "22.4"
        },
        {
            "time": "15.12.2020 21:45",
            "open": "22.4",
            "high": "22.4",
            "low": "22.4",
            "close": "22.4"
        },
        {
            "time": "15.12.2020 21:46",
            "open": "22.4",
            "high": "22.4",
            "low": "22.4",
            "close": "22.4"
        },
        {
            "time": "15.12.2020 21:49",
            "open": "22.4",
            "high": "22.4",
            "low": "22.4",
            "close": "22.4"
        },
        {
            "time": "15.12.2020 21:50",
            "open": "22.4",
            "high": "22.4",
            "low": "22.4",
            "close": "22.4"
        },
        {
            "time": "15.12.2020 21:52",
            "open": "22.4",
            "high": "22.4",
            "low": "22.4",
            "close": "22.4"
        },
        {
            "time": "15.12.2020 21:54",
            "open": "22.4",
            "high": "22.4",
            "low": "22.4",
            "close": "22.354"
        },
        {
            "time": "15.12.2020 21:55",
            "open": "22.354",
            "high": "22.3569",
            "low": "22.354",
            "close": "22.3569"
        },
        {
            "time": "15.12.2020 21:57",
            "open": "22.3569",
            "high": "22.3569",
            "low": "22.3569",
            "close": "22.4"
        },
        {
            "time": "15.12.2020 22:01",
            "open": "22.4",
            "high": "22.4",
            "low": "22.4",
            "close": "22.3148"
        },
        {
            "time": "15.12.2020 22:04",
            "open": "22.3148",
            "high": "22.3739",
            "low": "22.3148",
            "close": "22.367"
        },
        {
            "time": "15.12.2020 22:05",
            "open": "22.367",
            "high": "22.367",
            "low": "22.367",
            "close": "22.3661"
        },
        {
            "time": "15.12.2020 22:07",
            "open": "22.3661",
            "high": "22.3661",
            "low": "22.3661",
            "close": "22.3474"
        },
        {
            "time": "15.12.2020 22:11",
            "open": "22.3474",
            "high": "22.3474",
            "low": "22.3474",
            "close": "22.3901"
        },
        {
            "time": "15.12.2020 22:14",
            "open": "22.3901",
            "high": "22.4",
            "low": "22.3901",
            "close": "22.3999"
        },
        {
            "time": "15.12.2020 22:18",
            "open": "22.3999",
            "high": "22.3999",
            "low": "22.3999",
            "close": "22.3211"
        },
        {
            "time": "15.12.2020 22:23",
            "open": "22.3211",
            "high": "22.3211",
            "low": "22.3211",
            "close": "22.3"
        },
        {
            "time": "15.12.2020 22:29",
            "open": "22.3",
            "high": "22.3",
            "low": "22.2598",
            "close": "22.2597"
        },
        {
            "time": "15.12.2020 22:30",
            "open": "22.2597",
            "high": "22.3387",
            "low": "22.2593",
            "close": "22.2532"
        },
        {
            "time": "15.12.2020 22:36",
            "open": "22.2532",
            "high": "22.2532",
            "low": "22.2408",
            "close": "22.288"
        },
        {
            "time": "15.12.2020 22:37",
            "open": "22.288",
            "high": "22.3039",
            "low": "22.288",
            "close": "22.2189"
        },
        {
            "time": "15.12.2020 22:38",
            "open": "22.2189",
            "high": "22.2189",
            "low": "22.2188",
            "close": "22.2189"
        },
        {
            "time": "15.12.2020 22:39",
            "open": "22.2189",
            "high": "22.2189",
            "low": "22.2189",
            "close": "22.2687"
        },
        {
            "time": "15.12.2020 22:43",
            "open": "22.2687",
            "high": "22.2687",
            "low": "22.2687",
            "close": "22.3"
        },
        {
            "time": "15.12.2020 22:46",
            "open": "22.3",
            "high": "22.3",
            "low": "22.3",
            "close": "22.257"
        },
        {
            "time": "15.12.2020 22:47",
            "open": "22.257",
            "high": "22.2998",
            "low": "22.2569",
            "close": "22.2999"
        },
        {
            "time": "15.12.2020 22:51",
            "open": "22.2999",
            "high": "22.4",
            "low": "22.2999",
            "close": "22.3675"
        },
        {
            "time": "15.12.2020 22:52",
            "open": "22.3675",
            "high": "22.368",
            "low": "22.3658",
            "close": "22.368"
        },
        {
            "time": "15.12.2020 22:53",
            "open": "22.368",
            "high": "22.368",
            "low": "22.2989",
            "close": "22.3979"
        },
        {
            "time": "15.12.2020 22:58",
            "open": "22.3979",
            "high": "22.398",
            "low": "22.3979",
            "close": "22.3988"
        },
        {
            "time": "15.12.2020 23:02",
            "open": "22.3988",
            "high": "22.3988",
            "low": "22.3708",
            "close": "22.3988"
        },
        {
            "time": "15.12.2020 23:06",
            "open": "22.3988",
            "high": "22.3988",
            "low": "22.3988",
            "close": "22.3988"
        },
        {
            "time": "15.12.2020 23:07",
            "open": "22.3988",
            "high": "22.3988",
            "low": "22.3988",
            "close": "22.3714"
        },
        {
            "time": "15.12.2020 23:10",
            "open": "22.3714",
            "high": "22.3715",
            "low": "22.3714",
            "close": "22.3715"
        },
        {
            "time": "15.12.2020 23:12",
            "open": "22.3715",
            "high": "22.3715",
            "low": "22.332",
            "close": "22.3266"
        },
        {
            "time": "15.12.2020 23:19",
            "open": "22.3266",
            "high": "22.3266",
            "low": "22.3266",
            "close": "22.272"
        },
        {
            "time": "15.12.2020 23:22",
            "open": "22.272",
            "high": "22.272",
            "low": "22.272",
            "close": "22.3142"
        },
        {
            "time": "15.12.2020 23:26",
            "open": "22.3142",
            "high": "22.3142",
            "low": "22.3142",
            "close": "22.2968"
        },
        {
            "time": "15.12.2020 23:31",
            "open": "22.2968",
            "high": "22.2968",
            "low": "22.2968",
            "close": "22.3959"
        },
        {
            "time": "15.12.2020 23:32",
            "open": "22.3959",
            "high": "22.3959",
            "low": "22.3496",
            "close": "22.2439"
        },
        {
            "time": "15.12.2020 23:36",
            "open": "22.2439",
            "high": "22.2439",
            "low": "22.2439",
            "close": "22.2411"
        },
        {
            "time": "15.12.2020 23:43",
            "open": "22.2411",
            "high": "22.2411",
            "low": "22.2411",
            "close": "22.1746"
        },
        {
            "time": "15.12.2020 23:45",
            "open": "22.1746",
            "high": "22.1746",
            "low": "22.1746",
            "close": "22.2637"
        },
        {
            "time": "15.12.2020 23:47",
            "open": "22.2637",
            "high": "22.2637",
            "low": "22.2637",
            "close": "22.2637"
        },
        {
            "time": "15.12.2020 23:48",
            "open": "22.2637",
            "high": "22.2638",
            "low": "22.2637",
            "close": "22.2834"
        },
        {
            "time": "15.12.2020 23:49",
            "open": "22.2834",
            "high": "22.2834",
            "low": "22.2834",
            "close": "22.3491"
        },
        {
            "time": "15.12.2020 23:50",
            "open": "22.3491",
            "high": "22.3491",
            "low": "22.3491",
            "close": "22.3284"
        },
        {
            "time": "15.12.2020 23:53",
            "open": "22.3284",
            "high": "22.3284",
            "low": "22.3284",
            "close": "22.3088"
        }
    ]
}