{
    "NMR-EUR": [
        {
            "time": "08.12.2020 23:59",
            "open": "23.6",
            "high": "23.6",
            "low": "23.4328",
            "close": "23.3955"
        },
        {
            "time": "09.12.2020 00:00",
            "open": "23.3955",
            "high": "23.3955",
            "low": "23.21",
            "close": "23.2043"
        },
        {
            "time": "09.12.2020 00:01",
            "open": "23.2043",
            "high": "23.2766",
            "low": "23.2",
            "close": "23.3"
        },
        {
            "time": "09.12.2020 00:02",
            "open": "23.3",
            "high": "23.3",
            "low": "23.2765",
            "close": "23.2765"
        },
        {
            "time": "09.12.2020 00:03",
            "open": "23.2765",
            "high": "23.2765",
            "low": "23.091",
            "close": "23.2774"
        },
        {
            "time": "09.12.2020 00:04",
            "open": "23.2774",
            "high": "23.2999",
            "low": "23.0341",
            "close": "23.2091"
        },
        {
            "time": "09.12.2020 00:05",
            "open": "23.2091",
            "high": "23.2092",
            "low": "23.2089",
            "close": "23.2747"
        },
        {
            "time": "09.12.2020 00:07",
            "open": "23.2747",
            "high": "23.277",
            "low": "23.2747",
            "close": "23.277"
        },
        {
            "time": "09.12.2020 00:11",
            "open": "23.277",
            "high": "23.277",
            "low": "23.277",
            "close": "23.2469"
        },
        {
            "time": "09.12.2020 00:14",
            "open": "23.2469",
            "high": "23.2469",
            "low": "23.2469",
            "close": "23.2468"
        },
        {
            "time": "09.12.2020 00:15",
            "open": "23.2468",
            "high": "23.2468",
            "low": "23.2468",
            "close": "23.2468"
        },
        {
            "time": "09.12.2020 00:17",
            "open": "23.2468",
            "high": "23.2468",
            "low": "23.2468",
            "close": "23.1404"
        },
        {
            "time": "09.12.2020 00:19",
            "open": "23.1404",
            "high": "23.1404",
            "low": "23.1404",
            "close": "23.3"
        },
        {
            "time": "09.12.2020 00:21",
            "open": "23.3",
            "high": "23.391",
            "low": "23.3",
            "close": "23.3403"
        },
        {
            "time": "09.12.2020 00:22",
            "open": "23.3403",
            "high": "23.4065",
            "low": "23.327",
            "close": "23.2242"
        },
        {
            "time": "09.12.2020 00:23",
            "open": "23.2242",
            "high": "23.2242",
            "low": "23.2242",
            "close": "23.473"
        },
        {
            "time": "09.12.2020 00:31",
            "open": "23.473",
            "high": "23.473",
            "low": "23.473",
            "close": "23.5513"
        },
        {
            "time": "09.12.2020 00:32",
            "open": "23.5513",
            "high": "23.5513",
            "low": "23.5513",
            "close": "23.5974"
        },
        {
            "time": "09.12.2020 00:34",
            "open": "23.5974",
            "high": "23.5974",
            "low": "23.5974",
            "close": "23.7202"
        },
        {
            "time": "09.12.2020 00:37",
            "open": "23.7202",
            "high": "23.7202",
            "low": "23.7072",
            "close": "23.6551"
        },
        {
            "time": "09.12.2020 00:43",
            "open": "23.6551",
            "high": "23.6551",
            "low": "23.6551",
            "close": "23.3989"
        },
        {
            "time": "09.12.2020 00:52",
            "open": "23.3989",
            "high": "23.4424",
            "low": "23.3989",
            "close": "23.4804"
        },
        {
            "time": "09.12.2020 01:01",
            "open": "23.4804",
            "high": "23.4804",
            "low": "23.4786",
            "close": "23.4829"
        },
        {
            "time": "09.12.2020 01:03",
            "open": "23.4829",
            "high": "23.4829",
            "low": "23.3201",
            "close": "23.2043"
        },
        {
            "time": "09.12.2020 01:04",
            "open": "23.2043",
            "high": "23.2043",
            "low": "23.2",
            "close": "23.1214"
        },
        {
            "time": "09.12.2020 01:08",
            "open": "23.1214",
            "high": "23.1216",
            "low": "23.047",
            "close": "23.1983"
        },
        {
            "time": "09.12.2020 01:25",
            "open": "23.1983",
            "high": "23.1983",
            "low": "23.1983",
            "close": "23.1956"
        },
        {
            "time": "09.12.2020 01:31",
            "open": "23.1956",
            "high": "23.1956",
            "low": "23.1956",
            "close": "23.1792"
        },
        {
            "time": "09.12.2020 01:45",
            "open": "23.1792",
            "high": "23.1792",
            "low": "23.1792",
            "close": "23.1276"
        },
        {
            "time": "09.12.2020 01:53",
            "open": "23.1276",
            "high": "23.1276",
            "low": "23.1276",
            "close": "23.1098"
        },
        {
            "time": "09.12.2020 02:09",
            "open": "23.1098",
            "high": "23.1098",
            "low": "23.1084",
            "close": "23.1193"
        },
        {
            "time": "09.12.2020 02:12",
            "open": "23.1193",
            "high": "23.1193",
            "low": "23.1193",
            "close": "23.1611"
        },
        {
            "time": "09.12.2020 02:18",
            "open": "23.1611",
            "high": "23.1611",
            "low": "23.1611",
            "close": "23.226"
        },
        {
            "time": "09.12.2020 02:25",
            "open": "23.226",
            "high": "23.226",
            "low": "23.226",
            "close": "23.1798"
        },
        {
            "time": "09.12.2020 02:34",
            "open": "23.1798",
            "high": "23.1798",
            "low": "23.1798",
            "close": "23.1513"
        },
        {
            "time": "09.12.2020 02:47",
            "open": "23.1513",
            "high": "23.1513",
            "low": "23.1513",
            "close": "23.1084"
        },
        {
            "time": "09.12.2020 02:48",
            "open": "23.1084",
            "high": "23.1369",
            "low": "23.1084",
            "close": "23.1497"
        },
        {
            "time": "09.12.2020 02:49",
            "open": "23.1497",
            "high": "23.1497",
            "low": "23.1497",
            "close": "23.1342"
        },
        {
            "time": "09.12.2020 02:51",
            "open": "23.1342",
            "high": "23.1342",
            "low": "23.1342",
            "close": "23.1166"
        },
        {
            "time": "09.12.2020 03:05",
            "open": "23.1166",
            "high": "23.1166",
            "low": "23.1053",
            "close": "23.2157"
        },
        {
            "time": "09.12.2020 03:07",
            "open": "23.2157",
            "high": "23.2157",
            "low": "23.2157",
            "close": "23.2414"
        },
        {
            "time": "09.12.2020 03:08",
            "open": "23.2414",
            "high": "23.2414",
            "low": "23.2414",
            "close": "23.2185"
        },
        {
            "time": "09.12.2020 03:51",
            "open": "23.2185",
            "high": "23.2185",
            "low": "23.2185",
            "close": "23.2274"
        },
        {
            "time": "09.12.2020 03:52",
            "open": "23.2274",
            "high": "23.3099",
            "low": "23.2274",
            "close": "23.383"
        },
        {
            "time": "09.12.2020 03:55",
            "open": "23.383",
            "high": "23.383",
            "low": "23.383",
            "close": "23.2686"
        },
        {
            "time": "09.12.2020 04:50",
            "open": "23.2686",
            "high": "23.2686",
            "low": "23.2686",
            "close": "23.2257"
        },
        {
            "time": "09.12.2020 05:07",
            "open": "23.2257",
            "high": "23.2278",
            "low": "23.2154",
            "close": "23.1188"
        },
        {
            "time": "09.12.2020 05:16",
            "open": "23.1188",
            "high": "23.1188",
            "low": "23.1188",
            "close": "23.1005"
        },
        {
            "time": "09.12.2020 05:38",
            "open": "23.1005",
            "high": "23.1005",
            "low": "23.1005",
            "close": "23.1005"
        },
        {
            "time": "09.12.2020 05:49",
            "open": "23.1005",
            "high": "23.1005",
            "low": "23.1",
            "close": "23.0848"
        },
        {
            "time": "09.12.2020 05:50",
            "open": "23.0848",
            "high": "23.0848",
            "low": "23.0848",
            "close": "23.085"
        },
        {
            "time": "09.12.2020 05:53",
            "open": "23.085",
            "high": "23.085",
            "low": "23.0618",
            "close": "23.0689"
        },
        {
            "time": "09.12.2020 05:54",
            "open": "23.0689",
            "high": "23.0689",
            "low": "22.9623",
            "close": "23.0117"
        },
        {
            "time": "09.12.2020 05:55",
            "open": "23.0117",
            "high": "23.0117",
            "low": "22.9868",
            "close": "22.962"
        },
        {
            "time": "09.12.2020 05:57",
            "open": "22.962",
            "high": "22.962",
            "low": "22.962",
            "close": "22.962"
        },
        {
            "time": "09.12.2020 06:00",
            "open": "22.962",
            "high": "22.962",
            "low": "22.9164",
            "close": "22.9983"
        },
        {
            "time": "09.12.2020 06:17",
            "open": "22.9983",
            "high": "22.9983",
            "low": "22.9983",
            "close": "22.9917"
        },
        {
            "time": "09.12.2020 06:23",
            "open": "22.9917",
            "high": "23.0045",
            "low": "22.9917",
            "close": "22.9711"
        },
        {
            "time": "09.12.2020 06:29",
            "open": "22.9711",
            "high": "22.9711",
            "low": "22.9048",
            "close": "22.9"
        },
        {
            "time": "09.12.2020 06:32",
            "open": "22.9",
            "high": "22.9",
            "low": "22.8833",
            "close": "22.88"
        },
        {
            "time": "09.12.2020 06:34",
            "open": "22.88",
            "high": "22.88",
            "low": "22.88",
            "close": "22.88"
        },
        {
            "time": "09.12.2020 06:37",
            "open": "22.88",
            "high": "22.88",
            "low": "22.8253",
            "close": "22.8969"
        },
        {
            "time": "09.12.2020 06:56",
            "open": "22.8969",
            "high": "22.8969",
            "low": "22.8969",
            "close": "22.8253"
        },
        {
            "time": "09.12.2020 06:57",
            "open": "22.8253",
            "high": "22.8253",
            "low": "22.8031",
            "close": "22.8813"
        },
        {
            "time": "09.12.2020 07:00",
            "open": "22.8813",
            "high": "22.8813",
            "low": "22.8813",
            "close": "22.8736"
        },
        {
            "time": "09.12.2020 07:01",
            "open": "22.8736",
            "high": "22.8736",
            "low": "22.8736",
            "close": "22.9"
        },
        {
            "time": "09.12.2020 07:05",
            "open": "22.9",
            "high": "22.9",
            "low": "22.9",
            "close": "22.8893"
        },
        {
            "time": "09.12.2020 07:06",
            "open": "22.8893",
            "high": "22.9589",
            "low": "22.8893",
            "close": "22.9933"
        },
        {
            "time": "09.12.2020 07:07",
            "open": "22.9933",
            "high": "23.2043",
            "low": "22.9933",
            "close": "23.2043"
        },
        {
            "time": "09.12.2020 07:12",
            "open": "23.2043",
            "high": "23.2154",
            "low": "23.2043",
            "close": "22.9732"
        },
        {
            "time": "09.12.2020 07:24",
            "open": "22.9732",
            "high": "22.9732",
            "low": "22.9732",
            "close": "22.9"
        },
        {
            "time": "09.12.2020 07:25",
            "open": "22.9",
            "high": "22.9",
            "low": "22.9",
            "close": "22.9947"
        },
        {
            "time": "09.12.2020 07:34",
            "open": "22.9947",
            "high": "22.9947",
            "low": "22.9947",
            "close": "22.9286"
        },
        {
            "time": "09.12.2020 07:35",
            "open": "22.9286",
            "high": "22.9286",
            "low": "22.9285",
            "close": "23.0065"
        },
        {
            "time": "09.12.2020 07:37",
            "open": "23.0065",
            "high": "23.025",
            "low": "23.0065",
            "close": "22.9815"
        },
        {
            "time": "09.12.2020 08:00",
            "open": "22.9815",
            "high": "22.9815",
            "low": "22.9815",
            "close": "22.9701"
        },
        {
            "time": "09.12.2020 08:02",
            "open": "22.9701",
            "high": "22.9828",
            "low": "22.9701",
            "close": "22.945"
        },
        {
            "time": "09.12.2020 08:06",
            "open": "22.945",
            "high": "23.0222",
            "low": "22.9131",
            "close": "22.9794"
        },
        {
            "time": "09.12.2020 08:08",
            "open": "22.9794",
            "high": "22.9794",
            "low": "22.9794",
            "close": "22.949"
        },
        {
            "time": "09.12.2020 08:13",
            "open": "22.949",
            "high": "22.949",
            "low": "22.949",
            "close": "22.9356"
        },
        {
            "time": "09.12.2020 08:15",
            "open": "22.9356",
            "high": "22.9356",
            "low": "22.9132",
            "close": "22.9132"
        },
        {
            "time": "09.12.2020 08:17",
            "open": "22.9132",
            "high": "22.9132",
            "low": "22.9132",
            "close": "22.9131"
        },
        {
            "time": "09.12.2020 08:19",
            "open": "22.9131",
            "high": "22.9132",
            "low": "22.9131",
            "close": "22.9515"
        },
        {
            "time": "09.12.2020 08:23",
            "open": "22.9515",
            "high": "22.9515",
            "low": "22.9514",
            "close": "23.014"
        },
        {
            "time": "09.12.2020 08:25",
            "open": "23.014",
            "high": "23.0166",
            "low": "23.014",
            "close": "22.959"
        },
        {
            "time": "09.12.2020 08:33",
            "open": "22.959",
            "high": "22.959",
            "low": "22.959",
            "close": "23.0529"
        },
        {
            "time": "09.12.2020 08:35",
            "open": "23.0529",
            "high": "23.1884",
            "low": "23.0529",
            "close": "23.2627"
        },
        {
            "time": "09.12.2020 08:36",
            "open": "23.2627",
            "high": "23.828",
            "low": "23.2627",
            "close": "23.7737"
        },
        {
            "time": "09.12.2020 08:37",
            "open": "23.7737",
            "high": "23.7737",
            "low": "23.5356",
            "close": "23.3888"
        },
        {
            "time": "09.12.2020 08:38",
            "open": "23.3888",
            "high": "23.4164",
            "low": "23.3643",
            "close": "23.3808"
        },
        {
            "time": "09.12.2020 08:39",
            "open": "23.3808",
            "high": "23.3808",
            "low": "23.3701",
            "close": "23.3724"
        },
        {
            "time": "09.12.2020 08:40",
            "open": "23.3724",
            "high": "23.3724",
            "low": "23.3724",
            "close": "23.3185"
        },
        {
            "time": "09.12.2020 08:41",
            "open": "23.3185",
            "high": "23.3185",
            "low": "23.3185",
            "close": "23.4064"
        },
        {
            "time": "09.12.2020 08:42",
            "open": "23.4064",
            "high": "23.4064",
            "low": "23.334",
            "close": "23.3561"
        },
        {
            "time": "09.12.2020 08:44",
            "open": "23.3561",
            "high": "23.3561",
            "low": "23.2767",
            "close": "23.2645"
        },
        {
            "time": "09.12.2020 08:45",
            "open": "23.2645",
            "high": "23.2645",
            "low": "23.2645",
            "close": "23.2043"
        },
        {
            "time": "09.12.2020 08:46",
            "open": "23.2043",
            "high": "23.2043",
            "low": "23.1543",
            "close": "23.1479"
        },
        {
            "time": "09.12.2020 08:47",
            "open": "23.1479",
            "high": "23.1479",
            "low": "23.1479",
            "close": "23.1479"
        },
        {
            "time": "09.12.2020 08:48",
            "open": "23.1479",
            "high": "23.1479",
            "low": "22.9",
            "close": "22.8999"
        },
        {
            "time": "09.12.2020 08:49",
            "open": "22.8999",
            "high": "22.9",
            "low": "22.8999",
            "close": "22.8736"
        },
        {
            "time": "09.12.2020 08:50",
            "open": "22.8736",
            "high": "22.8736",
            "low": "22.8736",
            "close": "22.8573"
        },
        {
            "time": "09.12.2020 08:51",
            "open": "22.8573",
            "high": "22.8573",
            "low": "22.8505",
            "close": "22.8097"
        },
        {
            "time": "09.12.2020 08:52",
            "open": "22.8097",
            "high": "22.9321",
            "low": "22.8026",
            "close": "22.83"
        },
        {
            "time": "09.12.2020 08:53",
            "open": "22.83",
            "high": "22.8749",
            "low": "22.83",
            "close": "22.8328"
        },
        {
            "time": "09.12.2020 08:56",
            "open": "22.8328",
            "high": "22.8328",
            "low": "22.7881",
            "close": "22.7864"
        },
        {
            "time": "09.12.2020 08:57",
            "open": "22.7864",
            "high": "22.7938",
            "low": "22.7788",
            "close": "22.8227"
        },
        {
            "time": "09.12.2020 09:13",
            "open": "22.6168",
            "high": "22.6168",
            "low": "22.6168",
            "close": "22.6066"
        },
        {
            "time": "09.12.2020 09:15",
            "open": "22.6066",
            "high": "22.66",
            "low": "22.6066",
            "close": "22.66"
        },
        {
            "time": "09.12.2020 09:16",
            "open": "22.66",
            "high": "22.66",
            "low": "22.66",
            "close": "22.6"
        },
        {
            "time": "09.12.2020 09:18",
            "open": "22.6",
            "high": "22.6",
            "low": "22.55",
            "close": "22.5611"
        },
        {
            "time": "09.12.2020 09:22",
            "open": "22.5611",
            "high": "22.5611",
            "low": "22.4954",
            "close": "22.5089"
        },
        {
            "time": "09.12.2020 09:23",
            "open": "22.5089",
            "high": "22.5093",
            "low": "22.5089",
            "close": "22.4819"
        },
        {
            "time": "09.12.2020 09:24",
            "open": "22.4819",
            "high": "22.4819",
            "low": "22.4819",
            "close": "22.4336"
        },
        {
            "time": "09.12.2020 09:25",
            "open": "22.4336",
            "high": "22.4336",
            "low": "22.4336",
            "close": "22.4"
        },
        {
            "time": "09.12.2020 09:26",
            "open": "22.4",
            "high": "22.4",
            "low": "22.4",
            "close": "22.4098"
        },
        {
            "time": "09.12.2020 09:27",
            "open": "22.4098",
            "high": "22.4335",
            "low": "22.3503",
            "close": "22.3297"
        },
        {
            "time": "09.12.2020 09:29",
            "open": "22.3297",
            "high": "22.3297",
            "low": "22.2908",
            "close": "22.2946"
        },
        {
            "time": "09.12.2020 09:30",
            "open": "22.2946",
            "high": "22.3829",
            "low": "22.2946",
            "close": "22.3846"
        },
        {
            "time": "09.12.2020 09:31",
            "open": "22.3846",
            "high": "22.3846",
            "low": "22.3846",
            "close": "22.343"
        },
        {
            "time": "09.12.2020 09:32",
            "open": "22.343",
            "high": "22.343",
            "low": "22.3318",
            "close": "22.3276"
        },
        {
            "time": "09.12.2020 09:33",
            "open": "22.3276",
            "high": "22.3276",
            "low": "22.3276",
            "close": "22.2872"
        },
        {
            "time": "09.12.2020 09:36",
            "open": "22.2872",
            "high": "22.2897",
            "low": "22.2872",
            "close": "22.3039"
        },
        {
            "time": "09.12.2020 09:37",
            "open": "22.3039",
            "high": "22.3039",
            "low": "22.3039",
            "close": "22.4084"
        },
        {
            "time": "09.12.2020 09:42",
            "open": "22.4084",
            "high": "22.8748",
            "low": "22.4005",
            "close": "22.5723"
        },
        {
            "time": "09.12.2020 09:43",
            "open": "22.5723",
            "high": "22.8242",
            "low": "22.5527",
            "close": "22.8363"
        },
        {
            "time": "09.12.2020 09:44",
            "open": "22.8363",
            "high": "22.8749",
            "low": "22.8363",
            "close": "22.8667"
        },
        {
            "time": "09.12.2020 09:45",
            "open": "22.8667",
            "high": "23.0658",
            "low": "22.8667",
            "close": "23.2043"
        },
        {
            "time": "09.12.2020 09:46",
            "open": "23.2043",
            "high": "23.3019",
            "low": "23.2043",
            "close": "23.3549"
        },
        {
            "time": "09.12.2020 09:47",
            "open": "23.3549",
            "high": "23.3549",
            "low": "23.3549",
            "close": "23.3672"
        },
        {
            "time": "09.12.2020 09:48",
            "open": "23.3672",
            "high": "23.4305",
            "low": "23.3672",
            "close": "23.3905"
        },
        {
            "time": "09.12.2020 09:49",
            "open": "23.3905",
            "high": "23.3905",
            "low": "23.2516",
            "close": "23.2563"
        },
        {
            "time": "09.12.2020 09:50",
            "open": "23.2563",
            "high": "23.2563",
            "low": "23.0873",
            "close": "23.28"
        },
        {
            "time": "09.12.2020 09:51",
            "open": "23.28",
            "high": "23.28",
            "low": "23.2299",
            "close": "23.2299"
        },
        {
            "time": "09.12.2020 09:52",
            "open": "23.2299",
            "high": "23.275",
            "low": "23.2024",
            "close": "23.1908"
        },
        {
            "time": "09.12.2020 09:53",
            "open": "23.1908",
            "high": "23.2562",
            "low": "23.1908",
            "close": "23.4641"
        },
        {
            "time": "09.12.2020 09:54",
            "open": "23.4641",
            "high": "23.529",
            "low": "23.4641",
            "close": "23.5014"
        },
        {
            "time": "09.12.2020 09:55",
            "open": "23.5014",
            "high": "23.5015",
            "low": "23.4987",
            "close": "23.4897"
        },
        {
            "time": "09.12.2020 09:58",
            "open": "23.4897",
            "high": "23.4897",
            "low": "23.4877",
            "close": "23.48"
        },
        {
            "time": "09.12.2020 10:00",
            "open": "23.48",
            "high": "23.48",
            "low": "23.48",
            "close": "23.2461"
        },
        {
            "time": "09.12.2020 10:02",
            "open": "23.2461",
            "high": "23.2461",
            "low": "23.2461",
            "close": "23.2104"
        },
        {
            "time": "09.12.2020 10:05",
            "open": "23.2104",
            "high": "23.2104",
            "low": "23.2104",
            "close": "23.2426"
        },
        {
            "time": "09.12.2020 10:07",
            "open": "23.2426",
            "high": "23.2754",
            "low": "23.2426",
            "close": "23.159"
        },
        {
            "time": "09.12.2020 10:08",
            "open": "23.159",
            "high": "23.1605",
            "low": "23.1552",
            "close": "23.155"
        },
        {
            "time": "09.12.2020 10:10",
            "open": "23.155",
            "high": "23.1552",
            "low": "23.155",
            "close": "23.1401"
        },
        {
            "time": "09.12.2020 10:11",
            "open": "23.1401",
            "high": "23.1401",
            "low": "23.1401",
            "close": "23.1752"
        },
        {
            "time": "09.12.2020 10:12",
            "open": "23.1752",
            "high": "23.1752",
            "low": "23.1752",
            "close": "23.3052"
        },
        {
            "time": "09.12.2020 10:13",
            "open": "23.3052",
            "high": "23.5",
            "low": "23.3052",
            "close": "23.5513"
        },
        {
            "time": "09.12.2020 10:14",
            "open": "23.5513",
            "high": "23.5513",
            "low": "23.5513",
            "close": "23.528"
        },
        {
            "time": "09.12.2020 10:15",
            "open": "23.528",
            "high": "23.5745",
            "low": "23.5278",
            "close": "23.5683"
        },
        {
            "time": "09.12.2020 10:16",
            "open": "23.5683",
            "high": "23.5685",
            "low": "23.5683",
            "close": "23.6063"
        },
        {
            "time": "09.12.2020 10:19",
            "open": "23.6063",
            "high": "23.6063",
            "low": "23.6063",
            "close": "23.599"
        },
        {
            "time": "09.12.2020 10:20",
            "open": "23.599",
            "high": "23.599",
            "low": "23.599",
            "close": "23.7126"
        },
        {
            "time": "09.12.2020 10:22",
            "open": "23.7126",
            "high": "23.7368",
            "low": "23.7126",
            "close": "23.7445"
        },
        {
            "time": "09.12.2020 10:25",
            "open": "23.7445",
            "high": "23.7535",
            "low": "23.7445",
            "close": "23.6681"
        },
        {
            "time": "09.12.2020 10:28",
            "open": "23.6681",
            "high": "23.6681",
            "low": "23.6681",
            "close": "23.7238"
        },
        {
            "time": "09.12.2020 10:29",
            "open": "23.7238",
            "high": "23.7308",
            "low": "23.7238",
            "close": "23.6443"
        },
        {
            "time": "09.12.2020 10:30",
            "open": "23.6443",
            "high": "23.6443",
            "low": "23.6443",
            "close": "23.606"
        },
        {
            "time": "09.12.2020 10:34",
            "open": "23.606",
            "high": "23.6295",
            "low": "23.5985",
            "close": "23.5305"
        },
        {
            "time": "09.12.2020 10:35",
            "open": "23.5305",
            "high": "23.5305",
            "low": "23.5305",
            "close": "23.4409"
        },
        {
            "time": "09.12.2020 10:36",
            "open": "23.4409",
            "high": "23.4409",
            "low": "23.4409",
            "close": "23.3281"
        },
        {
            "time": "09.12.2020 10:38",
            "open": "23.3281",
            "high": "23.3281",
            "low": "23.3281",
            "close": "23.3491"
        },
        {
            "time": "09.12.2020 10:40",
            "open": "23.3491",
            "high": "23.3491",
            "low": "23.3491",
            "close": "23.2043"
        },
        {
            "time": "09.12.2020 10:49",
            "open": "23.2043",
            "high": "23.2043",
            "low": "23.2043",
            "close": "23.1285"
        },
        {
            "time": "09.12.2020 10:51",
            "open": "23.1285",
            "high": "23.1285",
            "low": "23.0924",
            "close": "22.9867"
        },
        {
            "time": "09.12.2020 10:55",
            "open": "22.9867",
            "high": "22.9867",
            "low": "22.8913",
            "close": "22.9508"
        },
        {
            "time": "09.12.2020 10:57",
            "open": "22.9508",
            "high": "22.9508",
            "low": "22.9508",
            "close": "23.1075"
        },
        {
            "time": "09.12.2020 10:58",
            "open": "23.1075",
            "high": "23.1075",
            "low": "23.1075",
            "close": "23.1004"
        },
        {
            "time": "09.12.2020 11:08",
            "open": "23.1004",
            "high": "23.1004",
            "low": "23.1004",
            "close": "23.0737"
        },
        {
            "time": "09.12.2020 11:10",
            "open": "23.0737",
            "high": "23.0737",
            "low": "22.9951",
            "close": "22.9731"
        },
        {
            "time": "09.12.2020 11:11",
            "open": "22.9731",
            "high": "22.9731",
            "low": "22.9725",
            "close": "23.071"
        },
        {
            "time": "09.12.2020 11:12",
            "open": "23.071",
            "high": "23.071",
            "low": "23.071",
            "close": "23.0122"
        },
        {
            "time": "09.12.2020 11:18",
            "open": "23.0122",
            "high": "23.0122",
            "low": "23.0122",
            "close": "22.9955"
        },
        {
            "time": "09.12.2020 11:19",
            "open": "22.9955",
            "high": "22.9955",
            "low": "22.9955",
            "close": "22.9803"
        },
        {
            "time": "09.12.2020 11:21",
            "open": "22.9803",
            "high": "23.68",
            "low": "22.9803",
            "close": "23.1683"
        },
        {
            "time": "09.12.2020 11:22",
            "open": "23.1683",
            "high": "23.4079",
            "low": "23.1683",
            "close": "23.5185"
        },
        {
            "time": "09.12.2020 11:23",
            "open": "23.5185",
            "high": "23.5467",
            "low": "23.5185",
            "close": "23.481"
        },
        {
            "time": "09.12.2020 11:24",
            "open": "23.481",
            "high": "23.5576",
            "low": "23.481",
            "close": "23.6586"
        },
        {
            "time": "09.12.2020 11:25",
            "open": "23.6586",
            "high": "23.6586",
            "low": "23.6586",
            "close": "23.6315"
        },
        {
            "time": "09.12.2020 11:27",
            "open": "23.6315",
            "high": "23.6829",
            "low": "23.6315",
            "close": "23.659"
        },
        {
            "time": "09.12.2020 11:28",
            "open": "23.659",
            "high": "24.8155",
            "low": "23.6453",
            "close": "23.6186"
        },
        {
            "time": "09.12.2020 11:29",
            "open": "23.6186",
            "high": "23.961",
            "low": "23.6173",
            "close": "23.7175"
        },
        {
            "time": "09.12.2020 11:30",
            "open": "23.7175",
            "high": "23.7348",
            "low": "23.4673",
            "close": "23.7464"
        },
        {
            "time": "09.12.2020 11:31",
            "open": "23.7464",
            "high": "23.9184",
            "low": "23.7464",
            "close": "23.7717"
        },
        {
            "time": "09.12.2020 11:34",
            "open": "23.7717",
            "high": "23.7731",
            "low": "23.7717",
            "close": "23.7221"
        },
        {
            "time": "09.12.2020 11:37",
            "open": "23.7221",
            "high": "23.9337",
            "low": "23.7221",
            "close": "23.9693"
        },
        {
            "time": "09.12.2020 11:38",
            "open": "23.9693",
            "high": "23.9693",
            "low": "23.9692",
            "close": "23.9618"
        },
        {
            "time": "09.12.2020 11:40",
            "open": "23.9618",
            "high": "23.9618",
            "low": "23.9618",
            "close": "23.9908"
        },
        {
            "time": "09.12.2020 11:43",
            "open": "23.9908",
            "high": "24.0098",
            "low": "23.9908",
            "close": "24.0691"
        },
        {
            "time": "09.12.2020 11:46",
            "open": "24.0691",
            "high": "24.089",
            "low": "23.9846",
            "close": "23.9706"
        },
        {
            "time": "09.12.2020 11:51",
            "open": "23.9706",
            "high": "24.0096",
            "low": "23.9706",
            "close": "23.8797"
        },
        {
            "time": "09.12.2020 11:55",
            "open": "23.8797",
            "high": "23.8797",
            "low": "23.7082",
            "close": "23.9027"
        },
        {
            "time": "09.12.2020 12:01",
            "open": "23.9027",
            "high": "23.9027",
            "low": "23.9027",
            "close": "23.7992"
        },
        {
            "time": "09.12.2020 12:04",
            "open": "23.7992",
            "high": "23.7992",
            "low": "23.7991",
            "close": "23.697"
        },
        {
            "time": "09.12.2020 12:08",
            "open": "23.697",
            "high": "23.7179",
            "low": "23.697",
            "close": "23.6036"
        },
        {
            "time": "09.12.2020 12:09",
            "open": "23.6036",
            "high": "23.6036",
            "low": "23.6036",
            "close": "23.6832"
        },
        {
            "time": "09.12.2020 12:10",
            "open": "23.6832",
            "high": "23.6832",
            "low": "23.6552",
            "close": "23.6712"
        },
        {
            "time": "09.12.2020 12:11",
            "open": "23.6712",
            "high": "23.7026",
            "low": "23.6712",
            "close": "23.7054"
        },
        {
            "time": "09.12.2020 12:12",
            "open": "23.7054",
            "high": "23.7904",
            "low": "23.6719",
            "close": "23.8312"
        },
        {
            "time": "09.12.2020 12:14",
            "open": "23.8312",
            "high": "23.8312",
            "low": "23.8312",
            "close": "23.8744"
        },
        {
            "time": "09.12.2020 12:15",
            "open": "23.8744",
            "high": "23.9444",
            "low": "23.8744",
            "close": "23.9468"
        },
        {
            "time": "09.12.2020 12:16",
            "open": "23.9468",
            "high": "23.9598",
            "low": "23.9468",
            "close": "23.9875"
        },
        {
            "time": "09.12.2020 12:17",
            "open": "23.9875",
            "high": "23.9877",
            "low": "23.9875",
            "close": "24"
        },
        {
            "time": "09.12.2020 12:18",
            "open": "24",
            "high": "24.011",
            "low": "24",
            "close": "23.9932"
        },
        {
            "time": "09.12.2020 12:19",
            "open": "23.9932",
            "high": "23.9933",
            "low": "23.9932",
            "close": "24.02"
        },
        {
            "time": "09.12.2020 12:26",
            "open": "24.02",
            "high": "24.02",
            "low": "24.02",
            "close": "23.95"
        },
        {
            "time": "09.12.2020 12:34",
            "open": "23.95",
            "high": "23.95",
            "low": "23.95",
            "close": "23.9605"
        },
        {
            "time": "09.12.2020 12:37",
            "open": "23.9605",
            "high": "23.9605",
            "low": "23.9605",
            "close": "23.9566"
        },
        {
            "time": "09.12.2020 12:39",
            "open": "23.9566",
            "high": "23.9566",
            "low": "23.9566",
            "close": "23.9491"
        },
        {
            "time": "09.12.2020 12:40",
            "open": "23.9491",
            "high": "23.9526",
            "low": "23.9231",
            "close": "23.9231"
        },
        {
            "time": "09.12.2020 12:46",
            "open": "23.9231",
            "high": "23.9231",
            "low": "23.9154",
            "close": "23.8923"
        },
        {
            "time": "09.12.2020 12:47",
            "open": "23.8923",
            "high": "23.8998",
            "low": "23.8827",
            "close": "23.7574"
        },
        {
            "time": "09.12.2020 13:01",
            "open": "23.7574",
            "high": "23.7574",
            "low": "23.7574",
            "close": "23.7141"
        },
        {
            "time": "09.12.2020 13:07",
            "open": "23.7141",
            "high": "23.739",
            "low": "23.7141",
            "close": "23.7385"
        },
        {
            "time": "09.12.2020 13:09",
            "open": "23.7385",
            "high": "23.7385",
            "low": "23.7385",
            "close": "23.7384"
        },
        {
            "time": "09.12.2020 13:10",
            "open": "23.7384",
            "high": "23.7385",
            "low": "23.7384",
            "close": "23.7301"
        },
        {
            "time": "09.12.2020 13:12",
            "open": "23.7301",
            "high": "24.1338",
            "low": "23.7284",
            "close": "24.1299"
        },
        {
            "time": "09.12.2020 13:13",
            "open": "24.1299",
            "high": "24.1674",
            "low": "24.0903",
            "close": "24.0689"
        },
        {
            "time": "09.12.2020 13:14",
            "open": "24.0689",
            "high": "24.0821",
            "low": "24.0689",
            "close": "24.0917"
        },
        {
            "time": "09.12.2020 13:15",
            "open": "24.0917",
            "high": "24.0917",
            "low": "24.0917",
            "close": "24.0915"
        },
        {
            "time": "09.12.2020 13:16",
            "open": "24.0915",
            "high": "24.0963",
            "low": "24.0915",
            "close": "24.1317"
        },
        {
            "time": "09.12.2020 13:17",
            "open": "24.1317",
            "high": "24.3998",
            "low": "24.1207",
            "close": "24.1951"
        },
        {
            "time": "09.12.2020 13:22",
            "open": "24.1951",
            "high": "24.1967",
            "low": "24.1951",
            "close": "24.1193"
        },
        {
            "time": "09.12.2020 13:24",
            "open": "24.1193",
            "high": "24.1193",
            "low": "24.1146",
            "close": "24.136"
        },
        {
            "time": "09.12.2020 13:30",
            "open": "24.136",
            "high": "24.1453",
            "low": "24.136",
            "close": "24.0775"
        },
        {
            "time": "09.12.2020 13:40",
            "open": "24.0775",
            "high": "24.0775",
            "low": "24.0775",
            "close": "24.0108"
        },
        {
            "time": "09.12.2020 13:42",
            "open": "24.0108",
            "high": "24.0108",
            "low": "24",
            "close": "23.92"
        },
        {
            "time": "09.12.2020 13:59",
            "open": "23.92",
            "high": "23.92",
            "low": "23.92",
            "close": "23.8823"
        },
        {
            "time": "09.12.2020 14:04",
            "open": "23.8823",
            "high": "23.8823",
            "low": "23.8823",
            "close": "23.8037"
        },
        {
            "time": "09.12.2020 14:10",
            "open": "23.8037",
            "high": "23.8037",
            "low": "23.8037",
            "close": "23.6552"
        },
        {
            "time": "09.12.2020 14:28",
            "open": "23.6552",
            "high": "23.6552",
            "low": "23.6263",
            "close": "23.5719"
        },
        {
            "time": "09.12.2020 14:32",
            "open": "23.5719",
            "high": "23.5719",
            "low": "23.5454",
            "close": "23.6136"
        },
        {
            "time": "09.12.2020 14:35",
            "open": "23.6136",
            "high": "23.6136",
            "low": "23.6136",
            "close": "23.7371"
        },
        {
            "time": "09.12.2020 14:46",
            "open": "23.7371",
            "high": "23.7371",
            "low": "23.7371",
            "close": "23.7536"
        },
        {
            "time": "09.12.2020 14:49",
            "open": "23.7536",
            "high": "23.8195",
            "low": "23.7536",
            "close": "23.8195"
        },
        {
            "time": "09.12.2020 14:50",
            "open": "23.8195",
            "high": "23.8241",
            "low": "23.7509",
            "close": "23.8289"
        },
        {
            "time": "09.12.2020 14:51",
            "open": "23.8289",
            "high": "23.8289",
            "low": "23.8092",
            "close": "23.7607"
        },
        {
            "time": "09.12.2020 14:53",
            "open": "23.7607",
            "high": "23.788",
            "low": "23.7607",
            "close": "23.8603"
        },
        {
            "time": "09.12.2020 14:55",
            "open": "23.8603",
            "high": "23.8603",
            "low": "23.8603",
            "close": "23.8506"
        },
        {
            "time": "09.12.2020 15:03",
            "open": "23.8506",
            "high": "23.8506",
            "low": "23.8506",
            "close": "23.9418"
        },
        {
            "time": "09.12.2020 15:17",
            "open": "23.9418",
            "high": "23.9418",
            "low": "23.9418",
            "close": "23.916"
        },
        {
            "time": "09.12.2020 15:22",
            "open": "23.916",
            "high": "23.9568",
            "low": "23.916",
            "close": "23.9038"
        },
        {
            "time": "09.12.2020 15:24",
            "open": "23.9038",
            "high": "23.9038",
            "low": "23.8978",
            "close": "23.8277"
        },
        {
            "time": "09.12.2020 15:31",
            "open": "23.8277",
            "high": "23.8277",
            "low": "23.8277",
            "close": "23.8277"
        },
        {
            "time": "09.12.2020 15:33",
            "open": "23.8277",
            "high": "23.8277",
            "low": "23.8277",
            "close": "23.944"
        },
        {
            "time": "09.12.2020 15:59",
            "open": "23.944",
            "high": "23.944",
            "low": "23.944",
            "close": "23.9259"
        },
        {
            "time": "09.12.2020 16:00",
            "open": "23.9259",
            "high": "23.9299",
            "low": "23.9259",
            "close": "23.9276"
        },
        {
            "time": "09.12.2020 16:04",
            "open": "23.9276",
            "high": "23.9276",
            "low": "23.9192",
            "close": "23.92"
        },
        {
            "time": "09.12.2020 16:05",
            "open": "23.92",
            "high": "23.9201",
            "low": "23.917",
            "close": "23.9109"
        },
        {
            "time": "09.12.2020 16:06",
            "open": "23.9109",
            "high": "23.9109",
            "low": "23.9109",
            "close": "23.9044"
        },
        {
            "time": "09.12.2020 16:08",
            "open": "23.9044",
            "high": "23.9044",
            "low": "23.8942",
            "close": "23.9021"
        },
        {
            "time": "09.12.2020 16:13",
            "open": "23.9021",
            "high": "23.9078",
            "low": "23.9001",
            "close": "23.8887"
        },
        {
            "time": "09.12.2020 16:14",
            "open": "23.8887",
            "high": "23.8887",
            "low": "23.8661",
            "close": "23.8666"
        },
        {
            "time": "09.12.2020 16:15",
            "open": "23.8666",
            "high": "23.8688",
            "low": "23.8565",
            "close": "23.8234"
        },
        {
            "time": "09.12.2020 16:16",
            "open": "23.8234",
            "high": "23.8235",
            "low": "23.8234",
            "close": "23.8318"
        },
        {
            "time": "09.12.2020 16:17",
            "open": "23.8318",
            "high": "23.9066",
            "low": "23.7849",
            "close": "23.8348"
        },
        {
            "time": "09.12.2020 16:18",
            "open": "23.8348",
            "high": "23.8348",
            "low": "23.7735",
            "close": "23.7644"
        },
        {
            "time": "09.12.2020 16:28",
            "open": "23.7644",
            "high": "23.9658",
            "low": "23.7644",
            "close": "23.9731"
        },
        {
            "time": "09.12.2020 16:30",
            "open": "23.9731",
            "high": "23.9731",
            "low": "23.9731",
            "close": "23.7001"
        },
        {
            "time": "09.12.2020 16:46",
            "open": "23.7001",
            "high": "23.7001",
            "low": "23.7",
            "close": "23.7104"
        },
        {
            "time": "09.12.2020 16:48",
            "open": "23.7104",
            "high": "23.7104",
            "low": "23.7104",
            "close": "23.5638"
        },
        {
            "time": "09.12.2020 16:51",
            "open": "23.5638",
            "high": "23.5638",
            "low": "23.5638",
            "close": "23.5612"
        },
        {
            "time": "09.12.2020 16:57",
            "open": "23.5612",
            "high": "23.5612",
            "low": "23.4316",
            "close": "23.3797"
        },
        {
            "time": "09.12.2020 16:58",
            "open": "23.3797",
            "high": "23.4992",
            "low": "23.3727",
            "close": "23.5012"
        },
        {
            "time": "09.12.2020 16:59",
            "open": "23.5012",
            "high": "23.5012",
            "low": "23.5012",
            "close": "23.3495"
        },
        {
            "time": "09.12.2020 17:17",
            "open": "23.3495",
            "high": "23.3495",
            "low": "23.3495",
            "close": "23.3639"
        },
        {
            "time": "09.12.2020 17:19",
            "open": "23.3639",
            "high": "23.3639",
            "low": "23.3639",
            "close": "23.3621"
        },
        {
            "time": "09.12.2020 17:36",
            "open": "23.3621",
            "high": "23.3621",
            "low": "23.3621",
            "close": "23.3369"
        },
        {
            "time": "09.12.2020 17:46",
            "open": "23.3369",
            "high": "23.3369",
            "low": "23.3369",
            "close": "23.3778"
        },
        {
            "time": "09.12.2020 17:49",
            "open": "23.3778",
            "high": "23.3778",
            "low": "23.3778",
            "close": "23.3707"
        },
        {
            "time": "09.12.2020 17:52",
            "open": "23.3707",
            "high": "23.3707",
            "low": "23.3707",
            "close": "23.3844"
        },
        {
            "time": "09.12.2020 17:55",
            "open": "23.3844",
            "high": "23.3844",
            "low": "23.3844",
            "close": "23.4112"
        },
        {
            "time": "09.12.2020 17:59",
            "open": "23.4112",
            "high": "23.4112",
            "low": "23.4112",
            "close": "23.3755"
        },
        {
            "time": "09.12.2020 18:00",
            "open": "23.3755",
            "high": "23.3755",
            "low": "23.3755",
            "close": "23.3315"
        },
        {
            "time": "09.12.2020 18:02",
            "open": "23.3315",
            "high": "23.3315",
            "low": "23.3314",
            "close": "23.4112"
        },
        {
            "time": "09.12.2020 18:05",
            "open": "23.4112",
            "high": "23.4112",
            "low": "23.4112",
            "close": "23.665"
        },
        {
            "time": "09.12.2020 18:10",
            "open": "23.665",
            "high": "23.665",
            "low": "23.665",
            "close": "23.6146"
        },
        {
            "time": "09.12.2020 18:12",
            "open": "23.6146",
            "high": "23.6146",
            "low": "23.6146",
            "close": "23.5632"
        },
        {
            "time": "09.12.2020 18:16",
            "open": "23.5632",
            "high": "23.5632",
            "low": "23.5624",
            "close": "23.5771"
        },
        {
            "time": "09.12.2020 18:17",
            "open": "23.5771",
            "high": "23.5771",
            "low": "23.5771",
            "close": "23.6083"
        },
        {
            "time": "09.12.2020 18:19",
            "open": "23.6083",
            "high": "23.6083",
            "low": "23.5631",
            "close": "23.4934"
        },
        {
            "time": "09.12.2020 18:22",
            "open": "23.4934",
            "high": "23.4934",
            "low": "23.4934",
            "close": "23.5742"
        },
        {
            "time": "09.12.2020 18:24",
            "open": "23.5742",
            "high": "23.5742",
            "low": "23.5742",
            "close": "23.5167"
        },
        {
            "time": "09.12.2020 18:25",
            "open": "23.5167",
            "high": "23.5168",
            "low": "23.5167",
            "close": "23.4804"
        },
        {
            "time": "09.12.2020 18:26",
            "open": "23.4804",
            "high": "23.4816",
            "low": "23.3705",
            "close": "23.3777"
        },
        {
            "time": "09.12.2020 18:28",
            "open": "23.3777",
            "high": "23.3777",
            "low": "23.3772",
            "close": "23.4009"
        },
        {
            "time": "09.12.2020 18:31",
            "open": "23.4009",
            "high": "23.4088",
            "low": "23.399",
            "close": "23.3811"
        },
        {
            "time": "09.12.2020 18:32",
            "open": "23.3811",
            "high": "23.3811",
            "low": "23.3661",
            "close": "23.3871"
        },
        {
            "time": "09.12.2020 18:35",
            "open": "23.3871",
            "high": "23.3871",
            "low": "23.3871",
            "close": "23.268"
        },
        {
            "time": "09.12.2020 18:48",
            "open": "23.268",
            "high": "23.268",
            "low": "23.268",
            "close": "23.225"
        },
        {
            "time": "09.12.2020 18:49",
            "open": "23.225",
            "high": "23.225",
            "low": "23.225",
            "close": "23.2043"
        },
        {
            "time": "09.12.2020 18:50",
            "open": "23.2043",
            "high": "23.2043",
            "low": "23.2032",
            "close": "23.1186"
        },
        {
            "time": "09.12.2020 18:55",
            "open": "23.1186",
            "high": "23.1186",
            "low": "23.1186",
            "close": "23.121"
        },
        {
            "time": "09.12.2020 18:57",
            "open": "23.121",
            "high": "23.121",
            "low": "23.121",
            "close": "23.1086"
        },
        {
            "time": "09.12.2020 18:59",
            "open": "23.1086",
            "high": "23.1086",
            "low": "23.1086",
            "close": "23.15"
        },
        {
            "time": "09.12.2020 19:03",
            "open": "23.15",
            "high": "23.15",
            "low": "23.15",
            "close": "23.1018"
        },
        {
            "time": "09.12.2020 19:04",
            "open": "23.1018",
            "high": "23.1018",
            "low": "23.1018",
            "close": "23.15"
        },
        {
            "time": "09.12.2020 19:05",
            "open": "23.15",
            "high": "23.15",
            "low": "23.15",
            "close": "23.1803"
        },
        {
            "time": "09.12.2020 19:07",
            "open": "23.1803",
            "high": "23.2273",
            "low": "23.1803",
            "close": "23.3487"
        },
        {
            "time": "09.12.2020 19:12",
            "open": "23.3487",
            "high": "23.3487",
            "low": "23.295",
            "close": "23.355"
        },
        {
            "time": "09.12.2020 19:13",
            "open": "23.355",
            "high": "23.3592",
            "low": "23.355",
            "close": "23.3263"
        },
        {
            "time": "09.12.2020 19:17",
            "open": "23.3263",
            "high": "23.3263",
            "low": "23.3263",
            "close": "23.3746"
        },
        {
            "time": "09.12.2020 19:18",
            "open": "23.3746",
            "high": "23.3746",
            "low": "23.3746",
            "close": "23.3687"
        },
        {
            "time": "09.12.2020 19:20",
            "open": "23.3687",
            "high": "23.3746",
            "low": "23.3687",
            "close": "23.3173"
        },
        {
            "time": "09.12.2020 19:28",
            "open": "23.3173",
            "high": "23.3173",
            "low": "23.3173",
            "close": "23.2134"
        },
        {
            "time": "09.12.2020 19:32",
            "open": "23.2134",
            "high": "23.2134",
            "low": "23.2134",
            "close": "23.2938"
        },
        {
            "time": "09.12.2020 19:36",
            "open": "23.2938",
            "high": "23.2938",
            "low": "23.2938",
            "close": "23"
        },
        {
            "time": "09.12.2020 19:40",
            "open": "23",
            "high": "23.1932",
            "low": "22.8573",
            "close": "23.2192"
        },
        {
            "time": "09.12.2020 19:41",
            "open": "23.2192",
            "high": "23.3396",
            "low": "23.2192",
            "close": "23.2773"
        },
        {
            "time": "09.12.2020 19:43",
            "open": "23.2773",
            "high": "23.2773",
            "low": "23.2773",
            "close": "23.2203"
        },
        {
            "time": "09.12.2020 19:44",
            "open": "23.2203",
            "high": "23.2203",
            "low": "23.1201",
            "close": "22.9182"
        },
        {
            "time": "09.12.2020 19:45",
            "open": "22.9182",
            "high": "23.3329",
            "low": "22.8905",
            "close": "23.345"
        },
        {
            "time": "09.12.2020 19:46",
            "open": "23.345",
            "high": "23.345",
            "low": "22.8678",
            "close": "23.0216"
        },
        {
            "time": "09.12.2020 19:47",
            "open": "23.0216",
            "high": "23.3552",
            "low": "23.0214",
            "close": "23.2358"
        },
        {
            "time": "09.12.2020 19:48",
            "open": "23.2358",
            "high": "23.2358",
            "low": "23.02",
            "close": "23.0222"
        },
        {
            "time": "09.12.2020 19:49",
            "open": "23.0222",
            "high": "23.2187",
            "low": "23.0222",
            "close": "23.1904"
        },
        {
            "time": "09.12.2020 19:50",
            "open": "23.1904",
            "high": "23.1904",
            "low": "23.1801",
            "close": "23.1799"
        },
        {
            "time": "09.12.2020 19:52",
            "open": "23.1799",
            "high": "23.1799",
            "low": "23.1575",
            "close": "23.0223"
        },
        {
            "time": "09.12.2020 19:59",
            "open": "23.0223",
            "high": "23.0223",
            "low": "22.8783",
            "close": "22.9576"
        },
        {
            "time": "09.12.2020 20:00",
            "open": "22.9576",
            "high": "22.9576",
            "low": "22.9576",
            "close": "22.9829"
        },
        {
            "time": "09.12.2020 20:01",
            "open": "22.9829",
            "high": "22.9829",
            "low": "22.9828",
            "close": "23.021"
        },
        {
            "time": "09.12.2020 20:04",
            "open": "23.021",
            "high": "23.0954",
            "low": "23.021",
            "close": "23.1406"
        },
        {
            "time": "09.12.2020 20:05",
            "open": "23.1406",
            "high": "23.1406",
            "low": "23.12",
            "close": "23.1914"
        },
        {
            "time": "09.12.2020 20:06",
            "open": "23.1914",
            "high": "23.1986",
            "low": "23.1914",
            "close": "23.0015"
        },
        {
            "time": "09.12.2020 20:19",
            "open": "23.0015",
            "high": "23.0015",
            "low": "23.0015",
            "close": "22.995"
        },
        {
            "time": "09.12.2020 20:20",
            "open": "22.995",
            "high": "22.995",
            "low": "22.9303",
            "close": "22.9738"
        },
        {
            "time": "09.12.2020 20:21",
            "open": "22.9738",
            "high": "22.9758",
            "low": "22.9738",
            "close": "22.9714"
        },
        {
            "time": "09.12.2020 20:23",
            "open": "22.9714",
            "high": "23.0179",
            "low": "22.9714",
            "close": "23.0179"
        },
        {
            "time": "09.12.2020 20:24",
            "open": "23.0179",
            "high": "23.0179",
            "low": "23.0179",
            "close": "23.1446"
        },
        {
            "time": "09.12.2020 20:31",
            "open": "23.1446",
            "high": "23.1446",
            "low": "23.1446",
            "close": "23.1004"
        },
        {
            "time": "09.12.2020 20:35",
            "open": "23.1004",
            "high": "23.1238",
            "low": "23.1004",
            "close": "23.1322"
        },
        {
            "time": "09.12.2020 20:36",
            "open": "23.1322",
            "high": "23.1487",
            "low": "23.1322",
            "close": "23.2118"
        },
        {
            "time": "09.12.2020 20:54",
            "open": "23.2118",
            "high": "23.2118",
            "low": "23.2118",
            "close": "23.0881"
        },
        {
            "time": "09.12.2020 21:09",
            "open": "23.0881",
            "high": "23.1142",
            "low": "23.0881",
            "close": "23.0525"
        },
        {
            "time": "09.12.2020 21:11",
            "open": "23.0525",
            "high": "23.0525",
            "low": "23.0525",
            "close": "23.0629"
        },
        {
            "time": "09.12.2020 21:24",
            "open": "23.0629",
            "high": "23.1042",
            "low": "23.0629",
            "close": "22.971"
        },
        {
            "time": "09.12.2020 21:27",
            "open": "22.971",
            "high": "22.971",
            "low": "22.9617",
            "close": "22.9454"
        },
        {
            "time": "09.12.2020 21:28",
            "open": "22.9454",
            "high": "22.9922",
            "low": "22.9454",
            "close": "23.0424"
        },
        {
            "time": "09.12.2020 21:29",
            "open": "23.0424",
            "high": "23.0467",
            "low": "23.0424",
            "close": "23.01"
        },
        {
            "time": "09.12.2020 21:39",
            "open": "23.01",
            "high": "23.01",
            "low": "23.01",
            "close": "23.1074"
        },
        {
            "time": "09.12.2020 21:40",
            "open": "23.1074",
            "high": "23.1074",
            "low": "23.1074",
            "close": "23.3006"
        },
        {
            "time": "09.12.2020 21:45",
            "open": "23.3006",
            "high": "23.3006",
            "low": "23.3006",
            "close": "23.3596"
        },
        {
            "time": "09.12.2020 21:46",
            "open": "23.3596",
            "high": "23.3597",
            "low": "23.3596",
            "close": "23.3956"
        },
        {
            "time": "09.12.2020 21:47",
            "open": "23.3956",
            "high": "23.4097",
            "low": "23.3956",
            "close": "23.3675"
        },
        {
            "time": "09.12.2020 21:49",
            "open": "23.3675",
            "high": "23.3675",
            "low": "23.3675",
            "close": "23.4007"
        },
        {
            "time": "09.12.2020 21:51",
            "open": "23.4007",
            "high": "23.4007",
            "low": "23.3185",
            "close": "23.3343"
        },
        {
            "time": "09.12.2020 21:52",
            "open": "23.3343",
            "high": "23.3575",
            "low": "23.3343",
            "close": "23.2837"
        },
        {
            "time": "09.12.2020 21:53",
            "open": "23.2837",
            "high": "23.5119",
            "low": "23.2837",
            "close": "23.5513"
        },
        {
            "time": "09.12.2020 21:54",
            "open": "23.5513",
            "high": "23.5574",
            "low": "23.5513",
            "close": "23.5525"
        },
        {
            "time": "09.12.2020 21:56",
            "open": "23.5525",
            "high": "23.5525",
            "low": "23.5525",
            "close": "23.5406"
        },
        {
            "time": "09.12.2020 21:57",
            "open": "23.5406",
            "high": "23.5413",
            "low": "23.5406",
            "close": "23.5277"
        },
        {
            "time": "09.12.2020 21:58",
            "open": "23.5277",
            "high": "23.5553",
            "low": "23.5204",
            "close": "23.4937"
        },
        {
            "time": "09.12.2020 22:00",
            "open": "23.4937",
            "high": "23.4937",
            "low": "23.2805",
            "close": "23.2043"
        },
        {
            "time": "09.12.2020 22:09",
            "open": "23.2043",
            "high": "23.2043",
            "low": "23.1779",
            "close": "23.2516"
        },
        {
            "time": "09.12.2020 22:11",
            "open": "23.2516",
            "high": "23.2517",
            "low": "23.2516",
            "close": "23.2153"
        },
        {
            "time": "09.12.2020 22:15",
            "open": "23.2153",
            "high": "23.2153",
            "low": "23.2153",
            "close": "23.1779"
        },
        {
            "time": "09.12.2020 22:22",
            "open": "23.1779",
            "high": "23.1779",
            "low": "23.1662",
            "close": "23.0744"
        },
        {
            "time": "09.12.2020 22:30",
            "open": "23.0744",
            "high": "23.125",
            "low": "23.0744",
            "close": "23.1432"
        },
        {
            "time": "09.12.2020 22:31",
            "open": "23.1432",
            "high": "23.1432",
            "low": "23.1432",
            "close": "23.1813"
        },
        {
            "time": "09.12.2020 22:36",
            "open": "23.1813",
            "high": "23.1925",
            "low": "23.1813",
            "close": "23.3618"
        },
        {
            "time": "09.12.2020 22:39",
            "open": "23.3618",
            "high": "23.3711",
            "low": "23.3618",
            "close": "23.3518"
        },
        {
            "time": "09.12.2020 22:40",
            "open": "23.3518",
            "high": "23.3518",
            "low": "23.3516",
            "close": "23.3711"
        },
        {
            "time": "09.12.2020 22:41",
            "open": "23.3711",
            "high": "23.3711",
            "low": "23.3711",
            "close": "23.4202"
        },
        {
            "time": "09.12.2020 22:43",
            "open": "23.4202",
            "high": "23.4202",
            "low": "23.4202",
            "close": "23.4245"
        },
        {
            "time": "09.12.2020 22:44",
            "open": "23.4245",
            "high": "23.4245",
            "low": "23.4245",
            "close": "23.3618"
        },
        {
            "time": "09.12.2020 22:47",
            "open": "23.3618",
            "high": "23.362",
            "low": "23.3618",
            "close": "23.3157"
        },
        {
            "time": "09.12.2020 22:54",
            "open": "23.3157",
            "high": "23.3157",
            "low": "23.3157",
            "close": "23.3202"
        },
        {
            "time": "09.12.2020 22:56",
            "open": "23.3202",
            "high": "23.3853",
            "low": "23.3202",
            "close": "23.3157"
        },
        {
            "time": "09.12.2020 22:57",
            "open": "23.3157",
            "high": "23.3157",
            "low": "23.3157",
            "close": "23.2109"
        },
        {
            "time": "09.12.2020 23:02",
            "open": "23.2109",
            "high": "23.2109",
            "low": "23.1971",
            "close": "23.2062"
        },
        {
            "time": "09.12.2020 23:09",
            "open": "23.2062",
            "high": "23.2062",
            "low": "23.2062",
            "close": "23.2695"
        },
        {
            "time": "09.12.2020 23:13",
            "open": "23.2695",
            "high": "23.2695",
            "low": "23.2695",
            "close": "23.2684"
        },
        {
            "time": "09.12.2020 23:16",
            "open": "23.2684",
            "high": "23.2685",
            "low": "23.2684",
            "close": "23.2641"
        },
        {
            "time": "09.12.2020 23:21",
            "open": "23.2641",
            "high": "23.2641",
            "low": "23.2641",
            "close": "23.2269"
        },
        {
            "time": "09.12.2020 23:26",
            "open": "23.2269",
            "high": "23.2269",
            "low": "23.1597",
            "close": "23.2641"
        },
        {
            "time": "09.12.2020 23:29",
            "open": "23.2641",
            "high": "23.2641",
            "low": "23.2641",
            "close": "23.2511"
        },
        {
            "time": "09.12.2020 23:31",
            "open": "23.2511",
            "high": "23.2511",
            "low": "23.2511",
            "close": "23.2452"
        },
        {
            "time": "09.12.2020 23:38",
            "open": "23.2452",
            "high": "23.2452",
            "low": "23.2452",
            "close": "23.2206"
        },
        {
            "time": "09.12.2020 23:39",
            "open": "23.2206",
            "high": "23.2206",
            "low": "23.2206",
            "close": "23.2352"
        },
        {
            "time": "09.12.2020 23:40",
            "open": "23.2352",
            "high": "23.2352",
            "low": "23.2344",
            "close": "23.2514"
        },
        {
            "time": "09.12.2020 23:41",
            "open": "23.2514",
            "high": "23.2514",
            "low": "23.2103",
            "close": "23.2103"
        },
        {
            "time": "09.12.2020 23:42",
            "open": "23.2103",
            "high": "23.2474",
            "low": "23.2103",
            "close": "23.2383"
        },
        {
            "time": "09.12.2020 23:43",
            "open": "23.2383",
            "high": "23.2383",
            "low": "23.2383",
            "close": "23.2048"
        },
        {
            "time": "09.12.2020 23:45",
            "open": "23.2048",
            "high": "23.2369",
            "low": "23.2048",
            "close": "23.2045"
        },
        {
            "time": "09.12.2020 23:49",
            "open": "23.2045",
            "high": "23.2349",
            "low": "23.2045",
            "close": "23.1922"
        },
        {
            "time": "09.12.2020 23:52",
            "open": "23.1922",
            "high": "23.1922",
            "low": "23.1921",
            "close": "23.2993"
        },
        {
            "time": "09.12.2020 23:56",
            "open": "23.2993",
            "high": "23.7182",
            "low": "23.2071",
            "close": "23.2554"
        },
        {
            "time": "09.12.2020 23:57",
            "open": "23.2554",
            "high": "23.4451",
            "low": "23.2553",
            "close": "23.5155"
        },
        {
            "time": "09.12.2020 23:58",
            "open": "23.5155",
            "high": "23.5155",
            "low": "23.487",
            "close": "23.4381"
        }
    ]
}