{
    "NMR-EUR": [
        {
            "time": "13.11.2020 23:54",
            "open": "20.6712",
            "high": "20.6714",
            "low": "20.6712",
            "close": "20.6132"
        },
        {
            "time": "14.11.2020 00:19",
            "open": "20.6132",
            "high": "20.6132",
            "low": "20.6132",
            "close": "20.6795"
        },
        {
            "time": "14.11.2020 00:35",
            "open": "20.6795",
            "high": "20.7024",
            "low": "20.6795",
            "close": "20.7456"
        },
        {
            "time": "14.11.2020 00:36",
            "open": "20.7456",
            "high": "20.977",
            "low": "20.7456",
            "close": "20.9646"
        },
        {
            "time": "14.11.2020 00:37",
            "open": "20.9646",
            "high": "20.9646",
            "low": "20.9646",
            "close": "20.9948"
        },
        {
            "time": "14.11.2020 00:55",
            "open": "20.9948",
            "high": "21",
            "low": "20.9948",
            "close": "20.9711"
        },
        {
            "time": "14.11.2020 00:56",
            "open": "20.9711",
            "high": "20.9711",
            "low": "20.948",
            "close": "20.9952"
        },
        {
            "time": "14.11.2020 01:05",
            "open": "20.9952",
            "high": "20.9955",
            "low": "20.9952",
            "close": "21"
        },
        {
            "time": "14.11.2020 01:08",
            "open": "21",
            "high": "21",
            "low": "21",
            "close": "21.0565"
        },
        {
            "time": "14.11.2020 01:09",
            "open": "21.0565",
            "high": "21.0565",
            "low": "21.0565",
            "close": "21.0562"
        },
        {
            "time": "14.11.2020 01:23",
            "open": "21.0562",
            "high": "21.0562",
            "low": "21.0163",
            "close": "21.0564"
        },
        {
            "time": "14.11.2020 01:28",
            "open": "21.0564",
            "high": "21.0564",
            "low": "21.0564",
            "close": "21.0725"
        },
        {
            "time": "14.11.2020 01:30",
            "open": "21.0725",
            "high": "21.0725",
            "low": "21.0725",
            "close": "21.1295"
        },
        {
            "time": "14.11.2020 02:03",
            "open": "21.1295",
            "high": "21.1364",
            "low": "21.1295",
            "close": "21.0999"
        },
        {
            "time": "14.11.2020 02:11",
            "open": "21.0999",
            "high": "21.0999",
            "low": "21.0999",
            "close": "21.0421"
        },
        {
            "time": "14.11.2020 02:13",
            "open": "21.0421",
            "high": "21.0421",
            "low": "21.0421",
            "close": "20.9967"
        },
        {
            "time": "14.11.2020 02:37",
            "open": "20.9967",
            "high": "20.9967",
            "low": "20.9967",
            "close": "20.7867"
        },
        {
            "time": "14.11.2020 03:55",
            "open": "20.7867",
            "high": "20.7867",
            "low": "20.7867",
            "close": "20.8246"
        },
        {
            "time": "14.11.2020 05:04",
            "open": "20.8246",
            "high": "20.8261",
            "low": "20.8187",
            "close": "20.7778"
        },
        {
            "time": "14.11.2020 05:08",
            "open": "20.7778",
            "high": "20.7778",
            "low": "20.7765",
            "close": "20.7587"
        },
        {
            "time": "14.11.2020 05:11",
            "open": "20.7587",
            "high": "20.7587",
            "low": "20.7587",
            "close": "20.7015"
        },
        {
            "time": "14.11.2020 05:12",
            "open": "20.7015",
            "high": "20.7015",
            "low": "20.7015",
            "close": "20.6595"
        },
        {
            "time": "14.11.2020 05:14",
            "open": "20.6595",
            "high": "20.6794",
            "low": "20.6593",
            "close": "20.6639"
        },
        {
            "time": "14.11.2020 05:15",
            "open": "20.6639",
            "high": "20.6639",
            "low": "20.6298",
            "close": "20.5784"
        },
        {
            "time": "14.11.2020 05:20",
            "open": "20.5784",
            "high": "20.6209",
            "low": "20.5784",
            "close": "20.6051"
        },
        {
            "time": "14.11.2020 05:21",
            "open": "20.6051",
            "high": "20.6051",
            "low": "20.5749",
            "close": "20.5654"
        },
        {
            "time": "14.11.2020 05:25",
            "open": "20.5654",
            "high": "20.5717",
            "low": "20.5654",
            "close": "20.607"
        },
        {
            "time": "14.11.2020 05:45",
            "open": "20.607",
            "high": "20.6071",
            "low": "20.607",
            "close": "20.7647"
        },
        {
            "time": "14.11.2020 06:48",
            "open": "20.7647",
            "high": "20.7647",
            "low": "20.7647",
            "close": "20.785"
        },
        {
            "time": "14.11.2020 07:32",
            "open": "20.785",
            "high": "20.785",
            "low": "20.785",
            "close": "20.8067"
        },
        {
            "time": "14.11.2020 07:35",
            "open": "20.8067",
            "high": "20.8215",
            "low": "20.8067",
            "close": "20.9946"
        },
        {
            "time": "14.11.2020 07:37",
            "open": "20.9946",
            "high": "20.9967",
            "low": "20.9946",
            "close": "20.9485"
        },
        {
            "time": "14.11.2020 07:44",
            "open": "20.9485",
            "high": "20.9485",
            "low": "20.9402",
            "close": "20.9085"
        },
        {
            "time": "14.11.2020 07:45",
            "open": "20.9085",
            "high": "20.9085",
            "low": "20.9085",
            "close": "21.0065"
        },
        {
            "time": "14.11.2020 07:51",
            "open": "21.0065",
            "high": "21.0065",
            "low": "21.0065",
            "close": "21.0065"
        },
        {
            "time": "14.11.2020 08:00",
            "open": "21.0065",
            "high": "21.0065",
            "low": "21.0065",
            "close": "21.0643"
        },
        {
            "time": "14.11.2020 08:11",
            "open": "21.0643",
            "high": "21.0647",
            "low": "21.0636",
            "close": "21.0312"
        },
        {
            "time": "14.11.2020 08:15",
            "open": "21.0312",
            "high": "21.0312",
            "low": "21.019",
            "close": "20.9231"
        },
        {
            "time": "14.11.2020 08:18",
            "open": "20.9231",
            "high": "20.9231",
            "low": "20.9231",
            "close": "20.9405"
        },
        {
            "time": "14.11.2020 08:19",
            "open": "20.9405",
            "high": "20.9745",
            "low": "20.9405",
            "close": "20.876"
        },
        {
            "time": "14.11.2020 08:24",
            "open": "20.876",
            "high": "20.876",
            "low": "20.7926",
            "close": "20.7286"
        },
        {
            "time": "14.11.2020 08:48",
            "open": "20.7286",
            "high": "20.7296",
            "low": "20.7206",
            "close": "20.727"
        },
        {
            "time": "14.11.2020 08:50",
            "open": "20.727",
            "high": "20.727",
            "low": "20.727",
            "close": "20.7238"
        },
        {
            "time": "14.11.2020 08:54",
            "open": "20.7238",
            "high": "20.7238",
            "low": "20.7238",
            "close": "20.5754"
        },
        {
            "time": "14.11.2020 09:15",
            "open": "20.5754",
            "high": "20.5754",
            "low": "20.5174",
            "close": "20.475"
        },
        {
            "time": "14.11.2020 09:16",
            "open": "20.475",
            "high": "20.475",
            "low": "20.4749",
            "close": "20.5546"
        },
        {
            "time": "14.11.2020 09:17",
            "open": "20.5546",
            "high": "20.5546",
            "low": "20.5546",
            "close": "20.4811"
        },
        {
            "time": "14.11.2020 09:18",
            "open": "20.4811",
            "high": "20.4811",
            "low": "20.4809",
            "close": "20.4405"
        },
        {
            "time": "14.11.2020 09:22",
            "open": "20.4405",
            "high": "20.4508",
            "low": "20.4405",
            "close": "20.4862"
        },
        {
            "time": "14.11.2020 09:23",
            "open": "20.4862",
            "high": "20.5424",
            "low": "20.4862",
            "close": "20.6571"
        },
        {
            "time": "14.11.2020 09:56",
            "open": "20.6571",
            "high": "20.6571",
            "low": "20.6571",
            "close": "20.6589"
        },
        {
            "time": "14.11.2020 09:57",
            "open": "20.6589",
            "high": "20.6589",
            "low": "20.6589",
            "close": "20.6482"
        },
        {
            "time": "14.11.2020 09:59",
            "open": "20.6482",
            "high": "20.6482",
            "low": "20.6482",
            "close": "20.5669"
        },
        {
            "time": "14.11.2020 10:06",
            "open": "20.5669",
            "high": "20.5669",
            "low": "20.5331",
            "close": "20.4305"
        },
        {
            "time": "14.11.2020 10:29",
            "open": "20.4305",
            "high": "20.4305",
            "low": "20.4086",
            "close": "20.2943"
        },
        {
            "time": "14.11.2020 10:32",
            "open": "20.2943",
            "high": "20.2943",
            "low": "20.2943",
            "close": "20.29"
        },
        {
            "time": "14.11.2020 10:33",
            "open": "20.29",
            "high": "20.29",
            "low": "20.2784",
            "close": "20.2591"
        },
        {
            "time": "14.11.2020 10:41",
            "open": "20.2591",
            "high": "20.2591",
            "low": "20.2591",
            "close": "20.2461"
        },
        {
            "time": "14.11.2020 10:47",
            "open": "20.2461",
            "high": "20.2461",
            "low": "20.2461",
            "close": "20.1921"
        },
        {
            "time": "14.11.2020 10:55",
            "open": "20.1921",
            "high": "20.1921",
            "low": "20.1921",
            "close": "20.1742"
        },
        {
            "time": "14.11.2020 11:35",
            "open": "20.1742",
            "high": "20.1742",
            "low": "20.1742",
            "close": "20.1927"
        },
        {
            "time": "14.11.2020 11:41",
            "open": "20.1927",
            "high": "20.2439",
            "low": "20.1927",
            "close": "20.1635"
        },
        {
            "time": "14.11.2020 11:48",
            "open": "20.1635",
            "high": "20.1635",
            "low": "20.15",
            "close": "20.1475"
        },
        {
            "time": "14.11.2020 11:53",
            "open": "20.1475",
            "high": "20.1475",
            "low": "20.1475",
            "close": "20.145"
        },
        {
            "time": "14.11.2020 11:56",
            "open": "20.145",
            "high": "20.145",
            "low": "20.1411",
            "close": "20.1555"
        },
        {
            "time": "14.11.2020 12:25",
            "open": "20.1555",
            "high": "20.1557",
            "low": "20.1555",
            "close": "20.1772"
        },
        {
            "time": "14.11.2020 12:27",
            "open": "20.1772",
            "high": "20.1772",
            "low": "20.1772",
            "close": "20.1741"
        },
        {
            "time": "14.11.2020 12:29",
            "open": "20.1741",
            "high": "20.1741",
            "low": "20.1741",
            "close": "20.1741"
        },
        {
            "time": "14.11.2020 12:45",
            "open": "20.1741",
            "high": "20.1741",
            "low": "20.1741",
            "close": "20.2169"
        },
        {
            "time": "14.11.2020 12:47",
            "open": "20.2169",
            "high": "20.2169",
            "low": "20.2169",
            "close": "20.2204"
        },
        {
            "time": "14.11.2020 12:51",
            "open": "20.2204",
            "high": "20.2239",
            "low": "20.2204",
            "close": "20.1743"
        },
        {
            "time": "14.11.2020 12:52",
            "open": "20.1743",
            "high": "20.1743",
            "low": "20.1743",
            "close": "20.2517"
        },
        {
            "time": "14.11.2020 12:56",
            "open": "20.2517",
            "high": "20.2517",
            "low": "20.2517",
            "close": "20.1962"
        },
        {
            "time": "14.11.2020 13:00",
            "open": "20.1962",
            "high": "20.1962",
            "low": "20.1962",
            "close": "20.1907"
        },
        {
            "time": "14.11.2020 13:11",
            "open": "20.2201",
            "high": "20.2201",
            "low": "20.2201",
            "close": "20.1742"
        },
        {
            "time": "14.11.2020 13:25",
            "open": "20.1742",
            "high": "20.1742",
            "low": "20.1742",
            "close": "20.2431"
        },
        {
            "time": "14.11.2020 13:26",
            "open": "20.2431",
            "high": "20.2431",
            "low": "20.2431",
            "close": "20.2503"
        },
        {
            "time": "14.11.2020 13:30",
            "open": "20.2503",
            "high": "20.2503",
            "low": "20.2503",
            "close": "20.2503"
        },
        {
            "time": "14.11.2020 13:33",
            "open": "20.2503",
            "high": "20.4319",
            "low": "20.2503",
            "close": "20.459"
        },
        {
            "time": "14.11.2020 13:34",
            "open": "20.459",
            "high": "20.4592",
            "low": "20.459",
            "close": "20.5453"
        },
        {
            "time": "14.11.2020 13:35",
            "open": "20.5453",
            "high": "20.5453",
            "low": "20.5453",
            "close": "20.5429"
        },
        {
            "time": "14.11.2020 13:36",
            "open": "20.5429",
            "high": "20.5429",
            "low": "20.5429",
            "close": "20.5749"
        },
        {
            "time": "14.11.2020 13:41",
            "open": "20.5749",
            "high": "20.6079",
            "low": "20.5749",
            "close": "20.5624"
        },
        {
            "time": "14.11.2020 13:44",
            "open": "20.5624",
            "high": "20.5624",
            "low": "20.5624",
            "close": "20.6562"
        },
        {
            "time": "14.11.2020 14:07",
            "open": "20.6562",
            "high": "20.6562",
            "low": "20.6562",
            "close": "20.6593"
        },
        {
            "time": "14.11.2020 14:22",
            "open": "20.6593",
            "high": "20.6593",
            "low": "20.6593",
            "close": "20.679"
        },
        {
            "time": "14.11.2020 14:32",
            "open": "20.679",
            "high": "20.7203",
            "low": "20.679",
            "close": "20.6676"
        },
        {
            "time": "14.11.2020 14:44",
            "open": "20.6676",
            "high": "20.6676",
            "low": "20.6676",
            "close": "20.7374"
        },
        {
            "time": "14.11.2020 15:10",
            "open": "20.7374",
            "high": "20.7656",
            "low": "20.7374",
            "close": "20.7345"
        },
        {
            "time": "14.11.2020 15:11",
            "open": "20.7345",
            "high": "20.7345",
            "low": "20.7345",
            "close": "20.6937"
        },
        {
            "time": "14.11.2020 15:23",
            "open": "20.6937",
            "high": "20.6937",
            "low": "20.6937",
            "close": "20.7112"
        },
        {
            "time": "14.11.2020 15:35",
            "open": "20.7112",
            "high": "20.7112",
            "low": "20.7112",
            "close": "20.7394"
        },
        {
            "time": "14.11.2020 15:43",
            "open": "20.7394",
            "high": "20.7394",
            "low": "20.7394",
            "close": "20.5"
        },
        {
            "time": "14.11.2020 16:39",
            "open": "20.5",
            "high": "20.5",
            "low": "20.5",
            "close": "20.488"
        },
        {
            "time": "14.11.2020 16:54",
            "open": "20.488",
            "high": "20.488",
            "low": "20.488",
            "close": "20.5043"
        },
        {
            "time": "14.11.2020 16:56",
            "open": "20.5043",
            "high": "20.5043",
            "low": "20.5043",
            "close": "20.4251"
        },
        {
            "time": "14.11.2020 16:57",
            "open": "20.4251",
            "high": "20.4251",
            "low": "20.4251",
            "close": "20.4894"
        },
        {
            "time": "14.11.2020 17:05",
            "open": "20.4894",
            "high": "20.4894",
            "low": "20.4894",
            "close": "20.5261"
        },
        {
            "time": "14.11.2020 17:09",
            "open": "20.5261",
            "high": "20.5261",
            "low": "20.5261",
            "close": "20.4793"
        },
        {
            "time": "14.11.2020 17:10",
            "open": "20.4793",
            "high": "20.4793",
            "low": "20.4793",
            "close": "20.5049"
        },
        {
            "time": "14.11.2020 17:49",
            "open": "20.5049",
            "high": "20.5237",
            "low": "20.5049",
            "close": "20.3204"
        },
        {
            "time": "14.11.2020 18:16",
            "open": "20.3204",
            "high": "20.3204",
            "low": "20.2943",
            "close": "20.302"
        },
        {
            "time": "14.11.2020 18:17",
            "open": "20.302",
            "high": "20.3294",
            "low": "20.302",
            "close": "20.357"
        },
        {
            "time": "14.11.2020 18:22",
            "open": "20.357",
            "high": "20.3747",
            "low": "20.357",
            "close": "20.3416"
        },
        {
            "time": "14.11.2020 18:23",
            "open": "20.3416",
            "high": "20.3902",
            "low": "20.3416",
            "close": "20.3516"
        },
        {
            "time": "14.11.2020 18:56",
            "open": "20.3516",
            "high": "20.3516",
            "low": "20.3098",
            "close": "20.4528"
        },
        {
            "time": "14.11.2020 19:21",
            "open": "20.4528",
            "high": "20.4528",
            "low": "20.4526",
            "close": "20.5137"
        },
        {
            "time": "14.11.2020 19:28",
            "open": "20.5137",
            "high": "20.5137",
            "low": "20.5137",
            "close": "20.4879"
        },
        {
            "time": "14.11.2020 19:39",
            "open": "20.4879",
            "high": "20.4879",
            "low": "20.4879",
            "close": "20.5038"
        },
        {
            "time": "14.11.2020 19:46",
            "open": "20.5038",
            "high": "20.5038",
            "low": "20.5038",
            "close": "20.5096"
        },
        {
            "time": "14.11.2020 20:47",
            "open": "20.5096",
            "high": "20.5096",
            "low": "20.5096",
            "close": "20.4254"
        },
        {
            "time": "14.11.2020 20:56",
            "open": "20.4254",
            "high": "20.4254",
            "low": "20.4254",
            "close": "20.4861"
        },
        {
            "time": "14.11.2020 21:02",
            "open": "20.4861",
            "high": "20.4861",
            "low": "20.4861",
            "close": "20.4952"
        },
        {
            "time": "14.11.2020 21:07",
            "open": "20.4952",
            "high": "20.5099",
            "low": "20.4952",
            "close": "20.4953"
        },
        {
            "time": "14.11.2020 21:20",
            "open": "20.4953",
            "high": "20.4953",
            "low": "20.442",
            "close": "20.4899"
        },
        {
            "time": "14.11.2020 21:40",
            "open": "20.4899",
            "high": "20.4899",
            "low": "20.4899",
            "close": "20.4944"
        },
        {
            "time": "14.11.2020 21:43",
            "open": "20.4944",
            "high": "20.4944",
            "low": "20.4944",
            "close": "20.4553"
        },
        {
            "time": "14.11.2020 22:17",
            "open": "20.4553",
            "high": "20.4553",
            "low": "20.4553",
            "close": "20.5438"
        },
        {
            "time": "14.11.2020 22:21",
            "open": "20.5438",
            "high": "20.5438",
            "low": "20.5438",
            "close": "20.6755"
        },
        {
            "time": "14.11.2020 22:46",
            "open": "20.6755",
            "high": "20.6755",
            "low": "20.6755",
            "close": "20.712"
        },
        {
            "time": "14.11.2020 22:47",
            "open": "20.712",
            "high": "20.7745",
            "low": "20.712",
            "close": "20.7782"
        },
        {
            "time": "14.11.2020 22:48",
            "open": "20.7782",
            "high": "20.7817",
            "low": "20.7782",
            "close": "20.8312"
        },
        {
            "time": "14.11.2020 22:49",
            "open": "20.8312",
            "high": "20.8312",
            "low": "20.8312",
            "close": "20.7764"
        },
        {
            "time": "14.11.2020 23:12",
            "open": "20.7764",
            "high": "20.7764",
            "low": "20.7089",
            "close": "20.6677"
        },
        {
            "time": "14.11.2020 23:14",
            "open": "20.6677",
            "high": "20.6677",
            "low": "20.6677",
            "close": "20.5331"
        },
        {
            "time": "14.11.2020 23:34",
            "open": "20.5331",
            "high": "20.5332",
            "low": "20.5331",
            "close": "20.5791"
        },
        {
            "time": "14.11.2020 23:38",
            "open": "20.5791",
            "high": "20.5824",
            "low": "20.5791",
            "close": "20.5819"
        },
        {
            "time": "14.11.2020 23:39",
            "open": "20.5819",
            "high": "20.5819",
            "low": "20.5819",
            "close": "20.6098"
        },
        {
            "time": "14.11.2020 23:41",
            "open": "20.6098",
            "high": "20.7012",
            "low": "20.5858",
            "close": "20.6004"
        }
    ]
}