{
    "NMR-EUR": [
        {
            "time": "27.01.2021 23:59",
            "open": "21.1566",
            "high": "21.1859",
            "low": "21.1566",
            "close": "21.1059"
        },
        {
            "time": "28.01.2021 00:01",
            "open": "21.1059",
            "high": "21.1059",
            "low": "21.1059",
            "close": "21.1056"
        },
        {
            "time": "28.01.2021 00:02",
            "open": "21.1056",
            "high": "21.1056",
            "low": "21.1056",
            "close": "21.0091"
        },
        {
            "time": "28.01.2021 00:07",
            "open": "21.0091",
            "high": "21.0216",
            "low": "20.995",
            "close": "21.0147"
        },
        {
            "time": "28.01.2021 00:11",
            "open": "21.0147",
            "high": "21.0147",
            "low": "21.0147",
            "close": "21.0189"
        },
        {
            "time": "28.01.2021 00:13",
            "open": "21.0189",
            "high": "21.0189",
            "low": "21.0147",
            "close": "21.0156"
        },
        {
            "time": "28.01.2021 00:14",
            "open": "21.0156",
            "high": "21.121",
            "low": "21.0147",
            "close": "21.0338"
        },
        {
            "time": "28.01.2021 00:15",
            "open": "21.0338",
            "high": "21.0338",
            "low": "21.0338",
            "close": "21.0424"
        },
        {
            "time": "28.01.2021 00:23",
            "open": "21.0424",
            "high": "21.0424",
            "low": "21.0424",
            "close": "21.0098"
        },
        {
            "time": "28.01.2021 00:26",
            "open": "21.0098",
            "high": "21.0098",
            "low": "21.0098",
            "close": "21.0366"
        },
        {
            "time": "28.01.2021 00:32",
            "open": "21.0366",
            "high": "21.0366",
            "low": "21.0366",
            "close": "21.0347"
        },
        {
            "time": "28.01.2021 00:33",
            "open": "21.0347",
            "high": "21.0347",
            "low": "21.0347",
            "close": "21.0357"
        },
        {
            "time": "28.01.2021 00:39",
            "open": "21.0357",
            "high": "21.0357",
            "low": "21.0357",
            "close": "21.0316"
        },
        {
            "time": "28.01.2021 00:41",
            "open": "21.0316",
            "high": "21.0316",
            "low": "21.0316",
            "close": "21.0005"
        },
        {
            "time": "28.01.2021 00:47",
            "open": "21.0005",
            "high": "21.0005",
            "low": "21.0005",
            "close": "21.0196"
        },
        {
            "time": "28.01.2021 00:48",
            "open": "21.0196",
            "high": "21.0196",
            "low": "21.0196",
            "close": "21.0272"
        },
        {
            "time": "28.01.2021 00:49",
            "open": "21.0272",
            "high": "21.0272",
            "low": "21.0272",
            "close": "21.041"
        },
        {
            "time": "28.01.2021 00:50",
            "open": "21.041",
            "high": "21.041",
            "low": "21.041",
            "close": "21.1085"
        },
        {
            "time": "28.01.2021 00:58",
            "open": "21.1085",
            "high": "21.1089",
            "low": "21.1085",
            "close": "21.1166"
        },
        {
            "time": "28.01.2021 01:02",
            "open": "21.1166",
            "high": "21.1167",
            "low": "20.9605",
            "close": "20.96"
        },
        {
            "time": "28.01.2021 01:03",
            "open": "20.96",
            "high": "20.96",
            "low": "20.9165",
            "close": "20.9165"
        },
        {
            "time": "28.01.2021 01:12",
            "open": "20.9165",
            "high": "20.9165",
            "low": "20.8654",
            "close": "20.8581"
        },
        {
            "time": "28.01.2021 01:13",
            "open": "20.8581",
            "high": "20.8581",
            "low": "20.8581",
            "close": "20.851"
        },
        {
            "time": "28.01.2021 01:14",
            "open": "20.851",
            "high": "20.851",
            "low": "20.851",
            "close": "20.851"
        },
        {
            "time": "28.01.2021 01:16",
            "open": "20.851",
            "high": "20.851",
            "low": "20.8286",
            "close": "20.8286"
        },
        {
            "time": "28.01.2021 01:17",
            "open": "20.8286",
            "high": "20.8286",
            "low": "20.8037",
            "close": "20.8036"
        },
        {
            "time": "28.01.2021 01:19",
            "open": "20.8036",
            "high": "20.8036",
            "low": "20.8",
            "close": "20.7816"
        },
        {
            "time": "28.01.2021 01:20",
            "open": "20.7816",
            "high": "20.7816",
            "low": "20.7816",
            "close": "20.7816"
        },
        {
            "time": "28.01.2021 01:21",
            "open": "20.7816",
            "high": "20.7816",
            "low": "20.7816",
            "close": "20.76"
        },
        {
            "time": "28.01.2021 01:22",
            "open": "20.76",
            "high": "20.76",
            "low": "20.76",
            "close": "20.8156"
        },
        {
            "time": "28.01.2021 01:26",
            "open": "20.8156",
            "high": "20.8598",
            "low": "20.8156",
            "close": "20.86"
        },
        {
            "time": "28.01.2021 01:27",
            "open": "20.86",
            "high": "20.86",
            "low": "20.86",
            "close": "20.8809"
        },
        {
            "time": "28.01.2021 01:28",
            "open": "20.8809",
            "high": "20.9",
            "low": "20.8809",
            "close": "20.9103"
        },
        {
            "time": "28.01.2021 01:30",
            "open": "20.9103",
            "high": "20.9111",
            "low": "20.91",
            "close": "20.88"
        },
        {
            "time": "28.01.2021 01:31",
            "open": "20.88",
            "high": "20.95",
            "low": "20.88",
            "close": "20.9501"
        },
        {
            "time": "28.01.2021 01:32",
            "open": "20.9501",
            "high": "20.9501",
            "low": "20.9123",
            "close": "20.9058"
        },
        {
            "time": "28.01.2021 01:33",
            "open": "20.9058",
            "high": "20.9058",
            "low": "20.9058",
            "close": "20.8325"
        },
        {
            "time": "28.01.2021 01:34",
            "open": "20.8325",
            "high": "20.8325",
            "low": "20.8325",
            "close": "20.9458"
        },
        {
            "time": "28.01.2021 01:49",
            "open": "20.9458",
            "high": "20.9587",
            "low": "20.9458",
            "close": "20.9427"
        },
        {
            "time": "28.01.2021 01:50",
            "open": "20.9427",
            "high": "20.9427",
            "low": "20.9427",
            "close": "20.9418"
        },
        {
            "time": "28.01.2021 01:52",
            "open": "20.9418",
            "high": "20.9418",
            "low": "20.9418",
            "close": "20.9427"
        },
        {
            "time": "28.01.2021 01:53",
            "open": "20.9427",
            "high": "20.9427",
            "low": "20.9427",
            "close": "21.0087"
        },
        {
            "time": "28.01.2021 01:57",
            "open": "21.0087",
            "high": "21.0087",
            "low": "21.0087",
            "close": "20.9685"
        },
        {
            "time": "28.01.2021 02:04",
            "open": "20.9685",
            "high": "20.9685",
            "low": "20.9685",
            "close": "20.9913"
        },
        {
            "time": "28.01.2021 02:07",
            "open": "20.9913",
            "high": "20.9913",
            "low": "20.9913",
            "close": "20.9844"
        },
        {
            "time": "28.01.2021 02:10",
            "open": "20.9844",
            "high": "20.9844",
            "low": "20.9844",
            "close": "20.9844"
        },
        {
            "time": "28.01.2021 02:12",
            "open": "20.9844",
            "high": "20.9857",
            "low": "20.9844",
            "close": "20.9684"
        },
        {
            "time": "28.01.2021 02:15",
            "open": "20.9684",
            "high": "20.9684",
            "low": "20.9684",
            "close": "20.9684"
        },
        {
            "time": "28.01.2021 02:20",
            "open": "20.9684",
            "high": "20.9684",
            "low": "20.9311",
            "close": "20.9061"
        },
        {
            "time": "28.01.2021 02:28",
            "open": "20.9061",
            "high": "20.9061",
            "low": "20.9061",
            "close": "20.9729"
        },
        {
            "time": "28.01.2021 02:44",
            "open": "20.9729",
            "high": "20.9729",
            "low": "20.9729",
            "close": "20.9909"
        },
        {
            "time": "28.01.2021 02:47",
            "open": "20.9909",
            "high": "20.9909",
            "low": "20.9909",
            "close": "20.9831"
        },
        {
            "time": "28.01.2021 02:56",
            "open": "20.9831",
            "high": "20.9831",
            "low": "20.9831",
            "close": "20.9006"
        },
        {
            "time": "28.01.2021 03:03",
            "open": "20.9006",
            "high": "20.9006",
            "low": "20.9006",
            "close": "20.9001"
        },
        {
            "time": "28.01.2021 03:04",
            "open": "20.9001",
            "high": "20.9001",
            "low": "20.9",
            "close": "20.9137"
        },
        {
            "time": "28.01.2021 03:05",
            "open": "20.9137",
            "high": "20.9137",
            "low": "20.9137",
            "close": "21.0244"
        },
        {
            "time": "28.01.2021 03:41",
            "open": "21.0244",
            "high": "21.0244",
            "low": "21.0244",
            "close": "21.0244"
        },
        {
            "time": "28.01.2021 03:43",
            "open": "21.0244",
            "high": "21.0244",
            "low": "21.0244",
            "close": "21.1244"
        },
        {
            "time": "28.01.2021 04:06",
            "open": "21.1244",
            "high": "21.1244",
            "low": "21.1244",
            "close": "21.1245"
        },
        {
            "time": "28.01.2021 04:16",
            "open": "21.1245",
            "high": "21.1245",
            "low": "21.1245",
            "close": "21.1205"
        },
        {
            "time": "28.01.2021 04:32",
            "open": "21.1205",
            "high": "21.1205",
            "low": "21.1205",
            "close": "21.1245"
        },
        {
            "time": "28.01.2021 04:41",
            "open": "21.1245",
            "high": "21.1245",
            "low": "21.1245",
            "close": "21.1999"
        },
        {
            "time": "28.01.2021 04:45",
            "open": "21.1999",
            "high": "21.2",
            "low": "21.1999",
            "close": "21.2331"
        },
        {
            "time": "28.01.2021 04:47",
            "open": "21.2331",
            "high": "21.2391",
            "low": "21.2331",
            "close": "21.1487"
        },
        {
            "time": "28.01.2021 05:25",
            "open": "21.1487",
            "high": "21.1487",
            "low": "21.1487",
            "close": "21.162"
        },
        {
            "time": "28.01.2021 05:36",
            "open": "21.162",
            "high": "21.162",
            "low": "21.162",
            "close": "21.15"
        },
        {
            "time": "28.01.2021 06:34",
            "open": "21.15",
            "high": "21.15",
            "low": "21.15",
            "close": "21.1392"
        },
        {
            "time": "28.01.2021 06:40",
            "open": "21.1392",
            "high": "21.1392",
            "low": "21.1391",
            "close": "21.1972"
        },
        {
            "time": "28.01.2021 06:43",
            "open": "21.1972",
            "high": "21.1972",
            "low": "21.1972",
            "close": "21.2512"
        },
        {
            "time": "28.01.2021 06:49",
            "open": "21.2512",
            "high": "21.2512",
            "low": "21.2512",
            "close": "21.3179"
        },
        {
            "time": "28.01.2021 06:57",
            "open": "21.3179",
            "high": "21.3179",
            "low": "21.3179",
            "close": "21.3179"
        },
        {
            "time": "28.01.2021 06:58",
            "open": "21.3179",
            "high": "21.318",
            "low": "21.3179",
            "close": "21.318"
        },
        {
            "time": "28.01.2021 07:00",
            "open": "21.318",
            "high": "21.318",
            "low": "21.318",
            "close": "21.3159"
        },
        {
            "time": "28.01.2021 07:02",
            "open": "21.3159",
            "high": "21.3159",
            "low": "21.3158",
            "close": "21.2398"
        },
        {
            "time": "28.01.2021 07:05",
            "open": "21.2398",
            "high": "21.2398",
            "low": "21.2398",
            "close": "21.308"
        },
        {
            "time": "28.01.2021 07:20",
            "open": "21.308",
            "high": "21.308",
            "low": "21.308",
            "close": "21.2541"
        },
        {
            "time": "28.01.2021 07:21",
            "open": "21.2541",
            "high": "21.2541",
            "low": "21.2316",
            "close": "21.3098"
        },
        {
            "time": "28.01.2021 07:51",
            "open": "21.3098",
            "high": "21.3101",
            "low": "21.3098",
            "close": "21.2605"
        },
        {
            "time": "28.01.2021 07:55",
            "open": "21.2605",
            "high": "21.2608",
            "low": "21.2602",
            "close": "21.2602"
        },
        {
            "time": "28.01.2021 07:56",
            "open": "21.2602",
            "high": "21.2718",
            "low": "21.2602",
            "close": "21.2602"
        },
        {
            "time": "28.01.2021 07:58",
            "open": "21.2602",
            "high": "21.2602",
            "low": "21.26",
            "close": "21.26"
        },
        {
            "time": "28.01.2021 07:59",
            "open": "21.26",
            "high": "21.26",
            "low": "21.26",
            "close": "21.26"
        },
        {
            "time": "28.01.2021 08:04",
            "open": "21.26",
            "high": "21.26",
            "low": "21.26",
            "close": "21.1467"
        },
        {
            "time": "28.01.2021 08:08",
            "open": "21.1467",
            "high": "21.1467",
            "low": "21.1388",
            "close": "21.0988"
        },
        {
            "time": "28.01.2021 08:23",
            "open": "21.1672",
            "high": "21.1672",
            "low": "21.1672",
            "close": "21.1512"
        },
        {
            "time": "28.01.2021 08:58",
            "open": "21.1512",
            "high": "21.1512",
            "low": "21.1511",
            "close": "21.1835"
        },
        {
            "time": "28.01.2021 09:00",
            "open": "21.1835",
            "high": "21.1835",
            "low": "21.0996",
            "close": "21.0672"
        },
        {
            "time": "28.01.2021 09:10",
            "open": "21.0672",
            "high": "21.0672",
            "low": "21.0672",
            "close": "21.1164"
        },
        {
            "time": "28.01.2021 09:23",
            "open": "21.1164",
            "high": "21.1164",
            "low": "21.1164",
            "close": "21.1096"
        },
        {
            "time": "28.01.2021 09:25",
            "open": "21.1096",
            "high": "21.1096",
            "low": "21.1096",
            "close": "21.0958"
        },
        {
            "time": "28.01.2021 09:48",
            "open": "21.0958",
            "high": "21.1317",
            "low": "21.0958",
            "close": "21.0672"
        },
        {
            "time": "28.01.2021 09:56",
            "open": "21.0672",
            "high": "21.0672",
            "low": "21.05",
            "close": "21.0065"
        },
        {
            "time": "28.01.2021 09:59",
            "open": "21.0065",
            "high": "21.0065",
            "low": "21.0062",
            "close": "20.9561"
        },
        {
            "time": "28.01.2021 10:01",
            "open": "20.9561",
            "high": "20.9561",
            "low": "20.9539",
            "close": "20.9495"
        },
        {
            "time": "28.01.2021 10:02",
            "open": "20.9495",
            "high": "20.9495",
            "low": "20.9495",
            "close": "20.9165"
        },
        {
            "time": "28.01.2021 10:04",
            "open": "20.9165",
            "high": "20.9383",
            "low": "20.9165",
            "close": "20.9246"
        },
        {
            "time": "28.01.2021 10:21",
            "open": "20.9246",
            "high": "20.9247",
            "low": "20.8694",
            "close": "20.9321"
        },
        {
            "time": "28.01.2021 10:23",
            "open": "20.9321",
            "high": "20.9321",
            "low": "20.9321",
            "close": "20.8942"
        },
        {
            "time": "28.01.2021 10:24",
            "open": "20.8942",
            "high": "20.8942",
            "low": "20.8941",
            "close": "21.0028"
        },
        {
            "time": "28.01.2021 10:43",
            "open": "21.0028",
            "high": "21.0925",
            "low": "21.0028",
            "close": "21.1125"
        },
        {
            "time": "28.01.2021 10:47",
            "open": "21.1125",
            "high": "21.1125",
            "low": "21.1125",
            "close": "21.1212"
        },
        {
            "time": "28.01.2021 10:50",
            "open": "21.1212",
            "high": "21.1212",
            "low": "21.1212",
            "close": "21.175"
        },
        {
            "time": "28.01.2021 10:53",
            "open": "21.175",
            "high": "21.1751",
            "low": "21.175",
            "close": "21.2391"
        },
        {
            "time": "28.01.2021 10:59",
            "open": "21.2391",
            "high": "21.2391",
            "low": "21.2391",
            "close": "21.1191"
        },
        {
            "time": "28.01.2021 11:18",
            "open": "21.1191",
            "high": "21.1191",
            "low": "21.1191",
            "close": "21.102"
        },
        {
            "time": "28.01.2021 11:39",
            "open": "21.102",
            "high": "21.102",
            "low": "21.102",
            "close": "21.2033"
        },
        {
            "time": "28.01.2021 11:53",
            "open": "21.2033",
            "high": "21.2033",
            "low": "21.2033",
            "close": "21.2019"
        },
        {
            "time": "28.01.2021 11:56",
            "open": "21.2019",
            "high": "21.2019",
            "low": "21.2019",
            "close": "21.1642"
        },
        {
            "time": "28.01.2021 12:00",
            "open": "21.1642",
            "high": "21.1642",
            "low": "21.1638",
            "close": "21.0391"
        },
        {
            "time": "28.01.2021 12:04",
            "open": "21.0391",
            "high": "21.0391",
            "low": "21.0391",
            "close": "21.1199"
        },
        {
            "time": "28.01.2021 12:08",
            "open": "21.1199",
            "high": "21.1199",
            "low": "21.1199",
            "close": "21.12"
        },
        {
            "time": "28.01.2021 12:25",
            "open": "21.12",
            "high": "21.1531",
            "low": "21.12",
            "close": "21.1459"
        },
        {
            "time": "28.01.2021 12:29",
            "open": "21.1459",
            "high": "21.1459",
            "low": "21.1459",
            "close": "21.2097"
        },
        {
            "time": "28.01.2021 12:30",
            "open": "21.2097",
            "high": "21.2097",
            "low": "21.2097",
            "close": "21.15"
        },
        {
            "time": "28.01.2021 12:31",
            "open": "21.15",
            "high": "21.15",
            "low": "21.15",
            "close": "21.233"
        },
        {
            "time": "28.01.2021 12:37",
            "open": "21.233",
            "high": "21.233",
            "low": "21.233",
            "close": "21.1936"
        },
        {
            "time": "28.01.2021 12:38",
            "open": "21.1936",
            "high": "21.2369",
            "low": "21.1231",
            "close": "21.2638"
        },
        {
            "time": "28.01.2021 12:49",
            "open": "21.2638",
            "high": "21.2741",
            "low": "21.2638",
            "close": "21.2553"
        },
        {
            "time": "28.01.2021 13:09",
            "open": "21.2553",
            "high": "21.2553",
            "low": "21.2549",
            "close": "21.2515"
        },
        {
            "time": "28.01.2021 13:16",
            "open": "21.2515",
            "high": "21.2515",
            "low": "21.2498",
            "close": "21.3178"
        },
        {
            "time": "28.01.2021 13:20",
            "open": "21.3178",
            "high": "21.4",
            "low": "21.3178",
            "close": "21.3362"
        },
        {
            "time": "28.01.2021 13:43",
            "open": "21.3362",
            "high": "21.3751",
            "low": "21.336",
            "close": "21.3375"
        },
        {
            "time": "28.01.2021 13:51",
            "open": "21.3375",
            "high": "21.3375",
            "low": "21.3283",
            "close": "21.3451"
        },
        {
            "time": "28.01.2021 13:53",
            "open": "21.3451",
            "high": "21.3451",
            "low": "21.3451",
            "close": "21.3362"
        },
        {
            "time": "28.01.2021 13:55",
            "open": "21.3362",
            "high": "21.3472",
            "low": "21.3362",
            "close": "21.3472"
        },
        {
            "time": "28.01.2021 13:57",
            "open": "21.3472",
            "high": "21.3472",
            "low": "21.3144",
            "close": "21.354"
        },
        {
            "time": "28.01.2021 14:00",
            "open": "21.354",
            "high": "21.354",
            "low": "21.354",
            "close": "21.3582"
        },
        {
            "time": "28.01.2021 14:01",
            "open": "21.3582",
            "high": "21.3585",
            "low": "21.3582",
            "close": "21.354"
        },
        {
            "time": "28.01.2021 14:03",
            "open": "21.354",
            "high": "21.354",
            "low": "21.3382",
            "close": "21.3609"
        },
        {
            "time": "28.01.2021 14:17",
            "open": "21.3609",
            "high": "21.3609",
            "low": "21.3609",
            "close": "21.36"
        },
        {
            "time": "28.01.2021 14:24",
            "open": "21.36",
            "high": "21.3826",
            "low": "21.36",
            "close": "21.359"
        },
        {
            "time": "28.01.2021 14:37",
            "open": "21.359",
            "high": "21.3643",
            "low": "21.359",
            "close": "21.3678"
        },
        {
            "time": "28.01.2021 14:45",
            "open": "21.3678",
            "high": "21.4356",
            "low": "21.3678",
            "close": "21.4504"
        },
        {
            "time": "28.01.2021 14:46",
            "open": "21.4504",
            "high": "21.5038",
            "low": "21.4504",
            "close": "21.5265"
        },
        {
            "time": "28.01.2021 14:48",
            "open": "21.5265",
            "high": "21.5755",
            "low": "21.5265",
            "close": "21.5755"
        },
        {
            "time": "28.01.2021 14:50",
            "open": "21.5755",
            "high": "21.6315",
            "low": "21.5755",
            "close": "21.6315"
        },
        {
            "time": "28.01.2021 14:51",
            "open": "21.6315",
            "high": "21.674",
            "low": "21.6315",
            "close": "21.6546"
        },
        {
            "time": "28.01.2021 14:53",
            "open": "21.6546",
            "high": "21.6546",
            "low": "21.6546",
            "close": "21.6991"
        },
        {
            "time": "28.01.2021 14:55",
            "open": "21.6991",
            "high": "21.7529",
            "low": "21.6706",
            "close": "21.7529"
        },
        {
            "time": "28.01.2021 14:56",
            "open": "21.7529",
            "high": "21.8746",
            "low": "21.7529",
            "close": "21.8839"
        },
        {
            "time": "28.01.2021 14:57",
            "open": "21.8839",
            "high": "21.8839",
            "low": "21.8839",
            "close": "21.9125"
        },
        {
            "time": "28.01.2021 14:58",
            "open": "21.9125",
            "high": "21.9125",
            "low": "21.9125",
            "close": "21.8393"
        },
        {
            "time": "28.01.2021 15:05",
            "open": "21.8393",
            "high": "21.8393",
            "low": "21.8393",
            "close": "21.8899"
        },
        {
            "time": "28.01.2021 15:07",
            "open": "21.8899",
            "high": "21.8903",
            "low": "21.8899",
            "close": "21.9099"
        },
        {
            "time": "28.01.2021 15:08",
            "open": "21.9099",
            "high": "21.9168",
            "low": "21.9099",
            "close": "21.9396"
        },
        {
            "time": "28.01.2021 15:11",
            "open": "21.9396",
            "high": "22.0602",
            "low": "21.9396",
            "close": "22.0878"
        },
        {
            "time": "28.01.2021 15:12",
            "open": "22.0878",
            "high": "22.1101",
            "low": "22.0878",
            "close": "22.1633"
        },
        {
            "time": "28.01.2021 15:13",
            "open": "22.1633",
            "high": "22.2224",
            "low": "22.1633",
            "close": "22.2224"
        },
        {
            "time": "28.01.2021 15:14",
            "open": "22.2224",
            "high": "22.429",
            "low": "22.2224",
            "close": "22.429"
        },
        {
            "time": "28.01.2021 15:15",
            "open": "22.429",
            "high": "22.5585",
            "low": "22.429",
            "close": "22.4285"
        },
        {
            "time": "28.01.2021 15:17",
            "open": "22.4285",
            "high": "22.4285",
            "low": "22.4282",
            "close": "22.45"
        },
        {
            "time": "28.01.2021 15:18",
            "open": "22.45",
            "high": "22.45",
            "low": "21.7242",
            "close": "21.9398"
        },
        {
            "time": "28.01.2021 15:19",
            "open": "21.9398",
            "high": "21.9398",
            "low": "21.4903",
            "close": "21.6184"
        },
        {
            "time": "28.01.2021 15:20",
            "open": "21.6184",
            "high": "21.7197",
            "low": "21.6184",
            "close": "21.7912"
        },
        {
            "time": "28.01.2021 15:21",
            "open": "21.7912",
            "high": "21.8501",
            "low": "21.7912",
            "close": "21.818"
        },
        {
            "time": "28.01.2021 15:22",
            "open": "21.818",
            "high": "21.818",
            "low": "21.7204",
            "close": "21.7921"
        },
        {
            "time": "28.01.2021 15:23",
            "open": "21.7921",
            "high": "21.7921",
            "low": "21.7921",
            "close": "21.8156"
        },
        {
            "time": "28.01.2021 15:25",
            "open": "21.8156",
            "high": "21.87",
            "low": "21.8156",
            "close": "21.8704"
        },
        {
            "time": "28.01.2021 15:26",
            "open": "21.8704",
            "high": "21.8704",
            "low": "21.8704",
            "close": "21.8493"
        },
        {
            "time": "28.01.2021 15:27",
            "open": "21.8493",
            "high": "21.8564",
            "low": "21.8001",
            "close": "21.8171"
        },
        {
            "time": "28.01.2021 15:28",
            "open": "21.8171",
            "high": "21.83",
            "low": "21.8001",
            "close": "21.8504"
        },
        {
            "time": "28.01.2021 15:29",
            "open": "21.8504",
            "high": "21.893",
            "low": "21.8504",
            "close": "21.8504"
        },
        {
            "time": "28.01.2021 15:32",
            "open": "21.8504",
            "high": "21.8504",
            "low": "21.83",
            "close": "21.83"
        },
        {
            "time": "28.01.2021 15:37",
            "open": "21.83",
            "high": "21.83",
            "low": "21.83",
            "close": "21.829"
        },
        {
            "time": "28.01.2021 15:40",
            "open": "21.829",
            "high": "21.829",
            "low": "21.829",
            "close": "21.8"
        },
        {
            "time": "28.01.2021 15:43",
            "open": "21.8",
            "high": "21.8",
            "low": "21.8",
            "close": "21.78"
        },
        {
            "time": "28.01.2021 15:44",
            "open": "21.78",
            "high": "21.78",
            "low": "21.7422",
            "close": "21.7518"
        },
        {
            "time": "28.01.2021 15:45",
            "open": "21.7518",
            "high": "21.7518",
            "low": "21.735",
            "close": "21.6994"
        },
        {
            "time": "28.01.2021 15:46",
            "open": "21.6994",
            "high": "21.6994",
            "low": "21.65",
            "close": "21.5972"
        },
        {
            "time": "28.01.2021 15:47",
            "open": "21.5972",
            "high": "21.5972",
            "low": "21.5972",
            "close": "21.6199"
        },
        {
            "time": "28.01.2021 15:50",
            "open": "21.6199",
            "high": "21.6199",
            "low": "21.6199",
            "close": "21.6209"
        },
        {
            "time": "28.01.2021 15:53",
            "open": "21.6209",
            "high": "21.6209",
            "low": "21.6209",
            "close": "21.6487"
        },
        {
            "time": "28.01.2021 15:56",
            "open": "21.6487",
            "high": "21.66",
            "low": "21.6487",
            "close": "21.6624"
        },
        {
            "time": "28.01.2021 15:59",
            "open": "21.6624",
            "high": "21.7101",
            "low": "21.6624",
            "close": "21.7386"
        },
        {
            "time": "28.01.2021 16:00",
            "open": "21.7386",
            "high": "21.7386",
            "low": "21.72",
            "close": "21.7385"
        },
        {
            "time": "28.01.2021 16:01",
            "open": "21.7385",
            "high": "21.7385",
            "low": "21.7385",
            "close": "21.7438"
        },
        {
            "time": "28.01.2021 16:02",
            "open": "21.7438",
            "high": "21.7572",
            "low": "21.7376",
            "close": "21.7703"
        },
        {
            "time": "28.01.2021 16:03",
            "open": "21.7703",
            "high": "21.7704",
            "low": "21.75",
            "close": "21.7701"
        },
        {
            "time": "28.01.2021 16:04",
            "open": "21.7701",
            "high": "21.7701",
            "low": "21.7701",
            "close": "21.7704"
        },
        {
            "time": "28.01.2021 16:06",
            "open": "21.7704",
            "high": "21.8",
            "low": "21.7704",
            "close": "21.7497"
        },
        {
            "time": "28.01.2021 16:11",
            "open": "21.7497",
            "high": "21.7497",
            "low": "21.7497",
            "close": "21.6514"
        },
        {
            "time": "28.01.2021 16:13",
            "open": "21.6514",
            "high": "21.6514",
            "low": "21.6514",
            "close": "21.634"
        },
        {
            "time": "28.01.2021 16:17",
            "open": "21.634",
            "high": "21.6341",
            "low": "21.634",
            "close": "21.5516"
        },
        {
            "time": "28.01.2021 16:21",
            "open": "21.5516",
            "high": "21.5516",
            "low": "21.5516",
            "close": "21.6954"
        },
        {
            "time": "28.01.2021 16:23",
            "open": "21.6954",
            "high": "21.6954",
            "low": "21.6954",
            "close": "21.648"
        },
        {
            "time": "28.01.2021 16:25",
            "open": "21.648",
            "high": "21.648",
            "low": "21.648",
            "close": "21.6589"
        },
        {
            "time": "28.01.2021 16:26",
            "open": "21.6589",
            "high": "21.6589",
            "low": "21.6589",
            "close": "21.5"
        },
        {
            "time": "28.01.2021 16:31",
            "open": "21.5",
            "high": "21.5",
            "low": "21.5",
            "close": "21.5301"
        },
        {
            "time": "28.01.2021 16:34",
            "open": "21.5301",
            "high": "21.5301",
            "low": "21.5301",
            "close": "21.5524"
        },
        {
            "time": "28.01.2021 16:43",
            "open": "21.5524",
            "high": "21.5524",
            "low": "21.5522",
            "close": "21.5522"
        },
        {
            "time": "28.01.2021 16:45",
            "open": "21.5522",
            "high": "21.5522",
            "low": "21.5522",
            "close": "21.4903"
        },
        {
            "time": "28.01.2021 16:46",
            "open": "21.4903",
            "high": "21.4903",
            "low": "21.4892",
            "close": "21.4556"
        },
        {
            "time": "28.01.2021 16:50",
            "open": "21.4556",
            "high": "21.4556",
            "low": "21.4556",
            "close": "21.46"
        },
        {
            "time": "28.01.2021 16:51",
            "open": "21.46",
            "high": "21.5001",
            "low": "21.46",
            "close": "21.508"
        },
        {
            "time": "28.01.2021 16:57",
            "open": "21.508",
            "high": "21.508",
            "low": "21.508",
            "close": "21.5598"
        },
        {
            "time": "28.01.2021 16:58",
            "open": "21.5598",
            "high": "21.5598",
            "low": "21.4142",
            "close": "21.4584"
        },
        {
            "time": "28.01.2021 16:59",
            "open": "21.4584",
            "high": "21.4783",
            "low": "21.4219",
            "close": "21.4918"
        },
        {
            "time": "28.01.2021 17:00",
            "open": "21.4918",
            "high": "21.5037",
            "low": "21.4147",
            "close": "21.5302"
        },
        {
            "time": "28.01.2021 17:01",
            "open": "21.5302",
            "high": "21.5302",
            "low": "21.5302",
            "close": "21.4725"
        },
        {
            "time": "28.01.2021 17:02",
            "open": "21.4725",
            "high": "21.4725",
            "low": "21.45",
            "close": "21.43"
        },
        {
            "time": "28.01.2021 17:03",
            "open": "21.43",
            "high": "21.43",
            "low": "21.42",
            "close": "21.4139"
        },
        {
            "time": "28.01.2021 17:04",
            "open": "21.4139",
            "high": "21.4139",
            "low": "21.3743",
            "close": "21.3743"
        },
        {
            "time": "28.01.2021 17:05",
            "open": "21.3743",
            "high": "21.4",
            "low": "21.341",
            "close": "21.4249"
        },
        {
            "time": "28.01.2021 17:06",
            "open": "21.4249",
            "high": "21.4249",
            "low": "21.4249",
            "close": "21.4176"
        },
        {
            "time": "28.01.2021 17:07",
            "open": "21.4176",
            "high": "21.4813",
            "low": "21.4175",
            "close": "21.4259"
        },
        {
            "time": "28.01.2021 17:08",
            "open": "21.4259",
            "high": "21.4522",
            "low": "21.4259",
            "close": "21.3319"
        },
        {
            "time": "28.01.2021 17:09",
            "open": "21.3319",
            "high": "21.3319",
            "low": "21.3318",
            "close": "21.384"
        },
        {
            "time": "28.01.2021 17:10",
            "open": "21.384",
            "high": "21.389",
            "low": "21.375",
            "close": "21.375"
        },
        {
            "time": "28.01.2021 17:11",
            "open": "21.375",
            "high": "21.375",
            "low": "21.375",
            "close": "21.3425"
        },
        {
            "time": "28.01.2021 17:13",
            "open": "21.3425",
            "high": "21.3425",
            "low": "21.2589",
            "close": "21.2489"
        },
        {
            "time": "28.01.2021 17:14",
            "open": "21.2489",
            "high": "21.2539",
            "low": "21.2489",
            "close": "21.2413"
        },
        {
            "time": "28.01.2021 17:15",
            "open": "21.2413",
            "high": "21.2698",
            "low": "21.2413",
            "close": "21.3225"
        },
        {
            "time": "28.01.2021 17:16",
            "open": "21.3225",
            "high": "21.3436",
            "low": "21.3225",
            "close": "21.3155"
        },
        {
            "time": "28.01.2021 17:17",
            "open": "21.3155",
            "high": "21.3155",
            "low": "21.3154",
            "close": "21.3209"
        },
        {
            "time": "28.01.2021 17:18",
            "open": "21.3209",
            "high": "21.3209",
            "low": "21.3149",
            "close": "21.3285"
        },
        {
            "time": "28.01.2021 17:19",
            "open": "21.3285",
            "high": "21.3442",
            "low": "21.322",
            "close": "21.3351"
        },
        {
            "time": "28.01.2021 17:20",
            "open": "21.3351",
            "high": "21.3351",
            "low": "21.3345",
            "close": "21.4078"
        },
        {
            "time": "28.01.2021 17:22",
            "open": "21.4078",
            "high": "21.4078",
            "low": "21.4078",
            "close": "21.4078"
        },
        {
            "time": "28.01.2021 17:25",
            "open": "21.4078",
            "high": "21.5867",
            "low": "21.4078",
            "close": "21.4281"
        },
        {
            "time": "28.01.2021 17:28",
            "open": "21.4281",
            "high": "21.4281",
            "low": "21.4281",
            "close": "21.4281"
        },
        {
            "time": "28.01.2021 17:29",
            "open": "21.4281",
            "high": "21.4281",
            "low": "21.428",
            "close": "21.428"
        },
        {
            "time": "28.01.2021 17:30",
            "open": "21.428",
            "high": "21.4281",
            "low": "21.428",
            "close": "21.4432"
        },
        {
            "time": "28.01.2021 17:31",
            "open": "21.4432",
            "high": "21.4432",
            "low": "21.4432",
            "close": "21.4449"
        },
        {
            "time": "28.01.2021 17:32",
            "open": "21.4449",
            "high": "21.5",
            "low": "21.4449",
            "close": "21.5311"
        },
        {
            "time": "28.01.2021 17:33",
            "open": "21.5311",
            "high": "21.5868",
            "low": "21.5311",
            "close": "21.6234"
        },
        {
            "time": "28.01.2021 17:37",
            "open": "21.6234",
            "high": "22.3999",
            "low": "21.6234",
            "close": "21.6776"
        },
        {
            "time": "28.01.2021 17:38",
            "open": "21.6776",
            "high": "21.7548",
            "low": "21.6775",
            "close": "21.8011"
        },
        {
            "time": "28.01.2021 17:39",
            "open": "21.8011",
            "high": "21.8011",
            "low": "21.8011",
            "close": "21.8011"
        },
        {
            "time": "28.01.2021 17:40",
            "open": "21.8011",
            "high": "21.8011",
            "low": "21.801",
            "close": "21.8198"
        },
        {
            "time": "28.01.2021 17:41",
            "open": "21.8198",
            "high": "21.9023",
            "low": "21.8054",
            "close": "21.9022"
        },
        {
            "time": "28.01.2021 17:42",
            "open": "21.9022",
            "high": "21.9446",
            "low": "21.8628",
            "close": "21.8894"
        },
        {
            "time": "28.01.2021 17:43",
            "open": "21.8894",
            "high": "21.8894",
            "low": "21.8099",
            "close": "21.8005"
        },
        {
            "time": "28.01.2021 17:45",
            "open": "21.8005",
            "high": "21.8679",
            "low": "21.7268",
            "close": "21.7864"
        },
        {
            "time": "28.01.2021 17:46",
            "open": "21.7864",
            "high": "21.7864",
            "low": "21.7513",
            "close": "21.7511"
        },
        {
            "time": "28.01.2021 17:47",
            "open": "21.7511",
            "high": "21.7757",
            "low": "21.7511",
            "close": "21.7687"
        },
        {
            "time": "28.01.2021 17:48",
            "open": "21.7687",
            "high": "21.7687",
            "low": "21.6607",
            "close": "21.6922"
        },
        {
            "time": "28.01.2021 17:49",
            "open": "21.6922",
            "high": "21.6922",
            "low": "21.5997",
            "close": "21.5315"
        },
        {
            "time": "28.01.2021 17:50",
            "open": "21.5315",
            "high": "21.5581",
            "low": "21.4903",
            "close": "21.5951"
        },
        {
            "time": "28.01.2021 17:52",
            "open": "21.5951",
            "high": "21.5951",
            "low": "21.5439",
            "close": "21.5453"
        },
        {
            "time": "28.01.2021 17:53",
            "open": "21.5453",
            "high": "21.5454",
            "low": "21.5453",
            "close": "21.5806"
        },
        {
            "time": "28.01.2021 17:55",
            "open": "21.5806",
            "high": "21.62",
            "low": "21.5806",
            "close": "21.604"
        },
        {
            "time": "28.01.2021 17:56",
            "open": "21.604",
            "high": "21.605",
            "low": "21.604",
            "close": "21.6611"
        },
        {
            "time": "28.01.2021 18:01",
            "open": "21.6611",
            "high": "21.6611",
            "low": "21.6611",
            "close": "21.7311"
        },
        {
            "time": "28.01.2021 18:03",
            "open": "21.7311",
            "high": "21.7311",
            "low": "21.7311",
            "close": "21.7902"
        },
        {
            "time": "28.01.2021 18:09",
            "open": "21.7902",
            "high": "21.7902",
            "low": "21.7902",
            "close": "21.75"
        },
        {
            "time": "28.01.2021 18:13",
            "open": "21.75",
            "high": "21.7955",
            "low": "21.73",
            "close": "21.79"
        },
        {
            "time": "28.01.2021 18:22",
            "open": "21.79",
            "high": "21.79",
            "low": "21.79",
            "close": "21.7844"
        },
        {
            "time": "28.01.2021 18:24",
            "open": "21.7844",
            "high": "21.7844",
            "low": "21.7844",
            "close": "21.6926"
        },
        {
            "time": "28.01.2021 18:33",
            "open": "21.6926",
            "high": "21.6926",
            "low": "21.6925",
            "close": "21.7615"
        },
        {
            "time": "28.01.2021 18:40",
            "open": "21.7615",
            "high": "21.7615",
            "low": "21.7615",
            "close": "21.7552"
        },
        {
            "time": "28.01.2021 18:48",
            "open": "21.7552",
            "high": "21.7552",
            "low": "21.7173",
            "close": "21.663"
        },
        {
            "time": "28.01.2021 18:49",
            "open": "21.663",
            "high": "21.663",
            "low": "21.6505",
            "close": "21.6684"
        },
        {
            "time": "28.01.2021 18:58",
            "open": "21.6684",
            "high": "21.6684",
            "low": "21.6683",
            "close": "21.6207"
        },
        {
            "time": "28.01.2021 19:00",
            "open": "21.6207",
            "high": "21.6207",
            "low": "21.6138",
            "close": "21.6555"
        },
        {
            "time": "28.01.2021 19:02",
            "open": "21.6555",
            "high": "21.6555",
            "low": "21.6555",
            "close": "21.66"
        },
        {
            "time": "28.01.2021 19:03",
            "open": "21.66",
            "high": "21.66",
            "low": "21.66",
            "close": "21.717"
        },
        {
            "time": "28.01.2021 19:14",
            "open": "21.717",
            "high": "21.717",
            "low": "21.717",
            "close": "21.7228"
        },
        {
            "time": "28.01.2021 19:17",
            "open": "21.7228",
            "high": "21.7228",
            "low": "21.7228",
            "close": "21.68"
        },
        {
            "time": "28.01.2021 19:20",
            "open": "21.68",
            "high": "21.68",
            "low": "21.68",
            "close": "21.6799"
        },
        {
            "time": "28.01.2021 19:24",
            "open": "21.6799",
            "high": "21.68",
            "low": "21.6799",
            "close": "21.68"
        },
        {
            "time": "28.01.2021 19:33",
            "open": "21.68",
            "high": "21.7176",
            "low": "21.68",
            "close": "21.6458"
        },
        {
            "time": "28.01.2021 19:35",
            "open": "21.6458",
            "high": "21.6458",
            "low": "21.4501",
            "close": "21.6458"
        },
        {
            "time": "28.01.2021 19:36",
            "open": "21.6458",
            "high": "21.6458",
            "low": "21.6458",
            "close": "21.652"
        },
        {
            "time": "28.01.2021 19:39",
            "open": "21.652",
            "high": "21.6528",
            "low": "21.652",
            "close": "21.6778"
        },
        {
            "time": "28.01.2021 19:43",
            "open": "21.6778",
            "high": "21.6778",
            "low": "21.6778",
            "close": "21.7499"
        },
        {
            "time": "28.01.2021 19:45",
            "open": "21.7499",
            "high": "21.75",
            "low": "21.7499",
            "close": "21.7621"
        },
        {
            "time": "28.01.2021 19:49",
            "open": "21.7621",
            "high": "21.7621",
            "low": "21.7621",
            "close": "21.7377"
        },
        {
            "time": "28.01.2021 19:50",
            "open": "21.7377",
            "high": "21.7377",
            "low": "21.7377",
            "close": "21.7974"
        },
        {
            "time": "28.01.2021 19:52",
            "open": "21.7974",
            "high": "21.7974",
            "low": "21.7974",
            "close": "21.7974"
        },
        {
            "time": "28.01.2021 19:57",
            "open": "21.7974",
            "high": "21.7974",
            "low": "21.7974",
            "close": "21.7651"
        },
        {
            "time": "28.01.2021 19:59",
            "open": "21.7651",
            "high": "21.7651",
            "low": "21.7611",
            "close": "21.7207"
        },
        {
            "time": "28.01.2021 20:15",
            "open": "21.7207",
            "high": "21.7207",
            "low": "21.7207",
            "close": "21.6873"
        },
        {
            "time": "28.01.2021 20:23",
            "open": "21.6873",
            "high": "21.6873",
            "low": "21.6873",
            "close": "21.7144"
        },
        {
            "time": "28.01.2021 20:39",
            "open": "21.7144",
            "high": "21.7144",
            "low": "21.7144",
            "close": "21.6745"
        },
        {
            "time": "28.01.2021 20:43",
            "open": "21.6745",
            "high": "21.6745",
            "low": "21.6745",
            "close": "21.6639"
        },
        {
            "time": "28.01.2021 20:49",
            "open": "21.6639",
            "high": "21.6639",
            "low": "21.6639",
            "close": "21.6321"
        },
        {
            "time": "28.01.2021 20:51",
            "open": "21.6321",
            "high": "21.6321",
            "low": "21.6199",
            "close": "21.6495"
        },
        {
            "time": "28.01.2021 20:53",
            "open": "21.6495",
            "high": "21.746",
            "low": "21.6495",
            "close": "21.7868"
        },
        {
            "time": "28.01.2021 20:55",
            "open": "21.7868",
            "high": "21.7868",
            "low": "21.7868",
            "close": "21.6638"
        },
        {
            "time": "28.01.2021 21:01",
            "open": "21.6638",
            "high": "21.6638",
            "low": "21.6638",
            "close": "21.6217"
        },
        {
            "time": "28.01.2021 21:04",
            "open": "21.6217",
            "high": "21.6217",
            "low": "21.6217",
            "close": "21.7055"
        },
        {
            "time": "28.01.2021 21:05",
            "open": "21.7055",
            "high": "21.7214",
            "low": "21.7055",
            "close": "21.7143"
        },
        {
            "time": "28.01.2021 21:06",
            "open": "21.7143",
            "high": "21.7143",
            "low": "21.6964",
            "close": "21.7653"
        },
        {
            "time": "28.01.2021 21:07",
            "open": "21.7653",
            "high": "21.7653",
            "low": "21.7492",
            "close": "21.7516"
        },
        {
            "time": "28.01.2021 21:08",
            "open": "21.7516",
            "high": "21.7516",
            "low": "21.7516",
            "close": "21.7761"
        },
        {
            "time": "28.01.2021 21:09",
            "open": "21.7761",
            "high": "21.7762",
            "low": "21.7407",
            "close": "21.7568"
        },
        {
            "time": "28.01.2021 21:10",
            "open": "21.7568",
            "high": "21.7568",
            "low": "21.7568",
            "close": "21.7687"
        },
        {
            "time": "28.01.2021 21:11",
            "open": "21.7687",
            "high": "21.7784",
            "low": "21.7687",
            "close": "21.7369"
        },
        {
            "time": "28.01.2021 21:21",
            "open": "21.7369",
            "high": "21.7369",
            "low": "21.7342",
            "close": "21.7678"
        },
        {
            "time": "28.01.2021 21:26",
            "open": "21.7678",
            "high": "21.7678",
            "low": "21.7224",
            "close": "21.7994"
        },
        {
            "time": "28.01.2021 21:28",
            "open": "21.7994",
            "high": "21.7994",
            "low": "21.7994",
            "close": "21.7404"
        },
        {
            "time": "28.01.2021 21:36",
            "open": "21.7404",
            "high": "21.7404",
            "low": "21.7402",
            "close": "21.795"
        },
        {
            "time": "28.01.2021 21:42",
            "open": "21.795",
            "high": "21.795",
            "low": "21.795",
            "close": "21.7993"
        },
        {
            "time": "28.01.2021 21:56",
            "open": "21.7993",
            "high": "21.7993",
            "low": "21.7338",
            "close": "21.7368"
        },
        {
            "time": "28.01.2021 21:58",
            "open": "21.7368",
            "high": "21.7368",
            "low": "21.726",
            "close": "21.7336"
        },
        {
            "time": "28.01.2021 22:01",
            "open": "21.7336",
            "high": "21.7336",
            "low": "21.7336",
            "close": "21.7497"
        },
        {
            "time": "28.01.2021 22:03",
            "open": "21.7497",
            "high": "21.7497",
            "low": "21.7497",
            "close": "21.7558"
        },
        {
            "time": "28.01.2021 22:06",
            "open": "21.7558",
            "high": "21.7558",
            "low": "21.7558",
            "close": "21.6935"
        },
        {
            "time": "28.01.2021 22:07",
            "open": "21.6935",
            "high": "21.6935",
            "low": "21.6718",
            "close": "21.7065"
        },
        {
            "time": "28.01.2021 22:10",
            "open": "21.7065",
            "high": "21.7065",
            "low": "21.6965",
            "close": "21.6991"
        },
        {
            "time": "28.01.2021 22:11",
            "open": "21.6991",
            "high": "21.6991",
            "low": "21.6991",
            "close": "21.7055"
        },
        {
            "time": "28.01.2021 22:12",
            "open": "21.7055",
            "high": "21.7055",
            "low": "21.7055",
            "close": "21.7588"
        },
        {
            "time": "28.01.2021 22:13",
            "open": "21.7588",
            "high": "21.7589",
            "low": "21.7588",
            "close": "21.7484"
        },
        {
            "time": "28.01.2021 22:16",
            "open": "21.7484",
            "high": "21.7578",
            "low": "21.7424",
            "close": "21.7577"
        },
        {
            "time": "28.01.2021 22:17",
            "open": "21.7577",
            "high": "21.7664",
            "low": "21.7409",
            "close": "21.8218"
        },
        {
            "time": "28.01.2021 22:19",
            "open": "21.8218",
            "high": "21.8218",
            "low": "21.8218",
            "close": "21.8601"
        },
        {
            "time": "28.01.2021 22:21",
            "open": "21.8601",
            "high": "21.8601",
            "low": "21.8601",
            "close": "21.79"
        },
        {
            "time": "28.01.2021 22:22",
            "open": "21.79",
            "high": "21.79",
            "low": "21.79",
            "close": "21.7634"
        },
        {
            "time": "28.01.2021 22:24",
            "open": "21.7634",
            "high": "21.7677",
            "low": "21.7634",
            "close": "21.7677"
        },
        {
            "time": "28.01.2021 22:25",
            "open": "21.7677",
            "high": "21.7677",
            "low": "21.7677",
            "close": "21.7322"
        },
        {
            "time": "28.01.2021 22:27",
            "open": "21.7322",
            "high": "21.7554",
            "low": "21.7322",
            "close": "21.7676"
        },
        {
            "time": "28.01.2021 22:28",
            "open": "21.7676",
            "high": "21.7676",
            "low": "21.7676",
            "close": "21.76"
        },
        {
            "time": "28.01.2021 22:36",
            "open": "21.76",
            "high": "21.76",
            "low": "21.76",
            "close": "21.7679"
        },
        {
            "time": "28.01.2021 22:37",
            "open": "21.7679",
            "high": "21.7679",
            "low": "21.7678",
            "close": "21.7175"
        },
        {
            "time": "28.01.2021 22:47",
            "open": "21.7175",
            "high": "21.7707",
            "low": "21.714",
            "close": "21.8555"
        },
        {
            "time": "28.01.2021 22:52",
            "open": "21.8555",
            "high": "21.8555",
            "low": "21.7637",
            "close": "21.7946"
        },
        {
            "time": "28.01.2021 22:54",
            "open": "21.7946",
            "high": "21.7946",
            "low": "21.7946",
            "close": "21.7536"
        },
        {
            "time": "28.01.2021 23:01",
            "open": "21.7536",
            "high": "21.7536",
            "low": "21.7536",
            "close": "21.7689"
        },
        {
            "time": "28.01.2021 23:03",
            "open": "21.7689",
            "high": "21.7692",
            "low": "21.7689",
            "close": "21.6931"
        },
        {
            "time": "28.01.2021 23:06",
            "open": "21.6931",
            "high": "21.6931",
            "low": "21.6931",
            "close": "21.7588"
        },
        {
            "time": "28.01.2021 23:10",
            "open": "21.7588",
            "high": "21.7589",
            "low": "21.7297",
            "close": "21.7251"
        },
        {
            "time": "28.01.2021 23:11",
            "open": "21.7251",
            "high": "21.7251",
            "low": "21.7185",
            "close": "21.7025"
        },
        {
            "time": "28.01.2021 23:12",
            "open": "21.7025",
            "high": "21.7282",
            "low": "21.7025",
            "close": "21.7364"
        },
        {
            "time": "28.01.2021 23:14",
            "open": "21.7364",
            "high": "21.7364",
            "low": "21.7364",
            "close": "21.7245"
        },
        {
            "time": "28.01.2021 23:17",
            "open": "21.7245",
            "high": "21.7245",
            "low": "21.6969",
            "close": "21.721"
        },
        {
            "time": "28.01.2021 23:20",
            "open": "21.721",
            "high": "21.721",
            "low": "21.7206",
            "close": "21.7692"
        },
        {
            "time": "28.01.2021 23:30",
            "open": "21.7692",
            "high": "21.8757",
            "low": "21.7182",
            "close": "21.8454"
        },
        {
            "time": "28.01.2021 23:41",
            "open": "21.8454",
            "high": "21.8456",
            "low": "21.8454",
            "close": "21.8323"
        },
        {
            "time": "28.01.2021 23:43",
            "open": "21.8323",
            "high": "21.8345",
            "low": "21.8323",
            "close": "21.8773"
        },
        {
            "time": "28.01.2021 23:44",
            "open": "21.8773",
            "high": "21.8773",
            "low": "21.8773",
            "close": "21.8608"
        },
        {
            "time": "28.01.2021 23:45",
            "open": "21.8608",
            "high": "21.8608",
            "low": "21.8608",
            "close": "21.8773"
        },
        {
            "time": "28.01.2021 23:49",
            "open": "21.8773",
            "high": "21.8773",
            "low": "21.8773",
            "close": "21.8774"
        },
        {
            "time": "28.01.2021 23:56",
            "open": "21.8774",
            "high": "21.9475",
            "low": "21.8774",
            "close": "21.9141"
        },
        {
            "time": "28.01.2021 23:57",
            "open": "21.9141",
            "high": "21.9288",
            "low": "21.9141",
            "close": "21.9647"
        }
    ]
}