{
    "NMR-EUR": [
        {
            "time": "10.11.2020 23:59",
            "open": "20.1514",
            "high": "20.1534",
            "low": "20.1514",
            "close": "20.1634"
        },
        {
            "time": "11.11.2020 00:00",
            "open": "20.1634",
            "high": "20.3124",
            "low": "20.1634",
            "close": "20.1885"
        },
        {
            "time": "11.11.2020 00:08",
            "open": "20.1885",
            "high": "20.1947",
            "low": "20.1727",
            "close": "20.195"
        },
        {
            "time": "11.11.2020 00:09",
            "open": "20.195",
            "high": "20.195",
            "low": "20.195",
            "close": "20.256"
        },
        {
            "time": "11.11.2020 00:16",
            "open": "20.256",
            "high": "20.2919",
            "low": "20.256",
            "close": "20.3124"
        },
        {
            "time": "11.11.2020 00:17",
            "open": "20.3124",
            "high": "20.3124",
            "low": "20.2831",
            "close": "20.35"
        },
        {
            "time": "11.11.2020 00:18",
            "open": "20.35",
            "high": "20.3518",
            "low": "20.35",
            "close": "20.3723"
        },
        {
            "time": "11.11.2020 00:19",
            "open": "20.3723",
            "high": "20.3723",
            "low": "20.3723",
            "close": "20.3746"
        },
        {
            "time": "11.11.2020 00:30",
            "open": "20.3746",
            "high": "20.5865",
            "low": "20.3746",
            "close": "20.2444"
        },
        {
            "time": "11.11.2020 00:34",
            "open": "20.2444",
            "high": "20.2484",
            "low": "20.2444",
            "close": "20.1899"
        },
        {
            "time": "11.11.2020 00:37",
            "open": "20.1899",
            "high": "20.1899",
            "low": "20.1841",
            "close": "20.2105"
        },
        {
            "time": "11.11.2020 00:41",
            "open": "20.2105",
            "high": "20.221",
            "low": "20.2105",
            "close": "20.387"
        },
        {
            "time": "11.11.2020 00:47",
            "open": "20.387",
            "high": "20.4037",
            "low": "20.387",
            "close": "20.4509"
        },
        {
            "time": "11.11.2020 00:54",
            "open": "20.4509",
            "high": "20.4509",
            "low": "20.4509",
            "close": "20.5221"
        },
        {
            "time": "11.11.2020 00:58",
            "open": "20.5221",
            "high": "20.5865",
            "low": "20.5221",
            "close": "20.5723"
        },
        {
            "time": "11.11.2020 00:59",
            "open": "20.5723",
            "high": "20.645",
            "low": "20.5646",
            "close": "20.6593"
        },
        {
            "time": "11.11.2020 01:00",
            "open": "20.6593",
            "high": "20.7832",
            "low": "20.6593",
            "close": "20.787"
        },
        {
            "time": "11.11.2020 01:02",
            "open": "20.787",
            "high": "20.787",
            "low": "20.787",
            "close": "20.7496"
        },
        {
            "time": "11.11.2020 01:06",
            "open": "20.7496",
            "high": "20.7496",
            "low": "20.7488",
            "close": "20.7488"
        },
        {
            "time": "11.11.2020 01:07",
            "open": "20.7488",
            "high": "20.7488",
            "low": "20.7488",
            "close": "20.5779"
        },
        {
            "time": "11.11.2020 01:09",
            "open": "20.5779",
            "high": "20.5779",
            "low": "20.5779",
            "close": "20.61"
        },
        {
            "time": "11.11.2020 01:15",
            "open": "20.61",
            "high": "20.639",
            "low": "20.61",
            "close": "20.614"
        },
        {
            "time": "11.11.2020 01:24",
            "open": "20.614",
            "high": "20.614",
            "low": "20.614",
            "close": "20.5802"
        },
        {
            "time": "11.11.2020 01:27",
            "open": "20.5802",
            "high": "20.5802",
            "low": "20.5561",
            "close": "20.7943"
        },
        {
            "time": "11.11.2020 01:34",
            "open": "20.7943",
            "high": "20.9585",
            "low": "20.7943",
            "close": "20.7489"
        },
        {
            "time": "11.11.2020 01:36",
            "open": "20.7489",
            "high": "20.7489",
            "low": "20.7489",
            "close": "20.5315"
        },
        {
            "time": "11.11.2020 01:41",
            "open": "20.5315",
            "high": "20.5315",
            "low": "20.5315",
            "close": "20.5427"
        },
        {
            "time": "11.11.2020 01:46",
            "open": "20.5427",
            "high": "20.5427",
            "low": "20.5427",
            "close": "20.5302"
        },
        {
            "time": "11.11.2020 01:52",
            "open": "20.5302",
            "high": "20.5302",
            "low": "20.5105",
            "close": "20.45"
        },
        {
            "time": "11.11.2020 01:54",
            "open": "20.45",
            "high": "20.45",
            "low": "20.369",
            "close": "20.3765"
        },
        {
            "time": "11.11.2020 01:55",
            "open": "20.3765",
            "high": "20.3765",
            "low": "20.3765",
            "close": "20.37"
        },
        {
            "time": "11.11.2020 02:01",
            "open": "20.37",
            "high": "20.37",
            "low": "20.37",
            "close": "20.3888"
        },
        {
            "time": "11.11.2020 02:03",
            "open": "20.3888",
            "high": "20.3888",
            "low": "20.3888",
            "close": "20.33"
        },
        {
            "time": "11.11.2020 02:04",
            "open": "20.33",
            "high": "20.33",
            "low": "20.33",
            "close": "20.3802"
        },
        {
            "time": "11.11.2020 02:06",
            "open": "20.3802",
            "high": "20.3802",
            "low": "20.3802",
            "close": "20.3233"
        },
        {
            "time": "11.11.2020 02:19",
            "open": "20.3233",
            "high": "20.345",
            "low": "19.9826",
            "close": "20.3104"
        },
        {
            "time": "11.11.2020 02:32",
            "open": "20.3104",
            "high": "20.3104",
            "low": "20.3095",
            "close": "20.3355"
        },
        {
            "time": "11.11.2020 02:36",
            "open": "20.3355",
            "high": "20.3355",
            "low": "20.3355",
            "close": "20.3801"
        },
        {
            "time": "11.11.2020 02:37",
            "open": "20.3801",
            "high": "20.4008",
            "low": "20.3801",
            "close": "20.4455"
        },
        {
            "time": "11.11.2020 02:42",
            "open": "20.4455",
            "high": "20.4455",
            "low": "20.4455",
            "close": "20.5727"
        },
        {
            "time": "11.11.2020 02:46",
            "open": "20.5727",
            "high": "20.6207",
            "low": "20.5727",
            "close": "20.6593"
        },
        {
            "time": "11.11.2020 02:47",
            "open": "20.6593",
            "high": "20.78",
            "low": "20.6593",
            "close": "20.8499"
        },
        {
            "time": "11.11.2020 02:48",
            "open": "20.8499",
            "high": "20.8499",
            "low": "20.8499",
            "close": "20.8836"
        },
        {
            "time": "11.11.2020 02:55",
            "open": "20.8836",
            "high": "20.8859",
            "low": "20.8836",
            "close": "20.9307"
        },
        {
            "time": "11.11.2020 02:56",
            "open": "20.9307",
            "high": "21.295",
            "low": "20.9307",
            "close": "21.0557"
        },
        {
            "time": "11.11.2020 02:57",
            "open": "21.0557",
            "high": "21.0557",
            "low": "21.0557",
            "close": "21.1069"
        },
        {
            "time": "11.11.2020 02:59",
            "open": "21.1069",
            "high": "21.1079",
            "low": "21.1069",
            "close": "21.0998"
        },
        {
            "time": "11.11.2020 03:02",
            "open": "21.0998",
            "high": "21.1288",
            "low": "21.0998",
            "close": "21.0551"
        },
        {
            "time": "11.11.2020 03:03",
            "open": "21.0551",
            "high": "21.0551",
            "low": "21.0551",
            "close": "21.0878"
        },
        {
            "time": "11.11.2020 03:07",
            "open": "21.0878",
            "high": "21.0878",
            "low": "21.0878",
            "close": "21.0303"
        },
        {
            "time": "11.11.2020 03:12",
            "open": "21.0303",
            "high": "21.0303",
            "low": "21.0303",
            "close": "21.0477"
        },
        {
            "time": "11.11.2020 03:15",
            "open": "21.0477",
            "high": "21.0477",
            "low": "21.0477",
            "close": "21.0321"
        },
        {
            "time": "11.11.2020 03:16",
            "open": "21.0321",
            "high": "21.0321",
            "low": "21.0321",
            "close": "20.9969"
        },
        {
            "time": "11.11.2020 03:31",
            "open": "20.9969",
            "high": "20.9969",
            "low": "20.9164",
            "close": "20.8723"
        },
        {
            "time": "11.11.2020 03:35",
            "open": "20.8723",
            "high": "20.8723",
            "low": "20.8723",
            "close": "20.8043"
        },
        {
            "time": "11.11.2020 03:36",
            "open": "20.8043",
            "high": "20.8043",
            "low": "20.7968",
            "close": "20.8002"
        },
        {
            "time": "11.11.2020 03:39",
            "open": "20.8002",
            "high": "20.8002",
            "low": "20.7802",
            "close": "20.7525"
        },
        {
            "time": "11.11.2020 03:40",
            "open": "20.7525",
            "high": "20.7525",
            "low": "20.7525",
            "close": "20.8305"
        },
        {
            "time": "11.11.2020 03:53",
            "open": "20.8305",
            "high": "20.8305",
            "low": "20.8305",
            "close": "20.8"
        },
        {
            "time": "11.11.2020 04:33",
            "open": "20.8",
            "high": "20.8",
            "low": "20.7776",
            "close": "20.7775"
        },
        {
            "time": "11.11.2020 04:34",
            "open": "20.7775",
            "high": "20.7775",
            "low": "20.7774",
            "close": "20.7773"
        },
        {
            "time": "11.11.2020 04:35",
            "open": "20.7773",
            "high": "20.7773",
            "low": "20.7772",
            "close": "20.8097"
        },
        {
            "time": "11.11.2020 05:12",
            "open": "20.8097",
            "high": "20.8152",
            "low": "20.8097",
            "close": "20.7273"
        },
        {
            "time": "11.11.2020 05:15",
            "open": "20.7273",
            "high": "20.7273",
            "low": "20.7273",
            "close": "20.8699"
        },
        {
            "time": "11.11.2020 05:20",
            "open": "20.8699",
            "high": "20.9823",
            "low": "20.8699",
            "close": "20.9998"
        },
        {
            "time": "11.11.2020 05:21",
            "open": "20.9998",
            "high": "21.775",
            "low": "20.9998",
            "close": "21.8252"
        },
        {
            "time": "11.11.2020 05:22",
            "open": "21.8252",
            "high": "21.8252",
            "low": "20.6554",
            "close": "20.7166"
        },
        {
            "time": "11.11.2020 05:23",
            "open": "20.7166",
            "high": "20.7591",
            "low": "20.6449",
            "close": "20.759"
        },
        {
            "time": "11.11.2020 05:24",
            "open": "20.759",
            "high": "20.9865",
            "low": "20.759",
            "close": "20.9322"
        },
        {
            "time": "11.11.2020 05:25",
            "open": "20.9322",
            "high": "20.9322",
            "low": "20.9322",
            "close": "20.9238"
        },
        {
            "time": "11.11.2020 05:26",
            "open": "20.9238",
            "high": "20.9238",
            "low": "20.9238",
            "close": "20.9866"
        },
        {
            "time": "11.11.2020 05:29",
            "open": "20.9866",
            "high": "20.9866",
            "low": "20.9866",
            "close": "20.8714"
        },
        {
            "time": "11.11.2020 05:41",
            "open": "20.8714",
            "high": "20.8714",
            "low": "20.8714",
            "close": "20.835"
        },
        {
            "time": "11.11.2020 05:43",
            "open": "20.835",
            "high": "20.835",
            "low": "20.835",
            "close": "20.8575"
        },
        {
            "time": "11.11.2020 05:47",
            "open": "20.8575",
            "high": "20.8575",
            "low": "20.8575",
            "close": "20.7669"
        },
        {
            "time": "11.11.2020 06:10",
            "open": "20.7669",
            "high": "20.7669",
            "low": "20.7247",
            "close": "20.779"
        },
        {
            "time": "11.11.2020 06:13",
            "open": "20.779",
            "high": "20.779",
            "low": "20.7528",
            "close": "20.7528"
        },
        {
            "time": "11.11.2020 06:24",
            "open": "20.7528",
            "high": "20.7528",
            "low": "20.7528",
            "close": "20.9999"
        },
        {
            "time": "11.11.2020 07:07",
            "open": "20.9999",
            "high": "21",
            "low": "20.9999",
            "close": "21.0725"
        },
        {
            "time": "11.11.2020 07:15",
            "open": "21.0725",
            "high": "21.0725",
            "low": "21.0725",
            "close": "21.0725"
        },
        {
            "time": "11.11.2020 07:17",
            "open": "21.0725",
            "high": "21.0801",
            "low": "21.0725",
            "close": "21.1052"
        },
        {
            "time": "11.11.2020 07:18",
            "open": "21.1052",
            "high": "21.1052",
            "low": "21.1052",
            "close": "21.1241"
        },
        {
            "time": "11.11.2020 07:25",
            "open": "21.1241",
            "high": "21.1846",
            "low": "21.1241",
            "close": "21.2626"
        },
        {
            "time": "11.11.2020 07:32",
            "open": "21.2626",
            "high": "21.2626",
            "low": "21.2626",
            "close": "21.4018"
        },
        {
            "time": "11.11.2020 07:37",
            "open": "21.4018",
            "high": "21.4018",
            "low": "21.4018",
            "close": "21.4169"
        },
        {
            "time": "11.11.2020 07:39",
            "open": "21.4169",
            "high": "21.4935",
            "low": "21.4169",
            "close": "21.4935"
        },
        {
            "time": "11.11.2020 07:42",
            "open": "21.4935",
            "high": "21.4935",
            "low": "21.4935",
            "close": "21.3946"
        },
        {
            "time": "11.11.2020 07:44",
            "open": "21.3946",
            "high": "21.4538",
            "low": "21.3042",
            "close": "21.358"
        },
        {
            "time": "11.11.2020 07:46",
            "open": "21.358",
            "high": "21.3581",
            "low": "21.28",
            "close": "21.2284"
        },
        {
            "time": "11.11.2020 07:49",
            "open": "21.2284",
            "high": "21.2284",
            "low": "21.2078",
            "close": "21.119"
        },
        {
            "time": "11.11.2020 07:52",
            "open": "21.119",
            "high": "21.119",
            "low": "21.119",
            "close": "21.1085"
        },
        {
            "time": "11.11.2020 07:53",
            "open": "21.1085",
            "high": "21.1085",
            "low": "21.1085",
            "close": "21.0644"
        },
        {
            "time": "11.11.2020 07:54",
            "open": "21.0644",
            "high": "21.0644",
            "low": "20.9948",
            "close": "20.995"
        },
        {
            "time": "11.11.2020 07:55",
            "open": "20.995",
            "high": "20.995",
            "low": "20.9928",
            "close": "20.978"
        },
        {
            "time": "11.11.2020 07:56",
            "open": "20.978",
            "high": "20.978",
            "low": "20.978",
            "close": "20.9414"
        },
        {
            "time": "11.11.2020 08:02",
            "open": "20.9414",
            "high": "20.9414",
            "low": "20.8691",
            "close": "20.8618"
        },
        {
            "time": "11.11.2020 08:05",
            "open": "20.8618",
            "high": "20.8618",
            "low": "20.8618",
            "close": "20.8599"
        },
        {
            "time": "11.11.2020 08:10",
            "open": "20.8599",
            "high": "20.8599",
            "low": "20.8599",
            "close": "20.8618"
        },
        {
            "time": "11.11.2020 08:20",
            "open": "20.8618",
            "high": "20.8618",
            "low": "20.8618",
            "close": "21.0704"
        },
        {
            "time": "11.11.2020 08:27",
            "open": "21.0704",
            "high": "21.078",
            "low": "21.0704",
            "close": "21.2626"
        },
        {
            "time": "11.11.2020 08:31",
            "open": "21.2626",
            "high": "21.2626",
            "low": "21.2626",
            "close": "21.4018"
        },
        {
            "time": "11.11.2020 08:32",
            "open": "21.4018",
            "high": "21.4018",
            "low": "21.4018",
            "close": "21.4233"
        },
        {
            "time": "11.11.2020 08:33",
            "open": "21.4233",
            "high": "21.4275",
            "low": "21.4233",
            "close": "21.4593"
        },
        {
            "time": "11.11.2020 08:38",
            "open": "21.4593",
            "high": "21.4593",
            "low": "21.4274",
            "close": "21.4274"
        },
        {
            "time": "11.11.2020 08:40",
            "open": "21.4274",
            "high": "21.4274",
            "low": "21.4274",
            "close": "21.3871"
        },
        {
            "time": "11.11.2020 08:42",
            "open": "21.3871",
            "high": "21.3871",
            "low": "21.3871",
            "close": "21.3606"
        },
        {
            "time": "11.11.2020 08:46",
            "open": "21.3606",
            "high": "21.3606",
            "low": "21.3606",
            "close": "21.3513"
        },
        {
            "time": "11.11.2020 08:48",
            "open": "21.3513",
            "high": "21.3513",
            "low": "21.3431",
            "close": "21.3202"
        },
        {
            "time": "11.11.2020 08:50",
            "open": "21.3202",
            "high": "21.3202",
            "low": "21.3202",
            "close": "21.0739"
        },
        {
            "time": "11.11.2020 09:00",
            "open": "21.0739",
            "high": "21.0739",
            "low": "21.0739",
            "close": "21.0567"
        },
        {
            "time": "11.11.2020 09:03",
            "open": "21.0567",
            "high": "21.0567",
            "low": "21.0534",
            "close": "21.043"
        },
        {
            "time": "11.11.2020 09:10",
            "open": "21.043",
            "high": "21.043",
            "low": "21.043",
            "close": "21.0974"
        },
        {
            "time": "11.11.2020 09:15",
            "open": "21.0974",
            "high": "21.0974",
            "low": "21.0974",
            "close": "21.094"
        },
        {
            "time": "11.11.2020 09:19",
            "open": "21.094",
            "high": "21.1",
            "low": "21.094",
            "close": "21.1"
        },
        {
            "time": "11.11.2020 09:20",
            "open": "21.1",
            "high": "21.1",
            "low": "21.1",
            "close": "21.1"
        },
        {
            "time": "11.11.2020 09:23",
            "open": "21.1",
            "high": "21.1",
            "low": "21.1",
            "close": "21.217"
        },
        {
            "time": "11.11.2020 09:26",
            "open": "21.217",
            "high": "21.217",
            "low": "21.217",
            "close": "21.2233"
        },
        {
            "time": "11.11.2020 09:29",
            "open": "21.2233",
            "high": "21.2233",
            "low": "21.2233",
            "close": "21.2379"
        },
        {
            "time": "11.11.2020 09:39",
            "open": "21.2379",
            "high": "21.2379",
            "low": "21.2176",
            "close": "21.2009"
        },
        {
            "time": "11.11.2020 09:43",
            "open": "21.2009",
            "high": "21.2197",
            "low": "21.2009",
            "close": "21.1773"
        },
        {
            "time": "11.11.2020 09:53",
            "open": "21.1773",
            "high": "21.1773",
            "low": "21.1773",
            "close": "21.1538"
        },
        {
            "time": "11.11.2020 09:54",
            "open": "21.1538",
            "high": "21.1538",
            "low": "21.1538",
            "close": "21.1538"
        },
        {
            "time": "11.11.2020 09:55",
            "open": "21.1538",
            "high": "21.1538",
            "low": "21.1538",
            "close": "21.17"
        },
        {
            "time": "11.11.2020 10:03",
            "open": "21.17",
            "high": "21.17",
            "low": "21.17",
            "close": "21.17"
        },
        {
            "time": "11.11.2020 10:04",
            "open": "21.17",
            "high": "21.17",
            "low": "21.17",
            "close": "21.2079"
        },
        {
            "time": "11.11.2020 10:07",
            "open": "21.2079",
            "high": "21.2079",
            "low": "21.2079",
            "close": "21.2846"
        },
        {
            "time": "11.11.2020 10:14",
            "open": "21.2846",
            "high": "21.3933",
            "low": "21.2846",
            "close": "21.3533"
        },
        {
            "time": "11.11.2020 10:15",
            "open": "21.3533",
            "high": "21.3744",
            "low": "21.3533",
            "close": "21.3862"
        },
        {
            "time": "11.11.2020 10:18",
            "open": "21.3862",
            "high": "21.3862",
            "low": "21.3616",
            "close": "21.4018"
        },
        {
            "time": "11.11.2020 10:21",
            "open": "21.4018",
            "high": "21.4018",
            "low": "21.4018",
            "close": "21.4935"
        },
        {
            "time": "11.11.2020 10:22",
            "open": "21.4935",
            "high": "21.5024",
            "low": "21.4935",
            "close": "21.542"
        },
        {
            "time": "11.11.2020 10:23",
            "open": "21.542",
            "high": "21.542",
            "low": "21.542",
            "close": "21.598"
        },
        {
            "time": "11.11.2020 10:24",
            "open": "21.598",
            "high": "21.598",
            "low": "21.5729",
            "close": "21.657"
        },
        {
            "time": "11.11.2020 10:26",
            "open": "21.657",
            "high": "21.657",
            "low": "21.657",
            "close": "21.6574"
        },
        {
            "time": "11.11.2020 10:30",
            "open": "21.6574",
            "high": "21.6758",
            "low": "21.6574",
            "close": "21.5387"
        },
        {
            "time": "11.11.2020 10:33",
            "open": "21.5387",
            "high": "21.546",
            "low": "21.5387",
            "close": "21.4404"
        },
        {
            "time": "11.11.2020 10:36",
            "open": "21.4404",
            "high": "21.4404",
            "low": "21.4404",
            "close": "21.3431"
        },
        {
            "time": "11.11.2020 10:41",
            "open": "21.3431",
            "high": "21.3431",
            "low": "21.3431",
            "close": "21.34"
        },
        {
            "time": "11.11.2020 10:42",
            "open": "21.34",
            "high": "21.34",
            "low": "21.34",
            "close": "21.3294"
        },
        {
            "time": "11.11.2020 10:43",
            "open": "21.3294",
            "high": "21.3294",
            "low": "21.3294",
            "close": "21.2759"
        },
        {
            "time": "11.11.2020 10:45",
            "open": "21.2759",
            "high": "21.2759",
            "low": "21.2759",
            "close": "21.1913"
        },
        {
            "time": "11.11.2020 10:46",
            "open": "21.1913",
            "high": "21.1913",
            "low": "21.1607",
            "close": "21.1325"
        },
        {
            "time": "11.11.2020 10:47",
            "open": "21.1325",
            "high": "21.1325",
            "low": "21.1325",
            "close": "21.0725"
        },
        {
            "time": "11.11.2020 10:51",
            "open": "21.0725",
            "high": "21.0725",
            "low": "21.0534",
            "close": "21"
        },
        {
            "time": "11.11.2020 10:52",
            "open": "21",
            "high": "21",
            "low": "21",
            "close": "20.9948"
        },
        {
            "time": "11.11.2020 10:54",
            "open": "20.9948",
            "high": "20.9948",
            "low": "20.9948",
            "close": "21"
        },
        {
            "time": "11.11.2020 10:55",
            "open": "21",
            "high": "21",
            "low": "21",
            "close": "21.2145"
        },
        {
            "time": "11.11.2020 10:58",
            "open": "21.2145",
            "high": "21.2145",
            "low": "21.2145",
            "close": "21.3723"
        },
        {
            "time": "11.11.2020 11:00",
            "open": "21.3723",
            "high": "21.5089",
            "low": "21.3723",
            "close": "21.542"
        },
        {
            "time": "11.11.2020 11:02",
            "open": "21.542",
            "high": "21.542",
            "low": "21.542",
            "close": "21.542"
        },
        {
            "time": "11.11.2020 11:06",
            "open": "21.542",
            "high": "21.542",
            "low": "21.542",
            "close": "21.542"
        },
        {
            "time": "11.11.2020 11:08",
            "open": "21.542",
            "high": "21.542",
            "low": "21.542",
            "close": "21.5246"
        },
        {
            "time": "11.11.2020 11:10",
            "open": "21.5246",
            "high": "21.6099",
            "low": "21.5246",
            "close": "21.61"
        },
        {
            "time": "11.11.2020 11:11",
            "open": "21.61",
            "high": "21.6548",
            "low": "21.61",
            "close": "21.6832"
        },
        {
            "time": "11.11.2020 11:12",
            "open": "21.6832",
            "high": "21.7265",
            "low": "21.6832",
            "close": "21.7027"
        },
        {
            "time": "11.11.2020 11:14",
            "open": "21.7027",
            "high": "21.7027",
            "low": "21.6661",
            "close": "21.6611"
        },
        {
            "time": "11.11.2020 11:18",
            "open": "21.6611",
            "high": "21.6611",
            "low": "21.6524",
            "close": "21.8075"
        },
        {
            "time": "11.11.2020 11:19",
            "open": "21.8075",
            "high": "21.8252",
            "low": "21.8075",
            "close": "21.8252"
        },
        {
            "time": "11.11.2020 11:20",
            "open": "21.8252",
            "high": "21.8252",
            "low": "21.8252",
            "close": "21.84"
        },
        {
            "time": "11.11.2020 11:21",
            "open": "21.84",
            "high": "21.9239",
            "low": "21.84",
            "close": "21.9683"
        },
        {
            "time": "11.11.2020 11:22",
            "open": "21.9683",
            "high": "22",
            "low": "21.9683",
            "close": "22.0219"
        },
        {
            "time": "11.11.2020 11:23",
            "open": "22.0219",
            "high": "22.1415",
            "low": "22.0195",
            "close": "21.7522"
        },
        {
            "time": "11.11.2020 11:24",
            "open": "21.7522",
            "high": "22.011",
            "low": "21.3588",
            "close": "22.0219"
        },
        {
            "time": "11.11.2020 11:25",
            "open": "22.0219",
            "high": "22.0219",
            "low": "21.6106",
            "close": "21.6072"
        },
        {
            "time": "11.11.2020 11:26",
            "open": "21.6072",
            "high": "21.7108",
            "low": "21.5975",
            "close": "21.5"
        },
        {
            "time": "11.11.2020 11:27",
            "open": "21.5",
            "high": "21.5",
            "low": "21.5",
            "close": "21.5"
        },
        {
            "time": "11.11.2020 11:28",
            "open": "21.5",
            "high": "21.524",
            "low": "21.4601",
            "close": "21.4314"
        },
        {
            "time": "11.11.2020 11:29",
            "open": "21.4314",
            "high": "21.4314",
            "low": "21.3302",
            "close": "21.2564"
        },
        {
            "time": "11.11.2020 11:30",
            "open": "21.2564",
            "high": "21.5419",
            "low": "21.19",
            "close": "21.5235"
        },
        {
            "time": "11.11.2020 11:31",
            "open": "21.5235",
            "high": "21.6831",
            "low": "21.5235",
            "close": "21.681"
        },
        {
            "time": "11.11.2020 11:32",
            "open": "21.681",
            "high": "21.8252",
            "low": "21.681",
            "close": "21.8604"
        },
        {
            "time": "11.11.2020 11:33",
            "open": "21.8604",
            "high": "21.9499",
            "low": "21.8602",
            "close": "21.95"
        },
        {
            "time": "11.11.2020 11:34",
            "open": "21.95",
            "high": "21.995",
            "low": "21.6106",
            "close": "21.5351"
        },
        {
            "time": "11.11.2020 11:35",
            "open": "21.5351",
            "high": "21.6927",
            "low": "21.5351",
            "close": "21.5956"
        },
        {
            "time": "11.11.2020 11:36",
            "open": "21.5956",
            "high": "21.5956",
            "low": "21.3302",
            "close": "21.3151"
        },
        {
            "time": "11.11.2020 11:37",
            "open": "21.3151",
            "high": "21.6751",
            "low": "21.3151",
            "close": "21.6832"
        },
        {
            "time": "11.11.2020 11:38",
            "open": "21.6832",
            "high": "22.2",
            "low": "21.6832",
            "close": "21.8514"
        },
        {
            "time": "11.11.2020 11:39",
            "open": "21.8514",
            "high": "22.154",
            "low": "21.6107",
            "close": "22.1856"
        },
        {
            "time": "11.11.2020 11:40",
            "open": "22.1856",
            "high": "22.23",
            "low": "21.6864",
            "close": "22.0335"
        },
        {
            "time": "11.11.2020 11:41",
            "open": "22.0335",
            "high": "22.3066",
            "low": "21.936",
            "close": "22.2187"
        },
        {
            "time": "11.11.2020 11:42",
            "open": "22.2187",
            "high": "22.2187",
            "low": "21.9895",
            "close": "21.9836"
        },
        {
            "time": "11.11.2020 11:43",
            "open": "21.9836",
            "high": "21.9836",
            "low": "21.7522",
            "close": "21.7503"
        },
        {
            "time": "11.11.2020 11:44",
            "open": "21.7503",
            "high": "21.7503",
            "low": "21.5084",
            "close": "21.6927"
        },
        {
            "time": "11.11.2020 11:45",
            "open": "21.6927",
            "high": "21.6939",
            "low": "21.6762",
            "close": "21.6244"
        },
        {
            "time": "11.11.2020 11:46",
            "open": "21.6244",
            "high": "21.7856",
            "low": "21.6244",
            "close": "21.6515"
        },
        {
            "time": "11.11.2020 11:47",
            "open": "21.6515",
            "high": "21.6515",
            "low": "21.6514",
            "close": "21.7384"
        },
        {
            "time": "11.11.2020 11:48",
            "open": "21.7384",
            "high": "21.7384",
            "low": "21.7384",
            "close": "21.7572"
        },
        {
            "time": "11.11.2020 11:50",
            "open": "21.7572",
            "high": "21.7572",
            "low": "21.7384",
            "close": "21.6456"
        },
        {
            "time": "11.11.2020 11:51",
            "open": "21.6456",
            "high": "21.6456",
            "low": "21.6456",
            "close": "21.6123"
        },
        {
            "time": "11.11.2020 11:52",
            "open": "21.6123",
            "high": "21.6123",
            "low": "21.6123",
            "close": "21.5"
        },
        {
            "time": "11.11.2020 11:54",
            "open": "21.5",
            "high": "21.5321",
            "low": "21.5",
            "close": "21.5"
        },
        {
            "time": "11.11.2020 11:55",
            "open": "21.5",
            "high": "21.5",
            "low": "21.494",
            "close": "21.8"
        },
        {
            "time": "11.11.2020 11:57",
            "open": "21.8",
            "high": "21.8812",
            "low": "21.8",
            "close": "21.5903"
        },
        {
            "time": "11.11.2020 11:58",
            "open": "21.5903",
            "high": "21.5903",
            "low": "21.5903",
            "close": "21.5568"
        },
        {
            "time": "11.11.2020 11:59",
            "open": "21.5568",
            "high": "21.5616",
            "low": "21.5286",
            "close": "21.5001"
        },
        {
            "time": "11.11.2020 12:00",
            "open": "21.5001",
            "high": "21.5154",
            "low": "21.5001",
            "close": "21.5"
        },
        {
            "time": "11.11.2020 12:01",
            "open": "21.5",
            "high": "21.5",
            "low": "21.4233",
            "close": "21.4111"
        },
        {
            "time": "11.11.2020 12:02",
            "open": "21.4111",
            "high": "21.4242",
            "low": "21.3856",
            "close": "21.4641"
        },
        {
            "time": "11.11.2020 12:03",
            "open": "21.4641",
            "high": "21.4641",
            "low": "21.3844",
            "close": "21.3872"
        },
        {
            "time": "11.11.2020 12:04",
            "open": "21.3872",
            "high": "21.3872",
            "low": "21.3302",
            "close": "21.3"
        },
        {
            "time": "11.11.2020 12:06",
            "open": "21.2885",
            "high": "21.2885",
            "low": "21.2885",
            "close": "21.2612"
        },
        {
            "time": "11.11.2020 12:07",
            "open": "21.2612",
            "high": "21.2613",
            "low": "21.2571",
            "close": "21.206"
        },
        {
            "time": "11.11.2020 12:08",
            "open": "21.206",
            "high": "21.206",
            "low": "21.2025",
            "close": "21.2"
        },
        {
            "time": "11.11.2020 12:09",
            "open": "21.2",
            "high": "21.2",
            "low": "21.2",
            "close": "21.2026"
        },
        {
            "time": "11.11.2020 12:10",
            "open": "21.2026",
            "high": "21.2026",
            "low": "21.1969",
            "close": "21.2026"
        },
        {
            "time": "11.11.2020 12:11",
            "open": "21.2026",
            "high": "21.2026",
            "low": "21.17",
            "close": "21.1872"
        },
        {
            "time": "11.11.2020 12:13",
            "open": "21.1872",
            "high": "21.1872",
            "low": "21.1775",
            "close": "21.1775"
        },
        {
            "time": "11.11.2020 12:14",
            "open": "21.1775",
            "high": "21.1972",
            "low": "21.1775",
            "close": "21.1988"
        },
        {
            "time": "11.11.2020 12:16",
            "open": "21.1988",
            "high": "21.1988",
            "low": "21.1988",
            "close": "21.1882"
        },
        {
            "time": "11.11.2020 12:17",
            "open": "21.1882",
            "high": "21.2443",
            "low": "21.1882",
            "close": "21.1394"
        },
        {
            "time": "11.11.2020 12:18",
            "open": "21.1394",
            "high": "21.1394",
            "low": "21.1394",
            "close": "21.117"
        },
        {
            "time": "11.11.2020 12:19",
            "open": "21.117",
            "high": "21.117",
            "low": "21.117",
            "close": "21.1281"
        },
        {
            "time": "11.11.2020 12:20",
            "open": "21.1281",
            "high": "21.1281",
            "low": "21.1281",
            "close": "21.1279"
        },
        {
            "time": "11.11.2020 12:21",
            "open": "21.1279",
            "high": "21.1279",
            "low": "21.1071",
            "close": "21.1194"
        },
        {
            "time": "11.11.2020 12:23",
            "open": "21.1194",
            "high": "21.2254",
            "low": "21.1194",
            "close": "21.1463"
        },
        {
            "time": "11.11.2020 12:24",
            "open": "21.1463",
            "high": "21.1463",
            "low": "21.1463",
            "close": "21.11"
        },
        {
            "time": "11.11.2020 12:25",
            "open": "21.11",
            "high": "21.11",
            "low": "21.11",
            "close": "21.1923"
        },
        {
            "time": "11.11.2020 12:30",
            "open": "21.1923",
            "high": "21.1923",
            "low": "21.16",
            "close": "21.1879"
        },
        {
            "time": "11.11.2020 12:31",
            "open": "21.1879",
            "high": "21.1959",
            "low": "21.1877",
            "close": "21.1825"
        },
        {
            "time": "11.11.2020 12:32",
            "open": "21.1825",
            "high": "21.1825",
            "low": "21.1825",
            "close": "21.1797"
        },
        {
            "time": "11.11.2020 12:33",
            "open": "21.1797",
            "high": "21.1797",
            "low": "21.1797",
            "close": "21.11"
        },
        {
            "time": "11.11.2020 12:35",
            "open": "21.11",
            "high": "21.1118",
            "low": "21.1",
            "close": "21.0854"
        },
        {
            "time": "11.11.2020 12:36",
            "open": "21.0854",
            "high": "21.3623",
            "low": "20.1777",
            "close": "21.3232"
        },
        {
            "time": "11.11.2020 12:37",
            "open": "21.3232",
            "high": "21.4233",
            "low": "21.123",
            "close": "21.461"
        },
        {
            "time": "11.11.2020 12:38",
            "open": "21.461",
            "high": "21.5311",
            "low": "21.428",
            "close": "21.5048"
        },
        {
            "time": "11.11.2020 12:40",
            "open": "21.5048",
            "high": "21.5419",
            "low": "21.5048",
            "close": "21.4792"
        },
        {
            "time": "11.11.2020 12:42",
            "open": "21.4792",
            "high": "21.4792",
            "low": "21.473",
            "close": "21.542"
        },
        {
            "time": "11.11.2020 12:44",
            "open": "21.542",
            "high": "21.542",
            "low": "21.542",
            "close": "21.5073"
        },
        {
            "time": "11.11.2020 12:45",
            "open": "21.5073",
            "high": "21.5073",
            "low": "21.5073",
            "close": "21.5146"
        },
        {
            "time": "11.11.2020 12:50",
            "open": "21.5146",
            "high": "21.5146",
            "low": "21.5146",
            "close": "21.5376"
        },
        {
            "time": "11.11.2020 12:51",
            "open": "21.5376",
            "high": "21.5376",
            "low": "21.5376",
            "close": "21.5269"
        },
        {
            "time": "11.11.2020 12:56",
            "open": "21.5269",
            "high": "21.5271",
            "low": "21.5269",
            "close": "21.5271"
        },
        {
            "time": "11.11.2020 12:59",
            "open": "21.5271",
            "high": "21.5271",
            "low": "21.5061",
            "close": "21.4966"
        },
        {
            "time": "11.11.2020 13:00",
            "open": "21.4966",
            "high": "21.4966",
            "low": "21.4226",
            "close": "21.1913"
        },
        {
            "time": "11.11.2020 13:01",
            "open": "21.1913",
            "high": "21.1913",
            "low": "21.097",
            "close": "21.135"
        },
        {
            "time": "11.11.2020 13:02",
            "open": "21.135",
            "high": "21.1604",
            "low": "21.135",
            "close": "21.1697"
        },
        {
            "time": "11.11.2020 13:04",
            "open": "21.1697",
            "high": "21.1701",
            "low": "21.1697",
            "close": "21.1635"
        },
        {
            "time": "11.11.2020 13:15",
            "open": "21.1635",
            "high": "21.1635",
            "low": "21.1635",
            "close": "21.115"
        },
        {
            "time": "11.11.2020 13:23",
            "open": "21.115",
            "high": "21.115",
            "low": "21.107",
            "close": "21.1296"
        },
        {
            "time": "11.11.2020 13:31",
            "open": "21.1296",
            "high": "21.1296",
            "low": "21.1296",
            "close": "21.11"
        },
        {
            "time": "11.11.2020 13:32",
            "open": "21.11",
            "high": "21.11",
            "low": "21.11",
            "close": "21.1326"
        },
        {
            "time": "11.11.2020 13:33",
            "open": "21.1326",
            "high": "21.1326",
            "low": "21.1326",
            "close": "21.0725"
        },
        {
            "time": "11.11.2020 13:35",
            "open": "21.0725",
            "high": "21.0725",
            "low": "21.0725",
            "close": "21.09"
        },
        {
            "time": "11.11.2020 13:37",
            "open": "21.09",
            "high": "21.0977",
            "low": "21.09",
            "close": "21.0802"
        },
        {
            "time": "11.11.2020 13:43",
            "open": "21.0802",
            "high": "21.0802",
            "low": "21.0599",
            "close": "21.1011"
        },
        {
            "time": "11.11.2020 13:46",
            "open": "21.1011",
            "high": "21.1011",
            "low": "21.1011",
            "close": "21.1599"
        },
        {
            "time": "11.11.2020 13:47",
            "open": "21.1599",
            "high": "21.1599",
            "low": "21.1599",
            "close": "21.1525"
        },
        {
            "time": "11.11.2020 13:49",
            "open": "21.1525",
            "high": "21.1525",
            "low": "21.1525",
            "close": "21.0914"
        },
        {
            "time": "11.11.2020 14:03",
            "open": "21.0914",
            "high": "21.0914",
            "low": "21.0534",
            "close": "20.9948"
        },
        {
            "time": "11.11.2020 14:06",
            "open": "20.9948",
            "high": "20.9948",
            "low": "20.9406",
            "close": "20.9504"
        },
        {
            "time": "11.11.2020 14:08",
            "open": "20.9504",
            "high": "21.0159",
            "low": "20.9504",
            "close": "21.0004"
        },
        {
            "time": "11.11.2020 14:21",
            "open": "21.0004",
            "high": "21.0004",
            "low": "21.0003",
            "close": "21.0223"
        },
        {
            "time": "11.11.2020 14:30",
            "open": "21.0223",
            "high": "21.0223",
            "low": "20.9504",
            "close": "21.0405"
        },
        {
            "time": "11.11.2020 14:43",
            "open": "21.0405",
            "high": "21.0405",
            "low": "21.0405",
            "close": "21.0182"
        },
        {
            "time": "11.11.2020 14:44",
            "open": "21.0182",
            "high": "21.0182",
            "low": "21.0096",
            "close": "21.0332"
        },
        {
            "time": "11.11.2020 14:46",
            "open": "21.0332",
            "high": "21.0332",
            "low": "21.0332",
            "close": "21.1099"
        },
        {
            "time": "11.11.2020 14:47",
            "open": "21.1099",
            "high": "21.1099",
            "low": "21.1099",
            "close": "21.0893"
        },
        {
            "time": "11.11.2020 14:51",
            "open": "21.0893",
            "high": "21.0893",
            "low": "21.0893",
            "close": "21.0871"
        },
        {
            "time": "11.11.2020 15:04",
            "open": "21.0871",
            "high": "21.0871",
            "low": "21.0871",
            "close": "20.9538"
        },
        {
            "time": "11.11.2020 15:12",
            "open": "20.9538",
            "high": "20.9538",
            "low": "20.9504",
            "close": "20.9834"
        },
        {
            "time": "11.11.2020 15:17",
            "open": "20.9834",
            "high": "20.9952",
            "low": "20.9834",
            "close": "20.941"
        },
        {
            "time": "11.11.2020 15:19",
            "open": "20.941",
            "high": "20.941",
            "low": "20.9164",
            "close": "20.9852"
        },
        {
            "time": "11.11.2020 15:20",
            "open": "20.9852",
            "high": "20.9852",
            "low": "20.9852",
            "close": "21.0268"
        },
        {
            "time": "11.11.2020 15:38",
            "open": "21.0268",
            "high": "21.0268",
            "low": "21.0268",
            "close": "21.2351"
        },
        {
            "time": "11.11.2020 15:41",
            "open": "21.2351",
            "high": "21.2351",
            "low": "21.2351",
            "close": "21.2184"
        },
        {
            "time": "11.11.2020 15:44",
            "open": "21.2184",
            "high": "21.2229",
            "low": "21.2184",
            "close": "21.2626"
        },
        {
            "time": "11.11.2020 15:55",
            "open": "21.2626",
            "high": "21.3033",
            "low": "21.2626",
            "close": "21.2989"
        },
        {
            "time": "11.11.2020 15:56",
            "open": "21.2989",
            "high": "21.4018",
            "low": "21.2988",
            "close": "21.2675"
        },
        {
            "time": "11.11.2020 15:57",
            "open": "21.2675",
            "high": "21.4535",
            "low": "21.2207",
            "close": "21.4416"
        },
        {
            "time": "11.11.2020 15:58",
            "open": "21.4416",
            "high": "21.4416",
            "low": "21.4416",
            "close": "21.4628"
        },
        {
            "time": "11.11.2020 15:59",
            "open": "21.4628",
            "high": "21.467",
            "low": "21.4628",
            "close": "21.4652"
        },
        {
            "time": "11.11.2020 16:02",
            "open": "21.4652",
            "high": "21.4652",
            "low": "21.4652",
            "close": "21.494"
        },
        {
            "time": "11.11.2020 16:03",
            "open": "21.494",
            "high": "21.494",
            "low": "21.494",
            "close": "21.494"
        },
        {
            "time": "11.11.2020 16:08",
            "open": "21.494",
            "high": "21.494",
            "low": "21.494",
            "close": "21.494"
        },
        {
            "time": "11.11.2020 16:09",
            "open": "21.494",
            "high": "21.494",
            "low": "21.494",
            "close": "21.5002"
        },
        {
            "time": "11.11.2020 16:12",
            "open": "21.5002",
            "high": "21.5002",
            "low": "21.5",
            "close": "21.542"
        },
        {
            "time": "11.11.2020 16:15",
            "open": "21.542",
            "high": "21.5567",
            "low": "21.542",
            "close": "21.541"
        },
        {
            "time": "11.11.2020 16:16",
            "open": "21.541",
            "high": "21.541",
            "low": "21.541",
            "close": "21.5574"
        },
        {
            "time": "11.11.2020 16:19",
            "open": "21.5574",
            "high": "21.5577",
            "low": "21.5574",
            "close": "21.55"
        },
        {
            "time": "11.11.2020 16:20",
            "open": "21.55",
            "high": "21.55",
            "low": "21.55",
            "close": "21.55"
        },
        {
            "time": "11.11.2020 16:22",
            "open": "21.55",
            "high": "21.55",
            "low": "21.55",
            "close": "21.465"
        },
        {
            "time": "11.11.2020 16:23",
            "open": "21.465",
            "high": "21.465",
            "low": "21.465",
            "close": "21.3418"
        },
        {
            "time": "11.11.2020 16:24",
            "open": "21.3418",
            "high": "21.3418",
            "low": "21.3418",
            "close": "21.2937"
        },
        {
            "time": "11.11.2020 16:25",
            "open": "21.2937",
            "high": "21.2937",
            "low": "21.2914",
            "close": "21.2691"
        },
        {
            "time": "11.11.2020 16:40",
            "open": "21.2691",
            "high": "21.2694",
            "low": "21.2691",
            "close": "21.2698"
        },
        {
            "time": "11.11.2020 16:48",
            "open": "21.2698",
            "high": "21.2698",
            "low": "21.2698",
            "close": "21.3547"
        },
        {
            "time": "11.11.2020 16:50",
            "open": "21.3547",
            "high": "21.3547",
            "low": "21.3547",
            "close": "21.5552"
        },
        {
            "time": "11.11.2020 16:55",
            "open": "21.5552",
            "high": "21.5552",
            "low": "21.5552",
            "close": "21.5734"
        },
        {
            "time": "11.11.2020 16:59",
            "open": "21.5734",
            "high": "21.5734",
            "low": "21.5734",
            "close": "21.5815"
        },
        {
            "time": "11.11.2020 17:01",
            "open": "21.5815",
            "high": "21.5815",
            "low": "21.5815",
            "close": "21.5938"
        },
        {
            "time": "11.11.2020 17:03",
            "open": "21.5938",
            "high": "21.5938",
            "low": "21.5158",
            "close": "21.4064"
        },
        {
            "time": "11.11.2020 17:09",
            "open": "21.4064",
            "high": "21.4064",
            "low": "21.3921",
            "close": "21.4816"
        },
        {
            "time": "11.11.2020 17:21",
            "open": "21.4816",
            "high": "21.4816",
            "low": "21.4816",
            "close": "21.419"
        },
        {
            "time": "11.11.2020 17:29",
            "open": "21.419",
            "high": "21.419",
            "low": "21.419",
            "close": "21.4396"
        },
        {
            "time": "11.11.2020 17:30",
            "open": "21.4396",
            "high": "21.4396",
            "low": "21.4396",
            "close": "21.5999"
        },
        {
            "time": "11.11.2020 17:38",
            "open": "21.5999",
            "high": "21.5999",
            "low": "21.5999",
            "close": "21.6"
        },
        {
            "time": "11.11.2020 17:39",
            "open": "21.6",
            "high": "21.6459",
            "low": "21.6",
            "close": "21.5394"
        },
        {
            "time": "11.11.2020 17:40",
            "open": "21.5394",
            "high": "21.6455",
            "low": "21.5172",
            "close": "21.508"
        },
        {
            "time": "11.11.2020 17:42",
            "open": "21.508",
            "high": "21.5658",
            "low": "21.4972",
            "close": "21.5712"
        },
        {
            "time": "11.11.2020 17:44",
            "open": "21.5712",
            "high": "21.5712",
            "low": "21.5527",
            "close": "21.5558"
        },
        {
            "time": "11.11.2020 17:46",
            "open": "21.5558",
            "high": "21.5747",
            "low": "21.5195",
            "close": "21.4673"
        },
        {
            "time": "11.11.2020 17:47",
            "open": "21.4673",
            "high": "21.4673",
            "low": "21.4673",
            "close": "21.4673"
        },
        {
            "time": "11.11.2020 17:48",
            "open": "21.4673",
            "high": "21.4673",
            "low": "21.4673",
            "close": "21.4361"
        },
        {
            "time": "11.11.2020 17:50",
            "open": "21.4361",
            "high": "21.4361",
            "low": "21.436",
            "close": "21.4673"
        },
        {
            "time": "11.11.2020 17:51",
            "open": "21.4673",
            "high": "21.4673",
            "low": "21.4673",
            "close": "21.4567"
        },
        {
            "time": "11.11.2020 17:52",
            "open": "21.4567",
            "high": "21.4567",
            "low": "21.4567",
            "close": "21.3843"
        },
        {
            "time": "11.11.2020 17:56",
            "open": "21.3843",
            "high": "21.3843",
            "low": "21.3843",
            "close": "21.3134"
        },
        {
            "time": "11.11.2020 17:58",
            "open": "21.3134",
            "high": "21.3134",
            "low": "21.3133",
            "close": "21.3412"
        },
        {
            "time": "11.11.2020 18:02",
            "open": "21.3412",
            "high": "21.3412",
            "low": "21.3412",
            "close": "21.2922"
        },
        {
            "time": "11.11.2020 18:06",
            "open": "21.2922",
            "high": "21.2922",
            "low": "20.7035",
            "close": "21.1241"
        },
        {
            "time": "11.11.2020 18:08",
            "open": "21.1241",
            "high": "21.1345",
            "low": "21.038",
            "close": "21.1392"
        },
        {
            "time": "11.11.2020 18:09",
            "open": "21.1392",
            "high": "21.1392",
            "low": "21.1392",
            "close": "21.1392"
        },
        {
            "time": "11.11.2020 18:11",
            "open": "21.1392",
            "high": "21.1727",
            "low": "21.1392",
            "close": "21.1586"
        },
        {
            "time": "11.11.2020 18:12",
            "open": "21.1586",
            "high": "21.1586",
            "low": "21.1586",
            "close": "21.2518"
        },
        {
            "time": "11.11.2020 18:20",
            "open": "21.2518",
            "high": "21.2658",
            "low": "21.2518",
            "close": "21.2431"
        },
        {
            "time": "11.11.2020 18:21",
            "open": "21.2431",
            "high": "21.2431",
            "low": "21.2431",
            "close": "21.3759"
        },
        {
            "time": "11.11.2020 18:32",
            "open": "21.3759",
            "high": "21.376",
            "low": "21.3759",
            "close": "21.39"
        },
        {
            "time": "11.11.2020 18:42",
            "open": "21.39",
            "high": "21.3972",
            "low": "21.39",
            "close": "21.4018"
        },
        {
            "time": "11.11.2020 18:44",
            "open": "21.4018",
            "high": "21.4018",
            "low": "21.4018",
            "close": "21.4233"
        },
        {
            "time": "11.11.2020 18:45",
            "open": "21.4233",
            "high": "21.4233",
            "low": "21.4233",
            "close": "21.4431"
        },
        {
            "time": "11.11.2020 18:46",
            "open": "21.4431",
            "high": "21.445",
            "low": "21.413",
            "close": "21.4715"
        },
        {
            "time": "11.11.2020 18:47",
            "open": "21.4715",
            "high": "21.4715",
            "low": "21.4715",
            "close": "21.494"
        },
        {
            "time": "11.11.2020 18:49",
            "open": "21.494",
            "high": "21.494",
            "low": "21.494",
            "close": "21.3548"
        },
        {
            "time": "11.11.2020 18:54",
            "open": "21.3548",
            "high": "21.3548",
            "low": "21.3178",
            "close": "21.4286"
        },
        {
            "time": "11.11.2020 19:06",
            "open": "21.4286",
            "high": "21.7",
            "low": "21.4286",
            "close": "21.4102"
        },
        {
            "time": "11.11.2020 19:15",
            "open": "21.4102",
            "high": "21.4102",
            "low": "21.4102",
            "close": "21.4268"
        },
        {
            "time": "11.11.2020 19:29",
            "open": "21.4268",
            "high": "21.4268",
            "low": "21.4268",
            "close": "21.4268"
        },
        {
            "time": "11.11.2020 19:37",
            "open": "21.4268",
            "high": "21.4268",
            "low": "21.4268",
            "close": "21.3515"
        },
        {
            "time": "11.11.2020 19:50",
            "open": "21.3515",
            "high": "21.4268",
            "low": "21.3514",
            "close": "21.3302"
        },
        {
            "time": "11.11.2020 19:51",
            "open": "21.3302",
            "high": "21.3302",
            "low": "21.3302",
            "close": "21.3103"
        },
        {
            "time": "11.11.2020 20:11",
            "open": "21.3103",
            "high": "21.3238",
            "low": "21.3103",
            "close": "21.3"
        },
        {
            "time": "11.11.2020 20:13",
            "open": "21.3",
            "high": "21.3123",
            "low": "21.3",
            "close": "21.3"
        },
        {
            "time": "11.11.2020 20:19",
            "open": "21.3",
            "high": "21.3",
            "low": "21.3",
            "close": "21.3127"
        },
        {
            "time": "11.11.2020 20:20",
            "open": "21.3127",
            "high": "21.3302",
            "low": "21.3127",
            "close": "21.4"
        },
        {
            "time": "11.11.2020 20:26",
            "open": "21.4",
            "high": "21.4",
            "low": "21.4",
            "close": "21.4"
        },
        {
            "time": "11.11.2020 20:28",
            "open": "21.4",
            "high": "21.4",
            "low": "21.4",
            "close": "21.4999"
        },
        {
            "time": "11.11.2020 20:38",
            "open": "21.4999",
            "high": "21.4999",
            "low": "21.4999",
            "close": "21.545"
        },
        {
            "time": "11.11.2020 20:40",
            "open": "21.545",
            "high": "21.545",
            "low": "21.545",
            "close": "21.58"
        },
        {
            "time": "11.11.2020 20:44",
            "open": "21.58",
            "high": "21.58",
            "low": "21.5131",
            "close": "21.3711"
        },
        {
            "time": "11.11.2020 21:07",
            "open": "21.3711",
            "high": "21.3711",
            "low": "21.3711",
            "close": "21.3333"
        },
        {
            "time": "11.11.2020 21:09",
            "open": "21.3333",
            "high": "21.3333",
            "low": "21.3002",
            "close": "21.3002"
        },
        {
            "time": "11.11.2020 21:10",
            "open": "21.3002",
            "high": "21.3002",
            "low": "21.2428",
            "close": "21.311"
        },
        {
            "time": "11.11.2020 21:11",
            "open": "21.1965",
            "high": "21.1965",
            "low": "21.1965",
            "close": "21.2576"
        },
        {
            "time": "11.11.2020 21:27",
            "open": "21.2576",
            "high": "21.2577",
            "low": "21.2576",
            "close": "21.1913"
        },
        {
            "time": "11.11.2020 21:30",
            "open": "21.1913",
            "high": "21.1913",
            "low": "21.186",
            "close": "21.1"
        },
        {
            "time": "11.11.2020 21:31",
            "open": "21.1",
            "high": "21.1",
            "low": "21.0725",
            "close": "21.0535"
        },
        {
            "time": "11.11.2020 21:32",
            "open": "21.0535",
            "high": "21.0535",
            "low": "20.9948",
            "close": "20.9748"
        },
        {
            "time": "11.11.2020 21:39",
            "open": "20.9748",
            "high": "20.9748",
            "low": "20.939",
            "close": "21.013"
        },
        {
            "time": "11.11.2020 21:43",
            "open": "21.013",
            "high": "21.013",
            "low": "21.013",
            "close": "21.042"
        },
        {
            "time": "11.11.2020 21:56",
            "open": "21.042",
            "high": "21.042",
            "low": "21.042",
            "close": "21.0684"
        },
        {
            "time": "11.11.2020 21:58",
            "open": "21.0684",
            "high": "21.1237",
            "low": "21.0684",
            "close": "21.065"
        },
        {
            "time": "11.11.2020 22:16",
            "open": "21.065",
            "high": "21.065",
            "low": "21.065",
            "close": "21.0666"
        },
        {
            "time": "11.11.2020 22:19",
            "open": "21.0666",
            "high": "21.0831",
            "low": "21.0105",
            "close": "21.0665"
        },
        {
            "time": "11.11.2020 22:20",
            "open": "21.0665",
            "high": "21.0665",
            "low": "21.0665",
            "close": "21.065"
        },
        {
            "time": "11.11.2020 22:31",
            "open": "21.065",
            "high": "21.065",
            "low": "21.0105",
            "close": "21.1779"
        },
        {
            "time": "11.11.2020 22:58",
            "open": "21.1779",
            "high": "21.1779",
            "low": "21.1779",
            "close": "21.2812"
        },
        {
            "time": "11.11.2020 23:06",
            "open": "21.2812",
            "high": "21.2812",
            "low": "21.2812",
            "close": "21.2897"
        },
        {
            "time": "11.11.2020 23:07",
            "open": "21.2897",
            "high": "21.2956",
            "low": "21.2897",
            "close": "21.1902"
        },
        {
            "time": "11.11.2020 23:10",
            "open": "21.1902",
            "high": "21.1902",
            "low": "21.1902",
            "close": "21.35"
        },
        {
            "time": "11.11.2020 23:24",
            "open": "21.35",
            "high": "21.35",
            "low": "21.35",
            "close": "21.2778"
        },
        {
            "time": "11.11.2020 23:26",
            "open": "21.2778",
            "high": "21.2778",
            "low": "21.1023",
            "close": "21.181"
        },
        {
            "time": "11.11.2020 23:35",
            "open": "21.181",
            "high": "21.181",
            "low": "21.181",
            "close": "21.1424"
        },
        {
            "time": "11.11.2020 23:48",
            "open": "21.1424",
            "high": "21.1424",
            "low": "21.1424",
            "close": "21.0852"
        },
        {
            "time": "11.11.2020 23:49",
            "open": "21.0852",
            "high": "21.0852",
            "low": "21.0852",
            "close": "21.137"
        },
        {
            "time": "11.11.2020 23:54",
            "open": "21.137",
            "high": "21.137",
            "low": "21.1335",
            "close": "20.96"
        }
    ]
}