{
    "NMR-EUR": [
        {
            "time": "30.01.2021 23:55",
            "open": "21.8907",
            "high": "21.8907",
            "low": "21.8904",
            "close": "22.0316"
        },
        {
            "time": "31.01.2021 00:03",
            "open": "22.0316",
            "high": "22.0316",
            "low": "21.9236",
            "close": "22.0239"
        },
        {
            "time": "31.01.2021 00:07",
            "open": "22.0239",
            "high": "22.024",
            "low": "22.0238",
            "close": "22.12"
        },
        {
            "time": "31.01.2021 00:09",
            "open": "22.12",
            "high": "22.2224",
            "low": "22.0784",
            "close": "22.1"
        },
        {
            "time": "31.01.2021 00:12",
            "open": "22.1",
            "high": "22.1",
            "low": "22.1",
            "close": "22.09"
        },
        {
            "time": "31.01.2021 00:13",
            "open": "22.09",
            "high": "22.09",
            "low": "22.0805",
            "close": "22.0735"
        },
        {
            "time": "31.01.2021 00:14",
            "open": "22.0735",
            "high": "22.0735",
            "low": "22.07",
            "close": "22.1033"
        },
        {
            "time": "31.01.2021 00:17",
            "open": "22.1033",
            "high": "22.1033",
            "low": "22.1033",
            "close": "22.1015"
        },
        {
            "time": "31.01.2021 00:20",
            "open": "22.1015",
            "high": "22.1015",
            "low": "22.1015",
            "close": "22.061"
        },
        {
            "time": "31.01.2021 00:25",
            "open": "22.061",
            "high": "22.061",
            "low": "22.0603",
            "close": "22"
        },
        {
            "time": "31.01.2021 00:26",
            "open": "22",
            "high": "22",
            "low": "22",
            "close": "22"
        },
        {
            "time": "31.01.2021 00:27",
            "open": "22",
            "high": "22",
            "low": "22",
            "close": "22.0001"
        },
        {
            "time": "31.01.2021 00:28",
            "open": "22.0001",
            "high": "22.1599",
            "low": "22.0001",
            "close": "22"
        },
        {
            "time": "31.01.2021 00:30",
            "open": "22",
            "high": "22",
            "low": "22",
            "close": "21.853"
        },
        {
            "time": "31.01.2021 00:36",
            "open": "21.853",
            "high": "21.853",
            "low": "21.85",
            "close": "21.85"
        },
        {
            "time": "31.01.2021 00:37",
            "open": "21.85",
            "high": "21.85",
            "low": "21.85",
            "close": "21.8768"
        },
        {
            "time": "31.01.2021 00:38",
            "open": "21.8768",
            "high": "21.8768",
            "low": "21.85",
            "close": "21.85"
        },
        {
            "time": "31.01.2021 00:39",
            "open": "21.85",
            "high": "21.8502",
            "low": "21.85",
            "close": "21.8501"
        },
        {
            "time": "31.01.2021 00:40",
            "open": "21.8501",
            "high": "21.8501",
            "low": "21.8501",
            "close": "21.8502"
        },
        {
            "time": "31.01.2021 00:41",
            "open": "21.8502",
            "high": "21.8502",
            "low": "21.8502",
            "close": "21.9285"
        },
        {
            "time": "31.01.2021 00:42",
            "open": "21.9285",
            "high": "21.9285",
            "low": "21.9285",
            "close": "21.8934"
        },
        {
            "time": "31.01.2021 00:45",
            "open": "21.8934",
            "high": "21.8934",
            "low": "21.8397",
            "close": "21.81"
        },
        {
            "time": "31.01.2021 00:51",
            "open": "21.81",
            "high": "21.81",
            "low": "21.81",
            "close": "21.7242"
        },
        {
            "time": "31.01.2021 01:22",
            "open": "21.7242",
            "high": "21.7242",
            "low": "21.7242",
            "close": "21.7058"
        },
        {
            "time": "31.01.2021 01:25",
            "open": "21.7058",
            "high": "21.7058",
            "low": "21.6985",
            "close": "21.6985"
        },
        {
            "time": "31.01.2021 01:40",
            "open": "21.6985",
            "high": "21.6985",
            "low": "21.6985",
            "close": "21.7135"
        },
        {
            "time": "31.01.2021 01:48",
            "open": "21.7135",
            "high": "21.7137",
            "low": "21.7135",
            "close": "21.841"
        },
        {
            "time": "31.01.2021 01:51",
            "open": "21.841",
            "high": "21.841",
            "low": "21.7254",
            "close": "21.7436"
        },
        {
            "time": "31.01.2021 01:53",
            "open": "21.7436",
            "high": "21.7436",
            "low": "21.7436",
            "close": "21.7491"
        },
        {
            "time": "31.01.2021 01:57",
            "open": "21.7491",
            "high": "21.7492",
            "low": "21.7491",
            "close": "21.9112"
        },
        {
            "time": "31.01.2021 02:03",
            "open": "21.9112",
            "high": "21.9112",
            "low": "21.9112",
            "close": "21.9992"
        },
        {
            "time": "31.01.2021 02:14",
            "open": "21.9992",
            "high": "21.9992",
            "low": "21.9992",
            "close": "21.9992"
        },
        {
            "time": "31.01.2021 02:17",
            "open": "21.9992",
            "high": "22.0119",
            "low": "21.9992",
            "close": "22.0442"
        },
        {
            "time": "31.01.2021 02:31",
            "open": "22.0442",
            "high": "22.0442",
            "low": "22.0442",
            "close": "22.0499"
        },
        {
            "time": "31.01.2021 02:32",
            "open": "22.0499",
            "high": "22.1779",
            "low": "22.0499",
            "close": "22.0391"
        },
        {
            "time": "31.01.2021 02:41",
            "open": "22.0391",
            "high": "22.0391",
            "low": "22.02",
            "close": "22.018"
        },
        {
            "time": "31.01.2021 02:43",
            "open": "22.018",
            "high": "22.018",
            "low": "22.018",
            "close": "22.0189"
        },
        {
            "time": "31.01.2021 02:44",
            "open": "22.0189",
            "high": "22.0189",
            "low": "22.0189",
            "close": "22.0309"
        },
        {
            "time": "31.01.2021 02:45",
            "open": "22.0309",
            "high": "22.0309",
            "low": "22.0309",
            "close": "22.049"
        },
        {
            "time": "31.01.2021 02:55",
            "open": "22.049",
            "high": "22.0492",
            "low": "22.049",
            "close": "22.0582"
        },
        {
            "time": "31.01.2021 03:04",
            "open": "22.0582",
            "high": "22.0582",
            "low": "22.0582",
            "close": "22.0761"
        },
        {
            "time": "31.01.2021 03:05",
            "open": "22.0761",
            "high": "22.0761",
            "low": "22.0365",
            "close": "22.0294"
        },
        {
            "time": "31.01.2021 03:09",
            "open": "22.0294",
            "high": "22.0294",
            "low": "22.0294",
            "close": "22.0329"
        },
        {
            "time": "31.01.2021 03:11",
            "open": "22.0329",
            "high": "22.0382",
            "low": "22.0052",
            "close": "22.0524"
        },
        {
            "time": "31.01.2021 03:12",
            "open": "22.0524",
            "high": "22.0524",
            "low": "22.051",
            "close": "22.0468"
        },
        {
            "time": "31.01.2021 03:15",
            "open": "22.0468",
            "high": "22.0469",
            "low": "22.0468",
            "close": "22.0469"
        },
        {
            "time": "31.01.2021 03:17",
            "open": "22.0469",
            "high": "22.0469",
            "low": "22.0469",
            "close": "22.0599"
        },
        {
            "time": "31.01.2021 03:22",
            "open": "22.0599",
            "high": "22.0599",
            "low": "22.0599",
            "close": "22.0383"
        },
        {
            "time": "31.01.2021 03:34",
            "open": "22.0383",
            "high": "22.0383",
            "low": "22.0114",
            "close": "21.7638"
        },
        {
            "time": "31.01.2021 03:36",
            "open": "21.7638",
            "high": "21.7638",
            "low": "21.7242",
            "close": "21.7411"
        },
        {
            "time": "31.01.2021 03:48",
            "open": "21.6762",
            "high": "21.6762",
            "low": "21.6762",
            "close": "21.6904"
        },
        {
            "time": "31.01.2021 04:14",
            "open": "21.6904",
            "high": "21.6904",
            "low": "21.6904",
            "close": "21.7102"
        },
        {
            "time": "31.01.2021 04:22",
            "open": "21.7102",
            "high": "21.745",
            "low": "21.7102",
            "close": "21.8789"
        },
        {
            "time": "31.01.2021 04:26",
            "open": "21.8789",
            "high": "21.8789",
            "low": "21.8789",
            "close": "21.9"
        },
        {
            "time": "31.01.2021 04:31",
            "open": "21.9",
            "high": "21.9017",
            "low": "21.8999",
            "close": "21.8717"
        },
        {
            "time": "31.01.2021 04:39",
            "open": "21.8717",
            "high": "21.8723",
            "low": "21.8717",
            "close": "21.8647"
        },
        {
            "time": "31.01.2021 04:59",
            "open": "21.8647",
            "high": "21.9287",
            "low": "21.8647",
            "close": "21.9711"
        },
        {
            "time": "31.01.2021 05:02",
            "open": "21.9711",
            "high": "21.9711",
            "low": "21.9711",
            "close": "22.004"
        },
        {
            "time": "31.01.2021 05:05",
            "open": "22.004",
            "high": "22.0058",
            "low": "22.004",
            "close": "21.9722"
        },
        {
            "time": "31.01.2021 05:12",
            "open": "21.9722",
            "high": "22.0593",
            "low": "21.9722",
            "close": "22.0648"
        },
        {
            "time": "31.01.2021 05:14",
            "open": "22.0648",
            "high": "22.0648",
            "low": "22",
            "close": "21.8943"
        },
        {
            "time": "31.01.2021 05:15",
            "open": "21.8943",
            "high": "21.9551",
            "low": "21.8943",
            "close": "22.1054"
        },
        {
            "time": "31.01.2021 05:20",
            "open": "22.1054",
            "high": "22.179",
            "low": "22.1054",
            "close": "22.2222"
        },
        {
            "time": "31.01.2021 05:21",
            "open": "22.2222",
            "high": "22.2643",
            "low": "22.2222",
            "close": "22.1931"
        },
        {
            "time": "31.01.2021 05:24",
            "open": "22.1931",
            "high": "22.1931",
            "low": "22.1308",
            "close": "22.0274"
        },
        {
            "time": "31.01.2021 05:28",
            "open": "22.0274",
            "high": "22.0274",
            "low": "22.0274",
            "close": "22.039"
        },
        {
            "time": "31.01.2021 05:31",
            "open": "22.039",
            "high": "22.0556",
            "low": "22.039",
            "close": "22.0274"
        },
        {
            "time": "31.01.2021 05:38",
            "open": "22.0274",
            "high": "22.0274",
            "low": "21.9914",
            "close": "21.9146"
        },
        {
            "time": "31.01.2021 05:40",
            "open": "21.9146",
            "high": "21.9146",
            "low": "21.9146",
            "close": "22.1423"
        },
        {
            "time": "31.01.2021 05:47",
            "open": "22.1423",
            "high": "22.1423",
            "low": "22.1422",
            "close": "22.1336"
        },
        {
            "time": "31.01.2021 05:48",
            "open": "22.1336",
            "high": "22.1336",
            "low": "22.1336",
            "close": "22.158"
        },
        {
            "time": "31.01.2021 05:49",
            "open": "22.158",
            "high": "22.1808",
            "low": "22.158",
            "close": "22.1808"
        },
        {
            "time": "31.01.2021 05:50",
            "open": "22.1808",
            "high": "22.1808",
            "low": "22.1808",
            "close": "22.1494"
        },
        {
            "time": "31.01.2021 05:52",
            "open": "22.1494",
            "high": "22.1494",
            "low": "22.1494",
            "close": "22.0758"
        },
        {
            "time": "31.01.2021 06:40",
            "open": "22.0758",
            "high": "22.0758",
            "low": "22.0638",
            "close": "21.8421"
        },
        {
            "time": "31.01.2021 06:42",
            "open": "21.8421",
            "high": "21.8421",
            "low": "21.8421",
            "close": "21.8421"
        },
        {
            "time": "31.01.2021 06:44",
            "open": "21.8421",
            "high": "21.8421",
            "low": "21.8421",
            "close": "21.7242"
        },
        {
            "time": "31.01.2021 06:45",
            "open": "21.7242",
            "high": "21.7242",
            "low": "21.7122",
            "close": "21.7346"
        },
        {
            "time": "31.01.2021 06:54",
            "open": "21.7346",
            "high": "22.2904",
            "low": "21.7346",
            "close": "22.1685"
        },
        {
            "time": "31.01.2021 06:55",
            "open": "22.1685",
            "high": "22.1687",
            "low": "22.1682",
            "close": "22.171"
        },
        {
            "time": "31.01.2021 06:56",
            "open": "22.171",
            "high": "22.3",
            "low": "22.171",
            "close": "22.3092"
        },
        {
            "time": "31.01.2021 06:57",
            "open": "22.3092",
            "high": "22.4205",
            "low": "22.3092",
            "close": "22.2837"
        },
        {
            "time": "31.01.2021 06:59",
            "open": "22.2837",
            "high": "22.2837",
            "low": "22.1824",
            "close": "22.3151"
        },
        {
            "time": "31.01.2021 07:00",
            "open": "22.3151",
            "high": "22.3382",
            "low": "22.2412",
            "close": "22.2689"
        },
        {
            "time": "31.01.2021 07:01",
            "open": "22.2689",
            "high": "22.65",
            "low": "22.2688",
            "close": "22.6349"
        },
        {
            "time": "31.01.2021 07:02",
            "open": "22.6349",
            "high": "22.8466",
            "low": "22.5629",
            "close": "22.8133"
        },
        {
            "time": "31.01.2021 07:03",
            "open": "22.8133",
            "high": "22.8134",
            "low": "22.8133",
            "close": "22.6104"
        },
        {
            "time": "31.01.2021 07:04",
            "open": "22.6104",
            "high": "22.6104",
            "low": "22.4546",
            "close": "22.4413"
        },
        {
            "time": "31.01.2021 07:05",
            "open": "22.4413",
            "high": "22.4413",
            "low": "22.3227",
            "close": "22.4658"
        },
        {
            "time": "31.01.2021 07:06",
            "open": "22.4658",
            "high": "22.9388",
            "low": "22.4658",
            "close": "22.7884"
        },
        {
            "time": "31.01.2021 07:07",
            "open": "22.7884",
            "high": "22.7884",
            "low": "22.6245",
            "close": "22.6991"
        },
        {
            "time": "31.01.2021 07:08",
            "open": "22.6991",
            "high": "22.9599",
            "low": "22.6991",
            "close": "22.9599"
        },
        {
            "time": "31.01.2021 07:09",
            "open": "22.9599",
            "high": "22.9949",
            "low": "22.7422",
            "close": "22.7838"
        },
        {
            "time": "31.01.2021 07:11",
            "open": "22.7838",
            "high": "22.7838",
            "low": "22.7838",
            "close": "22.7361"
        },
        {
            "time": "31.01.2021 07:12",
            "open": "22.7361",
            "high": "22.7361",
            "low": "22.6529",
            "close": "22.5695"
        },
        {
            "time": "31.01.2021 07:13",
            "open": "22.5695",
            "high": "22.5695",
            "low": "22.5631",
            "close": "22.5631"
        },
        {
            "time": "31.01.2021 07:14",
            "open": "22.5631",
            "high": "22.5631",
            "low": "22.5526",
            "close": "22.5247"
        },
        {
            "time": "31.01.2021 07:15",
            "open": "22.5247",
            "high": "22.5247",
            "low": "22.4736",
            "close": "22.5519"
        },
        {
            "time": "31.01.2021 07:18",
            "open": "22.5519",
            "high": "22.5519",
            "low": "22.3329",
            "close": "22.5451"
        },
        {
            "time": "31.01.2021 07:19",
            "open": "22.5451",
            "high": "22.5451",
            "low": "22.5451",
            "close": "22.5691"
        },
        {
            "time": "31.01.2021 07:20",
            "open": "22.5691",
            "high": "22.5691",
            "low": "22.5691",
            "close": "22.5571"
        },
        {
            "time": "31.01.2021 07:22",
            "open": "22.5571",
            "high": "22.5571",
            "low": "22.5549",
            "close": "22.5476"
        },
        {
            "time": "31.01.2021 07:23",
            "open": "22.5476",
            "high": "22.5476",
            "low": "22.5476",
            "close": "22.5718"
        },
        {
            "time": "31.01.2021 07:24",
            "open": "22.5718",
            "high": "22.5718",
            "low": "22.5718",
            "close": "22.551"
        },
        {
            "time": "31.01.2021 07:25",
            "open": "22.551",
            "high": "22.551",
            "low": "22.551",
            "close": "22.5491"
        },
        {
            "time": "31.01.2021 07:28",
            "open": "22.5491",
            "high": "22.5492",
            "low": "22.5491",
            "close": "22.4987"
        },
        {
            "time": "31.01.2021 07:29",
            "open": "22.4987",
            "high": "22.4987",
            "low": "22.3202",
            "close": "22.2"
        },
        {
            "time": "31.01.2021 07:30",
            "open": "22.2",
            "high": "22.2",
            "low": "22.1629",
            "close": "22.1629"
        },
        {
            "time": "31.01.2021 07:35",
            "open": "22.1629",
            "high": "22.1629",
            "low": "22.0599",
            "close": "22.1628"
        },
        {
            "time": "31.01.2021 07:36",
            "open": "22.1628",
            "high": "22.1628",
            "low": "22.0895",
            "close": "22.141"
        },
        {
            "time": "31.01.2021 07:41",
            "open": "22.141",
            "high": "22.141",
            "low": "21.9607",
            "close": "21.9503"
        },
        {
            "time": "31.01.2021 07:42",
            "open": "21.9503",
            "high": "22.0073",
            "low": "21.9178",
            "close": "22.0556"
        },
        {
            "time": "31.01.2021 07:43",
            "open": "22.0556",
            "high": "22.0562",
            "low": "22.0556",
            "close": "22.1564"
        },
        {
            "time": "31.01.2021 07:44",
            "open": "22.1564",
            "high": "22.3785",
            "low": "22.1564",
            "close": "22.0663"
        },
        {
            "time": "31.01.2021 07:47",
            "open": "22.0663",
            "high": "22.0663",
            "low": "22.0508",
            "close": "22.0222"
        },
        {
            "time": "31.01.2021 07:54",
            "open": "22.0222",
            "high": "22.0222",
            "low": "22.0222",
            "close": "21.9607"
        },
        {
            "time": "31.01.2021 07:55",
            "open": "21.9607",
            "high": "21.9607",
            "low": "21.9607",
            "close": "21.9976"
        },
        {
            "time": "31.01.2021 07:57",
            "open": "21.9976",
            "high": "21.9976",
            "low": "21.9976",
            "close": "22.0231"
        },
        {
            "time": "31.01.2021 08:02",
            "open": "22.0231",
            "high": "22.0231",
            "low": "22.0231",
            "close": "22.0225"
        },
        {
            "time": "31.01.2021 08:04",
            "open": "22.0225",
            "high": "22.1217",
            "low": "22.0225",
            "close": "22.052"
        },
        {
            "time": "31.01.2021 08:06",
            "open": "22.052",
            "high": "22.0591",
            "low": "22.052",
            "close": "22.0633"
        },
        {
            "time": "31.01.2021 08:09",
            "open": "22.0633",
            "high": "22.0633",
            "low": "22.0633",
            "close": "22.0189"
        },
        {
            "time": "31.01.2021 08:10",
            "open": "22.0189",
            "high": "22.0189",
            "low": "22.0189",
            "close": "22.0276"
        },
        {
            "time": "31.01.2021 08:13",
            "open": "22.0276",
            "high": "22.0276",
            "low": "22.0276",
            "close": "21.9254"
        },
        {
            "time": "31.01.2021 08:20",
            "open": "21.9254",
            "high": "21.9254",
            "low": "21.8795",
            "close": "21.8839"
        },
        {
            "time": "31.01.2021 08:21",
            "open": "21.8839",
            "high": "21.8839",
            "low": "21.8612",
            "close": "21.8456"
        },
        {
            "time": "31.01.2021 08:24",
            "open": "21.8456",
            "high": "21.8456",
            "low": "21.8421",
            "close": "21.8554"
        },
        {
            "time": "31.01.2021 08:25",
            "open": "21.8554",
            "high": "21.8554",
            "low": "21.8554",
            "close": "21.875"
        },
        {
            "time": "31.01.2021 08:26",
            "open": "21.875",
            "high": "21.875",
            "low": "21.875",
            "close": "21.8421"
        },
        {
            "time": "31.01.2021 08:29",
            "open": "21.8421",
            "high": "21.8421",
            "low": "21.8421",
            "close": "21.8"
        },
        {
            "time": "31.01.2021 08:45",
            "open": "21.8",
            "high": "21.8",
            "low": "21.7954",
            "close": "21.8925"
        },
        {
            "time": "31.01.2021 08:46",
            "open": "21.8925",
            "high": "22.179",
            "low": "21.8421",
            "close": "21.8422"
        },
        {
            "time": "31.01.2021 08:47",
            "open": "21.8422",
            "high": "21.8422",
            "low": "21.8422",
            "close": "21.8453"
        },
        {
            "time": "31.01.2021 08:48",
            "open": "21.8453",
            "high": "21.8453",
            "low": "21.8453",
            "close": "21.902"
        },
        {
            "time": "31.01.2021 08:49",
            "open": "21.902",
            "high": "21.9637",
            "low": "21.902",
            "close": "21.9581"
        },
        {
            "time": "31.01.2021 08:50",
            "open": "21.9581",
            "high": "21.9604",
            "low": "21.9581",
            "close": "22.0343"
        },
        {
            "time": "31.01.2021 08:51",
            "open": "22.0343",
            "high": "22.0343",
            "low": "22.0343",
            "close": "22.0586"
        },
        {
            "time": "31.01.2021 08:52",
            "open": "22.0586",
            "high": "22.0586",
            "low": "22.0059",
            "close": "21.9995"
        },
        {
            "time": "31.01.2021 08:54",
            "open": "21.9995",
            "high": "21.9995",
            "low": "21.9876",
            "close": "22.0133"
        },
        {
            "time": "31.01.2021 08:56",
            "open": "22.0133",
            "high": "22.0133",
            "low": "22.0133",
            "close": "21.9616"
        },
        {
            "time": "31.01.2021 09:03",
            "open": "21.9616",
            "high": "21.9617",
            "low": "21.9587",
            "close": "21.8682"
        },
        {
            "time": "31.01.2021 09:04",
            "open": "21.8682",
            "high": "21.8682",
            "low": "21.8682",
            "close": "21.8957"
        },
        {
            "time": "31.01.2021 09:08",
            "open": "21.8957",
            "high": "21.8957",
            "low": "21.8957",
            "close": "21.9006"
        },
        {
            "time": "31.01.2021 09:10",
            "open": "21.9006",
            "high": "21.9006",
            "low": "21.9006",
            "close": "21.9563"
        },
        {
            "time": "31.01.2021 09:14",
            "open": "21.8998",
            "high": "21.8998",
            "low": "21.8998",
            "close": "21.8998"
        },
        {
            "time": "31.01.2021 09:15",
            "open": "21.8998",
            "high": "21.8998",
            "low": "21.8421",
            "close": "21.898"
        },
        {
            "time": "31.01.2021 09:18",
            "open": "21.898",
            "high": "21.898",
            "low": "21.898",
            "close": "21.9102"
        },
        {
            "time": "31.01.2021 09:20",
            "open": "21.9102",
            "high": "21.9102",
            "low": "21.9102",
            "close": "21.9304"
        },
        {
            "time": "31.01.2021 09:32",
            "open": "21.9304",
            "high": "22.006",
            "low": "21.9304",
            "close": "22.179"
        },
        {
            "time": "31.01.2021 09:34",
            "open": "22.179",
            "high": "22.179",
            "low": "22.179",
            "close": "22.2275"
        },
        {
            "time": "31.01.2021 09:46",
            "open": "22.2275",
            "high": "22.2275",
            "low": "22.2274",
            "close": "22.1911"
        },
        {
            "time": "31.01.2021 09:49",
            "open": "22.1911",
            "high": "22.1911",
            "low": "22.1911",
            "close": "22.2137"
        },
        {
            "time": "31.01.2021 09:56",
            "open": "22.2137",
            "high": "22.2137",
            "low": "22.0888",
            "close": "22.0626"
        },
        {
            "time": "31.01.2021 10:02",
            "open": "22.0626",
            "high": "22.0626",
            "low": "22.0626",
            "close": "22.0145"
        },
        {
            "time": "31.01.2021 10:04",
            "open": "22.0145",
            "high": "22.0145",
            "low": "22.0145",
            "close": "22.2503"
        },
        {
            "time": "31.01.2021 10:18",
            "open": "22.2503",
            "high": "22.2503",
            "low": "22.2503",
            "close": "22.2994"
        },
        {
            "time": "31.01.2021 10:21",
            "open": "22.2994",
            "high": "22.4016",
            "low": "22.2994",
            "close": "22.0727"
        },
        {
            "time": "31.01.2021 10:26",
            "open": "22.0727",
            "high": "22.0727",
            "low": "22.0727",
            "close": "22.0314"
        },
        {
            "time": "31.01.2021 10:27",
            "open": "22.0314",
            "high": "22.0314",
            "low": "22.0314",
            "close": "22.2722"
        },
        {
            "time": "31.01.2021 10:33",
            "open": "22.2722",
            "high": "22.6025",
            "low": "22.271",
            "close": "22.5183"
        },
        {
            "time": "31.01.2021 10:34",
            "open": "22.5183",
            "high": "22.8415",
            "low": "22.4379",
            "close": "22.7177"
        },
        {
            "time": "31.01.2021 10:38",
            "open": "22.7177",
            "high": "22.7177",
            "low": "22.7084",
            "close": "22.8119"
        },
        {
            "time": "31.01.2021 10:39",
            "open": "22.8119",
            "high": "22.812",
            "low": "22.6508",
            "close": "22.812"
        },
        {
            "time": "31.01.2021 10:40",
            "open": "22.812",
            "high": "22.812",
            "low": "22.6512",
            "close": "22.7385"
        },
        {
            "time": "31.01.2021 10:42",
            "open": "22.7385",
            "high": "22.7874",
            "low": "22.7385",
            "close": "22.7549"
        },
        {
            "time": "31.01.2021 10:43",
            "open": "22.7549",
            "high": "22.812",
            "low": "22.6789",
            "close": "22.7076"
        },
        {
            "time": "31.01.2021 10:44",
            "open": "22.7076",
            "high": "22.7712",
            "low": "22.67",
            "close": "22.7185"
        },
        {
            "time": "31.01.2021 10:45",
            "open": "22.7185",
            "high": "22.7808",
            "low": "22.7185",
            "close": "22.7808"
        },
        {
            "time": "31.01.2021 10:46",
            "open": "22.7808",
            "high": "22.7808",
            "low": "22.7728",
            "close": "22.81"
        },
        {
            "time": "31.01.2021 10:48",
            "open": "22.81",
            "high": "22.9",
            "low": "22.81",
            "close": "22.9"
        },
        {
            "time": "31.01.2021 10:49",
            "open": "22.9",
            "high": "22.9",
            "low": "22.7977",
            "close": "22.8607"
        },
        {
            "time": "31.01.2021 10:50",
            "open": "22.8607",
            "high": "22.8607",
            "low": "22.7846",
            "close": "22.8442"
        },
        {
            "time": "31.01.2021 10:51",
            "open": "22.8442",
            "high": "22.8442",
            "low": "22.7846",
            "close": "22.7846"
        },
        {
            "time": "31.01.2021 10:52",
            "open": "22.7846",
            "high": "22.7846",
            "low": "22.6828",
            "close": "22.6487"
        },
        {
            "time": "31.01.2021 10:54",
            "open": "22.6487",
            "high": "22.65",
            "low": "22.6487",
            "close": "22.6883"
        },
        {
            "time": "31.01.2021 10:55",
            "open": "22.6883",
            "high": "22.6997",
            "low": "22.6883",
            "close": "22.6997"
        },
        {
            "time": "31.01.2021 10:56",
            "open": "22.6997",
            "high": "22.6998",
            "low": "22.6863",
            "close": "22.6997"
        },
        {
            "time": "31.01.2021 10:59",
            "open": "22.6997",
            "high": "22.6997",
            "low": "22.6997",
            "close": "22.6881"
        },
        {
            "time": "31.01.2021 11:01",
            "open": "22.6881",
            "high": "22.6881",
            "low": "22.661",
            "close": "22.65"
        },
        {
            "time": "31.01.2021 11:02",
            "open": "22.65",
            "high": "22.6879",
            "low": "22.6469",
            "close": "22.6879"
        },
        {
            "time": "31.01.2021 11:03",
            "open": "22.6879",
            "high": "22.6879",
            "low": "22.5041",
            "close": "22.6799"
        },
        {
            "time": "31.01.2021 11:04",
            "open": "22.6799",
            "high": "22.7",
            "low": "22.6658",
            "close": "22.6419"
        },
        {
            "time": "31.01.2021 11:06",
            "open": "22.6419",
            "high": "22.6419",
            "low": "22.4413",
            "close": "22.4314"
        },
        {
            "time": "31.01.2021 11:10",
            "open": "22.4314",
            "high": "22.4593",
            "low": "22.3974",
            "close": "22.3986"
        },
        {
            "time": "31.01.2021 11:20",
            "open": "22.3986",
            "high": "22.4001",
            "low": "22.3986",
            "close": "22.4978"
        },
        {
            "time": "31.01.2021 11:27",
            "open": "22.4978",
            "high": "22.4978",
            "low": "22.4978",
            "close": "22.7"
        },
        {
            "time": "31.01.2021 11:32",
            "open": "22.7",
            "high": "22.7875",
            "low": "22.7",
            "close": "22.8491"
        },
        {
            "time": "31.01.2021 11:33",
            "open": "22.8491",
            "high": "22.8491",
            "low": "22.8491",
            "close": "22.8999"
        },
        {
            "time": "31.01.2021 11:34",
            "open": "22.8999",
            "high": "22.9",
            "low": "22.7059",
            "close": "22.8471"
        },
        {
            "time": "31.01.2021 11:35",
            "open": "22.8471",
            "high": "22.8471",
            "low": "22.8391",
            "close": "22.8295"
        },
        {
            "time": "31.01.2021 11:37",
            "open": "22.8295",
            "high": "22.8295",
            "low": "22.8",
            "close": "22.8246"
        },
        {
            "time": "31.01.2021 11:40",
            "open": "22.8246",
            "high": "22.8246",
            "low": "22.8246",
            "close": "22.8244"
        },
        {
            "time": "31.01.2021 11:41",
            "open": "22.8244",
            "high": "22.8244",
            "low": "22.8244",
            "close": "22.7996"
        },
        {
            "time": "31.01.2021 11:46",
            "open": "22.7996",
            "high": "22.7996",
            "low": "22.7996",
            "close": "22.7856"
        },
        {
            "time": "31.01.2021 11:47",
            "open": "22.7856",
            "high": "22.7856",
            "low": "22.7856",
            "close": "22.7204"
        },
        {
            "time": "31.01.2021 11:50",
            "open": "22.7204",
            "high": "22.7204",
            "low": "22.7203",
            "close": "22.7204"
        },
        {
            "time": "31.01.2021 11:52",
            "open": "22.7204",
            "high": "22.7603",
            "low": "22.7148",
            "close": "22.7178"
        },
        {
            "time": "31.01.2021 11:54",
            "open": "22.7178",
            "high": "22.7178",
            "low": "22.7148",
            "close": "22.75"
        },
        {
            "time": "31.01.2021 11:55",
            "open": "22.75",
            "high": "22.75",
            "low": "22.7148",
            "close": "22.6601"
        },
        {
            "time": "31.01.2021 11:56",
            "open": "22.6601",
            "high": "22.6601",
            "low": "22.5973",
            "close": "22.8092"
        },
        {
            "time": "31.01.2021 12:01",
            "open": "22.8092",
            "high": "22.8246",
            "low": "22.8092",
            "close": "22.842"
        },
        {
            "time": "31.01.2021 12:02",
            "open": "22.842",
            "high": "22.8533",
            "low": "22.8361",
            "close": "22.8361"
        },
        {
            "time": "31.01.2021 12:03",
            "open": "22.8361",
            "high": "22.8361",
            "low": "22.8185",
            "close": "22.75"
        },
        {
            "time": "31.01.2021 12:05",
            "open": "22.75",
            "high": "22.75",
            "low": "22.75",
            "close": "22.758"
        },
        {
            "time": "31.01.2021 12:06",
            "open": "22.758",
            "high": "22.7649",
            "low": "22.758",
            "close": "22.7337"
        },
        {
            "time": "31.01.2021 12:07",
            "open": "22.7337",
            "high": "22.7337",
            "low": "22.7336",
            "close": "22.7934"
        },
        {
            "time": "31.01.2021 12:16",
            "open": "22.7934",
            "high": "22.7934",
            "low": "22.7934",
            "close": "22.8451"
        },
        {
            "time": "31.01.2021 12:18",
            "open": "22.8451",
            "high": "22.8451",
            "low": "22.8451",
            "close": "22.7873"
        },
        {
            "time": "31.01.2021 12:19",
            "open": "22.7873",
            "high": "22.7875",
            "low": "22.7873",
            "close": "22.8187"
        },
        {
            "time": "31.01.2021 12:22",
            "open": "22.8187",
            "high": "22.8189",
            "low": "22.8187",
            "close": "22.911"
        },
        {
            "time": "31.01.2021 12:29",
            "open": "22.911",
            "high": "22.94",
            "low": "22.911",
            "close": "22.95"
        },
        {
            "time": "31.01.2021 12:30",
            "open": "22.95",
            "high": "22.95",
            "low": "22.95",
            "close": "22.8745"
        },
        {
            "time": "31.01.2021 12:34",
            "open": "22.8745",
            "high": "22.8745",
            "low": "22.8743",
            "close": "22.9113"
        },
        {
            "time": "31.01.2021 12:36",
            "open": "22.9113",
            "high": "22.9113",
            "low": "22.9113",
            "close": "22.8882"
        },
        {
            "time": "31.01.2021 12:37",
            "open": "22.8882",
            "high": "22.8882",
            "low": "22.8882",
            "close": "22.9414"
        },
        {
            "time": "31.01.2021 12:39",
            "open": "22.9414",
            "high": "22.9426",
            "low": "22.9414",
            "close": "22.9168"
        },
        {
            "time": "31.01.2021 12:43",
            "open": "22.9168",
            "high": "22.9168",
            "low": "22.8859",
            "close": "22.9573"
        },
        {
            "time": "31.01.2021 12:48",
            "open": "22.9573",
            "high": "22.9762",
            "low": "22.9573",
            "close": "22.9836"
        },
        {
            "time": "31.01.2021 12:49",
            "open": "22.9836",
            "high": "22.9949",
            "low": "22.9836",
            "close": "22.9949"
        },
        {
            "time": "31.01.2021 12:50",
            "open": "22.9949",
            "high": "22.9949",
            "low": "22.9949",
            "close": "22.995"
        },
        {
            "time": "31.01.2021 12:53",
            "open": "22.995",
            "high": "23",
            "low": "22.995",
            "close": "23"
        },
        {
            "time": "31.01.2021 12:54",
            "open": "23",
            "high": "23",
            "low": "23",
            "close": "23.0213"
        },
        {
            "time": "31.01.2021 12:56",
            "open": "23.0213",
            "high": "23.0213",
            "low": "23.0213",
            "close": "23.0228"
        },
        {
            "time": "31.01.2021 12:57",
            "open": "23.0228",
            "high": "23.0228",
            "low": "22.9725",
            "close": "23.0144"
        },
        {
            "time": "31.01.2021 12:58",
            "open": "23.0144",
            "high": "23.0228",
            "low": "23.0144",
            "close": "23.0228"
        },
        {
            "time": "31.01.2021 12:59",
            "open": "23.0228",
            "high": "23.0228",
            "low": "22.9963",
            "close": "23.0129"
        },
        {
            "time": "31.01.2021 13:02",
            "open": "23.0129",
            "high": "23.013",
            "low": "22.9897",
            "close": "22.9694"
        },
        {
            "time": "31.01.2021 13:04",
            "open": "22.9694",
            "high": "22.9778",
            "low": "22.9694",
            "close": "22.8821"
        },
        {
            "time": "31.01.2021 13:26",
            "open": "22.8821",
            "high": "22.8821",
            "low": "22.8821",
            "close": "22.9992"
        },
        {
            "time": "31.01.2021 13:27",
            "open": "22.9992",
            "high": "22.9992",
            "low": "22.9992",
            "close": "23.0355"
        },
        {
            "time": "31.01.2021 13:30",
            "open": "23.0355",
            "high": "23.0572",
            "low": "23.0355",
            "close": "23.0117"
        },
        {
            "time": "31.01.2021 13:34",
            "open": "23.0117",
            "high": "23.0117",
            "low": "23.0104",
            "close": "23.0124"
        },
        {
            "time": "31.01.2021 13:36",
            "open": "23.0124",
            "high": "23.0124",
            "low": "23.0104",
            "close": "22.9791"
        },
        {
            "time": "31.01.2021 13:37",
            "open": "22.9791",
            "high": "22.9791",
            "low": "22.9791",
            "close": "22.877"
        },
        {
            "time": "31.01.2021 13:39",
            "open": "22.877",
            "high": "22.877",
            "low": "22.82",
            "close": "22.82"
        },
        {
            "time": "31.01.2021 13:40",
            "open": "22.82",
            "high": "22.82",
            "low": "22.8017",
            "close": "22.8036"
        },
        {
            "time": "31.01.2021 13:41",
            "open": "22.8036",
            "high": "22.876",
            "low": "22.8036",
            "close": "22.8744"
        },
        {
            "time": "31.01.2021 13:42",
            "open": "22.8744",
            "high": "22.8744",
            "low": "22.8744",
            "close": "22.8046"
        },
        {
            "time": "31.01.2021 13:43",
            "open": "22.8046",
            "high": "22.8466",
            "low": "22.7632",
            "close": "22.7572"
        },
        {
            "time": "31.01.2021 13:44",
            "open": "22.7572",
            "high": "22.7572",
            "low": "22.7572",
            "close": "22.7693"
        },
        {
            "time": "31.01.2021 13:46",
            "open": "22.7693",
            "high": "22.7693",
            "low": "22.6887",
            "close": "22.6883"
        },
        {
            "time": "31.01.2021 13:49",
            "open": "22.6883",
            "high": "22.6883",
            "low": "22.6856",
            "close": "22.6355"
        },
        {
            "time": "31.01.2021 14:00",
            "open": "22.6355",
            "high": "22.6355",
            "low": "22.5966",
            "close": "22.6842"
        },
        {
            "time": "31.01.2021 14:01",
            "open": "22.6842",
            "high": "22.69",
            "low": "22.6842",
            "close": "22.6933"
        },
        {
            "time": "31.01.2021 14:02",
            "open": "22.6933",
            "high": "22.6933",
            "low": "22.6933",
            "close": "22.6934"
        },
        {
            "time": "31.01.2021 14:03",
            "open": "22.6934",
            "high": "22.6934",
            "low": "22.6934",
            "close": "22.7652"
        },
        {
            "time": "31.01.2021 14:07",
            "open": "22.7652",
            "high": "22.7652",
            "low": "22.7652",
            "close": "22.72"
        },
        {
            "time": "31.01.2021 14:11",
            "open": "22.72",
            "high": "22.7945",
            "low": "22.72",
            "close": "22.8042"
        },
        {
            "time": "31.01.2021 14:14",
            "open": "22.8042",
            "high": "22.8042",
            "low": "22.8042",
            "close": "22.699"
        },
        {
            "time": "31.01.2021 14:34",
            "open": "22.699",
            "high": "22.7024",
            "low": "22.699",
            "close": "22.6227"
        },
        {
            "time": "31.01.2021 14:37",
            "open": "22.6227",
            "high": "22.678",
            "low": "22.6225",
            "close": "22.7389"
        },
        {
            "time": "31.01.2021 14:46",
            "open": "22.7389",
            "high": "22.7389",
            "low": "22.7389",
            "close": "22.7699"
        },
        {
            "time": "31.01.2021 14:57",
            "open": "22.7699",
            "high": "22.7701",
            "low": "22.7699",
            "close": "22.6952"
        },
        {
            "time": "31.01.2021 15:02",
            "open": "22.6952",
            "high": "22.6952",
            "low": "22.6952",
            "close": "22.796"
        },
        {
            "time": "31.01.2021 15:07",
            "open": "22.796",
            "high": "22.7963",
            "low": "22.796",
            "close": "22.7903"
        },
        {
            "time": "31.01.2021 15:09",
            "open": "22.7903",
            "high": "22.7903",
            "low": "22.788",
            "close": "22.8877"
        },
        {
            "time": "31.01.2021 15:10",
            "open": "22.8877",
            "high": "22.9332",
            "low": "22.8595",
            "close": "22.9437"
        },
        {
            "time": "31.01.2021 15:13",
            "open": "22.9668",
            "high": "22.9668",
            "low": "22.9668",
            "close": "22.9484"
        },
        {
            "time": "31.01.2021 15:17",
            "open": "22.8875",
            "high": "22.8875",
            "low": "22.8875",
            "close": "22.8658"
        },
        {
            "time": "31.01.2021 15:22",
            "open": "22.8658",
            "high": "22.8658",
            "low": "22.8658",
            "close": "22.8775"
        },
        {
            "time": "31.01.2021 15:39",
            "open": "22.5195",
            "high": "22.5195",
            "low": "22.5195",
            "close": "22.5045"
        },
        {
            "time": "31.01.2021 15:40",
            "open": "22.5045",
            "high": "22.7185",
            "low": "22.5045",
            "close": "22.5008"
        },
        {
            "time": "31.01.2021 15:42",
            "open": "22.5008",
            "high": "22.5303",
            "low": "22.5008",
            "close": "22.5618"
        },
        {
            "time": "31.01.2021 15:44",
            "open": "22.5618",
            "high": "22.5618",
            "low": "22.5618",
            "close": "22.6474"
        },
        {
            "time": "31.01.2021 15:46",
            "open": "22.6474",
            "high": "22.7188",
            "low": "22.6474",
            "close": "22.803"
        },
        {
            "time": "31.01.2021 15:47",
            "open": "22.803",
            "high": "22.803",
            "low": "22.803",
            "close": "22.8075"
        },
        {
            "time": "31.01.2021 15:50",
            "open": "22.8075",
            "high": "22.8075",
            "low": "22.8075",
            "close": "22.772"
        },
        {
            "time": "31.01.2021 15:51",
            "open": "22.772",
            "high": "22.772",
            "low": "22.75",
            "close": "22.6848"
        },
        {
            "time": "31.01.2021 15:55",
            "open": "22.6848",
            "high": "22.6848",
            "low": "22.6848",
            "close": "22.6396"
        },
        {
            "time": "31.01.2021 15:57",
            "open": "22.6396",
            "high": "22.6396",
            "low": "22.615",
            "close": "22.593"
        },
        {
            "time": "31.01.2021 16:00",
            "open": "22.593",
            "high": "22.593",
            "low": "22.593",
            "close": "22.5346"
        },
        {
            "time": "31.01.2021 16:02",
            "open": "22.5346",
            "high": "22.5839",
            "low": "22.5345",
            "close": "22.5"
        },
        {
            "time": "31.01.2021 16:09",
            "open": "22.5",
            "high": "22.5",
            "low": "22.5",
            "close": "22.4898"
        },
        {
            "time": "31.01.2021 16:10",
            "open": "22.4898",
            "high": "22.5",
            "low": "22.4898",
            "close": "22.45"
        },
        {
            "time": "31.01.2021 16:11",
            "open": "22.45",
            "high": "22.45",
            "low": "22.4413",
            "close": "22.4213"
        },
        {
            "time": "31.01.2021 16:12",
            "open": "22.4213",
            "high": "22.4213",
            "low": "22.4",
            "close": "22.3221"
        },
        {
            "time": "31.01.2021 16:14",
            "open": "22.3221",
            "high": "22.3221",
            "low": "22.3202",
            "close": "22.3202"
        },
        {
            "time": "31.01.2021 16:15",
            "open": "22.3202",
            "high": "22.3202",
            "low": "22.3202",
            "close": "22.3576"
        },
        {
            "time": "31.01.2021 16:17",
            "open": "22.3576",
            "high": "22.37",
            "low": "22.3451",
            "close": "22.3451"
        },
        {
            "time": "31.01.2021 16:20",
            "open": "22.3451",
            "high": "22.3501",
            "low": "22.3451",
            "close": "22.4184"
        },
        {
            "time": "31.01.2021 16:22",
            "open": "22.4184",
            "high": "22.4184",
            "low": "22.4184",
            "close": "22.3517"
        },
        {
            "time": "31.01.2021 16:23",
            "open": "22.3517",
            "high": "22.3517",
            "low": "22.3503",
            "close": "22.3958"
        },
        {
            "time": "31.01.2021 16:25",
            "open": "22.3958",
            "high": "22.3958",
            "low": "22.3958",
            "close": "22.304"
        },
        {
            "time": "31.01.2021 16:28",
            "open": "22.304",
            "high": "22.304",
            "low": "22.2867",
            "close": "22.2934"
        },
        {
            "time": "31.01.2021 16:30",
            "open": "22.2934",
            "high": "22.3531",
            "low": "22.2934",
            "close": "22.2"
        },
        {
            "time": "31.01.2021 16:31",
            "open": "22.2",
            "high": "22.2",
            "low": "22.1629",
            "close": "22.1603"
        },
        {
            "time": "31.01.2021 16:32",
            "open": "22.1603",
            "high": "22.1929",
            "low": "22.1603",
            "close": "22.2948"
        },
        {
            "time": "31.01.2021 16:33",
            "open": "22.2948",
            "high": "22.31",
            "low": "22.2948",
            "close": "22.2066"
        },
        {
            "time": "31.01.2021 16:34",
            "open": "22.2066",
            "high": "22.2066",
            "low": "22.15",
            "close": "22.1527"
        },
        {
            "time": "31.01.2021 16:36",
            "open": "22.1527",
            "high": "22.1527",
            "low": "22.15",
            "close": "22.1502"
        },
        {
            "time": "31.01.2021 16:37",
            "open": "22.1502",
            "high": "22.1502",
            "low": "22.15",
            "close": "22.1997"
        },
        {
            "time": "31.01.2021 16:40",
            "open": "22.1997",
            "high": "22.1997",
            "low": "22.15",
            "close": "22.15"
        },
        {
            "time": "31.01.2021 16:42",
            "open": "22.15",
            "high": "22.15",
            "low": "22.15",
            "close": "22.1238"
        },
        {
            "time": "31.01.2021 16:45",
            "open": "22.1238",
            "high": "22.1238",
            "low": "22.0631",
            "close": "22.07"
        },
        {
            "time": "31.01.2021 16:48",
            "open": "22.07",
            "high": "22.1664",
            "low": "22.07",
            "close": "22.209"
        },
        {
            "time": "31.01.2021 16:51",
            "open": "22.209",
            "high": "22.2402",
            "low": "22.209",
            "close": "22.1136"
        },
        {
            "time": "31.01.2021 16:52",
            "open": "22.1136",
            "high": "22.2416",
            "low": "22.1136",
            "close": "22.1678"
        },
        {
            "time": "31.01.2021 16:56",
            "open": "22.1678",
            "high": "22.1678",
            "low": "22.1678",
            "close": "22.2704"
        },
        {
            "time": "31.01.2021 17:00",
            "open": "22.2704",
            "high": "22.2704",
            "low": "22.2704",
            "close": "22.3109"
        },
        {
            "time": "31.01.2021 17:02",
            "open": "22.3109",
            "high": "22.3109",
            "low": "22.2052",
            "close": "22.1712"
        },
        {
            "time": "31.01.2021 17:05",
            "open": "22.1712",
            "high": "22.1712",
            "low": "22.1712",
            "close": "22.1755"
        },
        {
            "time": "31.01.2021 17:10",
            "open": "22.1755",
            "high": "22.2173",
            "low": "22.1485",
            "close": "22.1378"
        },
        {
            "time": "31.01.2021 17:11",
            "open": "22.1378",
            "high": "22.1378",
            "low": "22.1378",
            "close": "22.1087"
        },
        {
            "time": "31.01.2021 17:12",
            "open": "22.1087",
            "high": "22.133",
            "low": "22.1087",
            "close": "22.1553"
        },
        {
            "time": "31.01.2021 17:13",
            "open": "22.1553",
            "high": "22.1553",
            "low": "22.1553",
            "close": "22.1626"
        },
        {
            "time": "31.01.2021 17:15",
            "open": "22.1626",
            "high": "22.1742",
            "low": "22.1626",
            "close": "22.2182"
        },
        {
            "time": "31.01.2021 17:21",
            "open": "22.2182",
            "high": "22.2425",
            "low": "22.2182",
            "close": "22.3341"
        },
        {
            "time": "31.01.2021 17:22",
            "open": "22.3341",
            "high": "22.3341",
            "low": "22.3341",
            "close": "22.2597"
        },
        {
            "time": "31.01.2021 17:23",
            "open": "22.2597",
            "high": "22.29",
            "low": "22.2596",
            "close": "22.2818"
        },
        {
            "time": "31.01.2021 17:31",
            "open": "22.2818",
            "high": "22.2818",
            "low": "22.2809",
            "close": "22.4142"
        },
        {
            "time": "31.01.2021 17:33",
            "open": "22.4142",
            "high": "22.4142",
            "low": "22.4142",
            "close": "22.3101"
        },
        {
            "time": "31.01.2021 17:34",
            "open": "22.3101",
            "high": "22.3101",
            "low": "22.3101",
            "close": "22.2662"
        },
        {
            "time": "31.01.2021 17:39",
            "open": "22.2662",
            "high": "22.2662",
            "low": "22.2662",
            "close": "22.3751"
        },
        {
            "time": "31.01.2021 17:41",
            "open": "22.3751",
            "high": "22.3751",
            "low": "22.3751",
            "close": "22.2417"
        },
        {
            "time": "31.01.2021 17:50",
            "open": "22.2417",
            "high": "22.2417",
            "low": "22.2417",
            "close": "22.2887"
        },
        {
            "time": "31.01.2021 17:53",
            "open": "22.2887",
            "high": "22.3145",
            "low": "22.2887",
            "close": "22.3065"
        },
        {
            "time": "31.01.2021 17:55",
            "open": "22.3065",
            "high": "22.3065",
            "low": "22.3065",
            "close": "22.2607"
        },
        {
            "time": "31.01.2021 17:56",
            "open": "22.2607",
            "high": "22.2607",
            "low": "22.2607",
            "close": "22.1813"
        },
        {
            "time": "31.01.2021 18:01",
            "open": "22.1813",
            "high": "22.1813",
            "low": "22.18",
            "close": "22.1865"
        },
        {
            "time": "31.01.2021 18:07",
            "open": "22.1865",
            "high": "22.1865",
            "low": "22.1865",
            "close": "22.1315"
        },
        {
            "time": "31.01.2021 18:11",
            "open": "22.1315",
            "high": "22.134",
            "low": "22.1315",
            "close": "22.2121"
        },
        {
            "time": "31.01.2021 18:12",
            "open": "22.2121",
            "high": "22.2121",
            "low": "22.2121",
            "close": "22.2172"
        },
        {
            "time": "31.01.2021 18:13",
            "open": "22.2172",
            "high": "22.2172",
            "low": "22.2172",
            "close": "22.2149"
        },
        {
            "time": "31.01.2021 18:22",
            "open": "22.2149",
            "high": "22.2149",
            "low": "22.2149",
            "close": "22.2205"
        },
        {
            "time": "31.01.2021 18:30",
            "open": "22.2205",
            "high": "22.2206",
            "low": "22.2205",
            "close": "22.2247"
        },
        {
            "time": "31.01.2021 18:31",
            "open": "22.2247",
            "high": "22.2411",
            "low": "22.2247",
            "close": "22.2731"
        },
        {
            "time": "31.01.2021 18:32",
            "open": "22.2731",
            "high": "23",
            "low": "22.1997",
            "close": "22.2101"
        },
        {
            "time": "31.01.2021 18:33",
            "open": "22.2101",
            "high": "22.2128",
            "low": "22.2101",
            "close": "22.2386"
        },
        {
            "time": "31.01.2021 18:34",
            "open": "22.2386",
            "high": "22.2386",
            "low": "22.2386",
            "close": "22.2387"
        },
        {
            "time": "31.01.2021 18:35",
            "open": "22.2387",
            "high": "22.2497",
            "low": "22.1633",
            "close": "22.253"
        },
        {
            "time": "31.01.2021 18:38",
            "open": "22.253",
            "high": "22.253",
            "low": "22.253",
            "close": "22.2405"
        },
        {
            "time": "31.01.2021 18:39",
            "open": "22.2405",
            "high": "22.2405",
            "low": "22.2405",
            "close": "22.2729"
        },
        {
            "time": "31.01.2021 18:41",
            "open": "22.2729",
            "high": "22.2729",
            "low": "22.1802",
            "close": "22.1802"
        },
        {
            "time": "31.01.2021 18:42",
            "open": "22.1802",
            "high": "22.1802",
            "low": "22.1802",
            "close": "22.1629"
        },
        {
            "time": "31.01.2021 18:44",
            "open": "22.1629",
            "high": "22.1629",
            "low": "22.1629",
            "close": "22.1629"
        },
        {
            "time": "31.01.2021 18:45",
            "open": "22.1629",
            "high": "22.1629",
            "low": "22.1629",
            "close": "22.1784"
        },
        {
            "time": "31.01.2021 18:51",
            "open": "22.1784",
            "high": "22.1784",
            "low": "22.1784",
            "close": "22.0872"
        },
        {
            "time": "31.01.2021 18:52",
            "open": "22.0872",
            "high": "22.1004",
            "low": "22.0799",
            "close": "22.0539"
        },
        {
            "time": "31.01.2021 18:53",
            "open": "22.0539",
            "high": "22.0539",
            "low": "22.0539",
            "close": "22.0152"
        },
        {
            "time": "31.01.2021 18:54",
            "open": "22.0152",
            "high": "22.0629",
            "low": "22",
            "close": "22.0694"
        },
        {
            "time": "31.01.2021 18:55",
            "open": "22.0694",
            "high": "22.0694",
            "low": "22.0501",
            "close": "22.0516"
        },
        {
            "time": "31.01.2021 18:56",
            "open": "22.0516",
            "high": "22.4205",
            "low": "22.0516",
            "close": "22.2191"
        },
        {
            "time": "31.01.2021 18:57",
            "open": "22.2191",
            "high": "22.2192",
            "low": "21.9607",
            "close": "22.1477"
        },
        {
            "time": "31.01.2021 18:58",
            "open": "22.1477",
            "high": "22.1477",
            "low": "22.14",
            "close": "22.2292"
        },
        {
            "time": "31.01.2021 19:06",
            "open": "22.2292",
            "high": "22.2292",
            "low": "22.2292",
            "close": "22.14"
        },
        {
            "time": "31.01.2021 19:07",
            "open": "22.14",
            "high": "22.14",
            "low": "22.0799",
            "close": "22.0799"
        },
        {
            "time": "31.01.2021 19:08",
            "open": "22.0799",
            "high": "22.0799",
            "low": "22.0799",
            "close": "22.0133"
        },
        {
            "time": "31.01.2021 19:09",
            "open": "22.0133",
            "high": "22.0133",
            "low": "21.9603",
            "close": "22.0657"
        },
        {
            "time": "31.01.2021 19:10",
            "open": "22.0657",
            "high": "22.0871",
            "low": "22.0657",
            "close": "22.1723"
        },
        {
            "time": "31.01.2021 19:14",
            "open": "22.1723",
            "high": "22.1766",
            "low": "22.1723",
            "close": "22.1378"
        },
        {
            "time": "31.01.2021 19:16",
            "open": "22.1378",
            "high": "22.1378",
            "low": "22.1378",
            "close": "22.1712"
        },
        {
            "time": "31.01.2021 19:17",
            "open": "22.1712",
            "high": "22.1712",
            "low": "22.1712",
            "close": "22.2265"
        },
        {
            "time": "31.01.2021 19:31",
            "open": "22.2265",
            "high": "22.2265",
            "low": "22.2265",
            "close": "22.2265"
        },
        {
            "time": "31.01.2021 19:43",
            "open": "22.2265",
            "high": "22.2265",
            "low": "22.2265",
            "close": "22.2265"
        },
        {
            "time": "31.01.2021 19:44",
            "open": "22.2265",
            "high": "22.2265",
            "low": "22.2265",
            "close": "22.1801"
        },
        {
            "time": "31.01.2021 19:46",
            "open": "22.1801",
            "high": "22.1801",
            "low": "22.1801",
            "close": "22.1801"
        },
        {
            "time": "31.01.2021 19:47",
            "open": "22.1801",
            "high": "22.1801",
            "low": "22.18",
            "close": "22.0935"
        },
        {
            "time": "31.01.2021 19:49",
            "open": "22.0935",
            "high": "22.0971",
            "low": "22.0863",
            "close": "22.041"
        },
        {
            "time": "31.01.2021 19:55",
            "open": "22.041",
            "high": "22.041",
            "low": "22.041",
            "close": "22.0103"
        },
        {
            "time": "31.01.2021 19:58",
            "open": "22.0103",
            "high": "22.1255",
            "low": "22.0103",
            "close": "22.1074"
        },
        {
            "time": "31.01.2021 19:59",
            "open": "22.1074",
            "high": "22.1267",
            "low": "22.1074",
            "close": "22.2"
        },
        {
            "time": "31.01.2021 20:00",
            "open": "22.2",
            "high": "22.2",
            "low": "22.2",
            "close": "22.2118"
        },
        {
            "time": "31.01.2021 20:01",
            "open": "22.2118",
            "high": "22.2118",
            "low": "22.2118",
            "close": "22.2606"
        },
        {
            "time": "31.01.2021 20:02",
            "open": "22.2606",
            "high": "22.2739",
            "low": "22.1895",
            "close": "22.1895"
        },
        {
            "time": "31.01.2021 20:03",
            "open": "22.1895",
            "high": "22.1895",
            "low": "22.1895",
            "close": "22.2534"
        },
        {
            "time": "31.01.2021 20:04",
            "open": "22.2534",
            "high": "22.2585",
            "low": "22.2509",
            "close": "22.2151"
        },
        {
            "time": "31.01.2021 20:06",
            "open": "22.2151",
            "high": "22.2151",
            "low": "22.2151",
            "close": "22.2245"
        },
        {
            "time": "31.01.2021 20:07",
            "open": "22.2245",
            "high": "22.2245",
            "low": "22.2245",
            "close": "22.285"
        },
        {
            "time": "31.01.2021 20:10",
            "open": "22.285",
            "high": "22.285",
            "low": "22.285",
            "close": "22.2851"
        },
        {
            "time": "31.01.2021 20:11",
            "open": "22.2851",
            "high": "22.2994",
            "low": "22.2851",
            "close": "22.3551"
        },
        {
            "time": "31.01.2021 20:19",
            "open": "22.3551",
            "high": "22.3551",
            "low": "22.3551",
            "close": "22.4157"
        },
        {
            "time": "31.01.2021 20:20",
            "open": "22.4157",
            "high": "22.4157",
            "low": "22.4",
            "close": "22.4"
        },
        {
            "time": "31.01.2021 20:21",
            "open": "22.4",
            "high": "22.4",
            "low": "22.4",
            "close": "22.3978"
        },
        {
            "time": "31.01.2021 20:35",
            "open": "22.3978",
            "high": "22.428",
            "low": "22.3978",
            "close": "22.4443"
        },
        {
            "time": "31.01.2021 20:36",
            "open": "22.4443",
            "high": "22.4443",
            "low": "22.4443",
            "close": "22.4955"
        },
        {
            "time": "31.01.2021 20:38",
            "open": "22.4955",
            "high": "22.4955",
            "low": "22.4955",
            "close": "22.4955"
        },
        {
            "time": "31.01.2021 20:39",
            "open": "22.4955",
            "high": "22.4955",
            "low": "22.4955",
            "close": "22.4521"
        },
        {
            "time": "31.01.2021 20:41",
            "open": "22.4521",
            "high": "22.4521",
            "low": "22.4521",
            "close": "22.4956"
        },
        {
            "time": "31.01.2021 20:48",
            "open": "22.4956",
            "high": "22.5324",
            "low": "22.4956",
            "close": "22.5305"
        },
        {
            "time": "31.01.2021 20:49",
            "open": "22.5305",
            "high": "22.5321",
            "low": "22.5305",
            "close": "22.5321"
        },
        {
            "time": "31.01.2021 20:52",
            "open": "22.5321",
            "high": "22.5321",
            "low": "22.5321",
            "close": "22.4954"
        },
        {
            "time": "31.01.2021 20:57",
            "open": "22.4954",
            "high": "22.4954",
            "low": "22.4954",
            "close": "22.5"
        },
        {
            "time": "31.01.2021 20:58",
            "open": "22.5",
            "high": "22.5",
            "low": "22.5",
            "close": "22.5324"
        },
        {
            "time": "31.01.2021 21:01",
            "open": "22.5324",
            "high": "22.5324",
            "low": "22.5324",
            "close": "22.5324"
        },
        {
            "time": "31.01.2021 21:05",
            "open": "22.5324",
            "high": "22.5324",
            "low": "22.5324",
            "close": "22.5421"
        },
        {
            "time": "31.01.2021 21:06",
            "open": "22.5421",
            "high": "22.5421",
            "low": "22.5421",
            "close": "22.5163"
        },
        {
            "time": "31.01.2021 21:11",
            "open": "22.5163",
            "high": "22.5163",
            "low": "22.5152",
            "close": "22.4995"
        },
        {
            "time": "31.01.2021 21:12",
            "open": "22.4995",
            "high": "22.4995",
            "low": "22.48",
            "close": "22.4863"
        },
        {
            "time": "31.01.2021 21:14",
            "open": "22.4863",
            "high": "22.4937",
            "low": "22.4863",
            "close": "22.475"
        },
        {
            "time": "31.01.2021 21:15",
            "open": "22.475",
            "high": "22.475",
            "low": "22.475",
            "close": "22.5534"
        },
        {
            "time": "31.01.2021 21:20",
            "open": "22.5534",
            "high": "22.5534",
            "low": "22.47",
            "close": "22.3006"
        },
        {
            "time": "31.01.2021 21:21",
            "open": "22.3006",
            "high": "22.3373",
            "low": "22.1715",
            "close": "22.3484"
        },
        {
            "time": "31.01.2021 21:22",
            "open": "22.3484",
            "high": "22.3589",
            "low": "22.3",
            "close": "22.2941"
        },
        {
            "time": "31.01.2021 21:23",
            "open": "22.2941",
            "high": "22.2941",
            "low": "22.2827",
            "close": "22.2949"
        },
        {
            "time": "31.01.2021 21:24",
            "open": "22.2949",
            "high": "22.2951",
            "low": "22.2894",
            "close": "22.2002"
        },
        {
            "time": "31.01.2021 21:27",
            "open": "22.2002",
            "high": "22.2002",
            "low": "22.2002",
            "close": "22.2001"
        },
        {
            "time": "31.01.2021 21:28",
            "open": "22.2001",
            "high": "22.2001",
            "low": "22.161",
            "close": "22.161"
        },
        {
            "time": "31.01.2021 21:29",
            "open": "22.161",
            "high": "22.161",
            "low": "22.161",
            "close": "22.18"
        },
        {
            "time": "31.01.2021 21:30",
            "open": "22.18",
            "high": "22.2237",
            "low": "22.1616",
            "close": "22.2224"
        },
        {
            "time": "31.01.2021 21:31",
            "open": "22.2224",
            "high": "22.2224",
            "low": "22.2224",
            "close": "22.2167"
        },
        {
            "time": "31.01.2021 21:32",
            "open": "22.2167",
            "high": "22.2269",
            "low": "22.2158",
            "close": "22.2"
        },
        {
            "time": "31.01.2021 21:35",
            "open": "22.2",
            "high": "22.2",
            "low": "22.2",
            "close": "22.2"
        },
        {
            "time": "31.01.2021 21:41",
            "open": "22.2",
            "high": "22.2",
            "low": "22.2",
            "close": "22.2405"
        },
        {
            "time": "31.01.2021 21:43",
            "open": "22.2405",
            "high": "22.2419",
            "low": "22.2405",
            "close": "22.2907"
        },
        {
            "time": "31.01.2021 21:44",
            "open": "22.2907",
            "high": "22.2907",
            "low": "22.2456",
            "close": "22.2001"
        },
        {
            "time": "31.01.2021 21:48",
            "open": "22.2001",
            "high": "22.2001",
            "low": "22.2001",
            "close": "22.2372"
        },
        {
            "time": "31.01.2021 21:49",
            "open": "22.2372",
            "high": "22.2372",
            "low": "22.2262",
            "close": "22.2384"
        },
        {
            "time": "31.01.2021 21:51",
            "open": "22.2384",
            "high": "22.2384",
            "low": "22.2384",
            "close": "22.2001"
        },
        {
            "time": "31.01.2021 22:00",
            "open": "22.2001",
            "high": "22.2001",
            "low": "22.2001",
            "close": "22.2456"
        },
        {
            "time": "31.01.2021 22:01",
            "open": "22.2456",
            "high": "22.2788",
            "low": "22.2456",
            "close": "22.2007"
        },
        {
            "time": "31.01.2021 22:02",
            "open": "22.2007",
            "high": "22.2007",
            "low": "22.2001",
            "close": "22.1847"
        },
        {
            "time": "31.01.2021 22:03",
            "open": "22.1847",
            "high": "22.1847",
            "low": "22.1847",
            "close": "22.2091"
        },
        {
            "time": "31.01.2021 22:11",
            "open": "22.2091",
            "high": "22.2091",
            "low": "22.2091",
            "close": "22.199"
        },
        {
            "time": "31.01.2021 22:13",
            "open": "22.199",
            "high": "22.199",
            "low": "22.199",
            "close": "22.2"
        },
        {
            "time": "31.01.2021 22:17",
            "open": "22.2",
            "high": "22.2435",
            "low": "22.2",
            "close": "22.2627"
        },
        {
            "time": "31.01.2021 22:25",
            "open": "22.2627",
            "high": "22.2655",
            "low": "22.2627",
            "close": "22.25"
        },
        {
            "time": "31.01.2021 22:28",
            "open": "22.25",
            "high": "22.25",
            "low": "22.25",
            "close": "22.2655"
        },
        {
            "time": "31.01.2021 22:29",
            "open": "22.2655",
            "high": "22.2655",
            "low": "22.2655",
            "close": "22.202"
        },
        {
            "time": "31.01.2021 22:40",
            "open": "22.202",
            "high": "22.202",
            "low": "22.202",
            "close": "22.1934"
        },
        {
            "time": "31.01.2021 22:43",
            "open": "22.1934",
            "high": "22.2",
            "low": "22.1934",
            "close": "22.2"
        },
        {
            "time": "31.01.2021 22:44",
            "open": "22.2",
            "high": "22.2",
            "low": "22.2",
            "close": "22.1401"
        },
        {
            "time": "31.01.2021 22:45",
            "open": "22.1401",
            "high": "22.1617",
            "low": "22.1399",
            "close": "22.1296"
        },
        {
            "time": "31.01.2021 22:50",
            "open": "22.1296",
            "high": "22.1296",
            "low": "22.1296",
            "close": "22.1867"
        },
        {
            "time": "31.01.2021 22:52",
            "open": "22.1867",
            "high": "22.1867",
            "low": "22.1867",
            "close": "22.2545"
        },
        {
            "time": "31.01.2021 22:59",
            "open": "22.2545",
            "high": "22.2546",
            "low": "22.2545",
            "close": "22.3152"
        },
        {
            "time": "31.01.2021 23:09",
            "open": "22.3152",
            "high": "22.3152",
            "low": "22.3152",
            "close": "22.3152"
        },
        {
            "time": "31.01.2021 23:11",
            "open": "22.3152",
            "high": "22.3152",
            "low": "22.3152",
            "close": "22.3597"
        },
        {
            "time": "31.01.2021 23:16",
            "open": "22.3597",
            "high": "22.3597",
            "low": "22.3597",
            "close": "22.3597"
        },
        {
            "time": "31.01.2021 23:17",
            "open": "22.3597",
            "high": "22.3648",
            "low": "22.3597",
            "close": "22.3761"
        },
        {
            "time": "31.01.2021 23:18",
            "open": "22.3761",
            "high": "22.3761",
            "low": "22.3761",
            "close": "22.315"
        },
        {
            "time": "31.01.2021 23:24",
            "open": "22.315",
            "high": "22.315",
            "low": "22.315",
            "close": "22.3947"
        },
        {
            "time": "31.01.2021 23:26",
            "open": "22.3947",
            "high": "22.3947",
            "low": "22.3947",
            "close": "22.3356"
        },
        {
            "time": "31.01.2021 23:27",
            "open": "22.3356",
            "high": "22.3356",
            "low": "22.3356",
            "close": "22.3817"
        },
        {
            "time": "31.01.2021 23:31",
            "open": "22.3817",
            "high": "22.3817",
            "low": "22.3817",
            "close": "22.4005"
        },
        {
            "time": "31.01.2021 23:36",
            "open": "22.4005",
            "high": "22.4006",
            "low": "22.4005",
            "close": "22.3539"
        },
        {
            "time": "31.01.2021 23:47",
            "open": "22.3539",
            "high": "22.3539",
            "low": "22.3539",
            "close": "22.4042"
        },
        {
            "time": "31.01.2021 23:52",
            "open": "22.4042",
            "high": "22.431",
            "low": "22.33",
            "close": "22.309"
        }
    ]
}