{
    "NMR-EUR": [
        {
            "time": "17.11.2020 23:58",
            "open": "20.5593",
            "high": "20.5593",
            "low": "20.5593",
            "close": "20.5723"
        },
        {
            "time": "18.11.2020 00:03",
            "open": "20.5723",
            "high": "20.5723",
            "low": "20.5723",
            "close": "20.5492"
        },
        {
            "time": "18.11.2020 00:31",
            "open": "20.5492",
            "high": "20.5492",
            "low": "20.483",
            "close": "20.5209"
        },
        {
            "time": "18.11.2020 00:33",
            "open": "20.5209",
            "high": "20.5506",
            "low": "20.5209",
            "close": "20.5056"
        },
        {
            "time": "18.11.2020 00:34",
            "open": "20.5056",
            "high": "20.5506",
            "low": "20.5056",
            "close": "20.4797"
        },
        {
            "time": "18.11.2020 00:41",
            "open": "20.4797",
            "high": "20.5779",
            "low": "20.4797",
            "close": "20.461"
        },
        {
            "time": "18.11.2020 00:51",
            "open": "20.461",
            "high": "20.461",
            "low": "20.461",
            "close": "20.4515"
        },
        {
            "time": "18.11.2020 00:52",
            "open": "20.4515",
            "high": "20.4716",
            "low": "20.4515",
            "close": "20.6003"
        },
        {
            "time": "18.11.2020 01:02",
            "open": "20.6003",
            "high": "20.6012",
            "low": "20.5861",
            "close": "20.6657"
        },
        {
            "time": "18.11.2020 01:03",
            "open": "20.6657",
            "high": "20.6658",
            "low": "20.6657",
            "close": "20.7861"
        },
        {
            "time": "18.11.2020 01:04",
            "open": "20.7861",
            "high": "20.7861",
            "low": "20.7861",
            "close": "20.7339"
        },
        {
            "time": "18.11.2020 01:07",
            "open": "20.7339",
            "high": "20.7913",
            "low": "20.7339",
            "close": "20.8236"
        },
        {
            "time": "18.11.2020 01:13",
            "open": "20.8236",
            "high": "20.8236",
            "low": "20.7913",
            "close": "20.8492"
        },
        {
            "time": "18.11.2020 01:17",
            "open": "20.8492",
            "high": "20.8492",
            "low": "20.8492",
            "close": "20.8616"
        },
        {
            "time": "18.11.2020 01:18",
            "open": "20.8616",
            "high": "20.8616",
            "low": "20.8615",
            "close": "20.8831"
        },
        {
            "time": "18.11.2020 01:20",
            "open": "20.8831",
            "high": "20.8831",
            "low": "20.8831",
            "close": "20.8496"
        },
        {
            "time": "18.11.2020 01:22",
            "open": "20.8496",
            "high": "20.8496",
            "low": "20.8496",
            "close": "20.875"
        },
        {
            "time": "18.11.2020 01:23",
            "open": "20.875",
            "high": "20.875",
            "low": "20.875",
            "close": "20.8774"
        },
        {
            "time": "18.11.2020 01:29",
            "open": "20.8774",
            "high": "20.9344",
            "low": "20.8774",
            "close": "20.9087"
        },
        {
            "time": "18.11.2020 01:32",
            "open": "20.9087",
            "high": "20.9088",
            "low": "20.9087",
            "close": "20.795"
        },
        {
            "time": "18.11.2020 01:38",
            "open": "20.795",
            "high": "20.795",
            "low": "20.7538",
            "close": "20.752"
        },
        {
            "time": "18.11.2020 01:39",
            "open": "20.752",
            "high": "20.7521",
            "low": "20.752",
            "close": "20.7188"
        },
        {
            "time": "18.11.2020 01:56",
            "open": "20.7188",
            "high": "20.7188",
            "low": "20.7188",
            "close": "20.7269"
        },
        {
            "time": "18.11.2020 02:17",
            "open": "20.7269",
            "high": "20.7269",
            "low": "20.6133",
            "close": "20.5179"
        },
        {
            "time": "18.11.2020 02:18",
            "open": "20.5179",
            "high": "20.5326",
            "low": "20.5042",
            "close": "20.5414"
        },
        {
            "time": "18.11.2020 02:28",
            "open": "20.5414",
            "high": "20.5704",
            "low": "20.5413",
            "close": "20.7215"
        },
        {
            "time": "18.11.2020 02:35",
            "open": "20.7215",
            "high": "20.7215",
            "low": "20.7215",
            "close": "20.7958"
        },
        {
            "time": "18.11.2020 02:43",
            "open": "20.7958",
            "high": "20.8305",
            "low": "20.7958",
            "close": "20.7583"
        },
        {
            "time": "18.11.2020 02:44",
            "open": "20.7583",
            "high": "20.7583",
            "low": "20.7386",
            "close": "20.7966"
        },
        {
            "time": "18.11.2020 02:45",
            "open": "20.7966",
            "high": "20.7966",
            "low": "20.7557",
            "close": "20.7961"
        },
        {
            "time": "18.11.2020 02:48",
            "open": "20.7961",
            "high": "20.7961",
            "low": "20.7961",
            "close": "20.844"
        },
        {
            "time": "18.11.2020 02:52",
            "open": "20.844",
            "high": "20.844",
            "low": "20.844",
            "close": "20.8816"
        },
        {
            "time": "18.11.2020 02:53",
            "open": "20.8816",
            "high": "20.8952",
            "low": "20.8816",
            "close": "20.9216"
        },
        {
            "time": "18.11.2020 03:06",
            "open": "20.9216",
            "high": "20.9216",
            "low": "20.9216",
            "close": "20.8491"
        },
        {
            "time": "18.11.2020 03:08",
            "open": "20.8491",
            "high": "20.8491",
            "low": "20.8491",
            "close": "20.9015"
        },
        {
            "time": "18.11.2020 03:09",
            "open": "20.9015",
            "high": "20.9015",
            "low": "20.9015",
            "close": "20.8545"
        },
        {
            "time": "18.11.2020 03:25",
            "open": "20.8545",
            "high": "20.8545",
            "low": "20.7839",
            "close": "20.7598"
        },
        {
            "time": "18.11.2020 03:27",
            "open": "20.7598",
            "high": "20.7598",
            "low": "20.7598",
            "close": "20.7267"
        },
        {
            "time": "18.11.2020 03:42",
            "open": "20.7267",
            "high": "20.7267",
            "low": "20.7267",
            "close": "20.6565"
        },
        {
            "time": "18.11.2020 04:41",
            "open": "20.6565",
            "high": "20.6565",
            "low": "20.6565",
            "close": "20.768"
        },
        {
            "time": "18.11.2020 04:53",
            "open": "20.768",
            "high": "20.768",
            "low": "20.7649",
            "close": "20.6263"
        },
        {
            "time": "18.11.2020 05:08",
            "open": "20.6263",
            "high": "20.6263",
            "low": "20.6263",
            "close": "20.5983"
        },
        {
            "time": "18.11.2020 05:09",
            "open": "20.5983",
            "high": "20.5987",
            "low": "20.5983",
            "close": "20.5996"
        },
        {
            "time": "18.11.2020 05:10",
            "open": "20.5996",
            "high": "20.6001",
            "low": "20.5996",
            "close": "20.6361"
        },
        {
            "time": "18.11.2020 05:15",
            "open": "20.6361",
            "high": "20.6361",
            "low": "20.5718",
            "close": "20.6395"
        },
        {
            "time": "18.11.2020 05:17",
            "open": "20.6395",
            "high": "20.6395",
            "low": "20.6262",
            "close": "20.6037"
        },
        {
            "time": "18.11.2020 05:19",
            "open": "20.6037",
            "high": "20.6037",
            "low": "20.6037",
            "close": "20.5714"
        },
        {
            "time": "18.11.2020 05:20",
            "open": "20.5714",
            "high": "20.5714",
            "low": "20.5714",
            "close": "20.5717"
        },
        {
            "time": "18.11.2020 05:21",
            "open": "20.5717",
            "high": "20.5717",
            "low": "20.571",
            "close": "20.5035"
        },
        {
            "time": "18.11.2020 05:24",
            "open": "20.5035",
            "high": "20.5035",
            "low": "20.4299",
            "close": "20.56"
        },
        {
            "time": "18.11.2020 05:35",
            "open": "20.56",
            "high": "20.56",
            "low": "20.56",
            "close": "20.4937"
        },
        {
            "time": "18.11.2020 05:37",
            "open": "20.4937",
            "high": "20.5208",
            "low": "20.4816",
            "close": "20.5697"
        },
        {
            "time": "18.11.2020 05:39",
            "open": "20.5697",
            "high": "20.6138",
            "low": "20.5697",
            "close": "20.5851"
        },
        {
            "time": "18.11.2020 05:41",
            "open": "20.5851",
            "high": "20.5851",
            "low": "20.5851",
            "close": "20.6845"
        },
        {
            "time": "18.11.2020 05:48",
            "open": "20.6845",
            "high": "20.6848",
            "low": "20.6845",
            "close": "20.8582"
        },
        {
            "time": "18.11.2020 05:54",
            "open": "20.8582",
            "high": "20.9414",
            "low": "20.8582",
            "close": "20.775"
        },
        {
            "time": "18.11.2020 05:56",
            "open": "20.775",
            "high": "20.775",
            "low": "20.7558",
            "close": "20.7887"
        },
        {
            "time": "18.11.2020 05:57",
            "open": "20.7887",
            "high": "20.7887",
            "low": "20.7887",
            "close": "20.7872"
        },
        {
            "time": "18.11.2020 05:59",
            "open": "20.7872",
            "high": "20.7872",
            "low": "20.7872",
            "close": "20.7964"
        },
        {
            "time": "18.11.2020 06:00",
            "open": "20.7964",
            "high": "20.7964",
            "low": "20.7964",
            "close": "20.7917"
        },
        {
            "time": "18.11.2020 06:04",
            "open": "20.7917",
            "high": "20.7917",
            "low": "20.7646",
            "close": "20.7556"
        },
        {
            "time": "18.11.2020 06:08",
            "open": "20.7556",
            "high": "20.7556",
            "low": "20.7556",
            "close": "20.7488"
        },
        {
            "time": "18.11.2020 06:09",
            "open": "20.7488",
            "high": "20.7488",
            "low": "20.7488",
            "close": "20.7469"
        },
        {
            "time": "18.11.2020 06:10",
            "open": "20.7469",
            "high": "20.7504",
            "low": "20.6848",
            "close": "20.6786"
        },
        {
            "time": "18.11.2020 06:11",
            "open": "20.6786",
            "high": "20.6786",
            "low": "20.6668",
            "close": "20.7147"
        },
        {
            "time": "18.11.2020 06:12",
            "open": "20.7147",
            "high": "20.7147",
            "low": "20.7147",
            "close": "20.6645"
        },
        {
            "time": "18.11.2020 06:22",
            "open": "20.6645",
            "high": "20.6779",
            "low": "20.6537",
            "close": "20.6593"
        },
        {
            "time": "18.11.2020 06:23",
            "open": "20.6593",
            "high": "20.7721",
            "low": "20.6593",
            "close": "20.684"
        },
        {
            "time": "18.11.2020 06:24",
            "open": "20.684",
            "high": "20.69",
            "low": "20.6651",
            "close": "20.6896"
        },
        {
            "time": "18.11.2020 06:25",
            "open": "20.6896",
            "high": "20.7026",
            "low": "20.6819",
            "close": "20.7318"
        },
        {
            "time": "18.11.2020 06:27",
            "open": "20.7318",
            "high": "20.7318",
            "low": "20.7318",
            "close": "20.5679"
        },
        {
            "time": "18.11.2020 06:28",
            "open": "20.5679",
            "high": "20.5679",
            "low": "20.5231",
            "close": "20.6804"
        },
        {
            "time": "18.11.2020 06:29",
            "open": "20.6804",
            "high": "20.6804",
            "low": "20.6804",
            "close": "20.7156"
        },
        {
            "time": "18.11.2020 06:30",
            "open": "20.7156",
            "high": "20.7156",
            "low": "20.7156",
            "close": "20.6005"
        },
        {
            "time": "18.11.2020 06:31",
            "open": "20.6005",
            "high": "20.6005",
            "low": "20.6005",
            "close": "20.6704"
        },
        {
            "time": "18.11.2020 06:32",
            "open": "20.6704",
            "high": "20.6704",
            "low": "20.6704",
            "close": "20.6483"
        },
        {
            "time": "18.11.2020 06:33",
            "open": "20.6483",
            "high": "20.6485",
            "low": "20.4299",
            "close": "20.2943"
        },
        {
            "time": "18.11.2020 06:34",
            "open": "20.2943",
            "high": "20.4422",
            "low": "20.2525",
            "close": "20.2505"
        },
        {
            "time": "18.11.2020 06:35",
            "open": "20.2505",
            "high": "20.2525",
            "low": "20.093",
            "close": "20.1431"
        },
        {
            "time": "18.11.2020 06:36",
            "open": "20.1431",
            "high": "20.1431",
            "low": "20.1293",
            "close": "20.4299"
        },
        {
            "time": "18.11.2020 06:37",
            "open": "20.4299",
            "high": "20.43",
            "low": "20.4299",
            "close": "20.4876"
        },
        {
            "time": "18.11.2020 06:38",
            "open": "20.4876",
            "high": "20.4876",
            "low": "20.3733",
            "close": "20.2878"
        },
        {
            "time": "18.11.2020 06:39",
            "open": "20.2878",
            "high": "20.2878",
            "low": "20.2878",
            "close": "20.1859"
        },
        {
            "time": "18.11.2020 06:41",
            "open": "20.1859",
            "high": "20.1859",
            "low": "20.1859",
            "close": "20.1622"
        },
        {
            "time": "18.11.2020 06:42",
            "open": "20.1622",
            "high": "20.1622",
            "low": "20.1622",
            "close": "20.093"
        },
        {
            "time": "18.11.2020 06:43",
            "open": "20.093",
            "high": "20.093",
            "low": "19.9125",
            "close": "20.038"
        },
        {
            "time": "18.11.2020 06:45",
            "open": "20.038",
            "high": "20.0593",
            "low": "19.8686",
            "close": "19.8554"
        },
        {
            "time": "18.11.2020 06:46",
            "open": "19.8554",
            "high": "19.9062",
            "low": "19.8291",
            "close": "19.788"
        },
        {
            "time": "18.11.2020 06:47",
            "open": "19.788",
            "high": "19.929",
            "low": "19.7544",
            "close": "20"
        },
        {
            "time": "18.11.2020 06:48",
            "open": "20",
            "high": "20.1948",
            "low": "20",
            "close": "20.0891"
        },
        {
            "time": "18.11.2020 06:49",
            "open": "20.0891",
            "high": "20.0891",
            "low": "20.0891",
            "close": "20.0903"
        },
        {
            "time": "18.11.2020 06:51",
            "open": "20.0903",
            "high": "20.1634",
            "low": "20.089",
            "close": "20.1677"
        },
        {
            "time": "18.11.2020 06:52",
            "open": "20.1677",
            "high": "20.1687",
            "low": "20.152",
            "close": "20.1751"
        },
        {
            "time": "18.11.2020 06:53",
            "open": "20.1751",
            "high": "20.1751",
            "low": "20.1751",
            "close": "20.1195"
        },
        {
            "time": "18.11.2020 06:54",
            "open": "20.1195",
            "high": "20.1195",
            "low": "19.8606",
            "close": "20.1611"
        },
        {
            "time": "18.11.2020 06:55",
            "open": "20.1611",
            "high": "20.1677",
            "low": "20.1611",
            "close": "20.1154"
        },
        {
            "time": "18.11.2020 07:01",
            "open": "20.1154",
            "high": "20.1154",
            "low": "20.1154",
            "close": "20.0884"
        },
        {
            "time": "18.11.2020 07:02",
            "open": "20.0884",
            "high": "20.0884",
            "low": "20.0884",
            "close": "20.0312"
        },
        {
            "time": "18.11.2020 07:03",
            "open": "20.0312",
            "high": "20.0312",
            "low": "20.0312",
            "close": "19.9881"
        },
        {
            "time": "18.11.2020 07:06",
            "open": "19.9881",
            "high": "19.9881",
            "low": "19.9881",
            "close": "19.9782"
        },
        {
            "time": "18.11.2020 07:07",
            "open": "19.9782",
            "high": "19.9845",
            "low": "19.9782",
            "close": "20.0159"
        },
        {
            "time": "18.11.2020 07:12",
            "open": "20.0159",
            "high": "20.04",
            "low": "20.0159",
            "close": "20.0974"
        },
        {
            "time": "18.11.2020 07:14",
            "open": "20.0974",
            "high": "20.0975",
            "low": "20.0816",
            "close": "20.15"
        },
        {
            "time": "18.11.2020 07:15",
            "open": "20.15",
            "high": "20.15",
            "low": "20.15",
            "close": "20.1174"
        },
        {
            "time": "18.11.2020 07:16",
            "open": "20.1174",
            "high": "20.1362",
            "low": "20.0882",
            "close": "20.1514"
        },
        {
            "time": "18.11.2020 07:19",
            "open": "20.1514",
            "high": "20.1514",
            "low": "20.1466",
            "close": "20.1997"
        },
        {
            "time": "18.11.2020 07:41",
            "open": "20.1997",
            "high": "20.1997",
            "low": "20.1997",
            "close": "20.2165"
        },
        {
            "time": "18.11.2020 07:47",
            "open": "20.2165",
            "high": "20.2165",
            "low": "20.2165",
            "close": "20.2461"
        },
        {
            "time": "18.11.2020 07:48",
            "open": "20.2461",
            "high": "20.5749",
            "low": "20.2461",
            "close": "20.6488"
        },
        {
            "time": "18.11.2020 07:49",
            "open": "20.6488",
            "high": "20.6551",
            "low": "20.5478",
            "close": "20.6243"
        },
        {
            "time": "18.11.2020 07:50",
            "open": "20.6243",
            "high": "20.6663",
            "low": "20.6243",
            "close": "20.6704"
        },
        {
            "time": "18.11.2020 07:51",
            "open": "20.6704",
            "high": "20.6852",
            "low": "20.6704",
            "close": "20.7115"
        },
        {
            "time": "18.11.2020 07:52",
            "open": "20.7115",
            "high": "20.7389",
            "low": "20.7115",
            "close": "20.3647"
        },
        {
            "time": "18.11.2020 07:57",
            "open": "20.3647",
            "high": "20.3647",
            "low": "20.3647",
            "close": "20.3772"
        },
        {
            "time": "18.11.2020 07:59",
            "open": "20.3772",
            "high": "20.3772",
            "low": "20.3696",
            "close": "20.3051"
        },
        {
            "time": "18.11.2020 08:00",
            "open": "20.3051",
            "high": "20.3051",
            "low": "20.2943",
            "close": "20.2462"
        },
        {
            "time": "18.11.2020 08:01",
            "open": "20.2462",
            "high": "20.2462",
            "low": "20.2462",
            "close": "20.2461"
        },
        {
            "time": "18.11.2020 08:03",
            "open": "20.2461",
            "high": "20.2461",
            "low": "20.2258",
            "close": "20.2487"
        },
        {
            "time": "18.11.2020 08:04",
            "open": "20.2487",
            "high": "20.2487",
            "low": "20.2487",
            "close": "20.2514"
        },
        {
            "time": "18.11.2020 08:06",
            "open": "20.2514",
            "high": "20.2726",
            "low": "20.2514",
            "close": "20.358"
        },
        {
            "time": "18.11.2020 08:09",
            "open": "20.358",
            "high": "20.4008",
            "low": "20.358",
            "close": "20.5121"
        },
        {
            "time": "18.11.2020 08:12",
            "open": "20.5121",
            "high": "20.5123",
            "low": "20.5121",
            "close": "20.5775"
        },
        {
            "time": "18.11.2020 08:16",
            "open": "20.5775",
            "high": "20.5792",
            "low": "20.5775",
            "close": "20.5778"
        },
        {
            "time": "18.11.2020 08:21",
            "open": "20.5778",
            "high": "20.5876",
            "low": "20.5778",
            "close": "20.5125"
        },
        {
            "time": "18.11.2020 08:30",
            "open": "20.5125",
            "high": "20.5125",
            "low": "20.5125",
            "close": "20.3502"
        },
        {
            "time": "18.11.2020 08:41",
            "open": "20.3502",
            "high": "20.3502",
            "low": "20.3502",
            "close": "20.3958"
        },
        {
            "time": "18.11.2020 08:52",
            "open": "20.3958",
            "high": "20.4",
            "low": "20.3958",
            "close": "20.3371"
        },
        {
            "time": "18.11.2020 08:53",
            "open": "20.3371",
            "high": "20.3371",
            "low": "20.3371",
            "close": "20.4013"
        },
        {
            "time": "18.11.2020 08:59",
            "open": "20.4013",
            "high": "20.4013",
            "low": "20.4013",
            "close": "20.4805"
        },
        {
            "time": "18.11.2020 09:02",
            "open": "20.4805",
            "high": "20.5055",
            "low": "20.4805",
            "close": "20.4841"
        },
        {
            "time": "18.11.2020 09:07",
            "open": "20.4841",
            "high": "20.4841",
            "low": "20.4841",
            "close": "20.3365"
        },
        {
            "time": "18.11.2020 09:13",
            "open": "20.3365",
            "high": "20.3379",
            "low": "20.3365",
            "close": "20.2727"
        },
        {
            "time": "18.11.2020 09:26",
            "open": "20.2727",
            "high": "20.2727",
            "low": "20.2727",
            "close": "20.2993"
        },
        {
            "time": "18.11.2020 09:29",
            "open": "20.2993",
            "high": "20.3074",
            "low": "20.2993",
            "close": "20.1751"
        },
        {
            "time": "18.11.2020 09:34",
            "open": "20.1751",
            "high": "20.1751",
            "low": "20.1157",
            "close": "20.1168"
        },
        {
            "time": "18.11.2020 09:35",
            "open": "20.1168",
            "high": "20.1481",
            "low": "20.1168",
            "close": "20.1414"
        },
        {
            "time": "18.11.2020 09:40",
            "open": "20.1414",
            "high": "20.1416",
            "low": "20.1414",
            "close": "20.1202"
        },
        {
            "time": "18.11.2020 09:43",
            "open": "20.1202",
            "high": "20.1202",
            "low": "20.1202",
            "close": "20.1411"
        },
        {
            "time": "18.11.2020 09:44",
            "open": "20.1411",
            "high": "20.1411",
            "low": "20.1",
            "close": "20.1038"
        },
        {
            "time": "18.11.2020 09:45",
            "open": "20.1038",
            "high": "20.1038",
            "low": "20.0736",
            "close": "19.9971"
        },
        {
            "time": "18.11.2020 09:49",
            "open": "19.9971",
            "high": "19.9971",
            "low": "19.9971",
            "close": "19.9946"
        },
        {
            "time": "18.11.2020 09:52",
            "open": "19.9946",
            "high": "19.9946",
            "low": "19.9946",
            "close": "19.9327"
        },
        {
            "time": "18.11.2020 09:55",
            "open": "19.9327",
            "high": "19.9327",
            "low": "19.9202",
            "close": "19.8554"
        },
        {
            "time": "18.11.2020 09:58",
            "open": "19.8554",
            "high": "19.8609",
            "low": "19.8554",
            "close": "19.9141"
        },
        {
            "time": "18.11.2020 09:59",
            "open": "19.9141",
            "high": "19.9196",
            "low": "19.9141",
            "close": "19.9142"
        },
        {
            "time": "18.11.2020 10:00",
            "open": "19.9142",
            "high": "19.9601",
            "low": "19.9142",
            "close": "19.9601"
        },
        {
            "time": "18.11.2020 10:03",
            "open": "19.9601",
            "high": "19.9601",
            "low": "19.9601",
            "close": "19.9513"
        },
        {
            "time": "18.11.2020 10:07",
            "open": "19.9513",
            "high": "19.9513",
            "low": "19.9513",
            "close": "19.9241"
        },
        {
            "time": "18.11.2020 10:08",
            "open": "19.9241",
            "high": "19.9496",
            "low": "19.8764",
            "close": "19.9073"
        },
        {
            "time": "18.11.2020 10:09",
            "open": "19.9073",
            "high": "19.9265",
            "low": "19.8924",
            "close": "19.9107"
        },
        {
            "time": "18.11.2020 10:10",
            "open": "19.9107",
            "high": "19.9297",
            "low": "19.8759",
            "close": "19.8972"
        },
        {
            "time": "18.11.2020 10:14",
            "open": "19.8972",
            "high": "19.8972",
            "low": "19.8972",
            "close": "19.9262"
        },
        {
            "time": "18.11.2020 10:15",
            "open": "19.9262",
            "high": "19.9262",
            "low": "19.9262",
            "close": "19.9899"
        },
        {
            "time": "18.11.2020 10:19",
            "open": "19.9899",
            "high": "19.9899",
            "low": "19.9899",
            "close": "19.9953"
        },
        {
            "time": "18.11.2020 10:20",
            "open": "19.9953",
            "high": "19.9966",
            "low": "19.9793",
            "close": "19.941"
        },
        {
            "time": "18.11.2020 10:25",
            "open": "19.941",
            "high": "19.941",
            "low": "19.9262",
            "close": "19.89"
        },
        {
            "time": "18.11.2020 10:28",
            "open": "19.89",
            "high": "19.89",
            "low": "19.89",
            "close": "19.9541"
        },
        {
            "time": "18.11.2020 10:33",
            "open": "19.9541",
            "high": "20.0242",
            "low": "19.9203",
            "close": "19.9469"
        },
        {
            "time": "18.11.2020 10:34",
            "open": "19.9469",
            "high": "19.9531",
            "low": "19.9469",
            "close": "19.9718"
        },
        {
            "time": "18.11.2020 10:35",
            "open": "19.9718",
            "high": "19.9718",
            "low": "19.9718",
            "close": "19.929"
        },
        {
            "time": "18.11.2020 10:37",
            "open": "19.929",
            "high": "19.9356",
            "low": "19.929",
            "close": "19.92"
        },
        {
            "time": "18.11.2020 10:42",
            "open": "19.92",
            "high": "19.92",
            "low": "19.92",
            "close": "19.9355"
        },
        {
            "time": "18.11.2020 10:43",
            "open": "19.9355",
            "high": "19.9355",
            "low": "19.9355",
            "close": "19.92"
        },
        {
            "time": "18.11.2020 10:45",
            "open": "19.92",
            "high": "19.92",
            "low": "19.92",
            "close": "19.8842"
        },
        {
            "time": "18.11.2020 10:47",
            "open": "19.8842",
            "high": "19.92",
            "low": "19.8842",
            "close": "19.9355"
        },
        {
            "time": "18.11.2020 10:55",
            "open": "19.9355",
            "high": "19.9355",
            "low": "19.9355",
            "close": "19.9798"
        },
        {
            "time": "18.11.2020 10:56",
            "open": "19.9798",
            "high": "19.9798",
            "low": "19.9798",
            "close": "19.8744"
        },
        {
            "time": "18.11.2020 11:00",
            "open": "19.8744",
            "high": "19.8744",
            "low": "19.8744",
            "close": "19.9617"
        },
        {
            "time": "18.11.2020 11:01",
            "open": "19.9617",
            "high": "19.9617",
            "low": "19.959",
            "close": "19.9358"
        },
        {
            "time": "18.11.2020 11:02",
            "open": "19.9358",
            "high": "19.9493",
            "low": "19.9313",
            "close": "19.9348"
        },
        {
            "time": "18.11.2020 11:03",
            "open": "19.9348",
            "high": "19.9417",
            "low": "19.9333",
            "close": "19.936"
        },
        {
            "time": "18.11.2020 11:04",
            "open": "19.936",
            "high": "19.9362",
            "low": "19.9334",
            "close": "19.989"
        },
        {
            "time": "18.11.2020 11:06",
            "open": "19.989",
            "high": "19.989",
            "low": "19.989",
            "close": "20.0628"
        },
        {
            "time": "18.11.2020 11:13",
            "open": "20.0628",
            "high": "20.0628",
            "low": "20.0628",
            "close": "20.1653"
        },
        {
            "time": "18.11.2020 11:28",
            "open": "20.1653",
            "high": "20.1913",
            "low": "20.1653",
            "close": "20.2129"
        },
        {
            "time": "18.11.2020 11:30",
            "open": "20.2129",
            "high": "20.2129",
            "low": "20.2129",
            "close": "20.2375"
        },
        {
            "time": "18.11.2020 11:36",
            "open": "20.2375",
            "high": "20.2378",
            "low": "20.2375",
            "close": "20.1983"
        },
        {
            "time": "18.11.2020 11:39",
            "open": "20.1983",
            "high": "20.1983",
            "low": "20.1983",
            "close": "20.2358"
        },
        {
            "time": "18.11.2020 11:40",
            "open": "20.2358",
            "high": "20.2358",
            "low": "20.2358",
            "close": "20.2351"
        },
        {
            "time": "18.11.2020 11:42",
            "open": "20.2351",
            "high": "20.2722",
            "low": "20.2351",
            "close": "20.314"
        },
        {
            "time": "18.11.2020 11:47",
            "open": "20.314",
            "high": "20.3142",
            "low": "20.314",
            "close": "20.2886"
        },
        {
            "time": "18.11.2020 11:49",
            "open": "20.2886",
            "high": "20.2941",
            "low": "20.2886",
            "close": "20.2877"
        },
        {
            "time": "18.11.2020 11:50",
            "open": "20.2877",
            "high": "20.3403",
            "low": "20.2877",
            "close": "20.3961"
        },
        {
            "time": "18.11.2020 11:52",
            "open": "20.3961",
            "high": "20.3961",
            "low": "20.3961",
            "close": "20.43"
        },
        {
            "time": "18.11.2020 12:03",
            "open": "20.43",
            "high": "20.43",
            "low": "20.43",
            "close": "20.3999"
        },
        {
            "time": "18.11.2020 12:09",
            "open": "20.3999",
            "high": "20.3999",
            "low": "20.3997",
            "close": "20.3095"
        },
        {
            "time": "18.11.2020 12:20",
            "open": "20.3095",
            "high": "20.3095",
            "low": "20.3095",
            "close": "20.1751"
        },
        {
            "time": "18.11.2020 12:35",
            "open": "20.1751",
            "high": "20.1751",
            "low": "20.1751",
            "close": "20.1392"
        },
        {
            "time": "18.11.2020 12:48",
            "open": "20.1392",
            "high": "20.1392",
            "low": "20.1392",
            "close": "20.126"
        },
        {
            "time": "18.11.2020 12:56",
            "open": "20.126",
            "high": "20.126",
            "low": "20.126",
            "close": "20.1605"
        },
        {
            "time": "18.11.2020 13:01",
            "open": "20.1605",
            "high": "20.1605",
            "low": "20.1605",
            "close": "20.1808"
        },
        {
            "time": "18.11.2020 13:12",
            "open": "20.1808",
            "high": "20.1808",
            "low": "20.1808",
            "close": "20.1172"
        },
        {
            "time": "18.11.2020 13:13",
            "open": "20.1172",
            "high": "20.1172",
            "low": "20.1172",
            "close": "20.1631"
        },
        {
            "time": "18.11.2020 13:17",
            "open": "20.1631",
            "high": "20.1632",
            "low": "20.1578",
            "close": "20.121"
        },
        {
            "time": "18.11.2020 13:31",
            "open": "20.121",
            "high": "20.121",
            "low": "20.121",
            "close": "20.1263"
        },
        {
            "time": "18.11.2020 13:33",
            "open": "20.1263",
            "high": "20.1263",
            "low": "20.1263",
            "close": "20.1383"
        },
        {
            "time": "18.11.2020 13:34",
            "open": "20.1383",
            "high": "20.1383",
            "low": "20.1383",
            "close": "20.1383"
        },
        {
            "time": "18.11.2020 13:35",
            "open": "20.1383",
            "high": "20.1383",
            "low": "20.1383",
            "close": "20.1011"
        },
        {
            "time": "18.11.2020 13:36",
            "open": "20.1011",
            "high": "20.1011",
            "low": "20.1011",
            "close": "20.1385"
        },
        {
            "time": "18.11.2020 13:42",
            "open": "20.1385",
            "high": "20.146",
            "low": "20.1385",
            "close": "20.1488"
        },
        {
            "time": "18.11.2020 13:43",
            "open": "20.1488",
            "high": "20.1488",
            "low": "20.1488",
            "close": "20.1552"
        },
        {
            "time": "18.11.2020 13:45",
            "open": "20.1552",
            "high": "20.1552",
            "low": "20.1552",
            "close": "20.1333"
        },
        {
            "time": "18.11.2020 13:51",
            "open": "20.1333",
            "high": "20.1333",
            "low": "20.1093",
            "close": "20.1104"
        },
        {
            "time": "18.11.2020 13:52",
            "open": "20.1104",
            "high": "20.1104",
            "low": "20.1104",
            "close": "20.1011"
        },
        {
            "time": "18.11.2020 13:54",
            "open": "20.1011",
            "high": "20.1011",
            "low": "20.0755",
            "close": "20.0628"
        },
        {
            "time": "18.11.2020 13:56",
            "open": "20.0628",
            "high": "20.0628",
            "low": "20.05",
            "close": "20.0337"
        },
        {
            "time": "18.11.2020 14:01",
            "open": "20.0337",
            "high": "20.0337",
            "low": "20.0337",
            "close": "20.0922"
        },
        {
            "time": "18.11.2020 14:04",
            "open": "20.0922",
            "high": "20.0922",
            "low": "20.0922",
            "close": "20.0439"
        },
        {
            "time": "18.11.2020 14:05",
            "open": "20.0439",
            "high": "20.0439",
            "low": "20.0439",
            "close": "20.0893"
        },
        {
            "time": "18.11.2020 14:08",
            "open": "20.0896",
            "high": "20.0896",
            "low": "20.0896",
            "close": "20.0335"
        },
        {
            "time": "18.11.2020 14:30",
            "open": "20.0335",
            "high": "20.0335",
            "low": "20.028",
            "close": "20.0589"
        },
        {
            "time": "18.11.2020 14:39",
            "open": "20.0589",
            "high": "20.0589",
            "low": "20.0589",
            "close": "20"
        },
        {
            "time": "18.11.2020 14:48",
            "open": "20",
            "high": "20",
            "low": "20",
            "close": "20.0557"
        },
        {
            "time": "18.11.2020 14:49",
            "open": "20.0557",
            "high": "20.0557",
            "low": "20.0557",
            "close": "20.0201"
        },
        {
            "time": "18.11.2020 14:51",
            "open": "20.0201",
            "high": "20.0201",
            "low": "20",
            "close": "19.9202"
        },
        {
            "time": "18.11.2020 14:54",
            "open": "19.9202",
            "high": "19.9202",
            "low": "19.9202",
            "close": "19.9"
        },
        {
            "time": "18.11.2020 14:55",
            "open": "19.9",
            "high": "19.9",
            "low": "19.9",
            "close": "19.8955"
        },
        {
            "time": "18.11.2020 14:59",
            "open": "19.8955",
            "high": "19.927",
            "low": "19.8955",
            "close": "19.8736"
        },
        {
            "time": "18.11.2020 15:05",
            "open": "19.8736",
            "high": "19.8736",
            "low": "19.8659",
            "close": "19.9769"
        },
        {
            "time": "18.11.2020 15:15",
            "open": "19.9769",
            "high": "19.9771",
            "low": "19.9769",
            "close": "20.0081"
        },
        {
            "time": "18.11.2020 15:30",
            "open": "20.0081",
            "high": "20.0081",
            "low": "20.0081",
            "close": "19.997"
        },
        {
            "time": "18.11.2020 15:31",
            "open": "19.997",
            "high": "20.0028",
            "low": "19.997",
            "close": "20.0045"
        },
        {
            "time": "18.11.2020 15:34",
            "open": "20.0045",
            "high": "20.0193",
            "low": "19.9856",
            "close": "19.9837"
        },
        {
            "time": "18.11.2020 15:35",
            "open": "19.9837",
            "high": "19.9837",
            "low": "19.9832",
            "close": "19.9831"
        },
        {
            "time": "18.11.2020 15:36",
            "open": "19.9831",
            "high": "19.9831",
            "low": "19.9831",
            "close": "20.0231"
        },
        {
            "time": "18.11.2020 15:46",
            "open": "20.0231",
            "high": "20.0422",
            "low": "20.0231",
            "close": "20.1751"
        },
        {
            "time": "18.11.2020 15:47",
            "open": "20.1751",
            "high": "20.1751",
            "low": "20.1751",
            "close": "20.1824"
        },
        {
            "time": "18.11.2020 16:00",
            "open": "20.1824",
            "high": "20.1824",
            "low": "20.1615",
            "close": "20.1407"
        },
        {
            "time": "18.11.2020 16:01",
            "open": "20.1407",
            "high": "20.1407",
            "low": "20.1233",
            "close": "20.1231"
        },
        {
            "time": "18.11.2020 16:02",
            "open": "20.1231",
            "high": "20.1231",
            "low": "20.1217",
            "close": "20.0873"
        },
        {
            "time": "18.11.2020 16:03",
            "open": "20.0873",
            "high": "20.0977",
            "low": "20.0508",
            "close": "19.999"
        },
        {
            "time": "18.11.2020 16:06",
            "open": "19.999",
            "high": "19.999",
            "low": "19.999",
            "close": "20.0229"
        },
        {
            "time": "18.11.2020 16:07",
            "open": "20.0229",
            "high": "20.0229",
            "low": "20.0229",
            "close": "19.999"
        },
        {
            "time": "18.11.2020 16:08",
            "open": "19.999",
            "high": "19.999",
            "low": "19.999",
            "close": "19.9921"
        },
        {
            "time": "18.11.2020 16:13",
            "open": "19.9921",
            "high": "20.0091",
            "low": "19.9921",
            "close": "19.9478"
        },
        {
            "time": "18.11.2020 16:17",
            "open": "19.9478",
            "high": "19.9478",
            "low": "19.9202",
            "close": "19.8554"
        },
        {
            "time": "18.11.2020 16:19",
            "open": "19.8554",
            "high": "19.869",
            "low": "19.7759",
            "close": "19.7601"
        },
        {
            "time": "18.11.2020 16:20",
            "open": "19.7601",
            "high": "19.7601",
            "low": "19.7",
            "close": "19.7226"
        },
        {
            "time": "18.11.2020 16:21",
            "open": "19.7226",
            "high": "19.75",
            "low": "19.7226",
            "close": "19.8582"
        },
        {
            "time": "18.11.2020 16:22",
            "open": "19.8582",
            "high": "19.8582",
            "low": "19.8582",
            "close": "19.8465"
        },
        {
            "time": "18.11.2020 16:23",
            "open": "19.8465",
            "high": "19.8739",
            "low": "19.8348",
            "close": "19.8606"
        },
        {
            "time": "18.11.2020 16:25",
            "open": "19.8606",
            "high": "19.8606",
            "low": "19.8606",
            "close": "19.923"
        },
        {
            "time": "18.11.2020 16:26",
            "open": "19.923",
            "high": "19.9769",
            "low": "19.923",
            "close": "20.1122"
        },
        {
            "time": "18.11.2020 16:27",
            "open": "20.1122",
            "high": "20.1776",
            "low": "20.1122",
            "close": "20.127"
        },
        {
            "time": "18.11.2020 16:28",
            "open": "20.127",
            "high": "20.1271",
            "low": "20.1268",
            "close": "20.1765"
        },
        {
            "time": "18.11.2020 16:29",
            "open": "20.1765",
            "high": "20.1765",
            "low": "20.1765",
            "close": "20.1764"
        },
        {
            "time": "18.11.2020 16:31",
            "open": "20.1764",
            "high": "20.1859",
            "low": "20.1764",
            "close": "20.1859"
        },
        {
            "time": "18.11.2020 16:40",
            "open": "20.1859",
            "high": "20.1859",
            "low": "20.1859",
            "close": "20.1541"
        },
        {
            "time": "18.11.2020 16:46",
            "open": "20.1541",
            "high": "20.1786",
            "low": "20.1541",
            "close": "20.1768"
        },
        {
            "time": "18.11.2020 16:47",
            "open": "20.1768",
            "high": "20.1768",
            "low": "20.1768",
            "close": "20.1749"
        },
        {
            "time": "18.11.2020 16:51",
            "open": "20.1749",
            "high": "20.1859",
            "low": "20.1749",
            "close": "20.1751"
        },
        {
            "time": "18.11.2020 16:52",
            "open": "20.1751",
            "high": "20.1752",
            "low": "20.1751",
            "close": "20.1805"
        },
        {
            "time": "18.11.2020 17:10",
            "open": "20.1805",
            "high": "20.1807",
            "low": "20.1805",
            "close": "20.1858"
        },
        {
            "time": "18.11.2020 17:11",
            "open": "20.1858",
            "high": "20.1858",
            "low": "20.1858",
            "close": "20.1334"
        },
        {
            "time": "18.11.2020 17:15",
            "open": "20.1334",
            "high": "20.1334",
            "low": "20.1334",
            "close": "20.1557"
        },
        {
            "time": "18.11.2020 17:16",
            "open": "20.1557",
            "high": "20.1858",
            "low": "20.1557",
            "close": "20.1406"
        },
        {
            "time": "18.11.2020 17:19",
            "open": "20.1406",
            "high": "20.156",
            "low": "20.1406",
            "close": "20.1847"
        },
        {
            "time": "18.11.2020 17:25",
            "open": "20.1847",
            "high": "20.2461",
            "low": "20.1847",
            "close": "20.2722"
        },
        {
            "time": "18.11.2020 17:26",
            "open": "20.2722",
            "high": "20.2722",
            "low": "20.2722",
            "close": "20.3112"
        },
        {
            "time": "18.11.2020 17:28",
            "open": "20.3112",
            "high": "20.3112",
            "low": "20.1393",
            "close": "20.3571"
        },
        {
            "time": "18.11.2020 17:32",
            "open": "20.3571",
            "high": "20.3871",
            "low": "20.3571",
            "close": "20.43"
        },
        {
            "time": "18.11.2020 17:33",
            "open": "20.43",
            "high": "20.4475",
            "low": "20.43",
            "close": "20.49"
        },
        {
            "time": "18.11.2020 17:35",
            "open": "20.49",
            "high": "20.495",
            "low": "20.4772",
            "close": "20.4998"
        },
        {
            "time": "18.11.2020 17:38",
            "open": "20.4998",
            "high": "20.5225",
            "low": "20.4998",
            "close": "20.5749"
        },
        {
            "time": "18.11.2020 17:39",
            "open": "20.5749",
            "high": "20.5749",
            "low": "20.5705",
            "close": "20.5602"
        },
        {
            "time": "18.11.2020 17:42",
            "open": "20.5602",
            "high": "20.5602",
            "low": "20.5602",
            "close": "20.5615"
        },
        {
            "time": "18.11.2020 17:45",
            "open": "20.5615",
            "high": "20.5615",
            "low": "20.51",
            "close": "20.4929"
        },
        {
            "time": "18.11.2020 17:46",
            "open": "20.4929",
            "high": "20.4938",
            "low": "20.4799",
            "close": "20.484"
        },
        {
            "time": "18.11.2020 17:47",
            "open": "20.484",
            "high": "20.484",
            "low": "20.477",
            "close": "20.453"
        },
        {
            "time": "18.11.2020 17:48",
            "open": "20.453",
            "high": "20.453",
            "low": "20.453",
            "close": "20.4841"
        },
        {
            "time": "18.11.2020 17:49",
            "open": "20.4841",
            "high": "20.4841",
            "low": "20.4841",
            "close": "20.433"
        },
        {
            "time": "18.11.2020 18:17",
            "open": "20.433",
            "high": "20.433",
            "low": "20.433",
            "close": "20.3192"
        },
        {
            "time": "18.11.2020 18:22",
            "open": "20.3192",
            "high": "20.3192",
            "low": "20.3192",
            "close": "20.266"
        },
        {
            "time": "18.11.2020 18:26",
            "open": "20.266",
            "high": "20.28",
            "low": "20.266",
            "close": "20.28"
        },
        {
            "time": "18.11.2020 18:39",
            "open": "20.28",
            "high": "20.28",
            "low": "20.28",
            "close": "20.28"
        },
        {
            "time": "18.11.2020 18:40",
            "open": "20.28",
            "high": "20.2802",
            "low": "20.28",
            "close": "20.3062"
        },
        {
            "time": "18.11.2020 18:45",
            "open": "20.3062",
            "high": "20.3062",
            "low": "20.3062",
            "close": "20.2862"
        },
        {
            "time": "18.11.2020 18:51",
            "open": "20.2862",
            "high": "20.2862",
            "low": "20.2862",
            "close": "20.3838"
        },
        {
            "time": "18.11.2020 19:18",
            "open": "20.3838",
            "high": "20.3838",
            "low": "20.3838",
            "close": "20.3672"
        },
        {
            "time": "18.11.2020 19:20",
            "open": "20.3672",
            "high": "20.3672",
            "low": "20.3672",
            "close": "20.3874"
        },
        {
            "time": "18.11.2020 19:21",
            "open": "20.3874",
            "high": "20.394",
            "low": "20.3874",
            "close": "20.3675"
        },
        {
            "time": "18.11.2020 19:22",
            "open": "20.3675",
            "high": "20.3675",
            "low": "20.3675",
            "close": "20.3272"
        },
        {
            "time": "18.11.2020 19:36",
            "open": "20.3272",
            "high": "20.3272",
            "low": "20.28",
            "close": "20.1751"
        },
        {
            "time": "18.11.2020 19:52",
            "open": "20.1751",
            "high": "20.1751",
            "low": "20.1751",
            "close": "20.1634"
        },
        {
            "time": "18.11.2020 20:14",
            "open": "20.1634",
            "high": "20.1634",
            "low": "20.1634",
            "close": "20.15"
        },
        {
            "time": "18.11.2020 20:16",
            "open": "20.15",
            "high": "20.15",
            "low": "20.15",
            "close": "20.1781"
        },
        {
            "time": "18.11.2020 20:21",
            "open": "20.1781",
            "high": "20.1781",
            "low": "20.1768",
            "close": "20.1299"
        },
        {
            "time": "18.11.2020 20:26",
            "open": "20.1299",
            "high": "20.1299",
            "low": "20.1241",
            "close": "20.1156"
        },
        {
            "time": "18.11.2020 20:32",
            "open": "20.1156",
            "high": "20.1156",
            "low": "20.1156",
            "close": "20.092"
        },
        {
            "time": "18.11.2020 20:43",
            "open": "20.092",
            "high": "20.092",
            "low": "20.0736",
            "close": "20.0292"
        },
        {
            "time": "18.11.2020 20:44",
            "open": "20.0292",
            "high": "20.0292",
            "low": "20.0292",
            "close": "20.0362"
        },
        {
            "time": "18.11.2020 20:45",
            "open": "20.0362",
            "high": "20.0362",
            "low": "20.0362",
            "close": "20.0626"
        },
        {
            "time": "18.11.2020 20:50",
            "open": "20.0626",
            "high": "20.0626",
            "low": "20.0626",
            "close": "20.0362"
        },
        {
            "time": "18.11.2020 20:52",
            "open": "20.0362",
            "high": "20.0362",
            "low": "20.025",
            "close": "19.999"
        },
        {
            "time": "18.11.2020 21:01",
            "open": "19.999",
            "high": "19.999",
            "low": "19.999",
            "close": "19.9202"
        },
        {
            "time": "18.11.2020 21:04",
            "open": "19.9202",
            "high": "19.9202",
            "low": "19.8109",
            "close": "19.9576"
        },
        {
            "time": "18.11.2020 21:06",
            "open": "19.9576",
            "high": "19.9583",
            "low": "19.9576",
            "close": "19.9569"
        },
        {
            "time": "18.11.2020 21:19",
            "open": "19.9569",
            "high": "19.9569",
            "low": "19.8944",
            "close": "19.9032"
        },
        {
            "time": "18.11.2020 21:36",
            "open": "19.9032",
            "high": "19.9032",
            "low": "19.9032",
            "close": "19.9031"
        },
        {
            "time": "18.11.2020 21:38",
            "open": "19.9031",
            "high": "19.9031",
            "low": "19.9031",
            "close": "19.906"
        },
        {
            "time": "18.11.2020 21:40",
            "open": "19.906",
            "high": "19.906",
            "low": "19.906",
            "close": "19.9412"
        },
        {
            "time": "18.11.2020 21:44",
            "open": "19.9412",
            "high": "19.9465",
            "low": "19.9412",
            "close": "19.926"
        },
        {
            "time": "18.11.2020 21:48",
            "open": "19.926",
            "high": "19.9479",
            "low": "19.926",
            "close": "19.9397"
        },
        {
            "time": "18.11.2020 21:54",
            "open": "19.9397",
            "high": "19.9399",
            "low": "19.929",
            "close": "19.9297"
        },
        {
            "time": "18.11.2020 21:55",
            "open": "19.9297",
            "high": "19.9297",
            "low": "19.9297",
            "close": "19.9835"
        },
        {
            "time": "18.11.2020 22:14",
            "open": "19.9835",
            "high": "19.9853",
            "low": "19.9835",
            "close": "19.9738"
        },
        {
            "time": "18.11.2020 22:16",
            "open": "19.9738",
            "high": "19.9738",
            "low": "19.9738",
            "close": "19.9973"
        },
        {
            "time": "18.11.2020 22:21",
            "open": "19.9973",
            "high": "19.9973",
            "low": "19.9973",
            "close": "19.996"
        },
        {
            "time": "18.11.2020 22:33",
            "open": "19.996",
            "high": "19.996",
            "low": "19.996",
            "close": "20.043"
        },
        {
            "time": "18.11.2020 22:47",
            "open": "20.043",
            "high": "20.0595",
            "low": "20.043",
            "close": "20.1257"
        },
        {
            "time": "18.11.2020 22:48",
            "open": "20.1257",
            "high": "20.1273",
            "low": "20.1257",
            "close": "20.0982"
        },
        {
            "time": "18.11.2020 22:54",
            "open": "20.0982",
            "high": "20.0982",
            "low": "20.0982",
            "close": "20.1492"
        },
        {
            "time": "18.11.2020 23:03",
            "open": "20.1492",
            "high": "20.1492",
            "low": "20.1492",
            "close": "20.1751"
        },
        {
            "time": "18.11.2020 23:07",
            "open": "20.1751",
            "high": "20.1751",
            "low": "20.1751",
            "close": "20.2461"
        },
        {
            "time": "18.11.2020 23:17",
            "open": "20.2461",
            "high": "20.2923",
            "low": "20.2461",
            "close": "20.28"
        },
        {
            "time": "18.11.2020 23:19",
            "open": "20.28",
            "high": "20.3011",
            "low": "20.28",
            "close": "20.2379"
        },
        {
            "time": "18.11.2020 23:25",
            "open": "20.2379",
            "high": "20.2379",
            "low": "20.2377",
            "close": "20.2371"
        },
        {
            "time": "18.11.2020 23:27",
            "open": "20.2371",
            "high": "20.2371",
            "low": "20.2282",
            "close": "20.25"
        }
    ]
}