{
    "NMR-EUR": [
        {
            "time": "08.11.2020 23:35",
            "open": "19.5739",
            "high": "19.5739",
            "low": "19.5739",
            "close": "19.5841"
        },
        {
            "time": "09.11.2020 00:09",
            "open": "19.5841",
            "high": "19.5841",
            "low": "19.5738",
            "close": "19.5055"
        },
        {
            "time": "09.11.2020 00:13",
            "open": "19.5055",
            "high": "19.5055",
            "low": "19.5054",
            "close": "19.5054"
        },
        {
            "time": "09.11.2020 00:51",
            "open": "19.5054",
            "high": "19.5054",
            "low": "19.5054",
            "close": "19.464"
        },
        {
            "time": "09.11.2020 01:20",
            "open": "19.464",
            "high": "19.464",
            "low": "19.464",
            "close": "19.4516"
        },
        {
            "time": "09.11.2020 01:51",
            "open": "19.4516",
            "high": "19.4516",
            "low": "19.4516",
            "close": "19.5085"
        },
        {
            "time": "09.11.2020 02:19",
            "open": "19.5085",
            "high": "19.5085",
            "low": "19.5085",
            "close": "19.511"
        },
        {
            "time": "09.11.2020 02:20",
            "open": "19.511",
            "high": "19.5118",
            "low": "19.511",
            "close": "19.431"
        },
        {
            "time": "09.11.2020 02:21",
            "open": "19.431",
            "high": "19.431",
            "low": "19.3664",
            "close": "19.4337"
        },
        {
            "time": "09.11.2020 02:47",
            "open": "19.4337",
            "high": "19.4337",
            "low": "19.4337",
            "close": "19.3219"
        },
        {
            "time": "09.11.2020 02:55",
            "open": "19.3219",
            "high": "19.3219",
            "low": "19.3219",
            "close": "19.279"
        },
        {
            "time": "09.11.2020 03:03",
            "open": "19.279",
            "high": "19.279",
            "low": "19.2595",
            "close": "19.3002"
        },
        {
            "time": "09.11.2020 03:14",
            "open": "19.3002",
            "high": "19.3002",
            "low": "19.3002",
            "close": "19.3"
        },
        {
            "time": "09.11.2020 03:21",
            "open": "19.3",
            "high": "19.3",
            "low": "19.2522",
            "close": "19.2237"
        },
        {
            "time": "09.11.2020 03:25",
            "open": "19.2237",
            "high": "19.2237",
            "low": "19.2237",
            "close": "19.2699"
        },
        {
            "time": "09.11.2020 03:28",
            "open": "19.2699",
            "high": "19.2699",
            "low": "19.2699",
            "close": "19.3747"
        },
        {
            "time": "09.11.2020 03:55",
            "open": "19.3747",
            "high": "19.375",
            "low": "19.3747",
            "close": "19.2141"
        },
        {
            "time": "09.11.2020 03:56",
            "open": "19.2141",
            "high": "19.2141",
            "low": "19.2138",
            "close": "19.3421"
        },
        {
            "time": "09.11.2020 04:23",
            "open": "19.3421",
            "high": "19.3421",
            "low": "19.3421",
            "close": "19.3228"
        },
        {
            "time": "09.11.2020 04:32",
            "open": "19.3228",
            "high": "19.3228",
            "low": "19.3228",
            "close": "19.4194"
        },
        {
            "time": "09.11.2020 04:53",
            "open": "19.4194",
            "high": "19.4194",
            "low": "19.4194",
            "close": "19.3533"
        },
        {
            "time": "09.11.2020 05:16",
            "open": "19.3533",
            "high": "19.3534",
            "low": "19.3533",
            "close": "19.3543"
        },
        {
            "time": "09.11.2020 05:41",
            "open": "19.3543",
            "high": "19.3546",
            "low": "19.3543",
            "close": "19.3546"
        },
        {
            "time": "09.11.2020 06:11",
            "open": "19.3546",
            "high": "19.3546",
            "low": "19.3546",
            "close": "19.3727"
        },
        {
            "time": "09.11.2020 06:16",
            "open": "19.3727",
            "high": "19.3727",
            "low": "19.3727",
            "close": "19.3728"
        },
        {
            "time": "09.11.2020 06:19",
            "open": "19.3728",
            "high": "19.3728",
            "low": "19.3728",
            "close": "19.4987"
        },
        {
            "time": "09.11.2020 06:49",
            "open": "19.4987",
            "high": "19.4987",
            "low": "19.4987",
            "close": "19.355"
        },
        {
            "time": "09.11.2020 07:26",
            "open": "19.355",
            "high": "19.355",
            "low": "19.355",
            "close": "19.4536"
        },
        {
            "time": "09.11.2020 08:07",
            "open": "19.4536",
            "high": "19.4536",
            "low": "19.4536",
            "close": "19.4582"
        },
        {
            "time": "09.11.2020 08:17",
            "open": "19.4582",
            "high": "19.4663",
            "low": "19.4582",
            "close": "19.4582"
        },
        {
            "time": "09.11.2020 08:18",
            "open": "19.4582",
            "high": "19.4582",
            "low": "19.4582",
            "close": "19.4687"
        },
        {
            "time": "09.11.2020 08:24",
            "open": "19.4687",
            "high": "19.4796",
            "low": "19.4687",
            "close": "19.47"
        },
        {
            "time": "09.11.2020 08:25",
            "open": "19.47",
            "high": "19.47",
            "low": "19.47",
            "close": "19.47"
        },
        {
            "time": "09.11.2020 08:26",
            "open": "19.47",
            "high": "19.4883",
            "low": "19.47",
            "close": "19.47"
        },
        {
            "time": "09.11.2020 08:27",
            "open": "19.47",
            "high": "19.4763",
            "low": "19.47",
            "close": "19.47"
        },
        {
            "time": "09.11.2020 08:28",
            "open": "19.47",
            "high": "19.47",
            "low": "19.47",
            "close": "19.4369"
        },
        {
            "time": "09.11.2020 08:39",
            "open": "19.4369",
            "high": "19.4369",
            "low": "19.4369",
            "close": "19.4999"
        },
        {
            "time": "09.11.2020 08:42",
            "open": "19.4999",
            "high": "19.4999",
            "low": "19.4999",
            "close": "19.4999"
        },
        {
            "time": "09.11.2020 08:53",
            "open": "19.4999",
            "high": "19.4999",
            "low": "19.4999",
            "close": "19.43"
        },
        {
            "time": "09.11.2020 09:07",
            "open": "19.43",
            "high": "19.43",
            "low": "19.43",
            "close": "19.4423"
        },
        {
            "time": "09.11.2020 09:14",
            "open": "19.4423",
            "high": "19.4423",
            "low": "19.4423",
            "close": "19.3932"
        },
        {
            "time": "09.11.2020 09:18",
            "open": "19.3932",
            "high": "19.437",
            "low": "19.3932",
            "close": "19.355"
        },
        {
            "time": "09.11.2020 09:20",
            "open": "19.355",
            "high": "19.355",
            "low": "19.355",
            "close": "19.214"
        },
        {
            "time": "09.11.2020 09:28",
            "open": "19.214",
            "high": "19.214",
            "low": "19.18",
            "close": "19.1354"
        },
        {
            "time": "09.11.2020 09:29",
            "open": "19.1354",
            "high": "19.1354",
            "low": "19.128",
            "close": "19.128"
        },
        {
            "time": "09.11.2020 09:30",
            "open": "19.128",
            "high": "19.1325",
            "low": "19.128",
            "close": "19.1895"
        },
        {
            "time": "09.11.2020 09:39",
            "open": "19.1895",
            "high": "19.1895",
            "low": "19.1895",
            "close": "19.3887"
        },
        {
            "time": "09.11.2020 09:46",
            "open": "19.3887",
            "high": "19.3887",
            "low": "19.3887",
            "close": "19.4515"
        },
        {
            "time": "09.11.2020 09:49",
            "open": "19.4515",
            "high": "19.4515",
            "low": "19.4515",
            "close": "19.5144"
        },
        {
            "time": "09.11.2020 09:56",
            "open": "19.5144",
            "high": "19.5144",
            "low": "19.5144",
            "close": "19.5724"
        },
        {
            "time": "09.11.2020 10:00",
            "open": "19.5724",
            "high": "19.5727",
            "low": "19.5724",
            "close": "19.5417"
        },
        {
            "time": "09.11.2020 10:03",
            "open": "19.5417",
            "high": "19.5417",
            "low": "19.5417",
            "close": "19.5584"
        },
        {
            "time": "09.11.2020 10:21",
            "open": "19.5584",
            "high": "19.5584",
            "low": "19.5584",
            "close": "19.5769"
        },
        {
            "time": "09.11.2020 10:23",
            "open": "19.5769",
            "high": "19.5769",
            "low": "19.5769",
            "close": "19.5168"
        },
        {
            "time": "09.11.2020 10:25",
            "open": "19.5168",
            "high": "19.5168",
            "low": "19.5168",
            "close": "19.5711"
        },
        {
            "time": "09.11.2020 10:28",
            "open": "19.5711",
            "high": "19.5712",
            "low": "19.5156",
            "close": "19.5633"
        },
        {
            "time": "09.11.2020 10:29",
            "open": "19.5633",
            "high": "19.5633",
            "low": "19.5633",
            "close": "19.5144"
        },
        {
            "time": "09.11.2020 10:30",
            "open": "19.5144",
            "high": "19.5531",
            "low": "19.5144",
            "close": "19.5561"
        },
        {
            "time": "09.11.2020 10:36",
            "open": "19.5561",
            "high": "19.5561",
            "low": "19.5561",
            "close": "19.514"
        },
        {
            "time": "09.11.2020 10:44",
            "open": "19.514",
            "high": "19.514",
            "low": "19.514",
            "close": "19.4118"
        },
        {
            "time": "09.11.2020 10:50",
            "open": "19.4118",
            "high": "19.4118",
            "low": "19.4118",
            "close": "19.5355"
        },
        {
            "time": "09.11.2020 10:58",
            "open": "19.5355",
            "high": "19.5355",
            "low": "19.5355",
            "close": "19.5381"
        },
        {
            "time": "09.11.2020 11:15",
            "open": "19.5381",
            "high": "19.5381",
            "low": "19.5381",
            "close": "19.5606"
        },
        {
            "time": "09.11.2020 11:37",
            "open": "19.5606",
            "high": "19.6211",
            "low": "19.5606",
            "close": "19.582"
        },
        {
            "time": "09.11.2020 11:45",
            "open": "19.582",
            "high": "19.582",
            "low": "19.582",
            "close": "19.5327"
        },
        {
            "time": "09.11.2020 11:49",
            "open": "19.5327",
            "high": "19.5327",
            "low": "19.5125",
            "close": "19.5297"
        },
        {
            "time": "09.11.2020 11:50",
            "open": "19.5297",
            "high": "19.5297",
            "low": "19.5028",
            "close": "19.5798"
        },
        {
            "time": "09.11.2020 11:51",
            "open": "19.5798",
            "high": "19.5798",
            "low": "19.5798",
            "close": "19.54"
        },
        {
            "time": "09.11.2020 12:01",
            "open": "19.54",
            "high": "19.54",
            "low": "19.54",
            "close": "19.5657"
        },
        {
            "time": "09.11.2020 12:05",
            "open": "19.5657",
            "high": "19.5657",
            "low": "19.5657",
            "close": "19.5966"
        },
        {
            "time": "09.11.2020 12:06",
            "open": "19.5966",
            "high": "19.5966",
            "low": "19.5966",
            "close": "19.6314"
        },
        {
            "time": "09.11.2020 12:09",
            "open": "19.6314",
            "high": "19.8411",
            "low": "19.6314",
            "close": "19.6788"
        },
        {
            "time": "09.11.2020 12:13",
            "open": "19.6788",
            "high": "19.6788",
            "low": "19.6788",
            "close": "19.6754"
        },
        {
            "time": "09.11.2020 12:18",
            "open": "19.6754",
            "high": "19.6754",
            "low": "19.6754",
            "close": "19.6824"
        },
        {
            "time": "09.11.2020 12:21",
            "open": "19.6824",
            "high": "19.6824",
            "low": "19.6824",
            "close": "19.6849"
        },
        {
            "time": "09.11.2020 12:28",
            "open": "19.6849",
            "high": "19.6849",
            "low": "19.6849",
            "close": "19.6427"
        },
        {
            "time": "09.11.2020 12:32",
            "open": "19.6427",
            "high": "19.6427",
            "low": "19.6427",
            "close": "19.6427"
        },
        {
            "time": "09.11.2020 12:35",
            "open": "19.6427",
            "high": "19.6427",
            "low": "19.6427",
            "close": "19.7171"
        },
        {
            "time": "09.11.2020 12:45",
            "open": "19.7171",
            "high": "19.7171",
            "low": "19.7171",
            "close": "19.6865"
        },
        {
            "time": "09.11.2020 12:50",
            "open": "19.6865",
            "high": "19.6865",
            "low": "19.6865",
            "close": "19.6863"
        },
        {
            "time": "09.11.2020 12:59",
            "open": "19.6863",
            "high": "19.85",
            "low": "19.6863",
            "close": "19.6428"
        },
        {
            "time": "09.11.2020 13:05",
            "open": "19.6428",
            "high": "19.6428",
            "low": "19.6078",
            "close": "19.6"
        },
        {
            "time": "09.11.2020 13:11",
            "open": "19.6",
            "high": "19.6",
            "low": "19.5102",
            "close": "19.51"
        },
        {
            "time": "09.11.2020 13:12",
            "open": "19.51",
            "high": "19.51",
            "low": "19.51",
            "close": "19.5465"
        },
        {
            "time": "09.11.2020 13:13",
            "open": "19.5465",
            "high": "19.5465",
            "low": "19.5465",
            "close": "19.5665"
        },
        {
            "time": "09.11.2020 13:14",
            "open": "19.5665",
            "high": "19.5811",
            "low": "19.5665",
            "close": "19.6928"
        },
        {
            "time": "09.11.2020 13:21",
            "open": "19.6928",
            "high": "19.6928",
            "low": "19.6928",
            "close": "19.6988"
        },
        {
            "time": "09.11.2020 13:30",
            "open": "19.6988",
            "high": "19.6988",
            "low": "19.6988",
            "close": "19.5201"
        },
        {
            "time": "09.11.2020 13:44",
            "open": "19.5201",
            "high": "19.548",
            "low": "19.5201",
            "close": "19.51"
        },
        {
            "time": "09.11.2020 13:51",
            "open": "19.51",
            "high": "19.51",
            "low": "19.51",
            "close": "19.4472"
        },
        {
            "time": "09.11.2020 13:53",
            "open": "19.4472",
            "high": "19.4472",
            "low": "19.4444",
            "close": "19.3845"
        },
        {
            "time": "09.11.2020 13:54",
            "open": "19.3845",
            "high": "19.3845",
            "low": "19.3649",
            "close": "19.3219"
        },
        {
            "time": "09.11.2020 14:11",
            "open": "19.3219",
            "high": "19.3219",
            "low": "19.2595",
            "close": "19.1974"
        },
        {
            "time": "09.11.2020 14:14",
            "open": "19.1974",
            "high": "19.3",
            "low": "19.1784",
            "close": "19.1519"
        },
        {
            "time": "09.11.2020 14:17",
            "open": "19.1519",
            "high": "19.1519",
            "low": "19.1519",
            "close": "19.1354"
        },
        {
            "time": "09.11.2020 14:18",
            "open": "19.1354",
            "high": "19.173",
            "low": "19.1281",
            "close": "19.2911"
        },
        {
            "time": "09.11.2020 14:19",
            "open": "19.2911",
            "high": "19.2911",
            "low": "19.2911",
            "close": "19.3035"
        },
        {
            "time": "09.11.2020 14:22",
            "open": "19.3035",
            "high": "19.3035",
            "low": "19.3035",
            "close": "19.1171"
        },
        {
            "time": "09.11.2020 14:28",
            "open": "19.1171",
            "high": "19.1171",
            "low": "19.1171",
            "close": "19.1803"
        },
        {
            "time": "09.11.2020 14:30",
            "open": "19.1803",
            "high": "19.1885",
            "low": "19.1803",
            "close": "19.164"
        },
        {
            "time": "09.11.2020 14:40",
            "open": "19.164",
            "high": "19.164",
            "low": "19.1481",
            "close": "19.1035"
        },
        {
            "time": "09.11.2020 14:41",
            "open": "19.1035",
            "high": "19.1035",
            "low": "19.1",
            "close": "19.0892"
        },
        {
            "time": "09.11.2020 14:46",
            "open": "19.0892",
            "high": "19.0892",
            "low": "19.0892",
            "close": "19.0963"
        },
        {
            "time": "09.11.2020 14:47",
            "open": "19.0963",
            "high": "19.0963",
            "low": "19.0963",
            "close": "19.1488"
        },
        {
            "time": "09.11.2020 14:48",
            "open": "19.1488",
            "high": "19.1914",
            "low": "19.1488",
            "close": "19.1803"
        },
        {
            "time": "09.11.2020 14:49",
            "open": "19.1803",
            "high": "19.1803",
            "low": "19.1803",
            "close": "19.1591"
        },
        {
            "time": "09.11.2020 14:50",
            "open": "19.1591",
            "high": "19.1737",
            "low": "19.1591",
            "close": "19.1286"
        },
        {
            "time": "09.11.2020 14:51",
            "open": "19.1286",
            "high": "19.1286",
            "low": "19.1214",
            "close": "19.2121"
        },
        {
            "time": "09.11.2020 14:55",
            "open": "19.2121",
            "high": "19.2164",
            "low": "19.2121",
            "close": "19.2774"
        },
        {
            "time": "09.11.2020 14:57",
            "open": "19.2774",
            "high": "19.3171",
            "low": "19.2774",
            "close": "19.244"
        },
        {
            "time": "09.11.2020 15:03",
            "open": "19.244",
            "high": "19.244",
            "low": "19.244",
            "close": "19.2241"
        },
        {
            "time": "09.11.2020 15:04",
            "open": "19.2241",
            "high": "19.2242",
            "low": "19.2241",
            "close": "19.0891"
        },
        {
            "time": "09.11.2020 15:13",
            "open": "19.0891",
            "high": "19.0891",
            "low": "19",
            "close": "19.0002"
        },
        {
            "time": "09.11.2020 15:14",
            "open": "19.0002",
            "high": "19.0002",
            "low": "19.0001",
            "close": "19.0173"
        },
        {
            "time": "09.11.2020 15:15",
            "open": "19.0173",
            "high": "19.0175",
            "low": "19.0173",
            "close": "19.0271"
        },
        {
            "time": "09.11.2020 15:16",
            "open": "19.0271",
            "high": "19.0273",
            "low": "19.0271",
            "close": "19.0508"
        },
        {
            "time": "09.11.2020 15:17",
            "open": "19.0508",
            "high": "19.1603",
            "low": "19.0508",
            "close": "19.1249"
        },
        {
            "time": "09.11.2020 15:18",
            "open": "19.1249",
            "high": "19.1579",
            "low": "19.1249",
            "close": "19.0185"
        },
        {
            "time": "09.11.2020 15:21",
            "open": "19.0185",
            "high": "19.0185",
            "low": "19",
            "close": "19.0318"
        },
        {
            "time": "09.11.2020 15:22",
            "open": "19.0318",
            "high": "19.0318",
            "low": "19.0318",
            "close": "19"
        },
        {
            "time": "09.11.2020 15:23",
            "open": "19",
            "high": "19",
            "low": "19",
            "close": "19.0754"
        },
        {
            "time": "09.11.2020 15:28",
            "open": "19.0754",
            "high": "19.0827",
            "low": "19.0754",
            "close": "19.0865"
        },
        {
            "time": "09.11.2020 15:29",
            "open": "19.0865",
            "high": "19.1365",
            "low": "19.0865",
            "close": "19.0709"
        },
        {
            "time": "09.11.2020 15:30",
            "open": "19.0709",
            "high": "19.0709",
            "low": "19.0709",
            "close": "19.089"
        },
        {
            "time": "09.11.2020 15:31",
            "open": "19.089",
            "high": "19.089",
            "low": "19.089",
            "close": "19.1082"
        },
        {
            "time": "09.11.2020 15:32",
            "open": "19.1082",
            "high": "19.1445",
            "low": "19.1082",
            "close": "19.2516"
        },
        {
            "time": "09.11.2020 15:36",
            "open": "19.2516",
            "high": "19.2617",
            "low": "19.2516",
            "close": "19.2804"
        },
        {
            "time": "09.11.2020 15:53",
            "open": "19.2804",
            "high": "19.2884",
            "low": "19.2135",
            "close": "19.3844"
        },
        {
            "time": "09.11.2020 15:54",
            "open": "19.3844",
            "high": "19.3844",
            "low": "19.3844",
            "close": "19.4047"
        },
        {
            "time": "09.11.2020 15:55",
            "open": "19.4047",
            "high": "19.4047",
            "low": "19.4047",
            "close": "19.2317"
        },
        {
            "time": "09.11.2020 16:02",
            "open": "19.2317",
            "high": "19.233",
            "low": "19.2317",
            "close": "19.1841"
        },
        {
            "time": "09.11.2020 16:07",
            "open": "19.1841",
            "high": "19.185",
            "low": "19.1841",
            "close": "19.246"
        },
        {
            "time": "09.11.2020 16:09",
            "open": "19.246",
            "high": "19.246",
            "low": "19.246",
            "close": "19.1481"
        },
        {
            "time": "09.11.2020 16:10",
            "open": "19.1481",
            "high": "19.1481",
            "low": "19.1481",
            "close": "19.2469"
        },
        {
            "time": "09.11.2020 16:11",
            "open": "19.2469",
            "high": "19.2469",
            "low": "19.2325",
            "close": "19.0988"
        },
        {
            "time": "09.11.2020 16:20",
            "open": "19.0988",
            "high": "19.0988",
            "low": "19.097",
            "close": "19.391"
        },
        {
            "time": "09.11.2020 16:34",
            "open": "19.391",
            "high": "19.391",
            "low": "19.3876",
            "close": "19.4078"
        },
        {
            "time": "09.11.2020 16:37",
            "open": "19.4078",
            "high": "19.4078",
            "low": "19.3771",
            "close": "19.2279"
        },
        {
            "time": "09.11.2020 16:38",
            "open": "19.2279",
            "high": "19.2279",
            "low": "19.2279",
            "close": "19.1896"
        },
        {
            "time": "09.11.2020 16:39",
            "open": "19.1896",
            "high": "19.1996",
            "low": "19.1896",
            "close": "19.2082"
        },
        {
            "time": "09.11.2020 16:40",
            "open": "19.2082",
            "high": "19.2082",
            "low": "19.2082",
            "close": "19.2852"
        },
        {
            "time": "09.11.2020 16:41",
            "open": "19.2776",
            "high": "19.2776",
            "low": "19.2776",
            "close": "19.2807"
        },
        {
            "time": "09.11.2020 16:42",
            "open": "19.2807",
            "high": "19.2807",
            "low": "19.2807",
            "close": "19.2245"
        },
        {
            "time": "09.11.2020 16:43",
            "open": "19.2245",
            "high": "19.2303",
            "low": "19.2245",
            "close": "19.1871"
        },
        {
            "time": "09.11.2020 16:51",
            "open": "19.1871",
            "high": "19.1908",
            "low": "19.1871",
            "close": "19.2035"
        },
        {
            "time": "09.11.2020 16:52",
            "open": "19.2035",
            "high": "19.2279",
            "low": "19.2014",
            "close": "19.2177"
        },
        {
            "time": "09.11.2020 16:54",
            "open": "19.2177",
            "high": "19.2239",
            "low": "19.1988",
            "close": "19.2909"
        },
        {
            "time": "09.11.2020 17:04",
            "open": "19.2909",
            "high": "19.2909",
            "low": "19.2909",
            "close": "19.3253"
        },
        {
            "time": "09.11.2020 17:05",
            "open": "19.3253",
            "high": "19.3253",
            "low": "19.0172",
            "close": "19.0163"
        },
        {
            "time": "09.11.2020 17:06",
            "open": "19.0163",
            "high": "19.0555",
            "low": "18.6674",
            "close": "19.1115"
        },
        {
            "time": "09.11.2020 17:07",
            "open": "19.1115",
            "high": "19.1115",
            "low": "19.0471",
            "close": "19.1289"
        },
        {
            "time": "09.11.2020 17:10",
            "open": "19.1289",
            "high": "19.1289",
            "low": "19.1255",
            "close": "19.1084"
        },
        {
            "time": "09.11.2020 17:12",
            "open": "19.1084",
            "high": "19.1084",
            "low": "19.1084",
            "close": "19.1058"
        },
        {
            "time": "09.11.2020 17:13",
            "open": "19.1058",
            "high": "19.1058",
            "low": "19.1058",
            "close": "19.0972"
        },
        {
            "time": "09.11.2020 17:14",
            "open": "19.0972",
            "high": "19.0972",
            "low": "19.0824",
            "close": "19.0847"
        },
        {
            "time": "09.11.2020 17:18",
            "open": "19.0847",
            "high": "19.0879",
            "low": "19.0847",
            "close": "19.1189"
        },
        {
            "time": "09.11.2020 17:21",
            "open": "19.1189",
            "high": "19.1527",
            "low": "19.1189",
            "close": "19.1281"
        },
        {
            "time": "09.11.2020 17:24",
            "open": "19.1281",
            "high": "19.1527",
            "low": "19.1281",
            "close": "19.15"
        },
        {
            "time": "09.11.2020 17:25",
            "open": "19.15",
            "high": "19.15",
            "low": "19.15",
            "close": "19.133"
        },
        {
            "time": "09.11.2020 17:26",
            "open": "19.133",
            "high": "19.1375",
            "low": "19.133",
            "close": "19.0893"
        },
        {
            "time": "09.11.2020 17:29",
            "open": "19.0893",
            "high": "19.0893",
            "low": "19.0893",
            "close": "19.0889"
        },
        {
            "time": "09.11.2020 17:31",
            "open": "19.0889",
            "high": "19.0889",
            "low": "19.0889",
            "close": "19.1524"
        },
        {
            "time": "09.11.2020 17:32",
            "open": "19.1524",
            "high": "19.1529",
            "low": "19.1524",
            "close": "19.1533"
        },
        {
            "time": "09.11.2020 17:33",
            "open": "19.1533",
            "high": "19.1533",
            "low": "19.1345",
            "close": "19.1359"
        },
        {
            "time": "09.11.2020 17:34",
            "open": "19.1359",
            "high": "19.1595",
            "low": "19.1359",
            "close": "19.1602"
        },
        {
            "time": "09.11.2020 17:35",
            "open": "19.1602",
            "high": "19.1602",
            "low": "19.1602",
            "close": "19.1854"
        },
        {
            "time": "09.11.2020 17:37",
            "open": "19.1854",
            "high": "19.1914",
            "low": "19.177",
            "close": "19.1649"
        },
        {
            "time": "09.11.2020 17:38",
            "open": "19.1649",
            "high": "19.1901",
            "low": "19.1649",
            "close": "19.1651"
        },
        {
            "time": "09.11.2020 17:51",
            "open": "19.1651",
            "high": "19.1651",
            "low": "19.1651",
            "close": "19.1545"
        },
        {
            "time": "09.11.2020 18:01",
            "open": "19.1545",
            "high": "19.1545",
            "low": "19.1545",
            "close": "19.1669"
        },
        {
            "time": "09.11.2020 18:06",
            "open": "19.1669",
            "high": "19.1669",
            "low": "19.1669",
            "close": "19.1779"
        },
        {
            "time": "09.11.2020 18:07",
            "open": "19.1779",
            "high": "19.1779",
            "low": "19.1687",
            "close": "19.1668"
        },
        {
            "time": "09.11.2020 18:08",
            "open": "19.1668",
            "high": "19.1668",
            "low": "19.1668",
            "close": "19.1675"
        },
        {
            "time": "09.11.2020 18:16",
            "open": "19.1675",
            "high": "19.1675",
            "low": "19.1675",
            "close": "19.2326"
        },
        {
            "time": "09.11.2020 18:29",
            "open": "19.2326",
            "high": "19.2326",
            "low": "19.2233",
            "close": "19.271"
        },
        {
            "time": "09.11.2020 18:34",
            "open": "19.271",
            "high": "19.271",
            "low": "19.271",
            "close": "19.271"
        },
        {
            "time": "09.11.2020 18:35",
            "open": "19.271",
            "high": "19.271",
            "low": "19.271",
            "close": "19.2498"
        },
        {
            "time": "09.11.2020 18:38",
            "open": "19.2498",
            "high": "19.2498",
            "low": "19.2498",
            "close": "19.252"
        },
        {
            "time": "09.11.2020 18:39",
            "open": "19.252",
            "high": "19.259",
            "low": "19.252",
            "close": "19.2783"
        },
        {
            "time": "09.11.2020 18:40",
            "open": "19.2783",
            "high": "19.31",
            "low": "19.2783",
            "close": "19.2593"
        },
        {
            "time": "09.11.2020 18:44",
            "open": "19.2593",
            "high": "19.2593",
            "low": "19.2593",
            "close": "19.289"
        },
        {
            "time": "09.11.2020 18:59",
            "open": "19.289",
            "high": "19.289",
            "low": "19.289",
            "close": "19.3649"
        },
        {
            "time": "09.11.2020 19:17",
            "open": "19.3649",
            "high": "19.4",
            "low": "19.3649",
            "close": "19.4"
        },
        {
            "time": "09.11.2020 19:24",
            "open": "19.4",
            "high": "19.4",
            "low": "19.4",
            "close": "19.4"
        },
        {
            "time": "09.11.2020 19:40",
            "open": "19.4",
            "high": "19.4",
            "low": "19.4",
            "close": "19.404"
        },
        {
            "time": "09.11.2020 19:41",
            "open": "19.404",
            "high": "19.8",
            "low": "19.404",
            "close": "19.5355"
        },
        {
            "time": "09.11.2020 19:42",
            "open": "19.5355",
            "high": "19.5366",
            "low": "19.535",
            "close": "19.5403"
        },
        {
            "time": "09.11.2020 19:43",
            "open": "19.5403",
            "high": "19.5403",
            "low": "19.5235",
            "close": "19.5733"
        },
        {
            "time": "09.11.2020 19:46",
            "open": "19.5733",
            "high": "19.5733",
            "low": "19.5733",
            "close": "19.587"
        },
        {
            "time": "09.11.2020 19:47",
            "open": "19.587",
            "high": "19.587",
            "low": "19.587",
            "close": "19.5306"
        },
        {
            "time": "09.11.2020 19:52",
            "open": "19.5306",
            "high": "19.5306",
            "low": "19.5306",
            "close": "19.5725"
        },
        {
            "time": "09.11.2020 19:58",
            "open": "19.5725",
            "high": "19.5725",
            "low": "19.5725",
            "close": "19.6004"
        },
        {
            "time": "09.11.2020 19:59",
            "open": "19.5971",
            "high": "19.5971",
            "low": "19.5971",
            "close": "19.6333"
        },
        {
            "time": "09.11.2020 20:09",
            "open": "19.6333",
            "high": "19.6334",
            "low": "19.5586",
            "close": "19.5304"
        },
        {
            "time": "09.11.2020 20:15",
            "open": "19.5304",
            "high": "19.5304",
            "low": "19.5304",
            "close": "19.5608"
        },
        {
            "time": "09.11.2020 20:24",
            "open": "19.5608",
            "high": "19.5608",
            "low": "19.5608",
            "close": "19.4665"
        },
        {
            "time": "09.11.2020 20:35",
            "open": "19.4665",
            "high": "19.4665",
            "low": "19.4479",
            "close": "19.4617"
        },
        {
            "time": "09.11.2020 20:38",
            "open": "19.4617",
            "high": "19.4617",
            "low": "19.4617",
            "close": "19.4183"
        },
        {
            "time": "09.11.2020 20:55",
            "open": "19.4183",
            "high": "19.4183",
            "low": "19.4183",
            "close": "19.5126"
        },
        {
            "time": "09.11.2020 21:07",
            "open": "19.5126",
            "high": "19.5126",
            "low": "19.5126",
            "close": "19.4631"
        },
        {
            "time": "09.11.2020 21:28",
            "open": "19.4631",
            "high": "19.4631",
            "low": "19.4631",
            "close": "19.4635"
        },
        {
            "time": "09.11.2020 21:29",
            "open": "19.4635",
            "high": "19.4649",
            "low": "19.4635",
            "close": "19.5126"
        },
        {
            "time": "09.11.2020 21:30",
            "open": "19.5126",
            "high": "19.5126",
            "low": "19.5126",
            "close": "19.634"
        },
        {
            "time": "09.11.2020 22:08",
            "open": "19.634",
            "high": "19.6342",
            "low": "19.634",
            "close": "19.6337"
        },
        {
            "time": "09.11.2020 22:10",
            "open": "19.6337",
            "high": "19.6337",
            "low": "19.6337",
            "close": "19.5994"
        },
        {
            "time": "09.11.2020 22:19",
            "open": "19.5994",
            "high": "19.6483",
            "low": "19.5994",
            "close": "19.5963"
        },
        {
            "time": "09.11.2020 22:21",
            "open": "19.5963",
            "high": "19.5963",
            "low": "19.5963",
            "close": "19.6542"
        },
        {
            "time": "09.11.2020 22:22",
            "open": "19.6542",
            "high": "19.6542",
            "low": "19.6542",
            "close": "19.6011"
        },
        {
            "time": "09.11.2020 22:23",
            "open": "19.6011",
            "high": "19.6584",
            "low": "19.6011",
            "close": "19.659"
        },
        {
            "time": "09.11.2020 22:24",
            "open": "19.659",
            "high": "19.6622",
            "low": "19.6087",
            "close": "19.5955"
        },
        {
            "time": "09.11.2020 22:25",
            "open": "19.5955",
            "high": "19.6617",
            "low": "19.5955",
            "close": "19.6143"
        },
        {
            "time": "09.11.2020 22:28",
            "open": "19.6143",
            "high": "19.6557",
            "low": "19.6143",
            "close": "19.6271"
        },
        {
            "time": "09.11.2020 22:30",
            "open": "19.6271",
            "high": "19.6271",
            "low": "19.6271",
            "close": "19.6737"
        },
        {
            "time": "09.11.2020 22:31",
            "open": "19.6737",
            "high": "19.6753",
            "low": "19.6715",
            "close": "19.6216"
        },
        {
            "time": "09.11.2020 22:32",
            "open": "19.6216",
            "high": "19.6216",
            "low": "19.6216",
            "close": "19.6863"
        },
        {
            "time": "09.11.2020 22:33",
            "open": "19.6863",
            "high": "19.6863",
            "low": "19.6863",
            "close": "19.7268"
        },
        {
            "time": "09.11.2020 22:34",
            "open": "19.7268",
            "high": "19.7268",
            "low": "19.7268",
            "close": "19.7744"
        },
        {
            "time": "09.11.2020 22:48",
            "open": "19.7744",
            "high": "19.7877",
            "low": "19.7744",
            "close": "19.7887"
        },
        {
            "time": "09.11.2020 22:49",
            "open": "19.7887",
            "high": "20",
            "low": "19.7887",
            "close": "20"
        },
        {
            "time": "09.11.2020 22:50",
            "open": "20",
            "high": "20.1801",
            "low": "20",
            "close": "19.9657"
        },
        {
            "time": "09.11.2020 22:51",
            "open": "19.9657",
            "high": "20.1489",
            "low": "19.9657",
            "close": "20.1787"
        },
        {
            "time": "09.11.2020 22:52",
            "open": "20.1787",
            "high": "20.5749",
            "low": "20.1731",
            "close": "20.5794"
        },
        {
            "time": "09.11.2020 22:53",
            "open": "20.5794",
            "high": "20.6585",
            "low": "20.0309",
            "close": "20.238"
        },
        {
            "time": "09.11.2020 22:54",
            "open": "20.238",
            "high": "20.4513",
            "low": "20.2378",
            "close": "20.5202"
        },
        {
            "time": "09.11.2020 22:55",
            "open": "20.5202",
            "high": "20.6333",
            "low": "20.5202",
            "close": "20.5779"
        },
        {
            "time": "09.11.2020 22:56",
            "open": "20.5779",
            "high": "20.5779",
            "low": "20.4851",
            "close": "20.4851"
        },
        {
            "time": "09.11.2020 22:57",
            "open": "20.4851",
            "high": "20.4851",
            "low": "20.3071",
            "close": "20.3261"
        },
        {
            "time": "09.11.2020 22:59",
            "open": "20.3261",
            "high": "20.4548",
            "low": "20.3261",
            "close": "20.4374"
        },
        {
            "time": "09.11.2020 23:00",
            "open": "20.4374",
            "high": "20.6593",
            "low": "20.4357",
            "close": "20.683"
        },
        {
            "time": "09.11.2020 23:01",
            "open": "20.683",
            "high": "20.72",
            "low": "20.683",
            "close": "20.7231"
        },
        {
            "time": "09.11.2020 23:02",
            "open": "20.7231",
            "high": "20.7476",
            "low": "20.7231",
            "close": "20.6927"
        },
        {
            "time": "09.11.2020 23:03",
            "open": "20.6927",
            "high": "20.7012",
            "low": "20.6927",
            "close": "20.7547"
        },
        {
            "time": "09.11.2020 23:04",
            "open": "20.7547",
            "high": "20.7655",
            "low": "20.7439",
            "close": "20.7571"
        },
        {
            "time": "09.11.2020 23:05",
            "open": "20.7571",
            "high": "20.7571",
            "low": "20.662",
            "close": "20.5077"
        },
        {
            "time": "09.11.2020 23:06",
            "open": "20.5077",
            "high": "20.5077",
            "low": "20.5077",
            "close": "20.5944"
        },
        {
            "time": "09.11.2020 23:07",
            "open": "20.5944",
            "high": "20.5944",
            "low": "20.5944",
            "close": "20.377"
        },
        {
            "time": "09.11.2020 23:09",
            "open": "20.377",
            "high": "20.377",
            "low": "20.2461",
            "close": "20.2445"
        },
        {
            "time": "09.11.2020 23:10",
            "open": "20.2445",
            "high": "20.2445",
            "low": "20.2444",
            "close": "20.1634"
        },
        {
            "time": "09.11.2020 23:11",
            "open": "20.1634",
            "high": "20.1634",
            "low": "20.1634",
            "close": "20.1127"
        },
        {
            "time": "09.11.2020 23:12",
            "open": "20.1127",
            "high": "20.1256",
            "low": "19.9725",
            "close": "20.1256"
        },
        {
            "time": "09.11.2020 23:13",
            "open": "20.1256",
            "high": "20.1256",
            "low": "20.1256",
            "close": "20.0237"
        },
        {
            "time": "09.11.2020 23:18",
            "open": "20.0237",
            "high": "20.0237",
            "low": "20.0237",
            "close": "20.0031"
        },
        {
            "time": "09.11.2020 23:19",
            "open": "20.0031",
            "high": "20.0031",
            "low": "20.0031",
            "close": "19.9635"
        },
        {
            "time": "09.11.2020 23:21",
            "open": "19.9635",
            "high": "19.9635",
            "low": "19.9635",
            "close": "19.9972"
        },
        {
            "time": "09.11.2020 23:22",
            "open": "19.9972",
            "high": "19.9972",
            "low": "19.9972",
            "close": "19.9842"
        },
        {
            "time": "09.11.2020 23:23",
            "open": "19.9842",
            "high": "19.9955",
            "low": "19.9842",
            "close": "20.0399"
        },
        {
            "time": "09.11.2020 23:32",
            "open": "20.0399",
            "high": "20.0399",
            "low": "20.0385",
            "close": "20.0587"
        },
        {
            "time": "09.11.2020 23:40",
            "open": "20.0587",
            "high": "20.0587",
            "low": "20.0587",
            "close": "20.0586"
        },
        {
            "time": "09.11.2020 23:46",
            "open": "20.0586",
            "high": "20.1247",
            "low": "20.0479",
            "close": "20.0908"
        },
        {
            "time": "09.11.2020 23:48",
            "open": "20.0908",
            "high": "20.0908",
            "low": "20.0288",
            "close": "20.1226"
        },
        {
            "time": "09.11.2020 23:49",
            "open": "20.1226",
            "high": "20.1226",
            "low": "20.1226",
            "close": "20.0812"
        },
        {
            "time": "09.11.2020 23:50",
            "open": "20.0812",
            "high": "20.0812",
            "low": "20.0812",
            "close": "19.933"
        },
        {
            "time": "09.11.2020 23:51",
            "open": "19.933",
            "high": "19.9438",
            "low": "19.7474",
            "close": "19.9041"
        },
        {
            "time": "09.11.2020 23:52",
            "open": "19.9041",
            "high": "19.9041",
            "low": "19.8804",
            "close": "19.902"
        },
        {
            "time": "09.11.2020 23:53",
            "open": "19.902",
            "high": "19.9034",
            "low": "19.902",
            "close": "19.8917"
        },
        {
            "time": "09.11.2020 23:54",
            "open": "19.8917",
            "high": "19.896",
            "low": "19.8917",
            "close": "19.9979"
        }
    ]
}