{
    "NMR-EUR": [
        {
            "time": "15.11.2020 23:58",
            "open": "20.0462",
            "high": "20.0672",
            "low": "20.0326",
            "close": "20.0979"
        },
        {
            "time": "16.11.2020 00:16",
            "open": "20.0979",
            "high": "20.0979",
            "low": "20.0979",
            "close": "20.0935"
        },
        {
            "time": "16.11.2020 00:17",
            "open": "20.0935",
            "high": "20.0935",
            "low": "20.0935",
            "close": "20.1889"
        },
        {
            "time": "16.11.2020 00:35",
            "open": "20.1889",
            "high": "20.1889",
            "low": "20.1889",
            "close": "20.24"
        },
        {
            "time": "16.11.2020 00:42",
            "open": "20.24",
            "high": "20.2725",
            "low": "20.24",
            "close": "20.3545"
        },
        {
            "time": "16.11.2020 00:43",
            "open": "20.3545",
            "high": "20.446",
            "low": "20.3545",
            "close": "20.387"
        },
        {
            "time": "16.11.2020 00:46",
            "open": "20.387",
            "high": "20.387",
            "low": "20.387",
            "close": "20.3829"
        },
        {
            "time": "16.11.2020 00:56",
            "open": "20.3829",
            "high": "20.3829",
            "low": "20.3829",
            "close": "20.3189"
        },
        {
            "time": "16.11.2020 01:01",
            "open": "20.3189",
            "high": "20.3189",
            "low": "20.3189",
            "close": "20.4135"
        },
        {
            "time": "16.11.2020 02:17",
            "open": "20.4135",
            "high": "20.495",
            "low": "20.4135",
            "close": "20.4794"
        },
        {
            "time": "16.11.2020 02:19",
            "open": "20.4794",
            "high": "20.4794",
            "low": "20.4794",
            "close": "20.5178"
        },
        {
            "time": "16.11.2020 02:41",
            "open": "20.5178",
            "high": "20.5178",
            "low": "20.5178",
            "close": "20.493"
        },
        {
            "time": "16.11.2020 02:53",
            "open": "20.493",
            "high": "20.5083",
            "low": "20.493",
            "close": "20.4991"
        },
        {
            "time": "16.11.2020 03:30",
            "open": "20.4991",
            "high": "20.4991",
            "low": "20.4894",
            "close": "20.3866"
        },
        {
            "time": "16.11.2020 03:39",
            "open": "20.3866",
            "high": "20.3866",
            "low": "20.3866",
            "close": "20.2697"
        },
        {
            "time": "16.11.2020 03:53",
            "open": "20.2697",
            "high": "20.2697",
            "low": "20.255",
            "close": "20.0736"
        },
        {
            "time": "16.11.2020 04:58",
            "open": "20.0736",
            "high": "20.0736",
            "low": "20.0736",
            "close": "20.0735"
        },
        {
            "time": "16.11.2020 05:18",
            "open": "20.0735",
            "high": "20.0735",
            "low": "20.0735",
            "close": "20.0735"
        },
        {
            "time": "16.11.2020 05:25",
            "open": "20.0735",
            "high": "20.0735",
            "low": "20.0735",
            "close": "20.3948"
        },
        {
            "time": "16.11.2020 06:18",
            "open": "20.3948",
            "high": "20.3948",
            "low": "20.3948",
            "close": "20.4296"
        },
        {
            "time": "16.11.2020 06:19",
            "open": "20.4296",
            "high": "20.4296",
            "low": "20.4296",
            "close": "20.3935"
        },
        {
            "time": "16.11.2020 06:20",
            "open": "20.3935",
            "high": "20.3935",
            "low": "20.3935",
            "close": "20.4125"
        },
        {
            "time": "16.11.2020 06:30",
            "open": "20.4125",
            "high": "20.4125",
            "low": "20.4125",
            "close": "20.4124"
        },
        {
            "time": "16.11.2020 07:21",
            "open": "20.4124",
            "high": "20.4124",
            "low": "20.4124",
            "close": "20.3726"
        },
        {
            "time": "16.11.2020 07:22",
            "open": "20.3726",
            "high": "20.3726",
            "low": "20.3726",
            "close": "20.4125"
        },
        {
            "time": "16.11.2020 07:34",
            "open": "20.4125",
            "high": "20.4125",
            "low": "20.4125",
            "close": "20.4047"
        },
        {
            "time": "16.11.2020 08:07",
            "open": "20.4047",
            "high": "20.4047",
            "low": "20.4047",
            "close": "20.495"
        },
        {
            "time": "16.11.2020 08:10",
            "open": "20.495",
            "high": "20.5179",
            "low": "20.495",
            "close": "20.5749"
        },
        {
            "time": "16.11.2020 08:23",
            "open": "20.5749",
            "high": "20.5749",
            "low": "20.5749",
            "close": "20.615"
        },
        {
            "time": "16.11.2020 08:39",
            "open": "20.615",
            "high": "20.615",
            "low": "20.615",
            "close": "20.6181"
        },
        {
            "time": "16.11.2020 08:52",
            "open": "20.6181",
            "high": "20.6181",
            "low": "20.6181",
            "close": "20.6187"
        },
        {
            "time": "16.11.2020 09:16",
            "open": "20.6187",
            "high": "20.6187",
            "low": "20.6187",
            "close": "20.6075"
        },
        {
            "time": "16.11.2020 09:25",
            "open": "20.6075",
            "high": "20.6075",
            "low": "20.6075",
            "close": "20.5"
        },
        {
            "time": "16.11.2020 09:55",
            "open": "20.5",
            "high": "20.5",
            "low": "20.5",
            "close": "20.4551"
        },
        {
            "time": "16.11.2020 10:16",
            "open": "20.4551",
            "high": "20.4551",
            "low": "20.4551",
            "close": "20.3893"
        },
        {
            "time": "16.11.2020 10:38",
            "open": "20.3893",
            "high": "20.3893",
            "low": "20.3893",
            "close": "20.4482"
        },
        {
            "time": "16.11.2020 10:41",
            "open": "20.499",
            "high": "20.499",
            "low": "20.499",
            "close": "20.5"
        },
        {
            "time": "16.11.2020 11:35",
            "open": "20.5",
            "high": "20.5",
            "low": "20.5",
            "close": "20.5538"
        },
        {
            "time": "16.11.2020 11:38",
            "open": "20.5538",
            "high": "20.6366",
            "low": "20.5537",
            "close": "20.6593"
        },
        {
            "time": "16.11.2020 11:39",
            "open": "20.6593",
            "high": "20.73",
            "low": "20.6593",
            "close": "20.7669"
        },
        {
            "time": "16.11.2020 11:42",
            "open": "20.7669",
            "high": "20.7669",
            "low": "20.7669",
            "close": "20.7975"
        },
        {
            "time": "16.11.2020 11:50",
            "open": "20.7975",
            "high": "20.807",
            "low": "20.7975",
            "close": "20.8093"
        },
        {
            "time": "16.11.2020 11:51",
            "open": "20.8093",
            "high": "20.8093",
            "low": "20.7982",
            "close": "20.85"
        },
        {
            "time": "16.11.2020 11:53",
            "open": "20.85",
            "high": "20.85",
            "low": "20.85",
            "close": "20.848"
        },
        {
            "time": "16.11.2020 12:07",
            "open": "20.848",
            "high": "20.848",
            "low": "20.848",
            "close": "20.8006"
        },
        {
            "time": "16.11.2020 12:16",
            "open": "20.8006",
            "high": "20.8006",
            "low": "20.7306",
            "close": "20.7785"
        },
        {
            "time": "16.11.2020 12:20",
            "open": "20.7785",
            "high": "20.7785",
            "low": "20.7439",
            "close": "20.6785"
        },
        {
            "time": "16.11.2020 12:21",
            "open": "20.6785",
            "high": "20.6785",
            "low": "20.6785",
            "close": "20.6075"
        },
        {
            "time": "16.11.2020 12:49",
            "open": "20.6075",
            "high": "20.6075",
            "low": "20.6075",
            "close": "20.5005"
        },
        {
            "time": "16.11.2020 13:09",
            "open": "20.5005",
            "high": "20.5005",
            "low": "20.5005",
            "close": "20.4886"
        },
        {
            "time": "16.11.2020 13:11",
            "open": "20.4886",
            "high": "20.5029",
            "low": "20.4886",
            "close": "20.4741"
        },
        {
            "time": "16.11.2020 13:13",
            "open": "20.4524",
            "high": "20.4524",
            "low": "20.4524",
            "close": "20.4123"
        },
        {
            "time": "16.11.2020 13:22",
            "open": "20.4123",
            "high": "20.4123",
            "low": "20.4123",
            "close": "20.4813"
        },
        {
            "time": "16.11.2020 13:26",
            "open": "20.4813",
            "high": "20.4813",
            "low": "20.4813",
            "close": "20.5577"
        },
        {
            "time": "16.11.2020 14:04",
            "open": "20.5577",
            "high": "20.5577",
            "low": "20.5577",
            "close": "20.6249"
        },
        {
            "time": "16.11.2020 14:07",
            "open": "20.6249",
            "high": "20.6292",
            "low": "20.6249",
            "close": "20.7568"
        },
        {
            "time": "16.11.2020 14:25",
            "open": "20.7568",
            "high": "20.7568",
            "low": "20.7568",
            "close": "20.7916"
        },
        {
            "time": "16.11.2020 14:34",
            "open": "20.7916",
            "high": "20.7916",
            "low": "20.7916",
            "close": "20.8148"
        },
        {
            "time": "16.11.2020 14:51",
            "open": "20.8148",
            "high": "20.8345",
            "low": "20.8148",
            "close": "20.88"
        },
        {
            "time": "16.11.2020 15:09",
            "open": "20.88",
            "high": "20.9",
            "low": "20.88",
            "close": "20.8762"
        },
        {
            "time": "16.11.2020 15:13",
            "open": "20.8762",
            "high": "20.8762",
            "low": "20.8734",
            "close": "20.8993"
        },
        {
            "time": "16.11.2020 15:21",
            "open": "20.8993",
            "high": "20.9",
            "low": "20.8979",
            "close": "20.9"
        },
        {
            "time": "16.11.2020 15:22",
            "open": "20.9",
            "high": "20.9789",
            "low": "20.9",
            "close": "20.9263"
        },
        {
            "time": "16.11.2020 15:23",
            "open": "20.9263",
            "high": "20.9263",
            "low": "20.914",
            "close": "20.8715"
        },
        {
            "time": "16.11.2020 15:25",
            "open": "20.8715",
            "high": "20.8715",
            "low": "20.8129",
            "close": "20.7409"
        },
        {
            "time": "16.11.2020 15:29",
            "open": "20.7409",
            "high": "20.7409",
            "low": "20.7409",
            "close": "20.6635"
        },
        {
            "time": "16.11.2020 15:35",
            "open": "20.6635",
            "high": "20.6635",
            "low": "20.6171",
            "close": "20.7172"
        },
        {
            "time": "16.11.2020 15:47",
            "open": "20.7172",
            "high": "20.7172",
            "low": "20.7172",
            "close": "20.7429"
        },
        {
            "time": "16.11.2020 15:59",
            "open": "20.7429",
            "high": "20.7909",
            "low": "20.7429",
            "close": "20.8849"
        },
        {
            "time": "16.11.2020 16:05",
            "open": "20.8849",
            "high": "20.8849",
            "low": "20.8849",
            "close": "20.8989"
        },
        {
            "time": "16.11.2020 16:23",
            "open": "20.8989",
            "high": "20.8989",
            "low": "20.8956",
            "close": "20.9157"
        },
        {
            "time": "16.11.2020 16:24",
            "open": "20.9157",
            "high": "20.9157",
            "low": "20.9157",
            "close": "20.8985"
        },
        {
            "time": "16.11.2020 16:25",
            "open": "20.8985",
            "high": "20.8985",
            "low": "20.8917",
            "close": "20.8636"
        },
        {
            "time": "16.11.2020 16:26",
            "open": "20.8636",
            "high": "20.8636",
            "low": "20.8256",
            "close": "20.8254"
        },
        {
            "time": "16.11.2020 16:27",
            "open": "20.8254",
            "high": "20.8254",
            "low": "20.6606",
            "close": "20.6585"
        },
        {
            "time": "16.11.2020 16:28",
            "open": "20.6585",
            "high": "20.6585",
            "low": "20.4367",
            "close": "20.4709"
        },
        {
            "time": "16.11.2020 16:29",
            "open": "20.4709",
            "high": "20.5195",
            "low": "20.4319",
            "close": "20.5701"
        },
        {
            "time": "16.11.2020 16:30",
            "open": "20.5701",
            "high": "20.5702",
            "low": "20.5701",
            "close": "20.5926"
        },
        {
            "time": "16.11.2020 16:37",
            "open": "20.5926",
            "high": "20.5926",
            "low": "20.5926",
            "close": "20.5365"
        },
        {
            "time": "16.11.2020 16:42",
            "open": "20.5365",
            "high": "20.5365",
            "low": "20.5365",
            "close": "20.6025"
        },
        {
            "time": "16.11.2020 17:00",
            "open": "20.6025",
            "high": "20.6025",
            "low": "20.6025",
            "close": "20.6107"
        },
        {
            "time": "16.11.2020 17:01",
            "open": "20.6107",
            "high": "20.6115",
            "low": "20.6107",
            "close": "20.5695"
        },
        {
            "time": "16.11.2020 17:08",
            "open": "20.5695",
            "high": "20.5695",
            "low": "20.5695",
            "close": "20.5574"
        },
        {
            "time": "16.11.2020 17:12",
            "open": "20.5574",
            "high": "20.5683",
            "low": "20.5574",
            "close": "20.5857"
        },
        {
            "time": "16.11.2020 17:14",
            "open": "20.5857",
            "high": "20.5872",
            "low": "20.5857",
            "close": "20.5991"
        },
        {
            "time": "16.11.2020 17:20",
            "open": "20.5991",
            "high": "20.5992",
            "low": "20.5991",
            "close": "20.5468"
        },
        {
            "time": "16.11.2020 17:26",
            "open": "20.5468",
            "high": "20.5468",
            "low": "20.5468",
            "close": "20.5992"
        },
        {
            "time": "16.11.2020 17:29",
            "open": "20.5992",
            "high": "20.6525",
            "low": "20.5992",
            "close": "20.7275"
        },
        {
            "time": "16.11.2020 17:30",
            "open": "20.7275",
            "high": "20.7275",
            "low": "20.7275",
            "close": "20.7082"
        },
        {
            "time": "16.11.2020 17:31",
            "open": "20.7082",
            "high": "20.7082",
            "low": "20.68",
            "close": "20.5924"
        },
        {
            "time": "16.11.2020 17:45",
            "open": "20.5924",
            "high": "20.5924",
            "low": "20.5923",
            "close": "20.6458"
        },
        {
            "time": "16.11.2020 17:47",
            "open": "20.6458",
            "high": "20.6458",
            "low": "20.6036",
            "close": "20.5761"
        },
        {
            "time": "16.11.2020 17:54",
            "open": "20.5761",
            "high": "20.5761",
            "low": "20.5761",
            "close": "20.5365"
        },
        {
            "time": "16.11.2020 17:55",
            "open": "20.5365",
            "high": "20.5365",
            "low": "20.5365",
            "close": "20.6776"
        },
        {
            "time": "16.11.2020 18:06",
            "open": "20.6776",
            "high": "20.7673",
            "low": "20.6776",
            "close": "20.7189"
        },
        {
            "time": "16.11.2020 18:09",
            "open": "20.7189",
            "high": "20.7189",
            "low": "20.7187",
            "close": "20.7171"
        },
        {
            "time": "16.11.2020 18:20",
            "open": "20.7171",
            "high": "20.7171",
            "low": "20.4335",
            "close": "20.4213"
        },
        {
            "time": "16.11.2020 18:21",
            "open": "20.4213",
            "high": "20.4569",
            "low": "20.32",
            "close": "20.3755"
        },
        {
            "time": "16.11.2020 18:22",
            "open": "20.3755",
            "high": "20.4592",
            "low": "20.3708",
            "close": "20.4051"
        },
        {
            "time": "16.11.2020 18:26",
            "open": "20.4051",
            "high": "20.431",
            "low": "20.4051",
            "close": "20.5571"
        },
        {
            "time": "16.11.2020 18:30",
            "open": "20.5571",
            "high": "20.8886",
            "low": "20.5571",
            "close": "20.6609"
        },
        {
            "time": "16.11.2020 18:31",
            "open": "20.6609",
            "high": "20.6609",
            "low": "20.6525",
            "close": "20.6647"
        },
        {
            "time": "16.11.2020 18:32",
            "open": "20.6647",
            "high": "20.6647",
            "low": "20.6647",
            "close": "20.6848"
        },
        {
            "time": "16.11.2020 18:33",
            "open": "20.6848",
            "high": "20.6848",
            "low": "20.6848",
            "close": "20.6896"
        },
        {
            "time": "16.11.2020 18:37",
            "open": "20.6896",
            "high": "20.6896",
            "low": "20.6746",
            "close": "20.6522"
        },
        {
            "time": "16.11.2020 18:41",
            "open": "20.6522",
            "high": "20.6522",
            "low": "20.6521",
            "close": "20.5998"
        },
        {
            "time": "16.11.2020 18:42",
            "open": "20.5998",
            "high": "20.5998",
            "low": "20.57",
            "close": "20.6677"
        },
        {
            "time": "16.11.2020 18:43",
            "open": "20.6677",
            "high": "20.6677",
            "low": "20.6677",
            "close": "20.5953"
        },
        {
            "time": "16.11.2020 18:44",
            "open": "20.5953",
            "high": "20.5953",
            "low": "20.5704",
            "close": "20.5"
        },
        {
            "time": "16.11.2020 18:46",
            "open": "20.5",
            "high": "20.5",
            "low": "20.5",
            "close": "20.5084"
        },
        {
            "time": "16.11.2020 18:51",
            "open": "20.5084",
            "high": "20.5158",
            "low": "20.48",
            "close": "20.48"
        },
        {
            "time": "16.11.2020 18:52",
            "open": "20.48",
            "high": "20.48",
            "low": "20.48",
            "close": "20.4863"
        },
        {
            "time": "16.11.2020 18:53",
            "open": "20.4863",
            "high": "20.5",
            "low": "20.4863",
            "close": "20.5"
        },
        {
            "time": "16.11.2020 19:01",
            "open": "20.5",
            "high": "20.5138",
            "low": "20.5",
            "close": "20.6178"
        },
        {
            "time": "16.11.2020 19:30",
            "open": "20.6178",
            "high": "20.6178",
            "low": "20.6178",
            "close": "20.5651"
        },
        {
            "time": "16.11.2020 19:37",
            "open": "20.5651",
            "high": "20.6178",
            "low": "20.5651",
            "close": "20.6354"
        },
        {
            "time": "16.11.2020 19:53",
            "open": "20.6354",
            "high": "20.6354",
            "low": "20.6354",
            "close": "20.6839"
        },
        {
            "time": "16.11.2020 19:55",
            "open": "20.6839",
            "high": "20.6839",
            "low": "20.654",
            "close": "20.637"
        },
        {
            "time": "16.11.2020 19:58",
            "open": "20.637",
            "high": "20.637",
            "low": "20.61",
            "close": "20.61"
        },
        {
            "time": "16.11.2020 19:59",
            "open": "20.61",
            "high": "20.61",
            "low": "20.61",
            "close": "20.6809"
        },
        {
            "time": "16.11.2020 20:02",
            "open": "20.6809",
            "high": "20.6809",
            "low": "20.6809",
            "close": "20.6496"
        },
        {
            "time": "16.11.2020 20:10",
            "open": "20.6496",
            "high": "20.6496",
            "low": "20.6379",
            "close": "20.596"
        },
        {
            "time": "16.11.2020 20:11",
            "open": "20.596",
            "high": "20.596",
            "low": "20.596",
            "close": "20.6123"
        },
        {
            "time": "16.11.2020 20:53",
            "open": "20.6123",
            "high": "20.6123",
            "low": "20.6123",
            "close": "20.6654"
        },
        {
            "time": "16.11.2020 20:57",
            "open": "20.6654",
            "high": "20.6654",
            "low": "20.6654",
            "close": "20.6017"
        },
        {
            "time": "16.11.2020 21:01",
            "open": "20.6017",
            "high": "20.6017",
            "low": "20.6017",
            "close": "20.6658"
        },
        {
            "time": "16.11.2020 21:09",
            "open": "20.6658",
            "high": "20.6658",
            "low": "20.6658",
            "close": "20.6376"
        },
        {
            "time": "16.11.2020 21:10",
            "open": "20.6376",
            "high": "20.6458",
            "low": "20.6376",
            "close": "20.6395"
        },
        {
            "time": "16.11.2020 21:14",
            "open": "20.6395",
            "high": "20.6395",
            "low": "20.6395",
            "close": "20.6631"
        },
        {
            "time": "16.11.2020 21:25",
            "open": "20.6631",
            "high": "20.6631",
            "low": "20.6082",
            "close": "20.6631"
        },
        {
            "time": "16.11.2020 21:26",
            "open": "20.6631",
            "high": "20.6631",
            "low": "20.6631",
            "close": "20.628"
        },
        {
            "time": "16.11.2020 21:29",
            "open": "20.628",
            "high": "20.628",
            "low": "20.6237",
            "close": "20.6237"
        },
        {
            "time": "16.11.2020 21:50",
            "open": "20.6237",
            "high": "20.6237",
            "low": "20.6237",
            "close": "20.6451"
        },
        {
            "time": "16.11.2020 21:53",
            "open": "20.6451",
            "high": "20.6451",
            "low": "20.6451",
            "close": "20.54"
        },
        {
            "time": "16.11.2020 22:13",
            "open": "20.54",
            "high": "20.5662",
            "low": "20.54",
            "close": "20.4299"
        },
        {
            "time": "16.11.2020 22:43",
            "open": "20.4299",
            "high": "20.4878",
            "low": "20.387",
            "close": "20.387"
        },
        {
            "time": "16.11.2020 22:47",
            "open": "20.387",
            "high": "20.387",
            "low": "20.387",
            "close": "20.3377"
        },
        {
            "time": "16.11.2020 22:48",
            "open": "20.3377",
            "high": "20.3377",
            "low": "20.3",
            "close": "20.3"
        },
        {
            "time": "16.11.2020 22:49",
            "open": "20.3",
            "high": "20.3",
            "low": "20.3",
            "close": "20.3"
        },
        {
            "time": "16.11.2020 22:50",
            "open": "20.3",
            "high": "20.3",
            "low": "20.2505",
            "close": "20.3111"
        },
        {
            "time": "16.11.2020 22:53",
            "open": "20.3111",
            "high": "20.3111",
            "low": "20.3025",
            "close": "20.2801"
        },
        {
            "time": "16.11.2020 22:54",
            "open": "20.2801",
            "high": "20.2925",
            "low": "20.2801",
            "close": "20.3"
        },
        {
            "time": "16.11.2020 22:55",
            "open": "20.3",
            "high": "20.3",
            "low": "20.3",
            "close": "20.3169"
        },
        {
            "time": "16.11.2020 22:58",
            "open": "20.3169",
            "high": "20.3169",
            "low": "20.3169",
            "close": "20.2461"
        },
        {
            "time": "16.11.2020 23:02",
            "open": "20.2461",
            "high": "20.2623",
            "low": "20.1225",
            "close": "20.3745"
        },
        {
            "time": "16.11.2020 23:04",
            "open": "20.3745",
            "high": "20.4208",
            "low": "20.3744",
            "close": "20.3002"
        },
        {
            "time": "16.11.2020 23:05",
            "open": "20.3002",
            "high": "20.3002",
            "low": "20.3",
            "close": "20.3002"
        },
        {
            "time": "16.11.2020 23:06",
            "open": "20.3002",
            "high": "20.3002",
            "low": "20.3",
            "close": "20.3339"
        },
        {
            "time": "16.11.2020 23:07",
            "open": "20.3339",
            "high": "20.3973",
            "low": "20.3",
            "close": "20.3119"
        },
        {
            "time": "16.11.2020 23:08",
            "open": "20.3119",
            "high": "20.3258",
            "low": "20.3119",
            "close": "20.3245"
        },
        {
            "time": "16.11.2020 23:09",
            "open": "20.3245",
            "high": "20.3245",
            "low": "20.3245",
            "close": "20.3"
        },
        {
            "time": "16.11.2020 23:15",
            "open": "20.3",
            "high": "20.3",
            "low": "20.3",
            "close": "20.3"
        },
        {
            "time": "16.11.2020 23:17",
            "open": "20.3",
            "high": "20.3",
            "low": "20.3",
            "close": "20.3"
        },
        {
            "time": "16.11.2020 23:19",
            "open": "20.3",
            "high": "20.3",
            "low": "20.3",
            "close": "20.31"
        },
        {
            "time": "16.11.2020 23:23",
            "open": "20.31",
            "high": "20.31",
            "low": "20.31",
            "close": "20.31"
        },
        {
            "time": "16.11.2020 23:24",
            "open": "20.31",
            "high": "20.3106",
            "low": "20.31",
            "close": "20.3"
        },
        {
            "time": "16.11.2020 23:26",
            "open": "20.3",
            "high": "20.3",
            "low": "20.3",
            "close": "20.3002"
        },
        {
            "time": "16.11.2020 23:34",
            "open": "20.3002",
            "high": "20.3021",
            "low": "20.3",
            "close": "20.3431"
        },
        {
            "time": "16.11.2020 23:35",
            "open": "20.3431",
            "high": "20.3431",
            "low": "20.3282",
            "close": "20.3058"
        },
        {
            "time": "16.11.2020 23:37",
            "open": "20.3058",
            "high": "20.4264",
            "low": "20.3058",
            "close": "20.4263"
        },
        {
            "time": "16.11.2020 23:38",
            "open": "20.4263",
            "high": "20.4264",
            "low": "20.4263",
            "close": "20.41"
        },
        {
            "time": "16.11.2020 23:40",
            "open": "20.41",
            "high": "20.4264",
            "low": "20.4099",
            "close": "20.41"
        },
        {
            "time": "16.11.2020 23:41",
            "open": "20.41",
            "high": "20.41",
            "low": "20.363",
            "close": "20.4262"
        },
        {
            "time": "16.11.2020 23:46",
            "open": "20.4262",
            "high": "20.4262",
            "low": "20.4262",
            "close": "20.4099"
        },
        {
            "time": "16.11.2020 23:52",
            "open": "20.4099",
            "high": "20.4099",
            "low": "20.4099",
            "close": "20.4099"
        },
        {
            "time": "16.11.2020 23:53",
            "open": "20.4099",
            "high": "20.4099",
            "low": "20.4099",
            "close": "20.3419"
        },
        {
            "time": "16.11.2020 23:54",
            "open": "20.3419",
            "high": "20.43",
            "low": "20.3419",
            "close": "20.5317"
        },
        {
            "time": "16.11.2020 23:55",
            "open": "20.5317",
            "high": "20.5317",
            "low": "20.5317",
            "close": "20.5317"
        },
        {
            "time": "16.11.2020 23:56",
            "open": "20.5317",
            "high": "20.5671",
            "low": "20.5317",
            "close": "20.5539"
        },
        {
            "time": "16.11.2020 23:57",
            "open": "20.5539",
            "high": "20.5539",
            "low": "20.5",
            "close": "20.492"
        },
        {
            "time": "16.11.2020 23:58",
            "open": "20.492",
            "high": "20.5106",
            "low": "20.47",
            "close": "20.5"
        }
    ]
}