{
    "NMR-EUR": [
        {
            "time": "03.11.2020 23:59",
            "open": "22.7618",
            "high": "23.0998",
            "low": "22.7375",
            "close": "22.7377"
        },
        {
            "time": "04.11.2020 00:00",
            "open": "22.7377",
            "high": "22.7377",
            "low": "22.56",
            "close": "22.5837"
        },
        {
            "time": "04.11.2020 00:01",
            "open": "22.5837",
            "high": "22.5837",
            "low": "22.5837",
            "close": "22.9632"
        },
        {
            "time": "04.11.2020 00:03",
            "open": "22.9632",
            "high": "22.9634",
            "low": "22.9632",
            "close": "22.9621"
        },
        {
            "time": "04.11.2020 00:04",
            "open": "22.9621",
            "high": "23.101",
            "low": "22.9375",
            "close": "23.0039"
        },
        {
            "time": "04.11.2020 00:05",
            "open": "23.0039",
            "high": "23.0045",
            "low": "22.9603",
            "close": "22.9394"
        },
        {
            "time": "04.11.2020 00:06",
            "open": "22.9394",
            "high": "23.0156",
            "low": "22.9394",
            "close": "22.9541"
        },
        {
            "time": "04.11.2020 00:07",
            "open": "22.9541",
            "high": "23.1009",
            "low": "22.9418",
            "close": "22.6019"
        },
        {
            "time": "04.11.2020 00:12",
            "open": "22.6019",
            "high": "22.6019",
            "low": "22.5554",
            "close": "22.4671"
        },
        {
            "time": "04.11.2020 00:13",
            "open": "22.4671",
            "high": "22.4671",
            "low": "22.4671",
            "close": "22.4236"
        },
        {
            "time": "04.11.2020 00:15",
            "open": "22.4236",
            "high": "22.4236",
            "low": "22.2596",
            "close": "22.3874"
        },
        {
            "time": "04.11.2020 00:18",
            "open": "22.3874",
            "high": "22.3874",
            "low": "22.3828",
            "close": "22.3757"
        },
        {
            "time": "04.11.2020 00:19",
            "open": "22.3757",
            "high": "22.3757",
            "low": "22.3757",
            "close": "22.454"
        },
        {
            "time": "04.11.2020 00:20",
            "open": "22.454",
            "high": "22.4878",
            "low": "22.3764",
            "close": "22.3891"
        },
        {
            "time": "04.11.2020 00:21",
            "open": "22.3891",
            "high": "22.3891",
            "low": "22.3782",
            "close": "22.3782"
        },
        {
            "time": "04.11.2020 00:22",
            "open": "22.3782",
            "high": "22.3782",
            "low": "22.3782",
            "close": "22.4673"
        },
        {
            "time": "04.11.2020 00:23",
            "open": "22.4673",
            "high": "22.4673",
            "low": "22.4673",
            "close": "22.4374"
        },
        {
            "time": "04.11.2020 00:25",
            "open": "22.4374",
            "high": "22.4374",
            "low": "22.3103",
            "close": "22.4874"
        },
        {
            "time": "04.11.2020 00:26",
            "open": "22.4874",
            "high": "22.4874",
            "low": "22.4874",
            "close": "22.2415"
        },
        {
            "time": "04.11.2020 00:31",
            "open": "22.2415",
            "high": "22.2415",
            "low": "22.2113",
            "close": "22.2"
        },
        {
            "time": "04.11.2020 00:32",
            "open": "22.2",
            "high": "22.2",
            "low": "22.151",
            "close": "22.1209"
        },
        {
            "time": "04.11.2020 00:33",
            "open": "22.1209",
            "high": "22.1209",
            "low": "22.1209",
            "close": "22.0908"
        },
        {
            "time": "04.11.2020 00:35",
            "open": "22.0908",
            "high": "22.0908",
            "low": "22.0825",
            "close": "22.0678"
        },
        {
            "time": "04.11.2020 00:36",
            "open": "22.0678",
            "high": "22.0678",
            "low": "22.0608",
            "close": "22.0308"
        },
        {
            "time": "04.11.2020 00:37",
            "open": "22.0308",
            "high": "22.0308",
            "low": "21.971",
            "close": "21.9412"
        },
        {
            "time": "04.11.2020 00:39",
            "open": "21.9412",
            "high": "21.9412",
            "low": "21.8816",
            "close": "21.8883"
        },
        {
            "time": "04.11.2020 00:42",
            "open": "21.8883",
            "high": "21.8883",
            "low": "21.8222",
            "close": "21.868"
        },
        {
            "time": "04.11.2020 00:44",
            "open": "21.868",
            "high": "22.0799",
            "low": "21.868",
            "close": "22.0601"
        },
        {
            "time": "04.11.2020 00:45",
            "open": "22.0601",
            "high": "22.1603",
            "low": "22.0601",
            "close": "22.1603"
        },
        {
            "time": "04.11.2020 00:46",
            "open": "22.1603",
            "high": "22.179",
            "low": "22.1603",
            "close": "22.1726"
        },
        {
            "time": "04.11.2020 00:47",
            "open": "22.1726",
            "high": "22.1726",
            "low": "22.1726",
            "close": "22.1726"
        },
        {
            "time": "04.11.2020 00:52",
            "open": "22.1726",
            "high": "22.1726",
            "low": "22.1726",
            "close": "21.9115"
        },
        {
            "time": "04.11.2020 01:01",
            "open": "21.9115",
            "high": "21.9116",
            "low": "21.8222",
            "close": "21.8056"
        },
        {
            "time": "04.11.2020 01:02",
            "open": "21.8056",
            "high": "21.8061",
            "low": "21.8056",
            "close": "21.8055"
        },
        {
            "time": "04.11.2020 01:03",
            "open": "21.8055",
            "high": "21.8055",
            "low": "21.7695",
            "close": "21.7695"
        },
        {
            "time": "04.11.2020 01:04",
            "open": "21.7695",
            "high": "21.7695",
            "low": "21.7629",
            "close": "21.7334"
        },
        {
            "time": "04.11.2020 01:05",
            "open": "21.7334",
            "high": "21.7334",
            "low": "21.6538",
            "close": "21.6449"
        },
        {
            "time": "04.11.2020 01:06",
            "open": "21.6449",
            "high": "21.7187",
            "low": "21.5275",
            "close": "21.7"
        },
        {
            "time": "04.11.2020 01:07",
            "open": "21.7",
            "high": "21.7",
            "low": "21.7",
            "close": "21.7"
        },
        {
            "time": "04.11.2020 01:08",
            "open": "21.7",
            "high": "21.7",
            "low": "21.7",
            "close": "21.6059"
        },
        {
            "time": "04.11.2020 01:10",
            "open": "21.6059",
            "high": "21.6059",
            "low": "21.6059",
            "close": "21.5622"
        },
        {
            "time": "04.11.2020 01:12",
            "open": "21.5622",
            "high": "21.5622",
            "low": "21.4983",
            "close": "21.4691"
        },
        {
            "time": "04.11.2020 01:13",
            "open": "21.4691",
            "high": "21.4691",
            "low": "21.3817",
            "close": "21.487"
        },
        {
            "time": "04.11.2020 01:15",
            "open": "21.487",
            "high": "21.487",
            "low": "21.487",
            "close": "21.429"
        },
        {
            "time": "04.11.2020 01:17",
            "open": "21.429",
            "high": "21.429",
            "low": "21.429",
            "close": "21.429"
        },
        {
            "time": "04.11.2020 01:18",
            "open": "21.429",
            "high": "21.429",
            "low": "21.429",
            "close": "21.429"
        },
        {
            "time": "04.11.2020 01:19",
            "open": "21.429",
            "high": "21.429",
            "low": "21.3819",
            "close": "21.3817"
        },
        {
            "time": "04.11.2020 01:20",
            "open": "21.3817",
            "high": "21.3817",
            "low": "21.3817",
            "close": "21.3819"
        },
        {
            "time": "04.11.2020 01:21",
            "open": "21.3819",
            "high": "21.3819",
            "low": "21.3526",
            "close": "21.3335"
        },
        {
            "time": "04.11.2020 01:22",
            "open": "21.3335",
            "high": "21.3335",
            "low": "21.2368",
            "close": "21.208"
        },
        {
            "time": "04.11.2020 01:23",
            "open": "21.208",
            "high": "21.208",
            "low": "21.208",
            "close": "21.2046"
        },
        {
            "time": "04.11.2020 01:27",
            "open": "21.2046",
            "high": "21.2046",
            "low": "21.2046",
            "close": "21.3403"
        },
        {
            "time": "04.11.2020 01:34",
            "open": "21.3403",
            "high": "21.3403",
            "low": "21.3403",
            "close": "21.3429"
        },
        {
            "time": "04.11.2020 01:35",
            "open": "21.3429",
            "high": "21.352",
            "low": "21.3429",
            "close": "21.399"
        },
        {
            "time": "04.11.2020 01:36",
            "open": "21.399",
            "high": "21.3992",
            "low": "21.399",
            "close": "21.4262"
        },
        {
            "time": "04.11.2020 01:40",
            "open": "21.4262",
            "high": "21.4262",
            "low": "21.4262",
            "close": "21.4489"
        },
        {
            "time": "04.11.2020 01:41",
            "open": "21.4489",
            "high": "21.4612",
            "low": "21.4489",
            "close": "21.478"
        },
        {
            "time": "04.11.2020 01:44",
            "open": "21.478",
            "high": "21.478",
            "low": "21.478",
            "close": "21.2368"
        },
        {
            "time": "04.11.2020 01:58",
            "open": "21.2368",
            "high": "21.2368",
            "low": "21.1792",
            "close": "21.1504"
        },
        {
            "time": "04.11.2020 01:59",
            "open": "21.1504",
            "high": "21.1504",
            "low": "21.15",
            "close": "21.2522"
        },
        {
            "time": "04.11.2020 02:09",
            "open": "21.2522",
            "high": "21.253",
            "low": "21.2522",
            "close": "21.3298"
        },
        {
            "time": "04.11.2020 02:11",
            "open": "21.3298",
            "high": "21.3298",
            "low": "21.3298",
            "close": "21.3889"
        },
        {
            "time": "04.11.2020 02:18",
            "open": "21.3889",
            "high": "21.8604",
            "low": "21.3889",
            "close": "21.4425"
        },
        {
            "time": "04.11.2020 02:19",
            "open": "21.4425",
            "high": "21.4425",
            "low": "21.4108",
            "close": "21.3817"
        },
        {
            "time": "04.11.2020 02:21",
            "open": "21.3817",
            "high": "21.3817",
            "low": "21.3236",
            "close": "21.4424"
        },
        {
            "time": "04.11.2020 02:22",
            "open": "21.4424",
            "high": "21.4424",
            "low": "21.4424",
            "close": "21.4866"
        },
        {
            "time": "04.11.2020 02:33",
            "open": "21.4866",
            "high": "21.4866",
            "low": "21.4866",
            "close": "21.4385"
        },
        {
            "time": "04.11.2020 02:34",
            "open": "21.4385",
            "high": "21.4385",
            "low": "21.4385",
            "close": "21.4594"
        },
        {
            "time": "04.11.2020 02:41",
            "open": "21.4594",
            "high": "21.4594",
            "low": "21.4594",
            "close": "21.4978"
        },
        {
            "time": "04.11.2020 03:06",
            "open": "21.4978",
            "high": "21.4978",
            "low": "21.4978",
            "close": "21.5695"
        },
        {
            "time": "04.11.2020 03:09",
            "open": "21.5695",
            "high": "21.5695",
            "low": "21.5695",
            "close": "21.5699"
        },
        {
            "time": "04.11.2020 03:11",
            "open": "21.5699",
            "high": "21.5699",
            "low": "21.5699",
            "close": "21.5951"
        },
        {
            "time": "04.11.2020 03:13",
            "open": "21.5951",
            "high": "21.6246",
            "low": "21.5951",
            "close": "21.6393"
        },
        {
            "time": "04.11.2020 03:14",
            "open": "21.6393",
            "high": "21.6426",
            "low": "21.6393",
            "close": "21.654"
        },
        {
            "time": "04.11.2020 03:15",
            "open": "21.654",
            "high": "21.6993",
            "low": "21.654",
            "close": "21.7129"
        },
        {
            "time": "04.11.2020 03:16",
            "open": "21.7129",
            "high": "22.052",
            "low": "21.7129",
            "close": "21.928"
        },
        {
            "time": "04.11.2020 03:17",
            "open": "21.928",
            "high": "21.9733",
            "low": "21.928",
            "close": "21.9848"
        },
        {
            "time": "04.11.2020 03:18",
            "open": "21.9848",
            "high": "22.0716",
            "low": "21.9848",
            "close": "21.8222"
        },
        {
            "time": "04.11.2020 03:21",
            "open": "21.8222",
            "high": "21.8222",
            "low": "21.6449",
            "close": "21.7612"
        },
        {
            "time": "04.11.2020 03:24",
            "open": "21.7612",
            "high": "21.7612",
            "low": "21.7612",
            "close": "21.8669"
        },
        {
            "time": "04.11.2020 03:25",
            "open": "21.8669",
            "high": "21.9503",
            "low": "21.8669",
            "close": "21.941"
        },
        {
            "time": "04.11.2020 03:26",
            "open": "21.941",
            "high": "21.941",
            "low": "21.941",
            "close": "21.9656"
        },
        {
            "time": "04.11.2020 03:27",
            "open": "21.9656",
            "high": "21.9656",
            "low": "21.9656",
            "close": "21.9656"
        },
        {
            "time": "04.11.2020 03:28",
            "open": "21.9656",
            "high": "21.9656",
            "low": "21.9656",
            "close": "21.9095"
        },
        {
            "time": "04.11.2020 03:31",
            "open": "21.9095",
            "high": "21.9095",
            "low": "21.8926",
            "close": "21.8048"
        },
        {
            "time": "04.11.2020 03:36",
            "open": "21.8048",
            "high": "21.8048",
            "low": "21.8048",
            "close": "21.7038"
        },
        {
            "time": "04.11.2020 03:39",
            "open": "21.7038",
            "high": "21.7038",
            "low": "21.6743",
            "close": "21.6449"
        },
        {
            "time": "04.11.2020 03:40",
            "open": "21.6449",
            "high": "21.6449",
            "low": "21.4108",
            "close": "21.3817"
        },
        {
            "time": "04.11.2020 03:42",
            "open": "21.3817",
            "high": "21.3817",
            "low": "21.3526",
            "close": "21.413"
        },
        {
            "time": "04.11.2020 03:44",
            "open": "21.413",
            "high": "21.654",
            "low": "21.413",
            "close": "21.6834"
        },
        {
            "time": "04.11.2020 03:45",
            "open": "21.6834",
            "high": "21.7129",
            "low": "21.6834",
            "close": "21.7425"
        },
        {
            "time": "04.11.2020 03:46",
            "open": "21.7425",
            "high": "21.772",
            "low": "21.7425",
            "close": "21.7867"
        },
        {
            "time": "04.11.2020 03:47",
            "open": "21.7867",
            "high": "21.8307",
            "low": "21.7476",
            "close": "21.8313"
        },
        {
            "time": "04.11.2020 03:48",
            "open": "21.8313",
            "high": "21.8313",
            "low": "21.8313",
            "close": "21.8543"
        },
        {
            "time": "04.11.2020 03:49",
            "open": "21.8543",
            "high": "21.9205",
            "low": "21.8543",
            "close": "21.9503"
        },
        {
            "time": "04.11.2020 03:50",
            "open": "21.9503",
            "high": "21.9608",
            "low": "21.9503",
            "close": "21.9803"
        },
        {
            "time": "04.11.2020 03:52",
            "open": "21.9803",
            "high": "21.9806",
            "low": "21.9803",
            "close": "21.7334"
        },
        {
            "time": "04.11.2020 03:53",
            "open": "21.7334",
            "high": "21.7334",
            "low": "21.5275",
            "close": "21.6053"
        },
        {
            "time": "04.11.2020 03:54",
            "open": "21.6053",
            "high": "21.6053",
            "low": "21.6053",
            "close": "21.6873"
        },
        {
            "time": "04.11.2020 04:14",
            "open": "21.6873",
            "high": "21.6873",
            "low": "21.6873",
            "close": "21.772"
        },
        {
            "time": "04.11.2020 04:15",
            "open": "21.772",
            "high": "21.9088",
            "low": "21.772",
            "close": "21.9205"
        },
        {
            "time": "04.11.2020 04:16",
            "open": "21.9205",
            "high": "21.9205",
            "low": "21.9205",
            "close": "21.6743"
        },
        {
            "time": "04.11.2020 04:18",
            "open": "21.6743",
            "high": "21.6743",
            "low": "21.6743",
            "close": "21.6449"
        },
        {
            "time": "04.11.2020 04:19",
            "open": "21.6449",
            "high": "21.6449",
            "low": "21.4983",
            "close": "21.6346"
        },
        {
            "time": "04.11.2020 04:20",
            "open": "21.6346",
            "high": "21.6346",
            "low": "21.6346",
            "close": "21.5935"
        },
        {
            "time": "04.11.2020 04:22",
            "open": "21.5935",
            "high": "21.5935",
            "low": "21.4108",
            "close": "21.3817"
        },
        {
            "time": "04.11.2020 04:23",
            "open": "21.3817",
            "high": "21.3817",
            "low": "21.3236",
            "close": "21.2946"
        },
        {
            "time": "04.11.2020 04:24",
            "open": "21.2946",
            "high": "21.3867",
            "low": "21.2657",
            "close": "21.2368"
        },
        {
            "time": "04.11.2020 04:27",
            "open": "21.2368",
            "high": "21.2368",
            "low": "21.208",
            "close": "21.2272"
        },
        {
            "time": "04.11.2020 04:41",
            "open": "21.2272",
            "high": "21.2272",
            "low": "21.1504",
            "close": "21.1217"
        },
        {
            "time": "04.11.2020 04:42",
            "open": "21.1217",
            "high": "21.1217",
            "low": "20.9786",
            "close": "21.1225"
        },
        {
            "time": "04.11.2020 04:48",
            "open": "21.1225",
            "high": "21.1225",
            "low": "21.1225",
            "close": "21.2169"
        },
        {
            "time": "04.11.2020 04:55",
            "open": "21.2169",
            "high": "21.2169",
            "low": "21.2169",
            "close": "21.2457"
        },
        {
            "time": "04.11.2020 05:00",
            "open": "21.2457",
            "high": "21.2457",
            "low": "21.2457",
            "close": "21.2746"
        },
        {
            "time": "04.11.2020 05:01",
            "open": "21.2746",
            "high": "21.3035",
            "low": "21.2746",
            "close": "21.1315"
        },
        {
            "time": "04.11.2020 05:22",
            "open": "21.1315",
            "high": "21.1315",
            "low": "21.1315",
            "close": "21.0665"
        },
        {
            "time": "04.11.2020 05:23",
            "open": "21.0665",
            "high": "21.0665",
            "low": "21.0643",
            "close": "21.0357"
        },
        {
            "time": "04.11.2020 05:24",
            "open": "21.0357",
            "high": "21.079",
            "low": "20.9873",
            "close": "20.9786"
        },
        {
            "time": "04.11.2020 05:27",
            "open": "20.9786",
            "high": "20.9786",
            "low": "20.8365",
            "close": "20.82"
        },
        {
            "time": "04.11.2020 05:28",
            "open": "20.82",
            "high": "20.82",
            "low": "20.8081",
            "close": "20.7799"
        },
        {
            "time": "04.11.2020 05:30",
            "open": "20.7799",
            "high": "20.7799",
            "low": "20.7516",
            "close": "20.7235"
        },
        {
            "time": "04.11.2020 05:32",
            "open": "20.7235",
            "high": "20.7235",
            "low": "20.7235",
            "close": "20.6953"
        },
        {
            "time": "04.11.2020 05:33",
            "open": "20.6953",
            "high": "20.6953",
            "low": "20.6672",
            "close": "20.6392"
        },
        {
            "time": "04.11.2020 05:35",
            "open": "20.6392",
            "high": "20.6484",
            "low": "20.6392",
            "close": "20.7474"
        },
        {
            "time": "04.11.2020 05:47",
            "open": "20.7474",
            "high": "20.7474",
            "low": "20.7474",
            "close": "20.6391"
        },
        {
            "time": "04.11.2020 05:48",
            "open": "20.6391",
            "high": "20.6391",
            "low": "20.6391",
            "close": "20.6362"
        },
        {
            "time": "04.11.2020 05:49",
            "open": "20.6362",
            "high": "20.6362",
            "low": "20.6361",
            "close": "20.6135"
        },
        {
            "time": "04.11.2020 05:50",
            "open": "20.6135",
            "high": "20.6135",
            "low": "20.6135",
            "close": "20.6135"
        },
        {
            "time": "04.11.2020 05:51",
            "open": "20.6135",
            "high": "20.6135",
            "low": "20.5831",
            "close": "20.6379"
        },
        {
            "time": "04.11.2020 05:53",
            "open": "20.6379",
            "high": "20.6379",
            "low": "20.6379",
            "close": "20.7516"
        },
        {
            "time": "04.11.2020 06:19",
            "open": "20.7516",
            "high": "20.7799",
            "low": "20.7516",
            "close": "20.807"
        },
        {
            "time": "04.11.2020 06:22",
            "open": "20.807",
            "high": "20.82",
            "low": "20.807",
            "close": "20.8452"
        },
        {
            "time": "04.11.2020 06:30",
            "open": "20.8452",
            "high": "20.8764",
            "low": "20.8452",
            "close": "20.8802"
        },
        {
            "time": "04.11.2020 06:43",
            "open": "20.8802",
            "high": "20.8802",
            "low": "20.8802",
            "close": "20.78"
        },
        {
            "time": "04.11.2020 07:00",
            "open": "20.78",
            "high": "20.78",
            "low": "20.7799",
            "close": "20.7235"
        },
        {
            "time": "04.11.2020 07:02",
            "open": "20.7235",
            "high": "20.7235",
            "low": "20.6953",
            "close": "20.6672"
        },
        {
            "time": "04.11.2020 07:03",
            "open": "20.6672",
            "high": "20.6672",
            "low": "20.6111",
            "close": "20.6412"
        },
        {
            "time": "04.11.2020 07:05",
            "open": "20.6412",
            "high": "20.6412",
            "low": "20.6412",
            "close": "20.6219"
        },
        {
            "time": "04.11.2020 07:08",
            "open": "20.6219",
            "high": "20.6271",
            "low": "20.6219",
            "close": "20.6494"
        },
        {
            "time": "04.11.2020 07:09",
            "open": "20.6494",
            "high": "20.6494",
            "low": "20.6494",
            "close": "20.6581"
        },
        {
            "time": "04.11.2020 07:20",
            "open": "20.6581",
            "high": "20.6581",
            "low": "20.6581",
            "close": "20.6581"
        },
        {
            "time": "04.11.2020 07:54",
            "open": "20.6581",
            "high": "20.6581",
            "low": "20.6581",
            "close": "20.6206"
        },
        {
            "time": "04.11.2020 08:23",
            "open": "20.6206",
            "high": "20.6206",
            "low": "20.4993",
            "close": "20.4714"
        },
        {
            "time": "04.11.2020 08:25",
            "open": "20.4714",
            "high": "20.4714",
            "low": "20.469",
            "close": "20.45"
        },
        {
            "time": "04.11.2020 08:26",
            "open": "20.45",
            "high": "20.45",
            "low": "20.4159",
            "close": "20.4376"
        },
        {
            "time": "04.11.2020 08:32",
            "open": "20.4376",
            "high": "20.4376",
            "low": "20.4376",
            "close": "20.3881"
        },
        {
            "time": "04.11.2020 08:34",
            "open": "20.3881",
            "high": "20.3881",
            "low": "20.3751",
            "close": "20.4229"
        },
        {
            "time": "04.11.2020 08:36",
            "open": "20.4229",
            "high": "20.4229",
            "low": "20.4229",
            "close": "20.3751"
        },
        {
            "time": "04.11.2020 08:40",
            "open": "20.3751",
            "high": "20.3751",
            "low": "20.3225",
            "close": "20.3225"
        },
        {
            "time": "04.11.2020 08:41",
            "open": "20.3225",
            "high": "20.3225",
            "low": "20.3225",
            "close": "20.3051"
        },
        {
            "time": "04.11.2020 08:42",
            "open": "20.3051",
            "high": "20.3051",
            "low": "20.21",
            "close": "20.246"
        },
        {
            "time": "04.11.2020 08:43",
            "open": "20.246",
            "high": "20.2765",
            "low": "20.246",
            "close": "20.21"
        },
        {
            "time": "04.11.2020 08:48",
            "open": "20.21",
            "high": "20.21",
            "low": "20.21",
            "close": "20.195"
        },
        {
            "time": "04.11.2020 08:49",
            "open": "20.195",
            "high": "20.195",
            "low": "20.1634",
            "close": "20.1402"
        },
        {
            "time": "04.11.2020 08:54",
            "open": "20.1402",
            "high": "20.1402",
            "low": "20.1402",
            "close": "20.1128"
        },
        {
            "time": "04.11.2020 08:55",
            "open": "20.1128",
            "high": "20.1128",
            "low": "20.0855",
            "close": "20.0729"
        },
        {
            "time": "04.11.2020 08:56",
            "open": "20.0729",
            "high": "20.0948",
            "low": "20.0729",
            "close": "20.0724"
        },
        {
            "time": "04.11.2020 08:57",
            "open": "20.0724",
            "high": "20.1921",
            "low": "20.0724",
            "close": "20.3299"
        },
        {
            "time": "04.11.2020 09:00",
            "open": "20.3299",
            "high": "20.3445",
            "low": "20.3299",
            "close": "20.3075"
        },
        {
            "time": "04.11.2020 09:02",
            "open": "20.3075",
            "high": "20.3075",
            "low": "20.3075",
            "close": "20.2945"
        },
        {
            "time": "04.11.2020 09:03",
            "open": "20.2945",
            "high": "20.348",
            "low": "20.2945",
            "close": "20.369"
        },
        {
            "time": "04.11.2020 09:04",
            "open": "20.369",
            "high": "20.369",
            "low": "20.369",
            "close": "20.3013"
        },
        {
            "time": "04.11.2020 09:09",
            "open": "20.0125",
            "high": "20.0125",
            "low": "20.0125",
            "close": "20.0617"
        },
        {
            "time": "04.11.2020 09:16",
            "open": "20.0617",
            "high": "20.1206",
            "low": "20.0617",
            "close": "20.1261"
        },
        {
            "time": "04.11.2020 09:17",
            "open": "20.1261",
            "high": "20.1261",
            "low": "20.1261",
            "close": "20.1799"
        },
        {
            "time": "04.11.2020 09:20",
            "open": "20.1799",
            "high": "20.182",
            "low": "20.1799",
            "close": "20.182"
        },
        {
            "time": "04.11.2020 09:24",
            "open": "20.182",
            "high": "20.182",
            "low": "20.182",
            "close": "20.2559"
        },
        {
            "time": "04.11.2020 09:40",
            "open": "20.2559",
            "high": "20.2559",
            "low": "20.2559",
            "close": "20.2057"
        },
        {
            "time": "04.11.2020 09:50",
            "open": "20.2057",
            "high": "20.2057",
            "low": "20.2057",
            "close": "20.194"
        },
        {
            "time": "04.11.2020 09:51",
            "open": "20.194",
            "high": "20.194",
            "low": "20.194",
            "close": "20.136"
        },
        {
            "time": "04.11.2020 09:52",
            "open": "20.136",
            "high": "20.136",
            "low": "20.136",
            "close": "20.1627"
        },
        {
            "time": "04.11.2020 09:59",
            "open": "20.1627",
            "high": "20.1627",
            "low": "20.1627",
            "close": "20.1503"
        },
        {
            "time": "04.11.2020 10:11",
            "open": "20.1503",
            "high": "20.1503",
            "low": "20.1164",
            "close": "20.1"
        },
        {
            "time": "04.11.2020 10:23",
            "open": "20.1",
            "high": "20.1",
            "low": "20.0755",
            "close": "20.079"
        },
        {
            "time": "04.11.2020 10:25",
            "open": "20.079",
            "high": "20.0835",
            "low": "20.079",
            "close": "20.0956"
        },
        {
            "time": "04.11.2020 11:01",
            "open": "20.0956",
            "high": "20.0992",
            "low": "20.0956",
            "close": "20.0933"
        },
        {
            "time": "04.11.2020 11:03",
            "open": "20.0933",
            "high": "20.0933",
            "low": "20.0933",
            "close": "20.0946"
        },
        {
            "time": "04.11.2020 11:06",
            "open": "20.0946",
            "high": "20.0964",
            "low": "20.0915",
            "close": "20.089"
        },
        {
            "time": "04.11.2020 11:07",
            "open": "20.089",
            "high": "20.0902",
            "low": "20.089",
            "close": "20.0388"
        },
        {
            "time": "04.11.2020 11:12",
            "open": "20.0388",
            "high": "20.0388",
            "low": "20.0388",
            "close": "20.1347"
        },
        {
            "time": "04.11.2020 11:15",
            "open": "20.1347",
            "high": "20.1413",
            "low": "20.1347",
            "close": "20.1881"
        },
        {
            "time": "04.11.2020 11:21",
            "open": "20.1881",
            "high": "20.1943",
            "low": "20.0967",
            "close": "20.0968"
        },
        {
            "time": "04.11.2020 11:22",
            "open": "20.0968",
            "high": "20.0968",
            "low": "20.09",
            "close": "20.0131"
        },
        {
            "time": "04.11.2020 11:24",
            "open": "20.0131",
            "high": "20.0131",
            "low": "19.9766",
            "close": "19.9601"
        },
        {
            "time": "04.11.2020 11:25",
            "open": "19.9601",
            "high": "19.9601",
            "low": "19.9601",
            "close": "19.9961"
        },
        {
            "time": "04.11.2020 11:26",
            "open": "19.9961",
            "high": "20",
            "low": "19.9961",
            "close": "20.016"
        },
        {
            "time": "04.11.2020 11:29",
            "open": "20.016",
            "high": "20.0764",
            "low": "20.016",
            "close": "20.0515"
        },
        {
            "time": "04.11.2020 11:30",
            "open": "20.0515",
            "high": "20.3965",
            "low": "20.0515",
            "close": "20.1785"
        },
        {
            "time": "04.11.2020 11:31",
            "open": "20.1785",
            "high": "20.2614",
            "low": "20.1785",
            "close": "20.3149"
        },
        {
            "time": "04.11.2020 11:32",
            "open": "20.3149",
            "high": "20.6",
            "low": "20.2618",
            "close": "20.4344"
        },
        {
            "time": "04.11.2020 11:34",
            "open": "20.4344",
            "high": "20.9807",
            "low": "20.4344",
            "close": "20.9873"
        },
        {
            "time": "04.11.2020 11:35",
            "open": "20.9873",
            "high": "21.1",
            "low": "20.8771",
            "close": "21.005"
        },
        {
            "time": "04.11.2020 11:36",
            "open": "21.005",
            "high": "21.005",
            "low": "20.5373",
            "close": "20.5671"
        },
        {
            "time": "04.11.2020 11:37",
            "open": "20.5671",
            "high": "21.0764",
            "low": "20.4693",
            "close": "21.0716"
        },
        {
            "time": "04.11.2020 11:38",
            "open": "21.0716",
            "high": "21.8",
            "low": "20.95",
            "close": "20.7584"
        },
        {
            "time": "04.11.2020 11:39",
            "open": "20.7584",
            "high": "20.8963",
            "low": "20.7584",
            "close": "21.0134"
        },
        {
            "time": "04.11.2020 11:40",
            "open": "21.0134",
            "high": "21.0134",
            "low": "20.8466",
            "close": "20.8641"
        },
        {
            "time": "04.11.2020 11:42",
            "open": "20.8641",
            "high": "21",
            "low": "20.8641",
            "close": "21"
        },
        {
            "time": "04.11.2020 11:43",
            "open": "21",
            "high": "21",
            "low": "21",
            "close": "21.1182"
        },
        {
            "time": "04.11.2020 11:44",
            "open": "21.1182",
            "high": "21.2",
            "low": "21.1125",
            "close": "21.1027"
        },
        {
            "time": "04.11.2020 11:45",
            "open": "21.1027",
            "high": "21.1027",
            "low": "20.9393",
            "close": "20.5749"
        },
        {
            "time": "04.11.2020 11:46",
            "open": "20.5749",
            "high": "20.5749",
            "low": "20.5749",
            "close": "20.2486"
        },
        {
            "time": "04.11.2020 11:51",
            "open": "20.2486",
            "high": "20.2895",
            "low": "20.2486",
            "close": "20.3368"
        },
        {
            "time": "04.11.2020 11:52",
            "open": "20.3368",
            "high": "20.3368",
            "low": "20.3368",
            "close": "20.533"
        },
        {
            "time": "04.11.2020 11:55",
            "open": "20.533",
            "high": "20.533",
            "low": "20.533",
            "close": "20.462"
        },
        {
            "time": "04.11.2020 12:05",
            "open": "20.462",
            "high": "20.462",
            "low": "20.462",
            "close": "20.5801"
        },
        {
            "time": "04.11.2020 12:07",
            "open": "20.5801",
            "high": "20.5801",
            "low": "20.5801",
            "close": "20.483"
        },
        {
            "time": "04.11.2020 12:08",
            "open": "20.483",
            "high": "20.483",
            "low": "20.3742",
            "close": "20.1634"
        },
        {
            "time": "04.11.2020 12:09",
            "open": "20.1634",
            "high": "20.1634",
            "low": "20.035",
            "close": "20.0875"
        },
        {
            "time": "04.11.2020 12:12",
            "open": "20.0875",
            "high": "20.0875",
            "low": "20.0875",
            "close": "20.0801"
        },
        {
            "time": "04.11.2020 12:15",
            "open": "20.0801",
            "high": "20.0801",
            "low": "20.035",
            "close": "20.0395"
        },
        {
            "time": "04.11.2020 12:16",
            "open": "20.0395",
            "high": "20.0395",
            "low": "20.035",
            "close": "20.025"
        },
        {
            "time": "04.11.2020 12:18",
            "open": "20.025",
            "high": "20.025",
            "low": "20",
            "close": "19.9576"
        },
        {
            "time": "04.11.2020 12:19",
            "open": "19.9576",
            "high": "19.9576",
            "low": "19.9576",
            "close": "19.97"
        },
        {
            "time": "04.11.2020 12:22",
            "open": "19.97",
            "high": "19.97",
            "low": "19.9494",
            "close": "19.9287"
        },
        {
            "time": "04.11.2020 12:23",
            "open": "19.9287",
            "high": "19.9287",
            "low": "19.9285",
            "close": "19.9285"
        },
        {
            "time": "04.11.2020 12:24",
            "open": "19.9285",
            "high": "19.9285",
            "low": "19.9285",
            "close": "19.9634"
        },
        {
            "time": "04.11.2020 12:25",
            "open": "19.9634",
            "high": "19.993",
            "low": "19.9634",
            "close": "20.0128"
        },
        {
            "time": "04.11.2020 12:26",
            "open": "20.0128",
            "high": "20.0128",
            "low": "20.0128",
            "close": "19.9689"
        },
        {
            "time": "04.11.2020 12:31",
            "open": "19.9689",
            "high": "19.9689",
            "low": "19.9689",
            "close": "20.0571"
        },
        {
            "time": "04.11.2020 12:33",
            "open": "20.0571",
            "high": "20.0571",
            "low": "20.0571",
            "close": "20.0052"
        },
        {
            "time": "04.11.2020 12:35",
            "open": "20.0052",
            "high": "20.0052",
            "low": "20.0052",
            "close": "20.0027"
        },
        {
            "time": "04.11.2020 12:36",
            "open": "20.0027",
            "high": "20.0027",
            "low": "19.948",
            "close": "19.9223"
        },
        {
            "time": "04.11.2020 12:39",
            "open": "19.9223",
            "high": "19.9223",
            "low": "19.8682",
            "close": "19.8741"
        },
        {
            "time": "04.11.2020 12:44",
            "open": "19.8741",
            "high": "19.8741",
            "low": "19.8682",
            "close": "19.8684"
        },
        {
            "time": "04.11.2020 12:55",
            "open": "19.8684",
            "high": "19.8684",
            "low": "19.8684",
            "close": "19.9431"
        },
        {
            "time": "04.11.2020 12:57",
            "open": "19.9431",
            "high": "19.9431",
            "low": "19.9431",
            "close": "19.9057"
        },
        {
            "time": "04.11.2020 13:06",
            "open": "19.9057",
            "high": "19.9058",
            "low": "19.9057",
            "close": "19.874"
        },
        {
            "time": "04.11.2020 13:10",
            "open": "19.874",
            "high": "19.874",
            "low": "19.8682",
            "close": "19.8952"
        },
        {
            "time": "04.11.2020 13:12",
            "open": "19.8952",
            "high": "19.8952",
            "low": "19.8952",
            "close": "19.8944"
        },
        {
            "time": "04.11.2020 13:25",
            "open": "19.8944",
            "high": "19.8952",
            "low": "19.8944",
            "close": "19.8952"
        },
        {
            "time": "04.11.2020 13:26",
            "open": "19.8952",
            "high": "19.8952",
            "low": "19.8952",
            "close": "19.879"
        },
        {
            "time": "04.11.2020 13:32",
            "open": "19.879",
            "high": "19.879",
            "low": "19.879",
            "close": "19.8412"
        },
        {
            "time": "04.11.2020 13:37",
            "open": "19.8412",
            "high": "19.8735",
            "low": "19.8147",
            "close": "19.8762"
        },
        {
            "time": "04.11.2020 13:40",
            "open": "19.8762",
            "high": "19.8763",
            "low": "19.8762",
            "close": "19.87"
        },
        {
            "time": "04.11.2020 13:42",
            "open": "19.87",
            "high": "19.8702",
            "low": "19.87",
            "close": "19.87"
        },
        {
            "time": "04.11.2020 13:43",
            "open": "19.87",
            "high": "19.87",
            "low": "19.8145",
            "close": "19.8274"
        },
        {
            "time": "04.11.2020 13:46",
            "open": "19.8274",
            "high": "19.8274",
            "low": "19.8274",
            "close": "19.8473"
        },
        {
            "time": "04.11.2020 13:53",
            "open": "19.8473",
            "high": "19.8473",
            "low": "19.8473",
            "close": "19.8275"
        },
        {
            "time": "04.11.2020 13:55",
            "open": "19.8275",
            "high": "19.8275",
            "low": "19.8275",
            "close": "19.8275"
        },
        {
            "time": "04.11.2020 13:56",
            "open": "19.8275",
            "high": "19.8275",
            "low": "19.8275",
            "close": "19.8735"
        },
        {
            "time": "04.11.2020 14:03",
            "open": "19.8735",
            "high": "19.8735",
            "low": "19.8735",
            "close": "19.8656"
        },
        {
            "time": "04.11.2020 14:07",
            "open": "19.8656",
            "high": "19.8657",
            "low": "19.8637",
            "close": "19.8274"
        },
        {
            "time": "04.11.2020 14:16",
            "open": "19.8274",
            "high": "19.8274",
            "low": "19.8145",
            "close": "19.8145"
        },
        {
            "time": "04.11.2020 14:17",
            "open": "19.8145",
            "high": "19.8145",
            "low": "19.7997",
            "close": "19.7997"
        },
        {
            "time": "04.11.2020 14:18",
            "open": "19.7997",
            "high": "19.7997",
            "low": "19.7997",
            "close": "19.7998"
        },
        {
            "time": "04.11.2020 14:19",
            "open": "19.7998",
            "high": "19.7999",
            "low": "19.7997",
            "close": "19.7997"
        },
        {
            "time": "04.11.2020 14:20",
            "open": "19.7997",
            "high": "19.7997",
            "low": "19.7997",
            "close": "19.831"
        },
        {
            "time": "04.11.2020 14:21",
            "open": "19.831",
            "high": "19.831",
            "low": "19.831",
            "close": "19.8167"
        },
        {
            "time": "04.11.2020 14:23",
            "open": "19.817",
            "high": "19.817",
            "low": "19.817",
            "close": "19.7997"
        },
        {
            "time": "04.11.2020 14:25",
            "open": "19.7997",
            "high": "19.8018",
            "low": "19.7997",
            "close": "19.7997"
        },
        {
            "time": "04.11.2020 14:27",
            "open": "19.7997",
            "high": "19.7997",
            "low": "19.7997",
            "close": "19.7997"
        },
        {
            "time": "04.11.2020 14:28",
            "open": "19.7997",
            "high": "19.8111",
            "low": "19.7995",
            "close": "19.8357"
        },
        {
            "time": "04.11.2020 14:34",
            "open": "19.8357",
            "high": "19.8592",
            "low": "19.8357",
            "close": "19.7995"
        },
        {
            "time": "04.11.2020 14:35",
            "open": "19.7995",
            "high": "19.7995",
            "low": "19.7995",
            "close": "19.7995"
        },
        {
            "time": "04.11.2020 14:58",
            "open": "19.7995",
            "high": "19.7995",
            "low": "19.7995",
            "close": "19.7995"
        },
        {
            "time": "04.11.2020 15:04",
            "open": "19.7995",
            "high": "19.7995",
            "low": "19.7995",
            "close": "19.7995"
        },
        {
            "time": "04.11.2020 15:14",
            "open": "19.7995",
            "high": "19.7995",
            "low": "19.7995",
            "close": "19.7995"
        },
        {
            "time": "04.11.2020 15:17",
            "open": "19.7995",
            "high": "19.7995",
            "low": "19.7994",
            "close": "19.7994"
        },
        {
            "time": "04.11.2020 15:24",
            "open": "19.7994",
            "high": "19.7994",
            "low": "19.765",
            "close": "19.7652"
        },
        {
            "time": "04.11.2020 15:25",
            "open": "19.7652",
            "high": "19.7652",
            "low": "19.6901",
            "close": "19.69"
        },
        {
            "time": "04.11.2020 15:26",
            "open": "19.69",
            "high": "19.69",
            "low": "19.6801",
            "close": "19.67"
        },
        {
            "time": "04.11.2020 15:27",
            "open": "19.67",
            "high": "19.67",
            "low": "19.67",
            "close": "19.6948"
        },
        {
            "time": "04.11.2020 15:28",
            "open": "19.6948",
            "high": "19.6948",
            "low": "19.6948",
            "close": "19.7308"
        },
        {
            "time": "04.11.2020 15:35",
            "open": "19.7308",
            "high": "19.7308",
            "low": "19.7308",
            "close": "19.7036"
        },
        {
            "time": "04.11.2020 16:11",
            "open": "19.7036",
            "high": "19.7036",
            "low": "19.7036",
            "close": "19.7036"
        },
        {
            "time": "04.11.2020 16:18",
            "open": "19.7036",
            "high": "19.7036",
            "low": "19.7036",
            "close": "19.7069"
        },
        {
            "time": "04.11.2020 16:23",
            "open": "19.7069",
            "high": "19.7069",
            "low": "19.7069",
            "close": "19.713"
        },
        {
            "time": "04.11.2020 16:24",
            "open": "19.713",
            "high": "19.713",
            "low": "19.713",
            "close": "19.6651"
        },
        {
            "time": "04.11.2020 16:32",
            "open": "19.6651",
            "high": "19.6651",
            "low": "19.6651",
            "close": "19.7447"
        },
        {
            "time": "04.11.2020 16:51",
            "open": "19.7447",
            "high": "19.745",
            "low": "19.7447",
            "close": "19.7576"
        },
        {
            "time": "04.11.2020 16:56",
            "open": "19.7576",
            "high": "19.7576",
            "low": "19.7576",
            "close": "19.7219"
        },
        {
            "time": "04.11.2020 17:02",
            "open": "19.7219",
            "high": "19.7219",
            "low": "19.7219",
            "close": "19.7465"
        },
        {
            "time": "04.11.2020 17:03",
            "open": "19.7465",
            "high": "19.7465",
            "low": "19.7465",
            "close": "19.7466"
        },
        {
            "time": "04.11.2020 17:04",
            "open": "19.7466",
            "high": "19.7466",
            "low": "19.7466",
            "close": "19.7576"
        },
        {
            "time": "04.11.2020 17:10",
            "open": "19.7576",
            "high": "19.7576",
            "low": "19.7576",
            "close": "20.1634"
        },
        {
            "time": "04.11.2020 17:17",
            "open": "20.1634",
            "high": "20.1851",
            "low": "20.1634",
            "close": "20.2196"
        },
        {
            "time": "04.11.2020 17:18",
            "open": "20.2196",
            "high": "20.3757",
            "low": "20.2196",
            "close": "20.4625"
        },
        {
            "time": "04.11.2020 17:21",
            "open": "20.4625",
            "high": "20.4625",
            "low": "20.4107",
            "close": "20.4974"
        },
        {
            "time": "04.11.2020 17:22",
            "open": "20.4974",
            "high": "20.5207",
            "low": "20.4974",
            "close": "20.3868"
        },
        {
            "time": "04.11.2020 17:25",
            "open": "20.3868",
            "high": "20.3868",
            "low": "20.3519",
            "close": "20.3136"
        },
        {
            "time": "04.11.2020 17:26",
            "open": "20.3136",
            "high": "20.3689",
            "low": "20.3136",
            "close": "20.317"
        },
        {
            "time": "04.11.2020 17:30",
            "open": "20.317",
            "high": "20.317",
            "low": "20.317",
            "close": "20.2965"
        },
        {
            "time": "04.11.2020 17:31",
            "open": "20.2965",
            "high": "20.2965",
            "low": "20.2965",
            "close": "20.2897"
        },
        {
            "time": "04.11.2020 17:37",
            "open": "20.2897",
            "high": "20.2897",
            "low": "20.2529",
            "close": "20.2103"
        },
        {
            "time": "04.11.2020 17:43",
            "open": "20.2103",
            "high": "20.2103",
            "low": "20.2103",
            "close": "20.293"
        },
        {
            "time": "04.11.2020 17:47",
            "open": "20.293",
            "high": "20.293",
            "low": "20.2058",
            "close": "20.4318"
        },
        {
            "time": "04.11.2020 17:53",
            "open": "20.4318",
            "high": "20.4342",
            "low": "20.4318",
            "close": "20.4959"
        },
        {
            "time": "04.11.2020 17:55",
            "open": "20.4959",
            "high": "20.4959",
            "low": "20.4959",
            "close": "20.5144"
        },
        {
            "time": "04.11.2020 17:56",
            "open": "20.5144",
            "high": "20.5144",
            "low": "20.5144",
            "close": "20.5138"
        },
        {
            "time": "04.11.2020 17:57",
            "open": "20.5138",
            "high": "20.5138",
            "low": "20.5138",
            "close": "20.5139"
        },
        {
            "time": "04.11.2020 17:58",
            "open": "20.5139",
            "high": "20.5139",
            "low": "20.5138",
            "close": "20.5008"
        },
        {
            "time": "04.11.2020 17:59",
            "open": "20.5008",
            "high": "20.5008",
            "low": "20.5008",
            "close": "20.5097"
        },
        {
            "time": "04.11.2020 18:00",
            "open": "20.5097",
            "high": "20.5161",
            "low": "20.4994",
            "close": "20.4758"
        },
        {
            "time": "04.11.2020 18:01",
            "open": "20.4758",
            "high": "20.4918",
            "low": "20.4747",
            "close": "20.4656"
        },
        {
            "time": "04.11.2020 18:02",
            "open": "20.4656",
            "high": "20.4656",
            "low": "20.4656",
            "close": "20.4204"
        },
        {
            "time": "04.11.2020 18:08",
            "open": "20.4204",
            "high": "20.4204",
            "low": "20.263",
            "close": "20.3848"
        },
        {
            "time": "04.11.2020 18:10",
            "open": "20.3848",
            "high": "20.3848",
            "low": "20.3847",
            "close": "20.4181"
        },
        {
            "time": "04.11.2020 18:11",
            "open": "20.4181",
            "high": "20.4183",
            "low": "20.4181",
            "close": "20.4253"
        },
        {
            "time": "04.11.2020 18:14",
            "open": "20.4253",
            "high": "20.4253",
            "low": "20.4253",
            "close": "20.4925"
        },
        {
            "time": "04.11.2020 18:21",
            "open": "20.4925",
            "high": "20.4925",
            "low": "20.4925",
            "close": "20.53"
        },
        {
            "time": "04.11.2020 18:23",
            "open": "20.5309",
            "high": "20.5309",
            "low": "20.5309",
            "close": "20.5039"
        },
        {
            "time": "04.11.2020 18:44",
            "open": "20.5039",
            "high": "20.5039",
            "low": "20.5039",
            "close": "20.5098"
        },
        {
            "time": "04.11.2020 18:46",
            "open": "20.5098",
            "high": "20.5098",
            "low": "20.5098",
            "close": "20.4354"
        },
        {
            "time": "04.11.2020 18:49",
            "open": "20.4354",
            "high": "20.4354",
            "low": "20.4354",
            "close": "20.4354"
        },
        {
            "time": "04.11.2020 18:50",
            "open": "20.4354",
            "high": "20.4354",
            "low": "20.4281",
            "close": "20.5163"
        },
        {
            "time": "04.11.2020 18:51",
            "open": "20.5163",
            "high": "20.5304",
            "low": "20.5163",
            "close": "20.4282"
        },
        {
            "time": "04.11.2020 18:52",
            "open": "20.4282",
            "high": "20.5262",
            "low": "20.4282",
            "close": "20.4316"
        },
        {
            "time": "04.11.2020 18:53",
            "open": "20.4316",
            "high": "20.5287",
            "low": "20.4316",
            "close": "20.4553"
        },
        {
            "time": "04.11.2020 18:54",
            "open": "20.4553",
            "high": "20.4556",
            "low": "20.4553",
            "close": "20.4555"
        },
        {
            "time": "04.11.2020 18:55",
            "open": "20.4555",
            "high": "20.4561",
            "low": "20.4555",
            "close": "20.5111"
        },
        {
            "time": "04.11.2020 18:56",
            "open": "20.5111",
            "high": "20.5111",
            "low": "20.5051",
            "close": "20.4019"
        },
        {
            "time": "04.11.2020 18:58",
            "open": "20.4019",
            "high": "20.4055",
            "low": "20.0001",
            "close": "20.3033"
        },
        {
            "time": "04.11.2020 19:01",
            "open": "20.3033",
            "high": "20.3033",
            "low": "20.3031",
            "close": "20.2552"
        },
        {
            "time": "04.11.2020 19:16",
            "open": "20.2552",
            "high": "20.2552",
            "low": "20.2552",
            "close": "20.1656"
        },
        {
            "time": "04.11.2020 19:33",
            "open": "20.1656",
            "high": "20.1656",
            "low": "20.0969",
            "close": "20.192"
        },
        {
            "time": "04.11.2020 19:37",
            "open": "20.192",
            "high": "20.193",
            "low": "20.192",
            "close": "20.2466"
        },
        {
            "time": "04.11.2020 19:38",
            "open": "20.2466",
            "high": "20.2466",
            "low": "20.2466",
            "close": "20.2185"
        },
        {
            "time": "04.11.2020 19:45",
            "open": "20.2185",
            "high": "20.2185",
            "low": "20.2098",
            "close": "20.3005"
        },
        {
            "time": "04.11.2020 19:47",
            "open": "20.3005",
            "high": "20.3005",
            "low": "20.3005",
            "close": "20.2595"
        },
        {
            "time": "04.11.2020 19:49",
            "open": "20.2595",
            "high": "20.2595",
            "low": "20.2595",
            "close": "20.2759"
        },
        {
            "time": "04.11.2020 19:52",
            "open": "20.2759",
            "high": "20.276",
            "low": "20.2759",
            "close": "20.3073"
        },
        {
            "time": "04.11.2020 19:55",
            "open": "20.3073",
            "high": "20.3073",
            "low": "20.2952",
            "close": "20.3013"
        },
        {
            "time": "04.11.2020 19:56",
            "open": "20.3013",
            "high": "20.3013",
            "low": "20.3013",
            "close": "20.2657"
        },
        {
            "time": "04.11.2020 20:01",
            "open": "20.2657",
            "high": "20.2657",
            "low": "20.2657",
            "close": "20.2617"
        },
        {
            "time": "04.11.2020 20:02",
            "open": "20.2617",
            "high": "20.2617",
            "low": "20.2617",
            "close": "20.179"
        },
        {
            "time": "04.11.2020 20:03",
            "open": "20.179",
            "high": "20.179",
            "low": "20.179",
            "close": "20.2804"
        },
        {
            "time": "04.11.2020 20:04",
            "open": "20.2804",
            "high": "20.2804",
            "low": "20.2804",
            "close": "20.1683"
        },
        {
            "time": "04.11.2020 20:11",
            "open": "20.1683",
            "high": "20.2618",
            "low": "20.1683",
            "close": "20.2363"
        },
        {
            "time": "04.11.2020 20:13",
            "open": "20.2363",
            "high": "20.2363",
            "low": "20.2363",
            "close": "20.1269"
        },
        {
            "time": "04.11.2020 20:15",
            "open": "20.1269",
            "high": "20.1269",
            "low": "20.1269",
            "close": "20.1853"
        },
        {
            "time": "04.11.2020 20:24",
            "open": "20.1853",
            "high": "20.1853",
            "low": "20.1853",
            "close": "20.1975"
        },
        {
            "time": "04.11.2020 20:25",
            "open": "20.1975",
            "high": "20.1975",
            "low": "20.1975",
            "close": "20.1793"
        },
        {
            "time": "04.11.2020 20:45",
            "open": "20.1793",
            "high": "20.1793",
            "low": "20.1793",
            "close": "20.1781"
        },
        {
            "time": "04.11.2020 20:46",
            "open": "20.1781",
            "high": "20.1781",
            "low": "20.1554",
            "close": "20.1779"
        },
        {
            "time": "04.11.2020 20:48",
            "open": "20.1779",
            "high": "20.178",
            "low": "20.1779",
            "close": "20.1576"
        },
        {
            "time": "04.11.2020 20:49",
            "open": "20.1576",
            "high": "20.1576",
            "low": "20.1576",
            "close": "20.1899"
        },
        {
            "time": "04.11.2020 20:54",
            "open": "20.1899",
            "high": "20.1899",
            "low": "20.175",
            "close": "20.0948"
        },
        {
            "time": "04.11.2020 21:01",
            "open": "20.0948",
            "high": "20.124",
            "low": "20.01",
            "close": "20.167"
        },
        {
            "time": "04.11.2020 21:03",
            "open": "20.167",
            "high": "20.167",
            "low": "20.167",
            "close": "20.1571"
        },
        {
            "time": "04.11.2020 21:04",
            "open": "20.1571",
            "high": "20.1571",
            "low": "20.1571",
            "close": "20.1574"
        },
        {
            "time": "04.11.2020 21:09",
            "open": "20.1574",
            "high": "20.1574",
            "low": "20.1538",
            "close": "20.1451"
        },
        {
            "time": "04.11.2020 21:18",
            "open": "20.1451",
            "high": "20.1453",
            "low": "20.1451",
            "close": "20.1"
        },
        {
            "time": "04.11.2020 21:19",
            "open": "20.1",
            "high": "20.1",
            "low": "20.1",
            "close": "20.0526"
        },
        {
            "time": "04.11.2020 21:22",
            "open": "20.0526",
            "high": "20.058",
            "low": "20.0526",
            "close": "20.0407"
        },
        {
            "time": "04.11.2020 21:24",
            "open": "20.0407",
            "high": "20.0407",
            "low": "20.0348",
            "close": "20.0343"
        },
        {
            "time": "04.11.2020 21:25",
            "open": "20.0343",
            "high": "20.0343",
            "low": "20.0343",
            "close": "20.0025"
        },
        {
            "time": "04.11.2020 21:26",
            "open": "20.0025",
            "high": "20.0259",
            "low": "20",
            "close": "20.0256"
        },
        {
            "time": "04.11.2020 21:28",
            "open": "20.0256",
            "high": "20.0256",
            "low": "20.0252",
            "close": "20.0282"
        },
        {
            "time": "04.11.2020 21:29",
            "open": "20.0282",
            "high": "20.0282",
            "low": "20.0011",
            "close": "20.084"
        },
        {
            "time": "04.11.2020 21:33",
            "open": "20.084",
            "high": "20.084",
            "low": "20.084",
            "close": "20.0262"
        },
        {
            "time": "04.11.2020 21:35",
            "open": "20.0262",
            "high": "20.0262",
            "low": "20.026",
            "close": "20.1"
        },
        {
            "time": "04.11.2020 21:48",
            "open": "20.1",
            "high": "20.1",
            "low": "20.1",
            "close": "20.1"
        },
        {
            "time": "04.11.2020 21:49",
            "open": "20.1",
            "high": "20.1",
            "low": "20.1",
            "close": "20.1825"
        },
        {
            "time": "04.11.2020 21:55",
            "open": "20.1825",
            "high": "20.1826",
            "low": "20.1825",
            "close": "20.2317"
        },
        {
            "time": "04.11.2020 21:59",
            "open": "20.2317",
            "high": "20.2317",
            "low": "20.2317",
            "close": "20.252"
        },
        {
            "time": "04.11.2020 22:04",
            "open": "20.252",
            "high": "20.252",
            "low": "20.252",
            "close": "20.2682"
        },
        {
            "time": "04.11.2020 22:06",
            "open": "20.2682",
            "high": "20.2682",
            "low": "20.2682",
            "close": "20.26"
        },
        {
            "time": "04.11.2020 22:21",
            "open": "20.26",
            "high": "20.3119",
            "low": "20.1873",
            "close": "20.2376"
        },
        {
            "time": "04.11.2020 22:22",
            "open": "20.2376",
            "high": "20.2376",
            "low": "20.2376",
            "close": "20.3294"
        },
        {
            "time": "04.11.2020 22:25",
            "open": "20.3294",
            "high": "20.3294",
            "low": "20.3294",
            "close": "20.3185"
        },
        {
            "time": "04.11.2020 22:26",
            "open": "20.3185",
            "high": "20.3449",
            "low": "20.3185",
            "close": "20.386"
        },
        {
            "time": "04.11.2020 22:32",
            "open": "20.386",
            "high": "20.4298",
            "low": "20.386",
            "close": "20.3863"
        },
        {
            "time": "04.11.2020 22:45",
            "open": "20.3863",
            "high": "20.3863",
            "low": "20.3564",
            "close": "20.3722"
        },
        {
            "time": "04.11.2020 22:48",
            "open": "20.3722",
            "high": "20.3722",
            "low": "20.3564",
            "close": "20.4185"
        },
        {
            "time": "04.11.2020 23:05",
            "open": "20.4185",
            "high": "20.4185",
            "low": "20.3943",
            "close": "20.5031"
        },
        {
            "time": "04.11.2020 23:11",
            "open": "20.5031",
            "high": "20.5031",
            "low": "20.5031",
            "close": "20.4968"
        },
        {
            "time": "04.11.2020 23:16",
            "open": "20.4968",
            "high": "20.4968",
            "low": "20.4968",
            "close": "20.4888"
        },
        {
            "time": "04.11.2020 23:20",
            "open": "20.4888",
            "high": "20.4888",
            "low": "20.4888",
            "close": "20.5607"
        },
        {
            "time": "04.11.2020 23:23",
            "open": "20.5607",
            "high": "20.5608",
            "low": "20.5607",
            "close": "20.5739"
        },
        {
            "time": "04.11.2020 23:26",
            "open": "20.5739",
            "high": "20.5739",
            "low": "20.5739",
            "close": "20.4941"
        },
        {
            "time": "04.11.2020 23:32",
            "open": "20.4941",
            "high": "20.4941",
            "low": "20.3564",
            "close": "20.3596"
        },
        {
            "time": "04.11.2020 23:33",
            "open": "20.3596",
            "high": "20.3596",
            "low": "20.3596",
            "close": "20.2376"
        },
        {
            "time": "04.11.2020 23:34",
            "open": "20.2376",
            "high": "20.3552",
            "low": "20.0006",
            "close": "20.2221"
        },
        {
            "time": "04.11.2020 23:38",
            "open": "20.2221",
            "high": "20.2221",
            "low": "20.2221",
            "close": "20.3869"
        },
        {
            "time": "04.11.2020 23:40",
            "open": "20.3869",
            "high": "20.3869",
            "low": "20.3869",
            "close": "20.3224"
        },
        {
            "time": "04.11.2020 23:50",
            "open": "20.3224",
            "high": "20.3224",
            "low": "20.3224",
            "close": "20.3082"
        },
        {
            "time": "04.11.2020 23:53",
            "open": "20.3082",
            "high": "20.3082",
            "low": "20.2283",
            "close": "20.2997"
        }
    ]
}