{
    "NMR-EUR": [
        {
            "time": "02.11.2020 23:52",
            "open": "19.7135",
            "high": "19.7135",
            "low": "19.7135",
            "close": "19.7506"
        },
        {
            "time": "03.11.2020 00:01",
            "open": "19.7506",
            "high": "19.7506",
            "low": "19.7502",
            "close": "19.7491"
        },
        {
            "time": "03.11.2020 00:02",
            "open": "19.7491",
            "high": "19.7499",
            "low": "19.7491",
            "close": "19.7406"
        },
        {
            "time": "03.11.2020 00:11",
            "open": "19.7406",
            "high": "19.7406",
            "low": "19.7306",
            "close": "19.7454"
        },
        {
            "time": "03.11.2020 00:14",
            "open": "19.7454",
            "high": "19.7455",
            "low": "19.7447",
            "close": "19.7524"
        },
        {
            "time": "03.11.2020 00:26",
            "open": "19.7524",
            "high": "19.7524",
            "low": "19.7506",
            "close": "19.7541"
        },
        {
            "time": "03.11.2020 00:29",
            "open": "19.7541",
            "high": "19.7541",
            "low": "19.7541",
            "close": "19.7521"
        },
        {
            "time": "03.11.2020 00:30",
            "open": "19.7521",
            "high": "19.7521",
            "low": "19.7521",
            "close": "19.7551"
        },
        {
            "time": "03.11.2020 01:01",
            "open": "19.7551",
            "high": "19.7551",
            "low": "19.7551",
            "close": "19.7468"
        },
        {
            "time": "03.11.2020 01:11",
            "open": "19.7468",
            "high": "19.7468",
            "low": "19.7467",
            "close": "19.7401"
        },
        {
            "time": "03.11.2020 01:12",
            "open": "19.7401",
            "high": "19.7401",
            "low": "19.7401",
            "close": "19.7521"
        },
        {
            "time": "03.11.2020 01:26",
            "open": "19.7521",
            "high": "19.7521",
            "low": "19.7521",
            "close": "19.8833"
        },
        {
            "time": "03.11.2020 02:17",
            "open": "19.8833",
            "high": "19.8833",
            "low": "19.8833",
            "close": "19.881"
        },
        {
            "time": "03.11.2020 02:18",
            "open": "19.881",
            "high": "19.881",
            "low": "19.881",
            "close": "19.8563"
        },
        {
            "time": "03.11.2020 02:50",
            "open": "19.8563",
            "high": "19.8563",
            "low": "19.8563",
            "close": "19.8471"
        },
        {
            "time": "03.11.2020 02:51",
            "open": "19.8471",
            "high": "19.8471",
            "low": "19.8471",
            "close": "19.8459"
        },
        {
            "time": "03.11.2020 02:53",
            "open": "19.8459",
            "high": "19.8459",
            "low": "19.8459",
            "close": "19.8467"
        },
        {
            "time": "03.11.2020 03:39",
            "open": "19.8467",
            "high": "19.8467",
            "low": "19.8459",
            "close": "19.8248"
        },
        {
            "time": "03.11.2020 03:43",
            "open": "19.8248",
            "high": "19.8248",
            "low": "19.8248",
            "close": "19.7689"
        },
        {
            "time": "03.11.2020 03:52",
            "open": "19.7689",
            "high": "19.7689",
            "low": "19.7689",
            "close": "19.76"
        },
        {
            "time": "03.11.2020 03:56",
            "open": "19.76",
            "high": "19.76",
            "low": "19.76",
            "close": "19.76"
        },
        {
            "time": "03.11.2020 03:57",
            "open": "19.76",
            "high": "19.7627",
            "low": "19.75",
            "close": "19.7725"
        },
        {
            "time": "03.11.2020 03:59",
            "open": "19.7725",
            "high": "19.7725",
            "low": "19.7725",
            "close": "19.7655"
        },
        {
            "time": "03.11.2020 04:00",
            "open": "19.7655",
            "high": "19.7655",
            "low": "19.7655",
            "close": "19.8003"
        },
        {
            "time": "03.11.2020 04:02",
            "open": "19.8003",
            "high": "19.8003",
            "low": "19.8003",
            "close": "19.7933"
        },
        {
            "time": "03.11.2020 04:03",
            "open": "19.7933",
            "high": "19.7933",
            "low": "19.7701",
            "close": "19.7853"
        },
        {
            "time": "03.11.2020 04:04",
            "open": "19.7853",
            "high": "19.7855",
            "low": "19.7852",
            "close": "19.7926"
        },
        {
            "time": "03.11.2020 04:05",
            "open": "19.7926",
            "high": "19.8078",
            "low": "19.7926",
            "close": "19.8549"
        },
        {
            "time": "03.11.2020 04:07",
            "open": "19.8549",
            "high": "19.8822",
            "low": "19.8435",
            "close": "19.8506"
        },
        {
            "time": "03.11.2020 04:08",
            "open": "19.8506",
            "high": "19.8506",
            "low": "19.8374",
            "close": "19.7939"
        },
        {
            "time": "03.11.2020 04:09",
            "open": "19.7939",
            "high": "19.804",
            "low": "19.7939",
            "close": "19.7875"
        },
        {
            "time": "03.11.2020 04:10",
            "open": "19.7875",
            "high": "19.8294",
            "low": "19.7805",
            "close": "19.7633"
        },
        {
            "time": "03.11.2020 04:11",
            "open": "19.7633",
            "high": "19.7633",
            "low": "19.7526",
            "close": "19.6901"
        },
        {
            "time": "03.11.2020 04:12",
            "open": "19.6901",
            "high": "19.7656",
            "low": "19.6901",
            "close": "19.7572"
        },
        {
            "time": "03.11.2020 04:13",
            "open": "19.7572",
            "high": "19.7594",
            "low": "19.7403",
            "close": "19.757"
        },
        {
            "time": "03.11.2020 04:15",
            "open": "19.757",
            "high": "19.7783",
            "low": "19.757",
            "close": "19.7688"
        },
        {
            "time": "03.11.2020 04:16",
            "open": "19.7688",
            "high": "19.7706",
            "low": "19.7688",
            "close": "19.7871"
        },
        {
            "time": "03.11.2020 04:21",
            "open": "19.7871",
            "high": "19.7871",
            "low": "19.7871",
            "close": "19.7927"
        },
        {
            "time": "03.11.2020 04:25",
            "open": "19.7927",
            "high": "19.7927",
            "low": "19.7927",
            "close": "19.7664"
        },
        {
            "time": "03.11.2020 04:26",
            "open": "19.7664",
            "high": "19.767",
            "low": "19.7612",
            "close": "19.7646"
        },
        {
            "time": "03.11.2020 04:31",
            "open": "19.7646",
            "high": "19.7646",
            "low": "19.7646",
            "close": "19.7754"
        },
        {
            "time": "03.11.2020 04:33",
            "open": "19.7754",
            "high": "19.7766",
            "low": "19.7601",
            "close": "19.7612"
        },
        {
            "time": "03.11.2020 04:34",
            "open": "19.7612",
            "high": "19.7702",
            "low": "19.7612",
            "close": "19.8178"
        },
        {
            "time": "03.11.2020 04:35",
            "open": "19.8178",
            "high": "19.833",
            "low": "19.8178",
            "close": "19.7878"
        },
        {
            "time": "03.11.2020 04:36",
            "open": "19.7878",
            "high": "19.8194",
            "low": "19.7873",
            "close": "19.8031"
        },
        {
            "time": "03.11.2020 04:37",
            "open": "19.8031",
            "high": "19.8144",
            "low": "19.8031",
            "close": "19.8156"
        },
        {
            "time": "03.11.2020 04:38",
            "open": "19.8156",
            "high": "19.8156",
            "low": "19.8156",
            "close": "19.829"
        },
        {
            "time": "03.11.2020 04:39",
            "open": "19.829",
            "high": "19.8292",
            "low": "19.829",
            "close": "19.8623"
        },
        {
            "time": "03.11.2020 04:40",
            "open": "19.8623",
            "high": "19.8631",
            "low": "19.8623",
            "close": "19.8956"
        },
        {
            "time": "03.11.2020 04:42",
            "open": "19.8956",
            "high": "19.8979",
            "low": "19.8956",
            "close": "19.8959"
        },
        {
            "time": "03.11.2020 04:43",
            "open": "19.8959",
            "high": "19.9041",
            "low": "19.8959",
            "close": "19.9623"
        },
        {
            "time": "03.11.2020 04:44",
            "open": "19.9623",
            "high": "19.9623",
            "low": "19.9623",
            "close": "19.9723"
        },
        {
            "time": "03.11.2020 04:45",
            "open": "19.9723",
            "high": "20.0145",
            "low": "19.9723",
            "close": "19.9994"
        },
        {
            "time": "03.11.2020 04:46",
            "open": "19.9994",
            "high": "20.0189",
            "low": "19.9881",
            "close": "19.9881"
        },
        {
            "time": "03.11.2020 04:47",
            "open": "19.9881",
            "high": "19.9881",
            "low": "19.9239",
            "close": "20.0039"
        },
        {
            "time": "03.11.2020 04:48",
            "open": "20.0039",
            "high": "20.1006",
            "low": "20",
            "close": "20.1109"
        },
        {
            "time": "03.11.2020 04:49",
            "open": "20.1109",
            "high": "20.1634",
            "low": "20.0454",
            "close": "20.1711"
        },
        {
            "time": "03.11.2020 04:50",
            "open": "20.1711",
            "high": "20.226",
            "low": "20.166",
            "close": "20.2179"
        },
        {
            "time": "03.11.2020 04:51",
            "open": "20.2179",
            "high": "20.2462",
            "low": "20.029",
            "close": "20.0766"
        },
        {
            "time": "03.11.2020 04:52",
            "open": "20.0766",
            "high": "20.1",
            "low": "20.0766",
            "close": "20.2333"
        },
        {
            "time": "03.11.2020 04:53",
            "open": "20.2333",
            "high": "20.7836",
            "low": "20.2333",
            "close": "20.7125"
        },
        {
            "time": "03.11.2020 04:54",
            "open": "20.7125",
            "high": "20.8014",
            "low": "20.3377",
            "close": "20.8934"
        },
        {
            "time": "03.11.2020 04:55",
            "open": "20.8934",
            "high": "21.0865",
            "low": "20.3595",
            "close": "21.1695"
        },
        {
            "time": "03.11.2020 04:56",
            "open": "21.1695",
            "high": "21.25",
            "low": "20.9424",
            "close": "21.1498"
        },
        {
            "time": "03.11.2020 04:57",
            "open": "21.1498",
            "high": "21.2365",
            "low": "20.708",
            "close": "21.136"
        },
        {
            "time": "03.11.2020 04:58",
            "open": "21.136",
            "high": "21.136",
            "low": "20.5776",
            "close": "20.9218"
        },
        {
            "time": "03.11.2020 04:59",
            "open": "20.9218",
            "high": "20.922",
            "low": "20.6522",
            "close": "20.9416"
        },
        {
            "time": "03.11.2020 05:00",
            "open": "20.9416",
            "high": "20.9515",
            "low": "20.8851",
            "close": "20.9425"
        },
        {
            "time": "03.11.2020 05:01",
            "open": "20.9425",
            "high": "21.0089",
            "low": "20.8705",
            "close": "20.9445"
        },
        {
            "time": "03.11.2020 05:02",
            "open": "20.9445",
            "high": "20.9872",
            "low": "20.9442",
            "close": "21.0599"
        },
        {
            "time": "03.11.2020 05:03",
            "open": "21.0599",
            "high": "21.0599",
            "low": "20.7176",
            "close": "20.7197"
        },
        {
            "time": "03.11.2020 05:04",
            "open": "20.7197",
            "high": "20.7781",
            "low": "20.6758",
            "close": "20.6371"
        },
        {
            "time": "03.11.2020 05:05",
            "open": "20.6371",
            "high": "20.6371",
            "low": "20.5749",
            "close": "20.4065"
        },
        {
            "time": "03.11.2020 05:07",
            "open": "20.4065",
            "high": "20.4066",
            "low": "20.4063",
            "close": "20.2755"
        },
        {
            "time": "03.11.2020 05:08",
            "open": "20.2755",
            "high": "20.5411",
            "low": "20.2755",
            "close": "20.7069"
        },
        {
            "time": "03.11.2020 05:09",
            "open": "20.7069",
            "high": "20.707",
            "low": "20.6233",
            "close": "20.6533"
        },
        {
            "time": "03.11.2020 05:10",
            "open": "20.6533",
            "high": "20.6533",
            "low": "20.611",
            "close": "20.5803"
        },
        {
            "time": "03.11.2020 05:11",
            "open": "20.5803",
            "high": "20.5803",
            "low": "20.5582",
            "close": "20.6115"
        },
        {
            "time": "03.11.2020 05:15",
            "open": "20.6115",
            "high": "20.6362",
            "low": "20.6115",
            "close": "20.7184"
        },
        {
            "time": "03.11.2020 05:16",
            "open": "20.7184",
            "high": "20.7229",
            "low": "20.7184",
            "close": "20.7783"
        },
        {
            "time": "03.11.2020 05:19",
            "open": "20.7783",
            "high": "20.7783",
            "low": "20.7783",
            "close": "20.4924"
        },
        {
            "time": "03.11.2020 05:21",
            "open": "20.4924",
            "high": "20.4924",
            "low": "20.4924",
            "close": "20.4884"
        },
        {
            "time": "03.11.2020 05:22",
            "open": "20.4884",
            "high": "20.4884",
            "low": "20.4881",
            "close": "20.5054"
        },
        {
            "time": "03.11.2020 05:23",
            "open": "20.5054",
            "high": "20.5054",
            "low": "20.5054",
            "close": "20.2886"
        },
        {
            "time": "03.11.2020 05:29",
            "open": "20.2886",
            "high": "20.2886",
            "low": "20.2886",
            "close": "20.2025"
        },
        {
            "time": "03.11.2020 05:30",
            "open": "20.2025",
            "high": "20.2025",
            "low": "20.0523",
            "close": "20.0455"
        },
        {
            "time": "03.11.2020 05:33",
            "open": "20.0455",
            "high": "20.0455",
            "low": "20.0125",
            "close": "19.939"
        },
        {
            "time": "03.11.2020 05:44",
            "open": "19.939",
            "high": "19.939",
            "low": "19.8856",
            "close": "19.7953"
        },
        {
            "time": "03.11.2020 05:50",
            "open": "19.7953",
            "high": "19.7953",
            "low": "19.7953",
            "close": "19.7601"
        },
        {
            "time": "03.11.2020 05:58",
            "open": "19.7601",
            "high": "19.7748",
            "low": "19.7601",
            "close": "19.7748"
        },
        {
            "time": "03.11.2020 06:14",
            "open": "19.7748",
            "high": "19.7749",
            "low": "19.7748",
            "close": "19.7749"
        },
        {
            "time": "03.11.2020 06:16",
            "open": "19.7749",
            "high": "19.7749",
            "low": "19.7749",
            "close": "19.7749"
        },
        {
            "time": "03.11.2020 06:17",
            "open": "19.7749",
            "high": "19.7749",
            "low": "19.7748",
            "close": "19.7748"
        },
        {
            "time": "03.11.2020 06:18",
            "open": "19.7748",
            "high": "19.7748",
            "low": "19.7748",
            "close": "19.7749"
        },
        {
            "time": "03.11.2020 06:21",
            "open": "19.7749",
            "high": "19.7749",
            "low": "19.7748",
            "close": "19.7754"
        },
        {
            "time": "03.11.2020 06:24",
            "open": "19.7754",
            "high": "19.8185",
            "low": "19.7754",
            "close": "19.7748"
        },
        {
            "time": "03.11.2020 06:33",
            "open": "19.7579",
            "high": "19.7579",
            "low": "19.7579",
            "close": "19.7426"
        },
        {
            "time": "03.11.2020 06:38",
            "open": "19.7426",
            "high": "19.7721",
            "low": "19.7425",
            "close": "19.7425"
        },
        {
            "time": "03.11.2020 06:41",
            "open": "19.7425",
            "high": "19.7425",
            "low": "19.7425",
            "close": "19.7596"
        },
        {
            "time": "03.11.2020 06:44",
            "open": "19.7596",
            "high": "20.2319",
            "low": "19.7596",
            "close": "19.8524"
        },
        {
            "time": "03.11.2020 06:45",
            "open": "19.8524",
            "high": "20.2299",
            "low": "19.8179",
            "close": "20.1772"
        },
        {
            "time": "03.11.2020 06:46",
            "open": "20.1772",
            "high": "20.6185",
            "low": "20.1772",
            "close": "20.5973"
        },
        {
            "time": "03.11.2020 06:47",
            "open": "20.5973",
            "high": "20.95",
            "low": "20.5973",
            "close": "20.95"
        },
        {
            "time": "03.11.2020 06:48",
            "open": "20.95",
            "high": "21",
            "low": "20.95",
            "close": "20.9701"
        },
        {
            "time": "03.11.2020 06:49",
            "open": "20.9701",
            "high": "20.974",
            "low": "20.2438",
            "close": "20.4017"
        },
        {
            "time": "03.11.2020 06:50",
            "open": "20.4017",
            "high": "20.4017",
            "low": "20",
            "close": "20.295"
        },
        {
            "time": "03.11.2020 06:51",
            "open": "20.295",
            "high": "20.3013",
            "low": "20.2101",
            "close": "20.3705"
        },
        {
            "time": "03.11.2020 06:52",
            "open": "20.3705",
            "high": "20.9948",
            "low": "20.3303",
            "close": "20.5233"
        },
        {
            "time": "03.11.2020 06:53",
            "open": "20.5233",
            "high": "20.8595",
            "low": "20.3802",
            "close": "20.5654"
        },
        {
            "time": "03.11.2020 06:54",
            "open": "20.5654",
            "high": "20.8249",
            "low": "20.3855",
            "close": "20.4754"
        },
        {
            "time": "03.11.2020 06:55",
            "open": "20.4754",
            "high": "20.7817",
            "low": "20.4754",
            "close": "20.729"
        },
        {
            "time": "03.11.2020 06:56",
            "open": "20.729",
            "high": "20.729",
            "low": "20.5175",
            "close": "20.4684"
        },
        {
            "time": "03.11.2020 06:57",
            "open": "20.4684",
            "high": "20.6654",
            "low": "20.4684",
            "close": "20.4812"
        },
        {
            "time": "03.11.2020 06:58",
            "open": "20.4812",
            "high": "20.4812",
            "low": "20.4454",
            "close": "20.3005"
        },
        {
            "time": "03.11.2020 06:59",
            "open": "20.3005",
            "high": "20.5233",
            "low": "20.2934",
            "close": "20.5608"
        },
        {
            "time": "03.11.2020 07:00",
            "open": "20.5608",
            "high": "20.8279",
            "low": "20.5608",
            "close": "20.8329"
        },
        {
            "time": "03.11.2020 07:01",
            "open": "20.8329",
            "high": "20.8329",
            "low": "20.5336",
            "close": "20.4388"
        },
        {
            "time": "03.11.2020 07:02",
            "open": "20.4388",
            "high": "20.4427",
            "low": "20.423",
            "close": "20.3114"
        },
        {
            "time": "03.11.2020 07:03",
            "open": "20.3114",
            "high": "20.3114",
            "low": "20.1634",
            "close": "20.0536"
        },
        {
            "time": "03.11.2020 07:07",
            "open": "20.0536",
            "high": "20.0538",
            "low": "20.0535",
            "close": "20.0509"
        },
        {
            "time": "03.11.2020 07:13",
            "open": "20.0509",
            "high": "20.0509",
            "low": "20.0325",
            "close": "19.9806"
        },
        {
            "time": "03.11.2020 07:14",
            "open": "19.9806",
            "high": "19.9807",
            "low": "19.9805",
            "close": "19.9382"
        },
        {
            "time": "03.11.2020 07:16",
            "open": "19.9382",
            "high": "19.9382",
            "low": "19.9382",
            "close": "19.8678"
        },
        {
            "time": "03.11.2020 07:18",
            "open": "19.8678",
            "high": "19.8678",
            "low": "19.8087",
            "close": "19.8087"
        },
        {
            "time": "03.11.2020 07:20",
            "open": "19.8087",
            "high": "19.8087",
            "low": "19.8087",
            "close": "19.8579"
        },
        {
            "time": "03.11.2020 07:26",
            "open": "19.8579",
            "high": "19.8579",
            "low": "19.8547",
            "close": "19.8493"
        },
        {
            "time": "03.11.2020 07:29",
            "open": "19.8493",
            "high": "19.8548",
            "low": "19.8493",
            "close": "19.8547"
        },
        {
            "time": "03.11.2020 07:32",
            "open": "19.8547",
            "high": "19.8547",
            "low": "19.8547",
            "close": "19.8547"
        },
        {
            "time": "03.11.2020 07:33",
            "open": "19.8547",
            "high": "19.8547",
            "low": "19.8547",
            "close": "19.8551"
        },
        {
            "time": "03.11.2020 07:38",
            "open": "19.8551",
            "high": "19.9401",
            "low": "19.8551",
            "close": "20.0023"
        },
        {
            "time": "03.11.2020 07:39",
            "open": "20.0023",
            "high": "20.6539",
            "low": "19.9398",
            "close": "20.0737"
        },
        {
            "time": "03.11.2020 07:40",
            "open": "20.0737",
            "high": "20.1905",
            "low": "20.0735",
            "close": "20.1501"
        },
        {
            "time": "03.11.2020 07:41",
            "open": "20.1501",
            "high": "20.2407",
            "low": "20.12",
            "close": "20.2986"
        },
        {
            "time": "03.11.2020 07:42",
            "open": "20.2986",
            "high": "20.477",
            "low": "20.237",
            "close": "20.2468"
        },
        {
            "time": "03.11.2020 07:43",
            "open": "20.2468",
            "high": "20.2468",
            "low": "20.2468",
            "close": "20.2079"
        },
        {
            "time": "03.11.2020 07:44",
            "open": "20.2079",
            "high": "20.2079",
            "low": "20.2079",
            "close": "20.1558"
        },
        {
            "time": "03.11.2020 07:46",
            "open": "20.1558",
            "high": "20.1558",
            "low": "20.1299",
            "close": "20.04"
        },
        {
            "time": "03.11.2020 07:49",
            "open": "20.04",
            "high": "20.04",
            "low": "20.04",
            "close": "20.0327"
        },
        {
            "time": "03.11.2020 07:50",
            "open": "20.0327",
            "high": "20.0327",
            "low": "20.0327",
            "close": "20.0325"
        },
        {
            "time": "03.11.2020 07:53",
            "open": "20.0325",
            "high": "20.0325",
            "low": "20.0325",
            "close": "20.0406"
        },
        {
            "time": "03.11.2020 07:55",
            "open": "20.0406",
            "high": "20.0406",
            "low": "20.0165",
            "close": "19.9009"
        },
        {
            "time": "03.11.2020 08:14",
            "open": "19.9009",
            "high": "19.9009",
            "low": "19.9008",
            "close": "19.8936"
        },
        {
            "time": "03.11.2020 08:38",
            "open": "19.8936",
            "high": "19.8936",
            "low": "19.8936",
            "close": "19.9342"
        },
        {
            "time": "03.11.2020 08:39",
            "open": "19.9342",
            "high": "19.9342",
            "low": "19.9342",
            "close": "20.0289"
        },
        {
            "time": "03.11.2020 08:40",
            "open": "20.0289",
            "high": "20.0952",
            "low": "20.0289",
            "close": "20.0965"
        },
        {
            "time": "03.11.2020 08:41",
            "open": "20.0965",
            "high": "20.1918",
            "low": "20.0965",
            "close": "20.1715"
        },
        {
            "time": "03.11.2020 08:42",
            "open": "20.1715",
            "high": "20.1716",
            "low": "20.1714",
            "close": "20.239"
        },
        {
            "time": "03.11.2020 08:43",
            "open": "20.239",
            "high": "20.2392",
            "low": "20.239",
            "close": "20.2024"
        },
        {
            "time": "03.11.2020 08:46",
            "open": "20.2024",
            "high": "20.2024",
            "low": "20.2024",
            "close": "20.0874"
        },
        {
            "time": "03.11.2020 08:47",
            "open": "20.0874",
            "high": "20.0874",
            "low": "20.0874",
            "close": "20.0874"
        },
        {
            "time": "03.11.2020 08:48",
            "open": "20.0874",
            "high": "20.0874",
            "low": "20.0874",
            "close": "20.0442"
        },
        {
            "time": "03.11.2020 08:50",
            "open": "20.0442",
            "high": "20.0442",
            "low": "20.0442",
            "close": "20.0574"
        },
        {
            "time": "03.11.2020 08:54",
            "open": "20.0574",
            "high": "20.0574",
            "low": "20.0574",
            "close": "20.0352"
        },
        {
            "time": "03.11.2020 09:06",
            "open": "20.0352",
            "high": "20.0352",
            "low": "20.0352",
            "close": "20.035"
        },
        {
            "time": "03.11.2020 09:07",
            "open": "20.035",
            "high": "20.035",
            "low": "20.035",
            "close": "19.9276"
        },
        {
            "time": "03.11.2020 09:11",
            "open": "19.9276",
            "high": "19.9276",
            "low": "19.9237",
            "close": "19.8755"
        },
        {
            "time": "03.11.2020 09:18",
            "open": "19.8755",
            "high": "19.9288",
            "low": "19.8755",
            "close": "19.8635"
        },
        {
            "time": "03.11.2020 09:20",
            "open": "19.8635",
            "high": "19.8635",
            "low": "19.7059",
            "close": "19.7161"
        },
        {
            "time": "03.11.2020 09:21",
            "open": "19.7161",
            "high": "19.7465",
            "low": "19.7075",
            "close": "19.7147"
        },
        {
            "time": "03.11.2020 09:22",
            "open": "19.7147",
            "high": "19.7379",
            "low": "19.7142",
            "close": "19.7571"
        },
        {
            "time": "03.11.2020 09:29",
            "open": "19.7571",
            "high": "19.7603",
            "low": "19.7571",
            "close": "19.7713"
        },
        {
            "time": "03.11.2020 09:30",
            "open": "19.7713",
            "high": "19.8294",
            "low": "19.7713",
            "close": "19.7785"
        },
        {
            "time": "03.11.2020 09:32",
            "open": "19.7785",
            "high": "19.7785",
            "low": "19.752",
            "close": "19.7874"
        },
        {
            "time": "03.11.2020 09:36",
            "open": "19.7874",
            "high": "19.7874",
            "low": "19.7874",
            "close": "19.8122"
        },
        {
            "time": "03.11.2020 09:39",
            "open": "19.8122",
            "high": "19.8122",
            "low": "19.8026",
            "close": "19.8768"
        },
        {
            "time": "03.11.2020 09:40",
            "open": "19.8768",
            "high": "19.9274",
            "low": "19.8768",
            "close": "19.8642"
        },
        {
            "time": "03.11.2020 09:45",
            "open": "19.8642",
            "high": "19.8642",
            "low": "19.8642",
            "close": "19.9265"
        },
        {
            "time": "03.11.2020 09:50",
            "open": "19.9265",
            "high": "19.9383",
            "low": "19.9265",
            "close": "19.9582"
        },
        {
            "time": "03.11.2020 09:51",
            "open": "19.9582",
            "high": "20.021",
            "low": "19.9582",
            "close": "20.041"
        },
        {
            "time": "03.11.2020 09:52",
            "open": "20.041",
            "high": "20.041",
            "low": "20.0118",
            "close": "20.0283"
        },
        {
            "time": "03.11.2020 09:53",
            "open": "20.0259",
            "high": "20.0259",
            "low": "20.0259",
            "close": "20.046"
        },
        {
            "time": "03.11.2020 09:59",
            "open": "20.046",
            "high": "20.0482",
            "low": "20.046",
            "close": "20.095"
        },
        {
            "time": "03.11.2020 10:00",
            "open": "20.095",
            "high": "20.095",
            "low": "20.095",
            "close": "20.0917"
        },
        {
            "time": "03.11.2020 10:01",
            "open": "20.0917",
            "high": "20.0917",
            "low": "20.0916",
            "close": "20.099"
        },
        {
            "time": "03.11.2020 10:02",
            "open": "20.099",
            "high": "20.1062",
            "low": "20.0946",
            "close": "20.1634"
        },
        {
            "time": "03.11.2020 10:08",
            "open": "20.1634",
            "high": "20.2106",
            "low": "20.1634",
            "close": "20.203"
        },
        {
            "time": "03.11.2020 10:12",
            "open": "20.203",
            "high": "20.21",
            "low": "20.1488",
            "close": "20.0796"
        },
        {
            "time": "03.11.2020 10:13",
            "open": "20.0796",
            "high": "20.1355",
            "low": "20.0796",
            "close": "20.0631"
        },
        {
            "time": "03.11.2020 10:14",
            "open": "20.0631",
            "high": "20.0631",
            "low": "20.0631",
            "close": "20.1263"
        },
        {
            "time": "03.11.2020 10:15",
            "open": "20.1263",
            "high": "20.1263",
            "low": "20.072",
            "close": "20.0687"
        },
        {
            "time": "03.11.2020 10:16",
            "open": "20.0687",
            "high": "20.0798",
            "low": "20.0687",
            "close": "20.1168"
        },
        {
            "time": "03.11.2020 10:17",
            "open": "20.1168",
            "high": "20.1168",
            "low": "20.031",
            "close": "20.1099"
        },
        {
            "time": "03.11.2020 10:19",
            "open": "20.1099",
            "high": "20.1099",
            "low": "20.1006",
            "close": "20.1655"
        },
        {
            "time": "03.11.2020 10:27",
            "open": "20.1655",
            "high": "20.1655",
            "low": "20.1655",
            "close": "20.1691"
        },
        {
            "time": "03.11.2020 10:29",
            "open": "20.1691",
            "high": "20.1691",
            "low": "20.1059",
            "close": "20.1188"
        },
        {
            "time": "03.11.2020 10:33",
            "open": "20.1188",
            "high": "20.1188",
            "low": "20.1188",
            "close": "20.1178"
        },
        {
            "time": "03.11.2020 10:34",
            "open": "20.1178",
            "high": "20.1178",
            "low": "20.1178",
            "close": "20.1051"
        },
        {
            "time": "03.11.2020 10:38",
            "open": "20.1051",
            "high": "20.137",
            "low": "20.0983",
            "close": "20.1467"
        },
        {
            "time": "03.11.2020 10:39",
            "open": "20.1467",
            "high": "20.259",
            "low": "20.113",
            "close": "20.2871"
        },
        {
            "time": "03.11.2020 10:40",
            "open": "20.2871",
            "high": "20.3235",
            "low": "20.2871",
            "close": "20.35"
        },
        {
            "time": "03.11.2020 10:41",
            "open": "20.35",
            "high": "20.4403",
            "low": "20.3428",
            "close": "20.383"
        },
        {
            "time": "03.11.2020 10:42",
            "open": "20.383",
            "high": "20.4005",
            "low": "20.3805",
            "close": "20.4402"
        },
        {
            "time": "03.11.2020 10:43",
            "open": "20.4402",
            "high": "20.4585",
            "low": "20.3912",
            "close": "20.5382"
        },
        {
            "time": "03.11.2020 10:46",
            "open": "20.5382",
            "high": "20.5416",
            "low": "20.5382",
            "close": "20.5068"
        },
        {
            "time": "03.11.2020 10:47",
            "open": "20.5068",
            "high": "20.5068",
            "low": "20.5035",
            "close": "20.41"
        },
        {
            "time": "03.11.2020 10:55",
            "open": "20.41",
            "high": "20.4434",
            "low": "20.41",
            "close": "20.4858"
        },
        {
            "time": "03.11.2020 10:57",
            "open": "20.4858",
            "high": "20.4858",
            "low": "20.3964",
            "close": "20.4161"
        },
        {
            "time": "03.11.2020 10:58",
            "open": "20.4161",
            "high": "20.4161",
            "low": "20.4161",
            "close": "20.3963"
        },
        {
            "time": "03.11.2020 11:08",
            "open": "20.3963",
            "high": "20.3963",
            "low": "20.396",
            "close": "20.532"
        },
        {
            "time": "03.11.2020 11:16",
            "open": "20.532",
            "high": "20.7294",
            "low": "20.532",
            "close": "20.7925"
        },
        {
            "time": "03.11.2020 11:17",
            "open": "20.7925",
            "high": "20.8575",
            "low": "20.7925",
            "close": "20.9448"
        },
        {
            "time": "03.11.2020 11:18",
            "open": "20.9448",
            "high": "21.056",
            "low": "20.9198",
            "close": "20.9579"
        },
        {
            "time": "03.11.2020 11:20",
            "open": "20.9579",
            "high": "20.9579",
            "low": "20.9579",
            "close": "20.8906"
        },
        {
            "time": "03.11.2020 11:22",
            "open": "20.8906",
            "high": "20.8932",
            "low": "20.8906",
            "close": "20.9222"
        },
        {
            "time": "03.11.2020 11:24",
            "open": "20.9222",
            "high": "20.9222",
            "low": "20.9222",
            "close": "20.7137"
        },
        {
            "time": "03.11.2020 11:28",
            "open": "20.7137",
            "high": "20.8895",
            "low": "20.7137",
            "close": "20.6237"
        },
        {
            "time": "03.11.2020 11:31",
            "open": "20.6237",
            "high": "20.6237",
            "low": "20.6237",
            "close": "20.7406"
        },
        {
            "time": "03.11.2020 11:33",
            "open": "20.7406",
            "high": "20.7406",
            "low": "20.7406",
            "close": "20.7083"
        },
        {
            "time": "03.11.2020 11:35",
            "open": "20.7083",
            "high": "20.7181",
            "low": "20.7083",
            "close": "20.7162"
        },
        {
            "time": "03.11.2020 11:38",
            "open": "20.7162",
            "high": "20.7162",
            "low": "20.7162",
            "close": "20.7852"
        },
        {
            "time": "03.11.2020 11:40",
            "open": "20.7852",
            "high": "20.7852",
            "low": "20.7772",
            "close": "20.8059"
        },
        {
            "time": "03.11.2020 11:44",
            "open": "20.8059",
            "high": "20.8059",
            "low": "20.8059",
            "close": "20.8522"
        },
        {
            "time": "03.11.2020 11:47",
            "open": "20.8522",
            "high": "20.8522",
            "low": "20.8522",
            "close": "20.855"
        },
        {
            "time": "03.11.2020 11:50",
            "open": "20.855",
            "high": "20.8978",
            "low": "20.855",
            "close": "20.97"
        },
        {
            "time": "03.11.2020 11:52",
            "open": "20.97",
            "high": "20.97",
            "low": "20.97",
            "close": "20.977"
        },
        {
            "time": "03.11.2020 11:53",
            "open": "20.977",
            "high": "20.9841",
            "low": "20.977",
            "close": "20.985"
        },
        {
            "time": "03.11.2020 11:55",
            "open": "20.985",
            "high": "20.985",
            "low": "20.985",
            "close": "20.985"
        },
        {
            "time": "03.11.2020 11:56",
            "open": "20.985",
            "high": "21.22",
            "low": "20.985",
            "close": "21.1948"
        },
        {
            "time": "03.11.2020 11:57",
            "open": "21.1948",
            "high": "21.225",
            "low": "21.1948",
            "close": "21.225"
        },
        {
            "time": "03.11.2020 11:58",
            "open": "21.225",
            "high": "21.233",
            "low": "21.2038",
            "close": "21.233"
        },
        {
            "time": "03.11.2020 11:59",
            "open": "21.233",
            "high": "21.233",
            "low": "21.233",
            "close": "21.233"
        },
        {
            "time": "03.11.2020 12:00",
            "open": "21.233",
            "high": "21.233",
            "low": "21.233",
            "close": "21.2435"
        },
        {
            "time": "03.11.2020 12:01",
            "open": "21.2435",
            "high": "21.2435",
            "low": "21.2435",
            "close": "21.2435"
        },
        {
            "time": "03.11.2020 12:02",
            "open": "21.2435",
            "high": "21.3379",
            "low": "21.2435",
            "close": "21.3535"
        },
        {
            "time": "03.11.2020 12:04",
            "open": "21.3535",
            "high": "21.3535",
            "low": "21.2885",
            "close": "21.3078"
        },
        {
            "time": "03.11.2020 12:06",
            "open": "21.3078",
            "high": "21.3285",
            "low": "21.255",
            "close": "21.2495"
        },
        {
            "time": "03.11.2020 12:12",
            "open": "21.2495",
            "high": "21.2495",
            "low": "21.2495",
            "close": "21.1228"
        },
        {
            "time": "03.11.2020 12:16",
            "open": "21.1228",
            "high": "21.1228",
            "low": "21.1228",
            "close": "21.0601"
        },
        {
            "time": "03.11.2020 12:22",
            "open": "21.0601",
            "high": "21.0601",
            "low": "21.0601",
            "close": "21.06"
        },
        {
            "time": "03.11.2020 12:23",
            "open": "21.06",
            "high": "21.06",
            "low": "20.9393",
            "close": "20.9794"
        },
        {
            "time": "03.11.2020 12:24",
            "open": "20.9794",
            "high": "20.9794",
            "low": "20.9794",
            "close": "21.0283"
        },
        {
            "time": "03.11.2020 12:25",
            "open": "21.0283",
            "high": "21.0446",
            "low": "21.0283",
            "close": "20.9494"
        },
        {
            "time": "03.11.2020 12:29",
            "open": "20.9494",
            "high": "20.9494",
            "low": "20.9494",
            "close": "20.9129"
        },
        {
            "time": "03.11.2020 12:32",
            "open": "20.9129",
            "high": "21.1204",
            "low": "20.9129",
            "close": "20.9875"
        },
        {
            "time": "03.11.2020 12:34",
            "open": "20.9875",
            "high": "20.9875",
            "low": "20.9875",
            "close": "20.8939"
        },
        {
            "time": "03.11.2020 12:36",
            "open": "20.8939",
            "high": "20.9407",
            "low": "20.8939",
            "close": "21.2105"
        },
        {
            "time": "03.11.2020 12:37",
            "open": "21.2105",
            "high": "21.2105",
            "low": "21.1467",
            "close": "21.2086"
        },
        {
            "time": "03.11.2020 12:38",
            "open": "21.2086",
            "high": "21.2086",
            "low": "21.0171",
            "close": "20.9759"
        },
        {
            "time": "03.11.2020 12:39",
            "open": "20.9759",
            "high": "20.9759",
            "low": "20.9609",
            "close": "20.9655"
        },
        {
            "time": "03.11.2020 12:40",
            "open": "20.9655",
            "high": "21.0149",
            "low": "20.9655",
            "close": "21.0115"
        },
        {
            "time": "03.11.2020 12:41",
            "open": "21.0115",
            "high": "21.0115",
            "low": "21.0104",
            "close": "20.8776"
        },
        {
            "time": "03.11.2020 12:45",
            "open": "20.8776",
            "high": "20.8776",
            "low": "20.8672",
            "close": "20.79"
        },
        {
            "time": "03.11.2020 12:46",
            "open": "20.79",
            "high": "20.79",
            "low": "20.79",
            "close": "20.752"
        },
        {
            "time": "03.11.2020 12:47",
            "open": "20.752",
            "high": "20.752",
            "low": "20.7474",
            "close": "20.6152"
        },
        {
            "time": "03.11.2020 12:48",
            "open": "20.6152",
            "high": "20.6152",
            "low": "20.6152",
            "close": "20.6171"
        },
        {
            "time": "03.11.2020 12:49",
            "open": "20.6171",
            "high": "20.6171",
            "low": "20.6171",
            "close": "20.575"
        },
        {
            "time": "03.11.2020 12:57",
            "open": "20.575",
            "high": "20.575",
            "low": "20.575",
            "close": "20.5749"
        },
        {
            "time": "03.11.2020 12:58",
            "open": "20.5749",
            "high": "20.5749",
            "low": "20.5749",
            "close": "20.52"
        },
        {
            "time": "03.11.2020 12:59",
            "open": "20.52",
            "high": "20.52",
            "low": "20.5068",
            "close": "20.5574"
        },
        {
            "time": "03.11.2020 13:02",
            "open": "20.5574",
            "high": "20.716",
            "low": "20.5574",
            "close": "20.6009"
        },
        {
            "time": "03.11.2020 13:03",
            "open": "20.6009",
            "high": "20.6009",
            "low": "20.6009",
            "close": "20.7026"
        },
        {
            "time": "03.11.2020 13:04",
            "open": "20.7026",
            "high": "20.7026",
            "low": "20.7026",
            "close": "20.657"
        },
        {
            "time": "03.11.2020 13:05",
            "open": "20.657",
            "high": "20.688",
            "low": "20.657",
            "close": "20.7083"
        },
        {
            "time": "03.11.2020 13:06",
            "open": "20.7083",
            "high": "20.7083",
            "low": "20.7083",
            "close": "20.6207"
        },
        {
            "time": "03.11.2020 13:07",
            "open": "20.6207",
            "high": "20.7024",
            "low": "20.6207",
            "close": "20.779"
        },
        {
            "time": "03.11.2020 13:08",
            "open": "20.779",
            "high": "20.779",
            "low": "20.779",
            "close": "20.7311"
        },
        {
            "time": "03.11.2020 13:09",
            "open": "20.7311",
            "high": "20.7311",
            "low": "20.7189",
            "close": "20.7718"
        },
        {
            "time": "03.11.2020 13:10",
            "open": "20.7718",
            "high": "20.7718",
            "low": "20.7541",
            "close": "20.734"
        },
        {
            "time": "03.11.2020 13:12",
            "open": "20.734",
            "high": "20.734",
            "low": "20.734",
            "close": "20.779"
        },
        {
            "time": "03.11.2020 13:13",
            "open": "20.779",
            "high": "20.7977",
            "low": "20.779",
            "close": "20.8855"
        },
        {
            "time": "03.11.2020 13:16",
            "open": "20.8855",
            "high": "20.907",
            "low": "20.885",
            "close": "20.9306"
        },
        {
            "time": "03.11.2020 13:18",
            "open": "20.9306",
            "high": "20.9306",
            "low": "20.9306",
            "close": "20.9553"
        },
        {
            "time": "03.11.2020 13:21",
            "open": "20.9553",
            "high": "20.9558",
            "low": "20.9553",
            "close": "20.9364"
        },
        {
            "time": "03.11.2020 13:28",
            "open": "20.9364",
            "high": "20.9366",
            "low": "20.9364",
            "close": "20.9255"
        },
        {
            "time": "03.11.2020 13:30",
            "open": "20.9255",
            "high": "20.9948",
            "low": "20.9255",
            "close": "21.1226"
        },
        {
            "time": "03.11.2020 13:31",
            "open": "21.1226",
            "high": "21.1226",
            "low": "21.1011",
            "close": "21.0705"
        },
        {
            "time": "03.11.2020 13:32",
            "open": "21.0705",
            "high": "21.0705",
            "low": "21.0675",
            "close": "21.0073"
        },
        {
            "time": "03.11.2020 13:40",
            "open": "21.0073",
            "high": "21.0341",
            "low": "21.0073",
            "close": "20.9862"
        },
        {
            "time": "03.11.2020 13:46",
            "open": "20.9862",
            "high": "20.993",
            "low": "20.9862",
            "close": "20.9913"
        },
        {
            "time": "03.11.2020 13:51",
            "open": "20.9913",
            "high": "20.9913",
            "low": "20.9913",
            "close": "21.0589"
        },
        {
            "time": "03.11.2020 13:56",
            "open": "21.0589",
            "high": "21.0589",
            "low": "21.0589",
            "close": "21.0161"
        },
        {
            "time": "03.11.2020 13:58",
            "open": "21.0161",
            "high": "21.0161",
            "low": "21.0161",
            "close": "21.0533"
        },
        {
            "time": "03.11.2020 14:01",
            "open": "21.0533",
            "high": "21.0535",
            "low": "21.0533",
            "close": "21.0418"
        },
        {
            "time": "03.11.2020 14:02",
            "open": "21.0418",
            "high": "21.0728",
            "low": "21.0418",
            "close": "20.9698"
        },
        {
            "time": "03.11.2020 14:08",
            "open": "20.9698",
            "high": "20.9836",
            "low": "20.9698",
            "close": "21.0186"
        },
        {
            "time": "03.11.2020 14:12",
            "open": "21.0186",
            "high": "21.0684",
            "low": "21.0186",
            "close": "21.0261"
        },
        {
            "time": "03.11.2020 14:13",
            "open": "21.0261",
            "high": "21.08",
            "low": "21.0261",
            "close": "21.0297"
        },
        {
            "time": "03.11.2020 14:14",
            "open": "21.0297",
            "high": "21.1",
            "low": "21.0297",
            "close": "21.049"
        },
        {
            "time": "03.11.2020 14:15",
            "open": "21.049",
            "high": "21.0719",
            "low": "21.049",
            "close": "21.0935"
        },
        {
            "time": "03.11.2020 14:16",
            "open": "21.0935",
            "high": "21.0976",
            "low": "21.0117",
            "close": "21.0545"
        },
        {
            "time": "03.11.2020 14:17",
            "open": "21.0545",
            "high": "21.0547",
            "low": "21.0454",
            "close": "21.0454"
        },
        {
            "time": "03.11.2020 14:18",
            "open": "21.0454",
            "high": "21.054",
            "low": "21.0454",
            "close": "21.0588"
        },
        {
            "time": "03.11.2020 14:19",
            "open": "21.0588",
            "high": "21.0861",
            "low": "21.0588",
            "close": "21.0026"
        },
        {
            "time": "03.11.2020 14:20",
            "open": "21.0026",
            "high": "21.0026",
            "low": "21.0025",
            "close": "21.0329"
        },
        {
            "time": "03.11.2020 14:21",
            "open": "21.0329",
            "high": "21.0329",
            "low": "21.0327",
            "close": "21.0131"
        },
        {
            "time": "03.11.2020 14:22",
            "open": "21.0131",
            "high": "21.0131",
            "low": "21.0131",
            "close": "20.9866"
        },
        {
            "time": "03.11.2020 14:23",
            "open": "20.9866",
            "high": "20.9866",
            "low": "20.9858",
            "close": "21.0124"
        },
        {
            "time": "03.11.2020 14:27",
            "open": "21.0124",
            "high": "21.0205",
            "low": "21.0124",
            "close": "20.9682"
        },
        {
            "time": "03.11.2020 14:41",
            "open": "20.9682",
            "high": "20.9731",
            "low": "20.9682",
            "close": "20.98"
        },
        {
            "time": "03.11.2020 14:43",
            "open": "20.98",
            "high": "20.98",
            "low": "20.98",
            "close": "20.8515"
        },
        {
            "time": "03.11.2020 14:51",
            "open": "20.8515",
            "high": "20.8515",
            "low": "20.8276",
            "close": "20.7697"
        },
        {
            "time": "03.11.2020 14:56",
            "open": "20.7697",
            "high": "20.7756",
            "low": "20.7697",
            "close": "20.7025"
        },
        {
            "time": "03.11.2020 15:05",
            "open": "20.7025",
            "high": "20.7025",
            "low": "20.7025",
            "close": "20.6137"
        },
        {
            "time": "03.11.2020 15:09",
            "open": "20.6137",
            "high": "20.6251",
            "low": "20.6137",
            "close": "20.5749"
        },
        {
            "time": "03.11.2020 15:13",
            "open": "20.5749",
            "high": "20.5749",
            "low": "20.5431",
            "close": "20.6356"
        },
        {
            "time": "03.11.2020 15:17",
            "open": "20.6356",
            "high": "20.6358",
            "low": "20.6356",
            "close": "20.7014"
        },
        {
            "time": "03.11.2020 15:57",
            "open": "20.7014",
            "high": "20.77",
            "low": "20.7014",
            "close": "20.7521"
        },
        {
            "time": "03.11.2020 15:59",
            "open": "20.7521",
            "high": "20.7594",
            "low": "20.7521",
            "close": "20.7008"
        },
        {
            "time": "03.11.2020 16:03",
            "open": "20.7008",
            "high": "20.7008",
            "low": "20.7008",
            "close": "20.6928"
        },
        {
            "time": "03.11.2020 16:08",
            "open": "20.6928",
            "high": "20.6928",
            "low": "20.6928",
            "close": "20.6769"
        },
        {
            "time": "03.11.2020 16:10",
            "open": "20.6769",
            "high": "20.6769",
            "low": "20.6769",
            "close": "20.677"
        },
        {
            "time": "03.11.2020 16:12",
            "open": "20.677",
            "high": "20.6924",
            "low": "20.677",
            "close": "20.6771"
        },
        {
            "time": "03.11.2020 16:52",
            "open": "20.6771",
            "high": "20.6771",
            "low": "20.6769",
            "close": "20.6065"
        },
        {
            "time": "03.11.2020 16:53",
            "open": "20.6065",
            "high": "20.6065",
            "low": "20.6065",
            "close": "20.5288"
        },
        {
            "time": "03.11.2020 16:54",
            "open": "20.5288",
            "high": "20.5288",
            "low": "20.5105",
            "close": "20.5105"
        },
        {
            "time": "03.11.2020 16:55",
            "open": "20.5105",
            "high": "20.5105",
            "low": "20.5105",
            "close": "20.4055"
        },
        {
            "time": "03.11.2020 16:58",
            "open": "20.4055",
            "high": "20.4055",
            "low": "20.3621",
            "close": "20.4627"
        },
        {
            "time": "03.11.2020 17:04",
            "open": "20.4627",
            "high": "20.5159",
            "low": "20.4518",
            "close": "20.4544"
        },
        {
            "time": "03.11.2020 17:05",
            "open": "20.4544",
            "high": "20.4544",
            "low": "20.4544",
            "close": "20.64"
        },
        {
            "time": "03.11.2020 17:07",
            "open": "20.64",
            "high": "20.657",
            "low": "20.64",
            "close": "20.7261"
        },
        {
            "time": "03.11.2020 17:08",
            "open": "20.7261",
            "high": "20.7261",
            "low": "20.7261",
            "close": "20.6997"
        },
        {
            "time": "03.11.2020 17:28",
            "open": "20.6997",
            "high": "20.6999",
            "low": "20.6997",
            "close": "20.6676"
        },
        {
            "time": "03.11.2020 17:29",
            "open": "20.6676",
            "high": "20.6676",
            "low": "20.6676",
            "close": "20.5244"
        },
        {
            "time": "03.11.2020 17:32",
            "open": "20.5293",
            "high": "20.5293",
            "low": "20.5293",
            "close": "20.7226"
        },
        {
            "time": "03.11.2020 17:35",
            "open": "20.7226",
            "high": "20.724",
            "low": "20.7226",
            "close": "20.6366"
        },
        {
            "time": "03.11.2020 17:36",
            "open": "20.6366",
            "high": "20.6366",
            "low": "20.6366",
            "close": "20.7261"
        },
        {
            "time": "03.11.2020 17:37",
            "open": "20.7261",
            "high": "20.7296",
            "low": "20.7261",
            "close": "20.6816"
        },
        {
            "time": "03.11.2020 17:38",
            "open": "20.6816",
            "high": "20.6816",
            "low": "20.6816",
            "close": "20.6089"
        },
        {
            "time": "03.11.2020 17:45",
            "open": "20.6089",
            "high": "20.6089",
            "low": "20.6089",
            "close": "20.7451"
        },
        {
            "time": "03.11.2020 17:48",
            "open": "20.7451",
            "high": "20.7458",
            "low": "20.7451",
            "close": "20.7517"
        },
        {
            "time": "03.11.2020 18:00",
            "open": "20.7517",
            "high": "20.7517",
            "low": "20.7517",
            "close": "20.7523"
        },
        {
            "time": "03.11.2020 18:10",
            "open": "20.6366",
            "high": "20.6366",
            "low": "20.6366",
            "close": "20.8616"
        },
        {
            "time": "03.11.2020 18:23",
            "open": "20.8616",
            "high": "20.8616",
            "low": "20.8616",
            "close": "20.8587"
        },
        {
            "time": "03.11.2020 18:26",
            "open": "20.8587",
            "high": "20.8587",
            "low": "20.8587",
            "close": "20.7345"
        },
        {
            "time": "03.11.2020 18:27",
            "open": "20.7345",
            "high": "20.7345",
            "low": "20.7345",
            "close": "20.8683"
        },
        {
            "time": "03.11.2020 18:42",
            "open": "20.8683",
            "high": "20.8683",
            "low": "20.8683",
            "close": "20.9055"
        },
        {
            "time": "03.11.2020 18:52",
            "open": "20.9055",
            "high": "20.9056",
            "low": "20.9055",
            "close": "20.8979"
        },
        {
            "time": "03.11.2020 18:53",
            "open": "20.8979",
            "high": "20.8979",
            "low": "20.8979",
            "close": "20.7925"
        },
        {
            "time": "03.11.2020 18:55",
            "open": "20.7925",
            "high": "20.7925",
            "low": "20.7925",
            "close": "20.8527"
        },
        {
            "time": "03.11.2020 18:59",
            "open": "20.8527",
            "high": "20.8529",
            "low": "20.8527",
            "close": "20.7857"
        },
        {
            "time": "03.11.2020 19:00",
            "open": "20.7857",
            "high": "20.7857",
            "low": "20.7857",
            "close": "20.9111"
        },
        {
            "time": "03.11.2020 19:05",
            "open": "20.9111",
            "high": "20.9111",
            "low": "20.9111",
            "close": "20.8657"
        },
        {
            "time": "03.11.2020 19:06",
            "open": "20.8657",
            "high": "21.061",
            "low": "20.8657",
            "close": "21.0612"
        },
        {
            "time": "03.11.2020 19:07",
            "open": "21.0612",
            "high": "21.1",
            "low": "21.0526",
            "close": "21.19"
        },
        {
            "time": "03.11.2020 19:08",
            "open": "21.19",
            "high": "21.2449",
            "low": "21.1406",
            "close": "21.245"
        },
        {
            "time": "03.11.2020 19:09",
            "open": "21.245",
            "high": "21.3045",
            "low": "21.245",
            "close": "21.371"
        },
        {
            "time": "03.11.2020 19:12",
            "open": "21.371",
            "high": "21.371",
            "low": "21.371",
            "close": "21.3841"
        },
        {
            "time": "03.11.2020 19:14",
            "open": "21.3841",
            "high": "21.605",
            "low": "21.3841",
            "close": "21.6798"
        },
        {
            "time": "03.11.2020 19:15",
            "open": "21.6798",
            "high": "21.6945",
            "low": "21.6798",
            "close": "21.6945"
        },
        {
            "time": "03.11.2020 19:16",
            "open": "21.6945",
            "high": "21.8605",
            "low": "21.6945",
            "close": "21.8811"
        },
        {
            "time": "03.11.2020 19:17",
            "open": "21.8811",
            "high": "21.9264",
            "low": "21.8811",
            "close": "21.7892"
        },
        {
            "time": "03.11.2020 19:18",
            "open": "21.7892",
            "high": "21.7892",
            "low": "21.5964",
            "close": "21.6316"
        },
        {
            "time": "03.11.2020 19:19",
            "open": "21.6316",
            "high": "21.9108",
            "low": "21.6316",
            "close": "21.8141"
        },
        {
            "time": "03.11.2020 19:21",
            "open": "21.8141",
            "high": "21.8141",
            "low": "21.8141",
            "close": "21.7083"
        },
        {
            "time": "03.11.2020 19:22",
            "open": "21.7083",
            "high": "21.7083",
            "low": "21.7083",
            "close": "21.5467"
        },
        {
            "time": "03.11.2020 19:23",
            "open": "21.5467",
            "high": "21.5849",
            "low": "21.4724",
            "close": "21.5864"
        },
        {
            "time": "03.11.2020 19:24",
            "open": "21.5864",
            "high": "21.5864",
            "low": "21.5864",
            "close": "21.6261"
        },
        {
            "time": "03.11.2020 19:25",
            "open": "21.6261",
            "high": "21.6261",
            "low": "21.5405",
            "close": "21.4259"
        },
        {
            "time": "03.11.2020 19:28",
            "open": "21.4259",
            "high": "21.4259",
            "low": "21.4259",
            "close": "21.4233"
        },
        {
            "time": "03.11.2020 19:30",
            "open": "21.4233",
            "high": "21.4233",
            "low": "21.4233",
            "close": "21.33"
        },
        {
            "time": "03.11.2020 19:32",
            "open": "21.33",
            "high": "21.33",
            "low": "21.33",
            "close": "21.2981"
        },
        {
            "time": "03.11.2020 19:46",
            "open": "21.2981",
            "high": "21.3017",
            "low": "21.298",
            "close": "21.2189"
        },
        {
            "time": "03.11.2020 19:51",
            "open": "21.2189",
            "high": "21.2189",
            "low": "21.2189",
            "close": "21.2646"
        },
        {
            "time": "03.11.2020 19:59",
            "open": "21.2646",
            "high": "21.2734",
            "low": "21.2646",
            "close": "21.2848"
        },
        {
            "time": "03.11.2020 20:01",
            "open": "21.2848",
            "high": "21.74",
            "low": "21.2848",
            "close": "21.7482"
        },
        {
            "time": "03.11.2020 20:02",
            "open": "21.7482",
            "high": "21.7606",
            "low": "21.7482",
            "close": "21.7633"
        },
        {
            "time": "03.11.2020 20:03",
            "open": "21.7633",
            "high": "21.8104",
            "low": "21.7586",
            "close": "21.83"
        },
        {
            "time": "03.11.2020 20:04",
            "open": "21.83",
            "high": "22.0543",
            "low": "21.83",
            "close": "22.0268"
        },
        {
            "time": "03.11.2020 20:05",
            "open": "22.0268",
            "high": "22.1264",
            "low": "21.9165",
            "close": "21.8194"
        },
        {
            "time": "03.11.2020 20:06",
            "open": "21.8194",
            "high": "21.8194",
            "low": "21.8194",
            "close": "21.889"
        },
        {
            "time": "03.11.2020 20:08",
            "open": "21.889",
            "high": "21.889",
            "low": "21.8718",
            "close": "21.8545"
        },
        {
            "time": "03.11.2020 20:09",
            "open": "21.8545",
            "high": "21.8545",
            "low": "21.8344",
            "close": "21.8915"
        },
        {
            "time": "03.11.2020 20:13",
            "open": "21.8915",
            "high": "21.8915",
            "low": "21.8915",
            "close": "21.8933"
        },
        {
            "time": "03.11.2020 20:14",
            "open": "21.8933",
            "high": "21.8933",
            "low": "21.8933",
            "close": "21.8933"
        },
        {
            "time": "03.11.2020 20:15",
            "open": "21.8933",
            "high": "21.9257",
            "low": "21.8915",
            "close": "21.9286"
        },
        {
            "time": "03.11.2020 20:19",
            "open": "21.9286",
            "high": "21.9286",
            "low": "21.9286",
            "close": "21.9286"
        },
        {
            "time": "03.11.2020 20:26",
            "open": "21.9286",
            "high": "21.939",
            "low": "21.9286",
            "close": "21.824"
        },
        {
            "time": "03.11.2020 20:30",
            "open": "21.824",
            "high": "21.824",
            "low": "21.8158",
            "close": "21.7746"
        },
        {
            "time": "03.11.2020 20:32",
            "open": "21.7746",
            "high": "21.7746",
            "low": "21.6752",
            "close": "21.6752"
        },
        {
            "time": "03.11.2020 20:33",
            "open": "21.6752",
            "high": "21.6752",
            "low": "21.6752",
            "close": "21.5169"
        },
        {
            "time": "03.11.2020 20:34",
            "open": "21.5169",
            "high": "21.5169",
            "low": "21.4233",
            "close": "21.412"
        },
        {
            "time": "03.11.2020 20:36",
            "open": "21.412",
            "high": "21.4598",
            "low": "21.412",
            "close": "21.412"
        },
        {
            "time": "03.11.2020 20:37",
            "open": "21.412",
            "high": "21.412",
            "low": "21.412",
            "close": "21.3635"
        },
        {
            "time": "03.11.2020 20:39",
            "open": "21.3635",
            "high": "21.4224",
            "low": "21.3635",
            "close": "21.3308"
        },
        {
            "time": "03.11.2020 20:40",
            "open": "21.3308",
            "high": "21.412",
            "low": "21.3023",
            "close": "21.3097"
        },
        {
            "time": "03.11.2020 20:41",
            "open": "21.3826",
            "high": "21.3826",
            "low": "21.3826",
            "close": "21.3"
        },
        {
            "time": "03.11.2020 20:42",
            "open": "21.3",
            "high": "21.3",
            "low": "21.2187",
            "close": "21.1714"
        },
        {
            "time": "03.11.2020 20:43",
            "open": "21.1714",
            "high": "21.1714",
            "low": "21.1714",
            "close": "21.2495"
        },
        {
            "time": "03.11.2020 20:45",
            "open": "21.2495",
            "high": "21.2585",
            "low": "21.2165",
            "close": "21.217"
        },
        {
            "time": "03.11.2020 20:46",
            "open": "21.217",
            "high": "21.217",
            "low": "21.2165",
            "close": "21.2165"
        },
        {
            "time": "03.11.2020 20:47",
            "open": "21.2165",
            "high": "21.2165",
            "low": "21.2029",
            "close": "21.2029"
        },
        {
            "time": "03.11.2020 20:48",
            "open": "21.2029",
            "high": "21.2029",
            "low": "21.2029",
            "close": "21.2772"
        },
        {
            "time": "03.11.2020 20:49",
            "open": "21.2772",
            "high": "21.2772",
            "low": "21.172",
            "close": "21.2451"
        },
        {
            "time": "03.11.2020 20:50",
            "open": "21.2451",
            "high": "21.3534",
            "low": "21.2225",
            "close": "21.3599"
        },
        {
            "time": "03.11.2020 20:51",
            "open": "21.3599",
            "high": "21.3599",
            "low": "21.3599",
            "close": "21.3882"
        },
        {
            "time": "03.11.2020 20:52",
            "open": "21.3882",
            "high": "21.3882",
            "low": "21.3672",
            "close": "21.3672"
        },
        {
            "time": "03.11.2020 20:53",
            "open": "21.3672",
            "high": "21.3672",
            "low": "21.3412",
            "close": "21.1981"
        },
        {
            "time": "03.11.2020 20:54",
            "open": "21.1981",
            "high": "21.1981",
            "low": "21.1897",
            "close": "21.2356"
        },
        {
            "time": "03.11.2020 20:56",
            "open": "21.2356",
            "high": "21.2358",
            "low": "21.2356",
            "close": "21.2356"
        },
        {
            "time": "03.11.2020 20:57",
            "open": "21.2356",
            "high": "21.2356",
            "low": "21.2356",
            "close": "21.1589"
        },
        {
            "time": "03.11.2020 21:00",
            "open": "21.1589",
            "high": "21.1589",
            "low": "21.1491",
            "close": "21.351"
        },
        {
            "time": "03.11.2020 21:10",
            "open": "21.351",
            "high": "21.351",
            "low": "21.351",
            "close": "21.401"
        },
        {
            "time": "03.11.2020 21:11",
            "open": "21.401",
            "high": "21.401",
            "low": "21.401",
            "close": "21.3663"
        },
        {
            "time": "03.11.2020 21:12",
            "open": "21.3663",
            "high": "21.3663",
            "low": "21.3663",
            "close": "21.3623"
        },
        {
            "time": "03.11.2020 21:13",
            "open": "21.3623",
            "high": "21.3623",
            "low": "21.3623",
            "close": "21.3789"
        },
        {
            "time": "03.11.2020 21:14",
            "open": "21.3789",
            "high": "21.3789",
            "low": "21.3789",
            "close": "21.4251"
        },
        {
            "time": "03.11.2020 21:16",
            "open": "21.4251",
            "high": "21.4266",
            "low": "21.4251",
            "close": "21.3644"
        },
        {
            "time": "03.11.2020 21:17",
            "open": "21.3644",
            "high": "21.3738",
            "low": "21.3644",
            "close": "21.4139"
        },
        {
            "time": "03.11.2020 21:20",
            "open": "21.4139",
            "high": "21.6041",
            "low": "21.3957",
            "close": "21.4078"
        },
        {
            "time": "03.11.2020 21:21",
            "open": "21.4078",
            "high": "21.4399",
            "low": "21.4078",
            "close": "21.5005"
        },
        {
            "time": "03.11.2020 21:22",
            "open": "21.5005",
            "high": "21.5005",
            "low": "21.5005",
            "close": "21.5891"
        },
        {
            "time": "03.11.2020 21:23",
            "open": "21.5891",
            "high": "21.6346",
            "low": "21.5891",
            "close": "21.6711"
        },
        {
            "time": "03.11.2020 21:24",
            "open": "21.6711",
            "high": "21.6725",
            "low": "21.6711",
            "close": "21.7561"
        },
        {
            "time": "03.11.2020 21:25",
            "open": "21.7561",
            "high": "21.7583",
            "low": "21.7183",
            "close": "21.7365"
        },
        {
            "time": "03.11.2020 21:26",
            "open": "21.7365",
            "high": "21.7516",
            "low": "21.7365",
            "close": "21.7665"
        },
        {
            "time": "03.11.2020 21:28",
            "open": "21.7665",
            "high": "21.8137",
            "low": "21.7665",
            "close": "21.8605"
        },
        {
            "time": "03.11.2020 21:29",
            "open": "21.8605",
            "high": "21.8761",
            "low": "21.8412",
            "close": "21.89"
        },
        {
            "time": "03.11.2020 21:30",
            "open": "21.89",
            "high": "21.89",
            "low": "21.89",
            "close": "21.8965"
        },
        {
            "time": "03.11.2020 21:32",
            "open": "21.8965",
            "high": "21.9164",
            "low": "21.8965",
            "close": "21.9164"
        },
        {
            "time": "03.11.2020 21:34",
            "open": "21.9164",
            "high": "21.9164",
            "low": "21.9164",
            "close": "21.9164"
        },
        {
            "time": "03.11.2020 21:39",
            "open": "21.9164",
            "high": "21.9164",
            "low": "21.9164",
            "close": "21.9141"
        },
        {
            "time": "03.11.2020 21:44",
            "open": "21.9141",
            "high": "21.9141",
            "low": "21.9141",
            "close": "21.9141"
        },
        {
            "time": "03.11.2020 21:45",
            "open": "21.9141",
            "high": "21.9163",
            "low": "21.9141",
            "close": "21.8837"
        },
        {
            "time": "03.11.2020 21:46",
            "open": "21.8837",
            "high": "21.8837",
            "low": "21.8837",
            "close": "21.884"
        },
        {
            "time": "03.11.2020 21:47",
            "open": "21.884",
            "high": "21.9164",
            "low": "21.8821",
            "close": "21.7996"
        },
        {
            "time": "03.11.2020 21:50",
            "open": "21.7996",
            "high": "21.7996",
            "low": "21.7996",
            "close": "21.7126"
        },
        {
            "time": "03.11.2020 21:54",
            "open": "21.7126",
            "high": "21.7126",
            "low": "21.6887",
            "close": "21.61"
        },
        {
            "time": "03.11.2020 22:03",
            "open": "21.61",
            "high": "21.61",
            "low": "21.61",
            "close": "21.4763"
        },
        {
            "time": "03.11.2020 22:18",
            "open": "21.4763",
            "high": "21.4763",
            "low": "21.4762",
            "close": "21.5169"
        },
        {
            "time": "03.11.2020 22:19",
            "open": "21.5169",
            "high": "21.5389",
            "low": "21.5168",
            "close": "21.4659"
        },
        {
            "time": "03.11.2020 22:20",
            "open": "21.4659",
            "high": "21.4969",
            "low": "21.4659",
            "close": "21.5195"
        },
        {
            "time": "03.11.2020 22:22",
            "open": "21.5195",
            "high": "21.5195",
            "low": "21.5195",
            "close": "21.5195"
        },
        {
            "time": "03.11.2020 22:23",
            "open": "21.5195",
            "high": "21.5195",
            "low": "21.5195",
            "close": "21.5769"
        },
        {
            "time": "03.11.2020 22:30",
            "open": "21.5769",
            "high": "21.5769",
            "low": "21.5769",
            "close": "21.6075"
        },
        {
            "time": "03.11.2020 22:33",
            "open": "21.6075",
            "high": "21.6075",
            "low": "21.6075",
            "close": "21.6075"
        },
        {
            "time": "03.11.2020 22:34",
            "open": "21.6075",
            "high": "21.8718",
            "low": "21.6075",
            "close": "21.9164"
        },
        {
            "time": "03.11.2020 22:35",
            "open": "21.9164",
            "high": "22",
            "low": "21.9164",
            "close": "22.0147"
        },
        {
            "time": "03.11.2020 22:36",
            "open": "22.0147",
            "high": "22.0219",
            "low": "22.0129",
            "close": "22.0281"
        },
        {
            "time": "03.11.2020 22:38",
            "open": "22.0281",
            "high": "22.0281",
            "low": "22.0281",
            "close": "22.0034"
        },
        {
            "time": "03.11.2020 22:39",
            "open": "22.0034",
            "high": "22.154",
            "low": "22.0034",
            "close": "22.1664"
        },
        {
            "time": "03.11.2020 22:40",
            "open": "22.1664",
            "high": "22.21",
            "low": "22.1557",
            "close": "22.1448"
        },
        {
            "time": "03.11.2020 22:41",
            "open": "22.1448",
            "high": "22.1543",
            "low": "22.044",
            "close": "22.0181"
        },
        {
            "time": "03.11.2020 22:42",
            "open": "22.0181",
            "high": "22.0992",
            "low": "22.0181",
            "close": "22.0992"
        },
        {
            "time": "03.11.2020 22:43",
            "open": "22.0992",
            "high": "22.47",
            "low": "21.8412",
            "close": "22.2869"
        },
        {
            "time": "03.11.2020 22:44",
            "open": "22.2869",
            "high": "22.3409",
            "low": "22.047",
            "close": "22.1595"
        },
        {
            "time": "03.11.2020 22:45",
            "open": "22.1595",
            "high": "22.3251",
            "low": "22.1595",
            "close": "22.2651"
        },
        {
            "time": "03.11.2020 22:46",
            "open": "22.2651",
            "high": "22.2782",
            "low": "22.2169",
            "close": "22.1904"
        },
        {
            "time": "03.11.2020 22:47",
            "open": "22.1904",
            "high": "22.2802",
            "low": "21.9361",
            "close": "21.962"
        },
        {
            "time": "03.11.2020 22:48",
            "open": "21.962",
            "high": "21.962",
            "low": "21.936",
            "close": "21.9769"
        },
        {
            "time": "03.11.2020 22:49",
            "open": "21.9769",
            "high": "22.1026",
            "low": "21.9769",
            "close": "22.1422"
        },
        {
            "time": "03.11.2020 22:50",
            "open": "22.1422",
            "high": "22.2356",
            "low": "22.1422",
            "close": "22.2421"
        },
        {
            "time": "03.11.2020 22:51",
            "open": "22.2421",
            "high": "22.2869",
            "low": "22.2255",
            "close": "22.2449"
        },
        {
            "time": "03.11.2020 22:52",
            "open": "22.2449",
            "high": "22.272",
            "low": "22.2449",
            "close": "22.2659"
        },
        {
            "time": "03.11.2020 22:53",
            "open": "22.2659",
            "high": "22.2659",
            "low": "22.2248",
            "close": "22.2247"
        },
        {
            "time": "03.11.2020 22:55",
            "open": "22.2247",
            "high": "22.2247",
            "low": "22.0243",
            "close": "22.1458"
        },
        {
            "time": "03.11.2020 22:56",
            "open": "22.1458",
            "high": "22.1458",
            "low": "22.1458",
            "close": "22.1272"
        },
        {
            "time": "03.11.2020 22:57",
            "open": "22.1272",
            "high": "22.1272",
            "low": "22.1272",
            "close": "22.1789"
        },
        {
            "time": "03.11.2020 22:58",
            "open": "22.1789",
            "high": "22.1789",
            "low": "22.1789",
            "close": "22.0828"
        },
        {
            "time": "03.11.2020 22:59",
            "open": "22.0828",
            "high": "22.0828",
            "low": "22.0825",
            "close": "22.181"
        },
        {
            "time": "03.11.2020 23:02",
            "open": "22.181",
            "high": "22.181",
            "low": "22.181",
            "close": "22.276"
        },
        {
            "time": "03.11.2020 23:03",
            "open": "22.276",
            "high": "22.276",
            "low": "22.276",
            "close": "22.2761"
        },
        {
            "time": "03.11.2020 23:04",
            "open": "22.2761",
            "high": "22.47",
            "low": "22.2761",
            "close": "22.48"
        },
        {
            "time": "03.11.2020 23:05",
            "open": "22.48",
            "high": "22.8528",
            "low": "22.48",
            "close": "22.755"
        },
        {
            "time": "03.11.2020 23:06",
            "open": "22.755",
            "high": "22.755",
            "low": "22.6545",
            "close": "22.6409"
        },
        {
            "time": "03.11.2020 23:07",
            "open": "22.6409",
            "high": "22.7271",
            "low": "22.373",
            "close": "22.4678"
        },
        {
            "time": "03.11.2020 23:08",
            "open": "22.4678",
            "high": "22.4678",
            "low": "22.2659",
            "close": "22.2"
        },
        {
            "time": "03.11.2020 23:09",
            "open": "22.2",
            "high": "22.5549",
            "low": "22.1652",
            "close": "22.4397"
        },
        {
            "time": "03.11.2020 23:10",
            "open": "22.4397",
            "high": "22.4406",
            "low": "22.4176",
            "close": "22.4215"
        },
        {
            "time": "03.11.2020 23:11",
            "open": "22.4215",
            "high": "22.4975",
            "low": "22.4215",
            "close": "22.4977"
        },
        {
            "time": "03.11.2020 23:12",
            "open": "22.4977",
            "high": "22.4977",
            "low": "22.4977",
            "close": "22.4601"
        },
        {
            "time": "03.11.2020 23:16",
            "open": "22.4601",
            "high": "22.5051",
            "low": "22.4195",
            "close": "22.5551"
        },
        {
            "time": "03.11.2020 23:18",
            "open": "22.5551",
            "high": "22.5551",
            "low": "22.5551",
            "close": "22.5975"
        },
        {
            "time": "03.11.2020 23:19",
            "open": "22.5975",
            "high": "22.5975",
            "low": "22.5975",
            "close": "22.6503"
        },
        {
            "time": "03.11.2020 23:20",
            "open": "22.6503",
            "high": "22.7176",
            "low": "22.6503",
            "close": "22.7618"
        },
        {
            "time": "03.11.2020 23:22",
            "open": "22.7618",
            "high": "22.8528",
            "low": "22.7618",
            "close": "22.8528"
        },
        {
            "time": "03.11.2020 23:23",
            "open": "22.8528",
            "high": "22.8528",
            "low": "22.8528",
            "close": "22.8528"
        },
        {
            "time": "03.11.2020 23:24",
            "open": "22.8528",
            "high": "22.8925",
            "low": "22.8528",
            "close": "22.8528"
        },
        {
            "time": "03.11.2020 23:25",
            "open": "22.8528",
            "high": "22.8528",
            "low": "22.8275",
            "close": "22.8481"
        },
        {
            "time": "03.11.2020 23:26",
            "open": "22.8481",
            "high": "22.9",
            "low": "22.8481",
            "close": "22.9"
        },
        {
            "time": "03.11.2020 23:27",
            "open": "22.9",
            "high": "22.9",
            "low": "22.8725",
            "close": "22.8803"
        },
        {
            "time": "03.11.2020 23:28",
            "open": "22.8803",
            "high": "22.8832",
            "low": "22.8543",
            "close": "22.8344"
        },
        {
            "time": "03.11.2020 23:30",
            "open": "22.8344",
            "high": "22.8353",
            "low": "22.7846",
            "close": "22.8716"
        },
        {
            "time": "03.11.2020 23:31",
            "open": "22.8716",
            "high": "22.9",
            "low": "22.8716",
            "close": "22.8158"
        },
        {
            "time": "03.11.2020 23:32",
            "open": "22.8158",
            "high": "23.185",
            "low": "22.8157",
            "close": "22.7391"
        },
        {
            "time": "03.11.2020 23:33",
            "open": "22.7391",
            "high": "22.9015",
            "low": "22.4672",
            "close": "22.9045"
        },
        {
            "time": "03.11.2020 23:34",
            "open": "22.9045",
            "high": "22.9045",
            "low": "22.9045",
            "close": "22.8333"
        },
        {
            "time": "03.11.2020 23:35",
            "open": "22.8333",
            "high": "22.8593",
            "low": "22.7027",
            "close": "22.8457"
        },
        {
            "time": "03.11.2020 23:36",
            "open": "22.8457",
            "high": "23.19",
            "low": "22.8457",
            "close": "23.1024"
        },
        {
            "time": "03.11.2020 23:37",
            "open": "23.1024",
            "high": "23.2506",
            "low": "23.0829",
            "close": "23.1176"
        },
        {
            "time": "03.11.2020 23:38",
            "open": "23.1176",
            "high": "23.4",
            "low": "23.1176",
            "close": "23.3763"
        },
        {
            "time": "03.11.2020 23:39",
            "open": "23.3763",
            "high": "23.6998",
            "low": "23.3763",
            "close": "23.6985"
        },
        {
            "time": "03.11.2020 23:40",
            "open": "23.6985",
            "high": "23.8",
            "low": "23.6796",
            "close": "23.8"
        },
        {
            "time": "03.11.2020 23:41",
            "open": "23.8",
            "high": "24.1315",
            "low": "23.8",
            "close": "23.7431"
        },
        {
            "time": "03.11.2020 23:42",
            "open": "23.7431",
            "high": "23.9421",
            "low": "23.7335",
            "close": "24.1505"
        },
        {
            "time": "03.11.2020 23:44",
            "open": "24.1505",
            "high": "24.1505",
            "low": "24.0751",
            "close": "23.9932"
        },
        {
            "time": "03.11.2020 23:45",
            "open": "23.9932",
            "high": "24.1974",
            "low": "23.9932",
            "close": "24.2"
        },
        {
            "time": "03.11.2020 23:46",
            "open": "24.2",
            "high": "24.2",
            "low": "23.9219",
            "close": "24.2335"
        },
        {
            "time": "03.11.2020 23:47",
            "open": "24.2335",
            "high": "24.3064",
            "low": "24.2335",
            "close": "24.1526"
        },
        {
            "time": "03.11.2020 23:48",
            "open": "24.1526",
            "high": "24.257",
            "low": "24.1526",
            "close": "24.1856"
        },
        {
            "time": "03.11.2020 23:49",
            "open": "24.1856",
            "high": "24.2206",
            "low": "24.1856",
            "close": "24.0186"
        },
        {
            "time": "03.11.2020 23:50",
            "open": "24.0186",
            "high": "24.0186",
            "low": "24.0186",
            "close": "24.0223"
        },
        {
            "time": "03.11.2020 23:51",
            "open": "24.0223",
            "high": "24.0223",
            "low": "23.1893",
            "close": "23.2263"
        },
        {
            "time": "03.11.2020 23:52",
            "open": "23.2263",
            "high": "23.2263",
            "low": "22.8739",
            "close": "22.8742"
        },
        {
            "time": "03.11.2020 23:53",
            "open": "22.8742",
            "high": "23.186",
            "low": "22.7618",
            "close": "22.7618"
        },
        {
            "time": "03.11.2020 23:54",
            "open": "22.7618",
            "high": "23.14",
            "low": "22.7618",
            "close": "22.9508"
        },
        {
            "time": "03.11.2020 23:55",
            "open": "22.9508",
            "high": "22.9508",
            "low": "22.9508",
            "close": "22.9508"
        },
        {
            "time": "03.11.2020 23:57",
            "open": "22.9508",
            "high": "22.9508",
            "low": "22.9508",
            "close": "22.85"
        },
        {
            "time": "03.11.2020 23:58",
            "open": "22.85",
            "high": "22.85",
            "low": "22.85",
            "close": "22.7618"
        }
    ]
}