{
    "NMR-EUR": [
        {
            "time": "02.12.2020 23:58",
            "open": "26.3368",
            "high": "26.3368",
            "low": "26.3368",
            "close": "26.3778"
        },
        {
            "time": "03.12.2020 00:07",
            "open": "26.3778",
            "high": "26.3778",
            "low": "26.3778",
            "close": "26.3533"
        },
        {
            "time": "03.12.2020 00:23",
            "open": "26.3533",
            "high": "26.3533",
            "low": "26.3525",
            "close": "26.3606"
        },
        {
            "time": "03.12.2020 00:24",
            "open": "26.3606",
            "high": "26.3606",
            "low": "26.352",
            "close": "26.3635"
        },
        {
            "time": "03.12.2020 00:25",
            "open": "26.3635",
            "high": "26.3635",
            "low": "26.3635",
            "close": "26.274"
        },
        {
            "time": "03.12.2020 00:35",
            "open": "26.274",
            "high": "26.274",
            "low": "26.274",
            "close": "26.274"
        },
        {
            "time": "03.12.2020 00:36",
            "open": "26.274",
            "high": "26.274",
            "low": "26.274",
            "close": "26.249"
        },
        {
            "time": "03.12.2020 00:37",
            "open": "26.249",
            "high": "26.2981",
            "low": "26.1819",
            "close": "26.2759"
        },
        {
            "time": "03.12.2020 00:40",
            "open": "26.2759",
            "high": "26.2759",
            "low": "26.2759",
            "close": "26.1943"
        },
        {
            "time": "03.12.2020 01:01",
            "open": "26.1943",
            "high": "26.2004",
            "low": "26.1943",
            "close": "26.1727"
        },
        {
            "time": "03.12.2020 01:03",
            "open": "26.1727",
            "high": "26.189",
            "low": "26.1727",
            "close": "26.1563"
        },
        {
            "time": "03.12.2020 01:04",
            "open": "26.1563",
            "high": "26.1563",
            "low": "26.152",
            "close": "26"
        },
        {
            "time": "03.12.2020 01:13",
            "open": "26",
            "high": "26",
            "low": "26",
            "close": "25.9803"
        },
        {
            "time": "03.12.2020 01:30",
            "open": "25.9803",
            "high": "25.9803",
            "low": "25.9803",
            "close": "26.0561"
        },
        {
            "time": "03.12.2020 01:31",
            "open": "26.0561",
            "high": "26.0561",
            "low": "26.0561",
            "close": "25.9008"
        },
        {
            "time": "03.12.2020 01:40",
            "open": "25.9008",
            "high": "25.9008",
            "low": "25.9008",
            "close": "25.9252"
        },
        {
            "time": "03.12.2020 01:43",
            "open": "25.9252",
            "high": "25.9252",
            "low": "25.9252",
            "close": "25.82"
        },
        {
            "time": "03.12.2020 02:01",
            "open": "25.82",
            "high": "25.82",
            "low": "25.82",
            "close": "25.8"
        },
        {
            "time": "03.12.2020 02:02",
            "open": "25.8",
            "high": "25.8098",
            "low": "25.8",
            "close": "25.8"
        },
        {
            "time": "03.12.2020 02:03",
            "open": "25.8",
            "high": "25.8",
            "low": "25.8",
            "close": "25.7979"
        },
        {
            "time": "03.12.2020 02:04",
            "open": "25.7979",
            "high": "25.8",
            "low": "25.7979",
            "close": "25.8133"
        },
        {
            "time": "03.12.2020 02:10",
            "open": "25.8133",
            "high": "25.8139",
            "low": "25.8133",
            "close": "25.8812"
        },
        {
            "time": "03.12.2020 02:11",
            "open": "25.8812",
            "high": "26.75",
            "low": "25.8811",
            "close": "26.5452"
        },
        {
            "time": "03.12.2020 02:12",
            "open": "26.5452",
            "high": "26.5452",
            "low": "25.872",
            "close": "25.9612"
        },
        {
            "time": "03.12.2020 02:13",
            "open": "25.9612",
            "high": "26.85",
            "low": "25.9107",
            "close": "26.2583"
        },
        {
            "time": "03.12.2020 02:14",
            "open": "26.2583",
            "high": "27",
            "low": "26.2583",
            "close": "26.8702"
        },
        {
            "time": "03.12.2020 02:15",
            "open": "26.8702",
            "high": "26.8702",
            "low": "26.3166",
            "close": "26.4395"
        },
        {
            "time": "03.12.2020 02:16",
            "open": "26.4395",
            "high": "26.4395",
            "low": "26.2675",
            "close": "26.3272"
        },
        {
            "time": "03.12.2020 02:17",
            "open": "26.3272",
            "high": "26.3272",
            "low": "26.3272",
            "close": "26.3804"
        },
        {
            "time": "03.12.2020 02:18",
            "open": "26.3804",
            "high": "26.3804",
            "low": "26.3468",
            "close": "26.3551"
        },
        {
            "time": "03.12.2020 02:19",
            "open": "26.3551",
            "high": "26.4904",
            "low": "26.3551",
            "close": "26.6849"
        },
        {
            "time": "03.12.2020 02:20",
            "open": "26.6849",
            "high": "27",
            "low": "26.6849",
            "close": "26.9347"
        },
        {
            "time": "03.12.2020 02:21",
            "open": "26.9347",
            "high": "26.9347",
            "low": "26.8383",
            "close": "26.7962"
        },
        {
            "time": "03.12.2020 02:22",
            "open": "26.7962",
            "high": "26.7962",
            "low": "26.676",
            "close": "26.5695"
        },
        {
            "time": "03.12.2020 02:23",
            "open": "26.5695",
            "high": "26.5708",
            "low": "26.5695",
            "close": "26.672"
        },
        {
            "time": "03.12.2020 02:31",
            "open": "26.672",
            "high": "26.672",
            "low": "26.672",
            "close": "26.5"
        },
        {
            "time": "03.12.2020 02:39",
            "open": "26.5",
            "high": "26.5",
            "low": "26.5",
            "close": "26.5"
        },
        {
            "time": "03.12.2020 02:46",
            "open": "26.5",
            "high": "26.5",
            "low": "26.5",
            "close": "26.5413"
        },
        {
            "time": "03.12.2020 02:47",
            "open": "26.5413",
            "high": "26.5414",
            "low": "26.5413",
            "close": "26.4891"
        },
        {
            "time": "03.12.2020 02:56",
            "open": "26.4891",
            "high": "26.4891",
            "low": "26.3873",
            "close": "26.5921"
        },
        {
            "time": "03.12.2020 03:01",
            "open": "26.5921",
            "high": "26.6731",
            "low": "26.592",
            "close": "26.6275"
        },
        {
            "time": "03.12.2020 03:02",
            "open": "26.6275",
            "high": "27.5",
            "low": "26.6275",
            "close": "27.2992"
        },
        {
            "time": "03.12.2020 03:03",
            "open": "27.2992",
            "high": "27.312",
            "low": "26.7829",
            "close": "27.0708"
        },
        {
            "time": "03.12.2020 03:04",
            "open": "27.0708",
            "high": "27.0708",
            "low": "27.0375",
            "close": "27.0743"
        },
        {
            "time": "03.12.2020 03:05",
            "open": "27.0743",
            "high": "27.0747",
            "low": "27.0597",
            "close": "27.076"
        },
        {
            "time": "03.12.2020 03:06",
            "open": "27.076",
            "high": "27.076",
            "low": "26.8874",
            "close": "27.059"
        },
        {
            "time": "03.12.2020 03:07",
            "open": "27.059",
            "high": "27.0593",
            "low": "27.059",
            "close": "27.1018"
        },
        {
            "time": "03.12.2020 03:14",
            "open": "27.1018",
            "high": "27.1314",
            "low": "27.1018",
            "close": "27.1814"
        },
        {
            "time": "03.12.2020 03:15",
            "open": "27.1814",
            "high": "27.1814",
            "low": "27.1814",
            "close": "27.1346"
        },
        {
            "time": "03.12.2020 03:18",
            "open": "27.1346",
            "high": "27.1346",
            "low": "27.1346",
            "close": "27.1627"
        },
        {
            "time": "03.12.2020 03:22",
            "open": "27.1627",
            "high": "27.1627",
            "low": "27.1627",
            "close": "27.1314"
        },
        {
            "time": "03.12.2020 03:40",
            "open": "27.1314",
            "high": "27.2209",
            "low": "27.1314",
            "close": "27.223"
        },
        {
            "time": "03.12.2020 03:45",
            "open": "27.223",
            "high": "27.223",
            "low": "27.223",
            "close": "27.2674"
        },
        {
            "time": "03.12.2020 03:46",
            "open": "27.2674",
            "high": "27.3007",
            "low": "27.2674",
            "close": "27.3683"
        },
        {
            "time": "03.12.2020 03:49",
            "open": "27.3683",
            "high": "27.3683",
            "low": "27.3683",
            "close": "27.4999"
        },
        {
            "time": "03.12.2020 03:50",
            "open": "27.4999",
            "high": "27.5",
            "low": "27.453",
            "close": "27.4972"
        },
        {
            "time": "03.12.2020 03:51",
            "open": "27.4972",
            "high": "27.5237",
            "low": "27.4226",
            "close": "27.5238"
        },
        {
            "time": "03.12.2020 03:52",
            "open": "27.5238",
            "high": "27.5239",
            "low": "27.5089",
            "close": "27.5089"
        },
        {
            "time": "03.12.2020 03:54",
            "open": "27.5089",
            "high": "27.5091",
            "low": "27.5089",
            "close": "27.5129"
        },
        {
            "time": "03.12.2020 03:55",
            "open": "27.5129",
            "high": "27.5237",
            "low": "27.5129",
            "close": "27.5238"
        },
        {
            "time": "03.12.2020 03:56",
            "open": "27.5238",
            "high": "27.5743",
            "low": "27.5238",
            "close": "27.588"
        },
        {
            "time": "03.12.2020 03:59",
            "open": "27.588",
            "high": "27.588",
            "low": "27.524",
            "close": "27.5375"
        },
        {
            "time": "03.12.2020 04:00",
            "open": "27.5375",
            "high": "27.5375",
            "low": "27.5348",
            "close": "27.621"
        },
        {
            "time": "03.12.2020 04:07",
            "open": "27.621",
            "high": "27.621",
            "low": "27.621",
            "close": "27.5358"
        },
        {
            "time": "03.12.2020 04:18",
            "open": "27.5358",
            "high": "27.5358",
            "low": "27.5358",
            "close": "27.5228"
        },
        {
            "time": "03.12.2020 04:22",
            "open": "27.5228",
            "high": "27.5241",
            "low": "27.5227",
            "close": "27.2234"
        },
        {
            "time": "03.12.2020 04:32",
            "open": "27.2234",
            "high": "27.313",
            "low": "27.0419",
            "close": "27.0213"
        },
        {
            "time": "03.12.2020 04:56",
            "open": "27.0213",
            "high": "27.0213",
            "low": "27.0213",
            "close": "26.92"
        },
        {
            "time": "03.12.2020 04:59",
            "open": "26.92",
            "high": "26.92",
            "low": "26.9199",
            "close": "26.9709"
        },
        {
            "time": "03.12.2020 05:10",
            "open": "26.9709",
            "high": "26.9806",
            "low": "26.9601",
            "close": "26.9806"
        },
        {
            "time": "03.12.2020 05:11",
            "open": "26.9806",
            "high": "26.9806",
            "low": "26.9806",
            "close": "27.0631"
        },
        {
            "time": "03.12.2020 05:20",
            "open": "27.0631",
            "high": "27.3142",
            "low": "27.0631",
            "close": "27.1017"
        },
        {
            "time": "03.12.2020 05:21",
            "open": "27.1017",
            "high": "27.1817",
            "low": "27.1017",
            "close": "27.1415"
        },
        {
            "time": "03.12.2020 05:24",
            "open": "27.1415",
            "high": "27.1415",
            "low": "27.1046",
            "close": "27.05"
        },
        {
            "time": "03.12.2020 05:35",
            "open": "27.05",
            "high": "27.05",
            "low": "27.05",
            "close": "27.0453"
        },
        {
            "time": "03.12.2020 05:36",
            "open": "27.0453",
            "high": "27.0453",
            "low": "27.0453",
            "close": "26.9806"
        },
        {
            "time": "03.12.2020 05:38",
            "open": "26.9806",
            "high": "26.9806",
            "low": "26.915",
            "close": "26.8733"
        },
        {
            "time": "03.12.2020 05:40",
            "open": "26.8733",
            "high": "26.8733",
            "low": "26.873",
            "close": "26.8699"
        },
        {
            "time": "03.12.2020 05:41",
            "open": "26.8699",
            "high": "26.8699",
            "low": "26.2645",
            "close": "26.7985"
        },
        {
            "time": "03.12.2020 05:46",
            "open": "26.7985",
            "high": "26.7985",
            "low": "26.7825",
            "close": "26.7991"
        },
        {
            "time": "03.12.2020 05:48",
            "open": "26.7991",
            "high": "26.7991",
            "low": "26.791",
            "close": "26.7541"
        },
        {
            "time": "03.12.2020 05:49",
            "open": "26.7541",
            "high": "26.7541",
            "low": "26.7459",
            "close": "26.6168"
        },
        {
            "time": "03.12.2020 05:56",
            "open": "26.6168",
            "high": "26.6179",
            "low": "26.6168",
            "close": "26.6957"
        },
        {
            "time": "03.12.2020 06:18",
            "open": "26.6957",
            "high": "26.6957",
            "low": "26.6957",
            "close": "26.6295"
        },
        {
            "time": "03.12.2020 06:20",
            "open": "26.6295",
            "high": "26.6295",
            "low": "26.6057",
            "close": "26.5242"
        },
        {
            "time": "03.12.2020 06:24",
            "open": "26.5242",
            "high": "26.5242",
            "low": "26.5242",
            "close": "26.3273"
        },
        {
            "time": "03.12.2020 06:42",
            "open": "26.3273",
            "high": "26.378",
            "low": "26.3273",
            "close": "26.1554"
        },
        {
            "time": "03.12.2020 07:00",
            "open": "26.1554",
            "high": "26.1554",
            "low": "26.1554",
            "close": "26.1429"
        },
        {
            "time": "03.12.2020 07:06",
            "open": "26.1429",
            "high": "26.1429",
            "low": "26.1429",
            "close": "26.1688"
        },
        {
            "time": "03.12.2020 07:20",
            "open": "26.1688",
            "high": "26.1688",
            "low": "26.1688",
            "close": "26.1429"
        },
        {
            "time": "03.12.2020 07:23",
            "open": "26.1429",
            "high": "26.1429",
            "low": "26.1429",
            "close": "26.1416"
        },
        {
            "time": "03.12.2020 07:27",
            "open": "26.1416",
            "high": "26.1416",
            "low": "26.1416",
            "close": "26.1475"
        },
        {
            "time": "03.12.2020 07:31",
            "open": "26.1475",
            "high": "26.1475",
            "low": "26.1475",
            "close": "26.3723"
        },
        {
            "time": "03.12.2020 07:35",
            "open": "26.3723",
            "high": "27.4641",
            "low": "26.3723",
            "close": "27.2321"
        },
        {
            "time": "03.12.2020 07:36",
            "open": "27.2321",
            "high": "27.2321",
            "low": "26.9646",
            "close": "27.0383"
        },
        {
            "time": "03.12.2020 07:37",
            "open": "27.0383",
            "high": "27.0385",
            "low": "27.0312",
            "close": "26.9635"
        },
        {
            "time": "03.12.2020 07:38",
            "open": "26.9635",
            "high": "26.9635",
            "low": "26.8954",
            "close": "26.6405"
        },
        {
            "time": "03.12.2020 07:40",
            "open": "26.6405",
            "high": "26.6405",
            "low": "26.6405",
            "close": "26.6405"
        },
        {
            "time": "03.12.2020 07:42",
            "open": "26.6405",
            "high": "26.6405",
            "low": "26.6405",
            "close": "26.6237"
        },
        {
            "time": "03.12.2020 07:43",
            "open": "26.6237",
            "high": "26.6237",
            "low": "26.6186",
            "close": "26.4938"
        },
        {
            "time": "03.12.2020 07:55",
            "open": "26.4938",
            "high": "26.4938",
            "low": "26.45",
            "close": "26.45"
        },
        {
            "time": "03.12.2020 07:56",
            "open": "26.45",
            "high": "26.45",
            "low": "26.45",
            "close": "26.3883"
        },
        {
            "time": "03.12.2020 07:58",
            "open": "26.3883",
            "high": "26.3883",
            "low": "26.2",
            "close": "26.1475"
        },
        {
            "time": "03.12.2020 07:59",
            "open": "26.1475",
            "high": "26.1475",
            "low": "26.1475",
            "close": "26.093"
        },
        {
            "time": "03.12.2020 08:14",
            "open": "26.093",
            "high": "26.093",
            "low": "26.093",
            "close": "26.1473"
        },
        {
            "time": "03.12.2020 08:20",
            "open": "26.1473",
            "high": "26.1911",
            "low": "26.1473",
            "close": "26.1926"
        },
        {
            "time": "03.12.2020 08:23",
            "open": "26.1926",
            "high": "26.1926",
            "low": "26.1926",
            "close": "26.3954"
        },
        {
            "time": "03.12.2020 08:33",
            "open": "26.3954",
            "high": "26.3954",
            "low": "26.3954",
            "close": "26.4273"
        },
        {
            "time": "03.12.2020 08:34",
            "open": "26.4273",
            "high": "26.4382",
            "low": "26.4273",
            "close": "26.4286"
        },
        {
            "time": "03.12.2020 08:37",
            "open": "26.4286",
            "high": "26.4286",
            "low": "26.4286",
            "close": "26.3851"
        },
        {
            "time": "03.12.2020 08:38",
            "open": "26.3851",
            "high": "26.3908",
            "low": "26.3346",
            "close": "26.4169"
        },
        {
            "time": "03.12.2020 08:39",
            "open": "26.4169",
            "high": "26.4169",
            "low": "26.4169",
            "close": "26.3645"
        },
        {
            "time": "03.12.2020 08:40",
            "open": "26.3645",
            "high": "26.3645",
            "low": "26.3645",
            "close": "26.3832"
        },
        {
            "time": "03.12.2020 08:41",
            "open": "26.3832",
            "high": "26.3926",
            "low": "26.3832",
            "close": "26.4192"
        },
        {
            "time": "03.12.2020 08:42",
            "open": "26.4192",
            "high": "26.4192",
            "low": "26.4192",
            "close": "26.4169"
        },
        {
            "time": "03.12.2020 08:46",
            "open": "26.4169",
            "high": "26.4169",
            "low": "26.3466",
            "close": "26.4019"
        },
        {
            "time": "03.12.2020 08:47",
            "open": "26.4019",
            "high": "26.4019",
            "low": "26.4019",
            "close": "26.3498"
        },
        {
            "time": "03.12.2020 08:57",
            "open": "26.3498",
            "high": "26.3498",
            "low": "26.3498",
            "close": "26.2537"
        },
        {
            "time": "03.12.2020 08:58",
            "open": "26.2537",
            "high": "26.9695",
            "low": "26.2537",
            "close": "26.4717"
        },
        {
            "time": "03.12.2020 08:59",
            "open": "26.4717",
            "high": "26.4717",
            "low": "26.4717",
            "close": "26.4245"
        },
        {
            "time": "03.12.2020 09:01",
            "open": "26.4245",
            "high": "26.4245",
            "low": "26.3355",
            "close": "26.3273"
        },
        {
            "time": "03.12.2020 09:02",
            "open": "26.3273",
            "high": "26.3273",
            "low": "26.3273",
            "close": "26.3301"
        },
        {
            "time": "03.12.2020 09:08",
            "open": "26.3301",
            "high": "26.3302",
            "low": "26.3301",
            "close": "26.2843"
        },
        {
            "time": "03.12.2020 09:09",
            "open": "26.2843",
            "high": "26.2951",
            "low": "26.2843",
            "close": "26.3384"
        },
        {
            "time": "03.12.2020 09:10",
            "open": "26.3384",
            "high": "26.3384",
            "low": "26.3384",
            "close": "26.3384"
        },
        {
            "time": "03.12.2020 09:14",
            "open": "26.3384",
            "high": "26.3384",
            "low": "26.3384",
            "close": "26.3914"
        },
        {
            "time": "03.12.2020 09:18",
            "open": "26.3914",
            "high": "26.396",
            "low": "26.3819",
            "close": "26.3988"
        },
        {
            "time": "03.12.2020 09:19",
            "open": "26.3988",
            "high": "26.5098",
            "low": "26.3988",
            "close": "26.273"
        },
        {
            "time": "03.12.2020 09:40",
            "open": "26.273",
            "high": "26.273",
            "low": "26.273",
            "close": "26.225"
        },
        {
            "time": "03.12.2020 09:41",
            "open": "26.225",
            "high": "26.225",
            "low": "26.225",
            "close": "26.1759"
        },
        {
            "time": "03.12.2020 09:52",
            "open": "26.1759",
            "high": "26.2546",
            "low": "26.1759",
            "close": "26.1964"
        },
        {
            "time": "03.12.2020 09:54",
            "open": "26.1964",
            "high": "26.1964",
            "low": "26.1964",
            "close": "26.2004"
        },
        {
            "time": "03.12.2020 10:00",
            "open": "26.2004",
            "high": "26.2004",
            "low": "26.2004",
            "close": "26.2352"
        },
        {
            "time": "03.12.2020 10:01",
            "open": "26.2352",
            "high": "26.4243",
            "low": "26.235",
            "close": "26.4617"
        },
        {
            "time": "03.12.2020 10:02",
            "open": "26.4617",
            "high": "26.6761",
            "low": "26.4617",
            "close": "26.6611"
        },
        {
            "time": "03.12.2020 10:03",
            "open": "26.6611",
            "high": "26.6611",
            "low": "26.6611",
            "close": "26.5855"
        },
        {
            "time": "03.12.2020 10:07",
            "open": "26.5855",
            "high": "26.5855",
            "low": "26.5855",
            "close": "26.3273"
        },
        {
            "time": "03.12.2020 10:09",
            "open": "26.3273",
            "high": "26.3273",
            "low": "26.3273",
            "close": "26.2643"
        },
        {
            "time": "03.12.2020 10:10",
            "open": "26.2643",
            "high": "26.2643",
            "low": "26.2643",
            "close": "26.3508"
        },
        {
            "time": "03.12.2020 10:16",
            "open": "26.3508",
            "high": "26.3508",
            "low": "26.3508",
            "close": "26.3386"
        },
        {
            "time": "03.12.2020 10:19",
            "open": "26.3386",
            "high": "26.3387",
            "low": "26.3386",
            "close": "26.2486"
        },
        {
            "time": "03.12.2020 10:25",
            "open": "26.2486",
            "high": "26.2486",
            "low": "26.1582",
            "close": "26.0777"
        },
        {
            "time": "03.12.2020 10:30",
            "open": "26.0777",
            "high": "26.1196",
            "low": "26.0776",
            "close": "26.2074"
        },
        {
            "time": "03.12.2020 10:32",
            "open": "26.2074",
            "high": "26.2074",
            "low": "26.2074",
            "close": "26.4696"
        },
        {
            "time": "03.12.2020 10:49",
            "open": "26.4696",
            "high": "26.4696",
            "low": "26.4696",
            "close": "26.4422"
        },
        {
            "time": "03.12.2020 11:03",
            "open": "26.4422",
            "high": "26.4422",
            "low": "26.4422",
            "close": "26.5079"
        },
        {
            "time": "03.12.2020 11:04",
            "open": "26.5079",
            "high": "26.5079",
            "low": "26.5079",
            "close": "26.3746"
        },
        {
            "time": "03.12.2020 11:05",
            "open": "26.3746",
            "high": "26.3746",
            "low": "26.3746",
            "close": "26.3593"
        },
        {
            "time": "03.12.2020 11:07",
            "open": "26.3593",
            "high": "26.3593",
            "low": "26.354",
            "close": "26.3745"
        },
        {
            "time": "03.12.2020 11:11",
            "open": "26.3745",
            "high": "26.3745",
            "low": "26.3744",
            "close": "26.3745"
        },
        {
            "time": "03.12.2020 11:15",
            "open": "26.3745",
            "high": "26.3746",
            "low": "26.3744",
            "close": "26.3707"
        },
        {
            "time": "03.12.2020 11:16",
            "open": "26.3707",
            "high": "26.3746",
            "low": "26.3707",
            "close": "26.3746"
        },
        {
            "time": "03.12.2020 11:17",
            "open": "26.3746",
            "high": "26.3746",
            "low": "26.3746",
            "close": "26.5929"
        },
        {
            "time": "03.12.2020 11:20",
            "open": "26.5929",
            "high": "26.5929",
            "low": "26.5929",
            "close": "26.605"
        },
        {
            "time": "03.12.2020 11:28",
            "open": "26.605",
            "high": "26.605",
            "low": "26.605",
            "close": "26.658"
        },
        {
            "time": "03.12.2020 11:29",
            "open": "26.658",
            "high": "26.658",
            "low": "26.658",
            "close": "26.6743"
        },
        {
            "time": "03.12.2020 11:30",
            "open": "26.6743",
            "high": "26.6743",
            "low": "26.6743",
            "close": "26.6743"
        },
        {
            "time": "03.12.2020 11:31",
            "open": "26.6743",
            "high": "26.6991",
            "low": "26.6743",
            "close": "26.6759"
        },
        {
            "time": "03.12.2020 11:34",
            "open": "26.6759",
            "high": "26.6759",
            "low": "26.6759",
            "close": "26.7065"
        },
        {
            "time": "03.12.2020 11:35",
            "open": "26.7065",
            "high": "26.7146",
            "low": "26.7065",
            "close": "26.6932"
        },
        {
            "time": "03.12.2020 11:37",
            "open": "26.6932",
            "high": "26.6932",
            "low": "26.6932",
            "close": "26.6207"
        },
        {
            "time": "03.12.2020 11:44",
            "open": "26.6207",
            "high": "26.6553",
            "low": "26.6207",
            "close": "26.5376"
        },
        {
            "time": "03.12.2020 11:51",
            "open": "26.5376",
            "high": "26.5376",
            "low": "26.5151",
            "close": "26.5015"
        },
        {
            "time": "03.12.2020 12:07",
            "open": "26.5015",
            "high": "26.5516",
            "low": "26.5015",
            "close": "26.6503"
        },
        {
            "time": "03.12.2020 12:30",
            "open": "26.6503",
            "high": "26.6503",
            "low": "26.6503",
            "close": "26.38"
        },
        {
            "time": "03.12.2020 12:36",
            "open": "26.38",
            "high": "26.38",
            "low": "26.38",
            "close": "26.38"
        },
        {
            "time": "03.12.2020 12:49",
            "open": "26.38",
            "high": "26.38",
            "low": "26.38",
            "close": "26.3273"
        },
        {
            "time": "03.12.2020 13:02",
            "open": "26.3273",
            "high": "26.3273",
            "low": "26.3273",
            "close": "26.194"
        },
        {
            "time": "03.12.2020 13:10",
            "open": "26.194",
            "high": "26.2829",
            "low": "26.194",
            "close": "26.1544"
        },
        {
            "time": "03.12.2020 13:13",
            "open": "26.1544",
            "high": "26.1544",
            "low": "26.1544",
            "close": "26.114"
        },
        {
            "time": "03.12.2020 13:19",
            "open": "26.114",
            "high": "26.114",
            "low": "26.114",
            "close": "26.1069"
        },
        {
            "time": "03.12.2020 13:22",
            "open": "26.1069",
            "high": "26.1069",
            "low": "26.1069",
            "close": "26.1069"
        },
        {
            "time": "03.12.2020 13:24",
            "open": "26.1069",
            "high": "26.1069",
            "low": "26.1069",
            "close": "26.1069"
        },
        {
            "time": "03.12.2020 13:25",
            "open": "26.1069",
            "high": "26.1069",
            "low": "26.1069",
            "close": "26.164"
        },
        {
            "time": "03.12.2020 13:27",
            "open": "26.164",
            "high": "26.5012",
            "low": "26.164",
            "close": "26.6387"
        },
        {
            "time": "03.12.2020 13:28",
            "open": "26.6387",
            "high": "26.7222",
            "low": "26.6183",
            "close": "26.7378"
        },
        {
            "time": "03.12.2020 13:29",
            "open": "26.7378",
            "high": "26.7378",
            "low": "26.6687",
            "close": "26.5607"
        },
        {
            "time": "03.12.2020 13:30",
            "open": "26.5607",
            "high": "26.5607",
            "low": "26.5562",
            "close": "26.3273"
        },
        {
            "time": "03.12.2020 13:39",
            "open": "26.3273",
            "high": "26.3273",
            "low": "26.3273",
            "close": "26.3006"
        },
        {
            "time": "03.12.2020 13:47",
            "open": "26.3006",
            "high": "26.3273",
            "low": "26.3006",
            "close": "26.3273"
        },
        {
            "time": "03.12.2020 13:49",
            "open": "26.3273",
            "high": "26.3273",
            "low": "26.3273",
            "close": "26.3105"
        },
        {
            "time": "03.12.2020 13:50",
            "open": "26.3105",
            "high": "26.3105",
            "low": "26.3105",
            "close": "26.2319"
        },
        {
            "time": "03.12.2020 13:53",
            "open": "26.2319",
            "high": "26.2319",
            "low": "26.2319",
            "close": "26.2605"
        },
        {
            "time": "03.12.2020 13:55",
            "open": "26.2605",
            "high": "26.2605",
            "low": "26.2605",
            "close": "26.2709"
        },
        {
            "time": "03.12.2020 13:59",
            "open": "26.2709",
            "high": "26.2739",
            "low": "26.2709",
            "close": "26.2684"
        },
        {
            "time": "03.12.2020 14:02",
            "open": "26.2684",
            "high": "26.2684",
            "low": "26.2684",
            "close": "26.3075"
        },
        {
            "time": "03.12.2020 14:07",
            "open": "26.3075",
            "high": "26.3075",
            "low": "26.3075",
            "close": "26.3281"
        },
        {
            "time": "03.12.2020 14:29",
            "open": "26.3281",
            "high": "26.9694",
            "low": "26.3281",
            "close": "26.9995"
        },
        {
            "time": "03.12.2020 14:30",
            "open": "26.9995",
            "high": "27.0533",
            "low": "26.9995",
            "close": "27.0107"
        },
        {
            "time": "03.12.2020 14:31",
            "open": "27.0107",
            "high": "27.0414",
            "low": "26.7078",
            "close": "26.6939"
        },
        {
            "time": "03.12.2020 14:32",
            "open": "26.6939",
            "high": "26.6939",
            "low": "26.574",
            "close": "26.6438"
        },
        {
            "time": "03.12.2020 14:33",
            "open": "26.6438",
            "high": "26.6438",
            "low": "26.6138",
            "close": "26.6489"
        },
        {
            "time": "03.12.2020 14:34",
            "open": "26.6489",
            "high": "26.6489",
            "low": "26.6489",
            "close": "26.5353"
        },
        {
            "time": "03.12.2020 14:36",
            "open": "26.5353",
            "high": "26.5353",
            "low": "26.5353",
            "close": "26.4242"
        },
        {
            "time": "03.12.2020 14:38",
            "open": "26.4242",
            "high": "26.4242",
            "low": "26.4242",
            "close": "26.4177"
        },
        {
            "time": "03.12.2020 14:39",
            "open": "26.4177",
            "high": "26.438",
            "low": "26.4177",
            "close": "26.4302"
        },
        {
            "time": "03.12.2020 14:42",
            "open": "26.4302",
            "high": "26.4534",
            "low": "26.4302",
            "close": "26.3714"
        },
        {
            "time": "03.12.2020 14:43",
            "open": "26.3714",
            "high": "26.3714",
            "low": "26.3714",
            "close": "26.5111"
        },
        {
            "time": "03.12.2020 14:46",
            "open": "26.5111",
            "high": "26.5111",
            "low": "26.5111",
            "close": "26.5405"
        },
        {
            "time": "03.12.2020 14:53",
            "open": "26.5405",
            "high": "26.55",
            "low": "26.5405",
            "close": "26.5288"
        },
        {
            "time": "03.12.2020 14:58",
            "open": "26.5288",
            "high": "26.5288",
            "low": "26.5288",
            "close": "26.5363"
        },
        {
            "time": "03.12.2020 15:10",
            "open": "26.5363",
            "high": "26.5683",
            "low": "26.5363",
            "close": "26.485"
        },
        {
            "time": "03.12.2020 15:18",
            "open": "26.485",
            "high": "26.485",
            "low": "26.4849",
            "close": "26.5329"
        },
        {
            "time": "03.12.2020 15:22",
            "open": "26.5329",
            "high": "26.5329",
            "low": "26.5328",
            "close": "26.55"
        },
        {
            "time": "03.12.2020 15:30",
            "open": "26.55",
            "high": "26.55",
            "low": "26.55",
            "close": "26.6601"
        },
        {
            "time": "03.12.2020 15:31",
            "open": "26.6601",
            "high": "26.8978",
            "low": "26.6601",
            "close": "26.932"
        },
        {
            "time": "03.12.2020 15:33",
            "open": "26.932",
            "high": "26.932",
            "low": "26.8235",
            "close": "26.9"
        },
        {
            "time": "03.12.2020 15:34",
            "open": "26.9",
            "high": "26.9",
            "low": "26.8649",
            "close": "26.9781"
        },
        {
            "time": "03.12.2020 15:36",
            "open": "26.9781",
            "high": "26.9781",
            "low": "26.9781",
            "close": "26.9866"
        },
        {
            "time": "03.12.2020 15:38",
            "open": "26.9866",
            "high": "27.0213",
            "low": "26.9866",
            "close": "27.0357"
        },
        {
            "time": "03.12.2020 15:40",
            "open": "27.0357",
            "high": "27.0357",
            "low": "27.0303",
            "close": "26.9945"
        },
        {
            "time": "03.12.2020 15:41",
            "open": "26.9945",
            "high": "27.0141",
            "low": "26.9945",
            "close": "27.0493"
        },
        {
            "time": "03.12.2020 15:47",
            "open": "27.0493",
            "high": "27.0493",
            "low": "27.0493",
            "close": "27.0574"
        },
        {
            "time": "03.12.2020 15:50",
            "open": "27.0574",
            "high": "27.52",
            "low": "26.9795",
            "close": "27.0484"
        },
        {
            "time": "03.12.2020 15:53",
            "open": "27.0484",
            "high": "27.0484",
            "low": "27.0484",
            "close": "27.0213"
        },
        {
            "time": "03.12.2020 16:07",
            "open": "27.0213",
            "high": "27.0213",
            "low": "27.0213",
            "close": "27.0572"
        },
        {
            "time": "03.12.2020 16:09",
            "open": "27.0572",
            "high": "27.0572",
            "low": "27.0572",
            "close": "27.002"
        },
        {
            "time": "03.12.2020 16:10",
            "open": "27.002",
            "high": "27.0605",
            "low": "26.9367",
            "close": "26.9327"
        },
        {
            "time": "03.12.2020 16:11",
            "open": "26.9327",
            "high": "26.9327",
            "low": "26.9327",
            "close": "27.0387"
        },
        {
            "time": "03.12.2020 16:13",
            "open": "27.0387",
            "high": "27.0387",
            "low": "27.0387",
            "close": "26.945"
        },
        {
            "time": "03.12.2020 16:18",
            "open": "26.945",
            "high": "26.945",
            "low": "26.945",
            "close": "26.9964"
        },
        {
            "time": "03.12.2020 16:21",
            "open": "26.9964",
            "high": "26.9964",
            "low": "26.9964",
            "close": "26.9971"
        },
        {
            "time": "03.12.2020 16:25",
            "open": "26.9971",
            "high": "26.9971",
            "low": "26.9971",
            "close": "27.0118"
        },
        {
            "time": "03.12.2020 16:26",
            "open": "27.0118",
            "high": "27.0118",
            "low": "27.0118",
            "close": "27.0172"
        },
        {
            "time": "03.12.2020 16:29",
            "open": "27.0172",
            "high": "27.0172",
            "low": "27.0172",
            "close": "27.046"
        },
        {
            "time": "03.12.2020 16:36",
            "open": "27.046",
            "high": "27.046",
            "low": "27.046",
            "close": "27.039"
        },
        {
            "time": "03.12.2020 16:41",
            "open": "27.039",
            "high": "27.039",
            "low": "27.0388",
            "close": "27.0463"
        },
        {
            "time": "03.12.2020 16:43",
            "open": "27.0463",
            "high": "27.0463",
            "low": "27.0463",
            "close": "27.1075"
        },
        {
            "time": "03.12.2020 16:44",
            "open": "27.1075",
            "high": "27.1076",
            "low": "27.1075",
            "close": "27.0541"
        },
        {
            "time": "03.12.2020 16:47",
            "open": "27.0541",
            "high": "27.0563",
            "low": "27.0541",
            "close": "27.0563"
        },
        {
            "time": "03.12.2020 16:56",
            "open": "27.0563",
            "high": "27.0563",
            "low": "26.7063",
            "close": "27.0997"
        },
        {
            "time": "03.12.2020 17:05",
            "open": "27.0997",
            "high": "27.3682",
            "low": "27.0997",
            "close": "27.0519"
        },
        {
            "time": "03.12.2020 17:07",
            "open": "27.0519",
            "high": "27.0519",
            "low": "27.0519",
            "close": "27.0519"
        },
        {
            "time": "03.12.2020 17:08",
            "open": "27.0519",
            "high": "27.0519",
            "low": "27.0519",
            "close": "27.1277"
        },
        {
            "time": "03.12.2020 17:10",
            "open": "27.1277",
            "high": "27.1277",
            "low": "27.1261",
            "close": "27.0798"
        },
        {
            "time": "03.12.2020 17:14",
            "open": "27.0798",
            "high": "27.0828",
            "low": "27.0774",
            "close": "27.0689"
        },
        {
            "time": "03.12.2020 17:15",
            "open": "27.0689",
            "high": "27.1061",
            "low": "27.0689",
            "close": "27.1"
        },
        {
            "time": "03.12.2020 17:16",
            "open": "27.1",
            "high": "27.1063",
            "low": "27.091",
            "close": "27.0925"
        },
        {
            "time": "03.12.2020 17:17",
            "open": "27.0925",
            "high": "27.1514",
            "low": "27.0925",
            "close": "27.1119"
        },
        {
            "time": "03.12.2020 17:18",
            "open": "27.1119",
            "high": "27.2651",
            "low": "27.1108",
            "close": "27.2083"
        },
        {
            "time": "03.12.2020 17:26",
            "open": "27.2083",
            "high": "27.228",
            "low": "27.1887",
            "close": "27.1893"
        },
        {
            "time": "03.12.2020 17:34",
            "open": "27.1893",
            "high": "27.1893",
            "low": "27.1893",
            "close": "27.1893"
        },
        {
            "time": "03.12.2020 17:37",
            "open": "27.1893",
            "high": "27.1893",
            "low": "27.1893",
            "close": "27.1127"
        },
        {
            "time": "03.12.2020 17:46",
            "open": "27.1127",
            "high": "27.1127",
            "low": "27.103",
            "close": "27.111"
        },
        {
            "time": "03.12.2020 17:47",
            "open": "27.111",
            "high": "27.1331",
            "low": "27.111",
            "close": "27.1117"
        },
        {
            "time": "03.12.2020 17:50",
            "open": "27.1117",
            "high": "27.1117",
            "low": "27.1117",
            "close": "27.1102"
        },
        {
            "time": "03.12.2020 17:52",
            "open": "27.1102",
            "high": "27.1102",
            "low": "27.1102",
            "close": "27.1096"
        },
        {
            "time": "03.12.2020 17:53",
            "open": "27.1096",
            "high": "27.1197",
            "low": "27.0979",
            "close": "27.1894"
        },
        {
            "time": "03.12.2020 18:02",
            "open": "27.1894",
            "high": "27.2086",
            "low": "27.1894",
            "close": "27.2331"
        },
        {
            "time": "03.12.2020 18:13",
            "open": "27.2331",
            "high": "27.2331",
            "low": "27.2331",
            "close": "27.2086"
        },
        {
            "time": "03.12.2020 18:19",
            "open": "27.2086",
            "high": "27.2086",
            "low": "27.1617",
            "close": "27.1296"
        },
        {
            "time": "03.12.2020 18:29",
            "open": "27.1296",
            "high": "27.1296",
            "low": "27.1296",
            "close": "27.1918"
        },
        {
            "time": "03.12.2020 18:46",
            "open": "27.1918",
            "high": "27.1918",
            "low": "27.1918",
            "close": "27.1582"
        },
        {
            "time": "03.12.2020 18:51",
            "open": "27.1582",
            "high": "27.1582",
            "low": "27.1582",
            "close": "27.1582"
        },
        {
            "time": "03.12.2020 19:02",
            "open": "27.1582",
            "high": "27.1814",
            "low": "27.1582",
            "close": "27.155"
        },
        {
            "time": "03.12.2020 19:11",
            "open": "27.155",
            "high": "27.1583",
            "low": "27.155",
            "close": "27.1441"
        },
        {
            "time": "03.12.2020 19:12",
            "open": "27.1441",
            "high": "27.1441",
            "low": "27.144",
            "close": "27.1616"
        },
        {
            "time": "03.12.2020 19:13",
            "open": "27.1616",
            "high": "27.1616",
            "low": "27.1374",
            "close": "27.166"
        },
        {
            "time": "03.12.2020 19:14",
            "open": "27.166",
            "high": "27.1951",
            "low": "27.166",
            "close": "27.2005"
        },
        {
            "time": "03.12.2020 19:16",
            "open": "27.2005",
            "high": "27.2005",
            "low": "27.2005",
            "close": "27.2415"
        },
        {
            "time": "03.12.2020 19:24",
            "open": "27.2415",
            "high": "27.2415",
            "low": "27.2364",
            "close": "27.2005"
        },
        {
            "time": "03.12.2020 19:28",
            "open": "27.2005",
            "high": "27.2005",
            "low": "27.2005",
            "close": "27.2046"
        },
        {
            "time": "03.12.2020 19:34",
            "open": "27.2046",
            "high": "27.2046",
            "low": "27.2046",
            "close": "27.17"
        },
        {
            "time": "03.12.2020 19:37",
            "open": "27.17",
            "high": "27.17",
            "low": "27.1449",
            "close": "27.1179"
        },
        {
            "time": "03.12.2020 19:40",
            "open": "27.1179",
            "high": "27.1179",
            "low": "27.1179",
            "close": "27.1201"
        },
        {
            "time": "03.12.2020 19:43",
            "open": "27.1201",
            "high": "27.1616",
            "low": "27.1187",
            "close": "27.1145"
        },
        {
            "time": "03.12.2020 19:49",
            "open": "27.1145",
            "high": "27.1789",
            "low": "27.1145",
            "close": "27.1113"
        },
        {
            "time": "03.12.2020 19:56",
            "open": "27.1113",
            "high": "27.1113",
            "low": "27.1113",
            "close": "27.0697"
        },
        {
            "time": "03.12.2020 19:59",
            "open": "27.0697",
            "high": "27.0697",
            "low": "27.0697",
            "close": "27.0451"
        },
        {
            "time": "03.12.2020 20:02",
            "open": "27.0451",
            "high": "27.0451",
            "low": "27.0428",
            "close": "27.0471"
        },
        {
            "time": "03.12.2020 20:06",
            "open": "27.0471",
            "high": "27.0471",
            "low": "27.0471",
            "close": "27.0209"
        },
        {
            "time": "03.12.2020 20:07",
            "open": "27.0209",
            "high": "27.0209",
            "low": "27.0209",
            "close": "27.0854"
        },
        {
            "time": "03.12.2020 20:08",
            "open": "27.0854",
            "high": "27.0854",
            "low": "27.0854",
            "close": "27.1179"
        },
        {
            "time": "03.12.2020 20:10",
            "open": "27.1179",
            "high": "27.1179",
            "low": "27.1179",
            "close": "27.1281"
        },
        {
            "time": "03.12.2020 20:12",
            "open": "27.1281",
            "high": "27.1281",
            "low": "27.1281",
            "close": "27.1087"
        },
        {
            "time": "03.12.2020 20:17",
            "open": "27.1087",
            "high": "27.1788",
            "low": "27.1087",
            "close": "27.1241"
        },
        {
            "time": "03.12.2020 20:18",
            "open": "27.1241",
            "high": "27.1788",
            "low": "27.0726",
            "close": "27.0442"
        },
        {
            "time": "03.12.2020 20:21",
            "open": "27.0442",
            "high": "27.0442",
            "low": "27.0442",
            "close": "26.9751"
        },
        {
            "time": "03.12.2020 20:26",
            "open": "26.9751",
            "high": "27",
            "low": "26.8655",
            "close": "26.886"
        },
        {
            "time": "03.12.2020 20:28",
            "open": "26.886",
            "high": "26.886",
            "low": "26.7747",
            "close": "26.8546"
        },
        {
            "time": "03.12.2020 20:29",
            "open": "26.8546",
            "high": "26.8942",
            "low": "26.7932",
            "close": "26.8419"
        },
        {
            "time": "03.12.2020 20:31",
            "open": "26.8419",
            "high": "26.8419",
            "low": "26.8419",
            "close": "26.7769"
        },
        {
            "time": "03.12.2020 20:35",
            "open": "26.7769",
            "high": "26.777",
            "low": "26.6743",
            "close": "26.6994"
        },
        {
            "time": "03.12.2020 20:37",
            "open": "26.6994",
            "high": "26.6994",
            "low": "26.6529",
            "close": "26.6405"
        },
        {
            "time": "03.12.2020 20:38",
            "open": "26.6405",
            "high": "26.6405",
            "low": "26.6405",
            "close": "26.6318"
        },
        {
            "time": "03.12.2020 20:39",
            "open": "26.6318",
            "high": "26.6318",
            "low": "26.6238",
            "close": "26.5854"
        },
        {
            "time": "03.12.2020 20:41",
            "open": "26.5854",
            "high": "26.6493",
            "low": "26.557",
            "close": "26.5633"
        },
        {
            "time": "03.12.2020 20:43",
            "open": "26.5633",
            "high": "26.6386",
            "low": "26.5633",
            "close": "26.6465"
        },
        {
            "time": "03.12.2020 20:45",
            "open": "26.6465",
            "high": "26.6466",
            "low": "26.6465",
            "close": "26.58"
        },
        {
            "time": "03.12.2020 20:49",
            "open": "26.58",
            "high": "26.58",
            "low": "26.58",
            "close": "26.52"
        },
        {
            "time": "03.12.2020 20:53",
            "open": "26.52",
            "high": "26.5799",
            "low": "26.52",
            "close": "26.5532"
        },
        {
            "time": "03.12.2020 20:55",
            "open": "26.5532",
            "high": "26.5745",
            "low": "26.5532",
            "close": "26.4826"
        },
        {
            "time": "03.12.2020 20:57",
            "open": "26.4826",
            "high": "26.4826",
            "low": "26.4826",
            "close": "26.4703"
        },
        {
            "time": "03.12.2020 21:00",
            "open": "26.4703",
            "high": "26.4826",
            "low": "26.4702",
            "close": "26.5373"
        },
        {
            "time": "03.12.2020 21:02",
            "open": "26.5373",
            "high": "26.5373",
            "low": "26.5373",
            "close": "26.5688"
        },
        {
            "time": "03.12.2020 21:03",
            "open": "26.5688",
            "high": "26.5688",
            "low": "26.5688",
            "close": "26.5087"
        },
        {
            "time": "03.12.2020 21:04",
            "open": "26.5087",
            "high": "26.5087",
            "low": "26.5087",
            "close": "26.56"
        },
        {
            "time": "03.12.2020 21:05",
            "open": "26.56",
            "high": "26.56",
            "low": "26.555",
            "close": "26.5589"
        },
        {
            "time": "03.12.2020 21:06",
            "open": "26.5589",
            "high": "26.5589",
            "low": "26.5589",
            "close": "26.5059"
        },
        {
            "time": "03.12.2020 21:07",
            "open": "26.5059",
            "high": "26.5059",
            "low": "26.43",
            "close": "26.5013"
        },
        {
            "time": "03.12.2020 21:08",
            "open": "26.5013",
            "high": "26.5013",
            "low": "26.5013",
            "close": "26.43"
        },
        {
            "time": "03.12.2020 21:10",
            "open": "26.43",
            "high": "26.4342",
            "low": "26.3967",
            "close": "26.433"
        },
        {
            "time": "03.12.2020 21:11",
            "open": "26.433",
            "high": "26.433",
            "low": "26.3596",
            "close": "26.3273"
        },
        {
            "time": "03.12.2020 21:12",
            "open": "26.3273",
            "high": "26.3273",
            "low": "26.3273",
            "close": "26.3167"
        },
        {
            "time": "03.12.2020 21:13",
            "open": "26.3167",
            "high": "26.3167",
            "low": "26.2569",
            "close": "26.2555"
        },
        {
            "time": "03.12.2020 21:14",
            "open": "26.2555",
            "high": "26.2555",
            "low": "26.2492",
            "close": "26.1895"
        },
        {
            "time": "03.12.2020 21:15",
            "open": "26.1895",
            "high": "26.1895",
            "low": "26.1895",
            "close": "26.1853"
        },
        {
            "time": "03.12.2020 21:16",
            "open": "26.1853",
            "high": "26.2259",
            "low": "26.18",
            "close": "26.2241"
        },
        {
            "time": "03.12.2020 21:17",
            "open": "26.2241",
            "high": "26.2241",
            "low": "26.1902",
            "close": "26.254"
        },
        {
            "time": "03.12.2020 21:18",
            "open": "26.254",
            "high": "26.254",
            "low": "26.254",
            "close": "26.249"
        },
        {
            "time": "03.12.2020 21:20",
            "open": "26.249",
            "high": "26.249",
            "low": "26.249",
            "close": "26.2521"
        },
        {
            "time": "03.12.2020 21:23",
            "open": "26.2521",
            "high": "26.2521",
            "low": "26.2355",
            "close": "26.3005"
        },
        {
            "time": "03.12.2020 21:25",
            "open": "26.3005",
            "high": "26.433",
            "low": "26.3005",
            "close": "26.4718"
        },
        {
            "time": "03.12.2020 21:27",
            "open": "26.4718",
            "high": "26.4718",
            "low": "26.4718",
            "close": "26.4718"
        },
        {
            "time": "03.12.2020 21:28",
            "open": "26.4718",
            "high": "26.4718",
            "low": "26.4718",
            "close": "26.4302"
        },
        {
            "time": "03.12.2020 21:29",
            "open": "26.4302",
            "high": "26.4302",
            "low": "26.43",
            "close": "26.4121"
        },
        {
            "time": "03.12.2020 21:31",
            "open": "26.4121",
            "high": "26.4201",
            "low": "26.328",
            "close": "26.2721"
        },
        {
            "time": "03.12.2020 21:32",
            "open": "26.2721",
            "high": "26.2721",
            "low": "26.2355",
            "close": "26.2445"
        },
        {
            "time": "03.12.2020 21:33",
            "open": "26.2445",
            "high": "26.2445",
            "low": "26.2",
            "close": "26.18"
        },
        {
            "time": "03.12.2020 21:34",
            "open": "26.18",
            "high": "26.2093",
            "low": "26.18",
            "close": "26.2235"
        },
        {
            "time": "03.12.2020 21:35",
            "open": "26.2235",
            "high": "26.2235",
            "low": "26.2235",
            "close": "26.1528"
        },
        {
            "time": "03.12.2020 21:42",
            "open": "26.1528",
            "high": "26.1528",
            "low": "26.1195",
            "close": "26.2267"
        },
        {
            "time": "03.12.2020 21:43",
            "open": "26.2267",
            "high": "26.229",
            "low": "26.2267",
            "close": "26.2057"
        },
        {
            "time": "03.12.2020 21:45",
            "open": "26.2057",
            "high": "26.2057",
            "low": "26.2057",
            "close": "26.2105"
        },
        {
            "time": "03.12.2020 21:46",
            "open": "26.2105",
            "high": "26.2415",
            "low": "26.2105",
            "close": "26.1426"
        },
        {
            "time": "03.12.2020 21:47",
            "open": "26.1426",
            "high": "26.1426",
            "low": "26.1426",
            "close": "26.1625"
        },
        {
            "time": "03.12.2020 21:49",
            "open": "26.1625",
            "high": "26.1625",
            "low": "26.1625",
            "close": "26.1621"
        },
        {
            "time": "03.12.2020 21:50",
            "open": "26.1621",
            "high": "26.1621",
            "low": "26.1621",
            "close": "26.162"
        },
        {
            "time": "03.12.2020 21:51",
            "open": "26.1302",
            "high": "26.1302",
            "low": "26.1206",
            "close": "26.1495"
        },
        {
            "time": "03.12.2020 21:52",
            "open": "26.1495",
            "high": "26.1495",
            "low": "26.1291",
            "close": "26.0839"
        },
        {
            "time": "03.12.2020 21:56",
            "open": "26.0839",
            "high": "26.0839",
            "low": "26.0001",
            "close": "26.121"
        },
        {
            "time": "03.12.2020 21:57",
            "open": "26.121",
            "high": "26.1562",
            "low": "26.121",
            "close": "26.118"
        },
        {
            "time": "03.12.2020 21:58",
            "open": "26.118",
            "high": "26.1352",
            "low": "26.118",
            "close": "26.0716"
        },
        {
            "time": "03.12.2020 22:01",
            "open": "26.0716",
            "high": "26.1246",
            "low": "26.0702",
            "close": "26.1551"
        },
        {
            "time": "03.12.2020 22:02",
            "open": "26.1551",
            "high": "26.1831",
            "low": "26.1252",
            "close": "26.1268"
        },
        {
            "time": "03.12.2020 22:06",
            "open": "26.1268",
            "high": "26.2034",
            "low": "26.1268",
            "close": "26.1584"
        },
        {
            "time": "03.12.2020 22:17",
            "open": "26.1584",
            "high": "26.1584",
            "low": "26.0735",
            "close": "26.1217"
        },
        {
            "time": "03.12.2020 22:18",
            "open": "26.1217",
            "high": "26.1219",
            "low": "26.1217",
            "close": "26.1293"
        },
        {
            "time": "03.12.2020 22:23",
            "open": "26.1293",
            "high": "26.1983",
            "low": "26.1293",
            "close": "26.0681"
        },
        {
            "time": "03.12.2020 22:24",
            "open": "26.0681",
            "high": "26.0681",
            "low": "26.0681",
            "close": "26.1223"
        },
        {
            "time": "03.12.2020 22:25",
            "open": "26.1223",
            "high": "26.1223",
            "low": "26.1223",
            "close": "26.1223"
        },
        {
            "time": "03.12.2020 22:26",
            "open": "26.1223",
            "high": "26.1223",
            "low": "26.1223",
            "close": "26.124"
        },
        {
            "time": "03.12.2020 22:28",
            "open": "26.124",
            "high": "26.1263",
            "low": "26.124",
            "close": "26.0864"
        },
        {
            "time": "03.12.2020 22:33",
            "open": "26.0864",
            "high": "26.1393",
            "low": "26.0864",
            "close": "26.0984"
        },
        {
            "time": "03.12.2020 22:35",
            "open": "26.0984",
            "high": "26.0984",
            "low": "26.0984",
            "close": "26.0984"
        },
        {
            "time": "03.12.2020 22:36",
            "open": "26.0984",
            "high": "26.0984",
            "low": "26.0984",
            "close": "26.0992"
        },
        {
            "time": "03.12.2020 22:37",
            "open": "26.0992",
            "high": "26.1084",
            "low": "26.0992",
            "close": "26.1205"
        },
        {
            "time": "03.12.2020 22:39",
            "open": "26.1205",
            "high": "26.1205",
            "low": "26.1205",
            "close": "26.1134"
        },
        {
            "time": "03.12.2020 22:40",
            "open": "26.1134",
            "high": "26.1134",
            "low": "26.1134",
            "close": "26.0947"
        },
        {
            "time": "03.12.2020 22:41",
            "open": "26.0947",
            "high": "26.0947",
            "low": "26.0947",
            "close": "26.06"
        },
        {
            "time": "03.12.2020 22:44",
            "open": "26.06",
            "high": "26.06",
            "low": "26.06",
            "close": "26.06"
        },
        {
            "time": "03.12.2020 22:48",
            "open": "26.06",
            "high": "26.06",
            "low": "26.06",
            "close": "26.06"
        },
        {
            "time": "03.12.2020 22:49",
            "open": "26.06",
            "high": "26.0715",
            "low": "26.06",
            "close": "26.078"
        },
        {
            "time": "03.12.2020 22:51",
            "open": "26.078",
            "high": "26.078",
            "low": "26.0712",
            "close": "26.05"
        },
        {
            "time": "03.12.2020 22:53",
            "open": "26.05",
            "high": "26.05",
            "low": "26.05",
            "close": "26.05"
        },
        {
            "time": "03.12.2020 22:55",
            "open": "26.05",
            "high": "26.05",
            "low": "26.05",
            "close": "26.0002"
        },
        {
            "time": "03.12.2020 22:58",
            "open": "26.0002",
            "high": "26.0119",
            "low": "26.0002",
            "close": "26.0002"
        },
        {
            "time": "03.12.2020 22:59",
            "open": "26.0002",
            "high": "26.0002",
            "low": "26",
            "close": "26"
        },
        {
            "time": "03.12.2020 23:00",
            "open": "26",
            "high": "26",
            "low": "26",
            "close": "26.1151"
        },
        {
            "time": "03.12.2020 23:05",
            "open": "26.1151",
            "high": "26.1151",
            "low": "26.1151",
            "close": "26.1483"
        },
        {
            "time": "03.12.2020 23:08",
            "open": "26.1483",
            "high": "26.1483",
            "low": "26.1483",
            "close": "26.0132"
        },
        {
            "time": "03.12.2020 23:13",
            "open": "26.0132",
            "high": "26.0132",
            "low": "26.0132",
            "close": "26.0039"
        },
        {
            "time": "03.12.2020 23:14",
            "open": "26.0039",
            "high": "26.0039",
            "low": "26",
            "close": "26.0779"
        },
        {
            "time": "03.12.2020 23:15",
            "open": "26.0779",
            "high": "26.1043",
            "low": "26.011",
            "close": "26.011"
        },
        {
            "time": "03.12.2020 23:16",
            "open": "26.011",
            "high": "26.011",
            "low": "26.011",
            "close": "26.05"
        },
        {
            "time": "03.12.2020 23:20",
            "open": "26.05",
            "high": "26.0907",
            "low": "26.05",
            "close": "26.0647"
        },
        {
            "time": "03.12.2020 23:24",
            "open": "26.0647",
            "high": "26.0647",
            "low": "26.0647",
            "close": "26.011"
        },
        {
            "time": "03.12.2020 23:26",
            "open": "26.011",
            "high": "26.0367",
            "low": "26.001",
            "close": "26.0418"
        },
        {
            "time": "03.12.2020 23:27",
            "open": "26.0418",
            "high": "26.0506",
            "low": "26",
            "close": "26"
        },
        {
            "time": "03.12.2020 23:28",
            "open": "26",
            "high": "26",
            "low": "26",
            "close": "26.0361"
        },
        {
            "time": "03.12.2020 23:30",
            "open": "26.0361",
            "high": "26.0361",
            "low": "26.0361",
            "close": "26.0453"
        },
        {
            "time": "03.12.2020 23:32",
            "open": "26.0453",
            "high": "26.05",
            "low": "26.0453",
            "close": "26.005"
        },
        {
            "time": "03.12.2020 23:33",
            "open": "26.005",
            "high": "26.005",
            "low": "26",
            "close": "26"
        },
        {
            "time": "03.12.2020 23:34",
            "open": "26",
            "high": "26",
            "low": "26",
            "close": "26.064"
        },
        {
            "time": "03.12.2020 23:35",
            "open": "26.064",
            "high": "26.064",
            "low": "26.064",
            "close": "26.1081"
        },
        {
            "time": "03.12.2020 23:37",
            "open": "26.1081",
            "high": "26.2562",
            "low": "26.1081",
            "close": "26.1496"
        },
        {
            "time": "03.12.2020 23:38",
            "open": "26.1496",
            "high": "26.1496",
            "low": "26.1195",
            "close": "26.1301"
        },
        {
            "time": "03.12.2020 23:39",
            "open": "26.1301",
            "high": "26.1301",
            "low": "26.1301",
            "close": "26.133"
        },
        {
            "time": "03.12.2020 23:40",
            "open": "26.133",
            "high": "26.1936",
            "low": "26.133",
            "close": "26.1375"
        },
        {
            "time": "03.12.2020 23:41",
            "open": "26.1375",
            "high": "26.1375",
            "low": "26.1375",
            "close": "26.1824"
        },
        {
            "time": "03.12.2020 23:45",
            "open": "26.1824",
            "high": "26.1854",
            "low": "26.1332",
            "close": "26.133"
        },
        {
            "time": "03.12.2020 23:46",
            "open": "26.133",
            "high": "26.133",
            "low": "26.13",
            "close": "26.2254"
        },
        {
            "time": "03.12.2020 23:47",
            "open": "26.2254",
            "high": "26.2254",
            "low": "26.2254",
            "close": "26.1783"
        },
        {
            "time": "03.12.2020 23:50",
            "open": "26.1783",
            "high": "26.3368",
            "low": "26.1783",
            "close": "26.2872"
        },
        {
            "time": "03.12.2020 23:51",
            "open": "26.2872",
            "high": "26.2872",
            "low": "26.2872",
            "close": "26.2952"
        }
    ]
}