{
    "NMR-EUR": [
        {
            "time": "29.12.2020 23:52",
            "open": "19.0921",
            "high": "19.0921",
            "low": "19.0921",
            "close": "19.0776"
        },
        {
            "time": "30.12.2020 00:14",
            "open": "19.0776",
            "high": "19.0776",
            "low": "19.0776",
            "close": "19.0793"
        },
        {
            "time": "30.12.2020 00:27",
            "open": "19.0793",
            "high": "19.0982",
            "low": "19.0793",
            "close": "19.11"
        },
        {
            "time": "30.12.2020 00:34",
            "open": "19.11",
            "high": "19.11",
            "low": "19.11",
            "close": "19.1107"
        },
        {
            "time": "30.12.2020 00:35",
            "open": "19.1107",
            "high": "19.115",
            "low": "19.1107",
            "close": "19.172"
        },
        {
            "time": "30.12.2020 00:37",
            "open": "19.172",
            "high": "19.172",
            "low": "19.172",
            "close": "19.172"
        },
        {
            "time": "30.12.2020 00:43",
            "open": "19.172",
            "high": "19.172",
            "low": "19.172",
            "close": "19.2"
        },
        {
            "time": "30.12.2020 00:44",
            "open": "19.2",
            "high": "19.2182",
            "low": "19.2",
            "close": "19.2574"
        },
        {
            "time": "30.12.2020 00:47",
            "open": "19.2574",
            "high": "19.2574",
            "low": "19.25",
            "close": "19.2398"
        },
        {
            "time": "30.12.2020 00:57",
            "open": "19.2398",
            "high": "19.2398",
            "low": "19.2398",
            "close": "19.2296"
        },
        {
            "time": "30.12.2020 01:01",
            "open": "19.2296",
            "high": "19.2822",
            "low": "19.2296",
            "close": "19.2296"
        },
        {
            "time": "30.12.2020 01:02",
            "open": "19.2296",
            "high": "19.3033",
            "low": "19.2296",
            "close": "19.1147"
        },
        {
            "time": "30.12.2020 01:09",
            "open": "19.1147",
            "high": "19.1147",
            "low": "19.1147",
            "close": "19.1355"
        },
        {
            "time": "30.12.2020 01:11",
            "open": "19.1355",
            "high": "19.1405",
            "low": "19.1355",
            "close": "19.2485"
        },
        {
            "time": "30.12.2020 01:17",
            "open": "19.2485",
            "high": "19.2485",
            "low": "19.2485",
            "close": "19.2309"
        },
        {
            "time": "30.12.2020 01:24",
            "open": "19.2309",
            "high": "19.2309",
            "low": "19.2309",
            "close": "19.2051"
        },
        {
            "time": "30.12.2020 01:32",
            "open": "19.2051",
            "high": "19.2051",
            "low": "19.2051",
            "close": "19.1762"
        },
        {
            "time": "30.12.2020 01:43",
            "open": "19.1762",
            "high": "19.1762",
            "low": "19.1762",
            "close": "19.1667"
        },
        {
            "time": "30.12.2020 01:45",
            "open": "19.1667",
            "high": "19.1667",
            "low": "19.1667",
            "close": "19.0157"
        },
        {
            "time": "30.12.2020 02:01",
            "open": "19.0157",
            "high": "19.0157",
            "low": "19.0155",
            "close": "18.9843"
        },
        {
            "time": "30.12.2020 02:02",
            "open": "18.9843",
            "high": "18.9843",
            "low": "18.9843",
            "close": "18.9675"
        },
        {
            "time": "30.12.2020 02:04",
            "open": "18.9675",
            "high": "18.9675",
            "low": "18.9675",
            "close": "19.001"
        },
        {
            "time": "30.12.2020 02:14",
            "open": "19.001",
            "high": "19.0013",
            "low": "19.001",
            "close": "19.0859"
        },
        {
            "time": "30.12.2020 02:15",
            "open": "19.0859",
            "high": "19.0859",
            "low": "19.0859",
            "close": "19.1287"
        },
        {
            "time": "30.12.2020 02:20",
            "open": "19.1287",
            "high": "19.1552",
            "low": "19.1287",
            "close": "19.1259"
        },
        {
            "time": "30.12.2020 02:28",
            "open": "19.1259",
            "high": "19.1259",
            "low": "19.1259",
            "close": "19.1622"
        },
        {
            "time": "30.12.2020 02:32",
            "open": "19.1622",
            "high": "19.1622",
            "low": "19.1578",
            "close": "19.0858"
        },
        {
            "time": "30.12.2020 02:39",
            "open": "19.0858",
            "high": "19.0858",
            "low": "18.9929",
            "close": "18.9952"
        },
        {
            "time": "30.12.2020 02:40",
            "open": "18.9952",
            "high": "18.9952",
            "low": "18.9952",
            "close": "18.9596"
        },
        {
            "time": "30.12.2020 02:42",
            "open": "18.9596",
            "high": "18.9602",
            "low": "18.9596",
            "close": "18.84"
        },
        {
            "time": "30.12.2020 03:02",
            "open": "18.84",
            "high": "18.84",
            "low": "18.84",
            "close": "18.8737"
        },
        {
            "time": "30.12.2020 03:14",
            "open": "18.8737",
            "high": "18.8737",
            "low": "18.8736",
            "close": "18.8752"
        },
        {
            "time": "30.12.2020 03:15",
            "open": "18.8752",
            "high": "18.8752",
            "low": "18.8752",
            "close": "18.8658"
        },
        {
            "time": "30.12.2020 03:18",
            "open": "18.8658",
            "high": "18.9016",
            "low": "18.8655",
            "close": "18.9546"
        },
        {
            "time": "30.12.2020 03:19",
            "open": "18.9546",
            "high": "18.9555",
            "low": "18.9527",
            "close": "18.9587"
        },
        {
            "time": "30.12.2020 03:21",
            "open": "18.9587",
            "high": "18.9587",
            "low": "18.9586",
            "close": "18.9547"
        },
        {
            "time": "30.12.2020 03:23",
            "open": "18.9547",
            "high": "18.9547",
            "low": "18.9385",
            "close": "18.9489"
        },
        {
            "time": "30.12.2020 03:26",
            "open": "18.9489",
            "high": "18.949",
            "low": "18.9489",
            "close": "18.9402"
        },
        {
            "time": "30.12.2020 03:27",
            "open": "18.9402",
            "high": "18.9402",
            "low": "18.9401",
            "close": "18.9555"
        },
        {
            "time": "30.12.2020 03:28",
            "open": "18.9555",
            "high": "18.9568",
            "low": "18.9504",
            "close": "18.9504"
        },
        {
            "time": "30.12.2020 03:29",
            "open": "18.9504",
            "high": "18.9607",
            "low": "18.9363",
            "close": "18.9049"
        },
        {
            "time": "30.12.2020 03:34",
            "open": "18.9049",
            "high": "18.9049",
            "low": "18.9049",
            "close": "18.9346"
        },
        {
            "time": "30.12.2020 03:36",
            "open": "18.9346",
            "high": "18.9356",
            "low": "18.9346",
            "close": "18.9479"
        },
        {
            "time": "30.12.2020 03:40",
            "open": "18.9479",
            "high": "18.9479",
            "low": "18.9478",
            "close": "18.9585"
        },
        {
            "time": "30.12.2020 03:43",
            "open": "18.9585",
            "high": "18.9655",
            "low": "18.958",
            "close": "18.9613"
        },
        {
            "time": "30.12.2020 03:44",
            "open": "18.9613",
            "high": "18.9618",
            "low": "18.9589",
            "close": "18.9623"
        },
        {
            "time": "30.12.2020 03:45",
            "open": "18.9623",
            "high": "18.9797",
            "low": "18.9623",
            "close": "18.993"
        },
        {
            "time": "30.12.2020 03:59",
            "open": "18.993",
            "high": "18.993",
            "low": "18.9894",
            "close": "19.0283"
        },
        {
            "time": "30.12.2020 04:00",
            "open": "19.0283",
            "high": "19.0283",
            "low": "19.0283",
            "close": "18.9788"
        },
        {
            "time": "30.12.2020 04:01",
            "open": "18.9788",
            "high": "18.9803",
            "low": "18.9788",
            "close": "19.0277"
        },
        {
            "time": "30.12.2020 04:05",
            "open": "19.0277",
            "high": "19.0277",
            "low": "19.0277",
            "close": "19.0596"
        },
        {
            "time": "30.12.2020 04:10",
            "open": "19.0596",
            "high": "19.1241",
            "low": "19.0596",
            "close": "19.1113"
        },
        {
            "time": "30.12.2020 04:19",
            "open": "19.1113",
            "high": "19.1113",
            "low": "19.0932",
            "close": "19.1013"
        },
        {
            "time": "30.12.2020 04:20",
            "open": "19.1013",
            "high": "19.1013",
            "low": "19.1013",
            "close": "19.0879"
        },
        {
            "time": "30.12.2020 04:22",
            "open": "19.0879",
            "high": "19.0973",
            "low": "19.0879",
            "close": "19.1055"
        },
        {
            "time": "30.12.2020 04:23",
            "open": "19.1055",
            "high": "19.1056",
            "low": "19.1",
            "close": "19.1056"
        },
        {
            "time": "30.12.2020 04:24",
            "open": "19.1056",
            "high": "19.1056",
            "low": "19.1042",
            "close": "19.105"
        },
        {
            "time": "30.12.2020 04:25",
            "open": "19.105",
            "high": "19.105",
            "low": "19.0876",
            "close": "19.0873"
        },
        {
            "time": "30.12.2020 04:26",
            "open": "19.0873",
            "high": "19.0873",
            "low": "19.0826",
            "close": "19.0828"
        },
        {
            "time": "30.12.2020 04:27",
            "open": "19.0828",
            "high": "19.0835",
            "low": "19.0804",
            "close": "19.0802"
        },
        {
            "time": "30.12.2020 04:28",
            "open": "19.0802",
            "high": "19.0803",
            "low": "19.0799",
            "close": "19.0799"
        },
        {
            "time": "30.12.2020 04:29",
            "open": "19.0799",
            "high": "19.08",
            "low": "19.0731",
            "close": "19.0732"
        },
        {
            "time": "30.12.2020 04:30",
            "open": "19.0732",
            "high": "19.0739",
            "low": "19.0723",
            "close": "19.0333"
        },
        {
            "time": "30.12.2020 04:32",
            "open": "19.0333",
            "high": "19.0333",
            "low": "19.0226",
            "close": "19.0229"
        },
        {
            "time": "30.12.2020 04:33",
            "open": "19.0229",
            "high": "19.0229",
            "low": "19.0224",
            "close": "18.9816"
        },
        {
            "time": "30.12.2020 04:34",
            "open": "18.9816",
            "high": "18.9816",
            "low": "18.9816",
            "close": "18.9537"
        },
        {
            "time": "30.12.2020 04:38",
            "open": "18.9537",
            "high": "18.9537",
            "low": "18.9537",
            "close": "18.9094"
        },
        {
            "time": "30.12.2020 04:46",
            "open": "18.9094",
            "high": "18.9094",
            "low": "18.8946",
            "close": "18.8742"
        },
        {
            "time": "30.12.2020 04:47",
            "open": "18.8742",
            "high": "18.8759",
            "low": "18.8738",
            "close": "18.8483"
        },
        {
            "time": "30.12.2020 04:49",
            "open": "18.8483",
            "high": "18.8574",
            "low": "18.8468",
            "close": "18.8466"
        },
        {
            "time": "30.12.2020 04:50",
            "open": "18.8466",
            "high": "18.8497",
            "low": "18.8466",
            "close": "18.8454"
        },
        {
            "time": "30.12.2020 05:02",
            "open": "18.8454",
            "high": "18.8454",
            "low": "18.8427",
            "close": "18.8714"
        },
        {
            "time": "30.12.2020 05:03",
            "open": "18.8714",
            "high": "18.8714",
            "low": "18.8616",
            "close": "18.8792"
        },
        {
            "time": "30.12.2020 05:04",
            "open": "18.8792",
            "high": "18.8792",
            "low": "18.8791",
            "close": "18.8468"
        },
        {
            "time": "30.12.2020 05:07",
            "open": "18.8468",
            "high": "18.8468",
            "low": "18.8468",
            "close": "18.8596"
        },
        {
            "time": "30.12.2020 05:09",
            "open": "18.8596",
            "high": "18.8596",
            "low": "18.8596",
            "close": "18.8309"
        },
        {
            "time": "30.12.2020 05:10",
            "open": "18.8309",
            "high": "18.8309",
            "low": "18.8309",
            "close": "18.8049"
        },
        {
            "time": "30.12.2020 05:15",
            "open": "18.8049",
            "high": "18.8049",
            "low": "18.8",
            "close": "18.7599"
        },
        {
            "time": "30.12.2020 05:25",
            "open": "18.7599",
            "high": "18.7599",
            "low": "18.7599",
            "close": "18.7423"
        },
        {
            "time": "30.12.2020 05:35",
            "open": "18.7423",
            "high": "18.7423",
            "low": "18.7423",
            "close": "18.6919"
        },
        {
            "time": "30.12.2020 05:55",
            "open": "18.6919",
            "high": "18.6919",
            "low": "18.6917",
            "close": "18.7376"
        },
        {
            "time": "30.12.2020 06:13",
            "open": "18.7376",
            "high": "18.7376",
            "low": "18.7376",
            "close": "18.7215"
        },
        {
            "time": "30.12.2020 06:18",
            "open": "18.7215",
            "high": "18.7215",
            "low": "18.7215",
            "close": "18.7409"
        },
        {
            "time": "30.12.2020 06:19",
            "open": "18.7409",
            "high": "18.7701",
            "low": "18.7409",
            "close": "18.8172"
        },
        {
            "time": "30.12.2020 06:21",
            "open": "18.8172",
            "high": "18.8488",
            "low": "18.8172",
            "close": "18.8163"
        },
        {
            "time": "30.12.2020 06:28",
            "open": "18.8163",
            "high": "18.8163",
            "low": "18.8163",
            "close": "18.8189"
        },
        {
            "time": "30.12.2020 06:29",
            "open": "18.8189",
            "high": "18.8189",
            "low": "18.8189",
            "close": "18.761"
        },
        {
            "time": "30.12.2020 06:50",
            "open": "18.761",
            "high": "18.761",
            "low": "18.761",
            "close": "18.7815"
        },
        {
            "time": "30.12.2020 06:53",
            "open": "18.7815",
            "high": "18.8608",
            "low": "18.7815",
            "close": "18.7937"
        },
        {
            "time": "30.12.2020 07:20",
            "open": "18.7937",
            "high": "18.7937",
            "low": "18.7937",
            "close": "18.7521"
        },
        {
            "time": "30.12.2020 07:31",
            "open": "18.7521",
            "high": "18.7521",
            "low": "18.7521",
            "close": "18.83"
        },
        {
            "time": "30.12.2020 07:32",
            "open": "18.83",
            "high": "18.89",
            "low": "18.83",
            "close": "18.8662"
        },
        {
            "time": "30.12.2020 07:33",
            "open": "18.8662",
            "high": "18.8662",
            "low": "18.8662",
            "close": "18.8728"
        },
        {
            "time": "30.12.2020 07:37",
            "open": "18.8728",
            "high": "18.8728",
            "low": "18.8728",
            "close": "18.907"
        },
        {
            "time": "30.12.2020 07:39",
            "open": "18.907",
            "high": "18.984",
            "low": "18.907",
            "close": "19.0288"
        },
        {
            "time": "30.12.2020 07:40",
            "open": "19.0288",
            "high": "19.0953",
            "low": "19.0288",
            "close": "19.05"
        },
        {
            "time": "30.12.2020 07:44",
            "open": "19.05",
            "high": "19.05",
            "low": "19.05",
            "close": "19.02"
        },
        {
            "time": "30.12.2020 07:45",
            "open": "19.02",
            "high": "19.02",
            "low": "19.02",
            "close": "19.0475"
        },
        {
            "time": "30.12.2020 07:46",
            "open": "19.0475",
            "high": "19.0475",
            "low": "19.0475",
            "close": "19.0083"
        },
        {
            "time": "30.12.2020 07:52",
            "open": "19.0083",
            "high": "19.0083",
            "low": "18.8834",
            "close": "18.856"
        },
        {
            "time": "30.12.2020 07:53",
            "open": "18.856",
            "high": "18.856",
            "low": "18.856",
            "close": "18.8053"
        },
        {
            "time": "30.12.2020 08:07",
            "open": "18.8053",
            "high": "18.856",
            "low": "18.8053",
            "close": "18.7211"
        },
        {
            "time": "30.12.2020 08:16",
            "open": "18.7211",
            "high": "18.728",
            "low": "18.7211",
            "close": "18.78"
        },
        {
            "time": "30.12.2020 08:25",
            "open": "18.78",
            "high": "18.7801",
            "low": "18.78",
            "close": "18.8"
        },
        {
            "time": "30.12.2020 08:26",
            "open": "18.8",
            "high": "18.8001",
            "low": "18.8",
            "close": "18.8357"
        },
        {
            "time": "30.12.2020 08:28",
            "open": "18.8357",
            "high": "18.8659",
            "low": "18.8357",
            "close": "18.9978"
        },
        {
            "time": "30.12.2020 08:29",
            "open": "18.9978",
            "high": "19.0039",
            "low": "18.9978",
            "close": "19.0437"
        },
        {
            "time": "30.12.2020 08:30",
            "open": "19.0437",
            "high": "19.0482",
            "low": "18.99",
            "close": "19.0982"
        },
        {
            "time": "30.12.2020 08:47",
            "open": "19.0982",
            "high": "19.0982",
            "low": "19.0367",
            "close": "19.0888"
        },
        {
            "time": "30.12.2020 08:49",
            "open": "19.0888",
            "high": "19.0888",
            "low": "19.0888",
            "close": "19.0248"
        },
        {
            "time": "30.12.2020 08:54",
            "open": "19.0248",
            "high": "19.0248",
            "low": "19.0248",
            "close": "19.069"
        },
        {
            "time": "30.12.2020 09:17",
            "open": "19.069",
            "high": "19.069",
            "low": "18.8952",
            "close": "18.9008"
        },
        {
            "time": "30.12.2020 09:18",
            "open": "18.9008",
            "high": "18.9008",
            "low": "18.9008",
            "close": "18.902"
        },
        {
            "time": "30.12.2020 09:19",
            "open": "18.902",
            "high": "18.902",
            "low": "18.9008",
            "close": "18.9371"
        },
        {
            "time": "30.12.2020 09:20",
            "open": "18.9371",
            "high": "18.9371",
            "low": "18.9371",
            "close": "18.8772"
        },
        {
            "time": "30.12.2020 09:21",
            "open": "18.8772",
            "high": "18.8772",
            "low": "18.8681",
            "close": "18.8928"
        },
        {
            "time": "30.12.2020 09:26",
            "open": "18.8928",
            "high": "18.8928",
            "low": "18.8928",
            "close": "18.853"
        },
        {
            "time": "30.12.2020 09:27",
            "open": "18.853",
            "high": "18.853",
            "low": "18.7895",
            "close": "18.7713"
        },
        {
            "time": "30.12.2020 09:34",
            "open": "18.7713",
            "high": "18.7713",
            "low": "18.7713",
            "close": "18.8425"
        },
        {
            "time": "30.12.2020 09:35",
            "open": "18.8425",
            "high": "18.8452",
            "low": "18.8425",
            "close": "18.7854"
        },
        {
            "time": "30.12.2020 09:36",
            "open": "18.7854",
            "high": "18.8446",
            "low": "18.7854",
            "close": "18.8451"
        },
        {
            "time": "30.12.2020 09:37",
            "open": "18.8451",
            "high": "18.8451",
            "low": "18.8451",
            "close": "18.81"
        },
        {
            "time": "30.12.2020 09:45",
            "open": "18.81",
            "high": "18.81",
            "low": "18.7731",
            "close": "18.7761"
        },
        {
            "time": "30.12.2020 09:47",
            "open": "18.7761",
            "high": "18.7761",
            "low": "18.7761",
            "close": "18.7761"
        },
        {
            "time": "30.12.2020 09:54",
            "open": "18.7761",
            "high": "18.7761",
            "low": "18.7761",
            "close": "18.8279"
        },
        {
            "time": "30.12.2020 09:55",
            "open": "18.8279",
            "high": "18.83",
            "low": "18.8279",
            "close": "18.8116"
        },
        {
            "time": "30.12.2020 09:57",
            "open": "18.8116",
            "high": "18.8719",
            "low": "18.8116",
            "close": "18.8162"
        },
        {
            "time": "30.12.2020 10:00",
            "open": "18.8162",
            "high": "18.8204",
            "low": "18.8162",
            "close": "18.8702"
        },
        {
            "time": "30.12.2020 10:02",
            "open": "18.8702",
            "high": "18.8702",
            "low": "18.8369",
            "close": "18.9339"
        },
        {
            "time": "30.12.2020 10:03",
            "open": "18.9339",
            "high": "18.9339",
            "low": "18.8811",
            "close": "18.9641"
        },
        {
            "time": "30.12.2020 10:05",
            "open": "18.9641",
            "high": "18.9641",
            "low": "18.9641",
            "close": "18.9314"
        },
        {
            "time": "30.12.2020 10:11",
            "open": "18.9314",
            "high": "18.9446",
            "low": "18.8711",
            "close": "18.9313"
        },
        {
            "time": "30.12.2020 10:14",
            "open": "18.9313",
            "high": "18.9313",
            "low": "18.9313",
            "close": "18.9313"
        },
        {
            "time": "30.12.2020 10:16",
            "open": "18.9313",
            "high": "18.9313",
            "low": "18.9313",
            "close": "18.9313"
        },
        {
            "time": "30.12.2020 10:20",
            "open": "18.9313",
            "high": "18.9313",
            "low": "18.9313",
            "close": "18.9584"
        },
        {
            "time": "30.12.2020 10:45",
            "open": "18.9584",
            "high": "18.9662",
            "low": "18.9584",
            "close": "19.0623"
        },
        {
            "time": "30.12.2020 10:53",
            "open": "19.0623",
            "high": "19.0623",
            "low": "19.0623",
            "close": "19.0621"
        },
        {
            "time": "30.12.2020 10:56",
            "open": "19.0621",
            "high": "19.0744",
            "low": "19.0621",
            "close": "19.0751"
        },
        {
            "time": "30.12.2020 10:57",
            "open": "19.0751",
            "high": "19.1999",
            "low": "19.0751",
            "close": "19.1241"
        },
        {
            "time": "30.12.2020 10:58",
            "open": "19.1241",
            "high": "19.2",
            "low": "19.1179",
            "close": "19.109"
        },
        {
            "time": "30.12.2020 11:01",
            "open": "19.109",
            "high": "19.1091",
            "low": "19.109",
            "close": "19.1"
        },
        {
            "time": "30.12.2020 11:02",
            "open": "19.1",
            "high": "19.1",
            "low": "19.1",
            "close": "19.1004"
        },
        {
            "time": "30.12.2020 11:03",
            "open": "19.1004",
            "high": "19.1004",
            "low": "19.09",
            "close": "19.09"
        },
        {
            "time": "30.12.2020 11:10",
            "open": "19.09",
            "high": "19.09",
            "low": "19.0826",
            "close": "19.0669"
        },
        {
            "time": "30.12.2020 11:11",
            "open": "19.0669",
            "high": "19.0669",
            "low": "19.0669",
            "close": "19.0198"
        },
        {
            "time": "30.12.2020 11:12",
            "open": "19.0198",
            "high": "19.0198",
            "low": "19.0198",
            "close": "19.0378"
        },
        {
            "time": "30.12.2020 11:31",
            "open": "19.0378",
            "high": "19.25",
            "low": "19.0378",
            "close": "19.1269"
        },
        {
            "time": "30.12.2020 11:40",
            "open": "19.1269",
            "high": "19.1269",
            "low": "19.1269",
            "close": "19.1655"
        },
        {
            "time": "30.12.2020 11:46",
            "open": "19.1655",
            "high": "19.1655",
            "low": "19.1103",
            "close": "19.1017"
        },
        {
            "time": "30.12.2020 11:50",
            "open": "19.1017",
            "high": "19.1138",
            "low": "19.1017",
            "close": "19.1111"
        },
        {
            "time": "30.12.2020 12:17",
            "open": "19.1111",
            "high": "19.1111",
            "low": "19.0681",
            "close": "19.0101"
        },
        {
            "time": "30.12.2020 12:18",
            "open": "19.0101",
            "high": "19.0101",
            "low": "18.991",
            "close": "18.9715"
        },
        {
            "time": "30.12.2020 12:21",
            "open": "18.9715",
            "high": "18.9716",
            "low": "18.9715",
            "close": "18.9876"
        },
        {
            "time": "30.12.2020 12:24",
            "open": "18.9876",
            "high": "18.99",
            "low": "18.9876",
            "close": "18.99"
        },
        {
            "time": "30.12.2020 12:25",
            "open": "18.99",
            "high": "18.99",
            "low": "18.99",
            "close": "18.99"
        },
        {
            "time": "30.12.2020 12:26",
            "open": "18.99",
            "high": "18.99",
            "low": "18.99",
            "close": "18.9909"
        },
        {
            "time": "30.12.2020 12:29",
            "open": "18.9909",
            "high": "18.9909",
            "low": "18.9909",
            "close": "18.9361"
        },
        {
            "time": "30.12.2020 12:41",
            "open": "18.9361",
            "high": "18.9361",
            "low": "18.9361",
            "close": "18.9217"
        },
        {
            "time": "30.12.2020 12:42",
            "open": "18.9217",
            "high": "18.9217",
            "low": "18.9217",
            "close": "18.9216"
        },
        {
            "time": "30.12.2020 12:59",
            "open": "18.9216",
            "high": "18.9216",
            "low": "18.9216",
            "close": "18.8561"
        },
        {
            "time": "30.12.2020 13:00",
            "open": "18.8561",
            "high": "18.8561",
            "low": "18.8268",
            "close": "18.8111"
        },
        {
            "time": "30.12.2020 13:08",
            "open": "18.8111",
            "high": "18.8111",
            "low": "18.8111",
            "close": "18.8"
        },
        {
            "time": "30.12.2020 13:10",
            "open": "18.8",
            "high": "18.8",
            "low": "18.7958",
            "close": "18.7746"
        },
        {
            "time": "30.12.2020 13:12",
            "open": "18.7746",
            "high": "18.7746",
            "low": "18.7746",
            "close": "18.7617"
        },
        {
            "time": "30.12.2020 13:24",
            "open": "18.7617",
            "high": "18.7617",
            "low": "18.7617",
            "close": "18.7771"
        },
        {
            "time": "30.12.2020 13:25",
            "open": "18.7771",
            "high": "18.7771",
            "low": "18.7771",
            "close": "18.7782"
        },
        {
            "time": "30.12.2020 13:33",
            "open": "18.7782",
            "high": "18.7851",
            "low": "18.7782",
            "close": "18.7516"
        },
        {
            "time": "30.12.2020 13:34",
            "open": "18.7516",
            "high": "18.8335",
            "low": "18.7516",
            "close": "18.7628"
        },
        {
            "time": "30.12.2020 13:37",
            "open": "18.7628",
            "high": "18.7628",
            "low": "18.7628",
            "close": "18.7629"
        },
        {
            "time": "30.12.2020 13:47",
            "open": "18.7629",
            "high": "18.7629",
            "low": "18.7629",
            "close": "18.7728"
        },
        {
            "time": "30.12.2020 13:48",
            "open": "18.7728",
            "high": "18.773",
            "low": "18.7728",
            "close": "18.8101"
        },
        {
            "time": "30.12.2020 13:50",
            "open": "18.8101",
            "high": "18.8101",
            "low": "18.81",
            "close": "18.8256"
        },
        {
            "time": "30.12.2020 13:51",
            "open": "18.8256",
            "high": "18.8506",
            "low": "18.81",
            "close": "18.8285"
        },
        {
            "time": "30.12.2020 13:52",
            "open": "18.8285",
            "high": "18.8402",
            "low": "18.8285",
            "close": "18.9041"
        },
        {
            "time": "30.12.2020 13:56",
            "open": "18.9041",
            "high": "18.9041",
            "low": "18.9041",
            "close": "18.9255"
        },
        {
            "time": "30.12.2020 14:02",
            "open": "18.9255",
            "high": "18.9255",
            "low": "18.8855",
            "close": "18.8141"
        },
        {
            "time": "30.12.2020 14:06",
            "open": "18.8141",
            "high": "18.8141",
            "low": "18.8141",
            "close": "18.8225"
        },
        {
            "time": "30.12.2020 14:07",
            "open": "18.8225",
            "high": "18.8225",
            "low": "18.8101",
            "close": "18.8241"
        },
        {
            "time": "30.12.2020 14:11",
            "open": "18.8241",
            "high": "18.8242",
            "low": "18.8241",
            "close": "18.8282"
        },
        {
            "time": "30.12.2020 14:13",
            "open": "18.8282",
            "high": "18.8284",
            "low": "18.8282",
            "close": "18.8801"
        },
        {
            "time": "30.12.2020 14:28",
            "open": "18.8801",
            "high": "18.8845",
            "low": "18.8801",
            "close": "18.8322"
        },
        {
            "time": "30.12.2020 14:29",
            "open": "18.8322",
            "high": "18.8322",
            "low": "18.8322",
            "close": "18.8748"
        },
        {
            "time": "30.12.2020 14:37",
            "open": "18.8748",
            "high": "18.8748",
            "low": "18.8748",
            "close": "18.9063"
        },
        {
            "time": "30.12.2020 14:47",
            "open": "18.9063",
            "high": "18.9158",
            "low": "18.9063",
            "close": "19.0112"
        },
        {
            "time": "30.12.2020 14:51",
            "open": "19.0112",
            "high": "19.0112",
            "low": "19.0112",
            "close": "18.9396"
        },
        {
            "time": "30.12.2020 14:56",
            "open": "18.9396",
            "high": "18.9398",
            "low": "18.9396",
            "close": "18.841"
        },
        {
            "time": "30.12.2020 15:08",
            "open": "18.841",
            "high": "18.841",
            "low": "18.841",
            "close": "18.8376"
        },
        {
            "time": "30.12.2020 15:15",
            "open": "18.8376",
            "high": "18.8376",
            "low": "18.8376",
            "close": "18.8806"
        },
        {
            "time": "30.12.2020 15:24",
            "open": "18.8806",
            "high": "18.9067",
            "low": "18.8806",
            "close": "18.91"
        },
        {
            "time": "30.12.2020 15:55",
            "open": "18.91",
            "high": "18.91",
            "low": "18.91",
            "close": "18.9407"
        },
        {
            "time": "30.12.2020 15:56",
            "open": "18.9407",
            "high": "19.0584",
            "low": "18.9276",
            "close": "19.0562"
        },
        {
            "time": "30.12.2020 15:57",
            "open": "19.0562",
            "high": "19.1035",
            "low": "19.0562",
            "close": "19.0646"
        },
        {
            "time": "30.12.2020 15:58",
            "open": "19.0646",
            "high": "19.0646",
            "low": "19.0646",
            "close": "18.9831"
        },
        {
            "time": "30.12.2020 15:59",
            "open": "18.9831",
            "high": "19.0083",
            "low": "18.939",
            "close": "18.9"
        },
        {
            "time": "30.12.2020 16:00",
            "open": "18.9",
            "high": "18.9",
            "low": "18.9",
            "close": "18.976"
        },
        {
            "time": "30.12.2020 16:14",
            "open": "18.976",
            "high": "18.976",
            "low": "18.976",
            "close": "18.85"
        },
        {
            "time": "30.12.2020 16:20",
            "open": "18.85",
            "high": "18.85",
            "low": "18.85",
            "close": "18.7628"
        },
        {
            "time": "30.12.2020 16:24",
            "open": "18.7628",
            "high": "18.7628",
            "low": "18.7628",
            "close": "18.75"
        },
        {
            "time": "30.12.2020 16:41",
            "open": "18.75",
            "high": "18.75",
            "low": "18.735",
            "close": "18.7334"
        },
        {
            "time": "30.12.2020 16:42",
            "open": "18.7334",
            "high": "18.9626",
            "low": "18.7334",
            "close": "18.9189"
        },
        {
            "time": "30.12.2020 16:43",
            "open": "18.9189",
            "high": "18.9189",
            "low": "18.9189",
            "close": "18.9871"
        },
        {
            "time": "30.12.2020 16:44",
            "open": "18.9871",
            "high": "18.9871",
            "low": "18.9871",
            "close": "18.9847"
        },
        {
            "time": "30.12.2020 16:51",
            "open": "18.9847",
            "high": "18.9847",
            "low": "18.9847",
            "close": "18.9864"
        },
        {
            "time": "30.12.2020 16:53",
            "open": "18.9864",
            "high": "18.9864",
            "low": "18.9864",
            "close": "18.9872"
        },
        {
            "time": "30.12.2020 16:55",
            "open": "18.9872",
            "high": "18.9872",
            "low": "18.9872",
            "close": "18.9712"
        },
        {
            "time": "30.12.2020 17:02",
            "open": "18.9712",
            "high": "18.9712",
            "low": "18.894",
            "close": "18.8281"
        },
        {
            "time": "30.12.2020 17:05",
            "open": "18.8281",
            "high": "18.8281",
            "low": "18.8281",
            "close": "18.8"
        },
        {
            "time": "30.12.2020 17:06",
            "open": "18.8",
            "high": "18.8",
            "low": "18.8",
            "close": "18.8116"
        },
        {
            "time": "30.12.2020 17:08",
            "open": "18.8116",
            "high": "18.8116",
            "low": "18.7869",
            "close": "18.8136"
        },
        {
            "time": "30.12.2020 17:09",
            "open": "18.8136",
            "high": "18.8136",
            "low": "18.8136",
            "close": "18.7977"
        },
        {
            "time": "30.12.2020 17:10",
            "open": "18.7977",
            "high": "18.7977",
            "low": "18.7977",
            "close": "18.7849"
        },
        {
            "time": "30.12.2020 17:12",
            "open": "18.7849",
            "high": "18.7849",
            "low": "18.765",
            "close": "18.8127"
        },
        {
            "time": "30.12.2020 17:13",
            "open": "18.8127",
            "high": "18.8127",
            "low": "18.8127",
            "close": "18.8688"
        },
        {
            "time": "30.12.2020 17:14",
            "open": "18.8688",
            "high": "18.8941",
            "low": "18.8544",
            "close": "18.8786"
        },
        {
            "time": "30.12.2020 17:15",
            "open": "18.8786",
            "high": "18.8786",
            "low": "18.8786",
            "close": "18.8698"
        },
        {
            "time": "30.12.2020 17:16",
            "open": "18.8698",
            "high": "18.8699",
            "low": "18.8049",
            "close": "18.7914"
        },
        {
            "time": "30.12.2020 17:17",
            "open": "18.7914",
            "high": "18.8191",
            "low": "18.7914",
            "close": "18.8257"
        },
        {
            "time": "30.12.2020 17:23",
            "open": "18.8257",
            "high": "18.8257",
            "low": "18.8257",
            "close": "18.8257"
        },
        {
            "time": "30.12.2020 17:27",
            "open": "18.8257",
            "high": "18.8257",
            "low": "18.76",
            "close": "18.7609"
        },
        {
            "time": "30.12.2020 17:30",
            "open": "18.7609",
            "high": "18.7661",
            "low": "18.7609",
            "close": "18.7757"
        },
        {
            "time": "30.12.2020 17:31",
            "open": "18.7757",
            "high": "18.7757",
            "low": "18.7757",
            "close": "18.7503"
        },
        {
            "time": "30.12.2020 17:34",
            "open": "18.7503",
            "high": "18.7503",
            "low": "18.7429",
            "close": "18.743"
        },
        {
            "time": "30.12.2020 17:35",
            "open": "18.743",
            "high": "18.7445",
            "low": "18.743",
            "close": "18.7462"
        },
        {
            "time": "30.12.2020 17:37",
            "open": "18.7462",
            "high": "18.8359",
            "low": "18.7462",
            "close": "18.832"
        },
        {
            "time": "30.12.2020 17:38",
            "open": "18.832",
            "high": "19.1068",
            "low": "18.832",
            "close": "18.9909"
        },
        {
            "time": "30.12.2020 17:39",
            "open": "18.9909",
            "high": "19.0383",
            "low": "18.9909",
            "close": "19.0632"
        },
        {
            "time": "30.12.2020 17:40",
            "open": "19.0632",
            "high": "19.0632",
            "low": "19.0632",
            "close": "19.0631"
        },
        {
            "time": "30.12.2020 17:44",
            "open": "19.0631",
            "high": "19.0631",
            "low": "19.0631",
            "close": "19.0705"
        },
        {
            "time": "30.12.2020 17:46",
            "open": "19.0705",
            "high": "19.0707",
            "low": "19.0705",
            "close": "19.0693"
        },
        {
            "time": "30.12.2020 17:49",
            "open": "19.0693",
            "high": "19.0705",
            "low": "19.0693",
            "close": "19.0715"
        },
        {
            "time": "30.12.2020 17:51",
            "open": "19.0715",
            "high": "19.0916",
            "low": "19.0715",
            "close": "19.0924"
        },
        {
            "time": "30.12.2020 17:53",
            "open": "19.0924",
            "high": "19.0925",
            "low": "19.0658",
            "close": "19.0437"
        },
        {
            "time": "30.12.2020 17:54",
            "open": "19.0437",
            "high": "19.0437",
            "low": "19.0326",
            "close": "19.0043"
        },
        {
            "time": "30.12.2020 17:59",
            "open": "19.0043",
            "high": "19.0043",
            "low": "19.0043",
            "close": "19.0334"
        },
        {
            "time": "30.12.2020 18:02",
            "open": "19.0334",
            "high": "19.0369",
            "low": "19.0334",
            "close": "19.0807"
        },
        {
            "time": "30.12.2020 18:03",
            "open": "19.0807",
            "high": "19.0807",
            "low": "19.0714",
            "close": "19.0012"
        },
        {
            "time": "30.12.2020 18:12",
            "open": "19.0012",
            "high": "19.0014",
            "low": "19.0012",
            "close": "19.0302"
        },
        {
            "time": "30.12.2020 18:13",
            "open": "19.0302",
            "high": "19.0706",
            "low": "19.03",
            "close": "19.0874"
        },
        {
            "time": "30.12.2020 18:14",
            "open": "19.0874",
            "high": "19.0911",
            "low": "19.0644",
            "close": "19.0359"
        },
        {
            "time": "30.12.2020 18:15",
            "open": "19.0359",
            "high": "19.0359",
            "low": "19.0343",
            "close": "19.0197"
        },
        {
            "time": "30.12.2020 18:16",
            "open": "19.0197",
            "high": "19.0639",
            "low": "19.0197",
            "close": "19.0338"
        },
        {
            "time": "30.12.2020 18:18",
            "open": "19.0338",
            "high": "19.0583",
            "low": "19.0166",
            "close": "19.0074"
        },
        {
            "time": "30.12.2020 18:19",
            "open": "19.0074",
            "high": "19.0074",
            "low": "19.0074",
            "close": "19.0034"
        },
        {
            "time": "30.12.2020 18:20",
            "open": "19.0034",
            "high": "19.0162",
            "low": "18.9978",
            "close": "19.0434"
        },
        {
            "time": "30.12.2020 18:21",
            "open": "19.0434",
            "high": "19.0434",
            "low": "19.0147",
            "close": "18.9994"
        },
        {
            "time": "30.12.2020 18:22",
            "open": "18.9994",
            "high": "19.0361",
            "low": "18.9994",
            "close": "19.0112"
        },
        {
            "time": "30.12.2020 18:23",
            "open": "19.0112",
            "high": "19.0112",
            "low": "19.0011",
            "close": "19.0098"
        },
        {
            "time": "30.12.2020 18:24",
            "open": "19.0098",
            "high": "19.0098",
            "low": "18.9926",
            "close": "19.0263"
        },
        {
            "time": "30.12.2020 18:25",
            "open": "19.0263",
            "high": "19.0294",
            "low": "19.0263",
            "close": "19.0069"
        },
        {
            "time": "30.12.2020 18:26",
            "open": "19.0069",
            "high": "19.0081",
            "low": "18.9982",
            "close": "19.013"
        },
        {
            "time": "30.12.2020 18:29",
            "open": "19.013",
            "high": "19.013",
            "low": "19.013",
            "close": "19.0397"
        },
        {
            "time": "30.12.2020 18:30",
            "open": "19.0397",
            "high": "19.0397",
            "low": "19.0217",
            "close": "19.0168"
        },
        {
            "time": "30.12.2020 18:31",
            "open": "19.0168",
            "high": "19.0168",
            "low": "19.0168",
            "close": "19.0168"
        },
        {
            "time": "30.12.2020 18:41",
            "open": "19.0168",
            "high": "19.0305",
            "low": "19.0168",
            "close": "19.05"
        },
        {
            "time": "30.12.2020 18:46",
            "open": "19.05",
            "high": "19.05",
            "low": "19.05",
            "close": "19.0062"
        },
        {
            "time": "30.12.2020 18:49",
            "open": "19.0062",
            "high": "19.0062",
            "low": "19.0062",
            "close": "18.9902"
        },
        {
            "time": "30.12.2020 18:51",
            "open": "18.9902",
            "high": "18.9902",
            "low": "18.9902",
            "close": "19.0043"
        },
        {
            "time": "30.12.2020 19:05",
            "open": "19.0043",
            "high": "19.0043",
            "low": "19.0043",
            "close": "19.0454"
        },
        {
            "time": "30.12.2020 19:07",
            "open": "19.0454",
            "high": "19.058",
            "low": "19.0454",
            "close": "19.089"
        },
        {
            "time": "30.12.2020 19:08",
            "open": "19.089",
            "high": "19.089",
            "low": "19.0501",
            "close": "18.9891"
        },
        {
            "time": "30.12.2020 19:12",
            "open": "18.9891",
            "high": "18.9999",
            "low": "18.9775",
            "close": "19.0419"
        },
        {
            "time": "30.12.2020 19:13",
            "open": "19.0419",
            "high": "19.1176",
            "low": "19.0419",
            "close": "18.97"
        },
        {
            "time": "30.12.2020 19:15",
            "open": "18.97",
            "high": "18.999",
            "low": "18.97",
            "close": "19"
        },
        {
            "time": "30.12.2020 19:16",
            "open": "19",
            "high": "19",
            "low": "19",
            "close": "18.99"
        },
        {
            "time": "30.12.2020 19:17",
            "open": "18.99",
            "high": "18.99",
            "low": "18.97",
            "close": "18.97"
        },
        {
            "time": "30.12.2020 19:18",
            "open": "18.97",
            "high": "18.97",
            "low": "18.95",
            "close": "18.9509"
        },
        {
            "time": "30.12.2020 19:20",
            "open": "18.9509",
            "high": "19.0163",
            "low": "18.9509",
            "close": "19"
        },
        {
            "time": "30.12.2020 19:21",
            "open": "19",
            "high": "19",
            "low": "19",
            "close": "18.96"
        },
        {
            "time": "30.12.2020 19:23",
            "open": "18.96",
            "high": "18.96",
            "low": "18.9391",
            "close": "18.9134"
        },
        {
            "time": "30.12.2020 19:27",
            "open": "18.9134",
            "high": "18.9463",
            "low": "18.9105",
            "close": "18.9105"
        },
        {
            "time": "30.12.2020 19:28",
            "open": "18.9105",
            "high": "18.9105",
            "low": "18.9105",
            "close": "18.85"
        },
        {
            "time": "30.12.2020 19:30",
            "open": "18.85",
            "high": "18.85",
            "low": "18.85",
            "close": "18.8394"
        },
        {
            "time": "30.12.2020 19:35",
            "open": "18.8394",
            "high": "18.8394",
            "low": "18.8394",
            "close": "18.8154"
        },
        {
            "time": "30.12.2020 19:39",
            "open": "18.8154",
            "high": "18.8154",
            "low": "18.7775",
            "close": "18.8428"
        },
        {
            "time": "30.12.2020 19:47",
            "open": "18.8428",
            "high": "18.86",
            "low": "18.8428",
            "close": "18.8601"
        },
        {
            "time": "30.12.2020 19:48",
            "open": "18.8601",
            "high": "18.8639",
            "low": "18.8601",
            "close": "18.8533"
        },
        {
            "time": "30.12.2020 19:49",
            "open": "18.8533",
            "high": "18.8914",
            "low": "18.8443",
            "close": "18.8585"
        },
        {
            "time": "30.12.2020 19:50",
            "open": "18.8585",
            "high": "18.8678",
            "low": "18.8585",
            "close": "18.9081"
        },
        {
            "time": "30.12.2020 19:51",
            "open": "18.9081",
            "high": "18.9314",
            "low": "18.9081",
            "close": "18.8977"
        },
        {
            "time": "30.12.2020 19:52",
            "open": "18.8977",
            "high": "18.9055",
            "low": "18.8977",
            "close": "18.9471"
        },
        {
            "time": "30.12.2020 19:53",
            "open": "18.9471",
            "high": "19.0384",
            "low": "18.9471",
            "close": "19.0429"
        },
        {
            "time": "30.12.2020 19:54",
            "open": "19.0429",
            "high": "19.0697",
            "low": "19.0429",
            "close": "19.0425"
        },
        {
            "time": "30.12.2020 19:55",
            "open": "19.0425",
            "high": "19.0425",
            "low": "19",
            "close": "18.9217"
        },
        {
            "time": "30.12.2020 20:01",
            "open": "18.9217",
            "high": "18.9217",
            "low": "18.9217",
            "close": "18.9"
        },
        {
            "time": "30.12.2020 20:02",
            "open": "18.9",
            "high": "18.9",
            "low": "18.9",
            "close": "18.9"
        },
        {
            "time": "30.12.2020 20:04",
            "open": "18.9",
            "high": "18.9",
            "low": "18.9",
            "close": "18.9668"
        },
        {
            "time": "30.12.2020 20:32",
            "open": "18.9668",
            "high": "18.9668",
            "low": "18.9667",
            "close": "18.9675"
        },
        {
            "time": "30.12.2020 20:33",
            "open": "18.9675",
            "high": "19.0012",
            "low": "18.9609",
            "close": "18.9128"
        },
        {
            "time": "30.12.2020 20:39",
            "open": "18.9128",
            "high": "19.0663",
            "low": "18.9128",
            "close": "19.0848"
        },
        {
            "time": "30.12.2020 20:40",
            "open": "19.0848",
            "high": "19.0848",
            "low": "19.0848",
            "close": "18.8891"
        },
        {
            "time": "30.12.2020 20:43",
            "open": "18.8891",
            "high": "18.8891",
            "low": "18.8891",
            "close": "18.8839"
        },
        {
            "time": "30.12.2020 20:48",
            "open": "18.8839",
            "high": "18.8839",
            "low": "18.8837",
            "close": "18.8692"
        },
        {
            "time": "30.12.2020 20:49",
            "open": "18.8692",
            "high": "18.8692",
            "low": "18.8691",
            "close": "18.7973"
        },
        {
            "time": "30.12.2020 20:51",
            "open": "18.7973",
            "high": "18.7973",
            "low": "18.7973",
            "close": "18.8166"
        },
        {
            "time": "30.12.2020 20:52",
            "open": "18.8166",
            "high": "18.8777",
            "low": "18.8166",
            "close": "18.8838"
        },
        {
            "time": "30.12.2020 20:55",
            "open": "18.8838",
            "high": "18.8838",
            "low": "18.8686",
            "close": "18.8825"
        },
        {
            "time": "30.12.2020 20:57",
            "open": "18.8825",
            "high": "18.8825",
            "low": "18.8825",
            "close": "18.8801"
        },
        {
            "time": "30.12.2020 20:59",
            "open": "18.8801",
            "high": "18.8801",
            "low": "18.88",
            "close": "18.8838"
        },
        {
            "time": "30.12.2020 21:00",
            "open": "18.8838",
            "high": "18.8838",
            "low": "18.8838",
            "close": "18.7983"
        },
        {
            "time": "30.12.2020 21:09",
            "open": "18.7983",
            "high": "18.7983",
            "low": "18.7983",
            "close": "18.7672"
        },
        {
            "time": "30.12.2020 21:10",
            "open": "18.7672",
            "high": "18.7672",
            "low": "18.7672",
            "close": "18.7672"
        },
        {
            "time": "30.12.2020 21:11",
            "open": "18.7672",
            "high": "18.7672",
            "low": "18.75",
            "close": "18.7475"
        },
        {
            "time": "30.12.2020 21:20",
            "open": "18.7475",
            "high": "18.8649",
            "low": "18.7475",
            "close": "18.9213"
        },
        {
            "time": "30.12.2020 21:21",
            "open": "18.9213",
            "high": "19.05",
            "low": "18.9213",
            "close": "18.9341"
        },
        {
            "time": "30.12.2020 21:22",
            "open": "18.9341",
            "high": "18.9341",
            "low": "18.9341",
            "close": "18.8909"
        },
        {
            "time": "30.12.2020 21:24",
            "open": "18.8909",
            "high": "18.8909",
            "low": "18.8909",
            "close": "19.0057"
        },
        {
            "time": "30.12.2020 21:37",
            "open": "19.0057",
            "high": "19.0057",
            "low": "18.9774",
            "close": "19.0011"
        },
        {
            "time": "30.12.2020 21:38",
            "open": "19.0011",
            "high": "19.0011",
            "low": "18.985",
            "close": "18.9924"
        },
        {
            "time": "30.12.2020 21:42",
            "open": "18.9999",
            "high": "18.9999",
            "low": "18.9999",
            "close": "18.9363"
        },
        {
            "time": "30.12.2020 21:48",
            "open": "18.9363",
            "high": "18.9363",
            "low": "18.9361",
            "close": "18.8649"
        },
        {
            "time": "30.12.2020 21:50",
            "open": "18.8649",
            "high": "18.87",
            "low": "18.8649",
            "close": "18.87"
        },
        {
            "time": "30.12.2020 21:51",
            "open": "18.87",
            "high": "18.87",
            "low": "18.87",
            "close": "18.8869"
        },
        {
            "time": "30.12.2020 21:52",
            "open": "18.8869",
            "high": "18.941",
            "low": "18.8869",
            "close": "18.964"
        },
        {
            "time": "30.12.2020 21:54",
            "open": "18.964",
            "high": "18.964",
            "low": "18.8761",
            "close": "18.87"
        },
        {
            "time": "30.12.2020 21:55",
            "open": "18.87",
            "high": "18.87",
            "low": "18.87",
            "close": "18.8137"
        },
        {
            "time": "30.12.2020 21:56",
            "open": "18.8137",
            "high": "18.8137",
            "low": "18.8135",
            "close": "18.79"
        },
        {
            "time": "30.12.2020 21:57",
            "open": "18.79",
            "high": "18.7944",
            "low": "18.7807",
            "close": "18.75"
        },
        {
            "time": "30.12.2020 21:59",
            "open": "18.75",
            "high": "18.75",
            "low": "18.75",
            "close": "18.7788"
        },
        {
            "time": "30.12.2020 22:02",
            "open": "18.7788",
            "high": "18.7788",
            "low": "18.7788",
            "close": "18.8339"
        },
        {
            "time": "30.12.2020 22:03",
            "open": "18.8339",
            "high": "18.8339",
            "low": "18.8337",
            "close": "18.8897"
        },
        {
            "time": "30.12.2020 22:08",
            "open": "18.8897",
            "high": "18.8897",
            "low": "18.8897",
            "close": "18.9127"
        },
        {
            "time": "30.12.2020 22:09",
            "open": "18.9127",
            "high": "18.9127",
            "low": "18.8897",
            "close": "18.7236"
        },
        {
            "time": "30.12.2020 22:11",
            "open": "18.7236",
            "high": "18.742",
            "low": "18.7236",
            "close": "18.7212"
        },
        {
            "time": "30.12.2020 22:12",
            "open": "18.7212",
            "high": "18.7212",
            "low": "18.7201",
            "close": "18.7201"
        },
        {
            "time": "30.12.2020 22:13",
            "open": "18.7201",
            "high": "18.7201",
            "low": "18.72",
            "close": "18.71"
        },
        {
            "time": "30.12.2020 22:15",
            "open": "18.71",
            "high": "18.8547",
            "low": "18.7",
            "close": "18.7702"
        },
        {
            "time": "30.12.2020 22:18",
            "open": "18.7702",
            "high": "18.7702",
            "low": "18.7702",
            "close": "18.7762"
        },
        {
            "time": "30.12.2020 22:27",
            "open": "18.7762",
            "high": "18.7762",
            "low": "18.7762",
            "close": "18.7622"
        },
        {
            "time": "30.12.2020 22:36",
            "open": "18.7622",
            "high": "18.7793",
            "low": "18.7622",
            "close": "18.7184"
        },
        {
            "time": "30.12.2020 22:37",
            "open": "18.7184",
            "high": "18.7184",
            "low": "18.7184",
            "close": "18.7699"
        },
        {
            "time": "30.12.2020 22:38",
            "open": "18.7699",
            "high": "18.7699",
            "low": "18.7699",
            "close": "18.7697"
        },
        {
            "time": "30.12.2020 22:39",
            "open": "18.7697",
            "high": "18.7934",
            "low": "18.7629",
            "close": "18.7996"
        },
        {
            "time": "30.12.2020 22:47",
            "open": "18.7996",
            "high": "18.7996",
            "low": "18.7996",
            "close": "18.9094"
        },
        {
            "time": "30.12.2020 22:48",
            "open": "18.9094",
            "high": "18.9094",
            "low": "18.88",
            "close": "18.8639"
        },
        {
            "time": "30.12.2020 22:49",
            "open": "18.8639",
            "high": "18.8639",
            "low": "18.8569",
            "close": "18.8"
        },
        {
            "time": "30.12.2020 22:50",
            "open": "18.8",
            "high": "18.8",
            "low": "18.7761",
            "close": "18.7002"
        },
        {
            "time": "30.12.2020 22:55",
            "open": "18.7002",
            "high": "18.7002",
            "low": "18.7002",
            "close": "18.7"
        },
        {
            "time": "30.12.2020 22:57",
            "open": "18.7",
            "high": "18.7408",
            "low": "18.7",
            "close": "18.7931"
        },
        {
            "time": "30.12.2020 22:58",
            "open": "18.7931",
            "high": "18.7933",
            "low": "18.7931",
            "close": "18.7477"
        },
        {
            "time": "30.12.2020 23:03",
            "open": "18.7477",
            "high": "18.7501",
            "low": "18.7477",
            "close": "18.7739"
        },
        {
            "time": "30.12.2020 23:04",
            "open": "18.7739",
            "high": "18.7739",
            "low": "18.7735",
            "close": "18.829"
        },
        {
            "time": "30.12.2020 23:06",
            "open": "18.829",
            "high": "18.8411",
            "low": "18.829",
            "close": "18.841"
        },
        {
            "time": "30.12.2020 23:07",
            "open": "18.841",
            "high": "18.841",
            "low": "18.8408",
            "close": "18.7917"
        },
        {
            "time": "30.12.2020 23:14",
            "open": "18.7917",
            "high": "18.7917",
            "low": "18.7917",
            "close": "18.7003"
        },
        {
            "time": "30.12.2020 23:33",
            "open": "18.7003",
            "high": "18.7435",
            "low": "18.7001",
            "close": "18.7434"
        },
        {
            "time": "30.12.2020 23:34",
            "open": "18.7434",
            "high": "18.7434",
            "low": "18.7431",
            "close": "18.7432"
        },
        {
            "time": "30.12.2020 23:35",
            "open": "18.7432",
            "high": "18.7432",
            "low": "18.743",
            "close": "18.8542"
        },
        {
            "time": "30.12.2020 23:39",
            "open": "18.8542",
            "high": "18.8542",
            "low": "18.809",
            "close": "18.8089"
        },
        {
            "time": "30.12.2020 23:41",
            "open": "18.8089",
            "high": "18.8089",
            "low": "18.8089",
            "close": "18.8089"
        },
        {
            "time": "30.12.2020 23:42",
            "open": "18.8089",
            "high": "18.8089",
            "low": "18.7971",
            "close": "18.7962"
        },
        {
            "time": "30.12.2020 23:43",
            "open": "18.7962",
            "high": "18.7962",
            "low": "18.7962",
            "close": "18.7962"
        },
        {
            "time": "30.12.2020 23:45",
            "open": "18.7962",
            "high": "18.7986",
            "low": "18.7962",
            "close": "18.79"
        },
        {
            "time": "30.12.2020 23:46",
            "open": "18.79",
            "high": "18.7918",
            "low": "18.79",
            "close": "18.7859"
        },
        {
            "time": "30.12.2020 23:49",
            "open": "18.7859",
            "high": "18.7859",
            "low": "18.7859",
            "close": "18.7918"
        },
        {
            "time": "30.12.2020 23:51",
            "open": "18.7918",
            "high": "18.7959",
            "low": "18.7918",
            "close": "18.8111"
        },
        {
            "time": "30.12.2020 23:53",
            "open": "18.8111",
            "high": "18.8111",
            "low": "18.8111",
            "close": "18.8111"
        },
        {
            "time": "30.12.2020 23:55",
            "open": "18.8111",
            "high": "18.8111",
            "low": "18.8111",
            "close": "18.7803"
        }
    ]
}