{
    "NMR-EUR": [
        {
            "time": "15.01.2021 23:59",
            "open": "22.5231",
            "high": "22.5231",
            "low": "22.4561",
            "close": "22.4467"
        },
        {
            "time": "16.01.2021 00:01",
            "open": "22.4467",
            "high": "22.535",
            "low": "22.4467",
            "close": "22.5066"
        },
        {
            "time": "16.01.2021 00:02",
            "open": "22.5066",
            "high": "22.5257",
            "low": "22.4239",
            "close": "22.4369"
        },
        {
            "time": "16.01.2021 00:03",
            "open": "22.4369",
            "high": "22.4787",
            "low": "22.3772",
            "close": "22.4178"
        },
        {
            "time": "16.01.2021 00:10",
            "open": "22.4178",
            "high": "22.4238",
            "low": "22.4178",
            "close": "22.5309"
        },
        {
            "time": "16.01.2021 00:15",
            "open": "22.5309",
            "high": "22.5309",
            "low": "22.5309",
            "close": "22.4279"
        },
        {
            "time": "16.01.2021 00:18",
            "open": "22.4279",
            "high": "22.6188",
            "low": "22.4279",
            "close": "22.4668"
        },
        {
            "time": "16.01.2021 00:21",
            "open": "22.4668",
            "high": "22.4693",
            "low": "22.4668",
            "close": "22.3317"
        },
        {
            "time": "16.01.2021 00:23",
            "open": "22.3317",
            "high": "22.3317",
            "low": "22.3317",
            "close": "22.3315"
        },
        {
            "time": "16.01.2021 00:24",
            "open": "22.3315",
            "high": "22.3315",
            "low": "22.3223",
            "close": "22.3222"
        },
        {
            "time": "16.01.2021 00:25",
            "open": "22.3222",
            "high": "22.3222",
            "low": "22.3221",
            "close": "22.3404"
        },
        {
            "time": "16.01.2021 00:27",
            "open": "22.3404",
            "high": "22.3404",
            "low": "22.3404",
            "close": "22.3277"
        },
        {
            "time": "16.01.2021 00:31",
            "open": "22.3277",
            "high": "22.3277",
            "low": "22.3223",
            "close": "22.4367"
        },
        {
            "time": "16.01.2021 00:36",
            "open": "22.4367",
            "high": "22.4367",
            "low": "22.4367",
            "close": "22.4372"
        },
        {
            "time": "16.01.2021 00:41",
            "open": "22.4372",
            "high": "22.4372",
            "low": "22.4372",
            "close": "22.3703"
        },
        {
            "time": "16.01.2021 00:47",
            "open": "22.3703",
            "high": "22.3703",
            "low": "22.3703",
            "close": "22.3223"
        },
        {
            "time": "16.01.2021 00:48",
            "open": "22.3223",
            "high": "22.3223",
            "low": "22.3221",
            "close": "22.3081"
        },
        {
            "time": "16.01.2021 00:51",
            "open": "22.3081",
            "high": "22.3221",
            "low": "22.3081",
            "close": "22.2"
        },
        {
            "time": "16.01.2021 00:53",
            "open": "22.2",
            "high": "22.2",
            "low": "22.2",
            "close": "22.2"
        },
        {
            "time": "16.01.2021 00:55",
            "open": "22.2",
            "high": "22.2",
            "low": "22.2",
            "close": "22.2253"
        },
        {
            "time": "16.01.2021 00:57",
            "open": "22.2253",
            "high": "22.2253",
            "low": "22.2253",
            "close": "22.3005"
        },
        {
            "time": "16.01.2021 00:58",
            "open": "22.3005",
            "high": "22.5466",
            "low": "22.3005",
            "close": "22.5356"
        },
        {
            "time": "16.01.2021 01:01",
            "open": "22.5356",
            "high": "22.5356",
            "low": "22.5356",
            "close": "22.535"
        },
        {
            "time": "16.01.2021 01:02",
            "open": "22.535",
            "high": "22.535",
            "low": "22.535",
            "close": "22.5489"
        },
        {
            "time": "16.01.2021 01:05",
            "open": "22.5489",
            "high": "22.5489",
            "low": "22.5489",
            "close": "22.5489"
        },
        {
            "time": "16.01.2021 01:07",
            "open": "22.5489",
            "high": "22.5489",
            "low": "22.5489",
            "close": "22.5606"
        },
        {
            "time": "16.01.2021 01:08",
            "open": "22.5606",
            "high": "22.6432",
            "low": "22.5606",
            "close": "22.3868"
        },
        {
            "time": "16.01.2021 01:10",
            "open": "22.3868",
            "high": "22.3868",
            "low": "22.3868",
            "close": "22.4274"
        },
        {
            "time": "16.01.2021 01:25",
            "open": "22.4274",
            "high": "22.4882",
            "low": "22.4274",
            "close": "22.45"
        },
        {
            "time": "16.01.2021 01:41",
            "open": "22.45",
            "high": "22.45",
            "low": "22.45",
            "close": "22.45"
        },
        {
            "time": "16.01.2021 01:42",
            "open": "22.45",
            "high": "22.45",
            "low": "22.45",
            "close": "22.5455"
        },
        {
            "time": "16.01.2021 01:50",
            "open": "22.5455",
            "high": "22.6584",
            "low": "22.5455",
            "close": "22.6326"
        },
        {
            "time": "16.01.2021 01:59",
            "open": "22.6326",
            "high": "22.6326",
            "low": "22.6326",
            "close": "22.6326"
        },
        {
            "time": "16.01.2021 02:00",
            "open": "22.6326",
            "high": "22.6326",
            "low": "22.6326",
            "close": "22.6809"
        },
        {
            "time": "16.01.2021 02:01",
            "open": "22.6809",
            "high": "23.1652",
            "low": "22.6809",
            "close": "22.8105"
        },
        {
            "time": "16.01.2021 02:20",
            "open": "22.8105",
            "high": "22.8105",
            "low": "22.8105",
            "close": "22.7258"
        },
        {
            "time": "16.01.2021 02:23",
            "open": "22.7258",
            "high": "22.7258",
            "low": "22.71",
            "close": "22.7573"
        },
        {
            "time": "16.01.2021 02:26",
            "open": "22.7573",
            "high": "22.7605",
            "low": "22.7573",
            "close": "22.5975"
        },
        {
            "time": "16.01.2021 02:30",
            "open": "22.5975",
            "high": "22.5975",
            "low": "22.5975",
            "close": "22.5737"
        },
        {
            "time": "16.01.2021 02:42",
            "open": "22.5737",
            "high": "22.5745",
            "low": "22.5737",
            "close": "22.6009"
        },
        {
            "time": "16.01.2021 02:44",
            "open": "22.6009",
            "high": "22.6009",
            "low": "22.5467",
            "close": "22.6325"
        },
        {
            "time": "16.01.2021 03:04",
            "open": "22.6325",
            "high": "22.6325",
            "low": "22.6325",
            "close": "22.6535"
        },
        {
            "time": "16.01.2021 03:08",
            "open": "22.6535",
            "high": "22.6535",
            "low": "22.6535",
            "close": "22.6771"
        },
        {
            "time": "16.01.2021 03:09",
            "open": "22.6771",
            "high": "22.6772",
            "low": "22.6771",
            "close": "22.5375"
        },
        {
            "time": "16.01.2021 03:22",
            "open": "22.5375",
            "high": "22.5376",
            "low": "22.5373",
            "close": "22.4505"
        },
        {
            "time": "16.01.2021 03:24",
            "open": "22.4505",
            "high": "22.4505",
            "low": "22.45",
            "close": "22.455"
        },
        {
            "time": "16.01.2021 03:25",
            "open": "22.455",
            "high": "22.455",
            "low": "22.455",
            "close": "22.4827"
        },
        {
            "time": "16.01.2021 03:29",
            "open": "22.4827",
            "high": "22.4827",
            "low": "22.4827",
            "close": "22.4663"
        },
        {
            "time": "16.01.2021 03:34",
            "open": "22.4663",
            "high": "22.4663",
            "low": "22.4663",
            "close": "22.4742"
        },
        {
            "time": "16.01.2021 03:36",
            "open": "22.4742",
            "high": "22.4745",
            "low": "22.4742",
            "close": "22.571"
        },
        {
            "time": "16.01.2021 03:37",
            "open": "22.571",
            "high": "22.6686",
            "low": "22.4757",
            "close": "22.4962"
        },
        {
            "time": "16.01.2021 03:50",
            "open": "22.4962",
            "high": "22.4962",
            "low": "22.4962",
            "close": "22.5092"
        },
        {
            "time": "16.01.2021 03:55",
            "open": "22.5092",
            "high": "22.5121",
            "low": "22.5083",
            "close": "22.4475"
        },
        {
            "time": "16.01.2021 04:24",
            "open": "22.4475",
            "high": "22.4705",
            "low": "22.4475",
            "close": "22.4374"
        },
        {
            "time": "16.01.2021 04:47",
            "open": "22.4374",
            "high": "22.4374",
            "low": "22.4374",
            "close": "22.4374"
        },
        {
            "time": "16.01.2021 04:50",
            "open": "22.4374",
            "high": "22.4374",
            "low": "22.4374",
            "close": "22.5272"
        },
        {
            "time": "16.01.2021 04:57",
            "open": "22.5272",
            "high": "22.5272",
            "low": "22.5272",
            "close": "22.5722"
        },
        {
            "time": "16.01.2021 04:59",
            "open": "22.5722",
            "high": "22.591",
            "low": "22.5722",
            "close": "22.565"
        },
        {
            "time": "16.01.2021 05:05",
            "open": "22.565",
            "high": "22.565",
            "low": "22.565",
            "close": "22.485"
        },
        {
            "time": "16.01.2021 05:09",
            "open": "22.485",
            "high": "22.485",
            "low": "22.485",
            "close": "22.49"
        },
        {
            "time": "16.01.2021 05:11",
            "open": "22.49",
            "high": "22.49",
            "low": "22.49",
            "close": "22.5062"
        },
        {
            "time": "16.01.2021 05:14",
            "open": "22.5062",
            "high": "22.5062",
            "low": "22.5062",
            "close": "22.5777"
        },
        {
            "time": "16.01.2021 05:15",
            "open": "22.5777",
            "high": "22.5777",
            "low": "22.5777",
            "close": "22.499"
        },
        {
            "time": "16.01.2021 05:17",
            "open": "22.499",
            "high": "22.499",
            "low": "22.499",
            "close": "22.541"
        },
        {
            "time": "16.01.2021 05:19",
            "open": "22.541",
            "high": "22.541",
            "low": "22.541",
            "close": "22.5506"
        },
        {
            "time": "16.01.2021 05:51",
            "open": "22.5506",
            "high": "22.5506",
            "low": "22.5506",
            "close": "22.5752"
        },
        {
            "time": "16.01.2021 05:52",
            "open": "22.5752",
            "high": "22.5752",
            "low": "22.5752",
            "close": "22.6135"
        },
        {
            "time": "16.01.2021 05:57",
            "open": "22.6135",
            "high": "22.6171",
            "low": "22.6135",
            "close": "22.6092"
        },
        {
            "time": "16.01.2021 05:59",
            "open": "22.6092",
            "high": "22.6092",
            "low": "22.6092",
            "close": "22.6171"
        },
        {
            "time": "16.01.2021 06:17",
            "open": "22.6171",
            "high": "22.63",
            "low": "22.6171",
            "close": "22.5515"
        },
        {
            "time": "16.01.2021 06:32",
            "open": "22.5515",
            "high": "22.5515",
            "low": "22.5515",
            "close": "22.5151"
        },
        {
            "time": "16.01.2021 06:59",
            "open": "22.5151",
            "high": "22.5151",
            "low": "22.5151",
            "close": "22.5198"
        },
        {
            "time": "16.01.2021 07:23",
            "open": "22.5198",
            "high": "22.52",
            "low": "22.5198",
            "close": "22.5548"
        },
        {
            "time": "16.01.2021 07:25",
            "open": "22.5548",
            "high": "22.6553",
            "low": "22.5548",
            "close": "22.6553"
        },
        {
            "time": "16.01.2021 07:28",
            "open": "22.6553",
            "high": "22.6553",
            "low": "22.6553",
            "close": "22.662"
        },
        {
            "time": "16.01.2021 07:29",
            "open": "22.662",
            "high": "22.7048",
            "low": "22.662",
            "close": "22.6553"
        },
        {
            "time": "16.01.2021 07:31",
            "open": "22.6553",
            "high": "22.6553",
            "low": "22.6067",
            "close": "22.4616"
        },
        {
            "time": "16.01.2021 07:37",
            "open": "22.4616",
            "high": "22.4616",
            "low": "22.4616",
            "close": "22.4786"
        },
        {
            "time": "16.01.2021 07:44",
            "open": "22.4786",
            "high": "22.4786",
            "low": "22.4786",
            "close": "22.5387"
        },
        {
            "time": "16.01.2021 07:49",
            "open": "22.5387",
            "high": "22.5387",
            "low": "22.5387",
            "close": "22.5325"
        },
        {
            "time": "16.01.2021 07:53",
            "open": "22.5325",
            "high": "22.7043",
            "low": "22.5325",
            "close": "22.5716"
        },
        {
            "time": "16.01.2021 08:04",
            "open": "22.5716",
            "high": "22.5716",
            "low": "22.5716",
            "close": "22.6367"
        },
        {
            "time": "16.01.2021 08:05",
            "open": "22.6367",
            "high": "23.15",
            "low": "22.6367",
            "close": "22.6595"
        },
        {
            "time": "16.01.2021 08:08",
            "open": "22.6595",
            "high": "22.6595",
            "low": "22.6595",
            "close": "22.6333"
        },
        {
            "time": "16.01.2021 08:09",
            "open": "22.6333",
            "high": "22.6333",
            "low": "22.6333",
            "close": "22.64"
        },
        {
            "time": "16.01.2021 08:11",
            "open": "22.64",
            "high": "22.64",
            "low": "22.64",
            "close": "22.669"
        },
        {
            "time": "16.01.2021 08:14",
            "open": "22.669",
            "high": "23.15",
            "low": "22.669",
            "close": "22.6586"
        },
        {
            "time": "16.01.2021 08:16",
            "open": "22.6586",
            "high": "22.7338",
            "low": "22.6586",
            "close": "22.8041"
        },
        {
            "time": "16.01.2021 08:17",
            "open": "22.8041",
            "high": "22.8528",
            "low": "22.8041",
            "close": "22.6193"
        },
        {
            "time": "16.01.2021 08:34",
            "open": "22.6193",
            "high": "22.6315",
            "low": "22.6193",
            "close": "22.6315"
        },
        {
            "time": "16.01.2021 08:35",
            "open": "22.6315",
            "high": "22.6315",
            "low": "22.6315",
            "close": "22.5719"
        },
        {
            "time": "16.01.2021 08:45",
            "open": "22.5719",
            "high": "22.5719",
            "low": "22.5719",
            "close": "22.6944"
        },
        {
            "time": "16.01.2021 08:57",
            "open": "22.6944",
            "high": "22.6944",
            "low": "22.6944",
            "close": "22.7"
        },
        {
            "time": "16.01.2021 08:59",
            "open": "22.7",
            "high": "22.7",
            "low": "22.7",
            "close": "22.7"
        },
        {
            "time": "16.01.2021 09:00",
            "open": "22.7",
            "high": "22.7",
            "low": "22.7",
            "close": "22.7061"
        },
        {
            "time": "16.01.2021 09:02",
            "open": "22.7061",
            "high": "22.7061",
            "low": "22.7061",
            "close": "22.7061"
        },
        {
            "time": "16.01.2021 09:07",
            "open": "22.7061",
            "high": "22.7061",
            "low": "22.7061",
            "close": "22.6965"
        },
        {
            "time": "16.01.2021 09:08",
            "open": "22.6965",
            "high": "22.6965",
            "low": "22.6965",
            "close": "22.6747"
        },
        {
            "time": "16.01.2021 09:12",
            "open": "22.6747",
            "high": "22.6747",
            "low": "22.6747",
            "close": "22.7579"
        },
        {
            "time": "16.01.2021 09:15",
            "open": "22.7579",
            "high": "22.7579",
            "low": "22.7579",
            "close": "22.8253"
        },
        {
            "time": "16.01.2021 09:18",
            "open": "22.8253",
            "high": "22.8253",
            "low": "22.8253",
            "close": "22.8615"
        },
        {
            "time": "16.01.2021 09:23",
            "open": "22.8615",
            "high": "22.8615",
            "low": "22.8615",
            "close": "22.7416"
        },
        {
            "time": "16.01.2021 09:26",
            "open": "22.7416",
            "high": "22.82",
            "low": "22.7416",
            "close": "22.808"
        },
        {
            "time": "16.01.2021 09:28",
            "open": "22.808",
            "high": "22.808",
            "low": "22.808",
            "close": "22.9248"
        },
        {
            "time": "16.01.2021 09:31",
            "open": "22.9248",
            "high": "22.9248",
            "low": "22.9248",
            "close": "22.9492"
        },
        {
            "time": "16.01.2021 09:46",
            "open": "22.9492",
            "high": "22.9492",
            "low": "22.9492",
            "close": "22.9248"
        },
        {
            "time": "16.01.2021 09:47",
            "open": "22.9248",
            "high": "22.9248",
            "low": "22.9248",
            "close": "22.9735"
        },
        {
            "time": "16.01.2021 09:49",
            "open": "22.9735",
            "high": "22.9737",
            "low": "22.9735",
            "close": "22.9559"
        },
        {
            "time": "16.01.2021 09:50",
            "open": "22.9559",
            "high": "22.9559",
            "low": "22.9559",
            "close": "22.8661"
        },
        {
            "time": "16.01.2021 09:52",
            "open": "22.8661",
            "high": "22.8661",
            "low": "22.8661",
            "close": "22.8661"
        },
        {
            "time": "16.01.2021 09:54",
            "open": "22.8661",
            "high": "23.126",
            "low": "22.8661",
            "close": "22.8224"
        },
        {
            "time": "16.01.2021 09:56",
            "open": "22.8224",
            "high": "22.8224",
            "low": "22.8222",
            "close": "22.9971"
        },
        {
            "time": "16.01.2021 09:57",
            "open": "22.9971",
            "high": "22.9971",
            "low": "22.9971",
            "close": "22.8841"
        },
        {
            "time": "16.01.2021 09:58",
            "open": "22.8841",
            "high": "22.976",
            "low": "22.8841",
            "close": "22.8841"
        },
        {
            "time": "16.01.2021 10:01",
            "open": "22.8841",
            "high": "22.9783",
            "low": "22.8841",
            "close": "23"
        },
        {
            "time": "16.01.2021 10:02",
            "open": "23",
            "high": "23",
            "low": "22.9",
            "close": "22.908"
        },
        {
            "time": "16.01.2021 10:03",
            "open": "22.908",
            "high": "22.908",
            "low": "22.908",
            "close": "22.9057"
        },
        {
            "time": "16.01.2021 10:04",
            "open": "22.9057",
            "high": "22.92",
            "low": "22.9057",
            "close": "22.9172"
        },
        {
            "time": "16.01.2021 10:05",
            "open": "22.9172",
            "high": "22.9172",
            "low": "22.9172",
            "close": "22.9"
        },
        {
            "time": "16.01.2021 10:06",
            "open": "22.9",
            "high": "22.9",
            "low": "22.9",
            "close": "22.9"
        },
        {
            "time": "16.01.2021 10:08",
            "open": "22.9",
            "high": "22.9",
            "low": "22.9",
            "close": "22.9115"
        },
        {
            "time": "16.01.2021 10:10",
            "open": "22.9115",
            "high": "22.9116",
            "low": "22.9115",
            "close": "22.9116"
        },
        {
            "time": "16.01.2021 10:13",
            "open": "22.9116",
            "high": "22.9116",
            "low": "22.9116",
            "close": "22.8518"
        },
        {
            "time": "16.01.2021 10:16",
            "open": "22.8518",
            "high": "22.8518",
            "low": "22.8518",
            "close": "22.85"
        },
        {
            "time": "16.01.2021 10:17",
            "open": "22.85",
            "high": "22.85",
            "low": "22.85",
            "close": "22.87"
        },
        {
            "time": "16.01.2021 10:18",
            "open": "22.87",
            "high": "22.9999",
            "low": "22.87",
            "close": "22.9656"
        },
        {
            "time": "16.01.2021 10:21",
            "open": "22.9656",
            "high": "22.9656",
            "low": "22.9656",
            "close": "22.9965"
        },
        {
            "time": "16.01.2021 10:22",
            "open": "22.9965",
            "high": "22.9965",
            "low": "22.9965",
            "close": "22.9649"
        },
        {
            "time": "16.01.2021 10:26",
            "open": "22.9649",
            "high": "22.9649",
            "low": "22.9649",
            "close": "22.9148"
        },
        {
            "time": "16.01.2021 10:29",
            "open": "22.9148",
            "high": "22.9148",
            "low": "22.89",
            "close": "22.8702"
        },
        {
            "time": "16.01.2021 10:36",
            "open": "22.8702",
            "high": "22.8703",
            "low": "22.8702",
            "close": "22.928"
        },
        {
            "time": "16.01.2021 10:43",
            "open": "22.928",
            "high": "22.928",
            "low": "22.928",
            "close": "22.8781"
        },
        {
            "time": "16.01.2021 10:45",
            "open": "22.8781",
            "high": "22.8782",
            "low": "22.8781",
            "close": "22.9117"
        },
        {
            "time": "16.01.2021 10:46",
            "open": "22.9117",
            "high": "22.9117",
            "low": "22.9117",
            "close": "22.8555"
        },
        {
            "time": "16.01.2021 10:48",
            "open": "22.8555",
            "high": "22.8555",
            "low": "22.8555",
            "close": "22.9249"
        },
        {
            "time": "16.01.2021 10:54",
            "open": "22.9249",
            "high": "22.9999",
            "low": "22.9246",
            "close": "22.9999"
        },
        {
            "time": "16.01.2021 10:57",
            "open": "22.9999",
            "high": "23.2",
            "low": "22.9074",
            "close": "23.0033"
        },
        {
            "time": "16.01.2021 10:58",
            "open": "23.0033",
            "high": "23.0034",
            "low": "22.9999",
            "close": "23"
        },
        {
            "time": "16.01.2021 11:01",
            "open": "23",
            "high": "23.1391",
            "low": "23",
            "close": "23.071"
        },
        {
            "time": "16.01.2021 11:03",
            "open": "23.071",
            "high": "23.0992",
            "low": "23.071",
            "close": "23.0793"
        },
        {
            "time": "16.01.2021 11:04",
            "open": "23.0793",
            "high": "23.0793",
            "low": "23.0793",
            "close": "22.9946"
        },
        {
            "time": "16.01.2021 11:06",
            "open": "22.9946",
            "high": "22.9946",
            "low": "22.9946",
            "close": "23.1551"
        },
        {
            "time": "16.01.2021 11:14",
            "open": "23.1551",
            "high": "23.1551",
            "low": "22.8373",
            "close": "23.076"
        },
        {
            "time": "16.01.2021 11:15",
            "open": "23.076",
            "high": "23.076",
            "low": "23.0021",
            "close": "23.0522"
        },
        {
            "time": "16.01.2021 11:16",
            "open": "23.0522",
            "high": "23.0522",
            "low": "23.0099",
            "close": "23.0944"
        },
        {
            "time": "16.01.2021 11:17",
            "open": "23.0944",
            "high": "23.0944",
            "low": "23.0944",
            "close": "23.0743"
        },
        {
            "time": "16.01.2021 11:18",
            "open": "23.0743",
            "high": "23.0743",
            "low": "23.0743",
            "close": "23.0537"
        },
        {
            "time": "16.01.2021 11:19",
            "open": "23.0537",
            "high": "23.0546",
            "low": "23.0537",
            "close": "23.0511"
        },
        {
            "time": "16.01.2021 11:22",
            "open": "23.0511",
            "high": "23.0515",
            "low": "23.0511",
            "close": "22.9884"
        },
        {
            "time": "16.01.2021 11:26",
            "open": "22.9884",
            "high": "22.9884",
            "low": "22.9884",
            "close": "23.0613"
        },
        {
            "time": "16.01.2021 11:29",
            "open": "23.0613",
            "high": "23.0614",
            "low": "23.0613",
            "close": "22.9928"
        },
        {
            "time": "16.01.2021 11:31",
            "open": "22.9928",
            "high": "22.9928",
            "low": "22.9928",
            "close": "22.9888"
        },
        {
            "time": "16.01.2021 11:32",
            "open": "22.9888",
            "high": "22.9888",
            "low": "22.9888",
            "close": "23.079"
        },
        {
            "time": "16.01.2021 11:35",
            "open": "23.079",
            "high": "23.079",
            "low": "23.079",
            "close": "23.1027"
        },
        {
            "time": "16.01.2021 11:38",
            "open": "23.1027",
            "high": "23.1027",
            "low": "23.1027",
            "close": "23.0881"
        },
        {
            "time": "16.01.2021 11:42",
            "open": "23.0881",
            "high": "23.0881",
            "low": "23.0881",
            "close": "23.1074"
        },
        {
            "time": "16.01.2021 11:50",
            "open": "23.1074",
            "high": "23.1074",
            "low": "23.1074",
            "close": "23.1116"
        },
        {
            "time": "16.01.2021 11:55",
            "open": "23.1116",
            "high": "23.1116",
            "low": "23.1116",
            "close": "23.0731"
        },
        {
            "time": "16.01.2021 11:59",
            "open": "23.0731",
            "high": "23.0731",
            "low": "23.0731",
            "close": "23.1578"
        },
        {
            "time": "16.01.2021 12:00",
            "open": "23.1578",
            "high": "23.1581",
            "low": "23.1578",
            "close": "22.9884"
        },
        {
            "time": "16.01.2021 12:01",
            "open": "22.9884",
            "high": "22.9884",
            "low": "22.8686",
            "close": "23.002"
        },
        {
            "time": "16.01.2021 12:04",
            "open": "23.002",
            "high": "23.002",
            "low": "23.002",
            "close": "23.0565"
        },
        {
            "time": "16.01.2021 12:08",
            "open": "23.0565",
            "high": "23.0566",
            "low": "23.0565",
            "close": "23.0431"
        },
        {
            "time": "16.01.2021 12:23",
            "open": "23.0431",
            "high": "23.0431",
            "low": "22.974",
            "close": "22.9434"
        },
        {
            "time": "16.01.2021 12:26",
            "open": "22.9434",
            "high": "22.9434",
            "low": "22.9434",
            "close": "23.0054"
        },
        {
            "time": "16.01.2021 12:27",
            "open": "23.0054",
            "high": "23.0055",
            "low": "23.0054",
            "close": "23.1312"
        },
        {
            "time": "16.01.2021 12:33",
            "open": "23.1312",
            "high": "23.1312",
            "low": "23.1312",
            "close": "23.1095"
        },
        {
            "time": "16.01.2021 12:38",
            "open": "23.1095",
            "high": "23.1095",
            "low": "23.1095",
            "close": "23.1095"
        },
        {
            "time": "16.01.2021 12:39",
            "open": "23.1095",
            "high": "23.1095",
            "low": "23.1095",
            "close": "23.0828"
        },
        {
            "time": "16.01.2021 12:40",
            "open": "23.0828",
            "high": "23.0828",
            "low": "23.0727",
            "close": "23.1684"
        },
        {
            "time": "16.01.2021 12:49",
            "open": "23.1684",
            "high": "23.2",
            "low": "23.1684",
            "close": "23.2"
        },
        {
            "time": "16.01.2021 12:50",
            "open": "23.2",
            "high": "23.2608",
            "low": "23.2",
            "close": "23.2242"
        },
        {
            "time": "16.01.2021 12:52",
            "open": "23.2242",
            "high": "23.2242",
            "low": "23.0537",
            "close": "23.2681"
        },
        {
            "time": "16.01.2021 12:55",
            "open": "23.2681",
            "high": "23.2681",
            "low": "23.2681",
            "close": "23.2232"
        },
        {
            "time": "16.01.2021 12:57",
            "open": "23.2232",
            "high": "23.2232",
            "low": "23.2232",
            "close": "23.2682"
        },
        {
            "time": "16.01.2021 12:59",
            "open": "23.2682",
            "high": "23.3065",
            "low": "23.2682",
            "close": "23.2654"
        },
        {
            "time": "16.01.2021 13:00",
            "open": "23.2654",
            "high": "23.3199",
            "low": "23.2654",
            "close": "23.3109"
        },
        {
            "time": "16.01.2021 13:01",
            "open": "23.3109",
            "high": "23.32",
            "low": "23.2461",
            "close": "23.306"
        },
        {
            "time": "16.01.2021 13:02",
            "open": "23.306",
            "high": "23.3199",
            "low": "23.2878",
            "close": "23.2938"
        },
        {
            "time": "16.01.2021 13:03",
            "open": "23.2938",
            "high": "23.3199",
            "low": "23.2938",
            "close": "23.3199"
        },
        {
            "time": "16.01.2021 13:04",
            "open": "23.3199",
            "high": "23.3199",
            "low": "23.3199",
            "close": "23.3038"
        },
        {
            "time": "16.01.2021 13:05",
            "open": "23.3038",
            "high": "23.3199",
            "low": "23.3038",
            "close": "23.3199"
        },
        {
            "time": "16.01.2021 13:06",
            "open": "23.3199",
            "high": "23.3199",
            "low": "23.3199",
            "close": "23.116"
        },
        {
            "time": "16.01.2021 13:11",
            "open": "23.116",
            "high": "23.116",
            "low": "23.116",
            "close": "23.0001"
        },
        {
            "time": "16.01.2021 13:12",
            "open": "23.0001",
            "high": "23.0001",
            "low": "23",
            "close": "22.8844"
        },
        {
            "time": "16.01.2021 13:16",
            "open": "22.8844",
            "high": "23",
            "low": "22.8844",
            "close": "22.8934"
        },
        {
            "time": "16.01.2021 13:18",
            "open": "22.8934",
            "high": "22.8934",
            "low": "22.8934",
            "close": "22.8565"
        },
        {
            "time": "16.01.2021 13:20",
            "open": "22.8565",
            "high": "22.9139",
            "low": "22.8565",
            "close": "23"
        },
        {
            "time": "16.01.2021 13:22",
            "open": "23",
            "high": "23",
            "low": "23",
            "close": "23.1"
        },
        {
            "time": "16.01.2021 13:23",
            "open": "23.1",
            "high": "23.1",
            "low": "23.1",
            "close": "23.0893"
        },
        {
            "time": "16.01.2021 13:24",
            "open": "23.0893",
            "high": "23.0893",
            "low": "23.0893",
            "close": "22.9537"
        },
        {
            "time": "16.01.2021 13:27",
            "open": "22.9537",
            "high": "22.9539",
            "low": "22.9534",
            "close": "22.9584"
        },
        {
            "time": "16.01.2021 13:37",
            "open": "22.9584",
            "high": "22.9584",
            "low": "22.9584",
            "close": "22.9964"
        },
        {
            "time": "16.01.2021 13:39",
            "open": "22.9964",
            "high": "22.9964",
            "low": "22.9964",
            "close": "22.9661"
        },
        {
            "time": "16.01.2021 13:46",
            "open": "22.9661",
            "high": "22.9661",
            "low": "22.9661",
            "close": "22.92"
        },
        {
            "time": "16.01.2021 13:49",
            "open": "22.92",
            "high": "22.92",
            "low": "22.92",
            "close": "22.926"
        },
        {
            "time": "16.01.2021 13:50",
            "open": "22.926",
            "high": "22.9261",
            "low": "22.926",
            "close": "22.9303"
        },
        {
            "time": "16.01.2021 13:51",
            "open": "22.9303",
            "high": "22.9303",
            "low": "22.8447",
            "close": "22.9945"
        },
        {
            "time": "16.01.2021 14:11",
            "open": "22.9945",
            "high": "22.9945",
            "low": "22.9945",
            "close": "22.9154"
        },
        {
            "time": "16.01.2021 14:13",
            "open": "22.9154",
            "high": "22.9154",
            "low": "22.9154",
            "close": "23"
        },
        {
            "time": "16.01.2021 14:21",
            "open": "23",
            "high": "23",
            "low": "23",
            "close": "23.0454"
        },
        {
            "time": "16.01.2021 14:22",
            "open": "23.0454",
            "high": "23.0454",
            "low": "23.0454",
            "close": "23.13"
        },
        {
            "time": "16.01.2021 14:24",
            "open": "23.13",
            "high": "23.13",
            "low": "23.13",
            "close": "23.13"
        },
        {
            "time": "16.01.2021 14:25",
            "open": "23.13",
            "high": "23.13",
            "low": "23.0744",
            "close": "23.13"
        },
        {
            "time": "16.01.2021 14:26",
            "open": "23.13",
            "high": "23.13",
            "low": "23.13",
            "close": "23.13"
        },
        {
            "time": "16.01.2021 14:27",
            "open": "23.13",
            "high": "23.13",
            "low": "23.13",
            "close": "23.1475"
        },
        {
            "time": "16.01.2021 14:28",
            "open": "23.1475",
            "high": "23.1819",
            "low": "23.1475",
            "close": "23.2197"
        },
        {
            "time": "16.01.2021 14:29",
            "open": "23.2197",
            "high": "23.3139",
            "low": "23.2195",
            "close": "23.2292"
        },
        {
            "time": "16.01.2021 14:30",
            "open": "23.2292",
            "high": "23.2292",
            "low": "23.1333",
            "close": "23.23"
        },
        {
            "time": "16.01.2021 14:31",
            "open": "23.23",
            "high": "23.32",
            "low": "23.23",
            "close": "23.32"
        },
        {
            "time": "16.01.2021 14:32",
            "open": "23.32",
            "high": "23.32",
            "low": "23.2913",
            "close": "23.32"
        },
        {
            "time": "16.01.2021 14:33",
            "open": "23.32",
            "high": "23.33",
            "low": "23.2734",
            "close": "23.3132"
        },
        {
            "time": "16.01.2021 14:34",
            "open": "23.3132",
            "high": "23.35",
            "low": "23.3132",
            "close": "23.35"
        },
        {
            "time": "16.01.2021 14:35",
            "open": "23.35",
            "high": "23.3504",
            "low": "23.35",
            "close": "23.3532"
        },
        {
            "time": "16.01.2021 14:36",
            "open": "23.3532",
            "high": "23.4109",
            "low": "23.3532",
            "close": "23.41"
        },
        {
            "time": "16.01.2021 14:45",
            "open": "23.41",
            "high": "23.41",
            "low": "23.41",
            "close": "23.41"
        },
        {
            "time": "16.01.2021 14:46",
            "open": "23.41",
            "high": "23.41",
            "low": "23.41",
            "close": "23.386"
        },
        {
            "time": "16.01.2021 14:50",
            "open": "23.386",
            "high": "23.386",
            "low": "23.386",
            "close": "23.41"
        },
        {
            "time": "16.01.2021 14:52",
            "open": "23.41",
            "high": "23.41",
            "low": "23.41",
            "close": "23.3442"
        },
        {
            "time": "16.01.2021 14:58",
            "open": "23.3442",
            "high": "23.3442",
            "low": "23.3113",
            "close": "23.34"
        },
        {
            "time": "16.01.2021 15:02",
            "open": "23.34",
            "high": "23.34",
            "low": "23.34",
            "close": "23.25"
        },
        {
            "time": "16.01.2021 15:05",
            "open": "23.25",
            "high": "23.25",
            "low": "23.25",
            "close": "23.3949"
        },
        {
            "time": "16.01.2021 15:06",
            "open": "23.3949",
            "high": "23.3949",
            "low": "23.2006",
            "close": "23.266"
        },
        {
            "time": "16.01.2021 15:11",
            "open": "23.266",
            "high": "23.266",
            "low": "23.2659",
            "close": "23.3608"
        },
        {
            "time": "16.01.2021 15:12",
            "open": "23.3608",
            "high": "23.3608",
            "low": "23.3608",
            "close": "23.327"
        },
        {
            "time": "16.01.2021 15:17",
            "open": "23.327",
            "high": "23.327",
            "low": "23.327",
            "close": "23.3266"
        },
        {
            "time": "16.01.2021 15:39",
            "open": "23.3266",
            "high": "23.4294",
            "low": "23.3266",
            "close": "23.3325"
        },
        {
            "time": "16.01.2021 15:40",
            "open": "23.3325",
            "high": "23.3325",
            "low": "23.3325",
            "close": "23.4299"
        },
        {
            "time": "16.01.2021 15:41",
            "open": "23.4299",
            "high": "23.4299",
            "low": "23.3678",
            "close": "23.4"
        },
        {
            "time": "16.01.2021 15:42",
            "open": "23.4",
            "high": "23.4",
            "low": "23.4",
            "close": "23.3718"
        },
        {
            "time": "16.01.2021 15:44",
            "open": "23.3718",
            "high": "23.4195",
            "low": "23.2",
            "close": "23.3252"
        },
        {
            "time": "16.01.2021 15:45",
            "open": "23.3252",
            "high": "23.3368",
            "low": "23.3252",
            "close": "23.4"
        },
        {
            "time": "16.01.2021 15:46",
            "open": "23.4",
            "high": "23.4",
            "low": "23.4",
            "close": "23.22"
        },
        {
            "time": "16.01.2021 15:53",
            "open": "23.22",
            "high": "23.22",
            "low": "23.22",
            "close": "23.3473"
        },
        {
            "time": "16.01.2021 15:54",
            "open": "23.3473",
            "high": "23.3473",
            "low": "23.3473",
            "close": "23.22"
        },
        {
            "time": "16.01.2021 15:59",
            "open": "23.22",
            "high": "23.22",
            "low": "23.22",
            "close": "23.22"
        },
        {
            "time": "16.01.2021 16:00",
            "open": "23.22",
            "high": "23.22",
            "low": "23.22",
            "close": "23.22"
        },
        {
            "time": "16.01.2021 16:01",
            "open": "23.22",
            "high": "23.2272",
            "low": "23.22",
            "close": "23.22"
        },
        {
            "time": "16.01.2021 16:02",
            "open": "23.22",
            "high": "23.22",
            "low": "23.22",
            "close": "23.2164"
        },
        {
            "time": "16.01.2021 16:03",
            "open": "23.2164",
            "high": "23.2164",
            "low": "23.2164",
            "close": "23.1261"
        },
        {
            "time": "16.01.2021 16:05",
            "open": "23.1261",
            "high": "23.1261",
            "low": "23.0455",
            "close": "23.2081"
        },
        {
            "time": "16.01.2021 16:06",
            "open": "23.2081",
            "high": "23.2081",
            "low": "23.2081",
            "close": "23.2693"
        },
        {
            "time": "16.01.2021 16:16",
            "open": "23.2693",
            "high": "23.2693",
            "low": "23.2693",
            "close": "23.0847"
        },
        {
            "time": "16.01.2021 16:21",
            "open": "23.0847",
            "high": "23.0847",
            "low": "23.0847",
            "close": "23.1323"
        },
        {
            "time": "16.01.2021 16:27",
            "open": "23.1323",
            "high": "23.1323",
            "low": "23.1323",
            "close": "23.194"
        },
        {
            "time": "16.01.2021 16:29",
            "open": "23.194",
            "high": "23.194",
            "low": "23.194",
            "close": "23.2895"
        },
        {
            "time": "16.01.2021 16:30",
            "open": "23.2895",
            "high": "23.3997",
            "low": "23.2895",
            "close": "23.3638"
        },
        {
            "time": "16.01.2021 16:36",
            "open": "23.3638",
            "high": "23.3638",
            "low": "23.3638",
            "close": "23.3638"
        },
        {
            "time": "16.01.2021 16:38",
            "open": "23.3638",
            "high": "23.3638",
            "low": "23.3638",
            "close": "23.3638"
        },
        {
            "time": "16.01.2021 16:39",
            "open": "23.3638",
            "high": "23.3638",
            "low": "23.2293",
            "close": "23.3783"
        },
        {
            "time": "16.01.2021 16:42",
            "open": "23.3783",
            "high": "23.3783",
            "low": "23.3783",
            "close": "23.4"
        },
        {
            "time": "16.01.2021 16:44",
            "open": "23.4",
            "high": "23.4",
            "low": "23.4",
            "close": "23.4"
        },
        {
            "time": "16.01.2021 16:46",
            "open": "23.4",
            "high": "23.4523",
            "low": "23.4",
            "close": "23.45"
        },
        {
            "time": "16.01.2021 16:48",
            "open": "23.45",
            "high": "23.45",
            "low": "23.45",
            "close": "23.4307"
        },
        {
            "time": "16.01.2021 16:49",
            "open": "23.4307",
            "high": "23.4307",
            "low": "23.4307",
            "close": "23.4684"
        },
        {
            "time": "16.01.2021 16:52",
            "open": "23.4684",
            "high": "23.4684",
            "low": "23.4684",
            "close": "23.469"
        },
        {
            "time": "16.01.2021 16:54",
            "open": "23.469",
            "high": "23.469",
            "low": "23.469",
            "close": "23.469"
        },
        {
            "time": "16.01.2021 16:57",
            "open": "23.469",
            "high": "23.469",
            "low": "23.469",
            "close": "23.469"
        },
        {
            "time": "16.01.2021 16:58",
            "open": "23.469",
            "high": "23.469",
            "low": "23.469",
            "close": "23.4606"
        },
        {
            "time": "16.01.2021 17:00",
            "open": "23.4606",
            "high": "23.4606",
            "low": "23.3623",
            "close": "23.3649"
        },
        {
            "time": "16.01.2021 17:03",
            "open": "23.3649",
            "high": "23.3649",
            "low": "23.3649",
            "close": "23.4687"
        },
        {
            "time": "16.01.2021 17:09",
            "open": "23.4687",
            "high": "23.4687",
            "low": "23.4687",
            "close": "23.37"
        },
        {
            "time": "16.01.2021 17:11",
            "open": "23.37",
            "high": "23.37",
            "low": "23.37",
            "close": "23.37"
        },
        {
            "time": "16.01.2021 17:12",
            "open": "23.37",
            "high": "23.37",
            "low": "23.37",
            "close": "23.4669"
        },
        {
            "time": "16.01.2021 17:13",
            "open": "23.4669",
            "high": "23.52",
            "low": "23.4669",
            "close": "23.471"
        },
        {
            "time": "16.01.2021 17:14",
            "open": "23.471",
            "high": "23.471",
            "low": "23.471",
            "close": "23.5135"
        },
        {
            "time": "16.01.2021 17:16",
            "open": "23.5135",
            "high": "23.5135",
            "low": "23.5135",
            "close": "23.4214"
        },
        {
            "time": "16.01.2021 17:20",
            "open": "23.4214",
            "high": "23.4214",
            "low": "23.4214",
            "close": "23.421"
        },
        {
            "time": "16.01.2021 17:21",
            "open": "23.421",
            "high": "23.436",
            "low": "23.4207",
            "close": "23.5147"
        },
        {
            "time": "16.01.2021 17:23",
            "open": "23.5147",
            "high": "23.5188",
            "low": "23.5147",
            "close": "23.4325"
        },
        {
            "time": "16.01.2021 17:26",
            "open": "23.4325",
            "high": "23.4325",
            "low": "23.4325",
            "close": "23.52"
        },
        {
            "time": "16.01.2021 17:29",
            "open": "23.52",
            "high": "23.52",
            "low": "23.52",
            "close": "23.5152"
        },
        {
            "time": "16.01.2021 17:30",
            "open": "23.5152",
            "high": "23.5152",
            "low": "23.5152",
            "close": "23.51"
        },
        {
            "time": "16.01.2021 17:32",
            "open": "23.51",
            "high": "23.51",
            "low": "23.51",
            "close": "23.51"
        },
        {
            "time": "16.01.2021 17:34",
            "open": "23.51",
            "high": "23.51",
            "low": "23.4209",
            "close": "23.423"
        },
        {
            "time": "16.01.2021 17:36",
            "open": "23.423",
            "high": "23.423",
            "low": "23.4228",
            "close": "23.4237"
        },
        {
            "time": "16.01.2021 17:37",
            "open": "23.4237",
            "high": "23.5171",
            "low": "23.4234",
            "close": "23.4998"
        },
        {
            "time": "16.01.2021 17:41",
            "open": "23.4998",
            "high": "23.5",
            "low": "23.4998",
            "close": "23.4998"
        },
        {
            "time": "16.01.2021 17:42",
            "open": "23.4998",
            "high": "23.5185",
            "low": "23.4998",
            "close": "23.5"
        },
        {
            "time": "16.01.2021 17:43",
            "open": "23.5",
            "high": "23.5",
            "low": "23.5",
            "close": "23.5"
        },
        {
            "time": "16.01.2021 17:44",
            "open": "23.5",
            "high": "23.5",
            "low": "23.5",
            "close": "23.538"
        },
        {
            "time": "16.01.2021 17:46",
            "open": "23.538",
            "high": "23.6",
            "low": "23.538",
            "close": "23.6"
        },
        {
            "time": "16.01.2021 17:47",
            "open": "23.6",
            "high": "23.7453",
            "low": "23.6",
            "close": "23.7414"
        },
        {
            "time": "16.01.2021 17:48",
            "open": "23.7414",
            "high": "23.7414",
            "low": "23.7325",
            "close": "23.7708"
        },
        {
            "time": "16.01.2021 17:49",
            "open": "23.7708",
            "high": "23.8",
            "low": "23.7708",
            "close": "23.8"
        },
        {
            "time": "16.01.2021 17:51",
            "open": "23.8",
            "high": "23.8159",
            "low": "23.8",
            "close": "23.8159"
        },
        {
            "time": "16.01.2021 17:52",
            "open": "23.8159",
            "high": "23.8159",
            "low": "23.8159",
            "close": "23.8159"
        },
        {
            "time": "16.01.2021 17:53",
            "open": "23.8159",
            "high": "23.8395",
            "low": "23.8159",
            "close": "23.8395"
        },
        {
            "time": "16.01.2021 17:54",
            "open": "23.8395",
            "high": "23.8899",
            "low": "23.8395",
            "close": "23.8898"
        },
        {
            "time": "16.01.2021 17:56",
            "open": "23.8898",
            "high": "23.8898",
            "low": "23.8898",
            "close": "23.8898"
        },
        {
            "time": "16.01.2021 17:57",
            "open": "23.8898",
            "high": "23.9178",
            "low": "23.8898",
            "close": "23.9307"
        },
        {
            "time": "16.01.2021 17:58",
            "open": "23.9307",
            "high": "23.9336",
            "low": "23.9307",
            "close": "23.952"
        },
        {
            "time": "16.01.2021 17:59",
            "open": "23.952",
            "high": "23.9998",
            "low": "23.952",
            "close": "24"
        },
        {
            "time": "16.01.2021 18:00",
            "open": "24",
            "high": "24.0181",
            "low": "23.9",
            "close": "23.9002"
        },
        {
            "time": "16.01.2021 18:01",
            "open": "23.9002",
            "high": "23.9002",
            "low": "23.9",
            "close": "23.9"
        },
        {
            "time": "16.01.2021 18:02",
            "open": "23.9",
            "high": "23.9",
            "low": "23.9",
            "close": "23.82"
        },
        {
            "time": "16.01.2021 18:04",
            "open": "23.82",
            "high": "23.82",
            "low": "23.75",
            "close": "23.727"
        },
        {
            "time": "16.01.2021 18:05",
            "open": "23.727",
            "high": "23.727",
            "low": "23.727",
            "close": "23.6728"
        },
        {
            "time": "16.01.2021 18:06",
            "open": "23.6728",
            "high": "23.6728",
            "low": "23.6728",
            "close": "23.673"
        },
        {
            "time": "16.01.2021 18:07",
            "open": "23.673",
            "high": "23.7479",
            "low": "23.6728",
            "close": "23.7454"
        },
        {
            "time": "16.01.2021 18:08",
            "open": "23.7454",
            "high": "23.7454",
            "low": "23.7454",
            "close": "23.7454"
        },
        {
            "time": "16.01.2021 18:10",
            "open": "23.7454",
            "high": "23.7454",
            "low": "23.7454",
            "close": "23.7167"
        },
        {
            "time": "16.01.2021 18:11",
            "open": "23.7167",
            "high": "23.8518",
            "low": "23.7167",
            "close": "23.9657"
        },
        {
            "time": "16.01.2021 18:12",
            "open": "23.9657",
            "high": "23.9657",
            "low": "23.9657",
            "close": "23.8304"
        },
        {
            "time": "16.01.2021 18:13",
            "open": "23.8304",
            "high": "23.8304",
            "low": "23.8304",
            "close": "23.7339"
        },
        {
            "time": "16.01.2021 18:15",
            "open": "23.7339",
            "high": "23.7339",
            "low": "23.7227",
            "close": "23.7"
        },
        {
            "time": "16.01.2021 18:16",
            "open": "23.7",
            "high": "23.7",
            "low": "23.7",
            "close": "23.7002"
        },
        {
            "time": "16.01.2021 18:17",
            "open": "23.7002",
            "high": "23.7002",
            "low": "23.7",
            "close": "23.7001"
        },
        {
            "time": "16.01.2021 18:18",
            "open": "23.7001",
            "high": "23.7002",
            "low": "23.7001",
            "close": "23.7505"
        },
        {
            "time": "16.01.2021 18:19",
            "open": "23.7505",
            "high": "23.7505",
            "low": "23.7505",
            "close": "23.7386"
        },
        {
            "time": "16.01.2021 18:28",
            "open": "23.7386",
            "high": "23.7386",
            "low": "23.626",
            "close": "23.7741"
        },
        {
            "time": "16.01.2021 18:32",
            "open": "23.7741",
            "high": "23.7741",
            "low": "23.6251",
            "close": "23.6308"
        },
        {
            "time": "16.01.2021 18:41",
            "open": "23.6308",
            "high": "23.6308",
            "low": "23.6201",
            "close": "23.62"
        },
        {
            "time": "16.01.2021 18:44",
            "open": "23.62",
            "high": "23.62",
            "low": "23.62",
            "close": "23.62"
        },
        {
            "time": "16.01.2021 19:00",
            "open": "23.62",
            "high": "23.62",
            "low": "23.62",
            "close": "23.485"
        },
        {
            "time": "16.01.2021 19:01",
            "open": "23.485",
            "high": "23.485",
            "low": "23.485",
            "close": "23.4669"
        },
        {
            "time": "16.01.2021 19:03",
            "open": "23.4669",
            "high": "23.4669",
            "low": "23.4669",
            "close": "23.4857"
        },
        {
            "time": "16.01.2021 19:11",
            "open": "23.4857",
            "high": "23.4889",
            "low": "23.4857",
            "close": "23.9033"
        },
        {
            "time": "16.01.2021 19:12",
            "open": "23.9033",
            "high": "23.9033",
            "low": "23.8171",
            "close": "23.7477"
        },
        {
            "time": "16.01.2021 19:13",
            "open": "23.7477",
            "high": "23.7477",
            "low": "23.7477",
            "close": "23.7074"
        },
        {
            "time": "16.01.2021 19:16",
            "open": "23.7074",
            "high": "23.7074",
            "low": "23.7074",
            "close": "23.7792"
        },
        {
            "time": "16.01.2021 19:17",
            "open": "23.7792",
            "high": "23.7792",
            "low": "23.7792",
            "close": "23.7735"
        },
        {
            "time": "16.01.2021 19:18",
            "open": "23.7735",
            "high": "23.7735",
            "low": "23.7735",
            "close": "23.7076"
        },
        {
            "time": "16.01.2021 19:31",
            "open": "23.7076",
            "high": "23.7076",
            "low": "23.7076",
            "close": "23.8297"
        },
        {
            "time": "16.01.2021 19:32",
            "open": "23.8297",
            "high": "23.8325",
            "low": "23.8297",
            "close": "23.7545"
        },
        {
            "time": "16.01.2021 19:34",
            "open": "23.7545",
            "high": "23.7545",
            "low": "23.7545",
            "close": "23.7296"
        },
        {
            "time": "16.01.2021 19:36",
            "open": "23.7296",
            "high": "23.7296",
            "low": "23.7296",
            "close": "23.8526"
        },
        {
            "time": "16.01.2021 19:40",
            "open": "23.8526",
            "high": "23.8533",
            "low": "23.8526",
            "close": "23.7715"
        },
        {
            "time": "16.01.2021 19:43",
            "open": "23.7715",
            "high": "23.7715",
            "low": "23.7715",
            "close": "23.842"
        },
        {
            "time": "16.01.2021 19:53",
            "open": "23.842",
            "high": "23.842",
            "low": "23.842",
            "close": "23.756"
        },
        {
            "time": "16.01.2021 19:56",
            "open": "23.756",
            "high": "23.756",
            "low": "23.756",
            "close": "23.8036"
        },
        {
            "time": "16.01.2021 19:58",
            "open": "23.8036",
            "high": "23.8074",
            "low": "23.8025",
            "close": "23.8366"
        },
        {
            "time": "16.01.2021 19:59",
            "open": "23.8366",
            "high": "23.8366",
            "low": "23.8366",
            "close": "23.7863"
        },
        {
            "time": "16.01.2021 20:00",
            "open": "23.7863",
            "high": "23.7863",
            "low": "23.7863",
            "close": "23.8341"
        },
        {
            "time": "16.01.2021 20:01",
            "open": "23.8341",
            "high": "23.835",
            "low": "23.7683",
            "close": "23.8347"
        },
        {
            "time": "16.01.2021 20:02",
            "open": "23.8347",
            "high": "23.842",
            "low": "23.8347",
            "close": "23.842"
        },
        {
            "time": "16.01.2021 20:03",
            "open": "23.842",
            "high": "23.8999",
            "low": "23.842",
            "close": "23.8999"
        },
        {
            "time": "16.01.2021 20:04",
            "open": "23.8999",
            "high": "23.9969",
            "low": "23.7809",
            "close": "23.8947"
        },
        {
            "time": "16.01.2021 20:05",
            "open": "23.8947",
            "high": "23.9969",
            "low": "23.8947",
            "close": "23.9969"
        },
        {
            "time": "16.01.2021 20:06",
            "open": "23.9969",
            "high": "24",
            "low": "23.9879",
            "close": "23.9879"
        },
        {
            "time": "16.01.2021 20:07",
            "open": "23.9879",
            "high": "24",
            "low": "23.9879",
            "close": "23.9914"
        },
        {
            "time": "16.01.2021 20:08",
            "open": "23.9914",
            "high": "23.9914",
            "low": "23.9914",
            "close": "23.9912"
        },
        {
            "time": "16.01.2021 20:10",
            "open": "23.9912",
            "high": "23.9914",
            "low": "23.9912",
            "close": "23.9914"
        },
        {
            "time": "16.01.2021 20:11",
            "open": "23.9914",
            "high": "24.3",
            "low": "23.9914",
            "close": "24.036"
        },
        {
            "time": "16.01.2021 20:12",
            "open": "24.036",
            "high": "24.0453",
            "low": "24.036",
            "close": "24.1377"
        },
        {
            "time": "16.01.2021 20:14",
            "open": "24.1377",
            "high": "24.3",
            "low": "24.1377",
            "close": "24.311"
        },
        {
            "time": "16.01.2021 20:15",
            "open": "24.311",
            "high": "24.311",
            "low": "24.1589",
            "close": "24.3051"
        },
        {
            "time": "16.01.2021 20:16",
            "open": "24.3051",
            "high": "24.3342",
            "low": "24.3051",
            "close": "24.3447"
        },
        {
            "time": "16.01.2021 20:17",
            "open": "24.3447",
            "high": "24.3673",
            "low": "24.3447",
            "close": "24.3034"
        },
        {
            "time": "16.01.2021 20:18",
            "open": "24.3034",
            "high": "24.3034",
            "low": "24.3034",
            "close": "24.1304"
        },
        {
            "time": "16.01.2021 20:19",
            "open": "24.1304",
            "high": "24.4",
            "low": "24.1304",
            "close": "24.1993"
        },
        {
            "time": "16.01.2021 20:20",
            "open": "24.1993",
            "high": "24.1994",
            "low": "24.1992",
            "close": "24.3"
        },
        {
            "time": "16.01.2021 20:21",
            "open": "24.3",
            "high": "24.3998",
            "low": "24.29",
            "close": "24.2902"
        },
        {
            "time": "16.01.2021 20:22",
            "open": "24.2902",
            "high": "24.2902",
            "low": "24.2331",
            "close": "24.25"
        },
        {
            "time": "16.01.2021 20:23",
            "open": "24.25",
            "high": "24.25",
            "low": "24.0759",
            "close": "24.2061"
        },
        {
            "time": "16.01.2021 20:25",
            "open": "24.2061",
            "high": "24.2061",
            "low": "24.2061",
            "close": "24.2077"
        },
        {
            "time": "16.01.2021 20:26",
            "open": "24.2077",
            "high": "24.2747",
            "low": "23.9521",
            "close": "24.2061"
        },
        {
            "time": "16.01.2021 20:27",
            "open": "24.2061",
            "high": "24.2061",
            "low": "24.2061",
            "close": "24.2548"
        },
        {
            "time": "16.01.2021 20:28",
            "open": "24.2548",
            "high": "24.2548",
            "low": "24.2548",
            "close": "24.0074"
        },
        {
            "time": "16.01.2021 20:29",
            "open": "24.0074",
            "high": "24.0074",
            "low": "24.0074",
            "close": "23.8509"
        },
        {
            "time": "16.01.2021 20:30",
            "open": "23.8509",
            "high": "23.8509",
            "low": "23.8504",
            "close": "23.8891"
        },
        {
            "time": "16.01.2021 20:36",
            "open": "23.8891",
            "high": "23.8891",
            "low": "23.85",
            "close": "23.8499"
        },
        {
            "time": "16.01.2021 20:37",
            "open": "23.8499",
            "high": "23.85",
            "low": "23.8499",
            "close": "23.9255"
        },
        {
            "time": "16.01.2021 20:39",
            "open": "23.9255",
            "high": "23.9255",
            "low": "23.7473",
            "close": "23.7473"
        },
        {
            "time": "16.01.2021 20:40",
            "open": "23.7473",
            "high": "23.7473",
            "low": "23.7333",
            "close": "23.7055"
        },
        {
            "time": "16.01.2021 20:41",
            "open": "23.7055",
            "high": "23.7055",
            "low": "23.7",
            "close": "23.711"
        },
        {
            "time": "16.01.2021 20:43",
            "open": "23.711",
            "high": "23.7315",
            "low": "23.711",
            "close": "23.7468"
        },
        {
            "time": "16.01.2021 20:44",
            "open": "23.7468",
            "high": "23.7468",
            "low": "23.7468",
            "close": "23.734"
        },
        {
            "time": "16.01.2021 20:50",
            "open": "23.734",
            "high": "23.734",
            "low": "23.5797",
            "close": "23.5858"
        },
        {
            "time": "16.01.2021 20:51",
            "open": "23.5858",
            "high": "23.5858",
            "low": "23.5",
            "close": "23.4702"
        },
        {
            "time": "16.01.2021 20:52",
            "open": "23.4702",
            "high": "23.4702",
            "low": "23.3",
            "close": "23.2692"
        },
        {
            "time": "16.01.2021 20:53",
            "open": "23.2692",
            "high": "23.6761",
            "low": "23.2692",
            "close": "23.5649"
        },
        {
            "time": "16.01.2021 20:55",
            "open": "23.5649",
            "high": "23.5649",
            "low": "23.5318",
            "close": "23.5233"
        },
        {
            "time": "16.01.2021 20:58",
            "open": "23.5233",
            "high": "23.5649",
            "low": "23.5233",
            "close": "23.564"
        },
        {
            "time": "16.01.2021 21:04",
            "open": "23.564",
            "high": "23.564",
            "low": "23.564",
            "close": "23.5541"
        },
        {
            "time": "16.01.2021 21:09",
            "open": "23.5541",
            "high": "23.5649",
            "low": "23.5541",
            "close": "23.502"
        },
        {
            "time": "16.01.2021 21:17",
            "open": "23.502",
            "high": "23.502",
            "low": "23.502",
            "close": "23.5625"
        },
        {
            "time": "16.01.2021 21:20",
            "open": "23.5625",
            "high": "23.5642",
            "low": "23.5625",
            "close": "23.2816"
        },
        {
            "time": "16.01.2021 21:25",
            "open": "23.2816",
            "high": "23.2816",
            "low": "23.2691",
            "close": "23.23"
        },
        {
            "time": "16.01.2021 21:26",
            "open": "23.23",
            "high": "23.23",
            "low": "23.23",
            "close": "23.2801"
        },
        {
            "time": "16.01.2021 21:27",
            "open": "23.2801",
            "high": "24.7898",
            "low": "23.2684",
            "close": "23.2839"
        },
        {
            "time": "16.01.2021 21:28",
            "open": "23.2839",
            "high": "23.5206",
            "low": "23.2839",
            "close": "23.3595"
        },
        {
            "time": "16.01.2021 21:29",
            "open": "23.3595",
            "high": "23.3595",
            "low": "23.3595",
            "close": "23.3595"
        },
        {
            "time": "16.01.2021 21:30",
            "open": "23.3595",
            "high": "23.3595",
            "low": "23.3595",
            "close": "23.43"
        },
        {
            "time": "16.01.2021 21:31",
            "open": "23.43",
            "high": "23.6719",
            "low": "23.43",
            "close": "23.4409"
        },
        {
            "time": "16.01.2021 21:32",
            "open": "23.4409",
            "high": "23.7129",
            "low": "23.4409",
            "close": "23.4559"
        },
        {
            "time": "16.01.2021 21:34",
            "open": "23.4559",
            "high": "23.4559",
            "low": "23.3846",
            "close": "23.4121"
        },
        {
            "time": "16.01.2021 21:37",
            "open": "23.4121",
            "high": "23.4121",
            "low": "23.3931",
            "close": "23.415"
        },
        {
            "time": "16.01.2021 21:38",
            "open": "23.415",
            "high": "23.415",
            "low": "23.3932",
            "close": "23.398"
        },
        {
            "time": "16.01.2021 21:39",
            "open": "23.398",
            "high": "23.398",
            "low": "23.3899",
            "close": "23.4456"
        },
        {
            "time": "16.01.2021 21:40",
            "open": "23.4456",
            "high": "23.4489",
            "low": "23.38",
            "close": "23.3935"
        },
        {
            "time": "16.01.2021 21:41",
            "open": "23.3935",
            "high": "23.4771",
            "low": "23.38",
            "close": "23.426"
        },
        {
            "time": "16.01.2021 21:42",
            "open": "23.426",
            "high": "23.4307",
            "low": "23.426",
            "close": "23.477"
        },
        {
            "time": "16.01.2021 21:43",
            "open": "23.477",
            "high": "23.477",
            "low": "23.477",
            "close": "23.477"
        },
        {
            "time": "16.01.2021 21:44",
            "open": "23.477",
            "high": "23.4771",
            "low": "23.477",
            "close": "23.4771"
        },
        {
            "time": "16.01.2021 21:45",
            "open": "23.4771",
            "high": "23.4771",
            "low": "23.4771",
            "close": "23.5105"
        },
        {
            "time": "16.01.2021 21:49",
            "open": "23.5105",
            "high": "23.5105",
            "low": "23.5105",
            "close": "23.6114"
        },
        {
            "time": "16.01.2021 21:53",
            "open": "23.6114",
            "high": "23.6114",
            "low": "23.6114",
            "close": "23.4799"
        },
        {
            "time": "16.01.2021 21:56",
            "open": "23.4799",
            "high": "23.48",
            "low": "23.4623",
            "close": "23.5576"
        },
        {
            "time": "16.01.2021 22:00",
            "open": "23.5576",
            "high": "23.5683",
            "low": "23.5576",
            "close": "23.4244"
        },
        {
            "time": "16.01.2021 22:03",
            "open": "23.4244",
            "high": "23.4245",
            "low": "23.4244",
            "close": "23.4325"
        },
        {
            "time": "16.01.2021 22:06",
            "open": "23.4325",
            "high": "23.4325",
            "low": "23.4323",
            "close": "23.5048"
        },
        {
            "time": "16.01.2021 22:07",
            "open": "23.5048",
            "high": "23.5048",
            "low": "23.5048",
            "close": "23.4879"
        },
        {
            "time": "16.01.2021 22:12",
            "open": "23.4879",
            "high": "23.488",
            "low": "23.4682",
            "close": "23.5042"
        },
        {
            "time": "16.01.2021 22:13",
            "open": "23.5042",
            "high": "23.5248",
            "low": "23.5003",
            "close": "23.5248"
        },
        {
            "time": "16.01.2021 22:14",
            "open": "23.5248",
            "high": "23.5248",
            "low": "23.4199",
            "close": "23.4772"
        },
        {
            "time": "16.01.2021 22:15",
            "open": "23.4772",
            "high": "23.4772",
            "low": "23.3825",
            "close": "23.3825"
        },
        {
            "time": "16.01.2021 22:16",
            "open": "23.3825",
            "high": "23.3825",
            "low": "23.3825",
            "close": "23.3499"
        },
        {
            "time": "16.01.2021 22:20",
            "open": "23.3499",
            "high": "23.3499",
            "low": "23.3499",
            "close": "23.45"
        },
        {
            "time": "16.01.2021 22:22",
            "open": "23.45",
            "high": "23.45",
            "low": "23.45",
            "close": "23.3499"
        },
        {
            "time": "16.01.2021 22:26",
            "open": "23.3499",
            "high": "23.3499",
            "low": "23.3499",
            "close": "23.2975"
        },
        {
            "time": "16.01.2021 22:28",
            "open": "23.2975",
            "high": "23.445",
            "low": "23.2827",
            "close": "23.35"
        },
        {
            "time": "16.01.2021 22:29",
            "open": "23.35",
            "high": "23.3501",
            "low": "23.35",
            "close": "23.4199"
        },
        {
            "time": "16.01.2021 22:31",
            "open": "23.4199",
            "high": "23.4199",
            "low": "23.4199",
            "close": "23.3538"
        },
        {
            "time": "16.01.2021 22:32",
            "open": "23.3538",
            "high": "23.3538",
            "low": "23.3538",
            "close": "23.29"
        },
        {
            "time": "16.01.2021 22:33",
            "open": "23.29",
            "high": "23.29",
            "low": "23.1999",
            "close": "23.2183"
        },
        {
            "time": "16.01.2021 22:34",
            "open": "23.2183",
            "high": "23.2301",
            "low": "23.2182",
            "close": "23.2189"
        },
        {
            "time": "16.01.2021 22:35",
            "open": "23.2189",
            "high": "23.2189",
            "low": "23.0997",
            "close": "23.1502"
        },
        {
            "time": "16.01.2021 22:36",
            "open": "23.1502",
            "high": "23.1502",
            "low": "23.1501",
            "close": "23.07"
        },
        {
            "time": "16.01.2021 22:37",
            "open": "23.07",
            "high": "23.07",
            "low": "23.07",
            "close": "23.1604"
        },
        {
            "time": "16.01.2021 22:38",
            "open": "23.1604",
            "high": "23.1604",
            "low": "23.1604",
            "close": "23.1384"
        },
        {
            "time": "16.01.2021 22:41",
            "open": "23.1384",
            "high": "23.1384",
            "low": "23.0311",
            "close": "23.1332"
        },
        {
            "time": "16.01.2021 22:42",
            "open": "23.1332",
            "high": "23.1341",
            "low": "23.1332",
            "close": "23.031"
        },
        {
            "time": "16.01.2021 22:47",
            "open": "23.031",
            "high": "23.1913",
            "low": "23.0284",
            "close": "23.0285"
        },
        {
            "time": "16.01.2021 22:49",
            "open": "23.0285",
            "high": "23.0285",
            "low": "23.0285",
            "close": "23.0285"
        },
        {
            "time": "16.01.2021 22:50",
            "open": "23.0285",
            "high": "23.0285",
            "low": "23.0285",
            "close": "23.0986"
        },
        {
            "time": "16.01.2021 22:51",
            "open": "23.0986",
            "high": "23.1008",
            "low": "23.0934",
            "close": "23.0285"
        },
        {
            "time": "16.01.2021 22:52",
            "open": "23.0285",
            "high": "23.0285",
            "low": "23",
            "close": "23"
        },
        {
            "time": "16.01.2021 22:53",
            "open": "23",
            "high": "23",
            "low": "22.94",
            "close": "22.8731"
        },
        {
            "time": "16.01.2021 22:54",
            "open": "22.8731",
            "high": "23.0645",
            "low": "22.8731",
            "close": "22.9504"
        },
        {
            "time": "16.01.2021 22:55",
            "open": "22.9504",
            "high": "22.9504",
            "low": "22.9362",
            "close": "22.9504"
        },
        {
            "time": "16.01.2021 22:57",
            "open": "22.9504",
            "high": "22.9504",
            "low": "22.9504",
            "close": "22.8"
        },
        {
            "time": "16.01.2021 22:59",
            "open": "22.8",
            "high": "22.8",
            "low": "22.8",
            "close": "22.7647"
        },
        {
            "time": "16.01.2021 23:00",
            "open": "22.7647",
            "high": "22.7647",
            "low": "22.7065",
            "close": "22.7647"
        },
        {
            "time": "16.01.2021 23:01",
            "open": "22.7647",
            "high": "22.8",
            "low": "22.7647",
            "close": "22.724"
        },
        {
            "time": "16.01.2021 23:04",
            "open": "22.724",
            "high": "22.724",
            "low": "22.724",
            "close": "22.724"
        },
        {
            "time": "16.01.2021 23:05",
            "open": "22.724",
            "high": "22.724",
            "low": "22.7065",
            "close": "22.7597"
        },
        {
            "time": "16.01.2021 23:06",
            "open": "22.7597",
            "high": "22.7597",
            "low": "22.6334",
            "close": "22.6334"
        },
        {
            "time": "16.01.2021 23:07",
            "open": "22.6334",
            "high": "22.6334",
            "low": "22.6334",
            "close": "22.6441"
        },
        {
            "time": "16.01.2021 23:10",
            "open": "22.6441",
            "high": "22.6441",
            "low": "22.6441",
            "close": "22.6594"
        },
        {
            "time": "16.01.2021 23:11",
            "open": "22.6594",
            "high": "22.6594",
            "low": "22.6594",
            "close": "22.6473"
        },
        {
            "time": "16.01.2021 23:13",
            "open": "22.6473",
            "high": "22.6473",
            "low": "22.6472",
            "close": "22.7047"
        },
        {
            "time": "16.01.2021 23:14",
            "open": "22.7047",
            "high": "22.7047",
            "low": "22.7047",
            "close": "22.7063"
        },
        {
            "time": "16.01.2021 23:16",
            "open": "22.7063",
            "high": "22.7063",
            "low": "22.7063",
            "close": "22.7065"
        },
        {
            "time": "16.01.2021 23:17",
            "open": "22.7065",
            "high": "22.7581",
            "low": "22.7065",
            "close": "22.7323"
        },
        {
            "time": "16.01.2021 23:20",
            "open": "22.7323",
            "high": "22.7323",
            "low": "22.7323",
            "close": "22.7324"
        },
        {
            "time": "16.01.2021 23:22",
            "open": "22.7324",
            "high": "22.9467",
            "low": "22.7324",
            "close": "22.7636"
        },
        {
            "time": "16.01.2021 23:24",
            "open": "22.7636",
            "high": "22.7636",
            "low": "22.7636",
            "close": "22.7243"
        },
        {
            "time": "16.01.2021 23:25",
            "open": "22.7243",
            "high": "22.7245",
            "low": "22.7243",
            "close": "22.6548"
        },
        {
            "time": "16.01.2021 23:29",
            "open": "22.6548",
            "high": "22.6548",
            "low": "22.57",
            "close": "22.845"
        },
        {
            "time": "16.01.2021 23:31",
            "open": "22.845",
            "high": "22.845",
            "low": "22.845",
            "close": "22.7968"
        },
        {
            "time": "16.01.2021 23:32",
            "open": "22.7968",
            "high": "22.9501",
            "low": "22.7968",
            "close": "22.9904"
        },
        {
            "time": "16.01.2021 23:33",
            "open": "22.9904",
            "high": "22.9904",
            "low": "22.9904",
            "close": "22.9904"
        },
        {
            "time": "16.01.2021 23:35",
            "open": "22.9904",
            "high": "23.0847",
            "low": "22.9904",
            "close": "23"
        },
        {
            "time": "16.01.2021 23:36",
            "open": "23",
            "high": "23",
            "low": "23",
            "close": "23.0016"
        },
        {
            "time": "16.01.2021 23:39",
            "open": "23.0016",
            "high": "23.0016",
            "low": "22.9934",
            "close": "23.0853"
        },
        {
            "time": "16.01.2021 23:44",
            "open": "23.0853",
            "high": "23.0853",
            "low": "23.0853",
            "close": "23.1169"
        },
        {
            "time": "16.01.2021 23:46",
            "open": "23.1169",
            "high": "23.1652",
            "low": "23.1169",
            "close": "23.1652"
        },
        {
            "time": "16.01.2021 23:48",
            "open": "23.1652",
            "high": "23.1652",
            "low": "23.1652",
            "close": "23.187"
        },
        {
            "time": "16.01.2021 23:50",
            "open": "23.187",
            "high": "23.187",
            "low": "23.187",
            "close": "23.1894"
        },
        {
            "time": "16.01.2021 23:51",
            "open": "23.1894",
            "high": "23.1894",
            "low": "23.1894",
            "close": "23.1634"
        }
    ]
}