{
    "NMR-EUR": [
        {
            "time": "11.11.2020 23:59",
            "open": "20.96",
            "high": "20.96",
            "low": "20.96",
            "close": "21.0013"
        },
        {
            "time": "12.11.2020 00:03",
            "open": "21.0013",
            "high": "21.0013",
            "low": "21.0013",
            "close": "20.95"
        },
        {
            "time": "12.11.2020 00:09",
            "open": "20.95",
            "high": "20.95",
            "low": "20.95",
            "close": "20.9164"
        },
        {
            "time": "12.11.2020 00:14",
            "open": "20.9164",
            "high": "20.9164",
            "low": "20.9164",
            "close": "20.7802"
        },
        {
            "time": "12.11.2020 00:16",
            "open": "20.7802",
            "high": "20.7802",
            "low": "20.7802",
            "close": "20.7606"
        },
        {
            "time": "12.11.2020 00:22",
            "open": "20.7606",
            "high": "20.7609",
            "low": "20.7606",
            "close": "20.7831"
        },
        {
            "time": "12.11.2020 00:40",
            "open": "20.7831",
            "high": "20.7831",
            "low": "20.7831",
            "close": "20.7486"
        },
        {
            "time": "12.11.2020 00:42",
            "open": "20.7486",
            "high": "20.7486",
            "low": "20.7486",
            "close": "20.8741"
        },
        {
            "time": "12.11.2020 00:51",
            "open": "20.8741",
            "high": "20.8776",
            "low": "20.8741",
            "close": "20.8167"
        },
        {
            "time": "12.11.2020 01:12",
            "open": "20.8167",
            "high": "20.8167",
            "low": "20.7116",
            "close": "20.7015"
        },
        {
            "time": "12.11.2020 01:13",
            "open": "20.7015",
            "high": "20.7015",
            "low": "20.6876",
            "close": "20.7104"
        },
        {
            "time": "12.11.2020 01:17",
            "open": "20.7104",
            "high": "20.7104",
            "low": "20.7104",
            "close": "20.7683"
        },
        {
            "time": "12.11.2020 01:19",
            "open": "20.7683",
            "high": "20.7683",
            "low": "20.7683",
            "close": "20.6724"
        },
        {
            "time": "12.11.2020 01:41",
            "open": "20.6724",
            "high": "20.6724",
            "low": "20.5749",
            "close": "20.5105"
        },
        {
            "time": "12.11.2020 01:42",
            "open": "20.5105",
            "high": "20.5105",
            "low": "20.5",
            "close": "20.45"
        },
        {
            "time": "12.11.2020 01:44",
            "open": "20.45",
            "high": "20.45",
            "low": "20.45",
            "close": "20.4631"
        },
        {
            "time": "12.11.2020 01:56",
            "open": "20.4631",
            "high": "20.4631",
            "low": "20.4631",
            "close": "20.377"
        },
        {
            "time": "12.11.2020 02:16",
            "open": "20.377",
            "high": "20.3917",
            "low": "20.377",
            "close": "20.3881"
        },
        {
            "time": "12.11.2020 02:25",
            "open": "20.3881",
            "high": "20.3881",
            "low": "20.3881",
            "close": "20.3902"
        },
        {
            "time": "12.11.2020 02:29",
            "open": "20.3902",
            "high": "20.3991",
            "low": "20.3902",
            "close": "20.5926"
        },
        {
            "time": "12.11.2020 04:21",
            "open": "20.5926",
            "high": "20.7142",
            "low": "20.5926",
            "close": "20.7459"
        },
        {
            "time": "12.11.2020 04:36",
            "open": "20.7597",
            "high": "20.7597",
            "low": "20.7597",
            "close": "20.5136"
        },
        {
            "time": "12.11.2020 05:37",
            "open": "20.5136",
            "high": "20.5136",
            "low": "20.4519",
            "close": "20.6323"
        },
        {
            "time": "12.11.2020 07:07",
            "open": "20.6323",
            "high": "20.6334",
            "low": "20.6323",
            "close": "20.696"
        },
        {
            "time": "12.11.2020 07:35",
            "open": "20.696",
            "high": "20.696",
            "low": "20.6351",
            "close": "20.6783"
        },
        {
            "time": "12.11.2020 07:36",
            "open": "20.6783",
            "high": "20.6783",
            "low": "20.6232",
            "close": "20.5729"
        },
        {
            "time": "12.11.2020 07:52",
            "open": "20.5729",
            "high": "20.5729",
            "low": "20.5729",
            "close": "20.5907"
        },
        {
            "time": "12.11.2020 08:04",
            "open": "20.5907",
            "high": "20.5907",
            "low": "20.5839",
            "close": "20.6289"
        },
        {
            "time": "12.11.2020 08:07",
            "open": "20.6289",
            "high": "20.6289",
            "low": "20.6289",
            "close": "20.816"
        },
        {
            "time": "12.11.2020 08:24",
            "open": "20.816",
            "high": "20.816",
            "low": "20.816",
            "close": "20.8496"
        },
        {
            "time": "12.11.2020 08:41",
            "open": "20.8496",
            "high": "20.8496",
            "low": "20.8496",
            "close": "20.6438"
        },
        {
            "time": "12.11.2020 09:14",
            "open": "20.6438",
            "high": "20.6438",
            "low": "20.6438",
            "close": "20.6295"
        },
        {
            "time": "12.11.2020 09:18",
            "open": "20.6295",
            "high": "20.7099",
            "low": "20.6295",
            "close": "20.6162"
        },
        {
            "time": "12.11.2020 09:35",
            "open": "20.6162",
            "high": "20.6162",
            "low": "20.6162",
            "close": "20.5842"
        },
        {
            "time": "12.11.2020 10:33",
            "open": "20.5842",
            "high": "20.5842",
            "low": "20.5842",
            "close": "20.55"
        },
        {
            "time": "12.11.2020 10:34",
            "open": "20.55",
            "high": "20.55",
            "low": "20.5247",
            "close": "20.5"
        },
        {
            "time": "12.11.2020 10:36",
            "open": "20.5",
            "high": "20.5",
            "low": "20.5",
            "close": "20.45"
        },
        {
            "time": "12.11.2020 10:41",
            "open": "20.45",
            "high": "20.45",
            "low": "20.4335",
            "close": "20.32"
        },
        {
            "time": "12.11.2020 10:50",
            "open": "20.32",
            "high": "20.32",
            "low": "20.2838",
            "close": "20.4477"
        },
        {
            "time": "12.11.2020 10:54",
            "open": "20.4477",
            "high": "20.4477",
            "low": "20.4477",
            "close": "20.4469"
        },
        {
            "time": "12.11.2020 10:57",
            "open": "20.4469",
            "high": "20.4469",
            "low": "20.4469",
            "close": "20.3792"
        },
        {
            "time": "12.11.2020 10:58",
            "open": "20.3792",
            "high": "20.3792",
            "low": "20.2819",
            "close": "20.2829"
        },
        {
            "time": "12.11.2020 11:02",
            "open": "20.2829",
            "high": "20.2829",
            "low": "20.2829",
            "close": "20.2829"
        },
        {
            "time": "12.11.2020 11:03",
            "open": "20.2829",
            "high": "20.3494",
            "low": "20.2829",
            "close": "20.3485"
        },
        {
            "time": "12.11.2020 11:07",
            "open": "20.3485",
            "high": "20.3485",
            "low": "20.3485",
            "close": "20.3391"
        },
        {
            "time": "12.11.2020 11:08",
            "open": "20.3391",
            "high": "20.3391",
            "low": "20.3391",
            "close": "20.3272"
        },
        {
            "time": "12.11.2020 11:11",
            "open": "20.3272",
            "high": "20.3272",
            "low": "20.3272",
            "close": "20.3371"
        },
        {
            "time": "12.11.2020 11:12",
            "open": "20.3371",
            "high": "20.3373",
            "low": "20.2993",
            "close": "20.3192"
        },
        {
            "time": "12.11.2020 11:14",
            "open": "20.3192",
            "high": "20.3192",
            "low": "20.3192",
            "close": "20.2758"
        },
        {
            "time": "12.11.2020 11:15",
            "open": "20.2758",
            "high": "20.2758",
            "low": "20.2758",
            "close": "20.2462"
        },
        {
            "time": "12.11.2020 11:16",
            "open": "20.2462",
            "high": "20.2463",
            "low": "20.2001",
            "close": "20.2"
        },
        {
            "time": "12.11.2020 11:18",
            "open": "20.2",
            "high": "20.2",
            "low": "20.2",
            "close": "20.1751"
        },
        {
            "time": "12.11.2020 11:20",
            "open": "20.1751",
            "high": "20.1752",
            "low": "20.1751",
            "close": "20.1819"
        },
        {
            "time": "12.11.2020 11:21",
            "open": "20.1819",
            "high": "20.1822",
            "low": "20.1735",
            "close": "20.2047"
        },
        {
            "time": "12.11.2020 11:22",
            "open": "20.2047",
            "high": "20.2153",
            "low": "20.2047",
            "close": "20.5881"
        },
        {
            "time": "12.11.2020 11:27",
            "open": "20.5881",
            "high": "20.5881",
            "low": "20.5881",
            "close": "20.5759"
        },
        {
            "time": "12.11.2020 11:28",
            "open": "20.5759",
            "high": "20.5759",
            "low": "20.5759",
            "close": "20.65"
        },
        {
            "time": "12.11.2020 11:30",
            "open": "20.65",
            "high": "20.6593",
            "low": "20.65",
            "close": "20.5"
        },
        {
            "time": "12.11.2020 11:31",
            "open": "20.5",
            "high": "20.5",
            "low": "20.3791",
            "close": "20.2873"
        },
        {
            "time": "12.11.2020 11:38",
            "open": "20.2873",
            "high": "20.2895",
            "low": "20.2873",
            "close": "20.2782"
        },
        {
            "time": "12.11.2020 11:48",
            "open": "20.2782",
            "high": "20.2814",
            "low": "20.2782",
            "close": "20.2461"
        },
        {
            "time": "12.11.2020 11:49",
            "open": "20.2461",
            "high": "20.2461",
            "low": "20.2461",
            "close": "20.2247"
        },
        {
            "time": "12.11.2020 11:51",
            "open": "20.2247",
            "high": "20.2247",
            "low": "20.1999",
            "close": "20.2239"
        },
        {
            "time": "12.11.2020 11:53",
            "open": "20.2239",
            "high": "20.2239",
            "low": "20.1657",
            "close": "20.2003"
        },
        {
            "time": "12.11.2020 11:56",
            "open": "20.2003",
            "high": "20.2003",
            "low": "20.2003",
            "close": "20.2003"
        },
        {
            "time": "12.11.2020 11:57",
            "open": "20.2003",
            "high": "20.2003",
            "low": "20.1375",
            "close": "20.1415"
        },
        {
            "time": "12.11.2020 11:58",
            "open": "20.1415",
            "high": "20.1415",
            "low": "20.1415",
            "close": "20.166"
        },
        {
            "time": "12.11.2020 12:01",
            "open": "20.166",
            "high": "20.166",
            "low": "20.166",
            "close": "20.2748"
        },
        {
            "time": "12.11.2020 12:08",
            "open": "20.2748",
            "high": "20.2748",
            "low": "20.2748",
            "close": "20.4786"
        },
        {
            "time": "12.11.2020 12:23",
            "open": "20.4786",
            "high": "20.4787",
            "low": "20.4786",
            "close": "20.4788"
        },
        {
            "time": "12.11.2020 12:24",
            "open": "20.4788",
            "high": "20.5366",
            "low": "20.4788",
            "close": "20.4514"
        },
        {
            "time": "12.11.2020 12:35",
            "open": "20.4514",
            "high": "20.4514",
            "low": "20.4514",
            "close": "20.4115"
        },
        {
            "time": "12.11.2020 12:46",
            "open": "20.4115",
            "high": "20.4115",
            "low": "20.4027",
            "close": "20.4027"
        },
        {
            "time": "12.11.2020 12:47",
            "open": "20.4027",
            "high": "20.4027",
            "low": "20.3971",
            "close": "20.4125"
        },
        {
            "time": "12.11.2020 12:53",
            "open": "20.4125",
            "high": "20.4125",
            "low": "20.3786",
            "close": "20.4495"
        },
        {
            "time": "12.11.2020 12:55",
            "open": "20.4495",
            "high": "20.4495",
            "low": "20.4019",
            "close": "20.3037"
        },
        {
            "time": "12.11.2020 13:07",
            "open": "20.3037",
            "high": "20.3037",
            "low": "20.3037",
            "close": "20.2431"
        },
        {
            "time": "12.11.2020 13:08",
            "open": "20.243",
            "high": "20.243",
            "low": "20.243",
            "close": "20.2906"
        },
        {
            "time": "12.11.2020 13:09",
            "open": "20.2906",
            "high": "20.3032",
            "low": "20.2906",
            "close": "20.2903"
        },
        {
            "time": "12.11.2020 13:12",
            "open": "20.2903",
            "high": "20.2903",
            "low": "20.2903",
            "close": "20.203"
        },
        {
            "time": "12.11.2020 13:20",
            "open": "20.203",
            "high": "20.203",
            "low": "20.1926",
            "close": "20.2211"
        },
        {
            "time": "12.11.2020 13:23",
            "open": "20.2211",
            "high": "20.2211",
            "low": "20.2211",
            "close": "20.2462"
        },
        {
            "time": "12.11.2020 13:24",
            "open": "20.2462",
            "high": "20.2462",
            "low": "20.2462",
            "close": "20.2969"
        },
        {
            "time": "12.11.2020 13:43",
            "open": "20.2969",
            "high": "20.2983",
            "low": "20.2969",
            "close": "20.3325"
        },
        {
            "time": "12.11.2020 13:49",
            "open": "20.3325",
            "high": "20.3518",
            "low": "20.3325",
            "close": "20.4216"
        },
        {
            "time": "12.11.2020 13:50",
            "open": "20.4216",
            "high": "20.4229",
            "low": "20.4216",
            "close": "20.4449"
        },
        {
            "time": "12.11.2020 13:58",
            "open": "20.4449",
            "high": "20.4449",
            "low": "20.4449",
            "close": "20.4754"
        },
        {
            "time": "12.11.2020 13:59",
            "open": "20.4754",
            "high": "20.5749",
            "low": "20.4754",
            "close": "20.6593"
        },
        {
            "time": "12.11.2020 14:00",
            "open": "20.6593",
            "high": "20.6593",
            "low": "20.6593",
            "close": "20.6602"
        },
        {
            "time": "12.11.2020 14:01",
            "open": "20.6602",
            "high": "20.6602",
            "low": "20.6559",
            "close": "20.4496"
        },
        {
            "time": "12.11.2020 14:55",
            "open": "20.4496",
            "high": "20.4496",
            "low": "20.4496",
            "close": "20.4417"
        },
        {
            "time": "12.11.2020 15:10",
            "open": "20.4417",
            "high": "20.4417",
            "low": "20.4417",
            "close": "20.4989"
        },
        {
            "time": "12.11.2020 15:13",
            "open": "20.4989",
            "high": "20.4989",
            "low": "20.4989",
            "close": "20.4607"
        },
        {
            "time": "12.11.2020 15:14",
            "open": "20.4607",
            "high": "20.4703",
            "low": "20.4607",
            "close": "20.4703"
        },
        {
            "time": "12.11.2020 15:22",
            "open": "20.4703",
            "high": "20.4703",
            "low": "20.4703",
            "close": "20.4458"
        },
        {
            "time": "12.11.2020 15:29",
            "open": "20.4458",
            "high": "20.4744",
            "low": "20.4184",
            "close": "20.39"
        },
        {
            "time": "12.11.2020 15:30",
            "open": "20.39",
            "high": "20.39",
            "low": "20.39",
            "close": "20.3717"
        },
        {
            "time": "12.11.2020 15:33",
            "open": "20.3717",
            "high": "20.3717",
            "low": "20.3717",
            "close": "20.307"
        },
        {
            "time": "12.11.2020 15:35",
            "open": "20.307",
            "high": "20.307",
            "low": "20.307",
            "close": "20.3327"
        },
        {
            "time": "12.11.2020 15:36",
            "open": "20.3327",
            "high": "20.3327",
            "low": "20.316",
            "close": "20.3478"
        },
        {
            "time": "12.11.2020 15:42",
            "open": "20.3478",
            "high": "20.3593",
            "low": "20.3478",
            "close": "20.4101"
        },
        {
            "time": "12.11.2020 15:45",
            "open": "20.4101",
            "high": "20.411",
            "low": "20.4101",
            "close": "20.3976"
        },
        {
            "time": "12.11.2020 15:46",
            "open": "20.3976",
            "high": "20.3976",
            "low": "20.3976",
            "close": "20.444"
        },
        {
            "time": "12.11.2020 15:49",
            "open": "20.444",
            "high": "20.444",
            "low": "20.444",
            "close": "20.4767"
        },
        {
            "time": "12.11.2020 15:50",
            "open": "20.4767",
            "high": "20.4767",
            "low": "20.4767",
            "close": "20.3225"
        },
        {
            "time": "12.11.2020 16:13",
            "open": "20.3225",
            "high": "20.3225",
            "low": "20.3225",
            "close": "20.3217"
        },
        {
            "time": "12.11.2020 16:15",
            "open": "20.3217",
            "high": "20.3541",
            "low": "20.3217",
            "close": "20.3522"
        },
        {
            "time": "12.11.2020 16:16",
            "open": "20.3522",
            "high": "20.375",
            "low": "20.3522",
            "close": "20.3827"
        },
        {
            "time": "12.11.2020 16:19",
            "open": "20.3827",
            "high": "20.3827",
            "low": "20.3827",
            "close": "20.416"
        },
        {
            "time": "12.11.2020 16:26",
            "open": "20.416",
            "high": "20.421",
            "low": "20.416",
            "close": "20.2831"
        },
        {
            "time": "12.11.2020 16:58",
            "open": "20.2831",
            "high": "20.2831",
            "low": "20.2464",
            "close": "20.3462"
        },
        {
            "time": "12.11.2020 17:36",
            "open": "20.3462",
            "high": "20.3784",
            "low": "20.3462",
            "close": "20.3745"
        },
        {
            "time": "12.11.2020 18:03",
            "open": "20.3745",
            "high": "20.3745",
            "low": "20.3745",
            "close": "20.3095"
        },
        {
            "time": "12.11.2020 18:13",
            "open": "20.3095",
            "high": "20.3122",
            "low": "20.3095",
            "close": "20.3103"
        },
        {
            "time": "12.11.2020 18:16",
            "open": "20.3103",
            "high": "20.3103",
            "low": "20.3103",
            "close": "20.303"
        },
        {
            "time": "12.11.2020 18:18",
            "open": "20.303",
            "high": "20.303",
            "low": "20.303",
            "close": "20.33"
        },
        {
            "time": "12.11.2020 18:40",
            "open": "20.33",
            "high": "20.33",
            "low": "20.33",
            "close": "20.3895"
        },
        {
            "time": "12.11.2020 19:17",
            "open": "20.3895",
            "high": "20.3895",
            "low": "20.3895",
            "close": "20.5601"
        },
        {
            "time": "12.11.2020 20:16",
            "open": "20.5601",
            "high": "20.5601",
            "low": "20.5601",
            "close": "20.4806"
        },
        {
            "time": "12.11.2020 20:25",
            "open": "20.4806",
            "high": "20.4806",
            "low": "20.4806",
            "close": "20.4806"
        },
        {
            "time": "12.11.2020 20:48",
            "open": "20.4806",
            "high": "20.4806",
            "low": "20.4806",
            "close": "20.7053"
        },
        {
            "time": "12.11.2020 20:54",
            "open": "20.7053",
            "high": "20.7053",
            "low": "20.7053",
            "close": "20.7911"
        },
        {
            "time": "12.11.2020 20:55",
            "open": "20.7911",
            "high": "20.7911",
            "low": "20.7205",
            "close": "20.3895"
        },
        {
            "time": "12.11.2020 21:40",
            "open": "20.3895",
            "high": "20.3895",
            "low": "20.3895",
            "close": "20.3035"
        },
        {
            "time": "12.11.2020 21:47",
            "open": "20.3035",
            "high": "20.3035",
            "low": "20.2461",
            "close": "20.1936"
        },
        {
            "time": "12.11.2020 21:58",
            "open": "20.1936",
            "high": "20.21",
            "low": "20.1936",
            "close": "20.2636"
        },
        {
            "time": "12.11.2020 22:00",
            "open": "20.2636",
            "high": "20.2636",
            "low": "20.2636",
            "close": "20.377"
        },
        {
            "time": "12.11.2020 22:08",
            "open": "20.377",
            "high": "20.377",
            "low": "20.377",
            "close": "20.2722"
        },
        {
            "time": "12.11.2020 22:27",
            "open": "20.2722",
            "high": "20.2722",
            "low": "20.2722",
            "close": "20.2118"
        },
        {
            "time": "12.11.2020 22:29",
            "open": "20.2118",
            "high": "20.2118",
            "low": "20.0314",
            "close": "20.0613"
        },
        {
            "time": "12.11.2020 22:30",
            "open": "20.0613",
            "high": "20.1155",
            "low": "20.0613",
            "close": "20.1985"
        },
        {
            "time": "12.11.2020 22:31",
            "open": "20.1985",
            "high": "20.1985",
            "low": "20.1985",
            "close": "20.1985"
        },
        {
            "time": "12.11.2020 22:33",
            "open": "20.1985",
            "high": "20.1985",
            "low": "20.1985",
            "close": "20.1494"
        },
        {
            "time": "12.11.2020 22:34",
            "open": "20.1494",
            "high": "20.1494",
            "low": "20.1494",
            "close": "20.1104"
        },
        {
            "time": "12.11.2020 22:36",
            "open": "20.1104",
            "high": "20.1104",
            "low": "20.1104",
            "close": "20.1193"
        },
        {
            "time": "12.11.2020 22:37",
            "open": "20.1193",
            "high": "20.1193",
            "low": "20.1193",
            "close": "20.0447"
        },
        {
            "time": "12.11.2020 22:39",
            "open": "20.0447",
            "high": "20.0514",
            "low": "20.0421",
            "close": "20.0514"
        },
        {
            "time": "12.11.2020 22:40",
            "open": "20.0514",
            "high": "20.0514",
            "low": "20.0325",
            "close": "20.0325"
        },
        {
            "time": "12.11.2020 22:41",
            "open": "20.0325",
            "high": "20.0325",
            "low": "20.0325",
            "close": "20.0777"
        },
        {
            "time": "12.11.2020 22:42",
            "open": "20.0777",
            "high": "20.0932",
            "low": "20.0777",
            "close": "20.0657"
        },
        {
            "time": "12.11.2020 22:44",
            "open": "20.0657",
            "high": "20.0657",
            "low": "20",
            "close": "19.9999"
        },
        {
            "time": "12.11.2020 22:47",
            "open": "19.9999",
            "high": "20.0236",
            "low": "19.98",
            "close": "19.9843"
        },
        {
            "time": "12.11.2020 22:49",
            "open": "19.9843",
            "high": "20",
            "low": "19.9843",
            "close": "19.95"
        },
        {
            "time": "12.11.2020 22:50",
            "open": "19.95",
            "high": "19.95",
            "low": "19.95",
            "close": "19.9499"
        },
        {
            "time": "12.11.2020 22:51",
            "open": "19.9499",
            "high": "19.9499",
            "low": "19.9499",
            "close": "19.9499"
        },
        {
            "time": "12.11.2020 22:52",
            "open": "19.9499",
            "high": "20",
            "low": "19.9499",
            "close": "20.02"
        },
        {
            "time": "12.11.2020 22:53",
            "open": "20.02",
            "high": "20.02",
            "low": "20.02",
            "close": "20.033"
        },
        {
            "time": "12.11.2020 22:55",
            "open": "20.033",
            "high": "20.033",
            "low": "20.033",
            "close": "20.3719"
        },
        {
            "time": "12.11.2020 22:57",
            "open": "20.3719",
            "high": "20.3719",
            "low": "20.1862",
            "close": "20.1862"
        },
        {
            "time": "12.11.2020 22:58",
            "open": "20.1862",
            "high": "20.1862",
            "low": "20.1862",
            "close": "20.1138"
        },
        {
            "time": "12.11.2020 22:59",
            "open": "20.1138",
            "high": "20.1138",
            "low": "20.1107",
            "close": "20.1093"
        },
        {
            "time": "12.11.2020 23:00",
            "open": "20.1093",
            "high": "20.1093",
            "low": "20.0001",
            "close": "20.0003"
        },
        {
            "time": "12.11.2020 23:01",
            "open": "20.0003",
            "high": "20.0003",
            "low": "20.0001",
            "close": "20.044"
        },
        {
            "time": "12.11.2020 23:19",
            "open": "20.044",
            "high": "20.044",
            "low": "20.0438",
            "close": "20.1098"
        },
        {
            "time": "12.11.2020 23:24",
            "open": "20.1098",
            "high": "20.1098",
            "low": "20.1",
            "close": "20"
        },
        {
            "time": "12.11.2020 23:34",
            "open": "20",
            "high": "20",
            "low": "20",
            "close": "20"
        },
        {
            "time": "12.11.2020 23:36",
            "open": "20",
            "high": "20.1025",
            "low": "20",
            "close": "20.0869"
        },
        {
            "time": "12.11.2020 23:54",
            "open": "20.0869",
            "high": "20.0869",
            "low": "20.0853",
            "close": "20.0856"
        },
        {
            "time": "12.11.2020 23:56",
            "open": "20.0856",
            "high": "20.0856",
            "low": "20.0856",
            "close": "20.1025"
        }
    ]
}