{
    "NMR-EUR": [
        {
            "time": "14.11.2020 23:42",
            "open": "20.6004",
            "high": "20.6032",
            "low": "20.6004",
            "close": "20.6834"
        },
        {
            "time": "15.11.2020 00:33",
            "open": "20.6834",
            "high": "20.6834",
            "low": "20.6559",
            "close": "20.5263"
        },
        {
            "time": "15.11.2020 00:38",
            "open": "20.5263",
            "high": "20.5263",
            "low": "20.5182",
            "close": "20.5448"
        },
        {
            "time": "15.11.2020 00:39",
            "open": "20.5448",
            "high": "20.5448",
            "low": "20.5448",
            "close": "20.5407"
        },
        {
            "time": "15.11.2020 00:40",
            "open": "20.5407",
            "high": "20.5407",
            "low": "20.5407",
            "close": "20.5352"
        },
        {
            "time": "15.11.2020 00:43",
            "open": "20.5352",
            "high": "20.5352",
            "low": "20.5352",
            "close": "20.5392"
        },
        {
            "time": "15.11.2020 00:44",
            "open": "20.5392",
            "high": "20.5392",
            "low": "20.5392",
            "close": "20.5237"
        },
        {
            "time": "15.11.2020 00:45",
            "open": "20.5237",
            "high": "20.5237",
            "low": "20.5237",
            "close": "20.5"
        },
        {
            "time": "15.11.2020 00:56",
            "open": "20.5",
            "high": "20.5",
            "low": "20.5",
            "close": "20.4432"
        },
        {
            "time": "15.11.2020 01:18",
            "open": "20.4432",
            "high": "20.4432",
            "low": "20.4423",
            "close": "20.415"
        },
        {
            "time": "15.11.2020 01:20",
            "open": "20.415",
            "high": "20.415",
            "low": "20.415",
            "close": "20.3877"
        },
        {
            "time": "15.11.2020 01:40",
            "open": "20.3877",
            "high": "20.3877",
            "low": "20.3877",
            "close": "20.3424"
        },
        {
            "time": "15.11.2020 01:51",
            "open": "20.3424",
            "high": "20.3424",
            "low": "20.3422",
            "close": "20.3849"
        },
        {
            "time": "15.11.2020 02:07",
            "open": "20.3849",
            "high": "20.3849",
            "low": "20.3849",
            "close": "20.4987"
        },
        {
            "time": "15.11.2020 03:06",
            "open": "20.4987",
            "high": "20.4987",
            "low": "20.4987",
            "close": "20.551"
        },
        {
            "time": "15.11.2020 03:07",
            "open": "20.551",
            "high": "20.9745",
            "low": "20.2989",
            "close": "20.8638"
        },
        {
            "time": "15.11.2020 03:09",
            "open": "20.8638",
            "high": "21.07",
            "low": "20.8638",
            "close": "20.9974"
        },
        {
            "time": "15.11.2020 03:11",
            "open": "20.9974",
            "high": "20.9974",
            "low": "20.9578",
            "close": "20.8647"
        },
        {
            "time": "15.11.2020 03:15",
            "open": "20.8647",
            "high": "20.8647",
            "low": "20.8499",
            "close": "20.7855"
        },
        {
            "time": "15.11.2020 03:18",
            "open": "20.7855",
            "high": "20.7855",
            "low": "20.7748",
            "close": "20.5749"
        },
        {
            "time": "15.11.2020 03:19",
            "open": "20.5749",
            "high": "20.5749",
            "low": "20.5174",
            "close": "20.4643"
        },
        {
            "time": "15.11.2020 03:20",
            "open": "20.4643",
            "high": "20.4643",
            "low": "20.4625",
            "close": "20.691"
        },
        {
            "time": "15.11.2020 03:43",
            "open": "20.691",
            "high": "20.7378",
            "low": "20.691",
            "close": "20.7111"
        },
        {
            "time": "15.11.2020 03:46",
            "open": "20.7111",
            "high": "20.7111",
            "low": "20.7111",
            "close": "20.5903"
        },
        {
            "time": "15.11.2020 03:47",
            "open": "20.5903",
            "high": "20.5903",
            "low": "20.5903",
            "close": "20.78"
        },
        {
            "time": "15.11.2020 03:48",
            "open": "20.78",
            "high": "20.78",
            "low": "20.78",
            "close": "20.928"
        },
        {
            "time": "15.11.2020 03:49",
            "open": "20.928",
            "high": "20.928",
            "low": "20.9216",
            "close": "20.5757"
        },
        {
            "time": "15.11.2020 03:50",
            "open": "20.5757",
            "high": "20.9948",
            "low": "20.5757",
            "close": "20.5749"
        },
        {
            "time": "15.11.2020 03:51",
            "open": "20.5749",
            "high": "20.5749",
            "low": "20.5749",
            "close": "20.5179"
        },
        {
            "time": "15.11.2020 03:52",
            "open": "20.5179",
            "high": "20.5179",
            "low": "20.5174",
            "close": "20.4252"
        },
        {
            "time": "15.11.2020 03:53",
            "open": "20.4252",
            "high": "20.5432",
            "low": "20.4252",
            "close": "20.9283"
        },
        {
            "time": "15.11.2020 03:56",
            "open": "20.9283",
            "high": "20.9283",
            "low": "20.8022",
            "close": "20.6754"
        },
        {
            "time": "15.11.2020 03:59",
            "open": "20.6754",
            "high": "20.6754",
            "low": "20.6754",
            "close": "20.6195"
        },
        {
            "time": "15.11.2020 04:02",
            "open": "20.6195",
            "high": "20.6195",
            "low": "20.4112",
            "close": "20.4593"
        },
        {
            "time": "15.11.2020 04:12",
            "open": "20.4593",
            "high": "20.4593",
            "low": "20.4593",
            "close": "20.4024"
        },
        {
            "time": "15.11.2020 05:15",
            "open": "20.4024",
            "high": "20.4024",
            "low": "20.4024",
            "close": "20.32"
        },
        {
            "time": "15.11.2020 05:51",
            "open": "20.32",
            "high": "20.32",
            "low": "20.32",
            "close": "20.3125"
        },
        {
            "time": "15.11.2020 06:55",
            "open": "20.3125",
            "high": "20.3125",
            "low": "20.262",
            "close": "20.262"
        },
        {
            "time": "15.11.2020 06:57",
            "open": "20.262",
            "high": "20.262",
            "low": "20.262",
            "close": "20.2461"
        },
        {
            "time": "15.11.2020 06:58",
            "open": "20.2461",
            "high": "20.2461",
            "low": "20.2461",
            "close": "20.2425"
        },
        {
            "time": "15.11.2020 07:24",
            "open": "20.2425",
            "high": "20.2425",
            "low": "20.2425",
            "close": "20.4335"
        },
        {
            "time": "15.11.2020 07:48",
            "open": "20.4335",
            "high": "20.4403",
            "low": "20.4335",
            "close": "20.4403"
        },
        {
            "time": "15.11.2020 07:56",
            "open": "20.4403",
            "high": "20.4405",
            "low": "20.4403",
            "close": "20.3677"
        },
        {
            "time": "15.11.2020 08:06",
            "open": "20.3677",
            "high": "20.3803",
            "low": "20.3677",
            "close": "20.34"
        },
        {
            "time": "15.11.2020 08:25",
            "open": "20.34",
            "high": "20.34",
            "low": "20.34",
            "close": "20.3664"
        },
        {
            "time": "15.11.2020 08:41",
            "open": "20.3664",
            "high": "20.3987",
            "low": "20.3664",
            "close": "20.3881"
        },
        {
            "time": "15.11.2020 08:42",
            "open": "20.3881",
            "high": "20.4506",
            "low": "20.3881",
            "close": "20.396"
        },
        {
            "time": "15.11.2020 08:45",
            "open": "20.396",
            "high": "20.396",
            "low": "20.396",
            "close": "20.52"
        },
        {
            "time": "15.11.2020 09:37",
            "open": "20.52",
            "high": "20.5387",
            "low": "20.52",
            "close": "20.526"
        },
        {
            "time": "15.11.2020 09:38",
            "open": "20.526",
            "high": "20.526",
            "low": "20.526",
            "close": "20.526"
        },
        {
            "time": "15.11.2020 09:44",
            "open": "20.526",
            "high": "20.526",
            "low": "20.526",
            "close": "20.4878"
        },
        {
            "time": "15.11.2020 09:53",
            "open": "20.4878",
            "high": "20.4878",
            "low": "20.4878",
            "close": "20.4964"
        },
        {
            "time": "15.11.2020 10:04",
            "open": "20.4964",
            "high": "20.4966",
            "low": "20.4964",
            "close": "20.4599"
        },
        {
            "time": "15.11.2020 10:23",
            "open": "20.4599",
            "high": "20.4951",
            "low": "20.4599",
            "close": "20.4296"
        },
        {
            "time": "15.11.2020 10:37",
            "open": "20.4296",
            "high": "20.5",
            "low": "20.4296",
            "close": "20.4367"
        },
        {
            "time": "15.11.2020 10:39",
            "open": "20.4367",
            "high": "20.4367",
            "low": "20.4367",
            "close": "20.3831"
        },
        {
            "time": "15.11.2020 10:48",
            "open": "20.3831",
            "high": "20.4457",
            "low": "20.3831",
            "close": "20.4145"
        },
        {
            "time": "15.11.2020 11:27",
            "open": "20.4145",
            "high": "20.4145",
            "low": "20.4145",
            "close": "20.3122"
        },
        {
            "time": "15.11.2020 12:06",
            "open": "20.3122",
            "high": "20.3122",
            "low": "20.3122",
            "close": "20.3535"
        },
        {
            "time": "15.11.2020 12:16",
            "open": "20.3535",
            "high": "20.3535",
            "low": "20.3219",
            "close": "20.2664"
        },
        {
            "time": "15.11.2020 13:00",
            "open": "20.2664",
            "high": "20.2664",
            "low": "20.2557",
            "close": "20.2718"
        },
        {
            "time": "15.11.2020 13:01",
            "open": "20.2718",
            "high": "20.272",
            "low": "20.2718",
            "close": "20.2375"
        },
        {
            "time": "15.11.2020 13:02",
            "open": "20.2375",
            "high": "20.2375",
            "low": "20.2375",
            "close": "20.22"
        },
        {
            "time": "15.11.2020 13:09",
            "open": "20.22",
            "high": "20.2626",
            "low": "20.22",
            "close": "20.2577"
        },
        {
            "time": "15.11.2020 13:11",
            "open": "20.2577",
            "high": "20.2667",
            "low": "20.2577",
            "close": "20.2411"
        },
        {
            "time": "15.11.2020 13:18",
            "open": "20.2411",
            "high": "20.2452",
            "low": "20.2411",
            "close": "20.221"
        },
        {
            "time": "15.11.2020 13:21",
            "open": "20.221",
            "high": "20.2245",
            "low": "20.221",
            "close": "20.28"
        },
        {
            "time": "15.11.2020 13:29",
            "open": "20.28",
            "high": "20.28",
            "low": "20.28",
            "close": "20.2745"
        },
        {
            "time": "15.11.2020 13:32",
            "open": "20.2745",
            "high": "20.2745",
            "low": "20.2745",
            "close": "20.3932"
        },
        {
            "time": "15.11.2020 13:46",
            "open": "20.3932",
            "high": "20.3932",
            "low": "20.3932",
            "close": "20.3019"
        },
        {
            "time": "15.11.2020 14:02",
            "open": "20.3019",
            "high": "20.3019",
            "low": "20.3019",
            "close": "20.3803"
        },
        {
            "time": "15.11.2020 14:40",
            "open": "20.3803",
            "high": "20.3803",
            "low": "20.3803",
            "close": "20.3864"
        },
        {
            "time": "15.11.2020 14:57",
            "open": "20.3864",
            "high": "20.3864",
            "low": "20.3864",
            "close": "20.3149"
        },
        {
            "time": "15.11.2020 15:47",
            "open": "20.3149",
            "high": "20.3149",
            "low": "20.3148",
            "close": "20.4639"
        },
        {
            "time": "15.11.2020 16:32",
            "open": "20.4639",
            "high": "20.4639",
            "low": "20.4639",
            "close": "20.5014"
        },
        {
            "time": "15.11.2020 16:37",
            "open": "20.5014",
            "high": "20.5016",
            "low": "20.5014",
            "close": "20.4744"
        },
        {
            "time": "15.11.2020 16:41",
            "open": "20.4744",
            "high": "20.4744",
            "low": "20.4744",
            "close": "20.3895"
        },
        {
            "time": "15.11.2020 16:49",
            "open": "20.3895",
            "high": "20.3947",
            "low": "20.3875",
            "close": "20.38"
        },
        {
            "time": "15.11.2020 17:04",
            "open": "20.38",
            "high": "20.38",
            "low": "20.38",
            "close": "20.355"
        },
        {
            "time": "15.11.2020 17:16",
            "open": "20.355",
            "high": "20.355",
            "low": "20.355",
            "close": "20.4165"
        },
        {
            "time": "15.11.2020 18:09",
            "open": "20.4165",
            "high": "20.4165",
            "low": "20.4165",
            "close": "20.4"
        },
        {
            "time": "15.11.2020 18:24",
            "open": "20.4",
            "high": "20.4",
            "low": "20.4",
            "close": "20.3534"
        },
        {
            "time": "15.11.2020 18:30",
            "open": "20.3534",
            "high": "20.3534",
            "low": "20.3534",
            "close": "20.3201"
        },
        {
            "time": "15.11.2020 18:35",
            "open": "20.3201",
            "high": "20.3201",
            "low": "20.2411",
            "close": "20.31"
        },
        {
            "time": "15.11.2020 18:37",
            "open": "20.31",
            "high": "20.31",
            "low": "20.3024",
            "close": "20.3101"
        },
        {
            "time": "15.11.2020 18:38",
            "open": "20.3101",
            "high": "20.3426",
            "low": "20.3067",
            "close": "20.3082"
        },
        {
            "time": "15.11.2020 18:39",
            "open": "20.3082",
            "high": "20.3187",
            "low": "20.3082",
            "close": "20.3648"
        },
        {
            "time": "15.11.2020 18:45",
            "open": "20.3648",
            "high": "20.3648",
            "low": "20.3648",
            "close": "20.3295"
        },
        {
            "time": "15.11.2020 18:48",
            "open": "20.3295",
            "high": "20.3295",
            "low": "20.3257",
            "close": "20.3274"
        },
        {
            "time": "15.11.2020 18:49",
            "open": "20.3274",
            "high": "20.3343",
            "low": "20.3274",
            "close": "20.3257"
        },
        {
            "time": "15.11.2020 18:50",
            "open": "20.3257",
            "high": "20.3541",
            "low": "20.3257",
            "close": "20.3986"
        },
        {
            "time": "15.11.2020 18:51",
            "open": "20.3986",
            "high": "20.4199",
            "low": "20.3986",
            "close": "20.4799"
        },
        {
            "time": "15.11.2020 18:52",
            "open": "20.4799",
            "high": "20.4799",
            "low": "20.4799",
            "close": "20.5321"
        },
        {
            "time": "15.11.2020 18:53",
            "open": "20.5321",
            "high": "20.5351",
            "low": "20.454",
            "close": "20.6135"
        },
        {
            "time": "15.11.2020 18:57",
            "open": "20.6135",
            "high": "20.6135",
            "low": "20.6125",
            "close": "20.5255"
        },
        {
            "time": "15.11.2020 19:03",
            "open": "20.5255",
            "high": "20.5255",
            "low": "20.4999",
            "close": "20.5369"
        },
        {
            "time": "15.11.2020 19:08",
            "open": "20.5369",
            "high": "20.5369",
            "low": "20.5301",
            "close": "20.443"
        },
        {
            "time": "15.11.2020 19:09",
            "open": "20.443",
            "high": "20.443",
            "low": "20.4073",
            "close": "20.4432"
        },
        {
            "time": "15.11.2020 19:11",
            "open": "20.4432",
            "high": "20.4432",
            "low": "20.4186",
            "close": "20.4925"
        },
        {
            "time": "15.11.2020 19:12",
            "open": "20.4925",
            "high": "20.4925",
            "low": "20.4925",
            "close": "20.568"
        },
        {
            "time": "15.11.2020 19:16",
            "open": "20.568",
            "high": "20.5741",
            "low": "20.568",
            "close": "20.5673"
        },
        {
            "time": "15.11.2020 19:17",
            "open": "20.5673",
            "high": "20.6672",
            "low": "20.5673",
            "close": "20.6714"
        },
        {
            "time": "15.11.2020 19:18",
            "open": "20.6714",
            "high": "20.6714",
            "low": "20.6714",
            "close": "20.6653"
        },
        {
            "time": "15.11.2020 19:19",
            "open": "20.6653",
            "high": "20.6653",
            "low": "20.6653",
            "close": "20.6709"
        },
        {
            "time": "15.11.2020 19:20",
            "open": "20.6709",
            "high": "20.6709",
            "low": "20.6709",
            "close": "20.6421"
        },
        {
            "time": "15.11.2020 19:23",
            "open": "20.6421",
            "high": "20.69",
            "low": "20.6306",
            "close": "20.6491"
        },
        {
            "time": "15.11.2020 19:24",
            "open": "20.6491",
            "high": "20.6768",
            "low": "20.6491",
            "close": "20.6966"
        },
        {
            "time": "15.11.2020 19:25",
            "open": "20.6966",
            "high": "20.6967",
            "low": "20.6828",
            "close": "20.7167"
        },
        {
            "time": "15.11.2020 19:26",
            "open": "20.7167",
            "high": "20.7167",
            "low": "20.6778",
            "close": "20.7201"
        },
        {
            "time": "15.11.2020 19:29",
            "open": "20.7201",
            "high": "20.7315",
            "low": "20.7201",
            "close": "20.6821"
        },
        {
            "time": "15.11.2020 19:30",
            "open": "20.6821",
            "high": "20.7218",
            "low": "20.6821",
            "close": "20.7196"
        },
        {
            "time": "15.11.2020 19:33",
            "open": "20.7196",
            "high": "20.7206",
            "low": "20.6959",
            "close": "20.698"
        },
        {
            "time": "15.11.2020 19:35",
            "open": "20.698",
            "high": "20.698",
            "low": "20.698",
            "close": "20.5866"
        },
        {
            "time": "15.11.2020 19:37",
            "open": "20.5866",
            "high": "20.5866",
            "low": "20.5865",
            "close": "20.5639"
        },
        {
            "time": "15.11.2020 19:38",
            "open": "20.5639",
            "high": "20.6451",
            "low": "20.5639",
            "close": "20.37"
        },
        {
            "time": "15.11.2020 19:43",
            "open": "20.37",
            "high": "20.37",
            "low": "20.37",
            "close": "20.3804"
        },
        {
            "time": "15.11.2020 19:47",
            "open": "20.3804",
            "high": "20.6",
            "low": "20.3804",
            "close": "20.6511"
        },
        {
            "time": "15.11.2020 19:48",
            "open": "20.6511",
            "high": "20.6591",
            "low": "20.6376",
            "close": "20.6492"
        },
        {
            "time": "15.11.2020 19:49",
            "open": "20.6492",
            "high": "20.6492",
            "low": "20.6085",
            "close": "20.4478"
        },
        {
            "time": "15.11.2020 19:52",
            "open": "20.4478",
            "high": "20.4478",
            "low": "20.4478",
            "close": "20.4805"
        },
        {
            "time": "15.11.2020 20:08",
            "open": "20.4805",
            "high": "20.4805",
            "low": "20.4805",
            "close": "20.4698"
        },
        {
            "time": "15.11.2020 20:16",
            "open": "20.4698",
            "high": "20.4698",
            "low": "20.4375",
            "close": "20.557"
        },
        {
            "time": "15.11.2020 20:20",
            "open": "20.557",
            "high": "20.557",
            "low": "20.5514",
            "close": "20.3143"
        },
        {
            "time": "15.11.2020 20:24",
            "open": "20.3143",
            "high": "20.3143",
            "low": "20.3143",
            "close": "20.3813"
        },
        {
            "time": "15.11.2020 20:25",
            "open": "20.3813",
            "high": "20.3813",
            "low": "20.3813",
            "close": "20.3575"
        },
        {
            "time": "15.11.2020 20:30",
            "open": "20.3575",
            "high": "20.362",
            "low": "20.3575",
            "close": "20.3142"
        },
        {
            "time": "15.11.2020 20:54",
            "open": "20.3142",
            "high": "20.3644",
            "low": "20.3142",
            "close": "20.6076"
        },
        {
            "time": "15.11.2020 20:55",
            "open": "20.6076",
            "high": "20.6076",
            "low": "20.6076",
            "close": "20.6819"
        },
        {
            "time": "15.11.2020 20:56",
            "open": "20.6819",
            "high": "20.682",
            "low": "20.6819",
            "close": "20.6829"
        },
        {
            "time": "15.11.2020 20:59",
            "open": "20.6829",
            "high": "20.6829",
            "low": "20.6226",
            "close": "20.63"
        },
        {
            "time": "15.11.2020 21:00",
            "open": "20.63",
            "high": "20.6305",
            "low": "20.5952",
            "close": "20.2947"
        },
        {
            "time": "15.11.2020 21:03",
            "open": "20.2947",
            "high": "20.2947",
            "low": "20.2947",
            "close": "20.3536"
        },
        {
            "time": "15.11.2020 21:21",
            "open": "20.3536",
            "high": "20.3538",
            "low": "20.3536",
            "close": "20.489"
        },
        {
            "time": "15.11.2020 21:34",
            "open": "20.489",
            "high": "20.4891",
            "low": "20.4307",
            "close": "20.3975"
        },
        {
            "time": "15.11.2020 21:45",
            "open": "20.3975",
            "high": "20.3975",
            "low": "20.3975",
            "close": "20.3796"
        },
        {
            "time": "15.11.2020 21:47",
            "open": "20.3796",
            "high": "20.3796",
            "low": "20.3796",
            "close": "20.3896"
        },
        {
            "time": "15.11.2020 21:48",
            "open": "20.3896",
            "high": "20.3896",
            "low": "20.381",
            "close": "20.3642"
        },
        {
            "time": "15.11.2020 21:50",
            "open": "20.3642",
            "high": "20.3642",
            "low": "20.3642",
            "close": "20.2943"
        },
        {
            "time": "15.11.2020 21:56",
            "open": "20.2943",
            "high": "20.2943",
            "low": "20.2943",
            "close": "20.2938"
        },
        {
            "time": "15.11.2020 22:07",
            "open": "20.2938",
            "high": "20.2938",
            "low": "20.2938",
            "close": "20.3021"
        },
        {
            "time": "15.11.2020 22:17",
            "open": "20.3021",
            "high": "20.3021",
            "low": "20.302",
            "close": "20.3127"
        },
        {
            "time": "15.11.2020 22:19",
            "open": "20.3127",
            "high": "20.3127",
            "low": "20.3127",
            "close": "20.2935"
        },
        {
            "time": "15.11.2020 22:38",
            "open": "20.2935",
            "high": "20.2935",
            "low": "20.2686",
            "close": "20.2461"
        },
        {
            "time": "15.11.2020 22:39",
            "open": "20.2461",
            "high": "20.2461",
            "low": "20.2461",
            "close": "20.1874"
        },
        {
            "time": "15.11.2020 22:46",
            "open": "20.1874",
            "high": "20.1874",
            "low": "20.1874",
            "close": "20.1741"
        },
        {
            "time": "15.11.2020 22:47",
            "open": "20.1741",
            "high": "20.1741",
            "low": "20.1741",
            "close": "20.1634"
        },
        {
            "time": "15.11.2020 22:48",
            "open": "20.1634",
            "high": "20.1634",
            "low": "20.1481",
            "close": "20.2009"
        },
        {
            "time": "15.11.2020 22:49",
            "open": "20.2009",
            "high": "20.2009",
            "low": "20.2009",
            "close": "20.1673"
        },
        {
            "time": "15.11.2020 22:55",
            "open": "20.1673",
            "high": "20.1673",
            "low": "20.1673",
            "close": "20.1673"
        },
        {
            "time": "15.11.2020 22:59",
            "open": "20.1673",
            "high": "20.1673",
            "low": "20.11",
            "close": "20.1078"
        },
        {
            "time": "15.11.2020 23:00",
            "open": "20.1078",
            "high": "20.1078",
            "low": "20.0736",
            "close": "20.0648"
        },
        {
            "time": "15.11.2020 23:02",
            "open": "20.0648",
            "high": "20.0673",
            "low": "20.0648",
            "close": "20.05"
        },
        {
            "time": "15.11.2020 23:03",
            "open": "20.05",
            "high": "20.05",
            "low": "20.05",
            "close": "20.0206"
        },
        {
            "time": "15.11.2020 23:04",
            "open": "20.0206",
            "high": "20.0206",
            "low": "20.0205",
            "close": "20.0205"
        },
        {
            "time": "15.11.2020 23:05",
            "open": "20.0205",
            "high": "20.0205",
            "low": "20.0062",
            "close": "20"
        },
        {
            "time": "15.11.2020 23:12",
            "open": "20",
            "high": "20",
            "low": "20",
            "close": "20"
        },
        {
            "time": "15.11.2020 23:13",
            "open": "20",
            "high": "20",
            "low": "20",
            "close": "19.9747"
        },
        {
            "time": "15.11.2020 23:16",
            "open": "19.9747",
            "high": "19.9757",
            "low": "19.9747",
            "close": "20.009"
        },
        {
            "time": "15.11.2020 23:19",
            "open": "20.009",
            "high": "20.009",
            "low": "19.9948",
            "close": "19.9948"
        },
        {
            "time": "15.11.2020 23:24",
            "open": "19.9948",
            "high": "19.9948",
            "low": "19.9948",
            "close": "19.985"
        },
        {
            "time": "15.11.2020 23:30",
            "open": "19.985",
            "high": "19.985",
            "low": "19.985",
            "close": "20.0545"
        },
        {
            "time": "15.11.2020 23:35",
            "open": "20.0545",
            "high": "20.0545",
            "low": "19.8412",
            "close": "19.8"
        },
        {
            "time": "15.11.2020 23:36",
            "open": "19.8",
            "high": "19.8",
            "low": "19.792",
            "close": "19.8594"
        },
        {
            "time": "15.11.2020 23:37",
            "open": "19.8594",
            "high": "19.8599",
            "low": "19.8452",
            "close": "19.825"
        },
        {
            "time": "15.11.2020 23:39",
            "open": "19.825",
            "high": "19.825",
            "low": "19.825",
            "close": "19.888"
        },
        {
            "time": "15.11.2020 23:40",
            "open": "19.888",
            "high": "19.888",
            "low": "19.888",
            "close": "20.0462"
        },
        {
            "time": "15.11.2020 23:57",
            "open": "20.0462",
            "high": "20.0994",
            "low": "20.0462",
            "close": "20.0462"
        }
    ]
}