{
    "NMR-EUR": [
        {
            "time": "22.01.2021 23:57",
            "open": "22.0557",
            "high": "22.0557",
            "low": "22.0498",
            "close": "21.996"
        },
        {
            "time": "23.01.2021 00:00",
            "open": "21.996",
            "high": "21.996",
            "low": "21.996",
            "close": "22.0084"
        },
        {
            "time": "23.01.2021 00:06",
            "open": "22.0084",
            "high": "22.0114",
            "low": "21.9183",
            "close": "21.9163"
        },
        {
            "time": "23.01.2021 00:07",
            "open": "21.9163",
            "high": "21.9163",
            "low": "21.9163",
            "close": "21.9889"
        },
        {
            "time": "23.01.2021 00:09",
            "open": "21.9889",
            "high": "21.9889",
            "low": "21.9889",
            "close": "22.014"
        },
        {
            "time": "23.01.2021 00:12",
            "open": "22.014",
            "high": "22.014",
            "low": "22.014",
            "close": "22.1262"
        },
        {
            "time": "23.01.2021 00:17",
            "open": "22.1262",
            "high": "22.1394",
            "low": "22.1138",
            "close": "22.0643"
        },
        {
            "time": "23.01.2021 00:30",
            "open": "22.0643",
            "high": "22.0643",
            "low": "22.0643",
            "close": "22.1372"
        },
        {
            "time": "23.01.2021 00:33",
            "open": "22.1372",
            "high": "22.8673",
            "low": "22.0651",
            "close": "22.151"
        },
        {
            "time": "23.01.2021 00:34",
            "open": "22.151",
            "high": "23.4835",
            "low": "22.0151",
            "close": "22.1819"
        },
        {
            "time": "23.01.2021 00:35",
            "open": "22.1819",
            "high": "22.3107",
            "low": "22.1819",
            "close": "22.2767"
        },
        {
            "time": "23.01.2021 00:42",
            "open": "22.2767",
            "high": "22.2767",
            "low": "22.2767",
            "close": "22.1177"
        },
        {
            "time": "23.01.2021 00:48",
            "open": "22.1177",
            "high": "22.12",
            "low": "22.1177",
            "close": "22.2162"
        },
        {
            "time": "23.01.2021 00:51",
            "open": "22.2162",
            "high": "22.2162",
            "low": "22.1892",
            "close": "22.2456"
        },
        {
            "time": "23.01.2021 00:52",
            "open": "22.2456",
            "high": "22.2456",
            "low": "22.2456",
            "close": "22.3453"
        },
        {
            "time": "23.01.2021 00:53",
            "open": "22.3453",
            "high": "22.4372",
            "low": "22.3453",
            "close": "22.3304"
        },
        {
            "time": "23.01.2021 00:54",
            "open": "22.3304",
            "high": "22.3305",
            "low": "22.3304",
            "close": "22.326"
        },
        {
            "time": "23.01.2021 00:55",
            "open": "22.326",
            "high": "22.326",
            "low": "22.25",
            "close": "22.2228"
        },
        {
            "time": "23.01.2021 00:56",
            "open": "22.2228",
            "high": "22.2228",
            "low": "22.2",
            "close": "22.2044"
        },
        {
            "time": "23.01.2021 00:58",
            "open": "22.2044",
            "high": "22.257",
            "low": "22.1779",
            "close": "22.0151"
        },
        {
            "time": "23.01.2021 01:08",
            "open": "22.0151",
            "high": "22.0151",
            "low": "21.9985",
            "close": "22.0032"
        },
        {
            "time": "23.01.2021 01:10",
            "open": "22.0032",
            "high": "22.0032",
            "low": "22.0032",
            "close": "21.9566"
        },
        {
            "time": "23.01.2021 01:16",
            "open": "21.9566",
            "high": "22.051",
            "low": "21.9566",
            "close": "22.0919"
        },
        {
            "time": "23.01.2021 01:17",
            "open": "22.0919",
            "high": "22.0919",
            "low": "22.0919",
            "close": "22.1597"
        },
        {
            "time": "23.01.2021 01:19",
            "open": "22.1597",
            "high": "22.1597",
            "low": "22.1321",
            "close": "22.2496"
        },
        {
            "time": "23.01.2021 01:21",
            "open": "22.2496",
            "high": "22.2496",
            "low": "22.2316",
            "close": "22.2101"
        },
        {
            "time": "23.01.2021 01:22",
            "open": "22.2101",
            "high": "22.2101",
            "low": "22.18",
            "close": "22.1212"
        },
        {
            "time": "23.01.2021 01:23",
            "open": "22.1212",
            "high": "22.1212",
            "low": "22.1",
            "close": "22.0952"
        },
        {
            "time": "23.01.2021 01:24",
            "open": "22.0952",
            "high": "22.0999",
            "low": "22.0952",
            "close": "22.091"
        },
        {
            "time": "23.01.2021 01:25",
            "open": "22.091",
            "high": "22.1067",
            "low": "22.0904",
            "close": "22.0552"
        },
        {
            "time": "23.01.2021 01:26",
            "open": "22.0552",
            "high": "22.0552",
            "low": "22.0552",
            "close": "22.1106"
        },
        {
            "time": "23.01.2021 01:30",
            "open": "22.1106",
            "high": "22.1106",
            "low": "22.1106",
            "close": "22.0912"
        },
        {
            "time": "23.01.2021 01:36",
            "open": "22.0912",
            "high": "22.0912",
            "low": "22.0912",
            "close": "22.1024"
        },
        {
            "time": "23.01.2021 01:48",
            "open": "22.1024",
            "high": "22.1024",
            "low": "22.1024",
            "close": "22.0722"
        },
        {
            "time": "23.01.2021 01:52",
            "open": "22.0722",
            "high": "22.1024",
            "low": "22.0722",
            "close": "21.994"
        },
        {
            "time": "23.01.2021 01:55",
            "open": "21.994",
            "high": "21.994",
            "low": "21.994",
            "close": "22.0453"
        },
        {
            "time": "23.01.2021 01:59",
            "open": "22.0453",
            "high": "22.0453",
            "low": "22.0453",
            "close": "22.1666"
        },
        {
            "time": "23.01.2021 02:32",
            "open": "22.1666",
            "high": "22.2212",
            "low": "22.1666",
            "close": "22.1837"
        },
        {
            "time": "23.01.2021 02:35",
            "open": "22.1837",
            "high": "22.1908",
            "low": "22.1837",
            "close": "22.266"
        },
        {
            "time": "23.01.2021 02:36",
            "open": "22.266",
            "high": "22.266",
            "low": "22.266",
            "close": "22.3389"
        },
        {
            "time": "23.01.2021 02:42",
            "open": "22.3389",
            "high": "22.3389",
            "low": "22.3389",
            "close": "22.3175"
        },
        {
            "time": "23.01.2021 03:06",
            "open": "22.3175",
            "high": "22.3177",
            "low": "22.3175",
            "close": "22.2831"
        },
        {
            "time": "23.01.2021 03:22",
            "open": "22.2831",
            "high": "22.2831",
            "low": "22.2831",
            "close": "22.2336"
        },
        {
            "time": "23.01.2021 03:38",
            "open": "22.2336",
            "high": "22.2336",
            "low": "22.2336",
            "close": "22.1675"
        },
        {
            "time": "23.01.2021 03:45",
            "open": "22.1675",
            "high": "22.1675",
            "low": "22.1675",
            "close": "22.2068"
        },
        {
            "time": "23.01.2021 04:04",
            "open": "22.2068",
            "high": "22.2068",
            "low": "22.2068",
            "close": "22.1565"
        },
        {
            "time": "23.01.2021 04:09",
            "open": "21.9156",
            "high": "21.9156",
            "low": "21.9156",
            "close": "22.1332"
        },
        {
            "time": "23.01.2021 04:11",
            "open": "22.1332",
            "high": "22.1332",
            "low": "22.1332",
            "close": "22.3389"
        },
        {
            "time": "23.01.2021 04:13",
            "open": "22.3389",
            "high": "22.3389",
            "low": "22.3389",
            "close": "22.3304"
        },
        {
            "time": "23.01.2021 04:15",
            "open": "22.3304",
            "high": "22.3304",
            "low": "22.3304",
            "close": "22.3305"
        },
        {
            "time": "23.01.2021 04:16",
            "open": "22.3305",
            "high": "22.3389",
            "low": "22.3305",
            "close": "22.4613"
        },
        {
            "time": "23.01.2021 04:17",
            "open": "22.4613",
            "high": "22.5533",
            "low": "22.4613",
            "close": "22.5824"
        },
        {
            "time": "23.01.2021 04:18",
            "open": "22.5824",
            "high": "22.7079",
            "low": "22.5824",
            "close": "22.7257"
        },
        {
            "time": "23.01.2021 04:20",
            "open": "22.7257",
            "high": "22.7257",
            "low": "22.7257",
            "close": "22.7746"
        },
        {
            "time": "23.01.2021 04:22",
            "open": "22.7746",
            "high": "22.782",
            "low": "22.7746",
            "close": "22.7264"
        },
        {
            "time": "23.01.2021 04:27",
            "open": "22.7264",
            "high": "22.7264",
            "low": "22.7264",
            "close": "22.7926"
        },
        {
            "time": "23.01.2021 04:32",
            "open": "22.7926",
            "high": "22.7927",
            "low": "22.7926",
            "close": "22.7274"
        },
        {
            "time": "23.01.2021 04:33",
            "open": "22.7274",
            "high": "22.7274",
            "low": "22.7274",
            "close": "22.8"
        },
        {
            "time": "23.01.2021 05:16",
            "open": "22.8",
            "high": "22.8",
            "low": "22.8",
            "close": "22.8323"
        },
        {
            "time": "23.01.2021 05:17",
            "open": "22.8323",
            "high": "22.8466",
            "low": "22.8323",
            "close": "22.8416"
        },
        {
            "time": "23.01.2021 05:24",
            "open": "22.8416",
            "high": "22.8416",
            "low": "22.8416",
            "close": "22.8279"
        },
        {
            "time": "23.01.2021 05:29",
            "open": "22.8279",
            "high": "22.8279",
            "low": "22.8132",
            "close": "22.8132"
        },
        {
            "time": "23.01.2021 05:30",
            "open": "22.8132",
            "high": "22.8132",
            "low": "22.8132",
            "close": "22.8842"
        },
        {
            "time": "23.01.2021 05:36",
            "open": "22.8842",
            "high": "23.1652",
            "low": "22.8842",
            "close": "22.849"
        },
        {
            "time": "23.01.2021 05:37",
            "open": "22.849",
            "high": "22.8496",
            "low": "22.849",
            "close": "22.9372"
        },
        {
            "time": "23.01.2021 05:39",
            "open": "22.9372",
            "high": "22.9372",
            "low": "22.9202",
            "close": "22.8816"
        },
        {
            "time": "23.01.2021 05:44",
            "open": "22.8816",
            "high": "22.8816",
            "low": "22.8816",
            "close": "22.8095"
        },
        {
            "time": "23.01.2021 05:53",
            "open": "22.8095",
            "high": "22.8095",
            "low": "22.8095",
            "close": "22.7475"
        },
        {
            "time": "23.01.2021 05:55",
            "open": "22.7475",
            "high": "22.7475",
            "low": "22.7475",
            "close": "22.7314"
        },
        {
            "time": "23.01.2021 05:57",
            "open": "22.7314",
            "high": "22.7314",
            "low": "22.7108",
            "close": "22.6729"
        },
        {
            "time": "23.01.2021 05:58",
            "open": "22.6729",
            "high": "22.6729",
            "low": "22.6498",
            "close": "22.6075"
        },
        {
            "time": "23.01.2021 06:00",
            "open": "22.6075",
            "high": "22.6075",
            "low": "22.5814",
            "close": "22.5031"
        },
        {
            "time": "23.01.2021 06:02",
            "open": "22.5031",
            "high": "22.5031",
            "low": "22.5031",
            "close": "22.5218"
        },
        {
            "time": "23.01.2021 06:10",
            "open": "22.5218",
            "high": "22.5466",
            "low": "22.5218",
            "close": "22.4852"
        },
        {
            "time": "23.01.2021 06:11",
            "open": "22.4852",
            "high": "22.4852",
            "low": "22.4852",
            "close": "22.4852"
        },
        {
            "time": "23.01.2021 06:12",
            "open": "22.4852",
            "high": "22.4852",
            "low": "22.45",
            "close": "22.4"
        },
        {
            "time": "23.01.2021 06:19",
            "open": "22.4",
            "high": "22.4",
            "low": "22.4",
            "close": "22.4921"
        },
        {
            "time": "23.01.2021 06:36",
            "open": "22.4921",
            "high": "22.5127",
            "low": "22.4921",
            "close": "22.6718"
        },
        {
            "time": "23.01.2021 06:42",
            "open": "22.6718",
            "high": "22.6718",
            "low": "22.6718",
            "close": "22.717"
        },
        {
            "time": "23.01.2021 06:45",
            "open": "22.717",
            "high": "22.773",
            "low": "22.717",
            "close": "22.8074"
        },
        {
            "time": "23.01.2021 06:47",
            "open": "22.8074",
            "high": "22.8526",
            "low": "22.8074",
            "close": "22.7506"
        },
        {
            "time": "23.01.2021 06:53",
            "open": "22.7506",
            "high": "22.7506",
            "low": "22.7506",
            "close": "22.8526"
        },
        {
            "time": "23.01.2021 07:00",
            "open": "22.8526",
            "high": "22.8526",
            "low": "22.8526",
            "close": "22.852"
        },
        {
            "time": "23.01.2021 07:19",
            "open": "22.852",
            "high": "22.8711",
            "low": "22.852",
            "close": "22.5791"
        },
        {
            "time": "23.01.2021 07:27",
            "open": "22.5791",
            "high": "22.5791",
            "low": "22.4848",
            "close": "22.5231"
        },
        {
            "time": "23.01.2021 07:29",
            "open": "22.5231",
            "high": "22.5231",
            "low": "22.5231",
            "close": "22.6418"
        },
        {
            "time": "23.01.2021 07:41",
            "open": "22.6418",
            "high": "22.6418",
            "low": "22.6418",
            "close": "22.6499"
        },
        {
            "time": "23.01.2021 07:49",
            "open": "22.6499",
            "high": "22.65",
            "low": "22.6499",
            "close": "22.65"
        },
        {
            "time": "23.01.2021 07:54",
            "open": "22.65",
            "high": "22.8596",
            "low": "22.65",
            "close": "22.6895"
        },
        {
            "time": "23.01.2021 07:56",
            "open": "22.6895",
            "high": "22.6895",
            "low": "22.6895",
            "close": "22.6672"
        },
        {
            "time": "23.01.2021 07:59",
            "open": "22.6672",
            "high": "22.6672",
            "low": "22.6671",
            "close": "22.65"
        },
        {
            "time": "23.01.2021 08:19",
            "open": "22.65",
            "high": "22.65",
            "low": "22.65",
            "close": "22.6672"
        },
        {
            "time": "23.01.2021 08:23",
            "open": "22.6672",
            "high": "22.6905",
            "low": "22.6672",
            "close": "22.6203"
        },
        {
            "time": "23.01.2021 08:24",
            "open": "22.6203",
            "high": "22.6203",
            "low": "22.62",
            "close": "22.8976"
        },
        {
            "time": "23.01.2021 08:27",
            "open": "22.8976",
            "high": "22.8976",
            "low": "22.7455",
            "close": "22.62"
        },
        {
            "time": "23.01.2021 08:35",
            "open": "22.62",
            "high": "22.62",
            "low": "22.62",
            "close": "22.62"
        },
        {
            "time": "23.01.2021 08:37",
            "open": "22.62",
            "high": "22.62",
            "low": "22.62",
            "close": "22.638"
        },
        {
            "time": "23.01.2021 08:44",
            "open": "22.638",
            "high": "22.638",
            "low": "22.638",
            "close": "22.7852"
        },
        {
            "time": "23.01.2021 08:56",
            "open": "22.7852",
            "high": "22.7852",
            "low": "22.7852",
            "close": "22.7918"
        },
        {
            "time": "23.01.2021 09:03",
            "open": "22.7918",
            "high": "22.7918",
            "low": "22.7918",
            "close": "22.78"
        },
        {
            "time": "23.01.2021 09:07",
            "open": "22.78",
            "high": "22.78",
            "low": "22.78",
            "close": "22.78"
        },
        {
            "time": "23.01.2021 09:15",
            "open": "22.78",
            "high": "22.78",
            "low": "22.78",
            "close": "22.8978"
        },
        {
            "time": "23.01.2021 09:17",
            "open": "22.8978",
            "high": "22.9008",
            "low": "22.8696",
            "close": "22.8759"
        },
        {
            "time": "23.01.2021 09:18",
            "open": "22.8759",
            "high": "22.8759",
            "low": "22.8759",
            "close": "22.8972"
        },
        {
            "time": "23.01.2021 09:19",
            "open": "22.8972",
            "high": "22.8972",
            "low": "22.8972",
            "close": "22.9091"
        },
        {
            "time": "23.01.2021 09:20",
            "open": "22.9091",
            "high": "22.9202",
            "low": "22.9091",
            "close": "22.9045"
        },
        {
            "time": "23.01.2021 09:31",
            "open": "22.9045",
            "high": "22.9045",
            "low": "22.817",
            "close": "22.8448"
        },
        {
            "time": "23.01.2021 09:36",
            "open": "22.8448",
            "high": "22.8448",
            "low": "22.8448",
            "close": "22.8783"
        },
        {
            "time": "23.01.2021 09:46",
            "open": "22.8783",
            "high": "22.8783",
            "low": "22.8783",
            "close": "22.8523"
        },
        {
            "time": "23.01.2021 09:52",
            "open": "22.8523",
            "high": "22.8523",
            "low": "22.8523",
            "close": "22.9573"
        },
        {
            "time": "23.01.2021 10:09",
            "open": "22.9573",
            "high": "22.9573",
            "low": "22.9573",
            "close": "22.9573"
        },
        {
            "time": "23.01.2021 10:23",
            "open": "22.9573",
            "high": "22.9803",
            "low": "22.8928",
            "close": "22.7911"
        },
        {
            "time": "23.01.2021 10:58",
            "open": "22.7911",
            "high": "22.7911",
            "low": "22.7376",
            "close": "22.7321"
        },
        {
            "time": "23.01.2021 10:59",
            "open": "22.7321",
            "high": "22.7321",
            "low": "22.7321",
            "close": "22.7315"
        },
        {
            "time": "23.01.2021 11:01",
            "open": "22.7315",
            "high": "22.7315",
            "low": "22.7314",
            "close": "22.6075"
        },
        {
            "time": "23.01.2021 11:04",
            "open": "22.6075",
            "high": "22.6075",
            "low": "22.6075",
            "close": "22.6912"
        },
        {
            "time": "23.01.2021 11:05",
            "open": "22.6912",
            "high": "22.6912",
            "low": "22.6587",
            "close": "22.5472"
        },
        {
            "time": "23.01.2021 11:09",
            "open": "22.5472",
            "high": "22.5472",
            "low": "22.5472",
            "close": "22.6587"
        },
        {
            "time": "23.01.2021 11:41",
            "open": "22.6587",
            "high": "22.6587",
            "low": "22.6587",
            "close": "22.595"
        },
        {
            "time": "23.01.2021 11:44",
            "open": "22.595",
            "high": "22.595",
            "low": "22.595",
            "close": "22.6558"
        },
        {
            "time": "23.01.2021 11:49",
            "open": "22.6558",
            "high": "22.6558",
            "low": "22.6558",
            "close": "22.6587"
        },
        {
            "time": "23.01.2021 11:52",
            "open": "22.6587",
            "high": "22.6587",
            "low": "22.6587",
            "close": "22.706"
        },
        {
            "time": "23.01.2021 12:02",
            "open": "22.706",
            "high": "22.706",
            "low": "22.65",
            "close": "22.6869"
        },
        {
            "time": "23.01.2021 12:05",
            "open": "22.6869",
            "high": "22.6869",
            "low": "22.6869",
            "close": "22.54"
        },
        {
            "time": "23.01.2021 12:17",
            "open": "22.54",
            "high": "22.54",
            "low": "22.3619",
            "close": "22.3221"
        },
        {
            "time": "23.01.2021 12:18",
            "open": "22.3221",
            "high": "22.3221",
            "low": "22.3219",
            "close": "22.3219"
        },
        {
            "time": "23.01.2021 12:20",
            "open": "22.3219",
            "high": "22.3219",
            "low": "22.3219",
            "close": "22.2402"
        },
        {
            "time": "23.01.2021 12:21",
            "open": "22.2402",
            "high": "22.2402",
            "low": "22.1629",
            "close": "22.2012"
        },
        {
            "time": "23.01.2021 12:24",
            "open": "22.2012",
            "high": "22.2012",
            "low": "22.2012",
            "close": "22.1534"
        },
        {
            "time": "23.01.2021 12:28",
            "open": "22.1534",
            "high": "22.1534",
            "low": "22.1534",
            "close": "22.119"
        },
        {
            "time": "23.01.2021 12:30",
            "open": "22.119",
            "high": "22.119",
            "low": "22.119",
            "close": "22.103"
        },
        {
            "time": "23.01.2021 12:31",
            "open": "22.103",
            "high": "22.103",
            "low": "22.1",
            "close": "22.1881"
        },
        {
            "time": "23.01.2021 12:43",
            "open": "22.1881",
            "high": "22.1881",
            "low": "22.1881",
            "close": "22.0179"
        },
        {
            "time": "23.01.2021 13:00",
            "open": "22.0179",
            "high": "22.0179",
            "low": "22.0177",
            "close": "22.163"
        },
        {
            "time": "23.01.2021 13:01",
            "open": "22.163",
            "high": "22.163",
            "low": "22.1629",
            "close": "22.2041"
        },
        {
            "time": "23.01.2021 13:02",
            "open": "22.2041",
            "high": "22.5739",
            "low": "22.1984",
            "close": "22.1888"
        },
        {
            "time": "23.01.2021 13:03",
            "open": "22.1888",
            "high": "22.1888",
            "low": "22.1888",
            "close": "22.1191"
        },
        {
            "time": "23.01.2021 13:07",
            "open": "22.1191",
            "high": "22.1191",
            "low": "22.119",
            "close": "22.1118"
        },
        {
            "time": "23.01.2021 13:10",
            "open": "22.1118",
            "high": "22.1207",
            "low": "22.1118",
            "close": "22.1207"
        },
        {
            "time": "23.01.2021 13:11",
            "open": "22.1207",
            "high": "22.1207",
            "low": "22.1207",
            "close": "22.12"
        },
        {
            "time": "23.01.2021 13:13",
            "open": "22.12",
            "high": "22.12",
            "low": "22.12",
            "close": "22.1282"
        },
        {
            "time": "23.01.2021 13:17",
            "open": "22.1282",
            "high": "22.1401",
            "low": "22.1282",
            "close": "22.187"
        },
        {
            "time": "23.01.2021 13:19",
            "open": "22.187",
            "high": "22.187",
            "low": "22.1788",
            "close": "22.25"
        },
        {
            "time": "23.01.2021 13:27",
            "open": "22.25",
            "high": "22.25",
            "low": "22.25",
            "close": "22.2137"
        },
        {
            "time": "23.01.2021 13:28",
            "open": "22.2137",
            "high": "22.2137",
            "low": "22.21",
            "close": "22.2476"
        },
        {
            "time": "23.01.2021 13:29",
            "open": "22.2476",
            "high": "22.2476",
            "low": "22.2476",
            "close": "22.2172"
        },
        {
            "time": "23.01.2021 13:32",
            "open": "22.2172",
            "high": "22.2172",
            "low": "22.14",
            "close": "22.14"
        },
        {
            "time": "23.01.2021 13:38",
            "open": "22.14",
            "high": "22.14",
            "low": "22.0845",
            "close": "22.1008"
        },
        {
            "time": "23.01.2021 13:42",
            "open": "22.1008",
            "high": "22.1039",
            "low": "22.1008",
            "close": "22.1039"
        },
        {
            "time": "23.01.2021 13:48",
            "open": "22.1039",
            "high": "22.1039",
            "low": "22.1039",
            "close": "22.1165"
        },
        {
            "time": "23.01.2021 13:50",
            "open": "22.1165",
            "high": "22.3819",
            "low": "22.1165",
            "close": "22.4254"
        },
        {
            "time": "23.01.2021 13:53",
            "open": "22.4254",
            "high": "22.4254",
            "low": "22.425",
            "close": "22.1846"
        },
        {
            "time": "23.01.2021 14:07",
            "open": "22.1846",
            "high": "22.1846",
            "low": "22.0574",
            "close": "22.1854"
        },
        {
            "time": "23.01.2021 14:22",
            "open": "22.1854",
            "high": "22.1854",
            "low": "22.1854",
            "close": "22.2707"
        },
        {
            "time": "23.01.2021 14:24",
            "open": "22.2707",
            "high": "22.2707",
            "low": "22.2707",
            "close": "22.268"
        },
        {
            "time": "23.01.2021 14:26",
            "open": "22.268",
            "high": "22.2682",
            "low": "22.268",
            "close": "22.25"
        },
        {
            "time": "23.01.2021 14:41",
            "open": "22.25",
            "high": "22.25",
            "low": "22.25",
            "close": "22.388"
        },
        {
            "time": "23.01.2021 14:53",
            "open": "22.388",
            "high": "22.3882",
            "low": "22.388",
            "close": "22.4081"
        },
        {
            "time": "23.01.2021 14:57",
            "open": "22.4081",
            "high": "22.4081",
            "low": "22.4081",
            "close": "22.2391"
        },
        {
            "time": "23.01.2021 15:02",
            "open": "22.2391",
            "high": "22.2391",
            "low": "22.2391",
            "close": "22.19"
        },
        {
            "time": "23.01.2021 15:04",
            "open": "22.19",
            "high": "22.19",
            "low": "22.19",
            "close": "22.1752"
        },
        {
            "time": "23.01.2021 15:06",
            "open": "22.1752",
            "high": "22.1752",
            "low": "22.0222",
            "close": "22.2579"
        },
        {
            "time": "23.01.2021 15:14",
            "open": "22.2579",
            "high": "22.2579",
            "low": "22.2579",
            "close": "22.2472"
        },
        {
            "time": "23.01.2021 15:18",
            "open": "22.2472",
            "high": "22.2472",
            "low": "22.2472",
            "close": "22.2811"
        },
        {
            "time": "23.01.2021 15:45",
            "open": "22.2811",
            "high": "22.3725",
            "low": "22.2811",
            "close": "22.2288"
        },
        {
            "time": "23.01.2021 16:05",
            "open": "22.2288",
            "high": "22.2288",
            "low": "22.1901",
            "close": "22.3727"
        },
        {
            "time": "23.01.2021 16:16",
            "open": "22.3727",
            "high": "22.3727",
            "low": "22.3727",
            "close": "22.4172"
        },
        {
            "time": "23.01.2021 16:17",
            "open": "22.4172",
            "high": "22.4172",
            "low": "22.4172",
            "close": "22.3662"
        },
        {
            "time": "23.01.2021 16:19",
            "open": "22.3662",
            "high": "22.3662",
            "low": "22.3662",
            "close": "22.3731"
        },
        {
            "time": "23.01.2021 16:23",
            "open": "22.3731",
            "high": "22.3731",
            "low": "22.3731",
            "close": "22.4353"
        },
        {
            "time": "23.01.2021 16:37",
            "open": "22.4353",
            "high": "22.4354",
            "low": "22.4353",
            "close": "22.45"
        },
        {
            "time": "23.01.2021 16:39",
            "open": "22.45",
            "high": "22.4665",
            "low": "22.3984",
            "close": "22.3192"
        },
        {
            "time": "23.01.2021 16:41",
            "open": "22.3192",
            "high": "22.3192",
            "low": "22.3192",
            "close": "22.3716"
        },
        {
            "time": "23.01.2021 17:22",
            "open": "22.3716",
            "high": "22.3716",
            "low": "22.3716",
            "close": "22.3716"
        },
        {
            "time": "23.01.2021 17:23",
            "open": "22.3716",
            "high": "22.3716",
            "low": "22.3716",
            "close": "22.4446"
        },
        {
            "time": "23.01.2021 17:33",
            "open": "22.4446",
            "high": "22.5062",
            "low": "22.4446",
            "close": "22.5157"
        },
        {
            "time": "23.01.2021 17:41",
            "open": "22.5157",
            "high": "22.5157",
            "low": "22.4931",
            "close": "22.4591"
        },
        {
            "time": "23.01.2021 17:47",
            "open": "22.4591",
            "high": "22.4932",
            "low": "22.4591",
            "close": "22.5508"
        },
        {
            "time": "23.01.2021 17:53",
            "open": "22.5508",
            "high": "22.5508",
            "low": "22.5508",
            "close": "22.5508"
        },
        {
            "time": "23.01.2021 18:01",
            "open": "22.5508",
            "high": "22.5579",
            "low": "22.5508",
            "close": "22.56"
        },
        {
            "time": "23.01.2021 18:05",
            "open": "22.56",
            "high": "22.5619",
            "low": "22.56",
            "close": "22.5343"
        },
        {
            "time": "23.01.2021 18:08",
            "open": "22.5343",
            "high": "22.5343",
            "low": "22.5343",
            "close": "22.5843"
        },
        {
            "time": "23.01.2021 18:14",
            "open": "22.5843",
            "high": "22.5843",
            "low": "22.5784",
            "close": "22.5552"
        },
        {
            "time": "23.01.2021 18:15",
            "open": "22.5552",
            "high": "22.5552",
            "low": "22.5463",
            "close": "22.5951"
        },
        {
            "time": "23.01.2021 18:17",
            "open": "22.5951",
            "high": "22.5951",
            "low": "22.5951",
            "close": "22.5953"
        },
        {
            "time": "23.01.2021 18:20",
            "open": "22.5953",
            "high": "22.6637",
            "low": "22.5953",
            "close": "22.6536"
        },
        {
            "time": "23.01.2021 18:26",
            "open": "22.6536",
            "high": "22.6536",
            "low": "22.6536",
            "close": "22.6069"
        },
        {
            "time": "23.01.2021 18:30",
            "open": "22.6069",
            "high": "22.6843",
            "low": "22.6069",
            "close": "22.6166"
        },
        {
            "time": "23.01.2021 18:31",
            "open": "22.6166",
            "high": "22.6166",
            "low": "22.6166",
            "close": "22.5439"
        },
        {
            "time": "23.01.2021 18:40",
            "open": "22.5439",
            "high": "22.5439",
            "low": "22.5439",
            "close": "22.6229"
        },
        {
            "time": "23.01.2021 18:45",
            "open": "22.6229",
            "high": "22.6229",
            "low": "22.6229",
            "close": "22.6212"
        },
        {
            "time": "23.01.2021 18:47",
            "open": "22.6212",
            "high": "22.6212",
            "low": "22.6212",
            "close": "22.4676"
        },
        {
            "time": "23.01.2021 18:48",
            "open": "22.4676",
            "high": "22.4676",
            "low": "22.4674",
            "close": "22.665"
        },
        {
            "time": "23.01.2021 18:58",
            "open": "22.665",
            "high": "22.674",
            "low": "22.665",
            "close": "22.6357"
        },
        {
            "time": "23.01.2021 19:10",
            "open": "22.6357",
            "high": "22.6357",
            "low": "22.6357",
            "close": "22.5778"
        },
        {
            "time": "23.01.2021 19:13",
            "open": "22.5778",
            "high": "22.5778",
            "low": "22.5778",
            "close": "22.6381"
        },
        {
            "time": "23.01.2021 19:14",
            "open": "22.6381",
            "high": "22.6381",
            "low": "22.6381",
            "close": "22.6676"
        },
        {
            "time": "23.01.2021 19:16",
            "open": "22.6676",
            "high": "22.7079",
            "low": "22.6084",
            "close": "22.7789"
        },
        {
            "time": "23.01.2021 19:17",
            "open": "22.7789",
            "high": "22.7902",
            "low": "22.7789",
            "close": "22.8323"
        },
        {
            "time": "23.01.2021 19:18",
            "open": "22.8323",
            "high": "22.8323",
            "low": "22.8323",
            "close": "22.8466"
        },
        {
            "time": "23.01.2021 19:20",
            "open": "22.8466",
            "high": "22.8466",
            "low": "22.8466",
            "close": "22.9018"
        },
        {
            "time": "23.01.2021 19:25",
            "open": "22.9018",
            "high": "22.9018",
            "low": "22.9018",
            "close": "22.8403"
        },
        {
            "time": "23.01.2021 19:34",
            "open": "22.8403",
            "high": "22.8403",
            "low": "22.8277",
            "close": "22.8593"
        },
        {
            "time": "23.01.2021 19:38",
            "open": "22.8593",
            "high": "22.8593",
            "low": "22.8593",
            "close": "22.924"
        },
        {
            "time": "23.01.2021 19:41",
            "open": "22.924",
            "high": "22.924",
            "low": "22.924",
            "close": "22.9507"
        },
        {
            "time": "23.01.2021 19:44",
            "open": "22.9507",
            "high": "22.9882",
            "low": "22.9507",
            "close": "22.9882"
        },
        {
            "time": "23.01.2021 19:45",
            "open": "22.9882",
            "high": "22.9882",
            "low": "22.9516",
            "close": "22.9516"
        },
        {
            "time": "23.01.2021 19:46",
            "open": "22.9516",
            "high": "22.9516",
            "low": "22.9516",
            "close": "22.9742"
        },
        {
            "time": "23.01.2021 19:47",
            "open": "22.9742",
            "high": "22.9742",
            "low": "22.9742",
            "close": "22.9834"
        },
        {
            "time": "23.01.2021 19:49",
            "open": "22.9834",
            "high": "23.066",
            "low": "22.9834",
            "close": "23.082"
        },
        {
            "time": "23.01.2021 19:50",
            "open": "23.082",
            "high": "23.1652",
            "low": "23.0759",
            "close": "23.1652"
        },
        {
            "time": "23.01.2021 19:51",
            "open": "23.1652",
            "high": "23.1652",
            "low": "23.1652",
            "close": "23.1652"
        },
        {
            "time": "23.01.2021 19:52",
            "open": "23.1652",
            "high": "23.1652",
            "low": "23.1652",
            "close": "23.1894"
        },
        {
            "time": "23.01.2021 19:53",
            "open": "23.1894",
            "high": "23.2096",
            "low": "23.1894",
            "close": "23.19"
        },
        {
            "time": "23.01.2021 19:55",
            "open": "23.19",
            "high": "23.5",
            "low": "23.19",
            "close": "23.3105"
        },
        {
            "time": "23.01.2021 19:56",
            "open": "23.3105",
            "high": "23.3559",
            "low": "23.3105",
            "close": "23.4511"
        },
        {
            "time": "23.01.2021 19:58",
            "open": "23.4511",
            "high": "23.4511",
            "low": "23.4511",
            "close": "23.5"
        },
        {
            "time": "23.01.2021 19:59",
            "open": "23.5",
            "high": "23.55",
            "low": "23.4596",
            "close": "23.55"
        },
        {
            "time": "23.01.2021 20:00",
            "open": "23.55",
            "high": "23.5572",
            "low": "22.9811",
            "close": "23.0506"
        },
        {
            "time": "23.01.2021 20:01",
            "open": "23.0506",
            "high": "23.0506",
            "low": "23.0506",
            "close": "23.13"
        },
        {
            "time": "23.01.2021 20:02",
            "open": "23.13",
            "high": "23.13",
            "low": "23.13",
            "close": "23.1041"
        },
        {
            "time": "23.01.2021 20:03",
            "open": "23.1041",
            "high": "23.1041",
            "low": "23.0354",
            "close": "22.9811"
        },
        {
            "time": "23.01.2021 20:11",
            "open": "22.9699",
            "high": "22.9699",
            "low": "22.9699",
            "close": "22.885"
        },
        {
            "time": "23.01.2021 20:18",
            "open": "22.9699",
            "high": "22.9699",
            "low": "22.9699",
            "close": "22.9967"
        },
        {
            "time": "23.01.2021 20:34",
            "open": "22.9967",
            "high": "23.1984",
            "low": "22.9967",
            "close": "23.0933"
        },
        {
            "time": "23.01.2021 20:38",
            "open": "23.0933",
            "high": "23.3995",
            "low": "23.0933",
            "close": "23.3505"
        },
        {
            "time": "23.01.2021 20:39",
            "open": "23.3505",
            "high": "23.3505",
            "low": "23.178",
            "close": "23.12"
        },
        {
            "time": "23.01.2021 20:40",
            "open": "23.12",
            "high": "23.12",
            "low": "23.12",
            "close": "23.0905"
        },
        {
            "time": "23.01.2021 20:41",
            "open": "23.0905",
            "high": "23.0905",
            "low": "23.0905",
            "close": "23.1417"
        },
        {
            "time": "23.01.2021 20:42",
            "open": "23.1417",
            "high": "23.1417",
            "low": "23.1417",
            "close": "23.235"
        },
        {
            "time": "23.01.2021 20:43",
            "open": "23.235",
            "high": "23.235",
            "low": "23.235",
            "close": "23.1108"
        },
        {
            "time": "23.01.2021 20:44",
            "open": "23.1108",
            "high": "23.1108",
            "low": "22.981",
            "close": "22.981"
        },
        {
            "time": "23.01.2021 20:47",
            "open": "22.981",
            "high": "22.981",
            "low": "22.981",
            "close": "23"
        },
        {
            "time": "23.01.2021 20:48",
            "open": "23",
            "high": "23",
            "low": "23",
            "close": "23.0323"
        },
        {
            "time": "23.01.2021 20:51",
            "open": "23.0323",
            "high": "23.0323",
            "low": "23.0323",
            "close": "23.006"
        },
        {
            "time": "23.01.2021 20:53",
            "open": "23.006",
            "high": "23.006",
            "low": "22.89",
            "close": "22.9575"
        },
        {
            "time": "23.01.2021 20:57",
            "open": "22.9575",
            "high": "22.9716",
            "low": "22.9575",
            "close": "22.9996"
        },
        {
            "time": "23.01.2021 20:58",
            "open": "22.9996",
            "high": "23.0027",
            "low": "22.9996",
            "close": "23.1181"
        },
        {
            "time": "23.01.2021 21:02",
            "open": "23.1181",
            "high": "23.1181",
            "low": "23.1181",
            "close": "23.166"
        },
        {
            "time": "23.01.2021 21:08",
            "open": "23.166",
            "high": "23.166",
            "low": "23.0623",
            "close": "23.1533"
        },
        {
            "time": "23.01.2021 21:17",
            "open": "23.1533",
            "high": "23.1533",
            "low": "23.1533",
            "close": "23.1746"
        },
        {
            "time": "23.01.2021 21:20",
            "open": "23.1746",
            "high": "23.1746",
            "low": "23.1744",
            "close": "23.3366"
        },
        {
            "time": "23.01.2021 21:21",
            "open": "23.3366",
            "high": "23.3366",
            "low": "23.3366",
            "close": "23.289"
        },
        {
            "time": "23.01.2021 21:22",
            "open": "23.289",
            "high": "23.289",
            "low": "23.289",
            "close": "23.2612"
        },
        {
            "time": "23.01.2021 21:23",
            "open": "23.2612",
            "high": "23.2612",
            "low": "23.2612",
            "close": "23.3995"
        },
        {
            "time": "23.01.2021 21:35",
            "open": "23.3995",
            "high": "23.417",
            "low": "23.3995",
            "close": "23.3989"
        },
        {
            "time": "23.01.2021 21:36",
            "open": "23.3989",
            "high": "23.3989",
            "low": "23.2855",
            "close": "23.2568"
        },
        {
            "time": "23.01.2021 21:42",
            "open": "23.2568",
            "high": "23.2568",
            "low": "23.2566",
            "close": "23.2793"
        },
        {
            "time": "23.01.2021 21:44",
            "open": "23.2793",
            "high": "23.2793",
            "low": "23.2793",
            "close": "23.4571"
        },
        {
            "time": "23.01.2021 21:47",
            "open": "23.4571",
            "high": "23.4645",
            "low": "23.4571",
            "close": "23.4884"
        },
        {
            "time": "23.01.2021 21:48",
            "open": "23.4884",
            "high": "23.5",
            "low": "23.4884",
            "close": "23.5041"
        },
        {
            "time": "23.01.2021 21:49",
            "open": "23.5041",
            "high": "23.5041",
            "low": "23.5041",
            "close": "23.5041"
        },
        {
            "time": "23.01.2021 21:50",
            "open": "23.5041",
            "high": "23.5041",
            "low": "23.5041",
            "close": "23.5"
        },
        {
            "time": "23.01.2021 21:52",
            "open": "23.5",
            "high": "23.5",
            "low": "23.5",
            "close": "23.4553"
        },
        {
            "time": "23.01.2021 21:53",
            "open": "23.4553",
            "high": "23.4553",
            "low": "23.3372",
            "close": "23.4473"
        },
        {
            "time": "23.01.2021 21:54",
            "open": "23.4473",
            "high": "23.4473",
            "low": "23.3159",
            "close": "23.4999"
        },
        {
            "time": "23.01.2021 21:59",
            "open": "23.4999",
            "high": "23.5",
            "low": "23.4999",
            "close": "23.4717"
        },
        {
            "time": "23.01.2021 22:03",
            "open": "23.4717",
            "high": "23.4717",
            "low": "23.3305",
            "close": "23.4655"
        },
        {
            "time": "23.01.2021 22:05",
            "open": "23.4655",
            "high": "23.4655",
            "low": "23.4655",
            "close": "23.3915"
        },
        {
            "time": "23.01.2021 22:10",
            "open": "23.3915",
            "high": "23.3915",
            "low": "23.2896",
            "close": "23.3951"
        },
        {
            "time": "23.01.2021 22:11",
            "open": "23.3951",
            "high": "23.3951",
            "low": "23.3951",
            "close": "23.3628"
        },
        {
            "time": "23.01.2021 22:15",
            "open": "23.3628",
            "high": "23.3628",
            "low": "23.3628",
            "close": "23.3673"
        },
        {
            "time": "23.01.2021 22:16",
            "open": "23.3673",
            "high": "23.3951",
            "low": "23.3673",
            "close": "23.4394"
        },
        {
            "time": "23.01.2021 22:17",
            "open": "23.4394",
            "high": "23.4394",
            "low": "23.423",
            "close": "23.4794"
        },
        {
            "time": "23.01.2021 22:19",
            "open": "23.4794",
            "high": "23.5",
            "low": "23.4794",
            "close": "23.5"
        },
        {
            "time": "23.01.2021 22:20",
            "open": "23.5",
            "high": "23.5",
            "low": "23.5",
            "close": "23.5"
        },
        {
            "time": "23.01.2021 22:22",
            "open": "23.5",
            "high": "23.5",
            "low": "23.4626",
            "close": "23.42"
        },
        {
            "time": "23.01.2021 22:25",
            "open": "23.42",
            "high": "23.4578",
            "low": "23.3422",
            "close": "23.4287"
        },
        {
            "time": "23.01.2021 22:27",
            "open": "23.4287",
            "high": "23.4287",
            "low": "23.4287",
            "close": "23.2833"
        },
        {
            "time": "23.01.2021 22:34",
            "open": "23.2833",
            "high": "23.2833",
            "low": "23.2833",
            "close": "23.2585"
        },
        {
            "time": "23.01.2021 22:35",
            "open": "23.2585",
            "high": "23.2585",
            "low": "23.2585",
            "close": "23.351"
        },
        {
            "time": "23.01.2021 22:44",
            "open": "23.351",
            "high": "23.351",
            "low": "23.351",
            "close": "23.3422"
        },
        {
            "time": "23.01.2021 22:46",
            "open": "23.3422",
            "high": "23.3422",
            "low": "23.3422",
            "close": "23.3322"
        },
        {
            "time": "23.01.2021 22:54",
            "open": "23.3322",
            "high": "23.3413",
            "low": "23.3322",
            "close": "23.2575"
        },
        {
            "time": "23.01.2021 22:59",
            "open": "23.2575",
            "high": "23.2575",
            "low": "23.2575",
            "close": "23.3288"
        },
        {
            "time": "23.01.2021 23:04",
            "open": "23.3288",
            "high": "23.3913",
            "low": "23.3288",
            "close": "23.136"
        },
        {
            "time": "23.01.2021 23:23",
            "open": "23.136",
            "high": "23.136",
            "low": "23.0831",
            "close": "23.1097"
        },
        {
            "time": "23.01.2021 23:28",
            "open": "23.1097",
            "high": "23.1097",
            "low": "23.1097",
            "close": "22.981"
        },
        {
            "time": "23.01.2021 23:30",
            "open": "22.981",
            "high": "22.981",
            "low": "22.981",
            "close": "22.9672"
        },
        {
            "time": "23.01.2021 23:32",
            "open": "22.9672",
            "high": "22.9672",
            "low": "22.9491",
            "close": "22.8702"
        },
        {
            "time": "23.01.2021 23:33",
            "open": "22.8702",
            "high": "22.8702",
            "low": "22.8702",
            "close": "23.0107"
        },
        {
            "time": "23.01.2021 23:38",
            "open": "23.0107",
            "high": "23.0107",
            "low": "22.9667",
            "close": "22.9324"
        },
        {
            "time": "23.01.2021 23:45",
            "open": "22.9324",
            "high": "22.9516",
            "low": "22.9324",
            "close": "22.9518"
        },
        {
            "time": "23.01.2021 23:46",
            "open": "22.9518",
            "high": "23",
            "low": "22.9502",
            "close": "22.987"
        },
        {
            "time": "23.01.2021 23:47",
            "open": "22.987",
            "high": "22.9891",
            "low": "22.987",
            "close": "23.0062"
        },
        {
            "time": "23.01.2021 23:53",
            "open": "23.0062",
            "high": "23.0062",
            "low": "23.0062",
            "close": "23.1275"
        },
        {
            "time": "23.01.2021 23:54",
            "open": "23.1275",
            "high": "23.2896",
            "low": "23.1275",
            "close": "23.1998"
        },
        {
            "time": "23.01.2021 23:55",
            "open": "23.1998",
            "high": "23.2673",
            "low": "23.1851",
            "close": "23.1582"
        },
        {
            "time": "23.01.2021 23:56",
            "open": "23.1582",
            "high": "23.1582",
            "low": "23.1252",
            "close": "23.1471"
        },
        {
            "time": "23.01.2021 23:57",
            "open": "23.1471",
            "high": "23.1471",
            "low": "23.1373",
            "close": "23.1743"
        }
    ]
}