{
    "NMR-EUR": [
        {
            "time": "26.11.2020 23:59",
            "open": "23.1146",
            "high": "23.1233",
            "low": "23.1146",
            "close": "23.1388"
        },
        {
            "time": "27.11.2020 00:00",
            "open": "23.1388",
            "high": "23.1388",
            "low": "23.1388",
            "close": "23.0216"
        },
        {
            "time": "27.11.2020 00:03",
            "open": "23.0216",
            "high": "23.0216",
            "low": "23.0216",
            "close": "23.1022"
        },
        {
            "time": "27.11.2020 00:05",
            "open": "23.1022",
            "high": "23.1063",
            "low": "23.1022",
            "close": "23.097"
        },
        {
            "time": "27.11.2020 00:10",
            "open": "23.097",
            "high": "23.097",
            "low": "23.0848",
            "close": "23.0335"
        },
        {
            "time": "27.11.2020 00:13",
            "open": "23.0335",
            "high": "23.0335",
            "low": "23.0335",
            "close": "23.1079"
        },
        {
            "time": "27.11.2020 00:14",
            "open": "23.1079",
            "high": "23.1377",
            "low": "23.1079",
            "close": "23.1557"
        },
        {
            "time": "27.11.2020 00:16",
            "open": "23.1557",
            "high": "23.1557",
            "low": "23.1324",
            "close": "23.1036"
        },
        {
            "time": "27.11.2020 00:17",
            "open": "23.1036",
            "high": "23.1036",
            "low": "23.1036",
            "close": "23.1416"
        },
        {
            "time": "27.11.2020 00:28",
            "open": "23.1416",
            "high": "23.2425",
            "low": "23.1416",
            "close": "23.3604"
        },
        {
            "time": "27.11.2020 00:29",
            "open": "23.3604",
            "high": "23.3604",
            "low": "23.3604",
            "close": "23.3779"
        },
        {
            "time": "27.11.2020 00:30",
            "open": "23.3779",
            "high": "23.3779",
            "low": "23.3779",
            "close": "23.4246"
        },
        {
            "time": "27.11.2020 00:33",
            "open": "23.4246",
            "high": "23.4246",
            "low": "23.4246",
            "close": "23.5513"
        },
        {
            "time": "27.11.2020 00:35",
            "open": "23.5513",
            "high": "23.5513",
            "low": "23.5513",
            "close": "23.6216"
        },
        {
            "time": "27.11.2020 00:36",
            "open": "23.6216",
            "high": "23.6216",
            "low": "23.6216",
            "close": "23.6619"
        },
        {
            "time": "27.11.2020 00:37",
            "open": "23.6619",
            "high": "23.7503",
            "low": "23.6619",
            "close": "23.7451"
        },
        {
            "time": "27.11.2020 00:38",
            "open": "23.7451",
            "high": "23.8013",
            "low": "23.7451",
            "close": "23.8642"
        },
        {
            "time": "27.11.2020 00:40",
            "open": "23.8642",
            "high": "23.8642",
            "low": "23.8537",
            "close": "23.9199"
        },
        {
            "time": "27.11.2020 00:43",
            "open": "23.9199",
            "high": "23.9199",
            "low": "23.903",
            "close": "23.9748"
        },
        {
            "time": "27.11.2020 00:44",
            "open": "23.9748",
            "high": "23.9748",
            "low": "23.9748",
            "close": "23.9748"
        },
        {
            "time": "27.11.2020 00:45",
            "open": "23.9748",
            "high": "23.975",
            "low": "23.9058",
            "close": "23.909"
        },
        {
            "time": "27.11.2020 00:46",
            "open": "23.909",
            "high": "23.909",
            "low": "23.8954",
            "close": "23.6561"
        },
        {
            "time": "27.11.2020 00:47",
            "open": "23.6561",
            "high": "23.6561",
            "low": "23.656",
            "close": "23.6431"
        },
        {
            "time": "27.11.2020 00:48",
            "open": "23.6431",
            "high": "23.6751",
            "low": "23.6203",
            "close": "23.6435"
        },
        {
            "time": "27.11.2020 00:49",
            "open": "23.6435",
            "high": "23.6435",
            "low": "23.5957",
            "close": "23.5084"
        },
        {
            "time": "27.11.2020 00:50",
            "open": "23.5084",
            "high": "23.5193",
            "low": "23.4925",
            "close": "23.442"
        },
        {
            "time": "27.11.2020 00:53",
            "open": "23.442",
            "high": "23.442",
            "low": "23.3901",
            "close": "23.4236"
        },
        {
            "time": "27.11.2020 00:54",
            "open": "23.4236",
            "high": "23.5016",
            "low": "23.4236",
            "close": "23.6905"
        },
        {
            "time": "27.11.2020 01:00",
            "open": "23.6905",
            "high": "23.6976",
            "low": "23.6886",
            "close": "23.5186"
        },
        {
            "time": "27.11.2020 01:03",
            "open": "23.5186",
            "high": "23.5186",
            "low": "23.5186",
            "close": "23.5786"
        },
        {
            "time": "27.11.2020 01:06",
            "open": "23.5786",
            "high": "23.5786",
            "low": "23.5687",
            "close": "23.5687"
        },
        {
            "time": "27.11.2020 01:07",
            "open": "23.5687",
            "high": "23.5687",
            "low": "23.5687",
            "close": "23.6055"
        },
        {
            "time": "27.11.2020 01:10",
            "open": "23.6055",
            "high": "23.6055",
            "low": "23.6053",
            "close": "23.6447"
        },
        {
            "time": "27.11.2020 01:13",
            "open": "23.6447",
            "high": "23.6447",
            "low": "23.6282",
            "close": "23.2184"
        },
        {
            "time": "27.11.2020 01:25",
            "open": "23.2184",
            "high": "23.2184",
            "low": "23.2184",
            "close": "23.2043"
        },
        {
            "time": "27.11.2020 01:26",
            "open": "23.2043",
            "high": "23.2043",
            "low": "23.1955",
            "close": "23.2919"
        },
        {
            "time": "27.11.2020 01:31",
            "open": "23.2919",
            "high": "23.2919",
            "low": "23.2855",
            "close": "23.3105"
        },
        {
            "time": "27.11.2020 01:32",
            "open": "23.3105",
            "high": "23.3529",
            "low": "23.3105",
            "close": "23.1589"
        },
        {
            "time": "27.11.2020 01:34",
            "open": "23.1589",
            "high": "23.1589",
            "low": "23.1589",
            "close": "23.1329"
        },
        {
            "time": "27.11.2020 01:35",
            "open": "23.1329",
            "high": "23.1354",
            "low": "23.1329",
            "close": "23.2531"
        },
        {
            "time": "27.11.2020 01:36",
            "open": "23.2531",
            "high": "23.2531",
            "low": "23.2531",
            "close": "23.0844"
        },
        {
            "time": "27.11.2020 01:39",
            "open": "23.0844",
            "high": "23.0844",
            "low": "23.0844",
            "close": "23.1895"
        },
        {
            "time": "27.11.2020 01:48",
            "open": "23.1895",
            "high": "23.1895",
            "low": "23.1801",
            "close": "23.2132"
        },
        {
            "time": "27.11.2020 01:49",
            "open": "23.2132",
            "high": "23.2132",
            "low": "23.2132",
            "close": "23.2094"
        },
        {
            "time": "27.11.2020 01:52",
            "open": "23.2094",
            "high": "23.2464",
            "low": "23.2094",
            "close": "23.3055"
        },
        {
            "time": "27.11.2020 01:53",
            "open": "23.3055",
            "high": "23.3055",
            "low": "23.3055",
            "close": "23.309"
        },
        {
            "time": "27.11.2020 02:01",
            "open": "23.309",
            "high": "23.309",
            "low": "23.309",
            "close": "23.3578"
        },
        {
            "time": "27.11.2020 02:02",
            "open": "23.3578",
            "high": "23.3851",
            "low": "23.3578",
            "close": "23.3251"
        },
        {
            "time": "27.11.2020 02:06",
            "open": "23.3251",
            "high": "23.3469",
            "low": "23.3238",
            "close": "23.311"
        },
        {
            "time": "27.11.2020 02:07",
            "open": "23.311",
            "high": "23.3586",
            "low": "23.311",
            "close": "23.3469"
        },
        {
            "time": "27.11.2020 02:12",
            "open": "23.3469",
            "high": "23.3469",
            "low": "23.3469",
            "close": "23.1656"
        },
        {
            "time": "27.11.2020 02:30",
            "open": "23.1656",
            "high": "23.1656",
            "low": "23.1656",
            "close": "23.1674"
        },
        {
            "time": "27.11.2020 02:37",
            "open": "23.1674",
            "high": "23.1674",
            "low": "23.1674",
            "close": "23.0462"
        },
        {
            "time": "27.11.2020 02:40",
            "open": "23.0462",
            "high": "23.0691",
            "low": "23.0462",
            "close": "23.1106"
        },
        {
            "time": "27.11.2020 02:41",
            "open": "23.1106",
            "high": "23.1193",
            "low": "23.1008",
            "close": "23.1765"
        },
        {
            "time": "27.11.2020 02:42",
            "open": "23.1765",
            "high": "23.1765",
            "low": "23.1381",
            "close": "23.1767"
        },
        {
            "time": "27.11.2020 02:44",
            "open": "23.1767",
            "high": "23.1767",
            "low": "23.1767",
            "close": "23.1267"
        },
        {
            "time": "27.11.2020 02:57",
            "open": "23.1267",
            "high": "23.1267",
            "low": "23.1265",
            "close": "23.1633"
        },
        {
            "time": "27.11.2020 02:59",
            "open": "23.1633",
            "high": "23.1633",
            "low": "23.1633",
            "close": "23.1265"
        },
        {
            "time": "27.11.2020 03:04",
            "open": "23.1265",
            "high": "23.143",
            "low": "23.1265",
            "close": "23.1327"
        },
        {
            "time": "27.11.2020 03:05",
            "open": "23.1327",
            "high": "23.1376",
            "low": "23.1132",
            "close": "23.0113"
        },
        {
            "time": "27.11.2020 03:07",
            "open": "23.0113",
            "high": "23.0113",
            "low": "23.0113",
            "close": "23.0332"
        },
        {
            "time": "27.11.2020 03:10",
            "open": "23.0332",
            "high": "23.0332",
            "low": "23.0332",
            "close": "22.9579"
        },
        {
            "time": "27.11.2020 03:14",
            "open": "22.9579",
            "high": "22.9694",
            "low": "22.9578",
            "close": "22.9578"
        },
        {
            "time": "27.11.2020 03:15",
            "open": "22.9578",
            "high": "22.9578",
            "low": "22.8874",
            "close": "22.9282"
        },
        {
            "time": "27.11.2020 03:20",
            "open": "22.9282",
            "high": "22.9311",
            "low": "22.9282",
            "close": "22.9481"
        },
        {
            "time": "27.11.2020 03:25",
            "open": "22.9481",
            "high": "22.9481",
            "low": "22.9196",
            "close": "22.9072"
        },
        {
            "time": "27.11.2020 03:29",
            "open": "22.9072",
            "high": "22.9072",
            "low": "22.9072",
            "close": "22.924"
        },
        {
            "time": "27.11.2020 03:32",
            "open": "22.924",
            "high": "22.924",
            "low": "22.924",
            "close": "22.8573"
        },
        {
            "time": "27.11.2020 03:36",
            "open": "22.8573",
            "high": "22.8573",
            "low": "22.8282",
            "close": "22.8462"
        },
        {
            "time": "27.11.2020 03:39",
            "open": "22.8462",
            "high": "22.8933",
            "low": "22.8462",
            "close": "22.75"
        },
        {
            "time": "27.11.2020 03:44",
            "open": "22.75",
            "high": "22.75",
            "low": "22.746",
            "close": "22.525"
        },
        {
            "time": "27.11.2020 03:46",
            "open": "22.525",
            "high": "22.525",
            "low": "22.4525",
            "close": "22.4973"
        },
        {
            "time": "27.11.2020 03:49",
            "open": "22.4973",
            "high": "22.5269",
            "low": "22.4973",
            "close": "22.4779"
        },
        {
            "time": "27.11.2020 03:57",
            "open": "22.4779",
            "high": "22.4779",
            "low": "22.4779",
            "close": "22.5272"
        },
        {
            "time": "27.11.2020 04:08",
            "open": "22.5272",
            "high": "22.7152",
            "low": "22.5272",
            "close": "22.7069"
        },
        {
            "time": "27.11.2020 04:09",
            "open": "22.7069",
            "high": "23.0398",
            "low": "22.7069",
            "close": "23.0678"
        },
        {
            "time": "27.11.2020 04:10",
            "open": "23.0678",
            "high": "23.1073",
            "low": "23.0678",
            "close": "23.1425"
        },
        {
            "time": "27.11.2020 04:11",
            "open": "23.1425",
            "high": "23.1425",
            "low": "23.1425",
            "close": "22.8326"
        },
        {
            "time": "27.11.2020 04:18",
            "open": "22.8326",
            "high": "22.8326",
            "low": "22.8326",
            "close": "23.1415"
        },
        {
            "time": "27.11.2020 04:50",
            "open": "23.1415",
            "high": "23.1415",
            "low": "23.1214",
            "close": "23.1373"
        },
        {
            "time": "27.11.2020 04:51",
            "open": "23.1373",
            "high": "23.1373",
            "low": "23.083",
            "close": "23.0743"
        },
        {
            "time": "27.11.2020 04:53",
            "open": "23.0743",
            "high": "23.0743",
            "low": "23.0743",
            "close": "22.8884"
        },
        {
            "time": "27.11.2020 04:54",
            "open": "22.8884",
            "high": "22.8885",
            "low": "22.8884",
            "close": "22.8973"
        },
        {
            "time": "27.11.2020 04:57",
            "open": "22.8973",
            "high": "22.8973",
            "low": "22.8973",
            "close": "22.8326"
        },
        {
            "time": "27.11.2020 05:00",
            "open": "22.8326",
            "high": "22.8326",
            "low": "22.8326",
            "close": "22.7717"
        },
        {
            "time": "27.11.2020 05:02",
            "open": "22.7717",
            "high": "22.7717",
            "low": "22.7717",
            "close": "22.7258"
        },
        {
            "time": "27.11.2020 05:04",
            "open": "22.7258",
            "high": "22.73",
            "low": "22.7254",
            "close": "22.7288"
        },
        {
            "time": "27.11.2020 05:05",
            "open": "22.7288",
            "high": "22.7288",
            "low": "22.7287",
            "close": "22.7283"
        },
        {
            "time": "27.11.2020 05:08",
            "open": "22.7283",
            "high": "22.7283",
            "low": "22.7193",
            "close": "22.6414"
        },
        {
            "time": "27.11.2020 05:09",
            "open": "22.6414",
            "high": "22.6414",
            "low": "22.5592",
            "close": "22.7482"
        },
        {
            "time": "27.11.2020 05:12",
            "open": "22.7482",
            "high": "22.7485",
            "low": "22.7482",
            "close": "22.7083"
        },
        {
            "time": "27.11.2020 05:15",
            "open": "22.7083",
            "high": "22.7083",
            "low": "22.7083",
            "close": "22.7224"
        },
        {
            "time": "27.11.2020 05:16",
            "open": "22.7224",
            "high": "22.7224",
            "low": "22.7224",
            "close": "22.6756"
        },
        {
            "time": "27.11.2020 05:18",
            "open": "22.6756",
            "high": "22.6756",
            "low": "22.6705",
            "close": "22.6674"
        },
        {
            "time": "27.11.2020 05:23",
            "open": "22.6674",
            "high": "22.6674",
            "low": "22.6674",
            "close": "22.6908"
        },
        {
            "time": "27.11.2020 05:25",
            "open": "22.6908",
            "high": "22.6908",
            "low": "22.6908",
            "close": "22.7414"
        },
        {
            "time": "27.11.2020 05:32",
            "open": "22.7414",
            "high": "22.7415",
            "low": "22.7414",
            "close": "22.7633"
        },
        {
            "time": "27.11.2020 05:36",
            "open": "22.7633",
            "high": "22.7633",
            "low": "22.7632",
            "close": "22.5594"
        },
        {
            "time": "27.11.2020 05:37",
            "open": "22.5594",
            "high": "22.5594",
            "low": "22.3555",
            "close": "22.4177"
        },
        {
            "time": "27.11.2020 05:38",
            "open": "22.4177",
            "high": "22.4646",
            "low": "22.4177",
            "close": "22.5194"
        },
        {
            "time": "27.11.2020 05:39",
            "open": "22.5194",
            "high": "22.5194",
            "low": "22.5194",
            "close": "22.5005"
        },
        {
            "time": "27.11.2020 05:40",
            "open": "22.5005",
            "high": "22.5456",
            "low": "22.5005",
            "close": "22.4566"
        },
        {
            "time": "27.11.2020 05:42",
            "open": "22.4566",
            "high": "22.457",
            "low": "22.4398",
            "close": "22.4276"
        },
        {
            "time": "27.11.2020 05:44",
            "open": "22.4276",
            "high": "22.4388",
            "low": "22.4276",
            "close": "22.47"
        },
        {
            "time": "27.11.2020 05:45",
            "open": "22.47",
            "high": "22.47",
            "low": "22.4675",
            "close": "22.3586"
        },
        {
            "time": "27.11.2020 05:46",
            "open": "22.3586",
            "high": "22.3586",
            "low": "22.3022",
            "close": "22.3583"
        },
        {
            "time": "27.11.2020 05:47",
            "open": "22.3583",
            "high": "22.4121",
            "low": "22.3583",
            "close": "22.4803"
        },
        {
            "time": "27.11.2020 05:48",
            "open": "22.4803",
            "high": "22.5576",
            "low": "22.4803",
            "close": "22.532"
        },
        {
            "time": "27.11.2020 05:49",
            "open": "22.532",
            "high": "22.5366",
            "low": "22.532",
            "close": "22.5"
        },
        {
            "time": "27.11.2020 05:52",
            "open": "22.5",
            "high": "22.5",
            "low": "22.5",
            "close": "22.5002"
        },
        {
            "time": "27.11.2020 05:54",
            "open": "22.5002",
            "high": "22.5002",
            "low": "22.4496",
            "close": "22.3277"
        },
        {
            "time": "27.11.2020 05:55",
            "open": "22.3277",
            "high": "22.3277",
            "low": "22.2738",
            "close": "22.3279"
        },
        {
            "time": "27.11.2020 05:56",
            "open": "22.3279",
            "high": "22.3302",
            "low": "22.3256",
            "close": "22.3361"
        },
        {
            "time": "27.11.2020 06:06",
            "open": "22.3361",
            "high": "22.3361",
            "low": "22.2911",
            "close": "22.3564"
        },
        {
            "time": "27.11.2020 06:12",
            "open": "22.3564",
            "high": "22.3569",
            "low": "22.3559",
            "close": "22.3647"
        },
        {
            "time": "27.11.2020 06:14",
            "open": "22.3647",
            "high": "22.3647",
            "low": "22.3647",
            "close": "22.3556"
        },
        {
            "time": "27.11.2020 06:18",
            "open": "22.3556",
            "high": "22.3556",
            "low": "22.3556",
            "close": "22.5"
        },
        {
            "time": "27.11.2020 06:22",
            "open": "22.5",
            "high": "22.5",
            "low": "22.5",
            "close": "22.5476"
        },
        {
            "time": "27.11.2020 06:30",
            "open": "22.5476",
            "high": "22.5476",
            "low": "22.547",
            "close": "22.5792"
        },
        {
            "time": "27.11.2020 06:32",
            "open": "22.5792",
            "high": "22.5792",
            "low": "22.5792",
            "close": "22.5792"
        },
        {
            "time": "27.11.2020 06:36",
            "open": "22.5792",
            "high": "22.5794",
            "low": "22.5792",
            "close": "22.6361"
        },
        {
            "time": "27.11.2020 06:40",
            "open": "22.6361",
            "high": "22.6361",
            "low": "22.6361",
            "close": "22.6508"
        },
        {
            "time": "27.11.2020 06:42",
            "open": "22.6508",
            "high": "22.6747",
            "low": "22.6508",
            "close": "22.6535"
        },
        {
            "time": "27.11.2020 06:43",
            "open": "22.6535",
            "high": "22.6535",
            "low": "22.6535",
            "close": "22.6423"
        },
        {
            "time": "27.11.2020 06:45",
            "open": "22.6423",
            "high": "22.6423",
            "low": "22.6423",
            "close": "22.6921"
        },
        {
            "time": "27.11.2020 06:50",
            "open": "22.6921",
            "high": "22.6921",
            "low": "22.6797",
            "close": "22.7369"
        },
        {
            "time": "27.11.2020 06:51",
            "open": "22.7369",
            "high": "22.7369",
            "low": "22.7369",
            "close": "22.71"
        },
        {
            "time": "27.11.2020 06:53",
            "open": "22.71",
            "high": "22.71",
            "low": "22.71",
            "close": "22.7249"
        },
        {
            "time": "27.11.2020 06:54",
            "open": "22.7249",
            "high": "22.7249",
            "low": "22.7249",
            "close": "22.7017"
        },
        {
            "time": "27.11.2020 07:03",
            "open": "22.7017",
            "high": "22.7017",
            "low": "22.7017",
            "close": "22.6285"
        },
        {
            "time": "27.11.2020 07:05",
            "open": "22.6285",
            "high": "22.6833",
            "low": "22.6285",
            "close": "22.6277"
        },
        {
            "time": "27.11.2020 07:12",
            "open": "22.6277",
            "high": "22.6277",
            "low": "22.6277",
            "close": "22.6226"
        },
        {
            "time": "27.11.2020 07:13",
            "open": "22.6226",
            "high": "22.6226",
            "low": "22.6221",
            "close": "22.6117"
        },
        {
            "time": "27.11.2020 07:14",
            "open": "22.6117",
            "high": "22.6117",
            "low": "22.6117",
            "close": "22.6574"
        },
        {
            "time": "27.11.2020 07:16",
            "open": "22.6574",
            "high": "22.6574",
            "low": "22.6574",
            "close": "22.6108"
        },
        {
            "time": "27.11.2020 07:18",
            "open": "22.6108",
            "high": "22.6108",
            "low": "22.6108",
            "close": "22.6832"
        },
        {
            "time": "27.11.2020 07:26",
            "open": "22.6832",
            "high": "22.6832",
            "low": "22.6832",
            "close": "22.7358"
        },
        {
            "time": "27.11.2020 07:27",
            "open": "22.7358",
            "high": "22.736",
            "low": "22.7358",
            "close": "22.87"
        },
        {
            "time": "27.11.2020 07:31",
            "open": "22.87",
            "high": "22.9006",
            "low": "22.8692",
            "close": "22.9816"
        },
        {
            "time": "27.11.2020 07:36",
            "open": "22.9816",
            "high": "22.9816",
            "low": "22.9816",
            "close": "23.0102"
        },
        {
            "time": "27.11.2020 07:37",
            "open": "23.0102",
            "high": "23.0102",
            "low": "22.9812",
            "close": "23.0416"
        },
        {
            "time": "27.11.2020 07:44",
            "open": "23.0416",
            "high": "23.0419",
            "low": "23.0416",
            "close": "23.0305"
        },
        {
            "time": "27.11.2020 07:56",
            "open": "23.0305",
            "high": "23.0305",
            "low": "23.0305",
            "close": "22.9715"
        },
        {
            "time": "27.11.2020 07:57",
            "open": "22.9715",
            "high": "22.9715",
            "low": "22.9715",
            "close": "23.0097"
        },
        {
            "time": "27.11.2020 07:59",
            "open": "23.0097",
            "high": "23.0097",
            "low": "23.0097",
            "close": "22.9352"
        },
        {
            "time": "27.11.2020 08:00",
            "open": "22.9352",
            "high": "22.9352",
            "low": "22.9352",
            "close": "23.0088"
        },
        {
            "time": "27.11.2020 08:01",
            "open": "23.0088",
            "high": "23.0088",
            "low": "23.0088",
            "close": "23.0106"
        },
        {
            "time": "27.11.2020 08:02",
            "open": "23.0106",
            "high": "23.0159",
            "low": "22.9997",
            "close": "22.9994"
        },
        {
            "time": "27.11.2020 08:03",
            "open": "22.9994",
            "high": "23.0045",
            "low": "22.994",
            "close": "22.9692"
        },
        {
            "time": "27.11.2020 08:04",
            "open": "22.9692",
            "high": "22.9845",
            "low": "22.9692",
            "close": "22.9288"
        },
        {
            "time": "27.11.2020 08:05",
            "open": "22.9288",
            "high": "22.9288",
            "low": "22.9288",
            "close": "22.8733"
        },
        {
            "time": "27.11.2020 08:06",
            "open": "22.8733",
            "high": "22.9479",
            "low": "22.8733",
            "close": "22.9405"
        },
        {
            "time": "27.11.2020 08:07",
            "open": "22.9405",
            "high": "22.9405",
            "low": "22.8227",
            "close": "22.9456"
        },
        {
            "time": "27.11.2020 08:08",
            "open": "22.9456",
            "high": "22.9597",
            "low": "22.8857",
            "close": "22.8733"
        },
        {
            "time": "27.11.2020 08:15",
            "open": "22.8733",
            "high": "22.8733",
            "low": "22.8733",
            "close": "22.8519"
        },
        {
            "time": "27.11.2020 08:24",
            "open": "22.8519",
            "high": "24.2055",
            "low": "22.8327",
            "close": "22.8515"
        },
        {
            "time": "27.11.2020 08:25",
            "open": "22.8515",
            "high": "22.8679",
            "low": "22.7773",
            "close": "22.8554"
        },
        {
            "time": "27.11.2020 08:26",
            "open": "22.8554",
            "high": "22.8554",
            "low": "22.8554",
            "close": "22.8464"
        },
        {
            "time": "27.11.2020 08:27",
            "open": "22.8464",
            "high": "22.8466",
            "low": "22.8447",
            "close": "22.806"
        },
        {
            "time": "27.11.2020 08:28",
            "open": "22.806",
            "high": "22.806",
            "low": "22.806",
            "close": "22.826"
        },
        {
            "time": "27.11.2020 08:29",
            "open": "22.826",
            "high": "22.826",
            "low": "22.826",
            "close": "22.7712"
        },
        {
            "time": "27.11.2020 08:32",
            "open": "22.7712",
            "high": "22.7712",
            "low": "22.7708",
            "close": "22.8471"
        },
        {
            "time": "27.11.2020 08:35",
            "open": "22.8471",
            "high": "22.8471",
            "low": "22.8469",
            "close": "22.8471"
        },
        {
            "time": "27.11.2020 08:38",
            "open": "22.8471",
            "high": "22.8471",
            "low": "22.8469",
            "close": "22.8658"
        },
        {
            "time": "27.11.2020 08:42",
            "open": "22.8658",
            "high": "22.8658",
            "low": "22.8658",
            "close": "22.8626"
        },
        {
            "time": "27.11.2020 08:43",
            "open": "22.8626",
            "high": "22.87",
            "low": "22.8626",
            "close": "22.8622"
        },
        {
            "time": "27.11.2020 08:44",
            "open": "22.8622",
            "high": "22.8622",
            "low": "22.8075",
            "close": "22.8054"
        },
        {
            "time": "27.11.2020 08:45",
            "open": "22.8054",
            "high": "22.8054",
            "low": "22.7915",
            "close": "22.7035"
        },
        {
            "time": "27.11.2020 08:56",
            "open": "22.7035",
            "high": "22.7035",
            "low": "22.7035",
            "close": "22.7064"
        },
        {
            "time": "27.11.2020 08:57",
            "open": "22.7064",
            "high": "22.7067",
            "low": "22.7064",
            "close": "22.6052"
        },
        {
            "time": "27.11.2020 08:59",
            "open": "22.6052",
            "high": "22.6052",
            "low": "22.6052",
            "close": "22.5837"
        },
        {
            "time": "27.11.2020 09:00",
            "open": "22.5837",
            "high": "22.5837",
            "low": "22.5837",
            "close": "22.502"
        },
        {
            "time": "27.11.2020 09:01",
            "open": "22.502",
            "high": "22.502",
            "low": "22.4653",
            "close": "22.4182"
        },
        {
            "time": "27.11.2020 09:02",
            "open": "22.4182",
            "high": "22.5187",
            "low": "22.1634",
            "close": "22.3589"
        },
        {
            "time": "27.11.2020 09:04",
            "open": "22.3589",
            "high": "22.3589",
            "low": "22.2736",
            "close": "22.1633"
        },
        {
            "time": "27.11.2020 09:07",
            "open": "22.1633",
            "high": "22.2189",
            "low": "22.1016",
            "close": "22.2078"
        },
        {
            "time": "27.11.2020 09:09",
            "open": "22.2078",
            "high": "22.2078",
            "low": "22.2078",
            "close": "22.1533"
        },
        {
            "time": "27.11.2020 09:10",
            "open": "22.1533",
            "high": "22.1533",
            "low": "22.1533",
            "close": "22.0933"
        },
        {
            "time": "27.11.2020 09:12",
            "open": "22.0933",
            "high": "22.0939",
            "low": "22.0488",
            "close": "22.0201"
        },
        {
            "time": "27.11.2020 09:13",
            "open": "22.0201",
            "high": "22.0207",
            "low": "22.0201",
            "close": "22.02"
        },
        {
            "time": "27.11.2020 09:14",
            "open": "22.02",
            "high": "22.02",
            "low": "22.0001",
            "close": "22.0062"
        },
        {
            "time": "27.11.2020 09:15",
            "open": "22.0062",
            "high": "22.0622",
            "low": "22.0001",
            "close": "22.0613"
        },
        {
            "time": "27.11.2020 09:16",
            "open": "22.0613",
            "high": "22.0613",
            "low": "22.0353",
            "close": "22.0029"
        },
        {
            "time": "27.11.2020 09:19",
            "open": "22.0029",
            "high": "22.0043",
            "low": "22.0029",
            "close": "22.0533"
        },
        {
            "time": "27.11.2020 09:21",
            "open": "22.0533",
            "high": "22.0535",
            "low": "22.0533",
            "close": "22.0033"
        },
        {
            "time": "27.11.2020 09:26",
            "open": "22.0033",
            "high": "22.0033",
            "low": "21.9699",
            "close": "22.0095"
        },
        {
            "time": "27.11.2020 09:27",
            "open": "22.0095",
            "high": "22.0288",
            "low": "22.0095",
            "close": "21.9698"
        },
        {
            "time": "27.11.2020 09:29",
            "open": "21.9698",
            "high": "21.9698",
            "low": "21.9611",
            "close": "21.9542"
        },
        {
            "time": "27.11.2020 09:34",
            "open": "21.9542",
            "high": "21.9542",
            "low": "21.9542",
            "close": "21.9611"
        },
        {
            "time": "27.11.2020 09:35",
            "open": "21.9611",
            "high": "21.9799",
            "low": "21.9611",
            "close": "22.0059"
        },
        {
            "time": "27.11.2020 09:37",
            "open": "22.0059",
            "high": "22.0059",
            "low": "22.0059",
            "close": "22.0059"
        },
        {
            "time": "27.11.2020 09:38",
            "open": "22.0059",
            "high": "22.0257",
            "low": "22.0032",
            "close": "21.9195"
        },
        {
            "time": "27.11.2020 09:43",
            "open": "21.9195",
            "high": "21.9409",
            "low": "21.9195",
            "close": "21.9513"
        },
        {
            "time": "27.11.2020 09:44",
            "open": "21.9513",
            "high": "21.9513",
            "low": "21.9513",
            "close": "22.1077"
        },
        {
            "time": "27.11.2020 09:47",
            "open": "22.1077",
            "high": "22.1285",
            "low": "22.1077",
            "close": "22.1266"
        },
        {
            "time": "27.11.2020 09:48",
            "open": "22.1266",
            "high": "22.2414",
            "low": "22.1202",
            "close": "22.3241"
        },
        {
            "time": "27.11.2020 09:50",
            "open": "22.3241",
            "high": "22.3507",
            "low": "22.3241",
            "close": "22.3791"
        },
        {
            "time": "27.11.2020 09:51",
            "open": "22.3791",
            "high": "22.3795",
            "low": "22.3775",
            "close": "22.4182"
        },
        {
            "time": "27.11.2020 09:52",
            "open": "22.4182",
            "high": "22.4591",
            "low": "22.3807",
            "close": "22.4656"
        },
        {
            "time": "27.11.2020 09:56",
            "open": "22.4656",
            "high": "22.4656",
            "low": "22.4566",
            "close": "22.4459"
        },
        {
            "time": "27.11.2020 09:57",
            "open": "22.4459",
            "high": "22.4492",
            "low": "22.4354",
            "close": "22.4633"
        },
        {
            "time": "27.11.2020 09:58",
            "open": "22.4633",
            "high": "22.516",
            "low": "22.4616",
            "close": "22.4834"
        },
        {
            "time": "27.11.2020 10:01",
            "open": "22.4834",
            "high": "22.4834",
            "low": "22.4834",
            "close": "22.526"
        },
        {
            "time": "27.11.2020 10:04",
            "open": "22.526",
            "high": "22.526",
            "low": "22.526",
            "close": "22.5159"
        },
        {
            "time": "27.11.2020 10:08",
            "open": "22.5159",
            "high": "22.5159",
            "low": "22.5159",
            "close": "22.3539"
        },
        {
            "time": "27.11.2020 10:21",
            "open": "22.3539",
            "high": "22.354",
            "low": "22.3468",
            "close": "22.2077"
        },
        {
            "time": "27.11.2020 10:32",
            "open": "22.2077",
            "high": "22.2161",
            "low": "22.2077",
            "close": "22.1633"
        },
        {
            "time": "27.11.2020 10:33",
            "open": "22.1633",
            "high": "22.1633",
            "low": "22.1633",
            "close": "21.9699"
        },
        {
            "time": "27.11.2020 10:37",
            "open": "21.9699",
            "high": "21.9699",
            "low": "21.9475",
            "close": "21.9417"
        },
        {
            "time": "27.11.2020 10:42",
            "open": "21.9417",
            "high": "21.9417",
            "low": "21.9417",
            "close": "21.886"
        },
        {
            "time": "27.11.2020 10:48",
            "open": "21.886",
            "high": "21.886",
            "low": "21.886",
            "close": "21.8409"
        },
        {
            "time": "27.11.2020 10:57",
            "open": "21.8409",
            "high": "21.8409",
            "low": "21.8388",
            "close": "21.824"
        },
        {
            "time": "27.11.2020 10:58",
            "open": "21.824",
            "high": "21.824",
            "low": "21.824",
            "close": "21.824"
        },
        {
            "time": "27.11.2020 10:59",
            "open": "21.824",
            "high": "21.824",
            "low": "21.824",
            "close": "21.9477"
        },
        {
            "time": "27.11.2020 11:02",
            "open": "21.9477",
            "high": "21.9479",
            "low": "21.9477",
            "close": "22.0457"
        },
        {
            "time": "27.11.2020 11:06",
            "open": "22.0457",
            "high": "22.0458",
            "low": "22.0457",
            "close": "21.9249"
        },
        {
            "time": "27.11.2020 11:16",
            "open": "21.9249",
            "high": "21.9249",
            "low": "21.9249",
            "close": "22.0168"
        },
        {
            "time": "27.11.2020 11:19",
            "open": "22.0168",
            "high": "22.0168",
            "low": "22.0168",
            "close": "22.1247"
        },
        {
            "time": "27.11.2020 11:27",
            "open": "22.1247",
            "high": "22.1351",
            "low": "22.1247",
            "close": "22.0762"
        },
        {
            "time": "27.11.2020 11:30",
            "open": "22.0762",
            "high": "22.1276",
            "low": "22.0762",
            "close": "22.1001"
        },
        {
            "time": "27.11.2020 11:31",
            "open": "22.1001",
            "high": "22.1335",
            "low": "22.1001",
            "close": "22.0265"
        },
        {
            "time": "27.11.2020 11:33",
            "open": "22.0265",
            "high": "22.0265",
            "low": "22.0265",
            "close": "22.052"
        },
        {
            "time": "27.11.2020 11:40",
            "open": "22.052",
            "high": "22.0522",
            "low": "22.052",
            "close": "22.033"
        },
        {
            "time": "27.11.2020 11:42",
            "open": "22.033",
            "high": "22.0332",
            "low": "22.033",
            "close": "21.9868"
        },
        {
            "time": "27.11.2020 11:44",
            "open": "21.9868",
            "high": "21.9868",
            "low": "21.9868",
            "close": "22.0113"
        },
        {
            "time": "27.11.2020 11:47",
            "open": "22.0113",
            "high": "22.0113",
            "low": "22.003",
            "close": "21.9923"
        },
        {
            "time": "27.11.2020 11:48",
            "open": "21.9923",
            "high": "21.9924",
            "low": "21.9764",
            "close": "21.9824"
        },
        {
            "time": "27.11.2020 11:49",
            "open": "21.9824",
            "high": "21.9837",
            "low": "21.9824",
            "close": "22.0569"
        },
        {
            "time": "27.11.2020 11:51",
            "open": "22.0569",
            "high": "22.0569",
            "low": "22.0476",
            "close": "22.1404"
        },
        {
            "time": "27.11.2020 11:52",
            "open": "22.1404",
            "high": "22.2475",
            "low": "22.1404",
            "close": "22.3224"
        },
        {
            "time": "27.11.2020 11:57",
            "open": "22.3224",
            "high": "22.3224",
            "low": "22.3224",
            "close": "22.3869"
        },
        {
            "time": "27.11.2020 12:00",
            "open": "22.3869",
            "high": "22.4433",
            "low": "22.3869",
            "close": "22.4021"
        },
        {
            "time": "27.11.2020 12:04",
            "open": "22.4021",
            "high": "22.4021",
            "low": "22.397",
            "close": "22.3842"
        },
        {
            "time": "27.11.2020 12:05",
            "open": "22.3842",
            "high": "22.3842",
            "low": "22.3842",
            "close": "22.4054"
        },
        {
            "time": "27.11.2020 12:07",
            "open": "22.4054",
            "high": "22.4206",
            "low": "22.4054",
            "close": "22.2088"
        },
        {
            "time": "27.11.2020 12:10",
            "open": "22.2088",
            "high": "22.2088",
            "low": "22.2088",
            "close": "22.3433"
        },
        {
            "time": "27.11.2020 12:14",
            "open": "22.3433",
            "high": "22.3702",
            "low": "22.3433",
            "close": "22.2723"
        },
        {
            "time": "27.11.2020 12:16",
            "open": "22.2723",
            "high": "22.2723",
            "low": "22.2723",
            "close": "22.2719"
        },
        {
            "time": "27.11.2020 12:19",
            "open": "22.2719",
            "high": "22.2719",
            "low": "22.2716",
            "close": "22.297"
        },
        {
            "time": "27.11.2020 12:31",
            "open": "22.297",
            "high": "22.297",
            "low": "22.2969",
            "close": "22.2557"
        },
        {
            "time": "27.11.2020 12:35",
            "open": "22.2557",
            "high": "22.2557",
            "low": "22.2557",
            "close": "22.1711"
        },
        {
            "time": "27.11.2020 12:59",
            "open": "22.1711",
            "high": "22.1711",
            "low": "22.1497",
            "close": "22.1757"
        },
        {
            "time": "27.11.2020 13:07",
            "open": "22.1757",
            "high": "22.1757",
            "low": "22.1757",
            "close": "22.2213"
        },
        {
            "time": "27.11.2020 13:14",
            "open": "22.2213",
            "high": "22.2213",
            "low": "22.2213",
            "close": "22.342"
        },
        {
            "time": "27.11.2020 13:25",
            "open": "22.342",
            "high": "22.342",
            "low": "22.342",
            "close": "22.3959"
        },
        {
            "time": "27.11.2020 13:30",
            "open": "22.3959",
            "high": "22.3959",
            "low": "22.3959",
            "close": "22.4198"
        },
        {
            "time": "27.11.2020 13:32",
            "open": "22.4198",
            "high": "22.4206",
            "low": "22.4198",
            "close": "22.4187"
        },
        {
            "time": "27.11.2020 13:34",
            "open": "22.4187",
            "high": "22.4187",
            "low": "22.4187",
            "close": "22.5103"
        },
        {
            "time": "27.11.2020 13:35",
            "open": "22.5103",
            "high": "22.5103",
            "low": "22.5103",
            "close": "22.6369"
        },
        {
            "time": "27.11.2020 13:42",
            "open": "22.6369",
            "high": "22.6369",
            "low": "22.6369",
            "close": "22.5965"
        },
        {
            "time": "27.11.2020 13:44",
            "open": "22.5965",
            "high": "22.75",
            "low": "22.5965",
            "close": "22.8008"
        },
        {
            "time": "27.11.2020 13:45",
            "open": "22.8008",
            "high": "22.8016",
            "low": "22.7709",
            "close": "22.5614"
        },
        {
            "time": "27.11.2020 13:56",
            "open": "22.5614",
            "high": "22.5614",
            "low": "22.5614",
            "close": "22.5671"
        },
        {
            "time": "27.11.2020 14:02",
            "open": "22.5671",
            "high": "22.573",
            "low": "22.5671",
            "close": "22.5879"
        },
        {
            "time": "27.11.2020 14:11",
            "open": "22.5879",
            "high": "22.6794",
            "low": "22.5879",
            "close": "22.6063"
        },
        {
            "time": "27.11.2020 14:14",
            "open": "22.6063",
            "high": "22.8193",
            "low": "22.5439",
            "close": "22.5389"
        },
        {
            "time": "27.11.2020 14:16",
            "open": "22.5389",
            "high": "22.5389",
            "low": "22.5389",
            "close": "22.4347"
        },
        {
            "time": "27.11.2020 14:17",
            "open": "22.4347",
            "high": "22.4347",
            "low": "22.4347",
            "close": "22.4383"
        },
        {
            "time": "27.11.2020 14:32",
            "open": "22.4383",
            "high": "22.4383",
            "low": "22.438",
            "close": "22.5062"
        },
        {
            "time": "27.11.2020 14:33",
            "open": "22.5062",
            "high": "22.5062",
            "low": "22.5062",
            "close": "22.4885"
        },
        {
            "time": "27.11.2020 14:44",
            "open": "22.4885",
            "high": "22.5188",
            "low": "22.4885",
            "close": "22.4284"
        },
        {
            "time": "27.11.2020 14:55",
            "open": "22.4284",
            "high": "22.4285",
            "low": "22.4284",
            "close": "22.4618"
        },
        {
            "time": "27.11.2020 14:58",
            "open": "22.4618",
            "high": "22.4618",
            "low": "22.4618",
            "close": "22.4694"
        },
        {
            "time": "27.11.2020 14:59",
            "open": "22.4694",
            "high": "22.4869",
            "low": "22.4694",
            "close": "22.4767"
        },
        {
            "time": "27.11.2020 15:00",
            "open": "22.4767",
            "high": "22.4768",
            "low": "22.466",
            "close": "22.4761"
        },
        {
            "time": "27.11.2020 15:01",
            "open": "22.4761",
            "high": "22.4761",
            "low": "22.4636",
            "close": "22.4236"
        },
        {
            "time": "27.11.2020 15:05",
            "open": "22.4236",
            "high": "22.4247",
            "low": "22.4236",
            "close": "22.4158"
        },
        {
            "time": "27.11.2020 15:14",
            "open": "22.4158",
            "high": "22.4158",
            "low": "22.4158",
            "close": "22.4161"
        },
        {
            "time": "27.11.2020 15:16",
            "open": "22.4161",
            "high": "22.4161",
            "low": "22.4161",
            "close": "22.452"
        },
        {
            "time": "27.11.2020 15:26",
            "open": "22.452",
            "high": "22.452",
            "low": "22.452",
            "close": "22.4772"
        },
        {
            "time": "27.11.2020 15:29",
            "open": "22.4772",
            "high": "22.4772",
            "low": "22.4772",
            "close": "22.5471"
        },
        {
            "time": "27.11.2020 15:35",
            "open": "22.5471",
            "high": "22.5471",
            "low": "22.5401",
            "close": "22.5518"
        },
        {
            "time": "27.11.2020 15:36",
            "open": "22.5518",
            "high": "22.5615",
            "low": "22.513",
            "close": "22.5098"
        },
        {
            "time": "27.11.2020 15:37",
            "open": "22.5098",
            "high": "22.513",
            "low": "22.5019",
            "close": "22.4812"
        },
        {
            "time": "27.11.2020 15:39",
            "open": "22.4812",
            "high": "22.4812",
            "low": "22.4812",
            "close": "22.2831"
        },
        {
            "time": "27.11.2020 15:40",
            "open": "22.2831",
            "high": "22.4103",
            "low": "22.2831",
            "close": "22.3324"
        },
        {
            "time": "27.11.2020 15:41",
            "open": "22.3324",
            "high": "22.4866",
            "low": "22.3324",
            "close": "22.3894"
        },
        {
            "time": "27.11.2020 15:42",
            "open": "22.3894",
            "high": "22.3896",
            "low": "22.3894",
            "close": "22.3492"
        },
        {
            "time": "27.11.2020 15:48",
            "open": "22.3492",
            "high": "22.3492",
            "low": "22.3492",
            "close": "22.4786"
        },
        {
            "time": "27.11.2020 15:54",
            "open": "22.4786",
            "high": "22.4786",
            "low": "22.4786",
            "close": "22.4695"
        },
        {
            "time": "27.11.2020 15:55",
            "open": "22.4695",
            "high": "22.4786",
            "low": "22.4299",
            "close": "22.4392"
        },
        {
            "time": "27.11.2020 15:59",
            "open": "22.4392",
            "high": "22.4444",
            "low": "22.4392",
            "close": "22.345"
        },
        {
            "time": "27.11.2020 16:00",
            "open": "22.345",
            "high": "22.345",
            "low": "22.345",
            "close": "22.3651"
        },
        {
            "time": "27.11.2020 16:04",
            "open": "22.3651",
            "high": "22.3651",
            "low": "22.3651",
            "close": "22.3016"
        },
        {
            "time": "27.11.2020 16:16",
            "open": "22.3016",
            "high": "22.3113",
            "low": "22.3016",
            "close": "22.3399"
        },
        {
            "time": "27.11.2020 16:19",
            "open": "22.3399",
            "high": "22.3401",
            "low": "22.2731",
            "close": "22.2438"
        },
        {
            "time": "27.11.2020 16:22",
            "open": "22.2438",
            "high": "22.2438",
            "low": "22.2438",
            "close": "22.2164"
        },
        {
            "time": "27.11.2020 16:23",
            "open": "22.2164",
            "high": "22.2673",
            "low": "22.1878",
            "close": "22.3138"
        },
        {
            "time": "27.11.2020 16:24",
            "open": "22.3138",
            "high": "22.3138",
            "low": "22.3138",
            "close": "22.2161"
        },
        {
            "time": "27.11.2020 16:29",
            "open": "22.2161",
            "high": "22.2161",
            "low": "22.2161",
            "close": "22.2163"
        },
        {
            "time": "27.11.2020 16:30",
            "open": "22.2163",
            "high": "22.2175",
            "low": "22.2161",
            "close": "22.2034"
        },
        {
            "time": "27.11.2020 16:37",
            "open": "22.2034",
            "high": "22.2034",
            "low": "22.1634",
            "close": "22.1637"
        },
        {
            "time": "27.11.2020 16:38",
            "open": "22.1637",
            "high": "22.1712",
            "low": "22.1063",
            "close": "22.1"
        },
        {
            "time": "27.11.2020 16:40",
            "open": "22.1",
            "high": "22.1",
            "low": "22",
            "close": "21.9698"
        },
        {
            "time": "27.11.2020 16:42",
            "open": "21.9698",
            "high": "21.9698",
            "low": "21.9698",
            "close": "21.9513"
        },
        {
            "time": "27.11.2020 16:45",
            "open": "21.9513",
            "high": "21.9513",
            "low": "21.9263",
            "close": "21.9243"
        },
        {
            "time": "27.11.2020 16:48",
            "open": "21.9243",
            "high": "21.9243",
            "low": "21.9243",
            "close": "21.8748"
        },
        {
            "time": "27.11.2020 16:53",
            "open": "21.8748",
            "high": "21.8748",
            "low": "21.8748",
            "close": "21.862"
        },
        {
            "time": "27.11.2020 16:55",
            "open": "21.862",
            "high": "21.862",
            "low": "21.862",
            "close": "21.8994"
        },
        {
            "time": "27.11.2020 16:59",
            "open": "21.8994",
            "high": "21.9001",
            "low": "21.8777",
            "close": "21.9219"
        },
        {
            "time": "27.11.2020 17:01",
            "open": "21.9219",
            "high": "21.9219",
            "low": "21.9219",
            "close": "21.8616"
        },
        {
            "time": "27.11.2020 17:02",
            "open": "21.8616",
            "high": "21.8616",
            "low": "21.8502",
            "close": "21.9091"
        },
        {
            "time": "27.11.2020 17:04",
            "open": "21.9091",
            "high": "21.9092",
            "low": "21.9091",
            "close": "21.9877"
        },
        {
            "time": "27.11.2020 17:05",
            "open": "21.9877",
            "high": "21.9886",
            "low": "21.9848",
            "close": "22.0346"
        },
        {
            "time": "27.11.2020 17:06",
            "open": "22.0346",
            "high": "22.0689",
            "low": "22.0346",
            "close": "22.269"
        },
        {
            "time": "27.11.2020 17:40",
            "open": "22.269",
            "high": "22.3697",
            "low": "22.269",
            "close": "22.3385"
        },
        {
            "time": "27.11.2020 17:44",
            "open": "22.3385",
            "high": "22.3385",
            "low": "22.3259",
            "close": "22.3858"
        },
        {
            "time": "27.11.2020 17:47",
            "open": "22.3858",
            "high": "22.3858",
            "low": "22.3792",
            "close": "22.3259"
        },
        {
            "time": "27.11.2020 17:48",
            "open": "22.3259",
            "high": "22.3259",
            "low": "22.3259",
            "close": "22.3903"
        },
        {
            "time": "27.11.2020 17:51",
            "open": "22.3903",
            "high": "22.4028",
            "low": "22.3903",
            "close": "22.4081"
        },
        {
            "time": "27.11.2020 17:56",
            "open": "22.4081",
            "high": "22.4081",
            "low": "22.4081",
            "close": "22.4182"
        },
        {
            "time": "27.11.2020 17:57",
            "open": "22.4182",
            "high": "22.4182",
            "low": "22.4182",
            "close": "22.4876"
        },
        {
            "time": "27.11.2020 18:00",
            "open": "22.4876",
            "high": "22.4876",
            "low": "22.4876",
            "close": "22.4324"
        },
        {
            "time": "27.11.2020 18:04",
            "open": "22.4324",
            "high": "22.4324",
            "low": "22.4324",
            "close": "22.4414"
        },
        {
            "time": "27.11.2020 18:05",
            "open": "22.4414",
            "high": "22.4456",
            "low": "22.4414",
            "close": "22.4655"
        },
        {
            "time": "27.11.2020 18:06",
            "open": "22.4655",
            "high": "22.4768",
            "low": "22.4549",
            "close": "22.5103"
        },
        {
            "time": "27.11.2020 18:09",
            "open": "22.5103",
            "high": "22.5296",
            "low": "22.5103",
            "close": "22.5768"
        },
        {
            "time": "27.11.2020 18:12",
            "open": "22.5768",
            "high": "22.6376",
            "low": "22.5768",
            "close": "22.5577"
        },
        {
            "time": "27.11.2020 18:13",
            "open": "22.5577",
            "high": "22.5577",
            "low": "22.5577",
            "close": "22.5563"
        },
        {
            "time": "27.11.2020 18:15",
            "open": "22.5563",
            "high": "22.5563",
            "low": "22.5563",
            "close": "22.5978"
        },
        {
            "time": "27.11.2020 18:20",
            "open": "22.5978",
            "high": "22.5978",
            "low": "22.5978",
            "close": "22.6745"
        },
        {
            "time": "27.11.2020 18:28",
            "open": "22.6745",
            "high": "22.6745",
            "low": "22.6745",
            "close": "22.6539"
        },
        {
            "time": "27.11.2020 18:30",
            "open": "22.6539",
            "high": "22.6539",
            "low": "22.6539",
            "close": "22.6586"
        },
        {
            "time": "27.11.2020 18:34",
            "open": "22.6586",
            "high": "22.7752",
            "low": "22.6381",
            "close": "22.6569"
        },
        {
            "time": "27.11.2020 18:37",
            "open": "22.6569",
            "high": "22.6651",
            "low": "22.6569",
            "close": "22.6259"
        },
        {
            "time": "27.11.2020 18:38",
            "open": "22.6259",
            "high": "22.6332",
            "low": "22.6259",
            "close": "22.6296"
        },
        {
            "time": "27.11.2020 18:39",
            "open": "22.6296",
            "high": "22.6382",
            "low": "22.6294",
            "close": "22.6304"
        },
        {
            "time": "27.11.2020 18:40",
            "open": "22.6304",
            "high": "22.6306",
            "low": "22.6299",
            "close": "22.6585"
        },
        {
            "time": "27.11.2020 18:41",
            "open": "22.6585",
            "high": "22.6585",
            "low": "22.6585",
            "close": "22.6732"
        },
        {
            "time": "27.11.2020 18:46",
            "open": "22.6732",
            "high": "22.6732",
            "low": "22.6732",
            "close": "22.6129"
        },
        {
            "time": "27.11.2020 18:49",
            "open": "22.6129",
            "high": "22.6129",
            "low": "22.6129",
            "close": "22.6526"
        },
        {
            "time": "27.11.2020 18:56",
            "open": "22.6526",
            "high": "22.6526",
            "low": "22.6526",
            "close": "22.6594"
        },
        {
            "time": "27.11.2020 19:03",
            "open": "22.6594",
            "high": "22.6594",
            "low": "22.6594",
            "close": "22.6884"
        },
        {
            "time": "27.11.2020 19:07",
            "open": "22.6884",
            "high": "22.6884",
            "low": "22.6884",
            "close": "22.7122"
        },
        {
            "time": "27.11.2020 19:08",
            "open": "22.7122",
            "high": "22.7122",
            "low": "22.7122",
            "close": "22.7328"
        },
        {
            "time": "27.11.2020 19:09",
            "open": "22.7328",
            "high": "22.7328",
            "low": "22.7326",
            "close": "22.7436"
        },
        {
            "time": "27.11.2020 19:10",
            "open": "22.7436",
            "high": "22.7436",
            "low": "22.7276",
            "close": "22.6788"
        },
        {
            "time": "27.11.2020 19:34",
            "open": "22.6788",
            "high": "22.6863",
            "low": "22.6788",
            "close": "22.6691"
        },
        {
            "time": "27.11.2020 19:38",
            "open": "22.6691",
            "high": "22.6692",
            "low": "22.6691",
            "close": "22.6863"
        },
        {
            "time": "27.11.2020 19:39",
            "open": "22.6863",
            "high": "22.6863",
            "low": "22.6863",
            "close": "22.6571"
        },
        {
            "time": "27.11.2020 19:45",
            "open": "22.6571",
            "high": "22.6571",
            "low": "22.6571",
            "close": "22.7"
        },
        {
            "time": "27.11.2020 19:47",
            "open": "22.7",
            "high": "22.7",
            "low": "22.7",
            "close": "22.7"
        },
        {
            "time": "27.11.2020 19:49",
            "open": "22.7",
            "high": "22.7",
            "low": "22.7",
            "close": "22.6554"
        },
        {
            "time": "27.11.2020 19:55",
            "open": "22.6554",
            "high": "22.6554",
            "low": "22.6554",
            "close": "22.7308"
        },
        {
            "time": "27.11.2020 19:59",
            "open": "22.7308",
            "high": "22.736",
            "low": "22.7308",
            "close": "22.6593"
        },
        {
            "time": "27.11.2020 20:02",
            "open": "22.6593",
            "high": "22.6593",
            "low": "22.6593",
            "close": "22.6779"
        },
        {
            "time": "27.11.2020 20:24",
            "open": "22.6779",
            "high": "22.6779",
            "low": "22.6779",
            "close": "22.7239"
        },
        {
            "time": "27.11.2020 20:32",
            "open": "22.7239",
            "high": "22.7648",
            "low": "22.7239",
            "close": "22.7036"
        },
        {
            "time": "27.11.2020 20:34",
            "open": "22.7036",
            "high": "22.7036",
            "low": "22.7036",
            "close": "22.738"
        },
        {
            "time": "27.11.2020 21:03",
            "open": "22.738",
            "high": "22.738",
            "low": "22.738",
            "close": "22.7438"
        },
        {
            "time": "27.11.2020 21:16",
            "open": "22.7438",
            "high": "22.7457",
            "low": "22.7438",
            "close": "22.7435"
        },
        {
            "time": "27.11.2020 21:24",
            "open": "22.7435",
            "high": "22.7435",
            "low": "22.7435",
            "close": "22.7456"
        },
        {
            "time": "27.11.2020 21:29",
            "open": "22.7456",
            "high": "22.7456",
            "low": "22.7456",
            "close": "22.7207"
        },
        {
            "time": "27.11.2020 21:39",
            "open": "22.7207",
            "high": "22.7207",
            "low": "22.7206",
            "close": "22.6616"
        },
        {
            "time": "27.11.2020 21:40",
            "open": "22.6616",
            "high": "22.6616",
            "low": "22.6616",
            "close": "22.6912"
        },
        {
            "time": "27.11.2020 21:51",
            "open": "22.6912",
            "high": "22.6912",
            "low": "22.6912",
            "close": "22.72"
        },
        {
            "time": "27.11.2020 21:56",
            "open": "22.72",
            "high": "22.72",
            "low": "22.7199",
            "close": "22.71"
        },
        {
            "time": "27.11.2020 22:02",
            "open": "22.71",
            "high": "22.71",
            "low": "22.71",
            "close": "22.66"
        },
        {
            "time": "27.11.2020 22:04",
            "open": "22.66",
            "high": "22.66",
            "low": "22.66",
            "close": "22.7177"
        },
        {
            "time": "27.11.2020 22:05",
            "open": "22.7177",
            "high": "22.7287",
            "low": "22.7177",
            "close": "22.7"
        },
        {
            "time": "27.11.2020 22:07",
            "open": "22.7",
            "high": "22.7",
            "low": "22.7",
            "close": "22.6534"
        },
        {
            "time": "27.11.2020 22:10",
            "open": "22.6534",
            "high": "22.6546",
            "low": "22.6534",
            "close": "22.7298"
        },
        {
            "time": "27.11.2020 22:12",
            "open": "22.7298",
            "high": "22.73",
            "low": "22.7298",
            "close": "22.73"
        },
        {
            "time": "27.11.2020 22:15",
            "open": "22.73",
            "high": "22.7423",
            "low": "22.73",
            "close": "22.737"
        },
        {
            "time": "27.11.2020 22:18",
            "open": "22.737",
            "high": "22.7478",
            "low": "22.737",
            "close": "22.6667"
        },
        {
            "time": "27.11.2020 22:32",
            "open": "22.6667",
            "high": "22.6667",
            "low": "22.65",
            "close": "22.6738"
        },
        {
            "time": "27.11.2020 22:36",
            "open": "22.6738",
            "high": "22.6738",
            "low": "22.6738",
            "close": "22.6906"
        },
        {
            "time": "27.11.2020 23:20",
            "open": "22.6906",
            "high": "22.6906",
            "low": "22.6594",
            "close": "22.7621"
        },
        {
            "time": "27.11.2020 23:21",
            "open": "22.7621",
            "high": "22.7621",
            "low": "22.6905",
            "close": "22.7028"
        },
        {
            "time": "27.11.2020 23:22",
            "open": "22.7028",
            "high": "22.7028",
            "low": "22.6961",
            "close": "22.7284"
        },
        {
            "time": "27.11.2020 23:23",
            "open": "22.7284",
            "high": "22.7284",
            "low": "22.6844",
            "close": "22.6019"
        }
    ]
}