{
    "NMR-EUR": [
        {
            "time": "29.01.2021 23:59",
            "open": "21.4739",
            "high": "21.4739",
            "low": "21.4739",
            "close": "21.4104"
        },
        {
            "time": "30.01.2021 00:02",
            "open": "21.4104",
            "high": "21.4104",
            "low": "21.3743",
            "close": "21.3403"
        },
        {
            "time": "30.01.2021 00:03",
            "open": "21.3403",
            "high": "21.3403",
            "low": "21.34",
            "close": "21.38"
        },
        {
            "time": "30.01.2021 00:10",
            "open": "21.38",
            "high": "21.38",
            "low": "21.38",
            "close": "21.3935"
        },
        {
            "time": "30.01.2021 00:11",
            "open": "21.3935",
            "high": "21.3938",
            "low": "21.3935",
            "close": "21.4343"
        },
        {
            "time": "30.01.2021 00:15",
            "open": "21.4343",
            "high": "21.4343",
            "low": "21.4343",
            "close": "21.5"
        },
        {
            "time": "30.01.2021 00:34",
            "open": "21.5",
            "high": "21.5",
            "low": "21.5",
            "close": "21.4575"
        },
        {
            "time": "30.01.2021 00:38",
            "open": "21.4575",
            "high": "21.4575",
            "low": "21.4575",
            "close": "21.4569"
        },
        {
            "time": "30.01.2021 00:39",
            "open": "21.4569",
            "high": "21.5599",
            "low": "21.4569",
            "close": "21.5528"
        },
        {
            "time": "30.01.2021 00:41",
            "open": "21.5528",
            "high": "21.5528",
            "low": "21.5528",
            "close": "21.5207"
        },
        {
            "time": "30.01.2021 00:43",
            "open": "21.5207",
            "high": "21.5207",
            "low": "21.5204",
            "close": "21.5206"
        },
        {
            "time": "30.01.2021 00:45",
            "open": "21.5206",
            "high": "21.5499",
            "low": "21.5206",
            "close": "21.4768"
        },
        {
            "time": "30.01.2021 00:46",
            "open": "21.4768",
            "high": "21.4768",
            "low": "21.4768",
            "close": "21.5669"
        },
        {
            "time": "30.01.2021 00:49",
            "open": "21.5669",
            "high": "21.5669",
            "low": "21.5669",
            "close": "21.4899"
        },
        {
            "time": "30.01.2021 00:52",
            "open": "21.4899",
            "high": "21.4899",
            "low": "21.4899",
            "close": "21.6029"
        },
        {
            "time": "30.01.2021 00:58",
            "open": "21.6029",
            "high": "21.6029",
            "low": "21.6029",
            "close": "21.6459"
        },
        {
            "time": "30.01.2021 01:01",
            "open": "21.6459",
            "high": "21.65",
            "low": "21.6459",
            "close": "21.65"
        },
        {
            "time": "30.01.2021 01:11",
            "open": "21.65",
            "high": "21.65",
            "low": "21.65",
            "close": "21.4581"
        },
        {
            "time": "30.01.2021 01:26",
            "open": "21.4581",
            "high": "21.4581",
            "low": "21.4581",
            "close": "21.4268"
        },
        {
            "time": "30.01.2021 01:27",
            "open": "21.4268",
            "high": "21.4269",
            "low": "21.4268",
            "close": "21.4389"
        },
        {
            "time": "30.01.2021 01:28",
            "open": "21.4389",
            "high": "21.4416",
            "low": "21.4389",
            "close": "21.4552"
        },
        {
            "time": "30.01.2021 01:30",
            "open": "21.4552",
            "high": "21.4586",
            "low": "21.4552",
            "close": "21.461"
        },
        {
            "time": "30.01.2021 01:31",
            "open": "21.461",
            "high": "21.5092",
            "low": "21.461",
            "close": "21.5048"
        },
        {
            "time": "30.01.2021 01:38",
            "open": "21.5048",
            "high": "21.5048",
            "low": "21.5048",
            "close": "21.5"
        },
        {
            "time": "30.01.2021 01:40",
            "open": "21.5",
            "high": "21.5",
            "low": "21.5",
            "close": "21.5048"
        },
        {
            "time": "30.01.2021 01:47",
            "open": "21.5048",
            "high": "21.5251",
            "low": "21.5048",
            "close": "21.4905"
        },
        {
            "time": "30.01.2021 01:52",
            "open": "21.4905",
            "high": "21.4905",
            "low": "21.4888",
            "close": "21.4821"
        },
        {
            "time": "30.01.2021 01:53",
            "open": "21.4821",
            "high": "21.4821",
            "low": "21.4806",
            "close": "21.4796"
        },
        {
            "time": "30.01.2021 01:56",
            "open": "21.4796",
            "high": "21.4796",
            "low": "21.4795",
            "close": "21.4733"
        },
        {
            "time": "30.01.2021 01:59",
            "open": "21.4733",
            "high": "21.4733",
            "low": "21.4695",
            "close": "21.5155"
        },
        {
            "time": "30.01.2021 02:08",
            "open": "21.5155",
            "high": "21.5155",
            "low": "21.5155",
            "close": "21.5837"
        },
        {
            "time": "30.01.2021 02:12",
            "open": "21.5837",
            "high": "21.5837",
            "low": "21.5837",
            "close": "21.5495"
        },
        {
            "time": "30.01.2021 02:18",
            "open": "21.5495",
            "high": "21.5495",
            "low": "21.5495",
            "close": "21.6238"
        },
        {
            "time": "30.01.2021 02:27",
            "open": "21.6238",
            "high": "21.6238",
            "low": "21.6238",
            "close": "21.6497"
        },
        {
            "time": "30.01.2021 02:36",
            "open": "21.6497",
            "high": "21.6498",
            "low": "21.6497",
            "close": "21.5919"
        },
        {
            "time": "30.01.2021 02:39",
            "open": "21.5919",
            "high": "21.5919",
            "low": "21.5918",
            "close": "21.6368"
        },
        {
            "time": "30.01.2021 02:46",
            "open": "21.6368",
            "high": "21.6373",
            "low": "21.6368",
            "close": "21.6889"
        },
        {
            "time": "30.01.2021 02:57",
            "open": "21.6889",
            "high": "21.6889",
            "low": "21.6889",
            "close": "21.6973"
        },
        {
            "time": "30.01.2021 03:00",
            "open": "21.6973",
            "high": "21.6973",
            "low": "21.6971",
            "close": "21.704"
        },
        {
            "time": "30.01.2021 03:09",
            "open": "21.704",
            "high": "21.704",
            "low": "21.704",
            "close": "21.7318"
        },
        {
            "time": "30.01.2021 03:13",
            "open": "21.7318",
            "high": "21.75",
            "low": "21.7318",
            "close": "21.6788"
        },
        {
            "time": "30.01.2021 03:16",
            "open": "21.6788",
            "high": "21.6788",
            "low": "21.6788",
            "close": "21.576"
        },
        {
            "time": "30.01.2021 03:48",
            "open": "21.576",
            "high": "21.576",
            "low": "21.576",
            "close": "21.4881"
        },
        {
            "time": "30.01.2021 04:30",
            "open": "21.4881",
            "high": "21.4881",
            "low": "21.4881",
            "close": "21.381"
        },
        {
            "time": "30.01.2021 04:32",
            "open": "21.381",
            "high": "21.381",
            "low": "21.3743",
            "close": "21.3505"
        },
        {
            "time": "30.01.2021 04:34",
            "open": "21.3505",
            "high": "21.3505",
            "low": "21.2292",
            "close": "21.367"
        },
        {
            "time": "30.01.2021 04:35",
            "open": "21.367",
            "high": "21.367",
            "low": "21.367",
            "close": "21.3504"
        },
        {
            "time": "30.01.2021 04:36",
            "open": "21.3504",
            "high": "21.3504",
            "low": "21.3504",
            "close": "21.4187"
        },
        {
            "time": "30.01.2021 04:39",
            "open": "21.4187",
            "high": "21.4818",
            "low": "21.4187",
            "close": "21.5374"
        },
        {
            "time": "30.01.2021 05:15",
            "open": "21.5374",
            "high": "21.5868",
            "low": "21.5374",
            "close": "21.597"
        },
        {
            "time": "30.01.2021 05:16",
            "open": "21.597",
            "high": "21.6035",
            "low": "21.597",
            "close": "21.575"
        },
        {
            "time": "30.01.2021 05:17",
            "open": "21.575",
            "high": "21.575",
            "low": "21.575",
            "close": "21.6386"
        },
        {
            "time": "30.01.2021 05:23",
            "open": "21.6386",
            "high": "21.6386",
            "low": "21.6386",
            "close": "21.6617"
        },
        {
            "time": "30.01.2021 05:46",
            "open": "21.6617",
            "high": "21.6617",
            "low": "21.6617",
            "close": "21.6303"
        },
        {
            "time": "30.01.2021 05:51",
            "open": "21.6303",
            "high": "21.6303",
            "low": "21.6303",
            "close": "21.4899"
        },
        {
            "time": "30.01.2021 06:13",
            "open": "21.4899",
            "high": "21.4899",
            "low": "21.4899",
            "close": "21.5348"
        },
        {
            "time": "30.01.2021 06:24",
            "open": "21.5348",
            "high": "21.5348",
            "low": "21.5348",
            "close": "21.608"
        },
        {
            "time": "30.01.2021 06:28",
            "open": "21.608",
            "high": "21.608",
            "low": "21.608",
            "close": "21.5067"
        },
        {
            "time": "30.01.2021 06:44",
            "open": "21.5067",
            "high": "21.5067",
            "low": "21.5067",
            "close": "21.5345"
        },
        {
            "time": "30.01.2021 06:56",
            "open": "21.5345",
            "high": "21.5345",
            "low": "21.5345",
            "close": "21.4333"
        },
        {
            "time": "30.01.2021 07:29",
            "open": "21.4333",
            "high": "21.4333",
            "low": "21.2613",
            "close": "21.4761"
        },
        {
            "time": "30.01.2021 07:34",
            "open": "21.4761",
            "high": "21.4761",
            "low": "21.4761",
            "close": "21.4331"
        },
        {
            "time": "30.01.2021 07:38",
            "open": "21.4331",
            "high": "21.4331",
            "low": "21.4331",
            "close": "21.595"
        },
        {
            "time": "30.01.2021 07:42",
            "open": "21.595",
            "high": "21.595",
            "low": "21.595",
            "close": "21.6106"
        },
        {
            "time": "30.01.2021 07:45",
            "open": "21.6106",
            "high": "21.6474",
            "low": "21.6106",
            "close": "21.6926"
        },
        {
            "time": "30.01.2021 07:46",
            "open": "21.6926",
            "high": "21.727",
            "low": "21.6926",
            "close": "21.7182"
        },
        {
            "time": "30.01.2021 07:47",
            "open": "21.7182",
            "high": "21.7683",
            "low": "21.7182",
            "close": "21.7178"
        },
        {
            "time": "30.01.2021 07:48",
            "open": "21.7178",
            "high": "21.7178",
            "low": "21.7178",
            "close": "21.7249"
        },
        {
            "time": "30.01.2021 08:13",
            "open": "21.7249",
            "high": "21.7249",
            "low": "21.7249",
            "close": "21.7497"
        },
        {
            "time": "30.01.2021 08:21",
            "open": "21.6497",
            "high": "21.6497",
            "low": "21.6497",
            "close": "21.55"
        },
        {
            "time": "30.01.2021 08:27",
            "open": "21.55",
            "high": "21.55",
            "low": "21.55",
            "close": "21.4769"
        },
        {
            "time": "30.01.2021 08:40",
            "open": "21.4769",
            "high": "21.4769",
            "low": "21.4178",
            "close": "21.4239"
        },
        {
            "time": "30.01.2021 08:43",
            "open": "21.4239",
            "high": "21.4239",
            "low": "21.4238",
            "close": "21.4973"
        },
        {
            "time": "30.01.2021 08:44",
            "open": "21.4973",
            "high": "21.4973",
            "low": "21.4973",
            "close": "21.6033"
        },
        {
            "time": "30.01.2021 09:15",
            "open": "21.6033",
            "high": "21.6034",
            "low": "21.6032",
            "close": "21.6032"
        },
        {
            "time": "30.01.2021 09:27",
            "open": "21.6032",
            "high": "21.6032",
            "low": "21.6032",
            "close": "21.6086"
        },
        {
            "time": "30.01.2021 09:32",
            "open": "21.6086",
            "high": "21.6086",
            "low": "21.6086",
            "close": "21.7269"
        },
        {
            "time": "30.01.2021 09:34",
            "open": "21.7269",
            "high": "21.7269",
            "low": "21.7269",
            "close": "21.7103"
        },
        {
            "time": "30.01.2021 09:35",
            "open": "21.7181",
            "high": "21.7181",
            "low": "21.7181",
            "close": "21.65"
        },
        {
            "time": "30.01.2021 10:15",
            "open": "21.65",
            "high": "21.65",
            "low": "21.65",
            "close": "21.6492"
        },
        {
            "time": "30.01.2021 10:20",
            "open": "21.6492",
            "high": "21.8608",
            "low": "21.6492",
            "close": "21.6747"
        },
        {
            "time": "30.01.2021 10:21",
            "open": "21.6747",
            "high": "21.6747",
            "low": "21.6133",
            "close": "21.6222"
        },
        {
            "time": "30.01.2021 10:33",
            "open": "21.6222",
            "high": "21.6222",
            "low": "21.6203",
            "close": "21.6915"
        },
        {
            "time": "30.01.2021 10:37",
            "open": "21.6915",
            "high": "21.6915",
            "low": "21.6915",
            "close": "21.7376"
        },
        {
            "time": "30.01.2021 10:52",
            "open": "21.7376",
            "high": "21.7376",
            "low": "21.7376",
            "close": "21.7376"
        },
        {
            "time": "30.01.2021 10:57",
            "open": "21.7376",
            "high": "21.7376",
            "low": "21.7376",
            "close": "21.7034"
        },
        {
            "time": "30.01.2021 11:01",
            "open": "21.7034",
            "high": "21.7097",
            "low": "21.7034",
            "close": "21.6278"
        },
        {
            "time": "30.01.2021 11:16",
            "open": "21.6278",
            "high": "21.6278",
            "low": "21.6278",
            "close": "21.6408"
        },
        {
            "time": "30.01.2021 11:19",
            "open": "21.6408",
            "high": "21.6408",
            "low": "21.6408",
            "close": "21.6224"
        },
        {
            "time": "30.01.2021 11:29",
            "open": "21.6224",
            "high": "21.6314",
            "low": "21.6224",
            "close": "21.6183"
        },
        {
            "time": "30.01.2021 11:30",
            "open": "21.6183",
            "high": "21.6183",
            "low": "21.6183",
            "close": "21.5897"
        },
        {
            "time": "30.01.2021 11:32",
            "open": "21.5897",
            "high": "21.5897",
            "low": "21.5897",
            "close": "21.5524"
        },
        {
            "time": "30.01.2021 11:33",
            "open": "21.5524",
            "high": "21.5524",
            "low": "21.55",
            "close": "21.5886"
        },
        {
            "time": "30.01.2021 11:44",
            "open": "21.5886",
            "high": "21.5886",
            "low": "21.5886",
            "close": "21.5338"
        },
        {
            "time": "30.01.2021 11:46",
            "open": "21.5338",
            "high": "21.5338",
            "low": "21.5338",
            "close": "21.6387"
        },
        {
            "time": "30.01.2021 11:50",
            "open": "21.6387",
            "high": "21.6387",
            "low": "21.6387",
            "close": "21.6387"
        },
        {
            "time": "30.01.2021 11:53",
            "open": "21.6387",
            "high": "21.6387",
            "low": "21.6387",
            "close": "21.6562"
        },
        {
            "time": "30.01.2021 11:54",
            "open": "21.6562",
            "high": "21.6562",
            "low": "21.6562",
            "close": "21.6262"
        },
        {
            "time": "30.01.2021 11:58",
            "open": "21.6262",
            "high": "21.6818",
            "low": "21.6262",
            "close": "21.725"
        },
        {
            "time": "30.01.2021 12:00",
            "open": "21.725",
            "high": "21.7587",
            "low": "21.725",
            "close": "21.7149"
        },
        {
            "time": "30.01.2021 12:14",
            "open": "21.7149",
            "high": "21.7149",
            "low": "21.7149",
            "close": "21.7047"
        },
        {
            "time": "30.01.2021 12:19",
            "open": "21.7047",
            "high": "21.7047",
            "low": "21.7047",
            "close": "21.6369"
        },
        {
            "time": "30.01.2021 12:23",
            "open": "21.6369",
            "high": "21.6369",
            "low": "21.6368",
            "close": "21.6578"
        },
        {
            "time": "30.01.2021 12:29",
            "open": "21.6578",
            "high": "21.6578",
            "low": "21.6578",
            "close": "21.6872"
        },
        {
            "time": "30.01.2021 12:33",
            "open": "21.6872",
            "high": "21.6872",
            "low": "21.6872",
            "close": "21.6791"
        },
        {
            "time": "30.01.2021 12:36",
            "open": "21.6791",
            "high": "21.6791",
            "low": "21.6791",
            "close": "21.501"
        },
        {
            "time": "30.01.2021 12:57",
            "open": "21.501",
            "high": "21.501",
            "low": "21.4903",
            "close": "21.4692"
        },
        {
            "time": "30.01.2021 13:00",
            "open": "21.4692",
            "high": "21.4692",
            "low": "21.4272",
            "close": "21.41"
        },
        {
            "time": "30.01.2021 13:01",
            "open": "21.41",
            "high": "21.41",
            "low": "21.41",
            "close": "21.4148"
        },
        {
            "time": "30.01.2021 13:05",
            "open": "21.4148",
            "high": "21.4148",
            "low": "21.4148",
            "close": "21.4651"
        },
        {
            "time": "30.01.2021 13:20",
            "open": "21.4651",
            "high": "21.4652",
            "low": "21.4651",
            "close": "21.5532"
        },
        {
            "time": "30.01.2021 13:23",
            "open": "21.5532",
            "high": "21.5532",
            "low": "21.5532",
            "close": "21.5712"
        },
        {
            "time": "30.01.2021 13:38",
            "open": "21.5712",
            "high": "21.5712",
            "low": "21.5492",
            "close": "21.4431"
        },
        {
            "time": "30.01.2021 13:41",
            "open": "21.4431",
            "high": "21.4431",
            "low": "21.4431",
            "close": "21.4042"
        },
        {
            "time": "30.01.2021 13:42",
            "open": "21.4042",
            "high": "21.4042",
            "low": "21.4042",
            "close": "21.39"
        },
        {
            "time": "30.01.2021 13:48",
            "open": "21.39",
            "high": "21.39",
            "low": "21.3743",
            "close": "21.3606"
        },
        {
            "time": "30.01.2021 13:51",
            "open": "21.3606",
            "high": "21.3606",
            "low": "21.3606",
            "close": "21.4311"
        },
        {
            "time": "30.01.2021 13:55",
            "open": "21.4311",
            "high": "21.4311",
            "low": "21.4311",
            "close": "21.4643"
        },
        {
            "time": "30.01.2021 13:57",
            "open": "21.4643",
            "high": "21.4643",
            "low": "21.4643",
            "close": "21.4527"
        },
        {
            "time": "30.01.2021 13:59",
            "open": "21.4527",
            "high": "21.4527",
            "low": "21.4527",
            "close": "21.4527"
        },
        {
            "time": "30.01.2021 14:01",
            "open": "21.4527",
            "high": "21.4837",
            "low": "21.4527",
            "close": "21.462"
        },
        {
            "time": "30.01.2021 14:06",
            "open": "21.462",
            "high": "21.462",
            "low": "21.462",
            "close": "21.5274"
        },
        {
            "time": "30.01.2021 14:12",
            "open": "21.5274",
            "high": "21.704",
            "low": "21.5274",
            "close": "21.7423"
        },
        {
            "time": "30.01.2021 14:13",
            "open": "21.7423",
            "high": "21.7423",
            "low": "21.7423",
            "close": "21.7681"
        },
        {
            "time": "30.01.2021 14:14",
            "open": "21.7681",
            "high": "21.7928",
            "low": "21.7681",
            "close": "21.701"
        },
        {
            "time": "30.01.2021 14:15",
            "open": "21.701",
            "high": "21.701",
            "low": "21.6999",
            "close": "21.6124"
        },
        {
            "time": "30.01.2021 14:16",
            "open": "21.6124",
            "high": "21.6126",
            "low": "21.5256",
            "close": "21.5596"
        },
        {
            "time": "30.01.2021 14:18",
            "open": "21.5596",
            "high": "21.5596",
            "low": "21.5592",
            "close": "21.6449"
        },
        {
            "time": "30.01.2021 14:29",
            "open": "21.6449",
            "high": "21.6449",
            "low": "21.6449",
            "close": "21.597"
        },
        {
            "time": "30.01.2021 14:47",
            "open": "21.597",
            "high": "21.597",
            "low": "21.5298",
            "close": "21.408"
        },
        {
            "time": "30.01.2021 14:59",
            "open": "21.408",
            "high": "21.408",
            "low": "21.4078",
            "close": "21.5047"
        },
        {
            "time": "30.01.2021 15:00",
            "open": "21.5047",
            "high": "21.5047",
            "low": "21.5047",
            "close": "21.4604"
        },
        {
            "time": "30.01.2021 15:08",
            "open": "21.4604",
            "high": "21.4604",
            "low": "21.4604",
            "close": "21.536"
        },
        {
            "time": "30.01.2021 15:20",
            "open": "21.536",
            "high": "21.6499",
            "low": "21.536",
            "close": "21.5426"
        },
        {
            "time": "30.01.2021 15:24",
            "open": "21.5426",
            "high": "21.5426",
            "low": "21.5426",
            "close": "21.5428"
        },
        {
            "time": "30.01.2021 15:26",
            "open": "21.5428",
            "high": "21.5428",
            "low": "21.5428",
            "close": "21.4913"
        },
        {
            "time": "30.01.2021 15:27",
            "open": "21.4913",
            "high": "21.4913",
            "low": "21.4908",
            "close": "21.5446"
        },
        {
            "time": "30.01.2021 15:32",
            "open": "21.5446",
            "high": "21.5446",
            "low": "21.5446",
            "close": "21.5575"
        },
        {
            "time": "30.01.2021 15:35",
            "open": "21.5575",
            "high": "21.5575",
            "low": "21.5575",
            "close": "21.4926"
        },
        {
            "time": "30.01.2021 15:50",
            "open": "21.4926",
            "high": "21.5632",
            "low": "21.4925",
            "close": "21.5737"
        },
        {
            "time": "30.01.2021 15:51",
            "open": "21.5737",
            "high": "21.5861",
            "low": "21.5737",
            "close": "21.586"
        },
        {
            "time": "30.01.2021 16:00",
            "open": "21.586",
            "high": "21.586",
            "low": "21.586",
            "close": "21.6107"
        },
        {
            "time": "30.01.2021 16:02",
            "open": "21.6107",
            "high": "21.6107",
            "low": "21.6107",
            "close": "21.6074"
        },
        {
            "time": "30.01.2021 16:07",
            "open": "21.6074",
            "high": "21.6074",
            "low": "21.6074",
            "close": "21.6076"
        },
        {
            "time": "30.01.2021 16:09",
            "open": "21.6076",
            "high": "21.6076",
            "low": "21.6076",
            "close": "21.6076"
        },
        {
            "time": "30.01.2021 16:12",
            "open": "21.6076",
            "high": "21.6076",
            "low": "21.5681",
            "close": "21.6055"
        },
        {
            "time": "30.01.2021 16:14",
            "open": "21.6055",
            "high": "21.6055",
            "low": "21.6055",
            "close": "21.5704"
        },
        {
            "time": "30.01.2021 16:25",
            "open": "21.5704",
            "high": "21.5713",
            "low": "21.5704",
            "close": "21.6058"
        },
        {
            "time": "30.01.2021 16:27",
            "open": "21.6058",
            "high": "21.6438",
            "low": "21.6058",
            "close": "21.6438"
        },
        {
            "time": "30.01.2021 16:31",
            "open": "21.6438",
            "high": "21.6438",
            "low": "21.6438",
            "close": "21.6438"
        },
        {
            "time": "30.01.2021 16:39",
            "open": "21.6438",
            "high": "21.6438",
            "low": "21.6438",
            "close": "21.6034"
        },
        {
            "time": "30.01.2021 16:41",
            "open": "21.6034",
            "high": "21.6499",
            "low": "21.6034",
            "close": "21.6499"
        },
        {
            "time": "30.01.2021 16:43",
            "open": "21.6499",
            "high": "21.6499",
            "low": "21.6499",
            "close": "21.6347"
        },
        {
            "time": "30.01.2021 16:44",
            "open": "21.6347",
            "high": "21.6347",
            "low": "21.6347",
            "close": "21.6499"
        },
        {
            "time": "30.01.2021 16:45",
            "open": "21.6499",
            "high": "21.7397",
            "low": "21.6499",
            "close": "21.6687"
        },
        {
            "time": "30.01.2021 16:46",
            "open": "21.6687",
            "high": "21.6688",
            "low": "21.6682",
            "close": "21.6077"
        },
        {
            "time": "30.01.2021 16:49",
            "open": "21.6077",
            "high": "21.6077",
            "low": "21.6077",
            "close": "21.6926"
        },
        {
            "time": "30.01.2021 16:53",
            "open": "21.6926",
            "high": "21.6926",
            "low": "21.6926",
            "close": "21.7002"
        },
        {
            "time": "30.01.2021 16:57",
            "open": "21.7002",
            "high": "21.7002",
            "low": "21.7002",
            "close": "21.7002"
        },
        {
            "time": "30.01.2021 16:58",
            "open": "21.7002",
            "high": "21.7002",
            "low": "21.7002",
            "close": "21.6789"
        },
        {
            "time": "30.01.2021 16:59",
            "open": "21.6789",
            "high": "21.6789",
            "low": "21.6789",
            "close": "21.6606"
        },
        {
            "time": "30.01.2021 17:00",
            "open": "21.6606",
            "high": "21.6606",
            "low": "21.6606",
            "close": "21.7034"
        },
        {
            "time": "30.01.2021 17:10",
            "open": "21.7034",
            "high": "21.7034",
            "low": "21.7034",
            "close": "21.7374"
        },
        {
            "time": "30.01.2021 17:16",
            "open": "21.7374",
            "high": "21.9168",
            "low": "21.7374",
            "close": "21.7561"
        },
        {
            "time": "30.01.2021 17:18",
            "open": "21.7561",
            "high": "21.7561",
            "low": "21.7561",
            "close": "21.7443"
        },
        {
            "time": "30.01.2021 17:20",
            "open": "21.7443",
            "high": "21.7443",
            "low": "21.6712",
            "close": "21.7541"
        },
        {
            "time": "30.01.2021 17:23",
            "open": "21.7541",
            "high": "21.7541",
            "low": "21.7541",
            "close": "21.6712"
        },
        {
            "time": "30.01.2021 17:27",
            "open": "21.6712",
            "high": "21.6712",
            "low": "21.6712",
            "close": "21.6388"
        },
        {
            "time": "30.01.2021 17:29",
            "open": "21.6388",
            "high": "21.6895",
            "low": "21.6388",
            "close": "21.7436"
        },
        {
            "time": "30.01.2021 17:33",
            "open": "21.7436",
            "high": "21.7436",
            "low": "21.7436",
            "close": "21.7436"
        },
        {
            "time": "30.01.2021 17:36",
            "open": "21.7436",
            "high": "21.7436",
            "low": "21.7293",
            "close": "21.6915"
        },
        {
            "time": "30.01.2021 17:39",
            "open": "21.6915",
            "high": "21.6915",
            "low": "21.6915",
            "close": "21.7727"
        },
        {
            "time": "30.01.2021 17:42",
            "open": "21.7727",
            "high": "21.7728",
            "low": "21.7",
            "close": "21.6919"
        },
        {
            "time": "30.01.2021 17:44",
            "open": "21.6919",
            "high": "21.6919",
            "low": "21.69",
            "close": "21.69"
        },
        {
            "time": "30.01.2021 17:49",
            "open": "21.69",
            "high": "21.69",
            "low": "21.69",
            "close": "21.6906"
        },
        {
            "time": "30.01.2021 17:50",
            "open": "21.6906",
            "high": "21.6906",
            "low": "21.6906",
            "close": "21.7098"
        },
        {
            "time": "30.01.2021 17:56",
            "open": "21.7098",
            "high": "21.7098",
            "low": "21.7098",
            "close": "21.7094"
        },
        {
            "time": "30.01.2021 17:57",
            "open": "21.7094",
            "high": "21.8889",
            "low": "21.7094",
            "close": "21.7519"
        },
        {
            "time": "30.01.2021 18:00",
            "open": "21.7519",
            "high": "21.7519",
            "low": "21.7519",
            "close": "21.675"
        },
        {
            "time": "30.01.2021 18:08",
            "open": "21.675",
            "high": "21.675",
            "low": "21.675",
            "close": "21.6386"
        },
        {
            "time": "30.01.2021 18:14",
            "open": "21.6386",
            "high": "21.6386",
            "low": "21.6386",
            "close": "21.6523"
        },
        {
            "time": "30.01.2021 18:15",
            "open": "21.6523",
            "high": "21.6523",
            "low": "21.6523",
            "close": "21.6523"
        },
        {
            "time": "30.01.2021 18:24",
            "open": "21.6523",
            "high": "21.6523",
            "low": "21.6523",
            "close": "21.5803"
        },
        {
            "time": "30.01.2021 18:25",
            "open": "21.5803",
            "high": "21.5803",
            "low": "21.58",
            "close": "21.6328"
        },
        {
            "time": "30.01.2021 18:48",
            "open": "21.6328",
            "high": "21.6328",
            "low": "21.6328",
            "close": "21.63"
        },
        {
            "time": "30.01.2021 18:49",
            "open": "21.63",
            "high": "21.63",
            "low": "21.63",
            "close": "21.63"
        },
        {
            "time": "30.01.2021 18:51",
            "open": "21.63",
            "high": "21.63",
            "low": "21.63",
            "close": "21.63"
        },
        {
            "time": "30.01.2021 18:54",
            "open": "21.63",
            "high": "21.63",
            "low": "21.63",
            "close": "21.6328"
        },
        {
            "time": "30.01.2021 18:58",
            "open": "21.6328",
            "high": "21.6328",
            "low": "21.6328",
            "close": "21.7007"
        },
        {
            "time": "30.01.2021 19:01",
            "open": "21.7007",
            "high": "21.7007",
            "low": "21.7007",
            "close": "21.85"
        },
        {
            "time": "30.01.2021 19:09",
            "open": "21.85",
            "high": "21.85",
            "low": "21.85",
            "close": "21.85"
        },
        {
            "time": "30.01.2021 19:11",
            "open": "21.85",
            "high": "21.85",
            "low": "21.8263",
            "close": "21.8289"
        },
        {
            "time": "30.01.2021 19:16",
            "open": "21.8289",
            "high": "21.8289",
            "low": "21.8289",
            "close": "21.8412"
        },
        {
            "time": "30.01.2021 19:19",
            "open": "21.8412",
            "high": "21.8412",
            "low": "21.82",
            "close": "21.8831"
        },
        {
            "time": "30.01.2021 19:21",
            "open": "21.8831",
            "high": "21.8831",
            "low": "21.8831",
            "close": "21.8999"
        },
        {
            "time": "30.01.2021 19:22",
            "open": "21.8999",
            "high": "21.9",
            "low": "21.8999",
            "close": "21.9168"
        },
        {
            "time": "30.01.2021 19:27",
            "open": "21.9168",
            "high": "21.9168",
            "low": "21.9168",
            "close": "21.9194"
        },
        {
            "time": "30.01.2021 19:30",
            "open": "21.9194",
            "high": "21.9194",
            "low": "21.9194",
            "close": "21.9313"
        },
        {
            "time": "30.01.2021 19:35",
            "open": "21.9313",
            "high": "21.9407",
            "low": "21.9313",
            "close": "21.9575"
        },
        {
            "time": "30.01.2021 19:39",
            "open": "21.9575",
            "high": "21.9596",
            "low": "21.9575",
            "close": "21.9626"
        },
        {
            "time": "30.01.2021 19:40",
            "open": "21.9626",
            "high": "21.9743",
            "low": "21.9626",
            "close": "21.9745"
        },
        {
            "time": "30.01.2021 19:42",
            "open": "21.9745",
            "high": "21.9745",
            "low": "21.9745",
            "close": "21.96"
        },
        {
            "time": "30.01.2021 19:43",
            "open": "21.96",
            "high": "21.96",
            "low": "21.9537",
            "close": "21.9832"
        },
        {
            "time": "30.01.2021 19:44",
            "open": "21.9832",
            "high": "21.9832",
            "low": "21.9832",
            "close": "21.9749"
        },
        {
            "time": "30.01.2021 19:45",
            "open": "21.9749",
            "high": "21.9749",
            "low": "21.9533",
            "close": "21.98"
        },
        {
            "time": "30.01.2021 19:46",
            "open": "21.98",
            "high": "21.9839",
            "low": "21.98",
            "close": "22"
        },
        {
            "time": "30.01.2021 19:47",
            "open": "22",
            "high": "22",
            "low": "22",
            "close": "22"
        },
        {
            "time": "30.01.2021 19:48",
            "open": "22",
            "high": "22",
            "low": "22",
            "close": "21.9992"
        },
        {
            "time": "30.01.2021 19:52",
            "open": "21.9992",
            "high": "21.9992",
            "low": "21.9992",
            "close": "21.9992"
        },
        {
            "time": "30.01.2021 19:53",
            "open": "21.9992",
            "high": "22",
            "low": "21.9992",
            "close": "21.9999"
        },
        {
            "time": "30.01.2021 19:54",
            "open": "21.9999",
            "high": "22.0593",
            "low": "21.9999",
            "close": "22.0593"
        },
        {
            "time": "30.01.2021 19:55",
            "open": "22.0593",
            "high": "22.0894",
            "low": "22.0593",
            "close": "22.0925"
        },
        {
            "time": "30.01.2021 19:56",
            "open": "22.0925",
            "high": "22.1",
            "low": "22.0924",
            "close": "22.1"
        },
        {
            "time": "30.01.2021 19:57",
            "open": "22.1",
            "high": "22.1",
            "low": "22.1",
            "close": "22.1313"
        },
        {
            "time": "30.01.2021 19:58",
            "open": "22.1313",
            "high": "22.1333",
            "low": "22.1232",
            "close": "22.1628"
        },
        {
            "time": "30.01.2021 19:59",
            "open": "22.1628",
            "high": "22.179",
            "low": "22.1628",
            "close": "22.1787"
        },
        {
            "time": "30.01.2021 20:01",
            "open": "22.1787",
            "high": "22.1787",
            "low": "22.1787",
            "close": "22.1787"
        },
        {
            "time": "30.01.2021 20:02",
            "open": "22.1787",
            "high": "22.1788",
            "low": "22.1787",
            "close": "22.1393"
        },
        {
            "time": "30.01.2021 20:03",
            "open": "22.1393",
            "high": "22.1449",
            "low": "22.1393",
            "close": "22.1788"
        },
        {
            "time": "30.01.2021 20:04",
            "open": "22.1788",
            "high": "22.1788",
            "low": "22.1788",
            "close": "22.1788"
        },
        {
            "time": "30.01.2021 20:05",
            "open": "22.1788",
            "high": "22.179",
            "low": "22.1551",
            "close": "22.1595"
        },
        {
            "time": "30.01.2021 20:06",
            "open": "22.1595",
            "high": "22.1595",
            "low": "22.1595",
            "close": "22.1391"
        },
        {
            "time": "30.01.2021 20:09",
            "open": "22.1391",
            "high": "22.1391",
            "low": "22.1008",
            "close": "22.05"
        },
        {
            "time": "30.01.2021 20:11",
            "open": "22.05",
            "high": "22.05",
            "low": "22.05",
            "close": "21.9815"
        },
        {
            "time": "30.01.2021 20:16",
            "open": "21.9815",
            "high": "21.9815",
            "low": "21.9112",
            "close": "22.0025"
        },
        {
            "time": "30.01.2021 20:21",
            "open": "22.0025",
            "high": "22.0025",
            "low": "22.0025",
            "close": "22.0132"
        },
        {
            "time": "30.01.2021 20:22",
            "open": "22.0132",
            "high": "22.0132",
            "low": "22.0132",
            "close": "22.0134"
        },
        {
            "time": "30.01.2021 20:23",
            "open": "22.0134",
            "high": "22.0134",
            "low": "22.0134",
            "close": "22.0582"
        },
        {
            "time": "30.01.2021 20:28",
            "open": "22.0582",
            "high": "22.0785",
            "low": "22.0582",
            "close": "22.1341"
        },
        {
            "time": "30.01.2021 20:34",
            "open": "22.1341",
            "high": "22.1341",
            "low": "22.1341",
            "close": "22.1009"
        },
        {
            "time": "30.01.2021 20:36",
            "open": "22.1009",
            "high": "22.1009",
            "low": "22.1009",
            "close": "22.0281"
        },
        {
            "time": "30.01.2021 20:37",
            "open": "22.0281",
            "high": "22.0281",
            "low": "22.0266",
            "close": "22.0267"
        },
        {
            "time": "30.01.2021 20:44",
            "open": "22.0267",
            "high": "22.0267",
            "low": "22.0265",
            "close": "22.0055"
        },
        {
            "time": "30.01.2021 20:47",
            "open": "22.0055",
            "high": "22.0055",
            "low": "22.0055",
            "close": "22.0296"
        },
        {
            "time": "30.01.2021 20:53",
            "open": "22.0296",
            "high": "22.0296",
            "low": "22.0296",
            "close": "22.0206"
        },
        {
            "time": "30.01.2021 20:56",
            "open": "22.0206",
            "high": "22.0206",
            "low": "21.9918",
            "close": "21.986"
        },
        {
            "time": "30.01.2021 20:58",
            "open": "21.986",
            "high": "21.986",
            "low": "21.9859",
            "close": "21.9859"
        },
        {
            "time": "30.01.2021 21:15",
            "open": "21.9859",
            "high": "21.9859",
            "low": "21.9859",
            "close": "21.986"
        },
        {
            "time": "30.01.2021 21:18",
            "open": "21.986",
            "high": "21.986",
            "low": "21.986",
            "close": "21.986"
        },
        {
            "time": "30.01.2021 21:20",
            "open": "21.986",
            "high": "21.986",
            "low": "21.986",
            "close": "21.986"
        },
        {
            "time": "30.01.2021 21:22",
            "open": "21.986",
            "high": "21.986",
            "low": "21.9859",
            "close": "21.9636"
        },
        {
            "time": "30.01.2021 21:35",
            "open": "21.9636",
            "high": "21.9636",
            "low": "21.9636",
            "close": "22.0154"
        },
        {
            "time": "30.01.2021 21:39",
            "open": "22.0154",
            "high": "22.0154",
            "low": "22.0154",
            "close": "21.9638"
        },
        {
            "time": "30.01.2021 21:50",
            "open": "21.9638",
            "high": "21.9695",
            "low": "21.9638",
            "close": "21.9636"
        },
        {
            "time": "30.01.2021 21:51",
            "open": "21.9636",
            "high": "21.9636",
            "low": "21.9269",
            "close": "21.9501"
        },
        {
            "time": "30.01.2021 21:52",
            "open": "21.9501",
            "high": "21.9531",
            "low": "21.9501",
            "close": "22.0719"
        },
        {
            "time": "30.01.2021 21:57",
            "open": "22.0719",
            "high": "22.1257",
            "low": "21.9271",
            "close": "21.9866"
        },
        {
            "time": "30.01.2021 22:02",
            "open": "21.9866",
            "high": "21.9866",
            "low": "21.9866",
            "close": "21.95"
        },
        {
            "time": "30.01.2021 22:10",
            "open": "21.95",
            "high": "21.95",
            "low": "21.95",
            "close": "22.1321"
        },
        {
            "time": "30.01.2021 22:18",
            "open": "22.1321",
            "high": "22.1321",
            "low": "22.1321",
            "close": "21.9788"
        },
        {
            "time": "30.01.2021 22:23",
            "open": "21.9788",
            "high": "21.9789",
            "low": "21.9788",
            "close": "21.972"
        },
        {
            "time": "30.01.2021 22:29",
            "open": "21.972",
            "high": "22.0096",
            "low": "21.972",
            "close": "21.9089"
        },
        {
            "time": "30.01.2021 22:30",
            "open": "21.9089",
            "high": "21.9089",
            "low": "21.9089",
            "close": "22.0067"
        },
        {
            "time": "30.01.2021 22:40",
            "open": "22.0067",
            "high": "22.0067",
            "low": "22.0067",
            "close": "21.9325"
        },
        {
            "time": "30.01.2021 22:45",
            "open": "21.9325",
            "high": "22.1598",
            "low": "21.9325",
            "close": "21.9085"
        },
        {
            "time": "30.01.2021 22:46",
            "open": "21.9085",
            "high": "21.9085",
            "low": "21.9083",
            "close": "21.9011"
        },
        {
            "time": "30.01.2021 22:47",
            "open": "21.9011",
            "high": "21.9011",
            "low": "21.9011",
            "close": "21.8801"
        },
        {
            "time": "30.01.2021 22:48",
            "open": "21.8801",
            "high": "21.8803",
            "low": "21.88",
            "close": "21.9506"
        },
        {
            "time": "30.01.2021 22:49",
            "open": "21.9506",
            "high": "21.9506",
            "low": "21.88",
            "close": "21.9208"
        },
        {
            "time": "30.01.2021 22:50",
            "open": "21.9208",
            "high": "21.9208",
            "low": "21.88",
            "close": "21.9033"
        },
        {
            "time": "30.01.2021 22:52",
            "open": "21.9033",
            "high": "21.9033",
            "low": "21.9033",
            "close": "21.8801"
        },
        {
            "time": "30.01.2021 22:53",
            "open": "21.8801",
            "high": "21.8801",
            "low": "21.8801",
            "close": "21.8803"
        },
        {
            "time": "30.01.2021 22:58",
            "open": "21.8803",
            "high": "21.9033",
            "low": "21.88",
            "close": "21.88"
        },
        {
            "time": "30.01.2021 22:59",
            "open": "21.88",
            "high": "21.88",
            "low": "21.88",
            "close": "21.9034"
        },
        {
            "time": "30.01.2021 23:00",
            "open": "21.9034",
            "high": "21.9034",
            "low": "21.8421",
            "close": "21.8218"
        },
        {
            "time": "30.01.2021 23:01",
            "open": "21.8218",
            "high": "21.8218",
            "low": "21.7999",
            "close": "21.8137"
        },
        {
            "time": "30.01.2021 23:02",
            "open": "21.8137",
            "high": "21.8137",
            "low": "21.7899",
            "close": "21.7508"
        },
        {
            "time": "30.01.2021 23:03",
            "open": "21.7508",
            "high": "21.7508",
            "low": "21.7303",
            "close": "21.7325"
        },
        {
            "time": "30.01.2021 23:04",
            "open": "21.7325",
            "high": "21.7325",
            "low": "21.7244",
            "close": "21.784"
        },
        {
            "time": "30.01.2021 23:11",
            "open": "21.784",
            "high": "21.784",
            "low": "21.784",
            "close": "21.8026"
        },
        {
            "time": "30.01.2021 23:12",
            "open": "21.8026",
            "high": "21.8365",
            "low": "21.7839",
            "close": "21.7865"
        },
        {
            "time": "30.01.2021 23:14",
            "open": "21.7865",
            "high": "21.7865",
            "low": "21.7865",
            "close": "21.8419"
        },
        {
            "time": "30.01.2021 23:19",
            "open": "21.8419",
            "high": "21.843",
            "low": "21.8419",
            "close": "21.9097"
        },
        {
            "time": "30.01.2021 23:20",
            "open": "21.9097",
            "high": "21.9111",
            "low": "21.9097",
            "close": "21.85"
        },
        {
            "time": "30.01.2021 23:22",
            "open": "21.85",
            "high": "21.8511",
            "low": "21.85",
            "close": "21.85"
        },
        {
            "time": "30.01.2021 23:23",
            "open": "21.85",
            "high": "21.85",
            "low": "21.85",
            "close": "21.8503"
        },
        {
            "time": "30.01.2021 23:26",
            "open": "21.8503",
            "high": "21.8505",
            "low": "21.8502",
            "close": "21.8849"
        },
        {
            "time": "30.01.2021 23:34",
            "open": "21.8849",
            "high": "21.8916",
            "low": "21.8848",
            "close": "21.9115"
        },
        {
            "time": "30.01.2021 23:36",
            "open": "21.9115",
            "high": "21.9115",
            "low": "21.9115",
            "close": "22.0939"
        },
        {
            "time": "30.01.2021 23:40",
            "open": "22.0939",
            "high": "22.0939",
            "low": "22.0939",
            "close": "22.0907"
        },
        {
            "time": "30.01.2021 23:41",
            "open": "22.0907",
            "high": "22.0907",
            "low": "22.0907",
            "close": "21.8889"
        },
        {
            "time": "30.01.2021 23:42",
            "open": "21.8889",
            "high": "22.12",
            "low": "21.8889",
            "close": "21.8924"
        },
        {
            "time": "30.01.2021 23:43",
            "open": "21.8924",
            "high": "21.8924",
            "low": "21.8924",
            "close": "21.9104"
        },
        {
            "time": "30.01.2021 23:44",
            "open": "21.9104",
            "high": "21.9104",
            "low": "21.9104",
            "close": "22.0162"
        },
        {
            "time": "30.01.2021 23:50",
            "open": "22.0162",
            "high": "22.0162",
            "low": "22.0162",
            "close": "21.8903"
        },
        {
            "time": "30.01.2021 23:51",
            "open": "21.8903",
            "high": "21.8903",
            "low": "21.8903",
            "close": "21.9238"
        },
        {
            "time": "30.01.2021 23:52",
            "open": "21.9238",
            "high": "21.9239",
            "low": "21.9238",
            "close": "21.9883"
        },
        {
            "time": "30.01.2021 23:53",
            "open": "21.9883",
            "high": "21.9884",
            "low": "21.8909",
            "close": "21.8909"
        },
        {
            "time": "30.01.2021 23:54",
            "open": "21.8909",
            "high": "21.8909",
            "low": "21.8907",
            "close": "21.8907"
        }
    ]
}