{
    "BCH-EUR": [
        {
            "time": "07.11.2020 23:53",
            "open": "212.63",
            "high": "212.65",
            "low": "212.63",
            "close": "212.67"
        },
        {
            "time": "08.11.2020 00:02",
            "open": "212.67",
            "high": "212.78",
            "low": "212.64",
            "close": "212.62"
        },
        {
            "time": "08.11.2020 00:04",
            "open": "212.62",
            "high": "212.62",
            "low": "212.62",
            "close": "212.64"
        },
        {
            "time": "08.11.2020 00:07",
            "open": "212.64",
            "high": "212.64",
            "low": "212.64",
            "close": "212.63"
        },
        {
            "time": "08.11.2020 00:10",
            "open": "212.63",
            "high": "212.64",
            "low": "212.63",
            "close": "212.71"
        },
        {
            "time": "08.11.2020 00:11",
            "open": "212.71",
            "high": "212.71",
            "low": "212.71",
            "close": "212.28"
        },
        {
            "time": "08.11.2020 00:12",
            "open": "212.28",
            "high": "212.28",
            "low": "212.28",
            "close": "212.96"
        },
        {
            "time": "08.11.2020 00:15",
            "open": "212.96",
            "high": "212.97",
            "low": "212.96",
            "close": "212.14"
        },
        {
            "time": "08.11.2020 00:20",
            "open": "212.14",
            "high": "212.14",
            "low": "212.14",
            "close": "212.04"
        },
        {
            "time": "08.11.2020 00:27",
            "open": "212.04",
            "high": "212.04",
            "low": "212.04",
            "close": "212.72"
        },
        {
            "time": "08.11.2020 00:37",
            "open": "212.72",
            "high": "212.72",
            "low": "212.72",
            "close": "212.05"
        },
        {
            "time": "08.11.2020 00:46",
            "open": "212.05",
            "high": "212.05",
            "low": "212.05",
            "close": "211.92"
        },
        {
            "time": "08.11.2020 00:50",
            "open": "211.92",
            "high": "211.92",
            "low": "211.92",
            "close": "211.76"
        },
        {
            "time": "08.11.2020 00:56",
            "open": "211.76",
            "high": "211.76",
            "low": "211.76",
            "close": "211.86"
        },
        {
            "time": "08.11.2020 00:58",
            "open": "211.86",
            "high": "211.86",
            "low": "211.76",
            "close": "212.11"
        },
        {
            "time": "08.11.2020 00:59",
            "open": "212.11",
            "high": "212.11",
            "low": "212.11",
            "close": "211.69"
        },
        {
            "time": "08.11.2020 01:00",
            "open": "211.69",
            "high": "211.69",
            "low": "211.69",
            "close": "211.45"
        },
        {
            "time": "08.11.2020 01:01",
            "open": "211.45",
            "high": "211.45",
            "low": "211.23",
            "close": "211.24"
        },
        {
            "time": "08.11.2020 01:04",
            "open": "211.24",
            "high": "211.24",
            "low": "211.24",
            "close": "210.63"
        },
        {
            "time": "08.11.2020 01:06",
            "open": "210.63",
            "high": "210.63",
            "low": "210.63",
            "close": "210.84"
        },
        {
            "time": "08.11.2020 01:07",
            "open": "210.84",
            "high": "210.84",
            "low": "210.49",
            "close": "210.2"
        },
        {
            "time": "08.11.2020 01:11",
            "open": "210.2",
            "high": "210.41",
            "low": "210.2",
            "close": "211.09"
        },
        {
            "time": "08.11.2020 01:12",
            "open": "211.09",
            "high": "211.09",
            "low": "211.09",
            "close": "210.89"
        },
        {
            "time": "08.11.2020 01:13",
            "open": "210.89",
            "high": "210.9",
            "low": "210.89",
            "close": "211.01"
        },
        {
            "time": "08.11.2020 01:14",
            "open": "211.01",
            "high": "211.01",
            "low": "211",
            "close": "210.54"
        },
        {
            "time": "08.11.2020 01:15",
            "open": "210.54",
            "high": "210.55",
            "low": "210.5",
            "close": "210.2"
        },
        {
            "time": "08.11.2020 01:16",
            "open": "210.2",
            "high": "210.2",
            "low": "210",
            "close": "212.07"
        },
        {
            "time": "08.11.2020 01:30",
            "open": "212.07",
            "high": "212.07",
            "low": "211.51",
            "close": "211.91"
        },
        {
            "time": "08.11.2020 01:31",
            "open": "211.91",
            "high": "211.91",
            "low": "211.84",
            "close": "212.48"
        },
        {
            "time": "08.11.2020 01:40",
            "open": "212.48",
            "high": "212.49",
            "low": "212.48",
            "close": "212.18"
        },
        {
            "time": "08.11.2020 01:41",
            "open": "212.18",
            "high": "212.18",
            "low": "212.18",
            "close": "212.52"
        },
        {
            "time": "08.11.2020 01:42",
            "open": "212.52",
            "high": "212.52",
            "low": "212.52",
            "close": "212.14"
        },
        {
            "time": "08.11.2020 01:43",
            "open": "212.14",
            "high": "212.14",
            "low": "212.14",
            "close": "212.55"
        },
        {
            "time": "08.11.2020 01:46",
            "open": "212.55",
            "high": "212.55",
            "low": "212.55",
            "close": "212.44"
        },
        {
            "time": "08.11.2020 01:50",
            "open": "212.44",
            "high": "212.44",
            "low": "212.44",
            "close": "211.82"
        },
        {
            "time": "08.11.2020 01:57",
            "open": "211.82",
            "high": "211.82",
            "low": "211.81",
            "close": "212.13"
        },
        {
            "time": "08.11.2020 02:24",
            "open": "212.13",
            "high": "212.13",
            "low": "212.13",
            "close": "212.28"
        },
        {
            "time": "08.11.2020 02:28",
            "open": "212.28",
            "high": "212.28",
            "low": "212.28",
            "close": "212.36"
        },
        {
            "time": "08.11.2020 02:30",
            "open": "212.36",
            "high": "212.4",
            "low": "212.36",
            "close": "212.4"
        },
        {
            "time": "08.11.2020 02:31",
            "open": "212.4",
            "high": "212.4",
            "low": "212.4",
            "close": "212.4"
        },
        {
            "time": "08.11.2020 02:34",
            "open": "212.4",
            "high": "213.41",
            "low": "212.4",
            "close": "214.25"
        },
        {
            "time": "08.11.2020 02:40",
            "open": "214.25",
            "high": "214.47",
            "low": "214.25",
            "close": "214.49"
        },
        {
            "time": "08.11.2020 02:49",
            "open": "214.49",
            "high": "214.49",
            "low": "214.49",
            "close": "214.81"
        },
        {
            "time": "08.11.2020 03:09",
            "open": "214.81",
            "high": "214.81",
            "low": "214.81",
            "close": "214.78"
        },
        {
            "time": "08.11.2020 03:12",
            "open": "214.78",
            "high": "214.78",
            "low": "214.78",
            "close": "214.13"
        },
        {
            "time": "08.11.2020 03:15",
            "open": "214.13",
            "high": "214.13",
            "low": "214.13",
            "close": "214.13"
        },
        {
            "time": "08.11.2020 03:16",
            "open": "214.13",
            "high": "214.13",
            "low": "214.13",
            "close": "214.13"
        },
        {
            "time": "08.11.2020 03:21",
            "open": "214.13",
            "high": "214.13",
            "low": "214.13",
            "close": "214.02"
        },
        {
            "time": "08.11.2020 03:22",
            "open": "214.02",
            "high": "214.02",
            "low": "214.02",
            "close": "214.04"
        },
        {
            "time": "08.11.2020 03:24",
            "open": "214.04",
            "high": "214.04",
            "low": "214.04",
            "close": "213.79"
        },
        {
            "time": "08.11.2020 03:25",
            "open": "213.79",
            "high": "213.79",
            "low": "213.72",
            "close": "214.11"
        },
        {
            "time": "08.11.2020 03:26",
            "open": "214.11",
            "high": "214.11",
            "low": "214.11",
            "close": "213.74"
        },
        {
            "time": "08.11.2020 03:30",
            "open": "213.74",
            "high": "213.74",
            "low": "213.74",
            "close": "213.65"
        },
        {
            "time": "08.11.2020 03:45",
            "open": "213.65",
            "high": "213.65",
            "low": "213.65",
            "close": "213.57"
        },
        {
            "time": "08.11.2020 03:54",
            "open": "213.57",
            "high": "213.58",
            "low": "213.5",
            "close": "212.98"
        },
        {
            "time": "08.11.2020 04:02",
            "open": "212.98",
            "high": "212.98",
            "low": "212.98",
            "close": "213.12"
        },
        {
            "time": "08.11.2020 04:05",
            "open": "213.12",
            "high": "213.12",
            "low": "213.12",
            "close": "213.42"
        },
        {
            "time": "08.11.2020 04:08",
            "open": "213.42",
            "high": "213.42",
            "low": "213.42",
            "close": "213.25"
        },
        {
            "time": "08.11.2020 04:10",
            "open": "213.25",
            "high": "213.25",
            "low": "213.25",
            "close": "213.53"
        },
        {
            "time": "08.11.2020 04:13",
            "open": "213.53",
            "high": "213.53",
            "low": "213.53",
            "close": "213.87"
        },
        {
            "time": "08.11.2020 04:14",
            "open": "213.87",
            "high": "213.87",
            "low": "213.87",
            "close": "213.93"
        },
        {
            "time": "08.11.2020 04:16",
            "open": "213.93",
            "high": "213.93",
            "low": "213.93",
            "close": "213.66"
        },
        {
            "time": "08.11.2020 04:28",
            "open": "213.66",
            "high": "213.66",
            "low": "213.66",
            "close": "213.6"
        },
        {
            "time": "08.11.2020 04:29",
            "open": "213.6",
            "high": "213.6",
            "low": "213.6",
            "close": "213.77"
        },
        {
            "time": "08.11.2020 04:39",
            "open": "213.77",
            "high": "213.77",
            "low": "213.77",
            "close": "213.57"
        },
        {
            "time": "08.11.2020 04:43",
            "open": "213.57",
            "high": "213.57",
            "low": "213.57",
            "close": "213.52"
        },
        {
            "time": "08.11.2020 04:51",
            "open": "213.52",
            "high": "213.52",
            "low": "213.52",
            "close": "213.76"
        },
        {
            "time": "08.11.2020 04:54",
            "open": "213.76",
            "high": "213.76",
            "low": "213.76",
            "close": "213.32"
        },
        {
            "time": "08.11.2020 04:55",
            "open": "213.32",
            "high": "213.32",
            "low": "213.32",
            "close": "213"
        },
        {
            "time": "08.11.2020 05:06",
            "open": "213",
            "high": "213",
            "low": "212.98",
            "close": "213.05"
        },
        {
            "time": "08.11.2020 05:30",
            "open": "213.05",
            "high": "213.05",
            "low": "213.05",
            "close": "212.4"
        },
        {
            "time": "08.11.2020 05:36",
            "open": "212.4",
            "high": "212.4",
            "low": "212.4",
            "close": "212.38"
        },
        {
            "time": "08.11.2020 05:56",
            "open": "212.38",
            "high": "212.38",
            "low": "211.97",
            "close": "212.03"
        },
        {
            "time": "08.11.2020 06:00",
            "open": "212.03",
            "high": "212.03",
            "low": "212.03",
            "close": "213.64"
        },
        {
            "time": "08.11.2020 06:28",
            "open": "213.64",
            "high": "213.64",
            "low": "213.64",
            "close": "213.43"
        },
        {
            "time": "08.11.2020 06:46",
            "open": "213.43",
            "high": "213.43",
            "low": "213.43",
            "close": "213.99"
        },
        {
            "time": "08.11.2020 06:51",
            "open": "213.99",
            "high": "214.14",
            "low": "213.99",
            "close": "214.28"
        },
        {
            "time": "08.11.2020 06:53",
            "open": "214.28",
            "high": "214.28",
            "low": "214.28",
            "close": "214.13"
        },
        {
            "time": "08.11.2020 06:57",
            "open": "214.13",
            "high": "214.13",
            "low": "214.13",
            "close": "213.82"
        },
        {
            "time": "08.11.2020 06:58",
            "open": "213.82",
            "high": "213.82",
            "low": "213.82",
            "close": "214.15"
        },
        {
            "time": "08.11.2020 07:06",
            "open": "214.15",
            "high": "214.15",
            "low": "214.15",
            "close": "213.39"
        },
        {
            "time": "08.11.2020 07:15",
            "open": "213.39",
            "high": "213.39",
            "low": "213.36",
            "close": "213.19"
        },
        {
            "time": "08.11.2020 07:46",
            "open": "213.19",
            "high": "213.19",
            "low": "213.19",
            "close": "213.67"
        },
        {
            "time": "08.11.2020 07:51",
            "open": "213.67",
            "high": "213.67",
            "low": "213.67",
            "close": "213.51"
        },
        {
            "time": "08.11.2020 07:53",
            "open": "213.51",
            "high": "213.51",
            "low": "213.51",
            "close": "213.63"
        },
        {
            "time": "08.11.2020 08:00",
            "open": "213.63",
            "high": "213.71",
            "low": "213.63",
            "close": "213.51"
        },
        {
            "time": "08.11.2020 08:02",
            "open": "213.51",
            "high": "213.51",
            "low": "213.51",
            "close": "213.5"
        },
        {
            "time": "08.11.2020 08:05",
            "open": "213.5",
            "high": "213.5",
            "low": "213.5",
            "close": "212.94"
        },
        {
            "time": "08.11.2020 08:18",
            "open": "212.94",
            "high": "213.02",
            "low": "212.86",
            "close": "213.08"
        },
        {
            "time": "08.11.2020 08:25",
            "open": "213.08",
            "high": "213.08",
            "low": "213.08",
            "close": "213.06"
        },
        {
            "time": "08.11.2020 08:36",
            "open": "213.06",
            "high": "213.08",
            "low": "213.06",
            "close": "212.73"
        },
        {
            "time": "08.11.2020 08:43",
            "open": "212.73",
            "high": "212.74",
            "low": "212.73",
            "close": "212.38"
        },
        {
            "time": "08.11.2020 08:47",
            "open": "212.38",
            "high": "212.38",
            "low": "212.38",
            "close": "212.68"
        },
        {
            "time": "08.11.2020 08:55",
            "open": "212.68",
            "high": "212.9",
            "low": "212.36",
            "close": "212.99"
        },
        {
            "time": "08.11.2020 09:06",
            "open": "212.99",
            "high": "213",
            "low": "212.99",
            "close": "213"
        },
        {
            "time": "08.11.2020 09:10",
            "open": "213",
            "high": "213",
            "low": "213",
            "close": "213"
        },
        {
            "time": "08.11.2020 09:22",
            "open": "213",
            "high": "213",
            "low": "213",
            "close": "213.08"
        },
        {
            "time": "08.11.2020 09:23",
            "open": "213.08",
            "high": "213.08",
            "low": "213.08",
            "close": "213.1"
        },
        {
            "time": "08.11.2020 09:24",
            "open": "213.1",
            "high": "213.1",
            "low": "213.1",
            "close": "213.11"
        },
        {
            "time": "08.11.2020 09:25",
            "open": "213.11",
            "high": "213.2",
            "low": "212.26",
            "close": "213.41"
        },
        {
            "time": "08.11.2020 09:26",
            "open": "213.41",
            "high": "213.41",
            "low": "213.41",
            "close": "213.35"
        },
        {
            "time": "08.11.2020 09:27",
            "open": "213.35",
            "high": "213.39",
            "low": "213.35",
            "close": "213.35"
        },
        {
            "time": "08.11.2020 09:28",
            "open": "213.35",
            "high": "213.42",
            "low": "213.35",
            "close": "213.42"
        },
        {
            "time": "08.11.2020 09:29",
            "open": "213.42",
            "high": "213.44",
            "low": "212.79",
            "close": "213.33"
        },
        {
            "time": "08.11.2020 09:31",
            "open": "213.33",
            "high": "213.34",
            "low": "213.33",
            "close": "213.22"
        },
        {
            "time": "08.11.2020 09:34",
            "open": "213.22",
            "high": "213.22",
            "low": "213.22",
            "close": "213.21"
        },
        {
            "time": "08.11.2020 09:35",
            "open": "213.21",
            "high": "213.44",
            "low": "213.21",
            "close": "213.44"
        },
        {
            "time": "08.11.2020 09:38",
            "open": "213.44",
            "high": "214.36",
            "low": "213.39",
            "close": "213.98"
        },
        {
            "time": "08.11.2020 09:39",
            "open": "213.98",
            "high": "213.98",
            "low": "213.98",
            "close": "213.07"
        },
        {
            "time": "08.11.2020 09:53",
            "open": "213.07",
            "high": "213.07",
            "low": "213.05",
            "close": "212.81"
        },
        {
            "time": "08.11.2020 09:54",
            "open": "212.81",
            "high": "212.81",
            "low": "212.8",
            "close": "212.93"
        },
        {
            "time": "08.11.2020 09:55",
            "open": "212.93",
            "high": "212.93",
            "low": "212.93",
            "close": "213.98"
        },
        {
            "time": "08.11.2020 10:04",
            "open": "213.98",
            "high": "213.98",
            "low": "213.97",
            "close": "213.89"
        },
        {
            "time": "08.11.2020 10:05",
            "open": "213.89",
            "high": "214.56",
            "low": "213.89",
            "close": "213.89"
        },
        {
            "time": "08.11.2020 10:19",
            "open": "213.89",
            "high": "213.92",
            "low": "213.89",
            "close": "213.9"
        },
        {
            "time": "08.11.2020 10:20",
            "open": "213.9",
            "high": "213.9",
            "low": "213.9",
            "close": "213.89"
        },
        {
            "time": "08.11.2020 10:23",
            "open": "213.89",
            "high": "213.89",
            "low": "213.42",
            "close": "213.88"
        },
        {
            "time": "08.11.2020 10:27",
            "open": "213.88",
            "high": "213.88",
            "low": "213.88",
            "close": "213.9"
        },
        {
            "time": "08.11.2020 10:28",
            "open": "213.9",
            "high": "213.91",
            "low": "213.9",
            "close": "213.91"
        },
        {
            "time": "08.11.2020 10:29",
            "open": "213.91",
            "high": "213.92",
            "low": "213.91",
            "close": "213.99"
        },
        {
            "time": "08.11.2020 10:37",
            "open": "213.99",
            "high": "213.99",
            "low": "213.99",
            "close": "214.56"
        },
        {
            "time": "08.11.2020 10:38",
            "open": "214.56",
            "high": "214.57",
            "low": "214.56",
            "close": "214.5"
        },
        {
            "time": "08.11.2020 10:40",
            "open": "214.5",
            "high": "214.51",
            "low": "214.5",
            "close": "213.73"
        },
        {
            "time": "08.11.2020 10:41",
            "open": "213.73",
            "high": "213.73",
            "low": "213.72",
            "close": "213.84"
        },
        {
            "time": "08.11.2020 10:46",
            "open": "213.84",
            "high": "213.84",
            "low": "213.36",
            "close": "214.32"
        },
        {
            "time": "08.11.2020 10:48",
            "open": "214.32",
            "high": "214.32",
            "low": "213.75",
            "close": "214.33"
        },
        {
            "time": "08.11.2020 10:50",
            "open": "214.33",
            "high": "214.33",
            "low": "214.33",
            "close": "213.81"
        },
        {
            "time": "08.11.2020 10:56",
            "open": "213.81",
            "high": "213.81",
            "low": "213.81",
            "close": "214.27"
        },
        {
            "time": "08.11.2020 10:57",
            "open": "214.27",
            "high": "214.27",
            "low": "214.27",
            "close": "213.75"
        },
        {
            "time": "08.11.2020 10:59",
            "open": "213.75",
            "high": "213.75",
            "low": "213.75",
            "close": "214.35"
        },
        {
            "time": "08.11.2020 11:03",
            "open": "214.35",
            "high": "214.36",
            "low": "213.78",
            "close": "213.79"
        },
        {
            "time": "08.11.2020 11:06",
            "open": "213.79",
            "high": "213.79",
            "low": "213.6",
            "close": "214.37"
        },
        {
            "time": "08.11.2020 11:08",
            "open": "214.37",
            "high": "214.38",
            "low": "214.37",
            "close": "213.62"
        },
        {
            "time": "08.11.2020 11:09",
            "open": "213.62",
            "high": "213.62",
            "low": "213.62",
            "close": "214.26"
        },
        {
            "time": "08.11.2020 11:22",
            "open": "214.26",
            "high": "214.26",
            "low": "214.18",
            "close": "214.39"
        },
        {
            "time": "08.11.2020 11:24",
            "open": "214.39",
            "high": "214.44",
            "low": "214.39",
            "close": "214.44"
        },
        {
            "time": "08.11.2020 11:25",
            "open": "214.44",
            "high": "214.44",
            "low": "214.44",
            "close": "214.8"
        },
        {
            "time": "08.11.2020 11:33",
            "open": "214.8",
            "high": "214.81",
            "low": "214.8",
            "close": "214.81"
        },
        {
            "time": "08.11.2020 11:35",
            "open": "214.81",
            "high": "214.89",
            "low": "214.68",
            "close": "214.66"
        },
        {
            "time": "08.11.2020 11:36",
            "open": "214.66",
            "high": "214.67",
            "low": "214.66",
            "close": "214.7"
        },
        {
            "time": "08.11.2020 11:38",
            "open": "214.7",
            "high": "214.7",
            "low": "214.47",
            "close": "214.88"
        },
        {
            "time": "08.11.2020 11:39",
            "open": "214.88",
            "high": "216.18",
            "low": "214.88",
            "close": "215.07"
        },
        {
            "time": "08.11.2020 11:40",
            "open": "215.07",
            "high": "216.18",
            "low": "215.07",
            "close": "215.55"
        },
        {
            "time": "08.11.2020 11:46",
            "open": "215.55",
            "high": "216.45",
            "low": "215.44",
            "close": "215.48"
        },
        {
            "time": "08.11.2020 11:47",
            "open": "215.48",
            "high": "215.49",
            "low": "215.45",
            "close": "215.48"
        },
        {
            "time": "08.11.2020 11:49",
            "open": "215.48",
            "high": "216.32",
            "low": "215.46",
            "close": "215.44"
        },
        {
            "time": "08.11.2020 11:50",
            "open": "215.44",
            "high": "215.44",
            "low": "215.18",
            "close": "215.19"
        },
        {
            "time": "08.11.2020 11:51",
            "open": "215.19",
            "high": "215.19",
            "low": "215.19",
            "close": "215.88"
        },
        {
            "time": "08.11.2020 11:52",
            "open": "215.88",
            "high": "215.89",
            "low": "215.21",
            "close": "215.22"
        },
        {
            "time": "08.11.2020 11:53",
            "open": "215.22",
            "high": "215.22",
            "low": "215.21",
            "close": "216.06"
        },
        {
            "time": "08.11.2020 11:59",
            "open": "216.06",
            "high": "216.09",
            "low": "216.06",
            "close": "216.04"
        },
        {
            "time": "08.11.2020 12:09",
            "open": "216.04",
            "high": "216.04",
            "low": "215.38",
            "close": "215.87"
        },
        {
            "time": "08.11.2020 12:13",
            "open": "215.87",
            "high": "215.87",
            "low": "215.87",
            "close": "215.87"
        },
        {
            "time": "08.11.2020 12:14",
            "open": "215.87",
            "high": "217.48",
            "low": "215.84",
            "close": "215.95"
        },
        {
            "time": "08.11.2020 12:16",
            "open": "215.95",
            "high": "215.95",
            "low": "215.95",
            "close": "216.21"
        },
        {
            "time": "08.11.2020 12:21",
            "open": "216.21",
            "high": "216.22",
            "low": "216.21",
            "close": "215.9"
        },
        {
            "time": "08.11.2020 12:27",
            "open": "215.9",
            "high": "215.9",
            "low": "215.89",
            "close": "216.12"
        },
        {
            "time": "08.11.2020 12:29",
            "open": "216.12",
            "high": "216.12",
            "low": "216.12",
            "close": "216.03"
        },
        {
            "time": "08.11.2020 12:33",
            "open": "216.03",
            "high": "216.03",
            "low": "216.02",
            "close": "216.32"
        },
        {
            "time": "08.11.2020 12:38",
            "open": "216.32",
            "high": "216.33",
            "low": "216.32",
            "close": "216.27"
        },
        {
            "time": "08.11.2020 12:47",
            "open": "216.27",
            "high": "216.28",
            "low": "216.27",
            "close": "216.3"
        },
        {
            "time": "08.11.2020 12:49",
            "open": "216.3",
            "high": "216.3",
            "low": "216.3",
            "close": "216.28"
        },
        {
            "time": "08.11.2020 12:50",
            "open": "216.28",
            "high": "216.3",
            "low": "216.28",
            "close": "216.31"
        },
        {
            "time": "08.11.2020 12:55",
            "open": "216.31",
            "high": "216.32",
            "low": "216.31",
            "close": "216.5"
        },
        {
            "time": "08.11.2020 13:00",
            "open": "216.5",
            "high": "216.53",
            "low": "216.5",
            "close": "216.53"
        },
        {
            "time": "08.11.2020 13:01",
            "open": "216.53",
            "high": "216.53",
            "low": "216.52",
            "close": "217.06"
        },
        {
            "time": "08.11.2020 13:05",
            "open": "217.06",
            "high": "217.06",
            "low": "217.06",
            "close": "216.69"
        },
        {
            "time": "08.11.2020 13:06",
            "open": "216.69",
            "high": "216.69",
            "low": "216.69",
            "close": "216.86"
        },
        {
            "time": "08.11.2020 13:10",
            "open": "216.86",
            "high": "216.86",
            "low": "216.59",
            "close": "217.5"
        },
        {
            "time": "08.11.2020 13:15",
            "open": "217.5",
            "high": "219",
            "low": "217.5",
            "close": "218.99"
        },
        {
            "time": "08.11.2020 13:16",
            "open": "218.99",
            "high": "219",
            "low": "218.99",
            "close": "219.25"
        },
        {
            "time": "08.11.2020 13:17",
            "open": "219.25",
            "high": "219.25",
            "low": "219.25",
            "close": "219.27"
        },
        {
            "time": "08.11.2020 13:18",
            "open": "219.27",
            "high": "219.9",
            "low": "219.27",
            "close": "219.81"
        },
        {
            "time": "08.11.2020 13:19",
            "open": "219.81",
            "high": "220",
            "low": "219.81",
            "close": "220"
        },
        {
            "time": "08.11.2020 13:20",
            "open": "220",
            "high": "220.22",
            "low": "220",
            "close": "220.11"
        },
        {
            "time": "08.11.2020 13:22",
            "open": "220.11",
            "high": "220.11",
            "low": "220.11",
            "close": "220.03"
        },
        {
            "time": "08.11.2020 13:23",
            "open": "220.03",
            "high": "220.24",
            "low": "220.03",
            "close": "220.01"
        },
        {
            "time": "08.11.2020 13:24",
            "open": "220.01",
            "high": "220.01",
            "low": "220",
            "close": "219.8"
        },
        {
            "time": "08.11.2020 13:25",
            "open": "219.8",
            "high": "219.8",
            "low": "219.8",
            "close": "219.27"
        },
        {
            "time": "08.11.2020 13:26",
            "open": "219.27",
            "high": "219.27",
            "low": "219.27",
            "close": "219.27"
        },
        {
            "time": "08.11.2020 13:29",
            "open": "219.27",
            "high": "219.27",
            "low": "219.05",
            "close": "219.35"
        },
        {
            "time": "08.11.2020 13:31",
            "open": "219.35",
            "high": "219.35",
            "low": "219.34",
            "close": "219.97"
        },
        {
            "time": "08.11.2020 13:36",
            "open": "219.97",
            "high": "219.97",
            "low": "219.97",
            "close": "220"
        },
        {
            "time": "08.11.2020 13:37",
            "open": "220",
            "high": "220",
            "low": "220",
            "close": "220.25"
        },
        {
            "time": "08.11.2020 13:43",
            "open": "220.25",
            "high": "220.25",
            "low": "220.25",
            "close": "220.31"
        },
        {
            "time": "08.11.2020 13:49",
            "open": "220.31",
            "high": "220.31",
            "low": "220.3",
            "close": "220.49"
        },
        {
            "time": "08.11.2020 13:50",
            "open": "220.49",
            "high": "220.5",
            "low": "220.49",
            "close": "220.5"
        },
        {
            "time": "08.11.2020 13:52",
            "open": "220.5",
            "high": "220.5",
            "low": "220.5",
            "close": "220.5"
        },
        {
            "time": "08.11.2020 13:53",
            "open": "220.5",
            "high": "220.5",
            "low": "220.5",
            "close": "220.63"
        },
        {
            "time": "08.11.2020 13:54",
            "open": "220.63",
            "high": "220.63",
            "low": "220.57",
            "close": "220.77"
        },
        {
            "time": "08.11.2020 13:57",
            "open": "220.77",
            "high": "220.77",
            "low": "220.77",
            "close": "221"
        },
        {
            "time": "08.11.2020 13:59",
            "open": "221",
            "high": "221",
            "low": "220.74",
            "close": "220.86"
        },
        {
            "time": "08.11.2020 14:00",
            "open": "220.86",
            "high": "220.86",
            "low": "220.86",
            "close": "220.9"
        },
        {
            "time": "08.11.2020 14:01",
            "open": "220.9",
            "high": "220.9",
            "low": "220.53",
            "close": "221.14"
        },
        {
            "time": "08.11.2020 14:03",
            "open": "221.14",
            "high": "221.14",
            "low": "221.05",
            "close": "221.1"
        },
        {
            "time": "08.11.2020 14:05",
            "open": "221.1",
            "high": "221.1",
            "low": "221.1",
            "close": "221.1"
        },
        {
            "time": "08.11.2020 14:07",
            "open": "221.1",
            "high": "221.1",
            "low": "221.1",
            "close": "221.1"
        },
        {
            "time": "08.11.2020 14:08",
            "open": "221.1",
            "high": "221.1",
            "low": "221.1",
            "close": "221.1"
        },
        {
            "time": "08.11.2020 14:10",
            "open": "221.1",
            "high": "221.11",
            "low": "221.1",
            "close": "221.1"
        },
        {
            "time": "08.11.2020 14:11",
            "open": "221.1",
            "high": "221.1",
            "low": "219.9",
            "close": "219.79"
        },
        {
            "time": "08.11.2020 14:14",
            "open": "219.79",
            "high": "219.79",
            "low": "219.79",
            "close": "219.89"
        },
        {
            "time": "08.11.2020 14:16",
            "open": "219.89",
            "high": "219.9",
            "low": "219.89",
            "close": "219.7"
        },
        {
            "time": "08.11.2020 14:18",
            "open": "219.7",
            "high": "219.7",
            "low": "219.7",
            "close": "219.9"
        },
        {
            "time": "08.11.2020 14:19",
            "open": "219.9",
            "high": "219.9",
            "low": "219.69",
            "close": "219.69"
        },
        {
            "time": "08.11.2020 14:20",
            "open": "219.69",
            "high": "219.69",
            "low": "219.69",
            "close": "219.5"
        },
        {
            "time": "08.11.2020 14:22",
            "open": "219.5",
            "high": "219.5",
            "low": "219.5",
            "close": "219.53"
        },
        {
            "time": "08.11.2020 14:24",
            "open": "219.53",
            "high": "219.62",
            "low": "219.53",
            "close": "219.38"
        },
        {
            "time": "08.11.2020 14:27",
            "open": "219.38",
            "high": "219.38",
            "low": "218.89",
            "close": "219.12"
        },
        {
            "time": "08.11.2020 14:28",
            "open": "219.12",
            "high": "219.12",
            "low": "219.12",
            "close": "218.79"
        },
        {
            "time": "08.11.2020 14:29",
            "open": "218.79",
            "high": "218.79",
            "low": "218.79",
            "close": "218.54"
        },
        {
            "time": "08.11.2020 14:30",
            "open": "218.54",
            "high": "218.61",
            "low": "218.53",
            "close": "218.42"
        },
        {
            "time": "08.11.2020 14:32",
            "open": "218.42",
            "high": "218.42",
            "low": "218.42",
            "close": "218.4"
        },
        {
            "time": "08.11.2020 14:33",
            "open": "218.4",
            "high": "218.4",
            "low": "218.4",
            "close": "218.4"
        },
        {
            "time": "08.11.2020 14:35",
            "open": "218.4",
            "high": "218.4",
            "low": "218.4",
            "close": "218.4"
        },
        {
            "time": "08.11.2020 14:36",
            "open": "218.4",
            "high": "218.4",
            "low": "218.4",
            "close": "218.6"
        },
        {
            "time": "08.11.2020 14:37",
            "open": "218.6",
            "high": "218.6",
            "low": "218.6",
            "close": "218.72"
        },
        {
            "time": "08.11.2020 14:39",
            "open": "218.72",
            "high": "218.72",
            "low": "218.67",
            "close": "219.38"
        },
        {
            "time": "08.11.2020 14:43",
            "open": "219.38",
            "high": "219.38",
            "low": "219.38",
            "close": "219.89"
        },
        {
            "time": "08.11.2020 14:44",
            "open": "219.89",
            "high": "219.89",
            "low": "219.89",
            "close": "219.89"
        },
        {
            "time": "08.11.2020 14:45",
            "open": "219.89",
            "high": "220.53",
            "low": "219.89",
            "close": "220.4"
        },
        {
            "time": "08.11.2020 14:46",
            "open": "220.4",
            "high": "220.4",
            "low": "220.3",
            "close": "220.47"
        },
        {
            "time": "08.11.2020 14:47",
            "open": "220.47",
            "high": "220.88",
            "low": "220.47",
            "close": "220.42"
        },
        {
            "time": "08.11.2020 14:48",
            "open": "220.42",
            "high": "220.42",
            "low": "220.36",
            "close": "220.48"
        },
        {
            "time": "08.11.2020 14:49",
            "open": "220.48",
            "high": "220.48",
            "low": "220.48",
            "close": "221.14"
        },
        {
            "time": "08.11.2020 14:57",
            "open": "221.14",
            "high": "221.5",
            "low": "221.14",
            "close": "222"
        },
        {
            "time": "08.11.2020 14:58",
            "open": "221.68",
            "high": "221.68",
            "low": "221.68",
            "close": "221.92"
        },
        {
            "time": "08.11.2020 14:59",
            "open": "221.92",
            "high": "222.15",
            "low": "221.92",
            "close": "222.18"
        },
        {
            "time": "08.11.2020 15:00",
            "open": "222.18",
            "high": "222.49",
            "low": "222.1",
            "close": "222.5"
        },
        {
            "time": "08.11.2020 15:01",
            "open": "222.5",
            "high": "222.5",
            "low": "222.42",
            "close": "222.33"
        },
        {
            "time": "08.11.2020 15:02",
            "open": "222.33",
            "high": "222.33",
            "low": "222.33",
            "close": "222.19"
        },
        {
            "time": "08.11.2020 15:04",
            "open": "222.19",
            "high": "222.19",
            "low": "221.64",
            "close": "221.18"
        },
        {
            "time": "08.11.2020 15:05",
            "open": "221.18",
            "high": "221.18",
            "low": "220.79",
            "close": "220.79"
        },
        {
            "time": "08.11.2020 15:06",
            "open": "220.79",
            "high": "220.79",
            "low": "220.52",
            "close": "220.52"
        },
        {
            "time": "08.11.2020 15:07",
            "open": "220.52",
            "high": "220.52",
            "low": "219.96",
            "close": "220.11"
        },
        {
            "time": "08.11.2020 15:08",
            "open": "220.11",
            "high": "220.42",
            "low": "220.11",
            "close": "221.46"
        },
        {
            "time": "08.11.2020 15:09",
            "open": "221.46",
            "high": "223.92",
            "low": "221.46",
            "close": "221.68"
        },
        {
            "time": "08.11.2020 15:10",
            "open": "221.68",
            "high": "222.16",
            "low": "221.68",
            "close": "222.11"
        },
        {
            "time": "08.11.2020 15:11",
            "open": "222.11",
            "high": "222.37",
            "low": "222.09",
            "close": "222.78"
        },
        {
            "time": "08.11.2020 15:15",
            "open": "222.78",
            "high": "222.84",
            "low": "222.78",
            "close": "223.44"
        },
        {
            "time": "08.11.2020 15:16",
            "open": "223.44",
            "high": "223.44",
            "low": "223.25",
            "close": "223.54"
        },
        {
            "time": "08.11.2020 15:18",
            "open": "223.54",
            "high": "225",
            "low": "223.54",
            "close": "224.85"
        },
        {
            "time": "08.11.2020 15:19",
            "open": "224.85",
            "high": "224.99",
            "low": "224.83",
            "close": "224.81"
        },
        {
            "time": "08.11.2020 15:20",
            "open": "224.81",
            "high": "224.81",
            "low": "224.79",
            "close": "224.14"
        },
        {
            "time": "08.11.2020 15:23",
            "open": "224.14",
            "high": "224.14",
            "low": "223.83",
            "close": "223.67"
        },
        {
            "time": "08.11.2020 15:24",
            "open": "223.67",
            "high": "223.67",
            "low": "223.61",
            "close": "224.84"
        },
        {
            "time": "08.11.2020 15:27",
            "open": "224.84",
            "high": "225.16",
            "low": "224.84",
            "close": "225.17"
        },
        {
            "time": "08.11.2020 15:31",
            "open": "225.17",
            "high": "225.17",
            "low": "223.79",
            "close": "224.69"
        },
        {
            "time": "08.11.2020 15:32",
            "open": "224.69",
            "high": "224.87",
            "low": "224.69",
            "close": "225.23"
        },
        {
            "time": "08.11.2020 15:33",
            "open": "225.23",
            "high": "225.85",
            "low": "225.05",
            "close": "225.99"
        },
        {
            "time": "08.11.2020 15:34",
            "open": "225.99",
            "high": "227.86",
            "low": "225.99",
            "close": "227.28"
        },
        {
            "time": "08.11.2020 15:35",
            "open": "227.28",
            "high": "227.75",
            "low": "226.58",
            "close": "227.09"
        },
        {
            "time": "08.11.2020 15:37",
            "open": "227.09",
            "high": "228.75",
            "low": "227.09",
            "close": "227.61"
        },
        {
            "time": "08.11.2020 15:38",
            "open": "227.61",
            "high": "227.61",
            "low": "227.61",
            "close": "228.2"
        },
        {
            "time": "08.11.2020 15:39",
            "open": "228.2",
            "high": "228.78",
            "low": "227.92",
            "close": "228.65"
        },
        {
            "time": "08.11.2020 15:40",
            "open": "228.65",
            "high": "228.65",
            "low": "227.22",
            "close": "228.95"
        },
        {
            "time": "08.11.2020 15:41",
            "open": "228.95",
            "high": "228.95",
            "low": "228.95",
            "close": "229"
        },
        {
            "time": "08.11.2020 15:42",
            "open": "229",
            "high": "229.4",
            "low": "229",
            "close": "229.4"
        },
        {
            "time": "08.11.2020 15:43",
            "open": "229.4",
            "high": "231.93",
            "low": "229.4",
            "close": "231.92"
        },
        {
            "time": "08.11.2020 15:44",
            "open": "231.92",
            "high": "232.88",
            "low": "229.09",
            "close": "231.12"
        },
        {
            "time": "08.11.2020 15:45",
            "open": "231.12",
            "high": "231.38",
            "low": "229.46",
            "close": "230.11"
        },
        {
            "time": "08.11.2020 15:46",
            "open": "230.11",
            "high": "231.61",
            "low": "230.08",
            "close": "231.59"
        },
        {
            "time": "08.11.2020 15:47",
            "open": "231.59",
            "high": "232.64",
            "low": "231.59",
            "close": "232.11"
        },
        {
            "time": "08.11.2020 15:48",
            "open": "232.11",
            "high": "232.3",
            "low": "231.68",
            "close": "231.78"
        },
        {
            "time": "08.11.2020 15:49",
            "open": "231.78",
            "high": "231.93",
            "low": "230.97",
            "close": "230.75"
        },
        {
            "time": "08.11.2020 15:50",
            "open": "230.75",
            "high": "232.52",
            "low": "230.75",
            "close": "231.41"
        },
        {
            "time": "08.11.2020 15:51",
            "open": "231.41",
            "high": "231.41",
            "low": "230.83",
            "close": "231.46"
        },
        {
            "time": "08.11.2020 15:52",
            "open": "231.46",
            "high": "232.07",
            "low": "231.2",
            "close": "232.29"
        },
        {
            "time": "08.11.2020 15:53",
            "open": "232.29",
            "high": "232.5",
            "low": "231.88",
            "close": "232.2"
        },
        {
            "time": "08.11.2020 15:54",
            "open": "232.2",
            "high": "232.72",
            "low": "232.1",
            "close": "231.55"
        },
        {
            "time": "08.11.2020 15:55",
            "open": "231.55",
            "high": "231.58",
            "low": "229.04",
            "close": "230.95"
        },
        {
            "time": "08.11.2020 15:56",
            "open": "230.95",
            "high": "231.72",
            "low": "230.93",
            "close": "231.12"
        },
        {
            "time": "08.11.2020 15:57",
            "open": "231.12",
            "high": "231.57",
            "low": "230.98",
            "close": "231.53"
        },
        {
            "time": "08.11.2020 15:58",
            "open": "231.53",
            "high": "231.54",
            "low": "230.88",
            "close": "231.11"
        },
        {
            "time": "08.11.2020 15:59",
            "open": "231.11",
            "high": "231.11",
            "low": "231.11",
            "close": "231.71"
        },
        {
            "time": "08.11.2020 16:00",
            "open": "231.71",
            "high": "231.91",
            "low": "231.22",
            "close": "231.47"
        },
        {
            "time": "08.11.2020 16:01",
            "open": "231.47",
            "high": "231.47",
            "low": "230.94",
            "close": "231.24"
        },
        {
            "time": "08.11.2020 16:02",
            "open": "231.24",
            "high": "231.24",
            "low": "230.85",
            "close": "230.67"
        },
        {
            "time": "08.11.2020 16:03",
            "open": "230.67",
            "high": "230.95",
            "low": "230.46",
            "close": "230.48"
        },
        {
            "time": "08.11.2020 16:04",
            "open": "230.48",
            "high": "230.48",
            "low": "230.46",
            "close": "230.46"
        },
        {
            "time": "08.11.2020 16:05",
            "open": "230.46",
            "high": "230.46",
            "low": "229.74",
            "close": "229.8"
        },
        {
            "time": "08.11.2020 16:06",
            "open": "229.8",
            "high": "230.05",
            "low": "228.29",
            "close": "230.63"
        },
        {
            "time": "08.11.2020 16:07",
            "open": "230.63",
            "high": "231.01",
            "low": "230.51",
            "close": "230.9"
        },
        {
            "time": "08.11.2020 16:08",
            "open": "230.9",
            "high": "230.91",
            "low": "230.59",
            "close": "230.21"
        },
        {
            "time": "08.11.2020 16:09",
            "open": "230.21",
            "high": "230.21",
            "low": "230.2",
            "close": "230.63"
        },
        {
            "time": "08.11.2020 16:10",
            "open": "230.63",
            "high": "230.63",
            "low": "230.63",
            "close": "230.65"
        },
        {
            "time": "08.11.2020 16:11",
            "open": "230.65",
            "high": "230.74",
            "low": "230.65",
            "close": "231"
        },
        {
            "time": "08.11.2020 16:13",
            "open": "231",
            "high": "231",
            "low": "230.94",
            "close": "230.89"
        },
        {
            "time": "08.11.2020 16:14",
            "open": "230.89",
            "high": "231.53",
            "low": "230.89",
            "close": "232.08"
        },
        {
            "time": "08.11.2020 16:15",
            "open": "232.08",
            "high": "232.64",
            "low": "232.08",
            "close": "232.01"
        },
        {
            "time": "08.11.2020 16:16",
            "open": "232.01",
            "high": "232.01",
            "low": "231.56",
            "close": "230.77"
        },
        {
            "time": "08.11.2020 16:17",
            "open": "230.77",
            "high": "231.06",
            "low": "230.61",
            "close": "231.45"
        },
        {
            "time": "08.11.2020 16:18",
            "open": "231.45",
            "high": "231.89",
            "low": "231.45",
            "close": "232.1"
        },
        {
            "time": "08.11.2020 16:19",
            "open": "232.1",
            "high": "232.3",
            "low": "232.1",
            "close": "231.95"
        },
        {
            "time": "08.11.2020 16:20",
            "open": "231.95",
            "high": "231.95",
            "low": "230.31",
            "close": "231.36"
        },
        {
            "time": "08.11.2020 16:21",
            "open": "231.36",
            "high": "231.64",
            "low": "231",
            "close": "231.63"
        },
        {
            "time": "08.11.2020 16:23",
            "open": "231.63",
            "high": "232",
            "low": "231.63",
            "close": "231.91"
        },
        {
            "time": "08.11.2020 16:24",
            "open": "231.91",
            "high": "232",
            "low": "231.91",
            "close": "231.96"
        },
        {
            "time": "08.11.2020 16:25",
            "open": "231.96",
            "high": "232.44",
            "low": "231.96",
            "close": "231.58"
        },
        {
            "time": "08.11.2020 16:26",
            "open": "231.58",
            "high": "231.68",
            "low": "231.57",
            "close": "231.4"
        },
        {
            "time": "08.11.2020 16:27",
            "open": "231.4",
            "high": "231.7",
            "low": "231.4",
            "close": "231.5"
        },
        {
            "time": "08.11.2020 16:28",
            "open": "231.5",
            "high": "231.5",
            "low": "231.5",
            "close": "231.1"
        },
        {
            "time": "08.11.2020 16:29",
            "open": "231.1",
            "high": "231.41",
            "low": "230.72",
            "close": "230.93"
        },
        {
            "time": "08.11.2020 16:30",
            "open": "230.93",
            "high": "230.94",
            "low": "230.57",
            "close": "230.57"
        },
        {
            "time": "08.11.2020 16:31",
            "open": "230.57",
            "high": "230.57",
            "low": "230.35",
            "close": "230.52"
        },
        {
            "time": "08.11.2020 16:32",
            "open": "230.52",
            "high": "230.52",
            "low": "229.75",
            "close": "230.36"
        },
        {
            "time": "08.11.2020 16:33",
            "open": "230.36",
            "high": "230.37",
            "low": "230.02",
            "close": "229.66"
        },
        {
            "time": "08.11.2020 16:34",
            "open": "229.66",
            "high": "229.66",
            "low": "229.21",
            "close": "229.9"
        },
        {
            "time": "08.11.2020 16:35",
            "open": "229.9",
            "high": "230.09",
            "low": "229.56",
            "close": "229.69"
        },
        {
            "time": "08.11.2020 16:36",
            "open": "229.69",
            "high": "229.69",
            "low": "227.79",
            "close": "229.69"
        },
        {
            "time": "08.11.2020 16:37",
            "open": "229.69",
            "high": "229.95",
            "low": "229.41",
            "close": "230.04"
        },
        {
            "time": "08.11.2020 16:38",
            "open": "230.04",
            "high": "230.21",
            "low": "230.04",
            "close": "229.82"
        },
        {
            "time": "08.11.2020 16:39",
            "open": "229.82",
            "high": "230.35",
            "low": "229.72",
            "close": "229.93"
        },
        {
            "time": "08.11.2020 16:40",
            "open": "229.93",
            "high": "229.93",
            "low": "229.8",
            "close": "229.85"
        },
        {
            "time": "08.11.2020 16:44",
            "open": "229.85",
            "high": "229.85",
            "low": "229.85",
            "close": "230.12"
        },
        {
            "time": "08.11.2020 16:47",
            "open": "230.12",
            "high": "230.12",
            "low": "230.1",
            "close": "230.1"
        },
        {
            "time": "08.11.2020 16:48",
            "open": "230.1",
            "high": "230.1",
            "low": "230",
            "close": "230"
        },
        {
            "time": "08.11.2020 16:50",
            "open": "230",
            "high": "230",
            "low": "230",
            "close": "228.72"
        },
        {
            "time": "08.11.2020 16:51",
            "open": "228.72",
            "high": "228.72",
            "low": "228.72",
            "close": "228.73"
        },
        {
            "time": "08.11.2020 16:52",
            "open": "228.73",
            "high": "228.83",
            "low": "227.94",
            "close": "228.61"
        },
        {
            "time": "08.11.2020 16:53",
            "open": "228.61",
            "high": "228.78",
            "low": "228.61",
            "close": "228.78"
        },
        {
            "time": "08.11.2020 16:54",
            "open": "228.78",
            "high": "229.16",
            "low": "228.78",
            "close": "229.15"
        },
        {
            "time": "08.11.2020 16:55",
            "open": "229.15",
            "high": "229.24",
            "low": "229.15",
            "close": "229.08"
        },
        {
            "time": "08.11.2020 16:56",
            "open": "229.08",
            "high": "229.08",
            "low": "228.76",
            "close": "229.21"
        },
        {
            "time": "08.11.2020 16:57",
            "open": "229.21",
            "high": "229.22",
            "low": "228.99",
            "close": "229.09"
        },
        {
            "time": "08.11.2020 16:58",
            "open": "229.09",
            "high": "229.21",
            "low": "228.78",
            "close": "229.21"
        },
        {
            "time": "08.11.2020 16:59",
            "open": "229.21",
            "high": "229.21",
            "low": "228.93",
            "close": "229.98"
        },
        {
            "time": "08.11.2020 17:00",
            "open": "229.98",
            "high": "230",
            "low": "229.89",
            "close": "230.01"
        },
        {
            "time": "08.11.2020 17:01",
            "open": "230.01",
            "high": "230.02",
            "low": "229.46",
            "close": "228.7"
        },
        {
            "time": "08.11.2020 17:02",
            "open": "228.7",
            "high": "229.51",
            "low": "228.67",
            "close": "229.61"
        },
        {
            "time": "08.11.2020 17:04",
            "open": "229.61",
            "high": "229.61",
            "low": "229.58",
            "close": "229.98"
        },
        {
            "time": "08.11.2020 17:05",
            "open": "229.98",
            "high": "229.99",
            "low": "229.48",
            "close": "229.04"
        },
        {
            "time": "08.11.2020 17:07",
            "open": "229.04",
            "high": "229.04",
            "low": "229.04",
            "close": "228.93"
        },
        {
            "time": "08.11.2020 17:08",
            "open": "228.93",
            "high": "228.93",
            "low": "227.78",
            "close": "228.25"
        },
        {
            "time": "08.11.2020 17:09",
            "open": "228.25",
            "high": "228.26",
            "low": "227.84",
            "close": "227.58"
        },
        {
            "time": "08.11.2020 17:10",
            "open": "227.58",
            "high": "228.23",
            "low": "225.87",
            "close": "228.15"
        },
        {
            "time": "08.11.2020 17:11",
            "open": "228.15",
            "high": "229.8",
            "low": "227.6",
            "close": "227.39"
        },
        {
            "time": "08.11.2020 17:12",
            "open": "227.39",
            "high": "227.39",
            "low": "226.81",
            "close": "227.34"
        },
        {
            "time": "08.11.2020 17:13",
            "open": "227.34",
            "high": "227.87",
            "low": "227.32",
            "close": "227.68"
        },
        {
            "time": "08.11.2020 17:14",
            "open": "227.68",
            "high": "227.68",
            "low": "227.3",
            "close": "227.3"
        },
        {
            "time": "08.11.2020 17:15",
            "open": "227.3",
            "high": "227.87",
            "low": "227.28",
            "close": "227.35"
        },
        {
            "time": "08.11.2020 17:17",
            "open": "227.35",
            "high": "227.37",
            "low": "227.15",
            "close": "227.4"
        },
        {
            "time": "08.11.2020 17:20",
            "open": "227.4",
            "high": "227.4",
            "low": "227.4",
            "close": "227.49"
        },
        {
            "time": "08.11.2020 17:21",
            "open": "227.49",
            "high": "227.49",
            "low": "227.49",
            "close": "227.48"
        },
        {
            "time": "08.11.2020 17:23",
            "open": "227.48",
            "high": "227.5",
            "low": "227.48",
            "close": "227.5"
        },
        {
            "time": "08.11.2020 17:24",
            "open": "227.5",
            "high": "228.07",
            "low": "227.49",
            "close": "228.25"
        },
        {
            "time": "08.11.2020 17:25",
            "open": "228.25",
            "high": "228.25",
            "low": "228.22",
            "close": "227.62"
        },
        {
            "time": "08.11.2020 17:26",
            "open": "227.62",
            "high": "227.62",
            "low": "227.62",
            "close": "227.71"
        },
        {
            "time": "08.11.2020 17:27",
            "open": "227.71",
            "high": "227.71",
            "low": "227.61",
            "close": "227.82"
        },
        {
            "time": "08.11.2020 17:28",
            "open": "227.82",
            "high": "227.82",
            "low": "227.4",
            "close": "227.82"
        },
        {
            "time": "08.11.2020 17:31",
            "open": "227.82",
            "high": "228.3",
            "low": "227.82",
            "close": "227.64"
        },
        {
            "time": "08.11.2020 17:35",
            "open": "227.64",
            "high": "227.83",
            "low": "227.58",
            "close": "227.76"
        },
        {
            "time": "08.11.2020 17:36",
            "open": "227.76",
            "high": "227.77",
            "low": "227.48",
            "close": "227.57"
        },
        {
            "time": "08.11.2020 17:37",
            "open": "227.57",
            "high": "227.58",
            "low": "227.57",
            "close": "227"
        },
        {
            "time": "08.11.2020 17:38",
            "open": "227",
            "high": "227",
            "low": "226.96",
            "close": "226.62"
        },
        {
            "time": "08.11.2020 17:39",
            "open": "226.62",
            "high": "227.02",
            "low": "226.62",
            "close": "227.36"
        },
        {
            "time": "08.11.2020 17:40",
            "open": "227.36",
            "high": "227.36",
            "low": "227.36",
            "close": "227.03"
        },
        {
            "time": "08.11.2020 17:41",
            "open": "227.03",
            "high": "227.03",
            "low": "227.03",
            "close": "227.34"
        },
        {
            "time": "08.11.2020 17:42",
            "open": "227.34",
            "high": "227.36",
            "low": "227.34",
            "close": "227.36"
        },
        {
            "time": "08.11.2020 17:43",
            "open": "227.36",
            "high": "227.36",
            "low": "227.02",
            "close": "226.8"
        },
        {
            "time": "08.11.2020 17:44",
            "open": "226.8",
            "high": "226.85",
            "low": "226.75",
            "close": "226.75"
        },
        {
            "time": "08.11.2020 17:47",
            "open": "226.75",
            "high": "227.07",
            "low": "226.75",
            "close": "227.78"
        },
        {
            "time": "08.11.2020 17:48",
            "open": "227.78",
            "high": "227.78",
            "low": "227.78",
            "close": "227.77"
        },
        {
            "time": "08.11.2020 17:49",
            "open": "227.77",
            "high": "228.09",
            "low": "227.77",
            "close": "227.6"
        },
        {
            "time": "08.11.2020 17:50",
            "open": "227.6",
            "high": "227.6",
            "low": "227.6",
            "close": "228.36"
        },
        {
            "time": "08.11.2020 17:52",
            "open": "228.36",
            "high": "228.36",
            "low": "228.25",
            "close": "227.92"
        },
        {
            "time": "08.11.2020 17:54",
            "open": "227.92",
            "high": "227.92",
            "low": "227.92",
            "close": "227.49"
        },
        {
            "time": "08.11.2020 17:56",
            "open": "227.49",
            "high": "227.49",
            "low": "227.48",
            "close": "227.71"
        },
        {
            "time": "08.11.2020 17:57",
            "open": "227.71",
            "high": "227.71",
            "low": "227.68",
            "close": "228.25"
        },
        {
            "time": "08.11.2020 17:59",
            "open": "228.25",
            "high": "228.25",
            "low": "228.25",
            "close": "228.17"
        },
        {
            "time": "08.11.2020 18:02",
            "open": "228.17",
            "high": "228.17",
            "low": "228.17",
            "close": "228.25"
        },
        {
            "time": "08.11.2020 18:03",
            "open": "228.25",
            "high": "228.62",
            "low": "227.96",
            "close": "228.41"
        },
        {
            "time": "08.11.2020 18:04",
            "open": "228.41",
            "high": "228.42",
            "low": "228.41",
            "close": "227.98"
        },
        {
            "time": "08.11.2020 18:05",
            "open": "227.98",
            "high": "227.98",
            "low": "227.49",
            "close": "227.53"
        },
        {
            "time": "08.11.2020 18:08",
            "open": "227.53",
            "high": "227.67",
            "low": "227.53",
            "close": "227.5"
        },
        {
            "time": "08.11.2020 18:15",
            "open": "227.5",
            "high": "227.51",
            "low": "227.5",
            "close": "227.8"
        },
        {
            "time": "08.11.2020 18:17",
            "open": "227.8",
            "high": "227.8",
            "low": "227.62",
            "close": "227.62"
        },
        {
            "time": "08.11.2020 18:18",
            "open": "227.62",
            "high": "227.62",
            "low": "227.62",
            "close": "227.64"
        },
        {
            "time": "08.11.2020 18:19",
            "open": "227.64",
            "high": "227.66",
            "low": "227.64",
            "close": "227.65"
        },
        {
            "time": "08.11.2020 18:20",
            "open": "227.65",
            "high": "227.65",
            "low": "227.65",
            "close": "227.6"
        },
        {
            "time": "08.11.2020 18:21",
            "open": "227.6",
            "high": "227.6",
            "low": "227.41",
            "close": "227.01"
        },
        {
            "time": "08.11.2020 18:22",
            "open": "227.01",
            "high": "227.35",
            "low": "227",
            "close": "227.1"
        },
        {
            "time": "08.11.2020 18:23",
            "open": "227.1",
            "high": "227.36",
            "low": "227.1",
            "close": "227.89"
        },
        {
            "time": "08.11.2020 18:24",
            "open": "227.89",
            "high": "227.89",
            "low": "227.84",
            "close": "227.69"
        },
        {
            "time": "08.11.2020 18:25",
            "open": "227.69",
            "high": "228.15",
            "low": "227.69",
            "close": "228.03"
        },
        {
            "time": "08.11.2020 18:26",
            "open": "228.03",
            "high": "228.03",
            "low": "228.03",
            "close": "227.88"
        },
        {
            "time": "08.11.2020 18:27",
            "open": "227.88",
            "high": "227.89",
            "low": "227.88",
            "close": "227.73"
        },
        {
            "time": "08.11.2020 18:29",
            "open": "227.73",
            "high": "227.73",
            "low": "227.73",
            "close": "228.19"
        },
        {
            "time": "08.11.2020 18:30",
            "open": "228.19",
            "high": "228.2",
            "low": "228.19",
            "close": "228.26"
        },
        {
            "time": "08.11.2020 18:31",
            "open": "228.26",
            "high": "228.26",
            "low": "228.26",
            "close": "228.13"
        },
        {
            "time": "08.11.2020 18:32",
            "open": "228.13",
            "high": "228.13",
            "low": "228.13",
            "close": "227.93"
        },
        {
            "time": "08.11.2020 18:33",
            "open": "227.93",
            "high": "227.93",
            "low": "227.93",
            "close": "228.15"
        },
        {
            "time": "08.11.2020 18:34",
            "open": "228.15",
            "high": "228.15",
            "low": "228.07",
            "close": "227.77"
        },
        {
            "time": "08.11.2020 18:39",
            "open": "227.77",
            "high": "227.77",
            "low": "227.73",
            "close": "227.97"
        },
        {
            "time": "08.11.2020 18:40",
            "open": "227.97",
            "high": "228.05",
            "low": "227.97",
            "close": "228.24"
        },
        {
            "time": "08.11.2020 18:43",
            "open": "228.24",
            "high": "228.28",
            "low": "228.24",
            "close": "227.97"
        },
        {
            "time": "08.11.2020 18:44",
            "open": "227.97",
            "high": "227.97",
            "low": "227.97",
            "close": "228.19"
        },
        {
            "time": "08.11.2020 18:46",
            "open": "228.19",
            "high": "228.19",
            "low": "228.19",
            "close": "228.2"
        },
        {
            "time": "08.11.2020 18:47",
            "open": "228.2",
            "high": "228.2",
            "low": "228.19",
            "close": "228.36"
        },
        {
            "time": "08.11.2020 18:48",
            "open": "228.36",
            "high": "228.39",
            "low": "228.36",
            "close": "228.29"
        },
        {
            "time": "08.11.2020 18:49",
            "open": "228.29",
            "high": "228.33",
            "low": "228.21",
            "close": "228.27"
        },
        {
            "time": "08.11.2020 18:50",
            "open": "228.27",
            "high": "228.32",
            "low": "228.19",
            "close": "228.51"
        },
        {
            "time": "08.11.2020 18:52",
            "open": "228.51",
            "high": "228.51",
            "low": "228.51",
            "close": "228.46"
        },
        {
            "time": "08.11.2020 18:53",
            "open": "228.46",
            "high": "228.46",
            "low": "228.46",
            "close": "228.69"
        },
        {
            "time": "08.11.2020 18:54",
            "open": "228.69",
            "high": "228.69",
            "low": "228.69",
            "close": "228.78"
        },
        {
            "time": "08.11.2020 18:55",
            "open": "228.78",
            "high": "228.79",
            "low": "228.78",
            "close": "229"
        },
        {
            "time": "08.11.2020 18:57",
            "open": "229",
            "high": "229.23",
            "low": "229",
            "close": "228.52"
        },
        {
            "time": "08.11.2020 18:59",
            "open": "228.52",
            "high": "228.52",
            "low": "228.52",
            "close": "228.87"
        },
        {
            "time": "08.11.2020 19:02",
            "open": "228.87",
            "high": "228.87",
            "low": "228.87",
            "close": "229.04"
        },
        {
            "time": "08.11.2020 19:05",
            "open": "229.04",
            "high": "229.42",
            "low": "229.04",
            "close": "229.26"
        },
        {
            "time": "08.11.2020 19:06",
            "open": "229.26",
            "high": "229.43",
            "low": "229.26",
            "close": "229.32"
        },
        {
            "time": "08.11.2020 19:07",
            "open": "229.32",
            "high": "229.32",
            "low": "229.22",
            "close": "229.29"
        },
        {
            "time": "08.11.2020 19:08",
            "open": "229.29",
            "high": "229.49",
            "low": "229.29",
            "close": "229.29"
        },
        {
            "time": "08.11.2020 19:09",
            "open": "229.29",
            "high": "229.37",
            "low": "229.29",
            "close": "228.87"
        },
        {
            "time": "08.11.2020 19:11",
            "open": "228.87",
            "high": "228.87",
            "low": "228.87",
            "close": "228.7"
        },
        {
            "time": "08.11.2020 19:12",
            "open": "228.7",
            "high": "228.7",
            "low": "228.7",
            "close": "227.95"
        },
        {
            "time": "08.11.2020 19:13",
            "open": "227.95",
            "high": "227.95",
            "low": "227.78",
            "close": "227.78"
        },
        {
            "time": "08.11.2020 19:14",
            "open": "227.78",
            "high": "227.78",
            "low": "227.43",
            "close": "227.83"
        },
        {
            "time": "08.11.2020 19:15",
            "open": "227.83",
            "high": "227.95",
            "low": "227.77",
            "close": "227.69"
        },
        {
            "time": "08.11.2020 19:17",
            "open": "227.69",
            "high": "227.69",
            "low": "227.64",
            "close": "227.64"
        },
        {
            "time": "08.11.2020 19:18",
            "open": "227.64",
            "high": "227.64",
            "low": "227.64",
            "close": "227.64"
        },
        {
            "time": "08.11.2020 19:19",
            "open": "227.64",
            "high": "227.67",
            "low": "227.64",
            "close": "227.32"
        },
        {
            "time": "08.11.2020 19:20",
            "open": "227.32",
            "high": "227.32",
            "low": "227.32",
            "close": "227.51"
        },
        {
            "time": "08.11.2020 19:26",
            "open": "227.51",
            "high": "227.51",
            "low": "227.51",
            "close": "227.36"
        },
        {
            "time": "08.11.2020 19:28",
            "open": "227.36",
            "high": "227.36",
            "low": "227.36",
            "close": "227.51"
        },
        {
            "time": "08.11.2020 19:29",
            "open": "227.51",
            "high": "227.51",
            "low": "227.41",
            "close": "227.55"
        },
        {
            "time": "08.11.2020 19:31",
            "open": "227.55",
            "high": "227.55",
            "low": "227.37",
            "close": "227.77"
        },
        {
            "time": "08.11.2020 19:32",
            "open": "227.77",
            "high": "227.77",
            "low": "227.77",
            "close": "227.7"
        },
        {
            "time": "08.11.2020 19:33",
            "open": "227.7",
            "high": "227.7",
            "low": "227.67",
            "close": "227.68"
        },
        {
            "time": "08.11.2020 19:35",
            "open": "227.68",
            "high": "227.68",
            "low": "227.68",
            "close": "227.68"
        },
        {
            "time": "08.11.2020 19:36",
            "open": "227.68",
            "high": "227.68",
            "low": "227.38",
            "close": "227.24"
        },
        {
            "time": "08.11.2020 19:38",
            "open": "227.24",
            "high": "227.24",
            "low": "226.67",
            "close": "227.1"
        },
        {
            "time": "08.11.2020 19:39",
            "open": "227.1",
            "high": "227.1",
            "low": "227.1",
            "close": "227.14"
        },
        {
            "time": "08.11.2020 19:42",
            "open": "227.14",
            "high": "227.14",
            "low": "226.89",
            "close": "226"
        },
        {
            "time": "08.11.2020 19:43",
            "open": "226",
            "high": "226",
            "low": "225.86",
            "close": "225.74"
        },
        {
            "time": "08.11.2020 19:44",
            "open": "225.74",
            "high": "225.95",
            "low": "225.34",
            "close": "226.15"
        },
        {
            "time": "08.11.2020 19:46",
            "open": "226.15",
            "high": "226.15",
            "low": "226.15",
            "close": "225.75"
        },
        {
            "time": "08.11.2020 19:47",
            "open": "225.75",
            "high": "225.75",
            "low": "225.75",
            "close": "225.91"
        },
        {
            "time": "08.11.2020 19:48",
            "open": "225.91",
            "high": "225.91",
            "low": "225.91",
            "close": "226.61"
        },
        {
            "time": "08.11.2020 19:50",
            "open": "226.61",
            "high": "226.61",
            "low": "226.49",
            "close": "226.42"
        },
        {
            "time": "08.11.2020 19:51",
            "open": "226.42",
            "high": "226.46",
            "low": "226.42",
            "close": "226.66"
        },
        {
            "time": "08.11.2020 19:52",
            "open": "226.66",
            "high": "226.74",
            "low": "226.47",
            "close": "226.72"
        },
        {
            "time": "08.11.2020 19:53",
            "open": "226.72",
            "high": "226.72",
            "low": "226.56",
            "close": "226.63"
        },
        {
            "time": "08.11.2020 19:55",
            "open": "226.63",
            "high": "226.63",
            "low": "226.62",
            "close": "227.01"
        },
        {
            "time": "08.11.2020 19:56",
            "open": "227.01",
            "high": "227.01",
            "low": "226.53",
            "close": "226.46"
        },
        {
            "time": "08.11.2020 19:58",
            "open": "226.46",
            "high": "226.46",
            "low": "226.33",
            "close": "226.33"
        },
        {
            "time": "08.11.2020 20:00",
            "open": "226.33",
            "high": "226.33",
            "low": "226.33",
            "close": "226.7"
        },
        {
            "time": "08.11.2020 20:01",
            "open": "226.7",
            "high": "226.7",
            "low": "226.7",
            "close": "226.71"
        },
        {
            "time": "08.11.2020 20:04",
            "open": "226.71",
            "high": "226.71",
            "low": "226.71",
            "close": "226.15"
        },
        {
            "time": "08.11.2020 20:06",
            "open": "226.15",
            "high": "226.15",
            "low": "226.14",
            "close": "226.36"
        },
        {
            "time": "08.11.2020 20:07",
            "open": "226.36",
            "high": "226.36",
            "low": "226.06",
            "close": "225.75"
        },
        {
            "time": "08.11.2020 20:11",
            "open": "225.75",
            "high": "225.75",
            "low": "225.72",
            "close": "226"
        },
        {
            "time": "08.11.2020 20:12",
            "open": "226",
            "high": "226",
            "low": "226",
            "close": "226"
        },
        {
            "time": "08.11.2020 20:14",
            "open": "226",
            "high": "226",
            "low": "226",
            "close": "225.83"
        },
        {
            "time": "08.11.2020 20:15",
            "open": "225.83",
            "high": "225.83",
            "low": "225.54",
            "close": "225.82"
        },
        {
            "time": "08.11.2020 20:18",
            "open": "225.82",
            "high": "225.83",
            "low": "225.17",
            "close": "225.17"
        },
        {
            "time": "08.11.2020 20:19",
            "open": "225.17",
            "high": "225.17",
            "low": "224.78",
            "close": "225.17"
        },
        {
            "time": "08.11.2020 20:20",
            "open": "225.17",
            "high": "225.17",
            "low": "224.73",
            "close": "224.5"
        },
        {
            "time": "08.11.2020 20:21",
            "open": "224.5",
            "high": "224.5",
            "low": "224",
            "close": "224.49"
        },
        {
            "time": "08.11.2020 20:23",
            "open": "224.49",
            "high": "224.49",
            "low": "224.49",
            "close": "224.7"
        },
        {
            "time": "08.11.2020 20:25",
            "open": "224.7",
            "high": "224.7",
            "low": "224.49",
            "close": "224.68"
        },
        {
            "time": "08.11.2020 20:26",
            "open": "224.68",
            "high": "224.68",
            "low": "224.43",
            "close": "224.54"
        },
        {
            "time": "08.11.2020 20:27",
            "open": "224.54",
            "high": "224.54",
            "low": "224.54",
            "close": "224.04"
        },
        {
            "time": "08.11.2020 20:28",
            "open": "224.04",
            "high": "224.04",
            "low": "223.59",
            "close": "223.91"
        },
        {
            "time": "08.11.2020 20:30",
            "open": "223.91",
            "high": "223.91",
            "low": "223.91",
            "close": "224.14"
        },
        {
            "time": "08.11.2020 20:31",
            "open": "224.14",
            "high": "224.56",
            "low": "224.14",
            "close": "224.77"
        },
        {
            "time": "08.11.2020 20:38",
            "open": "224.77",
            "high": "224.77",
            "low": "224.75",
            "close": "224.91"
        },
        {
            "time": "08.11.2020 20:40",
            "open": "224.91",
            "high": "224.91",
            "low": "224.91",
            "close": "224.94"
        },
        {
            "time": "08.11.2020 20:42",
            "open": "224.94",
            "high": "224.94",
            "low": "224.94",
            "close": "224.98"
        },
        {
            "time": "08.11.2020 20:44",
            "open": "224.98",
            "high": "225",
            "low": "224.98",
            "close": "225.33"
        },
        {
            "time": "08.11.2020 20:45",
            "open": "225.33",
            "high": "225.58",
            "low": "225.14",
            "close": "225.3"
        },
        {
            "time": "08.11.2020 20:48",
            "open": "224.75",
            "high": "224.75",
            "low": "224.75",
            "close": "224.56"
        },
        {
            "time": "08.11.2020 20:50",
            "open": "224.56",
            "high": "224.56",
            "low": "224.56",
            "close": "224.49"
        },
        {
            "time": "08.11.2020 20:53",
            "open": "224.49",
            "high": "224.49",
            "low": "224.49",
            "close": "224.49"
        },
        {
            "time": "08.11.2020 20:55",
            "open": "224.49",
            "high": "224.75",
            "low": "224.49",
            "close": "224.63"
        },
        {
            "time": "08.11.2020 20:56",
            "open": "224.63",
            "high": "224.63",
            "low": "224.63",
            "close": "225.2"
        },
        {
            "time": "08.11.2020 20:58",
            "open": "225.2",
            "high": "225.2",
            "low": "225.2",
            "close": "225.42"
        },
        {
            "time": "08.11.2020 21:01",
            "open": "225.42",
            "high": "225.43",
            "low": "225.42",
            "close": "225.49"
        },
        {
            "time": "08.11.2020 21:02",
            "open": "225.49",
            "high": "225.49",
            "low": "225.48",
            "close": "225.46"
        },
        {
            "time": "08.11.2020 21:05",
            "open": "225.46",
            "high": "225.46",
            "low": "225.46",
            "close": "225.68"
        },
        {
            "time": "08.11.2020 21:08",
            "open": "225.68",
            "high": "225.69",
            "low": "225.68",
            "close": "225.69"
        },
        {
            "time": "08.11.2020 21:09",
            "open": "225.69",
            "high": "225.69",
            "low": "225.67",
            "close": "225.53"
        },
        {
            "time": "08.11.2020 21:18",
            "open": "225.53",
            "high": "225.53",
            "low": "225.53",
            "close": "225.56"
        },
        {
            "time": "08.11.2020 21:19",
            "open": "225.56",
            "high": "225.56",
            "low": "225.56",
            "close": "225.73"
        },
        {
            "time": "08.11.2020 21:20",
            "open": "225.73",
            "high": "225.73",
            "low": "225.73",
            "close": "225.55"
        },
        {
            "time": "08.11.2020 21:21",
            "open": "225.55",
            "high": "225.55",
            "low": "225.55",
            "close": "225.75"
        },
        {
            "time": "08.11.2020 21:22",
            "open": "225.75",
            "high": "225.79",
            "low": "225.75",
            "close": "225.4"
        },
        {
            "time": "08.11.2020 21:23",
            "open": "225.4",
            "high": "225.4",
            "low": "225.4",
            "close": "225"
        },
        {
            "time": "08.11.2020 21:24",
            "open": "225",
            "high": "225",
            "low": "224.93",
            "close": "224.65"
        },
        {
            "time": "08.11.2020 21:26",
            "open": "224.65",
            "high": "224.65",
            "low": "224.52",
            "close": "224.51"
        },
        {
            "time": "08.11.2020 21:28",
            "open": "224.51",
            "high": "224.51",
            "low": "224.51",
            "close": "224.56"
        },
        {
            "time": "08.11.2020 21:32",
            "open": "224.56",
            "high": "224.62",
            "low": "224.56",
            "close": "224.62"
        },
        {
            "time": "08.11.2020 21:33",
            "open": "224.62",
            "high": "224.62",
            "low": "224.62",
            "close": "224.53"
        },
        {
            "time": "08.11.2020 21:34",
            "open": "224.53",
            "high": "224.53",
            "low": "224.53",
            "close": "224.44"
        },
        {
            "time": "08.11.2020 21:37",
            "open": "224.44",
            "high": "224.81",
            "low": "224.44",
            "close": "224.77"
        },
        {
            "time": "08.11.2020 21:38",
            "open": "224.77",
            "high": "224.77",
            "low": "224.5",
            "close": "224.78"
        },
        {
            "time": "08.11.2020 21:40",
            "open": "224.78",
            "high": "224.78",
            "low": "224.77",
            "close": "225"
        },
        {
            "time": "08.11.2020 21:41",
            "open": "225",
            "high": "225.01",
            "low": "225",
            "close": "225.4"
        },
        {
            "time": "08.11.2020 21:47",
            "open": "225.4",
            "high": "225.42",
            "low": "225.4",
            "close": "225.65"
        },
        {
            "time": "08.11.2020 21:48",
            "open": "225.65",
            "high": "225.67",
            "low": "225.65",
            "close": "225.24"
        },
        {
            "time": "08.11.2020 21:50",
            "open": "225.24",
            "high": "225.24",
            "low": "225.24",
            "close": "225.46"
        },
        {
            "time": "08.11.2020 21:51",
            "open": "225.46",
            "high": "225.46",
            "low": "225.46",
            "close": "225.84"
        },
        {
            "time": "08.11.2020 21:53",
            "open": "225.84",
            "high": "225.84",
            "low": "225.84",
            "close": "225.89"
        },
        {
            "time": "08.11.2020 21:54",
            "open": "225.89",
            "high": "225.9",
            "low": "225.89",
            "close": "225.59"
        },
        {
            "time": "08.11.2020 21:57",
            "open": "225.59",
            "high": "225.82",
            "low": "225.58",
            "close": "225.69"
        },
        {
            "time": "08.11.2020 21:58",
            "open": "225.69",
            "high": "225.69",
            "low": "225.63",
            "close": "225.71"
        },
        {
            "time": "08.11.2020 21:59",
            "open": "225.71",
            "high": "225.71",
            "low": "225.71",
            "close": "225.71"
        },
        {
            "time": "08.11.2020 22:02",
            "open": "225.71",
            "high": "225.71",
            "low": "225.71",
            "close": "226.09"
        },
        {
            "time": "08.11.2020 22:04",
            "open": "226.09",
            "high": "226.09",
            "low": "226.09",
            "close": "225.8"
        },
        {
            "time": "08.11.2020 22:06",
            "open": "225.8",
            "high": "225.8",
            "low": "225.8",
            "close": "225.91"
        },
        {
            "time": "08.11.2020 22:07",
            "open": "225.91",
            "high": "225.91",
            "low": "225.91",
            "close": "225.59"
        },
        {
            "time": "08.11.2020 22:10",
            "open": "225.59",
            "high": "225.59",
            "low": "225.59",
            "close": "224.72"
        },
        {
            "time": "08.11.2020 22:12",
            "open": "224.72",
            "high": "224.72",
            "low": "224.66",
            "close": "224.79"
        },
        {
            "time": "08.11.2020 22:15",
            "open": "224.79",
            "high": "224.79",
            "low": "224.34",
            "close": "224.44"
        },
        {
            "time": "08.11.2020 22:26",
            "open": "224.44",
            "high": "224.44",
            "low": "224.44",
            "close": "224.36"
        },
        {
            "time": "08.11.2020 22:30",
            "open": "224.36",
            "high": "224.6",
            "low": "224.36",
            "close": "224.51"
        },
        {
            "time": "08.11.2020 22:32",
            "open": "224.51",
            "high": "224.51",
            "low": "224.51",
            "close": "224.51"
        },
        {
            "time": "08.11.2020 22:35",
            "open": "224.51",
            "high": "224.99",
            "low": "224.51",
            "close": "224.79"
        },
        {
            "time": "08.11.2020 22:37",
            "open": "224.79",
            "high": "224.79",
            "low": "224.79",
            "close": "224.46"
        },
        {
            "time": "08.11.2020 22:41",
            "open": "224.46",
            "high": "224.46",
            "low": "224.46",
            "close": "224.45"
        },
        {
            "time": "08.11.2020 22:45",
            "open": "224.45",
            "high": "224.45",
            "low": "224.45",
            "close": "224.46"
        },
        {
            "time": "08.11.2020 22:47",
            "open": "224.46",
            "high": "224.63",
            "low": "224.46",
            "close": "223.85"
        },
        {
            "time": "08.11.2020 22:52",
            "open": "223.85",
            "high": "224.07",
            "low": "223.85",
            "close": "224"
        },
        {
            "time": "08.11.2020 22:53",
            "open": "224",
            "high": "224",
            "low": "223.71",
            "close": "224"
        },
        {
            "time": "08.11.2020 22:54",
            "open": "224",
            "high": "224",
            "low": "224",
            "close": "223.98"
        },
        {
            "time": "08.11.2020 22:55",
            "open": "223.98",
            "high": "224",
            "low": "223.98",
            "close": "224"
        },
        {
            "time": "08.11.2020 22:56",
            "open": "224",
            "high": "224",
            "low": "224",
            "close": "225"
        },
        {
            "time": "08.11.2020 23:01",
            "open": "225",
            "high": "225.36",
            "low": "225",
            "close": "225.34"
        },
        {
            "time": "08.11.2020 23:02",
            "open": "225.34",
            "high": "225.36",
            "low": "225.34",
            "close": "225.36"
        },
        {
            "time": "08.11.2020 23:03",
            "open": "225.36",
            "high": "225.36",
            "low": "225.08",
            "close": "225.5"
        },
        {
            "time": "08.11.2020 23:04",
            "open": "225.5",
            "high": "225.5",
            "low": "225.5",
            "close": "226.08"
        },
        {
            "time": "08.11.2020 23:12",
            "open": "226.08",
            "high": "226.08",
            "low": "226.08",
            "close": "226.19"
        },
        {
            "time": "08.11.2020 23:15",
            "open": "226.19",
            "high": "226.19",
            "low": "226.19",
            "close": "226.35"
        },
        {
            "time": "08.11.2020 23:18",
            "open": "226.35",
            "high": "226.35",
            "low": "226.35",
            "close": "226.2"
        },
        {
            "time": "08.11.2020 23:19",
            "open": "226.2",
            "high": "226.2",
            "low": "226.19",
            "close": "226.2"
        },
        {
            "time": "08.11.2020 23:20",
            "open": "226.2",
            "high": "226.2",
            "low": "226.2",
            "close": "226.64"
        },
        {
            "time": "08.11.2020 23:22",
            "open": "226.64",
            "high": "226.65",
            "low": "226.64",
            "close": "226.66"
        },
        {
            "time": "08.11.2020 23:23",
            "open": "226.66",
            "high": "226.66",
            "low": "226.66",
            "close": "226.47"
        },
        {
            "time": "08.11.2020 23:25",
            "open": "226.47",
            "high": "226.47",
            "low": "226.47",
            "close": "226.34"
        },
        {
            "time": "08.11.2020 23:28",
            "open": "226.34",
            "high": "226.42",
            "low": "226.34",
            "close": "226.18"
        },
        {
            "time": "08.11.2020 23:29",
            "open": "226.18",
            "high": "226.18",
            "low": "226.18",
            "close": "226.43"
        },
        {
            "time": "08.11.2020 23:30",
            "open": "226.43",
            "high": "226.43",
            "low": "226.43",
            "close": "226.42"
        },
        {
            "time": "08.11.2020 23:32",
            "open": "226.42",
            "high": "226.54",
            "low": "226.42",
            "close": "226.25"
        },
        {
            "time": "08.11.2020 23:34",
            "open": "226.25",
            "high": "226.25",
            "low": "226.25",
            "close": "226.82"
        },
        {
            "time": "08.11.2020 23:36",
            "open": "226.82",
            "high": "227.09",
            "low": "226.82",
            "close": "226.77"
        },
        {
            "time": "08.11.2020 23:37",
            "open": "226.77",
            "high": "226.77",
            "low": "226.76",
            "close": "227.02"
        },
        {
            "time": "08.11.2020 23:38",
            "open": "227.02",
            "high": "227.02",
            "low": "227.02",
            "close": "226.59"
        },
        {
            "time": "08.11.2020 23:39",
            "open": "226.59",
            "high": "226.59",
            "low": "226.59",
            "close": "227.05"
        },
        {
            "time": "08.11.2020 23:41",
            "open": "227.05",
            "high": "227.05",
            "low": "227.05",
            "close": "226.92"
        },
        {
            "time": "08.11.2020 23:43",
            "open": "226.92",
            "high": "226.92",
            "low": "226.92",
            "close": "226.77"
        },
        {
            "time": "08.11.2020 23:45",
            "open": "226.77",
            "high": "226.77",
            "low": "226.77",
            "close": "226.87"
        },
        {
            "time": "08.11.2020 23:47",
            "open": "226.87",
            "high": "226.87",
            "low": "226.87",
            "close": "226.48"
        },
        {
            "time": "08.11.2020 23:51",
            "open": "226.48",
            "high": "226.48",
            "low": "226.47",
            "close": "226.68"
        },
        {
            "time": "08.11.2020 23:52",
            "open": "226.68",
            "high": "226.68",
            "low": "226.68",
            "close": "226.92"
        },
        {
            "time": "08.11.2020 23:54",
            "open": "226.92",
            "high": "226.92",
            "low": "226.92",
            "close": "226.69"
        },
        {
            "time": "08.11.2020 23:55",
            "open": "226.69",
            "high": "226.69",
            "low": "226.69",
            "close": "226.72"
        },
        {
            "time": "08.11.2020 23:56",
            "open": "226.72",
            "high": "226.72",
            "low": "226.72",
            "close": "226.73"
        }
    ]
}