{
    "BCH-EUR": [
        {
            "time": "01.11.2020 23:56",
            "open": "230.01",
            "high": "230.01",
            "low": "230.01",
            "close": "229.79"
        },
        {
            "time": "02.11.2020 00:01",
            "open": "229.79",
            "high": "229.79",
            "low": "229.78",
            "close": "229.75"
        },
        {
            "time": "02.11.2020 00:03",
            "open": "229.75",
            "high": "229.75",
            "low": "229.65",
            "close": "229.26"
        },
        {
            "time": "02.11.2020 00:05",
            "open": "229.26",
            "high": "229.31",
            "low": "229",
            "close": "229.22"
        },
        {
            "time": "02.11.2020 00:06",
            "open": "229.22",
            "high": "229.22",
            "low": "229",
            "close": "229.31"
        },
        {
            "time": "02.11.2020 00:07",
            "open": "229.31",
            "high": "229.31",
            "low": "229.31",
            "close": "230.2"
        },
        {
            "time": "02.11.2020 00:20",
            "open": "230.2",
            "high": "230.2",
            "low": "230.2",
            "close": "230.31"
        },
        {
            "time": "02.11.2020 00:25",
            "open": "230.31",
            "high": "230.31",
            "low": "230.06",
            "close": "230.07"
        },
        {
            "time": "02.11.2020 00:39",
            "open": "230.07",
            "high": "230.07",
            "low": "230.06",
            "close": "230.47"
        },
        {
            "time": "02.11.2020 00:46",
            "open": "230.47",
            "high": "230.47",
            "low": "230.47",
            "close": "230.02"
        },
        {
            "time": "02.11.2020 00:48",
            "open": "230.02",
            "high": "230.02",
            "low": "229.98",
            "close": "230.69"
        },
        {
            "time": "02.11.2020 01:01",
            "open": "230.69",
            "high": "230.7",
            "low": "230.69",
            "close": "230.9"
        },
        {
            "time": "02.11.2020 01:02",
            "open": "230.9",
            "high": "230.9",
            "low": "230.9",
            "close": "231.5"
        },
        {
            "time": "02.11.2020 01:05",
            "open": "231.5",
            "high": "231.52",
            "low": "231.5",
            "close": "231.82"
        },
        {
            "time": "02.11.2020 01:06",
            "open": "231.82",
            "high": "231.9",
            "low": "231.82",
            "close": "232.26"
        },
        {
            "time": "02.11.2020 01:08",
            "open": "232.26",
            "high": "232.26",
            "low": "232.26",
            "close": "232.32"
        },
        {
            "time": "02.11.2020 01:09",
            "open": "232.32",
            "high": "232.32",
            "low": "231.88",
            "close": "231.88"
        },
        {
            "time": "02.11.2020 01:10",
            "open": "231.88",
            "high": "231.88",
            "low": "231.88",
            "close": "232.57"
        },
        {
            "time": "02.11.2020 01:19",
            "open": "232.57",
            "high": "232.57",
            "low": "232.57",
            "close": "232.47"
        },
        {
            "time": "02.11.2020 01:20",
            "open": "232.47",
            "high": "232.54",
            "low": "232.47",
            "close": "232.54"
        },
        {
            "time": "02.11.2020 01:22",
            "open": "232.54",
            "high": "232.54",
            "low": "232.54",
            "close": "232.69"
        },
        {
            "time": "02.11.2020 01:23",
            "open": "232.69",
            "high": "233.11",
            "low": "232.69",
            "close": "233"
        },
        {
            "time": "02.11.2020 01:24",
            "open": "233",
            "high": "233",
            "low": "233",
            "close": "233.13"
        },
        {
            "time": "02.11.2020 01:25",
            "open": "233.13",
            "high": "233.25",
            "low": "233",
            "close": "232.71"
        },
        {
            "time": "02.11.2020 01:27",
            "open": "232.71",
            "high": "232.71",
            "low": "232.71",
            "close": "232.87"
        },
        {
            "time": "02.11.2020 01:31",
            "open": "232.87",
            "high": "232.87",
            "low": "232.87",
            "close": "232.97"
        },
        {
            "time": "02.11.2020 01:37",
            "open": "232.97",
            "high": "232.97",
            "low": "232.97",
            "close": "232.85"
        },
        {
            "time": "02.11.2020 01:38",
            "open": "232.85",
            "high": "232.94",
            "low": "232.85",
            "close": "232.94"
        },
        {
            "time": "02.11.2020 01:39",
            "open": "232.94",
            "high": "232.94",
            "low": "232.94",
            "close": "233.32"
        },
        {
            "time": "02.11.2020 01:41",
            "open": "233.32",
            "high": "233.32",
            "low": "233.32",
            "close": "233.29"
        },
        {
            "time": "02.11.2020 01:42",
            "open": "233.29",
            "high": "233.29",
            "low": "233.22",
            "close": "233.37"
        },
        {
            "time": "02.11.2020 01:43",
            "open": "233.37",
            "high": "233.37",
            "low": "233.36",
            "close": "233.44"
        },
        {
            "time": "02.11.2020 01:44",
            "open": "233.44",
            "high": "233.44",
            "low": "233.43",
            "close": "232.42"
        },
        {
            "time": "02.11.2020 01:48",
            "open": "232.42",
            "high": "232.42",
            "low": "232.42",
            "close": "232.98"
        },
        {
            "time": "02.11.2020 01:51",
            "open": "232.98",
            "high": "232.98",
            "low": "232.98",
            "close": "232.51"
        },
        {
            "time": "02.11.2020 01:53",
            "open": "232.51",
            "high": "232.51",
            "low": "232.51",
            "close": "232.53"
        },
        {
            "time": "02.11.2020 01:55",
            "open": "232.53",
            "high": "232.53",
            "low": "232.53",
            "close": "232.94"
        },
        {
            "time": "02.11.2020 01:59",
            "open": "232.94",
            "high": "232.94",
            "low": "232.94",
            "close": "233.13"
        },
        {
            "time": "02.11.2020 02:00",
            "open": "233.13",
            "high": "233.31",
            "low": "233.13",
            "close": "232.44"
        },
        {
            "time": "02.11.2020 02:02",
            "open": "232.44",
            "high": "232.44",
            "low": "232.44",
            "close": "232.94"
        },
        {
            "time": "02.11.2020 02:09",
            "open": "232.94",
            "high": "233.03",
            "low": "232.94",
            "close": "232.57"
        },
        {
            "time": "02.11.2020 02:10",
            "open": "232.57",
            "high": "232.57",
            "low": "232.57",
            "close": "232.16"
        },
        {
            "time": "02.11.2020 02:11",
            "open": "232.16",
            "high": "232.16",
            "low": "232.16",
            "close": "232.18"
        },
        {
            "time": "02.11.2020 02:13",
            "open": "232.18",
            "high": "232.18",
            "low": "232.18",
            "close": "232.42"
        },
        {
            "time": "02.11.2020 02:19",
            "open": "232.42",
            "high": "232.42",
            "low": "232.41",
            "close": "231.93"
        },
        {
            "time": "02.11.2020 02:28",
            "open": "231.93",
            "high": "231.93",
            "low": "231.92",
            "close": "232.19"
        },
        {
            "time": "02.11.2020 02:38",
            "open": "232.19",
            "high": "232.19",
            "low": "232.19",
            "close": "232.19"
        },
        {
            "time": "02.11.2020 02:39",
            "open": "232.19",
            "high": "232.19",
            "low": "232.19",
            "close": "232.48"
        },
        {
            "time": "02.11.2020 02:46",
            "open": "232.25",
            "high": "232.25",
            "low": "232.25",
            "close": "231.86"
        },
        {
            "time": "02.11.2020 02:50",
            "open": "231.86",
            "high": "231.86",
            "low": "231.85",
            "close": "231.91"
        },
        {
            "time": "02.11.2020 02:52",
            "open": "231.91",
            "high": "231.92",
            "low": "231.91",
            "close": "231.63"
        },
        {
            "time": "02.11.2020 02:55",
            "open": "231.63",
            "high": "231.63",
            "low": "231.63",
            "close": "231.63"
        },
        {
            "time": "02.11.2020 02:56",
            "open": "231.63",
            "high": "231.63",
            "low": "231.63",
            "close": "231.69"
        },
        {
            "time": "02.11.2020 02:59",
            "open": "231.69",
            "high": "231.69",
            "low": "231.69",
            "close": "231.57"
        },
        {
            "time": "02.11.2020 03:02",
            "open": "231.57",
            "high": "231.57",
            "low": "231.48",
            "close": "231.43"
        },
        {
            "time": "02.11.2020 03:03",
            "open": "231.43",
            "high": "231.43",
            "low": "231.43",
            "close": "231.34"
        },
        {
            "time": "02.11.2020 03:04",
            "open": "231.34",
            "high": "231.34",
            "low": "231.34",
            "close": "230.99"
        },
        {
            "time": "02.11.2020 03:09",
            "open": "230.99",
            "high": "230.99",
            "low": "230.97",
            "close": "230.68"
        },
        {
            "time": "02.11.2020 03:11",
            "open": "230.68",
            "high": "230.68",
            "low": "230.68",
            "close": "229.99"
        },
        {
            "time": "02.11.2020 03:14",
            "open": "229.99",
            "high": "229.99",
            "low": "229.99",
            "close": "230.32"
        },
        {
            "time": "02.11.2020 03:15",
            "open": "230.32",
            "high": "230.32",
            "low": "230.32",
            "close": "230.54"
        },
        {
            "time": "02.11.2020 03:18",
            "open": "230.54",
            "high": "230.54",
            "low": "230.54",
            "close": "230.16"
        },
        {
            "time": "02.11.2020 03:20",
            "open": "230.16",
            "high": "230.16",
            "low": "230.16",
            "close": "230.16"
        },
        {
            "time": "02.11.2020 03:21",
            "open": "230.16",
            "high": "230.32",
            "low": "230.16",
            "close": "230.16"
        },
        {
            "time": "02.11.2020 03:24",
            "open": "230.16",
            "high": "230.16",
            "low": "230.16",
            "close": "230.37"
        },
        {
            "time": "02.11.2020 03:28",
            "open": "230.37",
            "high": "230.37",
            "low": "230.37",
            "close": "230.33"
        },
        {
            "time": "02.11.2020 03:29",
            "open": "230.33",
            "high": "230.33",
            "low": "230.33",
            "close": "230.19"
        },
        {
            "time": "02.11.2020 03:35",
            "open": "230.19",
            "high": "230.19",
            "low": "230.19",
            "close": "230.19"
        },
        {
            "time": "02.11.2020 03:38",
            "open": "230.19",
            "high": "230.19",
            "low": "230.19",
            "close": "229.52"
        },
        {
            "time": "02.11.2020 04:19",
            "open": "229.52",
            "high": "229.52",
            "low": "229.52",
            "close": "229.54"
        },
        {
            "time": "02.11.2020 04:24",
            "open": "229.54",
            "high": "229.54",
            "low": "229.54",
            "close": "229.03"
        },
        {
            "time": "02.11.2020 04:33",
            "open": "229.03",
            "high": "229.52",
            "low": "229.03",
            "close": "229.73"
        },
        {
            "time": "02.11.2020 04:34",
            "open": "229.73",
            "high": "229.73",
            "low": "229.73",
            "close": "229.86"
        },
        {
            "time": "02.11.2020 04:38",
            "open": "229.86",
            "high": "229.86",
            "low": "229.86",
            "close": "229.81"
        },
        {
            "time": "02.11.2020 04:56",
            "open": "229.81",
            "high": "229.81",
            "low": "229.81",
            "close": "230.05"
        },
        {
            "time": "02.11.2020 05:12",
            "open": "230.05",
            "high": "230.05",
            "low": "230.04",
            "close": "229.08"
        },
        {
            "time": "02.11.2020 05:32",
            "open": "229.08",
            "high": "229.08",
            "low": "229.08",
            "close": "228.73"
        },
        {
            "time": "02.11.2020 05:35",
            "open": "228.73",
            "high": "228.73",
            "low": "228.6",
            "close": "228.2"
        },
        {
            "time": "02.11.2020 05:36",
            "open": "228.2",
            "high": "228.48",
            "low": "228.18",
            "close": "228.32"
        },
        {
            "time": "02.11.2020 05:37",
            "open": "228.32",
            "high": "228.32",
            "low": "228.32",
            "close": "228.22"
        },
        {
            "time": "02.11.2020 05:38",
            "open": "228.22",
            "high": "228.35",
            "low": "228.22",
            "close": "228.2"
        },
        {
            "time": "02.11.2020 05:40",
            "open": "228.2",
            "high": "228.2",
            "low": "228.2",
            "close": "228.5"
        },
        {
            "time": "02.11.2020 05:45",
            "open": "228.5",
            "high": "228.5",
            "low": "228.5",
            "close": "228.5"
        },
        {
            "time": "02.11.2020 05:46",
            "open": "228.5",
            "high": "228.64",
            "low": "228.5",
            "close": "227.7"
        },
        {
            "time": "02.11.2020 06:02",
            "open": "227.7",
            "high": "227.7",
            "low": "227.61",
            "close": "227.71"
        },
        {
            "time": "02.11.2020 06:03",
            "open": "227.71",
            "high": "227.71",
            "low": "227.71",
            "close": "227.7"
        },
        {
            "time": "02.11.2020 06:04",
            "open": "227.7",
            "high": "227.93",
            "low": "227.7",
            "close": "228"
        },
        {
            "time": "02.11.2020 06:05",
            "open": "228",
            "high": "228",
            "low": "228",
            "close": "227.83"
        },
        {
            "time": "02.11.2020 06:06",
            "open": "227.83",
            "high": "227.83",
            "low": "227.8",
            "close": "228"
        },
        {
            "time": "02.11.2020 06:09",
            "open": "228",
            "high": "228",
            "low": "228",
            "close": "228.24"
        },
        {
            "time": "02.11.2020 06:16",
            "open": "228.24",
            "high": "228.24",
            "low": "228.24",
            "close": "228.09"
        },
        {
            "time": "02.11.2020 06:18",
            "open": "228.09",
            "high": "228.09",
            "low": "228.09",
            "close": "228.16"
        },
        {
            "time": "02.11.2020 06:19",
            "open": "228.16",
            "high": "228.16",
            "low": "228.16",
            "close": "228.18"
        },
        {
            "time": "02.11.2020 06:20",
            "open": "228.18",
            "high": "228.18",
            "low": "228.18",
            "close": "228.18"
        },
        {
            "time": "02.11.2020 06:21",
            "open": "228.18",
            "high": "228.18",
            "low": "228.18",
            "close": "228.61"
        },
        {
            "time": "02.11.2020 06:27",
            "open": "228.61",
            "high": "228.61",
            "low": "228.61",
            "close": "228.65"
        },
        {
            "time": "02.11.2020 06:31",
            "open": "228.65",
            "high": "228.65",
            "low": "228.65",
            "close": "228.67"
        },
        {
            "time": "02.11.2020 06:33",
            "open": "228.67",
            "high": "228.67",
            "low": "228.67",
            "close": "228.59"
        },
        {
            "time": "02.11.2020 06:34",
            "open": "228.59",
            "high": "228.59",
            "low": "228.59",
            "close": "228.95"
        },
        {
            "time": "02.11.2020 06:41",
            "open": "228.95",
            "high": "228.95",
            "low": "228.95",
            "close": "228.77"
        },
        {
            "time": "02.11.2020 06:45",
            "open": "228.77",
            "high": "228.77",
            "low": "228.77",
            "close": "228.93"
        },
        {
            "time": "02.11.2020 06:50",
            "open": "228.93",
            "high": "228.93",
            "low": "228.93",
            "close": "228.86"
        },
        {
            "time": "02.11.2020 07:02",
            "open": "228.86",
            "high": "228.86",
            "low": "228.86",
            "close": "229.11"
        },
        {
            "time": "02.11.2020 07:10",
            "open": "229.11",
            "high": "229.11",
            "low": "229.11",
            "close": "229.07"
        },
        {
            "time": "02.11.2020 07:23",
            "open": "229.07",
            "high": "229.07",
            "low": "229.06",
            "close": "228.76"
        },
        {
            "time": "02.11.2020 07:25",
            "open": "228.76",
            "high": "228.77",
            "low": "228.76",
            "close": "228.86"
        },
        {
            "time": "02.11.2020 07:29",
            "open": "228.86",
            "high": "228.87",
            "low": "228.86",
            "close": "228.52"
        },
        {
            "time": "02.11.2020 07:36",
            "open": "228.52",
            "high": "228.52",
            "low": "228.52",
            "close": "228.57"
        },
        {
            "time": "02.11.2020 07:37",
            "open": "228.57",
            "high": "228.57",
            "low": "228.57",
            "close": "228.86"
        },
        {
            "time": "02.11.2020 07:40",
            "open": "228.86",
            "high": "228.87",
            "low": "228.86",
            "close": "228.87"
        },
        {
            "time": "02.11.2020 07:41",
            "open": "228.87",
            "high": "228.87",
            "low": "228.87",
            "close": "228.73"
        },
        {
            "time": "02.11.2020 07:44",
            "open": "228.73",
            "high": "228.73",
            "low": "228.73",
            "close": "228.56"
        },
        {
            "time": "02.11.2020 07:48",
            "open": "228.56",
            "high": "228.56",
            "low": "228.28",
            "close": "228.22"
        },
        {
            "time": "02.11.2020 07:49",
            "open": "228.22",
            "high": "228.22",
            "low": "228.22",
            "close": "227.92"
        },
        {
            "time": "02.11.2020 07:54",
            "open": "227.92",
            "high": "227.92",
            "low": "227.92",
            "close": "228.16"
        },
        {
            "time": "02.11.2020 07:55",
            "open": "228.16",
            "high": "228.16",
            "low": "228.16",
            "close": "227.94"
        },
        {
            "time": "02.11.2020 07:56",
            "open": "227.94",
            "high": "227.94",
            "low": "227.94",
            "close": "227.85"
        },
        {
            "time": "02.11.2020 08:00",
            "open": "227.85",
            "high": "227.85",
            "low": "227.85",
            "close": "227.86"
        },
        {
            "time": "02.11.2020 08:03",
            "open": "227.86",
            "high": "227.86",
            "low": "227.86",
            "close": "227.78"
        },
        {
            "time": "02.11.2020 08:04",
            "open": "227.78",
            "high": "227.78",
            "low": "227.69",
            "close": "228.01"
        },
        {
            "time": "02.11.2020 08:07",
            "open": "228.01",
            "high": "228.01",
            "low": "228.01",
            "close": "228.18"
        },
        {
            "time": "02.11.2020 08:11",
            "open": "228.18",
            "high": "228.45",
            "low": "228.18",
            "close": "228.34"
        },
        {
            "time": "02.11.2020 08:15",
            "open": "228.34",
            "high": "228.65",
            "low": "228.34",
            "close": "228.38"
        },
        {
            "time": "02.11.2020 08:16",
            "open": "228.38",
            "high": "228.61",
            "low": "228.38",
            "close": "228.43"
        },
        {
            "time": "02.11.2020 08:17",
            "open": "228.43",
            "high": "228.43",
            "low": "228.43",
            "close": "228.84"
        },
        {
            "time": "02.11.2020 08:24",
            "open": "228.84",
            "high": "228.84",
            "low": "228.84",
            "close": "228.79"
        },
        {
            "time": "02.11.2020 08:27",
            "open": "228.79",
            "high": "228.79",
            "low": "228.68",
            "close": "228.68"
        },
        {
            "time": "02.11.2020 08:30",
            "open": "228.68",
            "high": "228.68",
            "low": "228.68",
            "close": "228.45"
        },
        {
            "time": "02.11.2020 08:31",
            "open": "228.45",
            "high": "228.45",
            "low": "228.42",
            "close": "228.43"
        },
        {
            "time": "02.11.2020 08:34",
            "open": "228.43",
            "high": "228.44",
            "low": "228.43",
            "close": "228.36"
        },
        {
            "time": "02.11.2020 08:35",
            "open": "228.36",
            "high": "228.43",
            "low": "228.16",
            "close": "227.93"
        },
        {
            "time": "02.11.2020 08:41",
            "open": "227.93",
            "high": "227.93",
            "low": "227.92",
            "close": "228.46"
        },
        {
            "time": "02.11.2020 08:49",
            "open": "228.46",
            "high": "228.46",
            "low": "228.46",
            "close": "228.46"
        },
        {
            "time": "02.11.2020 08:50",
            "open": "228.46",
            "high": "228.46",
            "low": "228.46",
            "close": "229.18"
        },
        {
            "time": "02.11.2020 08:54",
            "open": "229.18",
            "high": "229.18",
            "low": "228.98",
            "close": "228.48"
        },
        {
            "time": "02.11.2020 09:04",
            "open": "228.48",
            "high": "228.48",
            "low": "228.48",
            "close": "228.5"
        },
        {
            "time": "02.11.2020 09:05",
            "open": "228.5",
            "high": "228.5",
            "low": "228.5",
            "close": "228.47"
        },
        {
            "time": "02.11.2020 09:09",
            "open": "228.47",
            "high": "228.49",
            "low": "228.47",
            "close": "228.31"
        },
        {
            "time": "02.11.2020 09:12",
            "open": "228.31",
            "high": "228.31",
            "low": "228.31",
            "close": "228.12"
        },
        {
            "time": "02.11.2020 09:16",
            "open": "228.12",
            "high": "228.12",
            "low": "228.08",
            "close": "228.12"
        },
        {
            "time": "02.11.2020 09:17",
            "open": "228.12",
            "high": "228.12",
            "low": "228.12",
            "close": "227.87"
        },
        {
            "time": "02.11.2020 09:18",
            "open": "227.87",
            "high": "227.87",
            "low": "227.87",
            "close": "228.05"
        },
        {
            "time": "02.11.2020 09:23",
            "open": "228.05",
            "high": "228.05",
            "low": "228.05",
            "close": "227.42"
        },
        {
            "time": "02.11.2020 09:25",
            "open": "227.42",
            "high": "227.42",
            "low": "227.37",
            "close": "227.1"
        },
        {
            "time": "02.11.2020 09:26",
            "open": "227.1",
            "high": "227.1",
            "low": "226.3",
            "close": "226.47"
        },
        {
            "time": "02.11.2020 09:27",
            "open": "226.47",
            "high": "227",
            "low": "226.3",
            "close": "226.97"
        },
        {
            "time": "02.11.2020 09:28",
            "open": "226.97",
            "high": "226.97",
            "low": "226.97",
            "close": "226.59"
        },
        {
            "time": "02.11.2020 09:29",
            "open": "226.59",
            "high": "226.59",
            "low": "226.59",
            "close": "226.58"
        },
        {
            "time": "02.11.2020 09:30",
            "open": "226.58",
            "high": "226.61",
            "low": "226.52",
            "close": "226.98"
        },
        {
            "time": "02.11.2020 09:31",
            "open": "226.98",
            "high": "227",
            "low": "226.98",
            "close": "226.96"
        },
        {
            "time": "02.11.2020 09:32",
            "open": "226.96",
            "high": "226.96",
            "low": "226.96",
            "close": "227.18"
        },
        {
            "time": "02.11.2020 09:33",
            "open": "227.18",
            "high": "227.18",
            "low": "227.18",
            "close": "225.7"
        },
        {
            "time": "02.11.2020 09:36",
            "open": "225.7",
            "high": "225.7",
            "low": "223.01",
            "close": "223.15"
        },
        {
            "time": "02.11.2020 09:37",
            "open": "223.15",
            "high": "224.14",
            "low": "222.17",
            "close": "223.77"
        },
        {
            "time": "02.11.2020 09:38",
            "open": "223.77",
            "high": "224.05",
            "low": "223.5",
            "close": "224.32"
        },
        {
            "time": "02.11.2020 09:39",
            "open": "224.32",
            "high": "224.57",
            "low": "224.18",
            "close": "224.41"
        },
        {
            "time": "02.11.2020 09:40",
            "open": "224.41",
            "high": "224.57",
            "low": "224.27",
            "close": "223.99"
        },
        {
            "time": "02.11.2020 09:41",
            "open": "223.99",
            "high": "224.13",
            "low": "223.46",
            "close": "223.41"
        },
        {
            "time": "02.11.2020 09:42",
            "open": "223.41",
            "high": "223.41",
            "low": "222.98",
            "close": "223.41"
        },
        {
            "time": "02.11.2020 09:43",
            "open": "223.41",
            "high": "223.53",
            "low": "223.41",
            "close": "223.42"
        },
        {
            "time": "02.11.2020 09:44",
            "open": "223.42",
            "high": "223.88",
            "low": "223.42",
            "close": "223.79"
        },
        {
            "time": "02.11.2020 09:45",
            "open": "223.79",
            "high": "224.31",
            "low": "223.79",
            "close": "223.73"
        },
        {
            "time": "02.11.2020 09:46",
            "open": "223.73",
            "high": "223.73",
            "low": "223.12",
            "close": "223.04"
        },
        {
            "time": "02.11.2020 09:47",
            "open": "223.04",
            "high": "223.1",
            "low": "223.04",
            "close": "223.17"
        },
        {
            "time": "02.11.2020 09:48",
            "open": "223.17",
            "high": "223.17",
            "low": "223.17",
            "close": "223.17"
        },
        {
            "time": "02.11.2020 09:49",
            "open": "223.17",
            "high": "223.17",
            "low": "223.17",
            "close": "223.14"
        },
        {
            "time": "02.11.2020 09:52",
            "open": "223.14",
            "high": "223.14",
            "low": "223.14",
            "close": "223.63"
        },
        {
            "time": "02.11.2020 09:53",
            "open": "223.63",
            "high": "223.63",
            "low": "223.51",
            "close": "223.54"
        },
        {
            "time": "02.11.2020 09:54",
            "open": "223.54",
            "high": "223.54",
            "low": "223.05",
            "close": "222.97"
        },
        {
            "time": "02.11.2020 09:56",
            "open": "222.97",
            "high": "222.98",
            "low": "222.77",
            "close": "222.29"
        },
        {
            "time": "02.11.2020 09:57",
            "open": "222.29",
            "high": "222.29",
            "low": "221.78",
            "close": "222.48"
        },
        {
            "time": "02.11.2020 09:58",
            "open": "222.48",
            "high": "222.48",
            "low": "222.37",
            "close": "222.37"
        },
        {
            "time": "02.11.2020 09:59",
            "open": "222.37",
            "high": "222.37",
            "low": "222.27",
            "close": "221.78"
        },
        {
            "time": "02.11.2020 10:00",
            "open": "221.78",
            "high": "222.41",
            "low": "221.78",
            "close": "222.69"
        },
        {
            "time": "02.11.2020 10:01",
            "open": "222.69",
            "high": "222.77",
            "low": "222.69",
            "close": "222.56"
        },
        {
            "time": "02.11.2020 10:02",
            "open": "222.56",
            "high": "222.6",
            "low": "222.42",
            "close": "222.34"
        },
        {
            "time": "02.11.2020 10:03",
            "open": "222.34",
            "high": "222.34",
            "low": "222.25",
            "close": "222.43"
        },
        {
            "time": "02.11.2020 10:06",
            "open": "222.43",
            "high": "222.54",
            "low": "222.43",
            "close": "222.5"
        },
        {
            "time": "02.11.2020 10:07",
            "open": "222.5",
            "high": "222.5",
            "low": "222.5",
            "close": "222.54"
        },
        {
            "time": "02.11.2020 10:08",
            "open": "222.54",
            "high": "222.54",
            "low": "222.54",
            "close": "222.64"
        },
        {
            "time": "02.11.2020 10:09",
            "open": "222.64",
            "high": "222.64",
            "low": "222.64",
            "close": "222.73"
        },
        {
            "time": "02.11.2020 10:11",
            "open": "222.73",
            "high": "222.73",
            "low": "222.61",
            "close": "223.03"
        },
        {
            "time": "02.11.2020 10:12",
            "open": "223.03",
            "high": "223.03",
            "low": "223.03",
            "close": "223.4"
        },
        {
            "time": "02.11.2020 10:14",
            "open": "223.4",
            "high": "223.4",
            "low": "223.4",
            "close": "223.28"
        },
        {
            "time": "02.11.2020 10:15",
            "open": "223.28",
            "high": "223.28",
            "low": "223.18",
            "close": "223.67"
        },
        {
            "time": "02.11.2020 10:16",
            "open": "223.67",
            "high": "223.67",
            "low": "223.43",
            "close": "223.53"
        },
        {
            "time": "02.11.2020 10:17",
            "open": "223.53",
            "high": "223.53",
            "low": "223.52",
            "close": "223.44"
        },
        {
            "time": "02.11.2020 10:18",
            "open": "223.44",
            "high": "223.44",
            "low": "223.44",
            "close": "223.62"
        },
        {
            "time": "02.11.2020 10:19",
            "open": "223.62",
            "high": "223.68",
            "low": "223.62",
            "close": "223.39"
        },
        {
            "time": "02.11.2020 10:22",
            "open": "223.39",
            "high": "223.39",
            "low": "223.39",
            "close": "223.01"
        },
        {
            "time": "02.11.2020 10:24",
            "open": "223.01",
            "high": "223.01",
            "low": "222.92",
            "close": "222.78"
        },
        {
            "time": "02.11.2020 10:29",
            "open": "222.78",
            "high": "222.78",
            "low": "222.78",
            "close": "223.41"
        },
        {
            "time": "02.11.2020 10:34",
            "open": "223.41",
            "high": "223.41",
            "low": "223.41",
            "close": "223.21"
        },
        {
            "time": "02.11.2020 10:35",
            "open": "223.21",
            "high": "223.21",
            "low": "223.21",
            "close": "223.91"
        },
        {
            "time": "02.11.2020 10:40",
            "open": "223.91",
            "high": "223.91",
            "low": "223.65",
            "close": "223.6"
        },
        {
            "time": "02.11.2020 10:41",
            "open": "223.6",
            "high": "223.6",
            "low": "223.6",
            "close": "223.73"
        },
        {
            "time": "02.11.2020 10:42",
            "open": "223.73",
            "high": "223.74",
            "low": "223.66",
            "close": "223.81"
        },
        {
            "time": "02.11.2020 10:43",
            "open": "223.81",
            "high": "223.81",
            "low": "223.81",
            "close": "223.9"
        },
        {
            "time": "02.11.2020 10:44",
            "open": "223.9",
            "high": "223.91",
            "low": "223.9",
            "close": "224.12"
        },
        {
            "time": "02.11.2020 10:46",
            "open": "224.12",
            "high": "224.13",
            "low": "224.12",
            "close": "223.94"
        },
        {
            "time": "02.11.2020 10:47",
            "open": "223.94",
            "high": "223.95",
            "low": "223.94",
            "close": "223.74"
        },
        {
            "time": "02.11.2020 10:49",
            "open": "223.75",
            "high": "223.75",
            "low": "223.75",
            "close": "224.1"
        },
        {
            "time": "02.11.2020 10:50",
            "open": "224.1",
            "high": "224.12",
            "low": "224.1",
            "close": "223.96"
        },
        {
            "time": "02.11.2020 10:51",
            "open": "223.96",
            "high": "223.96",
            "low": "223.95",
            "close": "224.03"
        },
        {
            "time": "02.11.2020 10:52",
            "open": "224.03",
            "high": "224.05",
            "low": "224.03",
            "close": "223.97"
        },
        {
            "time": "02.11.2020 10:54",
            "open": "223.97",
            "high": "224.07",
            "low": "223.97",
            "close": "224.05"
        },
        {
            "time": "02.11.2020 10:55",
            "open": "224.05",
            "high": "224.05",
            "low": "223.75",
            "close": "223.67"
        },
        {
            "time": "02.11.2020 10:58",
            "open": "223.67",
            "high": "223.72",
            "low": "223.67",
            "close": "223.35"
        },
        {
            "time": "02.11.2020 11:00",
            "open": "223.35",
            "high": "223.35",
            "low": "223.29",
            "close": "223.07"
        },
        {
            "time": "02.11.2020 11:05",
            "open": "223.07",
            "high": "223.15",
            "low": "223.07",
            "close": "222.77"
        },
        {
            "time": "02.11.2020 11:10",
            "open": "222.77",
            "high": "222.77",
            "low": "222.77",
            "close": "222.79"
        },
        {
            "time": "02.11.2020 11:11",
            "open": "222.79",
            "high": "222.79",
            "low": "222.74",
            "close": "222.94"
        },
        {
            "time": "02.11.2020 11:12",
            "open": "222.94",
            "high": "222.94",
            "low": "222.94",
            "close": "222.52"
        },
        {
            "time": "02.11.2020 11:15",
            "open": "222.52",
            "high": "222.52",
            "low": "222.5",
            "close": "222.26"
        },
        {
            "time": "02.11.2020 11:18",
            "open": "222.26",
            "high": "222.26",
            "low": "222.26",
            "close": "222.69"
        },
        {
            "time": "02.11.2020 11:19",
            "open": "222.69",
            "high": "222.69",
            "low": "222.69",
            "close": "222.88"
        },
        {
            "time": "02.11.2020 11:22",
            "open": "222.88",
            "high": "223.06",
            "low": "222.88",
            "close": "223.07"
        },
        {
            "time": "02.11.2020 11:24",
            "open": "223.07",
            "high": "223.07",
            "low": "222.93",
            "close": "222.97"
        },
        {
            "time": "02.11.2020 11:26",
            "open": "222.97",
            "high": "222.98",
            "low": "222.97",
            "close": "222.96"
        },
        {
            "time": "02.11.2020 11:27",
            "open": "222.96",
            "high": "222.96",
            "low": "222.96",
            "close": "223.39"
        },
        {
            "time": "02.11.2020 11:34",
            "open": "223.39",
            "high": "223.39",
            "low": "223.39",
            "close": "223.71"
        },
        {
            "time": "02.11.2020 11:35",
            "open": "223.71",
            "high": "223.72",
            "low": "223.71",
            "close": "223.01"
        },
        {
            "time": "02.11.2020 11:39",
            "open": "223.01",
            "high": "223.01",
            "low": "222.89",
            "close": "222.89"
        },
        {
            "time": "02.11.2020 11:40",
            "open": "222.89",
            "high": "222.89",
            "low": "222.89",
            "close": "222.74"
        },
        {
            "time": "02.11.2020 11:41",
            "open": "222.74",
            "high": "222.74",
            "low": "222.74",
            "close": "222.71"
        },
        {
            "time": "02.11.2020 11:42",
            "open": "222.71",
            "high": "222.71",
            "low": "222.71",
            "close": "223.09"
        },
        {
            "time": "02.11.2020 11:48",
            "open": "223.09",
            "high": "223.09",
            "low": "223.01",
            "close": "222.89"
        },
        {
            "time": "02.11.2020 11:50",
            "open": "222.89",
            "high": "222.89",
            "low": "222.88",
            "close": "223.01"
        },
        {
            "time": "02.11.2020 11:52",
            "open": "223.01",
            "high": "223.29",
            "low": "223.01",
            "close": "223.17"
        },
        {
            "time": "02.11.2020 11:54",
            "open": "223.17",
            "high": "223.4",
            "low": "223.13",
            "close": "223.46"
        },
        {
            "time": "02.11.2020 11:55",
            "open": "223.46",
            "high": "223.46",
            "low": "223.46",
            "close": "223.47"
        },
        {
            "time": "02.11.2020 11:56",
            "open": "223.47",
            "high": "224.12",
            "low": "223.47",
            "close": "223.82"
        },
        {
            "time": "02.11.2020 11:57",
            "open": "223.82",
            "high": "223.82",
            "low": "223.55",
            "close": "223.13"
        },
        {
            "time": "02.11.2020 11:58",
            "open": "223.13",
            "high": "223.13",
            "low": "223.13",
            "close": "223.2"
        },
        {
            "time": "02.11.2020 11:59",
            "open": "223.2",
            "high": "223.2",
            "low": "223.2",
            "close": "222.81"
        },
        {
            "time": "02.11.2020 12:00",
            "open": "222.81",
            "high": "222.81",
            "low": "222.81",
            "close": "222.68"
        },
        {
            "time": "02.11.2020 12:03",
            "open": "222.68",
            "high": "222.68",
            "low": "222.68",
            "close": "222.62"
        },
        {
            "time": "02.11.2020 12:04",
            "open": "222.62",
            "high": "222.62",
            "low": "222.62",
            "close": "223.65"
        },
        {
            "time": "02.11.2020 12:11",
            "open": "223.65",
            "high": "223.72",
            "low": "223.65",
            "close": "224.09"
        },
        {
            "time": "02.11.2020 12:12",
            "open": "224.09",
            "high": "224.1",
            "low": "224.09",
            "close": "223.97"
        },
        {
            "time": "02.11.2020 12:14",
            "open": "223.97",
            "high": "223.97",
            "low": "223.97",
            "close": "223.4"
        },
        {
            "time": "02.11.2020 12:20",
            "open": "223.4",
            "high": "223.4",
            "low": "223.4",
            "close": "223"
        },
        {
            "time": "02.11.2020 12:25",
            "open": "223",
            "high": "223",
            "low": "223",
            "close": "223.1"
        },
        {
            "time": "02.11.2020 12:26",
            "open": "223.1",
            "high": "223.1",
            "low": "223.1",
            "close": "222.87"
        },
        {
            "time": "02.11.2020 12:27",
            "open": "222.87",
            "high": "222.87",
            "low": "222.87",
            "close": "222.97"
        },
        {
            "time": "02.11.2020 12:28",
            "open": "222.97",
            "high": "222.97",
            "low": "222.97",
            "close": "223.66"
        },
        {
            "time": "02.11.2020 12:29",
            "open": "223.66",
            "high": "223.66",
            "low": "223.66",
            "close": "223.48"
        },
        {
            "time": "02.11.2020 12:30",
            "open": "223.48",
            "high": "223.48",
            "low": "223.42",
            "close": "223.88"
        },
        {
            "time": "02.11.2020 12:31",
            "open": "223.88",
            "high": "224.4",
            "low": "223.88",
            "close": "224.4"
        },
        {
            "time": "02.11.2020 12:32",
            "open": "224.4",
            "high": "224.56",
            "low": "224.4",
            "close": "224.63"
        },
        {
            "time": "02.11.2020 12:34",
            "open": "224.63",
            "high": "224.64",
            "low": "224.63",
            "close": "224.42"
        },
        {
            "time": "02.11.2020 12:36",
            "open": "224.42",
            "high": "224.42",
            "low": "224.42",
            "close": "224.88"
        },
        {
            "time": "02.11.2020 12:40",
            "open": "224.88",
            "high": "224.88",
            "low": "224.87",
            "close": "224.83"
        },
        {
            "time": "02.11.2020 12:41",
            "open": "224.83",
            "high": "224.84",
            "low": "224.83",
            "close": "224.82"
        },
        {
            "time": "02.11.2020 12:42",
            "open": "224.82",
            "high": "224.82",
            "low": "224.82",
            "close": "224.05"
        },
        {
            "time": "02.11.2020 12:45",
            "open": "224.05",
            "high": "224.05",
            "low": "224.05",
            "close": "224.33"
        },
        {
            "time": "02.11.2020 12:49",
            "open": "224.33",
            "high": "224.33",
            "low": "224.33",
            "close": "224.14"
        },
        {
            "time": "02.11.2020 12:50",
            "open": "224.14",
            "high": "224.15",
            "low": "224.08",
            "close": "223.84"
        },
        {
            "time": "02.11.2020 13:00",
            "open": "223.84",
            "high": "223.84",
            "low": "223.84",
            "close": "223.72"
        },
        {
            "time": "02.11.2020 13:03",
            "open": "223.72",
            "high": "223.72",
            "low": "223.72",
            "close": "223.8"
        },
        {
            "time": "02.11.2020 13:04",
            "open": "223.8",
            "high": "223.8",
            "low": "223.8",
            "close": "223.79"
        },
        {
            "time": "02.11.2020 13:08",
            "open": "223.79",
            "high": "223.85",
            "low": "223.54",
            "close": "223.65"
        },
        {
            "time": "02.11.2020 13:13",
            "open": "223.65",
            "high": "223.65",
            "low": "223.64",
            "close": "223.67"
        },
        {
            "time": "02.11.2020 13:14",
            "open": "223.67",
            "high": "223.67",
            "low": "223.67",
            "close": "223.5"
        },
        {
            "time": "02.11.2020 13:15",
            "open": "223.5",
            "high": "223.72",
            "low": "223.5",
            "close": "223.93"
        },
        {
            "time": "02.11.2020 13:16",
            "open": "223.93",
            "high": "224.18",
            "low": "223.93",
            "close": "224.16"
        },
        {
            "time": "02.11.2020 13:17",
            "open": "224.16",
            "high": "224.16",
            "low": "224.16",
            "close": "224.46"
        },
        {
            "time": "02.11.2020 13:18",
            "open": "224.46",
            "high": "225.31",
            "low": "224.46",
            "close": "225.76"
        },
        {
            "time": "02.11.2020 13:19",
            "open": "225.76",
            "high": "225.77",
            "low": "225.74",
            "close": "225.74"
        },
        {
            "time": "02.11.2020 13:21",
            "open": "225.74",
            "high": "225.74",
            "low": "225.29",
            "close": "225.6"
        },
        {
            "time": "02.11.2020 13:23",
            "open": "225.6",
            "high": "225.6",
            "low": "225.6",
            "close": "225.22"
        },
        {
            "time": "02.11.2020 13:25",
            "open": "225.22",
            "high": "225.71",
            "low": "225.22",
            "close": "225.62"
        },
        {
            "time": "02.11.2020 13:29",
            "open": "225.62",
            "high": "225.63",
            "low": "225.52",
            "close": "225.35"
        },
        {
            "time": "02.11.2020 13:30",
            "open": "225.04",
            "high": "225.04",
            "low": "225.04",
            "close": "224.84"
        },
        {
            "time": "02.11.2020 13:31",
            "open": "224.84",
            "high": "224.85",
            "low": "224.84",
            "close": "225.09"
        },
        {
            "time": "02.11.2020 13:32",
            "open": "225.09",
            "high": "225.09",
            "low": "225.09",
            "close": "224.96"
        },
        {
            "time": "02.11.2020 13:33",
            "open": "224.96",
            "high": "224.96",
            "low": "224.96",
            "close": "224.7"
        },
        {
            "time": "02.11.2020 13:34",
            "open": "224.7",
            "high": "224.7",
            "low": "224.7",
            "close": "223.94"
        },
        {
            "time": "02.11.2020 13:35",
            "open": "223.94",
            "high": "224.63",
            "low": "223.94",
            "close": "224.27"
        },
        {
            "time": "02.11.2020 13:36",
            "open": "224.27",
            "high": "224.27",
            "low": "224.27",
            "close": "224.11"
        },
        {
            "time": "02.11.2020 13:37",
            "open": "224.11",
            "high": "224.11",
            "low": "223.73",
            "close": "223.58"
        },
        {
            "time": "02.11.2020 13:39",
            "open": "223.58",
            "high": "223.58",
            "low": "223.58",
            "close": "222.72"
        },
        {
            "time": "02.11.2020 13:41",
            "open": "222.72",
            "high": "222.72",
            "low": "222.62",
            "close": "222.5"
        },
        {
            "time": "02.11.2020 13:42",
            "open": "222.5",
            "high": "222.53",
            "low": "222.48",
            "close": "223.11"
        },
        {
            "time": "02.11.2020 13:44",
            "open": "223.11",
            "high": "223.11",
            "low": "222.75",
            "close": "221.8"
        },
        {
            "time": "02.11.2020 13:45",
            "open": "221.8",
            "high": "221.8",
            "low": "221.8",
            "close": "221.84"
        },
        {
            "time": "02.11.2020 13:46",
            "open": "221.84",
            "high": "221.84",
            "low": "221.49",
            "close": "221.72"
        },
        {
            "time": "02.11.2020 13:47",
            "open": "221.72",
            "high": "222.11",
            "low": "221.72",
            "close": "222.25"
        },
        {
            "time": "02.11.2020 13:48",
            "open": "222.25",
            "high": "222.25",
            "low": "222.08",
            "close": "222.21"
        },
        {
            "time": "02.11.2020 13:49",
            "open": "222.21",
            "high": "222.21",
            "low": "222.02",
            "close": "222.37"
        },
        {
            "time": "02.11.2020 13:50",
            "open": "222.37",
            "high": "222.37",
            "low": "222.37",
            "close": "222.39"
        },
        {
            "time": "02.11.2020 13:52",
            "open": "222.39",
            "high": "222.39",
            "low": "222.38",
            "close": "222.38"
        },
        {
            "time": "02.11.2020 13:53",
            "open": "222.38",
            "high": "222.38",
            "low": "222.31",
            "close": "222.49"
        },
        {
            "time": "02.11.2020 13:55",
            "open": "222.49",
            "high": "222.52",
            "low": "222.49",
            "close": "223.05"
        },
        {
            "time": "02.11.2020 13:57",
            "open": "223.05",
            "high": "223.05",
            "low": "223.05",
            "close": "222.71"
        },
        {
            "time": "02.11.2020 13:59",
            "open": "222.71",
            "high": "222.71",
            "low": "222.71",
            "close": "222.55"
        },
        {
            "time": "02.11.2020 14:00",
            "open": "222.55",
            "high": "222.55",
            "low": "222.55",
            "close": "222.96"
        },
        {
            "time": "02.11.2020 14:06",
            "open": "222.96",
            "high": "222.96",
            "low": "222.95",
            "close": "223.04"
        },
        {
            "time": "02.11.2020 14:08",
            "open": "223.04",
            "high": "223.07",
            "low": "223.03",
            "close": "223.13"
        },
        {
            "time": "02.11.2020 14:10",
            "open": "223.13",
            "high": "223.13",
            "low": "223.1",
            "close": "222.91"
        },
        {
            "time": "02.11.2020 14:12",
            "open": "222.91",
            "high": "222.91",
            "low": "222.89",
            "close": "222.97"
        },
        {
            "time": "02.11.2020 14:14",
            "open": "222.97",
            "high": "222.97",
            "low": "222.97",
            "close": "222.92"
        },
        {
            "time": "02.11.2020 14:15",
            "open": "222.92",
            "high": "222.96",
            "low": "222.76",
            "close": "222.98"
        },
        {
            "time": "02.11.2020 14:22",
            "open": "222.98",
            "high": "222.98",
            "low": "222.97",
            "close": "222.96"
        },
        {
            "time": "02.11.2020 14:23",
            "open": "222.96",
            "high": "222.97",
            "low": "222.96",
            "close": "222.97"
        },
        {
            "time": "02.11.2020 14:24",
            "open": "222.97",
            "high": "222.97",
            "low": "222.97",
            "close": "222.69"
        },
        {
            "time": "02.11.2020 14:27",
            "open": "222.69",
            "high": "222.69",
            "low": "222.69",
            "close": "222.85"
        },
        {
            "time": "02.11.2020 14:31",
            "open": "222.85",
            "high": "223.41",
            "low": "222.85",
            "close": "223.31"
        },
        {
            "time": "02.11.2020 14:32",
            "open": "223.31",
            "high": "223.31",
            "low": "223.12",
            "close": "223.1"
        },
        {
            "time": "02.11.2020 14:33",
            "open": "223.1",
            "high": "223.1",
            "low": "223.1",
            "close": "223.01"
        },
        {
            "time": "02.11.2020 14:35",
            "open": "223.01",
            "high": "223.01",
            "low": "223.01",
            "close": "223.41"
        },
        {
            "time": "02.11.2020 14:38",
            "open": "223.41",
            "high": "223.41",
            "low": "223.41",
            "close": "223.92"
        },
        {
            "time": "02.11.2020 14:50",
            "open": "223.92",
            "high": "223.92",
            "low": "223.92",
            "close": "223.97"
        },
        {
            "time": "02.11.2020 14:52",
            "open": "223.97",
            "high": "223.97",
            "low": "223.97",
            "close": "223.64"
        },
        {
            "time": "02.11.2020 14:53",
            "open": "223.64",
            "high": "223.64",
            "low": "223.64",
            "close": "223.67"
        },
        {
            "time": "02.11.2020 14:54",
            "open": "223.67",
            "high": "223.67",
            "low": "223.67",
            "close": "223.19"
        },
        {
            "time": "02.11.2020 14:56",
            "open": "223.19",
            "high": "223.19",
            "low": "223.19",
            "close": "223.19"
        },
        {
            "time": "02.11.2020 14:57",
            "open": "223.19",
            "high": "223.19",
            "low": "223.19",
            "close": "222.62"
        },
        {
            "time": "02.11.2020 15:00",
            "open": "222.62",
            "high": "222.62",
            "low": "222.29",
            "close": "222.29"
        },
        {
            "time": "02.11.2020 15:01",
            "open": "222.29",
            "high": "222.29",
            "low": "222.29",
            "close": "222.5"
        },
        {
            "time": "02.11.2020 15:04",
            "open": "222.5",
            "high": "222.51",
            "low": "222.5",
            "close": "222.51"
        },
        {
            "time": "02.11.2020 15:05",
            "open": "222.51",
            "high": "222.51",
            "low": "222.51",
            "close": "222"
        },
        {
            "time": "02.11.2020 15:08",
            "open": "222",
            "high": "222",
            "low": "219.51",
            "close": "220.15"
        },
        {
            "time": "02.11.2020 15:09",
            "open": "220.15",
            "high": "220.31",
            "low": "219.32",
            "close": "219.71"
        },
        {
            "time": "02.11.2020 15:10",
            "open": "219.71",
            "high": "220.18",
            "low": "219.57",
            "close": "220.39"
        },
        {
            "time": "02.11.2020 15:11",
            "open": "220.39",
            "high": "220.39",
            "low": "220.39",
            "close": "220.19"
        },
        {
            "time": "02.11.2020 15:12",
            "open": "220.19",
            "high": "220.19",
            "low": "219.38",
            "close": "219.38"
        },
        {
            "time": "02.11.2020 15:13",
            "open": "219.38",
            "high": "220.24",
            "low": "219.36",
            "close": "219.69"
        },
        {
            "time": "02.11.2020 15:14",
            "open": "219.69",
            "high": "219.69",
            "low": "219.69",
            "close": "219.72"
        },
        {
            "time": "02.11.2020 15:15",
            "open": "219.72",
            "high": "220.05",
            "low": "219.72",
            "close": "220.08"
        },
        {
            "time": "02.11.2020 15:17",
            "open": "220.08",
            "high": "220.08",
            "low": "220.08",
            "close": "220.66"
        },
        {
            "time": "02.11.2020 15:18",
            "open": "220.66",
            "high": "220.66",
            "low": "220",
            "close": "220.47"
        },
        {
            "time": "02.11.2020 15:19",
            "open": "220.47",
            "high": "220.47",
            "low": "220.47",
            "close": "221.06"
        },
        {
            "time": "02.11.2020 15:23",
            "open": "221.06",
            "high": "221.06",
            "low": "221.06",
            "close": "221.14"
        },
        {
            "time": "02.11.2020 15:24",
            "open": "221.14",
            "high": "221.42",
            "low": "221.14",
            "close": "221.64"
        },
        {
            "time": "02.11.2020 15:25",
            "open": "221.64",
            "high": "221.64",
            "low": "221.45",
            "close": "221.46"
        },
        {
            "time": "02.11.2020 15:26",
            "open": "221.46",
            "high": "221.56",
            "low": "221.46",
            "close": "221.43"
        },
        {
            "time": "02.11.2020 15:27",
            "open": "221.43",
            "high": "221.43",
            "low": "221.43",
            "close": "222.45"
        },
        {
            "time": "02.11.2020 15:33",
            "open": "222.45",
            "high": "222.71",
            "low": "222.45",
            "close": "222.7"
        },
        {
            "time": "02.11.2020 15:35",
            "open": "222.7",
            "high": "222.9",
            "low": "222.7",
            "close": "223.27"
        },
        {
            "time": "02.11.2020 15:39",
            "open": "223.27",
            "high": "223.28",
            "low": "223.27",
            "close": "223.02"
        },
        {
            "time": "02.11.2020 15:40",
            "open": "223.02",
            "high": "223.23",
            "low": "223.02",
            "close": "222.75"
        },
        {
            "time": "02.11.2020 15:41",
            "open": "222.75",
            "high": "222.75",
            "low": "222.7",
            "close": "222.82"
        },
        {
            "time": "02.11.2020 15:43",
            "open": "222.82",
            "high": "222.82",
            "low": "222.82",
            "close": "222.91"
        },
        {
            "time": "02.11.2020 15:45",
            "open": "222.91",
            "high": "223",
            "low": "222.91",
            "close": "222.87"
        },
        {
            "time": "02.11.2020 15:50",
            "open": "222.87",
            "high": "222.89",
            "low": "222.87",
            "close": "222.93"
        },
        {
            "time": "02.11.2020 15:54",
            "open": "222.93",
            "high": "222.94",
            "low": "222.93",
            "close": "222.92"
        },
        {
            "time": "02.11.2020 15:55",
            "open": "222.92",
            "high": "222.92",
            "low": "222.92",
            "close": "222.8"
        },
        {
            "time": "02.11.2020 15:56",
            "open": "222.8",
            "high": "222.8",
            "low": "222.59",
            "close": "222.01"
        },
        {
            "time": "02.11.2020 16:01",
            "open": "222.01",
            "high": "222.01",
            "low": "221.69",
            "close": "222.02"
        },
        {
            "time": "02.11.2020 16:02",
            "open": "222.02",
            "high": "222.04",
            "low": "222.02",
            "close": "222"
        },
        {
            "time": "02.11.2020 16:05",
            "open": "222",
            "high": "222",
            "low": "221.86",
            "close": "221.7"
        },
        {
            "time": "02.11.2020 16:06",
            "open": "221.7",
            "high": "221.7",
            "low": "221.7",
            "close": "221.43"
        },
        {
            "time": "02.11.2020 16:07",
            "open": "221.43",
            "high": "221.43",
            "low": "221.43",
            "close": "221.43"
        },
        {
            "time": "02.11.2020 16:08",
            "open": "221.43",
            "high": "221.59",
            "low": "221.43",
            "close": "221.24"
        },
        {
            "time": "02.11.2020 16:11",
            "open": "221.24",
            "high": "221.24",
            "low": "221.24",
            "close": "221.36"
        },
        {
            "time": "02.11.2020 16:12",
            "open": "221.36",
            "high": "221.36",
            "low": "221.36",
            "close": "221.16"
        },
        {
            "time": "02.11.2020 16:14",
            "open": "221.16",
            "high": "221.16",
            "low": "221.08",
            "close": "221.3"
        },
        {
            "time": "02.11.2020 16:16",
            "open": "221.3",
            "high": "221.38",
            "low": "221.3",
            "close": "221.92"
        },
        {
            "time": "02.11.2020 16:19",
            "open": "221.92",
            "high": "221.92",
            "low": "221.79",
            "close": "221.86"
        },
        {
            "time": "02.11.2020 16:20",
            "open": "221.86",
            "high": "221.99",
            "low": "221.86",
            "close": "221.99"
        },
        {
            "time": "02.11.2020 16:25",
            "open": "221.99",
            "high": "221.99",
            "low": "221.99",
            "close": "222.24"
        },
        {
            "time": "02.11.2020 16:27",
            "open": "222.24",
            "high": "222.24",
            "low": "222.23",
            "close": "222.43"
        },
        {
            "time": "02.11.2020 16:29",
            "open": "222.43",
            "high": "222.44",
            "low": "222.42",
            "close": "222.39"
        },
        {
            "time": "02.11.2020 16:30",
            "open": "222.39",
            "high": "222.39",
            "low": "222.34",
            "close": "222.19"
        },
        {
            "time": "02.11.2020 16:31",
            "open": "222.19",
            "high": "222.19",
            "low": "222.19",
            "close": "222.38"
        },
        {
            "time": "02.11.2020 16:32",
            "open": "222.38",
            "high": "222.38",
            "low": "222.38",
            "close": "222.11"
        },
        {
            "time": "02.11.2020 16:33",
            "open": "222.11",
            "high": "222.31",
            "low": "222.11",
            "close": "222.08"
        },
        {
            "time": "02.11.2020 16:34",
            "open": "222.08",
            "high": "222.08",
            "low": "222.08",
            "close": "222.65"
        },
        {
            "time": "02.11.2020 16:38",
            "open": "222.65",
            "high": "222.65",
            "low": "222.55",
            "close": "222.64"
        },
        {
            "time": "02.11.2020 16:39",
            "open": "222.64",
            "high": "222.71",
            "low": "222.64",
            "close": "222.58"
        },
        {
            "time": "02.11.2020 16:41",
            "open": "222.58",
            "high": "222.63",
            "low": "222.58",
            "close": "222.6"
        },
        {
            "time": "02.11.2020 16:44",
            "open": "222.6",
            "high": "222.6",
            "low": "222.6",
            "close": "222.5"
        },
        {
            "time": "02.11.2020 16:45",
            "open": "222.5",
            "high": "222.5",
            "low": "222.5",
            "close": "222.22"
        },
        {
            "time": "02.11.2020 16:53",
            "open": "222.22",
            "high": "222.22",
            "low": "222.22",
            "close": "222.34"
        },
        {
            "time": "02.11.2020 16:54",
            "open": "222.34",
            "high": "222.34",
            "low": "222",
            "close": "222.22"
        },
        {
            "time": "02.11.2020 16:56",
            "open": "222.22",
            "high": "222.22",
            "low": "222.22",
            "close": "222.23"
        },
        {
            "time": "02.11.2020 16:57",
            "open": "222.23",
            "high": "222.23",
            "low": "222.23",
            "close": "221.63"
        },
        {
            "time": "02.11.2020 17:01",
            "open": "221.63",
            "high": "221.79",
            "low": "221.63",
            "close": "221.97"
        },
        {
            "time": "02.11.2020 17:02",
            "open": "221.97",
            "high": "221.97",
            "low": "221.97",
            "close": "222.51"
        },
        {
            "time": "02.11.2020 17:03",
            "open": "222.51",
            "high": "222.51",
            "low": "222.51",
            "close": "222.7"
        },
        {
            "time": "02.11.2020 17:04",
            "open": "222.7",
            "high": "222.7",
            "low": "222.59",
            "close": "222.17"
        },
        {
            "time": "02.11.2020 17:15",
            "open": "222.17",
            "high": "222.17",
            "low": "222.17",
            "close": "222.09"
        },
        {
            "time": "02.11.2020 17:19",
            "open": "222.09",
            "high": "222.09",
            "low": "222.09",
            "close": "222.13"
        },
        {
            "time": "02.11.2020 17:22",
            "open": "222.13",
            "high": "222.13",
            "low": "221.87",
            "close": "221.9"
        },
        {
            "time": "02.11.2020 17:23",
            "open": "221.9",
            "high": "221.9",
            "low": "221.9",
            "close": "222.03"
        },
        {
            "time": "02.11.2020 17:24",
            "open": "222.03",
            "high": "222.03",
            "low": "222.03",
            "close": "222.06"
        },
        {
            "time": "02.11.2020 17:26",
            "open": "222.06",
            "high": "222.06",
            "low": "222.06",
            "close": "222.22"
        },
        {
            "time": "02.11.2020 17:28",
            "open": "222.22",
            "high": "222.22",
            "low": "222.22",
            "close": "222"
        },
        {
            "time": "02.11.2020 17:29",
            "open": "222",
            "high": "222",
            "low": "222",
            "close": "222.15"
        },
        {
            "time": "02.11.2020 17:30",
            "open": "222.15",
            "high": "222.15",
            "low": "222.15",
            "close": "222"
        },
        {
            "time": "02.11.2020 17:34",
            "open": "222",
            "high": "222.04",
            "low": "221.73",
            "close": "221.39"
        },
        {
            "time": "02.11.2020 17:35",
            "open": "221.39",
            "high": "221.39",
            "low": "221.34",
            "close": "221.33"
        },
        {
            "time": "02.11.2020 17:36",
            "open": "221.33",
            "high": "221.33",
            "low": "221.29",
            "close": "221.38"
        },
        {
            "time": "02.11.2020 17:40",
            "open": "221.38",
            "high": "221.38",
            "low": "221.38",
            "close": "221.31"
        },
        {
            "time": "02.11.2020 17:41",
            "open": "221.31",
            "high": "221.31",
            "low": "221.31",
            "close": "221.61"
        },
        {
            "time": "02.11.2020 17:43",
            "open": "221.61",
            "high": "221.61",
            "low": "221.61",
            "close": "221.35"
        },
        {
            "time": "02.11.2020 17:45",
            "open": "221.35",
            "high": "221.35",
            "low": "221.17",
            "close": "221.56"
        },
        {
            "time": "02.11.2020 17:48",
            "open": "221.56",
            "high": "221.78",
            "low": "221.56",
            "close": "221.88"
        },
        {
            "time": "02.11.2020 17:49",
            "open": "221.88",
            "high": "221.88",
            "low": "221.88",
            "close": "221.62"
        },
        {
            "time": "02.11.2020 17:50",
            "open": "221.62",
            "high": "221.62",
            "low": "221.62",
            "close": "221.73"
        },
        {
            "time": "02.11.2020 17:52",
            "open": "221.73",
            "high": "221.76",
            "low": "221.73",
            "close": "221.78"
        },
        {
            "time": "02.11.2020 17:53",
            "open": "221.78",
            "high": "221.78",
            "low": "221.55",
            "close": "221.5"
        },
        {
            "time": "02.11.2020 17:56",
            "open": "221.5",
            "high": "221.5",
            "low": "221.42",
            "close": "222.24"
        },
        {
            "time": "02.11.2020 17:59",
            "open": "222.24",
            "high": "222.24",
            "low": "222.2",
            "close": "222.04"
        },
        {
            "time": "02.11.2020 18:02",
            "open": "222.04",
            "high": "222.04",
            "low": "222.04",
            "close": "221.8"
        },
        {
            "time": "02.11.2020 18:05",
            "open": "221.8",
            "high": "221.8",
            "low": "221.8",
            "close": "221.92"
        },
        {
            "time": "02.11.2020 18:08",
            "open": "221.92",
            "high": "221.92",
            "low": "221.92",
            "close": "221.62"
        },
        {
            "time": "02.11.2020 18:10",
            "open": "221.62",
            "high": "221.62",
            "low": "221.62",
            "close": "222.05"
        },
        {
            "time": "02.11.2020 18:16",
            "open": "222.05",
            "high": "222.05",
            "low": "222.02",
            "close": "222.09"
        },
        {
            "time": "02.11.2020 18:17",
            "open": "222.09",
            "high": "222.23",
            "low": "222.03",
            "close": "222.04"
        },
        {
            "time": "02.11.2020 18:19",
            "open": "222.04",
            "high": "222.11",
            "low": "222.04",
            "close": "222.35"
        },
        {
            "time": "02.11.2020 18:20",
            "open": "222.35",
            "high": "222.35",
            "low": "222.26",
            "close": "222.31"
        },
        {
            "time": "02.11.2020 18:21",
            "open": "222.31",
            "high": "222.38",
            "low": "222.31",
            "close": "222.27"
        },
        {
            "time": "02.11.2020 18:23",
            "open": "222.27",
            "high": "222.27",
            "low": "222.27",
            "close": "222.32"
        },
        {
            "time": "02.11.2020 18:25",
            "open": "222.32",
            "high": "222.32",
            "low": "222.32",
            "close": "222.08"
        },
        {
            "time": "02.11.2020 18:34",
            "open": "222.08",
            "high": "222.08",
            "low": "222.08",
            "close": "221.73"
        },
        {
            "time": "02.11.2020 18:38",
            "open": "221.73",
            "high": "221.73",
            "low": "221.73",
            "close": "221.88"
        },
        {
            "time": "02.11.2020 18:39",
            "open": "221.88",
            "high": "221.88",
            "low": "221.88",
            "close": "221.9"
        },
        {
            "time": "02.11.2020 18:40",
            "open": "221.9",
            "high": "221.9",
            "low": "221.9",
            "close": "222.48"
        },
        {
            "time": "02.11.2020 18:43",
            "open": "222.48",
            "high": "222.48",
            "low": "222.48",
            "close": "222.17"
        },
        {
            "time": "02.11.2020 18:46",
            "open": "222.17",
            "high": "222.17",
            "low": "222.17",
            "close": "222.18"
        },
        {
            "time": "02.11.2020 18:50",
            "open": "222.18",
            "high": "222.18",
            "low": "222.18",
            "close": "222.38"
        },
        {
            "time": "02.11.2020 18:51",
            "open": "222.38",
            "high": "222.38",
            "low": "222.38",
            "close": "222.36"
        },
        {
            "time": "02.11.2020 18:55",
            "open": "222.36",
            "high": "222.37",
            "low": "222.3",
            "close": "222.32"
        },
        {
            "time": "02.11.2020 18:56",
            "open": "222.32",
            "high": "222.32",
            "low": "222.08",
            "close": "222.33"
        },
        {
            "time": "02.11.2020 19:00",
            "open": "222.33",
            "high": "222.33",
            "low": "222.33",
            "close": "222"
        },
        {
            "time": "02.11.2020 19:01",
            "open": "222",
            "high": "222",
            "low": "221.9",
            "close": "222.09"
        },
        {
            "time": "02.11.2020 19:02",
            "open": "222.09",
            "high": "222.09",
            "low": "222.09",
            "close": "221.8"
        },
        {
            "time": "02.11.2020 19:03",
            "open": "221.8",
            "high": "221.8",
            "low": "221.8",
            "close": "222"
        },
        {
            "time": "02.11.2020 19:06",
            "open": "222",
            "high": "222.17",
            "low": "222",
            "close": "221.88"
        },
        {
            "time": "02.11.2020 19:09",
            "open": "221.88",
            "high": "221.88",
            "low": "221.88",
            "close": "222.05"
        },
        {
            "time": "02.11.2020 19:13",
            "open": "222.05",
            "high": "222.05",
            "low": "222.02",
            "close": "221.96"
        },
        {
            "time": "02.11.2020 19:16",
            "open": "221.96",
            "high": "221.96",
            "low": "221.96",
            "close": "221.81"
        },
        {
            "time": "02.11.2020 19:20",
            "open": "221.81",
            "high": "221.81",
            "low": "221.81",
            "close": "221.8"
        },
        {
            "time": "02.11.2020 19:21",
            "open": "221.8",
            "high": "221.81",
            "low": "221.66",
            "close": "221.81"
        },
        {
            "time": "02.11.2020 19:22",
            "open": "221.81",
            "high": "221.81",
            "low": "221.64",
            "close": "221.62"
        },
        {
            "time": "02.11.2020 19:34",
            "open": "221.62",
            "high": "221.62",
            "low": "221.62",
            "close": "221.62"
        },
        {
            "time": "02.11.2020 19:35",
            "open": "221.62",
            "high": "221.62",
            "low": "221.62",
            "close": "221.78"
        },
        {
            "time": "02.11.2020 19:36",
            "open": "221.78",
            "high": "221.79",
            "low": "221.78",
            "close": "221.75"
        },
        {
            "time": "02.11.2020 19:37",
            "open": "221.75",
            "high": "221.75",
            "low": "221.75",
            "close": "221.59"
        },
        {
            "time": "02.11.2020 19:41",
            "open": "221.59",
            "high": "221.6",
            "low": "221.34",
            "close": "221.66"
        },
        {
            "time": "02.11.2020 19:42",
            "open": "221.66",
            "high": "221.78",
            "low": "221.38",
            "close": "221.71"
        },
        {
            "time": "02.11.2020 19:44",
            "open": "221.71",
            "high": "221.73",
            "low": "221.71",
            "close": "221.64"
        },
        {
            "time": "02.11.2020 19:45",
            "open": "221.64",
            "high": "221.77",
            "low": "221.62",
            "close": "221.61"
        },
        {
            "time": "02.11.2020 19:46",
            "open": "221.61",
            "high": "221.61",
            "low": "221.61",
            "close": "221.45"
        },
        {
            "time": "02.11.2020 19:53",
            "open": "221.45",
            "high": "221.45",
            "low": "221.45",
            "close": "221.28"
        },
        {
            "time": "02.11.2020 19:54",
            "open": "221.28",
            "high": "221.28",
            "low": "221.18",
            "close": "221.05"
        },
        {
            "time": "02.11.2020 19:55",
            "open": "221.05",
            "high": "221.05",
            "low": "221.05",
            "close": "221.06"
        },
        {
            "time": "02.11.2020 19:56",
            "open": "221.06",
            "high": "221.12",
            "low": "221.06",
            "close": "221.02"
        },
        {
            "time": "02.11.2020 19:57",
            "open": "221.02",
            "high": "221.02",
            "low": "221.02",
            "close": "221"
        },
        {
            "time": "02.11.2020 20:00",
            "open": "221",
            "high": "221",
            "low": "221",
            "close": "221"
        },
        {
            "time": "02.11.2020 20:01",
            "open": "221",
            "high": "221.33",
            "low": "220.99",
            "close": "221.12"
        },
        {
            "time": "02.11.2020 20:04",
            "open": "221.12",
            "high": "221.12",
            "low": "221.07",
            "close": "221.07"
        },
        {
            "time": "02.11.2020 20:06",
            "open": "221.07",
            "high": "221.15",
            "low": "221.07",
            "close": "220.92"
        },
        {
            "time": "02.11.2020 20:08",
            "open": "220.92",
            "high": "220.92",
            "low": "220.92",
            "close": "220.8"
        },
        {
            "time": "02.11.2020 20:09",
            "open": "220.8",
            "high": "220.8",
            "low": "220.8",
            "close": "221.79"
        },
        {
            "time": "02.11.2020 20:17",
            "open": "221.79",
            "high": "221.79",
            "low": "221.79",
            "close": "221.57"
        },
        {
            "time": "02.11.2020 20:20",
            "open": "221.57",
            "high": "221.57",
            "low": "221.57",
            "close": "221.57"
        },
        {
            "time": "02.11.2020 20:21",
            "open": "221.57",
            "high": "221.85",
            "low": "221.57",
            "close": "221.82"
        },
        {
            "time": "02.11.2020 20:22",
            "open": "221.82",
            "high": "221.82",
            "low": "221.82",
            "close": "221.56"
        },
        {
            "time": "02.11.2020 20:24",
            "open": "221.56",
            "high": "221.56",
            "low": "221.56",
            "close": "221.65"
        },
        {
            "time": "02.11.2020 20:27",
            "open": "221.65",
            "high": "221.65",
            "low": "221.65",
            "close": "221.91"
        },
        {
            "time": "02.11.2020 20:28",
            "open": "221.91",
            "high": "221.91",
            "low": "221.91",
            "close": "221.6"
        },
        {
            "time": "02.11.2020 20:33",
            "open": "221.6",
            "high": "221.71",
            "low": "221.59",
            "close": "221.79"
        },
        {
            "time": "02.11.2020 20:34",
            "open": "221.79",
            "high": "221.81",
            "low": "221.79",
            "close": "221.9"
        },
        {
            "time": "02.11.2020 20:35",
            "open": "221.9",
            "high": "221.9",
            "low": "221.64",
            "close": "221.6"
        },
        {
            "time": "02.11.2020 20:40",
            "open": "221.6",
            "high": "221.62",
            "low": "221.6",
            "close": "222.07"
        },
        {
            "time": "02.11.2020 20:41",
            "open": "222.07",
            "high": "222.07",
            "low": "222.07",
            "close": "222.09"
        },
        {
            "time": "02.11.2020 20:43",
            "open": "222.09",
            "high": "222.09",
            "low": "222.09",
            "close": "222.12"
        },
        {
            "time": "02.11.2020 20:44",
            "open": "222.12",
            "high": "222.19",
            "low": "222.12",
            "close": "222.19"
        },
        {
            "time": "02.11.2020 20:49",
            "open": "222.19",
            "high": "222.19",
            "low": "222.19",
            "close": "222.09"
        },
        {
            "time": "02.11.2020 20:52",
            "open": "222.09",
            "high": "222.09",
            "low": "222.09",
            "close": "222.44"
        },
        {
            "time": "02.11.2020 20:56",
            "open": "222.44",
            "high": "222.58",
            "low": "222.44",
            "close": "222.48"
        },
        {
            "time": "02.11.2020 20:58",
            "open": "222.48",
            "high": "222.48",
            "low": "222.48",
            "close": "222.34"
        },
        {
            "time": "02.11.2020 20:59",
            "open": "222.34",
            "high": "222.34",
            "low": "222.34",
            "close": "222.11"
        },
        {
            "time": "02.11.2020 21:05",
            "open": "222.11",
            "high": "222.11",
            "low": "222.11",
            "close": "222.27"
        },
        {
            "time": "02.11.2020 21:09",
            "open": "222.27",
            "high": "222.38",
            "low": "222.06",
            "close": "222.29"
        },
        {
            "time": "02.11.2020 21:13",
            "open": "222.29",
            "high": "222.34",
            "low": "222.09",
            "close": "222.1"
        },
        {
            "time": "02.11.2020 21:14",
            "open": "222.1",
            "high": "222.1",
            "low": "222.08",
            "close": "222.04"
        },
        {
            "time": "02.11.2020 21:15",
            "open": "222.04",
            "high": "222.25",
            "low": "222.02",
            "close": "222.19"
        },
        {
            "time": "02.11.2020 21:17",
            "open": "222.19",
            "high": "222.2",
            "low": "222.19",
            "close": "222.18"
        },
        {
            "time": "02.11.2020 21:18",
            "open": "222.18",
            "high": "222.18",
            "low": "222.18",
            "close": "222.05"
        },
        {
            "time": "02.11.2020 21:20",
            "open": "222.05",
            "high": "222.05",
            "low": "222.02",
            "close": "222.11"
        },
        {
            "time": "02.11.2020 21:21",
            "open": "222.11",
            "high": "222.12",
            "low": "222.11",
            "close": "222.15"
        },
        {
            "time": "02.11.2020 21:25",
            "open": "222.15",
            "high": "222.22",
            "low": "222.15",
            "close": "222.29"
        },
        {
            "time": "02.11.2020 21:27",
            "open": "222.29",
            "high": "222.29",
            "low": "222.29",
            "close": "222.4"
        },
        {
            "time": "02.11.2020 21:40",
            "open": "222.4",
            "high": "222.4",
            "low": "222.4",
            "close": "222.36"
        },
        {
            "time": "02.11.2020 21:41",
            "open": "222.36",
            "high": "222.43",
            "low": "222.36",
            "close": "222.14"
        },
        {
            "time": "02.11.2020 21:48",
            "open": "222.14",
            "high": "222.21",
            "low": "222.14",
            "close": "222.47"
        },
        {
            "time": "02.11.2020 21:50",
            "open": "222.47",
            "high": "222.51",
            "low": "222.47",
            "close": "222.27"
        },
        {
            "time": "02.11.2020 21:52",
            "open": "222.27",
            "high": "222.27",
            "low": "222.27",
            "close": "222.31"
        },
        {
            "time": "02.11.2020 21:54",
            "open": "222.31",
            "high": "222.31",
            "low": "222.21",
            "close": "222.55"
        },
        {
            "time": "02.11.2020 21:55",
            "open": "222.55",
            "high": "222.56",
            "low": "222.55",
            "close": "222.51"
        },
        {
            "time": "02.11.2020 21:56",
            "open": "222.51",
            "high": "222.52",
            "low": "222.46",
            "close": "222.4"
        },
        {
            "time": "02.11.2020 21:57",
            "open": "222.4",
            "high": "222.4",
            "low": "222.4",
            "close": "222.64"
        },
        {
            "time": "02.11.2020 22:01",
            "open": "222.64",
            "high": "222.64",
            "low": "222.64",
            "close": "222.4"
        },
        {
            "time": "02.11.2020 22:02",
            "open": "222.4",
            "high": "222.4",
            "low": "222.24",
            "close": "222.14"
        },
        {
            "time": "02.11.2020 22:03",
            "open": "222.14",
            "high": "222.14",
            "low": "222.14",
            "close": "221.85"
        },
        {
            "time": "02.11.2020 22:09",
            "open": "221.85",
            "high": "221.85",
            "low": "221.85",
            "close": "221.69"
        },
        {
            "time": "02.11.2020 22:10",
            "open": "221.69",
            "high": "221.69",
            "low": "221.68",
            "close": "221.97"
        },
        {
            "time": "02.11.2020 22:15",
            "open": "221.97",
            "high": "221.97",
            "low": "221.89",
            "close": "221.82"
        },
        {
            "time": "02.11.2020 22:23",
            "open": "221.82",
            "high": "221.82",
            "low": "221.81",
            "close": "222"
        },
        {
            "time": "02.11.2020 22:25",
            "open": "222",
            "high": "222",
            "low": "222",
            "close": "221.8"
        },
        {
            "time": "02.11.2020 22:29",
            "open": "221.8",
            "high": "221.8",
            "low": "221.79",
            "close": "221.59"
        },
        {
            "time": "02.11.2020 22:33",
            "open": "221.59",
            "high": "221.59",
            "low": "221.59",
            "close": "221.79"
        },
        {
            "time": "02.11.2020 22:38",
            "open": "221.79",
            "high": "221.79",
            "low": "221.79",
            "close": "221.8"
        },
        {
            "time": "02.11.2020 22:44",
            "open": "221.8",
            "high": "221.81",
            "low": "221.8",
            "close": "221.74"
        },
        {
            "time": "02.11.2020 22:48",
            "open": "221.74",
            "high": "221.74",
            "low": "221.74",
            "close": "222.12"
        },
        {
            "time": "02.11.2020 22:50",
            "open": "222.12",
            "high": "222.12",
            "low": "222.12",
            "close": "222"
        },
        {
            "time": "02.11.2020 22:54",
            "open": "222",
            "high": "222",
            "low": "222",
            "close": "221.72"
        },
        {
            "time": "02.11.2020 22:56",
            "open": "221.72",
            "high": "221.72",
            "low": "221.72",
            "close": "221.6"
        },
        {
            "time": "02.11.2020 22:57",
            "open": "221.6",
            "high": "221.6",
            "low": "221.6",
            "close": "221.81"
        },
        {
            "time": "02.11.2020 23:01",
            "open": "221.81",
            "high": "221.88",
            "low": "221.81",
            "close": "221.94"
        },
        {
            "time": "02.11.2020 23:03",
            "open": "221.94",
            "high": "221.94",
            "low": "221.94",
            "close": "221.66"
        },
        {
            "time": "02.11.2020 23:07",
            "open": "221.66",
            "high": "221.66",
            "low": "221.61",
            "close": "221.79"
        },
        {
            "time": "02.11.2020 23:10",
            "open": "221.79",
            "high": "221.79",
            "low": "221.79",
            "close": "221.73"
        },
        {
            "time": "02.11.2020 23:16",
            "open": "221.73",
            "high": "221.73",
            "low": "221.73",
            "close": "221.48"
        },
        {
            "time": "02.11.2020 23:17",
            "open": "221.48",
            "high": "221.48",
            "low": "221.48",
            "close": "221.71"
        },
        {
            "time": "02.11.2020 23:19",
            "open": "221.71",
            "high": "221.71",
            "low": "221.71",
            "close": "221.37"
        },
        {
            "time": "02.11.2020 23:21",
            "open": "221.37",
            "high": "221.37",
            "low": "221.37",
            "close": "221.83"
        },
        {
            "time": "02.11.2020 23:26",
            "open": "221.83",
            "high": "221.83",
            "low": "221.83",
            "close": "221.59"
        },
        {
            "time": "02.11.2020 23:27",
            "open": "221.59",
            "high": "221.59",
            "low": "221.59",
            "close": "221.76"
        },
        {
            "time": "02.11.2020 23:28",
            "open": "221.76",
            "high": "221.76",
            "low": "221.76",
            "close": "221.97"
        },
        {
            "time": "02.11.2020 23:33",
            "open": "221.97",
            "high": "221.97",
            "low": "221.97",
            "close": "221.96"
        },
        {
            "time": "02.11.2020 23:50",
            "open": "221.96",
            "high": "221.96",
            "low": "221.9",
            "close": "221.36"
        },
        {
            "time": "02.11.2020 23:51",
            "open": "221.36",
            "high": "221.4",
            "low": "221.36",
            "close": "221.21"
        }
    ]
}