{
    "BCH-EUR": [
        {
            "time": "29.10.2020 07:15",
            "open": "228.4",
            "high": "228.4",
            "low": "228.4",
            "close": "228.59"
        },
        {
            "time": "29.10.2020 07:23",
            "open": "228.59",
            "high": "228.59",
            "low": "228.59",
            "close": "228.99"
        },
        {
            "time": "29.10.2020 07:28",
            "open": "228.99",
            "high": "229",
            "low": "228.99",
            "close": "229.08"
        },
        {
            "time": "29.10.2020 07:31",
            "open": "229.08",
            "high": "229.08",
            "low": "229.08",
            "close": "228.99"
        },
        {
            "time": "29.10.2020 07:32",
            "open": "228.99",
            "high": "228.99",
            "low": "228.67",
            "close": "228.41"
        },
        {
            "time": "29.10.2020 07:36",
            "open": "228.41",
            "high": "228.41",
            "low": "228.41",
            "close": "228.41"
        },
        {
            "time": "29.10.2020 07:39",
            "open": "228.41",
            "high": "228.41",
            "low": "228.34",
            "close": "228.61"
        },
        {
            "time": "29.10.2020 07:44",
            "open": "228.61",
            "high": "228.81",
            "low": "228.61",
            "close": "229.14"
        },
        {
            "time": "29.10.2020 07:46",
            "open": "229.14",
            "high": "229.14",
            "low": "229.14",
            "close": "229.03"
        },
        {
            "time": "29.10.2020 07:47",
            "open": "229.03",
            "high": "229.17",
            "low": "229.03",
            "close": "228.99"
        },
        {
            "time": "29.10.2020 07:49",
            "open": "228.99",
            "high": "228.99",
            "low": "228.98",
            "close": "229.09"
        },
        {
            "time": "29.10.2020 07:50",
            "open": "229.09",
            "high": "229.09",
            "low": "229.09",
            "close": "229.09"
        },
        {
            "time": "29.10.2020 07:51",
            "open": "229.09",
            "high": "229.19",
            "low": "229.09",
            "close": "229.49"
        },
        {
            "time": "29.10.2020 07:52",
            "open": "229.49",
            "high": "229.49",
            "low": "229.41",
            "close": "229.41"
        },
        {
            "time": "29.10.2020 07:53",
            "open": "229.41",
            "high": "229.78",
            "low": "229.35",
            "close": "229.24"
        },
        {
            "time": "29.10.2020 07:55",
            "open": "229.24",
            "high": "229.25",
            "low": "229",
            "close": "229.02"
        },
        {
            "time": "29.10.2020 07:57",
            "open": "229.02",
            "high": "229.02",
            "low": "229.02",
            "close": "229.43"
        },
        {
            "time": "29.10.2020 08:03",
            "open": "229.43",
            "high": "229.43",
            "low": "229.43",
            "close": "229.05"
        },
        {
            "time": "29.10.2020 08:05",
            "open": "229.05",
            "high": "229.05",
            "low": "229.05",
            "close": "229.18"
        },
        {
            "time": "29.10.2020 08:06",
            "open": "229.18",
            "high": "229.18",
            "low": "229.18",
            "close": "229.28"
        },
        {
            "time": "29.10.2020 08:07",
            "open": "229.28",
            "high": "229.31",
            "low": "229.15",
            "close": "229.24"
        },
        {
            "time": "29.10.2020 08:10",
            "open": "229.24",
            "high": "229.24",
            "low": "229.01",
            "close": "229.05"
        },
        {
            "time": "29.10.2020 08:11",
            "open": "229.05",
            "high": "229.27",
            "low": "229.05",
            "close": "229.27"
        },
        {
            "time": "29.10.2020 08:15",
            "open": "229.27",
            "high": "229.27",
            "low": "229.27",
            "close": "229.01"
        },
        {
            "time": "29.10.2020 08:16",
            "open": "229.01",
            "high": "229.01",
            "low": "229.01",
            "close": "228.72"
        },
        {
            "time": "29.10.2020 08:17",
            "open": "228.72",
            "high": "228.72",
            "low": "228.72",
            "close": "228.92"
        },
        {
            "time": "29.10.2020 08:18",
            "open": "228.92",
            "high": "228.92",
            "low": "228.92",
            "close": "228.74"
        },
        {
            "time": "29.10.2020 08:19",
            "open": "228.74",
            "high": "228.74",
            "low": "228.74",
            "close": "228.74"
        },
        {
            "time": "29.10.2020 08:22",
            "open": "228.74",
            "high": "228.75",
            "low": "228.74",
            "close": "228.41"
        },
        {
            "time": "29.10.2020 08:23",
            "open": "228.41",
            "high": "228.41",
            "low": "228.41",
            "close": "228.24"
        },
        {
            "time": "29.10.2020 08:28",
            "open": "228.24",
            "high": "228.24",
            "low": "228.24",
            "close": "228.2"
        },
        {
            "time": "29.10.2020 08:29",
            "open": "228.2",
            "high": "228.2",
            "low": "228.2",
            "close": "228.1"
        },
        {
            "time": "29.10.2020 08:30",
            "open": "228.1",
            "high": "228.1",
            "low": "228.1",
            "close": "228.37"
        },
        {
            "time": "29.10.2020 08:39",
            "open": "228.37",
            "high": "228.38",
            "low": "228.37",
            "close": "228.21"
        },
        {
            "time": "29.10.2020 08:40",
            "open": "228.21",
            "high": "228.21",
            "low": "228.21",
            "close": "228.37"
        },
        {
            "time": "29.10.2020 08:41",
            "open": "228.37",
            "high": "228.37",
            "low": "228.37",
            "close": "228.33"
        },
        {
            "time": "29.10.2020 08:42",
            "open": "228.33",
            "high": "228.33",
            "low": "228.33",
            "close": "228.1"
        },
        {
            "time": "29.10.2020 08:43",
            "open": "228.1",
            "high": "228.1",
            "low": "228.04",
            "close": "227.77"
        },
        {
            "time": "29.10.2020 08:44",
            "open": "227.77",
            "high": "227.98",
            "low": "227.77",
            "close": "227.84"
        },
        {
            "time": "29.10.2020 08:45",
            "open": "227.84",
            "high": "227.93",
            "low": "227.67",
            "close": "228"
        },
        {
            "time": "29.10.2020 08:46",
            "open": "228",
            "high": "228",
            "low": "228",
            "close": "228"
        },
        {
            "time": "29.10.2020 08:47",
            "open": "228",
            "high": "228",
            "low": "227.84",
            "close": "227.71"
        },
        {
            "time": "29.10.2020 08:49",
            "open": "227.71",
            "high": "227.71",
            "low": "227.71",
            "close": "227.81"
        },
        {
            "time": "29.10.2020 08:50",
            "open": "227.81",
            "high": "227.81",
            "low": "227.81",
            "close": "227.83"
        },
        {
            "time": "29.10.2020 08:52",
            "open": "227.83",
            "high": "227.83",
            "low": "227.83",
            "close": "228.1"
        },
        {
            "time": "29.10.2020 08:53",
            "open": "228.1",
            "high": "228.1",
            "low": "228.1",
            "close": "227.83"
        },
        {
            "time": "29.10.2020 08:54",
            "open": "227.83",
            "high": "228.06",
            "low": "227.8",
            "close": "227.92"
        },
        {
            "time": "29.10.2020 08:55",
            "open": "227.92",
            "high": "227.93",
            "low": "227.52",
            "close": "227.48"
        },
        {
            "time": "29.10.2020 08:56",
            "open": "227.48",
            "high": "227.48",
            "low": "227.48",
            "close": "227.57"
        },
        {
            "time": "29.10.2020 08:59",
            "open": "227.57",
            "high": "227.57",
            "low": "227.33",
            "close": "227.6"
        },
        {
            "time": "29.10.2020 09:00",
            "open": "227.6",
            "high": "227.61",
            "low": "227.6",
            "close": "227.71"
        },
        {
            "time": "29.10.2020 09:02",
            "open": "227.71",
            "high": "227.85",
            "low": "227.71",
            "close": "227.69"
        },
        {
            "time": "29.10.2020 09:08",
            "open": "227.69",
            "high": "227.69",
            "low": "227.39",
            "close": "226.69"
        },
        {
            "time": "29.10.2020 09:11",
            "open": "226.69",
            "high": "226.71",
            "low": "226.56",
            "close": "226.81"
        },
        {
            "time": "29.10.2020 09:12",
            "open": "226.81",
            "high": "226.81",
            "low": "226.81",
            "close": "227.18"
        },
        {
            "time": "29.10.2020 09:14",
            "open": "227.18",
            "high": "227.18",
            "low": "227.18",
            "close": "226.78"
        },
        {
            "time": "29.10.2020 09:15",
            "open": "226.78",
            "high": "226.78",
            "low": "226.77",
            "close": "227.28"
        },
        {
            "time": "29.10.2020 09:16",
            "open": "227.28",
            "high": "227.28",
            "low": "227.27",
            "close": "227.41"
        },
        {
            "time": "29.10.2020 09:18",
            "open": "227.41",
            "high": "227.41",
            "low": "227.33",
            "close": "227.42"
        },
        {
            "time": "29.10.2020 09:20",
            "open": "227.42",
            "high": "227.71",
            "low": "227.42",
            "close": "227.74"
        },
        {
            "time": "29.10.2020 09:21",
            "open": "227.74",
            "high": "227.79",
            "low": "227.74",
            "close": "227.87"
        },
        {
            "time": "29.10.2020 09:22",
            "open": "227.87",
            "high": "227.92",
            "low": "227.87",
            "close": "227.85"
        },
        {
            "time": "29.10.2020 09:23",
            "open": "227.85",
            "high": "227.85",
            "low": "227.85",
            "close": "227.9"
        },
        {
            "time": "29.10.2020 09:26",
            "open": "227.9",
            "high": "227.9",
            "low": "227.89",
            "close": "227.96"
        },
        {
            "time": "29.10.2020 09:28",
            "open": "227.96",
            "high": "227.96",
            "low": "227.96",
            "close": "227.66"
        },
        {
            "time": "29.10.2020 09:30",
            "open": "227.66",
            "high": "227.79",
            "low": "227.66",
            "close": "228.03"
        },
        {
            "time": "29.10.2020 09:33",
            "open": "228.03",
            "high": "228.03",
            "low": "228.03",
            "close": "227.85"
        },
        {
            "time": "29.10.2020 09:35",
            "open": "227.85",
            "high": "227.85",
            "low": "227.85",
            "close": "227.74"
        },
        {
            "time": "29.10.2020 09:37",
            "open": "227.74",
            "high": "227.74",
            "low": "227.74",
            "close": "227.87"
        },
        {
            "time": "29.10.2020 09:39",
            "open": "227.87",
            "high": "227.87",
            "low": "227.87",
            "close": "227.78"
        },
        {
            "time": "29.10.2020 09:40",
            "open": "227.78",
            "high": "227.78",
            "low": "227.78",
            "close": "227.05"
        },
        {
            "time": "29.10.2020 09:56",
            "open": "227.05",
            "high": "227.05",
            "low": "227.05",
            "close": "226.94"
        },
        {
            "time": "29.10.2020 09:57",
            "open": "226.94",
            "high": "226.94",
            "low": "226.91",
            "close": "227.07"
        },
        {
            "time": "29.10.2020 09:58",
            "open": "227.07",
            "high": "227.07",
            "low": "227.07",
            "close": "226.94"
        },
        {
            "time": "29.10.2020 09:59",
            "open": "226.84",
            "high": "226.84",
            "low": "226.84",
            "close": "226.71"
        },
        {
            "time": "29.10.2020 10:04",
            "open": "226.71",
            "high": "226.71",
            "low": "226.7",
            "close": "226.84"
        },
        {
            "time": "29.10.2020 10:05",
            "open": "226.84",
            "high": "226.84",
            "low": "226.84",
            "close": "227.65"
        },
        {
            "time": "29.10.2020 10:07",
            "open": "227.65",
            "high": "227.65",
            "low": "227.65",
            "close": "227.66"
        },
        {
            "time": "29.10.2020 10:09",
            "open": "227.66",
            "high": "227.66",
            "low": "227.66",
            "close": "228.04"
        },
        {
            "time": "29.10.2020 10:11",
            "open": "228.04",
            "high": "228.04",
            "low": "228.04",
            "close": "227.97"
        },
        {
            "time": "29.10.2020 10:12",
            "open": "227.97",
            "high": "227.97",
            "low": "227.97",
            "close": "228.05"
        },
        {
            "time": "29.10.2020 10:13",
            "open": "228.05",
            "high": "228.05",
            "low": "228.05",
            "close": "227.97"
        },
        {
            "time": "29.10.2020 10:14",
            "open": "227.97",
            "high": "227.97",
            "low": "227.96",
            "close": "228.07"
        },
        {
            "time": "29.10.2020 10:15",
            "open": "228.07",
            "high": "228.07",
            "low": "228.07",
            "close": "228.07"
        },
        {
            "time": "29.10.2020 10:16",
            "open": "228.07",
            "high": "228.12",
            "low": "228.07",
            "close": "227.65"
        },
        {
            "time": "29.10.2020 10:18",
            "open": "227.65",
            "high": "227.65",
            "low": "227.65",
            "close": "227.69"
        },
        {
            "time": "29.10.2020 10:19",
            "open": "227.69",
            "high": "227.69",
            "low": "227.64",
            "close": "227.92"
        },
        {
            "time": "29.10.2020 10:24",
            "open": "227.92",
            "high": "227.92",
            "low": "227.92",
            "close": "227.34"
        },
        {
            "time": "29.10.2020 10:28",
            "open": "227.34",
            "high": "227.34",
            "low": "227.16",
            "close": "227.52"
        },
        {
            "time": "29.10.2020 10:29",
            "open": "227.52",
            "high": "227.53",
            "low": "227.49",
            "close": "227.58"
        },
        {
            "time": "29.10.2020 10:30",
            "open": "227.58",
            "high": "227.8",
            "low": "227.58",
            "close": "227.77"
        },
        {
            "time": "29.10.2020 10:31",
            "open": "227.77",
            "high": "227.77",
            "low": "227.77",
            "close": "227.45"
        },
        {
            "time": "29.10.2020 10:33",
            "open": "227.45",
            "high": "227.61",
            "low": "227.45",
            "close": "227.35"
        },
        {
            "time": "29.10.2020 10:36",
            "open": "227.35",
            "high": "227.37",
            "low": "227.35",
            "close": "227.39"
        },
        {
            "time": "29.10.2020 10:37",
            "open": "227.39",
            "high": "227.42",
            "low": "227.39",
            "close": "227.11"
        },
        {
            "time": "29.10.2020 10:38",
            "open": "227.11",
            "high": "227.11",
            "low": "227.11",
            "close": "227.27"
        },
        {
            "time": "29.10.2020 10:39",
            "open": "227.27",
            "high": "227.29",
            "low": "227.11",
            "close": "227.22"
        },
        {
            "time": "29.10.2020 10:40",
            "open": "227.22",
            "high": "227.22",
            "low": "227.22",
            "close": "227.17"
        },
        {
            "time": "29.10.2020 10:41",
            "open": "227.17",
            "high": "227.36",
            "low": "227.17",
            "close": "227.03"
        },
        {
            "time": "29.10.2020 10:43",
            "open": "227.03",
            "high": "227.03",
            "low": "227.03",
            "close": "227.45"
        },
        {
            "time": "29.10.2020 10:46",
            "open": "227.45",
            "high": "227.45",
            "low": "227.45",
            "close": "227.81"
        },
        {
            "time": "29.10.2020 10:47",
            "open": "227.81",
            "high": "227.81",
            "low": "227.73",
            "close": "227.95"
        },
        {
            "time": "29.10.2020 10:49",
            "open": "227.95",
            "high": "227.95",
            "low": "227.95",
            "close": "227.76"
        },
        {
            "time": "29.10.2020 10:51",
            "open": "227.76",
            "high": "227.76",
            "low": "227.76",
            "close": "227.81"
        },
        {
            "time": "29.10.2020 10:53",
            "open": "227.81",
            "high": "227.81",
            "low": "227.64",
            "close": "227.64"
        },
        {
            "time": "29.10.2020 10:54",
            "open": "227.64",
            "high": "227.83",
            "low": "227.64",
            "close": "227.83"
        },
        {
            "time": "29.10.2020 10:55",
            "open": "227.83",
            "high": "227.83",
            "low": "227.83",
            "close": "228.06"
        },
        {
            "time": "29.10.2020 10:56",
            "open": "228.06",
            "high": "228.06",
            "low": "228.06",
            "close": "228.17"
        },
        {
            "time": "29.10.2020 10:58",
            "open": "228.17",
            "high": "228.17",
            "low": "228.17",
            "close": "228.02"
        },
        {
            "time": "29.10.2020 10:59",
            "open": "228.02",
            "high": "228.02",
            "low": "228.02",
            "close": "227.69"
        },
        {
            "time": "29.10.2020 11:02",
            "open": "227.69",
            "high": "227.69",
            "low": "227.69",
            "close": "227.37"
        },
        {
            "time": "29.10.2020 11:05",
            "open": "227.37",
            "high": "227.37",
            "low": "227.37",
            "close": "227.97"
        },
        {
            "time": "29.10.2020 11:09",
            "open": "227.97",
            "high": "227.97",
            "low": "227.97",
            "close": "227.6"
        },
        {
            "time": "29.10.2020 11:10",
            "open": "227.6",
            "high": "227.6",
            "low": "227.6",
            "close": "227.61"
        },
        {
            "time": "29.10.2020 11:12",
            "open": "227.61",
            "high": "227.61",
            "low": "227.37",
            "close": "227.75"
        },
        {
            "time": "29.10.2020 11:14",
            "open": "227.75",
            "high": "227.75",
            "low": "227.75",
            "close": "227.71"
        },
        {
            "time": "29.10.2020 11:16",
            "open": "227.71",
            "high": "227.74",
            "low": "227.71",
            "close": "227.68"
        },
        {
            "time": "29.10.2020 11:17",
            "open": "227.68",
            "high": "227.68",
            "low": "227.68",
            "close": "227.26"
        },
        {
            "time": "29.10.2020 11:19",
            "open": "227.26",
            "high": "227.26",
            "low": "227.26",
            "close": "227.18"
        },
        {
            "time": "29.10.2020 11:22",
            "open": "227.18",
            "high": "227.18",
            "low": "227.18",
            "close": "227.3"
        },
        {
            "time": "29.10.2020 11:24",
            "open": "227.3",
            "high": "227.3",
            "low": "227.3",
            "close": "226.86"
        },
        {
            "time": "29.10.2020 11:26",
            "open": "226.86",
            "high": "226.86",
            "low": "226.86",
            "close": "226.86"
        },
        {
            "time": "29.10.2020 11:27",
            "open": "226.86",
            "high": "226.86",
            "low": "226.86",
            "close": "226.5"
        },
        {
            "time": "29.10.2020 11:29",
            "open": "226.5",
            "high": "226.5",
            "low": "225.43",
            "close": "225.4"
        },
        {
            "time": "29.10.2020 11:30",
            "open": "225.4",
            "high": "225.4",
            "low": "224.67",
            "close": "224.85"
        },
        {
            "time": "29.10.2020 11:31",
            "open": "224.85",
            "high": "224.85",
            "low": "224.85",
            "close": "224.97"
        },
        {
            "time": "29.10.2020 11:32",
            "open": "224.97",
            "high": "225.42",
            "low": "224.97",
            "close": "225.33"
        },
        {
            "time": "29.10.2020 11:33",
            "open": "225.33",
            "high": "225.33",
            "low": "225.1",
            "close": "225.03"
        },
        {
            "time": "29.10.2020 11:34",
            "open": "225.03",
            "high": "225.18",
            "low": "224.98",
            "close": "224.8"
        },
        {
            "time": "29.10.2020 11:35",
            "open": "224.8",
            "high": "224.85",
            "low": "223.23",
            "close": "224.12"
        },
        {
            "time": "29.10.2020 11:36",
            "open": "224.12",
            "high": "224.45",
            "low": "224.12",
            "close": "224.73"
        },
        {
            "time": "29.10.2020 11:37",
            "open": "224.73",
            "high": "224.73",
            "low": "224.73",
            "close": "224.45"
        },
        {
            "time": "29.10.2020 11:39",
            "open": "224.45",
            "high": "224.46",
            "low": "224.45",
            "close": "224.6"
        },
        {
            "time": "29.10.2020 11:40",
            "open": "224.6",
            "high": "224.6",
            "low": "224.19",
            "close": "224.56"
        },
        {
            "time": "29.10.2020 11:42",
            "open": "224.56",
            "high": "224.56",
            "low": "224.56",
            "close": "224.38"
        },
        {
            "time": "29.10.2020 11:43",
            "open": "224.38",
            "high": "224.38",
            "low": "224.38",
            "close": "224.53"
        },
        {
            "time": "29.10.2020 11:44",
            "open": "224.53",
            "high": "224.53",
            "low": "224.53",
            "close": "224.08"
        },
        {
            "time": "29.10.2020 11:45",
            "open": "224.08",
            "high": "224.08",
            "low": "224.08",
            "close": "223.62"
        },
        {
            "time": "29.10.2020 11:46",
            "open": "223.62",
            "high": "223.62",
            "low": "223.62",
            "close": "223.93"
        },
        {
            "time": "29.10.2020 11:47",
            "open": "223.93",
            "high": "223.94",
            "low": "223.93",
            "close": "224.23"
        },
        {
            "time": "29.10.2020 11:48",
            "open": "224.23",
            "high": "224.23",
            "low": "224.22",
            "close": "224.6"
        },
        {
            "time": "29.10.2020 11:53",
            "open": "224.6",
            "high": "224.81",
            "low": "224.6",
            "close": "224.98"
        },
        {
            "time": "29.10.2020 11:54",
            "open": "224.98",
            "high": "224.98",
            "low": "224.98",
            "close": "224.82"
        },
        {
            "time": "29.10.2020 11:58",
            "open": "224.82",
            "high": "224.82",
            "low": "224.82",
            "close": "224.85"
        },
        {
            "time": "29.10.2020 11:59",
            "open": "224.85",
            "high": "224.92",
            "low": "224.85",
            "close": "225.09"
        },
        {
            "time": "29.10.2020 12:01",
            "open": "225.09",
            "high": "225.09",
            "low": "224.82",
            "close": "224.49"
        },
        {
            "time": "29.10.2020 12:02",
            "open": "224.49",
            "high": "224.49",
            "low": "224.49",
            "close": "224.44"
        },
        {
            "time": "29.10.2020 12:03",
            "open": "224.44",
            "high": "224.44",
            "low": "224.44",
            "close": "224.56"
        },
        {
            "time": "29.10.2020 12:04",
            "open": "224.56",
            "high": "224.59",
            "low": "224.4",
            "close": "224.58"
        },
        {
            "time": "29.10.2020 12:05",
            "open": "224.58",
            "high": "224.58",
            "low": "224.55",
            "close": "225.4"
        },
        {
            "time": "29.10.2020 12:13",
            "open": "225.4",
            "high": "225.4",
            "low": "225.38",
            "close": "225.3"
        },
        {
            "time": "29.10.2020 12:16",
            "open": "225.3",
            "high": "225.3",
            "low": "225.29",
            "close": "225.13"
        },
        {
            "time": "29.10.2020 12:19",
            "open": "225.13",
            "high": "225.13",
            "low": "225.13",
            "close": "225.36"
        },
        {
            "time": "29.10.2020 12:20",
            "open": "225.36",
            "high": "225.36",
            "low": "225.36",
            "close": "225.28"
        },
        {
            "time": "29.10.2020 12:24",
            "open": "225.28",
            "high": "225.28",
            "low": "225.28",
            "close": "224.88"
        },
        {
            "time": "29.10.2020 12:26",
            "open": "224.88",
            "high": "224.88",
            "low": "224.88",
            "close": "224.85"
        },
        {
            "time": "29.10.2020 12:27",
            "open": "224.85",
            "high": "224.85",
            "low": "224.85",
            "close": "224.89"
        },
        {
            "time": "29.10.2020 12:28",
            "open": "224.89",
            "high": "224.89",
            "low": "224.89",
            "close": "224.96"
        },
        {
            "time": "29.10.2020 12:31",
            "open": "224.96",
            "high": "224.96",
            "low": "224.96",
            "close": "225.4"
        },
        {
            "time": "29.10.2020 12:33",
            "open": "225.4",
            "high": "225.4",
            "low": "225.4",
            "close": "225.6"
        },
        {
            "time": "29.10.2020 12:34",
            "open": "225.6",
            "high": "225.6",
            "low": "225.6",
            "close": "225.07"
        },
        {
            "time": "29.10.2020 12:40",
            "open": "225.07",
            "high": "225.1",
            "low": "225.07",
            "close": "225.09"
        },
        {
            "time": "29.10.2020 12:41",
            "open": "225.09",
            "high": "225.09",
            "low": "225.09",
            "close": "224.82"
        },
        {
            "time": "29.10.2020 12:42",
            "open": "224.82",
            "high": "224.82",
            "low": "224.82",
            "close": "224.9"
        },
        {
            "time": "29.10.2020 12:44",
            "open": "224.9",
            "high": "224.9",
            "low": "224.9",
            "close": "224.84"
        },
        {
            "time": "29.10.2020 12:46",
            "open": "224.84",
            "high": "224.84",
            "low": "224.84",
            "close": "225.1"
        },
        {
            "time": "29.10.2020 12:47",
            "open": "225.1",
            "high": "225.2",
            "low": "225.03",
            "close": "225.06"
        },
        {
            "time": "29.10.2020 12:53",
            "open": "225.06",
            "high": "225.06",
            "low": "224.91",
            "close": "225.05"
        },
        {
            "time": "29.10.2020 12:57",
            "open": "225.05",
            "high": "225.05",
            "low": "225.05",
            "close": "224.89"
        },
        {
            "time": "29.10.2020 12:59",
            "open": "224.89",
            "high": "224.89",
            "low": "224.66",
            "close": "224.45"
        },
        {
            "time": "29.10.2020 13:00",
            "open": "224.45",
            "high": "224.69",
            "low": "224.27",
            "close": "224.39"
        },
        {
            "time": "29.10.2020 13:05",
            "open": "224.39",
            "high": "224.39",
            "low": "224.32",
            "close": "224.34"
        },
        {
            "time": "29.10.2020 13:06",
            "open": "224.34",
            "high": "224.34",
            "low": "223.56",
            "close": "223.9"
        },
        {
            "time": "29.10.2020 13:07",
            "open": "223.9",
            "high": "223.92",
            "low": "223.9",
            "close": "224.13"
        },
        {
            "time": "29.10.2020 13:08",
            "open": "224.13",
            "high": "224.13",
            "low": "224.13",
            "close": "224.32"
        },
        {
            "time": "29.10.2020 13:09",
            "open": "224.32",
            "high": "224.32",
            "low": "224.32",
            "close": "224.02"
        },
        {
            "time": "29.10.2020 13:11",
            "open": "224.02",
            "high": "224.02",
            "low": "224.02",
            "close": "223.48"
        },
        {
            "time": "29.10.2020 13:14",
            "open": "223.48",
            "high": "223.7",
            "low": "223.48",
            "close": "223.95"
        },
        {
            "time": "29.10.2020 13:15",
            "open": "223.95",
            "high": "224.1",
            "low": "223.95",
            "close": "223.9"
        },
        {
            "time": "29.10.2020 13:19",
            "open": "223.9",
            "high": "223.9",
            "low": "223.89",
            "close": "223.48"
        },
        {
            "time": "29.10.2020 13:21",
            "open": "223.48",
            "high": "223.48",
            "low": "222.72",
            "close": "222.76"
        },
        {
            "time": "29.10.2020 13:22",
            "open": "222.76",
            "high": "223.18",
            "low": "222.76",
            "close": "223.14"
        },
        {
            "time": "29.10.2020 13:23",
            "open": "223.14",
            "high": "223.35",
            "low": "223.14",
            "close": "223.43"
        },
        {
            "time": "29.10.2020 13:24",
            "open": "223.43",
            "high": "223.43",
            "low": "223.43",
            "close": "223.39"
        },
        {
            "time": "29.10.2020 13:25",
            "open": "223.39",
            "high": "223.39",
            "low": "222.96",
            "close": "222.98"
        },
        {
            "time": "29.10.2020 13:26",
            "open": "222.98",
            "high": "222.98",
            "low": "222.86",
            "close": "222.86"
        },
        {
            "time": "29.10.2020 13:27",
            "open": "222.86",
            "high": "222.86",
            "low": "222.5",
            "close": "222.5"
        },
        {
            "time": "29.10.2020 13:28",
            "open": "222.5",
            "high": "222.5",
            "low": "220.8",
            "close": "221.2"
        },
        {
            "time": "29.10.2020 13:29",
            "open": "221.2",
            "high": "221.45",
            "low": "221.2",
            "close": "221.43"
        },
        {
            "time": "29.10.2020 13:30",
            "open": "221.43",
            "high": "221.6",
            "low": "221.43",
            "close": "221.79"
        },
        {
            "time": "29.10.2020 13:31",
            "open": "221.79",
            "high": "221.79",
            "low": "221.73",
            "close": "222.27"
        },
        {
            "time": "29.10.2020 13:32",
            "open": "222.27",
            "high": "222.58",
            "low": "222.27",
            "close": "222.88"
        },
        {
            "time": "29.10.2020 13:33",
            "open": "222.88",
            "high": "222.88",
            "low": "222.74",
            "close": "222.91"
        },
        {
            "time": "29.10.2020 13:34",
            "open": "222.91",
            "high": "222.91",
            "low": "222.91",
            "close": "223.39"
        },
        {
            "time": "29.10.2020 13:35",
            "open": "223.39",
            "high": "223.39",
            "low": "223.39",
            "close": "223.65"
        },
        {
            "time": "29.10.2020 13:36",
            "open": "223.65",
            "high": "223.65",
            "low": "223.65",
            "close": "223.65"
        },
        {
            "time": "29.10.2020 13:38",
            "open": "223.65",
            "high": "223.65",
            "low": "223.53",
            "close": "224.04"
        },
        {
            "time": "29.10.2020 13:43",
            "open": "224.04",
            "high": "224.04",
            "low": "223.87",
            "close": "223.76"
        },
        {
            "time": "29.10.2020 13:45",
            "open": "223.76",
            "high": "223.76",
            "low": "223.76",
            "close": "223.51"
        },
        {
            "time": "29.10.2020 13:46",
            "open": "223.51",
            "high": "223.52",
            "low": "223.21",
            "close": "223.61"
        },
        {
            "time": "29.10.2020 13:49",
            "open": "223.61",
            "high": "223.61",
            "low": "223.61",
            "close": "223.56"
        },
        {
            "time": "29.10.2020 13:50",
            "open": "223.56",
            "high": "223.56",
            "low": "223.55",
            "close": "224.59"
        },
        {
            "time": "29.10.2020 13:52",
            "open": "224.59",
            "high": "224.59",
            "low": "224.59",
            "close": "224.59"
        },
        {
            "time": "29.10.2020 13:54",
            "open": "224.59",
            "high": "224.59",
            "low": "224.59",
            "close": "224.76"
        },
        {
            "time": "29.10.2020 13:57",
            "open": "224.76",
            "high": "224.76",
            "low": "224.76",
            "close": "224.59"
        },
        {
            "time": "29.10.2020 13:58",
            "open": "224.59",
            "high": "224.59",
            "low": "224.59",
            "close": "224.6"
        },
        {
            "time": "29.10.2020 14:00",
            "open": "224.6",
            "high": "224.6",
            "low": "224.59",
            "close": "224.59"
        },
        {
            "time": "29.10.2020 14:01",
            "open": "224.59",
            "high": "224.59",
            "low": "224.39",
            "close": "225.06"
        },
        {
            "time": "29.10.2020 14:04",
            "open": "225.06",
            "high": "225.06",
            "low": "225.06",
            "close": "224.89"
        },
        {
            "time": "29.10.2020 14:06",
            "open": "224.89",
            "high": "224.9",
            "low": "224.89",
            "close": "224.92"
        },
        {
            "time": "29.10.2020 14:18",
            "open": "224.92",
            "high": "224.92",
            "low": "224.92",
            "close": "224.63"
        },
        {
            "time": "29.10.2020 14:22",
            "open": "224.63",
            "high": "224.87",
            "low": "224.63",
            "close": "225.07"
        },
        {
            "time": "29.10.2020 14:25",
            "open": "224.82",
            "high": "224.82",
            "low": "224.82",
            "close": "224.99"
        },
        {
            "time": "29.10.2020 14:27",
            "open": "224.99",
            "high": "224.99",
            "low": "224.99",
            "close": "226.05"
        },
        {
            "time": "29.10.2020 14:33",
            "open": "226.05",
            "high": "226.21",
            "low": "225.95",
            "close": "226.21"
        },
        {
            "time": "29.10.2020 14:34",
            "open": "226.21",
            "high": "226.32",
            "low": "225.94",
            "close": "225.97"
        },
        {
            "time": "29.10.2020 14:35",
            "open": "225.97",
            "high": "225.97",
            "low": "225.97",
            "close": "225.94"
        },
        {
            "time": "29.10.2020 14:36",
            "open": "225.94",
            "high": "225.94",
            "low": "225.94",
            "close": "225.76"
        },
        {
            "time": "29.10.2020 14:39",
            "open": "225.76",
            "high": "225.76",
            "low": "225.76",
            "close": "225.57"
        },
        {
            "time": "29.10.2020 14:44",
            "open": "225.57",
            "high": "225.57",
            "low": "225.57",
            "close": "225.72"
        },
        {
            "time": "29.10.2020 14:45",
            "open": "225.72",
            "high": "225.72",
            "low": "225.72",
            "close": "226.01"
        },
        {
            "time": "29.10.2020 14:47",
            "open": "226.01",
            "high": "226.01",
            "low": "226.01",
            "close": "226.21"
        },
        {
            "time": "29.10.2020 14:48",
            "open": "226.21",
            "high": "226.26",
            "low": "226.21",
            "close": "226.12"
        },
        {
            "time": "29.10.2020 14:51",
            "open": "226.12",
            "high": "226.28",
            "low": "226.05",
            "close": "226.42"
        },
        {
            "time": "29.10.2020 14:52",
            "open": "226.42",
            "high": "226.42",
            "low": "226.31",
            "close": "226.45"
        },
        {
            "time": "29.10.2020 14:55",
            "open": "226.45",
            "high": "226.45",
            "low": "226.45",
            "close": "226.84"
        },
        {
            "time": "29.10.2020 14:56",
            "open": "226.84",
            "high": "227.24",
            "low": "226.84",
            "close": "227.05"
        },
        {
            "time": "29.10.2020 14:57",
            "open": "227.05",
            "high": "227.05",
            "low": "227.02",
            "close": "227.24"
        },
        {
            "time": "29.10.2020 14:58",
            "open": "227.24",
            "high": "227.39",
            "low": "227.24",
            "close": "227.45"
        },
        {
            "time": "29.10.2020 14:59",
            "open": "227.45",
            "high": "227.45",
            "low": "227.45",
            "close": "227.45"
        },
        {
            "time": "29.10.2020 15:00",
            "open": "227.45",
            "high": "227.45",
            "low": "227.45",
            "close": "227.69"
        },
        {
            "time": "29.10.2020 15:04",
            "open": "227.69",
            "high": "227.69",
            "low": "227.69",
            "close": "227.74"
        },
        {
            "time": "29.10.2020 15:06",
            "open": "227.74",
            "high": "227.74",
            "low": "227.74",
            "close": "228.13"
        },
        {
            "time": "29.10.2020 15:07",
            "open": "228.13",
            "high": "228.57",
            "low": "228.13",
            "close": "228.07"
        },
        {
            "time": "29.10.2020 15:08",
            "open": "228.07",
            "high": "228.07",
            "low": "228.07",
            "close": "228.03"
        },
        {
            "time": "29.10.2020 15:09",
            "open": "228.03",
            "high": "228.06",
            "low": "228.03",
            "close": "227.96"
        },
        {
            "time": "29.10.2020 15:13",
            "open": "227.96",
            "high": "227.97",
            "low": "227.96",
            "close": "228.01"
        },
        {
            "time": "29.10.2020 15:14",
            "open": "228.01",
            "high": "228.01",
            "low": "228.01",
            "close": "228.32"
        },
        {
            "time": "29.10.2020 15:17",
            "open": "228.32",
            "high": "228.32",
            "low": "228.32",
            "close": "228.78"
        },
        {
            "time": "29.10.2020 15:18",
            "open": "228.78",
            "high": "228.78",
            "low": "228.78",
            "close": "228.59"
        },
        {
            "time": "29.10.2020 15:19",
            "open": "228.59",
            "high": "228.8",
            "low": "228.59",
            "close": "228.94"
        },
        {
            "time": "29.10.2020 15:20",
            "open": "228.94",
            "high": "228.94",
            "low": "228.94",
            "close": "229"
        },
        {
            "time": "29.10.2020 15:21",
            "open": "229",
            "high": "229.26",
            "low": "228.83",
            "close": "229"
        },
        {
            "time": "29.10.2020 15:22",
            "open": "229",
            "high": "229",
            "low": "228.81",
            "close": "228.89"
        },
        {
            "time": "29.10.2020 15:23",
            "open": "228.89",
            "high": "228.89",
            "low": "228.89",
            "close": "228.91"
        },
        {
            "time": "29.10.2020 15:25",
            "open": "228.91",
            "high": "228.91",
            "low": "228.76",
            "close": "228.97"
        },
        {
            "time": "29.10.2020 15:26",
            "open": "228.97",
            "high": "228.97",
            "low": "228.97",
            "close": "229"
        },
        {
            "time": "29.10.2020 15:27",
            "open": "229",
            "high": "229",
            "low": "229",
            "close": "229"
        },
        {
            "time": "29.10.2020 15:29",
            "open": "229",
            "high": "229.03",
            "low": "229",
            "close": "229.16"
        },
        {
            "time": "29.10.2020 15:31",
            "open": "229.16",
            "high": "229.16",
            "low": "229.16",
            "close": "228.81"
        },
        {
            "time": "29.10.2020 15:32",
            "open": "228.81",
            "high": "229.25",
            "low": "228.81",
            "close": "229.37"
        },
        {
            "time": "29.10.2020 15:33",
            "open": "229.37",
            "high": "229.37",
            "low": "229.33",
            "close": "229.23"
        },
        {
            "time": "29.10.2020 15:34",
            "open": "229.23",
            "high": "229.23",
            "low": "229.23",
            "close": "228.98"
        },
        {
            "time": "29.10.2020 15:35",
            "open": "228.98",
            "high": "228.98",
            "low": "228.98",
            "close": "228.65"
        },
        {
            "time": "29.10.2020 15:37",
            "open": "228.65",
            "high": "228.65",
            "low": "228.65",
            "close": "228.55"
        },
        {
            "time": "29.10.2020 15:38",
            "open": "228.55",
            "high": "228.55",
            "low": "228.55",
            "close": "228.76"
        },
        {
            "time": "29.10.2020 15:39",
            "open": "228.76",
            "high": "228.87",
            "low": "228.76",
            "close": "228.98"
        },
        {
            "time": "29.10.2020 15:40",
            "open": "228.98",
            "high": "228.99",
            "low": "228.86",
            "close": "228.71"
        },
        {
            "time": "29.10.2020 15:41",
            "open": "228.71",
            "high": "229.23",
            "low": "228.71",
            "close": "229.24"
        },
        {
            "time": "29.10.2020 15:42",
            "open": "229.24",
            "high": "229.25",
            "low": "229.04",
            "close": "228.96"
        },
        {
            "time": "29.10.2020 15:45",
            "open": "228.96",
            "high": "228.96",
            "low": "228.96",
            "close": "229.03"
        },
        {
            "time": "29.10.2020 15:47",
            "open": "229.03",
            "high": "229.03",
            "low": "229.03",
            "close": "229.2"
        },
        {
            "time": "29.10.2020 15:49",
            "open": "229.2",
            "high": "229.2",
            "low": "229.15",
            "close": "229.01"
        },
        {
            "time": "29.10.2020 15:50",
            "open": "229.01",
            "high": "229.23",
            "low": "229",
            "close": "228.3"
        },
        {
            "time": "29.10.2020 15:51",
            "open": "228.3",
            "high": "228.3",
            "low": "228.3",
            "close": "228.05"
        },
        {
            "time": "29.10.2020 15:53",
            "open": "228.05",
            "high": "228.05",
            "low": "228.05",
            "close": "228.04"
        },
        {
            "time": "29.10.2020 15:55",
            "open": "228.04",
            "high": "228.07",
            "low": "228.04",
            "close": "228.66"
        },
        {
            "time": "29.10.2020 15:58",
            "open": "228.66",
            "high": "228.66",
            "low": "228.66",
            "close": "228.4"
        },
        {
            "time": "29.10.2020 15:59",
            "open": "228.4",
            "high": "228.4",
            "low": "228.4",
            "close": "228.41"
        },
        {
            "time": "29.10.2020 16:00",
            "open": "228.41",
            "high": "228.5",
            "low": "228.33",
            "close": "228.41"
        },
        {
            "time": "29.10.2020 16:03",
            "open": "228.41",
            "high": "228.41",
            "low": "228.41",
            "close": "228.95"
        },
        {
            "time": "29.10.2020 16:07",
            "open": "228.95",
            "high": "228.96",
            "low": "228.95",
            "close": "228.95"
        },
        {
            "time": "29.10.2020 16:09",
            "open": "228.95",
            "high": "228.95",
            "low": "228.95",
            "close": "229.28"
        },
        {
            "time": "29.10.2020 16:10",
            "open": "229.28",
            "high": "229.28",
            "low": "229.2",
            "close": "229.01"
        },
        {
            "time": "29.10.2020 16:11",
            "open": "229.01",
            "high": "229.01",
            "low": "228.68",
            "close": "228.78"
        },
        {
            "time": "29.10.2020 16:12",
            "open": "228.78",
            "high": "228.78",
            "low": "228.78",
            "close": "228.75"
        },
        {
            "time": "29.10.2020 16:13",
            "open": "228.75",
            "high": "228.75",
            "low": "228.56",
            "close": "229.1"
        },
        {
            "time": "29.10.2020 16:16",
            "open": "229.1",
            "high": "229.3",
            "low": "229.1",
            "close": "229.23"
        },
        {
            "time": "29.10.2020 16:19",
            "open": "229.23",
            "high": "229.23",
            "low": "229.23",
            "close": "229.23"
        },
        {
            "time": "29.10.2020 16:20",
            "open": "229.23",
            "high": "229.34",
            "low": "229.23",
            "close": "229.96"
        },
        {
            "time": "29.10.2020 16:22",
            "open": "229.96",
            "high": "229.96",
            "low": "229.96",
            "close": "230"
        },
        {
            "time": "29.10.2020 16:23",
            "open": "230",
            "high": "230",
            "low": "229.97",
            "close": "229.86"
        },
        {
            "time": "29.10.2020 16:24",
            "open": "229.86",
            "high": "229.87",
            "low": "229.69",
            "close": "229.86"
        },
        {
            "time": "29.10.2020 16:25",
            "open": "229.86",
            "high": "229.86",
            "low": "229.65",
            "close": "229.8"
        },
        {
            "time": "29.10.2020 16:27",
            "open": "229.8",
            "high": "229.8",
            "low": "229.8",
            "close": "229.72"
        },
        {
            "time": "29.10.2020 16:30",
            "open": "229.72",
            "high": "229.72",
            "low": "229.72",
            "close": "229.72"
        },
        {
            "time": "29.10.2020 16:31",
            "open": "229.72",
            "high": "229.72",
            "low": "229.72",
            "close": "229.11"
        },
        {
            "time": "29.10.2020 16:36",
            "open": "229.11",
            "high": "229.11",
            "low": "228.95",
            "close": "229.34"
        },
        {
            "time": "29.10.2020 16:37",
            "open": "229.34",
            "high": "229.34",
            "low": "229.27",
            "close": "229.09"
        },
        {
            "time": "29.10.2020 16:38",
            "open": "229.09",
            "high": "229.09",
            "low": "229.09",
            "close": "228.85"
        },
        {
            "time": "29.10.2020 16:39",
            "open": "228.85",
            "high": "229.48",
            "low": "228.85",
            "close": "229.32"
        },
        {
            "time": "29.10.2020 16:40",
            "open": "229.32",
            "high": "229.32",
            "low": "229.3",
            "close": "229.21"
        },
        {
            "time": "29.10.2020 16:41",
            "open": "229.21",
            "high": "229.21",
            "low": "229.21",
            "close": "228.73"
        },
        {
            "time": "29.10.2020 16:44",
            "open": "228.73",
            "high": "228.73",
            "low": "228.73",
            "close": "228.63"
        },
        {
            "time": "29.10.2020 16:47",
            "open": "228.63",
            "high": "228.63",
            "low": "228.63",
            "close": "228.34"
        },
        {
            "time": "29.10.2020 16:50",
            "open": "228.34",
            "high": "228.34",
            "low": "228.34",
            "close": "228.96"
        },
        {
            "time": "29.10.2020 16:52",
            "open": "228.96",
            "high": "228.96",
            "low": "228.96",
            "close": "228.77"
        },
        {
            "time": "29.10.2020 16:54",
            "open": "228.77",
            "high": "228.77",
            "low": "228.57",
            "close": "228.58"
        },
        {
            "time": "29.10.2020 16:55",
            "open": "228.58",
            "high": "228.59",
            "low": "228.58",
            "close": "228.96"
        },
        {
            "time": "29.10.2020 16:57",
            "open": "228.96",
            "high": "228.96",
            "low": "228.96",
            "close": "228.36"
        },
        {
            "time": "29.10.2020 16:58",
            "open": "228.36",
            "high": "228.42",
            "low": "228.24",
            "close": "228.56"
        },
        {
            "time": "29.10.2020 16:59",
            "open": "228.56",
            "high": "228.56",
            "low": "228.56",
            "close": "228.49"
        },
        {
            "time": "29.10.2020 17:00",
            "open": "228.49",
            "high": "228.63",
            "low": "228.48",
            "close": "228"
        },
        {
            "time": "29.10.2020 17:05",
            "open": "228",
            "high": "228",
            "low": "228",
            "close": "228.02"
        },
        {
            "time": "29.10.2020 17:06",
            "open": "228.02",
            "high": "228.02",
            "low": "228.02",
            "close": "228.49"
        },
        {
            "time": "29.10.2020 17:08",
            "open": "228.49",
            "high": "228.49",
            "low": "228.49",
            "close": "228.03"
        },
        {
            "time": "29.10.2020 17:09",
            "open": "228.03",
            "high": "228.03",
            "low": "227.96",
            "close": "228.05"
        },
        {
            "time": "29.10.2020 17:10",
            "open": "228.05",
            "high": "228.05",
            "low": "228.05",
            "close": "229.08"
        },
        {
            "time": "29.10.2020 17:16",
            "open": "229.08",
            "high": "229.49",
            "low": "229.08",
            "close": "229.51"
        },
        {
            "time": "29.10.2020 17:19",
            "open": "229.51",
            "high": "229.51",
            "low": "229.51",
            "close": "229.53"
        },
        {
            "time": "29.10.2020 17:20",
            "open": "229.53",
            "high": "229.53",
            "low": "229.53",
            "close": "229.98"
        },
        {
            "time": "29.10.2020 17:22",
            "open": "229.98",
            "high": "229.98",
            "low": "229.98",
            "close": "229.69"
        },
        {
            "time": "29.10.2020 17:24",
            "open": "229.69",
            "high": "229.69",
            "low": "229.69",
            "close": "229.56"
        },
        {
            "time": "29.10.2020 17:25",
            "open": "229.56",
            "high": "229.56",
            "low": "229.56",
            "close": "229.4"
        },
        {
            "time": "29.10.2020 17:26",
            "open": "229.4",
            "high": "229.5",
            "low": "229.4",
            "close": "229.4"
        },
        {
            "time": "29.10.2020 17:27",
            "open": "229.4",
            "high": "229.4",
            "low": "229.4",
            "close": "229.8"
        },
        {
            "time": "29.10.2020 17:31",
            "open": "229.8",
            "high": "229.8",
            "low": "229.8",
            "close": "229.78"
        },
        {
            "time": "29.10.2020 17:33",
            "open": "229.78",
            "high": "229.78",
            "low": "229.78",
            "close": "229.75"
        },
        {
            "time": "29.10.2020 17:35",
            "open": "229.75",
            "high": "229.75",
            "low": "229.75",
            "close": "230"
        },
        {
            "time": "29.10.2020 17:37",
            "open": "230",
            "high": "230",
            "low": "230",
            "close": "229.71"
        },
        {
            "time": "29.10.2020 17:40",
            "open": "229.71",
            "high": "229.71",
            "low": "229.71",
            "close": "229.89"
        },
        {
            "time": "29.10.2020 17:42",
            "open": "229.89",
            "high": "229.96",
            "low": "229.74",
            "close": "229.89"
        },
        {
            "time": "29.10.2020 17:44",
            "open": "229.89",
            "high": "230.05",
            "low": "229.89",
            "close": "230.02"
        },
        {
            "time": "29.10.2020 17:45",
            "open": "230.02",
            "high": "230.13",
            "low": "230.02",
            "close": "230.17"
        },
        {
            "time": "29.10.2020 17:46",
            "open": "230.17",
            "high": "230.17",
            "low": "230.17",
            "close": "230.28"
        },
        {
            "time": "29.10.2020 17:47",
            "open": "230.28",
            "high": "230.36",
            "low": "230.28",
            "close": "230.22"
        },
        {
            "time": "29.10.2020 17:48",
            "open": "230.22",
            "high": "230.22",
            "low": "230.22",
            "close": "230.37"
        },
        {
            "time": "29.10.2020 17:49",
            "open": "230.37",
            "high": "230.37",
            "low": "230.37",
            "close": "230.31"
        },
        {
            "time": "29.10.2020 17:50",
            "open": "230.31",
            "high": "230.31",
            "low": "230.31",
            "close": "230.06"
        },
        {
            "time": "29.10.2020 17:52",
            "open": "230.06",
            "high": "230.09",
            "low": "229.78",
            "close": "229.65"
        },
        {
            "time": "29.10.2020 17:54",
            "open": "229.65",
            "high": "229.65",
            "low": "229.63",
            "close": "230.54"
        },
        {
            "time": "29.10.2020 17:58",
            "open": "230.54",
            "high": "230.54",
            "low": "230.53",
            "close": "230.33"
        },
        {
            "time": "29.10.2020 17:59",
            "open": "230.33",
            "high": "230.33",
            "low": "230.11",
            "close": "230.01"
        },
        {
            "time": "29.10.2020 18:00",
            "open": "230.01",
            "high": "230.01",
            "low": "229.91",
            "close": "230.15"
        },
        {
            "time": "29.10.2020 18:02",
            "open": "230.15",
            "high": "230.22",
            "low": "230.15",
            "close": "230.17"
        },
        {
            "time": "29.10.2020 18:03",
            "open": "230.17",
            "high": "230.17",
            "low": "230.17",
            "close": "229.64"
        },
        {
            "time": "29.10.2020 18:05",
            "open": "229.64",
            "high": "229.64",
            "low": "229.64",
            "close": "229.37"
        },
        {
            "time": "29.10.2020 18:08",
            "open": "229.37",
            "high": "229.37",
            "low": "229.37",
            "close": "229.35"
        },
        {
            "time": "29.10.2020 18:09",
            "open": "229.35",
            "high": "229.35",
            "low": "229.35",
            "close": "229.22"
        },
        {
            "time": "29.10.2020 18:10",
            "open": "229.22",
            "high": "229.22",
            "low": "229.21",
            "close": "229.58"
        },
        {
            "time": "29.10.2020 18:15",
            "open": "229.58",
            "high": "229.58",
            "low": "229.58",
            "close": "229.1"
        },
        {
            "time": "29.10.2020 18:17",
            "open": "229.1",
            "high": "229.1",
            "low": "229.1",
            "close": "229.32"
        },
        {
            "time": "29.10.2020 18:19",
            "open": "229.32",
            "high": "229.32",
            "low": "229.32",
            "close": "229.8"
        },
        {
            "time": "29.10.2020 18:26",
            "open": "229.8",
            "high": "229.8",
            "low": "229.8",
            "close": "229.83"
        },
        {
            "time": "29.10.2020 18:28",
            "open": "229.83",
            "high": "229.84",
            "low": "229.62",
            "close": "229.53"
        },
        {
            "time": "29.10.2020 18:31",
            "open": "229.53",
            "high": "229.53",
            "low": "229.53",
            "close": "229.94"
        },
        {
            "time": "29.10.2020 18:34",
            "open": "229.94",
            "high": "229.95",
            "low": "229.94",
            "close": "230.33"
        },
        {
            "time": "29.10.2020 18:42",
            "open": "230.33",
            "high": "230.33",
            "low": "230.33",
            "close": "229.94"
        },
        {
            "time": "29.10.2020 18:44",
            "open": "229.94",
            "high": "229.98",
            "low": "229.94",
            "close": "229.84"
        },
        {
            "time": "29.10.2020 18:47",
            "open": "229.84",
            "high": "229.92",
            "low": "229.84",
            "close": "229.92"
        },
        {
            "time": "29.10.2020 18:48",
            "open": "229.92",
            "high": "229.92",
            "low": "229.8",
            "close": "230.24"
        },
        {
            "time": "29.10.2020 18:49",
            "open": "230.24",
            "high": "230.24",
            "low": "230.24",
            "close": "230.19"
        },
        {
            "time": "29.10.2020 18:50",
            "open": "230.19",
            "high": "230.2",
            "low": "230.18",
            "close": "230.1"
        },
        {
            "time": "29.10.2020 18:51",
            "open": "230.1",
            "high": "230.1",
            "low": "230.1",
            "close": "230.03"
        },
        {
            "time": "29.10.2020 18:52",
            "open": "230.03",
            "high": "230.04",
            "low": "230.03",
            "close": "230.15"
        },
        {
            "time": "29.10.2020 18:53",
            "open": "230.15",
            "high": "230.15",
            "low": "230.15",
            "close": "230.33"
        },
        {
            "time": "29.10.2020 18:54",
            "open": "230.33",
            "high": "230.33",
            "low": "230.26",
            "close": "230.12"
        },
        {
            "time": "29.10.2020 18:58",
            "open": "230.12",
            "high": "230.12",
            "low": "230.06",
            "close": "230.18"
        },
        {
            "time": "29.10.2020 19:03",
            "open": "230.18",
            "high": "230.18",
            "low": "230.18",
            "close": "230.5"
        },
        {
            "time": "29.10.2020 19:04",
            "open": "230.5",
            "high": "230.5",
            "low": "230.5",
            "close": "230.79"
        },
        {
            "time": "29.10.2020 19:05",
            "open": "230.79",
            "high": "230.79",
            "low": "230.79",
            "close": "230.81"
        },
        {
            "time": "29.10.2020 19:06",
            "open": "230.81",
            "high": "230.81",
            "low": "230.81",
            "close": "230.93"
        },
        {
            "time": "29.10.2020 19:08",
            "open": "230.93",
            "high": "230.93",
            "low": "230.93",
            "close": "231.12"
        },
        {
            "time": "29.10.2020 19:09",
            "open": "231.12",
            "high": "231.12",
            "low": "231.12",
            "close": "230.61"
        },
        {
            "time": "29.10.2020 19:10",
            "open": "230.61",
            "high": "230.65",
            "low": "230.61",
            "close": "230.63"
        },
        {
            "time": "29.10.2020 19:12",
            "open": "230.63",
            "high": "231.21",
            "low": "230.63",
            "close": "231.13"
        },
        {
            "time": "29.10.2020 19:13",
            "open": "231.13",
            "high": "231.17",
            "low": "231.13",
            "close": "231.06"
        },
        {
            "time": "29.10.2020 19:14",
            "open": "231.06",
            "high": "231.06",
            "low": "231.06",
            "close": "230.91"
        },
        {
            "time": "29.10.2020 19:15",
            "open": "230.91",
            "high": "230.91",
            "low": "230.91",
            "close": "230.84"
        },
        {
            "time": "29.10.2020 19:19",
            "open": "230.84",
            "high": "230.92",
            "low": "230.67",
            "close": "230.81"
        },
        {
            "time": "29.10.2020 19:22",
            "open": "230.81",
            "high": "230.81",
            "low": "230.81",
            "close": "230.7"
        },
        {
            "time": "29.10.2020 19:23",
            "open": "230.7",
            "high": "230.7",
            "low": "230.7",
            "close": "230.86"
        },
        {
            "time": "29.10.2020 19:26",
            "open": "230.86",
            "high": "230.94",
            "low": "230.84",
            "close": "231.27"
        },
        {
            "time": "29.10.2020 19:30",
            "open": "231.27",
            "high": "231.27",
            "low": "231.1",
            "close": "230.75"
        },
        {
            "time": "29.10.2020 19:32",
            "open": "230.75",
            "high": "230.75",
            "low": "230.75",
            "close": "230.98"
        },
        {
            "time": "29.10.2020 19:34",
            "open": "230.98",
            "high": "230.99",
            "low": "230.98",
            "close": "231.17"
        },
        {
            "time": "29.10.2020 19:35",
            "open": "231.17",
            "high": "231.19",
            "low": "231.17",
            "close": "230.77"
        },
        {
            "time": "29.10.2020 19:37",
            "open": "230.77",
            "high": "230.77",
            "low": "230.77",
            "close": "230.43"
        },
        {
            "time": "29.10.2020 19:40",
            "open": "230.43",
            "high": "230.57",
            "low": "230.42",
            "close": "230.96"
        },
        {
            "time": "29.10.2020 19:42",
            "open": "230.96",
            "high": "230.96",
            "low": "230.94",
            "close": "230.8"
        },
        {
            "time": "29.10.2020 19:43",
            "open": "230.8",
            "high": "230.8",
            "low": "230.8",
            "close": "230.66"
        },
        {
            "time": "29.10.2020 19:50",
            "open": "230.66",
            "high": "230.66",
            "low": "230.66",
            "close": "230.71"
        },
        {
            "time": "29.10.2020 19:51",
            "open": "230.71",
            "high": "230.71",
            "low": "230.71",
            "close": "230.96"
        },
        {
            "time": "29.10.2020 19:55",
            "open": "230.96",
            "high": "230.96",
            "low": "230.96",
            "close": "230.93"
        },
        {
            "time": "29.10.2020 19:59",
            "open": "230.93",
            "high": "230.97",
            "low": "230.93",
            "close": "230.77"
        },
        {
            "time": "29.10.2020 20:00",
            "open": "230.77",
            "high": "230.77",
            "low": "230.61",
            "close": "230.84"
        },
        {
            "time": "29.10.2020 20:02",
            "open": "230.84",
            "high": "230.84",
            "low": "230.84",
            "close": "230.48"
        },
        {
            "time": "29.10.2020 20:09",
            "open": "230.48",
            "high": "230.48",
            "low": "230.48",
            "close": "230.57"
        },
        {
            "time": "29.10.2020 20:10",
            "open": "230.57",
            "high": "230.57",
            "low": "230.57",
            "close": "230.82"
        },
        {
            "time": "29.10.2020 20:11",
            "open": "230.82",
            "high": "231.3",
            "low": "230.82",
            "close": "230.87"
        },
        {
            "time": "29.10.2020 20:13",
            "open": "230.87",
            "high": "230.9",
            "low": "230.7",
            "close": "230.54"
        },
        {
            "time": "29.10.2020 20:15",
            "open": "230.54",
            "high": "230.54",
            "low": "230.54",
            "close": "230.58"
        },
        {
            "time": "29.10.2020 20:16",
            "open": "230.58",
            "high": "230.58",
            "low": "230.54",
            "close": "230.93"
        },
        {
            "time": "29.10.2020 20:19",
            "open": "230.93",
            "high": "230.93",
            "low": "230.93",
            "close": "230.78"
        },
        {
            "time": "29.10.2020 20:22",
            "open": "230.78",
            "high": "230.78",
            "low": "230.78",
            "close": "230.85"
        },
        {
            "time": "29.10.2020 20:25",
            "open": "230.85",
            "high": "230.85",
            "low": "230.85",
            "close": "231.12"
        },
        {
            "time": "29.10.2020 20:30",
            "open": "231.12",
            "high": "231.16",
            "low": "231.12",
            "close": "231"
        },
        {
            "time": "29.10.2020 20:35",
            "open": "231",
            "high": "231.08",
            "low": "231",
            "close": "230.74"
        },
        {
            "time": "29.10.2020 20:42",
            "open": "230.74",
            "high": "230.74",
            "low": "230.74",
            "close": "230.73"
        },
        {
            "time": "29.10.2020 20:49",
            "open": "230.73",
            "high": "230.73",
            "low": "230.73",
            "close": "230.47"
        },
        {
            "time": "29.10.2020 20:50",
            "open": "230.47",
            "high": "230.47",
            "low": "230.47",
            "close": "230.67"
        },
        {
            "time": "29.10.2020 20:52",
            "open": "230.67",
            "high": "230.67",
            "low": "230.67",
            "close": "230.47"
        },
        {
            "time": "29.10.2020 20:56",
            "open": "230.47",
            "high": "230.5",
            "low": "230.47",
            "close": "230.15"
        },
        {
            "time": "29.10.2020 20:59",
            "open": "230.15",
            "high": "230.15",
            "low": "230.15",
            "close": "229.96"
        },
        {
            "time": "29.10.2020 21:01",
            "open": "229.96",
            "high": "229.98",
            "low": "229.96",
            "close": "230.68"
        },
        {
            "time": "29.10.2020 21:02",
            "open": "230.68",
            "high": "230.68",
            "low": "230.68",
            "close": "230.43"
        },
        {
            "time": "29.10.2020 21:03",
            "open": "230.43",
            "high": "230.43",
            "low": "230.43",
            "close": "230.64"
        },
        {
            "time": "29.10.2020 21:04",
            "open": "230.64",
            "high": "230.65",
            "low": "230.64",
            "close": "230.35"
        },
        {
            "time": "29.10.2020 21:05",
            "open": "230.35",
            "high": "230.35",
            "low": "230.35",
            "close": "230.66"
        },
        {
            "time": "29.10.2020 21:06",
            "open": "230.66",
            "high": "230.66",
            "low": "230.66",
            "close": "230.81"
        },
        {
            "time": "29.10.2020 21:07",
            "open": "230.81",
            "high": "230.83",
            "low": "230.81",
            "close": "230.61"
        },
        {
            "time": "29.10.2020 21:08",
            "open": "230.61",
            "high": "230.61",
            "low": "230.61",
            "close": "230.35"
        },
        {
            "time": "29.10.2020 21:10",
            "open": "230.35",
            "high": "230.35",
            "low": "230.35",
            "close": "230.29"
        },
        {
            "time": "29.10.2020 21:11",
            "open": "230.29",
            "high": "230.29",
            "low": "230.14",
            "close": "230.13"
        },
        {
            "time": "29.10.2020 21:12",
            "open": "230.13",
            "high": "230.13",
            "low": "230.13",
            "close": "230.76"
        },
        {
            "time": "29.10.2020 21:17",
            "open": "230.76",
            "high": "230.76",
            "low": "230.76",
            "close": "230.06"
        },
        {
            "time": "29.10.2020 21:33",
            "open": "230.06",
            "high": "230.06",
            "low": "230.06",
            "close": "230.34"
        },
        {
            "time": "29.10.2020 21:34",
            "open": "230.34",
            "high": "230.42",
            "low": "230.34",
            "close": "230.5"
        },
        {
            "time": "29.10.2020 21:40",
            "open": "230.5",
            "high": "230.5",
            "low": "230.5",
            "close": "230.06"
        },
        {
            "time": "29.10.2020 21:47",
            "open": "230.06",
            "high": "230.06",
            "low": "230.06",
            "close": "230.08"
        },
        {
            "time": "29.10.2020 21:49",
            "open": "230.08",
            "high": "230.08",
            "low": "230.08",
            "close": "230.26"
        },
        {
            "time": "29.10.2020 21:50",
            "open": "230.26",
            "high": "230.26",
            "low": "230.26",
            "close": "229.78"
        },
        {
            "time": "29.10.2020 21:53",
            "open": "229.78",
            "high": "230.42",
            "low": "229.78",
            "close": "230.4"
        },
        {
            "time": "29.10.2020 21:54",
            "open": "230.4",
            "high": "230.41",
            "low": "230.4",
            "close": "230.29"
        },
        {
            "time": "29.10.2020 21:57",
            "open": "230.29",
            "high": "230.29",
            "low": "230.26",
            "close": "230.38"
        },
        {
            "time": "29.10.2020 21:58",
            "open": "230.38",
            "high": "230.38",
            "low": "230.38",
            "close": "230.41"
        },
        {
            "time": "29.10.2020 22:08",
            "open": "230.44",
            "high": "230.44",
            "low": "230.44",
            "close": "230.36"
        },
        {
            "time": "29.10.2020 22:17",
            "open": "230.36",
            "high": "230.36",
            "low": "230.36",
            "close": "230.5"
        },
        {
            "time": "29.10.2020 22:18",
            "open": "230.5",
            "high": "230.5",
            "low": "230.27",
            "close": "230.47"
        },
        {
            "time": "29.10.2020 22:19",
            "open": "230.47",
            "high": "230.47",
            "low": "230.47",
            "close": "230.1"
        },
        {
            "time": "29.10.2020 22:25",
            "open": "230.1",
            "high": "230.1",
            "low": "230.1",
            "close": "229.95"
        },
        {
            "time": "29.10.2020 22:28",
            "open": "229.95",
            "high": "229.95",
            "low": "229.95",
            "close": "230.11"
        },
        {
            "time": "29.10.2020 22:32",
            "open": "230.11",
            "high": "230.11",
            "low": "230.11",
            "close": "229.9"
        },
        {
            "time": "29.10.2020 22:35",
            "open": "229.9",
            "high": "230.11",
            "low": "229.89",
            "close": "229.88"
        },
        {
            "time": "29.10.2020 22:36",
            "open": "229.88",
            "high": "229.88",
            "low": "229.87",
            "close": "229.78"
        },
        {
            "time": "29.10.2020 22:40",
            "open": "229.78",
            "high": "229.78",
            "low": "229.77",
            "close": "229.87"
        },
        {
            "time": "29.10.2020 22:47",
            "open": "229.87",
            "high": "229.87",
            "low": "229.87",
            "close": "229.62"
        },
        {
            "time": "29.10.2020 22:48",
            "open": "229.62",
            "high": "229.62",
            "low": "229.58",
            "close": "230.48"
        },
        {
            "time": "29.10.2020 23:01",
            "open": "230.48",
            "high": "230.48",
            "low": "230.48",
            "close": "229.73"
        },
        {
            "time": "29.10.2020 23:06",
            "open": "229.73",
            "high": "229.73",
            "low": "229.58",
            "close": "229.55"
        },
        {
            "time": "29.10.2020 23:08",
            "open": "229.55",
            "high": "229.55",
            "low": "229.53",
            "close": "229.48"
        },
        {
            "time": "29.10.2020 23:10",
            "open": "229.48",
            "high": "229.54",
            "low": "229.48",
            "close": "229.6"
        },
        {
            "time": "29.10.2020 23:14",
            "open": "229.6",
            "high": "229.6",
            "low": "229.6",
            "close": "229.44"
        },
        {
            "time": "29.10.2020 23:16",
            "open": "229.44",
            "high": "229.44",
            "low": "229.4",
            "close": "229.18"
        },
        {
            "time": "29.10.2020 23:18",
            "open": "229.18",
            "high": "229.18",
            "low": "229.18",
            "close": "229.18"
        },
        {
            "time": "29.10.2020 23:19",
            "open": "229.18",
            "high": "229.2",
            "low": "229.18",
            "close": "228.98"
        },
        {
            "time": "29.10.2020 23:22",
            "open": "228.98",
            "high": "228.98",
            "low": "228.91",
            "close": "229.18"
        },
        {
            "time": "29.10.2020 23:24",
            "open": "229.18",
            "high": "229.25",
            "low": "229.18",
            "close": "229.49"
        },
        {
            "time": "29.10.2020 23:26",
            "open": "229.49",
            "high": "229.49",
            "low": "229.49",
            "close": "228.9"
        },
        {
            "time": "29.10.2020 23:30",
            "open": "228.9",
            "high": "228.9",
            "low": "228.88",
            "close": "229.6"
        },
        {
            "time": "29.10.2020 23:33",
            "open": "229.6",
            "high": "229.6",
            "low": "229.6",
            "close": "229.66"
        },
        {
            "time": "29.10.2020 23:34",
            "open": "229.66",
            "high": "229.66",
            "low": "229.46",
            "close": "229.7"
        },
        {
            "time": "29.10.2020 23:35",
            "open": "229.7",
            "high": "229.7",
            "low": "229.7",
            "close": "229.96"
        },
        {
            "time": "29.10.2020 23:38",
            "open": "229.96",
            "high": "229.96",
            "low": "229.96",
            "close": "229.59"
        },
        {
            "time": "29.10.2020 23:39",
            "open": "229.59",
            "high": "229.59",
            "low": "229.58",
            "close": "228.95"
        },
        {
            "time": "29.10.2020 23:44",
            "open": "228.95",
            "high": "228.95",
            "low": "228.95",
            "close": "229.32"
        },
        {
            "time": "29.10.2020 23:46",
            "open": "229.32",
            "high": "229.32",
            "low": "229.3",
            "close": "229.34"
        },
        {
            "time": "29.10.2020 23:48",
            "open": "229.34",
            "high": "229.37",
            "low": "228.92",
            "close": "228.97"
        },
        {
            "time": "29.10.2020 23:49",
            "open": "228.97",
            "high": "228.97",
            "low": "228.97",
            "close": "228.92"
        },
        {
            "time": "29.10.2020 23:50",
            "open": "228.92",
            "high": "228.92",
            "low": "228.78",
            "close": "228.56"
        },
        {
            "time": "29.10.2020 23:51",
            "open": "228.56",
            "high": "228.56",
            "low": "228.4",
            "close": "228.45"
        },
        {
            "time": "29.10.2020 23:52",
            "open": "228.45",
            "high": "228.45",
            "low": "228.45",
            "close": "228.41"
        },
        {
            "time": "29.10.2020 23:54",
            "open": "228.41",
            "high": "228.41",
            "low": "228.41",
            "close": "228.37"
        },
        {
            "time": "29.10.2020 23:55",
            "open": "228.37",
            "high": "228.37",
            "low": "228.37",
            "close": "228.14"
        },
        {
            "time": "29.10.2020 23:57",
            "open": "228.14",
            "high": "228.14",
            "low": "228.14",
            "close": "228.09"
        }
    ]
}